v 262.000000 152.000000 5.997031
v 261.993896 152.000000 6.000000
v 262.000000 151.994232 6.000000
v 264.000000 151.855087 6.000000
v 264.000000 152.000000 5.926466
v 264.198608 152.000000 6.000000
v 262.000000 152.009369 6.000000
v 264.000000 152.216125 6.000000
v 0.000000 2.000000 7.761219
v 2.000000 1.940511 8.000000
v 2.000000 2.000000 7.985074
v 0.000000 1.277632 8.000000
v 4.000000 1.961628 8.000000
v 4.000000 2.000000 7.987411
v 6.000000 0.984964 8.000000
v 6.000000 2.000000 7.590260
v 8.000000 0.681344 8.000000
v 8.000000 2.000000 7.524613
v 10.000000 1.219324 8.000000
v 10.000000 2.000000 7.712699
v 12.000000 1.496619 8.000000
v 12.000000 2.000000 7.835021
v 14.000000 1.223083 8.000000
v 14.000000 2.000000 7.758649
v 15.992247 2.000000 8.000000
v 20.000000 2.000000 7.783276
v 18.305340 2.000000 8.000000
v 20.000000 1.324137 8.000000
v 22.000000 0.823020 8.000000
v 22.000000 2.000000 7.571720
v 24.000000 0.953813 8.000000
v 24.000000 2.000000 7.622654
v 26.000000 1.555345 8.000000
v 26.000000 2.000000 7.835900
v 27.997095 2.000000 8.000000
v 30.000000 2.000000 7.887143
v 28.004227 2.000000 8.000000
v 30.000000 1.600915 8.000000
v 32.000000 1.606014 8.000000
v 32.000000 2.000000 7.870183
v 33.020855 2.000000 8.000000
v 50.000000 2.000000 7.961689
v 49.628807 2.000000 8.000000
v 50.000000 1.828627 8.000000
v 52.000000 1.805614 8.000000
v 52.000000 2.000000 7.954099
v 52.281769 2.000000 8.000000
v 60.000000 2.000000 7.967248
v 59.768738 2.000000 8.000000
v 60.000000 1.867639 8.000000
v 62.000000 1.942361 8.000000
v 62.000000 2.000000 7.986196
v 62.267002 2.000000 8.000000
v 66.000000 2.000000 7.891406
v 64.906761 2.000000 8.000000
v 66.000000 1.737457 8.000000
v 68.000000 1.377038 8.000000
v 68.000000 2.000000 7.826464
v 70.000000 1.866253 8.000000
v 70.000000 2.000000 7.967662
v 70.390060 2.000000 8.000000
v 80.000000 2.000000 7.875333
v 79.117767 2.000000 8.000000
v 80.000000 1.533617 8.000000
v 82.000000 0.078470 8.000000
v 82.000000 2.000000 7.573137
v 82.848045 0.000000 8.000000
v 84.000000 0.000000 7.974473
v 84.000000 2.000000 7.540431
v 86.000000 1.139352 8.000000
v 84.187599 0.000000 8.000000
v 86.000000 2.000000 7.821980
v 88.000000 1.811699 8.000000
v 88.000000 2.000000 7.946891
v 89.845779 2.000000 8.000000
v 98.000000 2.000000 7.874457
v 96.996841 2.000000 8.000000
v 98.000000 1.121352 8.000000
v 99.398079 2.000000 8.000000
v 110.000000 2.000000 7.936292
v 109.566399 2.000000 8.000000
v 110.000000 1.748428 8.000000
v 112.000000 0.387965 8.000000
v 112.000000 2.000000 7.774692
v 114.000000 0.822927 8.000000
v 114.000000 2.000000 7.785529
v 115.331062 2.000000 8.000000
v 130.000000 2.000000 7.993292
v 129.870880 2.000000 8.000000
v 130.000000 1.972464 8.000000
v 130.048004 2.000000 8.000000
v 140.000000 2.000000 7.909235
v 138.427109 2.000000 8.000000
v 140.000000 1.670995 8.000000
v 141.254364 2.000000 8.000000
v 146.000000 2.000000 7.970439
v 144.561981 2.000000 8.000000
v 146.000000 1.909685 8.000000
v 148.000000 1.783537 8.000000
v 148.000000 2.000000 7.951299
v 150.000000 1.383497 8.000000
v 150.000000 2.000000 7.813989
v 152.000000 0.430334 8.000000
v 152.000000 2.000000 7.596653
v 154.000000 0.228266 8.000000
v 154.000000 2.000000 7.502426
v 156.000000 0.316498 8.000000
v 156.000000 2.000000 7.498822
v 158.000000 0.667443 8.000000
v 158.000000 2.000000 7.571241
v 160.000000 1.166553 8.000000
v 160.000000 2.000000 7.716914
v 162.000000 0.826805 8.000000
v 162.000000 2.000000 7.739016
v 164.000000 0.541923 8.000000
v 164.000000 2.000000 7.688159
v 166.000000 1.369276 8.000000
v 166.000000 2.000000 7.811108
v 168.000000 1.483040 8.000000
v 168.000000 2.000000 7.806932
v 170.000000 1.455325 8.000000
v 170.000000 2.000000 7.823098
v 172.000000 1.146659 8.000000
v 172.000000 2.000000 7.745409
v 174.000000 1.182164 8.000000
v 174.000000 2.000000 7.690289
v 176.000000 0.773001 8.000000
v 176.000000 2.000000 7.614379
v 178.000000 0.473954 8.000000
v 178.000000 2.000000 7.544450
v 180.000000 1.333793 8.000000
v 180.000000 2.000000 7.769314
v 182.000000 1.781566 8.000000
v 182.000000 2.000000 7.924039
v 182.966232 2.000000 8.000000
v 186.000000 2.000000 7.987319
v 185.723389 2.000000 8.000000
v 186.000000 1.958047 8.000000
v 188.000000 1.566973 8.000000
v 188.000000 2.000000 7.847829
v 190.000000 1.283312 8.000000
v 190.000000 2.000000 7.745696
v 192.000000 0.259354 8.000000
v 192.000000 2.000000 7.614587
v 194.000000 0.634334 8.000000
v 194.000000 2.000000 7.664190
v 196.000000 0.961056 8.000000
v 196.000000 2.000000 7.688300
v 198.000000 1.250974 8.000000
v 198.000000 2.000000 7.737336
v 200.000000 1.438960 8.000000
v 200.000000 2.000000 7.826445
v 202.000000 0.816687 8.000000
v 202.000000 2.000000 7.477992
v 203.950790 0.000000 8.000000
v 204.000000 0.000000 7.990020
v 204.000000 2.000000 7.081721
v 206.000000 0.000000 7.954434
v 206.000000 2.000000 7.247063
v 208.000000 0.216795 8.000000
v 206.797363 0.000000 8.000000
v 208.000000 2.000000 7.469428
v 210.000000 1.429657 8.000000
v 210.000000 2.000000 7.814077
v 211.423874 2.000000 8.000000
v 220.000000 2.000000 7.948569
v 219.618805 2.000000 8.000000
v 220.000000 1.777017 8.000000
v 222.000000 0.626337 8.000000
v 222.000000 2.000000 7.520143
v 224.000000 0.134388 8.000000
v 224.000000 2.000000 7.399994
v 225.188416 0.000000 8.000000
v 226.000000 0.000000 7.968015
v 226.000000 2.000000 7.462211
v 228.000000 0.383936 8.000000
v 226.446289 0.000000 8.000000
v 228.000000 2.000000 7.572025
v 230.000000 1.090265 8.000000
v 230.000000 2.000000 7.644123
v 232.000000 1.611489 8.000000
v 232.000000 2.000000 7.798303
v 234.000000 1.770805 8.000000
v 234.000000 2.000000 7.887442
v 236.000000 1.802112 8.000000
v 236.000000 2.000000 7.895492
v 238.000000 1.771564 8.000000
v 238.000000 2.000000 7.896818
v 240.000000 1.275842 8.000000
v 240.000000 2.000000 7.760053
v 242.000000 0.406570 8.000000
v 242.000000 2.000000 7.249579
v 244.000000 0.120319 8.000000
v 244.000000 2.000000 7.050289
v 246.000000 0.014851 8.000000
v 246.000000 2.000000 7.145749
v 248.000000 0.351617 8.000000
v 248.000000 2.000000 7.225019
v 250.000000 0.887677 8.000000
v 250.000000 2.000000 7.458861
v 252.000000 1.252373 8.000000
v 252.000000 2.000000 7.628173
v 254.000000 1.059070 8.000000
v 254.000000 2.000000 7.627981
v 256.000000 1.186786 8.000000
v 256.000000 2.000000 7.655267
v 258.000000 1.197164 8.000000
v 258.000000 2.000000 7.646348
v 260.000000 1.030082 8.000000
v 260.000000 2.000000 7.586022
v 262.000000 0.753092 8.000000
v 262.000000 2.000000 7.400584
v 264.000000 0.894265 8.000000
v 264.000000 2.000000 7.417018
v 266.000000 1.187099 8.000000
v 266.000000 2.000000 7.598194
v 268.000000 1.518395 8.000000
v 268.000000 2.000000 7.764681
v 270.000000 1.041287 8.000000
v 270.000000 2.000000 7.606948
v 272.000000 0.427083 8.000000
v 272.000000 2.000000 7.394878
v 273.704926 0.000000 8.000000
v 274.000000 0.000000 7.969643
v 274.000000 2.000000 7.260299
v 276.000000 0.000000 7.870181
v 276.000000 2.000000 7.146422
v 278.000000 0.000000 7.990011
v 278.000000 2.000000 7.236423
v 280.000000 0.909502 8.000000
v 278.043976 0.000000 8.000000
v 280.000000 2.000000 7.507584
v 282.000000 0.935729 8.000000
v 282.000000 2.000000 7.533491
v 284.000000 0.727313 8.000000
v 284.000000 2.000000 7.515520
v 286.000000 1.096551 8.000000
v 286.000000 2.000000 7.631366
v 288.000000 1.125773 8.000000
v 288.000000 2.000000 7.563582
v 290.000000 0.888280 8.000000
v 290.000000 2.000000 7.459907
v 292.000000 0.789952 8.000000
v 292.000000 2.000000 7.390328
v 294.000000 0.651029 8.000000
v 294.000000 2.000000 7.391206
v 296.000000 0.596815 8.000000
v 296.000000 2.000000 7.423434
v 298.000000 0.872711 8.000000
v 298.000000 2.000000 7.526080
v 300.000000 1.128250 8.000000
v 300.000000 2.000000 7.675140
v 302.000000 1.161622 8.000000
v 302.000000 2.000000 7.672481
v 304.000000 1.476015 8.000000
v 304.000000 2.000000 7.783782
v 306.000000 1.511106 8.000000
v 306.000000 2.000000 7.806563
v 308.000000 1.491006 8.000000
v 308.000000 2.000000 7.760679
v 310.000000 0.927909 8.000000
v 310.000000 2.000000 7.503628
v 312.000000 0.285287 8.000000
v 312.000000 2.000000 7.328499
v 313.437531 0.000000 8.000000
v 314.000000 0.000000 7.950850
v 314.000000 2.000000 7.336804
v 316.000000 0.200440 8.000000
v 315.062775 0.000000 8.000000
v 316.000000 2.000000 7.627523
v 318.000000 1.549687 8.000000
v 318.000000 2.000000 7.881244
v 320.000000 1.370929 8.000000
v 320.000000 2.000000 7.799696
v 322.000000 0.894382 8.000000
v 322.000000 2.000000 7.587426
v 324.000000 1.317301 8.000000
v 324.000000 2.000000 7.770176
v 325.528931 2.000000 8.000000
v 330.000000 2.000000 7.830162
v 328.856873 2.000000 8.000000
v 330.000000 1.435066 8.000000
v 332.000000 1.192578 8.000000
v 332.000000 2.000000 7.781951
v 334.000000 1.748981 8.000000
v 334.000000 2.000000 7.932465
v 336.000000 1.012096 8.000000
v 336.000000 2.000000 7.641450
v 338.000000 0.523890 8.000000
v 338.000000 2.000000 7.403059
v 340.000000 1.152796 8.000000
v 340.000000 2.000000 7.683155
v 342.000000 1.838507 8.000000
v 342.000000 2.000000 7.946319
v 344.000000 1.031954 8.000000
v 344.000000 2.000000 7.626163
v 346.000000 0.257305 8.000000
v 346.000000 2.000000 7.474377
v 348.000000 0.571909 8.000000
v 348.000000 2.000000 7.649556
v 350.000000 1.061729 8.000000
v 350.000000 2.000000 7.636154
v 352.000000 0.298373 8.000000
v 352.000000 2.000000 7.289862
v 354.000000 0.315206 8.000000
v 354.000000 2.000000 7.325781
v 356.000000 1.322506 8.000000
v 356.000000 2.000000 7.719097
v 358.000000 1.620952 8.000000
v 358.000000 2.000000 7.865175
v 360.000000 1.277632 8.000000
v 360.000000 2.000000 7.761219
v 0.000000 2.615241 8.000000
v 2.000000 2.036428 8.000000
v 4.000000 2.028071 8.000000
v 6.000000 2.914257 8.000000
v 8.000000 3.250153 8.000000
v 10.000000 2.737821 8.000000
v 12.000000 2.410157 8.000000
v 14.000000 2.570891 8.000000
v 20.000000 2.567742 8.000000
v 22.000000 3.067368 8.000000
v 24.000000 2.955573 8.000000
v 26.000000 2.439493 8.000000
v 30.000000 2.319236 8.000000
v 32.000000 2.310133 8.000000
v 50.000000 2.124700 8.000000
v 52.000000 2.131364 8.000000
v 60.000000 2.093160 8.000000
v 62.000000 2.038576 8.000000
v 66.000000 2.351627 8.000000
v 68.000000 2.528768 8.000000
v 70.000000 2.093393 8.000000
v 80.000000 2.350842 8.000000
v 82.000000 3.206881 8.000000
v 84.000000 3.286895 8.000000
v 86.000000 2.573730 8.000000
v 88.000000 2.154449 8.000000
v 98.000000 2.388710 8.000000
v 110.000000 2.170100 8.000000
v 112.000000 2.656947 8.000000
v 114.000000 2.612747 8.000000
v 130.000000 2.018427 8.000000
v 140.000000 2.264542 8.000000
v 146.000000 2.087821 8.000000
v 148.000000 2.149783 8.000000
v 150.000000 2.582912 8.000000
v 152.000000 3.289564 8.000000
v 154.000000 3.446609 8.000000
v 156.000000 3.342818 8.000000
v 158.000000 3.258925 8.000000
v 160.000000 2.824510 8.000000
v 162.000000 2.681999 8.000000
v 164.000000 2.772968 8.000000
v 166.000000 2.516968 8.000000
v 168.000000 2.536831 8.000000
v 170.000000 2.513523 8.000000
v 172.000000 2.782487 8.000000
v 174.000000 2.801474 8.000000
v 176.000000 3.180698 8.000000
v 178.000000 3.274943 8.000000
v 180.000000 2.659857 8.000000
v 182.000000 2.237697 8.000000
v 186.000000 2.051499 8.000000
v 188.000000 2.519600 8.000000
v 190.000000 2.728161 8.000000
v 192.000000 3.125184 8.000000
v 194.000000 3.079263 8.000000
v 196.000000 2.799577 8.000000
v 198.000000 2.708103 8.000000
v 200.000000 2.526683 8.000000
v 202.000000 3.403563 8.000000
v 204.000000 4.000000 7.856505
v 203.254410 4.000000 8.000000
v 205.994644 4.000000 8.000000
v 206.000000 3.999099 8.000000
v 208.000000 3.454344 8.000000
v 210.000000 2.609183 8.000000
v 220.000000 2.184196 8.000000
v 222.000000 3.406269 8.000000
v 224.000000 3.776078 8.000000
v 226.000000 3.640635 8.000000
v 228.000000 3.118091 8.000000
v 230.000000 2.896400 8.000000
v 232.000000 2.477787 8.000000
v 234.000000 2.261584 8.000000
v 236.000000 2.237612 8.000000
v 238.000000 2.230406 8.000000
v 240.000000 2.596290 8.000000
v 242.000000 3.834272 8.000000
v 244.000000 4.000000 7.858506
v 242.684250 4.000000 8.000000
v 246.000000 4.000000 7.882672
v 248.000000 4.000000 7.995595
v 248.027145 4.000000 8.000000
v 250.000000 3.303620 8.000000
v 252.000000 2.849144 8.000000
v 254.000000 2.879385 8.000000
v 256.000000 2.783973 8.000000
v 258.000000 2.836257 8.000000
v 260.000000 2.976362 8.000000
v 262.000000 3.650720 8.000000
v 264.000000 3.678646 8.000000
v 266.000000 3.103896 8.000000
v 268.000000 2.576586 8.000000
v 270.000000 2.929605 8.000000
v 272.000000 3.411268 8.000000
v 274.000000 3.935423 8.000000
v 276.000000 4.000000 7.776808
v 274.210419 4.000000 8.000000
v 278.000000 4.000000 7.899533
v 278.424835 4.000000 8.000000
v 280.000000 3.162410 8.000000
v 282.000000 3.282556 8.000000
v 284.000000 3.384065 8.000000
v 286.000000 2.868760 8.000000
v 288.000000 2.926767 8.000000
v 290.000000 3.234872 8.000000
v 292.000000 3.509818 8.000000
v 294.000000 3.414612 8.000000
v 296.000000 3.505837 8.000000
v 298.000000 3.089925 8.000000
v 300.000000 2.763888 8.000000
v 302.000000 2.850340 8.000000
v 304.000000 2.523173 8.000000
v 306.000000 2.506966 8.000000
v 308.000000 2.601215 8.000000
v 310.000000 3.161324 8.000000
v 312.000000 3.589755 8.000000
v 314.000000 3.774540 8.000000
v 316.000000 3.080953 8.000000
v 318.000000 2.288327 8.000000
v 320.000000 2.498784 8.000000
v 322.000000 3.053855 8.000000
v 324.000000 2.556074 8.000000
v 330.000000 2.488933 8.000000
v 332.000000 2.621102 8.000000
v 334.000000 2.237607 8.000000
v 336.000000 3.316530 8.000000
v 338.000000 3.811411 8.000000
v 340.000000 2.828729 8.000000
v 342.000000 2.131673 8.000000
v 344.000000 2.952653 8.000000
v 346.000000 3.451640 8.000000
v 348.000000 2.843195 8.000000
v 350.000000 2.931255 8.000000
v 352.000000 3.770476 8.000000
v 354.000000 3.752575 8.000000
v 356.000000 2.690913 8.000000
v 358.000000 2.348555 8.000000
v 360.000000 2.615241 8.000000
v 0.000000 6.000000 7.769748
v 2.000000 5.774039 8.000000
v 2.000000 6.000000 7.897622
v 0.000000 5.401134 8.000000
v 3.949403 6.000000 8.000000
v 6.000000 6.000000 7.733849
v 4.019456 6.000000 8.000000
v 6.000000 5.289211 8.000000
v 8.000000 4.961730 8.000000
v 8.000000 6.000000 7.690054
v 10.000000 5.659814 8.000000
v 10.000000 6.000000 7.900054
v 12.000000 5.956282 8.000000
v 12.000000 6.000000 7.985507
v 12.530428 6.000000 8.000000
v 20.000000 6.000000 7.915508
v 18.696524 6.000000 8.000000
v 20.000000 5.730405 8.000000
v 22.000000 5.186684 8.000000
v 22.000000 6.000000 7.738385
v 24.000000 5.293031 8.000000
v 24.000000 6.000000 7.773674
v 26.000000 5.556526 8.000000
v 26.000000 6.000000 7.836478
v 28.000000 5.648914 8.000000
v 28.000000 6.000000 7.841624
v 30.000000 5.592937 8.000000
v 30.000000 6.000000 7.846758
v 31.029800 6.000000 8.000000
v 38.000000 6.000000 7.816948
v 36.971500 6.000000 8.000000
v 38.000000 5.653941 8.000000
v 40.000000 5.314062 8.000000
v 40.000000 6.000000 7.655941
v 42.000000 5.362793 8.000000
v 42.000000 6.000000 7.681078
v 44.000000 5.753175 8.000000
v 44.000000 6.000000 7.871229
v 46.000000 5.918317 8.000000
v 46.000000 6.000000 7.959586
v 48.000000 5.669677 8.000000
v 48.000000 6.000000 7.843579
v 50.000000 5.636583 8.000000
v 50.000000 6.000000 7.865919
v 51.368031 6.000000 8.000000
v 58.000000 6.000000 7.985516
v 57.921158 6.000000 8.000000
v 58.000000 5.965349 8.000000
v 60.000000 5.197831 8.000000
v 60.000000 6.000000 7.583285
v 62.000000 5.239957 8.000000
v 62.000000 6.000000 7.590726
v 64.000000 5.665526 8.000000
v 64.000000 6.000000 7.833094
v 66.000000 5.254101 8.000000
v 66.000000 6.000000 7.707716
v 68.000000 4.978172 8.000000
v 68.000000 6.000000 7.514189
v 70.000000 5.568944 8.000000
v 70.000000 6.000000 7.816257
v 71.343063 6.000000 8.000000
v 74.000000 6.000000 7.919043
v 73.054062 6.000000 8.000000
v 74.000000 5.799384 8.000000
v 76.000000 5.768942 8.000000
v 76.000000 6.000000 7.908778
v 77.549286 6.000000 8.000000
v 80.000000 6.000000 7.785580
v 78.206436 6.000000 8.000000
v 80.000000 5.460300 8.000000
v 82.000000 4.713548 8.000000
v 82.000000 6.000000 7.496666
v 84.000000 4.641447 8.000000
v 84.000000 6.000000 7.448155
v 86.000000 5.602481 8.000000
v 86.000000 6.000000 7.886526
v 87.120262 6.000000 8.000000
v 90.000000 6.000000 7.991083
v 89.815674 6.000000 8.000000
v 90.000000 5.970090 8.000000
v 92.000000 5.778575 8.000000
v 92.000000 6.000000 7.900263
v 94.000000 5.977887 8.000000
v 94.000000 6.000000 7.989665
v 96.000000 5.262068 8.000000
v 96.000000 6.000000 7.626507
v 98.000000 4.988341 8.000000
v 98.000000 6.000000 7.484059
v 100.000000 5.645074 8.000000
v 100.000000 6.000000 7.859109
v 101.368858 6.000000 8.000000
v 104.000000 6.000000 7.825440
v 102.559875 6.000000 8.000000
v 104.000000 5.641882 8.000000
v 106.000000 5.904275 8.000000
v 106.000000 6.000000 7.952301
v 107.051186 6.000000 8.000000
v 110.000000 6.000000 7.920667
v 108.686371 6.000000 8.000000
v 110.000000 5.783169 8.000000
v 112.000000 4.988719 8.000000
v 112.000000 6.000000 7.528516
v 114.000000 5.279603 8.000000
v 114.000000 6.000000 7.713572
v 115.273148 6.000000 8.000000
v 120.000000 6.000000 7.920433
v 119.584351 6.000000 8.000000
v 120.000000 5.801453 8.000000
v 120.688873 6.000000 8.000000
v 128.000000 6.000000 7.735964
v 127.025787 6.000000 8.000000
v 128.000000 5.472353 8.000000
v 130.000000 5.370631 8.000000
v 130.000000 6.000000 7.685851
v 131.907211 6.000000 8.000000
v 138.000000 6.000000 7.941424
v 137.674957 6.000000 8.000000
v 138.000000 5.853954 8.000000
v 140.000000 5.303018 8.000000
v 140.000000 6.000000 7.694434
v 142.000000 5.462011 8.000000
v 142.000000 6.000000 7.750079
v 144.000000 5.963652 8.000000
v 144.000000 6.000000 7.987752
v 144.145920 6.000000 8.000000
v 148.000000 6.000000 7.896411
v 147.187454 6.000000 8.000000
v 148.000000 5.711658 8.000000
v 150.000000 5.566378 8.000000
v 150.000000 6.000000 7.864275
v 152.000000 5.006287 8.000000
v 152.000000 6.000000 7.759491
v 154.000000 4.791852 8.000000
v 154.000000 6.000000 7.678870
v 156.000000 5.022367 8.000000
v 156.000000 6.000000 7.739131
v 158.000000 5.755436 8.000000
v 158.000000 6.000000 7.960342
v 159.378265 6.000000 8.000000
v 162.000000 6.000000 7.783417
v 160.145721 6.000000 8.000000
v 162.000000 5.393191 8.000000
v 164.000000 5.028963 8.000000
v 164.000000 6.000000 7.560208
v 166.000000 5.495865 8.000000
v 166.000000 6.000000 7.823203
v 167.682785 6.000000 8.000000
v 170.000000 6.000000 7.872058
v 168.415710 6.000000 8.000000
v 170.000000 5.584540 8.000000
v 172.000000 5.071629 8.000000
v 172.000000 6.000000 7.670991
v 174.000000 5.420994 8.000000
v 174.000000 6.000000 7.820610
v 176.000000 5.274901 8.000000
v 176.000000 6.000000 7.856350
v 178.000000 4.869775 8.000000
v 178.000000 6.000000 7.675343
v 180.000000 5.435297 8.000000
v 180.000000 6.000000 7.825268
v 181.102921 6.000000 8.000000
v 186.000000 6.000000 7.927883
v 185.495789 6.000000 8.000000
v 186.000000 5.733986 8.000000
v 188.000000 5.696545 8.000000
v 188.000000 6.000000 7.922748
v 189.134735 6.000000 8.000000
v 192.000000 6.000000 7.566193
v 190.233551 6.000000 8.000000
v 192.000000 4.813271 8.000000
v 194.000000 4.707251 8.000000
v 194.000000 6.000000 7.496135
v 196.000000 5.664810 8.000000
v 196.000000 6.000000 7.903989
v 198.000000 5.902401 8.000000
v 198.000000 6.000000 7.974649
v 200.000000 5.469703 8.000000
v 200.000000 6.000000 7.827313
v 202.000000 5.260356 8.000000
v 202.000000 6.000000 7.856575
v 204.000000 6.000000 7.744536
v 206.000000 4.001521 8.000000
v 206.000000 6.000000 7.525430
v 208.000000 4.656403 8.000000
v 208.000000 6.000000 7.591742
v 210.000000 5.667758 8.000000
v 210.000000 6.000000 7.916897
v 210.308594 6.000000 8.000000
v 220.000000 6.000000 7.914631
v 218.797791 6.000000 8.000000
v 220.000000 5.699087 8.000000
v 222.000000 4.963084 8.000000
v 222.000000 6.000000 7.779363
v 224.000000 4.287529 8.000000
v 224.000000 6.000000 7.552813
v 226.000000 4.334048 8.000000
v 226.000000 6.000000 7.399129
v 228.000000 4.779611 8.000000
v 228.000000 6.000000 7.473768
v 230.000000 5.648993 8.000000
v 230.000000 6.000000 7.905154
v 230.563385 6.000000 8.000000
v 240.000000 6.000000 7.915693
v 238.675079 6.000000 8.000000
v 240.000000 5.731779 8.000000
v 242.000000 4.374580 8.000000
v 242.000000 6.000000 7.714626
v 244.000000 6.000000 7.518404
v 246.000000 6.000000 7.494555
v 248.000000 6.000000 7.677521
v 250.000000 5.812309 8.000000
v 250.000000 6.000000 7.969067
v 252.000000 5.549348 8.000000
v 252.000000 6.000000 7.850713
v 254.000000 5.054768 8.000000
v 254.000000 6.000000 7.590427
v 256.000000 5.401805 8.000000
v 256.000000 6.000000 7.771398
v 258.000000 5.771300 8.000000
v 258.000000 6.000000 7.933031
v 260.000000 5.655340 8.000000
v 260.000000 6.000000 7.908278
v 262.000000 4.802888 8.000000
v 262.000000 6.000000 7.819756
v 264.000000 5.460739 8.000000
v 264.000000 6.000000 7.959795
v 264.699554 6.000000 8.000000
v 270.000000 6.000000 7.970171
v 269.700745 6.000000 8.000000
v 270.000000 5.877989 8.000000
v 272.000000 5.091293 8.000000
v 272.000000 6.000000 7.786337
v 274.000000 4.119621 8.000000
v 274.000000 6.000000 7.592312
v 276.000000 6.000000 7.463068
v 278.000000 6.000000 7.622765
v 280.000000 5.995741 8.000000
v 280.000000 6.000000 7.999201
v 282.000000 4.883376 8.000000
v 282.000000 6.000000 7.671450
v 284.000000 4.685905 8.000000
v 284.000000 6.000000 7.590794
v 286.000000 5.603800 8.000000
v 286.000000 6.000000 7.877071
v 288.000000 5.898697 8.000000
v 288.000000 6.000000 7.971150
v 290.000000 5.887307 8.000000
v 290.000000 6.000000 7.978920
v 292.000000 5.905493 8.000000
v 292.000000 6.000000 7.989880
v 294.000000 5.203923 8.000000
v 294.000000 6.000000 7.826170
v 296.000000 4.847857 8.000000
v 296.000000 6.000000 7.741249
v 298.000000 5.452343 8.000000
v 298.000000 6.000000 7.846218
v 300.000000 5.644508 8.000000
v 300.000000 6.000000 7.883882
v 302.000000 5.687875 8.000000
v 302.000000 6.000000 7.911960
v 302.780212 6.000000 8.000000
v 310.000000 6.000000 7.849127
v 308.383179 6.000000 8.000000
v 310.000000 5.426167 8.000000
v 312.000000 4.613766 8.000000
v 312.000000 6.000000 7.596816
v 314.000000 4.255503 8.000000
v 314.000000 6.000000 7.423106
v 316.000000 4.765287 8.000000
v 316.000000 6.000000 7.474617
v 318.000000 5.483524 8.000000
v 318.000000 6.000000 7.758639
v 320.000000 5.515350 8.000000
v 320.000000 6.000000 7.813147
v 322.000000 5.158864 8.000000
v 322.000000 6.000000 7.740920
v 324.000000 5.615219 8.000000
v 324.000000 6.000000 7.860471
v 325.567688 6.000000 8.000000
v 330.000000 6.000000 7.826756
v 328.511780 6.000000 8.000000
v 330.000000 5.499507 8.000000
v 332.000000 5.447839 8.000000
v 332.000000 6.000000 7.816548
v 333.244476 6.000000 8.000000
v 336.000000 6.000000 7.902233
v 335.089691 6.000000 8.000000
v 336.000000 5.353096 8.000000
v 338.000000 4.390552 8.000000
v 338.000000 6.000000 7.724568
v 339.493134 6.000000 8.000000
v 344.000000 6.000000 7.942364
v 343.629761 6.000000 8.000000
v 344.000000 5.761693 8.000000
v 346.000000 4.915981 8.000000
v 346.000000 6.000000 7.748070
v 348.000000 5.444852 8.000000
v 348.000000 6.000000 7.808221
v 350.000000 5.768224 8.000000
v 350.000000 6.000000 7.942490
v 352.000000 4.355342 8.000000
v 352.000000 6.000000 7.535999
v 354.000000 4.372938 8.000000
v 354.000000 6.000000 7.552844
v 356.000000 5.913394 8.000000
v 356.000000 6.000000 7.974247
v 358.000000 5.741574 8.000000
v 358.000000 6.000000 7.902934
v 360.000000 5.401134 8.000000
v 360.000000 6.000000 7.769748
v 2.000000 8.000000 7.081721
v 0.000000 8.000000 6.976922
v 4.000000 6.007288 8.000000
v 4.000000 8.000000 7.312704
v 6.000000 8.000000 7.041108
v 8.000000 8.000000 6.983119
v 10.000000 8.000000 7.158741
v 12.000000 8.000000 7.305921
v 14.000000 6.096556 8.000000
v 14.000000 8.000000 7.298744
v 16.000000 6.059351 8.000000
v 16.000000 8.000000 7.149690
v 18.000000 6.114679 8.000000
v 18.000000 8.000000 7.302454
v 20.000000 8.000000 7.291748
v 22.000000 8.000000 7.078196
v 24.000000 8.000000 6.980538
v 26.000000 8.000000 7.087784
v 28.000000 8.000000 7.063400
v 30.000000 8.000000 7.031818
v 32.000000 6.284491 8.000000
v 32.000000 8.000000 7.192287
v 34.000000 6.701669 8.000000
v 34.000000 8.000000 7.373500
v 36.000000 6.392694 8.000000
v 36.000000 8.000000 7.333644
v 38.000000 8.000000 7.054845
v 40.000000 8.000000 6.872814
v 42.000000 8.000000 6.809436
v 44.000000 8.000000 6.927727
v 46.000000 8.000000 7.020963
v 48.000000 8.000000 6.941724
v 50.000000 8.000000 6.817708
v 52.000000 6.106095 8.000000
v 52.000000 8.000000 6.972291
v 54.000000 6.559337 8.000000
v 54.000000 8.000000 7.308211
v 56.000000 6.753418 8.000000
v 56.000000 8.000000 7.428442
v 58.000000 8.000000 7.112935
v 60.000000 8.000000 6.658039
v 62.000000 8.000000 6.679169
v 64.000000 8.000000 6.907479
v 66.000000 8.000000 6.849585
v 68.000000 8.000000 6.600385
v 70.000000 8.000000 6.883698
v 72.000000 6.191354 8.000000
v 72.000000 8.000000 7.215451
v 74.000000 8.000000 7.098209
v 76.000000 8.000000 7.051882
v 78.000000 6.053189 8.000000
v 78.000000 8.000000 7.133871
v 80.000000 8.000000 6.993052
v 82.000000 8.000000 6.661466
v 84.000000 8.000000 6.618040
v 86.000000 8.000000 6.988369
v 88.000000 6.180087 8.000000
v 88.000000 8.000000 7.187324
v 90.000000 8.000000 7.056550
v 92.000000 8.000000 6.986236
v 94.000000 8.000000 7.029959
v 96.000000 8.000000 6.818009
v 98.000000 8.000000 6.662071
v 100.000000 8.000000 6.999310
v 102.000000 6.148438 8.000000
v 102.000000 8.000000 7.226128
v 104.000000 8.000000 6.940725
v 106.000000 8.000000 7.063340
v 108.000000 6.091712 8.000000
v 108.000000 8.000000 7.193574
v 110.000000 8.000000 7.054046
v 112.000000 8.000000 6.685133
v 114.000000 8.000000 6.903437
v 116.000000 6.347116 8.000000
v 116.000000 8.000000 7.229450
v 118.000000 6.584719 8.000000
v 118.000000 8.000000 7.315336
v 120.000000 8.000000 7.244411
v 122.000000 6.407785 8.000000
v 122.000000 8.000000 7.440429
v 124.000000 7.462852 8.000000
v 124.000000 8.000000 7.778502
v 126.000000 6.554164 8.000000
v 126.000000 8.000000 7.304719
v 128.000000 8.000000 6.839238
v 130.000000 8.000000 6.841559
v 132.000000 6.033574 8.000000
v 132.000000 8.000000 7.141418
v 134.000000 6.868091 8.000000
v 134.000000 8.000000 7.484075
v 136.000000 6.545208 8.000000
v 136.000000 8.000000 7.250933
v 138.000000 8.000000 7.003364
v 140.000000 8.000000 6.866429
v 142.000000 8.000000 6.922289
v 144.000000 8.000000 7.081883
v 146.000000 6.281408 8.000000
v 146.000000 8.000000 7.133419
v 148.000000 8.000000 6.891826
v 150.000000 8.000000 6.890560
v 152.000000 8.000000 6.886519
v 154.000000 8.000000 6.844934
v 156.000000 8.000000 6.908733
v 158.000000 8.000000 7.106452
v 160.000000 6.035692 8.000000
v 160.000000 8.000000 7.119843
v 162.000000 8.000000 6.958660
v 164.000000 8.000000 6.758308
v 166.000000 8.000000 6.994486
v 168.000000 6.074205 8.000000
v 168.000000 8.000000 7.196200
v 170.000000 8.000000 7.108105
v 172.000000 8.000000 6.951041
v 174.000000 8.000000 7.020685
v 176.000000 8.000000 7.152942
v 178.000000 8.000000 6.838978
v 180.000000 8.000000 7.009373
v 182.000000 6.297839 8.000000
v 182.000000 8.000000 7.225066
v 184.000000 6.455852 8.000000
v 184.000000 8.000000 7.320900
v 186.000000 8.000000 7.112142
v 188.000000 8.000000 7.029373
v 190.000000 6.122426 8.000000
v 190.000000 8.000000 7.146385
v 192.000000 8.000000 6.761345
v 194.000000 8.000000 6.773142
v 196.000000 8.000000 6.945876
v 198.000000 8.000000 7.083053
v 200.000000 8.000000 7.038642
v 202.000000 8.000000 6.998344
v 204.000000 8.000000 6.902058
v 206.000000 8.000000 6.860918
v 208.000000 8.000000 6.897924
v 210.000000 8.000000 7.137507
v 212.000000 7.067852 8.000000
v 212.000000 8.000000 7.587070
v 214.000000 7.436278 8.000000
v 214.000000 8.000000 7.763437
v 216.000000 6.384487 8.000000
v 216.000000 8.000000 7.387799
v 218.000000 6.140090 8.000000
v 218.000000 8.000000 7.314469
v 220.000000 8.000000 7.279104
v 222.000000 8.000000 7.007520
v 224.000000 8.000000 6.786107
v 226.000000 8.000000 6.698030
v 228.000000 8.000000 6.793370
v 230.000000 8.000000 7.117858
v 232.000000 6.485508 8.000000
v 232.000000 8.000000 7.285358
v 234.000000 6.796739 8.000000
v 234.000000 8.000000 7.431604
v 236.000000 6.719786 8.000000
v 236.000000 8.000000 7.450389
v 238.000000 6.104363 8.000000
v 238.000000 8.000000 7.295862
v 240.000000 8.000000 7.066961
v 242.000000 8.000000 6.829560
v 244.000000 8.000000 6.674778
v 246.000000 8.000000 6.692945
v 248.000000 8.000000 6.869399
v 250.000000 8.000000 7.165843
v 252.000000 8.000000 7.179150
v 254.000000 8.000000 6.939407
v 256.000000 8.000000 7.057731
v 258.000000 8.000000 7.158239
v 260.000000 8.000000 7.133711
v 262.000000 8.000000 7.041881
v 264.000000 8.000000 7.032818
v 266.000000 6.152120 8.000000
v 266.000000 8.000000 7.183539
v 268.000000 6.349516 8.000000
v 268.000000 8.000000 7.294757
v 270.000000 8.000000 7.214180
v 272.000000 8.000000 6.974303
v 274.000000 8.000000 6.821723
v 276.000000 8.000000 6.742709
v 278.000000 8.000000 6.920004
v 280.000000 8.000000 7.214880
v 282.000000 8.000000 6.986014
v 284.000000 8.000000 6.912249
v 286.000000 8.000000 7.086574
v 288.000000 8.000000 7.093353
v 290.000000 8.000000 7.095707
v 292.000000 8.000000 7.009445
v 294.000000 8.000000 6.979052
v 296.000000 8.000000 7.087384
v 298.000000 8.000000 7.104838
v 300.000000 8.000000 7.100400
v 302.000000 8.000000 7.092175
v 304.000000 6.309369 8.000000
v 304.000000 8.000000 7.290630
v 306.000000 6.089911 8.000000
v 306.000000 8.000000 7.314830
v 308.000000 6.094835 8.000000
v 308.000000 8.000000 7.294067
v 310.000000 8.000000 7.070928
v 312.000000 8.000000 6.944627
v 314.000000 8.000000 6.805072
v 316.000000 8.000000 6.746049
v 318.000000 8.000000 7.101778
v 320.000000 8.000000 7.112254
v 322.000000 8.000000 7.010727
v 324.000000 8.000000 7.134251
v 326.000000 6.078586 8.000000
v 326.000000 8.000000 7.154037
v 328.000000 6.123370 8.000000
v 328.000000 8.000000 7.168631
v 330.000000 8.000000 7.042117
v 332.000000 8.000000 7.102006
v 334.000000 6.242507 8.000000
v 334.000000 8.000000 7.223863
v 336.000000 8.000000 7.053831
v 338.000000 8.000000 7.027406
v 340.000000 6.237104 8.000000
v 340.000000 8.000000 7.325548
v 342.000000 6.639392 8.000000
v 342.000000 8.000000 7.479915
v 344.000000 8.000000 7.265284
v 346.000000 8.000000 6.969766
v 348.000000 8.000000 6.950366
v 350.000000 8.000000 7.031812
v 352.000000 8.000000 6.633292
v 354.000000 8.000000 6.656726
v 356.000000 8.000000 6.918233
v 358.000000 8.000000 7.031129
v 360.000000 8.000000 6.976922
v 0.000000 9.500438 8.000000
v 2.000000 9.292857 8.000000
v 4.000000 9.031576 8.000000
v 6.000000 9.379057 8.000000
v 8.000000 9.635790 8.000000
v 10.000000 9.396479 8.000000
v 12.000000 9.144624 8.000000
v 14.000000 9.122108 8.000000
v 16.000000 9.163140 8.000000
v 18.000000 9.035464 8.000000
v 20.000000 9.264888 8.000000
v 22.000000 9.607367 8.000000
v 24.000000 9.769650 8.000000
v 26.000000 9.553582 8.000000
v 28.000000 9.389112 8.000000
v 30.000000 9.435896 8.000000
v 32.000000 9.168915 8.000000
v 34.000000 8.848495 8.000000
v 36.000000 8.896912 8.000000
v 38.000000 9.202533 8.000000
v 40.000000 9.475481 8.000000
v 42.000000 9.512389 8.000000
v 44.000000 9.368203 8.000000
v 46.000000 9.204986 8.000000
v 48.000000 9.335220 8.000000
v 50.000000 9.502458 8.000000
v 52.000000 9.321238 8.000000
v 54.000000 8.858850 8.000000
v 56.000000 8.765531 8.000000
v 58.000000 9.143020 8.000000
v 60.000000 9.571824 8.000000
v 62.000000 9.544541 8.000000
v 64.000000 9.300456 8.000000
v 66.000000 9.556133 8.000000
v 68.000000 9.842260 8.000000
v 70.000000 9.441688 8.000000
v 72.000000 9.039767 8.000000
v 74.000000 9.301111 8.000000
v 76.000000 9.464368 8.000000
v 78.000000 9.186735 8.000000
v 80.000000 9.385439 8.000000
v 82.000000 10.000000 7.886079
v 81.637016 10.000000 8.000000
v 84.000000 10.000000 7.959396
v 84.147003 10.000000 8.000000
v 86.000000 9.375741 8.000000
v 88.000000 9.228964 8.000000
v 90.000000 9.319618 8.000000
v 92.000000 9.226403 8.000000
v 94.000000 9.164158 8.000000
v 96.000000 9.588402 8.000000
v 98.000000 9.834399 8.000000
v 100.000000 9.311838 8.000000
v 102.000000 9.059388 8.000000
v 104.000000 9.395378 8.000000
v 106.000000 9.218731 8.000000
v 108.000000 9.001495 8.000000
v 110.000000 9.269554 8.000000
v 112.000000 9.704848 8.000000
v 114.000000 9.398325 8.000000
v 116.000000 8.971881 8.000000
v 118.000000 8.997967 8.000000
v 120.000000 9.124233 8.000000
v 122.000000 8.806975 8.000000
v 124.000000 8.312762 8.000000
v 126.000000 8.870773 8.000000
v 128.000000 9.326433 8.000000
v 130.000000 9.372353 8.000000
v 132.000000 9.116986 8.000000
v 134.000000 8.789165 8.000000
v 136.000000 9.078080 8.000000
v 138.000000 9.275237 8.000000
v 140.000000 9.377104 8.000000
v 142.000000 9.389933 8.000000
v 144.000000 9.229750 8.000000
v 146.000000 9.163500 8.000000
v 148.000000 9.337171 8.000000
v 150.000000 9.425205 8.000000
v 152.000000 9.699752 8.000000
v 154.000000 9.743027 8.000000
v 156.000000 9.635052 8.000000
v 158.000000 9.548351 8.000000
v 160.000000 9.355303 8.000000
v 162.000000 9.552303 8.000000
v 164.000000 9.775699 8.000000
v 166.000000 9.402546 8.000000
v 168.000000 9.279644 8.000000
v 170.000000 9.400007 8.000000
v 172.000000 9.656327 8.000000
v 174.000000 9.429884 8.000000
v 176.000000 9.412195 8.000000
v 178.000000 9.630737 8.000000
v 180.000000 9.477606 8.000000
v 182.000000 9.208119 8.000000
v 184.000000 9.044464 8.000000
v 186.000000 9.363911 8.000000
v 188.000000 9.493492 8.000000
v 190.000000 9.320488 8.000000
v 192.000000 9.898447 8.000000
v 194.000000 9.917584 8.000000
v 196.000000 9.524199 8.000000
v 198.000000 9.283535 8.000000
v 200.000000 9.429216 8.000000
v 202.000000 9.746000 8.000000
v 204.000000 9.940397 8.000000
v 206.000000 9.831272 8.000000
v 208.000000 9.847401 8.000000
v 210.000000 9.364081 8.000000
v 212.000000 8.640341 8.000000
v 214.000000 8.375675 8.000000
v 216.000000 8.942993 8.000000
v 218.000000 9.185741 8.000000
v 220.000000 9.279091 8.000000
v 222.000000 9.821725 8.000000
v 224.000000 10.000000 7.927654
v 223.227295 10.000000 8.000000
v 226.000000 10.000000 7.922009
v 226.680832 10.000000 8.000000
v 228.000000 9.813953 8.000000
v 230.000000 9.419503 8.000000
v 232.000000 9.193656 8.000000
v 234.000000 9.132851 8.000000
v 236.000000 8.967440 8.000000
v 238.000000 9.114697 8.000000
v 240.000000 9.431385 8.000000
v 242.000000 9.876900 8.000000
v 244.000000 9.945930 8.000000
v 246.000000 9.785472 8.000000
v 248.000000 9.667678 8.000000
v 250.000000 9.367014 8.000000
v 252.000000 9.249297 8.000000
v 254.000000 9.469663 8.000000
v 256.000000 9.482562 8.000000
v 258.000000 9.372421 8.000000
v 260.000000 9.394378 8.000000
v 262.000000 9.597737 8.000000
v 264.000000 9.844630 8.000000
v 266.000000 9.618497 8.000000
v 268.000000 9.228468 8.000000
v 270.000000 9.315823 8.000000
v 272.000000 9.688025 8.000000
v 274.000000 9.745102 8.000000
v 276.000000 10.000000 7.968698
v 275.725769 10.000000 8.000000
v 276.577026 10.000000 8.000000
v 278.000000 9.883938 8.000000
v 280.000000 9.347848 8.000000
v 282.000000 9.636789 8.000000
v 284.000000 9.784917 8.000000
v 286.000000 9.441439 8.000000
v 288.000000 9.286203 8.000000
v 290.000000 9.367465 8.000000
v 292.000000 9.516704 8.000000
v 294.000000 9.496387 8.000000
v 296.000000 9.445823 8.000000
v 298.000000 9.443561 8.000000
v 300.000000 9.427321 8.000000
v 302.000000 9.363951 8.000000
v 304.000000 9.019866 8.000000
v 306.000000 9.051529 8.000000
v 308.000000 9.045375 8.000000
v 310.000000 9.397473 8.000000
v 312.000000 9.742152 8.000000
v 314.000000 10.000000 7.988132
v 313.883728 10.000000 8.000000
v 314.163452 10.000000 8.000000
v 316.000000 9.835120 8.000000
v 318.000000 9.383009 8.000000
v 320.000000 9.394772 8.000000
v 322.000000 9.537273 8.000000
v 324.000000 9.389885 8.000000
v 326.000000 9.294974 8.000000
v 328.000000 9.212752 8.000000
v 330.000000 9.389047 8.000000
v 332.000000 9.420574 8.000000
v 334.000000 9.183767 8.000000
v 336.000000 9.550748 8.000000
v 338.000000 9.662867 8.000000
v 340.000000 9.210522 8.000000
v 342.000000 8.913999 8.000000
v 344.000000 9.156144 8.000000
v 346.000000 9.442646 8.000000
v 348.000000 9.450441 8.000000
v 350.000000 9.415182 8.000000
v 352.000000 10.000000 7.955840
v 351.823425 10.000000 8.000000
v 354.000000 10.000000 7.945190
v 354.281525 10.000000 8.000000
v 356.000000 9.567287 8.000000
v 358.000000 9.447579 8.000000
v 360.000000 9.500438 8.000000
v 82.000000 10.156067 8.000000
v 84.000000 10.054205 8.000000
v 224.000000 10.156515 8.000000
v 226.000000 10.166243 8.000000
v 276.000000 10.061097 8.000000
v 314.000000 10.025245 8.000000
v 352.000000 10.075062 8.000000
v 354.000000 10.087460 8.000000
v 0.000000 15.833031 8.000000
v 0.303307 16.000000 8.000000
v 0.000000 16.000000 7.912606
v 8.000000 16.000000 7.895394
v 7.111610 16.000000 8.000000
v 8.000000 15.774558 8.000000
v 9.296939 16.000000 8.000000
v 22.000000 16.000000 7.650314
v 20.018024 16.000000 8.000000
v 22.000000 15.252994 8.000000
v 24.000000 15.340712 8.000000
v 24.000000 16.000000 7.679739
v 26.000000 15.777433 8.000000
v 26.000000 16.000000 7.890060
v 27.784462 16.000000 8.000000
v 30.000000 16.000000 7.992734
v 29.275284 16.000000 8.000000
v 30.000000 15.984466 8.000000
v 30.060492 16.000000 8.000000
v 42.000000 16.000000 7.884691
v 40.847416 16.000000 8.000000
v 42.000000 15.789342 8.000000
v 43.676044 16.000000 8.000000
v 66.000000 16.000000 7.886455
v 65.337372 16.000000 8.000000
v 66.000000 15.819652 8.000000
v 68.000000 15.986319 8.000000
v 68.000000 16.000000 7.992856
v 68.029533 16.000000 8.000000
v 202.000000 16.000000 7.653435
v 200.457901 16.000000 8.000000
v 202.000000 15.069450 8.000000
v 204.000000 14.653571 8.000000
v 204.000000 16.000000 7.411798
v 206.000000 15.013953 8.000000
v 206.000000 16.000000 7.625143
v 208.000000 15.559256 8.000000
v 208.000000 16.000000 7.810543
v 209.678452 16.000000 8.000000
v 222.000000 16.000000 7.971039
v 221.680984 16.000000 8.000000
v 222.000000 15.913261 8.000000
v 224.000000 15.175337 8.000000
v 224.000000 16.000000 7.694355
v 226.000000 15.180691 8.000000
v 226.000000 16.000000 7.700406
v 228.000000 15.738022 8.000000
v 228.000000 16.000000 7.905769
v 229.244797 16.000000 8.000000
v 240.000000 16.000000 7.967300
v 239.832825 16.000000 8.000000
v 240.000000 15.938971 8.000000
v 242.000000 15.192821 8.000000
v 242.000000 16.000000 7.496225
v 244.000000 15.292691 8.000000
v 244.000000 16.000000 7.524323
v 246.000000 15.338554 8.000000
v 246.000000 16.000000 7.537915
v 248.000000 15.513058 8.000000
v 248.000000 16.000000 7.674979
v 250.000000 15.771202 8.000000
v 250.000000 16.000000 7.858480
v 250.743210 16.000000 8.000000
v 258.000000 16.000000 7.844339
v 257.236908 16.000000 8.000000
v 258.000000 15.717554 8.000000
v 260.000000 15.957520 8.000000
v 260.000000 16.000000 7.979570
v 262.000000 15.667188 8.000000
v 262.000000 16.000000 7.816707
v 264.000000 15.082147 8.000000
v 264.000000 16.000000 7.433359
v 266.000000 15.645239 8.000000
v 266.000000 16.000000 7.855331
v 266.751862 16.000000 8.000000
v 270.000000 16.000000 7.856746
v 269.272125 16.000000 8.000000
v 270.000000 15.710395 8.000000
v 272.000000 15.158284 8.000000
v 272.000000 16.000000 7.477116
v 274.000000 15.146628 8.000000
v 274.000000 16.000000 7.445205
v 276.000000 15.004378 8.000000
v 276.000000 16.000000 7.511804
v 278.000000 15.086047 8.000000
v 278.000000 16.000000 7.519717
v 280.000000 15.770432 8.000000
v 280.000000 16.000000 7.880235
v 280.737305 16.000000 8.000000
v 286.000000 16.000000 7.935363
v 285.275574 16.000000 8.000000
v 286.000000 15.857625 8.000000
v 288.000000 15.796065 8.000000
v 288.000000 16.000000 7.876922
v 290.000000 15.777744 8.000000
v 290.000000 16.000000 7.876233
v 292.000000 15.794161 8.000000
v 292.000000 16.000000 7.888726
v 294.000000 15.181383 8.000000
v 294.000000 16.000000 7.563568
v 296.000000 15.609139 8.000000
v 296.000000 16.000000 7.823650
v 297.103760 16.000000 8.000000
v 322.000000 16.000000 7.897507
v 320.876984 16.000000 8.000000
v 322.000000 15.764166 8.000000
v 323.325104 16.000000 8.000000
v 336.000000 16.000000 7.916098
v 335.656403 16.000000 8.000000
v 336.000000 15.791807 8.000000
v 338.000000 15.299270 8.000000
v 338.000000 16.000000 7.703046
v 339.765991 16.000000 8.000000
v 352.000000 16.000000 7.475927
v 350.110840 16.000000 8.000000
v 352.000000 14.959538 8.000000
v 354.000000 15.081570 8.000000
v 354.000000 16.000000 7.502901
v 356.000000 15.788465 8.000000
v 356.000000 16.000000 7.895981
v 358.000000 15.472133 8.000000
v 358.000000 16.000000 7.719909
v 360.000000 15.833031 8.000000
v 360.000000 16.000000 7.912606
v 1.624775 18.000000 8.000000
v 0.000000 18.000000 7.659091
v 6.000000 18.000000 7.901468
v 5.426405 18.000000 8.000000
v 6.000000 17.155788 8.000000
v 8.000000 18.000000 7.731102
v 10.000000 16.824120 8.000000
v 10.000000 18.000000 7.919194
v 10.907956 18.000000 8.000000
v 20.000000 18.000000 7.936130
v 19.678171 18.000000 8.000000
v 20.000000 16.093904 8.000000
v 22.000000 18.000000 7.681470
v 24.000000 18.000000 7.713591
v 26.000000 18.000000 7.876300
v 28.000000 16.573387 8.000000
v 28.000000 18.000000 7.967144
v 30.000000 16.133900 8.000000
v 28.478107 18.000000 8.000000
v 42.000000 16.509062 8.000000
v 66.000000 16.885029 8.000000
v 68.000000 16.029985 8.000000
v 166.000000 18.000000 7.964782
v 165.362396 18.000000 8.000000
v 166.000000 17.761255 8.000000
v 166.513687 18.000000 8.000000
v 170.000000 18.000000 7.974392
v 169.603821 18.000000 8.000000
v 170.000000 17.807076 8.000000
v 172.000000 16.432713 8.000000
v 172.000000 18.000000 7.727683
v 174.000000 16.610468 8.000000
v 174.000000 18.000000 7.677675
v 176.000000 17.159266 8.000000
v 176.000000 18.000000 7.773358
v 178.000000 16.911211 8.000000
v 178.000000 18.000000 7.711720
v 180.000000 16.826227 8.000000
v 180.000000 18.000000 7.845307
v 181.223969 18.000000 8.000000
v 186.000000 18.000000 7.912186
v 184.864441 18.000000 8.000000
v 186.000000 17.319510 8.000000
v 188.000000 16.599922 8.000000
v 188.000000 18.000000 7.802058
v 190.000000 16.907585 8.000000
v 190.000000 18.000000 7.785042
v 192.000000 16.407547 8.000000
v 192.000000 18.000000 7.645650
v 194.000000 16.079580 8.000000
v 194.000000 18.000000 7.687905
v 196.000000 17.287949 8.000000
v 196.000000 18.000000 7.886774
v 198.000000 17.387451 8.000000
v 198.000000 18.000000 7.903421
v 200.000000 16.660122 8.000000
v 200.000000 18.000000 7.789576
v 202.000000 18.000000 7.400312
v 204.000000 18.000000 7.282464
v 206.000000 18.000000 7.367830
v 208.000000 18.000000 7.501650
v 210.000000 16.216063 8.000000
v 210.000000 18.000000 7.705166
v 211.501114 18.000000 8.000000
v 220.000000 18.000000 7.875178
v 219.281754 18.000000 8.000000
v 220.000000 17.075693 8.000000
v 222.000000 18.000000 7.750253
v 224.000000 18.000000 7.631917
v 226.000000 18.000000 7.535188
v 228.000000 18.000000 7.761691
v 230.000000 16.386623 8.000000
v 230.000000 18.000000 7.760387
v 232.000000 16.530699 8.000000
v 232.000000 18.000000 7.639594
v 234.000000 16.667130 8.000000
v 234.000000 18.000000 7.699100
v 235.527649 18.000000 8.000000
v 240.000000 18.000000 7.595831
v 238.189499 18.000000 8.000000
v 242.000000 18.000000 7.121216
v 244.000000 18.000000 7.164924
v 246.000000 18.000000 7.152498
v 248.000000 18.000000 7.208848
v 250.000000 18.000000 7.587475
v 251.856094 18.000000 8.000000
v 258.000000 18.000000 7.696560
v 256.290161 18.000000 8.000000
v 260.000000 18.000000 7.650152
v 262.000000 18.000000 7.337440
v 264.000000 18.000000 6.965665
v 266.000000 18.000000 7.369866
v 268.000000 16.932539 8.000000
v 268.000000 18.000000 7.708473
v 270.000000 18.000000 7.457438
v 272.000000 18.000000 7.200312
v 274.000000 18.000000 7.220574
v 276.000000 18.000000 7.078366
v 278.000000 18.000000 7.069933
v 280.000000 18.000000 7.664354
v 281.814301 18.000000 8.000000
v 286.000000 18.000000 7.912838
v 284.962128 18.000000 8.000000
v 288.000000 18.000000 7.801932
v 290.000000 18.000000 7.716753
v 292.000000 18.000000 7.338489
v 294.000000 18.000000 7.071286
v 296.000000 18.000000 7.322988
v 298.000000 16.562403 8.000000
v 298.000000 18.000000 7.643616
v 300.000000 17.285892 8.000000
v 300.000000 18.000000 7.877413
v 302.000000 17.233484 8.000000
v 302.000000 18.000000 7.864805
v 302.953369 18.000000 8.000000
v 308.000000 18.000000 7.993983
v 307.928009 18.000000 8.000000
v 308.000000 17.963333 8.000000
v 310.000000 16.873310 8.000000
v 310.000000 18.000000 7.791044
v 312.000000 17.396858 8.000000
v 312.000000 18.000000 7.956799
v 312.431702 18.000000 8.000000
v 320.000000 18.000000 7.985030
v 319.908539 18.000000 8.000000
v 320.000000 17.688192 8.000000
v 322.000000 18.000000 7.907439
v 323.031311 18.000000 8.000000
v 328.000000 18.000000 7.989368
v 327.868378 18.000000 8.000000
v 328.000000 17.777637 8.000000
v 330.000000 16.360685 8.000000
v 330.000000 18.000000 7.813883
v 332.000000 17.307005 8.000000
v 332.000000 18.000000 7.862345
v 334.000000 17.627949 8.000000
v 334.000000 18.000000 7.911429
v 336.000000 18.000000 7.492227
v 338.000000 18.000000 7.514180
v 340.000000 16.276144 8.000000
v 340.000000 18.000000 7.752852
v 342.000000 17.532642 8.000000
v 342.000000 18.000000 7.950104
v 344.000000 16.594538 8.000000
v 344.000000 18.000000 7.919851
v 346.000000 16.950787 8.000000
v 346.000000 18.000000 7.881982
v 347.367035 18.000000 8.000000
v 350.000000 18.000000 7.897332
v 348.693451 18.000000 8.000000
v 350.000000 16.482122 8.000000
v 352.000000 18.000000 7.491904
v 354.000000 18.000000 7.387413
v 356.000000 18.000000 7.616361
v 358.000000 18.000000 7.554992
v 360.000000 18.000000 7.659091
v 0.000000 18.903776 8.000000
v 6.000000 18.420160 8.000000
v 8.000000 19.014853 8.000000
v 10.000000 18.316515 8.000000
v 20.000000 18.266811 8.000000
v 22.000000 19.144600 8.000000
v 24.000000 18.856224 8.000000
v 26.000000 18.442179 8.000000
v 28.000000 18.138483 8.000000
v 166.000000 18.086714 8.000000
v 170.000000 18.063107 8.000000
v 172.000000 18.697876 8.000000
v 174.000000 18.900124 8.000000
v 176.000000 18.581055 8.000000
v 178.000000 18.764250 8.000000
v 180.000000 18.395994 8.000000
v 186.000000 18.237322 8.000000
v 188.000000 18.556332 8.000000
v 190.000000 18.600624 8.000000
v 192.000000 19.000502 8.000000
v 194.000000 19.019619 8.000000
v 196.000000 18.307682 8.000000
v 198.000000 18.231693 8.000000
v 200.000000 18.598478 8.000000
v 202.000000 19.880144 8.000000
v 204.000000 19.983398 8.000000
v 206.000000 19.802187 8.000000
v 208.000000 19.864971 8.000000
v 210.000000 18.786350 8.000000
v 220.000000 18.455971 8.000000
v 222.000000 18.767469 8.000000
v 224.000000 18.925423 8.000000
v 226.000000 19.522329 8.000000
v 228.000000 18.972620 8.000000
v 230.000000 18.715366 8.000000
v 232.000000 18.810383 8.000000
v 234.000000 18.589169 8.000000
v 240.000000 18.994114 8.000000
v 242.000000 19.833382 8.000000
v 244.000000 19.741793 8.000000
v 246.000000 19.726675 8.000000
v 248.000000 19.540682 8.000000
v 250.000000 18.955336 8.000000
v 258.000000 18.669420 8.000000
v 260.000000 18.890526 8.000000
v 262.000000 19.731501 8.000000
v 264.000000 20.000000 7.773300
v 262.631989 20.000000 8.000000
v 264.954895 20.000000 8.000000
v 266.000000 19.456190 8.000000
v 268.000000 18.786697 8.000000
v 270.000000 19.147095 8.000000
v 272.000000 19.419117 8.000000
v 274.000000 19.667868 8.000000
v 276.000000 20.000000 7.844414
v 275.032227 20.000000 8.000000
v 278.000000 20.000000 7.948860
v 278.214722 20.000000 8.000000
v 280.000000 18.892658 8.000000
v 286.000000 18.207062 8.000000
v 288.000000 18.495459 8.000000
v 290.000000 18.777102 8.000000
v 292.000000 19.724525 8.000000
v 294.000000 20.000000 7.857822
v 292.871185 20.000000 8.000000
v 295.036346 20.000000 8.000000
v 296.000000 19.689035 8.000000
v 298.000000 18.990696 8.000000
v 300.000000 18.448343 8.000000
v 302.000000 18.344177 8.000000
v 308.000000 18.017099 8.000000
v 310.000000 18.666216 8.000000
v 312.000000 18.142220 8.000000
v 320.000000 18.069941 8.000000
v 322.000000 18.323053 8.000000
v 328.000000 18.035515 8.000000
v 330.000000 18.594584 8.000000
v 332.000000 18.423426 8.000000
v 334.000000 18.384193 8.000000
v 336.000000 20.000000 7.994184
v 335.969421 20.000000 8.000000
v 336.040283 20.000000 8.000000
v 338.000000 19.267830 8.000000
v 340.000000 18.716990 8.000000
v 342.000000 18.201565 8.000000
v 344.000000 18.297766 8.000000
v 346.000000 18.413721 8.000000
v 350.000000 18.393602 8.000000
v 352.000000 20.000000 7.868183
v 351.517059 20.000000 8.000000
v 354.000000 20.000000 7.923712
v 354.370422 20.000000 8.000000
v 356.000000 19.101503 8.000000
v 358.000000 19.174900 8.000000
v 360.000000 18.903776 8.000000
v 264.000000 20.875057 8.000000
v 276.000000 21.489771 8.000000
v 278.000000 20.402966 8.000000
v 294.000000 20.755608 8.000000
v 336.000000 20.882360 8.000000
v 352.000000 22.000000 7.773230
v 351.224030 22.000000 8.000000
v 354.000000 22.000000 7.878037
v 354.547791 22.000000 8.000000
v 6.000000 24.000000 7.915042
v 5.624414 24.000000 8.000000
v 6.000000 23.484774 8.000000
v 8.000000 23.133816 8.000000
v 8.000000 24.000000 7.936700
v 8.707595 24.000000 8.000000
v 22.000000 24.000000 7.909651
v 21.273497 24.000000 8.000000
v 22.000000 22.707062 8.000000
v 23.165081 24.000000 8.000000
v 204.000000 24.000000 7.916396
v 202.717300 24.000000 8.000000
v 204.000000 23.590080 8.000000
v 205.264282 24.000000 8.000000
v 208.000000 24.000000 7.999171
v 207.964981 24.000000 8.000000
v 208.000000 23.995743 8.000000
v 208.003189 24.000000 8.000000
v 226.000000 24.000000 7.954725
v 225.766068 24.000000 8.000000
v 226.000000 23.777971 8.000000
v 227.700638 24.000000 8.000000
v 244.000000 24.000000 7.958617
v 242.176559 24.000000 8.000000
v 244.000000 23.793114 8.000000
v 245.392975 24.000000 8.000000
v 264.000000 24.000000 7.898345
v 262.387451 24.000000 8.000000
v 264.000000 23.504887 8.000000
v 264.675385 24.000000 8.000000
v 274.000000 24.000000 7.902454
v 273.306763 24.000000 8.000000
v 274.000000 23.501129 8.000000
v 276.000000 22.339828 8.000000
v 276.000000 24.000000 7.747180
v 278.000000 23.851183 8.000000
v 278.000000 24.000000 7.983294
v 278.094208 24.000000 8.000000
v 294.000000 24.000000 7.814719
v 292.812469 24.000000 8.000000
v 294.000000 23.122025 8.000000
v 296.000000 23.537832 8.000000
v 296.000000 24.000000 7.875279
v 297.121338 24.000000 8.000000
v 336.000000 24.000000 7.925693
v 335.445099 24.000000 8.000000
v 336.000000 22.187143 8.000000
v 338.000000 23.640491 8.000000
v 338.000000 24.000000 7.918397
v 338.898041 24.000000 8.000000
v 352.000000 24.000000 7.812274
v 351.078827 24.000000 8.000000
v 354.000000 24.000000 7.755515
v 355.227966 24.000000 8.000000
v 6.000000 24.221769 8.000000
v 8.000000 24.152023 8.000000
v 22.000000 24.171070 8.000000
v 204.000000 24.473288 8.000000
v 208.000000 24.003956 8.000000
v 226.000000 24.214052 8.000000
v 244.000000 24.454630 8.000000
v 264.000000 26.000000 7.905390
v 262.866943 26.000000 8.000000
v 264.583252 26.000000 8.000000
v 274.000000 24.940424 8.000000
v 276.000000 26.000000 7.887668
v 275.040161 26.000000 8.000000
v 277.037231 26.000000 8.000000
v 278.000000 24.285868 8.000000
v 294.000000 25.332975 8.000000
v 296.000000 24.788198 8.000000
v 336.000000 24.297516 8.000000
v 338.000000 24.286013 8.000000
v 352.000000 24.451715 8.000000
v 354.000000 24.480694 8.000000
v 264.000000 26.520849 8.000000
v 276.000000 26.769918 8.000000
v 244.000000 30.000000 7.999288
v 243.987274 30.000000 8.000000
v 244.000000 29.996876 8.000000
v 246.000000 29.959074 8.000000
v 246.000000 30.000000 7.991031
v 246.154633 30.000000 8.000000
v 262.000000 30.000000 7.991247
v 261.958710 30.000000 8.000000
v 262.000000 29.958950 8.000000
v 264.000000 29.075464 8.000000
v 264.000000 30.000000 7.770685
v 265.511627 30.000000 8.000000
v 276.000000 30.000000 7.695077
v 274.214661 30.000000 8.000000
v 276.000000 28.719057 8.000000
v 278.000000 29.615856 8.000000
v 278.000000 30.000000 7.900774
v 278.352264 30.000000 8.000000
v 294.000000 30.000000 7.824767
v 292.985016 30.000000 8.000000
v 294.000000 29.529995 8.000000
v 296.000000 29.831982 8.000000
v 296.000000 30.000000 7.943083
v 296.385834 30.000000 8.000000
v 336.000000 30.000000 7.955838
v 335.711304 30.000000 8.000000
v 336.000000 29.872911 8.000000
v 336.570770 30.000000 8.000000
v 0.000000 31.772753 8.000000
v 0.280163 32.000000 8.000000
v 0.000000 32.000000 7.914538
v 6.000000 32.000000 7.640320
v 4.635351 32.000000 8.000000
v 6.000000 31.138853 8.000000
v 8.000000 31.790224 8.000000
v 8.000000 32.000000 7.925819
v 8.450027 32.000000 8.000000
v 202.000000 32.000000 7.506580
v 200.696732 32.000000 8.000000
v 202.000000 30.818335 8.000000
v 204.000000 30.104620 8.000000
v 204.000000 32.000000 7.193243
v 206.000000 30.551273 8.000000
v 206.000000 32.000000 7.357781
v 208.000000 30.984112 8.000000
v 208.000000 32.000000 7.630383
v 210.000000 31.829508 8.000000
v 210.000000 32.000000 7.925776
v 210.223877 32.000000 8.000000
v 220.000000 32.000000 7.948506
v 219.778748 32.000000 8.000000
v 220.000000 31.858582 8.000000
v 222.000000 31.855612 8.000000
v 222.000000 32.000000 7.941793
v 224.000000 31.621906 8.000000
v 224.000000 32.000000 7.822541
v 226.000000 31.379219 8.000000
v 226.000000 32.000000 7.817351
v 228.000000 31.377045 8.000000
v 228.000000 32.000000 7.752763
v 230.000000 31.177891 8.000000
v 230.000000 32.000000 7.598012
v 232.000000 31.108932 8.000000
v 232.000000 32.000000 7.537223
v 234.000000 31.543840 8.000000
v 234.000000 32.000000 7.775980
v 235.689346 32.000000 8.000000
v 238.000000 32.000000 7.972054
v 237.203949 32.000000 8.000000
v 238.000000 31.935047 8.000000
v 240.000000 30.992327 8.000000
v 240.000000 32.000000 7.495041
v 242.000000 30.235041 8.000000
v 242.000000 32.000000 7.241324
v 244.000000 32.000000 7.239516
v 246.000000 32.000000 7.211157
v 248.000000 30.217661 8.000000
v 248.000000 32.000000 7.194197
v 250.000000 30.896368 8.000000
v 250.000000 32.000000 7.483071
v 252.000000 31.889328 8.000000
v 252.000000 32.000000 7.950245
v 254.000000 31.787512 8.000000
v 254.000000 32.000000 7.902269
v 256.000000 31.266884 8.000000
v 256.000000 32.000000 7.627622
v 258.000000 31.151758 8.000000
v 258.000000 32.000000 7.520272
v 260.000000 30.729183 8.000000
v 260.000000 32.000000 7.345592
v 262.000000 32.000000 6.876563
v 264.000000 32.000000 6.784346
v 266.000000 30.136913 8.000000
v 266.000000 32.000000 7.058831
v 268.000000 30.665741 8.000000
v 268.000000 32.000000 7.242836
v 270.000000 30.621710 8.000000
v 270.000000 32.000000 7.091284
v 272.000000 30.505711 8.000000
v 272.000000 32.000000 7.059174
v 274.000000 30.069899 8.000000
v 274.000000 32.000000 7.095840
v 276.000000 32.000000 6.827259
v 278.000000 32.000000 6.839081
v 280.000000 30.870268 8.000000
v 280.000000 32.000000 7.425957
v 282.000000 31.272516 8.000000
v 282.000000 32.000000 7.679041
v 284.000000 30.990520 8.000000
v 284.000000 32.000000 7.501461
v 286.000000 30.942177 8.000000
v 286.000000 32.000000 7.375353
v 288.000000 31.023918 8.000000
v 288.000000 32.000000 7.412436
v 290.000000 30.797966 8.000000
v 290.000000 32.000000 7.339923
v 292.000000 30.238443 8.000000
v 292.000000 32.000000 6.900548
v 294.000000 32.000000 6.751737
v 296.000000 32.000000 6.895228
v 298.000000 30.366690 8.000000
v 298.000000 32.000000 7.047223
v 300.000000 30.658220 8.000000
v 300.000000 32.000000 7.226831
v 302.000000 30.935631 8.000000
v 302.000000 32.000000 7.383581
v 304.000000 31.541956 8.000000
v 304.000000 32.000000 7.756597
v 306.000000 31.606985 8.000000
v 306.000000 32.000000 7.798181
v 308.000000 31.169926 8.000000
v 308.000000 32.000000 7.547681
v 310.000000 30.647787 8.000000
v 310.000000 32.000000 7.185267
v 312.000000 30.609930 8.000000
v 312.000000 32.000000 7.248040
v 314.000000 31.026764 8.000000
v 314.000000 32.000000 7.491323
v 316.000000 31.224525 8.000000
v 316.000000 32.000000 7.607299
v 318.000000 31.064438 8.000000
v 318.000000 32.000000 7.578520
v 320.000000 30.912167 8.000000
v 320.000000 32.000000 7.494831
v 322.000000 31.384834 8.000000
v 322.000000 32.000000 7.713564
v 323.104614 32.000000 8.000000
v 330.000000 32.000000 7.600991
v 328.243103 32.000000 8.000000
v 330.000000 31.051794 8.000000
v 332.000000 30.924665 8.000000
v 332.000000 32.000000 7.493515
v 334.000000 30.593641 8.000000
v 334.000000 32.000000 7.381732
v 336.000000 32.000000 7.160228
v 338.000000 30.234289 8.000000
v 338.000000 32.000000 7.188836
v 340.000000 31.219082 8.000000
v 340.000000 32.000000 7.694056
v 342.000000 31.423529 8.000000
v 342.000000 32.000000 7.781743
v 344.000000 30.793407 8.000000
v 344.000000 32.000000 7.446867
v 346.000000 30.824768 8.000000
v 346.000000 32.000000 7.480588
v 348.000000 31.331570 8.000000
v 348.000000 32.000000 7.696189
v 350.000000 30.957108 8.000000
v 350.000000 32.000000 7.427862
v 352.000000 30.516663 8.000000
v 352.000000 32.000000 7.330727
v 354.000000 31.331762 8.000000
v 354.000000 32.000000 7.744996
v 355.153351 32.000000 8.000000
v 358.000000 32.000000 7.804740
v 356.964813 32.000000 8.000000
v 358.000000 31.495899 8.000000
v 360.000000 31.772753 8.000000
v 360.000000 32.000000 7.914538
v 0.000000 32.246521 8.000000
v 6.000000 33.270321 8.000000
v 8.000000 32.225277 8.000000
v 202.000000 34.000000 7.989486
v 201.973328 34.000000 8.000000
v 204.000000 34.000000 7.792823
v 205.183044 34.000000 8.000000
v 206.000000 33.660374 8.000000
v 208.000000 32.934952 8.000000
v 210.000000 32.310551 8.000000
v 220.000000 32.237766 8.000000
v 222.000000 32.200981 8.000000
v 224.000000 32.474594 8.000000
v 226.000000 32.438591 8.000000
v 228.000000 32.570625 8.000000
v 230.000000 33.310242 8.000000
v 232.000000 34.000000 7.903819
v 231.387253 34.000000 8.000000
v 232.860428 34.000000 8.000000
v 234.000000 33.288185 8.000000
v 238.000000 32.145405 8.000000
v 240.000000 34.000000 7.918519
v 239.628860 34.000000 8.000000
v 242.000000 34.000000 7.535562
v 244.000000 34.000000 7.480848
v 246.000000 34.000000 7.428241
v 248.000000 34.000000 7.429106
v 250.000000 34.000000 7.812932
v 250.862213 34.000000 8.000000
v 252.000000 32.326443 8.000000
v 254.000000 32.429779 8.000000
v 256.000000 33.139542 8.000000
v 258.000000 34.000000 7.968086
v 257.799652 34.000000 8.000000
v 260.000000 34.000000 7.648247
v 262.000000 34.000000 7.154652
v 264.000000 34.000000 7.003534
v 266.000000 34.000000 7.342199
v 268.000000 34.000000 7.634924
v 270.000000 34.000000 7.596689
v 272.000000 34.000000 7.493697
v 274.000000 34.000000 7.401046
v 276.000000 34.000000 7.165849
v 278.000000 34.000000 7.157900
v 280.000000 34.000000 7.708638
v 281.714142 34.000000 8.000000
v 282.000000 33.737499 8.000000
v 284.000000 33.628860 8.000000
v 286.000000 34.000000 7.862088
v 284.932129 34.000000 8.000000
v 288.000000 34.000000 7.769710
v 290.000000 34.000000 7.640359
v 292.000000 34.000000 7.200286
v 294.000000 34.000000 7.015846
v 296.000000 34.000000 7.185091
v 298.000000 34.000000 7.339180
v 300.000000 34.000000 7.529856
v 302.000000 34.000000 7.738352
v 303.465424 34.000000 8.000000
v 304.000000 33.429462 8.000000
v 306.000000 33.072208 8.000000
v 308.000000 34.000000 7.821976
v 307.001587 34.000000 8.000000
v 310.000000 34.000000 7.518942
v 312.000000 34.000000 7.693251
v 313.890808 34.000000 8.000000
v 314.000000 33.933445 8.000000
v 316.000000 33.241100 8.000000
v 318.000000 34.000000 7.964898
v 317.745209 34.000000 8.000000
v 320.000000 34.000000 7.744666
v 322.000000 34.000000 7.961738
v 322.175385 34.000000 8.000000
v 330.000000 34.000000 7.869770
v 329.405792 34.000000 8.000000
v 332.000000 34.000000 7.846430
v 334.000000 34.000000 7.817217
v 336.000000 34.000000 7.496436
v 338.000000 34.000000 7.508266
v 340.000000 34.000000 7.994626
v 340.042755 34.000000 8.000000
v 342.000000 32.951260 8.000000
v 344.000000 34.000000 7.937173
v 343.598938 34.000000 8.000000
v 344.611694 34.000000 8.000000
v 346.000000 33.586090 8.000000
v 348.000000 32.890259 8.000000
v 350.000000 33.667896 8.000000
v 352.000000 33.876514 8.000000
v 354.000000 32.729282 8.000000
v 358.000000 32.607758 8.000000
v 360.000000 32.246521 8.000000
v 202.000000 34.011078 8.000000
v 204.000000 34.224678 8.000000
v 232.000000 34.114758 8.000000
v 240.000000 34.094513 8.000000
v 242.000000 34.584335 8.000000
v 244.000000 34.667122 8.000000
v 246.000000 34.727188 8.000000
v 248.000000 34.660130 8.000000
v 250.000000 34.224216 8.000000
v 258.000000 34.038620 8.000000
v 260.000000 34.428814 8.000000
v 262.000000 34.947025 8.000000
v 264.000000 35.242630 8.000000
v 266.000000 34.871902 8.000000
v 268.000000 34.436821 8.000000
v 270.000000 34.495171 8.000000
v 272.000000 34.641895 8.000000
v 274.000000 34.771698 8.000000
v 276.000000 35.074039 8.000000
v 278.000000 35.010780 8.000000
v 280.000000 34.366241 8.000000
v 286.000000 34.159454 8.000000
v 288.000000 34.257393 8.000000
v 290.000000 34.451702 8.000000
v 292.000000 34.986126 8.000000
v 294.000000 35.297604 8.000000
v 296.000000 35.097496 8.000000
v 298.000000 34.805054 8.000000
v 300.000000 34.551918 8.000000
v 302.000000 34.318459 8.000000
v 308.000000 34.213284 8.000000
v 310.000000 34.571400 8.000000
v 312.000000 34.346287 8.000000
v 318.000000 34.036766 8.000000
v 320.000000 34.323479 8.000000
v 322.000000 34.053013 8.000000
v 330.000000 34.159115 8.000000
v 332.000000 34.165447 8.000000
v 334.000000 34.196358 8.000000
v 336.000000 34.595329 8.000000
v 338.000000 34.593975 8.000000
v 340.000000 34.006233 8.000000
v 344.000000 34.066944 8.000000
v 272.000000 42.000000 7.998485
v 271.993469 42.000000 8.000000
v 272.000000 41.995430 8.000000
v 272.023987 42.000000 8.000000
v 292.000000 42.000000 7.853216
v 291.304474 42.000000 8.000000
v 292.000000 41.624825 8.000000
v 294.000000 40.289368 8.000000
v 294.000000 42.000000 7.328799
v 296.000000 40.778694 8.000000
v 296.000000 42.000000 7.438543
v 298.000000 41.913506 8.000000
v 298.000000 42.000000 7.960904
v 298.346161 42.000000 8.000000
v 272.000000 42.002083 8.000000
v 292.000000 42.208122 8.000000
v 294.000000 42.930885 8.000000
v 296.000000 42.779858 8.000000
v 298.000000 42.055664 8.000000
v 66.000000 126.000000 7.734922
v 64.893890 126.000000 8.000000
v 66.000000 125.658348 8.000000
v 68.000000 125.511894 8.000000
v 68.000000 126.000000 7.610023
v 70.000000 125.954170 8.000000
v 70.000000 126.000000 7.960840
v 70.258835 126.000000 8.000000
v 80.000000 126.000000 7.812950
v 79.102394 126.000000 8.000000
v 80.000000 125.774826 8.000000
v 82.000000 125.335106 8.000000
v 82.000000 126.000000 7.455696
v 84.000000 125.388580 8.000000
v 84.000000 126.000000 7.516338
v 85.555511 126.000000 8.000000
v 90.000000 126.000000 7.939053
v 89.456833 126.000000 8.000000
v 90.000000 125.917213 8.000000
v 92.000000 125.671654 8.000000
v 92.000000 126.000000 7.770454
v 94.000000 125.349434 8.000000
v 94.000000 126.000000 7.542566
v 96.000000 124.964027 8.000000
v 96.000000 126.000000 7.290178
v 98.000000 125.075058 8.000000
v 98.000000 126.000000 7.334787
v 100.000000 125.993324 8.000000
v 100.000000 126.000000 7.995328
v 100.145180 126.000000 8.000000
v 104.000000 126.000000 7.960593
v 103.219429 126.000000 8.000000
v 104.000000 125.944550 8.000000
v 104.453362 126.000000 8.000000
v 110.000000 126.000000 7.912682
v 109.311264 126.000000 8.000000
v 110.000000 125.881187 8.000000
v 112.000000 125.579514 8.000000
v 112.000000 126.000000 7.668923
v 114.000000 125.721344 8.000000
v 114.000000 126.000000 7.791749
v 114.690605 126.000000 8.000000
v 60.000000 128.000000 7.945182
v 59.784035 128.000000 8.000000
v 60.000000 127.822098 8.000000
v 62.000000 126.862175 8.000000
v 62.000000 128.000000 7.616046
v 64.000000 126.522812 8.000000
v 64.000000 128.000000 7.465410
v 66.000000 128.000000 7.362465
v 68.000000 128.000000 7.306871
v 70.000000 128.000000 7.686462
v 72.000000 127.445221 8.000000
v 72.000000 128.000000 7.900427
v 74.000000 126.720879 8.000000
v 74.000000 128.000000 7.766138
v 76.000000 126.669304 8.000000
v 76.000000 128.000000 7.810246
v 78.000000 127.108803 8.000000
v 78.000000 128.000000 7.813499
v 80.000000 128.000000 7.381821
v 82.000000 128.000000 7.030941
v 84.000000 128.000000 7.272636
v 86.000000 126.606155 8.000000
v 86.000000 128.000000 7.685513
v 88.000000 126.591965 8.000000
v 88.000000 128.000000 7.640582
v 90.000000 128.000000 7.627110
v 92.000000 128.000000 7.533532
v 94.000000 128.000000 7.324963
v 96.000000 128.000000 7.048335
v 98.000000 128.000000 7.055932
v 100.000000 128.000000 7.561030
v 102.000000 126.216202 8.000000
v 102.000000 128.000000 7.538596
v 104.000000 128.000000 7.698918
v 106.000000 127.116661 8.000000
v 106.000000 128.000000 7.894585
v 108.000000 126.950195 8.000000
v 108.000000 128.000000 7.820879
v 110.000000 128.000000 7.455984
v 112.000000 128.000000 7.191457
v 114.000000 128.000000 7.285771
v 116.000000 127.130493 8.000000
v 116.000000 128.000000 7.704120
v 118.000000 127.390083 8.000000
v 118.000000 128.000000 7.819065
v 120.000000 126.594818 8.000000
v 120.000000 128.000000 7.613102
v 122.000000 127.849274 8.000000
v 122.000000 128.000000 7.953494
v 123.126122 128.000000 8.000000
v 126.000000 128.000000 7.812098
v 124.313721 128.000000 8.000000
v 126.000000 127.144241 8.000000
v 128.000000 126.399864 8.000000
v 128.000000 128.000000 7.513049
v 130.000000 127.403435 8.000000
v 130.000000 128.000000 7.776114
v 130.815018 128.000000 8.000000
v 60.000000 128.174423 8.000000
v 62.000000 129.010986 8.000000
v 64.000000 129.203110 8.000000
v 66.000000 129.418503 8.000000
v 68.000000 129.747192 8.000000
v 70.000000 128.820129 8.000000
v 72.000000 128.252762 8.000000
v 74.000000 128.581573 8.000000
v 76.000000 128.465042 8.000000
v 78.000000 128.380905 8.000000
v 80.000000 129.197495 8.000000
v 82.000000 129.808197 8.000000
v 84.000000 129.621704 8.000000
v 86.000000 128.744614 8.000000
v 88.000000 128.963776 8.000000
v 90.000000 128.955688 8.000000
v 92.000000 129.118073 8.000000
v 94.000000 129.529190 8.000000
v 96.000000 130.000000 7.965851
v 95.738358 130.000000 8.000000
v 98.000000 130.000000 7.980083
v 98.084679 130.000000 8.000000
v 100.000000 129.035065 8.000000
v 102.000000 129.048492 8.000000
v 104.000000 128.767914 8.000000
v 106.000000 128.241287 8.000000
v 108.000000 128.360153 8.000000
v 110.000000 129.149261 8.000000
v 112.000000 130.000000 7.989439
v 111.951584 130.000000 8.000000
v 112.132660 130.000000 8.000000
v 114.000000 129.668396 8.000000
v 116.000000 128.721161 8.000000
v 118.000000 128.423218 8.000000
v 120.000000 128.905090 8.000000
v 122.000000 128.103088 8.000000
v 126.000000 128.373215 8.000000
v 128.000000 128.954361 8.000000
v 130.000000 128.534149 8.000000
v 96.000000 130.152481 8.000000
v 98.000000 130.071167 8.000000
v 112.000000 130.037186 8.000000
v 6.000000 136.000000 7.924353
v 5.774168 136.000000 8.000000
v 6.000000 135.867981 8.000000
v 7.214148 136.000000 8.000000
v 62.000000 136.000000 7.985290
v 61.849220 136.000000 8.000000
v 62.000000 135.954376 8.000000
v 64.000000 135.540604 8.000000
v 64.000000 136.000000 7.872760
v 66.000000 134.326233 8.000000
v 66.000000 136.000000 7.660886
v 68.000000 134.218170 8.000000
v 68.000000 136.000000 7.739844
v 68.940712 136.000000 8.000000
v 82.000000 136.000000 7.729608
v 80.921379 136.000000 8.000000
v 82.000000 135.000900 8.000000
v 84.000000 134.831253 8.000000
v 84.000000 136.000000 7.759048
v 85.060272 136.000000 8.000000
v 94.000000 136.000000 7.783748
v 92.937744 136.000000 8.000000
v 94.000000 135.350998 8.000000
v 96.000000 134.042542 8.000000
v 96.000000 136.000000 7.399292
v 98.000000 134.374176 8.000000
v 98.000000 136.000000 7.464627
v 99.474861 136.000000 8.000000
v 112.000000 136.000000 7.990611
v 111.893570 136.000000 8.000000
v 112.000000 135.960052 8.000000
v 112.135925 136.000000 8.000000
v 128.000000 136.000000 7.889844
v 127.324142 136.000000 8.000000
v 128.000000 135.667892 8.000000
v 129.919174 136.000000 8.000000
v 142.000000 136.000000 7.950173
v 141.267853 136.000000 8.000000
v 142.000000 135.895721 8.000000
v 142.430405 136.000000 8.000000
v 156.000000 136.000000 7.862957
v 155.399170 136.000000 8.000000
v 156.000000 135.476074 8.000000
v 158.000000 135.370041 8.000000
v 158.000000 136.000000 7.745927
v 158.851349 136.000000 8.000000
v 172.000000 136.000000 7.485302
v 170.961304 136.000000 8.000000
v 172.000000 134.749466 8.000000
v 174.000000 134.421600 8.000000
v 174.000000 136.000000 7.448493
v 175.715958 136.000000 8.000000
v 186.000000 136.000000 7.846133
v 185.724899 136.000000 8.000000
v 186.000000 135.679443 8.000000
v 188.000000 135.360214 8.000000
v 188.000000 136.000000 7.727123
v 188.509506 136.000000 8.000000
v 262.000000 136.000000 7.746262
v 261.558105 136.000000 8.000000
v 262.000000 135.627655 8.000000
v 264.000000 135.457809 8.000000
v 264.000000 136.000000 7.580912
v 264.879578 136.000000 8.000000
v 278.000000 136.000000 7.974884
v 277.828308 136.000000 8.000000
v 278.000000 135.962830 8.000000
v 278.046234 136.000000 8.000000
v 352.000000 136.000000 7.969185
v 351.954163 136.000000 8.000000
v 352.000000 135.957077 8.000000
v 352.137726 136.000000 8.000000
v 6.000000 138.000000 7.940274
v 5.764641 138.000000 8.000000
v 8.000000 136.485138 8.000000
v 8.000000 138.000000 7.852140
v 8.543634 138.000000 8.000000
v 62.000000 136.165512 8.000000
v 64.000000 138.000000 7.951658
v 63.547825 138.000000 8.000000
v 66.000000 138.000000 7.724660
v 68.000000 138.000000 7.984403
v 68.064011 138.000000 8.000000
v 82.000000 138.000000 7.763752
v 81.254013 138.000000 8.000000
v 84.000000 138.000000 7.717051
v 85.369263 138.000000 8.000000
v 94.000000 138.000000 7.668741
v 92.525406 138.000000 8.000000
v 96.000000 138.000000 7.492366
v 98.000000 138.000000 7.747102
v 98.912834 138.000000 8.000000
v 112.000000 136.841125 8.000000
v 128.000000 137.147736 8.000000
v 142.000000 138.000000 7.935845
v 141.535599 138.000000 8.000000
v 142.555283 138.000000 8.000000
v 156.000000 138.000000 7.853009
v 155.349274 138.000000 8.000000
v 158.000000 138.000000 7.775607
v 158.653519 138.000000 8.000000
v 172.000000 138.000000 7.524322
v 170.987762 138.000000 8.000000
v 174.000000 138.000000 7.504258
v 175.332672 138.000000 8.000000
v 186.000000 138.000000 7.808624
v 185.663574 138.000000 8.000000
v 188.000000 138.000000 7.674215
v 188.567703 138.000000 8.000000
v 262.000000 138.000000 7.407490
v 261.024780 138.000000 8.000000
v 264.000000 138.000000 7.247937
v 265.436462 138.000000 8.000000
v 276.000000 138.000000 7.916767
v 275.855316 138.000000 8.000000
v 276.000000 137.533524 8.000000
v 278.000000 138.000000 7.583332
v 278.755920 138.000000 8.000000
v 292.000000 138.000000 7.787953
v 291.513916 138.000000 8.000000
v 292.000000 137.002960 8.000000
v 294.000000 137.118378 8.000000
v 294.000000 138.000000 7.829215
v 294.582123 138.000000 8.000000
v 352.000000 138.000000 7.580254
v 351.296478 138.000000 8.000000
v 354.000000 137.960617 8.000000
v 354.000000 138.000000 7.992056
v 354.019165 138.000000 8.000000
v 6.000000 139.367981 8.000000
v 8.000000 140.000000 7.960828
v 6.824545 140.000000 8.000000
v 8.128953 140.000000 8.000000
v 64.000000 138.340515 8.000000
v 66.000000 139.900726 8.000000
v 68.000000 138.182999 8.000000
v 82.000000 140.000000 7.754063
v 81.253899 140.000000 8.000000
v 84.000000 140.000000 7.629245
v 85.969574 140.000000 8.000000
v 94.000000 139.496994 8.000000
v 96.000000 140.000000 7.832488
v 94.830582 140.000000 8.000000
v 98.000000 140.000000 7.889318
v 98.394424 140.000000 8.000000
v 142.000000 138.341827 8.000000
v 156.000000 140.000000 7.966155
v 155.807739 140.000000 8.000000
v 158.000000 140.000000 7.869821
v 158.422516 140.000000 8.000000
v 172.000000 140.000000 7.594117
v 171.041214 140.000000 8.000000
v 174.000000 140.000000 7.598853
v 175.129044 140.000000 8.000000
v 186.000000 140.000000 7.459167
v 184.937836 140.000000 8.000000
v 188.000000 140.000000 7.353378
v 189.084229 140.000000 8.000000
v 262.000000 140.000000 7.475648
v 261.053955 140.000000 8.000000
v 264.000000 140.000000 7.305734
v 265.245117 140.000000 8.000000
v 276.000000 140.000000 7.955199
v 275.919342 140.000000 8.000000
v 278.000000 140.000000 7.681230
v 278.659729 140.000000 8.000000
v 292.000000 140.000000 7.936478
v 291.829742 140.000000 8.000000
v 294.000000 140.000000 7.884920
v 294.479370 140.000000 8.000000
v 352.000000 140.000000 7.825407
v 351.629028 140.000000 8.000000
v 353.129730 140.000000 8.000000
v 354.000000 138.109955 8.000000
v 6.000000 142.000000 7.512638
v 4.393679 142.000000 8.000000
v 6.000000 140.101883 8.000000
v 8.000000 142.000000 7.548956
v 9.680471 142.000000 8.000000
v 66.000000 142.000000 7.862011
v 65.155853 142.000000 8.000000
v 66.000000 140.191116 8.000000
v 68.000000 140.857162 8.000000
v 68.000000 142.000000 7.789932
v 69.118820 142.000000 8.000000
v 82.000000 142.000000 7.453709
v 80.251785 142.000000 8.000000
v 84.000000 142.000000 7.267517
v 86.000000 140.028290 8.000000
v 86.000000 142.000000 7.587828
v 87.958084 142.000000 8.000000
v 96.000000 142.000000 7.760892
v 94.260147 142.000000 8.000000
v 98.000000 142.000000 7.735481
v 98.975021 142.000000 8.000000
v 112.000000 142.000000 7.924050
v 111.446686 142.000000 8.000000
v 112.000000 140.926910 8.000000
v 114.000000 141.145432 8.000000
v 114.000000 142.000000 7.933962
v 114.343597 142.000000 8.000000
v 142.000000 142.000000 7.864032
v 140.510742 142.000000 8.000000
v 142.000000 141.395294 8.000000
v 143.700012 142.000000 8.000000
v 152.000000 142.000000 7.971172
v 151.457764 142.000000 8.000000
v 152.000000 141.847794 8.000000
v 154.000000 141.382492 8.000000
v 154.000000 142.000000 7.861704
v 156.000000 142.000000 7.450428
v 158.000000 142.000000 7.324212
v 159.925186 142.000000 8.000000
v 172.000000 142.000000 7.424244
v 170.607910 142.000000 8.000000
v 174.000000 142.000000 7.262777
v 175.952347 142.000000 8.000000
v 186.000000 142.000000 7.140346
v 184.360748 142.000000 8.000000
v 188.000000 142.000000 6.963017
v 189.799500 142.000000 8.000000
v 202.000000 142.000000 7.479192
v 200.293655 142.000000 8.000000
v 202.000000 140.260056 8.000000
v 204.000000 140.847061 8.000000
v 204.000000 142.000000 7.534435
v 205.648804 142.000000 8.000000
v 220.000000 142.000000 7.978412
v 219.876007 142.000000 8.000000
v 220.000000 141.927475 8.000000
v 220.053085 142.000000 8.000000
v 232.000000 142.000000 7.939941
v 230.297012 142.000000 8.000000
v 232.000000 141.810394 8.000000
v 232.155975 142.000000 8.000000
v 240.000000 142.000000 7.914454
v 239.732513 142.000000 8.000000
v 240.000000 141.739761 8.000000
v 242.000000 141.885895 8.000000
v 242.000000 142.000000 7.968336
v 242.216614 142.000000 8.000000
v 246.000000 142.000000 7.667926
v 244.869644 142.000000 8.000000
v 246.000000 140.903610 8.000000
v 248.000000 140.197708 8.000000
v 248.000000 142.000000 7.464250
v 249.338150 142.000000 8.000000
v 262.000000 142.000000 7.247720
v 260.367554 142.000000 8.000000
v 264.000000 142.000000 7.069501
v 266.000000 141.988007 8.000000
v 266.000000 142.000000 7.997335
v 266.013641 142.000000 8.000000
v 276.000000 142.000000 7.352407
v 274.900604 142.000000 8.000000
v 278.000000 142.000000 7.250390
v 279.462250 142.000000 8.000000
v 292.000000 142.000000 7.725305
v 291.301178 142.000000 8.000000
v 294.000000 142.000000 7.679618
v 295.662079 142.000000 8.000000
v 352.000000 142.000000 7.531263
v 350.994110 142.000000 8.000000
v 354.000000 140.625473 8.000000
v 354.000000 142.000000 7.711687
v 354.920898 142.000000 8.000000
v 4.000000 144.000000 7.857340
v 2.855361 144.000000 8.000000
v 4.000000 142.922409 8.000000
v 6.000000 144.000000 7.072712
v 8.000000 144.000000 7.227518
v 10.000000 143.207764 8.000000
v 10.000000 144.000000 7.942871
v 10.406176 144.000000 8.000000
v 22.000000 144.000000 7.845760
v 20.194113 144.000000 8.000000
v 22.000000 142.704788 8.000000
v 22.813519 144.000000 8.000000
v 62.000000 144.000000 7.984378
v 61.889133 144.000000 8.000000
v 62.000000 143.891953 8.000000
v 62.532360 144.000000 8.000000
v 66.000000 144.000000 7.855594
v 64.456963 144.000000 8.000000
v 68.000000 144.000000 7.746253
v 69.147911 144.000000 8.000000
v 82.000000 144.000000 7.803609
v 81.312958 144.000000 8.000000
v 84.000000 144.000000 7.547369
v 85.673340 144.000000 8.000000
v 86.000000 143.634918 8.000000
v 96.000000 144.000000 7.687484
v 94.274712 144.000000 8.000000
v 98.000000 144.000000 7.628289
v 98.988663 144.000000 8.000000
v 112.000000 144.000000 7.889427
v 111.377441 144.000000 8.000000
v 114.000000 144.000000 7.987103
v 114.046684 144.000000 8.000000
v 142.000000 143.300674 8.000000
v 152.000000 142.334717 8.000000
v 154.000000 142.963684 8.000000
v 156.000000 144.000000 7.660190
v 154.597549 144.000000 8.000000
v 158.000000 144.000000 7.444299
v 159.783676 144.000000 8.000000
v 172.000000 144.000000 7.302507
v 170.615463 144.000000 8.000000
v 174.000000 144.000000 7.017541
v 176.000000 142.243240 8.000000
v 176.000000 144.000000 7.867380
v 176.665955 144.000000 8.000000
v 186.000000 144.000000 7.533877
v 184.986328 144.000000 8.000000
v 188.000000 144.000000 7.160044
v 189.539825 144.000000 8.000000
v 202.000000 144.000000 7.230976
v 200.293167 144.000000 8.000000
v 204.000000 144.000000 7.255604
v 206.000000 143.015152 8.000000
v 206.000000 144.000000 7.901530
v 207.264435 144.000000 8.000000
v 210.000000 144.000000 7.999821
v 209.993988 144.000000 8.000000
v 210.000000 143.989960 8.000000
v 210.000580 144.000000 8.000000
v 220.000000 142.688828 8.000000
v 232.000000 144.000000 7.915585
v 230.010742 144.000000 8.000000
v 232.256897 144.000000 8.000000
v 240.000000 143.723206 8.000000
v 242.000000 142.234482 8.000000
v 246.000000 144.000000 7.620050
v 244.906067 144.000000 8.000000
v 248.000000 144.000000 7.314432
v 249.605881 144.000000 8.000000
v 262.000000 144.000000 7.089443
v 260.344177 144.000000 8.000000
v 264.000000 144.000000 7.028643
v 266.000000 144.000000 7.801415
v 266.960297 144.000000 8.000000
v 276.000000 144.000000 7.201311
v 274.646729 144.000000 8.000000
v 278.000000 144.000000 7.129573
v 279.591614 144.000000 8.000000
v 292.000000 144.000000 7.319335
v 290.575165 144.000000 8.000000
v 294.000000 144.000000 7.452682
v 295.760468 144.000000 8.000000
v 336.000000 144.000000 7.650995
v 334.936951 144.000000 8.000000
v 336.000000 142.688263 8.000000
v 338.000000 142.355026 8.000000
v 338.000000 144.000000 7.575270
v 339.420288 144.000000 8.000000
v 352.000000 144.000000 7.244974
v 350.338837 144.000000 8.000000
v 354.000000 144.000000 7.712497
v 354.701385 144.000000 8.000000
v 4.000000 144.258698 8.000000
v 6.000000 145.658249 8.000000
v 8.000000 145.375320 8.000000
v 10.000000 144.095230 8.000000
v 22.000000 144.324615 8.000000
v 62.000000 144.047440 8.000000
v 66.000000 144.581650 8.000000
v 68.000000 144.821671 8.000000
v 82.000000 144.452515 8.000000
v 84.000000 144.940964 8.000000
v 96.000000 145.213089 8.000000
v 98.000000 145.091171 8.000000
v 112.000000 144.489990 8.000000
v 114.000000 144.045517 8.000000
v 156.000000 144.619888 8.000000
v 158.000000 145.030670 8.000000
v 172.000000 146.000000 7.876963
v 171.753342 146.000000 8.000000
v 174.000000 146.000000 7.522672
v 175.041885 146.000000 8.000000
v 176.000000 144.451965 8.000000
v 186.000000 145.136551 8.000000
v 188.000000 146.000000 7.893003
v 187.540848 146.000000 8.000000
v 188.235504 146.000000 8.000000
v 202.000000 145.729248 8.000000
v 204.000000 145.718719 8.000000
v 206.000000 144.215179 8.000000
v 210.000000 144.000381 8.000000
v 232.000000 144.202393 8.000000
v 246.000000 144.828354 8.000000
v 248.000000 145.817123 8.000000
v 262.000000 146.000000 7.663224
v 261.420380 146.000000 8.000000
v 264.000000 146.000000 7.499580
v 265.019287 146.000000 8.000000
v 266.000000 144.562241 8.000000
v 276.000000 145.760742 8.000000
v 278.000000 146.000000 7.770578
v 276.655945 146.000000 8.000000
v 278.449158 146.000000 8.000000
v 292.000000 146.000000 7.745024
v 291.527100 146.000000 8.000000
v 294.000000 146.000000 7.887908
v 294.366394 146.000000 8.000000
v 336.000000 144.990799 8.000000
v 338.000000 145.243515 8.000000
v 352.000000 145.489777 8.000000
v 354.000000 144.545853 8.000000
v 172.000000 146.341507 8.000000
v 174.000000 147.238129 8.000000
v 188.000000 146.382324 8.000000
v 262.000000 147.172256 8.000000
v 264.000000 147.881149 8.000000
v 278.000000 146.737152 8.000000
v 292.000000 146.844086 8.000000
v 294.000000 146.421951 8.000000
v 6.000000 150.000000 7.543326
v 4.815856 150.000000 8.000000
v 6.000000 149.325363 8.000000
v 8.000000 149.540375 8.000000
v 8.000000 150.000000 7.680627
v 8.871842 150.000000 8.000000
v 66.000000 150.000000 7.937918
v 65.378105 150.000000 8.000000
v 66.000000 149.835602 8.000000
v 67.051361 150.000000 8.000000
v 82.000000 150.000000 7.882510
v 81.569168 150.000000 8.000000
v 82.000000 149.801315 8.000000
v 84.000000 149.664017 8.000000
v 84.000000 150.000000 7.790388
v 84.731529 150.000000 8.000000
v 96.000000 150.000000 7.490864
v 94.205032 150.000000 8.000000
v 96.000000 149.165237 8.000000
v 98.000000 149.579544 8.000000
v 98.000000 150.000000 7.768283
v 98.707695 150.000000 8.000000
v 158.000000 150.000000 7.968871
v 157.717651 150.000000 8.000000
v 158.000000 149.943359 8.000000
v 158.133713 150.000000 8.000000
v 172.000000 150.000000 7.674664
v 171.098022 150.000000 8.000000
v 172.000000 149.289871 8.000000
v 174.000000 148.767502 8.000000
v 174.000000 150.000000 7.514297
v 175.507675 150.000000 8.000000
v 186.000000 150.000000 7.906264
v 185.812668 150.000000 8.000000
v 186.000000 149.829315 8.000000
v 188.000000 148.906921 8.000000
v 188.000000 150.000000 7.461092
v 189.090637 150.000000 8.000000
v 202.000000 150.000000 7.827287
v 201.438980 150.000000 8.000000
v 202.000000 149.652664 8.000000
v 204.000000 149.995041 8.000000
v 204.000000 150.000000 7.997727
v 204.007996 150.000000 8.000000
v 248.000000 150.000000 7.724400
v 246.809647 150.000000 8.000000
v 248.000000 149.397156 8.000000
v 248.808594 150.000000 8.000000
v 262.000000 150.000000 7.185189
v 260.657501 150.000000 8.000000
v 262.000000 148.433746 8.000000
v 264.000000 148.064148 8.000000
v 264.000000 150.000000 7.089008
v 266.000000 149.968094 8.000000
v 266.000000 150.000000 7.983229
v 266.077789 150.000000 8.000000
v 276.000000 150.000000 7.628252
v 275.309052 150.000000 8.000000
v 276.000000 149.260254 8.000000
v 278.000000 148.773895 8.000000
v 278.000000 150.000000 7.409764
v 279.214508 150.000000 8.000000
v 292.000000 150.000000 7.515991
v 290.905640 150.000000 8.000000
v 292.000000 148.826691 8.000000
v 294.000000 149.039169 8.000000
v 294.000000 150.000000 7.621079
v 295.467224 150.000000 8.000000
v 336.000000 150.000000 7.892872
v 335.722809 150.000000 8.000000
v 336.000000 149.807053 8.000000
v 338.000000 149.799744 8.000000
v 338.000000 150.000000 7.894431
v 338.385925 150.000000 8.000000
v 352.000000 150.000000 7.808661
v 351.440186 150.000000 8.000000
v 352.000000 149.675781 8.000000
v 352.794922 150.000000 8.000000
v 0.000000 152.000000 7.210853
v 2.000000 150.863342 8.000000
v 2.000000 152.000000 7.394103
v 0.000000 150.689270 8.000000
v 4.000000 150.508926 8.000000
v 4.000000 152.000000 7.136063
v 6.000000 152.000000 6.436820
v 8.000000 152.000000 6.556564
v 10.000000 150.731903 8.000000
v 10.000000 152.000000 7.318455
v 12.000000 151.128922 8.000000
v 12.000000 152.000000 7.490056
v 14.000000 150.700012 8.000000
v 14.000000 152.000000 7.108676
v 16.000000 150.881638 8.000000
v 16.000000 152.000000 7.322876
v 18.000000 151.354218 8.000000
v 18.000000 152.000000 7.614847
v 20.000000 150.774231 8.000000
v 20.000000 152.000000 7.309204
v 22.000000 150.502945 8.000000
v 22.000000 152.000000 7.035285
v 24.000000 151.232208 8.000000
v 24.000000 152.000000 7.565541
v 26.000000 151.608749 8.000000
v 26.000000 152.000000 7.792580
v 28.000000 151.057037 8.000000
v 28.000000 152.000000 7.469237
v 30.000000 150.675797 8.000000
v 30.000000 152.000000 7.231841
v 32.000000 151.410477 8.000000
v 32.000000 152.000000 7.680740
v 34.000000 151.749420 8.000000
v 34.000000 152.000000 7.854527
v 36.000000 151.070724 8.000000
v 36.000000 152.000000 7.416753
v 38.000000 150.547134 8.000000
v 38.000000 152.000000 7.058028
v 40.000000 150.552109 8.000000
v 40.000000 152.000000 7.049594
v 42.000000 151.075836 8.000000
v 42.000000 152.000000 7.446826
v 44.000000 151.298859 8.000000
v 44.000000 152.000000 7.563209
v 46.000000 151.263077 8.000000
v 46.000000 152.000000 7.539906
v 48.000000 150.749985 8.000000
v 48.000000 152.000000 7.147177
v 50.000000 150.607590 8.000000
v 50.000000 152.000000 7.121366
v 52.000000 150.807205 8.000000
v 52.000000 152.000000 7.268635
v 54.000000 151.909317 8.000000
v 54.000000 152.000000 7.949172
v 54.571102 152.000000 8.000000
v 58.000000 152.000000 7.575712
v 56.428062 152.000000 8.000000
v 58.000000 151.375198 8.000000
v 60.000000 150.643097 8.000000
v 60.000000 152.000000 7.158751
v 62.000000 150.549042 8.000000
v 62.000000 152.000000 7.256444
v 64.000000 150.249588 8.000000
v 64.000000 152.000000 7.140995
v 66.000000 152.000000 6.859959
v 68.000000 150.087509 8.000000
v 68.000000 152.000000 6.923785
v 70.000000 150.751816 8.000000
v 70.000000 152.000000 7.342278
v 72.000000 151.100555 8.000000
v 72.000000 152.000000 7.532614
v 74.000000 150.968307 8.000000
v 74.000000 152.000000 7.466353
v 76.000000 151.040512 8.000000
v 76.000000 152.000000 7.462491
v 78.000000 150.890900 8.000000
v 78.000000 152.000000 7.356350
v 80.000000 150.573227 8.000000
v 80.000000 152.000000 7.053238
v 82.000000 152.000000 6.684402
v 84.000000 152.000000 6.815876
v 86.000000 150.536163 8.000000
v 86.000000 152.000000 7.083276
v 88.000000 150.914810 8.000000
v 88.000000 152.000000 7.256595
v 90.000000 150.682968 8.000000
v 90.000000 152.000000 7.168806
v 92.000000 150.521454 8.000000
v 92.000000 152.000000 7.024437
v 94.000000 150.073395 8.000000
v 94.000000 152.000000 6.612153
v 96.000000 152.000000 6.276687
v 98.000000 152.000000 6.384404
v 100.000000 150.543457 8.000000
v 100.000000 152.000000 7.007486
v 102.000000 150.952271 8.000000
v 102.000000 152.000000 7.264935
v 104.000000 150.742477 8.000000
v 104.000000 152.000000 7.213840
v 106.000000 150.795197 8.000000
v 106.000000 152.000000 7.225087
v 108.000000 151.068359 8.000000
v 108.000000 152.000000 7.419974
v 110.000000 150.708633 8.000000
v 110.000000 152.000000 7.240880
v 112.000000 150.206329 8.000000
v 112.000000 152.000000 7.074409
v 114.000000 150.415665 8.000000
v 114.000000 152.000000 7.081858
v 116.000000 150.956238 8.000000
v 116.000000 152.000000 7.293602
v 118.000000 151.079895 8.000000
v 118.000000 152.000000 7.345781
v 120.000000 150.555481 8.000000
v 120.000000 152.000000 7.026113
v 122.000000 150.810455 8.000000
v 122.000000 152.000000 7.231277
v 124.000000 151.222824 8.000000
v 124.000000 152.000000 7.429140
v 126.000000 150.814026 8.000000
v 126.000000 152.000000 7.046873
v 128.000000 150.500000 8.000000
v 128.000000 152.000000 6.835602
v 130.000000 150.575394 8.000000
v 130.000000 152.000000 6.995015
v 132.000000 151.064667 8.000000
v 132.000000 152.000000 7.358687
v 134.000000 151.623566 8.000000
v 134.000000 152.000000 7.727574
v 136.000000 151.637436 8.000000
v 136.000000 152.000000 7.755300
v 138.000000 150.977051 8.000000
v 138.000000 152.000000 7.316539
v 140.000000 150.603729 8.000000
v 140.000000 152.000000 7.076079
v 142.000000 150.262466 8.000000
v 142.000000 152.000000 6.894678
v 144.000000 150.564972 8.000000
v 144.000000 152.000000 7.162906
v 146.000000 151.145447 8.000000
v 146.000000 152.000000 7.573853
v 148.000000 151.214798 8.000000
v 148.000000 152.000000 7.582138
v 150.000000 150.917984 8.000000
v 150.000000 152.000000 7.440186
v 152.000000 151.431976 8.000000
v 152.000000 152.000000 7.730841
v 154.000000 151.331680 8.000000
v 154.000000 152.000000 7.690863
v 156.000000 150.408188 8.000000
v 156.000000 152.000000 7.298052
v 158.000000 152.000000 7.095481
v 160.000000 150.831985 8.000000
v 160.000000 152.000000 7.412512
v 162.000000 151.400940 8.000000
v 162.000000 152.000000 7.670063
v 164.000000 151.534729 8.000000
v 164.000000 152.000000 7.707004
v 166.000000 151.049072 8.000000
v 166.000000 152.000000 7.350725
v 168.000000 151.225525 8.000000
v 168.000000 152.000000 7.573177
v 170.000000 150.686081 8.000000
v 170.000000 152.000000 7.244654
v 172.000000 152.000000 6.472615
v 174.000000 152.000000 6.405119
v 176.000000 150.285782 8.000000
v 176.000000 152.000000 7.104504
v 178.000000 150.750275 8.000000
v 178.000000 152.000000 7.244630
v 180.000000 150.642761 8.000000
v 180.000000 152.000000 7.156331
v 182.000000 151.382812 8.000000
v 182.000000 152.000000 7.623627
v 184.000000 151.487610 8.000000
v 184.000000 152.000000 7.685634
v 186.000000 152.000000 6.856577
v 188.000000 152.000000 6.487359
v 190.000000 150.682098 8.000000
v 190.000000 152.000000 7.167518
v 192.000000 151.824005 8.000000
v 192.000000 152.000000 7.894778
v 194.000000 151.644897 8.000000
v 194.000000 152.000000 7.773937
v 196.000000 151.922226 8.000000
v 196.000000 152.000000 7.940742
v 197.371353 152.000000 8.000000
v 200.000000 152.000000 7.212916
v 198.063065 152.000000 8.000000
v 200.000000 150.689972 8.000000
v 202.000000 152.000000 6.607347
v 204.000000 152.000000 6.737693
v 206.000000 150.851440 8.000000
v 206.000000 152.000000 7.293983
v 208.000000 150.821442 8.000000
v 208.000000 152.000000 7.273473
v 210.000000 150.652924 8.000000
v 210.000000 152.000000 7.127294
v 212.000000 151.372757 8.000000
v 212.000000 152.000000 7.582577
v 213.045654 152.000000 8.000000
v 218.000000 152.000000 7.431111
v 216.689209 152.000000 8.000000
v 218.000000 150.991150 8.000000
v 220.000000 150.680557 8.000000
v 220.000000 152.000000 7.216612
v 221.926971 152.000000 8.000000
v 230.000000 152.000000 7.053275
v 228.235367 152.000000 8.000000
v 230.000000 150.582596 8.000000
v 232.000000 150.482147 8.000000
v 232.000000 152.000000 6.964614
v 234.000000 151.543777 8.000000
v 234.000000 152.000000 7.703078
v 235.176743 152.000000 8.000000
v 238.000000 152.000000 7.839381
v 237.134857 152.000000 8.000000
v 238.000000 151.711502 8.000000
v 240.000000 150.712402 8.000000
v 240.000000 152.000000 7.274458
v 242.000000 150.863037 8.000000
v 242.000000 152.000000 7.344701
v 244.000000 151.063141 8.000000
v 244.000000 152.000000 7.414896
v 246.000000 150.262985 8.000000
v 246.000000 152.000000 6.855391
v 248.000000 152.000000 6.502174
v 250.000000 150.648193 8.000000
v 250.000000 152.000000 7.199949
v 251.988052 152.000000 8.000000
v 254.000000 152.000000 7.858179
v 252.069931 152.000000 8.000000
v 254.000000 151.739822 8.000000
v 256.000000 151.387695 8.000000
v 256.000000 152.000000 7.625700
v 258.000000 151.612686 8.000000
v 258.000000 152.000000 7.761419
v 260.000000 150.654633 8.000000
v 260.000000 152.000000 7.153866
v 266.000000 152.000000 6.755075
v 268.000000 150.588333 8.000000
v 268.000000 152.000000 7.055076
v 270.000000 150.598785 8.000000
v 270.000000 152.000000 7.103281
v 272.000000 151.388977 8.000000
v 272.000000 152.000000 7.641099
v 274.000000 151.108368 8.000000
v 274.000000 152.000000 7.459402
v 276.000000 152.000000 6.416071
v 278.000000 152.000000 6.225761
v 280.000000 150.645706 8.000000
v 280.000000 152.000000 7.202197
v 282.000000 151.620560 8.000000
v 282.000000 152.000000 7.771861
v 284.000000 151.621597 8.000000
v 284.000000 152.000000 7.768785
v 285.221954 152.000000 8.000000
v 290.000000 152.000000 7.287333
v 288.437927 152.000000 8.000000
v 290.000000 150.710968 8.000000
v 292.000000 152.000000 6.295842
v 294.000000 152.000000 6.413605
v 296.000000 150.215088 8.000000
v 296.000000 152.000000 6.909519
v 298.000000 150.359207 8.000000
v 298.000000 152.000000 6.955694
v 300.000000 150.693710 8.000000
v 300.000000 152.000000 7.225823
v 301.702393 152.000000 8.000000
v 306.000000 152.000000 7.972499
v 305.866669 152.000000 8.000000
v 306.000000 151.960999 8.000000
v 308.000000 150.732925 8.000000
v 308.000000 152.000000 7.185711
v 310.000000 150.649261 8.000000
v 310.000000 152.000000 7.145700
v 311.760223 152.000000 8.000000
v 318.000000 152.000000 7.899506
v 317.718842 152.000000 8.000000
v 318.000000 151.844376 8.000000
v 320.000000 150.674530 8.000000
v 320.000000 152.000000 7.174654
v 322.000000 151.093201 8.000000
v 322.000000 152.000000 7.503375
v 323.292175 152.000000 8.000000
v 328.000000 152.000000 7.528815
v 326.752197 152.000000 8.000000
v 328.000000 151.224075 8.000000
v 330.000000 150.579498 8.000000
v 330.000000 152.000000 7.037211
v 332.000000 151.087341 8.000000
v 332.000000 152.000000 7.412962
v 334.000000 151.004959 8.000000
v 334.000000 152.000000 7.369717
v 336.000000 152.000000 6.550100
v 338.000000 152.000000 6.263202
v 340.000000 150.499893 8.000000
v 340.000000 152.000000 6.830970
v 342.000000 150.876923 8.000000
v 342.000000 152.000000 7.126540
v 344.000000 150.810486 8.000000
v 344.000000 152.000000 6.972775
v 346.000000 151.049149 8.000000
v 346.000000 152.000000 7.220214
v 348.000000 151.488022 8.000000
v 348.000000 152.000000 7.610051
v 350.000000 150.669617 8.000000
v 350.000000 152.000000 7.125848
v 352.000000 152.000000 6.543552
v 354.000000 150.488251 8.000000
v 354.000000 152.000000 7.160457
v 355.860626 152.000000 8.000000
v 358.000000 152.000000 7.797199
v 356.485260 152.000000 8.000000
v 358.000000 151.568054 8.000000
v 360.000000 150.689270 8.000000
v 360.000000 152.000000 7.210853
v 0.000000 153.739899 8.000000
v 2.000000 153.479614 8.000000
v 4.000000 154.000000 7.957727
v 3.678408 154.000000 8.000000
v 6.000000 154.000000 7.252884
v 8.000000 154.000000 7.375387
v 9.546693 154.000000 8.000000
v 10.000000 153.578201 8.000000
v 12.000000 153.322723 8.000000
v 14.000000 154.000000 7.948136
v 13.682522 154.000000 8.000000
v 14.381507 154.000000 8.000000
v 16.000000 153.534286 8.000000
v 18.000000 152.940948 8.000000
v 20.000000 153.924576 8.000000
v 22.000000 154.000000 7.792561
v 20.239456 154.000000 8.000000
v 23.017639 154.000000 8.000000
v 24.000000 153.380051 8.000000
v 26.000000 152.640335 8.000000
v 28.000000 153.478485 8.000000
v 30.000000 154.000000 7.996505
v 29.965574 154.000000 8.000000
v 30.018147 154.000000 8.000000
v 32.000000 152.932388 8.000000
v 34.000000 152.341614 8.000000
v 36.000000 153.443710 8.000000
v 38.000000 154.000000 7.718874
v 36.906662 154.000000 8.000000
v 40.000000 154.000000 7.790565
v 41.062138 154.000000 8.000000
v 42.000000 153.508057 8.000000
v 44.000000 153.317383 8.000000
v 46.000000 153.547211 8.000000
v 48.000000 154.000000 7.819036
v 46.850769 154.000000 8.000000
v 50.000000 154.000000 7.776164
v 51.680885 154.000000 8.000000
v 52.000000 153.891235 8.000000
v 54.000000 152.178558 8.000000
v 58.000000 153.410385 8.000000
v 60.000000 154.000000 7.802392
v 58.950283 154.000000 8.000000
v 62.000000 154.000000 7.744147
v 64.000000 154.000000 7.560768
v 66.000000 154.000000 7.431549
v 68.000000 154.000000 7.515994
v 70.000000 154.000000 7.981318
v 70.192940 154.000000 8.000000
v 72.000000 153.479965 8.000000
v 74.000000 153.545105 8.000000
v 76.000000 153.475967 8.000000
v 78.000000 153.529373 8.000000
v 80.000000 154.000000 7.846279
v 79.137581 154.000000 8.000000
v 82.000000 154.000000 7.437280
v 84.000000 154.000000 7.601189
v 86.000000 154.000000 7.952469
v 88.000000 154.000000 7.961818
v 90.000000 154.000000 7.812037
v 92.000000 154.000000 7.812040
v 94.000000 154.000000 7.392574
v 96.000000 154.000000 6.926743
v 98.000000 154.000000 7.119777
v 100.000000 154.000000 7.814239
v 101.038193 154.000000 8.000000
v 102.000000 153.636063 8.000000
v 104.000000 154.000000 7.947429
v 103.552551 154.000000 8.000000
v 105.088989 154.000000 8.000000
v 106.000000 153.901215 8.000000
v 108.000000 153.457535 8.000000
v 110.000000 154.000000 7.998230
v 109.984291 154.000000 8.000000
v 112.000000 154.000000 7.736204
v 114.000000 154.000000 7.931541
v 114.512383 154.000000 8.000000
v 116.000000 153.601227 8.000000
v 118.000000 153.588089 8.000000
v 120.000000 154.000000 7.849035
v 119.068375 154.000000 8.000000
v 121.429771 154.000000 8.000000
v 122.000000 153.865387 8.000000
v 124.000000 153.365082 8.000000
v 126.000000 153.849075 8.000000
v 128.000000 154.000000 7.678175
v 126.407608 154.000000 8.000000
v 130.000000 154.000000 7.807477
v 130.979996 154.000000 8.000000
v 132.000000 153.532471 8.000000
v 134.000000 152.685593 8.000000
v 136.000000 152.582962 8.000000
v 138.000000 153.473755 8.000000
v 140.000000 154.000000 7.899783
v 139.446106 154.000000 8.000000
v 142.000000 154.000000 7.688294
v 143.878815 154.000000 8.000000
v 144.000000 153.956924 8.000000
v 146.000000 153.021942 8.000000
v 148.000000 153.017212 8.000000
v 150.000000 153.559387 8.000000
v 152.000000 152.803497 8.000000
v 154.000000 152.825790 8.000000
v 156.000000 154.000000 7.971419
v 155.878250 154.000000 8.000000
v 158.000000 154.000000 7.728261
v 159.641754 154.000000 8.000000
v 160.000000 153.824234 8.000000
v 162.000000 152.807068 8.000000
v 164.000000 152.631271 8.000000
v 166.000000 153.370575 8.000000
v 168.000000 152.999313 8.000000
v 170.000000 153.882812 8.000000
v 172.000000 154.000000 7.222345
v 170.110428 154.000000 8.000000
v 174.000000 154.000000 7.125760
v 176.000000 154.000000 7.851653
v 177.347504 154.000000 8.000000
v 178.000000 153.832733 8.000000
v 180.000000 153.854843 8.000000
v 182.000000 152.811005 8.000000
v 184.000000 152.660522 8.000000
v 186.000000 154.000000 7.670349
v 185.310791 154.000000 8.000000
v 188.000000 154.000000 7.217205
v 189.940216 154.000000 8.000000
v 190.000000 153.945450 8.000000
v 192.000000 152.267822 8.000000
v 194.000000 152.506363 8.000000
v 196.000000 152.139145 8.000000
v 200.000000 154.000000 7.849197
v 199.651947 154.000000 8.000000
v 202.000000 154.000000 7.282628
v 204.000000 154.000000 7.537776
v 205.557190 154.000000 8.000000
v 206.000000 153.691528 8.000000
v 208.000000 153.758469 8.000000
v 210.000000 154.000000 7.937985
v 209.274292 154.000000 8.000000
v 210.302887 154.000000 8.000000
v 212.000000 153.112534 8.000000
v 218.000000 153.520126 8.000000
v 220.000000 154.000000 7.938847
v 219.502838 154.000000 8.000000
v 220.168228 154.000000 8.000000
v 230.000000 154.000000 7.855440
v 229.729599 154.000000 8.000000
v 232.000000 154.000000 7.741951
v 232.649765 154.000000 8.000000
v 234.000000 152.711838 8.000000
v 238.000000 152.420578 8.000000
v 240.000000 154.000000 7.892556
v 239.693527 154.000000 8.000000
v 242.000000 154.000000 7.913048
v 243.052795 154.000000 8.000000
v 244.000000 153.771545 8.000000
v 246.000000 154.000000 7.513538
v 244.273270 154.000000 8.000000
v 248.000000 154.000000 7.057971
v 250.000000 154.000000 7.866177
v 250.294601 154.000000 8.000000
v 254.000000 152.355820 8.000000
v 256.000000 153.081650 8.000000
v 258.000000 152.662231 8.000000
v 260.000000 154.000000 7.960031
v 259.850403 154.000000 8.000000
v 262.000000 154.000000 6.715270
v 264.000000 154.000000 6.670679
v 266.000000 154.000000 7.604179
v 268.000000 154.000000 7.957671
v 270.000000 154.000000 7.878396
v 270.736115 154.000000 8.000000
v 272.000000 153.267471 8.000000
v 274.000000 153.695740 8.000000
v 276.000000 154.000000 7.003449
v 274.167358 154.000000 8.000000
v 278.000000 154.000000 6.773694
v 280.000000 154.000000 7.916868
v 280.263489 154.000000 8.000000
v 282.000000 152.586075 8.000000
v 284.000000 152.717773 8.000000
v 290.000000 154.000000 7.849335
v 289.666840 154.000000 8.000000
v 292.000000 154.000000 6.910784
v 294.000000 154.000000 7.033104
v 296.000000 154.000000 7.563379
v 298.000000 154.000000 7.635689
v 300.000000 154.000000 7.787985
v 300.514587 154.000000 8.000000
v 306.000000 152.093170 8.000000
v 308.000000 154.000000 7.702233
v 307.282806 154.000000 8.000000
v 310.000000 154.000000 7.837022
v 310.289948 154.000000 8.000000
v 318.000000 152.265991 8.000000
v 320.000000 154.000000 7.873631
v 319.679840 154.000000 8.000000
v 320.989197 154.000000 8.000000
v 322.000000 153.602997 8.000000
v 328.000000 153.366455 8.000000
v 330.000000 154.000000 7.859283
v 329.249023 154.000000 8.000000
v 330.918823 154.000000 8.000000
v 332.000000 153.568863 8.000000
v 334.000000 153.752914 8.000000
v 336.000000 154.000000 7.280162
v 334.218079 154.000000 8.000000
v 338.000000 154.000000 7.217257
v 340.000000 154.000000 7.774265
v 341.746521 154.000000 8.000000
v 342.000000 153.932312 8.000000
v 344.000000 153.697144 8.000000
v 346.000000 153.568008 8.000000
v 348.000000 152.840195 8.000000
v 350.000000 154.000000 7.901567
v 349.694275 154.000000 8.000000
v 352.000000 154.000000 7.250160
v 354.000000 154.000000 7.911849
v 354.211426 154.000000 8.000000
v 358.000000 152.545166 8.000000
v 360.000000 153.739899 8.000000
v 4.000000 154.552719 8.000000
v 6.000000 156.000000 7.569155
v 4.394447 156.000000 8.000000
v 8.000000 156.000000 7.777817
v 8.793306 156.000000 8.000000
v 14.000000 154.159607 8.000000
v 22.000000 154.600540 8.000000
v 30.000000 154.016998 8.000000
v 38.000000 154.738037 8.000000
v 40.000000 154.533508 8.000000
v 48.000000 154.409058 8.000000
v 50.000000 154.633682 8.000000
v 60.000000 154.437805 8.000000
v 62.000000 154.590881 8.000000
v 64.000000 155.038986 8.000000
v 66.000000 155.548462 8.000000
v 68.000000 155.377274 8.000000
v 70.000000 154.066010 8.000000
v 80.000000 154.543137 8.000000
v 82.000000 156.000000 7.696996
v 81.160828 156.000000 8.000000
v 84.000000 156.000000 7.826470
v 84.614426 156.000000 8.000000
v 86.000000 154.210419 8.000000
v 88.000000 154.119400 8.000000
v 90.000000 154.452591 8.000000
v 92.000000 154.457428 8.000000
v 94.000000 155.481567 8.000000
v 96.000000 156.000000 7.641194
v 94.775574 156.000000 8.000000
v 98.000000 156.000000 7.859162
v 98.410103 156.000000 8.000000
v 100.000000 154.527084 8.000000
v 104.000000 154.135498 8.000000
v 110.000000 154.010284 8.000000
v 112.000000 156.000000 7.992214
v 111.956085 156.000000 8.000000
v 112.076431 156.000000 8.000000
v 114.000000 154.497452 8.000000
v 120.000000 154.465897 8.000000
v 128.000000 154.940536 8.000000
v 130.000000 154.527039 8.000000
v 140.000000 154.374603 8.000000
v 142.000000 155.232010 8.000000
v 156.000000 154.172485 8.000000
v 158.000000 155.086884 8.000000
v 172.000000 156.000000 7.669283
v 171.209946 156.000000 8.000000
v 174.000000 156.000000 7.566078
v 175.514618 156.000000 8.000000
v 176.000000 155.022278 8.000000
v 186.000000 155.633942 8.000000
v 188.000000 156.000000 7.464348
v 186.236954 156.000000 8.000000
v 189.037277 156.000000 8.000000
v 200.000000 154.410736 8.000000
v 202.000000 155.868042 8.000000
v 204.000000 155.625000 8.000000
v 210.000000 154.211197 8.000000
v 220.000000 154.196854 8.000000
v 230.000000 154.419327 8.000000
v 232.000000 154.677139 8.000000
v 240.000000 154.322891 8.000000
v 242.000000 154.274490 8.000000
v 246.000000 155.499527 8.000000
v 248.000000 156.000000 7.810634
v 246.933823 156.000000 8.000000
v 248.553528 156.000000 8.000000
v 250.000000 154.423447 8.000000
v 260.000000 154.135086 8.000000
v 262.000000 156.000000 7.361305
v 260.895325 156.000000 8.000000
v 264.000000 156.000000 7.336876
v 265.220367 156.000000 8.000000
v 266.000000 154.953857 8.000000
v 268.000000 154.087936 8.000000
v 270.000000 154.364349 8.000000
v 276.000000 156.000000 7.617874
v 275.338470 156.000000 8.000000
v 278.000000 156.000000 7.332309
v 279.069031 156.000000 8.000000
v 280.000000 154.251480 8.000000
v 290.000000 154.434174 8.000000
v 292.000000 156.000000 7.725613
v 291.336334 156.000000 8.000000
v 294.000000 156.000000 7.840061
v 294.634338 156.000000 8.000000
v 296.000000 155.140198 8.000000
v 298.000000 154.763885 8.000000
v 300.000000 154.526749 8.000000
v 308.000000 154.742844 8.000000
v 310.000000 154.440125 8.000000
v 320.000000 154.317245 8.000000
v 330.000000 154.357544 8.000000
v 336.000000 155.894073 8.000000
v 338.000000 155.688797 8.000000
v 340.000000 154.468094 8.000000
v 350.000000 154.279434 8.000000
v 352.000000 156.000000 7.842974
v 351.583435 156.000000 8.000000
v 352.622406 156.000000 8.000000
v 354.000000 154.390915 8.000000
v 0.000000 158.000000 7.531068
v 2.000000 157.009705 8.000000
v 2.000000 158.000000 7.622737
v 0.000000 156.839722 8.000000
v 4.000000 156.281937 8.000000
v 4.000000 158.000000 7.346409
v 6.000000 158.000000 6.796052
v 8.000000 158.000000 6.937867
v 10.000000 156.734665 8.000000
v 10.000000 158.000000 7.440282
v 12.000000 157.356445 8.000000
v 12.000000 158.000000 7.770178
v 14.000000 157.599121 8.000000
v 14.000000 158.000000 7.855259
v 15.072217 158.000000 8.000000
v 20.000000 158.000000 7.785261
v 18.891695 158.000000 8.000000
v 20.000000 157.326736 8.000000
v 22.000000 157.221848 8.000000
v 22.000000 158.000000 7.701914
v 24.000000 157.879303 8.000000
v 24.000000 158.000000 7.959497
v 24.691420 158.000000 8.000000
v 28.000000 158.000000 7.925626
v 27.017174 158.000000 8.000000
v 28.000000 157.792023 8.000000
v 30.000000 157.316437 8.000000
v 30.000000 158.000000 7.794975
v 31.268993 158.000000 8.000000
v 38.000000 158.000000 7.822625
v 36.615055 158.000000 8.000000
v 38.000000 157.469788 8.000000
v 40.000000 157.854797 8.000000
v 40.000000 158.000000 7.953640
v 40.251175 158.000000 8.000000
v 50.000000 158.000000 7.877192
v 48.960995 158.000000 8.000000
v 50.000000 157.605576 8.000000
v 52.000000 157.245895 8.000000
v 52.000000 158.000000 7.673307
v 53.221783 158.000000 8.000000
v 64.000000 158.000000 7.892382
v 62.740833 158.000000 8.000000
v 64.000000 157.590958 8.000000
v 66.000000 156.708374 8.000000
v 66.000000 158.000000 7.683179
v 68.000000 156.740875 8.000000
v 68.000000 158.000000 7.609403
v 70.000000 157.917297 8.000000
v 70.000000 158.000000 7.975482
v 70.182129 158.000000 8.000000
v 80.000000 158.000000 7.787235
v 79.150688 158.000000 8.000000
v 80.000000 157.333130 8.000000
v 82.000000 158.000000 7.074979
v 84.000000 158.000000 7.011573
v 86.000000 156.916901 8.000000
v 86.000000 158.000000 7.549158
v 88.000000 157.671341 8.000000
v 88.000000 158.000000 7.879571
v 89.132851 158.000000 8.000000
v 94.000000 158.000000 7.677455
v 92.360825 158.000000 8.000000
v 94.000000 156.841110 8.000000
v 96.000000 158.000000 7.202899
v 98.000000 158.000000 7.302251
v 100.000000 157.848648 8.000000
v 100.000000 158.000000 7.955627
v 100.331543 158.000000 8.000000
v 110.000000 158.000000 7.796424
v 109.131439 158.000000 8.000000
v 110.000000 157.266144 8.000000
v 112.000000 158.000000 7.422159
v 114.000000 156.513626 8.000000
v 114.000000 158.000000 7.445313
v 116.000000 157.397400 8.000000
v 116.000000 158.000000 7.750564
v 118.000000 157.953842 8.000000
v 118.000000 158.000000 7.982020
v 120.000000 157.677979 8.000000
v 120.000000 158.000000 7.903063
v 120.514702 158.000000 8.000000
v 128.000000 158.000000 7.713491
v 126.705940 158.000000 8.000000
v 128.000000 157.133362 8.000000
v 130.000000 157.466034 8.000000
v 130.000000 158.000000 7.806237
v 130.989532 158.000000 8.000000
v 140.000000 158.000000 7.680031
v 138.380920 158.000000 8.000000
v 140.000000 157.126022 8.000000
v 142.000000 156.500061 8.000000
v 142.000000 158.000000 7.459530
v 144.000000 156.747559 8.000000
v 144.000000 158.000000 7.538551
v 146.000000 157.555832 8.000000
v 146.000000 158.000000 7.853978
v 148.000000 157.771271 8.000000
v 148.000000 158.000000 7.931556
v 150.000000 157.445587 8.000000
v 150.000000 158.000000 7.824397
v 151.573151 158.000000 8.000000
v 154.000000 158.000000 7.945696
v 152.938812 158.000000 8.000000
v 154.000000 157.842621 8.000000
v 156.000000 156.784134 8.000000
v 156.000000 158.000000 7.547647
v 158.000000 156.562927 8.000000
v 158.000000 158.000000 7.446171
v 160.000000 157.585724 8.000000
v 160.000000 158.000000 7.874166
v 160.489410 158.000000 8.000000
v 170.000000 158.000000 7.911697
v 169.626053 158.000000 8.000000
v 170.000000 157.697662 8.000000
v 172.000000 158.000000 7.136679
v 174.000000 158.000000 6.909040
v 176.000000 156.340637 8.000000
v 176.000000 158.000000 7.343585
v 178.000000 157.534378 8.000000
v 178.000000 158.000000 7.836794
v 180.000000 157.745438 8.000000
v 180.000000 158.000000 7.916984
v 180.433380 158.000000 8.000000
v 186.000000 158.000000 7.398376
v 184.779755 158.000000 8.000000
v 186.000000 156.210281 8.000000
v 188.000000 158.000000 6.919968
v 190.000000 157.716019 8.000000
v 190.000000 158.000000 7.918938
v 190.217392 158.000000 8.000000
v 202.000000 158.000000 7.312559
v 200.194305 158.000000 8.000000
v 202.000000 156.141983 8.000000
v 204.000000 156.259216 8.000000
v 204.000000 158.000000 7.290199
v 206.000000 157.345566 8.000000
v 206.000000 158.000000 7.703449
v 208.000000 157.425354 8.000000
v 208.000000 158.000000 7.727853
v 210.000000 157.433975 8.000000
v 210.000000 158.000000 7.796704
v 210.611435 158.000000 8.000000
v 220.000000 158.000000 7.835024
v 218.936890 158.000000 8.000000
v 220.000000 157.538727 8.000000
v 220.461044 158.000000 8.000000
v 230.000000 158.000000 7.807023
v 229.586304 158.000000 8.000000
v 230.000000 157.469208 8.000000
v 232.000000 157.567245 8.000000
v 232.000000 158.000000 7.864520
v 232.339951 158.000000 8.000000
v 240.000000 158.000000 7.960277
v 239.885681 158.000000 8.000000
v 240.000000 157.870148 8.000000
v 240.763840 158.000000 8.000000
v 246.000000 158.000000 7.354808
v 244.216202 158.000000 8.000000
v 246.000000 156.387039 8.000000
v 248.000000 158.000000 7.025998
v 250.000000 157.690491 8.000000
v 250.000000 158.000000 7.909545
v 250.212387 158.000000 8.000000
v 260.000000 158.000000 7.865042
v 259.541382 158.000000 8.000000
v 260.000000 157.602341 8.000000
v 262.000000 158.000000 6.788684
v 264.000000 158.000000 6.831099
v 266.000000 157.403076 8.000000
v 266.000000 158.000000 7.803595
v 267.072357 158.000000 8.000000
v 270.000000 158.000000 7.972873
v 269.721619 158.000000 8.000000
v 270.000000 157.906937 8.000000
v 270.175842 158.000000 8.000000
v 276.000000 158.000000 6.863751
v 274.233704 158.000000 8.000000
v 278.000000 158.000000 6.757671
v 279.989990 158.000000 8.000000
v 292.000000 158.000000 7.186257
v 290.025665 158.000000 8.000000
v 294.000000 158.000000 7.281659
v 296.000000 157.212326 8.000000
v 296.000000 158.000000 7.775702
v 298.000000 157.961273 8.000000
v 298.000000 158.000000 7.988090
v 298.241577 158.000000 8.000000
v 308.000000 158.000000 7.838142
v 307.530182 158.000000 8.000000
v 308.000000 157.504944 8.000000
v 310.000000 157.789490 8.000000
v 310.000000 158.000000 7.934931
v 310.135101 158.000000 8.000000
v 330.000000 158.000000 7.975080
v 329.875366 158.000000 8.000000
v 330.000000 157.925446 8.000000
v 330.205170 158.000000 8.000000
v 336.000000 158.000000 7.477916
v 334.090271 158.000000 8.000000
v 336.000000 156.145065 8.000000
v 338.000000 156.442886 8.000000
v 338.000000 158.000000 7.466787
v 339.694550 158.000000 8.000000
v 350.000000 158.000000 7.931350
v 349.780243 158.000000 8.000000
v 350.000000 157.800278 8.000000
v 352.000000 158.000000 7.141643
v 354.000000 156.860062 8.000000
v 354.000000 158.000000 7.551998
v 355.602264 158.000000 8.000000
v 358.000000 158.000000 7.988860
v 357.822510 158.000000 8.000000
v 358.000000 157.968292 8.000000
v 360.000000 156.839722 8.000000
v 360.000000 158.000000 7.531068
v 0.000000 159.061111 8.000000
v 2.000000 158.771866 8.000000
v 4.000000 159.199890 8.000000
v 6.000000 160.000000 7.573182
v 5.020095 160.000000 8.000000
v 8.000000 160.000000 7.686627
v 8.838923 160.000000 8.000000
v 10.000000 159.146408 8.000000
v 12.000000 158.494720 8.000000
v 14.000000 158.451431 8.000000
v 20.000000 158.669510 8.000000
v 22.000000 159.133102 8.000000
v 24.000000 158.113022 8.000000
v 28.000000 158.190857 8.000000
v 30.000000 158.657013 8.000000
v 38.000000 158.561615 8.000000
v 40.000000 158.203781 8.000000
v 50.000000 158.415619 8.000000
v 52.000000 158.947769 8.000000
v 64.000000 158.720612 8.000000
v 66.000000 159.364166 8.000000
v 68.000000 159.385696 8.000000
v 70.000000 158.100891 8.000000
v 80.000000 158.634811 8.000000
v 82.000000 160.000000 7.923835
v 81.721474 160.000000 8.000000
v 84.000000 160.000000 7.676868
v 85.372246 160.000000 8.000000
v 86.000000 159.499924 8.000000
v 88.000000 158.440384 8.000000
v 94.000000 159.629318 8.000000
v 96.000000 160.000000 7.938911
v 95.084618 160.000000 8.000000
v 98.000000 160.000000 7.954865
v 98.176270 160.000000 8.000000
v 100.000000 158.173172 8.000000
v 110.000000 158.630753 8.000000
v 112.000000 159.772995 8.000000
v 114.000000 159.473877 8.000000
v 116.000000 158.556564 8.000000
v 118.000000 158.043228 8.000000
v 120.000000 158.353943 8.000000
v 128.000000 158.808899 8.000000
v 130.000000 158.618576 8.000000
v 140.000000 158.901047 8.000000
v 142.000000 159.686020 8.000000
v 144.000000 159.270432 8.000000
v 146.000000 158.364929 8.000000
v 148.000000 158.157593 8.000000
v 150.000000 158.542847 8.000000
v 154.000000 158.119919 8.000000
v 156.000000 159.131027 8.000000
v 158.000000 159.777802 8.000000
v 160.000000 158.439575 8.000000
v 170.000000 158.332779 8.000000
v 172.000000 160.000000 7.471517
v 170.896408 160.000000 8.000000
v 174.000000 160.000000 7.129116
v 176.000000 160.000000 7.825603
v 176.817078 160.000000 8.000000
v 178.000000 158.771088 8.000000
v 180.000000 158.317245 8.000000
v 186.000000 160.000000 7.932569
v 185.849487 160.000000 8.000000
v 188.000000 160.000000 7.562293
v 189.024933 160.000000 8.000000
v 190.000000 158.330566 8.000000
v 202.000000 160.000000 7.590511
v 201.026505 160.000000 8.000000
v 204.000000 160.000000 7.602538
v 205.174026 160.000000 8.000000
v 206.000000 159.025742 8.000000
v 208.000000 158.800095 8.000000
v 210.000000 158.607132 8.000000
v 220.000000 158.553024 8.000000
v 230.000000 158.622452 8.000000
v 232.000000 158.600967 8.000000
v 240.000000 158.166611 8.000000
v 246.000000 159.866211 8.000000
v 248.000000 160.000000 7.534710
v 246.186630 160.000000 8.000000
v 249.107590 160.000000 8.000000
v 250.000000 158.378677 8.000000
v 260.000000 158.459991 8.000000
v 262.000000 160.000000 7.254434
v 260.711517 160.000000 8.000000
v 264.000000 160.000000 7.203739
v 265.619781 160.000000 8.000000
v 266.000000 158.970291 8.000000
v 270.000000 158.112946 8.000000
v 276.000000 160.000000 7.561112
v 275.293762 160.000000 8.000000
v 278.000000 160.000000 7.341353
v 279.186279 160.000000 8.000000
v 292.000000 160.000000 7.450864
v 290.865021 160.000000 8.000000
v 294.000000 160.000000 7.650345
v 295.300903 160.000000 8.000000
v 296.000000 159.066544 8.000000
v 298.000000 158.071304 8.000000
v 308.000000 158.757233 8.000000
v 310.000000 158.267059 8.000000
v 330.000000 158.113098 8.000000
v 336.000000 160.000000 7.790277
v 335.132324 160.000000 8.000000
v 338.000000 160.000000 7.874682
v 338.460144 160.000000 8.000000
v 350.000000 158.259537 8.000000
v 352.000000 160.000000 7.610210
v 351.055298 160.000000 8.000000
v 353.252960 160.000000 8.000000
v 354.000000 159.320541 8.000000
v 358.000000 158.025803 8.000000
v 360.000000 159.061111 8.000000
v 0.000000 0.000000 8.429804
v 2.000000 0.000000 8.471663
v 4.000000 0.000000 8.595395
v 6.000000 0.000000 8.403186
v 8.000000 0.000000 8.249763
v 10.000000 0.000000 8.448140
v 12.000000 0.000000 8.491071
v 14.000000 0.000000 8.392802
v 16.000000 2.000000 8.000934
v 16.000000 0.000000 8.382666
v 18.000000 0.000000 8.426097
v 18.000000 2.000000 8.037325
v 20.000000 0.000000 8.415338
v 22.000000 0.000000 8.289846
v 24.000000 0.000000 8.337452
v 26.000000 0.000000 8.557241
v 28.000000 2.000000 8.000233
v 28.000000 0.000000 8.578127
v 30.000000 0.000000 8.447175
v 32.000000 0.000000 8.578770
v 34.000000 2.000000 8.125479
v 34.000000 0.000000 8.889377
v 36.000000 0.000000 8.851100
v 36.000000 2.000000 8.322751
v 38.000000 0.000000 8.605068
v 38.000000 2.000000 8.223074
v 40.000000 0.000000 8.432227
v 40.000000 2.000000 8.052481
v 42.000000 0.000000 8.393885
v 42.000000 2.000000 8.005147
v 44.000000 0.000000 8.625617
v 44.000000 2.000000 8.327018
v 46.000000 0.000000 8.819547
v 46.000000 2.000000 8.398175
v 48.000000 0.000000 8.685147
v 48.000000 2.000000 8.181985
v 50.000000 0.000000 8.422394
v 52.000000 0.000000 8.429689
v 54.000000 2.000000 8.281816
v 54.000000 0.000000 8.560152
v 56.000000 0.000000 8.755332
v 56.000000 2.000000 8.232915
v 58.000000 0.000000 8.709617
v 58.000000 2.000000 8.245742
v 60.000000 0.000000 8.450716
v 62.000000 0.000000 8.455626
v 64.000000 2.000000 8.087687
v 64.000000 0.000000 8.859910
v 66.000000 0.000000 8.702219
v 68.000000 0.000000 8.366637
v 70.000000 0.000000 8.441239
v 72.000000 2.000000 8.122207
v 72.000000 0.000000 8.685638
v 74.000000 0.000000 8.593402
v 74.000000 2.000000 8.113047
v 76.000000 0.000000 8.395809
v 76.000000 2.000000 8.037366
v 78.000000 0.000000 8.461135
v 78.000000 2.000000 8.158217
v 80.000000 0.000000 8.417844
v 82.000000 0.000000 8.016704
v 86.000000 0.000000 8.234436
v 88.000000 0.000000 8.497504
v 90.000000 2.000000 8.004390
v 90.000000 0.000000 8.411304
v 92.000000 0.000000 8.555189
v 92.000000 2.000000 8.205420
v 94.000000 0.000000 8.806503
v 94.000000 2.000000 8.272478
v 96.000000 0.000000 8.458550
v 96.000000 2.000000 8.123667
v 98.000000 0.000000 8.152542
v 100.000000 2.000000 8.053995
v 100.000000 0.000000 8.429637
v 102.000000 0.000000 8.720850
v 102.000000 2.000000 8.172585
v 104.000000 0.000000 8.503853
v 104.000000 2.000000 8.226435
v 106.000000 0.000000 8.602463
v 106.000000 2.000000 8.337969
v 108.000000 0.000000 8.665896
v 108.000000 2.000000 8.221765
v 110.000000 0.000000 8.416964
v 112.000000 0.000000 8.050844
v 114.000000 0.000000 8.148108
v 116.000000 2.000000 8.108834
v 116.000000 0.000000 8.603871
v 118.000000 0.000000 8.736171
v 118.000000 2.000000 8.353023
v 120.000000 0.000000 8.448486
v 120.000000 2.000000 8.129243
v 122.000000 0.000000 8.717815
v 122.000000 2.000000 8.461493
v 124.000000 0.000000 9.117374
v 124.000000 2.000000 8.831223
v 126.000000 0.000000 8.961431
v 126.000000 2.000000 8.613474
v 128.000000 0.000000 8.531901
v 128.000000 2.000000 8.091966
v 130.000000 0.000000 8.453438
v 132.000000 2.000000 8.253720
v 132.000000 0.000000 8.612638
v 134.000000 0.000000 8.789825
v 134.000000 2.000000 8.285776
v 136.000000 0.000000 8.722259
v 136.000000 2.000000 8.100361
v 138.000000 0.000000 8.588514
v 138.000000 2.000000 8.022921
v 140.000000 0.000000 8.442692
v 142.000000 2.000000 8.050992
v 142.000000 0.000000 8.385164
v 144.000000 0.000000 8.492522
v 144.000000 2.000000 8.011316
v 146.000000 0.000000 8.644288
v 148.000000 0.000000 8.409275
v 150.000000 0.000000 8.436071
v 152.000000 0.000000 8.115785
v 154.000000 0.000000 8.065215
v 156.000000 0.000000 8.099853
v 158.000000 0.000000 8.236775
v 160.000000 0.000000 8.417800
v 162.000000 0.000000 8.175147
v 164.000000 0.000000 8.107429
v 166.000000 0.000000 8.402484
v 168.000000 0.000000 8.541683
v 170.000000 0.000000 8.455409
v 172.000000 0.000000 8.335114
v 174.000000 0.000000 8.441445
v 176.000000 0.000000 8.249139
v 178.000000 0.000000 8.141009
v 180.000000 0.000000 8.450270
v 182.000000 0.000000 8.636189
v 184.000000 2.000000 8.075620
v 184.000000 0.000000 8.841667
v 186.000000 0.000000 8.603302
v 188.000000 0.000000 8.542000
v 190.000000 0.000000 8.442803
v 192.000000 0.000000 8.053169
v 194.000000 0.000000 8.148569
v 196.000000 0.000000 8.286120
v 198.000000 0.000000 8.445323
v 200.000000 0.000000 8.438284
v 202.000000 0.000000 8.379254
v 208.000000 0.000000 8.062945
v 210.000000 0.000000 8.466720
v 212.000000 2.000000 8.076101
v 212.000000 0.000000 9.012933
v 214.000000 0.000000 9.241979
v 214.000000 2.000000 8.401647
v 216.000000 0.000000 8.897602
v 216.000000 2.000000 8.370374
v 218.000000 0.000000 8.608447
v 218.000000 2.000000 8.214716
v 220.000000 0.000000 8.399821
v 222.000000 0.000000 8.217302
v 224.000000 0.000000 8.041342
v 228.000000 0.000000 8.097731
v 230.000000 0.000000 8.431756
v 232.000000 0.000000 8.847172
v 234.000000 0.000000 8.880347
v 236.000000 0.000000 8.971023
v 238.000000 0.000000 8.812708
v 240.000000 0.000000 8.410565
v 242.000000 0.000000 8.188606
v 244.000000 0.000000 8.064824
v 246.000000 0.000000 8.006731
v 248.000000 0.000000 8.171110
v 250.000000 0.000000 8.445490
v 252.000000 0.000000 8.660131
v 254.000000 0.000000 8.432761
v 256.000000 0.000000 8.488080
v 258.000000 0.000000 8.509873
v 260.000000 0.000000 8.439891
v 262.000000 0.000000 8.369615
v 264.000000 0.000000 8.473397
v 266.000000 0.000000 8.589874
v 268.000000 0.000000 8.730624
v 270.000000 0.000000 8.421391
v 272.000000 0.000000 8.153353
v 280.000000 0.000000 8.416456
v 282.000000 0.000000 8.402539
v 284.000000 0.000000 8.263899
v 286.000000 0.000000 8.441463
v 288.000000 0.000000 8.533805
v 290.000000 0.000000 8.438379
v 292.000000 0.000000 8.391201
v 294.000000 0.000000 8.287035
v 296.000000 0.000000 8.241437
v 298.000000 0.000000 8.367395
v 300.000000 0.000000 8.431156
v 302.000000 0.000000 8.447435
v 304.000000 0.000000 8.615462
v 306.000000 0.000000 8.575694
v 308.000000 0.000000 8.696800
v 310.000000 0.000000 8.447558
v 312.000000 0.000000 8.115982
v 316.000000 0.000000 8.042426
v 318.000000 0.000000 8.418456
v 320.000000 0.000000 8.422946
v 322.000000 0.000000 8.326920
v 324.000000 0.000000 8.419127
v 326.000000 2.000000 8.064784
v 326.000000 0.000000 8.567787
v 328.000000 0.000000 8.674152
v 328.000000 2.000000 8.115608
v 330.000000 0.000000 8.421082
v 332.000000 0.000000 8.312885
v 334.000000 0.000000 8.470564
v 336.000000 0.000000 8.372985
v 338.000000 0.000000 8.209652
v 340.000000 0.000000 8.433525
v 342.000000 0.000000 8.604934
v 344.000000 0.000000 8.400408
v 346.000000 0.000000 8.081664
v 348.000000 0.000000 8.149435
v 350.000000 0.000000 8.428086
v 352.000000 0.000000 8.130661
v 354.000000 0.000000 8.134418
v 356.000000 0.000000 8.594648
v 358.000000 0.000000 8.575384
v 360.000000 0.000000 8.429804
v 2.000000 4.000000 8.832796
v 0.000000 4.000000 8.574151
v 4.000000 4.000000 8.854617
v 6.000000 4.000000 8.522487
v 8.000000 4.000000 8.297465
v 10.000000 4.000000 8.507546
v 12.000000 4.000000 8.655384
v 14.000000 4.000000 8.640036
v 16.000000 4.000000 8.913683
v 18.000000 4.000000 8.881178
v 20.000000 4.000000 8.548484
v 22.000000 4.000000 8.366794
v 24.000000 4.000000 8.399849
v 26.000000 4.000000 8.568943
v 28.000000 4.000000 8.759936
v 30.000000 4.000000 8.619825
v 32.000000 4.000000 8.765023
v 34.000000 4.000000 9.033673
v 36.000000 4.000000 9.113233
v 38.000000 4.000000 8.960030
v 40.000000 4.000000 8.715279
v 42.000000 4.000000 8.720430
v 44.000000 4.000000 9.020597
v 46.000000 4.000000 9.071450
v 48.000000 4.000000 8.848973
v 50.000000 4.000000 8.613049
v 52.000000 4.000000 8.695510
v 54.000000 4.000000 8.966610
v 56.000000 4.000000 8.939207
v 58.000000 4.000000 8.911939
v 60.000000 4.000000 8.686658
v 62.000000 4.000000 8.732021
v 64.000000 4.000000 8.900754
v 66.000000 4.000000 8.544708
v 68.000000 4.000000 8.491454
v 70.000000 4.000000 8.649037
v 72.000000 4.000000 8.803805
v 74.000000 4.000000 8.724674
v 76.000000 4.000000 8.715001
v 78.000000 4.000000 8.876491
v 80.000000 4.000000 8.599341
v 82.000000 4.000000 8.278758
v 84.000000 4.000000 8.259527
v 86.000000 4.000000 8.471466
v 88.000000 4.000000 8.653875
v 90.000000 4.000000 8.594248
v 92.000000 4.000000 8.847817
v 94.000000 4.000000 9.040771
v 96.000000 4.000000 8.704930
v 98.000000 4.000000 8.532431
v 100.000000 4.000000 8.696142
v 102.000000 4.000000 8.860719
v 104.000000 4.000000 8.835786
v 106.000000 4.000000 9.027981
v 108.000000 4.000000 8.963476
v 110.000000 4.000000 8.681158
v 112.000000 4.000000 8.468286
v 114.000000 4.000000 8.514375
v 116.000000 4.000000 8.801453
v 118.000000 4.000000 9.014380
v 120.000000 4.000000 8.716997
v 122.000000 4.000000 9.067820
v 124.000000 4.000000 9.525634
v 126.000000 4.000000 9.211226
v 128.000000 4.000000 8.764234
v 130.000000 4.000000 8.736073
v 132.000000 4.000000 8.931870
v 134.000000 4.000000 8.934179
v 136.000000 4.000000 8.724464
v 138.000000 4.000000 8.766773
v 140.000000 4.000000 8.596064
v 142.000000 4.000000 8.717106
v 144.000000 4.000000 8.664208
v 146.000000 4.000000 8.678621
v 148.000000 4.000000 8.627687
v 150.000000 4.000000 8.474005
v 152.000000 4.000000 8.227977
v 154.000000 4.000000 8.198563
v 156.000000 4.000000 8.255900
v 158.000000 4.000000 8.267424
v 160.000000 4.000000 8.423521
v 162.000000 4.000000 8.516482
v 164.000000 4.000000 8.496986
v 166.000000 4.000000 8.558211
v 168.000000 4.000000 8.546701
v 170.000000 4.000000 8.524793
v 172.000000 4.000000 8.390290
v 174.000000 4.000000 8.482845
v 176.000000 4.000000 8.285024
v 178.000000 4.000000 8.269600
v 180.000000 4.000000 8.485466
v 182.000000 4.000000 8.586534
v 184.000000 4.000000 8.750604
v 186.000000 4.000000 8.472122
v 188.000000 4.000000 8.434881
v 190.000000 4.000000 8.433991
v 192.000000 4.000000 8.292181
v 194.000000 4.000000 8.283037
v 196.000000 4.000000 8.473718
v 198.000000 4.000000 8.498506
v 200.000000 4.000000 8.482388
v 202.000000 4.000000 8.237922
v 206.000000 4.000000 8.000360
v 208.000000 4.000000 8.195685
v 210.000000 4.000000 8.435396
v 212.000000 4.000000 8.792233
v 214.000000 4.000000 9.221157
v 216.000000 4.000000 9.054568
v 218.000000 4.000000 8.809875
v 220.000000 4.000000 8.475154
v 222.000000 4.000000 8.200414
v 224.000000 4.000000 8.073029
v 226.000000 4.000000 8.117137
v 228.000000 4.000000 8.349434
v 230.000000 4.000000 8.467839
v 232.000000 4.000000 8.636865
v 234.000000 4.000000 8.739780
v 236.000000 4.000000 8.749430
v 238.000000 4.000000 8.778587
v 240.000000 4.000000 8.566809
v 242.000000 4.000000 8.069251
v 250.000000 4.000000 8.299677
v 252.000000 4.000000 8.544651
v 254.000000 4.000000 8.484543
v 256.000000 4.000000 8.539465
v 258.000000 4.000000 8.488004
v 260.000000 4.000000 8.432621
v 262.000000 4.000000 8.127934
v 264.000000 4.000000 8.114832
v 266.000000 4.000000 8.334838
v 268.000000 4.000000 8.586143
v 270.000000 4.000000 8.448747
v 272.000000 4.000000 8.251145
v 274.000000 4.000000 8.024796
v 280.000000 4.000000 8.344957
v 282.000000 4.000000 8.243906
v 284.000000 4.000000 8.198152
v 286.000000 4.000000 8.460658
v 288.000000 4.000000 8.487361
v 290.000000 4.000000 8.331599
v 292.000000 4.000000 8.204657
v 294.000000 4.000000 8.246183
v 296.000000 4.000000 8.186041
v 298.000000 4.000000 8.402372
v 300.000000 4.000000 8.520418
v 302.000000 4.000000 8.437762
v 304.000000 4.000000 8.582891
v 306.000000 4.000000 8.553603
v 308.000000 4.000000 8.566618
v 310.000000 4.000000 8.376484
v 312.000000 4.000000 8.179573
v 314.000000 4.000000 8.085921
v 316.000000 4.000000 8.320929
v 318.000000 4.000000 8.735298
v 320.000000 4.000000 8.604408
v 322.000000 4.000000 8.361664
v 324.000000 4.000000 8.589468
v 326.000000 4.000000 8.934937
v 328.000000 4.000000 8.877789
v 330.000000 4.000000 8.518842
v 332.000000 4.000000 8.478545
v 334.000000 4.000000 8.489996
v 336.000000 4.000000 8.189715
v 338.000000 4.000000 8.062007
v 340.000000 4.000000 8.457829
v 342.000000 4.000000 8.760256
v 344.000000 4.000000 8.430059
v 346.000000 4.000000 8.218703
v 348.000000 4.000000 8.524207
v 350.000000 4.000000 8.450853
v 352.000000 4.000000 8.098259
v 354.000000 4.000000 8.102338
v 356.000000 4.000000 8.571256
v 358.000000 4.000000 8.658068
v 360.000000 4.000000 8.574151
v 4.000000 6.000000 8.002474
v 14.000000 6.000000 8.036315
v 16.000000 6.000000 8.027164
v 18.000000 6.000000 8.043978
v 32.000000 6.000000 8.147101
v 34.000000 6.000000 8.370146
v 36.000000 6.000000 8.172934
v 52.000000 6.000000 8.058686
v 54.000000 6.000000 8.282168
v 56.000000 6.000000 8.360498
v 72.000000 6.000000 8.083438
v 78.000000 6.000000 8.025012
v 88.000000 6.000000 8.080456
v 102.000000 6.000000 8.062008
v 108.000000 6.000000 8.039196
v 116.000000 6.000000 8.157302
v 118.000000 6.000000 8.277920
v 122.000000 6.000000 8.140323
v 124.000000 6.000000 8.595061
v 126.000000 6.000000 8.263497
v 132.000000 6.000000 8.014457
v 134.000000 6.000000 8.393165
v 136.000000 6.000000 8.277576
v 146.000000 6.000000 8.145658
v 160.000000 6.000000 8.016538
v 168.000000 6.000000 8.031715
v 182.000000 6.000000 8.134757
v 184.000000 6.000000 8.216046
v 190.000000 6.000000 8.056769
v 212.000000 6.000000 8.469003
v 214.000000 6.000000 8.597801
v 216.000000 6.000000 8.150249
v 218.000000 6.000000 8.052365
v 232.000000 6.000000 8.242995
v 234.000000 6.000000 8.386360
v 236.000000 6.000000 8.332623
v 238.000000 6.000000 8.041632
v 266.000000 6.000000 8.067351
v 268.000000 6.000000 8.158726
v 304.000000 6.000000 8.124269
v 306.000000 6.000000 8.029886
v 308.000000 6.000000 8.034109
v 326.000000 6.000000 8.036669
v 328.000000 6.000000 8.058121
v 334.000000 6.000000 8.108451
v 340.000000 6.000000 8.087564
v 342.000000 6.000000 8.242126
v 2.000000 10.000000 8.587569
v 0.000000 10.000000 8.394215
v 4.000000 10.000000 8.728704
v 6.000000 10.000000 8.487723
v 8.000000 10.000000 8.246284
v 10.000000 10.000000 8.408110
v 12.000000 10.000000 8.557563
v 14.000000 10.000000 8.613814
v 16.000000 10.000000 8.717203
v 18.000000 10.000000 8.748410
v 20.000000 10.000000 8.442010
v 22.000000 10.000000 8.239817
v 24.000000 10.000000 8.139733
v 26.000000 10.000000 8.271588
v 28.000000 10.000000 8.438098
v 30.000000 10.000000 8.418292
v 32.000000 10.000000 8.660782
v 34.000000 10.000000 8.982748
v 36.000000 10.000000 8.936649
v 38.000000 10.000000 8.714141
v 40.000000 10.000000 8.449318
v 42.000000 10.000000 8.442767
v 44.000000 10.000000 8.581435
v 46.000000 10.000000 8.749763
v 48.000000 10.000000 8.620021
v 50.000000 10.000000 8.429135
v 52.000000 10.000000 8.587905
v 54.000000 10.000000 9.072860
v 56.000000 10.000000 9.031746
v 58.000000 10.000000 8.756995
v 60.000000 10.000000 8.422807
v 62.000000 10.000000 8.448906
v 64.000000 10.000000 8.711937
v 66.000000 10.000000 8.390850
v 68.000000 10.000000 8.136006
v 70.000000 10.000000 8.479970
v 72.000000 10.000000 8.782100
v 74.000000 10.000000 8.514744
v 76.000000 10.000000 8.386517
v 78.000000 10.000000 8.679306
v 80.000000 10.000000 8.508497
v 86.000000 10.000000 8.494215
v 88.000000 10.000000 8.559572
v 90.000000 10.000000 8.543028
v 92.000000 10.000000 8.776423
v 94.000000 10.000000 8.834869
v 96.000000 10.000000 8.364404
v 98.000000 10.000000 8.137502
v 100.000000 10.000000 8.609719
v 102.000000 10.000000 8.769738
v 104.000000 10.000000 8.518481
v 106.000000 10.000000 8.715546
v 108.000000 10.000000 8.965127
v 110.000000 10.000000 8.620807
v 112.000000 10.000000 8.245584
v 114.000000 10.000000 8.511668
v 116.000000 10.000000 8.843885
v 118.000000 10.000000 8.751293
v 120.000000 10.000000 8.643268
v 122.000000 10.000000 8.929975
v 124.000000 10.000000 9.346043
v 126.000000 10.000000 9.026705
v 128.000000 10.000000 8.655589
v 130.000000 10.000000 8.602181
v 132.000000 10.000000 8.774754
v 134.000000 10.000000 8.855867
v 136.000000 10.000000 8.694110
v 138.000000 10.000000 8.613914
v 140.000000 10.000000 8.574085
v 142.000000 10.000000 8.554708
v 144.000000 10.000000 8.662269
v 146.000000 10.000000 8.725165
v 148.000000 10.000000 8.626699
v 150.000000 10.000000 8.508519
v 152.000000 10.000000 8.213863
v 154.000000 10.000000 8.192182
v 156.000000 10.000000 8.266956
v 158.000000 10.000000 8.273445
v 160.000000 10.000000 8.448924
v 162.000000 10.000000 8.331493
v 164.000000 10.000000 8.175054
v 166.000000 10.000000 8.474559
v 168.000000 10.000000 8.513076
v 170.000000 10.000000 8.427267
v 172.000000 10.000000 8.250347
v 174.000000 10.000000 8.445963
v 176.000000 10.000000 8.404939
v 178.000000 10.000000 8.294251
v 180.000000 10.000000 8.401066
v 182.000000 10.000000 8.581488
v 184.000000 10.000000 8.669519
v 186.000000 10.000000 8.456053
v 188.000000 10.000000 8.357797
v 190.000000 10.000000 8.451914
v 192.000000 10.000000 8.070650
v 194.000000 10.000000 8.056016
v 196.000000 10.000000 8.353131
v 198.000000 10.000000 8.545664
v 200.000000 10.000000 8.440331
v 202.000000 10.000000 8.162819
v 204.000000 10.000000 8.037210
v 206.000000 10.000000 8.110300
v 208.000000 10.000000 8.096686
v 210.000000 10.000000 8.442202
v 212.000000 10.000000 8.949329
v 214.000000 10.000000 9.151805
v 216.000000 10.000000 8.776155
v 218.000000 10.000000 8.534457
v 220.000000 10.000000 8.445014
v 222.000000 10.000000 8.103198
v 228.000000 10.000000 8.134951
v 230.000000 10.000000 8.409902
v 232.000000 10.000000 8.518132
v 234.000000 10.000000 8.448658
v 236.000000 10.000000 8.631323
v 238.000000 10.000000 8.652742
v 240.000000 10.000000 8.431811
v 242.000000 10.000000 8.086611
v 244.000000 10.000000 8.043671
v 246.000000 10.000000 8.190224
v 248.000000 10.000000 8.259805
v 250.000000 10.000000 8.424365
v 252.000000 10.000000 8.541932
v 254.000000 10.000000 8.439315
v 256.000000 10.000000 8.347813
v 258.000000 10.000000 8.421250
v 260.000000 10.000000 8.423942
v 262.000000 10.000000 8.266264
v 264.000000 10.000000 8.093896
v 266.000000 10.000000 8.214548
v 268.000000 10.000000 8.505899
v 270.000000 10.000000 8.441539
v 272.000000 10.000000 8.205331
v 274.000000 10.000000 8.179652
v 278.000000 10.000000 8.068576
v 280.000000 10.000000 8.411020
v 282.000000 10.000000 8.233971
v 284.000000 10.000000 8.130787
v 286.000000 10.000000 8.363997
v 288.000000 10.000000 8.543950
v 290.000000 10.000000 8.465827
v 292.000000 10.000000 8.326348
v 294.000000 10.000000 8.343996
v 296.000000 10.000000 8.360531
v 298.000000 10.000000 8.372302
v 300.000000 10.000000 8.411450
v 302.000000 10.000000 8.468273
v 304.000000 10.000000 8.743313
v 306.000000 10.000000 8.645895
v 308.000000 10.000000 8.692068
v 310.000000 10.000000 8.446644
v 312.000000 10.000000 8.166235
v 316.000000 10.000000 8.122695
v 318.000000 10.000000 8.440287
v 320.000000 10.000000 8.422619
v 322.000000 10.000000 8.321733
v 324.000000 10.000000 8.397235
v 326.000000 10.000000 8.500897
v 328.000000 10.000000 8.577199
v 330.000000 10.000000 8.454669
v 332.000000 10.000000 8.381345
v 334.000000 10.000000 8.541621
v 336.000000 10.000000 8.284760
v 338.000000 10.000000 8.193945
v 340.000000 10.000000 8.443507
v 342.000000 10.000000 8.643350
v 344.000000 10.000000 8.570300
v 346.000000 10.000000 8.483958
v 348.000000 10.000000 8.468491
v 350.000000 10.000000 8.453484
v 356.000000 10.000000 8.339507
v 358.000000 10.000000 8.414913
v 360.000000 10.000000 8.394215
v 2.000000 12.000000 9.564396
v 0.000000 12.000000 9.539412
v 4.000000 12.000000 9.646124
v 6.000000 12.000000 9.563151
v 8.000000 12.000000 9.403592
v 10.000000 12.000000 9.478534
v 12.000000 12.000000 9.538798
v 14.000000 12.000000 9.578451
v 16.000000 12.000000 9.674960
v 18.000000 12.000000 9.708793
v 20.000000 12.000000 9.506606
v 22.000000 12.000000 9.227480
v 24.000000 12.000000 9.159337
v 26.000000 12.000000 9.467780
v 28.000000 12.000000 9.640420
v 30.000000 12.000000 9.521667
v 32.000000 12.000000 9.859456
v 32.821148 12.000000 10.000000
v 34.000000 11.672505 10.000000
v 36.000000 11.669751 10.000000
v 38.000000 11.725299 10.000000
v 40.000000 11.989635 10.000000
v 42.000000 11.961670 10.000000
v 44.000000 11.715364 10.000000
v 46.000000 11.546530 10.000000
v 48.000000 11.715272 10.000000
v 50.000000 11.845162 10.000000
v 52.000000 11.711333 10.000000
v 54.000000 11.182734 10.000000
v 56.000000 11.252638 10.000000
v 58.000000 11.546715 10.000000
v 60.000000 11.886107 10.000000
v 62.000000 11.705469 10.000000
v 64.000000 11.581935 10.000000
v 66.000000 11.991619 10.000000
v 68.000000 12.000000 9.809928
v 66.075874 12.000000 10.000000
v 69.903908 12.000000 10.000000
v 70.000000 11.989230 10.000000
v 72.000000 11.514118 10.000000
v 74.000000 11.918839 10.000000
v 76.000000 12.000000 9.905713
v 74.887314 12.000000 10.000000
v 76.443192 12.000000 10.000000
v 78.000000 11.634468 10.000000
v 80.000000 11.821075 10.000000
v 82.000000 12.000000 9.473309
v 80.470619 12.000000 10.000000
v 84.000000 12.000000 9.575367
v 85.743050 12.000000 10.000000
v 86.000000 11.928380 10.000000
v 88.000000 11.762537 10.000000
v 90.000000 11.703830 10.000000
v 92.000000 11.299782 10.000000
v 94.000000 11.153378 10.000000
v 96.000000 11.843015 10.000000
v 98.000000 12.000000 9.997930
v 97.974228 12.000000 10.000000
v 98.009651 12.000000 10.000000
v 100.000000 11.566085 10.000000
v 102.000000 11.410520 10.000000
v 104.000000 11.700883 10.000000
v 106.000000 11.332824 10.000000
v 108.000000 11.081654 10.000000
v 110.000000 11.471499 10.000000
v 112.000000 12.000000 9.998699
v 111.995399 12.000000 10.000000
v 112.007858 12.000000 10.000000
v 114.000000 11.680090 10.000000
v 116.000000 11.309999 10.000000
v 118.000000 11.411889 10.000000
v 120.000000 11.567426 10.000000
v 122.000000 11.129929 10.000000
v 124.000000 10.706115 10.000000
v 126.000000 11.189817 10.000000
v 128.000000 11.738504 10.000000
v 130.000000 11.683721 10.000000
v 132.000000 11.426909 10.000000
v 134.000000 11.395755 10.000000
v 136.000000 11.597689 10.000000
v 138.000000 11.745257 10.000000
v 140.000000 11.906676 10.000000
v 142.000000 11.784148 10.000000
v 144.000000 11.747352 10.000000
v 146.000000 12.000000 9.983722
v 145.855743 12.000000 10.000000
v 148.000000 12.000000 9.766513
v 150.000000 12.000000 9.688904
v 152.000000 12.000000 9.452355
v 154.000000 12.000000 9.286505
v 156.000000 12.000000 9.329730
v 158.000000 12.000000 9.333700
v 160.000000 12.000000 9.434044
v 162.000000 12.000000 9.450572
v 164.000000 12.000000 9.368776
v 166.000000 12.000000 9.377565
v 168.000000 12.000000 9.302488
v 170.000000 12.000000 9.228074
v 172.000000 12.000000 9.286052
v 174.000000 12.000000 9.357758
v 176.000000 12.000000 9.259262
v 178.000000 12.000000 9.199662
v 180.000000 12.000000 9.414201
v 182.000000 12.000000 9.463873
v 184.000000 12.000000 9.530804
v 186.000000 12.000000 9.610537
v 188.000000 12.000000 9.362780
v 190.000000 12.000000 9.250079
v 192.000000 12.000000 9.013364
v 194.000000 12.000000 9.090487
v 196.000000 12.000000 9.293782
v 198.000000 12.000000 9.444405
v 200.000000 12.000000 9.340247
v 202.000000 12.000000 8.895477
v 204.000000 12.000000 8.708954
v 206.000000 12.000000 8.772487
v 208.000000 12.000000 8.909360
v 210.000000 12.000000 9.385947
v 211.961380 12.000000 10.000000
v 212.000000 11.977448 10.000000
v 214.000000 11.635612 10.000000
v 216.000000 12.000000 9.850859
v 215.134827 12.000000 10.000000
v 218.000000 12.000000 9.533919
v 220.000000 12.000000 9.260054
v 222.000000 12.000000 9.024103
v 224.000000 12.000000 8.837397
v 226.000000 12.000000 8.859450
v 228.000000 12.000000 9.059358
v 230.000000 12.000000 9.491761
v 232.000000 12.000000 9.612083
v 234.000000 12.000000 9.665872
v 236.000000 12.000000 9.843769
v 238.000000 12.000000 9.795385
v 240.000000 12.000000 9.589187
v 242.000000 12.000000 9.486354
v 244.000000 12.000000 9.553384
v 246.000000 12.000000 9.557588
v 248.000000 12.000000 9.524614
v 250.000000 12.000000 9.632298
v 252.000000 12.000000 9.683547
v 254.000000 12.000000 9.510191
v 256.000000 12.000000 9.392729
v 258.000000 12.000000 9.474793
v 260.000000 12.000000 9.553285
v 262.000000 12.000000 9.394017
v 264.000000 12.000000 9.074862
v 266.000000 12.000000 9.144517
v 268.000000 12.000000 9.596699
v 270.000000 12.000000 9.474741
v 272.000000 12.000000 9.526078
v 274.000000 12.000000 9.414391
v 276.000000 12.000000 9.030869
v 278.000000 12.000000 9.156548
v 280.000000 12.000000 9.362432
v 282.000000 12.000000 9.239920
v 284.000000 12.000000 9.149801
v 286.000000 12.000000 9.344324
v 288.000000 12.000000 9.561499
v 290.000000 12.000000 9.509345
v 292.000000 12.000000 9.370555
v 294.000000 12.000000 9.186956
v 296.000000 12.000000 9.286593
v 298.000000 12.000000 9.384446
v 300.000000 12.000000 9.486188
v 302.000000 12.000000 9.690210
v 304.000000 12.000000 9.849171
v 306.000000 12.000000 9.756697
v 308.000000 12.000000 9.769729
v 310.000000 12.000000 9.521202
v 312.000000 12.000000 9.105896
v 314.000000 12.000000 8.917561
v 316.000000 12.000000 8.975670
v 318.000000 12.000000 9.302153
v 320.000000 12.000000 9.307513
v 322.000000 12.000000 9.418084
v 324.000000 12.000000 9.433037
v 326.000000 12.000000 9.543006
v 328.000000 12.000000 9.639814
v 330.000000 12.000000 9.505407
v 332.000000 12.000000 9.555655
v 334.000000 12.000000 9.412781
v 336.000000 12.000000 9.250981
v 338.000000 12.000000 9.115084
v 340.000000 12.000000 9.270052
v 342.000000 12.000000 9.548932
v 344.000000 12.000000 9.584268
v 346.000000 12.000000 9.549540
v 348.000000 12.000000 9.797829
v 350.000000 12.000000 9.583030
v 352.000000 12.000000 9.243375
v 354.000000 12.000000 9.401143
v 356.000000 12.000000 9.732538
v 358.000000 12.000000 9.576452
v 360.000000 12.000000 9.539412
v 2.000000 14.000000 9.261985
v 0.000000 14.000000 8.993035
v 4.000000 14.000000 9.251101
v 6.000000 14.000000 8.982371
v 8.000000 14.000000 8.842875
v 10.000000 14.000000 8.975150
v 12.000000 14.000000 8.962870
v 14.000000 14.000000 8.966913
v 16.000000 14.000000 9.097499
v 18.000000 14.000000 9.133359
v 20.000000 14.000000 8.876677
v 22.000000 14.000000 8.610830
v 24.000000 14.000000 8.682412
v 26.000000 14.000000 8.868346
v 28.000000 14.000000 8.857823
v 30.000000 14.000000 8.950627
v 32.000000 14.000000 9.357917
v 34.000000 12.739624 10.000000
v 34.000000 14.000000 9.671607
v 36.000000 12.798486 10.000000
v 36.000000 14.000000 9.673361
v 38.000000 12.619182 10.000000
v 38.000000 14.000000 9.513281
v 40.000000 12.019497 10.000000
v 40.000000 14.000000 9.133815
v 42.000000 12.067599 10.000000
v 42.000000 14.000000 9.074885
v 44.000000 12.461632 10.000000
v 44.000000 14.000000 9.193391
v 46.000000 12.736886 10.000000
v 46.000000 14.000000 9.348181
v 48.000000 12.577385 10.000000
v 48.000000 14.000000 9.409699
v 50.000000 12.319343 10.000000
v 50.000000 14.000000 9.243530
v 52.000000 12.748107 10.000000
v 52.000000 14.000000 9.563381
v 54.000000 13.960384 10.000000
v 54.000000 14.000000 9.986439
v 55.244984 14.000000 10.000000
v 58.000000 14.000000 9.690231
v 56.048595 14.000000 10.000000
v 58.000000 13.117023 10.000000
v 60.000000 12.245970 10.000000
v 60.000000 14.000000 9.240453
v 62.000000 12.616449 10.000000
v 62.000000 14.000000 9.342418
v 64.000000 12.767355 10.000000
v 64.000000 14.000000 9.437048
v 66.000000 12.017072 10.000000
v 66.000000 14.000000 9.177000
v 68.000000 14.000000 9.064431
v 70.000000 12.027660 10.000000
v 70.000000 14.000000 9.350691
v 72.000000 13.158667 10.000000
v 72.000000 14.000000 9.664265
v 74.000000 12.233803 10.000000
v 74.000000 14.000000 9.446490
v 76.000000 14.000000 9.464290
v 78.000000 13.132107 10.000000
v 78.000000 14.000000 9.744596
v 80.000000 12.524638 10.000000
v 80.000000 14.000000 9.522629
v 82.000000 14.000000 8.916500
v 84.000000 14.000000 9.187468
v 86.000000 12.239378 10.000000
v 86.000000 14.000000 9.502899
v 88.000000 12.592864 10.000000
v 88.000000 14.000000 9.465739
v 90.000000 13.260196 10.000000
v 90.000000 14.000000 9.829355
v 91.595505 14.000000 10.000000
v 96.000000 14.000000 9.648381
v 94.022850 14.000000 10.000000
v 96.000000 12.619554 10.000000
v 98.000000 14.000000 9.522335
v 100.000000 13.512212 10.000000
v 100.000000 14.000000 9.859734
v 102.000000 13.747258 10.000000
v 102.000000 14.000000 9.916639
v 104.000000 13.212762 10.000000
v 104.000000 14.000000 9.810071
v 105.245644 14.000000 10.000000
v 112.000000 14.000000 9.559997
v 110.086082 14.000000 10.000000
v 114.000000 13.266315 10.000000
v 114.000000 14.000000 9.804599
v 115.588905 14.000000 10.000000
v 118.000000 14.000000 9.839694
v 116.458794 14.000000 10.000000
v 118.000000 13.562824 10.000000
v 120.000000 13.678219 10.000000
v 120.000000 14.000000 9.915463
v 120.364822 14.000000 10.000000
v 126.000000 14.000000 9.935729
v 125.764610 14.000000 10.000000
v 126.000000 13.833843 10.000000
v 128.000000 12.673638 10.000000
v 128.000000 14.000000 9.572556
v 130.000000 12.981746 10.000000
v 130.000000 14.000000 9.699702
v 132.000000 13.234825 10.000000
v 132.000000 14.000000 9.676779
v 134.000000 13.123014 10.000000
v 134.000000 14.000000 9.586530
v 136.000000 12.835394 10.000000
v 136.000000 14.000000 9.507107
v 138.000000 12.636207 10.000000
v 138.000000 14.000000 9.522681
v 140.000000 12.224998 10.000000
v 140.000000 14.000000 9.418789
v 142.000000 12.528107 10.000000
v 142.000000 14.000000 9.479764
v 144.000000 12.563301 10.000000
v 144.000000 14.000000 9.471987
v 146.000000 14.000000 9.281093
v 148.000000 14.000000 9.247355
v 150.000000 14.000000 9.040442
v 152.000000 14.000000 8.946870
v 154.000000 14.000000 8.898600
v 156.000000 14.000000 8.955503
v 158.000000 14.000000 8.851181
v 160.000000 14.000000 9.054122
v 162.000000 14.000000 9.094818
v 164.000000 14.000000 9.045444
v 166.000000 14.000000 9.037271
v 168.000000 14.000000 8.875528
v 170.000000 14.000000 8.971293
v 172.000000 14.000000 8.886877
v 174.000000 14.000000 8.856048
v 176.000000 14.000000 8.996686
v 178.000000 14.000000 9.079506
v 180.000000 14.000000 8.931254
v 182.000000 14.000000 8.948424
v 184.000000 14.000000 9.076962
v 186.000000 14.000000 9.071568
v 188.000000 14.000000 8.856524
v 190.000000 14.000000 8.779271
v 192.000000 14.000000 8.610431
v 194.000000 14.000000 8.566816
v 196.000000 14.000000 8.736801
v 198.000000 14.000000 8.848264
v 200.000000 14.000000 8.807575
v 202.000000 14.000000 8.428290
v 204.000000 14.000000 8.316772
v 206.000000 14.000000 8.408506
v 208.000000 14.000000 8.709394
v 210.000000 14.000000 9.015655
v 212.000000 12.044153 10.000000
v 212.000000 14.000000 9.459245
v 214.000000 12.759442 10.000000
v 214.000000 14.000000 9.683603
v 216.000000 14.000000 9.447636
v 218.000000 14.000000 9.215917
v 220.000000 14.000000 8.901367
v 222.000000 14.000000 8.619783
v 224.000000 14.000000 8.422680
v 226.000000 14.000000 8.443868
v 228.000000 14.000000 8.653642
v 230.000000 14.000000 9.035130
v 232.000000 14.000000 9.159328
v 234.000000 14.000000 9.245371
v 236.000000 14.000000 9.402686
v 238.000000 14.000000 9.319780
v 240.000000 14.000000 9.128239
v 242.000000 14.000000 8.819948
v 244.000000 14.000000 8.919386
v 246.000000 14.000000 8.996302
v 248.000000 14.000000 9.029173
v 250.000000 14.000000 9.179801
v 252.000000 14.000000 9.261329
v 254.000000 14.000000 9.199243
v 256.000000 14.000000 9.046765
v 258.000000 14.000000 8.994943
v 260.000000 14.000000 9.051545
v 262.000000 14.000000 9.047519
v 264.000000 14.000000 8.793447
v 266.000000 14.000000 8.739818
v 268.000000 14.000000 9.254917
v 270.000000 14.000000 8.916969
v 272.000000 14.000000 8.829198
v 274.000000 14.000000 8.846204
v 276.000000 14.000000 8.544017
v 278.000000 14.000000 8.626116
v 280.000000 14.000000 9.041636
v 282.000000 14.000000 8.867125
v 284.000000 14.000000 8.762626
v 286.000000 14.000000 8.919197
v 288.000000 14.000000 9.206833
v 290.000000 14.000000 9.093293
v 292.000000 14.000000 8.992285
v 294.000000 14.000000 8.644011
v 296.000000 14.000000 8.696867
v 298.000000 14.000000 8.948756
v 300.000000 14.000000 8.944635
v 302.000000 14.000000 9.166202
v 304.000000 14.000000 9.183772
v 306.000000 14.000000 9.157370
v 308.000000 14.000000 9.090682
v 310.000000 14.000000 8.828949
v 312.000000 14.000000 8.658499
v 314.000000 14.000000 8.668004
v 316.000000 14.000000 8.708951
v 318.000000 14.000000 8.916272
v 320.000000 14.000000 8.854806
v 322.000000 14.000000 8.777127
v 324.000000 14.000000 8.829701
v 326.000000 14.000000 8.929359
v 328.000000 14.000000 9.012077
v 330.000000 14.000000 8.962008
v 332.000000 14.000000 9.019530
v 334.000000 14.000000 9.070003
v 336.000000 14.000000 8.716688
v 338.000000 14.000000 8.561123
v 340.000000 14.000000 8.930160
v 342.000000 14.000000 9.032201
v 344.000000 14.000000 8.961679
v 346.000000 14.000000 9.058984
v 348.000000 14.000000 9.117632
v 350.000000 14.000000 9.008072
v 352.000000 14.000000 8.524290
v 354.000000 14.000000 8.663406
v 356.000000 14.000000 8.926798
v 358.000000 14.000000 8.798055
v 360.000000 14.000000 8.993035
v 2.000000 16.000000 8.502075
v 4.000000 16.000000 8.623269
v 6.000000 16.000000 8.136881
v 10.000000 16.000000 8.056342
v 12.000000 16.000000 8.041666
v 14.000000 16.000000 8.047668
v 16.000000 16.000000 8.378511
v 18.000000 16.000000 8.356863
v 20.000000 16.000000 8.003131
v 28.000000 16.000000 8.012325
v 32.000000 16.000000 8.240457
v 34.000000 16.000000 8.458858
v 36.000000 16.000000 8.469358
v 38.000000 16.000000 8.281495
v 40.000000 16.000000 8.083268
v 44.000000 16.000000 8.022885
v 46.000000 16.000000 8.133785
v 48.000000 16.000000 8.184901
v 50.000000 16.000000 8.005589
v 52.000000 16.000000 8.370737
v 54.000000 16.000000 8.961308
v 56.000000 14.013577 10.000000
v 56.000000 16.000000 8.883680
v 58.000000 16.000000 8.615838
v 60.000000 16.000000 8.278628
v 62.000000 16.000000 8.211219
v 64.000000 16.000000 8.222549
v 70.000000 16.000000 8.460423
v 72.000000 16.000000 8.702803
v 74.000000 16.000000 8.785024
v 76.000000 16.000000 8.797085
v 78.000000 16.000000 8.972157
v 80.000000 16.000000 8.776903
v 82.000000 16.000000 8.406129
v 84.000000 16.000000 8.621323
v 86.000000 16.000000 8.900426
v 88.000000 16.000000 8.901012
v 90.000000 16.000000 9.167092
v 92.000000 14.124154 10.000000
v 92.000000 16.000000 9.303028
v 94.000000 14.010460 10.000000
v 94.000000 16.000000 9.164960
v 96.000000 16.000000 8.884616
v 98.000000 16.000000 8.973698
v 100.000000 16.000000 9.332200
v 102.000000 16.000000 9.252490
v 104.000000 16.000000 9.364831
v 106.000000 14.437325 10.000000
v 106.000000 16.000000 9.563689
v 108.000000 14.828382 10.000000
v 108.000000 16.000000 9.627998
v 110.000000 14.055484 10.000000
v 110.000000 16.000000 9.307722
v 112.000000 16.000000 9.168083
v 114.000000 16.000000 9.477448
v 116.000000 14.144687 10.000000
v 116.000000 16.000000 9.361787
v 118.000000 16.000000 9.228839
v 120.000000 16.000000 9.387819
v 122.000000 14.832818 10.000000
v 122.000000 16.000000 9.436092
v 124.000000 15.030915 10.000000
v 124.000000 16.000000 9.536504
v 126.000000 16.000000 9.131987
v 128.000000 16.000000 8.889085
v 130.000000 16.000000 8.948245
v 132.000000 16.000000 8.955954
v 134.000000 16.000000 8.864288
v 136.000000 16.000000 8.869795
v 138.000000 16.000000 8.931236
v 140.000000 16.000000 8.831234
v 142.000000 16.000000 8.790776
v 144.000000 16.000000 8.649221
v 146.000000 16.000000 8.664611
v 148.000000 16.000000 8.793504
v 150.000000 16.000000 8.551384
v 152.000000 16.000000 8.264591
v 154.000000 16.000000 8.266754
v 156.000000 16.000000 8.359982
v 158.000000 16.000000 8.219538
v 160.000000 16.000000 8.343278
v 162.000000 16.000000 8.535113
v 164.000000 16.000000 8.428114
v 166.000000 16.000000 8.234447
v 168.000000 16.000000 8.197100
v 170.000000 16.000000 8.229300
v 172.000000 16.000000 8.076687
v 174.000000 16.000000 8.139348
v 176.000000 16.000000 8.299199
v 178.000000 16.000000 8.220640
v 180.000000 16.000000 8.103975
v 182.000000 16.000000 8.184745
v 184.000000 16.000000 8.276754
v 186.000000 16.000000 8.167899
v 188.000000 16.000000 8.083581
v 190.000000 16.000000 8.176302
v 192.000000 16.000000 8.087562
v 194.000000 16.000000 8.012200
v 196.000000 16.000000 8.185751
v 198.000000 16.000000 8.205876
v 200.000000 16.000000 8.101969
v 210.000000 16.000000 8.034682
v 212.000000 16.000000 8.336724
v 214.000000 16.000000 8.597350
v 216.000000 16.000000 8.354558
v 218.000000 16.000000 8.279163
v 220.000000 16.000000 8.145455
v 230.000000 16.000000 8.052385
v 232.000000 16.000000 8.127201
v 234.000000 16.000000 8.141866
v 236.000000 16.000000 8.346910
v 238.000000 16.000000 8.340279
v 252.000000 16.000000 8.230467
v 254.000000 16.000000 8.405330
v 256.000000 16.000000 8.237731
v 268.000000 16.000000 8.242918
v 282.000000 16.000000 8.197883
v 284.000000 16.000000 8.107328
v 298.000000 16.000000 8.133668
v 300.000000 16.000000 8.196890
v 302.000000 16.000000 8.197689
v 304.000000 16.000000 8.307034
v 306.000000 16.000000 8.305268
v 308.000000 16.000000 8.329170
v 310.000000 16.000000 8.155660
v 312.000000 16.000000 8.092203
v 314.000000 16.000000 8.153921
v 316.000000 16.000000 8.168735
v 318.000000 16.000000 8.224372
v 320.000000 16.000000 8.076078
v 324.000000 16.000000 8.050623
v 326.000000 16.000000 8.140807
v 328.000000 16.000000 8.085979
v 330.000000 16.000000 8.040497
v 332.000000 16.000000 8.244607
v 334.000000 16.000000 8.376464
v 340.000000 16.000000 8.038025
v 342.000000 16.000000 8.160866
v 344.000000 16.000000 8.032368
v 346.000000 16.000000 8.102206
v 348.000000 16.000000 8.193034
v 350.000000 16.000000 8.031199
v 2.000000 18.000000 8.079686
v 4.000000 18.000000 8.246341
v 12.000000 18.000000 8.098551
v 14.000000 18.000000 8.221824
v 16.000000 18.000000 8.513086
v 18.000000 18.000000 8.352677
v 30.000000 18.000000 8.101770
v 32.000000 18.000000 8.327192
v 34.000000 18.000000 8.455970
v 36.000000 18.000000 8.311002
v 38.000000 18.000000 8.134274
v 40.000000 18.000000 8.129457
v 42.000000 18.000000 8.361423
v 44.000000 18.000000 8.503629
v 46.000000 18.000000 8.574914
v 48.000000 18.000000 8.627757
v 50.000000 18.000000 8.344069
v 52.000000 18.000000 8.659184
v 54.000000 18.000000 9.314617
v 56.000000 18.000000 9.241838
v 58.000000 18.000000 9.005375
v 60.000000 18.000000 8.720724
v 62.000000 18.000000 8.812156
v 64.000000 18.000000 8.811564
v 66.000000 18.000000 8.142052
v 68.000000 18.000000 8.479353
v 70.000000 18.000000 9.137408
v 72.000000 18.000000 9.393709
v 74.000000 18.000000 9.523323
v 76.000000 18.000000 9.724869
v 78.000000 18.000000 9.814040
v 80.000000 18.000000 9.407426
v 82.000000 18.000000 9.055880
v 84.000000 18.000000 9.181505
v 86.000000 18.000000 9.594319
v 88.000000 18.000000 9.770532
v 89.102196 18.000000 10.000000
v 90.000000 17.665825 10.000000
v 92.000000 17.336266 10.000000
v 94.000000 18.000000 9.785174
v 93.250885 18.000000 10.000000
v 96.000000 18.000000 9.421941
v 98.000000 18.000000 9.683221
v 99.387077 18.000000 10.000000
v 100.000000 17.662994 10.000000
v 102.000000 17.545469 10.000000
v 104.000000 17.312902 10.000000
v 106.000000 16.847881 10.000000
v 108.000000 16.771189 10.000000
v 110.000000 17.972099 10.000000
v 112.000000 18.000000 9.876381
v 110.159401 18.000000 10.000000
v 112.879005 18.000000 10.000000
v 114.000000 17.566467 10.000000
v 116.000000 17.333311 10.000000
v 118.000000 17.675449 10.000000
v 120.000000 17.833216 10.000000
v 122.000000 17.148125 10.000000
v 124.000000 16.808144 10.000000
v 126.000000 17.761528 10.000000
v 128.000000 18.000000 9.600498
v 126.490921 18.000000 10.000000
v 130.000000 18.000000 9.531310
v 132.000000 18.000000 9.994577
v 134.000000 18.000000 9.947460
v 136.000000 18.000000 9.514584
v 138.000000 18.000000 9.451164
v 140.000000 18.000000 9.282088
v 142.000000 18.000000 9.213714
v 144.000000 18.000000 9.103108
v 146.000000 18.000000 8.790785
v 148.000000 18.000000 8.714746
v 150.000000 18.000000 8.772335
v 152.000000 18.000000 8.479113
v 154.000000 18.000000 8.443132
v 156.000000 18.000000 8.325328
v 158.000000 18.000000 8.090814
v 160.000000 18.000000 8.134718
v 162.000000 18.000000 8.140292
v 164.000000 18.000000 8.073151
v 168.000000 18.000000 8.094074
v 182.000000 18.000000 8.092072
v 184.000000 18.000000 8.062609
v 212.000000 18.000000 8.095861
v 214.000000 18.000000 8.331216
v 216.000000 18.000000 8.269871
v 218.000000 18.000000 8.226694
v 236.000000 18.000000 8.088799
v 238.000000 18.000000 8.043017
v 252.000000 18.000000 8.030842
v 254.000000 18.000000 8.065940
v 256.000000 18.000000 8.050011
v 282.000000 18.000000 8.032675
v 284.000000 18.000000 8.075196
v 304.000000 18.000000 8.142555
v 306.000000 18.000000 8.160577
v 314.000000 18.000000 8.156214
v 316.000000 18.000000 8.364537
v 318.000000 18.000000 8.304790
v 324.000000 18.000000 8.084254
v 326.000000 18.000000 8.149790
v 348.000000 18.000000 8.054223
v 0.000000 20.000000 8.431386
v 2.000000 20.000000 8.830857
v 4.000000 20.000000 8.846478
v 6.000000 20.000000 8.356612
v 8.000000 20.000000 8.254578
v 10.000000 20.000000 8.430858
v 12.000000 20.000000 8.568194
v 14.000000 20.000000 8.696564
v 16.000000 20.000000 9.016602
v 18.000000 20.000000 8.968110
v 20.000000 20.000000 8.423775
v 22.000000 20.000000 8.233659
v 24.000000 20.000000 8.371193
v 26.000000 20.000000 8.422110
v 28.000000 20.000000 8.442379
v 30.000000 20.000000 8.480346
v 32.000000 20.000000 8.736002
v 34.000000 20.000000 9.003810
v 36.000000 20.000000 8.930867
v 38.000000 20.000000 8.746543
v 40.000000 20.000000 8.609720
v 42.000000 20.000000 8.768987
v 44.000000 20.000000 9.084507
v 46.000000 20.000000 9.291814
v 48.000000 20.000000 9.266241
v 50.000000 20.000000 8.868296
v 52.000000 20.000000 9.056430
v 54.000000 20.000000 9.687201
v 56.000000 20.000000 9.875602
v 58.000000 20.000000 9.797674
v 60.000000 20.000000 9.260051
v 62.000000 20.000000 9.456443
v 64.000000 20.000000 9.631674
v 66.000000 20.000000 9.138418
v 68.000000 20.000000 9.187013
v 70.000000 20.000000 9.861978
v 70.838737 20.000000 10.000000
v 72.000000 19.547291 10.000000
v 74.000000 20.000000 9.976768
v 73.780373 20.000000 10.000000
v 74.103600 20.000000 10.000000
v 76.000000 18.770468 10.000000
v 78.000000 18.379520 10.000000
v 80.000000 19.159180 10.000000
v 82.000000 19.962240 10.000000
v 84.000000 19.740892 10.000000
v 86.000000 18.974510 10.000000
v 88.000000 18.443638 10.000000
v 94.000000 18.373880 10.000000
v 96.000000 18.964174 10.000000
v 98.000000 18.491600 10.000000
v 112.000000 18.206245 10.000000
v 128.000000 18.987068 10.000000
v 130.000000 18.867554 10.000000
v 132.000000 18.009607 10.000000
v 134.000000 18.147150 10.000000
v 136.000000 20.000000 9.994664
v 135.982773 20.000000 10.000000
v 136.822464 20.000000 10.000000
v 138.000000 19.972397 10.000000
v 140.000000 20.000000 9.922843
v 138.189941 20.000000 10.000000
v 142.000000 20.000000 9.798311
v 144.000000 20.000000 9.871870
v 146.000000 20.000000 9.493000
v 148.000000 20.000000 9.307862
v 150.000000 20.000000 9.362886
v 152.000000 20.000000 9.154115
v 154.000000 20.000000 9.063802
v 156.000000 20.000000 8.935117
v 158.000000 20.000000 8.785022
v 160.000000 20.000000 8.971306
v 162.000000 20.000000 9.004498
v 164.000000 20.000000 8.816949
v 166.000000 20.000000 8.788365
v 168.000000 20.000000 8.967543
v 170.000000 20.000000 8.788416
v 172.000000 20.000000 8.517654
v 174.000000 20.000000 8.371585
v 176.000000 20.000000 8.526066
v 178.000000 20.000000 8.459134
v 180.000000 20.000000 8.633760
v 182.000000 20.000000 8.942994
v 184.000000 20.000000 8.898403
v 186.000000 20.000000 8.663543
v 188.000000 20.000000 8.493308
v 190.000000 20.000000 8.505079
v 192.000000 20.000000 8.354537
v 194.000000 20.000000 8.301641
v 196.000000 20.000000 8.617093
v 198.000000 20.000000 8.736025
v 200.000000 20.000000 8.486650
v 202.000000 20.000000 8.038806
v 204.000000 20.000000 8.006094
v 206.000000 20.000000 8.071404
v 208.000000 20.000000 8.035506
v 210.000000 20.000000 8.453806
v 212.000000 20.000000 9.080880
v 214.000000 20.000000 9.360933
v 216.000000 20.000000 8.976462
v 218.000000 20.000000 8.710303
v 220.000000 20.000000 8.426352
v 222.000000 20.000000 8.410427
v 224.000000 20.000000 8.431456
v 226.000000 20.000000 8.143541
v 228.000000 20.000000 8.259427
v 230.000000 20.000000 8.424974
v 232.000000 20.000000 8.531833
v 234.000000 20.000000 8.751776
v 236.000000 20.000000 8.947546
v 238.000000 20.000000 8.791710
v 240.000000 20.000000 8.413754
v 242.000000 20.000000 8.080182
v 244.000000 20.000000 8.121504
v 246.000000 20.000000 8.132828
v 248.000000 20.000000 8.231646
v 250.000000 20.000000 8.433638
v 252.000000 20.000000 8.806280
v 254.000000 20.000000 8.906644
v 256.000000 20.000000 8.746058
v 258.000000 20.000000 8.604385
v 260.000000 20.000000 8.426760
v 262.000000 20.000000 8.104312
v 266.000000 20.000000 8.233638
v 268.000000 20.000000 8.455127
v 270.000000 20.000000 8.408594
v 272.000000 20.000000 8.340355
v 274.000000 20.000000 8.158626
v 280.000000 20.000000 8.414747
v 282.000000 20.000000 8.729075
v 284.000000 20.000000 8.674759
v 286.000000 20.000000 8.720367
v 288.000000 20.000000 8.603629
v 290.000000 20.000000 8.423702
v 292.000000 20.000000 8.108807
v 296.000000 20.000000 8.126865
v 298.000000 20.000000 8.364763
v 300.000000 20.000000 8.428787
v 302.000000 20.000000 8.647199
v 304.000000 20.000000 8.891816
v 306.000000 20.000000 8.829508
v 308.000000 20.000000 8.681855
v 310.000000 20.000000 8.423831
v 312.000000 20.000000 8.580687
v 314.000000 20.000000 8.725483
v 316.000000 20.000000 8.924469
v 318.000000 20.000000 8.874019
v 320.000000 20.000000 8.411263
v 322.000000 20.000000 8.455010
v 324.000000 20.000000 8.902505
v 326.000000 20.000000 8.864697
v 328.000000 20.000000 8.576813
v 330.000000 20.000000 8.437382
v 332.000000 20.000000 8.495680
v 334.000000 20.000000 8.369303
v 338.000000 20.000000 8.279865
v 340.000000 20.000000 8.442082
v 342.000000 20.000000 8.434857
v 344.000000 20.000000 8.475710
v 346.000000 20.000000 8.505236
v 348.000000 20.000000 8.549497
v 350.000000 20.000000 8.417395
v 356.000000 20.000000 8.322118
v 358.000000 20.000000 8.308560
v 360.000000 20.000000 8.431386
v 2.000000 22.000000 8.755512
v 0.000000 22.000000 8.371737
v 4.000000 22.000000 8.672552
v 6.000000 22.000000 8.239103
v 8.000000 22.000000 8.077809
v 10.000000 22.000000 8.207232
v 12.000000 22.000000 8.337352
v 14.000000 22.000000 8.473112
v 16.000000 22.000000 8.682240
v 18.000000 22.000000 8.567799
v 20.000000 22.000000 8.204053
v 22.000000 22.000000 8.045083
v 24.000000 22.000000 8.282318
v 26.000000 22.000000 8.378489
v 28.000000 22.000000 8.397833
v 30.000000 22.000000 8.468157
v 32.000000 22.000000 8.809840
v 34.000000 22.000000 9.012638
v 36.000000 22.000000 8.963602
v 38.000000 22.000000 8.795523
v 40.000000 22.000000 8.641686
v 42.000000 22.000000 8.666391
v 44.000000 22.000000 9.063839
v 46.000000 22.000000 9.366024
v 48.000000 22.000000 9.273005
v 50.000000 22.000000 8.808871
v 52.000000 22.000000 9.170036
v 54.000000 22.000000 9.807773
v 55.792023 22.000000 10.000000
v 56.000000 21.699141 10.000000
v 58.000000 22.000000 9.901549
v 56.366413 22.000000 10.000000
v 60.000000 22.000000 9.325301
v 62.000000 22.000000 9.335355
v 64.000000 22.000000 9.409549
v 66.000000 22.000000 9.112062
v 68.000000 22.000000 9.203539
v 70.000000 22.000000 9.959381
v 70.172188 22.000000 10.000000
v 74.000000 22.000000 9.984470
v 73.932182 22.000000 10.000000
v 74.108780 22.000000 10.000000
v 136.000000 20.048147 10.000000
v 138.000000 20.527666 10.000000
v 138.000000 22.000000 9.977377
v 137.820587 22.000000 10.000000
v 140.000000 20.863728 10.000000
v 138.364105 22.000000 10.000000
v 142.000000 21.386282 10.000000
v 144.000000 21.181581 10.000000
v 146.000000 21.954212 10.000000
v 148.000000 22.000000 9.588024
v 146.059509 22.000000 10.000000
v 150.000000 22.000000 9.621752
v 152.000000 22.000000 9.525504
v 154.000000 22.000000 9.321105
v 156.000000 22.000000 9.088247
v 158.000000 22.000000 9.127042
v 160.000000 22.000000 9.543584
v 162.000000 22.000000 9.498213
v 164.000000 22.000000 9.037071
v 166.000000 22.000000 9.118993
v 168.000000 22.000000 9.300651
v 170.000000 22.000000 9.023631
v 172.000000 22.000000 8.812491
v 174.000000 22.000000 8.677136
v 176.000000 22.000000 8.914736
v 178.000000 22.000000 8.869245
v 180.000000 22.000000 9.014410
v 182.000000 22.000000 9.415496
v 184.000000 22.000000 9.439808
v 186.000000 22.000000 9.146777
v 188.000000 22.000000 8.955866
v 190.000000 22.000000 8.998103
v 192.000000 22.000000 8.682163
v 194.000000 22.000000 8.464436
v 196.000000 22.000000 8.881371
v 198.000000 22.000000 9.155024
v 200.000000 22.000000 8.858063
v 202.000000 22.000000 8.375926
v 204.000000 22.000000 8.323918
v 206.000000 22.000000 8.424371
v 208.000000 22.000000 8.379745
v 210.000000 22.000000 8.930975
v 212.000000 22.000000 9.825468
v 213.662842 22.000000 10.000000
v 214.000000 21.901936 10.000000
v 216.000000 22.000000 9.570662
v 214.144699 22.000000 10.000000
v 218.000000 22.000000 9.061275
v 220.000000 22.000000 8.667951
v 222.000000 22.000000 8.690800
v 224.000000 22.000000 8.760134
v 226.000000 22.000000 8.352352
v 228.000000 22.000000 8.335080
v 230.000000 22.000000 8.670067
v 232.000000 22.000000 8.992232
v 234.000000 22.000000 9.335911
v 236.000000 22.000000 9.277941
v 238.000000 22.000000 9.062080
v 240.000000 22.000000 8.660554
v 242.000000 22.000000 8.408904
v 244.000000 22.000000 8.348539
v 246.000000 22.000000 8.394147
v 248.000000 22.000000 8.525185
v 250.000000 22.000000 8.784730
v 252.000000 22.000000 9.102007
v 254.000000 22.000000 9.119464
v 256.000000 22.000000 9.068947
v 258.000000 22.000000 8.930170
v 260.000000 22.000000 8.663198
v 262.000000 22.000000 8.400410
v 264.000000 22.000000 8.285937
v 266.000000 22.000000 8.860950
v 268.000000 22.000000 9.001303
v 270.000000 22.000000 8.799515
v 272.000000 22.000000 8.540998
v 274.000000 22.000000 8.296763
v 276.000000 22.000000 8.050546
v 278.000000 22.000000 8.195070
v 280.000000 22.000000 8.692998
v 282.000000 22.000000 8.782883
v 284.000000 22.000000 8.590821
v 286.000000 22.000000 8.759771
v 288.000000 22.000000 8.767976
v 290.000000 22.000000 8.612400
v 292.000000 22.000000 8.566287
v 294.000000 22.000000 8.222321
v 296.000000 22.000000 8.397463
v 298.000000 22.000000 8.551156
v 300.000000 22.000000 8.601224
v 302.000000 22.000000 8.893181
v 304.000000 22.000000 8.969975
v 306.000000 22.000000 8.736214
v 308.000000 22.000000 8.710989
v 310.000000 22.000000 8.633371
v 312.000000 22.000000 8.566730
v 314.000000 22.000000 8.495477
v 316.000000 22.000000 8.671075
v 318.000000 22.000000 8.800131
v 320.000000 22.000000 8.557127
v 322.000000 22.000000 8.518378
v 324.000000 22.000000 8.800433
v 326.000000 22.000000 8.828626
v 328.000000 22.000000 8.549341
v 330.000000 22.000000 8.446381
v 332.000000 22.000000 8.634824
v 334.000000 22.000000 8.460967
v 336.000000 22.000000 8.006948
v 338.000000 22.000000 8.333432
v 340.000000 22.000000 8.375621
v 342.000000 22.000000 8.310475
v 344.000000 22.000000 8.335843
v 346.000000 22.000000 8.367725
v 348.000000 22.000000 8.522250
v 350.000000 22.000000 8.353644
v 356.000000 22.000000 8.311935
v 358.000000 22.000000 8.276394
v 360.000000 22.000000 8.371737
v 2.000000 24.000000 8.456584
v 0.000000 24.000000 8.140587
v 4.000000 24.000000 8.359025
v 10.000000 24.000000 8.107148
v 12.000000 24.000000 8.332031
v 14.000000 24.000000 8.405976
v 16.000000 24.000000 8.542623
v 18.000000 24.000000 8.637664
v 20.000000 24.000000 8.154648
v 24.000000 24.000000 8.057131
v 26.000000 24.000000 8.330155
v 28.000000 24.000000 8.365932
v 30.000000 24.000000 8.352877
v 32.000000 24.000000 8.719859
v 34.000000 24.000000 9.118582
v 36.000000 24.000000 9.135839
v 38.000000 24.000000 8.851557
v 40.000000 24.000000 8.657434
v 42.000000 24.000000 9.049213
v 44.000000 24.000000 9.740823
v 46.000000 24.000000 9.914245
v 48.000000 24.000000 9.454652
v 50.000000 24.000000 9.099897
v 52.000000 24.000000 9.719580
v 52.812428 24.000000 10.000000
v 54.000000 22.660378 10.000000
v 58.000000 22.588888 10.000000
v 60.000000 23.863367 10.000000
v 62.000000 24.000000 9.977106
v 61.399342 24.000000 10.000000
v 64.000000 24.000000 9.591608
v 66.000000 24.000000 9.280710
v 68.000000 24.000000 9.825933
v 68.326210 24.000000 10.000000
v 70.000000 22.088100 10.000000
v 74.000000 22.028421 10.000000
v 138.000000 22.084415 10.000000
v 148.000000 24.000000 9.821525
v 146.799957 24.000000 10.000000
v 150.000000 24.000000 9.705143
v 152.000000 24.000000 9.721214
v 154.000000 24.000000 9.259281
v 156.000000 24.000000 8.939896
v 158.000000 24.000000 9.091549
v 160.000000 24.000000 9.428134
v 162.000000 24.000000 9.440900
v 164.000000 24.000000 8.968528
v 166.000000 24.000000 8.990019
v 168.000000 24.000000 9.267632
v 170.000000 24.000000 8.928377
v 172.000000 24.000000 8.637534
v 174.000000 24.000000 8.490721
v 176.000000 24.000000 8.660899
v 178.000000 24.000000 8.817040
v 180.000000 24.000000 8.854756
v 182.000000 24.000000 9.161064
v 184.000000 24.000000 9.228848
v 186.000000 24.000000 8.947408
v 188.000000 24.000000 8.548689
v 190.000000 24.000000 8.706617
v 192.000000 24.000000 8.320196
v 194.000000 24.000000 8.219370
v 196.000000 24.000000 8.516295
v 198.000000 24.000000 8.831140
v 200.000000 24.000000 8.534572
v 202.000000 24.000000 8.044840
v 206.000000 24.000000 8.045074
v 210.000000 24.000000 8.530684
v 212.000000 24.000000 9.335799
v 214.000000 22.185869 10.000000
v 214.000000 24.000000 9.662361
v 216.000000 24.000000 9.180569
v 218.000000 24.000000 8.711124
v 220.000000 24.000000 8.417602
v 222.000000 24.000000 8.341358
v 224.000000 24.000000 8.324446
v 228.000000 24.000000 8.007789
v 230.000000 24.000000 8.372918
v 232.000000 24.000000 8.647777
v 234.000000 24.000000 8.657681
v 236.000000 24.000000 8.731922
v 238.000000 24.000000 8.575529
v 240.000000 24.000000 8.282816
v 242.000000 24.000000 8.003646
v 246.000000 24.000000 8.017611
v 248.000000 24.000000 8.204239
v 250.000000 24.000000 8.531270
v 252.000000 24.000000 8.812651
v 254.000000 24.000000 8.835579
v 256.000000 24.000000 8.689198
v 258.000000 24.000000 8.514301
v 260.000000 24.000000 8.339514
v 262.000000 24.000000 8.024412
v 266.000000 24.000000 8.193147
v 268.000000 24.000000 8.453275
v 270.000000 24.000000 8.428371
v 272.000000 24.000000 8.175769
v 280.000000 24.000000 8.318263
v 282.000000 24.000000 8.418615
v 284.000000 24.000000 8.299745
v 286.000000 24.000000 8.423401
v 288.000000 24.000000 8.343651
v 290.000000 24.000000 8.291287
v 292.000000 24.000000 8.122702
v 298.000000 24.000000 8.094851
v 300.000000 24.000000 8.208087
v 302.000000 24.000000 8.229953
v 304.000000 24.000000 8.389310
v 306.000000 24.000000 8.438850
v 308.000000 24.000000 8.534979
v 310.000000 24.000000 8.331764
v 312.000000 24.000000 8.078113
v 314.000000 24.000000 8.072558
v 316.000000 24.000000 8.118768
v 318.000000 24.000000 8.200807
v 320.000000 24.000000 8.221208
v 322.000000 24.000000 8.215405
v 324.000000 24.000000 8.500536
v 326.000000 24.000000 8.570333
v 328.000000 24.000000 8.588929
v 330.000000 24.000000 8.274556
v 332.000000 24.000000 8.163085
v 334.000000 24.000000 8.183330
v 340.000000 24.000000 8.096787
v 342.000000 24.000000 8.259327
v 344.000000 24.000000 8.320491
v 346.000000 24.000000 8.210806
v 348.000000 24.000000 8.421585
v 350.000000 24.000000 8.220640
v 356.000000 24.000000 8.148221
v 358.000000 24.000000 8.176432
v 360.000000 24.000000 8.140587
v 2.000000 26.000000 9.254125
v 0.000000 26.000000 9.030540
v 4.000000 26.000000 8.988442
v 6.000000 26.000000 8.699036
v 8.000000 26.000000 8.783903
v 10.000000 26.000000 9.035115
v 12.000000 26.000000 9.272796
v 14.000000 26.000000 9.441694
v 16.000000 26.000000 9.696738
v 18.000000 26.000000 9.823349
v 20.000000 26.000000 9.385416
v 22.000000 26.000000 8.980313
v 24.000000 26.000000 8.968123
v 26.000000 26.000000 9.434931
v 28.000000 26.000000 9.727387
v 30.000000 26.000000 9.788177
v 31.291573 26.000000 10.000000
v 32.000000 25.847338 10.000000
v 34.000000 25.254446 10.000000
v 36.000000 25.313057 10.000000
v 38.000000 25.683460 10.000000
v 40.000000 25.679098 10.000000
v 42.000000 24.936962 10.000000
v 44.000000 24.279398 10.000000
v 46.000000 24.090727 10.000000
v 48.000000 24.608301 10.000000
v 50.000000 24.978233 10.000000
v 52.000000 24.301363 10.000000
v 62.000000 24.025057 10.000000
v 64.000000 24.445309 10.000000
v 66.000000 24.752619 10.000000
v 68.000000 24.173359 10.000000
v 148.000000 24.268471 10.000000
v 150.000000 24.460049 10.000000
v 152.000000 24.475124 10.000000
v 154.000000 25.396206 10.000000
v 156.000000 25.798132 10.000000
v 158.000000 25.591045 10.000000
v 160.000000 25.387751 10.000000
v 162.000000 25.084728 10.000000
v 164.000000 25.700706 10.000000
v 166.000000 26.000000 9.936239
v 165.508072 26.000000 10.000000
v 166.827316 26.000000 10.000000
v 168.000000 25.803535 10.000000
v 170.000000 26.000000 9.713143
v 168.468964 26.000000 10.000000
v 172.000000 26.000000 9.201976
v 174.000000 26.000000 9.009751
v 176.000000 26.000000 9.171420
v 178.000000 26.000000 9.196887
v 180.000000 26.000000 9.316257
v 182.000000 26.000000 9.668287
v 184.000000 26.000000 9.728764
v 186.000000 26.000000 9.366979
v 188.000000 26.000000 8.899277
v 190.000000 26.000000 9.094078
v 192.000000 26.000000 8.801180
v 194.000000 26.000000 8.695116
v 196.000000 26.000000 9.096683
v 198.000000 26.000000 9.318327
v 200.000000 26.000000 8.947996
v 202.000000 26.000000 8.378954
v 204.000000 26.000000 8.269313
v 206.000000 26.000000 8.303310
v 208.000000 26.000000 8.442655
v 210.000000 26.000000 8.771564
v 212.000000 26.000000 9.443324
v 214.000000 26.000000 9.939933
v 216.000000 26.000000 9.597872
v 218.000000 26.000000 9.057018
v 220.000000 26.000000 8.726591
v 222.000000 26.000000 8.725576
v 224.000000 26.000000 8.612804
v 226.000000 26.000000 8.393579
v 228.000000 26.000000 8.539802
v 230.000000 26.000000 8.660993
v 232.000000 26.000000 8.706267
v 234.000000 26.000000 8.903022
v 236.000000 26.000000 9.157166
v 238.000000 26.000000 8.976384
v 240.000000 26.000000 8.572431
v 242.000000 26.000000 8.241302
v 244.000000 26.000000 8.136592
v 246.000000 26.000000 8.094590
v 248.000000 26.000000 8.184599
v 250.000000 26.000000 8.540269
v 252.000000 26.000000 8.942548
v 254.000000 26.000000 8.993220
v 256.000000 26.000000 8.992126
v 258.000000 26.000000 8.784389
v 260.000000 26.000000 8.557459
v 262.000000 26.000000 8.073716
v 266.000000 26.000000 8.224366
v 268.000000 26.000000 8.559059
v 270.000000 26.000000 8.598665
v 272.000000 26.000000 8.580064
v 274.000000 26.000000 8.119806
v 278.000000 26.000000 8.098203
v 280.000000 26.000000 8.659528
v 282.000000 26.000000 8.777778
v 284.000000 26.000000 8.781898
v 286.000000 26.000000 8.885725
v 288.000000 26.000000 8.848318
v 290.000000 26.000000 8.678102
v 292.000000 26.000000 8.434316
v 294.000000 26.000000 8.093572
v 296.000000 26.000000 8.195281
v 298.000000 26.000000 8.496744
v 300.000000 26.000000 8.742177
v 302.000000 26.000000 8.877481
v 304.000000 26.000000 8.881999
v 306.000000 26.000000 9.077621
v 308.000000 26.000000 8.894360
v 310.000000 26.000000 8.691116
v 312.000000 26.000000 8.637319
v 314.000000 26.000000 8.606752
v 316.000000 26.000000 8.825000
v 318.000000 26.000000 8.873679
v 320.000000 26.000000 8.647548
v 322.000000 26.000000 8.828267
v 324.000000 26.000000 9.237288
v 326.000000 26.000000 9.357896
v 328.000000 26.000000 9.009936
v 330.000000 26.000000 8.670350
v 332.000000 26.000000 8.679968
v 334.000000 26.000000 8.678285
v 336.000000 26.000000 8.424203
v 338.000000 26.000000 8.503979
v 340.000000 26.000000 8.857847
v 342.000000 26.000000 8.907681
v 344.000000 26.000000 8.947287
v 346.000000 26.000000 8.793887
v 348.000000 26.000000 9.010999
v 350.000000 26.000000 8.954165
v 352.000000 26.000000 8.649669
v 354.000000 26.000000 8.808808
v 356.000000 26.000000 9.030626
v 358.000000 26.000000 8.952951
v 360.000000 26.000000 9.030540
v 2.000000 28.000000 9.864471
v 0.000000 28.000000 9.518153
v 4.000000 28.000000 9.609323
v 6.000000 28.000000 9.269813
v 8.000000 28.000000 9.414773
v 10.000000 28.000000 9.767798
v 12.000000 28.000000 9.883367
v 12.779971 28.000000 10.000000
v 14.000000 27.513391 10.000000
v 16.000000 26.739939 10.000000
v 18.000000 26.459208 10.000000
v 20.000000 27.657240 10.000000
v 22.000000 28.000000 9.754215
v 20.687943 28.000000 10.000000
v 24.000000 28.000000 9.901568
v 24.686243 28.000000 10.000000
v 26.000000 27.527946 10.000000
v 28.000000 26.746546 10.000000
v 30.000000 26.440886 10.000000
v 166.000000 26.123571 10.000000
v 170.000000 26.737396 10.000000
v 172.000000 28.000000 9.997706
v 171.990860 28.000000 10.000000
v 174.000000 28.000000 9.577414
v 176.000000 28.000000 9.811365
v 177.241882 28.000000 10.000000
v 178.000000 27.759445 10.000000
v 180.000000 27.821056 10.000000
v 182.000000 27.056015 10.000000
v 184.000000 26.845451 10.000000
v 186.000000 27.672018 10.000000
v 188.000000 28.000000 9.624721
v 186.497864 28.000000 10.000000
v 190.000000 28.000000 9.841357
v 192.000000 28.000000 9.456362
v 194.000000 28.000000 9.314287
v 196.000000 28.000000 9.829613
v 198.000000 28.000000 9.925583
v 200.000000 28.000000 9.507513
v 202.000000 28.000000 8.909414
v 204.000000 28.000000 8.770346
v 206.000000 28.000000 8.722850
v 208.000000 28.000000 8.812628
v 210.000000 28.000000 9.290952
v 212.000000 28.000000 9.938072
v 212.298569 28.000000 10.000000
v 214.000000 26.284395 10.000000
v 216.000000 27.828070 10.000000
v 218.000000 28.000000 9.510763
v 216.142090 28.000000 10.000000
v 220.000000 28.000000 9.153806
v 222.000000 28.000000 9.163898
v 224.000000 28.000000 9.302471
v 226.000000 28.000000 8.988734
v 228.000000 28.000000 9.049973
v 230.000000 28.000000 9.034944
v 232.000000 28.000000 9.066036
v 234.000000 28.000000 9.328457
v 236.000000 28.000000 9.555418
v 238.000000 28.000000 9.323647
v 240.000000 28.000000 8.938246
v 242.000000 28.000000 8.591552
v 244.000000 28.000000 8.453506
v 246.000000 28.000000 8.435184
v 248.000000 28.000000 8.508635
v 250.000000 28.000000 8.858001
v 252.000000 28.000000 9.228141
v 254.000000 28.000000 9.301466
v 256.000000 28.000000 9.397661
v 258.000000 28.000000 9.331393
v 260.000000 28.000000 8.795516
v 262.000000 28.000000 8.416296
v 264.000000 28.000000 8.265931
v 266.000000 28.000000 8.638880
v 268.000000 28.000000 8.886033
v 270.000000 28.000000 9.000021
v 272.000000 28.000000 8.989450
v 274.000000 28.000000 8.493590
v 276.000000 28.000000 8.173372
v 278.000000 28.000000 8.427123
v 280.000000 28.000000 8.999723
v 282.000000 28.000000 9.061120
v 284.000000 28.000000 9.096857
v 286.000000 28.000000 9.474711
v 288.000000 28.000000 9.504089
v 290.000000 28.000000 9.125131
v 292.000000 28.000000 8.938933
v 294.000000 28.000000 8.549391
v 296.000000 28.000000 8.609035
v 298.000000 28.000000 9.036211
v 300.000000 28.000000 9.235069
v 302.000000 28.000000 9.518794
v 304.000000 28.000000 9.532911
v 306.000000 28.000000 9.527809
v 308.000000 28.000000 9.317155
v 310.000000 28.000000 9.162181
v 312.000000 28.000000 9.114518
v 314.000000 28.000000 9.161821
v 316.000000 28.000000 9.265600
v 318.000000 28.000000 9.127315
v 320.000000 28.000000 8.936731
v 322.000000 28.000000 9.156778
v 324.000000 28.000000 9.611673
v 326.000000 28.000000 9.605221
v 328.000000 28.000000 9.297069
v 330.000000 28.000000 8.932544
v 332.000000 28.000000 8.931384
v 334.000000 28.000000 8.923992
v 336.000000 28.000000 8.647781
v 338.000000 28.000000 8.838664
v 340.000000 28.000000 9.170653
v 342.000000 28.000000 9.260423
v 344.000000 28.000000 9.350038
v 346.000000 28.000000 9.280177
v 348.000000 28.000000 9.503232
v 350.000000 28.000000 9.353462
v 352.000000 28.000000 9.131827
v 354.000000 28.000000 9.233049
v 356.000000 28.000000 9.639164
v 358.000000 28.000000 9.421689
v 360.000000 28.000000 9.518153
v 2.000000 30.000000 9.250516
v 0.000000 30.000000 8.666135
v 4.000000 30.000000 8.862001
v 6.000000 30.000000 8.472931
v 8.000000 30.000000 8.660323
v 10.000000 30.000000 8.996118
v 12.000000 30.000000 9.033507
v 14.000000 28.508350 10.000000
v 14.000000 30.000000 9.430152
v 15.917573 30.000000 10.000000
v 18.000000 30.000000 9.985368
v 17.279102 30.000000 10.000000
v 18.000000 29.955458 10.000000
v 20.000000 28.393963 10.000000
v 20.000000 30.000000 9.458358
v 22.000000 30.000000 9.323281
v 24.000000 30.000000 9.493954
v 26.000000 28.972166 10.000000
v 26.000000 30.000000 9.799858
v 28.000000 29.723915 10.000000
v 28.000000 30.000000 9.918874
v 28.535749 30.000000 10.000000
v 172.000000 30.000000 9.472888
v 170.033524 30.000000 10.000000
v 174.000000 30.000000 8.915813
v 176.000000 30.000000 9.123051
v 178.000000 28.364552 10.000000
v 178.000000 30.000000 9.467689
v 180.000000 28.264120 10.000000
v 180.000000 30.000000 9.526173
v 182.000000 29.558617 10.000000
v 182.000000 30.000000 9.909142
v 183.016281 30.000000 10.000000
v 186.000000 30.000000 9.678987
v 184.411407 30.000000 10.000000
v 186.000000 28.570591 10.000000
v 188.000000 30.000000 9.177341
v 190.000000 30.000000 9.244956
v 192.000000 30.000000 9.035949
v 194.000000 30.000000 8.955193
v 196.000000 30.000000 9.201122
v 198.000000 30.000000 9.481342
v 200.000000 30.000000 9.044767
v 202.000000 30.000000 8.368495
v 204.000000 30.000000 8.048492
v 206.000000 30.000000 8.257308
v 208.000000 30.000000 8.382539
v 210.000000 30.000000 8.875042
v 212.000000 30.000000 9.745561
v 213.954330 30.000000 10.000000
v 216.000000 30.000000 9.698681
v 214.036942 30.000000 10.000000
v 216.000000 28.219624 10.000000
v 218.000000 30.000000 9.153184
v 220.000000 30.000000 8.709072
v 222.000000 30.000000 8.775950
v 224.000000 30.000000 8.829266
v 226.000000 30.000000 8.446579
v 228.000000 30.000000 8.575726
v 230.000000 30.000000 8.609797
v 232.000000 30.000000 8.621467
v 234.000000 30.000000 8.796119
v 236.000000 30.000000 9.039941
v 238.000000 30.000000 8.862396
v 240.000000 30.000000 8.530083
v 242.000000 30.000000 8.106477
v 248.000000 30.000000 8.105658
v 250.000000 30.000000 8.431430
v 252.000000 30.000000 8.865311
v 254.000000 30.000000 8.838087
v 256.000000 30.000000 8.678037
v 258.000000 30.000000 8.707562
v 260.000000 30.000000 8.397628
v 266.000000 30.000000 8.073776
v 268.000000 30.000000 8.429747
v 270.000000 30.000000 8.440330
v 272.000000 30.000000 8.354806
v 274.000000 30.000000 8.035063
v 280.000000 30.000000 8.451197
v 282.000000 30.000000 8.574108
v 284.000000 30.000000 8.504469
v 286.000000 30.000000 8.578827
v 288.000000 30.000000 8.641680
v 290.000000 30.000000 8.455359
v 292.000000 30.000000 8.160413
v 298.000000 30.000000 8.224259
v 300.000000 30.000000 8.419125
v 302.000000 30.000000 8.618033
v 304.000000 30.000000 8.919227
v 306.000000 30.000000 8.911938
v 308.000000 30.000000 8.690446
v 310.000000 30.000000 8.426718
v 312.000000 30.000000 8.351697
v 314.000000 30.000000 8.556280
v 316.000000 30.000000 8.593812
v 318.000000 30.000000 8.470273
v 320.000000 30.000000 8.413957
v 322.000000 30.000000 8.635720
v 324.000000 30.000000 9.063487
v 326.000000 30.000000 9.080156
v 328.000000 30.000000 8.760081
v 330.000000 30.000000 8.426356
v 332.000000 30.000000 8.430484
v 334.000000 30.000000 8.264005
v 338.000000 30.000000 8.107030
v 340.000000 30.000000 8.444503
v 342.000000 30.000000 8.498445
v 344.000000 30.000000 8.353360
v 346.000000 30.000000 8.380685
v 348.000000 30.000000 8.632653
v 350.000000 30.000000 8.528211
v 352.000000 30.000000 8.238156
v 354.000000 30.000000 8.483417
v 356.000000 30.000000 8.972451
v 358.000000 30.000000 8.592875
v 360.000000 30.000000 8.666135
v 2.000000 32.000000 8.509460
v 4.000000 32.000000 8.154487
v 10.000000 32.000000 8.260585
v 12.000000 32.000000 8.269647
v 14.000000 32.000000 8.762079
v 16.000000 30.076345 10.000000
v 16.000000 32.000000 9.359147
v 18.000000 32.000000 9.386681
v 20.000000 32.000000 8.994840
v 22.000000 32.000000 8.963378
v 24.000000 32.000000 9.220138
v 26.000000 32.000000 9.560590
v 28.000000 32.000000 9.536511
v 30.000000 30.751619 10.000000
v 30.000000 32.000000 9.615371
v 31.033052 32.000000 10.000000
v 38.000000 32.000000 9.685549
v 36.195843 32.000000 10.000000
v 38.000000 31.420467 10.000000
v 39.499500 32.000000 10.000000
v 154.000000 32.000000 9.854677
v 152.682602 32.000000 10.000000
v 154.000000 31.739849 10.000000
v 156.000000 31.742435 10.000000
v 156.000000 32.000000 9.835455
v 158.000000 31.490431 10.000000
v 158.000000 32.000000 9.642043
v 160.000000 31.007345 10.000000
v 160.000000 32.000000 9.314034
v 162.000000 31.418968 10.000000
v 162.000000 32.000000 9.567103
v 164.000000 31.341068 10.000000
v 164.000000 32.000000 9.537812
v 166.000000 30.626947 10.000000
v 166.000000 32.000000 9.156437
v 168.000000 30.408056 10.000000
v 168.000000 32.000000 9.020679
v 170.000000 30.014961 10.000000
v 170.000000 32.000000 8.875489
v 172.000000 32.000000 8.448351
v 174.000000 32.000000 8.076304
v 176.000000 32.000000 8.231594
v 178.000000 32.000000 8.474982
v 180.000000 32.000000 8.548463
v 182.000000 32.000000 8.863329
v 184.000000 30.157587 10.000000
v 184.000000 32.000000 9.046691
v 186.000000 32.000000 8.767926
v 188.000000 32.000000 8.349601
v 190.000000 32.000000 8.228540
v 192.000000 32.000000 8.155163
v 194.000000 32.000000 8.143560
v 196.000000 32.000000 8.418674
v 198.000000 32.000000 8.632721
v 200.000000 32.000000 8.274794
v 212.000000 32.000000 8.625932
v 214.000000 30.011358 10.000000
v 214.000000 32.000000 9.009003
v 216.000000 32.000000 8.923875
v 218.000000 32.000000 8.433275
v 236.000000 32.000000 8.040071
v 324.000000 32.000000 8.228961
v 326.000000 32.000000 8.372205
v 328.000000 32.000000 8.051652
v 356.000000 32.000000 8.179104
v 0.000000 34.000000 8.615900
v 2.000000 34.000000 9.399858
v 4.000000 34.000000 8.720064
v 6.000000 34.000000 8.204151
v 8.000000 34.000000 8.659368
v 10.000000 34.000000 9.173250
v 12.000000 34.000000 9.331600
v 14.000000 34.000000 9.993583
v 14.017148 34.000000 10.000000
v 16.000000 32.966095 10.000000
v 18.000000 33.023392 10.000000
v 20.000000 33.811523 10.000000
v 22.000000 33.626209 10.000000
v 24.000000 33.386860 10.000000
v 26.000000 32.904587 10.000000
v 28.000000 32.797153 10.000000
v 30.000000 32.596897 10.000000
v 38.000000 32.404980 10.000000
v 154.000000 32.268742 10.000000
v 156.000000 32.271221 10.000000
v 158.000000 32.584743 10.000000
v 160.000000 33.332428 10.000000
v 162.000000 32.863365 10.000000
v 164.000000 32.776134 10.000000
v 166.000000 33.833347 10.000000
v 168.000000 34.000000 9.810771
v 166.603287 34.000000 10.000000
v 170.000000 34.000000 9.777737
v 172.000000 34.000000 9.167068
v 174.000000 34.000000 8.566518
v 176.000000 34.000000 8.854589
v 178.000000 34.000000 9.257351
v 180.000000 34.000000 9.348866
v 182.000000 34.000000 9.484799
v 184.000000 34.000000 9.695598
v 186.000000 34.000000 9.571020
v 188.000000 34.000000 9.086332
v 190.000000 34.000000 9.031051
v 192.000000 34.000000 9.026720
v 194.000000 34.000000 9.143437
v 196.000000 34.000000 8.981255
v 198.000000 34.000000 9.059976
v 200.000000 34.000000 8.784827
v 206.000000 34.000000 8.136429
v 208.000000 34.000000 8.437414
v 210.000000 34.000000 8.429785
v 212.000000 34.000000 8.888976
v 214.000000 34.000000 9.312716
v 216.000000 34.000000 9.365392
v 218.000000 34.000000 8.956847
v 220.000000 34.000000 8.409849
v 222.000000 34.000000 8.545872
v 224.000000 34.000000 8.626663
v 226.000000 34.000000 8.714634
v 228.000000 34.000000 8.675611
v 230.000000 34.000000 8.221309
v 234.000000 34.000000 8.123477
v 236.000000 34.000000 8.399936
v 238.000000 34.000000 8.373458
v 252.000000 34.000000 8.243558
v 254.000000 34.000000 8.358116
v 256.000000 34.000000 8.281933
v 282.000000 34.000000 8.045847
v 284.000000 34.000000 8.112248
v 304.000000 34.000000 8.091854
v 306.000000 34.000000 8.172910
v 314.000000 34.000000 8.018381
v 316.000000 34.000000 8.220757
v 324.000000 34.000000 8.401121
v 326.000000 34.000000 8.585859
v 328.000000 34.000000 8.288443
v 342.000000 34.000000 8.225962
v 346.000000 34.000000 8.136645
v 348.000000 34.000000 8.385577
v 350.000000 34.000000 8.116775
v 352.000000 34.000000 8.045477
v 354.000000 34.000000 8.413626
v 356.000000 34.000000 8.747474
v 358.000000 34.000000 8.454183
v 360.000000 34.000000 8.615900
v 0.000000 35.181805 10.000000
v 2.000000 34.443329 10.000000
v 4.000000 35.028759 10.000000
v 6.000000 35.560692 10.000000
v 8.000000 35.164940 10.000000
v 10.000000 34.707478 10.000000
v 12.000000 34.537689 10.000000
v 14.000000 34.005459 10.000000
v 168.000000 34.174911 10.000000
v 170.000000 34.202564 10.000000
v 172.000000 34.759277 10.000000
v 174.000000 35.447201 10.000000
v 176.000000 35.133812 10.000000
v 178.000000 34.686691 10.000000
v 180.000000 34.617638 10.000000
v 182.000000 34.499256 10.000000
v 184.000000 34.289116 10.000000
v 186.000000 34.427818 10.000000
v 188.000000 34.969070 10.000000
v 190.000000 34.972363 10.000000
v 192.000000 34.843517 10.000000
v 194.000000 34.752579 10.000000
v 196.000000 34.954601 10.000000
v 198.000000 34.917816 10.000000
v 200.000000 35.137169 10.000000
v 202.000000 35.755016 10.000000
v 204.000000 35.937271 10.000000
v 206.000000 35.619305 10.000000
v 208.000000 35.384811 10.000000
v 210.000000 35.382526 10.000000
v 212.000000 35.235851 10.000000
v 214.000000 34.759689 10.000000
v 216.000000 34.714760 10.000000
v 218.000000 35.225857 10.000000
v 220.000000 35.497818 10.000000
v 222.000000 35.389736 10.000000
v 224.000000 35.273769 10.000000
v 226.000000 35.163860 10.000000
v 228.000000 35.213737 10.000000
v 230.000000 35.705494 10.000000
v 232.000000 36.000000 9.914789
v 231.622498 36.000000 10.000000
v 233.875443 36.000000 10.000000
v 234.000000 35.995186 10.000000
v 236.000000 35.629284 10.000000
v 238.000000 35.544056 10.000000
v 240.000000 35.971634 10.000000
v 242.000000 36.000000 9.363751
v 240.108017 36.000000 10.000000
v 244.000000 36.000000 9.220679
v 246.000000 36.000000 9.236001
v 248.000000 36.000000 9.421728
v 250.000000 36.000000 9.791655
v 250.915939 36.000000 10.000000
v 252.000000 35.794460 10.000000
v 254.000000 35.649277 10.000000
v 256.000000 35.706257 10.000000
v 258.000000 36.000000 9.942461
v 257.724701 36.000000 10.000000
v 260.000000 36.000000 9.573693
v 262.000000 36.000000 9.116456
v 264.000000 36.000000 8.714035
v 266.000000 36.000000 9.001794
v 268.000000 36.000000 9.594125
v 270.000000 36.000000 9.483554
v 272.000000 36.000000 9.277444
v 274.000000 36.000000 9.111516
v 276.000000 36.000000 8.811590
v 278.000000 36.000000 8.939597
v 280.000000 36.000000 9.465285
v 282.000000 36.000000 9.866926
v 283.359131 36.000000 10.000000
v 284.000000 35.949650 10.000000
v 286.000000 36.000000 9.800740
v 284.457764 36.000000 10.000000
v 288.000000 36.000000 9.713593
v 290.000000 36.000000 9.443293
v 292.000000 36.000000 8.923234
v 294.000000 36.000000 8.597722
v 296.000000 36.000000 8.754341
v 298.000000 36.000000 9.139219
v 300.000000 36.000000 9.470814
v 302.000000 36.000000 9.632940
v 304.000000 36.000000 9.884472
v 305.470886 36.000000 10.000000
v 306.000000 35.962425 10.000000
v 308.000000 36.000000 9.733733
v 306.272522 36.000000 10.000000
v 310.000000 36.000000 9.446867
v 312.000000 36.000000 9.751832
v 312.901154 36.000000 10.000000
v 314.000000 35.766022 10.000000
v 316.000000 35.479584 10.000000
v 318.000000 35.892601 10.000000
v 320.000000 36.000000 9.452144
v 318.402863 36.000000 10.000000
v 322.000000 36.000000 9.603842
v 323.261505 36.000000 10.000000
v 324.000000 35.772938 10.000000
v 326.000000 35.532963 10.000000
v 328.000000 36.000000 9.978835
v 327.916473 36.000000 10.000000
v 330.000000 36.000000 9.673857
v 331.887207 36.000000 10.000000
v 332.000000 35.985844 10.000000
v 334.000000 36.000000 9.956896
v 332.636200 36.000000 10.000000
v 336.000000 36.000000 9.296566
v 338.000000 36.000000 9.300199
v 340.000000 36.000000 9.978922
v 340.148315 36.000000 10.000000
v 342.000000 35.788315 10.000000
v 344.000000 35.956738 10.000000
v 346.000000 35.526985 10.000000
v 348.000000 35.367382 10.000000
v 350.000000 35.679386 10.000000
v 352.000000 35.831932 10.000000
v 354.000000 35.535137 10.000000
v 356.000000 35.184502 10.000000
v 358.000000 35.422253 10.000000
v 360.000000 35.181805 10.000000
v 232.000000 36.156525 10.000000
v 242.000000 37.119011 10.000000
v 244.000000 37.370651 10.000000
v 246.000000 37.262447 10.000000
v 248.000000 37.038418 10.000000
v 250.000000 36.425892 10.000000
v 258.000000 36.142296 10.000000
v 260.000000 36.845135 10.000000
v 262.000000 37.684727 10.000000
v 264.000000 38.000000 9.628963
v 262.650726 38.000000 10.000000
v 266.000000 38.000000 9.892296
v 266.289795 38.000000 10.000000
v 268.000000 36.790432 10.000000
v 270.000000 37.073933 10.000000
v 272.000000 37.791286 10.000000
v 274.000000 38.000000 9.928438
v 273.138977 38.000000 10.000000
v 276.000000 38.000000 9.737226
v 278.000000 38.000000 9.731987
v 278.838348 38.000000 10.000000
v 280.000000 37.202320 10.000000
v 282.000000 36.288872 10.000000
v 286.000000 36.571663 10.000000
v 288.000000 36.837002 10.000000
v 290.000000 37.161201 10.000000
v 292.000000 38.000000 9.804591
v 291.353271 38.000000 10.000000
v 294.000000 38.000000 9.292321
v 296.000000 38.000000 9.481927
v 297.885345 38.000000 10.000000
v 298.000000 37.929836 10.000000
v 300.000000 37.171673 10.000000
v 302.000000 36.917210 10.000000
v 304.000000 36.271191 10.000000
v 308.000000 36.502167 10.000000
v 310.000000 37.164070 10.000000
v 312.000000 36.595734 10.000000
v 320.000000 37.068134 10.000000
v 322.000000 36.808636 10.000000
v 328.000000 36.041958 10.000000
v 330.000000 36.603207 10.000000
v 334.000000 36.096577 10.000000
v 336.000000 37.853245 10.000000
v 338.000000 37.489037 10.000000
v 340.000000 36.033356 10.000000
v 234.000000 40.000000 9.963582
v 233.522751 40.000000 10.000000
v 234.000000 39.937786 10.000000
v 234.161453 40.000000 10.000000
v 242.000000 40.000000 9.411835
v 240.541245 40.000000 10.000000
v 242.000000 38.948963 10.000000
v 244.000000 38.756252 10.000000
v 244.000000 40.000000 9.391198
v 246.000000 39.364380 10.000000
v 246.000000 40.000000 9.767615
v 248.000000 39.559830 10.000000
v 248.000000 40.000000 9.833323
v 250.000000 39.515911 10.000000
v 250.000000 40.000000 9.745382
v 250.836548 40.000000 10.000000
v 258.000000 40.000000 9.374032
v 256.088470 40.000000 10.000000
v 258.000000 39.097553 10.000000
v 260.000000 39.028908 10.000000
v 260.000000 40.000000 9.450902
v 262.000000 38.378273 10.000000
v 262.000000 40.000000 9.234205
v 264.000000 40.000000 8.543755
v 266.000000 40.000000 8.695415
v 268.000000 39.031902 10.000000
v 268.000000 40.000000 9.426398
v 270.000000 38.680107 10.000000
v 270.000000 40.000000 9.127263
v 272.000000 38.112942 10.000000
v 272.000000 40.000000 8.647478
v 274.000000 40.000000 8.759560
v 276.000000 40.000000 8.872691
v 278.000000 40.000000 8.699826
v 280.000000 38.543816 10.000000
v 280.000000 40.000000 9.052478
v 282.000000 39.450439 10.000000
v 282.000000 40.000000 9.687304
v 284.000000 39.449276 10.000000
v 284.000000 40.000000 9.643846
v 286.000000 38.636971 10.000000
v 286.000000 40.000000 8.926738
v 288.000000 38.511890 10.000000
v 288.000000 40.000000 8.831401
v 290.000000 38.582577 10.000000
v 290.000000 40.000000 9.053566
v 292.000000 40.000000 8.627489
v 294.000000 40.000000 8.113083
v 296.000000 40.000000 8.355426
v 298.000000 38.054260 10.000000
v 298.000000 40.000000 8.875307
v 300.000000 38.553360 10.000000
v 300.000000 40.000000 9.018530
v 302.000000 38.612610 10.000000
v 302.000000 40.000000 9.021299
v 304.000000 39.209297 10.000000
v 304.000000 40.000000 9.495724
v 306.000000 39.718060 10.000000
v 306.000000 40.000000 9.815652
v 308.000000 39.427776 10.000000
v 308.000000 40.000000 9.682381
v 310.000000 38.682877 10.000000
v 310.000000 40.000000 9.211389
v 312.000000 39.059994 10.000000
v 312.000000 40.000000 9.443959
v 313.385773 40.000000 10.000000
v 320.000000 40.000000 9.406755
v 318.186768 40.000000 10.000000
v 320.000000 38.925774 10.000000
v 322.000000 39.124535 10.000000
v 322.000000 40.000000 9.500692
v 323.390869 40.000000 10.000000
v 330.000000 40.000000 9.789637
v 328.796295 40.000000 10.000000
v 330.000000 39.579540 10.000000
v 331.265228 40.000000 10.000000
v 334.000000 40.000000 9.778532
v 332.724060 40.000000 10.000000
v 334.000000 39.600269 10.000000
v 336.000000 38.100742 10.000000
v 336.000000 40.000000 8.916777
v 338.000000 38.432545 10.000000
v 338.000000 40.000000 9.107750
v 339.432190 40.000000 10.000000
v 202.000000 42.000000 9.731306
v 201.084427 42.000000 10.000000
v 202.000000 41.396435 10.000000
v 204.000000 40.709957 10.000000
v 204.000000 42.000000 9.467303
v 206.000000 41.526646 10.000000
v 206.000000 42.000000 9.749659
v 207.476974 42.000000 10.000000
v 220.000000 42.000000 9.992075
v 219.958511 42.000000 10.000000
v 220.000000 41.983448 10.000000
v 220.257675 42.000000 10.000000
v 230.000000 42.000000 9.881687
v 229.027237 42.000000 10.000000
v 230.000000 41.675735 10.000000
v 232.000000 40.426781 10.000000
v 232.000000 42.000000 9.536167
v 234.000000 42.000000 9.292257
v 236.000000 40.983212 10.000000
v 236.000000 42.000000 9.555310
v 238.000000 41.827866 10.000000
v 238.000000 42.000000 9.923782
v 240.000000 40.538166 10.000000
v 240.000000 42.000000 9.383265
v 242.000000 42.000000 8.802955
v 244.000000 42.000000 8.710775
v 246.000000 42.000000 8.861705
v 248.000000 42.000000 8.865776
v 250.000000 42.000000 8.986794
v 252.000000 40.737469 10.000000
v 252.000000 42.000000 9.399943
v 254.000000 41.232552 10.000000
v 254.000000 42.000000 9.645793
v 256.000000 40.079113 10.000000
v 256.000000 42.000000 9.272583
v 258.000000 42.000000 8.735630
v 260.000000 42.000000 8.707301
v 262.000000 42.000000 8.653048
v 264.000000 42.000000 8.159109
v 266.000000 42.000000 8.020966
v 268.000000 42.000000 8.566869
v 270.000000 42.000000 8.441574
v 274.000000 42.000000 8.117878
v 276.000000 42.000000 8.228343
v 278.000000 42.000000 8.181392
v 280.000000 42.000000 8.338120
v 282.000000 42.000000 8.874531
v 284.000000 42.000000 8.897386
v 286.000000 42.000000 8.305470
v 288.000000 42.000000 8.137114
v 290.000000 42.000000 8.264662
v 300.000000 42.000000 8.181324
v 302.000000 42.000000 8.294000
v 304.000000 42.000000 8.675655
v 306.000000 42.000000 9.002197
v 308.000000 42.000000 8.842484
v 310.000000 42.000000 8.462943
v 312.000000 42.000000 8.802220
v 314.000000 40.680775 10.000000
v 314.000000 42.000000 9.513970
v 316.000000 41.631371 10.000000
v 316.000000 42.000000 9.829048
v 318.000000 40.161339 10.000000
v 318.000000 42.000000 9.298343
v 320.000000 42.000000 8.715399
v 322.000000 42.000000 8.919667
v 324.000000 40.733147 10.000000
v 324.000000 42.000000 9.627149
v 326.000000 41.989651 10.000000
v 326.000000 42.000000 9.997035
v 328.000000 40.422905 10.000000
v 328.000000 42.000000 9.491679
v 330.000000 42.000000 9.105812
v 332.000000 40.291618 10.000000
v 332.000000 42.000000 9.249195
v 334.000000 42.000000 9.023571
v 336.000000 42.000000 8.482808
v 338.000000 42.000000 8.696782
v 340.000000 41.855839 10.000000
v 340.000000 42.000000 9.967390
v 340.171326 42.000000 10.000000
v 344.000000 42.000000 9.849432
v 343.384460 42.000000 10.000000
v 344.000000 41.321884 10.000000
v 344.478302 42.000000 10.000000
v 202.000000 42.401634 10.000000
v 204.000000 42.722736 10.000000
v 206.000000 42.324669 10.000000
v 220.000000 42.009552 10.000000
v 230.000000 42.154278 10.000000
v 232.000000 42.565548 10.000000
v 234.000000 42.895859 10.000000
v 236.000000 42.564400 10.000000
v 238.000000 42.097881 10.000000
v 240.000000 42.800240 10.000000
v 242.000000 43.535263 10.000000
v 244.000000 43.643799 10.000000
v 246.000000 43.399078 10.000000
v 248.000000 43.322090 10.000000
v 250.000000 43.203217 10.000000
v 252.000000 42.748001 10.000000
v 254.000000 42.440876 10.000000
v 256.000000 42.982891 10.000000
v 258.000000 43.648174 10.000000
v 260.000000 43.715027 10.000000
v 262.000000 43.838112 10.000000
v 264.000000 44.000000 9.636517
v 262.544830 44.000000 10.000000
v 266.000000 44.000000 9.475424
v 268.000000 44.000000 9.949747
v 270.000000 44.000000 9.935798
v 272.000000 44.000000 9.752380
v 274.000000 44.000000 9.875514
v 276.000000 44.000000 9.925322
v 278.000000 44.000000 9.863107
v 280.000000 44.000000 9.823280
v 280.777649 44.000000 10.000000
v 282.000000 43.626446 10.000000
v 284.000000 43.547703 10.000000
v 286.000000 44.000000 9.968874
v 285.856628 44.000000 10.000000
v 288.000000 44.000000 9.882546
v 290.000000 44.000000 9.839631
v 292.000000 44.000000 9.412992
v 294.000000 44.000000 8.856561
v 296.000000 44.000000 9.009484
v 298.000000 44.000000 9.644827
v 300.000000 44.000000 9.872122
v 302.000000 44.000000 9.927045
v 302.244019 44.000000 10.000000
v 304.000000 43.508141 10.000000
v 306.000000 43.141712 10.000000
v 308.000000 43.353630 10.000000
v 310.000000 43.835522 10.000000
v 312.000000 43.315590 10.000000
v 314.000000 42.515888 10.000000
v 316.000000 42.189568 10.000000
v 318.000000 42.830376 10.000000
v 320.000000 43.538784 10.000000
v 322.000000 43.451874 10.000000
v 324.000000 42.507736 10.000000
v 326.000000 42.003925 10.000000
v 328.000000 42.641262 10.000000
v 330.000000 42.945717 10.000000
v 332.000000 42.756634 10.000000
v 334.000000 42.911999 10.000000
v 336.000000 43.372372 10.000000
v 338.000000 43.158661 10.000000
v 340.000000 42.033577 10.000000
v 344.000000 42.143532 10.000000
v 264.000000 44.316288 10.000000
v 266.000000 44.474548 10.000000
v 268.000000 44.047428 10.000000
v 270.000000 44.055710 10.000000
v 272.000000 44.199528 10.000000
v 274.000000 44.100330 10.000000
v 276.000000 44.062580 10.000000
v 278.000000 44.117851 10.000000
v 280.000000 44.164398 10.000000
v 286.000000 44.027035 10.000000
v 288.000000 44.101475 10.000000
v 290.000000 44.146454 10.000000
v 292.000000 44.543304 10.000000
v 294.000000 45.036644 10.000000
v 296.000000 44.895710 10.000000
v 298.000000 44.327396 10.000000
v 300.000000 44.117107 10.000000
v 302.000000 44.061100 10.000000
v 90.000000 116.000000 9.918958
v 89.550179 116.000000 10.000000
v 90.000000 115.878914 10.000000
v 92.000000 115.388077 10.000000
v 92.000000 116.000000 9.580643
v 94.000000 115.224426 10.000000
v 94.000000 116.000000 9.383840
v 96.000000 115.553726 10.000000
v 96.000000 116.000000 9.708747
v 98.000000 115.415359 10.000000
v 98.000000 116.000000 9.609630
v 100.000000 115.479942 10.000000
v 100.000000 116.000000 9.616170
v 102.000000 115.504692 10.000000
v 102.000000 116.000000 9.628418
v 104.000000 115.199982 10.000000
v 104.000000 116.000000 9.405447
v 106.000000 115.547035 10.000000
v 106.000000 116.000000 9.642967
v 108.000000 115.713173 10.000000
v 108.000000 116.000000 9.752640
v 108.855980 116.000000 10.000000
v 66.000000 118.000000 9.657524
v 64.005287 118.000000 10.000000
v 66.000000 117.543785 10.000000
v 68.000000 117.499321 10.000000
v 68.000000 118.000000 9.618439
v 69.610680 118.000000 10.000000
v 72.000000 118.000000 9.922876
v 71.104851 118.000000 10.000000
v 72.000000 117.885414 10.000000
v 74.000000 117.578407 10.000000
v 74.000000 118.000000 9.711868
v 76.000000 117.879776 10.000000
v 76.000000 118.000000 9.919835
v 78.000000 117.741806 10.000000
v 78.000000 118.000000 9.843120
v 80.000000 116.892776 10.000000
v 80.000000 118.000000 9.244187
v 82.000000 117.220009 10.000000
v 82.000000 118.000000 9.484325
v 84.000000 117.235481 10.000000
v 84.000000 118.000000 9.565909
v 86.000000 116.760109 10.000000
v 86.000000 118.000000 9.438787
v 88.000000 116.504768 10.000000
v 88.000000 118.000000 9.269539
v 90.000000 118.000000 8.780245
v 92.000000 118.000000 8.731782
v 94.000000 118.000000 8.319406
v 96.000000 118.000000 8.178057
v 98.000000 118.000000 8.255642
v 100.000000 118.000000 8.599111
v 102.000000 118.000000 8.481142
v 104.000000 118.000000 8.336414
v 106.000000 118.000000 8.766531
v 108.000000 118.000000 8.835579
v 110.000000 116.489517 10.000000
v 110.000000 118.000000 9.068233
v 112.000000 117.034401 10.000000
v 112.000000 118.000000 9.324672
v 114.000000 117.514923 10.000000
v 114.000000 118.000000 9.699824
v 114.891914 118.000000 10.000000
v 66.000000 120.000000 9.653353
v 64.877754 120.000000 10.000000
v 68.000000 120.000000 9.673620
v 69.009048 120.000000 10.000000
v 72.000000 118.618423 10.000000
v 74.000000 120.000000 9.712281
v 72.747818 120.000000 10.000000
v 75.048279 120.000000 10.000000
v 76.000000 118.459290 10.000000
v 78.000000 118.472328 10.000000
v 80.000000 120.000000 9.553581
v 79.023834 120.000000 10.000000
v 82.000000 120.000000 9.410870
v 84.000000 120.000000 9.896158
v 85.104530 120.000000 10.000000
v 86.000000 119.751488 10.000000
v 88.000000 120.000000 9.687402
v 86.415092 120.000000 10.000000
v 90.000000 120.000000 9.163735
v 92.000000 120.000000 9.196984
v 94.000000 120.000000 8.679897
v 96.000000 120.000000 8.407321
v 98.000000 120.000000 8.582086
v 100.000000 120.000000 9.140135
v 102.000000 120.000000 9.082574
v 104.000000 120.000000 8.837939
v 106.000000 120.000000 9.602302
v 108.000000 120.000000 9.689409
v 110.000000 120.000000 9.540932
v 112.000000 120.000000 9.442321
v 114.000000 120.000000 9.838675
v 114.596077 120.000000 10.000000
v 66.000000 121.022446 10.000000
v 68.000000 120.863609 10.000000
v 74.000000 120.476204 10.000000
v 80.000000 120.804527 10.000000
v 82.000000 121.312096 10.000000
v 84.000000 120.331558 10.000000
v 88.000000 120.862099 10.000000
v 90.000000 121.365936 10.000000
v 92.000000 121.739342 10.000000
v 94.000000 122.000000 9.784985
v 92.758797 122.000000 10.000000
v 96.000000 122.000000 9.587542
v 98.000000 122.000000 9.691948
v 99.136604 122.000000 10.000000
v 100.000000 121.604156 10.000000
v 102.000000 121.683350 10.000000
v 104.000000 121.682625 10.000000
v 106.000000 120.672096 10.000000
v 108.000000 120.609344 10.000000
v 110.000000 121.112755 10.000000
v 112.000000 121.666588 10.000000
v 114.000000 120.713837 10.000000
v 66.000000 124.000000 9.513320
v 64.165443 124.000000 10.000000
v 66.000000 122.774994 10.000000
v 68.000000 122.963150 10.000000
v 68.000000 124.000000 9.545933
v 69.505722 124.000000 10.000000
v 74.000000 124.000000 9.999064
v 73.991119 124.000000 10.000000
v 74.000000 123.997955 10.000000
v 74.010872 124.000000 10.000000
v 80.000000 124.000000 9.836388
v 79.389709 124.000000 10.000000
v 80.000000 123.606880 10.000000
v 82.000000 122.606705 10.000000
v 82.000000 124.000000 9.333988
v 84.000000 122.840515 10.000000
v 84.000000 124.000000 9.316378
v 85.999153 124.000000 10.000000
v 88.000000 124.000000 9.918682
v 86.007477 124.000000 10.000000
v 88.000000 123.678757 10.000000
v 90.000000 123.067802 10.000000
v 90.000000 124.000000 9.645653
v 92.000000 122.340904 10.000000
v 92.000000 124.000000 9.375542
v 94.000000 124.000000 9.110574
v 96.000000 124.000000 8.748066
v 98.000000 124.000000 8.876779
v 100.000000 122.750183 10.000000
v 100.000000 124.000000 9.632377
v 102.000000 122.875610 10.000000
v 102.000000 124.000000 9.754755
v 104.000000 122.683746 10.000000
v 104.000000 124.000000 9.567497
v 106.000000 123.838120 10.000000
v 106.000000 124.000000 9.932535
v 106.889030 124.000000 10.000000
v 110.000000 124.000000 9.683353
v 108.429260 124.000000 10.000000
v 110.000000 123.086555 10.000000
v 112.000000 122.300941 10.000000
v 112.000000 124.000000 9.399551
v 114.000000 122.728775 10.000000
v 114.000000 124.000000 9.526895
v 115.378746 124.000000 10.000000
v 40.000000 126.000000 9.686333
v 38.763206 126.000000 10.000000
v 40.000000 125.772453 10.000000
v 42.000000 125.515221 10.000000
v 42.000000 126.000000 9.346424
v 44.000000 125.553375 10.000000
v 44.000000 126.000000 9.383046
v 46.000000 125.644180 10.000000
v 46.000000 126.000000 9.496694
v 48.000000 125.438110 10.000000
v 48.000000 126.000000 9.182082
v 50.000000 125.187508 10.000000
v 50.000000 126.000000 8.950607
v 52.000000 124.993523 10.000000
v 52.000000 126.000000 8.783057
v 54.000000 125.356415 10.000000
v 54.000000 126.000000 9.300707
v 56.000000 125.698906 10.000000
v 56.000000 126.000000 9.708304
v 58.000000 125.347961 10.000000
v 58.000000 126.000000 9.395564
v 60.000000 124.596649 10.000000
v 60.000000 126.000000 8.602609
v 62.000000 124.294991 10.000000
v 62.000000 126.000000 8.312189
v 64.000000 124.038864 10.000000
v 64.000000 126.000000 8.204289
v 70.000000 124.109718 10.000000
v 72.000000 124.175377 10.000000
v 72.000000 126.000000 8.262629
v 74.000000 126.000000 8.131188
v 76.000000 124.132568 10.000000
v 76.000000 126.000000 8.095957
v 78.000000 124.299797 10.000000
v 78.000000 126.000000 8.238544
v 86.000000 124.000237 10.000000
v 86.000000 126.000000 8.128837
v 88.000000 126.000000 8.153122
v 102.000000 126.000000 8.057298
v 106.000000 126.000000 8.127556
v 108.000000 124.069351 10.000000
v 108.000000 126.000000 8.155021
v 116.000000 124.202538 10.000000
v 116.000000 126.000000 8.397065
v 118.000000 124.183319 10.000000
v 118.000000 126.000000 8.411407
v 120.000000 124.047256 10.000000
v 120.000000 126.000000 8.166834
v 122.000000 124.491219 10.000000
v 122.000000 126.000000 8.594969
v 124.000000 124.888145 10.000000
v 124.000000 126.000000 8.834596
v 126.000000 124.473061 10.000000
v 126.000000 126.000000 8.270170
v 128.000000 124.409157 10.000000
v 128.000000 126.000000 8.131753
v 130.000000 124.830452 10.000000
v 130.000000 126.000000 8.595149
v 132.000000 125.499275 10.000000
v 132.000000 126.000000 9.388191
v 134.000000 125.835922 10.000000
v 134.000000 126.000000 9.777354
v 136.000000 125.544968 10.000000
v 136.000000 126.000000 9.358586
v 138.000000 125.428177 10.000000
v 138.000000 126.000000 9.245030
v 140.000000 125.528885 10.000000
v 140.000000 126.000000 9.454009
v 142.000000 125.979782 10.000000
v 142.000000 126.000000 9.975804
v 142.109589 126.000000 10.000000
v 154.000000 126.000000 9.623183
v 153.020309 126.000000 10.000000
v 154.000000 125.653946 10.000000
v 156.000000 125.807465 10.000000
v 156.000000 126.000000 9.786719
v 156.475967 126.000000 10.000000
v 22.000000 128.000000 9.585742
v 20.157547 128.000000 10.000000
v 22.000000 127.198639 10.000000
v 24.000000 126.453308 10.000000
v 24.000000 128.000000 9.455350
v 26.000000 126.918129 10.000000
v 26.000000 128.000000 9.638198
v 28.000000 127.169945 10.000000
v 28.000000 128.000000 9.626119
v 30.000000 127.182915 10.000000
v 30.000000 128.000000 9.473994
v 32.000000 127.367958 10.000000
v 32.000000 128.000000 9.556190
v 34.000000 127.491302 10.000000
v 34.000000 128.000000 9.662364
v 36.000000 127.079468 10.000000
v 36.000000 128.000000 9.478074
v 38.000000 126.425385 10.000000
v 38.000000 128.000000 9.326779
v 40.000000 128.000000 8.858126
v 42.000000 128.000000 8.488561
v 44.000000 128.000000 8.606832
v 46.000000 128.000000 8.729809
v 48.000000 128.000000 8.401544
v 50.000000 128.000000 8.279765
v 52.000000 128.000000 8.240016
v 54.000000 128.000000 8.757161
v 56.000000 128.000000 8.748762
v 58.000000 128.000000 8.441961
v 124.000000 128.000000 8.033491
v 132.000000 128.000000 8.329582
v 134.000000 128.000000 8.554244
v 136.000000 128.000000 8.443397
v 138.000000 128.000000 8.365154
v 140.000000 128.000000 8.471190
v 142.000000 128.000000 8.669590
v 144.000000 126.506172 10.000000
v 144.000000 128.000000 8.985648
v 146.000000 126.597603 10.000000
v 146.000000 128.000000 9.026449
v 148.000000 127.322807 10.000000
v 148.000000 128.000000 9.638477
v 150.000000 127.379715 10.000000
v 150.000000 128.000000 9.636405
v 152.000000 126.672386 10.000000
v 152.000000 128.000000 9.296015
v 154.000000 128.000000 8.700172
v 156.000000 128.000000 8.656674
v 158.000000 126.784622 10.000000
v 158.000000 128.000000 9.129784
v 160.000000 127.647621 10.000000
v 160.000000 128.000000 9.698640
v 160.622360 128.000000 10.000000
v 174.000000 128.000000 9.827001
v 172.811554 128.000000 10.000000
v 174.000000 127.735542 10.000000
v 174.881760 128.000000 10.000000
v 22.000000 129.657730 10.000000
v 24.000000 130.000000 9.886869
v 22.876438 130.000000 10.000000
v 25.529072 130.000000 10.000000
v 26.000000 129.827454 10.000000
v 28.000000 129.347244 10.000000
v 30.000000 130.000000 9.976153
v 29.783741 130.000000 10.000000
v 32.000000 130.000000 9.878061
v 33.847633 130.000000 10.000000
v 34.000000 129.946060 10.000000
v 36.000000 129.630478 10.000000
v 38.000000 130.000000 9.711394
v 36.595459 130.000000 10.000000
v 40.000000 130.000000 9.263286
v 42.000000 130.000000 9.106359
v 44.000000 130.000000 9.429412
v 46.000000 130.000000 9.468994
v 48.000000 130.000000 9.109415
v 50.000000 130.000000 8.796682
v 52.000000 130.000000 8.568407
v 54.000000 130.000000 9.113596
v 56.000000 130.000000 9.378974
v 58.000000 130.000000 9.197322
v 60.000000 130.000000 8.580189
v 62.000000 130.000000 8.375443
v 64.000000 130.000000 8.358546
v 66.000000 130.000000 8.258410
v 68.000000 130.000000 8.104351
v 70.000000 130.000000 8.461841
v 72.000000 130.000000 8.703121
v 74.000000 130.000000 8.582030
v 76.000000 130.000000 8.633077
v 78.000000 130.000000 8.829423
v 80.000000 130.000000 8.431401
v 82.000000 130.000000 8.111496
v 84.000000 130.000000 8.175470
v 86.000000 130.000000 8.534908
v 88.000000 130.000000 8.397883
v 90.000000 130.000000 8.424089
v 92.000000 130.000000 8.385769
v 94.000000 130.000000 8.214748
v 100.000000 130.000000 8.425829
v 102.000000 130.000000 8.445927
v 104.000000 130.000000 8.475583
v 106.000000 130.000000 8.750614
v 108.000000 130.000000 8.820720
v 110.000000 130.000000 8.427234
v 114.000000 130.000000 8.145242
v 116.000000 130.000000 8.539824
v 118.000000 130.000000 8.703473
v 120.000000 130.000000 8.476652
v 122.000000 130.000000 8.872194
v 124.000000 130.000000 9.261248
v 126.000000 130.000000 8.861285
v 128.000000 130.000000 8.558562
v 130.000000 130.000000 8.634544
v 132.000000 130.000000 9.359169
v 134.000000 130.000000 9.447785
v 136.000000 130.000000 9.192274
v 138.000000 130.000000 9.162941
v 140.000000 130.000000 8.955209
v 142.000000 130.000000 9.131280
v 144.000000 130.000000 9.277591
v 146.000000 130.000000 9.292686
v 148.000000 130.000000 9.502705
v 150.000000 130.000000 9.509690
v 152.000000 130.000000 9.261924
v 154.000000 130.000000 8.858101
v 156.000000 130.000000 8.755388
v 158.000000 130.000000 9.226953
v 159.882263 130.000000 10.000000
v 160.000000 129.725983 10.000000
v 172.000000 130.000000 9.717244
v 171.249268 130.000000 10.000000
v 172.000000 128.597565 10.000000
v 174.000000 130.000000 9.469454
v 175.959595 130.000000 10.000000
v 186.000000 130.000000 9.899094
v 185.684509 130.000000 10.000000
v 186.000000 129.353439 10.000000
v 188.000000 128.052811 10.000000
v 188.000000 130.000000 9.831624
v 188.264023 130.000000 10.000000
v 24.000000 130.468628 10.000000
v 30.000000 130.079865 10.000000
v 32.000000 130.401062 10.000000
v 38.000000 130.889282 10.000000
v 40.000000 132.000000 9.800261
v 39.290470 132.000000 10.000000
v 42.000000 132.000000 9.579637
v 44.000000 132.000000 9.924731
v 44.601547 132.000000 10.000000
v 46.000000 131.522110 10.000000
v 48.000000 132.000000 9.745375
v 46.787991 132.000000 10.000000
v 50.000000 132.000000 9.365220
v 52.000000 132.000000 9.022752
v 54.000000 132.000000 9.434109
v 56.000000 132.000000 9.717860
v 58.000000 132.000000 9.699142
v 60.000000 132.000000 9.201550
v 62.000000 132.000000 9.015699
v 64.000000 132.000000 8.758701
v 66.000000 132.000000 8.482588
v 68.000000 132.000000 8.420300
v 70.000000 132.000000 8.761461
v 72.000000 132.000000 9.083418
v 74.000000 132.000000 8.912472
v 76.000000 132.000000 9.229610
v 78.000000 132.000000 9.337843
v 80.000000 132.000000 9.014102
v 82.000000 132.000000 8.628121
v 84.000000 132.000000 8.497481
v 86.000000 132.000000 8.965525
v 88.000000 132.000000 8.872833
v 90.000000 132.000000 8.970561
v 92.000000 132.000000 9.000312
v 94.000000 132.000000 8.837741
v 96.000000 132.000000 8.413466
v 98.000000 132.000000 8.533687
v 100.000000 132.000000 9.027661
v 102.000000 132.000000 8.888173
v 104.000000 132.000000 9.051000
v 106.000000 132.000000 9.435567
v 108.000000 132.000000 9.464698
v 110.000000 132.000000 8.923055
v 112.000000 132.000000 8.587953
v 114.000000 132.000000 8.684554
v 116.000000 132.000000 9.019650
v 118.000000 132.000000 9.201430
v 120.000000 132.000000 9.161740
v 122.000000 132.000000 9.659630
v 124.000000 132.000000 9.941113
v 126.000000 132.000000 9.486631
v 128.000000 132.000000 8.989224
v 130.000000 132.000000 9.284522
v 131.973740 132.000000 10.000000
v 132.000000 131.972305 10.000000
v 134.000000 131.797226 10.000000
v 136.000000 132.000000 9.723736
v 134.393311 132.000000 10.000000
v 138.000000 132.000000 9.332779
v 140.000000 132.000000 9.214211
v 142.000000 132.000000 9.632627
v 144.000000 132.000000 9.916575
v 146.000000 132.000000 9.730745
v 148.000000 132.000000 9.712512
v 150.000000 132.000000 9.841985
v 152.000000 132.000000 9.571506
v 154.000000 132.000000 8.968206
v 156.000000 132.000000 9.006862
v 158.000000 132.000000 9.485819
v 159.388855 132.000000 10.000000
v 172.000000 132.000000 9.638520
v 171.196045 132.000000 10.000000
v 174.000000 132.000000 9.343429
v 176.000000 130.112076 10.000000
v 176.000000 132.000000 9.775645
v 176.808884 132.000000 10.000000
v 186.000000 131.851044 10.000000
v 188.000000 132.000000 9.768784
v 186.065720 132.000000 10.000000
v 188.372284 132.000000 10.000000
v 6.000000 134.000000 9.253654
v 4.056829 134.000000 10.000000
v 6.000000 133.249832 10.000000
v 8.000000 133.323914 10.000000
v 8.000000 134.000000 9.383809
v 9.276804 134.000000 10.000000
v 20.000000 134.000000 9.786969
v 19.352888 134.000000 10.000000
v 20.000000 133.628784 10.000000
v 22.000000 132.922516 10.000000
v 22.000000 134.000000 9.475365
v 24.000000 133.200684 10.000000
v 24.000000 134.000000 9.774630
v 26.000000 133.823608 10.000000
v 26.000000 134.000000 9.955536
v 28.000000 133.548859 10.000000
v 28.000000 134.000000 9.838603
v 30.000000 132.909821 10.000000
v 30.000000 134.000000 9.399578
v 32.000000 133.036469 10.000000
v 32.000000 134.000000 9.579743
v 34.000000 133.325241 10.000000
v 34.000000 134.000000 9.746045
v 36.000000 133.246658 10.000000
v 36.000000 134.000000 9.661287
v 38.000000 132.691589 10.000000
v 38.000000 134.000000 9.356153
v 40.000000 134.000000 8.982327
v 42.000000 134.000000 9.041067
v 44.000000 134.000000 9.370277
v 46.000000 132.532028 10.000000
v 46.000000 134.000000 9.543356
v 48.000000 134.000000 9.201643
v 50.000000 134.000000 8.809454
v 52.000000 134.000000 8.645829
v 54.000000 134.000000 9.311252
v 56.000000 134.000000 9.575833
v 58.000000 134.000000 9.275399
v 60.000000 134.000000 8.767253
v 62.000000 134.000000 8.617415
v 64.000000 134.000000 8.413479
v 66.000000 134.000000 8.066108
v 68.000000 134.000000 8.032221
v 70.000000 134.000000 8.554848
v 72.000000 134.000000 8.826237
v 74.000000 134.000000 8.694571
v 76.000000 134.000000 8.838610
v 78.000000 134.000000 9.060032
v 80.000000 134.000000 8.714288
v 82.000000 134.000000 8.284389
v 84.000000 134.000000 8.179688
v 86.000000 134.000000 8.698339
v 88.000000 134.000000 8.568189
v 90.000000 134.000000 8.669749
v 92.000000 134.000000 8.638079
v 94.000000 134.000000 8.460465
v 96.000000 134.000000 8.013554
v 98.000000 134.000000 8.128652
v 100.000000 134.000000 8.743158
v 102.000000 134.000000 8.589375
v 104.000000 134.000000 8.681093
v 106.000000 134.000000 9.009341
v 108.000000 134.000000 9.098408
v 110.000000 134.000000 8.667063
v 112.000000 134.000000 8.449400
v 114.000000 134.000000 8.625957
v 116.000000 134.000000 8.851875
v 118.000000 134.000000 8.759277
v 120.000000 134.000000 8.916598
v 122.000000 134.000000 9.322495
v 124.000000 134.000000 9.562505
v 126.000000 134.000000 9.077213
v 128.000000 134.000000 8.569448
v 130.000000 134.000000 8.884087
v 132.000000 132.034439 10.000000
v 132.000000 134.000000 9.481627
v 134.000000 132.595795 10.000000
v 134.000000 134.000000 9.836182
v 136.000000 134.000000 9.614799
v 138.000000 134.000000 8.955359
v 140.000000 134.000000 8.801262
v 142.000000 134.000000 8.975012
v 144.000000 134.000000 9.196680
v 146.000000 134.000000 9.179697
v 148.000000 134.000000 9.160632
v 150.000000 134.000000 9.049245
v 152.000000 134.000000 8.979541
v 154.000000 134.000000 8.765537
v 156.000000 134.000000 8.397452
v 158.000000 134.000000 8.601137
v 160.000000 132.401047 10.000000
v 160.000000 134.000000 9.179038
v 162.000000 133.799576 10.000000
v 162.000000 134.000000 9.913018
v 162.271027 134.000000 10.000000
v 170.000000 134.000000 9.421680
v 168.758606 134.000000 10.000000
v 170.000000 132.938339 10.000000
v 172.000000 134.000000 8.351825
v 174.000000 134.000000 8.164931
v 176.000000 134.000000 8.531784
v 178.000000 132.482224 10.000000
v 178.000000 134.000000 9.165391
v 180.000000 133.343719 10.000000
v 180.000000 134.000000 9.593676
v 182.000000 133.965012 10.000000
v 182.000000 134.000000 9.978974
v 184.000000 133.652664 10.000000
v 184.000000 134.000000 9.813371
v 186.000000 132.012222 10.000000
v 186.000000 134.000000 8.847369
v 188.000000 134.000000 8.605319
v 190.000000 133.746826 10.000000
v 190.000000 134.000000 9.853597
v 190.314270 134.000000 10.000000
v 200.000000 134.000000 9.902648
v 199.807266 134.000000 10.000000
v 200.000000 133.840469 10.000000
v 202.000000 132.690475 10.000000
v 202.000000 134.000000 9.193876
v 204.000000 132.537521 10.000000
v 204.000000 134.000000 9.280077
v 205.709976 134.000000 10.000000
v 246.000000 134.000000 9.676910
v 244.486404 134.000000 10.000000
v 246.000000 133.546555 10.000000
v 248.000000 133.319672 10.000000
v 248.000000 134.000000 9.549112
v 248.977402 134.000000 10.000000
v 262.000000 134.000000 9.418119
v 261.034760 134.000000 10.000000
v 262.000000 133.134949 10.000000
v 264.000000 133.250092 10.000000
v 264.000000 134.000000 9.426056
v 265.009308 134.000000 10.000000
v 276.000000 134.000000 9.952021
v 275.937042 134.000000 10.000000
v 276.000000 133.933395 10.000000
v 278.000000 133.703293 10.000000
v 278.000000 134.000000 9.787692
v 278.332245 134.000000 10.000000
v 352.000000 134.000000 9.676097
v 351.566956 134.000000 10.000000
v 352.000000 133.675385 10.000000
v 354.000000 133.876022 10.000000
v 354.000000 134.000000 9.894106
v 354.289185 134.000000 10.000000
v 0.000000 136.000000 9.187568
v 2.000000 134.807785 10.000000
v 2.000000 136.000000 9.068419
v 0.000000 135.005981 10.000000
v 4.000000 134.028809 10.000000
v 4.000000 136.000000 8.635772
v 8.000000 136.000000 8.050211
v 10.000000 134.391037 10.000000
v 10.000000 136.000000 8.751564
v 12.000000 135.082596 10.000000
v 12.000000 136.000000 9.288321
v 14.000000 135.156570 10.000000
v 14.000000 136.000000 9.358468
v 16.000000 135.014496 10.000000
v 16.000000 136.000000 9.310340
v 18.000000 134.616455 10.000000
v 18.000000 136.000000 9.063605
v 20.000000 136.000000 8.440958
v 22.000000 136.000000 8.250689
v 24.000000 136.000000 8.452167
v 26.000000 136.000000 8.727996
v 28.000000 136.000000 8.584978
v 30.000000 136.000000 8.227590
v 32.000000 136.000000 8.528040
v 34.000000 136.000000 8.750602
v 36.000000 136.000000 8.515088
v 38.000000 136.000000 8.165465
v 40.000000 136.000000 8.103604
v 42.000000 136.000000 8.367833
v 44.000000 136.000000 8.586787
v 46.000000 136.000000 8.639593
v 48.000000 136.000000 8.356131
v 50.000000 136.000000 8.073555
v 52.000000 136.000000 8.183156
v 54.000000 136.000000 8.847260
v 56.000000 136.000000 8.955723
v 58.000000 136.000000 8.453745
v 60.000000 136.000000 8.169558
v 70.000000 136.000000 8.281158
v 72.000000 136.000000 8.457687
v 74.000000 136.000000 8.319180
v 76.000000 136.000000 8.282743
v 78.000000 136.000000 8.451773
v 80.000000 136.000000 8.232822
v 86.000000 136.000000 8.202738
v 88.000000 136.000000 8.087019
v 90.000000 136.000000 8.152362
v 92.000000 136.000000 8.179629
v 100.000000 136.000000 8.188885
v 102.000000 136.000000 8.104279
v 104.000000 136.000000 8.064799
v 106.000000 136.000000 8.176825
v 108.000000 136.000000 8.403316
v 110.000000 136.000000 8.157393
v 114.000000 136.000000 8.118731
v 116.000000 136.000000 8.442625
v 118.000000 136.000000 8.183245
v 120.000000 136.000000 8.105121
v 122.000000 136.000000 8.242756
v 124.000000 136.000000 8.441257
v 126.000000 136.000000 8.205944
v 130.000000 136.000000 8.004476
v 132.000000 136.000000 8.511450
v 134.000000 136.000000 9.029020
v 136.000000 136.000000 9.041266
v 138.000000 136.000000 8.597970
v 140.000000 136.000000 8.084159
v 144.000000 136.000000 8.176315
v 146.000000 136.000000 8.446541
v 148.000000 136.000000 8.250890
v 150.000000 136.000000 8.220432
v 152.000000 136.000000 8.360096
v 154.000000 136.000000 8.298885
v 160.000000 136.000000 8.351662
v 162.000000 136.000000 9.088131
v 164.000000 135.281143 10.000000
v 164.000000 136.000000 9.701351
v 166.000000 135.259750 10.000000
v 166.000000 136.000000 9.602245
v 168.000000 134.625092 10.000000
v 168.000000 136.000000 9.287246
v 170.000000 136.000000 8.494975
v 176.000000 136.000000 8.091058
v 178.000000 136.000000 8.584090
v 180.000000 136.000000 8.720415
v 182.000000 136.000000 9.163451
v 184.000000 136.000000 8.961920
v 190.000000 136.000000 8.810201
v 192.000000 135.363434 10.000000
v 192.000000 136.000000 9.650478
v 194.000000 135.478088 10.000000
v 194.000000 136.000000 9.688039
v 196.000000 135.753738 10.000000
v 196.000000 136.000000 9.819838
v 198.000000 135.421951 10.000000
v 198.000000 136.000000 9.641780
v 200.000000 136.000000 8.801304
v 202.000000 136.000000 8.014052
v 204.000000 136.000000 8.197440
v 206.000000 134.200546 10.000000
v 206.000000 136.000000 8.984635
v 208.000000 134.587601 10.000000
v 208.000000 136.000000 9.062672
v 210.000000 134.289505 10.000000
v 210.000000 136.000000 8.831630
v 212.000000 135.289673 10.000000
v 212.000000 136.000000 9.505073
v 213.661835 136.000000 10.000000
v 218.000000 136.000000 9.199115
v 216.024490 136.000000 10.000000
v 218.000000 134.851715 10.000000
v 220.000000 134.280655 10.000000
v 220.000000 136.000000 8.990150
v 221.949036 136.000000 10.000000
v 230.000000 136.000000 8.841343
v 228.136490 136.000000 10.000000
v 230.000000 134.523224 10.000000
v 232.000000 134.576843 10.000000
v 232.000000 136.000000 8.777225
v 234.000000 135.399796 10.000000
v 234.000000 136.000000 9.564298
v 236.000000 135.948181 10.000000
v 236.000000 136.000000 9.957999
v 238.000000 135.565216 10.000000
v 238.000000 136.000000 9.681271
v 240.000000 134.461563 10.000000
v 240.000000 136.000000 8.908093
v 242.000000 134.293747 10.000000
v 242.000000 136.000000 8.881280
v 244.000000 134.176178 10.000000
v 244.000000 136.000000 9.015074
v 246.000000 136.000000 8.561296
v 248.000000 136.000000 8.315897
v 250.000000 134.582123 10.000000
v 250.000000 136.000000 9.002486
v 252.000000 135.928635 10.000000
v 252.000000 136.000000 9.947735
v 254.000000 135.736359 10.000000
v 254.000000 136.000000 9.793680
v 256.000000 135.038528 10.000000
v 256.000000 136.000000 9.249327
v 258.000000 135.196915 10.000000
v 258.000000 136.000000 9.376683
v 260.000000 134.694016 10.000000
v 260.000000 136.000000 8.987085
v 266.000000 134.511505 10.000000
v 266.000000 136.000000 8.583681
v 268.000000 135.038986 10.000000
v 268.000000 136.000000 9.138299
v 270.000000 134.907990 10.000000
v 270.000000 136.000000 9.013388
v 272.000000 135.493530 10.000000
v 272.000000 136.000000 9.549982
v 274.000000 135.508896 10.000000
v 274.000000 136.000000 9.601499
v 276.000000 136.000000 8.275496
v 280.000000 135.020920 10.000000
v 280.000000 136.000000 9.166616
v 282.000000 135.815079 10.000000
v 282.000000 136.000000 9.846270
v 284.000000 135.687302 10.000000
v 284.000000 136.000000 9.728159
v 286.000000 135.772705 10.000000
v 286.000000 136.000000 9.782216
v 288.000000 135.941544 10.000000
v 288.000000 136.000000 9.948367
v 290.000000 135.116653 10.000000
v 290.000000 136.000000 9.207802
v 292.000000 134.188400 10.000000
v 292.000000 136.000000 8.223413
v 294.000000 134.222519 10.000000
v 294.000000 136.000000 8.227509
v 296.000000 134.750229 10.000000
v 296.000000 136.000000 8.885807
v 298.000000 135.135254 10.000000
v 298.000000 136.000000 9.201601
v 300.000000 135.261139 10.000000
v 300.000000 136.000000 9.241375
v 302.000000 135.895218 10.000000
v 302.000000 136.000000 9.904892
v 302.367706 136.000000 10.000000
v 308.000000 136.000000 9.496188
v 306.309723 136.000000 10.000000
v 308.000000 135.474670 10.000000
v 310.000000 135.415237 10.000000
v 310.000000 136.000000 9.411231
v 311.138824 136.000000 10.000000
v 320.000000 136.000000 9.686617
v 319.272034 136.000000 10.000000
v 320.000000 135.681488 10.000000
v 322.000000 135.959106 10.000000
v 322.000000 136.000000 9.962421
v 322.137726 136.000000 10.000000
v 328.000000 136.000000 9.935387
v 327.764160 136.000000 10.000000
v 328.000000 135.936295 10.000000
v 330.000000 135.454193 10.000000
v 330.000000 136.000000 9.420943
v 332.000000 135.835022 10.000000
v 332.000000 136.000000 9.833865
v 334.000000 135.722137 10.000000
v 334.000000 136.000000 9.749928
v 336.000000 134.896805 10.000000
v 336.000000 136.000000 8.967409
v 338.000000 134.571686 10.000000
v 338.000000 136.000000 8.827709
v 340.000000 135.605148 10.000000
v 340.000000 136.000000 9.654319
v 340.881073 136.000000 10.000000
v 350.000000 136.000000 9.534209
v 349.180542 136.000000 10.000000
v 350.000000 135.422455 10.000000
v 354.000000 136.000000 8.400638
v 356.000000 135.056091 10.000000
v 356.000000 136.000000 9.490251
v 358.000000 135.272354 10.000000
v 358.000000 136.000000 9.508230
v 360.000000 135.005981 10.000000
v 360.000000 136.000000 9.187568
v 2.000000 138.000000 8.664718
v 0.000000 138.000000 8.726382
v 4.000000 138.000000 8.448256
v 10.000000 138.000000 8.408865
v 12.000000 138.000000 8.952987
v 14.000000 138.000000 9.202945
v 16.000000 138.000000 9.191712
v 18.000000 138.000000 9.001412
v 20.000000 138.000000 8.458282
v 22.000000 138.000000 8.277349
v 24.000000 138.000000 8.417809
v 26.000000 138.000000 8.546407
v 28.000000 138.000000 8.413743
v 30.000000 138.000000 8.269681
v 32.000000 138.000000 8.438387
v 34.000000 138.000000 8.652567
v 36.000000 138.000000 8.510197
v 38.000000 138.000000 8.271357
v 40.000000 138.000000 8.260069
v 42.000000 138.000000 8.707626
v 44.000000 138.000000 8.867010
v 46.000000 138.000000 8.691890
v 48.000000 138.000000 8.453115
v 50.000000 138.000000 8.278404
v 52.000000 138.000000 8.423719
v 54.000000 138.000000 8.869610
v 56.000000 138.000000 8.882041
v 58.000000 138.000000 8.451496
v 60.000000 138.000000 8.241741
v 62.000000 138.000000 8.149992
v 70.000000 138.000000 8.444539
v 72.000000 138.000000 8.578151
v 74.000000 138.000000 8.520774
v 76.000000 138.000000 8.771778
v 78.000000 138.000000 8.811825
v 80.000000 138.000000 8.387042
v 86.000000 138.000000 8.123670
v 88.000000 138.000000 8.193107
v 90.000000 138.000000 8.264758
v 92.000000 138.000000 8.112966
v 100.000000 138.000000 8.288874
v 102.000000 138.000000 8.419722
v 104.000000 138.000000 8.433661
v 106.000000 138.000000 8.511777
v 108.000000 138.000000 8.565622
v 110.000000 138.000000 8.290115
v 112.000000 138.000000 8.011385
v 114.000000 138.000000 8.164810
v 116.000000 138.000000 8.406522
v 118.000000 138.000000 8.253102
v 120.000000 138.000000 8.070985
v 122.000000 138.000000 8.321694
v 124.000000 138.000000 8.411988
v 126.000000 138.000000 8.261968
v 128.000000 138.000000 8.075716
v 130.000000 138.000000 8.186546
v 132.000000 138.000000 8.615417
v 134.000000 138.000000 8.979301
v 136.000000 138.000000 9.068221
v 138.000000 138.000000 8.670931
v 140.000000 138.000000 8.203367
v 144.000000 138.000000 8.152627
v 146.000000 138.000000 8.454975
v 148.000000 138.000000 8.433165
v 150.000000 138.000000 8.246075
v 152.000000 138.000000 8.376307
v 154.000000 138.000000 8.291827
v 160.000000 138.000000 8.441813
v 162.000000 138.000000 9.251953
v 164.000000 138.000000 9.985810
v 166.000000 138.000000 9.727548
v 168.000000 138.000000 9.339350
v 170.000000 138.000000 8.467737
v 176.000000 138.000000 8.252118
v 178.000000 138.000000 8.827771
v 180.000000 138.000000 8.683531
v 182.000000 138.000000 9.012005
v 184.000000 138.000000 8.945470
v 190.000000 138.000000 8.833154
v 192.000000 138.000000 9.574640
v 194.000000 138.000000 9.505364
v 196.000000 138.000000 9.866961
v 198.000000 138.000000 9.425680
v 200.000000 138.000000 8.643425
v 202.000000 138.000000 8.100594
v 204.000000 138.000000 8.450731
v 206.000000 138.000000 9.116432
v 208.000000 138.000000 8.969138
v 210.000000 138.000000 8.595913
v 212.000000 138.000000 9.152059
v 214.000000 136.482269 10.000000
v 214.000000 138.000000 9.671308
v 216.000000 136.043457 10.000000
v 216.000000 138.000000 9.562114
v 218.000000 138.000000 8.892057
v 220.000000 138.000000 8.770249
v 222.000000 136.205490 10.000000
v 222.000000 138.000000 9.772429
v 222.413834 138.000000 10.000000
v 228.000000 138.000000 9.851302
v 227.707855 138.000000 10.000000
v 228.000000 136.771439 10.000000
v 230.000000 138.000000 8.751847
v 232.000000 138.000000 8.670246
v 234.000000 138.000000 9.289871
v 236.000000 138.000000 9.570176
v 238.000000 138.000000 9.443934
v 240.000000 138.000000 8.820314
v 242.000000 138.000000 8.742243
v 244.000000 138.000000 9.043365
v 246.000000 138.000000 8.553190
v 248.000000 138.000000 8.153570
v 250.000000 138.000000 8.685290
v 252.000000 138.000000 9.501323
v 254.000000 138.000000 9.538021
v 256.000000 138.000000 8.955596
v 258.000000 138.000000 8.983812
v 260.000000 138.000000 8.654232
v 266.000000 138.000000 8.296305
v 268.000000 138.000000 8.813979
v 270.000000 138.000000 8.685544
v 272.000000 138.000000 9.084504
v 274.000000 138.000000 9.119434
v 280.000000 138.000000 8.711403
v 282.000000 138.000000 9.411525
v 284.000000 138.000000 9.240236
v 286.000000 138.000000 9.262409
v 288.000000 138.000000 9.312161
v 290.000000 138.000000 8.673656
v 296.000000 138.000000 8.422883
v 298.000000 138.000000 8.723485
v 300.000000 138.000000 8.760949
v 302.000000 138.000000 9.418071
v 304.000000 137.378601 10.000000
v 304.000000 138.000000 9.819861
v 306.000000 136.383652 10.000000
v 306.000000 138.000000 9.624322
v 308.000000 138.000000 8.919086
v 310.000000 138.000000 8.807232
v 312.000000 137.512878 10.000000
v 312.000000 138.000000 9.859351
v 312.239197 138.000000 10.000000
v 318.000000 138.000000 9.761374
v 317.599731 138.000000 10.000000
v 318.000000 137.364838 10.000000
v 320.000000 138.000000 8.972877
v 322.000000 138.000000 9.161614
v 324.000000 137.086288 10.000000
v 324.000000 138.000000 9.606419
v 326.000000 137.246902 10.000000
v 326.000000 138.000000 9.724499
v 328.000000 138.000000 9.365342
v 330.000000 138.000000 8.811160
v 332.000000 138.000000 9.034586
v 334.000000 138.000000 9.135359
v 336.000000 138.000000 8.482089
v 338.000000 138.000000 8.369868
v 340.000000 138.000000 8.929728
v 342.000000 136.997147 10.000000
v 342.000000 138.000000 9.573125
v 344.000000 137.569183 10.000000
v 344.000000 138.000000 9.867907
v 346.000000 137.610092 10.000000
v 346.000000 138.000000 9.879725
v 348.000000 137.846725 10.000000
v 348.000000 138.000000 9.943488
v 350.000000 138.000000 8.845733
v 356.000000 138.000000 8.829505
v 358.000000 138.000000 8.844517
v 360.000000 138.000000 8.726382
v 2.000000 140.000000 8.667978
v 0.000000 140.000000 8.652760
v 4.000000 140.000000 8.459184
v 6.000000 140.000000 8.025656
v 10.000000 140.000000 8.567008
v 12.000000 140.000000 8.968445
v 14.000000 140.000000 9.313557
v 16.000000 140.000000 9.221173
v 18.000000 140.000000 9.030538
v 20.000000 140.000000 8.502380
v 22.000000 140.000000 8.431076
v 24.000000 140.000000 8.552073
v 26.000000 140.000000 8.629224
v 28.000000 140.000000 8.647518
v 30.000000 140.000000 8.414948
v 32.000000 140.000000 8.525315
v 34.000000 140.000000 8.680222
v 36.000000 140.000000 8.736979
v 38.000000 140.000000 8.461736
v 40.000000 140.000000 8.426791
v 42.000000 140.000000 8.825861
v 44.000000 140.000000 9.251358
v 46.000000 140.000000 9.206786
v 48.000000 140.000000 8.819824
v 50.000000 140.000000 8.422581
v 52.000000 140.000000 8.436750
v 54.000000 140.000000 8.797839
v 56.000000 140.000000 9.009366
v 58.000000 140.000000 8.638925
v 60.000000 140.000000 8.416215
v 62.000000 140.000000 8.499537
v 64.000000 140.000000 8.211655
v 66.000000 140.000000 8.013252
v 68.000000 140.000000 8.142027
v 70.000000 140.000000 8.473394
v 72.000000 140.000000 8.587755
v 74.000000 140.000000 8.377808
v 76.000000 140.000000 8.926951
v 78.000000 140.000000 9.017334
v 80.000000 140.000000 8.420344
v 86.000000 140.000000 8.005707
v 88.000000 140.000000 8.293030
v 90.000000 140.000000 8.424282
v 92.000000 140.000000 8.364326
v 94.000000 140.000000 8.111034
v 100.000000 140.000000 8.441532
v 102.000000 140.000000 8.677943
v 104.000000 140.000000 8.852906
v 106.000000 140.000000 8.985064
v 108.000000 140.000000 8.805131
v 110.000000 140.000000 8.435206
v 112.000000 140.000000 8.058910
v 114.000000 140.000000 8.079299
v 116.000000 140.000000 8.415154
v 118.000000 140.000000 8.404473
v 120.000000 140.000000 8.428720
v 122.000000 140.000000 8.663033
v 124.000000 140.000000 8.745526
v 126.000000 140.000000 8.602024
v 128.000000 140.000000 8.372136
v 130.000000 140.000000 8.424139
v 132.000000 140.000000 8.658210
v 134.000000 140.000000 8.857413
v 136.000000 140.000000 8.845327
v 138.000000 140.000000 8.662227
v 140.000000 140.000000 8.471439
v 142.000000 140.000000 8.300185
v 144.000000 140.000000 8.430837
v 146.000000 140.000000 8.699387
v 148.000000 140.000000 8.776612
v 150.000000 140.000000 8.460842
v 152.000000 140.000000 8.325965
v 154.000000 140.000000 8.285486
v 160.000000 140.000000 8.464468
v 162.000000 140.000000 9.292769
v 164.000000 140.000000 9.767337
v 166.000000 140.000000 9.570937
v 168.000000 140.000000 9.124887
v 170.000000 140.000000 8.444158
v 176.000000 140.000000 8.296000
v 178.000000 140.000000 8.758301
v 180.000000 140.000000 8.518484
v 182.000000 140.000000 8.660522
v 184.000000 140.000000 8.463343
v 190.000000 140.000000 8.539794
v 192.000000 140.000000 9.369774
v 194.000000 140.000000 9.408318
v 196.000000 140.000000 9.795932
v 198.000000 140.000000 9.240689
v 200.000000 140.000000 8.558151
v 202.000000 140.000000 8.076311
v 204.000000 140.000000 8.342862
v 206.000000 140.000000 8.880908
v 208.000000 140.000000 8.954462
v 210.000000 140.000000 8.576062
v 212.000000 140.000000 9.188533
v 214.000000 140.000000 9.608868
v 216.000000 140.000000 9.390477
v 218.000000 140.000000 8.787876
v 220.000000 140.000000 8.569668
v 222.000000 140.000000 9.477611
v 222.929825 140.000000 10.000000
v 228.000000 140.000000 9.621711
v 227.210815 140.000000 10.000000
v 230.000000 140.000000 8.593349
v 232.000000 140.000000 8.597802
v 234.000000 140.000000 9.236298
v 236.000000 140.000000 9.500032
v 238.000000 140.000000 9.270571
v 240.000000 140.000000 8.598712
v 242.000000 140.000000 8.544364
v 244.000000 140.000000 8.776276
v 246.000000 140.000000 8.287879
v 248.000000 140.000000 8.061460
v 250.000000 140.000000 8.598087
v 252.000000 140.000000 9.356236
v 254.000000 140.000000 9.480831
v 256.000000 140.000000 9.033114
v 258.000000 140.000000 8.951254
v 260.000000 140.000000 8.625408
v 266.000000 140.000000 8.441179
v 268.000000 140.000000 8.962237
v 270.000000 140.000000 8.673224
v 272.000000 140.000000 9.077303
v 274.000000 140.000000 9.075439
v 280.000000 140.000000 8.668379
v 282.000000 140.000000 9.412332
v 284.000000 140.000000 9.328365
v 286.000000 140.000000 9.299321
v 288.000000 140.000000 9.409782
v 290.000000 140.000000 8.721231
v 296.000000 140.000000 8.363406
v 298.000000 140.000000 8.636964
v 300.000000 140.000000 8.729646
v 302.000000 140.000000 9.260489
v 304.000000 140.000000 9.562655
v 306.000000 140.000000 9.549273
v 308.000000 140.000000 9.005406
v 310.000000 140.000000 8.819658
v 312.000000 140.000000 9.809485
v 312.326111 140.000000 10.000000
v 318.000000 140.000000 9.730071
v 317.506866 140.000000 10.000000
v 320.000000 140.000000 8.921684
v 322.000000 140.000000 9.073144
v 324.000000 140.000000 9.499072
v 326.000000 140.000000 9.714189
v 328.000000 140.000000 9.399902
v 330.000000 140.000000 8.973773
v 332.000000 140.000000 9.153143
v 334.000000 140.000000 9.201699
v 336.000000 140.000000 8.588856
v 338.000000 140.000000 8.366805
v 340.000000 140.000000 8.894991
v 342.000000 140.000000 9.464756
v 344.000000 140.000000 9.696903
v 346.000000 140.000000 9.832100
v 348.000000 140.000000 9.780425
v 350.000000 140.000000 8.799356
v 354.000000 140.000000 8.124260
v 356.000000 140.000000 8.521499
v 358.000000 140.000000 8.556793
v 360.000000 140.000000 8.652760
v 2.000000 142.000000 8.337634
v 0.000000 142.000000 8.292297
v 4.000000 142.000000 8.119364
v 10.000000 142.000000 8.084937
v 12.000000 142.000000 8.458755
v 14.000000 142.000000 8.700106
v 16.000000 142.000000 8.700190
v 18.000000 142.000000 8.464457
v 20.000000 142.000000 8.120757
v 22.000000 142.000000 8.079384
v 24.000000 142.000000 8.257558
v 26.000000 142.000000 8.350045
v 28.000000 142.000000 8.339946
v 30.000000 142.000000 8.173324
v 32.000000 142.000000 8.288453
v 34.000000 142.000000 8.364737
v 36.000000 142.000000 8.320943
v 38.000000 142.000000 8.179761
v 40.000000 142.000000 8.098200
v 42.000000 142.000000 8.381489
v 44.000000 142.000000 8.734042
v 46.000000 142.000000 8.918422
v 48.000000 142.000000 8.612604
v 50.000000 142.000000 8.181067
v 52.000000 142.000000 8.033136
v 54.000000 142.000000 8.452541
v 56.000000 142.000000 8.855716
v 58.000000 142.000000 8.611544
v 60.000000 142.000000 8.231217
v 62.000000 142.000000 8.264661
v 64.000000 142.000000 8.177189
v 70.000000 142.000000 8.158456
v 72.000000 142.000000 8.288912
v 74.000000 142.000000 8.140046
v 76.000000 142.000000 8.491827
v 78.000000 142.000000 8.586710
v 80.000000 142.000000 8.078337
v 88.000000 142.000000 8.008278
v 90.000000 142.000000 8.084396
v 92.000000 142.000000 8.184078
v 94.000000 142.000000 8.032331
v 100.000000 142.000000 8.270333
v 102.000000 142.000000 8.514677
v 104.000000 142.000000 8.667759
v 106.000000 142.000000 8.593697
v 108.000000 142.000000 8.605110
v 110.000000 142.000000 8.187170
v 116.000000 142.000000 8.311909
v 118.000000 142.000000 8.323374
v 120.000000 142.000000 8.226609
v 122.000000 142.000000 8.550241
v 124.000000 142.000000 8.664627
v 126.000000 142.000000 8.329247
v 128.000000 142.000000 8.124332
v 130.000000 142.000000 8.154936
v 132.000000 142.000000 8.475718
v 134.000000 142.000000 8.723654
v 136.000000 142.000000 8.683475
v 138.000000 142.000000 8.521535
v 140.000000 142.000000 8.044365
v 144.000000 142.000000 8.022064
v 146.000000 142.000000 8.234286
v 148.000000 142.000000 8.414624
v 150.000000 142.000000 8.069765
v 160.000000 142.000000 8.025257
v 162.000000 142.000000 8.829947
v 164.000000 142.000000 9.384287
v 166.000000 142.000000 9.126446
v 168.000000 142.000000 8.941877
v 170.000000 142.000000 8.251569
v 176.000000 142.000000 8.017796
v 178.000000 142.000000 8.567312
v 180.000000 142.000000 8.245667
v 182.000000 142.000000 8.387697
v 184.000000 142.000000 8.180802
v 190.000000 142.000000 8.115491
v 192.000000 142.000000 8.957651
v 194.000000 142.000000 9.007527
v 196.000000 142.000000 9.148417
v 198.000000 142.000000 8.739458
v 200.000000 142.000000 8.086574
v 206.000000 142.000000 8.098989
v 208.000000 142.000000 8.224148
v 210.000000 142.000000 8.033140
v 212.000000 142.000000 8.739737
v 214.000000 142.000000 9.425267
v 216.000000 142.000000 9.106964
v 218.000000 142.000000 8.318138
v 222.000000 142.000000 8.782339
v 224.000000 141.837814 10.000000
v 224.000000 142.000000 9.947111
v 226.000000 141.769409 10.000000
v 226.000000 142.000000 9.925977
v 228.000000 142.000000 8.912831
v 230.000000 142.000000 8.009872
v 234.000000 142.000000 8.721511
v 236.000000 142.000000 8.909414
v 238.000000 142.000000 8.555719
v 244.000000 142.000000 8.262516
v 250.000000 142.000000 8.287702
v 252.000000 142.000000 8.861597
v 254.000000 142.000000 8.789132
v 256.000000 142.000000 8.508886
v 258.000000 142.000000 8.642143
v 260.000000 142.000000 8.186426
v 268.000000 142.000000 8.385370
v 270.000000 142.000000 8.274171
v 272.000000 142.000000 8.640258
v 274.000000 142.000000 8.579210
v 280.000000 142.000000 8.309017
v 282.000000 142.000000 8.950861
v 284.000000 142.000000 8.811920
v 286.000000 142.000000 9.131293
v 288.000000 142.000000 9.243190
v 290.000000 142.000000 8.545377
v 296.000000 142.000000 8.064446
v 298.000000 142.000000 8.304063
v 300.000000 142.000000 8.380053
v 302.000000 142.000000 8.981157
v 304.000000 142.000000 9.460958
v 306.000000 142.000000 9.306549
v 308.000000 142.000000 8.657189
v 310.000000 142.000000 8.594492
v 312.000000 142.000000 9.281624
v 313.250244 142.000000 10.000000
v 318.000000 142.000000 9.373663
v 316.836975 142.000000 10.000000
v 320.000000 142.000000 8.656347
v 322.000000 142.000000 8.770518
v 324.000000 142.000000 9.309789
v 326.000000 142.000000 9.438798
v 328.000000 142.000000 9.178546
v 330.000000 142.000000 8.727611
v 332.000000 142.000000 8.991475
v 334.000000 142.000000 8.899669
v 336.000000 142.000000 8.184175
v 338.000000 142.000000 8.092916
v 340.000000 142.000000 8.613468
v 342.000000 142.000000 8.984407
v 344.000000 142.000000 9.183109
v 346.000000 142.000000 9.151731
v 348.000000 142.000000 9.295206
v 350.000000 142.000000 8.474836
v 356.000000 142.000000 8.317929
v 358.000000 142.000000 8.378525
v 360.000000 142.000000 8.292297
v 2.000000 144.000000 8.102154
v 0.000000 144.000000 8.001316
v 12.000000 144.000000 8.223728
v 14.000000 144.000000 8.156443
v 16.000000 144.000000 8.299080
v 18.000000 144.000000 8.307303
v 20.000000 144.000000 8.015617
v 24.000000 144.000000 8.212152
v 26.000000 144.000000 8.503747
v 28.000000 144.000000 8.200612
v 30.000000 144.000000 8.021071
v 32.000000 144.000000 8.507926
v 34.000000 144.000000 8.679573
v 36.000000 144.000000 8.450783
v 38.000000 144.000000 8.322998
v 40.000000 144.000000 8.171825
v 42.000000 144.000000 8.219968
v 44.000000 144.000000 8.449950
v 46.000000 144.000000 8.556738
v 48.000000 144.000000 8.480559
v 50.000000 144.000000 8.019110
v 52.000000 144.000000 8.205563
v 54.000000 144.000000 8.849711
v 56.000000 144.000000 9.468425
v 58.000000 144.000000 9.206687
v 60.000000 144.000000 8.256898
v 64.000000 144.000000 8.039382
v 70.000000 144.000000 8.187305
v 72.000000 144.000000 8.645455
v 74.000000 144.000000 8.523762
v 76.000000 144.000000 8.543564
v 78.000000 144.000000 8.365124
v 80.000000 144.000000 8.367242
v 86.000000 144.000000 8.092114
v 88.000000 144.000000 8.363235
v 90.000000 144.000000 8.254127
v 92.000000 144.000000 8.150823
v 94.000000 144.000000 8.044555
v 100.000000 144.000000 8.377930
v 102.000000 144.000000 8.469495
v 104.000000 144.000000 8.309325
v 106.000000 144.000000 8.247574
v 108.000000 144.000000 8.497861
v 110.000000 144.000000 8.242797
v 116.000000 144.000000 8.522215
v 118.000000 144.000000 8.788361
v 120.000000 144.000000 8.269393
v 122.000000 144.000000 8.739348
v 124.000000 144.000000 9.097831
v 126.000000 144.000000 8.830206
v 128.000000 144.000000 8.163910
v 130.000000 144.000000 8.183178
v 132.000000 144.000000 8.816565
v 134.000000 144.000000 9.165636
v 136.000000 144.000000 9.006826
v 138.000000 144.000000 8.550055
v 140.000000 144.000000 8.175848
v 142.000000 144.000000 8.065902
v 144.000000 144.000000 8.107903
v 146.000000 144.000000 8.326562
v 148.000000 144.000000 8.362108
v 150.000000 144.000000 8.086658
v 152.000000 144.000000 8.131384
v 154.000000 144.000000 8.137886
v 160.000000 144.000000 8.064517
v 162.000000 144.000000 8.847271
v 164.000000 144.000000 9.244026
v 166.000000 144.000000 8.961906
v 168.000000 144.000000 8.809333
v 170.000000 144.000000 8.314570
v 178.000000 144.000000 8.276467
v 180.000000 144.000000 8.322037
v 182.000000 144.000000 8.556730
v 184.000000 144.000000 8.446354
v 190.000000 144.000000 8.257613
v 192.000000 144.000000 9.122499
v 194.000000 144.000000 9.151326
v 196.000000 144.000000 9.187041
v 198.000000 144.000000 8.929175
v 200.000000 144.000000 8.137303
v 208.000000 144.000000 8.055006
v 212.000000 144.000000 8.614517
v 214.000000 144.000000 9.238980
v 216.000000 144.000000 8.893766
v 218.000000 144.000000 8.201138
v 220.000000 144.000000 8.037573
v 222.000000 144.000000 8.837823
v 224.000000 144.000000 9.945093
v 225.277832 144.000000 10.000000
v 226.000000 143.400314 10.000000
v 228.000000 144.000000 8.954045
v 226.052628 144.000000 10.000000
v 230.000000 144.000000 8.000434
v 234.000000 144.000000 8.579423
v 236.000000 144.000000 8.997463
v 238.000000 144.000000 8.506372
v 240.000000 144.000000 8.013078
v 242.000000 144.000000 8.232449
v 244.000000 144.000000 8.313555
v 250.000000 144.000000 8.179219
v 252.000000 144.000000 9.002064
v 254.000000 144.000000 8.712032
v 256.000000 144.000000 8.501203
v 258.000000 144.000000 8.730770
v 260.000000 144.000000 8.209041
v 268.000000 144.000000 8.211233
v 270.000000 144.000000 8.295778
v 272.000000 144.000000 8.644593
v 274.000000 144.000000 8.398688
v 280.000000 144.000000 8.244566
v 282.000000 144.000000 8.913069
v 284.000000 144.000000 8.806811
v 286.000000 144.000000 9.123179
v 288.000000 144.000000 9.428665
v 290.000000 144.000000 8.289570
v 296.000000 144.000000 8.075869
v 298.000000 144.000000 8.158188
v 300.000000 144.000000 8.303827
v 302.000000 144.000000 9.017240
v 304.000000 144.000000 9.663876
v 306.000000 144.000000 9.086932
v 308.000000 144.000000 8.331289
v 310.000000 144.000000 8.318988
v 312.000000 144.000000 9.089549
v 314.000000 143.907471 10.000000
v 314.000000 144.000000 9.977874
v 314.242615 144.000000 10.000000
v 318.000000 144.000000 9.105075
v 316.271484 144.000000 10.000000
v 320.000000 144.000000 8.330570
v 322.000000 144.000000 8.465836
v 324.000000 144.000000 8.979795
v 326.000000 144.000000 8.939444
v 328.000000 144.000000 8.544068
v 330.000000 144.000000 8.245998
v 332.000000 144.000000 8.471982
v 334.000000 144.000000 8.310297
v 340.000000 144.000000 8.173027
v 342.000000 144.000000 8.527866
v 344.000000 144.000000 8.608648
v 346.000000 144.000000 8.806859
v 348.000000 144.000000 8.988695
v 350.000000 144.000000 8.159983
v 356.000000 144.000000 8.497700
v 358.000000 144.000000 8.382448
v 360.000000 144.000000 8.001316
v 2.000000 146.000000 9.283331
v 0.000000 146.000000 9.201865
v 4.000000 146.000000 8.994347
v 6.000000 146.000000 8.205602
v 8.000000 146.000000 8.367978
v 10.000000 146.000000 9.252333
v 12.000000 146.000000 9.566048
v 14.000000 146.000000 9.042631
v 16.000000 146.000000 9.163144
v 18.000000 146.000000 9.370600
v 20.000000 146.000000 9.123072
v 22.000000 146.000000 8.831681
v 24.000000 146.000000 9.279144
v 26.000000 146.000000 9.561913
v 28.000000 146.000000 9.400764
v 30.000000 146.000000 9.109429
v 32.000000 146.000000 9.657558
v 34.000000 146.000000 9.951756
v 36.000000 146.000000 9.645936
v 38.000000 146.000000 9.238728
v 40.000000 146.000000 8.957471
v 42.000000 146.000000 8.933434
v 44.000000 146.000000 9.251230
v 46.000000 146.000000 9.355635
v 48.000000 146.000000 9.092669
v 50.000000 146.000000 8.897238
v 52.000000 146.000000 9.301840
v 54.000000 146.000000 9.945428
v 54.335499 146.000000 10.000000
v 56.000000 145.366074 10.000000
v 58.000000 146.000000 9.709453
v 56.924290 146.000000 10.000000
v 60.000000 146.000000 8.788114
v 62.000000 146.000000 8.628392
v 64.000000 146.000000 8.517078
v 66.000000 146.000000 8.329638
v 68.000000 146.000000 8.353776
v 70.000000 146.000000 8.739120
v 72.000000 146.000000 9.010241
v 74.000000 146.000000 8.969481
v 76.000000 146.000000 8.975368
v 78.000000 146.000000 8.785472
v 80.000000 146.000000 8.696533
v 82.000000 146.000000 8.667857
v 84.000000 146.000000 8.536566
v 86.000000 146.000000 9.007053
v 88.000000 146.000000 9.146309
v 90.000000 146.000000 8.738250
v 92.000000 146.000000 8.558242
v 94.000000 146.000000 8.451002
v 96.000000 146.000000 8.185705
v 98.000000 146.000000 8.301635
v 100.000000 146.000000 8.719759
v 102.000000 146.000000 8.812115
v 104.000000 146.000000 8.708774
v 106.000000 146.000000 8.685945
v 108.000000 146.000000 8.907050
v 110.000000 146.000000 8.789071
v 112.000000 146.000000 8.329978
v 114.000000 146.000000 8.505270
v 116.000000 146.000000 9.145633
v 118.000000 146.000000 9.274294
v 120.000000 146.000000 8.836274
v 122.000000 146.000000 9.270918
v 124.000000 146.000000 9.715457
v 126.000000 146.000000 9.614669
v 128.000000 146.000000 8.886722
v 130.000000 146.000000 8.802138
v 132.000000 146.000000 9.510133
v 134.000000 146.000000 9.742001
v 136.000000 146.000000 9.417735
v 138.000000 146.000000 8.997258
v 140.000000 146.000000 8.868391
v 142.000000 146.000000 8.740507
v 144.000000 146.000000 8.909025
v 146.000000 146.000000 9.207633
v 148.000000 146.000000 9.312414
v 150.000000 146.000000 9.006645
v 152.000000 146.000000 9.056039
v 154.000000 146.000000 9.153303
v 156.000000 146.000000 8.782372
v 158.000000 146.000000 8.542832
v 160.000000 146.000000 8.943115
v 162.000000 146.000000 9.387033
v 164.000000 146.000000 9.822633
v 166.000000 146.000000 9.507177
v 168.000000 146.000000 9.417637
v 170.000000 146.000000 8.937576
v 176.000000 146.000000 8.484710
v 178.000000 146.000000 8.993616
v 180.000000 146.000000 9.016560
v 182.000000 146.000000 9.465358
v 184.000000 146.000000 9.352397
v 186.000000 146.000000 8.356091
v 190.000000 146.000000 8.838139
v 192.000000 146.000000 9.803666
v 194.000000 146.000000 9.986120
v 194.271530 146.000000 10.000000
v 196.000000 145.824219 10.000000
v 198.000000 146.000000 9.901317
v 196.913467 146.000000 10.000000
v 200.000000 146.000000 9.016893
v 202.000000 146.000000 8.127974
v 204.000000 146.000000 8.127416
v 206.000000 146.000000 8.858348
v 208.000000 146.000000 9.094449
v 210.000000 146.000000 8.970099
v 212.000000 146.000000 9.471434
v 213.684265 146.000000 10.000000
v 214.000000 145.770645 10.000000
v 216.000000 145.907272 10.000000
v 218.000000 146.000000 9.278375
v 216.140366 146.000000 10.000000
v 220.000000 146.000000 8.955828
v 222.000000 146.000000 9.933049
v 222.118683 146.000000 10.000000
v 224.000000 144.097153 10.000000
v 228.000000 145.898422 10.000000
v 230.000000 146.000000 8.933216
v 228.100754 146.000000 10.000000
v 232.000000 146.000000 8.793393
v 234.000000 146.000000 9.461091
v 235.553391 146.000000 10.000000
v 236.000000 145.740509 10.000000
v 238.000000 146.000000 9.581853
v 236.552521 146.000000 10.000000
v 240.000000 146.000000 8.921377
v 242.000000 146.000000 8.984122
v 244.000000 146.000000 9.211937
v 246.000000 146.000000 8.546883
v 248.000000 146.000000 8.071999
v 250.000000 146.000000 8.740921
v 252.000000 146.000000 9.875218
v 254.000000 146.000000 9.769697
v 256.000000 146.000000 9.447567
v 258.000000 146.000000 9.509334
v 260.000000 146.000000 8.899451
v 266.000000 146.000000 8.514837
v 268.000000 146.000000 9.016114
v 270.000000 146.000000 8.906770
v 272.000000 146.000000 9.382759
v 274.000000 146.000000 9.149157
v 276.000000 146.000000 8.109640
v 280.000000 146.000000 8.821011
v 282.000000 146.000000 9.589798
v 284.000000 146.000000 9.510869
v 286.000000 146.000000 9.848394
v 288.000000 146.000000 9.997590
v 290.000000 146.000000 8.868320
v 296.000000 146.000000 8.510508
v 298.000000 146.000000 8.604113
v 300.000000 146.000000 8.797772
v 302.000000 146.000000 9.642880
v 303.087799 146.000000 10.000000
v 304.000000 145.051071 10.000000
v 306.000000 146.000000 9.936383
v 305.654053 146.000000 10.000000
v 308.000000 146.000000 8.893140
v 310.000000 146.000000 8.830563
v 312.000000 146.000000 9.938596
v 312.108002 146.000000 10.000000
v 314.000000 144.039734 10.000000
v 318.000000 146.000000 9.798341
v 317.671539 146.000000 10.000000
v 320.000000 146.000000 8.879420
v 322.000000 146.000000 9.041317
v 324.000000 146.000000 9.808463
v 326.000000 146.000000 9.930052
v 328.000000 146.000000 9.374201
v 330.000000 146.000000 8.959110
v 332.000000 146.000000 9.213068
v 334.000000 146.000000 9.059772
v 336.000000 146.000000 8.358733
v 338.000000 146.000000 8.260097
v 340.000000 146.000000 9.056432
v 342.000000 146.000000 9.490372
v 344.000000 146.000000 9.493264
v 346.000000 146.000000 9.809049
v 347.884277 146.000000 10.000000
v 348.000000 145.979752 10.000000
v 350.000000 146.000000 9.028694
v 348.020966 146.000000 10.000000
v 352.000000 146.000000 8.261886
v 354.000000 146.000000 8.748960
v 356.000000 146.000000 9.579980
v 358.000000 146.000000 9.453044
v 360.000000 146.000000 9.201865
v 0.075157 148.000000 10.000000
v 2.000000 147.828842 10.000000
v 0.000000 148.000000 9.997220
v 4.000000 148.000000 9.688500
v 2.370919 148.000000 10.000000
v 6.000000 148.000000 8.965553
v 8.000000 148.000000 9.151654
v 9.905246 148.000000 10.000000
v 10.000000 147.890717 10.000000
v 12.000000 147.191971 10.000000
v 14.000000 148.000000 9.997316
v 13.982985 148.000000 10.000000
v 14.024364 148.000000 10.000000
v 16.000000 147.616455 10.000000
v 18.000000 147.300659 10.000000
v 20.000000 147.825455 10.000000
v 22.000000 148.000000 9.766487
v 20.556135 148.000000 10.000000
v 23.241331 148.000000 10.000000
v 24.000000 147.690613 10.000000
v 26.000000 147.140503 10.000000
v 28.000000 147.451370 10.000000
v 30.000000 148.000000 9.878046
v 29.325165 148.000000 10.000000
v 30.526993 148.000000 10.000000
v 32.000000 147.021942 10.000000
v 34.000000 146.121536 10.000000
v 36.000000 146.894577 10.000000
v 38.000000 148.000000 9.986659
v 37.943920 148.000000 10.000000
v 40.000000 148.000000 9.784212
v 42.000000 148.000000 9.788248
v 43.365868 148.000000 10.000000
v 44.000000 147.773346 10.000000
v 46.000000 147.634781 10.000000
v 48.000000 148.000000 9.775028
v 46.787251 148.000000 10.000000
v 50.000000 148.000000 9.731048
v 51.633484 148.000000 10.000000
v 52.000000 147.836212 10.000000
v 54.000000 146.159302 10.000000
v 58.000000 146.989227 10.000000
v 60.000000 148.000000 9.457607
v 58.688770 148.000000 10.000000
v 62.000000 148.000000 9.228553
v 64.000000 148.000000 8.927623
v 66.000000 148.000000 8.688075
v 68.000000 148.000000 8.854137
v 70.000000 148.000000 9.210276
v 72.000000 148.000000 9.461438
v 74.000000 148.000000 9.398966
v 76.000000 148.000000 9.518559
v 78.000000 148.000000 9.439421
v 80.000000 148.000000 9.425707
v 82.000000 148.000000 9.146053
v 84.000000 148.000000 9.124140
v 86.000000 148.000000 9.523151
v 88.000000 148.000000 9.790089
v 90.000000 148.000000 9.426302
v 92.000000 148.000000 9.139272
v 94.000000 148.000000 9.012554
v 96.000000 148.000000 8.742897
v 98.000000 148.000000 8.925199
v 100.000000 148.000000 9.408309
v 102.000000 148.000000 9.587051
v 104.000000 148.000000 9.573578
v 106.000000 148.000000 9.484288
v 108.000000 148.000000 9.568060
v 110.000000 148.000000 9.279314
v 112.000000 148.000000 8.946386
v 114.000000 148.000000 9.041311
v 116.000000 148.000000 9.758650
v 117.709557 148.000000 10.000000
v 118.000000 147.899521 10.000000
v 120.000000 148.000000 9.708902
v 118.253624 148.000000 10.000000
v 122.000000 148.000000 9.886072
v 122.543007 148.000000 10.000000
v 124.000000 146.988602 10.000000
v 126.000000 147.347839 10.000000
v 128.000000 148.000000 9.666224
v 126.715469 148.000000 10.000000
v 130.000000 148.000000 9.575373
v 131.787872 148.000000 10.000000
v 132.000000 147.810699 10.000000
v 134.000000 146.833771 10.000000
v 136.000000 147.798752 10.000000
v 138.000000 148.000000 9.703906
v 136.365219 148.000000 10.000000
v 140.000000 148.000000 9.516481
v 142.000000 148.000000 9.484159
v 144.000000 148.000000 9.539187
v 146.000000 148.000000 9.769466
v 148.000000 148.000000 9.868100
v 150.000000 148.000000 9.591263
v 152.000000 148.000000 9.725079
v 154.000000 148.000000 9.800400
v 156.000000 148.000000 9.445784
v 158.000000 148.000000 9.142907
v 160.000000 148.000000 9.629151
v 161.164215 148.000000 10.000000
v 162.000000 147.397736 10.000000
v 164.000000 146.544647 10.000000
v 166.000000 147.299347 10.000000
v 168.000000 147.917664 10.000000
v 170.000000 148.000000 9.661697
v 168.134613 148.000000 10.000000
v 172.000000 148.000000 8.619442
v 174.000000 148.000000 8.302876
v 176.000000 148.000000 9.228117
v 178.000000 148.000000 9.836782
v 180.000000 148.000000 9.686335
v 181.494049 148.000000 10.000000
v 182.000000 147.678009 10.000000
v 184.000000 147.732117 10.000000
v 186.000000 148.000000 9.052988
v 184.186691 148.000000 10.000000
v 188.000000 148.000000 8.462347
v 190.000000 148.000000 9.451768
v 191.092789 148.000000 10.000000
v 192.000000 146.591019 10.000000
v 194.000000 146.041107 10.000000
v 198.000000 146.277649 10.000000
v 200.000000 148.000000 9.754093
v 199.438171 148.000000 10.000000
v 202.000000 148.000000 8.865033
v 204.000000 148.000000 8.935805
v 206.000000 148.000000 9.677695
v 208.000000 148.000000 9.810677
v 210.000000 148.000000 9.638755
v 211.721786 148.000000 10.000000
v 212.000000 147.812698 10.000000
v 218.000000 148.000000 9.989807
v 217.972839 148.000000 10.000000
v 220.000000 148.000000 9.603770
v 220.810776 148.000000 10.000000
v 222.000000 146.202042 10.000000
v 230.000000 148.000000 9.631676
v 229.313171 148.000000 10.000000
v 232.000000 148.000000 9.515502
v 233.392914 148.000000 10.000000
v 234.000000 147.448990 10.000000
v 238.000000 147.330780 10.000000
v 240.000000 148.000000 9.594093
v 238.683044 148.000000 10.000000
v 242.000000 148.000000 9.681615
v 244.000000 148.000000 9.849319
v 246.000000 148.000000 9.189087
v 248.000000 148.000000 8.667081
v 250.000000 148.000000 9.385754
v 251.236710 148.000000 10.000000
v 252.000000 146.466904 10.000000
v 254.000000 146.749786 10.000000
v 256.000000 147.639465 10.000000
v 258.000000 147.558426 10.000000
v 260.000000 148.000000 9.594880
v 258.510864 148.000000 10.000000
v 262.000000 148.000000 8.243682
v 264.000000 148.000000 8.032782
v 266.000000 148.000000 9.111923
v 268.000000 148.000000 9.636990
v 270.000000 148.000000 9.579221
v 271.460632 148.000000 10.000000
v 272.000000 147.597488 10.000000
v 274.000000 148.000000 9.794528
v 272.893524 148.000000 10.000000
v 276.000000 148.000000 8.653964
v 278.000000 148.000000 8.395252
v 280.000000 148.000000 9.458039
v 281.350586 148.000000 10.000000
v 282.000000 147.208847 10.000000
v 284.000000 147.402039 10.000000
v 286.000000 146.477188 10.000000
v 288.000000 146.009216 10.000000
v 290.000000 148.000000 9.526880
v 289.034821 148.000000 10.000000
v 292.000000 148.000000 8.350321
v 294.000000 148.000000 8.421938
v 296.000000 148.000000 9.045065
v 298.000000 148.000000 9.202950
v 300.000000 148.000000 9.369040
v 301.425140 148.000000 10.000000
v 302.000000 147.141113 10.000000
v 306.000000 146.182831 10.000000
v 308.000000 148.000000 9.591310
v 307.200562 148.000000 10.000000
v 310.000000 148.000000 9.414619
v 311.111206 148.000000 10.000000
v 312.000000 146.216141 10.000000
v 318.000000 146.577972 10.000000
v 320.000000 148.000000 9.527169
v 319.011963 148.000000 10.000000
v 322.000000 148.000000 9.722058
v 322.592926 148.000000 10.000000
v 324.000000 146.459549 10.000000
v 326.000000 146.182343 10.000000
v 328.000000 147.911453 10.000000
v 330.000000 148.000000 9.594579
v 328.138702 148.000000 10.000000
v 332.000000 148.000000 9.893011
v 334.000000 148.000000 9.840406
v 336.000000 148.000000 9.062147
v 338.000000 148.000000 8.987197
v 340.000000 148.000000 9.851433
v 340.684174 148.000000 10.000000
v 342.000000 147.291962 10.000000
v 344.000000 147.084320 10.000000
v 346.000000 146.473083 10.000000
v 350.000000 148.000000 9.783231
v 349.577759 148.000000 10.000000
v 352.000000 148.000000 8.983265
v 354.000000 148.000000 9.473367
v 355.423126 148.000000 10.000000
v 356.000000 147.327042 10.000000
v 358.000000 147.445892 10.000000
v 360.000000 148.000000 9.997220
v 359.975555 148.000000 10.000000
v 2.000000 148.082077 10.000000
v 2.000000 150.000000 8.503792
v 0.000000 150.000000 8.437509
v 4.000000 150.000000 8.326412
v 10.000000 148.048828 10.000000
v 10.000000 150.000000 8.417444
v 12.000000 148.334518 10.000000
v 12.000000 150.000000 8.696897
v 14.000000 150.000000 8.502957
v 16.000000 148.228790 10.000000
v 16.000000 150.000000 8.577557
v 18.000000 148.452988 10.000000
v 18.000000 150.000000 8.879160
v 20.000000 148.095322 10.000000
v 20.000000 150.000000 8.453650
v 22.000000 150.000000 8.340398
v 24.000000 148.178299 10.000000
v 24.000000 150.000000 8.725225
v 26.000000 148.431259 10.000000
v 26.000000 150.000000 8.911922
v 28.000000 148.264648 10.000000
v 28.000000 150.000000 8.633966
v 30.000000 150.000000 8.414083
v 32.000000 148.413483 10.000000
v 32.000000 150.000000 8.824072
v 34.000000 148.890793 10.000000
v 34.000000 150.000000 9.124347
v 36.000000 148.483154 10.000000
v 36.000000 150.000000 8.735496
v 38.000000 150.000000 8.396303
v 40.000000 150.000000 8.399760
v 42.000000 150.000000 8.695355
v 44.000000 148.149750 10.000000
v 44.000000 150.000000 8.863064
v 46.000000 148.210052 10.000000
v 46.000000 150.000000 8.839182
v 48.000000 150.000000 8.570825
v 50.000000 150.000000 8.416881
v 52.000000 148.079071 10.000000
v 52.000000 150.000000 8.551968
v 54.000000 148.831741 10.000000
v 54.000000 150.000000 9.152604
v 56.000000 149.140823 10.000000
v 56.000000 150.000000 9.453840
v 58.000000 148.457443 10.000000
v 58.000000 150.000000 9.031864
v 60.000000 150.000000 8.427480
v 62.000000 150.000000 8.287217
v 64.000000 150.000000 8.124820
v 68.000000 150.000000 8.054061
v 70.000000 150.000000 8.422869
v 72.000000 150.000000 8.606506
v 74.000000 150.000000 8.526110
v 76.000000 150.000000 8.610394
v 78.000000 150.000000 8.557929
v 80.000000 150.000000 8.428683
v 86.000000 150.000000 8.387858
v 88.000000 150.000000 8.718375
v 90.000000 150.000000 8.466768
v 92.000000 150.000000 8.396239
v 94.000000 150.000000 8.055835
v 100.000000 150.000000 8.423507
v 102.000000 150.000000 8.718751
v 104.000000 150.000000 8.505664
v 106.000000 150.000000 8.543263
v 108.000000 150.000000 8.705256
v 110.000000 150.000000 8.431029
v 112.000000 150.000000 8.109385
v 114.000000 150.000000 8.244931
v 116.000000 150.000000 8.696856
v 118.000000 148.064606 10.000000
v 118.000000 150.000000 8.842054
v 120.000000 150.000000 8.425254
v 122.000000 150.000000 8.588902
v 124.000000 148.434402 10.000000
v 124.000000 150.000000 9.011046
v 126.000000 148.231873 10.000000
v 126.000000 150.000000 8.704413
v 128.000000 150.000000 8.428348
v 130.000000 150.000000 8.439453
v 132.000000 148.077133 10.000000
v 132.000000 150.000000 8.785810
v 134.000000 148.660858 10.000000
v 134.000000 150.000000 9.284488
v 136.000000 148.162033 10.000000
v 136.000000 150.000000 9.243197
v 138.000000 150.000000 8.714413
v 140.000000 150.000000 8.427814
v 142.000000 150.000000 8.187228
v 144.000000 150.000000 8.355597
v 146.000000 150.000000 8.588339
v 148.000000 150.000000 8.625451
v 150.000000 150.000000 8.454834
v 152.000000 150.000000 8.678383
v 154.000000 150.000000 8.622720
v 156.000000 150.000000 8.183330
v 160.000000 150.000000 8.425508
v 162.000000 148.350342 10.000000
v 162.000000 150.000000 8.833393
v 164.000000 148.633820 10.000000
v 164.000000 150.000000 9.058186
v 166.000000 148.336975 10.000000
v 166.000000 150.000000 8.781089
v 168.000000 148.033432 10.000000
v 168.000000 150.000000 8.688468
v 170.000000 150.000000 8.403029
v 176.000000 150.000000 8.161454
v 178.000000 150.000000 8.498198
v 180.000000 150.000000 8.416862
v 182.000000 148.165359 10.000000
v 182.000000 150.000000 8.892254
v 184.000000 148.171219 10.000000
v 184.000000 150.000000 8.954479
v 190.000000 150.000000 8.439612
v 192.000000 148.705688 10.000000
v 192.000000 150.000000 9.185187
v 194.000000 148.837936 10.000000
v 194.000000 150.000000 9.146022
v 196.000000 149.393921 10.000000
v 196.000000 150.000000 9.671817
v 198.000000 148.904358 10.000000
v 198.000000 150.000000 9.290985
v 200.000000 150.000000 8.429416
v 206.000000 150.000000 8.542846
v 208.000000 150.000000 8.540332
v 210.000000 150.000000 8.436369
v 212.000000 148.094055 10.000000
v 212.000000 150.000000 8.948097
v 214.000000 149.247467 10.000000
v 214.000000 150.000000 9.580143
v 216.000000 149.048264 10.000000
v 216.000000 150.000000 9.362908
v 218.000000 150.000000 8.588490
v 220.000000 150.000000 8.422558
v 222.000000 148.922165 10.000000
v 222.000000 150.000000 9.350024
v 223.164536 150.000000 10.000000
v 228.000000 150.000000 9.464361
v 226.979675 150.000000 10.000000
v 228.000000 149.115799 10.000000
v 230.000000 150.000000 8.419837
v 232.000000 150.000000 8.362782
v 234.000000 148.346375 10.000000
v 234.000000 150.000000 9.061928
v 236.000000 149.166489 10.000000
v 236.000000 150.000000 9.469969
v 238.000000 148.324493 10.000000
v 238.000000 150.000000 8.991196
v 240.000000 150.000000 8.423414
v 242.000000 150.000000 8.536625
v 244.000000 150.000000 8.720667
v 246.000000 150.000000 8.186019
v 250.000000 150.000000 8.416971
v 252.000000 148.601547 10.000000
v 252.000000 150.000000 9.125593
v 254.000000 148.531342 10.000000
v 254.000000 150.000000 9.022444
v 256.000000 148.194122 10.000000
v 256.000000 150.000000 8.920280
v 258.000000 148.247253 10.000000
v 258.000000 150.000000 9.073565
v 260.000000 150.000000 8.442150
v 268.000000 150.000000 8.408468
v 270.000000 150.000000 8.410832
v 272.000000 148.224457 10.000000
v 272.000000 150.000000 8.856132
v 274.000000 150.000000 8.700218
v 280.000000 150.000000 8.398189
v 282.000000 148.427078 10.000000
v 282.000000 150.000000 9.050142
v 284.000000 148.340042 10.000000
v 284.000000 150.000000 9.037229
v 286.000000 148.861038 10.000000
v 286.000000 150.000000 9.378916
v 288.000000 148.877121 10.000000
v 288.000000 150.000000 9.364480
v 290.000000 150.000000 8.417433
v 296.000000 150.000000 8.137275
v 298.000000 150.000000 8.241187
v 300.000000 150.000000 8.425790
v 302.000000 148.537170 10.000000
v 302.000000 150.000000 9.310027
v 304.000000 149.703491 10.000000
v 304.000000 150.000000 9.842871
v 306.000000 149.026581 10.000000
v 306.000000 150.000000 9.441026
v 308.000000 150.000000 8.493294
v 310.000000 150.000000 8.423645
v 312.000000 148.822693 10.000000
v 312.000000 150.000000 9.320558
v 313.519287 150.000000 10.000000
v 318.000000 150.000000 9.251723
v 316.505524 150.000000 10.000000
v 318.000000 148.755798 10.000000
v 320.000000 150.000000 8.431626
v 322.000000 150.000000 8.615337
v 324.000000 148.976822 10.000000
v 324.000000 150.000000 9.362782
v 326.000000 149.010208 10.000000
v 326.000000 150.000000 9.348485
v 328.000000 148.043991 10.000000
v 328.000000 150.000000 8.796449
v 330.000000 150.000000 8.422783
v 332.000000 150.000000 8.738799
v 334.000000 150.000000 8.679385
v 340.000000 150.000000 8.428037
v 342.000000 148.340851 10.000000
v 342.000000 150.000000 8.756676
v 344.000000 148.479141 10.000000
v 344.000000 150.000000 8.762117
v 346.000000 148.665695 10.000000
v 346.000000 150.000000 8.935865
v 348.000000 148.995377 10.000000
v 348.000000 150.000000 9.232076
v 350.000000 150.000000 8.462687
v 354.000000 150.000000 8.273439
v 356.000000 148.314056 10.000000
v 356.000000 150.000000 8.913738
v 358.000000 148.276062 10.000000
v 358.000000 150.000000 8.757578
v 360.000000 150.000000 8.437509
v 56.000000 152.000000 8.116530
v 198.000000 152.000000 8.026042
v 214.000000 152.000000 8.373171
v 216.000000 152.000000 8.284639
v 222.000000 152.000000 8.029418
v 224.000000 150.648743 10.000000
v 224.000000 152.000000 9.040059
v 226.000000 150.711517 10.000000
v 226.000000 152.000000 9.105455
v 228.000000 152.000000 8.131434
v 236.000000 152.000000 8.211767
v 252.000000 152.000000 8.005041
v 286.000000 152.000000 8.143936
v 288.000000 152.000000 8.213111
v 302.000000 152.000000 8.137554
v 304.000000 152.000000 8.393463
v 312.000000 152.000000 8.121577
v 314.000000 150.289841 10.000000
v 314.000000 152.000000 8.758542
v 316.000000 150.307144 10.000000
v 316.000000 152.000000 8.632794
v 324.000000 152.000000 8.264828
v 326.000000 152.000000 8.277975
v 356.000000 152.000000 8.060695
v 2.000000 154.000000 8.211983
v 0.000000 154.000000 8.117852
v 10.000000 154.000000 8.186173
v 12.000000 154.000000 8.272196
v 16.000000 154.000000 8.219924
v 18.000000 154.000000 8.447993
v 20.000000 154.000000 8.026470
v 24.000000 154.000000 8.187679
v 26.000000 154.000000 8.438805
v 28.000000 154.000000 8.186921
v 32.000000 154.000000 8.367958
v 34.000000 154.000000 8.727380
v 36.000000 154.000000 8.237595
v 42.000000 154.000000 8.177480
v 44.000000 154.000000 8.223334
v 46.000000 154.000000 8.134671
v 52.000000 154.000000 8.042955
v 54.000000 154.000000 8.518093
v 56.000000 154.000000 8.707212
v 58.000000 154.000000 8.176601
v 72.000000 154.000000 8.165293
v 74.000000 154.000000 8.152860
v 76.000000 154.000000 8.189971
v 78.000000 154.000000 8.198954
v 102.000000 154.000000 8.173596
v 106.000000 154.000000 8.039773
v 108.000000 154.000000 8.212211
v 116.000000 154.000000 8.174294
v 118.000000 154.000000 8.163624
v 122.000000 154.000000 8.057961
v 124.000000 154.000000 8.262446
v 126.000000 154.000000 8.076323
v 132.000000 154.000000 8.200643
v 134.000000 154.000000 8.550997
v 136.000000 154.000000 8.634634
v 138.000000 154.000000 8.258595
v 144.000000 154.000000 8.018322
v 146.000000 154.000000 8.400249
v 148.000000 154.000000 8.405796
v 150.000000 154.000000 8.149952
v 152.000000 154.000000 8.376306
v 154.000000 154.000000 8.438693
v 160.000000 154.000000 8.055403
v 162.000000 154.000000 8.529272
v 164.000000 154.000000 8.667233
v 166.000000 154.000000 8.315503
v 168.000000 154.000000 8.420988
v 170.000000 154.000000 8.046803
v 178.000000 154.000000 8.073333
v 180.000000 154.000000 8.066406
v 182.000000 154.000000 8.517147
v 184.000000 154.000000 8.630635
v 190.000000 154.000000 8.023820
v 192.000000 154.000000 8.681825
v 194.000000 154.000000 8.670449
v 196.000000 154.000000 8.806941
v 198.000000 154.000000 8.753420
v 206.000000 154.000000 8.130077
v 208.000000 154.000000 8.098643
v 212.000000 154.000000 8.333032
v 214.000000 154.000000 8.980869
v 216.000000 154.000000 8.891194
v 218.000000 154.000000 8.181928
v 222.000000 154.000000 8.663918
v 224.000000 154.000000 9.730383
v 226.000000 154.000000 9.824411
v 228.000000 154.000000 8.940727
v 234.000000 154.000000 8.547541
v 236.000000 154.000000 9.086156
v 238.000000 154.000000 8.615799
v 244.000000 154.000000 8.075131
v 252.000000 154.000000 8.810081
v 254.000000 154.000000 8.675580
v 256.000000 154.000000 8.327224
v 258.000000 154.000000 8.492468
v 272.000000 154.000000 8.203310
v 274.000000 154.000000 8.093965
v 282.000000 154.000000 8.532935
v 284.000000 154.000000 8.408386
v 286.000000 154.000000 8.698395
v 288.000000 154.000000 8.796357
v 302.000000 154.000000 8.627696
v 304.000000 154.000000 9.052275
v 306.000000 154.000000 8.546450
v 312.000000 154.000000 9.004631
v 314.000000 154.000000 9.876740
v 316.000000 154.000000 9.683440
v 318.000000 154.000000 8.648690
v 322.000000 154.000000 8.122692
v 324.000000 154.000000 8.891870
v 326.000000 154.000000 8.834741
v 328.000000 154.000000 8.228244
v 332.000000 154.000000 8.162769
v 334.000000 154.000000 8.089435
v 342.000000 154.000000 8.031605
v 344.000000 154.000000 8.188792
v 346.000000 154.000000 8.226453
v 348.000000 154.000000 8.573960
v 356.000000 154.000000 8.700114
v 358.000000 154.000000 8.512130
v 360.000000 154.000000 8.117852
v 2.000000 156.000000 8.400170
v 0.000000 156.000000 8.339070
v 4.000000 156.000000 8.109550
v 10.000000 156.000000 8.317485
v 12.000000 156.000000 8.506180
v 14.000000 156.000000 8.606423
v 16.000000 156.000000 8.923880
v 18.000000 156.000000 8.816438
v 20.000000 156.000000 8.432309
v 22.000000 156.000000 8.467209
v 24.000000 156.000000 8.634565
v 26.000000 156.000000 8.764247
v 28.000000 156.000000 8.658084
v 30.000000 156.000000 8.401715
v 32.000000 156.000000 8.741742
v 34.000000 156.000000 9.086507
v 36.000000 156.000000 8.871984
v 38.000000 156.000000 8.514342
v 40.000000 156.000000 8.615654
v 42.000000 156.000000 9.010632
v 44.000000 156.000000 9.128424
v 46.000000 156.000000 9.051620
v 48.000000 156.000000 8.717532
v 50.000000 156.000000 8.493918
v 52.000000 156.000000 8.561302
v 54.000000 156.000000 9.121012
v 56.000000 156.000000 9.471704
v 58.000000 156.000000 9.252743
v 60.000000 156.000000 8.719777
v 62.000000 156.000000 8.610199
v 64.000000 156.000000 8.410292
v 66.000000 156.000000 8.162111
v 68.000000 156.000000 8.221765
v 70.000000 156.000000 8.542418
v 72.000000 156.000000 8.795739
v 74.000000 156.000000 8.726225
v 76.000000 156.000000 8.787408
v 78.000000 156.000000 8.856066
v 80.000000 156.000000 8.423882
v 86.000000 156.000000 8.408830
v 88.000000 156.000000 8.630446
v 90.000000 156.000000 8.675833
v 92.000000 156.000000 8.676329
v 94.000000 156.000000 8.232149
v 100.000000 156.000000 8.543387
v 102.000000 156.000000 8.934868
v 104.000000 156.000000 8.719139
v 106.000000 156.000000 8.765082
v 108.000000 156.000000 8.888396
v 110.000000 156.000000 8.337857
v 114.000000 156.000000 8.186832
v 116.000000 156.000000 8.564954
v 118.000000 156.000000 8.747334
v 120.000000 156.000000 8.503532
v 122.000000 156.000000 8.855456
v 124.000000 156.000000 9.272503
v 126.000000 156.000000 8.910746
v 128.000000 156.000000 8.369052
v 130.000000 156.000000 8.527415
v 132.000000 156.000000 8.789149
v 134.000000 156.000000 9.067649
v 136.000000 156.000000 8.992393
v 138.000000 156.000000 8.711829
v 140.000000 156.000000 8.424474
v 142.000000 156.000000 8.182696
v 144.000000 156.000000 8.281410
v 146.000000 156.000000 8.514647
v 148.000000 156.000000 8.532788
v 150.000000 156.000000 8.451337
v 152.000000 156.000000 8.483014
v 154.000000 156.000000 8.659354
v 156.000000 156.000000 8.298357
v 158.000000 156.000000 8.214199
v 160.000000 156.000000 8.482518
v 162.000000 156.000000 9.082197
v 164.000000 156.000000 9.412506
v 166.000000 156.000000 9.095310
v 168.000000 156.000000 8.845025
v 170.000000 156.000000 8.485430
v 176.000000 156.000000 8.132243
v 178.000000 156.000000 8.541826
v 180.000000 156.000000 8.599343
v 182.000000 156.000000 8.907616
v 184.000000 156.000000 8.959574
v 186.000000 156.000000 8.066918
v 190.000000 156.000000 8.492549
v 192.000000 156.000000 9.352128
v 194.000000 156.000000 9.253995
v 196.000000 156.000000 9.418613
v 198.000000 156.000000 9.352607
v 200.000000 156.000000 8.560477
v 202.000000 156.000000 8.050450
v 204.000000 156.000000 8.106889
v 206.000000 156.000000 8.646116
v 208.000000 156.000000 8.682028
v 210.000000 156.000000 8.506355
v 212.000000 156.000000 9.124161
v 214.000000 156.000000 9.796029
v 216.000000 156.000000 9.640354
v 218.000000 156.000000 8.925385
v 220.000000 156.000000 8.555079
v 222.000000 156.000000 9.391871
v 223.129623 156.000000 10.000000
v 224.000000 154.709366 10.000000
v 226.000000 154.374344 10.000000
v 228.000000 156.000000 9.733150
v 227.479370 156.000000 10.000000
v 230.000000 156.000000 8.541012
v 232.000000 156.000000 8.514989
v 234.000000 156.000000 9.335515
v 236.000000 156.000000 9.883266
v 238.000000 156.000000 9.446502
v 240.000000 156.000000 8.572539
v 242.000000 156.000000 8.547114
v 244.000000 156.000000 8.730959
v 246.000000 156.000000 8.164237
v 250.000000 156.000000 8.507634
v 252.000000 156.000000 9.445048
v 254.000000 156.000000 9.265827
v 256.000000 156.000000 8.977736
v 258.000000 156.000000 9.070549
v 260.000000 156.000000 8.542770
v 266.000000 156.000000 8.452152
v 268.000000 156.000000 8.922006
v 270.000000 156.000000 8.542075
v 272.000000 156.000000 8.809433
v 274.000000 156.000000 8.751060
v 280.000000 156.000000 8.579758
v 282.000000 156.000000 9.234997
v 284.000000 156.000000 9.171125
v 286.000000 156.000000 9.339614
v 288.000000 156.000000 9.504647
v 290.000000 156.000000 8.549514
v 296.000000 156.000000 8.340287
v 298.000000 156.000000 8.593402
v 300.000000 156.000000 8.619703
v 302.000000 156.000000 9.326179
v 304.000000 156.000000 9.669790
v 306.000000 156.000000 9.199453
v 308.000000 156.000000 8.511078
v 310.000000 156.000000 8.570503
v 312.000000 156.000000 9.838564
v 312.299408 156.000000 10.000000
v 314.000000 154.229340 10.000000
v 316.000000 154.670074 10.000000
v 318.000000 156.000000 9.411860
v 317.015472 156.000000 10.000000
v 320.000000 156.000000 8.656666
v 322.000000 156.000000 9.016201
v 324.000000 156.000000 9.668785
v 326.000000 156.000000 9.596064
v 328.000000 156.000000 9.103494
v 330.000000 156.000000 8.649232
v 332.000000 156.000000 8.938576
v 334.000000 156.000000 8.842937
v 336.000000 156.000000 8.040160
v 338.000000 156.000000 8.145516
v 340.000000 156.000000 8.735286
v 342.000000 156.000000 8.913537
v 344.000000 156.000000 9.074186
v 346.000000 156.000000 9.319869
v 348.000000 156.000000 9.529153
v 350.000000 156.000000 8.609550
v 354.000000 156.000000 8.326216
v 356.000000 156.000000 8.735461
v 358.000000 156.000000 8.665387
v 360.000000 156.000000 8.339070
v 16.000000 158.000000 8.121904
v 18.000000 158.000000 8.169705
v 26.000000 158.000000 8.074436
v 32.000000 158.000000 8.120074
v 34.000000 158.000000 8.299592
v 36.000000 158.000000 8.077315
v 42.000000 158.000000 8.323063
v 44.000000 158.000000 8.577389
v 46.000000 158.000000 8.522962
v 48.000000 158.000000 8.106122
v 54.000000 158.000000 8.210871
v 56.000000 158.000000 8.680418
v 58.000000 158.000000 8.636687
v 60.000000 158.000000 8.150319
v 62.000000 158.000000 8.061897
v 72.000000 158.000000 8.222746
v 74.000000 158.000000 8.248449
v 76.000000 158.000000 8.265708
v 78.000000 158.000000 8.273046
v 90.000000 158.000000 8.084668
v 92.000000 158.000000 8.065387
v 102.000000 158.000000 8.214655
v 104.000000 158.000000 8.303822
v 106.000000 158.000000 8.325895
v 108.000000 158.000000 8.248446
v 122.000000 158.000000 8.280218
v 124.000000 158.000000 8.525210
v 126.000000 158.000000 8.145721
v 132.000000 158.000000 8.186385
v 134.000000 158.000000 8.288221
v 136.000000 158.000000 8.343624
v 138.000000 158.000000 8.075935
v 152.000000 158.000000 8.044523
v 162.000000 158.000000 8.388101
v 164.000000 158.000000 8.640462
v 166.000000 158.000000 8.481506
v 168.000000 158.000000 8.378827
v 182.000000 158.000000 8.279549
v 184.000000 158.000000 8.357552
v 192.000000 158.000000 8.662327
v 194.000000 158.000000 8.697430
v 196.000000 158.000000 8.829351
v 198.000000 158.000000 8.858869
v 200.000000 158.000000 8.072858
v 212.000000 158.000000 8.460267
v 214.000000 158.000000 9.125145
v 216.000000 158.000000 8.936301
v 218.000000 158.000000 8.144702
v 222.000000 158.000000 8.560014
v 224.000000 157.498856 10.000000
v 224.000000 158.000000 9.835233
v 226.000000 157.939575 10.000000
v 226.000000 158.000000 9.975545
v 228.000000 158.000000 8.778690
v 234.000000 158.000000 8.739033
v 236.000000 158.000000 9.181008
v 238.000000 158.000000 8.686858
v 242.000000 158.000000 8.061676
v 244.000000 158.000000 8.081066
v 252.000000 158.000000 8.801589
v 254.000000 158.000000 8.559544
v 256.000000 158.000000 8.243115
v 258.000000 158.000000 8.473126
v 268.000000 158.000000 8.161254
v 272.000000 158.000000 8.273989
v 274.000000 158.000000 8.153233
v 280.000000 158.000000 8.006641
v 282.000000 158.000000 8.646554
v 284.000000 158.000000 8.507093
v 286.000000 158.000000 8.891076
v 288.000000 158.000000 9.037073
v 290.000000 158.000000 8.010923
v 300.000000 158.000000 8.083837
v 302.000000 158.000000 8.826691
v 304.000000 158.000000 9.167618
v 306.000000 158.000000 8.546977
v 312.000000 158.000000 8.978349
v 314.000000 157.914429 10.000000
v 314.000000 158.000000 9.956345
v 316.000000 157.341049 10.000000
v 316.000000 158.000000 9.689285
v 318.000000 158.000000 8.603058
v 320.000000 158.000000 8.033066
v 322.000000 158.000000 8.376847
v 324.000000 158.000000 9.053660
v 326.000000 158.000000 8.973585
v 328.000000 158.000000 8.368853
v 332.000000 158.000000 8.222937
v 334.000000 158.000000 8.025271
v 340.000000 158.000000 8.092438
v 342.000000 158.000000 8.353414
v 344.000000 158.000000 8.381190
v 346.000000 158.000000 8.484367
v 348.000000 158.000000 8.572959
v 356.000000 158.000000 8.108877
v 2.000000 160.000000 8.623791
v 0.000000 160.000000 8.421864
v 4.000000 160.000000 8.449001
v 10.000000 160.000000 8.432874
v 12.000000 160.000000 8.757215
v 14.000000 160.000000 8.523880
v 16.000000 160.000000 8.580071
v 18.000000 160.000000 8.800014
v 20.000000 160.000000 8.440611
v 22.000000 160.000000 8.224279
v 24.000000 160.000000 8.699787
v 26.000000 160.000000 9.003345
v 28.000000 160.000000 8.736060
v 30.000000 160.000000 8.424140
v 32.000000 160.000000 8.814268
v 34.000000 160.000000 8.982608
v 36.000000 160.000000 8.766590
v 38.000000 160.000000 8.460526
v 40.000000 160.000000 8.407411
v 42.000000 160.000000 8.652470
v 44.000000 160.000000 8.762056
v 46.000000 160.000000 8.862272
v 48.000000 160.000000 8.679820
v 50.000000 160.000000 8.451715
v 52.000000 160.000000 8.371854
v 54.000000 160.000000 8.734796
v 56.000000 160.000000 9.020227
v 58.000000 160.000000 8.956539
v 60.000000 160.000000 8.422741
v 62.000000 160.000000 8.239279
v 64.000000 160.000000 8.189805
v 66.000000 160.000000 8.142216
v 68.000000 160.000000 8.160139
v 70.000000 160.000000 8.443519
v 72.000000 160.000000 8.640156
v 74.000000 160.000000 8.661456
v 76.000000 160.000000 8.652092
v 78.000000 160.000000 8.580807
v 80.000000 160.000000 8.454385
v 86.000000 160.000000 8.148001
v 88.000000 160.000000 8.394232
v 90.000000 160.000000 8.401161
v 92.000000 160.000000 8.327906
v 94.000000 160.000000 8.066483
v 100.000000 160.000000 8.447380
v 102.000000 160.000000 8.590398
v 104.000000 160.000000 8.603266
v 106.000000 160.000000 8.499206
v 108.000000 160.000000 8.490641
v 110.000000 160.000000 8.426902
v 112.000000 160.000000 8.072583
v 114.000000 160.000000 8.184813
v 116.000000 160.000000 8.654817
v 118.000000 160.000000 8.801892
v 120.000000 160.000000 8.448306
v 122.000000 160.000000 8.814838
v 124.000000 160.000000 8.928421
v 126.000000 160.000000 8.893155
v 128.000000 160.000000 8.418721
v 130.000000 160.000000 8.435148
v 132.000000 160.000000 8.927192
v 134.000000 160.000000 9.081758
v 136.000000 160.000000 9.147552
v 138.000000 160.000000 8.945525
v 140.000000 160.000000 8.407166
v 142.000000 160.000000 8.103080
v 144.000000 160.000000 8.271403
v 146.000000 160.000000 8.685796
v 148.000000 160.000000 8.819004
v 150.000000 160.000000 8.466681
v 152.000000 160.000000 8.675885
v 154.000000 160.000000 8.860488
v 156.000000 160.000000 8.341240
v 158.000000 160.000000 8.067489
v 160.000000 160.000000 8.440509
v 162.000000 160.000000 8.962345
v 164.000000 160.000000 9.178318
v 166.000000 160.000000 9.049122
v 168.000000 160.000000 8.974504
v 170.000000 160.000000 8.438352
v 178.000000 160.000000 8.255598
v 180.000000 160.000000 8.449714
v 182.000000 160.000000 8.723498
v 184.000000 160.000000 8.795826
v 190.000000 160.000000 8.413270
v 192.000000 160.000000 9.078091
v 194.000000 160.000000 9.181097
v 196.000000 160.000000 9.369692
v 198.000000 160.000000 9.284558
v 200.000000 160.000000 8.432864
v 206.000000 160.000000 8.282675
v 208.000000 160.000000 8.400487
v 210.000000 160.000000 8.454499
v 212.000000 160.000000 9.082588
v 214.000000 160.000000 9.782097
v 216.000000 160.000000 9.590908
v 218.000000 160.000000 8.830786
v 220.000000 160.000000 8.430196
v 222.000000 160.000000 9.287659
v 223.217239 160.000000 10.000000
v 224.000000 158.502304 10.000000
v 226.000000 158.063766 10.000000
v 228.000000 160.000000 9.659973
v 227.337189 160.000000 10.000000
v 230.000000 160.000000 8.430294
v 232.000000 160.000000 8.311104
v 234.000000 160.000000 9.070947
v 236.000000 160.000000 9.653402
v 238.000000 160.000000 9.217315
v 240.000000 160.000000 8.424971
v 242.000000 160.000000 8.552926
v 244.000000 160.000000 8.698367
v 246.000000 160.000000 8.046548
v 250.000000 160.000000 8.390604
v 252.000000 160.000000 9.183088
v 254.000000 160.000000 9.030072
v 256.000000 160.000000 8.810738
v 258.000000 160.000000 9.079473
v 260.000000 160.000000 8.444796
v 266.000000 160.000000 8.196767
v 268.000000 160.000000 8.492892
v 270.000000 160.000000 8.442394
v 272.000000 160.000000 8.871956
v 274.000000 160.000000 8.761778
v 280.000000 160.000000 8.453719
v 282.000000 160.000000 9.052597
v 284.000000 160.000000 8.953150
v 286.000000 160.000000 9.274669
v 288.000000 160.000000 9.592947
v 290.000000 160.000000 8.430849
v 296.000000 160.000000 8.187666
v 298.000000 160.000000 8.316461
v 300.000000 160.000000 8.450852
v 302.000000 160.000000 9.218901
v 304.000000 160.000000 9.749722
v 306.000000 160.000000 9.099729
v 308.000000 160.000000 8.264953
v 310.000000 160.000000 8.421684
v 312.000000 160.000000 9.597299
v 313.012390 160.000000 10.000000
v 314.000000 158.188965 10.000000
v 316.000000 159.406219 10.000000
v 318.000000 160.000000 9.220265
v 316.274658 160.000000 10.000000
v 320.000000 160.000000 8.458600
v 322.000000 160.000000 8.772799
v 324.000000 160.000000 9.426329
v 326.000000 160.000000 9.396338
v 328.000000 160.000000 8.804581
v 330.000000 160.000000 8.418186
v 332.000000 160.000000 8.485042
v 334.000000 160.000000 8.292098
v 340.000000 160.000000 8.420570
v 342.000000 160.000000 8.919540
v 344.000000 160.000000 9.018005
v 346.000000 160.000000 9.115717
v 348.000000 160.000000 9.150195
v 350.000000 160.000000 8.445354
v 354.000000 160.000000 8.218678
v 356.000000 160.000000 9.054606
v 358.000000 160.000000 8.841752
v 360.000000 160.000000 8.421864
v 34.000000 12.000000 10.210512
v 36.000000 12.000000 10.239817
v 38.000000 12.000000 10.223632
v 40.000000 12.000000 10.009422
v 42.000000 12.000000 10.035867
v 44.000000 12.000000 10.264348
v 46.000000 12.000000 10.411263
v 48.000000 12.000000 10.256612
v 50.000000 12.000000 10.148581
v 52.000000 12.000000 10.268225
v 54.000000 12.000000 10.718724
v 56.000000 12.000000 10.675445
v 58.000000 12.000000 10.399729
v 60.000000 12.000000 10.108383
v 62.000000 12.000000 10.290895
v 64.000000 12.000000 10.353027
v 66.000000 12.000000 10.007150
v 70.000000 12.000000 10.009295
v 72.000000 12.000000 10.473403
v 74.000000 12.000000 10.075799
v 78.000000 12.000000 10.338604
v 80.000000 12.000000 10.174890
v 86.000000 12.000000 10.064768
v 88.000000 12.000000 10.231052
v 90.000000 12.000000 10.297683
v 92.000000 12.000000 10.775501
v 94.000000 12.000000 10.982678
v 96.000000 12.000000 10.150246
v 100.000000 12.000000 10.438172
v 102.000000 12.000000 10.612734
v 104.000000 12.000000 10.295486
v 106.000000 12.000000 10.732347
v 108.000000 12.000000 10.979518
v 110.000000 12.000000 10.570372
v 114.000000 12.000000 10.318590
v 116.000000 12.000000 10.707018
v 118.000000 12.000000 10.583342
v 120.000000 12.000000 10.418555
v 122.000000 12.000000 10.904677
v 124.000000 12.000000 11.314379
v 126.000000 12.000000 10.712300
v 128.000000 12.000000 10.222342
v 130.000000 12.000000 10.292543
v 132.000000 12.000000 10.521377
v 134.000000 12.000000 10.565192
v 136.000000 12.000000 10.361370
v 138.000000 12.000000 10.229009
v 140.000000 12.000000 10.077551
v 142.000000 12.000000 10.192042
v 144.000000 12.000000 10.210774
v 212.000000 12.000000 10.013028
v 214.000000 12.000000 10.203581
v 56.000000 14.000000 10.007781
v 92.000000 14.000000 10.044012
v 94.000000 14.000000 10.004210
v 106.000000 14.000000 10.115770
v 108.000000 14.000000 10.251405
v 110.000000 14.000000 10.020120
v 116.000000 14.000000 10.047933
v 122.000000 14.000000 10.379164
v 124.000000 14.000000 10.508026
v 90.000000 18.000000 10.198841
v 92.000000 18.000000 10.414363
v 100.000000 18.000000 10.158773
v 102.000000 18.000000 10.270607
v 104.000000 18.000000 10.433319
v 106.000000 18.000000 10.740224
v 108.000000 18.000000 10.725108
v 110.000000 18.000000 10.010790
v 114.000000 18.000000 10.166204
v 116.000000 18.000000 10.361530
v 118.000000 18.000000 10.163416
v 120.000000 18.000000 10.059799
v 122.000000 18.000000 10.466584
v 124.000000 18.000000 10.828701
v 126.000000 18.000000 10.142621
v 72.000000 20.000000 10.190782
v 76.000000 20.000000 10.461720
v 78.000000 20.000000 10.907137
v 80.000000 20.000000 10.487125
v 82.000000 20.000000 10.019680
v 84.000000 20.000000 10.135158
v 86.000000 20.000000 10.459698
v 88.000000 20.000000 10.907063
v 90.000000 20.000000 11.460403
v 92.000000 20.000000 11.867631
v 94.000000 20.000000 11.119652
v 96.000000 20.000000 10.704784
v 98.000000 20.000000 11.137321
v 100.000000 20.000000 11.727077
v 102.000000 20.000000 11.706562
v 104.000000 20.000000 11.917937
v 104.270752 20.000000 12.000000
v 106.000000 19.433571 12.000000
v 108.000000 19.370461 12.000000
v 110.000000 20.000000 11.600378
v 109.199776 20.000000 12.000000
v 112.000000 20.000000 11.209438
v 114.000000 20.000000 11.289109
v 116.000000 20.000000 11.136135
v 118.000000 20.000000 10.999016
v 120.000000 20.000000 11.142615
v 122.000000 20.000000 11.655664
v 124.000000 20.000000 11.843142
v 126.000000 20.000000 11.032578
v 128.000000 20.000000 10.460468
v 130.000000 20.000000 10.677732
v 132.000000 20.000000 11.129786
v 134.000000 20.000000 10.650390
v 138.000000 20.000000 10.007588
v 56.000000 22.000000 10.022986
v 72.000000 22.000000 10.456218
v 76.000000 22.000000 10.289327
v 78.000000 22.000000 10.903600
v 80.000000 22.000000 10.731927
v 82.000000 22.000000 10.220854
v 84.000000 22.000000 10.240562
v 86.000000 22.000000 10.570164
v 88.000000 22.000000 10.870212
v 90.000000 22.000000 11.600729
v 92.000000 22.000000 11.589025
v 94.000000 22.000000 10.950243
v 96.000000 22.000000 10.769211
v 98.000000 22.000000 11.265486
v 100.000000 22.000000 11.672040
v 102.000000 22.000000 11.341052
v 104.000000 22.000000 11.474299
v 105.082733 22.000000 12.000000
v 110.000000 22.000000 11.201873
v 108.369713 22.000000 12.000000
v 112.000000 22.000000 11.138602
v 114.000000 22.000000 11.180266
v 116.000000 22.000000 10.956991
v 118.000000 22.000000 10.895599
v 120.000000 22.000000 11.124938
v 122.000000 22.000000 11.566218
v 124.000000 22.000000 11.732015
v 126.000000 22.000000 10.861788
v 128.000000 22.000000 10.113873
v 130.000000 22.000000 10.403728
v 132.000000 22.000000 10.699719
v 134.000000 22.000000 10.577451
v 136.000000 22.000000 10.217517
v 140.000000 22.000000 10.097742
v 142.000000 22.000000 10.089228
v 144.000000 22.000000 10.091060
v 146.000000 22.000000 10.012330
v 214.000000 22.000000 10.034938
v 54.000000 24.000000 10.420929
v 56.000000 24.000000 10.359693
v 58.000000 24.000000 10.239447
v 60.000000 24.000000 10.051372
v 70.000000 24.000000 10.989131
v 72.000000 24.000000 11.753992
v 74.000000 24.000000 11.277389
v 76.000000 24.000000 11.838317
v 77.163010 24.000000 12.000000
v 78.000000 23.842211 12.000000
v 80.000000 24.000000 11.703297
v 78.548218 24.000000 12.000000
v 82.000000 24.000000 10.802191
v 84.000000 24.000000 10.928211
v 86.000000 24.000000 11.464069
v 88.000000 24.000000 11.778224
v 88.850868 24.000000 12.000000
v 90.000000 23.148840 12.000000
v 92.000000 23.687880 12.000000
v 94.000000 24.000000 11.634221
v 92.376556 24.000000 12.000000
v 96.000000 24.000000 11.311642
v 98.000000 24.000000 11.876986
v 98.319183 24.000000 12.000000
v 100.000000 22.718611 12.000000
v 102.000000 23.248110 12.000000
v 104.000000 22.735907 12.000000
v 110.000000 23.626371 12.000000
v 112.000000 24.000000 11.898204
v 111.339127 24.000000 12.000000
v 114.000000 24.000000 11.759484
v 116.000000 24.000000 11.287666
v 118.000000 24.000000 11.222566
v 120.000000 24.000000 11.841430
v 120.488930 24.000000 12.000000
v 122.000000 22.974808 12.000000
v 124.000000 22.819868 12.000000
v 126.000000 24.000000 11.170823
v 124.630562 24.000000 12.000000
v 128.000000 24.000000 10.636773
v 130.000000 24.000000 10.957592
v 132.000000 24.000000 11.311121
v 134.000000 24.000000 11.044683
v 136.000000 24.000000 10.824756
v 138.000000 24.000000 10.577625
v 140.000000 24.000000 10.339858
v 142.000000 24.000000 10.412910
v 144.000000 24.000000 10.358495
v 146.000000 24.000000 10.120934
v 32.000000 26.000000 10.118222
v 34.000000 26.000000 10.622489
v 36.000000 26.000000 10.566667
v 38.000000 26.000000 10.251307
v 40.000000 26.000000 10.321750
v 42.000000 26.000000 11.374419
v 43.474834 26.000000 12.000000
v 44.000000 25.844751 12.000000
v 46.000000 25.684311 12.000000
v 48.000000 26.000000 11.577596
v 47.081722 26.000000 12.000000
v 50.000000 26.000000 11.153028
v 52.000000 26.000000 11.833757
v 52.371803 26.000000 12.000000
v 54.000000 25.420382 12.000000
v 56.000000 25.428257 12.000000
v 58.000000 25.621359 12.000000
v 60.000000 25.769291 12.000000
v 62.000000 25.780510 12.000000
v 64.000000 26.000000 11.815376
v 63.278797 26.000000 12.000000
v 66.000000 26.000000 11.581470
v 66.909241 26.000000 12.000000
v 68.000000 25.682884 12.000000
v 70.000000 24.849743 12.000000
v 72.000000 24.222448 12.000000
v 74.000000 24.451456 12.000000
v 76.000000 24.094933 12.000000
v 80.000000 24.191620 12.000000
v 82.000000 24.865437 12.000000
v 84.000000 24.799379 12.000000
v 86.000000 24.372700 12.000000
v 88.000000 24.139732 12.000000
v 94.000000 24.240114 12.000000
v 96.000000 24.477047 12.000000
v 98.000000 24.080500 12.000000
v 112.000000 24.072680 12.000000
v 114.000000 24.162651 12.000000
v 116.000000 24.490456 12.000000
v 118.000000 24.553638 12.000000
v 120.000000 24.111279 12.000000
v 126.000000 24.637808 12.000000
v 128.000000 25.022100 12.000000
v 130.000000 24.774897 12.000000
v 132.000000 24.504505 12.000000
v 134.000000 24.712074 12.000000
v 136.000000 24.917599 12.000000
v 138.000000 25.217552 12.000000
v 140.000000 25.613041 12.000000
v 142.000000 25.620996 12.000000
v 144.000000 25.834843 12.000000
v 146.000000 26.000000 11.649870
v 144.653793 26.000000 12.000000
v 148.000000 26.000000 11.365078
v 150.000000 26.000000 11.182148
v 152.000000 26.000000 11.022911
v 154.000000 26.000000 10.370457
v 156.000000 26.000000 10.131139
v 158.000000 26.000000 10.264488
v 160.000000 26.000000 10.289006
v 162.000000 26.000000 10.508354
v 164.000000 26.000000 10.195118
v 168.000000 26.000000 10.087007
v 14.000000 28.000000 10.175410
v 16.000000 28.000000 10.543970
v 18.000000 28.000000 10.661305
v 20.000000 28.000000 10.139395
v 26.000000 28.000000 10.196126
v 28.000000 28.000000 10.530509
v 30.000000 28.000000 10.872288
v 32.000000 28.000000 11.724580
v 32.859806 28.000000 12.000000
v 34.000000 27.631201 12.000000
v 36.000000 27.935032 12.000000
v 38.000000 28.000000 11.857272
v 36.571514 28.000000 12.000000
v 40.000000 28.000000 11.988333
v 40.026276 28.000000 12.000000
v 42.000000 26.883089 12.000000
v 48.000000 26.538774 12.000000
v 50.000000 27.123066 12.000000
v 52.000000 26.193523 12.000000
v 64.000000 26.175173 12.000000
v 66.000000 26.433369 12.000000
v 146.000000 26.478403 12.000000
v 148.000000 27.075975 12.000000
v 150.000000 27.556622 12.000000
v 152.000000 28.000000 11.969893
v 151.779770 28.000000 12.000000
v 154.000000 28.000000 11.553751
v 156.000000 28.000000 11.495380
v 158.000000 28.000000 11.668059
v 160.000000 28.000000 11.362683
v 162.000000 28.000000 11.694064
v 164.000000 28.000000 11.448844
v 166.000000 28.000000 11.018334
v 168.000000 28.000000 10.807188
v 170.000000 28.000000 10.505620
v 178.000000 28.000000 10.108582
v 180.000000 28.000000 10.068053
v 182.000000 28.000000 10.309049
v 184.000000 28.000000 10.386594
v 186.000000 28.000000 10.125342
v 214.000000 28.000000 10.363524
v 216.000000 28.000000 10.037627
v 16.000000 30.000000 10.022251
v 30.000000 30.000000 10.225365
v 32.000000 30.000000 11.011259
v 34.000000 28.853058 12.000000
v 34.000000 30.000000 11.543648
v 36.000000 28.157646 12.000000
v 36.000000 30.000000 11.382395
v 38.000000 30.000000 10.839206
v 40.000000 30.000000 11.123096
v 41.712547 30.000000 12.000000
v 148.000000 30.000000 11.985589
v 147.939072 30.000000 12.000000
v 148.000000 29.951456 12.000000
v 150.000000 28.929771 12.000000
v 150.000000 30.000000 11.727290
v 152.000000 30.000000 11.380814
v 154.000000 30.000000 11.032116
v 156.000000 30.000000 11.245912
v 158.000000 30.000000 11.053644
v 160.000000 30.000000 10.717449
v 162.000000 30.000000 11.055718
v 164.000000 30.000000 10.964978
v 166.000000 30.000000 10.409864
v 168.000000 30.000000 10.281219
v 170.000000 30.000000 10.008742
v 184.000000 30.000000 10.083349
v 214.000000 30.000000 10.005905
v 32.000000 32.000000 10.328909
v 34.000000 32.000000 10.581073
v 36.000000 32.000000 10.033407
v 40.000000 32.000000 10.102050
v 42.000000 30.296017 12.000000
v 42.000000 32.000000 11.143782
v 43.476189 32.000000 12.000000
v 48.000000 32.000000 11.605407
v 46.716125 32.000000 12.000000
v 48.000000 31.337351 12.000000
v 50.000000 30.793320 12.000000
v 50.000000 32.000000 11.392470
v 51.699341 32.000000 12.000000
v 66.000000 32.000000 11.901962
v 65.503693 32.000000 12.000000
v 66.000000 31.857170 12.000000
v 66.248505 32.000000 12.000000
v 140.000000 32.000000 11.665394
v 138.947739 32.000000 12.000000
v 140.000000 31.559040 12.000000
v 142.000000 31.359785 12.000000
v 142.000000 32.000000 11.478586
v 144.000000 31.371012 12.000000
v 144.000000 32.000000 11.480841
v 146.000000 30.560675 12.000000
v 146.000000 32.000000 10.884298
v 148.000000 32.000000 10.615936
v 150.000000 32.000000 10.442307
v 152.000000 32.000000 10.082014
v 16.000000 34.000000 10.692631
v 18.000000 34.000000 10.595089
v 20.000000 34.000000 10.106360
v 22.000000 34.000000 10.243830
v 24.000000 34.000000 10.363083
v 26.000000 34.000000 10.553000
v 28.000000 34.000000 10.697807
v 30.000000 34.000000 10.948993
v 31.196474 34.000000 12.000000
v 32.000000 33.462372 12.000000
v 34.000000 33.207016 12.000000
v 36.000000 34.000000 11.715364
v 35.577858 34.000000 12.000000
v 38.000000 34.000000 11.388680
v 40.000000 34.000000 11.613682
v 40.593834 34.000000 12.000000
v 42.000000 32.969509 12.000000
v 48.000000 32.394894 12.000000
v 50.000000 32.638920 12.000000
v 66.000000 32.085423 12.000000
v 140.000000 32.349636 12.000000
v 142.000000 32.542606 12.000000
v 144.000000 32.644566 12.000000
v 146.000000 33.343338 12.000000
v 148.000000 33.891991 12.000000
v 150.000000 34.000000 11.757097
v 148.549042 34.000000 12.000000
v 152.000000 34.000000 11.519137
v 154.000000 34.000000 11.076065
v 156.000000 34.000000 11.122605
v 158.000000 34.000000 10.926835
v 160.000000 34.000000 10.384180
v 162.000000 34.000000 10.609192
v 164.000000 34.000000 10.757619
v 166.000000 34.000000 10.083567
v 0.893189 36.000000 12.000000
v 0.000000 36.000000 11.278686
v 2.000000 35.583836 12.000000
v 4.000000 36.000000 11.635275
v 3.424506 36.000000 12.000000
v 6.000000 36.000000 10.661970
v 8.000000 36.000000 11.143966
v 9.556182 36.000000 12.000000
v 10.000000 35.865818 12.000000
v 12.000000 35.769634 12.000000
v 14.000000 35.467766 12.000000
v 16.000000 34.824162 12.000000
v 18.000000 34.854782 12.000000
v 20.000000 35.310490 12.000000
v 22.000000 35.372231 12.000000
v 24.000000 35.241253 12.000000
v 26.000000 35.125675 12.000000
v 28.000000 34.940453 12.000000
v 30.000000 34.668388 12.000000
v 36.000000 34.191402 12.000000
v 38.000000 34.376091 12.000000
v 40.000000 34.232014 12.000000
v 150.000000 34.148045 12.000000
v 152.000000 34.274231 12.000000
v 154.000000 34.479416 12.000000
v 156.000000 34.488739 12.000000
v 158.000000 34.603291 12.000000
v 160.000000 34.976574 12.000000
v 162.000000 34.865875 12.000000
v 164.000000 34.847057 12.000000
v 166.000000 35.501698 12.000000
v 168.000000 35.693405 12.000000
v 170.000000 35.681046 12.000000
v 172.000000 36.000000 11.706153
v 171.248978 36.000000 12.000000
v 174.000000 36.000000 10.719710
v 176.000000 36.000000 11.146442
v 178.000000 36.000000 11.797074
v 180.000000 36.000000 11.844701
v 182.000000 36.000000 11.970170
v 182.166229 36.000000 12.000000
v 184.000000 35.790154 12.000000
v 186.000000 36.000000 11.974248
v 185.849411 36.000000 12.000000
v 188.000000 36.000000 11.183439
v 190.000000 36.000000 11.183844
v 192.000000 36.000000 11.709429
v 194.000000 36.000000 11.744259
v 196.000000 36.000000 11.374137
v 198.000000 36.000000 11.375606
v 200.000000 36.000000 11.160738
v 202.000000 36.000000 10.371352
v 204.000000 36.000000 10.094665
v 206.000000 36.000000 10.564548
v 208.000000 36.000000 10.862512
v 210.000000 36.000000 10.883318
v 212.000000 36.000000 10.824788
v 214.000000 36.000000 11.367138
v 216.000000 36.000000 11.385579
v 218.000000 36.000000 10.812894
v 220.000000 36.000000 10.653067
v 222.000000 36.000000 10.809936
v 224.000000 36.000000 11.016454
v 226.000000 36.000000 11.214724
v 228.000000 36.000000 11.121798
v 230.000000 36.000000 10.379315
v 234.000000 36.000000 10.005705
v 236.000000 36.000000 10.457064
v 238.000000 36.000000 10.606148
v 240.000000 36.000000 10.038431
v 252.000000 36.000000 10.265884
v 254.000000 36.000000 10.437153
v 256.000000 36.000000 10.394432
v 284.000000 36.000000 10.067469
v 306.000000 36.000000 10.044395
v 314.000000 36.000000 10.340283
v 316.000000 36.000000 10.873221
v 318.000000 36.000000 10.159472
v 324.000000 36.000000 10.246847
v 326.000000 36.000000 10.526878
v 332.000000 36.000000 10.020753
v 342.000000 36.000000 10.271633
v 344.000000 36.000000 10.056542
v 346.000000 36.000000 10.772213
v 348.000000 36.000000 11.001643
v 350.000000 36.000000 10.446011
v 352.000000 36.000000 10.232674
v 354.000000 36.000000 10.674920
v 356.000000 36.000000 11.165994
v 358.000000 36.000000 10.825727
v 360.000000 36.000000 11.278686
v 0.000000 36.782959 12.000000
v 4.000000 36.411182 12.000000
v 6.000000 37.606747 12.000000
v 8.000000 36.846581 12.000000
v 172.000000 36.486599 12.000000
v 174.000000 38.000000 11.931456
v 173.862076 38.000000 12.000000
v 174.248657 38.000000 12.000000
v 176.000000 37.281021 12.000000
v 178.000000 36.281921 12.000000
v 180.000000 36.223568 12.000000
v 182.000000 36.039051 12.000000
v 186.000000 36.038593 12.000000
v 188.000000 37.300579 12.000000
v 190.000000 37.412918 12.000000
v 192.000000 36.452919 12.000000
v 194.000000 36.448414 12.000000
v 196.000000 37.064369 12.000000
v 198.000000 36.909687 12.000000
v 200.000000 37.178413 12.000000
v 202.000000 38.000000 11.858722
v 201.642609 38.000000 12.000000
v 204.000000 38.000000 11.497149
v 205.962769 38.000000 12.000000
v 206.000000 37.988255 12.000000
v 208.000000 37.538826 12.000000
v 210.000000 37.507759 12.000000
v 212.000000 37.828827 12.000000
v 214.000000 36.818954 12.000000
v 216.000000 36.762486 12.000000
v 218.000000 37.660339 12.000000
v 220.000000 37.961014 12.000000
v 222.000000 37.768646 12.000000
v 224.000000 37.616608 12.000000
v 226.000000 37.438927 12.000000
v 228.000000 37.730068 12.000000
v 230.000000 38.000000 11.528676
v 228.457672 38.000000 12.000000
v 232.000000 38.000000 11.109833
v 234.000000 38.000000 11.246717
v 236.000000 38.000000 11.719686
v 238.000000 38.000000 11.845151
v 240.000000 38.000000 11.343328
v 242.000000 38.000000 10.576487
v 244.000000 38.000000 10.423203
v 246.000000 38.000000 10.500060
v 248.000000 38.000000 10.592851
v 250.000000 38.000000 10.854668
v 252.000000 38.000000 11.458346
v 254.000000 38.000000 11.658766
v 256.000000 38.000000 11.532384
v 258.000000 38.000000 10.841137
v 260.000000 38.000000 10.637478
v 262.000000 38.000000 10.174385
v 268.000000 38.000000 10.686987
v 270.000000 38.000000 10.493477
v 272.000000 38.000000 10.092257
v 280.000000 38.000000 10.375645
v 282.000000 38.000000 10.912887
v 284.000000 38.000000 11.077862
v 286.000000 38.000000 10.565227
v 288.000000 38.000000 10.459434
v 290.000000 38.000000 10.432293
v 298.000000 38.000000 10.033614
v 300.000000 38.000000 10.399775
v 302.000000 38.000000 10.473404
v 304.000000 38.000000 10.838120
v 306.000000 38.000000 11.252783
v 308.000000 38.000000 10.856420
v 310.000000 38.000000 10.427186
v 312.000000 38.000000 10.651304
v 314.000000 38.000000 11.745922
v 314.820801 38.000000 12.000000
v 316.000000 37.565884 12.000000
v 318.000000 38.000000 11.476106
v 316.796539 38.000000 12.000000
v 320.000000 38.000000 10.548142
v 322.000000 38.000000 10.645535
v 324.000000 38.000000 11.506974
v 326.000000 38.000000 11.898624
v 328.000000 38.000000 11.088359
v 330.000000 38.000000 10.864663
v 332.000000 38.000000 11.288538
v 334.000000 38.000000 10.970899
v 336.000000 38.000000 10.061162
v 338.000000 38.000000 10.267134
v 340.000000 38.000000 11.404169
v 342.000000 38.000000 11.711800
v 344.000000 38.000000 11.768852
v 344.440155 38.000000 12.000000
v 346.000000 37.227192 12.000000
v 348.000000 36.868740 12.000000
v 350.000000 37.691628 12.000000
v 352.000000 38.000000 11.718989
v 351.100586 38.000000 12.000000
v 352.749512 38.000000 12.000000
v 354.000000 37.512306 12.000000
v 356.000000 36.831135 12.000000
v 358.000000 37.264473 12.000000
v 360.000000 36.782959 12.000000
v 6.000000 40.000000 11.269175
v 4.840524 40.000000 12.000000
v 6.000000 38.679096 12.000000
v 7.156032 40.000000 12.000000
v 172.000000 40.000000 11.555066
v 171.270859 40.000000 12.000000
v 172.000000 39.358006 12.000000
v 174.000000 40.000000 10.728665
v 176.000000 38.891029 12.000000
v 176.000000 40.000000 11.385291
v 177.202621 40.000000 12.000000
v 180.000000 40.000000 11.984422
v 179.926804 40.000000 12.000000
v 180.000000 39.975876 12.000000
v 180.073120 40.000000 12.000000
v 188.000000 40.000000 11.329160
v 186.454285 40.000000 12.000000
v 188.000000 38.812080 12.000000
v 190.000000 38.751934 12.000000
v 190.000000 40.000000 11.369563
v 192.000000 39.553886 12.000000
v 192.000000 40.000000 11.683991
v 194.000000 39.420242 12.000000
v 194.000000 40.000000 11.595836
v 196.000000 38.889118 12.000000
v 196.000000 40.000000 11.242796
v 198.000000 39.120918 12.000000
v 198.000000 40.000000 11.377424
v 200.000000 38.953735 12.000000
v 200.000000 40.000000 11.312325
v 202.000000 40.000000 10.685260
v 204.000000 40.000000 10.328749
v 206.000000 38.016529 12.000000
v 206.000000 40.000000 10.885052
v 208.000000 38.656822 12.000000
v 208.000000 40.000000 11.227248
v 210.000000 38.666393 12.000000
v 210.000000 40.000000 11.230000
v 212.000000 38.237083 12.000000
v 212.000000 40.000000 11.111147
v 214.000000 39.666130 12.000000
v 214.000000 40.000000 11.802129
v 216.000000 39.791519 12.000000
v 216.000000 40.000000 11.876410
v 218.000000 38.498932 12.000000
v 218.000000 40.000000 11.225361
v 220.000000 38.056641 12.000000
v 220.000000 40.000000 11.000330
v 222.000000 38.242809 12.000000
v 222.000000 40.000000 10.825559
v 224.000000 38.321327 12.000000
v 224.000000 40.000000 10.747972
v 226.000000 38.420326 12.000000
v 226.000000 40.000000 10.852803
v 228.000000 38.204605 12.000000
v 228.000000 40.000000 10.817196
v 230.000000 40.000000 10.618248
v 232.000000 40.000000 10.122666
v 236.000000 40.000000 10.443722
v 238.000000 40.000000 10.825733
v 240.000000 40.000000 10.228280
v 252.000000 40.000000 10.342898
v 254.000000 40.000000 10.574671
v 256.000000 40.000000 10.029380
v 314.000000 40.000000 10.249349
v 316.000000 38.398705 12.000000
v 316.000000 40.000000 10.773586
v 318.000000 40.000000 10.066236
v 324.000000 40.000000 10.238288
v 326.000000 40.000000 10.610025
v 328.000000 40.000000 10.139178
v 332.000000 40.000000 10.139830
v 340.000000 40.000000 10.403889
v 342.000000 40.000000 10.676158
v 344.000000 40.000000 10.305271
v 346.000000 39.291187 12.000000
v 346.000000 40.000000 11.531690
v 347.301727 40.000000 12.000000
v 350.000000 40.000000 11.254912
v 348.492615 40.000000 12.000000
v 350.000000 38.620991 12.000000
v 352.000000 40.000000 10.789735
v 353.820618 40.000000 12.000000
v 6.000000 42.000000 10.638371
v 4.132246 42.000000 12.000000
v 8.000000 41.818596 12.000000
v 8.000000 42.000000 11.945233
v 8.082525 42.000000 12.000000
v 172.000000 42.000000 11.368808
v 170.956360 42.000000 12.000000
v 174.000000 42.000000 10.367398
v 176.000000 42.000000 11.269794
v 178.000000 40.957409 12.000000
v 178.000000 42.000000 11.580739
v 180.000000 42.000000 11.691399
v 181.081833 42.000000 12.000000
v 186.000000 42.000000 11.840984
v 185.713226 42.000000 12.000000
v 186.000000 41.113445 12.000000
v 188.000000 42.000000 10.930909
v 190.000000 42.000000 10.677691
v 192.000000 42.000000 10.935573
v 194.000000 42.000000 10.599440
v 196.000000 42.000000 10.381254
v 198.000000 42.000000 10.504532
v 200.000000 42.000000 10.332500
v 208.000000 42.000000 10.093740
v 210.000000 42.000000 10.033979
v 212.000000 42.000000 10.513943
v 214.000000 42.000000 11.053847
v 216.000000 42.000000 10.985394
v 218.000000 42.000000 10.381786
v 222.000000 42.000000 10.051848
v 224.000000 42.000000 10.112384
v 226.000000 42.000000 10.244020
v 228.000000 42.000000 10.122275
v 342.000000 42.000000 10.343904
v 346.000000 42.000000 10.511299
v 348.000000 40.342316 12.000000
v 348.000000 42.000000 10.908836
v 350.000000 42.000000 10.799789
v 352.000000 42.000000 10.651007
v 354.000000 41.972229 12.000000
v 354.000000 42.000000 11.998321
v 354.005798 42.000000 12.000000
v 358.000000 42.000000 11.924772
v 357.774902 42.000000 12.000000
v 358.000000 41.587498 12.000000
v 358.710083 42.000000 12.000000
v 6.000000 42.942200 12.000000
v 8.000000 42.044594 12.000000
v 172.000000 43.034939 12.000000
v 174.000000 44.000000 11.761216
v 173.481598 44.000000 12.000000
v 174.668961 44.000000 12.000000
v 176.000000 43.245934 12.000000
v 178.000000 42.745296 12.000000
v 180.000000 42.485428 12.000000
v 186.000000 42.207325 12.000000
v 188.000000 43.436768 12.000000
v 190.000000 43.804806 12.000000
v 192.000000 43.228031 12.000000
v 194.000000 43.477795 12.000000
v 196.000000 43.809235 12.000000
v 198.000000 43.877327 12.000000
v 200.000000 43.973370 12.000000
v 202.000000 44.000000 11.306064
v 200.073059 44.000000 12.000000
v 204.000000 44.000000 11.135407
v 206.000000 44.000000 11.552485
v 208.000000 44.000000 11.778264
v 210.000000 44.000000 11.853410
v 210.715210 44.000000 12.000000
v 212.000000 43.735443 12.000000
v 214.000000 43.040527 12.000000
v 216.000000 43.161816 12.000000
v 218.000000 43.690197 12.000000
v 220.000000 44.000000 11.942327
v 219.711304 44.000000 12.000000
v 222.000000 44.000000 11.852639
v 224.000000 44.000000 11.773490
v 226.000000 44.000000 11.917501
v 228.000000 44.000000 11.776365
v 230.000000 44.000000 11.721622
v 232.000000 44.000000 11.506058
v 234.000000 44.000000 11.114255
v 236.000000 44.000000 11.356030
v 238.000000 44.000000 11.714283
v 240.000000 44.000000 11.117259
v 242.000000 44.000000 10.453813
v 244.000000 44.000000 10.336735
v 246.000000 44.000000 10.578453
v 248.000000 44.000000 10.683088
v 250.000000 44.000000 10.794683
v 252.000000 44.000000 11.181967
v 254.000000 44.000000 11.424119
v 256.000000 44.000000 10.890117
v 258.000000 44.000000 10.338909
v 260.000000 44.000000 10.260679
v 262.000000 44.000000 10.143887
v 282.000000 44.000000 10.309315
v 284.000000 44.000000 10.413438
v 304.000000 44.000000 10.526045
v 306.000000 44.000000 11.002707
v 308.000000 44.000000 10.733469
v 310.000000 44.000000 10.165435
v 312.000000 44.000000 10.715459
v 314.000000 44.000000 11.737326
v 315.168915 44.000000 12.000000
v 316.000000 43.872280 12.000000
v 318.000000 44.000000 11.335113
v 316.446716 44.000000 12.000000
v 320.000000 44.000000 10.502851
v 322.000000 44.000000 10.535739
v 324.000000 44.000000 11.442075
v 326.000000 44.000000 11.935143
v 328.000000 44.000000 11.479207
v 330.000000 44.000000 11.412990
v 332.000000 44.000000 11.630187
v 334.000000 44.000000 11.537426
v 336.000000 44.000000 10.955893
v 338.000000 44.000000 11.276582
v 339.281555 44.000000 12.000000
v 340.000000 43.721874 12.000000
v 342.000000 43.483410 12.000000
v 344.000000 43.635921 12.000000
v 346.000000 43.204815 12.000000
v 348.000000 42.832565 12.000000
v 350.000000 42.972130 12.000000
v 352.000000 43.159279 12.000000
v 354.000000 42.001705 12.000000
v 358.000000 42.065880 12.000000
v 174.000000 44.209106 12.000000
v 202.000000 44.554405 12.000000
v 204.000000 44.695900 12.000000
v 206.000000 44.357159 12.000000
v 208.000000 44.169777 12.000000
v 210.000000 44.105698 12.000000
v 220.000000 44.042427 12.000000
v 222.000000 44.113232 12.000000
v 224.000000 44.178074 12.000000
v 226.000000 44.065361 12.000000
v 228.000000 44.167339 12.000000
v 230.000000 44.198494 12.000000
v 232.000000 44.334965 12.000000
v 234.000000 44.655724 12.000000
v 236.000000 44.520702 12.000000
v 238.000000 44.218994 12.000000
v 240.000000 44.574654 12.000000
v 242.000000 45.053669 12.000000
v 244.000000 45.192005 12.000000
v 246.000000 45.063160 12.000000
v 248.000000 44.933689 12.000000
v 250.000000 44.821968 12.000000
v 252.000000 44.668552 12.000000
v 254.000000 44.485981 12.000000
v 256.000000 44.821571 12.000000
v 258.000000 45.184578 12.000000
v 260.000000 45.224934 12.000000
v 262.000000 45.317352 12.000000
v 264.000000 45.689857 12.000000
v 266.000000 45.889153 12.000000
v 268.000000 45.573227 12.000000
v 270.000000 45.489120 12.000000
v 272.000000 45.586426 12.000000
v 274.000000 45.483189 12.000000
v 276.000000 45.412205 12.000000
v 278.000000 45.522743 12.000000
v 280.000000 45.620174 12.000000
v 282.000000 45.409588 12.000000
v 284.000000 45.219727 12.000000
v 286.000000 45.515381 12.000000
v 288.000000 45.602093 12.000000
v 290.000000 45.626266 12.000000
v 292.000000 45.949833 12.000000
v 294.000000 46.000000 11.449956
v 292.258118 46.000000 12.000000
v 296.000000 46.000000 11.575940
v 297.329315 46.000000 12.000000
v 298.000000 45.860088 12.000000
v 300.000000 45.655788 12.000000
v 302.000000 45.488400 12.000000
v 304.000000 45.063534 12.000000
v 306.000000 44.770344 12.000000
v 308.000000 45.010506 12.000000
v 310.000000 45.446419 12.000000
v 312.000000 45.125046 12.000000
v 314.000000 44.223648 12.000000
v 318.000000 44.464821 12.000000
v 320.000000 45.069717 12.000000
v 322.000000 45.144035 12.000000
v 324.000000 44.486137 12.000000
v 326.000000 44.066071 12.000000
v 328.000000 44.496437 12.000000
v 330.000000 44.458466 12.000000
v 332.000000 44.246674 12.000000
v 334.000000 44.315807 12.000000
v 336.000000 44.694721 12.000000
v 338.000000 44.481731 12.000000
v 294.000000 46.633785 12.000000
v 296.000000 46.503761 12.000000
v 92.000000 112.000000 11.736114
v 90.706909 112.000000 12.000000
v 92.000000 111.488396 12.000000
v 94.000000 111.329559 12.000000
v 94.000000 112.000000 11.649612
v 96.000000 111.674240 12.000000
v 96.000000 112.000000 11.773112
v 98.000000 111.984901 12.000000
v 98.000000 112.000000 11.989341
v 98.068314 112.000000 12.000000
v 88.000000 114.000000 11.988796
v 87.882027 114.000000 12.000000
v 88.000000 113.976685 12.000000
v 90.000000 112.515358 12.000000
v 90.000000 114.000000 11.566382
v 92.000000 114.000000 11.205788
v 94.000000 114.000000 11.094484
v 96.000000 114.000000 11.160612
v 98.000000 114.000000 11.141644
v 100.000000 112.653030 12.000000
v 100.000000 114.000000 11.400121
v 102.000000 112.904045 12.000000
v 102.000000 114.000000 11.474900
v 104.000000 112.587059 12.000000
v 104.000000 114.000000 11.253314
v 106.000000 113.226799 12.000000
v 106.000000 114.000000 11.585183
v 108.000000 113.724976 12.000000
v 108.000000 114.000000 11.848586
v 108.427994 114.000000 12.000000
v 64.000000 116.000000 11.645239
v 63.228893 116.000000 12.000000
v 64.000000 115.678574 12.000000
v 66.000000 115.245934 12.000000
v 66.000000 116.000000 11.333714
v 68.000000 115.439247 12.000000
v 68.000000 116.000000 11.416716
v 69.613319 116.000000 12.000000
v 72.000000 116.000000 11.711910
v 70.705444 116.000000 12.000000
v 72.000000 115.652138 12.000000
v 74.000000 115.430603 12.000000
v 74.000000 116.000000 11.466990
v 76.000000 115.672302 12.000000
v 76.000000 116.000000 11.683413
v 78.000000 115.329445 12.000000
v 78.000000 116.000000 11.368648
v 80.000000 114.483070 12.000000
v 80.000000 116.000000 10.769662
v 82.000000 114.662224 12.000000
v 82.000000 116.000000 11.038232
v 84.000000 114.602875 12.000000
v 84.000000 116.000000 10.929104
v 86.000000 114.177917 12.000000
v 86.000000 116.000000 10.422978
v 88.000000 116.000000 10.286458
v 110.000000 114.455116 12.000000
v 110.000000 116.000000 10.359471
v 112.000000 114.672318 12.000000
v 112.000000 116.000000 10.835361
v 114.000000 114.936012 12.000000
v 114.000000 116.000000 11.057462
v 116.000000 115.720505 12.000000
v 116.000000 116.000000 11.782984
v 116.793007 116.000000 12.000000
v 56.000000 118.000000 11.755711
v 54.771362 118.000000 12.000000
v 56.000000 117.734703 12.000000
v 58.000000 117.703316 12.000000
v 58.000000 118.000000 11.730540
v 60.000000 117.395233 12.000000
v 60.000000 118.000000 11.405399
v 62.000000 116.616570 12.000000
v 62.000000 118.000000 10.866975
v 64.000000 118.000000 10.000922
v 70.000000 116.114471 12.000000
v 70.000000 118.000000 10.094619
v 116.000000 118.000000 10.362409
v 118.000000 116.311920 12.000000
v 118.000000 118.000000 10.555075
v 120.000000 116.295815 12.000000
v 120.000000 118.000000 10.488411
v 122.000000 116.482178 12.000000
v 122.000000 118.000000 10.590319
v 124.000000 116.907516 12.000000
v 124.000000 118.000000 11.098906
v 126.000000 116.747398 12.000000
v 126.000000 118.000000 10.883445
v 128.000000 117.380302 12.000000
v 128.000000 118.000000 11.426349
v 129.181015 118.000000 12.000000
v 56.000000 119.255638 12.000000
v 58.000000 120.000000 11.932987
v 57.380409 120.000000 12.000000
v 60.000000 120.000000 11.639997
v 62.000000 120.000000 11.136619
v 64.000000 120.000000 10.271623
v 70.000000 120.000000 10.330178
v 72.000000 120.000000 10.175112
v 76.000000 120.000000 10.317275
v 78.000000 120.000000 10.573237
v 86.000000 120.000000 10.089435
v 116.000000 120.000000 10.352983
v 118.000000 120.000000 10.525242
v 120.000000 120.000000 10.432206
v 122.000000 120.000000 10.940035
v 124.000000 120.000000 11.427575
v 126.000000 120.000000 11.224642
v 128.000000 120.000000 11.492805
v 129.153427 120.000000 12.000000
v 58.000000 120.166130 12.000000
v 60.000000 121.118645 12.000000
v 62.000000 122.000000 11.609319
v 60.826263 122.000000 12.000000
v 64.000000 122.000000 10.935078
v 66.000000 122.000000 10.333669
v 68.000000 122.000000 10.441966
v 70.000000 122.000000 11.013458
v 72.000000 122.000000 11.199486
v 74.000000 122.000000 11.040604
v 76.000000 122.000000 11.575714
v 78.000000 122.000000 11.638590
v 80.000000 122.000000 10.713605
v 82.000000 122.000000 10.322371
v 84.000000 122.000000 10.552108
v 86.000000 122.000000 10.824196
v 88.000000 122.000000 10.459076
v 90.000000 122.000000 10.451231
v 92.000000 122.000000 10.132374
v 100.000000 122.000000 10.229644
v 102.000000 122.000000 10.199482
v 104.000000 122.000000 10.254842
v 106.000000 122.000000 10.853464
v 108.000000 122.000000 10.764193
v 110.000000 122.000000 10.385074
v 112.000000 122.000000 10.115905
v 114.000000 122.000000 10.290471
v 116.000000 122.000000 10.824665
v 118.000000 122.000000 10.919363
v 120.000000 122.000000 10.958392
v 122.000000 122.000000 11.632000
v 122.935387 122.000000 12.000000
v 124.000000 121.159035 12.000000
v 126.000000 121.743851 12.000000
v 128.000000 121.229156 12.000000
v 52.000000 124.000000 11.555469
v 50.474125 124.000000 12.000000
v 52.000000 123.569313 12.000000
v 54.000000 123.928314 12.000000
v 54.000000 124.000000 11.950559
v 54.541931 124.000000 12.000000
v 58.000000 124.000000 11.562210
v 56.434593 124.000000 12.000000
v 58.000000 123.220787 12.000000
v 60.000000 122.308998 12.000000
v 60.000000 124.000000 10.711637
v 62.000000 124.000000 10.354240
v 64.000000 124.000000 10.044298
v 70.000000 124.000000 10.150190
v 72.000000 124.000000 10.211161
v 76.000000 124.000000 10.166467
v 78.000000 124.000000 10.373937
v 86.000000 124.000000 10.000292
v 108.000000 124.000000 10.083355
v 116.000000 124.000000 10.218748
v 118.000000 124.000000 10.190802
v 120.000000 124.000000 10.052814
v 122.000000 124.000000 10.538852
v 124.000000 122.589973 12.000000
v 124.000000 124.000000 11.104075
v 126.000000 122.149574 12.000000
v 126.000000 124.000000 10.698374
v 128.000000 122.326485 12.000000
v 128.000000 124.000000 10.609107
v 130.000000 123.136292 12.000000
v 130.000000 124.000000 11.210008
v 131.360886 124.000000 12.000000
v 20.000000 126.000000 11.991332
v 19.983757 126.000000 12.000000
v 20.000000 125.995064 12.000000
v 22.000000 125.242020 12.000000
v 22.000000 126.000000 10.737588
v 24.000000 124.814430 12.000000
v 24.000000 126.000000 10.174296
v 26.000000 124.900040 12.000000
v 26.000000 126.000000 10.337729
v 28.000000 125.214348 12.000000
v 28.000000 126.000000 10.653938
v 30.000000 125.396507 12.000000
v 30.000000 126.000000 10.974243
v 32.000000 125.528999 12.000000
v 32.000000 126.000000 11.214839
v 34.000000 125.567535 12.000000
v 34.000000 126.000000 11.241967
v 36.000000 125.332588 12.000000
v 36.000000 126.000000 10.753228
v 38.000000 125.016937 12.000000
v 38.000000 126.000000 10.207566
v 40.000000 124.636070 12.000000
v 42.000000 124.378410 12.000000
v 44.000000 124.430183 12.000000
v 46.000000 124.529030 12.000000
v 48.000000 124.385956 12.000000
v 50.000000 124.063812 12.000000
v 56.000000 124.080353 12.000000
v 132.000000 124.215477 12.000000
v 134.000000 124.616646 12.000000
v 136.000000 124.479568 12.000000
v 138.000000 124.266808 12.000000
v 140.000000 124.235641 12.000000
v 142.000000 124.646736 12.000000
v 144.000000 125.034958 12.000000
v 144.000000 126.000000 10.433094
v 146.000000 125.077354 12.000000
v 146.000000 126.000000 10.529470
v 148.000000 125.224480 12.000000
v 148.000000 126.000000 10.875112
v 150.000000 125.278900 12.000000
v 150.000000 126.000000 11.012618
v 152.000000 124.837326 12.000000
v 152.000000 126.000000 10.414704
v 154.000000 124.296799 12.000000
v 156.000000 124.339485 12.000000
v 158.000000 125.126297 12.000000
v 158.000000 126.000000 10.689711
v 160.000000 125.998840 12.000000
v 160.000000 126.000000 11.998107
v 160.003174 126.000000 12.000000
v 172.000000 126.000000 11.591756
v 171.237076 126.000000 12.000000
v 172.000000 125.763741 12.000000
v 174.000000 125.653099 12.000000
v 174.000000 126.000000 11.414322
v 175.412903 126.000000 12.000000
v 186.000000 126.000000 11.929751
v 185.340500 126.000000 12.000000
v 186.000000 125.947624 12.000000
v 186.635300 126.000000 12.000000
v 0.000000 128.000000 11.870778
v 2.000000 127.683228 12.000000
v 2.000000 128.000000 11.652671
v 0.000000 127.860405 12.000000
v 4.000000 127.226753 12.000000
v 4.000000 128.000000 11.234596
v 6.000000 126.332138 12.000000
v 6.000000 128.000000 10.683499
v 8.000000 126.308212 12.000000
v 8.000000 128.000000 10.564967
v 10.000000 126.929298 12.000000
v 10.000000 128.000000 11.017498
v 12.000000 127.604019 12.000000
v 12.000000 128.000000 11.670658
v 14.000000 127.850677 12.000000
v 14.000000 128.000000 11.862140
v 16.000000 127.501305 12.000000
v 16.000000 128.000000 11.470985
v 18.000000 126.923241 12.000000
v 18.000000 128.000000 10.889179
v 20.000000 128.000000 10.040886
v 162.000000 126.861412 12.000000
v 162.000000 128.000000 10.751776
v 164.000000 127.966805 12.000000
v 164.000000 128.000000 11.960304
v 164.201691 128.000000 12.000000
v 168.000000 128.000000 11.483566
v 166.777832 128.000000 12.000000
v 168.000000 127.438553 12.000000
v 170.000000 126.565918 12.000000
v 170.000000 128.000000 10.565142
v 172.000000 128.000000 10.118983
v 176.000000 126.208595 12.000000
v 176.000000 128.000000 10.231292
v 178.000000 127.013069 12.000000
v 178.000000 128.000000 11.005851
v 180.000000 127.085625 12.000000
v 180.000000 128.000000 11.107228
v 182.000000 126.656197 12.000000
v 182.000000 128.000000 10.919586
v 184.000000 126.148247 12.000000
v 184.000000 128.000000 10.552947
v 186.000000 128.000000 10.209683
v 188.000000 126.116722 12.000000
v 188.000000 128.000000 10.004775
v 190.000000 127.639069 12.000000
v 190.000000 128.000000 11.675334
v 190.581558 128.000000 12.000000
v 200.000000 128.000000 11.776490
v 199.561340 128.000000 12.000000
v 200.000000 127.758850 12.000000
v 202.000000 126.711418 12.000000
v 202.000000 128.000000 10.979626
v 204.000000 126.683212 12.000000
v 204.000000 128.000000 10.955348
v 206.000000 127.480118 12.000000
v 206.000000 128.000000 11.530798
v 208.000000 127.756012 12.000000
v 208.000000 128.000000 11.762114
v 210.000000 127.864235 12.000000
v 210.000000 128.000000 11.902579
v 210.271835 128.000000 12.000000
v 230.000000 128.000000 11.477280
v 229.249039 128.000000 12.000000
v 230.000000 127.481064 12.000000
v 232.000000 127.739822 12.000000
v 232.000000 128.000000 11.736507
v 232.390167 128.000000 12.000000
v 240.000000 128.000000 11.948713
v 239.893967 128.000000 12.000000
v 240.000000 127.952446 12.000000
v 242.000000 127.676445 12.000000
v 242.000000 128.000000 11.626462
v 244.000000 127.764839 12.000000
v 244.000000 128.000000 11.720984
v 246.000000 127.231392 12.000000
v 246.000000 128.000000 11.234489
v 248.000000 127.004585 12.000000
v 248.000000 128.000000 10.997652
v 249.703094 128.000000 12.000000
v 262.000000 128.000000 10.483588
v 260.135437 128.000000 12.000000
v 262.000000 126.535454 12.000000
v 264.000000 126.731834 12.000000
v 264.000000 128.000000 10.436786
v 265.760590 128.000000 12.000000
v 276.000000 128.000000 10.865992
v 274.559265 128.000000 12.000000
v 276.000000 126.856438 12.000000
v 278.000000 126.702560 12.000000
v 278.000000 128.000000 10.720429
v 279.365906 128.000000 12.000000
v 292.000000 128.000000 11.456056
v 291.098999 128.000000 12.000000
v 292.000000 127.567810 12.000000
v 294.000000 127.541237 12.000000
v 294.000000 128.000000 11.423929
v 295.013397 128.000000 12.000000
v 352.000000 128.000000 10.910064
v 350.940338 128.000000 12.000000
v 352.000000 126.807373 12.000000
v 354.000000 126.422325 12.000000
v 354.000000 128.000000 11.010162
v 356.000000 126.856621 12.000000
v 356.000000 128.000000 11.008019
v 358.000000 127.402824 12.000000
v 358.000000 128.000000 11.437308
v 360.000000 127.860405 12.000000
v 360.000000 128.000000 11.870778
v 0.000000 128.283371 12.000000
v 2.000000 129.091232 12.000000
v 4.000000 129.878952 12.000000
v 6.000000 130.000000 11.694453
v 4.287486 130.000000 12.000000
v 8.000000 130.000000 11.404358
v 10.000000 130.000000 11.737125
v 10.623143 130.000000 12.000000
v 12.000000 128.742935 12.000000
v 14.000000 128.313187 12.000000
v 16.000000 129.904114 12.000000
v 18.000000 130.000000 11.339033
v 16.075590 130.000000 12.000000
v 20.000000 130.000000 10.745987
v 22.000000 130.000000 10.087055
v 26.000000 130.000000 10.035544
v 28.000000 130.000000 10.185370
v 34.000000 130.000000 10.010159
v 36.000000 130.000000 10.124318
v 160.000000 130.000000 10.049891
v 162.000000 130.000000 10.707885
v 164.000000 130.000000 11.630754
v 166.000000 129.958496 12.000000
v 166.000000 130.000000 11.993036
v 168.000000 130.000000 11.554620
v 170.000000 130.000000 10.482588
v 176.000000 130.000000 10.011992
v 178.000000 130.000000 10.638617
v 180.000000 130.000000 11.005719
v 182.000000 130.000000 11.116789
v 184.000000 130.000000 10.564053
v 190.000000 130.000000 11.282414
v 191.181198 130.000000 12.000000
v 200.000000 130.000000 11.381618
v 199.034149 130.000000 12.000000
v 202.000000 130.000000 10.554925
v 204.000000 130.000000 10.630448
v 206.000000 130.000000 11.066691
v 208.000000 130.000000 11.339013
v 210.000000 130.000000 11.693088
v 210.434921 130.000000 12.000000
v 220.000000 130.000000 11.889474
v 219.637253 130.000000 12.000000
v 220.000000 128.789551 12.000000
v 220.265839 130.000000 12.000000
v 230.000000 129.964691 12.000000
v 232.000000 128.970291 12.000000
v 240.000000 128.974213 12.000000
v 242.000000 130.000000 11.848375
v 240.516281 130.000000 12.000000
v 244.000000 130.000000 11.912196
v 246.000000 130.000000 11.353214
v 248.000000 130.000000 11.080880
v 249.494766 130.000000 12.000000
v 262.000000 130.000000 10.911491
v 260.656128 130.000000 12.000000
v 264.000000 130.000000 10.981542
v 265.355743 130.000000 12.000000
v 276.000000 130.000000 11.630635
v 275.591370 130.000000 12.000000
v 278.000000 130.000000 11.378707
v 278.743042 130.000000 12.000000
v 292.000000 129.546310 12.000000
v 294.000000 129.530777 12.000000
v 352.000000 130.000000 11.898812
v 351.872711 130.000000 12.000000
v 354.000000 130.000000 11.834078
v 356.000000 130.000000 11.858917
v 356.485962 130.000000 12.000000
v 358.000000 129.106674 12.000000
v 360.000000 128.283371 12.000000
v 6.000000 132.000000 11.604416
v 4.793101 132.000000 12.000000
v 8.000000 132.000000 11.529303
v 9.033407 132.000000 12.000000
v 10.000000 130.744217 12.000000
v 18.000000 131.955048 12.000000
v 20.000000 132.000000 11.194841
v 18.038906 132.000000 12.000000
v 22.000000 132.000000 10.528715
v 24.000000 132.000000 10.364395
v 26.000000 132.000000 10.495093
v 28.000000 132.000000 10.602337
v 30.000000 132.000000 10.591308
v 32.000000 132.000000 10.507177
v 34.000000 132.000000 10.552535
v 36.000000 132.000000 10.609007
v 38.000000 132.000000 10.354143
v 46.000000 132.000000 10.165915
v 132.000000 132.000000 10.009289
v 134.000000 132.000000 10.071589
v 160.000000 132.000000 10.225603
v 162.000000 132.000000 10.852059
v 164.000000 132.000000 11.833754
v 164.697968 132.000000 12.000000
v 166.000000 130.046402 12.000000
v 168.000000 132.000000 11.793797
v 167.194427 132.000000 12.000000
v 170.000000 132.000000 10.570011
v 178.000000 132.000000 10.329608
v 180.000000 132.000000 11.028891
v 182.000000 132.000000 11.473648
v 184.000000 132.000000 11.029045
v 186.000000 132.000000 10.007957
v 190.000000 132.000000 11.161489
v 191.353546 132.000000 12.000000
v 200.000000 132.000000 11.384730
v 198.975327 132.000000 12.000000
v 202.000000 132.000000 10.505453
v 204.000000 132.000000 10.327702
v 206.000000 132.000000 10.863426
v 208.000000 132.000000 11.237324
v 210.000000 132.000000 11.519295
v 210.587448 132.000000 12.000000
v 220.000000 132.000000 11.568985
v 218.667023 132.000000 12.000000
v 220.833542 132.000000 12.000000
v 240.000000 132.000000 11.980376
v 239.963394 132.000000 12.000000
v 240.000000 131.498962 12.000000
v 242.000000 132.000000 11.871179
v 244.000000 132.000000 11.886420
v 246.000000 132.000000 11.357495
v 248.000000 132.000000 11.165262
v 249.255844 132.000000 12.000000
v 262.000000 132.000000 11.033548
v 260.917816 132.000000 12.000000
v 264.000000 132.000000 11.265342
v 265.000580 132.000000 12.000000
v 276.000000 132.000000 11.731189
v 275.743896 132.000000 12.000000
v 278.000000 132.000000 11.568604
v 278.495636 132.000000 12.000000
v 352.000000 130.525940 12.000000
v 354.000000 131.281204 12.000000
v 356.000000 130.354965 12.000000
v 0.000000 134.000000 10.985576
v 2.000000 132.768784 12.000000
v 2.000000 134.000000 10.769721
v 0.000000 133.085983 12.000000
v 4.000000 132.199127 12.000000
v 4.000000 134.000000 10.023675
v 10.000000 132.365997 12.000000
v 10.000000 134.000000 10.367415
v 12.000000 133.096527 12.000000
v 12.000000 134.000000 11.002254
v 14.000000 133.150818 12.000000
v 14.000000 134.000000 11.047345
v 16.000000 132.770325 12.000000
v 16.000000 134.000000 10.807432
v 18.000000 132.016968 12.000000
v 18.000000 134.000000 10.467400
v 164.000000 134.000000 10.575064
v 166.000000 132.340622 12.000000
v 166.000000 134.000000 10.728003
v 168.000000 134.000000 10.357793
v 192.000000 132.500351 12.000000
v 192.000000 134.000000 10.858638
v 194.000000 132.794861 12.000000
v 194.000000 134.000000 11.016774
v 196.000000 133.444138 12.000000
v 196.000000 134.000000 11.519682
v 198.000000 132.685715 12.000000
v 198.000000 134.000000 11.001349
v 206.000000 134.000000 10.131293
v 208.000000 134.000000 10.456727
v 210.000000 134.000000 10.217888
v 212.000000 132.934052 12.000000
v 212.000000 134.000000 11.007959
v 214.000000 133.542175 12.000000
v 214.000000 134.000000 11.564129
v 216.000000 133.382156 12.000000
v 216.000000 134.000000 11.454294
v 218.000000 132.216141 12.000000
v 218.000000 134.000000 10.608462
v 220.000000 134.000000 10.167276
v 222.000000 132.931442 12.000000
v 222.000000 134.000000 11.410750
v 222.804260 134.000000 12.000000
v 228.000000 134.000000 11.701927
v 227.516785 134.000000 12.000000
v 228.000000 133.505325 12.000000
v 230.000000 132.044876 12.000000
v 230.000000 134.000000 10.488806
v 232.000000 132.415817 12.000000
v 232.000000 134.000000 10.578007
v 234.000000 133.071182 12.000000
v 234.000000 134.000000 11.172958
v 236.000000 133.717041 12.000000
v 236.000000 134.000000 11.783468
v 238.000000 133.106018 12.000000
v 238.000000 134.000000 11.277236
v 240.000000 134.000000 10.356743
v 242.000000 134.000000 10.228032
v 244.000000 134.000000 10.108088
v 250.000000 132.387894 12.000000
v 250.000000 134.000000 10.468301
v 252.000000 133.589157 12.000000
v 252.000000 134.000000 11.644556
v 254.000000 133.534485 12.000000
v 254.000000 134.000000 11.596455
v 256.000000 132.824615 12.000000
v 256.000000 134.000000 10.962288
v 258.000000 133.023727 12.000000
v 258.000000 134.000000 11.074623
v 260.000000 132.594971 12.000000
v 260.000000 134.000000 10.607515
v 266.000000 132.560623 12.000000
v 266.000000 134.000000 10.566797
v 268.000000 133.098282 12.000000
v 268.000000 134.000000 11.106032
v 270.000000 132.884018 12.000000
v 270.000000 134.000000 10.974678
v 272.000000 133.569656 12.000000
v 272.000000 134.000000 11.571286
v 274.000000 133.416214 12.000000
v 274.000000 134.000000 11.417182
v 280.000000 133.014420 12.000000
v 280.000000 134.000000 11.037610
v 282.000000 133.794189 12.000000
v 282.000000 134.000000 11.803722
v 284.000000 133.874741 12.000000
v 284.000000 134.000000 11.888138
v 284.948883 134.000000 12.000000
v 290.000000 134.000000 11.217499
v 288.125580 134.000000 12.000000
v 290.000000 133.223389 12.000000
v 292.000000 132.307129 12.000000
v 292.000000 134.000000 10.226258
v 294.000000 132.310715 12.000000
v 294.000000 134.000000 10.285385
v 296.000000 132.836273 12.000000
v 296.000000 134.000000 10.811857
v 298.000000 133.339905 12.000000
v 298.000000 134.000000 11.286248
v 300.000000 133.579529 12.000000
v 300.000000 134.000000 11.576273
v 301.792328 134.000000 12.000000
v 308.000000 134.000000 11.698113
v 307.056122 134.000000 12.000000
v 308.000000 133.725769 12.000000
v 310.000000 133.804977 12.000000
v 310.000000 134.000000 11.788486
v 310.382507 134.000000 12.000000
v 336.000000 134.000000 11.136270
v 334.261841 134.000000 12.000000
v 336.000000 133.341660 12.000000
v 338.000000 133.003983 12.000000
v 338.000000 134.000000 10.643130
v 340.000000 133.730545 12.000000
v 340.000000 134.000000 11.694061
v 340.551117 134.000000 12.000000
v 350.000000 134.000000 11.440064
v 349.124664 134.000000 12.000000
v 350.000000 133.500122 12.000000
v 352.000000 132.180847 12.000000
v 354.000000 132.068649 12.000000
v 356.000000 132.669754 12.000000
v 356.000000 134.000000 10.697900
v 358.000000 133.282150 12.000000
v 358.000000 134.000000 11.212384
v 360.000000 133.085983 12.000000
v 360.000000 134.000000 10.985576
v 214.000000 136.000000 10.105062
v 216.000000 136.000000 10.009708
v 222.000000 136.000000 10.025983
v 224.000000 135.147705 12.000000
v 224.000000 136.000000 11.380964
v 226.000000 135.136627 12.000000
v 226.000000 136.000000 11.345469
v 228.000000 136.000000 10.088058
v 286.000000 134.081390 12.000000
v 288.000000 134.042297 12.000000
v 302.000000 134.036560 12.000000
v 304.000000 134.442795 12.000000
v 304.000000 136.000000 10.404305
v 306.000000 134.256119 12.000000
v 306.000000 136.000000 10.091955
v 312.000000 134.662537 12.000000
v 312.000000 136.000000 10.472713
v 314.000000 135.684921 12.000000
v 314.000000 136.000000 11.652850
v 316.000000 135.733414 12.000000
v 316.000000 136.000000 11.706030
v 318.000000 134.809143 12.000000
v 318.000000 136.000000 10.560687
v 320.000000 134.128021 12.000000
v 322.000000 134.156067 12.000000
v 324.000000 134.625626 12.000000
v 324.000000 136.000000 10.478868
v 326.000000 134.707077 12.000000
v 326.000000 136.000000 10.465100
v 328.000000 134.314148 12.000000
v 330.000000 134.081680 12.000000
v 332.000000 134.245605 12.000000
v 334.000000 134.085861 12.000000
v 342.000000 134.606094 12.000000
v 342.000000 136.000000 10.444912
v 344.000000 134.723175 12.000000
v 344.000000 136.000000 10.523368
v 346.000000 134.632156 12.000000
v 346.000000 136.000000 10.520832
v 348.000000 134.642685 12.000000
v 348.000000 136.000000 10.713345
v 224.000000 138.000000 10.919325
v 226.000000 138.000000 10.887022
v 314.000000 138.000000 11.176495
v 316.000000 138.000000 11.030564
v 224.000000 140.000000 10.645817
v 226.000000 140.000000 10.604913
v 314.000000 140.000000 11.043223
v 316.000000 140.000000 10.858836
v 314.000000 142.000000 10.503766
v 316.000000 142.000000 10.512716
v 226.000000 144.000000 10.030358
v 316.000000 144.000000 10.158807
v 56.000000 146.000000 10.265178
v 196.000000 146.000000 10.085043
v 214.000000 146.000000 10.104165
v 216.000000 146.000000 10.058113
v 224.000000 146.000000 11.148561
v 226.000000 146.000000 11.183770
v 228.000000 146.000000 10.060972
v 236.000000 146.000000 10.159805
v 304.000000 146.000000 10.300297
v 314.000000 146.000000 11.207294
v 316.000000 146.000000 11.148366
v 348.000000 146.000000 10.011166
v 2.000000 148.000000 10.072310
v 10.000000 148.000000 10.044714
v 12.000000 148.000000 10.305139
v 16.000000 148.000000 10.227765
v 18.000000 148.000000 10.373145
v 20.000000 148.000000 10.090695
v 24.000000 148.000000 10.140036
v 26.000000 148.000000 10.328208
v 28.000000 148.000000 10.227974
v 32.000000 148.000000 10.347363
v 34.000000 148.000000 10.797004
v 36.000000 148.000000 10.472678
v 44.000000 148.000000 10.100157
v 46.000000 148.000000 10.154403
v 52.000000 148.000000 10.065413
v 54.000000 148.000000 10.658458
v 56.000000 148.000000 10.829307
v 58.000000 148.000000 10.314993
v 118.000000 148.000000 10.040531
v 124.000000 148.000000 10.302727
v 126.000000 148.000000 10.203897
v 132.000000 148.000000 10.053335
v 134.000000 148.000000 10.390978
v 136.000000 148.000000 10.070050
v 162.000000 148.000000 10.288738
v 164.000000 148.000000 10.506106
v 166.000000 148.000000 10.284265
v 168.000000 148.000000 10.025905
v 182.000000 148.000000 10.118233
v 184.000000 148.000000 10.106750
v 192.000000 148.000000 10.478748
v 194.000000 148.000000 10.689252
v 196.000000 148.000000 10.834724
v 198.000000 148.000000 10.661132
v 212.000000 148.000000 10.058910
v 214.000000 148.000000 10.739457
v 216.000000 148.000000 10.758066
v 222.000000 148.000000 10.613188
v 224.000000 148.000000 11.876205
v 226.000000 148.000000 11.959184
v 228.000000 148.000000 10.767222
v 234.000000 148.000000 10.217177
v 236.000000 148.000000 10.815155
v 238.000000 148.000000 10.217152
v 252.000000 148.000000 10.418233
v 254.000000 148.000000 10.396992
v 256.000000 148.000000 10.125046
v 258.000000 148.000000 10.142374
v 272.000000 148.000000 10.157213
v 282.000000 148.000000 10.275130
v 284.000000 148.000000 10.215961
v 286.000000 148.000000 10.505488
v 288.000000 148.000000 10.530280
v 302.000000 148.000000 10.276088
v 304.000000 148.000000 10.979912
v 306.000000 148.000000 10.647830
v 312.000000 148.000000 10.521379
v 314.000000 148.000000 11.835142
v 316.000000 148.000000 11.866323
v 318.000000 148.000000 10.515714
v 324.000000 148.000000 10.693391
v 326.000000 148.000000 10.744511
v 328.000000 148.000000 10.031055
v 342.000000 148.000000 10.300606
v 344.000000 148.000000 10.461205
v 346.000000 148.000000 10.602002
v 348.000000 148.000000 10.870547
v 356.000000 148.000000 10.227719
v 358.000000 148.000000 10.215236
v 224.000000 150.000000 10.509129
v 226.000000 150.000000 10.546963
v 314.000000 150.000000 10.242628
v 316.000000 150.000000 10.283817
v 224.000000 156.000000 10.495756
v 226.000000 156.000000 10.793849
v 314.000000 156.000000 11.017431
v 316.000000 156.000000 10.672713
v 224.000000 160.000000 10.493227
v 226.000000 160.000000 10.728639
v 314.000000 160.000000 10.442867
v 316.000000 160.000000 10.142310
v 106.000000 20.000000 12.534853
v 108.000000 20.000000 12.654411
v 106.000000 22.000000 12.452189
v 108.000000 22.000000 12.205348
v 78.000000 24.000000 12.107896
v 90.000000 24.000000 12.325390
v 92.000000 24.000000 12.084823
v 100.000000 24.000000 12.650924
v 102.000000 24.000000 12.459717
v 104.000000 24.000000 13.044290
v 106.000000 24.000000 13.662207
v 108.000000 24.000000 13.328589
v 110.000000 24.000000 12.232762
v 122.000000 24.000000 12.540658
v 124.000000 24.000000 12.452609
v 44.000000 26.000000 12.269387
v 46.000000 26.000000 12.538417
v 54.000000 26.000000 12.795674
v 56.000000 26.000000 12.810936
v 58.000000 26.000000 12.522581
v 60.000000 26.000000 12.344753
v 62.000000 26.000000 12.328974
v 68.000000 26.000000 12.549673
v 69.871231 26.000000 14.000000
v 70.000000 25.946676 14.000000
v 72.000000 25.578096 14.000000
v 74.000000 25.425516 14.000000
v 76.000000 25.122955 14.000000
v 78.000000 25.038733 14.000000
v 80.000000 25.257257 14.000000
v 82.000000 25.921345 14.000000
v 84.000000 25.942137 14.000000
v 86.000000 25.511621 14.000000
v 88.000000 25.207376 14.000000
v 90.000000 24.872299 14.000000
v 92.000000 24.998447 14.000000
v 94.000000 25.350336 14.000000
v 96.000000 25.534653 14.000000
v 98.000000 25.173498 14.000000
v 100.000000 24.701389 14.000000
v 102.000000 24.679398 14.000000
v 104.000000 24.435223 14.000000
v 106.000000 24.165764 14.000000
v 108.000000 24.333321 14.000000
v 110.000000 24.853710 14.000000
v 112.000000 25.237759 14.000000
v 114.000000 25.248369 14.000000
v 116.000000 25.592125 14.000000
v 118.000000 25.647112 14.000000
v 120.000000 25.287493 14.000000
v 122.000000 24.897654 14.000000
v 124.000000 25.006159 14.000000
v 126.000000 25.748697 14.000000
v 128.000000 26.000000 13.948150
v 127.833542 26.000000 14.000000
v 128.348831 26.000000 14.000000
v 130.000000 25.891565 14.000000
v 132.000000 25.626617 14.000000
v 134.000000 25.764938 14.000000
v 136.000000 26.000000 13.925386
v 135.750244 26.000000 14.000000
v 138.000000 26.000000 13.205638
v 140.000000 26.000000 12.528662
v 142.000000 26.000000 12.502764
v 144.000000 26.000000 12.205865
v 34.000000 28.000000 12.406490
v 36.000000 28.000000 12.059912
v 42.000000 28.000000 13.032409
v 43.776474 28.000000 14.000000
v 44.000000 27.877583 14.000000
v 46.000000 27.564430 14.000000
v 48.000000 28.000000 13.374662
v 46.838314 28.000000 14.000000
v 50.000000 28.000000 12.806051
v 52.000000 28.000000 13.906683
v 52.132816 28.000000 14.000000
v 54.000000 27.015749 14.000000
v 56.000000 27.005947 14.000000
v 58.000000 27.434742 14.000000
v 60.000000 27.610331 14.000000
v 62.000000 27.552053 14.000000
v 64.000000 27.798689 14.000000
v 66.000000 28.000000 13.836617
v 65.282417 28.000000 14.000000
v 66.558319 28.000000 14.000000
v 68.000000 27.584351 14.000000
v 128.000000 26.048269 14.000000
v 136.000000 26.091133 14.000000
v 138.000000 27.121815 14.000000
v 140.000000 28.000000 13.771514
v 139.482132 28.000000 14.000000
v 142.000000 28.000000 13.863348
v 144.000000 28.000000 13.870625
v 146.000000 28.000000 13.428363
v 148.000000 28.000000 12.633456
v 150.000000 28.000000 12.255675
v 42.000000 30.000000 12.160423
v 44.000000 28.351572 14.000000
v 44.000000 30.000000 13.478961
v 46.000000 29.210573 14.000000
v 46.000000 30.000000 13.709315
v 48.000000 30.000000 12.898967
v 50.000000 30.000000 12.466159
v 52.000000 30.000000 13.500084
v 52.705292 30.000000 14.000000
v 64.000000 30.000000 13.861203
v 62.292854 30.000000 14.000000
v 64.000000 29.346027 14.000000
v 66.000000 30.000000 13.449188
v 67.943939 30.000000 14.000000
v 138.000000 30.000000 13.738719
v 137.564438 30.000000 14.000000
v 138.000000 29.451824 14.000000
v 140.000000 30.000000 13.353062
v 142.000000 30.000000 13.202271
v 144.000000 30.000000 13.211257
v 146.000000 30.000000 12.481244
v 44.000000 32.000000 12.333967
v 46.000000 32.000000 12.242666
v 52.000000 32.000000 12.121367
v 54.000000 31.093430 14.000000
v 54.000000 32.000000 13.276544
v 56.000000 31.405615 14.000000
v 56.000000 32.000000 13.530157
v 58.000000 30.635841 14.000000
v 58.000000 32.000000 13.116693
v 60.000000 30.147396 14.000000
v 60.000000 32.000000 12.591476
v 62.000000 30.028990 14.000000
v 62.000000 32.000000 12.562015
v 64.000000 32.000000 12.296519
v 68.000000 30.022280 14.000000
v 68.000000 32.000000 12.715567
v 69.263458 32.000000 14.000000
v 128.000000 32.000000 13.323308
v 126.431305 32.000000 14.000000
v 128.000000 31.305613 14.000000
v 130.000000 31.268148 14.000000
v 130.000000 32.000000 13.250516
v 131.044006 32.000000 14.000000
v 136.000000 32.000000 12.953538
v 134.060532 32.000000 14.000000
v 136.000000 30.884285 14.000000
v 138.000000 32.000000 12.350395
v 32.000000 34.000000 12.818820
v 34.000000 34.000000 13.285505
v 42.000000 34.000000 13.031962
v 43.536427 34.000000 14.000000
v 44.000000 33.709480 14.000000
v 46.000000 33.463417 14.000000
v 48.000000 34.000000 13.874896
v 47.690445 34.000000 14.000000
v 50.000000 34.000000 13.659942
v 50.402050 34.000000 14.000000
v 52.000000 33.224476 14.000000
v 54.000000 32.434933 14.000000
v 56.000000 32.370888 14.000000
v 58.000000 32.843903 14.000000
v 60.000000 33.203850 14.000000
v 62.000000 33.292347 14.000000
v 64.000000 33.500542 14.000000
v 66.000000 33.570541 14.000000
v 68.000000 32.836296 14.000000
v 128.000000 32.477886 14.000000
v 130.000000 32.534035 14.000000
v 136.000000 32.799492 14.000000
v 138.000000 33.297188 14.000000
v 140.000000 33.906063 14.000000
v 142.000000 34.000000 13.735446
v 140.675903 34.000000 14.000000
v 144.000000 34.000000 13.302627
v 146.000000 34.000000 12.653082
v 148.000000 34.000000 12.095437
v 2.000000 36.000000 13.077905
v 10.000000 36.000000 12.291448
v 12.000000 36.000000 12.517561
v 14.000000 36.000000 13.109705
v 15.054747 36.000000 14.000000
v 16.000000 35.705013 14.000000
v 18.000000 35.687492 14.000000
v 20.000000 36.000000 13.372959
v 19.129589 36.000000 14.000000
v 22.000000 36.000000 13.216381
v 24.000000 36.000000 13.424367
v 26.000000 36.000000 13.635104
v 27.547043 36.000000 14.000000
v 28.000000 35.953617 14.000000
v 30.000000 35.609188 14.000000
v 32.000000 34.587345 14.000000
v 34.000000 34.364227 14.000000
v 36.000000 35.224026 14.000000
v 38.000000 35.326641 14.000000
v 40.000000 35.144829 14.000000
v 42.000000 34.528431 14.000000
v 48.000000 34.062519 14.000000
v 50.000000 34.170071 14.000000
v 142.000000 34.115021 14.000000
v 144.000000 34.313824 14.000000
v 146.000000 34.600929 14.000000
v 148.000000 34.909626 14.000000
v 150.000000 35.133144 14.000000
v 152.000000 35.238369 14.000000
v 154.000000 35.346775 14.000000
v 156.000000 35.362743 14.000000
v 158.000000 35.518387 14.000000
v 160.000000 35.920891 14.000000
v 162.000000 35.813156 14.000000
v 164.000000 35.862041 14.000000
v 166.000000 36.000000 12.749493
v 164.363632 36.000000 14.000000
v 168.000000 36.000000 12.474977
v 170.000000 36.000000 12.530395
v 184.000000 36.000000 12.339438
v 0.658757 38.000000 14.000000
v 0.000000 38.000000 13.358596
v 2.000000 36.830048 14.000000
v 4.000000 38.000000 13.722089
v 3.654349 38.000000 14.000000
v 6.000000 38.000000 12.384083
v 8.000000 38.000000 13.502254
v 8.664181 38.000000 14.000000
v 10.000000 37.296146 14.000000
v 12.000000 37.162212 14.000000
v 14.000000 36.705021 14.000000
v 20.000000 36.546829 14.000000
v 22.000000 36.683903 14.000000
v 24.000000 36.464657 14.000000
v 26.000000 36.293381 14.000000
v 166.000000 37.866310 14.000000
v 168.000000 37.980972 14.000000
v 170.000000 37.765930 14.000000
v 172.000000 38.000000 12.957205
v 170.305450 38.000000 14.000000
v 176.000000 38.000000 12.503833
v 178.000000 38.000000 13.380542
v 180.000000 38.000000 13.295912
v 182.000000 38.000000 13.548474
v 183.481949 38.000000 14.000000
v 184.000000 37.826740 14.000000
v 186.000000 38.000000 13.413915
v 184.425797 38.000000 14.000000
v 188.000000 38.000000 12.443478
v 190.000000 38.000000 12.346012
v 192.000000 38.000000 13.045209
v 194.000000 38.000000 12.909242
v 196.000000 38.000000 12.540270
v 198.000000 38.000000 12.749846
v 200.000000 38.000000 12.592545
v 206.000000 38.000000 12.008959
v 208.000000 38.000000 12.362809
v 210.000000 38.000000 12.370832
v 212.000000 38.000000 12.110088
v 214.000000 38.000000 12.976289
v 216.000000 38.000000 13.101276
v 218.000000 38.000000 12.250853
v 220.000000 38.000000 12.028202
v 222.000000 38.000000 12.158665
v 224.000000 38.000000 12.238523
v 226.000000 38.000000 12.305019
v 228.000000 38.000000 12.138411
v 316.000000 38.000000 12.319994
v 346.000000 38.000000 12.873589
v 348.000000 38.000000 13.486676
v 350.000000 38.000000 12.329070
v 354.000000 38.000000 12.526279
v 356.000000 38.000000 13.463634
v 358.000000 38.000000 12.822013
v 360.000000 38.000000 13.358596
v 1.338618 40.000000 14.000000
v 0.000000 40.000000 12.775050
v 4.000000 40.000000 12.584020
v 2.594722 40.000000 14.000000
v 8.000000 40.000000 12.612741
v 9.767560 40.000000 14.000000
v 166.000000 40.000000 13.107237
v 164.999496 40.000000 14.000000
v 166.000000 38.196487 14.000000
v 168.000000 38.026688 14.000000
v 168.000000 40.000000 12.761554
v 170.000000 38.312000 14.000000
v 170.000000 40.000000 12.873584
v 178.000000 40.000000 12.401670
v 182.000000 40.000000 12.434497
v 184.000000 38.271385 14.000000
v 184.000000 40.000000 12.900768
v 186.000000 40.000000 12.213702
v 348.000000 40.000000 12.263752
v 354.000000 40.000000 12.129385
v 356.000000 40.000000 13.017594
v 358.000000 40.000000 12.323882
v 360.000000 40.000000 12.775050
v 2.000000 41.528275 14.000000
v 2.000000 42.000000 13.771290
v 0.000000 42.000000 12.160821
v 4.000000 42.000000 12.113740
v 10.000000 40.682308 14.000000
v 10.000000 42.000000 13.602458
v 12.000000 40.888226 14.000000
v 12.000000 42.000000 13.733183
v 12.763808 42.000000 14.000000
v 166.000000 42.000000 12.451192
v 164.134903 42.000000 14.000000
v 168.000000 42.000000 12.276292
v 170.000000 42.000000 12.709890
v 182.000000 42.000000 12.315294
v 184.000000 42.000000 13.131083
v 356.000000 42.000000 12.692264
v 360.000000 42.000000 12.160821
v 0.000000 43.309669 14.000000
v 2.000000 42.158707 14.000000
v 4.000000 43.076065 14.000000
v 6.000000 43.940697 14.000000
v 8.000000 43.305164 14.000000
v 10.000000 42.276779 14.000000
v 12.000000 42.181995 14.000000
v 166.000000 43.566704 14.000000
v 168.000000 43.730675 14.000000
v 170.000000 43.639412 14.000000
v 172.000000 44.000000 12.821848
v 170.430161 44.000000 14.000000
v 176.000000 44.000000 12.519568
v 178.000000 44.000000 12.797566
v 180.000000 44.000000 13.152389
v 181.315720 44.000000 14.000000
v 182.000000 43.583290 14.000000
v 184.000000 43.036205 14.000000
v 186.000000 44.000000 13.807996
v 185.645935 44.000000 14.000000
v 188.000000 44.000000 12.574098
v 190.000000 44.000000 12.174117
v 192.000000 44.000000 12.690370
v 194.000000 44.000000 12.566156
v 196.000000 44.000000 12.210921
v 198.000000 44.000000 12.113516
v 200.000000 44.000000 12.024967
v 212.000000 44.000000 12.285166
v 214.000000 44.000000 13.077798
v 216.000000 44.000000 12.865616
v 218.000000 44.000000 12.344058
v 316.000000 44.000000 12.208640
v 340.000000 44.000000 12.399125
v 342.000000 44.000000 12.785054
v 344.000000 44.000000 12.616707
v 346.000000 44.000000 13.294162
v 347.849823 44.000000 14.000000
v 348.000000 43.971352 14.000000
v 350.000000 44.000000 13.592590
v 348.233276 44.000000 14.000000
v 352.000000 44.000000 13.342299
v 353.046967 44.000000 14.000000
v 354.000000 43.571861 14.000000
v 356.000000 43.076168 14.000000
v 358.000000 43.352562 14.000000
v 360.000000 43.309669 14.000000
v 172.000000 45.024864 14.000000
v 174.000000 45.539341 14.000000
v 176.000000 45.146809 14.000000
v 178.000000 45.009365 14.000000
v 180.000000 44.820122 14.000000
v 186.000000 44.225391 14.000000
v 188.000000 45.177250 14.000000
v 190.000000 45.366486 14.000000
v 192.000000 45.106392 14.000000
v 194.000000 45.093384 14.000000
v 196.000000 45.309830 14.000000
v 198.000000 45.552204 14.000000
v 200.000000 45.461899 14.000000
v 202.000000 45.776051 14.000000
v 204.000000 45.828648 14.000000
v 206.000000 45.747135 14.000000
v 208.000000 45.575268 14.000000
v 210.000000 45.313019 14.000000
v 212.000000 45.167942 14.000000
v 214.000000 44.878052 14.000000
v 216.000000 45.038540 14.000000
v 218.000000 45.296375 14.000000
v 220.000000 45.300762 14.000000
v 222.000000 45.479118 14.000000
v 224.000000 45.528198 14.000000
v 226.000000 45.503418 14.000000
v 228.000000 45.511997 14.000000
v 230.000000 45.432678 14.000000
v 232.000000 45.521198 14.000000
v 234.000000 45.856636 14.000000
v 236.000000 45.882336 14.000000
v 238.000000 45.561459 14.000000
v 240.000000 45.663960 14.000000
v 242.000000 46.000000 13.773635
v 241.503510 46.000000 14.000000
v 244.000000 46.000000 13.474767
v 246.000000 46.000000 13.740723
v 247.446350 46.000000 14.000000
v 248.000000 45.956791 14.000000
v 250.000000 45.855385 14.000000
v 252.000000 45.943272 14.000000
v 254.000000 45.825199 14.000000
v 256.000000 45.987789 14.000000
v 258.000000 46.000000 13.464540
v 256.082794 46.000000 14.000000
v 260.000000 46.000000 13.392475
v 262.000000 46.000000 13.260716
v 264.000000 46.000000 12.571569
v 266.000000 46.000000 12.190807
v 268.000000 46.000000 12.709396
v 270.000000 46.000000 12.958737
v 272.000000 46.000000 12.818983
v 274.000000 46.000000 13.067915
v 276.000000 46.000000 13.395111
v 278.000000 46.000000 13.056903
v 280.000000 46.000000 12.677763
v 282.000000 46.000000 12.901466
v 284.000000 46.000000 13.227518
v 286.000000 46.000000 12.881785
v 288.000000 46.000000 12.683394
v 290.000000 46.000000 12.632727
v 292.000000 46.000000 12.087681
v 298.000000 46.000000 12.211731
v 300.000000 46.000000 12.556626
v 302.000000 46.000000 12.946552
v 304.000000 46.000000 13.783784
v 305.511200 46.000000 14.000000
v 306.000000 45.963661 14.000000
v 308.000000 46.000000 13.756347
v 306.476715 46.000000 14.000000
v 310.000000 46.000000 12.917681
v 312.000000 46.000000 13.265929
v 313.001984 46.000000 14.000000
v 314.000000 45.527130 14.000000
v 316.000000 45.116737 14.000000
v 318.000000 45.626976 14.000000
v 320.000000 46.000000 13.614009
v 319.314392 46.000000 14.000000
v 322.000000 46.000000 13.309152
v 323.718872 46.000000 14.000000
v 324.000000 45.923618 14.000000
v 326.000000 45.817158 14.000000
v 328.000000 46.000000 13.859186
v 327.260620 46.000000 14.000000
v 328.476044 46.000000 14.000000
v 330.000000 45.758266 14.000000
v 332.000000 45.371880 14.000000
v 334.000000 45.464825 14.000000
v 336.000000 45.710323 14.000000
v 338.000000 45.574009 14.000000
v 340.000000 45.094776 14.000000
v 342.000000 44.774357 14.000000
v 344.000000 44.882477 14.000000
v 346.000000 44.447716 14.000000
v 350.000000 44.306858 14.000000
v 352.000000 44.476555 14.000000
v 242.000000 46.226883 14.000000
v 244.000000 46.634457 14.000000
v 246.000000 46.268219 14.000000
v 258.000000 46.573830 14.000000
v 260.000000 46.633801 14.000000
v 262.000000 46.745399 14.000000
v 264.000000 47.362259 14.000000
v 266.000000 47.839066 14.000000
v 268.000000 47.308350 14.000000
v 270.000000 46.864246 14.000000
v 272.000000 46.927261 14.000000
v 274.000000 46.755367 14.000000
v 276.000000 46.555706 14.000000
v 278.000000 46.860035 14.000000
v 280.000000 47.259842 14.000000
v 282.000000 47.265198 14.000000
v 284.000000 46.976795 14.000000
v 286.000000 47.271572 14.000000
v 288.000000 47.284538 14.000000
v 290.000000 47.323940 14.000000
v 292.000000 47.801277 14.000000
v 294.000000 48.000000 13.424907
v 292.581390 48.000000 14.000000
v 296.000000 48.000000 13.479832
v 297.340149 48.000000 14.000000
v 298.000000 47.784706 14.000000
v 300.000000 47.416428 14.000000
v 302.000000 47.047855 14.000000
v 304.000000 46.225788 14.000000
v 308.000000 46.240887 14.000000
v 310.000000 47.126102 14.000000
v 312.000000 46.829521 14.000000
v 320.000000 46.431854 14.000000
v 322.000000 46.870556 14.000000
v 328.000000 46.160206 14.000000
v 294.000000 48.774136 14.000000
v 296.000000 48.709702 14.000000
v 90.000000 110.000000 13.490266
v 88.994904 110.000000 14.000000
v 90.000000 109.639565 14.000000
v 92.000000 109.208687 14.000000
v 92.000000 110.000000 12.993885
v 94.000000 109.032799 14.000000
v 94.000000 110.000000 12.855486
v 96.000000 109.683044 14.000000
v 96.000000 110.000000 13.621011
v 98.000000 109.867523 14.000000
v 98.000000 110.000000 13.795647
v 100.000000 109.599876 14.000000
v 100.000000 110.000000 13.405719
v 102.000000 109.754166 14.000000
v 102.000000 110.000000 13.681969
v 103.033646 110.000000 14.000000
v 80.000000 112.000000 13.249343
v 78.733559 112.000000 14.000000
v 80.000000 111.166290 14.000000
v 82.000000 111.613876 14.000000
v 82.000000 112.000000 13.599808
v 84.000000 111.495110 14.000000
v 84.000000 112.000000 13.556398
v 86.000000 110.956863 14.000000
v 86.000000 112.000000 13.331520
v 88.000000 110.616882 14.000000
v 88.000000 112.000000 12.994014
v 90.000000 112.000000 12.179987
v 100.000000 112.000000 12.343640
v 102.000000 112.000000 12.482271
v 104.000000 110.317642 14.000000
v 104.000000 112.000000 12.350309
v 106.000000 110.708115 14.000000
v 106.000000 112.000000 12.827019
v 108.000000 110.591499 14.000000
v 108.000000 112.000000 13.100583
v 110.000000 111.506020 14.000000
v 110.000000 112.000000 13.656015
v 111.544502 112.000000 14.000000
v 66.000000 114.000000 13.266640
v 64.573280 114.000000 14.000000
v 66.000000 112.809158 14.000000
v 68.000000 113.578384 14.000000
v 68.000000 114.000000 13.712864
v 69.044777 114.000000 14.000000
v 72.000000 114.000000 13.476248
v 70.693489 114.000000 14.000000
v 72.000000 112.923691 14.000000
v 74.000000 112.264580 14.000000
v 74.000000 114.000000 13.373865
v 76.000000 113.597595 14.000000
v 76.000000 114.000000 13.820832
v 78.000000 112.890717 14.000000
v 78.000000 114.000000 13.448443
v 80.000000 114.000000 12.426874
v 82.000000 114.000000 12.504544
v 84.000000 114.000000 12.511341
v 86.000000 114.000000 12.168863
v 110.000000 114.000000 12.583019
v 112.000000 112.143951 14.000000
v 112.000000 114.000000 12.759006
v 114.000000 112.689178 14.000000
v 114.000000 114.000000 13.064532
v 116.000000 113.535667 14.000000
v 116.000000 114.000000 13.635967
v 116.757660 114.000000 14.000000
v 56.000000 116.000000 13.958783
v 55.920948 116.000000 14.000000
v 56.000000 115.969337 14.000000
v 58.000000 115.754921 14.000000
v 58.000000 116.000000 13.704098
v 60.000000 115.722878 14.000000
v 60.000000 116.000000 13.659597
v 62.000000 115.020798 14.000000
v 62.000000 116.000000 12.636974
v 64.000000 114.199455 14.000000
v 70.000000 114.221710 14.000000
v 70.000000 116.000000 12.141198
v 118.000000 114.401649 14.000000
v 118.000000 116.000000 12.291020
v 120.000000 114.487640 14.000000
v 120.000000 116.000000 12.322884
v 122.000000 114.823357 14.000000
v 122.000000 116.000000 12.529141
v 124.000000 115.133224 14.000000
v 124.000000 116.000000 12.790405
v 126.000000 115.174026 14.000000
v 126.000000 116.000000 12.762987
v 128.000000 115.614265 14.000000
v 128.000000 116.000000 13.482123
v 128.838943 116.000000 14.000000
v 42.000000 118.000000 13.686064
v 40.764687 118.000000 14.000000
v 42.000000 117.783768 14.000000
v 44.000000 117.566292 14.000000
v 44.000000 118.000000 13.404624
v 46.000000 117.358925 14.000000
v 46.000000 118.000000 13.208995
v 48.000000 117.117371 14.000000
v 48.000000 118.000000 12.996939
v 50.000000 116.869553 14.000000
v 50.000000 118.000000 12.592297
v 52.000000 117.002220 14.000000
v 52.000000 118.000000 12.485724
v 54.000000 116.666039 14.000000
v 54.000000 118.000000 12.171445
v 130.000000 116.606628 14.000000
v 130.000000 118.000000 12.437867
v 132.000000 117.810295 14.000000
v 132.000000 118.000000 13.788857
v 132.697357 118.000000 14.000000
v 42.000000 118.660652 14.000000
v 44.000000 119.171341 14.000000
v 46.000000 119.539360 14.000000
v 48.000000 120.000000 13.877622
v 47.311096 120.000000 14.000000
v 50.000000 120.000000 13.447816
v 52.000000 120.000000 12.850786
v 54.000000 120.000000 12.519836
v 56.000000 120.000000 12.150970
v 130.000000 120.000000 12.431711
v 132.000000 120.000000 13.940344
v 132.204391 120.000000 14.000000
v 48.000000 120.139893 14.000000
v 50.000000 120.858124 14.000000
v 52.000000 121.751030 14.000000
v 54.000000 122.000000 13.730336
v 52.785713 122.000000 14.000000
v 56.000000 122.000000 13.154115
v 58.000000 122.000000 12.787951
v 60.000000 122.000000 12.301220
v 124.000000 122.000000 12.389056
v 126.000000 122.000000 12.107276
v 128.000000 122.000000 12.297517
v 130.000000 122.000000 13.238475
v 131.202957 122.000000 14.000000
v 132.000000 120.185394 14.000000
v 24.000000 124.000000 13.766903
v 23.581034 124.000000 14.000000
v 24.000000 123.777847 14.000000
v 26.000000 123.970177 14.000000
v 26.000000 124.000000 13.972183
v 26.061134 124.000000 14.000000
v 40.000000 124.000000 13.473925
v 38.967133 124.000000 14.000000
v 40.000000 123.592140 14.000000
v 42.000000 123.210732 14.000000
v 42.000000 124.000000 12.912724
v 44.000000 123.342186 14.000000
v 44.000000 124.000000 13.098685
v 46.000000 123.580688 14.000000
v 46.000000 124.000000 13.474669
v 48.000000 123.197853 14.000000
v 48.000000 124.000000 13.030739
v 50.000000 122.501236 14.000000
v 50.000000 124.000000 12.141065
v 52.000000 122.105492 14.000000
v 56.000000 124.000000 12.129867
v 132.000000 122.459091 14.000000
v 132.000000 124.000000 12.414034
v 134.000000 123.396126 14.000000
v 134.000000 124.000000 13.375436
v 136.000000 123.318489 14.000000
v 136.000000 124.000000 13.157541
v 138.000000 122.985931 14.000000
v 138.000000 124.000000 12.562840
v 140.000000 122.946602 14.000000
v 140.000000 124.000000 12.444677
v 142.000000 123.479584 14.000000
v 142.000000 124.000000 13.280971
v 143.416794 124.000000 14.000000
v 152.000000 124.000000 13.577533
v 150.954498 124.000000 14.000000
v 152.000000 123.739761 14.000000
v 154.000000 123.140335 14.000000
v 154.000000 124.000000 12.590458
v 156.000000 122.995148 14.000000
v 156.000000 124.000000 12.644915
v 157.555054 124.000000 14.000000
v 4.000000 126.000000 13.607083
v 3.084609 126.000000 14.000000
v 4.000000 125.833397 14.000000
v 6.000000 125.303177 14.000000
v 6.000000 126.000000 12.317974
v 8.000000 125.263756 14.000000
v 8.000000 126.000000 12.328381
v 10.000000 125.562202 14.000000
v 10.000000 126.000000 13.078232
v 12.000000 125.862015 14.000000
v 12.000000 126.000000 13.688727
v 13.678318 126.000000 14.000000
v 18.000000 126.000000 13.173596
v 16.215696 126.000000 14.000000
v 18.000000 125.610786 14.000000
v 20.000000 125.042191 14.000000
v 22.000000 124.356209 14.000000
v 28.000000 124.326630 14.000000
v 30.000000 124.437958 14.000000
v 32.000000 124.555466 14.000000
v 34.000000 124.632965 14.000000
v 36.000000 124.482101 14.000000
v 38.000000 124.178917 14.000000
v 144.000000 124.127182 14.000000
v 146.000000 124.242043 14.000000
v 148.000000 124.234062 14.000000
v 150.000000 124.175728 14.000000
v 158.000000 124.174240 14.000000
v 160.000000 124.887466 14.000000
v 162.000000 125.705727 14.000000
v 162.000000 126.000000 13.376856
v 162.729568 126.000000 14.000000
v 168.000000 126.000000 13.813803
v 167.689362 126.000000 14.000000
v 168.000000 125.907852 14.000000
v 170.000000 125.370468 14.000000
v 170.000000 126.000000 12.760835
v 172.000000 124.812004 14.000000
v 174.000000 124.713104 14.000000
v 176.000000 125.270554 14.000000
v 176.000000 126.000000 12.288481
v 178.000000 125.752983 14.000000
v 178.000000 126.000000 13.445144
v 180.000000 125.610649 14.000000
v 180.000000 126.000000 13.298334
v 182.000000 125.299492 14.000000
v 182.000000 126.000000 12.709623
v 184.000000 125.013733 14.000000
v 184.000000 126.000000 12.160743
v 186.000000 124.782104 14.000000
v 188.000000 124.936996 14.000000
v 188.000000 126.000000 12.157345
v 189.920547 126.000000 14.000000
v 202.000000 126.000000 12.758550
v 200.279770 126.000000 14.000000
v 202.000000 125.283768 14.000000
v 204.000000 125.303452 14.000000
v 204.000000 126.000000 12.679452
v 206.000000 125.870903 14.000000
v 206.000000 126.000000 13.755850
v 207.003281 126.000000 14.000000
v 210.000000 126.000000 13.862218
v 209.279388 126.000000 14.000000
v 210.000000 125.933540 14.000000
v 210.224350 126.000000 14.000000
v 220.000000 126.000000 13.868194
v 219.603943 126.000000 14.000000
v 220.000000 125.934486 14.000000
v 220.263397 126.000000 14.000000
v 246.000000 126.000000 13.830334
v 245.716049 126.000000 14.000000
v 246.000000 125.908859 14.000000
v 248.000000 125.687172 14.000000
v 248.000000 126.000000 13.452835
v 248.729324 126.000000 14.000000
v 262.000000 126.000000 12.794393
v 260.999146 126.000000 14.000000
v 262.000000 125.461006 14.000000
v 264.000000 125.549797 14.000000
v 264.000000 126.000000 13.136834
v 264.789459 126.000000 14.000000
v 276.000000 126.000000 13.191900
v 275.367767 126.000000 14.000000
v 276.000000 125.626671 14.000000
v 278.000000 125.536018 14.000000
v 278.000000 126.000000 12.993974
v 278.744690 126.000000 14.000000
v 352.000000 126.000000 12.961756
v 351.172424 126.000000 14.000000
v 352.000000 125.548286 14.000000
v 354.000000 125.190346 14.000000
v 354.000000 126.000000 12.322037
v 356.000000 125.507812 14.000000
v 356.000000 126.000000 13.053205
v 358.000000 125.887695 14.000000
v 358.000000 126.000000 13.750219
v 358.941650 126.000000 14.000000
v 2.000000 126.271637 14.000000
v 0.000000 126.195312 14.000000
v 14.000000 126.046562 14.000000
v 16.000000 126.068321 14.000000
v 164.000000 126.609856 14.000000
v 166.000000 126.675743 14.000000
v 166.000000 128.000000 12.370069
v 190.000000 126.056000 14.000000
v 192.000000 127.044449 14.000000
v 192.000000 128.000000 12.856576
v 194.000000 127.011726 14.000000
v 194.000000 128.000000 12.717964
v 196.000000 127.148941 14.000000
v 196.000000 128.000000 13.236490
v 198.000000 126.887192 14.000000
v 198.000000 128.000000 12.842476
v 200.000000 126.138901 14.000000
v 208.000000 126.171265 14.000000
v 212.000000 126.731102 14.000000
v 212.000000 128.000000 12.625964
v 214.000000 127.588028 14.000000
v 214.000000 128.000000 13.623504
v 216.000000 127.153877 14.000000
v 216.000000 128.000000 13.278346
v 218.000000 126.419937 14.000000
v 218.000000 128.000000 12.407310
v 220.000000 128.000000 12.067235
v 222.000000 126.756653 14.000000
v 222.000000 128.000000 12.835635
v 224.000000 127.977318 14.000000
v 224.000000 128.000000 13.969985
v 224.104065 128.000000 14.000000
v 228.000000 128.000000 12.990504
v 226.652344 128.000000 14.000000
v 228.000000 127.262207 14.000000
v 230.000000 126.159317 14.000000
v 232.000000 126.322479 14.000000
v 234.000000 127.364937 14.000000
v 234.000000 128.000000 13.244107
v 236.000000 127.872971 14.000000
v 236.000000 128.000000 13.853041
v 238.000000 127.278748 14.000000
v 238.000000 128.000000 13.047101
v 240.000000 126.537354 14.000000
v 242.000000 126.452148 14.000000
v 244.000000 126.489960 14.000000
v 250.000000 126.595253 14.000000
v 250.000000 128.000000 12.200712
v 252.000000 127.672287 14.000000
v 252.000000 128.000000 13.585406
v 254.000000 127.675690 14.000000
v 254.000000 128.000000 13.556710
v 256.000000 127.068291 14.000000
v 256.000000 128.000000 12.752590
v 258.000000 127.173058 14.000000
v 258.000000 128.000000 12.894258
v 260.000000 126.667892 14.000000
v 260.000000 128.000000 12.123375
v 266.000000 126.833267 14.000000
v 266.000000 128.000000 12.252594
v 268.000000 127.227333 14.000000
v 268.000000 128.000000 12.878808
v 270.000000 126.884720 14.000000
v 270.000000 128.000000 12.514390
v 272.000000 127.229378 14.000000
v 272.000000 128.000000 12.915986
v 274.000000 126.963898 14.000000
v 274.000000 128.000000 12.494824
v 280.000000 127.063629 14.000000
v 280.000000 128.000000 12.726736
v 282.000000 127.987358 14.000000
v 282.000000 128.000000 13.983815
v 284.000000 127.730515 14.000000
v 284.000000 128.000000 13.584748
v 286.000000 127.912460 14.000000
v 286.000000 128.000000 13.874527
v 288.000000 127.957314 14.000000
v 288.000000 128.000000 13.937689
v 290.000000 127.132454 14.000000
v 290.000000 128.000000 12.727201
v 292.000000 126.298653 14.000000
v 294.000000 126.279037 14.000000
v 296.000000 126.997261 14.000000
v 296.000000 128.000000 12.684438
v 298.000000 127.555458 14.000000
v 298.000000 128.000000 13.373241
v 300.000000 127.468002 14.000000
v 300.000000 128.000000 13.207014
v 302.000000 127.845764 14.000000
v 302.000000 128.000000 13.807597
v 302.772949 128.000000 14.000000
v 306.000000 128.000000 13.913520
v 305.564972 128.000000 14.000000
v 306.000000 127.912560 14.000000
v 308.000000 127.364075 14.000000
v 308.000000 128.000000 13.223554
v 310.000000 127.682991 14.000000
v 310.000000 128.000000 13.507401
v 310.716217 128.000000 14.000000
v 320.000000 128.000000 13.624991
v 319.526794 128.000000 14.000000
v 320.000000 127.751091 14.000000
v 322.000000 127.646500 14.000000
v 322.000000 128.000000 13.491812
v 323.636383 128.000000 14.000000
v 328.000000 128.000000 13.996778
v 327.812317 128.000000 14.000000
v 328.000000 127.996727 14.000000
v 330.000000 127.749565 14.000000
v 330.000000 128.000000 13.633967
v 331.543915 128.000000 14.000000
v 336.000000 128.000000 12.799971
v 334.034027 128.000000 14.000000
v 336.000000 126.901596 14.000000
v 338.000000 126.884949 14.000000
v 338.000000 128.000000 12.525040
v 340.000000 127.401909 14.000000
v 340.000000 128.000000 13.190541
v 341.578064 128.000000 14.000000
v 350.000000 128.000000 13.305733
v 348.658966 128.000000 14.000000
v 350.000000 127.373886 14.000000
v 360.000000 126.195312 14.000000
v 2.000000 130.000000 12.334343
v 0.000000 130.000000 12.906533
v 4.000000 130.000000 12.053747
v 12.000000 130.000000 12.601113
v 14.000000 130.000000 12.801592
v 16.000000 130.000000 12.027960
v 192.000000 130.000000 12.536252
v 194.000000 130.000000 13.035333
v 196.000000 130.000000 13.526267
v 198.000000 130.000000 12.758265
v 212.000000 130.000000 13.079693
v 214.000000 130.000000 13.699962
v 216.000000 130.000000 13.296607
v 218.000000 130.000000 12.474193
v 222.000000 130.000000 12.760840
v 224.000000 130.000000 13.897821
v 224.501480 130.000000 14.000000
v 228.000000 130.000000 13.031528
v 226.475540 130.000000 14.000000
v 230.000000 130.000000 12.010260
v 232.000000 130.000000 12.296817
v 234.000000 130.000000 13.169167
v 236.000000 130.000000 13.949420
v 238.000000 130.000000 13.533449
v 240.000000 130.000000 12.057737
v 250.000000 130.000000 12.332126
v 252.000000 130.000000 13.994951
v 254.000000 130.000000 13.970962
v 256.000000 130.000000 12.936158
v 258.000000 130.000000 13.000039
v 260.000000 130.000000 12.554196
v 266.000000 130.000000 12.549406
v 268.000000 130.000000 13.356386
v 270.000000 130.000000 12.991097
v 272.000000 130.000000 13.538432
v 274.000000 130.000000 13.362671
v 280.000000 130.000000 13.071900
v 281.348022 130.000000 14.000000
v 282.000000 128.065903 14.000000
v 284.000000 130.000000 13.933658
v 283.776733 130.000000 14.000000
v 284.236084 130.000000 14.000000
v 286.000000 128.459412 14.000000
v 288.000000 128.261505 14.000000
v 290.000000 130.000000 13.341692
v 288.825592 130.000000 14.000000
v 292.000000 130.000000 12.185904
v 294.000000 130.000000 12.209642
v 296.000000 130.000000 13.340146
v 297.510925 130.000000 14.000000
v 298.000000 129.490707 14.000000
v 300.000000 130.000000 13.914426
v 299.447723 130.000000 14.000000
v 300.307159 130.000000 14.000000
v 302.000000 128.636856 14.000000
v 306.000000 128.198730 14.000000
v 308.000000 129.495590 14.000000
v 310.000000 129.045288 14.000000
v 320.000000 128.764023 14.000000
v 322.000000 129.137238 14.000000
v 328.000000 128.005768 14.000000
v 330.000000 128.773407 14.000000
v 336.000000 130.000000 13.918227
v 335.768738 130.000000 14.000000
v 338.000000 130.000000 13.382447
v 339.428833 130.000000 14.000000
v 340.000000 129.524780 14.000000
v 350.000000 130.000000 13.838937
v 349.701813 130.000000 14.000000
v 358.000000 130.000000 12.517913
v 360.000000 130.000000 12.906533
v 2.000000 132.000000 12.873802
v 0.000000 132.000000 13.403558
v 4.000000 132.000000 12.253108
v 10.000000 132.000000 12.442573
v 12.000000 132.000000 13.448347
v 14.000000 132.000000 13.517228
v 16.000000 132.000000 12.867886
v 18.000000 132.000000 12.015326
v 166.000000 132.000000 12.292018
v 192.000000 132.000000 12.447266
v 194.000000 132.000000 12.791073
v 196.000000 132.000000 13.633189
v 198.000000 132.000000 12.663527
v 212.000000 132.000000 13.048925
v 214.000000 132.000000 13.824815
v 216.000000 132.000000 13.460657
v 218.000000 132.000000 12.199063
v 222.000000 132.000000 12.647017
v 223.651917 132.000000 14.000000
v 224.000000 130.510971 14.000000
v 228.000000 132.000000 13.136200
v 226.771439 132.000000 14.000000
v 230.000000 132.000000 12.040336
v 232.000000 132.000000 12.479493
v 234.000000 132.000000 13.232142
v 236.000000 132.000000 13.611465
v 238.000000 132.000000 13.064471
v 250.000000 132.000000 12.485177
v 252.000000 132.000000 13.977515
v 254.000000 132.000000 13.941483
v 256.000000 132.000000 13.067048
v 258.000000 132.000000 13.345503
v 260.000000 132.000000 12.791976
v 266.000000 132.000000 12.746565
v 268.000000 132.000000 13.542205
v 270.000000 132.000000 13.188137
v 271.933197 132.000000 14.000000
v 272.000000 131.893417 14.000000
v 274.000000 132.000000 13.884315
v 272.378601 132.000000 14.000000
v 280.000000 132.000000 13.348124
v 281.116211 132.000000 14.000000
v 284.000000 130.368118 14.000000
v 290.000000 132.000000 13.683698
v 289.411652 132.000000 14.000000
v 292.000000 132.000000 12.443537
v 294.000000 132.000000 12.425355
v 296.000000 132.000000 13.242389
v 297.744110 132.000000 14.000000
v 300.000000 130.891891 14.000000
v 336.000000 130.508392 14.000000
v 338.000000 132.000000 13.804685
v 337.126648 132.000000 14.000000
v 338.398682 132.000000 14.000000
v 350.000000 132.000000 13.918099
v 349.844971 132.000000 14.000000
v 352.000000 132.000000 12.297584
v 354.000000 132.000000 12.101383
v 356.000000 132.000000 12.771876
v 358.000000 132.000000 13.555536
v 360.000000 132.000000 13.403558
v 224.000000 132.406509 14.000000
v 224.000000 134.000000 12.993700
v 226.000000 132.634460 14.000000
v 226.000000 134.000000 13.001972
v 272.000000 132.016769 14.000000
v 282.000000 132.332687 14.000000
v 284.000000 132.182465 14.000000
v 286.000000 132.508163 14.000000
v 286.000000 134.000000 12.125595
v 288.000000 132.484375 14.000000
v 288.000000 134.000000 12.058541
v 298.000000 132.056824 14.000000
v 300.000000 132.062653 14.000000
v 302.000000 132.496948 14.000000
v 302.000000 134.000000 12.051015
v 304.000000 132.895035 14.000000
v 304.000000 134.000000 12.548397
v 306.000000 132.742859 14.000000
v 306.000000 134.000000 12.341102
v 308.000000 132.357407 14.000000
v 310.000000 132.337357 14.000000
v 312.000000 133.152573 14.000000
v 312.000000 134.000000 12.961658
v 313.547455 134.000000 14.000000
v 318.000000 134.000000 13.336857
v 316.622620 134.000000 14.000000
v 318.000000 133.482574 14.000000
v 320.000000 132.521255 14.000000
v 320.000000 134.000000 12.209665
v 322.000000 132.564255 14.000000
v 322.000000 134.000000 12.228124
v 324.000000 133.005249 14.000000
v 324.000000 134.000000 12.921546
v 326.000000 133.119385 14.000000
v 326.000000 134.000000 13.081606
v 328.000000 132.850540 14.000000
v 328.000000 134.000000 12.481079
v 330.000000 132.518143 14.000000
v 330.000000 134.000000 12.140767
v 332.000000 132.814301 14.000000
v 332.000000 134.000000 12.413613
v 334.000000 132.628342 14.000000
v 334.000000 134.000000 12.132133
v 336.000000 132.114609 14.000000
v 340.000000 132.392059 14.000000
v 342.000000 133.156723 14.000000
v 342.000000 134.000000 12.871193
v 344.000000 133.265976 14.000000
v 344.000000 134.000000 12.997913
v 346.000000 133.185272 14.000000
v 346.000000 134.000000 12.817741
v 348.000000 132.832596 14.000000
v 348.000000 134.000000 12.750718
v 314.000000 134.213181 14.000000
v 316.000000 134.202316 14.000000
f 3 2 1
f 5 4 1
f 1 4 3
f 5 6 4
f 2 7 1
f 1 7 5
f 5 7 8
f 5 8 6
f 11 10 9
f 9 10 12
f 14 13 11
f 11 13 10
f 16 15 14
f 14 15 13
f 18 17 16
f 16 17 15
f 20 19 18
f 18 19 17
f 22 21 20
f 20 21 19
f 24 23 22
f 22 23 21
f 24 25 23
f 28 27 26
f 30 29 26
f 26 29 28
f 32 31 30
f 30 31 29
f 34 33 32
f 32 33 31
f 34 35 33
f 38 37 36
f 40 39 36
f 36 39 38
f 40 41 39
f 44 43 42
f 46 45 42
f 42 45 44
f 46 47 45
f 50 49 48
f 52 51 48
f 48 51 50
f 52 53 51
f 56 55 54
f 58 57 54
f 54 57 56
f 60 59 58
f 58 59 57
f 60 61 59
f 64 63 62
f 66 65 62
f 62 65 64
f 65 66 67
f 66 68 67
f 66 69 68
f 71 68 70
f 68 72 70
f 68 69 72
f 74 73 72
f 72 73 70
f 74 75 73
f 78 77 76
f 76 79 78
f 82 81 80
f 84 83 80
f 80 83 82
f 86 85 84
f 84 85 83
f 86 87 85
f 90 89 88
f 88 91 90
f 94 93 92
f 92 95 94
f 98 97 96
f 100 99 96
f 96 99 98
f 102 101 100
f 100 101 99
f 104 103 102
f 102 103 101
f 106 105 104
f 104 105 103
f 108 107 106
f 106 107 105
f 110 109 108
f 108 109 107
f 112 111 110
f 110 111 109
f 114 113 112
f 112 113 111
f 116 115 114
f 114 115 113
f 118 117 116
f 116 117 115
f 120 119 118
f 118 119 117
f 122 121 120
f 120 121 119
f 124 123 122
f 122 123 121
f 126 125 124
f 124 125 123
f 128 127 126
f 126 127 125
f 130 129 128
f 128 129 127
f 132 131 130
f 130 131 129
f 134 133 132
f 132 133 131
f 134 135 133
f 138 137 136
f 140 139 136
f 136 139 138
f 142 141 140
f 140 141 139
f 144 143 142
f 142 143 141
f 146 145 144
f 144 145 143
f 148 147 146
f 146 147 145
f 150 149 148
f 148 149 147
f 152 151 150
f 150 151 149
f 154 153 152
f 152 153 151
f 153 154 155
f 154 156 155
f 154 157 156
f 156 159 158
f 156 157 159
f 161 158 160
f 158 162 160
f 158 159 162
f 164 163 162
f 162 163 160
f 164 165 163
f 168 167 166
f 170 169 166
f 166 169 168
f 172 171 170
f 170 171 169
f 171 172 173
f 172 174 173
f 172 175 174
f 177 174 176
f 174 178 176
f 174 175 178
f 180 179 178
f 178 179 176
f 182 181 180
f 180 181 179
f 184 183 182
f 182 183 181
f 186 185 184
f 184 185 183
f 188 187 186
f 186 187 185
f 190 189 188
f 188 189 187
f 192 191 190
f 190 191 189
f 194 193 192
f 192 193 191
f 196 195 194
f 194 195 193
f 198 197 196
f 196 197 195
f 200 199 198
f 198 199 197
f 202 201 200
f 200 201 199
f 204 203 202
f 202 203 201
f 206 205 204
f 204 205 203
f 208 207 206
f 206 207 205
f 210 209 208
f 208 209 207
f 212 211 210
f 210 211 209
f 214 213 212
f 212 213 211
f 216 215 214
f 214 215 213
f 218 217 216
f 216 217 215
f 220 219 218
f 218 219 217
f 222 221 220
f 220 221 219
f 221 222 223
f 222 224 223
f 222 225 224
f 224 227 226
f 224 225 227
f 226 229 228
f 226 227 229
f 231 228 230
f 228 232 230
f 228 229 232
f 234 233 232
f 232 233 230
f 236 235 234
f 234 235 233
f 238 237 236
f 236 237 235
f 240 239 238
f 238 239 237
f 242 241 240
f 240 241 239
f 244 243 242
f 242 243 241
f 246 245 244
f 244 245 243
f 248 247 246
f 246 247 245
f 250 249 248
f 248 249 247
f 252 251 250
f 250 251 249
f 254 253 252
f 252 253 251
f 256 255 254
f 254 255 253
f 258 257 256
f 256 257 255
f 260 259 258
f 258 259 257
f 262 261 260
f 260 261 259
f 264 263 262
f 262 263 261
f 263 264 265
f 264 266 265
f 264 267 266
f 269 266 268
f 266 270 268
f 266 267 270
f 272 271 270
f 270 271 268
f 274 273 272
f 272 273 271
f 276 275 274
f 274 275 273
f 278 277 276
f 276 277 275
f 278 279 277
f 282 281 280
f 284 283 280
f 280 283 282
f 286 285 284
f 284 285 283
f 288 287 286
f 286 287 285
f 290 289 288
f 288 289 287
f 292 291 290
f 290 291 289
f 294 293 292
f 292 293 291
f 296 295 294
f 294 295 293
f 298 297 296
f 296 297 295
f 300 299 298
f 298 299 297
f 302 301 300
f 300 301 299
f 304 303 302
f 302 303 301
f 306 305 304
f 304 305 303
f 308 307 306
f 306 307 305
f 310 309 308
f 308 309 307
f 312 311 310
f 310 311 309
f 9 313 11
f 11 313 314
f 11 314 14
f 14 314 315
f 14 315 16
f 16 315 316
f 16 316 18
f 18 316 317
f 18 317 20
f 20 317 318
f 20 318 22
f 22 318 319
f 22 319 24
f 24 319 320
f 24 320 25
f 27 321 26
f 26 321 30
f 30 321 322
f 30 322 32
f 32 322 323
f 32 323 34
f 34 323 324
f 34 324 35
f 37 325 36
f 36 325 40
f 40 325 326
f 40 326 41
f 43 327 42
f 42 327 46
f 46 327 328
f 46 328 47
f 49 329 48
f 48 329 52
f 52 329 330
f 52 330 53
f 55 331 54
f 54 331 58
f 58 331 332
f 58 332 60
f 60 332 333
f 60 333 61
f 63 334 62
f 62 334 66
f 66 334 335
f 66 335 69
f 69 335 336
f 69 336 72
f 72 336 337
f 72 337 74
f 74 337 338
f 74 338 75
f 77 339 76
f 76 339 79
f 81 340 80
f 80 340 84
f 84 340 341
f 84 341 86
f 86 341 342
f 86 342 87
f 89 343 88
f 88 343 91
f 93 344 92
f 92 344 95
f 97 345 96
f 96 345 100
f 100 345 346
f 100 346 102
f 102 346 347
f 102 347 104
f 104 347 348
f 104 348 106
f 106 348 349
f 106 349 108
f 108 349 350
f 108 350 110
f 110 350 351
f 110 351 112
f 112 351 352
f 112 352 114
f 114 352 353
f 114 353 116
f 116 353 354
f 116 354 118
f 118 354 355
f 118 355 120
f 120 355 356
f 120 356 122
f 122 356 357
f 122 357 124
f 124 357 358
f 124 358 126
f 126 358 359
f 126 359 128
f 128 359 360
f 128 360 130
f 130 360 361
f 130 361 132
f 132 361 362
f 132 362 134
f 134 362 363
f 134 363 135
f 137 364 136
f 136 364 140
f 140 364 365
f 140 365 142
f 142 365 366
f 142 366 144
f 144 366 367
f 144 367 146
f 146 367 368
f 146 368 148
f 148 368 369
f 148 369 150
f 150 369 370
f 150 370 152
f 152 370 371
f 152 371 154
f 154 371 372
f 374 373 372
f 373 154 372
f 373 157 154
f 376 159 375
f 159 373 375
f 159 157 373
f 159 376 162
f 162 376 377
f 162 377 164
f 164 377 378
f 164 378 165
f 167 379 166
f 166 379 170
f 170 379 380
f 170 380 172
f 172 380 381
f 172 381 175
f 175 381 382
f 175 382 178
f 178 382 383
f 178 383 180
f 180 383 384
f 180 384 182
f 182 384 385
f 182 385 184
f 184 385 386
f 184 386 186
f 186 386 387
f 186 387 188
f 188 387 388
f 188 388 190
f 190 388 389
f 190 389 192
f 192 389 390
f 392 391 390
f 391 192 390
f 391 194 192
f 194 393 196
f 194 391 393
f 196 394 198
f 196 393 394
f 396 200 395
f 200 394 395
f 200 198 394
f 200 396 202
f 202 396 397
f 202 397 204
f 204 397 398
f 204 398 206
f 206 398 399
f 206 399 208
f 208 399 400
f 208 400 210
f 210 400 401
f 210 401 212
f 212 401 402
f 212 402 214
f 214 402 403
f 214 403 216
f 216 403 404
f 216 404 218
f 218 404 405
f 218 405 220
f 220 405 406
f 220 406 222
f 222 406 407
f 222 407 225
f 225 407 408
f 410 409 408
f 409 225 408
f 409 227 225
f 227 411 229
f 227 409 411
f 413 232 412
f 232 411 412
f 232 229 411
f 232 413 234
f 234 413 414
f 234 414 236
f 236 414 415
f 236 415 238
f 238 415 416
f 238 416 240
f 240 416 417
f 240 417 242
f 242 417 418
f 242 418 244
f 244 418 419
f 244 419 246
f 246 419 420
f 246 420 248
f 248 420 421
f 248 421 250
f 250 421 422
f 250 422 252
f 252 422 423
f 252 423 254
f 254 423 424
f 254 424 256
f 256 424 425
f 256 425 258
f 258 425 426
f 258 426 260
f 260 426 427
f 260 427 262
f 262 427 428
f 262 428 264
f 264 428 429
f 264 429 267
f 267 429 430
f 267 430 270
f 270 430 431
f 270 431 272
f 272 431 432
f 272 432 274
f 274 432 433
f 274 433 276
f 276 433 434
f 276 434 278
f 278 434 435
f 278 435 279
f 281 436 280
f 280 436 284
f 284 436 437
f 284 437 286
f 286 437 438
f 286 438 288
f 288 438 439
f 288 439 290
f 290 439 440
f 290 440 292
f 292 440 441
f 292 441 294
f 294 441 442
f 294 442 296
f 296 442 443
f 296 443 298
f 298 443 444
f 298 444 300
f 300 444 445
f 300 445 302
f 302 445 446
f 302 446 304
f 304 446 447
f 304 447 306
f 306 447 448
f 306 448 308
f 308 448 449
f 308 449 310
f 310 449 450
f 310 450 312
f 312 450 451
f 454 453 452
f 452 453 455
f 454 456 453
f 459 458 457
f 461 460 457
f 457 460 459
f 463 462 461
f 461 462 460
f 465 464 463
f 463 464 462
f 465 466 464
f 469 468 467
f 471 470 467
f 467 470 469
f 473 472 471
f 471 472 470
f 475 474 473
f 473 474 472
f 477 476 475
f 475 476 474
f 479 478 477
f 477 478 476
f 479 480 478
f 483 482 481
f 485 484 481
f 481 484 483
f 487 486 485
f 485 486 484
f 489 488 487
f 487 488 486
f 491 490 489
f 489 490 488
f 493 492 491
f 491 492 490
f 495 494 493
f 493 494 492
f 495 496 494
f 499 498 497
f 501 500 497
f 497 500 499
f 503 502 501
f 501 502 500
f 505 504 503
f 503 504 502
f 507 506 505
f 505 506 504
f 509 508 507
f 507 508 506
f 511 510 509
f 509 510 508
f 511 512 510
f 515 514 513
f 517 516 513
f 513 516 515
f 517 518 516
f 521 520 519
f 523 522 519
f 519 522 521
f 525 524 523
f 523 524 522
f 527 526 525
f 525 526 524
f 527 528 526
f 531 530 529
f 533 532 529
f 529 532 531
f 535 534 533
f 533 534 532
f 537 536 535
f 535 536 534
f 539 538 537
f 537 538 536
f 541 540 539
f 539 540 538
f 541 542 540
f 545 544 543
f 547 546 543
f 543 546 545
f 547 548 546
f 551 550 549
f 553 552 549
f 549 552 551
f 555 554 553
f 553 554 552
f 555 556 554
f 559 558 557
f 557 560 559
f 563 562 561
f 565 564 561
f 561 564 563
f 565 566 564
f 569 568 567
f 571 570 567
f 567 570 569
f 573 572 571
f 571 572 570
f 575 574 573
f 573 574 572
f 575 576 574
f 579 578 577
f 581 580 577
f 577 580 579
f 583 582 581
f 581 582 580
f 585 584 583
f 583 584 582
f 587 586 585
f 585 586 584
f 589 588 587
f 587 588 586
f 589 590 588
f 593 592 591
f 595 594 591
f 591 594 593
f 597 596 595
f 595 596 594
f 597 598 596
f 601 600 599
f 603 602 599
f 599 602 601
f 605 604 603
f 603 604 602
f 607 606 605
f 605 606 604
f 609 608 607
f 607 608 606
f 611 610 609
f 609 610 608
f 611 612 610
f 615 614 613
f 617 616 613
f 613 616 615
f 617 618 616
f 621 620 619
f 623 622 619
f 619 622 621
f 625 624 623
f 623 624 622
f 627 626 625
f 625 626 624
f 629 628 627
f 627 628 626
f 631 630 629
f 629 630 628
f 630 631 374
f 631 373 374
f 631 632 373
f 375 373 633
f 373 634 633
f 373 632 634
f 636 635 634
f 634 635 633
f 638 637 636
f 636 637 635
f 638 639 637
f 642 641 640
f 644 643 640
f 640 643 642
f 646 645 644
f 644 645 643
f 648 647 646
f 646 647 645
f 650 649 648
f 648 649 647
f 652 651 650
f 650 651 649
f 652 653 651
f 656 655 654
f 658 657 654
f 654 657 656
f 657 658 392
f 658 391 392
f 658 659 391
f 391 660 393
f 391 659 660
f 393 661 394
f 393 660 661
f 395 394 662
f 394 663 662
f 394 661 663
f 665 664 663
f 663 664 662
f 667 666 665
f 665 666 664
f 669 668 667
f 667 668 666
f 671 670 669
f 669 670 668
f 673 672 671
f 671 672 670
f 675 674 673
f 673 674 672
f 677 676 675
f 675 676 674
f 677 678 676
f 681 680 679
f 683 682 679
f 679 682 681
f 685 684 683
f 683 684 682
f 684 685 410
f 685 409 410
f 685 686 409
f 409 687 411
f 409 686 687
f 412 411 688
f 411 689 688
f 411 687 689
f 691 690 689
f 689 690 688
f 693 692 691
f 691 692 690
f 695 694 693
f 693 694 692
f 697 696 695
f 695 696 694
f 699 698 697
f 697 698 696
f 701 700 699
f 699 700 698
f 703 702 701
f 701 702 700
f 705 704 703
f 703 704 702
f 707 706 705
f 705 706 704
f 709 708 707
f 707 708 706
f 711 710 709
f 709 710 708
f 711 712 710
f 715 714 713
f 717 716 713
f 713 716 715
f 719 718 717
f 717 718 716
f 721 720 719
f 719 720 718
f 723 722 721
f 721 722 720
f 725 724 723
f 723 724 722
f 727 726 725
f 725 726 724
f 729 728 727
f 727 728 726
f 729 730 728
f 733 732 731
f 735 734 731
f 731 734 733
f 735 736 734
f 739 738 737
f 741 740 737
f 737 740 739
f 741 742 740
f 745 744 743
f 747 746 743
f 743 746 745
f 749 748 747
f 747 748 746
f 751 750 749
f 749 750 748
f 753 752 751
f 751 752 750
f 755 754 753
f 753 754 752
f 757 756 755
f 755 756 754
f 759 758 757
f 757 758 756
f 761 760 759
f 759 760 758
f 452 762 454
f 452 763 762
f 456 454 764
f 454 765 764
f 454 762 765
f 764 765 458
f 765 457 458
f 765 766 457
f 457 767 461
f 457 766 767
f 461 768 463
f 461 767 768
f 463 769 465
f 463 768 769
f 466 465 770
f 465 771 770
f 465 769 771
f 773 772 771
f 771 772 770
f 775 774 773
f 773 774 772
f 774 775 468
f 775 467 468
f 775 776 467
f 467 777 471
f 467 776 777
f 471 778 473
f 471 777 778
f 473 779 475
f 473 778 779
f 475 780 477
f 475 779 780
f 477 781 479
f 477 780 781
f 480 479 782
f 479 783 782
f 479 781 783
f 785 784 783
f 783 784 782
f 787 786 785
f 785 786 784
f 786 787 482
f 787 481 482
f 787 788 481
f 481 789 485
f 481 788 789
f 485 790 487
f 485 789 790
f 487 791 489
f 487 790 791
f 489 792 491
f 489 791 792
f 491 793 493
f 491 792 793
f 493 794 495
f 493 793 794
f 496 495 795
f 495 796 795
f 495 794 796
f 798 797 796
f 796 797 795
f 800 799 798
f 798 799 797
f 799 800 498
f 800 497 498
f 800 801 497
f 497 802 501
f 497 801 802
f 501 803 503
f 501 802 803
f 503 804 505
f 503 803 804
f 505 805 507
f 505 804 805
f 507 806 509
f 507 805 806
f 509 807 511
f 509 806 807
f 512 511 808
f 511 809 808
f 511 807 809
f 808 809 514
f 809 513 514
f 809 810 513
f 513 811 517
f 513 810 811
f 518 517 812
f 517 813 812
f 517 811 813
f 812 813 520
f 813 519 520
f 813 814 519
f 519 815 523
f 519 814 815
f 523 816 525
f 523 815 816
f 525 817 527
f 525 816 817
f 528 527 818
f 527 819 818
f 527 817 819
f 818 819 530
f 819 529 530
f 819 820 529
f 529 821 533
f 529 820 821
f 533 822 535
f 533 821 822
f 535 823 537
f 535 822 823
f 537 824 539
f 537 823 824
f 539 825 541
f 539 824 825
f 542 541 826
f 541 827 826
f 541 825 827
f 826 827 544
f 827 543 544
f 827 828 543
f 543 829 547
f 543 828 829
f 548 547 830
f 547 831 830
f 547 829 831
f 830 831 550
f 831 549 550
f 831 832 549
f 549 833 553
f 549 832 833
f 553 834 555
f 553 833 834
f 556 555 835
f 555 836 835
f 555 834 836
f 838 837 836
f 836 837 835
f 837 838 558
f 838 557 558
f 838 839 557
f 560 557 840
f 557 841 840
f 557 839 841
f 843 842 841
f 841 842 840
f 845 844 843
f 843 844 842
f 844 845 562
f 845 561 562
f 845 846 561
f 561 847 565
f 561 846 847
f 566 565 848
f 565 849 848
f 565 847 849
f 851 850 849
f 849 850 848
f 853 852 851
f 851 852 850
f 852 853 568
f 853 567 568
f 853 854 567
f 567 855 571
f 567 854 855
f 571 856 573
f 571 855 856
f 573 857 575
f 573 856 857
f 576 575 858
f 575 859 858
f 575 857 859
f 858 859 578
f 859 577 578
f 859 860 577
f 577 861 581
f 577 860 861
f 581 862 583
f 581 861 862
f 583 863 585
f 583 862 863
f 585 864 587
f 585 863 864
f 587 865 589
f 587 864 865
f 590 589 866
f 589 867 866
f 589 865 867
f 866 867 592
f 867 591 592
f 867 868 591
f 591 869 595
f 591 868 869
f 595 870 597
f 595 869 870
f 598 597 871
f 597 872 871
f 597 870 872
f 871 872 600
f 872 599 600
f 872 873 599
f 599 874 603
f 599 873 874
f 603 875 605
f 603 874 875
f 605 876 607
f 605 875 876
f 607 877 609
f 607 876 877
f 609 878 611
f 609 877 878
f 612 611 879
f 611 880 879
f 611 878 880
f 882 881 880
f 880 881 879
f 881 882 614
f 882 613 614
f 882 883 613
f 613 884 617
f 613 883 884
f 618 617 885
f 617 886 885
f 617 884 886
f 885 886 620
f 886 619 620
f 886 887 619
f 619 888 623
f 619 887 888
f 623 889 625
f 623 888 889
f 625 890 627
f 625 889 890
f 627 891 629
f 627 890 891
f 629 892 631
f 629 891 892
f 631 893 632
f 631 892 893
f 632 894 634
f 632 893 894
f 634 895 636
f 634 894 895
f 636 896 638
f 636 895 896
f 639 638 897
f 638 898 897
f 638 896 898
f 900 899 898
f 898 899 897
f 902 901 900
f 900 901 899
f 904 903 902
f 902 903 901
f 903 904 641
f 904 640 641
f 904 905 640
f 640 906 644
f 640 905 906
f 644 907 646
f 644 906 907
f 646 908 648
f 646 907 908
f 648 909 650
f 648 908 909
f 650 910 652
f 650 909 910
f 653 652 911
f 652 912 911
f 652 910 912
f 914 913 912
f 912 913 911
f 916 915 914
f 914 915 913
f 918 917 916
f 916 917 915
f 917 918 655
f 918 654 655
f 918 919 654
f 654 920 658
f 654 919 920
f 658 921 659
f 658 920 921
f 659 922 660
f 659 921 922
f 660 923 661
f 660 922 923
f 661 924 663
f 661 923 924
f 663 925 665
f 663 924 925
f 665 926 667
f 665 925 926
f 667 927 669
f 667 926 927
f 669 928 671
f 669 927 928
f 671 929 673
f 671 928 929
f 673 930 675
f 673 929 930
f 675 931 677
f 675 930 931
f 678 677 932
f 677 933 932
f 677 931 933
f 935 934 933
f 933 934 932
f 934 935 680
f 935 679 680
f 935 936 679
f 679 937 683
f 679 936 937
f 683 938 685
f 683 937 938
f 685 939 686
f 685 938 939
f 686 940 687
f 686 939 940
f 687 941 689
f 687 940 941
f 689 942 691
f 689 941 942
f 691 943 693
f 691 942 943
f 693 944 695
f 693 943 944
f 695 945 697
f 695 944 945
f 697 946 699
f 697 945 946
f 699 947 701
f 699 946 947
f 701 948 703
f 701 947 948
f 703 949 705
f 703 948 949
f 705 950 707
f 705 949 950
f 707 951 709
f 707 950 951
f 709 952 711
f 709 951 952
f 712 711 953
f 711 954 953
f 711 952 954
f 956 955 954
f 954 955 953
f 958 957 956
f 956 957 955
f 957 958 714
f 958 713 714
f 958 959 713
f 713 960 717
f 713 959 960
f 717 961 719
f 717 960 961
f 719 962 721
f 719 961 962
f 721 963 723
f 721 962 963
f 723 964 725
f 723 963 964
f 725 965 727
f 725 964 965
f 727 966 729
f 727 965 966
f 730 729 967
f 729 968 967
f 729 966 968
f 970 969 968
f 968 969 967
f 969 970 732
f 970 731 732
f 970 971 731
f 731 972 735
f 731 971 972
f 736 735 973
f 735 974 973
f 735 972 974
f 973 974 738
f 974 737 738
f 974 975 737
f 737 976 741
f 737 975 976
f 742 741 977
f 741 978 977
f 741 976 978
f 980 979 978
f 978 979 977
f 979 980 744
f 980 743 744
f 980 981 743
f 743 982 747
f 743 981 982
f 747 983 749
f 747 982 983
f 749 984 751
f 749 983 984
f 751 985 753
f 751 984 985
f 753 986 755
f 753 985 986
f 755 987 757
f 755 986 987
f 757 988 759
f 757 987 988
f 759 989 761
f 759 988 989
f 763 990 762
f 762 990 991
f 762 991 765
f 765 991 992
f 765 992 766
f 766 992 993
f 766 993 767
f 767 993 994
f 767 994 768
f 768 994 995
f 768 995 769
f 769 995 996
f 769 996 771
f 771 996 997
f 771 997 773
f 773 997 998
f 773 998 775
f 775 998 999
f 775 999 776
f 776 999 1000
f 776 1000 777
f 777 1000 1001
f 777 1001 778
f 778 1001 1002
f 778 1002 779
f 779 1002 1003
f 779 1003 780
f 780 1003 1004
f 780 1004 781
f 781 1004 1005
f 781 1005 783
f 783 1005 1006
f 783 1006 785
f 785 1006 1007
f 785 1007 787
f 787 1007 1008
f 787 1008 788
f 788 1008 1009
f 788 1009 789
f 789 1009 1010
f 789 1010 790
f 790 1010 1011
f 790 1011 791
f 791 1011 1012
f 791 1012 792
f 792 1012 1013
f 792 1013 793
f 793 1013 1014
f 793 1014 794
f 794 1014 1015
f 794 1015 796
f 796 1015 1016
f 796 1016 798
f 798 1016 1017
f 798 1017 800
f 800 1017 1018
f 800 1018 801
f 801 1018 1019
f 801 1019 802
f 802 1019 1020
f 802 1020 803
f 803 1020 1021
f 803 1021 804
f 804 1021 1022
f 804 1022 805
f 805 1022 1023
f 805 1023 806
f 806 1023 1024
f 806 1024 807
f 807 1024 1025
f 807 1025 809
f 809 1025 1026
f 809 1026 810
f 810 1026 1027
f 810 1027 811
f 811 1027 1028
f 811 1028 813
f 813 1028 1029
f 813 1029 814
f 814 1029 1030
f 1032 1031 1030
f 1031 814 1030
f 1031 815 814
f 815 1033 816
f 815 1031 1033
f 1035 817 1034
f 817 1033 1034
f 817 816 1033
f 817 1035 819
f 819 1035 1036
f 819 1036 820
f 820 1036 1037
f 820 1037 821
f 821 1037 1038
f 821 1038 822
f 822 1038 1039
f 822 1039 823
f 823 1039 1040
f 823 1040 824
f 824 1040 1041
f 824 1041 825
f 825 1041 1042
f 825 1042 827
f 827 1042 1043
f 827 1043 828
f 828 1043 1044
f 828 1044 829
f 829 1044 1045
f 829 1045 831
f 831 1045 1046
f 831 1046 832
f 832 1046 1047
f 832 1047 833
f 833 1047 1048
f 833 1048 834
f 834 1048 1049
f 834 1049 836
f 836 1049 1050
f 836 1050 838
f 838 1050 1051
f 838 1051 839
f 839 1051 1052
f 839 1052 841
f 841 1052 1053
f 841 1053 843
f 843 1053 1054
f 843 1054 845
f 845 1054 1055
f 845 1055 846
f 846 1055 1056
f 846 1056 847
f 847 1056 1057
f 847 1057 849
f 849 1057 1058
f 849 1058 851
f 851 1058 1059
f 851 1059 853
f 853 1059 1060
f 853 1060 854
f 854 1060 1061
f 854 1061 855
f 855 1061 1062
f 855 1062 856
f 856 1062 1063
f 856 1063 857
f 857 1063 1064
f 857 1064 859
f 859 1064 1065
f 859 1065 860
f 860 1065 1066
f 860 1066 861
f 861 1066 1067
f 861 1067 862
f 862 1067 1068
f 862 1068 863
f 863 1068 1069
f 863 1069 864
f 864 1069 1070
f 864 1070 865
f 865 1070 1071
f 865 1071 867
f 867 1071 1072
f 867 1072 868
f 868 1072 1073
f 868 1073 869
f 869 1073 1074
f 869 1074 870
f 870 1074 1075
f 870 1075 872
f 872 1075 1076
f 872 1076 873
f 873 1076 1077
f 873 1077 874
f 874 1077 1078
f 874 1078 875
f 875 1078 1079
f 875 1079 876
f 876 1079 1080
f 876 1080 877
f 877 1080 1081
f 877 1081 878
f 878 1081 1082
f 878 1082 880
f 880 1082 1083
f 880 1083 882
f 882 1083 1084
f 882 1084 883
f 883 1084 1085
f 883 1085 884
f 884 1085 1086
f 884 1086 886
f 886 1086 1087
f 886 1087 887
f 887 1087 1088
f 887 1088 888
f 888 1088 1089
f 888 1089 889
f 889 1089 1090
f 889 1090 890
f 890 1090 1091
f 890 1091 891
f 891 1091 1092
f 891 1092 892
f 892 1092 1093
f 892 1093 893
f 893 1093 1094
f 893 1094 894
f 894 1094 1095
f 894 1095 895
f 895 1095 1096
f 895 1096 896
f 896 1096 1097
f 896 1097 898
f 898 1097 1098
f 898 1098 900
f 900 1098 1099
f 900 1099 902
f 902 1099 1100
f 902 1100 904
f 904 1100 1101
f 904 1101 905
f 905 1101 1102
f 905 1102 906
f 906 1102 1103
f 1105 1104 1103
f 1104 906 1103
f 1104 907 906
f 907 1106 908
f 907 1104 1106
f 1108 909 1107
f 909 1106 1107
f 909 908 1106
f 909 1108 910
f 910 1108 1109
f 910 1109 912
f 912 1109 1110
f 912 1110 914
f 914 1110 1111
f 914 1111 916
f 916 1111 1112
f 916 1112 918
f 918 1112 1113
f 918 1113 919
f 919 1113 1114
f 919 1114 920
f 920 1114 1115
f 920 1115 921
f 921 1115 1116
f 921 1116 922
f 922 1116 1117
f 922 1117 923
f 923 1117 1118
f 923 1118 924
f 924 1118 1119
f 924 1119 925
f 925 1119 1120
f 925 1120 926
f 926 1120 1121
f 926 1121 927
f 927 1121 1122
f 927 1122 928
f 928 1122 1123
f 928 1123 929
f 929 1123 1124
f 929 1124 930
f 930 1124 1125
f 930 1125 931
f 931 1125 1126
f 931 1126 933
f 933 1126 1127
f 933 1127 935
f 935 1127 1128
f 935 1128 936
f 936 1128 1129
f 936 1129 937
f 937 1129 1130
f 937 1130 938
f 938 1130 1131
f 1133 1132 1131
f 1132 938 1131
f 1132 939 938
f 1135 940 1134
f 940 1132 1134
f 940 939 1132
f 940 1135 941
f 941 1135 1136
f 941 1136 942
f 942 1136 1137
f 942 1137 943
f 943 1137 1138
f 943 1138 944
f 944 1138 1139
f 944 1139 945
f 945 1139 1140
f 945 1140 946
f 946 1140 1141
f 946 1141 947
f 947 1141 1142
f 947 1142 948
f 948 1142 1143
f 948 1143 949
f 949 1143 1144
f 949 1144 950
f 950 1144 1145
f 950 1145 951
f 951 1145 1146
f 951 1146 952
f 952 1146 1147
f 952 1147 954
f 954 1147 1148
f 954 1148 956
f 956 1148 1149
f 956 1149 958
f 958 1149 1150
f 958 1150 959
f 959 1150 1151
f 959 1151 960
f 960 1151 1152
f 1154 1153 1152
f 1153 960 1152
f 1153 961 960
f 1156 962 1155
f 962 1153 1155
f 962 961 1153
f 962 1156 963
f 963 1156 1157
f 963 1157 964
f 964 1157 1158
f 964 1158 965
f 965 1158 1159
f 965 1159 966
f 966 1159 1160
f 966 1160 968
f 968 1160 1161
f 968 1161 970
f 970 1161 1162
f 970 1162 971
f 971 1162 1163
f 971 1163 972
f 972 1163 1164
f 972 1164 974
f 974 1164 1165
f 974 1165 975
f 975 1165 1166
f 975 1166 976
f 976 1166 1167
f 976 1167 978
f 978 1167 1168
f 978 1168 980
f 980 1168 1169
f 980 1169 981
f 981 1169 1170
f 981 1170 982
f 982 1170 1171
f 982 1171 983
f 983 1171 1172
f 983 1172 984
f 984 1172 1173
f 1175 1174 1173
f 1174 984 1173
f 1174 985 984
f 985 1176 986
f 985 1174 1176
f 1178 987 1177
f 987 1176 1177
f 987 986 1176
f 987 1178 988
f 988 1178 1179
f 988 1179 989
f 989 1179 1180
f 1032 1181 1031
f 1031 1181 1033
f 1033 1181 1182
f 1033 1182 1034
f 1105 1183 1104
f 1104 1183 1106
f 1106 1183 1184
f 1106 1184 1107
f 1133 1185 1132
f 1132 1185 1134
f 1154 1186 1153
f 1153 1186 1155
f 1175 1187 1174
f 1174 1187 1176
f 1176 1187 1188
f 1176 1188 1177
f 1191 1190 1189
f 1194 1193 1192
f 1192 1195 1194
f 1198 1197 1196
f 1200 1199 1196
f 1196 1199 1198
f 1202 1201 1200
f 1200 1201 1199
f 1202 1203 1201
f 1206 1205 1204
f 1204 1207 1206
f 1210 1209 1208
f 1208 1211 1210
f 1214 1213 1212
f 1216 1215 1212
f 1212 1215 1214
f 1216 1217 1215
f 1220 1219 1218
f 1222 1221 1218
f 1218 1221 1220
f 1224 1223 1222
f 1222 1223 1221
f 1226 1225 1224
f 1224 1225 1223
f 1226 1227 1225
f 1230 1229 1228
f 1232 1231 1228
f 1228 1231 1230
f 1234 1233 1232
f 1232 1233 1231
f 1236 1235 1234
f 1234 1235 1233
f 1236 1237 1235
f 1240 1239 1238
f 1242 1241 1238
f 1238 1241 1240
f 1244 1243 1242
f 1242 1243 1241
f 1246 1245 1244
f 1244 1245 1243
f 1248 1247 1246
f 1246 1247 1245
f 1250 1249 1248
f 1248 1249 1247
f 1250 1251 1249
f 1254 1253 1252
f 1256 1255 1252
f 1252 1255 1254
f 1258 1257 1256
f 1256 1257 1255
f 1260 1259 1258
f 1258 1259 1257
f 1262 1261 1260
f 1260 1261 1259
f 1262 1263 1261
f 1266 1265 1264
f 1268 1267 1264
f 1264 1267 1266
f 1270 1269 1268
f 1268 1269 1267
f 1272 1271 1270
f 1270 1271 1269
f 1274 1273 1272
f 1272 1273 1271
f 1276 1275 1274
f 1274 1275 1273
f 1276 1277 1275
f 1280 1279 1278
f 1282 1281 1278
f 1278 1281 1280
f 1284 1283 1282
f 1282 1283 1281
f 1286 1285 1284
f 1284 1285 1283
f 1288 1287 1286
f 1286 1287 1285
f 1290 1289 1288
f 1288 1289 1287
f 1290 1291 1289
f 1294 1293 1292
f 1292 1295 1294
f 1298 1297 1296
f 1300 1299 1296
f 1296 1299 1298
f 1300 1301 1299
f 1304 1303 1302
f 1306 1305 1302
f 1302 1305 1304
f 1308 1307 1306
f 1306 1307 1305
f 1310 1309 1308
f 1308 1309 1307
f 1312 1311 1310
f 1310 1311 1309
f 1190 1191 1313
f 1313 1191 1314
f 1317 1316 1315
f 1317 1315 1193
f 1315 1192 1193
f 1315 1318 1192
f 1195 1192 1319
f 1192 1320 1319
f 1192 1318 1320
f 1320 1321 1319
f 1324 1323 1322
f 1324 1322 1197
f 1322 1196 1197
f 1322 1325 1196
f 1196 1326 1200
f 1196 1325 1326
f 1200 1327 1202
f 1200 1326 1327
f 1203 1202 1328
f 1202 1329 1328
f 1202 1327 1329
f 1330 1204 1205
f 1329 1331 1328
f 1204 1330 1207
f 1209 1332 1208
f 1208 1332 1211
f 1213 1333 1212
f 1212 1333 1216
f 1216 1333 1334
f 1216 1334 1217
f 1337 1336 1335
f 1335 1338 1337
f 1341 1340 1339
f 1343 1342 1339
f 1339 1342 1341
f 1345 1344 1343
f 1343 1344 1342
f 1347 1346 1345
f 1345 1346 1344
f 1349 1348 1347
f 1347 1348 1346
f 1351 1350 1349
f 1349 1350 1348
f 1351 1352 1350
f 1355 1354 1353
f 1357 1356 1353
f 1353 1356 1355
f 1359 1358 1357
f 1357 1358 1356
f 1361 1360 1359
f 1359 1360 1358
f 1363 1362 1361
f 1361 1362 1360
f 1365 1364 1363
f 1363 1364 1362
f 1367 1366 1365
f 1365 1366 1364
f 1369 1368 1367
f 1367 1368 1366
f 1368 1369 1219
f 1369 1218 1219
f 1369 1370 1218
f 1218 1371 1222
f 1218 1370 1371
f 1222 1372 1224
f 1222 1371 1372
f 1224 1373 1226
f 1224 1372 1373
f 1227 1226 1374
f 1226 1375 1374
f 1226 1373 1375
f 1375 1376 1374
f 1379 1378 1377
f 1379 1377 1229
f 1377 1228 1229
f 1377 1380 1228
f 1228 1381 1232
f 1228 1380 1381
f 1232 1382 1234
f 1232 1381 1382
f 1234 1383 1236
f 1234 1382 1383
f 1237 1236 1384
f 1236 1385 1384
f 1236 1383 1385
f 1387 1386 1385
f 1385 1386 1384
f 1389 1388 1387
f 1387 1388 1386
f 1389 1390 1388
f 1238 1239 1391
f 1391 1239 1392
f 1238 1393 1242
f 1238 1391 1393
f 1242 1394 1244
f 1242 1393 1394
f 1244 1395 1246
f 1244 1394 1395
f 1246 1396 1248
f 1246 1395 1396
f 1248 1397 1250
f 1248 1396 1397
f 1251 1250 1398
f 1398 1250 1397
f 1252 1253 1399
f 1399 1253 1400
f 1252 1401 1256
f 1252 1399 1401
f 1256 1402 1258
f 1256 1401 1402
f 1258 1403 1260
f 1258 1402 1403
f 1260 1404 1262
f 1260 1403 1404
f 1263 1262 1405
f 1262 1406 1405
f 1262 1404 1406
f 1405 1406 1265
f 1406 1264 1265
f 1406 1407 1264
f 1264 1408 1268
f 1264 1407 1408
f 1268 1409 1270
f 1268 1408 1409
f 1270 1410 1272
f 1270 1409 1410
f 1272 1411 1274
f 1272 1410 1411
f 1274 1412 1276
f 1274 1411 1412
f 1277 1276 1413
f 1413 1276 1412
f 1278 1279 1414
f 1414 1279 1415
f 1278 1416 1282
f 1278 1414 1416
f 1282 1417 1284
f 1282 1416 1417
f 1284 1418 1286
f 1284 1417 1418
f 1286 1419 1288
f 1286 1418 1419
f 1288 1420 1290
f 1288 1419 1420
f 1291 1290 1421
f 1290 1422 1421
f 1290 1420 1422
f 1424 1423 1422
f 1422 1423 1421
f 1426 1425 1424
f 1424 1425 1423
f 1426 1427 1425
f 1430 1429 1428
f 1432 1431 1428
f 1428 1431 1430
f 1434 1433 1432
f 1432 1433 1431
f 1434 1435 1433
f 1438 1437 1436
f 1438 1436 1293
f 1436 1292 1293
f 1436 1439 1292
f 1295 1292 1440
f 1440 1292 1439
f 1443 1442 1441
f 1445 1444 1441
f 1441 1444 1443
f 1447 1446 1445
f 1445 1446 1444
f 1449 1448 1447
f 1447 1448 1446
f 1448 1449 1297
f 1449 1296 1297
f 1449 1450 1296
f 1296 1451 1300
f 1296 1450 1451
f 1301 1300 1452
f 1300 1453 1452
f 1300 1451 1453
f 1455 1454 1453
f 1453 1454 1452
f 1457 1456 1455
f 1455 1456 1454
f 1459 1458 1457
f 1457 1458 1456
f 1459 1460 1458
f 1463 1462 1461
f 1463 1461 1303
f 1461 1302 1303
f 1461 1464 1302
f 1302 1465 1306
f 1302 1464 1465
f 1306 1466 1308
f 1306 1465 1466
f 1308 1467 1310
f 1308 1466 1467
f 1310 1468 1312
f 1310 1467 1468
f 1314 1469 1313
f 1316 1470 1315
f 1315 1470 1318
f 1318 1470 1471
f 1318 1471 1320
f 1320 1471 1472
f 1320 1472 1321
f 1323 1473 1322
f 1322 1473 1325
f 1325 1473 1474
f 1325 1474 1326
f 1326 1474 1475
f 1326 1475 1327
f 1327 1475 1476
f 1327 1476 1329
f 1329 1476 1477
f 1329 1477 1331
f 1336 1478 1335
f 1335 1478 1338
f 1340 1479 1339
f 1339 1479 1343
f 1343 1479 1480
f 1343 1480 1345
f 1345 1480 1481
f 1345 1481 1347
f 1347 1481 1482
f 1347 1482 1349
f 1349 1482 1483
f 1349 1483 1351
f 1351 1483 1484
f 1351 1484 1352
f 1354 1485 1353
f 1353 1485 1357
f 1357 1485 1486
f 1357 1486 1359
f 1359 1486 1487
f 1359 1487 1361
f 1361 1487 1488
f 1361 1488 1363
f 1363 1488 1489
f 1363 1489 1365
f 1365 1489 1490
f 1365 1490 1367
f 1367 1490 1491
f 1367 1491 1369
f 1369 1491 1492
f 1369 1492 1370
f 1370 1492 1493
f 1370 1493 1371
f 1371 1493 1494
f 1371 1494 1372
f 1372 1494 1495
f 1372 1495 1373
f 1373 1495 1496
f 1373 1496 1375
f 1375 1496 1497
f 1375 1497 1376
f 1378 1498 1377
f 1377 1498 1380
f 1380 1498 1499
f 1380 1499 1381
f 1381 1499 1500
f 1381 1500 1382
f 1382 1500 1501
f 1382 1501 1383
f 1383 1501 1502
f 1383 1502 1385
f 1385 1502 1503
f 1385 1503 1387
f 1387 1503 1504
f 1387 1504 1389
f 1389 1504 1505
f 1389 1505 1390
f 1392 1506 1391
f 1391 1506 1393
f 1393 1506 1507
f 1393 1507 1394
f 1394 1507 1508
f 1394 1508 1395
f 1395 1508 1509
f 1395 1509 1396
f 1396 1509 1510
f 1396 1510 1397
f 1397 1510 1511
f 1397 1511 1398
f 1400 1512 1399
f 1399 1512 1401
f 1401 1512 1513
f 1401 1513 1402
f 1402 1513 1514
f 1516 1515 1514
f 1515 1402 1514
f 1515 1403 1402
f 1518 1404 1517
f 1404 1515 1517
f 1404 1403 1515
f 1404 1518 1406
f 1406 1518 1519
f 1406 1519 1407
f 1407 1519 1520
f 1407 1520 1408
f 1408 1520 1521
f 1408 1521 1409
f 1409 1521 1522
f 1524 1523 1522
f 1523 1409 1522
f 1523 1410 1409
f 1410 1525 1411
f 1410 1523 1525
f 1527 1412 1526
f 1412 1525 1526
f 1412 1411 1525
f 1412 1527 1413
f 1415 1528 1414
f 1414 1528 1416
f 1416 1528 1529
f 1416 1529 1417
f 1417 1529 1530
f 1417 1530 1418
f 1418 1530 1531
f 1533 1532 1531
f 1532 1418 1531
f 1532 1419 1418
f 1535 1420 1534
f 1420 1532 1534
f 1420 1419 1532
f 1420 1535 1422
f 1422 1535 1536
f 1422 1536 1424
f 1424 1536 1537
f 1424 1537 1426
f 1426 1537 1538
f 1426 1538 1427
f 1429 1539 1428
f 1428 1539 1432
f 1432 1539 1540
f 1432 1540 1434
f 1434 1540 1541
f 1434 1541 1435
f 1437 1542 1436
f 1436 1542 1439
f 1439 1542 1543
f 1439 1543 1440
f 1442 1544 1441
f 1441 1544 1445
f 1445 1544 1545
f 1445 1545 1447
f 1447 1545 1546
f 1447 1546 1449
f 1449 1546 1547
f 1549 1548 1547
f 1548 1449 1547
f 1548 1450 1449
f 1551 1451 1550
f 1451 1548 1550
f 1451 1450 1548
f 1451 1551 1453
f 1453 1551 1552
f 1453 1552 1455
f 1455 1552 1553
f 1455 1553 1457
f 1457 1553 1554
f 1457 1554 1459
f 1459 1554 1555
f 1459 1555 1460
f 1462 1556 1461
f 1558 1557 1556
f 1557 1461 1556
f 1557 1464 1461
f 1464 1559 1465
f 1464 1557 1559
f 1561 1466 1560
f 1466 1559 1560
f 1466 1465 1559
f 1466 1561 1467
f 1467 1561 1562
f 1467 1562 1468
f 1468 1562 1563
f 1516 1564 1515
f 1515 1564 1517
f 1524 1565 1523
f 1523 1565 1525
f 1525 1565 1566
f 1525 1566 1526
f 1533 1567 1532
f 1532 1567 1534
f 1549 1568 1548
f 1548 1568 1550
f 1557 1558 1569
f 1569 1558 1570
f 1557 1571 1559
f 1557 1569 1571
f 1560 1559 1572
f 1572 1559 1571
f 1575 1574 1573
f 1577 1576 1573
f 1573 1576 1575
f 1577 1578 1576
f 1581 1580 1579
f 1579 1582 1581
f 1585 1584 1583
f 1583 1586 1585
f 1589 1588 1587
f 1587 1590 1589
f 1593 1592 1591
f 1591 1594 1593
f 1597 1596 1595
f 1595 1598 1597
f 1601 1600 1599
f 1599 1602 1601
f 1605 1604 1603
f 1607 1606 1603
f 1603 1606 1605
f 1609 1608 1607
f 1607 1608 1606
f 1609 1610 1608
f 1613 1612 1611
f 1615 1614 1611
f 1611 1614 1613
f 1615 1616 1614
f 1619 1618 1617
f 1621 1620 1617
f 1617 1620 1619
f 1621 1622 1620
f 1569 1570 1623
f 1623 1570 1624
f 1569 1625 1571
f 1569 1623 1625
f 1572 1571 1626
f 1626 1571 1625
f 1574 1627 1573
f 1573 1627 1577
f 1577 1627 1628
f 1577 1628 1578
f 1580 1629 1579
f 1579 1629 1582
f 1584 1630 1583
f 1583 1630 1586
f 1588 1631 1587
f 1587 1631 1590
f 1592 1632 1591
f 1591 1632 1594
f 1596 1633 1595
f 1595 1633 1598
f 1599 1600 1634
f 1634 1600 1635
f 1602 1599 1636
f 1636 1599 1634
f 1604 1637 1603
f 1639 1638 1637
f 1638 1603 1637
f 1638 1607 1603
f 1641 1609 1640
f 1609 1638 1640
f 1609 1607 1638
f 1609 1641 1610
f 1612 1642 1611
f 1611 1642 1615
f 1615 1642 1643
f 1615 1643 1616
f 1618 1644 1617
f 1617 1644 1621
f 1621 1644 1645
f 1621 1645 1622
f 1624 1646 1623
f 1623 1646 1625
f 1625 1646 1647
f 1625 1647 1626
f 1635 1648 1634
f 1634 1648 1636
f 1639 1649 1638
f 1638 1649 1640
f 1652 1651 1650
f 1654 1653 1650
f 1650 1653 1652
f 1654 1655 1653
f 1658 1657 1656
f 1660 1659 1656
f 1656 1659 1658
f 1660 1661 1659
f 1664 1663 1662
f 1666 1665 1662
f 1662 1665 1664
f 1666 1667 1665
f 1670 1669 1668
f 1672 1671 1668
f 1668 1671 1670
f 1672 1673 1671
f 1676 1675 1674
f 1674 1677 1676
f 1680 1679 1678
f 1683 1682 1681
f 1685 1684 1681
f 1681 1684 1683
f 1685 1686 1684
f 1689 1688 1687
f 1691 1690 1687
f 1687 1690 1689
f 1693 1692 1691
f 1691 1692 1690
f 1695 1694 1693
f 1693 1694 1692
f 1697 1696 1695
f 1695 1696 1694
f 1697 1698 1696
f 1701 1700 1699
f 1703 1702 1699
f 1699 1702 1701
f 1705 1704 1703
f 1703 1704 1702
f 1707 1706 1705
f 1705 1706 1704
f 1709 1708 1707
f 1707 1708 1706
f 1711 1710 1709
f 1709 1710 1708
f 1713 1712 1711
f 1711 1712 1710
f 1715 1714 1713
f 1713 1714 1712
f 1715 1716 1714
f 1719 1718 1717
f 1721 1720 1717
f 1717 1720 1719
f 1723 1722 1721
f 1721 1722 1720
f 1722 1723 1651
f 1723 1650 1651
f 1723 1724 1650
f 1650 1725 1654
f 1650 1724 1725
f 1655 1654 1726
f 1654 1727 1726
f 1654 1725 1727
f 1729 1728 1727
f 1727 1728 1726
f 1731 1730 1729
f 1729 1730 1728
f 1733 1732 1731
f 1731 1732 1730
f 1735 1734 1733
f 1733 1734 1732
f 1737 1736 1735
f 1735 1736 1734
f 1739 1738 1737
f 1737 1738 1736
f 1738 1739 1657
f 1739 1656 1657
f 1739 1740 1656
f 1656 1741 1660
f 1656 1740 1741
f 1661 1660 1742
f 1660 1743 1742
f 1660 1741 1743
f 1745 1744 1743
f 1743 1744 1742
f 1747 1746 1745
f 1745 1746 1744
f 1749 1748 1747
f 1747 1748 1746
f 1751 1750 1749
f 1749 1750 1748
f 1750 1751 1663
f 1751 1662 1663
f 1751 1752 1662
f 1662 1753 1666
f 1662 1752 1753
f 1667 1666 1754
f 1666 1755 1754
f 1666 1753 1755
f 1757 1756 1755
f 1755 1756 1754
f 1759 1758 1757
f 1757 1758 1756
f 1761 1760 1759
f 1759 1760 1758
f 1763 1762 1761
f 1761 1762 1760
f 1765 1764 1763
f 1763 1764 1762
f 1767 1766 1765
f 1765 1766 1764
f 1766 1767 1669
f 1767 1668 1669
f 1767 1768 1668
f 1668 1769 1672
f 1668 1768 1769
f 1673 1672 1770
f 1672 1771 1770
f 1672 1769 1771
f 1773 1772 1771
f 1771 1772 1770
f 1775 1774 1773
f 1773 1774 1772
f 1777 1776 1775
f 1775 1776 1774
f 1779 1778 1777
f 1777 1778 1776
f 1781 1780 1779
f 1779 1780 1778
f 1783 1782 1781
f 1781 1782 1780
f 1785 1784 1783
f 1783 1784 1782
f 1787 1786 1785
f 1785 1786 1784
f 1789 1788 1787
f 1787 1788 1786
f 1791 1790 1789
f 1789 1790 1788
f 1793 1792 1791
f 1791 1792 1790
f 1795 1794 1793
f 1793 1794 1792
f 1795 1796 1794
f 1799 1798 1797
f 1801 1800 1797
f 1797 1800 1799
f 1803 1802 1801
f 1801 1802 1800
f 1802 1803 1675
f 1803 1674 1675
f 1803 1804 1674
f 1677 1674 1805
f 1674 1806 1805
f 1674 1804 1806
f 1808 1807 1806
f 1806 1807 1805
f 1810 1809 1808
f 1808 1809 1807
f 1812 1811 1810
f 1810 1811 1809
f 1814 1813 1812
f 1812 1813 1811
f 1816 1815 1814
f 1814 1815 1813
f 1818 1817 1816
f 1816 1817 1815
f 1820 1819 1818
f 1818 1819 1817
f 1822 1821 1820
f 1820 1821 1819
f 1822 1823 1821
f 1826 1825 1824
f 1828 1827 1824
f 1824 1827 1826
f 1680 1829 1679
f 1682 1830 1681
f 1681 1830 1685
f 1685 1830 1831
f 1685 1831 1686
f 1687 1688 1832
f 1832 1688 1833
f 1687 1834 1691
f 1687 1832 1834
f 1836 1693 1835
f 1693 1834 1835
f 1693 1691 1834
f 1693 1836 1695
f 1695 1836 1837
f 1695 1837 1697
f 1697 1837 1838
f 1697 1838 1698
f 1700 1839 1699
f 1699 1839 1703
f 1703 1839 1840
f 1703 1840 1705
f 1705 1840 1841
f 1705 1841 1707
f 1707 1841 1842
f 1707 1842 1709
f 1709 1842 1843
f 1709 1843 1711
f 1711 1843 1844
f 1846 1845 1844
f 1845 1711 1844
f 1845 1713 1711
f 1848 1715 1847
f 1715 1845 1847
f 1715 1713 1845
f 1715 1848 1716
f 1718 1849 1717
f 1851 1850 1849
f 1850 1717 1849
f 1850 1721 1717
f 1721 1852 1723
f 1721 1850 1852
f 1723 1853 1724
f 1723 1852 1853
f 1724 1854 1725
f 1724 1853 1854
f 1725 1855 1727
f 1725 1854 1855
f 1727 1856 1729
f 1727 1855 1856
f 1858 1731 1857
f 1731 1856 1857
f 1731 1729 1856
f 1731 1858 1733
f 1733 1858 1859
f 1733 1859 1735
f 1735 1859 1860
f 1862 1861 1860
f 1861 1735 1860
f 1861 1737 1735
f 1737 1863 1739
f 1737 1861 1863
f 1739 1864 1740
f 1739 1863 1864
f 1740 1865 1741
f 1740 1864 1865
f 1741 1866 1743
f 1741 1865 1866
f 1743 1867 1745
f 1743 1866 1867
f 1745 1868 1747
f 1745 1867 1868
f 1747 1869 1749
f 1747 1868 1869
f 1749 1870 1751
f 1749 1869 1870
f 1751 1871 1752
f 1751 1870 1871
f 1752 1872 1753
f 1752 1871 1872
f 1753 1873 1755
f 1753 1872 1873
f 1875 1757 1874
f 1757 1873 1874
f 1757 1755 1873
f 1757 1875 1759
f 1759 1875 1876
f 1878 1877 1876
f 1877 1759 1876
f 1877 1761 1759
f 1761 1879 1763
f 1761 1877 1879
f 1763 1880 1765
f 1763 1879 1880
f 1765 1881 1767
f 1765 1880 1881
f 1767 1882 1768
f 1767 1881 1882
f 1768 1883 1769
f 1768 1882 1883
f 1769 1884 1771
f 1769 1883 1884
f 1771 1885 1773
f 1771 1884 1885
f 1773 1886 1775
f 1773 1885 1886
f 1888 1777 1887
f 1777 1886 1887
f 1777 1775 1886
f 1777 1888 1779
f 1779 1888 1889
f 1891 1890 1889
f 1890 1779 1889
f 1890 1781 1779
f 1781 1892 1783
f 1781 1890 1892
f 1783 1893 1785
f 1783 1892 1893
f 1895 1787 1894
f 1787 1893 1894
f 1787 1785 1893
f 1787 1895 1789
f 1789 1895 1896
f 1898 1897 1896
f 1897 1789 1896
f 1897 1791 1789
f 1791 1899 1793
f 1791 1897 1899
f 1793 1900 1795
f 1793 1899 1900
f 1796 1795 1901
f 1901 1795 1900
f 1797 1798 1902
f 1902 1798 1903
f 1797 1904 1801
f 1797 1902 1904
f 1801 1905 1803
f 1801 1904 1905
f 1803 1906 1804
f 1803 1905 1906
f 1804 1907 1806
f 1804 1906 1907
f 1806 1908 1808
f 1806 1907 1908
f 1910 1810 1909
f 1810 1908 1909
f 1810 1808 1908
f 1912 1911 1910
f 1911 1810 1910
f 1911 1812 1810
f 1914 1814 1913
f 1814 1911 1913
f 1814 1812 1911
f 1814 1914 1816
f 1816 1914 1915
f 1816 1915 1818
f 1818 1915 1916
f 1818 1916 1820
f 1820 1916 1917
f 1820 1917 1822
f 1822 1917 1918
f 1822 1918 1823
f 1825 1919 1824
f 1824 1919 1828
f 1828 1919 1920
f 1833 1921 1832
f 1832 1921 1834
f 1834 1921 1922
f 1834 1922 1835
f 1846 1923 1845
f 1845 1923 1847
f 1851 1924 1850
f 1850 1924 1852
f 1852 1924 1925
f 1852 1925 1853
f 1853 1925 1926
f 1853 1926 1854
f 1854 1926 1927
f 1854 1927 1855
f 1855 1927 1928
f 1855 1928 1856
f 1856 1928 1929
f 1856 1929 1857
f 1862 1930 1861
f 1861 1930 1863
f 1863 1930 1931
f 1863 1931 1864
f 1864 1931 1932
f 1864 1932 1865
f 1865 1932 1933
f 1865 1933 1866
f 1866 1933 1934
f 1866 1934 1867
f 1867 1934 1935
f 1867 1935 1868
f 1868 1935 1936
f 1868 1936 1869
f 1869 1936 1937
f 1869 1937 1870
f 1870 1937 1938
f 1870 1938 1871
f 1871 1938 1939
f 1871 1939 1872
f 1872 1939 1940
f 1872 1940 1873
f 1873 1940 1941
f 1873 1941 1874
f 1878 1942 1877
f 1877 1942 1879
f 1879 1942 1943
f 1879 1943 1880
f 1880 1943 1944
f 1880 1944 1881
f 1881 1944 1945
f 1881 1945 1882
f 1882 1945 1946
f 1882 1946 1883
f 1883 1946 1947
f 1883 1947 1884
f 1884 1947 1948
f 1884 1948 1885
f 1885 1948 1949
f 1885 1949 1886
f 1886 1949 1950
f 1886 1950 1887
f 1891 1951 1890
f 1890 1951 1892
f 1892 1951 1952
f 1892 1952 1893
f 1893 1952 1953
f 1893 1953 1894
f 1898 1954 1897
f 1897 1954 1899
f 1899 1954 1955
f 1899 1955 1900
f 1900 1955 1956
f 1900 1956 1901
f 1903 1957 1902
f 1902 1957 1904
f 1904 1957 1958
f 1904 1958 1905
f 1905 1958 1959
f 1905 1959 1906
f 1906 1959 1960
f 1906 1960 1907
f 1907 1960 1961
f 1907 1961 1908
f 1908 1961 1962
f 1908 1962 1909
f 1912 1963 1911
f 1911 1963 1913
f 1966 1965 1964
f 1964 1967 1966
f 1970 1969 1968
f 1972 1971 1968
f 1968 1971 1970
f 1974 1973 1972
f 1972 1973 1971
f 1976 1975 1974
f 1974 1975 1973
f 1976 1977 1975
f 1965 1978 1964
f 1964 1978 1967
f 1969 1979 1968
f 1968 1979 1972
f 1972 1979 1980
f 1972 1980 1974
f 1974 1980 1981
f 1974 1981 1976
f 1976 1981 1982
f 1976 1982 1977
f 1985 1984 1983
f 1987 1986 1983
f 1983 1986 1985
f 1989 1988 1987
f 1987 1988 1986
f 1989 1990 1988
f 1993 1992 1991
f 1995 1994 1991
f 1991 1994 1993
f 1997 1996 1995
f 1995 1996 1994
f 1997 1998 1996
f 2001 2000 1999
f 2003 2002 1999
f 1999 2002 2001
f 2005 2004 2003
f 2003 2004 2002
f 2007 2006 2005
f 2005 2006 2004
f 2009 2008 2007
f 2007 2008 2006
f 2011 2010 2009
f 2009 2010 2008
f 2011 2012 2010
f 2015 2014 2013
f 2013 2016 2015
f 2019 2018 2017
f 2021 2020 2017
f 2017 2020 2019
f 2023 2022 2021
f 2021 2022 2020
f 2023 2024 2022
f 2027 2026 2025
f 2029 2028 2025
f 2025 2028 2027
f 2031 2030 2029
f 2029 2030 2028
f 2030 2031 1984
f 2031 1983 1984
f 2031 2032 1983
f 1983 2033 1987
f 1983 2032 2033
f 1987 2034 1989
f 1987 2033 2034
f 1990 1989 2035
f 1989 2036 2035
f 1989 2034 2036
f 2038 2037 2036
f 2036 2037 2035
f 2040 2039 2038
f 2038 2039 2037
f 2042 2041 2040
f 2040 2041 2039
f 2041 2042 1992
f 2042 1991 1992
f 2042 2043 1991
f 1991 2044 1995
f 1991 2043 2044
f 1995 2045 1997
f 1995 2044 2045
f 1998 1997 2046
f 1997 2047 2046
f 1997 2045 2047
f 2049 2048 2047
f 2047 2048 2046
f 2048 2049 2000
f 2049 1999 2000
f 2049 2050 1999
f 1999 2051 2003
f 1999 2050 2051
f 2003 2052 2005
f 2003 2051 2052
f 2005 2053 2007
f 2005 2052 2053
f 2007 2054 2009
f 2007 2053 2054
f 2009 2055 2011
f 2009 2054 2055
f 2012 2011 2056
f 2011 2057 2056
f 2011 2055 2057
f 2056 2057 2014
f 2057 2013 2014
f 2057 2058 2013
f 2016 2013 2059
f 2013 2060 2059
f 2013 2058 2060
f 2062 2061 2060
f 2060 2061 2059
f 2061 2062 2018
f 2062 2017 2018
f 2062 2063 2017
f 2017 2064 2021
f 2017 2063 2064
f 2021 2065 2023
f 2021 2064 2065
f 2024 2023 2066
f 2023 2067 2066
f 2023 2065 2067
f 2069 2068 2067
f 2067 2068 2066
f 2071 2070 2069
f 2069 2070 2068
f 2073 2072 2071
f 2071 2072 2070
f 2073 2074 2072
f 2077 2076 2075
f 2079 2078 2075
f 2075 2078 2077
f 2081 2080 2079
f 2079 2080 2078
f 2081 2082 2080
f 2026 2083 2025
f 2025 2083 2029
f 2029 2083 2084
f 2029 2084 2031
f 2031 2084 2085
f 2031 2085 2032
f 2032 2085 2086
f 2032 2086 2033
f 2033 2086 2087
f 2033 2087 2034
f 2034 2087 2088
f 2034 2088 2036
f 2036 2088 2089
f 2036 2089 2038
f 2038 2089 2090
f 2038 2090 2040
f 2040 2090 2091
f 2040 2091 2042
f 2042 2091 2092
f 2042 2092 2043
f 2043 2092 2093
f 2043 2093 2044
f 2044 2093 2094
f 2044 2094 2045
f 2045 2094 2095
f 2045 2095 2047
f 2047 2095 2096
f 2047 2096 2049
f 2049 2096 2097
f 2049 2097 2050
f 2050 2097 2098
f 2050 2098 2051
f 2051 2098 2099
f 2051 2099 2052
f 2052 2099 2100
f 2102 2101 2100
f 2101 2052 2100
f 2101 2053 2052
f 2053 2103 2054
f 2053 2101 2103
f 2105 2055 2104
f 2055 2103 2104
f 2055 2054 2103
f 2055 2105 2057
f 2057 2105 2106
f 2057 2106 2058
f 2058 2106 2107
f 2058 2107 2060
f 2060 2107 2108
f 2060 2108 2062
f 2062 2108 2109
f 2062 2109 2063
f 2063 2109 2110
f 2112 2111 2110
f 2111 2063 2110
f 2111 2064 2063
f 2114 2065 2113
f 2065 2111 2113
f 2065 2064 2111
f 2065 2114 2067
f 2067 2114 2115
f 2067 2115 2069
f 2069 2115 2116
f 2069 2116 2071
f 2071 2116 2117
f 2071 2117 2073
f 2073 2117 2118
f 2073 2118 2074
f 2076 2119 2075
f 2075 2119 2079
f 2079 2119 2120
f 2079 2120 2081
f 2081 2120 2121
f 2081 2121 2082
f 2102 2122 2101
f 2101 2122 2103
f 2103 2122 2123
f 2103 2123 2104
f 2112 2124 2111
f 2111 2124 2113
f 2127 2126 2125
f 2125 2128 2127
f 2131 2130 2129
f 2133 2132 2129
f 2129 2132 2131
f 2135 2134 2133
f 2133 2134 2132
f 2137 2136 2135
f 2135 2136 2134
f 2137 2138 2136
f 2141 2140 2139
f 2143 2142 2139
f 2139 2142 2141
f 2143 2144 2142
f 2147 2146 2145
f 2149 2148 2145
f 2145 2148 2147
f 2151 2150 2149
f 2149 2150 2148
f 2151 2152 2150
f 2155 2154 2153
f 2153 2156 2155
f 2159 2158 2157
f 2157 2160 2159
f 2163 2162 2161
f 2161 2164 2163
f 2167 2166 2165
f 2169 2168 2165
f 2165 2168 2167
f 2169 2170 2168
f 2173 2172 2171
f 2175 2174 2171
f 2171 2174 2173
f 2175 2176 2174
f 2179 2178 2177
f 2181 2180 2177
f 2177 2180 2179
f 2181 2182 2180
f 2185 2184 2183
f 2187 2186 2183
f 2183 2186 2185
f 2187 2188 2186
f 2191 2190 2189
f 2189 2192 2191
f 2195 2194 2193
f 2193 2196 2195
f 2125 2126 2197
f 2197 2126 2198
f 2128 2125 2199
f 2125 2200 2199
f 2125 2197 2200
f 2200 2201 2199
f 2130 2202 2129
f 2204 2203 2202
f 2203 2129 2202
f 2203 2133 2129
f 2133 2205 2135
f 2133 2203 2205
f 2135 2206 2137
f 2135 2205 2206
f 2138 2137 2207
f 2207 2137 2206
f 2139 2140 2208
f 2208 2140 2209
f 2139 2210 2143
f 2139 2208 2210
f 2144 2143 2211
f 2211 2143 2210
f 2145 2146 2212
f 2212 2146 2213
f 2145 2214 2149
f 2145 2212 2214
f 2149 2215 2151
f 2149 2214 2215
f 2152 2151 2216
f 2216 2151 2215
f 2154 2217 2153
f 2153 2217 2156
f 2158 2218 2157
f 2157 2218 2160
f 2161 2162 2219
f 2219 2162 2220
f 2164 2161 2221
f 2221 2161 2219
f 2165 2166 2222
f 2222 2166 2223
f 2165 2224 2169
f 2165 2222 2224
f 2170 2169 2225
f 2225 2169 2224
f 2171 2172 2226
f 2226 2172 2227
f 2171 2228 2175
f 2171 2226 2228
f 2176 2175 2229
f 2229 2175 2228
f 2177 2178 2230
f 2230 2178 2231
f 2177 2232 2181
f 2177 2230 2232
f 2182 2181 2233
f 2233 2181 2232
f 2183 2184 2234
f 2234 2184 2235
f 2183 2236 2187
f 2183 2234 2236
f 2188 2187 2237
f 2237 2187 2236
f 2240 2239 2238
f 2240 2238 2190
f 2238 2189 2190
f 2238 2241 2189
f 2192 2189 2242
f 2242 2189 2241
f 2245 2244 2243
f 2247 2246 2243
f 2243 2246 2245
f 2247 2248 2246
f 2193 2194 2249
f 2249 2194 2250
f 2196 2193 2251
f 2193 2252 2251
f 2193 2249 2252
f 2252 2253 2251
f 2198 2254 2197
f 2256 2255 2254
f 2255 2197 2254
f 2255 2200 2197
f 2201 2200 2257
f 2257 2200 2255
f 2204 2258 2203
f 2203 2258 2205
f 2205 2258 2259
f 2205 2259 2206
f 2206 2259 2260
f 2206 2260 2207
f 2208 2209 2261
f 2261 2209 2262
f 2208 2263 2210
f 2208 2261 2263
f 2211 2210 2264
f 2264 2210 2263
f 2213 2265 2212
f 2267 2266 2265
f 2266 2212 2265
f 2266 2214 2212
f 2214 2268 2215
f 2214 2266 2268
f 2216 2215 2269
f 2269 2215 2268
f 2220 2270 2219
f 2219 2270 2221
f 2222 2223 2271
f 2271 2223 2272
f 2222 2273 2224
f 2222 2271 2273
f 2225 2224 2274
f 2274 2224 2273
f 2226 2227 2275
f 2275 2227 2276
f 2226 2277 2228
f 2226 2275 2277
f 2229 2228 2278
f 2278 2228 2277
f 2230 2231 2279
f 2279 2231 2280
f 2230 2281 2232
f 2230 2279 2281
f 2233 2232 2282
f 2282 2232 2281
f 2234 2235 2283
f 2283 2235 2284
f 2234 2285 2236
f 2234 2283 2285
f 2237 2236 2286
f 2286 2236 2285
f 2238 2239 2287
f 2287 2239 2288
f 2238 2289 2241
f 2238 2287 2289
f 2242 2241 2290
f 2290 2241 2289
f 2243 2244 2291
f 2291 2244 2292
f 2243 2293 2247
f 2243 2291 2293
f 2248 2247 2294
f 2294 2247 2293
f 2249 2250 2295
f 2295 2250 2296
f 2298 2252 2297
f 2252 2295 2297
f 2252 2249 2295
f 2252 2298 2253
f 2301 2300 2299
f 2301 2299 2256
f 2299 2255 2256
f 2299 2302 2255
f 2257 2255 2303
f 2303 2255 2302
f 2306 2305 2304
f 2308 2307 2304
f 2304 2307 2306
f 2308 2309 2307
f 2261 2262 2310
f 2310 2262 2311
f 2261 2312 2263
f 2261 2310 2312
f 2264 2263 2313
f 2263 2314 2313
f 2263 2312 2314
f 2314 2315 2313
f 2266 2267 2316
f 2316 2267 2317
f 2266 2318 2268
f 2266 2316 2318
f 2269 2268 2319
f 2319 2268 2318
f 2322 2321 2320
f 2324 2323 2320
f 2320 2323 2322
f 2324 2325 2323
f 2328 2327 2326
f 2326 2329 2328
f 2332 2331 2330
f 2334 2333 2330
f 2330 2333 2332
f 2333 2334 2272
f 2334 2271 2272
f 2334 2335 2271
f 2271 2336 2273
f 2271 2335 2336
f 2274 2273 2337
f 2337 2273 2336
f 2275 2276 2338
f 2338 2276 2339
f 2275 2340 2277
f 2275 2338 2340
f 2278 2277 2341
f 2341 2277 2340
f 2279 2280 2342
f 2342 2280 2343
f 2279 2344 2281
f 2279 2342 2344
f 2282 2281 2345
f 2345 2281 2344
f 2348 2347 2346
f 2350 2349 2346
f 2346 2349 2348
f 2350 2351 2349
f 2354 2353 2352
f 2352 2355 2354
f 2358 2357 2356
f 2356 2359 2358
f 2362 2361 2360
f 2364 2363 2360
f 2360 2363 2362
f 2364 2365 2363
f 2368 2367 2366
f 2370 2369 2366
f 2366 2369 2368
f 2370 2371 2369
f 2283 2284 2372
f 2372 2284 2373
f 2283 2374 2285
f 2283 2372 2374
f 2286 2285 2375
f 2285 2376 2375
f 2285 2374 2376
f 2376 2377 2375
f 2287 2288 2378
f 2378 2288 2379
f 2287 2380 2289
f 2287 2378 2380
f 2290 2289 2381
f 2381 2289 2380
f 2291 2292 2382
f 2382 2292 2383
f 2291 2384 2293
f 2291 2382 2384
f 2294 2293 2385
f 2385 2293 2384
f 2295 2296 2386
f 2386 2296 2387
f 2297 2295 2388
f 2295 2389 2388
f 2295 2386 2389
f 2389 2390 2388
f 2393 2392 2391
f 2393 2391 2300
f 2391 2299 2300
f 2391 2394 2299
f 2299 2395 2302
f 2299 2394 2395
f 2303 2302 2396
f 2302 2397 2396
f 2302 2395 2397
f 2397 2398 2396
f 2401 2400 2399
f 2399 2402 2401
f 2405 2404 2403
f 2403 2406 2405
f 2304 2305 2407
f 2407 2305 2408
f 2304 2409 2308
f 2304 2407 2409
f 2309 2308 2410
f 2410 2308 2409
f 2310 2311 2411
f 2411 2311 2412
f 2310 2413 2312
f 2310 2411 2413
f 2415 2314 2414
f 2314 2413 2414
f 2314 2312 2413
f 2314 2415 2315
f 2316 2317 2416
f 2416 2317 2417
f 2316 2418 2318
f 2316 2416 2418
f 2319 2318 2419
f 2419 2318 2418
f 2320 2321 2420
f 2420 2321 2421
f 2320 2422 2324
f 2320 2420 2422
f 2325 2324 2423
f 2423 2324 2422
f 2327 2424 2326
f 2326 2424 2329
f 2331 2425 2330
f 2330 2425 2334
f 2334 2425 2426
f 2428 2427 2426
f 2427 2334 2426
f 2427 2335 2334
f 2335 2429 2336
f 2335 2427 2429
f 2337 2336 2430
f 2430 2336 2429
f 2338 2339 2431
f 2431 2339 2432
f 2338 2433 2340
f 2338 2431 2433
f 2341 2340 2434
f 2340 2435 2434
f 2340 2433 2435
f 2435 2436 2434
f 2342 2343 2437
f 2437 2343 2438
f 2342 2439 2344
f 2342 2437 2439
f 2345 2344 2440
f 2440 2344 2439
f 2346 2347 2441
f 2441 2347 2442
f 2346 2443 2350
f 2346 2441 2443
f 2351 2350 2444
f 2350 2445 2444
f 2350 2443 2445
f 2445 2446 2444
f 2449 2448 2447
f 2447 2450 2449
f 2353 2451 2352
f 2352 2451 2355
f 2356 2357 2452
f 2452 2357 2453
f 2359 2356 2454
f 2454 2356 2452
f 2361 2455 2360
f 2360 2455 2364
f 2364 2455 2456
f 2364 2456 2365
f 2366 2367 2457
f 2457 2367 2458
f 2366 2459 2370
f 2366 2457 2459
f 2371 2370 2460
f 2460 2370 2459
f 2372 2373 2461
f 2461 2373 2462
f 2372 2463 2374
f 2372 2461 2463
f 2374 2464 2376
f 2374 2463 2464
f 2377 2376 2465
f 2465 2376 2464
f 2378 2379 2466
f 2466 2379 2467
f 2378 2468 2380
f 2378 2466 2468
f 2381 2380 2469
f 2469 2380 2468
f 2382 2383 2470
f 2470 2383 2471
f 2382 2472 2384
f 2382 2470 2472
f 2385 2384 2473
f 2473 2384 2472
f 2476 2475 2474
f 2478 2477 2474
f 2474 2477 2476
f 2478 2479 2477
f 2386 2387 2480
f 2480 2387 2481
f 2386 2482 2389
f 2386 2480 2482
f 2390 2389 2483
f 2483 2389 2482
f 2392 2484 2391
f 2391 2484 2394
f 2394 2484 2485
f 2394 2485 2395
f 2395 2485 2486
f 2395 2486 2397
f 2397 2486 2487
f 2397 2487 2398
f 2400 2488 2399
f 2399 2488 2402
f 2404 2489 2403
f 2403 2489 2406
f 2408 2490 2407
f 2407 2490 2409
f 2409 2490 2491
f 2409 2491 2410
f 2412 2492 2411
f 2411 2492 2413
f 2413 2492 2493
f 2413 2493 2414
f 2417 2494 2416
f 2416 2494 2418
f 2418 2494 2495
f 2418 2495 2419
f 2421 2496 2420
f 2420 2496 2422
f 2422 2496 2497
f 2422 2497 2423
f 2428 2498 2427
f 2427 2498 2429
f 2429 2498 2499
f 2429 2499 2430
f 2431 2432 2500
f 2500 2432 2501
f 2431 2502 2433
f 2431 2500 2502
f 2504 2435 2503
f 2435 2502 2503
f 2435 2433 2502
f 2435 2504 2436
f 2438 2505 2437
f 2507 2506 2505
f 2506 2437 2505
f 2506 2439 2437
f 2440 2439 2508
f 2508 2439 2506
f 2442 2509 2441
f 2441 2509 2443
f 2443 2509 2510
f 2443 2510 2445
f 2445 2510 2511
f 2445 2511 2446
f 2448 2512 2447
f 2447 2512 2450
f 2453 2513 2452
f 2452 2513 2454
f 2458 2514 2457
f 2457 2514 2459
f 2459 2514 2515
f 2459 2515 2460
f 2461 2462 2516
f 2516 2462 2517
f 2461 2518 2463
f 2461 2516 2518
f 2520 2464 2519
f 2464 2518 2519
f 2464 2463 2518
f 2464 2520 2465
f 2467 2521 2466
f 2523 2522 2521
f 2522 2466 2521
f 2522 2468 2466
f 2469 2468 2524
f 2524 2468 2522
f 2470 2471 2525
f 2525 2471 2526
f 2470 2527 2472
f 2470 2525 2527
f 2473 2472 2528
f 2528 2472 2527
f 2475 2529 2474
f 2474 2529 2478
f 2478 2529 2530
f 2478 2530 2479
f 2481 2531 2480
f 2480 2531 2482
f 2482 2531 2532
f 2482 2532 2483
f 2501 2533 2500
f 2500 2533 2502
f 2502 2533 2534
f 2502 2534 2503
f 2507 2535 2506
f 2506 2535 2508
f 2517 2536 2516
f 2516 2536 2518
f 2518 2536 2537
f 2518 2537 2519
f 2523 2538 2522
f 2522 2538 2524
f 2526 2539 2525
f 2525 2539 2527
f 2527 2539 2540
f 2527 2540 2528
f 2543 2542 2541
f 2545 2544 2541
f 2541 2544 2543
f 2545 2546 2544
f 2549 2548 2547
f 2547 2550 2549
f 2553 2552 2551
f 2555 2554 2551
f 2551 2554 2553
f 2555 2556 2554
f 2559 2558 2557
f 2561 2560 2557
f 2557 2560 2559
f 2561 2562 2560
f 2565 2564 2563
f 2563 2566 2565
f 2569 2568 2567
f 2571 2570 2567
f 2567 2570 2569
f 2571 2572 2570
f 2575 2574 2573
f 2577 2576 2573
f 2573 2576 2575
f 2577 2578 2576
f 2581 2580 2579
f 2583 2582 2579
f 2579 2582 2581
f 2583 2584 2582
f 2587 2586 2585
f 2585 2588 2587
f 2591 2590 2589
f 2593 2592 2589
f 2589 2592 2591
f 2595 2594 2593
f 2593 2594 2592
f 2595 2596 2594
f 2599 2598 2597
f 2601 2600 2597
f 2597 2600 2599
f 2601 2602 2600
f 2605 2604 2603
f 2607 2606 2603
f 2603 2606 2605
f 2607 2608 2606
f 2611 2610 2609
f 2613 2612 2609
f 2609 2612 2611
f 2613 2614 2612
f 2617 2616 2615
f 2615 2618 2617
f 2621 2620 2619
f 2619 2620 2622
f 2624 2623 2621
f 2621 2623 2620
f 2623 2624 2542
f 2624 2541 2542
f 2624 2625 2541
f 2541 2626 2545
f 2541 2625 2626
f 2546 2545 2627
f 2545 2628 2627
f 2545 2626 2628
f 2630 2629 2628
f 2628 2629 2627
f 2632 2631 2630
f 2630 2631 2629
f 2634 2633 2632
f 2632 2633 2631
f 2636 2635 2634
f 2634 2635 2633
f 2638 2637 2636
f 2636 2637 2635
f 2640 2639 2638
f 2638 2639 2637
f 2642 2641 2640
f 2640 2641 2639
f 2644 2643 2642
f 2642 2643 2641
f 2646 2645 2644
f 2644 2645 2643
f 2648 2647 2646
f 2646 2647 2645
f 2650 2649 2648
f 2648 2649 2647
f 2652 2651 2650
f 2650 2651 2649
f 2654 2653 2652
f 2652 2653 2651
f 2656 2655 2654
f 2654 2655 2653
f 2658 2657 2656
f 2656 2657 2655
f 2660 2659 2658
f 2658 2659 2657
f 2662 2661 2660
f 2660 2661 2659
f 2664 2663 2662
f 2662 2663 2661
f 2666 2665 2664
f 2664 2665 2663
f 2668 2667 2666
f 2666 2667 2665
f 2670 2669 2668
f 2668 2669 2667
f 2672 2671 2670
f 2670 2671 2669
f 2672 2673 2671
f 2676 2675 2674
f 2678 2677 2674
f 2674 2677 2676
f 2680 2679 2678
f 2678 2679 2677
f 2682 2681 2680
f 2680 2681 2679
f 2681 2682 2548
f 2682 2547 2548
f 2682 2683 2547
f 2550 2547 2684
f 2547 2685 2684
f 2547 2683 2685
f 2687 2686 2685
f 2685 2686 2684
f 2689 2688 2687
f 2687 2688 2686
f 2691 2690 2689
f 2689 2690 2688
f 2693 2692 2691
f 2691 2692 2690
f 2695 2694 2693
f 2693 2694 2692
f 2697 2696 2695
f 2695 2696 2694
f 2696 2697 2552
f 2697 2551 2552
f 2697 2698 2551
f 2551 2699 2555
f 2551 2698 2699
f 2556 2555 2700
f 2555 2701 2700
f 2555 2699 2701
f 2703 2702 2701
f 2701 2702 2700
f 2705 2704 2703
f 2703 2704 2702
f 2707 2706 2705
f 2705 2706 2704
f 2709 2708 2707
f 2707 2708 2706
f 2708 2709 2558
f 2709 2557 2558
f 2709 2710 2557
f 2557 2711 2561
f 2557 2710 2711
f 2562 2561 2712
f 2561 2713 2712
f 2561 2711 2713
f 2715 2714 2713
f 2713 2714 2712
f 2717 2716 2715
f 2715 2716 2714
f 2719 2718 2717
f 2717 2718 2716
f 2721 2720 2719
f 2719 2720 2718
f 2723 2722 2721
f 2721 2722 2720
f 2725 2724 2723
f 2723 2724 2722
f 2727 2726 2725
f 2725 2726 2724
f 2729 2728 2727
f 2727 2728 2726
f 2731 2730 2729
f 2729 2730 2728
f 2733 2732 2731
f 2731 2732 2730
f 2735 2734 2733
f 2733 2734 2732
f 2737 2736 2735
f 2735 2736 2734
f 2739 2738 2737
f 2737 2738 2736
f 2741 2740 2739
f 2739 2740 2738
f 2743 2742 2741
f 2741 2742 2740
f 2745 2744 2743
f 2743 2744 2742
f 2747 2746 2745
f 2745 2746 2744
f 2749 2748 2747
f 2747 2748 2746
f 2751 2750 2749
f 2749 2750 2748
f 2753 2752 2751
f 2751 2752 2750
f 2755 2754 2753
f 2753 2754 2752
f 2757 2756 2755
f 2755 2756 2754
f 2759 2758 2757
f 2757 2758 2756
f 2761 2760 2759
f 2759 2760 2758
f 2763 2762 2761
f 2761 2762 2760
f 2765 2764 2763
f 2763 2764 2762
f 2767 2766 2765
f 2765 2766 2764
f 2769 2768 2767
f 2767 2768 2766
f 2768 2769 2564
f 2769 2563 2564
f 2769 2770 2563
f 2566 2563 2771
f 2563 2772 2771
f 2563 2770 2772
f 2774 2773 2772
f 2772 2773 2771
f 2776 2775 2774
f 2774 2775 2773
f 2778 2777 2776
f 2776 2777 2775
f 2780 2779 2778
f 2778 2779 2777
f 2782 2781 2780
f 2780 2781 2779
f 2781 2782 2568
f 2782 2567 2568
f 2782 2783 2567
f 2567 2784 2571
f 2567 2783 2784
f 2572 2571 2785
f 2571 2786 2785
f 2571 2784 2786
f 2788 2787 2786
f 2786 2787 2785
f 2790 2789 2788
f 2788 2789 2787
f 2792 2791 2790
f 2790 2791 2789
f 2794 2793 2792
f 2792 2793 2791
f 2793 2794 2574
f 2794 2573 2574
f 2794 2795 2573
f 2573 2796 2577
f 2573 2795 2796
f 2578 2577 2797
f 2577 2798 2797
f 2577 2796 2798
f 2800 2799 2798
f 2798 2799 2797
f 2802 2801 2800
f 2800 2801 2799
f 2804 2803 2802
f 2802 2803 2801
f 2804 2805 2803
f 2808 2807 2806
f 2808 2806 2580
f 2806 2579 2580
f 2806 2809 2579
f 2579 2810 2583
f 2579 2809 2810
f 2584 2583 2811
f 2583 2812 2811
f 2583 2810 2812
f 2814 2813 2812
f 2812 2813 2811
f 2816 2815 2814
f 2814 2815 2813
f 2818 2817 2816
f 2816 2817 2815
f 2818 2819 2817
f 2822 2821 2820
f 2824 2823 2820
f 2820 2823 2822
f 2824 2825 2823
f 2828 2827 2826
f 2830 2829 2826
f 2826 2829 2828
f 2832 2831 2830
f 2830 2831 2829
f 2832 2833 2831
f 2836 2835 2834
f 2838 2837 2834
f 2834 2837 2836
f 2840 2839 2838
f 2838 2839 2837
f 2842 2841 2840
f 2840 2841 2839
f 2844 2843 2842
f 2842 2843 2841
f 2843 2844 2586
f 2844 2585 2586
f 2844 2845 2585
f 2588 2585 2846
f 2585 2847 2846
f 2585 2845 2847
f 2847 2848 2846
f 2851 2850 2849
f 2853 2852 2849
f 2849 2852 2851
f 2855 2854 2853
f 2853 2854 2852
f 2857 2856 2855
f 2855 2856 2854
f 2856 2857 2590
f 2590 2857 2589
f 2857 2 2589
f 2 3 2589
f 2589 3 4
f 2589 4 2593
f 2593 4 6
f 2858 2593 6
f 2595 2593 2858
f 2596 2595 2859
f 2595 2860 2859
f 2595 2858 2860
f 2862 2861 2860
f 2860 2861 2859
f 2864 2863 2862
f 2862 2863 2861
f 2866 2865 2864
f 2864 2865 2863
f 2865 2866 2598
f 2866 2597 2598
f 2866 2867 2597
f 2597 2868 2601
f 2597 2867 2868
f 2602 2601 2869
f 2601 2870 2869
f 2601 2868 2870
f 2872 2871 2870
f 2870 2871 2869
f 2874 2873 2872
f 2872 2873 2871
f 2874 2875 2873
f 2878 2877 2876
f 2878 2876 2604
f 2876 2603 2604
f 2876 2879 2603
f 2603 2880 2607
f 2603 2879 2880
f 2608 2607 2881
f 2607 2882 2881
f 2607 2880 2882
f 2884 2883 2882
f 2882 2883 2881
f 2886 2885 2884
f 2884 2885 2883
f 2886 2887 2885
f 2890 2889 2888
f 2892 2891 2888
f 2888 2891 2890
f 2894 2893 2892
f 2892 2893 2891
f 2894 2895 2893
f 2898 2897 2896
f 2900 2899 2896
f 2896 2899 2898
f 2902 2901 2900
f 2900 2901 2899
f 2902 2903 2901
f 2906 2905 2904
f 2908 2907 2904
f 2904 2907 2906
f 2910 2909 2908
f 2908 2909 2907
f 2912 2911 2910
f 2910 2911 2909
f 2911 2912 2610
f 2912 2609 2610
f 2912 2913 2609
f 2609 2914 2613
f 2609 2913 2914
f 2614 2613 2915
f 2613 2916 2915
f 2613 2914 2916
f 2918 2917 2916
f 2916 2917 2915
f 2920 2919 2918
f 2918 2919 2917
f 2922 2921 2920
f 2920 2921 2919
f 2924 2923 2922
f 2922 2923 2921
f 2926 2925 2924
f 2924 2925 2923
f 2925 2926 2616
f 2926 2615 2616
f 2926 2927 2615
f 2618 2615 2928
f 2615 2929 2928
f 2615 2927 2929
f 2929 2930 2928
f 2933 2932 2931
f 2935 2934 2931
f 2931 2934 2933
f 2619 2936 2621
f 2621 2936 2937
f 2939 2938 2937
f 2938 2621 2937
f 2938 2624 2621
f 2624 2940 2625
f 2624 2938 2940
f 2625 2941 2626
f 2625 2940 2941
f 2943 2628 2942
f 2628 2941 2942
f 2628 2626 2941
f 2628 2943 2630
f 2630 2943 2944
f 2946 2945 2944
f 2945 2630 2944
f 2945 2632 2630
f 2948 2634 2947
f 2634 2945 2947
f 2634 2632 2945
f 2634 2948 2636
f 2636 2948 2949
f 2636 2949 2638
f 2638 2949 2950
f 2952 2951 2950
f 2951 2638 2950
f 2951 2640 2638
f 2954 2642 2953
f 2642 2951 2953
f 2642 2640 2951
f 2642 2954 2644
f 2644 2954 2955
f 2644 2955 2646
f 2646 2955 2956
f 2958 2957 2956
f 2957 2646 2956
f 2957 2648 2646
f 2960 2650 2959
f 2650 2957 2959
f 2650 2648 2957
f 2650 2960 2652
f 2652 2960 2961
f 2652 2961 2654
f 2654 2961 2962
f 2964 2963 2962
f 2963 2654 2962
f 2963 2656 2654
f 2656 2965 2658
f 2656 2963 2965
f 2967 2660 2966
f 2660 2965 2966
f 2660 2658 2965
f 2660 2967 2662
f 2662 2967 2968
f 2662 2968 2664
f 2664 2968 2969
f 2971 2970 2969
f 2970 2664 2969
f 2970 2666 2664
f 2666 2972 2668
f 2666 2970 2972
f 2974 2670 2973
f 2670 2972 2973
f 2670 2668 2972
f 2670 2974 2672
f 2672 2974 2975
f 2672 2975 2673
f 2675 2976 2674
f 2978 2977 2976
f 2977 2674 2976
f 2977 2678 2674
f 2678 2979 2680
f 2678 2977 2979
f 2680 2980 2682
f 2680 2979 2980
f 2682 2981 2683
f 2682 2980 2981
f 2683 2982 2685
f 2683 2981 2982
f 2685 2983 2687
f 2685 2982 2983
f 2985 2689 2984
f 2689 2983 2984
f 2689 2687 2983
f 2689 2985 2691
f 2691 2985 2986
f 2691 2986 2693
f 2693 2986 2987
f 2693 2987 2695
f 2695 2987 2988
f 2990 2989 2988
f 2989 2695 2988
f 2989 2697 2695
f 2697 2991 2698
f 2697 2989 2991
f 2698 2992 2699
f 2698 2991 2992
f 2699 2993 2701
f 2699 2992 2993
f 2701 2994 2703
f 2701 2993 2994
f 2703 2995 2705
f 2703 2994 2995
f 2705 2996 2707
f 2705 2995 2996
f 2707 2997 2709
f 2707 2996 2997
f 2709 2998 2710
f 2709 2997 2998
f 2710 2999 2711
f 2710 2998 2999
f 2711 3000 2713
f 2711 2999 3000
f 3002 2715 3001
f 2715 3000 3001
f 2715 2713 3000
f 3004 3003 3002
f 3003 2715 3002
f 3003 2717 2715
f 3006 2719 3005
f 2719 3003 3005
f 2719 2717 3003
f 2719 3006 2721
f 2721 3006 3007
f 3009 3008 3007
f 3008 2721 3007
f 3008 2723 2721
f 2723 3010 2725
f 2723 3008 3010
f 2725 3011 2727
f 2725 3010 3011
f 3013 2729 3012
f 2729 3011 3012
f 2729 2727 3011
f 2729 3013 2731
f 2731 3013 3014
f 3016 3015 3014
f 3015 2731 3014
f 3015 2733 2731
f 3018 2735 3017
f 2735 3015 3017
f 2735 2733 3015
f 2735 3018 2737
f 2737 3018 3019
f 2737 3019 2739
f 2739 3019 3020
f 3022 3021 3020
f 3021 2739 3020
f 3021 2741 2739
f 2741 3023 2743
f 2741 3021 3023
f 3025 2745 3024
f 2745 3023 3024
f 2745 2743 3023
f 2745 3025 2747
f 2747 3025 3026
f 2747 3026 2749
f 2749 3026 3027
f 2749 3027 2751
f 2751 3027 3028
f 3030 3029 3028
f 3029 2751 3028
f 3029 2753 2751
f 2753 3031 2755
f 2753 3029 3031
f 3033 2757 3032
f 2757 3031 3032
f 2757 2755 3031
f 2757 3033 2759
f 2759 3033 3034
f 2759 3034 2761
f 2761 3034 3035
f 2761 3035 2763
f 2763 3035 3036
f 2763 3036 2765
f 2765 3036 3037
f 2765 3037 2767
f 2767 3037 3038
f 3040 3039 3038
f 3039 2767 3038
f 3039 2769 2767
f 2769 3041 2770
f 2769 3039 3041
f 3043 2772 3042
f 2772 3041 3042
f 2772 2770 3041
f 2772 3043 2774
f 2774 3043 3044
f 2774 3044 2776
f 2776 3044 3045
f 2776 3045 2778
f 2778 3045 3046
f 2778 3046 2780
f 2780 3046 3047
f 2780 3047 2782
f 2782 3047 3048
f 3050 3049 3048
f 3049 2782 3048
f 3049 2783 2782
f 2783 3051 2784
f 2783 3049 3051
f 2784 3052 2786
f 2784 3051 3052
f 3054 2788 3053
f 2788 3052 3053
f 2788 2786 3052
f 2788 3054 2790
f 2790 3054 3055
f 2790 3055 2792
f 2792 3055 3056
f 2792 3056 2794
f 2794 3056 3057
f 3059 3058 3057
f 3058 2794 3057
f 3058 2795 2794
f 2795 3060 2796
f 2795 3058 3060
f 3062 2798 3061
f 2798 3060 3061
f 2798 2796 3060
f 2798 3062 2800
f 2800 3062 3063
f 2800 3063 2802
f 2802 3063 3064
f 2802 3064 2804
f 2804 3064 3065
f 2804 3065 2805
f 2806 2807 3066
f 3066 2807 3067
f 2806 3068 2809
f 2806 3066 3068
f 2809 3069 2810
f 2809 3068 3069
f 3071 2812 3070
f 2812 3069 3070
f 2812 2810 3069
f 2812 3071 2814
f 2814 3071 3072
f 3074 3073 3072
f 3073 2814 3072
f 3073 2816 2814
f 3076 2818 3075
f 2818 3073 3075
f 2818 2816 3073
f 2818 3076 2819
f 2821 3077 2820
f 3079 3078 3077
f 3078 2820 3077
f 3078 2824 2820
f 2825 2824 3080
f 3080 2824 3078
f 2826 2827 3081
f 3081 2827 3082
f 2826 3083 2830
f 2826 3081 3083
f 3085 2832 3084
f 2832 3083 3084
f 2832 2830 3083
f 2832 3085 2833
f 2835 3086 2834
f 3088 3087 3086
f 3087 2834 3086
f 3087 2838 2834
f 2838 3089 2840
f 2838 3087 3089
f 3091 2842 3090
f 2842 3089 3090
f 2842 2840 3089
f 3093 3092 3091
f 3092 2842 3091
f 3092 2844 2842
f 2844 3094 2845
f 2844 3092 3094
f 2845 3095 2847
f 2845 3094 3095
f 2848 2847 3096
f 3096 2847 3095
f 2850 3097 2849
f 2849 3097 2853
f 2853 3097 3098
f 2853 3098 2855
f 2855 3098 3099
f 3101 3100 3099
f 3100 2855 3099
f 3100 2857 2855
f 3102 7 2
f 2857 3102 2
f 3100 3102 2857
f 3103 8 7
f 3103 7 3102
f 2858 6 8
f 3103 2858 8
f 3104 2858 3103
f 2858 3105 2860
f 2858 3104 3105
f 2860 3106 2862
f 2860 3105 3106
f 3108 2864 3107
f 2864 3106 3107
f 2864 2862 3106
f 2864 3108 2866
f 2866 3108 3109
f 3111 3110 3109
f 3110 2866 3109
f 3110 2867 2866
f 2867 3112 2868
f 2867 3110 3112
f 2868 3113 2870
f 2868 3112 3113
f 3115 2872 3114
f 2872 3113 3114
f 2872 2870 3113
f 2872 3115 2874
f 2874 3115 3116
f 2874 3116 2875
f 2876 2877 3117
f 3117 2877 3118
f 2876 3119 2879
f 2876 3117 3119
f 2879 3120 2880
f 2879 3119 3120
f 2880 3121 2882
f 2880 3120 3121
f 2882 3122 2884
f 2882 3121 3122
f 2884 3123 2886
f 2884 3122 3123
f 2887 2886 3124
f 3124 2886 3123
f 2889 3125 2888
f 3127 3126 3125
f 3126 2888 3125
f 3126 2892 2888
f 2892 3128 2894
f 2892 3126 3128
f 2895 2894 3129
f 3129 2894 3128
f 2897 3130 2896
f 3132 3131 3130
f 3131 2896 3130
f 3131 2900 2896
f 3134 2902 3133
f 2902 3131 3133
f 2902 2900 3131
f 2902 3134 2903
f 2905 3135 2904
f 3137 3136 3135
f 3136 2904 3135
f 3136 2908 2904
f 3139 2910 3138
f 2910 3136 3138
f 2910 2908 3136
f 2910 3139 2912
f 2912 3139 3140
f 3142 3141 3140
f 3141 2912 3140
f 3141 2913 2912
f 2913 3143 2914
f 2913 3141 3143
f 2914 3144 2916
f 2914 3143 3144
f 3146 2918 3145
f 2918 3144 3145
f 2918 2916 3144
f 2918 3146 2920
f 2920 3146 3147
f 2920 3147 2922
f 2922 3147 3148
f 2922 3148 2924
f 2924 3148 3149
f 3151 3150 3149
f 3150 2924 3149
f 3150 2926 2924
f 2926 3152 2927
f 2926 3150 3152
f 2927 3153 2929
f 2927 3152 3153
f 2930 2929 3154
f 3154 2929 3153
f 2932 3155 2931
f 2931 3155 2935
f 2935 3155 3156
f 2939 3157 2938
f 3159 3158 3157
f 3158 2938 3157
f 3158 2940 2938
f 2940 3160 2941
f 2940 3158 3160
f 2942 2941 3161
f 3161 2941 3160
f 2946 3162 2945
f 2945 3162 2947
f 2952 3163 2951
f 2951 3163 2953
f 2958 3164 2957
f 2957 3164 2959
f 2964 3165 2963
f 2963 3165 2965
f 2965 3165 3166
f 2965 3166 2966
f 2971 3167 2970
f 2970 3167 2972
f 2972 3167 3168
f 2972 3168 2973
f 2978 3169 2977
f 2977 3169 2979
f 2979 3169 3170
f 2979 3170 2980
f 2980 3170 3171
f 2980 3171 2981
f 2981 3171 3172
f 2981 3172 2982
f 2982 3172 3173
f 2982 3173 2983
f 2983 3173 3174
f 2983 3174 2984
f 2990 3175 2989
f 3177 3176 3175
f 3176 2989 3175
f 3176 2991 2989
f 2991 3178 2992
f 2991 3176 3178
f 3180 2993 3179
f 2993 3178 3179
f 2993 2992 3178
f 2993 3180 2994
f 2994 3180 3181
f 2994 3181 2995
f 2995 3181 3182
f 2995 3182 2996
f 2996 3182 3183
f 2996 3183 2997
f 2997 3183 3184
f 3186 3185 3184
f 3185 2997 3184
f 3185 2998 2997
f 2998 3187 2999
f 2998 3185 3187
f 3189 3000 3188
f 3000 3187 3188
f 3000 2999 3187
f 3000 3189 3001
f 3004 3190 3003
f 3003 3190 3005
f 3009 3191 3008
f 3193 3192 3191
f 3192 3008 3191
f 3192 3010 3008
f 3195 3011 3194
f 3011 3192 3194
f 3011 3010 3192
f 3011 3195 3012
f 3016 3196 3015
f 3015 3196 3017
f 3022 3197 3021
f 3021 3197 3023
f 3023 3197 3198
f 3023 3198 3024
f 3030 3199 3029
f 3029 3199 3031
f 3031 3199 3200
f 3031 3200 3032
f 3040 3201 3039
f 3039 3201 3041
f 3041 3201 3202
f 3041 3202 3042
f 3049 3050 3203
f 3203 3050 3204
f 3049 3205 3051
f 3049 3203 3205
f 3207 3052 3206
f 3052 3205 3206
f 3052 3051 3205
f 3052 3207 3053
f 3059 3208 3058
f 3210 3209 3208
f 3209 3058 3208
f 3209 3060 3058
f 3061 3060 3211
f 3211 3060 3209
f 3067 3212 3066
f 3066 3212 3068
f 3068 3212 3213
f 3068 3213 3069
f 3069 3213 3214
f 3069 3214 3070
f 3074 3215 3073
f 3073 3215 3075
f 3079 3216 3078
f 3078 3216 3080
f 3082 3217 3081
f 3081 3217 3083
f 3083 3217 3218
f 3083 3218 3084
f 3088 3219 3087
f 3087 3219 3089
f 3089 3219 3220
f 3089 3220 3090
f 3093 3221 3092
f 3223 3222 3221
f 3222 3092 3221
f 3222 3094 3092
f 3225 3095 3224
f 3095 3222 3224
f 3095 3094 3222
f 3095 3225 3096
f 3101 3226 3100
f 3228 3227 3226
f 3227 3100 3226
f 3227 3102 3100
f 3102 3229 3103
f 3102 3227 3229
f 3231 3104 3230
f 3104 3229 3230
f 3104 3103 3229
f 3104 3231 3105
f 3105 3231 3232
f 3105 3232 3106
f 3106 3232 3233
f 3106 3233 3107
f 3110 3111 3234
f 3234 3111 3235
f 3110 3236 3112
f 3110 3234 3236
f 3238 3113 3237
f 3113 3236 3237
f 3113 3112 3236
f 3113 3238 3114
f 3118 3239 3117
f 3241 3240 3239
f 3240 3117 3239
f 3240 3119 3117
f 3119 3242 3120
f 3119 3240 3242
f 3244 3121 3243
f 3121 3242 3243
f 3121 3120 3242
f 3121 3244 3122
f 3122 3244 3245
f 3122 3245 3123
f 3123 3245 3246
f 3123 3246 3124
f 3127 3247 3126
f 3126 3247 3128
f 3128 3247 3248
f 3128 3248 3129
f 3132 3249 3131
f 3131 3249 3133
f 3137 3250 3136
f 3136 3250 3138
f 3142 3251 3141
f 3141 3251 3143
f 3143 3251 3252
f 3143 3252 3144
f 3144 3252 3253
f 3144 3253 3145
f 3151 3254 3150
f 3256 3255 3254
f 3255 3150 3254
f 3255 3152 3150
f 3258 3153 3257
f 3153 3255 3257
f 3153 3152 3255
f 3153 3258 3154
f 3261 3260 3259
f 3259 3260 3262
f 3264 3263 3261
f 3261 3263 3260
f 3263 3264 3159
f 3264 3158 3159
f 3264 3265 3158
f 3158 3266 3160
f 3158 3265 3266
f 3161 3160 3267
f 3160 3268 3267
f 3160 3266 3268
f 3270 3269 3268
f 3268 3269 3267
f 3272 3271 3270
f 3270 3271 3269
f 3272 3273 3271
f 3276 3275 3274
f 3278 3277 3274
f 3274 3277 3276
f 3280 3279 3278
f 3278 3279 3277
f 3280 3281 3279
f 3284 3283 3282
f 3286 3285 3282
f 3282 3285 3284
f 3286 3287 3285
f 3290 3289 3288
f 3292 3291 3288
f 3288 3291 3290
f 3292 3293 3291
f 3296 3295 3294
f 3298 3297 3294
f 3294 3297 3296
f 3298 3299 3297
f 3302 3301 3300
f 3304 3303 3300
f 3300 3303 3302
f 3306 3305 3304
f 3304 3305 3303
f 3308 3307 3306
f 3306 3307 3305
f 3308 3309 3307
f 3312 3311 3310
f 3312 3310 3177
f 3310 3176 3177
f 3310 3313 3176
f 3176 3314 3178
f 3176 3313 3314
f 3179 3178 3315
f 3178 3316 3315
f 3178 3314 3316
f 3318 3317 3316
f 3316 3317 3315
f 3318 3319 3317
f 3322 3321 3320
f 3322 3320 3186
f 3320 3185 3186
f 3320 3323 3185
f 3185 3324 3187
f 3185 3323 3324
f 3188 3187 3325
f 3187 3326 3325
f 3187 3324 3326
f 3326 3327 3325
f 3330 3329 3328
f 3330 3328 3193
f 3328 3192 3193
f 3328 3331 3192
f 3194 3192 3332
f 3192 3333 3332
f 3192 3331 3333
f 3335 3334 3333
f 3333 3334 3332
f 3337 3336 3335
f 3335 3336 3334
f 3339 3338 3337
f 3337 3338 3336
f 3339 3340 3338
f 3343 3342 3341
f 3345 3344 3341
f 3341 3344 3343
f 3345 3346 3344
f 3349 3348 3347
f 3351 3350 3347
f 3347 3350 3349
f 3353 3352 3351
f 3351 3352 3350
f 3355 3354 3353
f 3353 3354 3352
f 3357 3356 3355
f 3355 3356 3354
f 3359 3358 3357
f 3357 3358 3356
f 3359 3360 3358
f 3363 3362 3361
f 3365 3364 3361
f 3361 3364 3363
f 3367 3366 3365
f 3365 3366 3364
f 3369 3368 3367
f 3367 3368 3366
f 3369 3370 3368
f 3373 3372 3371
f 3373 3371 3204
f 3371 3203 3204
f 3371 3374 3203
f 3203 3375 3205
f 3203 3374 3375
f 3206 3205 3376
f 3205 3377 3376
f 3205 3375 3377
f 3379 3378 3377
f 3377 3378 3376
f 3381 3380 3379
f 3379 3380 3378
f 3381 3382 3380
f 3385 3384 3383
f 3385 3383 3210
f 3383 3209 3210
f 3383 3386 3209
f 3211 3209 3387
f 3209 3388 3387
f 3209 3386 3388
f 3388 3389 3387
f 3392 3391 3390
f 3394 3393 3390
f 3390 3393 3392
f 3396 3395 3394
f 3394 3395 3393
f 3398 3397 3396
f 3396 3397 3395
f 3400 3399 3398
f 3398 3399 3397
f 3400 3401 3399
f 3404 3403 3402
f 3402 3405 3404
f 3408 3407 3406
f 3410 3409 3406
f 3406 3409 3408
f 3410 3411 3409
f 3414 3413 3412
f 3412 3415 3414
f 3418 3417 3416
f 3418 3416 3223
f 3416 3222 3223
f 3416 3419 3222
f 3224 3222 3420
f 3222 3421 3420
f 3222 3419 3421
f 3421 3422 3420
f 3425 3424 3423
f 3425 3423 3228
f 3423 3227 3228
f 3423 3426 3227
f 3227 3427 3229
f 3227 3426 3427
f 3230 3229 3428
f 3229 3429 3428
f 3229 3427 3429
f 3429 3430 3428
f 3433 3432 3431
f 3431 3434 3433
f 3234 3235 3435
f 3435 3235 3436
f 3234 3437 3236
f 3234 3435 3437
f 3237 3236 3438
f 3438 3236 3437
f 3240 3241 3439
f 3439 3241 3440
f 3240 3441 3242
f 3240 3439 3441
f 3243 3242 3442
f 3242 3443 3442
f 3242 3441 3443
f 3445 3444 3443
f 3443 3444 3442
f 3445 3446 3444
f 3449 3448 3447
f 3451 3450 3447
f 3447 3450 3449
f 3451 3452 3450
f 3455 3454 3453
f 3453 3456 3455
f 3459 3458 3457
f 3461 3460 3457
f 3457 3460 3459
f 3461 3462 3460
f 3465 3464 3463
f 3465 3463 3256
f 3463 3255 3256
f 3463 3466 3255
f 3257 3255 3467
f 3255 3468 3467
f 3255 3466 3468
f 3468 3469 3467
f 3472 3471 3470
f 3474 3473 3470
f 3470 3473 3472
f 3259 3475 3261
f 3261 3475 3476
f 3261 3476 3264
f 3264 3476 3477
f 3479 3478 3477
f 3478 3264 3477
f 3478 3265 3264
f 3265 3480 3266
f 3265 3478 3480
f 3482 3268 3481
f 3268 3480 3481
f 3268 3266 3480
f 3268 3482 3270
f 3270 3482 3483
f 3270 3483 3272
f 3272 3483 3484
f 3272 3484 3273
f 3275 3485 3274
f 3274 3485 3278
f 3278 3485 3486
f 3278 3486 3280
f 3280 3486 3487
f 3280 3487 3281
f 3283 3488 3282
f 3282 3488 3286
f 3286 3488 3489
f 3286 3489 3287
f 3289 3490 3288
f 3288 3490 3292
f 3292 3490 3491
f 3292 3491 3293
f 3295 3492 3294
f 3294 3492 3298
f 3298 3492 3493
f 3298 3493 3299
f 3301 3494 3300
f 3300 3494 3304
f 3304 3494 3495
f 3304 3495 3306
f 3306 3495 3496
f 3306 3496 3308
f 3308 3496 3497
f 3308 3497 3309
f 3311 3498 3310
f 3500 3499 3498
f 3499 3310 3498
f 3499 3313 3310
f 3313 3501 3314
f 3313 3499 3501
f 3503 3316 3502
f 3316 3501 3502
f 3316 3314 3501
f 3316 3503 3318
f 3318 3503 3504
f 3318 3504 3319
f 3321 3505 3320
f 3507 3506 3505
f 3506 3320 3505
f 3506 3323 3320
f 3323 3508 3324
f 3323 3506 3508
f 3510 3326 3509
f 3326 3508 3509
f 3326 3324 3508
f 3326 3510 3327
f 3329 3511 3328
f 3328 3511 3331
f 3331 3511 3512
f 3331 3512 3333
f 3333 3512 3513
f 3333 3513 3335
f 3335 3513 3514
f 3335 3514 3337
f 3337 3514 3515
f 3337 3515 3339
f 3339 3515 3516
f 3339 3516 3340
f 3342 3517 3341
f 3341 3517 3345
f 3345 3517 3518
f 3345 3518 3346
f 3348 3519 3347
f 3347 3519 3351
f 3351 3519 3520
f 3351 3520 3353
f 3353 3520 3521
f 3353 3521 3355
f 3355 3521 3522
f 3355 3522 3357
f 3357 3522 3523
f 3357 3523 3359
f 3359 3523 3524
f 3359 3524 3360
f 3362 3525 3361
f 3361 3525 3365
f 3365 3525 3526
f 3365 3526 3367
f 3367 3526 3527
f 3367 3527 3369
f 3369 3527 3528
f 3369 3528 3370
f 3372 3529 3371
f 3531 3530 3529
f 3530 3371 3529
f 3530 3374 3371
f 3374 3532 3375
f 3374 3530 3532
f 3375 3533 3377
f 3375 3532 3533
f 3535 3379 3534
f 3379 3533 3534
f 3379 3377 3533
f 3379 3535 3381
f 3381 3535 3536
f 3381 3536 3382
f 3383 3384 3537
f 3537 3384 3538
f 3383 3539 3386
f 3383 3537 3539
f 3541 3388 3540
f 3388 3539 3540
f 3388 3386 3539
f 3388 3541 3389
f 3390 3391 3542
f 3542 3391 3543
f 3390 3544 3394
f 3390 3542 3544
f 3546 3396 3545
f 3396 3544 3545
f 3396 3394 3544
f 3396 3546 3398
f 3398 3546 3547
f 3398 3547 3400
f 3400 3547 3548
f 3400 3548 3401
f 3403 3549 3402
f 3402 3549 3405
f 3407 3550 3406
f 3406 3550 3410
f 3410 3550 3551
f 3410 3551 3411
f 3413 3552 3412
f 3412 3552 3415
f 3417 3553 3416
f 3555 3554 3553
f 3554 3416 3553
f 3554 3419 3416
f 3557 3421 3556
f 3421 3554 3556
f 3421 3419 3554
f 3421 3557 3422
f 3424 3558 3423
f 3560 3559 3558
f 3559 3423 3558
f 3559 3426 3423
f 3426 3561 3427
f 3426 3559 3561
f 3563 3429 3562
f 3429 3561 3562
f 3429 3427 3561
f 3429 3563 3430
f 3432 3564 3431
f 3431 3564 3434
f 3435 3436 3565
f 3565 3436 3566
f 3435 3567 3437
f 3435 3565 3567
f 3438 3437 3568
f 3568 3437 3567
f 3439 3440 3569
f 3569 3440 3570
f 3439 3571 3441
f 3439 3569 3571
f 3573 3443 3572
f 3443 3571 3572
f 3443 3441 3571
f 3443 3573 3445
f 3445 3573 3574
f 3445 3574 3446
f 3448 3575 3447
f 3447 3575 3451
f 3451 3575 3576
f 3451 3576 3452
f 3454 3577 3453
f 3453 3577 3456
f 3457 3458 3578
f 3578 3458 3579
f 3457 3580 3461
f 3457 3578 3580
f 3462 3461 3581
f 3581 3461 3580
f 3464 3582 3463
f 3584 3583 3582
f 3583 3463 3582
f 3583 3466 3463
f 3586 3468 3585
f 3468 3583 3585
f 3468 3466 3583
f 3468 3586 3469
f 3471 3587 3470
f 3470 3587 3474
f 3474 3587 3588
f 3589 12 10
f 3589 10 3590
f 3590 10 13
f 3590 13 3591
f 3591 13 15
f 3591 15 3592
f 3592 15 17
f 3592 17 3593
f 3593 17 19
f 3593 19 3594
f 3594 19 21
f 3594 21 3595
f 3595 21 23
f 3595 23 3596
f 3596 23 25
f 3597 3596 25
f 3598 3596 3597
f 3598 3600 3599
f 3598 3597 3600
f 3600 27 28
f 3601 3600 28
f 3599 3600 3601
f 3601 28 29
f 3601 29 3602
f 3602 29 31
f 3602 31 3603
f 3603 31 33
f 3603 33 3604
f 3604 33 35
f 3605 3604 35
f 3606 3604 3605
f 3605 37 38
f 3607 3605 38
f 3606 3605 3607
f 3607 38 39
f 3607 39 3608
f 3608 39 41
f 3609 3608 41
f 3610 3608 3609
f 3610 3612 3611
f 3610 3609 3612
f 3611 3614 3613
f 3611 3612 3614
f 3613 3616 3615
f 3613 3614 3616
f 3615 3618 3617
f 3615 3616 3618
f 3617 3620 3619
f 3617 3618 3620
f 3619 3622 3621
f 3619 3620 3622
f 3621 3624 3623
f 3621 3622 3624
f 3624 43 44
f 3625 3624 44
f 3623 3624 3625
f 3625 44 45
f 3625 45 3626
f 3626 45 47
f 3627 3626 47
f 3628 3626 3627
f 3628 3630 3629
f 3628 3627 3630
f 3629 3632 3631
f 3629 3630 3632
f 3632 49 50
f 3633 3632 50
f 3631 3632 3633
f 3633 50 51
f 3633 51 3634
f 3634 51 53
f 3635 3634 53
f 3636 3634 3635
f 3635 55 56
f 3637 3635 56
f 3636 3635 3637
f 3637 56 57
f 3637 57 3638
f 3638 57 59
f 3638 59 3639
f 3639 59 61
f 3640 3639 61
f 3641 3639 3640
f 3641 3643 3642
f 3641 3640 3643
f 3642 3645 3644
f 3642 3643 3645
f 3644 3647 3646
f 3644 3645 3647
f 3647 63 64
f 3648 3647 64
f 3646 3647 3648
f 3648 64 65
f 3648 65 3649
f 3649 65 67
f 70 3650 71
f 3650 70 73
f 3650 73 3651
f 3651 73 75
f 3652 3651 75
f 3653 3651 3652
f 3653 3655 3654
f 3653 3652 3655
f 3654 3657 3656
f 3654 3655 3657
f 3656 3659 3658
f 3656 3657 3659
f 3659 77 78
f 3660 3659 78
f 3658 3659 3660
f 3660 78 79
f 3661 3660 79
f 3662 3660 3661
f 3662 3664 3663
f 3662 3661 3664
f 3663 3666 3665
f 3663 3664 3666
f 3665 3668 3667
f 3665 3666 3668
f 3667 3670 3669
f 3667 3668 3670
f 3670 81 82
f 3671 3670 82
f 3669 3670 3671
f 3671 82 83
f 3671 83 3672
f 3672 83 85
f 3672 85 3673
f 3673 85 87
f 3674 3673 87
f 3675 3673 3674
f 3675 3677 3676
f 3675 3674 3677
f 3676 3679 3678
f 3676 3677 3679
f 3678 3681 3680
f 3678 3679 3681
f 3680 3683 3682
f 3680 3681 3683
f 3682 3685 3684
f 3682 3683 3685
f 3684 3687 3686
f 3684 3685 3687
f 3687 89 90
f 3688 3687 90
f 3686 3687 3688
f 3688 90 91
f 3689 3688 91
f 3690 3688 3689
f 3690 3692 3691
f 3690 3689 3692
f 3691 3694 3693
f 3691 3692 3694
f 3693 3696 3695
f 3693 3694 3696
f 3696 93 94
f 3697 3696 94
f 3695 3696 3697
f 3697 94 95
f 3698 3697 95
f 3699 3697 3698
f 3699 3701 3700
f 3699 3698 3701
f 3701 97 98
f 3702 3701 98
f 3700 3701 3702
f 3702 98 99
f 3702 99 3703
f 3703 99 101
f 3703 101 3704
f 3704 101 103
f 3704 103 3705
f 3705 103 105
f 3705 105 3706
f 3706 105 107
f 3706 107 3707
f 3707 107 109
f 3707 109 3708
f 3708 109 111
f 3708 111 3709
f 3709 111 113
f 3709 113 3710
f 3710 113 115
f 3710 115 3711
f 3711 115 117
f 3711 117 3712
f 3712 117 119
f 3712 119 3713
f 3713 119 121
f 3713 121 3714
f 3714 121 123
f 3714 123 3715
f 3715 123 125
f 3715 125 3716
f 3716 125 127
f 3716 127 3717
f 3717 127 129
f 3717 129 3718
f 3718 129 131
f 3718 131 3719
f 3719 131 133
f 3719 133 3720
f 3720 133 135
f 3721 3720 135
f 3722 3720 3721
f 3721 137 138
f 3723 3721 138
f 3722 3721 3723
f 3723 138 139
f 3723 139 3724
f 3724 139 141
f 3724 141 3725
f 3725 141 143
f 3725 143 3726
f 3726 143 145
f 3726 145 3727
f 3727 145 147
f 3727 147 3728
f 3728 147 149
f 3728 149 3729
f 3729 149 151
f 3729 151 3730
f 3730 151 153
f 3730 153 3731
f 3731 153 155
f 160 3732 161
f 3732 160 163
f 3732 163 3733
f 3733 163 165
f 3734 3733 165
f 3735 3733 3734
f 3735 3737 3736
f 3735 3734 3737
f 3736 3739 3738
f 3736 3737 3739
f 3738 3741 3740
f 3738 3739 3741
f 3741 167 168
f 3742 3741 168
f 3740 3741 3742
f 3742 168 169
f 3742 169 3743
f 3743 169 171
f 3743 171 3744
f 3744 171 173
f 176 3745 177
f 3745 176 179
f 3745 179 3746
f 3746 179 181
f 3746 181 3747
f 3747 181 183
f 3747 183 3748
f 3748 183 185
f 3748 185 3749
f 3749 185 187
f 3749 187 3750
f 3750 187 189
f 3750 189 3751
f 3751 189 191
f 3751 191 3752
f 3752 191 193
f 3752 193 3753
f 3753 193 195
f 3753 195 3754
f 3754 195 197
f 3754 197 3755
f 3755 197 199
f 3755 199 3756
f 3756 199 201
f 3756 201 3757
f 3757 201 203
f 3757 203 3758
f 3758 203 205
f 3758 205 3759
f 3759 205 207
f 3759 207 3760
f 3760 207 209
f 3760 209 3761
f 3761 209 211
f 3761 211 3762
f 3762 211 213
f 3762 213 3763
f 3763 213 215
f 3763 215 3764
f 3764 215 217
f 3764 217 3765
f 3765 217 219
f 3765 219 3766
f 3766 219 221
f 3766 221 3767
f 3767 221 223
f 230 3768 231
f 3768 230 233
f 3768 233 3769
f 3769 233 235
f 3769 235 3770
f 3770 235 237
f 3770 237 3771
f 3771 237 239
f 3771 239 3772
f 3772 239 241
f 3772 241 3773
f 3773 241 243
f 3773 243 3774
f 3774 243 245
f 3774 245 3775
f 3775 245 247
f 3775 247 3776
f 3776 247 249
f 3776 249 3777
f 3777 249 251
f 3777 251 3778
f 3778 251 253
f 3778 253 3779
f 3779 253 255
f 3779 255 3780
f 3780 255 257
f 3780 257 3781
f 3781 257 259
f 3781 259 3782
f 3782 259 261
f 3782 261 3783
f 3783 261 263
f 3783 263 3784
f 3784 263 265
f 268 3785 269
f 3785 268 271
f 3785 271 3786
f 3786 271 273
f 3786 273 3787
f 3787 273 275
f 3787 275 3788
f 3788 275 277
f 3788 277 3789
f 3789 277 279
f 3790 3789 279
f 3791 3789 3790
f 3791 3793 3792
f 3791 3790 3793
f 3793 281 282
f 3794 3793 282
f 3792 3793 3794
f 3794 282 283
f 3794 283 3795
f 3795 283 285
f 3795 285 3796
f 3796 285 287
f 3796 287 3797
f 3797 287 289
f 3797 289 3798
f 3798 289 291
f 3798 291 3799
f 3799 291 293
f 3799 293 3800
f 3800 293 295
f 3800 295 3801
f 3801 295 297
f 3801 297 3802
f 3802 297 299
f 3802 299 3803
f 3803 299 301
f 3803 301 3804
f 3804 301 303
f 3804 303 3805
f 3805 303 305
f 3805 305 3806
f 3806 305 307
f 3806 307 3807
f 3807 307 309
f 3807 309 3808
f 3808 309 311
f 3808 311 3809
f 3810 314 313
f 3810 313 3811
f 3812 315 314
f 3812 314 3810
f 3813 316 315
f 3813 315 3812
f 3814 317 316
f 3814 316 3813
f 3815 318 317
f 3815 317 3814
f 3816 319 318
f 3816 318 3815
f 3817 320 319
f 3817 319 3816
f 3597 25 320
f 3817 3597 320
f 3818 3597 3817
f 3597 3819 3600
f 3597 3818 3819
f 3820 321 27
f 3600 3820 27
f 3819 3820 3600
f 3821 322 321
f 3821 321 3820
f 3822 323 322
f 3822 322 3821
f 3823 324 323
f 3823 323 3822
f 3605 35 324
f 3823 3605 324
f 3824 3605 3823
f 3825 325 37
f 3605 3825 37
f 3824 3825 3605
f 3826 326 325
f 3826 325 3825
f 3609 41 326
f 3826 3609 326
f 3827 3609 3826
f 3609 3828 3612
f 3609 3827 3828
f 3612 3829 3614
f 3612 3828 3829
f 3614 3830 3616
f 3614 3829 3830
f 3616 3831 3618
f 3616 3830 3831
f 3618 3832 3620
f 3618 3831 3832
f 3620 3833 3622
f 3620 3832 3833
f 3622 3834 3624
f 3622 3833 3834
f 3835 327 43
f 3624 3835 43
f 3834 3835 3624
f 3836 328 327
f 3836 327 3835
f 3627 47 328
f 3836 3627 328
f 3837 3627 3836
f 3627 3838 3630
f 3627 3837 3838
f 3630 3839 3632
f 3630 3838 3839
f 3840 329 49
f 3632 3840 49
f 3839 3840 3632
f 3841 330 329
f 3841 329 3840
f 3635 53 330
f 3841 3635 330
f 3842 3635 3841
f 3843 331 55
f 3635 3843 55
f 3842 3843 3635
f 3844 332 331
f 3844 331 3843
f 3845 333 332
f 3845 332 3844
f 3640 61 333
f 3845 3640 333
f 3846 3640 3845
f 3640 3847 3643
f 3640 3846 3847
f 3643 3848 3645
f 3643 3847 3848
f 3645 3849 3647
f 3645 3848 3849
f 3850 334 63
f 3647 3850 63
f 3849 3850 3647
f 3851 335 334
f 3851 334 3850
f 3852 336 335
f 3852 335 3851
f 3853 337 336
f 3853 336 3852
f 3854 338 337
f 3854 337 3853
f 3652 75 338
f 3854 3652 338
f 3855 3652 3854
f 3652 3856 3655
f 3652 3855 3856
f 3655 3857 3657
f 3655 3856 3857
f 3657 3858 3659
f 3657 3857 3858
f 3859 339 77
f 3659 3859 77
f 3858 3859 3659
f 3661 79 339
f 3859 3661 339
f 3860 3661 3859
f 3661 3861 3664
f 3661 3860 3861
f 3664 3862 3666
f 3664 3861 3862
f 3666 3863 3668
f 3666 3862 3863
f 3668 3864 3670
f 3668 3863 3864
f 3865 340 81
f 3670 3865 81
f 3864 3865 3670
f 3866 341 340
f 3866 340 3865
f 3867 342 341
f 3867 341 3866
f 3674 87 342
f 3867 3674 342
f 3868 3674 3867
f 3674 3869 3677
f 3674 3868 3869
f 3677 3870 3679
f 3677 3869 3870
f 3679 3871 3681
f 3679 3870 3871
f 3681 3872 3683
f 3681 3871 3872
f 3683 3873 3685
f 3683 3872 3873
f 3685 3874 3687
f 3685 3873 3874
f 3875 343 89
f 3687 3875 89
f 3874 3875 3687
f 3689 91 343
f 3875 3689 343
f 3876 3689 3875
f 3689 3877 3692
f 3689 3876 3877
f 3692 3878 3694
f 3692 3877 3878
f 3694 3879 3696
f 3694 3878 3879
f 3880 344 93
f 3696 3880 93
f 3879 3880 3696
f 3698 95 344
f 3880 3698 344
f 3881 3698 3880
f 3698 3882 3701
f 3698 3881 3882
f 3883 345 97
f 3701 3883 97
f 3882 3883 3701
f 3884 346 345
f 3884 345 3883
f 3885 347 346
f 3885 346 3884
f 3886 348 347
f 3886 347 3885
f 3887 349 348
f 3887 348 3886
f 3888 350 349
f 3888 349 3887
f 3889 351 350
f 3889 350 3888
f 3890 352 351
f 3890 351 3889
f 3891 353 352
f 3891 352 3890
f 3892 354 353
f 3892 353 3891
f 3893 355 354
f 3893 354 3892
f 3894 356 355
f 3894 355 3893
f 3895 357 356
f 3895 356 3894
f 3896 358 357
f 3896 357 3895
f 3897 359 358
f 3897 358 3896
f 3898 360 359
f 3898 359 3897
f 3899 361 360
f 3899 360 3898
f 3900 362 361
f 3900 361 3899
f 3901 363 362
f 3901 362 3900
f 3721 135 363
f 3901 3721 363
f 3902 3721 3901
f 3903 364 137
f 3721 3903 137
f 3902 3903 3721
f 3904 365 364
f 3904 364 3903
f 3905 366 365
f 3905 365 3904
f 3906 367 366
f 3906 366 3905
f 3907 368 367
f 3907 367 3906
f 3908 369 368
f 3908 368 3907
f 3909 370 369
f 3909 369 3908
f 3910 371 370
f 3910 370 3909
f 3911 372 371
f 3911 371 3910
f 3911 374 372
f 375 3912 376
f 3913 377 376
f 3913 376 3912
f 3914 378 377
f 3914 377 3913
f 3734 165 378
f 3914 3734 378
f 3915 3734 3914
f 3734 3916 3737
f 3734 3915 3916
f 3737 3917 3739
f 3737 3916 3917
f 3739 3918 3741
f 3739 3917 3918
f 3919 379 167
f 3741 3919 167
f 3918 3919 3741
f 3920 380 379
f 3920 379 3919
f 3921 381 380
f 3921 380 3920
f 3922 382 381
f 3922 381 3921
f 3923 383 382
f 3923 382 3922
f 3924 384 383
f 3924 383 3923
f 3925 385 384
f 3925 384 3924
f 3926 386 385
f 3926 385 3925
f 3927 387 386
f 3927 386 3926
f 3928 388 387
f 3928 387 3927
f 3929 389 388
f 3929 388 3928
f 3930 390 389
f 3930 389 3929
f 3930 392 390
f 395 3931 396
f 3932 397 396
f 3932 396 3931
f 3933 398 397
f 3933 397 3932
f 3934 399 398
f 3934 398 3933
f 3935 400 399
f 3935 399 3934
f 3936 401 400
f 3936 400 3935
f 3937 402 401
f 3937 401 3936
f 3938 403 402
f 3938 402 3937
f 3939 404 403
f 3939 403 3938
f 3940 405 404
f 3940 404 3939
f 3941 406 405
f 3941 405 3940
f 3942 407 406
f 3942 406 3941
f 3943 408 407
f 3943 407 3942
f 3943 410 408
f 412 3944 413
f 3945 414 413
f 3945 413 3944
f 3946 415 414
f 3946 414 3945
f 3947 416 415
f 3947 415 3946
f 3948 417 416
f 3948 416 3947
f 3949 418 417
f 3949 417 3948
f 3950 419 418
f 3950 418 3949
f 3951 420 419
f 3951 419 3950
f 3952 421 420
f 3952 420 3951
f 3953 422 421
f 3953 421 3952
f 3954 423 422
f 3954 422 3953
f 3955 424 423
f 3955 423 3954
f 3956 425 424
f 3956 424 3955
f 3957 426 425
f 3957 425 3956
f 3958 427 426
f 3958 426 3957
f 3959 428 427
f 3959 427 3958
f 3960 429 428
f 3960 428 3959
f 3961 430 429
f 3961 429 3960
f 3962 431 430
f 3962 430 3961
f 3963 432 431
f 3963 431 3962
f 3964 433 432
f 3964 432 3963
f 3965 434 433
f 3965 433 3964
f 3966 435 434
f 3966 434 3965
f 3790 279 435
f 3966 3790 435
f 3967 3790 3966
f 3790 3968 3793
f 3790 3967 3968
f 3969 436 281
f 3793 3969 281
f 3968 3969 3793
f 3970 437 436
f 3970 436 3969
f 3971 438 437
f 3971 437 3970
f 3972 439 438
f 3972 438 3971
f 3973 440 439
f 3973 439 3972
f 3974 441 440
f 3974 440 3973
f 3975 442 441
f 3975 441 3974
f 3976 443 442
f 3976 442 3975
f 3977 444 443
f 3977 443 3976
f 3978 445 444
f 3978 444 3977
f 3979 446 445
f 3979 445 3978
f 3980 447 446
f 3980 446 3979
f 3981 448 447
f 3981 447 3980
f 3982 449 448
f 3982 448 3981
f 3983 450 449
f 3983 449 3982
f 3984 451 450
f 3984 450 3983
f 3811 455 453
f 3811 453 3810
f 3810 453 456
f 3985 3810 456
f 3812 3810 3985
f 3985 458 459
f 3813 3985 459
f 3812 3985 3813
f 3813 459 460
f 3813 460 3814
f 3814 460 462
f 3814 462 3815
f 3815 462 464
f 3815 464 3816
f 3816 464 466
f 3986 3816 466
f 3817 3816 3986
f 3817 3987 3818
f 3817 3986 3987
f 3818 3988 3819
f 3818 3987 3988
f 3988 468 469
f 3820 3988 469
f 3819 3988 3820
f 3820 469 470
f 3820 470 3821
f 3821 470 472
f 3821 472 3822
f 3822 472 474
f 3822 474 3823
f 3823 474 476
f 3823 476 3824
f 3824 476 478
f 3824 478 3825
f 3825 478 480
f 3989 3825 480
f 3826 3825 3989
f 3826 3990 3827
f 3826 3989 3990
f 3827 3991 3828
f 3827 3990 3991
f 3991 482 483
f 3829 3991 483
f 3828 3991 3829
f 3829 483 484
f 3829 484 3830
f 3830 484 486
f 3830 486 3831
f 3831 486 488
f 3831 488 3832
f 3832 488 490
f 3832 490 3833
f 3833 490 492
f 3833 492 3834
f 3834 492 494
f 3834 494 3835
f 3835 494 496
f 3992 3835 496
f 3836 3835 3992
f 3836 3993 3837
f 3836 3992 3993
f 3837 3994 3838
f 3837 3993 3994
f 3994 498 499
f 3839 3994 499
f 3838 3994 3839
f 3839 499 500
f 3839 500 3840
f 3840 500 502
f 3840 502 3841
f 3841 502 504
f 3841 504 3842
f 3842 504 506
f 3842 506 3843
f 3843 506 508
f 3843 508 3844
f 3844 508 510
f 3844 510 3845
f 3845 510 512
f 3995 3845 512
f 3846 3845 3995
f 3995 514 515
f 3847 3995 515
f 3846 3995 3847
f 3847 515 516
f 3847 516 3848
f 3848 516 518
f 3996 3848 518
f 3849 3848 3996
f 3996 520 521
f 3850 3996 521
f 3849 3996 3850
f 3850 521 522
f 3850 522 3851
f 3851 522 524
f 3851 524 3852
f 3852 524 526
f 3852 526 3853
f 3853 526 528
f 3997 3853 528
f 3854 3853 3997
f 3997 530 531
f 3855 3997 531
f 3854 3997 3855
f 3855 531 532
f 3855 532 3856
f 3856 532 534
f 3856 534 3857
f 3857 534 536
f 3857 536 3858
f 3858 536 538
f 3858 538 3859
f 3859 538 540
f 3859 540 3860
f 3860 540 542
f 3998 3860 542
f 3861 3860 3998
f 3998 544 545
f 3862 3998 545
f 3861 3998 3862
f 3862 545 546
f 3862 546 3863
f 3863 546 548
f 3999 3863 548
f 3864 3863 3999
f 3999 550 551
f 3865 3999 551
f 3864 3999 3865
f 3865 551 552
f 3865 552 3866
f 3866 552 554
f 3866 554 3867
f 3867 554 556
f 4000 3867 556
f 3868 3867 4000
f 3868 4001 3869
f 3868 4000 4001
f 4001 558 559
f 3870 4001 559
f 3869 4001 3870
f 3870 559 560
f 4002 3870 560
f 3871 3870 4002
f 3871 4003 3872
f 3871 4002 4003
f 3872 4004 3873
f 3872 4003 4004
f 4004 562 563
f 3874 4004 563
f 3873 4004 3874
f 3874 563 564
f 3874 564 3875
f 3875 564 566
f 4005 3875 566
f 3876 3875 4005
f 3876 4006 3877
f 3876 4005 4006
f 3877 4007 3878
f 3877 4006 4007
f 4007 568 569
f 3879 4007 569
f 3878 4007 3879
f 3879 569 570
f 3879 570 3880
f 3880 570 572
f 3880 572 3881
f 3881 572 574
f 3881 574 3882
f 3882 574 576
f 4008 3882 576
f 3883 3882 4008
f 4008 578 579
f 3884 4008 579
f 3883 4008 3884
f 3884 579 580
f 3884 580 3885
f 3885 580 582
f 3885 582 3886
f 3886 582 584
f 3886 584 3887
f 3887 584 586
f 3887 586 3888
f 3888 586 588
f 3888 588 3889
f 3889 588 590
f 4009 3889 590
f 3890 3889 4009
f 4009 592 593
f 3891 4009 593
f 3890 4009 3891
f 3891 593 594
f 3891 594 3892
f 3892 594 596
f 3892 596 3893
f 3893 596 598
f 4010 3893 598
f 3894 3893 4010
f 4010 600 601
f 3895 4010 601
f 3894 4010 3895
f 3895 601 602
f 3895 602 3896
f 3896 602 604
f 3896 604 3897
f 3897 604 606
f 3897 606 3898
f 3898 606 608
f 3898 608 3899
f 3899 608 610
f 3899 610 3900
f 3900 610 612
f 4011 3900 612
f 3901 3900 4011
f 3901 4012 3902
f 3901 4011 4012
f 4012 614 615
f 3903 4012 615
f 3902 4012 3903
f 3903 615 616
f 3903 616 3904
f 3904 616 618
f 4013 3904 618
f 3905 3904 4013
f 4013 620 621
f 3906 4013 621
f 3905 4013 3906
f 3906 621 622
f 3906 622 3907
f 3907 622 624
f 3907 624 3908
f 3908 624 626
f 3908 626 3909
f 3909 626 628
f 3909 628 3910
f 3910 628 630
f 3910 630 3911
f 3911 630 374
f 633 3912 375
f 3912 633 635
f 3912 635 3913
f 3913 635 637
f 3913 637 3914
f 3914 637 639
f 4014 3914 639
f 3915 3914 4014
f 3915 4015 3916
f 3915 4014 4015
f 3916 4016 3917
f 3916 4015 4016
f 3917 4017 3918
f 3917 4016 4017
f 4017 641 642
f 3919 4017 642
f 3918 4017 3919
f 3919 642 643
f 3919 643 3920
f 3920 643 645
f 3920 645 3921
f 3921 645 647
f 3921 647 3922
f 3922 647 649
f 3922 649 3923
f 3923 649 651
f 3923 651 3924
f 3924 651 653
f 4018 3924 653
f 3925 3924 4018
f 3925 4019 3926
f 3925 4018 4019
f 3926 4020 3927
f 3926 4019 4020
f 3927 4021 3928
f 3927 4020 4021
f 4021 655 656
f 3929 4021 656
f 3928 4021 3929
f 3929 656 657
f 3929 657 3930
f 3930 657 392
f 662 3931 395
f 3931 662 664
f 3931 664 3932
f 3932 664 666
f 3932 666 3933
f 3933 666 668
f 3933 668 3934
f 3934 668 670
f 3934 670 3935
f 3935 670 672
f 3935 672 3936
f 3936 672 674
f 3936 674 3937
f 3937 674 676
f 3937 676 3938
f 3938 676 678
f 4022 3938 678
f 3939 3938 4022
f 3939 4023 3940
f 3939 4022 4023
f 4023 680 681
f 3941 4023 681
f 3940 4023 3941
f 3941 681 682
f 3941 682 3942
f 3942 682 684
f 3942 684 3943
f 3943 684 410
f 688 3944 412
f 3944 688 690
f 3944 690 3945
f 3945 690 692
f 3945 692 3946
f 3946 692 694
f 3946 694 3947
f 3947 694 696
f 3947 696 3948
f 3948 696 698
f 3948 698 3949
f 3949 698 700
f 3949 700 3950
f 3950 700 702
f 3950 702 3951
f 3951 702 704
f 3951 704 3952
f 3952 704 706
f 3952 706 3953
f 3953 706 708
f 3953 708 3954
f 3954 708 710
f 3954 710 3955
f 3955 710 712
f 4024 3955 712
f 3956 3955 4024
f 3956 4025 3957
f 3956 4024 4025
f 3957 4026 3958
f 3957 4025 4026
f 4026 714 715
f 3959 4026 715
f 3958 4026 3959
f 3959 715 716
f 3959 716 3960
f 3960 716 718
f 3960 718 3961
f 3961 718 720
f 3961 720 3962
f 3962 720 722
f 3962 722 3963
f 3963 722 724
f 3963 724 3964
f 3964 724 726
f 3964 726 3965
f 3965 726 728
f 3965 728 3966
f 3966 728 730
f 4027 3966 730
f 3967 3966 4027
f 3967 4028 3968
f 3967 4027 4028
f 4028 732 733
f 3969 4028 733
f 3968 4028 3969
f 3969 733 734
f 3969 734 3970
f 3970 734 736
f 4029 3970 736
f 3971 3970 4029
f 4029 738 739
f 3972 4029 739
f 3971 4029 3972
f 3972 739 740
f 3972 740 3973
f 3973 740 742
f 4030 3973 742
f 3974 3973 4030
f 3974 4031 3975
f 3974 4030 4031
f 4031 744 745
f 3976 4031 745
f 3975 4031 3976
f 3976 745 746
f 3976 746 3977
f 3977 746 748
f 3977 748 3978
f 3978 748 750
f 3978 750 3979
f 3979 750 752
f 3979 752 3980
f 3980 752 754
f 3980 754 3981
f 3981 754 756
f 3981 756 3982
f 3982 756 758
f 3982 758 3983
f 3983 758 760
f 3983 760 3984
f 764 3985 456
f 3985 764 458
f 770 3986 466
f 3986 770 772
f 3986 772 3987
f 3987 772 774
f 3987 774 3988
f 3988 774 468
f 782 3989 480
f 3989 782 784
f 3989 784 3990
f 3990 784 786
f 3990 786 3991
f 3991 786 482
f 795 3992 496
f 3992 795 797
f 3992 797 3993
f 3993 797 799
f 3993 799 3994
f 3994 799 498
f 808 3995 512
f 3995 808 514
f 812 3996 518
f 3996 812 520
f 818 3997 528
f 3997 818 530
f 826 3998 542
f 3998 826 544
f 830 3999 548
f 3999 830 550
f 835 4000 556
f 4000 835 837
f 4000 837 4001
f 4001 837 558
f 840 4002 560
f 4002 840 842
f 4002 842 4003
f 4003 842 844
f 4003 844 4004
f 4004 844 562
f 848 4005 566
f 4005 848 850
f 4005 850 4006
f 4006 850 852
f 4006 852 4007
f 4007 852 568
f 858 4008 576
f 4008 858 578
f 866 4009 590
f 4009 866 592
f 871 4010 598
f 4010 871 600
f 879 4011 612
f 4011 879 881
f 4011 881 4012
f 4012 881 614
f 885 4013 618
f 4013 885 620
f 897 4014 639
f 4014 897 899
f 4014 899 4015
f 4015 899 901
f 4015 901 4016
f 4016 901 903
f 4016 903 4017
f 4017 903 641
f 911 4018 653
f 4018 911 913
f 4018 913 4019
f 4019 913 915
f 4019 915 4020
f 4020 915 917
f 4020 917 4021
f 4021 917 655
f 932 4022 678
f 4022 932 934
f 4022 934 4023
f 4023 934 680
f 953 4024 712
f 4024 953 955
f 4024 955 4025
f 4025 955 957
f 4025 957 4026
f 4026 957 714
f 967 4027 730
f 4027 967 969
f 4027 969 4028
f 4028 969 732
f 973 4029 736
f 4029 973 738
f 977 4030 742
f 4030 977 979
f 4030 979 4031
f 4031 979 744
f 4032 991 990
f 4032 990 4033
f 4034 992 991
f 4034 991 4032
f 4035 993 992
f 4035 992 4034
f 4036 994 993
f 4036 993 4035
f 4037 995 994
f 4037 994 4036
f 4038 996 995
f 4038 995 4037
f 4039 997 996
f 4039 996 4038
f 4040 998 997
f 4040 997 4039
f 4041 999 998
f 4041 998 4040
f 4042 1000 999
f 4042 999 4041
f 4043 1001 1000
f 4043 1000 4042
f 4044 1002 1001
f 4044 1001 4043
f 4045 1003 1002
f 4045 1002 4044
f 4046 1004 1003
f 4046 1003 4045
f 4047 1005 1004
f 4047 1004 4046
f 4048 1006 1005
f 4048 1005 4047
f 4049 1007 1006
f 4049 1006 4048
f 4050 1008 1007
f 4050 1007 4049
f 4051 1009 1008
f 4051 1008 4050
f 4052 1010 1009
f 4052 1009 4051
f 4053 1011 1010
f 4053 1010 4052
f 4054 1012 1011
f 4054 1011 4053
f 4055 1013 1012
f 4055 1012 4054
f 4056 1014 1013
f 4056 1013 4055
f 4057 1015 1014
f 4057 1014 4056
f 4058 1016 1015
f 4058 1015 4057
f 4059 1017 1016
f 4059 1016 4058
f 4060 1018 1017
f 4060 1017 4059
f 4061 1019 1018
f 4061 1018 4060
f 4062 1020 1019
f 4062 1019 4061
f 4063 1021 1020
f 4063 1020 4062
f 4064 1022 1021
f 4064 1021 4063
f 4065 1023 1022
f 4065 1022 4064
f 4066 1024 1023
f 4066 1023 4065
f 4067 1025 1024
f 4067 1024 4066
f 4068 1026 1025
f 4068 1025 4067
f 4069 1027 1026
f 4069 1026 4068
f 4070 1028 1027
f 4070 1027 4069
f 4071 1029 1028
f 4071 1028 4070
f 4072 1030 1029
f 4072 1029 4071
f 4072 1032 1030
f 1034 4073 1035
f 4074 1036 1035
f 4074 1035 4073
f 4075 1037 1036
f 4075 1036 4074
f 4076 1038 1037
f 4076 1037 4075
f 4077 1039 1038
f 4077 1038 4076
f 4078 1040 1039
f 4078 1039 4077
f 4079 1041 1040
f 4079 1040 4078
f 4080 1042 1041
f 4080 1041 4079
f 4081 1043 1042
f 4081 1042 4080
f 4082 1044 1043
f 4082 1043 4081
f 4083 1045 1044
f 4083 1044 4082
f 4084 1046 1045
f 4084 1045 4083
f 4085 1047 1046
f 4085 1046 4084
f 4086 1048 1047
f 4086 1047 4085
f 4087 1049 1048
f 4087 1048 4086
f 4088 1050 1049
f 4088 1049 4087
f 4089 1051 1050
f 4089 1050 4088
f 4090 1052 1051
f 4090 1051 4089
f 4091 1053 1052
f 4091 1052 4090
f 4092 1054 1053
f 4092 1053 4091
f 4093 1055 1054
f 4093 1054 4092
f 4094 1056 1055
f 4094 1055 4093
f 4095 1057 1056
f 4095 1056 4094
f 4096 1058 1057
f 4096 1057 4095
f 4097 1059 1058
f 4097 1058 4096
f 4098 1060 1059
f 4098 1059 4097
f 4099 1061 1060
f 4099 1060 4098
f 4100 1062 1061
f 4100 1061 4099
f 4101 1063 1062
f 4101 1062 4100
f 4102 1064 1063
f 4102 1063 4101
f 4103 1065 1064
f 4103 1064 4102
f 4104 1066 1065
f 4104 1065 4103
f 4105 1067 1066
f 4105 1066 4104
f 4106 1068 1067
f 4106 1067 4105
f 4107 1069 1068
f 4107 1068 4106
f 4108 1070 1069
f 4108 1069 4107
f 4109 1071 1070
f 4109 1070 4108
f 4110 1072 1071
f 4110 1071 4109
f 4111 1073 1072
f 4111 1072 4110
f 4112 1074 1073
f 4112 1073 4111
f 4113 1075 1074
f 4113 1074 4112
f 4114 1076 1075
f 4114 1075 4113
f 4115 1077 1076
f 4115 1076 4114
f 4116 1078 1077
f 4116 1077 4115
f 4117 1079 1078
f 4117 1078 4116
f 4118 1080 1079
f 4118 1079 4117
f 4119 1081 1080
f 4119 1080 4118
f 4120 1082 1081
f 4120 1081 4119
f 4121 1083 1082
f 4121 1082 4120
f 4122 1084 1083
f 4122 1083 4121
f 4123 1085 1084
f 4123 1084 4122
f 4124 1086 1085
f 4124 1085 4123
f 4125 1087 1086
f 4125 1086 4124
f 4126 1088 1087
f 4126 1087 4125
f 4127 1089 1088
f 4127 1088 4126
f 4128 1090 1089
f 4128 1089 4127
f 4129 1091 1090
f 4129 1090 4128
f 4130 1092 1091
f 4130 1091 4129
f 4131 1093 1092
f 4131 1092 4130
f 4132 1094 1093
f 4132 1093 4131
f 4133 1095 1094
f 4133 1094 4132
f 4134 1096 1095
f 4134 1095 4133
f 4135 1097 1096
f 4135 1096 4134
f 4136 1098 1097
f 4136 1097 4135
f 4137 1099 1098
f 4137 1098 4136
f 4138 1100 1099
f 4138 1099 4137
f 4139 1101 1100
f 4139 1100 4138
f 4140 1102 1101
f 4140 1101 4139
f 4141 1103 1102
f 4141 1102 4140
f 4141 1105 1103
f 1107 4142 1108
f 4143 1109 1108
f 4143 1108 4142
f 4144 1110 1109
f 4144 1109 4143
f 4145 1111 1110
f 4145 1110 4144
f 4146 1112 1111
f 4146 1111 4145
f 4147 1113 1112
f 4147 1112 4146
f 4148 1114 1113
f 4148 1113 4147
f 4149 1115 1114
f 4149 1114 4148
f 4150 1116 1115
f 4150 1115 4149
f 4151 1117 1116
f 4151 1116 4150
f 4152 1118 1117
f 4152 1117 4151
f 4153 1119 1118
f 4153 1118 4152
f 4154 1120 1119
f 4154 1119 4153
f 4155 1121 1120
f 4155 1120 4154
f 4156 1122 1121
f 4156 1121 4155
f 4157 1123 1122
f 4157 1122 4156
f 4158 1124 1123
f 4158 1123 4157
f 4159 1125 1124
f 4159 1124 4158
f 4160 1126 1125
f 4160 1125 4159
f 4161 1127 1126
f 4161 1126 4160
f 4162 1128 1127
f 4162 1127 4161
f 4163 1129 1128
f 4163 1128 4162
f 4164 1130 1129
f 4164 1129 4163
f 4165 1131 1130
f 4165 1130 4164
f 4165 1133 1131
f 1134 4166 1135
f 4167 1136 1135
f 4167 1135 4166
f 4168 1137 1136
f 4168 1136 4167
f 4169 1138 1137
f 4169 1137 4168
f 4170 1139 1138
f 4170 1138 4169
f 4171 1140 1139
f 4171 1139 4170
f 4172 1141 1140
f 4172 1140 4171
f 4173 1142 1141
f 4173 1141 4172
f 4174 1143 1142
f 4174 1142 4173
f 4175 1144 1143
f 4175 1143 4174
f 4176 1145 1144
f 4176 1144 4175
f 4177 1146 1145
f 4177 1145 4176
f 4178 1147 1146
f 4178 1146 4177
f 4179 1148 1147
f 4179 1147 4178
f 4180 1149 1148
f 4180 1148 4179
f 4181 1150 1149
f 4181 1149 4180
f 4182 1151 1150
f 4182 1150 4181
f 4183 1152 1151
f 4183 1151 4182
f 4183 1154 1152
f 1155 4184 1156
f 4185 1157 1156
f 4185 1156 4184
f 4186 1158 1157
f 4186 1157 4185
f 4187 1159 1158
f 4187 1158 4186
f 4188 1160 1159
f 4188 1159 4187
f 4189 1161 1160
f 4189 1160 4188
f 4190 1162 1161
f 4190 1161 4189
f 4191 1163 1162
f 4191 1162 4190
f 4192 1164 1163
f 4192 1163 4191
f 4193 1165 1164
f 4193 1164 4192
f 4194 1166 1165
f 4194 1165 4193
f 4195 1167 1166
f 4195 1166 4194
f 4196 1168 1167
f 4196 1167 4195
f 4197 1169 1168
f 4197 1168 4196
f 4198 1170 1169
f 4198 1169 4197
f 4199 1171 1170
f 4199 1170 4198
f 4200 1172 1171
f 4200 1171 4199
f 4201 1173 1172
f 4201 1172 4200
f 4201 1175 1173
f 1177 4202 1178
f 4203 1179 1178
f 4203 1178 4202
f 4204 1180 1179
f 4204 1179 4203
f 4033 4205 4032
f 4033 4206 4205
f 4032 4207 4034
f 4032 4205 4207
f 4034 4208 4035
f 4034 4207 4208
f 4035 4209 4036
f 4035 4208 4209
f 4036 4210 4037
f 4036 4209 4210
f 4037 4211 4038
f 4037 4210 4211
f 4038 4212 4039
f 4038 4211 4212
f 4039 4213 4040
f 4039 4212 4213
f 4040 4214 4041
f 4040 4213 4214
f 4041 4215 4042
f 4041 4214 4215
f 4042 4216 4043
f 4042 4215 4216
f 4043 4217 4044
f 4043 4216 4217
f 4044 4218 4045
f 4044 4217 4218
f 4045 4219 4046
f 4045 4218 4219
f 4046 4220 4047
f 4046 4219 4220
f 4047 4221 4048
f 4047 4220 4221
f 4223 4049 4222
f 4049 4221 4222
f 4049 4048 4221
f 4049 4223 4050
f 4050 4223 4224
f 4050 4224 4051
f 4051 4224 4225
f 4051 4225 4052
f 4052 4225 4226
f 4052 4226 4053
f 4053 4226 4227
f 4053 4227 4054
f 4054 4227 4228
f 4054 4228 4055
f 4055 4228 4229
f 4055 4229 4056
f 4056 4229 4230
f 4056 4230 4057
f 4057 4230 4231
f 4057 4231 4058
f 4058 4231 4232
f 4058 4232 4059
f 4059 4232 4233
f 4059 4233 4060
f 4060 4233 4234
f 4060 4234 4061
f 4061 4234 4235
f 4061 4235 4062
f 4062 4235 4236
f 4062 4236 4063
f 4063 4236 4237
f 4063 4237 4064
f 4064 4237 4238
f 4064 4238 4065
f 4065 4238 4239
f 4241 4240 4239
f 4240 4065 4239
f 4240 4066 4065
f 4243 4067 4242
f 4067 4240 4242
f 4067 4066 4240
f 4067 4243 4068
f 4068 4243 4244
f 4068 4244 4069
f 4069 4244 4245
f 4247 4246 4245
f 4246 4069 4245
f 4246 4070 4069
f 4249 4071 4248
f 4071 4246 4248
f 4071 4070 4246
f 4071 4249 4072
f 4072 4249 4250
f 4250 4252 4251
f 4250 4251 1181
f 4072 4250 1181
f 1032 4072 1181
f 4253 1182 1181
f 4253 1181 4251
f 4253 4254 1182
f 1182 4254 1034
f 4254 4255 1034
f 4255 4073 1034
f 4073 4255 4074
f 4074 4255 4256
f 4074 4256 4075
f 4075 4256 4257
f 4075 4257 4076
f 4076 4257 4258
f 4076 4258 4077
f 4077 4258 4259
f 4077 4259 4078
f 4078 4259 4260
f 4262 4261 4260
f 4261 4078 4260
f 4261 4079 4078
f 4264 4080 4263
f 4080 4261 4263
f 4080 4079 4261
f 4080 4264 4081
f 4081 4264 4265
f 4081 4265 4082
f 4082 4265 4266
f 4082 4266 4083
f 4083 4266 4267
f 4083 4267 4084
f 4084 4267 4268
f 4084 4268 4085
f 4085 4268 4269
f 4271 4270 4269
f 4270 4085 4269
f 4270 4086 4085
f 4273 4087 4272
f 4087 4270 4272
f 4087 4086 4270
f 4087 4273 4088
f 4088 4273 4274
f 4088 4274 4089
f 4089 4274 4275
f 4089 4275 4090
f 4090 4275 4276
f 4090 4276 4091
f 4091 4276 4277
f 4091 4277 4092
f 4092 4277 4278
f 4092 4278 4093
f 4093 4278 4279
f 4093 4279 4094
f 4094 4279 4280
f 4094 4280 4095
f 4095 4280 4281
f 4095 4281 4096
f 4096 4281 4282
f 4096 4282 4097
f 4097 4282 4283
f 4097 4283 4098
f 4098 4283 4284
f 4098 4284 4099
f 4099 4284 4285
f 4099 4285 4100
f 4100 4285 4286
f 4100 4286 4101
f 4101 4286 4287
f 4101 4287 4102
f 4102 4287 4288
f 4290 4289 4288
f 4289 4102 4288
f 4289 4103 4102
f 4103 4291 4104
f 4103 4289 4291
f 4104 4292 4105
f 4104 4291 4292
f 4105 4293 4106
f 4105 4292 4293
f 4106 4294 4107
f 4106 4293 4294
f 4107 4295 4108
f 4107 4294 4295
f 4108 4296 4109
f 4108 4295 4296
f 4109 4297 4110
f 4109 4296 4297
f 4110 4298 4111
f 4110 4297 4298
f 4111 4299 4112
f 4111 4298 4299
f 4112 4300 4113
f 4112 4299 4300
f 4113 4301 4114
f 4113 4300 4301
f 4114 4302 4115
f 4114 4301 4302
f 4115 4303 4116
f 4115 4302 4303
f 4116 4304 4117
f 4116 4303 4304
f 4117 4305 4118
f 4117 4304 4305
f 4118 4306 4119
f 4118 4305 4306
f 4119 4307 4120
f 4119 4306 4307
f 4120 4308 4121
f 4120 4307 4308
f 4121 4309 4122
f 4121 4308 4309
f 4122 4310 4123
f 4122 4309 4310
f 4123 4311 4124
f 4123 4310 4311
f 4124 4312 4125
f 4124 4311 4312
f 4125 4313 4126
f 4125 4312 4313
f 4126 4314 4127
f 4126 4313 4314
f 4127 4315 4128
f 4127 4314 4315
f 4128 4316 4129
f 4128 4315 4316
f 4129 4317 4130
f 4129 4316 4317
f 4130 4318 4131
f 4130 4317 4318
f 4131 4319 4132
f 4131 4318 4319
f 4132 4320 4133
f 4132 4319 4320
f 4133 4321 4134
f 4133 4320 4321
f 4134 4322 4135
f 4134 4321 4322
f 4324 4136 4323
f 4136 4322 4323
f 4136 4135 4322
f 4136 4324 4137
f 4137 4324 4325
f 4327 4326 4325
f 4326 4137 4325
f 4326 4138 4137
f 4138 4328 4139
f 4138 4326 4328
f 4139 4329 4140
f 4139 4328 4329
f 4140 4330 4141
f 4140 4329 4330
f 4331 1183 1105
f 4141 4331 1105
f 4330 4331 4141
f 4332 1184 1183
f 4332 1183 4331
f 4142 1107 1184
f 4332 4142 1184
f 4333 4142 4332
f 4142 4334 4143
f 4142 4333 4334
f 4143 4335 4144
f 4143 4334 4335
f 4144 4336 4145
f 4144 4335 4336
f 4145 4337 4146
f 4145 4336 4337
f 4146 4338 4147
f 4146 4337 4338
f 4147 4339 4148
f 4147 4338 4339
f 4148 4340 4149
f 4148 4339 4340
f 4149 4341 4150
f 4149 4340 4341
f 4150 4342 4151
f 4150 4341 4342
f 4151 4343 4152
f 4151 4342 4343
f 4152 4344 4153
f 4152 4343 4344
f 4153 4345 4154
f 4153 4344 4345
f 4154 4346 4155
f 4154 4345 4346
f 4155 4347 4156
f 4155 4346 4347
f 4156 4348 4157
f 4156 4347 4348
f 4157 4349 4158
f 4157 4348 4349
f 4158 4350 4159
f 4158 4349 4350
f 4159 4351 4160
f 4159 4350 4351
f 4160 4352 4161
f 4160 4351 4352
f 4161 4353 4162
f 4161 4352 4353
f 4162 4354 4163
f 4162 4353 4354
f 4163 4355 4164
f 4163 4354 4355
f 4164 4356 4165
f 4164 4355 4356
f 4357 1185 1133
f 4165 4357 1133
f 4356 4357 4165
f 4166 1134 1185
f 4357 4166 1185
f 4358 4166 4357
f 4166 4359 4167
f 4166 4358 4359
f 4167 4360 4168
f 4167 4359 4360
f 4168 4361 4169
f 4168 4360 4361
f 4169 4362 4170
f 4169 4361 4362
f 4170 4363 4171
f 4170 4362 4363
f 4171 4364 4172
f 4171 4363 4364
f 4172 4365 4173
f 4172 4364 4365
f 4173 4366 4174
f 4173 4365 4366
f 4174 4367 4175
f 4174 4366 4367
f 4175 4368 4176
f 4175 4367 4368
f 4176 4369 4177
f 4176 4368 4369
f 4177 4370 4178
f 4177 4369 4370
f 4178 4371 4179
f 4178 4370 4371
f 4179 4372 4180
f 4179 4371 4372
f 4180 4373 4181
f 4180 4372 4373
f 4181 4374 4182
f 4181 4373 4374
f 4182 4375 4183
f 4182 4374 4375
f 4376 1186 1154
f 4183 4376 1154
f 4375 4376 4183
f 4184 1155 1186
f 4376 4184 1186
f 4377 4184 4376
f 4184 4378 4185
f 4184 4377 4378
f 4185 4379 4186
f 4185 4378 4379
f 4186 4380 4187
f 4186 4379 4380
f 4187 4381 4188
f 4187 4380 4381
f 4188 4382 4189
f 4188 4381 4382
f 4189 4383 4190
f 4189 4382 4383
f 4190 4384 4191
f 4190 4383 4384
f 4191 4385 4192
f 4191 4384 4385
f 4192 4386 4193
f 4192 4385 4386
f 4193 4387 4194
f 4193 4386 4387
f 4194 4388 4195
f 4194 4387 4388
f 4195 4389 4196
f 4195 4388 4389
f 4196 4390 4197
f 4196 4389 4390
f 4197 4391 4198
f 4197 4390 4391
f 4198 4392 4199
f 4198 4391 4392
f 4199 4393 4200
f 4199 4392 4393
f 4200 4394 4201
f 4200 4393 4394
f 4395 1187 1175
f 4201 4395 1175
f 4394 4395 4201
f 4396 1188 1187
f 4396 1187 4395
f 4202 1177 1188
f 4396 4202 1188
f 4397 4202 4396
f 4202 4398 4203
f 4202 4397 4398
f 4203 4399 4204
f 4203 4398 4399
f 4206 4400 4205
f 4206 4401 4400
f 4205 4402 4207
f 4205 4400 4402
f 4207 4403 4208
f 4207 4402 4403
f 4208 4404 4209
f 4208 4403 4404
f 4209 4405 4210
f 4209 4404 4405
f 4210 4406 4211
f 4210 4405 4406
f 4211 4407 4212
f 4211 4406 4407
f 4212 4408 4213
f 4212 4407 4408
f 4213 4409 4214
f 4213 4408 4409
f 4214 4410 4215
f 4214 4409 4410
f 4215 4411 4216
f 4215 4410 4411
f 4216 4412 4217
f 4216 4411 4412
f 4217 4413 4218
f 4217 4412 4413
f 4218 4414 4219
f 4218 4413 4414
f 4219 4415 4220
f 4219 4414 4415
f 4220 4416 4221
f 4220 4415 4416
f 4222 4221 4417
f 4221 4418 4417
f 4221 4416 4418
f 4420 4419 4418
f 4418 4419 4417
f 4422 4421 4420
f 4420 4421 4419
f 4424 4423 4422
f 4422 4423 4421
f 4426 4425 4424
f 4424 4425 4423
f 4428 4427 4426
f 4426 4427 4425
f 4430 4429 4428
f 4428 4429 4427
f 4432 4431 4430
f 4430 4431 4429
f 4434 4433 4432
f 4432 4433 4431
f 4436 4435 4434
f 4434 4435 4433
f 4438 4437 4436
f 4436 4437 4435
f 4438 4439 4437
f 4442 4441 4440
f 4444 4443 4440
f 4440 4443 4442
f 4446 4445 4444
f 4444 4445 4443
f 4448 4447 4446
f 4446 4447 4445
f 4450 4449 4448
f 4448 4449 4447
f 4449 4450 4241
f 4450 4240 4241
f 4450 4451 4240
f 4242 4240 4452
f 4240 4453 4452
f 4240 4451 4453
f 4455 4454 4453
f 4453 4454 4452
f 4457 4456 4455
f 4455 4456 4454
f 4456 4457 4247
f 4457 4246 4247
f 4457 4458 4246
f 4248 4246 4459
f 4246 4460 4459
f 4246 4458 4460
f 4462 4461 4460
f 4460 4461 4459
f 4461 4462 4252
f 4462 4251 4252
f 4462 4463 4251
f 4251 4464 4253
f 4251 4463 4464
f 4254 4253 4465
f 4253 4466 4465
f 4253 4464 4466
f 4468 4467 4466
f 4466 4467 4465
f 4470 4469 4468
f 4468 4469 4467
f 4470 4471 4469
f 4474 4473 4472
f 4474 4472 4262
f 4472 4261 4262
f 4472 4475 4261
f 4263 4261 4476
f 4261 4477 4476
f 4261 4475 4477
f 4479 4478 4477
f 4477 4478 4476
f 4481 4480 4479
f 4479 4480 4478
f 4481 4482 4480
f 4270 4271 4483
f 4483 4271 4484
f 4272 4270 4485
f 4270 4486 4485
f 4270 4483 4486
f 4486 4487 4485
f 4490 4489 4488
f 4492 4491 4488
f 4488 4491 4490
f 4492 4493 4491
f 4496 4495 4494
f 4498 4497 4494
f 4494 4497 4496
f 4500 4499 4498
f 4498 4499 4497
f 4502 4501 4500
f 4500 4501 4499
f 4504 4503 4502
f 4502 4503 4501
f 4506 4505 4504
f 4504 4505 4503
f 4508 4507 4506
f 4506 4507 4505
f 4510 4509 4508
f 4508 4509 4507
f 4512 4511 4510
f 4510 4511 4509
f 4514 4513 4512
f 4512 4513 4511
f 4513 4514 4290
f 4514 4289 4290
f 4514 4515 4289
f 4289 4516 4291
f 4289 4515 4516
f 4291 4517 4292
f 4291 4516 4517
f 4292 4518 4293
f 4292 4517 4518
f 4293 4519 4294
f 4293 4518 4519
f 4294 4520 4295
f 4294 4519 4520
f 4295 4521 4296
f 4295 4520 4521
f 4296 4522 4297
f 4296 4521 4522
f 4297 4523 4298
f 4297 4522 4523
f 4298 4524 4299
f 4298 4523 4524
f 4299 4525 4300
f 4299 4524 4525
f 4300 4526 4301
f 4300 4525 4526
f 4301 4527 4302
f 4301 4526 4527
f 4302 4528 4303
f 4302 4527 4528
f 4303 4529 4304
f 4303 4528 4529
f 4304 4530 4305
f 4304 4529 4530
f 4305 4531 4306
f 4305 4530 4531
f 4306 4532 4307
f 4306 4531 4532
f 4307 4533 4308
f 4307 4532 4533
f 4308 4534 4309
f 4308 4533 4534
f 4309 4535 4310
f 4309 4534 4535
f 4310 4536 4311
f 4310 4535 4536
f 4311 4537 4312
f 4311 4536 4537
f 4312 4538 4313
f 4312 4537 4538
f 4313 4539 4314
f 4313 4538 4539
f 4314 4540 4315
f 4314 4539 4540
f 4315 4541 4316
f 4315 4540 4541
f 4316 4542 4317
f 4316 4541 4542
f 4317 4543 4318
f 4317 4542 4543
f 4318 4544 4319
f 4318 4543 4544
f 4319 4545 4320
f 4319 4544 4545
f 4320 4546 4321
f 4320 4545 4546
f 4321 4547 4322
f 4321 4546 4547
f 4323 4322 4548
f 4322 4549 4548
f 4322 4547 4549
f 4551 4550 4549
f 4549 4550 4548
f 4550 4551 4327
f 4551 4326 4327
f 4551 4552 4326
f 4326 4553 4328
f 4326 4552 4553
f 4328 4554 4329
f 4328 4553 4554
f 4329 4555 4330
f 4329 4554 4555
f 4330 4556 4331
f 4330 4555 4556
f 4331 4557 4332
f 4331 4556 4557
f 4332 4558 4333
f 4332 4557 4558
f 4333 4559 4334
f 4333 4558 4559
f 4334 4560 4335
f 4334 4559 4560
f 4335 4561 4336
f 4335 4560 4561
f 4336 4562 4337
f 4336 4561 4562
f 4337 4563 4338
f 4337 4562 4563
f 4338 4564 4339
f 4338 4563 4564
f 4339 4565 4340
f 4339 4564 4565
f 4340 4566 4341
f 4340 4565 4566
f 4341 4567 4342
f 4341 4566 4567
f 4342 4568 4343
f 4342 4567 4568
f 4343 4569 4344
f 4343 4568 4569
f 4344 4570 4345
f 4344 4569 4570
f 4345 4571 4346
f 4345 4570 4571
f 4346 4572 4347
f 4346 4571 4572
f 4347 4573 4348
f 4347 4572 4573
f 4348 4574 4349
f 4348 4573 4574
f 4349 4575 4350
f 4349 4574 4575
f 4350 4576 4351
f 4350 4575 4576
f 4351 4577 4352
f 4351 4576 4577
f 4352 4578 4353
f 4352 4577 4578
f 4353 4579 4354
f 4353 4578 4579
f 4354 4580 4355
f 4354 4579 4580
f 4355 4581 4356
f 4355 4580 4581
f 4356 4582 4357
f 4356 4581 4582
f 4357 4583 4358
f 4357 4582 4583
f 4358 4584 4359
f 4358 4583 4584
f 4359 4585 4360
f 4359 4584 4585
f 4360 4586 4361
f 4360 4585 4586
f 4361 4587 4362
f 4361 4586 4587
f 4362 4588 4363
f 4362 4587 4588
f 4363 4589 4364
f 4363 4588 4589
f 4364 4590 4365
f 4364 4589 4590
f 4365 4591 4366
f 4365 4590 4591
f 4366 4592 4367
f 4366 4591 4592
f 4367 4593 4368
f 4367 4592 4593
f 4368 4594 4369
f 4368 4593 4594
f 4369 4595 4370
f 4369 4594 4595
f 4370 4596 4371
f 4370 4595 4596
f 4371 4597 4372
f 4371 4596 4597
f 4372 4598 4373
f 4372 4597 4598
f 4373 4599 4374
f 4373 4598 4599
f 4374 4600 4375
f 4374 4599 4600
f 4375 4601 4376
f 4375 4600 4601
f 4376 4602 4377
f 4376 4601 4602
f 4377 4603 4378
f 4377 4602 4603
f 4378 4604 4379
f 4378 4603 4604
f 4379 4605 4380
f 4379 4604 4605
f 4380 4606 4381
f 4380 4605 4606
f 4381 4607 4382
f 4381 4606 4607
f 4382 4608 4383
f 4382 4607 4608
f 4383 4609 4384
f 4383 4608 4609
f 4384 4610 4385
f 4384 4609 4610
f 4385 4611 4386
f 4385 4610 4611
f 4386 4612 4387
f 4386 4611 4612
f 4387 4613 4388
f 4387 4612 4613
f 4388 4614 4389
f 4388 4613 4614
f 4389 4615 4390
f 4389 4614 4615
f 4390 4616 4391
f 4390 4615 4616
f 4391 4617 4392
f 4391 4616 4617
f 4392 4618 4393
f 4392 4617 4618
f 4393 4619 4394
f 4393 4618 4619
f 4394 4620 4395
f 4394 4619 4620
f 4395 4621 4396
f 4395 4620 4621
f 4396 4622 4397
f 4396 4621 4622
f 4397 4623 4398
f 4397 4622 4623
f 4398 4624 4399
f 4398 4623 4624
f 4401 1189 1190
f 4625 4401 1190
f 4400 4401 4625
f 4400 4626 4402
f 4400 4625 4626
f 4402 4627 4403
f 4402 4626 4627
f 4627 1193 1194
f 4404 4627 1194
f 4403 4627 4404
f 4404 1194 1195
f 4628 4404 1195
f 4405 4404 4628
f 4405 4629 4406
f 4405 4628 4629
f 4406 4630 4407
f 4406 4629 4630
f 4407 4631 4408
f 4407 4630 4631
f 4408 4632 4409
f 4408 4631 4632
f 4409 4633 4410
f 4409 4632 4633
f 4633 1197 1198
f 4411 4633 1198
f 4410 4633 4411
f 4411 1198 1199
f 4411 1199 4412
f 4412 1199 1201
f 4412 1201 4413
f 4413 1201 1203
f 4634 4413 1203
f 4414 4413 4634
f 4634 1205 1206
f 4415 4634 1206
f 4414 4634 4415
f 4415 1206 1207
f 4635 4415 1207
f 4416 4415 4635
f 4416 4636 4418
f 4416 4635 4636
f 4418 4637 4420
f 4418 4636 4637
f 4420 4638 4422
f 4420 4637 4638
f 4422 4639 4424
f 4422 4638 4639
f 4639 1209 1210
f 4426 4639 1210
f 4424 4639 4426
f 4426 1210 1211
f 4640 4426 1211
f 4428 4426 4640
f 4428 4641 4430
f 4428 4640 4641
f 4430 4642 4432
f 4430 4641 4642
f 4432 4643 4434
f 4432 4642 4643
f 4434 4644 4436
f 4434 4643 4644
f 4436 4645 4438
f 4436 4644 4645
f 4439 4438 4646
f 4438 4647 4646
f 4438 4645 4647
f 4646 4647 4441
f 4647 4440 4441
f 4647 4648 4440
f 4440 4649 4444
f 4440 4648 4649
f 4444 4650 4446
f 4444 4649 4650
f 4446 4651 4448
f 4446 4650 4651
f 4651 1213 1214
f 4450 4651 1214
f 4448 4651 4450
f 4450 1214 1215
f 4450 1215 4451
f 4451 1215 1217
f 4652 4451 1217
f 4453 4451 4652
f 4453 4653 4455
f 4453 4652 4653
f 4455 4654 4457
f 4455 4653 4654
f 4457 4655 4458
f 4457 4654 4655
f 4458 4656 4460
f 4458 4655 4656
f 4460 4657 4462
f 4460 4656 4657
f 4462 4658 4463
f 4462 4657 4658
f 4463 4659 4464
f 4463 4658 4659
f 4464 4660 4466
f 4464 4659 4660
f 4466 4661 4468
f 4466 4660 4661
f 4468 4662 4470
f 4468 4661 4662
f 4471 4470 4663
f 4470 4664 4663
f 4470 4662 4664
f 4666 4665 4664
f 4664 4665 4663
f 4665 4666 4473
f 4666 4472 4473
f 4666 4667 4472
f 4472 4668 4475
f 4472 4667 4668
f 4475 4669 4477
f 4475 4668 4669
f 4477 4670 4479
f 4477 4669 4670
f 4479 4671 4481
f 4479 4670 4671
f 4482 4481 4672
f 4481 4673 4672
f 4481 4671 4673
f 4675 4674 4673
f 4673 4674 4672
f 4677 4676 4675
f 4675 4676 4674
f 4676 4677 4484
f 4677 4483 4484
f 4677 4678 4483
f 4483 4679 4486
f 4483 4678 4679
f 4487 4486 4680
f 4486 4681 4680
f 4486 4679 4681
f 4680 4681 4489
f 4681 4488 4489
f 4681 4682 4488
f 4488 4683 4492
f 4488 4682 4683
f 4493 4492 4684
f 4492 4685 4684
f 4492 4683 4685
f 4687 4686 4685
f 4685 4686 4684
f 4686 4687 4495
f 4687 4494 4495
f 4687 4688 4494
f 4494 4689 4498
f 4494 4688 4689
f 4498 4690 4500
f 4498 4689 4690
f 4500 4691 4502
f 4500 4690 4691
f 4502 4692 4504
f 4502 4691 4692
f 4504 4693 4506
f 4504 4692 4693
f 4506 4694 4508
f 4506 4693 4694
f 4508 4695 4510
f 4508 4694 4695
f 4510 4696 4512
f 4510 4695 4696
f 4512 4697 4514
f 4512 4696 4697
f 4514 4698 4515
f 4514 4697 4698
f 4515 4699 4516
f 4515 4698 4699
f 4516 4700 4517
f 4516 4699 4700
f 4517 4701 4518
f 4517 4700 4701
f 4518 4702 4519
f 4518 4701 4702
f 4519 4703 4520
f 4519 4702 4703
f 4520 4704 4521
f 4520 4703 4704
f 4521 4705 4522
f 4521 4704 4705
f 4522 4706 4523
f 4522 4705 4706
f 4523 4707 4524
f 4523 4706 4707
f 4524 4708 4525
f 4524 4707 4708
f 4525 4709 4526
f 4525 4708 4709
f 4526 4710 4527
f 4526 4709 4710
f 4527 4711 4528
f 4527 4710 4711
f 4528 4712 4529
f 4528 4711 4712
f 4529 4713 4530
f 4529 4712 4713
f 4530 4714 4531
f 4530 4713 4714
f 4531 4715 4532
f 4531 4714 4715
f 4532 4716 4533
f 4532 4715 4716
f 4533 4717 4534
f 4533 4716 4717
f 4534 4718 4535
f 4534 4717 4718
f 4535 4719 4536
f 4535 4718 4719
f 4536 4720 4537
f 4536 4719 4720
f 4537 4721 4538
f 4537 4720 4721
f 4538 4722 4539
f 4538 4721 4722
f 4539 4723 4540
f 4539 4722 4723
f 4540 4724 4541
f 4540 4723 4724
f 4541 4725 4542
f 4541 4724 4725
f 4725 1219 1220
f 4543 4725 1220
f 4542 4725 4543
f 4543 1220 1221
f 4543 1221 4544
f 4544 1221 1223
f 4544 1223 4545
f 4545 1223 1225
f 4545 1225 4546
f 4546 1225 1227
f 4726 4546 1227
f 4547 4546 4726
f 4547 4727 4549
f 4547 4726 4727
f 4549 4728 4551
f 4549 4727 4728
f 4551 4729 4552
f 4551 4728 4729
f 4552 4730 4553
f 4552 4729 4730
f 4553 4731 4554
f 4553 4730 4731
f 4731 1229 1230
f 4555 4731 1230
f 4554 4731 4555
f 4555 1230 1231
f 4555 1231 4556
f 4556 1231 1233
f 4556 1233 4557
f 4557 1233 1235
f 4557 1235 4558
f 4558 1235 1237
f 4732 4558 1237
f 4559 4558 4732
f 4559 4733 4560
f 4559 4732 4733
f 4560 4734 4561
f 4560 4733 4734
f 4561 4735 4562
f 4561 4734 4735
f 4562 4736 4563
f 4562 4735 4736
f 4736 1239 1240
f 4564 4736 1240
f 4563 4736 4564
f 4564 1240 1241
f 4564 1241 4565
f 4565 1241 1243
f 4565 1243 4566
f 4566 1243 1245
f 4566 1245 4567
f 4567 1245 1247
f 4567 1247 4568
f 4568 1247 1249
f 4568 1249 4569
f 4569 1249 1251
f 4737 4569 1251
f 4570 4569 4737
f 4570 4738 4571
f 4570 4737 4738
f 4571 4739 4572
f 4571 4738 4739
f 4739 1253 1254
f 4573 4739 1254
f 4572 4739 4573
f 4573 1254 1255
f 4573 1255 4574
f 4574 1255 1257
f 4574 1257 4575
f 4575 1257 1259
f 4575 1259 4576
f 4576 1259 1261
f 4576 1261 4577
f 4577 1261 1263
f 4740 4577 1263
f 4578 4577 4740
f 4740 1265 1266
f 4579 4740 1266
f 4578 4740 4579
f 4579 1266 1267
f 4579 1267 4580
f 4580 1267 1269
f 4580 1269 4581
f 4581 1269 1271
f 4581 1271 4582
f 4582 1271 1273
f 4582 1273 4583
f 4583 1273 1275
f 4583 1275 4584
f 4584 1275 1277
f 4741 4584 1277
f 4585 4584 4741
f 4585 4742 4586
f 4585 4741 4742
f 4742 1279 1280
f 4587 4742 1280
f 4586 4742 4587
f 4587 1280 1281
f 4587 1281 4588
f 4588 1281 1283
f 4588 1283 4589
f 4589 1283 1285
f 4589 1285 4590
f 4590 1285 1287
f 4590 1287 4591
f 4591 1287 1289
f 4591 1289 4592
f 4592 1289 1291
f 4743 4592 1291
f 4593 4592 4743
f 4593 4744 4594
f 4593 4743 4744
f 4594 4745 4595
f 4594 4744 4745
f 4595 4746 4596
f 4595 4745 4746
f 4596 4747 4597
f 4596 4746 4747
f 4597 4748 4598
f 4597 4747 4748
f 4598 4749 4599
f 4598 4748 4749
f 4599 4750 4600
f 4599 4749 4750
f 4600 4751 4601
f 4600 4750 4751
f 4601 4752 4602
f 4601 4751 4752
f 4602 4753 4603
f 4602 4752 4753
f 4603 4754 4604
f 4603 4753 4754
f 4754 1293 1294
f 4605 4754 1294
f 4604 4754 4605
f 4605 1294 1295
f 4755 4605 1295
f 4606 4605 4755
f 4606 4756 4607
f 4606 4755 4756
f 4607 4757 4608
f 4607 4756 4757
f 4608 4758 4609
f 4608 4757 4758
f 4609 4759 4610
f 4609 4758 4759
f 4610 4760 4611
f 4610 4759 4760
f 4760 1297 1298
f 4612 4760 1298
f 4611 4760 4612
f 4612 1298 1299
f 4612 1299 4613
f 4613 1299 1301
f 4761 4613 1301
f 4614 4613 4761
f 4614 4762 4615
f 4614 4761 4762
f 4615 4763 4616
f 4615 4762 4763
f 4616 4764 4617
f 4616 4763 4764
f 4617 4765 4618
f 4617 4764 4765
f 4618 4766 4619
f 4618 4765 4766
f 4766 1303 1304
f 4620 4766 1304
f 4619 4766 4620
f 4620 1304 1305
f 4620 1305 4621
f 4621 1305 1307
f 4621 1307 4622
f 4622 1307 1309
f 4622 1309 4623
f 4623 1309 1311
f 4623 1311 4624
f 1313 4767 4625
f 1313 4625 1190
f 4625 4768 4626
f 4625 4767 4768
f 4768 1316 1317
f 4627 4768 1317
f 4626 4768 4627
f 4627 1317 1193
f 1319 4628 1195
f 4628 1319 1321
f 4769 4628 1321
f 4629 4628 4769
f 4629 4770 4630
f 4629 4769 4770
f 4630 4771 4631
f 4630 4770 4771
f 4631 4772 4632
f 4631 4771 4772
f 4772 1323 1324
f 4633 4772 1324
f 4632 4772 4633
f 4633 1324 1197
f 1328 4634 1203
f 4773 1328 1331
f 4773 4634 1328
f 4773 1330 1205
f 4634 4773 1205
f 4635 1207 1330
f 4773 4635 1330
f 4774 4635 4773
f 4635 4775 4636
f 4635 4774 4775
f 4636 4776 4637
f 4636 4775 4776
f 4637 4777 4638
f 4637 4776 4777
f 4638 4778 4639
f 4638 4777 4778
f 4779 1332 1209
f 4639 4779 1209
f 4778 4779 4639
f 4640 1211 1332
f 4779 4640 1332
f 4780 4640 4779
f 4640 4781 4641
f 4640 4780 4781
f 4641 4782 4642
f 4641 4781 4782
f 4642 4783 4643
f 4642 4782 4783
f 4643 4784 4644
f 4643 4783 4784
f 4644 4785 4645
f 4644 4784 4785
f 4645 4786 4647
f 4645 4785 4786
f 4647 4787 4648
f 4647 4786 4787
f 4648 4788 4649
f 4648 4787 4788
f 4649 4789 4650
f 4649 4788 4789
f 4650 4790 4651
f 4650 4789 4790
f 4791 1333 1213
f 4651 4791 1213
f 4790 4791 4651
f 4792 1334 1333
f 4792 1333 4791
f 4652 1217 1334
f 4792 4652 1334
f 4793 4652 4792
f 4652 4794 4653
f 4652 4793 4794
f 4653 4795 4654
f 4653 4794 4795
f 4654 4796 4655
f 4654 4795 4796
f 4655 4797 4656
f 4655 4796 4797
f 4656 4798 4657
f 4656 4797 4798
f 4657 4799 4658
f 4657 4798 4799
f 4658 4800 4659
f 4658 4799 4800
f 4659 4801 4660
f 4659 4800 4801
f 4660 4802 4661
f 4660 4801 4802
f 4804 4662 4803
f 4662 4802 4803
f 4662 4661 4802
f 4662 4804 4664
f 4664 4804 4805
f 4807 4806 4805
f 4806 4664 4805
f 4806 4666 4664
f 4666 4808 4667
f 4666 4806 4808
f 4667 4809 4668
f 4667 4808 4809
f 4811 4669 4810
f 4669 4809 4810
f 4669 4668 4809
f 4669 4811 4670
f 4670 4811 4812
f 4670 4812 4671
f 4671 4812 4813
f 4671 4813 4673
f 4673 4813 4814
f 4673 4814 4675
f 4675 4814 4815
f 4675 4815 4677
f 4677 4815 4816
f 4818 4817 4816
f 4817 4677 4816
f 4817 4678 4677
f 4820 4679 4819
f 4679 4817 4819
f 4679 4678 4817
f 4679 4820 4681
f 4681 4820 4821
f 4681 4821 4682
f 4682 4821 4822
f 4682 4822 4683
f 4683 4822 4823
f 4683 4823 4685
f 4685 4823 4824
f 4685 4824 4687
f 4687 4824 4825
f 4687 4825 4688
f 4688 4825 4826
f 4828 4827 4826
f 4827 4688 4826
f 4827 4689 4688
f 4689 4829 4690
f 4689 4827 4829
f 4690 4830 4691
f 4690 4829 4830
f 4691 4831 4692
f 4691 4830 4831
f 4692 4832 4693
f 4692 4831 4832
f 4693 4833 4694
f 4693 4832 4833
f 4694 4834 4695
f 4694 4833 4834
f 4695 4835 4696
f 4695 4834 4835
f 4696 4836 4697
f 4696 4835 4836
f 4697 4837 4698
f 4697 4836 4837
f 4698 4838 4699
f 4698 4837 4838
f 4699 4839 4700
f 4699 4838 4839
f 4700 4840 4701
f 4700 4839 4840
f 4701 4841 4702
f 4701 4840 4841
f 4702 4842 4703
f 4702 4841 4842
f 4703 4843 4704
f 4703 4842 4843
f 4704 4844 4705
f 4704 4843 4844
f 4705 4845 4706
f 4705 4844 4845
f 4706 4846 4707
f 4706 4845 4846
f 4846 1336 1337
f 4708 4846 1337
f 4707 4846 4708
f 4708 1337 1338
f 4847 4708 1338
f 4709 4708 4847
f 4847 1340 1341
f 4710 4847 1341
f 4709 4847 4710
f 4710 1341 1342
f 4710 1342 4711
f 4711 1342 1344
f 4711 1344 4712
f 4712 1344 1346
f 4712 1346 4713
f 4713 1346 1348
f 4713 1348 4714
f 4714 1348 1350
f 4714 1350 4715
f 4715 1350 1352
f 4848 4715 1352
f 4716 4715 4848
f 4716 4849 4717
f 4716 4848 4849
f 4849 1354 1355
f 4718 4849 1355
f 4717 4849 4718
f 4718 1355 1356
f 4718 1356 4719
f 4719 1356 1358
f 4719 1358 4720
f 4720 1358 1360
f 4720 1360 4721
f 4721 1360 1362
f 4721 1362 4722
f 4722 1362 1364
f 4722 1364 4723
f 4723 1364 1366
f 4723 1366 4724
f 4724 1366 1368
f 4724 1368 4725
f 4725 1368 1219
f 1374 4726 1227
f 4726 1374 1376
f 4850 4726 1376
f 4727 4726 4850
f 4727 4851 4728
f 4727 4850 4851
f 4728 4852 4729
f 4728 4851 4852
f 4729 4853 4730
f 4729 4852 4853
f 4853 1378 1379
f 4731 4853 1379
f 4730 4853 4731
f 4731 1379 1229
f 1384 4732 1237
f 4732 1384 1386
f 4732 1386 4733
f 4733 1386 1388
f 4733 1388 4734
f 4734 1388 1390
f 4854 4734 1390
f 4735 4734 4854
f 4735 4855 4736
f 4735 4854 4855
f 4855 1392 1239
f 4855 1239 4736
f 1398 4856 4737
f 1398 4737 1251
f 4737 4857 4738
f 4737 4856 4857
f 4738 4858 4739
f 4738 4857 4858
f 4858 1400 1253
f 4858 1253 4739
f 1405 4740 1263
f 4740 1405 1265
f 1413 4859 4741
f 1413 4741 1277
f 4741 4860 4742
f 4741 4859 4860
f 4860 1415 1279
f 4860 1279 4742
f 1421 4743 1291
f 4743 1421 1423
f 4743 1423 4744
f 4744 1423 1425
f 4744 1425 4745
f 4745 1425 1427
f 4861 4745 1427
f 4746 4745 4861
f 4746 4862 4747
f 4746 4861 4862
f 4862 1429 1430
f 4748 4862 1430
f 4747 4862 4748
f 4748 1430 1431
f 4748 1431 4749
f 4749 1431 1433
f 4749 1433 4750
f 4750 1433 1435
f 4863 4750 1435
f 4751 4750 4863
f 4751 4864 4752
f 4751 4863 4864
f 4752 4865 4753
f 4752 4864 4865
f 4865 1437 1438
f 4754 4865 1438
f 4753 4865 4754
f 4754 1438 1293
f 1440 4866 4755
f 1440 4755 1295
f 4755 4867 4756
f 4755 4866 4867
f 4867 1442 1443
f 4757 4867 1443
f 4756 4867 4757
f 4757 1443 1444
f 4757 1444 4758
f 4758 1444 1446
f 4758 1446 4759
f 4759 1446 1448
f 4759 1448 4760
f 4760 1448 1297
f 1452 4761 1301
f 4761 1452 1454
f 4761 1454 4762
f 4762 1454 1456
f 4762 1456 4763
f 4763 1456 1458
f 4763 1458 4764
f 4764 1458 1460
f 4868 4764 1460
f 4765 4764 4868
f 4868 1462 1463
f 4766 4868 1463
f 4765 4868 4766
f 4766 1463 1303
f 4767 1313 1469
f 4869 4767 1469
f 4870 4767 4869
f 4767 4871 4768
f 4767 4870 4871
f 4872 1470 1316
f 4768 4872 1316
f 4871 4872 4768
f 4873 1471 1470
f 4873 1470 4872
f 4874 1472 1471
f 4874 1471 4873
f 4769 1321 1472
f 4874 4769 1472
f 4875 4769 4874
f 4769 4876 4770
f 4769 4875 4876
f 4770 4877 4771
f 4770 4876 4877
f 4771 4878 4772
f 4771 4877 4878
f 4879 1473 1323
f 4772 4879 1323
f 4878 4879 4772
f 4880 1474 1473
f 4880 1473 4879
f 4881 1475 1474
f 4881 1474 4880
f 4882 1476 1475
f 4882 1475 4881
f 4883 1477 1476
f 4883 1476 4882
f 4773 1331 1477
f 4883 4773 1477
f 4884 4773 4883
f 4773 4885 4774
f 4773 4884 4885
f 4774 4886 4775
f 4774 4885 4886
f 4775 4887 4776
f 4775 4886 4887
f 4776 4888 4777
f 4776 4887 4888
f 4777 4889 4778
f 4777 4888 4889
f 4778 4890 4779
f 4778 4889 4890
f 4779 4891 4780
f 4779 4890 4891
f 4780 4892 4781
f 4780 4891 4892
f 4781 4893 4782
f 4781 4892 4893
f 4782 4894 4783
f 4782 4893 4894
f 4783 4895 4784
f 4783 4894 4895
f 4784 4896 4785
f 4784 4895 4896
f 4785 4897 4786
f 4785 4896 4897
f 4786 4898 4787
f 4786 4897 4898
f 4787 4899 4788
f 4787 4898 4899
f 4788 4900 4789
f 4788 4899 4900
f 4789 4901 4790
f 4789 4900 4901
f 4790 4902 4791
f 4790 4901 4902
f 4791 4903 4792
f 4791 4902 4903
f 4792 4904 4793
f 4792 4903 4904
f 4906 4794 4905
f 4794 4904 4905
f 4794 4793 4904
f 4908 4907 4906
f 4907 4794 4906
f 4907 4795 4794
f 4910 4796 4909
f 4796 4907 4909
f 4796 4795 4907
f 4796 4910 4797
f 4797 4910 4911
f 4797 4911 4798
f 4798 4911 4912
f 4798 4912 4799
f 4799 4912 4913
f 4799 4913 4800
f 4800 4913 4914
f 4800 4914 4801
f 4801 4914 4915
f 4801 4915 4802
f 4802 4915 4916
f 4802 4916 4803
f 4807 4917 4806
f 4806 4917 4808
f 4808 4917 4918
f 4808 4918 4809
f 4809 4918 4919
f 4809 4919 4810
f 4818 4920 4817
f 4817 4920 4819
f 4828 4921 4827
f 4827 4921 4829
f 4829 4921 4922
f 4829 4922 4830
f 4830 4922 4923
f 4830 4923 4831
f 4831 4923 4924
f 4926 4925 4924
f 4925 4831 4924
f 4925 4832 4831
f 4928 4833 4927
f 4833 4925 4927
f 4833 4832 4925
f 4930 4929 4928
f 4929 4833 4928
f 4929 4834 4833
f 4834 4931 4835
f 4834 4929 4931
f 4835 4932 4836
f 4835 4931 4932
f 4836 4933 4837
f 4836 4932 4933
f 4837 4934 4838
f 4837 4933 4934
f 4838 4935 4839
f 4838 4934 4935
f 4839 4936 4840
f 4839 4935 4936
f 4840 4937 4841
f 4840 4936 4937
f 4841 4938 4842
f 4841 4937 4938
f 4842 4939 4843
f 4842 4938 4939
f 4843 4940 4844
f 4843 4939 4940
f 4844 4941 4845
f 4844 4940 4941
f 4845 4942 4846
f 4845 4941 4942
f 4943 1478 1336
f 4846 4943 1336
f 4942 4943 4846
f 4847 1338 1478
f 4943 4847 1478
f 4944 4847 4943
f 4945 1479 1340
f 4847 4945 1340
f 4944 4945 4847
f 4946 1480 1479
f 4946 1479 4945
f 4947 1481 1480
f 4947 1480 4946
f 4948 1482 1481
f 4948 1481 4947
f 4949 1483 1482
f 4949 1482 4948
f 4950 1484 1483
f 4950 1483 4949
f 4848 1352 1484
f 4950 4848 1484
f 4951 4848 4950
f 4848 4952 4849
f 4848 4951 4952
f 4953 1485 1354
f 4849 4953 1354
f 4952 4953 4849
f 4954 1486 1485
f 4954 1485 4953
f 4955 1487 1486
f 4955 1486 4954
f 4956 1488 1487
f 4956 1487 4955
f 4957 1489 1488
f 4957 1488 4956
f 4958 1490 1489
f 4958 1489 4957
f 4959 1491 1490
f 4959 1490 4958
f 4960 1492 1491
f 4960 1491 4959
f 4961 1493 1492
f 4961 1492 4960
f 4962 1494 1493
f 4962 1493 4961
f 4963 1495 1494
f 4963 1494 4962
f 4964 1496 1495
f 4964 1495 4963
f 4965 1497 1496
f 4965 1496 4964
f 4850 1376 1497
f 4965 4850 1497
f 4966 4850 4965
f 4850 4967 4851
f 4850 4966 4967
f 4851 4968 4852
f 4851 4967 4968
f 4852 4969 4853
f 4852 4968 4969
f 4970 1498 1378
f 4853 4970 1378
f 4969 4970 4853
f 4971 1499 1498
f 4971 1498 4970
f 4972 1500 1499
f 4972 1499 4971
f 4973 1501 1500
f 4973 1500 4972
f 4974 1502 1501
f 4974 1501 4973
f 4975 1503 1502
f 4975 1502 4974
f 4976 1504 1503
f 4976 1503 4975
f 4977 1505 1504
f 4977 1504 4976
f 4854 1390 1505
f 4977 4854 1505
f 4978 4854 4977
f 4854 4979 4855
f 4854 4978 4979
f 4980 1506 1392
f 4855 4980 1392
f 4979 4980 4855
f 4981 1507 1506
f 4981 1506 4980
f 4982 1508 1507
f 4982 1507 4981
f 4983 1509 1508
f 4983 1508 4982
f 4984 1510 1509
f 4984 1509 4983
f 4985 1511 1510
f 4985 1510 4984
f 4856 1398 1511
f 4985 4856 1511
f 4986 4856 4985
f 4856 4987 4857
f 4856 4986 4987
f 4857 4988 4858
f 4857 4987 4988
f 4989 1512 1400
f 4858 4989 1400
f 4988 4989 4858
f 4990 1513 1512
f 4990 1512 4989
f 4991 1514 1513
f 4991 1513 4990
f 4991 1516 1514
f 1517 4992 1518
f 4993 1519 1518
f 4993 1518 4992
f 4994 1520 1519
f 4994 1519 4993
f 4995 1521 1520
f 4995 1520 4994
f 4996 1522 1521
f 4996 1521 4995
f 4996 1524 1522
f 1526 4997 1527
f 4859 1413 1527
f 4997 4859 1527
f 4998 4859 4997
f 4859 4999 4860
f 4859 4998 4999
f 5000 1528 1415
f 4860 5000 1415
f 4999 5000 4860
f 5001 1529 1528
f 5001 1528 5000
f 5002 1530 1529
f 5002 1529 5001
f 5003 1531 1530
f 5003 1530 5002
f 5003 1533 1531
f 1534 5004 1535
f 5005 1536 1535
f 5005 1535 5004
f 5006 1537 1536
f 5006 1536 5005
f 5007 1538 1537
f 5007 1537 5006
f 4861 1427 1538
f 5007 4861 1538
f 5008 4861 5007
f 4861 5009 4862
f 4861 5008 5009
f 5010 1539 1429
f 4862 5010 1429
f 5009 5010 4862
f 5011 1540 1539
f 5011 1539 5010
f 5012 1541 1540
f 5012 1540 5011
f 4863 1435 1541
f 5012 4863 1541
f 5013 4863 5012
f 4863 5014 4864
f 4863 5013 5014
f 4864 5015 4865
f 4864 5014 5015
f 5016 1542 1437
f 4865 5016 1437
f 5015 5016 4865
f 5017 1543 1542
f 5017 1542 5016
f 4866 1440 1543
f 5017 4866 1543
f 5018 4866 5017
f 4866 5019 4867
f 4866 5018 5019
f 5020 1544 1442
f 4867 5020 1442
f 5019 5020 4867
f 5021 1545 1544
f 5021 1544 5020
f 5022 1546 1545
f 5022 1545 5021
f 5023 1547 1546
f 5023 1546 5022
f 5023 1549 1547
f 1550 5024 1551
f 5025 1552 1551
f 5025 1551 5024
f 5026 1553 1552
f 5026 1552 5025
f 5027 1554 1553
f 5027 1553 5026
f 5028 1555 1554
f 5028 1554 5027
f 4868 1460 1555
f 5028 4868 1555
f 5029 4868 5028
f 5030 1556 1462
f 4868 5030 1462
f 5029 5030 4868
f 5030 1558 1556
f 1560 5031 1561
f 5032 1562 1561
f 5032 1561 5031
f 5033 1563 1562
f 5033 1562 5032
f 4869 5034 4870
f 4869 5035 5034
f 4870 5036 4871
f 4870 5034 5036
f 4871 5037 4872
f 4871 5036 5037
f 4872 5038 4873
f 4872 5037 5038
f 4873 5039 4874
f 4873 5038 5039
f 4874 5040 4875
f 4874 5039 5040
f 4875 5041 4876
f 4875 5040 5041
f 4876 5042 4877
f 4876 5041 5042
f 4877 5043 4878
f 4877 5042 5043
f 4878 5044 4879
f 4878 5043 5044
f 4879 5045 4880
f 4879 5044 5045
f 4880 5046 4881
f 4880 5045 5046
f 4881 5047 4882
f 4881 5046 5047
f 4882 5048 4883
f 4882 5047 5048
f 4883 5049 4884
f 4883 5048 5049
f 4884 5050 4885
f 4884 5049 5050
f 4885 5051 4886
f 4885 5050 5051
f 4886 5052 4887
f 4886 5051 5052
f 4887 5053 4888
f 4887 5052 5053
f 4888 5054 4889
f 4888 5053 5054
f 4889 5055 4890
f 4889 5054 5055
f 4890 5056 4891
f 4890 5055 5056
f 4891 5057 4892
f 4891 5056 5057
f 4892 5058 4893
f 4892 5057 5058
f 4893 5059 4894
f 4893 5058 5059
f 4894 5060 4895
f 4894 5059 5060
f 4895 5061 4896
f 4895 5060 5061
f 5063 4897 5062
f 4897 5061 5062
f 4897 4896 5061
f 5065 5064 5063
f 5064 4897 5063
f 5064 4898 4897
f 4898 5066 4899
f 4898 5064 5066
f 4899 5067 4900
f 4899 5066 5067
f 4900 5068 4901
f 4900 5067 5068
f 4901 5069 4902
f 4901 5068 5069
f 4902 5070 4903
f 4902 5069 5070
f 4903 5071 4904
f 4903 5070 5071
f 4905 4904 5072
f 5072 4904 5071
f 4907 4908 5073
f 5073 4908 5074
f 4909 4907 5075
f 5075 4907 5073
f 4926 5076 4925
f 5079 5078 5077
f 4925 5076 4927
f 5081 5080 5078
f 5080 4929 5078
f 4930 5077 5078
f 4930 5078 4929
f 4929 5080 4931
f 4931 5080 5082
f 4931 5082 4932
f 4932 5082 5083
f 4932 5083 4933
f 4933 5083 5084
f 5086 5085 5084
f 5085 4933 5084
f 5085 4934 4933
f 4934 5087 4935
f 4934 5085 5087
f 4935 5088 4936
f 4935 5087 5088
f 4936 5089 4937
f 4936 5088 5089
f 4937 5090 4938
f 4937 5089 5090
f 4938 5091 4939
f 4938 5090 5091
f 4939 5092 4940
f 4939 5091 5092
f 4940 5093 4941
f 4940 5092 5093
f 4941 5094 4942
f 4941 5093 5094
f 4942 5095 4943
f 4942 5094 5095
f 4943 5096 4944
f 4943 5095 5096
f 4944 5097 4945
f 4944 5096 5097
f 4945 5098 4946
f 4945 5097 5098
f 4946 5099 4947
f 4946 5098 5099
f 4947 5100 4948
f 4947 5099 5100
f 4948 5101 4949
f 4948 5100 5101
f 4949 5102 4950
f 4949 5101 5102
f 4950 5103 4951
f 4950 5102 5103
f 4951 5104 4952
f 4951 5103 5104
f 4952 5105 4953
f 4952 5104 5105
f 4953 5106 4954
f 4953 5105 5106
f 4954 5107 4955
f 4954 5106 5107
f 4955 5108 4956
f 4955 5107 5108
f 4956 5109 4957
f 4956 5108 5109
f 4957 5110 4958
f 4957 5109 5110
f 4958 5111 4959
f 4958 5110 5111
f 4959 5112 4960
f 4959 5111 5112
f 4960 5113 4961
f 4960 5112 5113
f 4961 5114 4962
f 4961 5113 5114
f 4962 5115 4963
f 4962 5114 5115
f 4963 5116 4964
f 4963 5115 5116
f 4964 5117 4965
f 4964 5116 5117
f 4965 5118 4966
f 4965 5117 5118
f 5120 4967 5119
f 4967 5118 5119
f 4967 4966 5118
f 5122 5121 5120
f 5121 4967 5120
f 5121 4968 4967
f 4968 5123 4969
f 4968 5121 5123
f 4969 5124 4970
f 4969 5123 5124
f 4970 5125 4971
f 4970 5124 5125
f 4971 5126 4972
f 4971 5125 5126
f 4972 5127 4973
f 4972 5126 5127
f 4973 5128 4974
f 4973 5127 5128
f 4974 5129 4975
f 4974 5128 5129
f 4975 5130 4976
f 4975 5129 5130
f 4976 5131 4977
f 4976 5130 5131
f 4977 5132 4978
f 4977 5131 5132
f 4978 5133 4979
f 4978 5132 5133
f 4979 5134 4980
f 4979 5133 5134
f 4980 5135 4981
f 4980 5134 5135
f 4981 5136 4982
f 4981 5135 5136
f 4982 5137 4983
f 4982 5136 5137
f 4983 5138 4984
f 4983 5137 5138
f 4984 5139 4985
f 4984 5138 5139
f 4985 5140 4986
f 4985 5139 5140
f 4986 5141 4987
f 4986 5140 5141
f 4987 5142 4988
f 4987 5141 5142
f 4988 5143 4989
f 4988 5142 5143
f 4989 5144 4990
f 4989 5143 5144
f 4990 5145 4991
f 4990 5144 5145
f 5146 1564 1516
f 4991 5146 1516
f 5145 5146 4991
f 4992 1517 1564
f 5146 4992 1564
f 5147 4992 5146
f 4992 5148 4993
f 4992 5147 5148
f 4993 5149 4994
f 4993 5148 5149
f 4994 5150 4995
f 4994 5149 5150
f 4995 5151 4996
f 4995 5150 5151
f 5152 1565 1524
f 4996 5152 1524
f 5151 5152 4996
f 5153 1566 1565
f 5153 1565 5152
f 4997 1526 1566
f 5153 4997 1566
f 5154 4997 5153
f 4997 5155 4998
f 4997 5154 5155
f 4998 5156 4999
f 4998 5155 5156
f 4999 5157 5000
f 4999 5156 5157
f 5000 5158 5001
f 5000 5157 5158
f 5001 5159 5002
f 5001 5158 5159
f 5002 5160 5003
f 5002 5159 5160
f 5161 1567 1533
f 5003 5161 1533
f 5160 5161 5003
f 5004 1534 1567
f 5161 5004 1567
f 5162 5004 5161
f 5004 5163 5005
f 5004 5162 5163
f 5005 5164 5006
f 5005 5163 5164
f 5006 5165 5007
f 5006 5164 5165
f 5007 5166 5008
f 5007 5165 5166
f 5008 5167 5009
f 5008 5166 5167
f 5009 5168 5010
f 5009 5167 5168
f 5010 5169 5011
f 5010 5168 5169
f 5011 5170 5012
f 5011 5169 5170
f 5012 5171 5013
f 5012 5170 5171
f 5013 5172 5014
f 5013 5171 5172
f 5014 5173 5015
f 5014 5172 5173
f 5015 5174 5016
f 5015 5173 5174
f 5016 5175 5017
f 5016 5174 5175
f 5017 5176 5018
f 5017 5175 5176
f 5018 5177 5019
f 5018 5176 5177
f 5019 5178 5020
f 5019 5177 5178
f 5020 5179 5021
f 5020 5178 5179
f 5021 5180 5022
f 5021 5179 5180
f 5022 5181 5023
f 5022 5180 5181
f 5182 1568 1549
f 5023 5182 1549
f 5181 5182 5023
f 5024 1550 1568
f 5182 5024 1568
f 5183 5024 5182
f 5024 5184 5025
f 5024 5183 5184
f 5025 5185 5026
f 5025 5184 5185
f 5026 5186 5027
f 5026 5185 5186
f 5027 5187 5028
f 5027 5186 5187
f 5028 5188 5029
f 5028 5187 5188
f 5029 5189 5030
f 5029 5188 5189
f 5189 1570 1558
f 5189 1558 5030
f 1572 5190 5031
f 1572 5031 1560
f 5031 5191 5032
f 5031 5190 5191
f 5032 5192 5033
f 5032 5191 5192
f 5035 5193 5034
f 5035 5194 5193
f 5034 5195 5036
f 5034 5193 5195
f 5195 1574 1575
f 5037 5195 1575
f 5036 5195 5037
f 5037 1575 1576
f 5037 1576 5038
f 5038 1576 1578
f 5196 5038 1578
f 5039 5038 5196
f 5039 5197 5040
f 5039 5196 5197
f 5040 5198 5041
f 5040 5197 5198
f 5041 5199 5042
f 5041 5198 5199
f 5042 5200 5043
f 5042 5199 5200
f 5043 5201 5044
f 5043 5200 5201
f 5201 1580 1581
f 5045 5201 1581
f 5044 5201 5045
f 5045 1581 1582
f 5202 5045 1582
f 5046 5045 5202
f 5046 5203 5047
f 5046 5202 5203
f 5047 5204 5048
f 5047 5203 5204
f 5048 5205 5049
f 5048 5204 5205
f 5049 5206 5050
f 5049 5205 5206
f 5050 5207 5051
f 5050 5206 5207
f 5051 5208 5052
f 5051 5207 5208
f 5052 5209 5053
f 5052 5208 5209
f 5053 5210 5054
f 5053 5209 5210
f 5054 5211 5055
f 5054 5210 5211
f 5055 5212 5056
f 5055 5211 5212
f 5056 5213 5057
f 5056 5212 5213
f 5057 5214 5058
f 5057 5213 5214
f 5058 5215 5059
f 5058 5214 5215
f 5059 5216 5060
f 5059 5215 5216
f 5218 5061 5217
f 5061 5216 5217
f 5061 5060 5216
f 5061 5218 5062
f 5065 5219 5064
f 5064 5219 5066
f 5066 5219 5220
f 5222 5221 5220
f 5221 5066 5220
f 5221 5067 5066
f 5067 5223 5068
f 5067 5221 5223
f 5068 5224 5069
f 5068 5223 5224
f 5069 5225 5070
f 5069 5224 5225
f 5227 5071 5226
f 5071 5225 5226
f 5071 5070 5225
f 5071 5227 5072
f 5074 5228 5073
f 5073 5228 5075
f 5079 5229 5078
f 5078 5229 5081
f 5085 5086 5230
f 5230 5086 5231
f 5085 5232 5087
f 5085 5230 5232
f 5087 5233 5088
f 5087 5232 5233
f 5088 5234 5089
f 5088 5233 5234
f 5089 5235 5090
f 5089 5234 5235
f 5090 5236 5091
f 5090 5235 5236
f 5091 5237 5092
f 5091 5236 5237
f 5092 5238 5093
f 5092 5237 5238
f 5093 5239 5094
f 5093 5238 5239
f 5094 5240 5095
f 5094 5239 5240
f 5095 5241 5096
f 5095 5240 5241
f 5096 5242 5097
f 5096 5241 5242
f 5097 5243 5098
f 5097 5242 5243
f 5098 5244 5099
f 5098 5243 5244
f 5099 5245 5100
f 5099 5244 5245
f 5100 5246 5101
f 5100 5245 5246
f 5101 5247 5102
f 5101 5246 5247
f 5102 5248 5103
f 5102 5247 5248
f 5103 5249 5104
f 5103 5248 5249
f 5104 5250 5105
f 5104 5249 5250
f 5105 5251 5106
f 5105 5250 5251
f 5106 5252 5107
f 5106 5251 5252
f 5107 5253 5108
f 5107 5252 5253
f 5108 5254 5109
f 5108 5253 5254
f 5109 5255 5110
f 5109 5254 5255
f 5110 5256 5111
f 5110 5255 5256
f 5111 5257 5112
f 5111 5256 5257
f 5112 5258 5113
f 5112 5257 5258
f 5258 1584 1585
f 5114 5258 1585
f 5113 5258 5114
f 5114 1585 1586
f 5259 5114 1586
f 5115 5114 5259
f 5259 1588 1589
f 5116 5259 1589
f 5115 5259 5116
f 5116 1589 1590
f 5260 5116 1590
f 5117 5116 5260
f 5117 5261 5118
f 5117 5260 5261
f 5119 5118 5262
f 5118 5263 5262
f 5118 5261 5263
f 5262 5263 5122
f 5263 5121 5122
f 5263 5264 5121
f 5121 5265 5123
f 5121 5264 5265
f 5123 5266 5124
f 5123 5265 5266
f 5124 5267 5125
f 5124 5266 5267
f 5125 5268 5126
f 5125 5267 5268
f 5268 1592 1593
f 5127 5268 1593
f 5126 5268 5127
f 5127 1593 1594
f 5269 5127 1594
f 5128 5127 5269
f 5128 5270 5129
f 5128 5269 5270
f 5129 5271 5130
f 5129 5270 5271
f 5130 5272 5131
f 5130 5271 5272
f 5131 5273 5132
f 5131 5272 5273
f 5132 5274 5133
f 5132 5273 5274
f 5133 5275 5134
f 5133 5274 5275
f 5134 5276 5135
f 5134 5275 5276
f 5276 1596 1597
f 5136 5276 1597
f 5135 5276 5136
f 5136 1597 1598
f 5277 5136 1598
f 5137 5136 5277
f 5137 5278 5138
f 5137 5277 5278
f 5138 5279 5139
f 5138 5278 5279
f 5139 5280 5140
f 5139 5279 5280
f 5140 5281 5141
f 5140 5280 5281
f 5141 5282 5142
f 5141 5281 5282
f 5142 5283 5143
f 5142 5282 5283
f 5143 5284 5144
f 5143 5283 5284
f 5144 5285 5145
f 5144 5284 5285
f 5285 1600 1601
f 5146 5285 1601
f 5145 5285 5146
f 5146 1601 1602
f 5286 5146 1602
f 5147 5146 5286
f 5147 5287 5148
f 5147 5286 5287
f 5148 5288 5149
f 5148 5287 5288
f 5149 5289 5150
f 5149 5288 5289
f 5289 1604 1605
f 5151 5289 1605
f 5150 5289 5151
f 5151 1605 1606
f 5151 1606 5152
f 5152 1606 1608
f 5152 1608 5153
f 5153 1608 1610
f 5290 5153 1610
f 5154 5153 5290
f 5154 5291 5155
f 5154 5290 5291
f 5155 5292 5156
f 5155 5291 5292
f 5156 5293 5157
f 5156 5292 5293
f 5157 5294 5158
f 5157 5293 5294
f 5158 5295 5159
f 5158 5294 5295
f 5159 5296 5160
f 5159 5295 5296
f 5296 1612 1613
f 5161 5296 1613
f 5160 5296 5161
f 5161 1613 1614
f 5161 1614 5162
f 5162 1614 1616
f 5297 5162 1616
f 5163 5162 5297
f 5163 5298 5164
f 5163 5297 5298
f 5164 5299 5165
f 5164 5298 5299
f 5165 5300 5166
f 5165 5299 5300
f 5166 5301 5167
f 5166 5300 5301
f 5167 5302 5168
f 5167 5301 5302
f 5168 5303 5169
f 5168 5302 5303
f 5169 5304 5170
f 5169 5303 5304
f 5170 5305 5171
f 5170 5304 5305
f 5171 5306 5172
f 5171 5305 5306
f 5172 5307 5173
f 5172 5306 5307
f 5173 5308 5174
f 5173 5307 5308
f 5174 5309 5175
f 5174 5308 5309
f 5175 5310 5176
f 5175 5309 5310
f 5176 5311 5177
f 5176 5310 5311
f 5177 5312 5178
f 5177 5311 5312
f 5178 5313 5179
f 5178 5312 5313
f 5179 5314 5180
f 5179 5313 5314
f 5180 5315 5181
f 5180 5314 5315
f 5315 1618 1619
f 5182 5315 1619
f 5181 5315 5182
f 5182 1619 1620
f 5182 1620 5183
f 5183 1620 1622
f 5316 5183 1622
f 5184 5183 5316
f 5184 5317 5185
f 5184 5316 5317
f 5185 5318 5186
f 5185 5317 5318
f 5186 5319 5187
f 5186 5318 5319
f 5187 5320 5188
f 5187 5319 5320
f 5188 5321 5189
f 5188 5320 5321
f 5321 1624 1570
f 5321 1570 5189
f 1626 5322 5190
f 1626 5190 1572
f 5190 5323 5191
f 5190 5322 5323
f 5191 5324 5192
f 5191 5323 5324
f 5194 5325 5193
f 5194 5326 5325
f 5193 5327 5195
f 5193 5325 5327
f 5328 1627 1574
f 5195 5328 1574
f 5327 5328 5195
f 5329 1628 1627
f 5329 1627 5328
f 5196 1578 1628
f 5329 5196 1628
f 5330 5196 5329
f 5196 5331 5197
f 5196 5330 5331
f 5197 5332 5198
f 5197 5331 5332
f 5198 5333 5199
f 5198 5332 5333
f 5199 5334 5200
f 5199 5333 5334
f 5200 5335 5201
f 5200 5334 5335
f 5336 1629 1580
f 5201 5336 1580
f 5335 5336 5201
f 5202 1582 1629
f 5336 5202 1629
f 5337 5202 5336
f 5202 5338 5203
f 5202 5337 5338
f 5203 5339 5204
f 5203 5338 5339
f 5204 5340 5205
f 5204 5339 5340
f 5342 5206 5341
f 5206 5340 5341
f 5206 5205 5340
f 5206 5342 5207
f 5207 5342 5343
f 5207 5343 5208
f 5208 5343 5344
f 5208 5344 5209
f 5209 5344 5345
f 5209 5345 5210
f 5210 5345 5346
f 5210 5346 5211
f 5211 5346 5347
f 5211 5347 5212
f 5212 5347 5348
f 5212 5348 5213
f 5213 5348 5349
f 5213 5349 5214
f 5214 5349 5350
f 5214 5350 5215
f 5215 5350 5351
f 5215 5351 5216
f 5216 5351 5352
f 5216 5352 5217
f 5222 5353 5221
f 5221 5353 5223
f 5223 5353 5354
f 5223 5354 5224
f 5224 5354 5355
f 5224 5355 5225
f 5225 5355 5356
f 5225 5356 5226
f 5231 5357 5230
f 5230 5357 5232
f 5232 5357 5358
f 5232 5358 5233
f 5233 5358 5359
f 5233 5359 5234
f 5234 5359 5360
f 5234 5360 5235
f 5235 5360 5361
f 5235 5361 5236
f 5236 5361 5362
f 5236 5362 5237
f 5237 5362 5363
f 5237 5363 5238
f 5238 5363 5364
f 5238 5364 5239
f 5239 5364 5365
f 5367 5366 5365
f 5366 5239 5365
f 5366 5240 5239
f 5369 5241 5368
f 5241 5366 5368
f 5241 5240 5366
f 5371 5370 5369
f 5370 5241 5369
f 5370 5242 5241
f 5242 5372 5243
f 5242 5370 5372
f 5243 5373 5244
f 5243 5372 5373
f 5244 5374 5245
f 5244 5373 5374
f 5245 5375 5246
f 5245 5374 5375
f 5246 5376 5247
f 5246 5375 5376
f 5247 5377 5248
f 5247 5376 5377
f 5248 5378 5249
f 5248 5377 5378
f 5249 5379 5250
f 5249 5378 5379
f 5250 5380 5251
f 5250 5379 5380
f 5251 5381 5252
f 5251 5380 5381
f 5252 5382 5253
f 5252 5381 5382
f 5253 5383 5254
f 5253 5382 5383
f 5254 5384 5255
f 5254 5383 5384
f 5255 5385 5256
f 5255 5384 5385
f 5256 5386 5257
f 5256 5385 5386
f 5257 5387 5258
f 5257 5386 5387
f 5388 1630 1584
f 5258 5388 1584
f 5387 5388 5258
f 5259 1586 1630
f 5388 5259 1630
f 5389 5259 5388
f 5390 1631 1588
f 5259 5390 1588
f 5389 5390 5259
f 5260 1590 1631
f 5390 5260 1631
f 5391 5260 5390
f 5260 5392 5261
f 5260 5391 5392
f 5261 5393 5263
f 5261 5392 5393
f 5263 5394 5264
f 5263 5393 5394
f 5264 5395 5265
f 5264 5394 5395
f 5265 5396 5266
f 5265 5395 5396
f 5266 5397 5267
f 5266 5396 5397
f 5267 5398 5268
f 5267 5397 5398
f 5399 1632 1592
f 5268 5399 1592
f 5398 5399 5268
f 5269 1594 1632
f 5399 5269 1632
f 5400 5269 5399
f 5269 5401 5270
f 5269 5400 5401
f 5270 5402 5271
f 5270 5401 5402
f 5271 5403 5272
f 5271 5402 5403
f 5272 5404 5273
f 5272 5403 5404
f 5273 5405 5274
f 5273 5404 5405
f 5274 5406 5275
f 5274 5405 5406
f 5275 5407 5276
f 5275 5406 5407
f 5408 1633 1596
f 5276 5408 1596
f 5407 5408 5276
f 5277 1598 1633
f 5408 5277 1633
f 5409 5277 5408
f 5277 5410 5278
f 5277 5409 5410
f 5278 5411 5279
f 5278 5410 5411
f 5279 5412 5280
f 5279 5411 5412
f 5280 5413 5281
f 5280 5412 5413
f 5281 5414 5282
f 5281 5413 5414
f 5282 5415 5283
f 5282 5414 5415
f 5283 5416 5284
f 5283 5415 5416
f 5284 5417 5285
f 5284 5416 5417
f 5417 1635 1600
f 5417 1600 5285
f 1636 5418 5286
f 1636 5286 1602
f 5286 5419 5287
f 5286 5418 5419
f 5287 5420 5288
f 5287 5419 5420
f 5288 5421 5289
f 5288 5420 5421
f 5422 1637 1604
f 5289 5422 1604
f 5421 5422 5289
f 5422 1639 1637
f 1640 5423 1641
f 5290 1610 1641
f 5423 5290 1641
f 5424 5290 5423
f 5290 5425 5291
f 5290 5424 5425
f 5291 5426 5292
f 5291 5425 5426
f 5292 5427 5293
f 5292 5426 5427
f 5293 5428 5294
f 5293 5427 5428
f 5294 5429 5295
f 5294 5428 5429
f 5295 5430 5296
f 5295 5429 5430
f 5431 1642 1612
f 5296 5431 1612
f 5430 5431 5296
f 5432 1643 1642
f 5432 1642 5431
f 5297 1616 1643
f 5432 5297 1643
f 5433 5297 5432
f 5297 5434 5298
f 5297 5433 5434
f 5298 5435 5299
f 5298 5434 5435
f 5299 5436 5300
f 5299 5435 5436
f 5300 5437 5301
f 5300 5436 5437
f 5301 5438 5302
f 5301 5437 5438
f 5302 5439 5303
f 5302 5438 5439
f 5303 5440 5304
f 5303 5439 5440
f 5304 5441 5305
f 5304 5440 5441
f 5305 5442 5306
f 5305 5441 5442
f 5306 5443 5307
f 5306 5442 5443
f 5307 5444 5308
f 5307 5443 5444
f 5308 5445 5309
f 5308 5444 5445
f 5309 5446 5310
f 5309 5445 5446
f 5310 5447 5311
f 5310 5446 5447
f 5311 5448 5312
f 5311 5447 5448
f 5312 5449 5313
f 5312 5448 5449
f 5313 5450 5314
f 5313 5449 5450
f 5314 5451 5315
f 5314 5450 5451
f 5452 1644 1618
f 5315 5452 1618
f 5451 5452 5315
f 5453 1645 1644
f 5453 1644 5452
f 5316 1622 1645
f 5453 5316 1645
f 5454 5316 5453
f 5316 5455 5317
f 5316 5454 5455
f 5317 5456 5318
f 5317 5455 5456
f 5318 5457 5319
f 5318 5456 5457
f 5319 5458 5320
f 5319 5457 5458
f 5320 5459 5321
f 5320 5458 5459
f 5460 1646 1624
f 5321 5460 1624
f 5459 5460 5321
f 5461 1647 1646
f 5461 1646 5460
f 5322 1626 1647
f 5461 5322 1647
f 5462 5322 5461
f 5322 5463 5323
f 5322 5462 5463
f 5323 5464 5324
f 5323 5463 5464
f 5326 5465 5325
f 5326 5466 5465
f 5325 5467 5327
f 5325 5465 5467
f 5327 5468 5328
f 5327 5467 5468
f 5328 5469 5329
f 5328 5468 5469
f 5329 5470 5330
f 5329 5469 5470
f 5330 5471 5331
f 5330 5470 5471
f 5473 5332 5472
f 5332 5471 5472
f 5332 5331 5471
f 5332 5473 5333
f 5333 5473 5474
f 5333 5474 5334
f 5334 5474 5475
f 5334 5475 5335
f 5335 5475 5476
f 5478 5477 5476
f 5477 5335 5476
f 5477 5336 5335
f 5336 5479 5337
f 5336 5477 5479
f 5481 5338 5480
f 5338 5479 5480
f 5338 5337 5479
f 5338 5481 5339
f 5339 5481 5482
f 5339 5482 5340
f 5340 5482 5483
f 5340 5483 5341
f 5367 5484 5366
f 5366 5484 5368
f 5371 5485 5370
f 5487 5486 5485
f 5486 5370 5485
f 5486 5372 5370
f 5372 5488 5373
f 5372 5486 5488
f 5373 5489 5374
f 5373 5488 5489
f 5491 5375 5490
f 5375 5489 5490
f 5375 5374 5489
f 5375 5491 5376
f 5376 5491 5492
f 5376 5492 5377
f 5377 5492 5493
f 5377 5493 5378
f 5378 5493 5494
f 5378 5494 5379
f 5379 5494 5495
f 5497 5496 5495
f 5496 5379 5495
f 5496 5380 5379
f 5380 5498 5381
f 5380 5496 5498
f 5381 5499 5382
f 5381 5498 5499
f 5382 5500 5383
f 5382 5499 5500
f 5383 5501 5384
f 5383 5500 5501
f 5384 5502 5385
f 5384 5501 5502
f 5385 5503 5386
f 5385 5502 5503
f 5386 5504 5387
f 5386 5503 5504
f 5387 5505 5388
f 5387 5504 5505
f 5388 5506 5389
f 5388 5505 5506
f 5389 5507 5390
f 5389 5506 5507
f 5390 5508 5391
f 5390 5507 5508
f 5391 5509 5392
f 5391 5508 5509
f 5511 5393 5510
f 5393 5509 5510
f 5393 5392 5509
f 5393 5511 5394
f 5394 5511 5512
f 5514 5513 5512
f 5513 5394 5512
f 5513 5395 5394
f 5395 5515 5396
f 5395 5513 5515
f 5396 5516 5397
f 5396 5515 5516
f 5397 5517 5398
f 5397 5516 5517
f 5398 5518 5399
f 5398 5517 5518
f 5399 5519 5400
f 5399 5518 5519
f 5400 5520 5401
f 5400 5519 5520
f 5401 5521 5402
f 5401 5520 5521
f 5402 5522 5403
f 5402 5521 5522
f 5403 5523 5404
f 5403 5522 5523
f 5404 5524 5405
f 5404 5523 5524
f 5405 5525 5406
f 5405 5524 5525
f 5406 5526 5407
f 5406 5525 5526
f 5407 5527 5408
f 5407 5526 5527
f 5408 5528 5409
f 5408 5527 5528
f 5409 5529 5410
f 5409 5528 5529
f 5410 5530 5411
f 5410 5529 5530
f 5411 5531 5412
f 5411 5530 5531
f 5412 5532 5413
f 5412 5531 5532
f 5413 5533 5414
f 5413 5532 5533
f 5414 5534 5415
f 5414 5533 5534
f 5415 5535 5416
f 5415 5534 5535
f 5416 5536 5417
f 5416 5535 5536
f 5537 1648 1635
f 5417 5537 1635
f 5536 5537 5417
f 5418 1636 1648
f 5537 5418 1648
f 5538 5418 5537
f 5418 5539 5419
f 5418 5538 5539
f 5419 5540 5420
f 5419 5539 5540
f 5420 5541 5421
f 5420 5540 5541
f 5421 5542 5422
f 5421 5541 5542
f 5543 1649 1639
f 5422 5543 1639
f 5542 5543 5422
f 5423 1640 1649
f 5543 5423 1649
f 5544 5423 5543
f 5423 5545 5424
f 5423 5544 5545
f 5424 5546 5425
f 5424 5545 5546
f 5425 5547 5426
f 5425 5546 5547
f 5426 5548 5427
f 5426 5547 5548
f 5427 5549 5428
f 5427 5548 5549
f 5428 5550 5429
f 5428 5549 5550
f 5429 5551 5430
f 5429 5550 5551
f 5430 5552 5431
f 5430 5551 5552
f 5431 5553 5432
f 5431 5552 5553
f 5432 5554 5433
f 5432 5553 5554
f 5433 5555 5434
f 5433 5554 5555
f 5434 5556 5435
f 5434 5555 5556
f 5435 5557 5436
f 5435 5556 5557
f 5436 5558 5437
f 5436 5557 5558
f 5437 5559 5438
f 5437 5558 5559
f 5438 5560 5439
f 5438 5559 5560
f 5439 5561 5440
f 5439 5560 5561
f 5440 5562 5441
f 5440 5561 5562
f 5441 5563 5442
f 5441 5562 5563
f 5442 5564 5443
f 5442 5563 5564
f 5443 5565 5444
f 5443 5564 5565
f 5444 5566 5445
f 5444 5565 5566
f 5445 5567 5446
f 5445 5566 5567
f 5446 5568 5447
f 5446 5567 5568
f 5447 5569 5448
f 5447 5568 5569
f 5448 5570 5449
f 5448 5569 5570
f 5449 5571 5450
f 5449 5570 5571
f 5450 5572 5451
f 5450 5571 5572
f 5451 5573 5452
f 5451 5572 5573
f 5452 5574 5453
f 5452 5573 5574
f 5453 5575 5454
f 5453 5574 5575
f 5454 5576 5455
f 5454 5575 5576
f 5455 5577 5456
f 5455 5576 5577
f 5456 5578 5457
f 5456 5577 5578
f 5457 5579 5458
f 5457 5578 5579
f 5458 5580 5459
f 5458 5579 5580
f 5459 5581 5460
f 5459 5580 5581
f 5460 5582 5461
f 5460 5581 5582
f 5461 5583 5462
f 5461 5582 5583
f 5462 5584 5463
f 5462 5583 5584
f 5463 5585 5464
f 5463 5584 5585
f 5466 5586 5465
f 5466 5587 5586
f 5465 5588 5467
f 5465 5586 5588
f 5467 5589 5468
f 5467 5588 5589
f 5468 5590 5469
f 5468 5589 5590
f 5469 5591 5470
f 5469 5590 5591
f 5470 5592 5471
f 5470 5591 5592
f 5472 5471 5593
f 5471 5594 5593
f 5471 5592 5594
f 5594 5595 5593
f 5598 5597 5596
f 5600 5599 5596
f 5596 5599 5598
f 5599 5600 5478
f 5600 5477 5478
f 5600 5601 5477
f 5477 5602 5479
f 5477 5601 5602
f 5480 5479 5603
f 5479 5604 5603
f 5479 5602 5604
f 5606 5605 5604
f 5604 5605 5603
f 5606 5607 5605
f 5486 5487 5608
f 5608 5487 5609
f 5486 5610 5488
f 5486 5608 5610
f 5488 5611 5489
f 5488 5610 5611
f 5490 5489 5612
f 5489 5613 5612
f 5489 5611 5613
f 5615 5614 5613
f 5613 5614 5612
f 5617 5616 5615
f 5615 5616 5614
f 5617 5618 5616
f 5621 5620 5619
f 5621 5619 5497
f 5619 5496 5497
f 5619 5622 5496
f 5496 5623 5498
f 5496 5622 5623
f 5498 5624 5499
f 5498 5623 5624
f 5499 5625 5500
f 5499 5624 5625
f 5500 5626 5501
f 5500 5625 5626
f 5501 5627 5502
f 5501 5626 5627
f 5502 5628 5503
f 5502 5627 5628
f 5503 5629 5504
f 5503 5628 5629
f 5504 5630 5505
f 5504 5629 5630
f 5505 5631 5506
f 5505 5630 5631
f 5506 5632 5507
f 5506 5631 5632
f 5507 5633 5508
f 5507 5632 5633
f 5508 5634 5509
f 5508 5633 5634
f 5510 5509 5635
f 5635 5509 5634
f 5638 5637 5636
f 5638 5636 5514
f 5636 5513 5514
f 5636 5639 5513
f 5513 5640 5515
f 5513 5639 5640
f 5515 5641 5516
f 5515 5640 5641
f 5516 5642 5517
f 5516 5641 5642
f 5517 5643 5518
f 5517 5642 5643
f 5518 5644 5519
f 5518 5643 5644
f 5519 5645 5520
f 5519 5644 5645
f 5520 5646 5521
f 5520 5645 5646
f 5521 5647 5522
f 5521 5646 5647
f 5522 5648 5523
f 5522 5647 5648
f 5523 5649 5524
f 5523 5648 5649
f 5524 5650 5525
f 5524 5649 5650
f 5525 5651 5526
f 5525 5650 5651
f 5651 1651 1652
f 5527 5651 1652
f 5526 5651 5527
f 5527 1652 1653
f 5527 1653 5528
f 5528 1653 1655
f 5652 5528 1655
f 5529 5528 5652
f 5529 5653 5530
f 5529 5652 5653
f 5530 5654 5531
f 5530 5653 5654
f 5531 5655 5532
f 5531 5654 5655
f 5532 5656 5533
f 5532 5655 5656
f 5533 5657 5534
f 5533 5656 5657
f 5534 5658 5535
f 5534 5657 5658
f 5658 1657 1658
f 5536 5658 1658
f 5535 5658 5536
f 5536 1658 1659
f 5536 1659 5537
f 5537 1659 1661
f 5659 5537 1661
f 5538 5537 5659
f 5538 5660 5539
f 5538 5659 5660
f 5539 5661 5540
f 5539 5660 5661
f 5540 5662 5541
f 5540 5661 5662
f 5541 5663 5542
f 5541 5662 5663
f 5663 1663 1664
f 5543 5663 1664
f 5542 5663 5543
f 5543 1664 1665
f 5543 1665 5544
f 5544 1665 1667
f 5664 5544 1667
f 5545 5544 5664
f 5545 5665 5546
f 5545 5664 5665
f 5546 5666 5547
f 5546 5665 5666
f 5547 5667 5548
f 5547 5666 5667
f 5548 5668 5549
f 5548 5667 5668
f 5549 5669 5550
f 5549 5668 5669
f 5550 5670 5551
f 5550 5669 5670
f 5670 1669 1670
f 5552 5670 1670
f 5551 5670 5552
f 5552 1670 1671
f 5552 1671 5553
f 5553 1671 1673
f 5671 5553 1673
f 5554 5553 5671
f 5554 5672 5555
f 5554 5671 5672
f 5555 5673 5556
f 5555 5672 5673
f 5556 5674 5557
f 5556 5673 5674
f 5557 5675 5558
f 5557 5674 5675
f 5558 5676 5559
f 5558 5675 5676
f 5559 5677 5560
f 5559 5676 5677
f 5560 5678 5561
f 5560 5677 5678
f 5561 5679 5562
f 5561 5678 5679
f 5562 5680 5563
f 5562 5679 5680
f 5563 5681 5564
f 5563 5680 5681
f 5564 5682 5565
f 5564 5681 5682
f 5565 5683 5566
f 5565 5682 5683
f 5566 5684 5567
f 5566 5683 5684
f 5567 5685 5568
f 5567 5684 5685
f 5568 5686 5569
f 5568 5685 5686
f 5569 5687 5570
f 5569 5686 5687
f 5570 5688 5571
f 5570 5687 5688
f 5571 5689 5572
f 5571 5688 5689
f 5689 1675 1676
f 5573 5689 1676
f 5572 5689 5573
f 5573 1676 1677
f 5690 5573 1677
f 5574 5573 5690
f 5574 5691 5575
f 5574 5690 5691
f 5575 5692 5576
f 5575 5691 5692
f 5576 5693 5577
f 5576 5692 5693
f 5577 5694 5578
f 5577 5693 5694
f 5578 5695 5579
f 5578 5694 5695
f 5579 5696 5580
f 5579 5695 5696
f 5580 5697 5581
f 5580 5696 5697
f 5581 5698 5582
f 5581 5697 5698
f 5582 5699 5583
f 5582 5698 5699
f 5583 5700 5584
f 5583 5699 5700
f 5584 5701 5585
f 5584 5700 5701
f 5587 1678 1679
f 5702 5587 1679
f 5586 5587 5702
f 5586 5703 5588
f 5586 5702 5703
f 5703 1682 1683
f 5589 5703 1683
f 5588 5703 5589
f 5589 1683 1684
f 5589 1684 5590
f 5590 1684 1686
f 5704 5590 1686
f 5591 5590 5704
f 5591 5705 5592
f 5591 5704 5705
f 5592 5706 5594
f 5592 5705 5706
f 5595 5594 5707
f 5594 5708 5707
f 5594 5706 5708
f 5707 5708 5597
f 5708 5596 5597
f 5708 5709 5596
f 5596 5710 5600
f 5596 5709 5710
f 5600 5711 5601
f 5600 5710 5711
f 5601 5712 5602
f 5601 5711 5712
f 5602 5713 5604
f 5602 5712 5713
f 5604 5714 5606
f 5604 5713 5714
f 5607 5606 5715
f 5606 5716 5715
f 5606 5714 5716
f 5716 5717 5715
f 5720 5719 5718
f 5718 5721 5720
f 5724 5723 5722
f 5726 5725 5722
f 5722 5725 5724
f 5728 5727 5726
f 5726 5727 5725
f 5730 5729 5728
f 5728 5729 5727
f 5732 5731 5730
f 5730 5731 5729
f 5734 5733 5732
f 5732 5733 5731
f 5736 5735 5734
f 5734 5735 5733
f 5738 5737 5736
f 5736 5737 5735
f 5740 5739 5738
f 5738 5739 5737
f 5739 5740 5609
f 5740 5608 5609
f 5740 5741 5608
f 5608 5742 5610
f 5608 5741 5742
f 5610 5743 5611
f 5610 5742 5743
f 5611 5744 5613
f 5611 5743 5744
f 5613 5745 5615
f 5613 5744 5745
f 5615 5746 5617
f 5615 5745 5746
f 5618 5617 5747
f 5617 5748 5747
f 5617 5746 5748
f 5747 5748 5620
f 5748 5619 5620
f 5748 5749 5619
f 5619 5750 5622
f 5619 5749 5750
f 5622 5751 5623
f 5622 5750 5751
f 5623 5752 5624
f 5623 5751 5752
f 5624 5753 5625
f 5624 5752 5753
f 5625 5754 5626
f 5625 5753 5754
f 5626 5755 5627
f 5626 5754 5755
f 5627 5756 5628
f 5627 5755 5756
f 5756 1688 1689
f 5629 5756 1689
f 5628 5756 5629
f 5629 1689 1690
f 5629 1690 5630
f 5630 1690 1692
f 5630 1692 5631
f 5631 1692 1694
f 5631 1694 5632
f 5632 1694 1696
f 5632 1696 5633
f 5633 1696 1698
f 5757 5633 1698
f 5634 5633 5757
f 5635 5634 5758
f 5634 5759 5758
f 5634 5757 5759
f 5758 5759 5637
f 5759 5636 5637
f 5759 5760 5636
f 5636 5761 5639
f 5636 5760 5761
f 5761 1700 1701
f 5640 5761 1701
f 5639 5761 5640
f 5640 1701 1702
f 5640 1702 5641
f 5641 1702 1704
f 5641 1704 5642
f 5642 1704 1706
f 5642 1706 5643
f 5643 1706 1708
f 5643 1708 5644
f 5644 1708 1710
f 5644 1710 5645
f 5645 1710 1712
f 5645 1712 5646
f 5646 1712 1714
f 5646 1714 5647
f 5647 1714 1716
f 5762 5647 1716
f 5648 5647 5762
f 5762 1718 1719
f 5649 5762 1719
f 5648 5762 5649
f 5649 1719 1720
f 5649 1720 5650
f 5650 1720 1722
f 5650 1722 5651
f 5651 1722 1651
f 1726 5652 1655
f 5652 1726 1728
f 5652 1728 5653
f 5653 1728 1730
f 5653 1730 5654
f 5654 1730 1732
f 5654 1732 5655
f 5655 1732 1734
f 5655 1734 5656
f 5656 1734 1736
f 5656 1736 5657
f 5657 1736 1738
f 5657 1738 5658
f 5658 1738 1657
f 1742 5659 1661
f 5659 1742 1744
f 5659 1744 5660
f 5660 1744 1746
f 5660 1746 5661
f 5661 1746 1748
f 5661 1748 5662
f 5662 1748 1750
f 5662 1750 5663
f 5663 1750 1663
f 1754 5664 1667
f 5664 1754 1756
f 5664 1756 5665
f 5665 1756 1758
f 5665 1758 5666
f 5666 1758 1760
f 5666 1760 5667
f 5667 1760 1762
f 5667 1762 5668
f 5668 1762 1764
f 5668 1764 5669
f 5669 1764 1766
f 5669 1766 5670
f 5670 1766 1669
f 1770 5671 1673
f 5671 1770 1772
f 5671 1772 5672
f 5672 1772 1774
f 5672 1774 5673
f 5673 1774 1776
f 5673 1776 5674
f 5674 1776 1778
f 5674 1778 5675
f 5675 1778 1780
f 5675 1780 5676
f 5676 1780 1782
f 5676 1782 5677
f 5677 1782 1784
f 5677 1784 5678
f 5678 1784 1786
f 5678 1786 5679
f 5679 1786 1788
f 5679 1788 5680
f 5680 1788 1790
f 5680 1790 5681
f 5681 1790 1792
f 5681 1792 5682
f 5682 1792 1794
f 5682 1794 5683
f 5683 1794 1796
f 5763 5683 1796
f 5684 5683 5763
f 5684 5764 5685
f 5684 5763 5764
f 5685 5765 5686
f 5685 5764 5765
f 5765 1798 1799
f 5687 5765 1799
f 5686 5765 5687
f 5687 1799 1800
f 5687 1800 5688
f 5688 1800 1802
f 5688 1802 5689
f 5689 1802 1675
f 1805 5690 1677
f 5690 1805 1807
f 5690 1807 5691
f 5691 1807 1809
f 5691 1809 5692
f 5692 1809 1811
f 5692 1811 5693
f 5693 1811 1813
f 5693 1813 5694
f 5694 1813 1815
f 5694 1815 5695
f 5695 1815 1817
f 5695 1817 5696
f 5696 1817 1819
f 5696 1819 5697
f 5697 1819 1821
f 5697 1821 5698
f 5698 1821 1823
f 5766 5698 1823
f 5699 5698 5766
f 5766 1825 1826
f 5700 5766 1826
f 5699 5766 5700
f 5700 1826 1827
f 5700 1827 5701
f 5702 1679 1829
f 5767 5702 1829
f 5768 5702 5767
f 5702 5769 5703
f 5702 5768 5769
f 5770 1830 1682
f 5703 5770 1682
f 5769 5770 5703
f 5771 1831 1830
f 5771 1830 5770
f 5704 1686 1831
f 5771 5704 1831
f 5772 5704 5771
f 5704 5773 5705
f 5704 5772 5773
f 5705 5774 5706
f 5705 5773 5774
f 5776 5708 5775
f 5708 5774 5775
f 5708 5706 5774
f 5708 5776 5709
f 5709 5776 5777
f 5709 5777 5710
f 5710 5777 5778
f 5710 5778 5711
f 5711 5778 5779
f 5711 5779 5712
f 5712 5779 5780
f 5712 5780 5713
f 5713 5780 5781
f 5713 5781 5714
f 5714 5781 5782
f 5714 5782 5716
f 5716 5782 5783
f 5716 5783 5717
f 5719 5784 5718
f 5718 5784 5721
f 5723 5785 5722
f 5722 5785 5726
f 5726 5785 5786
f 5726 5786 5728
f 5728 5786 5787
f 5728 5787 5730
f 5730 5787 5788
f 5730 5788 5732
f 5732 5788 5789
f 5732 5789 5734
f 5734 5789 5790
f 5734 5790 5736
f 5736 5790 5791
f 5793 5792 5791
f 5792 5736 5791
f 5792 5738 5736
f 5738 5794 5740
f 5738 5792 5794
f 5740 5795 5741
f 5740 5794 5795
f 5741 5796 5742
f 5741 5795 5796
f 5742 5797 5743
f 5742 5796 5797
f 5743 5798 5744
f 5743 5797 5798
f 5744 5799 5745
f 5744 5798 5799
f 5745 5800 5746
f 5745 5799 5800
f 5746 5801 5748
f 5746 5800 5801
f 5748 5802 5749
f 5748 5801 5802
f 5749 5803 5750
f 5749 5802 5803
f 5750 5804 5751
f 5750 5803 5804
f 5751 5805 5752
f 5751 5804 5805
f 5752 5806 5753
f 5752 5805 5806
f 5753 5807 5754
f 5753 5806 5807
f 5754 5808 5755
f 5754 5807 5808
f 5755 5809 5756
f 5755 5808 5809
f 5809 1833 1688
f 5809 1688 5756
f 1835 5810 1836
f 5811 1837 1836
f 5811 1836 5810
f 5812 1838 1837
f 5812 1837 5811
f 5757 1698 1838
f 5812 5757 1838
f 5813 5757 5812
f 5757 5814 5759
f 5757 5813 5814
f 5759 5815 5760
f 5759 5814 5815
f 5760 5816 5761
f 5760 5815 5816
f 5817 1839 1700
f 5761 5817 1700
f 5816 5817 5761
f 5818 1840 1839
f 5818 1839 5817
f 5819 1841 1840
f 5819 1840 5818
f 5820 1842 1841
f 5820 1841 5819
f 5821 1843 1842
f 5821 1842 5820
f 5822 1844 1843
f 5822 1843 5821
f 5822 1846 1844
f 1847 5823 1848
f 5762 1716 1848
f 5823 5762 1848
f 5824 5762 5823
f 5825 1849 1718
f 5762 5825 1718
f 5824 5825 5762
f 5825 1851 1849
f 1857 5826 1858
f 5827 1859 1858
f 5827 1858 5826
f 5828 1860 1859
f 5828 1859 5827
f 5828 1862 1860
f 1874 5829 1875
f 5830 1876 1875
f 5830 1875 5829
f 5830 1878 1876
f 1887 5831 1888
f 5832 1889 1888
f 5832 1888 5831
f 5832 1891 1889
f 1894 5833 1895
f 5834 1896 1895
f 5834 1895 5833
f 5834 1898 1896
f 1901 5835 5763
f 1901 5763 1796
f 5763 5836 5764
f 5763 5835 5836
f 5764 5837 5765
f 5764 5836 5837
f 5837 1903 1798
f 5837 1798 5765
f 1909 5838 1910
f 5838 1912 1910
f 1913 5839 1914
f 5840 1915 1914
f 5840 1914 5839
f 5841 1916 1915
f 5841 1915 5840
f 5842 1917 1916
f 5842 1916 5841
f 5843 1918 1917
f 5843 1917 5842
f 5766 1823 1918
f 5843 5766 1918
f 5844 5766 5843
f 5845 1919 1825
f 5766 5845 1825
f 5844 5845 5766
f 5846 1920 1919
f 5846 1919 5845
f 5767 5847 5768
f 5768 5847 5848
f 5768 5848 5769
f 5769 5848 5849
f 5769 5849 5770
f 5770 5849 5850
f 5770 5850 5771
f 5771 5850 5851
f 5771 5851 5772
f 5772 5851 5852
f 5772 5852 5773
f 5773 5852 5853
f 5773 5853 5774
f 5774 5853 5854
f 5774 5854 5775
f 5793 5855 5792
f 5792 5855 5794
f 5794 5855 5856
f 5794 5856 5795
f 5795 5856 5857
f 5795 5857 5796
f 5796 5857 5858
f 5796 5858 5797
f 5797 5858 5859
f 5797 5859 5798
f 5798 5859 5860
f 5798 5860 5799
f 5799 5860 5861
f 5799 5861 5800
f 5800 5861 5862
f 5800 5862 5801
f 5801 5862 5863
f 5801 5863 5802
f 5802 5863 5864
f 5802 5864 5803
f 5803 5864 5865
f 5803 5865 5804
f 5804 5865 5866
f 5804 5866 5805
f 5805 5866 5867
f 5805 5867 5806
f 5806 5867 5868
f 5806 5868 5807
f 5807 5868 5869
f 5807 5869 5808
f 5808 5869 5870
f 5808 5870 5809
f 5809 5870 5871
f 5809 5871 1833
f 5871 1921 1833
f 5871 5872 1921
f 1921 5873 1922
f 5872 5873 1921
f 1835 1922 5810
f 1922 5874 5810
f 1922 5873 5874
f 5810 5874 5811
f 5811 5874 5875
f 5811 5875 5812
f 5812 5875 5876
f 5812 5876 5813
f 5813 5876 5877
f 5813 5877 5814
f 5814 5877 5878
f 5814 5878 5815
f 5815 5878 5879
f 5815 5879 5816
f 5816 5879 5880
f 5816 5880 5817
f 5817 5880 5881
f 5817 5881 5818
f 5818 5881 5882
f 5818 5882 5819
f 5819 5882 5883
f 5819 5883 5820
f 5820 5883 5884
f 5820 5884 5821
f 5821 5884 5885
f 5821 5885 5822
f 5822 5885 5886
f 5886 5888 5887
f 5886 5887 1923
f 5822 5886 1923
f 1846 5822 1923
f 5887 5889 1923
f 1923 5889 1847
f 5889 5890 1847
f 5890 5823 1847
f 5823 5890 5824
f 5824 5890 5891
f 5824 5891 5825
f 5825 5891 5892
f 5825 5892 1851
f 5892 1924 1851
f 5892 5893 1924
f 5893 5895 5894
f 1925 5893 5894
f 1924 5893 1925
f 5896 1926 1925
f 5896 1925 5894
f 5897 1927 1926
f 5897 1926 5896
f 5898 1928 1927
f 5898 1927 5897
f 5899 1929 1928
f 5899 1928 5898
f 5899 5900 1929
f 1929 5900 1857
f 5900 5901 1857
f 5901 5826 1857
f 5826 5901 5827
f 5827 5901 5902
f 5827 5902 5828
f 5828 5902 5903
f 5903 5905 5904
f 5903 5904 1930
f 5828 5903 1930
f 1862 5828 1930
f 5906 1931 1930
f 5906 1930 5904
f 5907 1932 1931
f 5907 1931 5906
f 5908 1933 1932
f 5908 1932 5907
f 5909 1934 1933
f 5909 1933 5908
f 5910 1935 1934
f 5910 1934 5909
f 5911 1936 1935
f 5911 1935 5910
f 5912 1937 1936
f 5912 1936 5911
f 5913 1938 1937
f 5913 1937 5912
f 5914 1939 1938
f 5914 1938 5913
f 5915 1940 1939
f 5915 1939 5914
f 5916 1941 1940
f 5916 1940 5915
f 5829 1874 1941
f 5916 5829 1941
f 5917 5829 5916
f 5919 5830 5918
f 5830 5917 5918
f 5830 5829 5917
f 5919 5921 5920
f 5919 5920 1942
f 5830 5919 1942
f 1878 5830 1942
f 5922 1943 1942
f 5922 1942 5920
f 5923 1944 1943
f 5923 1943 5922
f 5924 1945 1944
f 5924 1944 5923
f 5925 1946 1945
f 5925 1945 5924
f 5926 1947 1946
f 5926 1946 5925
f 5927 1948 1947
f 5927 1947 5926
f 5928 1949 1948
f 5928 1948 5927
f 5929 1950 1949
f 5929 1949 5928
f 5831 1887 1950
f 5929 5831 1950
f 5930 5831 5929
f 5932 5832 5931
f 5832 5930 5931
f 5832 5831 5930
f 5932 5934 5933
f 5932 5933 1951
f 5832 5932 1951
f 1891 5832 1951
f 5935 1952 1951
f 5935 1951 5933
f 5936 1953 1952
f 5936 1952 5935
f 5936 5937 1953
f 1953 5937 1894
f 5937 5938 1894
f 5938 5833 1894
f 5833 5938 5834
f 5834 5938 5939
f 5834 5939 1898
f 5939 1954 1898
f 5939 5940 1954
f 5940 5942 5941
f 1955 5940 5941
f 1954 5940 1955
f 5943 1956 1955
f 5943 1955 5941
f 5943 5944 1956
f 1956 5944 1901
f 5944 5945 1901
f 5945 5835 1901
f 5835 5945 5836
f 5836 5945 5946
f 5948 5947 5946
f 5947 5836 5946
f 5947 5837 5836
f 5949 1957 1903
f 5837 5949 1903
f 5947 5949 5837
f 1957 5949 5950
f 5951 1957 5950
f 1958 1957 5951
f 5951 5953 5952
f 1959 5951 5952
f 1958 5951 1959
f 5954 1960 1959
f 5954 1959 5952
f 5955 1961 1960
f 5955 1960 5954
f 5956 1962 1961
f 5956 1961 5955
f 5956 5957 1962
f 1962 5957 1909
f 5957 5958 1909
f 5958 5838 1909
f 5838 5958 1912
f 5958 1963 1912
f 5958 5959 1963
f 1913 1963 5839
f 1963 5960 5839
f 1963 5959 5960
f 5839 5960 5840
f 5840 5960 5961
f 5840 5961 5841
f 5841 5961 5962
f 5841 5962 5842
f 5842 5962 5963
f 5842 5963 5843
f 5843 5963 5964
f 5843 5964 5844
f 5844 5964 5965
f 5844 5965 5845
f 5845 5965 5966
f 5845 5966 5846
f 5846 5966 5967
f 5888 5968 5887
f 5887 5968 5889
f 5895 5969 5894
f 5894 5969 5896
f 5896 5969 5970
f 5896 5970 5897
f 5897 5970 5971
f 5897 5971 5898
f 5898 5971 5972
f 5898 5972 5899
f 5899 5972 5973
f 5899 5973 5900
f 5905 5974 5904
f 5904 5974 5906
f 5906 5974 5975
f 5906 5975 5907
f 5907 5975 5976
f 5978 5977 5976
f 5977 5907 5976
f 5977 5908 5907
f 5908 5979 5909
f 5908 5977 5979
f 5981 5910 5980
f 5910 5979 5980
f 5910 5909 5979
f 5910 5981 5911
f 5911 5981 5982
f 5911 5982 5912
f 5912 5982 5983
f 5985 5984 5983
f 5984 5912 5983
f 5984 5913 5912
f 5913 5986 5914
f 5913 5984 5986
f 5914 5987 5915
f 5914 5986 5987
f 5989 5916 5988
f 5916 5987 5988
f 5916 5915 5987
f 5916 5989 5917
f 5917 5989 5990
f 5917 5990 5918
f 5921 5991 5920
f 5920 5991 5922
f 5922 5991 5992
f 5922 5992 5923
f 5923 5992 5993
f 5995 5994 5993
f 5994 5923 5993
f 5994 5924 5923
f 5924 5996 5925
f 5924 5994 5996
f 5925 5997 5926
f 5925 5996 5997
f 5999 5927 5998
f 5927 5997 5998
f 5927 5926 5997
f 5927 5999 5928
f 5928 5999 6000
f 5928 6000 5929
f 5929 6000 6001
f 5929 6001 5930
f 5930 6001 6002
f 5930 6002 5931
f 5934 6003 5933
f 5933 6003 5935
f 5935 6003 6004
f 5935 6004 5936
f 5936 6004 6005
f 5936 6005 5937
f 5942 6006 5941
f 5941 6006 5943
f 5943 6006 6007
f 5943 6007 5944
f 5948 6008 5947
f 5947 6008 5949
f 5949 6008 6009
f 5949 6009 5950
f 5953 6010 5952
f 5952 6010 5954
f 5954 6010 6011
f 5954 6011 5955
f 5955 6011 6012
f 5955 6012 5956
f 5956 6012 6013
f 5956 6013 5957
f 6016 6015 6014
f 6014 6017 6016
f 6020 6019 6018
f 6022 6021 6018
f 6018 6021 6020
f 6024 6023 6022
f 6022 6023 6021
f 6026 6025 6024
f 6024 6025 6023
f 6028 6027 6026
f 6026 6027 6025
f 6028 6029 6027
f 6032 6031 6030
f 6034 6033 6030
f 6030 6033 6032
f 6036 6035 6034
f 6034 6035 6033
f 6035 6036 5978
f 6036 5977 5978
f 6036 6037 5977
f 5977 6038 5979
f 5977 6037 6038
f 5980 5979 6039
f 5979 6040 6039
f 5979 6038 6040
f 6042 6041 6040
f 6040 6041 6039
f 6044 6043 6042
f 6042 6043 6041
f 6043 6044 5985
f 6044 5984 5985
f 6044 6045 5984
f 5984 6046 5986
f 5984 6045 6046
f 5986 6047 5987
f 5986 6046 6047
f 5988 5987 6048
f 5987 6049 6048
f 5987 6047 6049
f 6051 6050 6049
f 6049 6050 6048
f 6053 6052 6051
f 6051 6052 6050
f 6055 6054 6053
f 6053 6054 6052
f 6057 6056 6055
f 6055 6056 6054
f 6059 6058 6057
f 6057 6058 6056
f 6058 6059 5995
f 6059 5994 5995
f 6059 6060 5994
f 5994 6061 5996
f 5994 6060 6061
f 5996 6062 5997
f 5996 6061 6062
f 5998 5997 6063
f 5997 6064 6063
f 5997 6062 6064
f 6066 6065 6064
f 6064 6065 6063
f 6068 6067 6066
f 6066 6067 6065
f 6070 6069 6068
f 6068 6069 6067
f 6072 6071 6070
f 6070 6071 6069
f 6074 6073 6072
f 6072 6073 6071
f 6076 6075 6074
f 6074 6075 6073
f 6078 6077 6076
f 6076 6077 6075
f 6078 6079 6077
f 6082 6081 6080
f 6084 6083 6080
f 6080 6083 6082
f 6084 6085 6083
f 6088 6087 6086
f 6086 6089 6088
f 6092 6091 6090
f 6094 6093 6090
f 6090 6093 6092
f 6096 6095 6094
f 6094 6095 6093
f 6096 6097 6095
f 6100 6099 6098
f 6102 6101 6098
f 6098 6101 6100
f 6104 6103 6102
f 6102 6103 6101
f 6104 6105 6103
f 6108 6107 6106
f 6106 6109 6108
f 6112 6111 6110
f 6114 6113 6110
f 6110 6113 6112
f 6113 6114 6015
f 6114 6014 6015
f 6114 6115 6014
f 6017 6014 6116
f 6014 6117 6116
f 6014 6115 6117
f 6119 6118 6117
f 6117 6118 6116
f 6121 6120 6119
f 6119 6120 6118
f 6120 6121 6019
f 6121 6018 6019
f 6121 6122 6018
f 6018 6123 6022
f 6018 6122 6123
f 6022 6124 6024
f 6022 6123 6124
f 6024 6125 6026
f 6024 6124 6125
f 6026 6126 6028
f 6026 6125 6126
f 6029 6028 6127
f 6028 6128 6127
f 6028 6126 6128
f 6130 6129 6128
f 6128 6129 6127
f 6132 6131 6130
f 6130 6131 6129
f 6131 6132 6031
f 6132 6030 6031
f 6132 6133 6030
f 6030 6134 6034
f 6030 6133 6134
f 6034 6135 6036
f 6034 6134 6135
f 6036 6136 6037
f 6036 6135 6136
f 6037 6137 6038
f 6037 6136 6137
f 6038 6138 6040
f 6038 6137 6138
f 6040 6139 6042
f 6040 6138 6139
f 6139 1965 1966
f 6044 6139 1966
f 6042 6139 6044
f 6044 1966 1967
f 6140 6044 1967
f 6045 6044 6140
f 6045 6141 6046
f 6045 6140 6141
f 6046 6142 6047
f 6046 6141 6142
f 6047 6143 6049
f 6047 6142 6143
f 6049 6144 6051
f 6049 6143 6144
f 6051 6145 6053
f 6051 6144 6145
f 6053 6146 6055
f 6053 6145 6146
f 6055 6147 6057
f 6055 6146 6147
f 6057 6148 6059
f 6057 6147 6148
f 6148 1969 1970
f 6060 6148 1970
f 6059 6148 6060
f 6060 1970 1971
f 6060 1971 6061
f 6061 1971 1973
f 6061 1973 6062
f 6062 1973 1975
f 6062 1975 6064
f 6064 1975 1977
f 6149 6064 1977
f 6066 6064 6149
f 6066 6150 6068
f 6066 6149 6150
f 6068 6151 6070
f 6068 6150 6151
f 6070 6152 6072
f 6070 6151 6152
f 6072 6153 6074
f 6072 6152 6153
f 6074 6154 6076
f 6074 6153 6154
f 6076 6155 6078
f 6076 6154 6155
f 6079 6078 6156
f 6078 6157 6156
f 6078 6155 6157
f 6159 6158 6157
f 6157 6158 6156
f 6161 6160 6159
f 6159 6160 6158
f 6160 6161 6081
f 6161 6080 6081
f 6161 6162 6080
f 6080 6163 6084
f 6080 6162 6163
f 6085 6084 6164
f 6084 6165 6164
f 6084 6163 6165
f 6167 6166 6165
f 6165 6166 6164
f 6169 6168 6167
f 6167 6168 6166
f 6168 6169 6087
f 6169 6086 6087
f 6169 6170 6086
f 6089 6086 6171
f 6086 6172 6171
f 6086 6170 6172
f 6171 6172 6091
f 6172 6090 6091
f 6172 6173 6090
f 6090 6174 6094
f 6090 6173 6174
f 6094 6175 6096
f 6094 6174 6175
f 6097 6096 6176
f 6096 6177 6176
f 6096 6175 6177
f 6177 6178 6176
f 6181 6180 6179
f 6179 6182 6181
f 6099 6183 6098
f 6098 6183 6102
f 6102 6183 6184
f 6102 6184 6104
f 6104 6184 6185
f 6104 6185 6105
f 6107 6186 6106
f 6106 6186 6109
f 6111 6187 6110
f 6110 6187 6114
f 6114 6187 6188
f 6114 6188 6115
f 6115 6188 6189
f 6115 6189 6117
f 6117 6189 6190
f 6117 6190 6119
f 6119 6190 6191
f 6119 6191 6121
f 6121 6191 6192
f 6121 6192 6122
f 6122 6192 6193
f 6122 6193 6123
f 6123 6193 6194
f 6123 6194 6124
f 6124 6194 6195
f 6124 6195 6125
f 6125 6195 6196
f 6125 6196 6126
f 6126 6196 6197
f 6126 6197 6128
f 6128 6197 6198
f 6128 6198 6130
f 6130 6198 6199
f 6130 6199 6132
f 6132 6199 6200
f 6132 6200 6133
f 6133 6200 6201
f 6133 6201 6134
f 6134 6201 6202
f 6134 6202 6135
f 6135 6202 6203
f 6205 6204 6203
f 6204 6135 6203
f 6204 6136 6135
f 6136 6206 6137
f 6136 6204 6206
f 6137 6207 6138
f 6137 6206 6207
f 6138 6208 6139
f 6138 6207 6208
f 6209 1978 1965
f 6139 6209 1965
f 6208 6209 6139
f 6140 1967 1978
f 6209 6140 1978
f 6210 6140 6209
f 6140 6211 6141
f 6140 6210 6211
f 6141 6212 6142
f 6141 6211 6212
f 6142 6213 6143
f 6142 6212 6213
f 6215 6144 6214
f 6144 6213 6214
f 6144 6143 6213
f 6144 6215 6145
f 6145 6215 6216
f 6218 6217 6216
f 6217 6145 6216
f 6217 6146 6145
f 6146 6219 6147
f 6146 6217 6219
f 6147 6220 6148
f 6147 6219 6220
f 6221 1979 1969
f 6148 6221 1969
f 6220 6221 6148
f 6222 1980 1979
f 6222 1979 6221
f 6223 1981 1980
f 6223 1980 6222
f 6224 1982 1981
f 6224 1981 6223
f 6149 1977 1982
f 6224 6149 1982
f 6225 6149 6224
f 6149 6226 6150
f 6149 6225 6226
f 6228 6151 6227
f 6151 6226 6227
f 6151 6150 6226
f 6151 6228 6152
f 6152 6228 6229
f 6152 6229 6153
f 6153 6229 6230
f 6153 6230 6154
f 6154 6230 6231
f 6154 6231 6155
f 6155 6231 6232
f 6155 6232 6157
f 6157 6232 6233
f 6157 6233 6159
f 6159 6233 6234
f 6159 6234 6161
f 6161 6234 6235
f 6161 6235 6162
f 6162 6235 6236
f 6162 6236 6163
f 6163 6236 6237
f 6163 6237 6165
f 6165 6237 6238
f 6165 6238 6167
f 6167 6238 6239
f 6167 6239 6169
f 6169 6239 6240
f 6169 6240 6170
f 6170 6240 6241
f 6170 6241 6172
f 6172 6241 6242
f 6172 6242 6173
f 6173 6242 6243
f 6173 6243 6174
f 6174 6243 6244
f 6174 6244 6175
f 6175 6244 6245
f 6175 6245 6177
f 6177 6245 6246
f 6177 6246 6178
f 6180 6247 6179
f 6179 6247 6182
f 6205 6248 6204
f 6204 6248 6206
f 6206 6248 6249
f 6206 6249 6207
f 6207 6249 6250
f 6207 6250 6208
f 6208 6250 6251
f 6208 6251 6209
f 6209 6251 6252
f 6209 6252 6210
f 6210 6252 6253
f 6210 6253 6211
f 6211 6253 6254
f 6211 6254 6212
f 6212 6254 6255
f 6212 6255 6213
f 6213 6255 6256
f 6213 6256 6214
f 6218 6257 6217
f 6217 6257 6219
f 6219 6257 6258
f 6219 6258 6220
f 6220 6258 6259
f 6220 6259 6221
f 6221 6259 6260
f 6221 6260 6222
f 6222 6260 6261
f 6222 6261 6223
f 6223 6261 6262
f 6223 6262 6224
f 6224 6262 6263
f 6224 6263 6225
f 6225 6263 6264
f 6225 6264 6226
f 6226 6264 6265
f 6226 6265 6227
f 6268 6267 6266
f 6270 6269 6266
f 6266 6269 6268
f 6272 6271 6270
f 6270 6271 6269
f 6274 6273 6272
f 6272 6273 6271
f 6276 6275 6274
f 6274 6275 6273
f 6278 6277 6276
f 6276 6277 6275
f 6280 6279 6278
f 6278 6279 6277
f 6282 6281 6280
f 6280 6281 6279
f 6284 6283 6282
f 6282 6283 6281
f 6286 6285 6284
f 6284 6285 6283
f 6286 6287 6285
f 6290 6289 6288
f 6292 6291 6288
f 6288 6291 6290
f 6292 6293 6291
f 6296 6295 6294
f 6298 6297 6294
f 6294 6297 6296
f 6300 6299 6298
f 6298 6299 6297
f 6302 6301 6300
f 6300 6301 6299
f 6304 6303 6302
f 6302 6303 6301
f 6306 6305 6304
f 6304 6305 6303
f 6308 6307 6306
f 6306 6307 6305
f 6310 6309 6308
f 6308 6309 6307
f 6312 6311 6310
f 6310 6311 6309
f 6311 6312 6267
f 6312 6266 6267
f 6312 6313 6266
f 6266 6314 6270
f 6266 6313 6314
f 6270 6315 6272
f 6270 6314 6315
f 6272 6316 6274
f 6272 6315 6316
f 6274 6317 6276
f 6274 6316 6317
f 6276 6318 6278
f 6276 6317 6318
f 6278 6319 6280
f 6278 6318 6319
f 6280 6320 6282
f 6280 6319 6320
f 6282 6321 6284
f 6282 6320 6321
f 6284 6322 6286
f 6284 6321 6322
f 6287 6286 6323
f 6286 6324 6323
f 6286 6322 6324
f 6326 6325 6324
f 6324 6325 6323
f 6328 6327 6326
f 6326 6327 6325
f 6328 6329 6327
f 6288 6289 6330
f 6330 6289 6331
f 6288 6332 6292
f 6288 6330 6332
f 6293 6292 6333
f 6333 6292 6332
f 6295 6334 6294
f 6336 6335 6334
f 6335 6294 6334
f 6335 6298 6294
f 6338 6300 6337
f 6300 6335 6337
f 6300 6298 6335
f 6300 6338 6302
f 6302 6338 6339
f 6341 6340 6339
f 6340 6302 6339
f 6340 6304 6302
f 6304 6342 6306
f 6304 6340 6342
f 6306 6343 6308
f 6306 6342 6343
f 6345 6310 6344
f 6310 6343 6344
f 6310 6308 6343
f 6347 6346 6345
f 6346 6310 6345
f 6346 6312 6310
f 6312 6348 6313
f 6312 6346 6348
f 6313 6349 6314
f 6313 6348 6349
f 6314 6350 6315
f 6314 6349 6350
f 6315 6351 6316
f 6315 6350 6351
f 6316 6352 6317
f 6316 6351 6352
f 6317 6353 6318
f 6317 6352 6353
f 6318 6354 6319
f 6318 6353 6354
f 6319 6355 6320
f 6319 6354 6355
f 6320 6356 6321
f 6320 6355 6356
f 6321 6357 6322
f 6321 6356 6357
f 6322 6358 6324
f 6322 6357 6358
f 6324 6359 6326
f 6324 6358 6359
f 6326 6360 6328
f 6326 6359 6360
f 6329 6328 6361
f 6361 6328 6360
f 6331 6362 6330
f 6330 6362 6332
f 6332 6362 6363
f 6332 6363 6333
f 6336 6364 6335
f 6335 6364 6337
f 6341 6365 6340
f 6340 6365 6342
f 6342 6365 6366
f 6342 6366 6343
f 6343 6366 6367
f 6343 6367 6344
f 6347 6368 6346
f 6346 6368 6348
f 6348 6368 6369
f 6348 6369 6349
f 6349 6369 6370
f 6372 6371 6370
f 6371 6349 6370
f 6371 6350 6349
f 6350 6373 6351
f 6350 6371 6373
f 6351 6374 6352
f 6351 6373 6374
f 6376 6353 6375
f 6353 6374 6375
f 6353 6352 6374
f 6353 6376 6354
f 6354 6376 6377
f 6354 6377 6355
f 6355 6377 6378
f 6355 6378 6356
f 6356 6378 6379
f 6356 6379 6357
f 6357 6379 6380
f 6357 6380 6358
f 6358 6380 6381
f 6358 6381 6359
f 6359 6381 6382
f 6359 6382 6360
f 6360 6382 6383
f 6360 6383 6361
f 6386 6385 6384
f 6388 6387 6384
f 6384 6387 6386
f 6388 6389 6387
f 6392 6391 6390
f 6390 6393 6392
f 6396 6395 6394
f 6398 6397 6394
f 6394 6397 6396
f 6400 6399 6398
f 6398 6399 6397
f 6400 6401 6399
f 6404 6403 6402
f 6406 6405 6402
f 6402 6405 6404
f 6408 6407 6406
f 6406 6407 6405
f 6407 6408 6372
f 6408 6371 6372
f 6408 6409 6371
f 6371 6410 6373
f 6371 6409 6410
f 6373 6411 6374
f 6373 6410 6411
f 6375 6374 6412
f 6374 6413 6412
f 6374 6411 6413
f 6415 6414 6413
f 6413 6414 6412
f 6417 6416 6415
f 6415 6416 6414
f 6419 6418 6417
f 6417 6418 6416
f 6419 6420 6418
f 6423 6422 6421
f 6425 6424 6421
f 6421 6424 6423
f 6427 6426 6425
f 6425 6426 6424
f 6427 6428 6426
f 6431 6430 6429
f 6433 6432 6429
f 6429 6432 6431
f 6435 6434 6433
f 6433 6434 6432
f 6437 6436 6435
f 6435 6436 6434
f 6439 6438 6437
f 6437 6438 6436
f 6441 6440 6439
f 6439 6440 6438
f 6443 6442 6441
f 6441 6442 6440
f 6445 6444 6443
f 6443 6444 6442
f 6447 6446 6445
f 6445 6446 6444
f 6449 6448 6447
f 6447 6448 6446
f 6451 6450 6449
f 6449 6450 6448
f 6453 6452 6451
f 6451 6452 6450
f 6455 6454 6453
f 6453 6454 6452
f 6454 6455 6385
f 6385 6455 6384
f 6455 1984 6384
f 1984 1985 6384
f 6384 1985 1986
f 6384 1986 6388
f 6456 6389 6388
f 1986 6456 6388
f 1988 6456 1986
f 6458 6457 1990
f 6457 1988 1990
f 6457 6456 1988
f 6457 6458 6391
f 6458 6390 6391
f 6458 6459 6390
f 6393 6390 6460
f 6390 6461 6460
f 6390 6459 6461
f 6463 6462 6461
f 6461 6462 6460
f 6462 6463 6395
f 6395 6463 6394
f 6463 1992 6394
f 1992 1993 6394
f 6394 1993 1994
f 6394 1994 6398
f 6398 1994 1996
f 6398 1996 6400
f 6465 6464 1998
f 1998 6464 1996
f 6464 6401 1996
f 6401 6400 1996
f 6464 6465 6403
f 6465 6402 6403
f 6465 6466 6402
f 6466 2000 2001
f 6406 6466 2001
f 6402 6466 6406
f 6406 2001 2002
f 6406 2002 6408
f 6408 2002 2004
f 6408 2004 6409
f 6409 2004 2006
f 6409 2006 6410
f 6410 2006 2008
f 6410 2008 6411
f 6411 2008 2010
f 6411 2010 6413
f 6413 2010 2012
f 6467 6413 2012
f 6415 6413 6467
f 6467 2014 2015
f 6417 6467 2015
f 6415 6467 6417
f 6417 2015 2016
f 6468 6417 2016
f 6419 6417 6468
f 6420 6419 6469
f 6419 6470 6469
f 6419 6468 6470
f 6469 6470 6422
f 6422 6470 6421
f 6470 2018 6421
f 2018 2019 6421
f 6421 2019 2020
f 6421 2020 6425
f 6425 2020 2022
f 6425 2022 6427
f 6472 6471 2024
f 2024 6471 2022
f 6471 6428 2022
f 6428 6427 2022
f 6474 6473 6472
f 6472 6473 6471
f 6476 6475 6474
f 6474 6475 6473
f 6478 6477 6476
f 6476 6477 6475
f 6480 6479 6478
f 6478 6479 6477
f 6482 6481 6480
f 6480 6481 6479
f 6484 6483 6482
f 6482 6483 6481
f 6486 6485 6484
f 6484 6485 6483
f 6488 6487 6486
f 6486 6487 6485
f 6490 6489 6488
f 6488 6489 6487
f 6492 6491 6490
f 6490 6491 6489
f 6494 6493 6492
f 6492 6493 6491
f 6496 6495 6494
f 6494 6495 6493
f 6498 6497 6496
f 6496 6497 6495
f 6498 6499 6497
f 6502 6501 6500
f 6504 6503 6500
f 6500 6503 6502
f 6504 6505 6503
f 6508 6507 6506
f 6510 6509 6506
f 6506 6509 6508
f 6512 6511 6510
f 6510 6511 6509
f 6514 6513 6512
f 6512 6513 6511
f 6516 6515 6514
f 6514 6515 6513
f 6518 6517 6516
f 6516 6517 6515
f 6520 6519 6518
f 6518 6519 6517
f 6522 6521 6520
f 6520 6521 6519
f 6524 6523 6522
f 6522 6523 6521
f 6523 6524 6430
f 6524 6429 6430
f 6524 6525 6429
f 6429 6526 6433
f 6429 6525 6526
f 6433 6527 6435
f 6433 6526 6527
f 6435 6528 6437
f 6435 6527 6528
f 6437 6529 6439
f 6437 6528 6529
f 6439 6530 6441
f 6439 6529 6530
f 6441 6531 6443
f 6441 6530 6531
f 6443 6532 6445
f 6443 6531 6532
f 6445 6533 6447
f 6445 6532 6533
f 6447 6534 6449
f 6447 6533 6534
f 6534 2026 2027
f 6451 6534 2027
f 6449 6534 6451
f 6451 2027 2028
f 6451 2028 6453
f 6453 2028 2030
f 6453 2030 6455
f 6455 2030 1984
f 2035 6458 1990
f 6458 2035 2037
f 6458 2037 6459
f 6459 2037 2039
f 6459 2039 6461
f 6461 2039 2041
f 6461 2041 6463
f 6463 2041 1992
f 2046 6465 1998
f 6465 2046 2048
f 6465 2048 6466
f 6466 2048 2000
f 2056 6467 2012
f 6467 2056 2014
f 2059 6468 2016
f 6468 2059 2061
f 6468 2061 6470
f 6470 2061 2018
f 2066 6472 2024
f 6472 2066 2068
f 6472 2068 6474
f 6474 2068 2070
f 6474 2070 6476
f 6476 2070 2072
f 6476 2072 6478
f 6478 2072 2074
f 6535 6478 2074
f 6480 6478 6535
f 6535 2076 2077
f 6482 6535 2077
f 6480 6535 6482
f 6482 2077 2078
f 6482 2078 6484
f 6484 2078 2080
f 6484 2080 6486
f 6486 2080 2082
f 6536 6486 2082
f 6488 6486 6536
f 6488 6537 6490
f 6488 6536 6537
f 6490 6538 6492
f 6490 6537 6538
f 6492 6539 6494
f 6492 6538 6539
f 6494 6540 6496
f 6494 6539 6540
f 6496 6541 6498
f 6496 6540 6541
f 6499 6498 6542
f 6498 6543 6542
f 6498 6541 6543
f 6545 6544 6543
f 6543 6544 6542
f 6547 6546 6545
f 6545 6546 6544
f 6549 6548 6547
f 6547 6548 6546
f 6551 6550 6549
f 6549 6550 6548
f 6550 6551 6501
f 6551 6500 6501
f 6551 6552 6500
f 6500 6553 6504
f 6500 6552 6553
f 6505 6504 6554
f 6504 6555 6554
f 6504 6553 6555
f 6557 6556 6555
f 6555 6556 6554
f 6557 6558 6556
f 6561 6560 6559
f 6559 6562 6561
f 6507 6563 6506
f 6565 6564 6563
f 6564 6506 6563
f 6564 6510 6506
f 6567 6512 6566
f 6512 6564 6566
f 6512 6510 6564
f 6512 6567 6514
f 6514 6567 6568
f 6570 6569 6568
f 6569 6514 6568
f 6569 6516 6514
f 6516 6571 6518
f 6516 6569 6571
f 6573 6520 6572
f 6520 6571 6572
f 6520 6518 6571
f 6520 6573 6522
f 6522 6573 6574
f 6576 6575 6574
f 6575 6522 6574
f 6575 6524 6522
f 6524 6577 6525
f 6524 6575 6577
f 6525 6578 6526
f 6525 6577 6578
f 6526 6579 6527
f 6526 6578 6579
f 6527 6580 6528
f 6527 6579 6580
f 6528 6581 6529
f 6528 6580 6581
f 6529 6582 6530
f 6529 6581 6582
f 6530 6583 6531
f 6530 6582 6583
f 6531 6584 6532
f 6531 6583 6584
f 6532 6585 6533
f 6532 6584 6585
f 6533 6586 6534
f 6533 6585 6586
f 6587 2083 2026
f 6534 6587 2026
f 6586 6587 6534
f 6588 2084 2083
f 6588 2083 6587
f 6589 2085 2084
f 6589 2084 6588
f 6590 2086 2085
f 6590 2085 6589
f 6591 2087 2086
f 6591 2086 6590
f 6592 2088 2087
f 6592 2087 6591
f 6593 2089 2088
f 6593 2088 6592
f 6594 2090 2089
f 6594 2089 6593
f 6595 2091 2090
f 6595 2090 6594
f 6596 2092 2091
f 6596 2091 6595
f 6597 2093 2092
f 6597 2092 6596
f 6598 2094 2093
f 6598 2093 6597
f 6599 2095 2094
f 6599 2094 6598
f 6600 2096 2095
f 6600 2095 6599
f 6601 2097 2096
f 6601 2096 6600
f 6602 2098 2097
f 6602 2097 6601
f 6603 2099 2098
f 6603 2098 6602
f 6604 2100 2099
f 6604 2099 6603
f 6604 2102 2100
f 2104 6605 2105
f 6606 2106 2105
f 6606 2105 6605
f 6607 2107 2106
f 6607 2106 6606
f 6608 2108 2107
f 6608 2107 6607
f 6609 2109 2108
f 6609 2108 6608
f 6610 2110 2109
f 6610 2109 6609
f 6610 2112 2110
f 2113 6611 2114
f 6612 2115 2114
f 6612 2114 6611
f 6613 2116 2115
f 6613 2115 6612
f 6614 2117 2116
f 6614 2116 6613
f 6615 2118 2117
f 6615 2117 6614
f 6535 2074 2118
f 6615 6535 2118
f 6616 6535 6615
f 6617 2119 2076
f 6535 6617 2076
f 6616 6617 6535
f 6618 2120 2119
f 6618 2119 6617
f 6619 2121 2120
f 6619 2120 6618
f 6536 2082 2121
f 6619 6536 2121
f 6620 6536 6619
f 6536 6621 6537
f 6536 6620 6621
f 6537 6622 6538
f 6537 6621 6622
f 6538 6623 6539
f 6538 6622 6623
f 6539 6624 6540
f 6539 6623 6624
f 6540 6625 6541
f 6540 6624 6625
f 6541 6626 6543
f 6541 6625 6626
f 6543 6627 6545
f 6543 6626 6627
f 6545 6628 6547
f 6545 6627 6628
f 6547 6629 6549
f 6547 6628 6629
f 6549 6630 6551
f 6549 6629 6630
f 6551 6631 6552
f 6551 6630 6631
f 6552 6632 6553
f 6552 6631 6632
f 6553 6633 6555
f 6553 6632 6633
f 6635 6557 6634
f 6557 6633 6634
f 6557 6555 6633
f 6557 6635 6558
f 6638 6637 6636
f 6638 6636 6560
f 6636 6559 6560
f 6636 6639 6559
f 6562 6559 6640
f 6640 6559 6639
f 6643 6642 6641
f 6645 6644 6641
f 6641 6644 6643
f 6645 6646 6644
f 6565 6647 6564
f 6564 6647 6566
f 6570 6648 6569
f 6569 6648 6571
f 6571 6648 6649
f 6571 6649 6572
f 6576 6650 6575
f 6652 6651 6650
f 6651 6575 6650
f 6651 6577 6575
f 6577 6653 6578
f 6577 6651 6653
f 6578 6654 6579
f 6578 6653 6654
f 6656 6580 6655
f 6580 6654 6655
f 6580 6579 6654
f 6658 6657 6656
f 6657 6580 6656
f 6657 6581 6580
f 6581 6659 6582
f 6581 6657 6659
f 6582 6660 6583
f 6582 6659 6660
f 6583 6661 6584
f 6583 6660 6661
f 6584 6662 6585
f 6584 6661 6662
f 6585 6663 6586
f 6585 6662 6663
f 6586 6664 6587
f 6586 6663 6664
f 6587 6665 6588
f 6587 6664 6665
f 6588 6666 6589
f 6588 6665 6666
f 6589 6667 6590
f 6589 6666 6667
f 6590 6668 6591
f 6590 6667 6668
f 6591 6669 6592
f 6591 6668 6669
f 6592 6670 6593
f 6592 6669 6670
f 6593 6671 6594
f 6593 6670 6671
f 6594 6672 6595
f 6594 6671 6672
f 6595 6673 6596
f 6595 6672 6673
f 6596 6674 6597
f 6596 6673 6674
f 6597 6675 6598
f 6597 6674 6675
f 6598 6676 6599
f 6598 6675 6676
f 6599 6677 6600
f 6599 6676 6677
f 6600 6678 6601
f 6600 6677 6678
f 6601 6679 6602
f 6601 6678 6679
f 6602 6680 6603
f 6602 6679 6680
f 6603 6681 6604
f 6603 6680 6681
f 6682 2122 2102
f 6604 6682 2102
f 6681 6682 6604
f 6683 2123 2122
f 6683 2122 6682
f 6605 2104 2123
f 6683 6605 2123
f 6684 6605 6683
f 6605 6685 6606
f 6605 6684 6685
f 6606 6686 6607
f 6606 6685 6686
f 6607 6687 6608
f 6607 6686 6687
f 6608 6688 6609
f 6608 6687 6688
f 6609 6689 6610
f 6609 6688 6689
f 6690 2124 2112
f 6610 6690 2112
f 6689 6690 6610
f 6611 2113 2124
f 6690 6611 2124
f 6691 6611 6690
f 6611 6692 6612
f 6611 6691 6692
f 6612 6693 6613
f 6612 6692 6693
f 6613 6694 6614
f 6613 6693 6694
f 6614 6695 6615
f 6614 6694 6695
f 6615 6696 6616
f 6615 6695 6696
f 6616 6697 6617
f 6616 6696 6697
f 6617 6698 6618
f 6617 6697 6698
f 6618 6699 6619
f 6618 6698 6699
f 6701 6620 6700
f 6620 6699 6700
f 6620 6619 6699
f 6620 6701 6621
f 6621 6701 6702
f 6704 6703 6702
f 6703 6621 6702
f 6703 6622 6621
f 6622 6705 6623
f 6622 6703 6705
f 6623 6706 6624
f 6623 6705 6706
f 6624 6707 6625
f 6624 6706 6707
f 6625 6708 6626
f 6625 6707 6708
f 6626 6709 6627
f 6626 6708 6709
f 6627 6710 6628
f 6627 6709 6710
f 6628 6711 6629
f 6628 6710 6711
f 6629 6712 6630
f 6629 6711 6712
f 6630 6713 6631
f 6630 6712 6713
f 6631 6714 6632
f 6631 6713 6714
f 6632 6715 6633
f 6632 6714 6715
f 6634 6633 6716
f 6716 6633 6715
f 6636 6637 6717
f 6717 6637 6718
f 6636 6719 6639
f 6636 6717 6719
f 6640 6639 6720
f 6639 6721 6720
f 6639 6719 6721
f 6721 6722 6720
f 6642 6723 6641
f 6725 6724 6723
f 6724 6641 6723
f 6724 6645 6641
f 6646 6645 6726
f 6726 6645 6724
f 6729 6728 6727
f 6731 6730 6727
f 6727 6730 6729
f 6731 6732 6730
f 6735 6734 6733
f 6737 6736 6733
f 6733 6736 6735
f 6739 6738 6737
f 6737 6738 6736
f 6741 6740 6739
f 6739 6740 6738
f 6743 6742 6741
f 6741 6742 6740
f 6745 6744 6743
f 6743 6744 6742
f 6747 6746 6745
f 6745 6746 6744
f 6749 6748 6747
f 6747 6748 6746
f 6751 6750 6749
f 6749 6750 6748
f 6753 6752 6751
f 6751 6752 6750
f 6752 6753 6652
f 6753 6651 6652
f 6753 6754 6651
f 6651 6755 6653
f 6651 6754 6755
f 6653 6756 6654
f 6653 6755 6756
f 6655 6654 6757
f 6654 6758 6757
f 6654 6756 6758
f 6757 6758 6658
f 6758 6657 6658
f 6758 6759 6657
f 6657 6760 6659
f 6657 6759 6760
f 6659 6761 6660
f 6659 6760 6761
f 6660 6762 6661
f 6660 6761 6762
f 6661 6763 6662
f 6661 6762 6763
f 6662 6764 6663
f 6662 6763 6764
f 6663 6765 6664
f 6663 6764 6765
f 6664 6766 6665
f 6664 6765 6766
f 6665 6767 6666
f 6665 6766 6767
f 6666 6768 6667
f 6666 6767 6768
f 6667 6769 6668
f 6667 6768 6769
f 6668 6770 6669
f 6668 6769 6770
f 6669 6771 6670
f 6669 6770 6771
f 6670 6772 6671
f 6670 6771 6772
f 6671 6773 6672
f 6671 6772 6773
f 6672 6774 6673
f 6672 6773 6774
f 6673 6775 6674
f 6673 6774 6775
f 6674 6776 6675
f 6674 6775 6776
f 6675 6777 6676
f 6675 6776 6777
f 6676 6778 6677
f 6676 6777 6778
f 6677 6779 6678
f 6677 6778 6779
f 6678 6780 6679
f 6678 6779 6780
f 6679 6781 6680
f 6679 6780 6781
f 6680 6782 6681
f 6680 6781 6782
f 6681 6783 6682
f 6681 6782 6783
f 6682 6784 6683
f 6682 6783 6784
f 6683 6785 6684
f 6683 6784 6785
f 6684 6786 6685
f 6684 6785 6786
f 6685 6787 6686
f 6685 6786 6787
f 6686 6788 6687
f 6686 6787 6788
f 6687 6789 6688
f 6687 6788 6789
f 6688 6790 6689
f 6688 6789 6790
f 6689 6791 6690
f 6689 6790 6791
f 6690 6792 6691
f 6690 6791 6792
f 6691 6793 6692
f 6691 6792 6793
f 6692 6794 6693
f 6692 6793 6794
f 6693 6795 6694
f 6693 6794 6795
f 6694 6796 6695
f 6694 6795 6796
f 6695 6797 6696
f 6695 6796 6797
f 6696 6798 6697
f 6696 6797 6798
f 6697 6799 6698
f 6697 6798 6799
f 6698 6800 6699
f 6698 6799 6800
f 6700 6699 6801
f 6699 6802 6801
f 6699 6800 6802
f 6804 6803 6802
f 6802 6803 6801
f 6803 6804 6704
f 6804 6703 6704
f 6804 6805 6703
f 6703 6806 6705
f 6703 6805 6806
f 6705 6807 6706
f 6705 6806 6807
f 6706 6808 6707
f 6706 6807 6808
f 6707 6809 6708
f 6707 6808 6809
f 6708 6810 6709
f 6708 6809 6810
f 6709 6811 6710
f 6709 6810 6811
f 6710 6812 6711
f 6710 6811 6812
f 6711 6813 6712
f 6711 6812 6813
f 6712 6814 6713
f 6712 6813 6814
f 6713 6815 6714
f 6713 6814 6815
f 6714 6816 6715
f 6714 6815 6816
f 6716 6715 6817
f 6715 6818 6817
f 6715 6816 6818
f 6820 6819 6818
f 6818 6819 6817
f 6820 6821 6819
f 6824 6823 6822
f 6824 6822 6718
f 6822 6717 6718
f 6822 6825 6717
f 6717 6826 6719
f 6717 6825 6826
f 6719 6827 6721
f 6719 6826 6827
f 6722 6721 6828
f 6721 6829 6828
f 6721 6827 6829
f 6831 6830 6829
f 6829 6830 6828
f 6833 6832 6831
f 6831 6832 6830
f 6835 6834 6833
f 6833 6834 6832
f 6837 6836 6835
f 6835 6836 6834
f 6836 6837 6725
f 6837 6724 6725
f 6837 6838 6724
f 6726 6724 6839
f 6724 6840 6839
f 6724 6838 6840
f 6840 6841 6839
f 6844 6843 6842
f 6846 6845 6842
f 6842 6845 6844
f 6848 6847 6846
f 6846 6847 6845
f 6848 6849 6847
f 6852 6851 6850
f 6854 6853 6850
f 6850 6853 6852
f 6854 6855 6853
f 6858 6857 6856
f 6860 6859 6856
f 6856 6859 6858
f 6860 6861 6859
f 6864 6863 6862
f 6866 6865 6862
f 6862 6865 6864
f 6866 6867 6865
f 6870 6869 6868
f 6872 6871 6868
f 6868 6871 6870
f 6872 6873 6871
f 6876 6875 6874
f 6874 6875 6877
f 6879 6878 6876
f 6876 6878 6875
f 6878 6879 6728
f 6728 6879 6727
f 6879 2126 6727
f 2126 2127 6727
f 6727 2127 2128
f 6880 6727 2128
f 6731 6727 6880
f 6732 6731 6881
f 6731 6882 6881
f 6731 6880 6882
f 6884 6883 6882
f 6882 6883 6881
f 6886 6885 6884
f 6884 6885 6883
f 6888 6887 6886
f 6886 6887 6885
f 6890 6889 6888
f 6888 6889 6887
f 6889 6890 6734
f 6890 6733 6734
f 6890 6891 6733
f 6733 6892 6737
f 6733 6891 6892
f 6737 6893 6739
f 6737 6892 6893
f 6739 6894 6741
f 6739 6893 6894
f 6741 6895 6743
f 6741 6894 6895
f 6743 6896 6745
f 6743 6895 6896
f 6745 6897 6747
f 6745 6896 6897
f 6747 6898 6749
f 6747 6897 6898
f 6749 6899 6751
f 6749 6898 6899
f 6751 6900 6753
f 6751 6899 6900
f 6753 6901 6754
f 6753 6900 6901
f 6754 6902 6755
f 6754 6901 6902
f 6755 6903 6756
f 6755 6902 6903
f 6756 6904 6758
f 6756 6903 6904
f 6758 6905 6759
f 6758 6904 6905
f 6759 6906 6760
f 6759 6905 6906
f 6760 6907 6761
f 6760 6906 6907
f 6761 6908 6762
f 6761 6907 6908
f 6762 6909 6763
f 6762 6908 6909
f 6763 6910 6764
f 6763 6909 6910
f 6764 6911 6765
f 6764 6910 6911
f 6911 2130 2131
f 6766 6911 2131
f 6765 6911 6766
f 6766 2131 2132
f 6766 2132 6767
f 6767 2132 2134
f 6767 2134 6768
f 6768 2134 2136
f 6768 2136 6769
f 6769 2136 2138
f 6912 6769 2138
f 6770 6769 6912
f 6770 6913 6771
f 6770 6912 6913
f 6771 6914 6772
f 6771 6913 6914
f 6772 6915 6773
f 6772 6914 6915
f 6773 6916 6774
f 6773 6915 6916
f 6774 6917 6775
f 6774 6916 6917
f 6917 2140 2141
f 6776 6917 2141
f 6775 6917 6776
f 6776 2141 2142
f 6776 2142 6777
f 6777 2142 2144
f 6918 6777 2144
f 6778 6777 6918
f 6778 6919 6779
f 6778 6918 6919
f 6779 6920 6780
f 6779 6919 6920
f 6780 6921 6781
f 6780 6920 6921
f 6921 2146 2147
f 6782 6921 2147
f 6781 6921 6782
f 6782 2147 2148
f 6782 2148 6783
f 6783 2148 2150
f 6783 2150 6784
f 6784 2150 2152
f 6922 6784 2152
f 6785 6784 6922
f 6785 6923 6786
f 6785 6922 6923
f 6786 6924 6787
f 6786 6923 6924
f 6787 6925 6788
f 6787 6924 6925
f 6788 6926 6789
f 6788 6925 6926
f 6789 6927 6790
f 6789 6926 6927
f 6927 2154 2155
f 6791 6927 2155
f 6790 6927 6791
f 6791 2155 2156
f 6928 6791 2156
f 6792 6791 6928
f 6792 6929 6793
f 6792 6928 6929
f 6793 6930 6794
f 6793 6929 6930
f 6794 6931 6795
f 6794 6930 6931
f 6795 6932 6796
f 6795 6931 6932
f 6796 6933 6797
f 6796 6932 6933
f 6797 6934 6798
f 6797 6933 6934
f 6934 2158 2159
f 6799 6934 2159
f 6798 6934 6799
f 6799 2159 2160
f 6935 6799 2160
f 6800 6799 6935
f 6800 6936 6802
f 6800 6935 6936
f 6802 6937 6804
f 6802 6936 6937
f 6804 6938 6805
f 6804 6937 6938
f 6805 6939 6806
f 6805 6938 6939
f 6806 6940 6807
f 6806 6939 6940
f 6940 2162 2163
f 6808 6940 2163
f 6807 6940 6808
f 6808 2163 2164
f 6941 6808 2164
f 6809 6808 6941
f 6809 6942 6810
f 6809 6941 6942
f 6810 6943 6811
f 6810 6942 6943
f 6811 6944 6812
f 6811 6943 6944
f 6812 6945 6813
f 6812 6944 6945
f 6813 6946 6814
f 6813 6945 6946
f 6946 2166 2167
f 6815 6946 2167
f 6814 6946 6815
f 6815 2167 2168
f 6815 2168 6816
f 6816 2168 2170
f 6947 6816 2170
f 6818 6816 6947
f 6818 6948 6820
f 6818 6947 6948
f 6821 6820 6949
f 6820 6950 6949
f 6820 6948 6950
f 6952 6951 6950
f 6950 6951 6949
f 6954 6953 6952
f 6952 6953 6951
f 6953 6954 6823
f 6954 6822 6823
f 6954 6955 6822
f 6955 2172 2173
f 6825 6955 2173
f 6822 6955 6825
f 6825 2173 2174
f 6825 2174 6826
f 6826 2174 2176
f 6956 6826 2176
f 6827 6826 6956
f 6827 6957 6829
f 6827 6956 6957
f 6829 6958 6831
f 6829 6957 6958
f 6831 6959 6833
f 6831 6958 6959
f 6833 6960 6835
f 6833 6959 6960
f 6960 2178 2179
f 6837 6960 2179
f 6835 6960 6837
f 6837 2179 2180
f 6837 2180 6838
f 6838 2180 2182
f 6961 6838 2182
f 6840 6838 6961
f 6841 6840 6962
f 6840 6963 6962
f 6840 6961 6963
f 6965 6964 6963
f 6963 6964 6962
f 6967 6966 6965
f 6965 6966 6964
f 6969 6968 6967
f 6967 6968 6966
f 6968 6969 6843
f 6969 6842 6843
f 6969 6970 6842
f 6842 6971 6846
f 6842 6970 6971
f 6846 6972 6848
f 6846 6971 6972
f 6849 6848 6973
f 6848 6974 6973
f 6848 6972 6974
f 6976 6975 6974
f 6974 6975 6973
f 6978 6977 6976
f 6976 6977 6975
f 6980 6979 6978
f 6978 6979 6977
f 6980 6981 6979
f 6984 6983 6982
f 6986 6985 6982
f 6982 6985 6984
f 6986 6987 6985
f 6990 6989 6988
f 6992 6991 6988
f 6988 6991 6990
f 6994 6993 6992
f 6992 6993 6991
f 6996 6995 6994
f 6994 6995 6993
f 6998 6997 6996
f 6996 6997 6995
f 7000 6999 6998
f 6998 6999 6997
f 7002 7001 7000
f 7000 7001 6999
f 7004 7003 7002
f 7002 7003 7001
f 7003 7004 6851
f 7004 6850 6851
f 7004 7005 6850
f 6850 7006 6854
f 6850 7005 7006
f 6855 6854 7007
f 6854 7008 7007
f 6854 7006 7008
f 7010 7009 7008
f 7008 7009 7007
f 7012 7011 7010
f 7010 7011 7009
f 7014 7013 7012
f 7012 7013 7011
f 7016 7015 7014
f 7014 7015 7013
f 7018 7017 7016
f 7016 7017 7015
f 7017 7018 6857
f 6857 7018 6856
f 7018 2184 6856
f 2184 2185 6856
f 6856 2185 2186
f 6856 2186 6860
f 7020 7019 2188
f 2188 7019 2186
f 7019 6861 2186
f 6861 6860 2186
f 7022 7021 7020
f 7020 7021 7019
f 7024 7023 7022
f 7022 7023 7021
f 7026 7025 7024
f 7024 7025 7023
f 7028 7027 7026
f 7026 7027 7025
f 7027 7028 6863
f 7028 6862 6863
f 7028 7029 6862
f 7029 2190 2191
f 6866 7029 2191
f 6862 7029 6866
f 7031 7030 2192
f 2192 7030 2191
f 7030 6867 2191
f 6867 6866 2191
f 7033 7032 7031
f 7031 7032 7030
f 7035 7034 7033
f 7033 7034 7032
f 7037 7036 7035
f 7035 7036 7034
f 7039 7038 7037
f 7037 7038 7036
f 7041 7040 7039
f 7039 7040 7038
f 7043 7042 7041
f 7041 7042 7040
f 7045 7044 7043
f 7043 7044 7042
f 7047 7046 7045
f 7045 7046 7044
f 7049 7048 7047
f 7047 7048 7046
f 7051 7050 7049
f 7049 7050 7048
f 7053 7052 7051
f 7051 7052 7050
f 7053 7054 7052
f 7057 7056 7055
f 7059 7058 7055
f 7055 7058 7057
f 7059 7060 7058
f 7063 7062 7061
f 7065 7064 7061
f 7061 7064 7063
f 7065 7066 7064
f 7069 7068 7067
f 7071 7070 7067
f 7067 7070 7069
f 7073 7072 7071
f 7071 7072 7070
f 7075 7074 7073
f 7073 7074 7072
f 7077 7076 7075
f 7075 7076 7074
f 7079 7078 7077
f 7077 7078 7076
f 7081 7080 7079
f 7079 7080 7078
f 7081 7082 7080
f 7085 7084 7083
f 7085 7083 6869
f 6869 7083 6868
f 7083 2194 6868
f 2194 2195 6868
f 6868 2195 2196
f 7086 6868 2196
f 6872 6868 7086
f 6873 6872 7087
f 6872 7088 7087
f 6872 7086 7088
f 7090 7089 7088
f 7088 7089 7087
f 7092 7091 7090
f 7090 7091 7089
f 6874 7093 6876
f 6874 7094 7093
f 6876 7095 6879
f 6876 7093 7095
f 7095 2198 2126
f 7095 2126 6879
f 2199 6880 2128
f 6880 2199 2201
f 7096 6880 2201
f 6882 6880 7096
f 6882 7097 6884
f 6882 7096 7097
f 6884 7098 6886
f 6884 7097 7098
f 6886 7099 6888
f 6886 7098 7099
f 6888 7100 6890
f 6888 7099 7100
f 6890 7101 6891
f 6890 7100 7101
f 6891 7102 6892
f 6891 7101 7102
f 6892 7103 6893
f 6892 7102 7103
f 6893 7104 6894
f 6893 7103 7104
f 6894 7105 6895
f 6894 7104 7105
f 6895 7106 6896
f 6895 7105 7106
f 6896 7107 6897
f 6896 7106 7107
f 6897 7108 6898
f 6897 7107 7108
f 6898 7109 6899
f 6898 7108 7109
f 6899 7110 6900
f 6899 7109 7110
f 6900 7111 6901
f 6900 7110 7111
f 6901 7112 6902
f 6901 7111 7112
f 6902 7113 6903
f 6902 7112 7113
f 6903 7114 6904
f 6903 7113 7114
f 6904 7115 6905
f 6904 7114 7115
f 6905 7116 6906
f 6905 7115 7116
f 6906 7117 6907
f 6906 7116 7117
f 6907 7118 6908
f 6907 7117 7118
f 6908 7119 6909
f 6908 7118 7119
f 6909 7120 6910
f 6909 7119 7120
f 6910 7121 6911
f 6910 7120 7121
f 7122 2202 2130
f 6911 7122 2130
f 7121 7122 6911
f 7122 2204 2202
f 2207 7123 6912
f 2207 6912 2138
f 6912 7124 6913
f 6912 7123 7124
f 6913 7125 6914
f 6913 7124 7125
f 6914 7126 6915
f 6914 7125 7126
f 6915 7127 6916
f 6915 7126 7127
f 6916 7128 6917
f 6916 7127 7128
f 7128 2209 2140
f 7128 2140 6917
f 2211 7129 6918
f 2211 6918 2144
f 6918 7130 6919
f 6918 7129 7130
f 6919 7131 6920
f 6919 7130 7131
f 6920 7132 6921
f 6920 7131 7132
f 7132 2213 2146
f 7132 2146 6921
f 2216 7133 6922
f 2216 6922 2152
f 6922 7134 6923
f 6922 7133 7134
f 6923 7135 6924
f 6923 7134 7135
f 6924 7136 6925
f 6924 7135 7136
f 6925 7137 6926
f 6925 7136 7137
f 6926 7138 6927
f 6926 7137 7138
f 7139 2217 2154
f 6927 7139 2154
f 7138 7139 6927
f 6928 2156 2217
f 7139 6928 2217
f 7140 6928 7139
f 6928 7141 6929
f 6928 7140 7141
f 6929 7142 6930
f 6929 7141 7142
f 6930 7143 6931
f 6930 7142 7143
f 6931 7144 6932
f 6931 7143 7144
f 6932 7145 6933
f 6932 7144 7145
f 6933 7146 6934
f 6933 7145 7146
f 7147 2218 2158
f 6934 7147 2158
f 7146 7147 6934
f 6935 2160 2218
f 7147 6935 2218
f 7148 6935 7147
f 6935 7149 6936
f 6935 7148 7149
f 6936 7150 6937
f 6936 7149 7150
f 6937 7151 6938
f 6937 7150 7151
f 6938 7152 6939
f 6938 7151 7152
f 6939 7153 6940
f 6939 7152 7153
f 7153 2220 2162
f 7153 2162 6940
f 2221 7154 6941
f 2221 6941 2164
f 6941 7155 6942
f 6941 7154 7155
f 6942 7156 6943
f 6942 7155 7156
f 6943 7157 6944
f 6943 7156 7157
f 6944 7158 6945
f 6944 7157 7158
f 6945 7159 6946
f 6945 7158 7159
f 7159 2223 2166
f 7159 2166 6946
f 2225 7160 6947
f 2225 6947 2170
f 6947 7161 6948
f 6947 7160 7161
f 6948 7162 6950
f 6948 7161 7162
f 6950 7163 6952
f 6950 7162 7163
f 6952 7164 6954
f 6952 7163 7164
f 6954 7165 6955
f 6954 7164 7165
f 7165 2227 2172
f 7165 2172 6955
f 2229 7166 6956
f 2229 6956 2176
f 6956 7167 6957
f 6956 7166 7167
f 6957 7168 6958
f 6957 7167 7168
f 6958 7169 6959
f 6958 7168 7169
f 6959 7170 6960
f 6959 7169 7170
f 7170 2231 2178
f 7170 2178 6960
f 2233 7171 6961
f 2233 6961 2182
f 6961 7172 6963
f 6961 7171 7172
f 6963 7173 6965
f 6963 7172 7173
f 6965 7174 6967
f 6965 7173 7174
f 6967 7175 6969
f 6967 7174 7175
f 6969 7176 6970
f 6969 7175 7176
f 6970 7177 6971
f 6970 7176 7177
f 6971 7178 6972
f 6971 7177 7178
f 6972 7179 6974
f 6972 7178 7179
f 6974 7180 6976
f 6974 7179 7180
f 6976 7181 6978
f 6976 7180 7181
f 6978 7182 6980
f 6978 7181 7182
f 6981 6980 7183
f 6980 7184 7183
f 6980 7182 7184
f 7186 7185 7184
f 7184 7185 7183
f 7185 7186 6983
f 7186 6982 6983
f 7186 7187 6982
f 6982 7188 6986
f 6982 7187 7188
f 6987 6986 7189
f 6986 7190 7189
f 6986 7188 7190
f 7190 7191 7189
f 7194 7193 7192
f 7194 7192 6989
f 7192 6988 6989
f 7192 7195 6988
f 6988 7196 6992
f 6988 7195 7196
f 6992 7197 6994
f 6992 7196 7197
f 6994 7198 6996
f 6994 7197 7198
f 6996 7199 6998
f 6996 7198 7199
f 6998 7200 7000
f 6998 7199 7200
f 7000 7201 7002
f 7000 7200 7201
f 7002 7202 7004
f 7002 7201 7202
f 7004 7203 7005
f 7004 7202 7203
f 7005 7204 7006
f 7005 7203 7204
f 7006 7205 7008
f 7006 7204 7205
f 7008 7206 7010
f 7008 7205 7206
f 7010 7207 7012
f 7010 7206 7207
f 7012 7208 7014
f 7012 7207 7208
f 7014 7209 7016
f 7014 7208 7209
f 7016 7210 7018
f 7016 7209 7210
f 7210 2235 2184
f 7210 2184 7018
f 2237 7211 7020
f 2237 7020 2188
f 7020 7212 7022
f 7020 7211 7212
f 7022 7213 7024
f 7022 7212 7213
f 7024 7214 7026
f 7024 7213 7214
f 7026 7215 7028
f 7026 7214 7215
f 7215 2239 2240
f 7029 7215 2240
f 7028 7215 7029
f 7029 2240 2190
f 2242 7216 7031
f 2242 7031 2192
f 7031 7217 7033
f 7031 7216 7217
f 7033 7218 7035
f 7033 7217 7218
f 7035 7219 7037
f 7035 7218 7219
f 7037 7220 7039
f 7037 7219 7220
f 7039 7221 7041
f 7039 7220 7221
f 7221 2244 2245
f 7043 7221 2245
f 7041 7221 7043
f 7043 2245 2246
f 7043 2246 7045
f 7045 2246 2248
f 7222 7045 2248
f 7047 7045 7222
f 7047 7223 7049
f 7047 7222 7223
f 7049 7224 7051
f 7049 7223 7224
f 7051 7225 7053
f 7051 7224 7225
f 7054 7053 7226
f 7053 7227 7226
f 7053 7225 7227
f 7229 7228 7227
f 7227 7228 7226
f 7228 7229 7056
f 7229 7055 7056
f 7229 7230 7055
f 7055 7231 7059
f 7055 7230 7231
f 7060 7059 7232
f 7059 7233 7232
f 7059 7231 7233
f 7233 7234 7232
f 7237 7236 7235
f 7237 7235 7062
f 7235 7061 7062
f 7235 7238 7061
f 7061 7239 7065
f 7061 7238 7239
f 7066 7065 7240
f 7065 7241 7240
f 7065 7239 7241
f 7243 7242 7241
f 7241 7242 7240
f 7242 7243 7068
f 7243 7067 7068
f 7243 7244 7067
f 7067 7245 7071
f 7067 7244 7245
f 7071 7246 7073
f 7071 7245 7246
f 7073 7247 7075
f 7073 7246 7247
f 7075 7248 7077
f 7075 7247 7248
f 7077 7249 7079
f 7077 7248 7249
f 7079 7250 7081
f 7079 7249 7250
f 7082 7081 7251
f 7081 7252 7251
f 7081 7250 7252
f 7254 7253 7252
f 7252 7253 7251
f 7256 7255 7254
f 7254 7255 7253
f 7258 7257 7256
f 7256 7257 7255
f 7257 7258 7084
f 7258 7083 7084
f 7258 7259 7083
f 7259 2250 2194
f 7259 2194 7083
f 2251 7086 2196
f 7086 2251 2253
f 7260 7086 2253
f 7088 7086 7260
f 7088 7261 7090
f 7088 7260 7261
f 7090 7262 7092
f 7090 7261 7262
f 7094 7263 7093
f 7094 7264 7263
f 7093 7265 7095
f 7093 7263 7265
f 7266 2254 2198
f 7095 7266 2198
f 7265 7266 7095
f 7266 2256 2254
f 2257 7267 7096
f 2257 7096 2201
f 7096 7268 7097
f 7096 7267 7268
f 7097 7269 7098
f 7097 7268 7269
f 7098 7270 7099
f 7098 7269 7270
f 7099 7271 7100
f 7099 7270 7271
f 7100 7272 7101
f 7100 7271 7272
f 7101 7273 7102
f 7101 7272 7273
f 7102 7274 7103
f 7102 7273 7274
f 7103 7275 7104
f 7103 7274 7275
f 7104 7276 7105
f 7104 7275 7276
f 7105 7277 7106
f 7105 7276 7277
f 7106 7278 7107
f 7106 7277 7278
f 7107 7279 7108
f 7107 7278 7279
f 7108 7280 7109
f 7108 7279 7280
f 7109 7281 7110
f 7109 7280 7281
f 7110 7282 7111
f 7110 7281 7282
f 7111 7283 7112
f 7111 7282 7283
f 7112 7284 7113
f 7112 7283 7284
f 7113 7285 7114
f 7113 7284 7285
f 7114 7286 7115
f 7114 7285 7286
f 7115 7287 7116
f 7115 7286 7287
f 7116 7288 7117
f 7116 7287 7288
f 7117 7289 7118
f 7117 7288 7289
f 7118 7290 7119
f 7118 7289 7290
f 7119 7291 7120
f 7119 7290 7291
f 7120 7292 7121
f 7120 7291 7292
f 7121 7293 7122
f 7121 7292 7293
f 7294 2258 2204
f 7122 7294 2204
f 7293 7294 7122
f 7295 2259 2258
f 7295 2258 7294
f 7296 2260 2259
f 7296 2259 7295
f 7123 2207 2260
f 7296 7123 2260
f 7297 7123 7296
f 7123 7298 7124
f 7123 7297 7298
f 7124 7299 7125
f 7124 7298 7299
f 7125 7300 7126
f 7125 7299 7300
f 7126 7301 7127
f 7126 7300 7301
f 7127 7302 7128
f 7127 7301 7302
f 7302 2262 2209
f 7302 2209 7128
f 2264 7303 7129
f 2264 7129 2211
f 7129 7304 7130
f 7129 7303 7304
f 7130 7305 7131
f 7130 7304 7305
f 7131 7306 7132
f 7131 7305 7306
f 7307 2265 2213
f 7132 7307 2213
f 7306 7307 7132
f 7307 2267 2265
f 2269 7308 7133
f 2269 7133 2216
f 7133 7309 7134
f 7133 7308 7309
f 7134 7310 7135
f 7134 7309 7310
f 7135 7311 7136
f 7135 7310 7311
f 7136 7312 7137
f 7136 7311 7312
f 7137 7313 7138
f 7137 7312 7313
f 7138 7314 7139
f 7138 7313 7314
f 7139 7315 7140
f 7139 7314 7315
f 7140 7316 7141
f 7140 7315 7316
f 7141 7317 7142
f 7141 7316 7317
f 7142 7318 7143
f 7142 7317 7318
f 7143 7319 7144
f 7143 7318 7319
f 7144 7320 7145
f 7144 7319 7320
f 7145 7321 7146
f 7145 7320 7321
f 7146 7322 7147
f 7146 7321 7322
f 7147 7323 7148
f 7147 7322 7323
f 7148 7324 7149
f 7148 7323 7324
f 7149 7325 7150
f 7149 7324 7325
f 7150 7326 7151
f 7150 7325 7326
f 7151 7327 7152
f 7151 7326 7327
f 7152 7328 7153
f 7152 7327 7328
f 7329 2270 2220
f 7153 7329 2220
f 7328 7329 7153
f 7154 2221 2270
f 7329 7154 2270
f 7330 7154 7329
f 7154 7331 7155
f 7154 7330 7331
f 7155 7332 7156
f 7155 7331 7332
f 7156 7333 7157
f 7156 7332 7333
f 7157 7334 7158
f 7157 7333 7334
f 7158 7335 7159
f 7158 7334 7335
f 7335 2272 2223
f 7335 2223 7159
f 2274 7336 7160
f 2274 7160 2225
f 7160 7337 7161
f 7160 7336 7337
f 7161 7338 7162
f 7161 7337 7338
f 7162 7339 7163
f 7162 7338 7339
f 7163 7340 7164
f 7163 7339 7340
f 7164 7341 7165
f 7164 7340 7341
f 7341 2276 2227
f 7341 2227 7165
f 2278 7342 7166
f 2278 7166 2229
f 7166 7343 7167
f 7166 7342 7343
f 7167 7344 7168
f 7167 7343 7344
f 7168 7345 7169
f 7168 7344 7345
f 7169 7346 7170
f 7169 7345 7346
f 7346 2280 2231
f 7346 2231 7170
f 2282 7347 7171
f 2282 7171 2233
f 7171 7348 7172
f 7171 7347 7348
f 7172 7349 7173
f 7172 7348 7349
f 7173 7350 7174
f 7173 7349 7350
f 7174 7351 7175
f 7174 7350 7351
f 7175 7352 7176
f 7175 7351 7352
f 7176 7353 7177
f 7176 7352 7353
f 7177 7354 7178
f 7177 7353 7354
f 7178 7355 7179
f 7178 7354 7355
f 7179 7356 7180
f 7179 7355 7356
f 7180 7357 7181
f 7180 7356 7357
f 7181 7358 7182
f 7181 7357 7358
f 7182 7359 7184
f 7182 7358 7359
f 7184 7360 7186
f 7184 7359 7360
f 7186 7361 7187
f 7186 7360 7361
f 7187 7362 7188
f 7187 7361 7362
f 7188 7363 7190
f 7188 7362 7363
f 7191 7190 7364
f 7364 7190 7363
f 7192 7193 7365
f 7365 7193 7366
f 7192 7367 7195
f 7192 7365 7367
f 7195 7368 7196
f 7195 7367 7368
f 7196 7369 7197
f 7196 7368 7369
f 7197 7370 7198
f 7197 7369 7370
f 7198 7371 7199
f 7198 7370 7371
f 7199 7372 7200
f 7199 7371 7372
f 7200 7373 7201
f 7200 7372 7373
f 7201 7374 7202
f 7201 7373 7374
f 7202 7375 7203
f 7202 7374 7375
f 7203 7376 7204
f 7203 7375 7376
f 7204 7377 7205
f 7204 7376 7377
f 7205 7378 7206
f 7205 7377 7378
f 7206 7379 7207
f 7206 7378 7379
f 7207 7380 7208
f 7207 7379 7380
f 7208 7381 7209
f 7208 7380 7381
f 7209 7382 7210
f 7209 7381 7382
f 7382 2284 2235
f 7382 2235 7210
f 2286 7383 7211
f 2286 7211 2237
f 7211 7384 7212
f 7211 7383 7384
f 7212 7385 7213
f 7212 7384 7385
f 7213 7386 7214
f 7213 7385 7386
f 7214 7387 7215
f 7214 7386 7387
f 7387 2288 2239
f 7387 2239 7215
f 2290 7388 7216
f 2290 7216 2242
f 7216 7389 7217
f 7216 7388 7389
f 7217 7390 7218
f 7217 7389 7390
f 7218 7391 7219
f 7218 7390 7391
f 7219 7392 7220
f 7219 7391 7392
f 7220 7393 7221
f 7220 7392 7393
f 7393 2292 2244
f 7393 2244 7221
f 2294 7394 7222
f 2294 7222 2248
f 7222 7395 7223
f 7222 7394 7395
f 7223 7396 7224
f 7223 7395 7396
f 7224 7397 7225
f 7224 7396 7397
f 7225 7398 7227
f 7225 7397 7398
f 7227 7399 7229
f 7227 7398 7399
f 7229 7400 7230
f 7229 7399 7400
f 7230 7401 7231
f 7230 7400 7401
f 7231 7402 7233
f 7231 7401 7402
f 7234 7233 7403
f 7403 7233 7402
f 7235 7236 7404
f 7404 7236 7405
f 7235 7406 7238
f 7235 7404 7406
f 7238 7407 7239
f 7238 7406 7407
f 7239 7408 7241
f 7239 7407 7408
f 7241 7409 7243
f 7241 7408 7409
f 7243 7410 7244
f 7243 7409 7410
f 7244 7411 7245
f 7244 7410 7411
f 7245 7412 7246
f 7245 7411 7412
f 7246 7413 7247
f 7246 7412 7413
f 7247 7414 7248
f 7247 7413 7414
f 7248 7415 7249
f 7248 7414 7415
f 7249 7416 7250
f 7249 7415 7416
f 7250 7417 7252
f 7250 7416 7417
f 7252 7418 7254
f 7252 7417 7418
f 7254 7419 7256
f 7254 7418 7419
f 7256 7420 7258
f 7256 7419 7420
f 7258 7421 7259
f 7258 7420 7421
f 7421 2296 2250
f 7421 2250 7259
f 2297 7422 2298
f 7260 2253 2298
f 7422 7260 2298
f 7423 7260 7422
f 7260 7424 7261
f 7260 7423 7424
f 7261 7425 7262
f 7261 7424 7425
f 7264 7426 7263
f 7264 7427 7426
f 7263 7428 7265
f 7263 7426 7428
f 7428 2300 2301
f 7266 7428 2301
f 7265 7428 7266
f 7266 2301 2256
f 2303 7429 7267
f 2303 7267 2257
f 7267 7430 7268
f 7267 7429 7430
f 7268 7431 7269
f 7268 7430 7431
f 7269 7432 7270
f 7269 7431 7432
f 7270 7433 7271
f 7270 7432 7433
f 7271 7434 7272
f 7271 7433 7434
f 7272 7435 7273
f 7272 7434 7435
f 7273 7436 7274
f 7273 7435 7436
f 7274 7437 7275
f 7274 7436 7437
f 7275 7438 7276
f 7275 7437 7438
f 7276 7439 7277
f 7276 7438 7439
f 7277 7440 7278
f 7277 7439 7440
f 7278 7441 7279
f 7278 7440 7441
f 7279 7442 7280
f 7279 7441 7442
f 7280 7443 7281
f 7280 7442 7443
f 7281 7444 7282
f 7281 7443 7444
f 7282 7445 7283
f 7282 7444 7445
f 7283 7446 7284
f 7283 7445 7446
f 7284 7447 7285
f 7284 7446 7447
f 7285 7448 7286
f 7285 7447 7448
f 7286 7449 7287
f 7286 7448 7449
f 7287 7450 7288
f 7287 7449 7450
f 7288 7451 7289
f 7288 7450 7451
f 7289 7452 7290
f 7289 7451 7452
f 7290 7453 7291
f 7290 7452 7453
f 7291 7454 7292
f 7291 7453 7454
f 7292 7455 7293
f 7292 7454 7455
f 7293 7456 7294
f 7293 7455 7456
f 7456 2305 2306
f 7295 7456 2306
f 7294 7456 7295
f 7295 2306 2307
f 7295 2307 7296
f 7296 2307 2309
f 7457 7296 2309
f 7297 7296 7457
f 7297 7458 7298
f 7297 7457 7458
f 7298 7459 7299
f 7298 7458 7459
f 7299 7460 7300
f 7299 7459 7460
f 7300 7461 7301
f 7300 7460 7461
f 7301 7462 7302
f 7301 7461 7462
f 7462 2311 2262
f 7462 2262 7302
f 2313 7303 2264
f 7303 2313 2315
f 7463 7303 2315
f 7304 7303 7463
f 7304 7464 7305
f 7304 7463 7464
f 7305 7465 7306
f 7305 7464 7465
f 7306 7466 7307
f 7306 7465 7466
f 7466 2317 2267
f 7466 2267 7307
f 2319 7467 7308
f 2319 7308 2269
f 7308 7468 7309
f 7308 7467 7468
f 7309 7469 7310
f 7309 7468 7469
f 7310 7470 7311
f 7310 7469 7470
f 7311 7471 7312
f 7311 7470 7471
f 7312 7472 7313
f 7312 7471 7472
f 7472 2321 2322
f 7314 7472 2322
f 7313 7472 7314
f 7314 2322 2323
f 7314 2323 7315
f 7315 2323 2325
f 7473 7315 2325
f 7316 7315 7473
f 7316 7474 7317
f 7316 7473 7474
f 7317 7475 7318
f 7317 7474 7475
f 7318 7476 7319
f 7318 7475 7476
f 7319 7477 7320
f 7319 7476 7477
f 7320 7478 7321
f 7320 7477 7478
f 7321 7479 7322
f 7321 7478 7479
f 7322 7480 7323
f 7322 7479 7480
f 7323 7481 7324
f 7323 7480 7481
f 7324 7482 7325
f 7324 7481 7482
f 7325 7483 7326
f 7325 7482 7483
f 7326 7484 7327
f 7326 7483 7484
f 7327 7485 7328
f 7327 7484 7485
f 7485 2327 2328
f 7329 7485 2328
f 7328 7485 7329
f 7329 2328 2329
f 7486 7329 2329
f 7330 7329 7486
f 7330 7487 7331
f 7330 7486 7487
f 7331 7488 7332
f 7331 7487 7488
f 7332 7489 7333
f 7332 7488 7489
f 7489 2331 2332
f 7334 7489 2332
f 7333 7489 7334
f 7334 2332 2333
f 7334 2333 7335
f 7335 2333 2272
f 2337 7490 7336
f 2337 7336 2274
f 7336 7491 7337
f 7336 7490 7491
f 7337 7492 7338
f 7337 7491 7492
f 7338 7493 7339
f 7338 7492 7493
f 7339 7494 7340
f 7339 7493 7494
f 7340 7495 7341
f 7340 7494 7495
f 7495 2339 2276
f 7495 2276 7341
f 2341 7496 7342
f 2341 7342 2278
f 7342 7497 7343
f 7342 7496 7497
f 7343 7498 7344
f 7343 7497 7498
f 7344 7499 7345
f 7344 7498 7499
f 7345 7500 7346
f 7345 7499 7500
f 7500 2343 2280
f 7500 2280 7346
f 2345 7501 7347
f 2345 7347 2282
f 7347 7502 7348
f 7347 7501 7502
f 7348 7503 7349
f 7348 7502 7503
f 7349 7504 7350
f 7349 7503 7504
f 7350 7505 7351
f 7350 7504 7505
f 7351 7506 7352
f 7351 7505 7506
f 7506 2347 2348
f 7353 7506 2348
f 7352 7506 7353
f 7353 2348 2349
f 7353 2349 7354
f 7354 2349 2351
f 7507 7354 2351
f 7355 7354 7507
f 7355 7508 7356
f 7355 7507 7508
f 7356 7509 7357
f 7356 7508 7509
f 7357 7510 7358
f 7357 7509 7510
f 7358 7511 7359
f 7358 7510 7511
f 7359 7512 7360
f 7359 7511 7512
f 7360 7513 7361
f 7360 7512 7513
f 7513 2353 2354
f 7362 7513 2354
f 7361 7513 7362
f 7362 2354 2355
f 7514 7362 2355
f 7363 7362 7514
f 7364 7363 7515
f 7363 7516 7515
f 7363 7514 7516
f 7518 7517 7516
f 7516 7517 7515
f 7517 7518 7366
f 7518 7365 7366
f 7518 7519 7365
f 7365 7520 7367
f 7365 7519 7520
f 7520 2357 2358
f 7368 7520 2358
f 7367 7520 7368
f 7368 2358 2359
f 7521 7368 2359
f 7369 7368 7521
f 7369 7522 7370
f 7369 7521 7522
f 7370 7523 7371
f 7370 7522 7523
f 7523 2361 2362
f 7372 7523 2362
f 7371 7523 7372
f 7372 2362 2363
f 7372 2363 7373
f 7373 2363 2365
f 7524 7373 2365
f 7374 7373 7524
f 7524 2367 2368
f 7375 7524 2368
f 7374 7524 7375
f 7375 2368 2369
f 7375 2369 7376
f 7376 2369 2371
f 7525 7376 2371
f 7377 7376 7525
f 7377 7526 7378
f 7377 7525 7526
f 7378 7527 7379
f 7378 7526 7527
f 7379 7528 7380
f 7379 7527 7528
f 7380 7529 7381
f 7380 7528 7529
f 7381 7530 7382
f 7381 7529 7530
f 7530 2373 2284
f 7530 2284 7382
f 2375 7383 2286
f 7383 2375 2377
f 7531 7383 2377
f 7384 7383 7531
f 7384 7532 7385
f 7384 7531 7532
f 7385 7533 7386
f 7385 7532 7533
f 7386 7534 7387
f 7386 7533 7534
f 7534 2379 2288
f 7534 2288 7387
f 2381 7535 7388
f 2381 7388 2290
f 7388 7536 7389
f 7388 7535 7536
f 7389 7537 7390
f 7389 7536 7537
f 7390 7538 7391
f 7390 7537 7538
f 7391 7539 7392
f 7391 7538 7539
f 7392 7540 7393
f 7392 7539 7540
f 7540 2383 2292
f 7540 2292 7393
f 2385 7541 7394
f 2385 7394 2294
f 7394 7542 7395
f 7394 7541 7542
f 7395 7543 7396
f 7395 7542 7543
f 7396 7544 7397
f 7396 7543 7544
f 7397 7545 7398
f 7397 7544 7545
f 7398 7546 7399
f 7398 7545 7546
f 7399 7547 7400
f 7399 7546 7547
f 7400 7548 7401
f 7400 7547 7548
f 7401 7549 7402
f 7401 7548 7549
f 7403 7402 7550
f 7550 7402 7549
f 7404 7405 7551
f 7551 7405 7552
f 7404 7553 7406
f 7404 7551 7553
f 7406 7554 7407
f 7406 7553 7554
f 7407 7555 7408
f 7407 7554 7555
f 7408 7556 7409
f 7408 7555 7556
f 7409 7557 7410
f 7409 7556 7557
f 7410 7558 7411
f 7410 7557 7558
f 7411 7559 7412
f 7411 7558 7559
f 7412 7560 7413
f 7412 7559 7560
f 7413 7561 7414
f 7413 7560 7561
f 7414 7562 7415
f 7414 7561 7562
f 7415 7563 7416
f 7415 7562 7563
f 7416 7564 7417
f 7416 7563 7564
f 7417 7565 7418
f 7417 7564 7565
f 7418 7566 7419
f 7418 7565 7566
f 7419 7567 7420
f 7419 7566 7567
f 7420 7568 7421
f 7420 7567 7568
f 7568 2387 2296
f 7568 2296 7421
f 2388 7422 2297
f 7422 2388 2390
f 7569 7422 2390
f 7423 7422 7569
f 7423 7570 7424
f 7423 7569 7570
f 7424 7571 7425
f 7424 7570 7571
f 7427 7572 7426
f 7427 7573 7572
f 7572 2392 2393
f 7428 7572 2393
f 7426 7572 7428
f 7428 2393 2300
f 2396 7429 2303
f 7429 2396 2398
f 7574 7429 2398
f 7430 7429 7574
f 7430 7575 7431
f 7430 7574 7575
f 7431 7576 7432
f 7431 7575 7576
f 7432 7577 7433
f 7432 7576 7577
f 7433 7578 7434
f 7433 7577 7578
f 7578 2400 2401
f 7435 7578 2401
f 7434 7578 7435
f 7435 2401 2402
f 7579 7435 2402
f 7436 7435 7579
f 7436 7580 7437
f 7436 7579 7580
f 7437 7581 7438
f 7437 7580 7581
f 7438 7582 7439
f 7438 7581 7582
f 7439 7583 7440
f 7439 7582 7583
f 7440 7584 7441
f 7440 7583 7584
f 7441 7585 7442
f 7441 7584 7585
f 7442 7586 7443
f 7442 7585 7586
f 7443 7587 7444
f 7443 7586 7587
f 7444 7588 7445
f 7444 7587 7588
f 7445 7589 7446
f 7445 7588 7589
f 7446 7590 7447
f 7446 7589 7590
f 7447 7591 7448
f 7447 7590 7591
f 7448 7592 7449
f 7448 7591 7592
f 7449 7593 7450
f 7449 7592 7593
f 7450 7594 7451
f 7450 7593 7594
f 7451 7595 7452
f 7451 7594 7595
f 7452 7596 7453
f 7452 7595 7596
f 7453 7597 7454
f 7453 7596 7597
f 7597 2404 2405
f 7455 7597 2405
f 7454 7597 7455
f 7455 2405 2406
f 7598 7455 2406
f 7456 7455 7598
f 7598 2408 2305
f 7598 2305 7456
f 2410 7599 7457
f 2410 7457 2309
f 7457 7600 7458
f 7457 7599 7600
f 7458 7601 7459
f 7458 7600 7601
f 7459 7602 7460
f 7459 7601 7602
f 7460 7603 7461
f 7460 7602 7603
f 7461 7604 7462
f 7461 7603 7604
f 7604 2412 2311
f 7604 2311 7462
f 2414 7605 2415
f 7463 2315 2415
f 7605 7463 2415
f 7606 7463 7605
f 7463 7607 7464
f 7463 7606 7607
f 7464 7608 7465
f 7464 7607 7608
f 7465 7609 7466
f 7465 7608 7609
f 7609 2417 2317
f 7609 2317 7466
f 2419 7610 7467
f 2419 7467 2319
f 7467 7611 7468
f 7467 7610 7611
f 7468 7612 7469
f 7468 7611 7612
f 7469 7613 7470
f 7469 7612 7613
f 7470 7614 7471
f 7470 7613 7614
f 7471 7615 7472
f 7471 7614 7615
f 7615 2421 2321
f 7615 2321 7472
f 2423 7616 7473
f 2423 7473 2325
f 7473 7617 7474
f 7473 7616 7617
f 7474 7618 7475
f 7474 7617 7618
f 7475 7619 7476
f 7475 7618 7619
f 7476 7620 7477
f 7476 7619 7620
f 7477 7621 7478
f 7477 7620 7621
f 7478 7622 7479
f 7478 7621 7622
f 7479 7623 7480
f 7479 7622 7623
f 7480 7624 7481
f 7480 7623 7624
f 7481 7625 7482
f 7481 7624 7625
f 7482 7626 7483
f 7482 7625 7626
f 7483 7627 7484
f 7483 7626 7627
f 7484 7628 7485
f 7484 7627 7628
f 7629 2424 2327
f 7485 7629 2327
f 7628 7629 7485
f 7486 2329 2424
f 7629 7486 2424
f 7630 7486 7629
f 7486 7631 7487
f 7486 7630 7631
f 7487 7632 7488
f 7487 7631 7632
f 7488 7633 7489
f 7488 7632 7633
f 7634 2425 2331
f 7489 7634 2331
f 7633 7634 7489
f 7635 2426 2425
f 7635 2425 7634
f 7635 2428 2426
f 2430 7636 7490
f 2430 7490 2337
f 7490 7637 7491
f 7490 7636 7637
f 7491 7638 7492
f 7491 7637 7638
f 7492 7639 7493
f 7492 7638 7639
f 7493 7640 7494
f 7493 7639 7640
f 7494 7641 7495
f 7494 7640 7641
f 7641 2432 2339
f 7641 2339 7495
f 2434 7496 2341
f 7496 2434 2436
f 7642 7496 2436
f 7497 7496 7642
f 7497 7643 7498
f 7497 7642 7643
f 7498 7644 7499
f 7498 7643 7644
f 7499 7645 7500
f 7499 7644 7645
f 7645 2438 2343
f 7645 2343 7500
f 2440 7646 7501
f 2440 7501 2345
f 7501 7647 7502
f 7501 7646 7647
f 7502 7648 7503
f 7502 7647 7648
f 7503 7649 7504
f 7503 7648 7649
f 7504 7650 7505
f 7504 7649 7650
f 7505 7651 7506
f 7505 7650 7651
f 7651 2442 2347
f 7651 2347 7506
f 2444 7507 2351
f 7507 2444 2446
f 7652 7507 2446
f 7508 7507 7652
f 7652 2448 2449
f 7509 7652 2449
f 7508 7652 7509
f 7509 2449 2450
f 7653 7509 2450
f 7510 7509 7653
f 7510 7654 7511
f 7510 7653 7654
f 7511 7655 7512
f 7511 7654 7655
f 7512 7656 7513
f 7512 7655 7656
f 7657 2451 2353
f 7513 7657 2353
f 7656 7657 7513
f 7514 2355 2451
f 7657 7514 2451
f 7658 7514 7657
f 7514 7659 7516
f 7514 7658 7659
f 7661 7518 7660
f 7518 7659 7660
f 7518 7516 7659
f 7663 7662 7661
f 7662 7518 7661
f 7662 7519 7518
f 7519 7664 7520
f 7519 7662 7664
f 7664 2453 2357
f 7664 2357 7520
f 2454 7665 7521
f 2454 7521 2359
f 7521 7666 7522
f 7521 7665 7666
f 7522 7667 7523
f 7522 7666 7667
f 7668 2455 2361
f 7523 7668 2361
f 7667 7668 7523
f 7669 2456 2455
f 7669 2455 7668
f 7524 2365 2456
f 7669 7524 2456
f 7670 7524 7669
f 7670 2458 2367
f 7670 2367 7524
f 2460 7671 7525
f 2460 7525 2371
f 7525 7672 7526
f 7525 7671 7672
f 7526 7673 7527
f 7526 7672 7673
f 7527 7674 7528
f 7527 7673 7674
f 7528 7675 7529
f 7528 7674 7675
f 7529 7676 7530
f 7529 7675 7676
f 7676 2462 2373
f 7676 2373 7530
f 2465 7677 7531
f 2465 7531 2377
f 7531 7678 7532
f 7531 7677 7678
f 7532 7679 7533
f 7532 7678 7679
f 7533 7680 7534
f 7533 7679 7680
f 7680 2467 2379
f 7680 2379 7534
f 2469 7681 7535
f 2469 7535 2381
f 7535 7682 7536
f 7535 7681 7682
f 7536 7683 7537
f 7536 7682 7683
f 7537 7684 7538
f 7537 7683 7684
f 7538 7685 7539
f 7538 7684 7685
f 7539 7686 7540
f 7539 7685 7686
f 7686 2471 2383
f 7686 2383 7540
f 2473 7687 7541
f 2473 7541 2385
f 7541 7688 7542
f 7541 7687 7688
f 7542 7689 7543
f 7542 7688 7689
f 7543 7690 7544
f 7543 7689 7690
f 7544 7691 7545
f 7544 7690 7691
f 7545 7692 7546
f 7545 7691 7692
f 7546 7693 7547
f 7546 7692 7693
f 7547 7694 7548
f 7547 7693 7694
f 7548 7695 7549
f 7548 7694 7695
f 7550 7549 7696
f 7549 7697 7696
f 7549 7695 7697
f 7697 7698 7696
f 7551 7552 7699
f 7699 7552 7700
f 7551 7701 7553
f 7551 7699 7701
f 7553 7702 7554
f 7553 7701 7702
f 7554 7703 7555
f 7554 7702 7703
f 7555 7704 7556
f 7555 7703 7704
f 7556 7705 7557
f 7556 7704 7705
f 7557 7706 7558
f 7557 7705 7706
f 7558 7707 7559
f 7558 7706 7707
f 7559 7708 7560
f 7559 7707 7708
f 7708 2475 2476
f 7561 7708 2476
f 7560 7708 7561
f 7561 2476 2477
f 7561 2477 7562
f 7562 2477 2479
f 7709 7562 2479
f 7563 7562 7709
f 7563 7710 7564
f 7563 7709 7710
f 7564 7711 7565
f 7564 7710 7711
f 7565 7712 7566
f 7565 7711 7712
f 7566 7713 7567
f 7566 7712 7713
f 7567 7714 7568
f 7567 7713 7714
f 7714 2481 2387
f 7714 2387 7568
f 2483 7715 7569
f 2483 7569 2390
f 7569 7716 7570
f 7569 7715 7716
f 7570 7717 7571
f 7570 7716 7717
f 7573 7718 7572
f 7573 7719 7718
f 7720 2484 2392
f 7572 7720 2392
f 7718 7720 7572
f 7721 2485 2484
f 7721 2484 7720
f 7722 2486 2485
f 7722 2485 7721
f 7723 2487 2486
f 7723 2486 7722
f 7574 2398 2487
f 7723 7574 2487
f 7724 7574 7723
f 7574 7725 7575
f 7574 7724 7725
f 7575 7726 7576
f 7575 7725 7726
f 7576 7727 7577
f 7576 7726 7727
f 7577 7728 7578
f 7577 7727 7728
f 7729 2488 2400
f 7578 7729 2400
f 7728 7729 7578
f 7579 2402 2488
f 7729 7579 2488
f 7730 7579 7729
f 7579 7731 7580
f 7579 7730 7731
f 7580 7732 7581
f 7580 7731 7732
f 7581 7733 7582
f 7581 7732 7733
f 7582 7734 7583
f 7582 7733 7734
f 7583 7735 7584
f 7583 7734 7735
f 7584 7736 7585
f 7584 7735 7736
f 7585 7737 7586
f 7585 7736 7737
f 7586 7738 7587
f 7586 7737 7738
f 7587 7739 7588
f 7587 7738 7739
f 7588 7740 7589
f 7588 7739 7740
f 7589 7741 7590
f 7589 7740 7741
f 7590 7742 7591
f 7590 7741 7742
f 7591 7743 7592
f 7591 7742 7743
f 7592 7744 7593
f 7592 7743 7744
f 7593 7745 7594
f 7593 7744 7745
f 7747 7595 7746
f 7595 7745 7746
f 7595 7594 7745
f 7749 7748 7747
f 7748 7595 7747
f 7748 7596 7595
f 7596 7750 7597
f 7596 7748 7750
f 7751 2489 2404
f 7597 7751 2404
f 7750 7751 7597
f 7598 2406 2489
f 7751 7598 2489
f 7752 7598 7751
f 7753 2490 2408
f 7598 7753 2408
f 7752 7753 7598
f 7754 2491 2490
f 7754 2490 7753
f 7599 2410 2491
f 7754 7599 2491
f 7755 7599 7754
f 7599 7756 7600
f 7599 7755 7756
f 7600 7757 7601
f 7600 7756 7757
f 7601 7758 7602
f 7601 7757 7758
f 7602 7759 7603
f 7602 7758 7759
f 7603 7760 7604
f 7603 7759 7760
f 7761 2492 2412
f 7604 7761 2412
f 7760 7761 7604
f 7762 2493 2492
f 7762 2492 7761
f 7605 2414 2493
f 7762 7605 2493
f 7763 7605 7762
f 7605 7764 7606
f 7605 7763 7764
f 7606 7765 7607
f 7606 7764 7765
f 7607 7766 7608
f 7607 7765 7766
f 7608 7767 7609
f 7608 7766 7767
f 7768 2494 2417
f 7609 7768 2417
f 7767 7768 7609
f 7769 2495 2494
f 7769 2494 7768
f 7610 2419 2495
f 7769 7610 2495
f 7770 7610 7769
f 7610 7771 7611
f 7610 7770 7771
f 7611 7772 7612
f 7611 7771 7772
f 7612 7773 7613
f 7612 7772 7773
f 7613 7774 7614
f 7613 7773 7774
f 7614 7775 7615
f 7614 7774 7775
f 7776 2496 2421
f 7615 7776 2421
f 7775 7776 7615
f 7777 2497 2496
f 7777 2496 7776
f 7616 2423 2497
f 7777 7616 2497
f 7778 7616 7777
f 7616 7779 7617
f 7616 7778 7779
f 7617 7780 7618
f 7617 7779 7780
f 7618 7781 7619
f 7618 7780 7781
f 7619 7782 7620
f 7619 7781 7782
f 7620 7783 7621
f 7620 7782 7783
f 7621 7784 7622
f 7621 7783 7784
f 7622 7785 7623
f 7622 7784 7785
f 7623 7786 7624
f 7623 7785 7786
f 7624 7787 7625
f 7624 7786 7787
f 7625 7788 7626
f 7625 7787 7788
f 7626 7789 7627
f 7626 7788 7789
f 7627 7790 7628
f 7627 7789 7790
f 7628 7791 7629
f 7628 7790 7791
f 7629 7792 7630
f 7629 7791 7792
f 7630 7793 7631
f 7630 7792 7793
f 7631 7794 7632
f 7631 7793 7794
f 7632 7795 7633
f 7632 7794 7795
f 7633 7796 7634
f 7633 7795 7796
f 7634 7797 7635
f 7634 7796 7797
f 7798 2498 2428
f 7635 7798 2428
f 7797 7798 7635
f 7799 2499 2498
f 7799 2498 7798
f 7636 2430 2499
f 7799 7636 2499
f 7800 7636 7799
f 7636 7801 7637
f 7636 7800 7801
f 7637 7802 7638
f 7637 7801 7802
f 7638 7803 7639
f 7638 7802 7803
f 7639 7804 7640
f 7639 7803 7804
f 7640 7805 7641
f 7640 7804 7805
f 7805 2501 2432
f 7805 2432 7641
f 2503 7806 2504
f 7642 2436 2504
f 7806 7642 2504
f 7807 7642 7806
f 7642 7808 7643
f 7642 7807 7808
f 7643 7809 7644
f 7643 7808 7809
f 7644 7810 7645
f 7644 7809 7810
f 7811 2505 2438
f 7645 7811 2438
f 7810 7811 7645
f 7811 2507 2505
f 2508 7812 7646
f 2508 7646 2440
f 7646 7813 7647
f 7646 7812 7813
f 7647 7814 7648
f 7647 7813 7814
f 7816 7649 7815
f 7649 7814 7815
f 7649 7648 7814
f 7818 7817 7816
f 7817 7649 7816
f 7817 7650 7649
f 7650 7819 7651
f 7650 7817 7819
f 7820 2509 2442
f 7651 7820 2442
f 7819 7820 7651
f 7821 2510 2509
f 7821 2509 7820
f 7822 2511 2510
f 7822 2510 7821
f 7652 2446 2511
f 7822 7652 2511
f 7823 7652 7822
f 7824 2512 2448
f 7652 7824 2448
f 7823 7824 7652
f 7653 2450 2512
f 7824 7653 2512
f 7825 7653 7824
f 7827 7654 7826
f 7654 7825 7826
f 7654 7653 7825
f 7654 7827 7655
f 7655 7827 7828
f 7830 7829 7828
f 7829 7655 7828
f 7829 7656 7655
f 7656 7831 7657
f 7656 7829 7831
f 7657 7832 7658
f 7657 7831 7832
f 7834 7659 7833
f 7659 7832 7833
f 7659 7658 7832
f 7659 7834 7660
f 7663 7835 7662
f 7837 7836 7835
f 7836 7662 7835
f 7836 7664 7662
f 7838 2513 2453
f 7664 7838 2453
f 7836 7838 7664
f 7665 2454 2513
f 7838 7665 2513
f 7839 7665 7838
f 7841 7666 7840
f 7666 7839 7840
f 7666 7665 7839
f 7843 7842 7841
f 7842 7666 7841
f 7842 7667 7666
f 7667 7844 7668
f 7667 7842 7844
f 7668 7845 7669
f 7668 7844 7845
f 7669 7846 7670
f 7669 7845 7846
f 7847 2514 2458
f 7670 7847 2458
f 7846 7847 7670
f 7848 2515 2514
f 7848 2514 7847
f 7671 2460 2515
f 7848 7671 2515
f 7849 7671 7848
f 7671 7850 7672
f 7671 7849 7850
f 7672 7851 7673
f 7672 7850 7851
f 7673 7852 7674
f 7673 7851 7852
f 7674 7853 7675
f 7674 7852 7853
f 7675 7854 7676
f 7675 7853 7854
f 7854 2517 2462
f 7854 2462 7676
f 2519 7855 2520
f 7677 2465 2520
f 7855 7677 2520
f 7856 7677 7855
f 7677 7857 7678
f 7677 7856 7857
f 7678 7858 7679
f 7678 7857 7858
f 7679 7859 7680
f 7679 7858 7859
f 7860 2521 2467
f 7680 7860 2467
f 7859 7860 7680
f 7860 2523 2521
f 2524 7861 7681
f 2524 7681 2469
f 7681 7862 7682
f 7681 7861 7862
f 7682 7863 7683
f 7682 7862 7863
f 7683 7864 7684
f 7683 7863 7864
f 7684 7865 7685
f 7684 7864 7865
f 7685 7866 7686
f 7685 7865 7866
f 7866 2526 2471
f 7866 2471 7686
f 2528 7867 7687
f 2528 7687 2473
f 7687 7868 7688
f 7687 7867 7868
f 7688 7869 7689
f 7688 7868 7869
f 7689 7870 7690
f 7689 7869 7870
f 7872 7691 7871
f 7691 7870 7871
f 7691 7690 7870
f 7874 7873 7872
f 7873 7691 7872
f 7873 7692 7691
f 7692 7875 7693
f 7692 7873 7875
f 7693 7876 7694
f 7693 7875 7876
f 7694 7877 7695
f 7694 7876 7877
f 7879 7697 7878
f 7697 7877 7878
f 7697 7695 7877
f 7697 7879 7698
f 7699 7700 7880
f 7880 7700 7881
f 7699 7882 7701
f 7699 7880 7882
f 7701 7883 7702
f 7701 7882 7883
f 7702 7884 7703
f 7702 7883 7884
f 7703 7885 7704
f 7703 7884 7885
f 7704 7886 7705
f 7704 7885 7886
f 7705 7887 7706
f 7705 7886 7887
f 7706 7888 7707
f 7706 7887 7888
f 7707 7889 7708
f 7707 7888 7889
f 7890 2529 2475
f 7708 7890 2475
f 7889 7890 7708
f 7891 2530 2529
f 7891 2529 7890
f 7709 2479 2530
f 7891 7709 2530
f 7892 7709 7891
f 7709 7893 7710
f 7709 7892 7893
f 7710 7894 7711
f 7710 7893 7894
f 7711 7895 7712
f 7711 7894 7895
f 7897 7713 7896
f 7713 7895 7896
f 7713 7712 7895
f 7899 7898 7897
f 7898 7713 7897
f 7898 7714 7713
f 7900 2531 2481
f 7714 7900 2481
f 7898 7900 7714
f 7901 2532 2531
f 7901 2531 7900
f 7715 2483 2532
f 7901 7715 2532
f 7902 7715 7901
f 7715 7903 7716
f 7715 7902 7903
f 7716 7904 7717
f 7716 7903 7904
f 7906 7718 7905
f 7718 7907 7905
f 7718 7719 7907
f 7909 7908 7906
f 7908 7718 7906
f 7908 7720 7718
f 7720 7910 7721
f 7720 7908 7910
f 7721 7911 7722
f 7721 7910 7911
f 7913 7723 7912
f 7723 7911 7912
f 7723 7722 7911
f 7723 7913 7724
f 7724 7913 7914
f 7916 7915 7914
f 7915 7724 7914
f 7915 7725 7724
f 7918 7726 7917
f 7726 7915 7917
f 7726 7725 7915
f 7726 7918 7727
f 7727 7918 7919
f 7727 7919 7728
f 7728 7919 7920
f 7922 7921 7920
f 7921 7728 7920
f 7921 7729 7728
f 7924 7730 7923
f 7730 7921 7923
f 7730 7729 7921
f 7730 7924 7731
f 7731 7924 7925
f 7731 7925 7732
f 7732 7925 7926
f 7928 7927 7926
f 7927 7732 7926
f 7927 7733 7732
f 7930 7734 7929
f 7734 7927 7929
f 7734 7733 7927
f 7734 7930 7735
f 7735 7930 7931
f 7735 7931 7736
f 7736 7931 7932
f 7934 7933 7932
f 7933 7736 7932
f 7933 7737 7736
f 7737 7935 7738
f 7737 7933 7935
f 7738 7936 7739
f 7738 7935 7936
f 7938 7740 7937
f 7740 7936 7937
f 7740 7739 7936
f 7740 7938 7741
f 7741 7938 7939
f 7941 7940 7939
f 7940 7741 7939
f 7940 7742 7741
f 7742 7942 7743
f 7742 7940 7942
f 7944 7744 7943
f 7744 7942 7943
f 7744 7743 7942
f 7744 7944 7745
f 7745 7944 7945
f 7745 7945 7746
f 7749 7946 7748
f 7948 7947 7946
f 7947 7748 7946
f 7947 7750 7748
f 7750 7949 7751
f 7750 7947 7949
f 7751 7950 7752
f 7751 7949 7950
f 7752 7951 7753
f 7752 7950 7951
f 7753 7952 7754
f 7753 7951 7952
f 7754 7953 7755
f 7754 7952 7953
f 7755 7954 7756
f 7755 7953 7954
f 7756 7955 7757
f 7756 7954 7955
f 7757 7956 7758
f 7757 7955 7956
f 7758 7957 7759
f 7758 7956 7957
f 7759 7958 7760
f 7759 7957 7958
f 7760 7959 7761
f 7760 7958 7959
f 7761 7960 7762
f 7761 7959 7960
f 7762 7961 7763
f 7762 7960 7961
f 7763 7962 7764
f 7763 7961 7962
f 7764 7963 7765
f 7764 7962 7963
f 7765 7964 7766
f 7765 7963 7964
f 7766 7965 7767
f 7766 7964 7965
f 7767 7966 7768
f 7767 7965 7966
f 7768 7967 7769
f 7768 7966 7967
f 7769 7968 7770
f 7769 7967 7968
f 7770 7969 7771
f 7770 7968 7969
f 7771 7970 7772
f 7771 7969 7970
f 7772 7971 7773
f 7772 7970 7971
f 7773 7972 7774
f 7773 7971 7972
f 7774 7973 7775
f 7774 7972 7973
f 7775 7974 7776
f 7775 7973 7974
f 7776 7975 7777
f 7776 7974 7975
f 7777 7976 7778
f 7777 7975 7976
f 7978 7779 7977
f 7779 7976 7977
f 7779 7778 7976
f 7980 7979 7978
f 7979 7779 7978
f 7979 7780 7779
f 7780 7981 7781
f 7780 7979 7981
f 7983 7782 7982
f 7782 7981 7982
f 7782 7781 7981
f 7782 7983 7783
f 7783 7983 7984
f 7986 7985 7984
f 7985 7783 7984
f 7985 7784 7783
f 7784 7987 7785
f 7784 7985 7987
f 7989 7786 7988
f 7786 7987 7988
f 7786 7785 7987
f 7786 7989 7787
f 7787 7989 7990
f 7787 7990 7788
f 7788 7990 7991
f 7993 7992 7991
f 7992 7788 7991
f 7992 7789 7788
f 7789 7994 7790
f 7789 7992 7994
f 7790 7995 7791
f 7790 7994 7995
f 7791 7996 7792
f 7791 7995 7996
f 7792 7997 7793
f 7792 7996 7997
f 7793 7998 7794
f 7793 7997 7998
f 7794 7999 7795
f 7794 7998 7999
f 7795 8000 7796
f 7795 7999 8000
f 7796 8001 7797
f 7796 8000 8001
f 7797 8002 7798
f 7797 8001 8002
f 7798 8003 7799
f 7798 8002 8003
f 7799 8004 7800
f 7799 8003 8004
f 8006 7801 8005
f 7801 8004 8005
f 7801 7800 8004
f 7801 8006 7802
f 7802 8006 8007
f 7802 8007 7803
f 7803 8007 8008
f 7803 8008 7804
f 7804 8008 8009
f 8011 8010 8009
f 8010 7804 8009
f 8010 7805 7804
f 8012 2533 2501
f 7805 8012 2501
f 8010 8012 7805
f 8013 2534 2533
f 8013 2533 8012
f 7806 2503 2534
f 8013 7806 2534
f 8014 7806 8013
f 7806 8015 7807
f 7806 8014 8015
f 7807 8016 7808
f 7807 8015 8016
f 8018 7809 8017
f 7809 8016 8017
f 7809 7808 8016
f 7809 8018 7810
f 7810 8018 8019
f 8021 8020 8019
f 8020 7810 8019
f 8020 7811 7810
f 8022 2535 2507
f 7811 8022 2507
f 8020 8022 7811
f 7812 2508 2535
f 8022 7812 2535
f 8023 7812 8022
f 8025 7813 8024
f 7813 8023 8024
f 7813 7812 8023
f 7813 8025 7814
f 7814 8025 8026
f 7814 8026 7815
f 7818 8027 7817
f 8029 8028 8027
f 8028 7817 8027
f 8028 7819 7817
f 7819 8030 7820
f 7819 8028 8030
f 7820 8031 7821
f 7820 8030 8031
f 7821 8032 7822
f 7821 8031 8032
f 7822 8033 7823
f 7822 8032 8033
f 7823 8034 7824
f 7823 8033 8034
f 8036 7825 8035
f 7825 8034 8035
f 7825 7824 8034
f 7825 8036 7826
f 7829 7830 8037
f 8037 7830 8038
f 7829 8039 7831
f 7829 8037 8039
f 8041 7832 8040
f 7832 8039 8040
f 7832 7831 8039
f 7832 8041 7833
f 7836 7837 8042
f 8042 7837 8043
f 7836 8044 7838
f 7836 8042 8044
f 8046 7839 8045
f 7839 8044 8045
f 7839 7838 8044
f 7839 8046 7840
f 7843 8047 7842
f 8049 8048 8047
f 8048 7842 8047
f 8048 7844 7842
f 7844 8050 7845
f 7844 8048 8050
f 7845 8051 7846
f 7845 8050 8051
f 7846 8052 7847
f 7846 8051 8052
f 7847 8053 7848
f 7847 8052 8053
f 7848 8054 7849
f 7848 8053 8054
f 8056 7850 8055
f 7850 8054 8055
f 7850 7849 8054
f 7850 8056 7851
f 7851 8056 8057
f 7851 8057 7852
f 7852 8057 8058
f 7852 8058 7853
f 7853 8058 8059
f 8061 8060 8059
f 8060 7853 8059
f 8060 7854 7853
f 8062 2536 2517
f 7854 8062 2517
f 8060 8062 7854
f 8063 2537 2536
f 8063 2536 8062
f 7855 2519 2537
f 8063 7855 2537
f 8064 7855 8063
f 7855 8065 7856
f 7855 8064 8065
f 7856 8066 7857
f 7856 8065 8066
f 8068 7858 8067
f 7858 8066 8067
f 7858 7857 8066
f 8070 8069 8068
f 8069 7858 8068
f 8069 7859 7858
f 7859 8071 7860
f 7859 8069 8071
f 8072 2538 2523
f 7860 8072 2523
f 8071 8072 7860
f 7861 2524 2538
f 8072 7861 2538
f 8073 7861 8072
f 8075 7862 8074
f 7862 8073 8074
f 7862 7861 8073
f 7862 8075 7863
f 7863 8075 8076
f 7863 8076 7864
f 7864 8076 8077
f 7864 8077 7865
f 7865 8077 8078
f 8080 8079 8078
f 8079 7865 8078
f 8079 7866 7865
f 8081 2539 2526
f 7866 8081 2526
f 8079 8081 7866
f 8082 2540 2539
f 8082 2539 8081
f 7867 2528 2540
f 8082 7867 2540
f 8083 7867 8082
f 7867 8084 7868
f 7867 8083 8084
f 7868 8085 7869
f 7868 8084 8085
f 8087 7870 8086
f 7870 8085 8086
f 7870 7869 8085
f 7870 8087 7871
f 7874 8088 7873
f 8090 8089 8088
f 8089 7873 8088
f 8089 7875 7873
f 7875 8091 7876
f 7875 8089 8091
f 8093 7877 8092
f 7877 8091 8092
f 7877 7876 8091
f 7877 8093 7878
f 7881 8094 7880
f 8096 8095 8094
f 8095 7880 8094
f 8095 7882 7880
f 7882 8097 7883
f 7882 8095 8097
f 8099 7884 8098
f 7884 8097 8098
f 7884 7883 8097
f 7884 8099 7885
f 7885 8099 8100
f 7885 8100 7886
f 7886 8100 8101
f 8103 8102 8101
f 8102 7886 8101
f 8102 7887 7886
f 7887 8104 7888
f 7887 8102 8104
f 7888 8105 7889
f 7888 8104 8105
f 7889 8106 7890
f 7889 8105 8106
f 7890 8107 7891
f 7890 8106 8107
f 7891 8108 7892
f 7891 8107 8108
f 8110 7893 8109
f 7893 8108 8109
f 7893 7892 8108
f 7893 8110 7894
f 7894 8110 8111
f 7894 8111 7895
f 7895 8111 8112
f 7895 8112 7896
f 7898 7899 8113
f 8113 7899 8114
f 7898 8115 7900
f 7898 8113 8115
f 7900 8116 7901
f 7900 8115 8116
f 8118 7902 8117
f 7902 8116 8117
f 7902 7901 8116
f 7902 8118 7903
f 7903 8118 8119
f 8121 8120 8119
f 8120 7903 8119
f 8120 7904 7903
f 7905 7907 8122
f 7907 8123 8122
f 7907 8124 8123
f 8122 8123 7909
f 8123 7908 7909
f 8123 8125 7908
f 8125 2542 2543
f 7910 8125 2543
f 7908 8125 7910
f 7910 2543 2544
f 7910 2544 7911
f 8127 8126 2546
f 2546 8126 2544
f 8126 7912 2544
f 7912 7911 2544
f 8129 8128 8127
f 8127 8128 8126
f 8128 8129 7916
f 8129 7915 7916
f 8129 8130 7915
f 7917 7915 8131
f 7915 8132 8131
f 7915 8130 8132
f 8134 8133 8132
f 8132 8133 8131
f 8136 8135 8134
f 8134 8135 8133
f 8135 8136 7922
f 8136 7921 7922
f 8136 8137 7921
f 7923 7921 8138
f 7921 8139 8138
f 7921 8137 8139
f 8141 8140 8139
f 8139 8140 8138
f 8143 8142 8141
f 8141 8142 8140
f 8142 8143 7928
f 8143 7927 7928
f 8143 8144 7927
f 7929 7927 8145
f 7927 8146 8145
f 7927 8144 8146
f 8148 8147 8146
f 8146 8147 8145
f 8150 8149 8148
f 8148 8149 8147
f 8149 8150 7934
f 8150 7933 7934
f 8150 8151 7933
f 7933 8152 7935
f 7933 8151 8152
f 7935 8153 7936
f 7935 8152 8153
f 7937 7936 8154
f 7936 8155 8154
f 7936 8153 8155
f 8157 8156 8155
f 8155 8156 8154
f 8156 8157 7941
f 8157 7940 7941
f 8157 8158 7940
f 7940 8159 7942
f 7940 8158 8159
f 7943 7942 8160
f 7942 8161 8160
f 7942 8159 8161
f 8163 8162 8161
f 8161 8162 8160
f 8165 8164 8163
f 8163 8164 8162
f 8167 8166 8165
f 8165 8166 8164
f 8166 8167 7948
f 8167 7947 7948
f 8167 8168 7947
f 7947 8169 7949
f 7947 8168 8169
f 7949 8170 7950
f 7949 8169 8170
f 8170 2548 2549
f 7951 8170 2549
f 7950 8170 7951
f 7951 2549 2550
f 8171 7951 2550
f 7952 7951 8171
f 7952 8172 7953
f 7952 8171 8172
f 7953 8173 7954
f 7953 8172 8173
f 7954 8174 7955
f 7954 8173 8174
f 7955 8175 7956
f 7955 8174 8175
f 7956 8176 7957
f 7956 8175 8176
f 7957 8177 7958
f 7957 8176 8177
f 8177 2552 2553
f 7959 8177 2553
f 7958 8177 7959
f 7959 2553 2554
f 7959 2554 7960
f 7960 2554 2556
f 8178 7960 2556
f 7961 7960 8178
f 7961 8179 7962
f 7961 8178 8179
f 7962 8180 7963
f 7962 8179 8180
f 7963 8181 7964
f 7963 8180 8181
f 7964 8182 7965
f 7964 8181 8182
f 8182 2558 2559
f 7966 8182 2559
f 7965 8182 7966
f 7966 2559 2560
f 7966 2560 7967
f 7967 2560 2562
f 8183 7967 2562
f 7968 7967 8183
f 7968 8184 7969
f 7968 8183 8184
f 7969 8185 7970
f 7969 8184 8185
f 7970 8186 7971
f 7970 8185 8186
f 7971 8187 7972
f 7971 8186 8187
f 7972 8188 7973
f 7972 8187 8188
f 7973 8189 7974
f 7973 8188 8189
f 7974 8190 7975
f 7974 8189 8190
f 7975 8191 7976
f 7975 8190 8191
f 7977 7976 8192
f 7976 8193 8192
f 7976 8191 8193
f 8192 8193 7980
f 8193 7979 7980
f 8193 8194 7979
f 7979 8195 7981
f 7979 8194 8195
f 7982 7981 8196
f 7981 8197 8196
f 7981 8195 8197
f 8199 8198 8197
f 8197 8198 8196
f 8198 8199 7986
f 8199 7985 7986
f 8199 8200 7985
f 7985 8201 7987
f 7985 8200 8201
f 7988 7987 8202
f 7987 8203 8202
f 7987 8201 8203
f 8205 8204 8203
f 8203 8204 8202
f 8207 8206 8205
f 8205 8206 8204
f 8206 8207 7993
f 8207 7992 7993
f 8207 8208 7992
f 7992 8209 7994
f 7992 8208 8209
f 7994 8210 7995
f 7994 8209 8210
f 7995 8211 7996
f 7995 8210 8211
f 7996 8212 7997
f 7996 8211 8212
f 7997 8213 7998
f 7997 8212 8213
f 7998 8214 7999
f 7998 8213 8214
f 7999 8215 8000
f 7999 8214 8215
f 8000 8216 8001
f 8000 8215 8216
f 8001 8217 8002
f 8001 8216 8217
f 8217 2564 2565
f 8003 8217 2565
f 8002 8217 8003
f 8003 2565 2566
f 8218 8003 2566
f 8004 8003 8218
f 8005 8004 8219
f 8004 8220 8219
f 8004 8218 8220
f 8222 8221 8220
f 8220 8221 8219
f 8224 8223 8222
f 8222 8223 8221
f 8226 8225 8224
f 8224 8225 8223
f 8225 8226 8011
f 8226 8010 8011
f 8226 8227 8010
f 8227 2568 2569
f 8012 8227 2569
f 8010 8227 8012
f 8012 2569 2570
f 8012 2570 8013
f 8013 2570 2572
f 8228 8013 2572
f 8014 8013 8228
f 8014 8229 8015
f 8014 8228 8229
f 8015 8230 8016
f 8015 8229 8230
f 8017 8016 8231
f 8016 8232 8231
f 8016 8230 8232
f 8234 8233 8232
f 8232 8233 8231
f 8233 8234 8021
f 8021 8234 8020
f 8234 2574 8020
f 2574 2575 8020
f 8020 2575 2576
f 8020 2576 8022
f 8022 2576 2578
f 8235 8022 2578
f 8023 8022 8235
f 8024 8023 8236
f 8023 8237 8236
f 8023 8235 8237
f 8239 8238 8237
f 8237 8238 8236
f 8241 8240 8239
f 8239 8240 8238
f 8243 8242 8241
f 8241 8242 8240
f 8242 8243 8029
f 8243 8028 8029
f 8243 8244 8028
f 8244 2580 2581
f 8030 8244 2581
f 8028 8244 8030
f 8030 2581 2582
f 8030 2582 8031
f 8031 2582 2584
f 8245 8031 2584
f 8032 8031 8245
f 8032 8246 8033
f 8032 8245 8246
f 8033 8247 8034
f 8033 8246 8247
f 8035 8034 8248
f 8034 8249 8248
f 8034 8247 8249
f 8251 8250 8249
f 8249 8250 8248
f 8253 8252 8251
f 8251 8252 8250
f 8252 8253 8038
f 8253 8037 8038
f 8253 8254 8037
f 8037 8255 8039
f 8037 8254 8255
f 8040 8039 8256
f 8039 8257 8256
f 8039 8255 8257
f 8257 8258 8256
f 8261 8260 8259
f 8261 8259 8043
f 8259 8042 8043
f 8259 8262 8042
f 8042 8263 8044
f 8042 8262 8263
f 8045 8044 8264
f 8044 8265 8264
f 8044 8263 8265
f 8267 8266 8265
f 8265 8266 8264
f 8269 8268 8267
f 8267 8268 8266
f 8268 8269 8049
f 8269 8048 8049
f 8269 8270 8048
f 8048 8271 8050
f 8048 8270 8271
f 8050 8272 8051
f 8050 8271 8272
f 8051 8273 8052
f 8051 8272 8273
f 8273 2586 2587
f 8053 8273 2587
f 8052 8273 8053
f 8053 2587 2588
f 8274 8053 2588
f 8054 8053 8274
f 8055 8054 8275
f 8054 8276 8275
f 8054 8274 8276
f 8278 8277 8276
f 8276 8277 8275
f 8280 8279 8278
f 8278 8279 8277
f 8282 8281 8280
f 8280 8281 8279
f 8281 8282 8061
f 8282 8060 8061
f 8282 8283 8060
f 8283 2590 2591
f 8062 8283 2591
f 8060 8283 8062
f 8062 2591 2592
f 8062 2592 8063
f 8063 2592 2594
f 8063 2594 8064
f 8064 2594 2596
f 8284 8064 2596
f 8065 8064 8284
f 8065 8285 8066
f 8065 8284 8285
f 8067 8066 8286
f 8066 8287 8286
f 8066 8285 8287
f 8286 8287 8070
f 8287 8069 8070
f 8287 8288 8069
f 8288 2598 2599
f 8071 8288 2599
f 8069 8288 8071
f 8071 2599 2600
f 8071 2600 8072
f 8072 2600 2602
f 8289 8072 2602
f 8073 8072 8289
f 8074 8073 8290
f 8073 8291 8290
f 8073 8289 8291
f 8293 8292 8291
f 8291 8292 8290
f 8295 8294 8293
f 8293 8294 8292
f 8297 8296 8295
f 8295 8296 8294
f 8296 8297 8080
f 8297 8079 8080
f 8297 8298 8079
f 8298 2604 2605
f 8081 8298 2605
f 8079 8298 8081
f 8081 2605 2606
f 8081 2606 8082
f 8082 2606 2608
f 8299 8082 2608
f 8083 8082 8299
f 8083 8300 8084
f 8083 8299 8300
f 8084 8301 8085
f 8084 8300 8301
f 8086 8085 8302
f 8085 8303 8302
f 8085 8301 8303
f 8305 8304 8303
f 8303 8304 8302
f 8307 8306 8305
f 8305 8306 8304
f 8306 8307 8090
f 8307 8089 8090
f 8307 8308 8089
f 8089 8309 8091
f 8089 8308 8309
f 8092 8091 8310
f 8091 8311 8310
f 8091 8309 8311
f 8311 8312 8310
f 8315 8314 8313
f 8315 8313 8096
f 8313 8095 8096
f 8313 8316 8095
f 8095 8317 8097
f 8095 8316 8317
f 8098 8097 8318
f 8097 8319 8318
f 8097 8317 8319
f 8321 8320 8319
f 8319 8320 8318
f 8323 8322 8321
f 8321 8322 8320
f 8322 8323 8103
f 8323 8102 8103
f 8323 8324 8102
f 8102 8325 8104
f 8102 8324 8325
f 8104 8326 8105
f 8104 8325 8326
f 8326 2610 2611
f 8106 8326 2611
f 8105 8326 8106
f 8106 2611 2612
f 8106 2612 8107
f 8107 2612 2614
f 8327 8107 2614
f 8108 8107 8327
f 8109 8108 8328
f 8108 8329 8328
f 8108 8327 8329
f 8331 8330 8329
f 8329 8330 8328
f 8333 8332 8331
f 8331 8332 8330
f 8335 8334 8333
f 8333 8334 8332
f 8334 8335 8114
f 8335 8113 8114
f 8335 8336 8113
f 8336 2616 2617
f 8115 8336 2617
f 8113 8336 8115
f 8115 2617 2618
f 8337 8115 2618
f 8116 8115 8337
f 8117 8116 8338
f 8116 8339 8338
f 8116 8337 8339
f 8341 8340 8339
f 8339 8340 8338
f 8340 8341 8121
f 8341 8120 8121
f 8341 8342 8120
f 8124 2622 2620
f 8124 2620 8123
f 8123 2620 2623
f 8123 2623 8125
f 8125 2623 2542
f 2627 8127 2546
f 8127 2627 2629
f 8127 2629 8129
f 8129 2629 2631
f 8129 2631 8130
f 8130 2631 2633
f 8130 2633 8132
f 8132 2633 2635
f 8132 2635 8134
f 8134 2635 2637
f 8134 2637 8136
f 8136 2637 2639
f 8136 2639 8137
f 8137 2639 2641
f 8137 2641 8139
f 8139 2641 2643
f 8139 2643 8141
f 8141 2643 2645
f 8141 2645 8143
f 8143 2645 2647
f 8143 2647 8144
f 8144 2647 2649
f 8144 2649 8146
f 8146 2649 2651
f 8146 2651 8148
f 8148 2651 2653
f 8148 2653 8150
f 8150 2653 2655
f 8150 2655 8151
f 8151 2655 2657
f 8151 2657 8152
f 8152 2657 2659
f 8152 2659 8153
f 8153 2659 2661
f 8153 2661 8155
f 8155 2661 2663
f 8155 2663 8157
f 8157 2663 2665
f 8157 2665 8158
f 8158 2665 2667
f 8158 2667 8159
f 8159 2667 2669
f 8159 2669 8161
f 8161 2669 2671
f 8161 2671 8163
f 8163 2671 2673
f 8343 8163 2673
f 8165 8163 8343
f 8343 2675 2676
f 8167 8343 2676
f 8165 8343 8167
f 8167 2676 2677
f 8167 2677 8168
f 8168 2677 2679
f 8168 2679 8169
f 8169 2679 2681
f 8169 2681 8170
f 8170 2681 2548
f 2684 8171 2550
f 8171 2684 2686
f 8171 2686 8172
f 8172 2686 2688
f 8172 2688 8173
f 8173 2688 2690
f 8173 2690 8174
f 8174 2690 2692
f 8174 2692 8175
f 8175 2692 2694
f 8175 2694 8176
f 8176 2694 2696
f 8176 2696 8177
f 8177 2696 2552
f 2700 8178 2556
f 8178 2700 2702
f 8178 2702 8179
f 8179 2702 2704
f 8179 2704 8180
f 8180 2704 2706
f 8180 2706 8181
f 8181 2706 2708
f 8181 2708 8182
f 8182 2708 2558
f 2712 8183 2562
f 8183 2712 2714
f 8183 2714 8184
f 8184 2714 2716
f 8184 2716 8185
f 8185 2716 2718
f 8185 2718 8186
f 8186 2718 2720
f 8186 2720 8187
f 8187 2720 2722
f 8187 2722 8188
f 8188 2722 2724
f 8188 2724 8189
f 8189 2724 2726
f 8189 2726 8190
f 8190 2726 2728
f 8190 2728 8191
f 8191 2728 2730
f 8191 2730 8193
f 8193 2730 2732
f 8193 2732 8194
f 8194 2732 2734
f 8194 2734 8195
f 8195 2734 2736
f 8195 2736 8197
f 8197 2736 2738
f 8197 2738 8199
f 8199 2738 2740
f 8199 2740 8200
f 8200 2740 2742
f 8200 2742 8201
f 8201 2742 2744
f 8201 2744 8203
f 8203 2744 2746
f 8203 2746 8205
f 8205 2746 2748
f 8205 2748 8207
f 8207 2748 2750
f 8207 2750 8208
f 8208 2750 2752
f 8208 2752 8209
f 8209 2752 2754
f 8209 2754 8210
f 8210 2754 2756
f 8210 2756 8211
f 8211 2756 2758
f 8211 2758 8212
f 8212 2758 2760
f 8212 2760 8213
f 8213 2760 2762
f 8213 2762 8214
f 8214 2762 2764
f 8214 2764 8215
f 8215 2764 2766
f 8215 2766 8216
f 8216 2766 2768
f 8216 2768 8217
f 8217 2768 2564
f 2771 8218 2566
f 8218 2771 2773
f 8218 2773 8220
f 8220 2773 2775
f 8220 2775 8222
f 8222 2775 2777
f 8222 2777 8224
f 8224 2777 2779
f 8224 2779 8226
f 8226 2779 2781
f 8226 2781 8227
f 8227 2781 2568
f 2785 8228 2572
f 8228 2785 2787
f 8228 2787 8229
f 8229 2787 2789
f 8229 2789 8230
f 8230 2789 2791
f 8230 2791 8232
f 8232 2791 2793
f 8232 2793 8234
f 8234 2793 2574
f 2797 8235 2578
f 8235 2797 2799
f 8235 2799 8237
f 8237 2799 2801
f 8237 2801 8239
f 8239 2801 2803
f 8239 2803 8241
f 8241 2803 2805
f 8344 8241 2805
f 8243 8241 8344
f 8344 2807 2808
f 8244 8344 2808
f 8243 8344 8244
f 8244 2808 2580
f 2811 8245 2584
f 8245 2811 2813
f 8245 2813 8246
f 8246 2813 2815
f 8246 2815 8247
f 8247 2815 2817
f 8247 2817 8249
f 8249 2817 2819
f 8345 8249 2819
f 8251 8249 8345
f 8251 8346 8253
f 8251 8345 8346
f 8346 2821 2822
f 8254 8346 2822
f 8253 8346 8254
f 8254 2822 2823
f 8254 2823 8255
f 8255 2823 2825
f 8347 8255 2825
f 8257 8255 8347
f 8258 8257 8348
f 8257 8349 8348
f 8257 8347 8349
f 8351 8350 8349
f 8349 8350 8348
f 8350 8351 8260
f 8351 8259 8260
f 8351 8352 8259
f 8352 2827 2828
f 8262 8352 2828
f 8259 8352 8262
f 8262 2828 2829
f 8262 2829 8263
f 8263 2829 2831
f 8263 2831 8265
f 8265 2831 2833
f 8353 8265 2833
f 8267 8265 8353
f 8353 2835 2836
f 8269 8353 2836
f 8267 8353 8269
f 8269 2836 2837
f 8269 2837 8270
f 8270 2837 2839
f 8270 2839 8271
f 8271 2839 2841
f 8271 2841 8272
f 8272 2841 2843
f 8272 2843 8273
f 8273 2843 2586
f 2846 8274 2588
f 8274 2846 2848
f 8354 8274 2848
f 8276 8274 8354
f 8354 2850 2851
f 8278 8354 2851
f 8276 8354 8278
f 8278 2851 2852
f 8278 2852 8280
f 8280 2852 2854
f 8280 2854 8282
f 8282 2854 2856
f 8282 2856 8283
f 8283 2856 2590
f 2859 8284 2596
f 8284 2859 2861
f 8284 2861 8285
f 8285 2861 2863
f 8285 2863 8287
f 8287 2863 2865
f 8287 2865 8288
f 8288 2865 2598
f 2869 8289 2602
f 8289 2869 2871
f 8289 2871 8291
f 8291 2871 2873
f 8291 2873 8293
f 8293 2873 2875
f 8355 8293 2875
f 8295 8293 8355
f 8295 8356 8297
f 8295 8355 8356
f 8356 2877 2878
f 8298 8356 2878
f 8297 8356 8298
f 8298 2878 2604
f 2881 8299 2608
f 8299 2881 2883
f 8299 2883 8300
f 8300 2883 2885
f 8300 2885 8301
f 8301 2885 2887
f 8357 8301 2887
f 8303 8301 8357
f 8303 8358 8305
f 8303 8357 8358
f 8358 2889 2890
f 8307 8358 2890
f 8305 8358 8307
f 8307 2890 2891
f 8307 2891 8308
f 8308 2891 2893
f 8308 2893 8309
f 8309 2893 2895
f 8359 8309 2895
f 8311 8309 8359
f 8312 8311 8360
f 8311 8361 8360
f 8311 8359 8361
f 8363 8362 8361
f 8361 8362 8360
f 8362 8363 8314
f 8314 8363 8313
f 8363 2897 8313
f 2897 2898 8313
f 8313 2898 2899
f 8313 2899 8316
f 8316 2899 2901
f 8316 2901 8317
f 8317 2901 2903
f 8364 8317 2903
f 8319 8317 8364
f 8319 8365 8321
f 8319 8364 8365
f 8365 2905 2906
f 8323 8365 2906
f 8321 8365 8323
f 8323 2906 2907
f 8323 2907 8324
f 8324 2907 2909
f 8324 2909 8325
f 8325 2909 2911
f 8325 2911 8326
f 8326 2911 2610
f 2915 8327 2614
f 8327 2915 2917
f 8327 2917 8329
f 8329 2917 2919
f 8329 2919 8331
f 8331 2919 2921
f 8331 2921 8333
f 8333 2921 2923
f 8333 2923 8335
f 8335 2923 2925
f 8335 2925 8336
f 8336 2925 2616
f 2928 8337 2618
f 8337 2928 2930
f 8366 8337 2930
f 8339 8337 8366
f 8366 2932 2933
f 8341 8366 2933
f 8339 8366 8341
f 8341 2933 2934
f 8341 2934 8342
f 8367 2937 2936
f 8367 2936 8368
f 8367 2939 2937
f 2942 8369 2943
f 8370 2944 2943
f 8370 2943 8369
f 8370 2946 2944
f 2947 8371 2948
f 8372 2949 2948
f 8372 2948 8371
f 8373 2950 2949
f 8373 2949 8372
f 8373 2952 2950
f 2953 8374 2954
f 8375 2955 2954
f 8375 2954 8374
f 8376 2956 2955
f 8376 2955 8375
f 8376 2958 2956
f 2959 8377 2960
f 8378 2961 2960
f 8378 2960 8377
f 8379 2962 2961
f 8379 2961 8378
f 8379 2964 2962
f 2966 8380 2967
f 8381 2968 2967
f 8381 2967 8380
f 8382 2969 2968
f 8382 2968 8381
f 8382 2971 2969
f 2973 8383 2974
f 8384 2975 2974
f 8384 2974 8383
f 8343 2673 2975
f 8384 8343 2975
f 8385 8343 8384
f 8386 2976 2675
f 8343 8386 2675
f 8385 8386 8343
f 8386 2978 2976
f 2984 8387 2985
f 8388 2986 2985
f 8388 2985 8387
f 8389 2987 2986
f 8389 2986 8388
f 8390 2988 2987
f 8390 2987 8389
f 8390 2990 2988
f 3001 8391 3002
f 8391 3004 3002
f 3005 8392 3006
f 8393 3007 3006
f 8393 3006 8392
f 8393 3009 3007
f 3012 8394 3013
f 8395 3014 3013
f 8395 3013 8394
f 8395 3016 3014
f 3017 8396 3018
f 8397 3019 3018
f 8397 3018 8396
f 8398 3020 3019
f 8398 3019 8397
f 8398 3022 3020
f 3024 8399 3025
f 8400 3026 3025
f 8400 3025 8399
f 8401 3027 3026
f 8401 3026 8400
f 8402 3028 3027
f 8402 3027 8401
f 8402 3030 3028
f 3032 8403 3033
f 8404 3034 3033
f 8404 3033 8403
f 8405 3035 3034
f 8405 3034 8404
f 8406 3036 3035
f 8406 3035 8405
f 8407 3037 3036
f 8407 3036 8406
f 8408 3038 3037
f 8408 3037 8407
f 8408 3040 3038
f 3042 8409 3043
f 8410 3044 3043
f 8410 3043 8409
f 8411 3045 3044
f 8411 3044 8410
f 8412 3046 3045
f 8412 3045 8411
f 8413 3047 3046
f 8413 3046 8412
f 8414 3048 3047
f 8414 3047 8413
f 8414 3050 3048
f 3053 8415 3054
f 8416 3055 3054
f 8416 3054 8415
f 8417 3056 3055
f 8417 3055 8416
f 8418 3057 3056
f 8418 3056 8417
f 8418 3059 3057
f 3061 8419 3062
f 8420 3063 3062
f 8420 3062 8419
f 8421 3064 3063
f 8421 3063 8420
f 8422 3065 3064
f 8422 3064 8421
f 8344 2805 3065
f 8422 8344 3065
f 8423 8344 8422
f 8423 3067 2807
f 8423 2807 8344
f 3070 8424 3071
f 8425 3072 3071
f 8425 3071 8424
f 8425 3074 3072
f 3075 8426 3076
f 8345 2819 3076
f 8426 8345 3076
f 8427 8345 8426
f 8345 8428 8346
f 8345 8427 8428
f 8429 3077 2821
f 8346 8429 2821
f 8428 8429 8346
f 8429 3079 3077
f 3080 8430 8347
f 3080 8347 2825
f 8347 8431 8349
f 8347 8430 8431
f 8349 8432 8351
f 8349 8431 8432
f 8351 8433 8352
f 8351 8432 8433
f 8433 3082 2827
f 8433 2827 8352
f 3084 8434 3085
f 8353 2833 3085
f 8434 8353 3085
f 8435 8353 8434
f 8436 3086 2835
f 8353 8436 2835
f 8435 8436 8353
f 8436 3088 3086
f 3090 8437 3091
f 8437 3093 3091
f 3096 8438 8354
f 3096 8354 2848
f 8439 3097 2850
f 8354 8439 2850
f 8438 8439 8354
f 8440 3098 3097
f 8440 3097 8439
f 8441 3099 3098
f 8441 3098 8440
f 8441 3101 3099
f 3107 8442 3108
f 8443 3109 3108
f 8443 3108 8442
f 8443 3111 3109
f 3114 8444 3115
f 8445 3116 3115
f 8445 3115 8444
f 8355 2875 3116
f 8445 8355 3116
f 8446 8355 8445
f 8355 8447 8356
f 8355 8446 8447
f 8447 3118 2877
f 8447 2877 8356
f 3124 8448 8357
f 3124 8357 2887
f 8357 8449 8358
f 8357 8448 8449
f 8450 3125 2889
f 8358 8450 2889
f 8449 8450 8358
f 8450 3127 3125
f 3129 8451 8359
f 3129 8359 2895
f 8359 8452 8361
f 8359 8451 8452
f 8361 8453 8363
f 8361 8452 8453
f 8454 3130 2897
f 8363 8454 2897
f 8453 8454 8363
f 8454 3132 3130
f 3133 8455 3134
f 8364 2903 3134
f 8455 8364 3134
f 8456 8364 8455
f 8364 8457 8365
f 8364 8456 8457
f 8458 3135 2905
f 8365 8458 2905
f 8457 8458 8365
f 8458 3137 3135
f 3138 8459 3139
f 8460 3140 3139
f 8460 3139 8459
f 8460 3142 3140
f 3145 8461 3146
f 8462 3147 3146
f 8462 3146 8461
f 8463 3148 3147
f 8463 3147 8462
f 8464 3149 3148
f 8464 3148 8463
f 8464 3151 3149
f 3154 8465 8366
f 3154 8366 2930
f 8466 3155 2932
f 8366 8466 2932
f 8465 8466 8366
f 8467 3156 3155
f 8467 3155 8466
f 8368 8468 8367
f 8368 8469 8468
f 8470 3157 2939
f 8367 8470 2939
f 8468 8470 8367
f 8470 3159 3157
f 3161 8471 8369
f 3161 8369 2942
f 8369 8472 8370
f 8369 8471 8472
f 8473 3162 2946
f 8370 8473 2946
f 8472 8473 8370
f 8371 2947 3162
f 8473 8371 3162
f 8474 8371 8473
f 8371 8475 8372
f 8371 8474 8475
f 8372 8476 8373
f 8372 8475 8476
f 8477 3163 2952
f 8373 8477 2952
f 8476 8477 8373
f 8374 2953 3163
f 8477 8374 3163
f 8478 8374 8477
f 8374 8479 8375
f 8374 8478 8479
f 8375 8480 8376
f 8375 8479 8480
f 8481 3164 2958
f 8376 8481 2958
f 8480 8481 8376
f 8377 2959 3164
f 8481 8377 3164
f 8482 8377 8481
f 8377 8483 8378
f 8377 8482 8483
f 8378 8484 8379
f 8378 8483 8484
f 8485 3165 2964
f 8379 8485 2964
f 8484 8485 8379
f 8486 3166 3165
f 8486 3165 8485
f 8380 2966 3166
f 8486 8380 3166
f 8487 8380 8486
f 8380 8488 8381
f 8380 8487 8488
f 8381 8489 8382
f 8381 8488 8489
f 8490 3167 2971
f 8382 8490 2971
f 8489 8490 8382
f 8491 3168 3167
f 8491 3167 8490
f 8383 2973 3168
f 8491 8383 3168
f 8492 8383 8491
f 8383 8493 8384
f 8383 8492 8493
f 8384 8494 8385
f 8384 8493 8494
f 8385 8495 8386
f 8385 8494 8495
f 8496 3169 2978
f 8386 8496 2978
f 8495 8496 8386
f 8497 3170 3169
f 8497 3169 8496
f 8498 3171 3170
f 8498 3170 8497
f 8499 3172 3171
f 8499 3171 8498
f 8500 3173 3172
f 8500 3172 8499
f 8501 3174 3173
f 8501 3173 8500
f 8387 2984 3174
f 8501 8387 3174
f 8502 8387 8501
f 8387 8503 8388
f 8387 8502 8503
f 8388 8504 8389
f 8388 8503 8504
f 8389 8505 8390
f 8389 8504 8505
f 8506 3175 2990
f 8390 8506 2990
f 8505 8506 8390
f 8506 3177 3175
f 3179 8507 3180
f 8508 3181 3180
f 8508 3180 8507
f 8509 3182 3181
f 8509 3181 8508
f 8510 3183 3182
f 8510 3182 8509
f 8511 3184 3183
f 8511 3183 8510
f 8511 3186 3184
f 3188 8512 3189
f 8391 3001 3189
f 8512 8391 3189
f 8513 8391 8512
f 8514 3190 3004
f 8391 8514 3004
f 8513 8514 8391
f 8392 3005 3190
f 8514 8392 3190
f 8515 8392 8514
f 8392 8516 8393
f 8392 8515 8516
f 8517 3191 3009
f 8393 8517 3009
f 8516 8517 8393
f 8517 3193 3191
f 3194 8518 3195
f 8394 3012 3195
f 8518 8394 3195
f 8519 8394 8518
f 8394 8520 8395
f 8394 8519 8520
f 8521 3196 3016
f 8395 8521 3016
f 8520 8521 8395
f 8396 3017 3196
f 8521 8396 3196
f 8522 8396 8521
f 8396 8523 8397
f 8396 8522 8523
f 8397 8524 8398
f 8397 8523 8524
f 8525 3197 3022
f 8398 8525 3022
f 8524 8525 8398
f 8526 3198 3197
f 8526 3197 8525
f 8399 3024 3198
f 8526 8399 3198
f 8527 8399 8526
f 8399 8528 8400
f 8399 8527 8528
f 8400 8529 8401
f 8400 8528 8529
f 8401 8530 8402
f 8401 8529 8530
f 8531 3199 3030
f 8402 8531 3030
f 8530 8531 8402
f 8532 3200 3199
f 8532 3199 8531
f 8403 3032 3200
f 8532 8403 3200
f 8533 8403 8532
f 8403 8534 8404
f 8403 8533 8534
f 8404 8535 8405
f 8404 8534 8535
f 8405 8536 8406
f 8405 8535 8536
f 8406 8537 8407
f 8406 8536 8537
f 8407 8538 8408
f 8407 8537 8538
f 8539 3201 3040
f 8408 8539 3040
f 8538 8539 8408
f 8540 3202 3201
f 8540 3201 8539
f 8409 3042 3202
f 8540 8409 3202
f 8541 8409 8540
f 8409 8542 8410
f 8409 8541 8542
f 8410 8543 8411
f 8410 8542 8543
f 8411 8544 8412
f 8411 8543 8544
f 8412 8545 8413
f 8412 8544 8545
f 8413 8546 8414
f 8413 8545 8546
f 8546 3204 3050
f 8546 3050 8414
f 3206 8547 3207
f 8415 3053 3207
f 8547 8415 3207
f 8548 8415 8547
f 8415 8549 8416
f 8415 8548 8549
f 8416 8550 8417
f 8416 8549 8550
f 8417 8551 8418
f 8417 8550 8551
f 8552 3208 3059
f 8418 8552 3059
f 8551 8552 8418
f 8552 3210 3208
f 3211 8553 8419
f 3211 8419 3061
f 8419 8554 8420
f 8419 8553 8554
f 8420 8555 8421
f 8420 8554 8555
f 8421 8556 8422
f 8421 8555 8556
f 8422 8557 8423
f 8422 8556 8557
f 8558 3212 3067
f 8423 8558 3067
f 8557 8558 8423
f 8559 3213 3212
f 8559 3212 8558
f 8560 3214 3213
f 8560 3213 8559
f 8424 3070 3214
f 8560 8424 3214
f 8561 8424 8560
f 8424 8562 8425
f 8424 8561 8562
f 8563 3215 3074
f 8425 8563 3074
f 8562 8563 8425
f 8426 3075 3215
f 8563 8426 3215
f 8564 8426 8563
f 8426 8565 8427
f 8426 8564 8565
f 8427 8566 8428
f 8427 8565 8566
f 8428 8567 8429
f 8428 8566 8567
f 8568 3216 3079
f 8429 8568 3079
f 8567 8568 8429
f 8430 3080 3216
f 8568 8430 3216
f 8569 8430 8568
f 8571 8431 8570
f 8431 8569 8570
f 8431 8430 8569
f 8431 8571 8432
f 8432 8571 8572
f 8574 8573 8572
f 8573 8432 8572
f 8573 8433 8432
f 8575 3217 3082
f 8433 8575 3082
f 8573 8575 8433
f 8576 3218 3217
f 8576 3217 8575
f 8434 3084 3218
f 8576 8434 3218
f 8577 8434 8576
f 8434 8578 8435
f 8434 8577 8578
f 8435 8579 8436
f 8435 8578 8579
f 8580 3219 3088
f 8436 8580 3088
f 8579 8580 8436
f 8581 3220 3219
f 8581 3219 8580
f 8437 3090 3220
f 8581 8437 3220
f 8582 8437 8581
f 8583 3221 3093
f 8437 8583 3093
f 8582 8583 8437
f 8583 3223 3221
f 3224 8584 3225
f 8438 3096 3225
f 8584 8438 3225
f 8585 8438 8584
f 8438 8586 8439
f 8438 8585 8586
f 8439 8587 8440
f 8439 8586 8587
f 8440 8588 8441
f 8440 8587 8588
f 8589 3226 3101
f 8441 8589 3101
f 8588 8589 8441
f 8589 3228 3226
f 3230 8590 3231
f 8591 3232 3231
f 8591 3231 8590
f 8592 3233 3232
f 8592 3232 8591
f 8442 3107 3233
f 8592 8442 3233
f 8593 8442 8592
f 8442 8594 8443
f 8442 8593 8594
f 8594 3235 3111
f 8594 3111 8443
f 3237 8595 3238
f 8444 3114 3238
f 8595 8444 3238
f 8596 8444 8595
f 8444 8597 8445
f 8444 8596 8597
f 8445 8598 8446
f 8445 8597 8598
f 8446 8599 8447
f 8446 8598 8599
f 8600 3239 3118
f 8447 8600 3118
f 8599 8600 8447
f 8600 3241 3239
f 3243 8601 3244
f 8602 3245 3244
f 8602 3244 8601
f 8603 3246 3245
f 8603 3245 8602
f 8448 3124 3246
f 8603 8448 3246
f 8604 8448 8603
f 8448 8605 8449
f 8448 8604 8605
f 8449 8606 8450
f 8449 8605 8606
f 8607 3247 3127
f 8450 8607 3127
f 8606 8607 8450
f 8608 3248 3247
f 8608 3247 8607
f 8451 3129 3248
f 8608 8451 3248
f 8609 8451 8608
f 8611 8452 8610
f 8452 8609 8610
f 8452 8451 8609
f 8452 8611 8453
f 8453 8611 8612
f 8614 8613 8612
f 8613 8453 8612
f 8613 8454 8453
f 8615 3249 3132
f 8454 8615 3132
f 8613 8615 8454
f 8455 3133 3249
f 8615 8455 3249
f 8616 8455 8615
f 8455 8617 8456
f 8455 8616 8617
f 8456 8618 8457
f 8456 8617 8618
f 8457 8619 8458
f 8457 8618 8619
f 8620 3250 3137
f 8458 8620 3137
f 8619 8620 8458
f 8459 3138 3250
f 8620 8459 3250
f 8621 8459 8620
f 8459 8622 8460
f 8459 8621 8622
f 8623 3251 3142
f 8460 8623 3142
f 8622 8623 8460
f 8624 3252 3251
f 8624 3251 8623
f 8625 3253 3252
f 8625 3252 8624
f 8461 3145 3253
f 8625 8461 3253
f 8626 8461 8625
f 8461 8627 8462
f 8461 8626 8627
f 8462 8628 8463
f 8462 8627 8628
f 8463 8629 8464
f 8463 8628 8629
f 8630 3254 3151
f 8464 8630 3151
f 8629 8630 8464
f 8630 3256 3254
f 3257 8631 3258
f 8465 3154 3258
f 8631 8465 3258
f 8632 8465 8631
f 8465 8633 8466
f 8465 8632 8633
f 8466 8634 8467
f 8466 8633 8634
f 8469 3262 3260
f 8469 3260 8468
f 8468 3260 3263
f 8468 3263 8470
f 8470 3263 3159
f 3267 8471 3161
f 8471 3267 3269
f 8471 3269 8472
f 8472 3269 3271
f 8472 3271 8473
f 8473 3271 3273
f 8635 8473 3273
f 8474 8473 8635
f 8474 8636 8475
f 8474 8635 8636
f 8636 3275 3276
f 8476 8636 3276
f 8475 8636 8476
f 8476 3276 3277
f 8476 3277 8477
f 8477 3277 3279
f 8477 3279 8478
f 8478 3279 3281
f 8637 8478 3281
f 8479 8478 8637
f 8637 3283 3284
f 8480 8637 3284
f 8479 8637 8480
f 8480 3284 3285
f 8480 3285 8481
f 8481 3285 3287
f 8638 8481 3287
f 8482 8481 8638
f 8482 8639 8483
f 8482 8638 8639
f 8483 8640 8484
f 8483 8639 8640
f 8640 3289 3290
f 8485 8640 3290
f 8484 8640 8485
f 8485 3290 3291
f 8485 3291 8486
f 8486 3291 3293
f 8641 8486 3293
f 8487 8486 8641
f 8487 8642 8488
f 8487 8641 8642
f 8488 8643 8489
f 8488 8642 8643
f 8489 8644 8490
f 8489 8643 8644
f 8644 3295 3296
f 8491 8644 3296
f 8490 8644 8491
f 8491 3296 3297
f 8491 3297 8492
f 8492 3297 3299
f 8645 8492 3299
f 8493 8492 8645
f 8493 8646 8494
f 8493 8645 8646
f 8494 8647 8495
f 8494 8646 8647
f 8495 8648 8496
f 8495 8647 8648
f 8496 8649 8497
f 8496 8648 8649
f 8649 3301 3302
f 8498 8649 3302
f 8497 8649 8498
f 8498 3302 3303
f 8498 3303 8499
f 8499 3303 3305
f 8499 3305 8500
f 8500 3305 3307
f 8500 3307 8501
f 8501 3307 3309
f 8650 8501 3309
f 8502 8501 8650
f 8502 8651 8503
f 8502 8650 8651
f 8503 8652 8504
f 8503 8651 8652
f 8504 8653 8505
f 8504 8652 8653
f 8653 3311 3312
f 8506 8653 3312
f 8505 8653 8506
f 8506 3312 3177
f 3315 8507 3179
f 8507 3315 3317
f 8507 3317 8508
f 8508 3317 3319
f 8654 8508 3319
f 8509 8508 8654
f 8509 8655 8510
f 8509 8654 8655
f 8655 3321 3322
f 8511 8655 3322
f 8510 8655 8511
f 8511 3322 3186
f 3325 8512 3188
f 8512 3325 3327
f 8656 8512 3327
f 8513 8512 8656
f 8513 8657 8514
f 8513 8656 8657
f 8514 8658 8515
f 8514 8657 8658
f 8515 8659 8516
f 8515 8658 8659
f 8659 3329 3330
f 8517 8659 3330
f 8516 8659 8517
f 8517 3330 3193
f 3332 8518 3194
f 8518 3332 3334
f 8518 3334 8519
f 8519 3334 3336
f 8519 3336 8520
f 8520 3336 3338
f 8520 3338 8521
f 8521 3338 3340
f 8660 8521 3340
f 8522 8521 8660
f 8522 8661 8523
f 8522 8660 8661
f 8523 8662 8524
f 8523 8661 8662
f 8662 3342 3343
f 8525 8662 3343
f 8524 8662 8525
f 8525 3343 3344
f 8525 3344 8526
f 8526 3344 3346
f 8663 8526 3346
f 8527 8526 8663
f 8527 8664 8528
f 8527 8663 8664
f 8528 8665 8529
f 8528 8664 8665
f 8529 8666 8530
f 8529 8665 8666
f 8666 3348 3349
f 8531 8666 3349
f 8530 8666 8531
f 8531 3349 3350
f 8531 3350 8532
f 8532 3350 3352
f 8532 3352 8533
f 8533 3352 3354
f 8533 3354 8534
f 8534 3354 3356
f 8534 3356 8535
f 8535 3356 3358
f 8535 3358 8536
f 8536 3358 3360
f 8667 8536 3360
f 8537 8536 8667
f 8667 3362 3363
f 8538 8667 3363
f 8537 8667 8538
f 8538 3363 3364
f 8538 3364 8539
f 8539 3364 3366
f 8539 3366 8540
f 8540 3366 3368
f 8540 3368 8541
f 8541 3368 3370
f 8668 8541 3370
f 8542 8541 8668
f 8542 8669 8543
f 8542 8668 8669
f 8543 8670 8544
f 8543 8669 8670
f 8544 8671 8545
f 8544 8670 8671
f 8671 3372 3373
f 8546 8671 3373
f 8545 8671 8546
f 8546 3373 3204
f 3376 8547 3206
f 8547 3376 3378
f 8547 3378 8548
f 8548 3378 3380
f 8548 3380 8549
f 8549 3380 3382
f 8672 8549 3382
f 8550 8549 8672
f 8550 8673 8551
f 8550 8672 8673
f 8673 3384 3385
f 8552 8673 3385
f 8551 8673 8552
f 8552 3385 3210
f 3387 8553 3211
f 8553 3387 3389
f 8674 8553 3389
f 8554 8553 8674
f 8554 8675 8555
f 8554 8674 8675
f 8555 8676 8556
f 8555 8675 8676
f 8556 8677 8557
f 8556 8676 8677
f 8557 8678 8558
f 8557 8677 8678
f 8678 3391 3392
f 8559 8678 3392
f 8558 8678 8559
f 8559 3392 3393
f 8559 3393 8560
f 8560 3393 3395
f 8560 3395 8561
f 8561 3395 3397
f 8561 3397 8562
f 8562 3397 3399
f 8562 3399 8563
f 8563 3399 3401
f 8679 8563 3401
f 8564 8563 8679
f 8564 8680 8565
f 8564 8679 8680
f 8565 8681 8566
f 8565 8680 8681
f 8566 8682 8567
f 8566 8681 8682
f 8682 3403 3404
f 8568 8682 3404
f 8567 8682 8568
f 8568 3404 3405
f 8683 8568 3405
f 8569 8568 8683
f 8570 8569 8684
f 8569 8685 8684
f 8569 8683 8685
f 8687 8686 8685
f 8685 8686 8684
f 8686 8687 8574
f 8687 8573 8574
f 8687 8688 8573
f 8688 3407 3408
f 8575 8688 3408
f 8573 8688 8575
f 8575 3408 3409
f 8575 3409 8576
f 8576 3409 3411
f 8689 8576 3411
f 8577 8576 8689
f 8577 8690 8578
f 8577 8689 8690
f 8578 8691 8579
f 8578 8690 8691
f 8691 3413 3414
f 8580 8691 3414
f 8579 8691 8580
f 8580 3414 3415
f 8692 8580 3415
f 8581 8580 8692
f 8581 8693 8582
f 8581 8692 8693
f 8693 3417 3418
f 8583 8693 3418
f 8582 8693 8583
f 8583 3418 3223
f 3420 8584 3224
f 8584 3420 3422
f 8694 8584 3422
f 8585 8584 8694
f 8585 8695 8586
f 8585 8694 8695
f 8586 8696 8587
f 8586 8695 8696
f 8587 8697 8588
f 8587 8696 8697
f 8697 3424 3425
f 8589 8697 3425
f 8588 8697 8589
f 8589 3425 3228
f 3428 8590 3230
f 8590 3428 3430
f 8698 8590 3430
f 8591 8590 8698
f 8698 3432 3433
f 8592 8698 3433
f 8591 8698 8592
f 8592 3433 3434
f 8699 8592 3434
f 8593 8592 8699
f 8593 8700 8594
f 8593 8699 8700
f 8700 3436 3235
f 8700 3235 8594
f 3438 8701 8595
f 3438 8595 3237
f 8595 8702 8596
f 8595 8701 8702
f 8596 8703 8597
f 8596 8702 8703
f 8597 8704 8598
f 8597 8703 8704
f 8598 8705 8599
f 8598 8704 8705
f 8599 8706 8600
f 8599 8705 8706
f 8706 3440 3241
f 8706 3241 8600
f 3442 8601 3243
f 8601 3442 3444
f 8601 3444 8602
f 8602 3444 3446
f 8707 8602 3446
f 8603 8602 8707
f 8603 8708 8604
f 8603 8707 8708
f 8604 8709 8605
f 8604 8708 8709
f 8605 8710 8606
f 8605 8709 8710
f 8710 3448 3449
f 8607 8710 3449
f 8606 8710 8607
f 8607 3449 3450
f 8607 3450 8608
f 8608 3450 3452
f 8711 8608 3452
f 8609 8608 8711
f 8610 8609 8712
f 8609 8713 8712
f 8609 8711 8713
f 8715 8714 8713
f 8713 8714 8712
f 8714 8715 8614
f 8715 8613 8614
f 8715 8716 8613
f 8613 8717 8615
f 8613 8716 8717
f 8615 8718 8616
f 8615 8717 8718
f 8616 8719 8617
f 8616 8718 8719
f 8617 8720 8618
f 8617 8719 8720
f 8618 8721 8619
f 8618 8720 8721
f 8721 3454 3455
f 8620 8721 3455
f 8619 8721 8620
f 8620 3455 3456
f 8722 8620 3456
f 8621 8620 8722
f 8621 8723 8622
f 8621 8722 8723
f 8723 3458 3459
f 8623 8723 3459
f 8622 8723 8623
f 8623 3459 3460
f 8623 3460 8624
f 8624 3460 3462
f 8724 8624 3462
f 8625 8624 8724
f 8625 8725 8626
f 8625 8724 8725
f 8626 8726 8627
f 8626 8725 8726
f 8627 8727 8628
f 8627 8726 8727
f 8628 8728 8629
f 8628 8727 8728
f 8728 3464 3465
f 8630 8728 3465
f 8629 8728 8630
f 8630 3465 3256
f 3467 8631 3257
f 8631 3467 3469
f 8729 8631 3469
f 8632 8631 8729
f 8729 3471 3472
f 8633 8729 3472
f 8632 8729 8633
f 8633 3472 3473
f 8633 3473 8634
f 8730 3476 3475
f 8730 3475 8731
f 8732 3477 3476
f 8732 3476 8730
f 8732 3479 3477
f 3481 8733 3482
f 8734 3483 3482
f 8734 3482 8733
f 8735 3484 3483
f 8735 3483 8734
f 8635 3273 3484
f 8735 8635 3484
f 8736 8635 8735
f 8635 8737 8636
f 8635 8736 8737
f 8738 3485 3275
f 8636 8738 3275
f 8737 8738 8636
f 8739 3486 3485
f 8739 3485 8738
f 8740 3487 3486
f 8740 3486 8739
f 8637 3281 3487
f 8740 8637 3487
f 8741 8637 8740
f 8742 3488 3283
f 8637 8742 3283
f 8741 8742 8637
f 8743 3489 3488
f 8743 3488 8742
f 8638 3287 3489
f 8743 8638 3489
f 8744 8638 8743
f 8638 8745 8639
f 8638 8744 8745
f 8639 8746 8640
f 8639 8745 8746
f 8747 3490 3289
f 8640 8747 3289
f 8746 8747 8640
f 8748 3491 3490
f 8748 3490 8747
f 8641 3293 3491
f 8748 8641 3491
f 8749 8641 8748
f 8641 8750 8642
f 8641 8749 8750
f 8642 8751 8643
f 8642 8750 8751
f 8643 8752 8644
f 8643 8751 8752
f 8753 3492 3295
f 8644 8753 3295
f 8752 8753 8644
f 8754 3493 3492
f 8754 3492 8753
f 8645 3299 3493
f 8754 8645 3493
f 8755 8645 8754
f 8645 8756 8646
f 8645 8755 8756
f 8646 8757 8647
f 8646 8756 8757
f 8647 8758 8648
f 8647 8757 8758
f 8648 8759 8649
f 8648 8758 8759
f 8760 3494 3301
f 8649 8760 3301
f 8759 8760 8649
f 8761 3495 3494
f 8761 3494 8760
f 8762 3496 3495
f 8762 3495 8761
f 8763 3497 3496
f 8763 3496 8762
f 8650 3309 3497
f 8763 8650 3497
f 8764 8650 8763
f 8650 8765 8651
f 8650 8764 8765
f 8651 8766 8652
f 8651 8765 8766
f 8652 8767 8653
f 8652 8766 8767
f 8768 3498 3311
f 8653 8768 3311
f 8767 8768 8653
f 8768 3500 3498
f 3502 8769 3503
f 8770 3504 3503
f 8770 3503 8769
f 8654 3319 3504
f 8770 8654 3504
f 8771 8654 8770
f 8654 8772 8655
f 8654 8771 8772
f 8773 3505 3321
f 8655 8773 3321
f 8772 8773 8655
f 8773 3507 3505
f 3509 8774 3510
f 8656 3327 3510
f 8774 8656 3510
f 8775 8656 8774
f 8656 8776 8657
f 8656 8775 8776
f 8657 8777 8658
f 8657 8776 8777
f 8658 8778 8659
f 8658 8777 8778
f 8779 3511 3329
f 8659 8779 3329
f 8778 8779 8659
f 8780 3512 3511
f 8780 3511 8779
f 8781 3513 3512
f 8781 3512 8780
f 8782 3514 3513
f 8782 3513 8781
f 8783 3515 3514
f 8783 3514 8782
f 8784 3516 3515
f 8784 3515 8783
f 8660 3340 3516
f 8784 8660 3516
f 8785 8660 8784
f 8660 8786 8661
f 8660 8785 8786
f 8661 8787 8662
f 8661 8786 8787
f 8788 3517 3342
f 8662 8788 3342
f 8787 8788 8662
f 8789 3518 3517
f 8789 3517 8788
f 8663 3346 3518
f 8789 8663 3518
f 8790 8663 8789
f 8663 8791 8664
f 8663 8790 8791
f 8664 8792 8665
f 8664 8791 8792
f 8665 8793 8666
f 8665 8792 8793
f 8794 3519 3348
f 8666 8794 3348
f 8793 8794 8666
f 8795 3520 3519
f 8795 3519 8794
f 8796 3521 3520
f 8796 3520 8795
f 8797 3522 3521
f 8797 3521 8796
f 8798 3523 3522
f 8798 3522 8797
f 8799 3524 3523
f 8799 3523 8798
f 8667 3360 3524
f 8799 8667 3524
f 8800 8667 8799
f 8801 3525 3362
f 8667 8801 3362
f 8800 8801 8667
f 8802 3526 3525
f 8802 3525 8801
f 8803 3527 3526
f 8803 3526 8802
f 8804 3528 3527
f 8804 3527 8803
f 8668 3370 3528
f 8804 8668 3528
f 8805 8668 8804
f 8668 8806 8669
f 8668 8805 8806
f 8669 8807 8670
f 8669 8806 8807
f 8670 8808 8671
f 8670 8807 8808
f 8809 3529 3372
f 8671 8809 3372
f 8808 8809 8671
f 8809 3531 3529
f 3534 8810 3535
f 8811 3536 3535
f 8811 3535 8810
f 8672 3382 3536
f 8811 8672 3536
f 8812 8672 8811
f 8672 8813 8673
f 8672 8812 8813
f 8813 3538 3384
f 8813 3384 8673
f 3540 8814 3541
f 8674 3389 3541
f 8814 8674 3541
f 8815 8674 8814
f 8674 8816 8675
f 8674 8815 8816
f 8675 8817 8676
f 8675 8816 8817
f 8676 8818 8677
f 8676 8817 8818
f 8677 8819 8678
f 8677 8818 8819
f 8819 3543 3391
f 8819 3391 8678
f 3545 8820 3546
f 8821 3547 3546
f 8821 3546 8820
f 8822 3548 3547
f 8822 3547 8821
f 8679 3401 3548
f 8822 8679 3548
f 8823 8679 8822
f 8679 8824 8680
f 8679 8823 8824
f 8680 8825 8681
f 8680 8824 8825
f 8681 8826 8682
f 8681 8825 8826
f 8827 3549 3403
f 8682 8827 3403
f 8826 8827 8682
f 8683 3405 3549
f 8827 8683 3549
f 8828 8683 8827
f 8830 8685 8829
f 8685 8828 8829
f 8685 8683 8828
f 8685 8830 8687
f 8687 8830 8831
f 8833 8832 8831
f 8832 8687 8831
f 8832 8688 8687
f 8834 3550 3407
f 8688 8834 3407
f 8832 8834 8688
f 8835 3551 3550
f 8835 3550 8834
f 8689 3411 3551
f 8835 8689 3551
f 8836 8689 8835
f 8689 8837 8690
f 8689 8836 8837
f 8690 8838 8691
f 8690 8837 8838
f 8839 3552 3413
f 8691 8839 3413
f 8838 8839 8691
f 8692 3415 3552
f 8839 8692 3552
f 8840 8692 8839
f 8692 8841 8693
f 8692 8840 8841
f 8842 3553 3417
f 8693 8842 3417
f 8841 8842 8693
f 8842 3555 3553
f 3556 8843 3557
f 8694 3422 3557
f 8843 8694 3557
f 8844 8694 8843
f 8694 8845 8695
f 8694 8844 8845
f 8695 8846 8696
f 8695 8845 8846
f 8696 8847 8697
f 8696 8846 8847
f 8848 3558 3424
f 8697 8848 3424
f 8847 8848 8697
f 8848 3560 3558
f 3562 8849 3563
f 8698 3430 3563
f 8849 8698 3563
f 8850 8698 8849
f 8851 3564 3432
f 8698 8851 3432
f 8850 8851 8698
f 8699 3434 3564
f 8851 8699 3564
f 8852 8699 8851
f 8699 8853 8700
f 8699 8852 8853
f 8853 3566 3436
f 8853 3436 8700
f 3568 8854 8701
f 3568 8701 3438
f 8701 8855 8702
f 8701 8854 8855
f 8702 8856 8703
f 8702 8855 8856
f 8703 8857 8704
f 8703 8856 8857
f 8704 8858 8705
f 8704 8857 8858
f 8705 8859 8706
f 8705 8858 8859
f 8859 3570 3440
f 8859 3440 8706
f 3572 8860 3573
f 8861 3574 3573
f 8861 3573 8860
f 8707 3446 3574
f 8861 8707 3574
f 8862 8707 8861
f 8707 8863 8708
f 8707 8862 8863
f 8708 8864 8709
f 8708 8863 8864
f 8709 8865 8710
f 8709 8864 8865
f 8866 3575 3448
f 8710 8866 3448
f 8865 8866 8710
f 8867 3576 3575
f 8867 3575 8866
f 8711 3452 3576
f 8867 8711 3576
f 8868 8711 8867
f 8870 8713 8869
f 8713 8868 8869
f 8713 8711 8868
f 8713 8870 8715
f 8715 8870 8871
f 8873 8872 8871
f 8872 8715 8871
f 8872 8716 8715
f 8716 8874 8717
f 8716 8872 8874
f 8717 8875 8718
f 8717 8874 8875
f 8718 8876 8719
f 8718 8875 8876
f 8719 8877 8720
f 8719 8876 8877
f 8720 8878 8721
f 8720 8877 8878
f 8879 3577 3454
f 8721 8879 3454
f 8878 8879 8721
f 8722 3456 3577
f 8879 8722 3577
f 8880 8722 8879
f 8722 8881 8723
f 8722 8880 8881
f 8881 3579 3458
f 8881 3458 8723
f 3581 8882 8724
f 3581 8724 3462
f 8724 8883 8725
f 8724 8882 8883
f 8725 8884 8726
f 8725 8883 8884
f 8726 8885 8727
f 8726 8884 8885
f 8727 8886 8728
f 8727 8885 8886
f 8887 3582 3464
f 8728 8887 3464
f 8886 8887 8728
f 8887 3584 3582
f 3585 8888 3586
f 8729 3469 3586
f 8888 8729 3586
f 8889 8729 8888
f 8890 3587 3471
f 8729 8890 3471
f 8889 8890 8729
f 8891 3588 3587
f 8891 3587 8890
f 4222 8892 4223
f 8893 4224 4223
f 8893 4223 8892
f 8894 4225 4224
f 8894 4224 8893
f 8895 4226 4225
f 8895 4225 8894
f 8896 4227 4226
f 8896 4226 8895
f 8897 4228 4227
f 8897 4227 8896
f 8898 4229 4228
f 8898 4228 8897
f 8899 4230 4229
f 8899 4229 8898
f 8900 4231 4230
f 8900 4230 8899
f 8901 4232 4231
f 8901 4231 8900
f 8902 4233 4232
f 8902 4232 8901
f 8903 4234 4233
f 8903 4233 8902
f 8904 4235 4234
f 8904 4234 8903
f 8905 4236 4235
f 8905 4235 8904
f 8906 4237 4236
f 8906 4236 8905
f 8907 4238 4237
f 8907 4237 8906
f 8908 4239 4238
f 8908 4238 8907
f 8908 4241 4239
f 4242 8909 4243
f 8910 4244 4243
f 8910 4243 8909
f 8911 4245 4244
f 8911 4244 8910
f 8911 4247 4245
f 4248 8912 4249
f 8913 4250 4249
f 8913 4249 8912
f 8913 4252 4250
f 4254 8914 4255
f 8915 4256 4255
f 8915 4255 8914
f 8916 4257 4256
f 8916 4256 8915
f 8917 4258 4257
f 8917 4257 8916
f 8918 4259 4258
f 8918 4258 8917
f 8919 4260 4259
f 8919 4259 8918
f 8919 4262 4260
f 4263 8920 4264
f 8921 4265 4264
f 8921 4264 8920
f 8922 4266 4265
f 8922 4265 8921
f 8923 4267 4266
f 8923 4266 8922
f 8924 4268 4267
f 8924 4267 8923
f 8925 4269 4268
f 8925 4268 8924
f 8925 4271 4269
f 4272 8926 4273
f 8927 4274 4273
f 8927 4273 8926
f 8928 4275 4274
f 8928 4274 8927
f 8929 4276 4275
f 8929 4275 8928
f 8930 4277 4276
f 8930 4276 8929
f 8931 4278 4277
f 8931 4277 8930
f 8932 4279 4278
f 8932 4278 8931
f 8933 4280 4279
f 8933 4279 8932
f 8934 4281 4280
f 8934 4280 8933
f 8935 4282 4281
f 8935 4281 8934
f 8936 4283 4282
f 8936 4282 8935
f 8937 4284 4283
f 8937 4283 8936
f 8938 4285 4284
f 8938 4284 8937
f 8939 4286 4285
f 8939 4285 8938
f 8940 4287 4286
f 8940 4286 8939
f 8941 4288 4287
f 8941 4287 8940
f 8941 4290 4288
f 4323 8942 4324
f 8943 4325 4324
f 8943 4324 8942
f 8943 4327 4325
f 4417 8892 4222
f 8892 4417 4419
f 8892 4419 8893
f 8893 4419 4421
f 8893 4421 8894
f 8894 4421 4423
f 8894 4423 8895
f 8895 4423 4425
f 8895 4425 8896
f 8896 4425 4427
f 8896 4427 8897
f 8897 4427 4429
f 8897 4429 8898
f 8898 4429 4431
f 8898 4431 8899
f 8899 4431 4433
f 8899 4433 8900
f 8900 4433 4435
f 8900 4435 8901
f 8901 4435 4437
f 8901 4437 8902
f 8902 4437 4439
f 8944 8902 4439
f 8903 8902 8944
f 8944 4441 4442
f 8904 8944 4442
f 8903 8944 8904
f 8904 4442 4443
f 8904 4443 8905
f 8905 4443 4445
f 8905 4445 8906
f 8906 4445 4447
f 8906 4447 8907
f 8907 4447 4449
f 8907 4449 8908
f 8908 4449 4241
f 4452 8909 4242
f 8909 4452 4454
f 8909 4454 8910
f 8910 4454 4456
f 8910 4456 8911
f 8911 4456 4247
f 4459 8912 4248
f 8912 4459 4461
f 8912 4461 8913
f 8913 4461 4252
f 4465 8914 4254
f 8914 4465 4467
f 8914 4467 8915
f 8915 4467 4469
f 8915 4469 8916
f 8916 4469 4471
f 8945 8916 4471
f 8917 8916 8945
f 8917 8946 8918
f 8917 8945 8946
f 8946 4473 4474
f 8919 8946 4474
f 8918 8946 8919
f 8919 4474 4262
f 4476 8920 4263
f 8920 4476 4478
f 8920 4478 8921
f 8921 4478 4480
f 8921 4480 8922
f 8922 4480 4482
f 8947 8922 4482
f 8923 8922 8947
f 8923 8948 8924
f 8923 8947 8948
f 8924 8949 8925
f 8924 8948 8949
f 8949 4484 4271
f 8949 4271 8925
f 4485 8926 4272
f 8926 4485 4487
f 8950 8926 4487
f 8927 8926 8950
f 8950 4489 4490
f 8928 8950 4490
f 8927 8950 8928
f 8928 4490 4491
f 8928 4491 8929
f 8929 4491 4493
f 8951 8929 4493
f 8930 8929 8951
f 8930 8952 8931
f 8930 8951 8952
f 8952 4495 4496
f 8932 8952 4496
f 8931 8952 8932
f 8932 4496 4497
f 8932 4497 8933
f 8933 4497 4499
f 8933 4499 8934
f 8934 4499 4501
f 8934 4501 8935
f 8935 4501 4503
f 8935 4503 8936
f 8936 4503 4505
f 8936 4505 8937
f 8937 4505 4507
f 8937 4507 8938
f 8938 4507 4509
f 8938 4509 8939
f 8939 4509 4511
f 8939 4511 8940
f 8940 4511 4513
f 8940 4513 8941
f 8941 4513 4290
f 4548 8942 4323
f 8942 4548 4550
f 8942 4550 8943
f 8943 4550 4327
f 4646 8944 4439
f 8944 4646 4441
f 4663 8945 4471
f 8945 4663 4665
f 8945 4665 8946
f 8946 4665 4473
f 4672 8947 4482
f 8947 4672 4674
f 8947 4674 8948
f 8948 4674 4676
f 8948 4676 8949
f 8949 4676 4484
f 4680 8950 4487
f 8950 4680 4489
f 4684 8951 4493
f 8951 4684 4686
f 8951 4686 8952
f 8952 4686 4495
f 4803 8953 4804
f 8954 4805 4804
f 8954 4804 8953
f 8954 4807 4805
f 4810 8955 4811
f 8956 4812 4811
f 8956 4811 8955
f 8957 4813 4812
f 8957 4812 8956
f 8958 4814 4813
f 8958 4813 8957
f 8959 4815 4814
f 8959 4814 8958
f 8960 4816 4815
f 8960 4815 8959
f 8960 4818 4816
f 4819 8961 4820
f 8962 4821 4820
f 8962 4820 8961
f 8963 4822 4821
f 8963 4821 8962
f 8964 4823 4822
f 8964 4822 8963
f 8965 4824 4823
f 8965 4823 8964
f 8966 4825 4824
f 8966 4824 8965
f 8967 4826 4825
f 8967 4825 8966
f 8967 4828 4826
f 4905 8968 4906
f 8968 4908 4906
f 4909 8969 4910
f 8970 4911 4910
f 8970 4910 8969
f 8971 4912 4911
f 8971 4911 8970
f 8972 4913 4912
f 8972 4912 8971
f 8973 4914 4913
f 8973 4913 8972
f 8974 4915 4914
f 8974 4914 8973
f 8975 4916 4915
f 8975 4915 8974
f 8953 4803 4916
f 8975 8953 4916
f 8976 8953 8975
f 8953 8977 8954
f 8953 8976 8977
f 8978 4917 4807
f 8954 8978 4807
f 8977 8978 8954
f 8979 4918 4917
f 8979 4917 8978
f 8980 4919 4918
f 8980 4918 8979
f 8955 4810 4919
f 8980 8955 4919
f 8981 8955 8980
f 8955 8982 8956
f 8955 8981 8982
f 8956 8983 8957
f 8956 8982 8983
f 8985 8958 8984
f 8958 8983 8984
f 8958 8957 8983
f 8958 8985 8959
f 8959 8985 8986
f 8988 8987 8986
f 8987 8959 8986
f 8987 8960 8959
f 8989 4920 4818
f 8960 8989 4818
f 8987 8989 8960
f 8961 4819 4920
f 8989 8961 4920
f 8990 8961 8989
f 8961 8991 8962
f 8961 8990 8991
f 8962 8992 8963
f 8962 8991 8992
f 8963 8993 8964
f 8963 8992 8993
f 8964 8994 8965
f 8964 8993 8994
f 8965 8995 8966
f 8965 8994 8995
f 8966 8996 8967
f 8966 8995 8996
f 8997 4921 4828
f 8967 8997 4828
f 8996 8997 8967
f 8998 4922 4921
f 8998 4921 8997
f 8999 4923 4922
f 8999 4922 8998
f 9000 4924 4923
f 9000 4923 8999
f 9000 4926 4924
f 4927 9001 4928
f 9001 4930 4928
f 5062 9002 5063
f 9002 5065 5063
f 5072 9003 8968
f 5072 8968 4905
f 9003 5074 4908
f 9003 4908 8968
f 5075 9004 8969
f 5075 8969 4909
f 8969 9005 8970
f 8969 9004 9005
f 8970 9006 8971
f 8970 9005 9006
f 8971 9007 8972
f 8971 9006 9007
f 8972 9008 8973
f 8972 9007 9008
f 8973 9009 8974
f 8973 9008 9009
f 8974 9010 8975
f 8974 9009 9010
f 8975 9011 8976
f 8975 9010 9011
f 8976 9012 8977
f 8976 9011 9012
f 8977 9013 8978
f 8977 9012 9013
f 8978 9014 8979
f 8978 9013 9014
f 8979 9015 8980
f 8979 9014 9015
f 8980 9016 8981
f 8980 9015 9016
f 8981 9017 8982
f 8981 9016 9017
f 8982 9018 8983
f 8982 9017 9018
f 8984 8983 9019
f 9019 8983 9018
f 8987 8988 9020
f 9020 8988 9021
f 8987 9022 8989
f 8987 9020 9022
f 8989 9023 8990
f 8989 9022 9023
f 8990 9024 8991
f 8990 9023 9024
f 8991 9025 8992
f 8991 9024 9025
f 8992 9026 8993
f 8992 9025 9026
f 8993 9027 8994
f 8993 9026 9027
f 8994 9028 8995
f 8994 9027 9028
f 8995 9029 8996
f 8995 9028 9029
f 8996 9030 8997
f 8996 9029 9030
f 8997 9031 8998
f 8997 9030 9031
f 8998 9032 8999
f 8998 9031 9032
f 8999 9033 9000
f 8999 9032 9033
f 9034 5076 4926
f 9000 9034 4926
f 9033 9034 9000
f 9034 4927 5076
f 9034 9001 4927
f 9034 5079 5077
f 9001 9034 5077
f 4930 9001 5077
f 5080 5081 9035
f 9036 5082 5080
f 9036 5080 9035
f 9037 5083 5082
f 9037 5082 9036
f 9038 5084 5083
f 9038 5083 9037
f 9038 5086 5084
f 5119 9039 5120
f 9039 5122 5120
f 5217 9040 5218
f 9002 5062 5218
f 9040 9002 5218
f 9041 9002 9040
f 9042 5219 5065
f 9002 9042 5065
f 9041 9042 9002
f 9043 5220 5219
f 9043 5219 9042
f 9043 5222 5220
f 5226 9044 5227
f 9003 5072 5227
f 9044 9003 5227
f 9045 9003 9044
f 9046 5228 5074
f 9003 9046 5074
f 9045 9046 9003
f 9004 5075 5228
f 9046 9004 5228
f 9047 9004 9046
f 9049 9005 9048
f 9005 9047 9048
f 9005 9004 9047
f 9051 9050 9049
f 9050 9005 9049
f 9050 9006 9005
f 9006 9052 9007
f 9006 9050 9052
f 9007 9053 9008
f 9007 9052 9053
f 9008 9054 9009
f 9008 9053 9054
f 9009 9055 9010
f 9009 9054 9055
f 9057 9011 9056
f 9011 9055 9056
f 9011 9010 9055
f 9011 9057 9012
f 9012 9057 9058
f 9060 9059 9058
f 9059 9012 9058
f 9059 9013 9012
f 9013 9061 9014
f 9013 9059 9061
f 9014 9062 9015
f 9014 9061 9062
f 9064 9016 9063
f 9016 9062 9063
f 9016 9015 9062
f 9016 9064 9017
f 9017 9064 9065
f 9017 9065 9018
f 9018 9065 9066
f 9018 9066 9019
f 9021 9067 9020
f 9069 9068 9067
f 9068 9020 9067
f 9068 9022 9020
f 9022 9070 9023
f 9022 9068 9070
f 9023 9071 9024
f 9023 9070 9071
f 9024 9072 9025
f 9024 9071 9072
f 9025 9073 9026
f 9025 9072 9073
f 9075 9027 9074
f 9027 9073 9074
f 9027 9026 9073
f 9027 9075 9028
f 9028 9075 9076
f 9078 9077 9076
f 9077 9028 9076
f 9077 9029 9028
f 9029 9079 9030
f 9029 9077 9079
f 9030 9080 9031
f 9030 9079 9080
f 9031 9081 9032
f 9031 9080 9081
f 9032 9082 9033
f 9032 9081 9082
f 9033 9083 9034
f 9033 9082 9083
f 9084 5229 5079
f 9034 9084 5079
f 9083 9084 9034
f 9035 5081 5229
f 9084 9035 5229
f 9085 9035 9084
f 9035 9086 9036
f 9035 9085 9086
f 9036 9087 9037
f 9036 9086 9087
f 9037 9088 9038
f 9037 9087 9088
f 9088 5231 5086
f 9088 5086 9038
f 5262 9039 5119
f 9039 5262 5122
f 5341 9089 5342
f 9090 5343 5342
f 9090 5342 9089
f 9091 5344 5343
f 9091 5343 9090
f 9092 5345 5344
f 9092 5344 9091
f 9093 5346 5345
f 9093 5345 9092
f 9094 5347 5346
f 9094 5346 9093
f 5347 9094 9095
f 9096 5347 9095
f 5348 5347 9096
f 5348 9097 5349
f 9096 9097 5348
f 9097 9099 9098
f 5350 9097 9098
f 5349 9097 5350
f 9100 5351 5350
f 9100 5350 9098
f 9101 5352 5351
f 9101 5351 9100
f 9101 9102 5352
f 5352 9102 5217
f 9102 9103 5217
f 9103 9040 5217
f 9040 9103 9041
f 9041 9103 9104
f 9041 9104 9042
f 9042 9104 9105
f 9042 9105 9043
f 9043 9105 9106
f 9043 9106 5222
f 9106 5353 5222
f 9106 9107 5353
f 9107 9109 9108
f 5354 9107 9108
f 5353 9107 5354
f 9110 5355 5354
f 9110 5354 9108
f 5355 9110 9111
f 9112 5355 9111
f 5356 5355 9112
f 5226 5356 9044
f 5356 9113 9044
f 5356 9112 9113
f 9044 9113 9045
f 9045 9113 9114
f 9045 9114 9046
f 9046 9114 9115
f 9046 9115 9047
f 9047 9115 9116
f 9047 9116 9048
f 9051 9117 9050
f 9050 9117 9052
f 9052 9117 9118
f 9052 9118 9053
f 9053 9118 9119
f 9053 9119 9054
f 9054 9119 9120
f 9054 9120 9055
f 9055 9120 9121
f 9055 9121 9056
f 9060 9122 9059
f 9059 9122 9061
f 9061 9122 9123
f 9061 9123 9062
f 9062 9123 9124
f 9062 9124 9063
f 9069 9125 9068
f 9068 9125 9070
f 9070 9125 9126
f 9070 9126 9071
f 9071 9126 9127
f 9071 9127 9072
f 9072 9127 9128
f 9072 9128 9073
f 9073 9128 9129
f 9073 9129 9074
f 9078 9130 9077
f 9077 9130 9079
f 9079 9130 9131
f 9079 9131 9080
f 9080 9131 9132
f 9080 9132 9081
f 9081 9132 9133
f 9081 9133 9082
f 9082 9133 9134
f 9082 9134 9083
f 9083 9134 9135
f 9083 9135 9084
f 9084 9135 9136
f 9084 9136 9085
f 9085 9136 9137
f 9085 9137 9086
f 9086 9137 9138
f 9086 9138 9087
f 9087 9138 9139
f 9141 9140 9139
f 9140 9087 9139
f 9140 9088 9087
f 9142 5357 5231
f 9088 9142 5231
f 9140 9142 9088
f 9143 5358 5357
f 9143 5357 9142
f 9144 5359 5358
f 9144 5358 9143
f 9145 5360 5359
f 9145 5359 9144
f 9146 5361 5360
f 9146 5360 9145
f 9147 5362 5361
f 9147 5361 9146
f 9148 5363 5362
f 9148 5362 9147
f 9149 5364 5363
f 9149 5363 9148
f 9150 5365 5364
f 9150 5364 9149
f 9150 5367 5365
f 5368 9151 5369
f 9151 5371 5369
f 5472 9152 5473
f 9153 5474 5473
f 9153 5473 9152
f 9154 5475 5474
f 9154 5474 9153
f 9155 5476 5475
f 9155 5475 9154
f 9155 5478 5476
f 5480 9156 5481
f 9157 5482 5481
f 9157 5481 9156
f 9158 5483 5482
f 9158 5482 9157
f 9089 5341 5483
f 9158 9089 5483
f 9159 9089 9158
f 9161 9090 9160
f 9090 9159 9160
f 9090 9089 9159
f 9090 9161 9091
f 9091 9161 9162
f 9164 9163 9162
f 9163 9091 9162
f 9163 9092 9091
f 9092 9165 9093
f 9092 9163 9165
f 9167 9094 9166
f 9094 9165 9166
f 9094 9093 9165
f 9094 9167 9095
f 9099 9168 9098
f 9098 9168 9100
f 9100 9168 9169
f 9100 9169 9101
f 9101 9169 9170
f 9101 9170 9102
f 9109 9171 9108
f 9108 9171 9110
f 9110 9171 9172
f 9110 9172 9111
f 9141 9173 9140
f 9140 9173 9142
f 9142 9173 9174
f 9142 9174 9143
f 9143 9174 9175
f 9177 9176 9175
f 9176 9143 9175
f 9176 9144 9143
f 9144 9178 9145
f 9144 9176 9178
f 9145 9179 9146
f 9145 9178 9179
f 9146 9180 9147
f 9146 9179 9180
f 9147 9181 9148
f 9147 9180 9181
f 9148 9182 9149
f 9148 9181 9182
f 9149 9183 9150
f 9149 9182 9183
f 9184 5484 5367
f 9150 9184 5367
f 9183 9184 9150
f 9151 5368 5484
f 9184 9151 5484
f 9185 9151 9184
f 9186 5485 5371
f 9151 9186 5371
f 9185 9186 9151
f 9186 5487 5485
f 5490 9187 5491
f 9188 5492 5491
f 9188 5491 9187
f 9189 5493 5492
f 9189 5492 9188
f 9190 5494 5493
f 9190 5493 9189
f 9191 5495 5494
f 9191 5494 9190
f 9191 5497 5495
f 5510 9192 5511
f 9193 5512 5511
f 9193 5511 9192
f 9193 5514 5512
f 5593 9152 5472
f 9152 5593 5595
f 9194 9152 5595
f 9153 9152 9194
f 9194 5597 5598
f 9154 9194 5598
f 9153 9194 9154
f 9154 5598 5599
f 9154 5599 9155
f 9155 5599 5478
f 5603 9156 5480
f 9156 5603 5605
f 9156 5605 9157
f 9157 5605 5607
f 9195 9157 5607
f 9158 9157 9195
f 9158 9196 9159
f 9158 9195 9196
f 9160 9159 9197
f 9159 9198 9197
f 9159 9196 9198
f 9200 9199 9198
f 9198 9199 9197
f 9199 9200 9164
f 9200 9163 9164
f 9200 9201 9163
f 9163 9202 9165
f 9163 9201 9202
f 9166 9165 9203
f 9203 9165 9202
f 9206 9205 9204
f 9208 9207 9204
f 9204 9207 9206
f 9207 9208 9177
f 9208 9176 9177
f 9208 9209 9176
f 9176 9210 9178
f 9176 9209 9210
f 9178 9211 9179
f 9178 9210 9211
f 9179 9212 9180
f 9179 9211 9212
f 9180 9213 9181
f 9180 9212 9213
f 9181 9214 9182
f 9181 9213 9214
f 9182 9215 9183
f 9182 9214 9215
f 9183 9216 9184
f 9183 9215 9216
f 9184 9217 9185
f 9184 9216 9217
f 9185 9218 9186
f 9185 9217 9218
f 9218 5609 5487
f 9218 5487 9186
f 5612 9187 5490
f 9187 5612 5614
f 9187 5614 9188
f 9188 5614 5616
f 9188 5616 9189
f 9189 5616 5618
f 9219 9189 5618
f 9190 9189 9219
f 9219 5620 5621
f 9191 9219 5621
f 9190 9219 9191
f 9191 5621 5497
f 5635 9220 9192
f 5635 9192 5510
f 9220 5637 5638
f 9193 9220 5638
f 9192 9220 9193
f 9193 5638 5514
f 5707 9194 5595
f 9194 5707 5597
f 5715 9195 5607
f 9195 5715 5717
f 9221 9195 5717
f 9196 9195 9221
f 9196 9222 9198
f 9196 9221 9222
f 9198 9223 9200
f 9198 9222 9223
f 9223 5719 5720
f 9201 9223 5720
f 9200 9223 9201
f 9201 5720 5721
f 9224 9201 5721
f 9202 9201 9224
f 9203 9202 9225
f 9202 9226 9225
f 9202 9224 9226
f 9226 9227 9225
f 9230 9229 9228
f 9232 9231 9228
f 9228 9231 9230
f 9232 9233 9231
f 9236 9235 9234
f 9234 9237 9236
f 9240 9239 9238
f 9242 9241 9238
f 9238 9241 9240
f 9244 9243 9242
f 9242 9243 9241
f 9246 9245 9244
f 9244 9245 9243
f 9245 9246 9205
f 9246 9204 9205
f 9246 9247 9204
f 9204 9248 9208
f 9204 9247 9248
f 9208 9249 9209
f 9208 9248 9249
f 9249 5723 5724
f 9210 9249 5724
f 9209 9249 9210
f 9210 5724 5725
f 9210 5725 9211
f 9211 5725 5727
f 9211 5727 9212
f 9212 5727 5729
f 9212 5729 9213
f 9213 5729 5731
f 9213 5731 9214
f 9214 5731 5733
f 9214 5733 9215
f 9215 5733 5735
f 9215 5735 9216
f 9216 5735 5737
f 9216 5737 9217
f 9217 5737 5739
f 9217 5739 9218
f 9218 5739 5609
f 5747 9219 5618
f 9219 5747 5620
f 5758 9220 5635
f 9220 5758 5637
f 5775 9250 5776
f 9251 5777 5776
f 9251 5776 9250
f 9252 5778 5777
f 9252 5777 9251
f 9253 5779 5778
f 9253 5778 9252
f 9254 5780 5779
f 9254 5779 9253
f 9255 5781 5780
f 9255 5780 9254
f 9256 5782 5781
f 9256 5781 9255
f 9257 5783 5782
f 9257 5782 9256
f 9257 9258 5783
f 5783 9258 5717
f 9258 9259 5717
f 9259 9221 5717
f 9221 9259 9222
f 9222 9259 9260
f 9262 9261 9260
f 9261 9222 9260
f 9261 9223 9222
f 9263 5784 5719
f 9223 9263 5719
f 9261 9263 9223
f 9224 5721 5784
f 9263 9224 5784
f 9264 9224 9263
f 9266 9226 9265
f 9226 9264 9265
f 9226 9224 9264
f 9226 9266 9227
f 9229 9267 9228
f 9228 9267 9232
f 9232 9267 9268
f 9232 9268 9233
f 9235 9269 9234
f 9234 9269 9237
f 9239 9270 9238
f 9238 9270 9242
f 9242 9270 9271
f 9242 9271 9244
f 9244 9271 9272
f 9244 9272 9246
f 9246 9272 9273
f 9246 9273 9247
f 9247 9273 9274
f 9276 9275 9274
f 9275 9247 9274
f 9275 9248 9247
f 9248 9277 9249
f 9248 9275 9277
f 9278 5785 5723
f 9249 9278 5723
f 9277 9278 9249
f 9279 5786 5785
f 9279 5785 9278
f 9280 5787 5786
f 9280 5786 9279
f 9281 5788 5787
f 9281 5787 9280
f 9282 5789 5788
f 9282 5788 9281
f 9283 5790 5789
f 9283 5789 9282
f 9284 5791 5790
f 9284 5790 9283
f 9284 5793 5791
f 5847 9286 9285
f 9287 5847 9285
f 5848 5847 9287
f 9287 9289 9288
f 5849 9287 9288
f 5848 9287 5849
f 9290 5850 5849
f 9290 5849 9288
f 9291 5851 5850
f 9291 5850 9290
f 5851 9291 9292
f 9293 5851 9292
f 5852 5851 9293
f 5852 9294 5853
f 9293 9294 5852
f 5853 9295 5854
f 9294 9295 5853
f 5775 5854 9250
f 5854 9296 9250
f 5854 9295 9296
f 9250 9296 9251
f 9251 9296 9297
f 9251 9297 9252
f 9252 9297 9298
f 9252 9298 9253
f 9253 9298 9299
f 9253 9299 9254
f 9254 9299 9300
f 9254 9300 9255
f 9255 9300 9301
f 9255 9301 9256
f 9256 9301 9302
f 9256 9302 9257
f 9257 9302 9303
f 9257 9303 9258
f 9262 9304 9261
f 9261 9304 9263
f 9263 9304 9305
f 9263 9305 9264
f 9264 9305 9306
f 9264 9306 9265
f 9276 9307 9275
f 9275 9307 9277
f 9277 9307 9308
f 9277 9308 9278
f 9278 9308 9309
f 9278 9309 9279
f 9279 9309 9310
f 9279 9310 9280
f 9280 9310 9311
f 9280 9311 9281
f 9281 9311 9312
f 9281 9312 9282
f 9282 9312 9313
f 9282 9313 9283
f 9283 9313 9314
f 9283 9314 9284
f 9284 9314 9315
f 9284 9315 5793
f 9315 5855 5793
f 9315 9316 5855
f 5855 9317 5856
f 9316 9317 5855
f 9317 9319 9318
f 5857 9317 9318
f 5856 9317 5857
f 9320 5858 5857
f 9320 5857 9318
f 9321 5859 5858
f 9321 5858 9320
f 9322 5860 5859
f 9322 5859 9321
f 9323 5861 5860
f 9323 5860 9322
f 9324 5862 5861
f 9324 5861 9323
f 5862 9324 9325
f 9326 5862 9325
f 5863 5862 9326
f 9326 9328 9327
f 5864 9326 9327
f 5863 9326 5864
f 9329 5865 5864
f 9329 5864 9327
f 9330 5866 5865
f 9330 5865 9329
f 9331 5867 5866
f 9331 5866 9330
f 9332 5868 5867
f 9332 5867 9331
f 9333 5869 5868
f 9333 5868 9332
f 9334 5870 5869
f 9334 5869 9333
f 9335 5871 5870
f 9335 5870 9334
f 9336 5872 5871
f 9336 5871 9335
f 9337 5873 5872
f 9337 5872 9336
f 9338 5874 5873
f 9338 5873 9337
f 9339 5875 5874
f 9339 5874 9338
f 9340 5876 5875
f 9340 5875 9339
f 9341 5877 5876
f 9341 5876 9340
f 9342 5878 5877
f 9342 5877 9341
f 9343 5879 5878
f 9343 5878 9342
f 9344 5880 5879
f 9344 5879 9343
f 9345 5881 5880
f 9345 5880 9344
f 9346 5882 5881
f 9346 5881 9345
f 9347 5883 5882
f 9347 5882 9346
f 9348 5884 5883
f 9348 5883 9347
f 9349 5885 5884
f 9349 5884 9348
f 9350 5886 5885
f 9350 5885 9349
f 9350 5888 5886
f 5889 9351 5890
f 9352 5891 5890
f 9352 5890 9351
f 9353 5892 5891
f 9353 5891 9352
f 9354 5893 5892
f 9354 5892 9353
f 9354 5895 5893
f 5900 9355 5901
f 9356 5902 5901
f 9356 5901 9355
f 9357 5903 5902
f 9357 5902 9356
f 9357 5905 5903
f 5918 9358 5919
f 9358 5921 5919
f 5931 9359 5932
f 9359 5934 5932
f 5937 9360 5938
f 9361 5939 5938
f 9361 5938 9360
f 9362 5940 5939
f 9362 5939 9361
f 9362 5942 5940
f 5944 9363 5945
f 9364 5946 5945
f 9364 5945 9363
f 9364 5948 5946
f 5950 9365 5951
f 9365 5953 5951
f 5957 9366 5958
f 9367 5959 5958
f 9367 5958 9366
f 9368 5960 5959
f 9368 5959 9367
f 9369 5961 5960
f 9369 5960 9368
f 9370 5962 5961
f 9370 5961 9369
f 9371 5963 5962
f 9371 5962 9370
f 9372 5964 5963
f 9372 5963 9371
f 9373 5965 5964
f 9373 5964 9372
f 9374 5966 5965
f 9374 5965 9373
f 9375 5967 5966
f 9375 5966 9374
f 9286 9376 9285
f 9289 9377 9288
f 9288 9377 9290
f 9290 9377 9378
f 9290 9378 9291
f 9291 9378 9379
f 9291 9379 9292
f 9319 9380 9318
f 9382 9381 9380
f 9381 9318 9380
f 9381 9320 9318
f 9384 9321 9383
f 9321 9381 9383
f 9321 9320 9381
f 9321 9384 9322
f 9322 9384 9385
f 9322 9385 9323
f 9323 9385 9386
f 9323 9386 9324
f 9324 9386 9387
f 9324 9387 9325
f 9328 9388 9327
f 9327 9388 9329
f 9329 9388 9389
f 9329 9389 9330
f 9330 9389 9390
f 9330 9390 9331
f 9331 9390 9391
f 9331 9391 9332
f 9332 9391 9392
f 9332 9392 9333
f 9333 9392 9393
f 9333 9393 9334
f 9334 9393 9394
f 9334 9394 9335
f 9335 9394 9395
f 9397 9396 9395
f 9396 9335 9395
f 9396 9336 9335
f 9336 9398 9337
f 9336 9396 9398
f 9400 9338 9399
f 9338 9398 9399
f 9338 9337 9398
f 9338 9400 9339
f 9339 9400 9401
f 9339 9401 9340
f 9340 9401 9402
f 9340 9402 9341
f 9341 9402 9403
f 9341 9403 9342
f 9342 9403 9404
f 9342 9404 9343
f 9343 9404 9405
f 9343 9405 9344
f 9344 9405 9406
f 9344 9406 9345
f 9345 9406 9407
f 9345 9407 9346
f 9346 9407 9408
f 9346 9408 9347
f 9347 9408 9409
f 9347 9409 9348
f 9348 9409 9410
f 9348 9410 9349
f 9349 9410 9411
f 9413 9412 9411
f 9412 9349 9411
f 9412 9350 9349
f 9414 5968 5888
f 9350 9414 5888
f 9412 9414 9350
f 9351 5889 5968
f 9414 9351 5968
f 9415 9351 9414
f 9351 9416 9352
f 9351 9415 9416
f 9352 9417 9353
f 9352 9416 9417
f 9353 9418 9354
f 9353 9417 9418
f 9419 5969 5895
f 9354 9419 5895
f 9418 9419 9354
f 9420 5970 5969
f 9420 5969 9419
f 9421 5971 5970
f 9421 5970 9420
f 9422 5972 5971
f 9422 5971 9421
f 9423 5973 5972
f 9423 5972 9422
f 9355 5900 5973
f 9423 9355 5973
f 9424 9355 9423
f 9355 9425 9356
f 9355 9424 9425
f 9356 9426 9357
f 9356 9425 9426
f 9427 5974 5905
f 9357 9427 5905
f 9426 9427 9357
f 9428 5975 5974
f 9428 5974 9427
f 9429 5976 5975
f 9429 5975 9428
f 9429 5978 5976
f 5980 9430 5981
f 9431 5982 5981
f 9431 5981 9430
f 9432 5983 5982
f 9432 5982 9431
f 9432 5985 5983
f 5988 9433 5989
f 9434 5990 5989
f 9434 5989 9433
f 9358 5918 5990
f 9434 9358 5990
f 9435 9358 9434
f 9436 5991 5921
f 9358 9436 5921
f 9435 9436 9358
f 9437 5992 5991
f 9437 5991 9436
f 9438 5993 5992
f 9438 5992 9437
f 9438 5995 5993
f 5998 9439 5999
f 9440 6000 5999
f 9440 5999 9439
f 9441 6001 6000
f 9441 6000 9440
f 9442 6002 6001
f 9442 6001 9441
f 9359 5931 6002
f 9442 9359 6002
f 9443 9359 9442
f 9444 6003 5934
f 9359 9444 5934
f 9443 9444 9359
f 9445 6004 6003
f 9445 6003 9444
f 9446 6005 6004
f 9446 6004 9445
f 9360 5937 6005
f 9446 9360 6005
f 9447 9360 9446
f 9449 9361 9448
f 9361 9447 9448
f 9361 9360 9447
f 9451 9450 9449
f 9450 9361 9449
f 9450 9362 9361
f 9452 6006 5942
f 9362 9452 5942
f 9450 9452 9362
f 9453 6007 6006
f 9453 6006 9452
f 9363 5944 6007
f 9453 9363 6007
f 9454 9363 9453
f 9363 9455 9364
f 9363 9454 9455
f 9456 6008 5948
f 9364 9456 5948
f 9455 9456 9364
f 9457 6009 6008
f 9457 6008 9456
f 9365 5950 6009
f 9457 9365 6009
f 9458 9365 9457
f 9459 6010 5953
f 9365 9459 5953
f 9458 9459 9365
f 9460 6011 6010
f 9460 6010 9459
f 9461 6012 6011
f 9461 6011 9460
f 9462 6013 6012
f 9462 6012 9461
f 9366 5957 6013
f 9462 9366 6013
f 9463 9366 9462
f 9366 9464 9367
f 9366 9463 9464
f 9466 9368 9465
f 9368 9464 9465
f 9368 9367 9464
f 9368 9466 9369
f 9369 9466 9467
f 9369 9467 9370
f 9370 9467 9468
f 9470 9469 9468
f 9469 9370 9468
f 9469 9371 9370
f 9472 9372 9471
f 9372 9469 9471
f 9372 9371 9469
f 9372 9472 9373
f 9373 9472 9473
f 9373 9473 9374
f 9374 9473 9474
f 9374 9474 9375
f 9375 9474 9475
f 9478 9477 9476
f 9476 9479 9478
f 9482 9481 9480
f 9482 9480 9382
f 9480 9381 9382
f 9480 9483 9381
f 9383 9381 9484
f 9381 9485 9484
f 9381 9483 9485
f 9485 9486 9484
f 9489 9488 9487
f 9487 9490 9489
f 9493 9492 9491
f 9495 9494 9491
f 9491 9494 9493
f 9497 9496 9495
f 9495 9496 9494
f 9499 9498 9497
f 9497 9498 9496
f 9501 9500 9499
f 9499 9500 9498
f 9503 9502 9501
f 9501 9502 9500
f 9505 9504 9503
f 9503 9504 9502
f 9504 9505 9397
f 9505 9396 9397
f 9505 9506 9396
f 9396 9507 9398
f 9396 9506 9507
f 9399 9398 9508
f 9398 9509 9508
f 9398 9507 9509
f 9511 9510 9509
f 9509 9510 9508
f 9513 9512 9511
f 9511 9512 9510
f 9515 9514 9513
f 9513 9514 9512
f 9517 9516 9515
f 9515 9516 9514
f 9519 9518 9517
f 9517 9518 9516
f 9521 9520 9519
f 9519 9520 9518
f 9523 9522 9521
f 9521 9522 9520
f 9525 9524 9523
f 9523 9524 9522
f 9527 9526 9525
f 9525 9526 9524
f 9529 9528 9527
f 9527 9528 9526
f 9531 9530 9529
f 9529 9530 9528
f 9530 9531 9413
f 9531 9412 9413
f 9531 9532 9412
f 9412 9533 9414
f 9412 9532 9533
f 9533 6015 6016
f 9415 9533 6016
f 9414 9533 9415
f 9415 6016 6017
f 9534 9415 6017
f 9416 9415 9534
f 9416 9535 9417
f 9416 9534 9535
f 9417 9536 9418
f 9417 9535 9536
f 9536 6019 6020
f 9419 9536 6020
f 9418 9536 9419
f 9419 6020 6021
f 9419 6021 9420
f 9420 6021 6023
f 9420 6023 9421
f 9421 6023 6025
f 9421 6025 9422
f 9422 6025 6027
f 9422 6027 9423
f 9423 6027 6029
f 9537 9423 6029
f 9424 9423 9537
f 9424 9538 9425
f 9424 9537 9538
f 9425 9539 9426
f 9425 9538 9539
f 9539 6031 6032
f 9427 9539 6032
f 9426 9539 9427
f 9427 6032 6033
f 9427 6033 9428
f 9428 6033 6035
f 9428 6035 9429
f 9429 6035 5978
f 6039 9430 5980
f 9430 6039 6041
f 9430 6041 9431
f 9431 6041 6043
f 9431 6043 9432
f 9432 6043 5985
f 6048 9433 5988
f 9433 6048 6050
f 9433 6050 9434
f 9434 6050 6052
f 9434 6052 9435
f 9435 6052 6054
f 9435 6054 9436
f 9436 6054 6056
f 9436 6056 9437
f 9437 6056 6058
f 9437 6058 9438
f 9438 6058 5995
f 6063 9439 5998
f 9439 6063 6065
f 9439 6065 9440
f 9440 6065 6067
f 9440 6067 9441
f 9441 6067 6069
f 9441 6069 9442
f 9442 6069 6071
f 9442 6071 9443
f 9443 6071 6073
f 9443 6073 9444
f 9444 6073 6075
f 9444 6075 9445
f 9445 6075 6077
f 9445 6077 9446
f 9446 6077 6079
f 9540 9446 6079
f 9447 9446 9540
f 9448 9447 9541
f 9447 9542 9541
f 9447 9540 9542
f 9541 9542 9451
f 9542 9450 9451
f 9542 9543 9450
f 9543 6081 6082
f 9452 9543 6082
f 9450 9543 9452
f 9452 6082 6083
f 9452 6083 9453
f 9453 6083 6085
f 9544 9453 6085
f 9454 9453 9544
f 9454 9545 9455
f 9454 9544 9545
f 9455 9546 9456
f 9455 9545 9546
f 9546 6087 6088
f 9457 9546 6088
f 9456 9546 9457
f 9457 6088 6089
f 9547 9457 6089
f 9458 9457 9547
f 9547 6091 6092
f 9459 9547 6092
f 9458 9547 9459
f 9459 6092 6093
f 9459 6093 9460
f 9460 6093 6095
f 9460 6095 9461
f 9461 6095 6097
f 9548 9461 6097
f 9462 9461 9548
f 9462 9549 9463
f 9462 9548 9549
f 9463 9550 9464
f 9463 9549 9550
f 9465 9464 9551
f 9464 9552 9551
f 9464 9550 9552
f 9552 9553 9551
f 9556 9555 9554
f 9556 9554 9470
f 9554 9469 9470
f 9554 9557 9469
f 9471 9469 9558
f 9558 9469 9557
f 9476 9477 9559
f 9559 9477 9560
f 9479 9476 9561
f 9476 9562 9561
f 9476 9559 9562
f 9562 9563 9561
f 9480 9481 9564
f 9564 9481 9565
f 9480 9566 9483
f 9480 9564 9566
f 9483 9567 9485
f 9483 9566 9567
f 9486 9485 9568
f 9485 9569 9568
f 9485 9567 9569
f 9568 9569 9488
f 9569 9487 9488
f 9569 9570 9487
f 9490 9487 9571
f 9571 9487 9570
f 9574 9573 9572
f 9574 9572 9492
f 9572 9491 9492
f 9572 9575 9491
f 9491 9576 9495
f 9491 9575 9576
f 9495 9577 9497
f 9495 9576 9577
f 9497 9578 9499
f 9497 9577 9578
f 9499 9579 9501
f 9499 9578 9579
f 9501 9580 9503
f 9501 9579 9580
f 9503 9581 9505
f 9503 9580 9581
f 9581 6099 6100
f 9506 9581 6100
f 9505 9581 9506
f 9506 6100 6101
f 9506 6101 9507
f 9507 6101 6103
f 9507 6103 9509
f 9509 6103 6105
f 9582 9509 6105
f 9511 9509 9582
f 9511 9583 9513
f 9511 9582 9583
f 9513 9584 9515
f 9513 9583 9584
f 9515 9585 9517
f 9515 9584 9585
f 9517 9586 9519
f 9517 9585 9586
f 9519 9587 9521
f 9519 9586 9587
f 9587 6107 6108
f 9523 9587 6108
f 9521 9587 9523
f 9523 6108 6109
f 9588 9523 6109
f 9525 9523 9588
f 9525 9589 9527
f 9525 9588 9589
f 9527 9590 9529
f 9527 9589 9590
f 9529 9591 9531
f 9529 9590 9591
f 9591 6111 6112
f 9532 9591 6112
f 9531 9591 9532
f 9532 6112 6113
f 9532 6113 9533
f 9533 6113 6015
f 6116 9534 6017
f 9534 6116 6118
f 9534 6118 9535
f 9535 6118 6120
f 9535 6120 9536
f 9536 6120 6019
f 6127 9537 6029
f 9537 6127 6129
f 9537 6129 9538
f 9538 6129 6131
f 9538 6131 9539
f 9539 6131 6031
f 6156 9540 6079
f 9540 6156 6158
f 9540 6158 9542
f 9542 6158 6160
f 9542 6160 9543
f 9543 6160 6081
f 6164 9544 6085
f 9544 6164 6166
f 9544 6166 9545
f 9545 6166 6168
f 9545 6168 9546
f 9546 6168 6087
f 6171 9547 6089
f 9547 6171 6091
f 6176 9548 6097
f 9548 6176 6178
f 9592 9548 6178
f 9549 9548 9592
f 9592 6180 6181
f 9550 9592 6181
f 9549 9592 9550
f 9550 6181 6182
f 9593 9550 6182
f 9552 9550 9593
f 9553 9552 9594
f 9552 9595 9594
f 9552 9593 9595
f 9594 9595 9555
f 9595 9554 9555
f 9595 9596 9554
f 9554 9597 9557
f 9554 9596 9597
f 9558 9557 9598
f 9557 9599 9598
f 9557 9597 9599
f 9599 9600 9598
f 9603 9602 9601
f 9601 9604 9603
f 9560 9605 9559
f 9559 9605 9562
f 9562 9605 9606
f 9562 9606 9563
f 9565 9607 9564
f 9609 9608 9607
f 9608 9564 9607
f 9608 9566 9564
f 9611 9567 9610
f 9567 9608 9610
f 9567 9566 9608
f 9567 9611 9569
f 9569 9611 9612
f 9569 9612 9570
f 9570 9612 9613
f 9570 9613 9571
f 9573 9614 9572
f 9572 9614 9575
f 9575 9614 9615
f 9575 9615 9576
f 9576 9615 9616
f 9576 9616 9577
f 9577 9616 9617
f 9577 9617 9578
f 9578 9617 9618
f 9578 9618 9579
f 9579 9618 9619
f 9579 9619 9580
f 9580 9619 9620
f 9580 9620 9581
f 9581 9620 9621
f 9621 9623 9622
f 9621 9622 6183
f 9581 9621 6183
f 6099 9581 6183
f 9624 6184 6183
f 9624 6183 9622
f 9625 6185 6184
f 9625 6184 9624
f 9582 6105 6185
f 9625 9582 6185
f 9626 9582 9625
f 9582 9627 9583
f 9582 9626 9627
f 9629 9584 9628
f 9584 9627 9628
f 9584 9583 9627
f 9584 9629 9585
f 9585 9629 9630
f 9585 9630 9586
f 9586 9630 9631
f 9586 9631 9587
f 9587 9631 9632
f 9632 9634 9633
f 9632 9633 6186
f 9587 9632 6186
f 6107 9587 6186
f 9588 6109 6186
f 9633 9588 6186
f 9635 9588 9633
f 9588 9636 9589
f 9588 9635 9636
f 9589 9637 9590
f 9589 9636 9637
f 9590 9638 9591
f 9590 9637 9638
f 9639 6187 6111
f 9591 9639 6111
f 9638 9639 9591
f 9640 6188 6187
f 9640 6187 9639
f 9641 6189 6188
f 9641 6188 9640
f 9642 6190 6189
f 9642 6189 9641
f 9643 6191 6190
f 9643 6190 9642
f 9644 6192 6191
f 9644 6191 9643
f 9645 6193 6192
f 9645 6192 9644
f 9646 6194 6193
f 9646 6193 9645
f 9647 6195 6194
f 9647 6194 9646
f 9648 6196 6195
f 9648 6195 9647
f 9649 6197 6196
f 9649 6196 9648
f 9650 6198 6197
f 9650 6197 9649
f 9651 6199 6198
f 9651 6198 9650
f 9652 6200 6199
f 9652 6199 9651
f 9653 6201 6200
f 9653 6200 9652
f 9654 6202 6201
f 9654 6201 9653
f 9655 6203 6202
f 9655 6202 9654
f 9655 6205 6203
f 6214 9656 6215
f 9657 6216 6215
f 9657 6215 9656
f 9657 6218 6216
f 6227 9658 6228
f 9659 6229 6228
f 9659 6228 9658
f 9660 6230 6229
f 9660 6229 9659
f 9661 6231 6230
f 9661 6230 9660
f 9662 6232 6231
f 9662 6231 9661
f 9663 6233 6232
f 9663 6232 9662
f 6233 9663 9664
f 9665 6233 9664
f 6234 6233 9665
f 9665 9667 9666
f 6235 9665 9666
f 6234 9665 6235
f 9668 6236 6235
f 9668 6235 9666
f 9669 6237 6236
f 9669 6236 9668
f 9670 6238 6237
f 9670 6237 9669
f 9671 6239 6238
f 9671 6238 9670
f 9672 6240 6239
f 9672 6239 9671
f 9673 6241 6240
f 9673 6240 9672
f 9674 6242 6241
f 9674 6241 9673
f 9675 6243 6242
f 9675 6242 9674
f 9676 6244 6243
f 9676 6243 9675
f 9677 6245 6244
f 9677 6244 9676
f 6245 9677 9678
f 9679 6245 9678
f 6246 6245 9679
f 6178 6246 9592
f 6246 9680 9592
f 6246 9679 9680
f 9592 9680 6180
f 9680 6247 6180
f 9680 9681 6247
f 6182 6247 9593
f 6247 9682 9593
f 6247 9681 9682
f 9593 9682 9595
f 9595 9682 9683
f 9595 9683 9596
f 9596 9683 9684
f 9596 9684 9597
f 9597 9684 9685
f 9597 9685 9599
f 9599 9685 9686
f 9599 9686 9600
f 9602 9687 9601
f 9601 9687 9604
f 9609 9688 9608
f 9608 9688 9610
f 9623 9689 9622
f 9622 9689 9624
f 9624 9689 9690
f 9624 9690 9625
f 9625 9690 9691
f 9625 9691 9626
f 9626 9691 9692
f 9626 9692 9627
f 9627 9692 9693
f 9627 9693 9628
f 9634 9694 9633
f 9633 9694 9635
f 9635 9694 9695
f 9635 9695 9636
f 9636 9695 9696
f 9636 9696 9637
f 9637 9696 9697
f 9637 9697 9638
f 9638 9697 9698
f 9638 9698 9639
f 9639 9698 9699
f 9639 9699 9640
f 9640 9699 9700
f 9640 9700 9641
f 9641 9700 9701
f 9641 9701 9642
f 9642 9701 9702
f 9642 9702 9643
f 9643 9702 9703
f 9643 9703 9644
f 9644 9703 9704
f 9644 9704 9645
f 9645 9704 9705
f 9645 9705 9646
f 9646 9705 9706
f 9646 9706 9647
f 9647 9706 9707
f 9647 9707 9648
f 9648 9707 9708
f 9648 9708 9649
f 9649 9708 9709
f 9649 9709 9650
f 9650 9709 9710
f 9650 9710 9651
f 9651 9710 9711
f 9651 9711 9652
f 9652 9711 9712
f 9652 9712 9653
f 9653 9712 9713
f 9653 9713 9654
f 9654 9713 9714
f 9654 9714 9655
f 9655 9714 9715
f 9655 9715 6205
f 9715 6248 6205
f 9715 9716 6248
f 6248 9717 6249
f 9716 9717 6248
f 6249 9718 6250
f 9717 9718 6249
f 6250 9719 6251
f 9718 9719 6250
f 6251 9720 6252
f 9719 9720 6251
f 6252 9721 6253
f 9720 9721 6252
f 6253 9722 6254
f 9721 9722 6253
f 6254 9723 6255
f 9722 9723 6254
f 6255 9724 6256
f 9723 9724 6255
f 6214 6256 9656
f 6256 9725 9656
f 6256 9724 9725
f 9656 9725 9657
f 9657 9725 9726
f 9657 9726 6218
f 9726 6257 6218
f 9726 9727 6257
f 6257 9728 6258
f 9727 9728 6257
f 6258 9729 6259
f 9728 9729 6258
f 6259 9730 6260
f 9729 9730 6259
f 9730 9732 9731
f 6261 9730 9731
f 6260 9730 6261
f 9733 6262 6261
f 9733 6261 9731
f 6262 9733 9734
f 9735 6262 9734
f 6263 6262 9735
f 6263 9736 6264
f 9735 9736 6263
f 6264 9737 6265
f 9736 9737 6264
f 6227 6265 9658
f 6265 9738 9658
f 6265 9737 9738
f 9658 9738 9659
f 9659 9738 9739
f 9659 9739 9660
f 9660 9739 9740
f 9660 9740 9661
f 9661 9740 9741
f 9661 9741 9662
f 9662 9741 9742
f 9662 9742 9663
f 9663 9742 9743
f 9663 9743 9664
f 9667 9744 9666
f 9666 9744 9668
f 9668 9744 9745
f 9668 9745 9669
f 9669 9745 9746
f 9669 9746 9670
f 9670 9746 9747
f 9670 9747 9671
f 9671 9747 9748
f 9671 9748 9672
f 9672 9748 9749
f 9672 9749 9673
f 9673 9749 9750
f 9673 9750 9674
f 9674 9750 9751
f 9674 9751 9675
f 9675 9751 9752
f 9675 9752 9676
f 9676 9752 9753
f 9676 9753 9677
f 9677 9753 9754
f 9677 9754 9678
f 9732 9755 9731
f 9731 9755 9733
f 9733 9755 9756
f 9733 9756 9734
f 9759 9758 9757
f 9761 9760 9757
f 9757 9760 9759
f 9763 9762 9761
f 9761 9762 9760
f 9765 9764 9763
f 9763 9764 9762
f 9765 9766 9764
f 9769 9768 9767
f 9771 9770 9767
f 9767 9770 9769
f 9770 9771 9758
f 9771 9757 9758
f 9771 9772 9757
f 9757 9773 9761
f 9757 9772 9773
f 9761 9774 9763
f 9761 9773 9774
f 9763 9775 9765
f 9763 9774 9775
f 9766 9765 9776
f 9765 9777 9776
f 9765 9775 9777
f 9779 9778 9777
f 9777 9778 9776
f 9781 9780 9779
f 9779 9780 9778
f 9783 9782 9781
f 9781 9782 9780
f 9785 9784 9783
f 9783 9784 9782
f 9785 9786 9784
f 9789 9788 9787
f 9791 9790 9787
f 9787 9790 9789
f 9793 9792 9791
f 9791 9792 9790
f 9793 9794 9792
f 9797 9796 9795
f 9799 9798 9795
f 9795 9798 9797
f 9801 9800 9799
f 9799 9800 9798
f 9803 9802 9801
f 9801 9802 9800
f 9805 9804 9803
f 9803 9804 9802
f 9807 9806 9805
f 9805 9806 9804
f 9809 9808 9807
f 9807 9808 9806
f 9811 9810 9809
f 9809 9810 9808
f 9810 9811 9768
f 9811 9767 9768
f 9811 9812 9767
f 9812 6267 6268
f 9771 9812 6268
f 9767 9812 9771
f 9771 6268 6269
f 9771 6269 9772
f 9772 6269 6271
f 9772 6271 9773
f 9773 6271 6273
f 9773 6273 9774
f 9774 6273 6275
f 9774 6275 9775
f 9775 6275 6277
f 9775 6277 9777
f 9777 6277 6279
f 9777 6279 9779
f 9779 6279 6281
f 9779 6281 9781
f 9781 6281 6283
f 9781 6283 9783
f 9783 6283 6285
f 9783 6285 9785
f 9814 9813 6287
f 6287 9813 6285
f 9813 9786 6285
f 9786 9785 6285
f 9816 9815 9814
f 9814 9815 9813
f 9818 9817 9816
f 9816 9817 9815
f 9820 9819 9818
f 9818 9819 9817
f 9820 9821 9819
f 9824 9823 9822
f 9826 9825 9822
f 9822 9825 9824
f 9828 9827 9826
f 9826 9827 9825
f 9830 9829 9828
f 9828 9829 9827
f 9829 9830 9788
f 9830 9787 9788
f 9830 9831 9787
f 9831 6289 6290
f 9791 9831 6290
f 9787 9831 9791
f 9791 6290 6291
f 9791 6291 9793
f 9833 9832 6293
f 6293 9832 6291
f 9832 9794 6291
f 9794 9793 6291
f 9832 9833 9796
f 9796 9833 9795
f 9833 6295 9795
f 6295 6296 9795
f 9795 6296 6297
f 9795 6297 9799
f 9799 6297 6299
f 9799 6299 9801
f 9801 6299 6301
f 9801 6301 9803
f 9803 6301 6303
f 9803 6303 9805
f 9805 6303 6305
f 9805 6305 9807
f 9807 6305 6307
f 9807 6307 9809
f 9809 6307 6309
f 9809 6309 9811
f 9811 6309 6311
f 9811 6311 9812
f 9812 6311 6267
f 6323 9814 6287
f 9814 6323 6325
f 9814 6325 9816
f 9816 6325 6327
f 9816 6327 9818
f 9818 6327 6329
f 9834 9818 6329
f 9820 9818 9834
f 9821 9820 9835
f 9820 9836 9835
f 9820 9834 9836
f 9838 9837 9836
f 9836 9837 9835
f 9840 9839 9838
f 9838 9839 9837
f 9842 9841 9840
f 9840 9841 9839
f 9844 9843 9842
f 9842 9843 9841
f 9846 9845 9844
f 9844 9845 9843
f 9846 9847 9845
f 9823 9848 9822
f 9850 9849 9848
f 9849 9822 9848
f 9849 9826 9822
f 9826 9851 9828
f 9826 9849 9851
f 9828 9852 9830
f 9828 9851 9852
f 9830 9853 9831
f 9830 9852 9853
f 9853 6331 6289
f 9853 6289 9831
f 6333 9854 9833
f 6333 9833 6293
f 9855 6334 6295
f 9833 9855 6295
f 9854 9855 9833
f 9855 6336 6334
f 6337 9856 6338
f 9857 6339 6338
f 9857 6338 9856
f 9857 6341 6339
f 6344 9858 6345
f 9858 6347 6345
f 6361 9859 9834
f 6361 9834 6329
f 9834 9860 9836
f 9834 9859 9860
f 9836 9861 9838
f 9836 9860 9861
f 9838 9862 9840
f 9838 9861 9862
f 9840 9863 9842
f 9840 9862 9863
f 9842 9864 9844
f 9842 9863 9864
f 9844 9865 9846
f 9844 9864 9865
f 9847 9846 9866
f 9866 9846 9865
f 9850 9867 9849
f 9849 9867 9851
f 9851 9867 9868
f 9870 9869 9868
f 9869 9851 9868
f 9869 9852 9851
f 9852 9871 9853
f 9852 9869 9871
f 9872 6362 6331
f 9853 9872 6331
f 9871 9872 9853
f 9873 6363 6362
f 9873 6362 9872
f 9854 6333 6363
f 9873 9854 6363
f 9874 9854 9873
f 9854 9875 9855
f 9854 9874 9875
f 9876 6364 6336
f 9855 9876 6336
f 9875 9876 9855
f 9856 6337 6364
f 9876 9856 6364
f 9877 9856 9876
f 9856 9878 9857
f 9856 9877 9878
f 9879 6365 6341
f 9857 9879 6341
f 9878 9879 9857
f 9880 6366 6365
f 9880 6365 9879
f 9881 6367 6366
f 9881 6366 9880
f 9858 6344 6367
f 9881 9858 6367
f 9882 9858 9881
f 9883 6368 6347
f 9858 9883 6347
f 9882 9883 9858
f 9884 6369 6368
f 9884 6368 9883
f 9885 6370 6369
f 9885 6369 9884
f 9885 6372 6370
f 6375 9886 6376
f 9887 6377 6376
f 9887 6376 9886
f 9888 6378 6377
f 9888 6377 9887
f 9889 6379 6378
f 9889 6378 9888
f 9890 6380 6379
f 9890 6379 9889
f 9891 6381 6380
f 9891 6380 9890
f 9892 6382 6381
f 9892 6381 9891
f 9893 6383 6382
f 9893 6382 9892
f 9859 6361 6383
f 9893 9859 6383
f 9894 9859 9893
f 9859 9895 9860
f 9859 9894 9895
f 9860 9896 9861
f 9860 9895 9896
f 9861 9897 9862
f 9861 9896 9897
f 9899 9863 9898
f 9863 9897 9898
f 9863 9862 9897
f 9863 9899 9864
f 9864 9899 9900
f 9864 9900 9865
f 9865 9900 9901
f 9865 9901 9866
f 9904 9903 9902
f 9906 9905 9902
f 9902 9905 9904
f 9906 9907 9905
f 9910 9909 9908
f 9912 9911 9908
f 9908 9911 9910
f 9911 9912 9870
f 9912 9869 9870
f 9912 9913 9869
f 9869 9914 9871
f 9869 9913 9914
f 9914 6385 6386
f 9872 9914 6386
f 9871 9914 9872
f 9872 6386 6387
f 9872 6387 9873
f 9873 6387 6389
f 9915 9873 6389
f 9874 9873 9915
f 9874 9916 9875
f 9874 9915 9916
f 9916 6391 6392
f 9876 9916 6392
f 9875 9916 9876
f 9876 6392 6393
f 9917 9876 6393
f 9877 9876 9917
f 9877 9918 9878
f 9877 9917 9918
f 9918 6395 6396
f 9879 9918 6396
f 9878 9918 9879
f 9879 6396 6397
f 9879 6397 9880
f 9880 6397 6399
f 9880 6399 9881
f 9881 6399 6401
f 9919 9881 6401
f 9882 9881 9919
f 9919 6403 6404
f 9883 9919 6404
f 9882 9919 9883
f 9883 6404 6405
f 9883 6405 9884
f 9884 6405 6407
f 9884 6407 9885
f 9885 6407 6372
f 6412 9886 6375
f 9886 6412 6414
f 9886 6414 9887
f 9887 6414 6416
f 9887 6416 9888
f 9888 6416 6418
f 9888 6418 9889
f 9889 6418 6420
f 9920 9889 6420
f 9890 9889 9920
f 9920 6422 6423
f 9891 9920 6423
f 9890 9920 9891
f 9891 6423 6424
f 9891 6424 9892
f 9892 6424 6426
f 9892 6426 9893
f 9893 6426 6428
f 9921 9893 6428
f 9894 9893 9921
f 9894 9922 9895
f 9894 9921 9922
f 9895 9923 9896
f 9895 9922 9923
f 9896 9924 9897
f 9896 9923 9924
f 9898 9897 9925
f 9897 9926 9925
f 9897 9924 9926
f 9928 9927 9926
f 9926 9927 9925
f 9930 9929 9928
f 9928 9929 9927
f 9932 9931 9930
f 9930 9931 9929
f 9932 9933 9931
f 9936 9935 9934
f 9938 9937 9934
f 9934 9937 9936
f 9940 9939 9938
f 9938 9939 9937
f 9942 9941 9940
f 9940 9941 9939
f 9944 9943 9942
f 9942 9943 9941
f 9946 9945 9944
f 9944 9945 9943
f 9948 9947 9946
f 9946 9947 9945
f 9950 9949 9948
f 9948 9949 9947
f 9952 9951 9950
f 9950 9951 9949
f 9954 9953 9952
f 9952 9953 9951
f 6430 6431 9954
f 6431 9953 9954
f 6431 9955 9953
f 9956 6431 6432
f 9956 9955 6431
f 9957 6432 6434
f 9957 9956 6432
f 9958 6434 6436
f 9958 9957 6434
f 9959 6436 6438
f 9959 9958 6436
f 9960 6438 6440
f 9960 9959 6438
f 6442 9902 9903
f 9960 6442 9903
f 6440 6442 9960
f 9902 6442 6444
f 9902 6444 9906
f 9961 9907 9906
f 6444 9961 9906
f 6446 9961 6444
f 6448 9908 9909
f 9961 6448 9909
f 6446 6448 9961
f 9908 6448 6450
f 9908 6450 9912
f 9912 6450 6452
f 9912 6452 9913
f 9913 6452 6454
f 9913 6454 9914
f 9914 6454 6385
f 6456 9915 6389
f 9915 6456 6457
f 9915 6457 9916
f 9916 6457 6391
f 6460 9917 6393
f 9917 6460 6462
f 9917 6462 9918
f 9918 6462 6395
f 6464 9919 6401
f 9919 6464 6403
f 6469 9920 6420
f 9920 6469 6422
f 6471 9921 6428
f 9921 6471 6473
f 9921 6473 9922
f 9922 6473 6475
f 9922 6475 9923
f 9923 6475 6477
f 9923 6477 9924
f 9924 6477 6479
f 9924 6479 9926
f 9926 6479 6481
f 9926 6481 9928
f 9928 6481 6483
f 9928 6483 9930
f 9930 6483 6485
f 9930 6485 9932
f 9962 9933 9932
f 6485 9962 9932
f 6487 9962 6485
f 9963 6487 6489
f 9963 9962 6487
f 9964 6489 6491
f 9964 9963 6489
f 9965 6491 6493
f 9965 9964 6491
f 9966 6493 6495
f 9966 9965 6493
f 9967 6495 6497
f 9967 9966 6495
f 9969 9968 6499
f 9968 6497 6499
f 9968 9967 6497
f 9971 9970 9969
f 9969 9970 9968
f 9973 9972 9971
f 9971 9972 9970
f 9975 9974 9973
f 9973 9974 9972
f 9977 9976 9975
f 9975 9976 9974
f 6501 6502 9977
f 6502 9976 9977
f 6502 9978 9976
f 9979 6502 6503
f 9979 9978 6502
f 9981 9980 6505
f 9980 6503 6505
f 9980 9979 6503
f 9983 9982 9981
f 9981 9982 9980
f 9983 9984 9982
f 9987 9986 9985
f 9989 9988 9985
f 9985 9988 9987
f 9989 9990 9988
f 9993 9992 9991
f 9991 9994 9993
f 9997 9996 9995
f 9995 9996 9998
f 10000 9999 9997
f 9997 9999 9996
f 10002 10001 10000
f 10000 10001 9999
f 10004 10003 10002
f 10002 10003 10001
f 10006 10005 10004
f 10004 10005 10003
f 10008 10007 10006
f 10006 10007 10005
f 10010 10009 10008
f 10008 10009 10007
f 10012 10011 10010
f 10010 10011 10009
f 10014 10013 10012
f 10012 10013 10011
f 10013 10014 9935
f 10014 9934 9935
f 10014 10015 9934
f 10015 6507 6508
f 9938 10015 6508
f 9934 10015 9938
f 9938 6508 6509
f 9938 6509 9940
f 9940 6509 6511
f 9940 6511 9942
f 9942 6511 6513
f 9942 6513 9944
f 9944 6513 6515
f 9944 6515 9946
f 9946 6515 6517
f 9946 6517 9948
f 9948 6517 6519
f 9948 6519 9950
f 9950 6519 6521
f 9950 6521 9952
f 9952 6521 6523
f 9952 6523 9954
f 9954 6523 6430
f 6542 9969 6499
f 9969 6542 6544
f 9969 6544 9971
f 9971 6544 6546
f 9971 6546 9973
f 9973 6546 6548
f 9973 6548 9975
f 9975 6548 6550
f 9975 6550 9977
f 9977 6550 6501
f 6554 9981 6505
f 9981 6554 6556
f 9981 6556 9983
f 10017 10016 6558
f 6558 10016 6556
f 10016 9984 6556
f 9984 9983 6556
f 10019 10018 10017
f 10017 10018 10016
f 10019 10020 10018
f 10023 10022 10021
f 10025 10024 10021
f 10021 10024 10023
f 10024 10025 9986
f 10025 9985 9986
f 10025 10026 9985
f 10026 6560 6561
f 9989 10026 6561
f 9985 10026 9989
f 10028 10027 6562
f 6562 10027 6561
f 10027 9990 6561
f 9990 9989 6561
f 10030 10029 10028
f 10028 10029 10027
f 10032 10031 10030
f 10030 10031 10029
f 10034 10033 10032
f 10032 10033 10031
f 10036 10035 10034
f 10034 10035 10033
f 10035 10036 9992
f 10036 9991 9992
f 10036 10037 9991
f 9994 9991 10038
f 9991 10039 10038
f 9991 10037 10039
f 10041 10040 10039
f 10039 10040 10038
f 10041 10042 10040
f 10045 10044 10043
f 10047 10046 10043
f 10043 10046 10045
f 10049 10048 10047
f 10047 10048 10046
f 10051 10050 10049
f 10049 10050 10048
f 10053 10052 10051
f 10051 10052 10050
f 10055 10054 10053
f 10053 10054 10052
f 10055 10056 10054
f 10059 10058 10057
f 10061 10060 10057
f 10057 10060 10059
f 10061 10062 10060
f 10065 10064 10063
f 10067 10066 10063
f 10063 10066 10065
f 10069 10068 10067
f 10067 10068 10066
f 10071 10070 10069
f 10069 10070 10068
f 10073 10072 10071
f 10071 10072 10070
f 10073 10074 10072
f 10077 10076 10075
f 10079 10078 10075
f 10075 10078 10077
f 10079 10080 10078
f 10083 10082 10081
f 10085 10084 10081
f 10081 10084 10083
f 10085 10086 10084
f 10089 10088 10087
f 10091 10090 10087
f 10087 10090 10089
f 10091 10092 10090
f 10095 10094 10093
f 10097 10096 10093
f 10093 10096 10095
f 10099 10098 10097
f 10097 10098 10096
f 10101 10100 10099
f 10099 10100 10098
f 10103 10102 10101
f 10101 10102 10100
f 9995 10104 9997
f 9997 10104 10105
f 9997 10105 10000
f 10000 10105 10106
f 10108 10107 10106
f 10107 10000 10106
f 10107 10002 10000
f 10002 10109 10004
f 10002 10107 10109
f 10004 10110 10006
f 10004 10109 10110
f 10112 10008 10111
f 10008 10110 10111
f 10008 10006 10110
f 10008 10112 10010
f 10010 10112 10113
f 10010 10113 10012
f 10012 10113 10114
f 10116 10115 10114
f 10115 10012 10114
f 10115 10014 10012
f 10014 10117 10015
f 10014 10115 10117
f 10118 6563 6507
f 10015 10118 6507
f 10117 10118 10015
f 10118 6565 6563
f 6566 10119 6567
f 10120 6568 6567
f 10120 6567 10119
f 10120 6570 6568
f 6572 10121 6573
f 10122 6574 6573
f 10122 6573 10121
f 10122 6576 6574
f 6634 10123 6635
f 10017 6558 6635
f 10123 10017 6635
f 10124 10017 10123
f 10017 10125 10019
f 10017 10124 10125
f 10020 10019 10126
f 10019 10127 10126
f 10019 10125 10127
f 10126 10127 10022
f 10127 10021 10022
f 10127 10128 10021
f 10021 10129 10025
f 10021 10128 10129
f 10129 6637 6638
f 10026 10129 6638
f 10025 10129 10026
f 10026 6638 6560
f 6640 10130 10028
f 6640 10028 6562
f 10028 10131 10030
f 10028 10130 10131
f 10030 10132 10032
f 10030 10131 10132
f 10032 10133 10034
f 10032 10132 10133
f 10034 10134 10036
f 10034 10133 10134
f 10134 6642 6643
f 10037 10134 6643
f 10036 10134 10037
f 10037 6643 6644
f 10037 6644 10039
f 10039 6644 6646
f 10135 10039 6646
f 10041 10039 10135
f 10042 10041 10136
f 10136 10041 10135
f 10043 10044 10137
f 10137 10044 10138
f 10043 10139 10047
f 10043 10137 10139
f 10047 10140 10049
f 10047 10139 10140
f 10049 10141 10051
f 10049 10140 10141
f 10051 10142 10053
f 10051 10141 10142
f 10053 10143 10055
f 10053 10142 10143
f 10056 10055 10144
f 10144 10055 10143
f 10147 10146 10145
f 10145 10148 10147
f 10058 10149 10057
f 10057 10149 10061
f 10061 10149 10150
f 10061 10150 10062
f 10064 10151 10063
f 10153 10152 10151
f 10152 10063 10151
f 10152 10067 10063
f 10067 10154 10069
f 10067 10152 10154
f 10069 10155 10071
f 10069 10154 10155
f 10071 10156 10073
f 10071 10155 10156
f 10074 10073 10157
f 10157 10073 10156
f 10075 10076 10158
f 10158 10076 10159
f 10075 10160 10079
f 10075 10158 10160
f 10080 10079 10161
f 10161 10079 10160
f 10081 10082 10162
f 10162 10082 10163
f 10081 10164 10085
f 10081 10162 10164
f 10086 10085 10165
f 10165 10085 10164
f 10088 10166 10087
f 10087 10166 10091
f 10091 10166 10167
f 10091 10167 10092
f 10093 10094 10168
f 10168 10094 10169
f 10093 10170 10097
f 10093 10168 10170
f 10097 10171 10099
f 10097 10170 10171
f 10173 10101 10172
f 10101 10171 10172
f 10101 10099 10171
f 10101 10173 10103
f 10103 10173 10174
f 10107 10108 10175
f 10175 10108 10176
f 10107 10177 10109
f 10107 10175 10177
f 10179 10110 10178
f 10110 10177 10178
f 10110 10109 10177
f 10110 10179 10111
f 10116 10180 10115
f 10182 10181 10180
f 10181 10115 10180
f 10181 10117 10115
f 10117 10183 10118
f 10117 10181 10183
f 10184 6647 6565
f 10118 10184 6565
f 10183 10184 10118
f 10119 6566 6647
f 10184 10119 6647
f 10185 10119 10184
f 10119 10186 10120
f 10119 10185 10186
f 10187 6648 6570
f 10120 10187 6570
f 10186 10187 10120
f 10188 6649 6648
f 10188 6648 10187
f 10121 6572 6649
f 10188 10121 6649
f 10189 10121 10188
f 10121 10190 10122
f 10121 10189 10190
f 10191 6650 6576
f 10122 10191 6576
f 10190 10191 10122
f 10191 6652 6650
f 6655 10192 6656
f 10192 6658 6656
f 6700 10193 6701
f 10194 6702 6701
f 10194 6701 10193
f 10194 6704 6702
f 6716 10195 10123
f 6716 10123 6634
f 10123 10196 10124
f 10123 10195 10196
f 10124 10197 10125
f 10124 10196 10197
f 10199 10127 10198
f 10127 10197 10198
f 10127 10125 10197
f 10201 10200 10199
f 10200 10127 10199
f 10200 10128 10127
f 10128 10202 10129
f 10128 10200 10202
f 10202 6718 6637
f 10202 6637 10129
f 6720 10130 6640
f 10130 6720 6722
f 10203 10130 6722
f 10131 10130 10203
f 10131 10204 10132
f 10131 10203 10204
f 10132 10205 10133
f 10132 10204 10205
f 10133 10206 10134
f 10133 10205 10206
f 10207 6723 6642
f 10134 10207 6642
f 10206 10207 10134
f 10207 6725 6723
f 6726 10208 10135
f 6726 10135 6646
f 10136 10135 10209
f 10209 10135 10208
f 10137 10138 10210
f 10210 10138 10211
f 10137 10212 10139
f 10137 10210 10212
f 10139 10213 10140
f 10139 10212 10213
f 10140 10214 10141
f 10140 10213 10214
f 10141 10215 10142
f 10141 10214 10215
f 10142 10216 10143
f 10142 10215 10216
f 10144 10143 10217
f 10217 10143 10216
f 10145 10146 10218
f 10218 10146 10219
f 10148 10145 10220
f 10220 10145 10218
f 10223 10222 10221
f 10223 10221 10153
f 10221 10152 10153
f 10221 10224 10152
f 10152 10225 10154
f 10152 10224 10225
f 10154 10226 10155
f 10154 10225 10226
f 10155 10227 10156
f 10155 10226 10227
f 10157 10156 10228
f 10228 10156 10227
f 10158 10159 10229
f 10229 10159 10230
f 10158 10231 10160
f 10158 10229 10231
f 10161 10160 10232
f 10232 10160 10231
f 10162 10163 10233
f 10233 10163 10234
f 10162 10235 10164
f 10162 10233 10235
f 10165 10164 10236
f 10236 10164 10235
f 10169 10237 10168
f 10168 10237 10170
f 10170 10237 10238
f 10170 10238 10171
f 10171 10238 10239
f 10171 10239 10172
f 10242 10241 10240
f 10240 10241 10243
f 10245 10244 10242
f 10242 10244 10241
f 10244 10245 10176
f 10176 10245 10175
f 10245 6728 10175
f 6728 6729 10175
f 10175 6729 6730
f 10175 6730 10177
f 10247 10246 6732
f 6732 10246 6730
f 10246 10178 6730
f 10178 10177 6730
f 10249 10248 10247
f 10247 10248 10246
f 10251 10250 10249
f 10249 10250 10248
f 10253 10252 10251
f 10251 10252 10250
f 10255 10254 10253
f 10253 10254 10252
f 10254 10255 10182
f 10182 10255 10181
f 10255 6734 10181
f 6734 6735 10181
f 10181 6735 6736
f 10181 6736 10183
f 10183 6736 6738
f 10183 6738 10184
f 10184 6738 6740
f 10184 6740 10185
f 10185 6740 6742
f 10185 6742 10186
f 10186 6742 6744
f 10186 6744 10187
f 10187 6744 6746
f 10187 6746 10188
f 10188 6746 6748
f 10188 6748 10189
f 10189 6748 6750
f 10189 6750 10190
f 10190 6750 6752
f 10190 6752 10191
f 10191 6752 6652
f 6757 10192 6655
f 10192 6757 6658
f 6801 10193 6700
f 10193 6801 6803
f 10193 6803 10194
f 10194 6803 6704
f 6817 10195 6716
f 10195 6817 6819
f 10195 6819 10196
f 10196 6819 6821
f 10256 10196 6821
f 10197 10196 10256
f 10198 10197 10257
f 10197 10258 10257
f 10197 10256 10258
f 10257 10258 10201
f 10258 10200 10201
f 10258 10259 10200
f 10259 6823 6824
f 10202 10259 6824
f 10200 10259 10202
f 10202 6824 6718
f 6828 10203 6722
f 10203 6828 6830
f 10203 6830 10204
f 10204 6830 6832
f 10204 6832 10205
f 10205 6832 6834
f 10205 6834 10206
f 10206 6834 6836
f 10206 6836 10207
f 10207 6836 6725
f 6839 10208 6726
f 10261 10260 6841
f 6841 10260 6839
f 10260 10209 6839
f 10209 10208 6839
f 10263 10262 10261
f 10261 10262 10260
f 10265 10264 10263
f 10263 10264 10262
f 10267 10266 10265
f 10265 10266 10264
f 10266 10267 10211
f 10211 10267 10210
f 10267 6843 10210
f 6843 6844 10210
f 10210 6844 6845
f 10210 6845 10212
f 10212 6845 6847
f 10212 6847 10213
f 10213 6847 6849
f 10268 10213 6849
f 10214 10213 10268
f 10214 10269 10215
f 10214 10268 10269
f 10215 10270 10216
f 10215 10269 10270
f 10217 10216 10271
f 10216 10272 10271
f 10216 10270 10272
f 10274 10273 10272
f 10272 10273 10271
f 10276 10275 10274
f 10274 10275 10273
f 10278 10277 10276
f 10276 10277 10275
f 10277 10278 10219
f 10278 10218 10219
f 10278 10279 10218
f 10220 10218 10280
f 10218 10281 10280
f 10218 10279 10281
f 10281 10282 10280
f 10285 10284 10283
f 10287 10286 10283
f 10283 10286 10285
f 10289 10288 10287
f 10287 10288 10286
f 10291 10290 10289
f 10289 10290 10288
f 10293 10292 10291
f 10291 10292 10290
f 10295 10294 10293
f 10293 10294 10292
f 10294 10295 10222
f 10295 10221 10222
f 10295 10296 10221
f 10221 10297 10224
f 10221 10296 10297
f 10224 10298 10225
f 10224 10297 10298
f 10298 6851 6852
f 10226 10298 6852
f 10225 10298 10226
f 10226 6852 6853
f 10226 6853 10227
f 10300 10299 6855
f 6855 10299 6853
f 10299 10228 6853
f 10228 10227 6853
f 10302 10301 10300
f 10300 10301 10299
f 10304 10303 10302
f 10302 10303 10301
f 10306 10305 10304
f 10304 10305 10303
f 10308 10307 10306
f 10306 10307 10305
f 10310 10309 10308
f 10308 10309 10307
f 10309 10310 10230
f 10230 10310 10229
f 10310 6857 10229
f 6857 6858 10229
f 10229 6858 6859
f 10229 6859 10231
f 10312 10311 6861
f 6861 10311 6859
f 10311 10232 6859
f 10232 10231 6859
f 10314 10313 10312
f 10312 10313 10311
f 10316 10315 10314
f 10314 10315 10313
f 10318 10317 10316
f 10316 10317 10315
f 10320 10319 10318
f 10318 10319 10317
f 10319 10320 10234
f 10234 10320 10233
f 10320 6863 10233
f 6863 6864 10233
f 10233 6864 6865
f 10233 6865 10235
f 10322 10321 6867
f 6867 10321 6865
f 10321 10236 6865
f 10236 10235 6865
f 10324 10323 10322
f 10322 10323 10321
f 10326 10325 10324
f 10324 10325 10323
f 10326 10327 10325
f 10330 10329 10328
f 10332 10331 10328
f 10328 10331 10330
f 10334 10333 10332
f 10332 10333 10331
f 10336 10335 10334
f 10334 10335 10333
f 10338 10337 10336
f 10336 10337 10335
f 10340 10339 10338
f 10338 10339 10337
f 10340 10341 10339
f 10344 10343 10342
f 10346 10345 10342
f 10342 10345 10344
f 10346 10347 10345
f 10350 10349 10348
f 10352 10351 10348
f 10348 10351 10350
f 10354 10353 10352
f 10352 10353 10351
f 10354 10355 10353
f 10358 10357 10356
f 6869 6870 10356
f 6870 10358 10356
f 6870 10359 10358
f 10360 6870 6871
f 10360 10359 6870
f 10362 10361 6873
f 10361 6871 6873
f 10361 10360 6871
f 10364 10363 10362
f 10362 10363 10361
f 10366 10365 10364
f 10364 10365 10363
f 10240 6877 6875
f 10240 6875 10242
f 10242 6875 6878
f 10242 6878 10245
f 10245 6878 6728
f 6881 10247 6732
f 10247 6881 6883
f 10247 6883 10249
f 10249 6883 6885
f 10249 6885 10251
f 10251 6885 6887
f 10251 6887 10253
f 10253 6887 6889
f 10253 6889 10255
f 10255 6889 6734
f 6949 10256 6821
f 10256 6949 6951
f 10256 6951 10258
f 10258 6951 6953
f 10258 6953 10259
f 10259 6953 6823
f 6962 10261 6841
f 10261 6962 6964
f 10261 6964 10263
f 10263 6964 6966
f 10263 6966 10265
f 10265 6966 6968
f 10265 6968 10267
f 10267 6968 6843
f 6973 10268 6849
f 10268 6973 6975
f 10268 6975 10269
f 10269 6975 6977
f 10269 6977 10270
f 10270 6977 6979
f 10270 6979 10272
f 10272 6979 6981
f 10367 10272 6981
f 10274 10272 10367
f 10274 10368 10276
f 10274 10367 10368
f 10368 6983 6984
f 10278 10368 6984
f 10276 10368 10278
f 10278 6984 6985
f 10278 6985 10279
f 10279 6985 6987
f 10369 10279 6987
f 10281 10279 10369
f 10282 10281 10370
f 10281 10371 10370
f 10281 10369 10371
f 10373 10372 10371
f 10371 10372 10370
f 10372 10373 10284
f 10373 10283 10284
f 10373 10374 10283
f 10374 6989 6990
f 10287 10374 6990
f 10283 10374 10287
f 10287 6990 6991
f 10287 6991 10289
f 10289 6991 6993
f 10289 6993 10291
f 10291 6993 6995
f 10291 6995 10293
f 10293 6995 6997
f 10293 6997 10295
f 10295 6997 6999
f 10295 6999 10296
f 10296 6999 7001
f 10296 7001 10297
f 10297 7001 7003
f 10297 7003 10298
f 10298 7003 6851
f 7007 10300 6855
f 10300 7007 7009
f 10300 7009 10302
f 10302 7009 7011
f 10302 7011 10304
f 10304 7011 7013
f 10304 7013 10306
f 10306 7013 7015
f 10306 7015 10308
f 10308 7015 7017
f 10308 7017 10310
f 10310 7017 6857
f 7019 10312 6861
f 10312 7019 7021
f 10312 7021 10314
f 10314 7021 7023
f 10314 7023 10316
f 10316 7023 7025
f 10316 7025 10318
f 10318 7025 7027
f 10318 7027 10320
f 10320 7027 6863
f 7030 10322 6867
f 10322 7030 7032
f 10322 7032 10324
f 10324 7032 7034
f 10324 7034 10326
f 10375 10327 10326
f 7034 10375 10326
f 7036 10375 7034
f 10376 7036 7038
f 10376 10375 7036
f 7040 10328 10329
f 10376 7040 10329
f 7038 7040 10376
f 10328 7040 7042
f 10328 7042 10332
f 10332 7042 7044
f 10332 7044 10334
f 10334 7044 7046
f 10334 7046 10336
f 10336 7046 7048
f 10336 7048 10338
f 10338 7048 7050
f 10338 7050 10340
f 10377 10341 10340
f 7050 10377 10340
f 7052 10377 7050
f 10379 10378 7054
f 10378 7052 7054
f 10378 10377 7052
f 10381 10380 10379
f 10379 10380 10378
f 10380 10381 10343
f 10343 10381 10342
f 10381 7056 10342
f 7056 7057 10342
f 10342 7057 7058
f 10342 7058 10346
f 10383 10382 7060
f 7060 10382 7058
f 10382 10347 7058
f 10347 10346 7058
f 10385 10384 10383
f 10383 10384 10382
f 10387 10386 10385
f 10385 10386 10384
f 10389 10388 10387
f 10387 10388 10386
f 7062 7063 10389
f 7063 10388 10389
f 7063 10390 10388
f 10391 7063 7064
f 10391 10390 7063
f 10393 10392 7066
f 10392 7064 7066
f 10392 10391 7064
f 10395 10394 10393
f 10393 10394 10392
f 7068 7069 10395
f 7069 10394 10395
f 7069 10396 10394
f 10397 7069 7070
f 10397 10396 7069
f 10398 7070 7072
f 10398 10397 7070
f 10399 7072 7074
f 10399 10398 7072
f 7076 10348 10349
f 10399 7076 10349
f 7074 7076 10399
f 10348 7076 7078
f 10348 7078 10352
f 10352 7078 7080
f 10352 7080 10354
f 10401 10400 7082
f 7082 10400 7080
f 10400 10355 7080
f 10355 10354 7080
f 10403 10402 10401
f 10401 10402 10400
f 10405 10404 10403
f 10403 10404 10402
f 10407 10406 10405
f 10405 10406 10404
f 10406 10407 10357
f 10357 10407 10356
f 10407 7084 10356
f 7084 7085 10356
f 10356 7085 6869
f 7087 10362 6873
f 10362 7087 7089
f 10362 7089 10364
f 10364 7089 7091
f 10364 7091 10366
f 7183 10367 6981
f 10367 7183 7185
f 10367 7185 10368
f 10368 7185 6983
f 7189 10369 6987
f 10369 7189 7191
f 10408 10369 7191
f 10371 10369 10408
f 10371 10409 10373
f 10371 10408 10409
f 10409 7193 7194
f 10374 10409 7194
f 10373 10409 10374
f 10374 7194 6989
f 7226 10379 7054
f 10379 7226 7228
f 10379 7228 10381
f 10381 7228 7056
f 7232 10383 7060
f 10383 7232 7234
f 10410 10383 7234
f 10385 10383 10410
f 10385 10411 10387
f 10385 10410 10411
f 10411 7236 7237
f 10389 10411 7237
f 10387 10411 10389
f 10389 7237 7062
f 7240 10393 7066
f 10393 7240 7242
f 10393 7242 10395
f 10395 7242 7068
f 7251 10401 7082
f 10401 7251 7253
f 10401 7253 10403
f 10403 7253 7255
f 10403 7255 10405
f 10405 7255 7257
f 10405 7257 10407
f 10407 7257 7084
f 7364 10412 10408
f 7364 10408 7191
f 10408 10413 10409
f 10408 10412 10413
f 10413 7366 7193
f 10413 7193 10409
f 7403 10414 10410
f 7403 10410 7234
f 10410 10415 10411
f 10410 10414 10415
f 10415 7405 7236
f 10415 7236 10411
f 7515 10412 7364
f 10412 7515 7517
f 10412 7517 10413
f 10413 7517 7366
f 7550 10416 10414
f 7550 10414 7403
f 10414 10417 10415
f 10414 10416 10417
f 10417 7552 7405
f 10417 7405 10415
f 7660 10418 7661
f 10418 7663 7661
f 7696 10416 7550
f 10416 7696 7698
f 10419 10416 7698
f 10417 10416 10419
f 10419 7700 7552
f 10419 7552 10417
f 7746 10420 7747
f 10420 7749 7747
f 7815 10421 7816
f 10421 7818 7816
f 7826 10422 7827
f 10423 7828 7827
f 10423 7827 10422
f 10423 7830 7828
f 7833 10424 7834
f 10418 7660 7834
f 10424 10418 7834
f 10425 10418 10424
f 10426 7835 7663
f 10418 10426 7663
f 10425 10426 10418
f 10426 7837 7835
f 7840 10427 7841
f 10427 7843 7841
f 7871 10428 7872
f 10428 7874 7872
f 7878 10429 7879
f 10419 7698 7879
f 10429 10419 7879
f 10430 10419 10429
f 10430 7881 7700
f 10430 7700 10419
f 7896 10431 7897
f 10431 7899 7897
f 7905 10432 7906
f 10432 7909 7906
f 7912 10433 7913
f 10434 7914 7913
f 10434 7913 10433
f 10434 7916 7914
f 7917 10435 7918
f 10436 7919 7918
f 10436 7918 10435
f 10437 7920 7919
f 10437 7919 10436
f 10437 7922 7920
f 7923 10438 7924
f 10439 7925 7924
f 10439 7924 10438
f 10440 7926 7925
f 10440 7925 10439
f 10440 7928 7926
f 7929 10441 7930
f 10442 7931 7930
f 10442 7930 10441
f 10443 7932 7931
f 10443 7931 10442
f 10443 7934 7932
f 7937 10444 7938
f 10445 7939 7938
f 10445 7938 10444
f 10445 7941 7939
f 7943 10446 7944
f 10447 7945 7944
f 10447 7944 10446
f 10420 7746 7945
f 10447 10420 7945
f 10448 10420 10447
f 10449 7946 7749
f 10420 10449 7749
f 10448 10449 10420
f 10449 7948 7946
f 7977 10450 7978
f 10450 7980 7978
f 7982 10451 7983
f 10452 7984 7983
f 10452 7983 10451
f 10452 7986 7984
f 7988 10453 7989
f 10454 7990 7989
f 10454 7989 10453
f 10455 7991 7990
f 10455 7990 10454
f 10455 7993 7991
f 8005 10456 8006
f 10457 8007 8006
f 10457 8006 10456
f 10458 8008 8007
f 10458 8007 10457
f 10459 8009 8008
f 10459 8008 10458
f 10459 8011 8009
f 8017 10460 8018
f 10461 8019 8018
f 10461 8018 10460
f 10461 8021 8019
f 8024 10462 8025
f 10463 8026 8025
f 10463 8025 10462
f 10421 7815 8026
f 10463 10421 8026
f 10464 10421 10463
f 10465 8027 7818
f 10421 10465 7818
f 10464 10465 10421
f 10465 8029 8027
f 8035 10466 8036
f 10422 7826 8036
f 10466 10422 8036
f 10467 10422 10466
f 10422 10468 10423
f 10422 10467 10468
f 10468 8038 7830
f 10468 7830 10423
f 8040 10469 8041
f 10424 7833 8041
f 10469 10424 8041
f 10470 10424 10469
f 10424 10471 10425
f 10424 10470 10471
f 10425 10472 10426
f 10425 10471 10472
f 10472 8043 7837
f 10472 7837 10426
f 8045 10473 8046
f 10427 7840 8046
f 10473 10427 8046
f 10474 10427 10473
f 10475 8047 7843
f 10427 10475 7843
f 10474 10475 10427
f 10475 8049 8047
f 8055 10476 8056
f 10477 8057 8056
f 10477 8056 10476
f 10478 8058 8057
f 10478 8057 10477
f 10479 8059 8058
f 10479 8058 10478
f 10479 8061 8059
f 8067 10480 8068
f 10480 8070 8068
f 8074 10481 8075
f 10482 8076 8075
f 10482 8075 10481
f 10483 8077 8076
f 10483 8076 10482
f 10484 8078 8077
f 10484 8077 10483
f 10484 8080 8078
f 8086 10485 8087
f 10428 7871 8087
f 10485 10428 8087
f 10486 10428 10485
f 10487 8088 7874
f 10428 10487 7874
f 10486 10487 10428
f 10487 8090 8088
f 8092 10488 8093
f 10429 7878 8093
f 10488 10429 8093
f 10489 10429 10488
f 10429 10490 10430
f 10429 10489 10490
f 10491 8094 7881
f 10430 10491 7881
f 10490 10491 10430
f 10491 8096 8094
f 8098 10492 8099
f 10493 8100 8099
f 10493 8099 10492
f 10494 8101 8100
f 10494 8100 10493
f 10494 8103 8101
f 8109 10495 8110
f 10496 8111 8110
f 10496 8110 10495
f 10497 8112 8111
f 10497 8111 10496
f 10431 7896 8112
f 10497 10431 8112
f 10498 10431 10497
f 10498 8114 7899
f 10498 7899 10431
f 8117 10499 8118
f 10500 8119 8118
f 10500 8118 10499
f 10500 8121 8119
f 8122 10432 7905
f 10432 8122 7909
f 8126 10433 7912
f 10433 8126 8128
f 10433 8128 10434
f 10434 8128 7916
f 8131 10435 7917
f 10435 8131 8133
f 10435 8133 10436
f 10436 8133 8135
f 10436 8135 10437
f 10437 8135 7922
f 8138 10438 7923
f 10438 8138 8140
f 10438 8140 10439
f 10439 8140 8142
f 10439 8142 10440
f 10440 8142 7928
f 8145 10441 7929
f 10441 8145 8147
f 10441 8147 10442
f 10442 8147 8149
f 10442 8149 10443
f 10443 8149 7934
f 8154 10444 7937
f 10444 8154 8156
f 10444 8156 10445
f 10445 8156 7941
f 8160 10446 7943
f 10446 8160 8162
f 10446 8162 10447
f 10447 8162 8164
f 10447 8164 10448
f 10448 8164 8166
f 10448 8166 10449
f 10449 8166 7948
f 8192 10450 7977
f 10450 8192 7980
f 8196 10451 7982
f 10451 8196 8198
f 10451 8198 10452
f 10452 8198 7986
f 8202 10453 7988
f 10453 8202 8204
f 10453 8204 10454
f 10454 8204 8206
f 10454 8206 10455
f 10455 8206 7993
f 8219 10456 8005
f 10456 8219 8221
f 10456 8221 10457
f 10457 8221 8223
f 10457 8223 10458
f 10458 8223 8225
f 10458 8225 10459
f 10459 8225 8011
f 8231 10460 8017
f 10460 8231 8233
f 10460 8233 10461
f 10461 8233 8021
f 8236 10462 8024
f 10462 8236 8238
f 10462 8238 10463
f 10463 8238 8240
f 10463 8240 10464
f 10464 8240 8242
f 10464 8242 10465
f 10465 8242 8029
f 8248 10466 8035
f 10466 8248 8250
f 10466 8250 10467
f 10467 8250 8252
f 10467 8252 10468
f 10468 8252 8038
f 8256 10469 8040
f 10469 8256 8258
f 10501 10469 8258
f 10470 10469 10501
f 10470 10502 10471
f 10470 10501 10502
f 10502 8260 8261
f 10472 10502 8261
f 10471 10502 10472
f 10472 8261 8043
f 8264 10473 8045
f 10473 8264 8266
f 10473 8266 10474
f 10474 8266 8268
f 10474 8268 10475
f 10475 8268 8049
f 8275 10476 8055
f 10476 8275 8277
f 10476 8277 10477
f 10477 8277 8279
f 10477 8279 10478
f 10478 8279 8281
f 10478 8281 10479
f 10479 8281 8061
f 8286 10480 8067
f 10480 8286 8070
f 8290 10481 8074
f 10481 8290 8292
f 10481 8292 10482
f 10482 8292 8294
f 10482 8294 10483
f 10483 8294 8296
f 10483 8296 10484
f 10484 8296 8080
f 8302 10485 8086
f 10485 8302 8304
f 10485 8304 10486
f 10486 8304 8306
f 10486 8306 10487
f 10487 8306 8090
f 8310 10488 8092
f 10488 8310 8312
f 10503 10488 8312
f 10489 10488 10503
f 10489 10504 10490
f 10489 10503 10504
f 10504 8314 8315
f 10491 10504 8315
f 10490 10504 10491
f 10491 8315 8096
f 8318 10492 8098
f 10492 8318 8320
f 10492 8320 10493
f 10493 8320 8322
f 10493 8322 10494
f 10494 8322 8103
f 8328 10495 8109
f 10495 8328 8330
f 10495 8330 10496
f 10496 8330 8332
f 10496 8332 10497
f 10497 8332 8334
f 10497 8334 10498
f 10498 8334 8114
f 8338 10499 8117
f 10499 8338 8340
f 10499 8340 10500
f 10500 8340 8121
f 8348 10501 8258
f 10501 8348 8350
f 10501 8350 10502
f 10502 8350 8260
f 8360 10503 8312
f 10503 8360 8362
f 10503 8362 10504
f 10504 8362 8314
f 8570 10505 8571
f 10506 8572 8571
f 10506 8571 10505
f 10506 8574 8572
f 8610 10507 8611
f 10508 8612 8611
f 10508 8611 10507
f 10508 8614 8612
f 8684 10505 8570
f 10505 8684 8686
f 10505 8686 10506
f 10506 8686 8574
f 8712 10507 8610
f 10507 8712 8714
f 10507 8714 10508
f 10508 8714 8614
f 8829 10509 8830
f 10510 8831 8830
f 10510 8830 10509
f 10510 8833 8831
f 8869 10511 8870
f 10512 8871 8870
f 10512 8870 10511
f 10512 8873 8871
f 8984 10513 8985
f 10514 8986 8985
f 10514 8985 10513
f 10514 8988 8986
f 9019 10515 10513
f 9019 10513 8984
f 10513 10516 10514
f 10513 10515 10516
f 10516 9021 8988
f 10516 8988 10514
f 9048 10517 9049
f 10517 9051 9049
f 9056 10518 9057
f 10519 9058 9057
f 10519 9057 10518
f 10519 9060 9058
f 9063 10520 9064
f 10521 9065 9064
f 10521 9064 10520
f 10522 9066 9065
f 10522 9065 10521
f 10515 9019 9066
f 10522 10515 9066
f 10523 10515 10522
f 10515 10524 10516
f 10515 10523 10524
f 10525 9067 9021
f 10516 10525 9021
f 10524 10525 10516
f 10525 9069 9067
f 9074 10526 9075
f 10527 9076 9075
f 10527 9075 10526
f 10527 9078 9076
f 9095 10528 9096
f 10529 9097 9096
f 10529 9096 10528
f 10529 9099 9097
f 9102 10530 9103
f 10531 9104 9103
f 10531 9103 10530
f 10532 9105 9104
f 10532 9104 10531
f 10533 9106 9105
f 10533 9105 10532
f 10534 9107 9106
f 10534 9106 10533
f 10534 9109 9107
f 9111 10535 9112
f 9112 10535 10536
f 10537 9112 10536
f 9113 9112 10537
f 9113 10538 9114
f 10537 10538 9113
f 9114 10539 9115
f 10538 10539 9114
f 9115 10540 9116
f 10539 10540 9115
f 9048 9116 10517
f 9116 10541 10517
f 9116 10540 10541
f 10517 10541 9051
f 10541 9117 9051
f 10541 10542 9117
f 9117 10543 9118
f 10542 10543 9117
f 9118 10544 9119
f 10543 10544 9118
f 9119 10545 9120
f 10544 10545 9119
f 9120 10546 9121
f 10545 10546 9120
f 9056 9121 10518
f 9121 10547 10518
f 9121 10546 10547
f 10518 10547 10519
f 10519 10547 10548
f 10519 10548 9060
f 10548 9122 9060
f 10548 10549 9122
f 9122 10550 9123
f 10549 10550 9122
f 9123 10551 9124
f 10550 10551 9123
f 9063 9124 10520
f 9124 10552 10520
f 9124 10551 10552
f 10520 10552 10521
f 10521 10552 10553
f 10521 10553 10522
f 10522 10553 10554
f 10522 10554 10523
f 10523 10554 10555
f 10523 10555 10524
f 10524 10555 10556
f 10524 10556 10525
f 10525 10556 10557
f 10525 10557 9069
f 10557 9125 9069
f 10557 10558 9125
f 9125 10559 9126
f 10558 10559 9125
f 9126 10560 9127
f 10559 10560 9126
f 9127 10561 9128
f 10560 10561 9127
f 9128 10562 9129
f 10561 10562 9128
f 9074 9129 10526
f 9129 10563 10526
f 9129 10562 10563
f 10526 10563 10527
f 10527 10563 10564
f 10527 10564 9078
f 10564 9130 9078
f 10564 10565 9130
f 10565 10567 10566
f 9131 10565 10566
f 9130 10565 9131
f 9131 10566 10568
f 10569 9131 10568
f 9132 9131 10569
f 9132 10570 9133
f 10569 10570 9132
f 9133 10571 9134
f 10570 10571 9133
f 10571 10573 10572
f 9135 10571 10572
f 9134 10571 9135
f 10574 9136 9135
f 10574 9135 10572
f 10575 9137 9136
f 10575 9136 10574
f 10576 9138 9137
f 10576 9137 10575
f 10577 9139 9138
f 10577 9138 10576
f 10577 9141 9139
f 9160 10578 9161
f 10579 9162 9161
f 10579 9161 10578
f 10579 9164 9162
f 9166 10580 9167
f 10580 10581 9167
f 9167 10581 9095
f 10581 10582 9095
f 10582 10528 9095
f 10528 10582 10529
f 10529 10582 10583
f 10583 10585 10584
f 10583 10584 9168
f 10529 10583 9168
f 9099 10529 9168
f 10586 9169 9168
f 10586 9168 10584
f 10587 9170 9169
f 10587 9169 10586
f 10587 10588 9170
f 9170 10588 9102
f 10588 10589 9102
f 10589 10530 9102
f 10530 10589 10531
f 10531 10589 10590
f 10531 10590 10532
f 10532 10590 10591
f 10532 10591 10533
f 10533 10591 10592
f 10533 10592 10534
f 10534 10592 10593
f 10534 10593 9109
f 10593 9171 9109
f 10593 10594 9171
f 10594 10596 10595
f 9172 10594 10595
f 9171 10594 9172
f 10595 10597 9172
f 9172 10597 9111
f 10597 10598 9111
f 10598 10535 9111
f 10535 10598 10536
f 10567 10599 10566
f 10566 10599 10568
f 10573 10600 10572
f 10572 10600 10574
f 10574 10600 10601
f 10603 10602 10601
f 10602 10574 10601
f 10602 10575 10574
f 10575 10604 10576
f 10575 10602 10604
f 10576 10605 10577
f 10576 10604 10605
f 10606 9173 9141
f 10577 10606 9141
f 10605 10606 10577
f 10607 9174 9173
f 10607 9173 10606
f 10608 9175 9174
f 10608 9174 10607
f 10608 9177 9175
f 9197 10578 9160
f 10578 9197 9199
f 10578 9199 10579
f 10579 9199 9164
f 9203 10609 10580
f 9203 10580 9166
f 10581 10580 10610
f 10580 10611 10610
f 10580 10609 10611
f 10613 10612 10611
f 10611 10612 10610
f 10612 10613 10585
f 10613 10584 10585
f 10613 10614 10584
f 10584 10615 10586
f 10584 10614 10615
f 10586 10616 10587
f 10586 10615 10616
f 10588 10587 10617
f 10617 10587 10616
f 10620 10619 10618
f 10620 10618 10596
f 10618 10595 10596
f 10618 10621 10595
f 10597 10595 10622
f 10622 10595 10621
f 10625 10624 10623
f 10625 10623 10603
f 10623 10602 10603
f 10623 10626 10602
f 10602 10627 10604
f 10602 10626 10627
f 10604 10628 10605
f 10604 10627 10628
f 10605 10629 10606
f 10605 10628 10629
f 10629 9205 9206
f 10607 10629 9206
f 10606 10629 10607
f 10607 9206 9207
f 10607 9207 10608
f 10608 9207 9177
f 9225 10609 9203
f 10609 9225 9227
f 10630 10609 9227
f 10611 10609 10630
f 10611 10631 10613
f 10611 10630 10631
f 10631 9229 9230
f 10614 10631 9230
f 10613 10631 10614
f 10614 9230 9231
f 10614 9231 10615
f 10615 9231 9233
f 10632 10615 9233
f 10616 10615 10632
f 10617 10616 10633
f 10616 10634 10633
f 10616 10632 10634
f 10636 10635 10634
f 10634 10635 10633
f 10638 10637 10636
f 10636 10637 10635
f 10640 10639 10638
f 10638 10639 10637
f 10642 10641 10640
f 10640 10641 10639
f 10641 10642 10619
f 10642 10618 10619
f 10642 10643 10618
f 10643 9235 9236
f 10621 10643 9236
f 10618 10643 10621
f 10645 10644 9237
f 9237 10644 9236
f 10644 10622 9236
f 10622 10621 9236
f 10645 10646 10644
f 10649 10648 10647
f 10651 10650 10647
f 10647 10650 10649
f 10651 10652 10650
f 10655 10654 10653
f 10655 10653 10624
f 10653 10623 10624
f 10653 10656 10623
f 10656 9239 9240
f 10626 10656 9240
f 10623 10656 10626
f 10626 9240 9241
f 10626 9241 10627
f 10627 9241 9243
f 10627 9243 10628
f 10628 9243 9245
f 10628 9245 10629
f 10629 9245 9205
f 9258 10657 9259
f 10658 9260 9259
f 10658 9259 10657
f 10658 9262 9260
f 9265 10659 9266
f 10659 10660 9266
f 9266 10660 9227
f 10660 10661 9227
f 10661 10630 9227
f 10630 10661 10631
f 10631 10661 10662
f 10662 10664 10663
f 10662 10663 9267
f 10631 10662 9267
f 9229 10631 9267
f 10665 9268 9267
f 10665 9267 10663
f 10665 10666 9268
f 9268 10666 9233
f 10666 10667 9233
f 10667 10632 9233
f 10632 10667 10634
f 10634 10667 10668
f 10634 10668 10636
f 10636 10668 10669
f 10636 10669 10638
f 10638 10669 10670
f 10638 10670 10640
f 10640 10670 10671
f 10640 10671 10642
f 10642 10671 10672
f 10642 10672 10643
f 10643 10672 10673
f 10643 10673 9235
f 10673 9269 9235
f 10673 10674 9269
f 9237 9269 10645
f 9269 10675 10645
f 9269 10674 10675
f 10645 10675 10646
f 10648 10676 10647
f 10647 10676 10651
f 10651 10676 10677
f 10651 10677 10652
f 10654 10678 10653
f 10653 10678 10656
f 10656 10678 10679
f 10656 10679 9239
f 10679 9270 9239
f 10679 10680 9270
f 10680 10682 10681
f 9271 10680 10681
f 9270 10680 9271
f 10683 9272 9271
f 10683 9271 10681
f 10684 9273 9272
f 10684 9272 10683
f 10685 9274 9273
f 10685 9273 10684
f 10685 9276 9274
f 9285 10686 9287
f 10686 9289 9287
f 9292 10687 9293
f 10688 9294 9293
f 10688 9293 10687
f 10689 9295 9294
f 10689 9294 10688
f 9295 10689 10690
f 10691 9295 10690
f 9296 9295 10691
f 9296 10692 9297
f 10691 10692 9296
f 10692 10694 10693
f 9298 10692 10693
f 9297 10692 9298
f 10695 9299 9298
f 10695 9298 10693
f 10696 9300 9299
f 10696 9299 10695
f 10697 9301 9300
f 10697 9300 10696
f 9301 10697 10698
f 10699 9301 10698
f 9302 9301 10699
f 9302 10700 9303
f 10699 10700 9302
f 9258 9303 10657
f 9303 10701 10657
f 9303 10700 10701
f 10657 10701 10658
f 10658 10701 10702
f 10658 10702 9262
f 10702 9304 9262
f 10702 10703 9304
f 9304 10704 9305
f 10703 10704 9304
f 9305 10705 9306
f 10704 10705 9305
f 9265 9306 10659
f 9306 10706 10659
f 9306 10705 10706
f 10659 10706 10660
f 10664 10707 10663
f 10663 10707 10665
f 10665 10707 10708
f 10665 10708 10666
f 10682 10709 10681
f 10681 10709 10683
f 10683 10709 10710
f 10683 10710 10684
f 10684 10710 10711
f 10684 10711 10685
f 10685 10711 10712
f 10685 10712 9276
f 10712 9307 9276
f 10712 10713 9307
f 9307 10714 9308
f 10713 10714 9307
f 9308 10715 9309
f 10714 10715 9308
f 9309 10716 9310
f 10715 10716 9309
f 9310 10717 9311
f 10716 10717 9310
f 9311 10718 9312
f 10717 10718 9311
f 9312 10719 9313
f 10718 10719 9312
f 9313 10720 9314
f 10719 10720 9313
f 10720 10722 10721
f 9315 10720 10721
f 9314 10720 9315
f 10723 9316 9315
f 10723 9315 10721
f 10724 9317 9316
f 10724 9316 10723
f 10724 9319 9317
f 9325 10725 9326
f 10725 9328 9326
f 10727 10726 9376
f 9376 10726 9285
f 10726 10728 9285
f 10728 10686 9285
f 10728 10730 10729
f 10728 10729 9377
f 10686 10728 9377
f 9289 10686 9377
f 10731 9378 9377
f 10731 9377 10729
f 10732 9379 9378
f 10732 9378 10731
f 10732 10733 9379
f 9379 10733 9292
f 10733 10734 9292
f 10734 10687 9292
f 10687 10734 10688
f 10688 10734 10735
f 10688 10735 10689
f 10689 10735 10736
f 10689 10736 10690
f 10694 10737 10693
f 10693 10737 10695
f 10695 10737 10738
f 10695 10738 10696
f 10696 10738 10739
f 10696 10739 10697
f 10697 10739 10740
f 10697 10740 10698
f 10722 10741 10721
f 10721 10741 10723
f 10723 10741 10742
f 10723 10742 10724
f 10724 10742 10743
f 10743 10745 10744
f 10743 10744 9380
f 10724 10743 9380
f 9319 10724 9380
f 10744 9382 9380
f 9383 10746 9384
f 10747 9385 9384
f 10747 9384 10746
f 10748 9386 9385
f 10748 9385 10747
f 10749 9387 9386
f 10749 9386 10748
f 10749 10750 9387
f 9387 10750 9325
f 10750 10751 9325
f 10751 10725 9325
f 10751 10753 10752
f 10751 10752 9388
f 10725 10751 9388
f 9328 10725 9388
f 10754 9389 9388
f 10754 9388 10752
f 10755 9390 9389
f 10755 9389 10754
f 10756 9391 9390
f 10756 9390 10755
f 10757 9392 9391
f 10757 9391 10756
f 10758 9393 9392
f 10758 9392 10757
f 10759 9394 9393
f 10759 9393 10758
f 10760 9395 9394
f 10760 9394 10759
f 10760 9397 9395
f 9399 10761 9400
f 10762 9401 9400
f 10762 9400 10761
f 10763 9402 9401
f 10763 9401 10762
f 10764 9403 9402
f 10764 9402 10763
f 10765 9404 9403
f 10765 9403 10764
f 10766 9405 9404
f 10766 9404 10765
f 10767 9406 9405
f 10767 9405 10766
f 10768 9407 9406
f 10768 9406 10767
f 10769 9408 9407
f 10769 9407 10768
f 10770 9409 9408
f 10770 9408 10769
f 10771 9410 9409
f 10771 9409 10770
f 10772 9411 9410
f 10772 9410 10771
f 10772 9413 9411
f 9448 10773 9449
f 10773 9451 9449
f 9465 10774 9466
f 10775 9467 9466
f 10775 9466 10774
f 10776 9468 9467
f 10776 9467 10775
f 10776 9470 9468
f 9471 10777 9472
f 10778 9473 9472
f 10778 9472 10777
f 10779 9474 9473
f 10779 9473 10778
f 10780 9475 9474
f 10780 9474 10779
f 10726 10727 10781
f 10781 10727 10782
f 10729 10730 10783
f 10783 10730 10784
f 10783 9477 9478
f 10731 10783 9478
f 10729 10783 10731
f 10731 9478 9479
f 10785 10731 9479
f 10732 10731 10785
f 10733 10732 10786
f 10786 10732 10785
f 10789 10788 10787
f 10791 10790 10787
f 10787 10790 10789
f 10793 10792 10791
f 10791 10792 10790
f 10792 10793 10745
f 10745 10793 10744
f 10793 9481 10744
f 9481 9482 10744
f 10744 9482 9382
f 9484 10746 9383
f 10746 9484 9486
f 10794 10746 9486
f 10747 10746 10794
f 10794 9488 9489
f 10748 10794 9489
f 10747 10794 10748
f 10748 9489 9490
f 10795 10748 9490
f 10749 10748 10795
f 10750 10749 10796
f 10749 10797 10796
f 10749 10795 10797
f 10796 10797 10753
f 10797 10752 10753
f 10797 10798 10752
f 10798 9492 9493
f 10754 10798 9493
f 10752 10798 10754
f 10754 9493 9494
f 10754 9494 10755
f 10755 9494 9496
f 10755 9496 10756
f 10756 9496 9498
f 10756 9498 10757
f 10757 9498 9500
f 10757 9500 10758
f 10758 9500 9502
f 10758 9502 10759
f 10759 9502 9504
f 10759 9504 10760
f 10760 9504 9397
f 9508 10761 9399
f 10761 9508 9510
f 10761 9510 10762
f 10762 9510 9512
f 10762 9512 10763
f 10763 9512 9514
f 10763 9514 10764
f 10764 9514 9516
f 10764 9516 10765
f 10765 9516 9518
f 10765 9518 10766
f 10766 9518 9520
f 10766 9520 10767
f 10767 9520 9522
f 10767 9522 10768
f 10768 9522 9524
f 10768 9524 10769
f 10769 9524 9526
f 10769 9526 10770
f 10770 9526 9528
f 10770 9528 10771
f 10771 9528 9530
f 10771 9530 10772
f 10772 9530 9413
f 9541 10773 9448
f 10773 9541 9451
f 9551 10774 9465
f 10774 9551 9553
f 10799 10774 9553
f 10775 10774 10799
f 10799 9555 9556
f 10776 10799 9556
f 10775 10799 10776
f 10776 9556 9470
f 9558 10800 10777
f 9558 10777 9471
f 10777 10801 10778
f 10777 10800 10801
f 10778 10802 10779
f 10778 10801 10802
f 10779 10803 10780
f 10779 10802 10803
f 10781 10782 10804
f 10782 10805 10804
f 10782 10806 10805
f 10804 10805 10784
f 10805 10783 10784
f 10805 10807 10783
f 10807 9560 9477
f 10807 9477 10783
f 9561 10785 9479
f 10809 10808 9563
f 9563 10808 9561
f 10808 10786 9561
f 10786 10785 9561
f 10811 10810 10809
f 10809 10810 10808
f 10811 10812 10810
f 10787 10788 10813
f 10813 10788 10814
f 10787 10815 10791
f 10787 10813 10815
f 10791 10816 10793
f 10791 10815 10816
f 10816 9565 9481
f 10816 9481 10793
f 9568 10794 9486
f 10794 9568 9488
f 9571 10817 10795
f 9571 10795 9490
f 10795 10818 10797
f 10795 10817 10818
f 10818 9573 9574
f 10798 10818 9574
f 10797 10818 10798
f 10798 9574 9492
f 9594 10799 9553
f 10799 9594 9555
f 9598 10800 9558
f 10800 9598 9600
f 10819 10800 9600
f 10801 10800 10819
f 10819 9602 9603
f 10802 10819 9603
f 10801 10819 10802
f 10802 9603 9604
f 10820 10802 9604
f 10803 10802 10820
f 10806 10821 10805
f 10805 10821 10822
f 10805 10822 10807
f 10807 10822 10823
f 10807 10823 9560
f 10823 9605 9560
f 10823 10824 9605
f 9605 10825 9606
f 10824 10825 9605
f 9563 9606 10809
f 9606 10826 10809
f 9606 10825 10826
f 10809 10826 10811
f 10811 10826 10827
f 10811 10827 10812
f 10814 10828 10813
f 10813 10828 10815
f 10815 10828 10829
f 10815 10829 10816
f 10816 10829 10830
f 10830 10832 10831
f 10830 10831 9607
f 10816 10830 9607
f 9565 10816 9607
f 10831 9609 9607
f 9610 10833 9611
f 10834 9612 9611
f 10834 9611 10833
f 10835 9613 9612
f 10835 9612 10834
f 10835 10836 9613
f 9613 10836 9571
f 10836 10837 9571
f 10837 10817 9571
f 10817 10837 10818
f 10818 10837 10838
f 10838 10840 10839
f 10838 10839 9614
f 10818 10838 9614
f 9573 10818 9614
f 10841 9615 9614
f 10841 9614 10839
f 10842 9616 9615
f 10842 9615 10841
f 10843 9617 9616
f 10843 9616 10842
f 10844 9618 9617
f 10844 9617 10843
f 10845 9619 9618
f 10845 9618 10844
f 10846 9620 9619
f 10846 9619 10845
f 10847 9621 9620
f 10847 9620 10846
f 10847 9623 9621
f 9628 10848 9629
f 10849 9630 9629
f 10849 9629 10848
f 10850 9631 9630
f 10850 9630 10849
f 10851 9632 9631
f 10851 9631 10850
f 10851 9634 9632
f 9664 10852 9665
f 10852 9667 9665
f 9678 10853 9679
f 10854 9680 9679
f 10854 9679 10853
f 10855 9681 9680
f 10855 9680 10854
f 10856 9682 9681
f 10856 9681 10855
f 9682 10856 10857
f 10858 9682 10857
f 9683 9682 10858
f 10858 10860 10859
f 9684 10858 10859
f 9683 10858 9684
f 10861 9685 9684
f 10861 9684 10859
f 9685 10861 10862
f 10863 9685 10862
f 9686 9685 10863
f 9600 9686 10819
f 9686 10864 10819
f 9686 10863 10864
f 10819 10864 9602
f 10864 9687 9602
f 10864 10865 9687
f 9604 9687 10820
f 9687 10866 10820
f 9687 10865 10866
f 10832 10867 10831
f 10831 10867 9609
f 10867 9688 9609
f 10867 10868 9688
f 9610 9688 10833
f 9688 10869 10833
f 9688 10868 10869
f 10833 10869 10834
f 10834 10869 10870
f 10834 10870 10835
f 10835 10870 10871
f 10835 10871 10836
f 10840 10872 10839
f 10839 10872 10841
f 10841 10872 10873
f 10841 10873 10842
f 10842 10873 10874
f 10842 10874 10843
f 10843 10874 10875
f 10843 10875 10844
f 10844 10875 10876
f 10844 10876 10845
f 10845 10876 10877
f 10845 10877 10846
f 10846 10877 10878
f 10846 10878 10847
f 10847 10878 10879
f 10847 10879 9623
f 10879 9689 9623
f 10879 10880 9689
f 9689 10881 9690
f 10880 10881 9689
f 9690 10882 9691
f 10881 10882 9690
f 9691 10883 9692
f 10882 10883 9691
f 9692 10884 9693
f 10883 10884 9692
f 9628 9693 10848
f 9693 10885 10848
f 9693 10884 10885
f 10848 10885 10849
f 10849 10885 10886
f 10849 10886 10850
f 10850 10886 10887
f 10850 10887 10851
f 10851 10887 10888
f 10851 10888 9634
f 10888 9694 9634
f 10888 10889 9694
f 9694 10890 9695
f 10889 10890 9694
f 9695 10891 9696
f 10890 10891 9695
f 9696 10892 9697
f 10891 10892 9696
f 9697 10893 9698
f 10892 10893 9697
f 9698 10894 9699
f 10893 10894 9698
f 9699 10895 9700
f 10894 10895 9699
f 9700 10896 9701
f 10895 10896 9700
f 9701 10897 9702
f 10896 10897 9701
f 9702 10898 9703
f 10897 10898 9702
f 9703 10899 9704
f 10898 10899 9703
f 10899 10901 10900
f 9705 10899 10900
f 9704 10899 9705
f 10902 9706 9705
f 10902 9705 10900
f 10903 9707 9706
f 10903 9706 10902
f 9707 10903 10904
f 10905 9707 10904
f 9708 9707 10905
f 9708 10906 9709
f 10905 10906 9708
f 9709 10907 9710
f 10906 10907 9709
f 9710 10908 9711
f 10907 10908 9710
f 9711 10909 9712
f 10908 10909 9711
f 10909 10911 10910
f 9713 10909 10910
f 9712 10909 9713
f 10912 9714 9713
f 10912 9713 10910
f 10913 9715 9714
f 10913 9714 10912
f 10914 9716 9715
f 10914 9715 10913
f 10915 9717 9716
f 10915 9716 10914
f 10916 9718 9717
f 10916 9717 10915
f 10917 9719 9718
f 10917 9718 10916
f 10918 9720 9719
f 10918 9719 10917
f 10919 9721 9720
f 10919 9720 10918
f 10920 9722 9721
f 10920 9721 10919
f 10921 9723 9722
f 10921 9722 10920
f 10922 9724 9723
f 10922 9723 10921
f 10923 9725 9724
f 10923 9724 10922
f 10924 9726 9725
f 10924 9725 10923
f 10925 9727 9726
f 10925 9726 10924
f 10926 9728 9727
f 10926 9727 10925
f 10927 9729 9728
f 10927 9728 10926
f 10928 9730 9729
f 10928 9729 10927
f 10928 9732 9730
f 9734 10929 9735
f 10930 9736 9735
f 10930 9735 10929
f 10931 9737 9736
f 10931 9736 10930
f 10932 9738 9737
f 10932 9737 10931
f 9738 10932 10933
f 10934 9738 10933
f 9739 9738 10934
f 10934 10936 10935
f 9740 10934 10935
f 9739 10934 9740
f 10937 9741 9740
f 10937 9740 10935
f 10938 9742 9741
f 10938 9741 10937
f 9742 10938 10939
f 10940 9742 10939
f 9743 9742 10940
f 9664 9743 10852
f 9743 10941 10852
f 9743 10940 10941
f 10852 10941 9667
f 10941 9744 9667
f 10941 10942 9744
f 10942 10944 10943
f 9745 10942 10943
f 9744 10942 9745
f 10945 9746 9745
f 10945 9745 10943
f 9746 10945 10946
f 10947 9746 10946
f 9747 9746 10947
f 9747 10948 9748
f 10947 10948 9747
f 10948 10950 10949
f 9749 10948 10949
f 9748 10948 9749
f 9749 10949 10951
f 10952 9749 10951
f 9750 9749 10952
f 9750 10953 9751
f 10952 10953 9750
f 9751 10954 9752
f 10953 10954 9751
f 9752 10955 9753
f 10954 10955 9752
f 9753 10956 9754
f 10955 10956 9753
f 9678 9754 10853
f 9754 10957 10853
f 9754 10956 10957
f 10853 10957 10854
f 10854 10957 10958
f 10854 10958 10855
f 10855 10958 10959
f 10855 10959 10856
f 10856 10959 10960
f 10856 10960 10857
f 10860 10961 10859
f 10859 10961 10861
f 10861 10961 10962
f 10861 10962 10862
f 10901 10963 10900
f 10900 10963 10902
f 10902 10963 10964
f 10902 10964 10903
f 10903 10964 10965
f 10903 10965 10904
f 10911 10966 10910
f 10910 10966 10912
f 10912 10966 10967
f 10912 10967 10913
f 10913 10967 10968
f 10913 10968 10914
f 10914 10968 10969
f 10914 10969 10915
f 10915 10969 10970
f 10915 10970 10916
f 10916 10970 10971
f 10916 10971 10917
f 10917 10971 10972
f 10917 10972 10918
f 10918 10972 10973
f 10918 10973 10919
f 10919 10973 10974
f 10919 10974 10920
f 10920 10974 10975
f 10920 10975 10921
f 10921 10975 10976
f 10921 10976 10922
f 10922 10976 10977
f 10922 10977 10923
f 10923 10977 10978
f 10923 10978 10924
f 10924 10978 10979
f 10924 10979 10925
f 10925 10979 10980
f 10925 10980 10926
f 10926 10980 10981
f 10926 10981 10927
f 10927 10981 10982
f 10927 10982 10928
f 10928 10982 10983
f 10983 10985 10984
f 10983 10984 9755
f 10928 10983 9755
f 9732 10928 9755
f 10986 9756 9755
f 10986 9755 10984
f 10986 10987 9756
f 9756 10987 9734
f 10987 10988 9734
f 10988 10929 9734
f 10929 10988 10930
f 10930 10988 10989
f 10930 10989 10931
f 10931 10989 10990
f 10931 10990 10932
f 10932 10990 10991
f 10932 10991 10933
f 10936 10992 10935
f 10935 10992 10937
f 10937 10992 10993
f 10937 10993 10938
f 10938 10993 10994
f 10938 10994 10939
f 10944 10995 10943
f 10943 10995 10945
f 10945 10995 10996
f 10945 10996 10946
f 10950 10997 10949
f 10949 10997 10951
f 10985 10998 10984
f 10984 10998 10986
f 10986 10998 10999
f 10986 10999 10987
f 11002 11001 11000
f 11004 11003 11000
f 11000 11003 11002
f 11006 11005 11004
f 11004 11005 11003
f 11008 11007 11006
f 11006 11007 11005
f 11010 11009 11008
f 11008 11009 11007
f 11012 11011 11010
f 11010 11011 11009
f 11014 11013 11012
f 11012 11013 11011
f 11014 11015 11013
f 11018 11017 11016
f 11020 11019 11016
f 11016 11019 11018
f 11022 11021 11020
f 11020 11021 11019
f 11024 11023 11022
f 11022 11023 11021
f 11026 11025 11024
f 11024 11025 11023
f 11025 11026 11001
f 11026 11000 11001
f 11026 11027 11000
f 11027 9758 9759
f 11004 11027 9759
f 11000 11027 11004
f 11004 9759 9760
f 11004 9760 11006
f 11006 9760 9762
f 11006 9762 11008
f 11008 9762 9764
f 11008 9764 11010
f 11010 9764 9766
f 11028 11010 9766
f 11012 11010 11028
f 11012 11029 11014
f 11012 11028 11029
f 11015 11014 11030
f 11014 11031 11030
f 11014 11029 11031
f 11033 11032 11031
f 11031 11032 11030
f 11035 11034 11033
f 11033 11034 11032
f 11037 11036 11035
f 11035 11036 11034
f 11037 11038 11036
f 11041 11040 11039
f 11043 11042 11039
f 11039 11042 11041
f 11043 11044 11042
f 11047 11046 11045
f 11049 11048 11045
f 11045 11048 11047
f 11051 11050 11049
f 11049 11050 11048
f 11053 11052 11051
f 11051 11052 11050
f 11052 11053 11017
f 11053 11016 11017
f 11053 11054 11016
f 11016 11055 11020
f 11016 11054 11055
f 11020 11056 11022
f 11020 11055 11056
f 11022 11057 11024
f 11022 11056 11057
f 11057 9768 9769
f 11026 11057 9769
f 11024 11057 11026
f 11026 9769 9770
f 11026 9770 11027
f 11027 9770 9758
f 9776 11028 9766
f 11028 9776 9778
f 11028 9778 11029
f 11029 9778 9780
f 11029 9780 11031
f 11031 9780 9782
f 11031 9782 11033
f 11033 9782 9784
f 11033 9784 11035
f 11035 9784 9786
f 11058 11035 9786
f 11037 11035 11058
f 11038 11037 11059
f 11037 11060 11059
f 11037 11058 11060
f 11062 11061 11060
f 11060 11061 11059
f 11064 11063 11062
f 11062 11063 11061
f 11064 11065 11063
f 11068 11067 11066
f 11070 11069 11066
f 11066 11069 11068
f 11072 11071 11070
f 11070 11071 11069
f 11074 11073 11072
f 11072 11073 11071
f 9788 9789 11074
f 9789 11073 11074
f 9789 11075 11073
f 9790 11039 11040
f 11075 9790 11040
f 9789 9790 11075
f 11039 9790 9792
f 11039 9792 11043
f 11077 11076 9794
f 9794 11076 9792
f 11076 11044 9792
f 11044 11043 9792
f 11076 11077 11046
f 11046 11077 11045
f 11077 9796 11045
f 9796 9797 11045
f 11045 9797 9798
f 11045 9798 11049
f 11049 9798 9800
f 11049 9800 11051
f 11051 9800 9802
f 11051 9802 11053
f 11053 9802 9804
f 11053 9804 11054
f 11054 9804 9806
f 11054 9806 11055
f 11055 9806 9808
f 11055 9808 11056
f 11056 9808 9810
f 11056 9810 11057
f 11057 9810 9768
f 9813 11058 9786
f 11058 9813 9815
f 11058 9815 11060
f 11060 9815 9817
f 11060 9817 11062
f 11062 9817 9819
f 11062 9819 11064
f 11079 11078 9821
f 9821 11078 9819
f 11078 11065 9819
f 11065 11064 9819
f 11081 11080 11079
f 11079 11080 11078
f 11083 11082 11081
f 11081 11082 11080
f 11085 11084 11083
f 11083 11084 11082
f 11087 11086 11085
f 11085 11086 11084
f 11089 11088 11087
f 11087 11088 11086
f 11089 11090 11088
f 11093 11092 11091
f 11095 11094 11091
f 11091 11094 11093
f 11097 11096 11095
f 11095 11096 11094
f 11099 11098 11097
f 11097 11098 11096
f 11101 11100 11099
f 11099 11100 11098
f 11103 11102 11101
f 11101 11102 11100
f 11105 11104 11103
f 11103 11104 11102
f 11104 11105 11067
f 11067 11105 11066
f 11105 9823 11066
f 9823 9824 11066
f 11066 9824 9825
f 11066 9825 11070
f 11070 9825 9827
f 11070 9827 11072
f 11072 9827 9829
f 11072 9829 11074
f 11074 9829 9788
f 9832 11077 9794
f 11077 9832 9796
f 9835 11079 9821
f 11079 9835 9837
f 11079 9837 11081
f 11081 9837 9839
f 11081 9839 11083
f 11083 9839 9841
f 11083 9841 11085
f 11085 9841 9843
f 11085 9843 11087
f 11087 9843 9845
f 11087 9845 11089
f 11107 11106 9847
f 9847 11106 9845
f 11106 11090 9845
f 11090 11089 9845
f 11109 11108 11107
f 11107 11108 11106
f 11109 11110 11108
f 11092 11111 11091
f 11091 11111 11095
f 11095 11111 11112
f 11095 11112 11097
f 11097 11112 11113
f 11115 11114 11113
f 11114 11097 11113
f 11114 11099 11097
f 11099 11116 11101
f 11099 11114 11116
f 11101 11117 11103
f 11101 11116 11117
f 11103 11118 11105
f 11103 11117 11118
f 11119 9848 9823
f 11105 11119 9823
f 11118 11119 11105
f 11119 9850 9848
f 9866 11120 11107
f 9866 11107 9847
f 11107 11121 11109
f 11107 11120 11121
f 11110 11109 11122
f 11122 11109 11121
f 11115 11123 11114
f 11114 11123 11116
f 11116 11123 11124
f 11116 11124 11117
f 11117 11124 11125
f 11127 11126 11125
f 11126 11117 11125
f 11126 11118 11117
f 11118 11128 11119
f 11118 11126 11128
f 11129 9867 9850
f 11119 11129 9850
f 11128 11129 11119
f 11130 9868 9867
f 11130 9867 11129
f 11130 9870 9868
f 9898 11131 9899
f 11132 9900 9899
f 11132 9899 11131
f 11133 9901 9900
f 11133 9900 11132
f 11120 9866 9901
f 11133 11120 9901
f 11134 11120 11133
f 11136 11121 11135
f 11121 11134 11135
f 11121 11120 11134
f 11121 11136 11122
f 11139 11138 11137
f 11141 11140 11137
f 11137 11140 11139
f 11141 11142 11140
f 11145 11144 11143
f 11147 11146 11143
f 11143 11146 11145
f 11149 11148 11147
f 11147 11148 11146
f 11151 11150 11149
f 11149 11150 11148
f 11153 11152 11151
f 11151 11152 11150
f 11155 11154 11153
f 11153 11154 11152
f 9903 9904 11155
f 9904 11154 11155
f 9904 11156 11154
f 9905 11126 11127
f 11156 9905 11127
f 9904 9905 11156
f 11126 9905 9907
f 11157 11126 9907
f 11128 11126 11157
f 11157 9909 9910
f 11129 11157 9910
f 11128 11157 11129
f 11129 9910 9911
f 11129 9911 11130
f 11130 9911 9870
f 9925 11131 9898
f 11131 9925 9927
f 11131 9927 11132
f 11132 9927 9929
f 11132 9929 11133
f 11133 9929 9931
f 11133 9931 11134
f 11159 11158 9933
f 9933 11158 9931
f 11158 11135 9931
f 11135 11134 9931
f 11161 11160 11159
f 11159 11160 11158
f 11163 11162 11161
f 11161 11162 11160
f 11165 11164 11163
f 11163 11164 11162
f 11167 11166 11165
f 11165 11166 11164
f 11169 11168 11167
f 11167 11168 11166
f 11169 11170 11168
f 11173 11172 11171
f 11175 11174 11171
f 11171 11174 11173
f 11177 11176 11175
f 11175 11176 11174
f 11177 11178 11176
f 11181 11180 11179
f 11183 11182 11179
f 11179 11182 11181
f 11185 11184 11183
f 11183 11184 11182
f 11187 11186 11185
f 11185 11186 11184
f 11189 11188 11187
f 11187 11188 11186
f 11189 11190 11188
f 11193 11192 11191
f 9935 9936 11191
f 9936 11193 11191
f 9936 11194 11193
f 11195 9936 9937
f 11195 11194 9936
f 9939 11137 11138
f 11195 9939 11138
f 9937 9939 11195
f 11137 9939 9941
f 11137 9941 11141
f 11196 11142 11141
f 9941 11196 11141
f 9943 11196 9941
f 11197 9943 9945
f 11197 11196 9943
f 11198 9945 9947
f 11198 11197 9945
f 11199 9947 9949
f 11199 11198 9947
f 11200 9949 9951
f 11200 11199 9949
f 11201 9951 9953
f 11201 11200 9951
f 9955 11143 11144
f 11201 9955 11144
f 9953 9955 11201
f 11143 9955 9956
f 11143 9956 11147
f 11147 9956 9957
f 11147 9957 11149
f 11149 9957 9958
f 11149 9958 11151
f 11151 9958 9959
f 11151 9959 11153
f 11153 9959 9960
f 11153 9960 11155
f 11155 9960 9903
f 9961 11157 9907
f 11157 9961 9909
f 9962 11159 9933
f 11159 9962 9963
f 11159 9963 11161
f 11161 9963 9964
f 11161 9964 11163
f 11163 9964 9965
f 11163 9965 11165
f 11165 9965 9966
f 11165 9966 11167
f 11167 9966 9967
f 11167 9967 11169
f 11202 11170 11169
f 9967 11202 11169
f 9968 11202 9967
f 11203 9968 9970
f 11203 11202 9968
f 11204 9970 9972
f 11204 11203 9970
f 11205 9972 9974
f 11205 11204 9972
f 9976 11171 11172
f 11205 9976 11172
f 9974 9976 11205
f 11171 9976 9978
f 11171 9978 11175
f 11175 9978 9979
f 11175 9979 11177
f 11206 11178 11177
f 9979 11206 11177
f 9980 11206 9979
f 11207 9980 9982
f 11207 11206 9980
f 11209 11208 9984
f 11208 9982 9984
f 11208 11207 9982
f 11209 11210 11208
f 11213 11212 11211
f 11215 11214 11211
f 11211 11214 11213
f 9986 9987 11215
f 9987 11214 11215
f 9987 11216 11214
f 11217 9987 9988
f 11217 11216 9987
f 11219 11218 9990
f 11218 9988 9990
f 11218 11217 9988
f 11221 11220 11219
f 11219 11220 11218
f 11223 11222 11221
f 11221 11222 11220
f 11225 11224 11223
f 11223 11224 11222
f 11227 11226 11225
f 11225 11226 11224
f 9992 9993 11227
f 9993 11226 11227
f 9993 11228 11226
f 11230 11229 9994
f 11229 9993 9994
f 11229 11228 9993
f 11230 11231 11229
f 11234 11233 11232
f 11236 11235 11232
f 11232 11235 11234
f 11238 11237 11236
f 11236 11237 11235
f 11238 11239 11237
f 11242 11241 11240
f 11240 11243 11242
f 11246 11245 11244
f 11244 11247 11246
f 11250 11249 11248
f 11252 11251 11248
f 11248 11251 11250
f 11252 11253 11251
f 11256 11255 11254
f 11258 11257 11254
f 11254 11257 11256
f 11258 11259 11257
f 11262 11261 11260
f 11264 11263 11260
f 11260 11263 11262
f 11264 11265 11263
f 11268 11267 11266
f 11270 11269 11266
f 11266 11269 11268
f 11272 11271 11270
f 11270 11271 11269
f 11274 11273 11272
f 11272 11273 11271
f 11274 11275 11273
f 11276 9998 9996
f 11276 11277 9998
f 9999 11179 11180
f 11276 9999 11180
f 9996 9999 11276
f 11179 9999 10001
f 11179 10001 11183
f 11183 10001 10003
f 11183 10003 11185
f 11185 10003 10005
f 11185 10005 11187
f 11187 10005 10007
f 11187 10007 11189
f 11278 11190 11189
f 10007 11278 11189
f 10009 11278 10007
f 11279 10009 10011
f 11279 11278 10009
f 10013 11191 11192
f 11279 10013 11192
f 10011 10013 11279
f 11191 10013 9935
f 10016 11209 9984
f 11280 11210 11209
f 10016 11280 11209
f 10018 11280 10016
f 11282 11281 10020
f 11281 10018 10020
f 11281 11280 10018
f 11281 11282 11212
f 11212 11282 11211
f 11282 10022 11211
f 10022 10023 11211
f 11211 10023 10024
f 11211 10024 11215
f 11215 10024 9986
f 10027 11219 9990
f 11219 10027 10029
f 11219 10029 11221
f 11221 10029 10031
f 11221 10031 11223
f 11223 10031 10033
f 11223 10033 11225
f 11225 10033 10035
f 11225 10035 11227
f 11227 10035 9992
f 10038 11230 9994
f 11283 11231 11230
f 10038 11283 11230
f 10040 11283 10038
f 11285 11284 10042
f 11284 10040 10042
f 11284 11283 10040
f 11287 11286 11285
f 11285 11286 11284
f 11289 11288 11287
f 11287 11288 11286
f 11291 11290 11289
f 11289 11290 11288
f 10044 10045 11291
f 10045 11290 11291
f 10045 11292 11290
f 10046 11232 11233
f 11292 10046 11233
f 10045 10046 11292
f 11232 10046 10048
f 11232 10048 11236
f 11236 10048 10050
f 11236 10050 11238
f 11293 11239 11238
f 10050 11293 11238
f 10052 11293 10050
f 10054 11240 11241
f 11293 10054 11241
f 10052 10054 11293
f 11295 11294 10056
f 10056 11294 10054
f 11294 11243 10054
f 11243 11240 10054
f 11297 11296 11295
f 11295 11296 11294
f 11299 11298 11297
f 11297 11298 11296
f 11301 11300 11299
f 11299 11300 11298
f 11300 11301 11245
f 11301 11244 11245
f 11301 11302 11244
f 11247 11244 11303
f 11244 11304 11303
f 11244 11302 11304
f 11306 11305 11304
f 11304 11305 11303
f 11306 11307 11305
f 11310 11309 11308
f 10058 10059 11308
f 10059 11310 11308
f 10059 11311 11310
f 11312 10059 10060
f 11312 11311 10059
f 11314 11313 10062
f 11313 10060 10062
f 11313 11312 10060
f 11316 11315 11314
f 11314 11315 11313
f 11318 11317 11316
f 11316 11317 11315
f 10064 10065 11318
f 10065 11317 11318
f 10065 11319 11317
f 11320 10065 10066
f 11320 11319 10065
f 11321 10066 10068
f 11321 11320 10066
f 10070 11248 11249
f 11321 10070 11249
f 10068 10070 11321
f 11248 10070 10072
f 11248 10072 11252
f 11323 11322 10074
f 10074 11322 10072
f 11322 11253 10072
f 11253 11252 10072
f 11325 11324 11323
f 11323 11324 11322
f 11327 11326 11325
f 11325 11326 11324
f 11329 11328 11327
f 11327 11328 11326
f 11331 11330 11329
f 11329 11330 11328
f 11333 11332 11331
f 11331 11332 11330
f 11332 11333 11255
f 11255 11333 11254
f 11333 10076 11254
f 10076 10077 11254
f 11254 10077 10078
f 11254 10078 11258
f 11335 11334 10080
f 10080 11334 10078
f 11334 11259 10078
f 11259 11258 10078
f 11337 11336 11335
f 11335 11336 11334
f 11339 11338 11337
f 11337 11338 11336
f 11341 11340 11339
f 11339 11340 11338
f 11343 11342 11341
f 11341 11342 11340
f 11342 11343 11261
f 11261 11343 11260
f 11343 10082 11260
f 10082 10083 11260
f 11260 10083 10084
f 11260 10084 11264
f 11345 11344 10086
f 10086 11344 10084
f 11344 11265 10084
f 11265 11264 10084
f 11347 11346 11345
f 11345 11346 11344
f 11349 11348 11347
f 11347 11348 11346
f 11351 11350 11349
f 11349 11350 11348
f 11353 11352 11351
f 11351 11352 11350
f 11355 11354 11353
f 11353 11354 11352
f 10088 10089 11355
f 10089 11354 11355
f 10089 11356 11354
f 11357 10089 10090
f 11357 11356 10089
f 11359 11358 10092
f 11358 10090 10092
f 11358 11357 10090
f 11361 11360 11359
f 11359 11360 11358
f 11363 11362 11361
f 11361 11362 11360
f 11365 11364 11363
f 11363 11364 11362
f 11365 11366 11364
f 11369 11368 11367
f 11371 11370 11367
f 11367 11370 11369
f 11373 11372 11371
f 11371 11372 11370
f 11373 11374 11372
f 11377 11376 11375
f 11379 11378 11375
f 11375 11378 11377
f 11379 11380 11378
f 11383 11382 11381
f 11385 11384 11381
f 11381 11384 11383
f 11385 11386 11384
f 11389 11388 11387
f 11391 11390 11387
f 11387 11390 11389
f 11393 11392 11391
f 11391 11392 11390
f 11393 11394 11392
f 11397 11396 11395
f 11397 11395 11267
f 11267 11395 11266
f 11395 10094 11266
f 10094 10095 11266
f 11266 10095 10096
f 11266 10096 11270
f 11270 10096 10098
f 11270 10098 11272
f 11272 10098 10100
f 11272 10100 11274
f 11398 11275 11274
f 10100 11398 11274
f 10102 11398 10100
f 11399 10105 10104
f 11399 10104 11400
f 11401 10106 10105
f 11401 10105 11399
f 11401 10108 10106
f 10111 11402 10112
f 11403 10113 10112
f 11403 10112 11402
f 11404 10114 10113
f 11404 10113 11403
f 11404 10116 10114
f 10126 11282 10020
f 11282 10126 10022
f 10136 11405 11285
f 10136 11285 10042
f 11285 11406 11287
f 11285 11405 11406
f 11287 11407 11289
f 11287 11406 11407
f 11289 11408 11291
f 11289 11407 11408
f 11408 10138 10044
f 11408 10044 11291
f 10144 11409 11295
f 10144 11295 10056
f 11295 11410 11297
f 11295 11409 11410
f 11297 11411 11299
f 11297 11410 11411
f 11299 11412 11301
f 11299 11411 11412
f 11412 10146 10147
f 11302 11412 10147
f 11301 11412 11302
f 11302 10147 10148
f 11413 11302 10148
f 11304 11302 11413
f 11304 11414 11306
f 11304 11413 11414
f 11307 11306 11415
f 11415 11306 11414
f 11308 11309 11416
f 11416 11309 11417
f 11418 10149 10058
f 11308 11418 10058
f 11416 11418 11308
f 11419 10150 10149
f 11419 10149 11418
f 11314 10062 10150
f 11419 11314 10150
f 11420 11314 11419
f 11314 11421 11316
f 11314 11420 11421
f 11316 11422 11318
f 11316 11421 11422
f 11423 10151 10064
f 11318 11423 10064
f 11422 11423 11318
f 11423 10153 10151
f 10157 11424 11323
f 10157 11323 10074
f 11323 11425 11325
f 11323 11424 11425
f 11325 11426 11327
f 11325 11425 11426
f 11327 11427 11329
f 11327 11426 11427
f 11329 11428 11331
f 11329 11427 11428
f 11331 11429 11333
f 11331 11428 11429
f 11429 10159 10076
f 11429 10076 11333
f 10161 11430 11335
f 10161 11335 10080
f 11335 11431 11337
f 11335 11430 11431
f 11337 11432 11339
f 11337 11431 11432
f 11339 11433 11341
f 11339 11432 11433
f 11341 11434 11343
f 11341 11433 11434
f 11434 10163 10082
f 11434 10082 11343
f 10165 11435 11345
f 10165 11345 10086
f 11437 11347 11436
f 11347 11435 11436
f 11347 11345 11435
f 11439 11438 11437
f 11438 11347 11437
f 11438 11349 11347
f 11441 11351 11440
f 11351 11438 11440
f 11351 11349 11438
f 11351 11441 11353
f 11353 11441 11442
f 11444 11443 11442
f 11443 11353 11442
f 11443 11355 11353
f 11445 10166 10088
f 11355 11445 10088
f 11443 11445 11355
f 11446 10167 10166
f 11446 10166 11445
f 11359 10092 10167
f 11446 11359 10167
f 11447 11359 11446
f 11449 11361 11448
f 11361 11447 11448
f 11361 11359 11447
f 11451 11450 11449
f 11450 11361 11449
f 11450 11363 11361
f 11453 11365 11452
f 11365 11450 11452
f 11365 11363 11450
f 11365 11453 11366
f 11368 11454 11367
f 11367 11454 11371
f 11371 11454 11455
f 11371 11455 11373
f 11373 11455 11456
f 11373 11456 11374
f 11376 11457 11375
f 11375 11457 11379
f 11379 11457 11458
f 11379 11458 11380
f 11382 11459 11381
f 11381 11459 11385
f 11385 11459 11460
f 11385 11460 11386
f 11387 11388 11461
f 11461 11388 11462
f 11387 11463 11391
f 11387 11461 11463
f 11465 11393 11464
f 11393 11463 11464
f 11393 11391 11463
f 11393 11465 11394
f 11395 11396 11466
f 11466 11396 11467
f 11466 10169 10094
f 11466 10094 11395
f 10172 11468 10173
f 11469 10174 10173
f 11469 10173 11468
f 11400 11470 11399
f 11400 11471 11470
f 11399 11472 11401
f 11399 11470 11472
f 11472 10176 10108
f 11472 10108 11401
f 10178 11473 10179
f 11402 10111 10179
f 11473 11402 10179
f 11474 11402 11473
f 11402 11475 11403
f 11402 11474 11475
f 11403 11476 11404
f 11403 11475 11476
f 11477 10180 10116
f 11404 11477 10116
f 11476 11477 11404
f 11477 10182 10180
f 10198 11478 10199
f 11478 10201 10199
f 10209 11479 11405
f 10209 11405 10136
f 11405 11480 11406
f 11405 11479 11480
f 11406 11481 11407
f 11406 11480 11481
f 11407 11482 11408
f 11407 11481 11482
f 11482 10211 10138
f 11482 10138 11408
f 10217 11483 11409
f 10217 11409 10144
f 11409 11484 11410
f 11409 11483 11484
f 11410 11485 11411
f 11410 11484 11485
f 11411 11486 11412
f 11411 11485 11486
f 11486 10219 10146
f 11486 10146 11412
f 10220 11487 11413
f 10220 11413 10148
f 11489 11414 11488
f 11414 11487 11488
f 11414 11413 11487
f 11414 11489 11415
f 11416 11417 11490
f 11490 11417 11491
f 11416 11492 11418
f 11416 11490 11492
f 11418 11493 11419
f 11418 11492 11493
f 11419 11494 11420
f 11419 11493 11494
f 11420 11495 11421
f 11420 11494 11495
f 11421 11496 11422
f 11421 11495 11496
f 11496 10222 10223
f 11423 11496 10223
f 11422 11496 11423
f 11423 10223 10153
f 10228 11497 11424
f 10228 11424 10157
f 11424 11498 11425
f 11424 11497 11498
f 11425 11499 11426
f 11425 11498 11499
f 11426 11500 11427
f 11426 11499 11500
f 11427 11501 11428
f 11427 11500 11501
f 11428 11502 11429
f 11428 11501 11502
f 11502 10230 10159
f 11502 10159 11429
f 10232 11503 11430
f 10232 11430 10161
f 11430 11504 11431
f 11430 11503 11504
f 11431 11505 11432
f 11431 11504 11505
f 11507 11433 11506
f 11433 11505 11506
f 11433 11432 11505
f 11509 11508 11507
f 11508 11433 11507
f 11508 11434 11433
f 11508 10234 10163
f 11508 10163 11434
f 10236 11510 11435
f 10236 11435 10165
f 11436 11435 11511
f 11511 11435 11510
f 11439 11512 11438
f 11438 11512 11440
f 11443 11444 11513
f 11513 11444 11514
f 11443 11515 11445
f 11443 11513 11515
f 11445 11516 11446
f 11445 11515 11516
f 11446 11517 11447
f 11446 11516 11517
f 11448 11447 11518
f 11518 11447 11517
f 11451 11519 11450
f 11450 11519 11452
f 11462 11520 11461
f 11522 11521 11520
f 11521 11461 11520
f 11521 11463 11461
f 11464 11463 11523
f 11523 11463 11521
f 11466 11467 11524
f 11524 11467 11525
f 11526 10237 10169
f 11466 11526 10169
f 11524 11526 11466
f 11527 10238 10237
f 11527 10237 11526
f 11528 10239 10238
f 11528 10238 11527
f 11468 10172 10239
f 11528 11468 10239
f 11529 11468 11528
f 11468 11530 11469
f 11468 11529 11530
f 11471 10243 10241
f 11471 10241 11470
f 11470 10241 10244
f 11470 10244 11472
f 11472 10244 10176
f 10246 11473 10178
f 11473 10246 10248
f 11473 10248 11474
f 11474 10248 10250
f 11474 10250 11475
f 11475 10250 10252
f 11475 10252 11476
f 11476 10252 10254
f 11476 10254 11477
f 11477 10254 10182
f 10257 11478 10198
f 11478 10257 10201
f 10260 11479 10209
f 11479 10260 10262
f 11479 10262 11480
f 11480 10262 10264
f 11480 10264 11481
f 11481 10264 10266
f 11481 10266 11482
f 11482 10266 10211
f 10271 11483 10217
f 11483 10271 10273
f 11483 10273 11484
f 11484 10273 10275
f 11484 10275 11485
f 11485 10275 10277
f 11485 10277 11486
f 11486 10277 10219
f 10280 11487 10220
f 11532 11531 10282
f 10282 11531 10280
f 11531 11488 10280
f 11488 11487 10280
f 11534 11533 11532
f 11532 11533 11531
f 11533 11534 11491
f 11491 11534 11490
f 11534 10284 11490
f 10284 10285 11490
f 11490 10285 10286
f 11490 10286 11492
f 11492 10286 10288
f 11492 10288 11493
f 11493 10288 10290
f 11493 10290 11494
f 11494 10290 10292
f 11494 10292 11495
f 11495 10292 10294
f 11495 10294 11496
f 11496 10294 10222
f 10299 11497 10228
f 11497 10299 10301
f 11497 10301 11498
f 11498 10301 10303
f 11498 10303 11499
f 11499 10303 10305
f 11499 10305 11500
f 11500 10305 10307
f 11500 10307 11501
f 11501 10307 10309
f 11501 10309 11502
f 11502 10309 10230
f 10311 11503 10232
f 11503 10311 10313
f 11503 10313 11504
f 11504 10313 10315
f 11504 10315 11505
f 11535 11506 11505
f 10315 11535 11505
f 10317 11535 10315
f 10319 11508 11509
f 11535 10319 11509
f 10317 10319 11535
f 11508 10319 10234
f 10321 11510 10236
f 11536 11511 11510
f 10321 11536 11510
f 10323 11536 10321
f 11537 10323 10325
f 11537 11536 10323
f 11539 11538 10327
f 11538 10325 10327
f 11538 11537 10325
f 11541 11540 11539
f 11539 11540 11538
f 11540 11541 11514
f 11514 11541 11513
f 11541 10329 11513
f 10329 10330 11513
f 11513 10330 10331
f 11513 10331 11515
f 11515 10331 10333
f 11515 10333 11516
f 11516 10333 10335
f 11516 10335 11517
f 11542 11518 11517
f 10335 11542 11517
f 10337 11542 10335
f 11543 10337 10339
f 11543 11542 10337
f 11545 11544 10341
f 11544 10339 10341
f 11544 11543 10339
f 11547 11546 11545
f 11545 11546 11544
f 11549 11548 11547
f 11547 11548 11546
f 10343 10344 11549
f 10344 11548 11549
f 10344 11550 11548
f 11551 10344 10345
f 11551 11550 10344
f 11553 11552 10347
f 11552 10345 10347
f 11552 11551 10345
f 11553 11554 11552
f 11557 11556 11555
f 11559 11558 11555
f 11555 11558 11557
f 11561 11560 11559
f 11559 11560 11558
f 11563 11562 11561
f 11561 11562 11560
f 11565 11564 11563
f 11563 11564 11562
f 11567 11566 11565
f 11565 11566 11564
f 11569 11568 11567
f 11567 11568 11566
f 11571 11570 11569
f 11569 11570 11568
f 11573 11572 11571
f 11571 11572 11570
f 10349 10350 11573
f 10350 11572 11573
f 10350 11574 11572
f 10351 11521 11522
f 11574 10351 11522
f 10350 10351 11574
f 11575 11523 11521
f 10351 11575 11521
f 10353 11575 10351
f 11577 11576 10355
f 11576 10353 10355
f 11576 11575 10353
f 11579 11578 11577
f 11577 11578 11576
f 11581 11580 11579
f 11579 11580 11578
f 11583 11582 11581
f 11581 11582 11580
f 11582 11583 11525
f 11525 11583 11524
f 11583 10357 11524
f 10357 10358 11524
f 11524 10358 10359
f 11524 10359 11526
f 11526 10359 10360
f 11526 10360 11527
f 11527 10360 10361
f 11527 10361 11528
f 11528 10361 10363
f 11528 10363 11529
f 11529 10363 10365
f 11529 10365 11530
f 10370 11532 10282
f 11532 10370 10372
f 11532 10372 11534
f 11534 10372 10284
f 10375 11539 10327
f 11539 10375 10376
f 11539 10376 11541
f 11541 10376 10329
f 10377 11545 10341
f 11545 10377 10378
f 11545 10378 11547
f 11547 10378 10380
f 11547 10380 11549
f 11549 10380 10343
f 10382 11553 10347
f 11584 11554 11553
f 10382 11584 11553
f 10384 11584 10382
f 11585 10384 10386
f 11585 11584 10384
f 10388 11555 11556
f 11585 10388 11556
f 10386 10388 11585
f 11555 10388 10390
f 11555 10390 11559
f 11559 10390 10391
f 11559 10391 11561
f 11561 10391 10392
f 11561 10392 11563
f 11563 10392 10394
f 11563 10394 11565
f 11565 10394 10396
f 11565 10396 11567
f 11567 10396 10397
f 11567 10397 11569
f 11569 10397 10398
f 11569 10398 11571
f 11571 10398 10399
f 11571 10399 11573
f 11573 10399 10349
f 10400 11577 10355
f 11577 10400 10402
f 11577 10402 11579
f 11579 10402 10404
f 11579 10404 11581
f 11581 10404 10406
f 11581 10406 11583
f 11583 10406 10357
