v 2.000000 0.000000 3.547655
v 2.000000 2.000000 3.423918
v 0.000000 0.000000 3.564262
v 0.000000 2.000000 3.379622
v 4.000000 0.000000 3.576341
v 4.000000 2.000000 3.350003
v 6.000000 0.000000 3.453782
v 6.000000 2.000000 3.188248
v 8.000000 0.000000 3.461940
v 8.000000 2.000000 3.195362
v 10.000000 0.000000 3.558083
v 10.000000 2.000000 3.295843
v 12.000000 0.000000 3.561227
v 12.000000 2.000000 3.336359
v 14.000000 0.000000 3.526020
v 14.000000 2.000000 3.323655
v 16.000000 0.000000 3.440751
v 16.000000 2.000000 3.285282
v 18.000000 0.000000 3.519960
v 18.000000 2.000000 3.409930
v 20.000000 0.000000 3.556841
v 20.000000 2.000000 3.287191
v 22.000000 0.000000 3.474014
v 22.000000 2.000000 3.204053
v 24.000000 0.000000 3.508615
v 24.000000 2.000000 3.266912
v 26.000000 0.000000 3.668616
v 26.000000 2.000000 3.351839
v 28.000000 0.000000 3.634976
v 28.000000 2.000000 3.374616
v 30.000000 0.000000 3.561784
v 30.000000 2.000000 3.324821
v 32.000000 0.000000 3.611900
v 32.000000 2.000000 3.329358
v 34.000000 0.000000 3.755236
v 34.000000 2.000000 3.490302
v 36.000000 0.000000 3.743294
v 36.000000 2.000000 3.568616
v 38.000000 0.000000 3.620590
v 38.000000 2.000000 3.470898
v 40.000000 0.000000 3.539024
v 40.000000 2.000000 3.406402
v 42.000000 0.000000 3.431326
v 42.000000 2.000000 3.277588
v 44.000000 0.000000 3.489706
v 44.000000 2.000000 3.323377
v 46.000000 0.000000 3.681309
v 46.000000 2.000000 3.430812
v 48.000000 0.000000 3.711771
v 48.000000 2.000000 3.410656
v 50.000000 0.000000 3.556925
v 50.000000 2.000000 3.309203
v 52.000000 0.000000 3.425594
v 52.000000 2.000000 3.307548
v 54.000000 0.000000 3.529557
v 54.000000 2.000000 3.423290
v 56.000000 0.000000 3.634333
v 56.000000 2.000000 3.474306
v 58.000000 0.000000 3.699316
v 58.000000 2.000000 3.513046
v 60.000000 0.000000 3.566527
v 60.000000 2.000000 3.387269
v 62.000000 0.000000 3.546221
v 62.000000 2.000000 3.323744
v 64.000000 0.000000 3.744243
v 64.000000 2.000000 3.368859
v 66.000000 0.000000 3.750434
v 66.000000 2.000000 3.413517
v 68.000000 0.000000 3.614630
v 68.000000 2.000000 3.411158
v 70.000000 0.000000 3.557917
v 70.000000 2.000000 3.387756
v 72.000000 0.000000 3.648796
v 72.000000 2.000000 3.441478
v 74.000000 0.000000 3.606851
v 74.000000 2.000000 3.365306
v 76.000000 0.000000 3.457599
v 76.000000 2.000000 3.325038
v 78.000000 0.000000 3.585232
v 78.000000 2.000000 3.429940
v 80.000000 0.000000 3.576397
v 80.000000 2.000000 3.318434
v 82.000000 0.000000 3.323115
v 82.000000 2.000000 3.179205
v 84.000000 0.000000 3.233717
v 84.000000 2.000000 3.141052
v 86.000000 0.000000 3.487240
v 86.000000 2.000000 3.295046
v 88.000000 0.000000 3.614065
v 88.000000 2.000000 3.344892
v 90.000000 0.000000 3.569126
v 90.000000 2.000000 3.319101
v 92.000000 0.000000 3.694758
v 92.000000 2.000000 3.412332
v 94.000000 0.000000 3.751703
v 94.000000 2.000000 3.441097
v 96.000000 0.000000 3.645144
v 96.000000 2.000000 3.373771
v 98.000000 0.000000 3.394960
v 98.000000 2.000000 3.277819
v 100.000000 0.000000 3.555440
v 100.000000 2.000000 3.352099
v 102.000000 0.000000 3.654048
v 102.000000 2.000000 3.385987
v 104.000000 0.000000 3.549549
v 104.000000 2.000000 3.357277
v 106.000000 0.000000 3.609608
v 106.000000 2.000000 3.439243
v 108.000000 0.000000 3.654224
v 108.000000 2.000000 3.359919
v 110.000000 0.000000 3.556163
v 110.000000 2.000000 3.289299
v 112.000000 0.000000 3.397950
v 112.000000 2.000000 3.256240
v 114.000000 0.000000 3.419990
v 114.000000 2.000000 3.272048
v 116.000000 0.000000 3.577957
v 116.000000 2.000000 3.392919
v 118.000000 0.000000 3.740841
v 118.000000 2.000000 3.529766
v 120.000000 0.000000 3.553622
v 120.000000 2.000000 3.332684
v 122.000000 0.000000 3.677726
v 122.000000 2.000000 3.487921
v 124.000000 0.360574 4.000000
v 123.787781 0.000000 4.000000
v 124.000000 2.000000 3.807907
v 126.000000 0.360789 4.000000
v 126.000000 2.000000 3.741548
v 126.340218 0.000000 4.000000
v 128.000000 0.000000 3.748577
v 128.000000 2.000000 3.505183
v 130.000000 0.000000 3.559754
v 130.000000 2.000000 3.382069
v 132.000000 0.000000 3.682780
v 132.000000 2.000000 3.556308
v 134.000000 0.000000 3.821600
v 134.000000 2.000000 3.597724
v 136.000000 0.000000 3.780071
v 136.000000 2.000000 3.479628
v 138.000000 0.000000 3.680238
v 138.000000 2.000000 3.453048
v 140.000000 0.000000 3.556576
v 140.000000 2.000000 3.327258
v 142.000000 0.000000 3.472690
v 142.000000 2.000000 3.346496
v 144.000000 0.000000 3.622889
v 144.000000 2.000000 3.470617
v 146.000000 0.000000 3.789723
v 146.000000 2.000000 3.519636
v 148.000000 0.000000 3.730533
v 148.000000 2.000000 3.516441
v 150.000000 0.000000 3.544627
v 150.000000 2.000000 3.331375
v 152.000000 0.000000 3.314899
v 152.000000 2.000000 3.168016
v 154.000000 0.000000 3.257149
v 154.000000 2.000000 3.139299
v 156.000000 0.000000 3.346818
v 156.000000 2.000000 3.213072
v 158.000000 0.000000 3.479389
v 158.000000 2.000000 3.271661
v 160.000000 0.000000 3.558089
v 160.000000 2.000000 3.349145
v 162.000000 0.000000 3.525641
v 162.000000 2.000000 3.317151
v 164.000000 0.000000 3.498699
v 164.000000 2.000000 3.297520
v 166.000000 0.000000 3.582478
v 166.000000 2.000000 3.350658
v 168.000000 0.000000 3.583341
v 168.000000 2.000000 3.303277
v 170.000000 0.000000 3.549727
v 170.000000 2.000000 3.284768
v 172.000000 0.000000 3.568222
v 172.000000 2.000000 3.277597
v 174.000000 0.000000 3.490459
v 174.000000 2.000000 3.136167
v 176.000000 0.000000 3.413635
v 176.000000 2.000000 3.063642
v 178.000000 0.000000 3.406980
v 178.000000 2.000000 3.142736
v 180.000000 0.000000 3.543895
v 180.000000 2.000000 3.281016
v 182.000000 0.000000 3.466378
v 182.000000 2.000000 3.254585
v 184.000000 0.000000 3.594732
v 184.000000 2.000000 3.420232
v 186.000000 0.000000 3.717641
v 186.000000 2.000000 3.451401
v 188.000000 0.000000 3.641621
v 188.000000 2.000000 3.352223
v 190.000000 0.000000 3.548806
v 190.000000 2.000000 3.281653
v 192.000000 0.000000 3.417082
v 192.000000 2.000000 3.252526
v 194.000000 0.000000 3.397705
v 194.000000 2.000000 3.254808
v 196.000000 0.000000 3.419056
v 196.000000 2.000000 3.247769
v 198.000000 0.000000 3.498159
v 198.000000 2.000000 3.288421
v 200.000000 0.000000 3.560781
v 200.000000 2.000000 3.370706
v 202.000000 0.000000 3.487614
v 202.000000 2.000000 3.163048
v 204.000000 0.000000 3.257208
v 204.000000 2.000000 2.908108
v 206.000000 0.000000 3.151664
v 206.000000 2.000000 2.903512
v 208.000000 0.000000 3.247524
v 208.000000 2.000000 2.983295
v 210.000000 0.000000 3.554760
v 210.000000 2.000000 3.218007
v 212.000000 0.000000 3.753054
v 212.000000 2.000000 3.355711
v 214.000000 0.000000 3.908505
v 214.000000 2.000000 3.534586
v 216.000000 0.000000 3.838287
v 216.000000 2.000000 3.575501
v 218.000000 0.000000 3.713616
v 218.000000 2.000000 3.495505
v 220.000000 0.000000 3.559623
v 220.000000 2.000000 3.304851
v 222.000000 0.000000 3.492802
v 222.000000 2.000000 3.210664
v 224.000000 0.000000 3.452665
v 224.000000 2.000000 3.149352
v 226.000000 0.000000 3.455928
v 226.000000 2.000000 3.212305
v 228.000000 0.000000 3.490036
v 228.000000 2.000000 3.207155
v 230.000000 0.000000 3.559492
v 230.000000 2.000000 3.252172
v 232.000000 0.000000 3.621075
v 232.000000 2.000000 3.257388
v 234.000000 0.000000 3.680957
v 234.000000 2.000000 3.305188
v 236.000000 0.000000 3.720463
v 236.000000 2.000000 3.267629
v 238.000000 0.000000 3.627448
v 238.000000 2.000000 3.227598
v 240.000000 0.000000 3.540885
v 240.000000 2.000000 3.205537
v 242.000000 0.000000 3.400175
v 242.000000 2.000000 3.006825
v 244.000000 0.000000 3.328419
v 244.000000 2.000000 2.856251
v 246.000000 0.000000 3.273092
v 246.000000 2.000000 2.821887
v 248.000000 0.000000 3.395404
v 248.000000 2.000000 2.858101
v 250.000000 0.000000 3.567771
v 250.000000 2.000000 3.104942
v 252.000000 0.000000 3.582673
v 252.000000 2.000000 3.099559
v 254.000000 0.000000 3.444874
v 254.000000 2.000000 3.039360
v 256.000000 0.000000 3.411259
v 256.000000 2.000000 3.081605
v 258.000000 0.000000 3.517695
v 258.000000 2.000000 3.167388
v 260.000000 0.000000 3.563603
v 260.000000 2.000000 3.151547
v 262.000000 0.000000 3.599387
v 262.000000 2.000000 3.085108
v 264.000000 0.000000 3.536415
v 264.000000 2.000000 3.094428
v 266.000000 0.000000 3.502275
v 266.000000 2.000000 3.149435
v 268.000000 0.000000 3.607691
v 268.000000 2.000000 3.222202
v 270.000000 0.000000 3.553909
v 270.000000 2.000000 3.180502
v 272.000000 0.000000 3.431201
v 272.000000 2.000000 3.108840
v 274.000000 0.000000 3.298586
v 274.000000 2.000000 2.977196
v 276.000000 0.000000 3.255978
v 276.000000 2.000000 2.947152
v 278.000000 0.000000 3.395225
v 278.000000 2.000000 3.061206
v 280.000000 0.000000 3.548846
v 280.000000 2.000000 3.161476
v 282.000000 0.000000 3.426898
v 282.000000 2.000000 3.054468
v 284.000000 0.000000 3.331363
v 284.000000 2.000000 3.001122
v 286.000000 0.000000 3.352700
v 286.000000 2.000000 3.032982
v 288.000000 0.000000 3.446761
v 288.000000 2.000000 3.105527
v 290.000000 0.000000 3.546726
v 290.000000 2.000000 3.123124
v 292.000000 0.000000 3.573450
v 292.000000 2.000000 3.209752
v 294.000000 0.000000 3.464413
v 294.000000 2.000000 3.190972
v 296.000000 0.000000 3.402729
v 296.000000 2.000000 3.138164
v 298.000000 0.000000 3.398367
v 298.000000 2.000000 3.103399
v 300.000000 0.000000 3.553998
v 300.000000 2.000000 3.238912
v 302.000000 0.000000 3.560489
v 302.000000 2.000000 3.304311
v 304.000000 0.000000 3.526475
v 304.000000 2.000000 3.253353
v 306.000000 0.000000 3.508352
v 306.000000 2.000000 3.169112
v 308.000000 0.000000 3.601171
v 308.000000 2.000000 3.239590
v 310.000000 0.000000 3.563792
v 310.000000 2.000000 3.272486
v 312.000000 0.000000 3.377451
v 312.000000 2.000000 3.092042
v 314.000000 0.000000 3.201741
v 314.000000 2.000000 2.953636
v 316.000000 0.000000 3.258547
v 316.000000 2.000000 3.036800
v 318.000000 0.000000 3.447431
v 318.000000 2.000000 3.240033
v 320.000000 0.000000 3.555443
v 320.000000 2.000000 3.296157
v 322.000000 0.000000 3.567956
v 322.000000 2.000000 3.288259
v 324.000000 0.000000 3.489550
v 324.000000 2.000000 3.255706
v 326.000000 0.000000 3.476427
v 326.000000 2.000000 3.357931
v 328.000000 0.000000 3.502601
v 328.000000 2.000000 3.394077
v 330.000000 0.000000 3.537176
v 330.000000 2.000000 3.354954
v 332.000000 0.000000 3.533400
v 332.000000 2.000000 3.351341
v 334.000000 0.000000 3.518830
v 334.000000 2.000000 3.417071
v 336.000000 0.000000 3.426890
v 336.000000 2.000000 3.228297
v 338.000000 0.000000 3.452469
v 338.000000 2.000000 3.172911
v 340.000000 0.000000 3.565785
v 340.000000 2.000000 3.323519
v 342.000000 0.000000 3.568245
v 342.000000 2.000000 3.367851
v 344.000000 0.000000 3.577978
v 344.000000 2.000000 3.283978
v 346.000000 0.000000 3.435099
v 346.000000 2.000000 3.227829
v 348.000000 0.000000 3.480696
v 348.000000 2.000000 3.270778
v 350.000000 0.000000 3.557195
v 350.000000 2.000000 3.297114
v 352.000000 0.000000 3.444201
v 352.000000 2.000000 3.133610
v 354.000000 0.000000 3.503151
v 354.000000 2.000000 3.219215
v 356.000000 0.000000 3.570365
v 356.000000 2.000000 3.330528
v 358.000000 0.000000 3.489330
v 358.000000 2.000000 3.288693
v 360.000000 0.000000 3.564262
v 360.000000 2.000000 3.379622
v 2.000000 4.000000 3.807078
v 0.000000 4.000000 3.725764
v 4.000000 4.000000 3.793323
v 6.000000 4.000000 3.626075
v 8.000000 4.000000 3.587317
v 10.000000 4.000000 3.647580
v 12.000000 4.000000 3.690950
v 14.000000 4.000000 3.616526
v 16.000000 4.000000 3.622311
v 18.000000 4.000000 3.748221
v 20.000000 4.000000 3.641303
v 22.000000 4.000000 3.556074
v 24.000000 4.000000 3.630676
v 26.000000 4.000000 3.716720
v 28.000000 4.000000 3.757962
v 30.000000 4.000000 3.760007
v 32.000000 4.000000 3.711184
v 34.000000 4.000000 3.880654
v 36.000000 4.000000 3.982969
v 38.000000 4.000000 3.822394
v 40.000000 4.000000 3.775616
v 42.000000 4.000000 3.607504
v 44.000000 4.000000 3.636026
v 46.000000 4.000000 3.710245
v 48.000000 4.000000 3.711740
v 50.000000 4.000000 3.625194
v 52.000000 4.000000 3.581053
v 54.000000 4.000000 3.702967
v 56.000000 4.000000 3.806947
v 58.000000 4.000000 3.862362
v 60.000000 4.000000 3.714108
v 62.000000 4.000000 3.640048
v 64.000000 4.000000 3.698678
v 66.000000 4.000000 3.692257
v 68.000000 4.000000 3.763744
v 70.000000 4.000000 3.719239
v 72.000000 4.000000 3.673952
v 74.000000 4.000000 3.661211
v 76.000000 4.000000 3.629405
v 78.000000 4.000000 3.776927
v 80.000000 4.000000 3.668025
v 82.000000 4.000000 3.495227
v 84.000000 4.000000 3.432104
v 86.000000 4.000000 3.579390
v 88.000000 4.000000 3.725569
v 90.000000 4.000000 3.689266
v 92.000000 4.000000 3.801484
v 94.000000 4.000000 3.854755
v 96.000000 4.000000 3.708427
v 98.000000 4.000000 3.615815
v 100.000000 4.000000 3.690035
v 102.000000 4.000000 3.711886
v 104.000000 4.000000 3.653980
v 106.000000 4.000000 3.723201
v 108.000000 4.000000 3.582158
v 110.000000 4.000000 3.639589
v 112.000000 4.000000 3.568711
v 114.000000 4.000000 3.575843
v 116.000000 4.000000 3.630874
v 118.000000 4.000000 3.809225
v 120.000000 4.000000 3.650307
v 122.000000 4.000000 3.833119
v 122.946220 4.000000 4.000000
v 124.000000 2.992966 4.000000
v 126.000000 3.419993 4.000000
v 128.000000 4.000000 3.854228
v 126.826210 4.000000 4.000000
v 130.000000 4.000000 3.723153
v 132.000000 4.000000 3.862214
v 134.000000 4.000000 3.884756
v 136.000000 4.000000 3.770500
v 138.000000 4.000000 3.790803
v 140.000000 4.000000 3.684705
v 142.000000 4.000000 3.699150
v 144.000000 4.000000 3.805768
v 146.000000 4.000000 3.857827
v 148.000000 4.000000 3.861443
v 150.000000 4.000000 3.660859
v 152.000000 4.000000 3.423833
v 154.000000 4.000000 3.385731
v 156.000000 4.000000 3.482825
v 158.000000 4.000000 3.566149
v 160.000000 4.000000 3.612065
v 162.000000 4.000000 3.581853
v 164.000000 4.000000 3.591821
v 166.000000 4.000000 3.651010
v 168.000000 4.000000 3.549063
v 170.000000 4.000000 3.532920
v 172.000000 4.000000 3.546558
v 174.000000 4.000000 3.445460
v 176.000000 4.000000 3.339297
v 178.000000 4.000000 3.430979
v 180.000000 4.000000 3.539166
v 182.000000 4.000000 3.531972
v 184.000000 4.000000 3.681532
v 186.000000 4.000000 3.762227
v 188.000000 4.000000 3.686976
v 190.000000 4.000000 3.564703
v 192.000000 4.000000 3.595904
v 194.000000 4.000000 3.574895
v 196.000000 4.000000 3.556154
v 198.000000 4.000000 3.600248
v 200.000000 4.000000 3.615388
v 202.000000 4.000000 3.385282
v 204.000000 4.000000 3.136381
v 206.000000 4.000000 3.178674
v 208.000000 4.000000 3.347967
v 210.000000 4.000000 3.532183
v 212.000000 4.000000 3.739694
v 214.000000 4.000000 3.950726
v 216.000000 4.000000 3.915304
v 218.000000 4.000000 3.845891
v 220.000000 4.000000 3.591143
v 222.000000 4.000000 3.554629
v 224.000000 4.000000 3.506677
v 226.000000 4.000000 3.551799
v 228.000000 4.000000 3.537296
v 230.000000 4.000000 3.575051
v 232.000000 4.000000 3.675739
v 234.000000 4.000000 3.738970
v 236.000000 4.000000 3.721044
v 238.000000 4.000000 3.632961
v 240.000000 4.000000 3.582092
v 242.000000 4.000000 3.496631
v 244.000000 4.000000 3.347536
v 246.000000 4.000000 3.239206
v 248.000000 4.000000 3.290111
v 250.000000 4.000000 3.534565
v 252.000000 4.000000 3.488643
v 254.000000 4.000000 3.348286
v 256.000000 4.000000 3.479675
v 258.000000 4.000000 3.608947
v 260.000000 4.000000 3.585052
v 262.000000 4.000000 3.463353
v 264.000000 4.000000 3.507097
v 266.000000 4.000000 3.526651
v 268.000000 4.000000 3.596956
v 270.000000 4.000000 3.603797
v 272.000000 4.000000 3.552058
v 274.000000 4.000000 3.461638
v 276.000000 4.000000 3.325165
v 278.000000 4.000000 3.448226
v 280.000000 4.000000 3.584723
v 282.000000 4.000000 3.417943
v 284.000000 4.000000 3.390831
v 286.000000 4.000000 3.486379
v 288.000000 4.000000 3.553513
v 290.000000 4.000000 3.570414
v 292.000000 4.000000 3.650252
v 294.000000 4.000000 3.630877
v 296.000000 4.000000 3.483449
v 298.000000 4.000000 3.440566
v 300.000000 4.000000 3.679134
v 302.000000 4.000000 3.729359
v 304.000000 4.000000 3.629734
v 306.000000 4.000000 3.518650
v 308.000000 4.000000 3.544314
v 310.000000 4.000000 3.603067
v 312.000000 4.000000 3.491444
v 314.000000 4.000000 3.260539
v 316.000000 4.000000 3.300834
v 318.000000 4.000000 3.573215
v 320.000000 4.000000 3.652618
v 322.000000 4.000000 3.674030
v 324.000000 4.000000 3.691259
v 326.000000 4.000000 3.711393
v 328.000000 4.000000 3.653306
v 330.000000 4.000000 3.622833
v 332.000000 4.000000 3.686687
v 334.000000 4.000000 3.691727
v 336.000000 4.000000 3.502854
v 338.000000 4.000000 3.471517
v 340.000000 4.000000 3.638608
v 342.000000 4.000000 3.678170
v 344.000000 4.000000 3.599953
v 346.000000 4.000000 3.519214
v 348.000000 4.000000 3.632103
v 350.000000 4.000000 3.635230
v 352.000000 4.000000 3.536314
v 354.000000 4.000000 3.565608
v 356.000000 4.000000 3.678700
v 358.000000 4.000000 3.680060
v 360.000000 4.000000 3.725764
v 2.000000 6.000000 3.227645
v 0.000000 6.000000 3.164269
v 4.000000 6.000000 3.257421
v 6.000000 6.000000 3.087805
v 8.000000 6.000000 3.106472
v 10.000000 6.000000 3.200734
v 12.000000 6.000000 3.207745
v 14.000000 6.000000 3.198028
v 16.000000 6.000000 3.192945
v 18.000000 6.000000 3.247926
v 20.000000 6.000000 3.216831
v 22.000000 6.000000 3.109561
v 24.000000 6.000000 3.123585
v 26.000000 6.000000 3.178498
v 28.000000 6.000000 3.176593
v 30.000000 6.000000 3.195403
v 32.000000 6.000000 3.300077
v 34.000000 6.000000 3.359010
v 36.000000 6.000000 3.347104
v 38.000000 6.000000 3.241989
v 40.000000 6.000000 3.182941
v 42.000000 6.000000 3.122545
v 44.000000 6.000000 3.177659
v 46.000000 6.000000 3.245877
v 48.000000 6.000000 3.243330
v 50.000000 6.000000 3.218203
v 52.000000 6.000000 3.197268
v 54.000000 6.000000 3.333302
v 56.000000 6.000000 3.397929
v 58.000000 6.000000 3.329420
v 60.000000 6.000000 3.188178
v 62.000000 6.000000 3.176952
v 64.000000 6.000000 3.223725
v 66.000000 6.000000 3.178805
v 68.000000 6.000000 3.143749
v 70.000000 6.000000 3.182246
v 72.000000 6.000000 3.266445
v 74.000000 6.000000 3.182843
v 76.000000 6.000000 3.123198
v 78.000000 6.000000 3.242966
v 80.000000 6.000000 3.209608
v 82.000000 6.000000 3.028932
v 84.000000 6.000000 2.965711
v 86.000000 6.000000 3.171061
v 88.000000 6.000000 3.317642
v 90.000000 6.000000 3.283030
v 92.000000 6.000000 3.302541
v 94.000000 6.000000 3.257849
v 96.000000 6.000000 3.144198
v 98.000000 6.000000 3.097941
v 100.000000 6.000000 3.231443
v 102.000000 6.000000 3.271345
v 104.000000 6.000000 3.212189
v 106.000000 6.000000 3.264236
v 108.000000 6.000000 3.296512
v 110.000000 6.000000 3.268653
v 112.000000 6.000000 3.106904
v 114.000000 6.000000 3.084627
v 116.000000 6.000000 3.254734
v 118.000000 6.000000 3.428985
v 120.000000 6.000000 3.237479
v 122.000000 6.000000 3.385325
v 124.000000 4.706049 4.000000
v 124.000000 6.000000 3.690677
v 126.000000 4.345981 4.000000
v 126.000000 6.000000 3.574145
v 128.000000 6.000000 3.306589
v 130.000000 6.000000 3.203249
v 132.000000 6.000000 3.345923
v 134.000000 6.000000 3.486179
v 136.000000 6.000000 3.419048
v 138.000000 6.000000 3.282412
v 140.000000 6.000000 3.185436
v 142.000000 6.000000 3.204068
v 144.000000 6.000000 3.335237
v 146.000000 6.000000 3.386872
v 148.000000 6.000000 3.335037
v 150.000000 6.000000 3.277253
v 152.000000 6.000000 3.112557
v 154.000000 6.000000 3.040961
v 156.000000 6.000000 3.098423
v 158.000000 6.000000 3.237003
v 160.000000 6.000000 3.263011
v 162.000000 6.000000 3.271246
v 164.000000 6.000000 3.219025
v 166.000000 6.000000 3.261811
v 168.000000 6.000000 3.265944
v 170.000000 6.000000 3.308912
v 172.000000 6.000000 3.206827
v 174.000000 6.000000 3.209128
v 176.000000 6.000000 3.274329
v 178.000000 6.000000 3.269729
v 180.000000 6.000000 3.274980
v 182.000000 6.000000 3.242683
v 184.000000 6.000000 3.375758
v 186.000000 6.000000 3.366740
v 188.000000 6.000000 3.348789
v 190.000000 6.000000 3.287238
v 192.000000 6.000000 3.190666
v 194.000000 6.000000 3.145492
v 196.000000 6.000000 3.156368
v 198.000000 6.000000 3.189014
v 200.000000 6.000000 3.216802
v 202.000000 6.000000 3.102282
v 204.000000 6.000000 2.964082
v 206.000000 6.000000 2.922045
v 208.000000 6.000000 3.056782
v 210.000000 6.000000 3.279566
v 212.000000 6.000000 3.465018
v 214.000000 6.000000 3.573257
v 216.000000 6.000000 3.465145
v 218.000000 6.000000 3.381743
v 220.000000 6.000000 3.255780
v 222.000000 6.000000 3.241730
v 224.000000 6.000000 3.214437
v 226.000000 6.000000 3.162344
v 228.000000 6.000000 3.149777
v 230.000000 6.000000 3.253104
v 232.000000 6.000000 3.315607
v 234.000000 6.000000 3.391403
v 236.000000 6.000000 3.403546
v 238.000000 6.000000 3.261065
v 240.000000 6.000000 3.225254
v 242.000000 6.000000 3.220186
v 244.000000 6.000000 3.143461
v 246.000000 6.000000 3.084919
v 248.000000 6.000000 3.151108
v 250.000000 6.000000 3.285537
v 252.000000 6.000000 3.216250
v 254.000000 6.000000 3.096503
v 256.000000 6.000000 3.167829
v 258.000000 6.000000 3.201628
v 260.000000 6.000000 3.219180
v 262.000000 6.000000 3.274494
v 264.000000 6.000000 3.261205
v 266.000000 6.000000 3.238900
v 268.000000 6.000000 3.235980
v 270.000000 6.000000 3.205589
v 272.000000 6.000000 3.168167
v 274.000000 6.000000 3.085814
v 276.000000 6.000000 3.033758
v 278.000000 6.000000 3.111093
v 280.000000 6.000000 3.168264
v 282.000000 6.000000 3.024468
v 284.000000 6.000000 3.026997
v 286.000000 6.000000 3.086669
v 288.000000 6.000000 3.100148
v 290.000000 6.000000 3.156540
v 292.000000 6.000000 3.183020
v 294.000000 6.000000 3.076221
v 296.000000 6.000000 3.010141
v 298.000000 6.000000 3.048739
v 300.000000 6.000000 3.165414
v 302.000000 6.000000 3.204308
v 304.000000 6.000000 3.156016
v 306.000000 6.000000 3.095553
v 308.000000 6.000000 3.169733
v 310.000000 6.000000 3.187938
v 312.000000 6.000000 3.085300
v 314.000000 6.000000 2.897008
v 316.000000 6.000000 2.894913
v 318.000000 6.000000 3.104760
v 320.000000 6.000000 3.190408
v 322.000000 6.000000 3.204247
v 324.000000 6.000000 3.167196
v 326.000000 6.000000 3.176657
v 328.000000 6.000000 3.163140
v 330.000000 6.000000 3.172863
v 332.000000 6.000000 3.194262
v 334.000000 6.000000 3.206681
v 336.000000 6.000000 3.090317
v 338.000000 6.000000 3.086866
v 340.000000 6.000000 3.243464
v 342.000000 6.000000 3.225533
v 344.000000 6.000000 3.192515
v 346.000000 6.000000 3.109433
v 348.000000 6.000000 3.195814
v 350.000000 6.000000 3.241645
v 352.000000 6.000000 3.091192
v 354.000000 6.000000 3.140394
v 356.000000 6.000000 3.176181
v 358.000000 6.000000 3.116681
v 360.000000 6.000000 3.164269
v 2.000000 8.000000 2.845639
v 0.000000 8.000000 2.764561
v 4.000000 8.000000 2.881404
v 6.000000 8.000000 2.764381
v 8.000000 8.000000 2.763673
v 10.000000 8.000000 2.785836
v 12.000000 8.000000 2.834514
v 14.000000 8.000000 2.823855
v 16.000000 8.000000 2.786932
v 18.000000 8.000000 2.832012
v 20.000000 8.000000 2.825979
v 22.000000 8.000000 2.763864
v 24.000000 8.000000 2.723345
v 26.000000 8.000000 2.789124
v 28.000000 8.000000 2.837116
v 30.000000 8.000000 2.817815
v 32.000000 8.000000 2.816067
v 34.000000 8.000000 2.907630
v 36.000000 8.000000 2.954201
v 38.000000 8.000000 2.861295
v 40.000000 8.000000 2.763264
v 42.000000 8.000000 2.682902
v 44.000000 8.000000 2.729688
v 46.000000 8.000000 2.806861
v 48.000000 8.000000 2.759461
v 50.000000 8.000000 2.692435
v 52.000000 8.000000 2.732435
v 54.000000 8.000000 2.888580
v 56.000000 8.000000 2.944352
v 58.000000 8.000000 2.863795
v 60.000000 8.000000 2.737529
v 62.000000 8.000000 2.716893
v 64.000000 8.000000 2.763508
v 66.000000 8.000000 2.753950
v 68.000000 8.000000 2.685689
v 70.000000 8.000000 2.771257
v 72.000000 8.000000 2.850800
v 74.000000 8.000000 2.817836
v 76.000000 8.000000 2.801235
v 78.000000 8.000000 2.875657
v 80.000000 8.000000 2.810997
v 82.000000 8.000000 2.672709
v 84.000000 8.000000 2.595008
v 86.000000 8.000000 2.763193
v 88.000000 8.000000 2.889054
v 90.000000 8.000000 2.877717
v 92.000000 8.000000 2.848183
v 94.000000 8.000000 2.835724
v 96.000000 8.000000 2.720858
v 98.000000 8.000000 2.677868
v 100.000000 8.000000 2.840021
v 102.000000 8.000000 2.915984
v 104.000000 8.000000 2.816966
v 106.000000 8.000000 2.873873
v 108.000000 8.000000 2.894618
v 110.000000 8.000000 2.884895
v 112.000000 8.000000 2.717777
v 114.000000 8.000000 2.661973
v 116.000000 8.000000 2.814536
v 118.000000 8.000000 2.932145
v 120.000000 8.000000 2.895927
v 122.000000 8.000000 3.025273
v 124.000000 8.000000 3.248854
v 126.000000 8.000000 3.099468
v 128.000000 8.000000 2.829278
v 130.000000 8.000000 2.724433
v 132.000000 8.000000 2.923440
v 134.000000 8.000000 3.067744
v 136.000000 8.000000 2.936753
v 138.000000 8.000000 2.864469
v 140.000000 8.000000 2.800468
v 142.000000 8.000000 2.848870
v 144.000000 8.000000 2.963671
v 146.000000 8.000000 2.956384
v 148.000000 8.000000 2.889502
v 150.000000 8.000000 2.871844
v 152.000000 8.000000 2.778761
v 154.000000 8.000000 2.659228
v 156.000000 8.000000 2.726006
v 158.000000 8.000000 2.839356
v 160.000000 8.000000 2.853420
v 162.000000 8.000000 2.878649
v 164.000000 8.000000 2.835603
v 166.000000 8.000000 2.823504
v 168.000000 8.000000 2.801448
v 170.000000 8.000000 2.847791
v 172.000000 8.000000 2.830422
v 174.000000 8.000000 2.799784
v 176.000000 8.000000 2.864436
v 178.000000 8.000000 2.821020
v 180.000000 8.000000 2.827101
v 182.000000 8.000000 2.850562
v 184.000000 8.000000 2.913753
v 186.000000 8.000000 2.949497
v 188.000000 8.000000 2.905720
v 190.000000 8.000000 2.831458
v 192.000000 8.000000 2.755408
v 194.000000 8.000000 2.696833
v 196.000000 8.000000 2.705090
v 198.000000 8.000000 2.730776
v 200.000000 8.000000 2.812937
v 202.000000 8.000000 2.768210
v 204.000000 8.000000 2.668598
v 206.000000 8.000000 2.640511
v 208.000000 8.000000 2.731490
v 210.000000 8.000000 2.887398
v 212.000000 8.000000 3.043506
v 214.000000 8.000000 3.134794
v 216.000000 8.000000 3.027220
v 218.000000 8.000000 2.971488
v 220.000000 8.000000 2.925536
v 222.000000 8.000000 2.835221
v 224.000000 8.000000 2.835474
v 226.000000 8.000000 2.822345
v 228.000000 8.000000 2.813136
v 230.000000 8.000000 2.856589
v 232.000000 8.000000 2.845428
v 234.000000 8.000000 2.874593
v 236.000000 8.000000 2.961040
v 238.000000 8.000000 2.926857
v 240.000000 8.000000 2.850132
v 242.000000 8.000000 2.789747
v 244.000000 8.000000 2.732949
v 246.000000 8.000000 2.727485
v 248.000000 8.000000 2.769187
v 250.000000 8.000000 2.917081
v 252.000000 8.000000 2.889747
v 254.000000 8.000000 2.779479
v 256.000000 8.000000 2.785257
v 258.000000 8.000000 2.833893
v 260.000000 8.000000 2.852610
v 262.000000 8.000000 2.818189
v 264.000000 8.000000 2.773245
v 266.000000 8.000000 2.807889
v 268.000000 8.000000 2.847625
v 270.000000 8.000000 2.798694
v 272.000000 8.000000 2.791664
v 274.000000 8.000000 2.752235
v 276.000000 8.000000 2.700435
v 278.000000 8.000000 2.750747
v 280.000000 8.000000 2.761778
v 282.000000 8.000000 2.672657
v 284.000000 8.000000 2.671846
v 286.000000 8.000000 2.726863
v 288.000000 8.000000 2.731962
v 290.000000 8.000000 2.769934
v 292.000000 8.000000 2.738155
v 294.000000 8.000000 2.665815
v 296.000000 8.000000 2.654937
v 298.000000 8.000000 2.677099
v 300.000000 8.000000 2.766001
v 302.000000 8.000000 2.830020
v 304.000000 8.000000 2.819294
v 306.000000 8.000000 2.771934
v 308.000000 8.000000 2.768112
v 310.000000 8.000000 2.799481
v 312.000000 8.000000 2.780587
v 314.000000 8.000000 2.645655
v 316.000000 8.000000 2.652665
v 318.000000 8.000000 2.811967
v 320.000000 8.000000 2.822410
v 322.000000 8.000000 2.820389
v 324.000000 8.000000 2.785655
v 326.000000 8.000000 2.780845
v 328.000000 8.000000 2.790262
v 330.000000 8.000000 2.772400
v 332.000000 8.000000 2.786008
v 334.000000 8.000000 2.792396
v 336.000000 8.000000 2.754937
v 338.000000 8.000000 2.760860
v 340.000000 8.000000 2.848840
v 342.000000 8.000000 2.889288
v 344.000000 8.000000 2.845631
v 346.000000 8.000000 2.733225
v 348.000000 8.000000 2.807474
v 350.000000 8.000000 2.804440
v 352.000000 8.000000 2.682452
v 354.000000 8.000000 2.693389
v 356.000000 8.000000 2.736728
v 358.000000 8.000000 2.710455
v 360.000000 8.000000 2.764561
v 2.000000 10.000000 3.655838
v 0.000000 10.000000 3.565886
v 4.000000 10.000000 3.692792
v 6.000000 10.000000 3.522125
v 8.000000 10.000000 3.495256
v 10.000000 10.000000 3.552117
v 12.000000 10.000000 3.585874
v 14.000000 10.000000 3.599190
v 16.000000 10.000000 3.604541
v 18.000000 10.000000 3.676898
v 20.000000 10.000000 3.551833
v 22.000000 10.000000 3.435144
v 24.000000 10.000000 3.468391
v 26.000000 10.000000 3.508639
v 28.000000 10.000000 3.568600
v 30.000000 10.000000 3.550312
v 32.000000 10.000000 3.634368
v 34.000000 10.000000 3.843964
v 36.000000 10.000000 3.781319
v 38.000000 10.000000 3.642249
v 40.000000 10.000000 3.556991
v 42.000000 10.000000 3.454101
v 44.000000 10.000000 3.482979
v 46.000000 10.000000 3.524332
v 48.000000 10.000000 3.571713
v 50.000000 10.000000 3.553137
v 52.000000 10.000000 3.522388
v 54.000000 10.000000 3.750231
v 56.000000 10.000000 3.776552
v 58.000000 10.000000 3.666734
v 60.000000 10.000000 3.543611
v 62.000000 10.000000 3.451406
v 64.000000 10.000000 3.528250
v 66.000000 10.000000 3.566263
v 68.000000 10.000000 3.495391
v 70.000000 10.000000 3.570826
v 72.000000 10.000000 3.614808
v 74.000000 10.000000 3.564435
v 76.000000 10.000000 3.459746
v 78.000000 10.000000 3.650968
v 80.000000 10.000000 3.558573
v 82.000000 10.000000 3.320229
v 84.000000 10.000000 3.262902
v 86.000000 10.000000 3.478257
v 88.000000 10.000000 3.599551
v 90.000000 10.000000 3.578637
v 92.000000 10.000000 3.637640
v 94.000000 10.000000 3.603699
v 96.000000 10.000000 3.472846
v 98.000000 10.000000 3.380562
v 100.000000 10.000000 3.603449
v 102.000000 10.000000 3.683455
v 104.000000 10.000000 3.574217
v 106.000000 10.000000 3.663665
v 108.000000 10.000000 3.634136
v 110.000000 10.000000 3.597254
v 112.000000 10.000000 3.459741
v 114.000000 10.000000 3.507895
v 116.000000 10.000000 3.650283
v 118.000000 10.000000 3.691144
v 120.000000 10.000000 3.606401
v 122.000000 10.000000 3.776217
v 123.861191 10.000000 4.000000
v 124.000000 9.963073 4.000000
v 126.000000 9.990207 4.000000
v 128.000000 10.000000 3.740123
v 126.041039 10.000000 4.000000
v 130.000000 10.000000 3.583872
v 132.000000 10.000000 3.688857
v 134.000000 10.000000 3.812463
v 136.000000 10.000000 3.717296
v 138.000000 10.000000 3.663381
v 140.000000 10.000000 3.567796
v 142.000000 10.000000 3.554292
v 144.000000 10.000000 3.698352
v 146.000000 10.000000 3.785234
v 148.000000 10.000000 3.769039
v 150.000000 10.000000 3.570517
v 152.000000 10.000000 3.305032
v 154.000000 10.000000 3.263183
v 156.000000 10.000000 3.380127
v 158.000000 10.000000 3.486466
v 160.000000 10.000000 3.570171
v 162.000000 10.000000 3.542832
v 164.000000 10.000000 3.596693
v 166.000000 10.000000 3.680429
v 168.000000 10.000000 3.539634
v 170.000000 10.000000 3.582885
v 172.000000 10.000000 3.528551
v 174.000000 10.000000 3.486588
v 176.000000 10.000000 3.416016
v 178.000000 10.000000 3.506555
v 180.000000 10.000000 3.557995
v 182.000000 10.000000 3.419101
v 184.000000 10.000000 3.584386
v 186.000000 10.000000 3.659028
v 188.000000 10.000000 3.555767
v 190.000000 10.000000 3.557946
v 192.000000 10.000000 3.489842
v 194.000000 10.000000 3.496486
v 196.000000 10.000000 3.540192
v 198.000000 10.000000 3.541384
v 200.000000 10.000000 3.544204
v 202.000000 10.000000 3.390639
v 204.000000 10.000000 3.202907
v 206.000000 10.000000 3.160271
v 208.000000 10.000000 3.305076
v 210.000000 10.000000 3.547415
v 212.000000 10.000000 3.671839
v 214.000000 10.000000 3.872123
v 216.000000 10.000000 3.838873
v 218.000000 10.000000 3.761863
v 220.000000 10.000000 3.558299
v 222.000000 10.000000 3.444580
v 224.000000 10.000000 3.417470
v 226.000000 10.000000 3.436421
v 228.000000 10.000000 3.536938
v 230.000000 10.000000 3.558752
v 232.000000 10.000000 3.567229
v 234.000000 10.000000 3.594345
v 236.000000 10.000000 3.679699
v 238.000000 10.000000 3.653511
v 240.000000 10.000000 3.545974
v 242.000000 10.000000 3.458066
v 244.000000 10.000000 3.397749
v 246.000000 10.000000 3.315516
v 248.000000 10.000000 3.369444
v 250.000000 10.000000 3.557583
v 252.000000 10.000000 3.522657
v 254.000000 10.000000 3.358001
v 256.000000 10.000000 3.439992
v 258.000000 10.000000 3.513587
v 260.000000 10.000000 3.552594
v 262.000000 10.000000 3.475956
v 264.000000 10.000000 3.367911
v 266.000000 10.000000 3.414903
v 268.000000 10.000000 3.542221
v 270.000000 10.000000 3.555191
v 272.000000 10.000000 3.498444
v 274.000000 10.000000 3.471586
v 276.000000 10.000000 3.393828
v 278.000000 10.000000 3.452110
v 280.000000 10.000000 3.552362
v 282.000000 10.000000 3.431074
v 284.000000 10.000000 3.355908
v 286.000000 10.000000 3.383378
v 288.000000 10.000000 3.514349
v 290.000000 10.000000 3.555369
v 292.000000 10.000000 3.507320
v 294.000000 10.000000 3.434927
v 296.000000 10.000000 3.406662
v 298.000000 10.000000 3.419343
v 300.000000 10.000000 3.552115
v 302.000000 10.000000 3.575635
v 304.000000 10.000000 3.612668
v 306.000000 10.000000 3.548397
v 308.000000 10.000000 3.560885
v 310.000000 10.000000 3.541782
v 312.000000 10.000000 3.449816
v 314.000000 10.000000 3.294819
v 316.000000 10.000000 3.308454
v 318.000000 10.000000 3.446568
v 320.000000 10.000000 3.544723
v 322.000000 10.000000 3.586924
v 324.000000 10.000000 3.546104
v 326.000000 10.000000 3.512519
v 328.000000 10.000000 3.543822
v 330.000000 10.000000 3.548158
v 332.000000 10.000000 3.618376
v 334.000000 10.000000 3.554351
v 336.000000 10.000000 3.321574
v 338.000000 10.000000 3.355562
v 340.000000 10.000000 3.552139
v 342.000000 10.000000 3.555674
v 344.000000 10.000000 3.519710
v 346.000000 10.000000 3.563415
v 348.000000 10.000000 3.543543
v 350.000000 10.000000 3.557282
v 352.000000 10.000000 3.389352
v 354.000000 10.000000 3.418526
v 356.000000 10.000000 3.491435
v 358.000000 10.000000 3.425802
v 360.000000 10.000000 3.565886
v 0.000000 11.864038 4.000000
v 2.000000 12.000000 3.922326
v 0.631591 12.000000 4.000000
v 4.000000 12.000000 3.938029
v 6.000000 12.000000 3.937544
v 8.000000 12.000000 3.959362
v 10.000000 12.000000 3.983964
v 10.628547 12.000000 4.000000
v 12.000000 11.854568 4.000000
v 14.000000 11.756376 4.000000
v 16.000000 11.772649 4.000000
v 18.000000 11.329314 4.000000
v 20.000000 11.733710 4.000000
v 22.000000 12.000000 3.959484
v 21.301155 12.000000 4.000000
v 24.000000 12.000000 3.942398
v 25.050732 12.000000 4.000000
v 26.000000 11.827432 4.000000
v 28.000000 11.498872 4.000000
v 30.000000 11.399413 4.000000
v 32.000000 11.207824 4.000000
v 34.000000 10.588915 4.000000
v 36.000000 10.776135 4.000000
v 38.000000 11.043320 4.000000
v 40.000000 11.313176 4.000000
v 42.000000 11.401064 4.000000
v 44.000000 11.318414 4.000000
v 46.000000 11.125604 4.000000
v 48.000000 11.034509 4.000000
v 50.000000 11.139422 4.000000
v 52.000000 11.092033 4.000000
v 54.000000 10.627219 4.000000
v 56.000000 10.581243 4.000000
v 58.000000 10.839426 4.000000
v 60.000000 11.165769 4.000000
v 62.000000 11.320367 4.000000
v 64.000000 11.194673 4.000000
v 66.000000 11.191205 4.000000
v 68.000000 11.454890 4.000000
v 70.000000 11.251131 4.000000
v 72.000000 11.214352 4.000000
v 74.000000 11.303675 4.000000
v 76.000000 11.573378 4.000000
v 78.000000 11.012152 4.000000
v 80.000000 11.074906 4.000000
v 82.000000 11.914601 4.000000
v 84.000000 12.000000 3.973840
v 83.182190 12.000000 4.000000
v 84.171898 12.000000 4.000000
v 86.000000 11.373060 4.000000
v 88.000000 11.028109 4.000000
v 90.000000 10.968974 4.000000
v 92.000000 10.826699 4.000000
v 94.000000 10.882075 4.000000
v 96.000000 11.189343 4.000000
v 98.000000 11.524690 4.000000
v 100.000000 10.965682 4.000000
v 102.000000 10.766036 4.000000
v 104.000000 11.030436 4.000000
v 106.000000 10.927787 4.000000
v 108.000000 10.849472 4.000000
v 110.000000 11.093837 4.000000
v 112.000000 11.458753 4.000000
v 114.000000 11.336035 4.000000
v 116.000000 10.941834 4.000000
v 118.000000 10.815175 4.000000
v 120.000000 10.984568 4.000000
v 122.000000 10.548809 4.000000
v 128.000000 10.676497 4.000000
v 130.000000 11.069647 4.000000
v 132.000000 10.881424 4.000000
v 134.000000 10.557412 4.000000
v 136.000000 10.841582 4.000000
v 138.000000 10.918752 4.000000
v 140.000000 11.167508 4.000000
v 142.000000 11.213117 4.000000
v 144.000000 10.862726 4.000000
v 146.000000 10.687605 4.000000
v 148.000000 10.861880 4.000000
v 150.000000 11.778354 4.000000
v 152.000000 12.000000 3.809134
v 150.440933 12.000000 4.000000
v 154.000000 12.000000 3.728782
v 156.000000 12.000000 3.758151
v 158.000000 12.000000 3.818388
v 160.000000 12.000000 3.953933
v 162.000000 12.000000 3.882015
v 164.000000 12.000000 3.937157
v 165.939606 12.000000 4.000000
v 166.000000 11.988267 4.000000
v 168.000000 12.000000 3.789677
v 166.016785 12.000000 4.000000
v 170.000000 12.000000 3.782643
v 172.000000 12.000000 3.834466
v 174.000000 12.000000 3.798640
v 176.000000 12.000000 3.737187
v 178.000000 12.000000 3.803072
v 180.000000 12.000000 3.931673
v 182.000000 12.000000 3.776143
v 184.000000 12.000000 3.842504
v 185.846603 12.000000 4.000000
v 186.000000 11.924020 4.000000
v 188.000000 12.000000 3.930998
v 186.323990 12.000000 4.000000
v 190.000000 12.000000 3.821502
v 192.000000 12.000000 3.806864
v 194.000000 12.000000 3.895596
v 196.000000 12.000000 3.879997
v 198.000000 12.000000 3.855284
v 200.000000 12.000000 3.783763
v 202.000000 12.000000 3.637312
v 204.000000 12.000000 3.508212
v 206.000000 12.000000 3.432173
v 208.000000 12.000000 3.567836
v 210.000000 12.000000 3.837788
v 211.253281 12.000000 4.000000
v 212.000000 11.534858 4.000000
v 214.000000 10.630061 4.000000
v 216.000000 10.842031 4.000000
v 218.000000 11.253556 4.000000
v 220.000000 12.000000 3.883858
v 219.086212 12.000000 4.000000
v 222.000000 12.000000 3.807313
v 224.000000 12.000000 3.749359
v 226.000000 12.000000 3.711072
v 228.000000 12.000000 3.890786
v 230.000000 12.000000 3.930058
v 231.384140 12.000000 4.000000
v 232.000000 11.871916 4.000000
v 234.000000 11.531130 4.000000
v 236.000000 11.542999 4.000000
v 238.000000 11.685442 4.000000
v 240.000000 12.000000 3.995057
v 239.860474 12.000000 4.000000
v 242.000000 12.000000 3.972044
v 243.402512 12.000000 4.000000
v 244.000000 11.965263 4.000000
v 246.000000 12.000000 3.824903
v 244.130463 12.000000 4.000000
v 248.000000 12.000000 3.791290
v 250.000000 12.000000 3.929303
v 252.000000 12.000000 3.865581
v 254.000000 12.000000 3.724497
v 256.000000 12.000000 3.707535
v 258.000000 12.000000 3.802433
v 260.000000 12.000000 3.868846
v 262.000000 12.000000 3.785519
v 264.000000 12.000000 3.663595
v 266.000000 12.000000 3.691107
v 268.000000 12.000000 3.876669
v 270.000000 12.000000 3.944766
v 272.000000 12.000000 3.955785
v 274.000000 12.000000 3.916912
v 276.000000 12.000000 3.693862
v 278.000000 12.000000 3.831114
v 280.000000 12.000000 3.926085
v 282.000000 12.000000 3.747859
v 284.000000 12.000000 3.588210
v 286.000000 12.000000 3.606078
v 288.000000 12.000000 3.794245
v 290.000000 12.000000 3.832736
v 292.000000 12.000000 3.761133
v 294.000000 12.000000 3.693666
v 296.000000 12.000000 3.707114
v 298.000000 12.000000 3.786356
v 300.000000 12.000000 3.860445
v 302.000000 12.000000 3.910502
v 304.000000 12.000000 3.967357
v 306.000000 12.000000 3.957272
v 308.000000 12.000000 3.950864
v 310.000000 12.000000 3.829273
v 312.000000 12.000000 3.622420
v 314.000000 12.000000 3.539688
v 316.000000 12.000000 3.573820
v 318.000000 12.000000 3.693294
v 320.000000 12.000000 3.855467
v 322.000000 12.000000 3.983271
v 324.000000 12.000000 3.989032
v 326.000000 12.000000 3.964675
v 328.000000 12.000000 3.993911
v 328.250214 12.000000 4.000000
v 330.000000 11.841463 4.000000
v 332.000000 11.963126 4.000000
v 334.000000 12.000000 3.888858
v 332.128387 12.000000 4.000000
v 336.000000 12.000000 3.816934
v 338.000000 12.000000 3.830660
v 340.000000 12.000000 3.974126
v 342.000000 12.000000 3.969274
v 344.000000 12.000000 3.973378
v 344.483795 12.000000 4.000000
v 346.000000 11.698915 4.000000
v 348.000000 11.641013 4.000000
v 350.000000 11.867183 4.000000
v 352.000000 11.924200 4.000000
v 354.000000 11.760812 4.000000
v 356.000000 11.789550 4.000000
v 358.000000 11.979549 4.000000
v 360.000000 11.864038 4.000000
v 0.000000 14.000000 3.809052
v 0.000000 12.311161 4.000000
v 2.000000 14.000000 3.735081
v 4.000000 14.000000 3.771711
v 6.000000 14.000000 3.734982
v 8.000000 14.000000 3.699446
v 10.000000 14.000000 3.787583
v 12.000000 12.208438 4.000000
v 12.000000 14.000000 3.709649
v 14.000000 12.421481 4.000000
v 14.000000 14.000000 3.780963
v 16.000000 12.374751 4.000000
v 16.000000 14.000000 3.769908
v 18.000000 12.975039 4.000000
v 18.000000 14.000000 3.825653
v 20.000000 12.505803 4.000000
v 20.000000 14.000000 3.788535
v 22.000000 14.000000 3.616261
v 24.000000 14.000000 3.630935
v 26.000000 12.297292 4.000000
v 26.000000 14.000000 3.701800
v 28.000000 12.660814 4.000000
v 28.000000 14.000000 3.688972
v 30.000000 13.112786 4.000000
v 30.000000 14.000000 3.833674
v 32.000000 13.791026 4.000000
v 32.000000 14.000000 3.969683
v 32.378483 14.000000 4.000000
v 40.000000 14.000000 3.884749
v 38.349174 14.000000 4.000000
v 40.000000 13.366622 4.000000
v 42.000000 13.118485 4.000000
v 42.000000 14.000000 3.807894
v 44.000000 13.166027 4.000000
v 44.000000 14.000000 3.798262
v 46.000000 13.703677 4.000000
v 46.000000 14.000000 3.928295
v 48.000000 13.893087 4.000000
v 48.000000 14.000000 3.976448
v 50.000000 13.534315 4.000000
v 50.000000 14.000000 3.895137
v 50.921154 14.000000 4.000000
v 60.000000 14.000000 3.939763
v 59.180180 14.000000 4.000000
v 60.000000 13.714292 4.000000
v 62.000000 13.590277 4.000000
v 62.000000 14.000000 3.916685
v 64.000000 13.681012 4.000000
v 64.000000 14.000000 3.931735
v 66.000000 13.555277 4.000000
v 66.000000 14.000000 3.907142
v 68.000000 13.095436 4.000000
v 68.000000 14.000000 3.828329
v 70.000000 13.697906 4.000000
v 70.000000 14.000000 3.950192
v 72.000000 13.680516 4.000000
v 72.000000 14.000000 3.948134
v 74.000000 13.484294 4.000000
v 74.000000 14.000000 3.911035
v 76.000000 13.732206 4.000000
v 76.000000 14.000000 3.973706
v 76.415573 14.000000 4.000000
v 82.000000 14.000000 3.682399
v 80.112404 14.000000 4.000000
v 82.000000 12.189848 4.000000
v 84.000000 14.000000 3.656828
v 86.000000 13.567042 4.000000
v 86.000000 14.000000 3.928173
v 87.511757 14.000000 4.000000
v 96.000000 14.000000 3.948054
v 95.187332 14.000000 4.000000
v 96.000000 13.765913 4.000000
v 98.000000 13.332854 4.000000
v 98.000000 14.000000 3.890453
v 98.945503 14.000000 4.000000
v 140.000000 14.000000 3.958372
v 139.550705 14.000000 4.000000
v 140.000000 13.774843 4.000000
v 142.000000 13.672393 4.000000
v 142.000000 14.000000 3.937849
v 143.835327 14.000000 4.000000
v 150.000000 14.000000 3.813163
v 148.224731 14.000000 4.000000
v 150.000000 12.443603 4.000000
v 152.000000 14.000000 3.677355
v 154.000000 14.000000 3.616107
v 156.000000 14.000000 3.690898
v 158.000000 14.000000 3.700594
v 160.000000 14.000000 3.821262
v 162.000000 14.000000 3.744239
v 164.000000 14.000000 3.783190
v 166.000000 12.020247 4.000000
v 166.000000 14.000000 3.818276
v 168.000000 14.000000 3.632353
v 170.000000 14.000000 3.664375
v 172.000000 14.000000 3.651259
v 174.000000 14.000000 3.629701
v 176.000000 14.000000 3.602536
v 178.000000 14.000000 3.781796
v 180.000000 14.000000 3.771993
v 182.000000 14.000000 3.669287
v 184.000000 14.000000 3.766521
v 186.000000 12.280972 4.000000
v 186.000000 14.000000 3.916330
v 188.000000 14.000000 3.748052
v 190.000000 14.000000 3.646571
v 192.000000 14.000000 3.607177
v 194.000000 14.000000 3.697556
v 196.000000 14.000000 3.710631
v 198.000000 14.000000 3.714867
v 200.000000 14.000000 3.687368
v 202.000000 14.000000 3.519389
v 204.000000 14.000000 3.369093
v 206.000000 14.000000 3.353015
v 208.000000 14.000000 3.482055
v 210.000000 14.000000 3.776011
v 211.646500 14.000000 4.000000
v 218.000000 14.000000 3.980527
v 217.580185 14.000000 4.000000
v 218.000000 13.770327 4.000000
v 220.000000 14.000000 3.790198
v 222.000000 14.000000 3.746236
v 224.000000 14.000000 3.674203
v 226.000000 14.000000 3.603046
v 228.000000 14.000000 3.723177
v 230.000000 14.000000 3.808134
v 232.000000 12.685504 4.000000
v 232.000000 14.000000 3.938028
v 234.000000 13.475084 4.000000
v 234.000000 14.000000 3.951885
v 236.000000 13.157434 4.000000
v 236.000000 14.000000 3.926443
v 238.000000 12.697092 4.000000
v 238.000000 14.000000 3.872885
v 240.000000 14.000000 3.820655
v 242.000000 14.000000 3.783694
v 244.000000 12.099747 4.000000
v 244.000000 14.000000 3.784695
v 246.000000 14.000000 3.724031
v 248.000000 14.000000 3.749457
v 250.000000 14.000000 3.840321
v 252.000000 14.000000 3.760160
v 254.000000 14.000000 3.661044
v 256.000000 14.000000 3.617492
v 258.000000 14.000000 3.691814
v 260.000000 14.000000 3.745148
v 262.000000 14.000000 3.725743
v 264.000000 14.000000 3.566036
v 266.000000 14.000000 3.569755
v 268.000000 14.000000 3.760622
v 270.000000 14.000000 3.743570
v 272.000000 14.000000 3.658775
v 274.000000 14.000000 3.677169
v 276.000000 14.000000 3.590653
v 278.000000 14.000000 3.667231
v 280.000000 14.000000 3.761901
v 282.000000 14.000000 3.631989
v 284.000000 14.000000 3.509285
v 286.000000 14.000000 3.495717
v 288.000000 14.000000 3.682402
v 290.000000 14.000000 3.746932
v 292.000000 14.000000 3.643510
v 294.000000 14.000000 3.556791
v 296.000000 14.000000 3.579715
v 298.000000 14.000000 3.631283
v 300.000000 14.000000 3.686692
v 302.000000 14.000000 3.788386
v 304.000000 14.000000 3.791028
v 306.000000 14.000000 3.780323
v 308.000000 14.000000 3.759618
v 310.000000 14.000000 3.702645
v 312.000000 14.000000 3.513308
v 314.000000 14.000000 3.397717
v 316.000000 14.000000 3.424098
v 318.000000 14.000000 3.518460
v 320.000000 14.000000 3.679501
v 322.000000 14.000000 3.761475
v 324.000000 14.000000 3.732074
v 326.000000 14.000000 3.716398
v 328.000000 14.000000 3.758129
v 330.000000 12.331031 4.000000
v 330.000000 14.000000 3.788011
v 332.000000 12.091688 4.000000
v 332.000000 14.000000 3.837638
v 334.000000 14.000000 3.757150
v 336.000000 14.000000 3.656689
v 338.000000 14.000000 3.660310
v 340.000000 14.000000 3.802965
v 342.000000 14.000000 3.764881
v 344.000000 14.000000 3.759334
v 346.000000 12.531662 4.000000
v 346.000000 14.000000 3.779798
v 348.000000 12.689552 4.000000
v 348.000000 14.000000 3.792223
v 350.000000 12.355981 4.000000
v 350.000000 14.000000 3.843582
v 352.000000 12.146338 4.000000
v 352.000000 14.000000 3.676747
v 354.000000 12.497111 4.000000
v 354.000000 14.000000 3.749179
v 356.000000 12.393652 4.000000
v 356.000000 14.000000 3.740831
v 358.000000 12.036625 4.000000
v 358.000000 14.000000 3.654903
v 360.000000 12.311161 4.000000
v 360.000000 14.000000 3.809052
v 2.000000 16.000000 3.510100
v 0.000000 16.000000 3.314402
v 4.000000 16.000000 3.483948
v 6.000000 16.000000 3.353871
v 8.000000 16.000000 3.324281
v 10.000000 16.000000 3.336976
v 12.000000 16.000000 3.315502
v 14.000000 16.000000 3.374793
v 16.000000 16.000000 3.476084
v 18.000000 16.000000 3.521808
v 20.000000 16.000000 3.376724
v 22.000000 16.000000 3.246283
v 24.000000 16.000000 3.220118
v 26.000000 16.000000 3.231056
v 28.000000 16.000000 3.242438
v 30.000000 16.000000 3.369367
v 32.000000 16.000000 3.458017
v 34.000000 14.466437 4.000000
v 34.000000 16.000000 3.611628
v 36.000000 14.259385 4.000000
v 36.000000 16.000000 3.654621
v 38.000000 14.094605 4.000000
v 38.000000 16.000000 3.538793
v 40.000000 16.000000 3.412632
v 42.000000 16.000000 3.272240
v 44.000000 16.000000 3.218831
v 46.000000 16.000000 3.341499
v 48.000000 16.000000 3.451453
v 50.000000 16.000000 3.355996
v 52.000000 14.397301 4.000000
v 52.000000 16.000000 3.510647
v 54.000000 15.014015 4.000000
v 54.000000 16.000000 3.780296
v 56.000000 14.919356 4.000000
v 56.000000 16.000000 3.804556
v 58.000000 14.429785 4.000000
v 58.000000 16.000000 3.695342
v 60.000000 16.000000 3.445411
v 62.000000 16.000000 3.349912
v 64.000000 16.000000 3.326823
v 66.000000 16.000000 3.262835
v 68.000000 16.000000 3.368588
v 70.000000 16.000000 3.543625
v 72.000000 16.000000 3.646610
v 74.000000 16.000000 3.642449
v 76.000000 16.000000 3.743223
v 78.000000 14.570797 4.000000
v 78.000000 16.000000 3.765162
v 80.000000 14.116963 4.000000
v 80.000000 16.000000 3.659790
v 82.000000 16.000000 3.384099
v 84.000000 16.000000 3.349539
v 86.000000 16.000000 3.609710
v 88.000000 14.116071 4.000000
v 88.000000 16.000000 3.623458
v 90.000000 14.501192 4.000000
v 90.000000 16.000000 3.692406
v 92.000000 14.814974 4.000000
v 92.000000 16.000000 3.679107
v 94.000000 14.297709 4.000000
v 94.000000 16.000000 3.582270
v 96.000000 16.000000 3.494470
v 98.000000 16.000000 3.598835
v 100.000000 14.550738 4.000000
v 100.000000 16.000000 3.687930
v 102.000000 14.677728 4.000000
v 102.000000 16.000000 3.673897
v 104.000000 14.840614 4.000000
v 104.000000 16.000000 3.745959
v 106.000000 15.226720 4.000000
v 106.000000 16.000000 3.893426
v 108.000000 15.452112 4.000000
v 108.000000 16.000000 3.921634
v 110.000000 14.646606 4.000000
v 110.000000 16.000000 3.807651
v 112.000000 14.066226 4.000000
v 112.000000 16.000000 3.759917
v 114.000000 15.441972 4.000000
v 114.000000 16.000000 3.963359
v 116.000000 15.137576 4.000000
v 116.000000 16.000000 3.896904
v 118.000000 15.471111 4.000000
v 118.000000 16.000000 3.938658
v 120.000000 14.744983 4.000000
v 120.000000 16.000000 3.752787
v 122.000000 14.952675 4.000000
v 122.000000 16.000000 3.745991
v 123.748322 16.000000 4.000000
v 128.000000 16.000000 3.810560
v 126.226074 16.000000 4.000000
v 128.000000 14.948412 4.000000
v 130.000000 14.280862 4.000000
v 130.000000 16.000000 3.708221
v 132.000000 14.982543 4.000000
v 132.000000 16.000000 3.881444
v 134.000000 15.105759 4.000000
v 134.000000 16.000000 3.904431
v 136.000000 14.681760 4.000000
v 136.000000 16.000000 3.827055
v 138.000000 14.935447 4.000000
v 138.000000 16.000000 3.816519
v 140.000000 16.000000 3.548258
v 142.000000 16.000000 3.480974
v 144.000000 14.032218 4.000000
v 144.000000 16.000000 3.626779
v 146.000000 14.192448 4.000000
v 146.000000 16.000000 3.654846
v 148.000000 14.144473 4.000000
v 148.000000 16.000000 3.668498
v 150.000000 16.000000 3.493821
v 152.000000 16.000000 3.342903
v 154.000000 16.000000 3.363645
v 156.000000 16.000000 3.426702
v 158.000000 16.000000 3.417128
v 160.000000 16.000000 3.456569
v 162.000000 16.000000 3.435414
v 164.000000 16.000000 3.384680
v 166.000000 16.000000 3.409591
v 168.000000 16.000000 3.410249
v 170.000000 16.000000 3.407139
v 172.000000 16.000000 3.322738
v 174.000000 16.000000 3.281257
v 176.000000 16.000000 3.265168
v 178.000000 16.000000 3.324693
v 180.000000 16.000000 3.380263
v 182.000000 16.000000 3.311070
v 184.000000 16.000000 3.450422
v 186.000000 16.000000 3.433787
v 188.000000 16.000000 3.346395
v 190.000000 16.000000 3.282501
v 192.000000 16.000000 3.296688
v 194.000000 16.000000 3.338803
v 196.000000 16.000000 3.355547
v 198.000000 16.000000 3.375694
v 200.000000 16.000000 3.366112
v 202.000000 16.000000 3.109188
v 204.000000 16.000000 2.909236
v 206.000000 16.000000 2.999844
v 208.000000 16.000000 3.164142
v 210.000000 16.000000 3.363727
v 212.000000 14.185224 4.000000
v 212.000000 16.000000 3.502717
v 214.000000 14.641601 4.000000
v 214.000000 16.000000 3.659462
v 216.000000 14.282536 4.000000
v 216.000000 16.000000 3.557903
v 218.000000 16.000000 3.527664
v 220.000000 16.000000 3.370873
v 222.000000 16.000000 3.314909
v 224.000000 16.000000 3.174395
v 226.000000 16.000000 3.173494
v 228.000000 16.000000 3.272832
v 230.000000 16.000000 3.328354
v 232.000000 16.000000 3.391870
v 234.000000 16.000000 3.460371
v 236.000000 16.000000 3.527747
v 238.000000 16.000000 3.434780
v 240.000000 16.000000 3.319704
v 242.000000 16.000000 3.209365
v 244.000000 16.000000 3.089351
v 246.000000 16.000000 3.023390
v 248.000000 16.000000 3.161726
v 250.000000 16.000000 3.268448
v 252.000000 16.000000 3.294089
v 254.000000 16.000000 3.318227
v 256.000000 16.000000 3.337729
v 258.000000 16.000000 3.266536
v 260.000000 16.000000 3.352629
v 262.000000 16.000000 3.283708
v 264.000000 16.000000 3.237530
v 266.000000 16.000000 3.343376
v 268.000000 16.000000 3.519819
v 270.000000 16.000000 3.358039
v 272.000000 16.000000 3.195628
v 274.000000 16.000000 3.147204
v 276.000000 16.000000 3.126023
v 278.000000 16.000000 3.238829
v 280.000000 16.000000 3.358480
v 282.000000 16.000000 3.401061
v 284.000000 16.000000 3.297711
v 286.000000 16.000000 3.250792
v 288.000000 16.000000 3.219618
v 290.000000 16.000000 3.290319
v 292.000000 16.000000 3.238522
v 294.000000 16.000000 3.125439
v 296.000000 16.000000 3.190623
v 298.000000 16.000000 3.333699
v 300.000000 16.000000 3.436302
v 302.000000 16.000000 3.242831
v 304.000000 16.000000 3.216496
v 306.000000 16.000000 3.276208
v 308.000000 16.000000 3.392741
v 310.000000 16.000000 3.374015
v 312.000000 16.000000 3.278392
v 314.000000 16.000000 3.266781
v 316.000000 16.000000 3.312116
v 318.000000 16.000000 3.414843
v 320.000000 16.000000 3.435446
v 322.000000 16.000000 3.460960
v 324.000000 16.000000 3.380064
v 326.000000 16.000000 3.334713
v 328.000000 16.000000 3.386418
v 330.000000 16.000000 3.424333
v 332.000000 16.000000 3.567535
v 334.000000 16.000000 3.507011
v 336.000000 16.000000 3.304204
v 338.000000 16.000000 3.260367
v 340.000000 16.000000 3.306729
v 342.000000 16.000000 3.220968
v 344.000000 16.000000 3.261716
v 346.000000 16.000000 3.380113
v 348.000000 16.000000 3.423159
v 350.000000 16.000000 3.331023
v 352.000000 16.000000 3.170720
v 354.000000 16.000000 3.223083
v 356.000000 16.000000 3.276034
v 358.000000 16.000000 3.253211
v 360.000000 16.000000 3.314402
v 2.000000 18.000000 3.400979
v 0.000000 18.000000 3.261402
v 4.000000 18.000000 3.432293
v 6.000000 18.000000 3.331658
v 8.000000 18.000000 3.333398
v 10.000000 18.000000 3.340264
v 12.000000 18.000000 3.340393
v 14.000000 18.000000 3.463958
v 16.000000 18.000000 3.584163
v 18.000000 18.000000 3.568306
v 20.000000 18.000000 3.439314
v 22.000000 18.000000 3.239930
v 24.000000 18.000000 3.215368
v 26.000000 18.000000 3.324880
v 28.000000 18.000000 3.363919
v 30.000000 18.000000 3.428995
v 32.000000 18.000000 3.535738
v 34.000000 18.000000 3.587685
v 36.000000 18.000000 3.637693
v 38.000000 18.000000 3.537993
v 40.000000 18.000000 3.457943
v 42.000000 18.000000 3.467551
v 44.000000 18.000000 3.437578
v 46.000000 18.000000 3.541102
v 48.000000 18.000000 3.571906
v 50.000000 18.000000 3.519832
v 52.000000 18.000000 3.648309
v 54.000000 18.000000 3.880221
v 56.000000 18.000000 3.956022
v 58.000000 18.000000 3.928707
v 60.000000 18.000000 3.676778
v 62.000000 18.000000 3.556501
v 64.000000 18.000000 3.631537
v 66.000000 18.000000 3.526996
v 68.000000 18.000000 3.566365
v 70.000000 18.000000 3.876466
v 72.000000 18.000000 3.881703
v 74.000000 18.000000 3.970423
v 75.361946 18.000000 4.000000
v 76.000000 17.901363 4.000000
v 78.000000 17.227470 4.000000
v 80.000000 17.583918 4.000000
v 82.000000 18.000000 3.701127
v 80.449974 18.000000 4.000000
v 84.000000 18.000000 3.550137
v 86.000000 18.000000 3.773717
v 88.000000 18.000000 3.835871
v 89.913116 18.000000 4.000000
v 90.000000 17.955793 4.000000
v 92.000000 18.000000 3.995582
v 91.232300 18.000000 4.000000
v 94.000000 18.000000 3.809000
v 96.000000 18.000000 3.781577
v 98.000000 18.000000 3.844742
v 99.377975 18.000000 4.000000
v 100.000000 17.642811 4.000000
v 102.000000 17.963949 4.000000
v 104.000000 17.469669 4.000000
v 106.000000 16.636288 4.000000
v 108.000000 16.905386 4.000000
v 110.000000 17.143221 4.000000
v 112.000000 17.528231 4.000000
v 114.000000 16.376268 4.000000
v 116.000000 16.663536 4.000000
v 118.000000 16.393087 4.000000
v 120.000000 17.550053 4.000000
v 122.000000 17.435272 4.000000
v 128.000000 16.885229 4.000000
v 130.000000 18.000000 3.998524
v 129.988861 18.000000 4.000000
v 130.010391 18.000000 4.000000
v 132.000000 16.639740 4.000000
v 134.000000 16.455135 4.000000
v 136.000000 17.031256 4.000000
v 138.000000 17.606333 4.000000
v 140.000000 18.000000 3.739266
v 138.300766 18.000000 4.000000
v 142.000000 18.000000 3.661709
v 144.000000 18.000000 3.798731
v 146.000000 18.000000 3.737473
v 148.000000 18.000000 3.709852
v 150.000000 18.000000 3.552710
v 152.000000 18.000000 3.424506
v 154.000000 18.000000 3.436061
v 156.000000 18.000000 3.426793
v 158.000000 18.000000 3.384363
v 160.000000 18.000000 3.407318
v 162.000000 18.000000 3.416939
v 164.000000 18.000000 3.381302
v 166.000000 18.000000 3.370994
v 168.000000 18.000000 3.367128
v 170.000000 18.000000 3.339978
v 172.000000 18.000000 3.193169
v 174.000000 18.000000 3.149759
v 176.000000 18.000000 3.073799
v 178.000000 18.000000 3.146393
v 180.000000 18.000000 3.265096
v 182.000000 18.000000 3.298572
v 184.000000 18.000000 3.382588
v 186.000000 18.000000 3.337226
v 188.000000 18.000000 3.266102
v 190.000000 18.000000 3.174176
v 192.000000 18.000000 3.237663
v 194.000000 18.000000 3.240407
v 196.000000 18.000000 3.286314
v 198.000000 18.000000 3.260359
v 200.000000 18.000000 3.282930
v 202.000000 18.000000 3.032108
v 204.000000 18.000000 2.854835
v 206.000000 18.000000 2.964658
v 208.000000 18.000000 3.123812
v 210.000000 18.000000 3.285716
v 212.000000 18.000000 3.379009
v 214.000000 18.000000 3.507148
v 216.000000 18.000000 3.526827
v 218.000000 18.000000 3.482424
v 220.000000 18.000000 3.269647
v 222.000000 18.000000 3.236798
v 224.000000 18.000000 3.197020
v 226.000000 18.000000 3.188420
v 228.000000 18.000000 3.296618
v 230.000000 18.000000 3.235168
v 232.000000 18.000000 3.264194
v 234.000000 18.000000 3.335282
v 236.000000 18.000000 3.428145
v 238.000000 18.000000 3.370943
v 240.000000 18.000000 3.192890
v 242.000000 18.000000 3.017315
v 244.000000 18.000000 2.918527
v 246.000000 18.000000 2.850587
v 248.000000 18.000000 2.929440
v 250.000000 18.000000 3.106098
v 252.000000 18.000000 3.226092
v 254.000000 18.000000 3.229985
v 256.000000 18.000000 3.287671
v 258.000000 18.000000 3.236737
v 260.000000 18.000000 3.248378
v 262.000000 18.000000 3.144522
v 264.000000 18.000000 2.980250
v 266.000000 18.000000 3.159273
v 268.000000 18.000000 3.294265
v 270.000000 18.000000 3.146301
v 272.000000 18.000000 3.045576
v 274.000000 18.000000 3.006160
v 276.000000 18.000000 2.957273
v 278.000000 18.000000 3.048130
v 280.000000 18.000000 3.250326
v 282.000000 18.000000 3.295152
v 284.000000 18.000000 3.301127
v 286.000000 18.000000 3.237948
v 288.000000 18.000000 3.185464
v 290.000000 18.000000 3.159681
v 292.000000 18.000000 3.062394
v 294.000000 18.000000 2.965050
v 296.000000 18.000000 3.045365
v 298.000000 18.000000 3.145472
v 300.000000 18.000000 3.298864
v 302.000000 18.000000 3.203982
v 304.000000 18.000000 3.224876
v 306.000000 18.000000 3.271219
v 308.000000 18.000000 3.264101
v 310.000000 18.000000 3.234437
v 312.000000 18.000000 3.329136
v 314.000000 18.000000 3.274849
v 316.000000 18.000000 3.376642
v 318.000000 18.000000 3.474390
v 320.000000 18.000000 3.360871
v 322.000000 18.000000 3.381582
v 324.000000 18.000000 3.434407
v 326.000000 18.000000 3.434889
v 328.000000 18.000000 3.383739
v 330.000000 18.000000 3.310019
v 332.000000 18.000000 3.403911
v 334.000000 18.000000 3.332314
v 336.000000 18.000000 3.124069
v 338.000000 18.000000 3.141059
v 340.000000 18.000000 3.294290
v 342.000000 18.000000 3.331185
v 344.000000 18.000000 3.358090
v 346.000000 18.000000 3.380823
v 348.000000 18.000000 3.406131
v 350.000000 18.000000 3.332139
v 352.000000 18.000000 3.167049
v 354.000000 18.000000 3.162925
v 356.000000 18.000000 3.252591
v 358.000000 18.000000 3.225392
v 360.000000 18.000000 3.261402
v 2.000000 20.000000 3.726224
v 0.000000 20.000000 3.546808
v 4.000000 20.000000 3.697956
v 6.000000 20.000000 3.552212
v 8.000000 20.000000 3.511769
v 10.000000 20.000000 3.559532
v 12.000000 20.000000 3.551630
v 14.000000 20.000000 3.629004
v 16.000000 20.000000 3.708706
v 18.000000 20.000000 3.774557
v 20.000000 20.000000 3.558022
v 22.000000 20.000000 3.358566
v 24.000000 20.000000 3.481704
v 26.000000 20.000000 3.645038
v 28.000000 20.000000 3.593267
v 30.000000 20.000000 3.540323
v 32.000000 20.000000 3.601349
v 34.000000 20.000000 3.776857
v 36.000000 20.000000 3.867941
v 38.000000 20.000000 3.716873
v 40.000000 20.000000 3.601269
v 42.000000 20.000000 3.564733
v 44.000000 20.000000 3.605153
v 46.000000 20.000000 3.754069
v 48.000000 20.000000 3.764450
v 50.000000 20.000000 3.679328
v 52.000000 20.000000 3.709620
v 54.000000 20.000000 3.944000
v 54.731831 20.000000 4.000000
v 56.000000 18.585209 4.000000
v 58.000000 18.665936 4.000000
v 60.000000 20.000000 3.801376
v 58.784447 20.000000 4.000000
v 62.000000 20.000000 3.763595
v 64.000000 20.000000 3.876070
v 66.000000 20.000000 3.830748
v 68.000000 20.000000 3.770436
v 70.000000 20.000000 3.978977
v 70.476814 20.000000 4.000000
v 72.000000 19.254387 4.000000
v 74.000000 18.428129 4.000000
v 82.000000 20.000000 3.963820
v 81.631264 20.000000 4.000000
v 84.000000 20.000000 3.813525
v 85.491089 20.000000 4.000000
v 86.000000 19.543688 4.000000
v 88.000000 18.889059 4.000000
v 92.000000 18.029398 4.000000
v 94.000000 19.289049 4.000000
v 96.000000 19.593130 4.000000
v 98.000000 19.021721 4.000000
v 130.000000 18.013597 4.000000
v 140.000000 20.000000 3.985862
v 139.893356 20.000000 4.000000
v 142.000000 20.000000 3.985660
v 142.150818 20.000000 4.000000
v 144.000000 18.997938 4.000000
v 146.000000 19.142641 4.000000
v 148.000000 19.442533 4.000000
v 150.000000 20.000000 3.844659
v 148.820572 20.000000 4.000000
v 152.000000 20.000000 3.721482
v 154.000000 20.000000 3.629281
v 156.000000 20.000000 3.580043
v 158.000000 20.000000 3.597109
v 160.000000 20.000000 3.691923
v 162.000000 20.000000 3.741218
v 164.000000 20.000000 3.719275
v 166.000000 20.000000 3.718702
v 168.000000 20.000000 3.740396
v 170.000000 20.000000 3.653835
v 172.000000 20.000000 3.568111
v 174.000000 20.000000 3.498775
v 176.000000 20.000000 3.505707
v 178.000000 20.000000 3.499329
v 180.000000 20.000000 3.589951
v 182.000000 20.000000 3.706348
v 184.000000 20.000000 3.750330
v 186.000000 20.000000 3.599558
v 188.000000 20.000000 3.580733
v 190.000000 20.000000 3.564345
v 192.000000 20.000000 3.482085
v 194.000000 20.000000 3.502593
v 196.000000 20.000000 3.661155
v 198.000000 20.000000 3.620267
v 200.000000 20.000000 3.557068
v 202.000000 20.000000 3.338546
v 204.000000 20.000000 3.220924
v 206.000000 20.000000 3.267493
v 208.000000 20.000000 3.393043
v 210.000000 20.000000 3.569839
v 212.000000 20.000000 3.811311
v 213.658646 20.000000 4.000000
v 214.000000 19.852415 4.000000
v 216.000000 20.000000 3.868491
v 214.484985 20.000000 4.000000
v 218.000000 20.000000 3.728263
v 220.000000 20.000000 3.558815
v 222.000000 20.000000 3.502781
v 224.000000 20.000000 3.605060
v 226.000000 20.000000 3.508156
v 228.000000 20.000000 3.620974
v 230.000000 20.000000 3.565087
v 232.000000 20.000000 3.628034
v 234.000000 20.000000 3.775520
v 236.000000 20.000000 3.853530
v 238.000000 20.000000 3.820212
v 240.000000 20.000000 3.547212
v 242.000000 20.000000 3.340700
v 244.000000 20.000000 3.346581
v 246.000000 20.000000 3.311729
v 248.000000 20.000000 3.342216
v 250.000000 20.000000 3.542965
v 252.000000 20.000000 3.659003
v 254.000000 20.000000 3.646498
v 256.000000 20.000000 3.694243
v 258.000000 20.000000 3.646603
v 260.000000 20.000000 3.552497
v 262.000000 20.000000 3.383722
v 264.000000 20.000000 3.299831
v 266.000000 20.000000 3.506830
v 268.000000 20.000000 3.606607
v 270.000000 20.000000 3.554616
v 272.000000 20.000000 3.485305
v 274.000000 20.000000 3.328151
v 276.000000 20.000000 3.191739
v 278.000000 20.000000 3.339299
v 280.000000 20.000000 3.550838
v 282.000000 20.000000 3.613714
v 284.000000 20.000000 3.616675
v 286.000000 20.000000 3.615534
v 288.000000 20.000000 3.554469
v 290.000000 20.000000 3.545904
v 292.000000 20.000000 3.404838
v 294.000000 20.000000 3.295807
v 296.000000 20.000000 3.413059
v 298.000000 20.000000 3.516180
v 300.000000 20.000000 3.562918
v 302.000000 20.000000 3.638446
v 304.000000 20.000000 3.634520
v 306.000000 20.000000 3.591681
v 308.000000 20.000000 3.534102
v 310.000000 20.000000 3.557873
v 312.000000 20.000000 3.703811
v 314.000000 20.000000 3.500049
v 316.000000 20.000000 3.551613
v 318.000000 20.000000 3.609645
v 320.000000 20.000000 3.559192
v 322.000000 20.000000 3.661450
v 324.000000 20.000000 3.761325
v 326.000000 20.000000 3.836708
v 328.000000 20.000000 3.702764
v 330.000000 20.000000 3.556279
v 332.000000 20.000000 3.680646
v 334.000000 20.000000 3.635911
v 336.000000 20.000000 3.435807
v 338.000000 20.000000 3.431419
v 340.000000 20.000000 3.550502
v 342.000000 20.000000 3.637026
v 344.000000 20.000000 3.635578
v 346.000000 20.000000 3.585839
v 348.000000 20.000000 3.555815
v 350.000000 20.000000 3.560527
v 352.000000 20.000000 3.310719
v 354.000000 20.000000 3.308114
v 356.000000 20.000000 3.575308
v 358.000000 20.000000 3.540870
v 360.000000 20.000000 3.546808
v 2.000000 22.000000 3.609153
v 0.000000 22.000000 3.415142
v 4.000000 22.000000 3.590691
v 6.000000 22.000000 3.448764
v 8.000000 22.000000 3.359799
v 10.000000 22.000000 3.404127
v 12.000000 22.000000 3.401774
v 14.000000 22.000000 3.426190
v 16.000000 22.000000 3.532626
v 18.000000 22.000000 3.585050
v 20.000000 22.000000 3.422600
v 22.000000 22.000000 3.257192
v 24.000000 22.000000 3.399652
v 26.000000 22.000000 3.528685
v 28.000000 22.000000 3.433255
v 30.000000 22.000000 3.429202
v 32.000000 22.000000 3.495207
v 34.000000 22.000000 3.688627
v 36.000000 22.000000 3.811463
v 38.000000 22.000000 3.635177
v 40.000000 22.000000 3.454700
v 42.000000 22.000000 3.448307
v 44.000000 22.000000 3.546733
v 46.000000 22.000000 3.678050
v 48.000000 22.000000 3.648693
v 50.000000 22.000000 3.472118
v 52.000000 22.000000 3.551353
v 54.000000 22.000000 3.866315
v 55.420525 22.000000 4.000000
v 58.000000 22.000000 3.974320
v 57.391068 22.000000 4.000000
v 58.000000 21.670113 4.000000
v 60.000000 22.000000 3.591137
v 62.000000 22.000000 3.632423
v 64.000000 22.000000 3.765570
v 66.000000 22.000000 3.701821
v 68.000000 22.000000 3.724500
v 69.859428 22.000000 4.000000
v 70.000000 20.951792 4.000000
v 82.000000 22.000000 3.861919
v 80.989883 22.000000 4.000000
v 84.000000 22.000000 3.836567
v 85.429321 22.000000 4.000000
v 96.000000 22.000000 3.982500
v 95.726784 22.000000 4.000000
v 96.000000 21.524452 4.000000
v 96.332024 22.000000 4.000000
v 130.000000 22.000000 3.951348
v 129.387299 22.000000 4.000000
v 130.000000 21.556747 4.000000
v 130.466766 22.000000 4.000000
v 140.000000 22.000000 3.893696
v 138.626923 22.000000 4.000000
v 142.000000 22.000000 3.920169
v 142.739822 22.000000 4.000000
v 150.000000 22.000000 3.799192
v 148.674057 22.000000 4.000000
v 152.000000 22.000000 3.751410
v 154.000000 22.000000 3.630677
v 156.000000 22.000000 3.587323
v 158.000000 22.000000 3.648397
v 160.000000 22.000000 3.744364
v 162.000000 22.000000 3.851057
v 164.000000 22.000000 3.722076
v 166.000000 22.000000 3.687318
v 168.000000 22.000000 3.749662
v 170.000000 22.000000 3.675423
v 172.000000 22.000000 3.587744
v 174.000000 22.000000 3.575117
v 176.000000 22.000000 3.694174
v 178.000000 22.000000 3.715396
v 180.000000 22.000000 3.677177
v 182.000000 22.000000 3.768734
v 184.000000 22.000000 3.843362
v 186.000000 22.000000 3.712236
v 188.000000 22.000000 3.642003
v 190.000000 22.000000 3.678667
v 192.000000 22.000000 3.540981
v 194.000000 22.000000 3.517039
v 196.000000 22.000000 3.609178
v 198.000000 22.000000 3.683133
v 200.000000 22.000000 3.616689
v 202.000000 22.000000 3.335507
v 204.000000 22.000000 3.244316
v 206.000000 22.000000 3.358597
v 208.000000 22.000000 3.465571
v 210.000000 22.000000 3.679563
v 212.000000 22.000000 3.960537
v 212.315659 22.000000 4.000000
v 216.000000 21.854565 4.000000
v 218.000000 22.000000 3.781187
v 216.084549 22.000000 4.000000
v 220.000000 22.000000 3.600733
v 222.000000 22.000000 3.570072
v 224.000000 22.000000 3.658060
v 226.000000 22.000000 3.485512
v 228.000000 22.000000 3.499557
v 230.000000 22.000000 3.544503
v 232.000000 22.000000 3.694674
v 234.000000 22.000000 3.918261
v 236.000000 22.000000 3.935886
v 238.000000 22.000000 3.813991
v 240.000000 22.000000 3.532091
v 242.000000 22.000000 3.405452
v 244.000000 22.000000 3.391613
v 246.000000 22.000000 3.383461
v 248.000000 22.000000 3.503745
v 250.000000 22.000000 3.673909
v 252.000000 22.000000 3.838721
v 254.000000 22.000000 3.888039
v 256.000000 22.000000 3.872972
v 258.000000 22.000000 3.713912
v 260.000000 22.000000 3.631363
v 262.000000 22.000000 3.426687
v 264.000000 22.000000 3.467149
v 266.000000 22.000000 3.691184
v 268.000000 22.000000 3.757808
v 270.000000 22.000000 3.628900
v 272.000000 22.000000 3.462827
v 274.000000 22.000000 3.312099
v 276.000000 22.000000 3.255839
v 278.000000 22.000000 3.389090
v 280.000000 22.000000 3.612305
v 282.000000 22.000000 3.662746
v 284.000000 22.000000 3.546575
v 286.000000 22.000000 3.560409
v 288.000000 22.000000 3.535555
v 290.000000 22.000000 3.569402
v 292.000000 22.000000 3.476760
v 294.000000 22.000000 3.323172
v 296.000000 22.000000 3.439628
v 298.000000 22.000000 3.527041
v 300.000000 22.000000 3.572933
v 302.000000 22.000000 3.615162
v 304.000000 22.000000 3.553833
v 306.000000 22.000000 3.553445
v 308.000000 22.000000 3.591191
v 310.000000 22.000000 3.681654
v 312.000000 22.000000 3.651254
v 314.000000 22.000000 3.439587
v 316.000000 22.000000 3.443936
v 318.000000 22.000000 3.515616
v 320.000000 22.000000 3.554697
v 322.000000 22.000000 3.643565
v 324.000000 22.000000 3.637657
v 326.000000 22.000000 3.714849
v 328.000000 22.000000 3.647244
v 330.000000 22.000000 3.571395
v 332.000000 22.000000 3.694557
v 334.000000 22.000000 3.687093
v 336.000000 22.000000 3.531779
v 338.000000 22.000000 3.577066
v 340.000000 22.000000 3.526694
v 342.000000 22.000000 3.590797
v 344.000000 22.000000 3.562263
v 346.000000 22.000000 3.433849
v 348.000000 22.000000 3.533222
v 350.000000 22.000000 3.447257
v 352.000000 22.000000 3.213915
v 354.000000 22.000000 3.244105
v 356.000000 22.000000 3.474312
v 358.000000 22.000000 3.447126
v 360.000000 22.000000 3.415142
v 2.000000 24.000000 3.505510
v 0.000000 24.000000 3.375670
v 4.000000 24.000000 3.517903
v 6.000000 24.000000 3.397145
v 8.000000 24.000000 3.323280
v 10.000000 24.000000 3.413867
v 12.000000 24.000000 3.390724
v 14.000000 24.000000 3.386909
v 16.000000 24.000000 3.499573
v 18.000000 24.000000 3.653974
v 20.000000 24.000000 3.451602
v 22.000000 24.000000 3.293008
v 24.000000 24.000000 3.372071
v 26.000000 24.000000 3.588630
v 28.000000 24.000000 3.558253
v 30.000000 24.000000 3.435437
v 32.000000 24.000000 3.554641
v 34.000000 24.000000 3.838169
v 36.000000 24.000000 3.931797
v 38.000000 24.000000 3.733137
v 40.000000 24.000000 3.509784
v 42.000000 24.000000 3.615142
v 44.000000 24.000000 3.730756
v 46.000000 24.000000 3.889862
v 48.000000 24.000000 3.801669
v 50.000000 24.000000 3.567628
v 52.000000 24.000000 3.645676
v 54.000000 24.000000 3.916897
v 54.636330 24.000000 4.000000
v 58.000000 22.409346 4.000000
v 60.000000 24.000000 3.790776
v 58.637493 24.000000 4.000000
v 62.000000 24.000000 3.794930
v 64.000000 24.000000 3.874547
v 66.000000 24.000000 3.869405
v 67.406372 24.000000 4.000000
v 68.000000 23.686007 4.000000
v 82.000000 23.099585 4.000000
v 84.000000 23.862404 4.000000
v 96.000000 22.134804 4.000000
v 130.000000 22.586639 4.000000
v 140.000000 23.704750 4.000000
v 142.000000 23.539032 4.000000
v 150.000000 24.000000 3.826748
v 148.740662 24.000000 4.000000
v 152.000000 24.000000 3.781125
v 154.000000 24.000000 3.596675
v 156.000000 24.000000 3.502752
v 158.000000 24.000000 3.565319
v 160.000000 24.000000 3.750069
v 162.000000 24.000000 3.747956
v 164.000000 24.000000 3.640432
v 166.000000 24.000000 3.666566
v 168.000000 24.000000 3.720309
v 170.000000 24.000000 3.611282
v 172.000000 24.000000 3.505065
v 174.000000 24.000000 3.423893
v 176.000000 24.000000 3.576648
v 178.000000 24.000000 3.604361
v 180.000000 24.000000 3.555536
v 182.000000 24.000000 3.734163
v 184.000000 24.000000 3.719273
v 186.000000 24.000000 3.530413
v 188.000000 24.000000 3.477230
v 190.000000 24.000000 3.515851
v 192.000000 24.000000 3.438978
v 194.000000 24.000000 3.446830
v 196.000000 24.000000 3.550100
v 198.000000 24.000000 3.581487
v 200.000000 24.000000 3.480207
v 202.000000 24.000000 3.198954
v 204.000000 24.000000 3.117912
v 206.000000 24.000000 3.181153
v 208.000000 24.000000 3.284328
v 210.000000 24.000000 3.536577
v 212.000000 24.000000 3.845227
v 213.905731 24.000000 4.000000
v 216.000000 24.000000 3.835062
v 214.093475 24.000000 4.000000
v 216.000000 22.114775 4.000000
v 218.000000 24.000000 3.700793
v 220.000000 24.000000 3.479387
v 222.000000 24.000000 3.433050
v 224.000000 24.000000 3.440427
v 226.000000 24.000000 3.345048
v 228.000000 24.000000 3.383364
v 230.000000 24.000000 3.470432
v 232.000000 24.000000 3.562159
v 234.000000 24.000000 3.705491
v 236.000000 24.000000 3.771860
v 238.000000 24.000000 3.628817
v 240.000000 24.000000 3.460698
v 242.000000 24.000000 3.308970
v 244.000000 24.000000 3.270192
v 246.000000 24.000000 3.251360
v 248.000000 24.000000 3.369120
v 250.000000 24.000000 3.512563
v 252.000000 24.000000 3.667134
v 254.000000 24.000000 3.715920
v 256.000000 24.000000 3.693883
v 258.000000 24.000000 3.556215
v 260.000000 24.000000 3.490132
v 262.000000 24.000000 3.323494
v 264.000000 24.000000 3.194772
v 266.000000 24.000000 3.362786
v 268.000000 24.000000 3.515925
v 270.000000 24.000000 3.522185
v 272.000000 24.000000 3.323399
v 274.000000 24.000000 3.170195
v 276.000000 24.000000 3.148275
v 278.000000 24.000000 3.248918
v 280.000000 24.000000 3.452413
v 282.000000 24.000000 3.526052
v 284.000000 24.000000 3.457820
v 286.000000 24.000000 3.422095
v 288.000000 24.000000 3.392428
v 290.000000 24.000000 3.467850
v 292.000000 24.000000 3.297338
v 294.000000 24.000000 3.139997
v 296.000000 24.000000 3.244577
v 298.000000 24.000000 3.364220
v 300.000000 24.000000 3.415806
v 302.000000 24.000000 3.374264
v 304.000000 24.000000 3.369246
v 306.000000 24.000000 3.405274
v 308.000000 24.000000 3.479178
v 310.000000 24.000000 3.511641
v 312.000000 24.000000 3.416668
v 314.000000 24.000000 3.343034
v 316.000000 24.000000 3.374802
v 318.000000 24.000000 3.372278
v 320.000000 24.000000 3.454820
v 322.000000 24.000000 3.522573
v 324.000000 24.000000 3.573000
v 326.000000 24.000000 3.659883
v 328.000000 24.000000 3.593959
v 330.000000 24.000000 3.511220
v 332.000000 24.000000 3.537322
v 334.000000 24.000000 3.573606
v 336.000000 24.000000 3.363791
v 338.000000 24.000000 3.402057
v 340.000000 24.000000 3.465809
v 342.000000 24.000000 3.490538
v 344.000000 24.000000 3.364959
v 346.000000 24.000000 3.302485
v 348.000000 24.000000 3.387590
v 350.000000 24.000000 3.381829
v 352.000000 24.000000 3.166238
v 354.000000 24.000000 3.187400
v 356.000000 24.000000 3.438587
v 358.000000 24.000000 3.424479
v 360.000000 24.000000 3.375670
v 1.977436 26.000000 4.000000
v 2.000000 25.990850 4.000000
v 0.000000 26.000000 3.793522
v 4.000000 26.000000 3.992691
v 2.522775 26.000000 4.000000
v 6.000000 26.000000 3.795436
v 8.000000 26.000000 3.709744
v 10.000000 26.000000 3.889608
v 12.000000 26.000000 3.901425
v 14.000000 26.000000 3.854639
v 16.000000 26.000000 3.996975
v 16.040255 26.000000 4.000000
v 18.000000 25.420689 4.000000
v 20.000000 26.000000 3.912119
v 19.223455 26.000000 4.000000
v 22.000000 26.000000 3.724057
v 24.000000 26.000000 3.918886
v 24.642254 26.000000 4.000000
v 26.000000 25.437132 4.000000
v 28.000000 25.637222 4.000000
v 30.000000 25.877527 4.000000
v 32.000000 25.457817 4.000000
v 34.000000 24.767765 4.000000
v 36.000000 24.368895 4.000000
v 38.000000 25.126301 4.000000
v 40.000000 25.679787 4.000000
v 42.000000 25.602203 4.000000
v 44.000000 25.086349 4.000000
v 46.000000 24.386469 4.000000
v 48.000000 24.495378 4.000000
v 50.000000 25.045937 4.000000
v 52.000000 24.862059 4.000000
v 54.000000 24.240294 4.000000
v 60.000000 24.468281 4.000000
v 62.000000 24.496971 4.000000
v 64.000000 24.402073 4.000000
v 66.000000 24.334827 4.000000
v 150.000000 24.704889 4.000000
v 152.000000 24.832973 4.000000
v 154.000000 25.651855 4.000000
v 156.000000 25.815575 4.000000
v 158.000000 25.569233 4.000000
v 160.000000 25.044292 4.000000
v 162.000000 24.954485 4.000000
v 164.000000 25.128008 4.000000
v 166.000000 25.339556 4.000000
v 168.000000 25.350035 4.000000
v 170.000000 26.000000 3.990860
v 169.881500 26.000000 4.000000
v 172.000000 26.000000 3.806365
v 174.000000 26.000000 3.705213
v 176.000000 26.000000 3.813941
v 178.000000 26.000000 3.919473
v 180.000000 26.000000 3.892267
v 181.352692 26.000000 4.000000
v 182.000000 25.689714 4.000000
v 184.000000 25.846251 4.000000
v 186.000000 26.000000 3.780231
v 184.196045 26.000000 4.000000
v 188.000000 26.000000 3.687284
v 190.000000 26.000000 3.792567
v 192.000000 26.000000 3.807855
v 194.000000 26.000000 3.786761
v 196.000000 26.000000 3.881067
v 198.000000 26.000000 3.867809
v 200.000000 26.000000 3.795512
v 202.000000 26.000000 3.466783
v 204.000000 26.000000 3.351542
v 206.000000 26.000000 3.400759
v 208.000000 26.000000 3.471178
v 210.000000 26.000000 3.688259
v 211.791428 26.000000 4.000000
v 212.000000 25.615498 4.000000
v 216.000000 25.159744 4.000000
v 218.000000 26.000000 3.950751
v 217.430054 26.000000 4.000000
v 220.000000 26.000000 3.756231
v 222.000000 26.000000 3.694659
v 224.000000 26.000000 3.683829
v 226.000000 26.000000 3.625345
v 228.000000 26.000000 3.700669
v 230.000000 26.000000 3.716231
v 232.000000 26.000000 3.741231
v 234.000000 26.000000 3.879612
v 236.000000 26.000000 3.996423
v 238.000000 26.000000 3.944862
v 240.000000 26.000000 3.717478
v 242.000000 26.000000 3.481814
v 244.000000 26.000000 3.421656
v 246.000000 26.000000 3.401126
v 248.000000 26.000000 3.443627
v 250.000000 26.000000 3.646387
v 252.000000 26.000000 3.879161
v 254.000000 26.000000 3.815412
v 256.000000 26.000000 3.858638
v 258.000000 26.000000 3.786260
v 260.000000 26.000000 3.649324
v 262.000000 26.000000 3.432449
v 264.000000 26.000000 3.309002
v 266.000000 26.000000 3.454560
v 268.000000 26.000000 3.595870
v 270.000000 26.000000 3.595149
v 272.000000 26.000000 3.522621
v 274.000000 26.000000 3.359692
v 276.000000 26.000000 3.288617
v 278.000000 26.000000 3.369440
v 280.000000 26.000000 3.667159
v 282.000000 26.000000 3.777647
v 284.000000 26.000000 3.686641
v 286.000000 26.000000 3.721308
v 288.000000 26.000000 3.677014
v 290.000000 26.000000 3.663728
v 292.000000 26.000000 3.466309
v 294.000000 26.000000 3.308130
v 296.000000 26.000000 3.393378
v 298.000000 26.000000 3.592505
v 300.000000 26.000000 3.743417
v 302.000000 26.000000 3.775751
v 304.000000 26.000000 3.795592
v 306.000000 26.000000 3.728165
v 308.000000 26.000000 3.669249
v 310.000000 26.000000 3.689860
v 312.000000 26.000000 3.803350
v 314.000000 26.000000 3.722506
v 316.000000 26.000000 3.692096
v 318.000000 26.000000 3.639108
v 320.000000 26.000000 3.654219
v 322.000000 26.000000 3.820610
v 324.000000 26.000000 3.974743
v 324.888824 26.000000 4.000000
v 326.000000 25.846846 4.000000
v 328.000000 26.000000 3.815374
v 326.272003 26.000000 4.000000
v 330.000000 26.000000 3.703156
v 332.000000 26.000000 3.789383
v 334.000000 26.000000 3.833159
v 336.000000 26.000000 3.601777
v 338.000000 26.000000 3.569682
v 340.000000 26.000000 3.716176
v 342.000000 26.000000 3.842540
v 344.000000 26.000000 3.771242
v 346.000000 26.000000 3.703903
v 348.000000 26.000000 3.780078
v 350.000000 26.000000 3.787221
v 352.000000 26.000000 3.555307
v 354.000000 26.000000 3.553175
v 356.000000 26.000000 3.858394
v 358.000000 26.000000 3.838406
v 360.000000 26.000000 3.793522
v 0.000000 27.371399 4.000000
v 4.000000 26.064142 4.000000
v 6.000000 27.425455 4.000000
v 8.000000 27.560795 4.000000
v 10.000000 26.864044 4.000000
v 12.000000 27.065054 4.000000
v 14.000000 27.012661 4.000000
v 16.000000 26.022799 4.000000
v 20.000000 26.858824 4.000000
v 22.000000 28.000000 3.945369
v 21.360413 28.000000 4.000000
v 22.603403 28.000000 4.000000
v 24.000000 26.776554 4.000000
v 170.000000 26.052818 4.000000
v 172.000000 27.300592 4.000000
v 174.000000 28.000000 3.994063
v 173.897400 28.000000 4.000000
v 174.095352 28.000000 4.000000
v 176.000000 27.238031 4.000000
v 178.000000 26.497042 4.000000
v 180.000000 26.654346 4.000000
v 186.000000 27.290037 4.000000
v 188.000000 28.000000 3.972128
v 187.629639 28.000000 4.000000
v 188.444962 28.000000 4.000000
v 190.000000 27.341698 4.000000
v 192.000000 27.306932 4.000000
v 194.000000 27.391350 4.000000
v 196.000000 26.883705 4.000000
v 198.000000 26.963989 4.000000
v 200.000000 27.616268 4.000000
v 202.000000 28.000000 3.692734
v 200.258392 28.000000 4.000000
v 204.000000 28.000000 3.579820
v 206.000000 28.000000 3.629065
v 208.000000 28.000000 3.674697
v 210.000000 28.000000 3.936106
v 210.379807 28.000000 4.000000
v 218.000000 26.430132 4.000000
v 220.000000 27.760883 4.000000
v 222.000000 27.992071 4.000000
v 224.000000 27.776390 4.000000
v 226.000000 28.000000 3.923740
v 224.696930 28.000000 4.000000
v 228.000000 28.000000 3.972770
v 230.000000 28.000000 3.966507
v 232.000000 28.000000 3.964334
v 232.525406 28.000000 4.000000
v 234.000000 27.094532 4.000000
v 236.000000 26.031322 4.000000
v 238.000000 26.385958 4.000000
v 240.000000 28.000000 3.929826
v 239.508408 28.000000 4.000000
v 242.000000 28.000000 3.674436
v 244.000000 28.000000 3.620200
v 246.000000 28.000000 3.628730
v 248.000000 28.000000 3.618668
v 250.000000 28.000000 3.844567
v 251.384872 28.000000 4.000000
v 252.000000 27.224527 4.000000
v 254.000000 27.679703 4.000000
v 256.000000 27.887083 4.000000
v 258.000000 27.609192 4.000000
v 260.000000 28.000000 3.800916
v 258.409790 28.000000 4.000000
v 262.000000 28.000000 3.552734
v 264.000000 28.000000 3.526341
v 266.000000 28.000000 3.661849
v 268.000000 28.000000 3.812504
v 270.000000 28.000000 3.809634
v 272.000000 28.000000 3.776359
v 274.000000 28.000000 3.545137
v 276.000000 28.000000 3.461643
v 278.000000 28.000000 3.540407
v 280.000000 28.000000 3.884458
v 282.000000 28.000000 3.979543
v 284.000000 28.000000 3.888154
v 286.000000 28.000000 3.976244
v 286.867950 28.000000 4.000000
v 288.000000 27.836218 4.000000
v 290.000000 28.000000 3.900900
v 288.467072 28.000000 4.000000
v 292.000000 28.000000 3.668643
v 294.000000 28.000000 3.502555
v 296.000000 28.000000 3.611798
v 298.000000 28.000000 3.892953
v 299.291595 28.000000 4.000000
v 300.000000 27.644382 4.000000
v 302.000000 27.149368 4.000000
v 304.000000 26.994143 4.000000
v 306.000000 27.482611 4.000000
v 308.000000 27.868179 4.000000
v 310.000000 27.711073 4.000000
v 312.000000 27.035261 4.000000
v 314.000000 27.426783 4.000000
v 316.000000 27.503660 4.000000
v 318.000000 28.000000 3.901925
v 317.035950 28.000000 4.000000
v 320.000000 28.000000 3.909931
v 321.103973 28.000000 4.000000
v 322.000000 27.443174 4.000000
v 324.000000 26.154146 4.000000
v 328.000000 28.000000 3.989744
v 327.902130 28.000000 4.000000
v 330.000000 28.000000 3.910216
v 332.000000 28.000000 3.990421
v 332.989532 28.000000 4.000000
v 334.000000 27.898874 4.000000
v 336.000000 28.000000 3.760619
v 334.069885 28.000000 4.000000
v 338.000000 28.000000 3.781036
v 340.000000 28.000000 3.948966
v 341.844177 28.000000 4.000000
v 342.000000 27.948292 4.000000
v 344.000000 27.731350 4.000000
v 346.000000 28.000000 3.979470
v 345.308716 28.000000 4.000000
v 346.383972 28.000000 4.000000
v 348.000000 27.463966 4.000000
v 350.000000 27.351946 4.000000
v 352.000000 28.000000 3.831423
v 350.757416 28.000000 4.000000
v 354.000000 28.000000 3.888470
v 354.846649 28.000000 4.000000
v 356.000000 26.980967 4.000000
v 358.000000 27.434500 4.000000
v 360.000000 27.371399 4.000000
v 0.000000 30.000000 3.613079
v 2.000000 29.450823 4.000000
v 2.000000 30.000000 3.876640
v 0.000000 28.383177 4.000000
v 4.000000 29.141384 4.000000
v 4.000000 30.000000 3.836852
v 6.000000 28.308210 4.000000
v 6.000000 30.000000 3.570524
v 8.000000 28.319271 4.000000
v 8.000000 30.000000 3.580860
v 10.000000 28.657482 4.000000
v 10.000000 30.000000 3.717395
v 12.000000 28.396019 4.000000
v 12.000000 30.000000 3.669204
v 14.000000 28.687361 4.000000
v 14.000000 30.000000 3.732214
v 16.000000 29.753284 4.000000
v 16.000000 30.000000 3.963201
v 16.930607 30.000000 4.000000
v 20.000000 30.000000 3.855659
v 18.426596 30.000000 4.000000
v 20.000000 28.885054 4.000000
v 22.000000 30.000000 3.706246
v 24.000000 28.935953 4.000000
v 24.000000 30.000000 3.856251
v 26.000000 29.762802 4.000000
v 26.000000 30.000000 3.953851
v 28.000000 29.601957 4.000000
v 28.000000 30.000000 3.922186
v 29.136471 30.000000 4.000000
v 172.000000 30.000000 3.784455
v 170.016251 30.000000 4.000000
v 172.000000 28.658552 4.000000
v 174.000000 30.000000 3.595037
v 176.000000 28.513107 4.000000
v 176.000000 30.000000 3.682260
v 178.000000 29.118599 4.000000
v 178.000000 30.000000 3.809930
v 180.000000 29.278515 4.000000
v 180.000000 30.000000 3.873946
v 181.494980 30.000000 4.000000
v 186.000000 30.000000 3.920400
v 184.948227 30.000000 4.000000
v 186.000000 29.237946 4.000000
v 188.000000 30.000000 3.757597
v 190.000000 28.636339 4.000000
v 190.000000 30.000000 3.786102
v 192.000000 28.609324 4.000000
v 192.000000 30.000000 3.769165
v 194.000000 28.542696 4.000000
v 194.000000 30.000000 3.741359
v 196.000000 28.885149 4.000000
v 196.000000 30.000000 3.813406
v 198.000000 28.821993 4.000000
v 198.000000 30.000000 3.801308
v 200.000000 28.296329 4.000000
v 200.000000 30.000000 3.732502
v 202.000000 30.000000 3.359955
v 204.000000 30.000000 3.212444
v 206.000000 30.000000 3.217837
v 208.000000 30.000000 3.354289
v 210.000000 30.000000 3.675633
v 212.000000 29.850933 4.000000
v 212.000000 30.000000 3.978687
v 212.197739 30.000000 4.000000
v 218.000000 30.000000 3.847717
v 216.794617 30.000000 4.000000
v 218.000000 29.065048 4.000000
v 220.000000 28.166773 4.000000
v 220.000000 30.000000 3.651234
v 222.000000 28.006102 4.000000
v 222.000000 30.000000 3.616303
v 224.000000 28.310921 4.000000
v 224.000000 30.000000 3.785106
v 226.000000 30.000000 3.681828
v 228.000000 30.000000 3.663854
v 230.000000 30.000000 3.583687
v 232.000000 30.000000 3.629018
v 234.000000 28.629543 4.000000
v 234.000000 30.000000 3.797361
v 236.000000 29.212343 4.000000
v 236.000000 30.000000 3.865567
v 238.000000 28.972765 4.000000
v 238.000000 30.000000 3.784486
v 240.000000 30.000000 3.569306
v 242.000000 30.000000 3.381133
v 244.000000 30.000000 3.312722
v 246.000000 30.000000 3.272012
v 248.000000 30.000000 3.280341
v 250.000000 30.000000 3.545725
v 252.000000 28.479259 4.000000
v 252.000000 30.000000 3.771760
v 254.000000 28.264666 4.000000
v 254.000000 30.000000 3.774396
v 256.000000 28.071692 4.000000
v 256.000000 30.000000 3.783851
v 258.000000 28.442314 4.000000
v 258.000000 30.000000 3.820355
v 260.000000 30.000000 3.547877
v 262.000000 30.000000 3.283282
v 264.000000 30.000000 3.226561
v 266.000000 30.000000 3.351523
v 268.000000 30.000000 3.526211
v 270.000000 30.000000 3.558889
v 272.000000 30.000000 3.529978
v 274.000000 30.000000 3.278535
v 276.000000 30.000000 3.149023
v 278.000000 30.000000 3.253253
v 280.000000 30.000000 3.573961
v 282.000000 30.000000 3.648261
v 284.000000 30.000000 3.619812
v 286.000000 30.000000 3.589745
v 288.000000 28.151886 4.000000
v 288.000000 30.000000 3.651583
v 290.000000 30.000000 3.548996
v 292.000000 30.000000 3.354882
v 294.000000 30.000000 3.132708
v 296.000000 30.000000 3.202917
v 298.000000 30.000000 3.443305
v 300.000000 28.211306 4.000000
v 300.000000 30.000000 3.555121
v 302.000000 28.737249 4.000000
v 302.000000 30.000000 3.728884
v 304.000000 28.895115 4.000000
v 304.000000 30.000000 3.764290
v 306.000000 28.834909 4.000000
v 306.000000 30.000000 3.863713
v 308.000000 28.175808 4.000000
v 308.000000 30.000000 3.742621
v 310.000000 28.214127 4.000000
v 310.000000 30.000000 3.569454
v 312.000000 28.616518 4.000000
v 312.000000 30.000000 3.616820
v 314.000000 28.451298 4.000000
v 314.000000 30.000000 3.620775
v 316.000000 28.439930 4.000000
v 316.000000 30.000000 3.648650
v 318.000000 30.000000 3.645722
v 320.000000 30.000000 3.567058
v 322.000000 28.345762 4.000000
v 322.000000 30.000000 3.676915
v 324.000000 29.221289 4.000000
v 324.000000 30.000000 3.821134
v 326.000000 29.101936 4.000000
v 326.000000 30.000000 3.847403
v 328.000000 30.000000 3.650902
v 330.000000 30.000000 3.558815
v 332.000000 30.000000 3.536562
v 334.000000 28.034502 4.000000
v 334.000000 30.000000 3.518831
v 336.000000 30.000000 3.361895
v 338.000000 30.000000 3.431962
v 340.000000 30.000000 3.568054
v 342.000000 28.019264 4.000000
v 342.000000 30.000000 3.593321
v 344.000000 28.122168 4.000000
v 344.000000 30.000000 3.493821
v 346.000000 30.000000 3.409212
v 348.000000 28.256645 4.000000
v 348.000000 30.000000 3.513630
v 350.000000 28.352917 4.000000
v 350.000000 30.000000 3.554182
v 352.000000 30.000000 3.384909
v 354.000000 30.000000 3.495936
v 356.000000 28.741024 4.000000
v 356.000000 30.000000 3.752096
v 358.000000 28.303474 4.000000
v 358.000000 30.000000 3.646183
v 360.000000 28.383177 4.000000
v 360.000000 30.000000 3.613079
v 2.000000 32.000000 3.476988
v 0.000000 32.000000 3.230261
v 4.000000 32.000000 3.433889
v 6.000000 32.000000 3.135764
v 8.000000 32.000000 3.187347
v 10.000000 32.000000 3.406814
v 12.000000 32.000000 3.396683
v 14.000000 32.000000 3.440884
v 16.000000 32.000000 3.703113
v 18.000000 30.321836 4.000000
v 18.000000 32.000000 3.796223
v 20.000000 32.000000 3.591522
v 22.000000 32.000000 3.492532
v 24.000000 32.000000 3.639483
v 26.000000 32.000000 3.703949
v 28.000000 32.000000 3.625457
v 30.000000 30.336441 4.000000
v 30.000000 32.000000 3.719201
v 31.971809 32.000000 4.000000
v 38.000000 32.000000 3.954785
v 37.401016 32.000000 4.000000
v 38.000000 31.789547 4.000000
v 40.000000 31.694040 4.000000
v 40.000000 32.000000 3.946512
v 40.374737 32.000000 4.000000
v 150.000000 32.000000 3.940542
v 149.597153 32.000000 4.000000
v 150.000000 31.744965 4.000000
v 152.000000 31.559994 4.000000
v 152.000000 32.000000 3.903822
v 154.000000 31.080757 4.000000
v 154.000000 32.000000 3.769445
v 156.000000 31.061150 4.000000
v 156.000000 32.000000 3.765534
v 158.000000 30.752680 4.000000
v 158.000000 32.000000 3.696013
v 160.000000 30.663233 4.000000
v 160.000000 32.000000 3.639276
v 162.000000 31.029106 4.000000
v 162.000000 32.000000 3.710659
v 164.000000 31.354286 4.000000
v 164.000000 32.000000 3.832552
v 166.000000 30.486555 4.000000
v 166.000000 32.000000 3.558588
v 168.000000 30.363968 4.000000
v 168.000000 32.000000 3.496839
v 170.000000 30.006580 4.000000
v 170.000000 32.000000 3.489441
v 172.000000 32.000000 3.322061
v 174.000000 32.000000 3.102143
v 176.000000 32.000000 3.203083
v 178.000000 32.000000 3.330502
v 180.000000 32.000000 3.404770
v 182.000000 30.153767 4.000000
v 182.000000 32.000000 3.517533
v 184.000000 30.284157 4.000000
v 184.000000 32.000000 3.579754
v 186.000000 32.000000 3.434454
v 188.000000 32.000000 3.300887
v 190.000000 32.000000 3.319805
v 192.000000 32.000000 3.309191
v 194.000000 32.000000 3.317944
v 196.000000 32.000000 3.407091
v 198.000000 32.000000 3.358050
v 200.000000 32.000000 3.300813
v 202.000000 32.000000 2.933666
v 204.000000 32.000000 2.741577
v 206.000000 32.000000 2.821123
v 208.000000 32.000000 3.004408
v 210.000000 32.000000 3.193937
v 212.000000 32.000000 3.425233
v 214.000000 30.727093 4.000000
v 214.000000 32.000000 3.652741
v 216.000000 30.437670 4.000000
v 216.000000 32.000000 3.635754
v 218.000000 32.000000 3.394050
v 220.000000 32.000000 3.166477
v 222.000000 32.000000 3.135752
v 224.000000 32.000000 3.234405
v 226.000000 32.000000 3.230440
v 228.000000 32.000000 3.192896
v 230.000000 32.000000 3.053478
v 232.000000 32.000000 3.053629
v 234.000000 32.000000 3.223765
v 236.000000 32.000000 3.340503
v 238.000000 32.000000 3.229316
v 240.000000 32.000000 3.007639
v 242.000000 32.000000 2.851117
v 244.000000 32.000000 2.816812
v 246.000000 32.000000 2.713940
v 248.000000 32.000000 2.747875
v 250.000000 32.000000 3.054132
v 252.000000 32.000000 3.278180
v 254.000000 32.000000 3.261421
v 256.000000 32.000000 3.250918
v 258.000000 32.000000 3.171298
v 260.000000 32.000000 3.058727
v 262.000000 32.000000 2.775767
v 264.000000 32.000000 2.714681
v 266.000000 32.000000 2.864580
v 268.000000 32.000000 3.005161
v 270.000000 32.000000 2.925862
v 272.000000 32.000000 2.871690
v 274.000000 32.000000 2.755432
v 276.000000 32.000000 2.612592
v 278.000000 32.000000 2.717170
v 280.000000 32.000000 3.055416
v 282.000000 32.000000 3.123762
v 284.000000 32.000000 3.099449
v 286.000000 32.000000 3.007277
v 288.000000 32.000000 2.987718
v 290.000000 32.000000 2.985020
v 292.000000 32.000000 2.798163
v 294.000000 32.000000 2.703253
v 296.000000 32.000000 2.756050
v 298.000000 32.000000 2.845457
v 300.000000 32.000000 2.908455
v 302.000000 32.000000 2.976071
v 304.000000 32.000000 3.099363
v 306.000000 32.000000 3.149693
v 308.000000 32.000000 3.063072
v 310.000000 32.000000 2.930624
v 312.000000 32.000000 3.003517
v 314.000000 32.000000 3.127958
v 316.000000 32.000000 3.173291
v 318.000000 32.000000 3.225514
v 320.000000 32.000000 3.083310
v 322.000000 32.000000 3.194152
v 324.000000 32.000000 3.343112
v 326.000000 32.000000 3.436791
v 328.000000 32.000000 3.247378
v 330.000000 32.000000 3.086527
v 332.000000 32.000000 3.085784
v 334.000000 32.000000 3.093138
v 336.000000 32.000000 2.939948
v 338.000000 32.000000 2.995500
v 340.000000 32.000000 3.172741
v 342.000000 32.000000 3.211185
v 344.000000 32.000000 3.042669
v 346.000000 32.000000 2.996313
v 348.000000 32.000000 3.109965
v 350.000000 32.000000 3.104045
v 352.000000 32.000000 2.928438
v 354.000000 32.000000 3.072989
v 356.000000 32.000000 3.267715
v 358.000000 32.000000 3.284396
v 360.000000 32.000000 3.230261
v 2.000000 34.000000 3.861375
v 0.000000 34.000000 3.507034
v 4.000000 34.000000 3.735828
v 6.000000 34.000000 3.462912
v 8.000000 34.000000 3.497244
v 10.000000 34.000000 3.710173
v 12.000000 34.000000 3.745390
v 14.000000 34.000000 3.821149
v 15.439341 34.000000 4.000000
v 16.000000 33.637703 4.000000
v 18.000000 33.150860 4.000000
v 20.000000 34.000000 3.955311
v 19.541296 34.000000 4.000000
v 22.000000 34.000000 3.830116
v 24.000000 34.000000 3.934136
v 25.649862 34.000000 4.000000
v 26.000000 33.915325 4.000000
v 28.000000 33.972130 4.000000
v 30.000000 33.429462 4.000000
v 38.000000 32.206745 4.000000
v 40.000000 32.199360 4.000000
v 150.000000 32.300568 4.000000
v 152.000000 32.466991 4.000000
v 154.000000 32.966599 4.000000
v 156.000000 32.761768 4.000000
v 158.000000 33.089905 4.000000
v 160.000000 33.754631 4.000000
v 162.000000 33.226864 4.000000
v 164.000000 32.669617 4.000000
v 166.000000 34.000000 3.911715
v 165.574295 34.000000 4.000000
v 168.000000 34.000000 3.793061
v 170.000000 34.000000 3.826948
v 172.000000 34.000000 3.616789
v 174.000000 34.000000 3.358954
v 176.000000 34.000000 3.515613
v 178.000000 34.000000 3.757598
v 180.000000 34.000000 3.746867
v 182.000000 34.000000 3.793704
v 184.000000 34.000000 3.900463
v 186.000000 34.000000 3.798625
v 188.000000 34.000000 3.595977
v 190.000000 34.000000 3.640757
v 192.000000 34.000000 3.738070
v 194.000000 34.000000 3.781137
v 196.000000 34.000000 3.643447
v 198.000000 34.000000 3.571355
v 200.000000 34.000000 3.555028
v 202.000000 34.000000 3.193765
v 204.000000 34.000000 3.051376
v 206.000000 34.000000 3.178499
v 208.000000 34.000000 3.374480
v 210.000000 34.000000 3.450407
v 212.000000 34.000000 3.450741
v 214.000000 34.000000 3.718054
v 216.000000 34.000000 3.784636
v 218.000000 34.000000 3.590111
v 220.000000 34.000000 3.408620
v 222.000000 34.000000 3.452394
v 224.000000 34.000000 3.522441
v 226.000000 34.000000 3.582972
v 228.000000 34.000000 3.568611
v 230.000000 34.000000 3.325660
v 232.000000 34.000000 3.260117
v 234.000000 34.000000 3.387443
v 236.000000 34.000000 3.448417
v 238.000000 34.000000 3.403778
v 240.000000 34.000000 3.233271
v 242.000000 34.000000 3.050508
v 244.000000 34.000000 2.934734
v 246.000000 34.000000 2.850457
v 248.000000 34.000000 2.920978
v 250.000000 34.000000 3.212872
v 252.000000 34.000000 3.394913
v 254.000000 34.000000 3.482637
v 256.000000 34.000000 3.522771
v 258.000000 34.000000 3.393453
v 260.000000 34.000000 3.215175
v 262.000000 34.000000 2.943249
v 264.000000 34.000000 2.859439
v 266.000000 34.000000 3.033130
v 268.000000 34.000000 3.163458
v 270.000000 34.000000 3.140100
v 272.000000 34.000000 3.066910
v 274.000000 34.000000 2.928010
v 276.000000 34.000000 2.746321
v 278.000000 34.000000 2.863591
v 280.000000 34.000000 3.181532
v 282.000000 34.000000 3.305635
v 284.000000 34.000000 3.376722
v 286.000000 34.000000 3.253129
v 288.000000 34.000000 3.166035
v 290.000000 34.000000 3.125914
v 292.000000 34.000000 2.948062
v 294.000000 34.000000 2.841452
v 296.000000 34.000000 2.947194
v 298.000000 34.000000 3.014536
v 300.000000 34.000000 3.081124
v 302.000000 34.000000 3.164330
v 304.000000 34.000000 3.282192
v 306.000000 34.000000 3.373086
v 308.000000 34.000000 3.209051
v 310.000000 34.000000 3.121938
v 312.000000 34.000000 3.286805
v 314.000000 34.000000 3.436383
v 316.000000 34.000000 3.509480
v 318.000000 34.000000 3.347982
v 320.000000 34.000000 3.173861
v 322.000000 34.000000 3.288490
v 324.000000 34.000000 3.387570
v 326.000000 34.000000 3.468611
v 328.000000 34.000000 3.327079
v 330.000000 34.000000 3.202266
v 332.000000 34.000000 3.252162
v 334.000000 34.000000 3.306521
v 336.000000 34.000000 3.133888
v 338.000000 34.000000 3.120988
v 340.000000 34.000000 3.327420
v 342.000000 34.000000 3.400589
v 344.000000 34.000000 3.224349
v 346.000000 34.000000 3.245255
v 348.000000 34.000000 3.386441
v 350.000000 34.000000 3.341366
v 352.000000 34.000000 3.192736
v 354.000000 34.000000 3.379899
v 356.000000 34.000000 3.548708
v 358.000000 34.000000 3.532319
v 360.000000 34.000000 3.507034
v 0.000000 35.142948 4.000000
v 2.000000 34.303986 4.000000
v 4.000000 34.632858 4.000000
v 6.000000 35.118549 4.000000
v 8.000000 35.023479 4.000000
v 10.000000 34.744240 4.000000
v 12.000000 34.596863 4.000000
v 14.000000 34.348598 4.000000
v 20.000000 34.103897 4.000000
v 22.000000 34.367676 4.000000
v 24.000000 34.150158 4.000000
v 166.000000 34.169403 4.000000
v 168.000000 34.459690 4.000000
v 170.000000 34.399750 4.000000
v 172.000000 34.908348 4.000000
v 174.000000 35.561981 4.000000
v 176.000000 35.159634 4.000000
v 178.000000 34.573387 4.000000
v 180.000000 34.627956 4.000000
v 182.000000 34.530811 4.000000
v 184.000000 34.240017 4.000000
v 186.000000 34.502903 4.000000
v 188.000000 35.010445 4.000000
v 190.000000 34.844242 4.000000
v 192.000000 34.518459 4.000000
v 194.000000 34.448738 4.000000
v 196.000000 34.757801 4.000000
v 198.000000 35.035999 4.000000
v 200.000000 35.053310 4.000000
v 202.000000 35.706749 4.000000
v 204.000000 35.954647 4.000000
v 206.000000 35.606995 4.000000
v 208.000000 35.309063 4.000000
v 210.000000 35.224926 4.000000
v 212.000000 35.404514 4.000000
v 214.000000 34.735550 4.000000
v 216.000000 34.545792 4.000000
v 218.000000 35.091656 4.000000
v 220.000000 35.291702 4.000000
v 222.000000 35.082291 4.000000
v 224.000000 34.947777 4.000000
v 226.000000 34.891003 4.000000
v 228.000000 34.920391 4.000000
v 230.000000 35.510155 4.000000
v 232.000000 35.744045 4.000000
v 234.000000 35.543392 4.000000
v 236.000000 35.384182 4.000000
v 238.000000 35.196934 4.000000
v 240.000000 35.679073 4.000000
v 242.000000 36.000000 3.907739
v 241.291214 36.000000 4.000000
v 244.000000 36.000000 3.795515
v 246.000000 36.000000 3.775932
v 248.000000 36.000000 3.777709
v 249.755783 36.000000 4.000000
v 250.000000 35.931431 4.000000
v 252.000000 35.572403 4.000000
v 254.000000 35.248325 4.000000
v 256.000000 35.308804 4.000000
v 258.000000 35.491806 4.000000
v 260.000000 36.000000 3.978224
v 259.825073 36.000000 4.000000
v 262.000000 36.000000 3.740942
v 264.000000 36.000000 3.673217
v 266.000000 36.000000 3.798858
v 268.000000 36.000000 3.996009
v 270.000000 36.000000 3.987033
v 272.000000 36.000000 3.869063
v 274.000000 36.000000 3.718052
v 276.000000 36.000000 3.534437
v 278.000000 36.000000 3.683822
v 280.000000 36.000000 3.975104
v 280.301971 36.000000 4.000000
v 282.000000 35.686806 4.000000
v 284.000000 35.514164 4.000000
v 286.000000 35.720440 4.000000
v 288.000000 36.000000 3.991229
v 287.880249 36.000000 4.000000
v 290.000000 36.000000 3.978688
v 292.000000 36.000000 3.820433
v 294.000000 36.000000 3.614933
v 296.000000 36.000000 3.731100
v 298.000000 36.000000 3.947178
v 299.174194 36.000000 4.000000
v 300.000000 35.931301 4.000000
v 302.000000 35.853531 4.000000
v 304.000000 35.676304 4.000000
v 306.000000 35.436394 4.000000
v 308.000000 35.630913 4.000000
v 310.000000 35.889080 4.000000
v 312.000000 35.474274 4.000000
v 314.000000 35.082256 4.000000
v 316.000000 34.981243 4.000000
v 318.000000 35.367767 4.000000
v 320.000000 36.000000 3.996025
v 319.976379 36.000000 4.000000
v 320.133392 36.000000 4.000000
v 322.000000 35.865383 4.000000
v 324.000000 35.578484 4.000000
v 326.000000 35.627037 4.000000
v 328.000000 35.821671 4.000000
v 330.000000 35.838406 4.000000
v 332.000000 35.522320 4.000000
v 334.000000 35.498390 4.000000
v 336.000000 35.985142 4.000000
v 338.000000 36.000000 3.964426
v 336.342682 36.000000 4.000000
v 338.749329 36.000000 4.000000
v 340.000000 35.848087 4.000000
v 342.000000 35.935421 4.000000
v 344.000000 35.764118 4.000000
v 346.000000 35.381977 4.000000
v 348.000000 35.288448 4.000000
v 350.000000 35.445553 4.000000
v 352.000000 35.636921 4.000000
v 354.000000 35.457409 4.000000
v 356.000000 35.295609 4.000000
v 358.000000 35.219040 4.000000
v 360.000000 35.142948 4.000000
v 242.000000 36.434566 4.000000
v 244.000000 37.083511 4.000000
v 246.000000 37.030750 4.000000
v 248.000000 36.946484 4.000000
v 260.000000 36.117931 4.000000
v 262.000000 37.283932 4.000000
v 264.000000 37.944363 4.000000
v 266.000000 37.318542 4.000000
v 268.000000 36.021408 4.000000
v 270.000000 36.066109 4.000000
v 272.000000 36.815243 4.000000
v 274.000000 37.539337 4.000000
v 276.000000 38.000000 3.954012
v 275.290527 38.000000 4.000000
v 276.698608 38.000000 4.000000
v 278.000000 37.579777 4.000000
v 280.000000 36.135975 4.000000
v 288.000000 36.067085 4.000000
v 290.000000 36.114613 4.000000
v 292.000000 36.901173 4.000000
v 294.000000 38.000000 3.931502
v 293.532196 38.000000 4.000000
v 295.287598 38.000000 4.000000
v 296.000000 37.762405 4.000000
v 298.000000 36.256218 4.000000
v 320.000000 36.018333 4.000000
v 338.000000 36.214798 4.000000
v 242.000000 40.000000 3.844141
v 240.663879 40.000000 4.000000
v 242.000000 39.369450 4.000000
v 244.000000 38.901489 4.000000
v 244.000000 40.000000 3.785372
v 246.000000 39.078884 4.000000
v 246.000000 40.000000 3.818301
v 248.000000 39.414284 4.000000
v 248.000000 40.000000 3.891347
v 250.000000 39.686066 4.000000
v 250.000000 40.000000 3.937430
v 250.902283 40.000000 4.000000
v 258.000000 40.000000 3.862851
v 256.810760 40.000000 4.000000
v 258.000000 39.570595 4.000000
v 260.000000 39.423534 4.000000
v 260.000000 40.000000 3.857288
v 262.000000 38.677074 4.000000
v 262.000000 40.000000 3.710375
v 264.000000 38.030373 4.000000
v 264.000000 40.000000 3.422996
v 266.000000 38.369656 4.000000
v 266.000000 40.000000 3.553395
v 268.000000 39.392681 4.000000
v 268.000000 40.000000 3.837657
v 270.000000 39.236431 4.000000
v 270.000000 40.000000 3.765305
v 272.000000 38.659367 4.000000
v 272.000000 40.000000 3.603892
v 274.000000 38.339882 4.000000
v 274.000000 40.000000 3.581319
v 276.000000 40.000000 3.599816
v 278.000000 38.393841 4.000000
v 278.000000 40.000000 3.651048
v 280.000000 39.093395 4.000000
v 280.000000 40.000000 3.725132
v 282.000000 39.518860 4.000000
v 282.000000 40.000000 3.850218
v 284.000000 39.986221 4.000000
v 284.000000 40.000000 3.995806
v 286.000000 39.142544 4.000000
v 286.000000 40.000000 3.702053
v 288.000000 38.704105 4.000000
v 288.000000 40.000000 3.562010
v 290.000000 39.172646 4.000000
v 290.000000 40.000000 3.754725
v 292.000000 38.776863 4.000000
v 292.000000 40.000000 3.646097
v 294.000000 40.000000 3.407146
v 296.000000 38.142662 4.000000
v 296.000000 40.000000 3.521694
v 298.000000 39.133705 4.000000
v 298.000000 40.000000 3.728385
v 300.000000 39.241997 4.000000
v 300.000000 40.000000 3.736254
v 302.000000 38.983730 4.000000
v 302.000000 40.000000 3.638694
v 304.000000 39.245518 4.000000
v 304.000000 40.000000 3.776209
v 305.434570 40.000000 4.000000
v 310.000000 40.000000 3.789324
v 308.131348 40.000000 4.000000
v 310.000000 39.356876 4.000000
v 312.000000 39.514149 4.000000
v 312.000000 40.000000 3.812068
v 313.120483 40.000000 4.000000
v 320.000000 40.000000 3.814170
v 318.793518 40.000000 4.000000
v 320.000000 39.400650 4.000000
v 322.000000 39.298946 4.000000
v 322.000000 40.000000 3.778290
v 323.675659 40.000000 4.000000
v 330.000000 40.000000 3.945462
v 329.436493 40.000000 4.000000
v 330.000000 39.801720 4.000000
v 332.000000 39.754463 4.000000
v 332.000000 40.000000 3.914712
v 334.000000 39.953297 4.000000
v 334.000000 40.000000 3.986795
v 336.000000 38.859219 4.000000
v 336.000000 40.000000 3.697784
v 338.000000 39.037674 4.000000
v 338.000000 40.000000 3.726347
v 339.452423 40.000000 4.000000
v 174.000000 42.000000 3.940827
v 173.656754 42.000000 4.000000
v 174.000000 41.411194 4.000000
v 174.339462 42.000000 4.000000
v 196.000000 42.000000 3.932055
v 194.097916 42.000000 4.000000
v 196.000000 41.715965 4.000000
v 198.000000 41.646309 4.000000
v 198.000000 42.000000 3.918174
v 200.000000 41.343143 4.000000
v 200.000000 42.000000 3.839929
v 202.000000 40.523167 4.000000
v 202.000000 42.000000 3.635454
v 204.000000 40.397923 4.000000
v 204.000000 42.000000 3.607217
v 206.000000 41.093803 4.000000
v 206.000000 42.000000 3.747971
v 208.000000 41.191769 4.000000
v 208.000000 42.000000 3.776342
v 210.000000 41.507511 4.000000
v 210.000000 42.000000 3.898908
v 211.438889 42.000000 4.000000
v 218.000000 42.000000 3.989705
v 217.946487 42.000000 4.000000
v 218.000000 41.941643 4.000000
v 220.000000 41.570652 4.000000
v 220.000000 42.000000 3.922508
v 222.000000 41.784592 4.000000
v 222.000000 42.000000 3.954348
v 223.149368 42.000000 4.000000
v 226.000000 42.000000 3.979436
v 225.243103 42.000000 4.000000
v 226.000000 41.863186 4.000000
v 228.000000 41.336292 4.000000
v 228.000000 42.000000 3.875684
v 230.000000 40.891491 4.000000
v 230.000000 42.000000 3.799257
v 232.000000 40.735485 4.000000
v 232.000000 42.000000 3.768748
v 234.000000 40.563259 4.000000
v 234.000000 42.000000 3.637952
v 236.000000 40.743546 4.000000
v 236.000000 42.000000 3.672211
v 238.000000 41.152649 4.000000
v 238.000000 42.000000 3.809128
v 240.000000 40.368290 4.000000
v 240.000000 42.000000 3.655953
v 242.000000 42.000000 3.386020
v 244.000000 42.000000 3.316256
v 246.000000 42.000000 3.360331
v 248.000000 42.000000 3.475647
v 250.000000 42.000000 3.515442
v 252.000000 40.442711 4.000000
v 252.000000 42.000000 3.731826
v 254.000000 41.162769 4.000000
v 254.000000 42.000000 3.834115
v 256.000000 40.375183 4.000000
v 256.000000 42.000000 3.607531
v 258.000000 42.000000 3.388447
v 260.000000 42.000000 3.409146
v 262.000000 42.000000 3.303512
v 264.000000 42.000000 3.134435
v 266.000000 42.000000 3.148526
v 268.000000 42.000000 3.368032
v 270.000000 42.000000 3.281815
v 272.000000 42.000000 3.176602
v 274.000000 42.000000 3.161191
v 276.000000 42.000000 3.224718
v 278.000000 42.000000 3.211759
v 280.000000 42.000000 3.284418
v 282.000000 42.000000 3.434376
v 284.000000 42.000000 3.490796
v 286.000000 42.000000 3.296352
v 288.000000 42.000000 3.191634
v 290.000000 42.000000 3.285455
v 292.000000 42.000000 3.235924
v 294.000000 42.000000 3.033357
v 296.000000 42.000000 3.039707
v 298.000000 42.000000 3.200950
v 300.000000 42.000000 3.254761
v 302.000000 42.000000 3.244349
v 304.000000 42.000000 3.353433
v 306.000000 40.351208 4.000000
v 306.000000 42.000000 3.587816
v 308.000000 40.066208 4.000000
v 308.000000 42.000000 3.562590
v 310.000000 42.000000 3.361524
v 312.000000 42.000000 3.476321
v 314.000000 40.928894 4.000000
v 314.000000 42.000000 3.830871
v 316.000000 41.594608 4.000000
v 316.000000 42.000000 3.901282
v 318.000000 40.604191 4.000000
v 318.000000 42.000000 3.719061
v 320.000000 42.000000 3.459975
v 322.000000 42.000000 3.475276
v 324.000000 40.236649 4.000000
v 324.000000 42.000000 3.664940
v 326.000000 41.190357 4.000000
v 326.000000 42.000000 3.831337
v 328.000000 40.706543 4.000000
v 328.000000 42.000000 3.737858
v 330.000000 42.000000 3.558622
v 332.000000 42.000000 3.649689
v 334.000000 42.000000 3.598121
v 336.000000 42.000000 3.430490
v 338.000000 42.000000 3.461334
v 340.000000 40.800121 4.000000
v 340.000000 42.000000 3.823509
v 341.621002 42.000000 4.000000
v 344.000000 42.000000 3.874316
v 342.483887 42.000000 4.000000
v 344.000000 41.327930 4.000000
v 346.000000 41.670586 4.000000
v 346.000000 42.000000 3.924155
v 347.423645 42.000000 4.000000
v 174.000000 42.280708 4.000000
v 196.000000 42.269680 4.000000
v 198.000000 42.332642 4.000000
v 200.000000 42.662777 4.000000
v 202.000000 43.445374 4.000000
v 204.000000 43.606918 4.000000
v 206.000000 43.167961 4.000000
v 208.000000 43.021351 4.000000
v 210.000000 42.485092 4.000000
v 218.000000 42.042034 4.000000
v 220.000000 42.337593 4.000000
v 222.000000 42.182320 4.000000
v 226.000000 42.077297 4.000000
v 228.000000 42.434566 4.000000
v 230.000000 42.735161 4.000000
v 232.000000 42.928219 4.000000
v 234.000000 43.510914 4.000000
v 236.000000 43.269451 4.000000
v 238.000000 42.818356 4.000000
v 240.000000 43.349091 4.000000
v 242.000000 44.000000 3.916501
v 241.358093 44.000000 4.000000
v 244.000000 44.000000 3.889310
v 246.000000 44.000000 3.970890
v 246.466141 44.000000 4.000000
v 248.000000 43.713490 4.000000
v 250.000000 43.539135 4.000000
v 252.000000 43.135361 4.000000
v 254.000000 42.796608 4.000000
v 256.000000 43.557568 4.000000
v 258.000000 44.000000 3.951416
v 257.423431 44.000000 4.000000
v 260.000000 44.000000 3.996782
v 262.000000 44.000000 3.840237
v 264.000000 44.000000 3.642155
v 266.000000 44.000000 3.628287
v 268.000000 44.000000 3.840731
v 270.000000 44.000000 3.796728
v 272.000000 44.000000 3.705905
v 274.000000 44.000000 3.779339
v 276.000000 44.000000 3.776092
v 278.000000 44.000000 3.761823
v 280.000000 44.000000 3.840791
v 282.000000 44.000000 3.927168
v 284.000000 44.000000 3.932254
v 286.000000 44.000000 3.752038
v 288.000000 44.000000 3.727328
v 290.000000 44.000000 3.807799
v 292.000000 44.000000 3.711103
v 294.000000 44.000000 3.503747
v 296.000000 44.000000 3.527560
v 298.000000 44.000000 3.674138
v 300.000000 44.000000 3.733697
v 302.000000 44.000000 3.793161
v 304.000000 44.000000 3.923879
v 304.673767 44.000000 4.000000
v 306.000000 43.457710 4.000000
v 308.000000 43.709702 4.000000
v 310.000000 44.000000 3.857141
v 308.698303 44.000000 4.000000
v 311.873352 44.000000 4.000000
v 312.000000 43.966618 4.000000
v 314.000000 42.616463 4.000000
v 316.000000 42.335831 4.000000
v 318.000000 43.085125 4.000000
v 320.000000 44.000000 3.972617
v 319.802246 44.000000 4.000000
v 320.457794 44.000000 4.000000
v 322.000000 43.713291 4.000000
v 324.000000 43.002007 4.000000
v 326.000000 42.579372 4.000000
v 328.000000 42.827232 4.000000
v 330.000000 43.358788 4.000000
v 332.000000 43.058472 4.000000
v 334.000000 43.137024 4.000000
v 336.000000 43.474804 4.000000
v 338.000000 43.354969 4.000000
v 340.000000 42.495514 4.000000
v 344.000000 42.370430 4.000000
v 346.000000 42.210133 4.000000
v 242.000000 44.178146 4.000000
v 244.000000 44.244804 4.000000
v 246.000000 44.064522 4.000000
v 258.000000 44.102360 4.000000
v 260.000000 44.007732 4.000000
v 262.000000 44.368019 4.000000
v 264.000000 44.718597 4.000000
v 266.000000 44.804665 4.000000
v 268.000000 44.363781 4.000000
v 270.000000 44.449169 4.000000
v 272.000000 44.570198 4.000000
v 274.000000 44.482597 4.000000
v 276.000000 44.501648 4.000000
v 278.000000 44.519054 4.000000
v 280.000000 44.359833 4.000000
v 282.000000 44.188572 4.000000
v 284.000000 44.175846 4.000000
v 286.000000 44.573883 4.000000
v 288.000000 44.659168 4.000000
v 290.000000 44.459862 4.000000
v 292.000000 44.608307 4.000000
v 294.000000 45.013935 4.000000
v 296.000000 44.961254 4.000000
v 298.000000 44.675873 4.000000
v 300.000000 44.513603 4.000000
v 302.000000 44.401016 4.000000
v 304.000000 44.165878 4.000000
v 310.000000 44.296669 4.000000
v 320.000000 44.058422 4.000000
v 92.000000 116.000000 3.828233
v 90.024620 116.000000 4.000000
v 92.000000 115.375237 4.000000
v 94.000000 114.992073 4.000000
v 94.000000 116.000000 3.751307
v 96.000000 115.119843 4.000000
v 96.000000 116.000000 3.823579
v 98.000000 115.342186 4.000000
v 98.000000 116.000000 3.829636
v 100.000000 115.517570 4.000000
v 100.000000 116.000000 3.869252
v 102.000000 115.441093 4.000000
v 102.000000 116.000000 3.866557
v 104.000000 114.819443 4.000000
v 104.000000 116.000000 3.758501
v 106.000000 115.262535 4.000000
v 106.000000 116.000000 3.842825
v 108.000000 115.823105 4.000000
v 108.000000 116.000000 3.960670
v 108.389824 116.000000 4.000000
v 66.000000 118.000000 3.994963
v 65.904846 118.000000 4.000000
v 66.000000 117.981697 4.000000
v 68.000000 117.272270 4.000000
v 68.000000 118.000000 3.787174
v 70.000000 117.619293 4.000000
v 70.000000 118.000000 3.885500
v 72.000000 117.324905 4.000000
v 72.000000 118.000000 3.816453
v 74.000000 117.229225 4.000000
v 74.000000 118.000000 3.816647
v 76.000000 117.673180 4.000000
v 76.000000 118.000000 3.935788
v 78.000000 117.496010 4.000000
v 78.000000 118.000000 3.891215
v 80.000000 116.795235 4.000000
v 80.000000 118.000000 3.689713
v 82.000000 117.283798 4.000000
v 82.000000 118.000000 3.800941
v 84.000000 117.061409 4.000000
v 84.000000 118.000000 3.768199
v 86.000000 116.857903 4.000000
v 86.000000 118.000000 3.825802
v 88.000000 116.703629 4.000000
v 88.000000 118.000000 3.738575
v 90.000000 116.008728 4.000000
v 90.000000 118.000000 3.535921
v 92.000000 118.000000 3.441873
v 94.000000 118.000000 3.283112
v 96.000000 118.000000 3.242008
v 98.000000 118.000000 3.343089
v 100.000000 118.000000 3.423806
v 102.000000 118.000000 3.370430
v 104.000000 118.000000 3.384401
v 106.000000 118.000000 3.504226
v 108.000000 118.000000 3.582483
v 110.000000 116.730888 4.000000
v 110.000000 118.000000 3.727782
v 112.000000 117.128075 4.000000
v 112.000000 118.000000 3.768867
v 114.000000 117.375092 4.000000
v 114.000000 118.000000 3.876621
v 114.819565 118.000000 4.000000
v 66.000000 120.000000 3.907434
v 65.334358 120.000000 4.000000
v 68.000000 120.000000 3.765087
v 69.417801 120.000000 4.000000
v 70.000000 119.102051 4.000000
v 72.000000 119.875038 4.000000
v 74.000000 120.000000 3.867581
v 72.174751 120.000000 4.000000
v 75.469185 120.000000 4.000000
v 76.000000 119.132248 4.000000
v 78.000000 118.740379 4.000000
v 80.000000 120.000000 3.871808
v 79.158379 120.000000 4.000000
v 82.000000 120.000000 3.815704
v 84.000000 120.000000 3.891028
v 85.309349 120.000000 4.000000
v 86.000000 119.478477 4.000000
v 88.000000 120.000000 3.956808
v 87.222237 120.000000 4.000000
v 90.000000 120.000000 3.763565
v 92.000000 120.000000 3.746027
v 94.000000 120.000000 3.554786
v 96.000000 120.000000 3.389160
v 98.000000 120.000000 3.473069
v 100.000000 120.000000 3.725936
v 102.000000 120.000000 3.661470
v 104.000000 120.000000 3.585240
v 106.000000 120.000000 3.919474
v 107.418854 120.000000 4.000000
v 108.000000 119.867340 4.000000
v 110.000000 120.000000 3.890218
v 108.432999 120.000000 4.000000
v 112.000000 120.000000 3.917629
v 112.929489 120.000000 4.000000
v 114.000000 119.139519 4.000000
v 66.000000 120.424477 4.000000
v 68.000000 120.906914 4.000000
v 74.000000 120.453560 4.000000
v 80.000000 120.401855 4.000000
v 82.000000 120.606186 4.000000
v 84.000000 120.503807 4.000000
v 88.000000 120.135529 4.000000
v 90.000000 120.643097 4.000000
v 92.000000 120.685875 4.000000
v 94.000000 121.078384 4.000000
v 96.000000 121.679688 4.000000
v 98.000000 121.552544 4.000000
v 100.000000 120.712921 4.000000
v 102.000000 120.836098 4.000000
v 104.000000 121.093575 4.000000
v 106.000000 120.231606 4.000000
v 110.000000 120.496826 4.000000
v 112.000000 120.541962 4.000000
v 66.000000 124.000000 3.709142
v 64.173698 124.000000 4.000000
v 66.000000 123.092926 4.000000
v 68.000000 123.061317 4.000000
v 68.000000 124.000000 3.728054
v 69.961380 124.000000 4.000000
v 74.000000 124.000000 3.974385
v 73.167358 124.000000 4.000000
v 74.000000 123.895683 4.000000
v 76.000000 123.972519 4.000000
v 76.000000 124.000000 3.992385
v 76.060448 124.000000 4.000000
v 80.000000 124.000000 3.961326
v 79.711502 124.000000 4.000000
v 80.000000 123.861397 4.000000
v 82.000000 123.190231 4.000000
v 82.000000 124.000000 3.729509
v 84.000000 122.913193 4.000000
v 84.000000 124.000000 3.644901
v 86.000000 123.496834 4.000000
v 86.000000 124.000000 3.878060
v 87.801491 124.000000 4.000000
v 90.000000 124.000000 3.975852
v 88.744888 124.000000 4.000000
v 90.000000 123.908478 4.000000
v 92.000000 123.597954 4.000000
v 92.000000 124.000000 3.869140
v 94.000000 123.229912 4.000000
v 94.000000 124.000000 3.746438
v 96.000000 122.379379 4.000000
v 96.000000 124.000000 3.494292
v 98.000000 122.545914 4.000000
v 98.000000 124.000000 3.584158
v 100.000000 123.750679 4.000000
v 100.000000 124.000000 3.930260
v 102.000000 123.884674 4.000000
v 102.000000 124.000000 3.972820
v 104.000000 123.774849 4.000000
v 104.000000 124.000000 3.954159
v 104.658356 124.000000 4.000000
v 110.000000 124.000000 3.838525
v 108.226776 124.000000 4.000000
v 110.000000 123.357483 4.000000
v 112.000000 122.827408 4.000000
v 112.000000 124.000000 3.696776
v 114.000000 122.817574 4.000000
v 114.000000 124.000000 3.652675
v 115.962158 124.000000 4.000000
v 40.000000 126.000000 3.874221
v 39.249039 126.000000 4.000000
v 40.000000 125.774628 4.000000
v 42.000000 125.459511 4.000000
v 42.000000 126.000000 3.694973
v 44.000000 125.617607 4.000000
v 44.000000 126.000000 3.760090
v 46.000000 125.819435 4.000000
v 46.000000 126.000000 3.884839
v 48.000000 125.519226 4.000000
v 48.000000 126.000000 3.698386
v 50.000000 125.055298 4.000000
v 50.000000 126.000000 3.436236
v 52.000000 124.953926 4.000000
v 52.000000 126.000000 3.408319
v 54.000000 125.584213 4.000000
v 54.000000 126.000000 3.792737
v 55.155796 126.000000 4.000000
v 58.000000 126.000000 3.813314
v 56.848370 126.000000 4.000000
v 58.000000 125.535042 4.000000
v 60.000000 124.678505 4.000000
v 60.000000 126.000000 3.315451
v 62.000000 124.414978 4.000000
v 62.000000 126.000000 3.162991
v 64.000000 124.054512 4.000000
v 64.000000 126.000000 3.058923
v 66.000000 126.000000 2.896767
v 68.000000 126.000000 2.880861
v 70.000000 124.011398 4.000000
v 70.000000 126.000000 3.171498
v 72.000000 124.108879 4.000000
v 72.000000 126.000000 3.432789
v 74.000000 126.000000 3.328560
v 76.000000 126.000000 3.207103
v 78.000000 124.473633 4.000000
v 78.000000 126.000000 3.300205
v 80.000000 126.000000 3.163443
v 82.000000 126.000000 2.938227
v 84.000000 126.000000 2.847984
v 86.000000 126.000000 3.170856
v 88.000000 124.037292 4.000000
v 88.000000 126.000000 3.335690
v 90.000000 126.000000 3.210987
v 92.000000 126.000000 3.094289
v 94.000000 126.000000 3.026796
v 96.000000 126.000000 2.801894
v 98.000000 126.000000 2.765085
v 100.000000 126.000000 3.190604
v 102.000000 126.000000 3.297505
v 104.000000 126.000000 3.218137
v 106.000000 124.196472 4.000000
v 106.000000 126.000000 3.252895
v 108.000000 124.054390 4.000000
v 108.000000 126.000000 3.325049
v 110.000000 126.000000 3.208677
v 112.000000 126.000000 2.929718
v 114.000000 126.000000 2.951396
v 116.000000 124.017548 4.000000
v 116.000000 126.000000 3.290824
v 118.000000 124.199356 4.000000
v 118.000000 126.000000 3.349625
v 120.000000 124.174294 4.000000
v 120.000000 126.000000 3.184798
v 122.000000 124.768127 4.000000
v 122.000000 126.000000 3.343563
v 124.000000 125.489227 4.000000
v 124.000000 126.000000 3.730847
v 126.000000 124.945992 4.000000
v 126.000000 126.000000 3.487898
v 128.000000 124.691200 4.000000
v 128.000000 126.000000 3.263506
v 130.000000 124.872307 4.000000
v 130.000000 126.000000 3.371758
v 132.000000 125.547882 4.000000
v 132.000000 126.000000 3.773519
v 133.194321 126.000000 4.000000
v 136.000000 126.000000 3.999009
v 135.987930 126.000000 4.000000
v 136.000000 125.997978 4.000000
v 138.000000 125.645119 4.000000
v 138.000000 126.000000 3.829059
v 140.000000 125.473885 4.000000
v 140.000000 126.000000 3.741628
v 141.675156 126.000000 4.000000
v 152.000000 126.000000 3.987386
v 151.920761 126.000000 4.000000
v 152.000000 125.971756 4.000000
v 154.000000 124.929733 4.000000
v 154.000000 126.000000 3.487448
v 156.000000 124.632439 4.000000
v 156.000000 126.000000 3.370527
v 158.000000 125.888390 4.000000
v 158.000000 126.000000 3.948498
v 158.227997 126.000000 4.000000
v 6.000000 128.000000 3.987080
v 5.934140 128.000000 4.000000
v 6.000000 127.954170 4.000000
v 6.431853 128.000000 4.000000
v 22.000000 128.000000 3.889684
v 20.943529 128.000000 4.000000
v 22.000000 127.190086 4.000000
v 24.000000 126.145500 4.000000
v 24.000000 128.000000 3.814674
v 26.000000 127.514175 4.000000
v 26.000000 128.000000 3.941103
v 28.000000 127.215897 4.000000
v 28.000000 128.000000 3.874795
v 30.000000 126.996613 4.000000
v 30.000000 128.000000 3.753415
v 32.000000 127.436699 4.000000
v 32.000000 128.000000 3.864457
v 34.000000 127.739639 4.000000
v 34.000000 128.000000 3.922801
v 36.000000 127.929878 4.000000
v 36.000000 128.000000 3.982430
v 38.000000 127.077621 4.000000
v 38.000000 128.000000 3.818323
v 40.000000 128.000000 3.515750
v 42.000000 128.000000 3.376745
v 44.000000 128.000000 3.450774
v 46.000000 128.000000 3.536133
v 48.000000 128.000000 3.363805
v 50.000000 128.000000 3.258260
v 52.000000 128.000000 3.275199
v 54.000000 128.000000 3.574523
v 56.000000 126.699753 4.000000
v 56.000000 128.000000 3.747365
v 58.000000 128.000000 3.519814
v 60.000000 128.000000 3.026511
v 62.000000 128.000000 2.916641
v 64.000000 128.000000 2.906292
v 66.000000 128.000000 2.886675
v 68.000000 128.000000 2.863765
v 70.000000 128.000000 3.117743
v 72.000000 128.000000 3.350465
v 74.000000 128.000000 3.239139
v 76.000000 128.000000 3.108696
v 78.000000 128.000000 3.185840
v 80.000000 128.000000 3.065333
v 82.000000 128.000000 2.829259
v 84.000000 128.000000 2.770304
v 86.000000 128.000000 3.096468
v 88.000000 128.000000 3.166651
v 90.000000 128.000000 3.076297
v 92.000000 128.000000 3.032393
v 94.000000 128.000000 2.954643
v 96.000000 128.000000 2.715533
v 98.000000 128.000000 2.736784
v 100.000000 128.000000 3.098921
v 102.000000 128.000000 3.135740
v 104.000000 128.000000 3.124891
v 106.000000 128.000000 3.187854
v 108.000000 128.000000 3.273963
v 110.000000 128.000000 3.117089
v 112.000000 128.000000 2.776963
v 114.000000 128.000000 2.839086
v 116.000000 128.000000 3.170398
v 118.000000 128.000000 3.151826
v 120.000000 128.000000 2.957861
v 122.000000 128.000000 3.096003
v 124.000000 128.000000 3.431129
v 126.000000 128.000000 3.358698
v 128.000000 128.000000 2.997434
v 130.000000 128.000000 3.065421
v 132.000000 128.000000 3.485435
v 134.000000 126.849243 4.000000
v 134.000000 128.000000 3.793725
v 136.000000 128.000000 3.652245
v 138.000000 128.000000 3.551414
v 140.000000 128.000000 3.456426
v 142.000000 126.192383 4.000000
v 142.000000 128.000000 3.567046
v 144.000000 127.723938 4.000000
v 144.000000 128.000000 3.920184
v 146.000000 127.968498 4.000000
v 146.000000 128.000000 3.991571
v 146.751053 128.000000 4.000000
v 150.000000 128.000000 3.813437
v 148.124969 128.000000 4.000000
v 150.000000 127.195892 4.000000
v 152.000000 128.000000 3.598644
v 154.000000 128.000000 3.255989
v 156.000000 128.000000 3.242667
v 158.000000 128.000000 3.565633
v 160.000000 127.355324 4.000000
v 160.000000 128.000000 3.831453
v 160.836609 128.000000 4.000000
v 172.000000 128.000000 3.992009
v 171.917908 128.000000 4.000000
v 172.000000 127.961342 4.000000
v 174.000000 127.671585 4.000000
v 174.000000 128.000000 3.931704
v 175.080338 128.000000 4.000000
v 6.000000 128.056076 4.000000
v 22.000000 129.017761 4.000000
v 24.000000 129.067749 4.000000
v 26.000000 128.297256 4.000000
v 28.000000 128.613815 4.000000
v 30.000000 129.937576 4.000000
v 32.000000 130.000000 3.924059
v 30.185982 130.000000 4.000000
v 32.962887 130.000000 4.000000
v 34.000000 128.985764 4.000000
v 36.000000 128.176926 4.000000
v 38.000000 129.798141 4.000000
v 40.000000 130.000000 3.740453
v 38.136292 130.000000 4.000000
v 42.000000 130.000000 3.602102
v 44.000000 130.000000 3.781513
v 46.000000 130.000000 3.979370
v 48.000000 130.000000 3.851406
v 50.000000 130.000000 3.625553
v 52.000000 130.000000 3.429208
v 54.000000 130.000000 3.643874
v 56.000000 130.000000 3.911330
v 57.117046 130.000000 4.000000
v 58.000000 129.754684 4.000000
v 60.000000 130.000000 3.492859
v 58.225384 130.000000 4.000000
v 62.000000 130.000000 3.395492
v 64.000000 130.000000 3.419319
v 66.000000 130.000000 3.366409
v 68.000000 130.000000 3.364197
v 70.000000 130.000000 3.508690
v 72.000000 130.000000 3.558677
v 74.000000 130.000000 3.504432
v 76.000000 130.000000 3.495133
v 78.000000 130.000000 3.563049
v 80.000000 130.000000 3.536234
v 82.000000 130.000000 3.331969
v 84.000000 130.000000 3.146121
v 86.000000 130.000000 3.412424
v 88.000000 130.000000 3.438766
v 90.000000 130.000000 3.475613
v 92.000000 130.000000 3.482995
v 94.000000 130.000000 3.382644
v 96.000000 130.000000 3.179620
v 98.000000 130.000000 3.179146
v 100.000000 130.000000 3.524156
v 102.000000 130.000000 3.465757
v 104.000000 130.000000 3.503598
v 106.000000 130.000000 3.604389
v 108.000000 130.000000 3.689523
v 110.000000 130.000000 3.520790
v 112.000000 130.000000 3.256881
v 114.000000 130.000000 3.281034
v 116.000000 130.000000 3.515302
v 118.000000 130.000000 3.598068
v 120.000000 130.000000 3.543341
v 122.000000 130.000000 3.681489
v 123.800507 130.000000 4.000000
v 124.000000 129.872513 4.000000
v 126.000000 130.000000 3.836509
v 124.385803 130.000000 4.000000
v 128.000000 130.000000 3.447951
v 130.000000 130.000000 3.549760
v 132.000000 130.000000 3.959321
v 132.563614 130.000000 4.000000
v 134.000000 129.302383 4.000000
v 136.000000 129.860443 4.000000
v 138.000000 130.000000 3.818256
v 136.259323 130.000000 4.000000
v 140.000000 130.000000 3.656856
v 142.000000 130.000000 3.822709
v 143.884094 130.000000 4.000000
v 144.000000 129.734116 4.000000
v 146.000000 128.116379 4.000000
v 148.000000 129.159760 4.000000
v 148.000000 130.000000 3.990243
v 147.861435 130.000000 4.000000
v 150.000000 130.000000 3.838195
v 152.000000 130.000000 3.557015
v 154.000000 130.000000 3.344628
v 156.000000 130.000000 3.415558
v 158.000000 130.000000 3.784344
v 159.695938 130.000000 4.000000
v 160.000000 129.649445 4.000000
v 172.000000 130.000000 3.752218
v 170.677368 130.000000 4.000000
v 174.000000 130.000000 3.713653
v 176.000000 128.360748 4.000000
v 176.000000 130.000000 3.764749
v 177.832474 130.000000 4.000000
v 204.000000 130.000000 3.963115
v 203.335907 130.000000 4.000000
v 204.000000 129.698227 4.000000
v 204.620392 130.000000 4.000000
v 262.000000 130.000000 3.998443
v 261.995819 130.000000 4.000000
v 262.000000 129.966095 4.000000
v 262.011230 130.000000 4.000000
v 32.000000 130.484924 4.000000
v 40.000000 131.113907 4.000000
v 42.000000 132.000000 3.916055
v 41.467960 132.000000 4.000000
v 44.000000 132.000000 3.968123
v 44.231087 132.000000 4.000000
v 46.000000 130.168716 4.000000
v 48.000000 130.955444 4.000000
v 50.000000 132.000000 3.958647
v 49.630558 132.000000 4.000000
v 52.000000 132.000000 3.675105
v 54.000000 132.000000 3.828794
v 55.193123 132.000000 4.000000
v 56.000000 130.856339 4.000000
v 60.000000 132.000000 3.891727
v 59.534176 132.000000 4.000000
v 62.000000 132.000000 3.655684
v 64.000000 132.000000 3.542233
v 66.000000 132.000000 3.611240
v 68.000000 132.000000 3.569214
v 70.000000 132.000000 3.576524
v 72.000000 132.000000 3.845827
v 74.000000 132.000000 3.749361
v 76.000000 132.000000 3.670259
v 78.000000 132.000000 3.630490
v 80.000000 132.000000 3.741028
v 82.000000 132.000000 3.520796
v 84.000000 132.000000 3.231538
v 86.000000 132.000000 3.526488
v 88.000000 132.000000 3.741458
v 90.000000 132.000000 3.701846
v 92.000000 132.000000 3.684385
v 94.000000 132.000000 3.627606
v 96.000000 132.000000 3.413538
v 98.000000 132.000000 3.398601
v 100.000000 132.000000 3.730042
v 102.000000 132.000000 3.697159
v 104.000000 132.000000 3.810821
v 106.000000 132.000000 3.818001
v 108.000000 132.000000 3.925986
v 110.000000 132.000000 3.727008
v 112.000000 132.000000 3.406187
v 114.000000 132.000000 3.304465
v 116.000000 132.000000 3.619552
v 118.000000 132.000000 3.717034
v 120.000000 132.000000 3.846560
v 121.581635 132.000000 4.000000
v 122.000000 131.778214 4.000000
v 126.000000 130.806503 4.000000
v 128.000000 132.000000 3.680904
v 126.848701 132.000000 4.000000
v 130.000000 132.000000 3.787374
v 130.956009 132.000000 4.000000
v 132.000000 130.309021 4.000000
v 138.000000 132.000000 3.951827
v 137.685043 132.000000 4.000000
v 140.000000 132.000000 3.795561
v 141.850082 132.000000 4.000000
v 142.000000 131.830780 4.000000
v 148.000000 130.592758 4.000000
v 150.000000 132.000000 3.860660
v 148.276627 132.000000 4.000000
v 152.000000 132.000000 3.563011
v 154.000000 132.000000 3.305553
v 156.000000 132.000000 3.384793
v 158.000000 132.000000 3.709055
v 159.771561 132.000000 4.000000
v 172.000000 132.000000 3.661879
v 170.238892 132.000000 4.000000
v 174.000000 132.000000 3.590259
v 176.000000 132.000000 3.730692
v 177.949921 132.000000 4.000000
v 186.000000 132.000000 3.961622
v 185.697311 132.000000 4.000000
v 186.000000 131.124451 4.000000
v 188.000000 130.799469 4.000000
v 188.000000 132.000000 3.887357
v 188.641922 132.000000 4.000000
v 202.000000 132.000000 3.758601
v 200.918823 132.000000 4.000000
v 202.000000 130.445938 4.000000
v 204.000000 132.000000 3.683276
v 206.000000 131.065903 4.000000
v 206.000000 132.000000 3.930694
v 206.999527 132.000000 4.000000
v 248.000000 132.000000 3.999982
v 247.999649 132.000000 4.000000
v 248.000000 131.999832 4.000000
v 248.000061 132.000000 4.000000
v 262.000000 132.000000 3.846190
v 261.531555 132.000000 4.000000
v 263.423218 132.000000 4.000000
v 276.000000 132.000000 3.931619
v 275.807587 132.000000 4.000000
v 276.000000 131.022949 4.000000
v 278.000000 131.311111 4.000000
v 278.000000 132.000000 3.947559
v 278.166138 132.000000 4.000000
v 4.000000 134.000000 3.953510
v 3.663278 134.000000 4.000000
v 4.000000 133.856384 4.000000
v 6.000000 133.021011 4.000000
v 6.000000 134.000000 3.628906
v 8.000000 133.053009 4.000000
v 8.000000 134.000000 3.667176
v 9.212526 134.000000 4.000000
v 22.000000 134.000000 3.966479
v 21.427475 134.000000 4.000000
v 22.000000 133.861374 4.000000
v 22.309835 134.000000 4.000000
v 32.000000 134.000000 3.974414
v 31.403507 134.000000 4.000000
v 32.000000 133.801407 4.000000
v 32.324142 134.000000 4.000000
v 40.000000 134.000000 3.771317
v 38.650154 134.000000 4.000000
v 40.000000 132.936996 4.000000
v 42.000000 134.000000 3.687665
v 44.000000 134.000000 3.819564
v 46.000000 133.233887 4.000000
v 46.000000 134.000000 3.860124
v 48.000000 132.770706 4.000000
v 48.000000 134.000000 3.755642
v 50.000000 134.000000 3.645311
v 52.000000 134.000000 3.539690
v 54.000000 134.000000 3.806347
v 55.276115 134.000000 4.000000
v 58.000000 134.000000 3.980802
v 57.691120 134.000000 4.000000
v 58.000000 133.887115 4.000000
v 60.000000 134.000000 3.689540
v 62.000000 134.000000 3.515874
v 64.000000 134.000000 3.399175
v 66.000000 134.000000 3.406419
v 68.000000 134.000000 3.434553
v 70.000000 134.000000 3.563501
v 72.000000 134.000000 3.694512
v 74.000000 134.000000 3.609161
v 76.000000 134.000000 3.523722
v 78.000000 134.000000 3.480902
v 80.000000 134.000000 3.642687
v 82.000000 134.000000 3.371958
v 84.000000 134.000000 3.190568
v 86.000000 134.000000 3.549540
v 88.000000 134.000000 3.726979
v 90.000000 134.000000 3.617335
v 92.000000 134.000000 3.555109
v 94.000000 134.000000 3.488488
v 96.000000 134.000000 3.246669
v 98.000000 134.000000 3.277977
v 100.000000 134.000000 3.629647
v 102.000000 134.000000 3.586755
v 104.000000 134.000000 3.627735
v 106.000000 134.000000 3.702185
v 108.000000 134.000000 3.742389
v 110.000000 134.000000 3.544729
v 112.000000 134.000000 3.311910
v 114.000000 134.000000 3.245653
v 116.000000 134.000000 3.527832
v 118.000000 134.000000 3.609788
v 120.000000 134.000000 3.610411
v 122.000000 132.341644 4.000000
v 122.000000 134.000000 3.796041
v 123.305824 134.000000 4.000000
v 126.000000 134.000000 3.952672
v 125.410332 134.000000 4.000000
v 126.000000 133.672028 4.000000
v 128.000000 134.000000 3.568692
v 130.000000 134.000000 3.676661
v 131.852142 134.000000 4.000000
v 138.000000 134.000000 3.794325
v 136.473969 134.000000 4.000000
v 140.000000 134.000000 3.637633
v 142.000000 132.115387 4.000000
v 142.000000 134.000000 3.749759
v 143.565613 134.000000 4.000000
v 150.000000 134.000000 3.758755
v 148.042877 134.000000 4.000000
v 152.000000 134.000000 3.570790
v 154.000000 134.000000 3.588631
v 156.000000 134.000000 3.392422
v 158.000000 134.000000 3.436028
v 160.000000 132.339905 4.000000
v 160.000000 134.000000 3.825356
v 161.170853 134.000000 4.000000
v 170.000000 134.000000 3.883054
v 169.341354 134.000000 4.000000
v 170.000000 132.591309 4.000000
v 172.000000 134.000000 3.314779
v 174.000000 134.000000 3.233254
v 176.000000 134.000000 3.504412
v 178.000000 132.058014 4.000000
v 178.000000 134.000000 3.775250
v 180.000000 133.379578 4.000000
v 180.000000 134.000000 3.902043
v 181.251740 134.000000 4.000000
v 186.000000 134.000000 3.424364
v 184.012085 134.000000 4.000000
v 188.000000 134.000000 3.424047
v 190.000000 133.506531 4.000000
v 190.000000 134.000000 3.924762
v 190.351456 134.000000 4.000000
v 202.000000 134.000000 3.520052
v 200.027679 134.000000 4.000000
v 204.000000 134.000000 3.502135
v 206.000000 134.000000 3.719113
v 208.000000 132.671646 4.000000
v 208.000000 134.000000 3.869859
v 210.000000 133.777664 4.000000
v 210.000000 134.000000 3.970008
v 210.105255 134.000000 4.000000
v 246.000000 134.000000 3.796325
v 244.830261 134.000000 4.000000
v 246.000000 132.658066 4.000000
v 248.000000 134.000000 3.688607
v 249.225815 134.000000 4.000000
v 262.000000 134.000000 3.604686
v 260.726105 134.000000 4.000000
v 264.000000 132.444916 4.000000
v 264.000000 134.000000 3.779235
v 264.959137 134.000000 4.000000
v 276.000000 134.000000 3.634346
v 275.062775 134.000000 4.000000
v 278.000000 134.000000 3.688440
v 279.056610 134.000000 4.000000
v 352.000000 134.000000 3.862733
v 351.606110 134.000000 4.000000
v 352.000000 133.631973 4.000000
v 354.000000 133.757248 4.000000
v 354.000000 134.000000 3.919496
v 354.263763 134.000000 4.000000
v 0.000000 136.000000 3.674327
v 2.000000 134.624573 4.000000
v 2.000000 136.000000 3.542186
v 0.000000 135.031387 4.000000
v 4.000000 136.000000 3.389081
v 6.000000 136.000000 3.098185
v 8.000000 136.000000 3.069539
v 10.000000 134.559189 4.000000
v 10.000000 136.000000 3.485019
v 12.000000 135.408264 4.000000
v 12.000000 136.000000 3.765445
v 14.000000 135.327255 4.000000
v 14.000000 136.000000 3.741884
v 16.000000 135.120422 4.000000
v 16.000000 136.000000 3.696008
v 18.000000 134.968109 4.000000
v 18.000000 136.000000 3.664224
v 20.000000 134.186234 4.000000
v 20.000000 136.000000 3.410011
v 22.000000 136.000000 3.218434
v 24.000000 134.380615 4.000000
v 24.000000 136.000000 3.421222
v 26.000000 135.089890 4.000000
v 26.000000 136.000000 3.761977
v 28.000000 134.949661 4.000000
v 28.000000 136.000000 3.643842
v 30.000000 134.130844 4.000000
v 30.000000 136.000000 3.298260
v 32.000000 136.000000 3.343076
v 34.000000 134.344833 4.000000
v 34.000000 136.000000 3.475948
v 36.000000 134.327255 4.000000
v 36.000000 136.000000 3.481026
v 38.000000 134.251556 4.000000
v 38.000000 136.000000 3.359422
v 40.000000 136.000000 3.346181
v 42.000000 136.000000 3.368391
v 44.000000 136.000000 3.469266
v 46.000000 136.000000 3.442883
v 48.000000 136.000000 3.344739
v 50.000000 136.000000 3.329473
v 52.000000 136.000000 3.396623
v 54.000000 136.000000 3.669608
v 56.000000 134.724701 4.000000
v 56.000000 136.000000 3.813391
v 58.000000 136.000000 3.658706
v 60.000000 136.000000 3.303612
v 62.000000 136.000000 3.200233
v 64.000000 136.000000 3.085028
v 66.000000 136.000000 3.088075
v 68.000000 136.000000 3.233832
v 70.000000 136.000000 3.494388
v 72.000000 136.000000 3.428611
v 74.000000 136.000000 3.361831
v 76.000000 136.000000 3.385117
v 78.000000 136.000000 3.402258
v 80.000000 136.000000 3.395790
v 82.000000 136.000000 3.305589
v 84.000000 136.000000 3.127846
v 86.000000 136.000000 3.337816
v 88.000000 136.000000 3.386791
v 90.000000 136.000000 3.484821
v 92.000000 136.000000 3.381397
v 94.000000 136.000000 3.157402
v 96.000000 136.000000 3.073771
v 98.000000 136.000000 3.147478
v 100.000000 136.000000 3.445830
v 102.000000 136.000000 3.354947
v 104.000000 136.000000 3.407808
v 106.000000 136.000000 3.438565
v 108.000000 136.000000 3.506631
v 110.000000 136.000000 3.474977
v 112.000000 136.000000 3.365363
v 114.000000 136.000000 3.314369
v 116.000000 136.000000 3.348772
v 118.000000 136.000000 3.438096
v 120.000000 136.000000 3.357240
v 122.000000 136.000000 3.434322
v 124.000000 134.355728 4.000000
v 124.000000 136.000000 3.557490
v 126.000000 136.000000 3.507485
v 128.000000 136.000000 3.346672
v 130.000000 136.000000 3.366514
v 132.000000 134.138626 4.000000
v 132.000000 136.000000 3.688961
v 134.000000 135.130127 4.000000
v 134.000000 136.000000 3.878899
v 136.000000 134.625504 4.000000
v 136.000000 136.000000 3.864199
v 138.000000 136.000000 3.618345
v 140.000000 136.000000 3.315424
v 142.000000 136.000000 3.208167
v 144.000000 134.227875 4.000000
v 144.000000 136.000000 3.484086
v 146.000000 134.466217 4.000000
v 146.000000 136.000000 3.659209
v 148.000000 134.021698 4.000000
v 148.000000 136.000000 3.553990
v 150.000000 136.000000 3.388302
v 152.000000 136.000000 3.376440
v 154.000000 136.000000 3.445888
v 156.000000 136.000000 3.167388
v 158.000000 136.000000 3.159996
v 160.000000 136.000000 3.478810
v 162.000000 135.015961 4.000000
v 162.000000 136.000000 3.888486
v 162.786163 136.000000 4.000000
v 166.000000 136.000000 3.977328
v 165.751266 136.000000 4.000000
v 166.000000 135.891495 4.000000
v 168.000000 135.249435 4.000000
v 168.000000 136.000000 3.877038
v 170.000000 136.000000 3.505953
v 172.000000 136.000000 2.968122
v 174.000000 136.000000 2.961628
v 176.000000 136.000000 3.353430
v 178.000000 136.000000 3.581738
v 180.000000 136.000000 3.621912
v 182.000000 134.449310 4.000000
v 182.000000 136.000000 3.797121
v 184.000000 134.020020 4.000000
v 184.000000 136.000000 3.641682
v 186.000000 136.000000 2.967050
v 188.000000 136.000000 2.940503
v 190.000000 136.000000 3.635458
v 191.591629 136.000000 4.000000
v 200.000000 136.000000 3.624883
v 198.429718 136.000000 4.000000
v 200.000000 134.035797 4.000000
v 202.000000 136.000000 3.163655
v 204.000000 136.000000 3.278361
v 206.000000 136.000000 3.646456
v 208.000000 136.000000 3.789275
v 210.000000 136.000000 3.576032
v 211.946518 136.000000 4.000000
v 218.000000 136.000000 3.678745
v 216.376236 136.000000 4.000000
v 218.000000 134.839005 4.000000
v 220.000000 134.318420 4.000000
v 220.000000 136.000000 3.676450
v 220.957275 136.000000 4.000000
v 230.000000 136.000000 3.638423
v 228.802628 136.000000 4.000000
v 230.000000 134.551956 4.000000
v 232.000000 135.109848 4.000000
v 232.000000 136.000000 3.728109
v 233.572723 136.000000 4.000000
v 238.000000 136.000000 3.978454
v 237.865067 136.000000 4.000000
v 238.000000 135.917816 4.000000
v 240.000000 134.822937 4.000000
v 240.000000 136.000000 3.763166
v 242.000000 134.910049 4.000000
v 242.000000 136.000000 3.737144
v 244.000000 134.611618 4.000000
v 244.000000 136.000000 3.700993
v 246.000000 136.000000 3.401750
v 248.000000 136.000000 3.262327
v 250.000000 134.769043 4.000000
v 250.000000 136.000000 3.700038
v 251.442627 136.000000 4.000000
v 254.000000 136.000000 3.999157
v 253.987000 136.000000 4.000000
v 254.000000 135.996002 4.000000
v 256.000000 135.215729 4.000000
v 256.000000 136.000000 3.807323
v 258.000000 135.632294 4.000000
v 258.000000 136.000000 3.884290
v 260.000000 134.755844 4.000000
v 260.000000 136.000000 3.636797
v 262.000000 136.000000 3.026288
v 264.000000 136.000000 3.018773
v 266.000000 134.593781 4.000000
v 266.000000 136.000000 3.476351
v 268.000000 134.840622 4.000000
v 268.000000 136.000000 3.613940
v 270.000000 134.756653 4.000000
v 270.000000 136.000000 3.554746
v 272.000000 135.893005 4.000000
v 272.000000 136.000000 3.966780
v 274.000000 135.550797 4.000000
v 274.000000 136.000000 3.879828
v 276.000000 136.000000 3.168552
v 278.000000 136.000000 3.121663
v 280.000000 134.886688 4.000000
v 280.000000 136.000000 3.652908
v 282.000000 135.727966 4.000000
v 282.000000 136.000000 3.927344
v 284.000000 135.742905 4.000000
v 284.000000 136.000000 3.917880
v 284.784515 136.000000 4.000000
v 290.000000 136.000000 3.712017
v 288.736328 136.000000 4.000000
v 290.000000 135.152420 4.000000
v 292.000000 134.092758 4.000000
v 292.000000 136.000000 3.331615
v 294.000000 134.233734 4.000000
v 294.000000 136.000000 3.401516
v 296.000000 134.808411 4.000000
v 296.000000 136.000000 3.578346
v 298.000000 134.834320 4.000000
v 298.000000 136.000000 3.604477
v 300.000000 135.358002 4.000000
v 300.000000 136.000000 3.795372
v 301.267151 136.000000 4.000000
v 308.000000 136.000000 3.736003
v 306.537598 136.000000 4.000000
v 308.000000 135.189835 4.000000
v 310.000000 135.369644 4.000000
v 310.000000 136.000000 3.764067
v 310.917297 136.000000 4.000000
v 320.000000 136.000000 3.806386
v 318.705261 136.000000 4.000000
v 320.000000 135.494812 4.000000
v 322.000000 135.861679 4.000000
v 322.000000 136.000000 3.950168
v 322.392792 136.000000 4.000000
v 330.000000 136.000000 3.813238
v 328.191345 136.000000 4.000000
v 330.000000 135.515839 4.000000
v 332.000000 135.881989 4.000000
v 332.000000 136.000000 3.954522
v 333.852722 136.000000 4.000000
v 336.000000 136.000000 3.567002
v 334.014923 136.000000 4.000000
v 336.000000 134.974640 4.000000
v 338.000000 134.434021 4.000000
v 338.000000 136.000000 3.322076
v 340.000000 135.485397 4.000000
v 340.000000 136.000000 3.761911
v 341.069214 136.000000 4.000000
v 350.000000 136.000000 3.726019
v 348.587799 136.000000 4.000000
v 350.000000 135.258469 4.000000
v 352.000000 136.000000 3.006908
v 354.000000 136.000000 3.277825
v 355.925812 136.000000 4.000000
v 360.000000 136.000000 3.674327
v 358.143463 136.000000 4.000000
v 360.000000 135.031387 4.000000
v 2.000000 138.000000 3.567466
v 0.000000 138.000000 3.558574
v 4.000000 138.000000 3.518317
v 6.000000 138.000000 3.119333
v 8.000000 138.000000 3.080289
v 10.000000 138.000000 3.478728
v 12.000000 138.000000 3.708559
v 14.000000 138.000000 3.783055
v 16.000000 138.000000 3.781672
v 18.000000 138.000000 3.711501
v 20.000000 138.000000 3.449968
v 22.000000 138.000000 3.327635
v 24.000000 138.000000 3.559117
v 26.000000 138.000000 3.764745
v 28.000000 138.000000 3.695886
v 30.000000 138.000000 3.447284
v 32.000000 138.000000 3.388399
v 34.000000 138.000000 3.485319
v 36.000000 138.000000 3.543981
v 38.000000 138.000000 3.457088
v 40.000000 138.000000 3.422508
v 42.000000 138.000000 3.482498
v 44.000000 138.000000 3.537747
v 46.000000 138.000000 3.469602
v 48.000000 138.000000 3.450606
v 50.000000 138.000000 3.376445
v 52.000000 138.000000 3.450362
v 54.000000 138.000000 3.692431
v 56.000000 138.000000 3.706224
v 58.000000 138.000000 3.587389
v 60.000000 138.000000 3.381807
v 62.000000 138.000000 3.227757
v 64.000000 138.000000 3.042224
v 66.000000 138.000000 3.059231
v 68.000000 138.000000 3.257273
v 70.000000 138.000000 3.544391
v 72.000000 138.000000 3.419773
v 74.000000 138.000000 3.364532
v 76.000000 138.000000 3.551653
v 78.000000 138.000000 3.465636
v 80.000000 138.000000 3.402477
v 82.000000 138.000000 3.206320
v 84.000000 138.000000 3.098959
v 86.000000 138.000000 3.252015
v 88.000000 138.000000 3.372367
v 90.000000 138.000000 3.513485
v 92.000000 138.000000 3.362328
v 94.000000 138.000000 3.170147
v 96.000000 138.000000 3.095311
v 98.000000 138.000000 3.215547
v 100.000000 138.000000 3.421150
v 102.000000 138.000000 3.456519
v 104.000000 138.000000 3.556726
v 106.000000 138.000000 3.529855
v 108.000000 138.000000 3.444141
v 110.000000 138.000000 3.457594
v 112.000000 138.000000 3.324031
v 114.000000 138.000000 3.337040
v 116.000000 138.000000 3.482235
v 118.000000 138.000000 3.570538
v 120.000000 138.000000 3.454223
v 122.000000 138.000000 3.597026
v 124.000000 138.000000 3.674434
v 126.000000 138.000000 3.592411
v 128.000000 138.000000 3.464340
v 130.000000 138.000000 3.421793
v 132.000000 138.000000 3.636956
v 134.000000 138.000000 3.895976
v 136.000000 138.000000 3.981297
v 138.000000 138.000000 3.739146
v 140.000000 138.000000 3.384894
v 142.000000 138.000000 3.293608
v 144.000000 138.000000 3.581833
v 146.000000 138.000000 3.784261
v 148.000000 138.000000 3.723426
v 150.000000 138.000000 3.461356
v 152.000000 138.000000 3.478882
v 154.000000 138.000000 3.585347
v 156.000000 138.000000 3.366550
v 158.000000 138.000000 3.219571
v 160.000000 138.000000 3.658511
v 161.437790 138.000000 4.000000
v 162.000000 136.904266 4.000000
v 166.000000 136.174576 4.000000
v 168.000000 137.009827 4.000000
v 170.000000 138.000000 3.665327
v 168.532440 138.000000 4.000000
v 172.000000 138.000000 3.006816
v 174.000000 138.000000 3.029144
v 176.000000 138.000000 3.572189
v 178.000000 138.000000 3.715499
v 180.000000 138.000000 3.660949
v 182.000000 138.000000 3.876783
v 184.000000 138.000000 3.763893
v 186.000000 138.000000 3.000229
v 188.000000 138.000000 2.948306
v 190.000000 138.000000 3.731039
v 191.433182 138.000000 4.000000
v 200.000000 138.000000 3.642413
v 198.640350 138.000000 4.000000
v 202.000000 138.000000 3.245782
v 204.000000 138.000000 3.438511
v 206.000000 138.000000 3.849148
v 208.000000 138.000000 3.804162
v 210.000000 138.000000 3.527854
v 212.000000 136.340805 4.000000
v 212.000000 138.000000 3.932239
v 212.386810 138.000000 4.000000
v 218.000000 138.000000 3.706432
v 216.445068 138.000000 4.000000
v 220.000000 138.000000 3.685001
v 221.020767 138.000000 4.000000
v 230.000000 138.000000 3.594244
v 228.786102 138.000000 4.000000
v 232.000000 138.000000 3.628426
v 233.743500 138.000000 4.000000
v 238.000000 138.000000 3.922415
v 237.452454 138.000000 4.000000
v 240.000000 138.000000 3.684096
v 242.000000 138.000000 3.711642
v 244.000000 138.000000 3.696327
v 246.000000 138.000000 3.393345
v 248.000000 138.000000 3.244581
v 250.000000 138.000000 3.612156
v 251.788635 138.000000 4.000000
v 254.000000 138.000000 3.956299
v 253.068466 138.000000 4.000000
v 256.000000 138.000000 3.692442
v 258.000000 138.000000 3.771087
v 260.000000 138.000000 3.501380
v 262.000000 138.000000 2.861549
v 264.000000 138.000000 2.839394
v 266.000000 138.000000 3.431849
v 268.000000 138.000000 3.568922
v 270.000000 138.000000 3.441625
v 272.000000 138.000000 3.769544
v 274.000000 138.000000 3.663495
v 276.000000 138.000000 2.957227
v 278.000000 138.000000 2.920071
v 280.000000 138.000000 3.559250
v 282.000000 138.000000 3.877250
v 284.000000 138.000000 3.847762
v 285.581146 138.000000 4.000000
v 290.000000 138.000000 3.652896
v 288.311737 138.000000 4.000000
v 292.000000 138.000000 3.200171
v 294.000000 138.000000 3.295563
v 296.000000 138.000000 3.501042
v 298.000000 138.000000 3.440751
v 300.000000 138.000000 3.620642
v 301.726196 138.000000 4.000000
v 308.000000 138.000000 3.601968
v 306.070648 138.000000 4.000000
v 310.000000 138.000000 3.675061
v 311.235077 138.000000 4.000000
v 318.000000 138.000000 3.957123
v 317.827240 138.000000 4.000000
v 318.000000 137.442627 4.000000
v 320.000000 138.000000 3.625301
v 322.000000 138.000000 3.774053
v 323.915131 138.000000 4.000000
v 328.000000 138.000000 3.908106
v 327.064148 138.000000 4.000000
v 328.000000 136.364182 4.000000
v 330.000000 138.000000 3.583178
v 332.000000 138.000000 3.731669
v 334.000000 136.033020 4.000000
v 334.000000 138.000000 3.795576
v 336.000000 138.000000 3.414635
v 338.000000 138.000000 3.177317
v 340.000000 138.000000 3.499851
v 342.000000 137.409302 4.000000
v 342.000000 138.000000 3.917534
v 344.000000 136.897919 4.000000
v 344.000000 138.000000 3.885748
v 346.000000 136.370499 4.000000
v 346.000000 138.000000 3.835864
v 348.000000 137.299164 4.000000
v 348.000000 138.000000 3.932480
v 350.000000 138.000000 3.510764
v 352.000000 138.000000 2.821826
v 354.000000 138.000000 3.136251
v 356.000000 136.487289 4.000000
v 356.000000 138.000000 3.905588
v 358.000000 136.204010 4.000000
v 358.000000 138.000000 3.777788
v 360.000000 138.000000 3.558574
v 2.000000 140.000000 3.565003
v 0.000000 140.000000 3.543033
v 4.000000 140.000000 3.526812
v 6.000000 140.000000 3.148350
v 8.000000 140.000000 3.083587
v 10.000000 140.000000 3.520360
v 12.000000 140.000000 3.722656
v 14.000000 140.000000 3.790067
v 16.000000 140.000000 3.830598
v 18.000000 140.000000 3.727769
v 20.000000 140.000000 3.445306
v 22.000000 140.000000 3.250859
v 24.000000 140.000000 3.490667
v 26.000000 140.000000 3.696805
v 28.000000 140.000000 3.615641
v 30.000000 140.000000 3.475304
v 32.000000 140.000000 3.441741
v 34.000000 140.000000 3.565880
v 36.000000 140.000000 3.617809
v 38.000000 140.000000 3.501921
v 40.000000 140.000000 3.472685
v 42.000000 140.000000 3.609674
v 44.000000 140.000000 3.656592
v 46.000000 140.000000 3.665369
v 48.000000 140.000000 3.563629
v 50.000000 140.000000 3.413262
v 52.000000 140.000000 3.453581
v 54.000000 140.000000 3.690101
v 56.000000 140.000000 3.907812
v 58.000000 140.000000 3.794610
v 60.000000 140.000000 3.478457
v 62.000000 140.000000 3.404791
v 64.000000 140.000000 3.181642
v 66.000000 140.000000 3.168278
v 68.000000 140.000000 3.331467
v 70.000000 140.000000 3.472508
v 72.000000 140.000000 3.563333
v 74.000000 140.000000 3.516108
v 76.000000 140.000000 3.531757
v 78.000000 140.000000 3.496920
v 80.000000 140.000000 3.494000
v 82.000000 140.000000 3.140283
v 84.000000 140.000000 3.001689
v 86.000000 140.000000 3.206888
v 88.000000 140.000000 3.395818
v 90.000000 140.000000 3.498823
v 92.000000 140.000000 3.483052
v 94.000000 140.000000 3.387731
v 96.000000 140.000000 3.152952
v 98.000000 140.000000 3.206405
v 100.000000 140.000000 3.508904
v 102.000000 140.000000 3.619482
v 104.000000 140.000000 3.652214
v 106.000000 140.000000 3.540311
v 108.000000 140.000000 3.519273
v 110.000000 140.000000 3.509968
v 112.000000 140.000000 3.256919
v 114.000000 140.000000 3.212520
v 116.000000 140.000000 3.416927
v 118.000000 140.000000 3.537101
v 120.000000 140.000000 3.499428
v 122.000000 140.000000 3.601114
v 124.000000 140.000000 3.767398
v 126.000000 140.000000 3.699977
v 128.000000 140.000000 3.459501
v 130.000000 140.000000 3.465711
v 132.000000 140.000000 3.643292
v 134.000000 140.000000 3.797348
v 136.000000 140.000000 3.800774
v 138.000000 140.000000 3.675118
v 140.000000 140.000000 3.478994
v 142.000000 140.000000 3.529258
v 144.000000 140.000000 3.812203
v 146.000000 140.000000 3.925876
v 148.000000 140.000000 3.846864
v 150.000000 140.000000 3.473476
v 152.000000 140.000000 3.331424
v 154.000000 140.000000 3.329822
v 156.000000 140.000000 3.194736
v 158.000000 140.000000 3.117500
v 160.000000 140.000000 3.512581
v 162.000000 139.794144 4.000000
v 162.000000 140.000000 3.983487
v 162.236557 140.000000 4.000000
v 168.000000 140.000000 3.931041
v 167.269714 140.000000 4.000000
v 168.000000 139.336609 4.000000
v 170.000000 140.000000 3.487344
v 172.000000 140.000000 2.970865
v 174.000000 140.000000 3.011521
v 176.000000 140.000000 3.551302
v 178.000000 140.000000 3.677393
v 180.000000 140.000000 3.495940
v 182.000000 140.000000 3.590076
v 184.000000 140.000000 3.380901
v 186.000000 140.000000 2.772825
v 188.000000 140.000000 2.763478
v 190.000000 140.000000 3.473405
v 192.000000 139.094025 4.000000
v 192.000000 140.000000 3.897772
v 194.000000 138.651978 4.000000
v 194.000000 140.000000 3.887574
v 195.919403 140.000000 4.000000
v 198.000000 140.000000 3.912048
v 196.097000 140.000000 4.000000
v 198.000000 139.351746 4.000000
v 200.000000 140.000000 3.501580
v 202.000000 140.000000 3.107301
v 204.000000 140.000000 3.315458
v 206.000000 140.000000 3.685745
v 208.000000 140.000000 3.823554
v 210.000000 140.000000 3.500138
v 212.000000 140.000000 3.905376
v 212.521027 140.000000 4.000000
v 216.000000 140.000000 3.972881
v 215.821381 140.000000 4.000000
v 216.000000 139.541138 4.000000
v 218.000000 140.000000 3.627428
v 220.000000 140.000000 3.522608
v 221.683258 140.000000 4.000000
v 230.000000 140.000000 3.485050
v 228.366501 140.000000 4.000000
v 232.000000 140.000000 3.612950
v 234.000000 139.835693 4.000000
v 234.000000 140.000000 3.993710
v 234.085785 140.000000 4.000000
v 238.000000 140.000000 3.821348
v 236.871765 140.000000 4.000000
v 240.000000 140.000000 3.500078
v 242.000000 140.000000 3.620252
v 244.000000 140.000000 3.673855
v 246.000000 140.000000 3.333160
v 248.000000 140.000000 3.216867
v 250.000000 140.000000 3.475781
v 252.000000 138.516861 4.000000
v 252.000000 140.000000 3.847565
v 254.000000 140.000000 3.833870
v 256.000000 140.000000 3.677524
v 258.000000 140.000000 3.806075
v 260.000000 140.000000 3.487132
v 262.000000 140.000000 2.917433
v 264.000000 140.000000 2.856201
v 266.000000 140.000000 3.475510
v 268.000000 140.000000 3.608276
v 270.000000 140.000000 3.508211
v 272.000000 140.000000 3.888394
v 274.000000 140.000000 3.745016
v 276.000000 140.000000 3.022747
v 278.000000 140.000000 2.973647
v 280.000000 140.000000 3.523655
v 282.000000 140.000000 3.842063
v 284.000000 140.000000 3.818296
v 285.926361 140.000000 4.000000
v 290.000000 140.000000 3.564593
v 288.189514 140.000000 4.000000
v 292.000000 140.000000 3.161758
v 294.000000 140.000000 3.153973
v 296.000000 140.000000 3.402651
v 298.000000 140.000000 3.451244
v 300.000000 140.000000 3.562844
v 301.671387 140.000000 4.000000
v 308.000000 140.000000 3.727348
v 306.678528 140.000000 4.000000
v 310.000000 140.000000 3.613208
v 311.406616 140.000000 4.000000
v 318.000000 140.000000 3.978438
v 317.912170 140.000000 4.000000
v 320.000000 140.000000 3.619299
v 322.000000 140.000000 3.789880
v 323.407288 140.000000 4.000000
v 328.000000 139.435822 4.000000
v 330.000000 140.000000 3.651091
v 328.198151 140.000000 4.000000
v 332.000000 140.000000 3.794874
v 334.000000 140.000000 3.896087
v 336.000000 140.000000 3.451199
v 338.000000 140.000000 3.187154
v 340.000000 140.000000 3.593416
v 341.734833 140.000000 4.000000
v 342.000000 139.199570 4.000000
v 344.000000 139.861221 4.000000
v 346.000000 140.000000 3.869817
v 344.132996 140.000000 4.000000
v 348.000000 140.000000 3.932202
v 350.000000 140.000000 3.563687
v 352.000000 140.000000 2.870050
v 354.000000 140.000000 3.122743
v 356.000000 140.000000 3.703487
v 358.000000 140.000000 3.664216
v 360.000000 140.000000 3.543033
v 2.000000 142.000000 3.342893
v 0.000000 142.000000 3.336143
v 4.000000 142.000000 3.229010
v 6.000000 142.000000 2.856865
v 8.000000 142.000000 2.849756
v 10.000000 142.000000 3.221105
v 12.000000 142.000000 3.442667
v 14.000000 142.000000 3.500308
v 16.000000 142.000000 3.523286
v 18.000000 142.000000 3.477668
v 20.000000 142.000000 3.165236
v 22.000000 142.000000 2.974123
v 24.000000 142.000000 3.208455
v 26.000000 142.000000 3.479425
v 28.000000 142.000000 3.377989
v 30.000000 142.000000 3.227731
v 32.000000 142.000000 3.247510
v 34.000000 142.000000 3.308619
v 36.000000 142.000000 3.340351
v 38.000000 142.000000 3.294332
v 40.000000 142.000000 3.297543
v 42.000000 142.000000 3.373895
v 44.000000 142.000000 3.440526
v 46.000000 142.000000 3.603887
v 48.000000 142.000000 3.539700
v 50.000000 142.000000 3.283122
v 52.000000 142.000000 3.198543
v 54.000000 142.000000 3.451556
v 56.000000 142.000000 3.849890
v 58.000000 142.000000 3.673905
v 60.000000 142.000000 3.412737
v 62.000000 142.000000 3.366383
v 64.000000 142.000000 3.262349
v 66.000000 142.000000 3.178237
v 68.000000 142.000000 3.161282
v 70.000000 142.000000 3.310911
v 72.000000 142.000000 3.469704
v 74.000000 142.000000 3.393302
v 76.000000 142.000000 3.227290
v 78.000000 142.000000 3.303594
v 80.000000 142.000000 3.325816
v 82.000000 142.000000 2.894952
v 84.000000 142.000000 2.691242
v 86.000000 142.000000 2.869186
v 88.000000 142.000000 3.149490
v 90.000000 142.000000 3.286991
v 92.000000 142.000000 3.387821
v 94.000000 142.000000 3.440731
v 96.000000 142.000000 3.126956
v 98.000000 142.000000 2.959786
v 100.000000 142.000000 3.324152
v 102.000000 142.000000 3.576954
v 104.000000 142.000000 3.479485
v 106.000000 142.000000 3.334334
v 108.000000 142.000000 3.460157
v 110.000000 142.000000 3.370620
v 112.000000 142.000000 3.108423
v 114.000000 142.000000 3.033202
v 116.000000 142.000000 3.240251
v 118.000000 142.000000 3.341045
v 120.000000 142.000000 3.302380
v 122.000000 142.000000 3.533328
v 124.000000 142.000000 3.732608
v 126.000000 142.000000 3.541831
v 128.000000 142.000000 3.269663
v 130.000000 142.000000 3.239170
v 132.000000 142.000000 3.490399
v 134.000000 142.000000 3.701257
v 136.000000 142.000000 3.764659
v 138.000000 142.000000 3.613153
v 140.000000 142.000000 3.262847
v 142.000000 142.000000 3.239949
v 144.000000 142.000000 3.457532
v 146.000000 142.000000 3.576383
v 148.000000 142.000000 3.548858
v 150.000000 142.000000 3.226083
v 152.000000 142.000000 3.078168
v 154.000000 142.000000 3.010160
v 156.000000 142.000000 2.819992
v 158.000000 142.000000 2.794278
v 160.000000 142.000000 3.161781
v 162.000000 142.000000 3.684867
v 164.000000 141.298019 4.000000
v 164.000000 142.000000 3.931805
v 166.000000 140.639587 4.000000
v 166.000000 142.000000 3.750930
v 168.000000 142.000000 3.625873
v 170.000000 142.000000 3.321967
v 172.000000 142.000000 2.809830
v 174.000000 142.000000 2.752620
v 176.000000 142.000000 3.267325
v 178.000000 142.000000 3.534049
v 180.000000 142.000000 3.273947
v 182.000000 142.000000 3.296368
v 184.000000 142.000000 3.160189
v 186.000000 142.000000 2.532485
v 188.000000 142.000000 2.436126
v 190.000000 142.000000 3.142261
v 192.000000 142.000000 3.754641
v 194.000000 142.000000 3.691622
v 196.000000 140.049332 4.000000
v 196.000000 142.000000 3.811044
v 198.000000 142.000000 3.564679
v 200.000000 142.000000 3.235447
v 202.000000 142.000000 2.857469
v 204.000000 142.000000 2.953256
v 206.000000 142.000000 3.299252
v 208.000000 142.000000 3.343012
v 210.000000 142.000000 3.227597
v 212.000000 142.000000 3.694995
v 213.499939 142.000000 4.000000
v 216.000000 142.000000 3.883922
v 214.950790 142.000000 4.000000
v 218.000000 142.000000 3.290285
v 220.000000 142.000000 3.087695
v 222.000000 140.422119 4.000000
v 222.000000 142.000000 3.671186
v 222.907791 142.000000 4.000000
v 228.000000 142.000000 3.815740
v 227.440933 142.000000 4.000000
v 228.000000 140.812561 4.000000
v 230.000000 142.000000 3.174835
v 232.000000 142.000000 3.323567
v 234.000000 142.000000 3.640522
v 236.000000 140.859604 4.000000
v 236.000000 142.000000 3.816844
v 238.000000 142.000000 3.534956
v 240.000000 142.000000 3.127784
v 242.000000 142.000000 3.185423
v 244.000000 142.000000 3.245166
v 246.000000 142.000000 3.055257
v 248.000000 142.000000 3.016548
v 250.000000 142.000000 3.381716
v 252.000000 142.000000 3.686292
v 254.000000 142.000000 3.657909
v 256.000000 142.000000 3.596705
v 258.000000 142.000000 3.681739
v 260.000000 142.000000 3.373832
v 262.000000 142.000000 2.779612
v 264.000000 142.000000 2.714720
v 266.000000 142.000000 3.322622
v 268.000000 142.000000 3.427497
v 270.000000 142.000000 3.377249
v 272.000000 142.000000 3.617111
v 274.000000 142.000000 3.525004
v 276.000000 142.000000 2.843998
v 278.000000 142.000000 2.866741
v 280.000000 142.000000 3.427617
v 282.000000 142.000000 3.736875
v 284.000000 142.000000 3.732017
v 286.000000 140.085541 4.000000
v 286.000000 142.000000 3.834130
v 288.000000 140.711166 4.000000
v 288.000000 142.000000 3.903679
v 290.000000 142.000000 3.439008
v 292.000000 142.000000 3.051280
v 294.000000 142.000000 2.936336
v 296.000000 142.000000 3.151073
v 298.000000 142.000000 3.233690
v 300.000000 142.000000 3.293518
v 302.000000 140.542191 4.000000
v 302.000000 142.000000 3.738849
v 303.416290 142.000000 4.000000
v 306.000000 142.000000 3.911542
v 305.060303 142.000000 4.000000
v 306.000000 141.261963 4.000000
v 308.000000 142.000000 3.580678
v 310.000000 142.000000 3.454055
v 312.000000 141.034866 4.000000
v 312.000000 142.000000 3.832034
v 312.557404 142.000000 4.000000
v 318.000000 142.000000 3.764996
v 317.108734 142.000000 4.000000
v 320.000000 142.000000 3.453953
v 322.000000 142.000000 3.682762
v 323.671112 142.000000 4.000000
v 328.000000 142.000000 3.925449
v 327.432587 142.000000 4.000000
v 328.000000 140.739853 4.000000
v 330.000000 142.000000 3.537236
v 332.000000 142.000000 3.726500
v 334.000000 142.000000 3.765725
v 336.000000 142.000000 3.266774
v 338.000000 142.000000 3.061664
v 340.000000 142.000000 3.581760
v 342.000000 140.995834 4.000000
v 342.000000 142.000000 3.933371
v 344.000000 140.081421 4.000000
v 344.000000 142.000000 3.778317
v 346.000000 142.000000 3.609096
v 348.000000 142.000000 3.717072
v 350.000000 142.000000 3.392519
v 352.000000 142.000000 2.676622
v 354.000000 142.000000 2.869381
v 356.000000 142.000000 3.467313
v 358.000000 142.000000 3.492969
v 360.000000 142.000000 3.336143
v 2.000000 144.000000 3.307606
v 0.000000 144.000000 3.257812
v 4.000000 144.000000 3.132657
v 6.000000 144.000000 2.757921
v 8.000000 144.000000 2.791603
v 10.000000 144.000000 3.262412
v 12.000000 144.000000 3.467167
v 14.000000 144.000000 3.342144
v 16.000000 144.000000 3.453392
v 18.000000 144.000000 3.493366
v 20.000000 144.000000 3.247468
v 22.000000 144.000000 3.050119
v 24.000000 144.000000 3.376081
v 26.000000 144.000000 3.682974
v 28.000000 144.000000 3.483931
v 30.000000 144.000000 3.207127
v 32.000000 144.000000 3.495894
v 34.000000 144.000000 3.538384
v 36.000000 144.000000 3.491421
v 38.000000 144.000000 3.329745
v 40.000000 144.000000 3.371201
v 42.000000 144.000000 3.316557
v 44.000000 144.000000 3.386994
v 46.000000 144.000000 3.443393
v 48.000000 144.000000 3.521438
v 50.000000 144.000000 3.431325
v 52.000000 144.000000 3.444671
v 54.000000 144.000000 3.644086
v 55.975594 144.000000 4.000000
v 56.000000 143.936249 4.000000
v 58.000000 144.000000 3.981993
v 56.404236 144.000000 4.000000
v 60.000000 144.000000 3.490050
v 62.000000 144.000000 3.319805
v 64.000000 144.000000 3.318664
v 66.000000 144.000000 3.262841
v 68.000000 144.000000 3.163045
v 70.000000 144.000000 3.365322
v 72.000000 144.000000 3.566670
v 74.000000 144.000000 3.451994
v 76.000000 144.000000 3.322842
v 78.000000 144.000000 3.299301
v 80.000000 144.000000 3.465838
v 82.000000 144.000000 3.179358
v 84.000000 144.000000 2.885540
v 86.000000 144.000000 3.123894
v 88.000000 144.000000 3.423618
v 90.000000 144.000000 3.441111
v 92.000000 144.000000 3.278541
v 94.000000 144.000000 3.264707
v 96.000000 144.000000 3.242570
v 98.000000 144.000000 3.155461
v 100.000000 144.000000 3.461115
v 102.000000 144.000000 3.597648
v 104.000000 144.000000 3.424961
v 106.000000 144.000000 3.302964
v 108.000000 144.000000 3.459532
v 110.000000 144.000000 3.410238
v 112.000000 144.000000 3.180433
v 114.000000 144.000000 3.077634
v 116.000000 144.000000 3.341153
v 118.000000 144.000000 3.590073
v 120.000000 144.000000 3.542173
v 122.000000 144.000000 3.698801
v 124.000000 144.000000 3.981194
v 126.000000 144.000000 3.869492
v 128.000000 144.000000 3.549982
v 130.000000 144.000000 3.515181
v 132.000000 144.000000 3.752321
v 134.000000 144.000000 3.947165
v 136.000000 144.000000 3.924837
v 138.000000 144.000000 3.769769
v 140.000000 144.000000 3.507081
v 142.000000 144.000000 3.343049
v 144.000000 144.000000 3.515707
v 146.000000 144.000000 3.680800
v 148.000000 144.000000 3.667332
v 150.000000 144.000000 3.337392
v 152.000000 144.000000 3.356663
v 154.000000 144.000000 3.300909
v 156.000000 144.000000 3.033828
v 158.000000 144.000000 2.914759
v 160.000000 144.000000 3.362543
v 162.000000 144.000000 3.947450
v 162.842407 144.000000 4.000000
v 164.000000 142.954269 4.000000
v 166.000000 144.000000 3.831328
v 164.565979 144.000000 4.000000
v 168.000000 144.000000 3.729685
v 170.000000 144.000000 3.487578
v 172.000000 144.000000 2.904648
v 174.000000 144.000000 2.797199
v 176.000000 144.000000 3.299805
v 178.000000 144.000000 3.516435
v 180.000000 144.000000 3.438337
v 182.000000 144.000000 3.604016
v 184.000000 144.000000 3.563562
v 186.000000 144.000000 2.802217
v 188.000000 144.000000 2.577703
v 190.000000 144.000000 3.348334
v 191.942871 144.000000 4.000000
v 192.000000 143.829132 4.000000
v 194.000000 144.000000 3.984557
v 193.158646 144.000000 4.000000
v 196.000000 144.000000 3.946242
v 198.000000 144.000000 3.817800
v 200.000000 144.000000 3.348134
v 202.000000 144.000000 2.825068
v 204.000000 144.000000 2.915947
v 206.000000 144.000000 3.312999
v 208.000000 144.000000 3.382008
v 210.000000 144.000000 3.287579
v 212.000000 144.000000 3.572647
v 213.840591 144.000000 4.000000
v 216.000000 144.000000 3.994640
v 215.781509 144.000000 4.000000
v 218.000000 144.000000 3.345872
v 220.000000 144.000000 3.193332
v 222.000000 144.000000 3.860453
v 222.426773 144.000000 4.000000
v 228.000000 143.308716 4.000000
v 230.000000 144.000000 3.330972
v 228.225494 144.000000 4.000000
v 232.000000 144.000000 3.310216
v 234.000000 144.000000 3.763975
v 236.000000 144.000000 3.997090
v 238.000000 144.000000 3.694445
v 240.000000 144.000000 3.244806
v 242.000000 144.000000 3.319714
v 244.000000 144.000000 3.333481
v 246.000000 144.000000 3.045046
v 248.000000 144.000000 2.946352
v 250.000000 144.000000 3.448628
v 252.000000 144.000000 3.810359
v 254.000000 144.000000 3.697656
v 256.000000 144.000000 3.647694
v 258.000000 144.000000 3.690247
v 260.000000 144.000000 3.337394
v 262.000000 144.000000 2.751109
v 264.000000 144.000000 2.697353
v 266.000000 144.000000 3.224784
v 268.000000 144.000000 3.422331
v 270.000000 144.000000 3.440125
v 272.000000 144.000000 3.544924
v 274.000000 144.000000 3.363167
v 276.000000 144.000000 2.762161
v 278.000000 144.000000 2.789739
v 280.000000 144.000000 3.375832
v 282.000000 144.000000 3.728323
v 284.000000 144.000000 3.718947
v 286.000000 144.000000 3.914925
v 287.773071 144.000000 4.000000
v 288.000000 143.772064 4.000000
v 290.000000 144.000000 3.485966
v 288.037201 144.000000 4.000000
v 292.000000 144.000000 2.939291
v 294.000000 144.000000 2.920020
v 296.000000 144.000000 3.218825
v 298.000000 144.000000 3.269497
v 300.000000 144.000000 3.326571
v 302.000000 144.000000 3.804664
v 303.337067 144.000000 4.000000
v 306.000000 144.000000 3.882300
v 304.853180 144.000000 4.000000
v 308.000000 144.000000 3.445283
v 310.000000 144.000000 3.471794
v 312.000000 144.000000 3.892737
v 312.465057 144.000000 4.000000
v 318.000000 144.000000 3.716769
v 316.895416 144.000000 4.000000
v 320.000000 144.000000 3.374898
v 322.000000 144.000000 3.514852
v 324.000000 142.848053 4.000000
v 324.000000 144.000000 3.922613
v 326.000000 143.795975 4.000000
v 326.000000 144.000000 3.980833
v 328.000000 144.000000 3.626674
v 330.000000 144.000000 3.312080
v 332.000000 144.000000 3.547325
v 334.000000 144.000000 3.502349
v 336.000000 144.000000 3.017292
v 338.000000 144.000000 2.842742
v 340.000000 144.000000 3.285476
v 342.000000 144.000000 3.715660
v 344.000000 144.000000 3.700788
v 346.000000 144.000000 3.539253
v 348.000000 144.000000 3.628034
v 350.000000 144.000000 3.235577
v 352.000000 144.000000 2.529719
v 354.000000 144.000000 2.884157
v 356.000000 144.000000 3.489539
v 358.000000 144.000000 3.587071
v 360.000000 144.000000 3.257812
v 2.000000 146.000000 3.844620
v 0.000000 146.000000 3.879954
v 4.000000 146.000000 3.634758
v 6.000000 146.000000 3.342694
v 8.000000 146.000000 3.385461
v 10.000000 146.000000 3.964387
v 10.435923 146.000000 4.000000
v 12.000000 145.644028 4.000000
v 14.000000 146.000000 3.858257
v 12.933896 146.000000 4.000000
v 16.000000 146.000000 3.939266
v 16.613365 146.000000 4.000000
v 18.000000 145.618698 4.000000
v 20.000000 146.000000 3.917777
v 19.244553 146.000000 4.000000
v 22.000000 146.000000 3.718553
v 23.645586 146.000000 4.000000
v 24.000000 145.836563 4.000000
v 26.000000 145.263550 4.000000
v 28.000000 145.750412 4.000000
v 30.000000 146.000000 3.989511
v 29.764912 146.000000 4.000000
v 30.105541 146.000000 4.000000
v 32.000000 145.499649 4.000000
v 34.000000 145.298172 4.000000
v 36.000000 145.580841 4.000000
v 38.000000 146.000000 3.965712
v 37.627003 146.000000 4.000000
v 40.000000 146.000000 3.781512
v 42.000000 146.000000 3.696510
v 44.000000 146.000000 3.737715
v 46.000000 146.000000 3.774529
v 48.000000 146.000000 3.810905
v 50.000000 146.000000 3.775924
v 52.000000 146.000000 3.912252
v 53.358028 146.000000 4.000000
v 54.000000 145.801132 4.000000
v 58.000000 144.336731 4.000000
v 60.000000 146.000000 3.655970
v 58.392174 146.000000 4.000000
v 62.000000 146.000000 3.648268
v 64.000000 146.000000 3.593967
v 66.000000 146.000000 3.478531
v 68.000000 146.000000 3.484620
v 70.000000 146.000000 3.642854
v 72.000000 146.000000 3.616219
v 74.000000 146.000000 3.507478
v 76.000000 146.000000 3.511615
v 78.000000 146.000000 3.510040
v 80.000000 146.000000 3.579145
v 82.000000 146.000000 3.454672
v 84.000000 146.000000 3.350147
v 86.000000 146.000000 3.590127
v 88.000000 146.000000 3.753767
v 90.000000 146.000000 3.626290
v 92.000000 146.000000 3.473406
v 94.000000 146.000000 3.525398
v 96.000000 146.000000 3.369827
v 98.000000 146.000000 3.306154
v 100.000000 146.000000 3.600706
v 102.000000 146.000000 3.714271
v 104.000000 146.000000 3.603632
v 106.000000 146.000000 3.478483
v 108.000000 146.000000 3.609433
v 110.000000 146.000000 3.675032
v 112.000000 146.000000 3.494043
v 114.000000 146.000000 3.449527
v 116.000000 146.000000 3.654333
v 118.000000 146.000000 3.850910
v 120.000000 146.000000 3.725691
v 122.000000 146.000000 3.835320
v 123.438889 146.000000 4.000000
v 124.000000 144.427689 4.000000
v 126.000000 144.902634 4.000000
v 128.000000 146.000000 3.803294
v 126.837715 146.000000 4.000000
v 130.000000 146.000000 3.660921
v 132.000000 146.000000 3.936195
v 132.884018 146.000000 4.000000
v 134.000000 144.752853 4.000000
v 136.000000 146.000000 3.940286
v 135.146347 146.000000 4.000000
v 138.000000 146.000000 3.740144
v 140.000000 146.000000 3.639154
v 142.000000 146.000000 3.689011
v 144.000000 146.000000 3.890277
v 144.895416 146.000000 4.000000
v 146.000000 145.372009 4.000000
v 148.000000 145.167496 4.000000
v 150.000000 146.000000 3.760633
v 148.950653 146.000000 4.000000
v 152.000000 146.000000 3.663860
v 154.000000 146.000000 3.749252
v 156.000000 146.000000 3.598501
v 158.000000 146.000000 3.482634
v 160.000000 146.000000 3.789887
v 161.380722 146.000000 4.000000
v 162.000000 144.698273 4.000000
v 166.000000 146.000000 3.949957
v 165.567047 146.000000 4.000000
v 168.000000 146.000000 3.884508
v 170.000000 146.000000 3.753193
v 172.000000 146.000000 3.246638
v 174.000000 146.000000 3.013774
v 176.000000 146.000000 3.447515
v 178.000000 146.000000 3.717336
v 180.000000 146.000000 3.663870
v 182.000000 146.000000 3.830058
v 184.000000 146.000000 3.899388
v 186.000000 146.000000 3.246758
v 188.000000 146.000000 3.016738
v 190.000000 146.000000 3.622086
v 191.184662 146.000000 4.000000
v 194.000000 144.094528 4.000000
v 196.000000 144.367630 4.000000
v 198.000000 145.221420 4.000000
v 200.000000 146.000000 3.792329
v 198.699722 146.000000 4.000000
v 202.000000 146.000000 3.298892
v 204.000000 146.000000 3.304728
v 206.000000 146.000000 3.710200
v 208.000000 146.000000 3.855082
v 210.000000 146.000000 3.734151
v 212.000000 146.000000 3.950047
v 212.227890 146.000000 4.000000
v 216.000000 144.017944 4.000000
v 218.000000 146.000000 3.925012
v 217.759415 146.000000 4.000000
v 220.000000 146.000000 3.739263
v 220.901733 146.000000 4.000000
v 222.000000 144.595139 4.000000
v 230.000000 146.000000 3.724002
v 229.192429 146.000000 4.000000
v 232.000000 146.000000 3.733666
v 233.163742 146.000000 4.000000
v 234.000000 145.034775 4.000000
v 236.000000 144.011215 4.000000
v 238.000000 145.321594 4.000000
v 240.000000 146.000000 3.644531
v 238.547943 146.000000 4.000000
v 242.000000 146.000000 3.628075
v 244.000000 146.000000 3.665882
v 246.000000 146.000000 3.340913
v 248.000000 146.000000 3.225186
v 250.000000 146.000000 3.689281
v 251.477524 146.000000 4.000000
v 252.000000 145.228348 4.000000
v 254.000000 145.620255 4.000000
v 256.000000 146.000000 3.959680
v 255.286926 146.000000 4.000000
v 257.535400 146.000000 4.000000
v 258.000000 145.926865 4.000000
v 260.000000 146.000000 3.710739
v 258.078400 146.000000 4.000000
v 262.000000 146.000000 3.061527
v 264.000000 146.000000 3.075993
v 266.000000 146.000000 3.622368
v 268.000000 146.000000 3.784336
v 270.000000 146.000000 3.725144
v 272.000000 146.000000 3.982056
v 274.000000 146.000000 3.729318
v 276.000000 146.000000 3.142205
v 278.000000 146.000000 3.171790
v 280.000000 146.000000 3.775455
v 282.000000 146.000000 3.998695
v 284.000000 146.000000 3.955984
v 284.695465 146.000000 4.000000
v 286.000000 144.972641 4.000000
v 290.000000 146.000000 3.669610
v 288.673218 146.000000 4.000000
v 292.000000 146.000000 3.208477
v 294.000000 146.000000 3.308103
v 296.000000 146.000000 3.713449
v 298.000000 146.000000 3.746690
v 300.000000 146.000000 3.763808
v 301.117279 146.000000 4.000000
v 302.000000 144.970322 4.000000
v 306.000000 144.747498 4.000000
v 308.000000 146.000000 3.844839
v 307.112091 146.000000 4.000000
v 310.000000 146.000000 3.798330
v 310.829742 146.000000 4.000000
v 312.000000 144.515579 4.000000
v 318.000000 145.080429 4.000000
v 320.000000 146.000000 3.808282
v 319.118408 146.000000 4.000000
v 322.000000 146.000000 3.823026
v 322.682678 146.000000 4.000000
v 324.000000 144.335617 4.000000
v 326.000000 144.082657 4.000000
v 328.000000 145.557648 4.000000
v 330.000000 146.000000 3.824638
v 328.753235 146.000000 4.000000
v 332.000000 146.000000 3.991966
v 334.000000 146.000000 3.964720
v 336.000000 146.000000 3.527573
v 338.000000 146.000000 3.397521
v 340.000000 146.000000 3.941377
v 340.328278 146.000000 4.000000
v 342.000000 144.999161 4.000000
v 344.000000 144.936951 4.000000
v 346.000000 145.496872 4.000000
v 348.000000 145.230820 4.000000
v 350.000000 146.000000 3.827076
v 349.149628 146.000000 4.000000
v 352.000000 146.000000 3.204695
v 354.000000 146.000000 3.505702
v 355.576447 146.000000 4.000000
v 356.000000 145.582947 4.000000
v 358.000000 145.431702 4.000000
v 360.000000 146.000000 3.879954
v 359.155609 146.000000 4.000000
v 0.000000 146.522034 4.000000
v 2.000000 146.750000 4.000000
v 4.000000 147.761749 4.000000
v 6.000000 148.000000 3.768197
v 4.364834 148.000000 4.000000
v 8.000000 148.000000 3.785801
v 8.744949 148.000000 4.000000
v 10.000000 146.179672 4.000000
v 14.000000 146.465286 4.000000
v 16.000000 146.206329 4.000000
v 20.000000 146.333847 4.000000
v 22.000000 147.189850 4.000000
v 30.000000 146.040543 4.000000
v 38.000000 146.153595 4.000000
v 40.000000 146.911819 4.000000
v 42.000000 147.104141 4.000000
v 44.000000 146.894653 4.000000
v 46.000000 146.857162 4.000000
v 48.000000 147.009583 4.000000
v 50.000000 147.086990 4.000000
v 52.000000 146.443588 4.000000
v 60.000000 148.000000 3.967134
v 59.842209 148.000000 4.000000
v 62.000000 148.000000 3.995093
v 64.000000 148.000000 3.791293
v 66.000000 148.000000 3.546827
v 68.000000 148.000000 3.623508
v 70.000000 148.000000 3.727292
v 72.000000 148.000000 3.790117
v 74.000000 148.000000 3.665659
v 76.000000 148.000000 3.604295
v 78.000000 148.000000 3.653881
v 80.000000 148.000000 3.733311
v 82.000000 148.000000 3.571326
v 84.000000 148.000000 3.559492
v 86.000000 148.000000 3.799495
v 88.000000 148.000000 3.980346
v 90.000000 148.000000 3.829285
v 92.000000 148.000000 3.717199
v 94.000000 148.000000 3.844708
v 96.000000 148.000000 3.599138
v 98.000000 148.000000 3.527465
v 100.000000 148.000000 3.791894
v 102.000000 148.000000 3.913410
v 104.000000 148.000000 3.730092
v 106.000000 148.000000 3.694655
v 108.000000 148.000000 3.801842
v 110.000000 148.000000 3.795418
v 112.000000 148.000000 3.558134
v 114.000000 148.000000 3.577175
v 116.000000 148.000000 3.938103
v 116.519005 148.000000 4.000000
v 118.000000 146.933548 4.000000
v 120.000000 148.000000 3.960943
v 119.644318 148.000000 4.000000
v 120.576439 148.000000 4.000000
v 122.000000 147.293594 4.000000
v 128.000000 147.983398 4.000000
v 130.000000 147.899384 4.000000
v 132.000000 146.612976 4.000000
v 136.000000 146.475342 4.000000
v 138.000000 147.635178 4.000000
v 140.000000 148.000000 3.966230
v 139.289902 148.000000 4.000000
v 140.739349 148.000000 4.000000
v 142.000000 147.698029 4.000000
v 144.000000 146.557587 4.000000
v 150.000000 147.584961 4.000000
v 152.000000 148.000000 3.990389
v 151.753647 148.000000 4.000000
v 152.328629 148.000000 4.000000
v 154.000000 147.699814 4.000000
v 156.000000 148.000000 3.889105
v 154.606003 148.000000 4.000000
v 158.000000 148.000000 3.817548
v 158.969727 148.000000 4.000000
v 160.000000 147.076736 4.000000
v 166.000000 146.327591 4.000000
v 168.000000 146.676239 4.000000
v 170.000000 147.137665 4.000000
v 172.000000 148.000000 3.602269
v 170.671310 148.000000 4.000000
v 174.000000 148.000000 3.410085
v 176.000000 148.000000 3.835389
v 177.049011 148.000000 4.000000
v 178.000000 147.315735 4.000000
v 180.000000 147.687759 4.000000
v 182.000000 146.775314 4.000000
v 184.000000 146.562698 4.000000
v 186.000000 148.000000 3.544270
v 184.714600 148.000000 4.000000
v 188.000000 148.000000 3.233978
v 190.000000 148.000000 3.878140
v 190.413818 148.000000 4.000000
v 200.000000 147.491669 4.000000
v 202.000000 148.000000 3.601458
v 200.291702 148.000000 4.000000
v 204.000000 148.000000 3.615477
v 205.702454 148.000000 4.000000
v 206.000000 147.605896 4.000000
v 208.000000 146.793076 4.000000
v 210.000000 147.442612 4.000000
v 212.000000 146.266693 4.000000
v 218.000000 146.425034 4.000000
v 220.000000 147.584915 4.000000
v 230.000000 147.658813 4.000000
v 232.000000 147.562805 4.000000
v 240.000000 148.000000 3.959483
v 239.824936 148.000000 4.000000
v 242.000000 148.000000 3.997986
v 242.077545 148.000000 4.000000
v 244.000000 147.760086 4.000000
v 246.000000 148.000000 3.729725
v 244.296036 148.000000 4.000000
v 248.000000 148.000000 3.574066
v 249.832047 148.000000 4.000000
v 250.000000 147.765533 4.000000
v 256.000000 146.296326 4.000000
v 260.000000 147.510117 4.000000
v 262.000000 148.000000 3.358316
v 260.224365 148.000000 4.000000
v 264.000000 148.000000 3.370630
v 265.834290 148.000000 4.000000
v 266.000000 147.701660 4.000000
v 268.000000 147.199005 4.000000
v 270.000000 147.740509 4.000000
v 272.000000 146.115189 4.000000
v 274.000000 147.499924 4.000000
v 276.000000 148.000000 3.460015
v 274.270111 148.000000 4.000000
v 278.000000 148.000000 3.428294
v 279.627777 148.000000 4.000000
v 280.000000 147.225128 4.000000
v 282.000000 146.005722 4.000000
v 284.000000 146.248337 4.000000
v 290.000000 148.000000 3.980307
v 289.904816 148.000000 4.000000
v 292.000000 148.000000 3.510852
v 294.000000 148.000000 3.663234
v 295.537170 148.000000 4.000000
v 296.000000 147.477264 4.000000
v 298.000000 147.385620 4.000000
v 300.000000 147.318161 4.000000
v 308.000000 146.832703 4.000000
v 310.000000 147.132126 4.000000
v 320.000000 146.977249 4.000000
v 322.000000 146.992340 4.000000
v 330.000000 146.758575 4.000000
v 332.000000 146.040298 4.000000
v 334.000000 146.149094 4.000000
v 336.000000 147.801163 4.000000
v 338.000000 148.000000 3.889165
v 336.678406 148.000000 4.000000
v 338.387756 148.000000 4.000000
v 340.000000 146.239075 4.000000
v 350.000000 146.772202 4.000000
v 352.000000 148.000000 3.724876
v 351.015869 148.000000 4.000000
v 354.000000 148.000000 3.936297
v 354.254852 148.000000 4.000000
v 360.000000 146.522034 4.000000
v 0.000000 150.000000 3.501911
v 2.000000 148.675262 4.000000
v 2.000000 150.000000 3.524333
v 0.000000 148.759842 4.000000
v 4.000000 148.139725 4.000000
v 4.000000 150.000000 3.365185
v 6.000000 150.000000 2.955789
v 8.000000 150.000000 3.003950
v 10.000000 148.763840 4.000000
v 10.000000 150.000000 3.476549
v 12.000000 149.155548 4.000000
v 12.000000 150.000000 3.613660
v 14.000000 148.963516 4.000000
v 14.000000 150.000000 3.527963
v 16.000000 149.132904 4.000000
v 16.000000 150.000000 3.631513
v 18.000000 149.402405 4.000000
v 18.000000 150.000000 3.742243
v 20.000000 148.848328 4.000000
v 20.000000 150.000000 3.479275
v 22.000000 148.369995 4.000000
v 22.000000 150.000000 3.250525
v 24.000000 149.092453 4.000000
v 24.000000 150.000000 3.588154
v 26.000000 149.500458 4.000000
v 26.000000 150.000000 3.814634
v 28.000000 149.117661 4.000000
v 28.000000 150.000000 3.630105
v 30.000000 148.916489 4.000000
v 30.000000 150.000000 3.488990
v 32.000000 149.463531 4.000000
v 32.000000 150.000000 3.759259
v 34.000000 149.900131 4.000000
v 34.000000 150.000000 3.958066
v 36.000000 149.412369 4.000000
v 36.000000 150.000000 3.740025
v 38.000000 148.870911 4.000000
v 38.000000 150.000000 3.492947
v 40.000000 148.648285 4.000000
v 40.000000 150.000000 3.486824
v 42.000000 148.770889 4.000000
v 42.000000 150.000000 3.604177
v 44.000000 149.066681 4.000000
v 44.000000 150.000000 3.710007
v 46.000000 149.064148 4.000000
v 46.000000 150.000000 3.727119
v 48.000000 148.649429 4.000000
v 48.000000 150.000000 3.616478
v 50.000000 148.546127 4.000000
v 50.000000 150.000000 3.509857
v 52.000000 148.919342 4.000000
v 52.000000 150.000000 3.666331
v 53.814877 150.000000 4.000000
v 58.000000 150.000000 3.856569
v 56.774853 150.000000 4.000000
v 58.000000 149.432114 4.000000
v 60.000000 150.000000 3.471804
v 62.000000 150.000000 3.401507
v 64.000000 150.000000 3.273417
v 66.000000 150.000000 3.072153
v 68.000000 150.000000 3.172208
v 70.000000 150.000000 3.503640
v 72.000000 150.000000 3.578869
v 74.000000 150.000000 3.474715
v 76.000000 150.000000 3.358378
v 78.000000 150.000000 3.399201
v 80.000000 150.000000 3.546008
v 82.000000 150.000000 3.301154
v 84.000000 150.000000 3.050575
v 86.000000 150.000000 3.250651
v 88.000000 150.000000 3.518909
v 90.000000 150.000000 3.534935
v 92.000000 150.000000 3.506111
v 94.000000 150.000000 3.418075
v 96.000000 150.000000 3.054787
v 98.000000 150.000000 3.163911
v 100.000000 150.000000 3.556919
v 102.000000 150.000000 3.617801
v 104.000000 150.000000 3.498436
v 106.000000 150.000000 3.432877
v 108.000000 150.000000 3.599938
v 110.000000 150.000000 3.536201
v 112.000000 150.000000 3.254739
v 114.000000 150.000000 3.150639
v 116.000000 150.000000 3.461440
v 118.000000 148.683578 4.000000
v 118.000000 150.000000 3.671297
v 120.000000 150.000000 3.495668
v 122.000000 148.307266 4.000000
v 122.000000 150.000000 3.540322
v 124.000000 149.697144 4.000000
v 124.000000 150.000000 3.939142
v 126.000000 149.102081 4.000000
v 126.000000 150.000000 3.745815
v 128.000000 148.006348 4.000000
v 128.000000 150.000000 3.490678
v 130.000000 148.075470 4.000000
v 130.000000 150.000000 3.510309
v 132.000000 148.753662 4.000000
v 132.000000 150.000000 3.759413
v 133.406113 150.000000 4.000000
v 138.000000 150.000000 3.809238
v 136.632721 150.000000 4.000000
v 138.000000 148.503494 4.000000
v 140.000000 150.000000 3.503497
v 142.000000 148.174057 4.000000
v 142.000000 150.000000 3.411253
v 144.000000 149.052078 4.000000
v 144.000000 150.000000 3.730749
v 146.000000 149.502136 4.000000
v 146.000000 150.000000 3.867478
v 148.000000 149.352600 4.000000
v 148.000000 150.000000 3.783873
v 150.000000 148.214905 4.000000
v 150.000000 150.000000 3.479900
v 152.000000 150.000000 3.410287
v 154.000000 148.144592 4.000000
v 154.000000 150.000000 3.428809
v 156.000000 150.000000 3.243487
v 158.000000 150.000000 3.156921
v 160.000000 148.521912 4.000000
v 160.000000 150.000000 3.514019
v 162.000000 149.574249 4.000000
v 162.000000 150.000000 3.891201
v 164.000000 149.842010 4.000000
v 164.000000 150.000000 3.963932
v 166.000000 149.041809 4.000000
v 166.000000 150.000000 3.764906
v 168.000000 148.917526 4.000000
v 168.000000 150.000000 3.737678
v 170.000000 148.553024 4.000000
v 170.000000 150.000000 3.536357
v 172.000000 150.000000 2.940391
v 174.000000 150.000000 2.884268
v 176.000000 150.000000 3.367593
v 178.000000 148.520584 4.000000
v 178.000000 150.000000 3.588164
v 180.000000 148.221542 4.000000
v 180.000000 150.000000 3.485543
v 182.000000 149.048401 4.000000
v 182.000000 150.000000 3.745833
v 184.000000 149.025772 4.000000
v 184.000000 150.000000 3.756886
v 186.000000 150.000000 3.029779
v 188.000000 150.000000 2.796405
v 190.000000 150.000000 3.503770
v 191.792648 150.000000 4.000000
v 194.000000 150.000000 3.950387
v 193.104416 150.000000 4.000000
v 194.000000 149.836456 4.000000
v 194.693558 150.000000 4.000000
v 198.000000 150.000000 3.923435
v 197.112381 150.000000 4.000000
v 198.000000 149.715042 4.000000
v 200.000000 148.231125 4.000000
v 200.000000 150.000000 3.476488
v 202.000000 150.000000 3.064639
v 204.000000 150.000000 3.127558
v 206.000000 148.275345 4.000000
v 206.000000 150.000000 3.554077
v 208.000000 148.799759 4.000000
v 208.000000 150.000000 3.676465
v 210.000000 148.341583 4.000000
v 210.000000 150.000000 3.487166
v 212.000000 149.234146 4.000000
v 212.000000 150.000000 3.787679
v 212.973801 150.000000 4.000000
v 218.000000 150.000000 3.620878
v 216.200317 150.000000 4.000000
v 218.000000 148.863739 4.000000
v 220.000000 148.223877 4.000000
v 220.000000 150.000000 3.440911
v 221.506638 150.000000 4.000000
v 230.000000 150.000000 3.505517
v 228.623138 150.000000 4.000000
v 230.000000 148.210388 4.000000
v 232.000000 148.260147 4.000000
v 232.000000 150.000000 3.503879
v 234.000000 149.744064 4.000000
v 234.000000 150.000000 3.917696
v 235.195129 150.000000 4.000000
v 238.000000 150.000000 3.797850
v 236.424210 150.000000 4.000000
v 238.000000 149.369583 4.000000
v 240.000000 150.000000 3.484490
v 242.000000 150.000000 3.544908
v 244.000000 148.178818 4.000000
v 244.000000 150.000000 3.521631
v 246.000000 150.000000 3.214986
v 248.000000 150.000000 3.110617
v 250.000000 148.147934 4.000000
v 250.000000 150.000000 3.506885
v 252.000000 149.497742 4.000000
v 252.000000 150.000000 3.858054
v 254.000000 149.270782 4.000000
v 254.000000 150.000000 3.789417
v 256.000000 149.098419 4.000000
v 256.000000 150.000000 3.824392
v 258.000000 149.224503 4.000000
v 258.000000 150.000000 3.812183
v 260.000000 148.291672 4.000000
v 260.000000 150.000000 3.513768
v 262.000000 150.000000 2.921696
v 264.000000 150.000000 2.866112
v 266.000000 148.189514 4.000000
v 266.000000 150.000000 3.422843
v 268.000000 148.406952 4.000000
v 268.000000 150.000000 3.513507
v 270.000000 148.136719 4.000000
v 270.000000 150.000000 3.501634
v 272.000000 148.833344 4.000000
v 272.000000 150.000000 3.656598
v 274.000000 148.283264 4.000000
v 274.000000 150.000000 3.508226
v 276.000000 150.000000 2.958210
v 278.000000 150.000000 2.946754
v 280.000000 148.411880 4.000000
v 280.000000 150.000000 3.520424
v 282.000000 149.252808 4.000000
v 282.000000 150.000000 3.747402
v 284.000000 149.192429 4.000000
v 284.000000 150.000000 3.801163
v 286.000000 149.927979 4.000000
v 286.000000 150.000000 3.988595
v 286.294739 150.000000 4.000000
v 290.000000 150.000000 3.510257
v 288.214294 150.000000 4.000000
v 292.000000 150.000000 3.087033
v 294.000000 150.000000 3.060097
v 296.000000 148.232391 4.000000
v 296.000000 150.000000 3.301203
v 298.000000 148.287506 4.000000
v 298.000000 150.000000 3.391902
v 300.000000 148.351761 4.000000
v 300.000000 150.000000 3.486096
v 302.000000 149.755432 4.000000
v 302.000000 150.000000 3.929151
v 302.886871 150.000000 4.000000
v 306.000000 150.000000 3.959429
v 305.373993 150.000000 4.000000
v 306.000000 149.863495 4.000000
v 308.000000 148.641861 4.000000
v 308.000000 150.000000 3.569535
v 310.000000 148.479294 4.000000
v 310.000000 150.000000 3.544273
v 311.700073 150.000000 4.000000
v 318.000000 150.000000 3.940713
v 317.694733 150.000000 4.000000
v 318.000000 149.826691 4.000000
v 320.000000 148.561356 4.000000
v 320.000000 150.000000 3.525625
v 322.000000 148.591141 4.000000
v 322.000000 150.000000 3.595369
v 324.000000 149.878403 4.000000
v 324.000000 150.000000 3.952175
v 325.386505 150.000000 4.000000
v 328.000000 150.000000 3.767638
v 326.157471 150.000000 4.000000
v 328.000000 149.367859 4.000000
v 330.000000 148.685547 4.000000
v 330.000000 150.000000 3.506599
v 332.000000 149.076553 4.000000
v 332.000000 150.000000 3.705168
v 334.000000 149.057480 4.000000
v 334.000000 150.000000 3.658416
v 336.000000 148.106323 4.000000
v 336.000000 150.000000 3.165441
v 338.000000 150.000000 3.055108
v 340.000000 148.848328 4.000000
v 340.000000 150.000000 3.452408
v 342.000000 149.608109 4.000000
v 342.000000 150.000000 3.826006
v 344.000000 149.736511 4.000000
v 344.000000 150.000000 3.882973
v 346.000000 149.500259 4.000000
v 346.000000 150.000000 3.806395
v 348.000000 149.669479 4.000000
v 348.000000 150.000000 3.871814
v 350.000000 148.655380 4.000000
v 350.000000 150.000000 3.483961
v 352.000000 150.000000 2.923049
v 354.000000 150.000000 3.119125
v 356.000000 149.056274 4.000000
v 356.000000 150.000000 3.636600
v 358.000000 149.318039 4.000000
v 358.000000 150.000000 3.727577
v 360.000000 148.759842 4.000000
v 360.000000 150.000000 3.501911
v 2.000000 152.000000 2.770524
v 0.000000 152.000000 2.715935
v 4.000000 152.000000 2.661587
v 6.000000 152.000000 2.244226
v 8.000000 152.000000 2.257401
v 10.000000 152.000000 2.665216
v 12.000000 152.000000 2.778633
v 14.000000 152.000000 2.573190
v 16.000000 152.000000 2.711672
v 18.000000 152.000000 2.952815
v 20.000000 152.000000 2.724758
v 22.000000 152.000000 2.534898
v 24.000000 152.000000 2.837803
v 26.000000 152.000000 3.036750
v 28.000000 152.000000 2.873046
v 30.000000 152.000000 2.699327
v 32.000000 152.000000 3.003111
v 34.000000 152.000000 3.198011
v 36.000000 152.000000 2.989086
v 38.000000 152.000000 2.622055
v 40.000000 152.000000 2.615727
v 42.000000 152.000000 2.855144
v 44.000000 152.000000 2.962045
v 46.000000 152.000000 2.919169
v 48.000000 152.000000 2.788084
v 50.000000 152.000000 2.723295
v 52.000000 152.000000 2.896889
v 54.000000 150.075073 4.000000
v 54.000000 152.000000 3.183412
v 56.000000 150.195099 4.000000
v 56.000000 152.000000 3.247991
v 58.000000 152.000000 3.028872
v 60.000000 152.000000 2.637620
v 62.000000 152.000000 2.611982
v 64.000000 152.000000 2.612455
v 66.000000 152.000000 2.534062
v 68.000000 152.000000 2.598242
v 70.000000 152.000000 3.010457
v 72.000000 152.000000 3.104947
v 74.000000 152.000000 3.009827
v 76.000000 152.000000 2.881530
v 78.000000 152.000000 2.921909
v 80.000000 152.000000 2.974370
v 82.000000 152.000000 2.767270
v 84.000000 152.000000 2.668101
v 86.000000 152.000000 2.730965
v 88.000000 152.000000 2.795309
v 90.000000 152.000000 2.845700
v 92.000000 152.000000 2.849106
v 94.000000 152.000000 2.639829
v 96.000000 152.000000 2.412715
v 98.000000 152.000000 2.526233
v 100.000000 152.000000 2.897050
v 102.000000 152.000000 3.038892
v 104.000000 152.000000 2.872405
v 106.000000 152.000000 2.896855
v 108.000000 152.000000 3.059417
v 110.000000 152.000000 3.039735
v 112.000000 152.000000 2.907620
v 114.000000 152.000000 2.873774
v 116.000000 152.000000 2.968138
v 118.000000 152.000000 2.904598
v 120.000000 152.000000 2.740723
v 122.000000 152.000000 2.864860
v 124.000000 152.000000 3.140338
v 126.000000 152.000000 2.945403
v 128.000000 152.000000 2.677188
v 130.000000 152.000000 2.669610
v 132.000000 152.000000 3.010458
v 134.000000 150.230042 4.000000
v 134.000000 152.000000 3.328410
v 136.000000 150.225754 4.000000
v 136.000000 152.000000 3.403734
v 138.000000 152.000000 3.137682
v 140.000000 152.000000 2.805234
v 142.000000 152.000000 2.723458
v 144.000000 152.000000 3.015378
v 146.000000 152.000000 3.184594
v 148.000000 152.000000 3.125510
v 150.000000 152.000000 2.901768
v 152.000000 152.000000 2.928918
v 154.000000 152.000000 2.934738
v 156.000000 152.000000 2.737355
v 158.000000 152.000000 2.588482
v 160.000000 152.000000 2.901514
v 162.000000 152.000000 3.247417
v 164.000000 152.000000 3.242023
v 166.000000 152.000000 2.968827
v 168.000000 152.000000 3.049021
v 170.000000 152.000000 2.854618
v 172.000000 152.000000 2.318980
v 174.000000 152.000000 2.342104
v 176.000000 152.000000 2.747194
v 178.000000 152.000000 2.850969
v 180.000000 152.000000 2.762167
v 182.000000 152.000000 3.059871
v 184.000000 152.000000 3.067769
v 186.000000 152.000000 2.398435
v 188.000000 152.000000 2.234236
v 190.000000 152.000000 2.825556
v 192.000000 150.143234 4.000000
v 192.000000 152.000000 3.288822
v 194.000000 152.000000 3.133717
v 196.000000 150.187881 4.000000
v 196.000000 152.000000 3.240112
v 198.000000 152.000000 3.248664
v 200.000000 152.000000 2.782004
v 202.000000 152.000000 2.407449
v 204.000000 152.000000 2.562888
v 206.000000 152.000000 2.933771
v 208.000000 152.000000 2.894163
v 210.000000 152.000000 2.681610
v 212.000000 152.000000 2.932464
v 214.000000 150.485092 4.000000
v 214.000000 152.000000 3.348944
v 216.000000 150.111862 4.000000
v 216.000000 152.000000 3.318187
v 218.000000 152.000000 2.841393
v 220.000000 152.000000 2.749776
v 222.000000 150.427368 4.000000
v 222.000000 152.000000 3.379198
v 224.000000 151.794968 4.000000
v 224.000000 152.000000 3.913708
v 226.000000 151.558212 4.000000
v 226.000000 152.000000 3.774811
v 228.000000 150.530411 4.000000
v 228.000000 152.000000 3.378490
v 230.000000 152.000000 2.755482
v 232.000000 152.000000 2.718384
v 234.000000 152.000000 3.057346
v 236.000000 150.132706 4.000000
v 236.000000 152.000000 3.297159
v 238.000000 152.000000 3.101725
v 240.000000 152.000000 2.744119
v 242.000000 152.000000 2.786938
v 244.000000 152.000000 2.856242
v 246.000000 152.000000 2.601724
v 248.000000 152.000000 2.446028
v 250.000000 152.000000 2.781482
v 252.000000 152.000000 3.123790
v 254.000000 152.000000 3.084728
v 256.000000 152.000000 2.970827
v 258.000000 152.000000 3.030062
v 260.000000 152.000000 2.710470
v 262.000000 152.000000 2.108662
v 264.000000 152.000000 2.217124
v 266.000000 152.000000 2.628120
v 268.000000 152.000000 2.769921
v 270.000000 152.000000 2.696826
v 272.000000 152.000000 2.891013
v 274.000000 152.000000 2.792706
v 276.000000 152.000000 2.262840
v 278.000000 152.000000 2.236052
v 280.000000 152.000000 2.708805
v 282.000000 152.000000 2.963694
v 284.000000 152.000000 2.992138
v 286.000000 152.000000 3.141470
v 288.000000 150.132950 4.000000
v 288.000000 152.000000 3.159673
v 290.000000 152.000000 2.777313
v 292.000000 152.000000 2.345002
v 294.000000 152.000000 2.312492
v 296.000000 152.000000 2.483655
v 298.000000 152.000000 2.593583
v 300.000000 152.000000 2.743640
v 302.000000 152.000000 3.163579
v 304.000000 150.189957 4.000000
v 304.000000 152.000000 3.226512
v 306.000000 152.000000 3.106263
v 308.000000 152.000000 2.782050
v 310.000000 152.000000 2.746542
v 312.000000 150.214462 4.000000
v 312.000000 152.000000 3.221299
v 314.000000 151.140930 4.000000
v 314.000000 152.000000 3.601628
v 316.000000 150.724518 4.000000
v 316.000000 152.000000 3.454408
v 318.000000 152.000000 3.115890
v 320.000000 152.000000 2.734771
v 322.000000 152.000000 2.837070
v 324.000000 152.000000 3.189002
v 326.000000 150.043060 4.000000
v 326.000000 152.000000 3.173481
v 328.000000 152.000000 2.853302
v 330.000000 152.000000 2.596474
v 332.000000 152.000000 2.786444
v 334.000000 152.000000 2.788275
v 336.000000 152.000000 2.385992
v 338.000000 152.000000 2.317926
v 340.000000 152.000000 2.524360
v 342.000000 152.000000 2.748217
v 344.000000 152.000000 2.820423
v 346.000000 152.000000 2.689694
v 348.000000 152.000000 2.846752
v 350.000000 152.000000 2.549179
v 352.000000 152.000000 2.055075
v 354.000000 152.000000 2.367384
v 356.000000 152.000000 3.005662
v 358.000000 152.000000 2.971197
v 360.000000 152.000000 2.715935
v 2.000000 154.000000 3.250066
v 0.000000 154.000000 3.141137
v 4.000000 154.000000 3.087455
v 6.000000 154.000000 2.565689
v 8.000000 154.000000 2.606539
v 10.000000 154.000000 3.106201
v 12.000000 154.000000 3.177995
v 14.000000 154.000000 3.086358
v 16.000000 154.000000 3.293424
v 18.000000 154.000000 3.462626
v 20.000000 154.000000 3.103154
v 22.000000 154.000000 3.014095
v 24.000000 154.000000 3.220735
v 26.000000 154.000000 3.415318
v 28.000000 154.000000 3.290080
v 30.000000 154.000000 3.129293
v 32.000000 154.000000 3.461032
v 34.000000 154.000000 3.719580
v 36.000000 154.000000 3.454107
v 38.000000 154.000000 3.080127
v 40.000000 154.000000 3.108718
v 42.000000 154.000000 3.246564
v 44.000000 154.000000 3.319602
v 46.000000 154.000000 3.237526
v 48.000000 154.000000 3.185461
v 50.000000 154.000000 3.184552
v 52.000000 154.000000 3.352180
v 54.000000 154.000000 3.661685
v 56.000000 154.000000 3.623445
v 58.000000 154.000000 3.362619
v 60.000000 154.000000 3.048554
v 62.000000 154.000000 2.957553
v 64.000000 154.000000 2.930662
v 66.000000 154.000000 2.895326
v 68.000000 154.000000 2.960575
v 70.000000 154.000000 3.310100
v 72.000000 154.000000 3.386696
v 74.000000 154.000000 3.224680
v 76.000000 154.000000 3.138381
v 78.000000 154.000000 3.237262
v 80.000000 154.000000 3.295266
v 82.000000 154.000000 3.049197
v 84.000000 154.000000 3.004774
v 86.000000 154.000000 3.101034
v 88.000000 154.000000 3.146268
v 90.000000 154.000000 3.217313
v 92.000000 154.000000 3.261498
v 94.000000 154.000000 3.047812
v 96.000000 154.000000 2.812758
v 98.000000 154.000000 2.916291
v 100.000000 154.000000 3.277920
v 102.000000 154.000000 3.290562
v 104.000000 154.000000 3.143186
v 106.000000 154.000000 3.206043
v 108.000000 154.000000 3.354314
v 110.000000 154.000000 3.390668
v 112.000000 154.000000 3.230702
v 114.000000 154.000000 3.244405
v 116.000000 154.000000 3.345524
v 118.000000 154.000000 3.408624
v 120.000000 154.000000 3.174540
v 122.000000 154.000000 3.297384
v 124.000000 154.000000 3.558179
v 126.000000 154.000000 3.425798
v 128.000000 154.000000 3.144778
v 130.000000 154.000000 3.165416
v 132.000000 154.000000 3.470273
v 134.000000 154.000000 3.765485
v 136.000000 154.000000 3.738776
v 138.000000 154.000000 3.577054
v 140.000000 154.000000 3.213253
v 142.000000 154.000000 3.127062
v 144.000000 154.000000 3.369210
v 146.000000 154.000000 3.633489
v 148.000000 154.000000 3.503861
v 150.000000 154.000000 3.305630
v 152.000000 154.000000 3.248121
v 154.000000 154.000000 3.309438
v 156.000000 154.000000 3.137187
v 158.000000 154.000000 2.977135
v 160.000000 154.000000 3.171602
v 162.000000 154.000000 3.581233
v 164.000000 154.000000 3.660665
v 166.000000 154.000000 3.362233
v 168.000000 154.000000 3.386698
v 170.000000 154.000000 3.252099
v 172.000000 154.000000 2.659625
v 174.000000 154.000000 2.574483
v 176.000000 154.000000 3.068957
v 178.000000 154.000000 3.223713
v 180.000000 154.000000 3.161617
v 182.000000 154.000000 3.407622
v 184.000000 154.000000 3.449549
v 186.000000 154.000000 2.742431
v 188.000000 154.000000 2.489325
v 190.000000 154.000000 3.143645
v 192.000000 154.000000 3.695767
v 194.000000 154.000000 3.597097
v 196.000000 154.000000 3.654339
v 198.000000 154.000000 3.627380
v 200.000000 154.000000 3.070672
v 202.000000 154.000000 2.706634
v 204.000000 154.000000 2.846476
v 206.000000 154.000000 3.290505
v 208.000000 154.000000 3.315688
v 210.000000 154.000000 3.051095
v 212.000000 154.000000 3.306638
v 214.000000 154.000000 3.719884
v 216.000000 154.000000 3.737344
v 218.000000 154.000000 3.229434
v 220.000000 154.000000 3.042694
v 222.000000 154.000000 3.705117
v 222.972595 154.000000 4.000000
v 224.000000 152.419525 4.000000
v 226.000000 152.794586 4.000000
v 228.000000 154.000000 3.820055
v 227.304932 154.000000 4.000000
v 230.000000 154.000000 3.179474
v 232.000000 154.000000 3.130652
v 234.000000 154.000000 3.513295
v 236.000000 154.000000 3.821928
v 238.000000 154.000000 3.615530
v 240.000000 154.000000 3.146434
v 242.000000 154.000000 3.095062
v 244.000000 154.000000 3.142459
v 246.000000 154.000000 2.919185
v 248.000000 154.000000 2.783742
v 250.000000 154.000000 3.139206
v 252.000000 154.000000 3.605258
v 254.000000 154.000000 3.526721
v 256.000000 154.000000 3.397579
v 258.000000 154.000000 3.421666
v 260.000000 154.000000 3.151263
v 262.000000 154.000000 2.530968
v 264.000000 154.000000 2.611624
v 266.000000 154.000000 3.121553
v 268.000000 154.000000 3.286994
v 270.000000 154.000000 3.156510
v 272.000000 154.000000 3.213260
v 274.000000 154.000000 3.142012
v 276.000000 154.000000 2.628401
v 278.000000 154.000000 2.548206
v 280.000000 154.000000 3.165897
v 282.000000 154.000000 3.457452
v 284.000000 154.000000 3.493782
v 286.000000 154.000000 3.571617
v 288.000000 154.000000 3.608942
v 290.000000 154.000000 3.169864
v 292.000000 154.000000 2.672471
v 294.000000 154.000000 2.677667
v 296.000000 154.000000 2.969369
v 298.000000 154.000000 3.080372
v 300.000000 154.000000 3.128584
v 302.000000 154.000000 3.549052
v 304.000000 154.000000 3.597985
v 306.000000 154.000000 3.460600
v 308.000000 154.000000 3.100149
v 310.000000 154.000000 3.155073
v 312.000000 154.000000 3.847162
v 312.802307 154.000000 4.000000
v 314.000000 153.264572 4.000000
v 316.000000 153.934372 4.000000
v 318.000000 154.000000 3.528154
v 316.076355 154.000000 4.000000
v 320.000000 154.000000 3.126959
v 322.000000 154.000000 3.246779
v 324.000000 154.000000 3.648844
v 326.000000 154.000000 3.653667
v 328.000000 154.000000 3.343104
v 330.000000 154.000000 3.050440
v 332.000000 154.000000 3.262994
v 334.000000 154.000000 3.251718
v 336.000000 154.000000 2.827163
v 338.000000 154.000000 2.783116
v 340.000000 154.000000 2.999615
v 342.000000 154.000000 3.265602
v 344.000000 154.000000 3.310495
v 346.000000 154.000000 3.195931
v 348.000000 154.000000 3.365600
v 350.000000 154.000000 2.954275
v 352.000000 154.000000 2.477433
v 354.000000 154.000000 2.793250
v 356.000000 154.000000 3.398839
v 358.000000 154.000000 3.377530
v 360.000000 154.000000 3.141137
v 2.000000 156.000000 3.484695
v 0.000000 156.000000 3.483798
v 4.000000 156.000000 3.328021
v 6.000000 156.000000 2.911537
v 8.000000 156.000000 2.955726
v 10.000000 156.000000 3.387591
v 12.000000 156.000000 3.577242
v 14.000000 156.000000 3.615016
v 16.000000 156.000000 3.908543
v 18.000000 156.000000 3.831760
v 20.000000 156.000000 3.480110
v 22.000000 156.000000 3.376120
v 24.000000 156.000000 3.552940
v 26.000000 156.000000 3.769099
v 28.000000 156.000000 3.629151
v 30.000000 156.000000 3.456991
v 32.000000 156.000000 3.689543
v 33.830975 156.000000 4.000000
v 34.000000 155.818344 4.000000
v 36.000000 156.000000 3.846291
v 34.307030 156.000000 4.000000
v 38.000000 156.000000 3.547205
v 40.000000 156.000000 3.527092
v 42.000000 156.000000 3.710391
v 44.000000 156.000000 3.822870
v 46.000000 156.000000 3.824022
v 48.000000 156.000000 3.726903
v 50.000000 156.000000 3.548223
v 52.000000 156.000000 3.600051
v 54.000000 156.000000 3.984978
v 54.329647 156.000000 4.000000
v 56.000000 155.718933 4.000000
v 58.000000 156.000000 3.909365
v 56.845898 156.000000 4.000000
v 60.000000 156.000000 3.588716
v 62.000000 156.000000 3.487883
v 64.000000 156.000000 3.455771
v 66.000000 156.000000 3.236859
v 68.000000 156.000000 3.218496
v 70.000000 156.000000 3.511138
v 72.000000 156.000000 3.627172
v 74.000000 156.000000 3.531810
v 76.000000 156.000000 3.418918
v 78.000000 156.000000 3.486471
v 80.000000 156.000000 3.575290
v 82.000000 156.000000 3.113588
v 84.000000 156.000000 2.913152
v 86.000000 156.000000 3.116515
v 88.000000 156.000000 3.391243
v 90.000000 156.000000 3.557275
v 92.000000 156.000000 3.666861
v 94.000000 156.000000 3.511609
v 96.000000 156.000000 3.065226
v 98.000000 156.000000 3.092994
v 100.000000 156.000000 3.521106
v 102.000000 156.000000 3.675866
v 104.000000 156.000000 3.526011
v 106.000000 156.000000 3.468988
v 108.000000 156.000000 3.626272
v 110.000000 156.000000 3.379287
v 112.000000 156.000000 3.083740
v 114.000000 156.000000 3.055963
v 116.000000 156.000000 3.328865
v 118.000000 156.000000 3.507533
v 120.000000 156.000000 3.448752
v 122.000000 156.000000 3.682915
v 123.383698 156.000000 4.000000
v 124.000000 155.551498 4.000000
v 126.000000 156.000000 3.926313
v 125.346123 156.000000 4.000000
v 128.000000 156.000000 3.472214
v 130.000000 156.000000 3.423063
v 132.000000 156.000000 3.687222
v 134.000000 156.000000 3.988463
v 136.000000 156.000000 3.991147
v 138.000000 156.000000 3.827634
v 140.000000 156.000000 3.495031
v 142.000000 156.000000 3.424475
v 144.000000 156.000000 3.705224
v 146.000000 156.000000 3.860743
v 148.000000 156.000000 3.693816
v 150.000000 156.000000 3.452126
v 152.000000 156.000000 3.391906
v 154.000000 156.000000 3.493093
v 156.000000 156.000000 3.274153
v 158.000000 156.000000 3.181365
v 160.000000 156.000000 3.479564
v 162.000000 156.000000 3.925972
v 163.714493 156.000000 4.000000
v 164.000000 155.935242 4.000000
v 166.000000 156.000000 3.802365
v 164.110825 156.000000 4.000000
v 168.000000 156.000000 3.806119
v 170.000000 156.000000 3.573088
v 172.000000 156.000000 2.908673
v 174.000000 156.000000 2.842193
v 176.000000 156.000000 3.409425
v 178.000000 156.000000 3.574998
v 180.000000 156.000000 3.555826
v 182.000000 156.000000 3.714103
v 184.000000 156.000000 3.746624
v 186.000000 156.000000 2.893903
v 188.000000 156.000000 2.640737
v 190.000000 156.000000 3.449276
v 191.963989 156.000000 4.000000
v 192.000000 155.938019 4.000000
v 194.000000 156.000000 3.919527
v 192.228897 156.000000 4.000000
v 194.977798 156.000000 4.000000
v 196.000000 155.644653 4.000000
v 198.000000 155.426773 4.000000
v 200.000000 156.000000 3.538601
v 198.520737 156.000000 4.000000
v 202.000000 156.000000 3.088228
v 204.000000 156.000000 3.192911
v 206.000000 156.000000 3.545601
v 208.000000 156.000000 3.657935
v 210.000000 156.000000 3.519390
v 212.000000 156.000000 3.920836
v 212.465805 156.000000 4.000000
v 214.000000 155.073242 4.000000
v 216.000000 155.092621 4.000000
v 218.000000 156.000000 3.836722
v 217.181808 156.000000 4.000000
v 220.000000 156.000000 3.494322
v 221.707642 156.000000 4.000000
v 222.000000 155.581085 4.000000
v 228.000000 155.110764 4.000000
v 230.000000 156.000000 3.454145
v 228.387589 156.000000 4.000000
v 232.000000 156.000000 3.490933
v 234.000000 156.000000 3.940858
v 234.464493 156.000000 4.000000
v 236.000000 154.995544 4.000000
v 238.000000 156.000000 3.892311
v 237.266571 156.000000 4.000000
v 240.000000 156.000000 3.459776
v 242.000000 156.000000 3.357876
v 244.000000 156.000000 3.341450
v 246.000000 156.000000 3.121616
v 248.000000 156.000000 3.007364
v 250.000000 156.000000 3.408520
v 252.000000 156.000000 3.962031
v 254.000000 156.000000 3.862722
v 256.000000 156.000000 3.715152
v 258.000000 156.000000 3.744292
v 260.000000 156.000000 3.471048
v 262.000000 156.000000 2.910479
v 264.000000 156.000000 2.892406
v 266.000000 156.000000 3.602774
v 268.000000 156.000000 3.823808
v 270.000000 156.000000 3.592834
v 272.000000 156.000000 3.574863
v 274.000000 156.000000 3.440785
v 276.000000 156.000000 2.920552
v 278.000000 156.000000 2.914203
v 280.000000 156.000000 3.553475
v 282.000000 156.000000 3.829533
v 284.000000 156.000000 3.772564
v 286.000000 156.000000 3.892479
v 287.962982 156.000000 4.000000
v 288.000000 155.990845 4.000000
v 290.000000 156.000000 3.429093
v 288.006226 156.000000 4.000000
v 292.000000 156.000000 2.995144
v 294.000000 156.000000 2.996448
v 296.000000 156.000000 3.342748
v 298.000000 156.000000 3.504086
v 300.000000 156.000000 3.502549
v 302.000000 156.000000 3.792557
v 304.000000 156.000000 3.999949
v 306.000000 156.000000 3.795900
v 308.000000 156.000000 3.537790
v 310.000000 156.000000 3.554085
v 311.335388 156.000000 4.000000
v 312.000000 154.738815 4.000000
v 318.000000 155.848846 4.000000
v 320.000000 156.000000 3.597891
v 318.180725 156.000000 4.000000
v 322.000000 156.000000 3.872622
v 322.837402 156.000000 4.000000
v 324.000000 155.325867 4.000000
v 326.000000 155.320129 4.000000
v 328.000000 155.964218 4.000000
v 330.000000 156.000000 3.646246
v 328.070557 156.000000 4.000000
v 332.000000 156.000000 3.781580
v 334.000000 156.000000 3.796236
v 336.000000 156.000000 3.197133
v 338.000000 156.000000 3.118997
v 340.000000 156.000000 3.654288
v 341.941620 156.000000 4.000000
v 342.000000 155.980469 4.000000
v 344.000000 156.000000 3.984547
v 342.726807 156.000000 4.000000
v 346.000000 156.000000 3.974958
v 346.466614 156.000000 4.000000
v 348.000000 155.798630 4.000000
v 350.000000 156.000000 3.582500
v 348.324432 156.000000 4.000000
v 352.000000 156.000000 2.851046
v 354.000000 156.000000 3.187498
v 356.000000 156.000000 3.658841
v 358.000000 156.000000 3.738392
v 360.000000 156.000000 3.483798
v 2.000000 158.000000 3.090704
v 0.000000 158.000000 3.065686
v 4.000000 158.000000 2.955760
v 6.000000 158.000000 2.546660
v 8.000000 158.000000 2.608960
v 10.000000 158.000000 2.977147
v 12.000000 158.000000 3.232546
v 14.000000 158.000000 3.270270
v 16.000000 158.000000 3.440334
v 18.000000 158.000000 3.473178
v 20.000000 158.000000 3.087540
v 22.000000 158.000000 2.912248
v 24.000000 158.000000 3.102737
v 26.000000 158.000000 3.358822
v 28.000000 158.000000 3.222328
v 30.000000 158.000000 3.024865
v 32.000000 158.000000 3.291720
v 34.000000 156.122284 4.000000
v 34.000000 158.000000 3.556524
v 36.000000 158.000000 3.367684
v 38.000000 158.000000 3.126983
v 40.000000 158.000000 3.140782
v 42.000000 158.000000 3.388365
v 44.000000 158.000000 3.499747
v 46.000000 158.000000 3.484996
v 48.000000 158.000000 3.381544
v 50.000000 158.000000 3.150357
v 52.000000 158.000000 3.049438
v 54.000000 158.000000 3.292921
v 56.000000 156.268188 4.000000
v 56.000000 158.000000 3.587205
v 58.000000 158.000000 3.618755
v 60.000000 158.000000 3.218835
v 62.000000 158.000000 3.201581
v 64.000000 158.000000 3.197989
v 66.000000 158.000000 3.072870
v 68.000000 158.000000 2.984418
v 70.000000 158.000000 3.232569
v 72.000000 158.000000 3.417086
v 74.000000 158.000000 3.335122
v 76.000000 158.000000 3.252675
v 78.000000 158.000000 3.245052
v 80.000000 158.000000 3.256041
v 82.000000 158.000000 2.764719
v 84.000000 158.000000 2.507003
v 86.000000 158.000000 2.771814
v 88.000000 158.000000 3.070229
v 90.000000 158.000000 3.300432
v 92.000000 158.000000 3.342700
v 94.000000 158.000000 3.213618
v 96.000000 158.000000 2.855778
v 98.000000 158.000000 2.806030
v 100.000000 158.000000 3.209485
v 102.000000 158.000000 3.446867
v 104.000000 158.000000 3.302627
v 106.000000 158.000000 3.235841
v 108.000000 158.000000 3.344207
v 110.000000 158.000000 3.044795
v 112.000000 158.000000 2.756872
v 114.000000 158.000000 2.679120
v 116.000000 158.000000 2.943817
v 118.000000 158.000000 3.084708
v 120.000000 158.000000 3.061748
v 122.000000 158.000000 3.331190
v 124.000000 156.851608 4.000000
v 124.000000 158.000000 3.793226
v 126.000000 158.000000 3.442670
v 128.000000 158.000000 3.062347
v 130.000000 158.000000 3.020805
v 132.000000 158.000000 3.307732
v 134.000000 158.000000 3.519988
v 136.000000 158.000000 3.619782
v 138.000000 158.000000 3.485319
v 140.000000 158.000000 3.136116
v 142.000000 158.000000 3.036124
v 144.000000 158.000000 3.213642
v 146.000000 158.000000 3.349763
v 148.000000 158.000000 3.342313
v 150.000000 158.000000 3.150192
v 152.000000 158.000000 3.139212
v 154.000000 158.000000 3.101545
v 156.000000 158.000000 2.815299
v 158.000000 158.000000 2.757178
v 160.000000 158.000000 3.189582
v 162.000000 158.000000 3.566538
v 164.000000 156.069885 4.000000
v 164.000000 158.000000 3.670909
v 166.000000 158.000000 3.571085
v 168.000000 158.000000 3.538331
v 170.000000 158.000000 3.262171
v 172.000000 158.000000 2.667399
v 174.000000 158.000000 2.564377
v 176.000000 158.000000 2.907705
v 178.000000 158.000000 3.199603
v 180.000000 158.000000 3.251512
v 182.000000 158.000000 3.446260
v 184.000000 158.000000 3.372203
v 186.000000 158.000000 2.483375
v 188.000000 158.000000 2.306133
v 190.000000 158.000000 3.117164
v 192.000000 156.060532 4.000000
v 192.000000 158.000000 3.654403
v 194.000000 158.000000 3.615026
v 196.000000 156.562515 4.000000
v 196.000000 158.000000 3.775118
v 198.000000 156.897186 4.000000
v 198.000000 158.000000 3.776843
v 200.000000 158.000000 3.175544
v 202.000000 158.000000 2.679014
v 204.000000 158.000000 2.730244
v 206.000000 158.000000 3.017995
v 208.000000 158.000000 3.094878
v 210.000000 158.000000 3.105204
v 212.000000 158.000000 3.524105
v 214.000000 157.615295 4.000000
v 214.000000 158.000000 3.935746
v 216.000000 157.161728 4.000000
v 216.000000 158.000000 3.842385
v 218.000000 158.000000 3.343043
v 220.000000 158.000000 3.085511
v 222.000000 156.375504 4.000000
v 222.000000 158.000000 3.673934
v 223.019424 158.000000 4.000000
v 228.000000 158.000000 3.660647
v 226.852493 158.000000 4.000000
v 228.000000 156.565720 4.000000
v 230.000000 158.000000 3.093247
v 232.000000 158.000000 3.078287
v 234.000000 158.000000 3.573697
v 236.000000 157.225632 4.000000
v 236.000000 158.000000 3.870311
v 238.000000 158.000000 3.540474
v 240.000000 158.000000 3.080570
v 242.000000 158.000000 3.124288
v 244.000000 158.000000 3.143988
v 246.000000 158.000000 2.819838
v 248.000000 158.000000 2.644984
v 250.000000 158.000000 3.065328
v 252.000000 158.000000 3.524322
v 254.000000 158.000000 3.467629
v 256.000000 158.000000 3.306292
v 258.000000 158.000000 3.358927
v 260.000000 158.000000 3.076731
v 262.000000 158.000000 2.414554
v 264.000000 158.000000 2.371404
v 266.000000 158.000000 3.036146
v 268.000000 158.000000 3.273591
v 270.000000 158.000000 3.175802
v 272.000000 158.000000 3.250024
v 274.000000 158.000000 3.085641
v 276.000000 158.000000 2.537316
v 278.000000 158.000000 2.462731
v 280.000000 158.000000 3.117425
v 282.000000 158.000000 3.452200
v 284.000000 158.000000 3.360691
v 286.000000 158.000000 3.487798
v 288.000000 156.009933 4.000000
v 288.000000 158.000000 3.597675
v 290.000000 158.000000 3.082014
v 292.000000 158.000000 2.597569
v 294.000000 158.000000 2.592944
v 296.000000 158.000000 2.895849
v 298.000000 158.000000 3.094225
v 300.000000 158.000000 3.133205
v 302.000000 158.000000 3.494337
v 304.000000 158.000000 3.622982
v 306.000000 158.000000 3.442008
v 308.000000 158.000000 3.146671
v 310.000000 158.000000 3.171381
v 312.000000 157.280197 4.000000
v 312.000000 158.000000 3.842160
v 312.535034 158.000000 4.000000
v 318.000000 158.000000 3.643321
v 316.852448 158.000000 4.000000
v 318.000000 156.207321 4.000000
v 320.000000 158.000000 3.197926
v 322.000000 158.000000 3.401760
v 324.000000 156.863617 4.000000
v 324.000000 158.000000 3.749080
v 326.000000 157.031311 4.000000
v 326.000000 158.000000 3.800556
v 328.000000 156.057404 4.000000
v 328.000000 158.000000 3.526745
v 330.000000 158.000000 3.254647
v 332.000000 158.000000 3.300861
v 334.000000 158.000000 3.254766
v 336.000000 158.000000 2.716473
v 338.000000 158.000000 2.570227
v 340.000000 158.000000 3.089299
v 342.000000 156.044357 4.000000
v 342.000000 158.000000 3.554775
v 344.000000 158.000000 3.645228
v 346.000000 158.000000 3.562689
v 348.000000 156.326645 4.000000
v 348.000000 158.000000 3.540591
v 350.000000 158.000000 3.197450
v 352.000000 158.000000 2.408971
v 354.000000 158.000000 2.725868
v 356.000000 158.000000 3.225785
v 358.000000 158.000000 3.346010
v 360.000000 158.000000 3.065686
v 2.000000 160.000000 3.501503
v 0.000000 160.000000 3.468081
v 4.000000 160.000000 3.346344
v 6.000000 160.000000 2.826314
v 8.000000 160.000000 2.866719
v 10.000000 160.000000 3.466308
v 12.000000 160.000000 3.613431
v 14.000000 160.000000 3.537513
v 16.000000 160.000000 3.665482
v 18.000000 160.000000 3.862639
v 20.000000 160.000000 3.480505
v 22.000000 160.000000 3.309150
v 24.000000 160.000000 3.666061
v 26.000000 160.000000 3.965565
v 28.000000 160.000000 3.692493
v 30.000000 160.000000 3.453899
v 32.000000 160.000000 3.709698
v 34.000000 160.000000 3.818410
v 36.000000 160.000000 3.645989
v 38.000000 160.000000 3.475983
v 40.000000 160.000000 3.484323
v 42.000000 160.000000 3.547724
v 44.000000 160.000000 3.529459
v 46.000000 160.000000 3.498311
v 48.000000 160.000000 3.533133
v 50.000000 160.000000 3.498641
v 52.000000 160.000000 3.441263
v 54.000000 160.000000 3.526495
v 56.000000 160.000000 3.755498
v 58.000000 160.000000 3.724460
v 60.000000 160.000000 3.468620
v 62.000000 160.000000 3.379753
v 64.000000 160.000000 3.436902
v 66.000000 160.000000 3.418811
v 68.000000 160.000000 3.366725
v 70.000000 160.000000 3.497788
v 72.000000 160.000000 3.627728
v 74.000000 160.000000 3.518534
v 76.000000 160.000000 3.411595
v 78.000000 160.000000 3.406436
v 80.000000 160.000000 3.502104
v 82.000000 160.000000 3.202556
v 84.000000 160.000000 2.976106
v 86.000000 160.000000 3.326251
v 88.000000 160.000000 3.519991
v 90.000000 160.000000 3.508077
v 92.000000 160.000000 3.459077
v 94.000000 160.000000 3.397761
v 96.000000 160.000000 3.204447
v 98.000000 160.000000 3.111621
v 100.000000 160.000000 3.497919
v 102.000000 160.000000 3.575866
v 104.000000 160.000000 3.468609
v 106.000000 160.000000 3.345534
v 108.000000 160.000000 3.441903
v 110.000000 160.000000 3.506187
v 112.000000 160.000000 3.265756
v 114.000000 160.000000 3.256863
v 116.000000 160.000000 3.512837
v 118.000000 160.000000 3.625878
v 120.000000 160.000000 3.507102
v 122.000000 160.000000 3.636338
v 124.000000 160.000000 3.924653
v 125.673683 160.000000 4.000000
v 126.000000 159.949570 4.000000
v 128.000000 160.000000 3.619665
v 126.072914 160.000000 4.000000
v 130.000000 160.000000 3.488543
v 132.000000 160.000000 3.717292
v 134.000000 160.000000 3.835134
v 136.000000 160.000000 3.829145
v 138.000000 160.000000 3.780768
v 140.000000 160.000000 3.512580
v 142.000000 160.000000 3.313572
v 144.000000 160.000000 3.487301
v 146.000000 160.000000 3.806221
v 148.000000 160.000000 3.947751
v 150.000000 160.000000 3.464095
v 152.000000 160.000000 3.454469
v 154.000000 160.000000 3.569964
v 156.000000 160.000000 3.314295
v 158.000000 160.000000 3.181904
v 160.000000 160.000000 3.485161
v 162.000000 160.000000 3.956286
v 163.256042 160.000000 4.000000
v 164.000000 159.865341 4.000000
v 166.000000 160.000000 3.885200
v 164.355865 160.000000 4.000000
v 168.000000 160.000000 3.797469
v 170.000000 160.000000 3.470503
v 172.000000 160.000000 2.913235
v 174.000000 160.000000 2.680723
v 176.000000 160.000000 3.167005
v 178.000000 160.000000 3.432438
v 180.000000 160.000000 3.452570
v 182.000000 160.000000 3.621866
v 184.000000 160.000000 3.655920
v 186.000000 160.000000 2.973023
v 188.000000 160.000000 2.828213
v 190.000000 160.000000 3.471776
v 191.964111 160.000000 4.000000
v 192.000000 159.939499 4.000000
v 194.000000 160.000000 3.974669
v 192.576126 160.000000 4.000000
v 194.900177 160.000000 4.000000
v 196.000000 159.745209 4.000000
v 198.000000 160.000000 3.986181
v 197.395584 160.000000 4.000000
v 200.000000 160.000000 3.462322
v 202.000000 160.000000 2.958173
v 204.000000 160.000000 3.019891
v 206.000000 160.000000 3.403621
v 208.000000 160.000000 3.521610
v 210.000000 160.000000 3.460041
v 212.000000 160.000000 3.769889
v 212.820221 160.000000 4.000000
v 214.000000 158.288651 4.000000
v 216.000000 158.631714 4.000000
v 218.000000 160.000000 3.690645
v 217.056061 160.000000 4.000000
v 220.000000 160.000000 3.451450
v 221.526703 160.000000 4.000000
v 222.000000 159.339951 4.000000
v 228.000000 159.201904 4.000000
v 230.000000 160.000000 3.492360
v 228.605682 160.000000 4.000000
v 232.000000 160.000000 3.456178
v 233.909866 160.000000 4.000000
v 234.000000 159.868912 4.000000
v 236.000000 158.549255 4.000000
v 238.000000 160.000000 3.967314
v 237.823608 160.000000 4.000000
v 240.000000 160.000000 3.448650
v 242.000000 160.000000 3.444643
v 244.000000 160.000000 3.479157
v 246.000000 160.000000 3.034089
v 248.000000 160.000000 2.940516
v 250.000000 160.000000 3.414549
v 252.000000 160.000000 3.691924
v 254.000000 160.000000 3.609955
v 256.000000 160.000000 3.543960
v 258.000000 160.000000 3.664327
v 260.000000 160.000000 3.423127
v 262.000000 160.000000 2.757493
v 264.000000 160.000000 2.724156
v 266.000000 160.000000 3.351443
v 268.000000 160.000000 3.560267
v 270.000000 160.000000 3.467894
v 272.000000 160.000000 3.631484
v 274.000000 160.000000 3.456931
v 276.000000 160.000000 2.812404
v 278.000000 160.000000 2.819469
v 280.000000 160.000000 3.455920
v 282.000000 160.000000 3.662189
v 284.000000 160.000000 3.655454
v 286.000000 160.000000 3.753482
v 288.000000 160.000000 3.869804
v 290.000000 160.000000 3.448091
v 292.000000 160.000000 2.920155
v 294.000000 160.000000 3.005267
v 296.000000 160.000000 3.233391
v 298.000000 160.000000 3.287727
v 300.000000 160.000000 3.438738
v 302.000000 160.000000 3.886374
v 303.767578 160.000000 4.000000
v 304.000000 159.925980 4.000000
v 306.000000 160.000000 3.761876
v 304.112213 160.000000 4.000000
v 308.000000 160.000000 3.392123
v 310.000000 160.000000 3.464517
v 311.802643 160.000000 4.000000
v 312.000000 159.384155 4.000000
v 318.000000 160.000000 3.841164
v 317.271637 160.000000 4.000000
v 320.000000 160.000000 3.442560
v 322.000000 160.000000 3.649112
v 323.666595 160.000000 4.000000
v 324.000000 159.527176 4.000000
v 326.000000 159.138306 4.000000
v 328.000000 160.000000 3.751022
v 326.713562 160.000000 4.000000
v 330.000000 160.000000 3.426243
v 332.000000 160.000000 3.448639
v 334.000000 160.000000 3.404498
v 336.000000 160.000000 2.982138
v 338.000000 160.000000 2.847153
v 340.000000 160.000000 3.382376
v 342.000000 160.000000 3.817604
v 344.000000 160.000000 3.937785
v 346.000000 160.000000 3.806227
v 348.000000 160.000000 3.773062
v 350.000000 160.000000 3.375962
v 352.000000 160.000000 2.671287
v 354.000000 160.000000 3.097664
v 356.000000 160.000000 3.867455
v 358.000000 160.000000 3.836172
v 360.000000 160.000000 3.468081
v 124.000000 0.000000 4.036649
v 126.000000 0.000000 4.047720
v 124.000000 4.000000 4.171853
v 126.000000 4.000000 4.091841
v 124.000000 10.000000 4.014725
v 126.000000 10.000000 4.004636
v 0.000000 12.000000 4.036980
v 12.000000 12.000000 4.036738
v 14.000000 12.000000 4.062846
v 16.000000 12.000000 4.057827
v 18.000000 12.000000 4.177572
v 20.000000 12.000000 4.080037
v 26.000000 12.000000 4.053040
v 28.000000 12.000000 4.169680
v 30.000000 12.000000 4.220757
v 32.000000 12.000000 4.259921
v 34.000000 12.000000 4.418966
v 36.000000 12.000000 4.438175
v 38.000000 12.000000 4.431519
v 40.000000 12.000000 4.282255
v 42.000000 12.000000 4.268389
v 44.000000 12.000000 4.333864
v 46.000000 12.000000 4.478726
v 48.000000 12.000000 4.489500
v 50.000000 12.000000 4.399666
v 52.000000 12.000000 4.467588
v 54.000000 12.000000 4.655132
v 56.000000 12.000000 4.666713
v 58.000000 12.000000 4.578706
v 60.000000 12.000000 4.391075
v 62.000000 12.000000 4.397471
v 64.000000 12.000000 4.434211
v 66.000000 12.000000 4.336448
v 68.000000 12.000000 4.232209
v 70.000000 12.000000 4.304113
v 72.000000 12.000000 4.334749
v 74.000000 12.000000 4.287879
v 76.000000 12.000000 4.173866
v 78.000000 12.000000 4.402664
v 80.000000 12.000000 4.443748
v 82.000000 12.000000 4.037829
v 86.000000 12.000000 4.293866
v 88.000000 12.000000 4.434972
v 90.000000 12.000000 4.509873
v 92.000000 12.000000 4.621607
v 94.000000 12.000000 4.660552
v 96.000000 12.000000 4.436091
v 98.000000 12.000000 4.238416
v 100.000000 12.000000 4.516283
v 102.000000 12.000000 4.590273
v 104.000000 12.000000 4.443513
v 106.000000 12.000000 4.480868
v 108.000000 12.000000 4.651651
v 110.000000 12.000000 4.420199
v 112.000000 12.000000 4.240499
v 114.000000 12.000000 4.305063
v 116.000000 12.000000 4.521364
v 118.000000 12.000000 4.568066
v 120.000000 12.000000 4.505277
v 122.000000 12.000000 4.723157
v 124.000000 12.000000 5.027980
v 126.000000 12.000000 4.839756
v 128.000000 12.000000 4.548914
v 130.000000 12.000000 4.462482
v 132.000000 12.000000 4.504325
v 134.000000 12.000000 4.553133
v 136.000000 12.000000 4.450141
v 138.000000 12.000000 4.455481
v 140.000000 12.000000 4.381062
v 142.000000 12.000000 4.371313
v 144.000000 12.000000 4.442062
v 146.000000 12.000000 4.414206
v 148.000000 12.000000 4.306943
v 150.000000 12.000000 4.064945
v 166.000000 12.000000 4.001978
v 186.000000 12.000000 4.015091
v 212.000000 12.000000 4.108444
v 214.000000 12.000000 4.285316
v 216.000000 12.000000 4.220809
v 218.000000 12.000000 4.142497
v 232.000000 12.000000 4.032910
v 234.000000 12.000000 4.136707
v 236.000000 12.000000 4.106208
v 238.000000 12.000000 4.070542
v 244.000000 12.000000 4.011300
v 330.000000 12.000000 4.045571
v 332.000000 12.000000 4.008768
v 346.000000 12.000000 4.086377
v 348.000000 12.000000 4.123075
v 350.000000 12.000000 4.036631
v 352.000000 12.000000 4.024233
v 354.000000 12.000000 4.084252
v 356.000000 12.000000 4.069638
v 358.000000 12.000000 4.007465
v 360.000000 12.000000 4.036980
v 34.000000 14.000000 4.133039
v 36.000000 14.000000 4.060729
v 38.000000 14.000000 4.026678
v 52.000000 14.000000 4.131895
v 54.000000 14.000000 4.247011
v 56.000000 14.000000 4.198034
v 58.000000 14.000000 4.094613
v 78.000000 14.000000 4.097990
v 80.000000 14.000000 4.020481
v 88.000000 14.000000 4.022898
v 90.000000 14.000000 4.106722
v 92.000000 14.000000 4.238304
v 94.000000 14.000000 4.087196
v 100.000000 14.000000 4.126635
v 102.000000 14.000000 4.183253
v 104.000000 14.000000 4.188624
v 106.000000 14.000000 4.182847
v 108.000000 14.000000 4.225723
v 110.000000 14.000000 4.095051
v 112.000000 14.000000 4.007762
v 114.000000 14.000000 4.085524
v 116.000000 14.000000 4.150032
v 118.000000 14.000000 4.176815
v 120.000000 14.000000 4.149882
v 122.000000 14.000000 4.265556
v 124.000000 14.000000 4.495655
v 126.000000 14.000000 4.338161
v 128.000000 14.000000 4.159376
v 130.000000 14.000000 4.049744
v 132.000000 14.000000 4.112616
v 134.000000 14.000000 4.108271
v 136.000000 14.000000 4.078991
v 138.000000 14.000000 4.140698
v 144.000000 14.000000 4.005446
v 146.000000 14.000000 4.034810
v 148.000000 14.000000 4.023844
v 212.000000 14.000000 4.050013
v 214.000000 14.000000 4.149273
v 216.000000 14.000000 4.066643
v 124.000000 16.000000 4.032698
v 126.000000 16.000000 4.019612
v 76.000000 18.000000 4.013179
v 78.000000 18.000000 4.138269
v 80.000000 18.000000 4.076603
v 90.000000 18.000000 4.007528
v 100.000000 18.000000 4.073993
v 102.000000 18.000000 4.007016
v 104.000000 18.000000 4.100974
v 106.000000 18.000000 4.235340
v 108.000000 18.000000 4.104064
v 110.000000 18.000000 4.138471
v 112.000000 18.000000 4.074097
v 114.000000 18.000000 4.142480
v 116.000000 18.000000 4.206966
v 118.000000 18.000000 4.227181
v 120.000000 18.000000 4.069386
v 122.000000 18.000000 4.101643
v 124.000000 18.000000 4.403884
v 126.000000 18.000000 4.284324
v 128.000000 18.000000 4.188372
v 132.000000 18.000000 4.219311
v 134.000000 18.000000 4.278854
v 136.000000 18.000000 4.133864
v 138.000000 18.000000 4.037367
v 56.000000 20.000000 4.095400
v 58.000000 20.000000 4.126019
v 72.000000 20.000000 4.071125
v 74.000000 20.000000 4.111809
v 76.000000 20.000000 4.160998
v 78.000000 20.000000 4.184888
v 80.000000 20.000000 4.165348
v 86.000000 20.000000 4.072125
v 88.000000 20.000000 4.233210
v 90.000000 20.000000 4.416755
v 92.000000 20.000000 4.375299
v 94.000000 20.000000 4.130269
v 96.000000 20.000000 4.063543
v 98.000000 20.000000 4.187611
v 100.000000 20.000000 4.471806
v 102.000000 20.000000 4.460669
v 104.000000 20.000000 4.491881
v 106.000000 20.000000 4.585604
v 108.000000 20.000000 4.452366
v 110.000000 20.000000 4.473057
v 112.000000 20.000000 4.335287
v 114.000000 20.000000 4.359260
v 116.000000 20.000000 4.423525
v 118.000000 20.000000 4.415480
v 120.000000 20.000000 4.336442
v 122.000000 20.000000 4.487909
v 124.000000 20.000000 4.781597
v 126.000000 20.000000 4.594658
v 128.000000 20.000000 4.288040
v 130.000000 20.000000 4.198269
v 132.000000 20.000000 4.450393
v 134.000000 20.000000 4.497267
v 136.000000 20.000000 4.370652
v 138.000000 20.000000 4.245068
v 144.000000 20.000000 4.168044
v 146.000000 20.000000 4.168467
v 148.000000 20.000000 4.095603
v 214.000000 20.000000 4.038050
v 56.000000 22.000000 4.059328
v 70.000000 22.000000 4.023565
v 72.000000 22.000000 4.037532
v 74.000000 22.000000 4.002718
v 76.000000 22.000000 4.137887
v 78.000000 22.000000 4.273601
v 80.000000 22.000000 4.165545
v 86.000000 22.000000 4.080444
v 88.000000 22.000000 4.298215
v 90.000000 22.000000 4.391794
v 92.000000 22.000000 4.313328
v 94.000000 22.000000 4.133961
v 98.000000 22.000000 4.119867
v 100.000000 22.000000 4.394985
v 102.000000 22.000000 4.300300
v 104.000000 22.000000 4.380049
v 106.000000 22.000000 4.610107
v 108.000000 22.000000 4.441559
v 110.000000 22.000000 4.256898
v 112.000000 22.000000 4.150668
v 114.000000 22.000000 4.141118
v 116.000000 22.000000 4.245618
v 118.000000 22.000000 4.212795
v 120.000000 22.000000 4.118343
v 122.000000 22.000000 4.281815
v 124.000000 22.000000 4.673197
v 126.000000 22.000000 4.492225
v 128.000000 22.000000 4.118201
v 132.000000 22.000000 4.184336
v 134.000000 22.000000 4.375077
v 136.000000 22.000000 4.299843
v 138.000000 22.000000 4.053677
v 144.000000 22.000000 4.154050
v 146.000000 22.000000 4.201698
v 148.000000 22.000000 4.101401
v 214.000000 22.000000 4.245858
v 216.000000 22.000000 4.010532
v 56.000000 24.000000 4.196729
v 58.000000 24.000000 4.107477
v 68.000000 24.000000 4.055711
v 70.000000 24.000000 4.305098
v 72.000000 24.000000 4.305686
v 74.000000 24.000000 4.408371
v 76.000000 24.000000 4.495919
v 78.000000 24.000000 4.565188
v 80.000000 24.000000 4.506397
v 82.000000 24.000000 4.145833
v 84.000000 24.000000 4.015888
v 86.000000 24.000000 4.374108
v 88.000000 24.000000 4.552339
v 90.000000 24.000000 4.587894
v 92.000000 24.000000 4.557774
v 94.000000 24.000000 4.353146
v 96.000000 24.000000 4.288582
v 98.000000 24.000000 4.425052
v 100.000000 24.000000 4.799431
v 102.000000 24.000000 4.699353
v 104.000000 24.000000 4.809587
v 106.000000 24.000000 5.005240
v 108.000000 24.000000 4.724988
v 110.000000 24.000000 4.621968
v 112.000000 24.000000 4.461398
v 114.000000 24.000000 4.340217
v 116.000000 24.000000 4.334313
v 118.000000 24.000000 4.261967
v 120.000000 24.000000 4.358195
v 122.000000 24.000000 4.548356
v 124.000000 24.000000 4.751727
v 126.000000 24.000000 4.573929
v 128.000000 24.000000 4.322173
v 130.000000 24.000000 4.149296
v 132.000000 24.000000 4.328414
v 134.000000 24.000000 4.457567
v 136.000000 24.000000 4.311506
v 138.000000 24.000000 4.199010
v 140.000000 24.000000 4.020856
v 142.000000 24.000000 4.027148
v 144.000000 24.000000 4.203045
v 146.000000 24.000000 4.216257
v 148.000000 24.000000 4.103196
v 214.000000 24.000000 4.008718
v 2.000000 26.000000 4.002347
v 18.000000 26.000000 4.133269
v 26.000000 26.000000 4.158906
v 28.000000 26.000000 4.105384
v 30.000000 26.000000 4.042997
v 32.000000 26.000000 4.194209
v 34.000000 26.000000 4.284650
v 36.000000 26.000000 4.314214
v 38.000000 26.000000 4.224108
v 40.000000 26.000000 4.109934
v 42.000000 26.000000 4.120729
v 44.000000 26.000000 4.275896
v 46.000000 26.000000 4.571581
v 48.000000 26.000000 4.677393
v 50.000000 26.000000 4.481142
v 52.000000 26.000000 4.609519
v 54.000000 26.000000 4.881701
v 56.000000 26.000000 5.010667
v 58.000000 26.000000 4.977723
v 60.000000 26.000000 4.815511
v 62.000000 26.000000 4.791229
v 64.000000 26.000000 4.602505
v 66.000000 26.000000 4.683528
v 68.000000 26.000000 4.770129
v 70.000000 26.000000 4.942533
v 72.000000 26.000000 5.217605
v 74.000000 26.000000 5.447890
v 76.000000 26.000000 5.559619
v 78.000000 26.000000 5.537401
v 80.000000 26.000000 5.602732
v 82.000000 26.000000 5.244166
v 84.000000 26.000000 5.047295
v 86.000000 26.000000 5.429115
v 88.000000 26.000000 5.835784
v 90.000000 26.000000 5.874838
v 92.000000 26.000000 5.775536
v 94.000000 26.000000 5.500490
v 96.000000 26.000000 5.365307
v 98.000000 26.000000 5.541228
v 100.000000 26.000000 5.969246
v 100.612518 26.000000 6.000000
v 102.000000 25.913099 6.000000
v 104.000000 25.612892 6.000000
v 106.000000 25.656841 6.000000
v 108.000000 26.000000 5.773196
v 107.033379 26.000000 6.000000
v 110.000000 26.000000 5.695845
v 112.000000 26.000000 5.484857
v 114.000000 26.000000 5.330966
v 116.000000 26.000000 5.469107
v 118.000000 26.000000 5.499498
v 120.000000 26.000000 5.628264
v 122.000000 26.000000 5.630761
v 124.000000 26.000000 5.524142
v 126.000000 26.000000 5.363821
v 128.000000 26.000000 5.189713
v 130.000000 26.000000 5.166245
v 132.000000 26.000000 5.364681
v 134.000000 26.000000 5.249682
v 136.000000 26.000000 5.055610
v 138.000000 26.000000 4.928719
v 140.000000 26.000000 4.747269
v 142.000000 26.000000 4.708435
v 144.000000 26.000000 4.705791
v 146.000000 26.000000 4.686994
v 148.000000 26.000000 4.666492
v 150.000000 26.000000 4.371163
v 152.000000 26.000000 4.356180
v 154.000000 26.000000 4.096925
v 156.000000 26.000000 4.055860
v 158.000000 26.000000 4.133440
v 160.000000 26.000000 4.231013
v 162.000000 26.000000 4.282036
v 164.000000 26.000000 4.278053
v 166.000000 26.000000 4.171129
v 168.000000 26.000000 4.145314
v 182.000000 26.000000 4.052550
v 184.000000 26.000000 4.026517
v 212.000000 26.000000 4.036657
v 214.000000 26.000000 4.203446
v 216.000000 26.000000 4.111076
v 326.000000 26.000000 4.029282
v 0.000000 28.000000 4.100174
v 2.000000 28.000000 4.307019
v 4.000000 28.000000 4.210531
v 6.000000 28.000000 4.081808
v 8.000000 28.000000 4.086188
v 10.000000 28.000000 4.152530
v 12.000000 28.000000 4.094869
v 14.000000 28.000000 4.156476
v 16.000000 28.000000 4.278991
v 18.000000 28.000000 4.369317
v 20.000000 28.000000 4.131517
v 24.000000 28.000000 4.137280
v 26.000000 28.000000 4.386144
v 28.000000 28.000000 4.385759
v 30.000000 28.000000 4.467451
v 32.000000 28.000000 4.699756
v 34.000000 28.000000 4.709221
v 36.000000 28.000000 4.702652
v 38.000000 28.000000 4.638246
v 40.000000 28.000000 4.551827
v 42.000000 28.000000 4.590718
v 44.000000 28.000000 4.813028
v 46.000000 28.000000 5.135396
v 48.000000 28.000000 5.207052
v 50.000000 28.000000 5.017598
v 52.000000 28.000000 5.254655
v 54.000000 28.000000 5.689742
v 56.000000 28.000000 5.623738
v 58.000000 28.000000 5.503255
v 60.000000 28.000000 5.390599
v 62.000000 28.000000 5.417604
v 64.000000 28.000000 5.264112
v 66.000000 28.000000 5.212436
v 68.000000 28.000000 5.181306
v 70.000000 28.000000 5.428398
v 72.000000 28.000000 5.897815
v 74.000000 28.000000 5.949944
v 74.416336 28.000000 6.000000
v 76.000000 27.421339 6.000000
v 78.000000 27.174759 6.000000
v 80.000000 27.309965 6.000000
v 82.000000 28.000000 5.648060
v 80.736038 28.000000 6.000000
v 84.000000 28.000000 5.666240
v 85.663979 28.000000 6.000000
v 86.000000 27.796139 6.000000
v 88.000000 26.356926 6.000000
v 90.000000 26.252169 6.000000
v 92.000000 26.521793 6.000000
v 94.000000 27.238693 6.000000
v 96.000000 27.675352 6.000000
v 98.000000 27.482567 6.000000
v 100.000000 26.071085 6.000000
v 108.000000 26.507696 6.000000
v 110.000000 26.921204 6.000000
v 112.000000 28.000000 5.997199
v 111.985733 28.000000 6.000000
v 112.084915 28.000000 6.000000
v 114.000000 27.832436 6.000000
v 116.000000 27.236603 6.000000
v 118.000000 27.252882 6.000000
v 120.000000 27.170002 6.000000
v 122.000000 26.994148 6.000000
v 124.000000 27.505341 6.000000
v 126.000000 28.000000 5.819108
v 124.881836 28.000000 6.000000
v 128.000000 28.000000 5.695937
v 130.000000 28.000000 5.768118
v 131.259888 28.000000 6.000000
v 132.000000 27.699856 6.000000
v 134.000000 28.000000 5.842966
v 132.907562 28.000000 6.000000
v 136.000000 28.000000 5.513733
v 138.000000 28.000000 5.381271
v 140.000000 28.000000 5.203980
v 142.000000 28.000000 5.154795
v 144.000000 28.000000 5.091490
v 146.000000 28.000000 5.134338
v 148.000000 28.000000 5.138369
v 150.000000 28.000000 4.842293
v 152.000000 28.000000 4.757809
v 154.000000 28.000000 4.629037
v 156.000000 28.000000 4.609083
v 158.000000 28.000000 4.618104
v 160.000000 28.000000 4.563417
v 162.000000 28.000000 4.711755
v 164.000000 28.000000 4.688049
v 166.000000 28.000000 4.549188
v 168.000000 28.000000 4.494219
v 170.000000 28.000000 4.340511
v 172.000000 28.000000 4.111208
v 176.000000 28.000000 4.113976
v 178.000000 28.000000 4.222919
v 180.000000 28.000000 4.221984
v 182.000000 28.000000 4.384973
v 184.000000 28.000000 4.413572
v 186.000000 28.000000 4.141226
v 190.000000 28.000000 4.106664
v 192.000000 28.000000 4.089980
v 194.000000 28.000000 4.084273
v 196.000000 28.000000 4.146350
v 198.000000 28.000000 4.147627
v 200.000000 28.000000 4.047027
v 212.000000 28.000000 4.277675
v 214.000000 28.000000 4.465252
v 216.000000 28.000000 4.297258
v 218.000000 28.000000 4.157847
v 220.000000 28.000000 4.031061
v 222.000000 28.000000 4.001143
v 224.000000 28.000000 4.037987
v 234.000000 28.000000 4.103626
v 236.000000 28.000000 4.209806
v 238.000000 28.000000 4.189988
v 252.000000 28.000000 4.064114
v 254.000000 28.000000 4.031384
v 256.000000 28.000000 4.008133
v 258.000000 28.000000 4.051276
v 288.000000 28.000000 4.031120
v 300.000000 28.000000 4.054914
v 302.000000 28.000000 4.166740
v 304.000000 28.000000 4.185798
v 306.000000 28.000000 4.089586
v 308.000000 28.000000 4.022979
v 310.000000 28.000000 4.050300
v 312.000000 28.000000 4.152182
v 314.000000 28.000000 4.100488
v 316.000000 28.000000 4.093418
v 322.000000 28.000000 4.067648
v 324.000000 28.000000 4.281710
v 326.000000 28.000000 4.206575
v 334.000000 28.000000 4.007870
v 342.000000 28.000000 4.004305
v 344.000000 28.000000 4.034883
v 348.000000 28.000000 4.077222
v 350.000000 28.000000 4.105180
v 356.000000 28.000000 4.157986
v 358.000000 28.000000 4.070462
v 360.000000 28.000000 4.100174
v 18.000000 30.000000 4.038454
v 30.000000 30.000000 4.066422
v 32.000000 30.000000 4.355815
v 34.000000 30.000000 4.510753
v 36.000000 30.000000 4.464603
v 38.000000 30.000000 4.389328
v 40.000000 30.000000 4.319726
v 42.000000 30.000000 4.451529
v 44.000000 30.000000 4.740537
v 46.000000 30.000000 5.108900
v 48.000000 30.000000 4.842705
v 50.000000 30.000000 4.705042
v 52.000000 30.000000 5.047044
v 54.000000 30.000000 5.603081
v 56.000000 30.000000 5.498412
v 58.000000 30.000000 5.227631
v 60.000000 30.000000 5.105747
v 62.000000 30.000000 5.215512
v 64.000000 30.000000 5.218154
v 66.000000 30.000000 5.153777
v 68.000000 30.000000 5.229074
v 70.000000 30.000000 5.591432
v 72.000000 30.000000 5.682100
v 74.000000 30.000000 5.818186
v 74.992302 30.000000 6.000000
v 82.000000 30.000000 5.772717
v 80.900337 30.000000 6.000000
v 84.000000 30.000000 5.669325
v 86.000000 29.438768 6.000000
v 86.000000 30.000000 5.973102
v 86.109039 30.000000 6.000000
v 112.000000 28.012016 6.000000
v 126.000000 30.000000 5.593994
v 124.396935 30.000000 6.000000
v 128.000000 30.000000 5.428396
v 130.000000 30.000000 5.464650
v 132.000000 28.882126 6.000000
v 132.000000 30.000000 5.823577
v 134.000000 30.000000 5.746376
v 136.000000 30.000000 5.383542
v 138.000000 30.000000 5.170969
v 140.000000 30.000000 4.920132
v 142.000000 30.000000 4.927540
v 144.000000 30.000000 4.910782
v 146.000000 30.000000 4.870099
v 148.000000 30.000000 4.776885
v 150.000000 30.000000 4.486709
v 152.000000 30.000000 4.405125
v 154.000000 30.000000 4.318757
v 156.000000 30.000000 4.319272
v 158.000000 30.000000 4.220345
v 160.000000 30.000000 4.207473
v 162.000000 30.000000 4.376441
v 164.000000 30.000000 4.353189
v 166.000000 30.000000 4.152993
v 168.000000 30.000000 4.129248
v 170.000000 30.000000 4.001871
v 182.000000 30.000000 4.042597
v 184.000000 30.000000 4.078141
v 214.000000 30.000000 4.217891
v 216.000000 30.000000 4.101920
v 32.000000 32.000000 4.004349
v 34.000000 32.000000 4.111766
v 36.000000 32.000000 4.093815
v 42.000000 32.000000 4.220924
v 44.000000 32.000000 4.459722
v 46.000000 32.000000 4.602987
v 48.000000 32.000000 4.306275
v 50.000000 32.000000 4.128961
v 52.000000 32.000000 4.472237
v 54.000000 32.000000 4.963480
v 56.000000 32.000000 4.951876
v 58.000000 32.000000 4.869244
v 60.000000 32.000000 4.725480
v 62.000000 32.000000 4.764248
v 64.000000 32.000000 4.710310
v 66.000000 32.000000 4.730110
v 68.000000 32.000000 4.933838
v 70.000000 32.000000 5.553145
v 72.000000 32.000000 5.532983
v 74.000000 32.000000 5.662084
v 76.000000 30.722944 6.000000
v 76.000000 32.000000 5.717929
v 78.000000 31.019018 6.000000
v 78.000000 32.000000 5.749146
v 80.000000 31.140114 6.000000
v 80.000000 32.000000 5.867582
v 82.000000 32.000000 5.318780
v 84.000000 32.000000 5.041981
v 86.000000 32.000000 5.620335
v 88.000000 31.185986 6.000000
v 88.000000 32.000000 5.706477
v 90.000000 31.845186 6.000000
v 90.000000 32.000000 5.936947
v 92.000000 31.374409 6.000000
v 92.000000 32.000000 5.788703
v 94.000000 30.174585 6.000000
v 94.000000 32.000000 5.267074
v 96.000000 30.026886 6.000000
v 96.000000 32.000000 5.266703
v 98.000000 30.687603 6.000000
v 98.000000 32.000000 5.541000
v 99.601318 32.000000 6.000000
v 110.000000 32.000000 5.912490
v 108.548683 32.000000 6.000000
v 110.000000 31.770258 6.000000
v 112.000000 31.169447 6.000000
v 112.000000 32.000000 5.690004
v 114.000000 30.993732 6.000000
v 114.000000 32.000000 5.723999
v 116.000000 30.575729 6.000000
v 116.000000 32.000000 5.593855
v 118.000000 30.078054 6.000000
v 118.000000 32.000000 5.418549
v 120.000000 30.533205 6.000000
v 120.000000 32.000000 5.518093
v 122.000000 30.689262 6.000000
v 122.000000 32.000000 5.574738
v 124.000000 30.442677 6.000000
v 124.000000 32.000000 5.622861
v 126.000000 32.000000 5.087689
v 128.000000 32.000000 4.977668
v 130.000000 32.000000 4.984615
v 132.000000 32.000000 5.257096
v 134.000000 32.000000 5.157554
v 136.000000 32.000000 4.945621
v 138.000000 32.000000 4.668240
v 140.000000 32.000000 4.386312
v 142.000000 32.000000 4.267086
v 144.000000 32.000000 4.482291
v 146.000000 32.000000 4.323446
v 148.000000 32.000000 4.237444
v 16.000000 34.000000 4.071922
v 18.000000 34.000000 4.148078
v 26.000000 34.000000 4.015112
v 28.000000 34.000000 4.006908
v 30.000000 34.000000 4.135878
v 32.000000 34.000000 4.606358
v 34.000000 34.000000 4.550095
v 36.000000 34.000000 4.376047
v 38.000000 34.000000 4.422189
v 40.000000 34.000000 4.517194
v 42.000000 34.000000 4.750931
v 44.000000 34.000000 4.929043
v 46.000000 34.000000 5.036040
v 48.000000 34.000000 5.001979
v 50.000000 34.000000 4.792113
v 52.000000 34.000000 5.271075
v 54.000000 34.000000 5.976796
v 56.000000 34.000000 5.767930
v 58.000000 34.000000 5.622493
v 60.000000 34.000000 5.487409
v 62.000000 34.000000 5.372940
v 64.000000 34.000000 5.258926
v 66.000000 34.000000 5.438115
v 68.000000 34.000000 5.996312
v 68.016930 34.000000 6.000000
v 70.000000 33.064144 6.000000
v 72.000000 33.285160 6.000000
v 74.000000 32.615437 6.000000
v 76.000000 32.401772 6.000000
v 78.000000 32.465504 6.000000
v 80.000000 32.255455 6.000000
v 82.000000 33.164333 6.000000
v 84.000000 33.382473 6.000000
v 86.000000 32.614433 6.000000
v 88.000000 32.467659 6.000000
v 90.000000 32.112972 6.000000
v 92.000000 32.453304 6.000000
v 94.000000 33.406124 6.000000
v 96.000000 33.456356 6.000000
v 98.000000 32.882019 6.000000
v 110.000000 32.223652 6.000000
v 112.000000 32.614922 6.000000
v 114.000000 32.549061 6.000000
v 116.000000 32.859436 6.000000
v 118.000000 33.467216 6.000000
v 120.000000 33.334568 6.000000
v 122.000000 33.037487 6.000000
v 124.000000 32.917114 6.000000
v 126.000000 34.000000 5.892655
v 125.626678 34.000000 6.000000
v 128.000000 34.000000 5.844434
v 130.000000 34.000000 5.829876
v 131.433838 34.000000 6.000000
v 132.000000 33.861588 6.000000
v 134.000000 34.000000 5.886670
v 132.703430 34.000000 6.000000
v 136.000000 34.000000 5.455031
v 138.000000 34.000000 5.297385
v 140.000000 34.000000 4.989390
v 142.000000 34.000000 4.830331
v 144.000000 34.000000 4.822647
v 146.000000 34.000000 4.779459
v 148.000000 34.000000 4.703272
v 150.000000 34.000000 4.413441
v 152.000000 34.000000 4.376008
v 154.000000 34.000000 4.295237
v 156.000000 34.000000 4.425413
v 158.000000 34.000000 4.265435
v 160.000000 34.000000 4.055792
v 162.000000 34.000000 4.200110
v 164.000000 34.000000 4.320730
v 2.000000 36.000000 5.028336
v 0.000000 36.000000 4.505966
v 4.000000 36.000000 4.710351
v 6.000000 36.000000 4.477357
v 8.000000 36.000000 4.561396
v 10.000000 36.000000 4.651500
v 12.000000 36.000000 4.810076
v 14.000000 36.000000 5.059298
v 16.000000 36.000000 5.324515
v 18.000000 36.000000 5.355748
v 20.000000 36.000000 5.097757
v 22.000000 36.000000 4.984699
v 24.000000 36.000000 5.065985
v 26.000000 36.000000 5.074858
v 28.000000 36.000000 5.192059
v 30.000000 36.000000 5.552396
v 31.419910 36.000000 6.000000
v 32.000000 35.796425 6.000000
v 34.000000 36.000000 5.830823
v 33.061619 36.000000 6.000000
v 36.000000 36.000000 5.525743
v 38.000000 36.000000 5.493607
v 40.000000 36.000000 5.771244
v 41.152599 36.000000 6.000000
v 42.000000 35.800766 6.000000
v 44.000000 35.596794 6.000000
v 46.000000 35.469784 6.000000
v 48.000000 35.381630 6.000000
v 50.000000 35.521877 6.000000
v 52.000000 34.782185 6.000000
v 54.000000 34.027149 6.000000
v 56.000000 34.282516 6.000000
v 58.000000 34.474522 6.000000
v 60.000000 34.630539 6.000000
v 62.000000 34.749008 6.000000
v 64.000000 34.963123 6.000000
v 66.000000 34.686432 6.000000
v 68.000000 34.004421 6.000000
v 126.000000 34.146866 6.000000
v 128.000000 34.200661 6.000000
v 130.000000 34.217995 6.000000
v 134.000000 34.163166 6.000000
v 136.000000 34.954453 6.000000
v 138.000000 35.084122 6.000000
v 140.000000 35.417126 6.000000
v 142.000000 35.617466 6.000000
v 144.000000 35.957691 6.000000
v 146.000000 36.000000 5.818919
v 144.286682 36.000000 6.000000
v 148.000000 36.000000 5.923470
v 150.000000 36.000000 5.806182
v 152.000000 36.000000 5.667279
v 154.000000 36.000000 5.840077
v 155.471390 36.000000 6.000000
v 156.000000 35.954002 6.000000
v 158.000000 36.000000 5.625923
v 156.227234 36.000000 6.000000
v 160.000000 36.000000 5.407038
v 162.000000 36.000000 5.464875
v 164.000000 36.000000 5.467402
v 166.000000 36.000000 5.134535
v 168.000000 36.000000 4.871545
v 170.000000 36.000000 4.887552
v 172.000000 36.000000 4.589774
v 174.000000 36.000000 4.216618
v 176.000000 36.000000 4.396642
v 178.000000 36.000000 4.638911
v 180.000000 36.000000 4.672580
v 182.000000 36.000000 4.724167
v 184.000000 36.000000 4.909550
v 186.000000 36.000000 4.813982
v 188.000000 36.000000 4.520064
v 190.000000 36.000000 4.576382
v 192.000000 36.000000 4.880606
v 194.000000 36.000000 4.895519
v 196.000000 36.000000 4.662187
v 198.000000 36.000000 4.497763
v 200.000000 36.000000 4.492005
v 202.000000 36.000000 4.162774
v 204.000000 36.000000 4.025595
v 206.000000 36.000000 4.258009
v 208.000000 36.000000 4.424852
v 210.000000 36.000000 4.411026
v 212.000000 36.000000 4.279941
v 214.000000 36.000000 4.541241
v 216.000000 36.000000 4.581423
v 218.000000 36.000000 4.351791
v 220.000000 36.000000 4.377813
v 222.000000 36.000000 4.533856
v 224.000000 36.000000 4.598755
v 226.000000 36.000000 4.589343
v 228.000000 36.000000 4.566461
v 230.000000 36.000000 4.275588
v 232.000000 36.000000 4.139512
v 234.000000 36.000000 4.202426
v 236.000000 36.000000 4.284943
v 238.000000 36.000000 4.452290
v 240.000000 36.000000 4.176452
v 250.000000 36.000000 4.033743
v 252.000000 36.000000 4.194375
v 254.000000 36.000000 4.336167
v 256.000000 36.000000 4.284343
v 258.000000 36.000000 4.244658
v 282.000000 36.000000 4.141977
v 284.000000 36.000000 4.221509
v 286.000000 36.000000 4.148408
v 300.000000 36.000000 4.038623
v 302.000000 36.000000 4.079609
v 304.000000 36.000000 4.151365
v 306.000000 36.000000 4.251996
v 308.000000 36.000000 4.190687
v 310.000000 36.000000 4.058692
v 312.000000 36.000000 4.272836
v 314.000000 36.000000 4.506806
v 316.000000 36.000000 4.581414
v 318.000000 36.000000 4.373520
v 322.000000 36.000000 4.059101
v 324.000000 36.000000 4.199290
v 326.000000 36.000000 4.164081
v 328.000000 36.000000 4.081712
v 330.000000 36.000000 4.083485
v 332.000000 36.000000 4.286128
v 334.000000 36.000000 4.272116
v 336.000000 36.000000 4.007414
v 340.000000 36.000000 4.068722
v 342.000000 36.000000 4.027446
v 344.000000 36.000000 4.127892
v 346.000000 36.000000 4.392316
v 348.000000 36.000000 4.427458
v 350.000000 36.000000 4.322053
v 352.000000 36.000000 4.213398
v 354.000000 36.000000 4.293473
v 356.000000 36.000000 4.346118
v 358.000000 36.000000 4.384753
v 360.000000 36.000000 4.505966
v 2.000000 38.000000 5.890118
v 0.000000 38.000000 5.237658
v 4.000000 38.000000 5.243189
v 6.000000 38.000000 4.958177
v 8.000000 38.000000 5.153903
v 10.000000 38.000000 5.254520
v 12.000000 38.000000 5.474836
v 14.000000 38.000000 5.773204
v 15.016584 38.000000 6.000000
v 16.000000 37.554497 6.000000
v 18.000000 37.440884 6.000000
v 20.000000 38.000000 5.906449
v 19.513746 38.000000 6.000000
v 22.000000 38.000000 5.835750
v 24.000000 38.000000 5.981594
v 26.000000 38.000000 5.844289
v 28.000000 38.000000 5.938406
v 28.222448 38.000000 6.000000
v 30.000000 37.026978 6.000000
v 34.000000 36.533470 6.000000
v 36.000000 37.362289 6.000000
v 38.000000 37.620621 6.000000
v 40.000000 36.629196 6.000000
v 146.000000 36.484043 6.000000
v 148.000000 36.204483 6.000000
v 150.000000 36.465549 6.000000
v 152.000000 36.699772 6.000000
v 154.000000 36.360195 6.000000
v 158.000000 36.881145 6.000000
v 160.000000 37.830364 6.000000
v 162.000000 37.981209 6.000000
v 164.000000 37.974552 6.000000
v 166.000000 38.000000 5.581308
v 164.034882 38.000000 6.000000
v 168.000000 38.000000 5.503037
v 170.000000 38.000000 5.517244
v 172.000000 38.000000 5.164227
v 174.000000 38.000000 4.708509
v 176.000000 38.000000 4.849951
v 178.000000 38.000000 5.212282
v 180.000000 38.000000 5.340293
v 182.000000 38.000000 5.437132
v 184.000000 38.000000 5.570585
v 186.000000 38.000000 5.364882
v 188.000000 38.000000 5.011858
v 190.000000 38.000000 5.101028
v 192.000000 38.000000 5.341359
v 194.000000 38.000000 5.295716
v 196.000000 38.000000 5.178937
v 198.000000 38.000000 5.074790
v 200.000000 38.000000 5.015262
v 202.000000 38.000000 4.625113
v 204.000000 38.000000 4.556093
v 206.000000 38.000000 4.902794
v 208.000000 38.000000 5.081600
v 210.000000 38.000000 4.952332
v 212.000000 38.000000 4.868634
v 214.000000 38.000000 5.152245
v 216.000000 38.000000 5.134327
v 218.000000 38.000000 4.905341
v 220.000000 38.000000 4.891695
v 222.000000 38.000000 5.108091
v 224.000000 38.000000 5.033030
v 226.000000 38.000000 4.958146
v 228.000000 38.000000 4.940210
v 230.000000 38.000000 4.694730
v 232.000000 38.000000 4.601852
v 234.000000 38.000000 4.647701
v 236.000000 38.000000 4.761701
v 238.000000 38.000000 4.921555
v 240.000000 38.000000 4.643471
v 242.000000 38.000000 4.357250
v 244.000000 38.000000 4.190442
v 246.000000 38.000000 4.224355
v 248.000000 38.000000 4.277664
v 250.000000 38.000000 4.386194
v 252.000000 38.000000 4.589083
v 254.000000 38.000000 4.804490
v 256.000000 38.000000 4.744064
v 258.000000 38.000000 4.565242
v 260.000000 38.000000 4.403652
v 262.000000 38.000000 4.171551
v 264.000000 38.000000 4.010453
v 266.000000 38.000000 4.121727
v 268.000000 38.000000 4.451634
v 270.000000 38.000000 4.408092
v 272.000000 38.000000 4.212094
v 274.000000 38.000000 4.090644
v 278.000000 38.000000 4.095053
v 280.000000 38.000000 4.367416
v 282.000000 38.000000 4.555067
v 284.000000 38.000000 4.645586
v 286.000000 38.000000 4.454593
v 288.000000 38.000000 4.286820
v 290.000000 38.000000 4.385839
v 292.000000 38.000000 4.248281
v 296.000000 38.000000 4.043037
v 298.000000 38.000000 4.403406
v 300.000000 38.000000 4.490245
v 302.000000 38.000000 4.428447
v 304.000000 38.000000 4.424890
v 306.000000 38.000000 4.713879
v 308.000000 38.000000 4.661747
v 310.000000 38.000000 4.489576
v 312.000000 38.000000 4.694078
v 314.000000 38.000000 5.070851
v 316.000000 38.000000 5.310791
v 318.000000 38.000000 4.960319
v 320.000000 38.000000 4.510252
v 322.000000 38.000000 4.500817
v 324.000000 38.000000 4.779028
v 326.000000 38.000000 4.837789
v 328.000000 38.000000 4.653193
v 330.000000 38.000000 4.580162
v 332.000000 38.000000 4.762100
v 334.000000 38.000000 4.630434
v 336.000000 38.000000 4.265008
v 338.000000 38.000000 4.342173
v 340.000000 38.000000 4.653024
v 342.000000 38.000000 4.603403
v 344.000000 38.000000 4.755257
v 346.000000 38.000000 5.092751
v 348.000000 38.000000 5.227159
v 350.000000 38.000000 4.976181
v 352.000000 38.000000 4.803051
v 354.000000 38.000000 5.047465
v 356.000000 38.000000 5.161302
v 358.000000 38.000000 4.977377
v 360.000000 38.000000 5.237658
v 2.000000 40.000000 5.360778
v 0.000000 40.000000 4.752612
v 4.000000 40.000000 4.847254
v 6.000000 40.000000 4.385703
v 8.000000 40.000000 4.705516
v 10.000000 40.000000 5.150598
v 12.000000 40.000000 5.135941
v 14.000000 40.000000 5.317161
v 16.000000 38.957840 6.000000
v 16.000000 40.000000 5.746974
v 18.000000 39.352123 6.000000
v 18.000000 40.000000 5.867014
v 20.000000 40.000000 5.359247
v 22.000000 40.000000 5.373286
v 24.000000 40.000000 5.563714
v 26.000000 40.000000 5.638341
v 28.000000 40.000000 5.496794
v 30.000000 39.589054 6.000000
v 30.000000 40.000000 5.879034
v 30.247787 40.000000 6.000000
v 36.000000 40.000000 5.861554
v 35.438141 40.000000 6.000000
v 36.000000 39.252991 6.000000
v 38.000000 39.068851 6.000000
v 38.000000 40.000000 5.895213
v 38.408249 40.000000 6.000000
v 150.000000 40.000000 5.916519
v 149.420532 40.000000 6.000000
v 150.000000 39.774719 6.000000
v 152.000000 39.726173 6.000000
v 152.000000 40.000000 5.894612
v 154.000000 39.836071 6.000000
v 154.000000 40.000000 5.941746
v 156.000000 39.776466 6.000000
v 156.000000 40.000000 5.905694
v 158.000000 38.868038 6.000000
v 158.000000 40.000000 5.381583
v 160.000000 38.131981 6.000000
v 160.000000 40.000000 5.227179
v 162.000000 38.016888 6.000000
v 162.000000 40.000000 5.371420
v 164.000000 38.018650 6.000000
v 164.000000 40.000000 5.225023
v 166.000000 40.000000 4.792526
v 168.000000 40.000000 4.789701
v 170.000000 40.000000 4.794819
v 172.000000 40.000000 4.388824
v 174.000000 40.000000 4.154207
v 176.000000 40.000000 4.486986
v 178.000000 40.000000 4.703707
v 180.000000 40.000000 4.541740
v 182.000000 40.000000 4.800397
v 184.000000 40.000000 4.951360
v 186.000000 40.000000 4.552287
v 188.000000 40.000000 4.255105
v 190.000000 40.000000 4.398955
v 192.000000 40.000000 4.474698
v 194.000000 40.000000 4.413820
v 196.000000 40.000000 4.433946
v 198.000000 40.000000 4.429302
v 200.000000 40.000000 4.367640
v 202.000000 40.000000 4.135129
v 204.000000 40.000000 4.103407
v 206.000000 40.000000 4.332376
v 208.000000 40.000000 4.402630
v 210.000000 40.000000 4.355746
v 212.000000 40.000000 4.375973
v 214.000000 40.000000 4.660496
v 216.000000 40.000000 4.654063
v 218.000000 40.000000 4.366613
v 220.000000 40.000000 4.302685
v 222.000000 40.000000 4.403491
v 224.000000 40.000000 4.340620
v 226.000000 40.000000 4.293062
v 228.000000 40.000000 4.268419
v 230.000000 40.000000 4.177563
v 232.000000 40.000000 4.134435
v 234.000000 40.000000 4.145439
v 236.000000 40.000000 4.204593
v 238.000000 40.000000 4.281112
v 240.000000 40.000000 4.083731
v 252.000000 40.000000 4.081299
v 254.000000 40.000000 4.231296
v 256.000000 40.000000 4.093694
v 306.000000 40.000000 4.086413
v 308.000000 40.000000 4.015819
v 314.000000 40.000000 4.157619
v 316.000000 40.000000 4.437945
v 318.000000 40.000000 4.132852
v 324.000000 40.000000 4.047876
v 326.000000 40.000000 4.264520
v 328.000000 40.000000 4.144473
v 340.000000 40.000000 4.116057
v 342.000000 40.000000 4.269601
v 344.000000 40.000000 4.229888
v 346.000000 40.000000 4.385806
v 348.000000 40.000000 4.527506
v 350.000000 40.000000 4.379214
v 352.000000 40.000000 4.216769
v 354.000000 40.000000 4.699648
v 356.000000 40.000000 4.951300
v 358.000000 40.000000 4.712496
v 360.000000 40.000000 4.752612
v 2.000000 42.000000 4.780065
v 0.000000 42.000000 4.399742
v 4.000000 42.000000 4.612666
v 6.000000 42.000000 4.114832
v 8.000000 42.000000 4.471900
v 10.000000 42.000000 4.842983
v 12.000000 42.000000 4.935452
v 14.000000 42.000000 4.941142
v 16.000000 42.000000 5.366282
v 18.000000 42.000000 5.358765
v 20.000000 42.000000 5.108098
v 22.000000 42.000000 5.125711
v 24.000000 42.000000 5.272064
v 26.000000 42.000000 5.387131
v 28.000000 42.000000 5.410613
v 30.000000 42.000000 5.694084
v 30.727489 42.000000 6.000000
v 36.000000 42.000000 5.961533
v 35.848289 42.000000 6.000000
v 37.288479 42.000000 6.000000
v 38.000000 41.674946 6.000000
v 150.000000 42.000000 5.651877
v 148.439072 42.000000 6.000000
v 152.000000 42.000000 5.554769
v 154.000000 42.000000 5.948936
v 155.508179 42.000000 6.000000
v 156.000000 41.752140 6.000000
v 158.000000 42.000000 5.447211
v 156.049438 42.000000 6.000000
v 160.000000 42.000000 5.067812
v 162.000000 42.000000 5.150699
v 164.000000 42.000000 4.955974
v 166.000000 42.000000 4.659283
v 168.000000 42.000000 4.728326
v 170.000000 42.000000 4.836285
v 172.000000 42.000000 4.358531
v 176.000000 42.000000 4.334660
v 178.000000 42.000000 4.450780
v 180.000000 42.000000 4.414056
v 182.000000 42.000000 4.723948
v 184.000000 42.000000 4.938686
v 186.000000 42.000000 4.546253
v 188.000000 42.000000 4.128485
v 190.000000 42.000000 4.057522
v 192.000000 42.000000 4.103670
v 194.000000 42.000000 4.004008
v 212.000000 42.000000 4.041601
v 214.000000 42.000000 4.358485
v 216.000000 42.000000 4.358713
v 224.000000 42.000000 4.031558
v 342.000000 42.000000 4.040264
v 348.000000 42.000000 4.033116
v 350.000000 42.000000 4.117466
v 352.000000 42.000000 4.040063
v 354.000000 42.000000 4.473632
v 356.000000 42.000000 4.555266
v 358.000000 42.000000 4.577492
v 360.000000 42.000000 4.399742
v 2.000000 44.000000 5.769449
v 0.000000 44.000000 5.336346
v 4.000000 44.000000 5.637266
v 6.000000 44.000000 5.135045
v 8.000000 44.000000 5.435433
v 10.000000 44.000000 5.773709
v 12.000000 44.000000 5.688841
v 14.000000 44.000000 5.876385
v 14.415291 44.000000 6.000000
v 16.000000 43.182198 6.000000
v 18.000000 42.979229 6.000000
v 20.000000 43.440556 6.000000
v 22.000000 43.562279 6.000000
v 24.000000 43.324787 6.000000
v 26.000000 43.161682 6.000000
v 28.000000 42.977917 6.000000
v 30.000000 42.444252 6.000000
v 36.000000 42.055061 6.000000
v 150.000000 43.102913 6.000000
v 152.000000 43.074913 6.000000
v 154.000000 42.143497 6.000000
v 158.000000 43.430328 6.000000
v 160.000000 44.000000 5.649800
v 158.784058 44.000000 6.000000
v 162.000000 44.000000 5.496243
v 164.000000 44.000000 5.438023
v 166.000000 44.000000 5.027335
v 168.000000 44.000000 5.062690
v 170.000000 44.000000 5.186950
v 172.000000 44.000000 4.864862
v 174.000000 44.000000 4.449774
v 176.000000 44.000000 4.678191
v 178.000000 44.000000 4.892331
v 180.000000 44.000000 4.895546
v 182.000000 44.000000 5.199781
v 184.000000 44.000000 5.425162
v 186.000000 44.000000 5.108147
v 188.000000 44.000000 4.723882
v 190.000000 44.000000 4.551852
v 192.000000 44.000000 4.693127
v 194.000000 44.000000 4.583611
v 196.000000 44.000000 4.512953
v 198.000000 44.000000 4.477121
v 200.000000 44.000000 4.396163
v 202.000000 44.000000 4.172162
v 204.000000 44.000000 4.119521
v 206.000000 44.000000 4.217586
v 208.000000 44.000000 4.272075
v 210.000000 44.000000 4.381355
v 212.000000 44.000000 4.556584
v 214.000000 44.000000 4.875136
v 216.000000 44.000000 4.860512
v 218.000000 44.000000 4.539888
v 220.000000 44.000000 4.448784
v 222.000000 44.000000 4.514079
v 224.000000 44.000000 4.587170
v 226.000000 44.000000 4.568601
v 228.000000 44.000000 4.501527
v 230.000000 44.000000 4.395633
v 232.000000 44.000000 4.291407
v 234.000000 44.000000 4.136603
v 236.000000 44.000000 4.221717
v 238.000000 44.000000 4.329300
v 240.000000 44.000000 4.188407
v 248.000000 44.000000 4.100143
v 250.000000 44.000000 4.162401
v 252.000000 44.000000 4.229959
v 254.000000 44.000000 4.279212
v 256.000000 44.000000 4.126746
v 306.000000 44.000000 4.162034
v 308.000000 44.000000 4.086335
v 312.000000 44.000000 4.010874
v 314.000000 44.000000 4.457431
v 316.000000 44.000000 4.575270
v 318.000000 44.000000 4.270247
v 322.000000 44.000000 4.092137
v 324.000000 44.000000 4.361963
v 326.000000 44.000000 4.440475
v 328.000000 44.000000 4.414159
v 330.000000 44.000000 4.248847
v 332.000000 44.000000 4.361827
v 334.000000 44.000000 4.350814
v 336.000000 44.000000 4.224674
v 338.000000 44.000000 4.287127
v 340.000000 44.000000 4.640192
v 342.000000 44.000000 4.751344
v 344.000000 44.000000 4.681155
v 346.000000 44.000000 4.799149
v 348.000000 44.000000 5.040882
v 350.000000 44.000000 5.002059
v 352.000000 44.000000 4.920249
v 354.000000 44.000000 5.213089
v 356.000000 44.000000 5.330316
v 358.000000 44.000000 5.246611
v 360.000000 44.000000 5.336346
v 0.000000 45.134079 6.000000
v 2.000000 44.337196 6.000000
v 4.000000 44.585018 6.000000
v 6.000000 45.625366 6.000000
v 8.000000 45.049259 6.000000
v 10.000000 44.401421 6.000000
v 12.000000 44.540535 6.000000
v 14.000000 44.179398 6.000000
v 160.000000 44.935001 6.000000
v 162.000000 45.604626 6.000000
v 164.000000 45.501873 6.000000
v 166.000000 46.000000 5.727548
v 164.737396 46.000000 6.000000
v 168.000000 46.000000 5.598825
v 170.000000 46.000000 5.621116
v 172.000000 46.000000 5.462635
v 174.000000 46.000000 5.274734
v 176.000000 46.000000 5.323509
v 178.000000 46.000000 5.518813
v 180.000000 46.000000 5.404202
v 182.000000 46.000000 5.672400
v 184.000000 46.000000 5.833620
v 186.000000 46.000000 5.599058
v 188.000000 46.000000 5.359335
v 190.000000 46.000000 5.352519
v 192.000000 46.000000 5.498156
v 194.000000 46.000000 5.421664
v 196.000000 46.000000 5.329414
v 198.000000 46.000000 5.270638
v 200.000000 46.000000 5.328269
v 202.000000 46.000000 5.192006
v 204.000000 46.000000 5.133928
v 206.000000 46.000000 5.257722
v 208.000000 46.000000 5.405027
v 210.000000 46.000000 5.345572
v 212.000000 46.000000 5.341950
v 214.000000 46.000000 5.463227
v 216.000000 46.000000 5.476710
v 218.000000 46.000000 5.463690
v 220.000000 46.000000 5.518778
v 222.000000 46.000000 5.708468
v 224.000000 46.000000 5.699559
v 226.000000 46.000000 5.636934
v 228.000000 46.000000 5.566792
v 230.000000 46.000000 5.442663
v 232.000000 46.000000 5.362398
v 234.000000 46.000000 5.143077
v 236.000000 46.000000 5.171052
v 238.000000 46.000000 5.445221
v 240.000000 46.000000 5.362803
v 242.000000 46.000000 5.007239
v 244.000000 46.000000 4.891445
v 246.000000 46.000000 4.981267
v 248.000000 46.000000 5.135952
v 250.000000 46.000000 5.170834
v 252.000000 46.000000 5.198637
v 254.000000 46.000000 5.268279
v 256.000000 46.000000 5.157769
v 258.000000 46.000000 5.071771
v 260.000000 46.000000 4.989434
v 262.000000 46.000000 4.952967
v 264.000000 46.000000 4.778155
v 266.000000 46.000000 4.654509
v 268.000000 46.000000 4.841339
v 270.000000 46.000000 4.892164
v 272.000000 46.000000 4.925571
v 274.000000 46.000000 4.802504
v 276.000000 46.000000 4.765749
v 278.000000 46.000000 4.836941
v 280.000000 46.000000 4.839684
v 282.000000 46.000000 4.803931
v 284.000000 46.000000 4.807620
v 286.000000 46.000000 4.737887
v 288.000000 46.000000 4.671593
v 290.000000 46.000000 4.764131
v 292.000000 46.000000 4.792823
v 294.000000 46.000000 4.544971
v 296.000000 46.000000 4.574980
v 298.000000 46.000000 4.789334
v 300.000000 46.000000 4.934331
v 302.000000 46.000000 4.956982
v 304.000000 46.000000 5.069643
v 306.000000 46.000000 5.155935
v 308.000000 46.000000 5.164719
v 310.000000 46.000000 4.959080
v 312.000000 46.000000 5.043597
v 314.000000 46.000000 5.394410
v 316.000000 46.000000 5.546854
v 318.000000 46.000000 5.423865
v 320.000000 46.000000 5.153191
v 322.000000 46.000000 5.066656
v 324.000000 46.000000 5.258068
v 326.000000 46.000000 5.322515
v 328.000000 46.000000 5.390656
v 330.000000 46.000000 5.341646
v 332.000000 46.000000 5.506724
v 334.000000 46.000000 5.595991
v 336.000000 46.000000 5.490512
v 338.000000 46.000000 5.538120
v 340.000000 46.000000 5.700449
v 342.000000 46.000000 5.718373
v 344.000000 46.000000 5.880525
v 346.000000 46.000000 5.995685
v 346.030579 46.000000 6.000000
v 348.000000 45.571068 6.000000
v 350.000000 45.901009 6.000000
v 352.000000 46.000000 5.966261
v 351.274597 46.000000 6.000000
v 352.264435 46.000000 6.000000
v 354.000000 45.597481 6.000000
v 356.000000 45.282928 6.000000
v 358.000000 45.601341 6.000000
v 360.000000 45.134079 6.000000
v 166.000000 46.882320 6.000000
v 168.000000 47.515362 6.000000
v 170.000000 47.290436 6.000000
v 172.000000 47.934788 6.000000
v 174.000000 48.000000 5.732004
v 172.133682 48.000000 6.000000
v 176.000000 48.000000 5.884172
v 177.879639 48.000000 6.000000
v 178.000000 47.972855 6.000000
v 180.000000 48.000000 5.933867
v 178.192963 48.000000 6.000000
v 180.957016 48.000000 6.000000
v 182.000000 47.644497 6.000000
v 184.000000 46.757454 6.000000
v 186.000000 47.367046 6.000000
v 188.000000 47.934731 6.000000
v 190.000000 48.000000 5.898360
v 188.398117 48.000000 6.000000
v 191.017456 48.000000 6.000000
v 192.000000 47.692913 6.000000
v 194.000000 47.868458 6.000000
v 196.000000 48.000000 5.880936
v 194.543457 48.000000 6.000000
v 198.000000 48.000000 5.748651
v 200.000000 48.000000 5.807121
v 202.000000 48.000000 5.750401
v 204.000000 48.000000 5.651721
v 206.000000 48.000000 5.690674
v 208.000000 48.000000 5.889706
v 210.000000 48.000000 5.862185
v 212.000000 48.000000 5.803988
v 214.000000 48.000000 5.937786
v 216.000000 48.000000 5.980645
v 216.420425 48.000000 6.000000
v 218.000000 47.766441 6.000000
v 220.000000 47.581970 6.000000
v 222.000000 47.211098 6.000000
v 224.000000 47.141460 6.000000
v 226.000000 47.278221 6.000000
v 228.000000 47.443684 6.000000
v 230.000000 47.821270 6.000000
v 232.000000 48.000000 5.880459
v 230.683838 48.000000 6.000000
v 234.000000 48.000000 5.682380
v 236.000000 48.000000 5.692131
v 237.987854 48.000000 6.000000
v 238.000000 47.993576 6.000000
v 240.000000 48.000000 5.998423
v 239.104935 48.000000 6.000000
v 242.000000 48.000000 5.716233
v 244.000000 48.000000 5.481575
v 246.000000 48.000000 5.596200
v 248.000000 48.000000 5.685619
v 250.000000 48.000000 5.650927
v 252.000000 48.000000 5.633916
v 254.000000 48.000000 5.701610
v 256.000000 48.000000 5.590909
v 258.000000 48.000000 5.589420
v 260.000000 48.000000 5.521719
v 262.000000 48.000000 5.563267
v 264.000000 48.000000 5.400166
v 266.000000 48.000000 5.206145
v 268.000000 48.000000 5.437860
v 270.000000 48.000000 5.576217
v 272.000000 48.000000 5.678237
v 274.000000 48.000000 5.471990
v 276.000000 48.000000 5.326895
v 278.000000 48.000000 5.432086
v 280.000000 48.000000 5.310665
v 282.000000 48.000000 5.208618
v 284.000000 48.000000 5.182949
v 286.000000 48.000000 5.097903
v 288.000000 48.000000 5.087125
v 290.000000 48.000000 5.278605
v 292.000000 48.000000 5.369566
v 294.000000 48.000000 5.245625
v 296.000000 48.000000 5.172474
v 298.000000 48.000000 5.433609
v 300.000000 48.000000 5.596229
v 302.000000 48.000000 5.570738
v 304.000000 48.000000 5.717603
v 306.000000 48.000000 5.824206
v 308.000000 48.000000 5.797062
v 310.000000 48.000000 5.593532
v 312.000000 48.000000 5.634873
v 313.405060 48.000000 6.000000
v 314.000000 47.593754 6.000000
v 316.000000 47.103672 6.000000
v 318.000000 47.845989 6.000000
v 320.000000 48.000000 5.724164
v 318.308929 48.000000 6.000000
v 322.000000 48.000000 5.613211
v 324.000000 48.000000 5.870406
v 326.000000 48.000000 5.904695
v 328.000000 48.000000 5.846005
v 330.000000 48.000000 5.926719
v 330.641174 48.000000 6.000000
v 332.000000 47.538094 6.000000
v 334.000000 47.366661 6.000000
v 336.000000 47.842823 6.000000
v 338.000000 47.668865 6.000000
v 340.000000 46.988293 6.000000
v 342.000000 46.843739 6.000000
v 344.000000 46.388313 6.000000
v 346.000000 46.010502 6.000000
v 352.000000 46.112598 6.000000
v 174.000000 50.000000 5.677125
v 172.606964 50.000000 6.000000
v 176.000000 50.000000 5.798368
v 177.845413 50.000000 6.000000
v 180.000000 48.873409 6.000000
v 190.000000 49.062359 6.000000
v 196.000000 48.680626 6.000000
v 198.000000 50.000000 5.991657
v 197.930542 50.000000 6.000000
v 198.147324 50.000000 6.000000
v 200.000000 49.302864 6.000000
v 202.000000 49.895813 6.000000
v 204.000000 50.000000 5.877315
v 202.221451 50.000000 6.000000
v 206.000000 50.000000 5.982045
v 206.207382 50.000000 6.000000
v 208.000000 48.881527 6.000000
v 210.000000 48.688751 6.000000
v 212.000000 49.788212 6.000000
v 214.000000 48.816410 6.000000
v 216.000000 48.086830 6.000000
v 232.000000 50.000000 5.921392
v 231.429413 50.000000 6.000000
v 234.000000 50.000000 5.784692
v 236.000000 50.000000 5.986823
v 236.130859 50.000000 6.000000
v 240.000000 48.090420 6.000000
v 242.000000 50.000000 5.917827
v 240.581528 50.000000 6.000000
v 244.000000 50.000000 5.802890
v 246.000000 50.000000 5.791518
v 248.000000 50.000000 5.822298
v 250.000000 50.000000 5.872653
v 251.677521 50.000000 6.000000
v 252.000000 49.883537 6.000000
v 254.000000 50.000000 5.960856
v 252.765686 50.000000 6.000000
v 256.000000 50.000000 5.761871
v 258.000000 50.000000 5.692880
v 260.000000 50.000000 5.786196
v 262.000000 50.000000 5.732829
v 264.000000 50.000000 5.510517
v 266.000000 50.000000 5.515886
v 268.000000 50.000000 5.669798
v 270.000000 50.000000 5.688099
v 272.000000 50.000000 5.856173
v 274.000000 50.000000 5.565333
v 276.000000 50.000000 5.439070
v 278.000000 50.000000 5.520935
v 280.000000 50.000000 5.637661
v 282.000000 50.000000 5.672423
v 284.000000 50.000000 5.544947
v 286.000000 50.000000 5.257574
v 288.000000 50.000000 5.372150
v 290.000000 50.000000 5.659583
v 292.000000 50.000000 5.579792
v 294.000000 50.000000 5.375777
v 296.000000 50.000000 5.518535
v 298.000000 50.000000 5.769442
v 300.000000 50.000000 5.765317
v 302.000000 50.000000 5.656243
v 304.000000 50.000000 5.940807
v 304.393768 50.000000 6.000000
v 306.000000 48.847389 6.000000
v 308.000000 49.553074 6.000000
v 310.000000 50.000000 5.824296
v 308.539612 50.000000 6.000000
v 310.770569 50.000000 6.000000
v 312.000000 49.219009 6.000000
v 320.000000 50.000000 5.950649
v 319.782623 50.000000 6.000000
v 322.000000 50.000000 5.872307
v 322.610718 50.000000 6.000000
v 324.000000 48.657909 6.000000
v 326.000000 48.407707 6.000000
v 328.000000 49.208393 6.000000
v 330.000000 48.569519 6.000000
v 174.000000 51.790405 6.000000
v 176.000000 51.023602 6.000000
v 198.000000 50.031544 6.000000
v 204.000000 50.577774 6.000000
v 206.000000 50.097641 6.000000
v 232.000000 50.238522 6.000000
v 234.000000 50.602337 6.000000
v 236.000000 50.035614 6.000000
v 242.000000 50.293755 6.000000
v 244.000000 50.832539 6.000000
v 246.000000 51.109238 6.000000
v 248.000000 51.024185 6.000000
v 250.000000 50.427002 6.000000
v 254.000000 50.138851 6.000000
v 256.000000 51.313301 6.000000
v 258.000000 51.823406 6.000000
v 260.000000 51.453991 6.000000
v 262.000000 51.900299 6.000000
v 264.000000 52.000000 5.781878
v 262.132141 52.000000 6.000000
v 266.000000 52.000000 5.974466
v 266.358765 52.000000 6.000000
v 268.000000 51.510624 6.000000
v 270.000000 52.000000 5.998849
v 269.979950 52.000000 6.000000
v 272.000000 52.000000 5.958518
v 274.000000 52.000000 5.931524
v 276.000000 52.000000 5.780397
v 278.000000 52.000000 5.993246
v 278.058838 52.000000 6.000000
v 280.000000 51.305546 6.000000
v 282.000000 51.163303 6.000000
v 284.000000 51.917904 6.000000
v 286.000000 52.000000 5.850985
v 284.251770 52.000000 6.000000
v 286.892029 52.000000 6.000000
v 288.000000 51.556126 6.000000
v 290.000000 51.399578 6.000000
v 292.000000 52.000000 5.823115
v 290.961182 52.000000 6.000000
v 294.000000 52.000000 5.721244
v 296.000000 52.000000 5.966350
v 296.255188 52.000000 6.000000
v 298.000000 51.028717 6.000000
v 300.000000 51.587551 6.000000
v 302.000000 52.000000 5.967240
v 301.322235 52.000000 6.000000
v 302.131897 52.000000 6.000000
v 304.000000 50.255444 6.000000
v 310.000000 51.295807 6.000000
v 320.000000 50.229145 6.000000
v 322.000000 50.470539 6.000000
v 264.000000 52.376778 6.000000
v 266.000000 52.047974 6.000000
v 270.000000 52.002144 6.000000
v 272.000000 52.075558 6.000000
v 274.000000 52.128551 6.000000
v 276.000000 52.417473 6.000000
v 278.000000 52.012207 6.000000
v 286.000000 52.311466 6.000000
v 292.000000 52.294624 6.000000
v 294.000000 52.505077 6.000000
v 296.000000 52.059433 6.000000
v 302.000000 52.055782 6.000000
v 92.000000 102.000000 5.821105
v 91.413544 102.000000 6.000000
v 92.000000 101.685493 6.000000
v 94.000000 101.782303 6.000000
v 94.000000 102.000000 5.882916
v 95.110359 102.000000 6.000000
v 92.000000 104.000000 5.987403
v 91.914009 104.000000 6.000000
v 92.593040 104.000000 6.000000
v 94.000000 103.579048 6.000000
v 96.000000 103.679405 6.000000
v 96.000000 104.000000 5.983609
v 95.270866 104.000000 6.000000
v 96.912132 104.000000 6.000000
v 92.000000 106.000000 5.953476
v 91.443596 106.000000 6.000000
v 92.792862 106.000000 6.000000
v 96.000000 106.000000 5.996931
v 95.911736 106.000000 6.000000
v 96.048729 106.000000 6.000000
v 90.000000 108.000000 5.708874
v 88.794586 108.000000 6.000000
v 90.000000 106.543579 6.000000
v 92.000000 108.000000 5.600794
v 94.000000 106.268127 6.000000
v 94.000000 108.000000 5.586036
v 96.000000 108.000000 5.684962
v 98.000000 107.252220 6.000000
v 98.000000 108.000000 5.925224
v 100.000000 106.786774 6.000000
v 100.000000 108.000000 5.782395
v 102.000000 106.817406 6.000000
v 102.000000 108.000000 5.759646
v 104.000000 107.335274 6.000000
v 104.000000 108.000000 5.843013
v 106.000000 107.054375 6.000000
v 106.000000 108.000000 5.788373
v 108.000000 107.329582 6.000000
v 108.000000 108.000000 5.816284
v 108.893768 108.000000 6.000000
v 72.000000 110.000000 5.819785
v 70.880898 110.000000 6.000000
v 72.000000 109.666824 6.000000
v 74.000000 109.573936 6.000000
v 74.000000 110.000000 5.778025
v 76.000000 109.559837 6.000000
v 76.000000 110.000000 5.777785
v 78.000000 109.057556 6.000000
v 78.000000 110.000000 5.586690
v 80.000000 108.672523 6.000000
v 80.000000 110.000000 5.393831
v 82.000000 109.626259 6.000000
v 82.000000 110.000000 5.849906
v 84.000000 109.238976 6.000000
v 84.000000 110.000000 5.619506
v 86.000000 108.965591 6.000000
v 86.000000 110.000000 5.527740
v 88.000000 108.582085 6.000000
v 88.000000 110.000000 5.508292
v 90.000000 110.000000 4.958650
v 92.000000 110.000000 4.703874
v 94.000000 110.000000 4.718754
v 96.000000 110.000000 4.914187
v 98.000000 110.000000 5.024472
v 100.000000 110.000000 4.866206
v 102.000000 110.000000 4.902845
v 104.000000 110.000000 4.891121
v 106.000000 110.000000 4.887768
v 108.000000 110.000000 4.982845
v 110.000000 108.513786 6.000000
v 110.000000 110.000000 5.360137
v 112.000000 109.440002 6.000000
v 112.000000 110.000000 5.712044
v 114.000000 109.709175 6.000000
v 114.000000 110.000000 5.832863
v 114.996140 110.000000 6.000000
v 60.000000 112.000000 5.972415
v 59.377430 112.000000 6.000000
v 60.000000 111.946411 6.000000
v 62.000000 111.631248 6.000000
v 62.000000 112.000000 5.847489
v 64.000000 110.707794 6.000000
v 64.000000 112.000000 5.551560
v 66.000000 110.032928 6.000000
v 66.000000 112.000000 5.389578
v 68.000000 110.434059 6.000000
v 68.000000 112.000000 5.485733
v 70.000000 110.498199 6.000000
v 70.000000 112.000000 5.562989
v 72.000000 112.000000 5.255599
v 74.000000 112.000000 5.110039
v 76.000000 112.000000 5.157940
v 78.000000 112.000000 5.071051
v 80.000000 112.000000 4.995118
v 82.000000 112.000000 5.234171
v 84.000000 112.000000 5.154764
v 86.000000 112.000000 4.985130
v 88.000000 112.000000 4.995435
v 90.000000 112.000000 4.694294
v 92.000000 112.000000 4.397308
v 94.000000 112.000000 4.475006
v 96.000000 112.000000 4.510039
v 98.000000 112.000000 4.644009
v 100.000000 112.000000 4.665420
v 102.000000 112.000000 4.624093
v 104.000000 112.000000 4.538069
v 106.000000 112.000000 4.531285
v 108.000000 112.000000 4.791374
v 110.000000 112.000000 5.108814
v 112.000000 112.000000 5.244561
v 114.000000 112.000000 5.238793
v 116.000000 110.422012 6.000000
v 116.000000 112.000000 5.374840
v 118.000000 111.336235 6.000000
v 118.000000 112.000000 5.770066
v 120.000000 110.721664 6.000000
v 120.000000 112.000000 5.539610
v 122.000000 110.685356 6.000000
v 122.000000 112.000000 5.586251
v 123.834610 112.000000 6.000000
v 58.000000 114.000000 5.893912
v 56.630894 114.000000 6.000000
v 58.000000 112.706551 6.000000
v 60.000000 114.000000 5.794487
v 62.000000 114.000000 5.692882
v 64.000000 114.000000 5.342380
v 66.000000 114.000000 5.033624
v 68.000000 114.000000 5.115682
v 70.000000 114.000000 5.251752
v 72.000000 114.000000 5.013669
v 74.000000 114.000000 4.888261
v 76.000000 114.000000 4.878722
v 78.000000 114.000000 4.872220
v 80.000000 114.000000 4.748989
v 82.000000 114.000000 4.825328
v 84.000000 114.000000 4.843198
v 86.000000 114.000000 4.695475
v 88.000000 114.000000 4.634298
v 90.000000 114.000000 4.537893
v 92.000000 114.000000 4.423329
v 94.000000 114.000000 4.278018
v 96.000000 114.000000 4.249627
v 98.000000 114.000000 4.373277
v 100.000000 114.000000 4.449889
v 102.000000 114.000000 4.374761
v 104.000000 114.000000 4.182962
v 106.000000 114.000000 4.304194
v 108.000000 114.000000 4.456035
v 110.000000 114.000000 4.759114
v 112.000000 114.000000 4.960188
v 114.000000 114.000000 4.784463
v 116.000000 114.000000 4.960175
v 118.000000 114.000000 5.344795
v 120.000000 114.000000 5.202734
v 122.000000 114.000000 5.465332
v 124.000000 112.349976 6.000000
v 124.000000 114.000000 5.811620
v 126.000000 113.114899 6.000000
v 126.000000 114.000000 5.739528
v 128.000000 113.319199 6.000000
v 128.000000 114.000000 5.823570
v 129.559769 114.000000 6.000000
v 42.000000 116.000000 5.828085
v 40.048717 116.000000 6.000000
v 42.000000 115.718704 6.000000
v 44.000000 115.152061 6.000000
v 44.000000 116.000000 5.526670
v 46.000000 114.497307 6.000000
v 46.000000 116.000000 5.414556
v 48.000000 114.364395 6.000000
v 48.000000 116.000000 5.401670
v 50.000000 114.884796 6.000000
v 50.000000 116.000000 5.488824
v 52.000000 114.522881 6.000000
v 52.000000 116.000000 5.409527
v 54.000000 114.377258 6.000000
v 54.000000 116.000000 5.283361
v 56.000000 114.108315 6.000000
v 56.000000 116.000000 5.311600
v 58.000000 116.000000 5.404377
v 60.000000 116.000000 5.221481
v 62.000000 116.000000 4.958421
v 64.000000 116.000000 4.638317
v 66.000000 116.000000 4.482260
v 68.000000 116.000000 4.394258
v 70.000000 116.000000 4.587664
v 72.000000 116.000000 4.420595
v 74.000000 116.000000 4.323876
v 76.000000 116.000000 4.337810
v 78.000000 116.000000 4.335316
v 80.000000 116.000000 4.215351
v 82.000000 116.000000 4.382562
v 84.000000 116.000000 4.292131
v 86.000000 116.000000 4.128364
v 88.000000 116.000000 4.140979
v 90.000000 116.000000 4.001998
v 110.000000 116.000000 4.147677
v 112.000000 116.000000 4.322393
v 114.000000 116.000000 4.300781
v 116.000000 116.000000 4.512445
v 118.000000 116.000000 4.828039
v 120.000000 116.000000 4.787029
v 122.000000 116.000000 4.824371
v 124.000000 116.000000 4.976521
v 126.000000 116.000000 4.921987
v 128.000000 116.000000 5.097776
v 130.000000 114.136032 6.000000
v 130.000000 116.000000 5.368186
v 132.000000 115.410622 6.000000
v 132.000000 116.000000 5.794984
v 133.077667 116.000000 6.000000
v 22.000000 118.000000 5.546858
v 20.083317 118.000000 6.000000
v 22.000000 117.258781 6.000000
v 24.000000 116.985977 6.000000
v 24.000000 118.000000 5.370226
v 26.000000 116.786949 6.000000
v 26.000000 118.000000 5.239166
v 28.000000 116.672562 6.000000
v 28.000000 118.000000 5.206234
v 30.000000 117.427231 6.000000
v 30.000000 118.000000 5.647143
v 31.638592 118.000000 6.000000
v 36.000000 118.000000 5.589958
v 34.110615 118.000000 6.000000
v 36.000000 117.115173 6.000000
v 38.000000 116.774277 6.000000
v 38.000000 118.000000 5.496263
v 40.000000 116.008789 6.000000
v 40.000000 118.000000 5.203992
v 42.000000 118.000000 4.892063
v 44.000000 118.000000 4.670733
v 46.000000 118.000000 4.697077
v 48.000000 118.000000 4.781362
v 50.000000 118.000000 4.857224
v 52.000000 118.000000 4.683790
v 54.000000 118.000000 4.631746
v 56.000000 118.000000 4.753944
v 58.000000 118.000000 4.797848
v 60.000000 118.000000 4.572334
v 62.000000 118.000000 4.275489
v 64.000000 118.000000 4.082275
v 116.000000 118.000000 4.179216
v 118.000000 118.000000 4.360161
v 120.000000 118.000000 4.306863
v 122.000000 118.000000 4.178958
v 124.000000 118.000000 4.241386
v 126.000000 118.000000 4.382085
v 128.000000 118.000000 4.522740
v 130.000000 118.000000 4.784978
v 132.000000 118.000000 5.186072
v 134.000000 116.413872 6.000000
v 134.000000 118.000000 5.375435
v 136.000000 116.506935 6.000000
v 136.000000 118.000000 5.344518
v 138.000000 116.772285 6.000000
v 138.000000 118.000000 5.386061
v 140.000000 116.849915 6.000000
v 140.000000 118.000000 5.522580
v 142.000000 117.472221 6.000000
v 142.000000 118.000000 5.756281
v 144.000000 117.960938 6.000000
v 144.000000 118.000000 5.982128
v 144.174149 118.000000 6.000000
v 152.000000 118.000000 5.961684
v 151.730057 118.000000 6.000000
v 152.000000 117.943497 6.000000
v 154.000000 117.409775 6.000000
v 154.000000 118.000000 5.599336
v 156.000000 117.188766 6.000000
v 156.000000 118.000000 5.475797
v 157.952194 118.000000 6.000000
v 22.000000 120.000000 5.674462
v 21.075253 120.000000 6.000000
v 24.000000 120.000000 5.321707
v 26.000000 120.000000 5.222604
v 28.000000 120.000000 5.485270
v 30.000000 120.000000 5.849409
v 30.694521 120.000000 6.000000
v 36.000000 119.913498 6.000000
v 38.000000 120.000000 5.681573
v 36.114780 120.000000 6.000000
v 40.000000 120.000000 5.390813
v 42.000000 120.000000 5.214847
v 44.000000 120.000000 5.184951
v 46.000000 120.000000 5.097003
v 48.000000 120.000000 5.196047
v 50.000000 120.000000 4.969915
v 52.000000 120.000000 4.703732
v 54.000000 120.000000 4.745248
v 56.000000 120.000000 4.921219
v 58.000000 120.000000 4.706170
v 60.000000 120.000000 4.460032
v 62.000000 120.000000 4.276960
v 64.000000 120.000000 4.160941
v 70.000000 120.000000 4.096546
v 72.000000 120.000000 4.013094
v 76.000000 120.000000 4.049858
v 78.000000 120.000000 4.196788
v 86.000000 120.000000 4.062666
v 108.000000 120.000000 4.028938
v 114.000000 120.000000 4.080812
v 116.000000 120.000000 4.178057
v 118.000000 120.000000 4.187831
v 120.000000 120.000000 4.136568
v 122.000000 120.000000 4.219509
v 124.000000 120.000000 4.484408
v 126.000000 120.000000 4.410217
v 128.000000 120.000000 4.430826
v 130.000000 120.000000 4.676277
v 132.000000 120.000000 5.123771
v 134.000000 120.000000 5.344104
v 136.000000 120.000000 5.359792
v 138.000000 120.000000 5.351248
v 140.000000 120.000000 5.368440
v 142.000000 120.000000 5.739418
v 143.770096 120.000000 6.000000
v 144.000000 118.729759 6.000000
v 148.000000 120.000000 5.949364
v 147.136627 120.000000 6.000000
v 148.000000 119.680214 6.000000
v 150.000000 119.810280 6.000000
v 150.000000 120.000000 5.973237
v 152.000000 120.000000 5.792461
v 154.000000 120.000000 5.445920
v 156.000000 120.000000 5.262023
v 158.000000 118.153625 6.000000
v 158.000000 120.000000 5.824883
v 158.504379 120.000000 6.000000
v 22.000000 121.330818 6.000000
v 24.000000 122.000000 5.644029
v 22.604973 122.000000 6.000000
v 26.000000 122.000000 5.634087
v 27.672176 122.000000 6.000000
v 28.000000 121.755569 6.000000
v 30.000000 120.583817 6.000000
v 38.000000 121.193047 6.000000
v 40.000000 122.000000 5.847931
v 39.153511 122.000000 6.000000
v 42.000000 122.000000 5.637692
v 44.000000 122.000000 5.625713
v 46.000000 122.000000 5.799789
v 48.000000 122.000000 5.741542
v 50.000000 122.000000 5.422799
v 52.000000 122.000000 5.333366
v 54.000000 122.000000 5.193184
v 56.000000 122.000000 5.245696
v 58.000000 122.000000 5.050796
v 60.000000 122.000000 4.813434
v 62.000000 122.000000 4.655908
v 64.000000 122.000000 4.489611
v 66.000000 122.000000 4.292777
v 68.000000 122.000000 4.283737
v 70.000000 122.000000 4.533193
v 72.000000 122.000000 4.531503
v 74.000000 122.000000 4.461333
v 76.000000 122.000000 4.561435
v 78.000000 122.000000 4.736320
v 80.000000 122.000000 4.512085
v 82.000000 122.000000 4.411441
v 84.000000 122.000000 4.335235
v 86.000000 122.000000 4.414120
v 88.000000 122.000000 4.489618
v 90.000000 122.000000 4.452582
v 92.000000 122.000000 4.438447
v 94.000000 122.000000 4.311266
v 96.000000 122.000000 4.093926
v 98.000000 122.000000 4.135996
v 100.000000 122.000000 4.440266
v 102.000000 122.000000 4.405484
v 104.000000 122.000000 4.321190
v 106.000000 122.000000 4.557703
v 108.000000 122.000000 4.534447
v 110.000000 122.000000 4.339213
v 112.000000 122.000000 4.216702
v 114.000000 122.000000 4.238485
v 116.000000 122.000000 4.489099
v 118.000000 122.000000 4.487349
v 120.000000 122.000000 4.494018
v 122.000000 122.000000 4.785948
v 124.000000 122.000000 5.148262
v 126.000000 122.000000 5.016677
v 128.000000 122.000000 4.976710
v 130.000000 122.000000 5.103442
v 132.000000 122.000000 5.477358
v 134.000000 122.000000 5.769797
v 136.000000 122.000000 5.737438
v 138.000000 122.000000 5.747320
v 140.000000 122.000000 5.705728
v 142.000000 122.000000 5.967242
v 142.194443 122.000000 6.000000
v 148.000000 120.221397 6.000000
v 150.000000 120.234047 6.000000
v 152.000000 122.000000 5.893578
v 151.327087 122.000000 6.000000
v 154.000000 122.000000 5.488883
v 156.000000 122.000000 5.247016
v 158.000000 122.000000 5.847770
v 158.378998 122.000000 6.000000
v 22.000000 124.000000 5.485909
v 20.039139 124.000000 6.000000
v 22.000000 122.479477 6.000000
v 24.000000 124.000000 5.144025
v 26.000000 124.000000 5.065415
v 28.000000 122.205353 6.000000
v 28.000000 124.000000 5.380007
v 30.000000 122.788467 6.000000
v 30.000000 124.000000 5.492894
v 32.000000 123.424210 6.000000
v 32.000000 124.000000 5.768738
v 34.000000 123.891319 6.000000
v 34.000000 124.000000 5.957303
v 36.000000 123.341072 6.000000
v 36.000000 124.000000 5.741743
v 38.000000 122.459579 6.000000
v 38.000000 124.000000 5.357012
v 40.000000 124.000000 4.991999
v 42.000000 124.000000 4.834275
v 44.000000 124.000000 4.970456
v 46.000000 124.000000 5.110954
v 48.000000 124.000000 5.013288
v 50.000000 124.000000 4.687712
v 52.000000 124.000000 4.569942
v 54.000000 124.000000 4.749654
v 56.000000 124.000000 5.063733
v 58.000000 124.000000 4.704270
v 60.000000 124.000000 4.356272
v 62.000000 124.000000 4.189746
v 64.000000 124.000000 4.024221
v 70.000000 124.000000 4.005296
v 72.000000 124.000000 4.038285
v 78.000000 124.000000 4.237319
v 88.000000 124.000000 4.013994
v 106.000000 124.000000 4.088260
v 108.000000 124.000000 4.021069
v 116.000000 124.000000 4.007273
v 118.000000 124.000000 4.086523
v 120.000000 124.000000 4.083348
v 122.000000 124.000000 4.422624
v 124.000000 124.000000 4.696011
v 126.000000 124.000000 4.434430
v 128.000000 124.000000 4.409566
v 130.000000 124.000000 4.541692
v 132.000000 124.000000 4.891744
v 134.000000 124.000000 5.164682
v 136.000000 124.000000 5.018609
v 138.000000 124.000000 4.866878
v 140.000000 124.000000 4.787558
v 142.000000 124.000000 5.045246
v 144.000000 122.598602 6.000000
v 144.000000 124.000000 5.427325
v 146.000000 122.852570 6.000000
v 146.000000 124.000000 5.556277
v 148.000000 122.869011 6.000000
v 148.000000 124.000000 5.499221
v 150.000000 122.433769 6.000000
v 150.000000 124.000000 5.317788
v 152.000000 124.000000 4.943625
v 154.000000 124.000000 4.496196
v 156.000000 124.000000 4.363001
v 158.000000 124.000000 5.038659
v 160.000000 123.479630 6.000000
v 160.000000 124.000000 5.774084
v 161.202271 124.000000 6.000000
v 172.000000 124.000000 5.667425
v 170.348251 124.000000 6.000000
v 172.000000 123.223946 6.000000
v 174.000000 123.015182 6.000000
v 174.000000 124.000000 5.554438
v 175.924240 124.000000 6.000000
v 182.000000 124.000000 5.785631
v 180.433273 124.000000 6.000000
v 182.000000 123.576027 6.000000
v 184.000000 123.180557 6.000000
v 184.000000 124.000000 5.594540
v 186.000000 122.886734 6.000000
v 186.000000 124.000000 5.424518
v 188.000000 123.226852 6.000000
v 188.000000 124.000000 5.626537
v 189.307632 124.000000 6.000000
v 202.000000 124.000000 5.911616
v 201.566223 124.000000 6.000000
v 202.000000 123.825783 6.000000
v 204.000000 123.784019 6.000000
v 204.000000 124.000000 5.888512
v 205.559052 124.000000 6.000000
v 246.000000 124.000000 5.885262
v 245.391861 124.000000 6.000000
v 246.000000 123.795166 6.000000
v 248.000000 123.610786 6.000000
v 248.000000 124.000000 5.774309
v 248.553436 124.000000 6.000000
v 262.000000 124.000000 5.870491
v 261.734680 124.000000 6.000000
v 262.000000 123.787575 6.000000
v 264.000000 123.733887 6.000000
v 264.000000 124.000000 5.846340
v 264.361969 124.000000 6.000000
v 276.000000 124.000000 5.900244
v 275.728760 124.000000 6.000000
v 276.000000 123.832481 6.000000
v 278.000000 123.806793 6.000000
v 278.000000 124.000000 5.890687
v 278.213470 124.000000 6.000000
v 354.000000 124.000000 5.743912
v 352.958618 124.000000 6.000000
v 354.000000 123.535072 6.000000
v 355.480438 124.000000 6.000000
v 0.000000 126.000000 5.186572
v 2.000000 125.043083 6.000000
v 2.000000 126.000000 5.300698
v 0.000000 124.911728 6.000000
v 4.000000 124.687073 6.000000
v 4.000000 126.000000 4.982019
v 6.000000 124.192184 6.000000
v 6.000000 126.000000 4.548802
v 8.000000 124.183601 6.000000
v 8.000000 126.000000 4.609264
v 10.000000 124.362877 6.000000
v 10.000000 126.000000 4.895093
v 12.000000 124.675919 6.000000
v 12.000000 126.000000 5.046310
v 14.000000 124.991333 6.000000
v 14.000000 126.000000 5.203412
v 16.000000 124.772652 6.000000
v 16.000000 126.000000 5.116217
v 18.000000 124.654053 6.000000
v 18.000000 126.000000 5.069566
v 20.000000 124.012093 6.000000
v 20.000000 126.000000 4.600565
v 22.000000 126.000000 4.127978
v 24.000000 126.000000 4.011325
v 26.000000 126.000000 4.136652
v 28.000000 126.000000 4.149867
v 30.000000 126.000000 4.238116
v 32.000000 126.000000 4.368292
v 34.000000 126.000000 4.536789
v 36.000000 126.000000 4.426135
v 38.000000 126.000000 4.179765
v 56.000000 126.000000 4.121312
v 134.000000 126.000000 4.129313
v 142.000000 126.000000 4.043290
v 144.000000 126.000000 4.392585
v 146.000000 126.000000 4.399954
v 148.000000 126.000000 4.305714
v 150.000000 126.000000 4.262567
v 160.000000 126.000000 4.394679
v 162.000000 124.174484 6.000000
v 162.000000 126.000000 4.751705
v 164.000000 124.762955 6.000000
v 164.000000 126.000000 5.229679
v 166.000000 124.819489 6.000000
v 166.000000 126.000000 5.336094
v 168.000000 124.362221 6.000000
v 168.000000 126.000000 4.964614
v 170.000000 124.082352 6.000000
v 170.000000 126.000000 4.664493
v 172.000000 126.000000 4.388235
v 174.000000 126.000000 4.322863
v 176.000000 124.019104 6.000000
v 176.000000 126.000000 4.543428
v 178.000000 124.264519 6.000000
v 178.000000 126.000000 4.784808
v 180.000000 124.087242 6.000000
v 180.000000 126.000000 4.931659
v 182.000000 126.000000 4.828889
v 184.000000 126.000000 4.588412
v 186.000000 126.000000 4.454905
v 188.000000 126.000000 4.555680
v 190.000000 124.355423 6.000000
v 190.000000 126.000000 5.088096
v 192.000000 125.095215 6.000000
v 192.000000 126.000000 5.515692
v 194.000000 125.184074 6.000000
v 194.000000 126.000000 5.592295
v 196.000000 125.250351 6.000000
v 196.000000 126.000000 5.604763
v 198.000000 124.977165 6.000000
v 198.000000 126.000000 5.450121
v 200.000000 124.480293 6.000000
v 200.000000 126.000000 5.105943
v 202.000000 126.000000 4.724055
v 204.000000 126.000000 4.703052
v 206.000000 124.047737 6.000000
v 206.000000 126.000000 4.846895
v 208.000000 124.153816 6.000000
v 208.000000 126.000000 4.858528
v 210.000000 124.509964 6.000000
v 210.000000 126.000000 5.116335
v 212.000000 125.318016 6.000000
v 212.000000 126.000000 5.675996
v 214.000000 125.677704 6.000000
v 214.000000 126.000000 5.847329
v 216.000000 125.223022 6.000000
v 216.000000 126.000000 5.563745
v 218.000000 124.849785 6.000000
v 218.000000 126.000000 5.341030
v 220.000000 124.434456 6.000000
v 220.000000 126.000000 5.163989
v 222.000000 125.121437 6.000000
v 222.000000 126.000000 5.557258
v 223.298370 126.000000 6.000000
v 228.000000 126.000000 5.894628
v 227.581345 126.000000 6.000000
v 228.000000 125.840508 6.000000
v 230.000000 124.623505 6.000000
v 230.000000 126.000000 5.138730
v 232.000000 124.278854 6.000000
v 232.000000 126.000000 5.102206
v 234.000000 125.516197 6.000000
v 234.000000 126.000000 5.754900
v 236.000000 125.820908 6.000000
v 236.000000 126.000000 5.887945
v 238.000000 125.557747 6.000000
v 238.000000 126.000000 5.737607
v 240.000000 124.867714 6.000000
v 240.000000 126.000000 5.348829
v 242.000000 124.595589 6.000000
v 242.000000 126.000000 5.292527
v 244.000000 124.527328 6.000000
v 244.000000 126.000000 5.317135
v 246.000000 126.000000 4.863596
v 248.000000 126.000000 4.721246
v 250.000000 124.946663 6.000000
v 250.000000 126.000000 5.405014
v 251.704880 126.000000 6.000000
v 254.000000 126.000000 5.936385
v 253.282425 126.000000 6.000000
v 254.000000 125.909531 6.000000
v 256.000000 125.279366 6.000000
v 256.000000 126.000000 5.482885
v 258.000000 125.501480 6.000000
v 258.000000 126.000000 5.645664
v 260.000000 125.129066 6.000000
v 260.000000 126.000000 5.411498
v 262.000000 126.000000 4.600483
v 264.000000 126.000000 4.609713
v 266.000000 125.143875 6.000000
v 266.000000 126.000000 5.490205
v 268.000000 125.475349 6.000000
v 268.000000 126.000000 5.662087
v 270.000000 125.177437 6.000000
v 270.000000 126.000000 5.423349
v 272.000000 125.423523 6.000000
v 272.000000 126.000000 5.667408
v 274.000000 125.081284 6.000000
v 274.000000 126.000000 5.487576
v 276.000000 126.000000 4.671990
v 278.000000 126.000000 4.729098
v 280.000000 125.481392 6.000000
v 280.000000 126.000000 5.694040
v 281.931274 126.000000 6.000000
v 284.000000 126.000000 5.982193
v 282.773224 126.000000 6.000000
v 284.000000 125.973518 6.000000
v 284.146667 126.000000 6.000000
v 290.000000 126.000000 5.738941
v 289.014893 126.000000 6.000000
v 290.000000 125.572350 6.000000
v 292.000000 124.368179 6.000000
v 292.000000 126.000000 4.987505
v 294.000000 124.416252 6.000000
v 294.000000 126.000000 5.061996
v 296.000000 125.260056 6.000000
v 296.000000 126.000000 5.452030
v 298.000000 125.636879 6.000000
v 298.000000 126.000000 5.702032
v 300.000000 125.615417 6.000000
v 300.000000 126.000000 5.709918
v 302.000000 125.932991 6.000000
v 302.000000 126.000000 5.955731
v 302.952118 126.000000 6.000000
v 306.000000 126.000000 5.821356
v 304.417023 126.000000 6.000000
v 306.000000 125.723015 6.000000
v 308.000000 125.367195 6.000000
v 308.000000 126.000000 5.592276
v 310.000000 125.826225 6.000000
v 310.000000 126.000000 5.879636
v 310.328857 126.000000 6.000000
v 334.000000 126.000000 5.754480
v 332.643768 126.000000 6.000000
v 334.000000 125.658157 6.000000
v 336.000000 125.192177 6.000000
v 336.000000 126.000000 5.422724
v 338.000000 125.316734 6.000000
v 338.000000 126.000000 5.514040
v 340.000000 125.861603 6.000000
v 340.000000 126.000000 5.905178
v 340.464172 126.000000 6.000000
v 348.000000 126.000000 5.985716
v 347.929016 126.000000 6.000000
v 348.000000 125.980263 6.000000
v 350.000000 125.471443 6.000000
v 350.000000 126.000000 5.655619
v 352.000000 124.304184 6.000000
v 352.000000 126.000000 4.866759
v 354.000000 126.000000 4.543800
v 356.000000 124.116859 6.000000
v 356.000000 126.000000 4.724148
v 358.000000 124.588684 6.000000
v 358.000000 126.000000 5.022639
v 360.000000 124.911728 6.000000
v 360.000000 126.000000 5.186572
v 2.000000 128.000000 4.453382
v 0.000000 128.000000 4.524037
v 4.000000 128.000000 4.388486
v 8.000000 128.000000 4.049327
v 10.000000 128.000000 4.284892
v 12.000000 128.000000 4.561944
v 14.000000 128.000000 4.546845
v 16.000000 128.000000 4.431634
v 18.000000 128.000000 4.373300
v 20.000000 128.000000 4.071405
v 148.000000 128.000000 4.011335
v 162.000000 128.000000 4.234848
v 164.000000 128.000000 4.603343
v 166.000000 128.000000 4.694048
v 168.000000 128.000000 4.476046
v 170.000000 128.000000 4.161743
v 176.000000 128.000000 4.051335
v 178.000000 128.000000 4.243927
v 180.000000 128.000000 4.496004
v 182.000000 128.000000 4.426347
v 184.000000 128.000000 4.286439
v 186.000000 128.000000 4.222080
v 188.000000 128.000000 4.163792
v 190.000000 128.000000 4.569957
v 192.000000 128.000000 4.881713
v 194.000000 128.000000 5.040593
v 196.000000 128.000000 5.161978
v 198.000000 128.000000 4.945578
v 200.000000 128.000000 4.606452
v 202.000000 128.000000 4.319602
v 204.000000 128.000000 4.203711
v 206.000000 128.000000 4.440436
v 208.000000 128.000000 4.591042
v 210.000000 128.000000 4.812109
v 212.000000 128.000000 5.364396
v 214.000000 128.000000 5.613814
v 216.000000 128.000000 5.407689
v 218.000000 128.000000 5.034852
v 220.000000 128.000000 4.797999
v 222.000000 128.000000 5.086591
v 224.000000 126.771942 6.000000
v 224.000000 128.000000 5.631170
v 226.000000 127.260681 6.000000
v 226.000000 128.000000 5.769018
v 228.000000 128.000000 5.194621
v 230.000000 128.000000 4.575134
v 232.000000 128.000000 4.693099
v 234.000000 128.000000 5.155001
v 236.000000 128.000000 5.424016
v 238.000000 128.000000 5.124515
v 240.000000 128.000000 4.645368
v 242.000000 128.000000 4.605692
v 244.000000 128.000000 4.679216
v 246.000000 128.000000 4.344321
v 248.000000 128.000000 4.276372
v 250.000000 128.000000 4.754478
v 252.000000 126.202896 6.000000
v 252.000000 128.000000 5.115501
v 254.000000 128.000000 4.981039
v 256.000000 128.000000 4.759318
v 258.000000 128.000000 5.024481
v 260.000000 128.000000 4.767766
v 262.000000 128.000000 4.071418
v 264.000000 128.000000 4.101550
v 266.000000 128.000000 4.712443
v 268.000000 128.000000 4.874815
v 270.000000 128.000000 4.732123
v 272.000000 128.000000 4.982420
v 274.000000 128.000000 4.867182
v 276.000000 128.000000 4.164431
v 278.000000 128.000000 4.174625
v 280.000000 128.000000 4.911406
v 282.000000 126.026093 6.000000
v 282.000000 128.000000 5.227873
v 284.000000 128.000000 5.013874
v 286.000000 126.452248 6.000000
v 286.000000 128.000000 5.266785
v 288.000000 126.641205 6.000000
v 288.000000 128.000000 5.412450
v 290.000000 128.000000 4.882766
v 292.000000 128.000000 4.430843
v 294.000000 128.000000 4.447329
v 296.000000 128.000000 4.775334
v 298.000000 128.000000 4.927803
v 300.000000 128.000000 4.979744
v 302.000000 128.000000 5.312434
v 304.000000 126.193710 6.000000
v 304.000000 128.000000 5.563084
v 306.000000 128.000000 5.320026
v 308.000000 128.000000 4.996824
v 310.000000 128.000000 5.089802
v 312.000000 127.312042 6.000000
v 312.000000 128.000000 5.653156
v 313.259399 128.000000 6.000000
v 318.000000 128.000000 5.711730
v 316.294037 128.000000 6.000000
v 318.000000 127.363815 6.000000
v 320.000000 126.446465 6.000000
v 320.000000 128.000000 5.289743
v 322.000000 126.228218 6.000000
v 322.000000 128.000000 5.370601
v 324.000000 126.981544 6.000000
v 324.000000 128.000000 5.689313
v 326.000000 127.338356 6.000000
v 326.000000 128.000000 5.767799
v 328.000000 126.608574 6.000000
v 328.000000 128.000000 5.677681
v 330.000000 126.079048 6.000000
v 330.000000 128.000000 5.284950
v 332.000000 126.231110 6.000000
v 332.000000 128.000000 5.173480
v 334.000000 128.000000 5.153029
v 336.000000 128.000000 4.887265
v 338.000000 128.000000 4.843839
v 340.000000 128.000000 4.965426
v 342.000000 126.623413 6.000000
v 342.000000 128.000000 5.289383
v 344.000000 127.208397 6.000000
v 344.000000 128.000000 5.708798
v 346.000000 126.638466 6.000000
v 346.000000 128.000000 5.222067
v 348.000000 128.000000 5.180850
v 350.000000 128.000000 4.947246
v 352.000000 128.000000 4.291835
v 354.000000 128.000000 4.181187
v 356.000000 128.000000 4.347016
v 358.000000 128.000000 4.486734
v 360.000000 128.000000 4.524037
v 2.000000 130.000000 4.628901
v 0.000000 130.000000 4.832190
v 4.000000 130.000000 4.598267
v 6.000000 130.000000 4.457157
v 8.000000 130.000000 4.362378
v 10.000000 130.000000 4.478262
v 12.000000 130.000000 4.886132
v 14.000000 130.000000 4.850518
v 16.000000 130.000000 4.492748
v 18.000000 130.000000 4.390275
v 20.000000 130.000000 4.203259
v 22.000000 130.000000 4.076747
v 24.000000 130.000000 4.114697
v 26.000000 130.000000 4.250888
v 28.000000 130.000000 4.218037
v 30.000000 130.000000 4.006825
v 34.000000 130.000000 4.073606
v 36.000000 130.000000 4.159782
v 38.000000 130.000000 4.016751
v 58.000000 130.000000 4.060128
v 124.000000 130.000000 4.033679
v 134.000000 130.000000 4.096091
v 136.000000 130.000000 4.022206
v 144.000000 130.000000 4.009950
v 146.000000 130.000000 4.097166
v 160.000000 130.000000 4.034111
v 162.000000 130.000000 4.325299
v 164.000000 130.000000 4.586374
v 166.000000 130.000000 4.768520
v 168.000000 130.000000 4.577414
v 170.000000 130.000000 4.123800
v 178.000000 130.000000 4.022128
v 180.000000 130.000000 4.302012
v 182.000000 130.000000 4.446022
v 184.000000 130.000000 4.126803
v 186.000000 130.000000 4.041978
v 188.000000 130.000000 4.065345
v 190.000000 130.000000 4.387721
v 192.000000 130.000000 4.662009
v 194.000000 130.000000 4.933017
v 196.000000 130.000000 5.158183
v 198.000000 130.000000 4.826004
v 200.000000 130.000000 4.393867
v 202.000000 130.000000 4.069296
v 206.000000 130.000000 4.084810
v 208.000000 130.000000 4.232569
v 210.000000 130.000000 4.478807
v 212.000000 130.000000 5.238901
v 214.000000 130.000000 5.495081
v 216.000000 130.000000 5.279794
v 218.000000 130.000000 4.857593
v 220.000000 130.000000 4.523865
v 222.000000 130.000000 4.896727
v 224.000000 130.000000 5.580172
v 226.000000 130.000000 5.717607
v 228.000000 130.000000 5.081824
v 230.000000 130.000000 4.542329
v 232.000000 130.000000 4.804469
v 234.000000 130.000000 5.278954
v 236.000000 130.000000 5.503492
v 238.000000 130.000000 5.210829
v 240.000000 130.000000 4.593674
v 242.000000 130.000000 4.607640
v 244.000000 130.000000 4.633448
v 246.000000 130.000000 4.284206
v 248.000000 130.000000 4.207869
v 250.000000 130.000000 4.621370
v 252.000000 130.000000 4.947625
v 254.000000 130.000000 4.891744
v 256.000000 130.000000 4.714045
v 258.000000 130.000000 4.846136
v 260.000000 130.000000 4.729422
v 264.000000 130.000000 4.221230
v 266.000000 130.000000 4.818208
v 268.000000 130.000000 4.976884
v 270.000000 130.000000 4.766821
v 272.000000 130.000000 5.073423
v 274.000000 130.000000 4.946616
v 276.000000 130.000000 4.075500
v 278.000000 130.000000 4.101162
v 280.000000 130.000000 4.847087
v 282.000000 130.000000 5.161053
v 284.000000 130.000000 5.079955
v 286.000000 130.000000 5.158887
v 288.000000 130.000000 5.179916
v 290.000000 130.000000 4.921035
v 292.000000 130.000000 4.624002
v 294.000000 130.000000 4.668071
v 296.000000 130.000000 4.894804
v 298.000000 130.000000 5.096828
v 300.000000 130.000000 5.054055
v 302.000000 130.000000 5.335136
v 304.000000 130.000000 5.495042
v 306.000000 130.000000 5.398390
v 308.000000 130.000000 5.090153
v 310.000000 130.000000 5.175667
v 312.000000 130.000000 5.737400
v 313.582489 130.000000 6.000000
v 318.000000 130.000000 5.720347
v 316.098328 130.000000 6.000000
v 320.000000 130.000000 5.266678
v 322.000000 130.000000 5.386982
v 324.000000 130.000000 5.679490
v 326.000000 130.000000 5.838513
v 328.000000 130.000000 5.839284
v 330.000000 130.000000 5.236603
v 332.000000 130.000000 5.164408
v 334.000000 130.000000 5.319702
v 336.000000 130.000000 5.164652
v 338.000000 130.000000 4.930014
v 340.000000 130.000000 5.126086
v 342.000000 130.000000 5.647475
v 343.786591 130.000000 6.000000
v 344.000000 129.736588 6.000000
v 346.000000 130.000000 5.462733
v 344.136505 130.000000 6.000000
v 348.000000 130.000000 5.173401
v 350.000000 130.000000 5.035773
v 352.000000 130.000000 4.566643
v 354.000000 130.000000 4.460486
v 356.000000 130.000000 4.710771
v 358.000000 130.000000 4.947513
v 360.000000 130.000000 4.832190
v 2.000000 132.000000 4.698503
v 0.000000 132.000000 5.067892
v 4.000000 132.000000 4.632724
v 6.000000 132.000000 4.401308
v 8.000000 132.000000 4.367152
v 10.000000 132.000000 4.718403
v 12.000000 132.000000 5.197851
v 14.000000 132.000000 5.168121
v 16.000000 132.000000 4.837921
v 18.000000 132.000000 4.704199
v 20.000000 132.000000 4.501419
v 22.000000 132.000000 4.322454
v 24.000000 132.000000 4.241451
v 26.000000 132.000000 4.443286
v 28.000000 132.000000 4.522758
v 30.000000 132.000000 4.388431
v 32.000000 132.000000 4.224841
v 34.000000 132.000000 4.383152
v 36.000000 132.000000 4.597788
v 38.000000 132.000000 4.474009
v 40.000000 132.000000 4.168240
v 46.000000 132.000000 4.231953
v 48.000000 132.000000 4.159288
v 56.000000 132.000000 4.109409
v 58.000000 132.000000 4.298314
v 122.000000 132.000000 4.040261
v 124.000000 132.000000 4.381509
v 126.000000 132.000000 4.212972
v 132.000000 132.000000 4.221284
v 134.000000 132.000000 4.350497
v 136.000000 132.000000 4.216003
v 142.000000 132.000000 4.014794
v 144.000000 132.000000 4.268024
v 146.000000 132.000000 4.141641
v 148.000000 132.000000 4.019392
v 160.000000 132.000000 4.034037
v 162.000000 132.000000 4.379698
v 164.000000 132.000000 4.638521
v 166.000000 132.000000 4.700755
v 168.000000 132.000000 4.453001
v 170.000000 132.000000 4.046429
v 178.000000 132.000000 4.006587
v 180.000000 132.000000 4.232968
v 182.000000 132.000000 4.386570
v 184.000000 132.000000 4.213731
v 190.000000 132.000000 4.248019
v 192.000000 132.000000 4.662076
v 194.000000 132.000000 4.815879
v 196.000000 132.000000 5.015080
v 198.000000 132.000000 4.696376
v 200.000000 132.000000 4.219007
v 208.000000 132.000000 4.069749
v 210.000000 132.000000 4.272317
v 212.000000 132.000000 5.065410
v 214.000000 132.000000 5.367701
v 216.000000 132.000000 5.104210
v 218.000000 132.000000 4.714110
v 220.000000 132.000000 4.475567
v 222.000000 132.000000 4.868771
v 224.000000 132.000000 5.543908
v 226.000000 132.000000 5.653395
v 228.000000 132.000000 5.019685
v 230.000000 132.000000 4.460359
v 232.000000 132.000000 4.723093
v 234.000000 132.000000 5.267483
v 236.000000 132.000000 5.525717
v 238.000000 132.000000 4.977555
v 240.000000 132.000000 4.548745
v 242.000000 132.000000 4.627744
v 244.000000 132.000000 4.545772
v 246.000000 132.000000 4.095262
v 250.000000 132.000000 4.571671
v 252.000000 132.000000 4.861228
v 254.000000 132.000000 4.765523
v 256.000000 132.000000 4.687644
v 258.000000 132.000000 4.776673
v 260.000000 132.000000 4.583484
v 264.000000 132.000000 4.061324
v 266.000000 132.000000 4.675215
v 268.000000 132.000000 4.826636
v 270.000000 132.000000 4.585598
v 272.000000 132.000000 5.086442
v 274.000000 132.000000 4.811416
v 280.000000 132.000000 4.704266
v 282.000000 132.000000 4.985240
v 284.000000 132.000000 4.979417
v 286.000000 132.000000 5.262999
v 288.000000 132.000000 5.252246
v 290.000000 132.000000 4.854830
v 292.000000 132.000000 4.490319
v 294.000000 132.000000 4.583507
v 296.000000 132.000000 4.850655
v 298.000000 132.000000 4.924415
v 300.000000 132.000000 4.981617
v 302.000000 132.000000 5.311719
v 304.000000 132.000000 5.528736
v 306.000000 132.000000 5.372732
v 308.000000 132.000000 5.008795
v 310.000000 132.000000 5.047852
v 312.000000 132.000000 5.538770
v 314.000000 130.634338 6.000000
v 314.000000 132.000000 5.863488
v 316.000000 130.224731 6.000000
v 316.000000 132.000000 5.865419
v 318.000000 132.000000 5.525815
v 320.000000 132.000000 5.053212
v 322.000000 132.000000 5.252754
v 324.000000 132.000000 5.515070
v 326.000000 132.000000 5.657335
v 328.000000 132.000000 5.555841
v 330.000000 132.000000 5.135782
v 332.000000 132.000000 5.160502
v 334.000000 132.000000 5.286130
v 336.000000 132.000000 5.156944
v 338.000000 132.000000 4.991738
v 340.000000 132.000000 5.250312
v 342.000000 132.000000 5.805818
v 344.000000 131.516556 6.000000
v 344.000000 132.000000 5.987504
v 346.000000 132.000000 5.639048
v 348.000000 132.000000 5.232744
v 350.000000 132.000000 4.991201
v 352.000000 132.000000 4.521347
v 354.000000 132.000000 4.500535
v 356.000000 132.000000 4.710036
v 358.000000 132.000000 5.171818
v 360.000000 132.000000 5.067892
v 2.000000 134.000000 4.217662
v 0.000000 134.000000 4.383018
v 10.000000 134.000000 4.211246
v 12.000000 134.000000 4.612425
v 14.000000 134.000000 4.542948
v 16.000000 134.000000 4.387486
v 18.000000 134.000000 4.309945
v 20.000000 134.000000 4.060449
v 24.000000 134.000000 4.135166
v 26.000000 134.000000 4.272973
v 28.000000 134.000000 4.309499
v 30.000000 134.000000 4.048647
v 34.000000 134.000000 4.120204
v 36.000000 134.000000 4.111015
v 38.000000 134.000000 4.091101
v 56.000000 134.000000 4.102264
v 124.000000 134.000000 4.110723
v 132.000000 134.000000 4.024821
v 134.000000 134.000000 4.166934
v 136.000000 134.000000 4.059772
v 144.000000 134.000000 4.063764
v 146.000000 134.000000 4.093062
v 148.000000 134.000000 4.004621
v 162.000000 134.000000 4.115761
v 164.000000 134.000000 4.396578
v 166.000000 134.000000 4.457448
v 168.000000 134.000000 4.239903
v 182.000000 134.000000 4.066400
v 184.000000 134.000000 4.003877
v 192.000000 134.000000 4.362691
v 194.000000 134.000000 4.473877
v 196.000000 134.000000 4.575368
v 198.000000 134.000000 4.453780
v 200.000000 134.000000 4.007408
v 212.000000 134.000000 4.581466
v 214.000000 134.000000 4.923911
v 216.000000 134.000000 4.770200
v 218.000000 134.000000 4.253050
v 220.000000 134.000000 4.062720
v 222.000000 134.000000 4.518767
v 224.000000 134.000000 5.074870
v 226.000000 134.000000 5.134429
v 228.000000 134.000000 4.603811
v 230.000000 134.000000 4.146819
v 232.000000 134.000000 4.364592
v 234.000000 134.000000 4.841646
v 236.000000 134.000000 5.040978
v 238.000000 134.000000 4.515273
v 240.000000 134.000000 4.169156
v 242.000000 134.000000 4.211073
v 244.000000 134.000000 4.126224
v 250.000000 134.000000 4.196506
v 252.000000 134.000000 4.546283
v 254.000000 134.000000 4.441576
v 256.000000 134.000000 4.318532
v 258.000000 134.000000 4.549852
v 260.000000 134.000000 4.244323
v 266.000000 134.000000 4.260802
v 268.000000 134.000000 4.341479
v 270.000000 134.000000 4.315742
v 272.000000 134.000000 4.651570
v 274.000000 134.000000 4.457468
v 280.000000 134.000000 4.316997
v 282.000000 134.000000 4.500941
v 284.000000 134.000000 4.579351
v 286.000000 134.000000 4.876945
v 288.000000 134.000000 4.904894
v 290.000000 134.000000 4.441493
v 292.000000 134.000000 4.039267
v 294.000000 134.000000 4.080447
v 296.000000 134.000000 4.279224
v 298.000000 134.000000 4.321579
v 300.000000 134.000000 4.505506
v 302.000000 134.000000 4.831222
v 304.000000 134.000000 5.009675
v 306.000000 134.000000 4.846421
v 308.000000 134.000000 4.501487
v 310.000000 134.000000 4.596643
v 312.000000 134.000000 5.008880
v 314.000000 134.000000 5.395748
v 316.000000 134.000000 5.279201
v 318.000000 134.000000 4.896112
v 320.000000 134.000000 4.678733
v 322.000000 134.000000 4.775802
v 324.000000 134.000000 5.050601
v 326.000000 134.000000 5.083901
v 328.000000 134.000000 4.924407
v 330.000000 134.000000 4.682490
v 332.000000 134.000000 4.799199
v 334.000000 134.000000 4.768873
v 336.000000 134.000000 4.444051
v 338.000000 134.000000 4.205889
v 340.000000 134.000000 4.690998
v 342.000000 134.000000 5.216836
v 344.000000 134.000000 5.148539
v 346.000000 134.000000 4.999497
v 348.000000 134.000000 4.796696
v 350.000000 134.000000 4.477338
v 356.000000 134.000000 4.428144
v 358.000000 134.000000 4.618371
v 360.000000 134.000000 4.383018
v 164.000000 136.000000 4.156607
v 192.000000 136.000000 4.096333
v 194.000000 136.000000 4.090109
v 196.000000 136.000000 4.111670
v 198.000000 136.000000 4.100705
v 212.000000 136.000000 4.012428
v 214.000000 136.000000 4.288020
v 216.000000 136.000000 4.076492
v 222.000000 136.000000 4.343740
v 224.000000 136.000000 4.946446
v 226.000000 136.000000 4.824108
v 228.000000 136.000000 4.241046
v 234.000000 136.000000 4.073068
v 236.000000 136.000000 4.264771
v 252.000000 136.000000 4.120281
v 286.000000 136.000000 4.119522
v 288.000000 136.000000 4.174622
v 302.000000 136.000000 4.111861
v 304.000000 136.000000 4.299520
v 306.000000 136.000000 4.098752
v 312.000000 136.000000 4.293680
v 314.000000 136.000000 4.724131
v 316.000000 136.000000 4.615742
v 318.000000 136.000000 4.123011
v 324.000000 136.000000 4.214668
v 326.000000 136.000000 4.256145
v 328.000000 136.000000 4.021050
v 334.000000 136.000000 4.003362
v 342.000000 136.000000 4.212397
v 344.000000 136.000000 4.104107
v 346.000000 136.000000 4.039283
v 348.000000 136.000000 4.120712
v 356.000000 136.000000 4.023895
v 358.000000 136.000000 4.024539
v 162.000000 138.000000 4.112946
v 164.000000 138.000000 4.258982
v 166.000000 138.000000 4.236725
v 168.000000 138.000000 4.112786
v 192.000000 138.000000 4.099269
v 194.000000 138.000000 4.045528
v 196.000000 138.000000 4.183772
v 198.000000 138.000000 4.158625
v 214.000000 138.000000 4.233632
v 216.000000 138.000000 4.069468
v 222.000000 138.000000 4.271573
v 224.000000 138.000000 4.780549
v 226.000000 138.000000 4.759293
v 228.000000 138.000000 4.244806
v 234.000000 138.000000 4.050913
v 236.000000 138.000000 4.169448
v 252.000000 138.000000 4.040751
v 286.000000 138.000000 4.032409
v 288.000000 138.000000 4.054933
v 302.000000 138.000000 4.052188
v 304.000000 138.000000 4.221592
v 306.000000 138.000000 4.014674
v 312.000000 138.000000 4.193371
v 314.000000 138.000000 4.646136
v 316.000000 138.000000 4.529564
v 324.000000 138.000000 4.009314
v 326.000000 138.000000 4.096118
v 164.000000 140.000000 4.114815
v 166.000000 140.000000 4.104559
v 196.000000 140.000000 4.004417
v 214.000000 140.000000 4.218816
v 222.000000 140.000000 4.075071
v 224.000000 140.000000 4.559783
v 226.000000 140.000000 4.551517
v 228.000000 140.000000 4.105606
v 236.000000 140.000000 4.106188
v 286.000000 140.000000 4.005209
v 288.000000 140.000000 4.035922
v 302.000000 140.000000 4.064751
v 304.000000 140.000000 4.213893
v 306.000000 140.000000 4.115431
v 312.000000 140.000000 4.148018
v 314.000000 140.000000 4.588602
v 316.000000 140.000000 4.478580
v 324.000000 140.000000 4.067342
v 326.000000 140.000000 4.200791
v 328.000000 140.000000 4.032691
v 342.000000 140.000000 4.048692
v 344.000000 140.000000 4.007903
v 214.000000 142.000000 4.087924
v 224.000000 142.000000 4.362212
v 226.000000 142.000000 4.401685
v 304.000000 142.000000 4.074796
v 314.000000 142.000000 4.398302
v 316.000000 142.000000 4.273094
v 324.000000 142.000000 4.046059
v 326.000000 142.000000 4.140688
v 56.000000 144.000000 4.004482
v 164.000000 144.000000 4.063416
v 192.000000 144.000000 4.016594
v 214.000000 144.000000 4.032854
v 224.000000 144.000000 4.469503
v 226.000000 144.000000 4.543870
v 228.000000 144.000000 4.072129
v 288.000000 144.000000 4.009099
v 304.000000 144.000000 4.077864
v 314.000000 144.000000 4.315941
v 316.000000 144.000000 4.241807
v 12.000000 146.000000 4.116303
v 18.000000 146.000000 4.113472
v 24.000000 146.000000 4.051143
v 26.000000 146.000000 4.163544
v 28.000000 146.000000 4.062781
v 32.000000 146.000000 4.164871
v 34.000000 146.000000 4.262115
v 36.000000 146.000000 4.144847
v 54.000000 146.000000 4.041156
v 56.000000 146.000000 4.291481
v 58.000000 146.000000 4.093117
v 124.000000 146.000000 4.076596
v 126.000000 146.000000 4.150294
v 134.000000 146.000000 4.089950
v 146.000000 146.000000 4.122399
v 148.000000 146.000000 4.196465
v 162.000000 146.000000 4.089625
v 164.000000 146.000000 4.193879
v 192.000000 146.000000 4.273745
v 194.000000 146.000000 4.288536
v 196.000000 146.000000 4.249627
v 198.000000 146.000000 4.120015
v 214.000000 146.000000 4.378113
v 216.000000 146.000000 4.459242
v 222.000000 146.000000 4.322447
v 224.000000 146.000000 5.004445
v 226.000000 146.000000 5.013330
v 228.000000 146.000000 4.424285
v 234.000000 146.000000 4.186744
v 236.000000 146.000000 4.453253
v 238.000000 146.000000 4.129078
v 252.000000 146.000000 4.111133
v 254.000000 146.000000 4.066809
v 258.000000 146.000000 4.010696
v 286.000000 146.000000 4.082229
v 288.000000 146.000000 4.180029
v 302.000000 146.000000 4.164493
v 304.000000 146.000000 4.418791
v 306.000000 146.000000 4.182936
v 312.000000 146.000000 4.272996
v 314.000000 146.000000 4.790977
v 316.000000 146.000000 4.727496
v 318.000000 146.000000 4.224435
v 324.000000 146.000000 4.318967
v 326.000000 146.000000 4.380958
v 328.000000 146.000000 4.091431
v 342.000000 146.000000 4.240953
v 344.000000 146.000000 4.273458
v 346.000000 146.000000 4.146621
v 348.000000 146.000000 4.218814
v 356.000000 146.000000 4.121586
v 358.000000 146.000000 4.145900
v 2.000000 148.000000 4.246783
v 0.000000 148.000000 4.334797
v 4.000000 148.000000 4.048556
v 10.000000 148.000000 4.339879
v 12.000000 148.000000 4.552861
v 14.000000 148.000000 4.419586
v 16.000000 148.000000 4.466916
v 18.000000 148.000000 4.591814
v 20.000000 148.000000 4.373114
v 22.000000 148.000000 4.172019
v 24.000000 148.000000 4.490498
v 26.000000 148.000000 4.564544
v 28.000000 148.000000 4.498095
v 30.000000 148.000000 4.405958
v 32.000000 148.000000 4.604756
v 34.000000 148.000000 4.780629
v 36.000000 148.000000 4.643896
v 38.000000 148.000000 4.384472
v 40.000000 148.000000 4.244581
v 42.000000 148.000000 4.247153
v 44.000000 148.000000 4.344683
v 46.000000 148.000000 4.333241
v 48.000000 148.000000 4.196681
v 50.000000 148.000000 4.191124
v 52.000000 148.000000 4.280538
v 54.000000 148.000000 4.469576
v 56.000000 148.000000 4.653868
v 58.000000 148.000000 4.411063
v 118.000000 148.000000 4.198881
v 122.000000 148.000000 4.098492
v 124.000000 148.000000 4.420259
v 126.000000 148.000000 4.365239
v 128.000000 148.000000 4.001885
v 130.000000 148.000000 4.020992
v 132.000000 148.000000 4.179540
v 134.000000 148.000000 4.328006
v 136.000000 148.000000 4.233051
v 138.000000 148.000000 4.070102
v 142.000000 148.000000 4.059875
v 144.000000 148.000000 4.268793
v 146.000000 148.000000 4.376689
v 148.000000 148.000000 4.423009
v 150.000000 148.000000 4.063870
v 154.000000 148.000000 4.051909
v 160.000000 148.000000 4.177840
v 162.000000 148.000000 4.456286
v 164.000000 148.000000 4.486583
v 166.000000 148.000000 4.299754
v 168.000000 148.000000 4.256132
v 170.000000 148.000000 4.189814
v 178.000000 148.000000 4.158128
v 180.000000 148.000000 4.069062
v 182.000000 148.000000 4.292077
v 184.000000 148.000000 4.272182
v 192.000000 148.000000 4.529548
v 194.000000 148.000000 4.591608
v 196.000000 148.000000 4.633235
v 198.000000 148.000000 4.528512
v 200.000000 148.000000 4.072430
v 206.000000 148.000000 4.075308
v 208.000000 148.000000 4.212821
v 210.000000 148.000000 4.099146
v 212.000000 148.000000 4.322819
v 214.000000 148.000000 4.758213
v 216.000000 148.000000 4.754227
v 218.000000 148.000000 4.254418
v 220.000000 148.000000 4.067910
v 222.000000 148.000000 4.717026
v 224.000000 148.000000 5.337012
v 226.000000 148.000000 5.362213
v 228.000000 148.000000 4.810772
v 230.000000 148.000000 4.059933
v 232.000000 148.000000 4.076186
v 234.000000 148.000000 4.530301
v 236.000000 148.000000 4.720294
v 238.000000 148.000000 4.421117
v 244.000000 148.000000 4.051460
v 250.000000 148.000000 4.037783
v 252.000000 148.000000 4.416369
v 254.000000 148.000000 4.384422
v 256.000000 148.000000 4.219651
v 258.000000 148.000000 4.308048
v 260.000000 148.000000 4.083218
v 266.000000 148.000000 4.055088
v 268.000000 148.000000 4.128560
v 270.000000 148.000000 4.038748
v 272.000000 148.000000 4.269375
v 274.000000 148.000000 4.080377
v 280.000000 148.000000 4.120245
v 282.000000 148.000000 4.421803
v 284.000000 148.000000 4.298104
v 286.000000 148.000000 4.329106
v 288.000000 148.000000 4.414898
v 296.000000 148.000000 4.079562
v 298.000000 148.000000 4.090027
v 300.000000 148.000000 4.103149
v 302.000000 148.000000 4.474225
v 304.000000 148.000000 4.752242
v 306.000000 148.000000 4.547132
v 308.000000 148.000000 4.183062
v 310.000000 148.000000 4.132033
v 312.000000 148.000000 4.575068
v 314.000000 148.000000 5.138511
v 316.000000 148.000000 5.098188
v 318.000000 148.000000 4.578636
v 320.000000 148.000000 4.170757
v 322.000000 148.000000 4.170639
v 324.000000 148.000000 4.724872
v 326.000000 148.000000 4.770102
v 328.000000 148.000000 4.474631
v 330.000000 148.000000 4.244212
v 332.000000 148.000000 4.332145
v 334.000000 148.000000 4.346748
v 336.000000 148.000000 4.040751
v 340.000000 148.000000 4.373160
v 342.000000 148.000000 4.636415
v 344.000000 148.000000 4.700198
v 346.000000 148.000000 4.591602
v 348.000000 148.000000 4.680951
v 350.000000 148.000000 4.238167
v 356.000000 148.000000 4.416934
v 358.000000 148.000000 4.520809
v 360.000000 148.000000 4.334797
v 54.000000 150.000000 4.027875
v 56.000000 150.000000 4.086822
v 134.000000 150.000000 4.093069
v 136.000000 150.000000 4.077182
v 192.000000 150.000000 4.052918
v 196.000000 150.000000 4.091724
v 214.000000 150.000000 4.185988
v 216.000000 150.000000 4.033266
v 222.000000 150.000000 4.163661
v 224.000000 150.000000 4.717143
v 226.000000 150.000000 4.734398
v 228.000000 150.000000 4.207740
v 236.000000 150.000000 4.049891
v 288.000000 150.000000 4.056386
v 304.000000 150.000000 4.088602
v 312.000000 150.000000 4.076827
v 314.000000 150.000000 4.443290
v 316.000000 150.000000 4.344809
v 326.000000 150.000000 4.019326
v 224.000000 154.000000 4.291498
v 226.000000 154.000000 4.309711
v 314.000000 154.000000 4.199904
v 316.000000 154.000000 4.019941
v 34.000000 156.000000 4.022002
v 56.000000 156.000000 4.060817
v 124.000000 156.000000 4.122879
v 164.000000 156.000000 4.011175
v 192.000000 156.000000 4.009244
v 196.000000 156.000000 4.071031
v 198.000000 156.000000 4.128464
v 214.000000 156.000000 4.211272
v 216.000000 156.000000 4.175099
v 222.000000 156.000000 4.073965
v 224.000000 156.000000 4.643642
v 226.000000 156.000000 4.682575
v 228.000000 156.000000 4.140148
v 236.000000 156.000000 4.178236
v 288.000000 156.000000 4.001704
v 312.000000 156.000000 4.232625
v 314.000000 156.000000 4.785335
v 316.000000 156.000000 4.625921
v 318.000000 156.000000 4.036425
v 324.000000 156.000000 4.152498
v 326.000000 156.000000 4.157411
v 328.000000 156.000000 4.010915
v 342.000000 156.000000 4.006980
v 348.000000 156.000000 4.066684
v 224.000000 158.000000 4.309495
v 226.000000 158.000000 4.264760
v 314.000000 158.000000 4.333671
v 316.000000 158.000000 4.233229
v 126.000000 160.000000 4.012375
v 164.000000 160.000000 4.021101
v 192.000000 160.000000 4.008365
v 196.000000 160.000000 4.026546
v 214.000000 160.000000 4.292209
v 216.000000 160.000000 4.252011
v 222.000000 160.000000 4.144372
v 224.000000 160.000000 4.799562
v 226.000000 160.000000 4.857880
v 228.000000 160.000000 4.222326
v 234.000000 160.000000 4.024046
v 236.000000 160.000000 4.273931
v 304.000000 160.000000 4.014216
v 312.000000 160.000000 4.055474
v 314.000000 160.000000 4.412674
v 316.000000 160.000000 4.264507
v 324.000000 160.000000 4.058925
v 326.000000 160.000000 4.107125
v 102.000000 26.000000 6.106914
v 104.000000 26.000000 6.527108
v 106.000000 26.000000 6.375755
v 76.000000 28.000000 6.310124
v 78.000000 28.000000 6.546096
v 80.000000 28.000000 6.327260
v 86.000000 28.000000 6.105215
v 88.000000 28.000000 7.288556
v 90.000000 28.000000 7.585217
v 92.000000 28.000000 7.128639
v 94.000000 28.000000 6.539587
v 96.000000 28.000000 6.211981
v 98.000000 28.000000 6.270060
v 100.000000 28.000000 7.423642
v 102.000000 28.000000 7.589456
v 104.000000 28.000000 7.706747
v 106.000000 28.000000 7.718076
v 108.000000 28.000000 7.108239
v 110.000000 28.000000 6.644926
v 114.000000 28.000000 6.093754
v 116.000000 28.000000 6.522460
v 118.000000 28.000000 6.509884
v 120.000000 28.000000 6.392923
v 122.000000 28.000000 6.564000
v 124.000000 28.000000 6.274161
v 132.000000 28.000000 6.196244
v 76.000000 30.000000 6.261276
v 78.000000 30.000000 6.444646
v 80.000000 30.000000 6.261535
v 88.000000 30.000000 6.606037
v 90.000000 30.000000 7.200238
v 92.000000 30.000000 6.845050
v 94.000000 30.000000 6.115799
v 96.000000 30.000000 6.016385
v 98.000000 30.000000 6.371868
v 100.000000 30.000000 7.462203
v 102.000000 30.000000 7.154465
v 104.000000 30.000000 7.343875
v 106.000000 30.000000 7.538981
v 108.000000 30.000000 7.351028
v 110.000000 30.000000 7.014263
v 112.000000 30.000000 6.641474
v 114.000000 30.000000 6.387694
v 116.000000 30.000000 6.241046
v 118.000000 30.000000 6.032827
v 120.000000 30.000000 6.258683
v 122.000000 30.000000 6.345266
v 124.000000 30.000000 6.187610
v 100.000000 32.000000 6.188493
v 102.000000 32.000000 6.013999
v 104.000000 32.000000 6.185668
v 106.000000 32.000000 6.082755
v 108.000000 32.000000 6.046216
v 70.000000 34.000000 6.640638
v 72.000000 34.000000 6.420629
v 74.000000 34.000000 7.392543
v 75.432053 34.000000 8.000000
v 76.000000 33.852642 8.000000
v 78.000000 34.000000 7.862091
v 77.351326 34.000000 8.000000
v 80.000000 34.000000 7.491813
v 82.000000 34.000000 6.734211
v 84.000000 34.000000 6.704502
v 86.000000 34.000000 7.270820
v 88.000000 34.000000 7.442880
v 90.000000 34.000000 7.772123
v 92.000000 34.000000 7.412871
v 94.000000 34.000000 6.539612
v 96.000000 34.000000 6.465765
v 98.000000 34.000000 6.981325
v 100.000000 34.000000 7.832659
v 102.000000 34.000000 7.785518
v 103.085632 34.000000 8.000000
v 104.000000 33.845806 8.000000
v 106.000000 34.000000 7.863981
v 105.184326 34.000000 8.000000
v 108.000000 34.000000 6.992245
v 110.000000 34.000000 7.077586
v 112.000000 34.000000 6.949723
v 114.000000 34.000000 6.998734
v 116.000000 34.000000 6.927547
v 118.000000 34.000000 6.335320
v 120.000000 34.000000 6.351940
v 122.000000 34.000000 6.685584
v 124.000000 34.000000 6.866856
v 132.000000 34.000000 6.084119
v 32.000000 36.000000 6.307487
v 42.000000 36.000000 6.233886
v 44.000000 36.000000 6.465417
v 46.000000 36.000000 6.564660
v 48.000000 36.000000 6.805194
v 50.000000 36.000000 6.592638
v 52.000000 36.000000 7.941939
v 52.116867 36.000000 8.000000
v 54.000000 35.418335 8.000000
v 56.000000 35.659512 8.000000
v 58.000000 35.857330 8.000000
v 60.000000 36.000000 7.862247
v 59.294575 36.000000 8.000000
v 61.234852 36.000000 8.000000
v 62.000000 35.956245 8.000000
v 64.000000 36.000000 7.646769
v 62.445484 36.000000 8.000000
v 66.000000 36.000000 7.929764
v 66.172844 36.000000 8.000000
v 68.000000 35.573826 8.000000
v 70.000000 34.938877 8.000000
v 72.000000 34.976677 8.000000
v 74.000000 34.376358 8.000000
v 78.000000 34.088100 8.000000
v 80.000000 34.367985 8.000000
v 82.000000 34.765331 8.000000
v 84.000000 34.780575 8.000000
v 86.000000 34.478550 8.000000
v 88.000000 34.365952 8.000000
v 90.000000 34.143364 8.000000
v 92.000000 34.368488 8.000000
v 94.000000 34.923759 8.000000
v 96.000000 35.001465 8.000000
v 98.000000 34.669949 8.000000
v 100.000000 34.124821 8.000000
v 102.000000 34.149818 8.000000
v 106.000000 34.110378 8.000000
v 108.000000 34.725090 8.000000
v 110.000000 34.639851 8.000000
v 112.000000 34.739491 8.000000
v 114.000000 34.701851 8.000000
v 116.000000 34.658295 8.000000
v 118.000000 34.960155 8.000000
v 120.000000 35.181042 8.000000
v 122.000000 34.865944 8.000000
v 124.000000 34.716904 8.000000
v 126.000000 35.523060 8.000000
v 128.000000 35.720486 8.000000
v 130.000000 35.868137 8.000000
v 132.000000 35.355282 8.000000
v 134.000000 35.706783 8.000000
v 136.000000 36.000000 7.061122
v 134.646927 36.000000 8.000000
v 138.000000 36.000000 7.010406
v 140.000000 36.000000 6.773827
v 142.000000 36.000000 6.573609
v 144.000000 36.000000 6.046047
v 156.000000 36.000000 6.056361
v 16.000000 38.000000 6.281405
v 18.000000 38.000000 6.346790
v 30.000000 38.000000 6.558767
v 32.000000 38.000000 7.377550
v 34.000000 38.000000 6.763746
v 36.000000 38.000000 6.320704
v 38.000000 38.000000 6.167052
v 40.000000 38.000000 6.686890
v 42.000000 38.000000 7.381217
v 44.000000 38.000000 7.717970
v 46.000000 38.000000 7.953117
v 46.205360 38.000000 8.000000
v 48.000000 37.499527 8.000000
v 50.000000 37.747738 8.000000
v 52.000000 36.099430 8.000000
v 60.000000 36.151466 8.000000
v 64.000000 36.315788 8.000000
v 66.000000 36.089050 8.000000
v 136.000000 38.000000 7.392880
v 134.947617 38.000000 8.000000
v 138.000000 38.000000 7.389868
v 140.000000 38.000000 7.742902
v 142.000000 38.000000 7.995647
v 144.000000 38.000000 7.601728
v 146.000000 38.000000 6.956577
v 148.000000 38.000000 7.184388
v 150.000000 38.000000 6.854532
v 152.000000 38.000000 6.867715
v 154.000000 38.000000 6.865118
v 156.000000 38.000000 6.907225
v 158.000000 38.000000 6.660192
v 160.000000 38.000000 6.074904
v 162.000000 38.000000 6.007737
v 164.000000 38.000000 6.010277
v 32.000000 40.000000 7.376394
v 34.000000 40.000000 6.622413
v 40.000000 40.000000 6.604360
v 42.000000 40.000000 7.229095
v 44.000000 40.000000 7.598113
v 46.000000 40.000000 7.748474
v 46.694714 40.000000 8.000000
v 128.000000 40.000000 7.480493
v 126.711861 40.000000 8.000000
v 128.000000 39.307137 8.000000
v 130.000000 39.407887 8.000000
v 130.000000 40.000000 7.575990
v 131.396103 40.000000 8.000000
v 134.000000 40.000000 7.218142
v 132.399872 40.000000 8.000000
v 134.000000 38.849899 8.000000
v 136.000000 40.000000 6.540773
v 138.000000 40.000000 6.684263
v 140.000000 40.000000 6.743338
v 142.000000 40.000000 6.869246
v 144.000000 40.000000 6.658398
v 146.000000 40.000000 6.377946
v 148.000000 40.000000 6.296355
v 32.000000 42.000000 6.839771
v 34.000000 42.000000 6.774102
v 38.000000 42.000000 6.030798
v 40.000000 42.000000 6.761639
v 42.000000 42.000000 7.601886
v 44.000000 42.000000 7.595183
v 46.000000 42.000000 7.785029
v 48.000000 41.782158 8.000000
v 48.000000 42.000000 7.941159
v 50.000000 40.402817 8.000000
v 50.000000 42.000000 7.457140
v 51.248684 42.000000 8.000000
v 126.000000 42.000000 7.858989
v 125.766670 42.000000 8.000000
v 126.000000 41.330593 8.000000
v 128.000000 42.000000 7.383597
v 130.000000 42.000000 7.129403
v 132.000000 40.494617 8.000000
v 132.000000 42.000000 7.469003
v 134.000000 42.000000 7.008025
v 136.000000 42.000000 6.465046
v 138.000000 42.000000 6.689821
v 140.000000 42.000000 6.319482
v 142.000000 42.000000 6.337033
v 144.000000 42.000000 6.205474
v 146.000000 42.000000 6.531787
v 148.000000 42.000000 6.133694
v 156.000000 42.000000 6.016732
v 16.000000 44.000000 6.694221
v 18.000000 44.000000 7.131978
v 20.000000 44.000000 6.487847
v 22.000000 44.000000 6.330719
v 24.000000 44.000000 6.524249
v 26.000000 44.000000 6.665141
v 28.000000 44.000000 6.899388
v 30.000000 44.000000 7.559716
v 30.684088 44.000000 8.000000
v 32.000000 43.119286 8.000000
v 34.000000 42.947102 8.000000
v 36.000000 43.494442 8.000000
v 38.000000 43.649605 8.000000
v 40.000000 43.260242 8.000000
v 42.000000 42.507977 8.000000
v 44.000000 42.436146 8.000000
v 46.000000 42.212593 8.000000
v 48.000000 42.083340 8.000000
v 50.000000 43.165401 8.000000
v 126.000000 42.214565 8.000000
v 128.000000 43.151058 8.000000
v 130.000000 44.000000 7.995435
v 129.979065 44.000000 8.000000
v 130.035370 44.000000 8.000000
v 132.000000 43.360107 8.000000
v 134.000000 44.000000 7.827956
v 133.275620 44.000000 8.000000
v 136.000000 44.000000 7.205259
v 138.000000 44.000000 7.440368
v 140.000000 44.000000 7.071394
v 142.000000 44.000000 7.106372
v 144.000000 44.000000 7.183749
v 146.000000 44.000000 7.472895
v 148.000000 44.000000 6.980758
v 150.000000 44.000000 6.378768
v 152.000000 44.000000 6.516180
v 154.000000 44.000000 6.752174
v 156.000000 44.000000 6.923630
v 158.000000 44.000000 6.257744
v 2.000000 46.000000 7.652687
v 0.000000 46.000000 6.781783
v 4.000000 46.000000 7.343669
v 6.000000 46.000000 6.294789
v 8.000000 46.000000 6.787335
v 10.000000 46.000000 7.528413
v 12.000000 46.000000 7.408077
v 14.000000 46.000000 7.849370
v 14.237668 46.000000 8.000000
v 16.000000 45.078773 8.000000
v 18.000000 44.701824 8.000000
v 20.000000 45.457981 8.000000
v 22.000000 45.638939 8.000000
v 24.000000 45.319065 8.000000
v 26.000000 45.234303 8.000000
v 28.000000 45.073761 8.000000
v 30.000000 44.380447 8.000000
v 130.000000 44.005253 8.000000
v 134.000000 44.237877 8.000000
v 136.000000 45.176373 8.000000
v 138.000000 45.078098 8.000000
v 140.000000 45.902287 8.000000
v 142.000000 45.522026 8.000000
v 144.000000 45.550030 8.000000
v 146.000000 45.485756 8.000000
v 148.000000 45.825939 8.000000
v 150.000000 46.000000 7.336702
v 148.279434 46.000000 8.000000
v 152.000000 46.000000 7.213903
v 154.000000 46.000000 7.542221
v 156.000000 46.000000 7.475652
v 158.000000 46.000000 6.850375
v 160.000000 46.000000 6.524197
v 162.000000 46.000000 6.158944
v 164.000000 46.000000 6.246346
v 348.000000 46.000000 6.420671
v 350.000000 46.000000 6.079823
v 354.000000 46.000000 6.305753
v 356.000000 46.000000 6.594991
v 358.000000 46.000000 6.291256
v 360.000000 46.000000 6.781783
v 0.000000 47.997387 8.000000
v 2.000000 46.662434 8.000000
v 4.000000 47.272160 8.000000
v 6.000000 48.000000 7.611589
v 5.001241 48.000000 8.000000
v 7.067330 48.000000 8.000000
v 8.000000 47.592396 8.000000
v 10.000000 46.586353 8.000000
v 12.000000 46.699715 8.000000
v 14.000000 46.156727 8.000000
v 150.000000 47.725178 8.000000
v 152.000000 48.000000 7.741260
v 150.572723 48.000000 8.000000
v 153.273178 48.000000 8.000000
v 154.000000 47.515308 8.000000
v 156.000000 47.664436 8.000000
v 158.000000 48.000000 7.627464
v 156.455887 48.000000 8.000000
v 160.000000 48.000000 7.272599
v 162.000000 48.000000 6.885365
v 164.000000 48.000000 7.104110
v 166.000000 48.000000 6.549132
v 168.000000 48.000000 6.189750
v 170.000000 48.000000 6.300860
v 172.000000 48.000000 6.027577
v 178.000000 48.000000 6.009455
v 182.000000 48.000000 6.098673
v 184.000000 48.000000 6.367117
v 186.000000 48.000000 6.280134
v 188.000000 48.000000 6.034235
v 192.000000 48.000000 6.130919
v 194.000000 48.000000 6.062274
v 218.000000 48.000000 6.114443
v 220.000000 48.000000 6.195662
v 222.000000 48.000000 6.276025
v 224.000000 48.000000 6.360721
v 226.000000 48.000000 6.339875
v 228.000000 48.000000 6.277301
v 230.000000 48.000000 6.084266
v 238.000000 48.000000 6.002435
v 314.000000 48.000000 6.234056
v 316.000000 48.000000 6.603009
v 318.000000 48.000000 6.071306
v 332.000000 48.000000 6.216556
v 334.000000 48.000000 6.280191
v 336.000000 48.000000 6.059371
v 338.000000 48.000000 6.124716
v 340.000000 48.000000 6.417392
v 342.000000 48.000000 6.518606
v 344.000000 48.000000 6.709939
v 346.000000 48.000000 7.221669
v 348.000000 48.000000 7.698315
v 350.000000 48.000000 7.099840
v 352.000000 48.000000 6.768904
v 354.000000 48.000000 7.333016
v 356.000000 48.000000 7.877495
v 358.000000 48.000000 7.505268
v 359.993439 48.000000 8.000000
v 360.000000 47.997387 8.000000
v 6.000000 49.418892 8.000000
v 150.000000 50.000000 7.957047
v 149.897980 50.000000 8.000000
v 150.000000 49.439976 8.000000
v 152.000000 50.000000 7.750216
v 153.690994 50.000000 8.000000
v 158.000000 50.000000 7.524760
v 156.059219 50.000000 8.000000
v 160.000000 50.000000 7.067323
v 162.000000 50.000000 6.800823
v 164.000000 50.000000 7.138421
v 166.000000 50.000000 6.713116
v 168.000000 50.000000 6.265599
v 170.000000 50.000000 6.512234
v 172.000000 50.000000 6.204542
v 178.000000 50.000000 6.022983
v 180.000000 50.000000 6.119901
v 182.000000 50.000000 6.345029
v 184.000000 50.000000 6.680341
v 186.000000 50.000000 6.789145
v 188.000000 50.000000 6.304128
v 190.000000 50.000000 6.118079
v 192.000000 50.000000 6.271751
v 194.000000 50.000000 6.395613
v 196.000000 50.000000 6.299416
v 200.000000 50.000000 6.144471
v 202.000000 50.000000 6.020712
v 208.000000 50.000000 6.193913
v 210.000000 50.000000 6.385511
v 212.000000 50.000000 6.033867
v 214.000000 50.000000 6.127238
v 216.000000 50.000000 6.677568
v 218.000000 50.000000 6.487090
v 220.000000 50.000000 6.435260
v 222.000000 50.000000 6.261562
v 224.000000 50.000000 6.519596
v 226.000000 50.000000 6.545012
v 228.000000 50.000000 6.528420
v 230.000000 50.000000 6.268556
v 238.000000 50.000000 6.238311
v 240.000000 50.000000 6.043334
v 252.000000 50.000000 6.031855
v 306.000000 50.000000 6.343129
v 308.000000 50.000000 6.085399
v 312.000000 50.000000 6.358638
v 314.000000 50.000000 7.327457
v 316.000000 50.000000 7.387388
v 318.000000 50.000000 6.531277
v 324.000000 50.000000 6.381060
v 326.000000 50.000000 6.553031
v 328.000000 50.000000 6.158179
v 330.000000 50.000000 6.275639
v 332.000000 50.000000 6.851466
v 334.000000 50.000000 6.894823
v 336.000000 50.000000 6.437838
v 338.000000 50.000000 6.301065
v 340.000000 50.000000 6.866569
v 342.000000 50.000000 7.329043
v 344.000000 50.000000 7.151955
v 346.000000 50.000000 7.775199
v 346.882599 50.000000 8.000000
v 348.000000 49.071442 8.000000
v 350.000000 50.000000 7.720777
v 348.993530 50.000000 8.000000
v 352.000000 50.000000 7.108280
v 354.000000 50.000000 7.819067
v 354.428070 50.000000 8.000000
v 356.000000 48.331562 8.000000
v 358.000000 49.709740 8.000000
v 150.000000 52.000000 7.702120
v 149.220871 52.000000 8.000000
v 152.000000 52.000000 7.659510
v 154.000000 50.403858 8.000000
v 154.000000 52.000000 7.797346
v 156.000000 50.056702 8.000000
v 156.000000 52.000000 7.439855
v 158.000000 52.000000 7.275291
v 160.000000 52.000000 7.068563
v 162.000000 52.000000 7.065424
v 164.000000 52.000000 7.432511
v 166.000000 52.000000 7.111693
v 168.000000 52.000000 6.636349
v 170.000000 52.000000 6.788481
v 172.000000 52.000000 6.528488
v 174.000000 52.000000 6.058140
v 176.000000 52.000000 6.277530
v 178.000000 52.000000 6.562471
v 180.000000 52.000000 6.527255
v 182.000000 52.000000 6.797106
v 184.000000 52.000000 7.183048
v 186.000000 52.000000 7.095095
v 188.000000 52.000000 6.663954
v 190.000000 52.000000 6.757527
v 192.000000 52.000000 6.925890
v 194.000000 52.000000 7.150207
v 196.000000 52.000000 6.983295
v 198.000000 52.000000 6.815569
v 200.000000 52.000000 6.792008
v 202.000000 52.000000 6.680239
v 204.000000 52.000000 6.398312
v 206.000000 52.000000 6.475205
v 208.000000 52.000000 6.462429
v 210.000000 52.000000 6.810527
v 212.000000 52.000000 6.632749
v 214.000000 52.000000 7.001781
v 216.000000 52.000000 7.781405
v 218.000000 52.000000 7.273471
v 220.000000 52.000000 7.132354
v 222.000000 52.000000 6.973123
v 224.000000 52.000000 6.988441
v 226.000000 52.000000 7.213181
v 228.000000 52.000000 7.158723
v 230.000000 52.000000 7.015281
v 232.000000 52.000000 6.848333
v 234.000000 52.000000 6.707420
v 236.000000 52.000000 6.995682
v 238.000000 52.000000 7.115019
v 240.000000 52.000000 6.704544
v 242.000000 52.000000 6.649621
v 244.000000 52.000000 6.382023
v 246.000000 52.000000 6.229996
v 248.000000 52.000000 6.235871
v 250.000000 52.000000 6.631674
v 252.000000 52.000000 6.777010
v 254.000000 52.000000 6.760679
v 256.000000 52.000000 6.168004
v 258.000000 52.000000 6.036469
v 260.000000 52.000000 6.107463
v 262.000000 52.000000 6.018730
v 268.000000 52.000000 6.144876
v 280.000000 52.000000 6.271373
v 282.000000 52.000000 6.332146
v 284.000000 52.000000 6.027657
v 288.000000 52.000000 6.237973
v 290.000000 52.000000 6.204636
v 298.000000 52.000000 6.293046
v 300.000000 52.000000 6.081630
v 304.000000 52.000000 6.553821
v 306.000000 52.000000 6.908548
v 308.000000 52.000000 6.439962
v 310.000000 52.000000 6.131817
v 312.000000 52.000000 6.919758
v 314.000000 52.000000 7.984062
v 314.071320 52.000000 8.000000
v 316.000000 51.203556 8.000000
v 318.000000 52.000000 7.469829
v 316.917328 52.000000 8.000000
v 320.000000 52.000000 6.551785
v 322.000000 52.000000 6.613035
v 324.000000 52.000000 7.345155
v 326.000000 52.000000 7.485727
v 328.000000 52.000000 6.916455
v 330.000000 52.000000 7.115442
v 332.000000 52.000000 7.842035
v 334.000000 52.000000 7.893183
v 336.000000 52.000000 7.109394
v 338.000000 52.000000 7.081431
v 340.000000 52.000000 7.990866
v 340.045746 52.000000 8.000000
v 342.000000 51.316650 8.000000
v 344.000000 51.659081 8.000000
v 346.000000 50.422211 8.000000
v 350.000000 50.639076 8.000000
v 352.000000 52.000000 7.891800
v 351.718292 52.000000 8.000000
v 352.231445 52.000000 8.000000
v 354.000000 50.379593 8.000000
v 150.000000 52.420036 8.000000
v 152.000000 52.530117 8.000000
v 154.000000 52.314838 8.000000
v 156.000000 52.980167 8.000000
v 158.000000 53.605988 8.000000
v 160.000000 53.524918 8.000000
v 162.000000 53.415909 8.000000
v 164.000000 53.145641 8.000000
v 166.000000 53.812981 8.000000
v 168.000000 54.000000 7.661620
v 166.440536 54.000000 8.000000
v 170.000000 54.000000 7.681866
v 172.000000 54.000000 7.542969
v 174.000000 54.000000 7.459400
v 175.925339 54.000000 8.000000
v 176.000000 53.978268 8.000000
v 178.000000 54.000000 7.853769
v 176.260300 54.000000 8.000000
v 180.000000 54.000000 7.365228
v 182.000000 54.000000 7.695938
v 183.678650 54.000000 8.000000
v 184.000000 53.859669 8.000000
v 186.000000 54.000000 7.975931
v 185.450287 54.000000 8.000000
v 188.000000 54.000000 7.385063
v 190.000000 54.000000 7.659185
v 191.392090 54.000000 8.000000
v 192.000000 53.770046 8.000000
v 194.000000 53.744484 8.000000
v 196.000000 54.000000 7.763972
v 194.713303 54.000000 8.000000
v 198.000000 54.000000 7.713962
v 200.000000 54.000000 7.962124
v 202.000000 54.000000 7.839675
v 203.600708 54.000000 8.000000
v 204.000000 53.961472 8.000000
v 206.000000 53.800762 8.000000
v 208.000000 53.947025 8.000000
v 210.000000 53.818115 8.000000
v 212.000000 54.000000 7.854856
v 210.956207 54.000000 8.000000
v 212.803833 54.000000 8.000000
v 214.000000 53.677547 8.000000
v 216.000000 52.485332 8.000000
v 218.000000 52.916603 8.000000
v 220.000000 53.025490 8.000000
v 222.000000 53.375389 8.000000
v 224.000000 53.356838 8.000000
v 226.000000 53.055954 8.000000
v 228.000000 53.048607 8.000000
v 230.000000 53.111816 8.000000
v 232.000000 53.346062 8.000000
v 234.000000 53.619282 8.000000
v 236.000000 53.312908 8.000000
v 238.000000 52.984715 8.000000
v 240.000000 53.353390 8.000000
v 242.000000 53.467567 8.000000
v 244.000000 53.864510 8.000000
v 246.000000 53.763229 8.000000
v 248.000000 53.867249 8.000000
v 250.000000 53.665211 8.000000
v 252.000000 53.397804 8.000000
v 254.000000 53.371857 8.000000
v 256.000000 54.000000 7.962714
v 255.897034 54.000000 8.000000
v 258.000000 54.000000 7.635190
v 260.000000 54.000000 7.870080
v 262.000000 54.000000 7.585187
v 264.000000 54.000000 7.270267
v 266.000000 54.000000 7.442718
v 268.000000 54.000000 7.890263
v 270.000000 54.000000 7.674526
v 272.000000 54.000000 7.494606
v 274.000000 54.000000 7.563260
v 276.000000 54.000000 7.369805
v 278.000000 54.000000 7.561750
v 280.000000 54.000000 7.860417
v 282.000000 54.000000 7.989039
v 284.000000 54.000000 7.635743
v 286.000000 54.000000 7.373599
v 288.000000 54.000000 7.708935
v 290.000000 54.000000 7.804139
v 292.000000 54.000000 7.458588
v 294.000000 54.000000 7.159724
v 296.000000 54.000000 7.601779
v 297.969910 54.000000 8.000000
v 298.000000 53.993793 8.000000
v 300.000000 54.000000 7.850707
v 298.081696 54.000000 8.000000
v 302.000000 54.000000 7.624324
v 303.553589 54.000000 8.000000
v 304.000000 53.882126 8.000000
v 306.000000 53.375523 8.000000
v 308.000000 53.666668 8.000000
v 310.000000 54.000000 7.827270
v 309.333954 54.000000 8.000000
v 310.647278 54.000000 8.000000
v 312.000000 53.561478 8.000000
v 314.000000 52.022705 8.000000
v 318.000000 52.620083 8.000000
v 320.000000 53.614418 8.000000
v 322.000000 53.612095 8.000000
v 324.000000 53.026569 8.000000
v 326.000000 52.798664 8.000000
v 328.000000 53.229404 8.000000
v 330.000000 53.000767 8.000000
v 332.000000 52.183010 8.000000
v 334.000000 52.113312 8.000000
v 336.000000 52.875988 8.000000
v 338.000000 52.919605 8.000000
v 340.000000 52.008915 8.000000
v 352.000000 52.106373 8.000000
v 168.000000 56.000000 7.886034
v 167.484726 56.000000 8.000000
v 170.000000 56.000000 7.922589
v 172.000000 56.000000 7.904467
v 174.000000 56.000000 7.825000
v 174.721191 56.000000 8.000000
v 178.000000 54.910847 8.000000
v 180.000000 56.000000 7.593111
v 178.604126 56.000000 8.000000
v 182.000000 56.000000 7.652080
v 184.000000 54.937771 8.000000
v 184.000000 56.000000 7.926701
v 186.000000 56.000000 7.903322
v 188.000000 56.000000 7.342503
v 190.000000 56.000000 7.698807
v 191.541672 56.000000 8.000000
v 196.000000 56.000000 7.709974
v 194.416183 56.000000 8.000000
v 198.000000 56.000000 7.681122
v 199.513519 56.000000 8.000000
v 200.000000 54.523888 8.000000
v 202.000000 55.489052 8.000000
v 212.000000 54.704548 8.000000
v 256.000000 54.062599 8.000000
v 258.000000 54.621334 8.000000
v 260.000000 54.190639 8.000000
v 262.000000 54.613628 8.000000
v 264.000000 55.469891 8.000000
v 266.000000 55.211040 8.000000
v 268.000000 54.162041 8.000000
v 270.000000 54.497135 8.000000
v 272.000000 54.802162 8.000000
v 274.000000 54.706913 8.000000
v 276.000000 54.834831 8.000000
v 278.000000 54.691097 8.000000
v 280.000000 54.243820 8.000000
v 282.000000 54.016361 8.000000
v 284.000000 54.576321 8.000000
v 286.000000 55.114815 8.000000
v 288.000000 54.484802 8.000000
v 290.000000 54.272697 8.000000
v 292.000000 54.768799 8.000000
v 294.000000 55.262051 8.000000
v 296.000000 54.577812 8.000000
v 300.000000 54.211792 8.000000
v 302.000000 54.571743 8.000000
v 310.000000 54.234116 8.000000
v 168.000000 57.513897 8.000000
v 170.000000 56.810371 8.000000
v 172.000000 58.000000 7.976194
v 171.651108 58.000000 8.000000
v 174.000000 58.000000 7.909207
v 174.361588 58.000000 8.000000
v 180.000000 58.000000 7.541482
v 178.845261 58.000000 8.000000
v 182.000000 58.000000 7.479536
v 184.000000 58.000000 7.761299
v 186.000000 58.000000 7.900481
v 188.000000 58.000000 7.340812
v 190.000000 58.000000 7.914853
v 190.537720 58.000000 8.000000
v 196.000000 58.000000 7.646195
v 194.645782 58.000000 8.000000
v 198.000000 58.000000 7.669023
v 199.725555 58.000000 8.000000
v 172.000000 58.028393 8.000000
v 174.000000 58.101120 8.000000
v 180.000000 58.449589 8.000000
v 182.000000 58.553627 8.000000
v 184.000000 58.250408 8.000000
v 186.000000 58.117210 8.000000
v 188.000000 58.737423 8.000000
v 190.000000 58.092327 8.000000
v 196.000000 58.337463 8.000000
v 198.000000 58.282127 8.000000
v 92.000000 100.000000 7.468027
v 90.696625 100.000000 8.000000
v 92.000000 99.276062 8.000000
v 94.000000 99.230453 8.000000
v 94.000000 100.000000 7.399331
v 96.000000 99.799126 8.000000
v 96.000000 100.000000 7.861318
v 98.000000 99.799477 8.000000
v 98.000000 100.000000 7.845760
v 100.000000 99.611847 8.000000
v 100.000000 100.000000 7.682007
v 101.018341 100.000000 8.000000
v 78.000000 102.000000 7.675320
v 77.472717 102.000000 8.000000
v 78.000000 101.611565 8.000000
v 80.000000 101.254982 8.000000
v 80.000000 102.000000 7.396266
v 82.000000 101.442635 8.000000
v 82.000000 102.000000 7.580367
v 84.000000 101.366562 8.000000
v 84.000000 102.000000 7.476387
v 86.000000 101.465828 8.000000
v 86.000000 102.000000 7.678452
v 88.000000 101.653046 8.000000
v 88.000000 102.000000 7.773642
v 90.000000 100.356125 8.000000
v 90.000000 102.000000 6.669383
v 96.000000 102.000000 6.120936
v 98.000000 102.000000 6.229690
v 100.000000 102.000000 6.278151
v 102.000000 100.421654 8.000000
v 102.000000 102.000000 6.889360
v 104.000000 100.697884 8.000000
v 104.000000 102.000000 6.942643
v 106.000000 100.290833 8.000000
v 106.000000 102.000000 6.551199
v 108.000000 100.427536 8.000000
v 108.000000 102.000000 6.634200
v 110.000000 101.387321 8.000000
v 110.000000 102.000000 7.488928
v 111.020317 102.000000 8.000000
v 78.000000 104.000000 7.851037
v 77.611809 104.000000 8.000000
v 80.000000 104.000000 7.326048
v 82.000000 104.000000 7.346079
v 84.000000 104.000000 7.369054
v 86.000000 104.000000 7.186892
v 88.000000 104.000000 6.931584
v 90.000000 104.000000 6.372522
v 94.000000 104.000000 6.040218
v 98.000000 104.000000 6.026893
v 100.000000 104.000000 6.064510
v 102.000000 104.000000 6.406368
v 104.000000 104.000000 6.489919
v 106.000000 104.000000 6.508487
v 108.000000 104.000000 6.739849
v 110.000000 104.000000 7.216374
v 112.000000 103.659599 8.000000
v 112.000000 104.000000 7.897125
v 112.551811 104.000000 8.000000
v 78.000000 106.000000 7.765915
v 77.369202 106.000000 8.000000
v 80.000000 106.000000 7.260098
v 82.000000 106.000000 7.392068
v 84.000000 106.000000 7.453364
v 86.000000 106.000000 7.224696
v 88.000000 106.000000 6.907054
v 90.000000 106.000000 6.176184
v 94.000000 106.000000 6.099208
v 98.000000 106.000000 6.190265
v 100.000000 106.000000 6.211350
v 102.000000 106.000000 6.255808
v 104.000000 106.000000 6.519294
v 106.000000 106.000000 6.403423
v 108.000000 106.000000 6.571121
v 110.000000 106.000000 7.030478
v 112.000000 106.000000 7.814762
v 112.684647 106.000000 8.000000
v 72.000000 108.000000 7.553278
v 70.499542 108.000000 8.000000
v 72.000000 106.982971 8.000000
v 74.000000 106.780022 8.000000
v 74.000000 108.000000 7.333435
v 76.000000 106.814255 8.000000
v 76.000000 108.000000 7.297401
v 78.000000 108.000000 6.755833
v 80.000000 108.000000 6.485580
v 82.000000 108.000000 6.903331
v 84.000000 108.000000 6.960890
v 86.000000 108.000000 6.732514
v 88.000000 108.000000 6.315154
v 110.000000 108.000000 6.325260
v 112.000000 108.000000 7.054094
v 114.000000 106.732262 8.000000
v 114.000000 108.000000 7.458130
v 115.919434 108.000000 8.000000
v 122.000000 108.000000 7.723876
v 120.170631 108.000000 8.000000
v 122.000000 107.563499 8.000000
v 124.000000 107.830177 8.000000
v 124.000000 108.000000 7.893293
v 124.325722 108.000000 8.000000
v 56.000000 110.000000 7.658735
v 55.060390 110.000000 8.000000
v 56.000000 109.678040 8.000000
v 58.000000 109.516861 8.000000
v 58.000000 110.000000 7.483249
v 60.000000 109.446220 8.000000
v 60.000000 110.000000 7.424448
v 62.000000 108.921059 8.000000
v 62.000000 110.000000 6.974355
v 64.000000 108.304337 8.000000
v 64.000000 110.000000 6.344092
v 66.000000 108.028854 8.000000
v 66.000000 110.000000 6.014288
v 68.000000 108.282257 8.000000
v 68.000000 110.000000 6.197547
v 70.000000 108.120491 8.000000
v 70.000000 110.000000 6.190616
v 116.000000 108.022224 8.000000
v 116.000000 110.000000 6.219901
v 118.000000 108.202736 8.000000
v 118.000000 110.000000 6.581192
v 120.000000 108.026634 8.000000
v 120.000000 110.000000 6.367695
v 122.000000 110.000000 6.303782
v 124.000000 110.000000 6.330881
v 126.000000 108.670425 8.000000
v 126.000000 110.000000 6.862652
v 127.536163 110.000000 8.000000
v 44.000000 112.000000 7.667413
v 43.336552 112.000000 8.000000
v 44.000000 111.539253 8.000000
v 46.000000 110.530106 8.000000
v 46.000000 112.000000 7.045552
v 48.000000 110.799713 8.000000
v 48.000000 112.000000 7.109726
v 50.000000 111.318611 8.000000
v 50.000000 112.000000 7.379529
v 52.000000 111.298302 8.000000
v 52.000000 112.000000 7.382676
v 54.000000 110.503502 8.000000
v 54.000000 112.000000 6.908796
v 56.000000 112.000000 6.319903
v 58.000000 112.000000 6.069277
v 124.000000 112.000000 6.053225
v 126.000000 112.000000 6.470688
v 128.000000 110.323624 8.000000
v 128.000000 112.000000 6.512642
v 130.000000 111.002609 8.000000
v 130.000000 112.000000 6.931564
v 132.000000 111.544136 8.000000
v 132.000000 112.000000 7.580448
v 133.692017 112.000000 8.000000
v 42.000000 114.000000 7.963504
v 40.710068 114.000000 8.000000
v 42.000000 113.902168 8.000000
v 44.000000 114.000000 7.020015
v 46.000000 114.000000 6.286472
v 48.000000 114.000000 6.211638
v 50.000000 114.000000 6.644615
v 52.000000 114.000000 6.354282
v 54.000000 114.000000 6.287523
v 56.000000 114.000000 6.057102
v 130.000000 114.000000 6.071344
v 132.000000 114.000000 6.783659
v 134.000000 112.233261 8.000000
v 134.000000 114.000000 7.436259
v 135.867477 114.000000 8.000000
v 22.000000 116.000000 7.175448
v 20.058170 116.000000 8.000000
v 22.000000 115.260239 8.000000
v 24.000000 114.808289 8.000000
v 24.000000 116.000000 6.861571
v 26.000000 114.620186 8.000000
v 26.000000 116.000000 6.726177
v 28.000000 114.715561 8.000000
v 28.000000 116.000000 6.685771
v 30.000000 115.368027 8.000000
v 30.000000 116.000000 7.390927
v 32.000000 115.734596 8.000000
v 32.000000 116.000000 7.761644
v 34.000000 115.434921 8.000000
v 34.000000 116.000000 7.475437
v 36.000000 114.715439 8.000000
v 36.000000 116.000000 6.736883
v 38.000000 114.179512 8.000000
v 38.000000 116.000000 6.483653
v 40.000000 114.013718 8.000000
v 40.000000 116.000000 6.005502
v 134.000000 116.000000 6.239708
v 136.000000 114.038681 8.000000
v 136.000000 116.000000 6.324092
v 138.000000 114.189125 8.000000
v 138.000000 116.000000 6.585387
v 140.000000 114.259598 8.000000
v 140.000000 116.000000 6.514736
v 142.000000 114.804253 8.000000
v 142.000000 116.000000 6.957753
v 144.000000 115.259453 8.000000
v 144.000000 116.000000 7.346884
v 146.000000 115.540077 8.000000
v 146.000000 116.000000 7.615487
v 148.000000 115.948822 8.000000
v 148.000000 116.000000 7.962895
v 148.247131 116.000000 8.000000
v 154.000000 116.000000 7.544940
v 152.337509 116.000000 8.000000
v 154.000000 115.511726 8.000000
v 156.000000 115.179459 8.000000
v 156.000000 116.000000 7.230495
v 157.629730 116.000000 8.000000
v 2.000000 118.000000 7.996883
v 1.955115 118.000000 8.000000
v 2.000000 117.996391 8.000000
v 4.000000 117.661705 8.000000
v 4.000000 118.000000 7.669544
v 6.000000 117.144051 8.000000
v 6.000000 118.000000 7.077617
v 8.000000 117.193024 8.000000
v 8.000000 118.000000 7.208884
v 10.000000 117.291222 8.000000
v 10.000000 118.000000 7.270984
v 12.000000 117.688751 8.000000
v 12.000000 118.000000 7.714808
v 12.733308 118.000000 8.000000
v 16.000000 118.000000 7.682689
v 15.258784 118.000000 8.000000
v 16.000000 117.683899 8.000000
v 18.000000 116.966034 8.000000
v 18.000000 118.000000 6.919646
v 20.000000 116.020874 8.000000
v 20.000000 118.000000 6.025373
v 32.000000 118.000000 6.097518
v 34.000000 118.000000 6.028901
v 146.000000 118.000000 6.211967
v 148.000000 118.000000 6.295450
v 150.000000 116.204033 8.000000
v 150.000000 118.000000 6.275015
v 152.000000 116.066238 8.000000
v 158.000000 116.127693 8.000000
v 158.000000 118.000000 6.015919
v 160.000000 117.272964 8.000000
v 160.000000 118.000000 7.174569
v 161.935516 118.000000 8.000000
v 172.000000 118.000000 7.263157
v 170.475723 118.000000 8.000000
v 172.000000 117.396149 8.000000
v 174.000000 117.352371 8.000000
v 174.000000 118.000000 7.203206
v 175.728302 118.000000 8.000000
v 184.000000 118.000000 7.623760
v 182.139648 118.000000 8.000000
v 184.000000 117.599068 8.000000
v 186.000000 117.205292 8.000000
v 186.000000 118.000000 7.229408
v 188.000000 117.043640 8.000000
v 188.000000 118.000000 7.060427
v 189.560471 118.000000 8.000000
v 202.000000 118.000000 7.594116
v 200.281219 118.000000 8.000000
v 202.000000 117.566437 8.000000
v 204.000000 117.423958 8.000000
v 204.000000 118.000000 7.483931
v 206.000000 117.991119 8.000000
v 206.000000 118.000000 7.991243
v 208.000000 117.980431 8.000000
v 208.000000 118.000000 7.978596
v 208.690033 118.000000 8.000000
v 352.000000 118.000000 7.163528
v 351.097534 118.000000 8.000000
v 352.000000 117.121613 8.000000
v 354.000000 116.811661 8.000000
v 354.000000 118.000000 6.795640
v 356.000000 116.822838 8.000000
v 356.000000 118.000000 6.629714
v 358.000000 117.297745 8.000000
v 358.000000 118.000000 7.223128
v 359.706787 118.000000 8.000000
v 2.000000 118.013771 8.000000
v 4.000000 119.053421 8.000000
v 6.000000 120.000000 7.770158
v 5.194881 120.000000 8.000000
v 8.000000 120.000000 7.822427
v 10.000000 120.000000 7.597193
v 10.962022 120.000000 8.000000
v 12.000000 118.850037 8.000000
v 16.000000 119.115776 8.000000
v 18.000000 120.000000 7.448228
v 16.620663 120.000000 8.000000
v 20.000000 120.000000 6.531016
v 32.000000 120.000000 6.392372
v 34.000000 120.000000 6.464589
v 36.000000 120.000000 6.022652
v 144.000000 120.000000 6.036932
v 146.000000 120.000000 6.085556
v 160.000000 120.000000 6.709434
v 162.000000 118.122627 8.000000
v 162.000000 120.000000 7.457715
v 163.679520 120.000000 8.000000
v 170.000000 120.000000 7.579111
v 168.206329 120.000000 8.000000
v 170.000000 118.801254 8.000000
v 172.000000 120.000000 6.819168
v 174.000000 120.000000 6.806328
v 176.000000 118.573242 8.000000
v 176.000000 120.000000 7.598579
v 178.000000 119.528053 8.000000
v 178.000000 120.000000 7.878054
v 180.000000 119.766830 8.000000
v 180.000000 120.000000 7.961723
v 182.000000 118.116936 8.000000
v 182.000000 120.000000 7.476522
v 184.000000 120.000000 7.172469
v 186.000000 120.000000 6.905811
v 188.000000 120.000000 6.948140
v 189.771484 120.000000 8.000000
v 202.000000 120.000000 7.628201
v 200.671967 120.000000 8.000000
v 204.000000 120.000000 7.474329
v 206.000000 120.000000 7.816485
v 208.000000 120.000000 7.827604
v 209.298035 120.000000 8.000000
v 248.000000 120.000000 7.816044
v 246.959549 120.000000 8.000000
v 248.000000 119.315193 8.000000
v 248.281174 120.000000 8.000000
v 262.000000 120.000000 7.904185
v 261.873138 120.000000 8.000000
v 262.000000 119.650291 8.000000
v 262.917175 120.000000 8.000000
v 352.000000 119.765099 8.000000
v 354.000000 120.000000 7.245760
v 352.315613 120.000000 8.000000
v 356.000000 120.000000 7.172294
v 357.865173 120.000000 8.000000
v 358.000000 119.876671 8.000000
v 6.000000 120.627075 8.000000
v 8.000000 120.608551 8.000000
v 10.000000 121.956879 8.000000
v 18.000000 121.568321 8.000000
v 20.000000 122.000000 7.128120
v 18.327034 122.000000 8.000000
v 22.000000 122.000000 6.248396
v 28.000000 122.000000 6.107269
v 30.000000 122.000000 6.560419
v 32.000000 122.000000 6.853868
v 34.000000 122.000000 7.115405
v 36.000000 122.000000 6.813469
v 38.000000 122.000000 6.319222
v 144.000000 122.000000 6.404995
v 146.000000 122.000000 6.489392
v 148.000000 122.000000 6.518853
v 150.000000 122.000000 6.273906
v 160.000000 122.000000 6.964890
v 162.000000 122.000000 7.816221
v 162.582504 122.000000 8.000000
v 168.000000 122.000000 7.815122
v 166.608734 122.000000 8.000000
v 168.000000 120.434250 8.000000
v 170.000000 122.000000 7.523133
v 172.000000 122.000000 6.761987
v 174.000000 122.000000 6.764264
v 176.000000 122.000000 7.887022
v 177.475616 122.000000 8.000000
v 178.000000 121.506378 8.000000
v 180.000000 122.000000 7.696545
v 178.235718 122.000000 8.000000
v 182.000000 122.000000 7.378510
v 184.000000 122.000000 7.013831
v 186.000000 122.000000 6.755802
v 188.000000 122.000000 6.979417
v 189.857605 122.000000 8.000000
v 202.000000 122.000000 7.544621
v 200.452118 122.000000 8.000000
v 204.000000 122.000000 7.431301
v 206.000000 122.000000 7.713956
v 208.000000 122.000000 7.785368
v 208.867996 122.000000 8.000000
v 246.000000 122.000000 7.928935
v 245.822021 122.000000 8.000000
v 246.000000 121.441551 8.000000
v 248.000000 122.000000 7.646649
v 248.493042 122.000000 8.000000
v 262.000000 122.000000 7.916338
v 261.892578 122.000000 8.000000
v 264.000000 121.090561 8.000000
v 264.000000 122.000000 7.902563
v 264.109650 122.000000 8.000000
v 276.000000 122.000000 7.957286
v 275.949921 122.000000 8.000000
v 276.000000 121.680756 8.000000
v 278.000000 121.162369 8.000000
v 278.000000 122.000000 7.896865
v 278.103577 122.000000 8.000000
v 354.000000 122.000000 7.569059
v 353.124207 122.000000 8.000000
v 356.000000 122.000000 7.845317
v 356.251221 122.000000 8.000000
v 0.000000 124.000000 7.214296
v 2.000000 123.131706 8.000000
v 2.000000 124.000000 7.260239
v 0.000000 123.299446 8.000000
v 4.000000 122.932854 8.000000
v 4.000000 124.000000 6.982637
v 6.000000 122.433731 8.000000
v 6.000000 124.000000 6.292197
v 8.000000 122.348015 8.000000
v 8.000000 124.000000 6.255188
v 10.000000 122.009567 8.000000
v 10.000000 124.000000 6.402757
v 12.000000 122.837273 8.000000
v 12.000000 124.000000 6.884783
v 14.000000 123.446419 8.000000
v 14.000000 124.000000 7.411169
v 16.000000 122.639519 8.000000
v 16.000000 124.000000 6.847615
v 18.000000 122.191742 8.000000
v 18.000000 124.000000 6.716367
v 20.000000 124.000000 6.013491
v 162.000000 124.000000 6.219511
v 164.000000 122.533798 8.000000
v 164.000000 124.000000 6.856536
v 166.000000 122.110718 8.000000
v 166.000000 124.000000 6.740193
v 168.000000 124.000000 6.388931
v 170.000000 124.000000 6.097344
v 176.000000 124.000000 6.025007
v 178.000000 122.043465 8.000000
v 178.000000 124.000000 6.359853
v 180.000000 124.000000 6.085822
v 190.000000 122.083389 8.000000
v 190.000000 124.000000 6.307590
v 192.000000 122.827675 8.000000
v 192.000000 124.000000 6.913998
v 194.000000 122.871025 8.000000
v 194.000000 124.000000 7.012753
v 196.000000 123.009773 8.000000
v 196.000000 124.000000 7.100485
v 198.000000 122.730988 8.000000
v 198.000000 124.000000 6.849319
v 200.000000 122.132622 8.000000
v 200.000000 124.000000 6.442540
v 206.000000 124.000000 6.044436
v 208.000000 124.000000 6.157530
v 210.000000 122.289345 8.000000
v 210.000000 124.000000 6.559657
v 212.000000 123.263306 8.000000
v 212.000000 124.000000 7.183751
v 214.000000 123.606567 8.000000
v 214.000000 124.000000 7.528739
v 216.000000 123.258423 8.000000
v 216.000000 124.000000 7.253973
v 218.000000 122.771248 8.000000
v 218.000000 124.000000 6.909354
v 220.000000 122.225838 8.000000
v 220.000000 124.000000 6.409769
v 222.000000 122.838058 8.000000
v 222.000000 124.000000 6.940552
v 223.796829 124.000000 8.000000
v 230.000000 124.000000 6.706213
v 228.009964 124.000000 8.000000
v 230.000000 122.704353 8.000000
v 232.000000 122.395256 8.000000
v 232.000000 124.000000 6.255782
v 234.000000 123.472618 8.000000
v 234.000000 124.000000 7.384604
v 235.977982 124.000000 8.000000
v 238.000000 124.000000 7.596566
v 236.033096 124.000000 8.000000
v 238.000000 123.674210 8.000000
v 240.000000 122.828796 8.000000
v 240.000000 124.000000 6.823750
v 242.000000 122.429863 8.000000
v 242.000000 124.000000 6.496738
v 244.000000 122.558449 8.000000
v 244.000000 124.000000 6.422997
v 250.000000 122.937851 8.000000
v 250.000000 124.000000 6.919070
v 251.664413 124.000000 8.000000
v 256.000000 124.000000 7.599107
v 254.895508 124.000000 8.000000
v 256.000000 123.635132 8.000000
v 258.000000 123.837738 8.000000
v 258.000000 124.000000 7.830161
v 260.000000 123.287804 8.000000
v 260.000000 124.000000 7.292483
v 266.000000 123.306923 8.000000
v 266.000000 124.000000 7.194627
v 268.000000 123.782188 8.000000
v 268.000000 124.000000 7.768130
v 270.000000 123.594078 8.000000
v 270.000000 124.000000 7.538742
v 272.000000 123.698685 8.000000
v 272.000000 124.000000 7.591395
v 274.000000 123.292061 8.000000
v 274.000000 124.000000 7.111679
v 280.000000 123.540947 8.000000
v 280.000000 124.000000 7.502170
v 281.094116 124.000000 8.000000
v 290.000000 124.000000 7.810745
v 289.530029 124.000000 8.000000
v 290.000000 123.820015 8.000000
v 292.000000 122.524330 8.000000
v 292.000000 124.000000 6.423612
v 294.000000 122.831520 8.000000
v 294.000000 124.000000 6.486164
v 296.000000 123.907654 8.000000
v 296.000000 124.000000 7.882979
v 296.282379 124.000000 8.000000
v 308.000000 124.000000 7.883446
v 307.207855 124.000000 8.000000
v 308.000000 123.910301 8.000000
v 308.261749 124.000000 8.000000
v 336.000000 124.000000 7.747414
v 335.159302 124.000000 8.000000
v 336.000000 123.818420 8.000000
v 338.000000 123.994919 8.000000
v 338.000000 124.000000 7.993317
v 338.037720 124.000000 8.000000
v 350.000000 124.000000 7.652209
v 349.301147 124.000000 8.000000
v 350.000000 123.680489 8.000000
v 352.000000 122.423119 8.000000
v 352.000000 124.000000 6.350099
v 356.000000 124.000000 6.118906
v 358.000000 122.799995 8.000000
v 358.000000 124.000000 6.695787
v 360.000000 123.299446 8.000000
v 360.000000 124.000000 7.214296
v 224.000000 124.110657 8.000000
v 224.000000 126.000000 6.325908
v 226.000000 124.533066 8.000000
v 226.000000 126.000000 6.550456
v 228.000000 124.004951 8.000000
v 236.000000 124.004845 8.000000
v 252.000000 124.164940 8.000000
v 252.000000 126.000000 6.136081
v 254.000000 124.216698 8.000000
v 282.000000 124.278458 8.000000
v 282.000000 126.000000 6.014578
v 284.000000 124.327385 8.000000
v 286.000000 124.293945 8.000000
v 286.000000 126.000000 6.318400
v 288.000000 124.433151 8.000000
v 288.000000 126.000000 6.370862
v 298.000000 124.331795 8.000000
v 300.000000 124.210205 8.000000
v 302.000000 124.217751 8.000000
v 304.000000 124.279167 8.000000
v 304.000000 126.000000 6.062007
v 306.000000 124.095100 8.000000
v 310.000000 124.374382 8.000000
v 312.000000 125.158478 8.000000
v 312.000000 126.000000 6.919994
v 314.000000 125.518562 8.000000
v 314.000000 126.000000 7.330738
v 316.000000 125.460236 8.000000
v 316.000000 126.000000 7.275588
v 318.000000 125.029381 8.000000
v 318.000000 126.000000 6.840489
v 320.000000 124.613144 8.000000
v 320.000000 126.000000 6.303099
v 322.000000 124.526520 8.000000
v 322.000000 126.000000 6.121752
v 324.000000 124.602730 8.000000
v 324.000000 126.000000 6.423818
v 326.000000 124.607941 8.000000
v 326.000000 126.000000 6.624382
v 328.000000 124.539871 8.000000
v 328.000000 126.000000 6.180975
v 330.000000 124.459381 8.000000
v 330.000000 126.000000 6.043682
v 332.000000 124.572372 8.000000
v 332.000000 126.000000 6.167659
v 334.000000 124.201988 8.000000
v 340.000000 124.194069 8.000000
v 342.000000 124.585945 8.000000
v 342.000000 126.000000 6.421750
v 344.000000 124.760139 8.000000
v 344.000000 126.000000 6.587842
v 346.000000 124.648064 8.000000
v 346.000000 126.000000 6.473264
v 348.000000 124.386902 8.000000
v 314.000000 128.000000 6.262799
v 316.000000 128.000000 6.067586
v 314.000000 130.000000 6.083531
v 316.000000 130.000000 6.021884
v 344.000000 130.000000 6.054173
v 76.000000 34.000000 8.274288
v 104.000000 34.000000 8.195932
v 54.000000 36.000000 9.543544
v 56.000000 36.000000 8.857736
v 58.000000 36.000000 8.305533
v 62.000000 36.000000 8.108043
v 68.000000 36.000000 8.885036
v 69.645515 36.000000 10.000000
v 70.000000 35.885094 10.000000
v 72.000000 35.744274 10.000000
v 74.000000 35.256645 10.000000
v 76.000000 34.906532 10.000000
v 78.000000 35.037361 10.000000
v 80.000000 35.347843 10.000000
v 82.000000 35.583714 10.000000
v 84.000000 35.610016 10.000000
v 86.000000 35.337322 10.000000
v 88.000000 35.208046 10.000000
v 90.000000 34.978687 10.000000
v 92.000000 35.248543 10.000000
v 94.000000 35.723099 10.000000
v 96.000000 35.812767 10.000000
v 98.000000 35.555084 10.000000
v 100.000000 35.144798 10.000000
v 102.000000 35.204315 10.000000
v 104.000000 35.006046 10.000000
v 106.000000 35.269711 10.000000
v 108.000000 35.707912 10.000000
v 110.000000 35.598328 10.000000
v 112.000000 35.587841 10.000000
v 114.000000 35.537640 10.000000
v 116.000000 35.384071 10.000000
v 118.000000 35.645409 10.000000
v 120.000000 36.000000 9.985708
v 119.976608 36.000000 10.000000
v 120.089569 36.000000 10.000000
v 122.000000 35.882305 10.000000
v 124.000000 35.597851 10.000000
v 126.000000 36.000000 9.476179
v 125.440048 36.000000 10.000000
v 128.000000 36.000000 8.598727
v 130.000000 36.000000 8.240503
v 132.000000 36.000000 9.397647
v 134.000000 36.000000 8.628676
v 48.000000 38.000000 8.482990
v 50.000000 38.000000 8.259767
v 52.000000 38.000000 9.567239
v 52.480175 38.000000 10.000000
v 54.000000 36.443859 10.000000
v 56.000000 36.875164 10.000000
v 58.000000 37.725700 10.000000
v 60.000000 37.991730 10.000000
v 62.000000 37.478676 10.000000
v 64.000000 37.757660 10.000000
v 66.000000 38.000000 9.984821
v 65.909637 38.000000 10.000000
v 66.034767 38.000000 10.000000
v 68.000000 37.178837 10.000000
v 120.000000 36.029606 10.000000
v 126.000000 37.486908 10.000000
v 128.000000 38.000000 9.221290
v 126.286072 38.000000 10.000000
v 130.000000 38.000000 9.164231
v 131.955887 38.000000 10.000000
v 132.000000 37.933521 10.000000
v 134.000000 38.000000 8.742193
v 132.034897 38.000000 10.000000
v 48.000000 40.000000 8.583620
v 50.000000 40.000000 8.173375
v 52.000000 40.000000 9.174954
v 52.765228 40.000000 10.000000
v 58.000000 40.000000 9.715671
v 57.568668 40.000000 10.000000
v 58.000000 39.041275 10.000000
v 60.000000 38.091991 10.000000
v 60.000000 40.000000 9.768251
v 60.420227 40.000000 10.000000
v 66.000000 40.000000 9.380950
v 64.749245 40.000000 10.000000
v 66.801849 40.000000 10.000000
v 96.000000 40.000000 9.778647
v 95.665375 40.000000 10.000000
v 96.000000 39.776611 10.000000
v 96.373688 40.000000 10.000000
v 118.000000 40.000000 9.708263
v 117.647652 40.000000 10.000000
v 118.000000 39.716396 10.000000
v 120.000000 38.994843 10.000000
v 120.000000 40.000000 9.128235
v 121.248558 40.000000 10.000000
v 126.000000 40.000000 8.379001
v 124.634254 40.000000 10.000000
v 126.000000 38.156590 10.000000
v 132.000000 38.022121 10.000000
v 132.000000 40.000000 8.223269
v 52.000000 42.000000 8.471597
v 53.144768 42.000000 10.000000
v 58.000000 42.000000 9.967386
v 57.938339 42.000000 10.000000
v 60.000000 42.000000 8.633183
v 62.000000 40.768654 10.000000
v 62.000000 42.000000 8.762486
v 64.000000 40.600502 10.000000
v 64.000000 42.000000 9.010032
v 66.000000 42.000000 8.798841
v 68.000000 41.537617 10.000000
v 68.000000 42.000000 9.731071
v 68.327797 42.000000 10.000000
v 94.000000 42.000000 9.561789
v 93.329903 42.000000 10.000000
v 94.000000 41.402077 10.000000
v 96.000000 42.000000 8.156605
v 98.000000 41.202518 10.000000
v 98.000000 42.000000 9.350718
v 98.663445 42.000000 10.000000
v 112.000000 42.000000 9.748152
v 111.051514 42.000000 10.000000
v 112.000000 41.635654 10.000000
v 114.000000 41.891567 10.000000
v 114.000000 42.000000 9.924026
v 116.000000 41.606140 10.000000
v 116.000000 42.000000 9.646354
v 118.000000 42.000000 8.601885
v 120.000000 42.000000 8.160563
v 122.000000 40.838242 10.000000
v 122.000000 42.000000 9.243587
v 124.000000 41.517918 10.000000
v 124.000000 42.000000 9.715841
v 32.000000 44.000000 9.260511
v 33.292725 44.000000 10.000000
v 34.000000 43.808922 10.000000
v 36.000000 44.000000 9.178601
v 34.728031 44.000000 10.000000
v 38.000000 44.000000 8.581195
v 40.000000 44.000000 8.970595
v 42.000000 44.000000 9.882594
v 42.412785 44.000000 10.000000
v 44.000000 43.754395 10.000000
v 46.000000 43.750996 10.000000
v 48.000000 44.000000 9.890137
v 47.547058 44.000000 10.000000
v 50.000000 44.000000 8.497419
v 51.682327 44.000000 10.000000
v 52.000000 43.653599 10.000000
v 58.000000 42.026024 10.000000
v 60.000000 43.349934 10.000000
v 62.000000 43.138866 10.000000
v 64.000000 42.588249 10.000000
v 66.000000 43.002205 10.000000
v 68.000000 42.277649 10.000000
v 94.000000 42.367271 10.000000
v 96.000000 44.000000 9.696103
v 95.755043 44.000000 10.000000
v 96.676117 44.000000 10.000000
v 98.000000 43.056301 10.000000
v 112.000000 42.483047 10.000000
v 114.000000 42.135891 10.000000
v 116.000000 42.732216 10.000000
v 118.000000 44.000000 9.944919
v 117.830490 44.000000 10.000000
v 120.000000 44.000000 9.402600
v 120.988655 44.000000 10.000000
v 122.000000 43.090576 10.000000
v 124.000000 42.253109 10.000000
v 126.000000 43.994240 10.000000
v 128.000000 44.000000 8.560121
v 126.007706 44.000000 10.000000
v 132.000000 44.000000 8.320012
v 16.000000 46.000000 9.516292
v 17.967775 46.000000 10.000000
v 18.000000 45.995556 10.000000
v 20.000000 46.000000 8.745683
v 18.010372 46.000000 10.000000
v 22.000000 46.000000 8.595072
v 24.000000 46.000000 9.325736
v 26.000000 46.000000 9.419173
v 28.000000 46.000000 9.328351
v 29.003883 46.000000 10.000000
v 30.000000 45.603531 10.000000
v 32.000000 44.440704 10.000000
v 36.000000 44.495731 10.000000
v 38.000000 45.003963 10.000000
v 40.000000 44.731510 10.000000
v 42.000000 44.077457 10.000000
v 48.000000 44.067310 10.000000
v 50.000000 44.785297 10.000000
v 96.000000 44.168194 10.000000
v 118.000000 44.029358 10.000000
v 120.000000 44.391186 10.000000
v 128.000000 44.968529 10.000000
v 130.000000 45.469967 10.000000
v 132.000000 45.467751 10.000000
v 134.000000 46.000000 9.731638
v 133.489822 46.000000 10.000000
v 136.000000 46.000000 8.742575
v 138.000000 46.000000 8.643364
v 140.000000 46.000000 8.069398
v 142.000000 46.000000 8.397492
v 144.000000 46.000000 8.340889
v 146.000000 46.000000 8.269696
v 148.000000 46.000000 8.117564
v 2.000000 48.000000 8.880666
v 0.000000 48.000000 8.002027
v 4.000000 48.000000 8.440979
v 8.000000 48.000000 8.345571
v 10.000000 48.000000 9.510500
v 12.000000 48.000000 9.329258
v 13.485563 48.000000 10.000000
v 14.000000 47.812790 10.000000
v 16.000000 46.413490 10.000000
v 20.000000 47.227631 10.000000
v 22.000000 47.237259 10.000000
v 24.000000 46.483826 10.000000
v 26.000000 46.537319 10.000000
v 28.000000 47.144463 10.000000
v 134.000000 46.425758 10.000000
v 136.000000 48.000000 9.647100
v 135.486938 48.000000 10.000000
v 138.000000 48.000000 9.696024
v 140.000000 48.000000 9.253948
v 142.000000 48.000000 9.734155
v 144.000000 48.000000 9.181292
v 146.000000 48.000000 8.925328
v 148.000000 48.000000 8.903326
v 150.000000 48.000000 8.112259
v 154.000000 48.000000 8.168498
v 156.000000 48.000000 8.123941
v 360.000000 48.000000 8.002027
v 1.355594 50.000000 10.000000
v 2.000000 49.548012 10.000000
v 0.000000 50.000000 9.196571
v 4.000000 50.000000 9.594787
v 2.950090 50.000000 10.000000
v 6.000000 50.000000 8.193881
v 8.000000 50.000000 9.441068
v 8.659157 50.000000 10.000000
v 10.000000 48.630207 10.000000
v 12.000000 48.786011 10.000000
v 136.000000 50.000000 9.542004
v 135.375732 50.000000 10.000000
v 138.000000 50.000000 9.609527
v 140.000000 50.000000 9.808995
v 141.113693 50.000000 10.000000
v 142.000000 49.239891 10.000000
v 144.000000 50.000000 9.494146
v 142.469208 50.000000 10.000000
v 146.000000 50.000000 9.427570
v 148.000000 50.000000 9.005426
v 154.000000 50.000000 8.055490
v 156.000000 50.000000 8.018904
v 348.000000 50.000000 8.340133
v 356.000000 50.000000 8.910403
v 358.000000 50.000000 8.122957
v 360.000000 50.000000 9.196571
v 0.000000 51.405445 10.000000
v 4.000000 50.799625 10.000000
v 6.000000 52.000000 9.110284
v 4.936128 52.000000 10.000000
v 7.967160 52.000000 10.000000
v 8.000000 51.956619 10.000000
v 136.000000 51.545124 10.000000
v 138.000000 52.000000 9.955841
v 137.547440 52.000000 10.000000
v 140.000000 52.000000 9.570077
v 142.000000 50.502274 10.000000
v 142.000000 52.000000 9.516410
v 144.000000 52.000000 9.783996
v 146.000000 52.000000 9.992684
v 148.000000 52.000000 8.605848
v 316.000000 52.000000 8.593341
v 342.000000 52.000000 8.499382
v 344.000000 52.000000 8.246784
v 346.000000 52.000000 9.313874
v 347.260590 52.000000 10.000000
v 348.000000 51.687378 10.000000
v 350.000000 52.000000 8.922262
v 348.527954 52.000000 10.000000
v 354.000000 52.000000 9.285409
v 356.000000 52.000000 9.726481
v 358.000000 52.000000 9.183969
v 359.294006 52.000000 10.000000
v 360.000000 51.405445 10.000000
v 6.000000 52.635532 10.000000
v 138.000000 52.065735 10.000000
v 140.000000 52.430790 10.000000
v 142.000000 52.514179 10.000000
v 144.000000 52.308422 10.000000
v 146.000000 52.009167 10.000000
v 148.000000 53.612984 10.000000
v 150.000000 54.000000 9.539535
v 148.869431 54.000000 10.000000
v 152.000000 54.000000 9.378826
v 154.000000 54.000000 9.647508
v 156.000000 54.000000 8.818864
v 158.000000 54.000000 8.261742
v 160.000000 54.000000 8.348265
v 162.000000 54.000000 8.501982
v 164.000000 54.000000 8.555024
v 166.000000 54.000000 8.123074
v 176.000000 54.000000 8.025160
v 184.000000 54.000000 8.068268
v 192.000000 54.000000 8.184691
v 194.000000 54.000000 8.166253
v 204.000000 54.000000 8.043819
v 206.000000 54.000000 8.248502
v 208.000000 54.000000 8.063512
v 210.000000 54.000000 8.170166
v 214.000000 54.000000 8.254389
v 216.000000 54.000000 8.955761
v 218.000000 54.000000 9.222143
v 220.000000 54.000000 9.206151
v 222.000000 54.000000 8.663024
v 224.000000 54.000000 8.665118
v 226.000000 54.000000 8.962549
v 228.000000 54.000000 9.133610
v 230.000000 54.000000 9.127392
v 232.000000 54.000000 8.834801
v 234.000000 54.000000 8.456924
v 236.000000 54.000000 8.760377
v 238.000000 54.000000 9.303647
v 240.000000 54.000000 8.885321
v 242.000000 54.000000 8.705754
v 244.000000 54.000000 8.175529
v 246.000000 54.000000 8.332233
v 248.000000 54.000000 8.182326
v 250.000000 54.000000 8.403422
v 252.000000 54.000000 8.732488
v 254.000000 54.000000 8.765526
v 298.000000 54.000000 8.007459
v 304.000000 54.000000 8.135015
v 306.000000 54.000000 8.708695
v 308.000000 54.000000 8.449377
v 312.000000 54.000000 8.445753
v 313.875916 54.000000 10.000000
v 314.000000 53.905590 10.000000
v 316.000000 53.236790 10.000000
v 318.000000 54.000000 9.900640
v 317.828400 54.000000 10.000000
v 320.000000 54.000000 8.489653
v 322.000000 54.000000 8.492335
v 324.000000 54.000000 8.901136
v 326.000000 54.000000 9.107452
v 328.000000 54.000000 9.065480
v 330.000000 54.000000 9.355260
v 331.197357 54.000000 10.000000
v 332.000000 53.698738 10.000000
v 334.000000 53.509533 10.000000
v 336.000000 54.000000 9.771465
v 335.532715 54.000000 10.000000
v 338.000000 54.000000 9.644257
v 338.467224 54.000000 10.000000
v 340.000000 53.321953 10.000000
v 342.000000 52.931992 10.000000
v 344.000000 53.092510 10.000000
v 346.000000 52.433075 10.000000
v 350.000000 52.651333 10.000000
v 352.000000 53.520493 10.000000
v 354.000000 52.492329 10.000000
v 356.000000 52.172787 10.000000
v 358.000000 52.525791 10.000000
v 150.000000 55.260262 10.000000
v 152.000000 56.000000 9.712015
v 150.921585 56.000000 10.000000
v 153.364563 56.000000 10.000000
v 154.000000 55.369343 10.000000
v 156.000000 56.000000 9.620044
v 154.565399 56.000000 10.000000
v 158.000000 56.000000 9.427132
v 160.000000 56.000000 8.783670
v 162.000000 56.000000 8.876934
v 164.000000 56.000000 9.057510
v 166.000000 56.000000 8.410045
v 176.000000 56.000000 8.349035
v 178.000000 56.000000 8.224777
v 192.000000 56.000000 8.114065
v 194.000000 56.000000 8.098538
v 200.000000 56.000000 8.125832
v 202.000000 56.000000 8.063170
v 204.000000 56.000000 8.416395
v 206.000000 56.000000 9.136759
v 208.000000 56.000000 8.967193
v 210.000000 56.000000 8.757944
v 212.000000 56.000000 8.335350
v 214.000000 56.000000 8.571175
v 216.000000 56.000000 9.237259
v 218.000000 56.000000 9.345110
v 220.000000 56.000000 9.309224
v 222.000000 56.000000 9.016277
v 224.000000 56.000000 9.055378
v 226.000000 56.000000 9.538575
v 228.000000 56.000000 9.806056
v 230.000000 56.000000 9.971294
v 232.000000 56.000000 9.415542
v 234.000000 56.000000 8.977179
v 236.000000 56.000000 9.634483
v 236.829056 56.000000 10.000000
v 238.000000 55.195087 10.000000
v 240.000000 55.953495 10.000000
v 242.000000 56.000000 9.581963
v 240.143021 56.000000 10.000000
v 244.000000 56.000000 9.973001
v 244.183853 56.000000 10.000000
v 246.000000 55.793797 10.000000
v 248.000000 55.841805 10.000000
v 250.000000 55.931427 10.000000
v 252.000000 55.403187 10.000000
v 254.000000 55.400082 10.000000
v 256.000000 56.000000 9.578419
v 255.212601 56.000000 10.000000
v 258.000000 56.000000 9.184246
v 260.000000 56.000000 9.694296
v 262.000000 56.000000 9.297413
v 264.000000 56.000000 8.379143
v 266.000000 56.000000 8.507010
v 268.000000 56.000000 9.696690
v 270.000000 56.000000 9.335619
v 272.000000 56.000000 9.107706
v 274.000000 56.000000 9.120599
v 276.000000 56.000000 9.275714
v 278.000000 56.000000 9.172799
v 280.000000 56.000000 9.306310
v 282.000000 56.000000 9.862484
v 284.000000 56.000000 9.236337
v 286.000000 56.000000 8.627517
v 288.000000 56.000000 9.177514
v 290.000000 56.000000 9.738272
v 292.000000 56.000000 9.233058
v 294.000000 56.000000 8.707728
v 296.000000 56.000000 9.386035
v 297.657593 56.000000 10.000000
v 298.000000 55.895405 10.000000
v 300.000000 56.000000 9.816011
v 298.846619 56.000000 10.000000
v 302.000000 56.000000 9.396845
v 303.557983 56.000000 10.000000
v 304.000000 55.856834 10.000000
v 306.000000 55.245743 10.000000
v 308.000000 55.386047 10.000000
v 310.000000 56.000000 9.940139
v 309.858704 56.000000 10.000000
v 310.147186 56.000000 10.000000
v 312.000000 55.426460 10.000000
v 318.000000 54.103619 10.000000
v 320.000000 55.958073 10.000000
v 322.000000 56.000000 9.764075
v 320.285950 56.000000 10.000000
v 322.617218 56.000000 10.000000
v 324.000000 55.402966 10.000000
v 326.000000 54.928032 10.000000
v 328.000000 54.939754 10.000000
v 330.000000 54.808014 10.000000
v 336.000000 54.332932 10.000000
v 338.000000 54.491459 10.000000
v 150.000000 58.000000 9.680817
v 149.562820 58.000000 10.000000
v 150.000000 56.846561 10.000000
v 152.000000 58.000000 9.284495
v 154.000000 56.572910 10.000000
v 154.000000 58.000000 9.663013
v 156.000000 58.000000 9.633200
v 158.000000 58.000000 9.140354
v 160.000000 58.000000 8.678266
v 162.000000 58.000000 9.159518
v 164.000000 58.000000 9.352339
v 166.000000 58.000000 8.754581
v 168.000000 58.000000 8.042411
v 170.000000 58.000000 8.122454
v 176.000000 58.000000 8.462275
v 178.000000 58.000000 8.443355
v 192.000000 58.000000 8.310820
v 194.000000 58.000000 8.239020
v 200.000000 58.000000 8.069830
v 202.000000 58.000000 8.246626
v 204.000000 58.000000 8.681022
v 206.000000 58.000000 9.476859
v 208.000000 58.000000 9.538095
v 210.000000 58.000000 8.784881
v 212.000000 58.000000 8.441099
v 214.000000 58.000000 8.566320
v 216.000000 58.000000 9.315651
v 218.000000 58.000000 9.615541
v 220.000000 58.000000 9.766541
v 222.000000 58.000000 9.661027
v 224.000000 58.000000 9.653473
v 225.433563 58.000000 10.000000
v 226.000000 57.517117 10.000000
v 228.000000 56.479336 10.000000
v 230.000000 56.088409 10.000000
v 232.000000 57.934456 10.000000
v 234.000000 58.000000 9.779325
v 232.174362 58.000000 10.000000
v 234.391403 58.000000 10.000000
v 236.000000 56.605354 10.000000
v 242.000000 56.977283 10.000000
v 244.000000 56.051159 10.000000
v 256.000000 56.580303 10.000000
v 258.000000 56.974091 10.000000
v 260.000000 56.388123 10.000000
v 262.000000 56.901756 10.000000
v 264.000000 58.000000 9.895201
v 263.801422 58.000000 10.000000
v 266.000000 58.000000 9.919279
v 266.121796 58.000000 10.000000
v 268.000000 56.410194 10.000000
v 270.000000 56.757313 10.000000
v 272.000000 57.121536 10.000000
v 274.000000 56.928616 10.000000
v 276.000000 56.831947 10.000000
v 278.000000 56.966629 10.000000
v 280.000000 56.755077 10.000000
v 282.000000 56.131424 10.000000
v 284.000000 56.788773 10.000000
v 286.000000 57.431259 10.000000
v 288.000000 56.831013 10.000000
v 290.000000 56.242165 10.000000
v 292.000000 56.719833 10.000000
v 294.000000 57.376553 10.000000
v 296.000000 56.757553 10.000000
v 300.000000 56.205753 10.000000
v 302.000000 56.645329 10.000000
v 310.000000 56.051922 10.000000
v 322.000000 56.386078 10.000000
v 150.000000 58.217552 10.000000
v 152.000000 58.502644 10.000000
v 154.000000 58.259541 10.000000
v 156.000000 58.289070 10.000000
v 158.000000 58.705406 10.000000
v 160.000000 59.041382 10.000000
v 162.000000 58.530033 10.000000
v 164.000000 58.369091 10.000000
v 166.000000 58.819679 10.000000
v 168.000000 59.584469 10.000000
v 170.000000 59.625313 10.000000
v 172.000000 59.785637 10.000000
v 174.000000 59.894886 10.000000
v 176.000000 59.380337 10.000000
v 178.000000 59.021042 10.000000
v 180.000000 59.768520 10.000000
v 182.000000 60.000000 9.723551
v 181.153336 60.000000 10.000000
v 182.864456 60.000000 10.000000
v 184.000000 59.757832 10.000000
v 186.000000 59.744411 10.000000
v 188.000000 60.000000 9.844581
v 187.446030 60.000000 10.000000
v 188.319443 60.000000 10.000000
v 190.000000 59.551979 10.000000
v 192.000000 59.060783 10.000000
v 194.000000 59.119507 10.000000
v 196.000000 59.612648 10.000000
v 198.000000 59.476212 10.000000
v 200.000000 59.179211 10.000000
v 202.000000 59.170311 10.000000
v 204.000000 58.963104 10.000000
v 206.000000 58.333740 10.000000
v 208.000000 58.253990 10.000000
v 210.000000 58.722935 10.000000
v 212.000000 59.027775 10.000000
v 214.000000 58.885017 10.000000
v 216.000000 58.403759 10.000000
v 218.000000 58.229797 10.000000
v 220.000000 58.138775 10.000000
v 222.000000 58.212696 10.000000
v 224.000000 58.208553 10.000000
v 234.000000 58.112526 10.000000
v 264.000000 58.050701 10.000000
v 266.000000 58.039394 10.000000
v 182.000000 60.242893 10.000000
v 188.000000 60.111813 10.000000
v 92.000000 98.000000 9.234051
v 90.644684 98.000000 10.000000
v 92.000000 96.722855 10.000000
v 94.000000 96.165817 10.000000
v 94.000000 98.000000 9.159578
v 96.000000 97.317589 10.000000
v 96.000000 98.000000 9.522055
v 98.000000 97.784042 10.000000
v 98.000000 98.000000 9.856118
v 100.000000 97.772079 10.000000
v 100.000000 98.000000 9.826307
v 100.917030 98.000000 10.000000
v 80.000000 100.000000 9.412162
v 78.332390 100.000000 10.000000
v 80.000000 99.480659 10.000000
v 82.000000 99.376030 10.000000
v 82.000000 100.000000 9.352987
v 84.000000 99.430672 10.000000
v 84.000000 100.000000 9.440200
v 86.000000 98.893578 10.000000
v 86.000000 100.000000 9.022386
v 88.000000 98.902435 10.000000
v 88.000000 100.000000 9.191482
v 90.000000 98.339729 10.000000
v 90.000000 100.000000 8.347316
v 102.000000 98.216507 10.000000
v 102.000000 100.000000 8.401162
v 104.000000 98.599640 10.000000
v 104.000000 100.000000 8.876317
v 106.000000 98.346420 10.000000
v 106.000000 100.000000 8.366224
v 108.000000 98.611687 10.000000
v 108.000000 100.000000 8.577518
v 110.000000 99.716187 10.000000
v 110.000000 100.000000 9.754048
v 110.257629 100.000000 10.000000
v 64.000000 102.000000 9.182864
v 62.638058 102.000000 10.000000
v 64.000000 101.460503 10.000000
v 66.000000 101.197945 10.000000
v 66.000000 102.000000 8.888239
v 68.000000 101.888199 10.000000
v 68.000000 102.000000 9.844758
v 70.000000 101.885803 10.000000
v 70.000000 102.000000 9.832281
v 72.000000 101.521881 10.000000
v 72.000000 102.000000 9.365844
v 74.000000 101.760986 10.000000
v 74.000000 102.000000 9.702862
v 76.000000 101.403656 10.000000
v 76.000000 102.000000 9.243581
v 78.000000 100.083565 10.000000
v 112.000000 101.036957 10.000000
v 112.000000 102.000000 8.649983
v 114.000000 101.525719 10.000000
v 114.000000 102.000000 9.342314
v 115.359459 102.000000 10.000000
v 122.000000 102.000000 9.970535
v 121.948334 102.000000 10.000000
v 122.000000 101.979019 10.000000
v 124.000000 101.762550 10.000000
v 124.000000 102.000000 9.674902
v 124.531303 102.000000 10.000000
v 64.000000 104.000000 9.790381
v 63.558887 104.000000 10.000000
v 66.000000 104.000000 9.255885
v 68.000000 104.000000 9.801671
v 70.000000 104.000000 9.523091
v 72.000000 104.000000 8.975310
v 74.000000 104.000000 9.086251
v 76.000000 104.000000 8.892726
v 114.000000 104.000000 8.312942
v 116.000000 102.468224 10.000000
v 116.000000 104.000000 9.115964
v 117.571014 104.000000 10.000000
v 122.000000 104.000000 9.616819
v 121.059151 104.000000 10.000000
v 124.000000 104.000000 9.522932
v 124.926949 104.000000 10.000000
v 64.000000 105.255211 10.000000
v 66.000000 106.000000 9.417890
v 64.349060 106.000000 10.000000
v 68.000000 106.000000 9.645180
v 70.000000 106.000000 9.168427
v 72.000000 106.000000 8.522943
v 74.000000 106.000000 8.573257
v 76.000000 106.000000 8.613479
v 114.000000 106.000000 8.393508
v 116.000000 106.000000 9.137922
v 118.000000 105.864815 10.000000
v 118.000000 106.000000 9.980893
v 120.000000 105.466896 10.000000
v 120.000000 106.000000 9.824286
v 122.000000 106.000000 9.282991
v 124.000000 106.000000 9.377934
v 125.047028 106.000000 10.000000
v 62.000000 108.000000 9.351672
v 60.791496 108.000000 10.000000
v 62.000000 107.253220 10.000000
v 64.000000 106.146049 10.000000
v 64.000000 108.000000 8.424609
v 66.000000 108.000000 8.037605
v 68.000000 108.000000 8.388740
v 70.000000 108.000000 8.172215
v 116.000000 108.000000 8.028068
v 118.000000 108.000000 8.250261
v 120.000000 108.000000 8.034501
v 126.000000 106.659088 10.000000
v 126.000000 108.000000 8.726570
v 127.302574 108.000000 10.000000
v 44.000000 110.000000 9.712605
v 43.662678 110.000000 10.000000
v 44.000000 109.788628 10.000000
v 46.000000 109.064278 10.000000
v 46.000000 110.000000 8.526104
v 48.000000 109.188522 10.000000
v 48.000000 110.000000 8.798020
v 50.000000 109.847481 10.000000
v 50.000000 110.000000 9.781531
v 52.000000 109.789024 10.000000
v 52.000000 110.000000 9.694720
v 54.000000 109.004936 10.000000
v 54.000000 110.000000 8.514481
v 56.000000 108.424118 10.000000
v 58.000000 108.315697 10.000000
v 60.000000 108.218460 10.000000
v 128.000000 108.551537 10.000000
v 128.000000 110.000000 8.390960
v 130.000000 109.843407 10.000000
v 130.000000 110.000000 9.794711
v 130.659744 110.000000 10.000000
v 26.000000 112.000000 9.763221
v 25.407204 112.000000 10.000000
v 26.000000 111.815437 10.000000
v 26.747276 112.000000 10.000000
v 38.000000 112.000000 9.458928
v 36.484966 112.000000 10.000000
v 38.000000 111.564255 10.000000
v 40.000000 111.576645 10.000000
v 40.000000 112.000000 9.451574
v 42.000000 111.196434 10.000000
v 42.000000 112.000000 9.040983
v 132.000000 110.254379 10.000000
v 134.000000 110.475685 10.000000
v 134.000000 112.000000 8.107216
v 136.000000 111.063240 10.000000
v 136.000000 112.000000 9.168765
v 138.000000 111.833603 10.000000
v 138.000000 112.000000 9.794009
v 138.879044 112.000000 10.000000
v 24.000000 114.000000 9.247914
v 22.527685 114.000000 10.000000
v 24.000000 112.707047 10.000000
v 26.000000 114.000000 8.969861
v 28.000000 112.597816 10.000000
v 28.000000 114.000000 9.230950
v 29.701044 114.000000 10.000000
v 36.000000 114.000000 9.119136
v 34.229378 114.000000 10.000000
v 36.000000 112.276329 10.000000
v 38.000000 114.000000 8.235518
v 40.000000 114.000000 8.022665
v 136.000000 114.000000 8.054114
v 138.000000 114.000000 8.262152
v 140.000000 112.260963 10.000000
v 140.000000 114.000000 8.422666
v 142.000000 112.890167 10.000000
v 142.000000 114.000000 9.195195
v 144.000000 113.042198 10.000000
v 144.000000 114.000000 9.604247
v 146.000000 113.604851 10.000000
v 146.000000 114.000000 9.872216
v 146.517136 114.000000 10.000000
v 156.000000 114.000000 9.982991
v 155.955414 114.000000 10.000000
v 156.000000 113.973366 10.000000
v 156.021439 114.000000 10.000000
v 18.000000 116.000000 9.662855
v 17.060518 116.000000 10.000000
v 18.000000 115.817070 10.000000
v 20.000000 114.967636 10.000000
v 20.000000 116.000000 8.036404
v 22.000000 114.142029 10.000000
v 30.000000 114.069824 10.000000
v 32.000000 114.313385 10.000000
v 34.000000 114.064949 10.000000
v 148.000000 114.247971 10.000000
v 150.000000 114.843414 10.000000
v 150.000000 116.000000 8.330875
v 152.000000 114.726128 10.000000
v 152.000000 116.000000 8.098297
v 154.000000 114.301392 10.000000
v 158.000000 114.733406 10.000000
v 158.000000 116.000000 8.207295
v 159.611725 116.000000 10.000000
v 186.000000 116.000000 9.647945
v 184.351959 116.000000 10.000000
v 186.000000 115.705101 10.000000
v 188.000000 115.706734 10.000000
v 188.000000 116.000000 9.581302
v 188.498642 116.000000 10.000000
v 352.000000 116.000000 9.917788
v 351.928619 116.000000 10.000000
v 352.000000 115.944847 10.000000
v 354.000000 115.478828 10.000000
v 354.000000 116.000000 9.168859
v 356.000000 115.743683 10.000000
v 356.000000 116.000000 9.549811
v 357.386536 116.000000 10.000000
v 0.000000 118.000000 8.162012
v 0.000000 116.437904 10.000000
v 2.000000 116.322182 10.000000
v 4.000000 116.355721 10.000000
v 6.000000 116.089691 10.000000
v 8.000000 116.080132 10.000000
v 10.000000 116.066681 10.000000
v 12.000000 116.226753 10.000000
v 14.000000 116.750633 10.000000
v 14.000000 118.000000 8.654595
v 16.000000 116.241844 10.000000
v 160.000000 116.225769 10.000000
v 162.000000 116.709946 10.000000
v 162.000000 118.000000 8.041201
v 164.000000 117.168320 10.000000
v 164.000000 118.000000 8.583790
v 166.000000 117.122597 10.000000
v 166.000000 118.000000 8.618224
v 168.000000 117.068016 10.000000
v 168.000000 118.000000 8.747460
v 170.000000 116.781021 10.000000
v 170.000000 118.000000 8.309984
v 172.000000 116.317711 10.000000
v 174.000000 116.241005 10.000000
v 176.000000 116.862740 10.000000
v 176.000000 118.000000 8.178039
v 178.000000 116.904091 10.000000
v 178.000000 118.000000 8.438163
v 180.000000 116.754173 10.000000
v 180.000000 118.000000 8.264392
v 182.000000 116.378922 10.000000
v 182.000000 118.000000 8.028472
v 184.000000 116.053093 10.000000
v 190.000000 116.857948 10.000000
v 190.000000 118.000000 8.391278
v 192.000000 117.485619 10.000000
v 192.000000 118.000000 9.271107
v 194.000000 117.280968 10.000000
v 194.000000 118.000000 9.035330
v 196.000000 117.338104 10.000000
v 196.000000 118.000000 9.067774
v 198.000000 117.144402 10.000000
v 198.000000 118.000000 8.804283
v 200.000000 116.698967 10.000000
v 200.000000 118.000000 8.078808
v 202.000000 116.050926 10.000000
v 204.000000 116.047829 10.000000
v 206.000000 116.515114 10.000000
v 208.000000 116.625114 10.000000
v 210.000000 116.602432 10.000000
v 210.000000 118.000000 8.044363
v 212.000000 117.065384 10.000000
v 212.000000 118.000000 8.854107
v 214.000000 117.957077 10.000000
v 214.000000 118.000000 9.948260
v 215.084595 118.000000 10.000000
v 218.000000 118.000000 9.324499
v 216.130127 118.000000 10.000000
v 218.000000 117.566948 10.000000
v 220.000000 116.890282 10.000000
v 220.000000 118.000000 8.228971
v 222.000000 117.578079 10.000000
v 222.000000 118.000000 9.375902
v 222.921387 118.000000 10.000000
v 230.000000 118.000000 8.487095
v 228.136520 118.000000 10.000000
v 230.000000 116.999329 10.000000
v 232.000000 116.820793 10.000000
v 232.000000 118.000000 8.206492
v 234.000000 117.900253 10.000000
v 234.000000 118.000000 9.852315
v 234.260086 118.000000 10.000000
v 240.000000 118.000000 9.074596
v 238.706070 118.000000 10.000000
v 240.000000 117.436104 10.000000
v 242.000000 117.201668 10.000000
v 242.000000 118.000000 8.708015
v 244.000000 117.280846 10.000000
v 244.000000 118.000000 8.862997
v 246.000000 117.103943 10.000000
v 246.000000 118.000000 8.510594
v 248.000000 117.047729 10.000000
v 248.000000 118.000000 8.417708
v 250.000000 117.974274 10.000000
v 250.000000 118.000000 9.959543
v 250.050507 118.000000 10.000000
v 262.000000 118.000000 8.561155
v 260.051086 118.000000 10.000000
v 262.000000 117.040924 10.000000
v 264.000000 116.907951 10.000000
v 264.000000 118.000000 8.404950
v 265.748901 118.000000 10.000000
v 274.000000 118.000000 9.957037
v 273.776428 118.000000 10.000000
v 274.000000 117.974449 10.000000
v 276.000000 116.916985 10.000000
v 276.000000 118.000000 8.299523
v 278.000000 117.012558 10.000000
v 278.000000 118.000000 8.530960
v 279.257294 118.000000 10.000000
v 350.000000 118.000000 9.686959
v 349.646118 118.000000 10.000000
v 350.000000 117.735222 10.000000
v 358.000000 116.097458 10.000000
v 360.000000 116.437904 10.000000
v 360.000000 118.000000 8.162012
v 2.000000 120.000000 8.609062
v 0.000000 120.000000 9.027020
v 4.000000 120.000000 8.438789
v 12.000000 120.000000 8.522930
v 14.000000 120.000000 9.524665
v 16.000000 120.000000 8.321498
v 164.000000 120.000000 8.151786
v 166.000000 120.000000 8.207312
v 168.000000 120.000000 8.050270
v 190.000000 120.000000 8.177849
v 192.000000 120.000000 9.194021
v 194.000000 120.000000 8.862482
v 196.000000 120.000000 9.030009
v 198.000000 120.000000 8.891032
v 200.000000 120.000000 8.233736
v 210.000000 120.000000 8.111443
v 212.000000 120.000000 9.487375
v 213.224808 120.000000 10.000000
v 214.000000 118.303459 10.000000
v 216.000000 118.896332 10.000000
v 216.000000 120.000000 9.946350
v 215.686493 120.000000 10.000000
v 218.000000 120.000000 9.096107
v 220.000000 120.000000 8.172542
v 222.000000 120.000000 9.261570
v 222.611969 120.000000 10.000000
v 230.000000 120.000000 8.521502
v 228.604843 120.000000 10.000000
v 232.000000 120.000000 8.506303
v 233.815231 120.000000 10.000000
v 234.000000 118.942741 10.000000
v 240.000000 120.000000 8.942538
v 238.872665 120.000000 10.000000
v 242.000000 120.000000 8.591829
v 244.000000 120.000000 8.773697
v 246.000000 120.000000 8.208413
v 250.000000 120.000000 9.435498
v 250.640015 120.000000 10.000000
v 260.014008 120.000000 10.000000
v 264.000000 120.000000 8.166413
v 265.587097 120.000000 10.000000
v 274.000000 120.000000 9.940368
v 273.763397 120.000000 10.000000
v 276.000000 120.000000 8.261443
v 278.000000 120.000000 8.175187
v 279.375092 120.000000 10.000000
v 350.000000 118.819885 10.000000
v 352.000000 120.000000 8.181979
v 350.392700 120.000000 10.000000
v 358.000000 120.000000 8.082994
v 360.000000 120.000000 9.027020
v 0.000000 121.755104 10.000000
v 2.000000 122.000000 9.324562
v 0.318313 122.000000 10.000000
v 4.000000 122.000000 9.253530
v 6.000000 122.000000 8.755448
v 8.000000 122.000000 8.535666
v 10.000000 122.000000 8.011909
v 12.000000 122.000000 9.179783
v 13.559958 122.000000 10.000000
v 14.000000 121.370514 10.000000
v 16.000000 122.000000 8.801417
v 14.292275 122.000000 10.000000
v 18.000000 122.000000 8.195946
v 164.000000 122.000000 8.602501
v 166.000000 122.000000 8.104501
v 178.000000 122.000000 8.057952
v 190.000000 122.000000 8.113903
v 192.000000 122.000000 9.256223
v 194.000000 122.000000 9.166068
v 196.000000 122.000000 9.329561
v 198.000000 122.000000 8.922048
v 200.000000 122.000000 8.175813
v 210.000000 122.000000 8.341695
v 211.955017 122.000000 10.000000
v 212.000000 121.849556 10.000000
v 216.000000 122.000000 9.719245
v 215.306732 122.000000 10.000000
v 218.000000 122.000000 8.964745
v 220.000000 122.000000 8.310198
v 222.000000 122.000000 9.074165
v 222.930069 122.000000 10.000000
v 230.000000 122.000000 8.922971
v 228.966812 122.000000 10.000000
v 232.000000 122.000000 8.584398
v 233.746521 122.000000 10.000000
v 240.000000 122.000000 9.049962
v 238.957642 122.000000 10.000000
v 242.000000 122.000000 8.512918
v 244.000000 122.000000 8.780299
v 250.000000 122.000000 9.147231
v 250.884216 122.000000 10.000000
v 260.000000 122.000000 9.729237
v 259.376282 122.000000 10.000000
v 260.000000 120.105431 10.000000
v 265.812714 122.000000 10.000000
v 274.000000 122.000000 9.939548
v 273.822083 122.000000 10.000000
v 279.716156 122.000000 10.000000
v 292.000000 122.000000 8.876473
v 290.512421 122.000000 10.000000
v 292.000000 120.531197 10.000000
v 294.000000 121.675896 10.000000
v 294.000000 122.000000 9.846316
v 294.165985 122.000000 10.000000
v 352.000000 122.000000 8.656054
v 350.720490 122.000000 10.000000
v 358.000000 122.000000 9.339741
v 359.634155 122.000000 10.000000
v 360.000000 121.755104 10.000000
v 0.000000 122.071541 10.000000
v 14.000000 122.123642 10.000000
v 212.000000 122.020912 10.000000
v 214.000000 122.291809 10.000000
v 224.000000 122.650726 10.000000
v 224.000000 124.000000 8.141707
v 226.000000 123.181046 10.000000
v 226.000000 124.000000 8.769017
v 228.000000 122.610146 10.000000
v 228.000000 124.000000 8.007383
v 234.000000 122.127853 10.000000
v 236.000000 122.712852 10.000000
v 236.000000 124.000000 8.007527
v 238.000000 122.482430 10.000000
v 252.000000 122.747467 10.000000
v 252.000000 124.000000 8.253694
v 254.000000 122.809868 10.000000
v 254.000000 124.000000 8.389282
v 256.000000 122.186729 10.000000
v 258.000000 122.379410 10.000000
v 266.000000 122.114906 10.000000
v 268.000000 122.404816 10.000000
v 270.000000 122.195175 10.000000
v 272.000000 122.372734 10.000000
v 280.000000 122.206909 10.000000
v 282.000000 123.024933 10.000000
v 282.000000 124.000000 8.531406
v 284.000000 123.102600 10.000000
v 284.000000 124.000000 8.651332
v 286.000000 122.965317 10.000000
v 286.000000 124.000000 8.407227
v 288.000000 123.028458 10.000000
v 288.000000 124.000000 8.680015
v 290.000000 122.234711 10.000000
v 296.000000 122.755455 10.000000
v 298.000000 123.202942 10.000000
v 298.000000 124.000000 8.795537
v 300.000000 123.031136 10.000000
v 300.000000 124.000000 8.417108
v 302.000000 122.940140 10.000000
v 302.000000 124.000000 8.350020
v 304.000000 122.938866 10.000000
v 304.000000 124.000000 8.435285
v 306.000000 122.795746 10.000000
v 306.000000 124.000000 8.164445
v 308.000000 122.723862 10.000000
v 310.000000 123.322479 10.000000
v 310.000000 124.000000 8.848067
v 311.487000 124.000000 10.000000
v 320.000000 124.000000 9.146342
v 318.052155 124.000000 10.000000
v 320.000000 123.493073 10.000000
v 322.000000 123.300285 10.000000
v 322.000000 124.000000 8.953675
v 324.000000 123.272766 10.000000
v 324.000000 124.000000 8.986232
v 326.000000 123.196861 10.000000
v 326.000000 124.000000 8.898646
v 328.000000 123.443459 10.000000
v 328.000000 124.000000 9.124809
v 330.000000 123.474846 10.000000
v 330.000000 124.000000 9.092083
v 332.000000 123.524284 10.000000
v 332.000000 124.000000 9.217789
v 334.000000 123.212624 10.000000
v 334.000000 124.000000 8.415310
v 336.000000 122.935181 10.000000
v 338.000000 122.912155 10.000000
v 340.000000 122.838158 10.000000
v 340.000000 124.000000 8.366689
v 342.000000 123.413643 10.000000
v 342.000000 124.000000 9.081622
v 344.000000 123.745300 10.000000
v 344.000000 124.000000 9.518003
v 346.000000 123.530945 10.000000
v 346.000000 124.000000 9.215435
v 348.000000 123.210014 10.000000
v 348.000000 124.000000 8.795974
v 350.000000 122.415535 10.000000
v 360.000000 122.071541 10.000000
v 312.000000 124.163925 10.000000
v 314.000000 124.517067 10.000000
v 316.000000 124.430534 10.000000
v 318.000000 124.010307 10.000000
v 70.000000 36.000000 10.298230
v 72.000000 36.000000 10.894255
v 73.499313 36.000000 12.000000
v 74.000000 35.891232 12.000000
v 76.000000 35.616718 12.000000
v 78.000000 35.731129 12.000000
v 80.000000 35.954990 12.000000
v 82.000000 36.000000 11.598034
v 80.588707 36.000000 12.000000
v 84.000000 36.000000 11.470573
v 84.863907 36.000000 12.000000
v 86.000000 35.841770 12.000000
v 88.000000 35.733528 12.000000
v 90.000000 35.592739 12.000000
v 92.000000 35.769409 12.000000
v 94.000000 36.000000 11.091230
v 93.035645 36.000000 12.000000
v 96.000000 36.000000 10.619863
v 98.000000 36.000000 11.337927
v 98.856125 36.000000 12.000000
v 100.000000 35.740135 12.000000
v 102.000000 35.877747 12.000000
v 104.000000 35.715702 12.000000
v 106.000000 36.000000 11.771520
v 105.653664 36.000000 12.000000
v 108.000000 36.000000 10.924390
v 110.000000 36.000000 11.247410
v 112.000000 36.000000 11.479090
v 114.000000 36.000000 11.616725
v 114.866989 36.000000 12.000000
v 116.000000 35.893528 12.000000
v 118.000000 36.000000 11.355635
v 116.884590 36.000000 12.000000
v 122.000000 36.000000 10.288939
v 124.000000 36.000000 11.320609
v 54.000000 38.000000 11.585240
v 56.000000 38.000000 11.948701
v 58.000000 38.000000 10.368278
v 60.000000 38.000000 10.010574
v 62.000000 38.000000 10.839871
v 64.000000 38.000000 10.364457
v 68.000000 38.000000 10.994565
v 69.267845 38.000000 12.000000
v 70.000000 37.502842 12.000000
v 72.000000 36.821960 12.000000
v 82.000000 36.308472 12.000000
v 84.000000 36.388157 12.000000
v 94.000000 37.194031 12.000000
v 96.000000 38.000000 11.859159
v 95.576378 38.000000 12.000000
v 96.244736 38.000000 12.000000
v 98.000000 36.811073 12.000000
v 106.000000 36.352921 12.000000
v 108.000000 37.128750 12.000000
v 110.000000 37.122402 12.000000
v 112.000000 36.689766 12.000000
v 114.000000 36.358299 12.000000
v 118.000000 38.000000 11.848136
v 117.856300 38.000000 12.000000
v 120.000000 38.000000 11.014491
v 120.970650 38.000000 12.000000
v 122.000000 37.296284 12.000000
v 124.000000 36.855526 12.000000
v 126.000000 38.000000 10.175679
v 124.661240 38.000000 12.000000
v 132.000000 38.000000 10.025500
v 54.000000 40.000000 11.633893
v 56.000000 40.000000 11.576787
v 62.000000 40.000000 10.947536
v 64.000000 40.000000 10.413823
v 68.000000 40.000000 11.150829
v 69.288383 40.000000 12.000000
v 94.000000 40.000000 11.320170
v 93.380638 40.000000 12.000000
v 94.000000 38.933224 12.000000
v 98.000000 39.015171 12.000000
v 98.000000 40.000000 11.018753
v 99.358551 40.000000 12.000000
v 102.000000 40.000000 11.600786
v 101.106857 40.000000 12.000000
v 102.000000 39.410187 12.000000
v 103.125595 40.000000 12.000000
v 108.000000 40.000000 10.703547
v 106.383522 40.000000 12.000000
v 108.000000 38.763950 12.000000
v 110.000000 38.640236 12.000000
v 110.000000 40.000000 10.799764
v 112.000000 39.215343 12.000000
v 112.000000 40.000000 11.385283
v 114.000000 39.896194 12.000000
v 114.000000 40.000000 11.887512
v 116.000000 39.608147 12.000000
v 116.000000 40.000000 11.498410
v 122.000000 38.938885 12.000000
v 122.000000 40.000000 10.686172
v 124.000000 38.986992 12.000000
v 124.000000 40.000000 11.018898
v 54.000000 42.000000 11.745131
v 56.000000 42.000000 11.396978
v 70.000000 41.349686 12.000000
v 70.000000 42.000000 11.773034
v 70.526375 42.000000 12.000000
v 82.000000 42.000000 11.043892
v 80.875496 42.000000 12.000000
v 82.000000 41.269218 12.000000
v 84.000000 41.695290 12.000000
v 84.000000 42.000000 11.627642
v 84.460365 42.000000 12.000000
v 90.000000 42.000000 11.910995
v 89.412056 42.000000 12.000000
v 90.000000 41.880756 12.000000
v 92.000000 41.053970 12.000000
v 92.000000 42.000000 10.901969
v 100.000000 40.772961 12.000000
v 100.000000 42.000000 11.298401
v 102.000000 42.000000 10.325864
v 104.000000 40.311432 12.000000
v 104.000000 42.000000 10.697570
v 106.000000 40.532410 12.000000
v 106.000000 42.000000 11.232348
v 108.000000 42.000000 10.135759
v 110.000000 42.000000 10.324180
v 34.000000 44.000000 10.518015
v 44.000000 44.000000 10.487727
v 46.000000 44.000000 10.475405
v 52.000000 44.000000 10.392612
v 52.818287 44.000000 12.000000
v 54.000000 42.161922 12.000000
v 56.000000 42.292778 12.000000
v 58.000000 43.265205 12.000000
v 60.000000 44.000000 10.947487
v 59.115395 44.000000 12.000000
v 62.000000 44.000000 11.133854
v 63.115265 44.000000 12.000000
v 64.000000 43.600872 12.000000
v 66.000000 44.000000 11.321075
v 65.007874 44.000000 12.000000
v 67.697990 44.000000 12.000000
v 68.000000 43.914536 12.000000
v 70.000000 42.199303 12.000000
v 82.000000 43.963108 12.000000
v 84.000000 42.764545 12.000000
v 90.000000 42.087963 12.000000
v 92.000000 42.750336 12.000000
v 94.000000 43.619816 12.000000
v 94.487358 44.000000 12.000000
v 98.000000 44.000000 10.615977
v 99.172516 44.000000 12.000000
v 100.000000 42.869045 12.000000
v 102.000000 43.863846 12.000000
v 104.000000 43.458748 12.000000
v 106.000000 42.637703 12.000000
v 108.000000 43.577602 12.000000
v 110.000000 44.000000 11.672081
v 109.204910 44.000000 12.000000
v 112.000000 44.000000 10.958551
v 114.000000 44.000000 11.364304
v 116.000000 44.000000 10.633805
v 122.000000 44.000000 10.772442
v 124.000000 44.000000 11.867482
v 126.000000 44.000000 10.007029
v 18.000000 46.000000 10.007792
v 30.000000 46.000000 10.818919
v 30.956238 46.000000 12.000000
v 32.000000 45.404980 12.000000
v 34.000000 44.728172 12.000000
v 36.000000 45.554989 12.000000
v 38.000000 45.978691 12.000000
v 40.000000 45.822514 12.000000
v 42.000000 45.257874 12.000000
v 44.000000 44.810760 12.000000
v 46.000000 44.713261 12.000000
v 48.000000 45.103981 12.000000
v 50.000000 45.489975 12.000000
v 52.000000 44.558537 12.000000
v 60.000000 44.371044 12.000000
v 62.000000 44.317768 12.000000
v 66.000000 44.307045 12.000000
v 96.000000 45.099560 12.000000
v 98.000000 44.609985 12.000000
v 110.000000 44.186504 12.000000
v 112.000000 44.635212 12.000000
v 114.000000 44.440704 12.000000
v 116.000000 44.800766 12.000000
v 118.000000 44.905090 12.000000
v 120.000000 45.273750 12.000000
v 122.000000 44.720001 12.000000
v 124.000000 44.112881 12.000000
v 126.000000 44.976833 12.000000
v 128.000000 45.766312 12.000000
v 130.000000 46.000000 11.251002
v 128.966904 46.000000 12.000000
v 132.000000 46.000000 10.899490
v 14.000000 48.000000 10.245367
v 15.710573 48.000000 12.000000
v 16.000000 47.778435 12.000000
v 18.000000 47.529484 12.000000
v 20.000000 48.000000 10.923817
v 18.717422 48.000000 12.000000
v 22.000000 48.000000 10.914922
v 23.329451 48.000000 12.000000
v 24.000000 47.664337 12.000000
v 26.000000 48.000000 11.759599
v 25.456917 48.000000 12.000000
v 28.000000 48.000000 10.546385
v 30.000000 48.000000 11.976500
v 30.016159 48.000000 12.000000
v 130.000000 46.878139 12.000000
v 132.000000 47.039642 12.000000
v 134.000000 48.000000 11.181718
v 133.126266 48.000000 12.000000
v 2.000000 50.000000 10.425933
v 10.000000 50.000000 11.283884
v 12.000000 50.000000 11.348323
v 13.726665 50.000000 12.000000
v 14.000000 49.908909 12.000000
v 20.000000 49.076496 12.000000
v 22.000000 49.376404 12.000000
v 26.000000 48.425922 12.000000
v 28.000000 50.000000 10.927898
v 26.914789 50.000000 12.000000
v 30.000000 50.000000 11.662290
v 30.160784 50.000000 12.000000
v 134.000000 50.000000 11.250741
v 132.841141 50.000000 12.000000
v 142.000000 50.000000 10.149032
v 0.000000 52.000000 10.477239
v 2.000000 52.000000 11.912194
v 4.000000 52.000000 10.781863
v 8.000000 52.000000 10.016545
v 9.657166 52.000000 12.000000
v 10.000000 51.347145 12.000000
v 12.000000 51.170444 12.000000
v 28.000000 51.458908 12.000000
v 30.000000 50.320427 12.000000
v 130.000000 52.000000 11.563923
v 129.311844 52.000000 12.000000
v 130.000000 50.470230 12.000000
v 131.258865 52.000000 12.000000
v 134.000000 52.000000 11.387995
v 132.568771 52.000000 12.000000
v 136.000000 52.000000 10.135507
v 348.000000 52.000000 10.514084
v 360.000000 52.000000 10.477239
v 0.000000 52.987808 12.000000
v 2.000000 52.049206 12.000000
v 4.000000 52.844402 12.000000
v 6.000000 53.878510 12.000000
v 8.000000 53.235008 12.000000
v 130.000000 52.382942 12.000000
v 134.000000 52.862873 12.000000
v 136.000000 54.000000 11.779570
v 135.598816 54.000000 12.000000
v 138.000000 54.000000 11.641953
v 140.000000 54.000000 11.838412
v 142.000000 54.000000 11.813426
v 144.000000 54.000000 11.512709
v 146.000000 54.000000 11.664649
v 148.000000 54.000000 10.397929
v 314.000000 54.000000 10.153122
v 316.000000 54.000000 11.271076
v 332.000000 54.000000 10.630982
v 334.000000 54.000000 10.940235
v 340.000000 54.000000 11.532029
v 341.157379 54.000000 12.000000
v 342.000000 53.862350 12.000000
v 344.000000 54.000000 11.953180
v 343.746674 54.000000 12.000000
v 344.077454 54.000000 12.000000
v 346.000000 53.401932 12.000000
v 348.000000 52.786926 12.000000
v 350.000000 53.616962 12.000000
v 352.000000 54.000000 10.755313
v 350.704559 54.000000 12.000000
v 353.736298 54.000000 12.000000
v 354.000000 53.869003 12.000000
v 356.000000 53.377209 12.000000
v 358.000000 53.793072 12.000000
v 360.000000 52.987808 12.000000
v 136.000000 56.000000 11.374925
v 134.775192 56.000000 12.000000
v 137.828094 56.000000 12.000000
v 138.000000 55.672466 12.000000
v 140.000000 54.340603 12.000000
v 142.000000 54.339676 12.000000
v 144.000000 54.720539 12.000000
v 146.000000 54.839127 12.000000
v 148.000000 56.000000 11.647481
v 147.109497 56.000000 12.000000
v 150.000000 56.000000 10.246210
v 154.000000 56.000000 10.138564
v 238.000000 56.000000 10.559646
v 240.000000 56.000000 10.034480
v 246.000000 56.000000 10.285940
v 248.000000 56.000000 10.208135
v 250.000000 56.000000 10.074343
v 252.000000 56.000000 10.738534
v 254.000000 56.000000 10.764946
v 298.000000 56.000000 10.140554
v 304.000000 56.000000 10.222683
v 306.000000 56.000000 11.069727
v 308.000000 56.000000 10.860531
v 312.000000 56.000000 10.841509
v 313.237061 56.000000 12.000000
v 314.000000 55.400684 12.000000
v 316.000000 54.583466 12.000000
v 318.000000 55.580902 12.000000
v 320.000000 56.000000 10.043423
v 318.442352 56.000000 12.000000
v 324.000000 56.000000 10.566716
v 326.000000 56.000000 11.221645
v 328.000000 56.000000 11.169563
v 330.000000 56.000000 11.120819
v 331.353149 56.000000 12.000000
v 332.000000 55.448921 12.000000
v 334.000000 55.187759 12.000000
v 336.000000 56.000000 11.229242
v 334.892120 56.000000 12.000000
v 338.000000 56.000000 11.172013
v 339.201813 56.000000 12.000000
v 340.000000 54.820610 12.000000
v 344.000000 54.045490 12.000000
v 352.000000 55.194958 12.000000
v 136.000000 58.000000 11.206868
v 134.718857 58.000000 12.000000
v 137.771591 58.000000 12.000000
v 148.000000 58.000000 11.395945
v 146.781815 58.000000 12.000000
v 226.000000 58.000000 10.166956
v 228.000000 58.000000 10.651838
v 230.000000 58.000000 10.600143
v 232.000000 58.000000 10.019134
v 236.000000 58.000000 10.860146
v 238.000000 58.000000 11.592284
v 240.000000 58.000000 10.993822
v 242.000000 58.000000 10.440066
v 244.000000 58.000000 11.058129
v 246.000000 58.000000 11.411032
v 248.000000 58.000000 11.584446
v 250.000000 58.000000 11.539584
v 251.071182 58.000000 12.000000
v 252.000000 57.502415 12.000000
v 254.000000 57.249214 12.000000
v 256.000000 58.000000 11.081664
v 254.836838 58.000000 12.000000
v 258.000000 58.000000 11.061935
v 260.000000 58.000000 11.353703
v 262.000000 58.000000 10.957602
v 268.000000 58.000000 11.228565
v 270.000000 58.000000 11.217979
v 272.000000 58.000000 10.822517
v 274.000000 58.000000 11.185411
v 276.000000 58.000000 11.162848
v 278.000000 58.000000 10.950063
v 280.000000 58.000000 11.340891
v 281.430298 58.000000 12.000000
v 282.000000 57.767509 12.000000
v 284.000000 58.000000 11.413248
v 282.665527 58.000000 12.000000
v 286.000000 58.000000 10.758531
v 288.000000 58.000000 11.470761
v 289.401062 58.000000 12.000000
v 290.000000 57.843155 12.000000
v 292.000000 58.000000 11.530437
v 290.600311 58.000000 12.000000
v 294.000000 58.000000 10.642857
v 296.000000 58.000000 11.049384
v 297.828094 58.000000 12.000000
v 298.000000 57.902725 12.000000
v 300.000000 58.000000 11.929853
v 299.220642 58.000000 12.000000
v 302.000000 58.000000 11.697133
v 302.592346 58.000000 12.000000
v 304.000000 57.435585 12.000000
v 306.000000 56.739872 12.000000
v 308.000000 56.913208 12.000000
v 310.000000 57.589996 12.000000
v 312.000000 57.077812 12.000000
v 320.000000 58.000000 11.497945
v 319.477478 58.000000 12.000000
v 322.000000 58.000000 11.013687
v 324.000000 58.000000 11.543405
v 325.162384 58.000000 12.000000
v 326.000000 57.428650 12.000000
v 328.000000 57.042816 12.000000
v 330.000000 57.497070 12.000000
v 336.000000 57.182789 12.000000
v 338.000000 57.481647 12.000000
v 136.000000 58.417786 12.000000
v 148.000000 58.275135 12.000000
v 150.000000 59.231686 12.000000
v 152.000000 59.500996 12.000000
v 154.000000 59.497807 12.000000
v 156.000000 59.559509 12.000000
v 158.000000 59.875153 12.000000
v 160.000000 60.000000 11.902207
v 159.486832 60.000000 12.000000
v 160.140106 60.000000 12.000000
v 162.000000 59.461079 12.000000
v 164.000000 59.300346 12.000000
v 166.000000 59.803295 12.000000
v 168.000000 60.000000 10.666044
v 166.471359 60.000000 12.000000
v 170.000000 60.000000 10.611398
v 172.000000 60.000000 10.341487
v 174.000000 60.000000 10.151161
v 176.000000 60.000000 10.988600
v 177.943207 60.000000 12.000000
v 178.000000 59.987160 12.000000
v 180.000000 60.000000 10.461763
v 178.034988 60.000000 12.000000
v 184.000000 60.000000 10.434838
v 186.000000 60.000000 10.368172
v 190.000000 60.000000 10.818592
v 191.687576 60.000000 12.000000
v 192.000000 59.905979 12.000000
v 194.000000 60.000000 11.891702
v 193.405960 60.000000 12.000000
v 196.000000 60.000000 10.786920
v 198.000000 60.000000 11.152388
v 200.000000 60.000000 11.769256
v 202.000000 60.000000 11.483218
v 204.000000 60.000000 11.811557
v 204.198547 60.000000 12.000000
v 206.000000 59.315399 12.000000
v 208.000000 59.207825 12.000000
v 210.000000 59.655525 12.000000
v 212.000000 59.967247 12.000000
v 214.000000 59.784698 12.000000
v 216.000000 59.381672 12.000000
v 218.000000 59.279556 12.000000
v 220.000000 59.161282 12.000000
v 222.000000 59.212494 12.000000
v 224.000000 59.092426 12.000000
v 226.000000 58.752628 12.000000
v 228.000000 58.592262 12.000000
v 230.000000 58.722660 12.000000
v 232.000000 58.987629 12.000000
v 234.000000 59.005882 12.000000
v 236.000000 58.595440 12.000000
v 238.000000 58.217842 12.000000
v 240.000000 58.499809 12.000000
v 242.000000 58.679981 12.000000
v 244.000000 58.454666 12.000000
v 246.000000 58.324055 12.000000
v 248.000000 58.218060 12.000000
v 250.000000 58.221813 12.000000
v 256.000000 58.423519 12.000000
v 258.000000 58.370892 12.000000
v 260.000000 58.298161 12.000000
v 262.000000 58.495430 12.000000
v 264.000000 58.967110 12.000000
v 266.000000 58.977589 12.000000
v 268.000000 58.371788 12.000000
v 270.000000 58.329853 12.000000
v 272.000000 58.481380 12.000000
v 274.000000 58.376938 12.000000
v 276.000000 58.401169 12.000000
v 278.000000 58.481514 12.000000
v 280.000000 58.279076 12.000000
v 284.000000 58.268433 12.000000
v 286.000000 58.447693 12.000000
v 288.000000 58.203156 12.000000
v 292.000000 58.225258 12.000000
v 294.000000 58.666019 12.000000
v 296.000000 58.478180 12.000000
v 300.000000 58.032173 12.000000
v 302.000000 58.127350 12.000000
v 320.000000 58.232845 12.000000
v 322.000000 58.466045 12.000000
v 324.000000 58.192608 12.000000
v 160.000000 60.059795 12.000000
v 168.000000 60.908161 12.000000
v 170.000000 60.964970 12.000000
v 172.000000 61.172623 12.000000
v 174.000000 61.533157 12.000000
v 176.000000 60.683846 12.000000
v 180.000000 60.895535 12.000000
v 182.000000 61.505795 12.000000
v 184.000000 61.123604 12.000000
v 186.000000 61.209496 12.000000
v 188.000000 61.495476 12.000000
v 190.000000 60.643139 12.000000
v 194.000000 60.056175 12.000000
v 196.000000 60.632069 12.000000
v 198.000000 60.617012 12.000000
v 200.000000 60.145645 12.000000
v 202.000000 60.359772 12.000000
v 204.000000 60.132195 12.000000
v 94.000000 94.000000 11.586039
v 92.109879 94.000000 12.000000
v 94.000000 93.654808 12.000000
v 96.000000 93.742538 12.000000
v 96.000000 94.000000 11.709438
v 96.485283 94.000000 12.000000
v 90.000000 96.000000 11.471335
v 88.813530 96.000000 12.000000
v 90.000000 95.375771 12.000000
v 92.000000 94.025337 12.000000
v 92.000000 96.000000 10.440120
v 94.000000 96.000000 10.078920
v 96.000000 96.000000 11.038952
v 98.000000 95.175308 12.000000
v 98.000000 96.000000 11.390856
v 100.000000 95.531906 12.000000
v 100.000000 96.000000 11.556696
v 101.292511 96.000000 12.000000
v 82.000000 98.000000 11.830614
v 80.180206 98.000000 12.000000
v 82.000000 97.839066 12.000000
v 84.000000 97.709923 12.000000
v 84.000000 98.000000 11.784611
v 86.000000 96.739052 12.000000
v 86.000000 98.000000 11.061702
v 88.000000 96.440445 12.000000
v 88.000000 98.000000 10.890942
v 90.000000 98.000000 10.386601
v 102.000000 96.220825 12.000000
v 102.000000 98.000000 10.215780
v 104.000000 96.395256 12.000000
v 104.000000 98.000000 10.534298
v 106.000000 96.296577 12.000000
v 106.000000 98.000000 10.425297
v 108.000000 96.742722 12.000000
v 108.000000 98.000000 10.751915
v 110.000000 97.769951 12.000000
v 110.000000 98.000000 11.705878
v 110.319939 98.000000 12.000000
v 78.000000 100.000000 10.133791
v 76.216255 100.000000 12.000000
v 78.000000 98.506416 12.000000
v 80.000000 98.011131 12.000000
v 112.000000 99.750275 12.000000
v 112.000000 100.000000 11.792917
v 112.486168 100.000000 12.000000
v 62.000000 102.000000 10.519949
v 60.634956 102.000000 12.000000
v 62.000000 101.273247 12.000000
v 64.000000 100.468124 12.000000
v 66.000000 100.121246 12.000000
v 68.000000 100.656097 12.000000
v 70.000000 100.684593 12.000000
v 72.000000 100.349922 12.000000
v 74.000000 100.462646 12.000000
v 76.000000 100.140404 12.000000
v 114.000000 100.352440 12.000000
v 116.000000 100.862419 12.000000
v 116.000000 102.000000 10.283221
v 118.000000 101.690300 12.000000
v 118.000000 102.000000 11.533340
v 120.000000 101.589378 12.000000
v 120.000000 102.000000 11.302714
v 122.000000 100.878532 12.000000
v 124.000000 100.634193 12.000000
v 126.000000 101.447067 12.000000
v 126.000000 102.000000 11.108063
v 126.758904 102.000000 12.000000
v 62.000000 104.000000 10.964453
v 60.653835 104.000000 12.000000
v 118.000000 104.000000 10.256493
v 120.000000 104.000000 10.483889
v 126.000000 104.000000 10.676949
v 127.154785 104.000000 12.000000
v 62.000000 106.000000 11.288981
v 60.806786 106.000000 12.000000
v 64.000000 106.000000 10.133031
v 126.000000 106.000000 10.711182
v 127.116081 106.000000 12.000000
v 56.000000 108.000000 10.973268
v 54.352077 108.000000 12.000000
v 56.000000 107.012054 12.000000
v 58.000000 106.586632 12.000000
v 58.000000 108.000000 10.664785
v 60.000000 106.417259 12.000000
v 60.000000 108.000000 10.432433
v 128.000000 106.956017 12.000000
v 128.000000 108.000000 10.820069
v 129.057541 108.000000 12.000000
v 42.000000 110.000000 11.416637
v 40.489120 110.000000 12.000000
v 42.000000 109.530220 12.000000
v 44.000000 108.626587 12.000000
v 46.000000 108.104263 12.000000
v 48.000000 108.235451 12.000000
v 50.000000 108.636032 12.000000
v 52.000000 108.559830 12.000000
v 54.000000 108.093254 12.000000
v 130.000000 108.593666 12.000000
v 132.000000 109.049744 12.000000
v 132.000000 110.000000 10.420731
v 134.000000 109.173409 12.000000
v 134.000000 110.000000 10.681880
v 136.000000 109.165970 12.000000
v 136.000000 110.000000 11.000836
v 137.439529 110.000000 12.000000
v 22.000000 112.000000 11.601795
v 21.594723 112.000000 12.000000
v 22.000000 111.672089 12.000000
v 24.000000 110.801666 12.000000
v 24.000000 112.000000 10.561554
v 26.000000 110.392883 12.000000
v 28.000000 110.861526 12.000000
v 28.000000 112.000000 10.393195
v 30.000000 111.418594 12.000000
v 30.000000 112.000000 11.196376
v 32.000000 111.737869 12.000000
v 32.000000 112.000000 11.678735
v 34.000000 111.163269 12.000000
v 34.000000 112.000000 10.948681
v 36.000000 110.435837 12.000000
v 36.000000 112.000000 10.175210
v 38.000000 110.098610 12.000000
v 40.000000 110.122086 12.000000
v 138.000000 110.271751 12.000000
v 140.000000 111.031212 12.000000
v 140.000000 112.000000 10.253633
v 142.000000 111.091568 12.000000
v 142.000000 112.000000 10.675841
v 144.000000 110.727531 12.000000
v 144.000000 112.000000 10.478456
v 146.000000 110.961700 12.000000
v 146.000000 112.000000 10.604429
v 148.000000 111.828003 12.000000
v 148.000000 112.000000 11.731921
v 148.351196 112.000000 12.000000
v 156.000000 112.000000 11.454990
v 154.499222 112.000000 12.000000
v 156.000000 111.594780 12.000000
v 156.535751 112.000000 12.000000
v 22.000000 114.000000 10.389548
v 20.646770 114.000000 12.000000
v 30.000000 114.000000 10.143456
v 32.000000 114.000000 10.617868
v 34.000000 114.000000 10.129421
v 148.000000 114.000000 10.433319
v 150.000000 113.925644 12.000000
v 150.000000 114.000000 11.949009
v 152.000000 113.603889 12.000000
v 152.000000 114.000000 11.629454
v 154.000000 112.200455 12.000000
v 154.000000 114.000000 10.692056
v 158.000000 113.573395 12.000000
v 158.000000 114.000000 11.635493
v 158.299591 114.000000 12.000000
v 0.000000 116.000000 10.814488
v 2.000000 115.229469 12.000000
v 2.000000 116.000000 10.665703
v 0.000000 115.345184 12.000000
v 4.000000 115.166832 12.000000
v 4.000000 116.000000 10.767509
v 6.000000 114.889420 12.000000
v 6.000000 116.000000 10.245150
v 8.000000 115.028084 12.000000
v 8.000000 116.000000 10.194997
v 10.000000 115.019974 12.000000
v 10.000000 116.000000 10.149373
v 12.000000 115.195679 12.000000
v 12.000000 116.000000 10.401799
v 14.000000 115.556343 12.000000
v 14.000000 116.000000 11.123675
v 16.000000 115.332085 12.000000
v 16.000000 116.000000 10.464624
v 18.000000 114.987801 12.000000
v 20.000000 114.256912 12.000000
v 160.000000 115.144783 12.000000
v 160.000000 116.000000 10.611367
v 162.000000 115.887512 12.000000
v 162.000000 116.000000 11.830579
v 162.257690 116.000000 12.000000
v 170.000000 116.000000 11.586326
v 168.639175 116.000000 12.000000
v 170.000000 115.758530 12.000000
v 172.000000 115.264648 12.000000
v 172.000000 116.000000 10.768267
v 174.000000 115.109108 12.000000
v 174.000000 116.000000 10.532193
v 175.901123 116.000000 12.000000
v 180.000000 116.000000 11.436937
v 178.586060 116.000000 12.000000
v 180.000000 115.644135 12.000000
v 182.000000 115.193649 12.000000
v 182.000000 116.000000 10.632967
v 184.000000 114.894737 12.000000
v 184.000000 116.000000 10.085127
v 186.000000 114.578651 12.000000
v 188.000000 114.732353 12.000000
v 190.000000 115.790871 12.000000
v 190.000000 116.000000 11.637311
v 190.578766 116.000000 12.000000
v 200.000000 116.000000 11.517853
v 198.615479 116.000000 12.000000
v 200.000000 115.746735 12.000000
v 202.000000 115.220741 12.000000
v 202.000000 116.000000 10.107728
v 204.000000 115.228432 12.000000
v 204.000000 116.000000 10.098870
v 206.000000 115.637024 12.000000
v 206.000000 116.000000 11.054309
v 208.000000 115.678802 12.000000
v 208.000000 116.000000 11.249154
v 210.000000 115.610367 12.000000
v 210.000000 116.000000 11.157412
v 212.000000 115.968689 12.000000
v 212.000000 116.000000 11.927751
v 212.128174 116.000000 12.000000
v 232.000000 116.000000 11.751071
v 231.230896 116.000000 12.000000
v 232.000000 115.889687 12.000000
v 232.244400 116.000000 12.000000
v 264.000000 116.000000 11.821712
v 263.412140 116.000000 12.000000
v 264.000000 115.921524 12.000000
v 264.165375 116.000000 12.000000
v 350.488464 116.000000 12.000000
v 352.000000 114.873543 12.000000
v 354.000000 114.643562 12.000000
v 356.000000 114.851616 12.000000
v 358.000000 115.078300 12.000000
v 358.000000 116.000000 10.197398
v 360.000000 115.345184 12.000000
v 360.000000 116.000000 10.814488
v 164.000000 116.375175 12.000000
v 166.000000 116.254677 12.000000
v 168.000000 116.080002 12.000000
v 176.000000 116.038414 12.000000
v 178.000000 116.109634 12.000000
v 192.000000 116.458565 12.000000
v 194.000000 116.218147 12.000000
v 196.000000 116.292961 12.000000
v 198.000000 116.095528 12.000000
v 214.000000 116.589638 12.000000
v 216.000000 116.685806 12.000000
v 216.000000 118.000000 10.040320
v 218.000000 116.564728 12.000000
v 220.000000 116.067635 12.000000
v 222.000000 116.553726 12.000000
v 224.000000 117.417297 12.000000
v 224.000000 118.000000 11.025872
v 226.000000 117.581596 12.000000
v 226.000000 118.000000 11.301143
v 228.000000 117.064041 12.000000
v 228.000000 118.000000 10.151559
v 230.000000 116.150238 12.000000
v 234.000000 116.825226 12.000000
v 236.000000 117.577576 12.000000
v 236.000000 118.000000 11.171904
v 238.000000 117.394485 12.000000
v 238.000000 118.000000 10.680511
v 240.000000 116.587524 12.000000
v 242.000000 116.377945 12.000000
v 244.000000 116.456444 12.000000
v 246.000000 116.301285 12.000000
v 248.000000 116.179970 12.000000
v 250.000000 117.043900 12.000000
v 251.853119 118.000000 12.000000
v 256.000000 118.000000 11.006337
v 254.297852 118.000000 12.000000
v 256.000000 117.531631 12.000000
v 258.000000 117.493034 12.000000
v 258.000000 118.000000 10.915783
v 260.000000 117.159668 12.000000
v 260.000000 118.000000 10.050651
v 262.000000 116.162170 12.000000
v 266.000000 116.933800 12.000000
v 266.000000 118.000000 10.244542
v 268.000000 117.390350 12.000000
v 268.000000 118.000000 10.766709
v 270.000000 117.102547 12.000000
v 270.000000 118.000000 10.359014
v 272.000000 117.202721 12.000000
v 272.000000 118.000000 10.353107
v 274.000000 117.031601 12.000000
v 276.000000 116.011375 12.000000
v 278.000000 116.102676 12.000000
v 280.000000 117.602280 12.000000
v 280.000000 118.000000 11.257080
v 281.066956 118.000000 12.000000
v 292.000000 118.000000 10.474457
v 290.059845 118.000000 12.000000
v 292.000000 116.866478 12.000000
v 294.000000 116.671249 12.000000
v 294.000000 118.000000 10.111822
v 296.000000 117.731133 12.000000
v 296.000000 118.000000 11.547742
v 296.841431 118.000000 12.000000
v 308.000000 118.000000 11.855641
v 307.737305 118.000000 12.000000
v 308.000000 117.932816 12.000000
v 308.237762 118.000000 12.000000
v 322.000000 118.000000 11.997530
v 321.990417 118.000000 12.000000
v 322.000000 117.998558 12.000000
v 324.000000 117.809212 12.000000
v 324.000000 118.000000 11.678707
v 326.000000 117.770218 12.000000
v 326.000000 118.000000 11.577770
v 328.000000 117.959648 12.000000
v 328.000000 118.000000 11.931581
v 330.000000 117.797684 12.000000
v 330.000000 118.000000 11.638172
v 330.812073 118.000000 12.000000
v 336.000000 118.000000 11.033682
v 334.641022 118.000000 12.000000
v 336.000000 117.424240 12.000000
v 338.000000 117.203880 12.000000
v 338.000000 118.000000 10.675423
v 340.000000 117.263885 12.000000
v 340.000000 118.000000 10.963329
v 342.000000 117.850609 12.000000
v 342.000000 118.000000 11.796536
v 342.293579 118.000000 12.000000
v 348.000000 118.000000 11.991135
v 347.986572 118.000000 12.000000
v 348.000000 117.993980 12.000000
v 350.000000 116.397385 12.000000
v 214.000000 120.000000 10.300739
v 224.000000 120.000000 11.759085
v 224.749374 120.000000 12.000000
v 226.000000 119.175713 12.000000
v 228.000000 120.000000 10.751822
v 226.487503 120.000000 12.000000
v 234.000000 120.000000 10.177950
v 236.000000 120.000000 11.135005
v 238.000000 120.000000 10.886682
v 252.000000 118.591682 12.000000
v 252.000000 120.000000 11.584940
v 253.856995 120.000000 12.000000
v 256.000000 120.000000 10.895655
v 254.047714 120.000000 12.000000
v 258.000000 120.000000 10.986142
v 260.000000 120.000000 10.019344
v 266.000000 120.000000 10.541430
v 268.000000 120.000000 11.010299
v 270.000000 120.000000 10.469990
v 272.000000 120.000000 10.471521
v 280.000000 120.000000 11.008101
v 281.221008 120.000000 12.000000
v 290.000000 120.000000 11.746448
v 289.493042 120.000000 12.000000
v 290.000000 118.314865 12.000000
v 292.000000 120.000000 10.466736
v 294.000000 120.000000 10.857706
v 296.000000 120.000000 11.679670
v 296.673950 120.000000 12.000000
v 308.000000 118.387192 12.000000
v 322.000000 118.006248 12.000000
v 324.000000 118.615990 12.000000
v 326.000000 118.720222 12.000000
v 328.000000 118.100288 12.000000
v 330.000000 118.463905 12.000000
v 336.000000 118.791130 12.000000
v 338.000000 119.813805 12.000000
v 340.000000 119.927795 12.000000
v 342.000000 118.312347 12.000000
v 348.000000 118.065712 12.000000
v 350.000000 120.000000 10.544742
v 348.273682 120.000000 12.000000
v 0.000000 122.000000 10.151940
v 14.000000 122.000000 10.211195
v 212.000000 122.000000 10.037132
v 214.000000 122.000000 10.523787
v 224.000000 122.000000 11.014214
v 225.888168 122.000000 12.000000
v 228.000000 122.000000 11.015119
v 226.104843 122.000000 12.000000
v 234.000000 122.000000 10.202443
v 236.000000 122.000000 11.320055
v 238.000000 122.000000 10.922290
v 252.000000 122.000000 11.399920
v 254.000000 120.070831 12.000000
v 254.000000 122.000000 11.314999
v 256.000000 122.000000 10.300180
v 258.000000 122.000000 10.602908
v 266.000000 122.000000 10.233418
v 268.000000 122.000000 10.815755
v 270.000000 122.000000 10.341279
v 272.000000 122.000000 10.608414
v 280.000000 122.000000 10.366456
v 282.000000 121.549759 12.000000
v 282.000000 122.000000 11.832674
v 284.000000 121.615227 12.000000
v 284.000000 122.000000 11.827730
v 286.000000 121.861130 12.000000
v 286.000000 122.000000 11.944829
v 288.000000 121.401695 12.000000
v 288.000000 122.000000 11.723670
v 290.000000 122.000000 10.404271
v 296.000000 122.000000 11.470834
v 297.187317 122.000000 12.000000
v 304.000000 122.000000 11.905483
v 302.033478 122.000000 12.000000
v 304.000000 121.209618 12.000000
v 306.000000 120.645836 12.000000
v 306.000000 122.000000 11.622819
v 308.000000 121.405685 12.000000
v 308.000000 122.000000 11.798370
v 308.339874 122.000000 12.000000
v 340.000000 122.000000 11.617867
v 338.492889 122.000000 12.000000
v 340.000000 120.209572 12.000000
v 340.707794 122.000000 12.000000
v 350.000000 122.000000 10.784683
v 348.068054 122.000000 12.000000
v 360.000000 122.000000 10.151940
v 226.000000 122.031921 12.000000
v 298.000000 122.168808 12.000000
v 300.000000 122.151123 12.000000
v 302.000000 122.000648 12.000000
v 310.000000 122.389610 12.000000
v 312.000000 123.193832 12.000000
v 312.000000 124.000000 10.462690
v 314.000000 123.762100 12.000000
v 314.000000 124.000000 11.578765
v 316.000000 123.531288 12.000000
v 316.000000 124.000000 11.163808
v 318.000000 123.058334 12.000000
v 318.000000 124.000000 10.028309
v 320.000000 122.533958 12.000000
v 322.000000 122.304955 12.000000
v 324.000000 122.132240 12.000000
v 326.000000 122.088051 12.000000
v 328.000000 122.411133 12.000000
v 330.000000 122.430313 12.000000
v 332.000000 122.567482 12.000000
v 334.000000 122.502914 12.000000
v 336.000000 122.296577 12.000000
v 338.000000 122.047165 12.000000
v 342.000000 122.312401 12.000000
v 344.000000 122.791969 12.000000
v 346.000000 122.409187 12.000000
v 348.000000 122.021584 12.000000
v 74.000000 36.000000 12.394888
v 76.000000 36.000000 13.421762
v 78.000000 36.000000 13.014027
v 80.000000 36.000000 12.200380
v 86.000000 36.000000 12.861256
v 88.000000 36.000000 13.424132
v 90.000000 36.000000 13.865990
v 92.000000 36.000000 13.156250
v 100.000000 36.000000 13.106246
v 102.000000 36.000000 12.524721
v 104.000000 36.000000 13.179029
v 116.000000 36.000000 12.532811
v 70.000000 38.000000 12.770323
v 72.000000 38.000000 13.830152
v 72.453583 38.000000 14.000000
v 74.000000 37.499165 14.000000
v 76.000000 36.664402 14.000000
v 78.000000 36.951893 14.000000
v 80.000000 37.108696 14.000000
v 82.000000 37.509789 14.000000
v 84.000000 37.474895 14.000000
v 86.000000 36.616669 14.000000
v 88.000000 36.535877 14.000000
v 90.000000 36.117386 14.000000
v 92.000000 37.039890 14.000000
v 94.000000 38.000000 12.667065
v 92.698288 38.000000 14.000000
v 98.000000 38.000000 13.273088
v 99.562515 38.000000 14.000000
v 100.000000 37.643261 14.000000
v 102.000000 38.000000 13.132758
v 100.382271 38.000000 14.000000
v 104.000000 38.000000 13.634615
v 106.000000 38.000000 13.108637
v 108.000000 38.000000 12.801495
v 110.000000 38.000000 12.679664
v 112.000000 38.000000 13.292922
v 113.100975 38.000000 14.000000
v 114.000000 37.699257 14.000000
v 116.000000 37.632954 14.000000
v 116.259743 38.000000 14.000000
v 122.000000 38.000000 13.195894
v 124.000000 38.000000 13.044297
v 70.000000 40.000000 12.494977
v 72.000000 40.000000 12.610809
v 74.000000 38.974361 14.000000
v 74.000000 40.000000 13.386840
v 74.993484 40.000000 14.000000
v 82.000000 40.000000 13.780617
v 80.995758 40.000000 14.000000
v 82.000000 39.558083 14.000000
v 82.853088 40.000000 14.000000
v 90.000000 40.000000 13.549850
v 88.724052 40.000000 14.000000
v 90.000000 39.646454 14.000000
v 92.000000 39.221569 14.000000
v 92.000000 40.000000 13.577204
v 100.000000 38.204624 14.000000
v 100.000000 40.000000 12.492332
v 104.000000 40.000000 12.323773
v 106.000000 40.000000 12.280741
v 114.000000 38.374454 14.000000
v 116.000000 38.218590 14.000000
v 72.000000 42.000000 12.698814
v 74.000000 42.000000 12.745461
v 76.000000 40.689342 14.000000
v 76.000000 42.000000 13.039133
v 78.000000 40.682762 14.000000
v 78.000000 42.000000 13.318727
v 80.000000 40.265083 14.000000
v 80.000000 42.000000 12.718485
v 84.000000 40.198730 14.000000
v 86.000000 41.391052 14.000000
v 86.000000 42.000000 13.356325
v 88.000000 40.216831 14.000000
v 88.000000 42.000000 12.201994
v 54.000000 43.385048 14.000000
v 53.591763 44.000000 14.000000
v 56.000000 43.283119 14.000000
v 58.000000 44.000000 13.398267
v 57.415134 44.000000 14.000000
v 64.000000 44.000000 12.788980
v 68.000000 44.000000 12.133857
v 69.577370 44.000000 14.000000
v 70.000000 43.640499 14.000000
v 72.000000 43.341686 14.000000
v 74.000000 43.269810 14.000000
v 76.000000 42.848827 14.000000
v 78.000000 42.530182 14.000000
v 80.000000 43.179695 14.000000
v 82.000000 44.000000 12.018968
v 80.659523 44.000000 14.000000
v 84.000000 44.000000 12.700103
v 84.889908 44.000000 14.000000
v 86.000000 42.595573 14.000000
v 88.000000 43.740723 14.000000
v 90.000000 43.800213 14.000000
v 92.000000 43.751717 14.000000
v 94.000000 44.000000 12.827897
v 92.676476 44.000000 14.000000
v 100.000000 44.000000 13.148066
v 102.000000 44.000000 12.140698
v 104.000000 44.000000 12.542144
v 105.864609 44.000000 14.000000
v 106.000000 43.920139 14.000000
v 108.000000 44.000000 12.568213
v 106.180580 44.000000 14.000000
v 32.000000 46.000000 13.851849
v 32.184589 46.000000 14.000000
v 34.000000 45.482574 14.000000
v 36.000000 46.000000 13.043733
v 35.168102 46.000000 14.000000
v 38.000000 46.000000 12.050470
v 40.000000 46.000000 12.441581
v 42.000000 46.000000 13.736328
v 42.427406 46.000000 14.000000
v 44.000000 45.664635 14.000000
v 46.000000 45.536560 14.000000
v 48.000000 45.835285 14.000000
v 50.000000 46.000000 13.801662
v 49.459015 46.000000 14.000000
v 50.110603 46.000000 14.000000
v 52.000000 45.091652 14.000000
v 58.000000 44.223118 14.000000
v 60.000000 44.990726 14.000000
v 62.000000 44.910141 14.000000
v 64.000000 44.523418 14.000000
v 66.000000 45.016975 14.000000
v 68.000000 44.681625 14.000000
v 82.000000 44.814701 14.000000
v 84.000000 44.465012 14.000000
v 94.000000 44.438942 14.000000
v 96.000000 45.957314 14.000000
v 98.000000 45.338696 14.000000
v 100.000000 44.389343 14.000000
v 102.000000 44.899384 14.000000
v 104.000000 44.894962 14.000000
v 108.000000 44.649998 14.000000
v 110.000000 45.166431 14.000000
v 112.000000 45.455036 14.000000
v 114.000000 45.424244 14.000000
v 116.000000 45.618702 14.000000
v 118.000000 45.672657 14.000000
v 120.000000 46.000000 13.927514
v 119.863098 46.000000 14.000000
v 120.198692 46.000000 14.000000
v 122.000000 45.694027 14.000000
v 124.000000 45.321079 14.000000
v 126.000000 45.711834 14.000000
v 128.000000 46.000000 12.666831
v 126.765518 46.000000 14.000000
v 16.000000 48.000000 12.400470
v 18.000000 48.000000 12.789907
v 24.000000 48.000000 12.648625
v 32.000000 46.128586 14.000000
v 31.129765 48.000000 14.000000
v 36.000000 46.927326 14.000000
v 38.000000 47.967167 14.000000
v 40.000000 47.362473 14.000000
v 42.000000 46.221798 14.000000
v 50.000000 46.097111 14.000000
v 120.000000 46.065140 14.000000
v 128.000000 48.000000 13.868078
v 127.889069 48.000000 14.000000
v 130.000000 48.000000 12.793736
v 132.000000 48.000000 12.965762
v 14.000000 50.000000 12.114843
v 15.851600 50.000000 14.000000
v 16.000000 49.829994 14.000000
v 18.000000 49.197525 14.000000
v 20.000000 50.000000 13.287005
v 19.094297 50.000000 14.000000
v 22.000000 50.000000 12.703335
v 24.000000 50.000000 13.645039
v 26.000000 50.000000 13.000233
v 31.009447 50.000000 14.000000
v 128.000000 50.000000 13.068974
v 127.222778 50.000000 14.000000
v 130.000000 50.000000 12.129558
v 132.000000 50.000000 12.504425
v 10.000000 52.000000 12.494666
v 12.000000 52.000000 12.645368
v 13.932295 52.000000 14.000000
v 14.000000 51.960670 14.000000
v 20.000000 50.560909 14.000000
v 22.000000 50.938496 14.000000
v 24.000000 50.274742 14.000000
v 26.000000 50.967377 14.000000
v 28.000000 52.000000 12.663736
v 27.092772 52.000000 14.000000
v 29.320396 52.000000 14.000000
v 30.000000 51.677452 14.000000
v 120.000000 52.000000 13.966317
v 119.960030 52.000000 14.000000
v 120.000000 51.931431 14.000000
v 120.026917 52.000000 14.000000
v 128.000000 52.000000 12.939444
v 127.197220 52.000000 14.000000
v 132.000000 52.000000 12.273511
v 0.364744 54.000000 14.000000
v 0.000000 54.000000 13.678276
v 2.000000 53.228378 14.000000
v 4.000000 53.969559 14.000000
v 6.000000 54.000000 12.263136
v 4.070786 54.000000 14.000000
v 8.000000 54.000000 13.548354
v 8.401095 54.000000 14.000000
v 10.000000 52.932808 14.000000
v 12.000000 53.248360 14.000000
v 28.000000 52.490868 14.000000
v 120.000000 52.017918 14.000000
v 128.000000 52.890400 14.000000
v 130.000000 53.813110 14.000000
v 132.000000 53.877396 14.000000
v 134.000000 54.000000 12.836489
v 132.164078 54.000000 14.000000
v 342.000000 54.000000 12.276662
v 346.000000 54.000000 13.346135
v 347.344238 54.000000 14.000000
v 348.000000 53.838917 14.000000
v 350.000000 54.000000 12.844263
v 348.405914 54.000000 14.000000
v 354.000000 54.000000 12.225729
v 356.000000 54.000000 13.102090
v 358.000000 54.000000 12.312359
v 360.000000 54.000000 13.678276
v 0.000000 54.260418 14.000000
v 6.000000 55.072563 14.000000
v 8.000000 54.364708 14.000000
v 134.000000 56.000000 12.369509
v 132.428741 56.000000 14.000000
v 138.000000 56.000000 12.057006
v 140.000000 56.000000 12.796473
v 142.000000 56.000000 12.915729
v 144.000000 56.000000 12.760404
v 146.000000 56.000000 12.416995
v 314.000000 56.000000 12.901735
v 315.991699 56.000000 14.000000
v 316.000000 55.997116 14.000000
v 318.000000 56.000000 12.691941
v 316.007111 56.000000 14.000000
v 332.000000 56.000000 12.440989
v 334.000000 56.000000 12.680020
v 340.000000 56.000000 12.629212
v 341.889069 56.000000 14.000000
v 342.000000 55.922077 14.000000
v 344.000000 55.940235 14.000000
v 346.000000 54.551178 14.000000
v 350.000000 54.875320 14.000000
v 352.000000 56.000000 13.160383
v 351.324890 56.000000 14.000000
v 353.016541 56.000000 14.000000
v 354.000000 55.433624 14.000000
v 356.000000 54.698299 14.000000
v 358.000000 55.337811 14.000000
v 360.000000 54.260418 14.000000
v 134.000000 58.000000 12.425117
v 132.511459 58.000000 14.000000
v 138.000000 58.000000 12.104188
v 140.000000 58.000000 12.261962
v 142.000000 58.000000 12.739161
v 144.000000 58.000000 12.409062
v 146.000000 58.000000 12.373802
v 252.000000 58.000000 12.479278
v 254.000000 58.000000 12.787968
v 282.000000 58.000000 12.338837
v 290.000000 58.000000 12.241273
v 298.000000 58.000000 12.126852
v 304.000000 58.000000 12.973670
v 305.355530 58.000000 14.000000
v 306.000000 57.789124 14.000000
v 308.000000 57.904129 14.000000
v 310.000000 58.000000 12.739274
v 308.270630 58.000000 14.000000
v 312.000000 58.000000 13.280526
v 312.539825 58.000000 14.000000
v 314.000000 56.732307 14.000000
v 318.000000 57.819893 14.000000
v 318.096283 58.000000 14.000000
v 326.000000 58.000000 12.387917
v 328.000000 58.000000 12.995650
v 330.000000 58.000000 12.359917
v 332.000000 58.000000 13.633968
v 333.458496 58.000000 14.000000
v 334.000000 57.850555 14.000000
v 336.000000 58.000000 12.798429
v 334.216522 58.000000 14.000000
v 338.000000 58.000000 12.399193
v 340.000000 58.000000 13.999712
v 340.000427 58.000000 14.000000
v 352.000000 57.555103 14.000000
v 134.000000 58.819263 14.000000
v 136.000000 59.374271 14.000000
v 138.000000 58.953419 14.000000
v 140.000000 58.879509 14.000000
v 142.000000 58.714149 14.000000
v 144.000000 58.936001 14.000000
v 146.000000 59.004944 14.000000
v 148.000000 59.175720 14.000000
v 150.000000 60.000000 13.820568
v 149.861710 60.000000 14.000000
v 152.000000 60.000000 13.137474
v 154.000000 60.000000 13.122705
v 156.000000 60.000000 13.018905
v 158.000000 60.000000 12.345175
v 162.000000 60.000000 13.183148
v 164.000000 60.000000 13.546922
v 166.000000 60.000000 12.419499
v 178.000000 60.000000 12.028903
v 192.000000 60.000000 12.226424
v 206.000000 60.000000 13.945187
v 206.425385 60.000000 14.000000
v 208.000000 59.935555 14.000000
v 210.000000 60.000000 13.024595
v 208.349121 60.000000 14.000000
v 212.000000 60.000000 12.081201
v 214.000000 60.000000 12.559978
v 216.000000 60.000000 13.776754
v 217.048096 60.000000 14.000000
v 218.000000 59.937515 14.000000
v 220.000000 59.839970 14.000000
v 222.000000 59.990665 14.000000
v 224.000000 59.803272 14.000000
v 226.000000 59.480152 14.000000
v 228.000000 59.339046 14.000000
v 230.000000 59.414688 14.000000
v 232.000000 59.604752 14.000000
v 234.000000 59.712486 14.000000
v 236.000000 59.453079 14.000000
v 238.000000 59.083118 14.000000
v 240.000000 59.149910 14.000000
v 242.000000 59.287323 14.000000
v 244.000000 59.161453 14.000000
v 246.000000 59.019745 14.000000
v 248.000000 58.911404 14.000000
v 250.000000 58.915894 14.000000
v 252.000000 58.591698 14.000000
v 254.000000 58.528515 14.000000
v 256.000000 59.127132 14.000000
v 258.000000 59.030071 14.000000
v 260.000000 58.967224 14.000000
v 262.000000 59.137386 14.000000
v 264.000000 59.551971 14.000000
v 266.000000 59.601646 14.000000
v 268.000000 59.037479 14.000000
v 270.000000 58.925568 14.000000
v 272.000000 59.088619 14.000000
v 274.000000 59.020664 14.000000
v 276.000000 59.000984 14.000000
v 278.000000 59.055382 14.000000
v 280.000000 58.873711 14.000000
v 282.000000 58.589813 14.000000
v 284.000000 58.911030 14.000000
v 286.000000 59.069855 14.000000
v 288.000000 58.816475 14.000000
v 290.000000 58.654751 14.000000
v 292.000000 58.912731 14.000000
v 294.000000 59.337673 14.000000
v 296.000000 59.158211 14.000000
v 298.000000 58.712208 14.000000
v 300.000000 58.698689 14.000000
v 302.000000 58.768513 14.000000
v 304.000000 58.336765 14.000000
v 310.000000 58.507973 14.000000
v 312.000000 58.281601 14.000000
v 320.000000 58.908295 14.000000
v 322.000000 59.152767 14.000000
v 324.000000 58.868210 14.000000
v 326.000000 58.547367 14.000000
v 328.000000 58.392342 14.000000
v 330.000000 58.605392 14.000000
v 332.000000 58.139889 14.000000
v 336.000000 58.419044 14.000000
v 338.000000 58.594917 14.000000
v 340.000000 58.000111 14.000000
v 150.000000 60.114616 14.000000
v 152.000000 60.601742 14.000000
v 154.000000 60.567154 14.000000
v 156.000000 60.574112 14.000000
v 158.000000 60.871994 14.000000
v 160.000000 61.162987 14.000000
v 162.000000 60.440125 14.000000
v 164.000000 60.236618 14.000000
v 166.000000 61.076481 14.000000
v 168.000000 62.000000 13.982894
v 167.979401 62.000000 14.000000
v 170.000000 62.000000 13.803537
v 172.000000 62.000000 13.552426
v 174.000000 62.000000 12.836972
v 175.559875 62.000000 14.000000
v 176.000000 61.835712 14.000000
v 178.000000 61.137627 14.000000
v 180.000000 61.978485 14.000000
v 182.000000 62.000000 12.998602
v 180.089020 62.000000 14.000000
v 184.000000 62.000000 13.600513
v 186.000000 62.000000 13.302039
v 188.000000 62.000000 12.946876
v 189.072235 62.000000 14.000000
v 190.000000 61.579330 14.000000
v 192.000000 60.928493 14.000000
v 194.000000 61.100182 14.000000
v 196.000000 61.545265 14.000000
v 198.000000 61.770382 14.000000
v 200.000000 61.179970 14.000000
v 202.000000 61.299759 14.000000
v 204.000000 61.154034 14.000000
v 206.000000 60.035179 14.000000
v 210.000000 60.548653 14.000000
v 212.000000 60.966099 14.000000
v 214.000000 60.800880 14.000000
v 216.000000 60.127342 14.000000
v 168.000000 62.033291 14.000000
v 170.000000 62.393337 14.000000
v 172.000000 63.106487 14.000000
v 174.000000 64.000000 13.652988
v 173.053879 64.000000 14.000000
v 174.411392 64.000000 14.000000
v 182.000000 63.666256 14.000000
v 184.000000 62.832520 14.000000
v 186.000000 63.739578 14.000000
v 188.000000 64.000000 13.671638
v 186.591217 64.000000 14.000000
v 188.272186 64.000000 14.000000
v 174.000000 64.415382 14.000000
v 188.000000 64.376320 14.000000
v 90.000000 94.000000 13.389370
v 89.275238 94.000000 14.000000
v 90.000000 93.680855 14.000000
v 92.000000 93.053802 14.000000
v 92.000000 94.000000 12.032602
v 94.000000 92.515800 14.000000
v 96.000000 92.483910 14.000000
v 98.000000 93.403198 14.000000
v 98.000000 94.000000 13.351143
v 99.567924 94.000000 14.000000
v 84.000000 96.000000 13.585117
v 83.014458 96.000000 14.000000
v 84.000000 95.669243 14.000000
v 86.000000 95.054718 14.000000
v 86.000000 96.000000 12.671423
v 88.000000 94.690872 14.000000
v 88.000000 96.000000 12.350255
v 100.000000 94.101540 14.000000
v 102.000000 94.795044 14.000000
v 102.000000 96.000000 12.322035
v 104.000000 94.824913 14.000000
v 104.000000 96.000000 12.435465
v 106.000000 94.900032 14.000000
v 106.000000 96.000000 12.338304
v 108.000000 95.383163 14.000000
v 108.000000 96.000000 12.905253
v 109.099602 96.000000 14.000000
v 78.000000 98.000000 12.846723
v 76.389595 98.000000 14.000000
v 78.000000 96.909134 14.000000
v 80.000000 96.160789 14.000000
v 80.000000 98.000000 12.019691
v 82.000000 96.286644 14.000000
v 110.000000 96.525879 14.000000
v 111.847588 98.000000 14.000000
v 64.000000 100.000000 13.388974
v 63.421597 100.000000 14.000000
v 64.000000 99.687447 14.000000
v 66.000000 99.043739 14.000000
v 66.000000 100.000000 12.307474
v 68.000000 99.519737 14.000000
v 68.000000 100.000000 13.440955
v 70.000000 99.536713 14.000000
v 70.000000 100.000000 13.449990
v 72.000000 99.018578 14.000000
v 72.000000 100.000000 12.687737
v 74.000000 98.927116 14.000000
v 74.000000 100.000000 12.883467
v 76.000000 98.241386 14.000000
v 76.000000 100.000000 12.259275
v 112.000000 98.144615 14.000000
v 114.000000 98.843521 14.000000
v 114.000000 100.000000 12.770123
v 116.000000 99.723869 14.000000
v 116.000000 100.000000 13.738230
v 116.338921 100.000000 14.000000
v 124.000000 100.000000 13.549584
v 122.934532 100.000000 14.000000
v 124.000000 99.680298 14.000000
v 124.694359 100.000000 14.000000
v 46.000000 102.000000 13.263324
v 45.000847 102.000000 14.000000
v 46.000000 101.737183 14.000000
v 47.458263 102.000000 14.000000
v 56.000000 102.000000 13.116668
v 54.471657 102.000000 14.000000
v 56.000000 101.640083 14.000000
v 58.000000 101.674042 14.000000
v 58.000000 102.000000 13.252877
v 60.000000 101.505524 14.000000
v 60.000000 102.000000 12.843001
v 62.000000 100.547707 14.000000
v 118.000000 100.620422 14.000000
v 120.000000 100.697815 14.000000
v 122.000000 100.146095 14.000000
v 126.000000 100.370842 14.000000
v 128.000000 101.866081 14.000000
v 128.000000 102.000000 13.758368
v 128.256073 102.000000 14.000000
v 46.000000 103.043793 14.000000
v 56.000000 104.000000 12.871012
v 54.544750 104.000000 14.000000
v 58.000000 104.000000 12.388274
v 60.000000 104.000000 12.596317
v 128.000000 104.000000 13.187182
v 128.753159 104.000000 14.000000
v 56.000000 106.000000 13.156688
v 54.909843 106.000000 14.000000
v 58.000000 106.000000 12.625283
v 60.000000 106.000000 12.563904
v 128.000000 106.000000 13.182405
v 128.652527 106.000000 14.000000
v 44.000000 108.000000 13.490418
v 43.217690 108.000000 14.000000
v 44.000000 107.630936 14.000000
v 46.000000 106.721939 14.000000
v 46.000000 108.000000 12.228095
v 48.000000 106.873756 14.000000
v 48.000000 108.000000 12.548977
v 50.000000 107.531723 14.000000
v 50.000000 108.000000 13.448662
v 52.000000 107.304054 14.000000
v 52.000000 108.000000 13.251778
v 54.000000 106.557144 14.000000
v 54.000000 108.000000 12.233765
v 130.000000 107.441780 14.000000
v 130.000000 108.000000 13.275448
v 131.324509 108.000000 14.000000
v 136.000000 108.000000 13.587089
v 134.647522 108.000000 14.000000
v 136.000000 107.685265 14.000000
v 136.503586 108.000000 14.000000
v 24.000000 110.000000 13.070589
v 22.750626 110.000000 14.000000
v 24.000000 109.131096 14.000000
v 26.000000 108.591057 14.000000
v 26.000000 110.000000 12.554143
v 28.000000 109.559204 14.000000
v 28.000000 110.000000 13.398128
v 29.022593 110.000000 14.000000
v 34.000000 110.000000 13.680263
v 33.230278 110.000000 14.000000
v 34.000000 109.768684 14.000000
v 36.000000 109.253319 14.000000
v 36.000000 110.000000 12.645645
v 38.000000 109.201569 14.000000
v 38.000000 110.000000 12.189109
v 40.000000 109.002220 14.000000
v 40.000000 110.000000 12.217244
v 42.000000 108.379105 14.000000
v 132.000000 108.143242 14.000000
v 134.000000 108.094261 14.000000
v 138.000000 108.879715 14.000000
v 138.000000 110.000000 12.441013
v 139.667694 110.000000 14.000000
v 144.000000 110.000000 13.120174
v 142.409790 110.000000 14.000000
v 144.000000 109.521324 14.000000
v 146.000000 109.599831 14.000000
v 146.000000 110.000000 13.425900
v 146.720627 110.000000 14.000000
v 20.000000 112.000000 13.775718
v 19.803669 112.000000 14.000000
v 20.000000 111.796402 14.000000
v 22.000000 110.387642 14.000000
v 30.000000 110.299248 14.000000
v 32.000000 110.307152 14.000000
v 140.000000 110.140114 14.000000
v 142.000000 110.110710 14.000000
v 148.000000 110.640480 14.000000
v 150.000000 111.654030 14.000000
v 150.000000 112.000000 13.352814
v 152.000000 111.728981 14.000000
v 152.000000 112.000000 13.760756
v 154.000000 110.534348 14.000000
v 154.000000 112.000000 12.180776
v 156.000000 110.502762 14.000000
v 158.000000 111.656151 14.000000
v 158.000000 112.000000 13.556624
v 158.386642 112.000000 14.000000
v 6.000000 114.000000 13.953127
v 5.746795 114.000000 14.000000
v 6.000000 113.922302 14.000000
v 6.118286 114.000000 14.000000
v 20.000000 114.000000 12.775807
v 18.762539 114.000000 14.000000
v 159.767960 114.000000 14.000000
v 186.000000 114.000000 13.979303
v 185.944473 114.000000 14.000000
v 186.000000 113.983673 14.000000
v 186.179321 114.000000 14.000000
v 2.000000 114.300507 14.000000
v 0.000000 114.439148 14.000000
v 4.000000 114.122856 14.000000
v 8.000000 114.245529 14.000000
v 10.000000 114.234421 14.000000
v 12.000000 114.386520 14.000000
v 14.000000 114.686951 14.000000
v 16.000000 114.555412 14.000000
v 18.000000 114.220825 14.000000
v 160.000000 114.146393 14.000000
v 162.000000 114.556534 14.000000
v 164.000000 115.466972 14.000000
v 164.000000 116.000000 13.117494
v 166.000000 115.322403 14.000000
v 166.000000 116.000000 12.754090
v 168.000000 114.924309 14.000000
v 168.000000 116.000000 12.194044
v 170.000000 114.787155 14.000000
v 172.000000 114.477715 14.000000
v 174.000000 114.309418 14.000000
v 176.000000 114.687469 14.000000
v 176.000000 116.000000 12.114743
v 178.000000 114.931282 14.000000
v 178.000000 116.000000 12.312805
v 180.000000 114.780952 14.000000
v 182.000000 114.397644 14.000000
v 184.000000 114.193047 14.000000
v 188.000000 114.053513 14.000000
v 190.000000 114.936981 14.000000
v 192.000000 115.617691 14.000000
v 192.000000 116.000000 13.160665
v 194.000000 115.403938 14.000000
v 194.000000 116.000000 12.526103
v 196.000000 115.481178 14.000000
v 196.000000 116.000000 12.765419
v 198.000000 115.159485 14.000000
v 198.000000 116.000000 12.225169
v 200.000000 114.942406 14.000000
v 202.000000 114.586555 14.000000
v 204.000000 114.585022 14.000000
v 206.000000 115.005630 14.000000
v 208.000000 114.982399 14.000000
v 210.000000 114.924248 14.000000
v 212.000000 115.266594 14.000000
v 214.000000 115.634422 14.000000
v 214.000000 116.000000 13.084308
v 216.000000 115.700211 14.000000
v 216.000000 116.000000 13.415820
v 218.000000 115.743164 14.000000
v 218.000000 116.000000 13.495768
v 220.000000 115.284462 14.000000
v 220.000000 116.000000 12.187674
v 222.000000 115.739906 14.000000
v 222.000000 116.000000 13.380185
v 222.923218 116.000000 14.000000
v 230.000000 116.000000 12.424520
v 228.481857 116.000000 14.000000
v 230.000000 115.450920 14.000000
v 232.000000 115.197655 14.000000
v 233.952835 116.000000 14.000000
v 240.000000 116.000000 13.796978
v 239.801071 116.000000 14.000000
v 240.000000 115.934227 14.000000
v 242.000000 115.732292 14.000000
v 242.000000 116.000000 13.174228
v 244.000000 115.766624 14.000000
v 244.000000 116.000000 13.305760
v 246.000000 115.631233 14.000000
v 246.000000 116.000000 12.947227
v 248.000000 115.323250 14.000000
v 248.000000 116.000000 12.473983
v 249.299942 116.000000 14.000000
v 262.000000 116.000000 12.465384
v 260.973572 116.000000 14.000000
v 262.000000 115.338356 14.000000
v 264.000000 115.148376 14.000000
v 265.639099 116.000000 14.000000
v 276.000000 116.000000 12.030755
v 274.726044 116.000000 14.000000
v 276.000000 115.333420 14.000000
v 278.000000 115.282402 14.000000
v 278.000000 116.000000 12.252071
v 279.062744 116.000000 14.000000
v 292.000000 116.000000 13.423009
v 291.574615 116.000000 14.000000
v 292.000000 115.769844 14.000000
v 294.000000 115.726845 14.000000
v 294.000000 116.000000 13.296527
v 294.520477 116.000000 14.000000
v 350.000000 116.000000 12.917089
v 349.191711 116.000000 14.000000
v 350.000000 115.544655 14.000000
v 352.000000 114.225601 14.000000
v 354.000000 114.112152 14.000000
v 356.000000 114.250847 14.000000
v 358.000000 114.356667 14.000000
v 360.000000 114.439148 14.000000
v 224.000000 116.340317 14.000000
v 226.000000 116.481941 14.000000
v 228.000000 116.191803 14.000000
v 234.000000 116.019241 14.000000
v 236.000000 116.696800 14.000000
v 238.000000 116.566788 14.000000
v 250.000000 116.325264 14.000000
v 252.000000 117.286201 14.000000
v 252.000000 118.000000 12.201790
v 254.000000 117.300194 14.000000
v 254.000000 118.000000 12.222775
v 256.000000 116.739357 14.000000
v 258.000000 116.771751 14.000000
v 260.000000 116.467155 14.000000
v 266.000000 116.184029 14.000000
v 268.000000 116.608765 14.000000
v 270.000000 116.290054 14.000000
v 272.000000 116.565994 14.000000
v 274.000000 116.370613 14.000000
v 280.000000 116.693100 14.000000
v 282.000000 117.466072 14.000000
v 282.000000 118.000000 12.758530
v 284.000000 117.377426 14.000000
v 284.000000 118.000000 12.476628
v 286.000000 117.348312 14.000000
v 286.000000 118.000000 12.660285
v 288.000000 117.478325 14.000000
v 288.000000 118.000000 12.939140
v 290.000000 116.944588 14.000000
v 290.000000 118.000000 12.046993
v 296.000000 116.706963 14.000000
v 298.000000 117.225342 14.000000
v 298.000000 118.000000 12.588199
v 300.000000 117.095840 14.000000
v 300.000000 118.000000 12.126179
v 302.000000 117.327675 14.000000
v 302.000000 118.000000 12.592461
v 304.000000 117.326332 14.000000
v 304.000000 118.000000 12.592981
v 306.000000 117.481346 14.000000
v 306.000000 118.000000 12.871577
v 308.000000 117.045853 14.000000
v 310.000000 117.518303 14.000000
v 310.000000 118.000000 13.007116
v 310.994080 118.000000 14.000000
v 320.000000 118.000000 12.580353
v 318.302399 118.000000 14.000000
v 320.000000 117.191559 14.000000
v 322.000000 117.039864 14.000000
v 324.000000 116.800354 14.000000
v 326.000000 116.748085 14.000000
v 328.000000 116.797295 14.000000
v 330.000000 116.818275 14.000000
v 332.000000 117.340965 14.000000
v 332.000000 118.000000 12.498998
v 334.000000 117.133080 14.000000
v 334.000000 118.000000 12.342908
v 336.000000 116.355705 14.000000
v 338.000000 116.279381 14.000000
v 340.000000 116.118698 14.000000
v 342.000000 116.407852 14.000000
v 344.000000 117.312576 14.000000
v 344.000000 118.000000 13.078881
v 346.000000 117.309448 14.000000
v 346.000000 118.000000 13.065483
v 348.000000 116.705376 14.000000
v 226.000000 120.000000 12.357712
v 254.000000 120.000000 12.033012
v 282.000000 120.000000 12.656281
v 284.000000 120.000000 12.906702
v 286.000000 120.000000 12.901169
v 288.000000 120.000000 12.810488
v 298.000000 120.000000 12.675526
v 300.000000 120.000000 12.660759
v 302.000000 120.000000 12.539901
v 304.000000 120.000000 12.176229
v 306.000000 120.000000 12.252816
v 308.000000 120.000000 12.607803
v 310.000000 120.000000 13.596794
v 310.445892 120.000000 14.000000
v 320.000000 120.000000 13.853750
v 319.822296 120.000000 14.000000
v 322.000000 120.000000 13.011385
v 324.000000 120.000000 12.878590
v 326.000000 120.000000 12.904971
v 328.000000 120.000000 13.311466
v 330.000000 120.000000 13.324862
v 332.000000 120.000000 13.976037
v 334.000000 120.000000 13.955327
v 336.000000 120.000000 13.148509
v 338.000000 120.000000 12.149035
v 340.000000 120.000000 12.047256
v 342.000000 120.000000 13.004747
v 343.383728 120.000000 14.000000
v 344.000000 119.351067 14.000000
v 346.000000 120.000000 13.611172
v 345.078278 120.000000 14.000000
v 348.000000 120.000000 12.247213
v 226.000000 122.000000 12.059387
v 298.000000 122.000000 12.499763
v 300.000000 122.000000 12.476736
v 302.000000 122.000000 12.001862
v 310.000000 122.000000 13.229977
v 310.717926 122.000000 14.000000
v 320.000000 122.000000 13.668074
v 319.515076 122.000000 14.000000
v 322.000000 122.000000 12.819860
v 324.000000 122.000000 12.278511
v 326.000000 122.000000 12.197305
v 328.000000 122.000000 12.989302
v 330.000000 122.000000 13.089429
v 332.000000 122.000000 13.499191
v 334.000000 122.000000 13.665588
v 336.000000 122.000000 13.002122
v 338.000000 122.000000 12.132204
v 342.000000 122.000000 12.710648
v 344.000000 121.953781 14.000000
v 344.000000 122.000000 13.988916
v 346.000000 122.000000 13.047415
v 348.000000 122.000000 12.049216
v 312.000000 122.446838 14.000000
v 314.000000 122.951340 14.000000
v 316.000000 122.787407 14.000000
v 318.000000 122.330231 14.000000
f 3 2 1
f 3 4 2
f 1 6 5
f 1 2 6
f 5 8 7
f 5 6 8
f 7 10 9
f 7 8 10
f 9 12 11
f 9 10 12
f 11 14 13
f 11 12 14
f 13 16 15
f 13 14 16
f 15 18 17
f 15 16 18
f 17 20 19
f 17 18 20
f 19 22 21
f 19 20 22
f 21 24 23
f 21 22 24
f 23 26 25
f 23 24 26
f 25 28 27
f 25 26 28
f 27 30 29
f 27 28 30
f 29 32 31
f 29 30 32
f 31 34 33
f 31 32 34
f 33 36 35
f 33 34 36
f 35 38 37
f 35 36 38
f 37 40 39
f 37 38 40
f 39 42 41
f 39 40 42
f 41 44 43
f 41 42 44
f 43 46 45
f 43 44 46
f 45 48 47
f 45 46 48
f 47 50 49
f 47 48 50
f 49 52 51
f 49 50 52
f 51 54 53
f 51 52 54
f 53 56 55
f 53 54 56
f 55 58 57
f 55 56 58
f 57 60 59
f 57 58 60
f 59 62 61
f 59 60 62
f 61 64 63
f 61 62 64
f 63 66 65
f 63 64 66
f 65 68 67
f 65 66 68
f 67 70 69
f 67 68 70
f 69 72 71
f 69 70 72
f 71 74 73
f 71 72 74
f 73 76 75
f 73 74 76
f 75 78 77
f 75 76 78
f 77 80 79
f 77 78 80
f 79 82 81
f 79 80 82
f 81 84 83
f 81 82 84
f 83 86 85
f 83 84 86
f 85 88 87
f 85 86 88
f 87 90 89
f 87 88 90
f 89 92 91
f 89 90 92
f 91 94 93
f 91 92 94
f 93 96 95
f 93 94 96
f 95 98 97
f 95 96 98
f 97 100 99
f 97 98 100
f 99 102 101
f 99 100 102
f 101 104 103
f 101 102 104
f 103 106 105
f 103 104 106
f 105 108 107
f 105 106 108
f 107 110 109
f 107 108 110
f 109 112 111
f 109 110 112
f 111 114 113
f 111 112 114
f 113 116 115
f 113 114 116
f 115 118 117
f 115 116 118
f 117 120 119
f 117 118 120
f 119 122 121
f 119 120 122
f 121 124 123
f 121 122 124
f 126 123 125
f 123 127 125
f 123 124 127
f 129 128 127
f 127 128 125
f 128 129 130
f 129 131 130
f 129 132 131
f 131 134 133
f 131 132 134
f 133 136 135
f 133 134 136
f 135 138 137
f 135 136 138
f 137 140 139
f 137 138 140
f 139 142 141
f 139 140 142
f 141 144 143
f 141 142 144
f 143 146 145
f 143 144 146
f 145 148 147
f 145 146 148
f 147 150 149
f 147 148 150
f 149 152 151
f 149 150 152
f 151 154 153
f 151 152 154
f 153 156 155
f 153 154 156
f 155 158 157
f 155 156 158
f 157 160 159
f 157 158 160
f 159 162 161
f 159 160 162
f 161 164 163
f 161 162 164
f 163 166 165
f 163 164 166
f 165 168 167
f 165 166 168
f 167 170 169
f 167 168 170
f 169 172 171
f 169 170 172
f 171 174 173
f 171 172 174
f 173 176 175
f 173 174 176
f 175 178 177
f 175 176 178
f 177 180 179
f 177 178 180
f 179 182 181
f 179 180 182
f 181 184 183
f 181 182 184
f 183 186 185
f 183 184 186
f 185 188 187
f 185 186 188
f 187 190 189
f 187 188 190
f 189 192 191
f 189 190 192
f 191 194 193
f 191 192 194
f 193 196 195
f 193 194 196
f 195 198 197
f 195 196 198
f 197 200 199
f 197 198 200
f 199 202 201
f 199 200 202
f 201 204 203
f 201 202 204
f 203 206 205
f 203 204 206
f 205 208 207
f 205 206 208
f 207 210 209
f 207 208 210
f 209 212 211
f 209 210 212
f 211 214 213
f 211 212 214
f 213 216 215
f 213 214 216
f 215 218 217
f 215 216 218
f 217 220 219
f 217 218 220
f 219 222 221
f 219 220 222
f 221 224 223
f 221 222 224
f 223 226 225
f 223 224 226
f 225 228 227
f 225 226 228
f 227 230 229
f 227 228 230
f 229 232 231
f 229 230 232
f 231 234 233
f 231 232 234
f 233 236 235
f 233 234 236
f 235 238 237
f 235 236 238
f 237 240 239
f 237 238 240
f 239 242 241
f 239 240 242
f 241 244 243
f 241 242 244
f 243 246 245
f 243 244 246
f 245 248 247
f 245 246 248
f 247 250 249
f 247 248 250
f 249 252 251
f 249 250 252
f 251 254 253
f 251 252 254
f 253 256 255
f 253 254 256
f 255 258 257
f 255 256 258
f 257 260 259
f 257 258 260
f 259 262 261
f 259 260 262
f 261 264 263
f 261 262 264
f 263 266 265
f 263 264 266
f 265 268 267
f 265 266 268
f 267 270 269
f 267 268 270
f 269 272 271
f 269 270 272
f 271 274 273
f 271 272 274
f 273 276 275
f 273 274 276
f 275 278 277
f 275 276 278
f 277 280 279
f 277 278 280
f 279 282 281
f 279 280 282
f 281 284 283
f 281 282 284
f 283 286 285
f 283 284 286
f 285 288 287
f 285 286 288
f 287 290 289
f 287 288 290
f 289 292 291
f 289 290 292
f 291 294 293
f 291 292 294
f 293 296 295
f 293 294 296
f 295 298 297
f 295 296 298
f 297 300 299
f 297 298 300
f 299 302 301
f 299 300 302
f 301 304 303
f 301 302 304
f 303 306 305
f 303 304 306
f 305 308 307
f 305 306 308
f 307 310 309
f 307 308 310
f 309 312 311
f 309 310 312
f 311 314 313
f 311 312 314
f 313 316 315
f 313 314 316
f 315 318 317
f 315 316 318
f 317 320 319
f 317 318 320
f 319 322 321
f 319 320 322
f 321 324 323
f 321 322 324
f 323 326 325
f 323 324 326
f 325 328 327
f 325 326 328
f 327 330 329
f 327 328 330
f 329 332 331
f 329 330 332
f 331 334 333
f 331 332 334
f 333 336 335
f 333 334 336
f 335 338 337
f 335 336 338
f 337 340 339
f 337 338 340
f 339 342 341
f 339 340 342
f 341 344 343
f 341 342 344
f 343 346 345
f 343 344 346
f 345 348 347
f 345 346 348
f 347 350 349
f 347 348 350
f 349 352 351
f 349 350 352
f 351 354 353
f 351 352 354
f 353 356 355
f 353 354 356
f 355 358 357
f 355 356 358
f 357 360 359
f 357 358 360
f 359 362 361
f 359 360 362
f 361 364 363
f 361 362 364
f 4 365 2
f 4 366 365
f 2 367 6
f 2 365 367
f 6 368 8
f 6 367 368
f 8 369 10
f 8 368 369
f 10 370 12
f 10 369 370
f 12 371 14
f 12 370 371
f 14 372 16
f 14 371 372
f 16 373 18
f 16 372 373
f 18 374 20
f 18 373 374
f 20 375 22
f 20 374 375
f 22 376 24
f 22 375 376
f 24 377 26
f 24 376 377
f 26 378 28
f 26 377 378
f 28 379 30
f 28 378 379
f 30 380 32
f 30 379 380
f 32 381 34
f 32 380 381
f 34 382 36
f 34 381 382
f 36 383 38
f 36 382 383
f 38 384 40
f 38 383 384
f 40 385 42
f 40 384 385
f 42 386 44
f 42 385 386
f 44 387 46
f 44 386 387
f 46 388 48
f 46 387 388
f 48 389 50
f 48 388 389
f 50 390 52
f 50 389 390
f 52 391 54
f 52 390 391
f 54 392 56
f 54 391 392
f 56 393 58
f 56 392 393
f 58 394 60
f 58 393 394
f 60 395 62
f 60 394 395
f 62 396 64
f 62 395 396
f 64 397 66
f 64 396 397
f 66 398 68
f 66 397 398
f 68 399 70
f 68 398 399
f 70 400 72
f 70 399 400
f 72 401 74
f 72 400 401
f 74 402 76
f 74 401 402
f 76 403 78
f 76 402 403
f 78 404 80
f 78 403 404
f 80 405 82
f 80 404 405
f 82 406 84
f 82 405 406
f 84 407 86
f 84 406 407
f 86 408 88
f 86 407 408
f 88 409 90
f 88 408 409
f 90 410 92
f 90 409 410
f 92 411 94
f 92 410 411
f 94 412 96
f 94 411 412
f 96 413 98
f 96 412 413
f 98 414 100
f 98 413 414
f 100 415 102
f 100 414 415
f 102 416 104
f 102 415 416
f 104 417 106
f 104 416 417
f 106 418 108
f 106 417 418
f 108 419 110
f 108 418 419
f 110 420 112
f 110 419 420
f 112 421 114
f 112 420 421
f 114 422 116
f 114 421 422
f 116 423 118
f 116 422 423
f 118 424 120
f 118 423 424
f 120 425 122
f 120 424 425
f 122 426 124
f 122 425 426
f 428 127 427
f 127 426 427
f 127 124 426
f 127 428 129
f 129 428 429
f 431 430 429
f 430 129 429
f 430 132 129
f 132 432 134
f 132 430 432
f 134 433 136
f 134 432 433
f 136 434 138
f 136 433 434
f 138 435 140
f 138 434 435
f 140 436 142
f 140 435 436
f 142 437 144
f 142 436 437
f 144 438 146
f 144 437 438
f 146 439 148
f 146 438 439
f 148 440 150
f 148 439 440
f 150 441 152
f 150 440 441
f 152 442 154
f 152 441 442
f 154 443 156
f 154 442 443
f 156 444 158
f 156 443 444
f 158 445 160
f 158 444 445
f 160 446 162
f 160 445 446
f 162 447 164
f 162 446 447
f 164 448 166
f 164 447 448
f 166 449 168
f 166 448 449
f 168 450 170
f 168 449 450
f 170 451 172
f 170 450 451
f 172 452 174
f 172 451 452
f 174 453 176
f 174 452 453
f 176 454 178
f 176 453 454
f 178 455 180
f 178 454 455
f 180 456 182
f 180 455 456
f 182 457 184
f 182 456 457
f 184 458 186
f 184 457 458
f 186 459 188
f 186 458 459
f 188 460 190
f 188 459 460
f 190 461 192
f 190 460 461
f 192 462 194
f 192 461 462
f 194 463 196
f 194 462 463
f 196 464 198
f 196 463 464
f 198 465 200
f 198 464 465
f 200 466 202
f 200 465 466
f 202 467 204
f 202 466 467
f 204 468 206
f 204 467 468
f 206 469 208
f 206 468 469
f 208 470 210
f 208 469 470
f 210 471 212
f 210 470 471
f 212 472 214
f 212 471 472
f 214 473 216
f 214 472 473
f 216 474 218
f 216 473 474
f 218 475 220
f 218 474 475
f 220 476 222
f 220 475 476
f 222 477 224
f 222 476 477
f 224 478 226
f 224 477 478
f 226 479 228
f 226 478 479
f 228 480 230
f 228 479 480
f 230 481 232
f 230 480 481
f 232 482 234
f 232 481 482
f 234 483 236
f 234 482 483
f 236 484 238
f 236 483 484
f 238 485 240
f 238 484 485
f 240 486 242
f 240 485 486
f 242 487 244
f 242 486 487
f 244 488 246
f 244 487 488
f 246 489 248
f 246 488 489
f 248 490 250
f 248 489 490
f 250 491 252
f 250 490 491
f 252 492 254
f 252 491 492
f 254 493 256
f 254 492 493
f 256 494 258
f 256 493 494
f 258 495 260
f 258 494 495
f 260 496 262
f 260 495 496
f 262 497 264
f 262 496 497
f 264 498 266
f 264 497 498
f 266 499 268
f 266 498 499
f 268 500 270
f 268 499 500
f 270 501 272
f 270 500 501
f 272 502 274
f 272 501 502
f 274 503 276
f 274 502 503
f 276 504 278
f 276 503 504
f 278 505 280
f 278 504 505
f 280 506 282
f 280 505 506
f 282 507 284
f 282 506 507
f 284 508 286
f 284 507 508
f 286 509 288
f 286 508 509
f 288 510 290
f 288 509 510
f 290 511 292
f 290 510 511
f 292 512 294
f 292 511 512
f 294 513 296
f 294 512 513
f 296 514 298
f 296 513 514
f 298 515 300
f 298 514 515
f 300 516 302
f 300 515 516
f 302 517 304
f 302 516 517
f 304 518 306
f 304 517 518
f 306 519 308
f 306 518 519
f 308 520 310
f 308 519 520
f 310 521 312
f 310 520 521
f 312 522 314
f 312 521 522
f 314 523 316
f 314 522 523
f 316 524 318
f 316 523 524
f 318 525 320
f 318 524 525
f 320 526 322
f 320 525 526
f 322 527 324
f 322 526 527
f 324 528 326
f 324 527 528
f 326 529 328
f 326 528 529
f 328 530 330
f 328 529 530
f 330 531 332
f 330 530 531
f 332 532 334
f 332 531 532
f 334 533 336
f 334 532 533
f 336 534 338
f 336 533 534
f 338 535 340
f 338 534 535
f 340 536 342
f 340 535 536
f 342 537 344
f 342 536 537
f 344 538 346
f 344 537 538
f 346 539 348
f 346 538 539
f 348 540 350
f 348 539 540
f 350 541 352
f 350 540 541
f 352 542 354
f 352 541 542
f 354 543 356
f 354 542 543
f 356 544 358
f 356 543 544
f 358 545 360
f 358 544 545
f 360 546 362
f 360 545 546
f 362 547 364
f 362 546 547
f 366 548 365
f 366 549 548
f 365 550 367
f 365 548 550
f 367 551 368
f 367 550 551
f 368 552 369
f 368 551 552
f 369 553 370
f 369 552 553
f 370 554 371
f 370 553 554
f 371 555 372
f 371 554 555
f 372 556 373
f 372 555 556
f 373 557 374
f 373 556 557
f 374 558 375
f 374 557 558
f 375 559 376
f 375 558 559
f 376 560 377
f 376 559 560
f 377 561 378
f 377 560 561
f 378 562 379
f 378 561 562
f 379 563 380
f 379 562 563
f 380 564 381
f 380 563 564
f 381 565 382
f 381 564 565
f 382 566 383
f 382 565 566
f 383 567 384
f 383 566 567
f 384 568 385
f 384 567 568
f 385 569 386
f 385 568 569
f 386 570 387
f 386 569 570
f 387 571 388
f 387 570 571
f 388 572 389
f 388 571 572
f 389 573 390
f 389 572 573
f 390 574 391
f 390 573 574
f 391 575 392
f 391 574 575
f 392 576 393
f 392 575 576
f 393 577 394
f 393 576 577
f 394 578 395
f 394 577 578
f 395 579 396
f 395 578 579
f 396 580 397
f 396 579 580
f 397 581 398
f 397 580 581
f 398 582 399
f 398 581 582
f 399 583 400
f 399 582 583
f 400 584 401
f 400 583 584
f 401 585 402
f 401 584 585
f 402 586 403
f 402 585 586
f 403 587 404
f 403 586 587
f 404 588 405
f 404 587 588
f 405 589 406
f 405 588 589
f 406 590 407
f 406 589 590
f 407 591 408
f 407 590 591
f 408 592 409
f 408 591 592
f 409 593 410
f 409 592 593
f 410 594 411
f 410 593 594
f 411 595 412
f 411 594 595
f 412 596 413
f 412 595 596
f 413 597 414
f 413 596 597
f 414 598 415
f 414 597 598
f 415 599 416
f 415 598 599
f 416 600 417
f 416 599 600
f 417 601 418
f 417 600 601
f 418 602 419
f 418 601 602
f 419 603 420
f 419 602 603
f 420 604 421
f 420 603 604
f 421 605 422
f 421 604 605
f 422 606 423
f 422 605 606
f 423 607 424
f 423 606 607
f 424 608 425
f 424 607 608
f 425 609 426
f 425 608 609
f 427 426 610
f 426 611 610
f 426 609 611
f 613 612 611
f 611 612 610
f 612 613 431
f 613 430 431
f 613 614 430
f 430 615 432
f 430 614 615
f 432 616 433
f 432 615 616
f 433 617 434
f 433 616 617
f 434 618 435
f 434 617 618
f 435 619 436
f 435 618 619
f 436 620 437
f 436 619 620
f 437 621 438
f 437 620 621
f 438 622 439
f 438 621 622
f 439 623 440
f 439 622 623
f 440 624 441
f 440 623 624
f 441 625 442
f 441 624 625
f 442 626 443
f 442 625 626
f 443 627 444
f 443 626 627
f 444 628 445
f 444 627 628
f 445 629 446
f 445 628 629
f 446 630 447
f 446 629 630
f 447 631 448
f 447 630 631
f 448 632 449
f 448 631 632
f 449 633 450
f 449 632 633
f 450 634 451
f 450 633 634
f 451 635 452
f 451 634 635
f 452 636 453
f 452 635 636
f 453 637 454
f 453 636 637
f 454 638 455
f 454 637 638
f 455 639 456
f 455 638 639
f 456 640 457
f 456 639 640
f 457 641 458
f 457 640 641
f 458 642 459
f 458 641 642
f 459 643 460
f 459 642 643
f 460 644 461
f 460 643 644
f 461 645 462
f 461 644 645
f 462 646 463
f 462 645 646
f 463 647 464
f 463 646 647
f 464 648 465
f 464 647 648
f 465 649 466
f 465 648 649
f 466 650 467
f 466 649 650
f 467 651 468
f 467 650 651
f 468 652 469
f 468 651 652
f 469 653 470
f 469 652 653
f 470 654 471
f 470 653 654
f 471 655 472
f 471 654 655
f 472 656 473
f 472 655 656
f 473 657 474
f 473 656 657
f 474 658 475
f 474 657 658
f 475 659 476
f 475 658 659
f 476 660 477
f 476 659 660
f 477 661 478
f 477 660 661
f 478 662 479
f 478 661 662
f 479 663 480
f 479 662 663
f 480 664 481
f 480 663 664
f 481 665 482
f 481 664 665
f 482 666 483
f 482 665 666
f 483 667 484
f 483 666 667
f 484 668 485
f 484 667 668
f 485 669 486
f 485 668 669
f 486 670 487
f 486 669 670
f 487 671 488
f 487 670 671
f 488 672 489
f 488 671 672
f 489 673 490
f 489 672 673
f 490 674 491
f 490 673 674
f 491 675 492
f 491 674 675
f 492 676 493
f 492 675 676
f 493 677 494
f 493 676 677
f 494 678 495
f 494 677 678
f 495 679 496
f 495 678 679
f 496 680 497
f 496 679 680
f 497 681 498
f 497 680 681
f 498 682 499
f 498 681 682
f 499 683 500
f 499 682 683
f 500 684 501
f 500 683 684
f 501 685 502
f 501 684 685
f 502 686 503
f 502 685 686
f 503 687 504
f 503 686 687
f 504 688 505
f 504 687 688
f 505 689 506
f 505 688 689
f 506 690 507
f 506 689 690
f 507 691 508
f 507 690 691
f 508 692 509
f 508 691 692
f 509 693 510
f 509 692 693
f 510 694 511
f 510 693 694
f 511 695 512
f 511 694 695
f 512 696 513
f 512 695 696
f 513 697 514
f 513 696 697
f 514 698 515
f 514 697 698
f 515 699 516
f 515 698 699
f 516 700 517
f 516 699 700
f 517 701 518
f 517 700 701
f 518 702 519
f 518 701 702
f 519 703 520
f 519 702 703
f 520 704 521
f 520 703 704
f 521 705 522
f 521 704 705
f 522 706 523
f 522 705 706
f 523 707 524
f 523 706 707
f 524 708 525
f 524 707 708
f 525 709 526
f 525 708 709
f 526 710 527
f 526 709 710
f 527 711 528
f 527 710 711
f 528 712 529
f 528 711 712
f 529 713 530
f 529 712 713
f 530 714 531
f 530 713 714
f 531 715 532
f 531 714 715
f 532 716 533
f 532 715 716
f 533 717 534
f 533 716 717
f 534 718 535
f 534 717 718
f 535 719 536
f 535 718 719
f 536 720 537
f 536 719 720
f 537 721 538
f 537 720 721
f 538 722 539
f 538 721 722
f 539 723 540
f 539 722 723
f 540 724 541
f 540 723 724
f 541 725 542
f 541 724 725
f 542 726 543
f 542 725 726
f 543 727 544
f 543 726 727
f 544 728 545
f 544 727 728
f 545 729 546
f 545 728 729
f 546 730 547
f 546 729 730
f 549 731 548
f 549 732 731
f 548 733 550
f 548 731 733
f 550 734 551
f 550 733 734
f 551 735 552
f 551 734 735
f 552 736 553
f 552 735 736
f 553 737 554
f 553 736 737
f 554 738 555
f 554 737 738
f 555 739 556
f 555 738 739
f 556 740 557
f 556 739 740
f 557 741 558
f 557 740 741
f 558 742 559
f 558 741 742
f 559 743 560
f 559 742 743
f 560 744 561
f 560 743 744
f 561 745 562
f 561 744 745
f 562 746 563
f 562 745 746
f 563 747 564
f 563 746 747
f 564 748 565
f 564 747 748
f 565 749 566
f 565 748 749
f 566 750 567
f 566 749 750
f 567 751 568
f 567 750 751
f 568 752 569
f 568 751 752
f 569 753 570
f 569 752 753
f 570 754 571
f 570 753 754
f 571 755 572
f 571 754 755
f 572 756 573
f 572 755 756
f 573 757 574
f 573 756 757
f 574 758 575
f 574 757 758
f 575 759 576
f 575 758 759
f 576 760 577
f 576 759 760
f 577 761 578
f 577 760 761
f 578 762 579
f 578 761 762
f 579 763 580
f 579 762 763
f 580 764 581
f 580 763 764
f 581 765 582
f 581 764 765
f 582 766 583
f 582 765 766
f 583 767 584
f 583 766 767
f 584 768 585
f 584 767 768
f 585 769 586
f 585 768 769
f 586 770 587
f 586 769 770
f 587 771 588
f 587 770 771
f 588 772 589
f 588 771 772
f 589 773 590
f 589 772 773
f 590 774 591
f 590 773 774
f 591 775 592
f 591 774 775
f 592 776 593
f 592 775 776
f 593 777 594
f 593 776 777
f 594 778 595
f 594 777 778
f 595 779 596
f 595 778 779
f 596 780 597
f 596 779 780
f 597 781 598
f 597 780 781
f 598 782 599
f 598 781 782
f 599 783 600
f 599 782 783
f 600 784 601
f 600 783 784
f 601 785 602
f 601 784 785
f 602 786 603
f 602 785 786
f 603 787 604
f 603 786 787
f 604 788 605
f 604 787 788
f 605 789 606
f 605 788 789
f 606 790 607
f 606 789 790
f 607 791 608
f 607 790 791
f 608 792 609
f 608 791 792
f 609 793 611
f 609 792 793
f 611 794 613
f 611 793 794
f 613 795 614
f 613 794 795
f 614 796 615
f 614 795 796
f 615 797 616
f 615 796 797
f 616 798 617
f 616 797 798
f 617 799 618
f 617 798 799
f 618 800 619
f 618 799 800
f 619 801 620
f 619 800 801
f 620 802 621
f 620 801 802
f 621 803 622
f 621 802 803
f 622 804 623
f 622 803 804
f 623 805 624
f 623 804 805
f 624 806 625
f 624 805 806
f 625 807 626
f 625 806 807
f 626 808 627
f 626 807 808
f 627 809 628
f 627 808 809
f 628 810 629
f 628 809 810
f 629 811 630
f 629 810 811
f 630 812 631
f 630 811 812
f 631 813 632
f 631 812 813
f 632 814 633
f 632 813 814
f 633 815 634
f 633 814 815
f 634 816 635
f 634 815 816
f 635 817 636
f 635 816 817
f 636 818 637
f 636 817 818
f 637 819 638
f 637 818 819
f 638 820 639
f 638 819 820
f 639 821 640
f 639 820 821
f 640 822 641
f 640 821 822
f 641 823 642
f 641 822 823
f 642 824 643
f 642 823 824
f 643 825 644
f 643 824 825
f 644 826 645
f 644 825 826
f 645 827 646
f 645 826 827
f 646 828 647
f 646 827 828
f 647 829 648
f 647 828 829
f 648 830 649
f 648 829 830
f 649 831 650
f 649 830 831
f 650 832 651
f 650 831 832
f 651 833 652
f 651 832 833
f 652 834 653
f 652 833 834
f 653 835 654
f 653 834 835
f 654 836 655
f 654 835 836
f 655 837 656
f 655 836 837
f 656 838 657
f 656 837 838
f 657 839 658
f 657 838 839
f 658 840 659
f 658 839 840
f 659 841 660
f 659 840 841
f 660 842 661
f 660 841 842
f 661 843 662
f 661 842 843
f 662 844 663
f 662 843 844
f 663 845 664
f 663 844 845
f 664 846 665
f 664 845 846
f 665 847 666
f 665 846 847
f 666 848 667
f 666 847 848
f 667 849 668
f 667 848 849
f 668 850 669
f 668 849 850
f 669 851 670
f 669 850 851
f 670 852 671
f 670 851 852
f 671 853 672
f 671 852 853
f 672 854 673
f 672 853 854
f 673 855 674
f 673 854 855
f 674 856 675
f 674 855 856
f 675 857 676
f 675 856 857
f 676 858 677
f 676 857 858
f 677 859 678
f 677 858 859
f 678 860 679
f 678 859 860
f 679 861 680
f 679 860 861
f 680 862 681
f 680 861 862
f 681 863 682
f 681 862 863
f 682 864 683
f 682 863 864
f 683 865 684
f 683 864 865
f 684 866 685
f 684 865 866
f 685 867 686
f 685 866 867
f 686 868 687
f 686 867 868
f 687 869 688
f 687 868 869
f 688 870 689
f 688 869 870
f 689 871 690
f 689 870 871
f 690 872 691
f 690 871 872
f 691 873 692
f 691 872 873
f 692 874 693
f 692 873 874
f 693 875 694
f 693 874 875
f 694 876 695
f 694 875 876
f 695 877 696
f 695 876 877
f 696 878 697
f 696 877 878
f 697 879 698
f 697 878 879
f 698 880 699
f 698 879 880
f 699 881 700
f 699 880 881
f 700 882 701
f 700 881 882
f 701 883 702
f 701 882 883
f 702 884 703
f 702 883 884
f 703 885 704
f 703 884 885
f 704 886 705
f 704 885 886
f 705 887 706
f 705 886 887
f 706 888 707
f 706 887 888
f 707 889 708
f 707 888 889
f 708 890 709
f 708 889 890
f 709 891 710
f 709 890 891
f 710 892 711
f 710 891 892
f 711 893 712
f 711 892 893
f 712 894 713
f 712 893 894
f 713 895 714
f 713 894 895
f 714 896 715
f 714 895 896
f 715 897 716
f 715 896 897
f 716 898 717
f 716 897 898
f 717 899 718
f 717 898 899
f 718 900 719
f 718 899 900
f 719 901 720
f 719 900 901
f 720 902 721
f 720 901 902
f 721 903 722
f 721 902 903
f 722 904 723
f 722 903 904
f 723 905 724
f 723 904 905
f 724 906 725
f 724 905 906
f 725 907 726
f 725 906 907
f 726 908 727
f 726 907 908
f 727 909 728
f 727 908 909
f 728 910 729
f 728 909 910
f 729 911 730
f 729 910 911
f 732 912 731
f 732 913 912
f 731 914 733
f 731 912 914
f 733 915 734
f 733 914 915
f 734 916 735
f 734 915 916
f 735 917 736
f 735 916 917
f 736 918 737
f 736 917 918
f 737 919 738
f 737 918 919
f 738 920 739
f 738 919 920
f 739 921 740
f 739 920 921
f 740 922 741
f 740 921 922
f 741 923 742
f 741 922 923
f 742 924 743
f 742 923 924
f 743 925 744
f 743 924 925
f 744 926 745
f 744 925 926
f 745 927 746
f 745 926 927
f 746 928 747
f 746 927 928
f 747 929 748
f 747 928 929
f 748 930 749
f 748 929 930
f 749 931 750
f 749 930 931
f 750 932 751
f 750 931 932
f 751 933 752
f 751 932 933
f 752 934 753
f 752 933 934
f 753 935 754
f 753 934 935
f 754 936 755
f 754 935 936
f 755 937 756
f 755 936 937
f 756 938 757
f 756 937 938
f 757 939 758
f 757 938 939
f 758 940 759
f 758 939 940
f 759 941 760
f 759 940 941
f 760 942 761
f 760 941 942
f 761 943 762
f 761 942 943
f 762 944 763
f 762 943 944
f 763 945 764
f 763 944 945
f 764 946 765
f 764 945 946
f 765 947 766
f 765 946 947
f 766 948 767
f 766 947 948
f 767 949 768
f 767 948 949
f 768 950 769
f 768 949 950
f 769 951 770
f 769 950 951
f 770 952 771
f 770 951 952
f 771 953 772
f 771 952 953
f 772 954 773
f 772 953 954
f 773 955 774
f 773 954 955
f 774 956 775
f 774 955 956
f 775 957 776
f 775 956 957
f 776 958 777
f 776 957 958
f 777 959 778
f 777 958 959
f 778 960 779
f 778 959 960
f 779 961 780
f 779 960 961
f 780 962 781
f 780 961 962
f 781 963 782
f 781 962 963
f 782 964 783
f 782 963 964
f 783 965 784
f 783 964 965
f 784 966 785
f 784 965 966
f 785 967 786
f 785 966 967
f 786 968 787
f 786 967 968
f 787 969 788
f 787 968 969
f 788 970 789
f 788 969 970
f 789 971 790
f 789 970 971
f 790 972 791
f 790 971 972
f 791 973 792
f 791 972 973
f 975 793 974
f 793 973 974
f 793 792 973
f 793 975 794
f 794 975 976
f 978 977 976
f 977 794 976
f 977 795 794
f 795 979 796
f 795 977 979
f 796 980 797
f 796 979 980
f 797 981 798
f 797 980 981
f 798 982 799
f 798 981 982
f 799 983 800
f 799 982 983
f 800 984 801
f 800 983 984
f 801 985 802
f 801 984 985
f 802 986 803
f 802 985 986
f 803 987 804
f 803 986 987
f 804 988 805
f 804 987 988
f 805 989 806
f 805 988 989
f 806 990 807
f 806 989 990
f 807 991 808
f 807 990 991
f 808 992 809
f 808 991 992
f 809 993 810
f 809 992 993
f 810 994 811
f 810 993 994
f 811 995 812
f 811 994 995
f 812 996 813
f 812 995 996
f 813 997 814
f 813 996 997
f 814 998 815
f 814 997 998
f 815 999 816
f 815 998 999
f 816 1000 817
f 816 999 1000
f 817 1001 818
f 817 1000 1001
f 818 1002 819
f 818 1001 1002
f 819 1003 820
f 819 1002 1003
f 820 1004 821
f 820 1003 1004
f 821 1005 822
f 821 1004 1005
f 822 1006 823
f 822 1005 1006
f 823 1007 824
f 823 1006 1007
f 824 1008 825
f 824 1007 1008
f 825 1009 826
f 825 1008 1009
f 826 1010 827
f 826 1009 1010
f 827 1011 828
f 827 1010 1011
f 828 1012 829
f 828 1011 1012
f 829 1013 830
f 829 1012 1013
f 830 1014 831
f 830 1013 1014
f 831 1015 832
f 831 1014 1015
f 832 1016 833
f 832 1015 1016
f 833 1017 834
f 833 1016 1017
f 834 1018 835
f 834 1017 1018
f 835 1019 836
f 835 1018 1019
f 836 1020 837
f 836 1019 1020
f 837 1021 838
f 837 1020 1021
f 838 1022 839
f 838 1021 1022
f 839 1023 840
f 839 1022 1023
f 840 1024 841
f 840 1023 1024
f 841 1025 842
f 841 1024 1025
f 842 1026 843
f 842 1025 1026
f 843 1027 844
f 843 1026 1027
f 844 1028 845
f 844 1027 1028
f 845 1029 846
f 845 1028 1029
f 846 1030 847
f 846 1029 1030
f 847 1031 848
f 847 1030 1031
f 848 1032 849
f 848 1031 1032
f 849 1033 850
f 849 1032 1033
f 850 1034 851
f 850 1033 1034
f 851 1035 852
f 851 1034 1035
f 852 1036 853
f 852 1035 1036
f 853 1037 854
f 853 1036 1037
f 854 1038 855
f 854 1037 1038
f 855 1039 856
f 855 1038 1039
f 856 1040 857
f 856 1039 1040
f 857 1041 858
f 857 1040 1041
f 858 1042 859
f 858 1041 1042
f 859 1043 860
f 859 1042 1043
f 860 1044 861
f 860 1043 1044
f 861 1045 862
f 861 1044 1045
f 862 1046 863
f 862 1045 1046
f 863 1047 864
f 863 1046 1047
f 864 1048 865
f 864 1047 1048
f 865 1049 866
f 865 1048 1049
f 866 1050 867
f 866 1049 1050
f 867 1051 868
f 867 1050 1051
f 868 1052 869
f 868 1051 1052
f 869 1053 870
f 869 1052 1053
f 870 1054 871
f 870 1053 1054
f 871 1055 872
f 871 1054 1055
f 872 1056 873
f 872 1055 1056
f 873 1057 874
f 873 1056 1057
f 874 1058 875
f 874 1057 1058
f 875 1059 876
f 875 1058 1059
f 876 1060 877
f 876 1059 1060
f 877 1061 878
f 877 1060 1061
f 878 1062 879
f 878 1061 1062
f 879 1063 880
f 879 1062 1063
f 880 1064 881
f 880 1063 1064
f 881 1065 882
f 881 1064 1065
f 882 1066 883
f 882 1065 1066
f 883 1067 884
f 883 1066 1067
f 884 1068 885
f 884 1067 1068
f 885 1069 886
f 885 1068 1069
f 886 1070 887
f 886 1069 1070
f 887 1071 888
f 887 1070 1071
f 888 1072 889
f 888 1071 1072
f 889 1073 890
f 889 1072 1073
f 890 1074 891
f 890 1073 1074
f 891 1075 892
f 891 1074 1075
f 892 1076 893
f 892 1075 1076
f 893 1077 894
f 893 1076 1077
f 894 1078 895
f 894 1077 1078
f 895 1079 896
f 895 1078 1079
f 896 1080 897
f 896 1079 1080
f 897 1081 898
f 897 1080 1081
f 898 1082 899
f 898 1081 1082
f 899 1083 900
f 899 1082 1083
f 900 1084 901
f 900 1083 1084
f 901 1085 902
f 901 1084 1085
f 902 1086 903
f 902 1085 1086
f 903 1087 904
f 903 1086 1087
f 904 1088 905
f 904 1087 1088
f 905 1089 906
f 905 1088 1089
f 906 1090 907
f 906 1089 1090
f 907 1091 908
f 907 1090 1091
f 908 1092 909
f 908 1091 1092
f 909 1093 910
f 909 1092 1093
f 910 1094 911
f 910 1093 1094
f 1097 1096 1095
f 1096 913 1095
f 1096 912 913
f 912 1098 914
f 912 1096 1098
f 914 1099 915
f 914 1098 1099
f 915 1100 916
f 915 1099 1100
f 916 1101 917
f 916 1100 1101
f 1103 918 1102
f 918 1101 1102
f 918 917 1101
f 918 1103 919
f 919 1103 1104
f 919 1104 920
f 920 1104 1105
f 920 1105 921
f 921 1105 1106
f 921 1106 922
f 922 1106 1107
f 1109 1108 1107
f 1108 922 1107
f 1108 923 922
f 923 1110 924
f 923 1108 1110
f 1112 925 1111
f 925 1110 1111
f 925 924 1110
f 925 1112 926
f 926 1112 1113
f 926 1113 927
f 927 1113 1114
f 927 1114 928
f 928 1114 1115
f 928 1115 929
f 929 1115 1116
f 929 1116 930
f 930 1116 1117
f 930 1117 931
f 931 1117 1118
f 931 1118 932
f 932 1118 1119
f 932 1119 933
f 933 1119 1120
f 933 1120 934
f 934 1120 1121
f 934 1121 935
f 935 1121 1122
f 935 1122 936
f 936 1122 1123
f 936 1123 937
f 937 1123 1124
f 937 1124 938
f 938 1124 1125
f 938 1125 939
f 939 1125 1126
f 939 1126 940
f 940 1126 1127
f 940 1127 941
f 941 1127 1128
f 941 1128 942
f 942 1128 1129
f 942 1129 943
f 943 1129 1130
f 943 1130 944
f 944 1130 1131
f 944 1131 945
f 945 1131 1132
f 945 1132 946
f 946 1132 1133
f 946 1133 947
f 947 1133 1134
f 947 1134 948
f 948 1134 1135
f 948 1135 949
f 949 1135 1136
f 949 1136 950
f 950 1136 1137
f 950 1137 951
f 951 1137 1138
f 951 1138 952
f 952 1138 1139
f 952 1139 953
f 953 1139 1140
f 1142 1141 1140
f 1141 953 1140
f 1141 954 953
f 1144 955 1143
f 955 1141 1143
f 955 954 1141
f 955 1144 956
f 956 1144 1145
f 956 1145 957
f 957 1145 1146
f 957 1146 958
f 958 1146 1147
f 958 1147 959
f 959 1147 1148
f 959 1148 960
f 960 1148 1149
f 960 1149 961
f 961 1149 1150
f 961 1150 962
f 962 1150 1151
f 962 1151 963
f 963 1151 1152
f 963 1152 964
f 964 1152 1153
f 964 1153 965
f 965 1153 1154
f 965 1154 966
f 966 1154 1155
f 966 1155 967
f 967 1155 1156
f 967 1156 968
f 968 1156 1157
f 968 1157 969
f 969 1157 1158
f 969 1158 970
f 970 1158 1159
f 970 1159 971
f 971 1159 1160
f 971 1160 972
f 972 1160 1161
f 972 1161 973
f 973 1161 1162
f 973 1162 974
f 978 1163 977
f 977 1163 979
f 979 1163 1164
f 979 1164 980
f 980 1164 1165
f 980 1165 981
f 981 1165 1166
f 981 1166 982
f 982 1166 1167
f 982 1167 983
f 983 1167 1168
f 983 1168 984
f 984 1168 1169
f 984 1169 985
f 985 1169 1170
f 985 1170 986
f 986 1170 1171
f 986 1171 987
f 987 1171 1172
f 987 1172 988
f 988 1172 1173
f 988 1173 989
f 989 1173 1174
f 1176 1175 1174
f 1175 989 1174
f 1175 990 989
f 990 1177 991
f 990 1175 1177
f 991 1178 992
f 991 1177 1178
f 992 1179 993
f 992 1178 1179
f 993 1180 994
f 993 1179 1180
f 994 1181 995
f 994 1180 1181
f 995 1182 996
f 995 1181 1182
f 1184 997 1183
f 997 1182 1183
f 997 996 1182
f 1186 1185 1184
f 1185 997 1184
f 1185 998 997
f 998 1187 999
f 998 1185 1187
f 999 1188 1000
f 999 1187 1188
f 1000 1189 1001
f 1000 1188 1189
f 1001 1190 1002
f 1001 1189 1190
f 1002 1191 1003
f 1002 1190 1191
f 1003 1192 1004
f 1003 1191 1192
f 1004 1193 1005
f 1004 1192 1193
f 1005 1194 1006
f 1005 1193 1194
f 1196 1007 1195
f 1007 1194 1195
f 1007 1006 1194
f 1198 1197 1196
f 1197 1007 1196
f 1197 1008 1007
f 1008 1199 1009
f 1008 1197 1199
f 1009 1200 1010
f 1009 1199 1200
f 1010 1201 1011
f 1010 1200 1201
f 1011 1202 1012
f 1011 1201 1202
f 1012 1203 1013
f 1012 1202 1203
f 1013 1204 1014
f 1013 1203 1204
f 1014 1205 1015
f 1014 1204 1205
f 1015 1206 1016
f 1015 1205 1206
f 1016 1207 1017
f 1016 1206 1207
f 1017 1208 1018
f 1017 1207 1208
f 1018 1209 1019
f 1018 1208 1209
f 1211 1020 1210
f 1020 1209 1210
f 1020 1019 1209
f 1020 1211 1021
f 1021 1211 1212
f 1021 1212 1022
f 1022 1212 1213
f 1022 1213 1023
f 1023 1213 1214
f 1216 1215 1214
f 1215 1023 1214
f 1215 1024 1023
f 1024 1217 1025
f 1024 1215 1217
f 1025 1218 1026
f 1025 1217 1218
f 1026 1219 1027
f 1026 1218 1219
f 1027 1220 1028
f 1027 1219 1220
f 1028 1221 1029
f 1028 1220 1221
f 1223 1030 1222
f 1030 1221 1222
f 1030 1029 1221
f 1030 1223 1031
f 1031 1223 1224
f 1031 1224 1032
f 1032 1224 1225
f 1032 1225 1033
f 1033 1225 1226
f 1228 1227 1226
f 1227 1033 1226
f 1227 1034 1033
f 1034 1229 1035
f 1034 1227 1229
f 1231 1036 1230
f 1036 1229 1230
f 1036 1035 1229
f 1233 1232 1231
f 1232 1036 1231
f 1232 1037 1036
f 1037 1234 1038
f 1037 1232 1234
f 1038 1235 1039
f 1038 1234 1235
f 1039 1236 1040
f 1039 1235 1236
f 1040 1237 1041
f 1040 1236 1237
f 1041 1238 1042
f 1041 1237 1238
f 1042 1239 1043
f 1042 1238 1239
f 1043 1240 1044
f 1043 1239 1240
f 1044 1241 1045
f 1044 1240 1241
f 1045 1242 1046
f 1045 1241 1242
f 1046 1243 1047
f 1046 1242 1243
f 1047 1244 1048
f 1047 1243 1244
f 1048 1245 1049
f 1048 1244 1245
f 1049 1246 1050
f 1049 1245 1246
f 1050 1247 1051
f 1050 1246 1247
f 1051 1248 1052
f 1051 1247 1248
f 1052 1249 1053
f 1052 1248 1249
f 1053 1250 1054
f 1053 1249 1250
f 1054 1251 1055
f 1054 1250 1251
f 1055 1252 1056
f 1055 1251 1252
f 1056 1253 1057
f 1056 1252 1253
f 1057 1254 1058
f 1057 1253 1254
f 1058 1255 1059
f 1058 1254 1255
f 1059 1256 1060
f 1059 1255 1256
f 1060 1257 1061
f 1060 1256 1257
f 1061 1258 1062
f 1061 1257 1258
f 1062 1259 1063
f 1062 1258 1259
f 1063 1260 1064
f 1063 1259 1260
f 1064 1261 1065
f 1064 1260 1261
f 1065 1262 1066
f 1065 1261 1262
f 1066 1263 1067
f 1066 1262 1263
f 1067 1264 1068
f 1067 1263 1264
f 1068 1265 1069
f 1068 1264 1265
f 1069 1266 1070
f 1069 1265 1266
f 1070 1267 1071
f 1070 1266 1267
f 1071 1268 1072
f 1071 1267 1268
f 1072 1269 1073
f 1072 1268 1269
f 1073 1270 1074
f 1073 1269 1270
f 1074 1271 1075
f 1074 1270 1271
f 1075 1272 1076
f 1075 1271 1272
f 1076 1273 1077
f 1076 1272 1273
f 1077 1274 1078
f 1077 1273 1274
f 1276 1079 1275
f 1079 1274 1275
f 1079 1078 1274
f 1079 1276 1080
f 1080 1276 1277
f 1279 1278 1277
f 1278 1080 1277
f 1278 1081 1080
f 1081 1280 1082
f 1081 1278 1280
f 1082 1281 1083
f 1082 1280 1281
f 1083 1282 1084
f 1083 1281 1282
f 1084 1283 1085
f 1084 1282 1283
f 1085 1284 1086
f 1085 1283 1284
f 1286 1087 1285
f 1087 1284 1285
f 1087 1086 1284
f 1087 1286 1088
f 1088 1286 1287
f 1088 1287 1089
f 1089 1287 1288
f 1089 1288 1090
f 1090 1288 1289
f 1090 1289 1091
f 1091 1289 1290
f 1091 1290 1092
f 1092 1290 1291
f 1092 1291 1093
f 1093 1291 1292
f 1093 1292 1094
f 1094 1292 1293
f 1295 1294 1097
f 1294 1096 1097
f 1294 1296 1096
f 1096 1297 1098
f 1096 1296 1297
f 1098 1298 1099
f 1098 1297 1298
f 1099 1299 1100
f 1099 1298 1299
f 1100 1300 1101
f 1100 1299 1300
f 1102 1101 1301
f 1101 1302 1301
f 1101 1300 1302
f 1304 1303 1302
f 1302 1303 1301
f 1306 1305 1304
f 1304 1305 1303
f 1308 1307 1306
f 1306 1307 1305
f 1310 1309 1308
f 1308 1309 1307
f 1309 1310 1109
f 1310 1108 1109
f 1310 1311 1108
f 1108 1312 1110
f 1108 1311 1312
f 1111 1110 1313
f 1110 1314 1313
f 1110 1312 1314
f 1316 1315 1314
f 1314 1315 1313
f 1318 1317 1316
f 1316 1317 1315
f 1320 1319 1318
f 1318 1319 1317
f 1320 1321 1319
f 1324 1323 1322
f 1326 1325 1322
f 1322 1325 1324
f 1328 1327 1326
f 1326 1327 1325
f 1330 1329 1328
f 1328 1329 1327
f 1332 1331 1330
f 1330 1331 1329
f 1334 1333 1332
f 1332 1333 1331
f 1334 1335 1333
f 1338 1337 1336
f 1340 1339 1336
f 1336 1339 1338
f 1342 1341 1340
f 1340 1341 1339
f 1344 1343 1342
f 1342 1343 1341
f 1346 1345 1344
f 1344 1345 1343
f 1348 1347 1346
f 1346 1347 1345
f 1350 1349 1348
f 1348 1349 1347
f 1352 1351 1350
f 1350 1351 1349
f 1354 1353 1352
f 1352 1353 1351
f 1354 1355 1353
f 1358 1357 1356
f 1358 1356 1142
f 1356 1141 1142
f 1356 1359 1141
f 1143 1141 1360
f 1141 1361 1360
f 1141 1359 1361
f 1361 1362 1360
f 1365 1364 1363
f 1367 1366 1363
f 1363 1366 1365
f 1367 1368 1366
f 1371 1370 1369
f 1373 1372 1369
f 1369 1372 1371
f 1373 1374 1372
f 1377 1376 1375
f 1377 1375 1176
f 1375 1175 1176
f 1375 1378 1175
f 1175 1379 1177
f 1175 1378 1379
f 1177 1380 1178
f 1177 1379 1380
f 1178 1381 1179
f 1178 1380 1381
f 1179 1382 1180
f 1179 1381 1382
f 1180 1383 1181
f 1180 1382 1383
f 1181 1384 1182
f 1181 1383 1384
f 1183 1182 1385
f 1182 1386 1385
f 1182 1384 1386
f 1385 1386 1186
f 1386 1185 1186
f 1386 1387 1185
f 1185 1388 1187
f 1185 1387 1388
f 1187 1389 1188
f 1187 1388 1389
f 1188 1390 1189
f 1188 1389 1390
f 1189 1391 1190
f 1189 1390 1391
f 1190 1392 1191
f 1190 1391 1392
f 1191 1393 1192
f 1191 1392 1393
f 1192 1394 1193
f 1192 1393 1394
f 1193 1395 1194
f 1193 1394 1395
f 1195 1194 1396
f 1194 1397 1396
f 1194 1395 1397
f 1396 1397 1198
f 1397 1197 1198
f 1397 1398 1197
f 1197 1399 1199
f 1197 1398 1399
f 1199 1400 1200
f 1199 1399 1400
f 1200 1401 1201
f 1200 1400 1401
f 1201 1402 1202
f 1201 1401 1402
f 1202 1403 1203
f 1202 1402 1403
f 1203 1404 1204
f 1203 1403 1404
f 1204 1405 1205
f 1204 1404 1405
f 1205 1406 1206
f 1205 1405 1406
f 1206 1407 1207
f 1206 1406 1407
f 1207 1408 1208
f 1207 1407 1408
f 1208 1409 1209
f 1208 1408 1409
f 1210 1209 1410
f 1410 1209 1409
f 1413 1412 1411
f 1413 1411 1216
f 1411 1215 1216
f 1411 1414 1215
f 1215 1415 1217
f 1215 1414 1415
f 1217 1416 1218
f 1217 1415 1416
f 1218 1417 1219
f 1218 1416 1417
f 1219 1418 1220
f 1219 1417 1418
f 1220 1419 1221
f 1220 1418 1419
f 1222 1221 1420
f 1221 1421 1420
f 1221 1419 1421
f 1423 1422 1421
f 1421 1422 1420
f 1425 1424 1423
f 1423 1424 1422
f 1427 1426 1425
f 1425 1426 1424
f 1426 1427 1228
f 1427 1227 1228
f 1427 1428 1227
f 1227 1429 1229
f 1227 1428 1429
f 1230 1229 1430
f 1229 1431 1430
f 1229 1429 1431
f 1430 1431 1233
f 1431 1232 1233
f 1431 1432 1232
f 1232 1433 1234
f 1232 1432 1433
f 1234 1434 1235
f 1234 1433 1434
f 1235 1435 1236
f 1235 1434 1435
f 1236 1436 1237
f 1236 1435 1436
f 1237 1437 1238
f 1237 1436 1437
f 1238 1438 1239
f 1238 1437 1438
f 1239 1439 1240
f 1239 1438 1439
f 1240 1440 1241
f 1240 1439 1440
f 1241 1441 1242
f 1241 1440 1441
f 1242 1442 1243
f 1242 1441 1442
f 1243 1443 1244
f 1243 1442 1443
f 1244 1444 1245
f 1244 1443 1444
f 1245 1445 1246
f 1245 1444 1445
f 1246 1446 1247
f 1246 1445 1446
f 1247 1447 1248
f 1247 1446 1447
f 1248 1448 1249
f 1248 1447 1448
f 1249 1449 1250
f 1249 1448 1449
f 1250 1450 1251
f 1250 1449 1450
f 1251 1451 1252
f 1251 1450 1451
f 1252 1452 1253
f 1252 1451 1452
f 1253 1453 1254
f 1253 1452 1453
f 1254 1454 1255
f 1254 1453 1454
f 1255 1455 1256
f 1255 1454 1455
f 1256 1456 1257
f 1256 1455 1456
f 1257 1457 1258
f 1257 1456 1457
f 1258 1458 1259
f 1258 1457 1458
f 1259 1459 1260
f 1259 1458 1459
f 1260 1460 1261
f 1260 1459 1460
f 1261 1461 1262
f 1261 1460 1461
f 1262 1462 1263
f 1262 1461 1462
f 1263 1463 1264
f 1263 1462 1463
f 1264 1464 1265
f 1264 1463 1464
f 1265 1465 1266
f 1265 1464 1465
f 1266 1466 1267
f 1266 1465 1466
f 1267 1467 1268
f 1267 1466 1467
f 1268 1468 1269
f 1268 1467 1468
f 1269 1469 1270
f 1269 1468 1469
f 1270 1470 1271
f 1270 1469 1470
f 1271 1471 1272
f 1271 1470 1471
f 1272 1472 1273
f 1272 1471 1472
f 1273 1473 1274
f 1273 1472 1473
f 1275 1274 1474
f 1274 1475 1474
f 1274 1473 1475
f 1477 1476 1475
f 1475 1476 1474
f 1476 1477 1279
f 1477 1278 1279
f 1477 1478 1278
f 1278 1479 1280
f 1278 1478 1479
f 1280 1480 1281
f 1280 1479 1480
f 1281 1481 1282
f 1281 1480 1481
f 1282 1482 1283
f 1282 1481 1482
f 1283 1483 1284
f 1283 1482 1483
f 1285 1284 1484
f 1284 1485 1484
f 1284 1483 1485
f 1487 1486 1485
f 1485 1486 1484
f 1489 1488 1487
f 1487 1488 1486
f 1491 1490 1489
f 1489 1490 1488
f 1493 1492 1491
f 1491 1492 1490
f 1495 1494 1493
f 1493 1494 1492
f 1497 1496 1495
f 1495 1496 1494
f 1499 1498 1497
f 1497 1498 1496
f 1294 1500 1296
f 1294 1501 1500
f 1296 1502 1297
f 1296 1500 1502
f 1297 1503 1298
f 1297 1502 1503
f 1298 1504 1299
f 1298 1503 1504
f 1299 1505 1300
f 1299 1504 1505
f 1300 1506 1302
f 1300 1505 1506
f 1302 1507 1304
f 1302 1506 1507
f 1304 1508 1306
f 1304 1507 1508
f 1306 1509 1308
f 1306 1508 1509
f 1308 1510 1310
f 1308 1509 1510
f 1310 1511 1311
f 1310 1510 1511
f 1311 1512 1312
f 1311 1511 1512
f 1312 1513 1314
f 1312 1512 1513
f 1314 1514 1316
f 1314 1513 1514
f 1316 1515 1318
f 1316 1514 1515
f 1318 1516 1320
f 1318 1515 1516
f 1321 1320 1517
f 1320 1518 1517
f 1320 1516 1518
f 1520 1519 1518
f 1518 1519 1517
f 1522 1521 1520
f 1520 1521 1519
f 1521 1522 1323
f 1522 1322 1323
f 1522 1523 1322
f 1322 1524 1326
f 1322 1523 1524
f 1326 1525 1328
f 1326 1524 1525
f 1328 1526 1330
f 1328 1525 1526
f 1330 1527 1332
f 1330 1526 1527
f 1332 1528 1334
f 1332 1527 1528
f 1335 1334 1529
f 1334 1530 1529
f 1334 1528 1530
f 1532 1531 1530
f 1530 1531 1529
f 1534 1533 1532
f 1532 1533 1531
f 1536 1535 1534
f 1534 1535 1533
f 1535 1536 1337
f 1536 1336 1337
f 1536 1537 1336
f 1336 1538 1340
f 1336 1537 1538
f 1340 1539 1342
f 1340 1538 1539
f 1342 1540 1344
f 1342 1539 1540
f 1344 1541 1346
f 1344 1540 1541
f 1346 1542 1348
f 1346 1541 1542
f 1348 1543 1350
f 1348 1542 1543
f 1350 1544 1352
f 1350 1543 1544
f 1352 1545 1354
f 1352 1544 1545
f 1355 1354 1546
f 1354 1547 1546
f 1354 1545 1547
f 1549 1548 1547
f 1547 1548 1546
f 1548 1549 1357
f 1549 1356 1357
f 1549 1550 1356
f 1356 1551 1359
f 1356 1550 1551
f 1359 1552 1361
f 1359 1551 1552
f 1362 1361 1553
f 1361 1554 1553
f 1361 1552 1554
f 1556 1555 1554
f 1554 1555 1553
f 1558 1557 1556
f 1556 1557 1555
f 1560 1559 1558
f 1558 1559 1557
f 1559 1560 1364
f 1560 1363 1364
f 1560 1561 1363
f 1363 1562 1367
f 1363 1561 1562
f 1368 1367 1563
f 1367 1564 1563
f 1367 1562 1564
f 1566 1565 1564
f 1564 1565 1563
f 1568 1567 1566
f 1566 1567 1565
f 1570 1569 1568
f 1568 1569 1567
f 1572 1571 1570
f 1570 1571 1569
f 1574 1573 1572
f 1572 1573 1571
f 1576 1575 1574
f 1574 1575 1573
f 1578 1577 1576
f 1576 1577 1575
f 1580 1579 1578
f 1578 1579 1577
f 1582 1581 1580
f 1580 1581 1579
f 1584 1583 1582
f 1582 1583 1581
f 1586 1585 1584
f 1584 1585 1583
f 1586 1587 1585
f 1590 1589 1588
f 1592 1591 1588
f 1588 1591 1590
f 1594 1593 1592
f 1592 1593 1591
f 1596 1595 1594
f 1594 1595 1593
f 1598 1597 1596
f 1596 1597 1595
f 1600 1599 1598
f 1598 1599 1597
f 1599 1600 1370
f 1600 1369 1370
f 1600 1601 1369
f 1369 1602 1373
f 1369 1601 1602
f 1374 1373 1603
f 1373 1604 1603
f 1373 1602 1604
f 1606 1605 1604
f 1604 1605 1603
f 1608 1607 1606
f 1606 1607 1605
f 1607 1608 1376
f 1608 1375 1376
f 1608 1609 1375
f 1375 1610 1378
f 1375 1609 1610
f 1378 1611 1379
f 1378 1610 1611
f 1379 1612 1380
f 1379 1611 1612
f 1380 1613 1381
f 1380 1612 1613
f 1381 1614 1382
f 1381 1613 1614
f 1382 1615 1383
f 1382 1614 1615
f 1383 1616 1384
f 1383 1615 1616
f 1384 1617 1386
f 1384 1616 1617
f 1386 1618 1387
f 1386 1617 1618
f 1387 1619 1388
f 1387 1618 1619
f 1388 1620 1389
f 1388 1619 1620
f 1389 1621 1390
f 1389 1620 1621
f 1390 1622 1391
f 1390 1621 1622
f 1391 1623 1392
f 1391 1622 1623
f 1392 1624 1393
f 1392 1623 1624
f 1393 1625 1394
f 1393 1624 1625
f 1394 1626 1395
f 1394 1625 1626
f 1395 1627 1397
f 1395 1626 1627
f 1397 1628 1398
f 1397 1627 1628
f 1398 1629 1399
f 1398 1628 1629
f 1399 1630 1400
f 1399 1629 1630
f 1400 1631 1401
f 1400 1630 1631
f 1401 1632 1402
f 1401 1631 1632
f 1402 1633 1403
f 1402 1632 1633
f 1403 1634 1404
f 1403 1633 1634
f 1404 1635 1405
f 1404 1634 1635
f 1405 1636 1406
f 1405 1635 1636
f 1406 1637 1407
f 1406 1636 1637
f 1407 1638 1408
f 1407 1637 1638
f 1408 1639 1409
f 1408 1638 1639
f 1410 1409 1640
f 1409 1641 1640
f 1409 1639 1641
f 1643 1642 1641
f 1641 1642 1640
f 1645 1644 1643
f 1643 1644 1642
f 1644 1645 1412
f 1645 1411 1412
f 1645 1646 1411
f 1411 1647 1414
f 1411 1646 1647
f 1414 1648 1415
f 1414 1647 1648
f 1415 1649 1416
f 1415 1648 1649
f 1416 1650 1417
f 1416 1649 1650
f 1417 1651 1418
f 1417 1650 1651
f 1418 1652 1419
f 1418 1651 1652
f 1419 1653 1421
f 1419 1652 1653
f 1421 1654 1423
f 1421 1653 1654
f 1423 1655 1425
f 1423 1654 1655
f 1425 1656 1427
f 1425 1655 1656
f 1427 1657 1428
f 1427 1656 1657
f 1428 1658 1429
f 1428 1657 1658
f 1429 1659 1431
f 1429 1658 1659
f 1431 1660 1432
f 1431 1659 1660
f 1432 1661 1433
f 1432 1660 1661
f 1433 1662 1434
f 1433 1661 1662
f 1434 1663 1435
f 1434 1662 1663
f 1435 1664 1436
f 1435 1663 1664
f 1436 1665 1437
f 1436 1664 1665
f 1437 1666 1438
f 1437 1665 1666
f 1438 1667 1439
f 1438 1666 1667
f 1439 1668 1440
f 1439 1667 1668
f 1440 1669 1441
f 1440 1668 1669
f 1441 1670 1442
f 1441 1669 1670
f 1442 1671 1443
f 1442 1670 1671
f 1443 1672 1444
f 1443 1671 1672
f 1444 1673 1445
f 1444 1672 1673
f 1445 1674 1446
f 1445 1673 1674
f 1446 1675 1447
f 1446 1674 1675
f 1447 1676 1448
f 1447 1675 1676
f 1448 1677 1449
f 1448 1676 1677
f 1449 1678 1450
f 1449 1677 1678
f 1450 1679 1451
f 1450 1678 1679
f 1451 1680 1452
f 1451 1679 1680
f 1452 1681 1453
f 1452 1680 1681
f 1453 1682 1454
f 1453 1681 1682
f 1454 1683 1455
f 1454 1682 1683
f 1455 1684 1456
f 1455 1683 1684
f 1456 1685 1457
f 1456 1684 1685
f 1457 1686 1458
f 1457 1685 1686
f 1458 1687 1459
f 1458 1686 1687
f 1459 1688 1460
f 1459 1687 1688
f 1460 1689 1461
f 1460 1688 1689
f 1461 1690 1462
f 1461 1689 1690
f 1462 1691 1463
f 1462 1690 1691
f 1463 1692 1464
f 1463 1691 1692
f 1464 1693 1465
f 1464 1692 1693
f 1465 1694 1466
f 1465 1693 1694
f 1466 1695 1467
f 1466 1694 1695
f 1467 1696 1468
f 1467 1695 1696
f 1468 1697 1469
f 1468 1696 1697
f 1469 1698 1470
f 1469 1697 1698
f 1470 1699 1471
f 1470 1698 1699
f 1471 1700 1472
f 1471 1699 1700
f 1472 1701 1473
f 1472 1700 1701
f 1473 1702 1475
f 1473 1701 1702
f 1475 1703 1477
f 1475 1702 1703
f 1477 1704 1478
f 1477 1703 1704
f 1478 1705 1479
f 1478 1704 1705
f 1479 1706 1480
f 1479 1705 1706
f 1480 1707 1481
f 1480 1706 1707
f 1481 1708 1482
f 1481 1707 1708
f 1482 1709 1483
f 1482 1708 1709
f 1483 1710 1485
f 1483 1709 1710
f 1485 1711 1487
f 1485 1710 1711
f 1487 1712 1489
f 1487 1711 1712
f 1489 1713 1491
f 1489 1712 1713
f 1491 1714 1493
f 1491 1713 1714
f 1493 1715 1495
f 1493 1714 1715
f 1495 1716 1497
f 1495 1715 1716
f 1497 1717 1499
f 1497 1716 1717
f 1501 1718 1500
f 1501 1719 1718
f 1500 1720 1502
f 1500 1718 1720
f 1502 1721 1503
f 1502 1720 1721
f 1503 1722 1504
f 1503 1721 1722
f 1504 1723 1505
f 1504 1722 1723
f 1505 1724 1506
f 1505 1723 1724
f 1506 1725 1507
f 1506 1724 1725
f 1507 1726 1508
f 1507 1725 1726
f 1508 1727 1509
f 1508 1726 1727
f 1509 1728 1510
f 1509 1727 1728
f 1510 1729 1511
f 1510 1728 1729
f 1511 1730 1512
f 1511 1729 1730
f 1512 1731 1513
f 1512 1730 1731
f 1513 1732 1514
f 1513 1731 1732
f 1514 1733 1515
f 1514 1732 1733
f 1515 1734 1516
f 1515 1733 1734
f 1516 1735 1518
f 1516 1734 1735
f 1518 1736 1520
f 1518 1735 1736
f 1520 1737 1522
f 1520 1736 1737
f 1522 1738 1523
f 1522 1737 1738
f 1523 1739 1524
f 1523 1738 1739
f 1524 1740 1525
f 1524 1739 1740
f 1525 1741 1526
f 1525 1740 1741
f 1526 1742 1527
f 1526 1741 1742
f 1527 1743 1528
f 1527 1742 1743
f 1528 1744 1530
f 1528 1743 1744
f 1530 1745 1532
f 1530 1744 1745
f 1532 1746 1534
f 1532 1745 1746
f 1534 1747 1536
f 1534 1746 1747
f 1536 1748 1537
f 1536 1747 1748
f 1537 1749 1538
f 1537 1748 1749
f 1538 1750 1539
f 1538 1749 1750
f 1539 1751 1540
f 1539 1750 1751
f 1540 1752 1541
f 1540 1751 1752
f 1541 1753 1542
f 1541 1752 1753
f 1542 1754 1543
f 1542 1753 1754
f 1543 1755 1544
f 1543 1754 1755
f 1757 1545 1756
f 1545 1755 1756
f 1545 1544 1755
f 1545 1757 1547
f 1547 1757 1758
f 1547 1758 1549
f 1549 1758 1759
f 1761 1760 1759
f 1760 1549 1759
f 1760 1550 1549
f 1550 1762 1551
f 1550 1760 1762
f 1551 1763 1552
f 1551 1762 1763
f 1552 1764 1554
f 1552 1763 1764
f 1766 1556 1765
f 1556 1764 1765
f 1556 1554 1764
f 1768 1767 1766
f 1767 1556 1766
f 1767 1558 1556
f 1558 1769 1560
f 1558 1767 1769
f 1560 1770 1561
f 1560 1769 1770
f 1561 1771 1562
f 1561 1770 1771
f 1773 1564 1772
f 1564 1771 1772
f 1564 1562 1771
f 1564 1773 1566
f 1566 1773 1774
f 1566 1774 1568
f 1568 1774 1775
f 1568 1775 1570
f 1570 1775 1776
f 1570 1776 1572
f 1572 1776 1777
f 1572 1777 1574
f 1574 1777 1778
f 1574 1778 1576
f 1576 1778 1779
f 1576 1779 1578
f 1578 1779 1780
f 1578 1780 1580
f 1580 1780 1781
f 1580 1781 1582
f 1582 1781 1782
f 1582 1782 1584
f 1584 1782 1783
f 1584 1783 1586
f 1586 1783 1784
f 1586 1784 1587
f 1589 1785 1588
f 1787 1786 1785
f 1786 1588 1785
f 1786 1592 1588
f 1789 1594 1788
f 1594 1786 1788
f 1594 1592 1786
f 1594 1789 1596
f 1596 1789 1790
f 1596 1790 1598
f 1598 1790 1791
f 1598 1791 1600
f 1600 1791 1792
f 1794 1793 1792
f 1793 1600 1792
f 1793 1601 1600
f 1601 1795 1602
f 1601 1793 1795
f 1602 1796 1604
f 1602 1795 1796
f 1604 1797 1606
f 1604 1796 1797
f 1606 1798 1608
f 1606 1797 1798
f 1608 1799 1609
f 1608 1798 1799
f 1609 1800 1610
f 1609 1799 1800
f 1610 1801 1611
f 1610 1800 1801
f 1611 1802 1612
f 1611 1801 1802
f 1612 1803 1613
f 1612 1802 1803
f 1613 1804 1614
f 1613 1803 1804
f 1614 1805 1615
f 1614 1804 1805
f 1615 1806 1616
f 1615 1805 1806
f 1616 1807 1617
f 1616 1806 1807
f 1617 1808 1618
f 1617 1807 1808
f 1618 1809 1619
f 1618 1808 1809
f 1619 1810 1620
f 1619 1809 1810
f 1620 1811 1621
f 1620 1810 1811
f 1621 1812 1622
f 1621 1811 1812
f 1622 1813 1623
f 1622 1812 1813
f 1623 1814 1624
f 1623 1813 1814
f 1624 1815 1625
f 1624 1814 1815
f 1625 1816 1626
f 1625 1815 1816
f 1626 1817 1627
f 1626 1816 1817
f 1627 1818 1628
f 1627 1817 1818
f 1628 1819 1629
f 1628 1818 1819
f 1629 1820 1630
f 1629 1819 1820
f 1630 1821 1631
f 1630 1820 1821
f 1631 1822 1632
f 1631 1821 1822
f 1632 1823 1633
f 1632 1822 1823
f 1633 1824 1634
f 1633 1823 1824
f 1634 1825 1635
f 1634 1824 1825
f 1635 1826 1636
f 1635 1825 1826
f 1636 1827 1637
f 1636 1826 1827
f 1637 1828 1638
f 1637 1827 1828
f 1638 1829 1639
f 1638 1828 1829
f 1639 1830 1641
f 1639 1829 1830
f 1641 1831 1643
f 1641 1830 1831
f 1643 1832 1645
f 1643 1831 1832
f 1645 1833 1646
f 1645 1832 1833
f 1646 1834 1647
f 1646 1833 1834
f 1647 1835 1648
f 1647 1834 1835
f 1648 1836 1649
f 1648 1835 1836
f 1649 1837 1650
f 1649 1836 1837
f 1650 1838 1651
f 1650 1837 1838
f 1651 1839 1652
f 1651 1838 1839
f 1652 1840 1653
f 1652 1839 1840
f 1653 1841 1654
f 1653 1840 1841
f 1654 1842 1655
f 1654 1841 1842
f 1655 1843 1656
f 1655 1842 1843
f 1656 1844 1657
f 1656 1843 1844
f 1657 1845 1658
f 1657 1844 1845
f 1658 1846 1659
f 1658 1845 1846
f 1659 1847 1660
f 1659 1846 1847
f 1660 1848 1661
f 1660 1847 1848
f 1661 1849 1662
f 1661 1848 1849
f 1662 1850 1663
f 1662 1849 1850
f 1663 1851 1664
f 1663 1850 1851
f 1664 1852 1665
f 1664 1851 1852
f 1665 1853 1666
f 1665 1852 1853
f 1666 1854 1667
f 1666 1853 1854
f 1667 1855 1668
f 1667 1854 1855
f 1668 1856 1669
f 1668 1855 1856
f 1669 1857 1670
f 1669 1856 1857
f 1670 1858 1671
f 1670 1857 1858
f 1671 1859 1672
f 1671 1858 1859
f 1672 1860 1673
f 1672 1859 1860
f 1673 1861 1674
f 1673 1860 1861
f 1674 1862 1675
f 1674 1861 1862
f 1675 1863 1676
f 1675 1862 1863
f 1676 1864 1677
f 1676 1863 1864
f 1677 1865 1678
f 1677 1864 1865
f 1678 1866 1679
f 1678 1865 1866
f 1679 1867 1680
f 1679 1866 1867
f 1680 1868 1681
f 1680 1867 1868
f 1681 1869 1682
f 1681 1868 1869
f 1682 1870 1683
f 1682 1869 1870
f 1683 1871 1684
f 1683 1870 1871
f 1684 1872 1685
f 1684 1871 1872
f 1685 1873 1686
f 1685 1872 1873
f 1686 1874 1687
f 1686 1873 1874
f 1687 1875 1688
f 1687 1874 1875
f 1688 1876 1689
f 1688 1875 1876
f 1689 1877 1690
f 1689 1876 1877
f 1690 1878 1691
f 1690 1877 1878
f 1691 1879 1692
f 1691 1878 1879
f 1692 1880 1693
f 1692 1879 1880
f 1693 1881 1694
f 1693 1880 1881
f 1694 1882 1695
f 1694 1881 1882
f 1695 1883 1696
f 1695 1882 1883
f 1696 1884 1697
f 1696 1883 1884
f 1697 1885 1698
f 1697 1884 1885
f 1698 1886 1699
f 1698 1885 1886
f 1699 1887 1700
f 1699 1886 1887
f 1700 1888 1701
f 1700 1887 1888
f 1701 1889 1702
f 1701 1888 1889
f 1702 1890 1703
f 1702 1889 1890
f 1703 1891 1704
f 1703 1890 1891
f 1704 1892 1705
f 1704 1891 1892
f 1705 1893 1706
f 1705 1892 1893
f 1706 1894 1707
f 1706 1893 1894
f 1707 1895 1708
f 1707 1894 1895
f 1708 1896 1709
f 1708 1895 1896
f 1709 1897 1710
f 1709 1896 1897
f 1710 1898 1711
f 1710 1897 1898
f 1711 1899 1712
f 1711 1898 1899
f 1712 1900 1713
f 1712 1899 1900
f 1713 1901 1714
f 1713 1900 1901
f 1714 1902 1715
f 1714 1901 1902
f 1715 1903 1716
f 1715 1902 1903
f 1716 1904 1717
f 1716 1903 1904
f 1719 1905 1718
f 1719 1906 1905
f 1718 1907 1720
f 1718 1905 1907
f 1720 1908 1721
f 1720 1907 1908
f 1721 1909 1722
f 1721 1908 1909
f 1722 1910 1723
f 1722 1909 1910
f 1723 1911 1724
f 1723 1910 1911
f 1724 1912 1725
f 1724 1911 1912
f 1725 1913 1726
f 1725 1912 1913
f 1726 1914 1727
f 1726 1913 1914
f 1727 1915 1728
f 1727 1914 1915
f 1728 1916 1729
f 1728 1915 1916
f 1729 1917 1730
f 1729 1916 1917
f 1730 1918 1731
f 1730 1917 1918
f 1731 1919 1732
f 1731 1918 1919
f 1732 1920 1733
f 1732 1919 1920
f 1733 1921 1734
f 1733 1920 1921
f 1734 1922 1735
f 1734 1921 1922
f 1735 1923 1736
f 1735 1922 1923
f 1736 1924 1737
f 1736 1923 1924
f 1737 1925 1738
f 1737 1924 1925
f 1738 1926 1739
f 1738 1925 1926
f 1739 1927 1740
f 1739 1926 1927
f 1740 1928 1741
f 1740 1927 1928
f 1741 1929 1742
f 1741 1928 1929
f 1742 1930 1743
f 1742 1929 1930
f 1743 1931 1744
f 1743 1930 1931
f 1744 1932 1745
f 1744 1931 1932
f 1934 1746 1933
f 1746 1932 1933
f 1746 1745 1932
f 1746 1934 1747
f 1747 1934 1935
f 1937 1936 1935
f 1936 1747 1935
f 1936 1748 1747
f 1748 1938 1749
f 1748 1936 1938
f 1749 1939 1750
f 1749 1938 1939
f 1750 1940 1751
f 1750 1939 1940
f 1751 1941 1752
f 1751 1940 1941
f 1752 1942 1753
f 1752 1941 1942
f 1944 1754 1943
f 1754 1942 1943
f 1754 1753 1942
f 1754 1944 1755
f 1755 1944 1945
f 1755 1945 1756
f 1760 1761 1946
f 1946 1761 1947
f 1760 1948 1762
f 1760 1946 1948
f 1950 1763 1949
f 1763 1948 1949
f 1763 1762 1948
f 1763 1950 1764
f 1764 1950 1951
f 1764 1951 1765
f 1768 1952 1767
f 1767 1952 1769
f 1769 1952 1953
f 1769 1953 1770
f 1770 1953 1954
f 1770 1954 1771
f 1771 1954 1955
f 1771 1955 1772
f 1787 1956 1786
f 1786 1956 1788
f 1793 1794 1957
f 1957 1794 1958
f 1793 1959 1795
f 1793 1957 1959
f 1961 1796 1960
f 1796 1959 1960
f 1796 1795 1959
f 1796 1961 1797
f 1797 1961 1962
f 1797 1962 1798
f 1798 1962 1963
f 1965 1964 1963
f 1964 1798 1963
f 1964 1799 1798
f 1799 1966 1800
f 1799 1964 1966
f 1800 1967 1801
f 1800 1966 1967
f 1801 1968 1802
f 1801 1967 1968
f 1802 1969 1803
f 1802 1968 1969
f 1803 1970 1804
f 1803 1969 1970
f 1804 1971 1805
f 1804 1970 1971
f 1805 1972 1806
f 1805 1971 1972
f 1806 1973 1807
f 1806 1972 1973
f 1807 1974 1808
f 1807 1973 1974
f 1808 1975 1809
f 1808 1974 1975
f 1809 1976 1810
f 1809 1975 1976
f 1810 1977 1811
f 1810 1976 1977
f 1811 1978 1812
f 1811 1977 1978
f 1812 1979 1813
f 1812 1978 1979
f 1813 1980 1814
f 1813 1979 1980
f 1814 1981 1815
f 1814 1980 1981
f 1815 1982 1816
f 1815 1981 1982
f 1816 1983 1817
f 1816 1982 1983
f 1817 1984 1818
f 1817 1983 1984
f 1818 1985 1819
f 1818 1984 1985
f 1819 1986 1820
f 1819 1985 1986
f 1820 1987 1821
f 1820 1986 1987
f 1821 1988 1822
f 1821 1987 1988
f 1822 1989 1823
f 1822 1988 1989
f 1823 1990 1824
f 1823 1989 1990
f 1824 1991 1825
f 1824 1990 1991
f 1825 1992 1826
f 1825 1991 1992
f 1826 1993 1827
f 1826 1992 1993
f 1827 1994 1828
f 1827 1993 1994
f 1828 1995 1829
f 1828 1994 1995
f 1829 1996 1830
f 1829 1995 1996
f 1998 1831 1997
f 1831 1996 1997
f 1831 1830 1996
f 2000 1999 1998
f 1999 1831 1998
f 1999 1832 1831
f 1832 2001 1833
f 1832 1999 2001
f 1833 2002 1834
f 1833 2001 2002
f 1834 2003 1835
f 1834 2002 2003
f 1835 2004 1836
f 1835 2003 2004
f 1836 2005 1837
f 1836 2004 2005
f 1837 2006 1838
f 1837 2005 2006
f 1838 2007 1839
f 1838 2006 2007
f 1839 2008 1840
f 1839 2007 2008
f 1840 2009 1841
f 1840 2008 2009
f 1841 2010 1842
f 1841 2009 2010
f 1842 2011 1843
f 1842 2010 2011
f 1843 2012 1844
f 1843 2011 2012
f 1844 2013 1845
f 1844 2012 2013
f 1845 2014 1846
f 1845 2013 2014
f 1846 2015 1847
f 1846 2014 2015
f 1847 2016 1848
f 1847 2015 2016
f 1848 2017 1849
f 1848 2016 2017
f 1849 2018 1850
f 1849 2017 2018
f 1850 2019 1851
f 1850 2018 2019
f 1851 2020 1852
f 1851 2019 2020
f 1852 2021 1853
f 1852 2020 2021
f 1853 2022 1854
f 1853 2021 2022
f 1854 2023 1855
f 1854 2022 2023
f 1855 2024 1856
f 1855 2023 2024
f 1856 2025 1857
f 1856 2024 2025
f 1857 2026 1858
f 1857 2025 2026
f 1858 2027 1859
f 1858 2026 2027
f 1859 2028 1860
f 1859 2027 2028
f 1860 2029 1861
f 1860 2028 2029
f 1861 2030 1862
f 1861 2029 2030
f 1862 2031 1863
f 1862 2030 2031
f 1863 2032 1864
f 1863 2031 2032
f 1864 2033 1865
f 1864 2032 2033
f 1865 2034 1866
f 1865 2033 2034
f 1866 2035 1867
f 1866 2034 2035
f 1867 2036 1868
f 1867 2035 2036
f 1868 2037 1869
f 1868 2036 2037
f 1869 2038 1870
f 1869 2037 2038
f 1870 2039 1871
f 1870 2038 2039
f 1871 2040 1872
f 1871 2039 2040
f 1872 2041 1873
f 1872 2040 2041
f 1873 2042 1874
f 1873 2041 2042
f 1874 2043 1875
f 1874 2042 2043
f 1875 2044 1876
f 1875 2043 2044
f 1876 2045 1877
f 1876 2044 2045
f 1877 2046 1878
f 1877 2045 2046
f 1878 2047 1879
f 1878 2046 2047
f 1879 2048 1880
f 1879 2047 2048
f 1880 2049 1881
f 1880 2048 2049
f 1881 2050 1882
f 1881 2049 2050
f 1882 2051 1883
f 1882 2050 2051
f 1883 2052 1884
f 1883 2051 2052
f 1884 2053 1885
f 1884 2052 2053
f 1885 2054 1886
f 1885 2053 2054
f 1886 2055 1887
f 1886 2054 2055
f 1887 2056 1888
f 1887 2055 2056
f 1888 2057 1889
f 1888 2056 2057
f 1889 2058 1890
f 1889 2057 2058
f 1890 2059 1891
f 1890 2058 2059
f 1891 2060 1892
f 1891 2059 2060
f 1892 2061 1893
f 1892 2060 2061
f 1893 2062 1894
f 1893 2061 2062
f 1894 2063 1895
f 1894 2062 2063
f 1895 2064 1896
f 1895 2063 2064
f 1896 2065 1897
f 1896 2064 2065
f 1897 2066 1898
f 1897 2065 2066
f 1898 2067 1899
f 1898 2066 2067
f 1899 2068 1900
f 1899 2067 2068
f 1900 2069 1901
f 1900 2068 2069
f 1901 2070 1902
f 1901 2069 2070
f 1902 2071 1903
f 1902 2070 2071
f 1903 2072 1904
f 1903 2071 2072
f 1906 2073 1905
f 1906 2074 2073
f 1905 2075 1907
f 1905 2073 2075
f 1907 2076 1908
f 1907 2075 2076
f 1908 2077 1909
f 1908 2076 2077
f 1909 2078 1910
f 1909 2077 2078
f 1910 2079 1911
f 1910 2078 2079
f 1911 2080 1912
f 1911 2079 2080
f 1912 2081 1913
f 1912 2080 2081
f 1913 2082 1914
f 1913 2081 2082
f 1914 2083 1915
f 1914 2082 2083
f 1915 2084 1916
f 1915 2083 2084
f 1916 2085 1917
f 1916 2084 2085
f 1917 2086 1918
f 1917 2085 2086
f 1918 2087 1919
f 1918 2086 2087
f 1919 2088 1920
f 1919 2087 2088
f 1920 2089 1921
f 1920 2088 2089
f 1921 2090 1922
f 1921 2089 2090
f 1922 2091 1923
f 1922 2090 2091
f 1923 2092 1924
f 1923 2091 2092
f 1924 2093 1925
f 1924 2092 2093
f 1925 2094 1926
f 1925 2093 2094
f 1926 2095 1927
f 1926 2094 2095
f 1927 2096 1928
f 1927 2095 2096
f 1928 2097 1929
f 1928 2096 2097
f 1929 2098 1930
f 1929 2097 2098
f 1930 2099 1931
f 1930 2098 2099
f 1931 2100 1932
f 1931 2099 2100
f 1933 1932 2101
f 2101 1932 2100
f 2104 2103 2102
f 2104 2102 1937
f 2102 1936 1937
f 2102 2105 1936
f 1936 2106 1938
f 1936 2105 2106
f 1938 2107 1939
f 1938 2106 2107
f 1939 2108 1940
f 1939 2107 2108
f 1940 2109 1941
f 1940 2108 2109
f 2111 1942 2110
f 1942 2109 2110
f 1942 1941 2109
f 1942 2111 1943
f 1946 1947 2112
f 2112 1947 2113
f 1946 2114 1948
f 1946 2112 2114
f 1949 1948 2115
f 2115 1948 2114
f 2118 2117 2116
f 2116 2119 2118
f 2122 2121 2120
f 2120 2123 2122
f 1957 1958 2124
f 2124 1958 2125
f 1957 2126 1959
f 1957 2124 2126
f 1960 1959 2127
f 2127 1959 2126
f 1964 1965 2128
f 2128 1965 2129
f 1964 2130 1966
f 1964 2128 2130
f 1966 2131 1967
f 1966 2130 2131
f 1967 2132 1968
f 1967 2131 2132
f 1968 2133 1969
f 1968 2132 2133
f 1969 2134 1970
f 1969 2133 2134
f 1970 2135 1971
f 1970 2134 2135
f 1971 2136 1972
f 1971 2135 2136
f 1972 2137 1973
f 1972 2136 2137
f 1973 2138 1974
f 1973 2137 2138
f 1974 2139 1975
f 1974 2138 2139
f 1975 2140 1976
f 1975 2139 2140
f 1976 2141 1977
f 1976 2140 2141
f 1977 2142 1978
f 1977 2141 2142
f 1978 2143 1979
f 1978 2142 2143
f 1979 2144 1980
f 1979 2143 2144
f 1980 2145 1981
f 1980 2144 2145
f 1981 2146 1982
f 1981 2145 2146
f 1982 2147 1983
f 1982 2146 2147
f 1983 2148 1984
f 1983 2147 2148
f 1984 2149 1985
f 1984 2148 2149
f 1985 2150 1986
f 1985 2149 2150
f 1986 2151 1987
f 1986 2150 2151
f 1987 2152 1988
f 1987 2151 2152
f 1988 2153 1989
f 1988 2152 2153
f 1989 2154 1990
f 1989 2153 2154
f 1990 2155 1991
f 1990 2154 2155
f 1991 2156 1992
f 1991 2155 2156
f 1992 2157 1993
f 1992 2156 2157
f 1993 2158 1994
f 1993 2157 2158
f 1994 2159 1995
f 1994 2158 2159
f 1995 2160 1996
f 1995 2159 2160
f 1997 1996 2161
f 2161 1996 2160
f 2000 2162 1999
f 2164 2163 2162
f 2163 1999 2162
f 2163 2001 1999
f 2001 2165 2002
f 2001 2163 2165
f 2002 2166 2003
f 2002 2165 2166
f 2003 2167 2004
f 2003 2166 2167
f 2004 2168 2005
f 2004 2167 2168
f 2005 2169 2006
f 2005 2168 2169
f 2006 2170 2007
f 2006 2169 2170
f 2007 2171 2008
f 2007 2170 2171
f 2008 2172 2009
f 2008 2171 2172
f 2009 2173 2010
f 2009 2172 2173
f 2010 2174 2011
f 2010 2173 2174
f 2011 2175 2012
f 2011 2174 2175
f 2012 2176 2013
f 2012 2175 2176
f 2013 2177 2014
f 2013 2176 2177
f 2014 2178 2015
f 2014 2177 2178
f 2015 2179 2016
f 2015 2178 2179
f 2016 2180 2017
f 2016 2179 2180
f 2017 2181 2018
f 2017 2180 2181
f 2018 2182 2019
f 2018 2181 2182
f 2019 2183 2020
f 2019 2182 2183
f 2020 2184 2021
f 2020 2183 2184
f 2021 2185 2022
f 2021 2184 2185
f 2022 2186 2023
f 2022 2185 2186
f 2023 2187 2024
f 2023 2186 2187
f 2024 2188 2025
f 2024 2187 2188
f 2025 2189 2026
f 2025 2188 2189
f 2026 2190 2027
f 2026 2189 2190
f 2027 2191 2028
f 2027 2190 2191
f 2028 2192 2029
f 2028 2191 2192
f 2029 2193 2030
f 2029 2192 2193
f 2030 2194 2031
f 2030 2193 2194
f 2031 2195 2032
f 2031 2194 2195
f 2032 2196 2033
f 2032 2195 2196
f 2033 2197 2034
f 2033 2196 2197
f 2034 2198 2035
f 2034 2197 2198
f 2035 2199 2036
f 2035 2198 2199
f 2036 2200 2037
f 2036 2199 2200
f 2037 2201 2038
f 2037 2200 2201
f 2038 2202 2039
f 2038 2201 2202
f 2039 2203 2040
f 2039 2202 2203
f 2040 2204 2041
f 2040 2203 2204
f 2041 2205 2042
f 2041 2204 2205
f 2042 2206 2043
f 2042 2205 2206
f 2043 2207 2044
f 2043 2206 2207
f 2044 2208 2045
f 2044 2207 2208
f 2045 2209 2046
f 2045 2208 2209
f 2046 2210 2047
f 2046 2209 2210
f 2047 2211 2048
f 2047 2210 2211
f 2048 2212 2049
f 2048 2211 2212
f 2049 2213 2050
f 2049 2212 2213
f 2050 2214 2051
f 2050 2213 2214
f 2051 2215 2052
f 2051 2214 2215
f 2052 2216 2053
f 2052 2215 2216
f 2053 2217 2054
f 2053 2216 2217
f 2054 2218 2055
f 2054 2217 2218
f 2055 2219 2056
f 2055 2218 2219
f 2056 2220 2057
f 2056 2219 2220
f 2057 2221 2058
f 2057 2220 2221
f 2058 2222 2059
f 2058 2221 2222
f 2059 2223 2060
f 2059 2222 2223
f 2060 2224 2061
f 2060 2223 2224
f 2061 2225 2062
f 2061 2224 2225
f 2062 2226 2063
f 2062 2225 2226
f 2063 2227 2064
f 2063 2226 2227
f 2064 2228 2065
f 2064 2227 2228
f 2065 2229 2066
f 2065 2228 2229
f 2066 2230 2067
f 2066 2229 2230
f 2067 2231 2068
f 2067 2230 2231
f 2068 2232 2069
f 2068 2231 2232
f 2069 2233 2070
f 2069 2232 2233
f 2070 2234 2071
f 2070 2233 2234
f 2071 2235 2072
f 2071 2234 2235
f 2074 2236 2073
f 2074 2237 2236
f 2073 2238 2075
f 2073 2236 2238
f 2075 2239 2076
f 2075 2238 2239
f 2076 2240 2077
f 2076 2239 2240
f 2077 2241 2078
f 2077 2240 2241
f 2078 2242 2079
f 2078 2241 2242
f 2079 2243 2080
f 2079 2242 2243
f 2080 2244 2081
f 2080 2243 2244
f 2081 2245 2082
f 2081 2244 2245
f 2082 2246 2083
f 2082 2245 2246
f 2083 2247 2084
f 2083 2246 2247
f 2084 2248 2085
f 2084 2247 2248
f 2085 2249 2086
f 2085 2248 2249
f 2086 2250 2087
f 2086 2249 2250
f 2087 2251 2088
f 2087 2250 2251
f 2088 2252 2089
f 2088 2251 2252
f 2089 2253 2090
f 2089 2252 2253
f 2090 2254 2091
f 2090 2253 2254
f 2091 2255 2092
f 2091 2254 2255
f 2092 2256 2093
f 2092 2255 2256
f 2093 2257 2094
f 2093 2256 2257
f 2094 2258 2095
f 2094 2257 2258
f 2095 2259 2096
f 2095 2258 2259
f 2096 2260 2097
f 2096 2259 2260
f 2097 2261 2098
f 2097 2260 2261
f 2098 2262 2099
f 2098 2261 2262
f 2099 2263 2100
f 2099 2262 2263
f 2101 2100 2264
f 2264 2100 2263
f 2103 2265 2102
f 2267 2266 2265
f 2266 2102 2265
f 2266 2105 2102
f 2105 2268 2106
f 2105 2266 2268
f 2106 2269 2107
f 2106 2268 2269
f 2107 2270 2108
f 2107 2269 2270
f 2272 2109 2271
f 2109 2270 2271
f 2109 2108 2270
f 2109 2272 2110
f 2113 2273 2112
f 2112 2273 2114
f 2114 2273 2274
f 2114 2274 2115
f 2117 2275 2116
f 2116 2275 2119
f 2121 2276 2120
f 2120 2276 2123
f 2125 2277 2124
f 2124 2277 2126
f 2126 2277 2278
f 2126 2278 2127
f 2128 2129 2279
f 2279 2129 2280
f 2128 2281 2130
f 2128 2279 2281
f 2130 2282 2131
f 2130 2281 2282
f 2131 2283 2132
f 2131 2282 2283
f 2132 2284 2133
f 2132 2283 2284
f 2133 2285 2134
f 2133 2284 2285
f 2134 2286 2135
f 2134 2285 2286
f 2135 2287 2136
f 2135 2286 2287
f 2136 2288 2137
f 2136 2287 2288
f 2137 2289 2138
f 2137 2288 2289
f 2138 2290 2139
f 2138 2289 2290
f 2139 2291 2140
f 2139 2290 2291
f 2140 2292 2141
f 2140 2291 2292
f 2141 2293 2142
f 2141 2292 2293
f 2142 2294 2143
f 2142 2293 2294
f 2143 2295 2144
f 2143 2294 2295
f 2144 2296 2145
f 2144 2295 2296
f 2145 2297 2146
f 2145 2296 2297
f 2146 2298 2147
f 2146 2297 2298
f 2147 2299 2148
f 2147 2298 2299
f 2148 2300 2149
f 2148 2299 2300
f 2149 2301 2150
f 2149 2300 2301
f 2150 2302 2151
f 2150 2301 2302
f 2151 2303 2152
f 2151 2302 2303
f 2152 2304 2153
f 2152 2303 2304
f 2153 2305 2154
f 2153 2304 2305
f 2154 2306 2155
f 2154 2305 2306
f 2155 2307 2156
f 2155 2306 2307
f 2156 2308 2157
f 2156 2307 2308
f 2157 2309 2158
f 2157 2308 2309
f 2158 2310 2159
f 2158 2309 2310
f 2159 2311 2160
f 2159 2310 2311
f 2161 2160 2312
f 2312 2160 2311
f 2315 2314 2313
f 2315 2313 2164
f 2313 2163 2164
f 2313 2316 2163
f 2163 2317 2165
f 2163 2316 2317
f 2165 2318 2166
f 2165 2317 2318
f 2166 2319 2167
f 2166 2318 2319
f 2167 2320 2168
f 2167 2319 2320
f 2168 2321 2169
f 2168 2320 2321
f 2169 2322 2170
f 2169 2321 2322
f 2170 2323 2171
f 2170 2322 2323
f 2171 2324 2172
f 2171 2323 2324
f 2172 2325 2173
f 2172 2324 2325
f 2173 2326 2174
f 2173 2325 2326
f 2174 2327 2175
f 2174 2326 2327
f 2175 2328 2176
f 2175 2327 2328
f 2176 2329 2177
f 2176 2328 2329
f 2177 2330 2178
f 2177 2329 2330
f 2178 2331 2179
f 2178 2330 2331
f 2179 2332 2180
f 2179 2331 2332
f 2180 2333 2181
f 2180 2332 2333
f 2181 2334 2182
f 2181 2333 2334
f 2182 2335 2183
f 2182 2334 2335
f 2183 2336 2184
f 2183 2335 2336
f 2184 2337 2185
f 2184 2336 2337
f 2185 2338 2186
f 2185 2337 2338
f 2186 2339 2187
f 2186 2338 2339
f 2187 2340 2188
f 2187 2339 2340
f 2188 2341 2189
f 2188 2340 2341
f 2189 2342 2190
f 2189 2341 2342
f 2190 2343 2191
f 2190 2342 2343
f 2191 2344 2192
f 2191 2343 2344
f 2192 2345 2193
f 2192 2344 2345
f 2193 2346 2194
f 2193 2345 2346
f 2194 2347 2195
f 2194 2346 2347
f 2195 2348 2196
f 2195 2347 2348
f 2196 2349 2197
f 2196 2348 2349
f 2197 2350 2198
f 2197 2349 2350
f 2198 2351 2199
f 2198 2350 2351
f 2199 2352 2200
f 2199 2351 2352
f 2200 2353 2201
f 2200 2352 2353
f 2201 2354 2202
f 2201 2353 2354
f 2202 2355 2203
f 2202 2354 2355
f 2203 2356 2204
f 2203 2355 2356
f 2204 2357 2205
f 2204 2356 2357
f 2205 2358 2206
f 2205 2357 2358
f 2206 2359 2207
f 2206 2358 2359
f 2207 2360 2208
f 2207 2359 2360
f 2208 2361 2209
f 2208 2360 2361
f 2209 2362 2210
f 2209 2361 2362
f 2210 2363 2211
f 2210 2362 2363
f 2211 2364 2212
f 2211 2363 2364
f 2212 2365 2213
f 2212 2364 2365
f 2213 2366 2214
f 2213 2365 2366
f 2214 2367 2215
f 2214 2366 2367
f 2215 2368 2216
f 2215 2367 2368
f 2216 2369 2217
f 2216 2368 2369
f 2217 2370 2218
f 2217 2369 2370
f 2218 2371 2219
f 2218 2370 2371
f 2219 2372 2220
f 2219 2371 2372
f 2220 2373 2221
f 2220 2372 2373
f 2221 2374 2222
f 2221 2373 2374
f 2222 2375 2223
f 2222 2374 2375
f 2223 2376 2224
f 2223 2375 2376
f 2224 2377 2225
f 2224 2376 2377
f 2225 2378 2226
f 2225 2377 2378
f 2226 2379 2227
f 2226 2378 2379
f 2227 2380 2228
f 2227 2379 2380
f 2228 2381 2229
f 2228 2380 2381
f 2229 2382 2230
f 2229 2381 2382
f 2230 2383 2231
f 2230 2382 2383
f 2231 2384 2232
f 2231 2383 2384
f 2232 2385 2233
f 2232 2384 2385
f 2233 2386 2234
f 2233 2385 2386
f 2234 2387 2235
f 2234 2386 2387
f 2389 2236 2388
f 2236 2390 2388
f 2236 2237 2390
f 2392 2391 2389
f 2391 2236 2389
f 2391 2238 2236
f 2238 2393 2239
f 2238 2391 2393
f 2239 2394 2240
f 2239 2393 2394
f 2240 2395 2241
f 2240 2394 2395
f 2241 2396 2242
f 2241 2395 2396
f 2242 2397 2243
f 2242 2396 2397
f 2243 2398 2244
f 2243 2397 2398
f 2400 2245 2399
f 2245 2398 2399
f 2245 2244 2398
f 2402 2401 2400
f 2401 2245 2400
f 2401 2246 2245
f 2246 2403 2247
f 2246 2401 2403
f 2247 2404 2248
f 2247 2403 2404
f 2406 2249 2405
f 2249 2404 2405
f 2249 2248 2404
f 2249 2406 2250
f 2250 2406 2407
f 2250 2407 2251
f 2251 2407 2408
f 2251 2408 2252
f 2252 2408 2409
f 2252 2409 2253
f 2253 2409 2410
f 2253 2410 2254
f 2254 2410 2411
f 2254 2411 2255
f 2255 2411 2412
f 2255 2412 2256
f 2256 2412 2413
f 2256 2413 2257
f 2257 2413 2414
f 2257 2414 2258
f 2258 2414 2415
f 2258 2415 2259
f 2259 2415 2416
f 2259 2416 2260
f 2260 2416 2417
f 2260 2417 2261
f 2261 2417 2418
f 2261 2418 2262
f 2262 2418 2419
f 2262 2419 2263
f 2263 2419 2420
f 2263 2420 2264
f 2267 2421 2266
f 2266 2421 2268
f 2268 2421 2422
f 2268 2422 2269
f 2269 2422 2423
f 2269 2423 2270
f 2270 2423 2424
f 2270 2424 2271
f 2280 2425 2279
f 2279 2425 2281
f 2281 2425 2426
f 2281 2426 2282
f 2282 2426 2427
f 2282 2427 2283
f 2283 2427 2428
f 2283 2428 2284
f 2284 2428 2429
f 2284 2429 2285
f 2285 2429 2430
f 2285 2430 2286
f 2286 2430 2431
f 2286 2431 2287
f 2287 2431 2432
f 2287 2432 2288
f 2288 2432 2433
f 2288 2433 2289
f 2289 2433 2434
f 2436 2435 2434
f 2435 2289 2434
f 2435 2290 2289
f 2290 2437 2291
f 2290 2435 2437
f 2291 2438 2292
f 2291 2437 2438
f 2292 2439 2293
f 2292 2438 2439
f 2293 2440 2294
f 2293 2439 2440
f 2294 2441 2295
f 2294 2440 2441
f 2443 2296 2442
f 2296 2441 2442
f 2296 2295 2441
f 2296 2443 2297
f 2297 2443 2444
f 2446 2445 2444
f 2445 2297 2444
f 2445 2298 2297
f 2298 2447 2299
f 2298 2445 2447
f 2299 2448 2300
f 2299 2447 2448
f 2300 2449 2301
f 2300 2448 2449
f 2301 2450 2302
f 2301 2449 2450
f 2302 2451 2303
f 2302 2450 2451
f 2303 2452 2304
f 2303 2451 2452
f 2304 2453 2305
f 2304 2452 2453
f 2305 2454 2306
f 2305 2453 2454
f 2306 2455 2307
f 2306 2454 2455
f 2307 2456 2308
f 2307 2455 2456
f 2308 2457 2309
f 2308 2456 2457
f 2309 2458 2310
f 2309 2457 2458
f 2460 2311 2459
f 2311 2458 2459
f 2311 2310 2458
f 2311 2460 2312
f 2314 2461 2313
f 2463 2462 2461
f 2462 2313 2461
f 2462 2316 2313
f 2316 2464 2317
f 2316 2462 2464
f 2317 2465 2318
f 2317 2464 2465
f 2318 2466 2319
f 2318 2465 2466
f 2319 2467 2320
f 2319 2466 2467
f 2320 2468 2321
f 2320 2467 2468
f 2321 2469 2322
f 2321 2468 2469
f 2322 2470 2323
f 2322 2469 2470
f 2323 2471 2324
f 2323 2470 2471
f 2324 2472 2325
f 2324 2471 2472
f 2325 2473 2326
f 2325 2472 2473
f 2326 2474 2327
f 2326 2473 2474
f 2327 2475 2328
f 2327 2474 2475
f 2328 2476 2329
f 2328 2475 2476
f 2329 2477 2330
f 2329 2476 2477
f 2330 2478 2331
f 2330 2477 2478
f 2331 2479 2332
f 2331 2478 2479
f 2332 2480 2333
f 2332 2479 2480
f 2333 2481 2334
f 2333 2480 2481
f 2334 2482 2335
f 2334 2481 2482
f 2335 2483 2336
f 2335 2482 2483
f 2336 2484 2337
f 2336 2483 2484
f 2337 2485 2338
f 2337 2484 2485
f 2338 2486 2339
f 2338 2485 2486
f 2339 2487 2340
f 2339 2486 2487
f 2340 2488 2341
f 2340 2487 2488
f 2341 2489 2342
f 2341 2488 2489
f 2342 2490 2343
f 2342 2489 2490
f 2343 2491 2344
f 2343 2490 2491
f 2344 2492 2345
f 2344 2491 2492
f 2345 2493 2346
f 2345 2492 2493
f 2346 2494 2347
f 2346 2493 2494
f 2347 2495 2348
f 2347 2494 2495
f 2348 2496 2349
f 2348 2495 2496
f 2349 2497 2350
f 2349 2496 2497
f 2350 2498 2351
f 2350 2497 2498
f 2351 2499 2352
f 2351 2498 2499
f 2352 2500 2353
f 2352 2499 2500
f 2353 2501 2354
f 2353 2500 2501
f 2354 2502 2355
f 2354 2501 2502
f 2355 2503 2356
f 2355 2502 2503
f 2356 2504 2357
f 2356 2503 2504
f 2357 2505 2358
f 2357 2504 2505
f 2358 2506 2359
f 2358 2505 2506
f 2359 2507 2360
f 2359 2506 2507
f 2360 2508 2361
f 2360 2507 2508
f 2361 2509 2362
f 2361 2508 2509
f 2362 2510 2363
f 2362 2509 2510
f 2363 2511 2364
f 2363 2510 2511
f 2364 2512 2365
f 2364 2511 2512
f 2365 2513 2366
f 2365 2512 2513
f 2366 2514 2367
f 2366 2513 2514
f 2367 2515 2368
f 2367 2514 2515
f 2368 2516 2369
f 2368 2515 2516
f 2518 2370 2517
f 2370 2516 2517
f 2370 2369 2516
f 2520 2519 2518
f 2519 2370 2518
f 2519 2371 2370
f 2371 2521 2372
f 2371 2519 2521
f 2372 2522 2373
f 2372 2521 2522
f 2373 2523 2374
f 2373 2522 2523
f 2374 2524 2375
f 2374 2523 2524
f 2375 2525 2376
f 2375 2524 2525
f 2376 2526 2377
f 2376 2525 2526
f 2377 2527 2378
f 2377 2526 2527
f 2378 2528 2379
f 2378 2527 2528
f 2379 2529 2380
f 2379 2528 2529
f 2380 2530 2381
f 2380 2529 2530
f 2381 2531 2382
f 2381 2530 2531
f 2382 2532 2383
f 2382 2531 2532
f 2383 2533 2384
f 2383 2532 2533
f 2384 2534 2385
f 2384 2533 2534
f 2385 2535 2386
f 2385 2534 2535
f 2386 2536 2387
f 2386 2535 2536
f 2390 2537 2388
f 2392 2538 2391
f 2391 2538 2393
f 2393 2538 2539
f 2393 2539 2394
f 2394 2539 2540
f 2394 2540 2395
f 2395 2540 2541
f 2395 2541 2396
f 2396 2541 2542
f 2396 2542 2397
f 2397 2542 2543
f 2397 2543 2398
f 2398 2543 2544
f 2398 2544 2399
f 2402 2545 2401
f 2547 2546 2545
f 2546 2401 2545
f 2546 2403 2401
f 2549 2404 2548
f 2404 2546 2548
f 2404 2403 2546
f 2404 2549 2405
f 2436 2550 2435
f 2435 2550 2437
f 2437 2550 2551
f 2553 2552 2551
f 2552 2437 2551
f 2552 2438 2437
f 2555 2439 2554
f 2439 2552 2554
f 2439 2438 2552
f 2439 2555 2440
f 2440 2555 2556
f 2440 2556 2441
f 2441 2556 2557
f 2441 2557 2442
f 2446 2558 2445
f 2560 2559 2558
f 2559 2445 2558
f 2559 2447 2445
f 2562 2448 2561
f 2448 2559 2561
f 2448 2447 2559
f 2448 2562 2449
f 2449 2562 2563
f 2449 2563 2450
f 2450 2563 2564
f 2450 2564 2451
f 2451 2564 2565
f 2451 2565 2452
f 2452 2565 2566
f 2452 2566 2453
f 2453 2566 2567
f 2569 2568 2567
f 2568 2453 2567
f 2568 2454 2453
f 2454 2570 2455
f 2454 2568 2570
f 2455 2571 2456
f 2455 2570 2571
f 2456 2572 2457
f 2456 2571 2572
f 2457 2573 2458
f 2457 2572 2573
f 2459 2458 2574
f 2574 2458 2573
f 2463 2575 2462
f 2462 2575 2464
f 2464 2575 2576
f 2464 2576 2465
f 2465 2576 2577
f 2465 2577 2466
f 2466 2577 2578
f 2580 2579 2578
f 2579 2466 2578
f 2579 2467 2466
f 2467 2581 2468
f 2467 2579 2581
f 2468 2582 2469
f 2468 2581 2582
f 2469 2583 2470
f 2469 2582 2583
f 2585 2471 2584
f 2471 2583 2584
f 2471 2470 2583
f 2471 2585 2472
f 2472 2585 2586
f 2472 2586 2473
f 2473 2586 2587
f 2589 2588 2587
f 2588 2473 2587
f 2588 2474 2473
f 2474 2590 2475
f 2474 2588 2590
f 2475 2591 2476
f 2475 2590 2591
f 2476 2592 2477
f 2476 2591 2592
f 2477 2593 2478
f 2477 2592 2593
f 2478 2594 2479
f 2478 2593 2594
f 2596 2480 2595
f 2480 2594 2595
f 2480 2479 2594
f 2480 2596 2481
f 2481 2596 2597
f 2481 2597 2482
f 2482 2597 2598
f 2482 2598 2483
f 2483 2598 2599
f 2601 2600 2599
f 2600 2483 2599
f 2600 2484 2483
f 2484 2602 2485
f 2484 2600 2602
f 2485 2603 2486
f 2485 2602 2603
f 2486 2604 2487
f 2486 2603 2604
f 2487 2605 2488
f 2487 2604 2605
f 2488 2606 2489
f 2488 2605 2606
f 2489 2607 2490
f 2489 2606 2607
f 2490 2608 2491
f 2490 2607 2608
f 2491 2609 2492
f 2491 2608 2609
f 2492 2610 2493
f 2492 2609 2610
f 2493 2611 2494
f 2493 2610 2611
f 2494 2612 2495
f 2494 2611 2612
f 2495 2613 2496
f 2495 2612 2613
f 2496 2614 2497
f 2496 2613 2614
f 2616 2498 2615
f 2498 2614 2615
f 2498 2497 2614
f 2618 2617 2616
f 2617 2498 2616
f 2617 2499 2498
f 2499 2619 2500
f 2499 2617 2619
f 2500 2620 2501
f 2500 2619 2620
f 2501 2621 2502
f 2501 2620 2621
f 2502 2622 2503
f 2502 2621 2622
f 2624 2504 2623
f 2504 2622 2623
f 2504 2503 2622
f 2504 2624 2505
f 2505 2624 2625
f 2505 2625 2506
f 2506 2625 2626
f 2506 2626 2507
f 2507 2626 2627
f 2507 2627 2508
f 2508 2627 2628
f 2508 2628 2509
f 2509 2628 2629
f 2509 2629 2510
f 2510 2629 2630
f 2510 2630 2511
f 2511 2630 2631
f 2511 2631 2512
f 2512 2631 2632
f 2634 2633 2632
f 2633 2512 2632
f 2633 2513 2512
f 2513 2635 2514
f 2513 2633 2635
f 2637 2515 2636
f 2515 2635 2636
f 2515 2514 2635
f 2515 2637 2516
f 2516 2637 2638
f 2516 2638 2517
f 2519 2520 2639
f 2639 2520 2640
f 2519 2641 2521
f 2519 2639 2641
f 2521 2642 2522
f 2521 2641 2642
f 2644 2523 2643
f 2523 2642 2643
f 2523 2522 2642
f 2646 2645 2644
f 2645 2523 2644
f 2645 2524 2523
f 2524 2647 2525
f 2524 2645 2647
f 2525 2648 2526
f 2525 2647 2648
f 2650 2527 2649
f 2527 2648 2649
f 2527 2526 2648
f 2527 2650 2528
f 2528 2650 2651
f 2653 2652 2651
f 2652 2528 2651
f 2652 2529 2528
f 2655 2530 2654
f 2530 2652 2654
f 2530 2529 2652
f 2530 2655 2531
f 2531 2655 2656
f 2658 2657 2656
f 2657 2531 2656
f 2657 2532 2531
f 2532 2659 2533
f 2532 2657 2659
f 2661 2534 2660
f 2534 2659 2660
f 2534 2533 2659
f 2534 2661 2535
f 2535 2661 2662
f 2535 2662 2536
f 2536 2662 2663
f 2666 2665 2664
f 2664 2665 2667
f 2669 2668 2666
f 2666 2668 2665
f 2671 2670 2669
f 2669 2670 2668
f 2673 2672 2671
f 2671 2672 2670
f 2675 2674 2673
f 2673 2674 2672
f 2677 2676 2675
f 2675 2676 2674
f 2679 2678 2677
f 2677 2678 2676
f 2681 2680 2679
f 2679 2680 2678
f 2681 2682 2680
f 2685 2684 2683
f 2685 2683 2547
f 2683 2546 2547
f 2683 2686 2546
f 2548 2546 2687
f 2546 2688 2687
f 2546 2686 2688
f 2690 2689 2688
f 2688 2689 2687
f 2692 2691 2690
f 2690 2691 2689
f 2692 2693 2691
f 2696 2695 2694
f 2696 2694 2553
f 2694 2552 2553
f 2694 2697 2552
f 2554 2552 2698
f 2552 2699 2698
f 2552 2697 2699
f 2701 2700 2699
f 2699 2700 2698
f 2703 2702 2701
f 2701 2702 2700
f 2703 2704 2702
f 2707 2706 2705
f 2707 2705 2560
f 2705 2559 2560
f 2705 2708 2559
f 2561 2559 2709
f 2559 2710 2709
f 2559 2708 2710
f 2712 2711 2710
f 2710 2711 2709
f 2714 2713 2712
f 2712 2713 2711
f 2716 2715 2714
f 2714 2715 2713
f 2718 2717 2716
f 2716 2717 2715
f 2720 2719 2718
f 2718 2719 2717
f 2719 2720 2569
f 2720 2568 2569
f 2720 2721 2568
f 2568 2722 2570
f 2568 2721 2722
f 2570 2723 2571
f 2570 2722 2723
f 2571 2724 2572
f 2571 2723 2724
f 2572 2725 2573
f 2572 2724 2725
f 2574 2573 2726
f 2573 2727 2726
f 2573 2725 2727
f 2727 2728 2726
f 2731 2730 2729
f 2733 2732 2729
f 2729 2732 2731
f 2735 2734 2733
f 2733 2734 2732
f 2737 2736 2735
f 2735 2736 2734
f 2736 2737 2580
f 2737 2579 2580
f 2737 2738 2579
f 2579 2739 2581
f 2579 2738 2739
f 2581 2740 2582
f 2581 2739 2740
f 2582 2741 2583
f 2582 2740 2741
f 2584 2583 2742
f 2583 2743 2742
f 2583 2741 2743
f 2745 2744 2743
f 2743 2744 2742
f 2747 2746 2745
f 2745 2746 2744
f 2746 2747 2589
f 2747 2588 2589
f 2747 2748 2588
f 2588 2749 2590
f 2588 2748 2749
f 2590 2750 2591
f 2590 2749 2750
f 2591 2751 2592
f 2591 2750 2751
f 2592 2752 2593
f 2592 2751 2752
f 2593 2753 2594
f 2593 2752 2753
f 2595 2594 2754
f 2594 2755 2754
f 2594 2753 2755
f 2757 2756 2755
f 2755 2756 2754
f 2759 2758 2757
f 2757 2758 2756
f 2761 2760 2759
f 2759 2760 2758
f 2760 2761 2601
f 2761 2600 2601
f 2761 2762 2600
f 2600 2763 2602
f 2600 2762 2763
f 2602 2764 2603
f 2602 2763 2764
f 2603 2765 2604
f 2603 2764 2765
f 2604 2766 2605
f 2604 2765 2766
f 2605 2767 2606
f 2605 2766 2767
f 2606 2768 2607
f 2606 2767 2768
f 2607 2769 2608
f 2607 2768 2769
f 2608 2770 2609
f 2608 2769 2770
f 2609 2771 2610
f 2609 2770 2771
f 2610 2772 2611
f 2610 2771 2772
f 2611 2773 2612
f 2611 2772 2773
f 2612 2774 2613
f 2612 2773 2774
f 2613 2775 2614
f 2613 2774 2775
f 2615 2614 2776
f 2614 2777 2776
f 2614 2775 2777
f 2776 2777 2618
f 2777 2617 2618
f 2777 2778 2617
f 2617 2779 2619
f 2617 2778 2779
f 2619 2780 2620
f 2619 2779 2780
f 2620 2781 2621
f 2620 2780 2781
f 2621 2782 2622
f 2621 2781 2782
f 2623 2622 2783
f 2622 2784 2783
f 2622 2782 2784
f 2786 2785 2784
f 2784 2785 2783
f 2788 2787 2786
f 2786 2787 2785
f 2790 2789 2788
f 2788 2789 2787
f 2792 2791 2790
f 2790 2791 2789
f 2794 2793 2792
f 2792 2793 2791
f 2796 2795 2794
f 2794 2795 2793
f 2798 2797 2796
f 2796 2797 2795
f 2800 2799 2798
f 2798 2799 2797
f 2799 2800 2634
f 2800 2633 2634
f 2800 2801 2633
f 2633 2802 2635
f 2633 2801 2802
f 2636 2635 2803
f 2635 2804 2803
f 2635 2802 2804
f 2806 2805 2804
f 2804 2805 2803
f 2808 2807 2806
f 2806 2807 2805
f 2807 2808 2640
f 2808 2639 2640
f 2808 2809 2639
f 2639 2810 2641
f 2639 2809 2810
f 2641 2811 2642
f 2641 2810 2811
f 2643 2642 2812
f 2642 2813 2812
f 2642 2811 2813
f 2812 2813 2646
f 2813 2645 2646
f 2813 2814 2645
f 2645 2815 2647
f 2645 2814 2815
f 2647 2816 2648
f 2647 2815 2816
f 2649 2648 2817
f 2648 2818 2817
f 2648 2816 2818
f 2820 2819 2818
f 2818 2819 2817
f 2819 2820 2653
f 2820 2652 2653
f 2820 2821 2652
f 2654 2652 2822
f 2652 2823 2822
f 2652 2821 2823
f 2825 2824 2823
f 2823 2824 2822
f 2824 2825 2658
f 2825 2657 2658
f 2825 2826 2657
f 2657 2827 2659
f 2657 2826 2827
f 2660 2659 2828
f 2659 2829 2828
f 2659 2827 2829
f 2831 2830 2829
f 2829 2830 2828
f 2833 2832 2831
f 2831 2832 2830
f 2664 2834 2666
f 2664 2835 2834
f 2666 2836 2669
f 2666 2834 2836
f 2669 2837 2671
f 2669 2836 2837
f 2671 2838 2673
f 2671 2837 2838
f 2673 2839 2675
f 2673 2838 2839
f 2675 2840 2677
f 2675 2839 2840
f 2677 2841 2679
f 2677 2840 2841
f 2679 2842 2681
f 2679 2841 2842
f 2682 2681 2843
f 2681 2844 2843
f 2681 2842 2844
f 2843 2844 2684
f 2844 2683 2684
f 2844 2845 2683
f 2683 2846 2686
f 2683 2845 2846
f 2686 2847 2688
f 2686 2846 2847
f 2688 2848 2690
f 2688 2847 2848
f 2690 2849 2692
f 2690 2848 2849
f 2693 2692 2850
f 2692 2851 2850
f 2692 2849 2851
f 2851 2852 2850
f 2855 2854 2853
f 2857 2856 2853
f 2853 2856 2855
f 2857 2858 2856
f 2861 2860 2859
f 2863 2862 2859
f 2859 2862 2861
f 2865 2864 2863
f 2863 2864 2862
f 2867 2866 2865
f 2865 2866 2864
f 2869 2868 2867
f 2867 2868 2866
f 2871 2870 2869
f 2869 2870 2868
f 2873 2872 2871
f 2871 2872 2870
f 2875 2874 2873
f 2873 2874 2872
f 2877 2876 2875
f 2875 2876 2874
f 2879 2878 2877
f 2877 2878 2876
f 2881 2880 2879
f 2879 2880 2878
f 2880 2881 2695
f 2881 2694 2695
f 2881 2882 2694
f 2694 2883 2697
f 2694 2882 2883
f 2697 2884 2699
f 2697 2883 2884
f 2699 2885 2701
f 2699 2884 2885
f 2701 2886 2703
f 2701 2885 2886
f 2704 2703 2887
f 2703 2888 2887
f 2703 2886 2888
f 2890 2889 2888
f 2888 2889 2887
f 2889 2890 2706
f 2890 2705 2706
f 2890 2891 2705
f 2705 2892 2708
f 2705 2891 2892
f 2708 2893 2710
f 2708 2892 2893
f 2710 2894 2712
f 2710 2893 2894
f 2712 2895 2714
f 2712 2894 2895
f 2714 2896 2716
f 2714 2895 2896
f 2716 2897 2718
f 2716 2896 2897
f 2718 2898 2720
f 2718 2897 2898
f 2720 2899 2721
f 2720 2898 2899
f 2721 2900 2722
f 2721 2899 2900
f 2722 2901 2723
f 2722 2900 2901
f 2723 2902 2724
f 2723 2901 2902
f 2724 2903 2725
f 2724 2902 2903
f 2725 2904 2727
f 2725 2903 2904
f 2728 2727 2905
f 2727 2906 2905
f 2727 2904 2906
f 2908 2907 2906
f 2906 2907 2905
f 2907 2908 2730
f 2908 2729 2730
f 2908 2909 2729
f 2729 2910 2733
f 2729 2909 2910
f 2733 2911 2735
f 2733 2910 2911
f 2735 2912 2737
f 2735 2911 2912
f 2737 2913 2738
f 2737 2912 2913
f 2738 2914 2739
f 2738 2913 2914
f 2739 2915 2740
f 2739 2914 2915
f 2740 2916 2741
f 2740 2915 2916
f 2741 2917 2743
f 2741 2916 2917
f 2743 2918 2745
f 2743 2917 2918
f 2745 2919 2747
f 2745 2918 2919
f 2747 2920 2748
f 2747 2919 2920
f 2748 2921 2749
f 2748 2920 2921
f 2749 2922 2750
f 2749 2921 2922
f 2750 2923 2751
f 2750 2922 2923
f 2751 2924 2752
f 2751 2923 2924
f 2752 2925 2753
f 2752 2924 2925
f 2753 2926 2755
f 2753 2925 2926
f 2755 2927 2757
f 2755 2926 2927
f 2757 2928 2759
f 2757 2927 2928
f 2759 2929 2761
f 2759 2928 2929
f 2761 2930 2762
f 2761 2929 2930
f 2762 2931 2763
f 2762 2930 2931
f 2763 2932 2764
f 2763 2931 2932
f 2764 2933 2765
f 2764 2932 2933
f 2765 2934 2766
f 2765 2933 2934
f 2766 2935 2767
f 2766 2934 2935
f 2767 2936 2768
f 2767 2935 2936
f 2768 2937 2769
f 2768 2936 2937
f 2769 2938 2770
f 2769 2937 2938
f 2770 2939 2771
f 2770 2938 2939
f 2771 2940 2772
f 2771 2939 2940
f 2772 2941 2773
f 2772 2940 2941
f 2773 2942 2774
f 2773 2941 2942
f 2774 2943 2775
f 2774 2942 2943
f 2775 2944 2777
f 2775 2943 2944
f 2777 2945 2778
f 2777 2944 2945
f 2778 2946 2779
f 2778 2945 2946
f 2779 2947 2780
f 2779 2946 2947
f 2780 2948 2781
f 2780 2947 2948
f 2781 2949 2782
f 2781 2948 2949
f 2782 2950 2784
f 2782 2949 2950
f 2784 2951 2786
f 2784 2950 2951
f 2786 2952 2788
f 2786 2951 2952
f 2788 2953 2790
f 2788 2952 2953
f 2790 2954 2792
f 2790 2953 2954
f 2792 2955 2794
f 2792 2954 2955
f 2794 2956 2796
f 2794 2955 2956
f 2796 2957 2798
f 2796 2956 2957
f 2798 2958 2800
f 2798 2957 2958
f 2800 2959 2801
f 2800 2958 2959
f 2801 2960 2802
f 2801 2959 2960
f 2802 2961 2804
f 2802 2960 2961
f 2804 2962 2806
f 2804 2961 2962
f 2806 2963 2808
f 2806 2962 2963
f 2808 2964 2809
f 2808 2963 2964
f 2809 2965 2810
f 2809 2964 2965
f 2810 2966 2811
f 2810 2965 2966
f 2811 2967 2813
f 2811 2966 2967
f 2813 2968 2814
f 2813 2967 2968
f 2814 2969 2815
f 2814 2968 2969
f 2815 2970 2816
f 2815 2969 2970
f 2816 2971 2818
f 2816 2970 2971
f 2818 2972 2820
f 2818 2971 2972
f 2820 2973 2821
f 2820 2972 2973
f 2821 2974 2823
f 2821 2973 2974
f 2823 2975 2825
f 2823 2974 2975
f 2825 2976 2826
f 2825 2975 2976
f 2826 2977 2827
f 2826 2976 2977
f 2827 2978 2829
f 2827 2977 2978
f 2829 2979 2831
f 2829 2978 2979
f 2831 2980 2833
f 2831 2979 2980
f 2835 2981 2834
f 2835 2982 2981
f 2834 2983 2836
f 2834 2981 2983
f 2836 2984 2837
f 2836 2983 2984
f 2837 2985 2838
f 2837 2984 2985
f 2838 2986 2839
f 2838 2985 2986
f 2839 2987 2840
f 2839 2986 2987
f 2840 2988 2841
f 2840 2987 2988
f 2990 2842 2989
f 2842 2988 2989
f 2842 2841 2988
f 2842 2990 2844
f 2844 2990 2991
f 2993 2992 2991
f 2992 2844 2991
f 2992 2845 2844
f 2845 2994 2846
f 2845 2992 2994
f 2846 2995 2847
f 2846 2994 2995
f 2997 2848 2996
f 2848 2995 2996
f 2848 2847 2995
f 2848 2997 2849
f 2849 2997 2998
f 2849 2998 2851
f 2851 2998 2999
f 2851 2999 2852
f 2854 3000 2853
f 2853 3000 2857
f 2857 3000 3001
f 2857 3001 2858
f 2860 3002 2859
f 2859 3002 2863
f 2863 3002 3003
f 2863 3003 2865
f 2865 3003 3004
f 2865 3004 2867
f 2867 3004 3005
f 2867 3005 2869
f 2869 3005 3006
f 2869 3006 2871
f 2871 3006 3007
f 2871 3007 2873
f 2873 3007 3008
f 2873 3008 2875
f 2875 3008 3009
f 3011 3010 3009
f 3010 2875 3009
f 3010 2877 2875
f 2877 3012 2879
f 2877 3010 3012
f 2879 3013 2881
f 2879 3012 3013
f 2881 3014 2882
f 2881 3013 3014
f 2882 3015 2883
f 2882 3014 3015
f 2883 3016 2884
f 2883 3015 3016
f 2884 3017 2885
f 2884 3016 3017
f 2885 3018 2886
f 2885 3017 3018
f 2886 3019 2888
f 2886 3018 3019
f 2888 3020 2890
f 2888 3019 3020
f 2890 3021 2891
f 2890 3020 3021
f 2891 3022 2892
f 2891 3021 3022
f 2892 3023 2893
f 2892 3022 3023
f 2893 3024 2894
f 2893 3023 3024
f 2894 3025 2895
f 2894 3024 3025
f 2895 3026 2896
f 2895 3025 3026
f 2896 3027 2897
f 2896 3026 3027
f 2897 3028 2898
f 2897 3027 3028
f 2898 3029 2899
f 2898 3028 3029
f 2899 3030 2900
f 2899 3029 3030
f 2900 3031 2901
f 2900 3030 3031
f 2901 3032 2902
f 2901 3031 3032
f 2902 3033 2903
f 2902 3032 3033
f 2903 3034 2904
f 2903 3033 3034
f 2904 3035 2906
f 2904 3034 3035
f 2906 3036 2908
f 2906 3035 3036
f 2908 3037 2909
f 2908 3036 3037
f 2909 3038 2910
f 2909 3037 3038
f 2910 3039 2911
f 2910 3038 3039
f 2911 3040 2912
f 2911 3039 3040
f 2912 3041 2913
f 2912 3040 3041
f 2913 3042 2914
f 2913 3041 3042
f 2914 3043 2915
f 2914 3042 3043
f 2915 3044 2916
f 2915 3043 3044
f 2916 3045 2917
f 2916 3044 3045
f 2917 3046 2918
f 2917 3045 3046
f 2918 3047 2919
f 2918 3046 3047
f 2919 3048 2920
f 2919 3047 3048
f 2920 3049 2921
f 2920 3048 3049
f 2921 3050 2922
f 2921 3049 3050
f 2922 3051 2923
f 2922 3050 3051
f 2923 3052 2924
f 2923 3051 3052
f 2924 3053 2925
f 2924 3052 3053
f 2925 3054 2926
f 2925 3053 3054
f 2926 3055 2927
f 2926 3054 3055
f 2927 3056 2928
f 2927 3055 3056
f 2928 3057 2929
f 2928 3056 3057
f 2929 3058 2930
f 2929 3057 3058
f 2930 3059 2931
f 2930 3058 3059
f 2931 3060 2932
f 2931 3059 3060
f 2932 3061 2933
f 2932 3060 3061
f 2933 3062 2934
f 2933 3061 3062
f 2934 3063 2935
f 2934 3062 3063
f 2935 3064 2936
f 2935 3063 3064
f 2936 3065 2937
f 2936 3064 3065
f 2937 3066 2938
f 2937 3065 3066
f 2938 3067 2939
f 2938 3066 3067
f 2939 3068 2940
f 2939 3067 3068
f 2940 3069 2941
f 2940 3068 3069
f 2941 3070 2942
f 2941 3069 3070
f 2942 3071 2943
f 2942 3070 3071
f 2943 3072 2944
f 2943 3071 3072
f 2944 3073 2945
f 2944 3072 3073
f 2945 3074 2946
f 2945 3073 3074
f 2946 3075 2947
f 2946 3074 3075
f 2947 3076 2948
f 2947 3075 3076
f 2948 3077 2949
f 2948 3076 3077
f 2949 3078 2950
f 2949 3077 3078
f 2950 3079 2951
f 2950 3078 3079
f 2951 3080 2952
f 2951 3079 3080
f 2952 3081 2953
f 2952 3080 3081
f 2953 3082 2954
f 2953 3081 3082
f 2954 3083 2955
f 2954 3082 3083
f 2955 3084 2956
f 2955 3083 3084
f 2956 3085 2957
f 2956 3084 3085
f 2957 3086 2958
f 2957 3085 3086
f 2958 3087 2959
f 2958 3086 3087
f 2959 3088 2960
f 2959 3087 3088
f 2960 3089 2961
f 2960 3088 3089
f 2961 3090 2962
f 2961 3089 3090
f 2962 3091 2963
f 2962 3090 3091
f 2963 3092 2964
f 2963 3091 3092
f 2964 3093 2965
f 2964 3092 3093
f 2965 3094 2966
f 2965 3093 3094
f 2966 3095 2967
f 2966 3094 3095
f 2967 3096 2968
f 2967 3095 3096
f 2968 3097 2969
f 2968 3096 3097
f 2969 3098 2970
f 2969 3097 3098
f 2970 3099 2971
f 2970 3098 3099
f 2971 3100 2972
f 2971 3099 3100
f 2972 3101 2973
f 2972 3100 3101
f 2973 3102 2974
f 2973 3101 3102
f 2974 3103 2975
f 2974 3102 3103
f 2975 3104 2976
f 2975 3103 3104
f 2976 3105 2977
f 2976 3104 3105
f 2977 3106 2978
f 2977 3105 3106
f 2978 3107 2979
f 2978 3106 3107
f 2979 3108 2980
f 2979 3107 3108
f 2982 3109 2981
f 2981 3109 3110
f 2981 3110 2983
f 2983 3110 3111
f 2983 3111 2984
f 2984 3111 3112
f 2984 3112 2985
f 2985 3112 3113
f 2985 3113 2986
f 2986 3113 3114
f 2986 3114 2987
f 2987 3114 3115
f 2987 3115 2988
f 2988 3115 3116
f 2988 3116 2989
f 2993 3117 2992
f 2992 3117 2994
f 2994 3117 3118
f 2994 3118 2995
f 2995 3118 3119
f 2995 3119 2996
f 3011 3120 3010
f 3010 3120 3012
f 3012 3120 3121
f 3012 3121 3013
f 3013 3121 3122
f 3013 3122 3014
f 3014 3122 3123
f 3014 3123 3015
f 3015 3123 3124
f 3015 3124 3016
f 3016 3124 3125
f 3016 3125 3017
f 3017 3125 3126
f 3017 3126 3018
f 3018 3126 3127
f 3018 3127 3019
f 3019 3127 3128
f 3019 3128 3020
f 3020 3128 3129
f 3020 3129 3021
f 3021 3129 3130
f 3021 3130 3022
f 3022 3130 3131
f 3022 3131 3023
f 3023 3131 3132
f 3023 3132 3024
f 3024 3132 3133
f 3024 3133 3025
f 3025 3133 3134
f 3025 3134 3026
f 3026 3134 3135
f 3026 3135 3027
f 3027 3135 3136
f 3027 3136 3028
f 3028 3136 3137
f 3028 3137 3029
f 3029 3137 3138
f 3029 3138 3030
f 3030 3138 3139
f 3030 3139 3031
f 3031 3139 3140
f 3031 3140 3032
f 3032 3140 3141
f 3032 3141 3033
f 3033 3141 3142
f 3033 3142 3034
f 3034 3142 3143
f 3034 3143 3035
f 3035 3143 3144
f 3035 3144 3036
f 3036 3144 3145
f 3036 3145 3037
f 3037 3145 3146
f 3037 3146 3038
f 3038 3146 3147
f 3038 3147 3039
f 3039 3147 3148
f 3039 3148 3040
f 3040 3148 3149
f 3040 3149 3041
f 3041 3149 3150
f 3041 3150 3042
f 3042 3150 3151
f 3042 3151 3043
f 3043 3151 3152
f 3043 3152 3044
f 3044 3152 3153
f 3044 3153 3045
f 3045 3153 3154
f 3045 3154 3046
f 3046 3154 3155
f 3046 3155 3047
f 3047 3155 3156
f 3047 3156 3048
f 3048 3156 3157
f 3159 3158 3157
f 3158 3048 3157
f 3158 3049 3048
f 3049 3160 3050
f 3049 3158 3160
f 3050 3161 3051
f 3050 3160 3161
f 3051 3162 3052
f 3051 3161 3162
f 3164 3053 3163
f 3053 3162 3163
f 3053 3052 3162
f 3053 3164 3054
f 3054 3164 3165
f 3054 3165 3055
f 3055 3165 3166
f 3055 3166 3056
f 3056 3166 3167
f 3056 3167 3057
f 3057 3167 3168
f 3170 3169 3168
f 3169 3057 3168
f 3169 3058 3057
f 3058 3171 3059
f 3058 3169 3171
f 3059 3172 3060
f 3059 3171 3172
f 3060 3173 3061
f 3060 3172 3173
f 3061 3174 3062
f 3061 3173 3174
f 3062 3175 3063
f 3062 3174 3175
f 3063 3176 3064
f 3063 3175 3176
f 3064 3177 3065
f 3064 3176 3177
f 3065 3178 3066
f 3065 3177 3178
f 3066 3179 3067
f 3066 3178 3179
f 3067 3180 3068
f 3067 3179 3180
f 3182 3069 3181
f 3069 3180 3181
f 3069 3068 3180
f 3069 3182 3070
f 3070 3182 3183
f 3070 3183 3071
f 3071 3183 3184
f 3186 3185 3184
f 3185 3071 3184
f 3185 3072 3071
f 3072 3187 3073
f 3072 3185 3187
f 3073 3188 3074
f 3073 3187 3188
f 3074 3189 3075
f 3074 3188 3189
f 3075 3190 3076
f 3075 3189 3190
f 3076 3191 3077
f 3076 3190 3191
f 3193 3078 3192
f 3078 3191 3192
f 3078 3077 3191
f 3078 3193 3079
f 3079 3193 3194
f 3079 3194 3080
f 3080 3194 3195
f 3080 3195 3081
f 3081 3195 3196
f 3081 3196 3082
f 3082 3196 3197
f 3082 3197 3083
f 3083 3197 3198
f 3083 3198 3084
f 3084 3198 3199
f 3084 3199 3085
f 3085 3199 3200
f 3085 3200 3086
f 3086 3200 3201
f 3086 3201 3087
f 3087 3201 3202
f 3204 3203 3202
f 3203 3087 3202
f 3203 3088 3087
f 3206 3089 3205
f 3089 3203 3205
f 3089 3088 3203
f 3089 3206 3090
f 3090 3206 3207
f 3090 3207 3091
f 3091 3207 3208
f 3091 3208 3092
f 3092 3208 3209
f 3092 3209 3093
f 3093 3209 3210
f 3093 3210 3094
f 3094 3210 3211
f 3094 3211 3095
f 3095 3211 3212
f 3095 3212 3096
f 3096 3212 3213
f 3215 3214 3213
f 3214 3096 3213
f 3214 3097 3096
f 3217 3098 3216
f 3098 3214 3216
f 3098 3097 3214
f 3098 3217 3099
f 3099 3217 3218
f 3099 3218 3100
f 3100 3218 3219
f 3100 3219 3101
f 3101 3219 3220
f 3101 3220 3102
f 3102 3220 3221
f 3102 3221 3103
f 3103 3221 3222
f 3103 3222 3104
f 3104 3222 3223
f 3104 3223 3105
f 3105 3223 3224
f 3105 3224 3106
f 3106 3224 3225
f 3106 3225 3107
f 3107 3225 3226
f 3107 3226 3108
f 3108 3226 3227
f 3159 3228 3158
f 3158 3228 3160
f 3160 3228 3229
f 3160 3229 3161
f 3161 3229 3230
f 3161 3230 3162
f 3162 3230 3231
f 3162 3231 3163
f 3170 3232 3169
f 3169 3232 3171
f 3171 3232 3233
f 3171 3233 3172
f 3172 3233 3234
f 3172 3234 3173
f 3173 3234 3235
f 3173 3235 3174
f 3174 3235 3236
f 3174 3236 3175
f 3175 3236 3237
f 3175 3237 3176
f 3176 3237 3238
f 3176 3238 3177
f 3177 3238 3239
f 3241 3240 3239
f 3240 3177 3239
f 3240 3178 3177
f 3243 3179 3242
f 3179 3240 3242
f 3179 3178 3240
f 3179 3243 3180
f 3180 3243 3244
f 3180 3244 3181
f 3186 3245 3185
f 3185 3245 3187
f 3187 3245 3246
f 3187 3246 3188
f 3188 3246 3247
f 3249 3248 3247
f 3248 3188 3247
f 3248 3189 3188
f 3251 3190 3250
f 3190 3248 3250
f 3190 3189 3248
f 3190 3251 3191
f 3191 3251 3252
f 3191 3252 3192
f 3204 3253 3203
f 3203 3253 3205
f 3215 3254 3214
f 3214 3254 3216
f 3257 3256 3255
f 3259 3258 3255
f 3255 3258 3257
f 3261 3260 3259
f 3259 3260 3258
f 3263 3262 3261
f 3261 3262 3260
f 3265 3264 3263
f 3263 3264 3262
f 3265 3266 3264
f 3269 3268 3267
f 3271 3270 3267
f 3267 3270 3269
f 3273 3272 3271
f 3271 3272 3270
f 3275 3274 3273
f 3273 3274 3272
f 3277 3276 3275
f 3275 3276 3274
f 3279 3278 3277
f 3277 3278 3276
f 3281 3280 3279
f 3279 3280 3278
f 3283 3282 3281
f 3281 3282 3280
f 3285 3284 3283
f 3283 3284 3282
f 3284 3285 3241
f 3285 3240 3241
f 3285 3286 3240
f 3242 3240 3287
f 3240 3288 3287
f 3240 3286 3288
f 3290 3289 3288
f 3288 3289 3287
f 3292 3291 3290
f 3290 3291 3289
f 3294 3293 3292
f 3292 3293 3291
f 3296 3295 3294
f 3294 3295 3293
f 3298 3297 3296
f 3296 3297 3295
f 3300 3299 3298
f 3298 3299 3297
f 3302 3301 3300
f 3300 3301 3299
f 3301 3302 3249
f 3302 3248 3249
f 3302 3303 3248
f 3250 3248 3304
f 3248 3305 3304
f 3248 3303 3305
f 3307 3306 3305
f 3305 3306 3304
f 3309 3308 3307
f 3307 3308 3306
f 3311 3310 3309
f 3309 3310 3308
f 3313 3312 3311
f 3311 3312 3310
f 3313 3314 3312
f 3317 3316 3315
f 3319 3318 3315
f 3315 3318 3317
f 3319 3320 3318
f 3323 3322 3321
f 3325 3324 3321
f 3321 3324 3323
f 3325 3326 3324
f 3329 3328 3327
f 3331 3330 3327
f 3327 3330 3329
f 3333 3332 3331
f 3331 3332 3330
f 3335 3334 3333
f 3333 3334 3332
f 3337 3336 3335
f 3335 3336 3334
f 3337 3338 3336
f 3341 3340 3339
f 3339 3342 3341
f 3345 3344 3343
f 3347 3346 3343
f 3343 3346 3345
f 3349 3348 3347
f 3347 3348 3346
f 3351 3350 3349
f 3349 3350 3348
f 3353 3352 3351
f 3351 3352 3350
f 3355 3354 3353
f 3353 3354 3352
f 3357 3356 3355
f 3355 3356 3354
f 3359 3358 3357
f 3357 3358 3356
f 3359 3360 3358
f 3363 3362 3361
f 3365 3364 3361
f 3361 3364 3363
f 3367 3366 3365
f 3365 3366 3364
f 3367 3368 3366
f 3371 3370 3369
f 3373 3372 3369
f 3369 3372 3371
f 3375 3374 3373
f 3373 3374 3372
f 3377 3376 3375
f 3375 3376 3374
f 3379 3378 3377
f 3377 3378 3376
f 3381 3380 3379
f 3379 3380 3378
f 3383 3382 3381
f 3381 3382 3380
f 3385 3384 3383
f 3383 3384 3382
f 3384 3385 3256
f 3385 3255 3256
f 3385 3386 3255
f 3255 3387 3259
f 3255 3386 3387
f 3259 3388 3261
f 3259 3387 3388
f 3261 3389 3263
f 3261 3388 3389
f 3263 3390 3265
f 3263 3389 3390
f 3266 3265 3391
f 3265 3392 3391
f 3265 3390 3392
f 3394 3393 3392
f 3392 3393 3391
f 3396 3395 3394
f 3394 3395 3393
f 3395 3396 3268
f 3396 3267 3268
f 3396 3397 3267
f 3267 3398 3271
f 3267 3397 3398
f 3271 3399 3273
f 3271 3398 3399
f 3273 3400 3275
f 3273 3399 3400
f 3275 3401 3277
f 3275 3400 3401
f 3277 3402 3279
f 3277 3401 3402
f 3279 3403 3281
f 3279 3402 3403
f 3281 3404 3283
f 3281 3403 3404
f 3283 3405 3285
f 3283 3404 3405
f 3285 3406 3286
f 3285 3405 3406
f 3286 3407 3288
f 3286 3406 3407
f 3288 3408 3290
f 3288 3407 3408
f 3290 3409 3292
f 3290 3408 3409
f 3292 3410 3294
f 3292 3409 3410
f 3294 3411 3296
f 3294 3410 3411
f 3296 3412 3298
f 3296 3411 3412
f 3298 3413 3300
f 3298 3412 3413
f 3300 3414 3302
f 3300 3413 3414
f 3302 3415 3303
f 3302 3414 3415
f 3303 3416 3305
f 3303 3415 3416
f 3305 3417 3307
f 3305 3416 3417
f 3307 3418 3309
f 3307 3417 3418
f 3309 3419 3311
f 3309 3418 3419
f 3311 3420 3313
f 3311 3419 3420
f 3314 3313 3421
f 3313 3422 3421
f 3313 3420 3422
f 3424 3423 3422
f 3422 3423 3421
f 3423 3424 3316
f 3424 3315 3316
f 3424 3425 3315
f 3315 3426 3319
f 3315 3425 3426
f 3320 3319 3427
f 3319 3428 3427
f 3319 3426 3428
f 3430 3429 3428
f 3428 3429 3427
f 3432 3431 3430
f 3430 3431 3429
f 3431 3432 3322
f 3432 3321 3322
f 3432 3433 3321
f 3321 3434 3325
f 3321 3433 3434
f 3326 3325 3435
f 3325 3436 3435
f 3325 3434 3436
f 3438 3437 3436
f 3436 3437 3435
f 3440 3439 3438
f 3438 3439 3437
f 3439 3440 3328
f 3440 3327 3328
f 3440 3441 3327
f 3327 3442 3331
f 3327 3441 3442
f 3331 3443 3333
f 3331 3442 3443
f 3333 3444 3335
f 3333 3443 3444
f 3335 3445 3337
f 3335 3444 3445
f 3338 3337 3446
f 3337 3447 3446
f 3337 3445 3447
f 3447 3448 3446
f 3451 3450 3449
f 3453 3452 3449
f 3449 3452 3451
f 3453 3454 3452
f 3340 3455 3339
f 3339 3455 3342
f 3344 3456 3343
f 3343 3456 3347
f 3347 3456 3457
f 3347 3457 3349
f 3349 3457 3458
f 3349 3458 3351
f 3351 3458 3459
f 3351 3459 3353
f 3353 3459 3460
f 3353 3460 3355
f 3355 3460 3461
f 3355 3461 3357
f 3357 3461 3462
f 3357 3462 3359
f 3359 3462 3463
f 3359 3463 3360
f 3362 3464 3361
f 3361 3464 3365
f 3365 3464 3465
f 3365 3465 3367
f 3367 3465 3466
f 3367 3466 3368
f 3370 3467 3369
f 3369 3467 3373
f 3373 3467 3468
f 3373 3468 3375
f 3375 3468 3469
f 3375 3469 3377
f 3377 3469 3470
f 3377 3470 3379
f 3379 3470 3471
f 3379 3471 3381
f 3381 3471 3472
f 3381 3472 3383
f 3383 3472 3473
f 3383 3473 3385
f 3385 3473 3474
f 3476 3475 3474
f 3475 3385 3474
f 3475 3386 3385
f 3386 3477 3387
f 3386 3475 3477
f 3387 3478 3388
f 3387 3477 3478
f 3480 3389 3479
f 3389 3478 3479
f 3389 3388 3478
f 3389 3480 3390
f 3390 3480 3481
f 3390 3481 3392
f 3392 3481 3482
f 3392 3482 3394
f 3394 3482 3483
f 3394 3483 3396
f 3396 3483 3484
f 3486 3485 3484
f 3485 3396 3484
f 3485 3397 3396
f 3397 3487 3398
f 3397 3485 3487
f 3398 3488 3399
f 3398 3487 3488
f 3399 3489 3400
f 3399 3488 3489
f 3400 3490 3401
f 3400 3489 3490
f 3401 3491 3402
f 3401 3490 3491
f 3402 3492 3403
f 3402 3491 3492
f 3403 3493 3404
f 3403 3492 3493
f 3404 3494 3405
f 3404 3493 3494
f 3405 3495 3406
f 3405 3494 3495
f 3406 3496 3407
f 3406 3495 3496
f 3407 3497 3408
f 3407 3496 3497
f 3408 3498 3409
f 3408 3497 3498
f 3409 3499 3410
f 3409 3498 3499
f 3410 3500 3411
f 3410 3499 3500
f 3411 3501 3412
f 3411 3500 3501
f 3412 3502 3413
f 3412 3501 3502
f 3413 3503 3414
f 3413 3502 3503
f 3414 3504 3415
f 3414 3503 3504
f 3415 3505 3416
f 3415 3504 3505
f 3416 3506 3417
f 3416 3505 3506
f 3417 3507 3418
f 3417 3506 3507
f 3418 3508 3419
f 3418 3507 3508
f 3419 3509 3420
f 3419 3508 3509
f 3511 3422 3510
f 3422 3509 3510
f 3422 3420 3509
f 3422 3511 3424
f 3424 3511 3512
f 3514 3513 3512
f 3513 3424 3512
f 3513 3425 3424
f 3516 3426 3515
f 3426 3513 3515
f 3426 3425 3513
f 3426 3516 3428
f 3428 3516 3517
f 3428 3517 3430
f 3430 3517 3518
f 3430 3518 3432
f 3432 3518 3519
f 3521 3520 3519
f 3520 3432 3519
f 3520 3433 3432
f 3523 3434 3522
f 3434 3520 3522
f 3434 3433 3520
f 3434 3523 3436
f 3436 3523 3524
f 3436 3524 3438
f 3438 3524 3525
f 3438 3525 3440
f 3440 3525 3526
f 3440 3526 3441
f 3441 3526 3527
f 3441 3527 3442
f 3442 3527 3528
f 3442 3528 3443
f 3443 3528 3529
f 3443 3529 3444
f 3444 3529 3530
f 3444 3530 3445
f 3445 3530 3531
f 3445 3531 3447
f 3447 3531 3532
f 3447 3532 3448
f 3450 3533 3449
f 3449 3533 3453
f 3453 3533 3534
f 3453 3534 3454
f 3476 3535 3475
f 3475 3535 3477
f 3477 3535 3536
f 3477 3536 3478
f 3478 3536 3537
f 3478 3537 3479
f 3486 3538 3485
f 3485 3538 3487
f 3487 3538 3539
f 3487 3539 3488
f 3488 3539 3540
f 3488 3540 3489
f 3489 3540 3541
f 3489 3541 3490
f 3490 3541 3542
f 3490 3542 3491
f 3491 3542 3543
f 3491 3543 3492
f 3492 3543 3544
f 3492 3544 3493
f 3493 3544 3545
f 3493 3545 3494
f 3494 3545 3546
f 3494 3546 3495
f 3495 3546 3547
f 3495 3547 3496
f 3496 3547 3548
f 3496 3548 3497
f 3497 3548 3549
f 3497 3549 3498
f 3498 3549 3550
f 3498 3550 3499
f 3499 3550 3551
f 3499 3551 3500
f 3500 3551 3552
f 3500 3552 3501
f 3501 3552 3553
f 3501 3553 3502
f 3502 3553 3554
f 3502 3554 3503
f 3503 3554 3555
f 3503 3555 3504
f 3504 3555 3556
f 3504 3556 3505
f 3505 3556 3557
f 3505 3557 3506
f 3506 3557 3558
f 3506 3558 3507
f 3507 3558 3559
f 3507 3559 3508
f 3508 3559 3560
f 3508 3560 3509
f 3509 3560 3561
f 3509 3561 3510
f 3514 3562 3513
f 3513 3562 3515
f 3521 3563 3520
f 3520 3563 3522
f 3566 3565 3564
f 3568 3567 3564
f 3564 3567 3566
f 3570 3569 3568
f 3568 3569 3567
f 3572 3571 3570
f 3570 3571 3569
f 3574 3573 3572
f 3572 3573 3571
f 3576 3575 3574
f 3574 3575 3573
f 3578 3577 3576
f 3576 3577 3575
f 3580 3579 3578
f 3578 3579 3577
f 3582 3581 3580
f 3580 3581 3579
f 3582 3583 3581
f 3586 3585 3584
f 3588 3587 3584
f 3584 3587 3586
f 3590 3589 3588
f 3588 3589 3587
f 3592 3591 3590
f 3590 3591 3589
f 3594 3593 3592
f 3592 3593 3591
f 3596 3595 3594
f 3594 3595 3593
f 3598 3597 3596
f 3596 3597 3595
f 3600 3599 3598
f 3598 3599 3597
f 3602 3601 3600
f 3600 3601 3599
f 3604 3603 3602
f 3602 3603 3601
f 3606 3605 3604
f 3604 3605 3603
f 3608 3607 3606
f 3606 3607 3605
f 3610 3609 3608
f 3608 3609 3607
f 3609 3610 3565
f 3610 3564 3565
f 3610 3611 3564
f 3564 3612 3568
f 3564 3611 3612
f 3568 3613 3570
f 3568 3612 3613
f 3570 3614 3572
f 3570 3613 3614
f 3572 3615 3574
f 3572 3614 3615
f 3574 3616 3576
f 3574 3615 3616
f 3576 3617 3578
f 3576 3616 3617
f 3578 3618 3580
f 3578 3617 3618
f 3580 3619 3582
f 3580 3618 3619
f 3583 3582 3620
f 3582 3621 3620
f 3582 3619 3621
f 3623 3622 3621
f 3621 3622 3620
f 3625 3624 3623
f 3623 3624 3622
f 3625 3626 3624
f 3584 3585 3627
f 3627 3585 3628
f 3584 3629 3588
f 3584 3627 3629
f 3631 3590 3630
f 3590 3629 3630
f 3590 3588 3629
f 3590 3631 3592
f 3592 3631 3632
f 3634 3633 3632
f 3633 3592 3632
f 3633 3594 3592
f 3636 3596 3635
f 3596 3633 3635
f 3596 3594 3633
f 3596 3636 3598
f 3598 3636 3637
f 3639 3638 3637
f 3638 3598 3637
f 3638 3600 3598
f 3600 3640 3602
f 3600 3638 3640
f 3602 3641 3604
f 3602 3640 3641
f 3643 3606 3642
f 3606 3641 3642
f 3606 3604 3641
f 3645 3644 3643
f 3644 3606 3643
f 3644 3608 3606
f 3608 3646 3610
f 3608 3644 3646
f 3610 3647 3611
f 3610 3646 3647
f 3611 3648 3612
f 3611 3647 3648
f 3612 3649 3613
f 3612 3648 3649
f 3613 3650 3614
f 3613 3649 3650
f 3614 3651 3615
f 3614 3650 3651
f 3615 3652 3616
f 3615 3651 3652
f 3616 3653 3617
f 3616 3652 3653
f 3617 3654 3618
f 3617 3653 3654
f 3656 3619 3655
f 3619 3654 3655
f 3619 3618 3654
f 3658 3657 3656
f 3657 3619 3656
f 3657 3621 3619
f 3621 3659 3623
f 3621 3657 3659
f 3661 3625 3660
f 3625 3659 3660
f 3625 3623 3659
f 3625 3661 3626
f 3628 3662 3627
f 3627 3662 3629
f 3629 3662 3663
f 3629 3663 3630
f 3634 3664 3633
f 3633 3664 3635
f 3639 3665 3638
f 3638 3665 3640
f 3640 3665 3666
f 3640 3666 3641
f 3641 3666 3667
f 3641 3667 3642
f 3645 3668 3644
f 3644 3668 3646
f 3646 3668 3669
f 3646 3669 3647
f 3647 3669 3670
f 3647 3670 3648
f 3648 3670 3671
f 3648 3671 3649
f 3649 3671 3672
f 3649 3672 3650
f 3650 3672 3673
f 3650 3673 3651
f 3651 3673 3674
f 3651 3674 3652
f 3652 3674 3675
f 3652 3675 3653
f 3653 3675 3676
f 3653 3676 3654
f 3654 3676 3677
f 3654 3677 3655
f 3658 3678 3657
f 3657 3678 3659
f 3659 3678 3679
f 3659 3679 3660
f 3682 3681 3680
f 3684 3683 3680
f 3680 3683 3682
f 3684 3685 3683
f 3688 3687 3686
f 3690 3689 3686
f 3686 3689 3688
f 3690 3691 3689
f 3694 3693 3692
f 3696 3695 3692
f 3692 3695 3694
f 3698 3697 3696
f 3696 3697 3695
f 3700 3699 3698
f 3698 3699 3697
f 3700 3701 3699
f 3704 3703 3702
f 3706 3705 3702
f 3702 3705 3704
f 3708 3707 3706
f 3706 3707 3705
f 3710 3709 3708
f 3708 3709 3707
f 3712 3711 3710
f 3710 3711 3709
f 3714 3713 3712
f 3712 3713 3711
f 3716 3715 3714
f 3714 3715 3713
f 3718 3717 3716
f 3716 3717 3715
f 3718 3719 3717
f 3722 3721 3720
f 3724 3723 3720
f 3720 3723 3722
f 3726 3725 3724
f 3724 3725 3723
f 3726 3727 3725
f 3730 3729 3728
f 3732 3731 3728
f 3728 3731 3730
f 3734 3733 3732
f 3732 3733 3731
f 3736 3735 3734
f 3734 3735 3733
f 3738 3737 3736
f 3736 3737 3735
f 3740 3739 3738
f 3738 3739 3737
f 3742 3741 3740
f 3740 3741 3739
f 3744 3743 3742
f 3742 3743 3741
f 3744 3745 3743
f 3748 3747 3746
f 3750 3749 3746
f 3746 3749 3748
f 3752 3751 3750
f 3750 3751 3749
f 3754 3753 3752
f 3752 3753 3751
f 3753 3754 3681
f 3754 3680 3681
f 3754 3755 3680
f 3680 3756 3684
f 3680 3755 3756
f 3685 3684 3757
f 3684 3758 3757
f 3684 3756 3758
f 3760 3759 3758
f 3758 3759 3757
f 3759 3760 3687
f 3760 3686 3687
f 3760 3761 3686
f 3686 3762 3690
f 3686 3761 3762
f 3691 3690 3763
f 3690 3764 3763
f 3690 3762 3764
f 3763 3764 3693
f 3764 3692 3693
f 3764 3765 3692
f 3692 3766 3696
f 3692 3765 3766
f 3696 3767 3698
f 3696 3766 3767
f 3698 3768 3700
f 3698 3767 3768
f 3701 3700 3769
f 3700 3770 3769
f 3700 3768 3770
f 3769 3770 3703
f 3770 3702 3703
f 3770 3771 3702
f 3702 3772 3706
f 3702 3771 3772
f 3706 3773 3708
f 3706 3772 3773
f 3708 3774 3710
f 3708 3773 3774
f 3710 3775 3712
f 3710 3774 3775
f 3712 3776 3714
f 3712 3775 3776
f 3714 3777 3716
f 3714 3776 3777
f 3716 3778 3718
f 3716 3777 3778
f 3719 3718 3779
f 3718 3780 3779
f 3718 3778 3780
f 3782 3781 3780
f 3780 3781 3779
f 3781 3782 3721
f 3782 3720 3721
f 3782 3783 3720
f 3720 3784 3724
f 3720 3783 3784
f 3724 3785 3726
f 3724 3784 3785
f 3727 3726 3786
f 3726 3787 3786
f 3726 3785 3787
f 3789 3788 3787
f 3787 3788 3786
f 3791 3790 3789
f 3789 3790 3788
f 3793 3792 3791
f 3791 3792 3790
f 3795 3794 3793
f 3793 3794 3792
f 3797 3796 3795
f 3795 3796 3794
f 3799 3798 3797
f 3797 3798 3796
f 3801 3800 3799
f 3799 3800 3798
f 3803 3802 3801
f 3801 3802 3800
f 3803 3804 3802
f 3807 3806 3805
f 3809 3808 3805
f 3805 3808 3807
f 3811 3810 3809
f 3809 3810 3808
f 3811 3812 3810
f 3815 3814 3813
f 3817 3816 3813
f 3813 3816 3815
f 3819 3818 3817
f 3817 3818 3816
f 3821 3820 3819
f 3819 3820 3818
f 3821 3822 3820
f 3825 3824 3823
f 3823 3826 3825
f 3829 3828 3827
f 3831 3830 3827
f 3827 3830 3829
f 3833 3832 3831
f 3831 3832 3830
f 3835 3834 3833
f 3833 3834 3832
f 3837 3836 3835
f 3835 3836 3834
f 3839 3838 3837
f 3837 3838 3836
f 3841 3840 3839
f 3839 3840 3838
f 3843 3842 3841
f 3841 3842 3840
f 3845 3844 3843
f 3843 3844 3842
f 3844 3845 3729
f 3845 3728 3729
f 3845 3846 3728
f 3728 3847 3732
f 3728 3846 3847
f 3732 3848 3734
f 3732 3847 3848
f 3734 3849 3736
f 3734 3848 3849
f 3736 3850 3738
f 3736 3849 3850
f 3738 3851 3740
f 3738 3850 3851
f 3740 3852 3742
f 3740 3851 3852
f 3742 3853 3744
f 3742 3852 3853
f 3745 3744 3854
f 3744 3855 3854
f 3744 3853 3855
f 3854 3855 3747
f 3855 3746 3747
f 3855 3856 3746
f 3746 3857 3750
f 3746 3856 3857
f 3750 3858 3752
f 3750 3857 3858
f 3752 3859 3754
f 3752 3858 3859
f 3754 3860 3755
f 3754 3859 3860
f 3755 3861 3756
f 3755 3860 3861
f 3756 3862 3758
f 3756 3861 3862
f 3758 3863 3760
f 3758 3862 3863
f 3760 3864 3761
f 3760 3863 3864
f 3761 3865 3762
f 3761 3864 3865
f 3762 3866 3764
f 3762 3865 3866
f 3764 3867 3765
f 3764 3866 3867
f 3765 3868 3766
f 3765 3867 3868
f 3766 3869 3767
f 3766 3868 3869
f 3767 3870 3768
f 3767 3869 3870
f 3768 3871 3770
f 3768 3870 3871
f 3770 3872 3771
f 3770 3871 3872
f 3771 3873 3772
f 3771 3872 3873
f 3772 3874 3773
f 3772 3873 3874
f 3773 3875 3774
f 3773 3874 3875
f 3774 3876 3775
f 3774 3875 3876
f 3775 3877 3776
f 3775 3876 3877
f 3776 3878 3777
f 3776 3877 3878
f 3777 3879 3778
f 3777 3878 3879
f 3778 3880 3780
f 3778 3879 3880
f 3780 3881 3782
f 3780 3880 3881
f 3782 3882 3783
f 3782 3881 3882
f 3783 3883 3784
f 3783 3882 3883
f 3784 3884 3785
f 3784 3883 3884
f 3785 3885 3787
f 3785 3884 3885
f 3787 3886 3789
f 3787 3885 3886
f 3789 3887 3791
f 3789 3886 3887
f 3791 3888 3793
f 3791 3887 3888
f 3793 3889 3795
f 3793 3888 3889
f 3795 3890 3797
f 3795 3889 3890
f 3797 3891 3799
f 3797 3890 3891
f 3799 3892 3801
f 3799 3891 3892
f 3801 3893 3803
f 3801 3892 3893
f 3804 3803 3894
f 3803 3895 3894
f 3803 3893 3895
f 3894 3895 3806
f 3895 3805 3806
f 3895 3896 3805
f 3805 3897 3809
f 3805 3896 3897
f 3809 3898 3811
f 3809 3897 3898
f 3812 3811 3899
f 3811 3900 3899
f 3811 3898 3900
f 3902 3901 3900
f 3900 3901 3899
f 3904 3903 3902
f 3902 3903 3901
f 3904 3905 3903
f 3908 3907 3906
f 3908 3906 3814
f 3906 3813 3814
f 3906 3909 3813
f 3813 3910 3817
f 3813 3909 3910
f 3817 3911 3819
f 3817 3910 3911
f 3819 3912 3821
f 3819 3911 3912
f 3822 3821 3913
f 3821 3914 3913
f 3821 3912 3914
f 3914 3915 3913
f 3918 3917 3916
f 3920 3919 3916
f 3916 3919 3918
f 3920 3921 3919
f 3824 3922 3823
f 3823 3922 3826
f 3828 3923 3827
f 3827 3923 3831
f 3831 3923 3924
f 3831 3924 3833
f 3833 3924 3925
f 3833 3925 3835
f 3835 3925 3926
f 3835 3926 3837
f 3837 3926 3927
f 3929 3928 3927
f 3928 3837 3927
f 3928 3839 3837
f 3931 3841 3930
f 3841 3928 3930
f 3841 3839 3928
f 3841 3931 3843
f 3843 3931 3932
f 3843 3932 3845
f 3845 3932 3933
f 3935 3934 3933
f 3934 3845 3933
f 3934 3846 3845
f 3846 3936 3847
f 3846 3934 3936
f 3847 3937 3848
f 3847 3936 3937
f 3848 3938 3849
f 3848 3937 3938
f 3849 3939 3850
f 3849 3938 3939
f 3850 3940 3851
f 3850 3939 3940
f 3851 3941 3852
f 3851 3940 3941
f 3852 3942 3853
f 3852 3941 3942
f 3853 3943 3855
f 3853 3942 3943
f 3945 3856 3944
f 3856 3943 3944
f 3856 3855 3943
f 3947 3946 3945
f 3946 3856 3945
f 3946 3857 3856
f 3857 3948 3858
f 3857 3946 3948
f 3858 3949 3859
f 3858 3948 3949
f 3859 3950 3860
f 3859 3949 3950
f 3860 3951 3861
f 3860 3950 3951
f 3861 3952 3862
f 3861 3951 3952
f 3862 3953 3863
f 3862 3952 3953
f 3863 3954 3864
f 3863 3953 3954
f 3864 3955 3865
f 3864 3954 3955
f 3865 3956 3866
f 3865 3955 3956
f 3866 3957 3867
f 3866 3956 3957
f 3867 3958 3868
f 3867 3957 3958
f 3868 3959 3869
f 3868 3958 3959
f 3869 3960 3870
f 3869 3959 3960
f 3870 3961 3871
f 3870 3960 3961
f 3871 3962 3872
f 3871 3961 3962
f 3872 3963 3873
f 3872 3962 3963
f 3873 3964 3874
f 3873 3963 3964
f 3874 3965 3875
f 3874 3964 3965
f 3875 3966 3876
f 3875 3965 3966
f 3876 3967 3877
f 3876 3966 3967
f 3877 3968 3878
f 3877 3967 3968
f 3878 3969 3879
f 3878 3968 3969
f 3879 3970 3880
f 3879 3969 3970
f 3880 3971 3881
f 3880 3970 3971
f 3881 3972 3882
f 3881 3971 3972
f 3882 3973 3883
f 3882 3972 3973
f 3883 3974 3884
f 3883 3973 3974
f 3884 3975 3885
f 3884 3974 3975
f 3885 3976 3886
f 3885 3975 3976
f 3886 3977 3887
f 3886 3976 3977
f 3887 3978 3888
f 3887 3977 3978
f 3980 3889 3979
f 3889 3978 3979
f 3889 3888 3978
f 3982 3981 3980
f 3981 3889 3980
f 3981 3890 3889
f 3890 3983 3891
f 3890 3981 3983
f 3891 3984 3892
f 3891 3983 3984
f 3892 3985 3893
f 3892 3984 3985
f 3987 3895 3986
f 3895 3985 3986
f 3895 3893 3985
f 3895 3987 3896
f 3896 3987 3988
f 3990 3989 3988
f 3989 3896 3988
f 3989 3897 3896
f 3897 3991 3898
f 3897 3989 3991
f 3898 3992 3900
f 3898 3991 3992
f 3994 3902 3993
f 3902 3992 3993
f 3902 3900 3992
f 3902 3994 3904
f 3904 3994 3995
f 3998 3997 3996
f 3904 3995 3905
f 3996 3997 3907
f 3997 3906 3907
f 3997 3999 3906
f 3906 4000 3909
f 3906 3999 4000
f 3909 4001 3910
f 3909 4000 4001
f 3910 4002 3911
f 3910 4001 4002
f 3911 4003 3912
f 3911 4002 4003
f 4005 3914 4004
f 3914 4003 4004
f 3914 3912 4003
f 3914 4005 3915
f 3916 3917 4006
f 4006 3917 4007
f 3916 4008 3920
f 3916 4006 4008
f 3921 3920 4009
f 3920 4010 4009
f 3920 4008 4010
f 4010 4011 4009
f 4014 4013 4012
f 4012 4015 4014
f 4018 4017 4016
f 4016 4019 4018
f 3929 4020 3928
f 3928 4020 3930
f 3935 4021 3934
f 4023 4022 4021
f 4022 3934 4021
f 4022 3936 3934
f 3936 4024 3937
f 3936 4022 4024
f 4026 3938 4025
f 3938 4024 4025
f 3938 3937 4024
f 3938 4026 3939
f 3939 4026 4027
f 4029 4028 4027
f 4028 3939 4027
f 4028 3940 3939
f 3940 4030 3941
f 3940 4028 4030
f 3941 4031 3942
f 3941 4030 4031
f 4033 3943 4032
f 3943 4031 4032
f 3943 3942 4031
f 3943 4033 3944
f 3946 3947 4034
f 4034 3947 4035
f 3946 4036 3948
f 3946 4034 4036
f 3948 4037 3949
f 3948 4036 4037
f 3949 4038 3950
f 3949 4037 4038
f 3950 4039 3951
f 3950 4038 4039
f 3951 4040 3952
f 3951 4039 4040
f 3952 4041 3953
f 3952 4040 4041
f 3953 4042 3954
f 3953 4041 4042
f 3954 4043 3955
f 3954 4042 4043
f 3955 4044 3956
f 3955 4043 4044
f 3956 4045 3957
f 3956 4044 4045
f 3957 4046 3958
f 3957 4045 4046
f 3958 4047 3959
f 3958 4046 4047
f 3959 4048 3960
f 3959 4047 4048
f 3960 4049 3961
f 3960 4048 4049
f 3961 4050 3962
f 3961 4049 4050
f 3962 4051 3963
f 3962 4050 4051
f 3963 4052 3964
f 3963 4051 4052
f 3964 4053 3965
f 3964 4052 4053
f 3965 4054 3966
f 3965 4053 4054
f 3966 4055 3967
f 3966 4054 4055
f 3967 4056 3968
f 3967 4055 4056
f 3968 4057 3969
f 3968 4056 4057
f 3969 4058 3970
f 3969 4057 4058
f 3970 4059 3971
f 3970 4058 4059
f 3971 4060 3972
f 3971 4059 4060
f 3972 4061 3973
f 3972 4060 4061
f 3973 4062 3974
f 3973 4061 4062
f 3974 4063 3975
f 3974 4062 4063
f 3975 4064 3976
f 3975 4063 4064
f 3976 4065 3977
f 3976 4064 4065
f 4067 3978 4066
f 3978 4065 4066
f 3978 3977 4065
f 3978 4067 3979
f 3982 4068 3981
f 4070 4069 4068
f 4069 3981 4068
f 4069 3983 3981
f 3983 4071 3984
f 3983 4069 4071
f 4073 3985 4072
f 3985 4071 4072
f 3985 3984 4071
f 3985 4073 3986
f 3989 3990 4074
f 4074 3990 4075
f 3989 4076 3991
f 3989 4074 4076
f 4078 3992 4077
f 3992 4076 4077
f 3992 3991 4076
f 3992 4078 3993
f 3998 4079 3997
f 4081 4080 4079
f 4080 3997 4079
f 4080 3999 3997
f 3999 4082 4000
f 3999 4080 4082
f 4000 4083 4001
f 4000 4082 4083
f 4001 4084 4002
f 4001 4083 4084
f 4002 4085 4003
f 4002 4084 4085
f 4004 4003 4086
f 4086 4003 4085
f 4006 4007 4087
f 4087 4007 4088
f 4006 4089 4008
f 4006 4087 4089
f 4008 4090 4010
f 4008 4089 4090
f 4011 4010 4091
f 4091 4010 4090
f 4094 4093 4092
f 4096 4095 4092
f 4092 4095 4094
f 4096 4097 4095
f 4100 4099 4098
f 4100 4098 4013
f 4098 4012 4013
f 4098 4101 4012
f 4015 4012 4102
f 4012 4103 4102
f 4012 4101 4103
f 4103 4104 4102
f 4107 4106 4105
f 4105 4108 4107
f 4016 4017 4109
f 4109 4017 4110
f 4019 4016 4111
f 4111 4016 4109
f 4114 4113 4112
f 4116 4115 4112
f 4112 4115 4114
f 4116 4117 4115
f 4120 4119 4118
f 4122 4121 4118
f 4118 4121 4120
f 4124 4123 4122
f 4122 4123 4121
f 4124 4125 4123
f 4128 4127 4126
f 4126 4129 4128
f 4132 4131 4130
f 4130 4133 4132
f 4136 4135 4134
f 4136 4134 4023
f 4134 4022 4023
f 4134 4137 4022
f 4022 4138 4024
f 4022 4137 4138
f 4025 4024 4139
f 4024 4140 4139
f 4024 4138 4140
f 4142 4141 4140
f 4140 4141 4139
f 4141 4142 4029
f 4142 4028 4029
f 4142 4143 4028
f 4028 4144 4030
f 4028 4143 4144
f 4030 4145 4031
f 4030 4144 4145
f 4032 4031 4146
f 4146 4031 4145
f 4149 4148 4147
f 4149 4147 4035
f 4147 4034 4035
f 4147 4150 4034
f 4034 4151 4036
f 4034 4150 4151
f 4036 4152 4037
f 4036 4151 4152
f 4037 4153 4038
f 4037 4152 4153
f 4038 4154 4039
f 4038 4153 4154
f 4039 4155 4040
f 4039 4154 4155
f 4040 4156 4041
f 4040 4155 4156
f 4041 4157 4042
f 4041 4156 4157
f 4042 4158 4043
f 4042 4157 4158
f 4043 4159 4044
f 4043 4158 4159
f 4044 4160 4045
f 4044 4159 4160
f 4045 4161 4046
f 4045 4160 4161
f 4046 4162 4047
f 4046 4161 4162
f 4047 4163 4048
f 4047 4162 4163
f 4048 4164 4049
f 4048 4163 4164
f 4049 4165 4050
f 4049 4164 4165
f 4050 4166 4051
f 4050 4165 4166
f 4051 4167 4052
f 4051 4166 4167
f 4052 4168 4053
f 4052 4167 4168
f 4053 4169 4054
f 4053 4168 4169
f 4054 4170 4055
f 4054 4169 4170
f 4055 4171 4056
f 4055 4170 4171
f 4056 4172 4057
f 4056 4171 4172
f 4057 4173 4058
f 4057 4172 4173
f 4058 4174 4059
f 4058 4173 4174
f 4059 4175 4060
f 4059 4174 4175
f 4060 4176 4061
f 4060 4175 4176
f 4061 4177 4062
f 4061 4176 4177
f 4062 4178 4063
f 4062 4177 4178
f 4063 4179 4064
f 4063 4178 4179
f 4064 4180 4065
f 4064 4179 4180
f 4066 4065 4181
f 4065 4182 4181
f 4065 4180 4182
f 4182 4183 4181
f 4186 4185 4184
f 4186 4184 4070
f 4184 4069 4070
f 4184 4187 4069
f 4069 4188 4071
f 4069 4187 4188
f 4072 4071 4189
f 4189 4071 4188
f 4074 4075 4190
f 4190 4075 4191
f 4074 4192 4076
f 4074 4190 4192
f 4077 4076 4193
f 4076 4194 4193
f 4076 4192 4194
f 4194 4195 4193
f 4080 4081 4196
f 4196 4081 4197
f 4080 4198 4082
f 4080 4196 4198
f 4082 4199 4083
f 4082 4198 4199
f 4083 4200 4084
f 4083 4199 4200
f 4084 4201 4085
f 4084 4200 4201
f 4086 4085 4202
f 4085 4203 4202
f 4085 4201 4203
f 4203 4204 4202
f 4207 4206 4205
f 4207 4205 4088
f 4205 4087 4088
f 4205 4208 4087
f 4087 4209 4089
f 4087 4208 4209
f 4089 4210 4090
f 4089 4209 4210
f 4091 4090 4211
f 4090 4212 4211
f 4090 4210 4212
f 4214 4213 4212
f 4212 4213 4211
f 4214 4215 4213
f 4092 4093 4216
f 4216 4093 4217
f 4092 4218 4096
f 4092 4216 4218
f 4097 4096 4219
f 4096 4220 4219
f 4096 4218 4220
f 4220 4221 4219
f 4098 4099 4222
f 4222 4099 4223
f 4098 4224 4101
f 4098 4222 4224
f 4101 4225 4103
f 4101 4224 4225
f 4104 4103 4226
f 4103 4227 4226
f 4103 4225 4227
f 4229 4228 4227
f 4227 4228 4226
f 4229 4230 4228
f 4233 4232 4231
f 4233 4231 4106
f 4231 4105 4106
f 4231 4234 4105
f 4108 4105 4235
f 4235 4105 4234
f 4109 4110 4236
f 4236 4110 4237
f 4111 4109 4238
f 4109 4239 4238
f 4109 4236 4239
f 4239 4240 4238
f 4112 4113 4241
f 4241 4113 4242
f 4112 4243 4116
f 4112 4241 4243
f 4117 4116 4244
f 4244 4116 4243
f 4247 4246 4245
f 4249 4248 4245
f 4245 4248 4247
f 4249 4250 4248
f 4253 4252 4251
f 4251 4252 4254
f 4252 4253 4119
f 4253 4118 4119
f 4253 4255 4118
f 4118 4256 4122
f 4118 4255 4256
f 4122 4257 4124
f 4122 4256 4257
f 4125 4124 4258
f 4124 4259 4258
f 4124 4257 4259
f 4261 4260 4259
f 4259 4260 4258
f 4263 4262 4261
f 4261 4262 4260
f 4265 4264 4263
f 4263 4264 4262
f 4267 4266 4265
f 4265 4266 4264
f 4269 4268 4267
f 4267 4268 4266
f 4268 4269 4127
f 4269 4126 4127
f 4269 4270 4126
f 4129 4126 4271
f 4126 4272 4271
f 4126 4270 4272
f 4274 4273 4272
f 4272 4273 4271
f 4276 4275 4274
f 4274 4275 4273
f 4278 4277 4276
f 4276 4277 4275
f 4277 4278 4131
f 4278 4130 4131
f 4278 4279 4130
f 4133 4130 4280
f 4130 4281 4280
f 4130 4279 4281
f 4283 4282 4281
f 4281 4282 4280
f 4285 4284 4283
f 4283 4284 4282
f 4284 4285 4135
f 4285 4134 4135
f 4285 4286 4134
f 4134 4287 4137
f 4134 4286 4287
f 4137 4288 4138
f 4137 4287 4288
f 4138 4289 4140
f 4138 4288 4289
f 4140 4290 4142
f 4140 4289 4290
f 4142 4291 4143
f 4142 4290 4291
f 4143 4292 4144
f 4143 4291 4292
f 4144 4293 4145
f 4144 4292 4293
f 4146 4145 4294
f 4145 4295 4294
f 4145 4293 4295
f 4294 4295 4148
f 4295 4147 4148
f 4295 4296 4147
f 4147 4297 4150
f 4147 4296 4297
f 4150 4298 4151
f 4150 4297 4298
f 4151 4299 4152
f 4151 4298 4299
f 4152 4300 4153
f 4152 4299 4300
f 4153 4301 4154
f 4153 4300 4301
f 4154 4302 4155
f 4154 4301 4302
f 4155 4303 4156
f 4155 4302 4303
f 4156 4304 4157
f 4156 4303 4304
f 4157 4305 4158
f 4157 4304 4305
f 4158 4306 4159
f 4158 4305 4306
f 4159 4307 4160
f 4159 4306 4307
f 4160 4308 4161
f 4160 4307 4308
f 4161 4309 4162
f 4161 4308 4309
f 4162 4310 4163
f 4162 4309 4310
f 4163 4311 4164
f 4163 4310 4311
f 4164 4312 4165
f 4164 4311 4312
f 4165 4313 4166
f 4165 4312 4313
f 4166 4314 4167
f 4166 4313 4314
f 4167 4315 4168
f 4167 4314 4315
f 4168 4316 4169
f 4168 4315 4316
f 4169 4317 4170
f 4169 4316 4317
f 4170 4318 4171
f 4170 4317 4318
f 4171 4319 4172
f 4171 4318 4319
f 4172 4320 4173
f 4172 4319 4320
f 4173 4321 4174
f 4173 4320 4321
f 4174 4322 4175
f 4174 4321 4322
f 4175 4323 4176
f 4175 4322 4323
f 4176 4324 4177
f 4176 4323 4324
f 4177 4325 4178
f 4177 4324 4325
f 4178 4326 4179
f 4178 4325 4326
f 4179 4327 4180
f 4179 4326 4327
f 4180 4328 4182
f 4180 4327 4328
f 4183 4182 4329
f 4182 4330 4329
f 4182 4328 4330
f 4329 4330 4185
f 4330 4184 4185
f 4330 4331 4184
f 4184 4332 4187
f 4184 4331 4332
f 4187 4333 4188
f 4187 4332 4333
f 4189 4188 4334
f 4188 4335 4334
f 4188 4333 4335
f 4337 4336 4335
f 4335 4336 4334
f 4339 4338 4337
f 4337 4338 4336
f 4338 4339 4191
f 4339 4190 4191
f 4339 4340 4190
f 4190 4341 4192
f 4190 4340 4341
f 4192 4342 4194
f 4192 4341 4342
f 4195 4194 4343
f 4194 4344 4343
f 4194 4342 4344
f 4346 4345 4344
f 4344 4345 4343
f 4348 4347 4346
f 4346 4347 4345
f 4347 4348 4197
f 4348 4196 4197
f 4348 4349 4196
f 4196 4350 4198
f 4196 4349 4350
f 4198 4351 4199
f 4198 4350 4351
f 4199 4352 4200
f 4199 4351 4352
f 4200 4353 4201
f 4200 4352 4353
f 4201 4354 4203
f 4201 4353 4354
f 4204 4203 4355
f 4203 4356 4355
f 4203 4354 4356
f 4356 4357 4355
f 4360 4359 4358
f 4362 4361 4358
f 4358 4361 4360
f 4361 4362 4206
f 4362 4205 4206
f 4362 4363 4205
f 4205 4364 4208
f 4205 4363 4364
f 4208 4365 4209
f 4208 4364 4365
f 4209 4366 4210
f 4209 4365 4366
f 4210 4367 4212
f 4210 4366 4367
f 4212 4368 4214
f 4212 4367 4368
f 4215 4214 4369
f 4214 4370 4369
f 4214 4368 4370
f 4372 4371 4370
f 4370 4371 4369
f 4371 4372 4217
f 4372 4216 4217
f 4372 4373 4216
f 4216 4374 4218
f 4216 4373 4374
f 4218 4375 4220
f 4218 4374 4375
f 4221 4220 4376
f 4376 4220 4375
f 4379 4378 4377
f 4379 4377 4223
f 4377 4222 4223
f 4377 4380 4222
f 4222 4381 4224
f 4222 4380 4381
f 4224 4382 4225
f 4224 4381 4382
f 4225 4383 4227
f 4225 4382 4383
f 4227 4384 4229
f 4227 4383 4384
f 4230 4229 4385
f 4385 4229 4384
f 4388 4387 4386
f 4390 4389 4386
f 4386 4389 4388
f 4390 4391 4389
f 4394 4393 4392
f 4396 4395 4392
f 4392 4395 4394
f 4396 4397 4395
f 4400 4399 4398
f 4402 4401 4398
f 4398 4401 4400
f 4404 4403 4402
f 4402 4403 4401
f 4406 4405 4404
f 4404 4405 4403
f 4405 4406 4232
f 4406 4231 4232
f 4406 4407 4231
f 4231 4408 4234
f 4231 4407 4408
f 4235 4234 4409
f 4234 4410 4409
f 4234 4408 4410
f 4410 4411 4409
f 4414 4413 4412
f 4416 4415 4412
f 4412 4415 4414
f 4418 4417 4416
f 4416 4417 4415
f 4420 4419 4418
f 4418 4419 4417
f 4419 4420 4237
f 4420 4236 4237
f 4420 4421 4236
f 4236 4422 4239
f 4236 4421 4422
f 4240 4239 4423
f 4239 4424 4423
f 4239 4422 4424
f 4426 4425 4424
f 4424 4425 4423
f 4428 4427 4426
f 4426 4427 4425
f 4430 4429 4428
f 4428 4429 4427
f 4432 4431 4430
f 4430 4431 4429
f 4431 4432 4242
f 4432 4241 4242
f 4432 4433 4241
f 4241 4434 4243
f 4241 4433 4434
f 4244 4243 4435
f 4243 4436 4435
f 4243 4434 4436
f 4438 4437 4436
f 4436 4437 4435
f 4440 4439 4438
f 4438 4439 4437
f 4440 4441 4439
f 4444 4443 4442
f 4446 4445 4442
f 4442 4445 4444
f 4448 4447 4446
f 4446 4447 4445
f 4450 4449 4448
f 4448 4449 4447
f 4452 4451 4450
f 4450 4451 4449
f 4454 4453 4452
f 4452 4453 4451
f 4454 4455 4453
f 4458 4457 4456
f 4460 4459 4456
f 4456 4459 4458
f 4460 4461 4459
f 4464 4463 4462
f 4466 4465 4462
f 4462 4465 4464
f 4466 4467 4465
f 4470 4469 4468
f 4472 4471 4468
f 4468 4471 4470
f 4472 4473 4471
f 4476 4475 4474
f 4478 4477 4474
f 4474 4477 4476
f 4480 4479 4478
f 4478 4479 4477
f 4480 4481 4479
f 4484 4483 4482
f 4484 4482 4246
f 4482 4245 4246
f 4482 4485 4245
f 4245 4486 4249
f 4245 4485 4486
f 4250 4249 4487
f 4487 4249 4486
f 4490 4489 4488
f 4251 4491 4253
f 4251 4492 4491
f 4253 4493 4255
f 4253 4491 4493
f 4255 4494 4256
f 4255 4493 4494
f 4256 4495 4257
f 4256 4494 4495
f 4257 4496 4259
f 4257 4495 4496
f 4259 4497 4261
f 4259 4496 4497
f 4261 4498 4263
f 4261 4497 4498
f 4263 4499 4265
f 4263 4498 4499
f 4265 4500 4267
f 4265 4499 4500
f 4267 4501 4269
f 4267 4500 4501
f 4269 4502 4270
f 4269 4501 4502
f 4270 4503 4272
f 4270 4502 4503
f 4272 4504 4274
f 4272 4503 4504
f 4274 4505 4276
f 4274 4504 4505
f 4276 4506 4278
f 4276 4505 4506
f 4278 4507 4279
f 4278 4506 4507
f 4279 4508 4281
f 4279 4507 4508
f 4281 4509 4283
f 4281 4508 4509
f 4283 4510 4285
f 4283 4509 4510
f 4285 4511 4286
f 4285 4510 4511
f 4286 4512 4287
f 4286 4511 4512
f 4287 4513 4288
f 4287 4512 4513
f 4288 4514 4289
f 4288 4513 4514
f 4289 4515 4290
f 4289 4514 4515
f 4290 4516 4291
f 4290 4515 4516
f 4291 4517 4292
f 4291 4516 4517
f 4292 4518 4293
f 4292 4517 4518
f 4293 4519 4295
f 4293 4518 4519
f 4295 4520 4296
f 4295 4519 4520
f 4296 4521 4297
f 4296 4520 4521
f 4297 4522 4298
f 4297 4521 4522
f 4298 4523 4299
f 4298 4522 4523
f 4299 4524 4300
f 4299 4523 4524
f 4300 4525 4301
f 4300 4524 4525
f 4301 4526 4302
f 4301 4525 4526
f 4302 4527 4303
f 4302 4526 4527
f 4303 4528 4304
f 4303 4527 4528
f 4304 4529 4305
f 4304 4528 4529
f 4305 4530 4306
f 4305 4529 4530
f 4306 4531 4307
f 4306 4530 4531
f 4307 4532 4308
f 4307 4531 4532
f 4308 4533 4309
f 4308 4532 4533
f 4309 4534 4310
f 4309 4533 4534
f 4310 4535 4311
f 4310 4534 4535
f 4311 4536 4312
f 4311 4535 4536
f 4312 4537 4313
f 4312 4536 4537
f 4313 4538 4314
f 4313 4537 4538
f 4314 4539 4315
f 4314 4538 4539
f 4315 4540 4316
f 4315 4539 4540
f 4316 4541 4317
f 4316 4540 4541
f 4317 4542 4318
f 4317 4541 4542
f 4318 4543 4319
f 4318 4542 4543
f 4319 4544 4320
f 4319 4543 4544
f 4320 4545 4321
f 4320 4544 4545
f 4321 4546 4322
f 4321 4545 4546
f 4322 4547 4323
f 4322 4546 4547
f 4323 4548 4324
f 4323 4547 4548
f 4324 4549 4325
f 4324 4548 4549
f 4325 4550 4326
f 4325 4549 4550
f 4326 4551 4327
f 4326 4550 4551
f 4327 4552 4328
f 4327 4551 4552
f 4328 4553 4330
f 4328 4552 4553
f 4330 4554 4331
f 4330 4553 4554
f 4331 4555 4332
f 4331 4554 4555
f 4332 4556 4333
f 4332 4555 4556
f 4333 4557 4335
f 4333 4556 4557
f 4335 4558 4337
f 4335 4557 4558
f 4337 4559 4339
f 4337 4558 4559
f 4339 4560 4340
f 4339 4559 4560
f 4340 4561 4341
f 4340 4560 4561
f 4341 4562 4342
f 4341 4561 4562
f 4342 4563 4344
f 4342 4562 4563
f 4344 4564 4346
f 4344 4563 4564
f 4346 4565 4348
f 4346 4564 4565
f 4348 4566 4349
f 4348 4565 4566
f 4349 4567 4350
f 4349 4566 4567
f 4350 4568 4351
f 4350 4567 4568
f 4351 4569 4352
f 4351 4568 4569
f 4352 4570 4353
f 4352 4569 4570
f 4353 4571 4354
f 4353 4570 4571
f 4573 4356 4572
f 4356 4571 4572
f 4356 4354 4571
f 4356 4573 4357
f 4359 4574 4358
f 4358 4574 4362
f 4362 4574 4575
f 4577 4576 4575
f 4576 4362 4575
f 4576 4363 4362
f 4363 4578 4364
f 4363 4576 4578
f 4364 4579 4365
f 4364 4578 4579
f 4365 4580 4366
f 4365 4579 4580
f 4366 4581 4367
f 4366 4580 4581
f 4367 4582 4368
f 4367 4581 4582
f 4368 4583 4370
f 4368 4582 4583
f 4370 4584 4372
f 4370 4583 4584
f 4372 4585 4373
f 4372 4584 4585
f 4373 4586 4374
f 4373 4585 4586
f 4374 4587 4375
f 4374 4586 4587
f 4376 4375 4588
f 4588 4375 4587
f 4377 4378 4589
f 4589 4378 4590
f 4377 4591 4380
f 4377 4589 4591
f 4380 4592 4381
f 4380 4591 4592
f 4381 4593 4382
f 4381 4592 4593
f 4382 4594 4383
f 4382 4593 4594
f 4383 4595 4384
f 4383 4594 4595
f 4385 4384 4596
f 4384 4597 4596
f 4384 4595 4597
f 4597 4598 4596
f 4386 4387 4599
f 4599 4387 4600
f 4386 4601 4390
f 4386 4599 4601
f 4391 4390 4602
f 4602 4390 4601
f 4392 4393 4603
f 4603 4393 4604
f 4392 4605 4396
f 4392 4603 4605
f 4397 4396 4606
f 4606 4396 4605
f 4398 4399 4607
f 4607 4399 4608
f 4398 4609 4402
f 4398 4607 4609
f 4402 4610 4404
f 4402 4609 4610
f 4404 4611 4406
f 4404 4610 4611
f 4406 4612 4407
f 4406 4611 4612
f 4407 4613 4408
f 4407 4612 4613
f 4408 4614 4410
f 4408 4613 4614
f 4411 4410 4615
f 4615 4410 4614
f 4412 4413 4616
f 4616 4413 4617
f 4412 4618 4416
f 4412 4616 4618
f 4416 4619 4418
f 4416 4618 4619
f 4418 4620 4420
f 4418 4619 4620
f 4420 4621 4421
f 4420 4620 4621
f 4421 4622 4422
f 4421 4621 4622
f 4422 4623 4424
f 4422 4622 4623
f 4424 4624 4426
f 4424 4623 4624
f 4426 4625 4428
f 4426 4624 4625
f 4428 4626 4430
f 4428 4625 4626
f 4430 4627 4432
f 4430 4626 4627
f 4432 4628 4433
f 4432 4627 4628
f 4433 4629 4434
f 4433 4628 4629
f 4434 4630 4436
f 4434 4629 4630
f 4436 4631 4438
f 4436 4630 4631
f 4438 4632 4440
f 4438 4631 4632
f 4441 4440 4633
f 4633 4440 4632
f 4442 4443 4634
f 4634 4443 4635
f 4442 4636 4446
f 4442 4634 4636
f 4446 4637 4448
f 4446 4636 4637
f 4448 4638 4450
f 4448 4637 4638
f 4450 4639 4452
f 4450 4638 4639
f 4452 4640 4454
f 4452 4639 4640
f 4455 4454 4641
f 4641 4454 4640
f 4456 4457 4642
f 4642 4457 4643
f 4456 4644 4460
f 4456 4642 4644
f 4461 4460 4645
f 4645 4460 4644
f 4648 4647 4646
f 4648 4646 4463
f 4646 4462 4463
f 4646 4649 4462
f 4462 4650 4466
f 4462 4649 4650
f 4467 4466 4651
f 4651 4466 4650
f 4654 4653 4652
f 4654 4652 4469
f 4652 4468 4469
f 4652 4655 4468
f 4468 4656 4472
f 4468 4655 4656
f 4473 4472 4657
f 4472 4658 4657
f 4472 4656 4658
f 4657 4658 4475
f 4658 4474 4475
f 4658 4659 4474
f 4474 4660 4478
f 4474 4659 4660
f 4478 4661 4480
f 4478 4660 4661
f 4481 4480 4662
f 4480 4663 4662
f 4480 4661 4663
f 4665 4664 4663
f 4663 4664 4662
f 4667 4666 4665
f 4665 4666 4664
f 4669 4668 4667
f 4667 4668 4666
f 4668 4669 4483
f 4669 4482 4483
f 4669 4670 4482
f 4482 4671 4485
f 4482 4670 4671
f 4485 4672 4486
f 4485 4671 4672
f 4487 4486 4673
f 4486 4674 4673
f 4486 4672 4674
f 4676 4675 4674
f 4674 4675 4673
f 4675 4676 4489
f 4676 4488 4489
f 4676 4677 4488
f 4492 4678 4491
f 4492 4679 4678
f 4491 4680 4493
f 4491 4678 4680
f 4493 4681 4494
f 4493 4680 4681
f 4494 4682 4495
f 4494 4681 4682
f 4495 4683 4496
f 4495 4682 4683
f 4496 4684 4497
f 4496 4683 4684
f 4497 4685 4498
f 4497 4684 4685
f 4498 4686 4499
f 4498 4685 4686
f 4499 4687 4500
f 4499 4686 4687
f 4500 4688 4501
f 4500 4687 4688
f 4501 4689 4502
f 4501 4688 4689
f 4502 4690 4503
f 4502 4689 4690
f 4503 4691 4504
f 4503 4690 4691
f 4504 4692 4505
f 4504 4691 4692
f 4505 4693 4506
f 4505 4692 4693
f 4506 4694 4507
f 4506 4693 4694
f 4507 4695 4508
f 4507 4694 4695
f 4508 4696 4509
f 4508 4695 4696
f 4509 4697 4510
f 4509 4696 4697
f 4510 4698 4511
f 4510 4697 4698
f 4511 4699 4512
f 4511 4698 4699
f 4512 4700 4513
f 4512 4699 4700
f 4513 4701 4514
f 4513 4700 4701
f 4514 4702 4515
f 4514 4701 4702
f 4515 4703 4516
f 4515 4702 4703
f 4516 4704 4517
f 4516 4703 4704
f 4517 4705 4518
f 4517 4704 4705
f 4518 4706 4519
f 4518 4705 4706
f 4519 4707 4520
f 4519 4706 4707
f 4520 4708 4521
f 4520 4707 4708
f 4521 4709 4522
f 4521 4708 4709
f 4522 4710 4523
f 4522 4709 4710
f 4523 4711 4524
f 4523 4710 4711
f 4524 4712 4525
f 4524 4711 4712
f 4525 4713 4526
f 4525 4712 4713
f 4526 4714 4527
f 4526 4713 4714
f 4527 4715 4528
f 4527 4714 4715
f 4528 4716 4529
f 4528 4715 4716
f 4529 4717 4530
f 4529 4716 4717
f 4530 4718 4531
f 4530 4717 4718
f 4531 4719 4532
f 4531 4718 4719
f 4532 4720 4533
f 4532 4719 4720
f 4533 4721 4534
f 4533 4720 4721
f 4534 4722 4535
f 4534 4721 4722
f 4535 4723 4536
f 4535 4722 4723
f 4536 4724 4537
f 4536 4723 4724
f 4537 4725 4538
f 4537 4724 4725
f 4538 4726 4539
f 4538 4725 4726
f 4539 4727 4540
f 4539 4726 4727
f 4540 4728 4541
f 4540 4727 4728
f 4541 4729 4542
f 4541 4728 4729
f 4542 4730 4543
f 4542 4729 4730
f 4543 4731 4544
f 4543 4730 4731
f 4544 4732 4545
f 4544 4731 4732
f 4545 4733 4546
f 4545 4732 4733
f 4546 4734 4547
f 4546 4733 4734
f 4547 4735 4548
f 4547 4734 4735
f 4548 4736 4549
f 4548 4735 4736
f 4549 4737 4550
f 4549 4736 4737
f 4550 4738 4551
f 4550 4737 4738
f 4551 4739 4552
f 4551 4738 4739
f 4552 4740 4553
f 4552 4739 4740
f 4553 4741 4554
f 4553 4740 4741
f 4554 4742 4555
f 4554 4741 4742
f 4555 4743 4556
f 4555 4742 4743
f 4556 4744 4557
f 4556 4743 4744
f 4557 4745 4558
f 4557 4744 4745
f 4558 4746 4559
f 4558 4745 4746
f 4559 4747 4560
f 4559 4746 4747
f 4560 4748 4561
f 4560 4747 4748
f 4561 4749 4562
f 4561 4748 4749
f 4562 4750 4563
f 4562 4749 4750
f 4563 4751 4564
f 4563 4750 4751
f 4564 4752 4565
f 4564 4751 4752
f 4565 4753 4566
f 4565 4752 4753
f 4566 4754 4567
f 4566 4753 4754
f 4567 4755 4568
f 4567 4754 4755
f 4568 4756 4569
f 4568 4755 4756
f 4569 4757 4570
f 4569 4756 4757
f 4570 4758 4571
f 4570 4757 4758
f 4572 4571 4759
f 4571 4760 4759
f 4571 4758 4760
f 4760 4761 4759
f 4764 4763 4762
f 4764 4762 4577
f 4762 4576 4577
f 4762 4765 4576
f 4576 4766 4578
f 4576 4765 4766
f 4578 4767 4579
f 4578 4766 4767
f 4579 4768 4580
f 4579 4767 4768
f 4580 4769 4581
f 4580 4768 4769
f 4581 4770 4582
f 4581 4769 4770
f 4582 4771 4583
f 4582 4770 4771
f 4583 4772 4584
f 4583 4771 4772
f 4584 4773 4585
f 4584 4772 4773
f 4585 4774 4586
f 4585 4773 4774
f 4586 4775 4587
f 4586 4774 4775
f 4588 4587 4776
f 4587 4777 4776
f 4587 4775 4777
f 4779 4778 4777
f 4777 4778 4776
f 4779 4780 4778
f 4783 4782 4781
f 4783 4781 4590
f 4781 4589 4590
f 4781 4784 4589
f 4589 4785 4591
f 4589 4784 4785
f 4591 4786 4592
f 4591 4785 4786
f 4592 4787 4593
f 4592 4786 4787
f 4593 4788 4594
f 4593 4787 4788
f 4594 4789 4595
f 4594 4788 4789
f 4595 4790 4597
f 4595 4789 4790
f 4598 4597 4791
f 4791 4597 4790
f 4794 4793 4792
f 4794 4792 4600
f 4792 4599 4600
f 4792 4795 4599
f 4599 4796 4601
f 4599 4795 4796
f 4602 4601 4797
f 4797 4601 4796
f 4603 4604 4798
f 4798 4604 4799
f 4603 4800 4605
f 4603 4798 4800
f 4606 4605 4801
f 4605 4802 4801
f 4605 4800 4802
f 4802 4803 4801
f 4607 4608 4804
f 4804 4608 4805
f 4607 4806 4609
f 4607 4804 4806
f 4609 4807 4610
f 4609 4806 4807
f 4610 4808 4611
f 4610 4807 4808
f 4611 4809 4612
f 4611 4808 4809
f 4612 4810 4613
f 4612 4809 4810
f 4613 4811 4614
f 4613 4810 4811
f 4615 4614 4812
f 4614 4813 4812
f 4614 4811 4813
f 4812 4813 4617
f 4813 4616 4617
f 4813 4814 4616
f 4616 4815 4618
f 4616 4814 4815
f 4618 4816 4619
f 4618 4815 4816
f 4619 4817 4620
f 4619 4816 4817
f 4620 4818 4621
f 4620 4817 4818
f 4621 4819 4622
f 4621 4818 4819
f 4622 4820 4623
f 4622 4819 4820
f 4623 4821 4624
f 4623 4820 4821
f 4624 4822 4625
f 4624 4821 4822
f 4625 4823 4626
f 4625 4822 4823
f 4626 4824 4627
f 4626 4823 4824
f 4627 4825 4628
f 4627 4824 4825
f 4628 4826 4629
f 4628 4825 4826
f 4629 4827 4630
f 4629 4826 4827
f 4630 4828 4631
f 4630 4827 4828
f 4631 4829 4632
f 4631 4828 4829
f 4633 4632 4830
f 4830 4632 4829
f 4634 4635 4831
f 4831 4635 4832
f 4634 4833 4636
f 4634 4831 4833
f 4636 4834 4637
f 4636 4833 4834
f 4637 4835 4638
f 4637 4834 4835
f 4638 4836 4639
f 4638 4835 4836
f 4639 4837 4640
f 4639 4836 4837
f 4641 4640 4838
f 4838 4640 4837
f 4642 4643 4839
f 4839 4643 4840
f 4642 4841 4644
f 4642 4839 4841
f 4645 4644 4842
f 4842 4644 4841
f 4646 4647 4843
f 4843 4647 4844
f 4646 4845 4649
f 4646 4843 4845
f 4649 4846 4650
f 4649 4845 4846
f 4651 4650 4847
f 4847 4650 4846
f 4653 4848 4652
f 4850 4849 4848
f 4849 4652 4848
f 4849 4655 4652
f 4655 4851 4656
f 4655 4849 4851
f 4656 4852 4658
f 4656 4851 4852
f 4658 4853 4659
f 4658 4852 4853
f 4659 4854 4660
f 4659 4853 4854
f 4660 4855 4661
f 4660 4854 4855
f 4857 4663 4856
f 4663 4855 4856
f 4663 4661 4855
f 4663 4857 4665
f 4665 4857 4858
f 4860 4859 4858
f 4859 4665 4858
f 4859 4667 4665
f 4667 4861 4669
f 4667 4859 4861
f 4669 4862 4670
f 4669 4861 4862
f 4670 4863 4671
f 4670 4862 4863
f 4671 4864 4672
f 4671 4863 4864
f 4672 4865 4674
f 4672 4864 4865
f 4674 4866 4676
f 4674 4865 4866
f 4676 4867 4677
f 4676 4866 4867
f 4679 4868 4678
f 4679 4869 4868
f 4678 4870 4680
f 4678 4868 4870
f 4680 4871 4681
f 4680 4870 4871
f 4681 4872 4682
f 4681 4871 4872
f 4682 4873 4683
f 4682 4872 4873
f 4683 4874 4684
f 4683 4873 4874
f 4684 4875 4685
f 4684 4874 4875
f 4685 4876 4686
f 4685 4875 4876
f 4686 4877 4687
f 4686 4876 4877
f 4687 4878 4688
f 4687 4877 4878
f 4688 4879 4689
f 4688 4878 4879
f 4689 4880 4690
f 4689 4879 4880
f 4690 4881 4691
f 4690 4880 4881
f 4691 4882 4692
f 4691 4881 4882
f 4692 4883 4693
f 4692 4882 4883
f 4693 4884 4694
f 4693 4883 4884
f 4694 4885 4695
f 4694 4884 4885
f 4695 4886 4696
f 4695 4885 4886
f 4696 4887 4697
f 4696 4886 4887
f 4697 4888 4698
f 4697 4887 4888
f 4698 4889 4699
f 4698 4888 4889
f 4699 4890 4700
f 4699 4889 4890
f 4700 4891 4701
f 4700 4890 4891
f 4701 4892 4702
f 4701 4891 4892
f 4702 4893 4703
f 4702 4892 4893
f 4703 4894 4704
f 4703 4893 4894
f 4704 4895 4705
f 4704 4894 4895
f 4705 4896 4706
f 4705 4895 4896
f 4706 4897 4707
f 4706 4896 4897
f 4707 4898 4708
f 4707 4897 4898
f 4708 4899 4709
f 4708 4898 4899
f 4709 4900 4710
f 4709 4899 4900
f 4710 4901 4711
f 4710 4900 4901
f 4711 4902 4712
f 4711 4901 4902
f 4712 4903 4713
f 4712 4902 4903
f 4713 4904 4714
f 4713 4903 4904
f 4714 4905 4715
f 4714 4904 4905
f 4715 4906 4716
f 4715 4905 4906
f 4716 4907 4717
f 4716 4906 4907
f 4717 4908 4718
f 4717 4907 4908
f 4718 4909 4719
f 4718 4908 4909
f 4719 4910 4720
f 4719 4909 4910
f 4720 4911 4721
f 4720 4910 4911
f 4721 4912 4722
f 4721 4911 4912
f 4722 4913 4723
f 4722 4912 4913
f 4723 4914 4724
f 4723 4913 4914
f 4724 4915 4725
f 4724 4914 4915
f 4725 4916 4726
f 4725 4915 4916
f 4726 4917 4727
f 4726 4916 4917
f 4727 4918 4728
f 4727 4917 4918
f 4728 4919 4729
f 4728 4918 4919
f 4729 4920 4730
f 4729 4919 4920
f 4730 4921 4731
f 4730 4920 4921
f 4731 4922 4732
f 4731 4921 4922
f 4732 4923 4733
f 4732 4922 4923
f 4733 4924 4734
f 4733 4923 4924
f 4734 4925 4735
f 4734 4924 4925
f 4735 4926 4736
f 4735 4925 4926
f 4736 4927 4737
f 4736 4926 4927
f 4737 4928 4738
f 4737 4927 4928
f 4738 4929 4739
f 4738 4928 4929
f 4739 4930 4740
f 4739 4929 4930
f 4740 4931 4741
f 4740 4930 4931
f 4741 4932 4742
f 4741 4931 4932
f 4742 4933 4743
f 4742 4932 4933
f 4743 4934 4744
f 4743 4933 4934
f 4744 4935 4745
f 4744 4934 4935
f 4745 4936 4746
f 4745 4935 4936
f 4746 4937 4747
f 4746 4936 4937
f 4747 4938 4748
f 4747 4937 4938
f 4748 4939 4749
f 4748 4938 4939
f 4749 4940 4750
f 4749 4939 4940
f 4750 4941 4751
f 4750 4940 4941
f 4751 4942 4752
f 4751 4941 4942
f 4752 4943 4753
f 4752 4942 4943
f 4753 4944 4754
f 4753 4943 4944
f 4754 4945 4755
f 4754 4944 4945
f 4755 4946 4756
f 4755 4945 4946
f 4756 4947 4757
f 4756 4946 4947
f 4757 4948 4758
f 4757 4947 4948
f 4758 4949 4760
f 4758 4948 4949
f 4761 4760 4950
f 4760 4951 4950
f 4760 4949 4951
f 4953 4952 4951
f 4951 4952 4950
f 4952 4953 4763
f 4953 4762 4763
f 4953 4954 4762
f 4762 4955 4765
f 4762 4954 4955
f 4765 4956 4766
f 4765 4955 4956
f 4766 4957 4767
f 4766 4956 4957
f 4767 4958 4768
f 4767 4957 4958
f 4768 4959 4769
f 4768 4958 4959
f 4769 4960 4770
f 4769 4959 4960
f 4770 4961 4771
f 4770 4960 4961
f 4771 4962 4772
f 4771 4961 4962
f 4772 4963 4773
f 4772 4962 4963
f 4773 4964 4774
f 4773 4963 4964
f 4774 4965 4775
f 4774 4964 4965
f 4775 4966 4777
f 4775 4965 4966
f 4777 4967 4779
f 4777 4966 4967
f 4780 4779 4968
f 4779 4969 4968
f 4779 4967 4969
f 4968 4969 4782
f 4969 4781 4782
f 4969 4970 4781
f 4781 4971 4784
f 4781 4970 4971
f 4784 4972 4785
f 4784 4971 4972
f 4785 4973 4786
f 4785 4972 4973
f 4786 4974 4787
f 4786 4973 4974
f 4787 4975 4788
f 4787 4974 4975
f 4788 4976 4789
f 4788 4975 4976
f 4789 4977 4790
f 4789 4976 4977
f 4791 4790 4978
f 4978 4790 4977
f 4792 4793 4979
f 4979 4793 4980
f 4792 4981 4795
f 4792 4979 4981
f 4795 4982 4796
f 4795 4981 4982
f 4797 4796 4983
f 4796 4984 4983
f 4796 4982 4984
f 4984 4985 4983
f 4988 4987 4986
f 4988 4986 4799
f 4986 4798 4799
f 4986 4989 4798
f 4798 4990 4800
f 4798 4989 4990
f 4800 4991 4802
f 4800 4990 4991
f 4803 4802 4992
f 4802 4993 4992
f 4802 4991 4993
f 4992 4993 4805
f 4993 4804 4805
f 4993 4994 4804
f 4804 4995 4806
f 4804 4994 4995
f 4806 4996 4807
f 4806 4995 4996
f 4807 4997 4808
f 4807 4996 4997
f 4808 4998 4809
f 4808 4997 4998
f 4809 4999 4810
f 4809 4998 4999
f 4810 5000 4811
f 4810 4999 5000
f 4811 5001 4813
f 4811 5000 5001
f 4813 5002 4814
f 4813 5001 5002
f 4814 5003 4815
f 4814 5002 5003
f 4815 5004 4816
f 4815 5003 5004
f 4816 5005 4817
f 4816 5004 5005
f 4817 5006 4818
f 4817 5005 5006
f 4818 5007 4819
f 4818 5006 5007
f 4819 5008 4820
f 4819 5007 5008
f 4820 5009 4821
f 4820 5008 5009
f 4821 5010 4822
f 4821 5009 5010
f 4822 5011 4823
f 4822 5010 5011
f 4823 5012 4824
f 4823 5011 5012
f 4824 5013 4825
f 4824 5012 5013
f 4825 5014 4826
f 4825 5013 5014
f 4826 5015 4827
f 4826 5014 5015
f 4827 5016 4828
f 4827 5015 5016
f 4828 5017 4829
f 4828 5016 5017
f 4830 4829 5018
f 4829 5019 5018
f 4829 5017 5019
f 5021 5020 5019
f 5019 5020 5018
f 5020 5021 4832
f 5021 4831 4832
f 5021 5022 4831
f 4831 5023 4833
f 4831 5022 5023
f 4833 5024 4834
f 4833 5023 5024
f 4834 5025 4835
f 4834 5024 5025
f 4835 5026 4836
f 4835 5025 5026
f 4836 5027 4837
f 4836 5026 5027
f 4838 4837 5028
f 4837 5029 5028
f 4837 5027 5029
f 5029 5030 5028
f 5033 5032 5031
f 5033 5031 4840
f 5031 4839 4840
f 5031 5034 4839
f 4839 5035 4841
f 4839 5034 5035
f 4842 4841 5036
f 4841 5037 5036
f 4841 5035 5037
f 5037 5038 5036
f 4843 4844 5039
f 5039 4844 5040
f 4843 5041 4845
f 4843 5039 5041
f 4845 5042 4846
f 4845 5041 5042
f 4847 4846 5043
f 5043 4846 5042
f 5046 5045 5044
f 5046 5044 4850
f 5044 4849 4850
f 5044 5047 4849
f 4849 5048 4851
f 4849 5047 5048
f 4851 5049 4852
f 4851 5048 5049
f 4852 5050 4853
f 4852 5049 5050
f 4853 5051 4854
f 4853 5050 5051
f 4854 5052 4855
f 4854 5051 5052
f 4856 4855 5053
f 4855 5054 5053
f 4855 5052 5054
f 5056 5055 5054
f 5054 5055 5053
f 5055 5056 4860
f 5056 4859 4860
f 5056 5057 4859
f 4859 5058 4861
f 4859 5057 5058
f 4861 5059 4862
f 4861 5058 5059
f 4862 5060 4863
f 4862 5059 5060
f 4863 5061 4864
f 4863 5060 5061
f 4864 5062 4865
f 4864 5061 5062
f 4865 5063 4866
f 4865 5062 5063
f 4866 5064 4867
f 4866 5063 5064
f 4869 5065 4868
f 4869 5066 5065
f 4868 5067 4870
f 4868 5065 5067
f 4870 5068 4871
f 4870 5067 5068
f 4871 5069 4872
f 4871 5068 5069
f 4872 5070 4873
f 4872 5069 5070
f 4873 5071 4874
f 4873 5070 5071
f 4874 5072 4875
f 4874 5071 5072
f 4875 5073 4876
f 4875 5072 5073
f 4876 5074 4877
f 4876 5073 5074
f 4877 5075 4878
f 4877 5074 5075
f 4878 5076 4879
f 4878 5075 5076
f 4879 5077 4880
f 4879 5076 5077
f 4880 5078 4881
f 4880 5077 5078
f 4881 5079 4882
f 4881 5078 5079
f 4882 5080 4883
f 4882 5079 5080
f 4883 5081 4884
f 4883 5080 5081
f 4884 5082 4885
f 4884 5081 5082
f 4885 5083 4886
f 4885 5082 5083
f 4886 5084 4887
f 4886 5083 5084
f 4887 5085 4888
f 4887 5084 5085
f 4888 5086 4889
f 4888 5085 5086
f 4889 5087 4890
f 4889 5086 5087
f 4890 5088 4891
f 4890 5087 5088
f 4891 5089 4892
f 4891 5088 5089
f 4892 5090 4893
f 4892 5089 5090
f 4893 5091 4894
f 4893 5090 5091
f 4894 5092 4895
f 4894 5091 5092
f 5094 4896 5093
f 4896 5092 5093
f 4896 4895 5092
f 5096 5095 5094
f 5095 4896 5094
f 5095 4897 4896
f 4897 5097 4898
f 4897 5095 5097
f 4898 5098 4899
f 4898 5097 5098
f 4899 5099 4900
f 4899 5098 5099
f 4900 5100 4901
f 4900 5099 5100
f 4901 5101 4902
f 4901 5100 5101
f 4902 5102 4903
f 4902 5101 5102
f 4903 5103 4904
f 4903 5102 5103
f 4904 5104 4905
f 4904 5103 5104
f 4905 5105 4906
f 4905 5104 5105
f 4906 5106 4907
f 4906 5105 5106
f 4907 5107 4908
f 4907 5106 5107
f 4908 5108 4909
f 4908 5107 5108
f 4909 5109 4910
f 4909 5108 5109
f 4910 5110 4911
f 4910 5109 5110
f 4911 5111 4912
f 4911 5110 5111
f 4912 5112 4913
f 4912 5111 5112
f 4913 5113 4914
f 4913 5112 5113
f 4914 5114 4915
f 4914 5113 5114
f 4915 5115 4916
f 4915 5114 5115
f 4916 5116 4917
f 4916 5115 5116
f 4917 5117 4918
f 4917 5116 5117
f 4918 5118 4919
f 4918 5117 5118
f 4919 5119 4920
f 4919 5118 5119
f 4920 5120 4921
f 4920 5119 5120
f 4921 5121 4922
f 4921 5120 5121
f 4922 5122 4923
f 4922 5121 5122
f 4923 5123 4924
f 4923 5122 5123
f 4924 5124 4925
f 4924 5123 5124
f 4925 5125 4926
f 4925 5124 5125
f 4926 5126 4927
f 4926 5125 5126
f 4927 5127 4928
f 4927 5126 5127
f 4928 5128 4929
f 4928 5127 5128
f 4929 5129 4930
f 4929 5128 5129
f 4930 5130 4931
f 4930 5129 5130
f 4931 5131 4932
f 4931 5130 5131
f 4932 5132 4933
f 4932 5131 5132
f 4933 5133 4934
f 4933 5132 5133
f 4934 5134 4935
f 4934 5133 5134
f 4935 5135 4936
f 4935 5134 5135
f 4936 5136 4937
f 4936 5135 5136
f 4937 5137 4938
f 4937 5136 5137
f 4938 5138 4939
f 4938 5137 5138
f 4939 5139 4940
f 4939 5138 5139
f 4940 5140 4941
f 4940 5139 5140
f 4941 5141 4942
f 4941 5140 5141
f 4942 5142 4943
f 4942 5141 5142
f 4943 5143 4944
f 4943 5142 5143
f 4944 5144 4945
f 4944 5143 5144
f 4945 5145 4946
f 4945 5144 5145
f 4946 5146 4947
f 4946 5145 5146
f 4947 5147 4948
f 4947 5146 5147
f 4948 5148 4949
f 4948 5147 5148
f 5150 4951 5149
f 4951 5148 5149
f 4951 4949 5148
f 5152 5151 5150
f 5151 4951 5150
f 5151 4953 4951
f 4953 5153 4954
f 4953 5151 5153
f 4954 5154 4955
f 4954 5153 5154
f 4955 5155 4956
f 4955 5154 5155
f 4956 5156 4957
f 4956 5155 5156
f 4957 5157 4958
f 4957 5156 5157
f 4958 5158 4959
f 4958 5157 5158
f 4959 5159 4960
f 4959 5158 5159
f 4960 5160 4961
f 4960 5159 5160
f 4961 5161 4962
f 4961 5160 5161
f 4962 5162 4963
f 4962 5161 5162
f 4963 5163 4964
f 4963 5162 5163
f 4964 5164 4965
f 4964 5163 5164
f 5166 4966 5165
f 4966 5164 5165
f 4966 4965 5164
f 5168 5167 5166
f 5167 4966 5166
f 5167 4967 4966
f 4967 5169 4969
f 4967 5167 5169
f 4969 5170 4970
f 4969 5169 5170
f 4970 5171 4971
f 4970 5170 5171
f 4971 5172 4972
f 4971 5171 5172
f 4972 5173 4973
f 4972 5172 5173
f 4973 5174 4974
f 4973 5173 5174
f 4974 5175 4975
f 4974 5174 5175
f 4975 5176 4976
f 4975 5175 5176
f 4976 5177 4977
f 4976 5176 5177
f 4978 4977 5178
f 5178 4977 5177
f 4979 4980 5179
f 5179 4980 5180
f 4979 5181 4981
f 4979 5179 5181
f 4981 5182 4982
f 4981 5181 5182
f 4982 5183 4984
f 4982 5182 5183
f 4985 4984 5184
f 5184 4984 5183
f 4987 5185 4986
f 5187 5186 5185
f 5186 4986 5185
f 5186 4989 4986
f 4989 5188 4990
f 4989 5186 5188
f 4990 5189 4991
f 4990 5188 5189
f 4991 5190 4993
f 4991 5189 5190
f 4993 5191 4994
f 4993 5190 5191
f 4994 5192 4995
f 4994 5191 5192
f 4995 5193 4996
f 4995 5192 5193
f 4996 5194 4997
f 4996 5193 5194
f 4997 5195 4998
f 4997 5194 5195
f 4998 5196 4999
f 4998 5195 5196
f 4999 5197 5000
f 4999 5196 5197
f 5000 5198 5001
f 5000 5197 5198
f 5001 5199 5002
f 5001 5198 5199
f 5002 5200 5003
f 5002 5199 5200
f 5003 5201 5004
f 5003 5200 5201
f 5004 5202 5005
f 5004 5201 5202
f 5005 5203 5006
f 5005 5202 5203
f 5006 5204 5007
f 5006 5203 5204
f 5007 5205 5008
f 5007 5204 5205
f 5008 5206 5009
f 5008 5205 5206
f 5009 5207 5010
f 5009 5206 5207
f 5010 5208 5011
f 5010 5207 5208
f 5011 5209 5012
f 5011 5208 5209
f 5012 5210 5013
f 5012 5209 5210
f 5013 5211 5014
f 5013 5210 5211
f 5014 5212 5015
f 5014 5211 5212
f 5015 5213 5016
f 5015 5212 5213
f 5016 5214 5017
f 5016 5213 5214
f 5017 5215 5019
f 5017 5214 5215
f 5217 5021 5216
f 5021 5215 5216
f 5021 5019 5215
f 5219 5218 5217
f 5218 5021 5217
f 5218 5022 5021
f 5022 5220 5023
f 5022 5218 5220
f 5023 5221 5024
f 5023 5220 5221
f 5024 5222 5025
f 5024 5221 5222
f 5025 5223 5026
f 5025 5222 5223
f 5026 5224 5027
f 5026 5223 5224
f 5027 5225 5029
f 5027 5224 5225
f 5030 5029 5226
f 5226 5029 5225
f 5031 5032 5227
f 5227 5032 5228
f 5031 5229 5034
f 5031 5227 5229
f 5034 5230 5035
f 5034 5229 5230
f 5035 5231 5037
f 5035 5230 5231
f 5038 5037 5232
f 5232 5037 5231
f 5039 5040 5233
f 5233 5040 5234
f 5039 5235 5041
f 5039 5233 5235
f 5041 5236 5042
f 5041 5235 5236
f 5043 5042 5237
f 5042 5238 5237
f 5042 5236 5238
f 5240 5239 5238
f 5238 5239 5237
f 5239 5240 5045
f 5240 5044 5045
f 5240 5241 5044
f 5044 5242 5047
f 5044 5241 5242
f 5047 5243 5048
f 5047 5242 5243
f 5048 5244 5049
f 5048 5243 5244
f 5049 5245 5050
f 5049 5244 5245
f 5050 5246 5051
f 5050 5245 5246
f 5051 5247 5052
f 5051 5246 5247
f 5052 5248 5054
f 5052 5247 5248
f 5054 5249 5056
f 5054 5248 5249
f 5056 5250 5057
f 5056 5249 5250
f 5057 5251 5058
f 5057 5250 5251
f 5058 5252 5059
f 5058 5251 5252
f 5059 5253 5060
f 5059 5252 5253
f 5060 5254 5061
f 5060 5253 5254
f 5061 5255 5062
f 5061 5254 5255
f 5062 5256 5063
f 5062 5255 5256
f 5063 5257 5064
f 5063 5256 5257
f 5066 5258 5065
f 5066 5259 5258
f 5065 5260 5067
f 5065 5258 5260
f 5067 5261 5068
f 5067 5260 5261
f 5068 5262 5069
f 5068 5261 5262
f 5069 5263 5070
f 5069 5262 5263
f 5265 5071 5264
f 5071 5263 5264
f 5071 5070 5263
f 5267 5266 5265
f 5266 5071 5265
f 5266 5072 5071
f 5072 5268 5073
f 5072 5266 5268
f 5270 5074 5269
f 5074 5268 5269
f 5074 5073 5268
f 5272 5271 5270
f 5271 5074 5270
f 5271 5075 5074
f 5075 5273 5076
f 5075 5271 5273
f 5275 5077 5274
f 5077 5273 5274
f 5077 5076 5273
f 5077 5275 5078
f 5078 5275 5276
f 5078 5276 5079
f 5079 5276 5277
f 5279 5278 5277
f 5278 5079 5277
f 5278 5080 5079
f 5281 5081 5280
f 5081 5278 5280
f 5081 5080 5278
f 5081 5281 5082
f 5082 5281 5282
f 5082 5282 5083
f 5083 5282 5283
f 5285 5284 5283
f 5284 5083 5283
f 5284 5084 5083
f 5084 5286 5085
f 5084 5284 5286
f 5085 5287 5086
f 5085 5286 5287
f 5086 5288 5087
f 5086 5287 5288
f 5087 5289 5088
f 5087 5288 5289
f 5088 5290 5089
f 5088 5289 5290
f 5089 5291 5090
f 5089 5290 5291
f 5090 5292 5091
f 5090 5291 5292
f 5294 5092 5293
f 5092 5292 5293
f 5092 5091 5292
f 5092 5294 5093
f 5096 5295 5095
f 5297 5296 5295
f 5296 5095 5295
f 5296 5097 5095
f 5097 5298 5098
f 5097 5296 5298
f 5098 5299 5099
f 5098 5298 5299
f 5099 5300 5100
f 5099 5299 5300
f 5100 5301 5101
f 5100 5300 5301
f 5101 5302 5102
f 5101 5301 5302
f 5102 5303 5103
f 5102 5302 5303
f 5103 5304 5104
f 5103 5303 5304
f 5104 5305 5105
f 5104 5304 5305
f 5105 5306 5106
f 5105 5305 5306
f 5106 5307 5107
f 5106 5306 5307
f 5107 5308 5108
f 5107 5307 5308
f 5108 5309 5109
f 5108 5308 5309
f 5109 5310 5110
f 5109 5309 5310
f 5110 5311 5111
f 5110 5310 5311
f 5111 5312 5112
f 5111 5311 5312
f 5112 5313 5113
f 5112 5312 5313
f 5113 5314 5114
f 5113 5313 5314
f 5114 5315 5115
f 5114 5314 5315
f 5115 5316 5116
f 5115 5315 5316
f 5116 5317 5117
f 5116 5316 5317
f 5117 5318 5118
f 5117 5317 5318
f 5118 5319 5119
f 5118 5318 5319
f 5119 5320 5120
f 5119 5319 5320
f 5120 5321 5121
f 5120 5320 5321
f 5121 5322 5122
f 5121 5321 5322
f 5122 5323 5123
f 5122 5322 5323
f 5123 5324 5124
f 5123 5323 5324
f 5124 5325 5125
f 5124 5324 5325
f 5125 5326 5126
f 5125 5325 5326
f 5126 5327 5127
f 5126 5326 5327
f 5127 5328 5128
f 5127 5327 5328
f 5330 5129 5329
f 5129 5328 5329
f 5129 5128 5328
f 5129 5330 5130
f 5130 5330 5331
f 5333 5332 5331
f 5332 5130 5331
f 5332 5131 5130
f 5131 5334 5132
f 5131 5332 5334
f 5132 5335 5133
f 5132 5334 5335
f 5337 5134 5336
f 5134 5335 5336
f 5134 5133 5335
f 5339 5338 5337
f 5338 5134 5337
f 5338 5135 5134
f 5135 5340 5136
f 5135 5338 5340
f 5136 5341 5137
f 5136 5340 5341
f 5137 5342 5138
f 5137 5341 5342
f 5138 5343 5139
f 5138 5342 5343
f 5345 5140 5344
f 5140 5343 5344
f 5140 5139 5343
f 5140 5345 5141
f 5141 5345 5346
f 5348 5347 5346
f 5347 5141 5346
f 5347 5142 5141
f 5142 5349 5143
f 5142 5347 5349
f 5143 5350 5144
f 5143 5349 5350
f 5144 5351 5145
f 5144 5350 5351
f 5145 5352 5146
f 5145 5351 5352
f 5146 5353 5147
f 5146 5352 5353
f 5355 5148 5354
f 5148 5353 5354
f 5148 5147 5353
f 5148 5355 5149
f 5151 5152 5356
f 5356 5152 5357
f 5151 5358 5153
f 5151 5356 5358
f 5153 5359 5154
f 5153 5358 5359
f 5154 5360 5155
f 5154 5359 5360
f 5155 5361 5156
f 5155 5360 5361
f 5156 5362 5157
f 5156 5361 5362
f 5157 5363 5158
f 5157 5362 5363
f 5158 5364 5159
f 5158 5363 5364
f 5159 5365 5160
f 5159 5364 5365
f 5160 5366 5161
f 5160 5365 5366
f 5161 5367 5162
f 5161 5366 5367
f 5162 5368 5163
f 5162 5367 5368
f 5163 5369 5164
f 5163 5368 5369
f 5165 5164 5370
f 5370 5164 5369
f 5168 5371 5167
f 5167 5371 5169
f 5169 5371 5372
f 5169 5372 5170
f 5170 5372 5373
f 5375 5374 5373
f 5374 5170 5373
f 5374 5171 5170
f 5171 5376 5172
f 5171 5374 5376
f 5172 5377 5173
f 5172 5376 5377
f 5173 5378 5174
f 5173 5377 5378
f 5174 5379 5175
f 5174 5378 5379
f 5175 5380 5176
f 5175 5379 5380
f 5176 5381 5177
f 5176 5380 5381
f 5178 5177 5382
f 5382 5177 5381
f 5180 5383 5179
f 5385 5384 5383
f 5384 5179 5383
f 5384 5181 5179
f 5181 5386 5182
f 5181 5384 5386
f 5388 5183 5387
f 5183 5386 5387
f 5183 5182 5386
f 5183 5388 5184
f 5186 5187 5389
f 5389 5187 5390
f 5186 5391 5188
f 5186 5389 5391
f 5393 5189 5392
f 5189 5391 5392
f 5189 5188 5391
f 5189 5393 5190
f 5190 5393 5394
f 5190 5394 5191
f 5191 5394 5395
f 5397 5396 5395
f 5396 5191 5395
f 5396 5192 5191
f 5192 5398 5193
f 5192 5396 5398
f 5193 5399 5194
f 5193 5398 5399
f 5194 5400 5195
f 5194 5399 5400
f 5195 5401 5196
f 5195 5400 5401
f 5196 5402 5197
f 5196 5401 5402
f 5404 5198 5403
f 5198 5402 5403
f 5198 5197 5402
f 5198 5404 5199
f 5199 5404 5405
f 5407 5406 5405
f 5406 5199 5405
f 5406 5200 5199
f 5409 5201 5408
f 5201 5406 5408
f 5201 5200 5406
f 5411 5410 5409
f 5410 5201 5409
f 5410 5202 5201
f 5202 5412 5203
f 5202 5410 5412
f 5203 5413 5204
f 5203 5412 5413
f 5204 5414 5205
f 5204 5413 5414
f 5205 5415 5206
f 5205 5414 5415
f 5206 5416 5207
f 5206 5415 5416
f 5207 5417 5208
f 5207 5416 5417
f 5208 5418 5209
f 5208 5417 5418
f 5209 5419 5210
f 5209 5418 5419
f 5210 5420 5211
f 5210 5419 5420
f 5211 5421 5212
f 5211 5420 5421
f 5212 5422 5213
f 5212 5421 5422
f 5213 5423 5214
f 5213 5422 5423
f 5425 5215 5424
f 5215 5423 5424
f 5215 5214 5423
f 5215 5425 5216
f 5218 5219 5426
f 5426 5219 5427
f 5218 5428 5220
f 5218 5426 5428
f 5220 5429 5221
f 5220 5428 5429
f 5221 5430 5222
f 5221 5429 5430
f 5222 5431 5223
f 5222 5430 5431
f 5223 5432 5224
f 5223 5431 5432
f 5434 5225 5433
f 5225 5432 5433
f 5225 5224 5432
f 5225 5434 5226
f 5228 5435 5227
f 5437 5436 5435
f 5436 5227 5435
f 5436 5229 5227
f 5229 5438 5230
f 5229 5436 5438
f 5440 5231 5439
f 5231 5438 5439
f 5231 5230 5438
f 5231 5440 5232
f 5234 5441 5233
f 5443 5442 5441
f 5442 5233 5441
f 5442 5235 5233
f 5235 5444 5236
f 5235 5442 5444
f 5446 5238 5445
f 5238 5444 5445
f 5238 5236 5444
f 5238 5446 5240
f 5240 5446 5447
f 5240 5447 5241
f 5241 5447 5448
f 5450 5449 5448
f 5449 5241 5448
f 5449 5242 5241
f 5242 5451 5243
f 5242 5449 5451
f 5243 5452 5244
f 5243 5451 5452
f 5244 5453 5245
f 5244 5452 5453
f 5245 5454 5246
f 5245 5453 5454
f 5246 5455 5247
f 5246 5454 5455
f 5457 5248 5456
f 5248 5455 5456
f 5248 5247 5455
f 5248 5457 5249
f 5249 5457 5458
f 5249 5458 5250
f 5250 5458 5459
f 5250 5459 5251
f 5251 5459 5460
f 5462 5461 5460
f 5461 5251 5460
f 5461 5252 5251
f 5252 5463 5253
f 5252 5461 5463
f 5253 5464 5254
f 5253 5463 5464
f 5466 5255 5465
f 5255 5464 5465
f 5255 5254 5464
f 5255 5466 5256
f 5256 5466 5467
f 5469 5468 5467
f 5468 5256 5467
f 5468 5257 5256
f 5259 5470 5258
f 5258 5470 5471
f 5258 5471 5260
f 5260 5471 5472
f 5474 5473 5472
f 5473 5260 5472
f 5473 5261 5260
f 5261 5475 5262
f 5261 5473 5475
f 5477 5263 5476
f 5263 5475 5476
f 5263 5262 5475
f 5263 5477 5264
f 5267 5478 5266
f 5266 5478 5268
f 5268 5478 5479
f 5268 5479 5269
f 5272 5480 5271
f 5271 5480 5273
f 5273 5480 5481
f 5273 5481 5274
f 5279 5482 5278
f 5278 5482 5280
f 5285 5483 5284
f 5284 5483 5286
f 5286 5483 5484
f 5286 5484 5287
f 5287 5484 5485
f 5287 5485 5288
f 5288 5485 5486
f 5288 5486 5289
f 5289 5486 5487
f 5289 5487 5290
f 5290 5487 5488
f 5290 5488 5291
f 5291 5488 5489
f 5291 5489 5292
f 5292 5489 5490
f 5292 5490 5293
f 5296 5297 5491
f 5491 5297 5492
f 5296 5493 5298
f 5296 5491 5493
f 5298 5494 5299
f 5298 5493 5494
f 5299 5495 5300
f 5299 5494 5495
f 5300 5496 5301
f 5300 5495 5496
f 5301 5497 5302
f 5301 5496 5497
f 5302 5498 5303
f 5302 5497 5498
f 5303 5499 5304
f 5303 5498 5499
f 5304 5500 5305
f 5304 5499 5500
f 5305 5501 5306
f 5305 5500 5501
f 5306 5502 5307
f 5306 5501 5502
f 5307 5503 5308
f 5307 5502 5503
f 5308 5504 5309
f 5308 5503 5504
f 5309 5505 5310
f 5309 5504 5505
f 5310 5506 5311
f 5310 5505 5506
f 5311 5507 5312
f 5311 5506 5507
f 5312 5508 5313
f 5312 5507 5508
f 5313 5509 5314
f 5313 5508 5509
f 5314 5510 5315
f 5314 5509 5510
f 5315 5511 5316
f 5315 5510 5511
f 5316 5512 5317
f 5316 5511 5512
f 5317 5513 5318
f 5317 5512 5513
f 5318 5514 5319
f 5318 5513 5514
f 5319 5515 5320
f 5319 5514 5515
f 5320 5516 5321
f 5320 5515 5516
f 5321 5517 5322
f 5321 5516 5517
f 5322 5518 5323
f 5322 5517 5518
f 5323 5519 5324
f 5323 5518 5519
f 5324 5520 5325
f 5324 5519 5520
f 5522 5326 5521
f 5326 5520 5521
f 5326 5325 5520
f 5524 5523 5522
f 5523 5326 5522
f 5523 5327 5326
f 5526 5328 5525
f 5328 5523 5525
f 5328 5327 5523
f 5328 5526 5329
f 5333 5527 5332
f 5332 5527 5334
f 5334 5527 5528
f 5334 5528 5335
f 5335 5528 5529
f 5335 5529 5336
f 5339 5530 5338
f 5338 5530 5340
f 5340 5530 5531
f 5533 5532 5531
f 5532 5340 5531
f 5532 5341 5340
f 5535 5342 5534
f 5342 5532 5534
f 5342 5341 5532
f 5342 5535 5343
f 5343 5535 5536
f 5343 5536 5344
f 5348 5537 5347
f 5539 5538 5537
f 5538 5347 5537
f 5538 5349 5347
f 5541 5350 5540
f 5350 5538 5540
f 5350 5349 5538
f 5543 5542 5541
f 5542 5350 5541
f 5542 5351 5350
f 5351 5544 5352
f 5351 5542 5544
f 5546 5353 5545
f 5353 5544 5545
f 5353 5352 5544
f 5353 5546 5354
f 5357 5547 5356
f 5356 5547 5358
f 5358 5547 5548
f 5358 5548 5359
f 5359 5548 5549
f 5551 5550 5549
f 5550 5359 5549
f 5550 5360 5359
f 5360 5552 5361
f 5360 5550 5552
f 5361 5553 5362
f 5361 5552 5553
f 5555 5363 5554
f 5363 5553 5554
f 5363 5362 5553
f 5363 5555 5364
f 5364 5555 5556
f 5364 5556 5365
f 5365 5556 5557
f 5365 5557 5366
f 5366 5557 5558
f 5560 5559 5558
f 5559 5366 5558
f 5559 5367 5366
f 5367 5561 5368
f 5367 5559 5561
f 5368 5562 5369
f 5368 5561 5562
f 5370 5369 5563
f 5563 5369 5562
f 5375 5564 5374
f 5566 5565 5564
f 5565 5374 5564
f 5565 5376 5374
f 5376 5567 5377
f 5376 5565 5567
f 5569 5378 5568
f 5378 5567 5568
f 5378 5377 5567
f 5378 5569 5379
f 5379 5569 5570
f 5379 5570 5380
f 5380 5570 5571
f 5380 5571 5381
f 5381 5571 5572
f 5381 5572 5382
f 5385 5573 5384
f 5384 5573 5386
f 5386 5573 5574
f 5386 5574 5387
f 5390 5575 5389
f 5389 5575 5391
f 5391 5575 5576
f 5391 5576 5392
f 5396 5397 5577
f 5577 5397 5578
f 5396 5579 5398
f 5396 5577 5579
f 5581 5399 5580
f 5399 5579 5580
f 5399 5398 5579
f 5583 5582 5581
f 5582 5399 5581
f 5582 5400 5399
f 5400 5584 5401
f 5400 5582 5584
f 5586 5402 5585
f 5402 5584 5585
f 5402 5401 5584
f 5402 5586 5403
f 5407 5587 5406
f 5406 5587 5408
f 5411 5588 5410
f 5590 5589 5588
f 5589 5410 5588
f 5589 5412 5410
f 5412 5591 5413
f 5412 5589 5591
f 5593 5414 5592
f 5414 5591 5592
f 5414 5413 5591
f 5414 5593 5415
f 5415 5593 5594
f 5415 5594 5416
f 5416 5594 5595
f 5416 5595 5417
f 5417 5595 5596
f 5417 5596 5418
f 5418 5596 5597
f 5599 5598 5597
f 5598 5418 5597
f 5598 5419 5418
f 5419 5600 5420
f 5419 5598 5600
f 5602 5421 5601
f 5421 5600 5601
f 5421 5420 5600
f 5421 5602 5422
f 5422 5602 5603
f 5422 5603 5423
f 5423 5603 5604
f 5423 5604 5424
f 5426 5427 5605
f 5605 5427 5606
f 5426 5607 5428
f 5426 5605 5607
f 5428 5608 5429
f 5428 5607 5608
f 5610 5430 5609
f 5430 5608 5609
f 5430 5429 5608
f 5430 5610 5431
f 5431 5610 5611
f 5431 5611 5432
f 5432 5611 5612
f 5432 5612 5433
f 5437 5613 5436
f 5436 5613 5438
f 5438 5613 5614
f 5438 5614 5439
f 5443 5615 5442
f 5442 5615 5444
f 5444 5615 5616
f 5444 5616 5445
f 5450 5617 5449
f 5449 5617 5451
f 5451 5617 5618
f 5451 5618 5452
f 5452 5618 5619
f 5452 5619 5453
f 5453 5619 5620
f 5622 5621 5620
f 5621 5453 5620
f 5621 5454 5453
f 5624 5455 5623
f 5455 5621 5623
f 5455 5454 5621
f 5455 5624 5456
f 5462 5625 5461
f 5627 5626 5625
f 5626 5461 5625
f 5626 5463 5461
f 5463 5628 5464
f 5463 5626 5628
f 5465 5464 5629
f 5629 5464 5628
f 5469 5630 5468
f 5633 5632 5631
f 5631 5632 5634
f 5636 5635 5633
f 5633 5635 5632
f 5635 5636 5474
f 5636 5473 5474
f 5636 5637 5473
f 5473 5638 5475
f 5473 5637 5638
f 5476 5475 5639
f 5475 5640 5639
f 5475 5638 5640
f 5642 5641 5640
f 5640 5641 5639
f 5644 5643 5642
f 5642 5643 5641
f 5646 5645 5644
f 5644 5645 5643
f 5648 5647 5646
f 5646 5647 5645
f 5650 5649 5648
f 5648 5649 5647
f 5652 5651 5650
f 5650 5651 5649
f 5654 5653 5652
f 5652 5653 5651
f 5656 5655 5654
f 5654 5655 5653
f 5658 5657 5656
f 5656 5657 5655
f 5660 5659 5658
f 5658 5659 5657
f 5662 5661 5660
f 5660 5661 5659
f 5664 5663 5662
f 5662 5663 5661
f 5666 5665 5664
f 5664 5665 5663
f 5668 5667 5666
f 5666 5667 5665
f 5670 5669 5668
f 5668 5669 5667
f 5672 5671 5670
f 5670 5671 5669
f 5674 5673 5672
f 5672 5673 5671
f 5676 5675 5674
f 5674 5675 5673
f 5678 5677 5676
f 5676 5677 5675
f 5680 5679 5678
f 5678 5679 5677
f 5682 5681 5680
f 5680 5681 5679
f 5682 5683 5681
f 5686 5685 5684
f 5686 5684 5492
f 5684 5491 5492
f 5684 5687 5491
f 5491 5688 5493
f 5491 5687 5688
f 5493 5689 5494
f 5493 5688 5689
f 5494 5690 5495
f 5494 5689 5690
f 5495 5691 5496
f 5495 5690 5691
f 5496 5692 5497
f 5496 5691 5692
f 5497 5693 5498
f 5497 5692 5693
f 5498 5694 5499
f 5498 5693 5694
f 5499 5695 5500
f 5499 5694 5695
f 5500 5696 5501
f 5500 5695 5696
f 5501 5697 5502
f 5501 5696 5697
f 5502 5698 5503
f 5502 5697 5698
f 5503 5699 5504
f 5503 5698 5699
f 5504 5700 5505
f 5504 5699 5700
f 5505 5701 5506
f 5505 5700 5701
f 5506 5702 5507
f 5506 5701 5702
f 5507 5703 5508
f 5507 5702 5703
f 5508 5704 5509
f 5508 5703 5704
f 5509 5705 5510
f 5509 5704 5705
f 5510 5706 5511
f 5510 5705 5706
f 5511 5707 5512
f 5511 5706 5707
f 5512 5708 5513
f 5512 5707 5708
f 5513 5709 5514
f 5513 5708 5709
f 5514 5710 5515
f 5514 5709 5710
f 5515 5711 5516
f 5515 5710 5711
f 5516 5712 5517
f 5516 5711 5712
f 5517 5713 5518
f 5517 5712 5713
f 5518 5714 5519
f 5518 5713 5714
f 5519 5715 5520
f 5519 5714 5715
f 5521 5520 5716
f 5520 5717 5716
f 5520 5715 5717
f 5716 5717 5524
f 5717 5523 5524
f 5717 5718 5523
f 5525 5523 5719
f 5523 5720 5719
f 5523 5718 5720
f 5722 5721 5720
f 5720 5721 5719
f 5724 5723 5722
f 5722 5723 5721
f 5726 5725 5724
f 5724 5725 5723
f 5728 5727 5726
f 5726 5727 5725
f 5730 5729 5728
f 5728 5729 5727
f 5730 5731 5729
f 5734 5733 5732
f 5734 5732 5533
f 5732 5532 5533
f 5732 5735 5532
f 5534 5532 5736
f 5532 5737 5736
f 5532 5735 5737
f 5739 5738 5737
f 5737 5738 5736
f 5741 5740 5739
f 5739 5740 5738
f 5743 5742 5741
f 5741 5742 5740
f 5745 5744 5743
f 5743 5744 5742
f 5744 5745 5539
f 5745 5538 5539
f 5745 5746 5538
f 5540 5538 5747
f 5538 5748 5747
f 5538 5746 5748
f 5747 5748 5543
f 5748 5542 5543
f 5748 5749 5542
f 5542 5750 5544
f 5542 5749 5750
f 5545 5544 5751
f 5544 5752 5751
f 5544 5750 5752
f 5754 5753 5752
f 5752 5753 5751
f 5756 5755 5754
f 5754 5755 5753
f 5758 5757 5756
f 5756 5757 5755
f 5760 5759 5758
f 5758 5759 5757
f 5762 5761 5760
f 5760 5761 5759
f 5761 5762 5551
f 5762 5550 5551
f 5762 5763 5550
f 5550 5764 5552
f 5550 5763 5764
f 5552 5765 5553
f 5552 5764 5765
f 5554 5553 5766
f 5553 5767 5766
f 5553 5765 5767
f 5769 5768 5767
f 5767 5768 5766
f 5771 5770 5769
f 5769 5770 5768
f 5773 5772 5771
f 5771 5772 5770
f 5772 5773 5560
f 5773 5559 5560
f 5773 5774 5559
f 5559 5775 5561
f 5559 5774 5775
f 5561 5776 5562
f 5561 5775 5776
f 5563 5562 5777
f 5777 5562 5776
f 5780 5779 5778
f 5778 5781 5780
f 5784 5783 5782
f 5786 5785 5782
f 5782 5785 5784
f 5785 5786 5566
f 5786 5565 5566
f 5786 5787 5565
f 5565 5788 5567
f 5565 5787 5788
f 5568 5567 5789
f 5567 5790 5789
f 5567 5788 5790
f 5792 5791 5790
f 5790 5791 5789
f 5794 5793 5792
f 5792 5793 5791
f 5796 5795 5794
f 5794 5795 5793
f 5796 5797 5795
f 5800 5799 5798
f 5802 5801 5798
f 5798 5801 5800
f 5802 5803 5801
f 5806 5805 5804
f 5808 5807 5804
f 5804 5807 5806
f 5810 5809 5808
f 5808 5809 5807
f 5810 5811 5809
f 5814 5813 5812
f 5814 5812 5578
f 5812 5577 5578
f 5812 5815 5577
f 5577 5816 5579
f 5577 5815 5816
f 5580 5579 5817
f 5579 5818 5817
f 5579 5816 5818
f 5817 5818 5583
f 5818 5582 5583
f 5818 5819 5582
f 5582 5820 5584
f 5582 5819 5820
f 5585 5584 5821
f 5584 5822 5821
f 5584 5820 5822
f 5824 5823 5822
f 5822 5823 5821
f 5826 5825 5824
f 5824 5825 5823
f 5828 5827 5826
f 5826 5827 5825
f 5830 5829 5828
f 5828 5829 5827
f 5832 5831 5830
f 5830 5831 5829
f 5831 5832 5590
f 5832 5589 5590
f 5832 5833 5589
f 5589 5834 5591
f 5589 5833 5834
f 5592 5591 5835
f 5591 5836 5835
f 5591 5834 5836
f 5838 5837 5836
f 5836 5837 5835
f 5840 5839 5838
f 5838 5839 5837
f 5842 5841 5840
f 5840 5841 5839
f 5844 5843 5842
f 5842 5843 5841
f 5843 5844 5599
f 5844 5598 5599
f 5844 5845 5598
f 5598 5846 5600
f 5598 5845 5846
f 5601 5600 5847
f 5600 5848 5847
f 5600 5846 5848
f 5850 5849 5848
f 5848 5849 5847
f 5852 5851 5850
f 5850 5851 5849
f 5854 5853 5852
f 5852 5853 5851
f 5854 5855 5853
f 5605 5606 5856
f 5856 5606 5857
f 5605 5858 5607
f 5605 5856 5858
f 5607 5859 5608
f 5607 5858 5859
f 5609 5608 5860
f 5608 5861 5860
f 5608 5859 5861
f 5863 5862 5861
f 5861 5862 5860
f 5865 5864 5863
f 5863 5864 5862
f 5867 5866 5865
f 5865 5866 5864
f 5867 5868 5866
f 5871 5870 5869
f 5873 5872 5869
f 5869 5872 5871
f 5875 5874 5873
f 5873 5874 5872
f 5875 5876 5874
f 5879 5878 5877
f 5881 5880 5877
f 5877 5880 5879
f 5883 5882 5881
f 5881 5882 5880
f 5885 5884 5883
f 5883 5884 5882
f 5885 5886 5884
f 5889 5888 5887
f 5891 5890 5887
f 5887 5890 5889
f 5893 5892 5891
f 5891 5892 5890
f 5895 5894 5893
f 5893 5894 5892
f 5897 5896 5895
f 5895 5896 5894
f 5896 5897 5622
f 5897 5621 5622
f 5897 5898 5621
f 5623 5621 5899
f 5621 5900 5899
f 5621 5898 5900
f 5902 5901 5900
f 5900 5901 5899
f 5904 5903 5902
f 5902 5903 5901
f 5906 5905 5904
f 5904 5905 5903
f 5908 5907 5906
f 5906 5907 5905
f 5910 5909 5908
f 5908 5909 5907
f 5909 5910 5627
f 5910 5626 5627
f 5910 5911 5626
f 5626 5912 5628
f 5626 5911 5912
f 5629 5628 5913
f 5628 5914 5913
f 5628 5912 5914
f 5916 5915 5914
f 5914 5915 5913
f 5918 5917 5916
f 5916 5917 5915
f 5631 5919 5633
f 5631 5920 5919
f 5633 5921 5636
f 5633 5919 5921
f 5636 5922 5637
f 5636 5921 5922
f 5637 5923 5638
f 5637 5922 5923
f 5638 5924 5640
f 5638 5923 5924
f 5640 5925 5642
f 5640 5924 5925
f 5642 5926 5644
f 5642 5925 5926
f 5644 5927 5646
f 5644 5926 5927
f 5646 5928 5648
f 5646 5927 5928
f 5648 5929 5650
f 5648 5928 5929
f 5650 5930 5652
f 5650 5929 5930
f 5652 5931 5654
f 5652 5930 5931
f 5654 5932 5656
f 5654 5931 5932
f 5656 5933 5658
f 5656 5932 5933
f 5658 5934 5660
f 5658 5933 5934
f 5660 5935 5662
f 5660 5934 5935
f 5662 5936 5664
f 5662 5935 5936
f 5664 5937 5666
f 5664 5936 5937
f 5666 5938 5668
f 5666 5937 5938
f 5668 5939 5670
f 5668 5938 5939
f 5670 5940 5672
f 5670 5939 5940
f 5672 5941 5674
f 5672 5940 5941
f 5674 5942 5676
f 5674 5941 5942
f 5676 5943 5678
f 5676 5942 5943
f 5678 5944 5680
f 5678 5943 5944
f 5680 5945 5682
f 5680 5944 5945
f 5683 5682 5946
f 5682 5947 5946
f 5682 5945 5947
f 5949 5948 5947
f 5947 5948 5946
f 5948 5949 5685
f 5949 5684 5685
f 5949 5950 5684
f 5684 5951 5687
f 5684 5950 5951
f 5687 5952 5688
f 5687 5951 5952
f 5688 5953 5689
f 5688 5952 5953
f 5689 5954 5690
f 5689 5953 5954
f 5690 5955 5691
f 5690 5954 5955
f 5691 5956 5692
f 5691 5955 5956
f 5692 5957 5693
f 5692 5956 5957
f 5693 5958 5694
f 5693 5957 5958
f 5694 5959 5695
f 5694 5958 5959
f 5695 5960 5696
f 5695 5959 5960
f 5696 5961 5697
f 5696 5960 5961
f 5697 5962 5698
f 5697 5961 5962
f 5698 5963 5699
f 5698 5962 5963
f 5699 5964 5700
f 5699 5963 5964
f 5700 5965 5701
f 5700 5964 5965
f 5701 5966 5702
f 5701 5965 5966
f 5702 5967 5703
f 5702 5966 5967
f 5703 5968 5704
f 5703 5967 5968
f 5704 5969 5705
f 5704 5968 5969
f 5705 5970 5706
f 5705 5969 5970
f 5706 5971 5707
f 5706 5970 5971
f 5707 5972 5708
f 5707 5971 5972
f 5708 5973 5709
f 5708 5972 5973
f 5709 5974 5710
f 5709 5973 5974
f 5710 5975 5711
f 5710 5974 5975
f 5711 5976 5712
f 5711 5975 5976
f 5712 5977 5713
f 5712 5976 5977
f 5713 5978 5714
f 5713 5977 5978
f 5714 5979 5715
f 5714 5978 5979
f 5715 5980 5717
f 5715 5979 5980
f 5717 5981 5718
f 5717 5980 5981
f 5718 5982 5720
f 5718 5981 5982
f 5720 5983 5722
f 5720 5982 5983
f 5722 5984 5724
f 5722 5983 5984
f 5724 5985 5726
f 5724 5984 5985
f 5726 5986 5728
f 5726 5985 5986
f 5728 5987 5730
f 5728 5986 5987
f 5731 5730 5988
f 5730 5989 5988
f 5730 5987 5989
f 5991 5990 5989
f 5989 5990 5988
f 5990 5991 5733
f 5991 5732 5733
f 5991 5992 5732
f 5732 5993 5735
f 5732 5992 5993
f 5735 5994 5737
f 5735 5993 5994
f 5737 5995 5739
f 5737 5994 5995
f 5739 5996 5741
f 5739 5995 5996
f 5741 5997 5743
f 5741 5996 5997
f 5743 5998 5745
f 5743 5997 5998
f 5745 5999 5746
f 5745 5998 5999
f 5746 6000 5748
f 5746 5999 6000
f 5748 6001 5749
f 5748 6000 6001
f 5749 6002 5750
f 5749 6001 6002
f 5750 6003 5752
f 5750 6002 6003
f 5752 6004 5754
f 5752 6003 6004
f 5754 6005 5756
f 5754 6004 6005
f 5756 6006 5758
f 5756 6005 6006
f 5758 6007 5760
f 5758 6006 6007
f 5760 6008 5762
f 5760 6007 6008
f 5762 6009 5763
f 5762 6008 6009
f 5763 6010 5764
f 5763 6009 6010
f 5764 6011 5765
f 5764 6010 6011
f 5765 6012 5767
f 5765 6011 6012
f 5767 6013 5769
f 5767 6012 6013
f 5769 6014 5771
f 5769 6013 6014
f 5771 6015 5773
f 5771 6014 6015
f 5773 6016 5774
f 5773 6015 6016
f 5774 6017 5775
f 5774 6016 6017
f 5775 6018 5776
f 5775 6017 6018
f 5777 5776 6019
f 5776 6020 6019
f 5776 6018 6020
f 6019 6020 5779
f 6020 5778 5779
f 6020 6021 5778
f 5781 5778 6022
f 5778 6023 6022
f 5778 6021 6023
f 6022 6023 5783
f 6023 5782 5783
f 6023 6024 5782
f 5782 6025 5786
f 5782 6024 6025
f 5786 6026 5787
f 5786 6025 6026
f 5787 6027 5788
f 5787 6026 6027
f 5788 6028 5790
f 5788 6027 6028
f 5790 6029 5792
f 5790 6028 6029
f 5792 6030 5794
f 5792 6029 6030
f 5794 6031 5796
f 5794 6030 6031
f 5797 5796 6032
f 5796 6033 6032
f 5796 6031 6033
f 6035 6034 6033
f 6033 6034 6032
f 6034 6035 5799
f 6035 5798 5799
f 6035 6036 5798
f 5798 6037 5802
f 5798 6036 6037
f 5803 5802 6038
f 5802 6039 6038
f 5802 6037 6039
f 6041 6040 6039
f 6039 6040 6038
f 6043 6042 6041
f 6041 6042 6040
f 6045 6044 6043
f 6043 6044 6042
f 6044 6045 5805
f 6045 5804 5805
f 6045 6046 5804
f 5804 6047 5808
f 5804 6046 6047
f 5808 6048 5810
f 5808 6047 6048
f 5811 5810 6049
f 5810 6050 6049
f 5810 6048 6050
f 6049 6050 5813
f 6050 5812 5813
f 6050 6051 5812
f 5812 6052 5815
f 5812 6051 6052
f 5815 6053 5816
f 5815 6052 6053
f 5816 6054 5818
f 5816 6053 6054
f 5818 6055 5819
f 5818 6054 6055
f 5819 6056 5820
f 5819 6055 6056
f 5820 6057 5822
f 5820 6056 6057
f 5822 6058 5824
f 5822 6057 6058
f 5824 6059 5826
f 5824 6058 6059
f 5826 6060 5828
f 5826 6059 6060
f 5828 6061 5830
f 5828 6060 6061
f 5830 6062 5832
f 5830 6061 6062
f 5832 6063 5833
f 5832 6062 6063
f 5833 6064 5834
f 5833 6063 6064
f 5834 6065 5836
f 5834 6064 6065
f 5836 6066 5838
f 5836 6065 6066
f 5838 6067 5840
f 5838 6066 6067
f 5840 6068 5842
f 5840 6067 6068
f 5842 6069 5844
f 5842 6068 6069
f 5844 6070 5845
f 5844 6069 6070
f 5845 6071 5846
f 5845 6070 6071
f 5846 6072 5848
f 5846 6071 6072
f 5848 6073 5850
f 5848 6072 6073
f 5850 6074 5852
f 5850 6073 6074
f 5852 6075 5854
f 5852 6074 6075
f 5855 5854 6076
f 5854 6077 6076
f 5854 6075 6077
f 6076 6077 5857
f 6077 5856 5857
f 6077 6078 5856
f 5856 6079 5858
f 5856 6078 6079
f 5858 6080 5859
f 5858 6079 6080
f 5859 6081 5861
f 5859 6080 6081
f 5861 6082 5863
f 5861 6081 6082
f 5863 6083 5865
f 5863 6082 6083
f 5865 6084 5867
f 5865 6083 6084
f 5868 5867 6085
f 5867 6086 6085
f 5867 6084 6086
f 6085 6086 5870
f 6086 5869 5870
f 6086 6087 5869
f 5869 6088 5873
f 5869 6087 6088
f 5873 6089 5875
f 5873 6088 6089
f 5876 5875 6090
f 5875 6091 6090
f 5875 6089 6091
f 6093 6092 6091
f 6091 6092 6090
f 6095 6094 6093
f 6093 6094 6092
f 6094 6095 5878
f 6095 5877 5878
f 6095 6096 5877
f 5877 6097 5881
f 5877 6096 6097
f 5881 6098 5883
f 5881 6097 6098
f 5883 6099 5885
f 5883 6098 6099
f 5886 5885 6100
f 5885 6101 6100
f 5885 6099 6101
f 6100 6101 5888
f 6101 5887 5888
f 6101 6102 5887
f 5887 6103 5891
f 5887 6102 6103
f 5891 6104 5893
f 5891 6103 6104
f 5893 6105 5895
f 5893 6104 6105
f 5895 6106 5897
f 5895 6105 6106
f 5897 6107 5898
f 5897 6106 6107
f 5898 6108 5900
f 5898 6107 6108
f 5900 6109 5902
f 5900 6108 6109
f 5902 6110 5904
f 5902 6109 6110
f 5904 6111 5906
f 5904 6110 6111
f 5906 6112 5908
f 5906 6111 6112
f 5908 6113 5910
f 5908 6112 6113
f 5910 6114 5911
f 5910 6113 6114
f 5911 6115 5912
f 5911 6114 6115
f 5912 6116 5914
f 5912 6115 6116
f 5914 6117 5916
f 5914 6116 6117
f 5916 6118 5918
f 5916 6117 6118
f 5920 6119 5919
f 5920 6120 6119
f 5919 6121 5921
f 5919 6119 6121
f 5921 6122 5922
f 5921 6121 6122
f 5922 6123 5923
f 5922 6122 6123
f 5923 6124 5924
f 5923 6123 6124
f 5924 6125 5925
f 5924 6124 6125
f 5925 6126 5926
f 5925 6125 6126
f 5926 6127 5927
f 5926 6126 6127
f 5927 6128 5928
f 5927 6127 6128
f 5928 6129 5929
f 5928 6128 6129
f 5929 6130 5930
f 5929 6129 6130
f 5930 6131 5931
f 5930 6130 6131
f 5931 6132 5932
f 5931 6131 6132
f 5932 6133 5933
f 5932 6132 6133
f 5933 6134 5934
f 5933 6133 6134
f 5934 6135 5935
f 5934 6134 6135
f 5935 6136 5936
f 5935 6135 6136
f 5936 6137 5937
f 5936 6136 6137
f 5937 6138 5938
f 5937 6137 6138
f 5938 6139 5939
f 5938 6138 6139
f 5939 6140 5940
f 5939 6139 6140
f 5940 6141 5941
f 5940 6140 6141
f 5941 6142 5942
f 5941 6141 6142
f 5942 6143 5943
f 5942 6142 6143
f 5943 6144 5944
f 5943 6143 6144
f 5944 6145 5945
f 5944 6144 6145
f 5945 6146 5947
f 5945 6145 6146
f 5947 6147 5949
f 5947 6146 6147
f 5949 6148 5950
f 5949 6147 6148
f 5950 6149 5951
f 5950 6148 6149
f 5951 6150 5952
f 5951 6149 6150
f 5952 6151 5953
f 5952 6150 6151
f 5953 6152 5954
f 5953 6151 6152
f 5954 6153 5955
f 5954 6152 6153
f 5955 6154 5956
f 5955 6153 6154
f 5956 6155 5957
f 5956 6154 6155
f 5957 6156 5958
f 5957 6155 6156
f 5958 6157 5959
f 5958 6156 6157
f 5959 6158 5960
f 5959 6157 6158
f 5960 6159 5961
f 5960 6158 6159
f 5961 6160 5962
f 5961 6159 6160
f 5962 6161 5963
f 5962 6160 6161
f 5963 6162 5964
f 5963 6161 6162
f 5964 6163 5965
f 5964 6162 6163
f 5965 6164 5966
f 5965 6163 6164
f 5966 6165 5967
f 5966 6164 6165
f 5967 6166 5968
f 5967 6165 6166
f 5968 6167 5969
f 5968 6166 6167
f 5969 6168 5970
f 5969 6167 6168
f 5970 6169 5971
f 5970 6168 6169
f 5971 6170 5972
f 5971 6169 6170
f 5972 6171 5973
f 5972 6170 6171
f 5973 6172 5974
f 5973 6171 6172
f 5974 6173 5975
f 5974 6172 6173
f 5975 6174 5976
f 5975 6173 6174
f 5976 6175 5977
f 5976 6174 6175
f 5977 6176 5978
f 5977 6175 6176
f 5978 6177 5979
f 5978 6176 6177
f 5979 6178 5980
f 5979 6177 6178
f 5980 6179 5981
f 5980 6178 6179
f 5981 6180 5982
f 5981 6179 6180
f 5982 6181 5983
f 5982 6180 6181
f 5983 6182 5984
f 5983 6181 6182
f 5984 6183 5985
f 5984 6182 6183
f 5985 6184 5986
f 5985 6183 6184
f 5986 6185 5987
f 5986 6184 6185
f 5987 6186 5989
f 5987 6185 6186
f 5989 6187 5991
f 5989 6186 6187
f 5991 6188 5992
f 5991 6187 6188
f 5992 6189 5993
f 5992 6188 6189
f 5993 6190 5994
f 5993 6189 6190
f 5994 6191 5995
f 5994 6190 6191
f 5995 6192 5996
f 5995 6191 6192
f 5996 6193 5997
f 5996 6192 6193
f 5997 6194 5998
f 5997 6193 6194
f 5998 6195 5999
f 5998 6194 6195
f 5999 6196 6000
f 5999 6195 6196
f 6000 6197 6001
f 6000 6196 6197
f 6001 6198 6002
f 6001 6197 6198
f 6002 6199 6003
f 6002 6198 6199
f 6003 6200 6004
f 6003 6199 6200
f 6004 6201 6005
f 6004 6200 6201
f 6005 6202 6006
f 6005 6201 6202
f 6006 6203 6007
f 6006 6202 6203
f 6007 6204 6008
f 6007 6203 6204
f 6008 6205 6009
f 6008 6204 6205
f 6009 6206 6010
f 6009 6205 6206
f 6010 6207 6011
f 6010 6206 6207
f 6011 6208 6012
f 6011 6207 6208
f 6012 6209 6013
f 6012 6208 6209
f 6013 6210 6014
f 6013 6209 6210
f 6014 6211 6015
f 6014 6210 6211
f 6015 6212 6016
f 6015 6211 6212
f 6016 6213 6017
f 6016 6212 6213
f 6017 6214 6018
f 6017 6213 6214
f 6018 6215 6020
f 6018 6214 6215
f 6020 6216 6021
f 6020 6215 6216
f 6021 6217 6023
f 6021 6216 6217
f 6023 6218 6024
f 6023 6217 6218
f 6024 6219 6025
f 6024 6218 6219
f 6025 6220 6026
f 6025 6219 6220
f 6026 6221 6027
f 6026 6220 6221
f 6027 6222 6028
f 6027 6221 6222
f 6028 6223 6029
f 6028 6222 6223
f 6029 6224 6030
f 6029 6223 6224
f 6030 6225 6031
f 6030 6224 6225
f 6031 6226 6033
f 6031 6225 6226
f 6033 6227 6035
f 6033 6226 6227
f 6035 6228 6036
f 6035 6227 6228
f 6036 6229 6037
f 6036 6228 6229
f 6037 6230 6039
f 6037 6229 6230
f 6232 6041 6231
f 6041 6230 6231
f 6041 6039 6230
f 6041 6232 6043
f 6043 6232 6233
f 6235 6234 6233
f 6234 6043 6233
f 6234 6045 6043
f 6045 6236 6046
f 6045 6234 6236
f 6046 6237 6047
f 6046 6236 6237
f 6047 6238 6048
f 6047 6237 6238
f 6048 6239 6050
f 6048 6238 6239
f 6050 6240 6051
f 6050 6239 6240
f 6051 6241 6052
f 6051 6240 6241
f 6052 6242 6053
f 6052 6241 6242
f 6053 6243 6054
f 6053 6242 6243
f 6054 6244 6055
f 6054 6243 6244
f 6055 6245 6056
f 6055 6244 6245
f 6056 6246 6057
f 6056 6245 6246
f 6057 6247 6058
f 6057 6246 6247
f 6058 6248 6059
f 6058 6247 6248
f 6059 6249 6060
f 6059 6248 6249
f 6060 6250 6061
f 6060 6249 6250
f 6061 6251 6062
f 6061 6250 6251
f 6062 6252 6063
f 6062 6251 6252
f 6063 6253 6064
f 6063 6252 6253
f 6064 6254 6065
f 6064 6253 6254
f 6065 6255 6066
f 6065 6254 6255
f 6066 6256 6067
f 6066 6255 6256
f 6067 6257 6068
f 6067 6256 6257
f 6068 6258 6069
f 6068 6257 6258
f 6069 6259 6070
f 6069 6258 6259
f 6070 6260 6071
f 6070 6259 6260
f 6071 6261 6072
f 6071 6260 6261
f 6072 6262 6073
f 6072 6261 6262
f 6073 6263 6074
f 6073 6262 6263
f 6074 6264 6075
f 6074 6263 6264
f 6075 6265 6077
f 6075 6264 6265
f 6077 6266 6078
f 6077 6265 6266
f 6078 6267 6079
f 6078 6266 6267
f 6079 6268 6080
f 6079 6267 6268
f 6080 6269 6081
f 6080 6268 6269
f 6081 6270 6082
f 6081 6269 6270
f 6082 6271 6083
f 6082 6270 6271
f 6083 6272 6084
f 6083 6271 6272
f 6084 6273 6086
f 6084 6272 6273
f 6086 6274 6087
f 6086 6273 6274
f 6087 6275 6088
f 6087 6274 6275
f 6088 6276 6089
f 6088 6275 6276
f 6089 6277 6091
f 6089 6276 6277
f 6279 6093 6278
f 6093 6277 6278
f 6093 6091 6277
f 6093 6279 6095
f 6095 6279 6280
f 6282 6281 6280
f 6281 6095 6280
f 6281 6096 6095
f 6096 6283 6097
f 6096 6281 6283
f 6097 6284 6098
f 6097 6283 6284
f 6098 6285 6099
f 6098 6284 6285
f 6099 6286 6101
f 6099 6285 6286
f 6101 6287 6102
f 6101 6286 6287
f 6102 6288 6103
f 6102 6287 6288
f 6103 6289 6104
f 6103 6288 6289
f 6104 6290 6105
f 6104 6289 6290
f 6105 6291 6106
f 6105 6290 6291
f 6106 6292 6107
f 6106 6291 6292
f 6107 6293 6108
f 6107 6292 6293
f 6108 6294 6109
f 6108 6293 6294
f 6109 6295 6110
f 6109 6294 6295
f 6110 6296 6111
f 6110 6295 6296
f 6111 6297 6112
f 6111 6296 6297
f 6112 6298 6113
f 6112 6297 6298
f 6113 6299 6114
f 6113 6298 6299
f 6114 6300 6115
f 6114 6299 6300
f 6115 6301 6116
f 6115 6300 6301
f 6116 6302 6117
f 6116 6301 6302
f 6117 6303 6118
f 6117 6302 6303
f 6120 6304 6119
f 6120 6305 6304
f 6119 6306 6121
f 6119 6304 6306
f 6121 6307 6122
f 6121 6306 6307
f 6122 6308 6123
f 6122 6307 6308
f 6123 6309 6124
f 6123 6308 6309
f 6124 6310 6125
f 6124 6309 6310
f 6125 6311 6126
f 6125 6310 6311
f 6126 6312 6127
f 6126 6311 6312
f 6127 6313 6128
f 6127 6312 6313
f 6128 6314 6129
f 6128 6313 6314
f 6129 6315 6130
f 6129 6314 6315
f 6130 6316 6131
f 6130 6315 6316
f 6131 6317 6132
f 6131 6316 6317
f 6132 6318 6133
f 6132 6317 6318
f 6133 6319 6134
f 6133 6318 6319
f 6134 6320 6135
f 6134 6319 6320
f 6322 6136 6321
f 6136 6320 6321
f 6136 6135 6320
f 6324 6323 6322
f 6323 6136 6322
f 6323 6137 6136
f 6137 6325 6138
f 6137 6323 6325
f 6138 6326 6139
f 6138 6325 6326
f 6139 6327 6140
f 6139 6326 6327
f 6140 6328 6141
f 6140 6327 6328
f 6141 6329 6142
f 6141 6328 6329
f 6142 6330 6143
f 6142 6329 6330
f 6143 6331 6144
f 6143 6330 6331
f 6144 6332 6145
f 6144 6331 6332
f 6145 6333 6146
f 6145 6332 6333
f 6335 6147 6334
f 6147 6333 6334
f 6147 6146 6333
f 6337 6336 6335
f 6336 6147 6335
f 6336 6148 6147
f 6148 6338 6149
f 6148 6336 6338
f 6149 6339 6150
f 6149 6338 6339
f 6150 6340 6151
f 6150 6339 6340
f 6151 6341 6152
f 6151 6340 6341
f 6152 6342 6153
f 6152 6341 6342
f 6153 6343 6154
f 6153 6342 6343
f 6154 6344 6155
f 6154 6343 6344
f 6155 6345 6156
f 6155 6344 6345
f 6156 6346 6157
f 6156 6345 6346
f 6157 6347 6158
f 6157 6346 6347
f 6158 6348 6159
f 6158 6347 6348
f 6159 6349 6160
f 6159 6348 6349
f 6160 6350 6161
f 6160 6349 6350
f 6161 6351 6162
f 6161 6350 6351
f 6162 6352 6163
f 6162 6351 6352
f 6163 6353 6164
f 6163 6352 6353
f 6164 6354 6165
f 6164 6353 6354
f 6165 6355 6166
f 6165 6354 6355
f 6166 6356 6167
f 6166 6355 6356
f 6167 6357 6168
f 6167 6356 6357
f 6168 6358 6169
f 6168 6357 6358
f 6169 6359 6170
f 6169 6358 6359
f 6170 6360 6171
f 6170 6359 6360
f 6171 6361 6172
f 6171 6360 6361
f 6172 6362 6173
f 6172 6361 6362
f 6173 6363 6174
f 6173 6362 6363
f 6174 6364 6175
f 6174 6363 6364
f 6175 6365 6176
f 6175 6364 6365
f 6176 6366 6177
f 6176 6365 6366
f 6177 6367 6178
f 6177 6366 6367
f 6178 6368 6179
f 6178 6367 6368
f 6179 6369 6180
f 6179 6368 6369
f 6371 6181 6370
f 6181 6369 6370
f 6181 6180 6369
f 6373 6372 6371
f 6372 6181 6371
f 6372 6182 6181
f 6182 6374 6183
f 6182 6372 6374
f 6183 6375 6184
f 6183 6374 6375
f 6184 6376 6185
f 6184 6375 6376
f 6185 6377 6186
f 6185 6376 6377
f 6186 6378 6187
f 6186 6377 6378
f 6187 6379 6188
f 6187 6378 6379
f 6188 6380 6189
f 6188 6379 6380
f 6189 6381 6190
f 6189 6380 6381
f 6190 6382 6191
f 6190 6381 6382
f 6191 6383 6192
f 6191 6382 6383
f 6192 6384 6193
f 6192 6383 6384
f 6193 6385 6194
f 6193 6384 6385
f 6194 6386 6195
f 6194 6385 6386
f 6195 6387 6196
f 6195 6386 6387
f 6196 6388 6197
f 6196 6387 6388
f 6197 6389 6198
f 6197 6388 6389
f 6198 6390 6199
f 6198 6389 6390
f 6199 6391 6200
f 6199 6390 6391
f 6393 6201 6392
f 6201 6391 6392
f 6201 6200 6391
f 6395 6394 6393
f 6394 6201 6393
f 6394 6202 6201
f 6202 6396 6203
f 6202 6394 6396
f 6203 6397 6204
f 6203 6396 6397
f 6204 6398 6205
f 6204 6397 6398
f 6205 6399 6206
f 6205 6398 6399
f 6206 6400 6207
f 6206 6399 6400
f 6207 6401 6208
f 6207 6400 6401
f 6208 6402 6209
f 6208 6401 6402
f 6209 6403 6210
f 6209 6402 6403
f 6210 6404 6211
f 6210 6403 6404
f 6211 6405 6212
f 6211 6404 6405
f 6212 6406 6213
f 6212 6405 6406
f 6213 6407 6214
f 6213 6406 6407
f 6409 6215 6408
f 6215 6407 6408
f 6215 6214 6407
f 6411 6410 6409
f 6410 6215 6409
f 6410 6216 6215
f 6413 6217 6412
f 6217 6410 6412
f 6217 6216 6410
f 6217 6413 6218
f 6218 6413 6414
f 6416 6415 6414
f 6415 6218 6414
f 6415 6219 6218
f 6219 6417 6220
f 6219 6415 6417
f 6220 6418 6221
f 6220 6417 6418
f 6221 6419 6222
f 6221 6418 6419
f 6222 6420 6223
f 6222 6419 6420
f 6223 6421 6224
f 6223 6420 6421
f 6224 6422 6225
f 6224 6421 6422
f 6424 6226 6423
f 6226 6422 6423
f 6226 6225 6422
f 6226 6424 6227
f 6227 6424 6425
f 6427 6426 6425
f 6426 6227 6425
f 6426 6228 6227
f 6228 6428 6229
f 6228 6426 6428
f 6430 6230 6429
f 6230 6428 6429
f 6230 6229 6428
f 6230 6430 6231
f 6235 6431 6234
f 6433 6432 6431
f 6432 6234 6431
f 6432 6236 6234
f 6236 6434 6237
f 6236 6432 6434
f 6237 6435 6238
f 6237 6434 6435
f 6437 6239 6436
f 6239 6435 6436
f 6239 6238 6435
f 6439 6438 6437
f 6438 6239 6437
f 6438 6240 6239
f 6240 6440 6241
f 6240 6438 6440
f 6241 6441 6242
f 6241 6440 6441
f 6242 6442 6243
f 6242 6441 6442
f 6243 6443 6244
f 6243 6442 6443
f 6244 6444 6245
f 6244 6443 6444
f 6245 6445 6246
f 6245 6444 6445
f 6246 6446 6247
f 6246 6445 6446
f 6247 6447 6248
f 6247 6446 6447
f 6248 6448 6249
f 6248 6447 6448
f 6249 6449 6250
f 6249 6448 6449
f 6250 6450 6251
f 6250 6449 6450
f 6251 6451 6252
f 6251 6450 6451
f 6252 6452 6253
f 6252 6451 6452
f 6253 6453 6254
f 6253 6452 6453
f 6254 6454 6255
f 6254 6453 6454
f 6255 6455 6256
f 6255 6454 6455
f 6256 6456 6257
f 6256 6455 6456
f 6257 6457 6258
f 6257 6456 6457
f 6258 6458 6259
f 6258 6457 6458
f 6259 6459 6260
f 6259 6458 6459
f 6260 6460 6261
f 6260 6459 6460
f 6261 6461 6262
f 6261 6460 6461
f 6262 6462 6263
f 6262 6461 6462
f 6263 6463 6264
f 6263 6462 6463
f 6465 6265 6464
f 6265 6463 6464
f 6265 6264 6463
f 6467 6466 6465
f 6466 6265 6465
f 6466 6266 6265
f 6266 6468 6267
f 6266 6466 6468
f 6267 6469 6268
f 6267 6468 6469
f 6268 6470 6269
f 6268 6469 6470
f 6269 6471 6270
f 6269 6470 6471
f 6270 6472 6271
f 6270 6471 6472
f 6271 6473 6272
f 6271 6472 6473
f 6272 6474 6273
f 6272 6473 6474
f 6273 6475 6274
f 6273 6474 6475
f 6274 6476 6275
f 6274 6475 6476
f 6275 6477 6276
f 6275 6476 6477
f 6479 6277 6478
f 6277 6477 6478
f 6277 6276 6477
f 6277 6479 6278
f 6282 6480 6281
f 6482 6481 6480
f 6481 6281 6480
f 6481 6283 6281
f 6283 6483 6284
f 6283 6481 6483
f 6485 6285 6484
f 6285 6483 6484
f 6285 6284 6483
f 6285 6485 6286
f 6286 6485 6486
f 6286 6486 6287
f 6287 6486 6487
f 6489 6488 6487
f 6488 6287 6487
f 6488 6288 6287
f 6288 6490 6289
f 6288 6488 6490
f 6289 6491 6290
f 6289 6490 6491
f 6290 6492 6291
f 6290 6491 6492
f 6291 6493 6292
f 6291 6492 6493
f 6292 6494 6293
f 6292 6493 6494
f 6496 6294 6495
f 6294 6494 6495
f 6294 6293 6494
f 6498 6497 6496
f 6497 6294 6496
f 6497 6295 6294
f 6295 6499 6296
f 6295 6497 6499
f 6501 6297 6500
f 6297 6499 6500
f 6297 6296 6499
f 6503 6502 6501
f 6502 6297 6501
f 6502 6298 6297
f 6298 6504 6299
f 6298 6502 6504
f 6299 6505 6300
f 6299 6504 6505
f 6300 6506 6301
f 6300 6505 6506
f 6301 6507 6302
f 6301 6506 6507
f 6302 6508 6303
f 6302 6507 6508
f 6305 6509 6304
f 6305 6510 6509
f 6304 6511 6306
f 6304 6509 6511
f 6306 6512 6307
f 6306 6511 6512
f 6307 6513 6308
f 6307 6512 6513
f 6308 6514 6309
f 6308 6513 6514
f 6309 6515 6310
f 6309 6514 6515
f 6310 6516 6311
f 6310 6515 6516
f 6311 6517 6312
f 6311 6516 6517
f 6312 6518 6313
f 6312 6517 6518
f 6313 6519 6314
f 6313 6518 6519
f 6314 6520 6315
f 6314 6519 6520
f 6315 6521 6316
f 6315 6520 6521
f 6316 6522 6317
f 6316 6521 6522
f 6317 6523 6318
f 6317 6522 6523
f 6318 6524 6319
f 6318 6523 6524
f 6319 6525 6320
f 6319 6524 6525
f 6321 6320 6526
f 6320 6527 6526
f 6320 6525 6527
f 6526 6527 6324
f 6527 6323 6324
f 6527 6528 6323
f 6323 6529 6325
f 6323 6528 6529
f 6325 6530 6326
f 6325 6529 6530
f 6326 6531 6327
f 6326 6530 6531
f 6327 6532 6328
f 6327 6531 6532
f 6328 6533 6329
f 6328 6532 6533
f 6329 6534 6330
f 6329 6533 6534
f 6330 6535 6331
f 6330 6534 6535
f 6331 6536 6332
f 6331 6535 6536
f 6332 6537 6333
f 6332 6536 6537
f 6334 6333 6538
f 6333 6539 6538
f 6333 6537 6539
f 6538 6539 6337
f 6539 6336 6337
f 6539 6540 6336
f 6336 6541 6338
f 6336 6540 6541
f 6338 6542 6339
f 6338 6541 6542
f 6339 6543 6340
f 6339 6542 6543
f 6340 6544 6341
f 6340 6543 6544
f 6341 6545 6342
f 6341 6544 6545
f 6342 6546 6343
f 6342 6545 6546
f 6343 6547 6344
f 6343 6546 6547
f 6344 6548 6345
f 6344 6547 6548
f 6345 6549 6346
f 6345 6548 6549
f 6346 6550 6347
f 6346 6549 6550
f 6347 6551 6348
f 6347 6550 6551
f 6348 6552 6349
f 6348 6551 6552
f 6349 6553 6350
f 6349 6552 6553
f 6350 6554 6351
f 6350 6553 6554
f 6351 6555 6352
f 6351 6554 6555
f 6352 6556 6353
f 6352 6555 6556
f 6353 6557 6354
f 6353 6556 6557
f 6354 6558 6355
f 6354 6557 6558
f 6355 6559 6356
f 6355 6558 6559
f 6356 6560 6357
f 6356 6559 6560
f 6357 6561 6358
f 6357 6560 6561
f 6358 6562 6359
f 6358 6561 6562
f 6359 6563 6360
f 6359 6562 6563
f 6360 6564 6361
f 6360 6563 6564
f 6361 6565 6362
f 6361 6564 6565
f 6362 6566 6363
f 6362 6565 6566
f 6363 6567 6364
f 6363 6566 6567
f 6364 6568 6365
f 6364 6567 6568
f 6365 6569 6366
f 6365 6568 6569
f 6366 6570 6367
f 6366 6569 6570
f 6367 6571 6368
f 6367 6570 6571
f 6368 6572 6369
f 6368 6571 6572
f 6370 6369 6573
f 6369 6574 6573
f 6369 6572 6574
f 6573 6574 6373
f 6574 6372 6373
f 6574 6575 6372
f 6372 6576 6374
f 6372 6575 6576
f 6374 6577 6375
f 6374 6576 6577
f 6375 6578 6376
f 6375 6577 6578
f 6376 6579 6377
f 6376 6578 6579
f 6377 6580 6378
f 6377 6579 6580
f 6378 6581 6379
f 6378 6580 6581
f 6379 6582 6380
f 6379 6581 6582
f 6380 6583 6381
f 6380 6582 6583
f 6381 6584 6382
f 6381 6583 6584
f 6382 6585 6383
f 6382 6584 6585
f 6383 6586 6384
f 6383 6585 6586
f 6384 6587 6385
f 6384 6586 6587
f 6385 6588 6386
f 6385 6587 6588
f 6386 6589 6387
f 6386 6588 6589
f 6387 6590 6388
f 6387 6589 6590
f 6388 6591 6389
f 6388 6590 6591
f 6389 6592 6390
f 6389 6591 6592
f 6390 6593 6391
f 6390 6592 6593
f 6392 6391 6594
f 6391 6595 6594
f 6391 6593 6595
f 6594 6595 6395
f 6595 6394 6395
f 6595 6596 6394
f 6394 6597 6396
f 6394 6596 6597
f 6396 6598 6397
f 6396 6597 6598
f 6397 6599 6398
f 6397 6598 6599
f 6398 6600 6399
f 6398 6599 6600
f 6399 6601 6400
f 6399 6600 6601
f 6400 6602 6401
f 6400 6601 6602
f 6401 6603 6402
f 6401 6602 6603
f 6402 6604 6403
f 6402 6603 6604
f 6403 6605 6404
f 6403 6604 6605
f 6404 6606 6405
f 6404 6605 6606
f 6405 6607 6406
f 6405 6606 6607
f 6406 6608 6407
f 6406 6607 6608
f 6408 6407 6609
f 6407 6610 6609
f 6407 6608 6610
f 6609 6610 6411
f 6610 6410 6411
f 6610 6611 6410
f 6412 6410 6612
f 6410 6613 6612
f 6410 6611 6613
f 6615 6614 6613
f 6613 6614 6612
f 6614 6615 6416
f 6615 6415 6416
f 6615 6616 6415
f 6415 6617 6417
f 6415 6616 6617
f 6417 6618 6418
f 6417 6617 6618
f 6418 6619 6419
f 6418 6618 6619
f 6419 6620 6420
f 6419 6619 6620
f 6420 6621 6421
f 6420 6620 6621
f 6421 6622 6422
f 6421 6621 6622
f 6423 6422 6623
f 6422 6624 6623
f 6422 6622 6624
f 6626 6625 6624
f 6624 6625 6623
f 6625 6626 6427
f 6626 6426 6427
f 6626 6627 6426
f 6426 6628 6428
f 6426 6627 6628
f 6429 6428 6629
f 6428 6630 6629
f 6428 6628 6630
f 6630 6631 6629
f 6634 6633 6632
f 6634 6632 6433
f 6632 6432 6433
f 6632 6635 6432
f 6432 6636 6434
f 6432 6635 6636
f 6434 6637 6435
f 6434 6636 6637
f 6436 6435 6638
f 6435 6639 6638
f 6435 6637 6639
f 6638 6639 6439
f 6639 6438 6439
f 6639 6640 6438
f 6438 6641 6440
f 6438 6640 6641
f 6440 6642 6441
f 6440 6641 6642
f 6441 6643 6442
f 6441 6642 6643
f 6442 6644 6443
f 6442 6643 6644
f 6443 6645 6444
f 6443 6644 6645
f 6444 6646 6445
f 6444 6645 6646
f 6445 6647 6446
f 6445 6646 6647
f 6446 6648 6447
f 6446 6647 6648
f 6447 6649 6448
f 6447 6648 6649
f 6448 6650 6449
f 6448 6649 6650
f 6449 6651 6450
f 6449 6650 6651
f 6450 6652 6451
f 6450 6651 6652
f 6451 6653 6452
f 6451 6652 6653
f 6452 6654 6453
f 6452 6653 6654
f 6453 6655 6454
f 6453 6654 6655
f 6454 6656 6455
f 6454 6655 6656
f 6455 6657 6456
f 6455 6656 6657
f 6456 6658 6457
f 6456 6657 6658
f 6457 6659 6458
f 6457 6658 6659
f 6458 6660 6459
f 6458 6659 6660
f 6459 6661 6460
f 6459 6660 6661
f 6460 6662 6461
f 6460 6661 6662
f 6461 6663 6462
f 6461 6662 6663
f 6462 6664 6463
f 6462 6663 6664
f 6464 6463 6665
f 6463 6666 6665
f 6463 6664 6666
f 6665 6666 6467
f 6666 6466 6467
f 6666 6667 6466
f 6466 6668 6468
f 6466 6667 6668
f 6468 6669 6469
f 6468 6668 6669
f 6469 6670 6470
f 6469 6669 6670
f 6470 6671 6471
f 6470 6670 6671
f 6471 6672 6472
f 6471 6671 6672
f 6472 6673 6473
f 6472 6672 6673
f 6473 6674 6474
f 6473 6673 6674
f 6474 6675 6475
f 6474 6674 6675
f 6475 6676 6476
f 6475 6675 6676
f 6476 6677 6477
f 6476 6676 6677
f 6478 6477 6678
f 6477 6679 6678
f 6477 6677 6679
f 6679 6680 6678
f 6683 6682 6681
f 6683 6681 6482
f 6681 6481 6482
f 6681 6684 6481
f 6481 6685 6483
f 6481 6684 6685
f 6484 6483 6686
f 6483 6687 6686
f 6483 6685 6687
f 6689 6688 6687
f 6687 6688 6686
f 6691 6690 6689
f 6689 6690 6688
f 6690 6691 6489
f 6691 6488 6489
f 6691 6692 6488
f 6488 6693 6490
f 6488 6692 6693
f 6490 6694 6491
f 6490 6693 6694
f 6491 6695 6492
f 6491 6694 6695
f 6492 6696 6493
f 6492 6695 6696
f 6493 6697 6494
f 6493 6696 6697
f 6495 6494 6698
f 6494 6699 6698
f 6494 6697 6699
f 6698 6699 6498
f 6699 6497 6498
f 6699 6700 6497
f 6497 6701 6499
f 6497 6700 6701
f 6500 6499 6702
f 6499 6703 6702
f 6499 6701 6703
f 6702 6703 6503
f 6703 6502 6503
f 6703 6704 6502
f 6502 6705 6504
f 6502 6704 6705
f 6504 6706 6505
f 6504 6705 6706
f 6505 6707 6506
f 6505 6706 6707
f 6506 6708 6507
f 6506 6707 6708
f 6507 6709 6508
f 6507 6708 6709
f 6510 6710 6509
f 6510 6711 6710
f 6509 6712 6511
f 6509 6710 6712
f 6511 6713 6512
f 6511 6712 6713
f 6512 6714 6513
f 6512 6713 6714
f 6513 6715 6514
f 6513 6714 6715
f 6514 6716 6515
f 6514 6715 6716
f 6515 6717 6516
f 6515 6716 6717
f 6516 6718 6517
f 6516 6717 6718
f 6517 6719 6518
f 6517 6718 6719
f 6518 6720 6519
f 6518 6719 6720
f 6519 6721 6520
f 6519 6720 6721
f 6520 6722 6521
f 6520 6721 6722
f 6521 6723 6522
f 6521 6722 6723
f 6522 6724 6523
f 6522 6723 6724
f 6523 6725 6524
f 6523 6724 6725
f 6524 6726 6525
f 6524 6725 6726
f 6525 6727 6527
f 6525 6726 6727
f 6527 6728 6528
f 6527 6727 6728
f 6528 6729 6529
f 6528 6728 6729
f 6529 6730 6530
f 6529 6729 6730
f 6530 6731 6531
f 6530 6730 6731
f 6531 6732 6532
f 6531 6731 6732
f 6532 6733 6533
f 6532 6732 6733
f 6533 6734 6534
f 6533 6733 6734
f 6534 6735 6535
f 6534 6734 6735
f 6535 6736 6536
f 6535 6735 6736
f 6536 6737 6537
f 6536 6736 6737
f 6537 6738 6539
f 6537 6737 6738
f 6539 6739 6540
f 6539 6738 6739
f 6540 6740 6541
f 6540 6739 6740
f 6541 6741 6542
f 6541 6740 6741
f 6542 6742 6543
f 6542 6741 6742
f 6543 6743 6544
f 6543 6742 6743
f 6544 6744 6545
f 6544 6743 6744
f 6545 6745 6546
f 6545 6744 6745
f 6546 6746 6547
f 6546 6745 6746
f 6547 6747 6548
f 6547 6746 6747
f 6548 6748 6549
f 6548 6747 6748
f 6549 6749 6550
f 6549 6748 6749
f 6550 6750 6551
f 6550 6749 6750
f 6551 6751 6552
f 6551 6750 6751
f 6552 6752 6553
f 6552 6751 6752
f 6553 6753 6554
f 6553 6752 6753
f 6554 6754 6555
f 6554 6753 6754
f 6555 6755 6556
f 6555 6754 6755
f 6556 6756 6557
f 6556 6755 6756
f 6557 6757 6558
f 6557 6756 6757
f 6558 6758 6559
f 6558 6757 6758
f 6559 6759 6560
f 6559 6758 6759
f 6560 6760 6561
f 6560 6759 6760
f 6561 6761 6562
f 6561 6760 6761
f 6562 6762 6563
f 6562 6761 6762
f 6563 6763 6564
f 6563 6762 6763
f 6564 6764 6565
f 6564 6763 6764
f 6565 6765 6566
f 6565 6764 6765
f 6566 6766 6567
f 6566 6765 6766
f 6567 6767 6568
f 6567 6766 6767
f 6568 6768 6569
f 6568 6767 6768
f 6569 6769 6570
f 6569 6768 6769
f 6570 6770 6571
f 6570 6769 6770
f 6571 6771 6572
f 6571 6770 6771
f 6572 6772 6574
f 6572 6771 6772
f 6774 6575 6773
f 6575 6772 6773
f 6575 6574 6772
f 6776 6775 6774
f 6775 6575 6774
f 6775 6576 6575
f 6576 6777 6577
f 6576 6775 6777
f 6577 6778 6578
f 6577 6777 6778
f 6578 6779 6579
f 6578 6778 6779
f 6579 6780 6580
f 6579 6779 6780
f 6580 6781 6581
f 6580 6780 6781
f 6581 6782 6582
f 6581 6781 6782
f 6582 6783 6583
f 6582 6782 6783
f 6583 6784 6584
f 6583 6783 6784
f 6584 6785 6585
f 6584 6784 6785
f 6585 6786 6586
f 6585 6785 6786
f 6586 6787 6587
f 6586 6786 6787
f 6587 6788 6588
f 6587 6787 6788
f 6588 6789 6589
f 6588 6788 6789
f 6589 6790 6590
f 6589 6789 6790
f 6590 6791 6591
f 6590 6790 6791
f 6591 6792 6592
f 6591 6791 6792
f 6592 6793 6593
f 6592 6792 6793
f 6795 6595 6794
f 6595 6793 6794
f 6595 6593 6793
f 6797 6796 6795
f 6796 6595 6795
f 6796 6596 6595
f 6596 6798 6597
f 6596 6796 6798
f 6597 6799 6598
f 6597 6798 6799
f 6598 6800 6599
f 6598 6799 6800
f 6599 6801 6600
f 6599 6800 6801
f 6600 6802 6601
f 6600 6801 6802
f 6601 6803 6602
f 6601 6802 6803
f 6602 6804 6603
f 6602 6803 6804
f 6603 6805 6604
f 6603 6804 6805
f 6604 6806 6605
f 6604 6805 6806
f 6605 6807 6606
f 6605 6806 6807
f 6606 6808 6607
f 6606 6807 6808
f 6607 6809 6608
f 6607 6808 6809
f 6811 6610 6810
f 6610 6809 6810
f 6610 6608 6809
f 6813 6812 6811
f 6812 6610 6811
f 6812 6611 6610
f 6815 6613 6814
f 6613 6812 6814
f 6613 6611 6812
f 6817 6816 6815
f 6816 6613 6815
f 6816 6615 6613
f 6615 6818 6616
f 6615 6816 6818
f 6616 6819 6617
f 6616 6818 6819
f 6617 6820 6618
f 6617 6819 6820
f 6618 6821 6619
f 6618 6820 6821
f 6619 6822 6620
f 6619 6821 6822
f 6620 6823 6621
f 6620 6822 6823
f 6621 6824 6622
f 6621 6823 6824
f 6826 6624 6825
f 6624 6824 6825
f 6624 6622 6824
f 6624 6826 6626
f 6626 6826 6827
f 6829 6828 6827
f 6828 6626 6827
f 6828 6627 6626
f 6627 6830 6628
f 6627 6828 6830
f 6832 6630 6831
f 6630 6830 6831
f 6630 6628 6830
f 6630 6832 6631
f 6633 6833 6632
f 6835 6834 6833
f 6834 6632 6833
f 6834 6635 6632
f 6635 6836 6636
f 6635 6834 6836
f 6838 6637 6837
f 6637 6836 6837
f 6637 6636 6836
f 6637 6838 6639
f 6639 6838 6839
f 6841 6840 6839
f 6840 6639 6839
f 6840 6640 6639
f 6640 6842 6641
f 6640 6840 6842
f 6641 6843 6642
f 6641 6842 6843
f 6642 6844 6643
f 6642 6843 6844
f 6643 6845 6644
f 6643 6844 6845
f 6644 6846 6645
f 6644 6845 6846
f 6645 6847 6646
f 6645 6846 6847
f 6646 6848 6647
f 6646 6847 6848
f 6647 6849 6648
f 6647 6848 6849
f 6648 6850 6649
f 6648 6849 6850
f 6649 6851 6650
f 6649 6850 6851
f 6650 6852 6651
f 6650 6851 6852
f 6651 6853 6652
f 6651 6852 6853
f 6652 6854 6653
f 6652 6853 6854
f 6653 6855 6654
f 6653 6854 6855
f 6654 6856 6655
f 6654 6855 6856
f 6655 6857 6656
f 6655 6856 6857
f 6656 6858 6657
f 6656 6857 6858
f 6657 6859 6658
f 6657 6858 6859
f 6658 6860 6659
f 6658 6859 6860
f 6659 6861 6660
f 6659 6860 6861
f 6660 6862 6661
f 6660 6861 6862
f 6661 6863 6662
f 6661 6862 6863
f 6662 6864 6663
f 6662 6863 6864
f 6663 6865 6664
f 6663 6864 6865
f 6664 6866 6666
f 6664 6865 6866
f 6666 6867 6667
f 6666 6866 6867
f 6667 6868 6668
f 6667 6867 6868
f 6668 6869 6669
f 6668 6868 6869
f 6669 6870 6670
f 6669 6869 6870
f 6670 6871 6671
f 6670 6870 6871
f 6671 6872 6672
f 6671 6871 6872
f 6672 6873 6673
f 6672 6872 6873
f 6875 6674 6874
f 6674 6873 6874
f 6674 6673 6873
f 6877 6876 6875
f 6876 6674 6875
f 6876 6675 6674
f 6675 6878 6676
f 6675 6876 6878
f 6676 6879 6677
f 6676 6878 6879
f 6881 6679 6880
f 6679 6879 6880
f 6679 6677 6879
f 6679 6881 6680
f 6681 6682 6882
f 6882 6682 6883
f 6681 6884 6684
f 6681 6882 6884
f 6684 6885 6685
f 6684 6884 6885
f 6887 6687 6886
f 6687 6885 6886
f 6687 6685 6885
f 6687 6887 6689
f 6689 6887 6888
f 6890 6889 6888
f 6889 6689 6888
f 6889 6691 6689
f 6691 6891 6692
f 6691 6889 6891
f 6692 6892 6693
f 6692 6891 6892
f 6693 6893 6694
f 6693 6892 6893
f 6694 6894 6695
f 6694 6893 6894
f 6695 6895 6696
f 6695 6894 6895
f 6696 6896 6697
f 6696 6895 6896
f 6697 6897 6699
f 6697 6896 6897
f 6699 6898 6700
f 6699 6897 6898
f 6700 6899 6701
f 6700 6898 6899
f 6701 6900 6703
f 6701 6899 6900
f 6703 6901 6704
f 6703 6900 6901
f 6704 6902 6705
f 6704 6901 6902
f 6705 6903 6706
f 6705 6902 6903
f 6706 6904 6707
f 6706 6903 6904
f 6707 6905 6708
f 6707 6904 6905
f 6708 6906 6709
f 6708 6905 6906
f 125 6907 126
f 6907 125 128
f 6907 128 6908
f 6908 128 130
f 427 6909 428
f 6910 429 428
f 6910 428 6909
f 6910 431 429
f 610 6909 427
f 6909 610 612
f 6909 612 6910
f 6910 612 431
f 974 6911 975
f 6912 976 975
f 6912 975 6911
f 6912 978 976
f 6913 1097 1095
f 1102 6914 1103
f 6915 1104 1103
f 6915 1103 6914
f 6916 1105 1104
f 6916 1104 6915
f 6917 1106 1105
f 6917 1105 6916
f 6918 1107 1106
f 6918 1106 6917
f 6918 1109 1107
f 1111 6919 1112
f 6920 1113 1112
f 6920 1112 6919
f 6921 1114 1113
f 6921 1113 6920
f 6922 1115 1114
f 6922 1114 6921
f 6923 1116 1115
f 6923 1115 6922
f 6924 1117 1116
f 6924 1116 6923
f 6925 1118 1117
f 6925 1117 6924
f 6926 1119 1118
f 6926 1118 6925
f 6927 1120 1119
f 6927 1119 6926
f 6928 1121 1120
f 6928 1120 6927
f 6929 1122 1121
f 6929 1121 6928
f 6930 1123 1122
f 6930 1122 6929
f 6931 1124 1123
f 6931 1123 6930
f 6932 1125 1124
f 6932 1124 6931
f 6933 1126 1125
f 6933 1125 6932
f 6934 1127 1126
f 6934 1126 6933
f 6935 1128 1127
f 6935 1127 6934
f 6936 1129 1128
f 6936 1128 6935
f 6937 1130 1129
f 6937 1129 6936
f 6938 1131 1130
f 6938 1130 6937
f 6939 1132 1131
f 6939 1131 6938
f 6940 1133 1132
f 6940 1132 6939
f 6941 1134 1133
f 6941 1133 6940
f 6942 1135 1134
f 6942 1134 6941
f 6943 1136 1135
f 6943 1135 6942
f 6944 1137 1136
f 6944 1136 6943
f 6945 1138 1137
f 6945 1137 6944
f 6946 1139 1138
f 6946 1138 6945
f 6947 1140 1139
f 6947 1139 6946
f 6947 1142 1140
f 1143 6948 1144
f 6949 1145 1144
f 6949 1144 6948
f 6950 1146 1145
f 6950 1145 6949
f 6951 1147 1146
f 6951 1146 6950
f 6952 1148 1147
f 6952 1147 6951
f 6953 1149 1148
f 6953 1148 6952
f 6954 1150 1149
f 6954 1149 6953
f 6955 1151 1150
f 6955 1150 6954
f 6956 1152 1151
f 6956 1151 6955
f 6957 1153 1152
f 6957 1152 6956
f 6958 1154 1153
f 6958 1153 6957
f 6959 1155 1154
f 6959 1154 6958
f 6960 1156 1155
f 6960 1155 6959
f 6961 1157 1156
f 6961 1156 6960
f 6962 1158 1157
f 6962 1157 6961
f 6963 1159 1158
f 6963 1158 6962
f 6964 1160 1159
f 6964 1159 6963
f 6965 1161 1160
f 6965 1160 6964
f 6966 1162 1161
f 6966 1161 6965
f 6911 974 1162
f 6966 6911 1162
f 6967 6911 6966
f 6911 6968 6912
f 6911 6967 6968
f 6969 1163 978
f 6912 6969 978
f 6968 6969 6912
f 6970 1164 1163
f 6970 1163 6969
f 6971 1165 1164
f 6971 1164 6970
f 6972 1166 1165
f 6972 1165 6971
f 6973 1167 1166
f 6973 1166 6972
f 6974 1168 1167
f 6974 1167 6973
f 6975 1169 1168
f 6975 1168 6974
f 6976 1170 1169
f 6976 1169 6975
f 6977 1171 1170
f 6977 1170 6976
f 6978 1172 1171
f 6978 1171 6977
f 6979 1173 1172
f 6979 1172 6978
f 6980 1174 1173
f 6980 1173 6979
f 6980 1176 1174
f 1183 6981 1184
f 6981 1186 1184
f 1195 6982 1196
f 6982 1198 1196
f 1210 6983 1211
f 6984 1212 1211
f 6984 1211 6983
f 6985 1213 1212
f 6985 1212 6984
f 6986 1214 1213
f 6986 1213 6985
f 6986 1216 1214
f 1222 6987 1223
f 6988 1224 1223
f 6988 1223 6987
f 6989 1225 1224
f 6989 1224 6988
f 6990 1226 1225
f 6990 1225 6989
f 6990 1228 1226
f 1230 6991 1231
f 6991 1233 1231
f 1275 6992 1276
f 6993 1277 1276
f 6993 1276 6992
f 6993 1279 1277
f 1285 6994 1286
f 6995 1287 1286
f 6995 1286 6994
f 6996 1288 1287
f 6996 1287 6995
f 6997 1289 1288
f 6997 1288 6996
f 6998 1290 1289
f 6998 1289 6997
f 6999 1291 1290
f 6999 1290 6998
f 7000 1292 1291
f 7000 1291 6999
f 7001 1293 1292
f 7001 1292 7000
f 6913 1295 1097
f 1301 6914 1102
f 6914 1301 1303
f 6914 1303 6915
f 6915 1303 1305
f 6915 1305 6916
f 6916 1305 1307
f 6916 1307 6917
f 6917 1307 1309
f 6917 1309 6918
f 6918 1309 1109
f 1313 6919 1111
f 6919 1313 1315
f 6919 1315 6920
f 6920 1315 1317
f 6920 1317 6921
f 6921 1317 1319
f 6921 1319 6922
f 6922 1319 1321
f 7002 6922 1321
f 6923 6922 7002
f 6923 7003 6924
f 6923 7002 7003
f 6924 7004 6925
f 6924 7003 7004
f 7004 1323 1324
f 6926 7004 1324
f 6925 7004 6926
f 6926 1324 1325
f 6926 1325 6927
f 6927 1325 1327
f 6927 1327 6928
f 6928 1327 1329
f 6928 1329 6929
f 6929 1329 1331
f 6929 1331 6930
f 6930 1331 1333
f 6930 1333 6931
f 6931 1333 1335
f 7005 6931 1335
f 6932 6931 7005
f 6932 7006 6933
f 6932 7005 7006
f 6933 7007 6934
f 6933 7006 7007
f 6934 7008 6935
f 6934 7007 7008
f 7008 1337 1338
f 6936 7008 1338
f 6935 7008 6936
f 6936 1338 1339
f 6936 1339 6937
f 6937 1339 1341
f 6937 1341 6938
f 6938 1341 1343
f 6938 1343 6939
f 6939 1343 1345
f 6939 1345 6940
f 6940 1345 1347
f 6940 1347 6941
f 6941 1347 1349
f 6941 1349 6942
f 6942 1349 1351
f 6942 1351 6943
f 6943 1351 1353
f 6943 1353 6944
f 6944 1353 1355
f 7009 6944 1355
f 6945 6944 7009
f 6945 7010 6946
f 6945 7009 7010
f 7010 1357 1358
f 6947 7010 1358
f 6946 7010 6947
f 6947 1358 1142
f 1360 6948 1143
f 6948 1360 1362
f 7011 6948 1362
f 6949 6948 7011
f 6949 7012 6950
f 6949 7011 7012
f 6950 7013 6951
f 6950 7012 7013
f 6951 7014 6952
f 6951 7013 7014
f 7014 1364 1365
f 6953 7014 1365
f 6952 7014 6953
f 6953 1365 1366
f 6953 1366 6954
f 6954 1366 1368
f 7015 6954 1368
f 6955 6954 7015
f 6955 7016 6956
f 6955 7015 7016
f 6956 7017 6957
f 6956 7016 7017
f 6957 7018 6958
f 6957 7017 7018
f 6958 7019 6959
f 6958 7018 7019
f 6959 7020 6960
f 6959 7019 7020
f 6960 7021 6961
f 6960 7020 7021
f 6961 7022 6962
f 6961 7021 7022
f 6962 7023 6963
f 6962 7022 7023
f 6963 7024 6964
f 6963 7023 7024
f 6964 7025 6965
f 6964 7024 7025
f 6965 7026 6966
f 6965 7025 7026
f 6966 7027 6967
f 6966 7026 7027
f 6967 7028 6968
f 6967 7027 7028
f 6968 7029 6969
f 6968 7028 7029
f 6969 7030 6970
f 6969 7029 7030
f 6970 7031 6971
f 6970 7030 7031
f 6971 7032 6972
f 6971 7031 7032
f 6972 7033 6973
f 6972 7032 7033
f 6973 7034 6974
f 6973 7033 7034
f 7034 1370 1371
f 6975 7034 1371
f 6974 7034 6975
f 6975 1371 1372
f 6975 1372 6976
f 6976 1372 1374
f 7035 6976 1374
f 6977 6976 7035
f 6977 7036 6978
f 6977 7035 7036
f 6978 7037 6979
f 6978 7036 7037
f 7037 1376 1377
f 6980 7037 1377
f 6979 7037 6980
f 6980 1377 1176
f 1385 6981 1183
f 6981 1385 1186
f 1396 6982 1195
f 6982 1396 1198
f 1410 7038 6983
f 1410 6983 1210
f 6983 7039 6984
f 6983 7038 7039
f 6984 7040 6985
f 6984 7039 7040
f 7040 1412 1413
f 6986 7040 1413
f 6985 7040 6986
f 6986 1413 1216
f 1420 6987 1222
f 6987 1420 1422
f 6987 1422 6988
f 6988 1422 1424
f 6988 1424 6989
f 6989 1424 1426
f 6989 1426 6990
f 6990 1426 1228
f 1430 6991 1230
f 6991 1430 1233
f 1474 6992 1275
f 6992 1474 1476
f 6992 1476 6993
f 6993 1476 1279
f 1484 6994 1285
f 6994 1484 1486
f 6994 1486 6995
f 6995 1486 1488
f 6995 1488 6996
f 6996 1488 1490
f 6996 1490 6997
f 6997 1490 1492
f 6997 1492 6998
f 6998 1492 1494
f 6998 1494 6999
f 6999 1494 1496
f 6999 1496 7000
f 7000 1496 1498
f 7000 1498 7001
f 1517 7002 1321
f 7002 1517 1519
f 7002 1519 7003
f 7003 1519 1521
f 7003 1521 7004
f 7004 1521 1323
f 1529 7005 1335
f 7005 1529 1531
f 7005 1531 7006
f 7006 1531 1533
f 7006 1533 7007
f 7007 1533 1535
f 7007 1535 7008
f 7008 1535 1337
f 1546 7009 1355
f 7009 1546 1548
f 7009 1548 7010
f 7010 1548 1357
f 1553 7011 1362
f 7011 1553 1555
f 7011 1555 7012
f 7012 1555 1557
f 7012 1557 7013
f 7013 1557 1559
f 7013 1559 7014
f 7014 1559 1364
f 1563 7015 1368
f 7015 1563 1565
f 7015 1565 7016
f 7016 1565 1567
f 7016 1567 7017
f 7017 1567 1569
f 7017 1569 7018
f 7018 1569 1571
f 7018 1571 7019
f 7019 1571 1573
f 7019 1573 7020
f 7020 1573 1575
f 7020 1575 7021
f 7021 1575 1577
f 7021 1577 7022
f 7022 1577 1579
f 7022 1579 7023
f 7023 1579 1581
f 7023 1581 7024
f 7024 1581 1583
f 7024 1583 7025
f 7025 1583 1585
f 7025 1585 7026
f 7026 1585 1587
f 7041 7026 1587
f 7027 7026 7041
f 7027 7042 7028
f 7027 7041 7042
f 7042 1589 1590
f 7029 7042 1590
f 7028 7042 7029
f 7029 1590 1591
f 7029 1591 7030
f 7030 1591 1593
f 7030 1593 7031
f 7031 1593 1595
f 7031 1595 7032
f 7032 1595 1597
f 7032 1597 7033
f 7033 1597 1599
f 7033 1599 7034
f 7034 1599 1370
f 1603 7035 1374
f 7035 1603 1605
f 7035 1605 7036
f 7036 1605 1607
f 7036 1607 7037
f 7037 1607 1376
f 1640 7038 1410
f 7038 1640 1642
f 7038 1642 7039
f 7039 1642 1644
f 7039 1644 7040
f 7040 1644 1412
f 1756 7043 1757
f 7044 1758 1757
f 7044 1757 7043
f 7045 1759 1758
f 7045 1758 7044
f 7045 1761 1759
f 1765 7046 1766
f 7046 1768 1766
f 1772 7047 1773
f 7048 1774 1773
f 7048 1773 7047
f 7049 1775 1774
f 7049 1774 7048
f 7050 1776 1775
f 7050 1775 7049
f 7051 1777 1776
f 7051 1776 7050
f 7052 1778 1777
f 7052 1777 7051
f 7053 1779 1778
f 7053 1778 7052
f 7054 1780 1779
f 7054 1779 7053
f 7055 1781 1780
f 7055 1780 7054
f 7056 1782 1781
f 7056 1781 7055
f 7057 1783 1782
f 7057 1782 7056
f 7058 1784 1783
f 7058 1783 7057
f 7041 1587 1784
f 7058 7041 1784
f 7059 7041 7058
f 7041 7060 7042
f 7041 7059 7060
f 7061 1785 1589
f 7042 7061 1589
f 7060 7061 7042
f 7061 1787 1785
f 1788 7062 1789
f 7063 1790 1789
f 7063 1789 7062
f 7064 1791 1790
f 7064 1790 7063
f 7065 1792 1791
f 7065 1791 7064
f 7065 1794 1792
f 1933 7066 1934
f 7067 1935 1934
f 7067 1934 7066
f 7067 1937 1935
f 1943 7068 1944
f 7069 1945 1944
f 7069 1944 7068
f 7043 1756 1945
f 7069 7043 1945
f 7070 7043 7069
f 7043 7071 7044
f 7043 7070 7071
f 7044 7072 7045
f 7044 7071 7072
f 7072 1947 1761
f 7072 1761 7045
f 1949 7073 1950
f 7074 1951 1950
f 7074 1950 7073
f 7046 1765 1951
f 7074 7046 1951
f 7075 7046 7074
f 7076 1952 1768
f 7046 7076 1768
f 7075 7076 7046
f 7077 1953 1952
f 7077 1952 7076
f 7078 1954 1953
f 7078 1953 7077
f 7079 1955 1954
f 7079 1954 7078
f 7047 1772 1955
f 7079 7047 1955
f 7080 7047 7079
f 7047 7081 7048
f 7047 7080 7081
f 7048 7082 7049
f 7048 7081 7082
f 7049 7083 7050
f 7049 7082 7083
f 7050 7084 7051
f 7050 7083 7084
f 7051 7085 7052
f 7051 7084 7085
f 7052 7086 7053
f 7052 7085 7086
f 7053 7087 7054
f 7053 7086 7087
f 7054 7088 7055
f 7054 7087 7088
f 7055 7089 7056
f 7055 7088 7089
f 7056 7090 7057
f 7056 7089 7090
f 7057 7091 7058
f 7057 7090 7091
f 7058 7092 7059
f 7058 7091 7092
f 7059 7093 7060
f 7059 7092 7093
f 7060 7094 7061
f 7060 7093 7094
f 7095 1956 1787
f 7061 7095 1787
f 7094 7095 7061
f 7062 1788 1956
f 7095 7062 1956
f 7096 7062 7095
f 7062 7097 7063
f 7062 7096 7097
f 7063 7098 7064
f 7063 7097 7098
f 7064 7099 7065
f 7064 7098 7099
f 7099 1958 1794
f 7099 1794 7065
f 1960 7100 1961
f 7101 1962 1961
f 7101 1961 7100
f 7102 1963 1962
f 7102 1962 7101
f 7102 1965 1963
f 1997 7103 1998
f 7103 2000 1998
f 2101 7104 7066
f 2101 7066 1933
f 7104 2103 2104
f 7067 7104 2104
f 7066 7104 7067
f 7067 2104 1937
f 2110 7105 2111
f 7068 1943 2111
f 7105 7068 2111
f 7106 7068 7105
f 7068 7107 7069
f 7068 7106 7107
f 7069 7108 7070
f 7069 7107 7108
f 7070 7109 7071
f 7070 7108 7109
f 7071 7110 7072
f 7071 7109 7110
f 7110 2113 1947
f 7110 1947 7072
f 2115 7111 7073
f 2115 7073 1949
f 7073 7112 7074
f 7073 7111 7112
f 7074 7113 7075
f 7074 7112 7113
f 7075 7114 7076
f 7075 7113 7114
f 7076 7115 7077
f 7076 7114 7115
f 7115 2117 2118
f 7078 7115 2118
f 7077 7115 7078
f 7078 2118 2119
f 7116 7078 2119
f 7079 7078 7116
f 7079 7117 7080
f 7079 7116 7117
f 7080 7118 7081
f 7080 7117 7118
f 7081 7119 7082
f 7081 7118 7119
f 7082 7120 7083
f 7082 7119 7120
f 7083 7121 7084
f 7083 7120 7121
f 7084 7122 7085
f 7084 7121 7122
f 7085 7123 7086
f 7085 7122 7123
f 7086 7124 7087
f 7086 7123 7124
f 7087 7125 7088
f 7087 7124 7125
f 7088 7126 7089
f 7088 7125 7126
f 7089 7127 7090
f 7089 7126 7127
f 7090 7128 7091
f 7090 7127 7128
f 7091 7129 7092
f 7091 7128 7129
f 7092 7130 7093
f 7092 7129 7130
f 7093 7131 7094
f 7093 7130 7131
f 7131 2121 2122
f 7095 7131 2122
f 7094 7131 7095
f 7095 2122 2123
f 7132 7095 2123
f 7096 7095 7132
f 7096 7133 7097
f 7096 7132 7133
f 7097 7134 7098
f 7097 7133 7134
f 7098 7135 7099
f 7098 7134 7135
f 7135 2125 1958
f 7135 1958 7099
f 2127 7136 7100
f 2127 7100 1960
f 7100 7137 7101
f 7100 7136 7137
f 7101 7138 7102
f 7101 7137 7138
f 7138 2129 1965
f 7138 1965 7102
f 2161 7139 7103
f 2161 7103 1997
f 7140 2162 2000
f 7103 7140 2000
f 7139 7140 7103
f 7140 2164 2162
f 2264 7141 7104
f 2264 7104 2101
f 7142 2265 2103
f 7104 7142 2103
f 7141 7142 7104
f 7142 2267 2265
f 2271 7143 2272
f 7105 2110 2272
f 7143 7105 2272
f 7144 7105 7143
f 7105 7145 7106
f 7105 7144 7145
f 7106 7146 7107
f 7106 7145 7146
f 7107 7147 7108
f 7107 7146 7147
f 7108 7148 7109
f 7108 7147 7148
f 7109 7149 7110
f 7109 7148 7149
f 7150 2273 2113
f 7110 7150 2113
f 7149 7150 7110
f 7151 2274 2273
f 7151 2273 7150
f 7111 2115 2274
f 7151 7111 2274
f 7152 7111 7151
f 7111 7153 7112
f 7111 7152 7153
f 7112 7154 7113
f 7112 7153 7154
f 7113 7155 7114
f 7113 7154 7155
f 7114 7156 7115
f 7114 7155 7156
f 7157 2275 2117
f 7115 7157 2117
f 7156 7157 7115
f 7116 2119 2275
f 7157 7116 2275
f 7158 7116 7157
f 7116 7159 7117
f 7116 7158 7159
f 7117 7160 7118
f 7117 7159 7160
f 7118 7161 7119
f 7118 7160 7161
f 7119 7162 7120
f 7119 7161 7162
f 7120 7163 7121
f 7120 7162 7163
f 7121 7164 7122
f 7121 7163 7164
f 7122 7165 7123
f 7122 7164 7165
f 7123 7166 7124
f 7123 7165 7166
f 7124 7167 7125
f 7124 7166 7167
f 7125 7168 7126
f 7125 7167 7168
f 7126 7169 7127
f 7126 7168 7169
f 7127 7170 7128
f 7127 7169 7170
f 7128 7171 7129
f 7128 7170 7171
f 7129 7172 7130
f 7129 7171 7172
f 7130 7173 7131
f 7130 7172 7173
f 7174 2276 2121
f 7131 7174 2121
f 7173 7174 7131
f 7132 2123 2276
f 7174 7132 2276
f 7175 7132 7174
f 7132 7176 7133
f 7132 7175 7176
f 7133 7177 7134
f 7133 7176 7177
f 7134 7178 7135
f 7134 7177 7178
f 7179 2277 2125
f 7135 7179 2125
f 7178 7179 7135
f 7180 2278 2277
f 7180 2277 7179
f 7136 2127 2278
f 7180 7136 2278
f 7181 7136 7180
f 7136 7182 7137
f 7136 7181 7182
f 7137 7183 7138
f 7137 7182 7183
f 7183 2280 2129
f 7183 2129 7138
f 2312 7184 7139
f 2312 7139 2161
f 7184 2314 2315
f 7140 7184 2315
f 7139 7184 7140
f 7140 2315 2164
f 2388 7185 2389
f 7185 2392 2389
f 2399 7186 2400
f 7186 2402 2400
f 2405 7187 2406
f 7188 2407 2406
f 7188 2406 7187
f 7189 2408 2407
f 7189 2407 7188
f 7190 2409 2408
f 7190 2408 7189
f 7191 2410 2409
f 7191 2409 7190
f 7192 2411 2410
f 7192 2410 7191
f 7193 2412 2411
f 7193 2411 7192
f 7194 2413 2412
f 7194 2412 7193
f 7195 2414 2413
f 7195 2413 7194
f 7196 2415 2414
f 7196 2414 7195
f 7197 2416 2415
f 7197 2415 7196
f 7198 2417 2416
f 7198 2416 7197
f 7199 2418 2417
f 7199 2417 7198
f 7200 2419 2418
f 7200 2418 7199
f 7201 2420 2419
f 7201 2419 7200
f 7141 2264 2420
f 7201 7141 2420
f 7202 7141 7201
f 7141 7203 7142
f 7141 7202 7203
f 7204 2421 2267
f 7142 7204 2267
f 7203 7204 7142
f 7205 2422 2421
f 7205 2421 7204
f 7206 2423 2422
f 7206 2422 7205
f 7207 2424 2423
f 7207 2423 7206
f 7143 2271 2424
f 7207 7143 2424
f 7208 7143 7207
f 7143 7209 7144
f 7143 7208 7209
f 7144 7210 7145
f 7144 7209 7210
f 7145 7211 7146
f 7145 7210 7211
f 7146 7212 7147
f 7146 7211 7212
f 7147 7213 7148
f 7147 7212 7213
f 7148 7214 7149
f 7148 7213 7214
f 7149 7215 7150
f 7149 7214 7215
f 7150 7216 7151
f 7150 7215 7216
f 7151 7217 7152
f 7151 7216 7217
f 7152 7218 7153
f 7152 7217 7218
f 7153 7219 7154
f 7153 7218 7219
f 7154 7220 7155
f 7154 7219 7220
f 7155 7221 7156
f 7155 7220 7221
f 7156 7222 7157
f 7156 7221 7222
f 7157 7223 7158
f 7157 7222 7223
f 7158 7224 7159
f 7158 7223 7224
f 7226 7160 7225
f 7160 7224 7225
f 7160 7159 7224
f 7160 7226 7161
f 7161 7226 7227
f 7161 7227 7162
f 7162 7227 7228
f 7230 7229 7228
f 7229 7162 7228
f 7229 7163 7162
f 7163 7231 7164
f 7163 7229 7231
f 7164 7232 7165
f 7164 7231 7232
f 7165 7233 7166
f 7165 7232 7233
f 7166 7234 7167
f 7166 7233 7234
f 7167 7235 7168
f 7167 7234 7235
f 7168 7236 7169
f 7168 7235 7236
f 7169 7237 7170
f 7169 7236 7237
f 7170 7238 7171
f 7170 7237 7238
f 7171 7239 7172
f 7171 7238 7239
f 7172 7240 7173
f 7172 7239 7240
f 7173 7241 7174
f 7173 7240 7241
f 7174 7242 7175
f 7174 7241 7242
f 7175 7243 7176
f 7175 7242 7243
f 7176 7244 7177
f 7176 7243 7244
f 7177 7245 7178
f 7177 7244 7245
f 7178 7246 7179
f 7178 7245 7246
f 7179 7247 7180
f 7179 7246 7247
f 7180 7248 7181
f 7180 7247 7248
f 7181 7249 7182
f 7181 7248 7249
f 7182 7250 7183
f 7182 7249 7250
f 7251 2425 2280
f 7183 7251 2280
f 7250 7251 7183
f 7252 2426 2425
f 7252 2425 7251
f 7253 2427 2426
f 7253 2426 7252
f 7254 2428 2427
f 7254 2427 7253
f 7255 2429 2428
f 7255 2428 7254
f 7256 2430 2429
f 7256 2429 7255
f 7257 2431 2430
f 7257 2430 7256
f 7258 2432 2431
f 7258 2431 7257
f 7259 2433 2432
f 7259 2432 7258
f 7260 2434 2433
f 7260 2433 7259
f 7260 2436 2434
f 2442 7261 2443
f 7262 2444 2443
f 7262 2443 7261
f 7262 2446 2444
f 2459 7263 2460
f 7184 2312 2460
f 7263 7184 2460
f 7264 7184 7263
f 7265 2461 2314
f 7184 7265 2314
f 7264 7265 7184
f 7265 2463 2461
f 2517 7266 2518
f 7266 2520 2518
f 7185 2388 2537
f 7267 7185 2537
f 7268 7185 7267
f 7269 2538 2392
f 7185 7269 2392
f 7268 7269 7185
f 7270 2539 2538
f 7270 2538 7269
f 7271 2540 2539
f 7271 2539 7270
f 7272 2541 2540
f 7272 2540 7271
f 7273 2542 2541
f 7273 2541 7272
f 7274 2543 2542
f 7274 2542 7273
f 7275 2544 2543
f 7275 2543 7274
f 7186 2399 2544
f 7275 7186 2544
f 7276 7186 7275
f 7277 2545 2402
f 7186 7277 2402
f 7276 7277 7186
f 7277 2547 2545
f 2548 7278 2549
f 7187 2405 2549
f 7278 7187 2549
f 7279 7187 7278
f 7187 7280 7188
f 7187 7279 7280
f 7188 7281 7189
f 7188 7280 7281
f 7189 7282 7190
f 7189 7281 7282
f 7190 7283 7191
f 7190 7282 7283
f 7191 7284 7192
f 7191 7283 7284
f 7192 7285 7193
f 7192 7284 7285
f 7193 7286 7194
f 7193 7285 7286
f 7194 7287 7195
f 7194 7286 7287
f 7195 7288 7196
f 7195 7287 7288
f 7196 7289 7197
f 7196 7288 7289
f 7197 7290 7198
f 7197 7289 7290
f 7198 7291 7199
f 7198 7290 7291
f 7199 7292 7200
f 7199 7291 7292
f 7200 7293 7201
f 7200 7292 7293
f 7201 7294 7202
f 7201 7293 7294
f 7202 7295 7203
f 7202 7294 7295
f 7203 7296 7204
f 7203 7295 7296
f 7204 7297 7205
f 7204 7296 7297
f 7205 7298 7206
f 7205 7297 7298
f 7206 7299 7207
f 7206 7298 7299
f 7207 7300 7208
f 7207 7299 7300
f 7208 7301 7209
f 7208 7300 7301
f 7209 7302 7210
f 7209 7301 7302
f 7210 7303 7211
f 7210 7302 7303
f 7305 7212 7304
f 7212 7303 7304
f 7212 7211 7303
f 7212 7305 7213
f 7213 7305 7306
f 7213 7306 7214
f 7214 7306 7307
f 7309 7308 7307
f 7308 7214 7307
f 7308 7215 7214
f 7215 7310 7216
f 7215 7308 7310
f 7312 7217 7311
f 7217 7310 7311
f 7217 7216 7310
f 7217 7312 7218
f 7218 7312 7313
f 7218 7313 7219
f 7219 7313 7314
f 7219 7314 7220
f 7220 7314 7315
f 7220 7315 7221
f 7221 7315 7316
f 7221 7316 7222
f 7222 7316 7317
f 7222 7317 7223
f 7223 7317 7318
f 7223 7318 7224
f 7224 7318 7319
f 7224 7319 7225
f 7230 7320 7229
f 7229 7320 7231
f 7231 7320 7321
f 7323 7322 7321
f 7322 7231 7321
f 7322 7232 7231
f 7325 7233 7324
f 7233 7322 7324
f 7233 7232 7322
f 7233 7325 7234
f 7234 7325 7326
f 7234 7326 7235
f 7235 7326 7327
f 7235 7327 7236
f 7236 7327 7328
f 7236 7328 7237
f 7237 7328 7329
f 7237 7329 7238
f 7238 7329 7330
f 7332 7331 7330
f 7331 7238 7330
f 7331 7239 7238
f 7239 7333 7240
f 7239 7331 7333
f 7240 7334 7241
f 7240 7333 7334
f 7336 7242 7335
f 7242 7334 7335
f 7242 7241 7334
f 7338 7337 7336
f 7337 7242 7336
f 7337 7243 7242
f 7243 7339 7244
f 7243 7337 7339
f 7244 7340 7245
f 7244 7339 7340
f 7245 7341 7246
f 7245 7340 7341
f 7246 7342 7247
f 7246 7341 7342
f 7247 7343 7248
f 7247 7342 7343
f 7248 7344 7249
f 7248 7343 7344
f 7249 7345 7250
f 7249 7344 7345
f 7250 7346 7251
f 7250 7345 7346
f 7251 7347 7252
f 7251 7346 7347
f 7252 7348 7253
f 7252 7347 7348
f 7253 7349 7254
f 7253 7348 7349
f 7254 7350 7255
f 7254 7349 7350
f 7255 7351 7256
f 7255 7350 7351
f 7256 7352 7257
f 7256 7351 7352
f 7257 7353 7258
f 7257 7352 7353
f 7258 7354 7259
f 7258 7353 7354
f 7259 7355 7260
f 7259 7354 7355
f 7356 2550 2436
f 7260 7356 2436
f 7355 7356 7260
f 7357 2551 2550
f 7357 2550 7356
f 7357 2553 2551
f 2554 7358 2555
f 7359 2556 2555
f 7359 2555 7358
f 7360 2557 2556
f 7360 2556 7359
f 7261 2442 2557
f 7360 7261 2557
f 7361 7261 7360
f 7261 7362 7262
f 7261 7361 7362
f 7363 2558 2446
f 7262 7363 2446
f 7362 7363 7262
f 7363 2560 2558
f 2561 7364 2562
f 7365 2563 2562
f 7365 2562 7364
f 7366 2564 2563
f 7366 2563 7365
f 7367 2565 2564
f 7367 2564 7366
f 7368 2566 2565
f 7368 2565 7367
f 7369 2567 2566
f 7369 2566 7368
f 7369 2569 2567
f 2574 7370 7263
f 2574 7263 2459
f 7263 7371 7264
f 7263 7370 7371
f 7264 7372 7265
f 7264 7371 7372
f 7373 2575 2463
f 7265 7373 2463
f 7372 7373 7265
f 7374 2576 2575
f 7374 2575 7373
f 7375 2577 2576
f 7375 2576 7374
f 7376 2578 2577
f 7376 2577 7375
f 7376 2580 2578
f 2584 7377 2585
f 7378 2586 2585
f 7378 2585 7377
f 7379 2587 2586
f 7379 2586 7378
f 7379 2589 2587
f 2595 7380 2596
f 7381 2597 2596
f 7381 2596 7380
f 7382 2598 2597
f 7382 2597 7381
f 7383 2599 2598
f 7383 2598 7382
f 7383 2601 2599
f 2615 7384 2616
f 7384 2618 2616
f 2623 7385 2624
f 7386 2625 2624
f 7386 2624 7385
f 7387 2626 2625
f 7387 2625 7386
f 7388 2627 2626
f 7388 2626 7387
f 7389 2628 2627
f 7389 2627 7388
f 7390 2629 2628
f 7390 2628 7389
f 7391 2630 2629
f 7391 2629 7390
f 7392 2631 2630
f 7392 2630 7391
f 7393 2632 2631
f 7393 2631 7392
f 7393 2634 2632
f 2636 7394 2637
f 7395 2638 2637
f 7395 2637 7394
f 7266 2517 2638
f 7395 7266 2638
f 7396 7266 7395
f 7396 2640 2520
f 7396 2520 7266
f 2643 7397 2644
f 7397 2646 2644
f 2649 7398 2650
f 7399 2651 2650
f 7399 2650 7398
f 7399 2653 2651
f 2654 7400 2655
f 7401 2656 2655
f 7401 2655 7400
f 7401 2658 2656
f 2660 7402 2661
f 7403 2662 2661
f 7403 2661 7402
f 7404 2663 2662
f 7404 2662 7403
f 7267 2667 2665
f 7267 2665 7268
f 7268 2665 2668
f 7268 2668 7269
f 7269 2668 2670
f 7269 2670 7270
f 7270 2670 2672
f 7270 2672 7271
f 7271 2672 2674
f 7271 2674 7272
f 7272 2674 2676
f 7272 2676 7273
f 7273 2676 2678
f 7273 2678 7274
f 7274 2678 2680
f 7274 2680 7275
f 7275 2680 2682
f 7405 7275 2682
f 7276 7275 7405
f 7405 2684 2685
f 7277 7405 2685
f 7276 7405 7277
f 7277 2685 2547
f 2687 7278 2548
f 7278 2687 2689
f 7278 2689 7279
f 7279 2689 2691
f 7279 2691 7280
f 7280 2691 2693
f 7406 7280 2693
f 7281 7280 7406
f 7281 7407 7282
f 7281 7406 7407
f 7282 7408 7283
f 7282 7407 7408
f 7283 7409 7284
f 7283 7408 7409
f 7284 7410 7285
f 7284 7409 7410
f 7285 7411 7286
f 7285 7410 7411
f 7286 7412 7287
f 7286 7411 7412
f 7287 7413 7288
f 7287 7412 7413
f 7288 7414 7289
f 7288 7413 7414
f 7289 7415 7290
f 7289 7414 7415
f 7290 7416 7291
f 7290 7415 7416
f 7291 7417 7292
f 7291 7416 7417
f 7292 7418 7293
f 7292 7417 7418
f 7293 7419 7294
f 7293 7418 7419
f 7294 7420 7295
f 7294 7419 7420
f 7295 7421 7296
f 7295 7420 7421
f 7296 7422 7297
f 7296 7421 7422
f 7297 7423 7298
f 7297 7422 7423
f 7298 7424 7299
f 7298 7423 7424
f 7299 7425 7300
f 7299 7424 7425
f 7300 7426 7301
f 7300 7425 7426
f 7301 7427 7302
f 7301 7426 7427
f 7302 7428 7303
f 7302 7427 7428
f 7304 7303 7429
f 7429 7303 7428
f 7308 7309 7430
f 7430 7309 7431
f 7308 7432 7310
f 7308 7430 7432
f 7311 7310 7433
f 7310 7434 7433
f 7310 7432 7434
f 7434 7435 7433
f 7323 7436 7322
f 7322 7436 7324
f 7331 7332 7437
f 7437 7332 7438
f 7331 7439 7333
f 7331 7437 7439
f 7333 7440 7334
f 7333 7439 7440
f 7335 7334 7441
f 7334 7442 7441
f 7334 7440 7442
f 7441 7442 7338
f 7442 7337 7338
f 7442 7443 7337
f 7337 7444 7339
f 7337 7443 7444
f 7339 7445 7340
f 7339 7444 7445
f 7340 7446 7341
f 7340 7445 7446
f 7341 7447 7342
f 7341 7446 7447
f 7342 7448 7343
f 7342 7447 7448
f 7343 7449 7344
f 7343 7448 7449
f 7344 7450 7345
f 7344 7449 7450
f 7345 7451 7346
f 7345 7450 7451
f 7346 7452 7347
f 7346 7451 7452
f 7347 7453 7348
f 7347 7452 7453
f 7348 7454 7349
f 7348 7453 7454
f 7349 7455 7350
f 7349 7454 7455
f 7350 7456 7351
f 7350 7455 7456
f 7351 7457 7352
f 7351 7456 7457
f 7352 7458 7353
f 7352 7457 7458
f 7353 7459 7354
f 7353 7458 7459
f 7354 7460 7355
f 7354 7459 7460
f 7355 7461 7356
f 7355 7460 7461
f 7461 2695 2696
f 7357 7461 2696
f 7356 7461 7357
f 7357 2696 2553
f 2698 7358 2554
f 7358 2698 2700
f 7358 2700 7359
f 7359 2700 2702
f 7359 2702 7360
f 7360 2702 2704
f 7462 7360 2704
f 7361 7360 7462
f 7361 7463 7362
f 7361 7462 7463
f 7463 2706 2707
f 7363 7463 2707
f 7362 7463 7363
f 7363 2707 2560
f 2709 7364 2561
f 7364 2709 2711
f 7364 2711 7365
f 7365 2711 2713
f 7365 2713 7366
f 7366 2713 2715
f 7366 2715 7367
f 7367 2715 2717
f 7367 2717 7368
f 7368 2717 2719
f 7368 2719 7369
f 7369 2719 2569
f 2726 7370 2574
f 7370 2726 2728
f 7464 7370 2728
f 7371 7370 7464
f 7371 7465 7372
f 7371 7464 7465
f 7465 2730 2731
f 7373 7465 2731
f 7372 7465 7373
f 7373 2731 2732
f 7373 2732 7374
f 7374 2732 2734
f 7374 2734 7375
f 7375 2734 2736
f 7375 2736 7376
f 7376 2736 2580
f 2742 7377 2584
f 7377 2742 2744
f 7377 2744 7378
f 7378 2744 2746
f 7378 2746 7379
f 7379 2746 2589
f 2754 7380 2595
f 7380 2754 2756
f 7380 2756 7381
f 7381 2756 2758
f 7381 2758 7382
f 7382 2758 2760
f 7382 2760 7383
f 7383 2760 2601
f 2776 7384 2615
f 7384 2776 2618
f 2783 7385 2623
f 7385 2783 2785
f 7385 2785 7386
f 7386 2785 2787
f 7386 2787 7387
f 7387 2787 2789
f 7387 2789 7388
f 7388 2789 2791
f 7388 2791 7389
f 7389 2791 2793
f 7389 2793 7390
f 7390 2793 2795
f 7390 2795 7391
f 7391 2795 2797
f 7391 2797 7392
f 7392 2797 2799
f 7392 2799 7393
f 7393 2799 2634
f 2803 7394 2636
f 7394 2803 2805
f 7394 2805 7395
f 7395 2805 2807
f 7395 2807 7396
f 7396 2807 2640
f 2812 7397 2643
f 7397 2812 2646
f 2817 7398 2649
f 7398 2817 2819
f 7398 2819 7399
f 7399 2819 2653
f 2822 7400 2654
f 7400 2822 2824
f 7400 2824 7401
f 7401 2824 2658
f 2828 7402 2660
f 7402 2828 2830
f 7402 2830 7403
f 7403 2830 2832
f 7403 2832 7404
f 2843 7405 2682
f 7405 2843 2684
f 2850 7406 2693
f 7406 2850 2852
f 7466 7406 2852
f 7407 7406 7466
f 7407 7467 7408
f 7407 7466 7467
f 7408 7468 7409
f 7408 7467 7468
f 7468 2854 2855
f 7410 7468 2855
f 7409 7468 7410
f 7410 2855 2856
f 7410 2856 7411
f 7411 2856 2858
f 7469 7411 2858
f 7412 7411 7469
f 7412 7470 7413
f 7412 7469 7470
f 7413 7471 7414
f 7413 7470 7471
f 7414 7472 7415
f 7414 7471 7472
f 7415 7473 7416
f 7415 7472 7473
f 7416 7474 7417
f 7416 7473 7474
f 7417 7475 7418
f 7417 7474 7475
f 7418 7476 7419
f 7418 7475 7476
f 7419 7477 7420
f 7419 7476 7477
f 7420 7478 7421
f 7420 7477 7478
f 7421 7479 7422
f 7421 7478 7479
f 7422 7480 7423
f 7422 7479 7480
f 7423 7481 7424
f 7423 7480 7481
f 7424 7482 7425
f 7424 7481 7482
f 7425 7483 7426
f 7425 7482 7483
f 7426 7484 7427
f 7426 7483 7484
f 7427 7485 7428
f 7427 7484 7485
f 7429 7428 7486
f 7428 7487 7486
f 7428 7485 7487
f 7489 7488 7487
f 7487 7488 7486
f 7491 7490 7489
f 7489 7490 7488
f 7490 7491 7431
f 7491 7430 7431
f 7491 7492 7430
f 7430 7493 7432
f 7430 7492 7493
f 7432 7494 7434
f 7432 7493 7494
f 7435 7434 7495
f 7434 7496 7495
f 7434 7494 7496
f 7498 7497 7496
f 7496 7497 7495
f 7500 7499 7498
f 7498 7499 7497
f 7502 7501 7500
f 7500 7501 7499
f 7504 7503 7502
f 7502 7503 7501
f 7506 7505 7504
f 7504 7505 7503
f 7506 7507 7505
f 7510 7509 7508
f 7512 7511 7508
f 7508 7511 7510
f 7514 7513 7512
f 7512 7513 7511
f 7516 7515 7514
f 7514 7515 7513
f 7518 7517 7516
f 7516 7517 7515
f 7520 7519 7518
f 7518 7519 7517
f 7522 7521 7520
f 7520 7521 7519
f 7524 7523 7522
f 7522 7523 7521
f 7523 7524 7438
f 7524 7437 7438
f 7524 7525 7437
f 7437 7526 7439
f 7437 7525 7526
f 7439 7527 7440
f 7439 7526 7527
f 7440 7528 7442
f 7440 7527 7528
f 7442 7529 7443
f 7442 7528 7529
f 7443 7530 7444
f 7443 7529 7530
f 7444 7531 7445
f 7444 7530 7531
f 7445 7532 7446
f 7445 7531 7532
f 7446 7533 7447
f 7446 7532 7533
f 7447 7534 7448
f 7447 7533 7534
f 7448 7535 7449
f 7448 7534 7535
f 7449 7536 7450
f 7449 7535 7536
f 7536 2860 2861
f 7451 7536 2861
f 7450 7536 7451
f 7451 2861 2862
f 7451 2862 7452
f 7452 2862 2864
f 7452 2864 7453
f 7453 2864 2866
f 7453 2866 7454
f 7454 2866 2868
f 7454 2868 7455
f 7455 2868 2870
f 7455 2870 7456
f 7456 2870 2872
f 7456 2872 7457
f 7457 2872 2874
f 7457 2874 7458
f 7458 2874 2876
f 7458 2876 7459
f 7459 2876 2878
f 7459 2878 7460
f 7460 2878 2880
f 7460 2880 7461
f 7461 2880 2695
f 2887 7462 2704
f 7462 2887 2889
f 7462 2889 7463
f 7463 2889 2706
f 2905 7464 2728
f 7464 2905 2907
f 7464 2907 7465
f 7465 2907 2730
f 2989 7537 2990
f 7538 2991 2990
f 7538 2990 7537
f 7538 2993 2991
f 2996 7539 2997
f 7540 2998 2997
f 7540 2997 7539
f 7541 2999 2998
f 7541 2998 7540
f 7466 2852 2999
f 7541 7466 2999
f 7542 7466 7541
f 7466 7543 7467
f 7466 7542 7543
f 7467 7544 7468
f 7467 7543 7544
f 7545 3000 2854
f 7468 7545 2854
f 7544 7545 7468
f 7546 3001 3000
f 7546 3000 7545
f 7469 2858 3001
f 7546 7469 3001
f 7547 7469 7546
f 7469 7548 7470
f 7469 7547 7548
f 7470 7549 7471
f 7470 7548 7549
f 7471 7550 7472
f 7471 7549 7550
f 7472 7551 7473
f 7472 7550 7551
f 7473 7552 7474
f 7473 7551 7552
f 7474 7553 7475
f 7474 7552 7553
f 7475 7554 7476
f 7475 7553 7554
f 7476 7555 7477
f 7476 7554 7555
f 7477 7556 7478
f 7477 7555 7556
f 7478 7557 7479
f 7478 7556 7557
f 7479 7558 7480
f 7479 7557 7558
f 7480 7559 7481
f 7480 7558 7559
f 7481 7560 7482
f 7481 7559 7560
f 7562 7483 7561
f 7483 7560 7561
f 7483 7482 7560
f 7483 7562 7484
f 7484 7562 7563
f 7484 7563 7485
f 7485 7563 7564
f 7485 7564 7487
f 7487 7564 7565
f 7487 7565 7489
f 7489 7565 7566
f 7489 7566 7491
f 7491 7566 7567
f 7491 7567 7492
f 7492 7567 7568
f 7492 7568 7493
f 7493 7568 7569
f 7493 7569 7494
f 7494 7569 7570
f 7494 7570 7496
f 7496 7570 7571
f 7496 7571 7498
f 7498 7571 7572
f 7498 7572 7500
f 7500 7572 7573
f 7500 7573 7502
f 7502 7573 7574
f 7502 7574 7504
f 7504 7574 7575
f 7504 7575 7506
f 7506 7575 7576
f 7506 7576 7507
f 7509 7577 7508
f 7508 7577 7512
f 7512 7577 7578
f 7512 7578 7514
f 7514 7578 7579
f 7514 7579 7516
f 7516 7579 7580
f 7516 7580 7518
f 7518 7580 7581
f 7518 7581 7520
f 7520 7581 7582
f 7520 7582 7522
f 7522 7582 7583
f 7522 7583 7524
f 7524 7583 7584
f 7586 7585 7584
f 7585 7524 7584
f 7585 7525 7524
f 7525 7587 7526
f 7525 7585 7587
f 7526 7588 7527
f 7526 7587 7588
f 7590 7528 7589
f 7528 7588 7589
f 7528 7527 7588
f 7592 7591 7590
f 7591 7528 7590
f 7591 7529 7528
f 7529 7593 7530
f 7529 7591 7593
f 7530 7594 7531
f 7530 7593 7594
f 7531 7595 7532
f 7531 7594 7595
f 7532 7596 7533
f 7532 7595 7596
f 7533 7597 7534
f 7533 7596 7597
f 7534 7598 7535
f 7534 7597 7598
f 7535 7599 7536
f 7535 7598 7599
f 7600 3002 2860
f 7536 7600 2860
f 7599 7600 7536
f 7601 3003 3002
f 7601 3002 7600
f 7602 3004 3003
f 7602 3003 7601
f 7603 3005 3004
f 7603 3004 7602
f 7604 3006 3005
f 7604 3005 7603
f 7605 3007 3006
f 7605 3006 7604
f 7606 3008 3007
f 7606 3007 7605
f 7607 3009 3008
f 7607 3008 7606
f 7607 3011 3009
f 7608 3110 3109
f 7608 3109 7609
f 7610 3111 3110
f 7610 3110 7608
f 7611 3112 3111
f 7611 3111 7610
f 7612 3113 3112
f 7612 3112 7611
f 7613 3114 3113
f 7613 3113 7612
f 7614 3115 3114
f 7614 3114 7613
f 7615 3116 3115
f 7615 3115 7614
f 7537 2989 3116
f 7615 7537 3116
f 7616 7537 7615
f 7537 7617 7538
f 7537 7616 7617
f 7618 3117 2993
f 7538 7618 2993
f 7617 7618 7538
f 7619 3118 3117
f 7619 3117 7618
f 7620 3119 3118
f 7620 3118 7619
f 7539 2996 3119
f 7620 7539 3119
f 7621 7539 7620
f 7539 7622 7540
f 7539 7621 7622
f 7540 7623 7541
f 7540 7622 7623
f 7625 7542 7624
f 7542 7623 7624
f 7542 7541 7623
f 7627 7626 7625
f 7626 7542 7625
f 7626 7543 7542
f 7543 7628 7544
f 7543 7626 7628
f 7544 7629 7545
f 7544 7628 7629
f 7545 7630 7546
f 7545 7629 7630
f 7632 7547 7631
f 7547 7630 7631
f 7547 7546 7630
f 7547 7632 7548
f 7548 7632 7633
f 7548 7633 7549
f 7549 7633 7634
f 7549 7634 7550
f 7550 7634 7635
f 7550 7635 7551
f 7551 7635 7636
f 7551 7636 7552
f 7552 7636 7637
f 7552 7637 7553
f 7553 7637 7638
f 7553 7638 7554
f 7554 7638 7639
f 7554 7639 7555
f 7555 7639 7640
f 7555 7640 7556
f 7556 7640 7641
f 7556 7641 7557
f 7557 7641 7642
f 7557 7642 7558
f 7558 7642 7643
f 7558 7643 7559
f 7559 7643 7644
f 7559 7644 7560
f 7560 7644 7645
f 7560 7645 7561
f 7586 7646 7585
f 7585 7646 7587
f 7587 7646 7647
f 7587 7647 7588
f 7588 7647 7648
f 7588 7648 7589
f 7592 7649 7591
f 7591 7649 7593
f 7593 7649 7650
f 7593 7650 7594
f 7594 7650 7651
f 7594 7651 7595
f 7595 7651 7652
f 7595 7652 7596
f 7596 7652 7653
f 7596 7653 7597
f 7597 7653 7654
f 7656 7655 7654
f 7655 7597 7654
f 7655 7598 7597
f 7598 7657 7599
f 7598 7655 7657
f 7599 7658 7600
f 7599 7657 7658
f 7600 7659 7601
f 7600 7658 7659
f 7601 7660 7602
f 7601 7659 7660
f 7662 7603 7661
f 7603 7660 7661
f 7603 7602 7660
f 7664 7663 7662
f 7663 7603 7662
f 7663 7604 7603
f 7604 7665 7605
f 7604 7663 7665
f 7605 7666 7606
f 7605 7665 7666
f 7606 7667 7607
f 7606 7666 7667
f 7668 3120 3011
f 7607 7668 3011
f 7667 7668 7607
f 7669 3121 3120
f 7669 3120 7668
f 7670 3122 3121
f 7670 3121 7669
f 7671 3123 3122
f 7671 3122 7670
f 7672 3124 3123
f 7672 3123 7671
f 7673 3125 3124
f 7673 3124 7672
f 7674 3126 3125
f 7674 3125 7673
f 7675 3127 3126
f 7675 3126 7674
f 7676 3128 3127
f 7676 3127 7675
f 7677 3129 3128
f 7677 3128 7676
f 7678 3130 3129
f 7678 3129 7677
f 7679 3131 3130
f 7679 3130 7678
f 7680 3132 3131
f 7680 3131 7679
f 7681 3133 3132
f 7681 3132 7680
f 7682 3134 3133
f 7682 3133 7681
f 7683 3135 3134
f 7683 3134 7682
f 7684 3136 3135
f 7684 3135 7683
f 7685 3137 3136
f 7685 3136 7684
f 7686 3138 3137
f 7686 3137 7685
f 7687 3139 3138
f 7687 3138 7686
f 7688 3140 3139
f 7688 3139 7687
f 7689 3141 3140
f 7689 3140 7688
f 7690 3142 3141
f 7690 3141 7689
f 7691 3143 3142
f 7691 3142 7690
f 7692 3144 3143
f 7692 3143 7691
f 7693 3145 3144
f 7693 3144 7692
f 7694 3146 3145
f 7694 3145 7693
f 7695 3147 3146
f 7695 3146 7694
f 7696 3148 3147
f 7696 3147 7695
f 7697 3149 3148
f 7697 3148 7696
f 7698 3150 3149
f 7698 3149 7697
f 7699 3151 3150
f 7699 3150 7698
f 7700 3152 3151
f 7700 3151 7699
f 7701 3153 3152
f 7701 3152 7700
f 7702 3154 3153
f 7702 3153 7701
f 7703 3155 3154
f 7703 3154 7702
f 7704 3156 3155
f 7704 3155 7703
f 7705 3157 3156
f 7705 3156 7704
f 7705 3159 3157
f 3163 7706 3164
f 7707 3165 3164
f 7707 3164 7706
f 7708 3166 3165
f 7708 3165 7707
f 7709 3167 3166
f 7709 3166 7708
f 7710 3168 3167
f 7710 3167 7709
f 7710 3170 3168
f 3181 7711 3182
f 7712 3183 3182
f 7712 3182 7711
f 7713 3184 3183
f 7713 3183 7712
f 7713 3186 3184
f 3192 7714 3193
f 7715 3194 3193
f 7715 3193 7714
f 7716 3195 3194
f 7716 3194 7715
f 7717 3196 3195
f 7717 3195 7716
f 7718 3197 3196
f 7718 3196 7717
f 7719 3198 3197
f 7719 3197 7718
f 7720 3199 3198
f 7720 3198 7719
f 7721 3200 3199
f 7721 3199 7720
f 7722 3201 3200
f 7722 3200 7721
f 7723 3202 3201
f 7723 3201 7722
f 7723 3204 3202
f 3205 7724 3206
f 7725 3207 3206
f 7725 3206 7724
f 7726 3208 3207
f 7726 3207 7725
f 7727 3209 3208
f 7727 3208 7726
f 7728 3210 3209
f 7728 3209 7727
f 7729 3211 3210
f 7729 3210 7728
f 7730 3212 3211
f 7730 3211 7729
f 7731 3213 3212
f 7731 3212 7730
f 7731 3215 3213
f 3216 7732 3217
f 7733 3218 3217
f 7733 3217 7732
f 7734 3219 3218
f 7734 3218 7733
f 7735 3220 3219
f 7735 3219 7734
f 7736 3221 3220
f 7736 3220 7735
f 7737 3222 3221
f 7737 3221 7736
f 7738 3223 3222
f 7738 3222 7737
f 7739 3224 3223
f 7739 3223 7738
f 7740 3225 3224
f 7740 3224 7739
f 7741 3226 3225
f 7741 3225 7740
f 7742 3227 3226
f 7742 3226 7741
f 7609 7743 7608
f 7609 7744 7743
f 7608 7745 7610
f 7608 7743 7745
f 7610 7746 7611
f 7610 7745 7746
f 7611 7747 7612
f 7611 7746 7747
f 7612 7748 7613
f 7612 7747 7748
f 7613 7749 7614
f 7613 7748 7749
f 7614 7750 7615
f 7614 7749 7750
f 7752 7616 7751
f 7616 7750 7751
f 7616 7615 7750
f 7616 7752 7617
f 7617 7752 7753
f 7755 7754 7753
f 7754 7617 7753
f 7754 7618 7617
f 7618 7756 7619
f 7618 7754 7756
f 7619 7757 7620
f 7619 7756 7757
f 7620 7758 7621
f 7620 7757 7758
f 7621 7759 7622
f 7621 7758 7759
f 7761 7623 7760
f 7623 7759 7760
f 7623 7622 7759
f 7623 7761 7624
f 7627 7762 7626
f 7626 7762 7628
f 7628 7762 7763
f 7628 7763 7629
f 7629 7763 7764
f 7629 7764 7630
f 7630 7764 7765
f 7630 7765 7631
f 7656 7766 7655
f 7655 7766 7657
f 7657 7766 7767
f 7657 7767 7658
f 7658 7767 7768
f 7658 7768 7659
f 7659 7768 7769
f 7659 7769 7660
f 7660 7769 7770
f 7660 7770 7661
f 7664 7771 7663
f 7663 7771 7665
f 7665 7771 7772
f 7665 7772 7666
f 7666 7772 7773
f 7666 7773 7667
f 7667 7773 7774
f 7776 7775 7774
f 7775 7667 7774
f 7775 7668 7667
f 7668 7777 7669
f 7668 7775 7777
f 7669 7778 7670
f 7669 7777 7778
f 7670 7779 7671
f 7670 7778 7779
f 7671 7780 7672
f 7671 7779 7780
f 7672 7781 7673
f 7672 7780 7781
f 7673 7782 7674
f 7673 7781 7782
f 7674 7783 7675
f 7674 7782 7783
f 7675 7784 7676
f 7675 7783 7784
f 7676 7785 7677
f 7676 7784 7785
f 7677 7786 7678
f 7677 7785 7786
f 7678 7787 7679
f 7678 7786 7787
f 7679 7788 7680
f 7679 7787 7788
f 7680 7789 7681
f 7680 7788 7789
f 7681 7790 7682
f 7681 7789 7790
f 7682 7791 7683
f 7682 7790 7791
f 7683 7792 7684
f 7683 7791 7792
f 7684 7793 7685
f 7684 7792 7793
f 7685 7794 7686
f 7685 7793 7794
f 7686 7795 7687
f 7686 7794 7795
f 7687 7796 7688
f 7687 7795 7796
f 7688 7797 7689
f 7688 7796 7797
f 7689 7798 7690
f 7689 7797 7798
f 7690 7799 7691
f 7690 7798 7799
f 7691 7800 7692
f 7691 7799 7800
f 7692 7801 7693
f 7692 7800 7801
f 7693 7802 7694
f 7693 7801 7802
f 7694 7803 7695
f 7694 7802 7803
f 7695 7804 7696
f 7695 7803 7804
f 7696 7805 7697
f 7696 7804 7805
f 7697 7806 7698
f 7697 7805 7806
f 7698 7807 7699
f 7698 7806 7807
f 7699 7808 7700
f 7699 7807 7808
f 7700 7809 7701
f 7700 7808 7809
f 7701 7810 7702
f 7701 7809 7810
f 7702 7811 7703
f 7702 7810 7811
f 7703 7812 7704
f 7703 7811 7812
f 7704 7813 7705
f 7704 7812 7813
f 7814 3228 3159
f 7705 7814 3159
f 7813 7814 7705
f 7815 3229 3228
f 7815 3228 7814
f 7816 3230 3229
f 7816 3229 7815
f 7817 3231 3230
f 7817 3230 7816
f 7706 3163 3231
f 7817 7706 3231
f 7818 7706 7817
f 7706 7819 7707
f 7706 7818 7819
f 7707 7820 7708
f 7707 7819 7820
f 7708 7821 7709
f 7708 7820 7821
f 7709 7822 7710
f 7709 7821 7822
f 7823 3232 3170
f 7710 7823 3170
f 7822 7823 7710
f 7824 3233 3232
f 7824 3232 7823
f 7825 3234 3233
f 7825 3233 7824
f 7826 3235 3234
f 7826 3234 7825
f 7827 3236 3235
f 7827 3235 7826
f 7828 3237 3236
f 7828 3236 7827
f 7829 3238 3237
f 7829 3237 7828
f 7830 3239 3238
f 7830 3238 7829
f 7830 3241 3239
f 3242 7831 3243
f 7832 3244 3243
f 7832 3243 7831
f 7711 3181 3244
f 7832 7711 3244
f 7833 7711 7832
f 7711 7834 7712
f 7711 7833 7834
f 7712 7835 7713
f 7712 7834 7835
f 7836 3245 3186
f 7713 7836 3186
f 7835 7836 7713
f 7837 3246 3245
f 7837 3245 7836
f 7838 3247 3246
f 7838 3246 7837
f 7838 3249 3247
f 3250 7839 3251
f 7840 3252 3251
f 7840 3251 7839
f 7714 3192 3252
f 7840 7714 3252
f 7841 7714 7840
f 7714 7842 7715
f 7714 7841 7842
f 7715 7843 7716
f 7715 7842 7843
f 7716 7844 7717
f 7716 7843 7844
f 7717 7845 7718
f 7717 7844 7845
f 7718 7846 7719
f 7718 7845 7846
f 7719 7847 7720
f 7719 7846 7847
f 7720 7848 7721
f 7720 7847 7848
f 7721 7849 7722
f 7721 7848 7849
f 7722 7850 7723
f 7722 7849 7850
f 7851 3253 3204
f 7723 7851 3204
f 7850 7851 7723
f 7724 3205 3253
f 7851 7724 3253
f 7852 7724 7851
f 7724 7853 7725
f 7724 7852 7853
f 7725 7854 7726
f 7725 7853 7854
f 7726 7855 7727
f 7726 7854 7855
f 7727 7856 7728
f 7727 7855 7856
f 7728 7857 7729
f 7728 7856 7857
f 7729 7858 7730
f 7729 7857 7858
f 7730 7859 7731
f 7730 7858 7859
f 7860 3254 3215
f 7731 7860 3215
f 7859 7860 7731
f 7732 3216 3254
f 7860 7732 3254
f 7861 7732 7860
f 7732 7862 7733
f 7732 7861 7862
f 7733 7863 7734
f 7733 7862 7863
f 7734 7864 7735
f 7734 7863 7864
f 7735 7865 7736
f 7735 7864 7865
f 7736 7866 7737
f 7736 7865 7866
f 7737 7867 7738
f 7737 7866 7867
f 7738 7868 7739
f 7738 7867 7868
f 7739 7869 7740
f 7739 7868 7869
f 7740 7870 7741
f 7740 7869 7870
f 7741 7871 7742
f 7741 7870 7871
f 7744 7872 7743
f 7744 7873 7872
f 7743 7874 7745
f 7743 7872 7874
f 7745 7875 7746
f 7745 7874 7875
f 7746 7876 7747
f 7746 7875 7876
f 7747 7877 7748
f 7747 7876 7877
f 7748 7878 7749
f 7748 7877 7878
f 7749 7879 7750
f 7749 7878 7879
f 7751 7750 7880
f 7750 7881 7880
f 7750 7879 7881
f 7883 7882 7881
f 7881 7882 7880
f 7882 7883 7755
f 7883 7754 7755
f 7883 7884 7754
f 7754 7885 7756
f 7754 7884 7885
f 7756 7886 7757
f 7756 7885 7886
f 7757 7887 7758
f 7757 7886 7887
f 7758 7888 7759
f 7758 7887 7888
f 7760 7759 7889
f 7759 7890 7889
f 7759 7888 7890
f 7890 7891 7889
f 7894 7893 7892
f 7896 7895 7892
f 7892 7895 7894
f 7896 7897 7895
f 7900 7899 7898
f 7902 7901 7898
f 7898 7901 7900
f 7904 7903 7902
f 7902 7903 7901
f 7906 7905 7904
f 7904 7905 7903
f 7908 7907 7906
f 7906 7907 7905
f 7910 7909 7908
f 7908 7909 7907
f 7912 7911 7910
f 7910 7911 7909
f 7914 7913 7912
f 7912 7913 7911
f 7913 7914 7776
f 7914 7775 7776
f 7914 7915 7775
f 7775 7916 7777
f 7775 7915 7916
f 7777 7917 7778
f 7777 7916 7917
f 7778 7918 7779
f 7778 7917 7918
f 7779 7919 7780
f 7779 7918 7919
f 7780 7920 7781
f 7780 7919 7920
f 7781 7921 7782
f 7781 7920 7921
f 7782 7922 7783
f 7782 7921 7922
f 7783 7923 7784
f 7783 7922 7923
f 7784 7924 7785
f 7784 7923 7924
f 7785 7925 7786
f 7785 7924 7925
f 7786 7926 7787
f 7786 7925 7926
f 7787 7927 7788
f 7787 7926 7927
f 7788 7928 7789
f 7788 7927 7928
f 7789 7929 7790
f 7789 7928 7929
f 7790 7930 7791
f 7790 7929 7930
f 7791 7931 7792
f 7791 7930 7931
f 7792 7932 7793
f 7792 7931 7932
f 7793 7933 7794
f 7793 7932 7933
f 7794 7934 7795
f 7794 7933 7934
f 7795 7935 7796
f 7795 7934 7935
f 7796 7936 7797
f 7796 7935 7936
f 7797 7937 7798
f 7797 7936 7937
f 7798 7938 7799
f 7798 7937 7938
f 7799 7939 7800
f 7799 7938 7939
f 7800 7940 7801
f 7800 7939 7940
f 7801 7941 7802
f 7801 7940 7941
f 7802 7942 7803
f 7802 7941 7942
f 7803 7943 7804
f 7803 7942 7943
f 7804 7944 7805
f 7804 7943 7944
f 7805 7945 7806
f 7805 7944 7945
f 7806 7946 7807
f 7806 7945 7946
f 7807 7947 7808
f 7807 7946 7947
f 7808 7948 7809
f 7808 7947 7948
f 7809 7949 7810
f 7809 7948 7949
f 7810 7950 7811
f 7810 7949 7950
f 7811 7951 7812
f 7811 7950 7951
f 7812 7952 7813
f 7812 7951 7952
f 7952 3256 3257
f 7814 7952 3257
f 7813 7952 7814
f 7814 3257 3258
f 7814 3258 7815
f 7815 3258 3260
f 7815 3260 7816
f 7816 3260 3262
f 7816 3262 7817
f 7817 3262 3264
f 7817 3264 7818
f 7818 3264 3266
f 7953 7818 3266
f 7819 7818 7953
f 7819 7954 7820
f 7819 7953 7954
f 7820 7955 7821
f 7820 7954 7955
f 7955 3268 3269
f 7822 7955 3269
f 7821 7955 7822
f 7822 3269 3270
f 7822 3270 7823
f 7823 3270 3272
f 7823 3272 7824
f 7824 3272 3274
f 7824 3274 7825
f 7825 3274 3276
f 7825 3276 7826
f 7826 3276 3278
f 7826 3278 7827
f 7827 3278 3280
f 7827 3280 7828
f 7828 3280 3282
f 7828 3282 7829
f 7829 3282 3284
f 7829 3284 7830
f 7830 3284 3241
f 3287 7831 3242
f 7831 3287 3289
f 7831 3289 7832
f 7832 3289 3291
f 7832 3291 7833
f 7833 3291 3293
f 7833 3293 7834
f 7834 3293 3295
f 7834 3295 7835
f 7835 3295 3297
f 7835 3297 7836
f 7836 3297 3299
f 7836 3299 7837
f 7837 3299 3301
f 7837 3301 7838
f 7838 3301 3249
f 3304 7839 3250
f 7839 3304 3306
f 7839 3306 7840
f 7840 3306 3308
f 7840 3308 7841
f 7841 3308 3310
f 7841 3310 7842
f 7842 3310 3312
f 7842 3312 7843
f 7843 3312 3314
f 7956 7843 3314
f 7844 7843 7956
f 7844 7957 7845
f 7844 7956 7957
f 7957 3316 3317
f 7846 7957 3317
f 7845 7957 7846
f 7846 3317 3318
f 7846 3318 7847
f 7847 3318 3320
f 7958 7847 3320
f 7848 7847 7958
f 7848 7959 7849
f 7848 7958 7959
f 7849 7960 7850
f 7849 7959 7960
f 7960 3322 3323
f 7851 7960 3323
f 7850 7960 7851
f 7851 3323 3324
f 7851 3324 7852
f 7852 3324 3326
f 7961 7852 3326
f 7853 7852 7961
f 7853 7962 7854
f 7853 7961 7962
f 7854 7963 7855
f 7854 7962 7963
f 7963 3328 3329
f 7856 7963 3329
f 7855 7963 7856
f 7856 3329 3330
f 7856 3330 7857
f 7857 3330 3332
f 7857 3332 7858
f 7858 3332 3334
f 7858 3334 7859
f 7859 3334 3336
f 7859 3336 7860
f 7860 3336 3338
f 7964 7860 3338
f 7861 7860 7964
f 7861 7965 7862
f 7861 7964 7965
f 7862 7966 7863
f 7862 7965 7966
f 7863 7967 7864
f 7863 7966 7967
f 7864 7968 7865
f 7864 7967 7968
f 7865 7969 7866
f 7865 7968 7969
f 7866 7970 7867
f 7866 7969 7970
f 7867 7971 7868
f 7867 7970 7971
f 7868 7972 7869
f 7868 7971 7972
f 7869 7973 7870
f 7869 7972 7973
f 7870 7974 7871
f 7870 7973 7974
f 7873 7975 7872
f 7873 7976 7975
f 7872 7977 7874
f 7872 7975 7977
f 7874 7978 7875
f 7874 7977 7978
f 7875 7979 7876
f 7875 7978 7979
f 7876 7980 7877
f 7876 7979 7980
f 7877 7981 7878
f 7877 7980 7981
f 7878 7982 7879
f 7878 7981 7982
f 7879 7983 7881
f 7879 7982 7983
f 7881 7984 7883
f 7881 7983 7984
f 7883 7985 7884
f 7883 7984 7985
f 7884 7986 7885
f 7884 7985 7986
f 7885 7987 7886
f 7885 7986 7987
f 7886 7988 7887
f 7886 7987 7988
f 7887 7989 7888
f 7887 7988 7989
f 7888 7990 7890
f 7888 7989 7990
f 7891 7890 7991
f 7991 7890 7990
f 7892 7893 7992
f 7992 7893 7993
f 7995 7896 7994
f 7896 7992 7994
f 7896 7892 7992
f 7896 7995 7897
f 7898 7899 7996
f 7996 7899 7997
f 7898 7998 7902
f 7898 7996 7998
f 7902 7999 7904
f 7902 7998 7999
f 8001 7906 8000
f 7906 7999 8000
f 7906 7904 7999
f 8003 8002 8001
f 8002 7906 8001
f 8002 7908 7906
f 7908 8004 7910
f 7908 8002 8004
f 7910 8005 7912
f 7910 8004 8005
f 7912 8006 7914
f 7912 8005 8006
f 7914 8007 7915
f 7914 8006 8007
f 7915 8008 7916
f 7915 8007 8008
f 7916 8009 7917
f 7916 8008 8009
f 7917 8010 7918
f 7917 8009 8010
f 8010 3340 3341
f 7919 8010 3341
f 7918 8010 7919
f 7919 3341 3342
f 8011 7919 3342
f 7920 7919 8011
f 7920 8012 7921
f 7920 8011 8012
f 7921 8013 7922
f 7921 8012 8013
f 7922 8014 7923
f 7922 8013 8014
f 7923 8015 7924
f 7923 8014 8015
f 7924 8016 7925
f 7924 8015 8016
f 7925 8017 7926
f 7925 8016 8017
f 7926 8018 7927
f 7926 8017 8018
f 7927 8019 7928
f 7927 8018 8019
f 7928 8020 7929
f 7928 8019 8020
f 8020 3344 3345
f 7930 8020 3345
f 7929 8020 7930
f 7930 3345 3346
f 7930 3346 7931
f 7931 3346 3348
f 7931 3348 7932
f 7932 3348 3350
f 7932 3350 7933
f 7933 3350 3352
f 7933 3352 7934
f 7934 3352 3354
f 7934 3354 7935
f 7935 3354 3356
f 7935 3356 7936
f 7936 3356 3358
f 7936 3358 7937
f 7937 3358 3360
f 8021 7937 3360
f 7938 7937 8021
f 7938 8022 7939
f 7938 8021 8022
f 7939 8023 7940
f 7939 8022 8023
f 8023 3362 3363
f 7941 8023 3363
f 7940 8023 7941
f 7941 3363 3364
f 7941 3364 7942
f 7942 3364 3366
f 7942 3366 7943
f 7943 3366 3368
f 8024 7943 3368
f 7944 7943 8024
f 8024 3370 3371
f 7945 8024 3371
f 7944 8024 7945
f 7945 3371 3372
f 7945 3372 7946
f 7946 3372 3374
f 7946 3374 7947
f 7947 3374 3376
f 7947 3376 7948
f 7948 3376 3378
f 7948 3378 7949
f 7949 3378 3380
f 7949 3380 7950
f 7950 3380 3382
f 7950 3382 7951
f 7951 3382 3384
f 7951 3384 7952
f 7952 3384 3256
f 3391 7953 3266
f 7953 3391 3393
f 7953 3393 7954
f 7954 3393 3395
f 7954 3395 7955
f 7955 3395 3268
f 3421 7956 3314
f 7956 3421 3423
f 7956 3423 7957
f 7957 3423 3316
f 3427 7958 3320
f 7958 3427 3429
f 7958 3429 7959
f 7959 3429 3431
f 7959 3431 7960
f 7960 3431 3322
f 3435 7961 3326
f 7961 3435 3437
f 7961 3437 7962
f 7962 3437 3439
f 7962 3439 7963
f 7963 3439 3328
f 3446 7964 3338
f 7964 3446 3448
f 8025 7964 3448
f 7965 7964 8025
f 8025 3450 3451
f 7966 8025 3451
f 7965 8025 7966
f 7966 3451 3452
f 7966 3452 7967
f 7967 3452 3454
f 8026 7967 3454
f 7968 7967 8026
f 7968 8027 7969
f 7968 8026 8027
f 7969 8028 7970
f 7969 8027 8028
f 7970 8029 7971
f 7970 8028 8029
f 7971 8030 7972
f 7971 8029 8030
f 7972 8031 7973
f 7972 8030 8031
f 7973 8032 7974
f 7973 8031 8032
f 7976 8033 7975
f 7976 8034 8033
f 7975 8035 7977
f 7975 8033 8035
f 7977 8036 7978
f 7977 8035 8036
f 7978 8037 7979
f 7978 8036 8037
f 7979 8038 7980
f 7979 8037 8038
f 7980 8039 7981
f 7980 8038 8039
f 7981 8040 7982
f 7981 8039 8040
f 8042 7983 8041
f 7983 8040 8041
f 7983 7982 8040
f 7983 8042 7984
f 7984 8042 8043
f 7984 8043 7985
f 7985 8043 8044
f 7985 8044 7986
f 7986 8044 8045
f 7986 8045 7987
f 7987 8045 8046
f 7987 8046 7988
f 7988 8046 8047
f 7988 8047 7989
f 7989 8047 8048
f 7989 8048 7990
f 7990 8048 8049
f 7990 8049 7991
f 7993 8050 7992
f 7992 8050 7994
f 7997 8051 7996
f 7996 8051 7998
f 7998 8051 8052
f 7998 8052 7999
f 7999 8052 8053
f 7999 8053 8000
f 8003 8054 8002
f 8056 8055 8054
f 8055 8002 8054
f 8055 8004 8002
f 8004 8057 8005
f 8004 8055 8057
f 8005 8058 8006
f 8005 8057 8058
f 8006 8059 8007
f 8006 8058 8059
f 8007 8060 8008
f 8007 8059 8060
f 8008 8061 8009
f 8008 8060 8061
f 8009 8062 8010
f 8009 8061 8062
f 8063 3455 3340
f 8010 8063 3340
f 8062 8063 8010
f 8011 3342 3455
f 8063 8011 3455
f 8064 8011 8063
f 8011 8065 8012
f 8011 8064 8065
f 8012 8066 8013
f 8012 8065 8066
f 8013 8067 8014
f 8013 8066 8067
f 8014 8068 8015
f 8014 8067 8068
f 8015 8069 8016
f 8015 8068 8069
f 8016 8070 8017
f 8016 8069 8070
f 8017 8071 8018
f 8017 8070 8071
f 8018 8072 8019
f 8018 8071 8072
f 8019 8073 8020
f 8019 8072 8073
f 8074 3456 3344
f 8020 8074 3344
f 8073 8074 8020
f 8075 3457 3456
f 8075 3456 8074
f 8076 3458 3457
f 8076 3457 8075
f 8077 3459 3458
f 8077 3458 8076
f 8078 3460 3459
f 8078 3459 8077
f 8079 3461 3460
f 8079 3460 8078
f 8080 3462 3461
f 8080 3461 8079
f 8081 3463 3462
f 8081 3462 8080
f 8021 3360 3463
f 8081 8021 3463
f 8082 8021 8081
f 8021 8083 8022
f 8021 8082 8083
f 8022 8084 8023
f 8022 8083 8084
f 8085 3464 3362
f 8023 8085 3362
f 8084 8085 8023
f 8086 3465 3464
f 8086 3464 8085
f 8087 3466 3465
f 8087 3465 8086
f 8024 3368 3466
f 8087 8024 3466
f 8088 8024 8087
f 8089 3467 3370
f 8024 8089 3370
f 8088 8089 8024
f 8090 3468 3467
f 8090 3467 8089
f 8091 3469 3468
f 8091 3468 8090
f 8092 3470 3469
f 8092 3469 8091
f 8093 3471 3470
f 8093 3470 8092
f 8094 3472 3471
f 8094 3471 8093
f 8095 3473 3472
f 8095 3472 8094
f 8096 3474 3473
f 8096 3473 8095
f 8096 3476 3474
f 3479 8097 3480
f 8098 3481 3480
f 8098 3480 8097
f 8099 3482 3481
f 8099 3481 8098
f 8100 3483 3482
f 8100 3482 8099
f 8101 3484 3483
f 8101 3483 8100
f 8101 3486 3484
f 3510 8102 3511
f 8103 3512 3511
f 8103 3511 8102
f 8103 3514 3512
f 3515 8104 3516
f 8105 3517 3516
f 8105 3516 8104
f 8106 3518 3517
f 8106 3517 8105
f 8107 3519 3518
f 8107 3518 8106
f 8107 3521 3519
f 3522 8108 3523
f 8109 3524 3523
f 8109 3523 8108
f 8110 3525 3524
f 8110 3524 8109
f 8111 3526 3525
f 8111 3525 8110
f 8112 3527 3526
f 8112 3526 8111
f 8113 3528 3527
f 8113 3527 8112
f 8114 3529 3528
f 8114 3528 8113
f 8115 3530 3529
f 8115 3529 8114
f 8116 3531 3530
f 8116 3530 8115
f 8117 3532 3531
f 8117 3531 8116
f 8025 3448 3532
f 8117 8025 3532
f 8118 8025 8117
f 8119 3533 3450
f 8025 8119 3450
f 8118 8119 8025
f 8120 3534 3533
f 8120 3533 8119
f 8026 3454 3534
f 8120 8026 3534
f 8121 8026 8120
f 8026 8122 8027
f 8026 8121 8122
f 8027 8123 8028
f 8027 8122 8123
f 8028 8124 8029
f 8028 8123 8124
f 8029 8125 8030
f 8029 8124 8125
f 8030 8126 8031
f 8030 8125 8126
f 8031 8127 8032
f 8031 8126 8127
f 8034 8128 8033
f 8033 8128 8129
f 8033 8129 8035
f 8035 8129 8130
f 8035 8130 8036
f 8036 8130 8131
f 8036 8131 8037
f 8037 8131 8132
f 8037 8132 8038
f 8038 8132 8133
f 8038 8133 8039
f 8039 8133 8134
f 8039 8134 8040
f 8040 8134 8135
f 8040 8135 8041
f 8056 8136 8055
f 8055 8136 8057
f 8057 8136 8137
f 8057 8137 8058
f 8058 8137 8138
f 8140 8139 8138
f 8139 8058 8138
f 8139 8059 8058
f 8059 8141 8060
f 8059 8139 8141
f 8060 8142 8061
f 8060 8141 8142
f 8061 8143 8062
f 8061 8142 8143
f 8062 8144 8063
f 8062 8143 8144
f 8063 8145 8064
f 8063 8144 8145
f 8064 8146 8065
f 8064 8145 8146
f 8065 8147 8066
f 8065 8146 8147
f 8066 8148 8067
f 8066 8147 8148
f 8067 8149 8068
f 8067 8148 8149
f 8068 8150 8069
f 8068 8149 8150
f 8069 8151 8070
f 8069 8150 8151
f 8070 8152 8071
f 8070 8151 8152
f 8071 8153 8072
f 8071 8152 8153
f 8072 8154 8073
f 8072 8153 8154
f 8073 8155 8074
f 8073 8154 8155
f 8074 8156 8075
f 8074 8155 8156
f 8075 8157 8076
f 8075 8156 8157
f 8076 8158 8077
f 8076 8157 8158
f 8077 8159 8078
f 8077 8158 8159
f 8078 8160 8079
f 8078 8159 8160
f 8079 8161 8080
f 8079 8160 8161
f 8080 8162 8081
f 8080 8161 8162
f 8081 8163 8082
f 8081 8162 8163
f 8082 8164 8083
f 8082 8163 8164
f 8083 8165 8084
f 8083 8164 8165
f 8084 8166 8085
f 8084 8165 8166
f 8085 8167 8086
f 8085 8166 8167
f 8086 8168 8087
f 8086 8167 8168
f 8087 8169 8088
f 8087 8168 8169
f 8088 8170 8089
f 8088 8169 8170
f 8089 8171 8090
f 8089 8170 8171
f 8090 8172 8091
f 8090 8171 8172
f 8091 8173 8092
f 8091 8172 8173
f 8092 8174 8093
f 8092 8173 8174
f 8093 8175 8094
f 8093 8174 8175
f 8094 8176 8095
f 8094 8175 8176
f 8095 8177 8096
f 8095 8176 8177
f 8178 3535 3476
f 8096 8178 3476
f 8177 8178 8096
f 8179 3536 3535
f 8179 3535 8178
f 8180 3537 3536
f 8180 3536 8179
f 8097 3479 3537
f 8180 8097 3537
f 8181 8097 8180
f 8097 8182 8098
f 8097 8181 8182
f 8098 8183 8099
f 8098 8182 8183
f 8099 8184 8100
f 8099 8183 8184
f 8100 8185 8101
f 8100 8184 8185
f 8186 3538 3486
f 8101 8186 3486
f 8185 8186 8101
f 8187 3539 3538
f 8187 3538 8186
f 8188 3540 3539
f 8188 3539 8187
f 8189 3541 3540
f 8189 3540 8188
f 8190 3542 3541
f 8190 3541 8189
f 8191 3543 3542
f 8191 3542 8190
f 8192 3544 3543
f 8192 3543 8191
f 8193 3545 3544
f 8193 3544 8192
f 8194 3546 3545
f 8194 3545 8193
f 8195 3547 3546
f 8195 3546 8194
f 8196 3548 3547
f 8196 3547 8195
f 8197 3549 3548
f 8197 3548 8196
f 8198 3550 3549
f 8198 3549 8197
f 8199 3551 3550
f 8199 3550 8198
f 8200 3552 3551
f 8200 3551 8199
f 8201 3553 3552
f 8201 3552 8200
f 8202 3554 3553
f 8202 3553 8201
f 8203 3555 3554
f 8203 3554 8202
f 8204 3556 3555
f 8204 3555 8203
f 8205 3557 3556
f 8205 3556 8204
f 8206 3558 3557
f 8206 3557 8205
f 8207 3559 3558
f 8207 3558 8206
f 8208 3560 3559
f 8208 3559 8207
f 8209 3561 3560
f 8209 3560 8208
f 8102 3510 3561
f 8209 8102 3561
f 8210 8102 8209
f 8102 8211 8103
f 8102 8210 8211
f 8212 3562 3514
f 8103 8212 3514
f 8211 8212 8103
f 8104 3515 3562
f 8212 8104 3562
f 8213 8104 8212
f 8104 8214 8105
f 8104 8213 8214
f 8105 8215 8106
f 8105 8214 8215
f 8106 8216 8107
f 8106 8215 8216
f 8217 3563 3521
f 8107 8217 3521
f 8216 8217 8107
f 8108 3522 3563
f 8217 8108 3563
f 8218 8108 8217
f 8108 8219 8109
f 8108 8218 8219
f 8109 8220 8110
f 8109 8219 8220
f 8110 8221 8111
f 8110 8220 8221
f 8111 8222 8112
f 8111 8221 8222
f 8112 8223 8113
f 8112 8222 8223
f 8113 8224 8114
f 8113 8223 8224
f 8114 8225 8115
f 8114 8224 8225
f 8115 8226 8116
f 8115 8225 8226
f 8116 8227 8117
f 8116 8226 8227
f 8117 8228 8118
f 8117 8227 8228
f 8118 8229 8119
f 8118 8228 8229
f 8119 8230 8120
f 8119 8229 8230
f 8232 8121 8231
f 8121 8230 8231
f 8121 8120 8230
f 8121 8232 8122
f 8122 8232 8233
f 8235 8234 8233
f 8234 8122 8233
f 8234 8123 8122
f 8237 8124 8236
f 8124 8234 8236
f 8124 8123 8234
f 8124 8237 8125
f 8125 8237 8238
f 8125 8238 8126
f 8126 8238 8239
f 8126 8239 8127
f 8127 8239 8240
f 8140 8241 8139
f 8139 8241 8141
f 8141 8241 8242
f 8141 8242 8142
f 8142 8242 8243
f 8142 8243 8143
f 8143 8243 8244
f 8246 8245 8244
f 8245 8143 8244
f 8245 8144 8143
f 8144 8247 8145
f 8144 8245 8247
f 8249 8146 8248
f 8146 8247 8248
f 8146 8145 8247
f 8251 8250 8249
f 8250 8146 8249
f 8250 8147 8146
f 8253 8148 8252
f 8148 8250 8252
f 8148 8147 8250
f 8148 8253 8149
f 8149 8253 8254
f 8149 8254 8150
f 8150 8254 8255
f 8150 8255 8151
f 8151 8255 8256
f 8258 8257 8256
f 8257 8151 8256
f 8257 8152 8151
f 8260 8153 8259
f 8153 8257 8259
f 8153 8152 8257
f 8153 8260 8154
f 8154 8260 8261
f 8263 8262 8261
f 8262 8154 8261
f 8262 8155 8154
f 8155 8264 8156
f 8155 8262 8264
f 8156 8265 8157
f 8156 8264 8265
f 8157 8266 8158
f 8157 8265 8266
f 8158 8267 8159
f 8158 8266 8267
f 8159 8268 8160
f 8159 8267 8268
f 8160 8269 8161
f 8160 8268 8269
f 8161 8270 8162
f 8161 8269 8270
f 8162 8271 8163
f 8162 8270 8271
f 8163 8272 8164
f 8163 8271 8272
f 8164 8273 8165
f 8164 8272 8273
f 8275 8166 8274
f 8166 8273 8274
f 8166 8165 8273
f 8166 8275 8167
f 8167 8275 8276
f 8167 8276 8168
f 8168 8276 8277
f 8168 8277 8169
f 8169 8277 8278
f 8169 8278 8170
f 8170 8278 8279
f 8170 8279 8171
f 8171 8279 8280
f 8171 8280 8172
f 8172 8280 8281
f 8283 8282 8281
f 8282 8172 8281
f 8282 8173 8172
f 8173 8284 8174
f 8173 8282 8284
f 8174 8285 8175
f 8174 8284 8285
f 8287 8176 8286
f 8176 8285 8286
f 8176 8175 8285
f 8289 8288 8287
f 8288 8176 8287
f 8288 8177 8176
f 8177 8290 8178
f 8177 8288 8290
f 8178 8291 8179
f 8178 8290 8291
f 8179 8292 8180
f 8179 8291 8292
f 8180 8293 8181
f 8180 8292 8293
f 8181 8294 8182
f 8181 8293 8294
f 8182 8295 8183
f 8182 8294 8295
f 8183 8296 8184
f 8183 8295 8296
f 8184 8297 8185
f 8184 8296 8297
f 8185 8298 8186
f 8185 8297 8298
f 8186 8299 8187
f 8186 8298 8299
f 8187 8300 8188
f 8187 8299 8300
f 8188 8301 8189
f 8188 8300 8301
f 8189 8302 8190
f 8189 8301 8302
f 8190 8303 8191
f 8190 8302 8303
f 8191 8304 8192
f 8191 8303 8304
f 8192 8305 8193
f 8192 8304 8305
f 8193 8306 8194
f 8193 8305 8306
f 8194 8307 8195
f 8194 8306 8307
f 8195 8308 8196
f 8195 8307 8308
f 8196 8309 8197
f 8196 8308 8309
f 8197 8310 8198
f 8197 8309 8310
f 8198 8311 8199
f 8198 8310 8311
f 8199 8312 8200
f 8199 8311 8312
f 8200 8313 8201
f 8200 8312 8313
f 8201 8314 8202
f 8201 8313 8314
f 8202 8315 8203
f 8202 8314 8315
f 8203 8316 8204
f 8203 8315 8316
f 8204 8317 8205
f 8204 8316 8317
f 8205 8318 8206
f 8205 8317 8318
f 8206 8319 8207
f 8206 8318 8319
f 8207 8320 8208
f 8207 8319 8320
f 8208 8321 8209
f 8208 8320 8321
f 8209 8322 8210
f 8209 8321 8322
f 8210 8323 8211
f 8210 8322 8323
f 8211 8324 8212
f 8211 8323 8324
f 8212 8325 8213
f 8212 8324 8325
f 8327 8214 8326
f 8214 8325 8326
f 8214 8213 8325
f 8214 8327 8215
f 8215 8327 8328
f 8215 8328 8216
f 8216 8328 8329
f 8331 8330 8329
f 8330 8216 8329
f 8330 8217 8216
f 8217 8332 8218
f 8217 8330 8332
f 8218 8333 8219
f 8218 8332 8333
f 8219 8334 8220
f 8219 8333 8334
f 8220 8335 8221
f 8220 8334 8335
f 8221 8336 8222
f 8221 8335 8336
f 8338 8223 8337
f 8223 8336 8337
f 8223 8222 8336
f 8223 8338 8224
f 8224 8338 8339
f 8224 8339 8225
f 8225 8339 8340
f 8225 8340 8226
f 8226 8340 8341
f 8226 8341 8227
f 8227 8341 8342
f 8227 8342 8228
f 8228 8342 8343
f 8228 8343 8229
f 8229 8343 8344
f 8229 8344 8230
f 8230 8344 8345
f 8230 8345 8231
f 8235 8346 8234
f 8234 8346 8236
f 8245 8246 8347
f 8347 8246 8348
f 8245 8349 8247
f 8245 8347 8349
f 8248 8247 8350
f 8350 8247 8349
f 8251 8351 8250
f 8250 8351 8252
f 8258 8352 8257
f 8257 8352 8259
f 8263 8353 8262
f 8355 8354 8353
f 8354 8262 8353
f 8354 8264 8262
f 8357 8265 8356
f 8265 8354 8356
f 8265 8264 8354
f 8265 8357 8266
f 8266 8357 8358
f 8360 8359 8358
f 8359 8266 8358
f 8359 8267 8266
f 8267 8361 8268
f 8267 8359 8361
f 8363 8269 8362
f 8269 8361 8362
f 8269 8268 8361
f 8269 8363 8270
f 8270 8363 8364
f 8270 8364 8271
f 8271 8364 8365
f 8271 8365 8272
f 8272 8365 8366
f 8272 8366 8273
f 8273 8366 8367
f 8273 8367 8274
f 8282 8283 8368
f 8368 8283 8369
f 8282 8370 8284
f 8282 8368 8370
f 8284 8371 8285
f 8284 8370 8371
f 8286 8285 8372
f 8372 8285 8371
f 8289 8373 8288
f 8375 8374 8373
f 8374 8288 8373
f 8374 8290 8288
f 8290 8376 8291
f 8290 8374 8376
f 8291 8377 8292
f 8291 8376 8377
f 8292 8378 8293
f 8292 8377 8378
f 8293 8379 8294
f 8293 8378 8379
f 8381 8295 8380
f 8295 8379 8380
f 8295 8294 8379
f 8383 8382 8381
f 8382 8295 8381
f 8382 8296 8295
f 8296 8384 8297
f 8296 8382 8384
f 8297 8385 8298
f 8297 8384 8385
f 8298 8386 8299
f 8298 8385 8386
f 8299 8387 8300
f 8299 8386 8387
f 8300 8388 8301
f 8300 8387 8388
f 8301 8389 8302
f 8301 8388 8389
f 8302 8390 8303
f 8302 8389 8390
f 8303 8391 8304
f 8303 8390 8391
f 8304 8392 8305
f 8304 8391 8392
f 8305 8393 8306
f 8305 8392 8393
f 8306 8394 8307
f 8306 8393 8394
f 8307 8395 8308
f 8307 8394 8395
f 8308 8396 8309
f 8308 8395 8396
f 8309 8397 8310
f 8309 8396 8397
f 8310 8398 8311
f 8310 8397 8398
f 8311 8399 8312
f 8311 8398 8399
f 8312 8400 8313
f 8312 8399 8400
f 8313 8401 8314
f 8313 8400 8401
f 8314 8402 8315
f 8314 8401 8402
f 8315 8403 8316
f 8315 8402 8403
f 8316 8404 8317
f 8316 8403 8404
f 8317 8405 8318
f 8317 8404 8405
f 8318 8406 8319
f 8318 8405 8406
f 8319 8407 8320
f 8319 8406 8407
f 8320 8408 8321
f 8320 8407 8408
f 8410 8322 8409
f 8322 8408 8409
f 8322 8321 8408
f 8322 8410 8323
f 8323 8410 8411
f 8413 8412 8411
f 8412 8323 8411
f 8412 8324 8323
f 8415 8325 8414
f 8325 8412 8414
f 8325 8324 8412
f 8325 8415 8326
f 8330 8331 8416
f 8416 8331 8417
f 8330 8418 8332
f 8330 8416 8418
f 8420 8333 8419
f 8333 8418 8419
f 8333 8332 8418
f 8333 8420 8334
f 8334 8420 8421
f 8334 8421 8335
f 8335 8421 8422
f 8335 8422 8336
f 8336 8422 8423
f 8336 8423 8337
f 8348 8424 8347
f 8347 8424 8349
f 8349 8424 8425
f 8349 8425 8350
f 8355 8426 8354
f 8354 8426 8356
f 8360 8427 8359
f 8359 8427 8361
f 8361 8427 8428
f 8361 8428 8362
f 8369 8429 8368
f 8368 8429 8370
f 8370 8429 8430
f 8370 8430 8371
f 8371 8430 8431
f 8371 8431 8372
f 8375 8432 8374
f 8374 8432 8376
f 8376 8432 8433
f 8376 8433 8377
f 8377 8433 8434
f 8377 8434 8378
f 8378 8434 8435
f 8378 8435 8379
f 8379 8435 8436
f 8379 8436 8380
f 8383 8437 8382
f 8382 8437 8384
f 8384 8437 8438
f 8384 8438 8385
f 8385 8438 8439
f 8385 8439 8386
f 8386 8439 8440
f 8386 8440 8387
f 8387 8440 8441
f 8443 8442 8441
f 8442 8387 8441
f 8442 8388 8387
f 8388 8444 8389
f 8388 8442 8444
f 8446 8390 8445
f 8390 8444 8445
f 8390 8389 8444
f 8448 8447 8446
f 8447 8390 8446
f 8447 8391 8390
f 8391 8449 8392
f 8391 8447 8449
f 8392 8450 8393
f 8392 8449 8450
f 8393 8451 8394
f 8393 8450 8451
f 8394 8452 8395
f 8394 8451 8452
f 8454 8396 8453
f 8396 8452 8453
f 8396 8395 8452
f 8396 8454 8397
f 8397 8454 8455
f 8397 8455 8398
f 8398 8455 8456
f 8458 8457 8456
f 8457 8398 8456
f 8457 8399 8398
f 8460 8400 8459
f 8400 8457 8459
f 8400 8399 8457
f 8400 8460 8401
f 8401 8460 8461
f 8463 8462 8461
f 8462 8401 8461
f 8462 8402 8401
f 8402 8464 8403
f 8402 8462 8464
f 8403 8465 8404
f 8403 8464 8465
f 8467 8405 8466
f 8405 8465 8466
f 8405 8404 8465
f 8405 8467 8406
f 8406 8467 8468
f 8470 8469 8468
f 8469 8406 8468
f 8469 8407 8406
f 8472 8408 8471
f 8408 8469 8471
f 8408 8407 8469
f 8408 8472 8409
f 8413 8473 8412
f 8412 8473 8414
f 8417 8474 8416
f 8416 8474 8418
f 8418 8474 8475
f 8418 8475 8419
f 8443 8476 8442
f 8442 8476 8444
f 8444 8476 8477
f 8444 8477 8445
f 8448 8478 8447
f 8447 8478 8449
f 8449 8478 8479
f 8449 8479 8450
f 8450 8479 8480
f 8450 8480 8451
f 8451 8480 8481
f 8451 8481 8452
f 8452 8481 8482
f 8452 8482 8453
f 8458 8483 8457
f 8457 8483 8459
f 8463 8484 8462
f 8462 8484 8464
f 8464 8484 8485
f 8464 8485 8465
f 8465 8485 8486
f 8465 8486 8466
f 8470 8487 8469
f 8469 8487 8471
f 8490 8489 8488
f 8492 8491 8488
f 8488 8491 8490
f 8492 8493 8491
f 8488 8489 8494
f 8494 8489 8495
f 8497 8492 8496
f 8492 8494 8496
f 8492 8488 8494
f 8500 8499 8498
f 8492 8497 8493
f 8499 8501 8498
f 8494 8495 8502
f 8502 8495 8503
f 8496 8494 8504
f 8504 8494 8502
f 8499 8500 8505
f 8505 8500 8506
f 8501 8499 8507
f 8507 8499 8505
f 8510 8509 8508
f 8510 8508 8503
f 8508 8502 8503
f 8508 8511 8502
f 8504 8502 8512
f 8502 8513 8512
f 8502 8511 8513
f 8512 8513 8506
f 8513 8505 8506
f 8513 8514 8505
f 8507 8505 8515
f 8505 8516 8515
f 8505 8514 8516
f 8518 8517 8516
f 8516 8517 8515
f 8520 8519 8518
f 8518 8519 8517
f 8522 8521 8520
f 8520 8521 8519
f 8524 8523 8522
f 8522 8523 8521
f 8526 8525 8524
f 8524 8525 8523
f 8526 8527 8525
f 8530 8529 8528
f 8532 8531 8528
f 8528 8531 8530
f 8534 8533 8532
f 8532 8533 8531
f 8536 8535 8534
f 8534 8535 8533
f 8538 8537 8536
f 8536 8537 8535
f 8540 8539 8538
f 8538 8539 8537
f 8542 8541 8540
f 8540 8541 8539
f 8544 8543 8542
f 8542 8543 8541
f 8546 8545 8544
f 8544 8545 8543
f 8545 8546 8509
f 8546 8508 8509
f 8546 8547 8508
f 8508 8548 8511
f 8508 8547 8548
f 8511 8549 8513
f 8511 8548 8549
f 8513 8550 8514
f 8513 8549 8550
f 8514 8551 8516
f 8514 8550 8551
f 8516 8552 8518
f 8516 8551 8552
f 8518 8553 8520
f 8518 8552 8553
f 8520 8554 8522
f 8520 8553 8554
f 8522 8555 8524
f 8522 8554 8555
f 8524 8556 8526
f 8524 8555 8556
f 8527 8526 8557
f 8526 8558 8557
f 8526 8556 8558
f 8560 8559 8558
f 8558 8559 8557
f 8562 8561 8560
f 8560 8561 8559
f 8562 8563 8561
f 8566 8565 8564
f 8568 8567 8564
f 8564 8567 8566
f 8570 8569 8568
f 8568 8569 8567
f 8572 8571 8570
f 8570 8571 8569
f 8574 8573 8572
f 8572 8573 8571
f 8576 8575 8574
f 8574 8575 8573
f 8575 8576 8529
f 8576 8528 8529
f 8576 8577 8528
f 8528 8578 8532
f 8528 8577 8578
f 8532 8579 8534
f 8532 8578 8579
f 8534 8580 8536
f 8534 8579 8580
f 8536 8581 8538
f 8536 8580 8581
f 8538 8582 8540
f 8538 8581 8582
f 8540 8583 8542
f 8540 8582 8583
f 8542 8584 8544
f 8542 8583 8584
f 8544 8585 8546
f 8544 8584 8585
f 8546 8586 8547
f 8546 8585 8586
f 8547 8587 8548
f 8547 8586 8587
f 8548 8588 8549
f 8548 8587 8588
f 8549 8589 8550
f 8549 8588 8589
f 8550 8590 8551
f 8550 8589 8590
f 8551 8591 8552
f 8551 8590 8591
f 8552 8592 8553
f 8552 8591 8592
f 8553 8593 8554
f 8553 8592 8593
f 8554 8594 8555
f 8554 8593 8594
f 8555 8595 8556
f 8555 8594 8595
f 8556 8596 8558
f 8556 8595 8596
f 8558 8597 8560
f 8558 8596 8597
f 8560 8598 8562
f 8560 8597 8598
f 8563 8562 8599
f 8562 8600 8599
f 8562 8598 8600
f 8602 8601 8600
f 8600 8601 8599
f 8604 8603 8602
f 8602 8603 8601
f 8606 8605 8604
f 8604 8605 8603
f 8606 8607 8605
f 8610 8609 8608
f 8610 8608 8565
f 8608 8564 8565
f 8608 8611 8564
f 8564 8612 8568
f 8564 8611 8612
f 8568 8613 8570
f 8568 8612 8613
f 8570 8614 8572
f 8570 8613 8614
f 8572 8615 8574
f 8572 8614 8615
f 8574 8616 8576
f 8574 8615 8616
f 8576 8617 8577
f 8576 8616 8617
f 8577 8618 8578
f 8577 8617 8618
f 8578 8619 8579
f 8578 8618 8619
f 8579 8620 8580
f 8579 8619 8620
f 8580 8621 8581
f 8580 8620 8621
f 8581 8622 8582
f 8581 8621 8622
f 8582 8623 8583
f 8582 8622 8623
f 8583 8624 8584
f 8583 8623 8624
f 8584 8625 8585
f 8584 8624 8625
f 8585 8626 8586
f 8585 8625 8626
f 8586 8627 8587
f 8586 8626 8627
f 8587 8628 8588
f 8587 8627 8628
f 8588 8629 8589
f 8588 8628 8629
f 8589 8630 8590
f 8589 8629 8630
f 8590 8631 8591
f 8590 8630 8631
f 8591 8632 8592
f 8591 8631 8632
f 8592 8633 8593
f 8592 8632 8633
f 8593 8634 8594
f 8593 8633 8634
f 8594 8635 8595
f 8594 8634 8635
f 8595 8636 8596
f 8595 8635 8636
f 8596 8637 8597
f 8596 8636 8637
f 8597 8638 8598
f 8597 8637 8638
f 8598 8639 8600
f 8598 8638 8639
f 8600 8640 8602
f 8600 8639 8640
f 8602 8641 8604
f 8602 8640 8641
f 8604 8642 8606
f 8604 8641 8642
f 8607 8606 8643
f 8606 8644 8643
f 8606 8642 8644
f 8646 8645 8644
f 8644 8645 8643
f 8648 8647 8646
f 8646 8647 8645
f 8648 8649 8647
f 8652 8651 8650
f 8654 8653 8650
f 8650 8653 8652
f 8656 8655 8654
f 8654 8655 8653
f 8658 8657 8656
f 8656 8657 8655
f 8660 8659 8658
f 8658 8659 8657
f 8662 8661 8660
f 8660 8661 8659
f 8664 8663 8662
f 8662 8663 8661
f 8666 8665 8664
f 8664 8665 8663
f 8665 8666 8609
f 8666 8608 8609
f 8666 8667 8608
f 8608 8668 8611
f 8608 8667 8668
f 8611 8669 8612
f 8611 8668 8669
f 8612 8670 8613
f 8612 8669 8670
f 8613 8671 8614
f 8613 8670 8671
f 8614 8672 8615
f 8614 8671 8672
f 8615 8673 8616
f 8615 8672 8673
f 8616 8674 8617
f 8616 8673 8674
f 8617 8675 8618
f 8617 8674 8675
f 8618 8676 8619
f 8618 8675 8676
f 8619 8677 8620
f 8619 8676 8677
f 8620 8678 8621
f 8620 8677 8678
f 8621 8679 8622
f 8621 8678 8679
f 8622 8680 8623
f 8622 8679 8680
f 8623 8681 8624
f 8623 8680 8681
f 8624 8682 8625
f 8624 8681 8682
f 8625 8683 8626
f 8625 8682 8683
f 8683 3565 3566
f 8627 8683 3566
f 8626 8683 8627
f 8627 3566 3567
f 8627 3567 8628
f 8628 3567 3569
f 8628 3569 8629
f 8629 3569 3571
f 8629 3571 8630
f 8630 3571 3573
f 8630 3573 8631
f 8631 3573 3575
f 8631 3575 8632
f 8632 3575 3577
f 8632 3577 8633
f 8633 3577 3579
f 8633 3579 8634
f 8634 3579 3581
f 8634 3581 8635
f 8635 3581 3583
f 8684 8635 3583
f 8636 8635 8684
f 8636 8685 8637
f 8636 8684 8685
f 8637 8686 8638
f 8637 8685 8686
f 8638 8687 8639
f 8638 8686 8687
f 8639 8688 8640
f 8639 8687 8688
f 8640 8689 8641
f 8640 8688 8689
f 8641 8690 8642
f 8641 8689 8690
f 8642 8691 8644
f 8642 8690 8691
f 8644 8692 8646
f 8644 8691 8692
f 8646 8693 8648
f 8646 8692 8693
f 8649 8648 8694
f 8648 8695 8694
f 8648 8693 8695
f 8697 8696 8695
f 8695 8696 8694
f 8697 8698 8696
f 8701 8700 8699
f 8703 8702 8699
f 8699 8702 8701
f 8705 8704 8703
f 8703 8704 8702
f 8707 8706 8705
f 8705 8706 8704
f 8709 8708 8707
f 8707 8708 8706
f 8709 8710 8708
f 8713 8712 8711
f 8715 8714 8711
f 8711 8714 8713
f 8717 8716 8715
f 8715 8716 8714
f 8716 8717 8651
f 8717 8650 8651
f 8717 8718 8650
f 8650 8719 8654
f 8650 8718 8719
f 8654 8720 8656
f 8654 8719 8720
f 8656 8721 8658
f 8656 8720 8721
f 8658 8722 8660
f 8658 8721 8722
f 8660 8723 8662
f 8660 8722 8723
f 8662 8724 8664
f 8662 8723 8724
f 8664 8725 8666
f 8664 8724 8725
f 8666 8726 8667
f 8666 8725 8726
f 8667 8727 8668
f 8667 8726 8727
f 8668 8728 8669
f 8668 8727 8728
f 8669 8729 8670
f 8669 8728 8729
f 8729 3585 3586
f 8671 8729 3586
f 8670 8729 8671
f 8671 3586 3587
f 8671 3587 8672
f 8672 3587 3589
f 8672 3589 8673
f 8673 3589 3591
f 8673 3591 8674
f 8674 3591 3593
f 8674 3593 8675
f 8675 3593 3595
f 8675 3595 8676
f 8676 3595 3597
f 8676 3597 8677
f 8677 3597 3599
f 8677 3599 8678
f 8678 3599 3601
f 8678 3601 8679
f 8679 3601 3603
f 8679 3603 8680
f 8680 3603 3605
f 8680 3605 8681
f 8681 3605 3607
f 8681 3607 8682
f 8682 3607 3609
f 8682 3609 8683
f 8683 3609 3565
f 3620 8684 3583
f 8684 3620 3622
f 8684 3622 8685
f 8685 3622 3624
f 8685 3624 8686
f 8686 3624 3626
f 8730 8686 3626
f 8687 8686 8730
f 8687 8731 8688
f 8687 8730 8731
f 8688 8732 8689
f 8688 8731 8732
f 8689 8733 8690
f 8689 8732 8733
f 8690 8734 8691
f 8690 8733 8734
f 8691 8735 8692
f 8691 8734 8735
f 8692 8736 8693
f 8692 8735 8736
f 8693 8737 8695
f 8693 8736 8737
f 8695 8738 8697
f 8695 8737 8738
f 8698 8697 8739
f 8697 8740 8739
f 8697 8738 8740
f 8742 8741 8740
f 8740 8741 8739
f 8744 8743 8742
f 8742 8743 8741
f 8746 8745 8744
f 8744 8745 8743
f 8748 8747 8746
f 8746 8747 8745
f 8750 8749 8748
f 8748 8749 8747
f 8750 8751 8749
f 8754 8753 8752
f 8756 8755 8752
f 8752 8755 8754
f 8758 8757 8756
f 8756 8757 8755
f 8758 8759 8757
f 8699 8700 8760
f 8760 8700 8761
f 8699 8762 8703
f 8699 8760 8762
f 8703 8763 8705
f 8703 8762 8763
f 8705 8764 8707
f 8705 8763 8764
f 8707 8765 8709
f 8707 8764 8765
f 8710 8709 8766
f 8766 8709 8765
f 8712 8767 8711
f 8769 8768 8767
f 8768 8711 8767
f 8768 8715 8711
f 8715 8770 8717
f 8715 8768 8770
f 8717 8771 8718
f 8717 8770 8771
f 8718 8772 8719
f 8718 8771 8772
f 8719 8773 8720
f 8719 8772 8773
f 8720 8774 8721
f 8720 8773 8774
f 8721 8775 8722
f 8721 8774 8775
f 8722 8776 8723
f 8722 8775 8776
f 8723 8777 8724
f 8723 8776 8777
f 8724 8778 8725
f 8724 8777 8778
f 8725 8779 8726
f 8725 8778 8779
f 8726 8780 8727
f 8726 8779 8780
f 8727 8781 8728
f 8727 8780 8781
f 8728 8782 8729
f 8728 8781 8782
f 8782 3628 3585
f 8782 3585 8729
f 3630 8783 3631
f 8784 3632 3631
f 8784 3631 8783
f 8784 3634 3632
f 3635 8785 3636
f 8786 3637 3636
f 8786 3636 8785
f 8786 3639 3637
f 3642 8787 3643
f 8787 3645 3643
f 3655 8788 3656
f 8788 3658 3656
f 3660 8789 3661
f 8730 3626 3661
f 8789 8730 3661
f 8790 8730 8789
f 8730 8791 8731
f 8730 8790 8791
f 8731 8792 8732
f 8731 8791 8792
f 8732 8793 8733
f 8732 8792 8793
f 8733 8794 8734
f 8733 8793 8794
f 8734 8795 8735
f 8734 8794 8795
f 8735 8796 8736
f 8735 8795 8796
f 8736 8797 8737
f 8736 8796 8797
f 8737 8798 8738
f 8737 8797 8798
f 8738 8799 8740
f 8738 8798 8799
f 8740 8800 8742
f 8740 8799 8800
f 8742 8801 8744
f 8742 8800 8801
f 8744 8802 8746
f 8744 8801 8802
f 8746 8803 8748
f 8746 8802 8803
f 8805 8750 8804
f 8750 8803 8804
f 8750 8748 8803
f 8750 8805 8751
f 8808 8807 8806
f 8810 8809 8806
f 8806 8809 8808
f 8809 8810 8753
f 8810 8752 8753
f 8810 8811 8752
f 8752 8812 8756
f 8752 8811 8812
f 8756 8813 8758
f 8756 8812 8813
f 8759 8758 8814
f 8758 8815 8814
f 8758 8813 8815
f 8815 8816 8814
f 8761 8817 8760
f 8819 8818 8817
f 8818 8760 8817
f 8818 8762 8760
f 8762 8820 8763
f 8762 8818 8820
f 8822 8764 8821
f 8764 8820 8821
f 8764 8763 8820
f 8764 8822 8765
f 8765 8822 8823
f 8765 8823 8766
f 8769 8824 8768
f 8826 8825 8824
f 8825 8768 8824
f 8825 8770 8768
f 8770 8827 8771
f 8770 8825 8827
f 8771 8828 8772
f 8771 8827 8828
f 8772 8829 8773
f 8772 8828 8829
f 8773 8830 8774
f 8773 8829 8830
f 8774 8831 8775
f 8774 8830 8831
f 8775 8832 8776
f 8775 8831 8832
f 8776 8833 8777
f 8776 8832 8833
f 8777 8834 8778
f 8777 8833 8834
f 8778 8835 8779
f 8778 8834 8835
f 8779 8836 8780
f 8779 8835 8836
f 8780 8837 8781
f 8780 8836 8837
f 8781 8838 8782
f 8781 8837 8838
f 8839 3662 3628
f 8782 8839 3628
f 8838 8839 8782
f 8840 3663 3662
f 8840 3662 8839
f 8783 3630 3663
f 8840 8783 3663
f 8841 8783 8840
f 8783 8842 8784
f 8783 8841 8842
f 8843 3664 3634
f 8784 8843 3634
f 8842 8843 8784
f 8785 3635 3664
f 8843 8785 3664
f 8844 8785 8843
f 8785 8845 8786
f 8785 8844 8845
f 8846 3665 3639
f 8786 8846 3639
f 8845 8846 8786
f 8847 3666 3665
f 8847 3665 8846
f 8848 3667 3666
f 8848 3666 8847
f 8787 3642 3667
f 8848 8787 3667
f 8849 8787 8848
f 8850 3668 3645
f 8787 8850 3645
f 8849 8850 8787
f 8851 3669 3668
f 8851 3668 8850
f 8852 3670 3669
f 8852 3669 8851
f 8853 3671 3670
f 8853 3670 8852
f 8854 3672 3671
f 8854 3671 8853
f 8855 3673 3672
f 8855 3672 8854
f 8856 3674 3673
f 8856 3673 8855
f 8857 3675 3674
f 8857 3674 8856
f 8858 3676 3675
f 8858 3675 8857
f 8859 3677 3676
f 8859 3676 8858
f 8788 3655 3677
f 8859 8788 3677
f 8860 8788 8859
f 8861 3678 3658
f 8788 8861 3658
f 8860 8861 8788
f 8862 3679 3678
f 8862 3678 8861
f 8789 3660 3679
f 8862 8789 3679
f 8863 8789 8862
f 8789 8864 8790
f 8789 8863 8864
f 8790 8865 8791
f 8790 8864 8865
f 8791 8866 8792
f 8791 8865 8866
f 8792 8867 8793
f 8792 8866 8867
f 8793 8868 8794
f 8793 8867 8868
f 8794 8869 8795
f 8794 8868 8869
f 8795 8870 8796
f 8795 8869 8870
f 8796 8871 8797
f 8796 8870 8871
f 8797 8872 8798
f 8797 8871 8872
f 8798 8873 8799
f 8798 8872 8873
f 8799 8874 8800
f 8799 8873 8874
f 8800 8875 8801
f 8800 8874 8875
f 8801 8876 8802
f 8801 8875 8876
f 8802 8877 8803
f 8802 8876 8877
f 8804 8803 8878
f 8878 8803 8877
f 8807 8879 8806
f 8806 8879 8810
f 8810 8879 8880
f 8882 8881 8880
f 8881 8810 8880
f 8881 8811 8810
f 8811 8883 8812
f 8811 8881 8883
f 8812 8884 8813
f 8812 8883 8884
f 8813 8885 8815
f 8813 8884 8885
f 8816 8815 8886
f 8886 8815 8885
f 8889 8888 8887
f 8889 8887 8819
f 8887 8818 8819
f 8887 8890 8818
f 8818 8891 8820
f 8818 8890 8891
f 8821 8820 8892
f 8820 8893 8892
f 8820 8891 8893
f 8895 8894 8893
f 8893 8894 8892
f 8897 8896 8895
f 8895 8896 8894
f 8899 8898 8897
f 8897 8898 8896
f 8901 8900 8899
f 8899 8900 8898
f 8903 8902 8901
f 8901 8902 8900
f 8902 8903 8826
f 8903 8825 8826
f 8903 8904 8825
f 8825 8905 8827
f 8825 8904 8905
f 8827 8906 8828
f 8827 8905 8906
f 8828 8907 8829
f 8828 8906 8907
f 8829 8908 8830
f 8829 8907 8908
f 8830 8909 8831
f 8830 8908 8909
f 8831 8910 8832
f 8831 8909 8910
f 8832 8911 8833
f 8832 8910 8911
f 8833 8912 8834
f 8833 8911 8912
f 8834 8913 8835
f 8834 8912 8913
f 8835 8914 8836
f 8835 8913 8914
f 8836 8915 8837
f 8836 8914 8915
f 8837 8916 8838
f 8837 8915 8916
f 8916 3681 3682
f 8839 8916 3682
f 8838 8916 8839
f 8839 3682 3683
f 8839 3683 8840
f 8840 3683 3685
f 8917 8840 3685
f 8841 8840 8917
f 8841 8918 8842
f 8841 8917 8918
f 8918 3687 3688
f 8843 8918 3688
f 8842 8918 8843
f 8843 3688 3689
f 8843 3689 8844
f 8844 3689 3691
f 8919 8844 3691
f 8845 8844 8919
f 8919 3693 3694
f 8846 8919 3694
f 8845 8919 8846
f 8846 3694 3695
f 8846 3695 8847
f 8847 3695 3697
f 8847 3697 8848
f 8848 3697 3699
f 8848 3699 8849
f 8849 3699 3701
f 8920 8849 3701
f 8850 8849 8920
f 8920 3703 3704
f 8851 8920 3704
f 8850 8920 8851
f 8851 3704 3705
f 8851 3705 8852
f 8852 3705 3707
f 8852 3707 8853
f 8853 3707 3709
f 8853 3709 8854
f 8854 3709 3711
f 8854 3711 8855
f 8855 3711 3713
f 8855 3713 8856
f 8856 3713 3715
f 8856 3715 8857
f 8857 3715 3717
f 8857 3717 8858
f 8858 3717 3719
f 8921 8858 3719
f 8859 8858 8921
f 8859 8922 8860
f 8859 8921 8922
f 8922 3721 3722
f 8861 8922 3722
f 8860 8922 8861
f 8861 3722 3723
f 8861 3723 8862
f 8862 3723 3725
f 8862 3725 8863
f 8863 3725 3727
f 8923 8863 3727
f 8864 8863 8923
f 8864 8924 8865
f 8864 8923 8924
f 8865 8925 8866
f 8865 8924 8925
f 8866 8926 8867
f 8866 8925 8926
f 8867 8927 8868
f 8867 8926 8927
f 8868 8928 8869
f 8868 8927 8928
f 8869 8929 8870
f 8869 8928 8929
f 8870 8930 8871
f 8870 8929 8930
f 8871 8931 8872
f 8871 8930 8931
f 8872 8932 8873
f 8872 8931 8932
f 8873 8933 8874
f 8873 8932 8933
f 8874 8934 8875
f 8874 8933 8934
f 8875 8935 8876
f 8875 8934 8935
f 8876 8936 8877
f 8876 8935 8936
f 8878 8877 8937
f 8877 8938 8937
f 8877 8936 8938
f 8940 8939 8938
f 8938 8939 8937
f 8942 8941 8940
f 8940 8941 8939
f 8944 8943 8942
f 8942 8943 8941
f 8943 8944 8882
f 8944 8881 8882
f 8944 8945 8881
f 8881 8946 8883
f 8881 8945 8946
f 8883 8947 8884
f 8883 8946 8947
f 8884 8948 8885
f 8884 8947 8948
f 8886 8885 8949
f 8885 8950 8949
f 8885 8948 8950
f 8950 8951 8949
f 8954 8953 8952
f 8956 8955 8952
f 8952 8955 8954
f 8956 8957 8955
f 8960 8959 8958
f 8962 8961 8958
f 8958 8961 8960
f 8964 8963 8962
f 8962 8963 8961
f 8966 8965 8964
f 8964 8965 8963
f 8966 8967 8965
f 8970 8969 8968
f 8972 8971 8968
f 8968 8971 8970
f 8972 8973 8971
f 8976 8975 8974
f 8978 8977 8974
f 8974 8977 8976
f 8978 8979 8977
f 8982 8981 8980
f 8984 8983 8980
f 8980 8983 8982
f 8984 8985 8983
f 8988 8987 8986
f 8990 8989 8986
f 8986 8989 8988
f 8990 8991 8989
f 8994 8993 8992
f 8992 8995 8994
f 8998 8997 8996
f 8996 8997 8999
f 9001 9000 8998
f 8998 9000 8997
f 9003 9002 9001
f 9001 9002 9000
f 9005 9004 9003
f 9003 9004 9002
f 9007 9006 9005
f 9005 9006 9004
f 9009 9008 9007
f 9007 9008 9006
f 9011 9010 9009
f 9009 9010 9008
f 9013 9012 9011
f 9011 9012 9010
f 9015 9014 9013
f 9013 9014 9012
f 9017 9016 9015
f 9015 9016 9014
f 9016 9017 8888
f 9017 8887 8888
f 9017 9018 8887
f 8887 9019 8890
f 8887 9018 9019
f 8890 9020 8891
f 8890 9019 9020
f 8891 9021 8893
f 8891 9020 9021
f 8893 9022 8895
f 8893 9021 9022
f 8895 9023 8897
f 8895 9022 9023
f 8897 9024 8899
f 8897 9023 9024
f 8899 9025 8901
f 8899 9024 9025
f 8901 9026 8903
f 8901 9025 9026
f 9026 3729 3730
f 8904 9026 3730
f 8903 9026 8904
f 8904 3730 3731
f 8904 3731 8905
f 8905 3731 3733
f 8905 3733 8906
f 8906 3733 3735
f 8906 3735 8907
f 8907 3735 3737
f 8907 3737 8908
f 8908 3737 3739
f 8908 3739 8909
f 8909 3739 3741
f 8909 3741 8910
f 8910 3741 3743
f 8910 3743 8911
f 8911 3743 3745
f 9027 8911 3745
f 8912 8911 9027
f 9027 3747 3748
f 8913 9027 3748
f 8912 9027 8913
f 8913 3748 3749
f 8913 3749 8914
f 8914 3749 3751
f 8914 3751 8915
f 8915 3751 3753
f 8915 3753 8916
f 8916 3753 3681
f 3757 8917 3685
f 8917 3757 3759
f 8917 3759 8918
f 8918 3759 3687
f 3763 8919 3691
f 8919 3763 3693
f 3769 8920 3701
f 8920 3769 3703
f 3779 8921 3719
f 8921 3779 3781
f 8921 3781 8922
f 8922 3781 3721
f 3786 8923 3727
f 8923 3786 3788
f 8923 3788 8924
f 8924 3788 3790
f 8924 3790 8925
f 8925 3790 3792
f 8925 3792 8926
f 8926 3792 3794
f 8926 3794 8927
f 8927 3794 3796
f 8927 3796 8928
f 8928 3796 3798
f 8928 3798 8929
f 8929 3798 3800
f 8929 3800 8930
f 8930 3800 3802
f 8930 3802 8931
f 8931 3802 3804
f 9028 8931 3804
f 8932 8931 9028
f 9028 3806 3807
f 8933 9028 3807
f 8932 9028 8933
f 8933 3807 3808
f 8933 3808 8934
f 8934 3808 3810
f 8934 3810 8935
f 8935 3810 3812
f 9029 8935 3812
f 8936 8935 9029
f 8936 9030 8938
f 8936 9029 9030
f 8938 9031 8940
f 8938 9030 9031
f 8940 9032 8942
f 8940 9031 9032
f 8942 9033 8944
f 8942 9032 9033
f 9033 3814 3815
f 8945 9033 3815
f 8944 9033 8945
f 8945 3815 3816
f 8945 3816 8946
f 8946 3816 3818
f 8946 3818 8947
f 8947 3818 3820
f 8947 3820 8948
f 8948 3820 3822
f 9034 8948 3822
f 8950 8948 9034
f 8951 8950 9035
f 8950 9036 9035
f 8950 9034 9036
f 9038 9037 9036
f 9036 9037 9035
f 9040 9039 9038
f 9038 9039 9037
f 9042 9041 9040
f 9040 9041 9039
f 9044 9043 9042
f 9042 9043 9041
f 9043 9044 8953
f 9044 8952 8953
f 9044 9045 8952
f 8952 9046 8956
f 8952 9045 9046
f 8957 8956 9047
f 8956 9048 9047
f 8956 9046 9048
f 9050 9049 9048
f 9048 9049 9047
f 9052 9051 9050
f 9050 9051 9049
f 9051 9052 8959
f 9052 8958 8959
f 9052 9053 8958
f 8958 9054 8962
f 8958 9053 9054
f 8962 9055 8964
f 8962 9054 9055
f 8964 9056 8966
f 8964 9055 9056
f 8967 8966 9057
f 8966 9058 9057
f 8966 9056 9058
f 9060 9059 9058
f 9058 9059 9057
f 9062 9061 9060
f 9060 9061 9059
f 9064 9063 9062
f 9062 9063 9061
f 9066 9065 9064
f 9064 9065 9063
f 9068 9067 9066
f 9066 9067 9065
f 9067 9068 8969
f 9068 8968 8969
f 9068 9069 8968
f 8968 9070 8972
f 8968 9069 9070
f 8973 8972 9071
f 8972 9072 9071
f 8972 9070 9072
f 9074 9073 9072
f 9072 9073 9071
f 9076 9075 9074
f 9074 9075 9073
f 9078 9077 9076
f 9076 9077 9075
f 9080 9079 9078
f 9078 9079 9077
f 9082 9081 9080
f 9080 9081 9079
f 9084 9083 9082
f 9082 9083 9081
f 9086 9085 9084
f 9084 9085 9083
f 9088 9087 9086
f 9086 9087 9085
f 9088 9089 9087
f 9092 9091 9090
f 9094 9093 9090
f 9090 9093 9092
f 9096 9095 9094
f 9094 9095 9093
f 9098 9097 9096
f 9096 9097 9095
f 9100 9099 9098
f 9098 9099 9097
f 9102 9101 9100
f 9100 9101 9099
f 9104 9103 9102
f 9102 9103 9101
f 9106 9105 9104
f 9104 9105 9103
f 9108 9107 9106
f 9106 9107 9105
f 9107 9108 8975
f 9108 8974 8975
f 9108 9109 8974
f 8974 9110 8978
f 8974 9109 9110
f 8979 8978 9111
f 8978 9112 9111
f 8978 9110 9112
f 9112 9113 9111
f 9116 9115 9114
f 9118 9117 9114
f 9114 9117 9116
f 9120 9119 9118
f 9118 9119 9117
f 9122 9121 9120
f 9120 9121 9119
f 9121 9122 8981
f 9122 8980 8981
f 9122 9123 8980
f 8980 9124 8984
f 8980 9123 9124
f 8985 8984 9125
f 8984 9126 9125
f 8984 9124 9126
f 9128 9127 9126
f 9126 9127 9125
f 9130 9129 9128
f 9128 9129 9127
f 9132 9131 9130
f 9130 9131 9129
f 9134 9133 9132
f 9132 9133 9131
f 9133 9134 8987
f 9134 8986 8987
f 9134 9135 8986
f 8986 9136 8990
f 8986 9135 9136
f 8991 8990 9137
f 8990 9138 9137
f 8990 9136 9138
f 9138 9139 9137
f 9142 9141 9140
f 9140 9143 9142
f 9146 9145 9144
f 9148 9147 9144
f 9144 9147 9146
f 9150 9149 9148
f 9148 9149 9147
f 9152 9151 9150
f 9150 9151 9149
f 9154 9153 9152
f 9152 9153 9151
f 9156 9155 9154
f 9154 9155 9153
f 9158 9157 9156
f 9156 9157 9155
f 9158 9159 9157
f 9162 9161 9160
f 9164 9163 9160
f 9160 9163 9162
f 9166 9165 9164
f 9164 9165 9163
f 9166 9167 9165
f 9170 9169 9168
f 9172 9171 9168
f 9168 9171 9170
f 9174 9173 9172
f 9172 9173 9171
f 9176 9175 9174
f 9174 9175 9173
f 9176 9177 9175
f 9180 9179 9178
f 9182 9181 9178
f 9178 9181 9180
f 9184 9183 9182
f 9182 9183 9181
f 9183 9184 8993
f 9184 8992 8993
f 9184 9185 8992
f 8995 8992 9186
f 8992 9187 9186
f 8992 9185 9187
f 9189 9188 9187
f 9187 9188 9186
f 9191 9190 9189
f 9189 9190 9188
f 8996 9192 8998
f 8996 9193 9192
f 8998 9194 9001
f 8998 9192 9194
f 9194 3824 3825
f 9003 9194 3825
f 9001 9194 9003
f 9003 3825 3826
f 9195 9003 3826
f 9005 9003 9195
f 9005 9196 9007
f 9005 9195 9196
f 9007 9197 9009
f 9007 9196 9197
f 9009 9198 9011
f 9009 9197 9198
f 9011 9199 9013
f 9011 9198 9199
f 9013 9200 9015
f 9013 9199 9200
f 9015 9201 9017
f 9015 9200 9201
f 9201 3828 3829
f 9018 9201 3829
f 9017 9201 9018
f 9018 3829 3830
f 9018 3830 9019
f 9019 3830 3832
f 9019 3832 9020
f 9020 3832 3834
f 9020 3834 9021
f 9021 3834 3836
f 9021 3836 9022
f 9022 3836 3838
f 9022 3838 9023
f 9023 3838 3840
f 9023 3840 9024
f 9024 3840 3842
f 9024 3842 9025
f 9025 3842 3844
f 9025 3844 9026
f 9026 3844 3729
f 3854 9027 3745
f 9027 3854 3747
f 3894 9028 3804
f 9028 3894 3806
f 3899 9029 3812
f 9029 3899 3901
f 9029 3901 9030
f 9030 3901 3903
f 9030 3903 9031
f 9031 3903 3905
f 9202 9031 3905
f 9032 9031 9202
f 9202 3907 3908
f 9033 9202 3908
f 9032 9202 9033
f 9033 3908 3814
f 3913 9034 3822
f 9034 3913 3915
f 9203 9034 3915
f 9036 9034 9203
f 9036 9204 9038
f 9036 9203 9204
f 9038 9205 9040
f 9038 9204 9205
f 9040 9206 9042
f 9040 9205 9206
f 9042 9207 9044
f 9042 9206 9207
f 9207 3917 3918
f 9045 9207 3918
f 9044 9207 9045
f 9045 3918 3919
f 9045 3919 9046
f 9046 3919 3921
f 9208 9046 3921
f 9048 9046 9208
f 9048 9209 9050
f 9048 9208 9209
f 9050 9210 9052
f 9050 9209 9210
f 9052 9211 9053
f 9052 9210 9211
f 9053 9212 9054
f 9053 9211 9212
f 9054 9213 9055
f 9054 9212 9213
f 9055 9214 9056
f 9055 9213 9214
f 9056 9215 9058
f 9056 9214 9215
f 9058 9216 9060
f 9058 9215 9216
f 9060 9217 9062
f 9060 9216 9217
f 9062 9218 9064
f 9062 9217 9218
f 9064 9219 9066
f 9064 9218 9219
f 9066 9220 9068
f 9066 9219 9220
f 9068 9221 9069
f 9068 9220 9221
f 9069 9222 9070
f 9069 9221 9222
f 9070 9223 9072
f 9070 9222 9223
f 9072 9224 9074
f 9072 9223 9224
f 9074 9225 9076
f 9074 9224 9225
f 9076 9226 9078
f 9076 9225 9226
f 9078 9227 9080
f 9078 9226 9227
f 9080 9228 9082
f 9080 9227 9228
f 9082 9229 9084
f 9082 9228 9229
f 9084 9230 9086
f 9084 9229 9230
f 9086 9231 9088
f 9086 9230 9231
f 9089 9088 9232
f 9088 9233 9232
f 9088 9231 9233
f 9235 9234 9233
f 9233 9234 9232
f 9234 9235 9091
f 9235 9090 9091
f 9235 9236 9090
f 9090 9237 9094
f 9090 9236 9237
f 9094 9238 9096
f 9094 9237 9238
f 9096 9239 9098
f 9096 9238 9239
f 9098 9240 9100
f 9098 9239 9240
f 9100 9241 9102
f 9100 9240 9241
f 9102 9242 9104
f 9102 9241 9242
f 9104 9243 9106
f 9104 9242 9243
f 9106 9244 9108
f 9106 9243 9244
f 9108 9245 9109
f 9108 9244 9245
f 9109 9246 9110
f 9109 9245 9246
f 9110 9247 9112
f 9110 9246 9247
f 9113 9112 9248
f 9112 9249 9248
f 9112 9247 9249
f 9248 9249 9115
f 9249 9114 9115
f 9249 9250 9114
f 9114 9251 9118
f 9114 9250 9251
f 9118 9252 9120
f 9118 9251 9252
f 9120 9253 9122
f 9120 9252 9253
f 9122 9254 9123
f 9122 9253 9254
f 9123 9255 9124
f 9123 9254 9255
f 9124 9256 9126
f 9124 9255 9256
f 9126 9257 9128
f 9126 9256 9257
f 9128 9258 9130
f 9128 9257 9258
f 9130 9259 9132
f 9130 9258 9259
f 9132 9260 9134
f 9132 9259 9260
f 9134 9261 9135
f 9134 9260 9261
f 9135 9262 9136
f 9135 9261 9262
f 9136 9263 9138
f 9136 9262 9263
f 9139 9138 9264
f 9138 9265 9264
f 9138 9263 9265
f 9264 9265 9141
f 9265 9140 9141
f 9265 9266 9140
f 9143 9140 9267
f 9140 9268 9267
f 9140 9266 9268
f 9270 9269 9268
f 9268 9269 9267
f 9269 9270 9145
f 9270 9144 9145
f 9270 9271 9144
f 9144 9272 9148
f 9144 9271 9272
f 9148 9273 9150
f 9148 9272 9273
f 9150 9274 9152
f 9150 9273 9274
f 9152 9275 9154
f 9152 9274 9275
f 9154 9276 9156
f 9154 9275 9276
f 9156 9277 9158
f 9156 9276 9277
f 9159 9158 9278
f 9158 9279 9278
f 9158 9277 9279
f 9278 9279 9161
f 9279 9160 9161
f 9279 9280 9160
f 9160 9281 9164
f 9160 9280 9281
f 9164 9282 9166
f 9164 9281 9282
f 9167 9166 9283
f 9166 9284 9283
f 9166 9282 9284
f 9284 9285 9283
f 9288 9287 9286
f 9290 9289 9286
f 9286 9289 9288
f 9292 9291 9290
f 9290 9291 9289
f 9294 9293 9292
f 9292 9293 9291
f 9296 9295 9294
f 9294 9295 9293
f 9298 9297 9296
f 9296 9297 9295
f 9300 9299 9298
f 9298 9299 9297
f 9302 9301 9300
f 9300 9301 9299
f 9301 9302 9169
f 9302 9168 9169
f 9302 9303 9168
f 9168 9304 9172
f 9168 9303 9304
f 9172 9305 9174
f 9172 9304 9305
f 9174 9306 9176
f 9174 9305 9306
f 9177 9176 9307
f 9176 9308 9307
f 9176 9306 9308
f 9310 9309 9308
f 9308 9309 9307
f 9312 9311 9310
f 9310 9311 9309
f 9311 9312 9179
f 9312 9178 9179
f 9312 9313 9178
f 9178 9314 9182
f 9178 9313 9314
f 9182 9315 9184
f 9182 9314 9315
f 9184 9316 9185
f 9184 9315 9316
f 9185 9317 9187
f 9185 9316 9317
f 9187 9318 9189
f 9187 9317 9318
f 9189 9319 9191
f 9189 9318 9319
f 9193 9320 9192
f 9193 9321 9320
f 9192 9322 9194
f 9192 9320 9322
f 9323 3922 3824
f 9194 9323 3824
f 9322 9323 9194
f 9195 3826 3922
f 9323 9195 3922
f 9324 9195 9323
f 9195 9325 9196
f 9195 9324 9325
f 9196 9326 9197
f 9196 9325 9326
f 9197 9327 9198
f 9197 9326 9327
f 9198 9328 9199
f 9198 9327 9328
f 9199 9329 9200
f 9199 9328 9329
f 9200 9330 9201
f 9200 9329 9330
f 9331 3923 3828
f 9201 9331 3828
f 9330 9331 9201
f 9332 3924 3923
f 9332 3923 9331
f 9333 3925 3924
f 9333 3924 9332
f 9334 3926 3925
f 9334 3925 9333
f 9335 3927 3926
f 9335 3926 9334
f 9335 3929 3927
f 3930 9336 3931
f 9337 3932 3931
f 9337 3931 9336
f 9338 3933 3932
f 9338 3932 9337
f 9338 3935 3933
f 3944 9339 3945
f 9339 3947 3945
f 3979 9340 3980
f 9340 3982 3980
f 3986 9341 3987
f 9342 3988 3987
f 9342 3987 9341
f 9342 3990 3988
f 3993 9343 3994
f 9344 3995 3994
f 9344 3994 9343
f 9344 3905 3995
f 9344 9202 3905
f 9344 3998 3996
f 9202 9344 3996
f 9202 3996 3907
f 4004 9345 4005
f 9203 3915 4005
f 9345 9203 4005
f 9346 9203 9345
f 9203 9347 9204
f 9203 9346 9347
f 9204 9348 9205
f 9204 9347 9348
f 9205 9349 9206
f 9205 9348 9349
f 9206 9350 9207
f 9206 9349 9350
f 9350 4007 3917
f 9350 3917 9207
f 4009 9208 3921
f 9208 4009 4011
f 9351 9208 4011
f 9209 9208 9351
f 9209 9352 9210
f 9209 9351 9352
f 9210 9353 9211
f 9210 9352 9353
f 9211 9354 9212
f 9211 9353 9354
f 9212 9355 9213
f 9212 9354 9355
f 9213 9356 9214
f 9213 9355 9356
f 9214 9357 9215
f 9214 9356 9357
f 9215 9358 9216
f 9215 9357 9358
f 9216 9359 9217
f 9216 9358 9359
f 9217 9360 9218
f 9217 9359 9360
f 9218 9361 9219
f 9218 9360 9361
f 9219 9362 9220
f 9219 9361 9362
f 9220 9363 9221
f 9220 9362 9363
f 9363 4013 4014
f 9222 9363 4014
f 9221 9363 9222
f 9222 4014 4015
f 9364 9222 4015
f 9223 9222 9364
f 9223 9365 9224
f 9223 9364 9365
f 9224 9366 9225
f 9224 9365 9366
f 9225 9367 9226
f 9225 9366 9367
f 9226 9368 9227
f 9226 9367 9368
f 9227 9369 9228
f 9227 9368 9369
f 9228 9370 9229
f 9228 9369 9370
f 9229 9371 9230
f 9229 9370 9371
f 9230 9372 9231
f 9230 9371 9372
f 9231 9373 9233
f 9231 9372 9373
f 9233 9374 9235
f 9233 9373 9374
f 9235 9375 9236
f 9235 9374 9375
f 9236 9376 9237
f 9236 9375 9376
f 9237 9377 9238
f 9237 9376 9377
f 9238 9378 9239
f 9238 9377 9378
f 9239 9379 9240
f 9239 9378 9379
f 9240 9380 9241
f 9240 9379 9380
f 9241 9381 9242
f 9241 9380 9381
f 9242 9382 9243
f 9242 9381 9382
f 9243 9383 9244
f 9243 9382 9383
f 9244 9384 9245
f 9244 9383 9384
f 9245 9385 9246
f 9245 9384 9385
f 9246 9386 9247
f 9246 9385 9386
f 9247 9387 9249
f 9247 9386 9387
f 9249 9388 9250
f 9249 9387 9388
f 9250 9389 9251
f 9250 9388 9389
f 9251 9390 9252
f 9251 9389 9390
f 9252 9391 9253
f 9252 9390 9391
f 9391 4017 4018
f 9254 9391 4018
f 9253 9391 9254
f 9254 4018 4019
f 9392 9254 4019
f 9255 9254 9392
f 9255 9393 9256
f 9255 9392 9393
f 9256 9394 9257
f 9256 9393 9394
f 9257 9395 9258
f 9257 9394 9395
f 9258 9396 9259
f 9258 9395 9396
f 9259 9397 9260
f 9259 9396 9397
f 9260 9398 9261
f 9260 9397 9398
f 9261 9399 9262
f 9261 9398 9399
f 9262 9400 9263
f 9262 9399 9400
f 9263 9401 9265
f 9263 9400 9401
f 9265 9402 9266
f 9265 9401 9402
f 9266 9403 9268
f 9266 9402 9403
f 9268 9404 9270
f 9268 9403 9404
f 9270 9405 9271
f 9270 9404 9405
f 9271 9406 9272
f 9271 9405 9406
f 9272 9407 9273
f 9272 9406 9407
f 9273 9408 9274
f 9273 9407 9408
f 9274 9409 9275
f 9274 9408 9409
f 9275 9410 9276
f 9275 9409 9410
f 9276 9411 9277
f 9276 9410 9411
f 9277 9412 9279
f 9277 9411 9412
f 9279 9413 9280
f 9279 9412 9413
f 9280 9414 9281
f 9280 9413 9414
f 9281 9415 9282
f 9281 9414 9415
f 9282 9416 9284
f 9282 9415 9416
f 9285 9284 9417
f 9417 9284 9416
f 9286 9287 9418
f 9418 9287 9419
f 9286 9420 9290
f 9286 9418 9420
f 9290 9421 9292
f 9290 9420 9421
f 9292 9422 9294
f 9292 9421 9422
f 9294 9423 9296
f 9294 9422 9423
f 9296 9424 9298
f 9296 9423 9424
f 9298 9425 9300
f 9298 9424 9425
f 9300 9426 9302
f 9300 9425 9426
f 9302 9427 9303
f 9302 9426 9427
f 9303 9428 9304
f 9303 9427 9428
f 9304 9429 9305
f 9304 9428 9429
f 9305 9430 9306
f 9305 9429 9430
f 9306 9431 9308
f 9306 9430 9431
f 9433 9310 9432
f 9310 9431 9432
f 9310 9308 9431
f 9435 9434 9433
f 9434 9310 9433
f 9434 9312 9310
f 9312 9436 9313
f 9312 9434 9436
f 9313 9437 9314
f 9313 9436 9437
f 9314 9438 9315
f 9314 9437 9438
f 9315 9439 9316
f 9315 9438 9439
f 9316 9440 9317
f 9316 9439 9440
f 9317 9441 9318
f 9317 9440 9441
f 9318 9442 9319
f 9318 9441 9442
f 9321 9443 9320
f 9321 9444 9443
f 9320 9445 9322
f 9320 9443 9445
f 9322 9446 9323
f 9322 9445 9446
f 9323 9447 9324
f 9323 9446 9447
f 9324 9448 9325
f 9324 9447 9448
f 9325 9449 9326
f 9325 9448 9449
f 9326 9450 9327
f 9326 9449 9450
f 9327 9451 9328
f 9327 9450 9451
f 9328 9452 9329
f 9328 9451 9452
f 9329 9453 9330
f 9329 9452 9453
f 9330 9454 9331
f 9330 9453 9454
f 9331 9455 9332
f 9331 9454 9455
f 9332 9456 9333
f 9332 9455 9456
f 9333 9457 9334
f 9333 9456 9457
f 9334 9458 9335
f 9334 9457 9458
f 9459 4020 3929
f 9335 9459 3929
f 9458 9459 9335
f 9336 3930 4020
f 9459 9336 4020
f 9460 9336 9459
f 9336 9461 9337
f 9336 9460 9461
f 9337 9462 9338
f 9337 9461 9462
f 9463 4021 3935
f 9338 9463 3935
f 9462 9463 9338
f 9463 4023 4021
f 4025 9464 4026
f 9465 4027 4026
f 9465 4026 9464
f 9465 4029 4027
f 4032 9466 4033
f 9339 3944 4033
f 9466 9339 4033
f 9467 9339 9466
f 9467 4035 3947
f 9467 3947 9339
f 4066 9468 4067
f 9340 3979 4067
f 9468 9340 4067
f 9469 9340 9468
f 9470 4068 3982
f 9340 9470 3982
f 9469 9470 9340
f 9470 4070 4068
f 4072 9471 4073
f 9341 3986 4073
f 9471 9341 4073
f 9472 9341 9471
f 9341 9473 9342
f 9341 9472 9473
f 9473 4075 3990
f 9473 3990 9342
f 4077 9474 4078
f 9343 3993 4078
f 9474 9343 4078
f 9475 9343 9474
f 9343 9476 9344
f 9343 9475 9476
f 9477 4079 3998
f 9344 9477 3998
f 9476 9477 9344
f 9477 4081 4079
f 4086 9478 9345
f 4086 9345 4004
f 9345 9479 9346
f 9345 9478 9479
f 9346 9480 9347
f 9346 9479 9480
f 9347 9481 9348
f 9347 9480 9481
f 9348 9482 9349
f 9348 9481 9482
f 9349 9483 9350
f 9349 9482 9483
f 9483 4088 4007
f 9483 4007 9350
f 4091 9484 9351
f 4091 9351 4011
f 9351 9485 9352
f 9351 9484 9485
f 9352 9486 9353
f 9352 9485 9486
f 9353 9487 9354
f 9353 9486 9487
f 9487 4093 4094
f 9355 9487 4094
f 9354 9487 9355
f 9355 4094 4095
f 9355 4095 9356
f 9356 4095 4097
f 9488 9356 4097
f 9357 9356 9488
f 9357 9489 9358
f 9357 9488 9489
f 9358 9490 9359
f 9358 9489 9490
f 9359 9491 9360
f 9359 9490 9491
f 9360 9492 9361
f 9360 9491 9492
f 9361 9493 9362
f 9361 9492 9493
f 9493 4099 4100
f 9363 9493 4100
f 9362 9493 9363
f 9363 4100 4013
f 4102 9364 4015
f 9364 4102 4104
f 9494 9364 4104
f 9365 9364 9494
f 9365 9495 9366
f 9365 9494 9495
f 9366 9496 9367
f 9366 9495 9496
f 9367 9497 9368
f 9367 9496 9497
f 9368 9498 9369
f 9368 9497 9498
f 9369 9499 9370
f 9369 9498 9499
f 9370 9500 9371
f 9370 9499 9500
f 9371 9501 9372
f 9371 9500 9501
f 9372 9502 9373
f 9372 9501 9502
f 9373 9503 9374
f 9373 9502 9503
f 9374 9504 9375
f 9374 9503 9504
f 9375 9505 9376
f 9375 9504 9505
f 9376 9506 9377
f 9376 9505 9506
f 9377 9507 9378
f 9377 9506 9507
f 9378 9508 9379
f 9378 9507 9508
f 9379 9509 9380
f 9379 9508 9509
f 9380 9510 9381
f 9380 9509 9510
f 9381 9511 9382
f 9381 9510 9511
f 9382 9512 9383
f 9382 9511 9512
f 9383 9513 9384
f 9383 9512 9513
f 9513 4106 4107
f 9385 9513 4107
f 9384 9513 9385
f 9385 4107 4108
f 9514 9385 4108
f 9386 9385 9514
f 9386 9515 9387
f 9386 9514 9515
f 9387 9516 9388
f 9387 9515 9516
f 9388 9517 9389
f 9388 9516 9517
f 9389 9518 9390
f 9389 9517 9518
f 9390 9519 9391
f 9390 9518 9519
f 9519 4110 4017
f 9519 4017 9391
f 4111 9520 9392
f 4111 9392 4019
f 9392 9521 9393
f 9392 9520 9521
f 9393 9522 9394
f 9393 9521 9522
f 9394 9523 9395
f 9394 9522 9523
f 9395 9524 9396
f 9395 9523 9524
f 9396 9525 9397
f 9396 9524 9525
f 9525 4113 4114
f 9398 9525 4114
f 9397 9525 9398
f 9398 4114 4115
f 9398 4115 9399
f 9399 4115 4117
f 9526 9399 4117
f 9400 9399 9526
f 9400 9527 9401
f 9400 9526 9527
f 9401 9528 9402
f 9401 9527 9528
f 9402 9529 9403
f 9402 9528 9529
f 9403 9530 9404
f 9403 9529 9530
f 9404 9531 9405
f 9404 9530 9531
f 9405 9532 9406
f 9405 9531 9532
f 9406 9533 9407
f 9406 9532 9533
f 9407 9534 9408
f 9407 9533 9534
f 9408 9535 9409
f 9408 9534 9535
f 9409 9536 9410
f 9409 9535 9536
f 9410 9537 9411
f 9410 9536 9537
f 9411 9538 9412
f 9411 9537 9538
f 9412 9539 9413
f 9412 9538 9539
f 9413 9540 9414
f 9413 9539 9540
f 9414 9541 9415
f 9414 9540 9541
f 9415 9542 9416
f 9415 9541 9542
f 9417 9416 9543
f 9416 9544 9543
f 9416 9542 9544
f 9546 9545 9544
f 9544 9545 9543
f 9545 9546 9419
f 9546 9418 9419
f 9546 9547 9418
f 9418 9548 9420
f 9418 9547 9548
f 9420 9549 9421
f 9420 9548 9549
f 9421 9550 9422
f 9421 9549 9550
f 9422 9551 9423
f 9422 9550 9551
f 9423 9552 9424
f 9423 9551 9552
f 9424 9553 9425
f 9424 9552 9553
f 9425 9554 9426
f 9425 9553 9554
f 9426 9555 9427
f 9426 9554 9555
f 9427 9556 9428
f 9427 9555 9556
f 9428 9557 9429
f 9428 9556 9557
f 9429 9558 9430
f 9429 9557 9558
f 9430 9559 9431
f 9430 9558 9559
f 9432 9431 9560
f 9431 9561 9560
f 9431 9559 9561
f 9560 9561 9435
f 9561 9434 9435
f 9561 9562 9434
f 9434 9563 9436
f 9434 9562 9563
f 9436 9564 9437
f 9436 9563 9564
f 9437 9565 9438
f 9437 9564 9565
f 9438 9566 9439
f 9438 9565 9566
f 9439 9567 9440
f 9439 9566 9567
f 9440 9568 9441
f 9440 9567 9568
f 9441 9569 9442
f 9441 9568 9569
f 9444 9570 9443
f 9444 9571 9570
f 9570 4119 4120
f 9445 9570 4120
f 9443 9570 9445
f 9445 4120 4121
f 9445 4121 9446
f 9446 4121 4123
f 9446 4123 9447
f 9447 4123 4125
f 9572 9447 4125
f 9448 9447 9572
f 9448 9573 9449
f 9448 9572 9573
f 9449 9574 9450
f 9449 9573 9574
f 9450 9575 9451
f 9450 9574 9575
f 9451 9576 9452
f 9451 9575 9576
f 9452 9577 9453
f 9452 9576 9577
f 9577 4127 4128
f 9454 9577 4128
f 9453 9577 9454
f 9454 4128 4129
f 9578 9454 4129
f 9455 9454 9578
f 9455 9579 9456
f 9455 9578 9579
f 9456 9580 9457
f 9456 9579 9580
f 9457 9581 9458
f 9457 9580 9581
f 9581 4131 4132
f 9459 9581 4132
f 9458 9581 9459
f 9459 4132 4133
f 9582 9459 4133
f 9460 9459 9582
f 9460 9583 9461
f 9460 9582 9583
f 9461 9584 9462
f 9461 9583 9584
f 9584 4135 4136
f 9463 9584 4136
f 9462 9584 9463
f 9463 4136 4023
f 4139 9464 4025
f 9464 4139 4141
f 9464 4141 9465
f 9465 4141 4029
f 4146 9585 9466
f 4146 9466 4032
f 9585 4148 4149
f 9467 9585 4149
f 9466 9585 9467
f 9467 4149 4035
f 4181 9468 4066
f 9468 4181 4183
f 9586 9468 4183
f 9469 9468 9586
f 9586 4185 4186
f 9470 9586 4186
f 9469 9586 9470
f 9470 4186 4070
f 4189 9587 9471
f 4189 9471 4072
f 9471 9588 9472
f 9471 9587 9588
f 9472 9589 9473
f 9472 9588 9589
f 9589 4191 4075
f 9589 4075 9473
f 4193 9474 4077
f 9474 4193 4195
f 9590 9474 4195
f 9475 9474 9590
f 9475 9591 9476
f 9475 9590 9591
f 9476 9592 9477
f 9476 9591 9592
f 9592 4197 4081
f 9592 4081 9477
f 4202 9478 4086
f 9478 4202 4204
f 9593 9478 4204
f 9479 9478 9593
f 9479 9594 9480
f 9479 9593 9594
f 9480 9595 9481
f 9480 9594 9595
f 9481 9596 9482
f 9481 9595 9596
f 9596 4206 4207
f 9483 9596 4207
f 9482 9596 9483
f 9483 4207 4088
f 4211 9484 4091
f 9484 4211 4213
f 9484 4213 9485
f 9485 4213 4215
f 9597 9485 4215
f 9486 9485 9597
f 9486 9598 9487
f 9486 9597 9598
f 9598 4217 4093
f 9598 4093 9487
f 4219 9488 4097
f 9488 4219 4221
f 9599 9488 4221
f 9489 9488 9599
f 9489 9600 9490
f 9489 9599 9600
f 9490 9601 9491
f 9490 9600 9601
f 9491 9602 9492
f 9491 9601 9602
f 9492 9603 9493
f 9492 9602 9603
f 9603 4223 4099
f 9603 4099 9493
f 4226 9494 4104
f 9494 4226 4228
f 9494 4228 9495
f 9495 4228 4230
f 9604 9495 4230
f 9496 9495 9604
f 9496 9605 9497
f 9496 9604 9605
f 9497 9606 9498
f 9497 9605 9606
f 9498 9607 9499
f 9498 9606 9607
f 9499 9608 9500
f 9499 9607 9608
f 9500 9609 9501
f 9500 9608 9609
f 9501 9610 9502
f 9501 9609 9610
f 9502 9611 9503
f 9502 9610 9611
f 9503 9612 9504
f 9503 9611 9612
f 9504 9613 9505
f 9504 9612 9613
f 9505 9614 9506
f 9505 9613 9614
f 9506 9615 9507
f 9506 9614 9615
f 9507 9616 9508
f 9507 9615 9616
f 9508 9617 9509
f 9508 9616 9617
f 9509 9618 9510
f 9509 9617 9618
f 9510 9619 9511
f 9510 9618 9619
f 9511 9620 9512
f 9511 9619 9620
f 9620 4232 4233
f 9513 9620 4233
f 9512 9620 9513
f 9513 4233 4106
f 4235 9621 9514
f 4235 9514 4108
f 9514 9622 9515
f 9514 9621 9622
f 9515 9623 9516
f 9515 9622 9623
f 9516 9624 9517
f 9516 9623 9624
f 9517 9625 9518
f 9517 9624 9625
f 9518 9626 9519
f 9518 9625 9626
f 9626 4237 4110
f 9626 4110 9519
f 4238 9520 4111
f 9520 4238 4240
f 9627 9520 4240
f 9521 9520 9627
f 9521 9628 9522
f 9521 9627 9628
f 9522 9629 9523
f 9522 9628 9629
f 9523 9630 9524
f 9523 9629 9630
f 9524 9631 9525
f 9524 9630 9631
f 9631 4242 4113
f 9631 4113 9525
f 4244 9632 9526
f 4244 9526 4117
f 9526 9633 9527
f 9526 9632 9633
f 9527 9634 9528
f 9527 9633 9634
f 9528 9635 9529
f 9528 9634 9635
f 9529 9636 9530
f 9529 9635 9636
f 9530 9637 9531
f 9530 9636 9637
f 9531 9638 9532
f 9531 9637 9638
f 9532 9639 9533
f 9532 9638 9639
f 9533 9640 9534
f 9533 9639 9640
f 9534 9641 9535
f 9534 9640 9641
f 9535 9642 9536
f 9535 9641 9642
f 9536 9643 9537
f 9536 9642 9643
f 9537 9644 9538
f 9537 9643 9644
f 9538 9645 9539
f 9538 9644 9645
f 9539 9646 9540
f 9539 9645 9646
f 9540 9647 9541
f 9540 9646 9647
f 9541 9648 9542
f 9541 9647 9648
f 9542 9649 9544
f 9542 9648 9649
f 9544 9650 9546
f 9544 9649 9650
f 9546 9651 9547
f 9546 9650 9651
f 9547 9652 9548
f 9547 9651 9652
f 9548 9653 9549
f 9548 9652 9653
f 9549 9654 9550
f 9549 9653 9654
f 9550 9655 9551
f 9550 9654 9655
f 9551 9656 9552
f 9551 9655 9656
f 9552 9657 9553
f 9552 9656 9657
f 9553 9658 9554
f 9553 9657 9658
f 9554 9659 9555
f 9554 9658 9659
f 9555 9660 9556
f 9555 9659 9660
f 9556 9661 9557
f 9556 9660 9661
f 9557 9662 9558
f 9557 9661 9662
f 9558 9663 9559
f 9558 9662 9663
f 9559 9664 9561
f 9559 9663 9664
f 9561 9665 9562
f 9561 9664 9665
f 9562 9666 9563
f 9562 9665 9666
f 9563 9667 9564
f 9563 9666 9667
f 9667 4246 4247
f 9565 9667 4247
f 9564 9667 9565
f 9565 4247 4248
f 9565 4248 9566
f 9566 4248 4250
f 9668 9566 4250
f 9567 9566 9668
f 9567 9669 9568
f 9567 9668 9669
f 9568 9670 9569
f 9568 9669 9670
f 9571 4254 4252
f 9571 4252 9570
f 9570 4252 4119
f 4258 9572 4125
f 9572 4258 4260
f 9572 4260 9573
f 9573 4260 4262
f 9573 4262 9574
f 9574 4262 4264
f 9574 4264 9575
f 9575 4264 4266
f 9575 4266 9576
f 9576 4266 4268
f 9576 4268 9577
f 9577 4268 4127
f 4271 9578 4129
f 9578 4271 4273
f 9578 4273 9579
f 9579 4273 4275
f 9579 4275 9580
f 9580 4275 4277
f 9580 4277 9581
f 9581 4277 4131
f 4280 9582 4133
f 9582 4280 4282
f 9582 4282 9583
f 9583 4282 4284
f 9583 4284 9584
f 9584 4284 4135
f 4294 9585 4146
f 9585 4294 4148
f 4329 9586 4183
f 9586 4329 4185
f 4334 9587 4189
f 9587 4334 4336
f 9587 4336 9588
f 9588 4336 4338
f 9588 4338 9589
f 9589 4338 4191
f 4343 9590 4195
f 9590 4343 4345
f 9590 4345 9591
f 9591 4345 4347
f 9591 4347 9592
f 9592 4347 4197
f 4355 9593 4204
f 9593 4355 4357
f 9671 9593 4357
f 9594 9593 9671
f 9671 4359 4360
f 9595 9671 4360
f 9594 9671 9595
f 9595 4360 4361
f 9595 4361 9596
f 9596 4361 4206
f 4369 9597 4215
f 9597 4369 4371
f 9597 4371 9598
f 9598 4371 4217
f 4376 9672 9599
f 4376 9599 4221
f 9599 9673 9600
f 9599 9672 9673
f 9600 9674 9601
f 9600 9673 9674
f 9601 9675 9602
f 9601 9674 9675
f 9675 4378 4379
f 9603 9675 4379
f 9602 9675 9603
f 9603 4379 4223
f 4385 9676 9604
f 4385 9604 4230
f 9604 9677 9605
f 9604 9676 9677
f 9605 9678 9606
f 9605 9677 9678
f 9678 4387 4388
f 9607 9678 4388
f 9606 9678 9607
f 9607 4388 4389
f 9607 4389 9608
f 9608 4389 4391
f 9679 9608 4391
f 9609 9608 9679
f 9609 9680 9610
f 9609 9679 9680
f 9610 9681 9611
f 9610 9680 9681
f 9611 9682 9612
f 9611 9681 9682
f 9682 4393 4394
f 9613 9682 4394
f 9612 9682 9613
f 9613 4394 4395
f 9613 4395 9614
f 9614 4395 4397
f 9683 9614 4397
f 9615 9614 9683
f 9615 9684 9616
f 9615 9683 9684
f 9684 4399 4400
f 9617 9684 4400
f 9616 9684 9617
f 9617 4400 4401
f 9617 4401 9618
f 9618 4401 4403
f 9618 4403 9619
f 9619 4403 4405
f 9619 4405 9620
f 9620 4405 4232
f 4409 9621 4235
f 9621 4409 4411
f 9685 9621 4411
f 9622 9621 9685
f 9685 4413 4414
f 9623 9685 4414
f 9622 9685 9623
f 9623 4414 4415
f 9623 4415 9624
f 9624 4415 4417
f 9624 4417 9625
f 9625 4417 4419
f 9625 4419 9626
f 9626 4419 4237
f 4423 9627 4240
f 9627 4423 4425
f 9627 4425 9628
f 9628 4425 4427
f 9628 4427 9629
f 9629 4427 4429
f 9629 4429 9630
f 9630 4429 4431
f 9630 4431 9631
f 9631 4431 4242
f 4435 9632 4244
f 9632 4435 4437
f 9632 4437 9633
f 9633 4437 4439
f 9633 4439 9634
f 9634 4439 4441
f 9686 9634 4441
f 9635 9634 9686
f 9635 9687 9636
f 9635 9686 9687
f 9687 4443 4444
f 9637 9687 4444
f 9636 9687 9637
f 9637 4444 4445
f 9637 4445 9638
f 9638 4445 4447
f 9638 4447 9639
f 9639 4447 4449
f 9639 4449 9640
f 9640 4449 4451
f 9640 4451 9641
f 9641 4451 4453
f 9641 4453 9642
f 9642 4453 4455
f 9688 9642 4455
f 9643 9642 9688
f 9643 9689 9644
f 9643 9688 9689
f 9644 9690 9645
f 9644 9689 9690
f 9690 4457 4458
f 9646 9690 4458
f 9645 9690 9646
f 9646 4458 4459
f 9646 4459 9647
f 9647 4459 4461
f 9691 9647 4461
f 9648 9647 9691
f 9648 9692 9649
f 9648 9691 9692
f 9649 9693 9650
f 9649 9692 9693
f 9650 9694 9651
f 9650 9693 9694
f 9694 4463 4464
f 9652 9694 4464
f 9651 9694 9652
f 9652 4464 4465
f 9652 4465 9653
f 9653 4465 4467
f 9695 9653 4467
f 9654 9653 9695
f 9654 9696 9655
f 9654 9695 9696
f 9655 9697 9656
f 9655 9696 9697
f 9697 4469 4470
f 9657 9697 4470
f 9656 9697 9657
f 9657 4470 4471
f 9657 4471 9658
f 9658 4471 4473
f 9698 9658 4473
f 9659 9658 9698
f 9698 4475 4476
f 9660 9698 4476
f 9659 9698 9660
f 9660 4476 4477
f 9660 4477 9661
f 9661 4477 4479
f 9661 4479 9662
f 9662 4479 4481
f 9699 9662 4481
f 9663 9662 9699
f 9663 9700 9664
f 9663 9699 9700
f 9664 9701 9665
f 9664 9700 9701
f 9665 9702 9666
f 9665 9701 9702
f 9702 4483 4484
f 9667 9702 4484
f 9666 9702 9667
f 9667 4484 4246
f 4487 9703 9668
f 4487 9668 4250
f 9668 9704 9669
f 9668 9703 9704
f 9704 4489 4490
f 9670 9704 4490
f 9669 9704 9670
f 4572 9705 4573
f 9671 4357 4573
f 9705 9671 4573
f 9706 9671 9705
f 9707 4574 4359
f 9671 9707 4359
f 9706 9707 9671
f 9708 4575 4574
f 9708 4574 9707
f 9708 4577 4575
f 4588 9709 9672
f 4588 9672 4376
f 9672 9710 9673
f 9672 9709 9710
f 9673 9711 9674
f 9673 9710 9711
f 9674 9712 9675
f 9674 9711 9712
f 9712 4590 4378
f 9712 4378 9675
f 4596 9676 4385
f 9676 4596 4598
f 9713 9676 4598
f 9677 9676 9713
f 9677 9714 9678
f 9677 9713 9714
f 9714 4600 4387
f 9714 4387 9678
f 4602 9715 9679
f 4602 9679 4391
f 9679 9716 9680
f 9679 9715 9716
f 9680 9717 9681
f 9680 9716 9717
f 9681 9718 9682
f 9681 9717 9718
f 9718 4604 4393
f 9718 4393 9682
f 4606 9719 9683
f 4606 9683 4397
f 9683 9720 9684
f 9683 9719 9720
f 9720 4608 4399
f 9720 4399 9684
f 4615 9721 9685
f 4615 9685 4411
f 9721 4617 4413
f 9721 4413 9685
f 4633 9722 9686
f 4633 9686 4441
f 9686 9723 9687
f 9686 9722 9723
f 9723 4635 4443
f 9723 4443 9687
f 4641 9724 9688
f 4641 9688 4455
f 9688 9725 9689
f 9688 9724 9725
f 9689 9726 9690
f 9689 9725 9726
f 9726 4643 4457
f 9726 4457 9690
f 4645 9727 9691
f 4645 9691 4461
f 9691 9728 9692
f 9691 9727 9728
f 9692 9729 9693
f 9692 9728 9729
f 9729 4647 4648
f 9694 9729 4648
f 9693 9729 9694
f 9694 4648 4463
f 4651 9730 9695
f 4651 9695 4467
f 9695 9731 9696
f 9695 9730 9731
f 9731 4653 4654
f 9697 9731 4654
f 9696 9731 9697
f 9697 4654 4469
f 4657 9698 4473
f 9698 4657 4475
f 4662 9699 4481
f 9699 4662 4664
f 9699 4664 9700
f 9700 4664 4666
f 9700 4666 9701
f 9701 4666 4668
f 9701 4668 9702
f 9702 4668 4483
f 4673 9703 4487
f 9703 4673 4675
f 9703 4675 9704
f 9704 4675 4489
f 4759 9705 4572
f 9705 4759 4761
f 9732 9705 4761
f 9706 9705 9732
f 9706 9733 9707
f 9706 9732 9733
f 9733 4763 4764
f 9708 9733 4764
f 9707 9733 9708
f 9708 4764 4577
f 4776 9709 4588
f 9709 4776 4778
f 9709 4778 9710
f 9710 4778 4780
f 9734 9710 4780
f 9711 9710 9734
f 9734 4782 4783
f 9712 9734 4783
f 9711 9734 9712
f 9712 4783 4590
f 4791 9735 9713
f 4791 9713 4598
f 9735 4793 4794
f 9714 9735 4794
f 9713 9735 9714
f 9714 4794 4600
f 4797 9736 9715
f 4797 9715 4602
f 9715 9737 9716
f 9715 9736 9737
f 9716 9738 9717
f 9716 9737 9738
f 9717 9739 9718
f 9717 9738 9739
f 9739 4799 4604
f 9739 4604 9718
f 4801 9719 4606
f 9719 4801 4803
f 9740 9719 4803
f 9720 9719 9740
f 9740 4805 4608
f 9740 4608 9720
f 4812 9721 4615
f 9721 4812 4617
f 4830 9741 9722
f 4830 9722 4633
f 9722 9742 9723
f 9722 9741 9742
f 9742 4832 4635
f 9742 4635 9723
f 4838 9743 9724
f 4838 9724 4641
f 9724 9744 9725
f 9724 9743 9744
f 9725 9745 9726
f 9725 9744 9745
f 9745 4840 4643
f 9745 4643 9726
f 4842 9746 9727
f 4842 9727 4645
f 9727 9747 9728
f 9727 9746 9747
f 9728 9748 9729
f 9728 9747 9748
f 9748 4844 4647
f 9748 4647 9729
f 4847 9749 9730
f 4847 9730 4651
f 9730 9750 9731
f 9730 9749 9750
f 9751 4848 4653
f 9731 9751 4653
f 9750 9751 9731
f 9751 4850 4848
f 4856 9752 4857
f 9753 4858 4857
f 9753 4857 9752
f 9753 4860 4858
f 4950 9732 4761
f 9732 4950 4952
f 9732 4952 9733
f 9733 4952 4763
f 4968 9734 4780
f 9734 4968 4782
f 4978 9754 9735
f 4978 9735 4791
f 9754 4980 4793
f 9754 4793 9735
f 4983 9736 4797
f 9736 4983 4985
f 9755 9736 4985
f 9737 9736 9755
f 9737 9756 9738
f 9737 9755 9756
f 9756 4987 4988
f 9739 9756 4988
f 9738 9756 9739
f 9739 4988 4799
f 4992 9740 4803
f 9740 4992 4805
f 5018 9741 4830
f 9741 5018 5020
f 9741 5020 9742
f 9742 5020 4832
f 5028 9743 4838
f 9743 5028 5030
f 9757 9743 5030
f 9744 9743 9757
f 9757 5032 5033
f 9745 9757 5033
f 9744 9757 9745
f 9745 5033 4840
f 5036 9746 4842
f 9746 5036 5038
f 9758 9746 5038
f 9747 9746 9758
f 9747 9759 9748
f 9747 9758 9759
f 9759 5040 4844
f 9759 4844 9748
f 5043 9760 9749
f 5043 9749 4847
f 9749 9761 9750
f 9749 9760 9761
f 9761 5045 5046
f 9751 9761 5046
f 9750 9761 9751
f 9751 5046 4850
f 5053 9752 4856
f 9752 5053 5055
f 9752 5055 9753
f 9753 5055 4860
f 5093 9762 5094
f 9762 5096 5094
f 5149 9763 5150
f 9763 5152 5150
f 5165 9764 5166
f 9764 5168 5166
f 5178 9765 9754
f 5178 9754 4978
f 9765 5180 4980
f 9765 4980 9754
f 5184 9766 9755
f 5184 9755 4985
f 9755 9767 9756
f 9755 9766 9767
f 9768 5185 4987
f 9756 9768 4987
f 9767 9768 9756
f 9768 5187 5185
f 5216 9769 5217
f 9769 5219 5217
f 5226 9770 9757
f 5226 9757 5030
f 9770 5228 5032
f 9770 5032 9757
f 5232 9771 9758
f 5232 9758 5038
f 9758 9772 9759
f 9758 9771 9772
f 9772 5234 5040
f 9772 5040 9759
f 5237 9760 5043
f 9760 5237 5239
f 9760 5239 9761
f 9761 5239 5045
f 5264 9773 5265
f 9773 5267 5265
f 5269 9774 5270
f 9774 5272 5270
f 5274 9775 5275
f 9776 5276 5275
f 9776 5275 9775
f 9777 5277 5276
f 9777 5276 9776
f 9777 5279 5277
f 5280 9778 5281
f 9779 5282 5281
f 9779 5281 9778
f 9780 5283 5282
f 9780 5282 9779
f 9780 5285 5283
f 5293 9781 5294
f 9762 5093 5294
f 9781 9762 5294
f 9782 9762 9781
f 9783 5295 5096
f 9762 9783 5096
f 9782 9783 9762
f 9783 5297 5295
f 5329 9784 5330
f 9785 5331 5330
f 9785 5330 9784
f 9785 5333 5331
f 5336 9786 5337
f 9786 5339 5337
f 5344 9787 5345
f 9788 5346 5345
f 9788 5345 9787
f 9788 5348 5346
f 5354 9789 5355
f 9763 5149 5355
f 9789 9763 5355
f 9790 9763 9789
f 9790 5357 5152
f 9790 5152 9763
f 5370 9791 9764
f 5370 9764 5165
f 9792 5371 5168
f 9764 9792 5168
f 9791 9792 9764
f 9793 5372 5371
f 9793 5371 9792
f 9794 5373 5372
f 9794 5372 9793
f 9794 5375 5373
f 5382 9795 9765
f 5382 9765 5178
f 9796 5383 5180
f 9765 9796 5180
f 9795 9796 9765
f 9796 5385 5383
f 5387 9797 5388
f 9766 5184 5388
f 9797 9766 5388
f 9798 9766 9797
f 9766 9799 9767
f 9766 9798 9799
f 9767 9800 9768
f 9767 9799 9800
f 9800 5390 5187
f 9800 5187 9768
f 5392 9801 5393
f 9802 5394 5393
f 9802 5393 9801
f 9803 5395 5394
f 9803 5394 9802
f 9803 5397 5395
f 5403 9804 5404
f 9805 5405 5404
f 9805 5404 9804
f 9805 5407 5405
f 5408 9806 5409
f 9806 5411 5409
f 5424 9807 5425
f 9769 5216 5425
f 9807 9769 5425
f 9808 9769 9807
f 9808 5427 5219
f 9808 5219 9769
f 5433 9809 5434
f 9770 5226 5434
f 9809 9770 5434
f 9810 9770 9809
f 9811 5435 5228
f 9770 9811 5228
f 9810 9811 9770
f 9811 5437 5435
f 5439 9812 5440
f 9771 5232 5440
f 9812 9771 5440
f 9813 9771 9812
f 9771 9814 9772
f 9771 9813 9814
f 9815 5441 5234
f 9772 9815 5234
f 9814 9815 9772
f 9815 5443 5441
f 5445 9816 5446
f 9817 5447 5446
f 9817 5446 9816
f 9818 5448 5447
f 9818 5447 9817
f 9818 5450 5448
f 5456 9819 5457
f 9820 5458 5457
f 9820 5457 9819
f 9821 5459 5458
f 9821 5458 9820
f 9822 5460 5459
f 9822 5459 9821
f 9822 5462 5460
f 5465 9823 5466
f 9824 5467 5466
f 9824 5466 9823
f 9824 5469 5467
f 9825 5471 5470
f 9825 5470 9826
f 9827 5472 5471
f 9827 5471 9825
f 9827 5474 5472
f 5476 9828 5477
f 9773 5264 5477
f 9828 9773 5477
f 9829 9773 9828
f 9830 5478 5267
f 9773 9830 5267
f 9829 9830 9773
f 9831 5479 5478
f 9831 5478 9830
f 9774 5269 5479
f 9831 9774 5479
f 9832 9774 9831
f 9833 5480 5272
f 9774 9833 5272
f 9832 9833 9774
f 9834 5481 5480
f 9834 5480 9833
f 9775 5274 5481
f 9834 9775 5481
f 9835 9775 9834
f 9775 9836 9776
f 9775 9835 9836
f 9776 9837 9777
f 9776 9836 9837
f 9838 5482 5279
f 9777 9838 5279
f 9837 9838 9777
f 9778 5280 5482
f 9838 9778 5482
f 9839 9778 9838
f 9778 9840 9779
f 9778 9839 9840
f 9779 9841 9780
f 9779 9840 9841
f 9842 5483 5285
f 9780 9842 5285
f 9841 9842 9780
f 9843 5484 5483
f 9843 5483 9842
f 9844 5485 5484
f 9844 5484 9843
f 9845 5486 5485
f 9845 5485 9844
f 9846 5487 5486
f 9846 5486 9845
f 9847 5488 5487
f 9847 5487 9846
f 9848 5489 5488
f 9848 5488 9847
f 9849 5490 5489
f 9849 5489 9848
f 9781 5293 5490
f 9849 9781 5490
f 9850 9781 9849
f 9781 9851 9782
f 9781 9850 9851
f 9782 9852 9783
f 9782 9851 9852
f 9852 5492 5297
f 9852 5297 9783
f 5521 9853 5522
f 9853 5524 5522
f 5525 9854 5526
f 9784 5329 5526
f 9854 9784 5526
f 9855 9784 9854
f 9784 9856 9785
f 9784 9855 9856
f 9857 5527 5333
f 9785 9857 5333
f 9856 9857 9785
f 9858 5528 5527
f 9858 5527 9857
f 9859 5529 5528
f 9859 5528 9858
f 9786 5336 5529
f 9859 9786 5529
f 9860 9786 9859
f 9861 5530 5339
f 9786 9861 5339
f 9860 9861 9786
f 9862 5531 5530
f 9862 5530 9861
f 9862 5533 5531
f 5534 9863 5535
f 9864 5536 5535
f 9864 5535 9863
f 9787 5344 5536
f 9864 9787 5536
f 9865 9787 9864
f 9787 9866 9788
f 9787 9865 9866
f 9867 5537 5348
f 9788 9867 5348
f 9866 9867 9788
f 9867 5539 5537
f 5540 9868 5541
f 9868 5543 5541
f 5545 9869 5546
f 9789 5354 5546
f 9869 9789 5546
f 9870 9789 9869
f 9789 9871 9790
f 9789 9870 9871
f 9872 5547 5357
f 9790 9872 5357
f 9871 9872 9790
f 9873 5548 5547
f 9873 5547 9872
f 9874 5549 5548
f 9874 5548 9873
f 9874 5551 5549
f 5554 9875 5555
f 9876 5556 5555
f 9876 5555 9875
f 9877 5557 5556
f 9877 5556 9876
f 9878 5558 5557
f 9878 5557 9877
f 9878 5560 5558
f 5563 9879 9791
f 5563 9791 5370
f 9791 9880 9792
f 9791 9879 9880
f 9792 9881 9793
f 9792 9880 9881
f 9793 9882 9794
f 9793 9881 9882
f 9883 5564 5375
f 9794 9883 5375
f 9882 9883 9794
f 9883 5566 5564
f 5568 9884 5569
f 9885 5570 5569
f 9885 5569 9884
f 9886 5571 5570
f 9886 5570 9885
f 9887 5572 5571
f 9887 5571 9886
f 9795 5382 5572
f 9887 9795 5572
f 9888 9795 9887
f 9795 9889 9796
f 9795 9888 9889
f 9890 5573 5385
f 9796 9890 5385
f 9889 9890 9796
f 9891 5574 5573
f 9891 5573 9890
f 9797 5387 5574
f 9891 9797 5574
f 9892 9797 9891
f 9797 9893 9798
f 9797 9892 9893
f 9798 9894 9799
f 9798 9893 9894
f 9799 9895 9800
f 9799 9894 9895
f 9896 5575 5390
f 9800 9896 5390
f 9895 9896 9800
f 9897 5576 5575
f 9897 5575 9896
f 9801 5392 5576
f 9897 9801 5576
f 9898 9801 9897
f 9801 9899 9802
f 9801 9898 9899
f 9802 9900 9803
f 9802 9899 9900
f 9900 5578 5397
f 9900 5397 9803
f 5580 9901 5581
f 9901 5583 5581
f 5585 9902 5586
f 9804 5403 5586
f 9902 9804 5586
f 9903 9804 9902
f 9804 9904 9805
f 9804 9903 9904
f 9905 5587 5407
f 9805 9905 5407
f 9904 9905 9805
f 9806 5408 5587
f 9905 9806 5587
f 9906 9806 9905
f 9907 5588 5411
f 9806 9907 5411
f 9906 9907 9806
f 9907 5590 5588
f 5592 9908 5593
f 9909 5594 5593
f 9909 5593 9908
f 9910 5595 5594
f 9910 5594 9909
f 9911 5596 5595
f 9911 5595 9910
f 9912 5597 5596
f 9912 5596 9911
f 9912 5599 5597
f 5601 9913 5602
f 9914 5603 5602
f 9914 5602 9913
f 9915 5604 5603
f 9915 5603 9914
f 9807 5424 5604
f 9915 9807 5604
f 9916 9807 9915
f 9807 9917 9808
f 9807 9916 9917
f 9917 5606 5427
f 9917 5427 9808
f 5609 9918 5610
f 9919 5611 5610
f 9919 5610 9918
f 9920 5612 5611
f 9920 5611 9919
f 9809 5433 5612
f 9920 9809 5612
f 9921 9809 9920
f 9809 9922 9810
f 9809 9921 9922
f 9810 9923 9811
f 9810 9922 9923
f 9924 5613 5437
f 9811 9924 5437
f 9923 9924 9811
f 9925 5614 5613
f 9925 5613 9924
f 9812 5439 5614
f 9925 9812 5614
f 9926 9812 9925
f 9812 9927 9813
f 9812 9926 9927
f 9813 9928 9814
f 9813 9927 9928
f 9814 9929 9815
f 9814 9928 9929
f 9930 5615 5443
f 9815 9930 5443
f 9929 9930 9815
f 9931 5616 5615
f 9931 5615 9930
f 9816 5445 5616
f 9931 9816 5616
f 9932 9816 9931
f 9816 9933 9817
f 9816 9932 9933
f 9817 9934 9818
f 9817 9933 9934
f 9935 5617 5450
f 9818 9935 5450
f 9934 9935 9818
f 9936 5618 5617
f 9936 5617 9935
f 9937 5619 5618
f 9937 5618 9936
f 9938 5620 5619
f 9938 5619 9937
f 9938 5622 5620
f 5623 9939 5624
f 9819 5456 5624
f 9939 9819 5624
f 9940 9819 9939
f 9819 9941 9820
f 9819 9940 9941
f 9820 9942 9821
f 9820 9941 9942
f 9821 9943 9822
f 9821 9942 9943
f 9944 5625 5462
f 9822 9944 5462
f 9943 9944 9822
f 9944 5627 5625
f 5629 9945 9823
f 5629 9823 5465
f 9823 9946 9824
f 9823 9945 9946
f 9947 5630 5469
f 9824 9947 5469
f 9946 9947 9824
f 9826 5634 5632
f 9826 5632 9825
f 9825 5632 5635
f 9825 5635 9827
f 9827 5635 5474
f 5639 9828 5476
f 9828 5639 5641
f 9828 5641 9829
f 9829 5641 5643
f 9829 5643 9830
f 9830 5643 5645
f 9830 5645 9831
f 9831 5645 5647
f 9831 5647 9832
f 9832 5647 5649
f 9832 5649 9833
f 9833 5649 5651
f 9833 5651 9834
f 9834 5651 5653
f 9834 5653 9835
f 9835 5653 5655
f 9835 5655 9836
f 9836 5655 5657
f 9836 5657 9837
f 9837 5657 5659
f 9837 5659 9838
f 9838 5659 5661
f 9838 5661 9839
f 9839 5661 5663
f 9839 5663 9840
f 9840 5663 5665
f 9840 5665 9841
f 9841 5665 5667
f 9841 5667 9842
f 9842 5667 5669
f 9842 5669 9843
f 9843 5669 5671
f 9843 5671 9844
f 9844 5671 5673
f 9844 5673 9845
f 9845 5673 5675
f 9845 5675 9846
f 9846 5675 5677
f 9846 5677 9847
f 9847 5677 5679
f 9847 5679 9848
f 9848 5679 5681
f 9848 5681 9849
f 9849 5681 5683
f 9948 9849 5683
f 9850 9849 9948
f 9850 9949 9851
f 9850 9948 9949
f 9949 5685 5686
f 9852 9949 5686
f 9851 9949 9852
f 9852 5686 5492
f 5716 9853 5521
f 9853 5716 5524
f 5719 9854 5525
f 9854 5719 5721
f 9854 5721 9855
f 9855 5721 5723
f 9855 5723 9856
f 9856 5723 5725
f 9856 5725 9857
f 9857 5725 5727
f 9857 5727 9858
f 9858 5727 5729
f 9858 5729 9859
f 9859 5729 5731
f 9950 9859 5731
f 9860 9859 9950
f 9860 9951 9861
f 9860 9950 9951
f 9951 5733 5734
f 9862 9951 5734
f 9861 9951 9862
f 9862 5734 5533
f 5736 9863 5534
f 9863 5736 5738
f 9863 5738 9864
f 9864 5738 5740
f 9864 5740 9865
f 9865 5740 5742
f 9865 5742 9866
f 9866 5742 5744
f 9866 5744 9867
f 9867 5744 5539
f 5747 9868 5540
f 9868 5747 5543
f 5751 9869 5545
f 9869 5751 5753
f 9869 5753 9870
f 9870 5753 5755
f 9870 5755 9871
f 9871 5755 5757
f 9871 5757 9872
f 9872 5757 5759
f 9872 5759 9873
f 9873 5759 5761
f 9873 5761 9874
f 9874 5761 5551
f 5766 9875 5554
f 9875 5766 5768
f 9875 5768 9876
f 9876 5768 5770
f 9876 5770 9877
f 9877 5770 5772
f 9877 5772 9878
f 9878 5772 5560
f 5777 9952 9879
f 5777 9879 5563
f 9952 5779 5780
f 9880 9952 5780
f 9879 9952 9880
f 9880 5780 5781
f 9953 9880 5781
f 9881 9880 9953
f 9953 5783 5784
f 9882 9953 5784
f 9881 9953 9882
f 9882 5784 5785
f 9882 5785 9883
f 9883 5785 5566
f 5789 9884 5568
f 9884 5789 5791
f 9884 5791 9885
f 9885 5791 5793
f 9885 5793 9886
f 9886 5793 5795
f 9886 5795 9887
f 9887 5795 5797
f 9954 9887 5797
f 9888 9887 9954
f 9888 9955 9889
f 9888 9954 9955
f 9955 5799 5800
f 9890 9955 5800
f 9889 9955 9890
f 9890 5800 5801
f 9890 5801 9891
f 9891 5801 5803
f 9956 9891 5803
f 9892 9891 9956
f 9892 9957 9893
f 9892 9956 9957
f 9893 9958 9894
f 9893 9957 9958
f 9894 9959 9895
f 9894 9958 9959
f 9959 5805 5806
f 9896 9959 5806
f 9895 9959 9896
f 9896 5806 5807
f 9896 5807 9897
f 9897 5807 5809
f 9897 5809 9898
f 9898 5809 5811
f 9960 9898 5811
f 9899 9898 9960
f 9960 5813 5814
f 9900 9960 5814
f 9899 9960 9900
f 9900 5814 5578
f 5817 9901 5580
f 9901 5817 5583
f 5821 9902 5585
f 9902 5821 5823
f 9902 5823 9903
f 9903 5823 5825
f 9903 5825 9904
f 9904 5825 5827
f 9904 5827 9905
f 9905 5827 5829
f 9905 5829 9906
f 9906 5829 5831
f 9906 5831 9907
f 9907 5831 5590
f 5835 9908 5592
f 9908 5835 5837
f 9908 5837 9909
f 9909 5837 5839
f 9909 5839 9910
f 9910 5839 5841
f 9910 5841 9911
f 9911 5841 5843
f 9911 5843 9912
f 9912 5843 5599
f 5847 9913 5601
f 9913 5847 5849
f 9913 5849 9914
f 9914 5849 5851
f 9914 5851 9915
f 9915 5851 5853
f 9915 5853 9916
f 9916 5853 5855
f 9961 9916 5855
f 9917 9916 9961
f 9961 5857 5606
f 9961 5606 9917
f 5860 9918 5609
f 9918 5860 5862
f 9918 5862 9919
f 9919 5862 5864
f 9919 5864 9920
f 9920 5864 5866
f 9920 5866 9921
f 9921 5866 5868
f 9962 9921 5868
f 9922 9921 9962
f 9962 5870 5871
f 9923 9962 5871
f 9922 9962 9923
f 9923 5871 5872
f 9923 5872 9924
f 9924 5872 5874
f 9924 5874 9925
f 9925 5874 5876
f 9963 9925 5876
f 9926 9925 9963
f 9926 9964 9927
f 9926 9963 9964
f 9927 9965 9928
f 9927 9964 9965
f 9965 5878 5879
f 9929 9965 5879
f 9928 9965 9929
f 9929 5879 5880
f 9929 5880 9930
f 9930 5880 5882
f 9930 5882 9931
f 9931 5882 5884
f 9931 5884 9932
f 9932 5884 5886
f 9966 9932 5886
f 9933 9932 9966
f 9966 5888 5889
f 9934 9966 5889
f 9933 9966 9934
f 9934 5889 5890
f 9934 5890 9935
f 9935 5890 5892
f 9935 5892 9936
f 9936 5892 5894
f 9936 5894 9937
f 9937 5894 5896
f 9937 5896 9938
f 9938 5896 5622
f 5899 9939 5623
f 9939 5899 5901
f 9939 5901 9940
f 9940 5901 5903
f 9940 5903 9941
f 9941 5903 5905
f 9941 5905 9942
f 9942 5905 5907
f 9942 5907 9943
f 9943 5907 5909
f 9943 5909 9944
f 9944 5909 5627
f 5913 9945 5629
f 9945 5913 5915
f 9945 5915 9946
f 9946 5915 5917
f 9946 5917 9947
f 5946 9948 5683
f 9948 5946 5948
f 9948 5948 9949
f 9949 5948 5685
f 5988 9950 5731
f 9950 5988 5990
f 9950 5990 9951
f 9951 5990 5733
f 6019 9952 5777
f 9952 6019 5779
f 6022 9953 5781
f 9953 6022 5783
f 6032 9954 5797
f 9954 6032 6034
f 9954 6034 9955
f 9955 6034 5799
f 6038 9956 5803
f 9956 6038 6040
f 9956 6040 9957
f 9957 6040 6042
f 9957 6042 9958
f 9958 6042 6044
f 9958 6044 9959
f 9959 6044 5805
f 6049 9960 5811
f 9960 6049 5813
f 6076 9961 5855
f 9961 6076 5857
f 6085 9962 5868
f 9962 6085 5870
f 6090 9963 5876
f 9963 6090 6092
f 9963 6092 9964
f 9964 6092 6094
f 9964 6094 9965
f 9965 6094 5878
f 6100 9966 5886
f 9966 6100 5888
f 6231 9967 6232
f 9968 6233 6232
f 9968 6232 9967
f 9968 6235 6233
f 6278 9969 6279
f 9970 6280 6279
f 9970 6279 9969
f 9970 6282 6280
f 6321 9971 6322
f 9971 6324 6322
f 6334 9972 6335
f 9972 6337 6335
f 6370 9973 6371
f 9973 6373 6371
f 6392 9974 6393
f 9974 6395 6393
f 6408 9975 6409
f 9975 6411 6409
f 6412 9976 6413
f 9977 6414 6413
f 9977 6413 9976
f 9977 6416 6414
f 6423 9978 6424
f 9979 6425 6424
f 9979 6424 9978
f 9979 6427 6425
f 6429 9980 6430
f 9967 6231 6430
f 9980 9967 6430
f 9981 9967 9980
f 9967 9982 9968
f 9967 9981 9982
f 9983 6431 6235
f 9968 9983 6235
f 9982 9983 9968
f 9983 6433 6431
f 6436 9984 6437
f 9984 6439 6437
f 6464 9985 6465
f 9985 6467 6465
f 6478 9986 6479
f 9969 6278 6479
f 9986 9969 6479
f 9987 9969 9986
f 9969 9988 9970
f 9969 9987 9988
f 9989 6480 6282
f 9970 9989 6282
f 9988 9989 9970
f 9989 6482 6480
f 6484 9990 6485
f 9991 6486 6485
f 9991 6485 9990
f 9992 6487 6486
f 9992 6486 9991
f 9992 6489 6487
f 6495 9993 6496
f 9993 6498 6496
f 6500 9994 6501
f 9994 6503 6501
f 6526 9971 6321
f 9971 6526 6324
f 6538 9972 6334
f 9972 6538 6337
f 6573 9973 6370
f 9973 6573 6373
f 6594 9974 6392
f 9974 6594 6395
f 6609 9975 6408
f 9975 6609 6411
f 6612 9976 6412
f 9976 6612 6614
f 9976 6614 9977
f 9977 6614 6416
f 6623 9978 6423
f 9978 6623 6625
f 9978 6625 9979
f 9979 6625 6427
f 6629 9980 6429
f 9980 6629 6631
f 9995 9980 6631
f 9981 9980 9995
f 9981 9996 9982
f 9981 9995 9996
f 9996 6633 6634
f 9983 9996 6634
f 9982 9996 9983
f 9983 6634 6433
f 6638 9984 6436
f 9984 6638 6439
f 6665 9985 6464
f 9985 6665 6467
f 6678 9986 6478
f 9986 6678 6680
f 9997 9986 6680
f 9987 9986 9997
f 9987 9998 9988
f 9987 9997 9998
f 9998 6682 6683
f 9989 9998 6683
f 9988 9998 9989
f 9989 6683 6482
f 6686 9990 6484
f 9990 6686 6688
f 9990 6688 9991
f 9991 6688 6690
f 9991 6690 9992
f 9992 6690 6489
f 6698 9993 6495
f 9993 6698 6498
f 6702 9994 6500
f 9994 6702 6503
f 6773 9999 6774
f 9999 6776 6774
f 6794 10000 6795
f 10000 6797 6795
f 6810 10001 6811
f 10001 6813 6811
f 6814 10002 6815
f 10002 6817 6815
f 6825 10003 6826
f 10004 6827 6826
f 10004 6826 10003
f 10004 6829 6827
f 6831 10005 6832
f 9995 6631 6832
f 10005 9995 6832
f 10006 9995 10005
f 9995 10007 9996
f 9995 10006 10007
f 10008 6833 6633
f 9996 10008 6633
f 10007 10008 9996
f 10008 6835 6833
f 6837 10009 6838
f 10010 6839 6838
f 10010 6838 10009
f 10010 6841 6839
f 6874 10011 6875
f 10011 6877 6875
f 6880 10012 6881
f 9997 6680 6881
f 10012 9997 6881
f 10013 9997 10012
f 9997 10014 9998
f 9997 10013 10014
f 10014 6883 6682
f 10014 6682 9998
f 6886 10015 6887
f 10016 6888 6887
f 10016 6887 10015
f 10016 6890 6888
f 7225 10017 7226
f 10018 7227 7226
f 10018 7226 10017
f 10019 7228 7227
f 10019 7227 10018
f 10019 7230 7228
f 7304 10020 7305
f 10021 7306 7305
f 10021 7305 10020
f 10022 7307 7306
f 10022 7306 10021
f 10022 7309 7307
f 7311 10023 7312
f 10024 7313 7312
f 10024 7312 10023
f 10025 7314 7313
f 10025 7313 10024
f 10026 7315 7314
f 10026 7314 10025
f 10027 7316 7315
f 10027 7315 10026
f 10028 7317 7316
f 10028 7316 10027
f 10029 7318 7317
f 10029 7317 10028
f 10030 7319 7318
f 10030 7318 10029
f 10017 7225 7319
f 10030 10017 7319
f 10031 10017 10030
f 10017 10032 10018
f 10017 10031 10032
f 10018 10033 10019
f 10018 10032 10033
f 10034 7320 7230
f 10019 10034 7230
f 10033 10034 10019
f 10035 7321 7320
f 10035 7320 10034
f 10035 7323 7321
f 7324 10036 7325
f 10037 7326 7325
f 10037 7325 10036
f 10038 7327 7326
f 10038 7326 10037
f 10039 7328 7327
f 10039 7327 10038
f 10040 7329 7328
f 10040 7328 10039
f 10041 7330 7329
f 10041 7329 10040
f 10041 7332 7330
f 7335 10042 7336
f 10042 7338 7336
f 7429 10043 10020
f 7429 10020 7304
f 10020 10044 10021
f 10020 10043 10044
f 10021 10045 10022
f 10021 10044 10045
f 10045 7431 7309
f 10045 7309 10022
f 7433 10023 7311
f 10023 7433 7435
f 10046 10023 7435
f 10024 10023 10046
f 10024 10047 10025
f 10024 10046 10047
f 10025 10048 10026
f 10025 10047 10048
f 10026 10049 10027
f 10026 10048 10049
f 10027 10050 10028
f 10027 10049 10050
f 10028 10051 10029
f 10028 10050 10051
f 10029 10052 10030
f 10029 10051 10052
f 10030 10053 10031
f 10030 10052 10053
f 10031 10054 10032
f 10031 10053 10054
f 10032 10055 10033
f 10032 10054 10055
f 10033 10056 10034
f 10033 10055 10056
f 10034 10057 10035
f 10034 10056 10057
f 10058 7436 7323
f 10035 10058 7323
f 10057 10058 10035
f 10036 7324 7436
f 10058 10036 7436
f 10059 10036 10058
f 10036 10060 10037
f 10036 10059 10060
f 10037 10061 10038
f 10037 10060 10061
f 10038 10062 10039
f 10038 10061 10062
f 10039 10063 10040
f 10039 10062 10063
f 10040 10064 10041
f 10040 10063 10064
f 10064 7438 7332
f 10064 7332 10041
f 7441 10042 7335
f 10042 7441 7338
f 7486 10043 7429
f 10043 7486 7488
f 10043 7488 10044
f 10044 7488 7490
f 10044 7490 10045
f 10045 7490 7431
f 7495 10046 7435
f 10046 7495 7497
f 10046 7497 10047
f 10047 7497 7499
f 10047 7499 10048
f 10048 7499 7501
f 10048 7501 10049
f 10049 7501 7503
f 10049 7503 10050
f 10050 7503 7505
f 10050 7505 10051
f 10051 7505 7507
f 10065 10051 7507
f 10052 10051 10065
f 10052 10066 10053
f 10052 10065 10066
f 10053 10067 10054
f 10053 10066 10067
f 10054 10068 10055
f 10054 10067 10068
f 10055 10069 10056
f 10055 10068 10069
f 10069 7509 7510
f 10057 10069 7510
f 10056 10069 10057
f 10057 7510 7511
f 10057 7511 10058
f 10058 7511 7513
f 10058 7513 10059
f 10059 7513 7515
f 10059 7515 10060
f 10060 7515 7517
f 10060 7517 10061
f 10061 7517 7519
f 10061 7519 10062
f 10062 7519 7521
f 10062 7521 10063
f 10063 7521 7523
f 10063 7523 10064
f 10064 7523 7438
f 7561 10070 7562
f 10071 7563 7562
f 10071 7562 10070
f 10072 7564 7563
f 10072 7563 10071
f 7564 10072 10073
f 10074 7564 10073
f 7565 7564 10074
f 10074 10076 10075
f 7566 10074 10075
f 7565 10074 7566
f 10077 7567 7566
f 10077 7566 10075
f 10078 7568 7567
f 10078 7567 10077
f 10079 7569 7568
f 10079 7568 10078
f 10080 7570 7569
f 10080 7569 10079
f 10081 7571 7570
f 10081 7570 10080
f 10082 7572 7571
f 10082 7571 10081
f 10083 7573 7572
f 10083 7572 10082
f 10084 7574 7573
f 10084 7573 10083
f 10085 7575 7574
f 10085 7574 10084
f 10086 7576 7575
f 10086 7575 10085
f 10065 7507 7576
f 10086 10065 7576
f 10087 10065 10086
f 10065 10088 10066
f 10065 10087 10088
f 10090 10067 10089
f 10067 10088 10089
f 10067 10066 10088
f 10092 10091 10090
f 10091 10067 10090
f 10091 10068 10067
f 10068 10093 10069
f 10068 10091 10093
f 10094 7577 7509
f 10069 10094 7509
f 10093 10094 10069
f 10095 7578 7577
f 10095 7577 10094
f 10096 7579 7578
f 10096 7578 10095
f 10097 7580 7579
f 10097 7579 10096
f 10098 7581 7580
f 10098 7580 10097
f 10099 7582 7581
f 10099 7581 10098
f 10100 7583 7582
f 10100 7582 10099
f 10101 7584 7583
f 10101 7583 10100
f 10101 7586 7584
f 7589 10102 7590
f 10102 7592 7590
f 7624 10103 7625
f 10103 7627 7625
f 7631 10104 7632
f 10105 7633 7632
f 10105 7632 10104
f 10106 7634 7633
f 10106 7633 10105
f 10107 7635 7634
f 10107 7634 10106
f 10108 7636 7635
f 10108 7635 10107
f 10109 7637 7636
f 10109 7636 10108
f 7637 10109 10110
f 10111 7637 10110
f 7638 7637 10111
f 7638 10112 7639
f 10111 10112 7638
f 7639 10113 7640
f 10112 10113 7639
f 10113 10115 10114
f 7641 10113 10114
f 7640 10113 7641
f 7641 10114 10116
f 10117 7641 10116
f 7642 7641 10117
f 10117 10119 10118
f 7643 10117 10118
f 7642 10117 7643
f 10120 7644 7643
f 10120 7643 10118
f 7644 10120 10121
f 10122 7644 10121
f 7645 7644 10122
f 7561 7645 10070
f 7645 10123 10070
f 7645 10122 10123
f 10070 10123 10071
f 10071 10123 10124
f 10071 10124 10072
f 10072 10124 10125
f 10072 10125 10073
f 10076 10126 10075
f 10075 10126 10077
f 10077 10126 10127
f 10077 10127 10078
f 10078 10127 10128
f 10078 10128 10079
f 10079 10128 10129
f 10079 10129 10080
f 10080 10129 10130
f 10080 10130 10081
f 10081 10130 10131
f 10081 10131 10082
f 10082 10131 10132
f 10082 10132 10083
f 10083 10132 10133
f 10083 10133 10084
f 10084 10133 10134
f 10084 10134 10085
f 10085 10134 10135
f 10085 10135 10086
f 10086 10135 10136
f 10086 10136 10087
f 10087 10136 10137
f 10087 10137 10088
f 10088 10137 10138
f 10088 10138 10089
f 10092 10139 10091
f 10091 10139 10093
f 10093 10139 10140
f 10093 10140 10094
f 10094 10140 10141
f 10094 10141 10095
f 10095 10141 10142
f 10095 10142 10096
f 10096 10142 10143
f 10096 10143 10097
f 10097 10143 10144
f 10097 10144 10098
f 10098 10144 10145
f 10098 10145 10099
f 10099 10145 10146
f 10099 10146 10100
f 10100 10146 10147
f 10100 10147 10101
f 10101 10147 10148
f 10101 10148 7586
f 10148 7646 7586
f 10148 10149 7646
f 7646 10150 7647
f 10149 10150 7646
f 7647 10151 7648
f 10150 10151 7647
f 7589 7648 10102
f 7648 10152 10102
f 7648 10151 10152
f 10102 10152 7592
f 10152 7649 7592
f 10152 10153 7649
f 10153 10155 10154
f 7650 10153 10154
f 7649 10153 7650
f 10156 7651 7650
f 10156 7650 10154
f 10157 7652 7651
f 10157 7651 10156
f 10158 7653 7652
f 10158 7652 10157
f 10159 7654 7653
f 10159 7653 10158
f 10159 7656 7654
f 7661 10160 7662
f 10160 7664 7662
f 7751 10161 7752
f 10162 7753 7752
f 10162 7752 10161
f 10162 7755 7753
f 7760 10163 7761
f 10103 7624 7761
f 10163 10103 7761
f 10164 10103 10163
f 10165 7762 7627
f 10103 10165 7627
f 10164 10165 10103
f 10166 7763 7762
f 10166 7762 10165
f 10167 7764 7763
f 10167 7763 10166
f 10168 7765 7764
f 10168 7764 10167
f 10104 7631 7765
f 10168 10104 7765
f 10169 10104 10168
f 10104 10170 10105
f 10104 10169 10170
f 10105 10171 10106
f 10105 10170 10171
f 10173 10107 10172
f 10107 10171 10172
f 10107 10106 10171
f 10107 10173 10108
f 10108 10173 10174
f 10108 10174 10109
f 10109 10174 10175
f 10109 10175 10110
f 10115 10176 10114
f 10114 10176 10116
f 10119 10177 10118
f 10118 10177 10120
f 10120 10177 10178
f 10120 10178 10121
f 10154 10155 10179
f 10179 10155 10180
f 10154 10181 10156
f 10154 10179 10181
f 10156 10182 10157
f 10156 10181 10182
f 10157 10183 10158
f 10157 10182 10183
f 10158 10184 10159
f 10158 10183 10184
f 10185 7766 7656
f 10159 10185 7656
f 10184 10185 10159
f 10186 7767 7766
f 10186 7766 10185
f 10187 7768 7767
f 10187 7767 10186
f 10188 7769 7768
f 10188 7768 10187
f 10189 7770 7769
f 10189 7769 10188
f 10160 7661 7770
f 10189 10160 7770
f 10190 10160 10189
f 10191 7771 7664
f 10160 10191 7664
f 10190 10191 10160
f 10192 7772 7771
f 10192 7771 10191
f 10193 7773 7772
f 10193 7772 10192
f 10194 7774 7773
f 10194 7773 10193
f 10194 7776 7774
f 7880 10161 7751
f 10161 7880 7882
f 10161 7882 10162
f 10162 7882 7755
f 7889 10163 7760
f 10163 7889 7891
f 10195 10163 7891
f 10164 10163 10195
f 10164 10196 10165
f 10164 10195 10196
f 10196 7893 7894
f 10166 10196 7894
f 10165 10196 10166
f 10166 7894 7895
f 10166 7895 10167
f 10167 7895 7897
f 10197 10167 7897
f 10168 10167 10197
f 10168 10198 10169
f 10168 10197 10198
f 10169 10199 10170
f 10169 10198 10199
f 10170 10200 10171
f 10170 10199 10200
f 10172 10171 10201
f 10201 10171 10200
f 10204 10203 10202
f 10206 10205 10202
f 10202 10205 10204
f 10206 10207 10205
f 10210 10209 10208
f 10210 10208 10180
f 10208 10179 10180
f 10208 10211 10179
f 10179 10212 10181
f 10179 10211 10212
f 10181 10213 10182
f 10181 10212 10213
f 10182 10214 10183
f 10182 10213 10214
f 10183 10215 10184
f 10183 10214 10215
f 10184 10216 10185
f 10184 10215 10216
f 10185 10217 10186
f 10185 10216 10217
f 10217 7899 7900
f 10187 10217 7900
f 10186 10217 10187
f 10187 7900 7901
f 10187 7901 10188
f 10188 7901 7903
f 10188 7903 10189
f 10189 7903 7905
f 10189 7905 10190
f 10190 7905 7907
f 10190 7907 10191
f 10191 7907 7909
f 10191 7909 10192
f 10192 7909 7911
f 10192 7911 10193
f 10193 7911 7913
f 10193 7913 10194
f 10194 7913 7776
f 7991 10218 10195
f 7991 10195 7891
f 10195 10219 10196
f 10195 10218 10219
f 10219 7993 7893
f 10219 7893 10196
f 7994 10220 7995
f 10197 7897 7995
f 10220 10197 7995
f 10221 10197 10220
f 10197 10222 10198
f 10197 10221 10222
f 10198 10223 10199
f 10198 10222 10223
f 10199 10224 10200
f 10199 10223 10224
f 10201 10200 10225
f 10200 10226 10225
f 10200 10224 10226
f 10228 10227 10226
f 10226 10227 10225
f 10228 10229 10227
f 10232 10231 10230
f 10232 10230 10203
f 10230 10202 10203
f 10230 10233 10202
f 10202 10234 10206
f 10202 10233 10234
f 10207 10206 10235
f 10206 10236 10235
f 10206 10234 10236
f 10235 10236 10209
f 10236 10208 10209
f 10236 10237 10208
f 10208 10238 10211
f 10208 10237 10238
f 10211 10239 10212
f 10211 10238 10239
f 10212 10240 10213
f 10212 10239 10240
f 10213 10241 10214
f 10213 10240 10241
f 10214 10242 10215
f 10214 10241 10242
f 10215 10243 10216
f 10215 10242 10243
f 10216 10244 10217
f 10216 10243 10244
f 10244 7997 7899
f 10244 7899 10217
f 8000 10245 8001
f 10245 8003 8001
f 8041 10246 8042
f 10247 8043 8042
f 10247 8042 10246
f 10248 8044 8043
f 10248 8043 10247
f 10249 8045 8044
f 10249 8044 10248
f 10250 8046 8045
f 10250 8045 10249
f 10251 8047 8046
f 10251 8046 10250
f 10252 8048 8047
f 10252 8047 10251
f 10253 8049 8048
f 10253 8048 10252
f 10253 10254 8049
f 8049 10254 7991
f 10254 10255 7991
f 10255 10218 7991
f 10218 10255 10219
f 10219 10255 10256
f 10219 10256 7993
f 10256 8050 7993
f 10256 10257 8050
f 7994 8050 10220
f 8050 10258 10220
f 8050 10257 10258
f 10220 10258 10221
f 10221 10258 10259
f 10221 10259 10222
f 10222 10259 10260
f 10222 10260 10223
f 10223 10260 10261
f 10223 10261 10224
f 10224 10261 10262
f 10224 10262 10226
f 10226 10262 10263
f 10226 10263 10228
f 10228 10263 10264
f 10228 10264 10229
f 10231 10265 10230
f 10230 10265 10233
f 10233 10265 10266
f 10268 10267 10266
f 10267 10233 10266
f 10267 10234 10233
f 10270 10236 10269
f 10236 10267 10269
f 10236 10234 10267
f 10272 10271 10270
f 10271 10236 10270
f 10271 10237 10236
f 10237 10273 10238
f 10237 10271 10273
f 10238 10274 10239
f 10238 10273 10274
f 10239 10275 10240
f 10239 10274 10275
f 10240 10276 10241
f 10240 10275 10276
f 10241 10277 10242
f 10241 10276 10277
f 10242 10278 10243
f 10242 10277 10278
f 10243 10279 10244
f 10243 10278 10279
f 10280 8051 7997
f 10244 10280 7997
f 10279 10280 10244
f 10281 8052 8051
f 10281 8051 10280
f 10282 8053 8052
f 10282 8052 10281
f 10245 8000 8053
f 10282 10245 8053
f 10283 10245 10282
f 10284 8054 8003
f 10245 10284 8003
f 10283 10284 10245
f 10284 8056 8054
f 10285 8129 8128
f 10285 8128 10286
f 10287 8130 8129
f 10287 8129 10285
f 10288 8131 8130
f 10288 8130 10287
f 10289 8132 8131
f 10289 8131 10288
f 10290 8133 8132
f 10290 8132 10289
f 10291 8134 8133
f 10291 8133 10290
f 10292 8135 8134
f 10292 8134 10291
f 10292 10293 8135
f 8135 10293 8041
f 10293 10294 8041
f 10294 10246 8041
f 10246 10294 10247
f 10247 10294 10295
f 10247 10295 10248
f 10248 10295 10296
f 10248 10296 10249
f 10249 10296 10297
f 10249 10297 10250
f 10250 10297 10298
f 10250 10298 10251
f 10251 10298 10299
f 10251 10299 10252
f 10252 10299 10300
f 10252 10300 10253
f 10253 10300 10301
f 10253 10301 10254
f 10268 10302 10267
f 10267 10302 10269
f 10272 10303 10271
f 10271 10303 10273
f 10273 10303 10304
f 10273 10304 10274
f 10274 10304 10305
f 10274 10305 10275
f 10275 10305 10306
f 10275 10306 10276
f 10276 10306 10307
f 10276 10307 10277
f 10277 10307 10308
f 10277 10308 10278
f 10278 10308 10309
f 10278 10309 10279
f 10279 10309 10310
f 10312 10311 10310
f 10311 10279 10310
f 10311 10280 10279
f 10280 10313 10281
f 10280 10311 10313
f 10281 10314 10282
f 10281 10313 10314
f 10282 10315 10283
f 10282 10314 10315
f 10283 10316 10284
f 10283 10315 10316
f 10317 8136 8056
f 10284 10317 8056
f 10316 10317 10284
f 10318 8137 8136
f 10318 8136 10317
f 10319 8138 8137
f 10319 8137 10318
f 10319 8140 8138
f 8231 10320 8232
f 10321 8233 8232
f 10321 8232 10320
f 10321 8235 8233
f 8236 10322 8237
f 10323 8238 8237
f 10323 8237 10322
f 10324 8239 8238
f 10324 8238 10323
f 10325 8240 8239
f 10325 8239 10324
f 10286 10326 10285
f 10285 10326 10327
f 10285 10327 10287
f 10287 10327 10328
f 10330 10329 10328
f 10329 10287 10328
f 10329 10288 10287
f 10332 10289 10331
f 10289 10329 10331
f 10289 10288 10329
f 10289 10332 10290
f 10290 10332 10333
f 10290 10333 10291
f 10291 10333 10334
f 10291 10334 10292
f 10292 10334 10335
f 10292 10335 10293
f 10312 10336 10311
f 10338 10337 10336
f 10337 10311 10336
f 10337 10313 10311
f 10340 10314 10339
f 10314 10337 10339
f 10314 10313 10337
f 10314 10340 10315
f 10315 10340 10341
f 10343 10342 10341
f 10342 10315 10341
f 10342 10316 10315
f 10316 10344 10317
f 10316 10342 10344
f 10317 10345 10318
f 10317 10344 10345
f 10318 10346 10319
f 10318 10345 10346
f 10347 8241 8140
f 10319 10347 8140
f 10346 10347 10319
f 10348 8242 8241
f 10348 8241 10347
f 10349 8243 8242
f 10349 8242 10348
f 10350 8244 8243
f 10350 8243 10349
f 10350 8246 8244
f 8248 10351 8249
f 10351 8251 8249
f 8252 10352 8253
f 10353 8254 8253
f 10353 8253 10352
f 10354 8255 8254
f 10354 8254 10353
f 10355 8256 8255
f 10355 8255 10354
f 10355 8258 8256
f 8259 10356 8260
f 10357 8261 8260
f 10357 8260 10356
f 10357 8263 8261
f 8274 10358 8275
f 10359 8276 8275
f 10359 8275 10358
f 10360 8277 8276
f 10360 8276 10359
f 10361 8278 8277
f 10361 8277 10360
f 10362 8279 8278
f 10362 8278 10361
f 10363 8280 8279
f 10363 8279 10362
f 10364 8281 8280
f 10364 8280 10363
f 10364 8283 8281
f 8286 10365 8287
f 10365 8289 8287
f 8326 10366 8327
f 10367 8328 8327
f 10367 8327 10366
f 10368 8329 8328
f 10368 8328 10367
f 10368 8331 8329
f 8337 10369 8338
f 10370 8339 8338
f 10370 8338 10369
f 10371 8340 8339
f 10371 8339 10370
f 10372 8341 8340
f 10372 8340 10371
f 10373 8342 8341
f 10373 8341 10372
f 10374 8343 8342
f 10374 8342 10373
f 10375 8344 8343
f 10375 8343 10374
f 10376 8345 8344
f 10376 8344 10375
f 10320 8231 8345
f 10376 10320 8345
f 10377 10320 10376
f 10320 10378 10321
f 10320 10377 10378
f 10379 8346 8235
f 10321 10379 8235
f 10378 10379 10321
f 10322 8236 8346
f 10379 10322 8346
f 10380 10322 10379
f 10322 10381 10323
f 10322 10380 10381
f 10323 10382 10324
f 10323 10381 10382
f 10384 10325 10383
f 10325 10382 10383
f 10325 10324 10382
f 10330 10385 10329
f 10329 10385 10331
f 10388 10387 10386
f 10388 10386 10338
f 10386 10337 10338
f 10386 10389 10337
f 10339 10337 10390
f 10390 10337 10389
f 10342 10343 10391
f 10391 10343 10392
f 10342 10393 10344
f 10342 10391 10393
f 10344 10394 10345
f 10344 10393 10394
f 10345 10395 10346
f 10345 10394 10395
f 10346 10396 10347
f 10346 10395 10396
f 10347 10397 10348
f 10347 10396 10397
f 10348 10398 10349
f 10348 10397 10398
f 10349 10399 10350
f 10349 10398 10399
f 10399 8348 8246
f 10399 8246 10350
f 8350 10400 10351
f 8350 10351 8248
f 10401 8351 8251
f 10351 10401 8251
f 10400 10401 10351
f 10352 8252 8351
f 10401 10352 8351
f 10402 10352 10401
f 10352 10403 10353
f 10352 10402 10403
f 10353 10404 10354
f 10353 10403 10404
f 10354 10405 10355
f 10354 10404 10405
f 10406 8352 8258
f 10355 10406 8258
f 10405 10406 10355
f 10356 8259 8352
f 10406 10356 8352
f 10407 10356 10406
f 10356 10408 10357
f 10356 10407 10408
f 10409 8353 8263
f 10357 10409 8263
f 10408 10409 10357
f 10409 8355 8353
f 8356 10410 8357
f 10411 8358 8357
f 10411 8357 10410
f 10411 8360 8358
f 8362 10412 8363
f 10413 8364 8363
f 10413 8363 10412
f 10414 8365 8364
f 10414 8364 10413
f 10415 8366 8365
f 10415 8365 10414
f 10416 8367 8366
f 10416 8366 10415
f 10358 8274 8367
f 10416 10358 8367
f 10417 10358 10416
f 10358 10418 10359
f 10358 10417 10418
f 10359 10419 10360
f 10359 10418 10419
f 10360 10420 10361
f 10360 10419 10420
f 10361 10421 10362
f 10361 10420 10421
f 10362 10422 10363
f 10362 10421 10422
f 10363 10423 10364
f 10363 10422 10423
f 10423 8369 8283
f 10423 8283 10364
f 8372 10424 10365
f 8372 10365 8286
f 10425 8373 8289
f 10365 10425 8289
f 10424 10425 10365
f 10425 8375 8373
f 8380 10426 8381
f 10426 8383 8381
f 8409 10427 8410
f 10428 8411 8410
f 10428 8410 10427
f 10428 8413 8411
f 8414 10429 8415
f 10366 8326 8415
f 10429 10366 8415
f 10430 10366 10429
f 10366 10431 10367
f 10366 10430 10431
f 10367 10432 10368
f 10367 10431 10432
f 10432 8417 8331
f 10432 8331 10368
f 8419 10433 8420
f 10434 8421 8420
f 10434 8420 10433
f 10435 8422 8421
f 10435 8421 10434
f 10436 8423 8422
f 10436 8422 10435
f 10369 8337 8423
f 10436 10369 8423
f 10437 10369 10436
f 10369 10438 10370
f 10369 10437 10438
f 10370 10439 10371
f 10370 10438 10439
f 10371 10440 10372
f 10371 10439 10440
f 10372 10441 10373
f 10372 10440 10441
f 10373 10442 10374
f 10373 10441 10442
f 10374 10443 10375
f 10374 10442 10443
f 10375 10444 10376
f 10375 10443 10444
f 10446 10377 10445
f 10377 10444 10445
f 10377 10376 10444
f 10448 10447 10446
f 10447 10377 10446
f 10447 10378 10377
f 10378 10449 10379
f 10378 10447 10449
f 10379 10450 10380
f 10379 10449 10450
f 10452 10381 10451
f 10381 10450 10451
f 10381 10380 10450
f 10381 10452 10382
f 10382 10452 10453
f 10382 10453 10383
f 10386 10387 10454
f 10454 10387 10455
f 10386 10456 10389
f 10386 10454 10456
f 10390 10389 10457
f 10389 10458 10457
f 10389 10456 10458
f 10460 10459 10458
f 10458 10459 10457
f 10459 10460 10392
f 10460 10391 10392
f 10460 10461 10391
f 10391 10462 10393
f 10391 10461 10462
f 10393 10463 10394
f 10393 10462 10463
f 10394 10464 10395
f 10394 10463 10464
f 10395 10465 10396
f 10395 10464 10465
f 10396 10466 10397
f 10396 10465 10466
f 10397 10467 10398
f 10397 10466 10467
f 10398 10468 10399
f 10398 10467 10468
f 10469 8424 8348
f 10399 10469 8348
f 10468 10469 10399
f 10470 8425 8424
f 10470 8424 10469
f 10400 8350 8425
f 10470 10400 8425
f 10471 10400 10470
f 10400 10472 10401
f 10400 10471 10472
f 10401 10473 10402
f 10401 10472 10473
f 10402 10474 10403
f 10402 10473 10474
f 10403 10475 10404
f 10403 10474 10475
f 10404 10476 10405
f 10404 10475 10476
f 10405 10477 10406
f 10405 10476 10477
f 10406 10478 10407
f 10406 10477 10478
f 10407 10479 10408
f 10407 10478 10479
f 10408 10480 10409
f 10408 10479 10480
f 10481 8426 8355
f 10409 10481 8355
f 10480 10481 10409
f 10410 8356 8426
f 10481 10410 8426
f 10482 10410 10481
f 10410 10483 10411
f 10410 10482 10483
f 10484 8427 8360
f 10411 10484 8360
f 10483 10484 10411
f 10485 8428 8427
f 10485 8427 10484
f 10412 8362 8428
f 10485 10412 8428
f 10486 10412 10485
f 10412 10487 10413
f 10412 10486 10487
f 10413 10488 10414
f 10413 10487 10488
f 10414 10489 10415
f 10414 10488 10489
f 10415 10490 10416
f 10415 10489 10490
f 10416 10491 10417
f 10416 10490 10491
f 10417 10492 10418
f 10417 10491 10492
f 10418 10493 10419
f 10418 10492 10493
f 10419 10494 10420
f 10419 10493 10494
f 10420 10495 10421
f 10420 10494 10495
f 10421 10496 10422
f 10421 10495 10496
f 10422 10497 10423
f 10422 10496 10497
f 10498 8429 8369
f 10423 10498 8369
f 10497 10498 10423
f 10499 8430 8429
f 10499 8429 10498
f 10500 8431 8430
f 10500 8430 10499
f 10424 8372 8431
f 10500 10424 8431
f 10501 10424 10500
f 10424 10502 10425
f 10424 10501 10502
f 10503 8432 8375
f 10425 10503 8375
f 10502 10503 10425
f 10504 8433 8432
f 10504 8432 10503
f 10505 8434 8433
f 10505 8433 10504
f 10506 8435 8434
f 10506 8434 10505
f 10507 8436 8435
f 10507 8435 10506
f 10426 8380 8436
f 10507 10426 8436
f 10508 10426 10507
f 10509 8437 8383
f 10426 10509 8383
f 10508 10509 10426
f 10510 8438 8437
f 10510 8437 10509
f 10511 8439 8438
f 10511 8438 10510
f 10512 8440 8439
f 10512 8439 10511
f 10513 8441 8440
f 10513 8440 10512
f 10513 8443 8441
f 8445 10514 8446
f 10514 8448 8446
f 8453 10515 8454
f 10516 8455 8454
f 10516 8454 10515
f 10517 8456 8455
f 10517 8455 10516
f 10517 8458 8456
f 8459 10518 8460
f 10519 8461 8460
f 10519 8460 10518
f 10519 8463 8461
f 8466 10520 8467
f 10521 8468 8467
f 10521 8467 10520
f 10521 8470 8468
f 8471 10522 8472
f 10427 8409 8472
f 10522 10427 8472
f 10523 10427 10522
f 10427 10524 10428
f 10427 10523 10524
f 10525 8473 8413
f 10428 10525 8413
f 10524 10525 10428
f 10429 8414 8473
f 10525 10429 8473
f 10526 10429 10525
f 10429 10527 10430
f 10429 10526 10527
f 10529 10431 10528
f 10431 10527 10528
f 10431 10430 10527
f 10531 10530 10529
f 10530 10431 10529
f 10530 10432 10431
f 10532 8474 8417
f 10432 10532 8417
f 10530 10532 10432
f 10533 8475 8474
f 10533 8474 10532
f 10433 8419 8475
f 10533 10433 8475
f 10534 10433 10533
f 10433 10535 10434
f 10433 10534 10535
f 10434 10536 10435
f 10434 10535 10536
f 10435 10537 10436
f 10435 10536 10537
f 10436 10538 10437
f 10436 10537 10538
f 10437 10539 10438
f 10437 10538 10539
f 10438 10540 10439
f 10438 10539 10540
f 10439 10541 10440
f 10439 10540 10541
f 10440 10542 10441
f 10440 10541 10542
f 10544 10442 10543
f 10442 10542 10543
f 10442 10441 10542
f 10442 10544 10443
f 10443 10544 10545
f 10443 10545 10444
f 10444 10545 10546
f 10444 10546 10445
f 10448 10547 10447
f 10549 10548 10547
f 10548 10447 10547
f 10548 10449 10447
f 10551 10450 10550
f 10450 10548 10550
f 10450 10449 10548
f 10450 10551 10451
f 10455 10552 10454
f 10454 10552 10456
f 10456 10552 10553
f 10456 10553 10458
f 10458 10553 10554
f 10458 10554 10460
f 10460 10554 10555
f 10460 10555 10461
f 10461 10555 10556
f 10461 10556 10462
f 10462 10556 10557
f 10462 10557 10463
f 10463 10557 10558
f 10463 10558 10464
f 10464 10558 10559
f 10464 10559 10465
f 10465 10559 10560
f 10562 10561 10560
f 10561 10465 10560
f 10561 10466 10465
f 10466 10563 10467
f 10466 10561 10563
f 10467 10564 10468
f 10467 10563 10564
f 10468 10565 10469
f 10468 10564 10565
f 10567 10470 10566
f 10470 10565 10566
f 10470 10469 10565
f 10569 10568 10567
f 10568 10470 10567
f 10568 10471 10470
f 10471 10570 10472
f 10471 10568 10570
f 10472 10571 10473
f 10472 10570 10571
f 10573 10474 10572
f 10474 10571 10572
f 10474 10473 10571
f 10575 10574 10573
f 10574 10474 10573
f 10574 10475 10474
f 10475 10576 10476
f 10475 10574 10576
f 10476 10577 10477
f 10476 10576 10577
f 10579 10478 10578
f 10478 10577 10578
f 10478 10477 10577
f 10478 10579 10479
f 10479 10579 10580
f 10582 10581 10580
f 10581 10479 10580
f 10581 10480 10479
f 10480 10583 10481
f 10480 10581 10583
f 10481 10584 10482
f 10481 10583 10584
f 10482 10585 10483
f 10482 10584 10585
f 10587 10484 10586
f 10484 10585 10586
f 10484 10483 10585
f 10484 10587 10485
f 10485 10587 10588
f 10485 10588 10486
f 10486 10588 10589
f 10486 10589 10487
f 10487 10589 10590
f 10592 10591 10590
f 10591 10487 10590
f 10591 10488 10487
f 10594 10489 10593
f 10489 10591 10593
f 10489 10488 10591
f 10489 10594 10490
f 10490 10594 10595
f 10490 10595 10491
f 10491 10595 10596
f 10491 10596 10492
f 10492 10596 10597
f 10492 10597 10493
f 10493 10597 10598
f 10493 10598 10494
f 10494 10598 10599
f 10494 10599 10495
f 10495 10599 10600
f 10495 10600 10496
f 10496 10600 10601
f 10496 10601 10497
f 10497 10601 10602
f 10497 10602 10498
f 10498 10602 10603
f 10498 10603 10499
f 10499 10603 10604
f 10499 10604 10500
f 10500 10604 10605
f 10500 10605 10501
f 10501 10605 10606
f 10501 10606 10502
f 10502 10606 10607
f 10502 10607 10503
f 10503 10607 10608
f 10503 10608 10504
f 10504 10608 10609
f 10504 10609 10505
f 10505 10609 10610
f 10505 10610 10506
f 10506 10610 10611
f 10506 10611 10507
f 10507 10611 10612
f 10507 10612 10508
f 10508 10612 10613
f 10508 10613 10509
f 10509 10613 10614
f 10616 10615 10614
f 10615 10509 10614
f 10615 10510 10509
f 10510 10617 10511
f 10510 10615 10617
f 10511 10618 10512
f 10511 10617 10618
f 10512 10619 10513
f 10512 10618 10619
f 10620 8476 8443
f 10513 10620 8443
f 10619 10620 10513
f 10621 8477 8476
f 10621 8476 10620
f 10514 8445 8477
f 10621 10514 8477
f 10622 10514 10621
f 10623 8478 8448
f 10514 10623 8448
f 10622 10623 10514
f 10624 8479 8478
f 10624 8478 10623
f 10625 8480 8479
f 10625 8479 10624
f 10626 8481 8480
f 10626 8480 10625
f 10627 8482 8481
f 10627 8481 10626
f 10515 8453 8482
f 10627 10515 8482
f 10628 10515 10627
f 10515 10629 10516
f 10515 10628 10629
f 10516 10630 10517
f 10516 10629 10630
f 10631 8483 8458
f 10517 10631 8458
f 10630 10631 10517
f 10518 8459 8483
f 10631 10518 8483
f 10632 10518 10631
f 10518 10633 10519
f 10518 10632 10633
f 10634 8484 8463
f 10519 10634 8463
f 10633 10634 10519
f 10635 8485 8484
f 10635 8484 10634
f 10636 8486 8485
f 10636 8485 10635
f 10636 10637 8486
f 8486 10637 8466
f 10637 10638 8466
f 10638 10520 8466
f 10640 10639 10638
f 10639 10520 10638
f 10639 10521 10520
f 10641 8487 8470
f 10521 10641 8470
f 10639 10641 10521
f 10641 10642 8487
f 8487 10642 8471
f 10642 10643 8471
f 10643 10522 8471
f 10522 10643 10523
f 10523 10643 10644
f 10523 10644 10524
f 10524 10644 10645
f 10647 10646 10645
f 10646 10524 10645
f 10646 10525 10524
f 10649 10526 10648
f 10526 10646 10648
f 10526 10525 10646
f 10526 10649 10527
f 10527 10649 10650
f 10527 10650 10528
f 10531 10651 10530
f 10530 10651 10532
f 10532 10651 10652
f 10532 10652 10533
f 10533 10652 10653
f 10533 10653 10534
f 10534 10653 10654
f 10534 10654 10535
f 10535 10654 10655
f 10535 10655 10536
f 10536 10655 10656
f 10536 10656 10537
f 10537 10656 10657
f 10537 10657 10538
f 10538 10657 10658
f 10538 10658 10539
f 10539 10658 10659
f 10539 10659 10540
f 10540 10659 10660
f 10540 10660 10541
f 10541 10660 10661
f 10541 10661 10542
f 10542 10661 10662
f 10542 10662 10543
f 10549 10663 10548
f 10548 10663 10550
f 10561 10562 10664
f 10664 10562 10665
f 10561 10666 10563
f 10561 10664 10666
f 10563 10667 10564
f 10563 10666 10667
f 10564 10668 10565
f 10564 10667 10668
f 10566 10565 10669
f 10669 10565 10668
f 10569 10670 10568
f 10672 10671 10670
f 10671 10568 10670
f 10671 10570 10568
f 10570 10673 10571
f 10570 10671 10673
f 10572 10571 10674
f 10571 10675 10674
f 10571 10673 10675
f 10674 10675 10575
f 10675 10574 10575
f 10675 10676 10574
f 10574 10677 10576
f 10574 10676 10677
f 10576 10678 10577
f 10576 10677 10678
f 10578 10577 10679
f 10679 10577 10678
f 10581 10582 10680
f 10680 10582 10681
f 10581 10682 10583
f 10581 10680 10682
f 10684 10584 10683
f 10584 10682 10683
f 10584 10583 10682
f 10584 10684 10585
f 10585 10684 10685
f 10585 10685 10586
f 10592 10686 10591
f 10591 10686 10593
f 10616 10687 10615
f 10615 10687 10617
f 10617 10687 10688
f 10617 10688 10618
f 10618 10688 10689
f 10618 10689 10619
f 10619 10689 10690
f 10619 10690 10620
f 10620 10690 10691
f 10620 10691 10621
f 10621 10691 10692
f 10621 10692 10622
f 10622 10692 10693
f 10622 10693 10623
f 10623 10693 10694
f 10623 10694 10624
f 10624 10694 10695
f 10624 10695 10625
f 10625 10695 10696
f 10625 10696 10626
f 10626 10696 10697
f 10626 10697 10627
f 10627 10697 10698
f 10627 10698 10628
f 10628 10698 10699
f 10628 10699 10629
f 10629 10699 10700
f 10629 10700 10630
f 10630 10700 10701
f 10630 10701 10631
f 10631 10701 10702
f 10631 10702 10632
f 10632 10702 10703
f 10632 10703 10633
f 10633 10703 10704
f 10633 10704 10634
f 10634 10704 10705
f 10634 10705 10635
f 10635 10705 10706
f 10635 10706 10636
f 10636 10706 10707
f 10636 10707 10637
f 10640 10708 10639
f 10639 10708 10641
f 10641 10708 10709
f 10641 10709 10642
f 10647 10710 10646
f 10646 10710 10648
f 10665 10711 10664
f 10664 10711 10666
f 10666 10711 10712
f 10714 10713 10712
f 10713 10666 10712
f 10713 10667 10666
f 10667 10715 10668
f 10667 10713 10715
f 10669 10668 10716
f 10716 10668 10715
f 10671 10672 10717
f 10717 10672 10718
f 10671 10719 10673
f 10671 10717 10719
f 10673 10720 10675
f 10673 10719 10720
f 10675 10721 10676
f 10675 10720 10721
f 10676 10722 10677
f 10676 10721 10722
f 10677 10723 10678
f 10677 10722 10723
f 10679 10678 10724
f 10724 10678 10723
f 10680 10681 10725
f 10725 10681 10726
f 10680 10727 10682
f 10680 10725 10727
f 10683 10682 10728
f 10728 10682 10727
f 10714 10729 10713
f 10713 10729 10715
f 10715 10729 10730
f 10715 10730 10716
f 10718 10731 10717
f 10717 10731 10719
f 10719 10731 10732
f 10719 10732 10720
f 10720 10732 10733
f 10720 10733 10721
f 10721 10733 10734
f 10721 10734 10722
f 10722 10734 10735
f 10722 10735 10723
f 10723 10735 10736
f 10723 10736 10724
f 10726 10737 10725
f 10725 10737 10727
f 10727 10737 10738
f 10727 10738 10728
f 10741 10740 10739
f 10743 10742 10739
f 10739 10742 10741
f 10745 10744 10743
f 10743 10744 10742
f 10747 10746 10745
f 10745 10746 10744
f 10749 10748 10747
f 10747 10748 10746
f 10749 10750 10748
f 10753 10752 10751
f 10755 10754 10751
f 10751 10754 10753
f 10757 10756 10755
f 10755 10756 10754
f 10759 10758 10757
f 10757 10758 10756
f 10761 10760 10759
f 10759 10760 10758
f 10763 10762 10761
f 10761 10762 10760
f 10765 10764 10763
f 10763 10764 10762
f 10764 10765 10740
f 10740 10765 10739
f 10765 8489 10739
f 8489 8490 10739
f 10739 8490 8491
f 10739 8491 10743
f 10743 8491 8493
f 10766 10743 8493
f 10745 10743 10766
f 10745 10767 10747
f 10745 10766 10767
f 10747 10768 10749
f 10747 10767 10768
f 10750 10749 10769
f 10749 10770 10769
f 10749 10768 10770
f 10772 10771 10770
f 10770 10771 10769
f 10774 10773 10772
f 10772 10773 10771
f 10776 10775 10774
f 10774 10775 10773
f 10778 10777 10776
f 10776 10777 10775
f 10778 10779 10777
f 10751 10752 10780
f 10780 10752 10781
f 10751 10782 10755
f 10751 10780 10782
f 10755 10783 10757
f 10755 10782 10783
f 10757 10784 10759
f 10757 10783 10784
f 10759 10785 10761
f 10759 10784 10785
f 10761 10786 10763
f 10761 10785 10786
f 10763 10787 10765
f 10763 10786 10787
f 10787 8495 8489
f 10787 8489 10765
f 8496 10788 8497
f 10788 8493 8497
f 10788 10766 8493
f 10788 8500 8498
f 10766 10788 8498
f 10766 8498 8501
f 10789 10766 8501
f 10767 10766 10789
f 10767 10790 10768
f 10767 10789 10790
f 10768 10791 10770
f 10768 10790 10791
f 10770 10792 10772
f 10770 10791 10792
f 10772 10793 10774
f 10772 10792 10793
f 10774 10794 10776
f 10774 10793 10794
f 10776 10795 10778
f 10776 10794 10795
f 10779 10778 10796
f 10778 10797 10796
f 10778 10795 10797
f 10797 10798 10796
f 10780 10781 10799
f 10799 10781 10800
f 10780 10801 10782
f 10780 10799 10801
f 10782 10802 10783
f 10782 10801 10802
f 10783 10803 10784
f 10783 10802 10803
f 10784 10804 10785
f 10784 10803 10804
f 10785 10805 10786
f 10785 10804 10805
f 10786 10806 10787
f 10786 10805 10806
f 10806 8503 8495
f 10806 8495 10787
f 8504 10807 10788
f 8504 10788 8496
f 10807 8506 8500
f 10807 8500 10788
f 8507 10808 10789
f 8507 10789 8501
f 10789 10809 10790
f 10789 10808 10809
f 10790 10810 10791
f 10790 10809 10810
f 10791 10811 10792
f 10791 10810 10811
f 10792 10812 10793
f 10792 10811 10812
f 10793 10813 10794
f 10793 10812 10813
f 10794 10814 10795
f 10794 10813 10814
f 10795 10815 10797
f 10795 10814 10815
f 10798 10797 10816
f 10816 10797 10815
f 10819 10818 10817
f 10821 10820 10817
f 10817 10820 10819
f 10823 10822 10821
f 10821 10822 10820
f 10822 10823 10800
f 10823 10799 10800
f 10823 10824 10799
f 10799 10825 10801
f 10799 10824 10825
f 10801 10826 10802
f 10801 10825 10826
f 10802 10827 10803
f 10802 10826 10827
f 10803 10828 10804
f 10803 10827 10828
f 10804 10829 10805
f 10804 10828 10829
f 10829 8509 8510
f 10806 10829 8510
f 10805 10829 10806
f 10806 8510 8503
f 8512 10807 8504
f 10807 8512 8506
f 8515 10808 8507
f 10808 8515 8517
f 10808 8517 10809
f 10809 8517 8519
f 10809 8519 10810
f 10810 8519 8521
f 10810 8521 10811
f 10811 8521 8523
f 10811 8523 10812
f 10812 8523 8525
f 10812 8525 10813
f 10813 8525 8527
f 10830 10813 8527
f 10814 10813 10830
f 10814 10831 10815
f 10814 10830 10831
f 10816 10815 10832
f 10815 10833 10832
f 10815 10831 10833
f 10833 10834 10832
f 10837 10836 10835
f 10839 10838 10835
f 10835 10838 10837
f 10839 10840 10838
f 10843 10842 10841
f 10845 10844 10841
f 10841 10844 10843
f 10847 10846 10845
f 10845 10846 10844
f 10849 10848 10847
f 10847 10848 10846
f 10851 10850 10849
f 10849 10850 10848
f 10853 10852 10851
f 10851 10852 10850
f 10855 10854 10853
f 10853 10854 10852
f 10857 10856 10855
f 10855 10856 10854
f 10856 10857 10818
f 10818 10857 10817
f 10857 8529 10817
f 8529 8530 10817
f 10817 8530 8531
f 10817 8531 10821
f 10821 8531 8533
f 10821 8533 10823
f 10823 8533 8535
f 10823 8535 10824
f 10824 8535 8537
f 10824 8537 10825
f 10825 8537 8539
f 10825 8539 10826
f 10826 8539 8541
f 10826 8541 10827
f 10827 8541 8543
f 10827 8543 10828
f 10828 8543 8545
f 10828 8545 10829
f 10829 8545 8509
f 8557 10830 8527
f 10830 8557 8559
f 10830 8559 10831
f 10831 8559 8561
f 10831 8561 10833
f 10859 10858 8563
f 8563 10858 8561
f 10858 10834 8561
f 10834 10833 8561
f 10861 10860 10859
f 10859 10860 10858
f 10863 10862 10861
f 10861 10862 10860
f 10862 10863 10836
f 10863 10835 10836
f 10863 10864 10835
f 10835 10865 10839
f 10835 10864 10865
f 10840 10839 10866
f 10839 10867 10866
f 10839 10865 10867
f 10867 10868 10866
f 10871 10870 10869
f 10873 10872 10869
f 10869 10872 10871
f 10875 10874 10873
f 10873 10874 10872
f 10877 10876 10875
f 10875 10876 10874
f 10879 10878 10877
f 10877 10878 10876
f 10881 10880 10879
f 10879 10880 10878
f 10880 10881 10842
f 10881 10841 10842
f 10881 10882 10841
f 10841 10883 10845
f 10841 10882 10883
f 10883 8565 8566
f 10847 10883 8566
f 10845 10883 10847
f 10847 8566 8567
f 10847 8567 10849
f 10849 8567 8569
f 10849 8569 10851
f 10851 8569 8571
f 10851 8571 10853
f 10853 8571 8573
f 10853 8573 10855
f 10855 8573 8575
f 10855 8575 10857
f 10857 8575 8529
f 8599 10859 8563
f 10859 8599 8601
f 10859 8601 10861
f 10861 8601 8603
f 10861 8603 10863
f 10863 8603 8605
f 10863 8605 10864
f 10864 8605 8607
f 10884 10864 8607
f 10865 10864 10884
f 10865 10885 10867
f 10865 10884 10885
f 10868 10867 10886
f 10867 10887 10886
f 10867 10885 10887
f 10889 10888 10887
f 10887 10888 10886
f 10891 10890 10889
f 10889 10890 10888
f 10891 10892 10890
f 10895 10894 10893
f 10895 10893 10870
f 10893 10869 10870
f 10893 10896 10869
f 10869 10897 10873
f 10869 10896 10897
f 10873 10898 10875
f 10873 10897 10898
f 10875 10899 10877
f 10875 10898 10899
f 10877 10900 10879
f 10877 10899 10900
f 10879 10901 10881
f 10879 10900 10901
f 10881 10902 10882
f 10881 10901 10902
f 10902 8609 8610
f 10883 10902 8610
f 10882 10902 10883
f 10883 8610 8565
f 8643 10884 8607
f 10884 8643 8645
f 10884 8645 10885
f 10885 8645 8647
f 10885 8647 10887
f 10887 8647 8649
f 10903 10887 8649
f 10889 10887 10903
f 10889 10904 10891
f 10889 10903 10904
f 10892 10891 10905
f 10891 10906 10905
f 10891 10904 10906
f 10906 10907 10905
f 10910 10909 10908
f 10912 10911 10908
f 10908 10911 10910
f 10914 10913 10912
f 10912 10913 10911
f 10916 10915 10914
f 10914 10915 10913
f 10918 10917 10916
f 10916 10917 10915
f 10920 10919 10918
f 10918 10919 10917
f 10922 10921 10920
f 10920 10921 10919
f 10924 10923 10922
f 10922 10923 10921
f 10926 10925 10924
f 10924 10925 10923
f 10928 10927 10926
f 10926 10927 10925
f 10927 10928 10894
f 10894 10928 10893
f 10928 8651 10893
f 8651 8652 10893
f 10893 8652 8653
f 10893 8653 10896
f 10896 8653 8655
f 10896 8655 10897
f 10897 8655 8657
f 10897 8657 10898
f 10898 8657 8659
f 10898 8659 10899
f 10899 8659 8661
f 10899 8661 10900
f 10900 8661 8663
f 10900 8663 10901
f 10901 8663 8665
f 10901 8665 10902
f 10902 8665 8609
f 8694 10903 8649
f 10903 8694 8696
f 10903 8696 10904
f 10904 8696 8698
f 10929 10904 8698
f 10906 10904 10929
f 10907 10906 10930
f 10906 10931 10930
f 10906 10929 10931
f 10933 10932 10931
f 10931 10932 10930
f 10935 10934 10933
f 10933 10934 10932
f 10937 10936 10935
f 10935 10936 10934
f 10939 10938 10937
f 10937 10938 10936
f 10941 10940 10939
f 10939 10940 10938
f 10943 10942 10941
f 10941 10942 10940
f 10943 10944 10942
f 10947 10946 10945
f 10949 10948 10945
f 10945 10948 10947
f 10949 10950 10948
f 10953 10952 10951
f 10955 10954 10951
f 10951 10954 10953
f 10957 10956 10955
f 10955 10956 10954
f 10959 10958 10957
f 10957 10958 10956
f 10961 10960 10959
f 10959 10960 10958
f 10963 10962 10961
f 10961 10962 10960
f 10963 10964 10962
f 10967 10966 10965
f 10969 10968 10965
f 10965 10968 10967
f 10971 10970 10969
f 10969 10970 10968
f 10970 10971 10909
f 10909 10971 10908
f 10971 8700 10908
f 8700 8701 10908
f 10908 8701 8702
f 10908 8702 10912
f 10912 8702 8704
f 10912 8704 10914
f 10914 8704 8706
f 10914 8706 10916
f 10916 8706 8708
f 10916 8708 10918
f 10918 8708 8710
f 10972 10918 8710
f 10920 10918 10972
f 10920 10973 10922
f 10920 10972 10973
f 10973 8712 8713
f 10924 10973 8713
f 10922 10973 10924
f 10924 8713 8714
f 10924 8714 10926
f 10926 8714 8716
f 10926 8716 10928
f 10928 8716 8651
f 8739 10929 8698
f 10929 8739 8741
f 10929 8741 10931
f 10931 8741 8743
f 10931 8743 10933
f 10933 8743 8745
f 10933 8745 10935
f 10935 8745 8747
f 10935 8747 10937
f 10937 8747 8749
f 10937 8749 10939
f 10939 8749 8751
f 10974 10939 8751
f 10941 10939 10974
f 10941 10975 10943
f 10941 10974 10975
f 10944 10943 10976
f 10943 10977 10976
f 10943 10975 10977
f 8753 8754 10977
f 8754 10976 10977
f 8754 10978 10976
f 8755 10945 10946
f 10978 8755 10946
f 8754 8755 10978
f 10945 8755 8757
f 10945 8757 10949
f 10980 10979 8759
f 8759 10979 8757
f 10979 10950 8757
f 10950 10949 8757
f 10982 10981 10980
f 10980 10981 10979
f 10982 10983 10981
f 10986 10985 10984
f 10988 10987 10984
f 10984 10987 10986
f 10988 10989 10987
f 10992 10991 10990
f 10994 10993 10990
f 10990 10993 10992
f 10996 10995 10994
f 10994 10995 10993
f 10996 10997 10995
f 11000 10999 10998
f 11002 11001 10998
f 10998 11001 11000
f 11004 11003 11002
f 11002 11003 11001
f 11006 11005 11004
f 11004 11005 11003
f 11006 11007 11005
f 11010 11009 11008
f 11012 11011 11008
f 11008 11011 11010
f 11014 11013 11012
f 11012 11013 11011
f 11016 11015 11014
f 11014 11015 11013
f 11016 11017 11015
f 10952 11018 10951
f 10951 11018 10955
f 10955 11018 11019
f 11021 11020 11019
f 11020 10955 11019
f 11020 10957 10955
f 10957 11022 10959
f 10957 11020 11022
f 10959 11023 10961
f 10959 11022 11023
f 11025 10963 11024
f 10963 11023 11024
f 10963 10961 11023
f 10963 11025 10964
f 10966 11026 10965
f 11028 11027 11026
f 11027 10965 11026
f 11027 10969 10965
f 10969 11029 10971
f 10969 11027 11029
f 11029 8761 8700
f 11029 8700 10971
f 8766 11030 10972
f 8766 10972 8710
f 10972 11031 10973
f 10972 11030 11031
f 11032 8767 8712
f 10973 11032 8712
f 11031 11032 10973
f 11032 8769 8767
f 8804 11033 8805
f 10974 8751 8805
f 11033 10974 8805
f 11034 10974 11033
f 11034 8807 8808
f 10975 11034 8808
f 10974 11034 10975
f 10975 8808 8809
f 10975 8809 10977
f 10977 8809 8753
f 8814 10980 8759
f 10980 8814 8816
f 11035 10980 8816
f 10982 10980 11035
f 10983 10982 11036
f 10982 11037 11036
f 10982 11035 11037
f 11037 11038 11036
f 11041 11040 11039
f 11041 11039 10985
f 11039 10984 10985
f 11039 11042 10984
f 10984 11043 10988
f 10984 11042 11043
f 10989 10988 11044
f 10988 11045 11044
f 10988 11043 11045
f 11047 11046 11045
f 11045 11046 11044
f 11049 11048 11047
f 11047 11048 11046
f 11051 11050 11049
f 11049 11050 11048
f 11050 11051 10991
f 11051 10990 10991
f 11051 11052 10990
f 10990 11053 10994
f 10990 11052 11053
f 10994 11054 10996
f 10994 11053 11054
f 10997 10996 11055
f 11055 10996 11054
f 10998 10999 11056
f 11056 10999 11057
f 10998 11058 11002
f 10998 11056 11058
f 11002 11059 11004
f 11002 11058 11059
f 11004 11060 11006
f 11004 11059 11060
f 11007 11006 11061
f 11061 11006 11060
f 11064 11063 11062
f 11062 11065 11064
f 11068 11067 11066
f 11066 11069 11068
f 11009 11070 11008
f 11072 11071 11070
f 11071 11008 11070
f 11071 11012 11008
f 11012 11073 11014
f 11012 11071 11073
f 11075 11016 11074
f 11016 11073 11074
f 11016 11014 11073
f 11016 11075 11017
f 11021 11076 11020
f 11020 11076 11022
f 11022 11076 11077
f 11022 11077 11023
f 11023 11077 11078
f 11023 11078 11024
f 11028 11079 11027
f 11081 11080 11079
f 11080 11027 11079
f 11080 11029 11027
f 11082 8817 8761
f 11029 11082 8761
f 11080 11082 11029
f 11082 8819 8817
f 8821 11083 8822
f 11084 8823 8822
f 11084 8822 11083
f 11030 8766 8823
f 11084 11030 8823
f 11085 11030 11084
f 11030 11086 11031
f 11030 11085 11086
f 11031 11087 11032
f 11031 11086 11087
f 11088 8824 8769
f 11032 11088 8769
f 11087 11088 11032
f 11088 8826 8824
f 8878 11089 11033
f 8878 11033 8804
f 11033 11090 11034
f 11033 11089 11090
f 11091 8879 8807
f 11034 11091 8807
f 11090 11091 11034
f 11092 8880 8879
f 11092 8879 11091
f 11092 8882 8880
f 8886 11093 11035
f 8886 11035 8816
f 11035 11094 11037
f 11035 11093 11094
f 11038 11037 11095
f 11095 11037 11094
f 11098 11097 11096
f 11098 11096 11040
f 11096 11039 11040
f 11096 11099 11039
f 11039 11100 11042
f 11039 11099 11100
f 11042 11101 11043
f 11042 11100 11101
f 11043 11102 11045
f 11043 11101 11102
f 11104 11047 11103
f 11047 11102 11103
f 11047 11045 11102
f 11106 11105 11104
f 11105 11047 11104
f 11105 11049 11047
f 11049 11107 11051
f 11049 11105 11107
f 11051 11108 11052
f 11051 11107 11108
f 11052 11109 11053
f 11052 11108 11109
f 11053 11110 11054
f 11053 11109 11110
f 11055 11054 11111
f 11111 11054 11110
f 11056 11057 11112
f 11112 11057 11113
f 11056 11114 11058
f 11056 11112 11114
f 11058 11115 11059
f 11058 11114 11115
f 11059 11116 11060
f 11059 11115 11116
f 11061 11060 11117
f 11117 11060 11116
f 11120 11119 11118
f 11120 11118 11063
f 11118 11062 11063
f 11118 11121 11062
f 11065 11062 11122
f 11122 11062 11121
f 11066 11067 11123
f 11123 11067 11124
f 11069 11066 11125
f 11066 11126 11125
f 11066 11123 11126
f 11126 11127 11125
f 11130 11129 11128
f 11132 11131 11128
f 11128 11131 11130
f 11132 11133 11131
f 11071 11072 11134
f 11134 11072 11135
f 11071 11136 11073
f 11071 11134 11136
f 11074 11073 11137
f 11137 11073 11136
f 11140 11139 11138
f 11138 11139 11141
f 11143 11142 11140
f 11140 11142 11139
f 11145 11144 11143
f 11143 11144 11142
f 11147 11146 11145
f 11145 11146 11144
f 11149 11148 11147
f 11147 11148 11146
f 11151 11150 11149
f 11149 11150 11148
f 11153 11152 11151
f 11151 11152 11150
f 11155 11154 11153
f 11153 11154 11152
f 11157 11156 11155
f 11155 11156 11154
f 11156 11157 11081
f 11157 11080 11081
f 11157 11158 11080
f 11158 8888 8889
f 11082 11158 8889
f 11080 11158 11082
f 11082 8889 8819
f 8892 11083 8821
f 11083 8892 8894
f 11083 8894 11084
f 11084 8894 8896
f 11084 8896 11085
f 11085 8896 8898
f 11085 8898 11086
f 11086 8898 8900
f 11086 8900 11087
f 11087 8900 8902
f 11087 8902 11088
f 11088 8902 8826
f 8937 11089 8878
f 11089 8937 8939
f 11089 8939 11090
f 11090 8939 8941
f 11090 8941 11091
f 11091 8941 8943
f 11091 8943 11092
f 11092 8943 8882
f 8949 11093 8886
f 11093 8949 8951
f 11159 11093 8951
f 11094 11093 11159
f 11095 11094 11160
f 11094 11161 11160
f 11094 11159 11161
f 11163 11162 11161
f 11161 11162 11160
f 11162 11163 11097
f 11163 11096 11097
f 11163 11164 11096
f 11096 11165 11099
f 11096 11164 11165
f 11165 8953 8954
f 11100 11165 8954
f 11099 11165 11100
f 11100 8954 8955
f 11100 8955 11101
f 11101 8955 8957
f 11166 11101 8957
f 11102 11101 11166
f 11103 11102 11167
f 11102 11168 11167
f 11102 11166 11168
f 11167 11168 11106
f 11168 11105 11106
f 11168 11169 11105
f 11169 8959 8960
f 11107 11169 8960
f 11105 11169 11107
f 11107 8960 8961
f 11107 8961 11108
f 11108 8961 8963
f 11108 8963 11109
f 11109 8963 8965
f 11109 8965 11110
f 11171 11170 8967
f 8967 11170 8965
f 11170 11111 8965
f 11111 11110 8965
f 11173 11172 11171
f 11171 11172 11170
f 11175 11174 11173
f 11173 11174 11172
f 11177 11176 11175
f 11175 11176 11174
f 11179 11178 11177
f 11177 11178 11176
f 11181 11180 11179
f 11179 11180 11178
f 11180 11181 11113
f 11113 11181 11112
f 11181 8969 11112
f 8969 8970 11112
f 11112 8970 8971
f 11112 8971 11114
f 11114 8971 8973
f 11182 11114 8973
f 11115 11114 11182
f 11115 11183 11116
f 11115 11182 11183
f 11117 11116 11184
f 11116 11185 11184
f 11116 11183 11185
f 11187 11186 11185
f 11185 11186 11184
f 11189 11188 11187
f 11187 11188 11186
f 11191 11190 11189
f 11189 11190 11188
f 11193 11192 11191
f 11191 11192 11190
f 11195 11194 11193
f 11193 11194 11192
f 11197 11196 11195
f 11195 11196 11194
f 11197 11198 11196
f 11201 11200 11199
f 11203 11202 11199
f 11199 11202 11201
f 11205 11204 11203
f 11203 11204 11202
f 11205 11206 11204
f 11209 11208 11207
f 11211 11210 11207
f 11207 11210 11209
f 11213 11212 11211
f 11211 11212 11210
f 11215 11214 11213
f 11213 11214 11212
f 11214 11215 11119
f 11119 11215 11118
f 11215 8975 11118
f 8975 8976 11118
f 11118 8976 8977
f 11118 8977 11121
f 11217 11216 8979
f 8979 11216 8977
f 11216 11122 8977
f 11122 11121 8977
f 11217 11218 11216
f 11221 11220 11219
f 11223 11222 11219
f 11219 11222 11221
f 11225 11224 11223
f 11223 11224 11222
f 11224 11225 11124
f 11124 11225 11123
f 11225 8981 11123
f 8981 8982 11123
f 11123 8982 8983
f 11123 8983 11126
f 11227 11226 8985
f 8985 11226 8983
f 11226 11127 8983
f 11127 11126 8983
f 11229 11228 11227
f 11227 11228 11226
f 11231 11230 11229
f 11229 11230 11228
f 11233 11232 11231
f 11231 11232 11230
f 11235 11234 11233
f 11233 11234 11232
f 11234 11235 11129
f 11129 11235 11128
f 11235 8987 11128
f 8987 8988 11128
f 11128 8988 8989
f 11128 8989 11132
f 11237 11236 8991
f 8991 11236 8989
f 11236 11133 8989
f 11133 11132 8989
f 11237 11238 11236
f 11241 11240 11239
f 11243 11242 11239
f 11239 11242 11241
f 11245 11244 11243
f 11243 11244 11242
f 11247 11246 11245
f 11245 11246 11244
f 11247 11248 11246
f 11251 11250 11249
f 11249 11252 11251
f 11255 11254 11253
f 11257 11256 11253
f 11253 11256 11255
f 11257 11258 11256
f 11261 11260 11259
f 11263 11262 11259
f 11259 11262 11261
f 11262 11263 11135
f 11135 11263 11134
f 11263 8993 11134
f 8993 8994 11134
f 11134 8994 8995
f 11264 11134 8995
f 11136 11134 11264
f 11137 11136 11265
f 11136 11266 11265
f 11136 11264 11266
f 11268 11267 11266
f 11266 11267 11265
f 11138 8999 8997
f 11138 8997 11140
f 11140 8997 9000
f 11140 9000 11143
f 11143 9000 9002
f 11143 9002 11145
f 11145 9002 9004
f 11145 9004 11147
f 11147 9004 9006
f 11147 9006 11149
f 11149 9006 9008
f 11149 9008 11151
f 11151 9008 9010
f 11151 9010 11153
f 11153 9010 9012
f 11153 9012 11155
f 11155 9012 9014
f 11155 9014 11157
f 11157 9014 9016
f 11157 9016 11158
f 11158 9016 8888
f 9035 11159 8951
f 11159 9035 9037
f 11159 9037 11161
f 11161 9037 9039
f 11161 9039 11163
f 11163 9039 9041
f 11163 9041 11164
f 11164 9041 9043
f 11164 9043 11165
f 11165 9043 8953
f 9047 11166 8957
f 11166 9047 9049
f 11166 9049 11168
f 11168 9049 9051
f 11168 9051 11169
f 11169 9051 8959
f 9057 11171 8967
f 11171 9057 9059
f 11171 9059 11173
f 11173 9059 9061
f 11173 9061 11175
f 11175 9061 9063
f 11175 9063 11177
f 11177 9063 9065
f 11177 9065 11179
f 11179 9065 9067
f 11179 9067 11181
f 11181 9067 8969
f 9071 11182 8973
f 11182 9071 9073
f 11182 9073 11183
f 11183 9073 9075
f 11183 9075 11185
f 11185 9075 9077
f 11185 9077 11187
f 11187 9077 9079
f 11187 9079 11189
f 11189 9079 9081
f 11189 9081 11191
f 11191 9081 9083
f 11191 9083 11193
f 11193 9083 9085
f 11193 9085 11195
f 11195 9085 9087
f 11195 9087 11197
f 11270 11269 9089
f 9089 11269 9087
f 11269 11198 9087
f 11198 11197 9087
f 11272 11271 11270
f 11270 11271 11269
f 9091 9092 11272
f 9092 11271 11272
f 9092 11273 11271
f 9093 11199 11200
f 11273 9093 11200
f 9092 9093 11273
f 11199 9093 9095
f 11199 9095 11203
f 11203 9095 9097
f 11203 9097 11205
f 11274 11206 11205
f 9097 11274 11205
f 9099 11274 9097
f 9101 11207 11208
f 11274 9101 11208
f 9099 9101 11274
f 11207 9101 9103
f 11207 9103 11211
f 11211 9103 9105
f 11211 9105 11213
f 11213 9105 9107
f 11213 9107 11215
f 11215 9107 8975
f 9111 11217 8979
f 11276 11275 9113
f 9113 11275 9111
f 11275 11218 9111
f 11218 11217 9111
f 9115 9116 11276
f 9116 11275 11276
f 9116 11277 11275
f 9117 11219 11220
f 11277 9117 11220
f 9116 9117 11277
f 11219 9117 9119
f 11219 9119 11223
f 11223 9119 9121
f 11223 9121 11225
f 11225 9121 8981
f 9125 11227 8985
f 11227 9125 9127
f 11227 9127 11229
f 11229 9127 9129
f 11229 9129 11231
f 11231 9129 9131
f 11231 9131 11233
f 11233 9131 9133
f 11233 9133 11235
f 11235 9133 8987
f 9137 11237 8991
f 11279 11278 9139
f 9139 11278 9137
f 11278 11238 9137
f 11238 11237 9137
f 9141 9142 11279
f 9142 11278 11279
f 9142 11280 11278
f 11282 11281 9143
f 11281 9142 9143
f 11281 11280 9142
f 11284 11283 11282
f 11282 11283 11281
f 11283 11284 11240
f 11240 11284 11239
f 11284 9145 11239
f 9145 9146 11239
f 11239 9146 9147
f 11239 9147 11243
f 11243 9147 9149
f 11243 9149 11245
f 11245 9149 9151
f 11245 9151 11247
f 11285 11248 11247
f 9151 11285 11247
f 9153 11285 9151
f 11286 9153 9155
f 11286 11285 9153
f 11287 9155 9157
f 11287 11286 9155
f 11289 11288 9159
f 11288 9157 9159
f 11288 11287 9157
f 9161 9162 11289
f 9162 11288 11289
f 9162 11290 11288
f 9163 11249 11250
f 11290 9163 11250
f 9162 9163 11290
f 11291 11252 11249
f 9163 11291 11249
f 9165 11291 9163
f 11293 11292 9167
f 11292 9165 9167
f 11292 11291 9165
f 11295 11294 11293
f 11293 11294 11292
f 11297 11296 11295
f 11295 11296 11294
f 11299 11298 11297
f 11297 11298 11296
f 11301 11300 11299
f 11299 11300 11298
f 11303 11302 11301
f 11301 11302 11300
f 11305 11304 11303
f 11303 11304 11302
f 11307 11306 11305
f 11305 11306 11304
f 11309 11308 11307
f 11307 11308 11306
f 11311 11310 11309
f 11309 11310 11308
f 11313 11312 11311
f 11311 11312 11310
f 9169 9170 11313
f 9170 11312 11313
f 9170 11314 11312
f 9171 11253 11254
f 11314 9171 11254
f 9170 9171 11314
f 11253 9171 9173
f 11253 9173 11257
f 11315 11258 11257
f 9173 11315 11257
f 9175 11315 9173
f 11317 11316 9177
f 11316 9175 9177
f 11316 11315 9175
f 11319 11318 11317
f 11317 11318 11316
f 11321 11320 11319
f 11319 11320 11318
f 9179 9180 11321
f 9180 11320 11321
f 9180 11322 11320
f 9181 11259 11260
f 11322 9181 11260
f 9180 9181 11322
f 11259 9181 9183
f 11259 9183 11263
f 11263 9183 8993
f 9186 11264 8995
f 11264 9186 9188
f 11264 9188 11266
f 11266 9188 9190
f 11266 9190 11268
f 9232 11270 9089
f 11270 9232 9234
f 11270 9234 11272
f 11272 9234 9091
f 9248 11276 9113
f 11276 9248 9115
f 9264 11279 9139
f 11279 9264 9141
f 9267 11282 9143
f 11282 9267 9269
f 11282 9269 11284
f 11284 9269 9145
f 9278 11289 9159
f 11289 9278 9161
f 9283 11293 9167
f 11293 9283 9285
f 11323 11293 9285
f 11295 11293 11323
f 11295 11324 11297
f 11295 11323 11324
f 11324 9287 9288
f 11299 11324 9288
f 11297 11324 11299
f 11299 9288 9289
f 11299 9289 11301
f 11301 9289 9291
f 11301 9291 11303
f 11303 9291 9293
f 11303 9293 11305
f 11305 9293 9295
f 11305 9295 11307
f 11307 9295 9297
f 11307 9297 11309
f 11309 9297 9299
f 11309 9299 11311
f 11311 9299 9301
f 11311 9301 11313
f 11313 9301 9169
f 9307 11317 9177
f 11317 9307 9309
f 11317 9309 11319
f 11319 9309 9311
f 11319 9311 11321
f 11321 9311 9179
f 9417 11325 11323
f 9417 11323 9285
f 11323 11326 11324
f 11323 11325 11326
f 11326 9419 9287
f 11326 9287 11324
f 9432 11327 9433
f 11327 9435 9433
f 9543 11325 9417
f 11325 9543 9545
f 11325 9545 11326
f 11326 9545 9419
f 9560 11327 9432
f 11327 9560 9435
f 10073 11328 10074
f 11328 10076 10074
f 10089 11329 10090
f 11329 10092 10090
f 10110 11330 10111
f 11331 10112 10111
f 11331 10111 11330
f 11332 10113 10112
f 11332 10112 11331
f 11332 10115 10113
f 10116 11333 10117
f 11333 10119 10117
f 10121 11334 10122
f 10122 11334 11335
f 11336 10122 11335
f 10123 10122 11336
f 10123 11337 10124
f 11336 11337 10123
f 10124 11338 10125
f 11337 11338 10124
f 10073 10125 11328
f 10125 11339 11328
f 10125 11338 11339
f 11328 11339 10076
f 11339 10126 10076
f 11339 11340 10126
f 10126 11341 10127
f 11340 11341 10126
f 10127 11342 10128
f 11341 11342 10127
f 10128 11343 10129
f 11342 11343 10128
f 10129 11344 10130
f 11343 11344 10129
f 10130 11345 10131
f 11344 11345 10130
f 10131 11346 10132
f 11345 11346 10131
f 10132 11347 10133
f 11346 11347 10132
f 10133 11348 10134
f 11347 11348 10133
f 10134 11349 10135
f 11348 11349 10134
f 10135 11350 10136
f 11349 11350 10135
f 10136 11351 10137
f 11350 11351 10136
f 10137 11352 10138
f 11351 11352 10137
f 10089 10138 11329
f 10138 11353 11329
f 10138 11352 11353
f 11329 11353 10092
f 11353 10139 10092
f 11353 11354 10139
f 10139 11355 10140
f 11354 11355 10139
f 10140 11356 10141
f 11355 11356 10140
f 10141 11357 10142
f 11356 11357 10141
f 10142 11358 10143
f 11357 11358 10142
f 10143 11359 10144
f 11358 11359 10143
f 10144 11360 10145
f 11359 11360 10144
f 11360 11362 11361
f 10146 11360 11361
f 10145 11360 10146
f 10146 11361 11363
f 11364 10146 11363
f 10147 10146 11364
f 10147 11365 10148
f 11364 11365 10147
f 11365 11367 11366
f 10149 11365 11366
f 10148 11365 10149
f 11368 10150 10149
f 11368 10149 11366
f 11369 10151 10150
f 11369 10150 11368
f 11370 10152 10151
f 11370 10151 11369
f 11371 10153 10152
f 11371 10152 11370
f 11371 10155 10153
f 10172 11372 10173
f 11373 10174 10173
f 11373 10173 11372
f 11374 10175 10174
f 11374 10174 11373
f 11374 11375 10175
f 10175 11375 10110
f 11375 11376 10110
f 11376 11330 10110
f 11330 11376 11331
f 11331 11376 11377
f 11331 11377 11332
f 11332 11377 11378
f 11332 11378 10115
f 11378 10176 10115
f 11378 11379 10176
f 10116 10176 11333
f 10176 11380 11333
f 10176 11379 11380
f 11333 11380 10119
f 11380 10177 10119
f 11380 11381 10177
f 11381 11383 11382
f 10178 11381 11382
f 10177 11381 10178
f 11382 11384 10178
f 10178 11384 10121
f 11384 11385 10121
f 11385 11334 10121
f 11334 11385 11335
f 11362 11386 11361
f 11361 11386 11363
f 11367 11387 11366
f 11389 11388 11387
f 11388 11366 11387
f 11388 11368 11366
f 11368 11390 11369
f 11368 11388 11390
f 11392 11370 11391
f 11370 11390 11391
f 11370 11369 11390
f 11394 11393 11392
f 11393 11370 11392
f 11393 11371 11370
f 11393 10180 10155
f 11393 10155 11371
f 10201 11395 11372
f 10201 11372 10172
f 11372 11396 11373
f 11372 11395 11396
f 11373 11397 11374
f 11373 11396 11397
f 11375 11374 11398
f 11398 11374 11397
f 11401 11400 11399
f 11403 11402 11399
f 11399 11402 11401
f 11403 11404 11402
f 11382 11383 11405
f 11405 11383 11406
f 11384 11382 11407
f 11407 11382 11405
f 11410 11409 11408
f 11408 11411 11410
f 11414 11413 11412
f 11416 11415 11412
f 11412 11415 11414
f 11416 11417 11415
f 11420 11419 11418
f 11420 11418 11389
f 11389 11418 11388
f 11418 10203 11388
f 10203 10204 11388
f 11388 10204 10205
f 11388 10205 11390
f 11422 11421 10207
f 10207 11421 10205
f 11421 11391 10205
f 11391 11390 10205
f 11421 11422 11394
f 11394 11422 11393
f 11422 10209 11393
f 10209 10210 11393
f 11393 10210 10180
f 10225 11395 10201
f 11395 10225 10227
f 11395 10227 11396
f 11396 10227 10229
f 11423 11396 10229
f 11397 11396 11423
f 11398 11397 11424
f 11424 11397 11423
f 11399 11400 11425
f 11425 11400 11426
f 11399 11427 11403
f 11399 11425 11427
f 11404 11403 11428
f 11403 11429 11428
f 11403 11427 11429
f 11431 11430 11429
f 11429 11430 11428
f 11430 11431 11406
f 11431 11405 11406
f 11431 11432 11405
f 11407 11405 11433
f 11405 11434 11433
f 11405 11432 11434
f 11434 11435 11433
f 11438 11437 11436
f 11438 11436 11409
f 11436 11408 11409
f 11436 11439 11408
f 11411 11408 11440
f 11408 11441 11440
f 11408 11439 11441
f 11441 11442 11440
f 11445 11444 11443
f 11447 11446 11443
f 11443 11446 11445
f 11449 11448 11447
f 11447 11448 11446
f 11448 11449 11413
f 11449 11412 11413
f 11449 11450 11412
f 11412 11451 11416
f 11412 11450 11451
f 11417 11416 11452
f 11416 11453 11452
f 11416 11451 11453
f 11455 11454 11453
f 11453 11454 11452
f 11454 11455 11419
f 11419 11455 11418
f 11455 10231 11418
f 10231 10232 11418
f 11418 10232 10203
f 10235 11422 10207
f 11422 10235 10209
f 10254 11456 10255
f 10255 11456 11457
f 11458 10255 11457
f 10256 10255 11458
f 11458 11460 11459
f 10257 11458 11459
f 10256 11458 10257
f 11461 10258 10257
f 11461 10257 11459
f 11462 10259 10258
f 11462 10258 11461
f 11463 10260 10259
f 11463 10259 11462
f 10260 11463 11464
f 11465 10260 11464
f 10261 10260 11465
f 10261 11466 10262
f 11465 11466 10261
f 11466 11468 11467
f 10263 11466 11467
f 10262 11466 10263
f 11469 10264 10263
f 11469 10263 11467
f 11469 11470 10264
f 10264 11470 10229
f 11470 11471 10229
f 11471 11423 10229
f 11423 11471 11424
f 11426 11472 11425
f 11425 11472 11427
f 11427 11472 11473
f 11427 11473 11429
f 11429 11473 11474
f 11429 11474 11431
f 11431 11474 11475
f 11431 11475 11432
f 11432 11475 11476
f 11432 11476 11434
f 11434 11476 11477
f 11434 11477 11435
f 11437 11478 11436
f 11480 11479 11478
f 11479 11436 11478
f 11479 11439 11436
f 11482 11441 11481
f 11441 11479 11481
f 11441 11439 11479
f 11441 11482 11442
f 11444 11483 11443
f 11443 11483 11447
f 11447 11483 11484
f 11447 11484 11449
f 11449 11484 11485
f 11487 11486 11485
f 11486 11449 11485
f 11486 11450 11449
f 11450 11488 11451
f 11450 11486 11488
f 11490 11453 11489
f 11453 11488 11489
f 11453 11451 11488
f 11453 11490 11455
f 11455 11490 11491
f 11455 11491 10231
f 11491 10265 10231
f 11491 11492 10265
f 11492 11494 11493
f 10266 11492 11493
f 10265 11492 10266
f 11493 10268 10266
f 10269 11495 10270
f 11495 10272 10270
f 10293 11496 10294
f 10294 11496 11497
f 11498 10294 11497
f 10295 10294 11498
f 11498 11500 11499
f 10296 11498 11499
f 10295 11498 10296
f 11501 10297 10296
f 11501 10296 11499
f 11502 10298 10297
f 11502 10297 11501
f 11503 10299 10298
f 11503 10298 11502
f 11504 10300 10299
f 11504 10299 11503
f 10300 11504 11505
f 11506 10300 11505
f 10301 10300 11506
f 10254 10301 11456
f 10301 11507 11456
f 10301 11506 11507
f 11456 11507 11457
f 11460 11508 11459
f 11459 11508 11461
f 11461 11508 11509
f 11461 11509 11462
f 11462 11509 11510
f 11462 11510 11463
f 11463 11510 11511
f 11463 11511 11464
f 11468 11512 11467
f 11467 11512 11469
f 11469 11512 11513
f 11469 11513 11470
f 11480 11514 11479
f 11479 11514 11481
f 11487 11515 11486
f 11486 11515 11488
f 11488 11515 11516
f 11488 11516 11489
f 11494 11517 11493
f 11493 11517 10268
f 11517 10302 10268
f 11517 11518 10302
f 10269 10302 11495
f 10302 11519 11495
f 10302 11518 11519
f 11519 11521 11520
f 11519 11520 10303
f 11495 11519 10303
f 10272 11495 10303
f 11522 10304 10303
f 11522 10303 11520
f 11523 10305 10304
f 11523 10304 11522
f 11524 10306 10305
f 11524 10305 11523
f 11525 10307 10306
f 11525 10306 11524
f 11526 10308 10307
f 11526 10307 11525
f 11527 10309 10308
f 11527 10308 11526
f 11528 10310 10309
f 11528 10309 11527
f 11528 10312 10310
f 11529 10327 10326
f 11529 10326 11530
f 11531 10328 10327
f 11531 10327 11529
f 11531 10330 10328
f 10331 11532 10332
f 11533 10333 10332
f 11533 10332 11532
f 11534 10334 10333
f 11534 10333 11533
f 10334 11534 11535
f 11536 10334 11535
f 10335 10334 11536
f 10293 10335 11496
f 10335 11537 11496
f 10335 11536 11537
f 11496 11537 11497
f 11500 11538 11499
f 11499 11538 11501
f 11501 11538 11539
f 11501 11539 11502
f 11502 11539 11540
f 11502 11540 11503
f 11503 11540 11541
f 11503 11541 11504
f 11504 11541 11542
f 11504 11542 11505
f 11521 11543 11520
f 11545 11544 11543
f 11544 11520 11543
f 11544 11522 11520
f 11522 11546 11523
f 11522 11544 11546
f 11523 11547 11524
f 11523 11546 11547
f 11524 11548 11525
f 11524 11547 11548
f 11525 11549 11526
f 11525 11548 11549
f 11526 11550 11527
f 11526 11549 11550
f 11527 11551 11528
f 11527 11550 11551
f 11552 10336 10312
f 11528 11552 10312
f 11551 11552 11528
f 11552 10338 10336
f 10339 11553 10340
f 11554 10341 10340
f 11554 10340 11553
f 11554 10343 10341
f 10383 11555 10384
f 11557 11529 11556
f 11529 11558 11556
f 11529 11530 11558
f 11560 11559 11557
f 11559 11529 11557
f 11559 11531 11529
f 11561 10385 10330
f 11531 11561 10330
f 11559 11561 11531
f 11532 10331 10385
f 11561 11532 10385
f 11562 11532 11561
f 11564 11533 11563
f 11533 11562 11563
f 11533 11532 11562
f 11533 11564 11534
f 11534 11564 11565
f 11534 11565 11535
f 11544 11545 11566
f 11566 11545 11567
f 11544 11568 11546
f 11544 11566 11568
f 11546 11569 11547
f 11546 11568 11569
f 11571 11548 11570
f 11548 11569 11570
f 11548 11547 11569
f 11573 11572 11571
f 11572 11548 11571
f 11572 11549 11548
f 11549 11574 11550
f 11549 11572 11574
f 11550 11575 11551
f 11550 11574 11575
f 11575 10387 10388
f 11552 11575 10388
f 11551 11575 11552
f 11552 10388 10338
f 10390 11576 11553
f 10390 11553 10339
f 11553 11577 11554
f 11553 11576 11577
f 11577 10392 10343
f 11577 10343 11554
f 10445 11578 10446
f 11578 10448 10446
f 10451 11579 10452
f 11580 10453 10452
f 11580 10452 11579
f 11555 10383 10453
f 11580 11555 10453
f 11581 11555 11580
f 11558 11582 11556
f 11560 11583 11559
f 11585 11584 11583
f 11584 11559 11583
f 11584 11561 11559
f 11587 11562 11586
f 11562 11584 11586
f 11562 11561 11584
f 11562 11587 11563
f 11567 11588 11566
f 11590 11589 11588
f 11589 11566 11588
f 11589 11568 11566
f 11568 11591 11569
f 11568 11589 11591
f 11570 11569 11592
f 11569 11593 11592
f 11569 11591 11593
f 11592 11593 11573
f 11593 11572 11573
f 11593 11594 11572
f 11572 11595 11574
f 11572 11594 11595
f 11574 11596 11575
f 11574 11595 11596
f 11596 10455 10387
f 11596 10387 11575
f 10457 11576 10390
f 11576 10457 10459
f 11576 10459 11577
f 11577 10459 10392
f 10528 11597 10529
f 11597 10531 10529
f 10543 11598 10544
f 11599 10545 10544
f 11599 10544 11598
f 11600 10546 10545
f 11600 10545 11599
f 11600 11601 10546
f 10546 11601 10445
f 11601 11602 10445
f 11602 11578 10445
f 11602 11604 11603
f 11602 11603 10547
f 11578 11602 10547
f 10448 11578 10547
f 11603 10549 10547
f 10550 11605 10551
f 11579 10451 10551
f 11605 11579 10551
f 11606 11579 11605
f 11579 11607 11580
f 11579 11606 11607
f 11609 11581 11608
f 11581 11607 11608
f 11581 11580 11607
f 11585 11610 11584
f 11584 11610 11586
f 11590 11611 11589
f 11589 11611 11591
f 11591 11611 11612
f 11591 11612 11593
f 11593 11612 11613
f 11593 11613 11594
f 11594 11613 11614
f 11594 11614 11595
f 11595 11614 11615
f 11595 11615 11596
f 11596 11615 11616
f 11616 11618 11617
f 11616 11617 10552
f 11596 11616 10552
f 10455 11596 10552
f 11619 10553 10552
f 11619 10552 11617
f 11620 10554 10553
f 11620 10553 11619
f 11621 10555 10554
f 11621 10554 11620
f 11622 10556 10555
f 11622 10555 11621
f 11623 10557 10556
f 11623 10556 11622
f 11624 10558 10557
f 11624 10557 11623
f 11625 10559 10558
f 11625 10558 11624
f 11626 10560 10559
f 11626 10559 11625
f 11626 10562 10560
f 10566 11627 10567
f 11627 10569 10567
f 10572 11628 10573
f 11628 10575 10573
f 10578 11629 10579
f 11630 10580 10579
f 11630 10579 11629
f 11630 10582 10580
f 10586 11631 10587
f 11632 10588 10587
f 11632 10587 11631
f 11633 10589 10588
f 11633 10588 11632
f 11634 10590 10589
f 11634 10589 11633
f 11634 10592 10590
f 10593 11635 10594
f 11636 10595 10594
f 11636 10594 11635
f 11637 10596 10595
f 11637 10595 11636
f 11638 10597 10596
f 11638 10596 11637
f 11639 10598 10597
f 11639 10597 11638
f 11640 10599 10598
f 11640 10598 11639
f 11641 10600 10599
f 11641 10599 11640
f 11642 10601 10600
f 11642 10600 11641
f 11643 10602 10601
f 11643 10601 11642
f 11644 10603 10602
f 11644 10602 11643
f 11645 10604 10603
f 11645 10603 11644
f 11646 10605 10604
f 11646 10604 11645
f 11647 10606 10605
f 11647 10605 11646
f 11648 10607 10606
f 11648 10606 11647
f 11649 10608 10607
f 11649 10607 11648
f 11650 10609 10608
f 11650 10608 11649
f 11651 10610 10609
f 11651 10609 11650
f 11652 10611 10610
f 11652 10610 11651
f 11653 10612 10611
f 11653 10611 11652
f 11654 10613 10612
f 11654 10612 11653
f 11655 10614 10613
f 11655 10613 11654
f 11655 10616 10614
f 10637 11656 10638
f 11656 10640 10638
f 10642 11657 10643
f 11658 10644 10643
f 11658 10643 11657
f 11659 10645 10644
f 11659 10644 11658
f 11659 10647 10645
f 10648 11660 10649
f 10649 11660 11661
f 11662 10649 11661
f 10650 10649 11662
f 10528 10650 11597
f 10650 11663 11597
f 10650 11662 11663
f 11663 11665 11664
f 11663 11664 10651
f 11597 11663 10651
f 10531 11597 10651
f 11666 10652 10651
f 11666 10651 11664
f 11667 10653 10652
f 11667 10652 11666
f 11668 10654 10653
f 11668 10653 11667
f 11669 10655 10654
f 11669 10654 11668
f 11670 10656 10655
f 11670 10655 11669
f 11671 10657 10656
f 11671 10656 11670
f 10657 11671 11672
f 11673 10657 11672
f 10658 10657 11673
f 10658 11674 10659
f 11673 11674 10658
f 11674 11676 11675
f 10660 11674 11675
f 10659 11674 10660
f 11677 10661 10660
f 11677 10660 11675
f 10661 11677 11678
f 11679 10661 11678
f 10662 10661 11679
f 10543 10662 11598
f 10662 11680 11598
f 10662 11679 11680
f 11598 11680 11599
f 11599 11680 11681
f 11599 11681 11600
f 11600 11681 11682
f 11600 11682 11601
f 11604 11683 11603
f 11603 11683 10549
f 11683 10663 10549
f 11683 11684 10663
f 10550 10663 11605
f 10663 11685 11605
f 10663 11684 11685
f 11605 11685 11606
f 11606 11685 11686
f 11606 11686 11607
f 11607 11686 11687
f 11607 11687 11608
f 11618 11688 11617
f 11690 11689 11688
f 11689 11617 11688
f 11689 11619 11617
f 11692 11620 11691
f 11620 11689 11691
f 11620 11619 11689
f 11694 11693 11692
f 11693 11620 11692
f 11693 11621 11620
f 11621 11695 11622
f 11621 11693 11695
f 11622 11696 11623
f 11622 11695 11696
f 11623 11697 11624
f 11623 11696 11697
f 11624 11698 11625
f 11624 11697 11698
f 11625 11699 11626
f 11625 11698 11699
f 11699 10665 10562
f 11699 10562 11626
f 10669 11700 11627
f 10669 11627 10566
f 11701 10670 10569
f 11627 11701 10569
f 11700 11701 11627
f 11701 10672 10670
f 10674 11628 10572
f 11628 10674 10575
f 10679 11702 11629
f 10679 11629 10578
f 11629 11703 11630
f 11629 11702 11703
f 11703 10681 10582
f 11703 10582 11630
f 10683 11704 10684
f 11705 10685 10684
f 11705 10684 11704
f 11631 10586 10685
f 11705 11631 10685
f 11706 11631 11705
f 11631 11707 11632
f 11631 11706 11707
f 11632 11708 11633
f 11632 11707 11708
f 11633 11709 11634
f 11633 11708 11709
f 11710 10686 10592
f 11634 11710 10592
f 11709 11710 11634
f 11635 10593 10686
f 11710 11635 10686
f 11711 11635 11710
f 11635 11712 11636
f 11635 11711 11712
f 11636 11713 11637
f 11636 11712 11713
f 11637 11714 11638
f 11637 11713 11714
f 11638 11715 11639
f 11638 11714 11715
f 11639 11716 11640
f 11639 11715 11716
f 11640 11717 11641
f 11640 11716 11717
f 11641 11718 11642
f 11641 11717 11718
f 11642 11719 11643
f 11642 11718 11719
f 11643 11720 11644
f 11643 11719 11720
f 11644 11721 11645
f 11644 11720 11721
f 11645 11722 11646
f 11645 11721 11722
f 11724 11647 11723
f 11647 11722 11723
f 11647 11646 11722
f 11647 11724 11648
f 11648 11724 11725
f 11727 11726 11725
f 11726 11648 11725
f 11726 11649 11648
f 11649 11728 11650
f 11649 11726 11728
f 11730 11651 11729
f 11651 11728 11729
f 11651 11650 11728
f 11651 11730 11652
f 11652 11730 11731
f 11652 11731 11653
f 11653 11731 11732
f 11653 11732 11654
f 11654 11732 11733
f 11654 11733 11655
f 11655 11733 11734
f 11734 11736 11735
f 11734 11735 10687
f 11655 11734 10687
f 10616 11655 10687
f 11737 10688 10687
f 11737 10687 11735
f 11738 10689 10688
f 11738 10688 11737
f 11739 10690 10689
f 11739 10689 11738
f 11740 10691 10690
f 11740 10690 11739
f 11741 10692 10691
f 11741 10691 11740
f 11742 10693 10692
f 11742 10692 11741
f 11743 10694 10693
f 11743 10693 11742
f 11744 10695 10694
f 11744 10694 11743
f 11745 10696 10695
f 11745 10695 11744
f 11746 10697 10696
f 11746 10696 11745
f 11747 10698 10697
f 11747 10697 11746
f 11748 10699 10698
f 11748 10698 11747
f 11749 10700 10699
f 11749 10699 11748
f 11750 10701 10700
f 11750 10700 11749
f 11751 10702 10701
f 11751 10701 11750
f 11752 10703 10702
f 11752 10702 11751
f 11753 10704 10703
f 11753 10703 11752
f 11754 10705 10704
f 11754 10704 11753
f 11755 10706 10705
f 11755 10705 11754
f 11756 10707 10706
f 11756 10706 11755
f 11756 11757 10707
f 10707 11757 10637
f 11757 11758 10637
f 11758 11656 10637
f 11758 11760 11759
f 11758 11759 10708
f 11656 11758 10708
f 10640 11656 10708
f 11761 10709 10708
f 11761 10708 11759
f 11761 11762 10709
f 10709 11762 10642
f 11762 11763 10642
f 11763 11657 10642
f 11657 11763 11658
f 11658 11763 11764
f 11658 11764 11659
f 11659 11764 11765
f 11765 11767 11766
f 11765 11766 10710
f 11659 11765 10710
f 10647 11659 10710
f 11766 11768 10710
f 10710 11768 10648
f 11768 11769 10648
f 11769 11660 10648
f 11660 11769 11661
f 11665 11770 11664
f 11664 11770 11666
f 11666 11770 11771
f 11773 11772 11771
f 11772 11666 11771
f 11772 11667 11666
f 11775 11668 11774
f 11668 11772 11774
f 11668 11667 11772
f 11668 11775 11669
f 11669 11775 11776
f 11669 11776 11670
f 11670 11776 11777
f 11670 11777 11671
f 11671 11777 11778
f 11671 11778 11672
f 11676 11779 11675
f 11675 11779 11677
f 11677 11779 11780
f 11677 11780 11678
f 11783 11782 11781
f 11783 11781 11690
f 11781 11689 11690
f 11781 11784 11689
f 11691 11689 11785
f 11689 11786 11785
f 11689 11784 11786
f 11785 11786 11694
f 11786 11693 11694
f 11786 11787 11693
f 11693 11788 11695
f 11693 11787 11788
f 11695 11789 11696
f 11695 11788 11789
f 11696 11790 11697
f 11696 11789 11790
f 11697 11791 11698
f 11697 11790 11791
f 11698 11792 11699
f 11698 11791 11792
f 11793 10711 10665
f 11699 11793 10665
f 11792 11793 11699
f 11794 10712 10711
f 11794 10711 11793
f 11794 10714 10712
f 10716 11795 11700
f 10716 11700 10669
f 11700 11796 11701
f 11700 11795 11796
f 11796 10718 10672
f 11796 10672 11701
f 10724 11797 11702
f 10724 11702 10679
f 11702 11798 11703
f 11702 11797 11798
f 11798 10726 10681
f 11798 10681 11703
f 10728 11799 11704
f 10728 11704 10683
f 11704 11800 11705
f 11704 11799 11800
f 11705 11801 11706
f 11705 11800 11801
f 11706 11802 11707
f 11706 11801 11802
f 11707 11803 11708
f 11707 11802 11803
f 11708 11804 11709
f 11708 11803 11804
f 11709 11805 11710
f 11709 11804 11805
f 11710 11806 11711
f 11710 11805 11806
f 11711 11807 11712
f 11711 11806 11807
f 11712 11808 11713
f 11712 11807 11808
f 11713 11809 11714
f 11713 11808 11809
f 11714 11810 11715
f 11714 11809 11810
f 11715 11811 11716
f 11715 11810 11811
f 11813 11717 11812
f 11717 11811 11812
f 11717 11716 11811
f 11717 11813 11718
f 11718 11813 11814
f 11718 11814 11719
f 11719 11814 11815
f 11719 11815 11720
f 11720 11815 11816
f 11818 11817 11816
f 11817 11720 11816
f 11817 11721 11720
f 11820 11722 11819
f 11722 11817 11819
f 11722 11721 11817
f 11722 11820 11723
f 11727 11821 11726
f 11726 11821 11728
f 11728 11821 11822
f 11728 11822 11729
f 11736 11823 11735
f 11735 11823 11737
f 11737 11823 11824
f 11737 11824 11738
f 11738 11824 11825
f 11738 11825 11739
f 11739 11825 11826
f 11828 11827 11826
f 11827 11739 11826
f 11827 11740 11739
f 11740 11829 11741
f 11740 11827 11829
f 11831 11742 11830
f 11742 11829 11830
f 11742 11741 11829
f 11742 11831 11743
f 11743 11831 11832
f 11743 11832 11744
f 11744 11832 11833
f 11744 11833 11745
f 11745 11833 11834
f 11745 11834 11746
f 11746 11834 11835
f 11746 11835 11747
f 11747 11835 11836
f 11747 11836 11748
f 11748 11836 11837
f 11748 11837 11749
f 11749 11837 11838
f 11749 11838 11750
f 11750 11838 11839
f 11750 11839 11751
f 11751 11839 11840
f 11751 11840 11752
f 11752 11840 11841
f 11752 11841 11753
f 11753 11841 11842
f 11753 11842 11754
f 11754 11842 11843
f 11754 11843 11755
f 11755 11843 11844
f 11755 11844 11756
f 11756 11844 11845
f 11756 11845 11757
f 11760 11846 11759
f 11759 11846 11761
f 11761 11846 11847
f 11761 11847 11762
f 11767 11848 11766
f 11766 11848 11768
f 11773 11849 11772
f 11772 11849 11774
f 11782 11850 11781
f 11781 11850 11784
f 11784 11850 11851
f 11784 11851 11786
f 11786 11851 11852
f 11786 11852 11787
f 11787 11852 11853
f 11787 11853 11788
f 11788 11853 11854
f 11788 11854 11789
f 11789 11854 11855
f 11789 11855 11790
f 11790 11855 11856
f 11790 11856 11791
f 11791 11856 11857
f 11791 11857 11792
f 11792 11857 11858
f 11792 11858 11793
f 11793 11858 11859
f 11793 11859 11794
f 11794 11859 11860
f 11794 11860 10714
f 11860 10729 10714
f 11860 11861 10729
f 10729 11862 10730
f 11861 11862 10729
f 10716 10730 11795
f 10730 11863 11795
f 10730 11862 11863
f 11795 11863 11796
f 11796 11863 11864
f 11796 11864 10718
f 11864 10731 10718
f 11864 11865 10731
f 11865 11867 11866
f 10732 11865 11866
f 10731 11865 10732
f 10732 11866 11868
f 11869 10732 11868
f 10733 10732 11869
f 10733 11870 10734
f 11869 11870 10733
f 11870 11872 11871
f 10735 11870 11871
f 10734 11870 10735
f 10735 11871 11873
f 11874 10735 11873
f 10736 10735 11874
f 10724 10736 11797
f 10736 11875 11797
f 10736 11874 11875
f 11797 11875 11798
f 11798 11875 11876
f 11798 11876 10726
f 11876 10737 10726
f 11876 11877 10737
f 10737 11878 10738
f 11877 11878 10737
f 10728 10738 11799
f 10738 11879 11799
f 10738 11878 11879
f 11799 11879 11800
f 11800 11879 11880
f 11800 11880 11801
f 11801 11880 11881
f 11801 11881 11802
f 11802 11881 11882
f 11802 11882 11803
f 11803 11882 11883
f 11803 11883 11804
f 11804 11883 11884
f 11804 11884 11805
f 11805 11884 11885
f 11805 11885 11806
f 11806 11885 11886
f 11806 11886 11807
f 11807 11886 11887
f 11807 11887 11808
f 11808 11887 11888
f 11808 11888 11809
f 11809 11888 11889
f 11809 11889 11810
f 11810 11889 11890
f 11810 11890 11811
f 11811 11890 11891
f 11811 11891 11812
f 11818 11892 11817
f 11817 11892 11819
f 11828 11893 11827
f 11827 11893 11829
f 11829 11893 11894
f 11829 11894 11830
f 11867 11895 11866
f 11866 11895 11868
f 11872 11896 11871
f 11871 11896 11873
f 11899 11898 11897
f 11901 11900 11897
f 11897 11900 11899
f 11903 11902 11901
f 11901 11902 11900
f 11905 11904 11903
f 11903 11904 11902
f 11907 11906 11905
f 11905 11906 11904
f 11907 11908 11906
f 11911 11910 11909
f 11913 11912 11909
f 11909 11912 11911
f 11915 11914 11913
f 11913 11914 11912
f 11917 11916 11915
f 11915 11916 11914
f 11919 11918 11917
f 11917 11918 11916
f 11921 11920 11919
f 11919 11920 11918
f 11920 11921 11898
f 11898 11921 11897
f 11921 10740 11897
f 10740 10741 11897
f 11897 10741 10742
f 11897 10742 11901
f 11901 10742 10744
f 11901 10744 11903
f 11903 10744 10746
f 11903 10746 11905
f 11905 10746 10748
f 11905 10748 11907
f 11923 11922 10750
f 10750 11922 10748
f 11922 11908 10748
f 11908 11907 10748
f 11925 11924 11923
f 11923 11924 11922
f 11927 11926 11925
f 11925 11926 11924
f 11929 11928 11927
f 11927 11928 11926
f 11931 11930 11929
f 11929 11930 11928
f 11931 11932 11930
f 11935 11934 11933
f 11937 11936 11933
f 11933 11936 11935
f 11939 11938 11937
f 11937 11938 11936
f 11941 11940 11939
f 11939 11940 11938
f 11943 11942 11941
f 11941 11942 11940
f 11945 11944 11943
f 11943 11944 11942
f 11947 11946 11945
f 11945 11946 11944
f 10752 10753 11947
f 10753 11946 11947
f 10753 11948 11946
f 10754 11909 11910
f 11948 10754 11910
f 10753 10754 11948
f 11909 10754 10756
f 11909 10756 11913
f 11913 10756 10758
f 11913 10758 11915
f 11915 10758 10760
f 11915 10760 11917
f 11917 10760 10762
f 11917 10762 11919
f 11919 10762 10764
f 11919 10764 11921
f 11921 10764 10740
f 10769 11923 10750
f 11923 10769 10771
f 11923 10771 11925
f 11925 10771 10773
f 11925 10773 11927
f 11927 10773 10775
f 11927 10775 11929
f 11929 10775 10777
f 11929 10777 11931
f 11950 11949 10779
f 10779 11949 10777
f 11949 11932 10777
f 11932 11931 10777
f 11952 11951 11950
f 11950 11951 11949
f 11952 11953 11951
f 11956 11955 11954
f 11958 11957 11954
f 11954 11957 11956
f 11958 11959 11957
f 11933 11934 11960
f 11960 11934 11961
f 11933 11962 11937
f 11933 11960 11962
f 11937 11963 11939
f 11937 11962 11963
f 11939 11964 11941
f 11939 11963 11964
f 11941 11965 11943
f 11941 11964 11965
f 11943 11966 11945
f 11943 11965 11966
f 11945 11967 11947
f 11945 11966 11967
f 11967 10781 10752
f 11967 10752 11947
f 10796 11950 10779
f 11950 10796 10798
f 11968 11950 10798
f 11952 11950 11968
f 11953 11952 11969
f 11952 11970 11969
f 11952 11968 11970
f 11970 11971 11969
f 11954 11955 11972
f 11972 11955 11973
f 11954 11974 11958
f 11954 11972 11974
f 11959 11958 11975
f 11975 11958 11974
f 11961 11976 11960
f 11978 11977 11976
f 11977 11960 11976
f 11977 11962 11960
f 11962 11979 11963
f 11962 11977 11979
f 11963 11980 11964
f 11963 11979 11980
f 11964 11981 11965
f 11964 11980 11981
f 11965 11982 11966
f 11965 11981 11982
f 11966 11983 11967
f 11966 11982 11983
f 11983 10800 10781
f 11983 10781 11967
f 10816 11984 11968
f 10816 11968 10798
f 11968 11985 11970
f 11968 11984 11985
f 11971 11970 11986
f 11970 11987 11986
f 11970 11985 11987
f 11989 11988 11987
f 11987 11988 11986
f 11988 11989 11973
f 11989 11972 11973
f 11989 11990 11972
f 11972 11991 11974
f 11972 11990 11991
f 11975 11974 11992
f 11992 11974 11991
f 11995 11994 11993
f 11997 11996 11993
f 11993 11996 11995
f 11996 11997 11978
f 11997 11977 11978
f 11997 11998 11977
f 11977 11999 11979
f 11977 11998 11999
f 11979 12000 11980
f 11979 11999 12000
f 12000 10818 10819
f 11981 12000 10819
f 11980 12000 11981
f 11981 10819 10820
f 11981 10820 11982
f 11982 10820 10822
f 11982 10822 11983
f 11983 10822 10800
f 10832 11984 10816
f 11984 10832 10834
f 12001 11984 10834
f 11985 11984 12001
f 11985 12002 11987
f 11985 12001 12002
f 11987 12003 11989
f 11987 12002 12003
f 12003 10836 10837
f 11990 12003 10837
f 11989 12003 11990
f 11990 10837 10838
f 11990 10838 11991
f 12005 12004 10840
f 10840 12004 10838
f 12004 11992 10838
f 11992 11991 10838
f 12005 12006 12004
f 12009 12008 12007
f 12011 12010 12007
f 12007 12010 12009
f 12013 12012 12011
f 12011 12012 12010
f 12015 12014 12013
f 12013 12014 12012
f 12017 12016 12015
f 12015 12016 12014
f 12019 12018 12017
f 12017 12018 12016
f 10842 10843 12019
f 10843 12018 12019
f 10843 12020 12018
f 12021 10843 10844
f 12021 12020 10843
f 12022 10844 10846
f 12022 12021 10844
f 10848 11993 11994
f 12022 10848 11994
f 10846 10848 12022
f 11993 10848 10850
f 11993 10850 11997
f 11997 10850 10852
f 11997 10852 11998
f 11998 10852 10854
f 11998 10854 11999
f 11999 10854 10856
f 11999 10856 12000
f 12000 10856 10818
f 10858 12001 10834
f 12001 10858 10860
f 12001 10860 12002
f 12002 10860 10862
f 12002 10862 12003
f 12003 10862 10836
f 10866 12005 10840
f 12024 12023 10868
f 10868 12023 10866
f 12023 12006 10866
f 12006 12005 10866
f 12026 12025 12024
f 12024 12025 12023
f 12026 12027 12025
f 12030 12029 12028
f 12028 12031 12030
f 12034 12033 12032
f 12036 12035 12032
f 12032 12035 12034
f 12038 12037 12036
f 12036 12037 12035
f 12037 12038 12008
f 12008 12038 12007
f 12038 10870 12007
f 10870 10871 12007
f 12007 10871 10872
f 12007 10872 12011
f 12011 10872 10874
f 12011 10874 12013
f 12013 10874 10876
f 12013 10876 12015
f 12015 10876 10878
f 12015 10878 12017
f 12017 10878 10880
f 12017 10880 12019
f 12019 10880 10842
f 10886 12024 10868
f 12024 10886 10888
f 12024 10888 12026
f 12039 12027 12026
f 10888 12039 12026
f 10890 12039 10888
f 12041 12040 10892
f 12040 10890 10892
f 12040 12039 10890
f 12043 12042 12041
f 12041 12042 12040
f 12045 12044 12043
f 12043 12044 12042
f 12045 12046 12044
f 12049 12048 12047
f 12049 12047 12029
f 12047 12028 12029
f 12047 12050 12028
f 12031 12028 12051
f 12028 12052 12051
f 12028 12050 12052
f 12052 12053 12051
f 12056 12055 12054
f 12056 12054 12033
f 12054 12032 12033
f 12054 12057 12032
f 12032 12058 12036
f 12032 12057 12058
f 12058 10894 10895
f 12038 12058 10895
f 12036 12058 12038
f 12038 10895 10870
f 10905 12041 10892
f 12041 10905 10907
f 12059 12041 10907
f 12043 12041 12059
f 12043 12060 12045
f 12043 12059 12060
f 12046 12045 12061
f 12045 12062 12061
f 12045 12060 12062
f 12064 12063 12062
f 12062 12063 12061
f 12066 12065 12064
f 12064 12065 12063
f 12068 12067 12066
f 12066 12067 12065
f 12068 12069 12067
f 12072 12071 12070
f 12070 12073 12072
f 12076 12075 12074
f 12078 12077 12074
f 12074 12077 12076
f 10909 10910 12078
f 10910 12077 12078
f 10910 12079 12077
f 10911 12047 12048
f 12079 10911 12048
f 10910 10911 12079
f 12047 10911 10913
f 12047 10913 12050
f 12050 10913 10915
f 12050 10915 12052
f 12080 12053 12052
f 10915 12080 12052
f 10917 12080 10915
f 12081 10917 10919
f 12081 12080 10917
f 12082 10919 10921
f 12082 12081 10919
f 10923 12054 12055
f 12082 10923 12055
f 10921 10923 12082
f 12054 10923 10925
f 12054 10925 12057
f 12057 10925 10927
f 12057 10927 12058
f 12058 10927 10894
f 10930 12059 10907
f 12059 10930 10932
f 12059 10932 12060
f 12060 10932 10934
f 12060 10934 12062
f 12062 10934 10936
f 12062 10936 12064
f 12064 10936 10938
f 12064 10938 12066
f 12066 10938 10940
f 12066 10940 12068
f 12083 12069 12068
f 10940 12083 12068
f 10942 12083 10940
f 12085 12084 10944
f 12084 10942 10944
f 12084 12083 10942
f 12087 12086 12085
f 12085 12086 12084
f 10946 10947 12087
f 10947 12086 12087
f 10947 12088 12086
f 10948 12070 12071
f 12088 10948 12071
f 10947 10948 12088
f 12090 12089 10950
f 10950 12089 10948
f 12089 12073 10948
f 12073 12070 10948
f 12090 12091 12089
f 12094 12093 12092
f 12096 12095 12092
f 12092 12095 12094
f 12096 12097 12095
f 12100 12099 12098
f 12102 12101 12098
f 12098 12101 12100
f 12104 12103 12102
f 12102 12103 12101
f 12104 12105 12103
f 10952 10953 12106
f 10953 12107 12106
f 10953 12108 12107
f 12109 10953 10954
f 12109 12108 10953
f 12110 10954 10956
f 12110 12109 10954
f 12111 10956 10958
f 12111 12110 10956
f 12112 10958 10960
f 12112 12111 10958
f 12113 10960 10962
f 12113 12112 10960
f 12115 12114 10964
f 12114 10962 10964
f 12114 12113 10962
f 10966 10967 12115
f 10967 12114 12115
f 10967 12116 12114
f 10968 12074 12075
f 12116 10968 12075
f 10967 10968 12116
f 12074 10968 10970
f 12074 10970 12078
f 12078 10970 10909
f 10976 12085 10944
f 12085 10976 10978
f 12085 10978 12087
f 12087 10978 10946
f 10979 12090 10950
f 12117 12091 12090
f 10979 12117 12090
f 10981 12117 10979
f 12119 12118 10983
f 12118 10981 10983
f 12118 12117 10981
f 12121 12120 12119
f 12119 12120 12118
f 12123 12122 12121
f 12121 12122 12120
f 12125 12124 12123
f 12123 12124 12122
f 12127 12126 12125
f 12125 12126 12124
f 10985 10986 12127
f 10986 12126 12127
f 10986 12128 12126
f 12129 10986 10987
f 12129 12128 10986
f 12131 12130 10989
f 12130 10987 10989
f 12130 12129 10987
f 12133 12132 12131
f 12131 12132 12130
f 12135 12134 12133
f 12133 12134 12132
f 12137 12136 12135
f 12135 12136 12134
f 10991 10992 12137
f 10992 12136 12137
f 10992 12138 12136
f 10993 12092 12093
f 12138 10993 12093
f 10992 10993 12138
f 12092 10993 10995
f 12092 10995 12096
f 12140 12139 10997
f 10997 12139 10995
f 12139 12097 10995
f 12097 12096 10995
f 12142 12141 12140
f 12140 12141 12139
f 12144 12143 12142
f 12142 12143 12141
f 12146 12145 12144
f 12144 12145 12143
f 12148 12147 12146
f 12146 12147 12145
f 12150 12149 12148
f 12148 12149 12147
f 10999 11000 12150
f 11000 12149 12150
f 11000 12151 12149
f 12152 11000 11001
f 12152 12151 11000
f 12153 11001 11003
f 12153 12152 11001
f 12154 11003 11005
f 12154 12153 11003
f 12156 12155 11007
f 12155 11005 11007
f 12155 12154 11005
f 12158 12157 12156
f 12156 12157 12155
f 12160 12159 12158
f 12158 12159 12157
f 12160 12161 12159
f 12164 12163 12162
f 12166 12165 12162
f 12162 12165 12164
f 12168 12167 12166
f 12166 12167 12165
f 12168 12169 12167
f 12172 12171 12170
f 12174 12173 12170
f 12170 12173 12172
f 12176 12175 12174
f 12174 12175 12173
f 12176 12177 12175
f 12180 12179 12178
f 12182 12181 12178
f 12178 12181 12180
f 12184 12183 12182
f 12182 12183 12181
f 12186 12185 12184
f 12184 12185 12183
f 12188 12187 12186
f 12186 12187 12185
f 12190 12189 12188
f 12188 12189 12187
f 12190 12191 12189
f 12194 12193 12192
f 12196 12195 12192
f 12192 12195 12194
f 12196 12197 12195
f 12200 12199 12198
f 12202 12201 12198
f 12198 12201 12200
f 12204 12203 12202
f 12202 12203 12201
f 12204 12205 12203
f 12208 12207 12206
f 12208 12206 12099
f 12099 12206 12098
f 12206 11009 12098
f 11009 11010 12098
f 12098 11010 11011
f 12098 11011 12102
f 12102 11011 11013
f 12102 11013 12104
f 12209 12105 12104
f 11013 12209 12104
f 11015 12209 11013
f 12211 12210 11017
f 12210 11015 11017
f 12210 12209 11015
f 12212 11018 10952
f 12106 12212 10952
f 12213 12212 12106
f 12214 11019 11018
f 12214 11018 12212
f 12214 11021 11019
f 11024 12215 11025
f 12115 10964 11025
f 12215 12115 11025
f 12216 12115 12215
f 12217 11026 10966
f 12115 12217 10966
f 12216 12217 12115
f 12217 11028 11026
f 11036 12119 10983
f 12119 11036 11038
f 12218 12119 11038
f 12121 12119 12218
f 12121 12219 12123
f 12121 12218 12219
f 12123 12220 12125
f 12123 12219 12220
f 12220 11040 11041
f 12127 12220 11041
f 12125 12220 12127
f 12127 11041 10985
f 11044 12131 10989
f 12131 11044 11046
f 12131 11046 12133
f 12133 11046 11048
f 12133 11048 12135
f 12135 11048 11050
f 12135 11050 12137
f 12137 11050 10991
f 11055 12221 12140
f 11055 12140 10997
f 12140 12222 12142
f 12140 12221 12222
f 12142 12223 12144
f 12142 12222 12223
f 12144 12224 12146
f 12144 12223 12224
f 12146 12225 12148
f 12146 12224 12225
f 12148 12226 12150
f 12148 12225 12226
f 12226 11057 10999
f 12226 10999 12150
f 11061 12227 12156
f 11061 12156 11007
f 12156 12228 12158
f 12156 12227 12228
f 12230 12160 12229
f 12160 12228 12229
f 12160 12158 12228
f 12233 12232 12231
f 12160 12230 12161
f 12231 12232 12163
f 12232 12162 12163
f 12232 12234 12162
f 12162 12235 12166
f 12162 12234 12235
f 12166 12236 12168
f 12166 12235 12236
f 12169 12168 12237
f 12237 12168 12236
f 12170 12171 12238
f 12238 12171 12239
f 12170 12240 12174
f 12170 12238 12240
f 12242 12176 12241
f 12176 12240 12241
f 12176 12174 12240
f 12176 12242 12177
f 12178 12179 12243
f 12243 12179 12244
f 12178 12245 12182
f 12178 12243 12245
f 12182 12246 12184
f 12182 12245 12246
f 12184 12247 12186
f 12184 12246 12247
f 12247 11063 11064
f 12188 12247 11064
f 12186 12247 12188
f 12188 11064 11065
f 12248 12188 11065
f 12190 12188 12248
f 12191 12190 12249
f 12249 12190 12248
f 12192 12193 11068
f 12193 11067 11068
f 12193 12250 11067
f 12192 11068 11069
f 12251 12192 11069
f 12196 12192 12251
f 12197 12196 12252
f 12252 12196 12251
f 12198 12199 12253
f 12253 12199 12254
f 12198 12255 12202
f 12198 12253 12255
f 12202 12256 12204
f 12202 12255 12256
f 12205 12204 12257
f 12257 12204 12256
f 12207 12258 12206
f 12258 12260 12259
f 12258 12259 11070
f 12206 12258 11070
f 11009 12206 11070
f 12259 11072 11070
f 11074 12261 11075
f 12211 11017 11075
f 12261 12211 11075
f 12262 12211 12261
f 12265 12264 12263
f 12264 12213 12263
f 12264 12212 12213
f 12212 12266 12214
f 12212 12264 12266
f 12267 11076 11021
f 12214 12267 11021
f 12266 12267 12214
f 12268 11077 11076
f 12268 11076 12267
f 12269 11078 11077
f 12269 11077 12268
f 12215 11024 11078
f 12269 12215 11078
f 12270 12215 12269
f 12272 12216 12271
f 12216 12270 12271
f 12216 12215 12270
f 12274 12273 12272
f 12273 12216 12272
f 12273 12217 12216
f 12275 11079 11028
f 12217 12275 11028
f 12273 12275 12217
f 12275 11081 11079
f 11095 12276 12218
f 11095 12218 11038
f 12218 12277 12219
f 12218 12276 12277
f 12277 11097 11098
f 12220 12277 11098
f 12219 12277 12220
f 12220 11098 11040
f 11103 12278 11104
f 12278 11106 11104
f 11111 12279 12221
f 11111 12221 11055
f 12221 12280 12222
f 12221 12279 12280
f 12222 12281 12223
f 12222 12280 12281
f 12223 12282 12224
f 12223 12281 12282
f 12224 12283 12225
f 12224 12282 12283
f 12225 12284 12226
f 12225 12283 12284
f 12284 11113 11057
f 12284 11057 12226
f 11117 12285 12227
f 11117 12227 11061
f 12287 12228 12286
f 12228 12285 12286
f 12228 12227 12285
f 12228 12287 12229
f 12232 12233 12288
f 12288 12233 12289
f 12232 12290 12234
f 12232 12288 12290
f 12234 12291 12235
f 12234 12290 12291
f 12235 12292 12236
f 12235 12291 12292
f 12237 12236 12293
f 12293 12236 12292
f 12238 12239 12294
f 12294 12239 12295
f 12238 12296 12240
f 12238 12294 12296
f 12241 12240 12297
f 12297 12240 12296
f 12243 12244 12298
f 12298 12244 12299
f 12243 12300 12245
f 12243 12298 12300
f 12245 12301 12246
f 12245 12300 12301
f 12301 11119 11120
f 12247 12301 11120
f 12246 12301 12247
f 12247 11120 11063
f 11122 12302 12248
f 11122 12248 11065
f 12249 12248 12303
f 12303 12248 12302
f 12306 12305 12304
f 12250 12306 12304
f 11124 12250 12304
f 11067 12250 11124
f 11125 12251 11069
f 11125 11127 12251
f 11127 12252 12251
f 11127 12307 12252
f 12253 12254 12308
f 12308 12254 12309
f 12308 11129 11130
f 12255 12308 11130
f 12253 12308 12255
f 12255 11130 11131
f 12255 11131 12256
f 11131 11133 12256
f 11133 12257 12256
f 11133 12310 12257
f 12313 12312 12311
f 12315 12314 12311
f 12311 12314 12313
f 12315 12316 12314
f 12259 12260 12317
f 12317 12260 12318
f 12317 11135 11072
f 12317 11072 12259
f 11137 12319 12261
f 11137 12261 11074
f 12321 12262 12320
f 12262 12319 12320
f 12262 12261 12319
f 11139 12264 12265
f 12322 11139 12265
f 11141 11139 12322
f 12264 11139 11142
f 12264 11142 12266
f 12266 11142 11144
f 12266 11144 12267
f 12267 11144 11146
f 12267 11146 12268
f 12268 11146 11148
f 12268 11148 12269
f 12269 11148 11150
f 12269 11150 12270
f 12323 12271 12270
f 11150 12323 12270
f 11152 12323 11150
f 11154 12273 12274
f 12323 11154 12274
f 11152 11154 12323
f 12273 11154 11156
f 12273 11156 12275
f 12275 11156 11081
f 11160 12276 11095
f 12276 11160 11162
f 12276 11162 12277
f 12277 11162 11097
f 11167 12278 11103
f 12278 11167 11106
f 11170 12279 11111
f 12279 11170 11172
f 12279 11172 12280
f 12280 11172 11174
f 12280 11174 12281
f 12281 11174 11176
f 12281 11176 12282
f 12282 11176 11178
f 12282 11178 12283
f 12283 11178 11180
f 12283 11180 12284
f 12284 11180 11113
f 11184 12285 11117
f 12324 12286 12285
f 11184 12324 12285
f 11186 12324 11184
f 12325 11186 11188
f 12325 12324 11186
f 11190 12288 12289
f 12325 11190 12289
f 11188 11190 12325
f 12288 11190 11192
f 12288 11192 12290
f 12290 11192 11194
f 12290 11194 12291
f 12291 11194 11196
f 12291 11196 12292
f 12327 12326 11198
f 11198 12326 11196
f 12326 12293 11196
f 12293 12292 11196
f 12329 12328 12327
f 12327 12328 12326
f 12331 12330 12329
f 12329 12330 12328
f 12330 12331 12295
f 12295 12331 12294
f 12331 11200 12294
f 11200 11201 12294
f 12294 11201 11202
f 12294 11202 12296
f 12332 12297 12296
f 11202 12332 12296
f 11204 12332 11202
f 12334 12333 11206
f 12333 11204 11206
f 12333 12332 11204
f 11208 11209 12334
f 11209 12333 12334
f 11209 12335 12333
f 11210 12298 12299
f 12335 11210 12299
f 11209 11210 12335
f 12298 11210 11212
f 12298 11212 12300
f 12300 11212 11214
f 12300 11214 12301
f 12301 11214 11119
f 11216 12302 11122
f 12337 12336 11218
f 11218 12336 11216
f 12336 12303 11216
f 12303 12302 11216
f 12339 12338 12337
f 12337 12338 12336
f 11220 11221 12339
f 11221 12338 12339
f 11221 12340 12338
f 12341 11221 11222
f 12341 12340 11221
f 11224 12304 12305
f 12341 11224 12305
f 11222 11224 12341
f 12304 11224 11124
f 12342 12307 11127
f 12342 11127 11226
f 12343 11226 11228
f 12343 12342 11226
f 12344 11228 11230
f 12344 12343 11228
f 12345 11230 11232
f 12345 12344 11230
f 11234 12308 12309
f 12345 11234 12309
f 11232 11234 12345
f 12308 11234 11129
f 12346 12310 11133
f 12346 11133 11236
f 12348 12347 11238
f 12347 11236 11238
f 12347 12346 11236
f 12350 12349 12348
f 12348 12349 12347
f 12352 12351 12350
f 12350 12351 12349
f 12354 12353 12352
f 12352 12353 12351
f 11240 11241 12354
f 11241 12353 12354
f 11241 12355 12353
f 11242 12311 12312
f 12355 11242 12312
f 11241 11242 12355
f 12311 11242 11244
f 12311 11244 12315
f 12356 12316 12315
f 11244 12356 12315
f 11246 12356 11244
f 12358 12357 11248
f 12357 11246 11248
f 12357 12356 11246
f 12360 12359 12358
f 12358 12359 12357
f 12362 12361 12360
f 12360 12361 12359
f 12364 12363 12362
f 12362 12363 12361
f 12366 12365 12364
f 12364 12365 12363
f 11250 11251 12366
f 11251 12365 12366
f 11251 12367 12365
f 12369 12368 11252
f 12368 11251 11252
f 12368 12367 11251
f 12369 12370 12368
f 12373 12372 12371
f 12375 12374 12371
f 12371 12374 12373
f 12377 12376 12375
f 12375 12376 12374
f 12379 12378 12377
f 12377 12378 12376
f 12381 12380 12379
f 12379 12380 12378
f 12383 12382 12381
f 12381 12382 12380
f 12385 12384 12383
f 12383 12384 12382
f 12387 12386 12385
f 12385 12386 12384
f 11254 11255 12387
f 11255 12386 12387
f 11255 12388 12386
f 12389 11255 11256
f 12389 12388 11255
f 12391 12390 11258
f 12390 11256 11258
f 12390 12389 11256
f 12393 12392 12391
f 12391 12392 12390
f 12395 12394 12393
f 12393 12394 12392
f 12397 12396 12395
f 12395 12396 12394
f 12399 12398 12397
f 12397 12398 12396
f 11260 11261 12399
f 11261 12398 12399
f 11261 12400 12398
f 11262 12317 12318
f 12400 11262 12318
f 11261 11262 12400
f 12317 11262 11135
f 11265 12319 11137
f 12401 12320 12319
f 11265 12401 12319
f 11267 12401 11265
f 11269 12327 11198
f 12327 11269 11271
f 12327 11271 12329
f 12329 11271 11273
f 12329 11273 12331
f 12331 11273 11200
f 11274 12334 11206
f 12334 11274 11208
f 11275 12337 11218
f 12337 11275 11277
f 12337 11277 12339
f 12339 11277 11220
f 11278 12348 11238
f 12348 11278 11280
f 12348 11280 12350
f 12350 11280 11281
f 12350 11281 12352
f 12352 11281 11283
f 12352 11283 12354
f 12354 11283 11240
f 11285 12358 11248
f 12358 11285 11286
f 12358 11286 12360
f 12360 11286 11287
f 12360 11287 12362
f 12362 11287 11288
f 12362 11288 12364
f 12364 11288 11290
f 12364 11290 12366
f 12366 11290 11250
f 11291 12369 11252
f 12402 12370 12369
f 11291 12402 12369
f 11292 12402 11291
f 12403 11292 11294
f 12403 12402 11292
f 12404 11294 11296
f 12404 12403 11294
f 12405 11296 11298
f 12405 12404 11296
f 11300 12371 12372
f 12405 11300 12372
f 11298 11300 12405
f 12371 11300 11302
f 12371 11302 12375
f 12375 11302 11304
f 12375 11304 12377
f 12377 11304 11306
f 12377 11306 12379
f 12379 11306 11308
f 12379 11308 12381
f 12381 11308 11310
f 12381 11310 12383
f 12383 11310 11312
f 12383 11312 12385
f 12385 11312 11314
f 12385 11314 12387
f 12387 11314 11254
f 11315 12391 11258
f 12391 11315 11316
f 12391 11316 12393
f 12393 11316 11318
f 12393 11318 12395
f 12395 11318 11320
f 12395 11320 12397
f 12397 11320 11322
f 12397 11322 12399
f 12399 11322 11260
f 11335 12406 11336
f 12407 11337 11336
f 12407 11336 12406
f 11337 12407 12408
f 12409 11337 12408
f 11338 11337 12409
f 11338 12410 11339
f 12409 12410 11338
f 11339 12411 11340
f 12410 12411 11339
f 11340 12412 11341
f 12411 12412 11340
f 12412 12414 12413
f 11342 12412 12413
f 11341 12412 11342
f 12415 11343 11342
f 12415 11342 12413
f 11343 12415 12416
f 12417 11343 12416
f 11344 11343 12417
f 11344 12418 11345
f 12417 12418 11344
f 11345 12419 11346
f 12418 12419 11345
f 11346 12420 11347
f 12419 12420 11346
f 12420 12422 12421
f 11348 12420 12421
f 11347 12420 11348
f 12423 11349 11348
f 12423 11348 12421
f 12424 11350 11349
f 12424 11349 12423
f 11350 12424 12425
f 12426 11350 12425
f 11351 11350 12426
f 11351 12427 11352
f 12426 12427 11351
f 11352 12428 11353
f 12427 12428 11352
f 12428 12430 12429
f 11354 12428 12429
f 11353 12428 11354
f 12431 11355 11354
f 12431 11354 12429
f 12432 11356 11355
f 12432 11355 12431
f 12433 11357 11356
f 12433 11356 12432
f 12434 11358 11357
f 12434 11357 12433
f 11358 12434 12435
f 12436 11358 12435
f 11359 11358 12436
f 12436 12438 12437
f 11360 12436 12437
f 11359 12436 11360
f 12437 11362 11360
f 11363 12439 11364
f 12440 11365 11364
f 12440 11364 12439
f 12440 11367 11365
f 11375 12441 11376
f 12442 11377 11376
f 12442 11376 12441
f 12443 11378 11377
f 12443 11377 12442
f 12444 11379 11378
f 12444 11378 12443
f 12445 11380 11379
f 12445 11379 12444
f 12446 11381 11380
f 12446 11380 12445
f 12446 11383 11381
f 11384 12447 11385
f 12447 12448 11385
f 11385 12448 11335
f 12448 12449 11335
f 12449 12406 11335
f 12406 12449 12407
f 12407 12449 12450
f 12407 12450 12408
f 12414 12451 12413
f 12413 12451 12415
f 12415 12451 12452
f 12415 12452 12416
f 12422 12453 12421
f 12455 12454 12453
f 12454 12421 12453
f 12454 12423 12421
f 12457 12424 12456
f 12424 12454 12456
f 12424 12423 12454
f 12424 12457 12425
f 12430 12458 12429
f 12429 12458 12431
f 12431 12458 12459
f 12431 12459 12432
f 12432 12459 12460
f 12432 12460 12433
f 12433 12460 12461
f 12433 12461 12434
f 12434 12461 12462
f 12434 12462 12435
f 12437 12438 12463
f 12463 12438 12464
f 12465 11386 11362
f 12437 12465 11362
f 12463 12465 12437
f 12465 12466 11386
f 11386 12466 11363
f 12466 12467 11363
f 12467 12439 11363
f 12439 12467 12440
f 12440 12467 12468
f 12468 12470 12469
f 12468 12469 11387
f 12440 12468 11387
f 11367 12440 11387
f 12469 11389 11387
f 11391 12471 11392
f 12471 11394 11392
f 11398 12472 12441
f 11398 12441 11375
f 12441 12473 12442
f 12441 12472 12473
f 12473 11400 11401
f 12443 12473 11401
f 12442 12473 12443
f 12443 11401 11402
f 12443 11402 12444
f 12444 11402 11404
f 12474 12444 11404
f 12445 12444 12474
f 12445 12475 12446
f 12445 12474 12475
f 12475 11406 11383
f 12475 11383 12446
f 11407 12476 12447
f 11407 12447 11384
f 12448 12447 12477
f 12477 12447 12476
f 12480 12479 12478
f 12480 12478 12455
f 12455 12478 12454
f 12478 11409 12454
f 11409 11410 12454
f 12482 12481 11411
f 11411 12481 11410
f 12481 12456 11410
f 12456 12454 11410
f 12482 12483 12481
f 12486 12485 12484
f 12484 12487 12486
f 12490 12489 12488
f 12492 12491 12488
f 12488 12491 12490
f 12494 12493 12492
f 12492 12493 12491
f 12496 12495 12494
f 12494 12495 12493
f 12498 12497 12496
f 12496 12497 12495
f 12497 12498 12464
f 12464 12498 12463
f 12498 11413 12463
f 11413 11414 12463
f 12463 11414 11415
f 12463 11415 12465
f 12500 12499 11417
f 11417 12499 11415
f 12499 12466 11415
f 12466 12465 11415
f 12502 12501 12500
f 12500 12501 12499
f 12501 12502 12470
f 12470 12502 12469
f 12502 11419 12469
f 11419 11420 12469
f 12469 11420 11389
f 11421 12471 11391
f 12471 11421 11394
f 11424 12503 12472
f 11424 12472 11398
f 12472 12504 12473
f 12472 12503 12504
f 12504 11426 11400
f 12504 11400 12473
f 11428 12474 11404
f 12474 11428 11430
f 12474 11430 12475
f 12475 11430 11406
f 11433 12476 11407
f 12506 12505 11435
f 11435 12505 11433
f 12505 12477 11433
f 12477 12476 11433
f 12506 12507 12505
f 12510 12509 12508
f 12512 12511 12508
f 12508 12511 12510
f 12512 12513 12511
f 12516 12515 12514
f 12518 12517 12514
f 12514 12517 12516
f 12517 12518 12479
f 12479 12518 12478
f 12518 11437 12478
f 11437 11438 12478
f 12478 11438 11409
f 11440 12482 11411
f 12520 12519 11442
f 11442 12519 11440
f 12519 12483 11440
f 12483 12482 11440
f 12519 12520 12485
f 12520 12484 12485
f 12520 12521 12484
f 12487 12484 12522
f 12484 12523 12522
f 12484 12521 12523
f 12525 12524 12523
f 12523 12524 12522
f 12524 12525 12489
f 12525 12488 12489
f 12525 12526 12488
f 12488 12527 12492
f 12488 12526 12527
f 12527 11444 11445
f 12494 12527 11445
f 12492 12527 12494
f 12494 11445 11446
f 12494 11446 12496
f 12496 11446 11448
f 12496 11448 12498
f 12498 11448 11413
f 11452 12500 11417
f 12500 11452 11454
f 12500 11454 12502
f 12502 11454 11419
f 11457 12528 11458
f 12528 11460 11458
f 11464 12529 11465
f 12530 11466 11465
f 12530 11465 12529
f 12530 11468 11466
f 11470 12531 11471
f 12531 12532 11471
f 11471 12532 11424
f 12532 12533 11424
f 12533 12503 11424
f 12503 12533 12504
f 12504 12533 12534
f 12504 12534 11426
f 12534 11472 11426
f 12534 12535 11472
f 12535 12537 12536
f 11473 12535 12536
f 11472 12535 11473
f 12538 11474 11473
f 12538 11473 12536
f 11474 12538 12539
f 12540 11474 12539
f 11475 11474 12540
f 12540 12542 12541
f 11476 12540 12541
f 11475 12540 11476
f 11476 12541 12543
f 12544 11476 12543
f 11477 11476 12544
f 11435 11477 12506
f 11477 12545 12506
f 11477 12544 12545
f 12506 12545 12507
f 12509 12546 12508
f 12508 12546 12512
f 12512 12546 12547
f 12512 12547 12513
f 12515 12548 12514
f 12514 12548 12518
f 12518 12548 12549
f 12518 12549 11437
f 12549 11478 11437
f 12549 12550 11478
f 11480 11478 12550
f 11480 12550 12551
f 11481 12552 11482
f 12552 12553 11482
f 11482 12553 11442
f 12553 12554 11442
f 12554 12520 11442
f 12520 12554 12521
f 12521 12554 12555
f 12521 12555 12523
f 12523 12555 12556
f 12523 12556 12525
f 12525 12556 12557
f 12525 12557 12526
f 12526 12557 12558
f 12560 12559 12558
f 12559 12526 12558
f 12559 12527 12526
f 12561 11483 11444
f 12527 12561 11444
f 12559 12561 12527
f 12562 11484 11483
f 12562 11483 12561
f 12563 11485 11484
f 12563 11484 12562
f 12563 11487 11485
f 11489 12564 11490
f 12565 11491 11490
f 12565 11490 12564
f 12566 11492 11491
f 12566 11491 12565
f 12566 11494 11492
f 11497 12567 11498
f 12567 11500 11498
f 11505 12568 11506
f 11506 12568 12569
f 12570 11506 12569
f 11507 11506 12570
f 11457 11507 12528
f 11507 12571 12528
f 11507 12570 12571
f 12528 12571 11460
f 12571 11508 11460
f 12571 12572 11508
f 11508 12573 11509
f 12572 12573 11508
f 11509 12574 11510
f 12573 12574 11509
f 11510 12575 11511
f 12574 12575 11510
f 11464 11511 12529
f 11511 12576 12529
f 11511 12575 12576
f 12529 12576 12530
f 12530 12576 12577
f 12530 12577 11468
f 12577 11512 11468
f 12577 12578 11512
f 11512 12579 11513
f 12578 12579 11512
f 11470 11513 12531
f 11513 12580 12531
f 11513 12579 12580
f 12531 12580 12532
f 12537 12581 12536
f 12536 12581 12538
f 12538 12581 12582
f 12538 12582 12539
f 12542 12583 12541
f 12541 12583 12543
f 12551 12584 11480
f 11480 12584 11514
f 11481 11514 12552
f 11514 12585 12552
f 11514 12584 12585
f 12552 12585 12553
f 12560 12586 12559
f 12559 12586 12561
f 12561 12586 12587
f 12561 12587 12562
f 12562 12587 12588
f 12562 12588 12563
f 12563 12588 12589
f 12563 12589 11487
f 12589 11515 11487
f 12589 12590 11515
f 11515 12591 11516
f 12590 12591 11515
f 11489 11516 12564
f 11516 12592 12564
f 11516 12591 12592
f 12564 12592 12565
f 12565 12592 12593
f 12565 12593 12566
f 12566 12593 12594
f 12566 12594 11494
f 12594 11517 11494
f 12594 12595 11517
f 12595 12597 12596
f 11518 12595 12596
f 11517 12595 11518
f 12598 11519 11518
f 12598 11518 12596
f 12598 11521 11519
f 11535 12599 11536
f 11536 12599 12600
f 12601 11536 12600
f 11537 11536 12601
f 11497 11537 12567
f 11537 12602 12567
f 11537 12601 12602
f 12602 12604 12603
f 12602 12603 11538
f 12567 12602 11538
f 11500 12567 11538
f 12605 11539 11538
f 12605 11538 12603
f 11539 12605 12606
f 12607 11539 12606
f 11540 11539 12607
f 12607 12609 12608
f 11541 12607 12608
f 11540 12607 11541
f 12610 11542 11541
f 12610 11541 12608
f 12568 11505 11542
f 12610 12568 11542
f 12611 12568 12610
f 12569 12568 12612
f 12612 12568 12611
f 12597 12613 12596
f 12596 12613 12598
f 12598 12613 12614
f 12614 12616 12615
f 12614 12615 11543
f 12598 12614 11543
f 11521 12598 11543
f 12615 11545 11543
f 11556 12617 11557
f 12617 11560 11557
f 11563 12618 11564
f 12619 11565 11564
f 12619 11564 12618
f 12619 12620 11565
f 11565 12620 11535
f 12620 12621 11535
f 12621 12599 11535
f 12599 12621 12600
f 12604 12622 12603
f 12603 12622 12605
f 12605 12622 12623
f 12605 12623 12606
f 12609 12624 12608
f 12626 12625 12624
f 12625 12608 12624
f 12625 12610 12608
f 12610 12627 12611
f 12610 12625 12627
f 12612 12611 12628
f 12628 12611 12627
f 12615 12616 12629
f 12629 12616 12630
f 12629 11567 11545
f 12629 11545 12615
f 11570 12631 11571
f 12631 11573 11571
f 12617 11556 11582
f 12632 12617 11582
f 12633 12617 12632
f 12634 11583 11560
f 12617 12634 11560
f 12633 12634 12617
f 12634 11585 11583
f 11586 12635 11587
f 12635 12636 11587
f 11587 12636 11563
f 12636 12637 11563
f 12637 12618 11563
f 12618 12637 12619
f 12619 12637 12638
f 12619 12638 12620
f 12626 12639 12625
f 12625 12639 12627
f 12627 12639 12640
f 12627 12640 12628
f 12643 12642 12641
f 12641 12644 12643
f 12629 12630 12645
f 12645 12630 12646
f 12647 11588 11567
f 12629 12647 11567
f 12645 12647 12629
f 12647 11590 11588
f 11592 12631 11570
f 12631 11592 11573
f 11601 12648 11602
f 12648 11604 11602
f 11608 12649 11609
f 12632 12650 12633
f 12633 12650 12651
f 12633 12651 12634
f 12634 12651 12652
f 12634 12652 11585
f 12652 11610 11585
f 12652 12653 11610
f 11586 11610 12635
f 11610 12654 12635
f 11610 12653 12654
f 12635 12654 12636
f 12642 12655 12641
f 12641 12655 12644
f 12646 12656 12645
f 12658 12657 12656
f 12657 12645 12656
f 12657 12647 12645
f 12659 11611 11590
f 12647 12659 11590
f 12657 12659 12647
f 12660 11612 11611
f 12660 11611 12659
f 12661 11613 11612
f 12661 11612 12660
f 12662 11614 11613
f 12662 11613 12661
f 12663 11615 11614
f 12663 11614 12662
f 12664 11616 11615
f 12664 11615 12663
f 12664 11618 11616
f 11661 12665 11662
f 12666 11663 11662
f 12666 11662 12665
f 12666 11665 11663
f 11672 12667 11673
f 12668 11674 11673
f 12668 11673 12667
f 12668 11676 11674
f 11678 12669 11679
f 11679 12669 12670
f 12671 11679 12670
f 11680 11679 12671
f 12671 12673 12672
f 11681 12671 12672
f 11680 12671 11681
f 11681 12672 12674
f 12675 11681 12674
f 11682 11681 12675
f 11601 11682 12648
f 11682 12676 12648
f 11682 12675 12676
f 12648 12676 11604
f 12676 11683 11604
f 12676 12677 11683
f 12677 12679 12678
f 11684 12677 12678
f 11683 12677 11684
f 11684 12678 12680
f 12681 11684 12680
f 11685 11684 12681
f 11685 12682 11686
f 12681 12682 11685
f 11686 12683 11687
f 12682 12683 11686
f 11608 11687 12649
f 11687 12684 12649
f 11687 12683 12684
f 12657 12658 12685
f 12685 12658 12686
f 12688 12659 12687
f 12659 12685 12687
f 12659 12657 12685
f 12659 12688 12660
f 12660 12688 12689
f 12660 12689 12661
f 12661 12689 12690
f 12661 12690 12662
f 12662 12690 12691
f 12662 12691 12663
f 12663 12691 12692
f 12694 12693 12692
f 12693 12663 12692
f 12693 12664 12663
f 12695 11688 11618
f 12664 12695 11618
f 12693 12695 12664
f 12695 11690 11688
f 11691 12696 11692
f 12696 11694 11692
f 11723 12697 11724
f 12698 11725 11724
f 12698 11724 12697
f 12698 11727 11725
f 11729 12699 11730
f 12700 11731 11730
f 12700 11730 12699
f 12701 11732 11731
f 12701 11731 12700
f 12702 11733 11732
f 12702 11732 12701
f 12703 11734 11733
f 12703 11733 12702
f 12703 11736 11734
f 11757 12704 11758
f 12704 11760 11758
f 11762 12705 11763
f 12706 11764 11763
f 12706 11763 12705
f 12707 11765 11764
f 12707 11764 12706
f 12707 11767 11765
f 11768 12708 11769
f 12708 12709 11769
f 11769 12709 11661
f 12709 12710 11661
f 12710 12665 11661
f 12665 12710 12666
f 12666 12710 12711
f 12666 12711 11665
f 12711 11770 11665
f 12711 12712 11770
f 12712 12714 12713
f 11771 12712 12713
f 11770 12712 11771
f 12713 11773 11771
f 11774 12715 11775
f 12716 11776 11775
f 12716 11775 12715
f 12717 11777 11776
f 12717 11776 12716
f 12718 11778 11777
f 12718 11777 12717
f 12718 12719 11778
f 11778 12719 11672
f 12719 12720 11672
f 12720 12667 11672
f 12667 12720 12668
f 12668 12720 12721
f 12721 12723 12722
f 12721 12722 11779
f 12668 12721 11779
f 11676 12668 11779
f 12724 11780 11779
f 12724 11779 12722
f 12724 12725 11780
f 11780 12725 11678
f 12725 12726 11678
f 12726 12669 11678
f 12669 12726 12670
f 12673 12727 12672
f 12672 12727 12674
f 12679 12728 12678
f 12678 12728 12680
f 12685 12686 12729
f 12729 12686 12730
f 12687 12685 12731
f 12731 12685 12729
f 12693 12694 12732
f 12732 12694 12733
f 12732 11782 11783
f 12695 12732 11783
f 12693 12732 12695
f 12695 11783 11690
f 11785 12696 11691
f 12696 11785 11694
f 11812 12734 11813
f 12735 11814 11813
f 12735 11813 12734
f 12736 11815 11814
f 12736 11814 12735
f 12737 11816 11815
f 12737 11815 12736
f 12737 11818 11816
f 11819 12738 11820
f 12697 11723 11820
f 12738 12697 11820
f 12739 12697 12738
f 12697 12740 12698
f 12697 12739 12740
f 12741 11821 11727
f 12698 12741 11727
f 12740 12741 12698
f 12742 11822 11821
f 12742 11821 12741
f 12699 11729 11822
f 12742 12699 11822
f 12743 12699 12742
f 12699 12744 12700
f 12699 12743 12744
f 12700 12745 12701
f 12700 12744 12745
f 12747 12702 12746
f 12702 12745 12746
f 12702 12701 12745
f 12702 12747 12703
f 12703 12747 12748
f 12748 12750 12749
f 12748 12749 11823
f 12703 12748 11823
f 11736 12703 11823
f 12751 11824 11823
f 12751 11823 12749
f 12752 11825 11824
f 12752 11824 12751
f 12753 11826 11825
f 12753 11825 12752
f 12753 11828 11826
f 11830 12754 11831
f 12755 11832 11831
f 12755 11831 12754
f 12756 11833 11832
f 12756 11832 12755
f 12757 11834 11833
f 12757 11833 12756
f 12758 11835 11834
f 12758 11834 12757
f 12759 11836 11835
f 12759 11835 12758
f 12760 11837 11836
f 12760 11836 12759
f 11837 12760 12761
f 12762 11837 12761
f 11838 11837 12762
f 12762 12764 12763
f 11839 12762 12763
f 11838 12762 11839
f 12765 11840 11839
f 12765 11839 12763
f 12766 11841 11840
f 12766 11840 12765
f 11841 12766 12767
f 12768 11841 12767
f 11842 11841 12768
f 12768 12770 12769
f 11843 12768 12769
f 11842 12768 11843
f 12771 11844 11843
f 12771 11843 12769
f 12772 11845 11844
f 12772 11844 12771
f 12772 12773 11845
f 11845 12773 11757
f 12773 12774 11757
f 12774 12704 11757
f 12774 12776 12775
f 12774 12775 11846
f 12704 12774 11846
f 11760 12704 11846
f 12777 11847 11846
f 12777 11846 12775
f 12777 12778 11847
f 11847 12778 11762
f 12778 12779 11762
f 12779 12705 11762
f 12705 12779 12706
f 12706 12779 12780
f 12706 12780 12707
f 12707 12780 12781
f 12707 12781 11767
f 12781 11848 11767
f 12781 12782 11848
f 11768 11848 12708
f 11848 12783 12708
f 11848 12782 12783
f 12708 12783 12709
f 12713 12714 12784
f 12784 12714 12785
f 12786 11849 11773
f 12713 12786 11773
f 12784 12786 12713
f 12715 11774 11849
f 12786 12715 11849
f 12787 12715 12786
f 12789 12716 12788
f 12716 12787 12788
f 12716 12715 12787
f 12716 12789 12717
f 12717 12789 12790
f 12717 12790 12718
f 12718 12790 12791
f 12718 12791 12719
f 12723 12792 12722
f 12722 12792 12724
f 12724 12792 12793
f 12724 12793 12725
f 12730 12794 12729
f 12729 12794 12731
f 12733 12795 12732
f 12732 12795 11782
f 12795 11850 11782
f 12795 12796 11850
f 11850 12797 11851
f 12796 12797 11850
f 11851 12798 11852
f 12797 12798 11851
f 11852 12799 11853
f 12798 12799 11852
f 11853 12800 11854
f 12799 12800 11853
f 12800 12802 12801
f 11855 12800 12801
f 11854 12800 11855
f 11855 12801 12803
f 12804 11855 12803
f 11856 11855 12804
f 11856 12805 11857
f 12804 12805 11856
f 11857 12806 11858
f 12805 12806 11857
f 12806 12808 12807
f 11859 12806 12807
f 11858 12806 11859
f 12809 11860 11859
f 12809 11859 12807
f 12810 11861 11860
f 12810 11860 12809
f 12811 11862 11861
f 12811 11861 12810
f 12812 11863 11862
f 12812 11862 12811
f 11863 12812 12813
f 12814 11863 12813
f 11864 11863 12814
f 12814 12816 12815
f 11865 12814 12815
f 11864 12814 11865
f 12815 11867 11865
f 11868 12817 11869
f 12818 11870 11869
f 12818 11869 12817
f 12818 11872 11870
f 11873 12819 11874
f 11874 12819 12820
f 12821 11874 12820
f 11875 11874 12821
f 12821 12823 12822
f 11876 12821 12822
f 11875 12821 11876
f 12824 11877 11876
f 12824 11876 12822
f 12825 11878 11877
f 12825 11877 12824
f 12826 11879 11878
f 12826 11878 12825
f 12827 11880 11879
f 12827 11879 12826
f 12828 11881 11880
f 12828 11880 12827
f 11881 12828 12829
f 12830 11881 12829
f 11882 11881 12830
f 11882 12831 11883
f 12830 12831 11882
f 11883 12832 11884
f 12831 12832 11883
f 11884 12833 11885
f 12832 12833 11884
f 11885 12834 11886
f 12833 12834 11885
f 11886 12835 11887
f 12834 12835 11886
f 11887 12836 11888
f 12835 12836 11887
f 11888 12837 11889
f 12836 12837 11888
f 11889 12838 11890
f 12837 12838 11889
f 11890 12839 11891
f 12838 12839 11890
f 11812 11891 12734
f 11891 12840 12734
f 11891 12839 12840
f 12734 12840 12735
f 12735 12840 12841
f 12735 12841 12736
f 12736 12841 12842
f 12736 12842 12737
f 12737 12842 12843
f 12737 12843 11818
f 12843 11892 11818
f 12843 12844 11892
f 11819 11892 12738
f 11892 12845 12738
f 11892 12844 12845
f 12738 12845 12739
f 12739 12845 12846
f 12739 12846 12740
f 12740 12846 12847
f 12740 12847 12741
f 12741 12847 12848
f 12741 12848 12742
f 12742 12848 12849
f 12742 12849 12743
f 12743 12849 12850
f 12743 12850 12744
f 12744 12850 12851
f 12744 12851 12745
f 12745 12851 12852
f 12745 12852 12746
f 12750 12853 12749
f 12749 12853 12751
f 12751 12853 12854
f 12751 12854 12752
f 12752 12854 12855
f 12752 12855 12753
f 12753 12855 12856
f 12753 12856 11828
f 12856 11893 11828
f 12856 12857 11893
f 11893 12858 11894
f 12857 12858 11893
f 11830 11894 12754
f 11894 12859 12754
f 11894 12858 12859
f 12754 12859 12755
f 12755 12859 12860
f 12755 12860 12756
f 12756 12860 12861
f 12756 12861 12757
f 12757 12861 12862
f 12757 12862 12758
f 12758 12862 12863
f 12758 12863 12759
f 12759 12863 12864
f 12759 12864 12760
f 12760 12864 12865
f 12760 12865 12761
f 12764 12866 12763
f 12763 12866 12765
f 12765 12866 12867
f 12765 12867 12766
f 12766 12867 12868
f 12766 12868 12767
f 12770 12869 12769
f 12769 12869 12771
f 12771 12869 12870
f 12771 12870 12772
f 12772 12870 12871
f 12772 12871 12773
f 12776 12872 12775
f 12775 12872 12777
f 12777 12872 12873
f 12777 12873 12778
f 12785 12874 12784
f 12784 12874 12786
f 12786 12874 12875
f 12786 12875 12787
f 12787 12875 12876
f 12787 12876 12788
f 12802 12877 12801
f 12801 12877 12803
f 12808 12878 12807
f 12807 12878 12809
f 12809 12878 12879
f 12809 12879 12810
f 12810 12879 12880
f 12810 12880 12811
f 12811 12880 12881
f 12811 12881 12812
f 12812 12881 12882
f 12812 12882 12813
f 12816 12883 12815
f 12815 12883 11867
f 12883 11895 11867
f 12883 12884 11895
f 11868 11895 12817
f 11895 12885 12817
f 11895 12884 12885
f 12817 12885 12818
f 12818 12885 12886
f 12818 12886 11872
f 12886 11896 11872
f 12886 12887 11896
f 11873 11896 12819
f 11896 12888 12819
f 11896 12887 12888
f 12819 12888 12820
f 12823 12889 12822
f 12822 12889 12824
f 12824 12889 12890
f 12824 12890 12825
f 12825 12890 12891
f 12825 12891 12826
f 12826 12891 12892
f 12826 12892 12827
f 12827 12892 12893
f 12827 12893 12828
f 12828 12893 12894
f 12828 12894 12829
f 12897 12896 12895
f 12899 12898 12895
f 12895 12898 12897
f 12899 12900 12898
f 12903 12902 12901
f 12905 12904 12901
f 12901 12904 12903
f 12904 12905 12896
f 12905 12895 12896
f 12905 12906 12895
f 12895 12907 12899
f 12895 12906 12907
f 12900 12899 12908
f 12899 12909 12908
f 12899 12907 12909
f 12911 12910 12909
f 12909 12910 12908
f 12911 12912 12910
f 12915 12914 12913
f 12917 12916 12913
f 12913 12916 12915
f 12919 12918 12917
f 12917 12918 12916
f 12921 12920 12919
f 12919 12920 12918
f 12920 12921 12902
f 12921 12901 12902
f 12921 12922 12901
f 12922 11898 11899
f 12905 12922 11899
f 12901 12922 12905
f 12905 11899 11900
f 12905 11900 12906
f 12906 11900 11902
f 12906 11902 12907
f 12907 11902 11904
f 12907 11904 12909
f 12909 11904 11906
f 12909 11906 12911
f 12924 12923 11908
f 11908 12923 11906
f 12923 12912 11906
f 12912 12911 11906
f 12926 12925 12924
f 12924 12925 12923
f 12928 12927 12926
f 12926 12927 12925
f 12930 12929 12928
f 12928 12929 12927
f 12932 12931 12930
f 12930 12931 12929
f 12932 12933 12931
f 12936 12935 12934
f 11910 11911 12934
f 11911 12936 12934
f 11911 12937 12936
f 11912 12913 12914
f 12937 11912 12914
f 11911 11912 12937
f 12913 11912 11914
f 12913 11914 12917
f 12917 11914 11916
f 12917 11916 12919
f 12919 11916 11918
f 12919 11918 12921
f 12921 11918 11920
f 12921 11920 12922
f 12922 11920 11898
f 11922 12924 11908
f 12924 11922 11924
f 12924 11924 12926
f 12926 11924 11926
f 12926 11926 12928
f 12928 11926 11928
f 12928 11928 12930
f 12930 11928 11930
f 12930 11930 12932
f 12939 12938 11932
f 11932 12938 11930
f 12938 12933 11930
f 12933 12932 11930
f 12939 12940 12938
f 12943 12942 12941
f 11934 11935 12941
f 11935 12943 12941
f 11935 12944 12943
f 12945 11935 11936
f 12945 12944 11935
f 12946 11936 11938
f 12946 12945 11936
f 12947 11938 11940
f 12947 12946 11938
f 12948 11940 11942
f 12948 12947 11940
f 12949 11942 11944
f 12949 12948 11942
f 12950 11944 11946
f 12950 12949 11944
f 11948 12934 12935
f 12950 11948 12935
f 11946 11948 12950
f 12934 11948 11910
f 11949 12939 11932
f 12951 12940 12939
f 11949 12951 12939
f 11951 12951 11949
f 12953 12952 11953
f 12952 11951 11953
f 12952 12951 11951
f 12955 12954 12953
f 12953 12954 12952
f 12957 12956 12955
f 12955 12956 12954
f 11955 11956 12957
f 11956 12956 12957
f 11956 12958 12956
f 12959 11956 11957
f 12959 12958 11956
f 12961 12960 11959
f 12960 11957 11959
f 12960 12959 11957
f 12961 12962 12960
f 12941 12942 12963
f 12963 12942 12964
f 12963 11961 11934
f 12963 11934 12941
f 11969 12953 11953
f 12953 11969 11971
f 12965 12953 11971
f 12955 12953 12965
f 12955 12966 12957
f 12955 12965 12966
f 12966 11973 11955
f 12966 11955 12957
f 11975 12967 12961
f 11975 12961 11959
f 12962 12961 12968
f 12968 12961 12967
f 12963 12964 12969
f 12969 12964 12970
f 12971 11976 11961
f 12963 12971 11961
f 12969 12971 12963
f 12971 11978 11976
f 11986 12965 11971
f 12965 11986 11988
f 12965 11988 12966
f 12966 11988 11973
f 11992 12972 12967
f 11992 12967 11975
f 12968 12967 12973
f 12973 12967 12972
f 12976 12975 12974
f 12978 12977 12974
f 12974 12977 12976
f 12980 12979 12978
f 12978 12979 12977
f 12979 12980 12970
f 12970 12980 12969
f 12980 11994 12969
f 11994 11995 12969
f 12969 11995 11996
f 12969 11996 12971
f 12971 11996 11978
f 12004 12972 11992
f 12982 12981 12006
f 12006 12981 12004
f 12981 12973 12004
f 12973 12972 12004
f 12982 12983 12981
f 12986 12985 12984
f 12008 12009 12984
f 12009 12986 12984
f 12009 12987 12986
f 12988 12009 12010
f 12988 12987 12009
f 12989 12010 12012
f 12989 12988 12010
f 12990 12012 12014
f 12990 12989 12012
f 12991 12014 12016
f 12991 12990 12014
f 12992 12016 12018
f 12992 12991 12016
f 12020 12974 12975
f 12992 12020 12975
f 12018 12020 12992
f 12974 12020 12021
f 12974 12021 12978
f 12978 12021 12022
f 12978 12022 12980
f 12980 12022 11994
f 12023 12982 12006
f 12993 12983 12982
f 12023 12993 12982
f 12025 12993 12023
f 12995 12994 12027
f 12994 12025 12027
f 12994 12993 12025
f 12997 12996 12995
f 12995 12996 12994
f 12999 12998 12997
f 12997 12998 12996
f 12999 13000 12998
f 13003 13002 13001
f 13005 13004 13001
f 13001 13004 13003
f 12029 12030 13005
f 12030 13004 13005
f 12030 13006 13004
f 13008 13007 12031
f 13007 12030 12031
f 13007 13006 12030
f 13010 13009 13008
f 13008 13009 13007
f 13012 13011 13010
f 13010 13011 13009
f 13014 13013 13012
f 13012 13013 13011
f 13016 13015 13014
f 13014 13015 13013
f 12033 12034 13016
f 12034 13015 13016
f 12034 13017 13015
f 13018 12034 12035
f 13018 13017 12034
f 12037 12984 12985
f 13018 12037 12985
f 12035 12037 13018
f 12984 12037 12008
f 12039 12995 12027
f 12995 12039 12040
f 12995 12040 12997
f 12997 12040 12042
f 12997 12042 12999
f 13019 13000 12999
f 12042 13019 12999
f 12044 13019 12042
f 13021 13020 12046
f 13020 12044 12046
f 13020 13019 12044
f 13023 13022 13021
f 13021 13022 13020
f 13025 13024 13023
f 13023 13024 13022
f 13027 13026 13025
f 13025 13026 13024
f 13029 13028 13027
f 13027 13028 13026
f 13029 13030 13028
f 13033 13032 13031
f 13031 13034 13033
f 13001 13002 13035
f 13035 13002 13036
f 13035 12048 12049
f 13005 13035 12049
f 13001 13035 13005
f 13005 12049 12029
f 12051 13008 12031
f 13008 12051 12053
f 13037 13008 12053
f 13010 13008 13037
f 13010 13038 13012
f 13010 13037 13038
f 13012 13039 13014
f 13012 13038 13039
f 13039 12055 12056
f 13016 13039 12056
f 13014 13039 13016
f 13016 12056 12033
f 12061 13021 12046
f 13021 12061 12063
f 13021 12063 13023
f 13023 12063 12065
f 13023 12065 13025
f 13025 12065 12067
f 13025 12067 13027
f 13027 12067 12069
f 13040 13027 12069
f 13029 13027 13040
f 13030 13029 13041
f 13029 13042 13041
f 13029 13040 13042
f 13044 13043 13042
f 13042 13043 13041
f 13046 13045 13044
f 13044 13045 13043
f 13045 13046 13032
f 13032 13046 13031
f 13046 12071 13031
f 12071 12072 13031
f 13048 13047 12073
f 12073 13047 12072
f 13047 13034 12072
f 13034 13031 12072
f 13048 13049 13047
f 13052 13051 13050
f 13050 13051 13053
f 13055 13054 13052
f 13052 13054 13051
f 13057 13056 13055
f 13055 13056 13054
f 13059 13058 13057
f 13057 13058 13056
f 13061 13060 13059
f 13059 13060 13058
f 13063 13062 13061
f 13061 13062 13060
f 13065 13064 13063
f 13063 13064 13062
f 13067 13066 13065
f 13065 13066 13064
f 12075 12076 13067
f 12076 13066 13067
f 12076 13068 13066
f 13069 12076 12077
f 13069 13068 12076
f 12079 13035 13036
f 13069 12079 13036
f 12077 12079 13069
f 13035 12079 12048
f 12080 13037 12053
f 13037 12080 12081
f 13037 12081 13038
f 13038 12081 12082
f 13038 12082 13039
f 13039 12082 12055
f 12083 13040 12069
f 13040 12083 12084
f 13040 12084 13042
f 13042 12084 12086
f 13042 12086 13044
f 13044 12086 12088
f 13044 12088 13046
f 13046 12088 12071
f 12089 13048 12073
f 13071 13070 12091
f 12091 13070 12089
f 13070 13049 12089
f 13049 13048 12089
f 13073 13072 13071
f 13071 13072 13070
f 13073 13074 13072
f 13077 13076 13075
f 13079 13078 13075
f 13075 13078 13077
f 13081 13080 13079
f 13079 13080 13078
f 13081 13082 13080
f 13085 13084 13083
f 13087 13086 13083
f 13083 13086 13085
f 13089 13088 13087
f 13087 13088 13086
f 12093 12094 13089
f 12094 13088 13089
f 12094 13090 13088
f 13091 12094 12095
f 13091 13090 12094
f 13093 13092 12097
f 13092 12095 12097
f 13092 13091 12095
f 13093 13094 13092
f 13097 13096 13095
f 13099 13098 13095
f 13095 13098 13097
f 13101 13100 13099
f 13099 13100 13098
f 13103 13102 13101
f 13101 13102 13100
f 13105 13104 13103
f 13103 13104 13102
f 13107 13106 13105
f 13105 13106 13104
f 13109 13108 13107
f 13107 13108 13106
f 13109 13110 13108
f 13113 13112 13111
f 13111 13114 13113
f 13117 13116 13115
f 13115 13118 13117
f 13120 13119 12100
f 12100 13119 12099
f 13121 12100 12101
f 13121 13120 12100
f 13122 12101 12103
f 13122 13121 12101
f 13124 13123 12105
f 13123 12103 12105
f 13123 13122 12103
f 13126 13125 13124
f 13124 13125 13123
f 13050 12107 12108
f 13050 12108 13052
f 13052 12108 12109
f 13052 12109 13055
f 13055 12109 12110
f 13055 12110 13057
f 13057 12110 12111
f 13057 12111 13059
f 13059 12111 12112
f 13059 12112 13061
f 13061 12112 12113
f 13061 12113 13063
f 13063 12113 12114
f 13063 12114 13065
f 13065 12114 12116
f 13065 12116 13067
f 13067 12116 12075
f 12117 13071 12091
f 13071 12117 12118
f 13071 12118 13073
f 13127 13074 13073
f 12118 13127 13073
f 12120 13127 12118
f 13128 12120 12122
f 13128 13127 12120
f 13129 12122 12124
f 13129 13128 12122
f 12126 13075 13076
f 13129 12126 13076
f 12124 12126 13129
f 13075 12126 12128
f 13075 12128 13079
f 13079 12128 12129
f 13079 12129 13081
f 13130 13082 13081
f 12129 13130 13081
f 12130 13130 12129
f 13131 12130 12132
f 13131 13130 12130
f 12134 13083 13084
f 13131 12134 13084
f 12132 12134 13131
f 13083 12134 12136
f 13083 12136 13087
f 13087 12136 12138
f 13087 12138 13089
f 13089 12138 12093
f 12139 13093 12097
f 13132 13094 13093
f 12139 13132 13093
f 12141 13132 12139
f 13133 12141 12143
f 13133 13132 12141
f 13134 12143 12145
f 13134 13133 12143
f 13135 12145 12147
f 13135 13134 12145
f 12149 13095 13096
f 13135 12149 13096
f 12147 12149 13135
f 13095 12149 12151
f 13095 12151 13099
f 13099 12151 12152
f 13099 12152 13101
f 13101 12152 12153
f 13101 12153 13103
f 13103 12153 12154
f 13103 12154 13105
f 13105 12154 12155
f 13105 12155 13107
f 13107 12155 12157
f 13107 12157 13109
f 13136 13110 13109
f 12157 13136 13109
f 12159 13136 12157
f 13138 13137 12161
f 13137 12159 12161
f 13137 13136 12159
f 12163 12164 13138
f 12164 13137 13138
f 12164 13139 13137
f 13140 12164 12165
f 13140 13139 12164
f 13141 12165 12167
f 13141 13140 12165
f 13143 13142 12169
f 13142 12167 12169
f 13142 13141 12167
f 13145 13144 13143
f 13143 13144 13142
f 13147 13146 13145
f 13145 13146 13144
f 12171 12172 13147
f 12172 13146 13147
f 12172 13148 13146
f 12173 13111 13112
f 13148 12173 13112
f 12172 12173 13148
f 13149 13114 13111
f 12173 13149 13111
f 12175 13149 12173
f 13151 13150 12177
f 13150 12175 12177
f 13150 13149 12175
f 13153 13152 13151
f 13151 13152 13150
f 12179 12180 13153
f 12180 13152 13153
f 12180 13154 13152
f 13155 12180 12181
f 13155 13154 12180
f 13156 12181 12183
f 13156 13155 12181
f 13157 12183 12185
f 13157 13156 12183
f 13158 12185 12187
f 13158 13157 12185
f 13159 12187 12189
f 13159 13158 12187
f 12189 12191 13159
f 13159 12191 13160
f 13163 13162 13161
f 13165 13164 13161
f 13161 13164 13163
f 13167 13166 13165
f 13165 13166 13164
f 12193 12194 13167
f 12194 13166 13167
f 12194 13168 13166
f 12195 13115 13116
f 13168 12195 13116
f 12194 12195 13168
f 13170 13169 12197
f 12197 13169 12195
f 13169 13118 12195
f 13118 13115 12195
f 13172 13171 13170
f 13170 13171 13169
f 13174 13173 13172
f 13172 13173 13171
f 13176 13175 13174
f 13174 13175 13173
f 12199 12200 13176
f 12200 13175 13176
f 12200 13177 13175
f 13178 12200 12201
f 13178 13177 12200
f 13179 12201 12203
f 13179 13178 12201
f 13181 13180 12205
f 13180 12203 12205
f 13180 13179 12203
f 13181 13182 13180
f 13185 13184 13183
f 13187 13186 13183
f 13183 13186 13185
f 13189 13188 13187
f 13187 13188 13186
f 13189 13190 13188
f 13193 13192 13191
f 13191 13194 13193
f 13197 13196 13195
f 13199 13198 13195
f 13195 13198 13197
f 13201 13200 13199
f 13199 13200 13198
f 13203 13202 13201
f 13201 13202 13200
f 13205 13204 13203
f 13203 13204 13202
f 13205 13206 13204
f 13209 13208 13207
f 13211 13210 13207
f 13207 13210 13209
f 13213 13212 13211
f 13211 13212 13210
f 13215 13214 13213
f 13213 13214 13212
f 13215 13216 13214
f 13219 13218 13217
f 12207 12208 13217
f 12208 13219 13217
f 12208 13220 13219
f 12208 12099 13119
f 12208 13119 13220
f 12209 13124 12105
f 13124 12209 12210
f 13124 12210 13126
f 12229 13221 12230
f 13221 12161 12230
f 13221 13138 12161
f 13221 12233 12231
f 13138 13221 12231
f 13138 12231 12163
f 12237 13222 13143
f 12237 13143 12169
f 13224 13145 13223
f 13145 13222 13223
f 13145 13143 13222
f 13226 13225 13224
f 13225 13145 13224
f 13225 13147 13145
f 13225 12239 12171
f 13225 12171 13147
f 12241 13227 12242
f 13151 12177 12242
f 13227 13151 12242
f 13228 13151 13227
f 13151 13229 13153
f 13151 13228 13229
f 13229 12244 12179
f 13229 12179 13153
f 12249 13231 13230
f 13160 12249 13230
f 12191 12249 13160
f 13231 13232 13230
f 13161 13162 13233
f 13233 13162 13234
f 13161 13235 13165
f 13161 13233 13235
f 13165 13236 13167
f 13165 13235 13236
f 13236 12250 12193
f 13236 12193 13167
f 12252 13237 13170
f 12252 13170 12197
f 13170 13238 13172
f 13170 13237 13238
f 13172 13239 13174
f 13172 13238 13239
f 13174 13240 13176
f 13174 13239 13240
f 13240 12254 12199
f 13240 12199 13176
f 12257 13241 13181
f 12257 13181 12205
f 13182 13181 13242
f 13242 13181 13241
f 13245 13244 13243
f 13245 13243 13184
f 13243 13183 13184
f 13243 13246 13183
f 13183 13247 13187
f 13183 13246 13247
f 13187 13248 13189
f 13187 13247 13248
f 13190 13189 13249
f 13249 13189 13248
f 13192 13250 13191
f 13191 13250 13194
f 13196 13251 13195
f 13195 13251 13199
f 13199 13251 13252
f 13199 13252 13201
f 13201 13252 13253
f 13201 13253 13203
f 13203 13253 13254
f 13203 13254 13205
f 13205 13254 13255
f 13205 13255 13206
f 13208 13256 13207
f 13207 13256 13211
f 13211 13256 13257
f 13211 13257 13213
f 13213 13257 13258
f 13213 13258 13215
f 13215 13258 13259
f 13215 13259 13216
f 13218 13260 13217
f 13260 13262 13261
f 13260 13261 12258
f 13217 13260 12258
f 12207 13217 12258
f 13261 12260 12258
f 13263 12265 12263
f 12271 13264 12272
f 13264 12274 12272
f 12286 13265 12287
f 13221 12229 12287
f 13265 13221 12287
f 13266 13221 13265
f 13266 12289 12233
f 13266 12233 13221
f 12293 13267 13222
f 12293 13222 12237
f 13223 13222 13268
f 13268 13222 13267
f 13225 13226 13269
f 13269 13226 13270
f 13269 12295 12239
f 13269 12239 13225
f 12297 13271 13227
f 12297 13227 12241
f 13227 13272 13228
f 13227 13271 13272
f 13228 13273 13229
f 13228 13272 13273
f 13273 12299 12244
f 13273 12244 13229
f 12303 13274 13231
f 12303 13231 12249
f 13232 13231 13275
f 13231 13276 13275
f 13231 13274 13276
f 13275 13276 13234
f 13276 13233 13234
f 13276 13277 13233
f 13233 13278 13235
f 13233 13277 13278
f 13278 12305 12306
f 13236 13278 12306
f 13235 13278 13236
f 13236 12306 12250
f 12307 13279 13237
f 12307 13237 12252
f 13237 13280 13238
f 13237 13279 13280
f 13238 13281 13239
f 13238 13280 13281
f 13239 13282 13240
f 13239 13281 13282
f 13282 12309 12254
f 13282 12254 13240
f 12310 13283 13241
f 12310 13241 12257
f 13242 13241 13284
f 13241 13285 13284
f 13241 13283 13285
f 13287 13286 13285
f 13285 13286 13284
f 13289 13288 13287
f 13287 13288 13286
f 13291 13290 13289
f 13289 13290 13288
f 13290 13291 13244
f 13291 13243 13244
f 13291 13292 13243
f 13292 12312 12313
f 13246 13292 12313
f 13243 13292 13246
f 13246 12313 12314
f 13246 12314 13247
f 13247 12314 12316
f 13293 13247 12316
f 13248 13247 13293
f 13249 13248 13294
f 13294 13248 13293
f 13297 13296 13295
f 13299 13298 13295
f 13295 13298 13297
f 13301 13300 13299
f 13299 13300 13298
f 13301 13302 13300
f 13305 13304 13303
f 13303 13306 13305
f 13261 13262 13307
f 13307 13262 13308
f 13307 12318 12260
f 13307 12260 13261
f 12320 13309 12321
f 13263 12322 12265
f 12323 13264 12271
f 13264 12323 12274
f 12324 13265 12286
f 13265 12324 12325
f 13265 12325 13266
f 13266 12325 12289
f 12326 13267 12293
f 13310 13268 13267
f 12326 13310 13267
f 12328 13310 12326
f 12330 13269 13270
f 13310 12330 13270
f 12328 12330 13310
f 13269 12330 12295
f 12332 13271 12297
f 13271 12332 12333
f 13271 12333 13272
f 13272 12333 12335
f 13272 12335 13273
f 13273 12335 12299
f 12336 13274 12303
f 13274 12336 12338
f 13274 12338 13276
f 13276 12338 12340
f 13276 12340 13277
f 13277 12340 12341
f 13277 12341 13278
f 13278 12341 12305
f 12342 13279 12307
f 13279 12342 12343
f 13279 12343 13280
f 13280 12343 12344
f 13280 12344 13281
f 13281 12344 12345
f 13281 12345 13282
f 13282 12345 12309
f 12346 13283 12310
f 13283 12346 12347
f 13283 12347 13285
f 13285 12347 12349
f 13285 12349 13287
f 13287 12349 12351
f 13287 12351 13289
f 13289 12351 12353
f 13289 12353 13291
f 13291 12353 12355
f 13291 12355 13292
f 13292 12355 12312
f 12356 13293 12316
f 13311 13294 13293
f 12356 13311 13293
f 12357 13311 12356
f 13312 12357 12359
f 13312 13311 12357
f 13313 12359 12361
f 13313 13312 12359
f 12363 13295 13296
f 13313 12363 13296
f 12361 12363 13313
f 13295 12363 12365
f 13295 12365 13299
f 13299 12365 12367
f 13299 12367 13301
f 13314 13302 13301
f 12367 13314 13301
f 12368 13314 12367
f 13316 13315 12370
f 13315 12368 12370
f 13315 13314 12368
f 13318 13317 13316
f 13316 13317 13315
f 13320 13319 13318
f 13318 13319 13317
f 13322 13321 13320
f 13320 13321 13319
f 12372 12373 13322
f 12373 13321 13322
f 12373 13323 13321
f 13324 12373 12374
f 13324 13323 12373
f 13325 12374 12376
f 13325 13324 12374
f 13326 12376 12378
f 13326 13325 12376
f 13327 12378 12380
f 13327 13326 12378
f 13328 12380 12382
f 13328 13327 12380
f 13329 12382 12384
f 13329 13328 12382
f 13330 12384 12386
f 13330 13329 12384
f 13331 12386 12388
f 13331 13330 12386
f 13332 12388 12389
f 13332 13331 12388
f 12390 13303 13304
f 13332 12390 13304
f 12389 12390 13332
f 13333 13306 13303
f 12390 13333 13303
f 12392 13333 12390
f 13334 12392 12394
f 13334 13333 12392
f 13335 12394 12396
f 13335 13334 12394
f 13336 12396 12398
f 13336 13335 12396
f 12400 13307 13308
f 13336 12400 13308
f 12398 12400 13336
f 13307 12400 12318
f 12401 13309 12320
f 12402 13316 12370
f 13316 12402 12403
f 13316 12403 13318
f 13318 12403 12404
f 13318 12404 13320
f 13320 12404 12405
f 13320 12405 13322
f 13322 12405 12372
f 12408 13337 12409
f 13338 12410 12409
f 13338 12409 13337
f 13339 12411 12410
f 13339 12410 13338
f 13340 12412 12411
f 13340 12411 13339
f 13340 12414 12412
f 12416 13341 12417
f 13342 12418 12417
f 13342 12417 13341
f 13343 12419 12418
f 13343 12418 13342
f 13344 12420 12419
f 13344 12419 13343
f 13344 12422 12420
f 12425 13345 12426
f 13346 12427 12426
f 13346 12426 13345
f 13347 12428 12427
f 13347 12427 13346
f 13347 12430 12428
f 12435 13348 12436
f 13348 12438 12436
f 12448 13349 12449
f 13350 12450 12449
f 13350 12449 13349
f 13350 13351 12450
f 12450 13351 12408
f 13351 13352 12408
f 13352 13337 12408
f 13337 13352 13338
f 13338 13352 13353
f 13338 13353 13339
f 13339 13353 13354
f 13339 13354 13340
f 13340 13354 13355
f 13340 13355 12414
f 13355 12451 12414
f 13355 13356 12451
f 12451 13357 12452
f 13356 13357 12451
f 12416 12452 13341
f 12452 13358 13341
f 12452 13357 13358
f 13341 13358 13342
f 13342 13358 13359
f 13342 13359 13343
f 13343 13359 13360
f 13343 13360 13344
f 13344 13360 13361
f 13361 13363 13362
f 13361 13362 12453
f 13344 13361 12453
f 12422 13344 12453
f 13362 12455 12453
f 12456 13364 12457
f 13364 13365 12457
f 12457 13365 12425
f 13365 13366 12425
f 13366 13345 12425
f 13368 13367 13366
f 13367 13345 13366
f 13367 13346 13345
f 13346 13369 13347
f 13346 13367 13369
f 13370 12458 12430
f 13347 13370 12430
f 13369 13370 13347
f 13371 12459 12458
f 13371 12458 13370
f 13372 12460 12459
f 13372 12459 13371
f 13373 12461 12460
f 13373 12460 13372
f 12461 13373 13374
f 13375 12461 13374
f 12462 12461 13375
f 12435 12462 13348
f 12462 13376 13348
f 12462 13375 13376
f 12438 13348 13376
f 13377 12438 13376
f 12464 12438 13377
f 12466 13378 12467
f 13379 12468 12467
f 13379 12467 13378
f 13379 12470 12468
f 12477 13380 13349
f 12477 13349 12448
f 13349 13381 13350
f 13349 13380 13381
f 13351 13350 13382
f 13350 13383 13382
f 13350 13381 13383
f 13383 13384 13382
f 13387 13386 13385
f 13385 13388 13387
f 13391 13390 13389
f 13393 13392 13389
f 13389 13392 13391
f 13392 13393 13363
f 13363 13393 13362
f 13393 12479 13362
f 12479 12480 13362
f 13362 12480 12455
f 12481 13364 12456
f 13395 13394 12483
f 12483 13394 12481
f 13394 13365 12481
f 13365 13364 12481
f 13394 13395 13368
f 13368 13395 13367
f 13395 12485 13367
f 12485 12486 13367
f 13367 12486 12487
f 13396 13367 12487
f 13369 13367 13396
f 13369 13397 13370
f 13369 13396 13397
f 13397 12489 12490
f 13371 13397 12490
f 13370 13397 13371
f 13371 12490 12491
f 13371 12491 13372
f 13372 12491 12493
f 13372 12493 13373
f 13398 13374 13373
f 12493 13398 13373
f 12495 13398 12493
f 13399 12495 12497
f 13399 13398 12495
f 12497 12464 13377
f 12497 13377 13399
f 12499 13378 12466
f 13378 12499 12501
f 13378 12501 13379
f 13379 12501 12470
f 12505 13380 12477
f 13380 12505 12507
f 13400 13380 12507
f 13381 13380 13400
f 13381 13401 13383
f 13381 13400 13401
f 13384 13383 13402
f 13383 13403 13402
f 13383 13401 13403
f 13405 13404 13403
f 13403 13404 13402
f 13407 13406 13405
f 13405 13406 13404
f 13406 13407 13386
f 13386 13407 13385
f 13407 12509 13385
f 12509 12510 13385
f 13408 13388 13385
f 12510 13408 13385
f 12511 13408 12510
f 13410 13409 12513
f 13409 12511 12513
f 13409 13408 12511
f 13412 13411 13410
f 13410 13411 13409
f 13411 13412 13390
f 13390 13412 13389
f 13412 12515 13389
f 12515 12516 13389
f 13389 12516 12517
f 13389 12517 13393
f 13393 12517 12479
f 12519 13395 12483
f 13395 12519 12485
f 12522 13396 12487
f 13396 12522 12524
f 13396 12524 13397
f 13397 12524 12489
f 13414 13413 12533
f 13414 12533 12532
f 12533 13415 12534
f 13413 13415 12533
f 13415 13417 13416
f 12535 13415 13416
f 12534 13415 12535
f 13416 12537 12535
f 12539 13418 12540
f 13418 12542 12540
f 12543 13419 12544
f 12544 13419 13420
f 13421 12544 13420
f 12545 12544 13421
f 12507 12545 13400
f 12545 13422 13400
f 12545 13421 13422
f 13400 13422 13401
f 13401 13422 13423
f 13401 13423 13403
f 13403 13423 13424
f 13403 13424 13405
f 13405 13424 13425
f 13405 13425 13407
f 13407 13425 13426
f 13426 13428 13427
f 13426 13427 12546
f 13407 13426 12546
f 12509 13407 12546
f 13429 12547 12546
f 13429 12546 13427
f 13429 13430 12547
f 12547 13430 12513
f 13430 13431 12513
f 13431 13410 12513
f 13410 13431 13412
f 13412 13431 13432
f 13412 13432 12515
f 13432 12548 12515
f 13432 13433 12548
f 12548 13434 12549
f 13433 13434 12548
f 13434 13436 13435
f 12550 13434 13435
f 12549 13434 12550
f 13435 12551 12550
f 12553 13437 12554
f 13438 12555 12554
f 13438 12554 13437
f 13439 12556 12555
f 13439 12555 13438
f 12556 13439 13440
f 13441 12556 13440
f 12557 12556 13441
f 13441 13443 13442
f 12558 13441 13442
f 12557 13441 12558
f 13442 12560 12558
f 12569 13444 12570
f 12570 13444 13445
f 13446 12570 13445
f 12571 12570 13446
f 13446 13448 13447
f 12572 13446 13447
f 12571 13446 12572
f 13449 12573 12572
f 13449 12572 13447
f 13450 12574 12573
f 13450 12573 13449
f 13451 12575 12574
f 13451 12574 13450
f 12575 13451 13452
f 13453 12575 13452
f 12576 12575 13453
f 12576 13454 12577
f 13453 13454 12576
f 12577 13455 12578
f 13454 13455 12577
f 13455 13457 13456
f 12579 13455 13456
f 12578 13455 12579
f 12579 13456 13458
f 13459 12579 13458
f 12580 12579 13459
f 12532 12580 13414
f 13414 12580 13459
f 13417 13460 13416
f 13416 13460 12537
f 13460 12581 12537
f 13460 13461 12581
f 12581 13462 12582
f 13461 13462 12581
f 12539 12582 13418
f 12582 13463 13418
f 12582 13462 13463
f 13418 13463 12542
f 13463 12583 12542
f 13463 13464 12583
f 12543 12583 13419
f 12583 13465 13419
f 12583 13464 13465
f 13419 13465 13420
f 13428 13466 13427
f 13427 13466 13429
f 13429 13466 13467
f 13429 13467 13430
f 13436 13468 13435
f 13435 13468 12551
f 13468 12584 12551
f 13468 13469 12584
f 12584 13470 12585
f 13469 13470 12584
f 12553 12585 13437
f 12585 13471 13437
f 12585 13470 13471
f 13437 13471 13438
f 13438 13471 13472
f 13438 13472 13439
f 13439 13472 13473
f 13439 13473 13440
f 13443 13474 13442
f 13442 13474 12560
f 13474 12586 12560
f 13474 13475 12586
f 12586 13476 12587
f 13475 13476 12586
f 12587 13477 12588
f 13476 13477 12587
f 12588 13478 12589
f 13477 13478 12588
f 12589 13479 12590
f 13478 13479 12589
f 13479 13481 13480
f 12591 13479 13480
f 12590 13479 12591
f 12591 13480 13482
f 13483 12591 13482
f 12592 12591 13483
f 12592 13484 12593
f 13483 13484 12592
f 12593 13485 12594
f 13484 13485 12593
f 13485 13487 13486
f 12595 13485 13486
f 12594 13485 12595
f 13486 12597 12595
f 12600 13488 12601
f 13489 12602 12601
f 13489 12601 13488
f 13489 12604 12602
f 12606 13490 12607
f 13490 12609 12607
f 13492 13491 13444
f 12569 13492 13444
f 12612 13492 12569
f 13444 13491 13445
f 13448 13493 13447
f 13447 13493 13449
f 13449 13493 13494
f 13449 13494 13450
f 13450 13494 13495
f 13450 13495 13451
f 13451 13495 13496
f 13451 13496 13452
f 13457 13497 13456
f 13456 13497 13458
f 13481 13498 13480
f 13480 13498 13482
f 13486 13487 13499
f 13499 13487 13500
f 13501 12613 12597
f 13486 13501 12597
f 13499 13501 13486
f 13502 12614 12613
f 13502 12613 13501
f 13502 12616 12614
f 12620 13503 12621
f 13503 13504 12621
f 12621 13504 12600
f 13504 13505 12600
f 13505 13488 12600
f 13488 13505 13489
f 13489 13505 13506
f 13506 13508 13507
f 13506 13507 12622
f 13489 13506 12622
f 12604 13489 12622
f 13509 12623 12622
f 13509 12622 13507
f 13490 12606 12623
f 13509 13490 12623
f 13510 13490 13509
f 13511 12624 12609
f 13490 13511 12609
f 13510 13511 13490
f 13511 12626 12624
f 12628 13492 12612
f 12628 13512 13492
f 13499 13500 13513
f 13513 13500 13514
f 13499 13515 13501
f 13499 13513 13515
f 13501 13516 13502
f 13501 13515 13516
f 13516 12630 12616
f 13516 12616 13502
f 12636 13517 12637
f 13518 12638 12637
f 13518 12637 13517
f 13518 13519 12638
f 12638 13519 12620
f 13519 13520 12620
f 13520 13503 12620
f 13503 13520 13504
f 13508 13521 13507
f 13507 13521 13509
f 13509 13521 13522
f 13509 13522 13510
f 13510 13522 13523
f 13510 13523 13511
f 13511 13523 13524
f 13524 13526 13525
f 13524 13525 12639
f 13511 13524 12639
f 12626 13511 12639
f 12639 13525 13527
f 13528 12639 13527
f 12640 12639 13528
f 12628 12640 13512
f 13512 12640 13528
f 13531 13530 13529
f 13529 13532 13531
f 13513 13514 13533
f 13533 13514 13534
f 13533 12642 12643
f 13515 13533 12643
f 13513 13533 13515
f 13515 12643 12644
f 13535 13515 12644
f 13516 13515 13535
f 13535 12646 12630
f 13535 12630 13516
f 12650 13537 13536
f 13538 12650 13536
f 12651 12650 13538
f 12651 13539 12652
f 13538 13539 12651
f 13539 13541 13540
f 12653 13539 13540
f 12652 13539 12653
f 13542 12654 12653
f 13542 12653 13540
f 13542 13543 12654
f 12654 13543 12636
f 13543 13544 12636
f 13544 13517 12636
f 13517 13544 13518
f 13518 13544 13545
f 13518 13545 13519
f 13526 13546 13525
f 13525 13546 13527
f 13530 13547 13529
f 13529 13547 13532
f 13534 13548 13533
f 13533 13548 12642
f 13548 12655 12642
f 13548 13549 12655
f 12644 12655 13535
f 12655 13550 13535
f 12655 13549 13550
f 13550 13552 13551
f 13550 13551 12656
f 13535 13550 12656
f 12646 13535 12656
f 13551 12658 12656
f 12670 13553 12671
f 13553 12673 12671
f 12674 13554 12675
f 12675 13554 13555
f 13556 12675 13555
f 12676 12675 13556
f 13556 13558 13557
f 12677 13556 13557
f 12676 13556 12677
f 13557 12679 12677
f 12680 13559 12681
f 13560 12682 12681
f 13560 12681 13559
f 13561 12683 12682
f 13561 12682 13560
f 13562 12684 12683
f 13562 12683 13561
f 13537 13563 13536
f 13541 13564 13540
f 13540 13564 13542
f 13542 13564 13565
f 13542 13565 13543
f 13551 13552 13566
f 13566 13552 13567
f 13566 12686 12658
f 13566 12658 13551
f 12687 13568 12688
f 13569 12689 12688
f 13569 12688 13568
f 13570 12690 12689
f 13570 12689 13569
f 13571 12691 12690
f 13571 12690 13570
f 13572 12692 12691
f 13572 12691 13571
f 13572 12694 12692
f 12709 13573 12710
f 12710 13573 13574
f 13575 12710 13574
f 12711 12710 13575
f 13575 13577 13576
f 12712 13575 13576
f 12711 13575 12712
f 13576 12714 12712
f 12719 13578 12720
f 13579 12721 12720
f 13579 12720 13578
f 13579 12723 12721
f 12725 13580 12726
f 13580 13581 12726
f 12726 13581 12670
f 13581 13582 12670
f 13582 13553 12670
f 13553 13582 12673
f 13582 12727 12673
f 13582 13583 12727
f 12674 12727 13554
f 12727 13584 13554
f 12727 13583 13584
f 13554 13584 13555
f 13558 13585 13557
f 13585 13587 13586
f 13585 13586 12728
f 13557 13585 12728
f 12679 13557 12728
f 13586 13588 12728
f 12728 13588 12680
f 13588 13589 12680
f 13589 13559 12680
f 13559 13589 13560
f 13560 13589 13590
f 13560 13590 13561
f 13561 13590 13591
f 13561 13591 13562
f 13562 13591 13592
f 13566 13567 13593
f 13593 13567 13594
f 13593 12730 12686
f 13593 12686 13566
f 12731 13595 13568
f 12731 13568 12687
f 13568 13596 13569
f 13568 13595 13596
f 13569 13597 13570
f 13569 13596 13597
f 13570 13598 13571
f 13570 13597 13598
f 13571 13599 13572
f 13571 13598 13599
f 13599 12733 12694
f 13599 12694 13572
f 12746 13600 12747
f 13601 12748 12747
f 13601 12747 13600
f 13601 12750 12748
f 12761 13602 12762
f 13602 12764 12762
f 12767 13603 12768
f 13603 12770 12768
f 12773 13604 12774
f 13604 12776 12774
f 12778 13605 12779
f 12779 13605 13606
f 13607 12779 13606
f 12780 12779 13607
f 12780 13608 12781
f 13607 13608 12780
f 13608 13610 13609
f 12782 13608 13609
f 12781 13608 12782
f 13611 12783 12782
f 13611 12782 13609
f 13611 13612 12783
f 12783 13612 12709
f 13612 13613 12709
f 13613 13573 12709
f 13573 13613 13574
f 13577 13614 13576
f 12714 13576 13614
f 13615 12714 13614
f 12785 12714 13615
f 12788 13616 12789
f 13617 12790 12789
f 13617 12789 13616
f 13618 12791 12790
f 13618 12790 13617
f 13578 12719 12791
f 13618 13578 12791
f 13619 13578 13618
f 13621 13579 13620
f 13579 13619 13620
f 13579 13578 13619
f 13621 13623 13622
f 13621 13622 12792
f 13579 13621 12792
f 12723 13579 12792
f 13624 12793 12792
f 13624 12792 13622
f 13580 12725 12793
f 13624 13580 12793
f 13625 13580 13624
f 13581 13580 13626
f 13626 13580 13625
f 13587 13627 13586
f 13586 13627 13588
f 13594 13628 13593
f 13593 13628 12730
f 13628 12794 12730
f 13628 13629 12794
f 12731 12794 13595
f 12794 13630 13595
f 12794 13629 13630
f 13595 13630 13596
f 13596 13630 13631
f 13596 13631 13597
f 13597 13631 13632
f 13597 13632 13598
f 13598 13632 13633
f 13598 13633 13599
f 13599 13633 13634
f 13599 13634 12733
f 13634 12795 12733
f 13634 13635 12795
f 13635 13637 13636
f 12796 13635 13636
f 12795 13635 12796
f 13638 12797 12796
f 13638 12796 13636
f 13639 12798 12797
f 13639 12797 13638
f 13640 12799 12798
f 13640 12798 13639
f 13641 12800 12799
f 13641 12799 13640
f 13641 12802 12800
f 12803 13642 12804
f 13643 12805 12804
f 13643 12804 13642
f 13644 12806 12805
f 13644 12805 13643
f 13644 12808 12806
f 12813 13645 12814
f 13645 12816 12814
f 12820 13646 12821
f 13646 12823 12821
f 12829 13647 12830
f 12830 13647 13648
f 13649 12830 13648
f 12831 12830 13649
f 13649 13651 13650
f 12832 13649 13650
f 12831 13649 12832
f 13652 12833 12832
f 13652 12832 13650
f 13653 12834 12833
f 13653 12833 13652
f 13654 12835 12834
f 13654 12834 13653
f 12835 13654 13655
f 13656 12835 13655
f 12836 12835 13656
f 12836 13657 12837
f 13656 13657 12836
f 12837 13658 12838
f 13657 13658 12837
f 12838 13659 12839
f 13658 13659 12838
f 12839 13660 12840
f 13659 13660 12839
f 12840 13661 12841
f 13660 13661 12840
f 12841 13662 12842
f 13661 13662 12841
f 12842 13663 12843
f 13662 13663 12842
f 12843 13664 12844
f 13663 13664 12843
f 12844 13665 12845
f 13664 13665 12844
f 12845 13666 12846
f 13665 13666 12845
f 12846 13667 12847
f 13666 13667 12846
f 12847 13668 12848
f 13667 13668 12847
f 12848 13669 12849
f 13668 13669 12848
f 12849 13670 12850
f 13669 13670 12849
f 12850 13671 12851
f 13670 13671 12850
f 12851 13672 12852
f 13671 13672 12851
f 12746 12852 13600
f 12852 13673 13600
f 12852 13672 13673
f 13600 13673 13601
f 13601 13673 13674
f 13601 13674 12750
f 13674 12853 12750
f 13674 13675 12853
f 12853 13676 12854
f 13675 13676 12853
f 12854 13677 12855
f 13676 13677 12854
f 12855 13678 12856
f 13677 13678 12855
f 12856 13679 12857
f 13678 13679 12856
f 12857 13680 12858
f 13679 13680 12857
f 12858 13681 12859
f 13680 13681 12858
f 12859 13682 12860
f 13681 13682 12859
f 12860 13683 12861
f 13682 13683 12860
f 12861 13684 12862
f 13683 13684 12861
f 12862 13685 12863
f 13684 13685 12862
f 12863 13686 12864
f 13685 13686 12863
f 12864 13687 12865
f 13686 13687 12864
f 12761 12865 13602
f 12865 13688 13602
f 12865 13687 13688
f 13602 13688 12764
f 13688 12866 12764
f 13688 13689 12866
f 12866 13690 12867
f 13689 13690 12866
f 12867 13691 12868
f 13690 13691 12867
f 12767 12868 13603
f 12868 13692 13603
f 12868 13691 13692
f 13603 13692 12770
f 13692 12869 12770
f 13692 13693 12869
f 12869 13694 12870
f 13693 13694 12869
f 12870 13695 12871
f 13694 13695 12870
f 12773 12871 13604
f 12871 13696 13604
f 12871 13695 13696
f 13604 13696 12776
f 13696 12872 12776
f 13696 13697 12872
f 12872 13698 12873
f 13697 13698 12872
f 12778 12873 13605
f 12873 13699 13605
f 12873 13698 13699
f 13605 13699 13606
f 13610 13700 13609
f 13609 13700 13611
f 13611 13700 13701
f 13611 13701 13612
f 13615 13702 12785
f 12785 13702 12874
f 12874 13703 12875
f 13702 13703 12874
f 12875 13704 12876
f 13703 13704 12875
f 12788 12876 13616
f 12876 13705 13616
f 12876 13704 13705
f 13616 13705 13617
f 13617 13705 13706
f 13617 13706 13618
f 13618 13706 13707
f 13618 13707 13619
f 13619 13707 13708
f 13619 13708 13620
f 13623 13709 13622
f 13622 13709 13624
f 13624 13709 13710
f 13624 13710 13625
f 13625 13710 13711
f 13625 13711 13626
f 13637 13712 13636
f 13636 13712 13638
f 13638 13712 13713
f 13638 13713 13639
f 13639 13713 13714
f 13639 13714 13640
f 13640 13714 13715
f 13640 13715 13641
f 13641 13715 13716
f 13641 13716 12802
f 13716 12877 12802
f 13716 13717 12877
f 12803 12877 13642
f 12877 13718 13642
f 12877 13717 13718
f 13642 13718 13643
f 13643 13718 13719
f 13643 13719 13644
f 13644 13719 13720
f 13720 13722 13721
f 13720 13721 12878
f 13644 13720 12878
f 12808 13644 12878
f 13723 12879 12878
f 13723 12878 13721
f 13724 12880 12879
f 13724 12879 13723
f 13725 12881 12880
f 13725 12880 13724
f 12881 13725 13726
f 13727 12881 13726
f 12882 12881 13727
f 12813 12882 13645
f 12882 13728 13645
f 12882 13727 13728
f 13645 13728 12816
f 13728 12883 12816
f 13728 13729 12883
f 13729 13731 13730
f 12884 13729 13730
f 12883 13729 12884
f 13732 12885 12884
f 13732 12884 13730
f 13733 12886 12885
f 13733 12885 13732
f 13734 12887 12886
f 13734 12886 13733
f 12887 13734 13735
f 13736 12887 13735
f 12888 12887 13736
f 12820 12888 13646
f 12888 13737 13646
f 12888 13736 13737
f 13646 13737 12823
f 13737 12889 12823
f 13737 13738 12889
f 12889 13739 12890
f 13738 13739 12889
f 12890 13740 12891
f 13739 13740 12890
f 12891 13741 12892
f 13740 13741 12891
f 12892 13742 12893
f 13741 13742 12892
f 12893 13743 12894
f 13742 13743 12893
f 12829 12894 13647
f 12894 13744 13647
f 12894 13743 13744
f 13647 13744 13648
f 13651 13745 13650
f 13650 13745 13652
f 13652 13745 13746
f 13652 13746 13653
f 13653 13746 13747
f 13653 13747 13654
f 13654 13747 13748
f 13654 13748 13655
f 13722 13749 13721
f 13721 13749 13723
f 13723 13749 13750
f 13723 13750 13724
f 13724 13750 13751
f 13753 13752 13751
f 13752 13724 13751
f 13752 13725 13724
f 13726 13725 13754
f 13754 13725 13752
f 13731 13755 13730
f 13730 13755 13732
f 13732 13755 13756
f 13732 13756 13733
f 13733 13756 13757
f 13759 13758 13757
f 13758 13733 13757
f 13758 13734 13733
f 13735 13734 13760
f 13760 13734 13758
f 13753 13761 13752
f 13752 13761 13754
f 13759 13762 13758
f 13758 13762 13760
f 13765 13764 13763
f 13767 13766 13763
f 13763 13766 13765
f 12896 12897 13767
f 12897 13766 13767
f 12897 13768 13766
f 13769 12897 12898
f 13769 13768 12897
f 13771 13770 12900
f 13770 12898 12900
f 13770 13769 12898
f 13771 13772 13770
f 13775 13774 13773
f 13777 13776 13773
f 13773 13776 13775
f 13779 13778 13777
f 13777 13778 13776
f 13778 13779 13764
f 13764 13779 13763
f 13779 12902 13763
f 12902 12903 13763
f 13763 12903 12904
f 13763 12904 13767
f 13767 12904 12896
f 12908 13771 12900
f 13780 13772 13771
f 12908 13780 13771
f 12910 13780 12908
f 13782 13781 12912
f 13781 12910 12912
f 13781 13780 12910
f 13784 13783 13782
f 13782 13783 13781
f 13786 13785 13784
f 13784 13785 13783
f 13788 13787 13786
f 13786 13787 13785
f 13788 13789 13787
f 13792 13791 13790
f 13794 13793 13790
f 13790 13793 13792
f 12914 12915 13794
f 12915 13793 13794
f 12915 13795 13793
f 12916 13773 13774
f 13795 12916 13774
f 12915 12916 13795
f 13773 12916 12918
f 13773 12918 13777
f 13777 12918 12920
f 13777 12920 13779
f 13779 12920 12902
f 12923 13782 12912
f 13782 12923 12925
f 13782 12925 13784
f 13784 12925 12927
f 13784 12927 13786
f 13786 12927 12929
f 13786 12929 13788
f 13796 13789 13788
f 12929 13796 13788
f 12931 13796 12929
f 12931 12933 13796
f 13796 12933 13797
f 13800 13799 13798
f 13802 13801 13798
f 13798 13801 13800
f 13804 13803 13802
f 13802 13803 13801
f 13806 13805 13804
f 13804 13805 13803
f 13808 13807 13806
f 13806 13807 13805
f 13810 13809 13808
f 13808 13809 13807
f 13812 13811 13810
f 13810 13811 13809
f 13811 13812 13791
f 13791 13812 13790
f 13812 12935 13790
f 12935 12936 13790
f 13790 12936 12937
f 13790 12937 13794
f 13794 12937 12914
f 13813 13797 12933
f 13813 12933 12938
f 13815 13814 12940
f 13814 12938 12940
f 13814 13813 12938
f 13817 13816 13815
f 13815 13816 13814
f 13817 13818 13816
f 13821 13820 13819
f 13819 13822 13821
f 13825 13824 13823
f 13823 13826 13825
f 13829 13828 13827
f 13831 13830 13827
f 13827 13830 13829
f 13833 13832 13831
f 13831 13832 13830
f 12942 12943 13833
f 12943 13832 13833
f 12943 13834 13832
f 12944 13798 13799
f 13834 12944 13799
f 12943 12944 13834
f 13798 12944 12945
f 13798 12945 13802
f 13802 12945 12946
f 13802 12946 13804
f 13804 12946 12947
f 13804 12947 13806
f 13806 12947 12948
f 13806 12948 13808
f 13808 12948 12949
f 13808 12949 13810
f 13810 12949 12950
f 13810 12950 13812
f 13812 12950 12935
f 12951 13815 12940
f 13815 12951 12952
f 13815 12952 13817
f 13835 13818 13817
f 12952 13835 13817
f 12954 13835 12952
f 13836 12954 12956
f 13836 13835 12954
f 13837 12956 12958
f 13837 13836 12956
f 12959 13819 13820
f 13837 12959 13820
f 12958 12959 13837
f 13838 13822 13819
f 12959 13838 13819
f 12960 13838 12959
f 13840 13839 12962
f 13839 12960 12962
f 13839 13838 12960
f 13840 13841 13839
f 13824 13842 13823
f 13823 13842 13826
f 13827 13828 13843
f 13843 13828 13844
f 13827 13845 13831
f 13827 13843 13845
f 13831 13846 13833
f 13831 13845 13846
f 13846 12964 12942
f 13846 12942 13833
f 12968 13847 13840
f 12968 13840 12962
f 13841 13840 13848
f 13848 13840 13847
f 13843 13844 13849
f 13849 13844 13850
f 13843 13851 13845
f 13843 13849 13851
f 13845 13852 13846
f 13845 13851 13852
f 13852 12970 12964
f 13852 12964 13846
f 12973 13853 13847
f 12973 13847 12968
f 13848 13847 13854
f 13854 13847 13853
f 13857 13856 13855
f 13859 13858 13855
f 13855 13858 13857
f 13861 13860 13859
f 13859 13860 13858
f 13863 13862 13861
f 13861 13862 13860
f 13865 13864 13863
f 13863 13864 13862
f 13867 13866 13865
f 13865 13866 13864
f 13866 13867 13850
f 13850 13867 13849
f 13867 12975 13849
f 12975 12976 13849
f 13849 12976 12977
f 13849 12977 13851
f 13851 12977 12979
f 13851 12979 13852
f 13852 12979 12970
f 12981 13853 12973
f 13869 13868 12983
f 12983 13868 12981
f 13868 13854 12981
f 13854 13853 12981
f 13869 13870 13868
f 13873 13872 13871
f 13871 13874 13873
f 13877 13876 13875
f 13879 13878 13875
f 13875 13878 13877
f 13881 13880 13879
f 13879 13880 13878
f 13881 13882 13880
f 13885 13884 13883
f 13887 13886 13883
f 13883 13886 13885
f 13889 13888 13887
f 13887 13888 13886
f 13891 13890 13889
f 13889 13890 13888
f 12985 12986 13891
f 12986 13890 13891
f 12986 13892 13890
f 12987 13855 13856
f 13892 12987 13856
f 12986 12987 13892
f 13855 12987 12988
f 13855 12988 13859
f 13859 12988 12989
f 13859 12989 13861
f 13861 12989 12990
f 13861 12990 13863
f 13863 12990 12991
f 13863 12991 13865
f 13865 12991 12992
f 13865 12992 13867
f 13867 12992 12975
f 12993 13869 12983
f 13893 13870 13869
f 12993 13893 13869
f 12994 13893 12993
f 13894 12994 12996
f 13894 13893 12994
f 12998 13871 13872
f 13894 12998 13872
f 12996 12998 13894
f 13896 13895 13000
f 13000 13895 12998
f 13895 13874 12998
f 13874 13871 12998
f 13896 13897 13895
f 13900 13899 13898
f 13902 13901 13898
f 13898 13901 13900
f 13902 13903 13901
f 13906 13905 13904
f 13002 13003 13904
f 13003 13906 13904
f 13003 13907 13906
f 13004 13875 13876
f 13907 13004 13876
f 13003 13004 13907
f 13875 13004 13006
f 13875 13006 13879
f 13879 13006 13007
f 13879 13007 13881
f 13908 13882 13881
f 13007 13908 13881
f 13009 13908 13007
f 13909 13009 13011
f 13909 13908 13009
f 13013 13883 13884
f 13909 13013 13884
f 13011 13013 13909
f 13883 13013 13015
f 13883 13015 13887
f 13887 13015 13017
f 13887 13017 13889
f 13889 13017 13018
f 13889 13018 13891
f 13891 13018 12985
f 13019 13896 13000
f 13910 13897 13896
f 13019 13910 13896
f 13020 13910 13019
f 13911 13020 13022
f 13911 13910 13020
f 13024 13898 13899
f 13911 13024 13899
f 13022 13024 13911
f 13898 13024 13026
f 13898 13026 13902
f 13912 13903 13902
f 13026 13912 13902
f 13028 13912 13026
f 13914 13913 13030
f 13913 13028 13030
f 13913 13912 13028
f 13916 13915 13914
f 13914 13915 13913
f 13918 13917 13916
f 13916 13917 13915
f 13032 13033 13918
f 13033 13917 13918
f 13033 13919 13917
f 13921 13920 13034
f 13920 13033 13034
f 13920 13919 13033
f 13921 13922 13920
f 13925 13924 13923
f 13923 13926 13925
f 13904 13905 13927
f 13927 13905 13928
f 13927 13036 13002
f 13927 13002 13904
f 13041 13914 13030
f 13914 13041 13043
f 13914 13043 13916
f 13916 13043 13045
f 13916 13045 13918
f 13918 13045 13032
f 13047 13921 13034
f 13047 13049 13921
f 13049 13922 13921
f 13049 13929 13922
f 13932 13931 13930
f 13930 13933 13932
f 13934 13053 13051
f 13934 13935 13053
f 13936 13051 13054
f 13936 13934 13051
f 13056 13923 13924
f 13936 13056 13924
f 13054 13056 13936
f 13937 13926 13923
f 13056 13937 13923
f 13058 13937 13056
f 13938 13058 13060
f 13938 13937 13058
f 13939 13060 13062
f 13939 13938 13060
f 13940 13062 13064
f 13940 13939 13062
f 13941 13064 13066
f 13941 13940 13064
f 13942 13066 13068
f 13942 13941 13066
f 13069 13927 13928
f 13942 13069 13928
f 13068 13069 13942
f 13927 13069 13036
f 13943 13929 13049
f 13943 13049 13070
f 13944 13070 13072
f 13944 13943 13070
f 13946 13945 13074
f 13945 13072 13074
f 13945 13944 13072
f 13948 13947 13946
f 13946 13947 13945
f 13950 13949 13948
f 13948 13949 13947
f 13076 13077 13950
f 13077 13949 13950
f 13077 13951 13949
f 13952 13077 13078
f 13952 13951 13077
f 13953 13078 13080
f 13953 13952 13078
f 13955 13954 13082
f 13954 13080 13082
f 13954 13953 13080
f 13957 13956 13955
f 13955 13956 13954
f 13084 13085 13957
f 13085 13956 13957
f 13085 13958 13956
f 13959 13085 13086
f 13959 13958 13085
f 13960 13086 13088
f 13960 13959 13086
f 13090 13930 13931
f 13960 13090 13931
f 13088 13090 13960
f 13961 13933 13930
f 13090 13961 13930
f 13091 13961 13090
f 13962 13091 13092
f 13962 13961 13091
f 13964 13963 13094
f 13963 13092 13094
f 13963 13962 13092
f 13966 13965 13964
f 13964 13965 13963
f 13968 13967 13966
f 13966 13967 13965
f 13970 13969 13968
f 13968 13969 13967
f 13096 13097 13970
f 13097 13969 13970
f 13097 13971 13969
f 13972 13097 13098
f 13972 13971 13097
f 13973 13098 13100
f 13973 13972 13098
f 13974 13100 13102
f 13974 13973 13100
f 13975 13102 13104
f 13975 13974 13102
f 13976 13104 13106
f 13976 13975 13104
f 13977 13106 13108
f 13977 13976 13106
f 13979 13978 13110
f 13978 13108 13110
f 13978 13977 13108
f 13981 13980 13979
f 13979 13980 13978
f 13983 13982 13981
f 13981 13982 13980
f 13985 13984 13983
f 13983 13984 13982
f 13987 13986 13985
f 13985 13986 13984
f 13987 13988 13986
f 13991 13990 13989
f 13112 13113 13989
f 13113 13991 13989
f 13113 13992 13991
f 13113 13114 13992
f 13992 13114 13993
f 13996 13995 13994
f 13998 13997 13994
f 13994 13997 13996
f 14000 13999 13998
f 13998 13999 13997
f 14002 14001 14000
f 14000 14001 13999
f 14004 14003 14002
f 14002 14003 14001
f 14004 14005 14003
f 14008 14007 14006
f 13116 13117 14006
f 13117 14008 14006
f 13117 14009 14008
f 13117 13118 14009
f 14009 13118 14010
f 14013 14012 14011
f 14015 14014 14011
f 14011 14014 14013
f 14015 14016 14014
f 14019 14018 14017
f 14021 14020 14017
f 14017 14020 14019
f 14021 14022 14020
f 14025 14024 14023
f 13119 13120 14023
f 13120 14025 14023
f 13120 14026 14025
f 14027 13120 13121
f 14027 14026 13120
f 14028 13121 13122
f 14028 14027 13121
f 14029 13122 13123
f 14029 14028 13122
f 14030 13123 13125
f 14030 14029 13123
f 13127 13946 13074
f 13946 13127 13128
f 13946 13128 13948
f 13948 13128 13129
f 13948 13129 13950
f 13950 13129 13076
f 13130 13955 13082
f 13955 13130 13131
f 13955 13131 13957
f 13957 13131 13084
f 13132 13964 13094
f 13964 13132 13133
f 13964 13133 13966
f 13966 13133 13134
f 13966 13134 13968
f 13968 13134 13135
f 13968 13135 13970
f 13970 13135 13096
f 13136 13979 13110
f 13979 13136 13137
f 13979 13137 13981
f 13981 13137 13139
f 13981 13139 13983
f 13983 13139 13140
f 13983 13140 13985
f 13985 13140 13141
f 13985 13141 13987
f 14031 13988 13987
f 13141 14031 13987
f 13142 14031 13141
f 14032 13142 13144
f 14032 14031 13142
f 14033 13144 13146
f 14033 14032 13144
f 13148 13989 13990
f 14033 13148 13990
f 13146 13148 14033
f 13989 13148 13112
f 14034 13993 13114
f 14034 13114 13149
f 14035 13149 13150
f 14035 14034 13149
f 14036 13150 13152
f 14036 14035 13150
f 13154 13994 13995
f 14036 13154 13995
f 13152 13154 14036
f 13994 13154 13155
f 13994 13155 13998
f 13998 13155 13156
f 13998 13156 14000
f 14000 13156 13157
f 14000 13157 14002
f 14002 13157 13158
f 14002 13158 14004
f 14037 14005 14004
f 13158 14037 14004
f 13159 14037 13158
f 14039 14038 13160
f 14038 13159 13160
f 14038 14037 13159
f 14041 14040 14039
f 14039 14040 14038
f 13162 13163 14041
f 13163 14040 14041
f 13163 14042 14040
f 14043 13163 13164
f 14043 14042 13163
f 14044 13164 13166
f 14044 14043 13164
f 13168 14006 14007
f 14044 13168 14007
f 13166 13168 14044
f 14006 13168 13116
f 14045 14010 13118
f 14045 13118 13169
f 14046 13169 13171
f 14046 14045 13169
f 14047 13171 13173
f 14047 14046 13171
f 14048 13173 13175
f 14048 14047 13173
f 14049 13175 13177
f 14049 14048 13175
f 13178 14011 14012
f 14049 13178 14012
f 13177 13178 14049
f 14011 13178 13179
f 14011 13179 14015
f 14050 14016 14015
f 13179 14050 14015
f 13180 14050 13179
f 14052 14051 13182
f 14051 13180 13182
f 14051 14050 13180
f 14054 14053 14052
f 14052 14053 14051
f 14056 14055 14054
f 14054 14055 14053
f 14058 14057 14056
f 14056 14057 14055
f 14060 14059 14058
f 14058 14059 14057
f 14059 14060 14018
f 14018 14060 14017
f 14060 13184 14017
f 13184 13185 14017
f 14017 13185 13186
f 14017 13186 14021
f 14061 14022 14021
f 13186 14061 14021
f 13188 14061 13186
f 14063 14062 13190
f 14062 13188 13190
f 14062 14061 13188
f 14065 14064 14063
f 14063 14064 14062
f 14067 14066 14065
f 14065 14066 14064
f 14069 14068 14067
f 14067 14068 14066
f 14071 14070 14069
f 14069 14070 14068
f 13192 13193 14071
f 13193 14070 14071
f 13193 14072 14070
f 14074 14073 13194
f 14073 13193 13194
f 14073 14072 13193
f 14074 14075 14073
f 14078 14077 14076
f 13196 13197 14076
f 13197 14078 14076
f 13197 14079 14078
f 14080 13197 13198
f 14080 14079 13197
f 14081 13198 13200
f 14081 14080 13198
f 14082 13200 13202
f 14082 14081 13200
f 14083 13202 13204
f 14083 14082 13202
f 14085 14084 13206
f 14084 13204 13206
f 14084 14083 13204
f 14087 14086 14085
f 14085 14086 14084
f 13208 13209 14087
f 13209 14086 14087
f 13209 14088 14086
f 14089 13209 13210
f 14089 14088 13209
f 14090 13210 13212
f 14090 14089 13210
f 14091 13212 13214
f 14091 14090 13212
f 14093 14092 13216
f 14092 13214 13216
f 14092 14091 13214
f 14095 14094 14093
f 14093 14094 14092
f 13218 13219 14095
f 13219 14094 14095
f 13219 14096 14094
f 13220 14023 14024
f 14096 13220 14024
f 13219 13220 14096
f 14023 13220 13119
f 13223 14097 13224
f 14097 13226 13224
f 13230 14039 13160
f 14039 13230 13232
f 14098 14039 13232
f 14041 14039 14098
f 14098 13234 13162
f 14098 13162 14041
f 13242 14099 14052
f 13242 14052 13182
f 14052 14100 14054
f 14052 14099 14100
f 14054 14101 14056
f 14054 14100 14101
f 14056 14102 14058
f 14056 14101 14102
f 14102 13244 13245
f 14060 14102 13245
f 14058 14102 14060
f 14060 13245 13184
f 13249 14103 14063
f 13249 14063 13190
f 14063 14104 14065
f 14063 14103 14104
f 14065 14105 14067
f 14065 14104 14105
f 14067 14106 14069
f 14067 14105 14106
f 14069 14107 14071
f 14069 14106 14107
f 14108 13250 13192
f 14071 14108 13192
f 14107 14108 14071
f 14074 13194 13250
f 14108 14074 13250
f 14109 14074 14108
f 14075 14074 14110
f 14110 14074 14109
f 14076 14077 14111
f 14111 14077 14112
f 14113 13251 13196
f 14076 14113 13196
f 14111 14113 14076
f 14114 13252 13251
f 14114 13251 14113
f 14115 13253 13252
f 14115 13252 14114
f 14116 13254 13253
f 14116 13253 14115
f 14117 13255 13254
f 14117 13254 14116
f 14085 13206 13255
f 14117 14085 13255
f 14118 14085 14117
f 14085 14119 14087
f 14085 14118 14119
f 14120 13256 13208
f 14087 14120 13208
f 14119 14120 14087
f 14121 13257 13256
f 14121 13256 14120
f 14122 13258 13257
f 14122 13257 14121
f 14123 13259 13258
f 14123 13258 14122
f 14123 14124 13259
f 13259 14124 13216
f 14124 14125 13216
f 14125 14093 13216
f 14127 14126 14125
f 14126 14093 14125
f 14126 14095 14093
f 14128 13260 13218
f 14095 14128 13218
f 14126 14128 14095
f 14128 13262 13260
f 13268 14129 14097
f 13268 14097 13223
f 14129 13270 13226
f 14129 13226 14097
f 13275 14098 13232
f 14098 13275 13234
f 13284 14099 13242
f 14099 13284 13286
f 14099 13286 14100
f 14100 13286 13288
f 14100 13288 14101
f 14101 13288 13290
f 14101 13290 14102
f 14102 13290 13244
f 13294 14130 14103
f 13294 14103 13249
f 14103 14131 14104
f 14103 14130 14131
f 14104 14132 14105
f 14104 14131 14132
f 14132 13296 13297
f 14106 14132 13297
f 14105 14132 14106
f 14106 13297 13298
f 14106 13298 14107
f 14107 13298 13300
f 14107 13300 14108
f 14108 13300 13302
f 14133 14108 13302
f 14109 14108 14133
f 14110 14109 14134
f 14134 14109 14133
f 14111 14112 14135
f 14135 14112 14136
f 14111 14137 14113
f 14111 14135 14137
f 14113 14138 14114
f 14113 14137 14138
f 14114 14139 14115
f 14114 14138 14139
f 14115 14140 14116
f 14115 14139 14140
f 14116 14141 14117
f 14116 14140 14141
f 14117 14142 14118
f 14117 14141 14142
f 14118 14143 14119
f 14118 14142 14143
f 14119 14144 14120
f 14119 14143 14144
f 14120 14145 14121
f 14120 14144 14145
f 14145 13304 13305
f 14122 14145 13305
f 14121 14145 14122
f 14122 13305 13306
f 14146 14122 13306
f 14123 14122 14146
f 14124 14123 14147
f 14123 14148 14147
f 14123 14146 14148
f 14147 14148 14127
f 14148 14126 14127
f 14148 14149 14126
f 14126 14150 14128
f 14126 14149 14150
f 14150 13308 13262
f 14150 13262 14128
f 13310 14129 13268
f 14129 13310 13270
f 13311 14130 13294
f 14130 13311 13312
f 14130 13312 14131
f 14131 13312 13313
f 14131 13313 14132
f 14132 13313 13296
f 13314 14133 13302
f 14151 14134 14133
f 13314 14151 14133
f 13315 14151 13314
f 14152 13315 13317
f 14152 14151 13315
f 14153 13317 13319
f 14153 14152 13317
f 14154 13319 13321
f 14154 14153 13319
f 13323 14135 14136
f 14154 13323 14136
f 13321 13323 14154
f 14135 13323 13324
f 14135 13324 14137
f 14137 13324 13325
f 14137 13325 14138
f 14138 13325 13326
f 14138 13326 14139
f 14139 13326 13327
f 14139 13327 14140
f 14140 13327 13328
f 14140 13328 14141
f 14141 13328 13329
f 14141 13329 14142
f 14142 13329 13330
f 14142 13330 14143
f 14143 13330 13331
f 14143 13331 14144
f 14144 13331 13332
f 14144 13332 14145
f 14145 13332 13304
f 13333 14146 13306
f 14146 13333 13334
f 14146 13334 14148
f 14148 13334 13335
f 14148 13335 14149
f 14149 13335 13336
f 14149 13336 14150
f 14150 13336 13308
