v 6.000000 2.000000 5.799021
v 4.192343 2.000000 6.000000
v 6.000000 1.254177 6.000000
v 8.000000 1.135043 6.000000
v 8.000000 2.000000 5.780176
v 10.000000 1.646909 6.000000
v 10.000000 2.000000 5.909154
v 12.000000 1.756751 6.000000
v 12.000000 2.000000 5.943802
v 14.000000 1.842527 6.000000
v 14.000000 2.000000 5.969671
v 14.538334 2.000000 6.000000
v 20.000000 2.000000 5.952415
v 19.543249 2.000000 6.000000
v 20.000000 1.814026 6.000000
v 22.000000 1.351208 6.000000
v 22.000000 2.000000 5.812988
v 24.000000 1.352569 6.000000
v 24.000000 2.000000 5.818214
v 26.000000 1.984046 6.000000
v 26.000000 2.000000 5.995524
v 26.081514 2.000000 6.000000
v 68.000000 2.000000 5.979247
v 66.823952 2.000000 6.000000
v 68.000000 1.902476 6.000000
v 68.302795 2.000000 6.000000
v 82.000000 2.000000 5.813803
v 80.629623 2.000000 6.000000
v 82.000000 0.882907 6.000000
v 84.000000 0.416095 6.000000
v 84.000000 2.000000 5.772764
v 85.998611 2.000000 6.000000
v 112.000000 2.000000 5.970315
v 110.384186 2.000000 6.000000
v 112.000000 1.708428 6.000000
v 113.310432 2.000000 6.000000
v 152.000000 2.000000 5.863585
v 150.647644 2.000000 6.000000
v 152.000000 1.252649 6.000000
v 154.000000 0.726443 6.000000
v 154.000000 2.000000 5.783822
v 156.000000 0.698756 6.000000
v 156.000000 2.000000 5.784464
v 158.000000 1.565191 6.000000
v 158.000000 2.000000 5.904474
v 159.814545 2.000000 6.000000
v 162.000000 2.000000 5.934224
v 160.250366 2.000000 6.000000
v 162.000000 1.628446 6.000000
v 164.000000 1.396229 6.000000
v 164.000000 2.000000 5.895212
v 166.000000 1.957123 6.000000
v 166.000000 2.000000 5.990094
v 168.000000 1.822712 6.000000
v 168.000000 2.000000 5.950465
v 170.000000 1.848045 6.000000
v 170.000000 2.000000 5.962103
v 172.000000 1.810033 6.000000
v 172.000000 2.000000 5.952639
v 174.000000 1.467980 6.000000
v 174.000000 2.000000 5.831525
v 176.000000 1.222374 6.000000
v 176.000000 2.000000 5.786029
v 178.000000 0.968824 6.000000
v 178.000000 2.000000 5.764714
v 180.000000 1.747359 6.000000
v 180.000000 2.000000 5.934094
v 181.110092 2.000000 6.000000
v 190.000000 2.000000 5.925484
v 188.486557 2.000000 6.000000
v 190.000000 1.718292 6.000000
v 192.000000 1.126934 6.000000
v 192.000000 2.000000 5.847457
v 194.000000 1.225376 6.000000
v 194.000000 2.000000 5.869056
v 196.000000 1.381112 6.000000
v 196.000000 2.000000 5.861292
v 198.000000 1.665246 6.000000
v 198.000000 2.000000 5.922837
v 199.664581 2.000000 6.000000
v 202.000000 2.000000 5.767406
v 200.125565 2.000000 6.000000
v 202.000000 1.287177 6.000000
v 204.000000 0.275469 6.000000
v 204.000000 2.000000 5.433520
v 206.000000 0.406070 6.000000
v 206.000000 2.000000 5.576323
v 208.000000 0.924362 6.000000
v 208.000000 2.000000 5.737117
v 210.000000 1.943085 6.000000
v 210.000000 2.000000 5.985585
v 210.178101 2.000000 6.000000
v 222.000000 2.000000 5.792853
v 220.382278 2.000000 6.000000
v 222.000000 1.167177 6.000000
v 224.000000 0.636764 6.000000
v 224.000000 2.000000 5.695461
v 226.000000 0.562299 6.000000
v 226.000000 2.000000 5.781797
v 228.000000 1.350801 6.000000
v 228.000000 2.000000 5.867373
v 230.000000 1.614336 6.000000
v 230.000000 2.000000 5.894166
v 232.000000 1.653022 6.000000
v 232.000000 2.000000 5.867932
v 234.000000 1.935474 6.000000
v 234.000000 2.000000 5.976146
v 236.000000 1.834685 6.000000
v 236.000000 2.000000 5.935703
v 238.000000 1.903604 6.000000
v 238.000000 2.000000 5.965408
v 240.000000 1.634832 6.000000
v 240.000000 2.000000 5.899250
v 242.000000 0.625446 6.000000
v 242.000000 2.000000 5.533504
v 244.000000 0.311658 6.000000
v 244.000000 2.000000 5.386347
v 246.000000 0.317362 6.000000
v 246.000000 2.000000 5.427332
v 248.000000 0.584353 6.000000
v 248.000000 2.000000 5.492129
v 250.000000 1.203453 6.000000
v 250.000000 2.000000 5.716554
v 252.000000 1.515491 6.000000
v 252.000000 2.000000 5.831071
v 254.000000 1.270499 6.000000
v 254.000000 2.000000 5.785477
v 256.000000 1.410632 6.000000
v 256.000000 2.000000 5.830163
v 258.000000 1.617473 6.000000
v 258.000000 2.000000 5.887452
v 260.000000 1.389733 6.000000
v 260.000000 2.000000 5.807675
v 262.000000 0.904769 6.000000
v 262.000000 2.000000 5.621743
v 264.000000 1.055004 6.000000
v 264.000000 2.000000 5.620092
v 266.000000 1.438856 6.000000
v 266.000000 2.000000 5.776358
v 268.000000 1.809559 6.000000
v 268.000000 2.000000 5.928288
v 270.000000 1.425211 6.000000
v 270.000000 2.000000 5.810160
v 272.000000 0.723126 6.000000
v 272.000000 2.000000 5.659885
v 274.000000 0.282355 6.000000
v 274.000000 2.000000 5.559332
v 276.000000 0.090446 6.000000
v 276.000000 2.000000 5.481956
v 278.000000 0.352044 6.000000
v 278.000000 2.000000 5.572816
v 280.000000 1.335823 6.000000
v 280.000000 2.000000 5.777722
v 282.000000 1.144675 6.000000
v 282.000000 2.000000 5.732200
v 284.000000 0.861937 6.000000
v 284.000000 2.000000 5.694826
v 286.000000 1.262193 6.000000
v 286.000000 2.000000 5.796415
v 288.000000 1.323392 6.000000
v 288.000000 2.000000 5.784039
v 290.000000 1.204634 6.000000
v 290.000000 2.000000 5.725664
v 292.000000 1.125533 6.000000
v 292.000000 2.000000 5.677975
v 294.000000 1.148278 6.000000
v 294.000000 2.000000 5.718831
v 296.000000 1.107558 6.000000
v 296.000000 2.000000 5.705694
v 298.000000 1.321729 6.000000
v 298.000000 2.000000 5.770696
v 300.000000 1.739430 6.000000
v 300.000000 2.000000 5.931614
v 302.000000 1.690999 6.000000
v 302.000000 2.000000 5.923358
v 304.000000 1.630977 6.000000
v 304.000000 2.000000 5.913076
v 306.000000 1.464473 6.000000
v 306.000000 2.000000 5.857122
v 308.000000 1.563400 6.000000
v 308.000000 2.000000 5.861443
v 310.000000 1.395687 6.000000
v 310.000000 2.000000 5.815282
v 312.000000 0.903747 6.000000
v 312.000000 2.000000 5.692862
v 314.000000 0.422423 6.000000
v 314.000000 2.000000 5.632658
v 316.000000 1.040361 6.000000
v 316.000000 2.000000 5.856290
v 317.424561 2.000000 6.000000
v 320.000000 2.000000 5.962848
v 319.177429 2.000000 6.000000
v 320.000000 1.848001 6.000000
v 322.000000 1.414484 6.000000
v 322.000000 2.000000 5.838838
v 324.000000 1.585313 6.000000
v 324.000000 2.000000 5.904372
v 324.964752 2.000000 6.000000
v 330.000000 2.000000 5.982030
v 329.838287 2.000000 6.000000
v 330.000000 1.925129 6.000000
v 332.000000 1.778379 6.000000
v 332.000000 2.000000 5.958109
v 332.652985 2.000000 6.000000
v 336.000000 2.000000 5.906591
v 334.972107 2.000000 6.000000
v 336.000000 1.639290 6.000000
v 338.000000 1.058646 6.000000
v 338.000000 2.000000 5.722486
v 340.000000 1.669562 6.000000
v 340.000000 2.000000 5.909400
v 340.956329 2.000000 6.000000
v 344.000000 2.000000 5.884557
v 342.923431 2.000000 6.000000
v 344.000000 1.576332 6.000000
v 346.000000 0.813902 6.000000
v 346.000000 2.000000 5.769419
v 348.000000 1.359340 6.000000
v 348.000000 2.000000 5.909504
v 350.000000 1.632835 6.000000
v 350.000000 2.000000 5.903605
v 352.000000 0.965016 6.000000
v 352.000000 2.000000 5.686351
v 354.000000 1.028216 6.000000
v 354.000000 2.000000 5.728731
v 355.902161 2.000000 6.000000
v 6.000000 2.660622 6.000000
v 8.000000 2.770875 6.000000
v 10.000000 2.319556 6.000000
v 12.000000 2.205668 6.000000
v 14.000000 2.120247 6.000000
v 20.000000 2.174750 6.000000
v 22.000000 2.641135 6.000000
v 24.000000 2.641985 6.000000
v 26.000000 2.016094 6.000000
v 68.000000 2.089580 6.000000
v 82.000000 2.717297 6.000000
v 84.000000 2.892214 6.000000
v 112.000000 2.112563 6.000000
v 152.000000 2.570717 6.000000
v 154.000000 2.873064 6.000000
v 156.000000 2.888396 6.000000
v 158.000000 2.382710 6.000000
v 162.000000 2.256638 6.000000
v 164.000000 2.396487 6.000000
v 166.000000 2.039679 6.000000
v 168.000000 2.192453 6.000000
v 170.000000 2.156952 6.000000
v 172.000000 2.193648 6.000000
v 174.000000 2.581278 6.000000
v 176.000000 2.849912 6.000000
v 178.000000 2.892549 6.000000
v 180.000000 2.262279 6.000000
v 190.000000 2.302063 6.000000
v 192.000000 2.588805 6.000000
v 194.000000 2.585861 6.000000
v 196.000000 2.537979 6.000000
v 198.000000 2.318611 6.000000
v 202.000000 3.014385 6.000000
v 204.000000 4.000000 5.986663
v 203.903824 4.000000 6.000000
v 204.177307 4.000000 6.000000
v 206.000000 3.551562 6.000000
v 208.000000 2.957179 6.000000
v 210.000000 2.068679 6.000000
v 222.000000 2.858556 6.000000
v 224.000000 3.304317 6.000000
v 226.000000 3.019277 6.000000
v 228.000000 2.536758 6.000000
v 230.000000 2.405578 6.000000
v 232.000000 2.460506 6.000000
v 234.000000 2.082421 6.000000
v 236.000000 2.201753 6.000000
v 238.000000 2.103667 6.000000
v 240.000000 2.369592 6.000000
v 242.000000 3.551504 6.000000
v 244.000000 4.000000 5.942229
v 243.418793 4.000000 6.000000
v 246.000000 4.000000 5.945966
v 247.181747 4.000000 6.000000
v 248.000000 3.871072 6.000000
v 250.000000 2.926087 6.000000
v 252.000000 2.576914 6.000000
v 254.000000 2.761288 6.000000
v 256.000000 2.523528 6.000000
v 258.000000 2.355996 6.000000
v 260.000000 2.614966 6.000000
v 262.000000 3.369026 6.000000
v 264.000000 3.443673 6.000000
v 266.000000 2.819491 6.000000
v 268.000000 2.266574 6.000000
v 270.000000 2.669596 6.000000
v 272.000000 3.068330 6.000000
v 274.000000 3.484156 6.000000
v 276.000000 4.000000 5.950471
v 275.517975 4.000000 6.000000
v 276.845703 4.000000 6.000000
v 278.000000 3.739676 6.000000
v 280.000000 2.738288 6.000000
v 282.000000 3.072874 6.000000
v 284.000000 3.063730 6.000000
v 286.000000 2.651645 6.000000
v 288.000000 2.671938 6.000000
v 290.000000 2.865394 6.000000
v 292.000000 3.098913 6.000000
v 294.000000 2.887365 6.000000
v 296.000000 2.988823 6.000000
v 298.000000 2.775849 6.000000
v 300.000000 2.238702 6.000000
v 302.000000 2.307184 6.000000
v 304.000000 2.346154 6.000000
v 306.000000 2.630536 6.000000
v 308.000000 2.629234 6.000000
v 310.000000 2.717187 6.000000
v 312.000000 3.021292 6.000000
v 314.000000 3.371706 6.000000
v 316.000000 2.639608 6.000000
v 320.000000 2.136849 6.000000
v 322.000000 2.569353 6.000000
v 324.000000 2.341457 6.000000
v 330.000000 2.079763 6.000000
v 332.000000 2.199172 6.000000
v 336.000000 2.500619 6.000000
v 338.000000 3.184375 6.000000
v 340.000000 2.340873 6.000000
v 344.000000 2.416873 6.000000
v 346.000000 2.991533 6.000000
v 348.000000 2.328283 6.000000
v 350.000000 2.379184 6.000000
v 352.000000 3.194944 6.000000
v 354.000000 3.047326 6.000000
v 6.000000 6.000000 5.931367
v 5.387459 6.000000 6.000000
v 6.000000 5.752310 6.000000
v 8.000000 5.642538 6.000000
v 8.000000 6.000000 5.911247
v 8.893406 6.000000 6.000000
v 22.000000 6.000000 5.929304
v 21.186399 6.000000 6.000000
v 22.000000 5.733263 6.000000
v 24.000000 5.762981 6.000000
v 24.000000 6.000000 5.939818
v 25.419716 6.000000 6.000000
v 30.000000 6.000000 5.986726
v 28.416523 6.000000 6.000000
v 30.000000 5.958134 6.000000
v 30.133564 6.000000 6.000000
v 40.000000 6.000000 5.864020
v 38.353386 6.000000 6.000000
v 40.000000 5.647859 6.000000
v 42.000000 5.460509 6.000000
v 42.000000 6.000000 5.788159
v 44.000000 5.953303 6.000000
v 44.000000 6.000000 5.981250
v 44.211437 6.000000 6.000000
v 60.000000 6.000000 5.853007
v 59.163723 6.000000 6.000000
v 60.000000 5.609287 6.000000
v 62.000000 5.550182 6.000000
v 62.000000 6.000000 5.817089
v 63.884640 6.000000 6.000000
v 66.000000 6.000000 5.895574
v 64.201820 6.000000 6.000000
v 66.000000 5.654655 6.000000
v 68.000000 5.287576 6.000000
v 68.000000 6.000000 5.736290
v 70.000000 5.879960 6.000000
v 70.000000 6.000000 5.955468
v 70.327904 6.000000 6.000000
v 82.000000 6.000000 5.720516
v 80.131378 6.000000 6.000000
v 82.000000 5.137898 6.000000
v 84.000000 4.900242 6.000000
v 84.000000 6.000000 5.629366
v 85.982498 6.000000 6.000000
v 96.000000 6.000000 5.853646
v 95.016563 6.000000 6.000000
v 96.000000 5.604002 6.000000
v 98.000000 5.212335 6.000000
v 98.000000 6.000000 5.702422
v 99.803581 6.000000 6.000000
v 104.000000 6.000000 5.923825
v 103.334694 6.000000 6.000000
v 104.000000 5.787906 6.000000
v 105.281975 6.000000 6.000000
v 112.000000 6.000000 5.733299
v 110.461716 6.000000 6.000000
v 112.000000 5.293076 6.000000
v 114.000000 5.601170 6.000000
v 114.000000 6.000000 5.860106
v 114.780472 6.000000 6.000000
v 128.000000 6.000000 5.892471
v 127.498138 6.000000 6.000000
v 128.000000 5.709373 6.000000
v 130.000000 5.695158 6.000000
v 130.000000 6.000000 5.882458
v 130.898193 6.000000 6.000000
v 140.000000 6.000000 5.892453
v 138.523895 6.000000 6.000000
v 140.000000 5.686738 6.000000
v 142.000000 5.821914 6.000000
v 142.000000 6.000000 5.933649
v 142.783585 6.000000 6.000000
v 150.000000 6.000000 5.970443
v 149.362839 6.000000 6.000000
v 150.000000 5.895998 6.000000
v 152.000000 5.455926 6.000000
v 152.000000 6.000000 5.863333
v 154.000000 5.163781 6.000000
v 154.000000 6.000000 5.780725
v 156.000000 5.272846 6.000000
v 156.000000 6.000000 5.829513
v 157.357544 6.000000 6.000000
v 162.000000 6.000000 5.997814
v 161.970337 6.000000 6.000000
v 162.000000 5.990979 6.000000
v 164.000000 5.522940 6.000000
v 164.000000 6.000000 5.860298
v 165.413513 6.000000 6.000000
v 172.000000 6.000000 5.947114
v 171.295090 6.000000 6.000000
v 172.000000 5.797782 6.000000
v 173.141418 6.000000 6.000000
v 178.000000 6.000000 5.940314
v 177.338531 6.000000 6.000000
v 178.000000 5.671158 6.000000
v 178.860977 6.000000 6.000000
v 192.000000 6.000000 5.805899
v 190.975372 6.000000 6.000000
v 192.000000 5.326921 6.000000
v 194.000000 5.153753 6.000000
v 194.000000 6.000000 5.760048
v 195.819870 6.000000 6.000000
v 202.000000 6.000000 5.962167
v 201.126816 6.000000 6.000000
v 202.000000 5.755363 6.000000
v 204.000000 6.000000 5.834847
v 206.000000 4.702964 6.000000
v 206.000000 6.000000 5.738145
v 208.000000 5.339208 6.000000
v 208.000000 6.000000 5.848782
v 209.092850 6.000000 6.000000
v 224.000000 6.000000 5.839300
v 222.220261 6.000000 6.000000
v 224.000000 5.038306 6.000000
v 226.000000 4.810208 6.000000
v 226.000000 6.000000 5.683362
v 228.000000 5.236515 6.000000
v 228.000000 6.000000 5.770297
v 229.329880 6.000000 6.000000
v 242.000000 6.000000 5.992730
v 241.882599 6.000000 6.000000
v 242.000000 5.913091 6.000000
v 244.000000 6.000000 5.778491
v 246.000000 6.000000 5.748355
v 248.000000 4.602708 6.000000
v 248.000000 6.000000 5.909406
v 248.769638 6.000000 6.000000
v 254.000000 6.000000 5.797602
v 252.116699 6.000000 6.000000
v 254.000000 5.285630 6.000000
v 256.000000 5.774212 6.000000
v 256.000000 6.000000 5.934850
v 256.894592 6.000000 6.000000
v 272.000000 6.000000 5.989328
v 271.856659 6.000000 6.000000
v 272.000000 5.941699 6.000000
v 274.000000 4.874161 6.000000
v 274.000000 6.000000 5.780433
v 276.000000 6.000000 5.696866
v 278.000000 4.691838 6.000000
v 278.000000 6.000000 5.860163
v 278.922607 6.000000 6.000000
v 282.000000 6.000000 5.845140
v 281.061279 6.000000 6.000000
v 282.000000 5.268476 6.000000
v 284.000000 5.102765 6.000000
v 284.000000 6.000000 5.760700
v 286.000000 5.875141 6.000000
v 286.000000 6.000000 5.968249
v 286.703796 6.000000 6.000000
v 296.000000 6.000000 5.983383
v 295.640778 6.000000 6.000000
v 296.000000 5.918769 6.000000
v 296.681946 6.000000 6.000000
v 312.000000 6.000000 5.897410
v 310.833527 6.000000 6.000000
v 312.000000 5.539629 6.000000
v 314.000000 4.739874 6.000000
v 314.000000 6.000000 5.681622
v 316.000000 4.935831 6.000000
v 316.000000 6.000000 5.639982
v 318.000000 5.893712 6.000000
v 318.000000 6.000000 5.960222
v 319.075500 6.000000 6.000000
v 330.000000 6.000000 5.997204
v 329.970215 6.000000 6.000000
v 330.000000 5.988849 6.000000
v 332.000000 5.998251 6.000000
v 332.000000 6.000000 5.999618
v 332.005188 6.000000 6.000000
v 336.000000 6.000000 5.992559
v 335.909668 6.000000 6.000000
v 336.000000 5.957002 6.000000
v 338.000000 5.348546 6.000000
v 338.000000 6.000000 5.886788
v 338.662781 6.000000 6.000000
v 346.000000 6.000000 5.900623
v 345.146881 6.000000 6.000000
v 346.000000 5.466364 6.000000
v 348.000000 5.991230 6.000000
v 348.000000 6.000000 5.997739
v 348.036896 6.000000 6.000000
v 352.000000 6.000000 5.778158
v 350.681549 6.000000 6.000000
v 352.000000 5.037475 6.000000
v 354.000000 5.220544 6.000000
v 354.000000 6.000000 5.821075
v 355.090668 6.000000 6.000000
v 0.000000 8.000000 5.299789
v 2.000000 6.214207 6.000000
v 2.000000 8.000000 5.418602
v 0.000000 6.014073 6.000000
v 4.000000 6.495910 6.000000
v 4.000000 8.000000 5.547288
v 6.000000 8.000000 5.308895
v 8.000000 8.000000 5.291181
v 10.000000 6.324217 6.000000
v 10.000000 8.000000 5.443321
v 12.000000 6.228843 6.000000
v 12.000000 8.000000 5.541589
v 14.000000 6.297096 6.000000
v 14.000000 8.000000 5.560434
v 16.000000 6.121849 6.000000
v 16.000000 8.000000 5.429673
v 18.000000 6.500987 6.000000
v 18.000000 8.000000 5.561054
v 20.000000 6.366082 6.000000
v 20.000000 8.000000 5.551153
v 22.000000 8.000000 5.375263
v 24.000000 8.000000 5.269008
v 26.000000 6.072474 6.000000
v 26.000000 8.000000 5.388731
v 28.000000 6.010146 6.000000
v 28.000000 8.000000 5.376324
v 30.000000 8.000000 5.351861
v 32.000000 6.482330 6.000000
v 32.000000 8.000000 5.451410
v 34.000000 6.903271 6.000000
v 34.000000 8.000000 5.585279
v 36.000000 6.812633 6.000000
v 36.000000 8.000000 5.610572
v 38.000000 6.086450 6.000000
v 38.000000 8.000000 5.371532
v 40.000000 8.000000 5.218828
v 42.000000 8.000000 5.124411
v 44.000000 8.000000 5.223052
v 46.000000 6.352993 6.000000
v 46.000000 8.000000 5.329340
v 48.000000 6.139472 6.000000
v 48.000000 8.000000 5.315491
v 50.000000 6.056830 6.000000
v 50.000000 8.000000 5.155974
v 52.000000 6.351730 6.000000
v 52.000000 8.000000 5.267749
v 54.000000 6.829914 6.000000
v 54.000000 8.000000 5.539793
v 56.000000 7.146292 6.000000
v 56.000000 8.000000 5.657482
v 58.000000 6.522685 6.000000
v 58.000000 8.000000 5.422877
v 60.000000 8.000000 5.122618
v 62.000000 8.000000 5.097775
v 64.000000 6.027410 6.000000
v 64.000000 8.000000 5.247522
v 66.000000 8.000000 5.220356
v 68.000000 8.000000 5.001160
v 70.000000 8.000000 5.223950
v 72.000000 6.586583 6.000000
v 72.000000 8.000000 5.473309
v 74.000000 6.143165 6.000000
v 74.000000 8.000000 5.356752
v 76.000000 6.024549 6.000000
v 76.000000 8.000000 5.328122
v 78.000000 6.423333 6.000000
v 78.000000 8.000000 5.426853
v 80.000000 6.053391 6.000000
v 80.000000 8.000000 5.323110
v 82.000000 8.000000 5.021250
v 84.000000 8.000000 4.977201
v 86.000000 6.008554 6.000000
v 86.000000 8.000000 5.306340
v 88.000000 6.509801 6.000000
v 88.000000 8.000000 5.485644
v 90.000000 6.320622 6.000000
v 90.000000 8.000000 5.374685
v 92.000000 6.116356 6.000000
v 92.000000 8.000000 5.307467
v 94.000000 6.358081 6.000000
v 94.000000 8.000000 5.343256
v 96.000000 8.000000 5.166559
v 98.000000 8.000000 5.026723
v 100.000000 6.089294 6.000000
v 100.000000 8.000000 5.322488
v 102.000000 6.446841 6.000000
v 102.000000 8.000000 5.473572
v 104.000000 8.000000 5.240433
v 106.000000 6.120732 6.000000
v 106.000000 8.000000 5.373933
v 108.000000 6.486012 6.000000
v 108.000000 8.000000 5.479861
v 110.000000 6.221323 6.000000
v 110.000000 8.000000 5.389112
v 112.000000 8.000000 5.109196
v 114.000000 8.000000 5.233774
v 116.000000 6.529140 6.000000
v 116.000000 8.000000 5.442003
v 118.000000 6.834816 6.000000
v 118.000000 8.000000 5.575913
v 120.000000 6.168583 6.000000
v 120.000000 8.000000 5.517381
v 122.000000 6.889430 6.000000
v 122.000000 8.000000 5.680053
v 124.000000 7.850013 6.000000
v 124.000000 8.000000 5.953032
v 126.000000 6.836690 6.000000
v 126.000000 8.000000 5.577632
v 128.000000 8.000000 5.243156
v 130.000000 8.000000 5.213424
v 132.000000 6.387595 6.000000
v 132.000000 8.000000 5.446121
v 134.000000 7.113955 6.000000
v 134.000000 8.000000 5.711617
v 136.000000 6.735133 6.000000
v 136.000000 8.000000 5.516626
v 138.000000 6.095621 6.000000
v 138.000000 8.000000 5.339578
v 140.000000 8.000000 5.220073
v 142.000000 8.000000 5.278538
v 144.000000 6.264943 6.000000
v 144.000000 8.000000 5.420339
v 146.000000 6.504028 6.000000
v 146.000000 8.000000 5.453724
v 148.000000 6.141110 6.000000
v 148.000000 8.000000 5.296239
v 150.000000 8.000000 5.296742
v 152.000000 8.000000 5.223885
v 154.000000 8.000000 5.173267
v 156.000000 8.000000 5.243891
v 158.000000 6.226574 6.000000
v 158.000000 8.000000 5.394948
v 160.000000 6.393399 6.000000
v 160.000000 8.000000 5.430375
v 162.000000 8.000000 5.380883
v 164.000000 8.000000 5.245009
v 166.000000 6.162637 6.000000
v 166.000000 8.000000 5.369666
v 168.000000 6.723945 6.000000
v 168.000000 8.000000 5.505722
v 170.000000 6.289008 6.000000
v 170.000000 8.000000 5.451052
v 172.000000 8.000000 5.330627
v 174.000000 6.110857 6.000000
v 174.000000 8.000000 5.340734
v 176.000000 6.396727 6.000000
v 176.000000 8.000000 5.502409
v 178.000000 8.000000 5.272970
v 180.000000 6.223065 6.000000
v 180.000000 8.000000 5.373135
v 182.000000 6.836807 6.000000
v 182.000000 8.000000 5.510027
v 184.000000 7.023937 6.000000
v 184.000000 8.000000 5.617692
v 186.000000 6.429999 6.000000
v 186.000000 8.000000 5.478723
v 188.000000 6.275962 6.000000
v 188.000000 8.000000 5.381100
v 190.000000 6.492310 6.000000
v 190.000000 8.000000 5.426074
v 192.000000 8.000000 5.192026
v 194.000000 8.000000 5.157303
v 196.000000 6.061449 6.000000
v 196.000000 8.000000 5.224383
v 198.000000 6.256075 6.000000
v 198.000000 8.000000 5.369982
v 200.000000 6.132338 6.000000
v 200.000000 8.000000 5.395028
v 202.000000 8.000000 5.294993
v 204.000000 8.000000 5.172099
v 206.000000 8.000000 5.157144
v 208.000000 8.000000 5.263166
v 210.000000 6.362154 6.000000
v 210.000000 8.000000 5.472584
v 212.000000 7.237808 6.000000
v 212.000000 8.000000 5.728110
v 214.000000 7.824879 6.000000
v 214.000000 8.000000 5.945623
v 216.000000 7.004828 6.000000
v 216.000000 8.000000 5.704643
v 218.000000 6.679332 6.000000
v 218.000000 8.000000 5.650775
v 220.000000 6.463053 6.000000
v 220.000000 8.000000 5.605153
v 222.000000 6.062969 6.000000
v 222.000000 8.000000 5.407080
v 224.000000 8.000000 5.256315
v 226.000000 8.000000 5.176433
v 228.000000 8.000000 5.240598
v 230.000000 6.363124 6.000000
v 230.000000 8.000000 5.459123
v 232.000000 6.908703 6.000000
v 232.000000 8.000000 5.546884
v 234.000000 7.145144 6.000000
v 234.000000 8.000000 5.638138
v 236.000000 7.095997 6.000000
v 236.000000 8.000000 5.704023
v 238.000000 6.698619 6.000000
v 238.000000 8.000000 5.633592
v 240.000000 6.326741 6.000000
v 240.000000 8.000000 5.439155
v 242.000000 8.000000 5.252527
v 244.000000 8.000000 5.129063
v 246.000000 8.000000 5.134592
v 248.000000 8.000000 5.261104
v 250.000000 6.433579 6.000000
v 250.000000 8.000000 5.497611
v 252.000000 6.044846 6.000000
v 252.000000 8.000000 5.481376
v 254.000000 8.000000 5.288487
v 256.000000 8.000000 5.334682
v 258.000000 6.257699 6.000000
v 258.000000 8.000000 5.450199
v 260.000000 6.303459 6.000000
v 260.000000 8.000000 5.465360
v 262.000000 6.168692 6.000000
v 262.000000 8.000000 5.366742
v 264.000000 6.349543 6.000000
v 264.000000 8.000000 5.334095
v 266.000000 6.615894 6.000000
v 266.000000 8.000000 5.482322
v 268.000000 6.930590 6.000000
v 268.000000 8.000000 5.606843
v 270.000000 6.426900 6.000000
v 270.000000 8.000000 5.493937
v 272.000000 8.000000 5.294791
v 274.000000 8.000000 5.163085
v 276.000000 8.000000 5.102444
v 278.000000 8.000000 5.246458
v 280.000000 6.498691 6.000000
v 280.000000 8.000000 5.468524
v 282.000000 8.000000 5.275442
v 284.000000 8.000000 5.164709
v 286.000000 8.000000 5.289064
v 288.000000 6.153296 6.000000
v 288.000000 8.000000 5.339681
v 290.000000 6.371056 6.000000
v 290.000000 8.000000 5.398078
v 292.000000 6.391124 6.000000
v 292.000000 8.000000 5.280125
v 294.000000 6.163191 6.000000
v 294.000000 8.000000 5.235651
v 296.000000 8.000000 5.324109
v 298.000000 6.087148 6.000000
v 298.000000 8.000000 5.350479
v 300.000000 6.313549 6.000000
v 300.000000 8.000000 5.424565
v 302.000000 6.075874 6.000000
v 302.000000 8.000000 5.397469
v 304.000000 6.281273 6.000000
v 304.000000 8.000000 5.496731
v 306.000000 6.039757 6.000000
v 306.000000 8.000000 5.477039
v 308.000000 6.338731 6.000000
v 308.000000 8.000000 5.508085
v 310.000000 6.211039 6.000000
v 310.000000 8.000000 5.406639
v 312.000000 8.000000 5.333730
v 314.000000 8.000000 5.171019
v 316.000000 8.000000 5.096107
v 318.000000 8.000000 5.398635
v 320.000000 6.101168 6.000000
v 320.000000 8.000000 5.417589
v 322.000000 6.129168 6.000000
v 322.000000 8.000000 5.397242
v 324.000000 6.064733 6.000000
v 324.000000 8.000000 5.435987
v 326.000000 6.359880 6.000000
v 326.000000 8.000000 5.442906
v 328.000000 6.478992 6.000000
v 328.000000 8.000000 5.429312
v 330.000000 8.000000 5.331449
v 332.000000 8.000000 5.384667
v 334.000000 6.409747 6.000000
v 334.000000 8.000000 5.445469
v 336.000000 8.000000 5.321431
v 338.000000 8.000000 5.314221
v 340.000000 6.635443 6.000000
v 340.000000 8.000000 5.527616
v 342.000000 7.116587 6.000000
v 342.000000 8.000000 5.694263
v 344.000000 6.442941 6.000000
v 344.000000 8.000000 5.535049
v 346.000000 8.000000 5.312751
v 348.000000 8.000000 5.335976
v 350.000000 6.316368 6.000000
v 350.000000 8.000000 5.371031
v 352.000000 8.000000 5.073491
v 354.000000 8.000000 5.086329
v 356.000000 6.332264 6.000000
v 356.000000 8.000000 5.239893
v 358.000000 6.173985 6.000000
v 358.000000 8.000000 5.287769
v 360.000000 6.014073 6.000000
v 360.000000 8.000000 5.299789
v 0.000000 9.194613 6.000000
v 2.000000 8.999671 6.000000
v 4.000000 8.811145 6.000000
v 6.000000 9.183893 6.000000
v 8.000000 9.327798 6.000000
v 10.000000 9.058282 6.000000
v 12.000000 8.910683 6.000000
v 14.000000 8.883967 6.000000
v 16.000000 9.031389 6.000000
v 18.000000 8.784954 6.000000
v 20.000000 8.940087 6.000000
v 22.000000 9.314160 6.000000
v 24.000000 9.529135 6.000000
v 26.000000 9.294308 6.000000
v 28.000000 9.168363 6.000000
v 30.000000 9.176707 6.000000
v 32.000000 9.015446 6.000000
v 34.000000 8.675136 6.000000
v 36.000000 8.627196 6.000000
v 38.000000 9.001730 6.000000
v 40.000000 9.250749 6.000000
v 42.000000 9.332981 6.000000
v 44.000000 9.196799 6.000000
v 46.000000 9.024505 6.000000
v 48.000000 9.144576 6.000000
v 50.000000 9.330984 6.000000
v 52.000000 9.205262 6.000000
v 54.000000 8.734098 6.000000
v 56.000000 8.531172 6.000000
v 58.000000 8.937594 6.000000
v 60.000000 9.397372 6.000000
v 62.000000 9.413817 6.000000
v 64.000000 9.285638 6.000000
v 66.000000 9.496428 6.000000
v 68.000000 9.676607 6.000000
v 70.000000 9.288534 6.000000
v 72.000000 8.842709 6.000000
v 74.000000 9.122299 6.000000
v 76.000000 9.248159 6.000000
v 78.000000 8.970575 6.000000
v 80.000000 9.169217 6.000000
v 82.000000 9.940714 6.000000
v 84.000000 9.921981 6.000000
v 86.000000 9.283523 6.000000
v 88.000000 8.985730 6.000000
v 90.000000 9.133314 6.000000
v 92.000000 9.056352 6.000000
v 94.000000 9.034916 6.000000
v 96.000000 9.415306 6.000000
v 98.000000 9.646943 6.000000
v 100.000000 9.131180 6.000000
v 102.000000 8.892153 6.000000
v 104.000000 9.294340 6.000000
v 106.000000 9.071267 6.000000
v 108.000000 8.863686 6.000000
v 110.000000 9.098907 6.000000
v 112.000000 9.591476 6.000000
v 114.000000 9.338117 6.000000
v 116.000000 8.932424 6.000000
v 118.000000 8.837736 6.000000
v 120.000000 8.968584 6.000000
v 122.000000 8.619842 6.000000
v 124.000000 8.098341 6.000000
v 126.000000 8.765742 6.000000
v 128.000000 9.239276 6.000000
v 130.000000 9.248073 6.000000
v 132.000000 8.999231 6.000000
v 134.000000 8.602368 6.000000
v 136.000000 8.959371 6.000000
v 138.000000 9.175833 6.000000
v 140.000000 9.255483 6.000000
v 142.000000 9.240468 6.000000
v 144.000000 9.094237 6.000000
v 146.000000 9.000158 6.000000
v 148.000000 9.200548 6.000000
v 150.000000 9.242190 6.000000
v 152.000000 9.525303 6.000000
v 154.000000 9.594274 6.000000
v 156.000000 9.528871 6.000000
v 158.000000 9.298013 6.000000
v 160.000000 9.118039 6.000000
v 162.000000 9.269767 6.000000
v 164.000000 9.504723 6.000000
v 166.000000 9.140814 6.000000
v 168.000000 8.985758 6.000000
v 170.000000 9.124088 6.000000
v 172.000000 9.326654 6.000000
v 174.000000 9.204580 6.000000
v 176.000000 9.111629 6.000000
v 178.000000 9.413560 6.000000
v 180.000000 9.176684 6.000000
v 182.000000 8.931065 6.000000
v 184.000000 8.690168 6.000000
v 186.000000 8.996947 6.000000
v 188.000000 9.188905 6.000000
v 190.000000 9.108052 6.000000
v 192.000000 9.580887 6.000000
v 194.000000 9.593227 6.000000
v 196.000000 9.380544 6.000000
v 198.000000 9.063637 6.000000
v 200.000000 9.143299 6.000000
v 202.000000 9.509089 6.000000
v 204.000000 9.783913 6.000000
v 206.000000 9.658760 6.000000
v 208.000000 9.535317 6.000000
v 210.000000 9.070024 6.000000
v 212.000000 8.547186 6.000000
v 214.000000 8.121276 6.000000
v 216.000000 8.628365 6.000000
v 218.000000 8.796932 6.000000
v 220.000000 8.858861 6.000000
v 222.000000 9.449667 6.000000
v 224.000000 9.834447 6.000000
v 226.000000 9.932938 6.000000
v 228.000000 9.542181 6.000000
v 230.000000 9.057763 6.000000
v 232.000000 8.903462 6.000000
v 234.000000 8.800464 6.000000
v 236.000000 8.662057 6.000000
v 238.000000 8.762682 6.000000
v 240.000000 9.108857 6.000000
v 242.000000 9.557156 6.000000
v 244.000000 9.834038 6.000000
v 246.000000 9.757762 6.000000
v 248.000000 9.512389 6.000000
v 250.000000 9.049265 6.000000
v 252.000000 9.071131 6.000000
v 254.000000 9.437584 6.000000
v 256.000000 9.287874 6.000000
v 258.000000 9.064698 6.000000
v 260.000000 9.023081 6.000000
v 262.000000 9.317216 6.000000
v 264.000000 9.534245 6.000000
v 266.000000 9.191959 6.000000
v 268.000000 8.788945 6.000000
v 270.000000 8.980256 6.000000
v 272.000000 9.415904 6.000000
v 274.000000 9.603215 6.000000
v 276.000000 9.850610 6.000000
v 278.000000 9.650156 6.000000
v 280.000000 9.017001 6.000000
v 282.000000 9.429454 6.000000
v 284.000000 9.588716 6.000000
v 286.000000 9.267994 6.000000
v 288.000000 9.093908 6.000000
v 290.000000 9.046494 6.000000
v 292.000000 9.216947 6.000000
v 294.000000 9.182016 6.000000
v 296.000000 9.152332 6.000000
v 298.000000 9.156766 6.000000
v 300.000000 9.066398 6.000000
v 302.000000 9.172485 6.000000
v 304.000000 8.975436 6.000000
v 306.000000 9.085094 6.000000
v 308.000000 8.964466 6.000000
v 310.000000 9.103895 6.000000
v 312.000000 9.386295 6.000000
v 314.000000 9.846812 6.000000
v 316.000000 9.699597 6.000000
v 318.000000 9.067703 6.000000
v 320.000000 9.099812 6.000000
v 322.000000 9.185815 6.000000
v 324.000000 9.173880 6.000000
v 326.000000 9.062344 6.000000
v 328.000000 9.008372 6.000000
v 330.000000 9.174161 6.000000
v 332.000000 9.140425 6.000000
v 334.000000 8.993773 6.000000
v 336.000000 9.321055 6.000000
v 338.000000 9.304708 6.000000
v 340.000000 8.975648 6.000000
v 342.000000 8.583901 6.000000
v 344.000000 8.821829 6.000000
v 346.000000 9.128978 6.000000
v 348.000000 9.110251 6.000000
v 350.000000 9.107105 6.000000
v 352.000000 9.723982 6.000000
v 354.000000 9.710403 6.000000
v 356.000000 9.279603 6.000000
v 358.000000 9.163908 6.000000
v 360.000000 9.194613 6.000000
v 22.000000 16.000000 5.861981
v 20.745752 16.000000 6.000000
v 22.000000 15.599512 6.000000
v 24.000000 15.783701 6.000000
v 24.000000 16.000000 5.922567
v 25.335991 16.000000 6.000000
v 66.000000 16.000000 5.932469
v 65.433281 16.000000 6.000000
v 66.000000 15.859018 6.000000
v 67.067078 16.000000 6.000000
v 202.000000 16.000000 5.847240
v 201.190262 16.000000 6.000000
v 202.000000 15.363054 6.000000
v 204.000000 14.697452 6.000000
v 204.000000 16.000000 5.617335
v 206.000000 15.309236 6.000000
v 206.000000 16.000000 5.809465
v 208.000000 15.851026 6.000000
v 208.000000 16.000000 5.956707
v 208.493683 16.000000 6.000000
v 224.000000 16.000000 5.853876
v 222.744080 16.000000 6.000000
v 224.000000 15.479931 6.000000
v 226.000000 15.453156 6.000000
v 226.000000 16.000000 5.858497
v 227.415802 16.000000 6.000000
v 242.000000 16.000000 5.789897
v 240.669586 16.000000 6.000000
v 242.000000 15.512917 6.000000
v 244.000000 15.560263 6.000000
v 244.000000 16.000000 5.788425
v 246.000000 15.402734 6.000000
v 246.000000 16.000000 5.710451
v 248.000000 15.523877 6.000000
v 248.000000 16.000000 5.764470
v 249.977615 16.000000 6.000000
v 264.000000 16.000000 5.787176
v 262.126465 16.000000 6.000000
v 264.000000 15.485686 6.000000
v 265.243225 16.000000 6.000000
v 272.000000 16.000000 5.782672
v 270.434479 16.000000 6.000000
v 272.000000 15.449571 6.000000
v 274.000000 15.509029 6.000000
v 274.000000 16.000000 5.787651
v 276.000000 15.394974 6.000000
v 276.000000 16.000000 5.785326
v 278.000000 15.463347 6.000000
v 278.000000 16.000000 5.786861
v 279.242554 16.000000 6.000000
v 294.000000 16.000000 5.835144
v 292.039551 16.000000 6.000000
v 294.000000 15.610542 6.000000
v 296.000000 15.971831 6.000000
v 296.000000 16.000000 5.990283
v 296.079956 16.000000 6.000000
v 338.000000 16.000000 5.905637
v 336.984314 16.000000 6.000000
v 338.000000 15.695927 6.000000
v 339.012421 16.000000 6.000000
v 352.000000 16.000000 5.782709
v 350.768097 16.000000 6.000000
v 352.000000 15.401019 6.000000
v 354.000000 15.473420 6.000000
v 354.000000 16.000000 5.804363
v 355.356293 16.000000 6.000000
v 358.000000 16.000000 5.914893
v 357.061584 16.000000 6.000000
v 358.000000 15.800297 6.000000
v 358.862610 16.000000 6.000000
v 0.000000 17.197781 6.000000
v 0.479037 18.000000 6.000000
v 0.000000 18.000000 5.924844
v 8.000000 18.000000 5.982265
v 7.563567 18.000000 6.000000
v 8.000000 17.728477 6.000000
v 8.226857 18.000000 6.000000
v 22.000000 18.000000 5.884233
v 21.141352 18.000000 6.000000
v 24.000000 18.000000 5.950039
v 24.743406 18.000000 6.000000
v 66.000000 16.542356 6.000000
v 172.000000 18.000000 5.905063
v 170.540665 18.000000 6.000000
v 172.000000 17.005451 6.000000
v 174.000000 16.821041 6.000000
v 174.000000 18.000000 5.810912
v 176.000000 17.343103 6.000000
v 176.000000 18.000000 5.873164
v 178.000000 17.112591 6.000000
v 178.000000 18.000000 5.822370
v 180.000000 17.770342 6.000000
v 180.000000 18.000000 5.978643
v 180.353912 18.000000 6.000000
v 188.000000 18.000000 5.918528
v 186.818390 18.000000 6.000000
v 188.000000 17.164877 6.000000
v 190.000000 17.591274 6.000000
v 190.000000 18.000000 5.949999
v 192.000000 16.862425 6.000000
v 192.000000 18.000000 5.868159
v 194.000000 17.025314 6.000000
v 194.000000 18.000000 5.898399
v 196.000000 17.887552 6.000000
v 196.000000 18.000000 5.985481
v 196.740860 18.000000 6.000000
v 200.000000 18.000000 5.970997
v 198.916290 18.000000 6.000000
v 200.000000 17.759071 6.000000
v 202.000000 18.000000 5.637412
v 204.000000 18.000000 5.525862
v 206.000000 18.000000 5.660874
v 208.000000 18.000000 5.749187
v 210.000000 17.055477 6.000000
v 210.000000 18.000000 5.891087
v 211.372879 18.000000 6.000000
v 222.000000 18.000000 5.968794
v 221.469147 18.000000 6.000000
v 222.000000 17.473959 6.000000
v 224.000000 18.000000 5.907353
v 226.000000 18.000000 5.814878
v 227.747360 18.000000 6.000000
v 230.000000 18.000000 5.913850
v 228.490067 18.000000 6.000000
v 230.000000 17.244110 6.000000
v 232.000000 17.171309 6.000000
v 232.000000 18.000000 5.863204
v 234.000000 17.422380 6.000000
v 234.000000 18.000000 5.919240
v 234.604904 18.000000 6.000000
v 240.000000 18.000000 5.841670
v 238.768280 18.000000 6.000000
v 240.000000 16.820061 6.000000
v 242.000000 18.000000 5.473773
v 244.000000 18.000000 5.461612
v 246.000000 18.000000 5.409532
v 248.000000 18.000000 5.439328
v 250.000000 16.020536 6.000000
v 250.000000 18.000000 5.733576
v 251.873993 18.000000 6.000000
v 258.000000 18.000000 5.956375
v 257.581299 18.000000 6.000000
v 258.000000 17.205328 6.000000
v 260.000000 17.105833 6.000000
v 260.000000 18.000000 5.862152
v 262.000000 16.073387 6.000000
v 262.000000 18.000000 5.631771
v 264.000000 18.000000 5.375518
v 266.000000 16.602163 6.000000
v 266.000000 18.000000 5.694284
v 268.000000 17.524641 6.000000
v 268.000000 18.000000 5.890946
v 270.000000 16.338484 6.000000
v 270.000000 18.000000 5.713078
v 272.000000 18.000000 5.512958
v 274.000000 18.000000 5.506407
v 276.000000 18.000000 5.386427
v 278.000000 18.000000 5.440257
v 280.000000 16.995466 6.000000
v 280.000000 18.000000 5.866652
v 281.071075 18.000000 6.000000
v 290.000000 18.000000 5.846160
v 288.031555 18.000000 6.000000
v 290.000000 16.710253 6.000000
v 292.000000 16.015642 6.000000
v 292.000000 18.000000 5.615775
v 294.000000 18.000000 5.396246
v 296.000000 18.000000 5.627369
v 298.000000 17.227301 6.000000
v 298.000000 18.000000 5.860053
v 299.516113 18.000000 6.000000
v 310.000000 18.000000 5.977661
v 309.511780 18.000000 6.000000
v 310.000000 17.843922 6.000000
v 310.249329 18.000000 6.000000
v 336.000000 18.000000 5.784439
v 334.891571 18.000000 6.000000
v 336.000000 16.620199 6.000000
v 338.000000 18.000000 5.780328
v 340.000000 17.224880 6.000000
v 340.000000 18.000000 5.940765
v 340.773407 18.000000 6.000000
v 352.000000 18.000000 5.803109
v 350.646210 18.000000 6.000000
v 354.000000 18.000000 5.722578
v 356.000000 17.069624 6.000000
v 356.000000 18.000000 5.915430
v 358.000000 18.000000 5.833614
v 360.000000 17.197781 6.000000
v 360.000000 18.000000 5.924844
v 0.000000 18.262110 6.000000
v 8.000000 18.105549 6.000000
v 22.000000 18.651489 6.000000
v 24.000000 18.206411 6.000000
v 172.000000 18.333677 6.000000
v 174.000000 18.676424 6.000000
v 176.000000 18.374004 6.000000
v 178.000000 18.617605 6.000000
v 180.000000 18.077089 6.000000
v 188.000000 18.289759 6.000000
v 190.000000 18.177492 6.000000
v 192.000000 18.579111 6.000000
v 194.000000 18.502356 6.000000
v 196.000000 18.056944 6.000000
v 200.000000 18.119690 6.000000
v 202.000000 19.607698 6.000000
v 204.000000 19.865717 6.000000
v 206.000000 19.360315 6.000000
v 208.000000 19.282841 6.000000
v 210.000000 18.410606 6.000000
v 222.000000 18.120378 6.000000
v 224.000000 18.269669 6.000000
v 226.000000 18.716663 6.000000
v 230.000000 18.317478 6.000000
v 232.000000 18.443798 6.000000
v 234.000000 18.219090 6.000000
v 240.000000 18.528160 6.000000
v 242.000000 19.507921 6.000000
v 244.000000 19.544727 6.000000
v 246.000000 19.598669 6.000000
v 248.000000 19.426231 6.000000
v 250.000000 18.739138 6.000000
v 258.000000 18.113245 6.000000
v 260.000000 18.461775 6.000000
v 262.000000 19.389187 6.000000
v 264.000000 19.971087 6.000000
v 266.000000 18.899637 6.000000
v 268.000000 18.374203 6.000000
v 270.000000 18.791489 6.000000
v 272.000000 19.060411 6.000000
v 274.000000 19.306976 6.000000
v 276.000000 20.000000 5.986739
v 275.914093 20.000000 6.000000
v 276.222046 20.000000 6.000000
v 278.000000 19.723621 6.000000
v 280.000000 18.466532 6.000000
v 290.000000 18.476177 6.000000
v 292.000000 19.277958 6.000000
v 294.000000 19.830042 6.000000
v 296.000000 19.104107 6.000000
v 298.000000 18.441561 6.000000
v 310.000000 18.088634 6.000000
v 336.000000 18.934401 6.000000
v 338.000000 18.733871 6.000000
v 340.000000 18.230612 6.000000
v 352.000000 19.385141 6.000000
v 354.000000 19.484453 6.000000
v 356.000000 18.376650 6.000000
v 358.000000 18.563297 6.000000
v 360.000000 18.262110 6.000000
v 276.000000 20.125814 6.000000
v 352.000000 22.000000 5.944650
v 351.748810 22.000000 6.000000
v 352.000000 21.255020 6.000000
v 353.132385 22.000000 6.000000
v 276.000000 24.000000 5.940532
v 275.382294 24.000000 6.000000
v 276.000000 23.539751 6.000000
v 276.784546 24.000000 6.000000
v 294.000000 24.000000 5.998430
v 293.989807 24.000000 6.000000
v 294.000000 23.991699 6.000000
v 294.038483 24.000000 6.000000
v 352.000000 23.265541 6.000000
v 352.706696 24.000000 6.000000
v 354.000000 24.000000 5.940676
v 354.000000 22.838131 6.000000
v 354.373993 24.000000 6.000000
v 276.000000 26.000000 5.929286
v 275.369202 26.000000 6.000000
v 276.770691 26.000000 6.000000
v 294.000000 24.014130 6.000000
v 354.000000 24.155863 6.000000
v 276.000000 26.594513 6.000000
v 264.000000 30.000000 5.950817
v 263.257660 30.000000 6.000000
v 264.000000 29.782406 6.000000
v 264.359833 30.000000 6.000000
v 276.000000 30.000000 5.827019
v 274.806274 30.000000 6.000000
v 276.000000 28.999138 6.000000
v 277.764618 30.000000 6.000000
v 294.000000 30.000000 5.969540
v 293.791718 30.000000 6.000000
v 294.000000 29.903234 6.000000
v 294.562347 30.000000 6.000000
v 0.000000 31.819183 6.000000
v 0.246235 32.000000 6.000000
v 0.000000 32.000000 5.945083
v 6.000000 32.000000 5.749525
v 4.731357 32.000000 6.000000
v 6.000000 31.263092 6.000000
v 8.000000 31.881359 6.000000
v 8.000000 32.000000 5.964075
v 8.263772 32.000000 6.000000
v 202.000000 32.000000 5.665787
v 200.809631 32.000000 6.000000
v 202.000000 30.915300 6.000000
v 204.000000 30.276228 6.000000
v 204.000000 32.000000 5.403103
v 206.000000 30.697872 6.000000
v 206.000000 32.000000 5.520220
v 208.000000 31.174274 6.000000
v 208.000000 32.000000 5.753712
v 209.663696 32.000000 6.000000
v 228.000000 32.000000 5.940088
v 226.559570 32.000000 6.000000
v 228.000000 31.799694 6.000000
v 230.000000 31.450472 6.000000
v 230.000000 32.000000 5.778089
v 232.000000 31.370701 6.000000
v 232.000000 32.000000 5.745665
v 234.000000 31.896456 6.000000
v 234.000000 32.000000 5.960690
v 234.355652 32.000000 6.000000
v 240.000000 32.000000 5.704346
v 238.522583 32.000000 6.000000
v 240.000000 31.263294 6.000000
v 242.000000 30.616053 6.000000
v 242.000000 32.000000 5.512187
v 244.000000 30.349478 6.000000
v 244.000000 32.000000 5.509458
v 246.000000 30.273022 6.000000
v 246.000000 32.000000 5.436841
v 248.000000 30.453472 6.000000
v 248.000000 32.000000 5.438400
v 250.000000 31.222418 6.000000
v 250.000000 32.000000 5.708748
v 251.744827 32.000000 6.000000
v 254.000000 32.000000 5.977769
v 253.322937 32.000000 6.000000
v 254.000000 31.939030 6.000000
v 256.000000 31.650972 6.000000
v 256.000000 32.000000 5.863719
v 258.000000 31.546288 6.000000
v 258.000000 32.000000 5.795323
v 260.000000 31.092960 6.000000
v 260.000000 32.000000 5.641609
v 262.000000 30.173225 6.000000
v 262.000000 32.000000 5.238499
v 264.000000 32.000000 5.139882
v 266.000000 30.489643 6.000000
v 266.000000 32.000000 5.374458
v 268.000000 31.005800 6.000000
v 268.000000 32.000000 5.586086
v 270.000000 30.902205 6.000000
v 270.000000 32.000000 5.447293
v 272.000000 30.796444 6.000000
v 272.000000 32.000000 5.406176
v 274.000000 30.318277 6.000000
v 274.000000 32.000000 5.397164
v 276.000000 32.000000 5.159114
v 278.000000 30.050945 6.000000
v 278.000000 32.000000 5.201481
v 280.000000 31.166651 6.000000
v 280.000000 32.000000 5.660176
v 282.000000 31.627043 6.000000
v 282.000000 32.000000 5.865578
v 284.000000 31.447687 6.000000
v 284.000000 32.000000 5.781045
v 286.000000 31.362343 6.000000
v 286.000000 32.000000 5.677725
v 288.000000 31.399197 6.000000
v 288.000000 32.000000 5.686008
v 290.000000 31.117369 6.000000
v 290.000000 32.000000 5.624756
v 292.000000 30.455170 6.000000
v 292.000000 32.000000 5.257855
v 294.000000 32.000000 5.136170
v 296.000000 30.159861 6.000000
v 296.000000 32.000000 5.260625
v 298.000000 30.637833 6.000000
v 298.000000 32.000000 5.378678
v 300.000000 30.966230 6.000000
v 300.000000 32.000000 5.528524
v 302.000000 31.337969 6.000000
v 302.000000 32.000000 5.685776
v 304.000000 31.940393 6.000000
v 304.000000 32.000000 5.972757
v 305.746490 32.000000 6.000000
v 308.000000 32.000000 5.769454
v 306.030334 32.000000 6.000000
v 308.000000 31.448084 6.000000
v 310.000000 30.948469 6.000000
v 310.000000 32.000000 5.507666
v 312.000000 30.976822 6.000000
v 312.000000 32.000000 5.555099
v 314.000000 31.305628 6.000000
v 314.000000 32.000000 5.745596
v 316.000000 31.341446 6.000000
v 316.000000 32.000000 5.739170
v 318.000000 31.366316 6.000000
v 318.000000 32.000000 5.763984
v 320.000000 31.205017 6.000000
v 320.000000 32.000000 5.699881
v 322.000000 31.691364 6.000000
v 322.000000 32.000000 5.884471
v 322.609375 32.000000 6.000000
v 330.000000 32.000000 5.754291
v 328.418915 32.000000 6.000000
v 330.000000 31.319395 6.000000
v 332.000000 31.151405 6.000000
v 332.000000 32.000000 5.693632
v 334.000000 30.868290 6.000000
v 334.000000 32.000000 5.627596
v 336.000000 30.368317 6.000000
v 336.000000 32.000000 5.461205
v 338.000000 30.592054 6.000000
v 338.000000 32.000000 5.490323
v 340.000000 31.290558 6.000000
v 340.000000 32.000000 5.767942
v 342.000000 31.531384 6.000000
v 342.000000 32.000000 5.850550
v 344.000000 31.010988 6.000000
v 344.000000 32.000000 5.621341
v 346.000000 30.832245 6.000000
v 346.000000 32.000000 5.600480
v 348.000000 31.288198 6.000000
v 348.000000 32.000000 5.730393
v 350.000000 31.085882 6.000000
v 350.000000 32.000000 5.628136
v 352.000000 30.822796 6.000000
v 352.000000 32.000000 5.551043
v 354.000000 31.349367 6.000000
v 354.000000 32.000000 5.779466
v 355.264618 32.000000 6.000000
v 358.000000 32.000000 5.886282
v 357.029663 32.000000 6.000000
v 358.000000 31.586697 6.000000
v 360.000000 31.819183 6.000000
v 360.000000 32.000000 5.945083
v 0.000000 32.243938 6.000000
v 6.000000 33.162785 6.000000
v 8.000000 32.191673 6.000000
v 202.000000 34.000000 5.924222
v 201.728226 34.000000 6.000000
v 204.000000 34.000000 5.823679
v 205.088623 34.000000 6.000000
v 206.000000 33.516567 6.000000
v 208.000000 32.747753 6.000000
v 228.000000 32.204262 6.000000
v 230.000000 32.999405 6.000000
v 232.000000 33.765987 6.000000
v 234.000000 32.317333 6.000000
v 240.000000 33.724628 6.000000
v 242.000000 34.000000 5.759506
v 240.328705 34.000000 6.000000
v 244.000000 34.000000 5.668788
v 246.000000 34.000000 5.614261
v 248.000000 34.000000 5.625088
v 250.000000 34.000000 5.972237
v 250.239471 34.000000 6.000000
v 254.000000 32.180470 6.000000
v 256.000000 32.613403 6.000000
v 258.000000 33.153400 6.000000
v 260.000000 34.000000 5.867874
v 259.071106 34.000000 6.000000
v 262.000000 34.000000 5.459291
v 264.000000 34.000000 5.347243
v 266.000000 34.000000 5.624530
v 268.000000 34.000000 5.868731
v 270.000000 34.000000 5.871916
v 272.000000 34.000000 5.763265
v 274.000000 34.000000 5.630091
v 276.000000 34.000000 5.396067
v 278.000000 34.000000 5.464795
v 280.000000 34.000000 5.890038
v 281.255249 34.000000 6.000000
v 282.000000 33.349857 6.000000
v 284.000000 33.105778 6.000000
v 286.000000 33.775848 6.000000
v 288.000000 34.000000 5.940821
v 286.831909 34.000000 6.000000
v 290.000000 34.000000 5.853195
v 292.000000 34.000000 5.519811
v 294.000000 34.000000 5.367981
v 296.000000 34.000000 5.515853
v 298.000000 34.000000 5.641061
v 300.000000 34.000000 5.797389
v 302.000000 34.000000 5.986657
v 302.147491 34.000000 6.000000
v 304.000000 32.275177 6.000000
v 308.000000 34.000000 5.987170
v 307.893219 34.000000 6.000000
v 310.000000 34.000000 5.800588
v 312.000000 34.000000 5.915164
v 312.832336 34.000000 6.000000
v 314.000000 33.366840 6.000000
v 316.000000 33.027382 6.000000
v 318.000000 33.716911 6.000000
v 320.000000 34.000000 5.896049
v 318.583313 34.000000 6.000000
v 321.049744 34.000000 6.000000
v 322.000000 33.107445 6.000000
v 330.000000 34.000000 5.920191
v 329.466614 34.000000 6.000000
v 332.000000 34.000000 5.924219
v 334.000000 34.000000 5.906027
v 336.000000 34.000000 5.687152
v 338.000000 34.000000 5.693012
v 340.000000 34.000000 5.997543
v 340.030273 34.000000 6.000000
v 342.000000 32.974598 6.000000
v 344.000000 34.000000 5.917952
v 343.322235 34.000000 6.000000
v 346.000000 34.000000 5.997807
v 346.027039 34.000000 6.000000
v 348.000000 33.262554 6.000000
v 350.000000 33.574894 6.000000
v 352.000000 33.840508 6.000000
v 354.000000 32.772846 6.000000
v 358.000000 32.489761 6.000000
v 360.000000 32.243938 6.000000
v 202.000000 34.117287 6.000000
v 204.000000 34.272915 6.000000
v 242.000000 34.426956 6.000000
v 244.000000 34.595768 6.000000
v 246.000000 34.656704 6.000000
v 248.000000 34.606380 6.000000
v 250.000000 34.046013 6.000000
v 260.000000 34.229092 6.000000
v 262.000000 34.863411 6.000000
v 264.000000 35.079460 6.000000
v 266.000000 34.621433 6.000000
v 268.000000 34.210972 6.000000
v 270.000000 34.217316 6.000000
v 272.000000 34.416920 6.000000
v 274.000000 34.675438 6.000000
v 276.000000 35.045246 6.000000
v 278.000000 34.886314 6.000000
v 280.000000 34.198925 6.000000
v 288.000000 34.091888 6.000000
v 290.000000 34.243336 6.000000
v 292.000000 34.719788 6.000000
v 294.000000 35.031055 6.000000
v 296.000000 34.825592 6.000000
v 298.000000 34.567055 6.000000
v 300.000000 34.313942 6.000000
v 302.000000 34.021400 6.000000
v 308.000000 34.021320 6.000000
v 310.000000 34.318909 6.000000
v 312.000000 34.133862 6.000000
v 320.000000 34.171459 6.000000
v 330.000000 34.126396 6.000000
v 332.000000 34.109085 6.000000
v 334.000000 34.142136 6.000000
v 336.000000 34.508549 6.000000
v 338.000000 34.502022 6.000000
v 340.000000 34.004009 6.000000
v 344.000000 34.121239 6.000000
v 346.000000 34.003048 6.000000
v 266.000000 42.000000 5.976822
v 264.713196 42.000000 6.000000
v 266.000000 41.906254 6.000000
v 266.124664 42.000000 6.000000
v 272.000000 42.000000 5.983093
v 271.897919 42.000000 6.000000
v 272.000000 41.925465 6.000000
v 272.812073 42.000000 6.000000
v 288.000000 42.000000 5.944522
v 286.583191 42.000000 6.000000
v 288.000000 41.809723 6.000000
v 288.580597 42.000000 6.000000
v 292.000000 42.000000 5.892466
v 291.084778 42.000000 6.000000
v 292.000000 41.618748 6.000000
v 294.000000 40.388958 6.000000
v 294.000000 42.000000 5.558839
v 296.000000 40.826317 6.000000
v 296.000000 42.000000 5.623352
v 297.972412 42.000000 6.000000
v 266.000000 42.060177 6.000000
v 272.000000 42.038227 6.000000
v 288.000000 42.118362 6.000000
v 292.000000 42.247791 6.000000
v 294.000000 42.972958 6.000000
v 296.000000 42.860641 6.000000
v 66.000000 126.000000 5.811549
v 64.818741 126.000000 6.000000
v 66.000000 125.658501 6.000000
v 68.000000 125.652466 6.000000
v 68.000000 126.000000 5.801334
v 69.387238 126.000000 6.000000
v 82.000000 126.000000 5.716408
v 80.003311 126.000000 6.000000
v 82.000000 125.552460 6.000000
v 84.000000 125.513985 6.000000
v 84.000000 126.000000 5.693750
v 85.278793 126.000000 6.000000
v 92.000000 126.000000 5.888529
v 90.647781 126.000000 6.000000
v 92.000000 125.766167 6.000000
v 94.000000 125.421478 6.000000
v 94.000000 126.000000 5.727841
v 96.000000 125.030724 6.000000
v 96.000000 126.000000 5.553028
v 98.000000 125.197624 6.000000
v 98.000000 126.000000 5.590310
v 99.488823 126.000000 6.000000
v 112.000000 126.000000 5.829986
v 110.221237 126.000000 6.000000
v 112.000000 125.730019 6.000000
v 114.000000 125.850716 6.000000
v 114.000000 126.000000 5.915891
v 114.396957 126.000000 6.000000
v 62.000000 128.000000 5.850310
v 60.700584 128.000000 6.000000
v 62.000000 127.223305 6.000000
v 64.000000 126.674431 6.000000
v 64.000000 128.000000 5.758105
v 66.000000 128.000000 5.664696
v 68.000000 128.000000 5.601134
v 70.000000 126.919685 6.000000
v 70.000000 128.000000 5.899220
v 71.279236 128.000000 6.000000
v 74.000000 128.000000 5.956920
v 73.133667 128.000000 6.000000
v 74.000000 127.628098 6.000000
v 76.000000 127.615059 6.000000
v 76.000000 128.000000 5.971056
v 78.000000 127.820656 6.000000
v 78.000000 128.000000 5.982929
v 80.000000 126.002556 6.000000
v 80.000000 128.000000 5.673442
v 82.000000 128.000000 5.406210
v 84.000000 128.000000 5.542597
v 86.000000 127.228241 6.000000
v 86.000000 128.000000 5.896827
v 88.000000 127.433517 6.000000
v 88.000000 128.000000 5.901045
v 90.000000 126.680748 6.000000
v 90.000000 128.000000 5.894502
v 92.000000 128.000000 5.804206
v 94.000000 128.000000 5.644634
v 96.000000 128.000000 5.419925
v 98.000000 128.000000 5.416161
v 100.000000 126.879265 6.000000
v 100.000000 128.000000 5.824104
v 102.000000 126.869850 6.000000
v 102.000000 128.000000 5.813425
v 104.000000 126.676025 6.000000
v 104.000000 128.000000 5.896040
v 105.868668 128.000000 6.000000
v 108.000000 128.000000 5.978198
v 106.488274 128.000000 6.000000
v 108.000000 127.772522 6.000000
v 110.000000 126.135422 6.000000
v 110.000000 128.000000 5.749084
v 112.000000 128.000000 5.494728
v 114.000000 128.000000 5.566357
v 116.000000 127.453041 6.000000
v 116.000000 128.000000 5.887024
v 118.000000 127.882469 6.000000
v 118.000000 128.000000 5.975575
v 120.000000 127.110764 6.000000
v 120.000000 128.000000 5.818858
v 121.292297 128.000000 6.000000
v 128.000000 128.000000 5.766867
v 126.138496 128.000000 6.000000
v 128.000000 126.777100 6.000000
v 130.000000 127.774826 6.000000
v 130.000000 128.000000 5.946005
v 130.254242 128.000000 6.000000
v 62.000000 128.555405 6.000000
v 64.000000 128.771271 6.000000
v 66.000000 129.027237 6.000000
v 68.000000 129.402878 6.000000
v 70.000000 128.343918 6.000000
v 74.000000 128.140366 6.000000
v 76.000000 128.087250 6.000000
v 78.000000 128.046478 6.000000
v 80.000000 128.840866 6.000000
v 82.000000 129.509109 6.000000
v 84.000000 129.336594 6.000000
v 86.000000 128.302841 6.000000
v 88.000000 128.357407 6.000000
v 90.000000 128.349258 6.000000
v 92.000000 128.665314 6.000000
v 94.000000 129.108383 6.000000
v 96.000000 129.747543 6.000000
v 98.000000 129.835556 6.000000
v 100.000000 128.548050 6.000000
v 102.000000 128.606293 6.000000
v 104.000000 128.336609 6.000000
v 108.000000 128.059464 6.000000
v 110.000000 128.730301 6.000000
v 112.000000 129.531418 6.000000
v 114.000000 129.454422 6.000000
v 116.000000 128.369263 6.000000
v 118.000000 128.077423 6.000000
v 120.000000 128.558228 6.000000
v 128.000000 128.648285 6.000000
v 130.000000 128.174500 6.000000
v 6.000000 136.000000 5.985577
v 5.946774 136.000000 6.000000
v 6.000000 135.964600 6.000000
v 6.444276 136.000000 6.000000
v 66.000000 136.000000 5.917230
v 64.852654 136.000000 6.000000
v 66.000000 135.387756 6.000000
v 68.000000 135.459412 6.000000
v 68.000000 136.000000 5.949817
v 68.237808 136.000000 6.000000
v 82.000000 136.000000 5.980606
v 81.883629 136.000000 6.000000
v 82.000000 135.899216 6.000000
v 84.000000 135.549011 6.000000
v 84.000000 136.000000 5.935516
v 84.316719 136.000000 6.000000
v 96.000000 136.000000 5.693247
v 94.398026 136.000000 6.000000
v 96.000000 134.628708 6.000000
v 98.000000 134.804291 6.000000
v 98.000000 136.000000 5.725571
v 99.026497 136.000000 6.000000
v 156.000000 136.000000 5.965947
v 155.816330 136.000000 6.000000
v 156.000000 135.826294 6.000000
v 158.000000 135.616714 6.000000
v 158.000000 136.000000 5.887013
v 158.516373 136.000000 6.000000
v 172.000000 136.000000 5.655993
v 171.132248 136.000000 6.000000
v 172.000000 134.882599 6.000000
v 174.000000 134.712936 6.000000
v 174.000000 136.000000 5.634830
v 175.362335 136.000000 6.000000
v 186.000000 136.000000 5.854280
v 185.679245 136.000000 6.000000
v 186.000000 135.648010 6.000000
v 188.000000 135.276657 6.000000
v 188.000000 136.000000 5.736040
v 188.581818 136.000000 6.000000
v 262.000000 136.000000 5.826925
v 261.614319 136.000000 6.000000
v 262.000000 135.637741 6.000000
v 264.000000 135.543472 6.000000
v 264.000000 136.000000 5.751945
v 264.667480 136.000000 6.000000
v 352.000000 136.000000 5.980700
v 351.961609 136.000000 6.000000
v 352.000000 135.960175 6.000000
v 352.109161 136.000000 6.000000
v 6.000000 136.419724 6.000000
v 8.000000 137.367722 6.000000
v 8.000000 138.000000 5.976658
v 7.398649 138.000000 6.000000
v 8.105601 138.000000 6.000000
v 66.000000 138.000000 5.937477
v 65.195992 138.000000 6.000000
v 66.606979 138.000000 6.000000
v 68.000000 136.544662 6.000000
v 82.000000 138.000000 5.970298
v 81.882301 138.000000 6.000000
v 84.000000 138.000000 5.905193
v 84.516640 138.000000 6.000000
v 94.000000 138.000000 5.966183
v 93.814873 138.000000 6.000000
v 94.000000 137.415848 6.000000
v 96.000000 138.000000 5.807532
v 98.000000 138.000000 5.960920
v 98.179512 138.000000 6.000000
v 156.000000 138.000000 5.983668
v 155.900421 138.000000 6.000000
v 158.000000 138.000000 5.903137
v 158.365555 138.000000 6.000000
v 172.000000 138.000000 5.698929
v 171.189209 138.000000 6.000000
v 174.000000 138.000000 5.740196
v 174.766418 138.000000 6.000000
v 186.000000 138.000000 5.834414
v 185.625610 138.000000 6.000000
v 188.000000 138.000000 5.755310
v 188.514969 138.000000 6.000000
v 262.000000 138.000000 5.589364
v 261.172913 138.000000 6.000000
v 264.000000 138.000000 5.478222
v 265.264648 138.000000 6.000000
v 276.000000 138.000000 5.924692
v 275.832367 138.000000 6.000000
v 276.000000 137.268005 6.000000
v 278.000000 136.165787 6.000000
v 278.000000 138.000000 5.730155
v 278.613098 138.000000 6.000000
v 292.000000 138.000000 5.924404
v 291.774017 138.000000 6.000000
v 292.000000 137.436646 6.000000
v 293.565979 138.000000 6.000000
v 352.000000 138.000000 5.745139
v 351.460510 138.000000 6.000000
v 353.428650 138.000000 6.000000
v 8.000000 138.439209 6.000000
v 66.000000 138.508301 6.000000
v 82.000000 140.000000 5.943083
v 81.773880 140.000000 6.000000
v 84.000000 140.000000 5.810119
v 85.218292 140.000000 6.000000
v 94.000000 138.186371 6.000000
v 96.000000 139.861374 6.000000
v 98.000000 138.955154 6.000000
v 156.000000 138.588547 6.000000
v 158.000000 140.000000 5.979134
v 157.365356 140.000000 6.000000
v 158.081863 140.000000 6.000000
v 172.000000 140.000000 5.760870
v 171.324554 140.000000 6.000000
v 174.000000 140.000000 5.797236
v 174.667068 140.000000 6.000000
v 186.000000 140.000000 5.596750
v 185.015305 140.000000 6.000000
v 188.000000 140.000000 5.519738
v 189.011505 140.000000 6.000000
v 262.000000 140.000000 5.676730
v 261.234467 140.000000 6.000000
v 264.000000 140.000000 5.570091
v 265.087372 140.000000 6.000000
v 276.000000 140.000000 5.907104
v 275.767670 140.000000 6.000000
v 278.000000 140.000000 5.808249
v 278.502869 140.000000 6.000000
v 292.000000 139.091309 6.000000
v 352.000000 140.000000 5.965337
v 351.903473 140.000000 6.000000
v 352.267120 140.000000 6.000000
v 6.000000 142.000000 5.721210
v 4.844070 142.000000 6.000000
v 6.000000 140.574463 6.000000
v 8.000000 140.525742 6.000000
v 8.000000 142.000000 5.770319
v 9.033872 142.000000 6.000000
v 68.000000 142.000000 5.922226
v 66.787743 142.000000 6.000000
v 68.000000 141.441849 6.000000
v 68.499756 142.000000 6.000000
v 82.000000 142.000000 5.656263
v 80.584816 142.000000 6.000000
v 84.000000 142.000000 5.459232
v 86.000000 140.603012 6.000000
v 86.000000 142.000000 5.717781
v 87.558411 142.000000 6.000000
v 96.000000 142.000000 5.917594
v 95.470917 142.000000 6.000000
v 96.000000 140.287231 6.000000
v 98.000000 140.465393 6.000000
v 98.000000 142.000000 5.855366
v 98.652618 142.000000 6.000000
v 154.000000 142.000000 5.994216
v 153.893372 142.000000 6.000000
v 154.000000 141.966400 6.000000
v 156.000000 140.218704 6.000000
v 156.000000 142.000000 5.651215
v 158.000000 142.000000 5.570462
v 159.556992 142.000000 6.000000
v 172.000000 142.000000 5.652663
v 170.989258 142.000000 6.000000
v 174.000000 142.000000 5.539385
v 175.464127 142.000000 6.000000
v 186.000000 142.000000 5.358655
v 184.483932 142.000000 6.000000
v 188.000000 142.000000 5.228171
v 189.645477 142.000000 6.000000
v 202.000000 142.000000 5.676842
v 200.707047 142.000000 6.000000
v 202.000000 140.649551 6.000000
v 204.000000 141.307404 6.000000
v 204.000000 142.000000 5.789679
v 205.021118 142.000000 6.000000
v 246.000000 142.000000 5.858026
v 245.340042 142.000000 6.000000
v 246.000000 141.321045 6.000000
v 248.000000 140.712250 6.000000
v 248.000000 142.000000 5.718571
v 248.920868 142.000000 6.000000
v 262.000000 142.000000 5.574232
v 260.740875 142.000000 6.000000
v 264.000000 142.000000 5.475253
v 265.699799 142.000000 6.000000
v 276.000000 142.000000 5.587980
v 274.992096 142.000000 6.000000
v 278.000000 142.000000 5.588500
v 279.099396 142.000000 6.000000
v 292.000000 142.000000 5.888485
v 291.599762 142.000000 6.000000
v 292.000000 140.720123 6.000000
v 294.000000 140.056625 6.000000
v 294.000000 142.000000 5.854904
v 294.999908 142.000000 6.000000
v 352.000000 142.000000 5.747967
v 351.270996 142.000000 6.000000
v 354.000000 141.357620 6.000000
v 354.000000 142.000000 5.900164
v 354.380157 142.000000 6.000000
v 6.000000 144.000000 5.420443
v 4.088929 144.000000 6.000000
v 8.000000 144.000000 5.541840
v 9.529691 144.000000 6.000000
v 68.000000 144.000000 5.904602
v 66.673729 144.000000 6.000000
v 68.555992 144.000000 6.000000
v 82.000000 144.000000 5.972699
v 81.857864 144.000000 6.000000
v 84.000000 144.000000 5.732976
v 85.567871 144.000000 6.000000
v 86.000000 143.596512 6.000000
v 96.000000 144.000000 5.888730
v 95.255341 144.000000 6.000000
v 98.000000 144.000000 5.849081
v 98.497688 144.000000 6.000000
v 154.000000 142.046066 6.000000
v 156.000000 144.000000 5.844362
v 155.198761 144.000000 6.000000
v 158.000000 144.000000 5.670434
v 159.270889 144.000000 6.000000
v 172.000000 144.000000 5.573999
v 170.870132 144.000000 6.000000
v 174.000000 144.000000 5.410825
v 175.706635 144.000000 6.000000
v 186.000000 144.000000 5.731472
v 185.266708 144.000000 6.000000
v 188.000000 144.000000 5.407739
v 189.360260 144.000000 6.000000
v 202.000000 144.000000 5.556422
v 200.682953 144.000000 6.000000
v 204.000000 144.000000 5.597572
v 205.574860 144.000000 6.000000
v 246.000000 144.000000 5.822186
v 245.321609 144.000000 6.000000
v 248.000000 144.000000 5.644819
v 249.081085 144.000000 6.000000
v 262.000000 144.000000 5.458402
v 260.703461 144.000000 6.000000
v 264.000000 144.000000 5.426468
v 266.000000 143.937149 6.000000
v 266.000000 144.000000 5.996616
v 266.022278 144.000000 6.000000
v 276.000000 144.000000 5.477365
v 274.766174 144.000000 6.000000
v 278.000000 144.000000 5.493097
v 279.183746 144.000000 6.000000
v 292.000000 144.000000 5.630722
v 290.940643 144.000000 6.000000
v 294.000000 144.000000 5.726116
v 295.226288 144.000000 6.000000
v 336.000000 144.000000 5.853277
v 335.443176 144.000000 6.000000
v 336.000000 143.192184 6.000000
v 338.000000 142.944839 6.000000
v 338.000000 144.000000 5.781728
v 338.869049 144.000000 6.000000
v 352.000000 144.000000 5.516011
v 350.603790 144.000000 6.000000
v 354.000000 144.000000 5.851482
v 354.435913 144.000000 6.000000
v 6.000000 145.321762 6.000000
v 8.000000 145.067871 6.000000
v 68.000000 144.399841 6.000000
v 82.000000 144.087341 6.000000
v 84.000000 144.733307 6.000000
v 96.000000 144.523117 6.000000
v 98.000000 144.652740 6.000000
v 156.000000 144.384567 6.000000
v 158.000000 144.829742 6.000000
v 172.000000 145.694565 6.000000
v 174.000000 146.000000 5.806767
v 172.626495 146.000000 6.000000
v 174.500977 146.000000 6.000000
v 186.000000 144.822098 6.000000
v 188.000000 145.844208 6.000000
v 202.000000 145.301620 6.000000
v 204.000000 145.181213 6.000000
v 246.000000 144.543579 6.000000
v 248.000000 145.319336 6.000000
v 262.000000 146.000000 5.926200
v 261.830170 146.000000 6.000000
v 264.000000 146.000000 5.794279
v 264.590729 146.000000 6.000000
v 266.000000 144.013519 6.000000
v 276.000000 145.771912 6.000000
v 278.000000 146.000000 5.959305
v 277.263367 146.000000 6.000000
v 278.109589 146.000000 6.000000
v 292.000000 146.000000 5.967109
v 291.912354 146.000000 6.000000
v 292.570648 146.000000 6.000000
v 294.000000 145.531067 6.000000
v 336.000000 144.587570 6.000000
v 338.000000 144.853409 6.000000
v 352.000000 145.276108 6.000000
v 354.000000 144.375626 6.000000
v 174.000000 146.590912 6.000000
v 262.000000 146.344116 6.000000
v 264.000000 147.008316 6.000000
v 278.000000 146.215958 6.000000
v 292.000000 146.150497 6.000000
v 6.000000 150.000000 5.790559
v 5.231045 150.000000 6.000000
v 6.000000 149.611969 6.000000
v 8.000000 149.798096 6.000000
v 8.000000 150.000000 5.889920
v 8.373311 150.000000 6.000000
v 84.000000 150.000000 5.955283
v 83.290604 150.000000 6.000000
v 84.000000 149.912003 6.000000
v 84.216835 150.000000 6.000000
v 96.000000 150.000000 5.714086
v 94.651711 150.000000 6.000000
v 96.000000 149.368805 6.000000
v 98.000000 149.882202 6.000000
v 98.000000 150.000000 5.951794
v 98.171249 150.000000 6.000000
v 172.000000 150.000000 5.893954
v 171.645615 150.000000 6.000000
v 172.000000 149.739594 6.000000
v 174.000000 149.295090 6.000000
v 174.000000 150.000000 5.750680
v 174.938080 150.000000 6.000000
v 188.000000 150.000000 5.647693
v 186.133118 150.000000 6.000000
v 188.000000 149.101532 6.000000
v 188.832611 150.000000 6.000000
v 202.000000 150.000000 5.970342
v 201.888275 150.000000 6.000000
v 202.000000 149.929459 6.000000
v 202.295654 150.000000 6.000000
v 248.000000 150.000000 5.951505
v 247.680099 150.000000 6.000000
v 248.000000 149.841599 6.000000
v 248.181320 150.000000 6.000000
v 262.000000 150.000000 5.541203
v 260.976562 150.000000 6.000000
v 262.000000 148.825546 6.000000
v 264.000000 148.534668 6.000000
v 264.000000 150.000000 5.462030
v 265.502960 150.000000 6.000000
v 276.000000 150.000000 5.768497
v 275.385864 150.000000 6.000000
v 276.000000 149.345901 6.000000
v 278.000000 149.043579 6.000000
v 278.000000 150.000000 5.681167
v 278.810486 150.000000 6.000000
v 292.000000 150.000000 5.780129
v 291.341339 150.000000 6.000000
v 292.000000 149.299149 6.000000
v 294.000000 149.548462 6.000000
v 294.000000 150.000000 5.857890
v 294.716217 150.000000 6.000000
v 352.000000 150.000000 5.917207
v 351.710358 150.000000 6.000000
v 352.000000 149.823196 6.000000
v 352.484344 150.000000 6.000000
v 0.000000 152.000000 5.483591
v 2.000000 151.145584 6.000000
v 2.000000 152.000000 5.646576
v 0.000000 150.936157 6.000000
v 4.000000 150.754807 6.000000
v 4.000000 152.000000 5.465310
v 6.000000 152.000000 4.803571
v 8.000000 152.000000 4.909126
v 10.000000 151.068115 6.000000
v 10.000000 152.000000 5.584403
v 12.000000 151.462631 6.000000
v 12.000000 152.000000 5.724615
v 14.000000 150.958237 6.000000
v 14.000000 152.000000 5.397433
v 16.000000 151.185608 6.000000
v 16.000000 152.000000 5.597107
v 18.000000 151.701752 6.000000
v 18.000000 152.000000 5.859849
v 20.000000 151.085236 6.000000
v 20.000000 152.000000 5.587050
v 22.000000 150.671707 6.000000
v 22.000000 152.000000 5.375216
v 24.000000 151.569901 6.000000
v 24.000000 152.000000 5.805311
v 25.709021 152.000000 6.000000
v 28.000000 152.000000 5.716450
v 26.204443 152.000000 6.000000
v 28.000000 151.394455 6.000000
v 30.000000 150.961044 6.000000
v 30.000000 152.000000 5.518993
v 32.000000 151.767990 6.000000
v 32.000000 152.000000 5.905576
v 33.253437 152.000000 6.000000
v 36.000000 152.000000 5.716355
v 34.312145 152.000000 6.000000
v 36.000000 151.390884 6.000000
v 38.000000 150.817627 6.000000
v 38.000000 152.000000 5.393562
v 40.000000 150.831024 6.000000
v 40.000000 152.000000 5.380651
v 42.000000 151.369843 6.000000
v 42.000000 152.000000 5.712499
v 44.000000 151.530182 6.000000
v 44.000000 152.000000 5.785983
v 46.000000 151.491013 6.000000
v 46.000000 152.000000 5.760361
v 48.000000 151.020340 6.000000
v 48.000000 152.000000 5.497672
v 50.000000 150.901291 6.000000
v 50.000000 152.000000 5.459134
v 52.000000 150.921860 6.000000
v 52.000000 152.000000 5.535970
v 53.992031 152.000000 6.000000
v 58.000000 152.000000 5.804859
v 56.977482 152.000000 6.000000
v 58.000000 151.623886 6.000000
v 60.000000 150.900635 6.000000
v 60.000000 152.000000 5.444304
v 62.000000 150.897186 6.000000
v 62.000000 152.000000 5.534256
v 64.000000 150.669128 6.000000
v 64.000000 152.000000 5.469159
v 66.000000 150.217880 6.000000
v 66.000000 152.000000 5.241839
v 68.000000 150.387482 6.000000
v 68.000000 152.000000 5.312187
v 70.000000 151.124039 6.000000
v 70.000000 152.000000 5.657231
v 72.000000 151.498428 6.000000
v 72.000000 152.000000 5.804058
v 74.000000 151.225601 6.000000
v 74.000000 152.000000 5.682631
v 76.000000 151.268936 6.000000
v 76.000000 152.000000 5.676978
v 78.000000 151.138824 6.000000
v 78.000000 152.000000 5.628691
v 80.000000 150.891998 6.000000
v 80.000000 152.000000 5.476502
v 82.000000 150.141861 6.000000
v 82.000000 152.000000 5.208257
v 84.000000 152.000000 5.248184
v 86.000000 150.687103 6.000000
v 86.000000 152.000000 5.396820
v 88.000000 151.127838 6.000000
v 88.000000 152.000000 5.521060
v 90.000000 150.992783 6.000000
v 90.000000 152.000000 5.484242
v 92.000000 150.678574 6.000000
v 92.000000 152.000000 5.397933
v 94.000000 150.231262 6.000000
v 94.000000 152.000000 5.075943
v 96.000000 152.000000 4.819150
v 98.000000 152.000000 4.937788
v 100.000000 150.869614 6.000000
v 100.000000 152.000000 5.406126
v 102.000000 151.225296 6.000000
v 102.000000 152.000000 5.580969
v 104.000000 150.951431 6.000000
v 104.000000 152.000000 5.474217
v 106.000000 150.996048 6.000000
v 106.000000 152.000000 5.499566
v 108.000000 151.296722 6.000000
v 108.000000 152.000000 5.672336
v 110.000000 150.976578 6.000000
v 110.000000 152.000000 5.562992
v 112.000000 150.582275 6.000000
v 112.000000 152.000000 5.462980
v 114.000000 150.584457 6.000000
v 114.000000 152.000000 5.454735
v 116.000000 151.183228 6.000000
v 116.000000 152.000000 5.588099
v 118.000000 151.279373 6.000000
v 118.000000 152.000000 5.595374
v 120.000000 150.845825 6.000000
v 120.000000 152.000000 5.375747
v 122.000000 151.106781 6.000000
v 122.000000 152.000000 5.559138
v 124.000000 151.564636 6.000000
v 124.000000 152.000000 5.760148
v 126.000000 151.031662 6.000000
v 126.000000 152.000000 5.417303
v 128.000000 150.712952 6.000000
v 128.000000 152.000000 5.230536
v 130.000000 150.801895 6.000000
v 130.000000 152.000000 5.332245
v 132.000000 151.285400 6.000000
v 132.000000 152.000000 5.620394
v 134.000000 151.790314 6.000000
v 134.000000 152.000000 5.888672
v 136.000000 151.945358 6.000000
v 136.000000 152.000000 5.974112
v 138.000000 151.251999 6.000000
v 138.000000 152.000000 5.640275
v 140.000000 150.862381 6.000000
v 140.000000 152.000000 5.421350
v 142.000000 150.619125 6.000000
v 142.000000 152.000000 5.309101
v 144.000000 150.923325 6.000000
v 144.000000 152.000000 5.546870
v 146.000000 151.491776 6.000000
v 146.000000 152.000000 5.807940
v 148.000000 151.440765 6.000000
v 148.000000 152.000000 5.775070
v 150.000000 151.118347 6.000000
v 150.000000 152.000000 5.625753
v 152.000000 151.694305 6.000000
v 152.000000 152.000000 5.876906
v 154.000000 151.601944 6.000000
v 154.000000 152.000000 5.844859
v 156.000000 150.803833 6.000000
v 156.000000 152.000000 5.554647
v 158.000000 150.373825 6.000000
v 158.000000 152.000000 5.352128
v 160.000000 151.180954 6.000000
v 160.000000 152.000000 5.660278
v 162.000000 151.848022 6.000000
v 162.000000 152.000000 5.935054
v 164.000000 151.801392 6.000000
v 164.000000 152.000000 5.903700
v 166.000000 151.221085 6.000000
v 166.000000 152.000000 5.588018
v 168.000000 151.472321 6.000000
v 168.000000 152.000000 5.754011
v 170.000000 150.932083 6.000000
v 170.000000 152.000000 5.510161
v 172.000000 152.000000 4.912719
v 174.000000 152.000000 4.812739
v 176.000000 150.630493 6.000000
v 176.000000 152.000000 5.432738
v 178.000000 150.998047 6.000000
v 178.000000 152.000000 5.541447
v 180.000000 150.891052 6.000000
v 180.000000 152.000000 5.455662
v 182.000000 151.589493 6.000000
v 182.000000 152.000000 5.800740
v 184.000000 151.615021 6.000000
v 184.000000 152.000000 5.811139
v 186.000000 150.054413 6.000000
v 186.000000 152.000000 5.176635
v 188.000000 152.000000 4.848573
v 190.000000 150.908722 6.000000
v 190.000000 152.000000 5.449945
v 191.853699 152.000000 6.000000
v 194.000000 152.000000 5.917413
v 192.717926 152.000000 6.000000
v 194.000000 151.839035 6.000000
v 194.928040 152.000000 6.000000
v 200.000000 152.000000 5.496284
v 198.397171 152.000000 6.000000
v 200.000000 150.938309 6.000000
v 202.000000 152.000000 5.010423
v 204.000000 150.288055 6.000000
v 204.000000 152.000000 5.121004
v 206.000000 151.202057 6.000000
v 206.000000 152.000000 5.610875
v 208.000000 151.085617 6.000000
v 208.000000 152.000000 5.574030
v 210.000000 150.890701 6.000000
v 210.000000 152.000000 5.422153
v 212.000000 151.590836 6.000000
v 212.000000 152.000000 5.782503
v 212.670532 152.000000 6.000000
v 218.000000 152.000000 5.679231
v 217.037918 152.000000 6.000000
v 218.000000 151.220001 6.000000
v 220.000000 151.007828 6.000000
v 220.000000 152.000000 5.523358
v 221.449982 152.000000 6.000000
v 230.000000 152.000000 5.407566
v 228.533890 152.000000 6.000000
v 230.000000 150.853714 6.000000
v 232.000000 150.763779 6.000000
v 232.000000 152.000000 5.333929
v 234.000000 151.816147 6.000000
v 234.000000 152.000000 5.903013
v 234.487396 152.000000 6.000000
v 240.000000 152.000000 5.560449
v 238.061646 152.000000 6.000000
v 240.000000 151.049316 6.000000
v 242.000000 151.185837 6.000000
v 242.000000 152.000000 5.609767
v 244.000000 151.310684 6.000000
v 244.000000 152.000000 5.663756
v 246.000000 150.449539 6.000000
v 246.000000 152.000000 5.202941
v 248.000000 152.000000 4.969350
v 250.000000 150.966385 6.000000
v 250.000000 152.000000 5.513277
v 251.578415 152.000000 6.000000
v 256.000000 152.000000 5.867683
v 254.715714 152.000000 6.000000
v 256.000000 151.720001 6.000000
v 258.000000 151.912888 6.000000
v 258.000000 152.000000 5.956624
v 260.000000 150.909073 6.000000
v 260.000000 152.000000 5.450214
v 262.000000 152.000000 4.572722
v 264.000000 152.000000 4.513789
v 266.000000 150.345749 6.000000
v 266.000000 152.000000 5.167717
v 268.000000 150.782730 6.000000
v 268.000000 152.000000 5.390338
v 270.000000 150.858063 6.000000
v 270.000000 152.000000 5.400984
v 272.000000 151.653122 6.000000
v 272.000000 152.000000 5.826263
v 274.000000 151.229553 6.000000
v 274.000000 152.000000 5.656282
v 276.000000 152.000000 4.846011
v 278.000000 152.000000 4.711220
v 280.000000 150.939392 6.000000
v 280.000000 152.000000 5.470117
v 282.000000 151.874954 6.000000
v 282.000000 152.000000 5.942829
v 284.000000 151.921631 6.000000
v 284.000000 152.000000 5.964416
v 284.249634 152.000000 6.000000
v 290.000000 152.000000 5.568337
v 288.806549 152.000000 6.000000
v 290.000000 151.029160 6.000000
v 292.000000 152.000000 4.803856
v 294.000000 152.000000 4.872023
v 296.000000 150.472870 6.000000
v 296.000000 152.000000 5.220748
v 298.000000 150.559921 6.000000
v 298.000000 152.000000 5.275727
v 300.000000 150.925110 6.000000
v 300.000000 152.000000 5.475476
v 301.398254 152.000000 6.000000
v 308.000000 152.000000 5.484409
v 306.182556 152.000000 6.000000
v 308.000000 150.949753 6.000000
v 310.000000 150.888733 6.000000
v 310.000000 152.000000 5.432129
v 311.564972 152.000000 6.000000
v 320.000000 152.000000 5.430584
v 318.138977 152.000000 6.000000
v 320.000000 150.860184 6.000000
v 322.000000 151.377563 6.000000
v 322.000000 152.000000 5.713379
v 322.887848 152.000000 6.000000
v 328.000000 152.000000 5.795870
v 327.361755 152.000000 6.000000
v 328.000000 151.622620 6.000000
v 330.000000 150.850311 6.000000
v 330.000000 152.000000 5.334665
v 332.000000 151.305862 6.000000
v 332.000000 152.000000 5.625049
v 334.000000 151.253525 6.000000
v 334.000000 152.000000 5.607606
v 336.000000 150.092148 6.000000
v 336.000000 152.000000 4.966135
v 338.000000 150.015305 6.000000
v 338.000000 152.000000 4.782228
v 340.000000 150.688599 6.000000
v 340.000000 152.000000 5.141879
v 342.000000 151.089417 6.000000
v 342.000000 152.000000 5.406120
v 344.000000 150.973282 6.000000
v 344.000000 152.000000 5.313767
v 346.000000 151.166855 6.000000
v 346.000000 152.000000 5.441726
v 348.000000 151.647629 6.000000
v 348.000000 152.000000 5.782712
v 350.000000 150.872604 6.000000
v 350.000000 152.000000 5.404841
v 352.000000 152.000000 4.858171
v 354.000000 150.570099 6.000000
v 354.000000 152.000000 5.349886
v 355.658356 152.000000 6.000000
v 358.000000 152.000000 5.967788
v 357.630493 152.000000 6.000000
v 358.000000 151.921219 6.000000
v 360.000000 150.936157 6.000000
v 360.000000 152.000000 5.483591
v 0.000000 153.413910 6.000000
v 2.000000 153.089630 6.000000
v 4.000000 153.567856 6.000000
v 6.000000 154.000000 5.493461
v 4.494963 154.000000 6.000000
v 8.000000 154.000000 5.613064
v 9.065624 154.000000 6.000000
v 10.000000 153.135300 6.000000
v 12.000000 152.806793 6.000000
v 14.000000 153.676254 6.000000
v 16.000000 153.162292 6.000000
v 18.000000 152.419098 6.000000
v 20.000000 153.540878 6.000000
v 22.000000 153.994873 6.000000
v 24.000000 152.727722 6.000000
v 28.000000 152.940933 6.000000
v 30.000000 153.560059 6.000000
v 32.000000 152.352036 6.000000
v 36.000000 152.896423 6.000000
v 38.000000 154.000000 5.951814
v 37.772152 154.000000 6.000000
v 39.402020 154.000000 6.000000
v 40.000000 153.939636 6.000000
v 42.000000 152.989792 6.000000
v 44.000000 152.793915 6.000000
v 46.000000 152.982452 6.000000
v 48.000000 153.842026 6.000000
v 50.000000 154.000000 5.968863
v 49.179005 154.000000 6.000000
v 50.483940 154.000000 6.000000
v 52.000000 153.674850 6.000000
v 58.000000 152.847504 6.000000
v 60.000000 153.936584 6.000000
v 62.000000 154.000000 5.947575
v 60.543083 154.000000 6.000000
v 64.000000 154.000000 5.823167
v 66.000000 154.000000 5.722777
v 68.000000 154.000000 5.753924
v 69.292030 154.000000 6.000000
v 70.000000 153.463928 6.000000
v 72.000000 152.810104 6.000000
v 74.000000 153.128555 6.000000
v 76.000000 153.092194 6.000000
v 78.000000 153.099548 6.000000
v 80.000000 153.761765 6.000000
v 82.000000 154.000000 5.729615
v 80.451027 154.000000 6.000000
v 84.000000 154.000000 5.872545
v 85.859642 154.000000 6.000000
v 86.000000 153.971207 6.000000
v 88.000000 153.676849 6.000000
v 90.000000 153.948990 6.000000
v 92.000000 153.945633 6.000000
v 94.000000 154.000000 5.689832
v 92.106956 154.000000 6.000000
v 96.000000 154.000000 5.340882
v 98.000000 154.000000 5.493907
v 99.884499 154.000000 6.000000
v 100.000000 153.897583 6.000000
v 102.000000 153.303635 6.000000
v 104.000000 153.801865 6.000000
v 106.000000 153.557281 6.000000
v 108.000000 153.072372 6.000000
v 110.000000 153.498749 6.000000
v 112.000000 154.000000 5.949271
v 111.513702 154.000000 6.000000
v 114.000000 154.000000 5.983262
v 114.131882 154.000000 6.000000
v 116.000000 153.281525 6.000000
v 118.000000 153.163559 6.000000
v 120.000000 153.822449 6.000000
v 122.000000 153.324951 6.000000
v 124.000000 152.733261 6.000000
v 126.000000 153.471176 6.000000
v 128.000000 154.000000 5.897550
v 127.392029 154.000000 6.000000
v 130.000000 154.000000 5.996346
v 130.025009 154.000000 6.000000
v 132.000000 153.181854 6.000000
v 134.000000 152.361572 6.000000
v 136.000000 152.088760 6.000000
v 138.000000 153.105560 6.000000
v 140.000000 153.839249 6.000000
v 142.000000 154.000000 5.909490
v 140.765244 154.000000 6.000000
v 142.682785 154.000000 6.000000
v 144.000000 153.489151 6.000000
v 146.000000 152.598969 6.000000
v 148.000000 152.796082 6.000000
v 150.000000 153.288239 6.000000
v 152.000000 152.414658 6.000000
v 154.000000 152.540848 6.000000
v 156.000000 153.574203 6.000000
v 158.000000 154.000000 5.894141
v 157.078461 154.000000 6.000000
v 158.730804 154.000000 6.000000
v 160.000000 153.318420 6.000000
v 162.000000 152.234314 6.000000
v 164.000000 152.275528 6.000000
v 166.000000 153.152786 6.000000
v 168.000000 152.725601 6.000000
v 170.000000 153.631332 6.000000
v 172.000000 154.000000 5.506588
v 170.380569 154.000000 6.000000
v 174.000000 154.000000 5.405782
v 175.850754 154.000000 6.000000
v 176.000000 153.855286 6.000000
v 178.000000 153.550293 6.000000
v 180.000000 153.628220 6.000000
v 182.000000 152.568130 6.000000
v 184.000000 152.527130 6.000000
v 186.000000 154.000000 5.806282
v 185.497452 154.000000 6.000000
v 188.000000 154.000000 5.406724
v 189.686905 154.000000 6.000000
v 190.000000 153.691650 6.000000
v 194.000000 152.222137 6.000000
v 200.000000 154.000000 5.995987
v 199.988235 154.000000 6.000000
v 202.000000 154.000000 5.570066
v 204.000000 154.000000 5.791002
v 204.847687 154.000000 6.000000
v 206.000000 153.222961 6.000000
v 208.000000 153.403259 6.000000
v 210.000000 153.837158 6.000000
v 212.000000 152.778519 6.000000
v 218.000000 153.099548 6.000000
v 220.000000 153.634140 6.000000
v 230.000000 153.938507 6.000000
v 232.000000 154.000000 5.946753
v 230.564682 154.000000 6.000000
v 232.173767 154.000000 6.000000
v 234.000000 152.290619 6.000000
v 240.000000 153.644424 6.000000
v 242.000000 153.507858 6.000000
v 244.000000 153.177444 6.000000
v 246.000000 154.000000 5.737579
v 244.944778 154.000000 6.000000
v 248.000000 154.000000 5.410151
v 249.846756 154.000000 6.000000
v 250.000000 153.809479 6.000000
v 256.000000 152.469330 6.000000
v 258.000000 152.138809 6.000000
v 260.000000 153.682465 6.000000
v 262.000000 154.000000 5.124069
v 260.195679 154.000000 6.000000
v 264.000000 154.000000 5.099245
v 266.000000 154.000000 5.854875
v 267.161255 154.000000 6.000000
v 268.000000 153.724289 6.000000
v 270.000000 153.787201 6.000000
v 272.000000 152.686188 6.000000
v 274.000000 153.301437 6.000000
v 276.000000 154.000000 5.336952
v 274.390564 154.000000 6.000000
v 278.000000 154.000000 5.164727
v 279.812073 154.000000 6.000000
v 280.000000 153.691162 6.000000
v 282.000000 152.179214 6.000000
v 284.000000 152.137131 6.000000
v 290.000000 153.816467 6.000000
v 292.000000 154.000000 5.313931
v 290.107849 154.000000 6.000000
v 294.000000 154.000000 5.387149
v 296.000000 154.000000 5.794892
v 298.000000 154.000000 5.848968
v 300.000000 154.000000 5.990615
v 300.029083 154.000000 6.000000
v 308.000000 154.000000 5.891639
v 307.631470 154.000000 6.000000
v 310.000000 154.000000 5.971893
v 310.065033 154.000000 6.000000
v 320.000000 154.000000 5.997441
v 319.992096 154.000000 6.000000
v 320.023987 154.000000 6.000000
v 322.000000 153.159164 6.000000
v 328.000000 152.692596 6.000000
v 330.000000 153.909851 6.000000
v 332.000000 153.154922 6.000000
v 334.000000 153.296387 6.000000
v 336.000000 154.000000 5.544715
v 334.621307 154.000000 6.000000
v 338.000000 154.000000 5.511117
v 340.000000 154.000000 5.952863
v 340.464996 154.000000 6.000000
v 342.000000 153.611923 6.000000
v 344.000000 153.471542 6.000000
v 346.000000 153.344147 6.000000
v 348.000000 152.568542 6.000000
v 350.000000 153.814209 6.000000
v 352.000000 154.000000 5.484577
v 350.230255 154.000000 6.000000
v 353.917572 154.000000 6.000000
v 354.000000 153.936325 6.000000
v 358.000000 152.092239 6.000000
v 360.000000 153.413910 6.000000
v 6.000000 156.000000 5.831377
v 5.109689 156.000000 6.000000
v 8.000000 156.000000 5.977081
v 8.095044 156.000000 6.000000
v 38.000000 154.161255 6.000000
v 50.000000 154.117783 6.000000
v 62.000000 154.148621 6.000000
v 64.000000 154.509384 6.000000
v 66.000000 155.020599 6.000000
v 68.000000 154.976212 6.000000
v 82.000000 156.000000 5.905133
v 81.645615 156.000000 6.000000
v 84.000000 156.000000 5.941801
v 84.305336 156.000000 6.000000
v 94.000000 155.094025 6.000000
v 96.000000 156.000000 5.827379
v 95.205719 156.000000 6.000000
v 98.000000 156.000000 5.988012
v 98.041740 156.000000 6.000000
v 112.000000 154.561432 6.000000
v 114.000000 154.180496 6.000000
v 128.000000 154.384094 6.000000
v 130.000000 154.013016 6.000000
v 142.000000 154.404953 6.000000
v 158.000000 154.508972 6.000000
v 172.000000 156.000000 5.828381
v 171.484192 156.000000 6.000000
v 174.000000 156.000000 5.788009
v 174.873520 156.000000 6.000000
v 186.000000 155.091370 6.000000
v 188.000000 156.000000 5.647797
v 186.612823 156.000000 6.000000
v 188.780502 156.000000 6.000000
v 200.000000 154.012375 6.000000
v 202.000000 155.422806 6.000000
v 204.000000 154.922760 6.000000
v 232.000000 154.170639 6.000000
v 246.000000 154.950226 6.000000
v 248.000000 155.967255 6.000000
v 262.000000 156.000000 5.642854
v 261.171478 156.000000 6.000000
v 264.000000 156.000000 5.630537
v 264.869476 156.000000 6.000000
v 266.000000 154.456940 6.000000
v 276.000000 156.000000 5.728750
v 275.365356 156.000000 6.000000
v 278.000000 156.000000 5.559416
v 278.902802 156.000000 6.000000
v 292.000000 156.000000 5.892367
v 291.678528 156.000000 6.000000
v 294.000000 156.000000 5.991091
v 294.045685 156.000000 6.000000
v 296.000000 154.724655 6.000000
v 298.000000 154.406097 6.000000
v 300.000000 154.029785 6.000000
v 308.000000 154.353119 6.000000
v 310.000000 154.089890 6.000000
v 320.000000 154.007919 6.000000
v 336.000000 155.457855 6.000000
v 338.000000 155.380692 6.000000
v 340.000000 154.109894 6.000000
v 352.000000 155.873245 6.000000
v 0.000000 158.000000 5.795424
v 2.000000 157.456665 6.000000
v 2.000000 158.000000 5.856067
v 0.000000 157.306381 6.000000
v 4.000000 156.660965 6.000000
v 4.000000 158.000000 5.636651
v 6.000000 158.000000 5.254942
v 8.000000 158.000000 5.330126
v 10.000000 157.170898 6.000000
v 10.000000 158.000000 5.724772
v 11.757035 158.000000 6.000000
v 22.000000 158.000000 5.966437
v 20.875200 158.000000 6.000000
v 22.000000 157.891922 6.000000
v 22.291214 158.000000 6.000000
v 52.000000 158.000000 5.815843
v 50.034157 158.000000 6.000000
v 52.000000 157.437729 6.000000
v 52.958160 158.000000 6.000000
v 66.000000 158.000000 5.904991
v 65.075241 158.000000 6.000000
v 66.000000 157.470230 6.000000
v 68.000000 157.057663 6.000000
v 68.000000 158.000000 5.766662
v 69.583336 158.000000 6.000000
v 80.000000 158.000000 5.969539
v 79.807983 158.000000 6.000000
v 80.000000 157.866089 6.000000
v 82.000000 158.000000 5.375121
v 84.000000 158.000000 5.204886
v 86.000000 157.011292 6.000000
v 86.000000 158.000000 5.687268
v 88.000000 157.917358 6.000000
v 88.000000 158.000000 5.977056
v 88.175491 158.000000 6.000000
v 94.000000 158.000000 5.829068
v 92.752541 158.000000 6.000000
v 94.000000 157.173431 6.000000
v 96.000000 158.000000 5.502196
v 98.000000 158.000000 5.521161
v 99.681938 158.000000 6.000000
v 110.000000 158.000000 5.923895
v 109.640404 158.000000 6.000000
v 110.000000 157.679871 6.000000
v 112.000000 156.593231 6.000000
v 112.000000 158.000000 5.655280
v 114.000000 156.665283 6.000000
v 114.000000 158.000000 5.618176
v 116.000000 157.657791 6.000000
v 116.000000 158.000000 5.883191
v 117.268311 158.000000 6.000000
v 128.000000 158.000000 5.877546
v 127.376472 158.000000 6.000000
v 128.000000 157.558533 6.000000
v 129.782013 158.000000 6.000000
v 140.000000 158.000000 5.935877
v 139.567245 158.000000 6.000000
v 140.000000 157.765381 6.000000
v 142.000000 157.270477 6.000000
v 142.000000 158.000000 5.808364
v 144.000000 157.562454 6.000000
v 144.000000 158.000000 5.878584
v 145.210831 158.000000 6.000000
v 156.000000 158.000000 5.772338
v 154.667389 158.000000 6.000000
v 156.000000 157.178177 6.000000
v 158.000000 156.994888 6.000000
v 158.000000 158.000000 5.701132
v 159.580215 158.000000 6.000000
v 172.000000 158.000000 5.433576
v 170.290741 158.000000 6.000000
v 174.000000 158.000000 5.268078
v 176.000000 156.812897 6.000000
v 176.000000 158.000000 5.640153
v 178.000000 157.993057 6.000000
v 178.000000 158.000000 5.998241
v 178.024139 158.000000 6.000000
v 186.000000 158.000000 5.612738
v 185.058014 158.000000 6.000000
v 186.000000 156.567490 6.000000
v 188.000000 158.000000 5.206495
v 189.725327 158.000000 6.000000
v 202.000000 158.000000 5.569541
v 200.625549 158.000000 6.000000
v 202.000000 156.561386 6.000000
v 204.000000 156.685455 6.000000
v 204.000000 158.000000 5.581717
v 206.000000 157.828720 6.000000
v 206.000000 158.000000 5.940413
v 208.000000 157.793594 6.000000
v 208.000000 158.000000 5.924822
v 210.000000 157.831985 6.000000
v 210.000000 158.000000 5.954413
v 210.166443 158.000000 6.000000
v 246.000000 158.000000 5.639392
v 244.825470 158.000000 6.000000
v 246.000000 156.891571 6.000000
v 248.000000 156.032227 6.000000
v 248.000000 158.000000 5.378278
v 249.706909 158.000000 6.000000
v 262.000000 158.000000 5.196100
v 260.089386 158.000000 6.000000
v 264.000000 158.000000 5.191889
v 266.000000 157.800644 6.000000
v 266.000000 158.000000 5.945375
v 266.333771 158.000000 6.000000
v 276.000000 158.000000 5.188143
v 274.300903 158.000000 6.000000
v 278.000000 158.000000 5.157915
v 279.697845 158.000000 6.000000
v 292.000000 158.000000 5.484159
v 290.434387 158.000000 6.000000
v 294.000000 158.000000 5.545012
v 296.000000 157.657700 6.000000
v 296.000000 158.000000 5.923559
v 296.661407 158.000000 6.000000
v 336.000000 158.000000 5.725919
v 334.845551 158.000000 6.000000
v 336.000000 156.753876 6.000000
v 338.000000 156.821472 6.000000
v 338.000000 158.000000 5.677753
v 339.320679 158.000000 6.000000
v 352.000000 158.000000 5.440331
v 350.162231 158.000000 6.000000
v 352.000000 156.103348 6.000000
v 354.000000 157.301971 6.000000
v 354.000000 158.000000 5.784586
v 354.955719 158.000000 6.000000
v 360.000000 158.000000 5.795424
v 358.872375 158.000000 6.000000
v 360.000000 157.306381 6.000000
v 0.000000 158.630066 6.000000
v 2.000000 158.412003 6.000000
v 4.000000 158.936646 6.000000
v 6.000000 160.000000 5.790699
v 5.378150 160.000000 6.000000
v 8.000000 160.000000 5.886607
v 8.368873 160.000000 6.000000
v 10.000000 158.749695 6.000000
v 22.000000 158.176971 6.000000
v 52.000000 158.722702 6.000000
v 66.000000 158.496048 6.000000
v 68.000000 158.945496 6.000000
v 80.000000 158.132355 6.000000
v 82.000000 159.865036 6.000000
v 84.000000 160.000000 5.867834
v 82.563454 160.000000 6.000000
v 84.784622 160.000000 6.000000
v 86.000000 159.176071 6.000000
v 88.000000 158.085831 6.000000
v 94.000000 158.883926 6.000000
v 96.000000 159.742859 6.000000
v 98.000000 159.671402 6.000000
v 110.000000 158.267532 6.000000
v 112.000000 159.133362 6.000000
v 114.000000 159.107834 6.000000
v 116.000000 158.305145 6.000000
v 128.000000 158.404877 6.000000
v 140.000000 158.253677 6.000000
v 142.000000 158.837708 6.000000
v 144.000000 158.492264 6.000000
v 156.000000 158.743515 6.000000
v 158.000000 159.261276 6.000000
v 172.000000 160.000000 5.720149
v 171.240570 160.000000 6.000000
v 174.000000 160.000000 5.453906
v 175.864517 160.000000 6.000000
v 176.000000 159.808838 6.000000
v 178.000000 158.010544 6.000000
v 186.000000 159.575500 6.000000
v 188.000000 160.000000 5.735467
v 186.583557 160.000000 6.000000
v 188.678207 160.000000 6.000000
v 202.000000 160.000000 5.811745
v 201.423721 160.000000 6.000000
v 204.000000 160.000000 5.852321
v 204.548248 160.000000 6.000000
v 206.000000 158.261002 6.000000
v 208.000000 158.284576 6.000000
v 210.000000 158.178482 6.000000
v 246.000000 159.425949 6.000000
v 248.000000 160.000000 5.791124
v 246.796738 160.000000 6.000000
v 248.630371 160.000000 6.000000
v 262.000000 160.000000 5.597814
v 261.050049 160.000000 6.000000
v 264.000000 160.000000 5.552366
v 265.195587 160.000000 6.000000
v 266.000000 158.285889 6.000000
v 276.000000 160.000000 5.701498
v 275.315369 160.000000 6.000000
v 278.000000 160.000000 5.590415
v 278.952850 160.000000 6.000000
v 292.000000 160.000000 5.728868
v 291.241028 160.000000 6.000000
v 294.000000 160.000000 5.879997
v 294.537781 160.000000 6.000000
v 296.000000 158.362457 6.000000
v 336.000000 159.738510 6.000000
v 338.000000 159.692001 6.000000
v 352.000000 160.000000 5.828807
v 351.475616 160.000000 6.000000
v 352.735962 160.000000 6.000000
v 354.000000 158.852264 6.000000
v 360.000000 158.630066 6.000000
v 2.000000 0.000000 6.561738
v 2.000000 2.000000 6.157447
v 0.000000 0.000000 6.545432
v 0.000000 2.000000 6.000497
v 4.000000 0.000000 6.640954
v 4.000000 2.000000 6.025441
v 6.000000 0.000000 6.415943
v 8.000000 0.000000 6.339153
v 10.000000 0.000000 6.502837
v 12.000000 0.000000 6.492169
v 14.000000 0.000000 6.421288
v 16.000000 2.000000 6.093081
v 16.000000 0.000000 6.382468
v 18.000000 0.000000 6.444909
v 18.000000 2.000000 6.174666
v 20.000000 0.000000 6.520506
v 22.000000 0.000000 6.436099
v 24.000000 0.000000 6.443571
v 26.000000 0.000000 6.643235
v 28.000000 2.000000 6.116327
v 28.000000 0.000000 6.665708
v 30.000000 0.000000 6.549438
v 30.000000 2.000000 6.044329
v 32.000000 0.000000 6.563260
v 32.000000 2.000000 6.035264
v 34.000000 0.000000 6.832386
v 34.000000 2.000000 6.237135
v 36.000000 0.000000 6.872005
v 36.000000 2.000000 6.391314
v 38.000000 0.000000 6.707423
v 38.000000 2.000000 6.313279
v 40.000000 0.000000 6.522196
v 40.000000 2.000000 6.167036
v 42.000000 0.000000 6.379138
v 42.000000 2.000000 6.113958
v 44.000000 0.000000 6.601708
v 44.000000 2.000000 6.289827
v 46.000000 0.000000 6.881554
v 46.000000 2.000000 6.418240
v 48.000000 0.000000 6.754442
v 48.000000 2.000000 6.286455
v 50.000000 0.000000 6.510953
v 50.000000 2.000000 6.207199
v 52.000000 0.000000 6.496570
v 52.000000 2.000000 6.126461
v 54.000000 0.000000 6.608526
v 54.000000 2.000000 6.386927
v 56.000000 0.000000 6.780366
v 56.000000 2.000000 6.399839
v 58.000000 0.000000 6.817165
v 58.000000 2.000000 6.350245
v 60.000000 0.000000 6.545674
v 60.000000 2.000000 6.105499
v 62.000000 0.000000 6.552705
v 62.000000 2.000000 6.121348
v 64.000000 0.000000 6.839542
v 64.000000 2.000000 6.103237
v 66.000000 0.000000 6.737973
v 66.000000 2.000000 6.016721
v 68.000000 0.000000 6.477128
v 70.000000 2.000000 6.131055
v 70.000000 0.000000 6.523241
v 72.000000 0.000000 6.767720
v 72.000000 2.000000 6.302824
v 74.000000 0.000000 6.650940
v 74.000000 2.000000 6.223173
v 76.000000 0.000000 6.440031
v 76.000000 2.000000 6.138571
v 78.000000 0.000000 6.549769
v 78.000000 2.000000 6.271411
v 80.000000 0.000000 6.508709
v 80.000000 2.000000 6.090561
v 82.000000 0.000000 6.162025
v 84.000000 0.000000 6.067991
v 86.000000 2.000000 6.000172
v 86.000000 0.000000 6.330873
v 88.000000 0.000000 6.573598
v 88.000000 2.000000 6.102699
v 90.000000 0.000000 6.522849
v 90.000000 2.000000 6.171099
v 92.000000 0.000000 6.635174
v 92.000000 2.000000 6.310637
v 94.000000 0.000000 6.863051
v 94.000000 2.000000 6.310323
v 96.000000 0.000000 6.620826
v 96.000000 2.000000 6.146136
v 98.000000 0.000000 6.301410
v 98.000000 2.000000 6.024333
v 100.000000 0.000000 6.529285
v 100.000000 2.000000 6.195069
v 102.000000 0.000000 6.721509
v 102.000000 2.000000 6.269815
v 104.000000 0.000000 6.530395
v 104.000000 2.000000 6.254556
v 106.000000 0.000000 6.612962
v 106.000000 2.000000 6.375865
v 108.000000 0.000000 6.697229
v 108.000000 2.000000 6.250929
v 110.000000 0.000000 6.526396
v 110.000000 2.000000 6.007694
v 112.000000 0.000000 6.184052
v 114.000000 2.000000 6.015626
v 114.000000 0.000000 6.226507
v 116.000000 0.000000 6.634634
v 116.000000 2.000000 6.191199
v 118.000000 0.000000 6.824977
v 118.000000 2.000000 6.421082
v 120.000000 0.000000 6.537635
v 120.000000 2.000000 6.213727
v 122.000000 0.000000 6.769715
v 122.000000 2.000000 6.511554
v 124.000000 0.000000 7.125389
v 124.000000 2.000000 6.794954
v 126.000000 0.000000 6.990406
v 126.000000 2.000000 6.585121
v 128.000000 0.000000 6.582273
v 128.000000 2.000000 6.163980
v 130.000000 0.000000 6.529250
v 130.000000 2.000000 6.088536
v 132.000000 0.000000 6.700493
v 132.000000 2.000000 6.368163
v 134.000000 0.000000 6.867299
v 134.000000 2.000000 6.368874
v 136.000000 0.000000 6.792377
v 136.000000 2.000000 6.175756
v 138.000000 0.000000 6.632759
v 138.000000 2.000000 6.114058
v 140.000000 0.000000 6.525363
v 140.000000 2.000000 6.031953
v 142.000000 0.000000 6.464231
v 142.000000 2.000000 6.178088
v 144.000000 0.000000 6.547093
v 144.000000 2.000000 6.171529
v 146.000000 0.000000 6.728248
v 146.000000 2.000000 6.163626
v 148.000000 0.000000 6.538915
v 148.000000 2.000000 6.160190
v 150.000000 0.000000 6.524171
v 150.000000 2.000000 6.065212
v 152.000000 0.000000 6.244716
v 154.000000 0.000000 6.139936
v 156.000000 0.000000 6.139190
v 158.000000 0.000000 6.374487
v 160.000000 2.000000 6.009726
v 160.000000 0.000000 6.530566
v 162.000000 0.000000 6.325264
v 164.000000 0.000000 6.273580
v 166.000000 0.000000 6.516164
v 168.000000 0.000000 6.602777
v 170.000000 0.000000 6.530997
v 172.000000 0.000000 6.493752
v 174.000000 0.000000 6.524504
v 176.000000 0.000000 6.361181
v 178.000000 0.000000 6.252543
v 180.000000 0.000000 6.530224
v 182.000000 2.000000 6.058440
v 182.000000 0.000000 6.649746
v 184.000000 0.000000 6.846694
v 184.000000 2.000000 6.220418
v 186.000000 0.000000 6.662776
v 186.000000 2.000000 6.173713
v 188.000000 0.000000 6.608469
v 188.000000 2.000000 6.025977
v 190.000000 0.000000 6.529801
v 192.000000 0.000000 6.221830
v 194.000000 0.000000 6.239440
v 196.000000 0.000000 6.363547
v 198.000000 0.000000 6.466022
v 200.000000 2.000000 6.016906
v 200.000000 0.000000 6.522943
v 202.000000 0.000000 6.483353
v 204.000000 0.000000 6.103799
v 206.000000 0.000000 6.114153
v 208.000000 0.000000 6.235183
v 210.000000 0.000000 6.537275
v 212.000000 2.000000 6.157580
v 212.000000 0.000000 6.966416
v 214.000000 0.000000 7.150938
v 214.000000 2.000000 6.367178
v 216.000000 0.000000 6.912039
v 216.000000 2.000000 6.366242
v 218.000000 0.000000 6.683835
v 218.000000 2.000000 6.292254
v 220.000000 0.000000 6.502030
v 220.000000 2.000000 6.056299
v 222.000000 0.000000 6.335886
v 224.000000 0.000000 6.165592
v 226.000000 0.000000 6.098729
v 228.000000 0.000000 6.297513
v 230.000000 0.000000 6.520134
v 232.000000 0.000000 6.808627
v 234.000000 0.000000 6.871472
v 236.000000 0.000000 6.897652
v 238.000000 0.000000 6.804974
v 240.000000 0.000000 6.511780
v 242.000000 0.000000 6.262235
v 244.000000 0.000000 6.139483
v 246.000000 0.000000 6.124593
v 248.000000 0.000000 6.250423
v 250.000000 0.000000 6.514123
v 252.000000 0.000000 6.637044
v 254.000000 0.000000 6.431203
v 256.000000 0.000000 6.481691
v 258.000000 0.000000 6.558195
v 260.000000 0.000000 6.509017
v 262.000000 0.000000 6.398656
v 264.000000 0.000000 6.527735
v 266.000000 0.000000 6.659925
v 268.000000 0.000000 6.793671
v 270.000000 0.000000 6.537964
v 272.000000 0.000000 6.232480
v 274.000000 0.000000 6.083136
v 276.000000 0.000000 6.028353
v 278.000000 0.000000 6.108472
v 280.000000 0.000000 6.519045
v 282.000000 0.000000 6.429331
v 284.000000 0.000000 6.267988
v 286.000000 0.000000 6.407144
v 288.000000 0.000000 6.531387
v 290.000000 0.000000 6.502151
v 292.000000 0.000000 6.519368
v 294.000000 0.000000 6.446599
v 296.000000 0.000000 6.419615
v 298.000000 0.000000 6.498724
v 300.000000 0.000000 6.520393
v 302.000000 0.000000 6.512678
v 304.000000 0.000000 6.513203
v 306.000000 0.000000 6.500412
v 308.000000 0.000000 6.646297
v 310.000000 0.000000 6.529022
v 312.000000 0.000000 6.287107
v 314.000000 0.000000 6.108027
v 316.000000 0.000000 6.158089
v 318.000000 2.000000 6.056966
v 318.000000 0.000000 6.482251
v 320.000000 0.000000 6.516026
v 322.000000 0.000000 6.459354
v 324.000000 0.000000 6.438551
v 326.000000 2.000000 6.117750
v 326.000000 0.000000 6.562160
v 328.000000 0.000000 6.705134
v 328.000000 2.000000 6.231328
v 330.000000 0.000000 6.528642
v 332.000000 0.000000 6.396991
v 334.000000 2.000000 6.096309
v 334.000000 0.000000 6.513923
v 336.000000 0.000000 6.484404
v 338.000000 0.000000 6.369419
v 340.000000 0.000000 6.536354
v 342.000000 2.000000 6.110152
v 342.000000 0.000000 6.655749
v 344.000000 0.000000 6.504168
v 346.000000 0.000000 6.187419
v 348.000000 0.000000 6.221899
v 350.000000 0.000000 6.504531
v 352.000000 0.000000 6.335790
v 354.000000 0.000000 6.331715
v 356.000000 2.000000 6.015175
v 356.000000 0.000000 6.685872
v 358.000000 0.000000 6.699492
v 358.000000 2.000000 6.069129
v 360.000000 0.000000 6.545432
v 360.000000 2.000000 6.000497
v 2.000000 4.000000 6.836442
v 0.000000 4.000000 6.622485
v 4.000000 4.000000 6.832116
v 6.000000 4.000000 6.505074
v 8.000000 4.000000 6.406075
v 10.000000 4.000000 6.562117
v 12.000000 4.000000 6.612041
v 14.000000 4.000000 6.595405
v 16.000000 4.000000 6.782958
v 18.000000 4.000000 6.853833
v 20.000000 4.000000 6.584037
v 22.000000 4.000000 6.460349
v 24.000000 4.000000 6.464545
v 26.000000 4.000000 6.642390
v 28.000000 4.000000 6.772843
v 30.000000 4.000000 6.653323
v 32.000000 4.000000 6.732594
v 34.000000 4.000000 6.972535
v 36.000000 4.000000 7.052203
v 38.000000 4.000000 6.918152
v 40.000000 4.000000 6.715778
v 42.000000 4.000000 6.659061
v 44.000000 4.000000 6.877206
v 46.000000 4.000000 6.995171
v 48.000000 4.000000 6.845539
v 50.000000 4.000000 6.692592
v 52.000000 4.000000 6.710335
v 54.000000 4.000000 6.942218
v 56.000000 4.000000 6.970055
v 58.000000 4.000000 6.902316
v 60.000000 4.000000 6.700768
v 62.000000 4.000000 6.726911
v 64.000000 4.000000 6.841253
v 66.000000 4.000000 6.540826
v 68.000000 4.000000 6.537352
v 70.000000 4.000000 6.736067
v 72.000000 4.000000 6.888111
v 74.000000 4.000000 6.752100
v 76.000000 4.000000 6.690029
v 78.000000 4.000000 6.897214
v 80.000000 4.000000 6.701289
v 82.000000 4.000000 6.380202
v 84.000000 4.000000 6.328669
v 86.000000 4.000000 6.515228
v 88.000000 4.000000 6.686106
v 90.000000 4.000000 6.647745
v 92.000000 4.000000 6.858258
v 94.000000 4.000000 6.936753
v 96.000000 4.000000 6.673192
v 98.000000 4.000000 6.538004
v 100.000000 4.000000 6.746278
v 102.000000 4.000000 6.849527
v 104.000000 4.000000 6.763741
v 106.000000 4.000000 6.942387
v 108.000000 4.000000 6.898023
v 110.000000 4.000000 6.682808
v 112.000000 4.000000 6.548329
v 114.000000 4.000000 6.591959
v 116.000000 4.000000 6.763259
v 118.000000 4.000000 6.977439
v 120.000000 4.000000 6.735723
v 122.000000 4.000000 7.028277
v 124.000000 4.000000 7.408979
v 126.000000 4.000000 7.177423
v 128.000000 4.000000 6.769839
v 130.000000 4.000000 6.748857
v 132.000000 4.000000 6.936074
v 134.000000 4.000000 6.945045
v 136.000000 4.000000 6.733074
v 138.000000 4.000000 6.743996
v 140.000000 4.000000 6.636514
v 142.000000 4.000000 6.742855
v 144.000000 4.000000 6.701673
v 146.000000 4.000000 6.714645
v 148.000000 4.000000 6.700225
v 150.000000 4.000000 6.583306
v 152.000000 4.000000 6.365633
v 154.000000 4.000000 6.311218
v 156.000000 4.000000 6.322250
v 158.000000 4.000000 6.434647
v 160.000000 4.000000 6.566476
v 162.000000 4.000000 6.545290
v 164.000000 4.000000 6.526614
v 166.000000 4.000000 6.586856
v 168.000000 4.000000 6.556947
v 170.000000 4.000000 6.528527
v 172.000000 4.000000 6.499972
v 174.000000 4.000000 6.482413
v 176.000000 4.000000 6.323132
v 178.000000 4.000000 6.340837
v 180.000000 4.000000 6.515501
v 182.000000 4.000000 6.611453
v 184.000000 4.000000 6.776934
v 186.000000 4.000000 6.624186
v 188.000000 4.000000 6.495552
v 190.000000 4.000000 6.495574
v 192.000000 4.000000 6.424590
v 194.000000 4.000000 6.367807
v 196.000000 4.000000 6.468464
v 198.000000 4.000000 6.498517
v 200.000000 4.000000 6.568019
v 202.000000 4.000000 6.269316
v 206.000000 4.000000 6.131517
v 208.000000 4.000000 6.310555
v 210.000000 4.000000 6.453921
v 212.000000 4.000000 6.713199
v 214.000000 4.000000 7.059014
v 216.000000 4.000000 6.984066
v 218.000000 4.000000 6.780670
v 220.000000 4.000000 6.558829
v 222.000000 4.000000 6.318559
v 224.000000 4.000000 6.190216
v 226.000000 4.000000 6.245101
v 228.000000 4.000000 6.423206
v 230.000000 4.000000 6.499636
v 232.000000 4.000000 6.577567
v 234.000000 4.000000 6.698355
v 236.000000 4.000000 6.715772
v 238.000000 4.000000 6.765245
v 240.000000 4.000000 6.546205
v 242.000000 4.000000 6.163321
v 248.000000 4.000000 6.042354
v 250.000000 4.000000 6.386919
v 252.000000 4.000000 6.501767
v 254.000000 4.000000 6.421579
v 256.000000 4.000000 6.553806
v 258.000000 4.000000 6.582641
v 260.000000 4.000000 6.503261
v 262.000000 4.000000 6.214158
v 264.000000 4.000000 6.179038
v 266.000000 4.000000 6.372650
v 268.000000 4.000000 6.563955
v 270.000000 4.000000 6.462026
v 272.000000 4.000000 6.352994
v 274.000000 4.000000 6.172735
v 278.000000 4.000000 6.073731
v 280.000000 4.000000 6.444531
v 282.000000 4.000000 6.275311
v 284.000000 4.000000 6.294979
v 286.000000 4.000000 6.480901
v 288.000000 4.000000 6.518003
v 290.000000 4.000000 6.425657
v 292.000000 4.000000 6.326197
v 294.000000 4.000000 6.412180
v 296.000000 4.000000 6.348334
v 298.000000 4.000000 6.430935
v 300.000000 4.000000 6.593842
v 302.000000 4.000000 6.512127
v 304.000000 4.000000 6.543879
v 306.000000 4.000000 6.412333
v 308.000000 4.000000 6.412447
v 310.000000 4.000000 6.417442
v 312.000000 4.000000 6.337523
v 314.000000 4.000000 6.190812
v 316.000000 4.000000 6.333898
v 318.000000 4.000000 6.727534
v 320.000000 4.000000 6.612808
v 322.000000 4.000000 6.482874
v 324.000000 4.000000 6.571064
v 326.000000 4.000000 6.837188
v 328.000000 4.000000 6.829315
v 330.000000 4.000000 6.529544
v 332.000000 4.000000 6.476397
v 334.000000 4.000000 6.559847
v 336.000000 4.000000 6.313715
v 338.000000 4.000000 6.223926
v 340.000000 4.000000 6.526624
v 342.000000 4.000000 6.796675
v 344.000000 4.000000 6.515471
v 346.000000 4.000000 6.283884
v 348.000000 4.000000 6.550975
v 350.000000 4.000000 6.491374
v 352.000000 4.000000 6.249728
v 354.000000 4.000000 6.286837
v 356.000000 4.000000 6.652506
v 358.000000 4.000000 6.705586
v 360.000000 4.000000 6.622485
v 2.000000 6.000000 6.071725
v 0.000000 6.000000 6.004863
v 4.000000 6.000000 6.146814
v 10.000000 6.000000 6.103398
v 12.000000 6.000000 6.059957
v 14.000000 6.000000 6.081574
v 16.000000 6.000000 6.043240
v 18.000000 6.000000 6.150949
v 20.000000 6.000000 6.096237
v 26.000000 6.000000 6.023330
v 28.000000 6.000000 6.003398
v 32.000000 6.000000 6.192462
v 34.000000 6.000000 6.369301
v 36.000000 6.000000 6.272112
v 38.000000 6.000000 6.028883
v 46.000000 6.000000 6.147690
v 48.000000 6.000000 6.054982
v 50.000000 6.000000 6.027146
v 52.000000 6.000000 6.173855
v 54.000000 6.000000 6.359242
v 56.000000 6.000000 6.461907
v 58.000000 6.000000 6.207352
v 64.000000 6.000000 6.011520
v 72.000000 6.000000 6.226364
v 74.000000 6.000000 6.051495
v 76.000000 6.000000 6.008738
v 78.000000 6.000000 6.165244
v 80.000000 6.000000 6.018588
v 86.000000 6.000000 6.003424
v 88.000000 6.000000 6.195278
v 90.000000 6.000000 6.134862
v 92.000000 6.000000 6.046297
v 94.000000 6.000000 6.151975
v 100.000000 6.000000 6.034152
v 102.000000 6.000000 6.162530
v 106.000000 6.000000 6.045415
v 108.000000 6.000000 6.181921
v 110.000000 6.000000 6.084753
v 116.000000 6.000000 6.230435
v 118.000000 6.000000 6.348496
v 120.000000 6.000000 6.047947
v 122.000000 6.000000 6.280374
v 124.000000 6.000000 6.660090
v 126.000000 6.000000 6.367637
v 132.000000 6.000000 6.152827
v 134.000000 6.000000 6.427739
v 136.000000 6.000000 6.336330
v 138.000000 6.000000 6.039952
v 144.000000 6.000000 6.105634
v 146.000000 6.000000 6.221759
v 148.000000 6.000000 6.065573
v 158.000000 6.000000 6.083607
v 160.000000 6.000000 6.151919
v 166.000000 6.000000 6.059449
v 168.000000 6.000000 6.270274
v 170.000000 6.000000 6.095377
v 174.000000 6.000000 6.039155
v 176.000000 6.000000 6.121480
v 180.000000 6.000000 6.079899
v 182.000000 6.000000 6.343005
v 184.000000 6.000000 6.395614
v 186.000000 6.000000 6.150894
v 188.000000 6.000000 6.107842
v 190.000000 6.000000 6.201235
v 196.000000 6.000000 6.025851
v 198.000000 6.000000 6.096128
v 200.000000 6.000000 6.043476
v 210.000000 6.000000 6.119712
v 212.000000 6.000000 6.491320
v 214.000000 6.000000 6.626907
v 216.000000 6.000000 6.314102
v 218.000000 6.000000 6.190629
v 220.000000 6.000000 6.115600
v 222.000000 6.000000 6.020265
v 230.000000 6.000000 6.119615
v 232.000000 6.000000 6.375570
v 234.000000 6.000000 6.480465
v 236.000000 6.000000 6.380229
v 238.000000 6.000000 6.201500
v 240.000000 6.000000 6.112357
v 250.000000 6.000000 6.146472
v 252.000000 6.000000 6.012582
v 258.000000 6.000000 6.079045
v 260.000000 6.000000 6.093315
v 262.000000 6.000000 6.057837
v 264.000000 6.000000 6.140707
v 266.000000 6.000000 6.227460
v 268.000000 6.000000 6.322667
v 270.000000 6.000000 6.131378
v 280.000000 6.000000 6.163671
v 288.000000 6.000000 6.054978
v 290.000000 6.000000 6.130380
v 292.000000 6.000000 6.173457
v 294.000000 6.000000 6.064063
v 298.000000 6.000000 6.027973
v 300.000000 6.000000 6.100852
v 302.000000 6.000000 6.025670
v 304.000000 6.000000 6.092439
v 306.000000 6.000000 6.011827
v 308.000000 6.000000 6.102740
v 310.000000 6.000000 6.069055
v 320.000000 6.000000 6.030177
v 322.000000 6.000000 6.041088
v 324.000000 6.000000 6.019851
v 326.000000 6.000000 6.127079
v 328.000000 6.000000 6.179912
v 334.000000 6.000000 6.151921
v 340.000000 6.000000 6.221850
v 342.000000 6.000000 6.366060
v 344.000000 6.000000 6.129778
v 350.000000 6.000000 6.117732
v 356.000000 6.000000 6.152745
v 358.000000 6.000000 6.063726
v 360.000000 6.000000 6.004863
v 2.000000 10.000000 6.645438
v 0.000000 10.000000 6.499749
v 4.000000 10.000000 6.719083
v 6.000000 10.000000 6.519205
v 8.000000 10.000000 6.378529
v 10.000000 10.000000 6.506953
v 12.000000 10.000000 6.584243
v 14.000000 10.000000 6.615092
v 16.000000 10.000000 6.655394
v 18.000000 10.000000 6.745884
v 20.000000 10.000000 6.520530
v 22.000000 10.000000 6.346061
v 24.000000 10.000000 6.242449
v 26.000000 10.000000 6.362982
v 28.000000 10.000000 6.510443
v 30.000000 10.000000 6.511796
v 32.000000 10.000000 6.619823
v 34.000000 10.000000 6.913677
v 36.000000 10.000000 6.939811
v 38.000000 10.000000 6.731219
v 40.000000 10.000000 6.538197
v 42.000000 10.000000 6.498900
v 44.000000 10.000000 6.598180
v 46.000000 10.000000 6.746599
v 48.000000 10.000000 6.627760
v 50.000000 10.000000 6.499163
v 52.000000 10.000000 6.582907
v 54.000000 10.000000 6.968115
v 56.000000 10.000000 7.026168
v 58.000000 10.000000 6.767783
v 60.000000 10.000000 6.491703
v 62.000000 10.000000 6.483004
v 64.000000 10.000000 6.561980
v 66.000000 10.000000 6.333935
v 68.000000 10.000000 6.228197
v 70.000000 10.000000 6.515347
v 72.000000 10.000000 6.820020
v 74.000000 10.000000 6.561416
v 76.000000 10.000000 6.439142
v 78.000000 10.000000 6.701278
v 80.000000 10.000000 6.547645
v 82.000000 10.000000 6.033190
v 84.000000 10.000000 6.048642
v 86.000000 10.000000 6.487957
v 88.000000 10.000000 6.613943
v 90.000000 10.000000 6.578672
v 92.000000 10.000000 6.740887
v 94.000000 10.000000 6.757348
v 96.000000 10.000000 6.397082
v 98.000000 10.000000 6.236833
v 100.000000 10.000000 6.619705
v 102.000000 10.000000 6.756073
v 104.000000 10.000000 6.503415
v 106.000000 10.000000 6.665375
v 108.000000 10.000000 6.859755
v 110.000000 10.000000 6.621211
v 112.000000 10.000000 6.295970
v 114.000000 10.000000 6.489926
v 116.000000 10.000000 6.809449
v 118.000000 10.000000 6.721835
v 120.000000 10.000000 6.620481
v 122.000000 10.000000 6.877334
v 124.000000 10.000000 7.198341
v 126.000000 10.000000 6.930780
v 128.000000 10.000000 6.643053
v 130.000000 10.000000 6.606260
v 132.000000 10.000000 6.719505
v 134.000000 10.000000 6.825089
v 136.000000 10.000000 6.664600
v 138.000000 10.000000 6.607884
v 140.000000 10.000000 6.583761
v 142.000000 10.000000 6.549493
v 144.000000 10.000000 6.628553
v 146.000000 10.000000 6.695275
v 148.000000 10.000000 6.635454
v 150.000000 10.000000 6.551486
v 152.000000 10.000000 6.282368
v 154.000000 10.000000 6.243413
v 156.000000 10.000000 6.284614
v 158.000000 10.000000 6.364348
v 160.000000 10.000000 6.517998
v 162.000000 10.000000 6.438988
v 164.000000 10.000000 6.317868
v 166.000000 10.000000 6.562273
v 168.000000 10.000000 6.554952
v 170.000000 10.000000 6.489263
v 172.000000 10.000000 6.380248
v 174.000000 10.000000 6.490698
v 176.000000 10.000000 6.449201
v 178.000000 10.000000 6.376133
v 180.000000 10.000000 6.493188
v 182.000000 10.000000 6.607866
v 184.000000 10.000000 6.769925
v 186.000000 10.000000 6.591324
v 188.000000 10.000000 6.481390
v 190.000000 10.000000 6.528039
v 192.000000 10.000000 6.251119
v 194.000000 10.000000 6.237071
v 196.000000 10.000000 6.390456
v 198.000000 10.000000 6.614260
v 200.000000 10.000000 6.507738
v 202.000000 10.000000 6.244360
v 204.000000 10.000000 6.105385
v 206.000000 10.000000 6.188516
v 208.000000 10.000000 6.243335
v 210.000000 10.000000 6.515990
v 212.000000 10.000000 6.856893
v 214.000000 10.000000 7.018620
v 216.000000 10.000000 6.768734
v 218.000000 10.000000 6.591610
v 220.000000 10.000000 6.548393
v 222.000000 10.000000 6.250921
v 224.000000 10.000000 6.081404
v 226.000000 10.000000 6.036067
v 228.000000 10.000000 6.271320
v 230.000000 10.000000 6.515450
v 232.000000 10.000000 6.579267
v 234.000000 10.000000 6.539529
v 236.000000 10.000000 6.654780
v 238.000000 10.000000 6.669821
v 240.000000 10.000000 6.502849
v 242.000000 10.000000 6.235463
v 244.000000 10.000000 6.096587
v 246.000000 10.000000 6.153625
v 248.000000 10.000000 6.285000
v 250.000000 10.000000 6.511837
v 252.000000 10.000000 6.536185
v 254.000000 10.000000 6.353981
v 256.000000 10.000000 6.403510
v 258.000000 10.000000 6.498131
v 260.000000 10.000000 6.528852
v 262.000000 10.000000 6.356708
v 264.000000 10.000000 6.209036
v 266.000000 10.000000 6.350462
v 268.000000 10.000000 6.595495
v 270.000000 10.000000 6.533911
v 272.000000 10.000000 6.313864
v 274.000000 10.000000 6.243319
v 276.000000 10.000000 6.083045
v 278.000000 10.000000 6.175065
v 280.000000 10.000000 6.503469
v 282.000000 10.000000 6.308048
v 284.000000 10.000000 6.225980
v 286.000000 10.000000 6.414302
v 288.000000 10.000000 6.581217
v 290.000000 10.000000 6.553954
v 292.000000 10.000000 6.475599
v 294.000000 10.000000 6.526434
v 296.000000 10.000000 6.480121
v 298.000000 10.000000 6.473697
v 300.000000 10.000000 6.513122
v 302.000000 10.000000 6.492199
v 304.000000 10.000000 6.637115
v 306.000000 10.000000 6.534956
v 308.000000 10.000000 6.613504
v 310.000000 10.000000 6.525534
v 312.000000 10.000000 6.322863
v 314.000000 10.000000 6.078342
v 316.000000 10.000000 6.185375
v 318.000000 10.000000 6.541769
v 320.000000 10.000000 6.507986
v 322.000000 10.000000 6.458341
v 324.000000 10.000000 6.453870
v 326.000000 10.000000 6.540413
v 328.000000 10.000000 6.611269
v 330.000000 10.000000 6.518920
v 332.000000 10.000000 6.488620
v 334.000000 10.000000 6.608350
v 336.000000 10.000000 6.375119
v 338.000000 10.000000 6.376128
v 340.000000 10.000000 6.523683
v 342.000000 10.000000 6.727911
v 344.000000 10.000000 6.691444
v 346.000000 10.000000 6.563602
v 348.000000 10.000000 6.588953
v 350.000000 10.000000 6.541762
v 352.000000 10.000000 6.164697
v 354.000000 10.000000 6.169003
v 356.000000 10.000000 6.451957
v 358.000000 10.000000 6.505739
v 360.000000 10.000000 6.499749
v 2.000000 12.000000 7.574896
v 0.000000 12.000000 7.508092
v 4.000000 12.000000 7.640725
v 6.000000 12.000000 7.539036
v 8.000000 12.000000 7.381220
v 10.000000 12.000000 7.498026
v 12.000000 12.000000 7.576646
v 14.000000 12.000000 7.542301
v 16.000000 12.000000 7.632239
v 18.000000 12.000000 7.676084
v 20.000000 12.000000 7.511132
v 22.000000 12.000000 7.155440
v 24.000000 12.000000 7.059553
v 26.000000 12.000000 7.394380
v 28.000000 12.000000 7.629720
v 30.000000 12.000000 7.541062
v 32.000000 12.000000 7.764470
v 33.565933 12.000000 8.000000
v 34.000000 11.897843 8.000000
v 36.000000 11.820006 8.000000
v 38.000000 11.853865 8.000000
v 40.000000 12.000000 7.860933
v 38.899155 12.000000 8.000000
v 42.000000 12.000000 7.818802
v 43.589699 12.000000 8.000000
v 44.000000 11.945605 8.000000
v 46.000000 11.756810 8.000000
v 48.000000 11.850451 8.000000
v 50.000000 11.996601 8.000000
v 52.000000 11.965335 8.000000
v 54.000000 11.510051 8.000000
v 56.000000 11.388823 8.000000
v 58.000000 11.623437 8.000000
v 60.000000 12.000000 7.964406
v 59.803917 12.000000 8.000000
v 60.421352 12.000000 8.000000
v 62.000000 11.861704 8.000000
v 64.000000 11.813907 8.000000
v 66.000000 12.000000 7.781676
v 64.842789 12.000000 8.000000
v 68.000000 12.000000 7.653037
v 70.000000 12.000000 7.824790
v 70.955833 12.000000 8.000000
v 72.000000 11.748677 8.000000
v 74.000000 12.000000 7.884294
v 73.259560 12.000000 8.000000
v 76.000000 12.000000 7.704215
v 77.454643 12.000000 8.000000
v 78.000000 11.866899 8.000000
v 80.000000 12.000000 7.974724
v 79.625893 12.000000 8.000000
v 82.000000 12.000000 7.394090
v 84.000000 12.000000 7.438723
v 86.000000 12.000000 7.891916
v 87.663658 12.000000 8.000000
v 88.000000 11.974486 8.000000
v 90.000000 11.915528 8.000000
v 92.000000 11.569528 8.000000
v 94.000000 11.433223 8.000000
v 96.000000 11.931412 8.000000
v 98.000000 12.000000 7.833937
v 96.586342 12.000000 8.000000
v 98.943550 12.000000 8.000000
v 100.000000 11.797128 8.000000
v 102.000000 11.668747 8.000000
v 104.000000 11.915491 8.000000
v 106.000000 11.564212 8.000000
v 108.000000 11.359014 8.000000
v 110.000000 11.748725 8.000000
v 112.000000 12.000000 7.805906
v 111.085228 12.000000 8.000000
v 113.334503 12.000000 8.000000
v 114.000000 11.893714 8.000000
v 116.000000 11.486616 8.000000
v 118.000000 11.562320 8.000000
v 120.000000 11.742024 8.000000
v 122.000000 11.321069 8.000000
v 124.000000 10.922564 8.000000
v 126.000000 11.396232 8.000000
v 128.000000 11.849505 8.000000
v 130.000000 11.801867 8.000000
v 132.000000 11.644158 8.000000
v 134.000000 11.590755 8.000000
v 136.000000 11.762327 8.000000
v 138.000000 11.866788 8.000000
v 140.000000 12.000000 7.979700
v 139.692368 12.000000 8.000000
v 140.627914 12.000000 8.000000
v 142.000000 11.948023 8.000000
v 144.000000 11.943810 8.000000
v 146.000000 12.000000 7.836487
v 144.430557 12.000000 8.000000
v 148.000000 12.000000 7.652223
v 150.000000 12.000000 7.630838
v 152.000000 12.000000 7.346254
v 154.000000 12.000000 7.163180
v 156.000000 12.000000 7.183859
v 158.000000 12.000000 7.225839
v 160.000000 12.000000 7.371389
v 162.000000 12.000000 7.347488
v 164.000000 12.000000 7.295345
v 166.000000 12.000000 7.378788
v 168.000000 12.000000 7.181373
v 170.000000 12.000000 7.124807
v 172.000000 12.000000 7.122474
v 174.000000 12.000000 7.208731
v 176.000000 12.000000 7.193086
v 178.000000 12.000000 7.190011
v 180.000000 12.000000 7.379217
v 182.000000 12.000000 7.350749
v 184.000000 12.000000 7.449294
v 186.000000 12.000000 7.467113
v 188.000000 12.000000 7.233328
v 190.000000 12.000000 7.198225
v 192.000000 12.000000 7.024962
v 194.000000 12.000000 7.071191
v 196.000000 12.000000 7.226967
v 198.000000 12.000000 7.317544
v 200.000000 12.000000 7.112061
v 202.000000 12.000000 6.725505
v 204.000000 12.000000 6.570811
v 206.000000 12.000000 6.666164
v 208.000000 12.000000 6.837915
v 210.000000 12.000000 7.240825
v 212.000000 12.000000 7.708577
v 214.000000 12.000000 7.974443
v 216.000000 12.000000 7.696828
v 218.000000 12.000000 7.461459
v 220.000000 12.000000 7.191663
v 222.000000 12.000000 7.011370
v 224.000000 12.000000 6.823649
v 226.000000 12.000000 6.774862
v 228.000000 12.000000 6.991107
v 230.000000 12.000000 7.363291
v 232.000000 12.000000 7.479677
v 234.000000 12.000000 7.552648
v 236.000000 12.000000 7.673004
v 238.000000 12.000000 7.642291
v 240.000000 12.000000 7.477941
v 242.000000 12.000000 7.329877
v 244.000000 12.000000 7.339301
v 246.000000 12.000000 7.300825
v 248.000000 12.000000 7.274220
v 250.000000 12.000000 7.457247
v 252.000000 12.000000 7.439736
v 254.000000 12.000000 7.290869
v 256.000000 12.000000 7.276218
v 258.000000 12.000000 7.394376
v 260.000000 12.000000 7.404776
v 262.000000 12.000000 7.242025
v 264.000000 12.000000 6.984837
v 266.000000 12.000000 7.053768
v 268.000000 12.000000 7.522429
v 270.000000 12.000000 7.381977
v 272.000000 12.000000 7.388671
v 274.000000 12.000000 7.229984
v 276.000000 12.000000 6.897440
v 278.000000 12.000000 7.071083
v 280.000000 12.000000 7.270306
v 282.000000 12.000000 7.141813
v 284.000000 12.000000 7.023538
v 286.000000 12.000000 7.172978
v 288.000000 12.000000 7.428236
v 290.000000 12.000000 7.415849
v 292.000000 12.000000 7.278484
v 294.000000 12.000000 7.134560
v 296.000000 12.000000 7.230390
v 298.000000 12.000000 7.345111
v 300.000000 12.000000 7.441892
v 302.000000 12.000000 7.566163
v 304.000000 12.000000 7.640971
v 306.000000 12.000000 7.595762
v 308.000000 12.000000 7.621375
v 310.000000 12.000000 7.465125
v 312.000000 12.000000 7.093358
v 314.000000 12.000000 6.891307
v 316.000000 12.000000 6.936325
v 318.000000 12.000000 7.189573
v 320.000000 12.000000 7.293033
v 322.000000 12.000000 7.383420
v 324.000000 12.000000 7.427899
v 326.000000 12.000000 7.510918
v 328.000000 12.000000 7.546985
v 330.000000 12.000000 7.463575
v 332.000000 12.000000 7.501349
v 334.000000 12.000000 7.371757
v 336.000000 12.000000 7.219285
v 338.000000 12.000000 7.148419
v 340.000000 12.000000 7.323609
v 342.000000 12.000000 7.602881
v 344.000000 12.000000 7.594469
v 346.000000 12.000000 7.485669
v 348.000000 12.000000 7.682803
v 350.000000 12.000000 7.527067
v 352.000000 12.000000 7.166362
v 354.000000 12.000000 7.274073
v 356.000000 12.000000 7.604924
v 358.000000 12.000000 7.547947
v 360.000000 12.000000 7.508092
v 2.000000 14.000000 7.214924
v 0.000000 14.000000 7.031313
v 4.000000 14.000000 7.221858
v 6.000000 14.000000 6.993793
v 8.000000 14.000000 6.891345
v 10.000000 14.000000 7.035131
v 12.000000 14.000000 7.007604
v 14.000000 14.000000 7.040320
v 16.000000 14.000000 7.140051
v 18.000000 14.000000 7.189100
v 20.000000 14.000000 6.935110
v 22.000000 14.000000 6.651348
v 24.000000 14.000000 6.730822
v 26.000000 14.000000 6.904329
v 28.000000 14.000000 6.929308
v 30.000000 14.000000 7.028489
v 32.000000 14.000000 7.365794
v 34.000000 12.307632 8.000000
v 34.000000 14.000000 7.647913
v 36.000000 12.487604 8.000000
v 36.000000 14.000000 7.646786
v 38.000000 12.336203 8.000000
v 38.000000 14.000000 7.467179
v 40.000000 14.000000 7.123999
v 42.000000 14.000000 6.987074
v 44.000000 12.091249 8.000000
v 44.000000 14.000000 7.104755
v 46.000000 12.416072 8.000000
v 46.000000 14.000000 7.299359
v 48.000000 12.321687 8.000000
v 48.000000 14.000000 7.381644
v 50.000000 12.006997 8.000000
v 50.000000 14.000000 7.206804
v 52.000000 12.092957 8.000000
v 52.000000 14.000000 7.451550
v 54.000000 13.304198 8.000000
v 54.000000 14.000000 7.809347
v 56.000000 13.588452 8.000000
v 56.000000 14.000000 7.877779
v 58.000000 12.904265 8.000000
v 58.000000 14.000000 7.619860
v 60.000000 14.000000 7.191429
v 62.000000 12.278624 8.000000
v 62.000000 14.000000 7.246716
v 64.000000 12.354468 8.000000
v 64.000000 14.000000 7.323783
v 66.000000 14.000000 7.102040
v 68.000000 14.000000 7.013196
v 70.000000 14.000000 7.248097
v 72.000000 12.511963 8.000000
v 72.000000 14.000000 7.429951
v 74.000000 14.000000 7.258660
v 76.000000 14.000000 7.279279
v 78.000000 12.372547 8.000000
v 78.000000 14.000000 7.520405
v 80.000000 14.000000 7.343029
v 82.000000 14.000000 6.770323
v 84.000000 14.000000 6.974931
v 86.000000 14.000000 7.242272
v 88.000000 12.054569 8.000000
v 88.000000 14.000000 7.259672
v 90.000000 12.324220 8.000000
v 90.000000 14.000000 7.595901
v 92.000000 13.318484 8.000000
v 92.000000 14.000000 7.790160
v 94.000000 13.347639 8.000000
v 94.000000 14.000000 7.735856
v 96.000000 12.223217 8.000000
v 96.000000 14.000000 7.473615
v 98.000000 14.000000 7.279621
v 100.000000 12.683298 8.000000
v 100.000000 14.000000 7.638750
v 102.000000 12.983733 8.000000
v 102.000000 14.000000 7.698574
v 104.000000 12.321318 8.000000
v 104.000000 14.000000 7.598509
v 106.000000 13.409539 8.000000
v 106.000000 14.000000 7.814578
v 108.000000 13.769332 8.000000
v 108.000000 14.000000 7.919551
v 110.000000 12.858835 8.000000
v 110.000000 14.000000 7.685070
v 112.000000 14.000000 7.350776
v 114.000000 12.353574 8.000000
v 114.000000 14.000000 7.548322
v 116.000000 13.340434 8.000000
v 116.000000 14.000000 7.775132
v 118.000000 13.151775 8.000000
v 118.000000 14.000000 7.702126
v 120.000000 12.833086 8.000000
v 120.000000 14.000000 7.678266
v 121.553856 14.000000 8.000000
v 126.000000 14.000000 7.747840
v 124.896332 14.000000 8.000000
v 126.000000 13.332673 8.000000
v 128.000000 12.389955 8.000000
v 128.000000 14.000000 7.506462
v 130.000000 12.589549 8.000000
v 130.000000 14.000000 7.589461
v 132.000000 12.793433 8.000000
v 132.000000 14.000000 7.543886
v 134.000000 12.765617 8.000000
v 134.000000 14.000000 7.460929
v 136.000000 12.485227 8.000000
v 136.000000 14.000000 7.375027
v 138.000000 12.311154 8.000000
v 138.000000 14.000000 7.405005
v 140.000000 14.000000 7.364922
v 142.000000 12.125594 8.000000
v 142.000000 14.000000 7.356624
v 144.000000 12.119524 8.000000
v 144.000000 14.000000 7.307391
v 146.000000 14.000000 7.206205
v 148.000000 14.000000 7.181571
v 150.000000 14.000000 6.980474
v 152.000000 14.000000 6.811627
v 154.000000 14.000000 6.736492
v 156.000000 14.000000 6.796799
v 158.000000 14.000000 6.778757
v 160.000000 14.000000 6.985486
v 162.000000 14.000000 6.988120
v 164.000000 14.000000 6.956833
v 166.000000 14.000000 7.044741
v 168.000000 14.000000 6.832635
v 170.000000 14.000000 6.894775
v 172.000000 14.000000 6.793134
v 174.000000 14.000000 6.824015
v 176.000000 14.000000 6.964089
v 178.000000 14.000000 7.069308
v 180.000000 14.000000 6.967057
v 182.000000 14.000000 6.943700
v 184.000000 14.000000 7.041860
v 186.000000 14.000000 6.988238
v 188.000000 14.000000 6.789376
v 190.000000 14.000000 6.783703
v 192.000000 14.000000 6.645466
v 194.000000 14.000000 6.611215
v 196.000000 14.000000 6.787132
v 198.000000 14.000000 6.822035
v 200.000000 14.000000 6.753360
v 202.000000 14.000000 6.379027
v 204.000000 14.000000 6.242167
v 206.000000 14.000000 6.395109
v 208.000000 14.000000 6.638484
v 210.000000 14.000000 6.970315
v 212.000000 14.000000 7.336788
v 214.000000 14.000000 7.534696
v 216.000000 14.000000 7.304449
v 218.000000 14.000000 7.131807
v 220.000000 14.000000 6.895902
v 222.000000 14.000000 6.675342
v 224.000000 14.000000 6.475292
v 226.000000 14.000000 6.440116
v 228.000000 14.000000 6.626552
v 230.000000 14.000000 6.982217
v 232.000000 14.000000 7.111648
v 234.000000 14.000000 7.164782
v 236.000000 14.000000 7.245039
v 238.000000 14.000000 7.162120
v 240.000000 14.000000 7.072181
v 242.000000 14.000000 6.826953
v 244.000000 14.000000 6.936857
v 246.000000 14.000000 6.899275
v 248.000000 14.000000 6.970623
v 250.000000 14.000000 7.087190
v 252.000000 14.000000 7.089555
v 254.000000 14.000000 7.034705
v 256.000000 14.000000 6.968385
v 258.000000 14.000000 6.971743
v 260.000000 14.000000 6.957769
v 262.000000 14.000000 6.942472
v 264.000000 14.000000 6.767583
v 266.000000 14.000000 6.712613
v 268.000000 14.000000 7.128008
v 270.000000 14.000000 6.865123
v 272.000000 14.000000 6.729341
v 274.000000 14.000000 6.802552
v 276.000000 14.000000 6.557254
v 278.000000 14.000000 6.681537
v 280.000000 14.000000 6.979227
v 282.000000 14.000000 6.781002
v 284.000000 14.000000 6.677294
v 286.000000 14.000000 6.840949
v 288.000000 14.000000 7.148260
v 290.000000 14.000000 7.021554
v 292.000000 14.000000 6.974578
v 294.000000 14.000000 6.731891
v 296.000000 14.000000 6.755259
v 298.000000 14.000000 6.938248
v 300.000000 14.000000 6.939077
v 302.000000 14.000000 7.141663
v 304.000000 14.000000 7.115639
v 306.000000 14.000000 7.038647
v 308.000000 14.000000 7.002799
v 310.000000 14.000000 6.886810
v 312.000000 14.000000 6.765481
v 314.000000 14.000000 6.704592
v 316.000000 14.000000 6.738251
v 318.000000 14.000000 6.862080
v 320.000000 14.000000 6.900733
v 322.000000 14.000000 6.870516
v 324.000000 14.000000 6.885948
v 326.000000 14.000000 6.963614
v 328.000000 14.000000 7.034621
v 330.000000 14.000000 7.016053
v 332.000000 14.000000 7.119255
v 334.000000 14.000000 7.114407
v 336.000000 14.000000 6.779612
v 338.000000 14.000000 6.625207
v 340.000000 14.000000 6.974989
v 342.000000 14.000000 7.041385
v 344.000000 14.000000 7.055307
v 346.000000 14.000000 7.113282
v 348.000000 14.000000 7.126117
v 350.000000 14.000000 7.058076
v 352.000000 14.000000 6.597381
v 354.000000 14.000000 6.657470
v 356.000000 14.000000 6.952081
v 358.000000 14.000000 6.866180
v 360.000000 14.000000 7.031313
v 2.000000 16.000000 6.510292
v 0.000000 16.000000 6.114085
v 4.000000 16.000000 6.582917
v 6.000000 16.000000 6.170998
v 8.000000 16.000000 6.115355
v 10.000000 16.000000 6.233181
v 12.000000 16.000000 6.152033
v 14.000000 16.000000 6.193093
v 16.000000 16.000000 6.480825
v 18.000000 16.000000 6.487513
v 20.000000 16.000000 6.092536
v 26.000000 16.000000 6.040397
v 28.000000 16.000000 6.096363
v 30.000000 16.000000 6.211902
v 32.000000 16.000000 6.359352
v 34.000000 16.000000 6.534647
v 36.000000 16.000000 6.520793
v 38.000000 16.000000 6.400557
v 40.000000 16.000000 6.279513
v 42.000000 16.000000 6.038867
v 44.000000 16.000000 6.091980
v 46.000000 16.000000 6.165200
v 48.000000 16.000000 6.263634
v 50.000000 16.000000 6.154433
v 52.000000 16.000000 6.420199
v 54.000000 16.000000 6.883637
v 56.000000 16.000000 6.865398
v 58.000000 16.000000 6.635988
v 60.000000 16.000000 6.343081
v 62.000000 16.000000 6.300899
v 64.000000 16.000000 6.199705
v 68.000000 16.000000 6.065286
v 70.000000 16.000000 6.460958
v 72.000000 16.000000 6.660372
v 74.000000 16.000000 6.730203
v 76.000000 16.000000 6.681560
v 78.000000 16.000000 6.835534
v 80.000000 16.000000 6.700572
v 82.000000 16.000000 6.315439
v 84.000000 16.000000 6.467880
v 86.000000 16.000000 6.717461
v 88.000000 16.000000 6.713347
v 90.000000 16.000000 6.929205
v 92.000000 16.000000 6.998174
v 94.000000 16.000000 6.872161
v 96.000000 16.000000 6.681832
v 98.000000 16.000000 6.750245
v 100.000000 16.000000 7.053240
v 102.000000 16.000000 7.089525
v 104.000000 16.000000 7.164720
v 106.000000 16.000000 7.250095
v 108.000000 16.000000 7.295426
v 110.000000 16.000000 7.117222
v 112.000000 16.000000 7.047832
v 114.000000 16.000000 7.292385
v 116.000000 16.000000 7.155011
v 118.000000 16.000000 7.031385
v 120.000000 16.000000 7.097768
v 122.000000 14.182584 8.000000
v 122.000000 16.000000 7.106932
v 124.000000 14.440197 8.000000
v 124.000000 16.000000 7.296530
v 126.000000 16.000000 7.020146
v 128.000000 16.000000 6.762322
v 130.000000 16.000000 6.780068
v 132.000000 16.000000 6.900937
v 134.000000 16.000000 6.891849
v 136.000000 16.000000 6.864914
v 138.000000 16.000000 6.852578
v 140.000000 16.000000 6.708045
v 142.000000 16.000000 6.711071
v 144.000000 16.000000 6.636496
v 146.000000 16.000000 6.629910
v 148.000000 16.000000 6.731534
v 150.000000 16.000000 6.484945
v 152.000000 16.000000 6.198074
v 154.000000 16.000000 6.157242
v 156.000000 16.000000 6.239439
v 158.000000 16.000000 6.240469
v 160.000000 16.000000 6.381172
v 162.000000 16.000000 6.513401
v 164.000000 16.000000 6.459169
v 166.000000 16.000000 6.335450
v 168.000000 16.000000 6.292126
v 170.000000 16.000000 6.238321
v 172.000000 16.000000 6.107373
v 174.000000 16.000000 6.155502
v 176.000000 16.000000 6.296837
v 178.000000 16.000000 6.261026
v 180.000000 16.000000 6.181814
v 182.000000 16.000000 6.269926
v 184.000000 16.000000 6.331924
v 186.000000 16.000000 6.270697
v 188.000000 16.000000 6.132516
v 190.000000 16.000000 6.215192
v 192.000000 16.000000 6.118148
v 194.000000 16.000000 6.118219
v 196.000000 16.000000 6.276594
v 198.000000 16.000000 6.289845
v 200.000000 16.000000 6.234429
v 210.000000 16.000000 6.139576
v 212.000000 16.000000 6.410669
v 214.000000 16.000000 6.632599
v 216.000000 16.000000 6.425969
v 218.000000 16.000000 6.397952
v 220.000000 16.000000 6.267495
v 222.000000 16.000000 6.093165
v 228.000000 16.000000 6.061939
v 230.000000 16.000000 6.154962
v 232.000000 16.000000 6.219267
v 234.000000 16.000000 6.229583
v 236.000000 16.000000 6.408195
v 238.000000 16.000000 6.371831
v 240.000000 16.000000 6.119548
v 250.000000 16.000000 6.002986
v 252.000000 16.000000 6.257843
v 254.000000 16.000000 6.315850
v 256.000000 16.000000 6.279839
v 258.000000 16.000000 6.065587
v 260.000000 16.000000 6.179369
v 262.000000 16.000000 6.015559
v 266.000000 16.000000 6.134088
v 268.000000 16.000000 6.385361
v 270.000000 16.000000 6.062284
v 280.000000 16.000000 6.135546
v 282.000000 16.000000 6.326944
v 284.000000 16.000000 6.246340
v 286.000000 16.000000 6.164609
v 288.000000 16.000000 6.164334
v 290.000000 16.000000 6.086222
v 292.000000 16.000000 6.003360
v 298.000000 16.000000 6.240009
v 300.000000 16.000000 6.336561
v 302.000000 16.000000 6.340035
v 304.000000 16.000000 6.272810
v 306.000000 16.000000 6.261713
v 308.000000 16.000000 6.332522
v 310.000000 16.000000 6.276344
v 312.000000 16.000000 6.221488
v 314.000000 16.000000 6.306400
v 316.000000 16.000000 6.335496
v 318.000000 16.000000 6.352104
v 320.000000 16.000000 6.252550
v 322.000000 16.000000 6.100972
v 324.000000 16.000000 6.177019
v 326.000000 16.000000 6.207975
v 328.000000 16.000000 6.193800
v 330.000000 16.000000 6.189595
v 332.000000 16.000000 6.376863
v 334.000000 16.000000 6.485416
v 336.000000 16.000000 6.099754
v 340.000000 16.000000 6.106979
v 342.000000 16.000000 6.165732
v 344.000000 16.000000 6.137047
v 346.000000 16.000000 6.244132
v 348.000000 16.000000 6.359912
v 350.000000 16.000000 6.152753
v 356.000000 16.000000 6.097854
v 360.000000 16.000000 6.114085
v 2.000000 18.000000 6.247628
v 4.000000 18.000000 6.284764
v 6.000000 18.000000 6.066908
v 10.000000 18.000000 6.141451
v 12.000000 18.000000 6.247694
v 14.000000 18.000000 6.305312
v 16.000000 18.000000 6.508470
v 18.000000 18.000000 6.436646
v 20.000000 18.000000 6.158406
v 26.000000 18.000000 6.083654
v 28.000000 18.000000 6.127736
v 30.000000 18.000000 6.247079
v 32.000000 18.000000 6.421354
v 34.000000 18.000000 6.486715
v 36.000000 18.000000 6.375490
v 38.000000 18.000000 6.233227
v 40.000000 18.000000 6.260627
v 42.000000 18.000000 6.391934
v 44.000000 18.000000 6.416825
v 46.000000 18.000000 6.529883
v 48.000000 18.000000 6.519757
v 50.000000 18.000000 6.327195
v 52.000000 18.000000 6.592796
v 54.000000 18.000000 7.036208
v 56.000000 18.000000 7.045805
v 58.000000 18.000000 6.867667
v 60.000000 18.000000 6.625921
v 62.000000 18.000000 6.613330
v 64.000000 18.000000 6.495345
v 66.000000 18.000000 6.201929
v 68.000000 18.000000 6.436160
v 70.000000 18.000000 6.927555
v 72.000000 18.000000 7.146170
v 74.000000 18.000000 7.309510
v 76.000000 18.000000 7.339684
v 78.000000 18.000000 7.393437
v 80.000000 18.000000 7.142764
v 82.000000 18.000000 6.903753
v 84.000000 18.000000 6.890656
v 86.000000 18.000000 7.162344
v 88.000000 18.000000 7.294485
v 90.000000 18.000000 7.575438
v 92.000000 18.000000 7.708491
v 94.000000 18.000000 7.348150
v 96.000000 18.000000 7.114938
v 98.000000 18.000000 7.316307
v 100.000000 18.000000 7.667534
v 102.000000 18.000000 7.752100
v 104.000000 18.000000 7.762031
v 106.000000 18.000000 7.913901
v 108.000000 18.000000 7.962303
v 110.000000 18.000000 7.596104
v 112.000000 18.000000 7.529384
v 114.000000 18.000000 7.681335
v 116.000000 18.000000 7.776729
v 118.000000 18.000000 7.598957
v 120.000000 18.000000 7.529391
v 122.000000 18.000000 7.873333
v 122.952072 18.000000 8.000000
v 124.000000 17.707273 8.000000
v 126.000000 18.000000 7.561448
v 124.462387 18.000000 8.000000
v 128.000000 18.000000 7.279105
v 130.000000 18.000000 7.245433
v 132.000000 18.000000 7.534278
v 134.000000 18.000000 7.553722
v 136.000000 18.000000 7.268249
v 138.000000 18.000000 7.191938
v 140.000000 18.000000 7.056527
v 142.000000 18.000000 6.976975
v 144.000000 18.000000 6.917724
v 146.000000 18.000000 6.698656
v 148.000000 18.000000 6.632739
v 150.000000 18.000000 6.699615
v 152.000000 18.000000 6.430259
v 154.000000 18.000000 6.373488
v 156.000000 18.000000 6.256075
v 158.000000 18.000000 6.181054
v 160.000000 18.000000 6.202972
v 162.000000 18.000000 6.191023
v 164.000000 18.000000 6.110470
v 166.000000 18.000000 6.061919
v 168.000000 18.000000 6.125657
v 170.000000 18.000000 6.038589
v 182.000000 18.000000 6.113149
v 184.000000 18.000000 6.151793
v 186.000000 18.000000 6.062263
v 198.000000 18.000000 6.027207
v 212.000000 18.000000 6.061591
v 214.000000 18.000000 6.272690
v 216.000000 18.000000 6.260374
v 218.000000 18.000000 6.271595
v 220.000000 18.000000 6.087596
v 228.000000 18.000000 6.027826
v 236.000000 18.000000 6.210001
v 238.000000 18.000000 6.112311
v 252.000000 18.000000 6.021002
v 254.000000 18.000000 6.058917
v 256.000000 18.000000 6.172867
v 282.000000 18.000000 6.129642
v 284.000000 18.000000 6.191522
v 286.000000 18.000000 6.104258
v 288.000000 18.000000 6.002524
v 300.000000 18.000000 6.046260
v 302.000000 18.000000 6.062541
v 304.000000 18.000000 6.236946
v 306.000000 18.000000 6.213892
v 308.000000 18.000000 6.073495
v 312.000000 18.000000 6.156253
v 314.000000 18.000000 6.267078
v 316.000000 18.000000 6.443907
v 318.000000 18.000000 6.442238
v 320.000000 18.000000 6.165781
v 322.000000 18.000000 6.075023
v 324.000000 18.000000 6.203298
v 326.000000 18.000000 6.253258
v 328.000000 18.000000 6.164392
v 330.000000 18.000000 6.039918
v 332.000000 18.000000 6.084413
v 334.000000 18.000000 6.171049
v 342.000000 18.000000 6.102508
v 344.000000 18.000000 6.139196
v 346.000000 18.000000 6.077107
v 348.000000 18.000000 6.220839
v 350.000000 18.000000 6.097520
v 0.000000 20.000000 6.540127
v 2.000000 20.000000 6.896602
v 4.000000 20.000000 6.879581
v 6.000000 20.000000 6.437365
v 8.000000 20.000000 6.353600
v 10.000000 20.000000 6.514582
v 12.000000 20.000000 6.598337
v 14.000000 20.000000 6.697968
v 16.000000 20.000000 6.948861
v 18.000000 20.000000 6.925375
v 20.000000 20.000000 6.502525
v 22.000000 20.000000 6.275671
v 24.000000 20.000000 6.469097
v 26.000000 20.000000 6.537699
v 28.000000 20.000000 6.491857
v 30.000000 20.000000 6.555334
v 32.000000 20.000000 6.756611
v 34.000000 20.000000 6.928229
v 36.000000 20.000000 6.896966
v 38.000000 20.000000 6.736329
v 40.000000 20.000000 6.635895
v 42.000000 20.000000 6.701364
v 44.000000 20.000000 6.912344
v 46.000000 20.000000 7.035225
v 48.000000 20.000000 7.093780
v 50.000000 20.000000 6.818820
v 52.000000 20.000000 6.850856
v 54.000000 20.000000 7.253778
v 56.000000 20.000000 7.524802
v 58.000000 20.000000 7.509138
v 60.000000 20.000000 7.069063
v 62.000000 20.000000 7.120599
v 64.000000 20.000000 7.100715
v 66.000000 20.000000 6.826666
v 68.000000 20.000000 6.951055
v 70.000000 20.000000 7.481203
v 72.000000 20.000000 7.786665
v 74.000000 20.000000 7.638994
v 76.000000 20.000000 7.860158
v 77.076309 20.000000 8.000000
v 78.000000 19.688341 8.000000
v 80.000000 20.000000 7.914038
v 79.165016 20.000000 8.000000
v 82.000000 20.000000 7.660207
v 84.000000 20.000000 7.700523
v 86.000000 20.000000 7.836403
v 87.017525 20.000000 8.000000
v 88.000000 19.656157 8.000000
v 90.000000 18.899746 8.000000
v 92.000000 18.591721 8.000000
v 94.000000 19.478058 8.000000
v 96.000000 19.902628 8.000000
v 98.000000 19.307789 8.000000
v 100.000000 18.674082 8.000000
v 102.000000 18.549438 8.000000
v 104.000000 18.500534 8.000000
v 106.000000 18.146288 8.000000
v 108.000000 18.065321 8.000000
v 110.000000 18.822456 8.000000
v 112.000000 18.988461 8.000000
v 114.000000 18.746635 8.000000
v 116.000000 18.765945 8.000000
v 118.000000 19.335638 8.000000
v 120.000000 19.198406 8.000000
v 122.000000 18.259367 8.000000
v 126.000000 19.142340 8.000000
v 128.000000 20.000000 7.804004
v 127.272446 20.000000 8.000000
v 129.484726 20.000000 8.000000
v 130.000000 19.846651 8.000000
v 132.000000 19.081011 8.000000
v 134.000000 19.414661 8.000000
v 136.000000 20.000000 7.756038
v 134.856033 20.000000 8.000000
v 138.000000 20.000000 7.709950
v 140.000000 20.000000 7.546046
v 142.000000 20.000000 7.529621
v 144.000000 20.000000 7.614335
v 146.000000 20.000000 7.343585
v 148.000000 20.000000 7.117035
v 150.000000 20.000000 7.124850
v 152.000000 20.000000 6.928538
v 154.000000 20.000000 6.862875
v 156.000000 20.000000 6.716899
v 158.000000 20.000000 6.628422
v 160.000000 20.000000 6.845311
v 162.000000 20.000000 6.868103
v 164.000000 20.000000 6.691242
v 166.000000 20.000000 6.728259
v 168.000000 20.000000 6.879544
v 170.000000 20.000000 6.730464
v 172.000000 20.000000 6.542591
v 174.000000 20.000000 6.433626
v 176.000000 20.000000 6.607667
v 178.000000 20.000000 6.472891
v 180.000000 20.000000 6.628729
v 182.000000 20.000000 6.874109
v 184.000000 20.000000 6.880542
v 186.000000 20.000000 6.656134
v 188.000000 20.000000 6.564810
v 190.000000 20.000000 6.566014
v 192.000000 20.000000 6.387808
v 194.000000 20.000000 6.350186
v 196.000000 20.000000 6.604082
v 198.000000 20.000000 6.734917
v 200.000000 20.000000 6.539514
v 202.000000 20.000000 6.104273
v 204.000000 20.000000 6.039587
v 206.000000 20.000000 6.177646
v 208.000000 20.000000 6.159278
v 210.000000 20.000000 6.506801
v 212.000000 20.000000 7.037046
v 214.000000 20.000000 7.270986
v 216.000000 20.000000 6.940667
v 218.000000 20.000000 6.661992
v 220.000000 20.000000 6.517460
v 222.000000 20.000000 6.525918
v 224.000000 20.000000 6.623391
v 226.000000 20.000000 6.356764
v 228.000000 20.000000 6.400506
v 230.000000 20.000000 6.508983
v 232.000000 20.000000 6.574078
v 234.000000 20.000000 6.793162
v 236.000000 20.000000 6.956057
v 238.000000 20.000000 6.786905
v 240.000000 20.000000 6.505200
v 242.000000 20.000000 6.207311
v 244.000000 20.000000 6.191397
v 246.000000 20.000000 6.185050
v 248.000000 20.000000 6.278530
v 250.000000 20.000000 6.516594
v 252.000000 20.000000 6.795319
v 254.000000 20.000000 6.830095
v 256.000000 20.000000 6.852643
v 258.000000 20.000000 6.765528
v 260.000000 20.000000 6.523397
v 262.000000 20.000000 6.191703
v 264.000000 20.000000 6.010127
v 266.000000 20.000000 6.409428
v 268.000000 20.000000 6.539196
v 270.000000 20.000000 6.504888
v 272.000000 20.000000 6.488033
v 274.000000 20.000000 6.295264
v 278.000000 20.000000 6.104539
v 280.000000 20.000000 6.501766
v 282.000000 20.000000 6.759333
v 284.000000 20.000000 6.762562
v 286.000000 20.000000 6.843809
v 288.000000 20.000000 6.689172
v 290.000000 20.000000 6.536754
v 292.000000 20.000000 6.239479
v 294.000000 20.000000 6.061936
v 296.000000 20.000000 6.321448
v 298.000000 20.000000 6.519276
v 300.000000 20.000000 6.520952
v 302.000000 20.000000 6.748574
v 304.000000 20.000000 6.896759
v 306.000000 20.000000 6.777572
v 308.000000 20.000000 6.670095
v 310.000000 20.000000 6.514586
v 312.000000 20.000000 6.688977
v 314.000000 20.000000 6.708519
v 316.000000 20.000000 6.881181
v 318.000000 20.000000 6.849824
v 320.000000 20.000000 6.526174
v 322.000000 20.000000 6.611870
v 324.000000 20.000000 6.912259
v 326.000000 20.000000 6.920618
v 328.000000 20.000000 6.681020
v 330.000000 20.000000 6.535337
v 332.000000 20.000000 6.644283
v 334.000000 20.000000 6.595655
v 336.000000 20.000000 6.243888
v 338.000000 20.000000 6.416230
v 340.000000 20.000000 6.523753
v 342.000000 20.000000 6.537203
v 344.000000 20.000000 6.587731
v 346.000000 20.000000 6.475660
v 348.000000 20.000000 6.563194
v 350.000000 20.000000 6.500268
v 352.000000 20.000000 6.089616
v 354.000000 20.000000 6.104166
v 356.000000 20.000000 6.400194
v 358.000000 20.000000 6.456992
v 360.000000 20.000000 6.540127
v 2.000000 22.000000 6.797867
v 0.000000 22.000000 6.438970
v 4.000000 22.000000 6.709696
v 6.000000 22.000000 6.315688
v 8.000000 22.000000 6.234128
v 10.000000 22.000000 6.376165
v 12.000000 22.000000 6.425210
v 14.000000 22.000000 6.472497
v 16.000000 22.000000 6.662769
v 18.000000 22.000000 6.633792
v 20.000000 22.000000 6.270283
v 22.000000 22.000000 6.132364
v 24.000000 22.000000 6.407982
v 26.000000 22.000000 6.517394
v 28.000000 22.000000 6.478595
v 30.000000 22.000000 6.499441
v 32.000000 22.000000 6.716680
v 34.000000 22.000000 6.929499
v 36.000000 22.000000 6.894916
v 38.000000 22.000000 6.782042
v 40.000000 22.000000 6.565505
v 42.000000 22.000000 6.547954
v 44.000000 22.000000 6.831550
v 46.000000 22.000000 7.104079
v 48.000000 22.000000 7.052752
v 50.000000 22.000000 6.671601
v 52.000000 22.000000 6.885134
v 54.000000 22.000000 7.427546
v 56.000000 22.000000 7.609142
v 58.000000 22.000000 7.560351
v 60.000000 22.000000 7.085696
v 62.000000 22.000000 6.949296
v 64.000000 22.000000 7.024353
v 66.000000 22.000000 6.867617
v 68.000000 22.000000 6.946222
v 70.000000 22.000000 7.622374
v 72.000000 22.000000 7.994820
v 74.000000 22.000000 7.599658
v 76.000000 22.000000 7.766607
v 76.892227 22.000000 8.000000
v 80.000000 20.701410 8.000000
v 82.000000 22.000000 7.821645
v 80.955368 22.000000 8.000000
v 84.000000 22.000000 7.738927
v 85.770943 22.000000 8.000000
v 86.000000 21.661245 8.000000
v 128.000000 22.000000 7.601600
v 126.739395 22.000000 8.000000
v 130.000000 20.756931 8.000000
v 130.000000 22.000000 7.885005
v 131.330505 22.000000 8.000000
v 136.000000 22.000000 7.844012
v 134.738800 22.000000 8.000000
v 138.000000 22.000000 7.606707
v 140.000000 22.000000 7.721508
v 142.000000 22.000000 7.745492
v 144.000000 22.000000 7.801038
v 146.000000 22.000000 7.752555
v 148.000000 22.000000 7.332099
v 150.000000 22.000000 7.336251
v 152.000000 22.000000 7.275207
v 154.000000 22.000000 7.087492
v 156.000000 22.000000 6.913589
v 158.000000 22.000000 6.947060
v 160.000000 22.000000 7.353902
v 162.000000 22.000000 7.364830
v 164.000000 22.000000 6.966520
v 166.000000 22.000000 7.056266
v 168.000000 22.000000 7.203616
v 170.000000 22.000000 7.005002
v 172.000000 22.000000 6.845906
v 174.000000 22.000000 6.752022
v 176.000000 22.000000 7.011644
v 178.000000 22.000000 6.943336
v 180.000000 22.000000 7.063320
v 182.000000 22.000000 7.305257
v 184.000000 22.000000 7.335278
v 186.000000 22.000000 7.003853
v 188.000000 22.000000 6.897932
v 190.000000 22.000000 6.964217
v 192.000000 22.000000 6.759726
v 194.000000 22.000000 6.554903
v 196.000000 22.000000 6.877267
v 198.000000 22.000000 7.107526
v 200.000000 22.000000 6.859515
v 202.000000 22.000000 6.369438
v 204.000000 22.000000 6.289217
v 206.000000 22.000000 6.429960
v 208.000000 22.000000 6.496539
v 210.000000 22.000000 6.925723
v 212.000000 22.000000 7.635414
v 214.000000 22.000000 7.888899
v 216.000000 22.000000 7.480487
v 218.000000 22.000000 7.058154
v 220.000000 22.000000 6.713897
v 222.000000 22.000000 6.791932
v 224.000000 22.000000 6.905039
v 226.000000 22.000000 6.581192
v 228.000000 22.000000 6.497965
v 230.000000 22.000000 6.694049
v 232.000000 22.000000 6.977715
v 234.000000 22.000000 7.349586
v 236.000000 22.000000 7.266173
v 238.000000 22.000000 7.049632
v 240.000000 22.000000 6.728189
v 242.000000 22.000000 6.559412
v 244.000000 22.000000 6.475405
v 246.000000 22.000000 6.462422
v 248.000000 22.000000 6.541256
v 250.000000 22.000000 6.840808
v 252.000000 22.000000 7.085128
v 254.000000 22.000000 7.179202
v 256.000000 22.000000 7.203794
v 258.000000 22.000000 6.995297
v 260.000000 22.000000 6.746823
v 262.000000 22.000000 6.423442
v 264.000000 22.000000 6.388710
v 266.000000 22.000000 6.929826
v 268.000000 22.000000 7.004874
v 270.000000 22.000000 6.876630
v 272.000000 22.000000 6.654557
v 274.000000 22.000000 6.445626
v 276.000000 22.000000 6.195860
v 278.000000 22.000000 6.332272
v 280.000000 22.000000 6.771972
v 282.000000 22.000000 6.897455
v 284.000000 22.000000 6.728498
v 286.000000 22.000000 6.839118
v 288.000000 22.000000 6.804710
v 290.000000 22.000000 6.691117
v 292.000000 22.000000 6.573281
v 294.000000 22.000000 6.343476
v 296.000000 22.000000 6.540501
v 298.000000 22.000000 6.668676
v 300.000000 22.000000 6.712098
v 302.000000 22.000000 6.937867
v 304.000000 22.000000 6.973611
v 306.000000 22.000000 6.828799
v 308.000000 22.000000 6.757408
v 310.000000 22.000000 6.753952
v 312.000000 22.000000 6.674900
v 314.000000 22.000000 6.557032
v 316.000000 22.000000 6.676559
v 318.000000 22.000000 6.790909
v 320.000000 22.000000 6.625657
v 322.000000 22.000000 6.699732
v 324.000000 22.000000 6.863858
v 326.000000 22.000000 6.914092
v 328.000000 22.000000 6.663204
v 330.000000 22.000000 6.604831
v 332.000000 22.000000 6.731666
v 334.000000 22.000000 6.563311
v 336.000000 22.000000 6.193444
v 338.000000 22.000000 6.461706
v 340.000000 22.000000 6.438268
v 342.000000 22.000000 6.373020
v 344.000000 22.000000 6.406659
v 346.000000 22.000000 6.366556
v 348.000000 22.000000 6.511270
v 350.000000 22.000000 6.411289
v 354.000000 22.000000 6.042073
v 356.000000 22.000000 6.401225
v 358.000000 22.000000 6.388669
v 360.000000 22.000000 6.438970
v 2.000000 24.000000 6.543919
v 0.000000 24.000000 6.277994
v 4.000000 24.000000 6.463274
v 6.000000 24.000000 6.144457
v 8.000000 24.000000 6.143389
v 10.000000 24.000000 6.295637
v 12.000000 24.000000 6.388689
v 14.000000 24.000000 6.389181
v 16.000000 24.000000 6.548665
v 18.000000 24.000000 6.662964
v 20.000000 24.000000 6.251296
v 22.000000 24.000000 6.032312
v 24.000000 24.000000 6.170786
v 26.000000 24.000000 6.436485
v 28.000000 24.000000 6.445265
v 30.000000 24.000000 6.362122
v 32.000000 24.000000 6.557882
v 34.000000 24.000000 6.961196
v 36.000000 24.000000 7.052449
v 38.000000 24.000000 6.786594
v 40.000000 24.000000 6.583689
v 42.000000 24.000000 6.820160
v 44.000000 24.000000 7.397821
v 46.000000 24.000000 7.578431
v 48.000000 24.000000 7.210497
v 50.000000 24.000000 6.835020
v 52.000000 24.000000 7.232912
v 54.000000 24.000000 7.884244
v 56.000000 24.000000 7.855526
v 58.000000 24.000000 7.743922
v 60.000000 24.000000 7.570620
v 62.000000 24.000000 7.588258
v 64.000000 24.000000 7.200713
v 66.000000 24.000000 7.021259
v 68.000000 24.000000 7.479861
v 69.254555 24.000000 8.000000
v 70.000000 23.071257 8.000000
v 72.000000 22.013636 8.000000
v 74.000000 22.967230 8.000000
v 76.000000 22.543852 8.000000
v 82.000000 22.913408 8.000000
v 84.000000 23.216679 8.000000
v 128.000000 23.903324 8.000000
v 130.000000 22.775856 8.000000
v 136.000000 22.921589 8.000000
v 138.000000 24.000000 7.932540
v 137.508881 24.000000 8.000000
v 140.000000 24.000000 7.808055
v 142.000000 24.000000 7.895875
v 144.000000 24.000000 7.910304
v 146.000000 24.000000 7.749231
v 148.000000 24.000000 7.496727
v 150.000000 24.000000 7.374598
v 152.000000 24.000000 7.299068
v 154.000000 24.000000 7.003832
v 156.000000 24.000000 6.764332
v 158.000000 24.000000 6.879760
v 160.000000 24.000000 7.233140
v 162.000000 24.000000 7.198667
v 164.000000 24.000000 6.797995
v 166.000000 24.000000 6.877025
v 168.000000 24.000000 7.131885
v 170.000000 24.000000 6.863839
v 172.000000 24.000000 6.579792
v 174.000000 24.000000 6.550330
v 176.000000 24.000000 6.762533
v 178.000000 24.000000 6.759772
v 180.000000 24.000000 6.760794
v 182.000000 24.000000 7.071466
v 184.000000 24.000000 7.111787
v 186.000000 24.000000 6.803097
v 188.000000 24.000000 6.553183
v 190.000000 24.000000 6.680776
v 192.000000 24.000000 6.395845
v 194.000000 24.000000 6.322211
v 196.000000 24.000000 6.588252
v 198.000000 24.000000 6.896132
v 200.000000 24.000000 6.614361
v 202.000000 24.000000 6.097358
v 204.000000 24.000000 6.028269
v 206.000000 24.000000 6.146542
v 208.000000 24.000000 6.192896
v 210.000000 24.000000 6.587440
v 212.000000 24.000000 7.258858
v 214.000000 24.000000 7.524520
v 216.000000 24.000000 7.104393
v 218.000000 24.000000 6.715311
v 220.000000 24.000000 6.470435
v 222.000000 24.000000 6.482001
v 224.000000 24.000000 6.532156
v 226.000000 24.000000 6.191722
v 228.000000 24.000000 6.159700
v 230.000000 24.000000 6.471204
v 232.000000 24.000000 6.656140
v 234.000000 24.000000 6.746749
v 236.000000 24.000000 6.772018
v 238.000000 24.000000 6.624708
v 240.000000 24.000000 6.451898
v 242.000000 24.000000 6.180689
v 244.000000 24.000000 6.127381
v 246.000000 24.000000 6.157135
v 248.000000 24.000000 6.238037
v 250.000000 24.000000 6.604894
v 252.000000 24.000000 6.845122
v 254.000000 24.000000 6.907613
v 256.000000 24.000000 6.841144
v 258.000000 24.000000 6.686626
v 260.000000 24.000000 6.496360
v 262.000000 24.000000 6.156929
v 264.000000 24.000000 6.029046
v 266.000000 24.000000 6.305258
v 268.000000 24.000000 6.555775
v 270.000000 24.000000 6.607405
v 272.000000 24.000000 6.348664
v 274.000000 24.000000 6.125350
v 278.000000 24.000000 6.092340
v 280.000000 24.000000 6.454669
v 282.000000 24.000000 6.586441
v 284.000000 24.000000 6.497530
v 286.000000 24.000000 6.577431
v 288.000000 24.000000 6.487696
v 290.000000 24.000000 6.426217
v 292.000000 24.000000 6.272243
v 296.000000 24.000000 6.069177
v 298.000000 24.000000 6.252642
v 300.000000 24.000000 6.371580
v 302.000000 24.000000 6.423758
v 304.000000 24.000000 6.472389
v 306.000000 24.000000 6.538509
v 308.000000 24.000000 6.570666
v 310.000000 24.000000 6.443242
v 312.000000 24.000000 6.239534
v 314.000000 24.000000 6.203628
v 316.000000 24.000000 6.218356
v 318.000000 24.000000 6.322543
v 320.000000 24.000000 6.367863
v 322.000000 24.000000 6.409817
v 324.000000 24.000000 6.576316
v 326.000000 24.000000 6.680107
v 328.000000 24.000000 6.651916
v 330.000000 24.000000 6.400179
v 332.000000 24.000000 6.294094
v 334.000000 24.000000 6.299768
v 336.000000 24.000000 6.103024
v 338.000000 24.000000 6.092171
v 340.000000 24.000000 6.243311
v 342.000000 24.000000 6.394307
v 344.000000 24.000000 6.342516
v 346.000000 24.000000 6.232854
v 348.000000 24.000000 6.429016
v 350.000000 24.000000 6.291197
v 352.000000 24.000000 6.030921
v 356.000000 24.000000 6.262233
v 358.000000 24.000000 6.331428
v 360.000000 24.000000 6.277994
v 2.000000 26.000000 7.168857
v 0.000000 26.000000 6.978271
v 4.000000 26.000000 7.007281
v 6.000000 26.000000 6.770060
v 8.000000 26.000000 6.800881
v 10.000000 26.000000 6.996401
v 12.000000 26.000000 7.203208
v 14.000000 26.000000 7.236611
v 16.000000 26.000000 7.419154
v 18.000000 26.000000 7.528697
v 20.000000 26.000000 7.233866
v 22.000000 26.000000 6.915665
v 24.000000 26.000000 6.968837
v 26.000000 26.000000 7.369055
v 28.000000 26.000000 7.557987
v 30.000000 26.000000 7.568422
v 32.000000 26.000000 7.885981
v 32.864765 26.000000 8.000000
v 34.000000 25.770264 8.000000
v 36.000000 25.827684 8.000000
v 38.000000 26.000000 7.977106
v 37.642223 26.000000 8.000000
v 40.000000 26.000000 7.877404
v 40.471912 26.000000 8.000000
v 42.000000 25.534611 8.000000
v 44.000000 24.943869 8.000000
v 46.000000 24.592566 8.000000
v 48.000000 25.065025 8.000000
v 50.000000 25.444929 8.000000
v 52.000000 24.970169 8.000000
v 54.000000 24.149231 8.000000
v 56.000000 24.181738 8.000000
v 58.000000 24.363422 8.000000
v 60.000000 24.548382 8.000000
v 62.000000 24.523230 8.000000
v 64.000000 25.020844 8.000000
v 66.000000 25.335838 8.000000
v 68.000000 24.713480 8.000000
v 138.000000 24.092297 8.000000
v 140.000000 24.312490 8.000000
v 142.000000 24.190216 8.000000
v 144.000000 24.184267 8.000000
v 146.000000 24.529261 8.000000
v 148.000000 25.003942 8.000000
v 150.000000 25.314365 8.000000
v 152.000000 25.426495 8.000000
v 154.000000 26.000000 7.788088
v 153.168564 26.000000 8.000000
v 156.000000 26.000000 7.607514
v 158.000000 26.000000 7.714383
v 160.000000 26.000000 7.792565
v 162.000000 26.000000 7.987896
v 164.000000 26.000000 7.755889
v 166.000000 26.000000 7.598972
v 168.000000 26.000000 7.751795
v 170.000000 26.000000 7.426481
v 172.000000 26.000000 7.048367
v 174.000000 26.000000 6.854879
v 176.000000 26.000000 7.035942
v 178.000000 26.000000 7.038035
v 180.000000 26.000000 7.142130
v 182.000000 26.000000 7.457303
v 184.000000 26.000000 7.478158
v 186.000000 26.000000 7.152873
v 188.000000 26.000000 6.869834
v 190.000000 26.000000 7.007207
v 192.000000 26.000000 6.775433
v 194.000000 26.000000 6.715301
v 196.000000 26.000000 7.005250
v 198.000000 26.000000 7.187463
v 200.000000 26.000000 6.893075
v 202.000000 26.000000 6.386720
v 204.000000 26.000000 6.261003
v 206.000000 26.000000 6.317404
v 208.000000 26.000000 6.436973
v 210.000000 26.000000 6.755501
v 212.000000 26.000000 7.309764
v 214.000000 26.000000 7.701964
v 216.000000 26.000000 7.387935
v 218.000000 26.000000 6.971292
v 220.000000 26.000000 6.771181
v 222.000000 26.000000 6.749136
v 224.000000 26.000000 6.671888
v 226.000000 26.000000 6.464023
v 228.000000 26.000000 6.584878
v 230.000000 26.000000 6.676359
v 232.000000 26.000000 6.714143
v 234.000000 26.000000 6.911240
v 236.000000 26.000000 7.076503
v 238.000000 26.000000 6.913731
v 240.000000 26.000000 6.613745
v 242.000000 26.000000 6.305923
v 244.000000 26.000000 6.172082
v 246.000000 26.000000 6.146069
v 248.000000 26.000000 6.184110
v 250.000000 26.000000 6.560394
v 252.000000 26.000000 6.889631
v 254.000000 26.000000 6.898794
v 256.000000 26.000000 6.996094
v 258.000000 26.000000 6.876736
v 260.000000 26.000000 6.570897
v 262.000000 26.000000 6.151859
v 264.000000 26.000000 6.072795
v 266.000000 26.000000 6.358429
v 268.000000 26.000000 6.562715
v 270.000000 26.000000 6.602756
v 272.000000 26.000000 6.607749
v 274.000000 26.000000 6.173231
v 278.000000 26.000000 6.129148
v 280.000000 26.000000 6.652281
v 282.000000 26.000000 6.749810
v 284.000000 26.000000 6.799465
v 286.000000 26.000000 6.981463
v 288.000000 26.000000 6.878089
v 290.000000 26.000000 6.662513
v 292.000000 26.000000 6.491246
v 294.000000 26.000000 6.200320
v 296.000000 26.000000 6.291820
v 298.000000 26.000000 6.568974
v 300.000000 26.000000 6.784639
v 302.000000 26.000000 6.872090
v 304.000000 26.000000 6.835788
v 306.000000 26.000000 6.956522
v 308.000000 26.000000 6.824250
v 310.000000 26.000000 6.698133
v 312.000000 26.000000 6.685197
v 314.000000 26.000000 6.673586
v 316.000000 26.000000 6.818807
v 318.000000 26.000000 6.858487
v 320.000000 26.000000 6.696000
v 322.000000 26.000000 6.832976
v 324.000000 26.000000 7.208300
v 326.000000 26.000000 7.282645
v 328.000000 26.000000 6.992947
v 330.000000 26.000000 6.718912
v 332.000000 26.000000 6.706487
v 334.000000 26.000000 6.709344
v 336.000000 26.000000 6.495296
v 338.000000 26.000000 6.500268
v 340.000000 26.000000 6.819993
v 342.000000 26.000000 6.923432
v 344.000000 26.000000 6.888251
v 346.000000 26.000000 6.774777
v 348.000000 26.000000 6.951666
v 350.000000 26.000000 7.013496
v 352.000000 26.000000 6.728555
v 354.000000 26.000000 6.791568
v 356.000000 26.000000 7.013559
v 358.000000 26.000000 6.976146
v 360.000000 26.000000 6.978271
v 2.000000 28.000000 7.693409
v 0.000000 28.000000 7.442286
v 4.000000 28.000000 7.512987
v 6.000000 28.000000 7.235611
v 8.000000 28.000000 7.378219
v 10.000000 28.000000 7.627925
v 12.000000 28.000000 7.680751
v 14.000000 28.000000 7.963473
v 14.612242 28.000000 8.000000
v 16.000000 27.772221 8.000000
v 18.000000 27.487139 8.000000
v 20.000000 28.000000 7.840802
v 19.012848 28.000000 8.000000
v 22.000000 28.000000 7.609974
v 24.000000 28.000000 7.715042
v 25.977394 28.000000 8.000000
v 26.000000 27.990301 8.000000
v 28.000000 27.402567 8.000000
v 30.000000 27.032682 8.000000
v 32.000000 26.251432 8.000000
v 38.000000 26.054447 8.000000
v 40.000000 26.247490 8.000000
v 154.000000 26.491043 8.000000
v 156.000000 26.745832 8.000000
v 158.000000 26.582636 8.000000
v 160.000000 26.539909 8.000000
v 162.000000 26.029095 8.000000
v 164.000000 26.541176 8.000000
v 166.000000 26.990179 8.000000
v 168.000000 26.893576 8.000000
v 170.000000 27.812672 8.000000
v 172.000000 28.000000 7.683578
v 170.327271 28.000000 8.000000
v 174.000000 28.000000 7.263500
v 176.000000 28.000000 7.528114
v 178.000000 28.000000 7.776244
v 180.000000 28.000000 7.728110
v 181.854904 28.000000 8.000000
v 182.000000 27.929810 8.000000
v 184.000000 27.734276 8.000000
v 186.000000 28.000000 7.803908
v 184.606934 28.000000 8.000000
v 188.000000 28.000000 7.420380
v 190.000000 28.000000 7.646526
v 192.000000 28.000000 7.257626
v 194.000000 28.000000 7.177712
v 196.000000 28.000000 7.569815
v 198.000000 28.000000 7.726380
v 200.000000 28.000000 7.351145
v 202.000000 28.000000 6.778582
v 204.000000 28.000000 6.633528
v 206.000000 28.000000 6.655188
v 208.000000 28.000000 6.691104
v 210.000000 28.000000 7.167690
v 212.000000 28.000000 7.758133
v 213.326630 28.000000 8.000000
v 214.000000 27.412710 8.000000
v 216.000000 28.000000 7.734593
v 214.643112 28.000000 8.000000
v 218.000000 28.000000 7.338664
v 220.000000 28.000000 7.121239
v 222.000000 28.000000 7.129960
v 224.000000 28.000000 7.178345
v 226.000000 28.000000 6.907755
v 228.000000 28.000000 6.957668
v 230.000000 28.000000 7.036444
v 232.000000 28.000000 7.081411
v 234.000000 28.000000 7.323437
v 236.000000 28.000000 7.456068
v 238.000000 28.000000 7.239254
v 240.000000 28.000000 6.944695
v 242.000000 28.000000 6.624607
v 244.000000 28.000000 6.466455
v 246.000000 28.000000 6.425953
v 248.000000 28.000000 6.482861
v 250.000000 28.000000 6.824791
v 252.000000 28.000000 7.112536
v 254.000000 28.000000 7.165636
v 256.000000 28.000000 7.260994
v 258.000000 28.000000 7.236915
v 260.000000 28.000000 6.807557
v 262.000000 28.000000 6.419355
v 264.000000 28.000000 6.409054
v 266.000000 28.000000 6.727723
v 268.000000 28.000000 6.866092
v 270.000000 28.000000 6.927582
v 272.000000 28.000000 6.933293
v 274.000000 28.000000 6.512513
v 276.000000 28.000000 6.192691
v 278.000000 28.000000 6.431754
v 280.000000 28.000000 6.946396
v 282.000000 28.000000 7.007928
v 284.000000 28.000000 7.072387
v 286.000000 28.000000 7.440942
v 288.000000 28.000000 7.406154
v 290.000000 28.000000 7.032524
v 292.000000 28.000000 6.877098
v 294.000000 28.000000 6.604076
v 296.000000 28.000000 6.642411
v 298.000000 28.000000 7.017255
v 300.000000 28.000000 7.218759
v 302.000000 28.000000 7.432121
v 304.000000 28.000000 7.424464
v 306.000000 28.000000 7.398475
v 308.000000 28.000000 7.226538
v 310.000000 28.000000 7.117034
v 312.000000 28.000000 7.133412
v 314.000000 28.000000 7.200855
v 316.000000 28.000000 7.272831
v 318.000000 28.000000 7.182353
v 320.000000 28.000000 7.006475
v 322.000000 28.000000 7.180979
v 324.000000 28.000000 7.568706
v 326.000000 28.000000 7.589537
v 328.000000 28.000000 7.246547
v 330.000000 28.000000 6.976372
v 332.000000 28.000000 6.964331
v 334.000000 28.000000 6.967757
v 336.000000 28.000000 6.726390
v 338.000000 28.000000 6.839478
v 340.000000 28.000000 7.146157
v 342.000000 28.000000 7.308264
v 344.000000 28.000000 7.310801
v 346.000000 28.000000 7.199633
v 348.000000 28.000000 7.339980
v 350.000000 28.000000 7.364232
v 352.000000 28.000000 7.170640
v 354.000000 28.000000 7.254808
v 356.000000 28.000000 7.483167
v 358.000000 28.000000 7.377325
v 360.000000 28.000000 7.442286
v 2.000000 30.000000 7.079851
v 0.000000 30.000000 6.636147
v 4.000000 30.000000 6.839182
v 6.000000 30.000000 6.509169
v 8.000000 30.000000 6.630871
v 10.000000 30.000000 6.897962
v 12.000000 30.000000 6.867889
v 14.000000 30.000000 7.094145
v 16.000000 28.297419 8.000000
v 16.000000 30.000000 7.525894
v 18.000000 28.520338 8.000000
v 18.000000 30.000000 7.510411
v 20.000000 30.000000 7.236514
v 22.000000 30.000000 7.140488
v 24.000000 30.000000 7.306507
v 26.000000 28.015978 8.000000
v 26.000000 30.000000 7.599906
v 28.000000 28.604202 8.000000
v 28.000000 30.000000 7.558128
v 30.000000 29.247314 8.000000
v 30.000000 30.000000 7.740310
v 30.796587 30.000000 8.000000
v 166.000000 30.000000 7.870098
v 165.248337 30.000000 8.000000
v 166.000000 29.551773 8.000000
v 168.000000 29.381971 8.000000
v 168.000000 30.000000 7.859446
v 170.000000 28.238281 8.000000
v 170.000000 30.000000 7.550517
v 172.000000 30.000000 7.167246
v 174.000000 30.000000 6.696912
v 176.000000 30.000000 6.974010
v 178.000000 30.000000 7.109336
v 180.000000 30.000000 7.229356
v 182.000000 28.086086 8.000000
v 182.000000 30.000000 7.529035
v 184.000000 28.462683 8.000000
v 184.000000 30.000000 7.718448
v 186.000000 30.000000 7.432533
v 188.000000 30.000000 7.033180
v 190.000000 30.000000 7.058414
v 192.000000 30.000000 6.912763
v 194.000000 30.000000 6.815993
v 196.000000 30.000000 7.025941
v 198.000000 30.000000 7.275154
v 200.000000 30.000000 6.925415
v 202.000000 30.000000 6.320201
v 204.000000 30.000000 6.102491
v 206.000000 30.000000 6.272969
v 208.000000 30.000000 6.374793
v 210.000000 30.000000 6.795404
v 212.000000 30.000000 7.493834
v 214.000000 28.720858 8.000000
v 214.000000 30.000000 7.785761
v 216.000000 30.000000 7.532579
v 218.000000 30.000000 7.105067
v 220.000000 30.000000 6.715799
v 222.000000 30.000000 6.815294
v 224.000000 30.000000 6.885792
v 226.000000 30.000000 6.504084
v 228.000000 30.000000 6.603103
v 230.000000 30.000000 6.634033
v 232.000000 30.000000 6.625764
v 234.000000 30.000000 6.817646
v 236.000000 30.000000 7.022452
v 238.000000 30.000000 6.852483
v 240.000000 30.000000 6.563760
v 242.000000 30.000000 6.231836
v 244.000000 30.000000 6.109565
v 246.000000 30.000000 6.092370
v 248.000000 30.000000 6.178743
v 250.000000 30.000000 6.521156
v 252.000000 30.000000 6.860597
v 254.000000 30.000000 6.832048
v 256.000000 30.000000 6.758164
v 258.000000 30.000000 6.794202
v 260.000000 30.000000 6.503936
v 262.000000 30.000000 6.086443
v 266.000000 30.000000 6.225821
v 268.000000 30.000000 6.496451
v 270.000000 30.000000 6.540430
v 272.000000 30.000000 6.452357
v 274.000000 30.000000 6.125350
v 278.000000 30.000000 6.024295
v 280.000000 30.000000 6.546963
v 282.000000 30.000000 6.650757
v 284.000000 30.000000 6.631253
v 286.000000 30.000000 6.735636
v 288.000000 30.000000 6.780571
v 290.000000 30.000000 6.541217
v 292.000000 30.000000 6.252125
v 296.000000 30.000000 6.072813
v 298.000000 30.000000 6.336266
v 300.000000 30.000000 6.495172
v 302.000000 30.000000 6.686246
v 304.000000 30.000000 6.923461
v 306.000000 30.000000 6.906406
v 308.000000 30.000000 6.707468
v 310.000000 30.000000 6.517045
v 312.000000 30.000000 6.492356
v 314.000000 30.000000 6.588604
v 316.000000 30.000000 6.653559
v 318.000000 30.000000 6.597152
v 320.000000 30.000000 6.520794
v 322.000000 30.000000 6.714452
v 324.000000 30.000000 7.074705
v 326.000000 30.000000 7.054812
v 328.000000 30.000000 6.768450
v 330.000000 30.000000 6.533332
v 332.000000 30.000000 6.497876
v 334.000000 30.000000 6.350152
v 336.000000 30.000000 6.139922
v 338.000000 30.000000 6.255709
v 340.000000 30.000000 6.502788
v 342.000000 30.000000 6.568498
v 344.000000 30.000000 6.454130
v 346.000000 30.000000 6.341099
v 348.000000 30.000000 6.570250
v 350.000000 30.000000 6.549995
v 352.000000 30.000000 6.347408
v 354.000000 30.000000 6.512478
v 356.000000 30.000000 6.912071
v 358.000000 30.000000 6.541702
v 360.000000 30.000000 6.636147
v 2.000000 32.000000 6.459004
v 4.000000 32.000000 6.173154
v 10.000000 32.000000 6.259372
v 12.000000 32.000000 6.157073
v 14.000000 32.000000 6.442822
v 16.000000 32.000000 6.915308
v 18.000000 32.000000 6.988766
v 20.000000 32.000000 6.671834
v 22.000000 32.000000 6.619305
v 24.000000 32.000000 6.915898
v 26.000000 32.000000 7.209576
v 28.000000 32.000000 6.994663
v 30.000000 32.000000 7.115523
v 32.000000 31.270531 8.000000
v 32.000000 32.000000 7.739942
v 34.000000 31.751837 8.000000
v 34.000000 32.000000 7.883377
v 36.000000 30.971312 8.000000
v 36.000000 32.000000 7.500038
v 38.000000 30.172813 8.000000
v 38.000000 32.000000 7.178653
v 40.000000 30.677628 8.000000
v 40.000000 32.000000 7.412898
v 41.714310 32.000000 8.000000
v 148.000000 32.000000 7.886355
v 146.897797 32.000000 8.000000
v 148.000000 31.769522 8.000000
v 150.000000 31.431128 8.000000
v 150.000000 32.000000 7.729005
v 152.000000 30.718859 8.000000
v 152.000000 32.000000 7.382626
v 154.000000 30.484776 8.000000
v 154.000000 32.000000 7.279952
v 156.000000 30.747156 8.000000
v 156.000000 32.000000 7.361443
v 158.000000 30.437922 8.000000
v 158.000000 32.000000 7.087350
v 160.000000 30.097866 8.000000
v 160.000000 32.000000 6.944683
v 162.000000 30.598320 8.000000
v 162.000000 32.000000 7.103948
v 164.000000 30.349264 8.000000
v 164.000000 32.000000 7.063409
v 166.000000 32.000000 6.832418
v 168.000000 32.000000 6.781390
v 170.000000 32.000000 6.705842
v 172.000000 32.000000 6.425318
v 174.000000 32.000000 6.007847
v 176.000000 32.000000 6.210184
v 178.000000 32.000000 6.347067
v 180.000000 32.000000 6.437691
v 182.000000 32.000000 6.646451
v 184.000000 32.000000 6.817632
v 186.000000 32.000000 6.623710
v 188.000000 32.000000 6.348058
v 190.000000 32.000000 6.257108
v 192.000000 32.000000 6.193230
v 194.000000 32.000000 6.187054
v 196.000000 32.000000 6.395790
v 198.000000 32.000000 6.528871
v 200.000000 32.000000 6.254924
v 210.000000 32.000000 6.049761
v 212.000000 32.000000 6.599868
v 214.000000 32.000000 6.859321
v 216.000000 32.000000 6.809216
v 218.000000 32.000000 6.460245
v 220.000000 32.000000 6.065144
v 222.000000 32.000000 6.086818
v 224.000000 32.000000 6.070345
v 226.000000 32.000000 6.023397
v 236.000000 32.000000 6.188472
v 238.000000 32.000000 6.108972
v 252.000000 32.000000 6.047745
v 306.000000 32.000000 6.003707
v 324.000000 32.000000 6.293249
v 326.000000 32.000000 6.324911
v 328.000000 32.000000 6.075223
v 356.000000 32.000000 6.147136
v 0.000000 34.000000 6.484149
v 2.000000 34.000000 7.153222
v 4.000000 34.000000 6.654582
v 6.000000 34.000000 6.215988
v 8.000000 34.000000 6.418314
v 10.000000 34.000000 6.879297
v 12.000000 34.000000 6.961283
v 14.000000 34.000000 7.336517
v 16.000000 34.000000 7.986650
v 18.000000 34.000000 7.919191
v 20.000000 34.000000 7.462443
v 22.000000 34.000000 7.483199
v 24.000000 34.000000 7.736684
v 26.000000 34.000000 7.871220
v 27.506235 34.000000 8.000000
v 28.000000 33.926029 8.000000
v 30.000000 33.617416 8.000000
v 32.000000 32.332455 8.000000
v 34.000000 32.154762 8.000000
v 36.000000 32.900986 8.000000
v 38.000000 33.185051 8.000000
v 40.000000 32.905987 8.000000
v 148.000000 32.216049 8.000000
v 150.000000 32.581295 8.000000
v 152.000000 33.311527 8.000000
v 154.000000 33.616924 8.000000
v 156.000000 33.360577 8.000000
v 158.000000 33.973743 8.000000
v 160.000000 34.000000 7.739842
v 158.096390 34.000000 8.000000
v 162.000000 34.000000 7.969637
v 162.482391 34.000000 8.000000
v 164.000000 33.831028 8.000000
v 166.000000 34.000000 7.524677
v 164.315262 34.000000 8.000000
v 168.000000 34.000000 7.336444
v 170.000000 34.000000 7.344996
v 172.000000 34.000000 6.887181
v 174.000000 34.000000 6.383562
v 176.000000 34.000000 6.612840
v 178.000000 34.000000 6.957697
v 180.000000 34.000000 7.018157
v 182.000000 34.000000 7.140851
v 184.000000 34.000000 7.371425
v 186.000000 34.000000 7.284855
v 188.000000 34.000000 6.861005
v 190.000000 34.000000 6.793221
v 192.000000 34.000000 6.903629
v 194.000000 34.000000 6.952140
v 196.000000 34.000000 6.797513
v 198.000000 34.000000 6.879073
v 200.000000 34.000000 6.602905
v 206.000000 34.000000 6.161306
v 208.000000 34.000000 6.441543
v 210.000000 34.000000 6.426103
v 212.000000 34.000000 6.757449
v 214.000000 34.000000 7.056505
v 216.000000 34.000000 7.075970
v 218.000000 34.000000 6.809504
v 220.000000 34.000000 6.381792
v 222.000000 34.000000 6.534089
v 224.000000 34.000000 6.607118
v 226.000000 34.000000 6.636292
v 228.000000 34.000000 6.618973
v 230.000000 34.000000 6.239566
v 232.000000 34.000000 6.035123
v 234.000000 34.000000 6.222456
v 236.000000 34.000000 6.433884
v 238.000000 34.000000 6.352201
v 240.000000 34.000000 6.049351
v 252.000000 34.000000 6.230489
v 254.000000 34.000000 6.274289
v 256.000000 34.000000 6.361890
v 258.000000 34.000000 6.159839
v 282.000000 34.000000 6.072871
v 284.000000 34.000000 6.196526
v 286.000000 34.000000 6.041870
v 304.000000 34.000000 6.172455
v 306.000000 34.000000 6.247118
v 314.000000 34.000000 6.134661
v 316.000000 34.000000 6.297073
v 318.000000 34.000000 6.046256
v 322.000000 34.000000 6.098741
v 324.000000 34.000000 6.444757
v 326.000000 34.000000 6.525138
v 328.000000 34.000000 6.257411
v 342.000000 34.000000 6.191017
v 348.000000 34.000000 6.199482
v 350.000000 34.000000 6.123464
v 352.000000 34.000000 6.045466
v 354.000000 34.000000 6.403673
v 356.000000 34.000000 6.686227
v 358.000000 34.000000 6.427531
v 360.000000 34.000000 6.484149
v 0.000000 35.515827 8.000000
v 2.000000 34.810555 8.000000
v 4.000000 35.365356 8.000000
v 6.000000 35.872330 8.000000
v 8.000000 35.583591 8.000000
v 10.000000 35.166218 8.000000
v 12.000000 34.967709 8.000000
v 14.000000 34.603180 8.000000
v 16.000000 34.011780 8.000000
v 18.000000 34.069351 8.000000
v 20.000000 34.508850 8.000000
v 22.000000 34.532066 8.000000
v 24.000000 34.285625 8.000000
v 26.000000 34.149670 8.000000
v 160.000000 34.234680 8.000000
v 162.000000 34.028355 8.000000
v 166.000000 34.512733 8.000000
v 168.000000 34.733570 8.000000
v 170.000000 34.728725 8.000000
v 172.000000 35.277126 8.000000
v 174.000000 36.000000 7.969154
v 173.919632 36.000000 8.000000
v 174.172531 36.000000 8.000000
v 176.000000 35.664150 8.000000
v 178.000000 35.182129 8.000000
v 180.000000 35.123508 8.000000
v 182.000000 35.001118 8.000000
v 184.000000 34.735767 8.000000
v 186.000000 34.855129 8.000000
v 188.000000 35.457531 8.000000
v 190.000000 35.412621 8.000000
v 192.000000 35.146896 8.000000
v 194.000000 35.093544 8.000000
v 196.000000 35.332352 8.000000
v 198.000000 35.293865 8.000000
v 200.000000 35.491348 8.000000
v 202.000000 36.000000 7.763663
v 201.400574 36.000000 8.000000
v 204.000000 36.000000 7.555817
v 205.600693 36.000000 8.000000
v 206.000000 35.909801 8.000000
v 208.000000 35.702961 8.000000
v 210.000000 35.750065 8.000000
v 212.000000 35.679482 8.000000
v 214.000000 35.223446 8.000000
v 216.000000 35.275646 8.000000
v 218.000000 35.816193 8.000000
v 220.000000 35.842052 8.000000
v 222.000000 35.661903 8.000000
v 224.000000 35.503288 8.000000
v 226.000000 35.487648 8.000000
v 228.000000 35.553200 8.000000
v 230.000000 36.000000 7.985477
v 229.940903 36.000000 8.000000
v 232.000000 36.000000 7.644174
v 234.000000 36.000000 7.686213
v 235.900879 36.000000 8.000000
v 236.000000 35.982689 8.000000
v 238.000000 35.891102 8.000000
v 240.000000 36.000000 7.703712
v 238.555344 36.000000 8.000000
v 242.000000 36.000000 7.149950
v 244.000000 36.000000 6.998315
v 246.000000 36.000000 6.974402
v 248.000000 36.000000 7.149564
v 250.000000 36.000000 7.538699
v 252.000000 36.000000 7.914178
v 253.257797 36.000000 8.000000
v 254.000000 35.953106 8.000000
v 256.000000 35.959343 8.000000
v 258.000000 36.000000 7.754755
v 256.288361 36.000000 8.000000
v 260.000000 36.000000 7.361346
v 262.000000 36.000000 6.980934
v 264.000000 36.000000 6.702264
v 266.000000 36.000000 6.985319
v 268.000000 36.000000 7.413270
v 270.000000 36.000000 7.342481
v 272.000000 36.000000 7.142708
v 274.000000 36.000000 6.933896
v 276.000000 36.000000 6.684574
v 278.000000 36.000000 6.869370
v 280.000000 36.000000 7.324403
v 282.000000 36.000000 7.637580
v 284.000000 36.000000 7.816761
v 286.000000 36.000000 7.704151
v 288.000000 36.000000 7.639562
v 290.000000 36.000000 7.311713
v 292.000000 36.000000 6.994720
v 294.000000 36.000000 6.693695
v 296.000000 36.000000 6.817736
v 298.000000 36.000000 7.117698
v 300.000000 36.000000 7.362583
v 302.000000 36.000000 7.513865
v 304.000000 36.000000 7.729160
v 306.000000 36.000000 7.817749
v 308.000000 36.000000 7.560948
v 310.000000 36.000000 7.339616
v 312.000000 36.000000 7.597534
v 313.631195 36.000000 8.000000
v 314.000000 35.921486 8.000000
v 316.000000 35.653801 8.000000
v 318.000000 36.000000 7.945245
v 317.776062 36.000000 8.000000
v 320.000000 36.000000 7.371869
v 322.000000 36.000000 7.446975
v 324.000000 36.000000 7.940243
v 324.537201 36.000000 8.000000
v 326.000000 35.831974 8.000000
v 328.000000 36.000000 7.734525
v 326.741669 36.000000 8.000000
v 330.000000 36.000000 7.488395
v 332.000000 36.000000 7.729290
v 334.000000 36.000000 7.703192
v 336.000000 36.000000 7.221605
v 338.000000 36.000000 7.199085
v 340.000000 36.000000 7.671531
v 342.000000 36.000000 7.911189
v 344.000000 36.000000 7.744009
v 345.466583 36.000000 8.000000
v 346.000000 35.918976 8.000000
v 348.000000 35.788765 8.000000
v 350.000000 35.957260 8.000000
v 352.000000 36.000000 7.796501
v 350.397644 36.000000 8.000000
v 353.336884 36.000000 8.000000
v 354.000000 35.899830 8.000000
v 356.000000 35.575993 8.000000
v 358.000000 35.744064 8.000000
v 360.000000 35.515827 8.000000
v 174.000000 36.066814 8.000000
v 202.000000 36.465263 8.000000
v 204.000000 36.838097 8.000000
v 230.000000 36.035107 8.000000
v 232.000000 36.823311 8.000000
v 234.000000 36.686874 8.000000
v 240.000000 36.610096 8.000000
v 242.000000 37.803665 8.000000
v 244.000000 38.000000 7.958843
v 243.444641 38.000000 8.000000
v 246.000000 38.000000 7.960144
v 246.686768 38.000000 8.000000
v 248.000000 37.854294 8.000000
v 250.000000 37.146206 8.000000
v 252.000000 36.194904 8.000000
v 258.000000 36.760670 8.000000
v 260.000000 37.446972 8.000000
v 262.000000 38.000000 7.853519
v 261.291595 38.000000 8.000000
v 264.000000 38.000000 7.380794
v 266.000000 38.000000 7.669511
v 267.007874 38.000000 8.000000
v 268.000000 37.301991 8.000000
v 270.000000 37.697830 8.000000
v 272.000000 38.000000 7.824244
v 270.855072 38.000000 8.000000
v 274.000000 38.000000 7.585850
v 276.000000 38.000000 7.378106
v 278.000000 38.000000 7.541660
v 279.649750 38.000000 8.000000
v 280.000000 37.748196 8.000000
v 282.000000 36.836060 8.000000
v 284.000000 36.475639 8.000000
v 286.000000 37.057045 8.000000
v 288.000000 37.294682 8.000000
v 290.000000 37.745968 8.000000
v 292.000000 38.000000 7.657927
v 290.458862 38.000000 8.000000
v 294.000000 38.000000 7.243865
v 296.000000 38.000000 7.447798
v 298.000000 38.000000 7.927046
v 298.595093 38.000000 8.000000
v 300.000000 37.587780 8.000000
v 302.000000 37.308624 8.000000
v 304.000000 36.712982 8.000000
v 306.000000 36.383175 8.000000
v 308.000000 36.973694 8.000000
v 310.000000 37.592667 8.000000
v 312.000000 37.042610 8.000000
v 318.000000 36.116512 8.000000
v 320.000000 37.384716 8.000000
v 322.000000 37.311115 8.000000
v 324.000000 36.122086 8.000000
v 328.000000 36.553764 8.000000
v 330.000000 37.126560 8.000000
v 332.000000 36.597473 8.000000
v 334.000000 36.777115 8.000000
v 336.000000 38.000000 7.881903
v 335.604614 38.000000 8.000000
v 338.000000 38.000000 7.965234
v 338.093170 38.000000 8.000000
v 340.000000 36.638222 8.000000
v 342.000000 36.189461 8.000000
v 344.000000 36.467583 8.000000
v 352.000000 36.407139 8.000000
v 174.000000 40.000000 7.956719
v 173.851898 40.000000 8.000000
v 174.000000 39.909626 8.000000
v 174.189301 40.000000 8.000000
v 202.000000 40.000000 7.840856
v 201.502243 40.000000 8.000000
v 202.000000 39.686169 8.000000
v 204.000000 39.402683 8.000000
v 204.000000 40.000000 7.719079
v 205.187988 40.000000 8.000000
v 232.000000 40.000000 7.684948
v 230.053314 40.000000 8.000000
v 232.000000 39.270790 8.000000
v 234.000000 39.230095 8.000000
v 234.000000 40.000000 7.617885
v 236.000000 39.830452 8.000000
v 236.000000 40.000000 7.912354
v 236.788605 40.000000 8.000000
v 240.000000 40.000000 7.759769
v 238.708221 40.000000 8.000000
v 240.000000 39.488277 8.000000
v 242.000000 38.189377 8.000000
v 242.000000 40.000000 7.130284
v 244.000000 40.000000 7.124749
v 246.000000 40.000000 7.289373
v 248.000000 38.201439 8.000000
v 248.000000 40.000000 7.357232
v 250.000000 38.749165 8.000000
v 250.000000 40.000000 7.408714
v 252.000000 39.845840 8.000000
v 252.000000 40.000000 7.928907
v 253.026459 40.000000 8.000000
v 256.000000 40.000000 7.674417
v 254.326904 40.000000 8.000000
v 256.000000 39.463764 8.000000
v 258.000000 38.621670 8.000000
v 258.000000 40.000000 7.128627
v 260.000000 38.483257 8.000000
v 260.000000 40.000000 7.231683
v 262.000000 40.000000 6.973483
v 264.000000 40.000000 6.372123
v 266.000000 40.000000 6.544213
v 268.000000 38.597229 8.000000
v 268.000000 40.000000 7.266963
v 270.000000 38.198612 8.000000
v 270.000000 40.000000 6.966857
v 272.000000 40.000000 6.525681
v 274.000000 40.000000 6.609676
v 276.000000 40.000000 6.708996
v 278.000000 40.000000 6.597528
v 280.000000 38.156471 8.000000
v 280.000000 40.000000 6.922122
v 282.000000 38.871174 8.000000
v 282.000000 40.000000 7.313742
v 284.000000 38.914562 8.000000
v 284.000000 40.000000 7.312131
v 286.000000 38.336487 8.000000
v 286.000000 40.000000 6.731364
v 288.000000 38.239487 8.000000
v 288.000000 40.000000 6.662521
v 290.000000 38.172020 8.000000
v 290.000000 40.000000 6.931266
v 292.000000 40.000000 6.568178
v 294.000000 40.000000 6.134357
v 296.000000 40.000000 6.333914
v 298.000000 40.000000 6.796943
v 300.000000 38.254997 8.000000
v 300.000000 40.000000 6.905666
v 302.000000 38.361423 8.000000
v 302.000000 40.000000 6.833595
v 304.000000 38.748890 8.000000
v 304.000000 40.000000 7.181606
v 306.000000 39.254330 8.000000
v 306.000000 40.000000 7.542758
v 308.000000 38.969913 8.000000
v 308.000000 40.000000 7.504127
v 310.000000 38.302238 8.000000
v 310.000000 40.000000 7.035544
v 312.000000 38.616650 8.000000
v 312.000000 40.000000 7.096182
v 314.000000 39.746140 8.000000
v 314.000000 40.000000 7.846610
v 314.578094 40.000000 8.000000
v 318.000000 40.000000 7.782921
v 317.239319 40.000000 8.000000
v 318.000000 39.627110 8.000000
v 320.000000 38.528976 8.000000
v 320.000000 40.000000 7.182231
v 322.000000 38.530376 8.000000
v 322.000000 40.000000 7.164517
v 324.000000 39.462219 8.000000
v 324.000000 40.000000 7.672369
v 325.523804 40.000000 8.000000
v 328.000000 40.000000 7.776981
v 326.647644 40.000000 8.000000
v 328.000000 39.531437 8.000000
v 330.000000 38.910648 8.000000
v 330.000000 40.000000 7.461255
v 332.000000 39.149483 8.000000
v 332.000000 40.000000 7.474037
v 334.000000 38.911404 8.000000
v 334.000000 40.000000 7.388545
v 336.000000 40.000000 6.725031
v 338.000000 40.000000 6.882053
v 340.000000 39.683453 8.000000
v 340.000000 40.000000 7.852973
v 341.202118 40.000000 8.000000
v 344.000000 40.000000 7.779069
v 342.609924 40.000000 8.000000
v 344.000000 39.614445 8.000000
v 344.669617 40.000000 8.000000
v 6.000000 42.000000 7.913126
v 5.840109 42.000000 8.000000
v 6.000000 41.585575 8.000000
v 6.172637 42.000000 8.000000
v 174.000000 42.000000 7.729808
v 173.370651 42.000000 8.000000
v 174.806168 42.000000 8.000000
v 194.000000 42.000000 7.931876
v 193.468201 42.000000 8.000000
v 194.000000 41.776573 8.000000
v 196.000000 41.310806 8.000000
v 196.000000 42.000000 7.805142
v 198.000000 41.626060 8.000000
v 198.000000 42.000000 7.862682
v 200.000000 41.198391 8.000000
v 200.000000 42.000000 7.703595
v 202.000000 42.000000 7.213304
v 204.000000 42.000000 7.095962
v 206.000000 40.400932 8.000000
v 206.000000 42.000000 7.303907
v 208.000000 40.934303 8.000000
v 208.000000 42.000000 7.499476
v 210.000000 40.919601 8.000000
v 210.000000 42.000000 7.540369
v 212.000000 41.357822 8.000000
v 212.000000 42.000000 7.826687
v 212.630203 42.000000 8.000000
v 218.000000 42.000000 7.734627
v 216.961334 42.000000 8.000000
v 218.000000 41.139835 8.000000
v 220.000000 40.569000 8.000000
v 220.000000 42.000000 7.444151
v 222.000000 40.714081 8.000000
v 222.000000 42.000000 7.536836
v 224.000000 40.633404 8.000000
v 224.000000 42.000000 7.569639
v 226.000000 40.814594 8.000000
v 226.000000 42.000000 7.669245
v 228.000000 40.558022 8.000000
v 228.000000 42.000000 7.593539
v 230.000000 40.026634 8.000000
v 230.000000 42.000000 7.354582
v 232.000000 42.000000 7.041576
v 234.000000 42.000000 6.943002
v 236.000000 42.000000 7.122892
v 238.000000 40.364311 8.000000
v 238.000000 42.000000 7.407398
v 240.000000 42.000000 7.015684
v 242.000000 42.000000 6.594527
v 244.000000 42.000000 6.516417
v 246.000000 42.000000 6.604242
v 248.000000 42.000000 6.643309
v 250.000000 42.000000 6.691930
v 252.000000 42.000000 7.000360
v 254.000000 40.145981 8.000000
v 254.000000 42.000000 7.184237
v 256.000000 42.000000 6.878475
v 258.000000 42.000000 6.476660
v 260.000000 42.000000 6.482737
v 262.000000 42.000000 6.413136
v 264.000000 42.000000 6.014828
v 268.000000 42.000000 6.413282
v 270.000000 42.000000 6.365706
v 274.000000 42.000000 6.028518
v 276.000000 42.000000 6.077937
v 278.000000 42.000000 6.069467
v 280.000000 42.000000 6.265805
v 282.000000 42.000000 6.568868
v 284.000000 42.000000 6.561373
v 286.000000 42.000000 6.029387
v 290.000000 42.000000 6.160648
v 298.000000 42.000000 6.006289
v 300.000000 42.000000 6.179438
v 302.000000 42.000000 6.215095
v 304.000000 42.000000 6.437797
v 306.000000 42.000000 6.740252
v 308.000000 42.000000 6.690751
v 310.000000 42.000000 6.328639
v 312.000000 42.000000 6.507772
v 314.000000 42.000000 7.106054
v 316.000000 40.772045 8.000000
v 316.000000 42.000000 7.412973
v 318.000000 42.000000 6.995269
v 320.000000 42.000000 6.535768
v 322.000000 42.000000 6.693835
v 324.000000 42.000000 7.226933
v 326.000000 40.373642 8.000000
v 326.000000 42.000000 7.504266
v 328.000000 42.000000 7.194489
v 330.000000 42.000000 6.811097
v 332.000000 42.000000 6.828582
v 334.000000 42.000000 6.654778
v 336.000000 42.000000 6.274219
v 338.000000 42.000000 6.395652
v 340.000000 42.000000 7.421518
v 342.000000 40.651943 8.000000
v 342.000000 42.000000 7.792763
v 344.000000 42.000000 7.367588
v 346.000000 41.395576 8.000000
v 346.000000 42.000000 7.791119
v 347.188263 42.000000 8.000000
v 6.000000 42.092541 8.000000
v 174.000000 42.565399 8.000000
v 194.000000 42.123257 8.000000
v 196.000000 42.341164 8.000000
v 198.000000 42.247002 8.000000
v 200.000000 42.548069 8.000000
v 202.000000 43.540745 8.000000
v 204.000000 43.580967 8.000000
v 206.000000 43.173889 8.000000
v 208.000000 42.880184 8.000000
v 210.000000 42.824284 8.000000
v 212.000000 42.302006 8.000000
v 218.000000 42.441780 8.000000
v 220.000000 42.833256 8.000000
v 222.000000 42.730301 8.000000
v 224.000000 42.678947 8.000000
v 226.000000 42.551292 8.000000
v 228.000000 42.669979 8.000000
v 230.000000 43.050381 8.000000
v 232.000000 43.479877 8.000000
v 234.000000 43.646259 8.000000
v 236.000000 43.357655 8.000000
v 238.000000 42.928024 8.000000
v 240.000000 43.562519 8.000000
v 242.000000 44.000000 7.746756
v 241.138275 44.000000 8.000000
v 244.000000 44.000000 7.663948
v 246.000000 44.000000 7.889388
v 246.948288 44.000000 8.000000
v 248.000000 43.872536 8.000000
v 250.000000 43.792782 8.000000
v 252.000000 43.446369 8.000000
v 254.000000 43.227657 8.000000
v 256.000000 43.746532 8.000000
v 258.000000 44.000000 7.730425
v 256.807739 44.000000 8.000000
v 260.000000 44.000000 7.746356
v 262.000000 44.000000 7.617443
v 264.000000 44.000000 7.153765
v 266.000000 44.000000 7.030956
v 268.000000 44.000000 7.482424
v 270.000000 44.000000 7.449399
v 272.000000 44.000000 7.259488
v 274.000000 44.000000 7.255610
v 276.000000 44.000000 7.332737
v 278.000000 44.000000 7.372382
v 280.000000 44.000000 7.479399
v 282.000000 44.000000 7.739836
v 284.000000 44.000000 7.689731
v 286.000000 44.000000 7.316790
v 288.000000 44.000000 7.294558
v 290.000000 44.000000 7.398287
v 292.000000 44.000000 7.107718
v 294.000000 44.000000 6.673289
v 296.000000 44.000000 6.730124
v 298.000000 44.000000 7.220625
v 300.000000 44.000000 7.442120
v 302.000000 44.000000 7.397489
v 304.000000 44.000000 7.800133
v 305.309662 44.000000 8.000000
v 306.000000 43.868885 8.000000
v 308.000000 43.830307 8.000000
v 310.000000 44.000000 7.695827
v 308.663849 44.000000 8.000000
v 311.330780 44.000000 8.000000
v 312.000000 43.842556 8.000000
v 314.000000 43.094978 8.000000
v 316.000000 42.792362 8.000000
v 318.000000 43.436958 8.000000
v 320.000000 44.000000 7.846461
v 319.494568 44.000000 8.000000
v 322.000000 44.000000 7.881597
v 322.378052 44.000000 8.000000
v 324.000000 43.249886 8.000000
v 326.000000 42.790531 8.000000
v 328.000000 43.219231 8.000000
v 330.000000 43.546944 8.000000
v 332.000000 43.488117 8.000000
v 334.000000 43.537025 8.000000
v 336.000000 43.953094 8.000000
v 338.000000 43.783775 8.000000
v 340.000000 42.705830 8.000000
v 342.000000 42.280754 8.000000
v 344.000000 42.723976 8.000000
v 346.000000 42.242168 8.000000
v 242.000000 44.258080 8.000000
v 244.000000 44.383224 8.000000
v 246.000000 44.127331 8.000000
v 258.000000 44.272141 8.000000
v 260.000000 44.270256 8.000000
v 262.000000 44.390091 8.000000
v 264.000000 44.869862 8.000000
v 266.000000 45.034348 8.000000
v 268.000000 44.594490 8.000000
v 270.000000 44.553810 8.000000
v 272.000000 44.716534 8.000000
v 274.000000 44.779560 8.000000
v 276.000000 44.703259 8.000000
v 278.000000 44.643730 8.000000
v 280.000000 44.585056 8.000000
v 282.000000 44.335182 8.000000
v 284.000000 44.367340 8.000000
v 286.000000 44.731503 8.000000
v 288.000000 44.788334 8.000000
v 290.000000 44.687496 8.000000
v 292.000000 44.963406 8.000000
v 294.000000 45.414093 8.000000
v 296.000000 45.351185 8.000000
v 298.000000 44.845459 8.000000
v 300.000000 44.598686 8.000000
v 302.000000 44.627136 8.000000
v 304.000000 44.207886 8.000000
v 310.000000 44.339764 8.000000
v 320.000000 44.155350 8.000000
v 322.000000 44.134083 8.000000
v 86.000000 116.000000 7.940801
v 85.578224 116.000000 8.000000
v 86.000000 115.879654 8.000000
v 88.000000 115.842346 8.000000
v 88.000000 116.000000 7.922517
v 90.000000 115.155853 8.000000
v 90.000000 116.000000 7.533058
v 92.000000 114.906052 8.000000
v 92.000000 116.000000 7.324614
v 94.000000 114.873047 8.000000
v 94.000000 116.000000 7.102083
v 96.000000 114.715622 8.000000
v 96.000000 116.000000 7.244375
v 98.000000 114.662796 8.000000
v 98.000000 116.000000 7.236917
v 100.000000 114.834412 8.000000
v 100.000000 116.000000 7.312488
v 102.000000 114.815956 8.000000
v 102.000000 116.000000 7.318266
v 104.000000 114.181763 8.000000
v 104.000000 116.000000 7.029841
v 106.000000 114.633728 8.000000
v 106.000000 116.000000 7.202775
v 108.000000 114.977425 8.000000
v 108.000000 116.000000 7.279134
v 110.000000 115.739937 8.000000
v 110.000000 116.000000 7.816047
v 110.875793 116.000000 8.000000
v 64.000000 118.000000 7.574018
v 62.813076 118.000000 8.000000
v 64.000000 117.245262 8.000000
v 66.000000 116.807060 8.000000
v 66.000000 118.000000 7.333219
v 68.000000 116.782852 8.000000
v 68.000000 118.000000 7.292157
v 70.000000 117.441154 8.000000
v 70.000000 118.000000 7.689579
v 72.000000 117.105736 8.000000
v 72.000000 118.000000 7.537931
v 74.000000 116.743004 8.000000
v 74.000000 118.000000 7.380311
v 76.000000 116.867950 8.000000
v 76.000000 118.000000 7.503075
v 78.000000 116.742050 8.000000
v 78.000000 118.000000 7.435708
v 80.000000 116.100174 8.000000
v 80.000000 118.000000 6.986717
v 82.000000 116.432915 8.000000
v 82.000000 118.000000 7.225371
v 84.000000 116.450699 8.000000
v 84.000000 118.000000 7.360126
v 86.000000 118.000000 7.282109
v 88.000000 118.000000 7.158682
v 90.000000 118.000000 6.691516
v 92.000000 118.000000 6.662548
v 94.000000 118.000000 6.307649
v 96.000000 118.000000 6.174458
v 98.000000 118.000000 6.301463
v 100.000000 118.000000 6.573376
v 102.000000 118.000000 6.493723
v 104.000000 118.000000 6.353397
v 106.000000 118.000000 6.635533
v 108.000000 118.000000 6.675568
v 110.000000 118.000000 6.884910
v 112.000000 116.340218 8.000000
v 112.000000 118.000000 7.064323
v 114.000000 116.725746 8.000000
v 114.000000 118.000000 7.313101
v 116.000000 117.655991 8.000000
v 116.000000 118.000000 7.852285
v 117.250359 118.000000 8.000000
v 64.000000 120.000000 7.794313
v 63.396095 120.000000 8.000000
v 66.000000 120.000000 7.191048
v 68.000000 120.000000 7.295158
v 70.000000 120.000000 7.814985
v 72.000000 120.000000 7.749952
v 74.000000 120.000000 7.351266
v 76.000000 120.000000 7.774207
v 78.000000 120.000000 7.992736
v 80.000000 120.000000 7.287653
v 82.000000 120.000000 7.169206
v 84.000000 120.000000 7.601981
v 86.000000 120.000000 7.765244
v 88.000000 120.000000 7.461872
v 90.000000 120.000000 7.025433
v 92.000000 120.000000 7.050797
v 94.000000 120.000000 6.607103
v 96.000000 120.000000 6.291758
v 98.000000 120.000000 6.512439
v 100.000000 120.000000 7.009609
v 102.000000 120.000000 6.959584
v 104.000000 120.000000 6.722915
v 106.000000 120.000000 7.315155
v 108.000000 120.000000 7.393423
v 110.000000 120.000000 7.272130
v 112.000000 120.000000 7.229821
v 114.000000 120.000000 7.431675
v 116.000000 120.000000 7.981973
v 118.000000 119.334991 8.000000
v 118.000000 120.000000 7.953857
v 120.000000 118.179947 8.000000
v 120.000000 120.000000 7.855587
v 120.689781 120.000000 8.000000
v 64.000000 120.878502 8.000000
v 66.000000 122.000000 7.851123
v 65.261589 122.000000 8.000000
v 67.935242 122.000000 8.000000
v 68.000000 121.986496 8.000000
v 70.000000 120.576241 8.000000
v 72.000000 120.654015 8.000000
v 74.000000 121.414268 8.000000
v 76.000000 120.604141 8.000000
v 78.000000 120.019722 8.000000
v 80.000000 121.580833 8.000000
v 82.000000 122.000000 7.911631
v 81.369888 122.000000 8.000000
v 83.002998 122.000000 8.000000
v 84.000000 121.639977 8.000000
v 86.000000 120.964119 8.000000
v 88.000000 121.883865 8.000000
v 90.000000 122.000000 7.983024
v 89.364998 122.000000 8.000000
v 92.000000 122.000000 7.804959
v 94.000000 122.000000 7.488258
v 96.000000 122.000000 7.202746
v 98.000000 122.000000 7.384891
v 100.000000 122.000000 7.869936
v 102.000000 122.000000 7.828974
v 104.000000 122.000000 7.795414
v 104.870758 122.000000 8.000000
v 106.000000 121.479858 8.000000
v 108.000000 121.536476 8.000000
v 110.000000 121.980179 8.000000
v 112.000000 122.000000 7.858974
v 110.103638 122.000000 8.000000
v 114.000000 122.000000 7.916522
v 114.325066 122.000000 8.000000
v 116.000000 120.078079 8.000000
v 118.000000 120.179260 8.000000
v 120.000000 120.547073 8.000000
v 62.000000 124.000000 7.845198
v 61.172119 124.000000 8.000000
v 62.000000 123.658051 8.000000
v 64.000000 122.848129 8.000000
v 64.000000 124.000000 7.653650
v 66.000000 124.000000 7.214143
v 68.000000 122.011803 8.000000
v 68.000000 124.000000 7.224328
v 70.000000 123.246162 8.000000
v 70.000000 124.000000 7.741569
v 72.000000 123.616020 8.000000
v 72.000000 124.000000 7.878781
v 74.000000 122.874512 8.000000
v 74.000000 124.000000 7.644297
v 76.000000 123.480347 8.000000
v 76.000000 124.000000 7.807156
v 77.803329 124.000000 8.000000
v 80.000000 124.000000 7.545290
v 78.083244 124.000000 8.000000
v 80.000000 122.606483 8.000000
v 82.000000 124.000000 7.193353
v 84.000000 122.173126 8.000000
v 84.000000 124.000000 7.120897
v 86.000000 122.831848 8.000000
v 86.000000 124.000000 7.625412
v 88.000000 122.168518 8.000000
v 88.000000 124.000000 7.616317
v 90.000000 124.000000 7.408174
v 92.000000 124.000000 7.116816
v 94.000000 124.000000 6.917544
v 96.000000 124.000000 6.629727
v 98.000000 124.000000 6.775394
v 100.000000 124.000000 7.417891
v 102.000000 124.000000 7.457657
v 104.000000 124.000000 7.363703
v 106.000000 122.870110 8.000000
v 106.000000 124.000000 7.655832
v 108.000000 122.834343 8.000000
v 108.000000 124.000000 7.719565
v 110.000000 122.022911 8.000000
v 110.000000 124.000000 7.369318
v 112.000000 124.000000 7.287055
v 114.000000 124.000000 7.267708
v 116.000000 123.387741 8.000000
v 116.000000 124.000000 7.814029
v 118.000000 123.600151 8.000000
v 118.000000 124.000000 7.891415
v 120.000000 123.053802 8.000000
v 120.000000 124.000000 7.683637
v 121.183044 124.000000 8.000000
v 24.000000 126.000000 7.773265
v 22.720936 126.000000 8.000000
v 24.000000 125.766388 8.000000
v 26.000000 125.857651 8.000000
v 26.000000 126.000000 7.873231
v 28.000000 125.991409 8.000000
v 28.000000 126.000000 7.990774
v 28.075974 126.000000 8.000000
v 38.000000 126.000000 7.827600
v 37.123257 126.000000 8.000000
v 38.000000 125.836197 8.000000
v 40.000000 125.366722 8.000000
v 40.000000 126.000000 7.344389
v 42.000000 125.141914 8.000000
v 42.000000 126.000000 7.111604
v 44.000000 125.242210 8.000000
v 44.000000 126.000000 7.162728
v 46.000000 125.311905 8.000000
v 46.000000 126.000000 7.227359
v 48.000000 125.145096 8.000000
v 48.000000 126.000000 7.035964
v 50.000000 124.802475 8.000000
v 50.000000 126.000000 6.767295
v 52.000000 124.546257 8.000000
v 52.000000 126.000000 6.549143
v 54.000000 124.940170 8.000000
v 54.000000 126.000000 7.048401
v 56.000000 125.445183 8.000000
v 56.000000 126.000000 7.542977
v 58.000000 125.025078 8.000000
v 58.000000 126.000000 7.241127
v 60.000000 124.209442 8.000000
v 60.000000 126.000000 6.515796
v 62.000000 126.000000 6.279246
v 64.000000 126.000000 6.154637
v 70.000000 126.000000 6.091172
v 72.000000 126.000000 6.345399
v 74.000000 126.000000 6.208599
v 76.000000 126.000000 6.128752
v 78.000000 124.018387 8.000000
v 78.000000 126.000000 6.197111
v 80.000000 126.000000 6.000470
v 86.000000 126.000000 6.178387
v 88.000000 126.000000 6.271406
v 90.000000 126.000000 6.057663
v 100.000000 126.000000 6.149933
v 102.000000 126.000000 6.161162
v 104.000000 126.000000 6.057129
v 106.000000 126.000000 6.182228
v 108.000000 126.000000 6.197010
v 110.000000 126.000000 6.021374
v 116.000000 126.000000 6.365937
v 118.000000 126.000000 6.436687
v 120.000000 126.000000 6.242422
v 122.000000 124.235275 8.000000
v 122.000000 126.000000 6.530629
v 124.000000 124.649345 8.000000
v 124.000000 126.000000 6.766499
v 126.000000 124.192795 8.000000
v 126.000000 126.000000 6.265833
v 128.000000 124.126625 8.000000
v 128.000000 126.000000 6.172182
v 130.000000 124.489380 8.000000
v 130.000000 126.000000 6.492690
v 132.000000 125.149803 8.000000
v 132.000000 126.000000 7.129192
v 134.000000 125.476646 8.000000
v 134.000000 126.000000 7.455537
v 136.000000 125.207863 8.000000
v 136.000000 126.000000 7.136920
v 138.000000 125.031380 8.000000
v 138.000000 126.000000 6.994807
v 140.000000 125.109329 8.000000
v 140.000000 126.000000 7.181759
v 142.000000 125.525345 8.000000
v 142.000000 126.000000 7.557462
v 144.000000 125.961945 8.000000
v 144.000000 126.000000 7.962790
v 145.337402 126.000000 8.000000
v 152.000000 126.000000 7.757658
v 150.878769 126.000000 8.000000
v 152.000000 125.727982 8.000000
v 154.000000 125.024208 8.000000
v 154.000000 126.000000 7.057283
v 156.000000 125.063904 8.000000
v 156.000000 126.000000 7.100923
v 157.962326 126.000000 8.000000
v 6.000000 128.000000 7.945492
v 5.771609 128.000000 8.000000
v 6.000000 127.881409 8.000000
v 7.788451 128.000000 8.000000
v 20.000000 128.000000 7.674391
v 18.900751 128.000000 8.000000
v 20.000000 127.422005 8.000000
v 22.000000 126.304314 8.000000
v 22.000000 128.000000 7.347634
v 24.000000 128.000000 7.242462
v 26.000000 128.000000 7.403718
v 28.000000 128.000000 7.429253
v 30.000000 126.412971 8.000000
v 30.000000 128.000000 7.228773
v 32.000000 126.814629 8.000000
v 32.000000 128.000000 7.331700
v 34.000000 126.961121 8.000000
v 34.000000 128.000000 7.479119
v 36.000000 126.440002 8.000000
v 36.000000 128.000000 7.286971
v 38.000000 128.000000 7.126408
v 40.000000 128.000000 6.742849
v 42.000000 128.000000 6.474591
v 44.000000 128.000000 6.557029
v 46.000000 128.000000 6.729511
v 48.000000 128.000000 6.491398
v 50.000000 128.000000 6.342988
v 52.000000 128.000000 6.164848
v 54.000000 128.000000 6.612052
v 56.000000 128.000000 6.772124
v 58.000000 128.000000 6.531204
v 60.000000 128.000000 6.086276
v 72.000000 128.000000 6.059417
v 106.000000 128.000000 6.007794
v 122.000000 128.000000 6.101747
v 124.000000 128.000000 6.214050
v 126.000000 128.000000 6.018412
v 132.000000 128.000000 6.395737
v 134.000000 128.000000 6.610200
v 136.000000 128.000000 6.520383
v 138.000000 128.000000 6.408032
v 140.000000 128.000000 6.460308
v 142.000000 128.000000 6.649997
v 144.000000 128.000000 6.964060
v 146.000000 126.028267 8.000000
v 146.000000 128.000000 6.990119
v 148.000000 126.373367 8.000000
v 148.000000 128.000000 7.475257
v 150.000000 126.436256 8.000000
v 150.000000 128.000000 7.412364
v 152.000000 128.000000 7.077073
v 154.000000 128.000000 6.567992
v 156.000000 128.000000 6.509489
v 158.000000 126.025223 8.000000
v 158.000000 128.000000 6.937990
v 160.000000 127.031906 8.000000
v 160.000000 128.000000 7.427394
v 161.730591 128.000000 8.000000
v 170.000000 128.000000 7.904454
v 169.669846 128.000000 8.000000
v 170.000000 127.836548 8.000000
v 172.000000 127.185600 8.000000
v 172.000000 128.000000 7.671583
v 174.000000 126.762199 8.000000
v 174.000000 128.000000 7.462924
v 176.000000 127.291115 8.000000
v 176.000000 128.000000 7.644136
v 177.227310 128.000000 8.000000
v 186.000000 128.000000 7.762325
v 184.533768 128.000000 8.000000
v 186.000000 127.437424 8.000000
v 188.000000 127.131104 8.000000
v 188.000000 128.000000 7.541001
v 188.896774 128.000000 8.000000
v 262.000000 128.000000 7.685094
v 261.535431 128.000000 8.000000
v 262.000000 127.462662 8.000000
v 264.000000 127.694450 8.000000
v 264.000000 128.000000 7.807054
v 264.333130 128.000000 8.000000
v 276.000000 128.000000 7.965554
v 275.950714 128.000000 8.000000
v 276.000000 127.944221 8.000000
v 278.000000 127.808159 8.000000
v 278.000000 128.000000 7.882303
v 278.164764 128.000000 8.000000
v 6.000000 128.168167 8.000000
v 20.000000 129.655304 8.000000
v 22.000000 130.000000 7.722568
v 20.402836 130.000000 8.000000
v 24.000000 130.000000 7.593872
v 26.000000 130.000000 7.745537
v 28.000000 130.000000 7.834125
v 30.000000 130.000000 7.606698
v 32.000000 130.000000 7.549286
v 34.000000 130.000000 7.726045
v 36.000000 130.000000 7.751614
v 38.000000 130.000000 7.466275
v 40.000000 130.000000 7.091064
v 42.000000 130.000000 6.992948
v 44.000000 130.000000 7.291989
v 46.000000 130.000000 7.338397
v 48.000000 130.000000 7.071709
v 50.000000 130.000000 6.751169
v 52.000000 130.000000 6.446319
v 54.000000 130.000000 6.934724
v 56.000000 130.000000 7.322161
v 58.000000 130.000000 7.229911
v 60.000000 130.000000 6.620002
v 62.000000 130.000000 6.442714
v 64.000000 130.000000 6.454560
v 66.000000 130.000000 6.372290
v 68.000000 130.000000 6.194836
v 70.000000 130.000000 6.538890
v 72.000000 130.000000 6.762626
v 74.000000 130.000000 6.645910
v 76.000000 130.000000 6.681524
v 78.000000 130.000000 6.821633
v 80.000000 130.000000 6.537020
v 82.000000 130.000000 6.231023
v 84.000000 130.000000 6.251094
v 86.000000 130.000000 6.623336
v 88.000000 130.000000 6.501600
v 90.000000 130.000000 6.537191
v 92.000000 130.000000 6.457129
v 94.000000 130.000000 6.341769
v 96.000000 130.000000 6.099291
v 98.000000 130.000000 6.063251
v 100.000000 130.000000 6.527937
v 102.000000 130.000000 6.501012
v 104.000000 130.000000 6.567959
v 106.000000 130.000000 6.800441
v 108.000000 130.000000 6.856024
v 110.000000 130.000000 6.521761
v 112.000000 130.000000 6.166979
v 114.000000 130.000000 6.192825
v 116.000000 130.000000 6.583903
v 118.000000 130.000000 6.692737
v 120.000000 130.000000 6.519265
v 122.000000 130.000000 6.893066
v 124.000000 130.000000 7.258570
v 126.000000 130.000000 6.879387
v 128.000000 130.000000 6.584860
v 130.000000 130.000000 6.634910
v 132.000000 130.000000 7.267633
v 134.000000 130.000000 7.383345
v 136.000000 130.000000 7.118602
v 138.000000 130.000000 7.031962
v 140.000000 130.000000 6.860599
v 142.000000 130.000000 7.072914
v 144.000000 130.000000 7.248425
v 146.000000 130.000000 7.201496
v 148.000000 130.000000 7.266227
v 150.000000 130.000000 7.238116
v 152.000000 130.000000 7.050436
v 154.000000 130.000000 6.635391
v 156.000000 130.000000 6.559685
v 158.000000 130.000000 6.981864
v 160.000000 130.000000 7.626090
v 162.000000 129.909027 8.000000
v 162.000000 130.000000 7.995327
v 162.013855 130.000000 8.000000
v 170.000000 130.000000 7.848465
v 169.625473 130.000000 8.000000
v 172.000000 130.000000 7.289094
v 174.000000 130.000000 7.117270
v 176.000000 130.000000 7.287684
v 178.000000 129.113235 8.000000
v 178.000000 130.000000 7.809010
v 178.814194 130.000000 8.000000
v 186.000000 130.000000 7.496961
v 184.258575 130.000000 8.000000
v 188.000000 130.000000 7.469792
v 189.176300 130.000000 8.000000
v 202.000000 130.000000 7.994174
v 201.977112 130.000000 8.000000
v 202.000000 129.965195 8.000000
v 204.000000 129.558121 8.000000
v 204.000000 130.000000 7.940220
v 204.395691 130.000000 8.000000
v 262.000000 130.000000 7.840263
v 261.763641 130.000000 8.000000
v 263.566376 130.000000 8.000000
v 264.000000 129.630295 8.000000
v 276.000000 128.238907 8.000000
v 278.000000 129.066818 8.000000
v 22.000000 131.654938 8.000000
v 24.000000 131.794128 8.000000
v 26.000000 131.106018 8.000000
v 28.000000 130.759766 8.000000
v 30.000000 131.568298 8.000000
v 32.000000 131.628357 8.000000
v 34.000000 131.055405 8.000000
v 36.000000 130.864685 8.000000
v 38.000000 131.665726 8.000000
v 40.000000 132.000000 7.524787
v 38.379894 132.000000 8.000000
v 42.000000 132.000000 7.309448
v 44.000000 132.000000 7.703207
v 45.768551 132.000000 8.000000
v 46.000000 131.899994 8.000000
v 48.000000 132.000000 7.648011
v 46.181648 132.000000 8.000000
v 50.000000 132.000000 7.152486
v 52.000000 132.000000 6.780153
v 54.000000 132.000000 7.180095
v 56.000000 132.000000 7.576212
v 58.000000 132.000000 7.609215
v 60.000000 132.000000 7.143643
v 62.000000 132.000000 6.973558
v 64.000000 132.000000 6.782909
v 66.000000 132.000000 6.524637
v 68.000000 132.000000 6.434682
v 70.000000 132.000000 6.769635
v 72.000000 132.000000 7.094440
v 74.000000 132.000000 6.902357
v 76.000000 132.000000 7.097110
v 78.000000 132.000000 7.206196
v 80.000000 132.000000 7.029547
v 82.000000 132.000000 6.656659
v 84.000000 132.000000 6.444623
v 86.000000 132.000000 6.894579
v 88.000000 132.000000 6.910779
v 90.000000 132.000000 6.944585
v 92.000000 132.000000 6.959116
v 94.000000 132.000000 6.812270
v 96.000000 132.000000 6.444226
v 98.000000 132.000000 6.526489
v 100.000000 132.000000 7.002371
v 102.000000 132.000000 6.884102
v 104.000000 132.000000 7.029247
v 106.000000 132.000000 7.344319
v 108.000000 132.000000 7.398800
v 110.000000 132.000000 6.895734
v 112.000000 132.000000 6.608369
v 114.000000 132.000000 6.585671
v 116.000000 132.000000 6.935688
v 118.000000 132.000000 7.084489
v 120.000000 132.000000 7.051774
v 122.000000 132.000000 7.522826
v 124.000000 132.000000 7.928769
v 126.000000 132.000000 7.503716
v 128.000000 132.000000 6.878814
v 130.000000 132.000000 7.085292
v 132.000000 132.000000 7.742252
v 134.000000 132.000000 7.808577
v 136.000000 132.000000 7.531019
v 138.000000 132.000000 7.161272
v 140.000000 132.000000 7.024605
v 142.000000 132.000000 7.377388
v 144.000000 132.000000 7.734720
v 146.000000 132.000000 7.499390
v 148.000000 132.000000 7.460005
v 150.000000 132.000000 7.516204
v 152.000000 132.000000 7.156504
v 154.000000 132.000000 6.655565
v 156.000000 132.000000 6.695498
v 158.000000 132.000000 7.125336
v 160.000000 132.000000 7.738062
v 161.255096 132.000000 8.000000
v 162.000000 130.057236 8.000000
v 170.000000 132.000000 7.834645
v 169.600128 132.000000 8.000000
v 172.000000 132.000000 7.150166
v 174.000000 132.000000 6.912416
v 176.000000 132.000000 7.081635
v 178.000000 132.000000 7.571760
v 179.538147 132.000000 8.000000
v 186.000000 132.000000 7.613020
v 185.013885 132.000000 8.000000
v 188.000000 132.000000 7.417822
v 189.262970 132.000000 8.000000
v 202.000000 132.000000 7.755999
v 201.376541 132.000000 8.000000
v 204.000000 132.000000 7.550302
v 206.000000 131.630112 8.000000
v 206.000000 132.000000 7.940253
v 206.328537 132.000000 8.000000
v 262.000000 132.000000 7.813886
v 261.739319 132.000000 8.000000
v 263.709961 132.000000 8.000000
v 4.000000 134.000000 7.507438
v 2.113678 134.000000 8.000000
v 4.000000 133.311157 8.000000
v 6.000000 132.552399 8.000000
v 6.000000 134.000000 6.976303
v 8.000000 132.568527 8.000000
v 8.000000 134.000000 7.076231
v 10.000000 133.805710 8.000000
v 10.000000 134.000000 7.890859
v 10.424040 134.000000 8.000000
v 20.000000 134.000000 7.536138
v 18.016100 134.000000 8.000000
v 20.000000 132.797913 8.000000
v 22.000000 132.150574 8.000000
v 22.000000 134.000000 7.363331
v 24.000000 132.233887 8.000000
v 24.000000 134.000000 7.662747
v 26.000000 133.168335 8.000000
v 26.000000 134.000000 7.850214
v 28.000000 132.996246 8.000000
v 28.000000 134.000000 7.736344
v 30.000000 132.241257 8.000000
v 30.000000 134.000000 7.287228
v 32.000000 132.273453 8.000000
v 32.000000 134.000000 7.401202
v 34.000000 132.749664 8.000000
v 34.000000 134.000000 7.621171
v 36.000000 132.778107 8.000000
v 36.000000 134.000000 7.531860
v 38.000000 132.232056 8.000000
v 38.000000 134.000000 7.251317
v 40.000000 134.000000 6.905441
v 42.000000 134.000000 6.995287
v 44.000000 134.000000 7.301827
v 46.000000 132.115402 8.000000
v 46.000000 134.000000 7.438582
v 48.000000 134.000000 7.186881
v 50.000000 134.000000 6.804629
v 52.000000 134.000000 6.545377
v 54.000000 134.000000 7.061556
v 56.000000 134.000000 7.501739
v 58.000000 134.000000 7.253623
v 60.000000 134.000000 6.823700
v 62.000000 134.000000 6.698044
v 64.000000 134.000000 6.514271
v 66.000000 134.000000 6.194845
v 68.000000 134.000000 6.147329
v 70.000000 134.000000 6.634346
v 72.000000 134.000000 6.896458
v 74.000000 134.000000 6.758110
v 76.000000 134.000000 6.812589
v 78.000000 134.000000 6.964324
v 80.000000 134.000000 6.741302
v 82.000000 134.000000 6.404672
v 84.000000 134.000000 6.238862
v 86.000000 134.000000 6.677308
v 88.000000 134.000000 6.673449
v 90.000000 134.000000 6.681959
v 92.000000 134.000000 6.652188
v 94.000000 134.000000 6.559402
v 96.000000 134.000000 6.155259
v 98.000000 134.000000 6.216116
v 100.000000 134.000000 6.769401
v 102.000000 134.000000 6.634549
v 104.000000 134.000000 6.710989
v 106.000000 134.000000 6.980196
v 108.000000 134.000000 7.096324
v 110.000000 134.000000 6.725720
v 112.000000 134.000000 6.553812
v 114.000000 134.000000 6.645498
v 116.000000 134.000000 6.863150
v 118.000000 134.000000 6.768448
v 120.000000 134.000000 6.857414
v 122.000000 134.000000 7.272501
v 124.000000 134.000000 7.590506
v 126.000000 134.000000 7.134196
v 128.000000 134.000000 6.576133
v 130.000000 134.000000 6.843268
v 132.000000 134.000000 7.379996
v 134.000000 134.000000 7.602541
v 136.000000 134.000000 7.400861
v 138.000000 134.000000 6.884330
v 140.000000 134.000000 6.770085
v 142.000000 134.000000 6.952518
v 144.000000 134.000000 7.157168
v 146.000000 134.000000 7.131560
v 148.000000 134.000000 7.082645
v 150.000000 134.000000 6.993683
v 152.000000 134.000000 6.908977
v 154.000000 134.000000 6.763264
v 156.000000 134.000000 6.413596
v 158.000000 134.000000 6.567001
v 160.000000 134.000000 7.057553
v 162.000000 132.463318 8.000000
v 162.000000 134.000000 7.553337
v 163.905212 134.000000 8.000000
v 168.000000 134.000000 7.909229
v 167.341873 134.000000 8.000000
v 168.000000 133.729797 8.000000
v 170.000000 134.000000 7.147509
v 172.000000 134.000000 6.306707
v 174.000000 134.000000 6.213912
v 176.000000 134.000000 6.506908
v 178.000000 134.000000 6.954813
v 180.000000 132.300812 8.000000
v 180.000000 134.000000 7.341039
v 182.000000 133.413834 8.000000
v 182.000000 134.000000 7.759387
v 184.000000 132.967377 8.000000
v 184.000000 134.000000 7.603302
v 186.000000 134.000000 6.739443
v 188.000000 134.000000 6.514730
v 190.000000 132.817001 8.000000
v 190.000000 134.000000 7.525993
v 191.335403 134.000000 8.000000
v 200.000000 134.000000 7.594298
v 199.050186 134.000000 8.000000
v 200.000000 133.045090 8.000000
v 202.000000 134.000000 6.984133
v 204.000000 134.000000 7.035499
v 206.000000 134.000000 7.515280
v 208.000000 133.054596 8.000000
v 208.000000 134.000000 7.750896
v 210.000000 133.551361 8.000000
v 210.000000 134.000000 7.860982
v 210.401260 134.000000 8.000000
v 220.000000 134.000000 7.841450
v 219.197754 134.000000 8.000000
v 220.000000 133.580307 8.000000
v 220.344955 134.000000 8.000000
v 242.000000 134.000000 7.770458
v 240.017944 134.000000 8.000000
v 242.000000 133.569016 8.000000
v 244.000000 133.425064 8.000000
v 244.000000 134.000000 7.680921
v 246.000000 132.447220 8.000000
v 246.000000 134.000000 7.219496
v 248.000000 132.063126 8.000000
v 248.000000 134.000000 7.096200
v 249.905487 134.000000 8.000000
v 262.000000 134.000000 6.997037
v 260.293610 134.000000 8.000000
v 264.000000 132.052780 8.000000
v 264.000000 134.000000 7.100380
v 265.711121 134.000000 8.000000
v 276.000000 134.000000 7.183437
v 274.964386 134.000000 8.000000
v 276.000000 132.274307 8.000000
v 278.000000 132.177170 8.000000
v 278.000000 134.000000 7.130011
v 279.275482 134.000000 8.000000
v 292.000000 134.000000 7.760207
v 291.367004 134.000000 8.000000
v 292.000000 133.564316 8.000000
v 294.000000 133.586746 8.000000
v 294.000000 134.000000 7.764965
v 295.145203 134.000000 8.000000
v 338.000000 134.000000 7.910820
v 337.531738 134.000000 8.000000
v 338.000000 133.885345 8.000000
v 338.196381 134.000000 8.000000
v 352.000000 134.000000 7.256223
v 350.774719 134.000000 8.000000
v 352.000000 132.969818 8.000000
v 354.000000 133.064789 8.000000
v 354.000000 134.000000 7.436184
v 355.678802 134.000000 8.000000
v 0.000000 136.000000 6.974542
v 2.000000 134.047577 8.000000
v 2.000000 136.000000 6.892631
v 0.000000 134.406754 8.000000
v 4.000000 136.000000 6.577652
v 8.000000 136.000000 6.053840
v 10.000000 136.000000 6.677341
v 12.000000 134.553497 8.000000
v 12.000000 136.000000 7.088263
v 14.000000 134.543137 8.000000
v 14.000000 136.000000 7.115277
v 16.000000 134.357697 8.000000
v 16.000000 136.000000 7.032257
v 18.000000 134.006638 8.000000
v 18.000000 136.000000 6.930035
v 20.000000 136.000000 6.484703
v 22.000000 136.000000 6.326031
v 24.000000 136.000000 6.573592
v 26.000000 136.000000 6.842781
v 28.000000 136.000000 6.674350
v 30.000000 136.000000 6.310908
v 32.000000 136.000000 6.552004
v 34.000000 136.000000 6.765419
v 36.000000 136.000000 6.577750
v 38.000000 136.000000 6.290285
v 40.000000 136.000000 6.242235
v 42.000000 136.000000 6.436847
v 44.000000 136.000000 6.640109
v 46.000000 136.000000 6.660472
v 48.000000 136.000000 6.439288
v 50.000000 136.000000 6.245704
v 52.000000 136.000000 6.245573
v 54.000000 136.000000 6.821433
v 56.000000 136.000000 6.996263
v 58.000000 136.000000 6.583477
v 60.000000 136.000000 6.313898
v 62.000000 136.000000 6.153967
v 64.000000 136.000000 6.061658
v 70.000000 136.000000 6.408025
v 72.000000 136.000000 6.552262
v 74.000000 136.000000 6.437263
v 76.000000 136.000000 6.373651
v 78.000000 136.000000 6.556417
v 80.000000 136.000000 6.350048
v 86.000000 136.000000 6.354404
v 88.000000 136.000000 6.286584
v 90.000000 136.000000 6.315626
v 92.000000 136.000000 6.383227
v 94.000000 136.000000 6.077240
v 100.000000 136.000000 6.302423
v 102.000000 136.000000 6.242446
v 104.000000 136.000000 6.156753
v 106.000000 136.000000 6.274371
v 108.000000 136.000000 6.505831
v 110.000000 136.000000 6.285003
v 112.000000 136.000000 6.130603
v 114.000000 136.000000 6.221851
v 116.000000 136.000000 6.459040
v 118.000000 136.000000 6.298814
v 120.000000 136.000000 6.246926
v 122.000000 136.000000 6.409985
v 124.000000 136.000000 6.572591
v 126.000000 136.000000 6.367968
v 128.000000 136.000000 6.057817
v 130.000000 136.000000 6.134528
v 132.000000 136.000000 6.558479
v 134.000000 136.000000 6.962937
v 136.000000 136.000000 6.954741
v 138.000000 136.000000 6.589906
v 140.000000 136.000000 6.186023
v 142.000000 136.000000 6.132707
v 144.000000 136.000000 6.317286
v 146.000000 136.000000 6.547447
v 148.000000 136.000000 6.327355
v 150.000000 136.000000 6.279799
v 152.000000 136.000000 6.413324
v 154.000000 136.000000 6.380348
v 160.000000 136.000000 6.377271
v 162.000000 136.000000 6.986836
v 164.000000 134.073975 8.000000
v 164.000000 136.000000 7.416231
v 166.000000 134.422684 8.000000
v 166.000000 136.000000 7.330861
v 168.000000 136.000000 7.136828
v 170.000000 136.000000 6.503188
v 176.000000 136.000000 6.178336
v 178.000000 136.000000 6.550359
v 180.000000 136.000000 6.708632
v 182.000000 136.000000 7.111141
v 184.000000 136.000000 6.861634
v 190.000000 136.000000 6.722009
v 192.000000 134.566238 8.000000
v 192.000000 136.000000 7.428065
v 194.000000 134.826736 8.000000
v 194.000000 136.000000 7.486099
v 196.000000 135.259964 8.000000
v 196.000000 136.000000 7.613843
v 198.000000 134.843460 8.000000
v 198.000000 136.000000 7.415614
v 200.000000 136.000000 6.749578
v 202.000000 136.000000 6.138817
v 204.000000 136.000000 6.313645
v 206.000000 136.000000 6.901226
v 208.000000 136.000000 6.925799
v 210.000000 136.000000 6.728940
v 212.000000 134.851974 8.000000
v 212.000000 136.000000 7.370237
v 214.000000 135.791382 8.000000
v 214.000000 136.000000 7.886017
v 216.000000 135.483536 8.000000
v 216.000000 136.000000 7.694542
v 218.000000 134.316452 8.000000
v 218.000000 136.000000 6.939341
v 220.000000 136.000000 6.802711
v 222.000000 135.513657 8.000000
v 222.000000 136.000000 7.789099
v 222.377884 136.000000 8.000000
v 228.000000 136.000000 7.772596
v 227.565887 136.000000 8.000000
v 228.000000 135.597763 8.000000
v 230.000000 134.011490 8.000000
v 230.000000 136.000000 6.765855
v 232.000000 134.254227 8.000000
v 232.000000 136.000000 6.803248
v 234.000000 135.086212 8.000000
v 234.000000 136.000000 7.424168
v 236.000000 135.577469 8.000000
v 236.000000 136.000000 7.701172
v 238.000000 134.986786 8.000000
v 238.000000 136.000000 7.368931
v 240.000000 134.002823 8.000000
v 240.000000 136.000000 6.808073
v 242.000000 136.000000 6.751101
v 244.000000 136.000000 6.782600
v 246.000000 136.000000 6.409508
v 248.000000 136.000000 6.288689
v 250.000000 134.065582 8.000000
v 250.000000 136.000000 6.895953
v 252.000000 135.464600 8.000000
v 252.000000 136.000000 7.676445
v 254.000000 135.221893 8.000000
v 254.000000 136.000000 7.514715
v 256.000000 134.551163 8.000000
v 256.000000 136.000000 7.089173
v 258.000000 134.752823 8.000000
v 258.000000 136.000000 7.182106
v 260.000000 134.239853 8.000000
v 260.000000 136.000000 6.843174
v 266.000000 134.168640 8.000000
v 266.000000 136.000000 6.565236
v 268.000000 134.623596 8.000000
v 268.000000 136.000000 6.977830
v 270.000000 134.484634 8.000000
v 270.000000 136.000000 6.870737
v 272.000000 135.084091 8.000000
v 272.000000 136.000000 7.295755
v 274.000000 134.950775 8.000000
v 274.000000 136.000000 7.286064
v 276.000000 136.000000 6.144044
v 278.000000 136.000000 6.026085
v 280.000000 134.569794 8.000000
v 280.000000 136.000000 6.979643
v 282.000000 135.324966 8.000000
v 282.000000 136.000000 7.528146
v 284.000000 135.225906 8.000000
v 284.000000 136.000000 7.491251
v 286.000000 135.427658 8.000000
v 286.000000 136.000000 7.549185
v 288.000000 135.580276 8.000000
v 288.000000 136.000000 7.697299
v 290.000000 134.653488 8.000000
v 290.000000 136.000000 7.037497
v 292.000000 136.000000 6.221488
v 294.000000 136.000000 6.252307
v 296.000000 134.207443 8.000000
v 296.000000 136.000000 6.751748
v 298.000000 134.516678 8.000000
v 298.000000 136.000000 6.996695
v 300.000000 134.750702 8.000000
v 300.000000 136.000000 6.999691
v 302.000000 135.409393 8.000000
v 302.000000 136.000000 7.545083
v 304.000000 135.942688 8.000000
v 304.000000 136.000000 7.954936
v 306.000000 135.655777 8.000000
v 306.000000 136.000000 7.718997
v 308.000000 135.015976 8.000000
v 308.000000 136.000000 7.206957
v 310.000000 134.907928 8.000000
v 310.000000 136.000000 7.109035
v 311.957733 136.000000 8.000000
v 320.000000 136.000000 7.346747
v 318.170227 136.000000 8.000000
v 320.000000 135.105759 8.000000
v 322.000000 135.419830 8.000000
v 322.000000 136.000000 7.588034
v 323.671875 136.000000 8.000000
v 328.000000 136.000000 7.633038
v 326.467682 136.000000 8.000000
v 328.000000 135.529831 8.000000
v 330.000000 134.932648 8.000000
v 330.000000 136.000000 7.159853
v 332.000000 135.255905 8.000000
v 332.000000 136.000000 7.417851
v 334.000000 135.263718 8.000000
v 334.000000 136.000000 7.489875
v 336.000000 134.344604 8.000000
v 336.000000 136.000000 6.858848
v 338.000000 136.000000 6.666514
v 340.000000 135.059021 8.000000
v 340.000000 136.000000 7.341580
v 341.807068 136.000000 8.000000
v 346.000000 136.000000 7.909203
v 344.426605 136.000000 8.000000
v 346.000000 135.867325 8.000000
v 347.478027 136.000000 8.000000
v 350.000000 136.000000 7.205637
v 348.071381 136.000000 8.000000
v 350.000000 134.707214 8.000000
v 354.000000 136.000000 6.361937
v 356.000000 134.228210 8.000000
v 356.000000 136.000000 7.243298
v 358.000000 134.747635 8.000000
v 358.000000 136.000000 7.429623
v 360.000000 134.406754 8.000000
v 360.000000 136.000000 6.974542
v 2.000000 138.000000 6.650830
v 0.000000 138.000000 6.694160
v 4.000000 138.000000 6.502686
v 6.000000 138.000000 6.054671
v 10.000000 138.000000 6.441767
v 12.000000 138.000000 6.870071
v 14.000000 138.000000 7.069850
v 16.000000 138.000000 7.028517
v 18.000000 138.000000 6.938796
v 20.000000 138.000000 6.514211
v 22.000000 138.000000 6.396169
v 24.000000 138.000000 6.526824
v 26.000000 138.000000 6.666964
v 28.000000 138.000000 6.539978
v 30.000000 138.000000 6.399268
v 32.000000 138.000000 6.494916
v 34.000000 138.000000 6.704288
v 36.000000 138.000000 6.613478
v 38.000000 138.000000 6.407951
v 40.000000 138.000000 6.400997
v 42.000000 138.000000 6.758201
v 44.000000 138.000000 6.866192
v 46.000000 138.000000 6.719374
v 48.000000 138.000000 6.555707
v 50.000000 138.000000 6.419100
v 52.000000 138.000000 6.498858
v 54.000000 138.000000 6.879088
v 56.000000 138.000000 6.909017
v 58.000000 138.000000 6.565614
v 60.000000 138.000000 6.381939
v 62.000000 138.000000 6.283912
v 64.000000 138.000000 6.093129
v 68.000000 138.000000 6.142402
v 70.000000 138.000000 6.527609
v 72.000000 138.000000 6.668240
v 74.000000 138.000000 6.564820
v 76.000000 138.000000 6.779754
v 78.000000 138.000000 6.896734
v 80.000000 138.000000 6.508252
v 86.000000 138.000000 6.272554
v 88.000000 138.000000 6.376555
v 90.000000 138.000000 6.418687
v 92.000000 138.000000 6.328772
v 100.000000 138.000000 6.425676
v 102.000000 138.000000 6.544944
v 104.000000 138.000000 6.517622
v 106.000000 138.000000 6.609044
v 108.000000 138.000000 6.674064
v 110.000000 138.000000 6.377633
v 112.000000 138.000000 6.133027
v 114.000000 138.000000 6.282505
v 116.000000 138.000000 6.491858
v 118.000000 138.000000 6.388999
v 120.000000 138.000000 6.265883
v 122.000000 138.000000 6.476710
v 124.000000 138.000000 6.572403
v 126.000000 138.000000 6.447778
v 128.000000 138.000000 6.223907
v 130.000000 138.000000 6.303820
v 132.000000 138.000000 6.677343
v 134.000000 138.000000 6.998359
v 136.000000 138.000000 7.071218
v 138.000000 138.000000 6.718558
v 140.000000 138.000000 6.316890
v 142.000000 138.000000 6.162729
v 144.000000 138.000000 6.362713
v 146.000000 138.000000 6.589343
v 148.000000 138.000000 6.510788
v 150.000000 138.000000 6.289542
v 152.000000 138.000000 6.427495
v 154.000000 138.000000 6.376195
v 160.000000 138.000000 6.513798
v 162.000000 138.000000 7.124856
v 164.000000 138.000000 7.689389
v 166.000000 138.000000 7.552379
v 168.000000 138.000000 7.243808
v 170.000000 138.000000 6.507762
v 176.000000 138.000000 6.433264
v 178.000000 138.000000 6.795171
v 180.000000 138.000000 6.705855
v 182.000000 138.000000 7.060878
v 184.000000 138.000000 6.857667
v 190.000000 138.000000 6.800210
v 192.000000 138.000000 7.424657
v 194.000000 138.000000 7.367167
v 196.000000 138.000000 7.734612
v 198.000000 138.000000 7.376828
v 200.000000 138.000000 6.666043
v 202.000000 138.000000 6.263685
v 204.000000 138.000000 6.546644
v 206.000000 138.000000 7.058434
v 208.000000 138.000000 6.853968
v 210.000000 138.000000 6.592144
v 212.000000 138.000000 7.077358
v 214.000000 138.000000 7.476799
v 216.000000 138.000000 7.327103
v 218.000000 138.000000 6.809601
v 220.000000 138.000000 6.760846
v 222.000000 138.000000 7.626887
v 222.805923 138.000000 8.000000
v 228.000000 138.000000 7.590690
v 227.087906 138.000000 8.000000
v 230.000000 138.000000 6.702271
v 232.000000 138.000000 6.690977
v 234.000000 138.000000 7.217091
v 236.000000 138.000000 7.463181
v 238.000000 138.000000 7.326556
v 240.000000 138.000000 6.791622
v 242.000000 138.000000 6.740160
v 244.000000 138.000000 6.963795
v 246.000000 138.000000 6.521131
v 248.000000 138.000000 6.224620
v 250.000000 138.000000 6.676780
v 252.000000 138.000000 7.342963
v 254.000000 138.000000 7.339119
v 256.000000 138.000000 6.879938
v 258.000000 138.000000 6.893555
v 260.000000 138.000000 6.662076
v 266.000000 138.000000 6.355530
v 268.000000 138.000000 6.750851
v 270.000000 138.000000 6.653573
v 272.000000 138.000000 6.961065
v 274.000000 138.000000 6.952427
v 280.000000 138.000000 6.693546
v 282.000000 138.000000 7.236829
v 284.000000 138.000000 7.118123
v 286.000000 138.000000 7.134208
v 288.000000 138.000000 7.207523
v 290.000000 138.000000 6.688726
v 294.000000 138.000000 6.021672
v 296.000000 138.000000 6.494274
v 298.000000 138.000000 6.754562
v 300.000000 138.000000 6.756839
v 302.000000 138.000000 7.213320
v 304.000000 138.000000 7.564458
v 306.000000 138.000000 7.408140
v 308.000000 138.000000 6.806887
v 310.000000 138.000000 6.724498
v 312.000000 136.094574 8.000000
v 312.000000 138.000000 7.613372
v 312.784973 138.000000 8.000000
v 318.000000 138.000000 7.554122
v 317.112823 138.000000 8.000000
v 318.000000 136.235962 8.000000
v 320.000000 138.000000 6.871888
v 322.000000 138.000000 6.992596
v 324.000000 136.224243 8.000000
v 324.000000 138.000000 7.403595
v 326.000000 136.380112 8.000000
v 326.000000 138.000000 7.514731
v 328.000000 138.000000 7.234343
v 330.000000 138.000000 6.732304
v 332.000000 138.000000 6.915845
v 334.000000 138.000000 7.035287
v 336.000000 138.000000 6.475795
v 338.000000 138.000000 6.372394
v 340.000000 138.000000 6.863168
v 342.000000 136.185608 8.000000
v 342.000000 138.000000 7.355682
v 344.000000 136.098785 8.000000
v 344.000000 138.000000 7.554101
v 346.000000 138.000000 7.480855
v 348.000000 136.133652 8.000000
v 348.000000 138.000000 7.582483
v 350.000000 138.000000 6.784758
v 354.000000 138.000000 6.104099
v 356.000000 138.000000 6.856709
v 358.000000 138.000000 6.893900
v 360.000000 138.000000 6.694160
v 2.000000 140.000000 6.685226
v 0.000000 140.000000 6.655848
v 4.000000 140.000000 6.525504
v 6.000000 140.000000 6.118394
v 8.000000 140.000000 6.083179
v 10.000000 140.000000 6.602452
v 12.000000 140.000000 6.956966
v 14.000000 140.000000 7.200048
v 16.000000 140.000000 7.127475
v 18.000000 140.000000 6.983655
v 20.000000 140.000000 6.547653
v 22.000000 140.000000 6.499509
v 24.000000 140.000000 6.620546
v 26.000000 140.000000 6.722968
v 28.000000 140.000000 6.697334
v 30.000000 140.000000 6.496269
v 32.000000 140.000000 6.590418
v 34.000000 140.000000 6.715468
v 36.000000 140.000000 6.751842
v 38.000000 140.000000 6.571462
v 40.000000 140.000000 6.536214
v 42.000000 140.000000 6.854476
v 44.000000 140.000000 7.154765
v 46.000000 140.000000 7.161542
v 48.000000 140.000000 6.860338
v 50.000000 140.000000 6.533275
v 52.000000 140.000000 6.499262
v 54.000000 140.000000 6.845430
v 56.000000 140.000000 7.037652
v 58.000000 140.000000 6.722366
v 60.000000 140.000000 6.519125
v 62.000000 140.000000 6.570581
v 64.000000 140.000000 6.319870
v 66.000000 140.000000 6.181258
v 68.000000 140.000000 6.224607
v 70.000000 140.000000 6.543693
v 72.000000 140.000000 6.640123
v 74.000000 140.000000 6.447238
v 76.000000 140.000000 6.844759
v 78.000000 140.000000 6.962142
v 80.000000 140.000000 6.488185
v 86.000000 140.000000 6.124722
v 88.000000 140.000000 6.421939
v 90.000000 140.000000 6.507695
v 92.000000 140.000000 6.485460
v 94.000000 140.000000 6.325589
v 96.000000 140.000000 6.014806
v 98.000000 140.000000 6.044729
v 100.000000 140.000000 6.524610
v 102.000000 140.000000 6.730556
v 104.000000 140.000000 6.830713
v 106.000000 140.000000 6.949159
v 108.000000 140.000000 6.809369
v 110.000000 140.000000 6.505991
v 112.000000 140.000000 6.167163
v 114.000000 140.000000 6.195379
v 116.000000 140.000000 6.502460
v 118.000000 140.000000 6.492577
v 120.000000 140.000000 6.520372
v 122.000000 140.000000 6.755262
v 124.000000 140.000000 6.800128
v 126.000000 140.000000 6.712472
v 128.000000 140.000000 6.466169
v 130.000000 140.000000 6.513210
v 132.000000 140.000000 6.736006
v 134.000000 140.000000 6.930993
v 136.000000 140.000000 6.883653
v 138.000000 140.000000 6.732541
v 140.000000 140.000000 6.532417
v 142.000000 140.000000 6.442760
v 144.000000 140.000000 6.610240
v 146.000000 140.000000 6.805737
v 148.000000 140.000000 6.824055
v 150.000000 140.000000 6.521903
v 152.000000 140.000000 6.413222
v 154.000000 140.000000 6.353675
v 156.000000 140.000000 6.046784
v 160.000000 140.000000 6.526439
v 162.000000 140.000000 7.169195
v 164.000000 140.000000 7.538315
v 166.000000 140.000000 7.437065
v 168.000000 140.000000 7.068851
v 170.000000 140.000000 6.521062
v 176.000000 140.000000 6.434003
v 178.000000 140.000000 6.751468
v 180.000000 140.000000 6.544483
v 182.000000 140.000000 6.726347
v 184.000000 140.000000 6.473258
v 190.000000 140.000000 6.553646
v 192.000000 140.000000 7.189731
v 194.000000 140.000000 7.230660
v 196.000000 140.000000 7.612715
v 198.000000 140.000000 7.160088
v 200.000000 140.000000 6.568988
v 202.000000 140.000000 6.170412
v 204.000000 140.000000 6.437624
v 206.000000 140.000000 6.833951
v 208.000000 140.000000 6.833303
v 210.000000 140.000000 6.588983
v 212.000000 140.000000 7.146079
v 214.000000 140.000000 7.503416
v 216.000000 140.000000 7.221308
v 218.000000 140.000000 6.751657
v 220.000000 140.000000 6.573737
v 222.000000 140.000000 7.310650
v 223.467926 140.000000 8.000000
v 228.000000 140.000000 7.409345
v 226.597382 140.000000 8.000000
v 230.000000 140.000000 6.591823
v 232.000000 140.000000 6.595714
v 234.000000 140.000000 7.164247
v 236.000000 140.000000 7.391230
v 238.000000 140.000000 7.178921
v 240.000000 140.000000 6.608073
v 242.000000 140.000000 6.556996
v 244.000000 140.000000 6.678935
v 246.000000 140.000000 6.305398
v 248.000000 140.000000 6.172565
v 250.000000 140.000000 6.598913
v 252.000000 140.000000 7.235084
v 254.000000 140.000000 7.292000
v 256.000000 140.000000 6.931336
v 258.000000 140.000000 6.870286
v 260.000000 140.000000 6.622134
v 266.000000 140.000000 6.458673
v 268.000000 140.000000 6.876873
v 270.000000 140.000000 6.633954
v 272.000000 140.000000 6.921832
v 274.000000 140.000000 6.894565
v 280.000000 140.000000 6.659405
v 282.000000 140.000000 7.219480
v 284.000000 140.000000 7.170534
v 286.000000 140.000000 7.154135
v 288.000000 140.000000 7.236607
v 290.000000 140.000000 6.685941
v 292.000000 140.000000 6.067329
v 294.000000 140.000000 6.004548
v 296.000000 140.000000 6.399908
v 298.000000 140.000000 6.623992
v 300.000000 140.000000 6.705081
v 302.000000 140.000000 7.081902
v 304.000000 140.000000 7.331371
v 306.000000 140.000000 7.367265
v 308.000000 140.000000 6.880378
v 310.000000 140.000000 6.764512
v 312.000000 140.000000 7.531959
v 312.981415 140.000000 8.000000
v 318.000000 140.000000 7.525181
v 316.992706 140.000000 8.000000
v 320.000000 140.000000 6.853081
v 322.000000 140.000000 6.960802
v 324.000000 140.000000 7.351203
v 326.000000 140.000000 7.593768
v 328.000000 140.000000 7.310686
v 330.000000 140.000000 6.871465
v 332.000000 140.000000 7.029546
v 334.000000 140.000000 7.076552
v 336.000000 140.000000 6.586986
v 338.000000 140.000000 6.373029
v 340.000000 140.000000 6.822171
v 342.000000 140.000000 7.330179
v 344.000000 140.000000 7.429608
v 346.000000 140.000000 7.500148
v 348.000000 140.000000 7.531369
v 350.000000 140.000000 6.762679
v 354.000000 140.000000 6.227717
v 356.000000 140.000000 6.662672
v 358.000000 140.000000 6.665174
v 360.000000 140.000000 6.655848
v 2.000000 142.000000 6.374128
v 0.000000 142.000000 6.375658
v 4.000000 142.000000 6.214910
v 10.000000 142.000000 6.217465
v 12.000000 142.000000 6.537455
v 14.000000 142.000000 6.731287
v 16.000000 142.000000 6.741063
v 18.000000 142.000000 6.559071
v 20.000000 142.000000 6.266612
v 22.000000 142.000000 6.216050
v 24.000000 142.000000 6.420518
v 26.000000 142.000000 6.517140
v 28.000000 142.000000 6.446813
v 30.000000 142.000000 6.310695
v 32.000000 142.000000 6.394893
v 34.000000 142.000000 6.480270
v 36.000000 142.000000 6.436602
v 38.000000 142.000000 6.335066
v 40.000000 142.000000 6.244440
v 42.000000 142.000000 6.471398
v 44.000000 142.000000 6.689299
v 46.000000 142.000000 6.885592
v 48.000000 142.000000 6.646023
v 50.000000 142.000000 6.292882
v 52.000000 142.000000 6.111897
v 54.000000 142.000000 6.482138
v 56.000000 142.000000 6.907028
v 58.000000 142.000000 6.700719
v 60.000000 142.000000 6.359497
v 62.000000 142.000000 6.373345
v 64.000000 142.000000 6.321933
v 66.000000 142.000000 6.052737
v 70.000000 142.000000 6.257376
v 72.000000 142.000000 6.363252
v 74.000000 142.000000 6.224980
v 76.000000 142.000000 6.438108
v 78.000000 142.000000 6.518754
v 80.000000 142.000000 6.157286
v 88.000000 142.000000 6.083793
v 90.000000 142.000000 6.199811
v 92.000000 142.000000 6.280821
v 94.000000 142.000000 6.242067
v 100.000000 142.000000 6.324436
v 102.000000 142.000000 6.571054
v 104.000000 142.000000 6.687151
v 106.000000 142.000000 6.571558
v 108.000000 142.000000 6.573854
v 110.000000 142.000000 6.243137
v 112.000000 142.000000 6.020338
v 114.000000 142.000000 6.017809
v 116.000000 142.000000 6.340473
v 118.000000 142.000000 6.433662
v 120.000000 142.000000 6.324141
v 122.000000 142.000000 6.603031
v 124.000000 142.000000 6.700214
v 126.000000 142.000000 6.452894
v 128.000000 142.000000 6.276283
v 130.000000 142.000000 6.285669
v 132.000000 142.000000 6.557603
v 134.000000 142.000000 6.810694
v 136.000000 142.000000 6.764591
v 138.000000 142.000000 6.636253
v 140.000000 142.000000 6.153370
v 142.000000 142.000000 6.076535
v 144.000000 142.000000 6.245091
v 146.000000 142.000000 6.389156
v 148.000000 142.000000 6.531000
v 150.000000 142.000000 6.197925
v 152.000000 142.000000 6.101675
v 160.000000 142.000000 6.134396
v 162.000000 142.000000 6.827230
v 164.000000 142.000000 7.283937
v 166.000000 142.000000 7.044105
v 168.000000 142.000000 6.863283
v 170.000000 142.000000 6.368383
v 176.000000 142.000000 6.179348
v 178.000000 142.000000 6.590710
v 180.000000 142.000000 6.318797
v 182.000000 142.000000 6.439270
v 184.000000 142.000000 6.234615
v 190.000000 142.000000 6.191799
v 192.000000 142.000000 6.934836
v 194.000000 142.000000 6.950682
v 196.000000 142.000000 7.098311
v 198.000000 142.000000 6.773519
v 200.000000 142.000000 6.192688
v 206.000000 142.000000 6.216227
v 208.000000 142.000000 6.295493
v 210.000000 142.000000 6.159334
v 212.000000 142.000000 6.795937
v 214.000000 142.000000 7.370294
v 216.000000 142.000000 7.064108
v 218.000000 142.000000 6.339053
v 220.000000 142.000000 6.085558
v 222.000000 142.000000 6.826324
v 224.000000 141.137070 8.000000
v 224.000000 142.000000 7.802969
v 226.000000 141.037903 8.000000
v 226.000000 142.000000 7.763209
v 228.000000 142.000000 6.941945
v 230.000000 142.000000 6.179975
v 232.000000 142.000000 6.113915
v 234.000000 142.000000 6.775616
v 236.000000 142.000000 6.910032
v 238.000000 142.000000 6.629683
v 240.000000 142.000000 6.071052
v 242.000000 142.000000 6.121162
v 244.000000 142.000000 6.313472
v 250.000000 142.000000 6.371055
v 252.000000 142.000000 6.809407
v 254.000000 142.000000 6.747155
v 256.000000 142.000000 6.550466
v 258.000000 142.000000 6.662566
v 260.000000 142.000000 6.295446
v 266.000000 142.000000 6.116514
v 268.000000 142.000000 6.436442
v 270.000000 142.000000 6.361966
v 272.000000 142.000000 6.622059
v 274.000000 142.000000 6.513919
v 280.000000 142.000000 6.399133
v 282.000000 142.000000 6.882263
v 284.000000 142.000000 6.793163
v 286.000000 142.000000 7.027802
v 288.000000 142.000000 7.106798
v 290.000000 142.000000 6.523091
v 296.000000 142.000000 6.158516
v 298.000000 142.000000 6.360722
v 300.000000 142.000000 6.410149
v 302.000000 142.000000 6.879111
v 304.000000 142.000000 7.231301
v 306.000000 142.000000 7.112699
v 308.000000 142.000000 6.629650
v 310.000000 142.000000 6.640799
v 312.000000 142.000000 7.161305
v 313.875977 142.000000 8.000000
v 318.000000 142.000000 7.258194
v 316.258514 142.000000 8.000000
v 320.000000 142.000000 6.625538
v 322.000000 142.000000 6.758102
v 324.000000 142.000000 7.244550
v 326.000000 142.000000 7.395957
v 328.000000 142.000000 7.165311
v 330.000000 142.000000 6.721830
v 332.000000 142.000000 6.915029
v 334.000000 142.000000 6.870185
v 336.000000 142.000000 6.245749
v 338.000000 142.000000 6.204291
v 340.000000 142.000000 6.648843
v 342.000000 142.000000 6.960727
v 344.000000 142.000000 7.063848
v 346.000000 142.000000 7.027091
v 348.000000 142.000000 7.163331
v 350.000000 142.000000 6.502172
v 356.000000 142.000000 6.455977
v 358.000000 142.000000 6.550342
v 360.000000 142.000000 6.375658
v 2.000000 144.000000 6.256019
v 0.000000 144.000000 6.200625
v 4.000000 144.000000 6.029648
v 10.000000 144.000000 6.146735
v 12.000000 144.000000 6.380178
v 14.000000 144.000000 6.295186
v 16.000000 144.000000 6.412275
v 18.000000 144.000000 6.427919
v 20.000000 144.000000 6.222212
v 22.000000 144.000000 6.068568
v 24.000000 144.000000 6.400167
v 26.000000 144.000000 6.657748
v 28.000000 144.000000 6.372262
v 30.000000 144.000000 6.182463
v 32.000000 144.000000 6.610961
v 34.000000 144.000000 6.767158
v 36.000000 144.000000 6.563221
v 38.000000 144.000000 6.426207
v 40.000000 144.000000 6.320487
v 42.000000 144.000000 6.302652
v 44.000000 144.000000 6.487794
v 46.000000 144.000000 6.603192
v 48.000000 144.000000 6.565851
v 50.000000 144.000000 6.176844
v 52.000000 144.000000 6.262762
v 54.000000 144.000000 6.854802
v 56.000000 144.000000 7.433443
v 58.000000 144.000000 7.217158
v 60.000000 144.000000 6.355111
v 62.000000 144.000000 6.165649
v 64.000000 144.000000 6.218349
v 66.000000 144.000000 6.049572
v 70.000000 144.000000 6.270317
v 72.000000 144.000000 6.673238
v 74.000000 144.000000 6.521062
v 76.000000 144.000000 6.510319
v 78.000000 144.000000 6.302854
v 80.000000 144.000000 6.397990
v 86.000000 144.000000 6.078441
v 88.000000 144.000000 6.453181
v 90.000000 144.000000 6.381618
v 92.000000 144.000000 6.220912
v 94.000000 144.000000 6.213223
v 100.000000 144.000000 6.512425
v 102.000000 144.000000 6.598325
v 104.000000 144.000000 6.428174
v 106.000000 144.000000 6.332628
v 108.000000 144.000000 6.551713
v 110.000000 144.000000 6.334894
v 112.000000 144.000000 6.066805
v 114.000000 144.000000 6.038096
v 116.000000 144.000000 6.536911
v 118.000000 144.000000 6.799183
v 120.000000 144.000000 6.362523
v 122.000000 144.000000 6.810270
v 124.000000 144.000000 7.129752
v 126.000000 144.000000 6.828539
v 128.000000 144.000000 6.339139
v 130.000000 144.000000 6.357236
v 132.000000 144.000000 6.899758
v 134.000000 144.000000 7.203839
v 136.000000 144.000000 7.064037
v 138.000000 144.000000 6.693784
v 140.000000 144.000000 6.348269
v 142.000000 144.000000 6.270344
v 144.000000 144.000000 6.335871
v 146.000000 144.000000 6.493771
v 148.000000 144.000000 6.495770
v 150.000000 144.000000 6.242361
v 152.000000 144.000000 6.246512
v 154.000000 144.000000 6.247369
v 160.000000 144.000000 6.204400
v 162.000000 144.000000 6.924911
v 164.000000 144.000000 7.208895
v 166.000000 144.000000 6.961271
v 168.000000 144.000000 6.860731
v 170.000000 144.000000 6.391754
v 176.000000 144.000000 6.110725
v 178.000000 144.000000 6.380596
v 180.000000 144.000000 6.379115
v 182.000000 144.000000 6.629570
v 184.000000 144.000000 6.525427
v 190.000000 144.000000 6.315372
v 192.000000 144.000000 7.096343
v 194.000000 144.000000 7.103475
v 196.000000 144.000000 7.186182
v 198.000000 144.000000 6.967060
v 200.000000 144.000000 6.261768
v 206.000000 144.000000 6.118384
v 208.000000 144.000000 6.227796
v 210.000000 144.000000 6.153879
v 212.000000 144.000000 6.682063
v 214.000000 144.000000 7.213098
v 216.000000 144.000000 6.867700
v 218.000000 144.000000 6.302895
v 220.000000 144.000000 6.157447
v 222.000000 144.000000 6.904204
v 224.000000 144.000000 7.831580
v 226.000000 144.000000 7.898767
v 228.000000 144.000000 6.988749
v 230.000000 144.000000 6.170682
v 232.000000 144.000000 6.111233
v 234.000000 144.000000 6.679466
v 236.000000 144.000000 7.026113
v 238.000000 144.000000 6.575507
v 240.000000 144.000000 6.171019
v 242.000000 144.000000 6.354332
v 244.000000 144.000000 6.387393
v 250.000000 144.000000 6.334702
v 252.000000 144.000000 6.969971
v 254.000000 144.000000 6.759857
v 256.000000 144.000000 6.597219
v 258.000000 144.000000 6.772659
v 260.000000 144.000000 6.343070
v 268.000000 144.000000 6.336815
v 270.000000 144.000000 6.416380
v 272.000000 144.000000 6.648541
v 274.000000 144.000000 6.401527
v 280.000000 144.000000 6.395420
v 282.000000 144.000000 6.910552
v 284.000000 144.000000 6.817482
v 286.000000 144.000000 7.084418
v 288.000000 144.000000 7.333998
v 290.000000 144.000000 6.381879
v 296.000000 144.000000 6.188071
v 298.000000 144.000000 6.234504
v 300.000000 144.000000 6.348914
v 302.000000 144.000000 6.936697
v 304.000000 144.000000 7.464146
v 306.000000 144.000000 6.959344
v 308.000000 144.000000 6.365818
v 310.000000 144.000000 6.411920
v 312.000000 144.000000 7.020423
v 314.000000 142.379684 8.000000
v 314.000000 144.000000 7.747108
v 316.000000 143.056458 8.000000
v 316.000000 144.000000 7.894376
v 318.000000 144.000000 7.078511
v 320.000000 144.000000 6.374290
v 322.000000 144.000000 6.514218
v 324.000000 144.000000 6.950689
v 326.000000 144.000000 6.969242
v 328.000000 144.000000 6.643489
v 330.000000 144.000000 6.362337
v 332.000000 144.000000 6.552722
v 334.000000 144.000000 6.420807
v 340.000000 144.000000 6.295971
v 342.000000 144.000000 6.587578
v 344.000000 144.000000 6.619695
v 346.000000 144.000000 6.789826
v 348.000000 144.000000 6.958302
v 350.000000 144.000000 6.232120
v 356.000000 144.000000 6.579495
v 358.000000 144.000000 6.516159
v 360.000000 144.000000 6.200625
v 2.000000 146.000000 7.220564
v 0.000000 146.000000 7.209314
v 4.000000 146.000000 6.995428
v 6.000000 146.000000 6.336606
v 8.000000 146.000000 6.453859
v 10.000000 146.000000 7.224233
v 12.000000 146.000000 7.479252
v 14.000000 146.000000 7.011592
v 16.000000 146.000000 7.112547
v 18.000000 146.000000 7.352322
v 20.000000 146.000000 7.100073
v 22.000000 146.000000 6.855750
v 24.000000 146.000000 7.281685
v 26.000000 146.000000 7.451719
v 28.000000 146.000000 7.328707
v 30.000000 146.000000 7.091450
v 32.000000 146.000000 7.585303
v 34.000000 146.000000 7.824915
v 36.000000 146.000000 7.582581
v 38.000000 146.000000 7.213859
v 40.000000 146.000000 6.975781
v 42.000000 146.000000 6.933694
v 44.000000 146.000000 7.187866
v 46.000000 146.000000 7.276618
v 48.000000 146.000000 7.103742
v 50.000000 146.000000 6.906776
v 52.000000 146.000000 7.135726
v 54.000000 146.000000 7.725507
v 55.386307 146.000000 8.000000
v 56.000000 145.683472 8.000000
v 58.000000 146.000000 7.660987
v 56.488052 146.000000 8.000000
v 60.000000 146.000000 6.830201
v 62.000000 146.000000 6.721077
v 64.000000 146.000000 6.675130
v 66.000000 146.000000 6.474294
v 68.000000 146.000000 6.424366
v 70.000000 146.000000 6.797453
v 72.000000 146.000000 6.990721
v 74.000000 146.000000 6.924068
v 76.000000 146.000000 6.950589
v 78.000000 146.000000 6.758940
v 80.000000 146.000000 6.738205
v 82.000000 146.000000 6.686402
v 84.000000 146.000000 6.506628
v 86.000000 146.000000 6.896047
v 88.000000 146.000000 7.143256
v 90.000000 146.000000 6.795852
v 92.000000 146.000000 6.570270
v 94.000000 146.000000 6.626164
v 96.000000 146.000000 6.359097
v 98.000000 146.000000 6.366401
v 100.000000 146.000000 6.762858
v 102.000000 146.000000 6.839488
v 104.000000 146.000000 6.744309
v 106.000000 146.000000 6.700085
v 108.000000 146.000000 6.901676
v 110.000000 146.000000 6.823924
v 112.000000 146.000000 6.471738
v 114.000000 146.000000 6.589877
v 116.000000 146.000000 7.103098
v 118.000000 146.000000 7.295821
v 120.000000 146.000000 6.879207
v 122.000000 146.000000 7.261147
v 124.000000 146.000000 7.698845
v 126.000000 146.000000 7.591899
v 128.000000 146.000000 6.937318
v 130.000000 146.000000 6.853283
v 132.000000 146.000000 7.463707
v 134.000000 146.000000 7.646250
v 136.000000 146.000000 7.406423
v 138.000000 146.000000 7.072676
v 140.000000 146.000000 6.882565
v 142.000000 146.000000 6.859555
v 144.000000 146.000000 7.001463
v 146.000000 146.000000 7.239572
v 148.000000 146.000000 7.321285
v 150.000000 146.000000 6.996403
v 152.000000 146.000000 7.052659
v 154.000000 146.000000 7.148174
v 156.000000 146.000000 6.768972
v 158.000000 146.000000 6.551526
v 160.000000 146.000000 6.952845
v 162.000000 146.000000 7.353348
v 164.000000 146.000000 7.656311
v 166.000000 146.000000 7.375435
v 168.000000 146.000000 7.304700
v 170.000000 146.000000 6.970511
v 172.000000 146.000000 6.084217
v 176.000000 146.000000 6.587221
v 178.000000 146.000000 6.946183
v 180.000000 146.000000 6.996418
v 182.000000 146.000000 7.406209
v 184.000000 146.000000 7.285041
v 186.000000 146.000000 6.431892
v 188.000000 146.000000 6.053053
v 190.000000 146.000000 6.852394
v 192.000000 146.000000 7.674626
v 194.000000 146.000000 7.791194
v 196.000000 146.000000 7.921696
v 198.000000 146.000000 7.825509
v 200.000000 146.000000 7.018622
v 202.000000 146.000000 6.267878
v 204.000000 146.000000 6.310714
v 206.000000 146.000000 6.914171
v 208.000000 146.000000 7.109899
v 210.000000 146.000000 6.992480
v 212.000000 146.000000 7.437575
v 213.937256 146.000000 8.000000
v 214.000000 145.956467 8.000000
v 216.000000 146.000000 7.949977
v 214.574020 146.000000 8.000000
v 218.000000 146.000000 7.245769
v 220.000000 146.000000 6.952909
v 222.000000 146.000000 7.842442
v 222.310638 146.000000 8.000000
v 224.000000 144.335388 8.000000
v 226.000000 144.209961 8.000000
v 228.000000 146.000000 7.928652
v 227.850113 146.000000 8.000000
v 230.000000 146.000000 6.933689
v 232.000000 146.000000 6.819716
v 234.000000 146.000000 7.434651
v 235.911728 146.000000 8.000000
v 236.000000 145.950455 8.000000
v 238.000000 146.000000 7.486873
v 236.102203 146.000000 8.000000
v 240.000000 146.000000 6.906386
v 242.000000 146.000000 6.970356
v 244.000000 146.000000 7.134274
v 246.000000 146.000000 6.559597
v 248.000000 146.000000 6.205357
v 250.000000 146.000000 6.778466
v 252.000000 146.000000 7.686312
v 254.000000 146.000000 7.625838
v 256.000000 146.000000 7.376942
v 258.000000 146.000000 7.380394
v 260.000000 146.000000 6.913148
v 266.000000 146.000000 6.582432
v 268.000000 146.000000 7.019444
v 270.000000 146.000000 6.915266
v 272.000000 146.000000 7.274446
v 274.000000 146.000000 7.088510
v 276.000000 146.000000 6.083275
v 280.000000 146.000000 6.842584
v 282.000000 146.000000 7.478350
v 284.000000 146.000000 7.428413
v 286.000000 146.000000 7.711601
v 288.000000 146.000000 7.864817
v 290.000000 146.000000 6.877480
v 294.000000 146.000000 6.086829
v 296.000000 146.000000 6.586184
v 298.000000 146.000000 6.649854
v 300.000000 146.000000 6.797366
v 302.000000 146.000000 7.483155
v 303.678680 146.000000 8.000000
v 304.000000 145.679184 8.000000
v 306.000000 146.000000 7.756281
v 304.613373 146.000000 8.000000
v 308.000000 146.000000 6.843391
v 310.000000 146.000000 6.815521
v 312.000000 146.000000 7.729765
v 312.537384 146.000000 8.000000
v 314.000000 144.521347 8.000000
v 316.000000 144.252899 8.000000
v 318.000000 146.000000 7.636107
v 317.329376 146.000000 8.000000
v 320.000000 146.000000 6.851430
v 322.000000 146.000000 7.001278
v 324.000000 146.000000 7.719961
v 326.000000 146.000000 7.900828
v 328.000000 146.000000 7.347039
v 330.000000 146.000000 6.964607
v 332.000000 146.000000 7.146586
v 334.000000 146.000000 7.027432
v 336.000000 146.000000 6.406768
v 338.000000 146.000000 6.318281
v 340.000000 146.000000 7.025066
v 342.000000 146.000000 7.390468
v 344.000000 146.000000 7.412996
v 346.000000 146.000000 7.572443
v 348.000000 146.000000 7.778330
v 350.000000 146.000000 6.965987
v 352.000000 146.000000 6.311591
v 354.000000 146.000000 6.747089
v 356.000000 146.000000 7.505730
v 358.000000 146.000000 7.416647
v 360.000000 146.000000 7.209314
v 2.000000 148.000000 7.845634
v 0.000000 148.000000 7.863694
v 4.000000 148.000000 7.534660
v 6.000000 148.000000 6.994241
v 8.000000 148.000000 7.134988
v 10.000000 148.000000 7.888152
v 10.919714 148.000000 8.000000
v 12.000000 147.621841 8.000000
v 14.000000 148.000000 7.799543
v 12.780828 148.000000 8.000000
v 16.000000 148.000000 7.992450
v 16.070688 148.000000 8.000000
v 18.000000 147.553360 8.000000
v 20.000000 148.000000 7.895906
v 19.323114 148.000000 8.000000
v 22.000000 148.000000 7.649287
v 23.738123 148.000000 8.000000
v 24.000000 147.873627 8.000000
v 26.000000 147.478516 8.000000
v 28.000000 147.817474 8.000000
v 30.000000 148.000000 7.733892
v 28.413054 148.000000 8.000000
v 31.501368 148.000000 8.000000
v 32.000000 147.659302 8.000000
v 34.000000 146.537186 8.000000
v 36.000000 147.265747 8.000000
v 38.000000 148.000000 7.833538
v 37.206966 148.000000 8.000000
v 40.000000 148.000000 7.678484
v 42.000000 148.000000 7.720718
v 44.000000 148.000000 7.975154
v 44.754601 148.000000 8.000000
v 46.000000 147.899078 8.000000
v 48.000000 148.000000 7.715523
v 46.238651 148.000000 8.000000
v 50.000000 148.000000 7.669070
v 52.000000 148.000000 7.806446
v 52.818703 148.000000 8.000000
v 54.000000 146.990082 8.000000
v 58.000000 147.296738 8.000000
v 60.000000 148.000000 7.442011
v 58.503525 148.000000 8.000000
v 62.000000 148.000000 7.263022
v 64.000000 148.000000 7.007500
v 66.000000 148.000000 6.750277
v 68.000000 148.000000 6.868613
v 70.000000 148.000000 7.205983
v 72.000000 148.000000 7.436170
v 74.000000 148.000000 7.357520
v 76.000000 148.000000 7.424482
v 78.000000 148.000000 7.378444
v 80.000000 148.000000 7.372856
v 82.000000 148.000000 7.090508
v 84.000000 148.000000 7.069217
v 86.000000 148.000000 7.399423
v 88.000000 148.000000 7.707952
v 90.000000 148.000000 7.383954
v 92.000000 148.000000 7.111398
v 94.000000 148.000000 7.078872
v 96.000000 148.000000 6.755306
v 98.000000 148.000000 6.894686
v 100.000000 148.000000 7.303789
v 102.000000 148.000000 7.523734
v 104.000000 148.000000 7.461821
v 106.000000 148.000000 7.431632
v 108.000000 148.000000 7.448774
v 110.000000 148.000000 7.252154
v 112.000000 148.000000 6.936229
v 114.000000 148.000000 7.028149
v 116.000000 148.000000 7.672832
v 118.000000 148.000000 7.945554
v 120.000000 148.000000 7.567910
v 122.000000 148.000000 7.761314
v 123.034119 148.000000 8.000000
v 124.000000 147.201172 8.000000
v 126.000000 147.815491 8.000000
v 128.000000 148.000000 7.642022
v 126.213524 148.000000 8.000000
v 130.000000 148.000000 7.559270
v 132.000000 148.000000 7.959371
v 132.338333 148.000000 8.000000
v 134.000000 147.295181 8.000000
v 136.000000 148.000000 7.938456
v 135.523697 148.000000 8.000000
v 138.000000 148.000000 7.677746
v 140.000000 148.000000 7.463836
v 142.000000 148.000000 7.461272
v 144.000000 148.000000 7.542438
v 146.000000 148.000000 7.712008
v 148.000000 148.000000 7.758806
v 150.000000 148.000000 7.486009
v 152.000000 148.000000 7.631266
v 154.000000 148.000000 7.734413
v 156.000000 148.000000 7.438600
v 158.000000 148.000000 7.131292
v 160.000000 148.000000 7.575000
v 161.691971 148.000000 8.000000
v 162.000000 147.795395 8.000000
v 164.000000 147.328476 8.000000
v 166.000000 148.000000 7.992169
v 165.917496 148.000000 8.000000
v 168.000000 148.000000 7.869195
v 170.000000 148.000000 7.593924
v 172.000000 148.000000 6.714412
v 174.000000 148.000000 6.457955
v 176.000000 148.000000 7.219369
v 178.000000 148.000000 7.692150
v 180.000000 148.000000 7.595288
v 182.000000 148.000000 7.921392
v 184.000000 148.000000 7.960129
v 186.000000 148.000000 7.014748
v 188.000000 148.000000 6.483352
v 190.000000 148.000000 7.366615
v 191.448883 148.000000 8.000000
v 192.000000 147.135971 8.000000
v 194.000000 146.768372 8.000000
v 196.000000 146.270889 8.000000
v 198.000000 146.596802 8.000000
v 200.000000 148.000000 7.619186
v 199.014114 148.000000 8.000000
v 202.000000 148.000000 6.872977
v 204.000000 148.000000 6.988063
v 206.000000 148.000000 7.619330
v 208.000000 148.000000 7.710413
v 210.000000 148.000000 7.493206
v 212.000000 148.000000 7.953460
v 212.142410 148.000000 8.000000
v 216.000000 146.156464 8.000000
v 218.000000 148.000000 7.853568
v 217.596298 148.000000 8.000000
v 220.000000 148.000000 7.528040
v 221.013870 148.000000 8.000000
v 222.000000 146.504379 8.000000
v 228.000000 146.246368 8.000000
v 230.000000 148.000000 7.512957
v 228.997772 148.000000 8.000000
v 232.000000 148.000000 7.435892
v 233.746063 148.000000 8.000000
v 234.000000 147.750168 8.000000
v 238.000000 147.790054 8.000000
v 240.000000 148.000000 7.488743
v 238.214264 148.000000 8.000000
v 242.000000 148.000000 7.567550
v 244.000000 148.000000 7.725602
v 246.000000 148.000000 7.089896
v 248.000000 148.000000 6.648135
v 250.000000 148.000000 7.312086
v 251.658676 148.000000 8.000000
v 252.000000 147.349258 8.000000
v 254.000000 147.328964 8.000000
v 256.000000 148.000000 7.946913
v 255.579773 148.000000 8.000000
v 258.000000 148.000000 7.965988
v 260.000000 148.000000 7.457915
v 262.000000 148.000000 6.371161
v 264.000000 148.000000 6.220676
v 266.000000 148.000000 7.121303
v 268.000000 148.000000 7.530211
v 270.000000 148.000000 7.489169
v 272.000000 148.000000 7.976429
v 274.000000 148.000000 7.572363
v 276.000000 148.000000 6.569259
v 278.000000 148.000000 6.400879
v 280.000000 148.000000 7.390378
v 281.740387 148.000000 8.000000
v 282.000000 147.698257 8.000000
v 284.000000 147.817047 8.000000
v 286.000000 146.983170 8.000000
v 288.000000 146.569687 8.000000
v 290.000000 148.000000 7.390756
v 288.702576 148.000000 8.000000
v 292.000000 148.000000 6.454738
v 294.000000 148.000000 6.523450
v 296.000000 148.000000 7.042797
v 298.000000 148.000000 7.147836
v 300.000000 148.000000 7.285094
v 301.868622 148.000000 8.000000
v 302.000000 147.817993 8.000000
v 306.000000 146.745865 8.000000
v 308.000000 148.000000 7.432831
v 306.813263 148.000000 8.000000
v 310.000000 148.000000 7.307130
v 311.481140 148.000000 8.000000
v 312.000000 147.041595 8.000000
v 318.000000 147.218933 8.000000
v 320.000000 148.000000 7.388334
v 318.544769 148.000000 8.000000
v 322.000000 148.000000 7.573395
v 322.929321 148.000000 8.000000
v 324.000000 146.720459 8.000000
v 326.000000 146.275604 8.000000
v 328.000000 148.000000 7.935328
v 327.807129 148.000000 8.000000
v 330.000000 148.000000 7.510846
v 332.000000 148.000000 7.760485
v 334.000000 148.000000 7.679151
v 336.000000 148.000000 7.027194
v 338.000000 148.000000 6.942443
v 340.000000 148.000000 7.720405
v 341.511658 148.000000 8.000000
v 342.000000 147.751007 8.000000
v 344.000000 147.382324 8.000000
v 346.000000 147.103165 8.000000
v 348.000000 146.562500 8.000000
v 350.000000 148.000000 7.643093
v 349.223633 148.000000 8.000000
v 352.000000 148.000000 6.972462
v 354.000000 148.000000 7.389983
v 355.887604 148.000000 8.000000
v 356.000000 147.861252 8.000000
v 358.000000 147.858398 8.000000
v 360.000000 148.000000 7.863694
v 358.510590 148.000000 8.000000
v 2.000000 150.000000 6.535376
v 0.000000 150.000000 6.511010
v 4.000000 150.000000 6.368438
v 10.000000 150.000000 6.501569
v 12.000000 148.165009 8.000000
v 12.000000 150.000000 6.767356
v 14.000000 150.000000 6.611223
v 16.000000 150.000000 6.645579
v 18.000000 148.277863 8.000000
v 18.000000 150.000000 6.899535
v 20.000000 150.000000 6.549314
v 22.000000 150.000000 6.379374
v 24.000000 148.072235 8.000000
v 24.000000 150.000000 6.770327
v 26.000000 148.290680 8.000000
v 26.000000 150.000000 6.957340
v 28.000000 148.088730 8.000000
v 28.000000 150.000000 6.701149
v 30.000000 150.000000 6.500219
v 32.000000 148.128082 8.000000
v 32.000000 150.000000 6.821500
v 34.000000 148.642303 8.000000
v 34.000000 150.000000 7.055720
v 36.000000 148.303497 8.000000
v 36.000000 150.000000 6.775021
v 38.000000 150.000000 6.473945
v 40.000000 150.000000 6.497794
v 42.000000 150.000000 6.720626
v 44.000000 150.000000 6.849139
v 46.000000 148.059845 8.000000
v 46.000000 150.000000 6.833178
v 48.000000 150.000000 6.627562
v 50.000000 150.000000 6.515784
v 52.000000 150.000000 6.512338
v 54.000000 148.405884 8.000000
v 54.000000 150.000000 7.000173
v 56.000000 148.945328 8.000000
v 56.000000 150.000000 7.401989
v 58.000000 148.300934 8.000000
v 58.000000 150.000000 6.999354
v 60.000000 150.000000 6.504692
v 62.000000 150.000000 6.402774
v 64.000000 150.000000 6.281112
v 66.000000 150.000000 6.104823
v 68.000000 150.000000 6.191303
v 70.000000 150.000000 6.524573
v 72.000000 150.000000 6.665884
v 74.000000 150.000000 6.567021
v 76.000000 150.000000 6.619099
v 78.000000 150.000000 6.573730
v 80.000000 150.000000 6.532882
v 82.000000 150.000000 6.075335
v 86.000000 150.000000 6.380641
v 88.000000 150.000000 6.695065
v 90.000000 150.000000 6.562217
v 92.000000 150.000000 6.389191
v 94.000000 150.000000 6.155678
v 100.000000 150.000000 6.537238
v 102.000000 150.000000 6.793909
v 104.000000 150.000000 6.539234
v 106.000000 150.000000 6.580980
v 108.000000 150.000000 6.731177
v 110.000000 150.000000 6.522986
v 112.000000 150.000000 6.270955
v 114.000000 150.000000 6.292637
v 116.000000 150.000000 6.735180
v 118.000000 150.000000 6.844510
v 120.000000 150.000000 6.516090
v 122.000000 150.000000 6.627651
v 124.000000 148.335770 8.000000
v 124.000000 150.000000 7.058748
v 126.000000 148.060883 8.000000
v 126.000000 150.000000 6.794843
v 128.000000 150.000000 6.526683
v 130.000000 150.000000 6.525889
v 132.000000 150.000000 6.830204
v 134.000000 148.382080 8.000000
v 134.000000 150.000000 7.227068
v 136.000000 150.000000 7.193011
v 138.000000 150.000000 6.773424
v 140.000000 150.000000 6.528502
v 142.000000 150.000000 6.354455
v 144.000000 150.000000 6.471100
v 146.000000 150.000000 6.673387
v 148.000000 150.000000 6.706160
v 150.000000 150.000000 6.545193
v 152.000000 150.000000 6.714704
v 154.000000 150.000000 6.662081
v 156.000000 150.000000 6.314354
v 158.000000 150.000000 6.151518
v 160.000000 150.000000 6.535598
v 162.000000 148.118240 8.000000
v 162.000000 150.000000 6.913373
v 164.000000 148.282913 8.000000
v 164.000000 150.000000 7.048556
v 166.000000 150.000000 6.786150
v 168.000000 150.000000 6.766012
v 170.000000 150.000000 6.498065
v 176.000000 150.000000 6.285353
v 178.000000 150.000000 6.550713
v 180.000000 150.000000 6.509545
v 182.000000 150.000000 6.895593
v 184.000000 150.000000 6.937901
v 186.000000 150.000000 6.026272
v 190.000000 150.000000 6.534854
v 192.000000 148.428970 8.000000
v 192.000000 150.000000 7.150240
v 194.000000 148.503571 8.000000
v 194.000000 150.000000 7.097320
v 196.000000 149.026230 8.000000
v 196.000000 150.000000 7.538640
v 198.000000 148.674179 8.000000
v 198.000000 150.000000 7.280123
v 200.000000 150.000000 6.518949
v 204.000000 150.000000 6.166623
v 206.000000 150.000000 6.678701
v 208.000000 150.000000 6.610015
v 210.000000 150.000000 6.537588
v 212.000000 150.000000 6.979641
v 214.000000 149.058701 8.000000
v 214.000000 150.000000 7.489448
v 216.000000 148.853439 8.000000
v 216.000000 150.000000 7.281642
v 218.000000 150.000000 6.609049
v 220.000000 150.000000 6.551681
v 222.000000 148.799728 8.000000
v 222.000000 150.000000 7.365242
v 223.368118 150.000000 8.000000
v 228.000000 150.000000 7.417627
v 226.720505 150.000000 8.000000
v 228.000000 148.892548 8.000000
v 230.000000 150.000000 6.529670
v 232.000000 150.000000 6.484712
v 234.000000 148.156906 8.000000
v 234.000000 150.000000 7.089466
v 236.000000 148.901825 8.000000
v 236.000000 150.000000 7.395727
v 238.000000 148.105026 8.000000
v 238.000000 150.000000 7.004784
v 240.000000 150.000000 6.527501
v 242.000000 150.000000 6.603257
v 244.000000 150.000000 6.716407
v 246.000000 150.000000 6.268180
v 250.000000 150.000000 6.510930
v 252.000000 148.254349 8.000000
v 252.000000 150.000000 7.072764
v 254.000000 148.284332 8.000000
v 254.000000 150.000000 6.990124
v 256.000000 150.000000 6.919483
v 258.000000 150.000000 7.048182
v 260.000000 150.000000 6.521114
v 266.000000 150.000000 6.197078
v 268.000000 150.000000 6.481132
v 270.000000 150.000000 6.496651
v 272.000000 150.000000 6.853050
v 274.000000 150.000000 6.632934
v 280.000000 150.000000 6.506919
v 282.000000 148.157257 8.000000
v 282.000000 150.000000 6.976882
v 284.000000 148.103027 8.000000
v 284.000000 150.000000 7.002851
v 286.000000 148.553635 8.000000
v 286.000000 150.000000 7.281306
v 288.000000 148.605362 8.000000
v 288.000000 150.000000 7.282465
v 290.000000 150.000000 6.504877
v 296.000000 150.000000 6.267216
v 298.000000 150.000000 6.326799
v 300.000000 150.000000 6.500618
v 302.000000 148.121765 8.000000
v 302.000000 150.000000 7.252677
v 304.000000 149.360748 8.000000
v 304.000000 150.000000 7.694422
v 306.000000 148.732040 8.000000
v 306.000000 150.000000 7.355722
v 308.000000 150.000000 6.544883
v 310.000000 150.000000 6.524626
v 312.000000 148.456390 8.000000
v 312.000000 150.000000 7.235896
v 313.964752 150.000000 8.000000
v 318.000000 150.000000 7.213818
v 316.274719 150.000000 8.000000
v 318.000000 148.433502 8.000000
v 320.000000 150.000000 6.493107
v 322.000000 150.000000 6.691421
v 324.000000 148.827484 8.000000
v 324.000000 150.000000 7.350951
v 326.000000 148.919327 8.000000
v 326.000000 150.000000 7.357141
v 328.000000 150.000000 6.881364
v 330.000000 150.000000 6.536175
v 332.000000 150.000000 6.779421
v 334.000000 150.000000 6.732672
v 336.000000 150.000000 6.057647
v 338.000000 150.000000 6.012029
v 340.000000 150.000000 6.510547
v 342.000000 148.123428 8.000000
v 342.000000 150.000000 6.804784
v 344.000000 148.334518 8.000000
v 344.000000 150.000000 6.815859
v 346.000000 148.451736 8.000000
v 346.000000 150.000000 6.910684
v 348.000000 148.775360 8.000000
v 348.000000 150.000000 7.167695
v 350.000000 150.000000 6.518028
v 354.000000 150.000000 6.278613
v 356.000000 148.059814 8.000000
v 356.000000 150.000000 6.904053
v 358.000000 148.065720 8.000000
v 358.000000 150.000000 6.791955
v 360.000000 150.000000 6.511010
v 26.000000 152.000000 6.030914
v 34.000000 152.000000 6.055781
v 54.000000 152.000000 6.002270
v 56.000000 152.000000 6.200916
v 192.000000 152.000000 6.048096
v 196.000000 152.000000 6.098949
v 198.000000 152.000000 6.141128
v 214.000000 152.000000 6.468725
v 216.000000 152.000000 6.398308
v 222.000000 152.000000 6.198915
v 224.000000 150.468903 8.000000
v 224.000000 152.000000 7.086265
v 226.000000 150.523941 8.000000
v 226.000000 152.000000 7.098445
v 228.000000 152.000000 6.255185
v 236.000000 152.000000 6.316046
v 238.000000 152.000000 6.014374
v 252.000000 152.000000 6.140855
v 254.000000 152.000000 6.071113
v 286.000000 152.000000 6.247093
v 288.000000 152.000000 6.315983
v 302.000000 152.000000 6.242993
v 304.000000 152.000000 6.350822
v 306.000000 152.000000 6.057459
v 312.000000 152.000000 6.183655
v 314.000000 150.020340 8.000000
v 314.000000 152.000000 6.717958
v 316.000000 150.156952 8.000000
v 316.000000 152.000000 6.666276
v 318.000000 152.000000 6.045638
v 324.000000 152.000000 6.380000
v 326.000000 152.000000 6.418473
v 356.000000 152.000000 6.136788
v 2.000000 154.000000 6.320767
v 0.000000 154.000000 6.232718
v 4.000000 154.000000 6.151982
v 10.000000 154.000000 6.321415
v 12.000000 154.000000 6.395600
v 14.000000 154.000000 6.120785
v 16.000000 154.000000 6.311362
v 18.000000 154.000000 6.557810
v 20.000000 154.000000 6.134489
v 22.000000 154.000000 6.001713
v 24.000000 154.000000 6.337317
v 26.000000 154.000000 6.565684
v 28.000000 154.000000 6.325560
v 30.000000 154.000000 6.144988
v 32.000000 154.000000 6.469815
v 34.000000 154.000000 6.767990
v 36.000000 154.000000 6.384279
v 40.000000 154.000000 6.020043
v 42.000000 154.000000 6.312563
v 44.000000 154.000000 6.354425
v 46.000000 154.000000 6.264264
v 48.000000 154.000000 6.045985
v 52.000000 154.000000 6.109532
v 54.000000 154.000000 6.520944
v 56.000000 154.000000 6.751230
v 58.000000 154.000000 6.283313
v 60.000000 154.000000 6.018395
v 70.000000 154.000000 6.143162
v 72.000000 154.000000 6.306966
v 74.000000 154.000000 6.264452
v 76.000000 154.000000 6.277864
v 78.000000 154.000000 6.329178
v 80.000000 154.000000 6.082143
v 86.000000 154.000000 6.010214
v 88.000000 154.000000 6.093558
v 90.000000 154.000000 6.013804
v 92.000000 154.000000 6.018600
v 100.000000 154.000000 6.035159
v 102.000000 154.000000 6.259128
v 104.000000 154.000000 6.061700
v 106.000000 154.000000 6.155893
v 108.000000 154.000000 6.321939
v 110.000000 154.000000 6.171986
v 116.000000 154.000000 6.270789
v 118.000000 154.000000 6.310724
v 120.000000 154.000000 6.063409
v 122.000000 154.000000 6.234254
v 124.000000 154.000000 6.458335
v 126.000000 154.000000 6.249787
v 132.000000 154.000000 6.305562
v 134.000000 154.000000 6.600931
v 136.000000 154.000000 6.675625
v 138.000000 154.000000 6.360993
v 140.000000 154.000000 6.058180
v 144.000000 154.000000 6.180931
v 146.000000 154.000000 6.525574
v 148.000000 154.000000 6.420206
v 150.000000 154.000000 6.234116
v 152.000000 154.000000 6.473251
v 154.000000 154.000000 6.449623
v 156.000000 154.000000 6.124208
v 160.000000 154.000000 6.186958
v 162.000000 154.000000 6.573972
v 164.000000 154.000000 6.706318
v 166.000000 154.000000 6.359235
v 168.000000 154.000000 6.486758
v 170.000000 154.000000 6.128234
v 176.000000 154.000000 6.046285
v 178.000000 154.000000 6.156816
v 180.000000 154.000000 6.143886
v 182.000000 154.000000 6.579040
v 184.000000 154.000000 6.629315
v 190.000000 154.000000 6.114930
v 192.000000 154.000000 6.749229
v 194.000000 154.000000 6.734361
v 196.000000 154.000000 6.849257
v 198.000000 154.000000 6.752199
v 206.000000 154.000000 6.278806
v 208.000000 154.000000 6.210814
v 210.000000 154.000000 6.057561
v 212.000000 154.000000 6.379662
v 214.000000 154.000000 6.967107
v 216.000000 154.000000 6.901713
v 218.000000 154.000000 6.297273
v 220.000000 154.000000 6.116708
v 222.000000 154.000000 6.765489
v 224.000000 154.000000 7.663228
v 226.000000 154.000000 7.740281
v 228.000000 154.000000 6.977635
v 230.000000 154.000000 6.021600
v 234.000000 154.000000 6.619366
v 236.000000 154.000000 7.031559
v 238.000000 154.000000 6.667008
v 240.000000 154.000000 6.096194
v 242.000000 154.000000 6.122636
v 244.000000 154.000000 6.233189
v 250.000000 154.000000 6.053972
v 252.000000 154.000000 6.837078
v 254.000000 154.000000 6.731180
v 256.000000 154.000000 6.443002
v 258.000000 154.000000 6.583527
v 260.000000 154.000000 6.111736
v 268.000000 154.000000 6.111667
v 270.000000 154.000000 6.072813
v 272.000000 154.000000 6.311097
v 274.000000 154.000000 6.186032
v 280.000000 154.000000 6.098997
v 282.000000 154.000000 6.603258
v 284.000000 154.000000 6.491007
v 286.000000 154.000000 6.731509
v 288.000000 154.000000 6.788883
v 290.000000 154.000000 6.044696
v 302.000000 154.000000 6.689905
v 304.000000 154.000000 6.977279
v 306.000000 154.000000 6.551209
v 312.000000 154.000000 6.980603
v 314.000000 154.000000 7.699302
v 316.000000 154.000000 7.585360
v 318.000000 154.000000 6.705317
v 322.000000 154.000000 6.220119
v 324.000000 154.000000 6.889886
v 326.000000 154.000000 6.892554
v 328.000000 154.000000 6.365721
v 330.000000 154.000000 6.032656
v 332.000000 154.000000 6.284427
v 334.000000 154.000000 6.222876
v 342.000000 154.000000 6.152575
v 344.000000 154.000000 6.293571
v 346.000000 154.000000 6.289172
v 348.000000 154.000000 6.574643
v 350.000000 154.000000 6.062908
v 354.000000 154.000000 6.021369
v 356.000000 154.000000 6.784007
v 358.000000 154.000000 6.640959
v 360.000000 154.000000 6.232718
v 2.000000 156.000000 6.459082
v 0.000000 156.000000 6.456191
v 4.000000 156.000000 6.216188
v 10.000000 156.000000 6.450978
v 12.000000 156.000000 6.624703
v 14.000000 156.000000 6.687182
v 16.000000 156.000000 6.946921
v 18.000000 156.000000 6.896107
v 20.000000 156.000000 6.542140
v 22.000000 156.000000 6.614492
v 24.000000 156.000000 6.768444
v 26.000000 156.000000 6.881450
v 28.000000 156.000000 6.741840
v 30.000000 156.000000 6.510928
v 32.000000 156.000000 6.764312
v 34.000000 156.000000 7.034080
v 36.000000 156.000000 6.878221
v 38.000000 156.000000 6.587447
v 40.000000 156.000000 6.672526
v 42.000000 156.000000 7.037811
v 44.000000 156.000000 7.128312
v 46.000000 156.000000 7.097656
v 48.000000 156.000000 6.819751
v 50.000000 156.000000 6.564902
v 52.000000 156.000000 6.566092
v 54.000000 156.000000 7.043971
v 56.000000 156.000000 7.416281
v 58.000000 156.000000 7.210617
v 60.000000 156.000000 6.771068
v 62.000000 156.000000 6.686099
v 64.000000 156.000000 6.540000
v 66.000000 156.000000 6.285858
v 68.000000 156.000000 6.290792
v 70.000000 156.000000 6.607043
v 72.000000 156.000000 6.836499
v 74.000000 156.000000 6.718871
v 76.000000 156.000000 6.812025
v 78.000000 156.000000 6.853446
v 80.000000 156.000000 6.491175
v 86.000000 156.000000 6.334031
v 88.000000 156.000000 6.586176
v 90.000000 156.000000 6.711248
v 92.000000 156.000000 6.646669
v 94.000000 156.000000 6.295910
v 100.000000 156.000000 6.601948
v 102.000000 156.000000 6.929664
v 104.000000 156.000000 6.737006
v 106.000000 156.000000 6.810897
v 108.000000 156.000000 6.903500
v 110.000000 156.000000 6.415330
v 112.000000 156.000000 6.143332
v 114.000000 156.000000 6.201364
v 116.000000 156.000000 6.594990
v 118.000000 156.000000 6.735217
v 120.000000 156.000000 6.604946
v 122.000000 156.000000 6.893912
v 124.000000 156.000000 7.279778
v 126.000000 156.000000 7.003001
v 128.000000 156.000000 6.477825
v 130.000000 156.000000 6.612110
v 132.000000 156.000000 6.880308
v 134.000000 156.000000 7.119803
v 136.000000 156.000000 7.039229
v 138.000000 156.000000 6.793519
v 140.000000 156.000000 6.541984
v 142.000000 156.000000 6.367880
v 144.000000 156.000000 6.486755
v 146.000000 156.000000 6.722393
v 148.000000 156.000000 6.611965
v 150.000000 156.000000 6.550511
v 152.000000 156.000000 6.593554
v 154.000000 156.000000 6.675492
v 156.000000 156.000000 6.365408
v 158.000000 156.000000 6.322510
v 160.000000 156.000000 6.559399
v 162.000000 156.000000 7.101127
v 164.000000 156.000000 7.336471
v 166.000000 156.000000 7.040658
v 168.000000 156.000000 6.855413
v 170.000000 156.000000 6.549125
v 176.000000 156.000000 6.277097
v 178.000000 156.000000 6.589057
v 180.000000 156.000000 6.634429
v 182.000000 156.000000 6.996365
v 184.000000 156.000000 7.021329
v 186.000000 156.000000 6.162724
v 190.000000 156.000000 6.585989
v 192.000000 156.000000 7.381894
v 194.000000 156.000000 7.283213
v 196.000000 156.000000 7.370469
v 198.000000 156.000000 7.352793
v 200.000000 156.000000 6.678511
v 202.000000 156.000000 6.185439
v 204.000000 156.000000 6.240965
v 206.000000 156.000000 6.705703
v 208.000000 156.000000 6.749578
v 210.000000 156.000000 6.558500
v 212.000000 156.000000 7.120135
v 214.000000 156.000000 7.666041
v 216.000000 156.000000 7.538826
v 218.000000 156.000000 6.954955
v 220.000000 156.000000 6.654326
v 222.000000 156.000000 7.399071
v 223.302185 156.000000 8.000000
v 224.000000 154.996384 8.000000
v 226.000000 154.670944 8.000000
v 228.000000 156.000000 7.655329
v 227.190857 156.000000 8.000000
v 230.000000 156.000000 6.616781
v 232.000000 156.000000 6.617121
v 234.000000 156.000000 7.251467
v 236.000000 156.000000 7.723852
v 238.000000 156.000000 7.355021
v 240.000000 156.000000 6.642318
v 242.000000 156.000000 6.673051
v 244.000000 156.000000 6.737909
v 246.000000 156.000000 6.292855
v 248.000000 156.000000 6.010753
v 250.000000 156.000000 6.595058
v 252.000000 156.000000 7.362863
v 254.000000 156.000000 7.193921
v 256.000000 156.000000 6.970264
v 258.000000 156.000000 7.033289
v 260.000000 156.000000 6.604435
v 266.000000 156.000000 6.546577
v 268.000000 156.000000 6.961614
v 270.000000 156.000000 6.624599
v 272.000000 156.000000 6.798109
v 274.000000 156.000000 6.708379
v 280.000000 156.000000 6.652061
v 282.000000 156.000000 7.185735
v 284.000000 156.000000 7.104310
v 286.000000 156.000000 7.242995
v 288.000000 156.000000 7.409187
v 290.000000 156.000000 6.616246
v 296.000000 156.000000 6.400127
v 298.000000 156.000000 6.673013
v 300.000000 156.000000 6.671703
v 302.000000 156.000000 7.297588
v 304.000000 156.000000 7.531106
v 306.000000 156.000000 7.124048
v 308.000000 156.000000 6.563234
v 310.000000 156.000000 6.650979
v 312.000000 156.000000 7.736630
v 312.608978 156.000000 8.000000
v 314.000000 154.660324 8.000000
v 316.000000 155.008224 8.000000
v 318.000000 156.000000 7.357383
v 316.769257 156.000000 8.000000
v 320.000000 156.000000 6.707502
v 322.000000 156.000000 7.019843
v 324.000000 156.000000 7.557849
v 326.000000 156.000000 7.517303
v 328.000000 156.000000 7.119777
v 330.000000 156.000000 6.737316
v 332.000000 156.000000 6.931682
v 334.000000 156.000000 6.851799
v 336.000000 156.000000 6.182781
v 338.000000 156.000000 6.249158
v 340.000000 156.000000 6.831433
v 342.000000 156.000000 6.994507
v 344.000000 156.000000 7.142499
v 346.000000 156.000000 7.216820
v 348.000000 156.000000 7.374562
v 350.000000 156.000000 6.662825
v 352.000000 156.000000 6.032220
v 354.000000 156.000000 6.430230
v 356.000000 156.000000 6.801797
v 358.000000 156.000000 6.785091
v 360.000000 156.000000 6.456191
v 12.000000 158.000000 6.040056
v 14.000000 158.000000 6.090976
v 16.000000 158.000000 6.304507
v 18.000000 158.000000 6.364963
v 20.000000 158.000000 6.025328
v 24.000000 158.000000 6.191846
v 26.000000 158.000000 6.273142
v 28.000000 158.000000 6.150664
v 30.000000 158.000000 6.002352
v 32.000000 158.000000 6.226606
v 34.000000 158.000000 6.379194
v 36.000000 158.000000 6.202719
v 38.000000 158.000000 6.016510
v 40.000000 158.000000 6.132382
v 42.000000 158.000000 6.399701
v 44.000000 158.000000 6.601109
v 46.000000 158.000000 6.598624
v 48.000000 158.000000 6.280723
v 50.000000 158.000000 6.003583
v 54.000000 158.000000 6.237239
v 56.000000 158.000000 6.684187
v 58.000000 158.000000 6.675694
v 60.000000 158.000000 6.217360
v 62.000000 158.000000 6.204160
v 64.000000 158.000000 6.112235
v 70.000000 158.000000 6.066710
v 72.000000 158.000000 6.319115
v 74.000000 158.000000 6.298031
v 76.000000 158.000000 6.380928
v 78.000000 158.000000 6.333707
v 90.000000 158.000000 6.233832
v 92.000000 158.000000 6.125817
v 100.000000 158.000000 6.098103
v 102.000000 158.000000 6.315865
v 104.000000 158.000000 6.400680
v 106.000000 158.000000 6.416689
v 108.000000 158.000000 6.354783
v 118.000000 158.000000 6.066602
v 120.000000 158.000000 6.088649
v 122.000000 158.000000 6.341141
v 124.000000 158.000000 6.666869
v 126.000000 158.000000 6.291896
v 130.000000 158.000000 6.015520
v 132.000000 158.000000 6.342946
v 134.000000 158.000000 6.457463
v 136.000000 158.000000 6.497764
v 138.000000 158.000000 6.249945
v 146.000000 158.000000 6.086581
v 148.000000 158.000000 6.110833
v 150.000000 158.000000 6.012943
v 152.000000 158.000000 6.226954
v 154.000000 158.000000 6.119251
v 160.000000 158.000000 6.081001
v 162.000000 158.000000 6.501283
v 164.000000 158.000000 6.712971
v 166.000000 158.000000 6.611538
v 168.000000 158.000000 6.499181
v 170.000000 158.000000 6.105118
v 180.000000 158.000000 6.148811
v 182.000000 158.000000 6.499010
v 184.000000 158.000000 6.470405
v 190.000000 158.000000 6.132181
v 192.000000 158.000000 6.784178
v 194.000000 158.000000 6.776180
v 196.000000 158.000000 6.888922
v 198.000000 158.000000 6.917323
v 200.000000 158.000000 6.215410
v 212.000000 158.000000 6.546868
v 214.000000 158.000000 7.082194
v 216.000000 158.000000 6.937000
v 218.000000 158.000000 6.238016
v 220.000000 158.000000 6.044812
v 222.000000 158.000000 6.662745
v 224.000000 157.187302 8.000000
v 224.000000 158.000000 7.760696
v 226.000000 157.536407 8.000000
v 226.000000 158.000000 7.841170
v 228.000000 158.000000 6.803044
v 230.000000 158.000000 6.009434
v 232.000000 158.000000 6.116829
v 234.000000 158.000000 6.766281
v 236.000000 158.000000 7.184104
v 238.000000 158.000000 6.724091
v 240.000000 158.000000 6.118670
v 242.000000 158.000000 6.234698
v 244.000000 158.000000 6.249784
v 250.000000 158.000000 6.112534
v 252.000000 158.000000 6.805286
v 254.000000 158.000000 6.622569
v 256.000000 158.000000 6.379035
v 258.000000 158.000000 6.522134
v 260.000000 158.000000 6.043552
v 268.000000 158.000000 6.293535
v 270.000000 158.000000 6.134329
v 272.000000 158.000000 6.347441
v 274.000000 158.000000 6.176147
v 280.000000 158.000000 6.177404
v 282.000000 158.000000 6.679215
v 284.000000 158.000000 6.570179
v 286.000000 158.000000 6.832382
v 288.000000 158.000000 6.998053
v 290.000000 158.000000 6.155071
v 298.000000 158.000000 6.155837
v 300.000000 158.000000 6.228459
v 302.000000 158.000000 6.874187
v 304.000000 158.000000 7.089100
v 306.000000 158.000000 6.581891
v 308.000000 158.000000 6.068688
v 310.000000 158.000000 6.147760
v 312.000000 158.000000 6.977818
v 314.000000 157.387314 8.000000
v 314.000000 158.000000 7.731958
v 316.000000 156.985306 8.000000
v 316.000000 158.000000 7.577720
v 318.000000 158.000000 6.674649
v 320.000000 158.000000 6.150576
v 322.000000 158.000000 6.454029
v 324.000000 158.000000 7.031168
v 326.000000 158.000000 7.008995
v 328.000000 158.000000 6.507349
v 330.000000 158.000000 6.156407
v 332.000000 158.000000 6.335671
v 334.000000 158.000000 6.215316
v 340.000000 158.000000 6.184453
v 342.000000 158.000000 6.480511
v 344.000000 158.000000 6.525838
v 346.000000 158.000000 6.539606
v 348.000000 158.000000 6.555098
v 350.000000 158.000000 6.054121
v 356.000000 158.000000 6.243279
v 358.000000 158.000000 6.177308
v 2.000000 160.000000 6.672638
v 0.000000 160.000000 6.529841
v 4.000000 160.000000 6.516819
v 10.000000 160.000000 6.537842
v 12.000000 160.000000 6.812971
v 14.000000 160.000000 6.591026
v 16.000000 160.000000 6.661500
v 18.000000 160.000000 6.842067
v 20.000000 160.000000 6.532556
v 22.000000 160.000000 6.359830
v 24.000000 160.000000 6.778470
v 26.000000 160.000000 7.024723
v 28.000000 160.000000 6.803414
v 30.000000 160.000000 6.522373
v 32.000000 160.000000 6.858614
v 34.000000 160.000000 6.990931
v 36.000000 160.000000 6.804807
v 38.000000 160.000000 6.543038
v 40.000000 160.000000 6.512375
v 42.000000 160.000000 6.671083
v 44.000000 160.000000 6.775532
v 46.000000 160.000000 6.862464
v 48.000000 160.000000 6.732280
v 50.000000 160.000000 6.510789
v 52.000000 160.000000 6.388458
v 54.000000 160.000000 6.727284
v 56.000000 160.000000 7.057619
v 58.000000 160.000000 7.020914
v 60.000000 160.000000 6.522770
v 62.000000 160.000000 6.373134
v 64.000000 160.000000 6.324347
v 66.000000 160.000000 6.304049
v 68.000000 160.000000 6.280847
v 70.000000 160.000000 6.510079
v 72.000000 160.000000 6.691337
v 74.000000 160.000000 6.706476
v 76.000000 160.000000 6.696156
v 78.000000 160.000000 6.606510
v 80.000000 160.000000 6.504607
v 82.000000 160.000000 6.051556
v 86.000000 160.000000 6.211822
v 88.000000 160.000000 6.516657
v 90.000000 160.000000 6.504330
v 92.000000 160.000000 6.428157
v 94.000000 160.000000 6.246681
v 96.000000 160.000000 6.085825
v 98.000000 160.000000 6.101748
v 100.000000 160.000000 6.544380
v 102.000000 160.000000 6.677218
v 104.000000 160.000000 6.740625
v 106.000000 160.000000 6.626010
v 108.000000 160.000000 6.589788
v 110.000000 160.000000 6.511848
v 112.000000 160.000000 6.256026
v 114.000000 160.000000 6.307365
v 116.000000 160.000000 6.678017
v 118.000000 160.000000 6.865775
v 120.000000 160.000000 6.560822
v 122.000000 160.000000 6.921743
v 124.000000 160.000000 7.080316
v 126.000000 160.000000 7.023420
v 128.000000 160.000000 6.531510
v 130.000000 160.000000 6.525302
v 132.000000 160.000000 7.001855
v 134.000000 160.000000 7.088683
v 136.000000 160.000000 7.160810
v 138.000000 160.000000 7.011368
v 140.000000 160.000000 6.501375
v 142.000000 160.000000 6.291115
v 144.000000 160.000000 6.429939
v 146.000000 160.000000 6.754683
v 148.000000 160.000000 6.885359
v 150.000000 160.000000 6.546656
v 152.000000 160.000000 6.725803
v 154.000000 160.000000 6.885906
v 156.000000 160.000000 6.429867
v 158.000000 160.000000 6.187938
v 160.000000 160.000000 6.527369
v 162.000000 160.000000 6.992083
v 164.000000 160.000000 7.181389
v 166.000000 160.000000 7.053362
v 168.000000 160.000000 6.972529
v 170.000000 160.000000 6.515604
v 176.000000 160.000000 6.040820
v 178.000000 160.000000 6.368692
v 180.000000 160.000000 6.522828
v 182.000000 160.000000 6.826555
v 184.000000 160.000000 6.888954
v 186.000000 160.000000 6.105677
v 190.000000 160.000000 6.523959
v 192.000000 160.000000 7.155598
v 194.000000 160.000000 7.227339
v 196.000000 160.000000 7.331321
v 198.000000 160.000000 7.268811
v 200.000000 160.000000 6.518057
v 206.000000 160.000000 6.418810
v 208.000000 160.000000 6.503481
v 210.000000 160.000000 6.518355
v 212.000000 160.000000 7.092703
v 214.000000 160.000000 7.717893
v 216.000000 160.000000 7.532501
v 218.000000 160.000000 6.844605
v 220.000000 160.000000 6.521818
v 222.000000 160.000000 7.312104
v 223.317154 160.000000 8.000000
v 224.000000 158.765396 8.000000
v 226.000000 158.409271 8.000000
v 228.000000 160.000000 7.653617
v 227.270447 160.000000 8.000000
v 230.000000 160.000000 6.537859
v 232.000000 160.000000 6.460772
v 234.000000 160.000000 7.144998
v 236.000000 160.000000 7.606554
v 238.000000 160.000000 7.204105
v 240.000000 160.000000 6.530582
v 242.000000 160.000000 6.663498
v 244.000000 160.000000 6.753704
v 246.000000 160.000000 6.148406
v 250.000000 160.000000 6.491737
v 252.000000 160.000000 7.113211
v 254.000000 160.000000 6.928472
v 256.000000 160.000000 6.812596
v 258.000000 160.000000 7.039229
v 260.000000 160.000000 6.528282
v 266.000000 160.000000 6.349007
v 268.000000 160.000000 6.626057
v 270.000000 160.000000 6.524179
v 272.000000 160.000000 6.834218
v 274.000000 160.000000 6.736655
v 280.000000 160.000000 6.533395
v 282.000000 160.000000 7.039361
v 284.000000 160.000000 6.947406
v 286.000000 160.000000 7.229025
v 288.000000 160.000000 7.483018
v 290.000000 160.000000 6.520667
v 296.000000 160.000000 6.350320
v 298.000000 160.000000 6.410529
v 300.000000 160.000000 6.517111
v 302.000000 160.000000 7.224616
v 304.000000 160.000000 7.661304
v 306.000000 160.000000 7.046063
v 308.000000 160.000000 6.313509
v 310.000000 160.000000 6.525755
v 312.000000 160.000000 7.474711
v 313.740295 160.000000 8.000000
v 314.000000 159.543243 8.000000
v 316.000000 160.000000 7.879911
v 314.822327 160.000000 8.000000
v 318.000000 160.000000 7.162165
v 320.000000 160.000000 6.531354
v 322.000000 160.000000 6.811914
v 324.000000 160.000000 7.364061
v 326.000000 160.000000 7.369970
v 328.000000 160.000000 6.876785
v 330.000000 160.000000 6.512304
v 332.000000 160.000000 6.579576
v 334.000000 160.000000 6.416021
v 336.000000 160.000000 6.042692
v 338.000000 160.000000 6.061715
v 340.000000 160.000000 6.517327
v 342.000000 160.000000 6.943205
v 344.000000 160.000000 7.024360
v 346.000000 160.000000 7.060009
v 348.000000 160.000000 7.070459
v 350.000000 160.000000 6.515316
v 354.000000 160.000000 6.310781
v 356.000000 160.000000 7.137706
v 358.000000 160.000000 6.952494
v 360.000000 160.000000 6.529841
v 34.000000 12.000000 8.060006
v 36.000000 12.000000 8.107824
v 38.000000 12.000000 8.103770
v 44.000000 12.000000 8.043818
v 46.000000 12.000000 8.188592
v 48.000000 12.000000 8.116160
v 50.000000 12.000000 8.002797
v 52.000000 12.000000 8.027484
v 54.000000 12.000000 8.369031
v 56.000000 12.000000 8.454742
v 58.000000 12.000000 8.293851
v 62.000000 12.000000 8.123796
v 64.000000 12.000000 8.147922
v 72.000000 12.000000 8.190556
v 78.000000 12.000000 8.103620
v 88.000000 12.000000 8.019989
v 90.000000 12.000000 8.070165
v 92.000000 12.000000 8.400591
v 94.000000 12.000000 8.574042
v 96.000000 12.000000 8.060011
v 100.000000 12.000000 8.176086
v 102.000000 12.000000 8.280650
v 104.000000 12.000000 8.071991
v 106.000000 12.000000 8.417530
v 108.000000 12.000000 8.608343
v 110.000000 12.000000 8.231591
v 114.000000 12.000000 8.091713
v 116.000000 12.000000 8.440533
v 118.000000 12.000000 8.378606
v 120.000000 12.000000 8.217021
v 122.000000 12.000000 8.636929
v 124.000000 12.000000 8.983383
v 126.000000 12.000000 8.481240
v 128.000000 12.000000 8.111973
v 130.000000 12.000000 8.159779
v 132.000000 12.000000 8.298241
v 134.000000 12.000000 8.322978
v 136.000000 12.000000 8.188127
v 138.000000 12.000000 8.102012
v 142.000000 12.000000 8.040998
v 144.000000 12.000000 8.041671
v 122.000000 14.000000 8.090332
v 124.000000 14.000000 8.200568
v 124.000000 18.000000 8.141485
v 78.000000 20.000000 8.126307
v 88.000000 20.000000 8.165195
v 90.000000 20.000000 8.599489
v 92.000000 20.000000 8.812455
v 94.000000 20.000000 8.261102
v 96.000000 20.000000 8.051828
v 98.000000 20.000000 8.412419
v 100.000000 20.000000 8.787432
v 102.000000 20.000000 8.747640
v 104.000000 20.000000 8.863722
v 106.000000 20.000000 9.349385
v 108.000000 20.000000 9.422763
v 110.000000 20.000000 8.687739
v 112.000000 20.000000 8.550361
v 114.000000 20.000000 8.589520
v 116.000000 20.000000 8.389727
v 118.000000 20.000000 8.216763
v 120.000000 20.000000 8.367304
v 122.000000 20.000000 8.870875
v 124.000000 20.000000 9.035603
v 126.000000 20.000000 8.353035
v 130.000000 20.000000 8.069382
v 132.000000 20.000000 8.456626
v 134.000000 20.000000 8.193378
v 78.000000 22.000000 8.296905
v 80.000000 22.000000 8.156294
v 86.000000 22.000000 8.032333
v 88.000000 22.000000 8.205157
v 90.000000 22.000000 8.632245
v 92.000000 22.000000 8.705175
v 94.000000 22.000000 8.203390
v 96.000000 22.000000 8.107145
v 98.000000 22.000000 8.490485
v 100.000000 22.000000 8.810946
v 102.000000 22.000000 8.567031
v 104.000000 22.000000 8.561463
v 106.000000 22.000000 9.346375
v 108.000000 22.000000 9.166937
v 110.000000 22.000000 8.445361
v 112.000000 22.000000 8.416211
v 114.000000 22.000000 8.388319
v 116.000000 22.000000 8.226735
v 118.000000 22.000000 8.231015
v 120.000000 22.000000 8.340585
v 122.000000 22.000000 8.802932
v 124.000000 22.000000 8.984971
v 126.000000 22.000000 8.253412
v 132.000000 22.000000 8.057444
v 134.000000 22.000000 8.094789
v 70.000000 24.000000 8.345850
v 72.000000 24.000000 8.870006
v 74.000000 24.000000 8.477809
v 76.000000 24.000000 8.746367
v 78.000000 24.000000 9.005642
v 80.000000 24.000000 8.771942
v 82.000000 24.000000 8.201104
v 84.000000 24.000000 8.172735
v 86.000000 24.000000 8.611482
v 88.000000 24.000000 8.855576
v 90.000000 24.000000 9.152020
v 92.000000 24.000000 8.960266
v 94.000000 24.000000 8.656022
v 96.000000 24.000000 8.442376
v 98.000000 24.000000 8.792724
v 100.000000 24.000000 9.418388
v 102.000000 24.000000 9.232584
v 104.000000 24.000000 9.600988
v 105.363319 24.000000 10.000000
v 106.000000 23.582367 10.000000
v 108.000000 24.000000 9.902968
v 107.335869 24.000000 10.000000
v 110.000000 24.000000 9.066406
v 112.000000 24.000000 8.832956
v 114.000000 24.000000 8.746366
v 116.000000 24.000000 8.378026
v 118.000000 24.000000 8.339372
v 120.000000 24.000000 8.834041
v 122.000000 24.000000 9.347940
v 124.000000 24.000000 9.330093
v 126.000000 24.000000 8.402636
v 128.000000 24.000000 8.021665
v 130.000000 24.000000 8.186993
v 132.000000 24.000000 8.455947
v 134.000000 24.000000 8.352026
v 136.000000 24.000000 8.199136
v 34.000000 26.000000 8.146503
v 36.000000 26.000000 8.098889
v 42.000000 26.000000 8.475559
v 44.000000 26.000000 8.940006
v 46.000000 26.000000 9.294771
v 48.000000 26.000000 8.813128
v 50.000000 26.000000 8.502384
v 52.000000 26.000000 8.944205
v 54.000000 26.000000 9.694074
v 56.000000 26.000000 9.746463
v 58.000000 26.000000 9.434374
v 60.000000 26.000000 9.286113
v 62.000000 26.000000 9.311790
v 64.000000 26.000000 8.876220
v 66.000000 26.000000 8.624479
v 68.000000 26.000000 9.293964
v 69.554451 26.000000 10.000000
v 70.000000 25.819452 10.000000
v 72.000000 25.269835 10.000000
v 74.000000 25.207390 10.000000
v 76.000000 24.872587 10.000000
v 78.000000 24.752104 10.000000
v 80.000000 24.987629 10.000000
v 82.000000 25.667368 10.000000
v 84.000000 25.788893 10.000000
v 86.000000 25.319561 10.000000
v 88.000000 24.929943 10.000000
v 90.000000 24.624395 10.000000
v 92.000000 24.763771 10.000000
v 94.000000 25.121790 10.000000
v 96.000000 25.336777 10.000000
v 98.000000 24.977123 10.000000
v 100.000000 24.416952 10.000000
v 102.000000 24.464306 10.000000
v 104.000000 24.240158 10.000000
v 108.000000 24.074997 10.000000
v 110.000000 24.666965 10.000000
v 112.000000 25.021065 10.000000
v 114.000000 25.033594 10.000000
v 116.000000 25.340168 10.000000
v 118.000000 25.403551 10.000000
v 120.000000 24.954943 10.000000
v 122.000000 24.567375 10.000000
v 124.000000 24.670565 10.000000
v 126.000000 25.531961 10.000000
v 128.000000 25.829744 10.000000
v 130.000000 25.637934 10.000000
v 132.000000 25.356556 10.000000
v 134.000000 25.610941 10.000000
v 136.000000 25.822527 10.000000
v 138.000000 26.000000 9.727595
v 136.907196 26.000000 10.000000
v 140.000000 26.000000 9.239234
v 142.000000 26.000000 9.176027
v 144.000000 26.000000 9.022372
v 146.000000 26.000000 8.821972
v 148.000000 26.000000 8.590338
v 150.000000 26.000000 8.385650
v 152.000000 26.000000 8.305696
v 16.000000 28.000000 8.079468
v 18.000000 28.000000 8.166987
v 26.000000 28.000000 8.003029
v 28.000000 28.000000 8.186760
v 30.000000 28.000000 8.412420
v 32.000000 28.000000 8.881915
v 34.000000 28.000000 9.149733
v 36.000000 28.000000 8.970627
v 38.000000 28.000000 8.917580
v 40.000000 28.000000 9.002155
v 42.000000 28.000000 9.540080
v 43.218784 28.000000 10.000000
v 44.000000 27.569475 10.000000
v 46.000000 27.001009 10.000000
v 48.000000 27.885324 10.000000
v 50.000000 28.000000 9.604552
v 48.353226 28.000000 10.000000
v 51.068939 28.000000 10.000000
v 52.000000 27.542397 10.000000
v 54.000000 26.395687 10.000000
v 56.000000 26.346258 10.000000
v 58.000000 26.835363 10.000000
v 60.000000 27.047770 10.000000
v 62.000000 26.885511 10.000000
v 64.000000 27.236317 10.000000
v 66.000000 27.588837 10.000000
v 68.000000 27.194687 10.000000
v 138.000000 26.533047 10.000000
v 140.000000 27.506916 10.000000
v 142.000000 27.372250 10.000000
v 144.000000 27.453695 10.000000
v 146.000000 27.941038 10.000000
v 148.000000 28.000000 9.580524
v 146.167862 28.000000 10.000000
v 150.000000 28.000000 9.290319
v 152.000000 28.000000 9.065706
v 154.000000 28.000000 8.711633
v 156.000000 28.000000 8.721069
v 158.000000 28.000000 8.791859
v 160.000000 28.000000 8.616204
v 162.000000 28.000000 8.882685
v 164.000000 28.000000 8.729147
v 166.000000 28.000000 8.442950
v 168.000000 28.000000 8.304479
v 170.000000 28.000000 8.060891
v 182.000000 28.000000 8.019318
v 184.000000 28.000000 8.079151
v 214.000000 28.000000 8.116670
v 32.000000 30.000000 8.417296
v 34.000000 30.000000 8.784097
v 36.000000 30.000000 8.510917
v 38.000000 30.000000 8.082588
v 40.000000 30.000000 8.315104
v 42.000000 30.000000 8.960789
v 43.828152 30.000000 10.000000
v 48.000000 30.000000 9.731150
v 47.281342 30.000000 10.000000
v 48.000000 28.530451 10.000000
v 50.000000 30.000000 9.308408
v 51.743198 30.000000 10.000000
v 140.000000 30.000000 9.872435
v 138.678406 30.000000 10.000000
v 140.000000 29.361948 10.000000
v 142.000000 29.278854 10.000000
v 142.000000 30.000000 9.769204
v 144.000000 29.587536 10.000000
v 144.000000 30.000000 9.888732
v 146.000000 28.133968 10.000000
v 146.000000 30.000000 9.427999
v 148.000000 30.000000 9.002087
v 150.000000 30.000000 8.802577
v 152.000000 30.000000 8.414082
v 154.000000 30.000000 8.254669
v 156.000000 30.000000 8.437464
v 158.000000 30.000000 8.297112
v 160.000000 30.000000 8.063552
v 162.000000 30.000000 8.427407
v 164.000000 30.000000 8.227568
v 42.000000 32.000000 8.115255
v 44.000000 30.199257 10.000000
v 44.000000 32.000000 9.074329
v 46.000000 30.563612 10.000000
v 46.000000 32.000000 8.939034
v 48.000000 32.000000 8.666077
v 50.000000 32.000000 8.483574
v 52.000000 30.228386 10.000000
v 52.000000 32.000000 9.189052
v 53.426109 32.000000 10.000000
v 58.000000 32.000000 9.799700
v 57.217297 32.000000 10.000000
v 58.000000 31.546156 10.000000
v 60.000000 30.810993 10.000000
v 60.000000 32.000000 9.404390
v 62.000000 30.813536 10.000000
v 62.000000 32.000000 9.416970
v 64.000000 30.604179 10.000000
v 64.000000 32.000000 9.184846
v 66.000000 30.109377 10.000000
v 66.000000 32.000000 8.878696
v 68.000000 30.886789 10.000000
v 68.000000 32.000000 9.540249
v 68.625114 32.000000 10.000000
v 128.000000 32.000000 9.881594
v 127.381477 32.000000 10.000000
v 128.000000 31.801950 10.000000
v 130.000000 31.835953 10.000000
v 130.000000 32.000000 9.890917
v 130.281921 32.000000 10.000000
v 136.000000 32.000000 9.502741
v 134.587509 32.000000 10.000000
v 136.000000 31.315016 10.000000
v 138.000000 30.120033 10.000000
v 138.000000 32.000000 9.045968
v 140.000000 32.000000 8.534622
v 142.000000 32.000000 8.309343
v 144.000000 32.000000 8.459021
v 146.000000 32.000000 8.095021
v 28.000000 34.000000 8.041300
v 30.000000 34.000000 8.228106
v 32.000000 34.000000 9.744289
v 34.000000 34.000000 9.790763
v 36.000000 34.000000 8.713223
v 38.000000 34.000000 8.605340
v 40.000000 34.000000 8.765093
v 42.000000 34.000000 9.822107
v 42.522732 34.000000 10.000000
v 44.000000 33.296024 10.000000
v 46.000000 33.164291 10.000000
v 48.000000 33.579594 10.000000
v 50.000000 33.835331 10.000000
v 52.000000 32.723640 10.000000
v 58.000000 32.229561 10.000000
v 60.000000 32.668777 10.000000
v 62.000000 32.722160 10.000000
v 64.000000 33.049606 10.000000
v 66.000000 33.191727 10.000000
v 68.000000 32.417625 10.000000
v 128.000000 32.121620 10.000000
v 130.000000 32.119148 10.000000
v 136.000000 32.630013 10.000000
v 138.000000 33.245346 10.000000
v 140.000000 33.969753 10.000000
v 142.000000 34.000000 9.886184
v 140.384445 34.000000 10.000000
v 144.000000 34.000000 9.642585
v 146.000000 34.000000 9.308324
v 148.000000 34.000000 9.026060
v 150.000000 34.000000 8.759643
v 152.000000 34.000000 8.389330
v 154.000000 34.000000 8.191233
v 156.000000 34.000000 8.348026
v 158.000000 34.000000 8.014746
v 164.000000 34.000000 8.093684
v 2.000000 36.000000 9.847301
v 0.000000 36.000000 8.595756
v 4.000000 36.000000 8.859785
v 6.000000 36.000000 8.153015
v 8.000000 36.000000 8.491845
v 10.000000 36.000000 9.026802
v 12.000000 36.000000 9.359994
v 14.000000 36.000000 9.690355
v 14.498292 36.000000 10.000000
v 16.000000 35.410206 10.000000
v 18.000000 35.451069 10.000000
v 20.000000 36.000000 9.964472
v 19.927292 36.000000 10.000000
v 22.000000 36.000000 9.766667
v 24.000000 36.000000 9.988291
v 26.000000 36.000000 9.978905
v 26.201841 36.000000 10.000000
v 28.000000 35.859573 10.000000
v 30.000000 35.370792 10.000000
v 32.000000 34.152248 10.000000
v 34.000000 34.141018 10.000000
v 36.000000 35.009556 10.000000
v 38.000000 35.123631 10.000000
v 40.000000 34.934853 10.000000
v 42.000000 34.137077 10.000000
v 142.000000 34.066685 10.000000
v 144.000000 34.246696 10.000000
v 146.000000 34.518551 10.000000
v 148.000000 34.733345 10.000000
v 150.000000 34.916912 10.000000
v 152.000000 35.139248 10.000000
v 154.000000 35.178459 10.000000
v 156.000000 35.072666 10.000000
v 158.000000 35.235405 10.000000
v 160.000000 35.648041 10.000000
v 162.000000 35.547115 10.000000
v 164.000000 35.556355 10.000000
v 166.000000 36.000000 9.670021
v 165.308868 36.000000 10.000000
v 168.000000 36.000000 9.395671
v 170.000000 36.000000 9.427673
v 172.000000 36.000000 8.810908
v 176.000000 36.000000 8.340095
v 178.000000 36.000000 8.906882
v 180.000000 36.000000 8.936213
v 182.000000 36.000000 9.039167
v 184.000000 36.000000 9.350651
v 186.000000 36.000000 9.148772
v 188.000000 36.000000 8.505757
v 190.000000 36.000000 8.584915
v 192.000000 36.000000 9.022854
v 194.000000 36.000000 9.062571
v 196.000000 36.000000 8.723546
v 198.000000 36.000000 8.727307
v 200.000000 36.000000 8.551705
v 206.000000 36.000000 8.107885
v 208.000000 36.000000 8.347243
v 210.000000 36.000000 8.294602
v 212.000000 36.000000 8.280414
v 214.000000 36.000000 8.685058
v 216.000000 36.000000 8.625426
v 218.000000 36.000000 8.149687
v 220.000000 36.000000 8.169912
v 222.000000 36.000000 8.357811
v 224.000000 36.000000 8.546138
v 226.000000 36.000000 8.584579
v 228.000000 36.000000 8.501277
v 236.000000 36.000000 8.016918
v 238.000000 36.000000 8.116343
v 254.000000 36.000000 8.046634
v 256.000000 36.000000 8.041028
v 314.000000 36.000000 8.090036
v 316.000000 36.000000 8.442359
v 326.000000 36.000000 8.152405
v 346.000000 36.000000 8.105675
v 348.000000 36.000000 8.262477
v 350.000000 36.000000 8.049319
v 354.000000 36.000000 8.104784
v 356.000000 36.000000 8.457227
v 358.000000 36.000000 8.284448
v 360.000000 36.000000 8.595756
v 0.000000 37.923660 10.000000
v 2.000000 36.191837 10.000000
v 4.000000 37.580677 10.000000
v 6.000000 38.000000 9.349904
v 4.637832 38.000000 10.000000
v 8.000000 38.000000 9.909498
v 8.216698 38.000000 10.000000
v 10.000000 37.187859 10.000000
v 12.000000 36.832317 10.000000
v 14.000000 36.397343 10.000000
v 20.000000 36.045921 10.000000
v 22.000000 36.315163 10.000000
v 24.000000 36.013702 10.000000
v 26.000000 36.026546 10.000000
v 166.000000 36.652206 10.000000
v 168.000000 36.999844 10.000000
v 170.000000 36.902660 10.000000
v 172.000000 38.000000 9.896202
v 171.745880 38.000000 10.000000
v 174.000000 38.000000 8.997371
v 176.000000 38.000000 9.470216
v 177.455444 38.000000 10.000000
v 178.000000 37.695034 10.000000
v 180.000000 37.718914 10.000000
v 182.000000 37.413048 10.000000
v 184.000000 36.978394 10.000000
v 186.000000 37.493748 10.000000
v 188.000000 38.000000 9.535098
v 186.793335 38.000000 10.000000
v 190.000000 38.000000 9.563749
v 191.764069 38.000000 10.000000
v 192.000000 37.892139 10.000000
v 194.000000 38.000000 9.970966
v 193.359558 38.000000 10.000000
v 196.000000 38.000000 9.719563
v 198.000000 38.000000 9.900193
v 200.000000 38.000000 9.722967
v 202.000000 38.000000 8.904002
v 204.000000 38.000000 8.697636
v 206.000000 38.000000 9.248849
v 208.000000 38.000000 9.594924
v 210.000000 38.000000 9.519413
v 212.000000 38.000000 9.336719
v 213.886093 38.000000 10.000000
v 214.000000 37.945911 10.000000
v 216.000000 38.000000 9.980137
v 215.376160 38.000000 10.000000
v 218.000000 38.000000 9.312018
v 220.000000 38.000000 9.229425
v 222.000000 38.000000 9.405947
v 224.000000 38.000000 9.463731
v 226.000000 38.000000 9.440745
v 228.000000 38.000000 9.239472
v 230.000000 38.000000 8.867931
v 232.000000 38.000000 8.567805
v 234.000000 38.000000 8.660810
v 236.000000 38.000000 8.981807
v 238.000000 38.000000 9.085678
v 240.000000 38.000000 8.722487
v 242.000000 38.000000 8.098658
v 248.000000 38.000000 8.072126
v 250.000000 38.000000 8.363888
v 252.000000 38.000000 8.816064
v 254.000000 38.000000 8.984975
v 256.000000 38.000000 8.898908
v 258.000000 38.000000 8.410728
v 260.000000 38.000000 8.253282
v 268.000000 38.000000 8.327478
v 270.000000 38.000000 8.122131
v 280.000000 38.000000 8.095029
v 282.000000 38.000000 8.481035
v 284.000000 38.000000 8.566924
v 286.000000 38.000000 8.257219
v 288.000000 38.000000 8.182080
v 290.000000 38.000000 8.105769
v 300.000000 38.000000 8.165994
v 302.000000 38.000000 8.247036
v 304.000000 38.000000 8.458275
v 306.000000 38.000000 8.765052
v 308.000000 38.000000 8.478591
v 310.000000 38.000000 8.173201
v 312.000000 38.000000 8.369183
v 314.000000 38.000000 8.996888
v 316.000000 38.000000 9.452607
v 318.000000 38.000000 8.896938
v 320.000000 38.000000 8.284839
v 322.000000 38.000000 8.302114
v 324.000000 38.000000 8.926275
v 326.000000 38.000000 9.297670
v 328.000000 38.000000 8.679196
v 330.000000 38.000000 8.430040
v 332.000000 38.000000 8.700342
v 334.000000 38.000000 8.489630
v 340.000000 38.000000 8.785339
v 342.000000 38.000000 8.921373
v 344.000000 38.000000 8.991796
v 346.000000 38.000000 9.536527
v 347.995819 38.000000 10.000000
v 348.000000 37.999031 10.000000
v 350.000000 38.000000 9.255176
v 348.002411 38.000000 10.000000
v 352.000000 38.000000 8.895563
v 354.000000 38.000000 9.379703
v 356.000000 38.000000 9.975515
v 358.000000 38.000000 9.725697
v 359.616028 38.000000 10.000000
v 360.000000 37.923660 10.000000
v 0.000000 38.248314 10.000000
v 0.644924 40.000000 10.000000
v 0.000000 40.000000 9.496771
v 4.000000 40.000000 9.510416
v 3.373699 40.000000 10.000000
v 4.000000 38.855381 10.000000
v 6.000000 40.000000 8.337597
v 8.000000 40.000000 9.271416
v 9.165333 40.000000 10.000000
v 166.000000 40.000000 9.702493
v 165.540390 40.000000 10.000000
v 166.000000 39.454559 10.000000
v 168.000000 39.043697 10.000000
v 168.000000 40.000000 9.408887
v 170.000000 39.292103 10.000000
v 170.000000 40.000000 9.579668
v 172.000000 40.000000 8.591067
v 176.000000 40.000000 8.443941
v 178.000000 38.464703 10.000000
v 178.000000 40.000000 9.279635
v 180.000000 38.298893 10.000000
v 180.000000 40.000000 8.935093
v 182.000000 38.756245 10.000000
v 182.000000 40.000000 9.306842
v 184.000000 39.480942 10.000000
v 184.000000 40.000000 9.738818
v 186.000000 38.545593 10.000000
v 186.000000 40.000000 9.087658
v 188.000000 40.000000 8.457968
v 190.000000 40.000000 8.509538
v 192.000000 38.090893 10.000000
v 192.000000 40.000000 8.668726
v 194.000000 40.000000 8.621571
v 196.000000 40.000000 8.397941
v 198.000000 40.000000 8.604349
v 200.000000 40.000000 8.480031
v 206.000000 40.000000 8.191627
v 208.000000 40.000000 8.475680
v 210.000000 40.000000 8.453883
v 212.000000 40.000000 8.363273
v 214.000000 38.069714 10.000000
v 214.000000 40.000000 8.916794
v 216.000000 40.000000 8.915136
v 218.000000 40.000000 8.374954
v 220.000000 40.000000 8.245703
v 222.000000 40.000000 8.257021
v 224.000000 40.000000 8.191051
v 226.000000 40.000000 8.223528
v 228.000000 40.000000 8.162273
v 230.000000 40.000000 8.009105
v 238.000000 40.000000 8.142609
v 254.000000 40.000000 8.061925
v 316.000000 40.000000 8.340961
v 326.000000 40.000000 8.103540
v 342.000000 40.000000 8.094971
v 346.000000 40.000000 8.528365
v 348.000000 38.002010 10.000000
v 348.000000 40.000000 8.997936
v 350.000000 40.000000 8.435663
v 352.000000 40.000000 8.003869
v 354.000000 40.000000 8.964079
v 356.000000 40.000000 9.604138
v 358.000000 40.000000 9.012448
v 360.000000 38.248314 10.000000
v 360.000000 40.000000 9.496771
v 1.977860 42.000000 10.000000
v 0.000000 42.000000 8.945181
v 4.000000 42.000000 9.060362
v 2.023621 42.000000 10.000000
v 8.000000 42.000000 8.958169
v 9.744243 42.000000 10.000000
v 166.000000 42.000000 9.182257
v 164.580673 42.000000 10.000000
v 168.000000 42.000000 9.152616
v 170.000000 42.000000 9.759981
v 172.000000 42.000000 8.627193
v 176.000000 42.000000 8.423983
v 178.000000 42.000000 8.677495
v 180.000000 42.000000 8.784600
v 182.000000 42.000000 9.196866
v 184.000000 42.000000 9.790740
v 186.000000 42.000000 8.921602
v 188.000000 42.000000 8.163640
v 190.000000 42.000000 8.047614
v 192.000000 42.000000 8.199893
v 214.000000 42.000000 8.364005
v 216.000000 42.000000 8.250603
v 348.000000 42.000000 8.142420
v 350.000000 42.000000 8.165992
v 352.000000 42.000000 8.023637
v 354.000000 42.000000 9.010991
v 356.000000 42.000000 9.479185
v 358.000000 42.000000 8.934557
v 360.000000 42.000000 8.945181
v 0.000000 43.156090 10.000000
v 4.000000 42.833042 10.000000
v 6.000000 43.846581 10.000000
v 8.000000 43.058826 10.000000
v 166.000000 43.205246 10.000000
v 168.000000 43.376926 10.000000
v 170.000000 42.658794 10.000000
v 172.000000 44.000000 9.569967
v 171.035782 44.000000 10.000000
v 174.000000 44.000000 8.754519
v 176.000000 44.000000 9.261278
v 178.000000 44.000000 9.596001
v 180.000000 44.000000 9.789019
v 180.576874 44.000000 10.000000
v 182.000000 43.239880 10.000000
v 184.000000 42.351482 10.000000
v 186.000000 43.656052 10.000000
v 188.000000 44.000000 9.316925
v 186.518127 44.000000 10.000000
v 190.000000 44.000000 9.044879
v 192.000000 44.000000 9.495711
v 194.000000 44.000000 9.310494
v 196.000000 44.000000 9.120883
v 198.000000 44.000000 9.124855
v 200.000000 44.000000 8.928074
v 202.000000 44.000000 8.281866
v 204.000000 44.000000 8.284726
v 206.000000 44.000000 8.594484
v 208.000000 44.000000 8.744695
v 210.000000 44.000000 8.785310
v 212.000000 44.000000 9.095163
v 214.000000 44.000000 9.836728
v 216.000000 44.000000 9.615124
v 218.000000 44.000000 9.099703
v 220.000000 44.000000 8.933001
v 222.000000 44.000000 8.925257
v 224.000000 44.000000 8.935553
v 226.000000 44.000000 8.982976
v 228.000000 44.000000 8.882751
v 230.000000 44.000000 8.690058
v 232.000000 44.000000 8.410040
v 234.000000 44.000000 8.265974
v 236.000000 44.000000 8.481906
v 238.000000 44.000000 8.793848
v 240.000000 44.000000 8.321038
v 248.000000 44.000000 8.106350
v 250.000000 44.000000 8.168810
v 252.000000 44.000000 8.418034
v 254.000000 44.000000 8.581523
v 256.000000 44.000000 8.174263
v 306.000000 44.000000 8.107852
v 308.000000 44.000000 8.137546
v 312.000000 44.000000 8.140488
v 314.000000 44.000000 8.839602
v 316.000000 44.000000 9.050669
v 318.000000 44.000000 8.450682
v 324.000000 44.000000 8.503601
v 326.000000 44.000000 8.842556
v 328.000000 44.000000 8.581632
v 330.000000 44.000000 8.420694
v 332.000000 44.000000 8.506782
v 334.000000 44.000000 8.506282
v 336.000000 44.000000 8.053839
v 338.000000 44.000000 8.252677
v 340.000000 44.000000 9.248340
v 342.000000 44.000000 9.490454
v 344.000000 44.000000 9.355782
v 346.000000 44.000000 9.814329
v 346.545288 44.000000 10.000000
v 348.000000 43.636120 10.000000
v 350.000000 43.884377 10.000000
v 352.000000 44.000000 9.988263
v 351.847900 44.000000 10.000000
v 352.036774 44.000000 10.000000
v 354.000000 43.256603 10.000000
v 356.000000 42.680252 10.000000
v 358.000000 43.329079 10.000000
v 360.000000 43.156090 10.000000
v 172.000000 44.692524 10.000000
v 174.000000 45.432995 10.000000
v 176.000000 44.916374 10.000000
v 178.000000 44.554611 10.000000
v 180.000000 44.321213 10.000000
v 188.000000 44.978542 10.000000
v 190.000000 45.053852 10.000000
v 192.000000 44.557076 10.000000
v 194.000000 44.736622 10.000000
v 196.000000 44.964787 10.000000
v 198.000000 44.986378 10.000000
v 200.000000 45.063740 10.000000
v 202.000000 45.643993 10.000000
v 204.000000 45.715668 10.000000
v 206.000000 45.328869 10.000000
v 208.000000 45.122211 10.000000
v 210.000000 45.107040 10.000000
v 212.000000 44.945335 10.000000
v 214.000000 44.230255 10.000000
v 216.000000 44.474617 10.000000
v 218.000000 44.866890 10.000000
v 220.000000 44.957367 10.000000
v 222.000000 44.929771 10.000000
v 224.000000 44.938004 10.000000
v 226.000000 44.910702 10.000000
v 228.000000 44.991905 10.000000
v 230.000000 45.147755 10.000000
v 232.000000 45.321251 10.000000
v 234.000000 45.629730 10.000000
v 236.000000 45.492172 10.000000
v 238.000000 45.119900 10.000000
v 240.000000 45.370724 10.000000
v 242.000000 45.816395 10.000000
v 244.000000 45.980431 10.000000
v 246.000000 45.868568 10.000000
v 248.000000 45.690277 10.000000
v 250.000000 45.604164 10.000000
v 252.000000 45.492779 10.000000
v 254.000000 45.331604 10.000000
v 256.000000 45.625824 10.000000
v 258.000000 45.883419 10.000000
v 260.000000 45.938660 10.000000
v 262.000000 46.000000 9.927384
v 261.130585 46.000000 10.000000
v 264.000000 46.000000 9.344748
v 266.000000 46.000000 9.100897
v 268.000000 46.000000 9.522427
v 270.000000 46.000000 9.760623
v 272.000000 46.000000 9.719456
v 274.000000 46.000000 9.635956
v 276.000000 46.000000 9.674927
v 278.000000 46.000000 9.662608
v 280.000000 46.000000 9.573954
v 282.000000 46.000000 9.690110
v 284.000000 46.000000 9.817038
v 286.000000 46.000000 9.526638
v 288.000000 46.000000 9.480512
v 290.000000 46.000000 9.495654
v 292.000000 46.000000 9.147868
v 294.000000 46.000000 8.667329
v 296.000000 46.000000 8.742088
v 298.000000 46.000000 9.284393
v 300.000000 46.000000 9.581146
v 302.000000 46.000000 9.765251
v 302.764282 46.000000 10.000000
v 304.000000 45.766502 10.000000
v 306.000000 45.658710 10.000000
v 308.000000 45.772820 10.000000
v 310.000000 46.000000 9.778060
v 309.171295 46.000000 10.000000
v 311.225403 46.000000 10.000000
v 312.000000 45.890495 10.000000
v 314.000000 45.192921 10.000000
v 316.000000 44.864170 10.000000
v 318.000000 45.352875 10.000000
v 320.000000 45.880413 10.000000
v 322.000000 46.000000 9.949172
v 321.553925 46.000000 10.000000
v 322.188446 46.000000 10.000000
v 324.000000 45.570324 10.000000
v 326.000000 45.393543 10.000000
v 328.000000 45.643578 10.000000
v 330.000000 45.530243 10.000000
v 332.000000 45.248898 10.000000
v 334.000000 45.258259 10.000000
v 336.000000 45.575729 10.000000
v 338.000000 45.414501 10.000000
v 340.000000 44.759750 10.000000
v 342.000000 44.507050 10.000000
v 344.000000 44.591911 10.000000
v 346.000000 44.170254 10.000000
v 352.000000 44.012787 10.000000
v 262.000000 46.103348 10.000000
v 264.000000 46.949085 10.000000
v 266.000000 47.283676 10.000000
v 268.000000 46.648579 10.000000
v 270.000000 46.286091 10.000000
v 272.000000 46.301430 10.000000
v 274.000000 46.405254 10.000000
v 276.000000 46.411125 10.000000
v 278.000000 46.457623 10.000000
v 280.000000 46.623779 10.000000
v 282.000000 46.546062 10.000000
v 284.000000 46.344242 10.000000
v 286.000000 46.777565 10.000000
v 288.000000 46.707249 10.000000
v 290.000000 46.701283 10.000000
v 292.000000 47.195263 10.000000
v 294.000000 47.800224 10.000000
v 296.000000 47.736629 10.000000
v 298.000000 47.048721 10.000000
v 300.000000 46.591957 10.000000
v 302.000000 46.297356 10.000000
v 310.000000 46.332623 10.000000
v 322.000000 46.084328 10.000000
v 90.000000 110.000000 9.901932
v 89.767899 110.000000 10.000000
v 90.000000 109.894081 10.000000
v 92.000000 109.446289 10.000000
v 92.000000 110.000000 9.488153
v 94.000000 109.443367 10.000000
v 94.000000 110.000000 9.511198
v 96.000000 109.809822 10.000000
v 96.000000 110.000000 9.850215
v 97.310364 110.000000 10.000000
v 100.000000 110.000000 9.878145
v 98.830109 110.000000 10.000000
v 100.000000 109.881424 10.000000
v 101.334930 110.000000 10.000000
v 80.000000 112.000000 9.868216
v 79.450142 112.000000 10.000000
v 80.000000 111.769211 10.000000
v 81.117447 112.000000 10.000000
v 86.000000 112.000000 9.945708
v 84.490685 112.000000 10.000000
v 86.000000 111.876686 10.000000
v 88.000000 111.376991 10.000000
v 88.000000 112.000000 9.687222
v 90.000000 112.000000 9.053556
v 92.000000 112.000000 8.913739
v 94.000000 112.000000 8.981302
v 96.000000 112.000000 8.965347
v 98.000000 110.131950 10.000000
v 98.000000 112.000000 9.039907
v 100.000000 112.000000 9.186827
v 102.000000 110.137596 10.000000
v 102.000000 112.000000 9.214524
v 104.000000 110.022911 10.000000
v 104.000000 112.000000 8.915789
v 106.000000 110.483452 10.000000
v 106.000000 112.000000 9.233779
v 108.000000 111.305244 10.000000
v 108.000000 112.000000 9.773789
v 109.069794 112.000000 10.000000
v 72.000000 114.000000 9.995929
v 71.984619 114.000000 10.000000
v 72.000000 113.986099 10.000000
v 74.000000 113.427132 10.000000
v 74.000000 114.000000 9.853700
v 76.000000 113.748734 10.000000
v 76.000000 114.000000 9.907886
v 78.000000 113.081757 10.000000
v 78.000000 114.000000 9.684978
v 80.000000 114.000000 9.238248
v 82.000000 112.247955 10.000000
v 82.000000 114.000000 9.312386
v 84.000000 112.043182 10.000000
v 84.000000 114.000000 9.289109
v 86.000000 114.000000 9.061162
v 88.000000 114.000000 9.002741
v 90.000000 114.000000 8.718765
v 92.000000 114.000000 8.591098
v 94.000000 114.000000 8.690016
v 96.000000 114.000000 8.450971
v 98.000000 114.000000 8.428275
v 100.000000 114.000000 8.576531
v 102.000000 114.000000 8.552290
v 104.000000 114.000000 8.121224
v 106.000000 114.000000 8.456674
v 108.000000 114.000000 8.806310
v 110.000000 112.486870 10.000000
v 110.000000 114.000000 9.440839
v 112.000000 112.918373 10.000000
v 112.000000 114.000000 9.601095
v 114.000000 113.366280 10.000000
v 114.000000 114.000000 9.734616
v 115.277725 114.000000 10.000000
v 62.000000 116.000000 9.664201
v 60.594578 116.000000 10.000000
v 62.000000 115.613937 10.000000
v 64.000000 114.793015 10.000000
v 64.000000 116.000000 8.840418
v 66.000000 114.145142 10.000000
v 66.000000 116.000000 8.548342
v 68.000000 114.345886 10.000000
v 68.000000 116.000000 8.547921
v 70.000000 114.609001 10.000000
v 70.000000 116.000000 8.994169
v 72.000000 116.000000 8.667092
v 74.000000 116.000000 8.447890
v 76.000000 116.000000 8.499283
v 78.000000 116.000000 8.402032
v 80.000000 116.000000 8.062876
v 82.000000 116.000000 8.265100
v 84.000000 116.000000 8.221137
v 112.000000 116.000000 8.223402
v 114.000000 116.000000 8.419915
v 116.000000 114.196510 10.000000
v 116.000000 116.000000 8.837936
v 118.000000 115.027588 10.000000
v 118.000000 116.000000 9.330780
v 120.000000 114.902458 10.000000
v 120.000000 116.000000 9.249413
v 122.000000 115.518410 10.000000
v 122.000000 116.000000 9.542543
v 124.000000 115.881126 10.000000
v 124.000000 116.000000 9.878881
v 126.000000 115.725533 10.000000
v 126.000000 116.000000 9.685166
v 128.000000 115.986542 10.000000
v 128.000000 116.000000 9.987025
v 128.039474 116.000000 10.000000
v 42.000000 118.000000 9.880692
v 41.459839 118.000000 10.000000
v 42.000000 117.889908 10.000000
v 44.000000 117.571991 10.000000
v 44.000000 118.000000 9.596488
v 46.000000 117.433792 10.000000
v 46.000000 118.000000 9.546172
v 48.000000 117.342415 10.000000
v 48.000000 118.000000 9.469655
v 50.000000 117.174637 10.000000
v 50.000000 118.000000 9.343924
v 52.000000 117.106674 10.000000
v 52.000000 118.000000 9.122790
v 54.000000 116.862411 10.000000
v 54.000000 118.000000 8.978158
v 56.000000 116.489548 10.000000
v 56.000000 118.000000 8.999439
v 58.000000 116.464127 10.000000
v 58.000000 118.000000 8.935770
v 60.000000 116.172005 10.000000
v 60.000000 118.000000 8.600799
v 62.000000 118.000000 8.309703
v 118.000000 118.000000 8.088768
v 120.000000 118.000000 8.013700
v 122.000000 118.000000 8.050423
v 124.000000 118.000000 8.400805
v 126.000000 118.000000 8.181242
v 128.000000 118.000000 8.491301
v 130.000000 116.898849 10.000000
v 130.000000 118.000000 9.200347
v 131.845337 118.000000 10.000000
v 42.000000 118.262215 10.000000
v 44.000000 118.968376 10.000000
v 46.000000 119.314636 10.000000
v 48.000000 119.297295 10.000000
v 50.000000 119.937202 10.000000
v 52.000000 120.000000 9.420232
v 50.073639 120.000000 10.000000
v 54.000000 120.000000 9.280354
v 56.000000 120.000000 9.393731
v 58.000000 120.000000 9.022044
v 60.000000 120.000000 8.684827
v 62.000000 120.000000 8.495124
v 122.000000 120.000000 8.292469
v 124.000000 120.000000 8.733750
v 126.000000 120.000000 8.339210
v 128.000000 120.000000 8.568908
v 130.000000 120.000000 9.279308
v 131.328934 120.000000 10.000000
v 52.000000 121.203186 10.000000
v 54.000000 121.764114 10.000000
v 56.000000 121.810135 10.000000
v 58.000000 122.000000 9.738598
v 56.421310 122.000000 10.000000
v 60.000000 122.000000 9.291045
v 62.000000 122.000000 8.795271
v 64.000000 122.000000 8.272748
v 68.000000 122.000000 8.004814
v 70.000000 122.000000 8.455348
v 72.000000 122.000000 8.548795
v 74.000000 122.000000 8.314439
v 76.000000 122.000000 8.628677
v 78.000000 122.000000 8.845041
v 80.000000 122.000000 8.206880
v 84.000000 122.000000 8.091876
v 86.000000 122.000000 8.272449
v 88.000000 122.000000 8.035650
v 106.000000 122.000000 8.278986
v 108.000000 122.000000 8.207870
v 110.000000 122.000000 8.007426
v 116.000000 122.000000 8.425112
v 118.000000 122.000000 8.452929
v 120.000000 122.000000 8.383204
v 122.000000 122.000000 8.983392
v 124.000000 122.000000 9.757457
v 126.000000 122.000000 9.373216
v 128.000000 122.000000 9.425881
v 129.648026 122.000000 10.000000
v 130.000000 121.679024 10.000000
v 42.000000 124.000000 9.767788
v 40.894775 124.000000 10.000000
v 42.000000 123.770164 10.000000
v 44.000000 123.986984 10.000000
v 44.000000 124.000000 9.988573
v 44.138714 124.000000 10.000000
v 50.000000 124.000000 9.148171
v 48.029613 124.000000 10.000000
v 50.000000 122.999146 10.000000
v 52.000000 122.410545 10.000000
v 52.000000 124.000000 8.698571
v 54.000000 122.170311 10.000000
v 54.000000 124.000000 9.050543
v 56.000000 122.177643 10.000000
v 56.000000 124.000000 9.387888
v 58.000000 124.000000 8.931329
v 60.000000 124.000000 8.208304
v 78.000000 124.000000 8.019221
v 122.000000 124.000000 8.215682
v 124.000000 124.000000 8.689205
v 126.000000 124.000000 8.225431
v 128.000000 124.000000 8.155313
v 130.000000 122.145538 10.000000
v 130.000000 124.000000 8.616618
v 132.000000 123.327034 10.000000
v 132.000000 124.000000 9.495412
v 133.339462 124.000000 10.000000
v 138.000000 124.000000 9.518644
v 136.085297 124.000000 10.000000
v 138.000000 123.555412 10.000000
v 140.000000 123.388191 10.000000
v 140.000000 124.000000 9.358646
v 142.000000 123.951958 10.000000
v 142.000000 124.000000 9.951303
v 142.129501 124.000000 10.000000
v 152.000000 124.000000 9.920955
v 151.775757 124.000000 10.000000
v 152.000000 123.927254 10.000000
v 154.000000 123.178200 10.000000
v 154.000000 124.000000 9.140695
v 156.000000 123.153297 10.000000
v 156.000000 124.000000 9.212742
v 157.125290 124.000000 10.000000
v 6.000000 126.000000 9.107380
v 4.265053 126.000000 10.000000
v 6.000000 125.488136 10.000000
v 8.000000 125.486824 10.000000
v 8.000000 126.000000 9.172753
v 10.000000 125.896393 10.000000
v 10.000000 126.000000 9.852530
v 10.822564 126.000000 10.000000
v 18.000000 126.000000 9.926337
v 17.687290 126.000000 10.000000
v 18.000000 125.947067 10.000000
v 20.000000 125.300209 10.000000
v 20.000000 126.000000 9.001563
v 22.000000 124.624184 10.000000
v 22.000000 126.000000 8.130306
v 24.000000 124.225899 10.000000
v 26.000000 124.215225 10.000000
v 28.000000 124.561699 10.000000
v 30.000000 124.723267 10.000000
v 30.000000 126.000000 8.233745
v 32.000000 124.907471 10.000000
v 32.000000 126.000000 8.514321
v 34.000000 125.024559 10.000000
v 34.000000 126.000000 8.548199
v 36.000000 124.792839 10.000000
v 36.000000 126.000000 8.220567
v 38.000000 124.504791 10.000000
v 40.000000 124.091644 10.000000
v 46.000000 124.071106 10.000000
v 48.000000 124.005882 10.000000
v 134.000000 124.141197 10.000000
v 136.000000 124.010086 10.000000
v 144.000000 124.399261 10.000000
v 146.000000 124.387352 10.000000
v 146.000000 126.000000 8.017451
v 148.000000 124.477005 10.000000
v 148.000000 126.000000 8.142710
v 150.000000 124.455475 10.000000
v 150.000000 126.000000 8.200886
v 158.000000 124.393242 10.000000
v 158.000000 126.000000 8.016252
v 160.000000 125.150986 10.000000
v 160.000000 126.000000 8.815040
v 162.000000 125.847969 10.000000
v 162.000000 126.000000 9.771143
v 162.358276 126.000000 10.000000
v 170.000000 126.000000 9.394282
v 168.330963 126.000000 10.000000
v 170.000000 125.585411 10.000000
v 172.000000 125.032478 10.000000
v 172.000000 126.000000 8.571869
v 174.000000 124.881210 10.000000
v 174.000000 126.000000 8.412030
v 176.000000 125.354797 10.000000
v 176.000000 126.000000 8.887242
v 178.000000 125.858284 10.000000
v 178.000000 126.000000 9.760667
v 180.000000 125.914658 10.000000
v 180.000000 126.000000 9.890620
v 182.000000 125.498840 10.000000
v 182.000000 126.000000 9.408588
v 184.000000 125.191292 10.000000
v 184.000000 126.000000 9.004434
v 186.000000 124.975891 10.000000
v 186.000000 126.000000 8.820728
v 188.000000 125.048332 10.000000
v 188.000000 126.000000 8.814796
v 189.702423 126.000000 10.000000
v 202.000000 126.000000 9.439082
v 200.797531 126.000000 10.000000
v 202.000000 125.551651 10.000000
v 204.000000 125.510872 10.000000
v 204.000000 126.000000 9.345131
v 205.768005 126.000000 10.000000
v 248.000000 126.000000 9.814979
v 246.663864 126.000000 10.000000
v 248.000000 125.850777 10.000000
v 248.339005 126.000000 10.000000
v 262.000000 126.000000 9.094899
v 261.064880 126.000000 10.000000
v 262.000000 125.427208 10.000000
v 264.000000 125.631950 10.000000
v 264.000000 126.000000 9.458758
v 264.600494 126.000000 10.000000
v 276.000000 126.000000 9.566172
v 275.555176 126.000000 10.000000
v 276.000000 125.716713 10.000000
v 278.000000 125.574196 10.000000
v 278.000000 126.000000 9.367541
v 278.610596 126.000000 10.000000
v 352.000000 126.000000 9.743466
v 351.678345 126.000000 10.000000
v 352.000000 125.821709 10.000000
v 354.000000 125.426117 10.000000
v 354.000000 126.000000 9.254640
v 356.000000 125.701965 10.000000
v 356.000000 126.000000 9.607007
v 357.343933 126.000000 10.000000
v 0.000000 128.000000 9.019615
v 2.000000 126.719131 10.000000
v 2.000000 128.000000 8.836109
v 0.000000 126.611526 10.000000
v 4.000000 126.140480 10.000000
v 4.000000 128.000000 8.461493
v 8.000000 128.000000 8.006412
v 10.000000 128.000000 8.377410
v 12.000000 126.260521 10.000000
v 12.000000 128.000000 8.856208
v 14.000000 126.608810 10.000000
v 14.000000 128.000000 8.971889
v 16.000000 126.415268 10.000000
v 16.000000 128.000000 8.703057
v 18.000000 128.000000 8.281051
v 162.000000 128.000000 8.099987
v 164.000000 126.928703 10.000000
v 164.000000 128.000000 8.954086
v 166.000000 127.138733 10.000000
v 166.000000 128.000000 9.242625
v 168.000000 126.142326 10.000000
v 168.000000 128.000000 8.571775
v 178.000000 128.000000 8.254901
v 180.000000 128.000000 8.432205
v 182.000000 128.000000 8.363274
v 184.000000 128.000000 8.087758
v 190.000000 126.266525 10.000000
v 190.000000 128.000000 8.727300
v 192.000000 127.569557 10.000000
v 192.000000 128.000000 9.626415
v 194.000000 127.452744 10.000000
v 194.000000 128.000000 9.550908
v 196.000000 127.725929 10.000000
v 196.000000 128.000000 9.835506
v 198.000000 127.310059 10.000000
v 198.000000 128.000000 9.527438
v 200.000000 126.459419 10.000000
v 200.000000 128.000000 8.834272
v 202.000000 128.000000 8.322509
v 204.000000 128.000000 8.209277
v 206.000000 126.109818 10.000000
v 206.000000 128.000000 8.697040
v 208.000000 126.447075 10.000000
v 208.000000 128.000000 8.823859
v 210.000000 126.237541 10.000000
v 210.000000 128.000000 9.087083
v 212.000000 127.751923 10.000000
v 212.000000 128.000000 9.870593
v 212.375748 128.000000 10.000000
v 218.000000 128.000000 9.480524
v 216.651703 128.000000 10.000000
v 218.000000 127.097511 10.000000
v 220.000000 126.333313 10.000000
v 220.000000 128.000000 9.223484
v 222.000000 127.455086 10.000000
v 222.000000 128.000000 9.699770
v 222.676208 128.000000 10.000000
v 228.000000 128.000000 9.921459
v 227.847565 128.000000 10.000000
v 228.000000 127.910072 10.000000
v 230.000000 126.305931 10.000000
v 230.000000 128.000000 8.694725
v 232.000000 126.556160 10.000000
v 232.000000 128.000000 8.883817
v 233.839493 128.000000 10.000000
v 238.000000 128.000000 9.898337
v 237.702042 128.000000 10.000000
v 238.000000 127.883698 10.000000
v 240.000000 126.945663 10.000000
v 240.000000 128.000000 9.055836
v 242.000000 126.818497 10.000000
v 242.000000 128.000000 8.917933
v 244.000000 126.912254 10.000000
v 244.000000 128.000000 9.011214
v 246.000000 126.091812 10.000000
v 246.000000 128.000000 8.548230
v 248.000000 128.000000 8.193415
v 250.000000 127.072067 10.000000
v 250.000000 128.000000 9.329694
v 251.277054 128.000000 10.000000
v 256.000000 128.000000 9.405302
v 254.052917 128.000000 10.000000
v 256.000000 127.354057 10.000000
v 258.000000 127.822540 10.000000
v 258.000000 128.000000 9.859014
v 260.000000 127.100380 10.000000
v 260.000000 128.000000 9.224086
v 266.000000 127.081360 10.000000
v 266.000000 128.000000 9.102421
v 268.000000 127.572853 10.000000
v 268.000000 128.000000 9.591961
v 270.000000 127.171638 10.000000
v 270.000000 128.000000 9.253860
v 272.000000 127.727982 10.000000
v 272.000000 128.000000 9.760279
v 274.000000 127.519226 10.000000
v 274.000000 128.000000 9.574888
v 280.000000 127.594147 10.000000
v 280.000000 128.000000 9.630387
v 280.930786 128.000000 10.000000
v 284.000000 128.000000 9.943812
v 283.770081 128.000000 10.000000
v 284.000000 127.949768 10.000000
v 284.209106 128.000000 10.000000
v 290.000000 128.000000 9.692995
v 289.461639 128.000000 10.000000
v 290.000000 127.681259 10.000000
v 292.000000 126.473602 10.000000
v 292.000000 128.000000 8.580131
v 294.000000 126.612167 10.000000
v 294.000000 128.000000 8.547488
v 296.000000 127.261620 10.000000
v 296.000000 128.000000 9.336893
v 298.000000 127.898361 10.000000
v 298.000000 128.000000 9.917514
v 300.000000 127.852448 10.000000
v 300.000000 128.000000 9.867978
v 300.333496 128.000000 10.000000
v 308.000000 128.000000 9.897963
v 307.755920 128.000000 10.000000
v 308.000000 127.858673 10.000000
v 309.122864 128.000000 10.000000
v 336.000000 128.000000 9.670213
v 334.913177 128.000000 10.000000
v 336.000000 127.579552 10.000000
v 338.000000 127.245743 10.000000
v 338.000000 128.000000 9.357989
v 340.000000 127.716698 10.000000
v 340.000000 128.000000 9.738844
v 340.661255 128.000000 10.000000
v 350.000000 128.000000 9.937535
v 349.822296 128.000000 10.000000
v 350.000000 127.907486 10.000000
v 352.000000 128.000000 8.324127
v 354.000000 128.000000 8.326336
v 356.000000 128.000000 8.425491
v 358.000000 126.209373 10.000000
v 358.000000 128.000000 8.656967
v 360.000000 126.611526 10.000000
v 360.000000 128.000000 9.019615
v 2.000000 130.000000 9.266446
v 0.000000 130.000000 9.609579
v 4.000000 130.000000 9.035522
v 6.000000 130.000000 8.726290
v 8.000000 130.000000 8.484917
v 10.000000 130.000000 8.755494
v 12.000000 130.000000 9.566948
v 14.000000 130.000000 9.711604
v 16.000000 130.000000 9.218000
v 18.000000 130.000000 8.604650
v 20.000000 130.000000 8.075155
v 164.000000 130.000000 8.750619
v 166.000000 130.000000 9.185555
v 168.000000 130.000000 8.745098
v 180.000000 130.000000 8.284673
v 182.000000 130.000000 8.463917
v 184.000000 130.000000 8.077219
v 190.000000 130.000000 8.454020
v 192.000000 130.000000 9.327710
v 194.000000 130.000000 9.889036
v 194.832779 130.000000 10.000000
v 196.000000 129.045364 10.000000
v 198.000000 130.000000 9.413324
v 196.405029 130.000000 10.000000
v 200.000000 130.000000 8.528433
v 206.000000 130.000000 8.246733
v 208.000000 130.000000 8.440537
v 210.000000 130.000000 8.725442
v 211.880524 130.000000 10.000000
v 212.000000 129.223694 10.000000
v 218.000000 130.000000 9.461737
v 216.538834 130.000000 10.000000
v 220.000000 130.000000 8.878318
v 222.000000 130.000000 9.541338
v 222.830414 130.000000 10.000000
v 228.000000 130.000000 9.924099
v 227.842590 130.000000 10.000000
v 230.000000 130.000000 8.933283
v 232.000000 130.000000 9.257560
v 233.694138 130.000000 10.000000
v 238.000000 128.657501 10.000000
v 240.000000 130.000000 9.001176
v 238.322220 130.000000 10.000000
v 242.000000 130.000000 9.006376
v 244.000000 130.000000 9.057140
v 246.000000 130.000000 8.447932
v 248.000000 130.000000 8.070793
v 250.000000 130.000000 9.189797
v 251.443085 130.000000 10.000000
v 256.000000 130.000000 9.466558
v 254.545593 130.000000 10.000000
v 258.000000 130.000000 9.777654
v 260.000000 130.000000 9.386240
v 264.000000 130.000000 8.047172
v 266.000000 130.000000 9.491459
v 268.000000 130.000000 9.980911
v 270.000000 130.000000 9.558056
v 271.330750 130.000000 10.000000
v 272.000000 129.040329 10.000000
v 274.000000 129.480637 10.000000
v 276.000000 130.000000 8.299231
v 274.164185 130.000000 10.000000
v 278.000000 130.000000 8.120015
v 280.000000 130.000000 9.718978
v 280.694824 130.000000 10.000000
v 284.000000 128.502121 10.000000
v 290.000000 130.000000 9.918772
v 289.828369 130.000000 10.000000
v 292.000000 130.000000 9.010701
v 294.000000 130.000000 9.039304
v 296.000000 130.000000 9.884252
v 296.360016 130.000000 10.000000
v 298.000000 128.275192 10.000000
v 300.000000 128.673645 10.000000
v 308.000000 128.324493 10.000000
v 336.000000 128.989685 10.000000
v 338.000000 130.000000 9.937966
v 337.707886 130.000000 10.000000
v 338.208099 130.000000 10.000000
v 340.000000 128.708389 10.000000
v 350.000000 128.410507 10.000000
v 352.000000 130.000000 8.888130
v 350.344849 130.000000 10.000000
v 354.000000 130.000000 8.684633
v 356.000000 130.000000 9.073555
v 358.000000 130.000000 9.445839
v 360.000000 130.000000 9.609579
v 0.000000 131.311554 10.000000
v 2.000000 132.000000 9.713172
v 0.850824 132.000000 10.000000
v 4.000000 132.000000 9.228055
v 6.000000 132.000000 8.548422
v 8.000000 132.000000 8.498696
v 10.000000 132.000000 9.345130
v 11.515406 132.000000 10.000000
v 12.000000 131.363510 10.000000
v 14.000000 130.963379 10.000000
v 16.000000 132.000000 9.750457
v 15.153585 132.000000 10.000000
v 18.000000 132.000000 9.123513
v 20.000000 132.000000 8.374699
v 22.000000 132.000000 8.056852
v 24.000000 132.000000 8.045133
v 26.000000 132.000000 8.205659
v 28.000000 132.000000 8.267488
v 30.000000 132.000000 8.109179
v 32.000000 132.000000 8.098115
v 34.000000 132.000000 8.230272
v 36.000000 132.000000 8.312016
v 38.000000 132.000000 8.105636
v 46.000000 132.000000 8.033038
v 162.000000 132.000000 8.162859
v 164.000000 132.000000 8.877087
v 166.000000 132.000000 9.186816
v 168.000000 132.000000 8.797425
v 180.000000 132.000000 8.149603
v 182.000000 132.000000 8.688247
v 184.000000 132.000000 8.414808
v 190.000000 132.000000 8.396248
v 192.000000 132.000000 9.359648
v 194.000000 132.000000 9.560206
v 195.461548 132.000000 10.000000
v 198.000000 132.000000 9.413740
v 196.423355 132.000000 10.000000
v 200.000000 132.000000 8.535531
v 208.000000 132.000000 8.296679
v 210.000000 132.000000 8.518935
v 212.000000 131.334274 10.000000
v 212.000000 132.000000 9.955320
v 212.128174 132.000000 10.000000
v 218.000000 132.000000 9.230506
v 216.523499 132.000000 10.000000
v 220.000000 132.000000 8.642511
v 222.000000 132.000000 9.539135
v 222.684967 132.000000 10.000000
v 228.000000 132.000000 9.899687
v 227.836349 132.000000 10.000000
v 230.000000 132.000000 8.921442
v 232.000000 132.000000 9.384594
v 233.684113 132.000000 10.000000
v 238.000000 132.000000 9.895972
v 237.660660 132.000000 10.000000
v 238.000000 131.306107 10.000000
v 240.000000 132.000000 8.966397
v 242.000000 132.000000 9.000456
v 244.000000 132.000000 8.949718
v 246.000000 132.000000 8.274846
v 248.000000 132.000000 8.035728
v 250.000000 132.000000 9.151232
v 251.564682 132.000000 10.000000
v 256.000000 132.000000 9.559988
v 254.438980 132.000000 10.000000
v 258.000000 132.000000 9.872857
v 260.000000 132.000000 9.430302
v 264.000000 132.000000 8.035016
v 266.000000 132.000000 9.512347
v 268.000000 132.000000 9.928833
v 270.000000 132.000000 9.661755
v 270.767487 132.000000 10.000000
v 276.000000 132.000000 8.168950
v 274.296722 132.000000 10.000000
v 278.000000 132.000000 8.109475
v 280.000000 132.000000 9.855094
v 280.439636 132.000000 10.000000
v 290.000000 130.795044 10.000000
v 292.000000 132.000000 9.198399
v 290.260712 132.000000 10.000000
v 294.000000 132.000000 9.133045
v 296.000000 132.000000 9.812449
v 296.738495 132.000000 10.000000
v 338.000000 130.958298 10.000000
v 352.000000 132.000000 8.966670
v 350.597565 132.000000 10.000000
v 354.000000 132.000000 8.846799
v 356.000000 132.000000 9.400646
v 357.167999 132.000000 10.000000
v 358.000000 131.187119 10.000000
v 360.000000 131.311554 10.000000
v 0.000000 134.000000 8.318811
v 0.000000 132.179962 10.000000
v 2.000000 134.000000 8.034353
v 12.000000 132.182922 10.000000
v 12.000000 134.000000 8.410923
v 14.000000 132.286789 10.000000
v 14.000000 134.000000 8.390254
v 16.000000 134.000000 8.237453
v 18.000000 134.000000 8.004092
v 164.000000 134.000000 8.025315
v 166.000000 134.000000 8.200959
v 192.000000 134.000000 8.263919
v 194.000000 134.000000 8.425259
v 196.000000 132.211365 10.000000
v 196.000000 134.000000 8.821681
v 198.000000 134.000000 8.476995
v 212.000000 134.000000 8.532531
v 214.000000 132.709930 10.000000
v 214.000000 134.000000 9.044495
v 216.000000 132.351501 10.000000
v 216.000000 134.000000 8.911657
v 218.000000 134.000000 8.211311
v 222.000000 134.000000 8.784337
v 223.913940 134.000000 10.000000
v 228.000000 134.000000 8.995858
v 226.132843 134.000000 10.000000
v 230.000000 134.000000 8.008473
v 232.000000 134.000000 8.209324
v 234.000000 132.125931 10.000000
v 234.000000 134.000000 8.744367
v 236.000000 132.691330 10.000000
v 236.000000 134.000000 9.238211
v 238.000000 134.000000 8.688664
v 240.000000 134.000000 8.001904
v 250.000000 134.000000 8.042860
v 252.000000 132.317978 10.000000
v 252.000000 134.000000 8.995934
v 254.000000 132.167480 10.000000
v 254.000000 134.000000 8.890975
v 256.000000 134.000000 8.401641
v 258.000000 134.000000 8.553397
v 260.000000 134.000000 8.178039
v 266.000000 134.000000 8.158757
v 268.000000 134.000000 8.544768
v 270.000000 134.000000 8.426433
v 272.000000 132.549347 10.000000
v 272.000000 134.000000 8.938074
v 274.000000 132.313370 10.000000
v 274.000000 134.000000 8.731400
v 280.000000 134.000000 8.467701
v 282.000000 132.589981 10.000000
v 282.000000 134.000000 9.048349
v 284.000000 132.596786 10.000000
v 284.000000 134.000000 9.003779
v 286.000000 133.027100 10.000000
v 286.000000 134.000000 9.349513
v 288.000000 133.088501 10.000000
v 288.000000 134.000000 9.344602
v 290.000000 132.123047 10.000000
v 290.000000 134.000000 8.564533
v 296.000000 134.000000 8.178280
v 298.000000 132.295303 10.000000
v 298.000000 134.000000 8.462033
v 300.000000 132.426300 10.000000
v 300.000000 134.000000 8.777144
v 302.000000 133.069382 10.000000
v 302.000000 134.000000 9.248835
v 304.000000 133.708801 10.000000
v 304.000000 134.000000 9.748479
v 306.000000 133.466049 10.000000
v 306.000000 134.000000 9.554232
v 308.000000 132.691376 10.000000
v 308.000000 134.000000 8.962169
v 310.000000 132.671387 10.000000
v 310.000000 134.000000 8.915911
v 312.000000 133.856491 10.000000
v 312.000000 134.000000 9.908835
v 312.179474 134.000000 10.000000
v 320.000000 134.000000 9.081420
v 318.102142 134.000000 10.000000
v 320.000000 132.872528 10.000000
v 322.000000 133.106140 10.000000
v 322.000000 134.000000 9.267948
v 324.000000 133.958801 10.000000
v 324.000000 134.000000 9.969237
v 324.321655 134.000000 10.000000
v 328.000000 134.000000 9.559117
v 326.508575 134.000000 10.000000
v 328.000000 133.511139 10.000000
v 330.000000 132.762009 10.000000
v 330.000000 134.000000 9.013766
v 332.000000 133.011368 10.000000
v 332.000000 134.000000 9.267237
v 334.000000 132.982468 10.000000
v 334.000000 134.000000 9.091107
v 336.000000 132.449417 10.000000
v 336.000000 134.000000 8.313807
v 338.000000 132.047729 10.000000
v 340.000000 132.716446 10.000000
v 340.000000 134.000000 8.891578
v 342.000000 133.814529 10.000000
v 342.000000 134.000000 9.832901
v 344.000000 133.841110 10.000000
v 344.000000 134.000000 9.823808
v 346.000000 133.647644 10.000000
v 346.000000 134.000000 9.666846
v 348.000000 133.336929 10.000000
v 348.000000 134.000000 9.473944
v 350.000000 132.398575 10.000000
v 350.000000 134.000000 8.536945
v 356.000000 134.000000 8.106764
v 358.000000 132.352661 10.000000
v 358.000000 134.000000 8.413893
v 360.000000 132.179962 10.000000
v 360.000000 134.000000 8.318811
v 224.000000 134.089310 10.000000
v 224.000000 136.000000 8.961036
v 226.000000 134.107880 10.000000
v 226.000000 136.000000 8.838372
v 312.000000 136.000000 8.020088
v 314.000000 134.874756 10.000000
v 314.000000 136.000000 8.962359
v 316.000000 134.875565 10.000000
v 316.000000 136.000000 8.939120
v 318.000000 134.039810 10.000000
v 318.000000 136.000000 8.064692
v 324.000000 136.000000 8.080181
v 326.000000 134.117203 10.000000
v 326.000000 136.000000 8.114198
v 342.000000 136.000000 8.069899
v 344.000000 136.000000 8.024123
v 348.000000 136.000000 8.034729
v 224.000000 138.000000 8.588523
v 226.000000 138.000000 8.511525
v 314.000000 138.000000 8.644646
v 316.000000 138.000000 8.597898
v 224.000000 140.000000 8.268703
v 226.000000 140.000000 8.262433
v 314.000000 140.000000 8.536603
v 316.000000 140.000000 8.492544
v 314.000000 142.000000 8.062729
v 316.000000 142.000000 8.119386
v 56.000000 146.000000 8.107457
v 214.000000 146.000000 8.017056
v 224.000000 146.000000 8.861909
v 226.000000 146.000000 8.883742
v 236.000000 146.000000 8.026039
v 304.000000 146.000000 8.093809
v 314.000000 146.000000 8.759515
v 316.000000 146.000000 8.743390
v 12.000000 148.000000 8.122025
v 18.000000 148.000000 8.189974
v 24.000000 148.000000 8.047185
v 26.000000 148.000000 8.188878
v 28.000000 148.000000 8.066501
v 32.000000 148.000000 8.088644
v 34.000000 148.000000 8.483020
v 36.000000 148.000000 8.242733
v 46.000000 148.000000 8.036375
v 54.000000 148.000000 8.277326
v 56.000000 148.000000 8.561198
v 58.000000 148.000000 8.178519
v 124.000000 148.000000 8.196975
v 126.000000 148.000000 8.041507
v 134.000000 148.000000 8.189584
v 162.000000 148.000000 8.077359
v 164.000000 148.000000 8.179301
v 192.000000 148.000000 8.251121
v 194.000000 148.000000 8.348311
v 196.000000 148.000000 8.503874
v 198.000000 148.000000 8.397449
v 214.000000 148.000000 8.553313
v 216.000000 148.000000 8.537509
v 222.000000 148.000000 8.441050
v 224.000000 148.000000 9.448053
v 226.000000 148.000000 9.501699
v 228.000000 148.000000 8.491243
v 234.000000 148.000000 8.080478
v 236.000000 148.000000 8.528233
v 238.000000 148.000000 8.057353
v 252.000000 148.000000 8.144014
v 254.000000 148.000000 8.173953
v 282.000000 148.000000 8.087597
v 284.000000 148.000000 8.053153
v 286.000000 148.000000 8.277047
v 288.000000 148.000000 8.314474
v 302.000000 148.000000 8.049372
v 304.000000 148.000000 8.634841
v 306.000000 148.000000 8.371031
v 312.000000 148.000000 8.240998
v 314.000000 148.000000 9.314825
v 316.000000 148.000000 9.377616
v 318.000000 148.000000 8.228616
v 324.000000 148.000000 8.470180
v 326.000000 148.000000 8.557717
v 342.000000 148.000000 8.087112
v 344.000000 148.000000 8.260339
v 346.000000 148.000000 8.341493
v 348.000000 148.000000 8.557912
v 356.000000 148.000000 8.035408
v 358.000000 148.000000 8.044361
v 224.000000 150.000000 8.310999
v 226.000000 150.000000 8.337108
v 314.000000 150.000000 8.014175
v 316.000000 150.000000 8.122841
v 224.000000 156.000000 8.335800
v 226.000000 156.000000 8.528964
v 314.000000 156.000000 8.643190
v 316.000000 156.000000 8.416698
v 224.000000 160.000000 8.364102
v 226.000000 160.000000 8.580305
v 314.000000 160.000000 8.081929
v 106.000000 24.000000 10.192745
v 70.000000 26.000000 10.230422
v 72.000000 26.000000 10.841295
v 74.000000 26.000000 11.512431
v 75.338135 26.000000 12.000000
v 76.000000 25.897369 12.000000
v 78.000000 25.815840 12.000000
v 80.000000 26.000000 11.783602
v 79.298607 26.000000 12.000000
v 82.000000 26.000000 10.509965
v 84.000000 26.000000 10.305483
v 86.000000 26.000000 11.085492
v 88.000000 26.000000 11.901863
v 88.328499 26.000000 12.000000
v 90.000000 25.757000 12.000000
v 92.000000 25.822573 12.000000
v 94.000000 26.000000 11.480939
v 92.847832 26.000000 12.000000
v 96.000000 26.000000 11.077553
v 98.000000 26.000000 11.788808
v 98.333366 26.000000 12.000000
v 100.000000 25.531517 12.000000
v 102.000000 25.415922 12.000000
v 104.000000 25.230160 12.000000
v 106.000000 24.977121 12.000000
v 108.000000 25.335936 12.000000
v 110.000000 25.751816 12.000000
v 112.000000 26.000000 11.535763
v 111.099876 26.000000 12.000000
v 114.000000 26.000000 11.609172
v 116.000000 26.000000 11.042352
v 118.000000 26.000000 10.906281
v 120.000000 26.000000 11.671402
v 121.345078 26.000000 12.000000
v 122.000000 25.910942 12.000000
v 124.000000 26.000000 11.794309
v 122.897026 26.000000 12.000000
v 126.000000 26.000000 10.668725
v 128.000000 26.000000 10.247790
v 130.000000 26.000000 10.525020
v 132.000000 26.000000 10.960722
v 134.000000 26.000000 10.577755
v 136.000000 26.000000 10.248260
v 44.000000 28.000000 10.318915
v 46.000000 28.000000 10.777396
v 48.000000 28.000000 10.085470
v 52.000000 28.000000 10.377442
v 54.000000 28.000000 11.555488
v 56.000000 28.000000 11.551465
v 58.000000 28.000000 10.951049
v 60.000000 28.000000 10.767646
v 62.000000 28.000000 11.025470
v 64.000000 28.000000 10.811666
v 66.000000 28.000000 10.395264
v 68.000000 28.000000 10.562589
v 70.000000 28.000000 11.903787
v 70.281158 28.000000 12.000000
v 72.000000 27.346994 12.000000
v 74.000000 26.695045 12.000000
v 80.000000 26.252407 12.000000
v 82.000000 27.918772 12.000000
v 84.000000 27.661352 12.000000
v 86.000000 26.744034 12.000000
v 88.000000 26.074839 12.000000
v 94.000000 26.432604 12.000000
v 96.000000 26.786901 12.000000
v 98.000000 26.209032 12.000000
v 112.000000 26.492479 12.000000
v 114.000000 26.405996 12.000000
v 116.000000 26.725941 12.000000
v 118.000000 26.886225 12.000000
v 120.000000 26.334816 12.000000
v 124.000000 26.209412 12.000000
v 126.000000 27.612364 12.000000
v 128.000000 28.000000 11.828001
v 127.357826 28.000000 12.000000
v 129.652222 28.000000 12.000000
v 130.000000 27.960270 12.000000
v 132.000000 27.119576 12.000000
v 134.000000 27.333158 12.000000
v 136.000000 28.000000 11.808825
v 135.614456 28.000000 12.000000
v 138.000000 28.000000 10.829230
v 140.000000 28.000000 10.258936
v 142.000000 28.000000 10.392542
v 144.000000 28.000000 10.402401
v 146.000000 28.000000 10.040808
v 44.000000 30.000000 10.104148
v 46.000000 30.000000 10.424918
v 52.000000 30.000000 10.108439
v 54.000000 30.000000 11.301920
v 56.000000 30.000000 11.362517
v 58.000000 30.000000 10.719002
v 60.000000 30.000000 10.441392
v 62.000000 30.000000 10.447243
v 64.000000 30.000000 10.378849
v 66.000000 30.000000 10.071024
v 68.000000 30.000000 10.411901
v 70.000000 30.000000 11.809509
v 70.737228 30.000000 12.000000
v 126.000000 30.000000 11.814318
v 125.791573 30.000000 12.000000
v 126.000000 29.330885 12.000000
v 128.000000 30.000000 11.208037
v 130.000000 28.108686 12.000000
v 130.000000 30.000000 11.424475
v 131.124710 30.000000 12.000000
v 136.000000 30.000000 11.070719
v 134.260178 30.000000 12.000000
v 138.000000 30.000000 10.064858
v 54.000000 32.000000 10.282572
v 56.000000 32.000000 10.284162
v 70.000000 32.000000 11.177648
v 72.000000 31.707710 12.000000
v 72.000000 32.000000 11.944958
v 72.434669 32.000000 12.000000
v 82.000000 32.000000 11.095382
v 80.836113 32.000000 12.000000
v 82.000000 30.180729 12.000000
v 84.000000 30.560028 12.000000
v 84.000000 32.000000 10.866611
v 85.728546 32.000000 12.000000
v 94.000000 32.000000 11.681407
v 93.412796 32.000000 12.000000
v 94.000000 31.671762 12.000000
v 96.000000 31.392429 12.000000
v 96.000000 32.000000 11.482411
v 97.746361 32.000000 12.000000
v 112.000000 32.000000 11.437448
v 110.839493 32.000000 12.000000
v 112.000000 31.453861 12.000000
v 114.000000 31.271952 12.000000
v 114.000000 32.000000 11.320521
v 116.000000 31.219667 12.000000
v 116.000000 32.000000 11.319460
v 118.000000 31.067457 12.000000
v 118.000000 32.000000 11.215004
v 120.000000 31.513451 12.000000
v 120.000000 32.000000 11.579432
v 122.000000 31.586180 12.000000
v 122.000000 32.000000 11.667144
v 123.677811 32.000000 12.000000
v 126.000000 32.000000 10.293665
v 124.066956 32.000000 12.000000
v 132.000000 30.536798 12.000000
v 132.000000 32.000000 10.777009
v 134.000000 30.150942 12.000000
v 134.000000 32.000000 10.239859
v 44.000000 34.000000 10.580715
v 46.000000 34.000000 10.936967
v 48.000000 34.000000 10.419991
v 50.000000 34.000000 10.154101
v 52.000000 34.000000 11.606711
v 52.528862 34.000000 12.000000
v 54.000000 33.341358 12.000000
v 56.000000 33.554958 12.000000
v 58.000000 34.000000 11.735704
v 57.391857 34.000000 12.000000
v 60.000000 34.000000 11.439221
v 62.000000 34.000000 11.208832
v 64.000000 34.000000 10.899542
v 66.000000 34.000000 10.962558
v 67.554138 34.000000 12.000000
v 68.000000 33.818638 12.000000
v 70.000000 32.584400 12.000000
v 72.000000 32.047249 12.000000
v 82.000000 32.643337 12.000000
v 84.000000 32.708694 12.000000
v 94.000000 32.266457 12.000000
v 96.000000 32.460732 12.000000
v 112.000000 32.468254 12.000000
v 114.000000 32.562553 12.000000
v 116.000000 32.568150 12.000000
v 118.000000 32.747200 12.000000
v 120.000000 32.405537 12.000000
v 122.000000 32.264206 12.000000
v 126.000000 33.336430 12.000000
v 128.000000 33.843761 12.000000
v 130.000000 33.862595 12.000000
v 132.000000 33.100060 12.000000
v 134.000000 33.573467 12.000000
v 136.000000 34.000000 11.508164
v 135.076965 34.000000 12.000000
v 138.000000 34.000000 10.773322
v 140.000000 34.000000 10.028539
v 16.000000 36.000000 11.126060
v 18.000000 36.000000 11.158034
v 28.000000 36.000000 10.228781
v 30.000000 36.000000 11.207858
v 30.656185 36.000000 12.000000
v 32.000000 35.301407 12.000000
v 34.000000 35.296200 12.000000
v 36.000000 36.000000 11.774421
v 35.746887 36.000000 12.000000
v 38.000000 36.000000 11.814767
v 38.797516 36.000000 12.000000
v 40.000000 35.900917 12.000000
v 42.000000 35.389004 12.000000
v 44.000000 34.929428 12.000000
v 46.000000 34.745132 12.000000
v 48.000000 34.870537 12.000000
v 50.000000 35.097591 12.000000
v 52.000000 34.219864 12.000000
v 58.000000 34.127026 12.000000
v 60.000000 34.275429 12.000000
v 62.000000 34.375896 12.000000
v 64.000000 34.503944 12.000000
v 66.000000 34.487263 12.000000
v 136.000000 34.254780 12.000000
v 138.000000 34.605877 12.000000
v 140.000000 34.974571 12.000000
v 142.000000 35.082836 12.000000
v 144.000000 35.291237 12.000000
v 146.000000 35.495216 12.000000
v 148.000000 35.740219 12.000000
v 150.000000 35.964729 12.000000
v 152.000000 36.000000 11.732855
v 150.479248 36.000000 12.000000
v 154.000000 36.000000 11.924549
v 154.836685 36.000000 12.000000
v 156.000000 35.964161 12.000000
v 158.000000 36.000000 11.567080
v 156.350037 36.000000 12.000000
v 160.000000 36.000000 10.662528
v 162.000000 36.000000 10.845023
v 164.000000 36.000000 10.744040
v 2.000000 38.000000 11.771542
v 0.000000 38.000000 10.068846
v 4.000000 38.000000 10.358958
v 10.000000 38.000000 11.030813
v 12.000000 38.000000 11.280665
v 14.000000 38.000000 11.798291
v 14.288385 38.000000 12.000000
v 16.000000 36.931091 12.000000
v 18.000000 36.818565 12.000000
v 20.000000 37.941666 12.000000
v 22.000000 38.000000 11.668470
v 20.371996 38.000000 12.000000
v 23.237158 38.000000 12.000000
v 24.000000 37.852310 12.000000
v 26.000000 37.845665 12.000000
v 28.000000 37.741253 12.000000
v 30.000000 36.815434 12.000000
v 36.000000 36.237404 12.000000
v 38.000000 36.211052 12.000000
v 152.000000 36.258923 12.000000
v 154.000000 36.078499 12.000000
v 158.000000 36.584839 12.000000
v 160.000000 37.783180 12.000000
v 162.000000 37.400219 12.000000
v 164.000000 37.521465 12.000000
v 166.000000 38.000000 10.757179
v 164.457291 38.000000 12.000000
v 168.000000 38.000000 10.683862
v 170.000000 38.000000 10.782609
v 178.000000 38.000000 10.209075
v 180.000000 38.000000 10.188679
v 182.000000 38.000000 10.436490
v 184.000000 38.000000 10.766717
v 186.000000 38.000000 10.319414
v 192.000000 38.000000 10.063416
v 214.000000 38.000000 10.040330
v 348.000000 38.000000 10.001169
v 360.000000 38.000000 10.068846
v 2.000000 40.000000 11.072623
v 10.000000 40.000000 10.555954
v 12.000000 40.000000 10.519009
v 14.000000 40.000000 11.081950
v 15.244764 40.000000 12.000000
v 20.000000 40.000000 11.134845
v 18.771091 40.000000 12.000000
v 20.000000 38.144821 12.000000
v 22.000000 40.000000 11.087444
v 24.000000 39.884274 12.000000
v 24.000000 40.000000 11.987377
v 24.141943 40.000000 12.000000
v 28.000000 40.000000 11.778009
v 26.880865 40.000000 12.000000
v 28.000000 39.149784 12.000000
v 28.543808 40.000000 12.000000
v 158.000000 40.000000 11.262333
v 156.774368 40.000000 12.000000
v 158.000000 39.170715 12.000000
v 160.000000 38.245052 12.000000
v 160.000000 40.000000 10.792446
v 162.000000 39.273636 12.000000
v 162.000000 40.000000 11.654086
v 164.000000 38.751110 12.000000
v 164.000000 40.000000 11.216769
v 2.000000 42.000000 10.013103
v 10.000000 42.000000 10.161399
v 12.000000 42.000000 10.067406
v 14.000000 42.000000 10.634057
v 15.720752 42.000000 12.000000
v 20.000000 42.000000 11.029036
v 18.611042 42.000000 12.000000
v 22.000000 42.000000 11.121011
v 24.000000 42.000000 11.557455
v 26.000000 40.576981 12.000000
v 26.000000 42.000000 11.623128
v 28.000000 42.000000 11.571539
v 28.923468 42.000000 12.000000
v 152.000000 42.000000 11.882112
v 151.429153 42.000000 12.000000
v 152.000000 41.637417 12.000000
v 152.244003 42.000000 12.000000
v 158.000000 42.000000 11.434823
v 157.092209 42.000000 12.000000
v 160.000000 42.000000 10.548443
v 162.000000 42.000000 10.700346
v 164.000000 42.000000 10.399699
v 1.398081 44.000000 12.000000
v 0.000000 44.000000 10.998215
v 2.000000 43.686604 12.000000
v 4.000000 44.000000 11.757476
v 3.270612 44.000000 12.000000
v 6.000000 44.000000 10.250848
v 8.000000 44.000000 11.239450
v 9.290149 44.000000 12.000000
v 10.000000 43.695396 12.000000
v 12.000000 43.569473 12.000000
v 14.000000 43.179855 12.000000
v 20.000000 42.707993 12.000000
v 22.000000 42.683651 12.000000
v 24.000000 42.330620 12.000000
v 26.000000 42.276028 12.000000
v 28.000000 42.314720 12.000000
v 152.000000 42.185402 12.000000
v 158.000000 42.773060 12.000000
v 160.000000 43.996231 12.000000
v 162.000000 44.000000 11.980435
v 160.316422 44.000000 12.000000
v 164.000000 44.000000 11.887053
v 166.000000 44.000000 10.677291
v 168.000000 44.000000 10.486502
v 170.000000 44.000000 10.543350
v 182.000000 44.000000 10.572971
v 184.000000 44.000000 11.061369
v 186.000000 44.000000 10.250652
v 348.000000 44.000000 10.522848
v 350.000000 44.000000 10.153842
v 354.000000 44.000000 10.728321
v 356.000000 44.000000 11.186712
v 358.000000 44.000000 10.815675
v 360.000000 44.000000 10.998215
v 0.000000 44.672394 12.000000
v 4.000000 44.158401 12.000000
v 6.000000 45.188210 12.000000
v 8.000000 44.567776 12.000000
v 162.000000 44.023323 12.000000
v 164.000000 44.117973 12.000000
v 166.000000 45.438202 12.000000
v 168.000000 46.000000 11.974333
v 167.916199 46.000000 12.000000
v 170.000000 46.000000 11.930273
v 172.000000 46.000000 11.052314
v 174.000000 46.000000 10.676107
v 176.000000 46.000000 11.264365
v 178.000000 46.000000 11.489621
v 180.000000 46.000000 11.335823
v 182.000000 46.000000 11.960861
v 182.307220 46.000000 12.000000
v 184.000000 45.671341 12.000000
v 186.000000 46.000000 11.503954
v 184.558517 46.000000 12.000000
v 188.000000 46.000000 10.851626
v 190.000000 46.000000 11.079622
v 192.000000 46.000000 11.631955
v 194.000000 46.000000 11.500559
v 196.000000 46.000000 11.135406
v 198.000000 46.000000 11.019699
v 200.000000 46.000000 11.167372
v 202.000000 46.000000 10.462393
v 204.000000 46.000000 10.376628
v 206.000000 46.000000 10.887449
v 208.000000 46.000000 11.207162
v 210.000000 46.000000 11.342521
v 212.000000 46.000000 11.290326
v 214.000000 46.000000 11.433250
v 216.000000 46.000000 11.425003
v 218.000000 46.000000 11.410337
v 220.000000 46.000000 11.538270
v 222.000000 46.000000 11.454737
v 224.000000 46.000000 11.432297
v 226.000000 46.000000 11.449974
v 228.000000 46.000000 11.429502
v 230.000000 46.000000 11.291124
v 232.000000 46.000000 11.064803
v 234.000000 46.000000 10.532725
v 236.000000 46.000000 10.658293
v 238.000000 46.000000 11.233492
v 240.000000 46.000000 11.085828
v 242.000000 46.000000 10.293077
v 244.000000 46.000000 10.030116
v 246.000000 46.000000 10.190404
v 248.000000 46.000000 10.486712
v 250.000000 46.000000 10.665154
v 252.000000 46.000000 10.651960
v 254.000000 46.000000 10.827186
v 256.000000 46.000000 10.548423
v 258.000000 46.000000 10.177366
v 260.000000 46.000000 10.095109
v 304.000000 46.000000 10.358666
v 306.000000 46.000000 10.468775
v 308.000000 46.000000 10.297997
v 312.000000 46.000000 10.128974
v 314.000000 46.000000 10.984608
v 316.000000 46.000000 11.676558
v 318.000000 46.000000 11.008259
v 320.000000 46.000000 10.179077
v 324.000000 46.000000 10.502937
v 326.000000 46.000000 10.593792
v 328.000000 46.000000 10.375548
v 330.000000 46.000000 10.627392
v 332.000000 46.000000 11.270185
v 334.000000 46.000000 11.221443
v 336.000000 46.000000 10.724100
v 338.000000 46.000000 10.987011
v 340.000000 46.000000 11.691782
v 341.458557 46.000000 12.000000
v 342.000000 45.932663 12.000000
v 344.000000 45.905109 12.000000
v 346.000000 45.606548 12.000000
v 348.000000 45.068604 12.000000
v 350.000000 45.519955 12.000000
v 352.000000 45.765610 12.000000
v 354.000000 45.109142 12.000000
v 356.000000 44.701973 12.000000
v 358.000000 44.859211 12.000000
v 360.000000 44.672394 12.000000
v 168.000000 46.040123 12.000000
v 170.000000 46.115273 12.000000
v 172.000000 47.603596 12.000000
v 174.000000 48.000000 11.710503
v 172.900894 48.000000 12.000000
v 174.958466 48.000000 12.000000
v 176.000000 47.370911 12.000000
v 178.000000 46.833904 12.000000
v 180.000000 46.963352 12.000000
v 182.000000 46.071823 12.000000
v 186.000000 46.663166 12.000000
v 188.000000 47.431717 12.000000
v 190.000000 47.262878 12.000000
v 192.000000 46.518002 12.000000
v 194.000000 46.570202 12.000000
v 196.000000 47.248280 12.000000
v 198.000000 47.663918 12.000000
v 200.000000 47.274342 12.000000
v 202.000000 47.830833 12.000000
v 204.000000 48.000000 11.947225
v 203.508438 48.000000 12.000000
v 204.503326 48.000000 12.000000
v 206.000000 47.777157 12.000000
v 208.000000 47.156815 12.000000
v 210.000000 46.830784 12.000000
v 212.000000 46.992699 12.000000
v 214.000000 46.861462 12.000000
v 216.000000 46.851387 12.000000
v 218.000000 46.819576 12.000000
v 220.000000 46.560791 12.000000
v 222.000000 46.741627 12.000000
v 224.000000 46.709946 12.000000
v 226.000000 46.676708 12.000000
v 228.000000 46.705353 12.000000
v 230.000000 46.907017 12.000000
v 232.000000 47.460144 12.000000
v 234.000000 48.000000 11.816780
v 233.320923 48.000000 12.000000
v 236.000000 48.000000 11.885656
v 236.380386 48.000000 12.000000
v 238.000000 47.248119 12.000000
v 240.000000 47.132389 12.000000
v 242.000000 47.959915 12.000000
v 244.000000 48.000000 11.422081
v 242.126389 48.000000 12.000000
v 246.000000 48.000000 11.731932
v 248.000000 48.000000 11.939388
v 249.740631 48.000000 12.000000
v 250.000000 47.987469 12.000000
v 252.000000 47.927948 12.000000
v 254.000000 48.000000 11.923693
v 252.868210 48.000000 12.000000
v 256.000000 48.000000 11.816141
v 258.000000 48.000000 11.691909
v 260.000000 48.000000 11.669145
v 262.000000 48.000000 11.547976
v 264.000000 48.000000 10.861912
v 266.000000 48.000000 10.555197
v 268.000000 48.000000 11.062918
v 270.000000 48.000000 11.593915
v 272.000000 48.000000 11.671429
v 274.000000 48.000000 11.581106
v 276.000000 48.000000 11.338572
v 278.000000 48.000000 11.249999
v 280.000000 48.000000 11.046427
v 282.000000 48.000000 10.871494
v 284.000000 48.000000 10.963565
v 286.000000 48.000000 10.807281
v 288.000000 48.000000 11.023382
v 290.000000 48.000000 11.038524
v 292.000000 48.000000 10.662595
v 294.000000 48.000000 10.169812
v 296.000000 48.000000 10.214144
v 298.000000 48.000000 10.726716
v 300.000000 48.000000 11.104114
v 302.000000 48.000000 11.361141
v 304.000000 48.000000 11.960033
v 304.254150 48.000000 12.000000
v 306.000000 47.730618 12.000000
v 308.000000 48.000000 11.807762
v 307.140594 48.000000 12.000000
v 310.000000 48.000000 11.182475
v 312.000000 48.000000 11.368562
v 312.984131 48.000000 12.000000
v 314.000000 47.211143 12.000000
v 316.000000 46.371677 12.000000
v 318.000000 47.220402 12.000000
v 320.000000 48.000000 11.623846
v 319.282043 48.000000 12.000000
v 322.000000 48.000000 11.246335
v 324.000000 48.000000 11.764986
v 325.243225 48.000000 12.000000
v 326.000000 47.825359 12.000000
v 328.000000 48.000000 11.840360
v 326.988098 48.000000 12.000000
v 328.740265 48.000000 12.000000
v 330.000000 47.696308 12.000000
v 332.000000 46.897575 12.000000
v 334.000000 46.924717 12.000000
v 336.000000 47.596127 12.000000
v 338.000000 47.322887 12.000000
v 340.000000 46.392323 12.000000
v 174.000000 49.669331 12.000000
v 204.000000 48.161137 12.000000
v 234.000000 48.425987 12.000000
v 236.000000 48.234200 12.000000
v 244.000000 48.761982 12.000000
v 246.000000 48.555321 12.000000
v 248.000000 48.157669 12.000000
v 254.000000 48.235077 12.000000
v 256.000000 48.942974 12.000000
v 258.000000 50.000000 11.946507
v 257.613556 50.000000 12.000000
v 258.273987 50.000000 12.000000
v 260.000000 49.043163 12.000000
v 262.000000 49.607059 12.000000
v 264.000000 50.000000 11.640409
v 262.479462 50.000000 12.000000
v 266.000000 50.000000 11.833906
v 266.940308 50.000000 12.000000
v 268.000000 49.695160 12.000000
v 270.000000 49.513096 12.000000
v 272.000000 49.131245 12.000000
v 274.000000 48.925484 12.000000
v 276.000000 49.268085 12.000000
v 278.000000 49.870651 12.000000
v 280.000000 49.767792 12.000000
v 282.000000 49.460621 12.000000
v 284.000000 49.830681 12.000000
v 286.000000 50.000000 11.351014
v 284.284576 50.000000 12.000000
v 288.000000 50.000000 11.585876
v 289.691284 50.000000 12.000000
v 290.000000 49.874382 12.000000
v 292.000000 50.000000 11.627764
v 290.299164 50.000000 12.000000
v 294.000000 50.000000 11.213530
v 296.000000 50.000000 11.350447
v 298.000000 50.000000 11.973186
v 298.219513 50.000000 12.000000
v 300.000000 49.637077 12.000000
v 302.000000 49.600945 12.000000
v 304.000000 48.085281 12.000000
v 308.000000 48.307816 12.000000
v 310.000000 49.368603 12.000000
v 312.000000 48.762154 12.000000
v 320.000000 48.710533 12.000000
v 322.000000 49.252548 12.000000
v 324.000000 48.336590 12.000000
v 328.000000 48.218266 12.000000
v 258.000000 50.072376 12.000000
v 264.000000 50.798008 12.000000
v 266.000000 50.242001 12.000000
v 286.000000 50.692444 12.000000
v 288.000000 50.380745 12.000000
v 292.000000 50.524242 12.000000
v 294.000000 51.182640 12.000000
v 296.000000 50.805000 12.000000
v 298.000000 50.034466 12.000000
v 92.000000 108.000000 11.573896
v 90.698273 108.000000 12.000000
v 92.000000 107.259109 12.000000
v 94.000000 106.737305 12.000000
v 94.000000 108.000000 11.495812
v 96.000000 107.566391 12.000000
v 96.000000 108.000000 11.848510
v 96.493546 108.000000 12.000000
v 80.000000 110.000000 11.165946
v 78.095848 110.000000 12.000000
v 80.000000 109.297928 12.000000
v 82.000000 109.785179 12.000000
v 82.000000 110.000000 11.759262
v 84.000000 109.476517 12.000000
v 84.000000 110.000000 11.255541
v 86.000000 109.147469 12.000000
v 86.000000 110.000000 10.895485
v 88.000000 108.885605 12.000000
v 88.000000 110.000000 10.850253
v 90.000000 108.183266 12.000000
v 98.000000 108.341408 12.000000
v 98.000000 110.000000 10.087055
v 100.000000 108.244919 12.000000
v 102.000000 108.256088 12.000000
v 102.000000 110.000000 10.063689
v 104.000000 108.662827 12.000000
v 104.000000 110.000000 10.015619
v 106.000000 108.693810 12.000000
v 106.000000 110.000000 10.277963
v 108.000000 108.618912 12.000000
v 108.000000 110.000000 10.459575
v 110.000000 109.136993 12.000000
v 110.000000 110.000000 11.146800
v 112.000000 109.856773 12.000000
v 112.000000 110.000000 11.822635
v 113.543846 110.000000 12.000000
v 64.000000 112.000000 11.649521
v 63.262486 112.000000 12.000000
v 64.000000 111.599869 12.000000
v 66.000000 110.937141 12.000000
v 66.000000 112.000000 10.996805
v 68.000000 111.293541 12.000000
v 68.000000 112.000000 11.260628
v 70.000000 111.182289 12.000000
v 70.000000 112.000000 11.265400
v 72.000000 110.423386 12.000000
v 72.000000 112.000000 10.623849
v 74.000000 110.317101 12.000000
v 74.000000 112.000000 10.383533
v 76.000000 110.707619 12.000000
v 76.000000 112.000000 10.676173
v 78.000000 110.053146 12.000000
v 78.000000 112.000000 10.413728
v 82.000000 112.000000 10.104586
v 84.000000 112.000000 10.017262
v 110.000000 112.000000 10.188735
v 112.000000 112.000000 10.363653
v 114.000000 110.061752 12.000000
v 114.000000 112.000000 10.598790
v 116.000000 111.060928 12.000000
v 116.000000 112.000000 11.301819
v 118.000000 111.496529 12.000000
v 118.000000 112.000000 11.585645
v 120.000000 111.590561 12.000000
v 120.000000 112.000000 11.639145
v 122.000000 111.949768 12.000000
v 122.000000 112.000000 11.964631
v 122.064568 112.000000 12.000000
v 62.000000 114.000000 11.844014
v 61.018879 114.000000 12.000000
v 62.000000 113.593285 12.000000
v 64.000000 114.000000 10.900328
v 66.000000 114.000000 10.124458
v 68.000000 114.000000 10.362783
v 70.000000 114.000000 10.544244
v 116.000000 114.000000 10.146289
v 118.000000 114.000000 10.868761
v 120.000000 114.000000 10.742176
v 122.000000 114.000000 11.700403
v 122.921394 114.000000 12.000000
v 44.000000 116.000000 11.977301
v 43.931755 116.000000 12.000000
v 44.000000 115.986023 12.000000
v 46.000000 115.690575 12.000000
v 46.000000 116.000000 11.582803
v 48.000000 115.533348 12.000000
v 48.000000 116.000000 11.413025
v 50.000000 115.535934 12.000000
v 50.000000 116.000000 11.314384
v 52.000000 115.764275 12.000000
v 52.000000 116.000000 11.635392
v 54.000000 115.375008 12.000000
v 54.000000 116.000000 11.081574
v 56.000000 114.666138 12.000000
v 56.000000 116.000000 10.436983
v 58.000000 114.443954 12.000000
v 58.000000 116.000000 10.411676
v 60.000000 114.147659 12.000000
v 60.000000 116.000000 10.168220
v 124.000000 114.241829 12.000000
v 126.000000 114.293221 12.000000
v 128.000000 114.349380 12.000000
v 130.000000 115.068977 12.000000
v 130.000000 116.000000 10.796619
v 132.000000 115.998016 12.000000
v 132.000000 116.000000 11.997378
v 132.005142 116.000000 12.000000
v 22.000000 118.000000 11.741395
v 21.594994 118.000000 12.000000
v 22.000000 117.831787 12.000000
v 24.000000 117.007507 12.000000
v 24.000000 118.000000 10.506103
v 26.000000 116.988647 12.000000
v 26.000000 118.000000 10.458174
v 28.000000 117.297615 12.000000
v 28.000000 118.000000 10.587900
v 30.000000 117.866951 12.000000
v 30.000000 118.000000 11.757918
v 30.592302 118.000000 12.000000
v 36.000000 118.000000 11.305579
v 34.742844 118.000000 12.000000
v 36.000000 117.528534 12.000000
v 38.000000 117.389229 12.000000
v 38.000000 118.000000 11.210329
v 40.000000 116.743996 12.000000
v 40.000000 118.000000 10.347738
v 42.000000 116.406082 12.000000
v 132.000000 118.000000 10.076026
v 134.000000 116.753120 12.000000
v 134.000000 118.000000 10.456324
v 136.000000 116.838921 12.000000
v 136.000000 118.000000 10.376248
v 138.000000 117.021034 12.000000
v 138.000000 118.000000 10.489437
v 140.000000 117.118629 12.000000
v 140.000000 118.000000 10.885629
v 142.000000 117.310699 12.000000
v 142.000000 118.000000 11.164687
v 144.000000 117.899551 12.000000
v 144.000000 118.000000 11.879056
v 144.520844 118.000000 12.000000
v 154.000000 118.000000 11.828115
v 153.306503 118.000000 12.000000
v 154.000000 117.900520 12.000000
v 156.000000 117.648842 12.000000
v 156.000000 118.000000 11.423717
v 157.147354 118.000000 12.000000
v 22.000000 118.703186 12.000000
v 24.000000 120.000000 10.994290
v 22.623905 120.000000 12.000000
v 26.000000 120.000000 10.828377
v 28.000000 120.000000 11.724387
v 28.657854 120.000000 12.000000
v 30.000000 118.568832 12.000000
v 36.000000 119.255707 12.000000
v 38.000000 119.710419 12.000000
v 40.000000 120.000000 11.308818
v 38.286591 120.000000 12.000000
v 42.000000 120.000000 10.797815
v 44.000000 120.000000 10.488449
v 46.000000 120.000000 10.283235
v 48.000000 120.000000 10.309425
v 50.000000 120.000000 10.022997
v 132.000000 120.000000 10.392774
v 134.000000 120.000000 10.726505
v 136.000000 120.000000 10.861978
v 138.000000 120.000000 10.982371
v 140.000000 120.000000 11.128809
v 142.000000 120.000000 11.600518
v 142.918121 120.000000 12.000000
v 144.000000 118.437080 12.000000
v 154.000000 120.000000 11.672280
v 153.075912 120.000000 12.000000
v 156.000000 120.000000 11.160501
v 157.325500 120.000000 12.000000
v 24.000000 121.952301 12.000000
v 26.000000 122.000000 11.895116
v 24.419312 122.000000 12.000000
v 26.148540 122.000000 12.000000
v 28.000000 120.362968 12.000000
v 40.000000 121.137291 12.000000
v 42.000000 121.931435 12.000000
v 44.000000 121.844879 12.000000
v 46.000000 121.727608 12.000000
v 48.000000 122.000000 11.989568
v 47.918297 122.000000 12.000000
v 50.000000 122.000000 11.021308
v 52.000000 122.000000 10.427841
v 54.000000 122.000000 10.105590
v 56.000000 122.000000 10.067898
v 130.000000 122.000000 10.129727
v 132.000000 122.000000 11.221499
v 133.740616 122.000000 12.000000
v 134.000000 121.805382 12.000000
v 136.000000 121.551155 12.000000
v 138.000000 121.822052 12.000000
v 140.000000 121.947609 12.000000
v 142.000000 120.738129 12.000000
v 154.000000 122.000000 11.743866
v 153.535400 122.000000 12.000000
v 156.000000 122.000000 11.360251
v 156.880219 122.000000 12.000000
v 22.000000 124.000000 11.216623
v 20.941145 124.000000 12.000000
v 22.000000 123.262505 12.000000
v 24.000000 122.025391 12.000000
v 24.000000 124.000000 10.399958
v 26.000000 124.000000 10.379282
v 28.000000 123.118294 12.000000
v 28.000000 124.000000 11.135574
v 30.000000 123.456039 12.000000
v 30.000000 124.000000 11.395270
v 32.000000 123.755371 12.000000
v 32.000000 124.000000 11.745296
v 33.384796 124.000000 12.000000
v 36.000000 124.000000 11.766240
v 34.649063 124.000000 12.000000
v 36.000000 123.762207 12.000000
v 38.000000 123.155090 12.000000
v 38.000000 124.000000 11.098827
v 40.000000 122.377487 12.000000
v 40.000000 124.000000 10.179328
v 42.000000 122.030258 12.000000
v 44.000000 122.090523 12.000000
v 46.000000 122.207642 12.000000
v 46.000000 124.000000 10.148174
v 48.000000 124.000000 10.012268
v 134.000000 122.106850 12.000000
v 134.000000 124.000000 10.258762
v 136.000000 122.217957 12.000000
v 136.000000 124.000000 10.020805
v 138.000000 122.056831 12.000000
v 140.000000 122.013535 12.000000
v 142.000000 122.411095 12.000000
v 144.000000 123.042778 12.000000
v 144.000000 124.000000 10.774345
v 146.000000 122.970879 12.000000
v 146.000000 124.000000 10.735868
v 148.000000 123.006882 12.000000
v 148.000000 124.000000 10.788529
v 150.000000 122.924873 12.000000
v 150.000000 124.000000 10.679919
v 152.000000 122.502655 12.000000
v 158.000000 122.691002 12.000000
v 158.000000 124.000000 10.669755
v 159.839355 124.000000 12.000000
v 174.000000 124.000000 11.824941
v 172.786896 124.000000 12.000000
v 174.000000 123.879921 12.000000
v 174.238297 124.000000 12.000000
v 184.000000 124.000000 11.958119
v 183.825592 124.000000 12.000000
v 184.000000 123.969307 12.000000
v 186.000000 123.618393 12.000000
v 186.000000 124.000000 11.445562
v 188.000000 123.870956 12.000000
v 188.000000 124.000000 11.798430
v 188.251709 124.000000 12.000000
v 0.000000 126.000000 10.554157
v 2.000000 125.302330 12.000000
v 2.000000 126.000000 10.810715
v 0.000000 125.225853 12.000000
v 4.000000 125.015709 12.000000
v 4.000000 126.000000 10.138746
v 6.000000 124.561981 12.000000
v 8.000000 124.481079 12.000000
v 10.000000 124.714600 12.000000
v 12.000000 125.038918 12.000000
v 12.000000 126.000000 10.207081
v 14.000000 125.215134 12.000000
v 14.000000 126.000000 10.553023
v 16.000000 125.084412 12.000000
v 16.000000 126.000000 10.447843
v 18.000000 124.818268 12.000000
v 20.000000 124.313583 12.000000
v 34.000000 124.045525 12.000000
v 160.000000 124.060745 12.000000
v 162.000000 124.776466 12.000000
v 164.000000 125.519035 12.000000
v 164.000000 126.000000 11.180155
v 166.000000 125.443962 12.000000
v 166.000000 126.000000 11.180089
v 168.000000 124.909355 12.000000
v 168.000000 126.000000 10.127184
v 170.000000 124.453568 12.000000
v 172.000000 124.043251 12.000000
v 176.000000 124.476418 12.000000
v 178.000000 124.858994 12.000000
v 180.000000 124.601471 12.000000
v 182.000000 124.221024 12.000000
v 190.000000 124.783035 12.000000
v 190.000000 126.000000 10.231897
v 192.000000 125.651451 12.000000
v 192.000000 126.000000 11.494144
v 194.000000 125.688728 12.000000
v 194.000000 126.000000 11.527966
v 196.000000 125.507225 12.000000
v 196.000000 126.000000 11.229786
v 198.000000 125.400688 12.000000
v 198.000000 126.000000 11.110058
v 200.000000 124.902992 12.000000
v 200.000000 126.000000 10.416385
v 202.000000 124.254997 12.000000
v 204.000000 124.333221 12.000000
v 206.000000 124.763985 12.000000
v 206.000000 126.000000 10.096170
v 208.000000 124.973602 12.000000
v 208.000000 126.000000 10.432691
v 210.000000 124.951347 12.000000
v 210.000000 126.000000 10.145859
v 212.000000 125.526581 12.000000
v 212.000000 126.000000 11.225873
v 214.000000 125.985924 12.000000
v 214.000000 126.000000 11.975871
v 216.000000 125.636345 12.000000
v 216.000000 126.000000 11.425405
v 218.000000 125.228172 12.000000
v 218.000000 126.000000 10.755900
v 220.000000 124.909096 12.000000
v 220.000000 126.000000 10.181376
v 222.000000 125.328560 12.000000
v 222.000000 126.000000 10.956355
v 223.113419 126.000000 12.000000
v 230.000000 126.000000 10.309145
v 228.119446 126.000000 12.000000
v 230.000000 125.020416 12.000000
v 232.000000 125.026901 12.000000
v 232.000000 126.000000 10.566770
v 234.000000 125.943428 12.000000
v 234.000000 126.000000 11.911067
v 234.438599 126.000000 12.000000
v 238.000000 126.000000 11.992730
v 237.952164 126.000000 12.000000
v 238.000000 125.995392 12.000000
v 240.000000 125.357712 12.000000
v 240.000000 126.000000 11.050309
v 242.000000 125.262802 12.000000
v 242.000000 126.000000 11.005437
v 244.000000 125.437866 12.000000
v 244.000000 126.000000 11.170649
v 246.000000 124.737679 12.000000
v 246.000000 126.000000 10.091270
v 248.000000 124.482933 12.000000
v 250.000000 125.336334 12.000000
v 250.000000 126.000000 10.971640
v 251.426147 126.000000 12.000000
v 256.000000 126.000000 11.542586
v 254.832932 126.000000 12.000000
v 256.000000 125.742012 12.000000
v 258.000000 125.898865 12.000000
v 258.000000 126.000000 11.825863
v 260.000000 125.527260 12.000000
v 260.000000 126.000000 11.194873
v 262.000000 124.472595 12.000000
v 264.000000 124.522949 12.000000
v 266.000000 125.686279 12.000000
v 266.000000 126.000000 11.430521
v 268.000000 125.952347 12.000000
v 268.000000 126.000000 11.908035
v 270.000000 125.630516 12.000000
v 270.000000 126.000000 11.309220
v 272.000000 125.955765 12.000000
v 272.000000 126.000000 11.924398
v 274.000000 125.817894 12.000000
v 274.000000 126.000000 11.703827
v 276.000000 124.629288 12.000000
v 278.000000 124.512093 12.000000
v 280.000000 125.801605 12.000000
v 280.000000 126.000000 11.679686
v 280.736969 126.000000 12.000000
v 292.000000 126.000000 10.662234
v 290.121613 126.000000 12.000000
v 292.000000 125.251068 12.000000
v 294.000000 125.303757 12.000000
v 294.000000 126.000000 10.813198
v 296.000000 125.702240 12.000000
v 296.000000 126.000000 11.381022
v 297.615356 126.000000 12.000000
v 306.000000 126.000000 11.983850
v 305.948639 126.000000 12.000000
v 306.000000 125.991295 12.000000
v 308.000000 125.846695 12.000000
v 308.000000 126.000000 11.667973
v 308.727509 126.000000 12.000000
v 336.000000 126.000000 11.436086
v 334.928772 126.000000 12.000000
v 336.000000 125.725319 12.000000
v 338.000000 125.729729 12.000000
v 338.000000 126.000000 11.416085
v 339.732819 126.000000 12.000000
v 350.000000 126.000000 11.650762
v 349.312225 126.000000 12.000000
v 350.000000 125.808464 12.000000
v 352.000000 124.718750 12.000000
v 354.000000 124.328247 12.000000
v 356.000000 124.480659 12.000000
v 358.000000 125.006538 12.000000
v 358.000000 126.000000 10.194431
v 360.000000 125.225853 12.000000
v 360.000000 126.000000 10.554157
v 214.000000 128.000000 10.573134
v 216.000000 128.000000 10.244244
v 224.000000 126.679436 12.000000
v 224.000000 128.000000 10.605386
v 226.000000 127.065796 12.000000
v 226.000000 128.000000 11.006041
v 228.000000 126.079727 12.000000
v 234.000000 128.000000 10.099794
v 236.000000 126.277672 12.000000
v 236.000000 128.000000 10.552685
v 252.000000 126.340256 12.000000
v 252.000000 128.000000 10.381705
v 254.000000 126.245377 12.000000
v 254.000000 128.000000 10.016987
v 282.000000 126.476830 12.000000
v 282.000000 128.000000 10.437650
v 284.000000 126.437881 12.000000
v 286.000000 126.768059 12.000000
v 286.000000 128.000000 10.475848
v 288.000000 126.861443 12.000000
v 288.000000 128.000000 10.782157
v 290.000000 126.050331 12.000000
v 298.000000 126.113342 12.000000
v 300.000000 126.126595 12.000000
v 302.000000 126.415100 12.000000
v 302.000000 128.000000 10.595718
v 304.000000 126.630287 12.000000
v 304.000000 128.000000 10.989101
v 306.000000 128.000000 10.634714
v 310.000000 126.356789 12.000000
v 310.000000 128.000000 10.071434
v 312.000000 127.383217 12.000000
v 312.000000 128.000000 11.236440
v 313.032013 128.000000 12.000000
v 318.000000 128.000000 11.455316
v 317.135071 128.000000 12.000000
v 318.000000 127.534149 12.000000
v 320.000000 126.640266 12.000000
v 320.000000 128.000000 10.350485
v 322.000000 126.513481 12.000000
v 322.000000 128.000000 10.261497
v 324.000000 126.732826 12.000000
v 324.000000 128.000000 10.752400
v 326.000000 126.653687 12.000000
v 326.000000 128.000000 10.827087
v 328.000000 126.374176 12.000000
v 328.000000 128.000000 10.719806
v 330.000000 126.490295 12.000000
v 330.000000 128.000000 10.268518
v 332.000000 126.708206 12.000000
v 332.000000 128.000000 10.464705
v 334.000000 126.433548 12.000000
v 334.000000 128.000000 10.307689
v 340.000000 126.064636 12.000000
v 342.000000 126.685844 12.000000
v 342.000000 128.000000 10.602340
v 344.000000 127.312401 12.000000
v 344.000000 128.000000 11.332800
v 346.000000 126.977158 12.000000
v 346.000000 128.000000 10.892726
v 348.000000 126.604645 12.000000
v 348.000000 128.000000 10.696190
v 196.000000 130.000000 10.148679
v 212.000000 130.000000 10.083664
v 214.000000 130.000000 10.599380
v 216.000000 130.000000 10.204638
v 224.000000 130.000000 10.645432
v 226.000000 130.000000 10.973517
v 234.000000 130.000000 10.123260
v 236.000000 130.000000 10.659808
v 238.000000 130.000000 10.204809
v 252.000000 130.000000 10.354521
v 254.000000 130.000000 10.216675
v 272.000000 130.000000 10.214326
v 274.000000 130.000000 10.148645
v 282.000000 130.000000 10.576953
v 284.000000 130.000000 10.171250
v 286.000000 130.000000 10.615502
v 288.000000 130.000000 10.880577
v 298.000000 130.000000 10.538901
v 300.000000 130.000000 10.265318
v 302.000000 130.000000 10.859017
v 304.000000 130.000000 11.215129
v 306.000000 130.000000 11.113118
v 308.000000 130.000000 10.530644
v 310.000000 130.000000 10.615732
v 312.000000 130.000000 11.768513
v 312.368591 130.000000 12.000000
v 318.000000 130.000000 11.900828
v 317.834991 130.000000 12.000000
v 320.000000 130.000000 10.939020
v 322.000000 130.000000 10.859550
v 324.000000 130.000000 11.231288
v 326.000000 130.000000 11.557484
v 328.000000 130.000000 11.568231
v 330.000000 130.000000 10.788874
v 332.000000 130.000000 10.871533
v 334.000000 130.000000 10.853486
v 336.000000 130.000000 10.361433
v 340.000000 130.000000 10.539172
v 342.000000 130.000000 11.658670
v 342.744019 130.000000 12.000000
v 344.000000 129.123154 12.000000
v 346.000000 130.000000 11.868507
v 345.671997 130.000000 12.000000
v 348.000000 130.000000 11.073327
v 350.000000 130.000000 10.261181
v 0.000000 132.000000 10.203912
v 12.000000 132.000000 10.206664
v 14.000000 132.000000 10.328926
v 196.000000 132.000000 10.172431
v 214.000000 132.000000 10.664079
v 216.000000 132.000000 10.297345
v 224.000000 132.000000 10.962467
v 226.000000 132.000000 11.187955
v 234.000000 132.000000 10.108311
v 236.000000 132.000000 10.491894
v 252.000000 132.000000 10.258121
v 254.000000 132.000000 10.135813
v 272.000000 132.000000 10.546466
v 274.000000 132.000000 10.312639
v 282.000000 132.000000 10.550816
v 284.000000 132.000000 10.513430
v 286.000000 132.000000 10.929155
v 288.000000 132.000000 11.098689
v 290.000000 132.000000 10.124387
v 298.000000 132.000000 10.328564
v 300.000000 132.000000 10.430945
v 302.000000 132.000000 11.130110
v 304.000000 132.000000 11.801702
v 306.000000 132.000000 11.596154
v 308.000000 132.000000 10.801028
v 310.000000 132.000000 10.751211
v 312.000000 132.000000 11.608746
v 312.720581 132.000000 12.000000
v 318.000000 130.727539 12.000000
v 320.000000 132.000000 10.960487
v 318.293213 132.000000 12.000000
v 322.000000 132.000000 11.182123
v 324.000000 132.000000 11.709775
v 326.000000 132.000000 11.790275
v 328.000000 132.000000 11.730068
v 330.000000 132.000000 10.842234
v 332.000000 132.000000 11.196797
v 334.000000 132.000000 11.187044
v 336.000000 132.000000 10.638380
v 338.000000 132.000000 10.070533
v 340.000000 132.000000 10.858129
v 341.888550 132.000000 12.000000
v 342.000000 131.682007 12.000000
v 346.000000 131.053085 12.000000
v 348.000000 132.000000 11.287576
v 346.274414 132.000000 12.000000
v 350.000000 132.000000 10.458312
v 358.000000 132.000000 10.391232
v 360.000000 132.000000 10.203912
v 224.000000 134.000000 10.058211
v 226.000000 134.000000 10.076537
v 314.000000 132.696686 12.000000
v 314.000000 134.000000 10.985118
v 316.000000 132.767120 12.000000
v 316.000000 134.000000 10.984435
v 318.000000 132.131622 12.000000
v 318.000000 134.000000 10.051343
v 326.000000 134.000000 10.146904
v 342.000000 132.046402 12.000000
v 344.000000 132.279404 12.000000
v 346.000000 132.070190 12.000000
v 76.000000 26.000000 12.239750
v 78.000000 26.000000 12.404510
v 90.000000 26.000000 12.534609
v 92.000000 26.000000 12.402731
v 100.000000 26.000000 13.110533
v 102.000000 26.000000 13.653291
v 103.597610 26.000000 14.000000
v 104.000000 25.971289 14.000000
v 106.000000 25.790714 14.000000
v 108.000000 26.000000 13.768402
v 107.522652 26.000000 14.000000
v 110.000000 26.000000 12.603918
v 122.000000 26.000000 12.160536
v 72.000000 28.000000 12.659096
v 74.000000 28.000000 13.177400
v 75.164497 28.000000 14.000000
v 76.000000 27.588362 14.000000
v 78.000000 27.445910 14.000000
v 80.000000 28.000000 13.693572
v 79.381546 28.000000 14.000000
v 82.000000 28.000000 12.071872
v 84.000000 28.000000 12.433015
v 85.864967 28.000000 14.000000
v 86.000000 27.936922 14.000000
v 88.000000 27.291302 14.000000
v 90.000000 26.942694 14.000000
v 92.000000 27.215036 14.000000
v 94.000000 27.704988 14.000000
v 96.000000 28.000000 13.744035
v 95.333992 28.000000 14.000000
v 97.411385 28.000000 14.000000
v 98.000000 27.919104 14.000000
v 100.000000 26.631914 14.000000
v 102.000000 26.261950 14.000000
v 108.000000 26.176636 14.000000
v 110.000000 27.185955 14.000000
v 112.000000 28.000000 13.577004
v 111.405014 28.000000 14.000000
v 114.000000 28.000000 13.625238
v 115.488930 28.000000 14.000000
v 116.000000 27.927044 14.000000
v 118.000000 28.000000 13.980014
v 117.772293 28.000000 14.000000
v 120.000000 28.000000 13.904057
v 121.383781 28.000000 14.000000
v 122.000000 27.960779 14.000000
v 124.000000 28.000000 13.927411
v 122.733253 28.000000 14.000000
v 126.000000 28.000000 12.408932
v 130.000000 28.000000 12.037603
v 132.000000 28.000000 12.999063
v 134.000000 28.000000 12.831980
v 72.000000 30.000000 12.408462
v 74.000000 30.000000 12.649012
v 76.000000 28.928814 14.000000
v 76.000000 30.000000 13.416853
v 77.630112 30.000000 14.000000
v 80.000000 30.000000 13.620380
v 78.549988 30.000000 14.000000
v 82.000000 30.000000 12.116040
v 84.000000 30.000000 12.586139
v 85.743111 30.000000 14.000000
v 96.000000 30.000000 13.574211
v 94.405769 30.000000 14.000000
v 98.000000 28.489708 14.000000
v 98.000000 30.000000 13.659206
v 98.281143 30.000000 14.000000
v 112.000000 30.000000 13.806975
v 111.701241 30.000000 14.000000
v 114.000000 30.000000 13.564340
v 116.000000 28.360975 14.000000
v 116.000000 30.000000 13.368012
v 118.000000 30.000000 13.199222
v 120.000000 30.000000 13.468307
v 122.000000 28.122606 14.000000
v 122.000000 30.000000 13.365734
v 124.000000 30.000000 13.741612
v 132.000000 30.000000 12.492173
v 134.000000 30.000000 12.152464
v 74.000000 32.000000 12.187695
v 76.000000 32.000000 12.303848
v 78.000000 30.147526 14.000000
v 78.000000 32.000000 12.458501
v 80.000000 32.000000 12.691566
v 86.000000 30.177578 14.000000
v 86.000000 32.000000 12.199300
v 88.000000 30.694244 14.000000
v 88.000000 32.000000 12.471602
v 90.000000 31.300539 14.000000
v 90.000000 32.000000 13.198461
v 92.000000 31.008974 14.000000
v 92.000000 32.000000 12.840903
v 94.000000 30.072313 14.000000
v 98.000000 32.000000 12.076693
v 100.000000 31.526758 14.000000
v 100.000000 32.000000 13.441676
v 102.000000 31.414761 14.000000
v 102.000000 32.000000 13.348762
v 104.000000 31.357782 14.000000
v 104.000000 32.000000 13.315159
v 106.000000 31.290743 14.000000
v 106.000000 32.000000 13.107361
v 108.000000 31.470842 14.000000
v 108.000000 32.000000 13.306021
v 110.000000 30.778126 14.000000
v 110.000000 32.000000 12.442966
v 124.000000 32.000000 12.058345
v 54.000000 34.000000 13.263793
v 56.000000 34.000000 12.596996
v 68.000000 34.000000 12.306139
v 69.488380 34.000000 14.000000
v 70.000000 33.677372 14.000000
v 72.000000 33.410294 14.000000
v 74.000000 33.004486 14.000000
v 76.000000 32.868618 14.000000
v 78.000000 32.733521 14.000000
v 80.000000 32.916267 14.000000
v 82.000000 33.740749 14.000000
v 84.000000 33.679974 14.000000
v 86.000000 33.121983 14.000000
v 88.000000 32.944225 14.000000
v 90.000000 32.484127 14.000000
v 92.000000 32.723919 14.000000
v 94.000000 33.587101 14.000000
v 96.000000 33.895889 14.000000
v 98.000000 33.316093 14.000000
v 100.000000 32.417469 14.000000
v 102.000000 32.496037 14.000000
v 104.000000 32.445473 14.000000
v 106.000000 32.519436 14.000000
v 108.000000 32.594376 14.000000
v 110.000000 33.210377 14.000000
v 112.000000 33.718815 14.000000
v 114.000000 33.718117 14.000000
v 116.000000 33.814484 14.000000
v 118.000000 34.000000 13.696234
v 117.054771 34.000000 14.000000
v 120.000000 34.000000 13.966405
v 120.119438 34.000000 14.000000
v 122.000000 33.680286 14.000000
v 124.000000 33.487804 14.000000
v 126.000000 34.000000 13.048835
v 124.936920 34.000000 14.000000
v 128.000000 34.000000 12.240256
v 130.000000 34.000000 12.211506
v 132.000000 34.000000 13.285341
v 134.000000 34.000000 12.574251
v 32.000000 36.000000 13.759439
v 34.000000 36.000000 13.694578
v 40.000000 36.000000 12.273432
v 42.000000 36.000000 13.356310
v 43.987736 36.000000 14.000000
v 44.000000 35.998096 14.000000
v 46.000000 35.830437 14.000000
v 48.000000 35.707928 14.000000
v 50.000000 35.906834 14.000000
v 52.000000 35.102581 14.000000
v 54.000000 34.299236 14.000000
v 56.000000 34.567940 14.000000
v 58.000000 34.949249 14.000000
v 60.000000 35.128925 14.000000
v 62.000000 35.145950 14.000000
v 64.000000 35.247162 14.000000
v 66.000000 35.229992 14.000000
v 68.000000 34.746124 14.000000
v 118.000000 34.100533 14.000000
v 120.000000 34.013050 14.000000
v 126.000000 34.334358 14.000000
v 128.000000 34.683735 14.000000
v 130.000000 34.796043 14.000000
v 132.000000 34.282623 14.000000
v 134.000000 34.573437 14.000000
v 136.000000 35.116802 14.000000
v 138.000000 35.362892 14.000000
v 140.000000 35.704105 14.000000
v 142.000000 35.822121 14.000000
v 144.000000 35.978622 14.000000
v 146.000000 36.000000 13.682795
v 144.401917 36.000000 14.000000
v 148.000000 36.000000 12.710922
v 150.000000 36.000000 12.087144
v 156.000000 36.000000 12.091165
v 16.000000 38.000000 13.240108
v 18.000000 38.000000 13.321179
v 20.000000 38.000000 12.069507
v 24.000000 38.000000 12.192176
v 26.000000 38.000000 12.204949
v 28.000000 38.000000 12.282387
v 30.000000 38.000000 13.214903
v 30.629747 38.000000 14.000000
v 32.000000 36.241112 14.000000
v 34.000000 36.339439 14.000000
v 36.000000 38.000000 13.754633
v 35.708508 38.000000 14.000000
v 38.000000 38.000000 13.644477
v 39.343582 38.000000 14.000000
v 40.000000 37.828094 14.000000
v 42.000000 36.629459 14.000000
v 146.000000 36.260979 14.000000
v 148.000000 37.050415 14.000000
v 150.000000 37.855343 14.000000
v 152.000000 37.932606 14.000000
v 154.000000 37.855453 14.000000
v 156.000000 38.000000 13.846636
v 155.119827 38.000000 14.000000
v 158.000000 38.000000 13.221883
v 160.000000 38.000000 12.178027
v 162.000000 38.000000 12.534746
v 164.000000 38.000000 12.422624
v 16.000000 40.000000 12.657430
v 18.000000 40.000000 12.589714
v 26.000000 40.000000 12.167120
v 30.000000 40.000000 12.574337
v 31.106337 40.000000 14.000000
v 36.000000 40.000000 13.579169
v 35.553158 40.000000 14.000000
v 38.000000 40.000000 13.641489
v 38.910851 40.000000 14.000000
v 150.000000 40.000000 12.690106
v 148.004944 40.000000 14.000000
v 150.000000 38.205540 14.000000
v 152.000000 38.107849 14.000000
v 152.000000 40.000000 12.584337
v 154.000000 38.259594 14.000000
v 154.000000 40.000000 12.790709
v 156.000000 40.000000 12.540078
v 16.000000 42.000000 12.306515
v 18.000000 42.000000 12.590261
v 30.000000 42.000000 12.624033
v 30.903179 42.000000 14.000000
v 36.000000 41.059181 14.000000
v 38.000000 42.000000 13.636596
v 37.012337 42.000000 14.000000
v 39.065559 42.000000 14.000000
v 140.000000 42.000000 13.650210
v 139.170944 42.000000 14.000000
v 140.000000 41.356754 14.000000
v 142.000000 41.896194 14.000000
v 142.000000 42.000000 13.939237
v 144.000000 41.766197 14.000000
v 144.000000 42.000000 13.850694
v 144.355133 42.000000 14.000000
v 148.000000 42.000000 13.863395
v 147.688431 42.000000 14.000000
v 148.000000 40.054428 14.000000
v 150.000000 42.000000 12.339393
v 154.000000 42.000000 12.974193
v 156.000000 42.000000 12.816000
v 2.000000 44.000000 12.481050
v 10.000000 44.000000 12.468927
v 12.000000 44.000000 12.669876
v 14.000000 44.000000 13.436930
v 14.479987 44.000000 14.000000
v 16.000000 43.019333 14.000000
v 18.000000 42.816090 14.000000
v 20.000000 43.863216 14.000000
v 22.000000 43.850632 14.000000
v 24.000000 43.424454 14.000000
v 26.000000 43.383583 14.000000
v 28.000000 43.482063 14.000000
v 30.000000 42.773834 14.000000
v 38.000000 42.186634 14.000000
v 140.000000 42.496929 14.000000
v 142.000000 42.056786 14.000000
v 144.000000 42.137978 14.000000
v 148.000000 42.213242 14.000000
v 150.000000 44.000000 13.874628
v 149.801880 44.000000 14.000000
v 152.000000 44.000000 13.512690
v 152.966431 44.000000 14.000000
v 154.000000 43.384102 14.000000
v 156.000000 43.284233 14.000000
v 158.000000 44.000000 13.109149
v 156.865753 44.000000 14.000000
v 160.000000 44.000000 12.003334
v 2.000000 44.893536 14.000000
v 0.000000 45.800785 14.000000
v 4.000000 45.171371 14.000000
v 6.000000 46.000000 13.674639
v 5.714564 46.000000 14.000000
v 6.714447 46.000000 14.000000
v 8.000000 45.728542 14.000000
v 10.000000 44.888680 14.000000
v 12.000000 44.845730 14.000000
v 14.000000 44.311882 14.000000
v 150.000000 44.149601 14.000000
v 152.000000 44.576874 14.000000
v 158.000000 45.607971 14.000000
v 160.000000 46.000000 13.846203
v 159.163727 46.000000 14.000000
v 162.000000 46.000000 13.640428
v 164.000000 46.000000 13.674467
v 166.000000 46.000000 12.512071
v 184.000000 46.000000 12.219029
v 342.000000 46.000000 12.116508
v 344.000000 46.000000 12.165643
v 346.000000 46.000000 12.690224
v 348.000000 46.000000 13.728631
v 350.000000 46.000000 12.688573
v 352.000000 46.000000 12.354763
v 354.000000 46.000000 13.341883
v 356.000000 46.000000 13.945307
v 358.000000 46.000000 13.905576
v 358.352692 46.000000 14.000000
v 360.000000 45.800785 14.000000
v 6.000000 46.310486 14.000000
v 160.000000 46.231373 14.000000
v 162.000000 46.511490 14.000000
v 164.000000 46.378727 14.000000
v 166.000000 47.654209 14.000000
v 168.000000 48.000000 13.403142
v 166.801300 48.000000 14.000000
v 170.000000 48.000000 13.360159
v 172.000000 48.000000 12.274221
v 176.000000 48.000000 12.329105
v 178.000000 48.000000 12.697528
v 180.000000 48.000000 12.768920
v 182.000000 48.000000 13.196152
v 184.000000 48.000000 13.504231
v 186.000000 48.000000 13.277587
v 188.000000 48.000000 12.628510
v 190.000000 48.000000 12.616015
v 192.000000 48.000000 13.097088
v 194.000000 48.000000 13.347106
v 196.000000 48.000000 12.621211
v 198.000000 48.000000 12.218433
v 200.000000 48.000000 12.514809
v 202.000000 48.000000 12.190295
v 206.000000 48.000000 12.157848
v 208.000000 48.000000 12.644777
v 210.000000 48.000000 13.013880
v 212.000000 48.000000 12.825225
v 214.000000 48.000000 12.866955
v 216.000000 48.000000 12.842374
v 218.000000 48.000000 12.902909
v 220.000000 48.000000 13.287374
v 222.000000 48.000000 13.046898
v 224.000000 48.000000 13.189614
v 226.000000 48.000000 13.212252
v 228.000000 48.000000 13.169505
v 230.000000 48.000000 12.942851
v 232.000000 48.000000 12.388409
v 238.000000 48.000000 12.480082
v 240.000000 48.000000 12.758051
v 242.000000 48.000000 12.039981
v 250.000000 48.000000 12.009199
v 252.000000 48.000000 12.062415
v 306.000000 48.000000 12.281539
v 314.000000 48.000000 12.870531
v 316.000000 48.000000 13.580420
v 318.000000 48.000000 12.712454
v 326.000000 48.000000 12.148552
v 330.000000 48.000000 12.269325
v 332.000000 48.000000 12.916429
v 334.000000 48.000000 12.973694
v 336.000000 48.000000 12.348940
v 338.000000 48.000000 12.541381
v 340.000000 48.000000 13.318688
v 342.000000 48.000000 13.836815
v 344.000000 48.000000 13.900029
v 344.277466 48.000000 14.000000
v 346.000000 47.367477 14.000000
v 348.000000 46.312260 14.000000
v 350.000000 47.658897 14.000000
v 352.000000 48.000000 13.902761
v 351.513031 48.000000 14.000000
v 352.144226 48.000000 14.000000
v 354.000000 46.659306 14.000000
v 356.000000 46.049854 14.000000
v 358.000000 46.095474 14.000000
v 168.000000 50.000000 13.805831
v 167.625046 50.000000 14.000000
v 169.322845 50.000000 14.000000
v 170.000000 49.730732 14.000000
v 172.000000 50.000000 13.143661
v 170.196060 50.000000 14.000000
v 174.000000 50.000000 12.070065
v 176.000000 50.000000 12.463284
v 178.000000 50.000000 13.131882
v 180.000000 50.000000 13.483186
v 181.662857 50.000000 14.000000
v 182.000000 49.772579 14.000000
v 184.000000 48.889454 14.000000
v 186.000000 49.175678 14.000000
v 188.000000 50.000000 13.217355
v 186.786896 50.000000 14.000000
v 190.000000 50.000000 13.201148
v 192.000000 50.000000 13.708159
v 192.949921 50.000000 14.000000
v 194.000000 49.353146 14.000000
v 196.000000 50.000000 13.745727
v 195.161438 50.000000 14.000000
v 198.000000 50.000000 13.338563
v 200.000000 50.000000 13.479892
v 202.000000 50.000000 13.120328
v 204.000000 50.000000 12.681296
v 206.000000 50.000000 12.890078
v 208.000000 50.000000 13.295158
v 210.000000 50.000000 13.911976
v 212.000000 50.000000 13.621894
v 214.000000 50.000000 13.589405
v 216.000000 50.000000 13.789506
v 217.583771 50.000000 14.000000
v 218.000000 49.908222 14.000000
v 220.000000 49.840149 14.000000
v 222.000000 50.000000 13.539173
v 220.244278 50.000000 14.000000
v 224.000000 50.000000 13.573601
v 226.000000 50.000000 13.545414
v 228.000000 50.000000 13.622071
v 230.000000 50.000000 13.594914
v 232.000000 50.000000 13.202671
v 234.000000 50.000000 12.734908
v 236.000000 50.000000 12.870370
v 238.000000 50.000000 13.413410
v 240.000000 50.000000 13.205068
v 242.000000 50.000000 13.204649
v 244.000000 50.000000 13.115040
v 246.000000 50.000000 12.851421
v 248.000000 50.000000 12.760539
v 250.000000 50.000000 12.648949
v 252.000000 50.000000 12.855953
v 254.000000 50.000000 12.650853
v 256.000000 50.000000 12.201023
v 260.000000 50.000000 12.326108
v 262.000000 50.000000 12.121365
v 268.000000 50.000000 12.193740
v 270.000000 50.000000 12.144914
v 272.000000 50.000000 12.316462
v 274.000000 50.000000 12.574764
v 276.000000 50.000000 12.491945
v 278.000000 50.000000 12.064276
v 280.000000 50.000000 12.140505
v 282.000000 50.000000 12.490603
v 284.000000 50.000000 12.101161
v 290.000000 50.000000 12.070800
v 300.000000 50.000000 12.229963
v 302.000000 50.000000 12.173579
v 304.000000 50.000000 13.025762
v 306.000000 50.000000 13.849636
v 308.000000 50.000000 13.390270
v 310.000000 50.000000 12.472625
v 312.000000 50.000000 13.418819
v 312.575378 50.000000 14.000000
v 314.000000 48.896877 14.000000
v 316.000000 48.441757 14.000000
v 318.000000 49.885929 14.000000
v 320.000000 50.000000 12.779207
v 318.128479 50.000000 14.000000
v 322.000000 50.000000 12.530049
v 324.000000 50.000000 13.388916
v 326.000000 50.000000 13.815100
v 328.000000 50.000000 13.460597
v 330.000000 50.000000 13.651635
v 330.805054 50.000000 14.000000
v 332.000000 49.385532 14.000000
v 334.000000 49.142891 14.000000
v 336.000000 50.000000 13.768984
v 335.553040 50.000000 14.000000
v 338.000000 50.000000 13.857334
v 338.261627 50.000000 14.000000
v 340.000000 48.893044 14.000000
v 342.000000 48.185982 14.000000
v 344.000000 48.107521 14.000000
v 352.000000 48.116177 14.000000
v 168.000000 50.578979 14.000000
v 172.000000 51.606167 14.000000
v 174.000000 52.000000 13.327305
v 172.484528 52.000000 14.000000
v 176.000000 52.000000 13.693380
v 177.042450 52.000000 14.000000
v 178.000000 51.530136 14.000000
v 180.000000 51.452118 14.000000
v 188.000000 51.054714 14.000000
v 190.000000 51.038853 14.000000
v 192.000000 50.434269 14.000000
v 196.000000 50.287823 14.000000
v 198.000000 50.749485 14.000000
v 200.000000 50.653233 14.000000
v 202.000000 51.278229 14.000000
v 204.000000 51.989952 14.000000
v 206.000000 51.467323 14.000000
v 208.000000 50.926361 14.000000
v 210.000000 50.142113 14.000000
v 212.000000 50.764465 14.000000
v 214.000000 50.714622 14.000000
v 216.000000 50.230835 14.000000
v 222.000000 50.627132 14.000000
v 224.000000 50.667179 14.000000
v 226.000000 50.561783 14.000000
v 228.000000 50.435444 14.000000
v 230.000000 50.450806 14.000000
v 232.000000 50.724308 14.000000
v 234.000000 51.229019 14.000000
v 236.000000 51.039982 14.000000
v 238.000000 50.582630 14.000000
v 240.000000 50.858482 14.000000
v 242.000000 50.884819 14.000000
v 244.000000 51.113537 14.000000
v 246.000000 51.322948 14.000000
v 248.000000 51.565491 14.000000
v 250.000000 51.635021 14.000000
v 252.000000 51.190758 14.000000
v 254.000000 51.427578 14.000000
v 256.000000 52.000000 13.579201
v 255.119980 52.000000 14.000000
v 258.000000 52.000000 13.530047
v 259.957397 52.000000 14.000000
v 260.000000 51.989048 14.000000
v 262.000000 52.000000 13.507211
v 260.044373 52.000000 14.000000
v 264.000000 52.000000 12.635717
v 266.000000 52.000000 13.427604
v 267.563019 52.000000 14.000000
v 268.000000 51.856144 14.000000
v 270.000000 52.000000 13.527379
v 268.529999 52.000000 14.000000
v 272.000000 52.000000 13.353112
v 273.948212 52.000000 14.000000
v 274.000000 51.976654 14.000000
v 276.000000 52.000000 13.930724
v 274.456879 52.000000 14.000000
v 278.000000 52.000000 13.581194
v 279.529694 52.000000 14.000000
v 280.000000 51.890015 14.000000
v 282.000000 51.790588 14.000000
v 284.000000 52.000000 13.543608
v 282.573212 52.000000 14.000000
v 286.000000 52.000000 13.146901
v 288.000000 52.000000 13.735390
v 290.000000 52.000000 13.750951
v 292.000000 52.000000 13.207699
v 294.000000 52.000000 12.608249
v 296.000000 52.000000 13.206232
v 297.725311 52.000000 14.000000
v 298.000000 51.893711 14.000000
v 300.000000 51.951202 14.000000
v 302.000000 52.000000 13.694464
v 300.284973 52.000000 14.000000
v 302.831451 52.000000 14.000000
v 304.000000 51.402771 14.000000
v 306.000000 50.205498 14.000000
v 308.000000 50.771152 14.000000
v 310.000000 51.576122 14.000000
v 312.000000 50.548203 14.000000
v 320.000000 51.003403 14.000000
v 322.000000 51.146595 14.000000
v 324.000000 50.424587 14.000000
v 326.000000 50.134045 14.000000
v 328.000000 50.360779 14.000000
v 330.000000 50.252018 14.000000
v 336.000000 50.209476 14.000000
v 338.000000 50.135818 14.000000
v 174.000000 52.540836 14.000000
v 176.000000 52.220032 14.000000
v 256.000000 52.297764 14.000000
v 258.000000 52.326359 14.000000
v 262.000000 52.303829 14.000000
v 264.000000 52.897205 14.000000
v 266.000000 52.459808 14.000000
v 270.000000 52.310669 14.000000
v 272.000000 52.446854 14.000000
v 276.000000 52.041828 14.000000
v 278.000000 52.285786 14.000000
v 284.000000 52.332737 14.000000
v 286.000000 52.635887 14.000000
v 288.000000 52.204506 14.000000
v 290.000000 52.189964 14.000000
v 292.000000 52.561764 14.000000
v 294.000000 52.994923 14.000000
v 296.000000 52.572006 14.000000
v 302.000000 52.227047 14.000000
v 92.000000 102.000000 12.550639
v 90.609940 102.000000 14.000000
v 92.000000 101.094292 14.000000
v 94.000000 100.764977 14.000000
v 94.000000 102.000000 12.415027
v 96.000000 101.221321 14.000000
v 96.000000 102.000000 12.879199
v 98.000000 101.811668 14.000000
v 98.000000 102.000000 13.661252
v 100.000000 101.871170 14.000000
v 100.000000 102.000000 13.820507
v 100.301849 102.000000 14.000000
v 90.000000 104.000000 13.710807
v 89.275536 104.000000 14.000000
v 90.000000 103.427246 14.000000
v 92.000000 104.000000 12.710207
v 94.000000 104.000000 12.507132
v 96.000000 104.000000 12.490232
v 98.000000 104.000000 13.173501
v 100.000000 104.000000 13.206528
v 102.000000 103.878227 14.000000
v 102.000000 104.000000 13.932690
v 102.109108 104.000000 14.000000
v 90.000000 106.000000 13.646918
v 88.622269 106.000000 14.000000
v 92.000000 106.000000 12.915898
v 94.000000 106.000000 12.337879
v 96.000000 106.000000 12.635137
v 98.000000 106.000000 13.715536
v 100.000000 106.000000 13.491768
v 102.000000 106.000000 13.528872
v 102.670052 106.000000 14.000000
v 86.000000 108.000000 13.872232
v 85.756210 108.000000 14.000000
v 86.000000 107.803780 14.000000
v 88.000000 106.221298 14.000000
v 88.000000 108.000000 12.972692
v 90.000000 108.000000 12.283005
v 98.000000 108.000000 12.593851
v 100.000000 108.000000 12.395411
v 102.000000 108.000000 12.353150
v 104.000000 107.125275 14.000000
v 104.000000 108.000000 13.236792
v 106.000000 107.215706 14.000000
v 106.000000 108.000000 13.254486
v 108.000000 106.752090 14.000000
v 108.000000 108.000000 12.916456
v 110.000000 107.411659 14.000000
v 110.000000 108.000000 13.454915
v 110.701569 108.000000 14.000000
v 64.000000 110.000000 13.849352
v 63.825516 110.000000 14.000000
v 64.000000 109.914215 14.000000
v 66.000000 109.510315 14.000000
v 66.000000 110.000000 13.202107
v 68.000000 109.836555 14.000000
v 68.000000 110.000000 13.719923
v 70.000000 109.689613 14.000000
v 70.000000 110.000000 13.413872
v 72.000000 109.108650 14.000000
v 72.000000 110.000000 12.426626
v 74.000000 108.987404 14.000000
v 74.000000 110.000000 12.321496
v 76.000000 109.284966 14.000000
v 76.000000 110.000000 12.817839
v 78.000000 108.824013 14.000000
v 78.000000 110.000000 12.050917
v 80.000000 108.020020 14.000000
v 82.000000 108.416000 14.000000
v 84.000000 108.460449 14.000000
v 112.000000 108.631798 14.000000
v 114.000000 108.934570 14.000000
v 114.000000 110.000000 12.062759
v 116.000000 109.416069 14.000000
v 116.000000 110.000000 13.005939
v 118.000000 109.892624 14.000000
v 118.000000 110.000000 13.814644
v 120.000000 109.963303 14.000000
v 120.000000 110.000000 13.932686
v 122.000000 109.947784 14.000000
v 122.000000 110.000000 13.910742
v 124.000000 109.914894 14.000000
v 124.000000 110.000000 13.877137
v 124.175095 110.000000 14.000000
v 58.000000 112.000000 13.375612
v 56.066399 112.000000 14.000000
v 58.000000 111.591545 14.000000
v 60.000000 111.435371 14.000000
v 60.000000 112.000000 13.108082
v 62.000000 111.101173 14.000000
v 62.000000 112.000000 12.761940
v 124.000000 112.000000 13.164318
v 126.000000 111.918137 14.000000
v 126.000000 112.000000 13.944800
v 126.191704 112.000000 14.000000
v 56.000000 114.000000 12.986441
v 54.699738 114.000000 14.000000
v 56.000000 112.035889 14.000000
v 58.000000 114.000000 12.574421
v 60.000000 114.000000 12.196874
v 124.000000 114.000000 12.389004
v 126.000000 114.000000 12.494421
v 128.000000 112.467728 14.000000
v 128.000000 114.000000 12.510114
v 130.000000 113.751198 14.000000
v 130.000000 114.000000 13.748570
v 130.368774 114.000000 14.000000
v 26.000000 116.000000 13.924770
v 25.132128 116.000000 14.000000
v 26.000000 115.959465 14.000000
v 26.162264 116.000000 14.000000
v 38.000000 116.000000 13.891765
v 37.639103 116.000000 14.000000
v 38.000000 115.935852 14.000000
v 40.000000 115.574356 14.000000
v 40.000000 116.000000 13.186102
v 42.000000 115.336929 14.000000
v 42.000000 116.000000 12.651007
v 44.000000 114.956459 14.000000
v 46.000000 114.459167 14.000000
v 48.000000 114.246292 14.000000
v 50.000000 114.343277 14.000000
v 52.000000 114.509872 14.000000
v 54.000000 114.282730 14.000000
v 132.000000 114.654243 14.000000
v 134.000000 115.318535 14.000000
v 134.000000 116.000000 13.000715
v 136.000000 115.625298 14.000000
v 136.000000 116.000000 13.346014
v 138.000000 115.866028 14.000000
v 138.000000 116.000000 13.759674
v 140.000000 115.866379 14.000000
v 140.000000 116.000000 13.716625
v 141.082642 116.000000 14.000000
v 20.000000 118.000000 13.177216
v 19.021564 118.000000 14.000000
v 20.000000 117.592743 14.000000
v 22.000000 116.725601 14.000000
v 24.000000 116.043037 14.000000
v 28.000000 116.379227 14.000000
v 30.000000 116.836914 14.000000
v 32.000000 117.078476 14.000000
v 32.000000 118.000000 12.498528
v 34.000000 116.873764 14.000000
v 34.000000 118.000000 12.342280
v 36.000000 116.265709 14.000000
v 142.000000 116.121193 14.000000
v 144.000000 116.505959 14.000000
v 146.000000 116.859810 14.000000
v 146.000000 118.000000 12.359297
v 148.000000 117.275795 14.000000
v 148.000000 118.000000 12.782100
v 150.000000 117.603203 14.000000
v 150.000000 118.000000 13.106612
v 152.000000 117.305161 14.000000
v 152.000000 118.000000 12.381850
v 154.000000 116.973175 14.000000
v 156.000000 116.775528 14.000000
v 158.000000 117.331520 14.000000
v 158.000000 118.000000 12.492743
v 159.208313 118.000000 14.000000
v 20.000000 119.501511 14.000000
v 22.000000 120.000000 12.500651
v 20.283930 120.000000 14.000000
v 30.000000 120.000000 12.587022
v 32.000000 120.000000 13.003083
v 34.000000 120.000000 12.886929
v 36.000000 120.000000 12.350416
v 38.000000 120.000000 12.113863
v 144.000000 120.000000 12.454934
v 146.000000 120.000000 12.613166
v 148.000000 120.000000 12.763597
v 150.000000 120.000000 12.914170
v 152.000000 120.000000 12.429018
v 158.000000 120.000000 12.538631
v 159.395828 120.000000 14.000000
v 22.000000 122.000000 13.756865
v 21.764151 122.000000 14.000000
v 24.000000 122.000000 12.027057
v 28.000000 122.000000 13.330548
v 30.000000 122.000000 13.959931
v 31.776901 122.000000 14.000000
v 32.000000 121.990883 14.000000
v 34.000000 121.614021 14.000000
v 36.000000 121.951920 14.000000
v 38.000000 122.000000 13.479590
v 36.153564 122.000000 14.000000
v 40.000000 122.000000 12.508258
v 42.000000 122.000000 12.044322
v 44.000000 122.000000 12.134311
v 46.000000 122.000000 12.272018
v 134.000000 122.000000 12.110950
v 136.000000 122.000000 12.278707
v 138.000000 122.000000 12.085905
v 140.000000 122.000000 12.021565
v 142.000000 122.000000 12.618265
v 144.000000 122.000000 13.562776
v 146.000000 122.000000 13.442101
v 148.000000 122.000000 13.563663
v 150.000000 122.000000 13.488920
v 152.000000 122.000000 12.929475
v 158.000000 122.000000 12.900236
v 159.025146 122.000000 14.000000
v 6.000000 124.000000 13.820951
v 5.692290 124.000000 14.000000
v 6.000000 123.913460 14.000000
v 8.000000 123.683144 14.000000
v 8.000000 124.000000 13.407360
v 10.000000 123.946426 14.000000
v 10.000000 124.000000 13.911419
v 10.174260 124.000000 14.000000
v 20.000000 124.000000 12.811842
v 18.282881 124.000000 14.000000
v 20.000000 123.153358 14.000000
v 32.000000 122.003624 14.000000
v 34.000000 122.227005 14.000000
v 34.000000 124.000000 12.108499
v 36.000000 122.032303 14.000000
v 160.000000 122.652168 14.000000
v 160.000000 124.000000 12.128942
v 162.000000 123.954475 14.000000
v 162.000000 124.000000 13.940207
v 162.090149 124.000000 14.000000
v 170.000000 124.000000 13.039868
v 168.237305 124.000000 14.000000
v 170.000000 123.307510 14.000000
v 172.000000 122.594215 14.000000
v 172.000000 124.000000 12.106775
v 174.000000 122.616188 14.000000
v 176.000000 123.651939 14.000000
v 176.000000 124.000000 13.363288
v 177.285660 124.000000 14.000000
v 180.000000 124.000000 13.302838
v 178.687927 124.000000 14.000000
v 180.000000 123.581047 14.000000
v 182.000000 123.139824 14.000000
v 182.000000 124.000000 12.488585
v 184.000000 122.738998 14.000000
v 186.000000 122.507317 14.000000
v 188.000000 122.777985 14.000000
v 190.000000 123.754799 14.000000
v 190.000000 124.000000 13.551251
v 190.508911 124.000000 14.000000
v 200.000000 124.000000 13.727649
v 199.445724 124.000000 14.000000
v 200.000000 123.824554 14.000000
v 202.000000 123.033218 14.000000
v 202.000000 124.000000 12.495920
v 204.000000 123.222488 14.000000
v 204.000000 124.000000 12.736409
v 206.000000 123.844528 14.000000
v 206.000000 124.000000 13.740182
v 207.396286 124.000000 14.000000
v 232.000000 124.000000 13.921494
v 231.678848 124.000000 14.000000
v 232.000000 123.953262 14.000000
v 232.085419 124.000000 14.000000
v 246.000000 124.000000 13.659784
v 245.498825 124.000000 14.000000
v 246.000000 123.807259 14.000000
v 248.000000 123.360321 14.000000
v 248.000000 124.000000 12.961100
v 249.102615 124.000000 14.000000
v 262.000000 124.000000 13.291073
v 261.383881 124.000000 14.000000
v 262.000000 123.615646 14.000000
v 264.000000 123.636353 14.000000
v 264.000000 124.000000 13.284169
v 264.510773 124.000000 14.000000
v 276.000000 124.000000 13.698200
v 275.748322 124.000000 14.000000
v 276.000000 123.823326 14.000000
v 278.000000 123.619934 14.000000
v 278.000000 124.000000 13.327354
v 278.483887 124.000000 14.000000
v 354.000000 124.000000 12.859857
v 352.398010 124.000000 14.000000
v 354.000000 123.404106 14.000000
v 356.000000 123.529335 14.000000
v 356.000000 124.000000 13.087602
v 357.145874 124.000000 14.000000
v 2.000000 124.459007 14.000000
v 0.000000 124.471725 14.000000
v 4.000000 124.293648 14.000000
v 12.000000 124.288025 14.000000
v 14.000000 124.438957 14.000000
v 16.000000 124.256531 14.000000
v 18.000000 124.069313 14.000000
v 164.000000 124.537262 14.000000
v 166.000000 124.330040 14.000000
v 168.000000 124.052574 14.000000
v 178.000000 124.121307 14.000000
v 192.000000 124.613251 14.000000
v 194.000000 124.670082 14.000000
v 196.000000 124.493729 14.000000
v 198.000000 124.346794 14.000000
v 208.000000 124.044075 14.000000
v 210.000000 124.124130 14.000000
v 212.000000 124.516113 14.000000
v 214.000000 124.862656 14.000000
v 216.000000 124.594597 14.000000
v 218.000000 124.273918 14.000000
v 220.000000 124.085609 14.000000
v 222.000000 124.326843 14.000000
v 224.000000 125.407295 14.000000
v 224.000000 126.000000 12.968437
v 226.000000 125.736008 14.000000
v 226.000000 126.000000 13.514892
v 228.000000 125.029419 14.000000
v 228.000000 126.000000 12.121796
v 230.000000 124.158760 14.000000
v 234.000000 124.831512 14.000000
v 236.000000 125.188995 14.000000
v 236.000000 126.000000 12.339765
v 238.000000 124.953827 14.000000
v 240.000000 124.288857 14.000000
v 242.000000 124.185036 14.000000
v 244.000000 124.404915 14.000000
v 250.000000 124.373718 14.000000
v 252.000000 125.304459 14.000000
v 252.000000 126.000000 12.466550
v 254.000000 125.282829 14.000000
v 254.000000 126.000000 12.365949
v 256.000000 124.843277 14.000000
v 258.000000 124.927620 14.000000
v 260.000000 124.613388 14.000000
v 266.000000 124.770447 14.000000
v 268.000000 125.096138 14.000000
v 270.000000 124.760216 14.000000
v 272.000000 124.987709 14.000000
v 274.000000 124.841263 14.000000
v 280.000000 124.841698 14.000000
v 282.000000 125.465034 14.000000
v 282.000000 126.000000 12.660358
v 284.000000 125.428215 14.000000
v 284.000000 126.000000 12.729584
v 286.000000 125.578232 14.000000
v 286.000000 126.000000 13.217760
v 288.000000 125.737961 14.000000
v 288.000000 126.000000 13.476346
v 290.000000 125.054497 14.000000
v 290.000000 126.000000 12.081369
v 292.000000 124.367134 14.000000
v 294.000000 124.515587 14.000000
v 296.000000 124.971275 14.000000
v 298.000000 125.304276 14.000000
v 298.000000 126.000000 12.174615
v 300.000000 125.276741 14.000000
v 300.000000 126.000000 12.208416
v 302.000000 125.333221 14.000000
v 302.000000 126.000000 12.566928
v 304.000000 125.367622 14.000000
v 304.000000 126.000000 12.678338
v 306.000000 125.154594 14.000000
v 308.000000 125.078545 14.000000
v 310.000000 125.509216 14.000000
v 310.000000 126.000000 12.633080
v 311.384277 126.000000 14.000000
v 320.000000 126.000000 13.113039
v 318.509125 126.000000 14.000000
v 320.000000 125.616676 14.000000
v 322.000000 125.429939 14.000000
v 322.000000 126.000000 12.811692
v 324.000000 125.424065 14.000000
v 324.000000 126.000000 12.858763
v 326.000000 125.377075 14.000000
v 326.000000 126.000000 12.716790
v 328.000000 125.304169 14.000000
v 328.000000 126.000000 12.366839
v 330.000000 125.534058 14.000000
v 330.000000 126.000000 12.803761
v 332.000000 125.672562 14.000000
v 332.000000 126.000000 13.185628
v 334.000000 125.345940 14.000000
v 334.000000 126.000000 12.524038
v 336.000000 124.959335 14.000000
v 338.000000 124.984558 14.000000
v 340.000000 125.175583 14.000000
v 340.000000 126.000000 12.091127
v 342.000000 125.504601 14.000000
v 342.000000 126.000000 12.867269
v 344.000000 125.974655 14.000000
v 344.000000 126.000000 13.936597
v 346.000000 125.711052 14.000000
v 346.000000 126.000000 13.329914
v 348.000000 125.469421 14.000000
v 348.000000 126.000000 12.778881
v 350.000000 124.940727 14.000000
v 352.000000 124.085182 14.000000
v 358.000000 124.230995 14.000000
v 360.000000 124.471725 14.000000
v 312.000000 126.276573 14.000000
v 314.000000 126.832726 14.000000
v 314.000000 128.000000 12.896020
v 316.000000 126.877403 14.000000
v 316.000000 128.000000 12.857004
v 318.000000 126.185165 14.000000
v 314.000000 130.000000 13.202907
v 316.000000 130.000000 13.255743
v 344.000000 130.000000 12.599515
v 314.000000 132.000000 12.752827
v 316.000000 132.000000 12.849140
v 318.000000 132.000000 12.181402
v 342.000000 132.000000 12.067687
v 344.000000 132.000000 12.409351
v 346.000000 132.000000 12.116771
f 3 2 1
f 5 4 1
f 1 4 3
f 7 6 5
f 5 6 4
f 9 8 7
f 7 8 6
f 11 10 9
f 9 10 8
f 11 12 10
f 15 14 13
f 17 16 13
f 13 16 15
f 19 18 17
f 17 18 16
f 21 20 19
f 19 20 18
f 21 22 20
f 25 24 23
f 23 26 25
f 29 28 27
f 31 30 27
f 27 30 29
f 31 32 30
f 35 34 33
f 33 36 35
f 39 38 37
f 41 40 37
f 37 40 39
f 43 42 41
f 41 42 40
f 45 44 43
f 43 44 42
f 45 46 44
f 49 48 47
f 51 50 47
f 47 50 49
f 53 52 51
f 51 52 50
f 55 54 53
f 53 54 52
f 57 56 55
f 55 56 54
f 59 58 57
f 57 58 56
f 61 60 59
f 59 60 58
f 63 62 61
f 61 62 60
f 65 64 63
f 63 64 62
f 67 66 65
f 65 66 64
f 67 68 66
f 71 70 69
f 73 72 69
f 69 72 71
f 75 74 73
f 73 74 72
f 77 76 75
f 75 76 74
f 79 78 77
f 77 78 76
f 79 80 78
f 83 82 81
f 85 84 81
f 81 84 83
f 87 86 85
f 85 86 84
f 89 88 87
f 87 88 86
f 91 90 89
f 89 90 88
f 91 92 90
f 95 94 93
f 97 96 93
f 93 96 95
f 99 98 97
f 97 98 96
f 101 100 99
f 99 100 98
f 103 102 101
f 101 102 100
f 105 104 103
f 103 104 102
f 107 106 105
f 105 106 104
f 109 108 107
f 107 108 106
f 111 110 109
f 109 110 108
f 113 112 111
f 111 112 110
f 115 114 113
f 113 114 112
f 117 116 115
f 115 116 114
f 119 118 117
f 117 118 116
f 121 120 119
f 119 120 118
f 123 122 121
f 121 122 120
f 125 124 123
f 123 124 122
f 127 126 125
f 125 126 124
f 129 128 127
f 127 128 126
f 131 130 129
f 129 130 128
f 133 132 131
f 131 132 130
f 135 134 133
f 133 134 132
f 137 136 135
f 135 136 134
f 139 138 137
f 137 138 136
f 141 140 139
f 139 140 138
f 143 142 141
f 141 142 140
f 145 144 143
f 143 144 142
f 147 146 145
f 145 146 144
f 149 148 147
f 147 148 146
f 151 150 149
f 149 150 148
f 153 152 151
f 151 152 150
f 155 154 153
f 153 154 152
f 157 156 155
f 155 156 154
f 159 158 157
f 157 158 156
f 161 160 159
f 159 160 158
f 163 162 161
f 161 162 160
f 165 164 163
f 163 164 162
f 167 166 165
f 165 166 164
f 169 168 167
f 167 168 166
f 171 170 169
f 169 170 168
f 173 172 171
f 171 172 170
f 175 174 173
f 173 174 172
f 177 176 175
f 175 176 174
f 179 178 177
f 177 178 176
f 181 180 179
f 179 180 178
f 183 182 181
f 181 182 180
f 185 184 183
f 183 184 182
f 187 186 185
f 185 186 184
f 189 188 187
f 187 188 186
f 189 190 188
f 193 192 191
f 195 194 191
f 191 194 193
f 197 196 195
f 195 196 194
f 197 198 196
f 201 200 199
f 203 202 199
f 199 202 201
f 203 204 202
f 207 206 205
f 209 208 205
f 205 208 207
f 211 210 209
f 209 210 208
f 211 212 210
f 215 214 213
f 217 216 213
f 213 216 215
f 219 218 217
f 217 218 216
f 221 220 219
f 219 220 218
f 223 222 221
f 221 222 220
f 225 224 223
f 223 224 222
f 225 226 224
f 2 227 1
f 1 227 5
f 5 227 228
f 5 228 7
f 7 228 229
f 7 229 9
f 9 229 230
f 9 230 11
f 11 230 231
f 11 231 12
f 14 232 13
f 13 232 17
f 17 232 233
f 17 233 19
f 19 233 234
f 19 234 21
f 21 234 235
f 21 235 22
f 24 236 23
f 23 236 26
f 28 237 27
f 27 237 31
f 31 237 238
f 31 238 32
f 34 239 33
f 33 239 36
f 38 240 37
f 37 240 41
f 41 240 241
f 41 241 43
f 43 241 242
f 43 242 45
f 45 242 243
f 45 243 46
f 48 244 47
f 47 244 51
f 51 244 245
f 51 245 53
f 53 245 246
f 53 246 55
f 55 246 247
f 55 247 57
f 57 247 248
f 57 248 59
f 59 248 249
f 59 249 61
f 61 249 250
f 61 250 63
f 63 250 251
f 63 251 65
f 65 251 252
f 65 252 67
f 67 252 253
f 67 253 68
f 70 254 69
f 69 254 73
f 73 254 255
f 73 255 75
f 75 255 256
f 75 256 77
f 77 256 257
f 77 257 79
f 79 257 258
f 79 258 80
f 82 259 81
f 261 260 259
f 260 81 259
f 260 85 81
f 263 87 262
f 87 260 262
f 87 85 260
f 87 263 89
f 89 263 264
f 89 264 91
f 91 264 265
f 91 265 92
f 94 266 93
f 93 266 97
f 97 266 267
f 97 267 99
f 99 267 268
f 99 268 101
f 101 268 269
f 101 269 103
f 103 269 270
f 103 270 105
f 105 270 271
f 105 271 107
f 107 271 272
f 107 272 109
f 109 272 273
f 109 273 111
f 111 273 274
f 111 274 113
f 113 274 275
f 113 275 115
f 115 275 276
f 278 277 276
f 277 115 276
f 277 117 115
f 117 279 119
f 117 277 279
f 281 121 280
f 121 279 280
f 121 119 279
f 121 281 123
f 123 281 282
f 123 282 125
f 125 282 283
f 125 283 127
f 127 283 284
f 127 284 129
f 129 284 285
f 129 285 131
f 131 285 286
f 131 286 133
f 133 286 287
f 133 287 135
f 135 287 288
f 135 288 137
f 137 288 289
f 137 289 139
f 139 289 290
f 139 290 141
f 141 290 291
f 141 291 143
f 143 291 292
f 143 292 145
f 145 292 293
f 145 293 147
f 147 293 294
f 296 295 294
f 295 147 294
f 295 149 147
f 298 151 297
f 151 295 297
f 151 149 295
f 151 298 153
f 153 298 299
f 153 299 155
f 155 299 300
f 155 300 157
f 157 300 301
f 157 301 159
f 159 301 302
f 159 302 161
f 161 302 303
f 161 303 163
f 163 303 304
f 163 304 165
f 165 304 305
f 165 305 167
f 167 305 306
f 167 306 169
f 169 306 307
f 169 307 171
f 171 307 308
f 171 308 173
f 173 308 309
f 173 309 175
f 175 309 310
f 175 310 177
f 177 310 311
f 177 311 179
f 179 311 312
f 179 312 181
f 181 312 313
f 181 313 183
f 183 313 314
f 183 314 185
f 185 314 315
f 185 315 187
f 187 315 316
f 187 316 189
f 189 316 317
f 189 317 190
f 192 318 191
f 191 318 195
f 195 318 319
f 195 319 197
f 197 319 320
f 197 320 198
f 200 321 199
f 199 321 203
f 203 321 322
f 203 322 204
f 206 323 205
f 205 323 209
f 209 323 324
f 209 324 211
f 211 324 325
f 211 325 212
f 214 326 213
f 213 326 217
f 217 326 327
f 217 327 219
f 219 327 328
f 219 328 221
f 221 328 329
f 221 329 223
f 223 329 330
f 223 330 225
f 225 330 331
f 225 331 226
f 334 333 332
f 336 335 332
f 332 335 334
f 336 337 335
f 340 339 338
f 342 341 338
f 338 341 340
f 342 343 341
f 346 345 344
f 344 347 346
f 350 349 348
f 352 351 348
f 348 351 350
f 354 353 352
f 352 353 351
f 354 355 353
f 358 357 356
f 360 359 356
f 356 359 358
f 360 361 359
f 364 363 362
f 366 365 362
f 362 365 364
f 368 367 366
f 366 367 365
f 368 369 367
f 372 371 370
f 374 373 370
f 370 373 372
f 374 375 373
f 378 377 376
f 380 379 376
f 376 379 378
f 380 381 379
f 384 383 382
f 382 385 384
f 388 387 386
f 390 389 386
f 386 389 388
f 390 391 389
f 394 393 392
f 396 395 392
f 392 395 394
f 396 397 395
f 400 399 398
f 402 401 398
f 398 401 400
f 402 403 401
f 406 405 404
f 408 407 404
f 404 407 406
f 410 409 408
f 408 409 407
f 412 411 410
f 410 411 409
f 412 413 411
f 416 415 414
f 418 417 414
f 414 417 416
f 418 419 417
f 422 421 420
f 420 423 422
f 426 425 424
f 424 427 426
f 430 429 428
f 432 431 428
f 428 431 430
f 432 433 431
f 436 435 434
f 436 434 261
f 434 260 261
f 434 437 260
f 262 260 438
f 260 439 438
f 260 437 439
f 441 440 439
f 439 440 438
f 441 442 440
f 445 444 443
f 447 446 443
f 443 446 445
f 449 448 447
f 447 448 446
f 449 450 448
f 453 452 451
f 453 451 278
f 451 277 278
f 451 454 277
f 277 455 279
f 277 454 455
f 280 279 456
f 279 457 456
f 279 455 457
f 457 458 456
f 461 460 459
f 463 462 459
f 459 462 461
f 463 464 462
f 467 466 465
f 469 468 465
f 465 468 467
f 468 469 296
f 469 295 296
f 469 470 295
f 297 295 471
f 295 472 471
f 295 470 472
f 472 473 471
f 476 475 474
f 478 477 474
f 474 477 476
f 480 479 478
f 478 479 477
f 480 481 479
f 484 483 482
f 482 485 484
f 488 487 486
f 490 489 486
f 486 489 488
f 492 491 490
f 490 491 489
f 494 493 492
f 492 493 491
f 494 495 493
f 498 497 496
f 500 499 496
f 496 499 498
f 500 501 499
f 504 503 502
f 506 505 502
f 502 505 504
f 506 507 505
f 510 509 508
f 512 511 508
f 508 511 510
f 512 513 511
f 516 515 514
f 518 517 514
f 514 517 516
f 518 519 517
f 522 521 520
f 520 521 523
f 525 524 522
f 522 524 521
f 524 525 333
f 525 332 333
f 525 526 332
f 332 527 336
f 332 526 527
f 337 336 528
f 336 529 528
f 336 527 529
f 531 530 529
f 529 530 528
f 533 532 531
f 531 532 530
f 535 534 533
f 533 534 532
f 537 536 535
f 535 536 534
f 539 538 537
f 537 538 536
f 538 539 339
f 539 338 339
f 539 540 338
f 338 541 342
f 338 540 541
f 343 342 542
f 342 543 542
f 342 541 543
f 545 544 543
f 543 544 542
f 544 545 345
f 545 344 345
f 545 546 344
f 347 344 547
f 344 548 547
f 344 546 548
f 550 549 548
f 548 549 547
f 552 551 550
f 550 551 549
f 554 553 552
f 552 553 551
f 553 554 349
f 554 348 349
f 554 555 348
f 348 556 352
f 348 555 556
f 352 557 354
f 352 556 557
f 355 354 558
f 354 559 558
f 354 557 559
f 561 560 559
f 559 560 558
f 563 562 561
f 561 562 560
f 565 564 563
f 563 564 562
f 567 566 565
f 565 566 564
f 569 568 567
f 567 568 566
f 571 570 569
f 569 570 568
f 570 571 357
f 571 356 357
f 571 572 356
f 356 573 360
f 356 572 573
f 361 360 574
f 360 575 574
f 360 573 575
f 574 575 363
f 575 362 363
f 575 576 362
f 362 577 366
f 362 576 577
f 366 578 368
f 366 577 578
f 369 368 579
f 368 580 579
f 368 578 580
f 582 581 580
f 580 581 579
f 584 583 582
f 582 583 581
f 586 585 584
f 584 585 583
f 588 587 586
f 586 587 585
f 587 588 371
f 588 370 371
f 588 589 370
f 370 590 374
f 370 589 590
f 375 374 591
f 374 592 591
f 374 590 592
f 594 593 592
f 592 593 591
f 596 595 594
f 594 595 593
f 598 597 596
f 596 597 595
f 600 599 598
f 598 599 597
f 599 600 377
f 600 376 377
f 600 601 376
f 376 602 380
f 376 601 602
f 381 380 603
f 380 604 603
f 380 602 604
f 606 605 604
f 604 605 603
f 605 606 383
f 606 382 383
f 606 607 382
f 385 382 608
f 382 609 608
f 382 607 609
f 611 610 609
f 609 610 608
f 613 612 611
f 611 612 610
f 612 613 387
f 613 386 387
f 613 614 386
f 386 615 390
f 386 614 615
f 391 390 616
f 390 617 616
f 390 615 617
f 619 618 617
f 617 618 616
f 621 620 619
f 619 620 618
f 623 622 621
f 621 622 620
f 625 624 623
f 623 624 622
f 627 626 625
f 625 626 624
f 626 627 393
f 627 392 393
f 627 628 392
f 392 629 396
f 392 628 629
f 397 396 630
f 396 631 630
f 396 629 631
f 633 632 631
f 631 632 630
f 635 634 633
f 633 634 632
f 637 636 635
f 635 636 634
f 636 637 399
f 637 398 399
f 637 638 398
f 398 639 402
f 398 638 639
f 403 402 640
f 402 641 640
f 402 639 641
f 643 642 641
f 641 642 640
f 645 644 643
f 643 644 642
f 644 645 405
f 645 404 405
f 645 646 404
f 404 647 408
f 404 646 647
f 408 648 410
f 408 647 648
f 410 649 412
f 410 648 649
f 413 412 650
f 412 651 650
f 412 649 651
f 653 652 651
f 651 652 650
f 652 653 415
f 653 414 415
f 653 654 414
f 414 655 418
f 414 654 655
f 419 418 656
f 418 657 656
f 418 655 657
f 659 658 657
f 657 658 656
f 661 660 659
f 659 660 658
f 660 661 421
f 661 420 421
f 661 662 420
f 423 420 663
f 420 664 663
f 420 662 664
f 666 665 664
f 664 665 663
f 665 666 425
f 666 424 425
f 666 667 424
f 427 424 668
f 424 669 668
f 424 667 669
f 671 670 669
f 669 670 668
f 673 672 671
f 671 672 670
f 675 674 673
f 673 674 672
f 677 676 675
f 675 676 674
f 679 678 677
f 677 678 676
f 678 679 429
f 679 428 429
f 679 680 428
f 428 681 432
f 428 680 681
f 433 432 682
f 432 683 682
f 432 681 683
f 685 684 683
f 683 684 682
f 687 686 685
f 685 686 684
f 686 687 435
f 687 434 435
f 687 688 434
f 434 689 437
f 434 688 689
f 437 690 439
f 437 689 690
f 439 691 441
f 439 690 691
f 442 441 692
f 441 693 692
f 441 691 693
f 695 694 693
f 693 694 692
f 697 696 695
f 695 696 694
f 699 698 697
f 697 698 696
f 701 700 699
f 699 700 698
f 703 702 701
f 701 702 700
f 705 704 703
f 703 704 702
f 704 705 444
f 705 443 444
f 705 706 443
f 443 707 447
f 443 706 707
f 447 708 449
f 447 707 708
f 450 449 709
f 449 710 709
f 449 708 710
f 712 711 710
f 710 711 709
f 714 713 712
f 712 713 711
f 716 715 714
f 714 715 713
f 718 717 716
f 716 717 715
f 720 719 718
f 718 719 717
f 719 720 452
f 720 451 452
f 720 721 451
f 451 722 454
f 451 721 722
f 454 723 455
f 454 722 723
f 455 724 457
f 455 723 724
f 458 457 725
f 457 726 725
f 457 724 726
f 728 727 726
f 726 727 725
f 727 728 460
f 728 459 460
f 728 729 459
f 459 730 463
f 459 729 730
f 464 463 731
f 463 732 731
f 463 730 732
f 734 733 732
f 732 733 731
f 736 735 734
f 734 735 733
f 738 737 736
f 736 737 735
f 740 739 738
f 738 739 737
f 742 741 740
f 740 741 739
f 744 743 742
f 742 743 741
f 743 744 466
f 744 465 466
f 744 745 465
f 465 746 469
f 465 745 746
f 469 747 470
f 469 746 747
f 470 748 472
f 470 747 748
f 473 472 749
f 472 750 749
f 472 748 750
f 749 750 475
f 750 474 475
f 750 751 474
f 474 752 478
f 474 751 752
f 478 753 480
f 478 752 753
f 481 480 754
f 480 755 754
f 480 753 755
f 757 756 755
f 755 756 754
f 759 758 757
f 757 758 756
f 761 760 759
f 759 760 758
f 760 761 483
f 761 482 483
f 761 762 482
f 485 482 763
f 482 764 763
f 482 762 764
f 766 765 764
f 764 765 763
f 768 767 766
f 766 767 765
f 770 769 768
f 768 769 767
f 772 771 770
f 770 771 769
f 774 773 772
f 772 773 771
f 776 775 774
f 774 775 773
f 775 776 487
f 776 486 487
f 776 777 486
f 486 778 490
f 486 777 778
f 490 779 492
f 490 778 779
f 492 780 494
f 492 779 780
f 495 494 781
f 494 782 781
f 494 780 782
f 784 783 782
f 782 783 781
f 786 785 784
f 784 785 783
f 788 787 786
f 786 787 785
f 790 789 788
f 788 789 787
f 789 790 497
f 790 496 497
f 790 791 496
f 496 792 500
f 496 791 792
f 501 500 793
f 500 794 793
f 500 792 794
f 793 794 503
f 794 502 503
f 794 795 502
f 502 796 506
f 502 795 796
f 507 506 797
f 506 798 797
f 506 796 798
f 800 799 798
f 798 799 797
f 802 801 800
f 800 801 799
f 801 802 509
f 802 508 509
f 802 803 508
f 508 804 512
f 508 803 804
f 513 512 805
f 512 806 805
f 512 804 806
f 805 806 515
f 806 514 515
f 806 807 514
f 514 808 518
f 514 807 808
f 519 518 809
f 518 810 809
f 518 808 810
f 812 811 810
f 810 811 809
f 814 813 812
f 812 813 811
f 520 815 522
f 522 815 816
f 522 816 525
f 525 816 817
f 525 817 526
f 526 817 818
f 526 818 527
f 527 818 819
f 527 819 529
f 529 819 820
f 529 820 531
f 531 820 821
f 531 821 533
f 533 821 822
f 533 822 535
f 535 822 823
f 535 823 537
f 537 823 824
f 537 824 539
f 539 824 825
f 539 825 540
f 540 825 826
f 540 826 541
f 541 826 827
f 541 827 543
f 543 827 828
f 543 828 545
f 545 828 829
f 545 829 546
f 546 829 830
f 546 830 548
f 548 830 831
f 548 831 550
f 550 831 832
f 550 832 552
f 552 832 833
f 552 833 554
f 554 833 834
f 554 834 555
f 555 834 835
f 555 835 556
f 556 835 836
f 556 836 557
f 557 836 837
f 557 837 559
f 559 837 838
f 559 838 561
f 561 838 839
f 561 839 563
f 563 839 840
f 563 840 565
f 565 840 841
f 565 841 567
f 567 841 842
f 567 842 569
f 569 842 843
f 569 843 571
f 571 843 844
f 571 844 572
f 572 844 845
f 572 845 573
f 573 845 846
f 573 846 575
f 575 846 847
f 575 847 576
f 576 847 848
f 576 848 577
f 577 848 849
f 577 849 578
f 578 849 850
f 578 850 580
f 580 850 851
f 580 851 582
f 582 851 852
f 582 852 584
f 584 852 853
f 584 853 586
f 586 853 854
f 586 854 588
f 588 854 855
f 588 855 589
f 589 855 856
f 589 856 590
f 590 856 857
f 590 857 592
f 592 857 858
f 592 858 594
f 594 858 859
f 594 859 596
f 596 859 860
f 596 860 598
f 598 860 861
f 598 861 600
f 600 861 862
f 600 862 601
f 601 862 863
f 601 863 602
f 602 863 864
f 602 864 604
f 604 864 865
f 604 865 606
f 606 865 866
f 606 866 607
f 607 866 867
f 607 867 609
f 609 867 868
f 609 868 611
f 611 868 869
f 611 869 613
f 613 869 870
f 613 870 614
f 614 870 871
f 614 871 615
f 615 871 872
f 615 872 617
f 617 872 873
f 617 873 619
f 619 873 874
f 619 874 621
f 621 874 875
f 621 875 623
f 623 875 876
f 623 876 625
f 625 876 877
f 625 877 627
f 627 877 878
f 627 878 628
f 628 878 879
f 628 879 629
f 629 879 880
f 629 880 631
f 631 880 881
f 631 881 633
f 633 881 882
f 633 882 635
f 635 882 883
f 635 883 637
f 637 883 884
f 637 884 638
f 638 884 885
f 638 885 639
f 639 885 886
f 639 886 641
f 641 886 887
f 641 887 643
f 643 887 888
f 643 888 645
f 645 888 889
f 645 889 646
f 646 889 890
f 646 890 647
f 647 890 891
f 647 891 648
f 648 891 892
f 648 892 649
f 649 892 893
f 649 893 651
f 651 893 894
f 651 894 653
f 653 894 895
f 653 895 654
f 654 895 896
f 654 896 655
f 655 896 897
f 655 897 657
f 657 897 898
f 657 898 659
f 659 898 899
f 659 899 661
f 661 899 900
f 661 900 662
f 662 900 901
f 662 901 664
f 664 901 902
f 664 902 666
f 666 902 903
f 666 903 667
f 667 903 904
f 667 904 669
f 669 904 905
f 669 905 671
f 671 905 906
f 671 906 673
f 673 906 907
f 673 907 675
f 675 907 908
f 675 908 677
f 677 908 909
f 677 909 679
f 679 909 910
f 679 910 680
f 680 910 911
f 680 911 681
f 681 911 912
f 681 912 683
f 683 912 913
f 683 913 685
f 685 913 914
f 685 914 687
f 687 914 915
f 687 915 688
f 688 915 916
f 688 916 689
f 689 916 917
f 689 917 690
f 690 917 918
f 690 918 691
f 691 918 919
f 691 919 693
f 693 919 920
f 693 920 695
f 695 920 921
f 695 921 697
f 697 921 922
f 697 922 699
f 699 922 923
f 699 923 701
f 701 923 924
f 701 924 703
f 703 924 925
f 703 925 705
f 705 925 926
f 705 926 706
f 706 926 927
f 706 927 707
f 707 927 928
f 707 928 708
f 708 928 929
f 708 929 710
f 710 929 930
f 710 930 712
f 712 930 931
f 712 931 714
f 714 931 932
f 714 932 716
f 716 932 933
f 716 933 718
f 718 933 934
f 718 934 720
f 720 934 935
f 720 935 721
f 721 935 936
f 721 936 722
f 722 936 937
f 722 937 723
f 723 937 938
f 723 938 724
f 724 938 939
f 724 939 726
f 726 939 940
f 726 940 728
f 728 940 941
f 728 941 729
f 729 941 942
f 729 942 730
f 730 942 943
f 730 943 732
f 732 943 944
f 732 944 734
f 734 944 945
f 734 945 736
f 736 945 946
f 736 946 738
f 738 946 947
f 738 947 740
f 740 947 948
f 740 948 742
f 742 948 949
f 742 949 744
f 744 949 950
f 744 950 745
f 745 950 951
f 745 951 746
f 746 951 952
f 746 952 747
f 747 952 953
f 747 953 748
f 748 953 954
f 748 954 750
f 750 954 955
f 750 955 751
f 751 955 956
f 751 956 752
f 752 956 957
f 752 957 753
f 753 957 958
f 753 958 755
f 755 958 959
f 755 959 757
f 757 959 960
f 757 960 759
f 759 960 961
f 759 961 761
f 761 961 962
f 761 962 762
f 762 962 963
f 762 963 764
f 764 963 964
f 764 964 766
f 766 964 965
f 766 965 768
f 768 965 966
f 768 966 770
f 770 966 967
f 770 967 772
f 772 967 968
f 772 968 774
f 774 968 969
f 774 969 776
f 776 969 970
f 776 970 777
f 777 970 971
f 777 971 778
f 778 971 972
f 778 972 779
f 779 972 973
f 779 973 780
f 780 973 974
f 780 974 782
f 782 974 975
f 782 975 784
f 784 975 976
f 784 976 786
f 786 976 977
f 786 977 788
f 788 977 978
f 788 978 790
f 790 978 979
f 790 979 791
f 791 979 980
f 791 980 792
f 792 980 981
f 792 981 794
f 794 981 982
f 794 982 795
f 795 982 983
f 795 983 796
f 796 983 984
f 796 984 798
f 798 984 985
f 798 985 800
f 800 985 986
f 800 986 802
f 802 986 987
f 802 987 803
f 803 987 988
f 803 988 804
f 804 988 989
f 804 989 806
f 806 989 990
f 806 990 807
f 807 990 991
f 807 991 808
f 808 991 992
f 808 992 810
f 810 992 993
f 810 993 812
f 812 993 994
f 812 994 814
f 814 994 995
f 998 997 996
f 1000 999 996
f 996 999 998
f 1000 1001 999
f 1004 1003 1002
f 1002 1005 1004
f 1008 1007 1006
f 1010 1009 1006
f 1006 1009 1008
f 1012 1011 1010
f 1010 1011 1009
f 1014 1013 1012
f 1012 1013 1011
f 1014 1015 1013
f 1018 1017 1016
f 1020 1019 1016
f 1016 1019 1018
f 1020 1021 1019
f 1024 1023 1022
f 1026 1025 1022
f 1022 1025 1024
f 1028 1027 1026
f 1026 1027 1025
f 1030 1029 1028
f 1028 1029 1027
f 1030 1031 1029
f 1034 1033 1032
f 1032 1035 1034
f 1038 1037 1036
f 1040 1039 1036
f 1036 1039 1038
f 1042 1041 1040
f 1040 1041 1039
f 1044 1043 1042
f 1042 1043 1041
f 1044 1045 1043
f 1048 1047 1046
f 1050 1049 1046
f 1046 1049 1048
f 1050 1051 1049
f 1054 1053 1052
f 1052 1055 1054
f 1058 1057 1056
f 1060 1059 1056
f 1056 1059 1058
f 1060 1061 1059
f 1064 1063 1062
f 1062 1065 1064
f 1068 1067 1066
f 1071 1070 1069
f 1069 1072 1071
f 996 997 1073
f 1073 997 1074
f 996 1075 1000
f 996 1073 1075
f 1001 1000 1076
f 1076 1000 1075
f 1003 1077 1002
f 1002 1077 1005
f 1080 1079 1078
f 1082 1081 1078
f 1078 1081 1080
f 1084 1083 1082
f 1082 1083 1081
f 1086 1085 1084
f 1084 1085 1083
f 1088 1087 1086
f 1086 1087 1085
f 1088 1089 1087
f 1092 1091 1090
f 1094 1093 1090
f 1090 1093 1092
f 1096 1095 1094
f 1094 1095 1093
f 1098 1097 1096
f 1096 1097 1095
f 1100 1099 1098
f 1098 1099 1097
f 1100 1101 1099
f 1104 1103 1102
f 1104 1102 1007
f 1102 1006 1007
f 1102 1105 1006
f 1006 1106 1010
f 1006 1105 1106
f 1010 1107 1012
f 1010 1106 1107
f 1012 1108 1014
f 1012 1107 1108
f 1015 1014 1109
f 1014 1110 1109
f 1014 1108 1110
f 1110 1111 1109
f 1114 1113 1112
f 1114 1112 1017
f 1112 1016 1017
f 1112 1115 1016
f 1016 1116 1020
f 1016 1115 1116
f 1021 1020 1117
f 1117 1020 1116
f 1120 1119 1118
f 1122 1121 1118
f 1118 1121 1120
f 1124 1123 1122
f 1122 1123 1121
f 1124 1125 1123
f 1128 1127 1126
f 1128 1126 1023
f 1126 1022 1023
f 1126 1129 1022
f 1022 1130 1026
f 1022 1129 1130
f 1026 1131 1028
f 1026 1130 1131
f 1028 1132 1030
f 1028 1131 1132
f 1031 1030 1133
f 1030 1134 1133
f 1030 1132 1134
f 1134 1135 1133
f 1138 1137 1136
f 1140 1139 1136
f 1136 1139 1138
f 1142 1141 1140
f 1140 1141 1139
f 1141 1142 1033
f 1142 1032 1033
f 1142 1143 1032
f 1035 1032 1144
f 1032 1145 1144
f 1032 1143 1145
f 1147 1146 1145
f 1145 1146 1144
f 1149 1148 1147
f 1147 1148 1146
f 1148 1149 1037
f 1149 1036 1037
f 1149 1150 1036
f 1036 1151 1040
f 1036 1150 1151
f 1040 1152 1042
f 1040 1151 1152
f 1042 1153 1044
f 1042 1152 1153
f 1045 1044 1154
f 1044 1155 1154
f 1044 1153 1155
f 1155 1156 1154
f 1159 1158 1157
f 1161 1160 1157
f 1157 1160 1159
f 1160 1161 1047
f 1161 1046 1047
f 1161 1162 1046
f 1046 1163 1050
f 1046 1162 1163
f 1051 1050 1164
f 1050 1165 1164
f 1050 1163 1165
f 1165 1166 1164
f 1169 1168 1167
f 1167 1170 1169
f 1173 1172 1171
f 1173 1171 1053
f 1171 1052 1053
f 1171 1174 1052
f 1055 1052 1175
f 1052 1176 1175
f 1052 1174 1176
f 1176 1177 1175
f 1056 1057 1178
f 1178 1057 1179
f 1056 1180 1060
f 1056 1178 1180
f 1061 1060 1181
f 1060 1182 1181
f 1060 1180 1182
f 1181 1182 1063
f 1182 1062 1063
f 1182 1183 1062
f 1065 1062 1184
f 1062 1185 1184
f 1062 1183 1185
f 1068 1186 1067
f 1070 1187 1069
f 1069 1187 1072
f 1074 1188 1073
f 1073 1188 1075
f 1075 1188 1189
f 1075 1189 1076
f 1079 1190 1078
f 1078 1190 1082
f 1082 1190 1191
f 1082 1191 1084
f 1084 1191 1192
f 1084 1192 1086
f 1086 1192 1193
f 1086 1193 1088
f 1088 1193 1194
f 1088 1194 1089
f 1091 1195 1090
f 1090 1195 1094
f 1094 1195 1196
f 1094 1196 1096
f 1096 1196 1197
f 1096 1197 1098
f 1098 1197 1198
f 1098 1198 1100
f 1100 1198 1199
f 1100 1199 1101
f 1103 1200 1102
f 1102 1200 1105
f 1105 1200 1201
f 1105 1201 1106
f 1106 1201 1202
f 1106 1202 1107
f 1107 1202 1203
f 1107 1203 1108
f 1108 1203 1204
f 1108 1204 1110
f 1110 1204 1205
f 1110 1205 1111
f 1113 1206 1112
f 1112 1206 1115
f 1115 1206 1207
f 1115 1207 1116
f 1116 1207 1208
f 1116 1208 1117
f 1119 1209 1118
f 1118 1209 1122
f 1122 1209 1210
f 1122 1210 1124
f 1124 1210 1211
f 1124 1211 1125
f 1127 1212 1126
f 1126 1212 1129
f 1129 1212 1213
f 1129 1213 1130
f 1130 1213 1214
f 1130 1214 1131
f 1131 1214 1215
f 1131 1215 1132
f 1132 1215 1216
f 1132 1216 1134
f 1134 1216 1217
f 1134 1217 1135
f 1137 1218 1136
f 1136 1218 1140
f 1140 1218 1219
f 1140 1219 1142
f 1142 1219 1220
f 1142 1220 1143
f 1143 1220 1221
f 1143 1221 1145
f 1145 1221 1222
f 1145 1222 1147
f 1147 1222 1223
f 1147 1223 1149
f 1149 1223 1224
f 1149 1224 1150
f 1150 1224 1225
f 1150 1225 1151
f 1151 1225 1226
f 1228 1227 1226
f 1227 1151 1226
f 1227 1152 1151
f 1230 1153 1229
f 1153 1227 1229
f 1153 1152 1227
f 1153 1230 1155
f 1155 1230 1231
f 1155 1231 1156
f 1158 1232 1157
f 1157 1232 1161
f 1161 1232 1233
f 1161 1233 1162
f 1162 1233 1234
f 1162 1234 1163
f 1163 1234 1235
f 1163 1235 1165
f 1165 1235 1236
f 1165 1236 1166
f 1168 1237 1167
f 1167 1237 1170
f 1172 1238 1171
f 1171 1238 1174
f 1174 1238 1239
f 1174 1239 1176
f 1176 1239 1240
f 1176 1240 1177
f 1179 1241 1178
f 1178 1241 1180
f 1180 1241 1242
f 1180 1242 1182
f 1182 1242 1243
f 1182 1243 1183
f 1183 1243 1244
f 1183 1244 1185
f 1185 1244 1245
f 1228 1246 1227
f 1227 1246 1229
f 1249 1248 1247
f 1247 1250 1249
f 1253 1252 1251
f 1251 1254 1253
f 1257 1256 1255
f 1255 1258 1257
f 1248 1259 1247
f 1259 1260 1247
f 1260 1261 1247
f 1262 1250 1247
f 1262 1247 1261
f 1261 1263 1262
f 1251 1252 1264
f 1264 1252 1265
f 1254 1251 1266
f 1266 1251 1264
f 1256 1267 1255
f 1255 1267 1258
f 1260 1268 1261
f 1261 1268 1263
f 1265 1269 1264
f 1264 1269 1266
f 1272 1271 1270
f 1270 1273 1272
f 1276 1275 1274
f 1274 1277 1276
f 1280 1279 1278
f 1278 1281 1280
f 1284 1283 1282
f 1287 1286 1285
f 1289 1288 1285
f 1285 1288 1287
f 1289 1290 1288
f 1293 1292 1291
f 1295 1294 1291
f 1291 1294 1293
f 1297 1296 1295
f 1295 1296 1294
f 1299 1298 1297
f 1297 1298 1296
f 1299 1300 1298
f 1303 1302 1301
f 1305 1304 1301
f 1301 1304 1303
f 1307 1306 1305
f 1305 1306 1304
f 1309 1308 1307
f 1307 1308 1306
f 1309 1310 1308
f 1313 1312 1311
f 1315 1314 1311
f 1311 1314 1313
f 1317 1316 1315
f 1315 1316 1314
f 1319 1318 1317
f 1317 1318 1316
f 1321 1320 1319
f 1319 1320 1318
f 1323 1322 1321
f 1321 1322 1320
f 1323 1324 1322
f 1327 1326 1325
f 1329 1328 1325
f 1325 1328 1327
f 1331 1330 1329
f 1329 1330 1328
f 1333 1332 1331
f 1331 1332 1330
f 1335 1334 1333
f 1333 1334 1332
f 1334 1335 1271
f 1335 1270 1271
f 1335 1336 1270
f 1273 1270 1337
f 1270 1338 1337
f 1270 1336 1338
f 1340 1339 1338
f 1338 1339 1337
f 1342 1341 1340
f 1340 1341 1339
f 1344 1343 1342
f 1342 1343 1341
f 1346 1345 1344
f 1344 1345 1343
f 1345 1346 1275
f 1346 1274 1275
f 1346 1347 1274
f 1277 1274 1348
f 1274 1349 1348
f 1274 1347 1349
f 1351 1350 1349
f 1349 1350 1348
f 1353 1352 1351
f 1351 1352 1350
f 1355 1354 1353
f 1353 1354 1352
f 1357 1356 1355
f 1355 1356 1354
f 1359 1358 1357
f 1357 1358 1356
f 1361 1360 1359
f 1359 1360 1358
f 1363 1362 1361
f 1361 1362 1360
f 1362 1363 1279
f 1363 1278 1279
f 1363 1364 1278
f 1281 1278 1365
f 1278 1366 1365
f 1278 1364 1366
f 1368 1367 1366
f 1366 1367 1365
f 1370 1369 1368
f 1368 1369 1367
f 1372 1371 1370
f 1370 1371 1369
f 1374 1373 1372
f 1372 1373 1371
f 1374 1375 1373
f 1378 1377 1376
f 1380 1379 1376
f 1376 1379 1378
f 1382 1381 1380
f 1380 1381 1379
f 1384 1383 1382
f 1382 1383 1381
f 1386 1385 1384
f 1384 1385 1383
f 1388 1387 1386
f 1386 1387 1385
f 1390 1389 1388
f 1388 1389 1387
f 1392 1391 1390
f 1390 1391 1389
f 1392 1393 1391
f 1396 1395 1394
f 1398 1397 1394
f 1394 1397 1396
f 1400 1399 1398
f 1398 1399 1397
f 1402 1401 1400
f 1400 1401 1399
f 1404 1403 1402
f 1402 1403 1401
f 1406 1405 1404
f 1404 1405 1403
f 1408 1407 1406
f 1406 1407 1405
f 1410 1409 1408
f 1408 1409 1407
f 1412 1411 1410
f 1410 1411 1409
f 1414 1413 1412
f 1412 1413 1411
f 1416 1415 1414
f 1414 1415 1413
f 1418 1417 1416
f 1416 1417 1415
f 1420 1419 1418
f 1418 1419 1417
f 1420 1421 1419
f 1424 1423 1422
f 1426 1425 1422
f 1422 1425 1424
f 1284 1427 1283
f 1286 1428 1285
f 1285 1428 1289
f 1289 1428 1429
f 1289 1429 1290
f 1291 1292 1430
f 1430 1292 1431
f 1291 1432 1295
f 1291 1430 1432
f 1434 1297 1433
f 1297 1432 1433
f 1297 1295 1432
f 1297 1434 1299
f 1299 1434 1435
f 1299 1435 1300
f 1302 1436 1301
f 1301 1436 1305
f 1305 1436 1437
f 1305 1437 1307
f 1307 1437 1438
f 1307 1438 1309
f 1309 1438 1439
f 1309 1439 1310
f 1312 1440 1311
f 1442 1441 1440
f 1441 1311 1440
f 1441 1315 1311
f 1315 1443 1317
f 1315 1441 1443
f 1317 1444 1319
f 1317 1443 1444
f 1319 1445 1321
f 1319 1444 1445
f 1321 1446 1323
f 1321 1445 1446
f 1324 1323 1447
f 1447 1323 1446
f 1326 1448 1325
f 1325 1448 1329
f 1329 1448 1449
f 1329 1449 1331
f 1331 1449 1450
f 1452 1451 1450
f 1451 1331 1450
f 1451 1333 1331
f 1333 1453 1335
f 1333 1451 1453
f 1335 1454 1336
f 1335 1453 1454
f 1336 1455 1338
f 1336 1454 1455
f 1338 1456 1340
f 1338 1455 1456
f 1340 1457 1342
f 1340 1456 1457
f 1342 1458 1344
f 1342 1457 1458
f 1344 1459 1346
f 1344 1458 1459
f 1346 1460 1347
f 1346 1459 1460
f 1347 1461 1349
f 1347 1460 1461
f 1349 1462 1351
f 1349 1461 1462
f 1464 1353 1463
f 1353 1462 1463
f 1353 1351 1462
f 1353 1464 1355
f 1355 1464 1465
f 1355 1465 1357
f 1357 1465 1466
f 1468 1467 1466
f 1467 1357 1466
f 1467 1359 1357
f 1359 1469 1361
f 1359 1467 1469
f 1361 1470 1363
f 1361 1469 1470
f 1363 1471 1364
f 1363 1470 1471
f 1364 1472 1366
f 1364 1471 1472
f 1366 1473 1368
f 1366 1472 1473
f 1368 1474 1370
f 1368 1473 1474
f 1370 1475 1372
f 1370 1474 1475
f 1477 1374 1476
f 1374 1475 1476
f 1374 1372 1475
f 1374 1477 1375
f 1376 1377 1478
f 1478 1377 1479
f 1376 1480 1380
f 1376 1478 1480
f 1380 1481 1382
f 1380 1480 1481
f 1483 1384 1482
f 1384 1481 1482
f 1384 1382 1481
f 1384 1483 1386
f 1386 1483 1484
f 1386 1484 1388
f 1388 1484 1485
f 1487 1486 1485
f 1486 1388 1485
f 1486 1390 1388
f 1489 1392 1488
f 1392 1486 1488
f 1392 1390 1486
f 1392 1489 1393
f 1394 1395 1490
f 1490 1395 1491
f 1394 1492 1398
f 1394 1490 1492
f 1398 1493 1400
f 1398 1492 1493
f 1400 1494 1402
f 1400 1493 1494
f 1402 1495 1404
f 1402 1494 1495
f 1404 1496 1406
f 1404 1495 1496
f 1498 1408 1497
f 1408 1496 1497
f 1408 1406 1496
f 1500 1499 1498
f 1499 1408 1498
f 1499 1410 1408
f 1410 1501 1412
f 1410 1499 1501
f 1503 1414 1502
f 1414 1501 1502
f 1414 1412 1501
f 1414 1503 1416
f 1416 1503 1504
f 1416 1504 1418
f 1418 1504 1505
f 1418 1505 1420
f 1420 1505 1506
f 1420 1506 1421
f 1423 1507 1422
f 1422 1507 1426
f 1426 1507 1508
f 1431 1509 1430
f 1430 1509 1432
f 1432 1509 1510
f 1432 1510 1433
f 1442 1511 1441
f 1441 1511 1443
f 1443 1511 1512
f 1443 1512 1444
f 1444 1512 1513
f 1444 1513 1445
f 1445 1513 1514
f 1445 1514 1446
f 1446 1514 1515
f 1446 1515 1447
f 1452 1516 1451
f 1451 1516 1453
f 1453 1516 1517
f 1453 1517 1454
f 1454 1517 1518
f 1454 1518 1455
f 1455 1518 1519
f 1455 1519 1456
f 1456 1519 1520
f 1456 1520 1457
f 1457 1520 1521
f 1457 1521 1458
f 1458 1521 1522
f 1458 1522 1459
f 1459 1522 1523
f 1459 1523 1460
f 1460 1523 1524
f 1460 1524 1461
f 1461 1524 1525
f 1461 1525 1462
f 1462 1525 1526
f 1462 1526 1463
f 1468 1527 1467
f 1467 1527 1469
f 1469 1527 1528
f 1469 1528 1470
f 1470 1528 1529
f 1470 1529 1471
f 1471 1529 1530
f 1471 1530 1472
f 1472 1530 1531
f 1472 1531 1473
f 1473 1531 1532
f 1473 1532 1474
f 1474 1532 1533
f 1474 1533 1475
f 1475 1533 1534
f 1475 1534 1476
f 1479 1535 1478
f 1478 1535 1480
f 1480 1535 1536
f 1480 1536 1481
f 1481 1536 1537
f 1481 1537 1482
f 1487 1538 1486
f 1486 1538 1488
f 1491 1539 1490
f 1490 1539 1492
f 1492 1539 1540
f 1492 1540 1493
f 1493 1540 1541
f 1493 1541 1494
f 1494 1541 1542
f 1494 1542 1495
f 1495 1542 1543
f 1495 1543 1496
f 1496 1543 1544
f 1496 1544 1497
f 1500 1545 1499
f 1499 1545 1501
f 1501 1545 1546
f 1501 1546 1502
f 1549 1548 1547
f 1547 1550 1549
f 1553 1552 1551
f 1551 1554 1553
f 1557 1556 1555
f 1555 1558 1557
f 1561 1560 1559
f 1563 1562 1559
f 1559 1562 1561
f 1565 1564 1563
f 1563 1564 1562
f 1565 1566 1564
f 1548 1567 1547
f 1547 1567 1550
f 1552 1568 1551
f 1551 1568 1554
f 1556 1569 1555
f 1555 1569 1558
f 1560 1570 1559
f 1559 1570 1563
f 1563 1570 1571
f 1563 1571 1565
f 1565 1571 1572
f 1565 1572 1566
f 1575 1574 1573
f 1577 1576 1573
f 1573 1576 1575
f 1577 1578 1576
f 1581 1580 1579
f 1583 1582 1579
f 1579 1582 1581
f 1583 1584 1582
f 1587 1586 1585
f 1589 1588 1585
f 1585 1588 1587
f 1591 1590 1589
f 1589 1590 1588
f 1593 1592 1591
f 1591 1592 1590
f 1593 1594 1592
f 1597 1596 1595
f 1599 1598 1595
f 1595 1598 1597
f 1599 1600 1598
f 1603 1602 1601
f 1605 1604 1601
f 1601 1604 1603
f 1604 1605 1574
f 1605 1573 1574
f 1605 1606 1573
f 1573 1607 1577
f 1573 1606 1607
f 1578 1577 1608
f 1577 1609 1608
f 1577 1607 1609
f 1609 1610 1608
f 1613 1612 1611
f 1615 1614 1611
f 1611 1614 1613
f 1617 1616 1615
f 1615 1616 1614
f 1619 1618 1617
f 1617 1618 1616
f 1618 1619 1580
f 1619 1579 1580
f 1619 1620 1579
f 1579 1621 1583
f 1579 1620 1621
f 1584 1583 1622
f 1583 1623 1622
f 1583 1621 1623
f 1625 1624 1623
f 1623 1624 1622
f 1627 1626 1625
f 1625 1626 1624
f 1626 1627 1586
f 1627 1585 1586
f 1627 1628 1585
f 1585 1629 1589
f 1585 1628 1629
f 1589 1630 1591
f 1589 1629 1630
f 1591 1631 1593
f 1591 1630 1631
f 1594 1593 1632
f 1593 1633 1632
f 1593 1631 1633
f 1635 1634 1633
f 1633 1634 1632
f 1637 1636 1635
f 1635 1636 1634
f 1637 1638 1636
f 1641 1640 1639
f 1643 1642 1639
f 1639 1642 1641
f 1642 1643 1596
f 1643 1595 1596
f 1643 1644 1595
f 1595 1645 1599
f 1595 1644 1645
f 1600 1599 1646
f 1599 1647 1646
f 1599 1645 1647
f 1649 1648 1647
f 1647 1648 1646
f 1651 1650 1649
f 1649 1650 1648
f 1651 1652 1650
f 1655 1654 1653
f 1657 1656 1653
f 1653 1656 1655
f 1657 1658 1656
f 1602 1659 1601
f 1601 1659 1605
f 1605 1659 1660
f 1605 1660 1606
f 1606 1660 1661
f 1606 1661 1607
f 1607 1661 1662
f 1607 1662 1609
f 1609 1662 1663
f 1609 1663 1610
f 1612 1664 1611
f 1611 1664 1615
f 1615 1664 1665
f 1615 1665 1617
f 1617 1665 1666
f 1617 1666 1619
f 1619 1666 1667
f 1619 1667 1620
f 1620 1667 1668
f 1620 1668 1621
f 1621 1668 1669
f 1621 1669 1623
f 1623 1669 1670
f 1623 1670 1625
f 1625 1670 1671
f 1625 1671 1627
f 1627 1671 1672
f 1627 1672 1628
f 1628 1672 1673
f 1628 1673 1629
f 1629 1673 1674
f 1629 1674 1630
f 1630 1674 1675
f 1630 1675 1631
f 1631 1675 1676
f 1631 1676 1633
f 1633 1676 1677
f 1633 1677 1635
f 1635 1677 1678
f 1635 1678 1637
f 1637 1678 1679
f 1637 1679 1638
f 1640 1680 1639
f 1639 1680 1643
f 1643 1680 1681
f 1643 1681 1644
f 1644 1681 1682
f 1644 1682 1645
f 1645 1682 1683
f 1645 1683 1647
f 1647 1683 1684
f 1647 1684 1649
f 1649 1684 1685
f 1649 1685 1651
f 1651 1685 1686
f 1651 1686 1652
f 1654 1687 1653
f 1653 1687 1657
f 1657 1687 1688
f 1657 1688 1658
f 1691 1690 1689
f 1689 1692 1691
f 1695 1694 1693
f 1697 1696 1693
f 1693 1696 1695
f 1697 1698 1696
f 1701 1700 1699
f 1703 1702 1699
f 1699 1702 1701
f 1703 1704 1702
f 1707 1706 1705
f 1709 1708 1705
f 1705 1708 1707
f 1709 1710 1708
f 1713 1712 1711
f 1715 1714 1711
f 1711 1714 1713
f 1715 1716 1714
f 1719 1718 1717
f 1721 1720 1717
f 1717 1720 1719
f 1721 1722 1720
f 1725 1724 1723
f 1727 1726 1723
f 1723 1726 1725
f 1727 1728 1726
f 1731 1730 1729
f 1733 1732 1729
f 1729 1732 1731
f 1733 1734 1732
f 1737 1736 1735
f 1735 1738 1737
f 1690 1739 1689
f 1742 1741 1740
f 1689 1739 1692
f 1741 1743 1740
f 1693 1694 1744
f 1744 1694 1745
f 1747 1697 1746
f 1697 1744 1746
f 1697 1693 1744
f 1697 1747 1698
f 1699 1700 1748
f 1748 1700 1749
f 1699 1750 1703
f 1699 1748 1750
f 1704 1703 1751
f 1751 1703 1750
f 1754 1753 1752
f 1754 1752 1706
f 1752 1705 1706
f 1752 1755 1705
f 1705 1756 1709
f 1705 1755 1756
f 1710 1709 1757
f 1757 1709 1756
f 1711 1712 1758
f 1758 1712 1759
f 1711 1760 1715
f 1711 1758 1760
f 1716 1715 1761
f 1761 1715 1760
f 1717 1718 1762
f 1762 1718 1763
f 1717 1764 1721
f 1717 1762 1764
f 1722 1721 1765
f 1765 1721 1764
f 1723 1724 1766
f 1766 1724 1767
f 1723 1768 1727
f 1723 1766 1768
f 1728 1727 1769
f 1769 1727 1768
f 1729 1730 1770
f 1770 1730 1771
f 1729 1772 1733
f 1729 1770 1772
f 1734 1733 1773
f 1773 1733 1772
f 1776 1775 1774
f 1778 1777 1774
f 1774 1777 1776
f 1778 1779 1777
f 1782 1781 1780
f 1780 1783 1782
f 1735 1736 1784
f 1784 1736 1785
f 1738 1735 1786
f 1786 1735 1784
f 1742 1787 1741
f 1741 1787 1743
f 1745 1788 1744
f 1744 1788 1746
f 1748 1749 1789
f 1789 1749 1790
f 1748 1791 1750
f 1748 1789 1791
f 1751 1750 1792
f 1792 1750 1791
f 1753 1793 1752
f 1752 1793 1755
f 1755 1793 1794
f 1755 1794 1756
f 1756 1794 1795
f 1756 1795 1757
f 1759 1796 1758
f 1798 1797 1796
f 1797 1758 1796
f 1797 1760 1758
f 1761 1760 1799
f 1799 1760 1797
f 1762 1763 1800
f 1800 1763 1801
f 1762 1802 1764
f 1762 1800 1802
f 1765 1764 1803
f 1803 1764 1802
f 1766 1767 1804
f 1804 1767 1805
f 1766 1806 1768
f 1766 1804 1806
f 1769 1768 1807
f 1807 1768 1806
f 1770 1771 1808
f 1808 1771 1809
f 1770 1810 1772
f 1770 1808 1810
f 1773 1772 1811
f 1811 1772 1810
f 1774 1775 1812
f 1812 1775 1813
f 1774 1814 1778
f 1774 1812 1814
f 1779 1778 1815
f 1815 1778 1814
f 1781 1816 1780
f 1780 1816 1783
f 1784 1785 1817
f 1817 1785 1818
f 1786 1784 1819
f 1819 1784 1817
f 1822 1821 1820
f 1824 1823 1820
f 1820 1823 1822
f 1824 1825 1823
f 1828 1827 1826
f 1826 1829 1828
f 1789 1790 1830
f 1830 1790 1831
f 1789 1832 1791
f 1789 1830 1832
f 1792 1791 1833
f 1791 1834 1833
f 1791 1832 1834
f 1834 1835 1833
f 1838 1837 1836
f 1840 1839 1836
f 1836 1839 1838
f 1840 1841 1839
f 1844 1843 1842
f 1846 1845 1842
f 1842 1845 1844
f 1845 1846 1798
f 1846 1797 1798
f 1846 1847 1797
f 1799 1797 1848
f 1848 1797 1847
f 1800 1801 1849
f 1849 1801 1850
f 1800 1851 1802
f 1800 1849 1851
f 1803 1802 1852
f 1852 1802 1851
f 1804 1805 1853
f 1853 1805 1854
f 1804 1855 1806
f 1804 1853 1855
f 1807 1806 1856
f 1856 1806 1855
f 1859 1858 1857
f 1861 1860 1857
f 1857 1860 1859
f 1861 1862 1860
f 1865 1864 1863
f 1867 1866 1863
f 1863 1866 1865
f 1867 1868 1866
f 1808 1809 1869
f 1869 1809 1870
f 1808 1871 1810
f 1808 1869 1871
f 1811 1810 1872
f 1872 1810 1871
f 1812 1813 1873
f 1873 1813 1874
f 1812 1875 1814
f 1812 1873 1875
f 1815 1814 1876
f 1876 1814 1875
f 1879 1878 1877
f 1881 1880 1877
f 1877 1880 1879
f 1881 1882 1880
f 1817 1818 1883
f 1883 1818 1884
f 1819 1817 1885
f 1817 1886 1885
f 1817 1883 1886
f 1886 1887 1885
f 1820 1821 1888
f 1888 1821 1889
f 1820 1890 1824
f 1820 1888 1890
f 1825 1824 1891
f 1891 1824 1890
f 1826 1827 1892
f 1892 1827 1893
f 1829 1826 1894
f 1894 1826 1892
f 1830 1831 1895
f 1895 1831 1896
f 1830 1897 1832
f 1830 1895 1897
f 1899 1834 1898
f 1834 1897 1898
f 1834 1832 1897
f 1834 1899 1835
f 1836 1837 1900
f 1900 1837 1901
f 1836 1902 1840
f 1836 1900 1902
f 1841 1840 1903
f 1903 1840 1902
f 1843 1904 1842
f 1906 1905 1904
f 1905 1842 1904
f 1905 1846 1842
f 1846 1907 1847
f 1846 1905 1907
f 1848 1847 1908
f 1908 1847 1907
f 1849 1850 1909
f 1909 1850 1910
f 1849 1911 1851
f 1849 1909 1911
f 1852 1851 1912
f 1912 1851 1911
f 1853 1854 1913
f 1913 1854 1914
f 1853 1915 1855
f 1853 1913 1915
f 1856 1855 1916
f 1916 1855 1915
f 1857 1858 1917
f 1917 1858 1918
f 1857 1919 1861
f 1857 1917 1919
f 1862 1861 1920
f 1920 1861 1919
f 1863 1864 1921
f 1921 1864 1922
f 1863 1923 1867
f 1863 1921 1923
f 1868 1867 1924
f 1924 1867 1923
f 1869 1870 1925
f 1925 1870 1926
f 1869 1927 1871
f 1869 1925 1927
f 1872 1871 1928
f 1871 1929 1928
f 1871 1927 1929
f 1929 1930 1928
f 1873 1874 1931
f 1931 1874 1932
f 1873 1933 1875
f 1873 1931 1933
f 1876 1875 1934
f 1934 1875 1933
f 1877 1878 1935
f 1935 1878 1936
f 1877 1937 1881
f 1877 1935 1937
f 1882 1881 1938
f 1938 1881 1937
f 1941 1940 1939
f 1943 1942 1939
f 1939 1942 1941
f 1943 1944 1942
f 1883 1884 1945
f 1945 1884 1946
f 1883 1947 1886
f 1883 1945 1947
f 1887 1886 1948
f 1948 1886 1947
f 1889 1949 1888
f 1888 1949 1890
f 1890 1949 1950
f 1890 1950 1891
f 1893 1951 1892
f 1892 1951 1894
f 1896 1952 1895
f 1895 1952 1897
f 1897 1952 1953
f 1897 1953 1898
f 1901 1954 1900
f 1900 1954 1902
f 1902 1954 1955
f 1902 1955 1903
f 1906 1956 1905
f 1905 1956 1907
f 1907 1956 1957
f 1907 1957 1908
f 1910 1958 1909
f 1960 1959 1958
f 1959 1909 1958
f 1959 1911 1909
f 1912 1911 1961
f 1961 1911 1959
f 1914 1962 1913
f 1913 1962 1915
f 1915 1962 1963
f 1915 1963 1916
f 1918 1964 1917
f 1917 1964 1919
f 1919 1964 1965
f 1919 1965 1920
f 1922 1966 1921
f 1921 1966 1923
f 1923 1966 1967
f 1923 1967 1924
f 1925 1926 1968
f 1968 1926 1969
f 1925 1970 1927
f 1925 1968 1970
f 1972 1929 1971
f 1929 1970 1971
f 1929 1927 1970
f 1929 1972 1930
f 1932 1973 1931
f 1975 1974 1973
f 1974 1931 1973
f 1974 1933 1931
f 1934 1933 1976
f 1976 1933 1974
f 1935 1936 1977
f 1977 1936 1978
f 1980 1937 1979
f 1937 1977 1979
f 1937 1935 1977
f 1937 1980 1938
f 1940 1981 1939
f 1939 1981 1943
f 1943 1981 1982
f 1943 1982 1944
f 1946 1983 1945
f 1945 1983 1947
f 1947 1983 1984
f 1947 1984 1948
f 1960 1985 1959
f 1959 1985 1961
f 1969 1986 1968
f 1968 1986 1970
f 1970 1986 1987
f 1970 1987 1971
f 1975 1988 1974
f 1974 1988 1976
f 1978 1989 1977
f 1977 1989 1979
f 1992 1991 1990
f 1994 1993 1990
f 1990 1993 1992
f 1994 1995 1993
f 1998 1997 1996
f 1996 1999 1998
f 2002 2001 2000
f 2004 2003 2000
f 2000 2003 2002
f 2004 2005 2003
f 2008 2007 2006
f 2010 2009 2006
f 2006 2009 2008
f 2010 2011 2009
f 2014 2013 2012
f 2012 2015 2014
f 2018 2017 2016
f 2016 2019 2018
f 2022 2021 2020
f 2020 2023 2022
f 2026 2025 2024
f 2028 2027 2024
f 2024 2027 2026
f 2028 2029 2027
f 2032 2031 2030
f 2034 2033 2030
f 2030 2033 2032
f 2034 2035 2033
f 2038 2037 2036
f 2040 2039 2036
f 2036 2039 2038
f 2040 2041 2039
f 2044 2043 2042
f 2042 2045 2044
f 2048 2047 2046
f 2046 2047 2049
f 2051 2050 2048
f 2048 2050 2047
f 2050 2051 1991
f 2051 1990 1991
f 2051 2052 1990
f 1990 2053 1994
f 1990 2052 2053
f 1995 1994 2054
f 1994 2055 2054
f 1994 2053 2055
f 2057 2056 2055
f 2055 2056 2054
f 2059 2058 2057
f 2057 2058 2056
f 2061 2060 2059
f 2059 2060 2058
f 2063 2062 2061
f 2061 2062 2060
f 2065 2064 2063
f 2063 2064 2062
f 2067 2066 2065
f 2065 2066 2064
f 2069 2068 2067
f 2067 2068 2066
f 2069 2070 2068
f 2073 2072 2071
f 2075 2074 2071
f 2071 2074 2073
f 2077 2076 2075
f 2075 2076 2074
f 2077 2078 2076
f 2081 2080 2079
f 2083 2082 2079
f 2079 2082 2081
f 2085 2084 2083
f 2083 2084 2082
f 2087 2086 2085
f 2085 2086 2084
f 2089 2088 2087
f 2087 2088 2086
f 2091 2090 2089
f 2089 2090 2088
f 2093 2092 2091
f 2091 2092 2090
f 2095 2094 2093
f 2093 2094 2092
f 2097 2096 2095
f 2095 2096 2094
f 2097 2098 2096
f 2101 2100 2099
f 2103 2102 2099
f 2099 2102 2101
f 2105 2104 2103
f 2103 2104 2102
f 2107 2106 2105
f 2105 2106 2104
f 2109 2108 2107
f 2107 2108 2106
f 2111 2110 2109
f 2109 2110 2108
f 2113 2112 2111
f 2111 2112 2110
f 2115 2114 2113
f 2113 2114 2112
f 2117 2116 2115
f 2115 2116 2114
f 2119 2118 2117
f 2117 2118 2116
f 2121 2120 2119
f 2119 2120 2118
f 2123 2122 2121
f 2121 2122 2120
f 2125 2124 2123
f 2123 2124 2122
f 2124 2125 1997
f 2125 1996 1997
f 2125 2126 1996
f 1999 1996 2127
f 1996 2128 2127
f 1996 2126 2128
f 2130 2129 2128
f 2128 2129 2127
f 2132 2131 2130
f 2130 2131 2129
f 2134 2133 2132
f 2132 2133 2131
f 2136 2135 2134
f 2134 2135 2133
f 2135 2136 2001
f 2136 2000 2001
f 2136 2137 2000
f 2000 2138 2004
f 2000 2137 2138
f 2005 2004 2139
f 2004 2140 2139
f 2004 2138 2140
f 2142 2141 2140
f 2140 2141 2139
f 2144 2143 2142
f 2142 2143 2141
f 2146 2145 2144
f 2144 2145 2143
f 2148 2147 2146
f 2146 2147 2145
f 2150 2149 2148
f 2148 2149 2147
f 2152 2151 2150
f 2150 2151 2149
f 2154 2153 2152
f 2152 2153 2151
f 2156 2155 2154
f 2154 2155 2153
f 2158 2157 2156
f 2156 2157 2155
f 2160 2159 2158
f 2158 2159 2157
f 2162 2161 2160
f 2160 2161 2159
f 2164 2163 2162
f 2162 2163 2161
f 2166 2165 2164
f 2164 2165 2163
f 2168 2167 2166
f 2166 2167 2165
f 2170 2169 2168
f 2168 2169 2167
f 2172 2171 2170
f 2170 2171 2169
f 2174 2173 2172
f 2172 2173 2171
f 2176 2175 2174
f 2174 2175 2173
f 2178 2177 2176
f 2176 2177 2175
f 2180 2179 2178
f 2178 2179 2177
f 2182 2181 2180
f 2180 2181 2179
f 2184 2183 2182
f 2182 2183 2181
f 2186 2185 2184
f 2184 2185 2183
f 2188 2187 2186
f 2186 2187 2185
f 2190 2189 2188
f 2188 2189 2187
f 2192 2191 2190
f 2190 2191 2189
f 2194 2193 2192
f 2192 2193 2191
f 2196 2195 2194
f 2194 2195 2193
f 2198 2197 2196
f 2196 2197 2195
f 2200 2199 2198
f 2198 2199 2197
f 2202 2201 2200
f 2200 2201 2199
f 2204 2203 2202
f 2202 2203 2201
f 2206 2205 2204
f 2204 2205 2203
f 2208 2207 2206
f 2206 2207 2205
f 2210 2209 2208
f 2208 2209 2207
f 2209 2210 2007
f 2210 2006 2007
f 2210 2211 2006
f 2006 2212 2010
f 2006 2211 2212
f 2011 2010 2213
f 2010 2214 2213
f 2010 2212 2214
f 2216 2215 2214
f 2214 2215 2213
f 2218 2217 2216
f 2216 2217 2215
f 2220 2219 2218
f 2218 2219 2217
f 2222 2221 2220
f 2220 2221 2219
f 2224 2223 2222
f 2222 2223 2221
f 2223 2224 2013
f 2224 2012 2013
f 2224 2225 2012
f 2015 2012 2226
f 2012 2227 2226
f 2012 2225 2227
f 2227 2228 2226
f 2231 2230 2229
f 2229 2232 2231
f 2235 2234 2233
f 2235 2233 2017
f 2233 2016 2017
f 2233 2236 2016
f 2019 2016 2237
f 2016 2238 2237
f 2016 2236 2238
f 2240 2239 2238
f 2238 2239 2237
f 2242 2241 2240
f 2240 2241 2239
f 2244 2243 2242
f 2242 2243 2241
f 2246 2245 2244
f 2244 2245 2243
f 2246 2247 2245
f 2250 2249 2248
f 2252 2251 2248
f 2248 2251 2250
f 2252 2253 2251
f 2256 2255 2254
f 2258 2257 2254
f 2254 2257 2256
f 2260 2259 2258
f 2258 2259 2257
f 2260 2261 2259
f 2264 2263 2262
f 2266 2265 2262
f 2262 2265 2264
f 2268 2267 2266
f 2266 2267 2265
f 2270 2269 2268
f 2268 2269 2267
f 2269 2270 2021
f 2270 2020 2021
f 2270 2271 2020
f 2023 2020 2272
f 2020 2273 2272
f 2020 2271 2273
f 2273 2274 2272
f 2277 2276 2275
f 2279 2278 2275
f 2275 2278 2277
f 2281 2280 2279
f 2279 2280 2278
f 2280 2281 2025
f 2281 2024 2025
f 2281 2282 2024
f 2024 2283 2028
f 2024 2282 2283
f 2029 2028 2284
f 2028 2285 2284
f 2028 2283 2285
f 2287 2286 2285
f 2285 2286 2284
f 2289 2288 2287
f 2287 2288 2286
f 2291 2290 2289
f 2289 2290 2288
f 2293 2292 2291
f 2291 2292 2290
f 2292 2293 2031
f 2293 2030 2031
f 2293 2294 2030
f 2030 2295 2034
f 2030 2294 2295
f 2035 2034 2296
f 2034 2297 2296
f 2034 2295 2297
f 2299 2298 2297
f 2297 2298 2296
f 2301 2300 2299
f 2299 2300 2298
f 2301 2302 2300
f 2305 2304 2303
f 2305 2303 2037
f 2303 2036 2037
f 2303 2306 2036
f 2036 2307 2040
f 2036 2306 2307
f 2041 2040 2308
f 2040 2309 2308
f 2040 2307 2309
f 2311 2310 2309
f 2309 2310 2308
f 2313 2312 2311
f 2311 2312 2310
f 2313 2314 2312
f 2317 2316 2315
f 2319 2318 2315
f 2315 2318 2317
f 2319 2320 2318
f 2323 2322 2321
f 2325 2324 2321
f 2321 2324 2323
f 2325 2326 2324
f 2329 2328 2327
f 2331 2330 2327
f 2327 2330 2329
f 2333 2332 2331
f 2331 2332 2330
f 2335 2334 2333
f 2333 2334 2332
f 2337 2336 2335
f 2335 2336 2334
f 2339 2338 2337
f 2337 2338 2336
f 2341 2340 2339
f 2339 2340 2338
f 2343 2342 2341
f 2341 2342 2340
f 2345 2344 2343
f 2343 2344 2342
f 2347 2346 2345
f 2345 2346 2344
f 2349 2348 2347
f 2347 2348 2346
f 2351 2350 2349
f 2349 2350 2348
f 2350 2351 2043
f 2351 2042 2043
f 2351 2352 2042
f 2045 2042 2353
f 2042 2354 2353
f 2042 2352 2354
f 2354 2355 2353
f 2358 2357 2356
f 2360 2359 2356
f 2356 2359 2358
f 2046 2361 2048
f 2048 2361 2362
f 2048 2362 2051
f 2051 2362 2363
f 2365 2364 2363
f 2364 2051 2363
f 2364 2052 2051
f 2052 2366 2053
f 2052 2364 2366
f 2368 2055 2367
f 2055 2366 2367
f 2055 2053 2366
f 2055 2368 2057
f 2057 2368 2369
f 2057 2369 2059
f 2059 2369 2370
f 2059 2370 2061
f 2061 2370 2371
f 2061 2371 2063
f 2063 2371 2372
f 2063 2372 2065
f 2065 2372 2373
f 2065 2373 2067
f 2067 2373 2374
f 2067 2374 2069
f 2069 2374 2375
f 2069 2375 2070
f 2072 2376 2071
f 2071 2376 2075
f 2075 2376 2377
f 2075 2377 2077
f 2077 2377 2378
f 2077 2378 2078
f 2080 2379 2079
f 2381 2380 2379
f 2380 2079 2379
f 2380 2083 2079
f 2383 2085 2382
f 2085 2380 2382
f 2085 2083 2380
f 2085 2383 2087
f 2087 2383 2384
f 2087 2384 2089
f 2089 2384 2385
f 2089 2385 2091
f 2091 2385 2386
f 2091 2386 2093
f 2093 2386 2387
f 2389 2388 2387
f 2388 2093 2387
f 2388 2095 2093
f 2391 2097 2390
f 2097 2388 2390
f 2097 2095 2388
f 2097 2391 2098
f 2100 2392 2099
f 2099 2392 2103
f 2103 2392 2393
f 2395 2394 2393
f 2394 2103 2393
f 2394 2105 2103
f 2105 2396 2107
f 2105 2394 2396
f 2107 2397 2109
f 2107 2396 2397
f 2109 2398 2111
f 2109 2397 2398
f 2400 2113 2399
f 2113 2398 2399
f 2113 2111 2398
f 2113 2400 2115
f 2115 2400 2401
f 2115 2401 2117
f 2117 2401 2402
f 2117 2402 2119
f 2119 2402 2403
f 2119 2403 2121
f 2121 2403 2404
f 2121 2404 2123
f 2123 2404 2405
f 2407 2406 2405
f 2406 2123 2405
f 2406 2125 2123
f 2125 2408 2126
f 2125 2406 2408
f 2410 2128 2409
f 2128 2408 2409
f 2128 2126 2408
f 2128 2410 2130
f 2130 2410 2411
f 2130 2411 2132
f 2132 2411 2412
f 2132 2412 2134
f 2134 2412 2413
f 2415 2414 2413
f 2414 2134 2413
f 2414 2136 2134
f 2136 2416 2137
f 2136 2414 2416
f 2137 2417 2138
f 2137 2416 2417
f 2419 2140 2418
f 2140 2417 2418
f 2140 2138 2417
f 2140 2419 2142
f 2142 2419 2420
f 2142 2420 2144
f 2144 2420 2421
f 2144 2421 2146
f 2146 2421 2422
f 2146 2422 2148
f 2148 2422 2423
f 2148 2423 2150
f 2150 2423 2424
f 2426 2425 2424
f 2425 2150 2424
f 2425 2152 2150
f 2152 2427 2154
f 2152 2425 2427
f 2429 2156 2428
f 2156 2427 2428
f 2156 2154 2427
f 2156 2429 2158
f 2158 2429 2430
f 2158 2430 2160
f 2160 2430 2431
f 2160 2431 2162
f 2162 2431 2432
f 2162 2432 2164
f 2164 2432 2433
f 2164 2433 2166
f 2166 2433 2434
f 2436 2435 2434
f 2435 2166 2434
f 2435 2168 2166
f 2168 2437 2170
f 2168 2435 2437
f 2439 2172 2438
f 2172 2437 2438
f 2172 2170 2437
f 2172 2439 2174
f 2174 2439 2440
f 2174 2440 2176
f 2176 2440 2441
f 2176 2441 2178
f 2178 2441 2442
f 2178 2442 2180
f 2180 2442 2443
f 2445 2444 2443
f 2444 2180 2443
f 2444 2182 2180
f 2447 2184 2446
f 2184 2444 2446
f 2184 2182 2444
f 2184 2447 2186
f 2186 2447 2448
f 2186 2448 2188
f 2188 2448 2449
f 2188 2449 2190
f 2190 2449 2450
f 2190 2450 2192
f 2192 2450 2451
f 2192 2451 2194
f 2194 2451 2452
f 2194 2452 2196
f 2196 2452 2453
f 2455 2454 2453
f 2454 2196 2453
f 2454 2198 2196
f 2457 2200 2456
f 2200 2454 2456
f 2200 2198 2454
f 2200 2457 2202
f 2202 2457 2458
f 2202 2458 2204
f 2204 2458 2459
f 2204 2459 2206
f 2206 2459 2460
f 2206 2460 2208
f 2208 2460 2461
f 2208 2461 2210
f 2210 2461 2462
f 2464 2463 2462
f 2463 2210 2462
f 2463 2211 2210
f 2211 2465 2212
f 2211 2463 2465
f 2467 2214 2466
f 2214 2465 2466
f 2214 2212 2465
f 2214 2467 2216
f 2216 2467 2468
f 2216 2468 2218
f 2218 2468 2469
f 2218 2469 2220
f 2220 2469 2470
f 2220 2470 2222
f 2222 2470 2471
f 2473 2472 2471
f 2472 2222 2471
f 2472 2224 2222
f 2224 2474 2225
f 2224 2472 2474
f 2476 2227 2475
f 2227 2474 2475
f 2227 2225 2474
f 2227 2476 2228
f 2230 2477 2229
f 2229 2477 2232
f 2233 2234 2478
f 2478 2234 2479
f 2233 2480 2236
f 2233 2478 2480
f 2236 2481 2238
f 2236 2480 2481
f 2483 2240 2482
f 2240 2481 2482
f 2240 2238 2481
f 2240 2483 2242
f 2242 2483 2484
f 2242 2484 2244
f 2244 2484 2485
f 2244 2485 2246
f 2246 2485 2486
f 2246 2486 2247
f 2249 2487 2248
f 2248 2487 2252
f 2252 2487 2488
f 2252 2488 2253
f 2255 2489 2254
f 2491 2490 2489
f 2490 2254 2489
f 2490 2258 2254
f 2493 2260 2492
f 2260 2490 2492
f 2260 2258 2490
f 2260 2493 2261
f 2263 2494 2262
f 2262 2494 2266
f 2266 2494 2495
f 2266 2495 2268
f 2268 2495 2496
f 2498 2497 2496
f 2497 2268 2496
f 2497 2270 2268
f 2270 2499 2271
f 2270 2497 2499
f 2501 2273 2500
f 2273 2499 2500
f 2273 2271 2499
f 2273 2501 2274
f 2276 2502 2275
f 2275 2502 2279
f 2279 2502 2503
f 2279 2503 2281
f 2281 2503 2504
f 2506 2505 2504
f 2505 2281 2504
f 2505 2282 2281
f 2282 2507 2283
f 2282 2505 2507
f 2283 2508 2285
f 2283 2507 2508
f 2510 2287 2509
f 2287 2508 2509
f 2287 2285 2508
f 2287 2510 2289
f 2289 2510 2511
f 2289 2511 2291
f 2291 2511 2512
f 2291 2512 2293
f 2293 2512 2513
f 2515 2514 2513
f 2514 2293 2513
f 2514 2294 2293
f 2294 2516 2295
f 2294 2514 2516
f 2518 2297 2517
f 2297 2516 2517
f 2297 2295 2516
f 2297 2518 2299
f 2299 2518 2519
f 2299 2519 2301
f 2301 2519 2520
f 2301 2520 2302
f 2304 2521 2303
f 2523 2522 2521
f 2522 2303 2521
f 2522 2306 2303
f 2306 2524 2307
f 2306 2522 2524
f 2307 2525 2309
f 2307 2524 2525
f 2309 2526 2311
f 2309 2525 2526
f 2311 2527 2313
f 2311 2526 2527
f 2314 2313 2528
f 2528 2313 2527
f 2315 2316 2529
f 2529 2316 2530
f 2315 2531 2319
f 2315 2529 2531
f 2320 2319 2532
f 2532 2319 2531
f 2321 2322 2533
f 2533 2322 2534
f 2536 2325 2535
f 2325 2533 2535
f 2325 2321 2533
f 2325 2536 2326
f 2328 2537 2327
f 2327 2537 2331
f 2331 2537 2538
f 2331 2538 2333
f 2333 2538 2539
f 2333 2539 2335
f 2335 2539 2540
f 2542 2541 2540
f 2541 2335 2540
f 2541 2337 2335
f 2337 2543 2339
f 2337 2541 2543
f 2339 2544 2341
f 2339 2543 2544
f 2546 2343 2545
f 2343 2544 2545
f 2343 2341 2544
f 2343 2546 2345
f 2345 2546 2547
f 2345 2547 2347
f 2347 2547 2548
f 2347 2548 2349
f 2349 2548 2549
f 2349 2549 2351
f 2351 2549 2550
f 2552 2551 2550
f 2551 2351 2550
f 2551 2352 2351
f 2554 2354 2553
f 2354 2551 2553
f 2354 2352 2551
f 2354 2554 2355
f 2357 2555 2356
f 2356 2555 2360
f 2360 2555 2556
f 2364 2365 2557
f 2557 2365 2558
f 2364 2559 2366
f 2364 2557 2559
f 2367 2366 2560
f 2560 2366 2559
f 2381 2561 2380
f 2380 2561 2382
f 2389 2562 2388
f 2388 2562 2390
f 2395 2563 2394
f 2394 2563 2396
f 2396 2563 2564
f 2396 2564 2397
f 2397 2564 2565
f 2397 2565 2398
f 2398 2565 2566
f 2398 2566 2399
f 2406 2407 2567
f 2567 2407 2568
f 2406 2569 2408
f 2406 2567 2569
f 2409 2408 2570
f 2570 2408 2569
f 2415 2571 2414
f 2573 2572 2571
f 2572 2414 2571
f 2572 2416 2414
f 2416 2574 2417
f 2416 2572 2574
f 2418 2417 2575
f 2575 2417 2574
f 2426 2576 2425
f 2425 2576 2427
f 2427 2576 2577
f 2427 2577 2428
f 2436 2578 2435
f 2435 2578 2437
f 2437 2578 2579
f 2437 2579 2438
f 2445 2580 2444
f 2444 2580 2446
f 2455 2581 2454
f 2454 2581 2456
f 2463 2464 2582
f 2582 2464 2583
f 2463 2584 2465
f 2463 2582 2584
f 2466 2465 2585
f 2585 2465 2584
f 2473 2586 2472
f 2588 2587 2586
f 2587 2472 2586
f 2587 2474 2472
f 2475 2474 2589
f 2589 2474 2587
f 2479 2590 2478
f 2478 2590 2480
f 2480 2590 2591
f 2480 2591 2481
f 2481 2591 2592
f 2481 2592 2482
f 2491 2593 2490
f 2490 2593 2492
f 2498 2594 2497
f 2497 2594 2499
f 2499 2594 2595
f 2499 2595 2500
f 2505 2506 2596
f 2596 2506 2597
f 2505 2598 2507
f 2505 2596 2598
f 2600 2508 2599
f 2508 2598 2599
f 2508 2507 2598
f 2508 2600 2509
f 2514 2515 2601
f 2601 2515 2602
f 2514 2603 2516
f 2514 2601 2603
f 2517 2516 2604
f 2604 2516 2603
f 2522 2523 2605
f 2605 2523 2606
f 2522 2607 2524
f 2522 2605 2607
f 2609 2525 2608
f 2525 2607 2608
f 2525 2524 2607
f 2525 2609 2526
f 2526 2609 2610
f 2526 2610 2527
f 2527 2610 2611
f 2527 2611 2528
f 2530 2612 2529
f 2529 2612 2531
f 2531 2612 2613
f 2531 2613 2532
f 2534 2614 2533
f 2533 2614 2535
f 2542 2615 2541
f 2541 2615 2543
f 2543 2615 2616
f 2543 2616 2544
f 2544 2616 2617
f 2544 2617 2545
f 2552 2618 2551
f 2551 2618 2553
f 2621 2620 2619
f 2619 2620 2622
f 2624 2623 2621
f 2621 2623 2620
f 2623 2624 2558
f 2624 2557 2558
f 2624 2625 2557
f 2557 2626 2559
f 2557 2625 2626
f 2560 2559 2627
f 2559 2628 2627
f 2559 2626 2628
f 2628 2629 2627
f 2632 2631 2630
f 2630 2633 2632
f 2636 2635 2634
f 2634 2637 2636
f 2640 2639 2638
f 2642 2641 2638
f 2638 2641 2640
f 2642 2643 2641
f 2646 2645 2644
f 2646 2644 2568
f 2644 2567 2568
f 2644 2647 2567
f 2567 2648 2569
f 2567 2647 2648
f 2570 2569 2649
f 2569 2650 2649
f 2569 2648 2650
f 2652 2651 2650
f 2650 2651 2649
f 2652 2653 2651
f 2656 2655 2654
f 2656 2654 2573
f 2654 2572 2573
f 2654 2657 2572
f 2572 2658 2574
f 2572 2657 2658
f 2575 2574 2659
f 2659 2574 2658
f 2662 2661 2660
f 2664 2663 2660
f 2660 2663 2662
f 2666 2665 2664
f 2664 2665 2663
f 2668 2667 2666
f 2666 2667 2665
f 2668 2669 2667
f 2672 2671 2670
f 2670 2673 2672
f 2676 2675 2674
f 2678 2677 2674
f 2674 2677 2676
f 2680 2679 2678
f 2678 2679 2677
f 2680 2681 2679
f 2684 2683 2682
f 2686 2685 2682
f 2682 2685 2684
f 2686 2687 2685
f 2582 2583 2688
f 2688 2583 2689
f 2582 2690 2584
f 2582 2688 2690
f 2585 2584 2691
f 2584 2692 2691
f 2584 2690 2692
f 2694 2693 2692
f 2692 2693 2691
f 2694 2695 2693
f 2698 2697 2696
f 2698 2696 2588
f 2696 2587 2588
f 2696 2699 2587
f 2589 2587 2700
f 2700 2587 2699
f 2703 2702 2701
f 2705 2704 2701
f 2701 2704 2703
f 2707 2706 2705
f 2705 2706 2704
f 2709 2708 2707
f 2707 2708 2706
f 2711 2710 2709
f 2709 2710 2708
f 2711 2712 2710
f 2715 2714 2713
f 2717 2716 2713
f 2713 2716 2715
f 2717 2718 2716
f 2596 2597 2719
f 2719 2597 2720
f 2596 2721 2598
f 2596 2719 2721
f 2599 2598 2722
f 2598 2723 2722
f 2598 2721 2723
f 2723 2724 2722
f 2601 2602 2725
f 2725 2602 2726
f 2601 2727 2603
f 2601 2725 2727
f 2604 2603 2728
f 2728 2603 2727
f 2605 2606 2729
f 2729 2606 2730
f 2605 2731 2607
f 2605 2729 2731
f 2608 2607 2732
f 2607 2733 2732
f 2607 2731 2733
f 2733 2734 2732
f 2737 2736 2735
f 2739 2738 2735
f 2735 2738 2737
f 2739 2740 2738
f 2743 2742 2741
f 2745 2744 2741
f 2741 2744 2743
f 2745 2746 2744
f 2749 2748 2747
f 2619 2750 2621
f 2621 2750 2751
f 2621 2751 2624
f 2624 2751 2752
f 2754 2753 2752
f 2753 2624 2752
f 2753 2625 2624
f 2625 2755 2626
f 2625 2753 2755
f 2757 2628 2756
f 2628 2755 2756
f 2628 2626 2755
f 2628 2757 2629
f 2631 2758 2630
f 2630 2758 2633
f 2635 2759 2634
f 2634 2759 2637
f 2639 2760 2638
f 2638 2760 2642
f 2642 2760 2761
f 2642 2761 2643
f 2645 2762 2644
f 2644 2762 2647
f 2647 2762 2763
f 2765 2764 2763
f 2764 2647 2763
f 2764 2648 2647
f 2767 2650 2766
f 2650 2764 2766
f 2650 2648 2764
f 2650 2767 2652
f 2652 2767 2768
f 2652 2768 2653
f 2655 2769 2654
f 2654 2769 2657
f 2657 2769 2770
f 2657 2770 2658
f 2658 2770 2771
f 2658 2771 2659
f 2661 2772 2660
f 2660 2772 2664
f 2664 2772 2773
f 2664 2773 2666
f 2666 2773 2774
f 2666 2774 2668
f 2668 2774 2775
f 2668 2775 2669
f 2671 2776 2670
f 2670 2776 2673
f 2675 2777 2674
f 2674 2777 2678
f 2678 2777 2778
f 2678 2778 2680
f 2680 2778 2779
f 2680 2779 2681
f 2683 2780 2682
f 2682 2780 2686
f 2686 2780 2781
f 2686 2781 2687
f 2688 2689 2782
f 2782 2689 2783
f 2688 2784 2690
f 2688 2782 2784
f 2786 2692 2785
f 2692 2784 2785
f 2692 2690 2784
f 2692 2786 2694
f 2694 2786 2787
f 2694 2787 2695
f 2697 2788 2696
f 2790 2789 2788
f 2789 2696 2788
f 2789 2699 2696
f 2700 2699 2791
f 2791 2699 2789
f 2701 2702 2792
f 2792 2702 2793
f 2701 2794 2705
f 2701 2792 2794
f 2796 2707 2795
f 2707 2794 2795
f 2707 2705 2794
f 2707 2796 2709
f 2709 2796 2797
f 2709 2797 2711
f 2711 2797 2798
f 2711 2798 2712
f 2714 2799 2713
f 2801 2800 2799
f 2800 2713 2799
f 2800 2717 2713
f 2718 2717 2802
f 2802 2717 2800
f 2719 2720 2803
f 2803 2720 2804
f 2719 2805 2721
f 2719 2803 2805
f 2807 2723 2806
f 2723 2805 2806
f 2723 2721 2805
f 2723 2807 2724
f 2725 2726 2808
f 2808 2726 2809
f 2725 2810 2727
f 2725 2808 2810
f 2728 2727 2811
f 2811 2727 2810
f 2729 2730 2812
f 2812 2730 2813
f 2729 2814 2731
f 2729 2812 2814
f 2816 2733 2815
f 2733 2814 2815
f 2733 2731 2814
f 2733 2816 2734
f 2736 2817 2735
f 2735 2817 2739
f 2739 2817 2818
f 2739 2818 2740
f 2741 2742 2819
f 2819 2742 2820
f 2822 2745 2821
f 2745 2819 2821
f 2745 2741 2819
f 2745 2822 2746
f 2748 2823 2747
f 2826 2825 2824
f 2826 2827 2825
f 2824 2829 2828
f 2824 2825 2829
f 2829 2 3
f 2830 2829 3
f 2828 2829 2830
f 2830 3 4
f 2830 4 2831
f 2831 4 6
f 2831 6 2832
f 2832 6 8
f 2832 8 2833
f 2833 8 10
f 2833 10 2834
f 2834 10 12
f 2835 2834 12
f 2836 2834 2835
f 2836 2838 2837
f 2836 2835 2838
f 2838 14 15
f 2839 2838 15
f 2837 2838 2839
f 2839 15 16
f 2839 16 2840
f 2840 16 18
f 2840 18 2841
f 2841 18 20
f 2841 20 2842
f 2842 20 22
f 2843 2842 22
f 2844 2842 2843
f 2844 2846 2845
f 2844 2843 2846
f 2845 2848 2847
f 2845 2846 2848
f 2847 2850 2849
f 2847 2848 2850
f 2849 2852 2851
f 2849 2850 2852
f 2851 2854 2853
f 2851 2852 2854
f 2853 2856 2855
f 2853 2854 2856
f 2855 2858 2857
f 2855 2856 2858
f 2857 2860 2859
f 2857 2858 2860
f 2859 2862 2861
f 2859 2860 2862
f 2861 2864 2863
f 2861 2862 2864
f 2863 2866 2865
f 2863 2864 2866
f 2865 2868 2867
f 2865 2866 2868
f 2867 2870 2869
f 2867 2868 2870
f 2869 2872 2871
f 2869 2870 2872
f 2871 2874 2873
f 2871 2872 2874
f 2873 2876 2875
f 2873 2874 2876
f 2875 2878 2877
f 2875 2876 2878
f 2877 2880 2879
f 2877 2878 2880
f 2879 2882 2881
f 2879 2880 2882
f 2882 24 25
f 2883 2882 25
f 2881 2882 2883
f 2883 25 26
f 2884 2883 26
f 2885 2883 2884
f 2885 2887 2886
f 2885 2884 2887
f 2886 2889 2888
f 2886 2887 2889
f 2888 2891 2890
f 2888 2889 2891
f 2890 2893 2892
f 2890 2891 2893
f 2892 2895 2894
f 2892 2893 2895
f 2895 28 29
f 2896 2895 29
f 2894 2895 2896
f 2896 29 30
f 2896 30 2897
f 2897 30 32
f 2898 2897 32
f 2899 2897 2898
f 2899 2901 2900
f 2899 2898 2901
f 2900 2903 2902
f 2900 2901 2903
f 2902 2905 2904
f 2902 2903 2905
f 2904 2907 2906
f 2904 2905 2907
f 2906 2909 2908
f 2906 2907 2909
f 2908 2911 2910
f 2908 2909 2911
f 2910 2913 2912
f 2910 2911 2913
f 2912 2915 2914
f 2912 2913 2915
f 2914 2917 2916
f 2914 2915 2917
f 2916 2919 2918
f 2916 2917 2919
f 2918 2921 2920
f 2918 2919 2921
f 2920 2923 2922
f 2920 2921 2923
f 2923 34 35
f 2924 2923 35
f 2922 2923 2924
f 2924 35 36
f 2925 2924 36
f 2926 2924 2925
f 2926 2928 2927
f 2926 2925 2928
f 2927 2930 2929
f 2927 2928 2930
f 2929 2932 2931
f 2929 2930 2932
f 2931 2934 2933
f 2931 2932 2934
f 2933 2936 2935
f 2933 2934 2936
f 2935 2938 2937
f 2935 2936 2938
f 2937 2940 2939
f 2937 2938 2940
f 2939 2942 2941
f 2939 2940 2942
f 2941 2944 2943
f 2941 2942 2944
f 2943 2946 2945
f 2943 2944 2946
f 2945 2948 2947
f 2945 2946 2948
f 2947 2950 2949
f 2947 2948 2950
f 2949 2952 2951
f 2949 2950 2952
f 2951 2954 2953
f 2951 2952 2954
f 2953 2956 2955
f 2953 2954 2956
f 2955 2958 2957
f 2955 2956 2958
f 2957 2960 2959
f 2957 2958 2960
f 2959 2962 2961
f 2959 2960 2962
f 2962 38 39
f 2963 2962 39
f 2961 2962 2963
f 2963 39 40
f 2963 40 2964
f 2964 40 42
f 2964 42 2965
f 2965 42 44
f 2965 44 2966
f 2966 44 46
f 2967 2966 46
f 2968 2966 2967
f 2967 48 49
f 2969 2967 49
f 2968 2967 2969
f 2969 49 50
f 2969 50 2970
f 2970 50 52
f 2970 52 2971
f 2971 52 54
f 2971 54 2972
f 2972 54 56
f 2972 56 2973
f 2973 56 58
f 2973 58 2974
f 2974 58 60
f 2974 60 2975
f 2975 60 62
f 2975 62 2976
f 2976 62 64
f 2976 64 2977
f 2977 64 66
f 2977 66 2978
f 2978 66 68
f 2979 2978 68
f 2980 2978 2979
f 2980 2982 2981
f 2980 2979 2982
f 2981 2984 2983
f 2981 2982 2984
f 2983 2986 2985
f 2983 2984 2986
f 2986 70 71
f 2987 2986 71
f 2985 2986 2987
f 2987 71 72
f 2987 72 2988
f 2988 72 74
f 2988 74 2989
f 2989 74 76
f 2989 76 2990
f 2990 76 78
f 2990 78 2991
f 2991 78 80
f 2992 2991 80
f 2993 2991 2992
f 2992 82 83
f 2994 2992 83
f 2993 2992 2994
f 2994 83 84
f 2994 84 2995
f 2995 84 86
f 2995 86 2996
f 2996 86 88
f 2996 88 2997
f 2997 88 90
f 2997 90 2998
f 2998 90 92
f 2999 2998 92
f 3000 2998 2999
f 3000 3002 3001
f 3000 2999 3002
f 3001 3004 3003
f 3001 3002 3004
f 3003 3006 3005
f 3003 3004 3006
f 3005 3008 3007
f 3005 3006 3008
f 3008 94 95
f 3009 3008 95
f 3007 3008 3009
f 3009 95 96
f 3009 96 3010
f 3010 96 98
f 3010 98 3011
f 3011 98 100
f 3011 100 3012
f 3012 100 102
f 3012 102 3013
f 3013 102 104
f 3013 104 3014
f 3014 104 106
f 3014 106 3015
f 3015 106 108
f 3015 108 3016
f 3016 108 110
f 3016 110 3017
f 3017 110 112
f 3017 112 3018
f 3018 112 114
f 3018 114 3019
f 3019 114 116
f 3019 116 3020
f 3020 116 118
f 3020 118 3021
f 3021 118 120
f 3021 120 3022
f 3022 120 122
f 3022 122 3023
f 3023 122 124
f 3023 124 3024
f 3024 124 126
f 3024 126 3025
f 3025 126 128
f 3025 128 3026
f 3026 128 130
f 3026 130 3027
f 3027 130 132
f 3027 132 3028
f 3028 132 134
f 3028 134 3029
f 3029 134 136
f 3029 136 3030
f 3030 136 138
f 3030 138 3031
f 3031 138 140
f 3031 140 3032
f 3032 140 142
f 3032 142 3033
f 3033 142 144
f 3033 144 3034
f 3034 144 146
f 3034 146 3035
f 3035 146 148
f 3035 148 3036
f 3036 148 150
f 3036 150 3037
f 3037 150 152
f 3037 152 3038
f 3038 152 154
f 3038 154 3039
f 3039 154 156
f 3039 156 3040
f 3040 156 158
f 3040 158 3041
f 3041 158 160
f 3041 160 3042
f 3042 160 162
f 3042 162 3043
f 3043 162 164
f 3043 164 3044
f 3044 164 166
f 3044 166 3045
f 3045 166 168
f 3045 168 3046
f 3046 168 170
f 3046 170 3047
f 3047 170 172
f 3047 172 3048
f 3048 172 174
f 3048 174 3049
f 3049 174 176
f 3049 176 3050
f 3050 176 178
f 3050 178 3051
f 3051 178 180
f 3051 180 3052
f 3052 180 182
f 3052 182 3053
f 3053 182 184
f 3053 184 3054
f 3054 184 186
f 3054 186 3055
f 3055 186 188
f 3055 188 3056
f 3056 188 190
f 3057 3056 190
f 3058 3056 3057
f 3057 192 193
f 3059 3057 193
f 3058 3057 3059
f 3059 193 194
f 3059 194 3060
f 3060 194 196
f 3060 196 3061
f 3061 196 198
f 3062 3061 198
f 3063 3061 3062
f 3063 3065 3064
f 3063 3062 3065
f 3065 200 201
f 3066 3065 201
f 3064 3065 3066
f 3066 201 202
f 3066 202 3067
f 3067 202 204
f 3068 3067 204
f 3069 3067 3068
f 3068 206 207
f 3070 3068 207
f 3069 3068 3070
f 3070 207 208
f 3070 208 3071
f 3071 208 210
f 3071 210 3072
f 3072 210 212
f 3073 3072 212
f 3074 3072 3073
f 3073 214 215
f 3075 3073 215
f 3074 3073 3075
f 3075 215 216
f 3075 216 3076
f 3076 216 218
f 3076 218 3077
f 3077 218 220
f 3077 220 3078
f 3078 220 222
f 3078 222 3079
f 3079 222 224
f 3079 224 3080
f 3080 224 226
f 3081 3080 226
f 3082 3080 3081
f 3082 3084 3083
f 3082 3081 3084
f 3083 3086 3085
f 3083 3084 3086
f 2827 3087 2825
f 2827 3088 3087
f 2825 3089 2829
f 2825 3087 3089
f 3090 227 2
f 2829 3090 2
f 3089 3090 2829
f 3091 228 227
f 3091 227 3090
f 3092 229 228
f 3092 228 3091
f 3093 230 229
f 3093 229 3092
f 3094 231 230
f 3094 230 3093
f 2835 12 231
f 3094 2835 231
f 3095 2835 3094
f 2835 3096 2838
f 2835 3095 3096
f 3097 232 14
f 2838 3097 14
f 3096 3097 2838
f 3098 233 232
f 3098 232 3097
f 3099 234 233
f 3099 233 3098
f 3100 235 234
f 3100 234 3099
f 2843 22 235
f 3100 2843 235
f 3101 2843 3100
f 2843 3102 2846
f 2843 3101 3102
f 2846 3103 2848
f 2846 3102 3103
f 2848 3104 2850
f 2848 3103 3104
f 2850 3105 2852
f 2850 3104 3105
f 2852 3106 2854
f 2852 3105 3106
f 2854 3107 2856
f 2854 3106 3107
f 2856 3108 2858
f 2856 3107 3108
f 2858 3109 2860
f 2858 3108 3109
f 2860 3110 2862
f 2860 3109 3110
f 2862 3111 2864
f 2862 3110 3111
f 2864 3112 2866
f 2864 3111 3112
f 2866 3113 2868
f 2866 3112 3113
f 2868 3114 2870
f 2868 3113 3114
f 2870 3115 2872
f 2870 3114 3115
f 2872 3116 2874
f 2872 3115 3116
f 2874 3117 2876
f 2874 3116 3117
f 2876 3118 2878
f 2876 3117 3118
f 2878 3119 2880
f 2878 3118 3119
f 2880 3120 2882
f 2880 3119 3120
f 3121 236 24
f 2882 3121 24
f 3120 3121 2882
f 2884 26 236
f 3121 2884 236
f 3122 2884 3121
f 2884 3123 2887
f 2884 3122 3123
f 2887 3124 2889
f 2887 3123 3124
f 2889 3125 2891
f 2889 3124 3125
f 2891 3126 2893
f 2891 3125 3126
f 2893 3127 2895
f 2893 3126 3127
f 3128 237 28
f 2895 3128 28
f 3127 3128 2895
f 3129 238 237
f 3129 237 3128
f 2898 32 238
f 3129 2898 238
f 3130 2898 3129
f 2898 3131 2901
f 2898 3130 3131
f 2901 3132 2903
f 2901 3131 3132
f 2903 3133 2905
f 2903 3132 3133
f 2905 3134 2907
f 2905 3133 3134
f 2907 3135 2909
f 2907 3134 3135
f 2909 3136 2911
f 2909 3135 3136
f 2911 3137 2913
f 2911 3136 3137
f 2913 3138 2915
f 2913 3137 3138
f 2915 3139 2917
f 2915 3138 3139
f 2917 3140 2919
f 2917 3139 3140
f 2919 3141 2921
f 2919 3140 3141
f 2921 3142 2923
f 2921 3141 3142
f 3143 239 34
f 2923 3143 34
f 3142 3143 2923
f 2925 36 239
f 3143 2925 239
f 3144 2925 3143
f 2925 3145 2928
f 2925 3144 3145
f 2928 3146 2930
f 2928 3145 3146
f 2930 3147 2932
f 2930 3146 3147
f 2932 3148 2934
f 2932 3147 3148
f 2934 3149 2936
f 2934 3148 3149
f 2936 3150 2938
f 2936 3149 3150
f 2938 3151 2940
f 2938 3150 3151
f 2940 3152 2942
f 2940 3151 3152
f 2942 3153 2944
f 2942 3152 3153
f 2944 3154 2946
f 2944 3153 3154
f 2946 3155 2948
f 2946 3154 3155
f 2948 3156 2950
f 2948 3155 3156
f 2950 3157 2952
f 2950 3156 3157
f 2952 3158 2954
f 2952 3157 3158
f 2954 3159 2956
f 2954 3158 3159
f 2956 3160 2958
f 2956 3159 3160
f 2958 3161 2960
f 2958 3160 3161
f 2960 3162 2962
f 2960 3161 3162
f 3163 240 38
f 2962 3163 38
f 3162 3163 2962
f 3164 241 240
f 3164 240 3163
f 3165 242 241
f 3165 241 3164
f 3166 243 242
f 3166 242 3165
f 2967 46 243
f 3166 2967 243
f 3167 2967 3166
f 3168 244 48
f 2967 3168 48
f 3167 3168 2967
f 3169 245 244
f 3169 244 3168
f 3170 246 245
f 3170 245 3169
f 3171 247 246
f 3171 246 3170
f 3172 248 247
f 3172 247 3171
f 3173 249 248
f 3173 248 3172
f 3174 250 249
f 3174 249 3173
f 3175 251 250
f 3175 250 3174
f 3176 252 251
f 3176 251 3175
f 3177 253 252
f 3177 252 3176
f 2979 68 253
f 3177 2979 253
f 3178 2979 3177
f 2979 3179 2982
f 2979 3178 3179
f 2982 3180 2984
f 2982 3179 3180
f 2984 3181 2986
f 2984 3180 3181
f 3182 254 70
f 2986 3182 70
f 3181 3182 2986
f 3183 255 254
f 3183 254 3182
f 3184 256 255
f 3184 255 3183
f 3185 257 256
f 3185 256 3184
f 3186 258 257
f 3186 257 3185
f 2992 80 258
f 3186 2992 258
f 3187 2992 3186
f 3188 259 82
f 2992 3188 82
f 3187 3188 2992
f 3188 261 259
f 262 3189 263
f 3190 264 263
f 3190 263 3189
f 3191 265 264
f 3191 264 3190
f 2999 92 265
f 3191 2999 265
f 3192 2999 3191
f 2999 3193 3002
f 2999 3192 3193
f 3002 3194 3004
f 3002 3193 3194
f 3004 3195 3006
f 3004 3194 3195
f 3006 3196 3008
f 3006 3195 3196
f 3197 266 94
f 3008 3197 94
f 3196 3197 3008
f 3198 267 266
f 3198 266 3197
f 3199 268 267
f 3199 267 3198
f 3200 269 268
f 3200 268 3199
f 3201 270 269
f 3201 269 3200
f 3202 271 270
f 3202 270 3201
f 3203 272 271
f 3203 271 3202
f 3204 273 272
f 3204 272 3203
f 3205 274 273
f 3205 273 3204
f 3206 275 274
f 3206 274 3205
f 3207 276 275
f 3207 275 3206
f 3207 278 276
f 280 3208 281
f 3209 282 281
f 3209 281 3208
f 3210 283 282
f 3210 282 3209
f 3211 284 283
f 3211 283 3210
f 3212 285 284
f 3212 284 3211
f 3213 286 285
f 3213 285 3212
f 3214 287 286
f 3214 286 3213
f 3215 288 287
f 3215 287 3214
f 3216 289 288
f 3216 288 3215
f 3217 290 289
f 3217 289 3216
f 3218 291 290
f 3218 290 3217
f 3219 292 291
f 3219 291 3218
f 3220 293 292
f 3220 292 3219
f 3221 294 293
f 3221 293 3220
f 3221 296 294
f 297 3222 298
f 3223 299 298
f 3223 298 3222
f 3224 300 299
f 3224 299 3223
f 3225 301 300
f 3225 300 3224
f 3226 302 301
f 3226 301 3225
f 3227 303 302
f 3227 302 3226
f 3228 304 303
f 3228 303 3227
f 3229 305 304
f 3229 304 3228
f 3230 306 305
f 3230 305 3229
f 3231 307 306
f 3231 306 3230
f 3232 308 307
f 3232 307 3231
f 3233 309 308
f 3233 308 3232
f 3234 310 309
f 3234 309 3233
f 3235 311 310
f 3235 310 3234
f 3236 312 311
f 3236 311 3235
f 3237 313 312
f 3237 312 3236
f 3238 314 313
f 3238 313 3237
f 3239 315 314
f 3239 314 3238
f 3240 316 315
f 3240 315 3239
f 3241 317 316
f 3241 316 3240
f 3057 190 317
f 3241 3057 317
f 3242 3057 3241
f 3243 318 192
f 3057 3243 192
f 3242 3243 3057
f 3244 319 318
f 3244 318 3243
f 3245 320 319
f 3245 319 3244
f 3062 198 320
f 3245 3062 320
f 3246 3062 3245
f 3062 3247 3065
f 3062 3246 3247
f 3248 321 200
f 3065 3248 200
f 3247 3248 3065
f 3249 322 321
f 3249 321 3248
f 3068 204 322
f 3249 3068 322
f 3250 3068 3249
f 3251 323 206
f 3068 3251 206
f 3250 3251 3068
f 3252 324 323
f 3252 323 3251
f 3253 325 324
f 3253 324 3252
f 3073 212 325
f 3253 3073 325
f 3254 3073 3253
f 3255 326 214
f 3073 3255 214
f 3254 3255 3073
f 3256 327 326
f 3256 326 3255
f 3257 328 327
f 3257 327 3256
f 3258 329 328
f 3258 328 3257
f 3259 330 329
f 3259 329 3258
f 3260 331 330
f 3260 330 3259
f 3081 226 331
f 3260 3081 331
f 3261 3081 3260
f 3081 3262 3084
f 3081 3261 3262
f 3084 3263 3086
f 3084 3262 3263
f 3088 3264 3087
f 3088 3265 3264
f 3087 3266 3089
f 3087 3264 3266
f 3266 333 334
f 3090 3266 334
f 3089 3266 3090
f 3090 334 335
f 3090 335 3091
f 3091 335 337
f 3267 3091 337
f 3092 3091 3267
f 3092 3268 3093
f 3092 3267 3268
f 3093 3269 3094
f 3093 3268 3269
f 3094 3270 3095
f 3094 3269 3270
f 3095 3271 3096
f 3095 3270 3271
f 3096 3272 3097
f 3096 3271 3272
f 3272 339 340
f 3098 3272 340
f 3097 3272 3098
f 3098 340 341
f 3098 341 3099
f 3099 341 343
f 3273 3099 343
f 3100 3099 3273
f 3100 3274 3101
f 3100 3273 3274
f 3274 345 346
f 3102 3274 346
f 3101 3274 3102
f 3102 346 347
f 3275 3102 347
f 3103 3102 3275
f 3103 3276 3104
f 3103 3275 3276
f 3104 3277 3105
f 3104 3276 3277
f 3105 3278 3106
f 3105 3277 3278
f 3278 349 350
f 3107 3278 350
f 3106 3278 3107
f 3107 350 351
f 3107 351 3108
f 3108 351 353
f 3108 353 3109
f 3109 353 355
f 3279 3109 355
f 3110 3109 3279
f 3110 3280 3111
f 3110 3279 3280
f 3111 3281 3112
f 3111 3280 3281
f 3112 3282 3113
f 3112 3281 3282
f 3113 3283 3114
f 3113 3282 3283
f 3114 3284 3115
f 3114 3283 3284
f 3115 3285 3116
f 3115 3284 3285
f 3285 357 358
f 3117 3285 358
f 3116 3285 3117
f 3117 358 359
f 3117 359 3118
f 3118 359 361
f 3286 3118 361
f 3119 3118 3286
f 3286 363 364
f 3120 3286 364
f 3119 3286 3120
f 3120 364 365
f 3120 365 3121
f 3121 365 367
f 3121 367 3122
f 3122 367 369
f 3287 3122 369
f 3123 3122 3287
f 3123 3288 3124
f 3123 3287 3288
f 3124 3289 3125
f 3124 3288 3289
f 3125 3290 3126
f 3125 3289 3290
f 3126 3291 3127
f 3126 3290 3291
f 3291 371 372
f 3128 3291 372
f 3127 3291 3128
f 3128 372 373
f 3128 373 3129
f 3129 373 375
f 3292 3129 375
f 3130 3129 3292
f 3130 3293 3131
f 3130 3292 3293
f 3131 3294 3132
f 3131 3293 3294
f 3132 3295 3133
f 3132 3294 3295
f 3133 3296 3134
f 3133 3295 3296
f 3296 377 378
f 3135 3296 378
f 3134 3296 3135
f 3135 378 379
f 3135 379 3136
f 3136 379 381
f 3297 3136 381
f 3137 3136 3297
f 3137 3298 3138
f 3137 3297 3298
f 3298 383 384
f 3139 3298 384
f 3138 3298 3139
f 3139 384 385
f 3299 3139 385
f 3140 3139 3299
f 3140 3300 3141
f 3140 3299 3300
f 3141 3301 3142
f 3141 3300 3301
f 3301 387 388
f 3143 3301 388
f 3142 3301 3143
f 3143 388 389
f 3143 389 3144
f 3144 389 391
f 3302 3144 391
f 3145 3144 3302
f 3145 3303 3146
f 3145 3302 3303
f 3146 3304 3147
f 3146 3303 3304
f 3147 3305 3148
f 3147 3304 3305
f 3148 3306 3149
f 3148 3305 3306
f 3149 3307 3150
f 3149 3306 3307
f 3307 393 394
f 3151 3307 394
f 3150 3307 3151
f 3151 394 395
f 3151 395 3152
f 3152 395 397
f 3308 3152 397
f 3153 3152 3308
f 3153 3309 3154
f 3153 3308 3309
f 3154 3310 3155
f 3154 3309 3310
f 3155 3311 3156
f 3155 3310 3311
f 3311 399 400
f 3157 3311 400
f 3156 3311 3157
f 3157 400 401
f 3157 401 3158
f 3158 401 403
f 3312 3158 403
f 3159 3158 3312
f 3159 3313 3160
f 3159 3312 3313
f 3160 3314 3161
f 3160 3313 3314
f 3314 405 406
f 3162 3314 406
f 3161 3314 3162
f 3162 406 407
f 3162 407 3163
f 3163 407 409
f 3163 409 3164
f 3164 409 411
f 3164 411 3165
f 3165 411 413
f 3315 3165 413
f 3166 3165 3315
f 3166 3316 3167
f 3166 3315 3316
f 3316 415 416
f 3168 3316 416
f 3167 3316 3168
f 3168 416 417
f 3168 417 3169
f 3169 417 419
f 3317 3169 419
f 3170 3169 3317
f 3170 3318 3171
f 3170 3317 3318
f 3171 3319 3172
f 3171 3318 3319
f 3319 421 422
f 3173 3319 422
f 3172 3319 3173
f 3173 422 423
f 3320 3173 423
f 3174 3173 3320
f 3174 3321 3175
f 3174 3320 3321
f 3321 425 426
f 3176 3321 426
f 3175 3321 3176
f 3176 426 427
f 3322 3176 427
f 3177 3176 3322
f 3177 3323 3178
f 3177 3322 3323
f 3178 3324 3179
f 3178 3323 3324
f 3179 3325 3180
f 3179 3324 3325
f 3180 3326 3181
f 3180 3325 3326
f 3181 3327 3182
f 3181 3326 3327
f 3327 429 430
f 3183 3327 430
f 3182 3327 3183
f 3183 430 431
f 3183 431 3184
f 3184 431 433
f 3328 3184 433
f 3185 3184 3328
f 3185 3329 3186
f 3185 3328 3329
f 3186 3330 3187
f 3186 3329 3330
f 3330 435 436
f 3188 3330 436
f 3187 3330 3188
f 3188 436 261
f 438 3189 262
f 3189 438 440
f 3189 440 3190
f 3190 440 442
f 3331 3190 442
f 3191 3190 3331
f 3191 3332 3192
f 3191 3331 3332
f 3192 3333 3193
f 3192 3332 3333
f 3193 3334 3194
f 3193 3333 3334
f 3194 3335 3195
f 3194 3334 3335
f 3195 3336 3196
f 3195 3335 3336
f 3196 3337 3197
f 3196 3336 3337
f 3337 444 445
f 3198 3337 445
f 3197 3337 3198
f 3198 445 446
f 3198 446 3199
f 3199 446 448
f 3199 448 3200
f 3200 448 450
f 3338 3200 450
f 3201 3200 3338
f 3201 3339 3202
f 3201 3338 3339
f 3202 3340 3203
f 3202 3339 3340
f 3203 3341 3204
f 3203 3340 3341
f 3204 3342 3205
f 3204 3341 3342
f 3205 3343 3206
f 3205 3342 3343
f 3343 452 453
f 3207 3343 453
f 3206 3343 3207
f 3207 453 278
f 456 3208 280
f 3208 456 458
f 3344 3208 458
f 3209 3208 3344
f 3209 3345 3210
f 3209 3344 3345
f 3345 460 461
f 3211 3345 461
f 3210 3345 3211
f 3211 461 462
f 3211 462 3212
f 3212 462 464
f 3346 3212 464
f 3213 3212 3346
f 3213 3347 3214
f 3213 3346 3347
f 3214 3348 3215
f 3214 3347 3348
f 3215 3349 3216
f 3215 3348 3349
f 3216 3350 3217
f 3216 3349 3350
f 3217 3351 3218
f 3217 3350 3351
f 3218 3352 3219
f 3218 3351 3352
f 3352 466 467
f 3220 3352 467
f 3219 3352 3220
f 3220 467 468
f 3220 468 3221
f 3221 468 296
f 471 3222 297
f 3222 471 473
f 3353 3222 473
f 3223 3222 3353
f 3353 475 476
f 3224 3353 476
f 3223 3353 3224
f 3224 476 477
f 3224 477 3225
f 3225 477 479
f 3225 479 3226
f 3226 479 481
f 3354 3226 481
f 3227 3226 3354
f 3227 3355 3228
f 3227 3354 3355
f 3228 3356 3229
f 3228 3355 3356
f 3229 3357 3230
f 3229 3356 3357
f 3357 483 484
f 3231 3357 484
f 3230 3357 3231
f 3231 484 485
f 3358 3231 485
f 3232 3231 3358
f 3232 3359 3233
f 3232 3358 3359
f 3233 3360 3234
f 3233 3359 3360
f 3234 3361 3235
f 3234 3360 3361
f 3235 3362 3236
f 3235 3361 3362
f 3236 3363 3237
f 3236 3362 3363
f 3237 3364 3238
f 3237 3363 3364
f 3364 487 488
f 3239 3364 488
f 3238 3364 3239
f 3239 488 489
f 3239 489 3240
f 3240 489 491
f 3240 491 3241
f 3241 491 493
f 3241 493 3242
f 3242 493 495
f 3365 3242 495
f 3243 3242 3365
f 3243 3366 3244
f 3243 3365 3366
f 3244 3367 3245
f 3244 3366 3367
f 3245 3368 3246
f 3245 3367 3368
f 3246 3369 3247
f 3246 3368 3369
f 3369 497 498
f 3248 3369 498
f 3247 3369 3248
f 3248 498 499
f 3248 499 3249
f 3249 499 501
f 3370 3249 501
f 3250 3249 3370
f 3370 503 504
f 3251 3370 504
f 3250 3370 3251
f 3251 504 505
f 3251 505 3252
f 3252 505 507
f 3371 3252 507
f 3253 3252 3371
f 3253 3372 3254
f 3253 3371 3372
f 3254 3373 3255
f 3254 3372 3373
f 3373 509 510
f 3256 3373 510
f 3255 3373 3256
f 3256 510 511
f 3256 511 3257
f 3257 511 513
f 3374 3257 513
f 3258 3257 3374
f 3374 515 516
f 3259 3374 516
f 3258 3374 3259
f 3259 516 517
f 3259 517 3260
f 3260 517 519
f 3375 3260 519
f 3261 3260 3375
f 3261 3376 3262
f 3261 3375 3376
f 3262 3377 3263
f 3262 3376 3377
f 3265 523 521
f 3265 521 3264
f 3264 521 524
f 3264 524 3266
f 3266 524 333
f 528 3267 337
f 3267 528 530
f 3267 530 3268
f 3268 530 532
f 3268 532 3269
f 3269 532 534
f 3269 534 3270
f 3270 534 536
f 3270 536 3271
f 3271 536 538
f 3271 538 3272
f 3272 538 339
f 542 3273 343
f 3273 542 544
f 3273 544 3274
f 3274 544 345
f 547 3275 347
f 3275 547 549
f 3275 549 3276
f 3276 549 551
f 3276 551 3277
f 3277 551 553
f 3277 553 3278
f 3278 553 349
f 558 3279 355
f 3279 558 560
f 3279 560 3280
f 3280 560 562
f 3280 562 3281
f 3281 562 564
f 3281 564 3282
f 3282 564 566
f 3282 566 3283
f 3283 566 568
f 3283 568 3284
f 3284 568 570
f 3284 570 3285
f 3285 570 357
f 574 3286 361
f 3286 574 363
f 579 3287 369
f 3287 579 581
f 3287 581 3288
f 3288 581 583
f 3288 583 3289
f 3289 583 585
f 3289 585 3290
f 3290 585 587
f 3290 587 3291
f 3291 587 371
f 591 3292 375
f 3292 591 593
f 3292 593 3293
f 3293 593 595
f 3293 595 3294
f 3294 595 597
f 3294 597 3295
f 3295 597 599
f 3295 599 3296
f 3296 599 377
f 603 3297 381
f 3297 603 605
f 3297 605 3298
f 3298 605 383
f 608 3299 385
f 3299 608 610
f 3299 610 3300
f 3300 610 612
f 3300 612 3301
f 3301 612 387
f 616 3302 391
f 3302 616 618
f 3302 618 3303
f 3303 618 620
f 3303 620 3304
f 3304 620 622
f 3304 622 3305
f 3305 622 624
f 3305 624 3306
f 3306 624 626
f 3306 626 3307
f 3307 626 393
f 630 3308 397
f 3308 630 632
f 3308 632 3309
f 3309 632 634
f 3309 634 3310
f 3310 634 636
f 3310 636 3311
f 3311 636 399
f 640 3312 403
f 3312 640 642
f 3312 642 3313
f 3313 642 644
f 3313 644 3314
f 3314 644 405
f 650 3315 413
f 3315 650 652
f 3315 652 3316
f 3316 652 415
f 656 3317 419
f 3317 656 658
f 3317 658 3318
f 3318 658 660
f 3318 660 3319
f 3319 660 421
f 663 3320 423
f 3320 663 665
f 3320 665 3321
f 3321 665 425
f 668 3322 427
f 3322 668 670
f 3322 670 3323
f 3323 670 672
f 3323 672 3324
f 3324 672 674
f 3324 674 3325
f 3325 674 676
f 3325 676 3326
f 3326 676 678
f 3326 678 3327
f 3327 678 429
f 682 3328 433
f 3328 682 684
f 3328 684 3329
f 3329 684 686
f 3329 686 3330
f 3330 686 435
f 692 3331 442
f 3331 692 694
f 3331 694 3332
f 3332 694 696
f 3332 696 3333
f 3333 696 698
f 3333 698 3334
f 3334 698 700
f 3334 700 3335
f 3335 700 702
f 3335 702 3336
f 3336 702 704
f 3336 704 3337
f 3337 704 444
f 709 3338 450
f 3338 709 711
f 3338 711 3339
f 3339 711 713
f 3339 713 3340
f 3340 713 715
f 3340 715 3341
f 3341 715 717
f 3341 717 3342
f 3342 717 719
f 3342 719 3343
f 3343 719 452
f 725 3344 458
f 3344 725 727
f 3344 727 3345
f 3345 727 460
f 731 3346 464
f 3346 731 733
f 3346 733 3347
f 3347 733 735
f 3347 735 3348
f 3348 735 737
f 3348 737 3349
f 3349 737 739
f 3349 739 3350
f 3350 739 741
f 3350 741 3351
f 3351 741 743
f 3351 743 3352
f 3352 743 466
f 749 3353 473
f 3353 749 475
f 754 3354 481
f 3354 754 756
f 3354 756 3355
f 3355 756 758
f 3355 758 3356
f 3356 758 760
f 3356 760 3357
f 3357 760 483
f 763 3358 485
f 3358 763 765
f 3358 765 3359
f 3359 765 767
f 3359 767 3360
f 3360 767 769
f 3360 769 3361
f 3361 769 771
f 3361 771 3362
f 3362 771 773
f 3362 773 3363
f 3363 773 775
f 3363 775 3364
f 3364 775 487
f 781 3365 495
f 3365 781 783
f 3365 783 3366
f 3366 783 785
f 3366 785 3367
f 3367 785 787
f 3367 787 3368
f 3368 787 789
f 3368 789 3369
f 3369 789 497
f 793 3370 501
f 3370 793 503
f 797 3371 507
f 3371 797 799
f 3371 799 3372
f 3372 799 801
f 3372 801 3373
f 3373 801 509
f 805 3374 513
f 3374 805 515
f 809 3375 519
f 3375 809 811
f 3375 811 3376
f 3376 811 813
f 3376 813 3377
f 3378 816 815
f 3378 815 3379
f 3380 817 816
f 3380 816 3378
f 3381 818 817
f 3381 817 3380
f 3382 819 818
f 3382 818 3381
f 3383 820 819
f 3383 819 3382
f 3384 821 820
f 3384 820 3383
f 3385 822 821
f 3385 821 3384
f 3386 823 822
f 3386 822 3385
f 3387 824 823
f 3387 823 3386
f 3388 825 824
f 3388 824 3387
f 3389 826 825
f 3389 825 3388
f 3390 827 826
f 3390 826 3389
f 3391 828 827
f 3391 827 3390
f 3392 829 828
f 3392 828 3391
f 3393 830 829
f 3393 829 3392
f 3394 831 830
f 3394 830 3393
f 3395 832 831
f 3395 831 3394
f 3396 833 832
f 3396 832 3395
f 3397 834 833
f 3397 833 3396
f 3398 835 834
f 3398 834 3397
f 3399 836 835
f 3399 835 3398
f 3400 837 836
f 3400 836 3399
f 3401 838 837
f 3401 837 3400
f 3402 839 838
f 3402 838 3401
f 3403 840 839
f 3403 839 3402
f 3404 841 840
f 3404 840 3403
f 3405 842 841
f 3405 841 3404
f 3406 843 842
f 3406 842 3405
f 3407 844 843
f 3407 843 3406
f 3408 845 844
f 3408 844 3407
f 3409 846 845
f 3409 845 3408
f 3410 847 846
f 3410 846 3409
f 3411 848 847
f 3411 847 3410
f 3412 849 848
f 3412 848 3411
f 3413 850 849
f 3413 849 3412
f 3414 851 850
f 3414 850 3413
f 3415 852 851
f 3415 851 3414
f 3416 853 852
f 3416 852 3415
f 3417 854 853
f 3417 853 3416
f 3418 855 854
f 3418 854 3417
f 3419 856 855
f 3419 855 3418
f 3420 857 856
f 3420 856 3419
f 3421 858 857
f 3421 857 3420
f 3422 859 858
f 3422 858 3421
f 3423 860 859
f 3423 859 3422
f 3424 861 860
f 3424 860 3423
f 3425 862 861
f 3425 861 3424
f 3426 863 862
f 3426 862 3425
f 3427 864 863
f 3427 863 3426
f 3428 865 864
f 3428 864 3427
f 3429 866 865
f 3429 865 3428
f 3430 867 866
f 3430 866 3429
f 3431 868 867
f 3431 867 3430
f 3432 869 868
f 3432 868 3431
f 3433 870 869
f 3433 869 3432
f 3434 871 870
f 3434 870 3433
f 3435 872 871
f 3435 871 3434
f 3436 873 872
f 3436 872 3435
f 3437 874 873
f 3437 873 3436
f 3438 875 874
f 3438 874 3437
f 3439 876 875
f 3439 875 3438
f 3440 877 876
f 3440 876 3439
f 3441 878 877
f 3441 877 3440
f 3442 879 878
f 3442 878 3441
f 3443 880 879
f 3443 879 3442
f 3444 881 880
f 3444 880 3443
f 3445 882 881
f 3445 881 3444
f 3446 883 882
f 3446 882 3445
f 3447 884 883
f 3447 883 3446
f 3448 885 884
f 3448 884 3447
f 3449 886 885
f 3449 885 3448
f 3450 887 886
f 3450 886 3449
f 3451 888 887
f 3451 887 3450
f 3452 889 888
f 3452 888 3451
f 3453 890 889
f 3453 889 3452
f 3454 891 890
f 3454 890 3453
f 3455 892 891
f 3455 891 3454
f 3456 893 892
f 3456 892 3455
f 3457 894 893
f 3457 893 3456
f 3458 895 894
f 3458 894 3457
f 3459 896 895
f 3459 895 3458
f 3460 897 896
f 3460 896 3459
f 3461 898 897
f 3461 897 3460
f 3462 899 898
f 3462 898 3461
f 3463 900 899
f 3463 899 3462
f 3464 901 900
f 3464 900 3463
f 3465 902 901
f 3465 901 3464
f 3466 903 902
f 3466 902 3465
f 3467 904 903
f 3467 903 3466
f 3468 905 904
f 3468 904 3467
f 3469 906 905
f 3469 905 3468
f 3470 907 906
f 3470 906 3469
f 3471 908 907
f 3471 907 3470
f 3472 909 908
f 3472 908 3471
f 3473 910 909
f 3473 909 3472
f 3474 911 910
f 3474 910 3473
f 3475 912 911
f 3475 911 3474
f 3476 913 912
f 3476 912 3475
f 3477 914 913
f 3477 913 3476
f 3478 915 914
f 3478 914 3477
f 3479 916 915
f 3479 915 3478
f 3480 917 916
f 3480 916 3479
f 3481 918 917
f 3481 917 3480
f 3482 919 918
f 3482 918 3481
f 3483 920 919
f 3483 919 3482
f 3484 921 920
f 3484 920 3483
f 3485 922 921
f 3485 921 3484
f 3486 923 922
f 3486 922 3485
f 3487 924 923
f 3487 923 3486
f 3488 925 924
f 3488 924 3487
f 3489 926 925
f 3489 925 3488
f 3490 927 926
f 3490 926 3489
f 3491 928 927
f 3491 927 3490
f 3492 929 928
f 3492 928 3491
f 3493 930 929
f 3493 929 3492
f 3494 931 930
f 3494 930 3493
f 3495 932 931
f 3495 931 3494
f 3496 933 932
f 3496 932 3495
f 3497 934 933
f 3497 933 3496
f 3498 935 934
f 3498 934 3497
f 3499 936 935
f 3499 935 3498
f 3500 937 936
f 3500 936 3499
f 3501 938 937
f 3501 937 3500
f 3502 939 938
f 3502 938 3501
f 3503 940 939
f 3503 939 3502
f 3504 941 940
f 3504 940 3503
f 3505 942 941
f 3505 941 3504
f 3506 943 942
f 3506 942 3505
f 3507 944 943
f 3507 943 3506
f 3508 945 944
f 3508 944 3507
f 3509 946 945
f 3509 945 3508
f 3510 947 946
f 3510 946 3509
f 3511 948 947
f 3511 947 3510
f 3512 949 948
f 3512 948 3511
f 3513 950 949
f 3513 949 3512
f 3514 951 950
f 3514 950 3513
f 3515 952 951
f 3515 951 3514
f 3516 953 952
f 3516 952 3515
f 3517 954 953
f 3517 953 3516
f 3518 955 954
f 3518 954 3517
f 3519 956 955
f 3519 955 3518
f 3520 957 956
f 3520 956 3519
f 3521 958 957
f 3521 957 3520
f 3522 959 958
f 3522 958 3521
f 3523 960 959
f 3523 959 3522
f 3524 961 960
f 3524 960 3523
f 3525 962 961
f 3525 961 3524
f 3526 963 962
f 3526 962 3525
f 3527 964 963
f 3527 963 3526
f 3528 965 964
f 3528 964 3527
f 3529 966 965
f 3529 965 3528
f 3530 967 966
f 3530 966 3529
f 3531 968 967
f 3531 967 3530
f 3532 969 968
f 3532 968 3531
f 3533 970 969
f 3533 969 3532
f 3534 971 970
f 3534 970 3533
f 3535 972 971
f 3535 971 3534
f 3536 973 972
f 3536 972 3535
f 3537 974 973
f 3537 973 3536
f 3538 975 974
f 3538 974 3537
f 3539 976 975
f 3539 975 3538
f 3540 977 976
f 3540 976 3539
f 3541 978 977
f 3541 977 3540
f 3542 979 978
f 3542 978 3541
f 3543 980 979
f 3543 979 3542
f 3544 981 980
f 3544 980 3543
f 3545 982 981
f 3545 981 3544
f 3546 983 982
f 3546 982 3545
f 3547 984 983
f 3547 983 3546
f 3548 985 984
f 3548 984 3547
f 3549 986 985
f 3549 985 3548
f 3550 987 986
f 3550 986 3549
f 3551 988 987
f 3551 987 3550
f 3552 989 988
f 3552 988 3551
f 3553 990 989
f 3553 989 3552
f 3554 991 990
f 3554 990 3553
f 3555 992 991
f 3555 991 3554
f 3556 993 992
f 3556 992 3555
f 3557 994 993
f 3557 993 3556
f 3558 995 994
f 3558 994 3557
f 3379 3559 3378
f 3379 3560 3559
f 3378 3561 3380
f 3378 3559 3561
f 3380 3562 3381
f 3380 3561 3562
f 3381 3563 3382
f 3381 3562 3563
f 3382 3564 3383
f 3382 3563 3564
f 3383 3565 3384
f 3383 3564 3565
f 3384 3566 3385
f 3384 3565 3566
f 3385 3567 3386
f 3385 3566 3567
f 3386 3568 3387
f 3386 3567 3568
f 3387 3569 3388
f 3387 3568 3569
f 3388 3570 3389
f 3388 3569 3570
f 3389 3571 3390
f 3389 3570 3571
f 3390 3572 3391
f 3390 3571 3572
f 3391 3573 3392
f 3391 3572 3573
f 3392 3574 3393
f 3392 3573 3574
f 3393 3575 3394
f 3393 3574 3575
f 3577 3395 3576
f 3395 3575 3576
f 3395 3394 3575
f 3395 3577 3396
f 3396 3577 3578
f 3396 3578 3397
f 3397 3578 3579
f 3581 3580 3579
f 3580 3397 3579
f 3580 3398 3397
f 3398 3582 3399
f 3398 3580 3582
f 3584 3400 3583
f 3400 3582 3583
f 3400 3399 3582
f 3400 3584 3401
f 3401 3584 3585
f 3401 3585 3402
f 3402 3585 3586
f 3402 3586 3403
f 3403 3586 3587
f 3403 3587 3404
f 3404 3587 3588
f 3404 3588 3405
f 3405 3588 3589
f 3405 3589 3406
f 3406 3589 3590
f 3406 3590 3407
f 3407 3590 3591
f 3593 3592 3591
f 3592 3407 3591
f 3592 3408 3407
f 3595 3409 3594
f 3409 3592 3594
f 3409 3408 3592
f 3409 3595 3410
f 3410 3595 3596
f 3598 3597 3596
f 3597 3410 3596
f 3597 3411 3410
f 3411 3599 3412
f 3411 3597 3599
f 3412 3600 3413
f 3412 3599 3600
f 3602 3414 3601
f 3414 3600 3601
f 3414 3413 3600
f 3604 3603 3602
f 3603 3414 3602
f 3603 3415 3414
f 3415 3605 3416
f 3415 3603 3605
f 3607 3417 3606
f 3417 3605 3606
f 3417 3416 3605
f 3609 3608 3607
f 3608 3417 3607
f 3608 3418 3417
f 3418 3610 3419
f 3418 3608 3610
f 3419 3611 3420
f 3419 3610 3611
f 3420 3612 3421
f 3420 3611 3612
f 3614 3422 3613
f 3422 3612 3613
f 3422 3421 3612
f 3422 3614 3423
f 3423 3614 3615
f 3423 3615 3424
f 3424 3615 3616
f 3424 3616 3425
f 3425 3616 3617
f 3425 3617 3426
f 3426 3617 3618
f 3620 3619 3618
f 3619 3426 3618
f 3619 3427 3426
f 3622 3428 3621
f 3428 3619 3621
f 3428 3427 3619
f 3428 3622 3429
f 3429 3622 3623
f 3429 3623 3430
f 3430 3623 3624
f 3430 3624 3431
f 3431 3624 3625
f 3431 3625 3432
f 3432 3625 3626
f 3432 3626 3433
f 3433 3626 3627
f 3629 3628 3627
f 3628 3433 3627
f 3628 3434 3433
f 3631 3435 3630
f 3435 3628 3630
f 3435 3434 3628
f 3435 3631 3436
f 3436 3631 3632
f 3436 3632 3437
f 3437 3632 3633
f 3437 3633 3438
f 3438 3633 3634
f 3438 3634 3439
f 3439 3634 3635
f 3439 3635 3440
f 3440 3635 3636
f 3440 3636 3441
f 3441 3636 3637
f 3441 3637 3442
f 3442 3637 3638
f 3442 3638 3443
f 3443 3638 3639
f 3443 3639 3444
f 3444 3639 3640
f 3444 3640 3445
f 3445 3640 3641
f 3445 3641 3446
f 3446 3641 3642
f 3446 3642 3447
f 3447 3642 3643
f 3645 3644 3643
f 3644 3447 3643
f 3644 3448 3447
f 3647 3449 3646
f 3449 3644 3646
f 3449 3448 3644
f 3449 3647 3450
f 3450 3647 3648
f 3650 3649 3648
f 3649 3450 3648
f 3649 3451 3450
f 3451 3651 3452
f 3451 3649 3651
f 3452 3652 3453
f 3452 3651 3652
f 3453 3653 3454
f 3453 3652 3653
f 3454 3654 3455
f 3454 3653 3654
f 3455 3655 3456
f 3455 3654 3655
f 3456 3656 3457
f 3456 3655 3656
f 3457 3657 3458
f 3457 3656 3657
f 3458 3658 3459
f 3458 3657 3658
f 3459 3659 3460
f 3459 3658 3659
f 3460 3660 3461
f 3460 3659 3660
f 3461 3661 3462
f 3461 3660 3661
f 3462 3662 3463
f 3462 3661 3662
f 3463 3663 3464
f 3463 3662 3663
f 3464 3664 3465
f 3464 3663 3664
f 3465 3665 3466
f 3465 3664 3665
f 3466 3666 3467
f 3466 3665 3666
f 3467 3667 3468
f 3467 3666 3667
f 3468 3668 3469
f 3468 3667 3668
f 3469 3669 3470
f 3469 3668 3669
f 3470 3670 3471
f 3470 3669 3670
f 3471 3671 3472
f 3471 3670 3671
f 3472 3672 3473
f 3472 3671 3672
f 3473 3673 3474
f 3473 3672 3673
f 3474 3674 3475
f 3474 3673 3674
f 3475 3675 3476
f 3475 3674 3675
f 3476 3676 3477
f 3476 3675 3676
f 3477 3677 3478
f 3477 3676 3677
f 3478 3678 3479
f 3478 3677 3678
f 3479 3679 3480
f 3479 3678 3679
f 3480 3680 3481
f 3480 3679 3680
f 3481 3681 3482
f 3481 3680 3681
f 3482 3682 3483
f 3482 3681 3682
f 3483 3683 3484
f 3483 3682 3683
f 3484 3684 3485
f 3484 3683 3684
f 3485 3685 3486
f 3485 3684 3685
f 3486 3686 3487
f 3486 3685 3686
f 3487 3687 3488
f 3487 3686 3687
f 3488 3688 3489
f 3488 3687 3688
f 3489 3689 3490
f 3489 3688 3689
f 3490 3690 3491
f 3490 3689 3690
f 3491 3691 3492
f 3491 3690 3691
f 3492 3692 3493
f 3492 3691 3692
f 3493 3693 3494
f 3493 3692 3693
f 3494 3694 3495
f 3494 3693 3694
f 3495 3695 3496
f 3495 3694 3695
f 3496 3696 3497
f 3496 3695 3696
f 3497 3697 3498
f 3497 3696 3697
f 3498 3698 3499
f 3498 3697 3698
f 3499 3699 3500
f 3499 3698 3699
f 3500 3700 3501
f 3500 3699 3700
f 3501 3701 3502
f 3501 3700 3701
f 3502 3702 3503
f 3502 3701 3702
f 3503 3703 3504
f 3503 3702 3703
f 3504 3704 3505
f 3504 3703 3704
f 3505 3705 3506
f 3505 3704 3705
f 3506 3706 3507
f 3506 3705 3706
f 3507 3707 3508
f 3507 3706 3707
f 3508 3708 3509
f 3508 3707 3708
f 3509 3709 3510
f 3509 3708 3709
f 3510 3710 3511
f 3510 3709 3710
f 3511 3711 3512
f 3511 3710 3711
f 3512 3712 3513
f 3512 3711 3712
f 3513 3713 3514
f 3513 3712 3713
f 3514 3714 3515
f 3514 3713 3714
f 3515 3715 3516
f 3515 3714 3715
f 3516 3716 3517
f 3516 3715 3716
f 3517 3717 3518
f 3517 3716 3717
f 3518 3718 3519
f 3518 3717 3718
f 3519 3719 3520
f 3519 3718 3719
f 3520 3720 3521
f 3520 3719 3720
f 3521 3721 3522
f 3521 3720 3721
f 3522 3722 3523
f 3522 3721 3722
f 3523 3723 3524
f 3523 3722 3723
f 3524 3724 3525
f 3524 3723 3724
f 3525 3725 3526
f 3525 3724 3725
f 3526 3726 3527
f 3526 3725 3726
f 3527 3727 3528
f 3527 3726 3727
f 3528 3728 3529
f 3528 3727 3728
f 3529 3729 3530
f 3529 3728 3729
f 3530 3730 3531
f 3530 3729 3730
f 3531 3731 3532
f 3531 3730 3731
f 3532 3732 3533
f 3532 3731 3732
f 3533 3733 3534
f 3533 3732 3733
f 3534 3734 3535
f 3534 3733 3734
f 3535 3735 3536
f 3535 3734 3735
f 3536 3736 3537
f 3536 3735 3736
f 3537 3737 3538
f 3537 3736 3737
f 3538 3738 3539
f 3538 3737 3738
f 3539 3739 3540
f 3539 3738 3739
f 3540 3740 3541
f 3540 3739 3740
f 3541 3741 3542
f 3541 3740 3741
f 3542 3742 3543
f 3542 3741 3742
f 3543 3743 3544
f 3543 3742 3743
f 3544 3744 3545
f 3544 3743 3744
f 3545 3745 3546
f 3545 3744 3745
f 3546 3746 3547
f 3546 3745 3746
f 3547 3747 3548
f 3547 3746 3747
f 3548 3748 3549
f 3548 3747 3748
f 3549 3749 3550
f 3549 3748 3749
f 3550 3750 3551
f 3550 3749 3750
f 3551 3751 3552
f 3551 3750 3751
f 3552 3752 3553
f 3552 3751 3752
f 3553 3753 3554
f 3553 3752 3753
f 3554 3754 3555
f 3554 3753 3754
f 3555 3755 3556
f 3555 3754 3755
f 3556 3756 3557
f 3556 3755 3756
f 3557 3757 3558
f 3557 3756 3757
f 3560 3758 3559
f 3560 3759 3758
f 3559 3760 3561
f 3559 3758 3760
f 3561 3761 3562
f 3561 3760 3761
f 3562 3762 3563
f 3562 3761 3762
f 3563 3763 3564
f 3563 3762 3763
f 3564 3764 3565
f 3564 3763 3764
f 3565 3765 3566
f 3565 3764 3765
f 3566 3766 3567
f 3566 3765 3766
f 3567 3767 3568
f 3567 3766 3767
f 3568 3768 3569
f 3568 3767 3768
f 3569 3769 3570
f 3569 3768 3769
f 3570 3770 3571
f 3570 3769 3770
f 3571 3771 3572
f 3571 3770 3771
f 3572 3772 3573
f 3572 3771 3772
f 3573 3773 3574
f 3573 3772 3773
f 3574 3774 3575
f 3574 3773 3774
f 3576 3575 3775
f 3575 3776 3775
f 3575 3774 3776
f 3778 3777 3776
f 3776 3777 3775
f 3780 3779 3778
f 3778 3779 3777
f 3779 3780 3581
f 3780 3580 3581
f 3780 3781 3580
f 3580 3782 3582
f 3580 3781 3782
f 3583 3582 3783
f 3582 3784 3783
f 3582 3782 3784
f 3786 3785 3784
f 3784 3785 3783
f 3788 3787 3786
f 3786 3787 3785
f 3790 3789 3788
f 3788 3789 3787
f 3792 3791 3790
f 3790 3791 3789
f 3794 3793 3792
f 3792 3793 3791
f 3796 3795 3794
f 3794 3795 3793
f 3798 3797 3796
f 3796 3797 3795
f 3797 3798 3593
f 3798 3592 3593
f 3798 3799 3592
f 3594 3592 3800
f 3592 3801 3800
f 3592 3799 3801
f 3803 3802 3801
f 3801 3802 3800
f 3802 3803 3598
f 3803 3597 3598
f 3803 3804 3597
f 3597 3805 3599
f 3597 3804 3805
f 3599 3806 3600
f 3599 3805 3806
f 3601 3600 3807
f 3600 3808 3807
f 3600 3806 3808
f 3807 3808 3604
f 3808 3603 3604
f 3808 3809 3603
f 3603 3810 3605
f 3603 3809 3810
f 3606 3605 3811
f 3605 3812 3811
f 3605 3810 3812
f 3811 3812 3609
f 3812 3608 3609
f 3812 3813 3608
f 3608 3814 3610
f 3608 3813 3814
f 3610 3815 3611
f 3610 3814 3815
f 3611 3816 3612
f 3611 3815 3816
f 3613 3612 3817
f 3612 3818 3817
f 3612 3816 3818
f 3820 3819 3818
f 3818 3819 3817
f 3822 3821 3820
f 3820 3821 3819
f 3824 3823 3822
f 3822 3823 3821
f 3826 3825 3824
f 3824 3825 3823
f 3825 3826 3620
f 3826 3619 3620
f 3826 3827 3619
f 3621 3619 3828
f 3619 3829 3828
f 3619 3827 3829
f 3831 3830 3829
f 3829 3830 3828
f 3833 3832 3831
f 3831 3832 3830
f 3835 3834 3833
f 3833 3834 3832
f 3837 3836 3835
f 3835 3836 3834
f 3839 3838 3837
f 3837 3838 3836
f 3838 3839 3629
f 3839 3628 3629
f 3839 3840 3628
f 3630 3628 3841
f 3628 3842 3841
f 3628 3840 3842
f 3844 3843 3842
f 3842 3843 3841
f 3846 3845 3844
f 3844 3845 3843
f 3848 3847 3846
f 3846 3847 3845
f 3848 3849 3847
f 3852 3851 3850
f 3854 3853 3850
f 3850 3853 3852
f 3856 3855 3854
f 3854 3855 3853
f 3858 3857 3856
f 3856 3857 3855
f 3860 3859 3858
f 3858 3859 3857
f 3862 3861 3860
f 3860 3861 3859
f 3864 3863 3862
f 3862 3863 3861
f 3863 3864 3645
f 3864 3644 3645
f 3864 3865 3644
f 3646 3644 3866
f 3644 3867 3866
f 3644 3865 3867
f 3869 3868 3867
f 3867 3868 3866
f 3868 3869 3650
f 3869 3649 3650
f 3869 3870 3649
f 3649 3871 3651
f 3649 3870 3871
f 3651 3872 3652
f 3651 3871 3872
f 3652 3873 3653
f 3652 3872 3873
f 3653 3874 3654
f 3653 3873 3874
f 3654 3875 3655
f 3654 3874 3875
f 3655 3876 3656
f 3655 3875 3876
f 3656 3877 3657
f 3656 3876 3877
f 3657 3878 3658
f 3657 3877 3878
f 3658 3879 3659
f 3658 3878 3879
f 3659 3880 3660
f 3659 3879 3880
f 3660 3881 3661
f 3660 3880 3881
f 3661 3882 3662
f 3661 3881 3882
f 3662 3883 3663
f 3662 3882 3883
f 3663 3884 3664
f 3663 3883 3884
f 3664 3885 3665
f 3664 3884 3885
f 3665 3886 3666
f 3665 3885 3886
f 3666 3887 3667
f 3666 3886 3887
f 3667 3888 3668
f 3667 3887 3888
f 3668 3889 3669
f 3668 3888 3889
f 3669 3890 3670
f 3669 3889 3890
f 3670 3891 3671
f 3670 3890 3891
f 3671 3892 3672
f 3671 3891 3892
f 3672 3893 3673
f 3672 3892 3893
f 3673 3894 3674
f 3673 3893 3894
f 3674 3895 3675
f 3674 3894 3895
f 3675 3896 3676
f 3675 3895 3896
f 3676 3897 3677
f 3676 3896 3897
f 3677 3898 3678
f 3677 3897 3898
f 3678 3899 3679
f 3678 3898 3899
f 3679 3900 3680
f 3679 3899 3900
f 3680 3901 3681
f 3680 3900 3901
f 3681 3902 3682
f 3681 3901 3902
f 3682 3903 3683
f 3682 3902 3903
f 3683 3904 3684
f 3683 3903 3904
f 3684 3905 3685
f 3684 3904 3905
f 3685 3906 3686
f 3685 3905 3906
f 3686 3907 3687
f 3686 3906 3907
f 3687 3908 3688
f 3687 3907 3908
f 3688 3909 3689
f 3688 3908 3909
f 3689 3910 3690
f 3689 3909 3910
f 3690 3911 3691
f 3690 3910 3911
f 3691 3912 3692
f 3691 3911 3912
f 3692 3913 3693
f 3692 3912 3913
f 3693 3914 3694
f 3693 3913 3914
f 3694 3915 3695
f 3694 3914 3915
f 3695 3916 3696
f 3695 3915 3916
f 3696 3917 3697
f 3696 3916 3917
f 3697 3918 3698
f 3697 3917 3918
f 3698 3919 3699
f 3698 3918 3919
f 3699 3920 3700
f 3699 3919 3920
f 3700 3921 3701
f 3700 3920 3921
f 3701 3922 3702
f 3701 3921 3922
f 3702 3923 3703
f 3702 3922 3923
f 3703 3924 3704
f 3703 3923 3924
f 3704 3925 3705
f 3704 3924 3925
f 3705 3926 3706
f 3705 3925 3926
f 3706 3927 3707
f 3706 3926 3927
f 3707 3928 3708
f 3707 3927 3928
f 3708 3929 3709
f 3708 3928 3929
f 3709 3930 3710
f 3709 3929 3930
f 3710 3931 3711
f 3710 3930 3931
f 3711 3932 3712
f 3711 3931 3932
f 3712 3933 3713
f 3712 3932 3933
f 3713 3934 3714
f 3713 3933 3934
f 3714 3935 3715
f 3714 3934 3935
f 3715 3936 3716
f 3715 3935 3936
f 3716 3937 3717
f 3716 3936 3937
f 3717 3938 3718
f 3717 3937 3938
f 3718 3939 3719
f 3718 3938 3939
f 3719 3940 3720
f 3719 3939 3940
f 3720 3941 3721
f 3720 3940 3941
f 3721 3942 3722
f 3721 3941 3942
f 3722 3943 3723
f 3722 3942 3943
f 3723 3944 3724
f 3723 3943 3944
f 3724 3945 3725
f 3724 3944 3945
f 3725 3946 3726
f 3725 3945 3946
f 3726 3947 3727
f 3726 3946 3947
f 3727 3948 3728
f 3727 3947 3948
f 3728 3949 3729
f 3728 3948 3949
f 3729 3950 3730
f 3729 3949 3950
f 3730 3951 3731
f 3730 3950 3951
f 3731 3952 3732
f 3731 3951 3952
f 3732 3953 3733
f 3732 3952 3953
f 3733 3954 3734
f 3733 3953 3954
f 3734 3955 3735
f 3734 3954 3955
f 3735 3956 3736
f 3735 3955 3956
f 3736 3957 3737
f 3736 3956 3957
f 3737 3958 3738
f 3737 3957 3958
f 3738 3959 3739
f 3738 3958 3959
f 3739 3960 3740
f 3739 3959 3960
f 3740 3961 3741
f 3740 3960 3961
f 3741 3962 3742
f 3741 3961 3962
f 3742 3963 3743
f 3742 3962 3963
f 3743 3964 3744
f 3743 3963 3964
f 3744 3965 3745
f 3744 3964 3965
f 3745 3966 3746
f 3745 3965 3966
f 3746 3967 3747
f 3746 3966 3967
f 3747 3968 3748
f 3747 3967 3968
f 3748 3969 3749
f 3748 3968 3969
f 3749 3970 3750
f 3749 3969 3970
f 3750 3971 3751
f 3750 3970 3971
f 3751 3972 3752
f 3751 3971 3972
f 3752 3973 3753
f 3752 3972 3973
f 3753 3974 3754
f 3753 3973 3974
f 3754 3975 3755
f 3754 3974 3975
f 3755 3976 3756
f 3755 3975 3976
f 3756 3977 3757
f 3756 3976 3977
f 3759 3978 3758
f 3759 3979 3978
f 3758 3980 3760
f 3758 3978 3980
f 3760 3981 3761
f 3760 3980 3981
f 3761 3982 3762
f 3761 3981 3982
f 3762 3983 3763
f 3762 3982 3983
f 3763 3984 3764
f 3763 3983 3984
f 3764 3985 3765
f 3764 3984 3985
f 3765 3986 3766
f 3765 3985 3986
f 3766 3987 3767
f 3766 3986 3987
f 3767 3988 3768
f 3767 3987 3988
f 3988 997 998
f 3769 3988 998
f 3768 3988 3769
f 3769 998 999
f 3769 999 3770
f 3770 999 1001
f 3989 3770 1001
f 3771 3770 3989
f 3771 3990 3772
f 3771 3989 3990
f 3772 3991 3773
f 3772 3990 3991
f 3773 3992 3774
f 3773 3991 3992
f 3774 3993 3776
f 3774 3992 3993
f 3776 3994 3778
f 3776 3993 3994
f 3778 3995 3780
f 3778 3994 3995
f 3780 3996 3781
f 3780 3995 3996
f 3781 3997 3782
f 3781 3996 3997
f 3782 3998 3784
f 3782 3997 3998
f 3784 3999 3786
f 3784 3998 3999
f 3786 4000 3788
f 3786 3999 4000
f 3788 4001 3790
f 3788 4000 4001
f 3790 4002 3792
f 3790 4001 4002
f 3792 4003 3794
f 3792 4002 4003
f 3794 4004 3796
f 3794 4003 4004
f 3796 4005 3798
f 3796 4004 4005
f 3798 4006 3799
f 3798 4005 4006
f 3799 4007 3801
f 3799 4006 4007
f 3801 4008 3803
f 3801 4007 4008
f 4008 1003 1004
f 3804 4008 1004
f 3803 4008 3804
f 3804 1004 1005
f 4009 3804 1005
f 3805 3804 4009
f 3805 4010 3806
f 3805 4009 4010
f 3806 4011 3808
f 3806 4010 4011
f 3808 4012 3809
f 3808 4011 4012
f 3809 4013 3810
f 3809 4012 4013
f 3810 4014 3812
f 3810 4013 4014
f 3812 4015 3813
f 3812 4014 4015
f 3813 4016 3814
f 3813 4015 4016
f 3814 4017 3815
f 3814 4016 4017
f 3815 4018 3816
f 3815 4017 4018
f 3816 4019 3818
f 3816 4018 4019
f 3818 4020 3820
f 3818 4019 4020
f 3820 4021 3822
f 3820 4020 4021
f 3822 4022 3824
f 3822 4021 4022
f 3824 4023 3826
f 3824 4022 4023
f 3826 4024 3827
f 3826 4023 4024
f 3827 4025 3829
f 3827 4024 4025
f 3829 4026 3831
f 3829 4025 4026
f 3831 4027 3833
f 3831 4026 4027
f 3833 4028 3835
f 3833 4027 4028
f 3835 4029 3837
f 3835 4028 4029
f 3837 4030 3839
f 3837 4029 4030
f 3839 4031 3840
f 3839 4030 4031
f 3840 4032 3842
f 3840 4031 4032
f 3842 4033 3844
f 3842 4032 4033
f 3844 4034 3846
f 3844 4033 4034
f 3846 4035 3848
f 3846 4034 4035
f 3849 3848 4036
f 3848 4037 4036
f 3848 4035 4037
f 4039 4038 4037
f 4037 4038 4036
f 4038 4039 3851
f 4039 3850 3851
f 4039 4040 3850
f 3850 4041 3854
f 3850 4040 4041
f 3854 4042 3856
f 3854 4041 4042
f 3856 4043 3858
f 3856 4042 4043
f 3858 4044 3860
f 3858 4043 4044
f 3860 4045 3862
f 3860 4044 4045
f 3862 4046 3864
f 3862 4045 4046
f 3864 4047 3865
f 3864 4046 4047
f 3865 4048 3867
f 3865 4047 4048
f 3867 4049 3869
f 3867 4048 4049
f 3869 4050 3870
f 3869 4049 4050
f 3870 4051 3871
f 3870 4050 4051
f 3871 4052 3872
f 3871 4051 4052
f 3872 4053 3873
f 3872 4052 4053
f 3873 4054 3874
f 3873 4053 4054
f 3874 4055 3875
f 3874 4054 4055
f 3875 4056 3876
f 3875 4055 4056
f 3876 4057 3877
f 3876 4056 4057
f 3877 4058 3878
f 3877 4057 4058
f 3878 4059 3879
f 3878 4058 4059
f 3879 4060 3880
f 3879 4059 4060
f 3880 4061 3881
f 3880 4060 4061
f 3881 4062 3882
f 3881 4061 4062
f 3882 4063 3883
f 3882 4062 4063
f 3883 4064 3884
f 3883 4063 4064
f 3884 4065 3885
f 3884 4064 4065
f 3885 4066 3886
f 3885 4065 4066
f 3886 4067 3887
f 3886 4066 4067
f 3887 4068 3888
f 3887 4067 4068
f 3888 4069 3889
f 3888 4068 4069
f 3889 4070 3890
f 3889 4069 4070
f 3890 4071 3891
f 3890 4070 4071
f 3891 4072 3892
f 3891 4071 4072
f 3892 4073 3893
f 3892 4072 4073
f 3893 4074 3894
f 3893 4073 4074
f 3894 4075 3895
f 3894 4074 4075
f 3895 4076 3896
f 3895 4075 4076
f 3896 4077 3897
f 3896 4076 4077
f 4077 1007 1008
f 3898 4077 1008
f 3897 4077 3898
f 3898 1008 1009
f 3898 1009 3899
f 3899 1009 1011
f 3899 1011 3900
f 3900 1011 1013
f 3900 1013 3901
f 3901 1013 1015
f 4078 3901 1015
f 3902 3901 4078
f 3902 4079 3903
f 3902 4078 4079
f 3903 4080 3904
f 3903 4079 4080
f 3904 4081 3905
f 3904 4080 4081
f 3905 4082 3906
f 3905 4081 4082
f 3906 4083 3907
f 3906 4082 4083
f 3907 4084 3908
f 3907 4083 4084
f 4084 1017 1018
f 3909 4084 1018
f 3908 4084 3909
f 3909 1018 1019
f 3909 1019 3910
f 3910 1019 1021
f 4085 3910 1021
f 3911 3910 4085
f 3911 4086 3912
f 3911 4085 4086
f 3912 4087 3913
f 3912 4086 4087
f 3913 4088 3914
f 3913 4087 4088
f 3914 4089 3915
f 3914 4088 4089
f 3915 4090 3916
f 3915 4089 4090
f 3916 4091 3917
f 3916 4090 4091
f 4091 1023 1024
f 3918 4091 1024
f 3917 4091 3918
f 3918 1024 1025
f 3918 1025 3919
f 3919 1025 1027
f 3919 1027 3920
f 3920 1027 1029
f 3920 1029 3921
f 3921 1029 1031
f 4092 3921 1031
f 3922 3921 4092
f 3922 4093 3923
f 3922 4092 4093
f 3923 4094 3924
f 3923 4093 4094
f 3924 4095 3925
f 3924 4094 4095
f 3925 4096 3926
f 3925 4095 4096
f 3926 4097 3927
f 3926 4096 4097
f 3927 4098 3928
f 3927 4097 4098
f 4098 1033 1034
f 3929 4098 1034
f 3928 4098 3929
f 3929 1034 1035
f 4099 3929 1035
f 3930 3929 4099
f 3930 4100 3931
f 3930 4099 4100
f 3931 4101 3932
f 3931 4100 4101
f 4101 1037 1038
f 3933 4101 1038
f 3932 4101 3933
f 3933 1038 1039
f 3933 1039 3934
f 3934 1039 1041
f 3934 1041 3935
f 3935 1041 1043
f 3935 1043 3936
f 3936 1043 1045
f 4102 3936 1045
f 3937 3936 4102
f 3937 4103 3938
f 3937 4102 4103
f 3938 4104 3939
f 3938 4103 4104
f 3939 4105 3940
f 3939 4104 4105
f 3940 4106 3941
f 3940 4105 4106
f 3941 4107 3942
f 3941 4106 4107
f 3942 4108 3943
f 3942 4107 4108
f 4108 1047 1048
f 3944 4108 1048
f 3943 4108 3944
f 3944 1048 1049
f 3944 1049 3945
f 3945 1049 1051
f 4109 3945 1051
f 3946 3945 4109
f 3946 4110 3947
f 3946 4109 4110
f 3947 4111 3948
f 3947 4110 4111
f 3948 4112 3949
f 3948 4111 4112
f 3949 4113 3950
f 3949 4112 4113
f 3950 4114 3951
f 3950 4113 4114
f 3951 4115 3952
f 3951 4114 4115
f 3952 4116 3953
f 3952 4115 4116
f 3953 4117 3954
f 3953 4116 4117
f 3954 4118 3955
f 3954 4117 4118
f 3955 4119 3956
f 3955 4118 4119
f 3956 4120 3957
f 3956 4119 4120
f 3957 4121 3958
f 3957 4120 4121
f 3958 4122 3959
f 3958 4121 4122
f 3959 4123 3960
f 3959 4122 4123
f 3960 4124 3961
f 3960 4123 4124
f 3961 4125 3962
f 3961 4124 4125
f 3962 4126 3963
f 3962 4125 4126
f 3963 4127 3964
f 3963 4126 4127
f 3964 4128 3965
f 3964 4127 4128
f 4128 1053 1054
f 3966 4128 1054
f 3965 4128 3966
f 3966 1054 1055
f 4129 3966 1055
f 3967 3966 4129
f 3967 4130 3968
f 3967 4129 4130
f 3968 4131 3969
f 3968 4130 4131
f 3969 4132 3970
f 3969 4131 4132
f 3970 4133 3971
f 3970 4132 4133
f 3971 4134 3972
f 3971 4133 4134
f 4134 1057 1058
f 3973 4134 1058
f 3972 4134 3973
f 3973 1058 1059
f 3973 1059 3974
f 3974 1059 1061
f 4135 3974 1061
f 3975 3974 4135
f 4135 1063 1064
f 3976 4135 1064
f 3975 4135 3976
f 3976 1064 1065
f 4136 3976 1065
f 3977 3976 4136
f 3979 1066 1067
f 4137 3979 1067
f 3978 3979 4137
f 3978 4138 3980
f 3978 4137 4138
f 3980 4139 3981
f 3980 4138 4139
f 4139 1070 1071
f 3982 4139 1071
f 3981 4139 3982
f 3982 1071 1072
f 4140 3982 1072
f 3983 3982 4140
f 3983 4141 3984
f 3983 4140 4141
f 3984 4142 3985
f 3984 4141 4142
f 3985 4143 3986
f 3985 4142 4143
f 3986 4144 3987
f 3986 4143 4144
f 3987 4145 3988
f 3987 4144 4145
f 4145 1074 997
f 4145 997 3988
f 1076 4146 3989
f 1076 3989 1001
f 3989 4147 3990
f 3989 4146 4147
f 3990 4148 3991
f 3990 4147 4148
f 3991 4149 3992
f 3991 4148 4149
f 3992 4150 3993
f 3992 4149 4150
f 3993 4151 3994
f 3993 4150 4151
f 3994 4152 3995
f 3994 4151 4152
f 3995 4153 3996
f 3995 4152 4153
f 3996 4154 3997
f 3996 4153 4154
f 3997 4155 3998
f 3997 4154 4155
f 3998 4156 3999
f 3998 4155 4156
f 3999 4157 4000
f 3999 4156 4157
f 4000 4158 4001
f 4000 4157 4158
f 4001 4159 4002
f 4001 4158 4159
f 4002 4160 4003
f 4002 4159 4160
f 4003 4161 4004
f 4003 4160 4161
f 4004 4162 4005
f 4004 4161 4162
f 4005 4163 4006
f 4005 4162 4163
f 4006 4164 4007
f 4006 4163 4164
f 4007 4165 4008
f 4007 4164 4165
f 4166 1077 1003
f 4008 4166 1003
f 4165 4166 4008
f 4009 1005 1077
f 4166 4009 1077
f 4167 4009 4166
f 4009 4168 4010
f 4009 4167 4168
f 4010 4169 4011
f 4010 4168 4169
f 4011 4170 4012
f 4011 4169 4170
f 4012 4171 4013
f 4012 4170 4171
f 4013 4172 4014
f 4013 4171 4172
f 4014 4173 4015
f 4014 4172 4173
f 4015 4174 4016
f 4015 4173 4174
f 4016 4175 4017
f 4016 4174 4175
f 4017 4176 4018
f 4017 4175 4176
f 4018 4177 4019
f 4018 4176 4177
f 4019 4178 4020
f 4019 4177 4178
f 4020 4179 4021
f 4020 4178 4179
f 4021 4180 4022
f 4021 4179 4180
f 4022 4181 4023
f 4022 4180 4181
f 4023 4182 4024
f 4023 4181 4182
f 4024 4183 4025
f 4024 4182 4183
f 4025 4184 4026
f 4025 4183 4184
f 4026 4185 4027
f 4026 4184 4185
f 4027 4186 4028
f 4027 4185 4186
f 4028 4187 4029
f 4028 4186 4187
f 4029 4188 4030
f 4029 4187 4188
f 4030 4189 4031
f 4030 4188 4189
f 4031 4190 4032
f 4031 4189 4190
f 4032 4191 4033
f 4032 4190 4191
f 4033 4192 4034
f 4033 4191 4192
f 4034 4193 4035
f 4034 4192 4193
f 4035 4194 4037
f 4035 4193 4194
f 4196 4039 4195
f 4039 4194 4195
f 4039 4037 4194
f 4198 4197 4196
f 4197 4039 4196
f 4197 4040 4039
f 4040 4199 4041
f 4040 4197 4199
f 4041 4200 4042
f 4041 4199 4200
f 4042 4201 4043
f 4042 4200 4201
f 4043 4202 4044
f 4043 4201 4202
f 4044 4203 4045
f 4044 4202 4203
f 4045 4204 4046
f 4045 4203 4204
f 4046 4205 4047
f 4046 4204 4205
f 4047 4206 4048
f 4047 4205 4206
f 4048 4207 4049
f 4048 4206 4207
f 4049 4208 4050
f 4049 4207 4208
f 4050 4209 4051
f 4050 4208 4209
f 4051 4210 4052
f 4051 4209 4210
f 4052 4211 4053
f 4052 4210 4211
f 4053 4212 4054
f 4053 4211 4212
f 4054 4213 4055
f 4054 4212 4213
f 4055 4214 4056
f 4055 4213 4214
f 4056 4215 4057
f 4056 4214 4215
f 4057 4216 4058
f 4057 4215 4216
f 4058 4217 4059
f 4058 4216 4217
f 4059 4218 4060
f 4059 4217 4218
f 4060 4219 4061
f 4060 4218 4219
f 4061 4220 4062
f 4061 4219 4220
f 4220 1079 1080
f 4063 4220 1080
f 4062 4220 4063
f 4063 1080 1081
f 4063 1081 4064
f 4064 1081 1083
f 4064 1083 4065
f 4065 1083 1085
f 4065 1085 4066
f 4066 1085 1087
f 4066 1087 4067
f 4067 1087 1089
f 4221 4067 1089
f 4068 4067 4221
f 4068 4222 4069
f 4068 4221 4222
f 4069 4223 4070
f 4069 4222 4223
f 4223 1091 1092
f 4071 4223 1092
f 4070 4223 4071
f 4071 1092 1093
f 4071 1093 4072
f 4072 1093 1095
f 4072 1095 4073
f 4073 1095 1097
f 4073 1097 4074
f 4074 1097 1099
f 4074 1099 4075
f 4075 1099 1101
f 4224 4075 1101
f 4076 4075 4224
f 4224 1103 1104
f 4077 4224 1104
f 4076 4224 4077
f 4077 1104 1007
f 1109 4078 1015
f 4078 1109 1111
f 4225 4078 1111
f 4079 4078 4225
f 4079 4226 4080
f 4079 4225 4226
f 4080 4227 4081
f 4080 4226 4227
f 4081 4228 4082
f 4081 4227 4228
f 4082 4229 4083
f 4082 4228 4229
f 4229 1113 1114
f 4084 4229 1114
f 4083 4229 4084
f 4084 1114 1017
f 1117 4230 4085
f 1117 4085 1021
f 4230 1119 1120
f 4086 4230 1120
f 4085 4230 4086
f 4086 1120 1121
f 4086 1121 4087
f 4087 1121 1123
f 4087 1123 4088
f 4088 1123 1125
f 4231 4088 1125
f 4089 4088 4231
f 4089 4232 4090
f 4089 4231 4232
f 4232 1127 1128
f 4091 4232 1128
f 4090 4232 4091
f 4091 1128 1023
f 1133 4092 1031
f 4092 1133 1135
f 4233 4092 1135
f 4093 4092 4233
f 4093 4234 4094
f 4093 4233 4234
f 4094 4235 4095
f 4094 4234 4235
f 4235 1137 1138
f 4096 4235 1138
f 4095 4235 4096
f 4096 1138 1139
f 4096 1139 4097
f 4097 1139 1141
f 4097 1141 4098
f 4098 1141 1033
f 1144 4099 1035
f 4099 1144 1146
f 4099 1146 4100
f 4100 1146 1148
f 4100 1148 4101
f 4101 1148 1037
f 1154 4102 1045
f 4102 1154 1156
f 4236 4102 1156
f 4103 4102 4236
f 4103 4237 4104
f 4103 4236 4237
f 4104 4238 4105
f 4104 4237 4238
f 4105 4239 4106
f 4105 4238 4239
f 4239 1158 1159
f 4107 4239 1159
f 4106 4239 4107
f 4107 1159 1160
f 4107 1160 4108
f 4108 1160 1047
f 1164 4109 1051
f 4109 1164 1166
f 4240 4109 1166
f 4110 4109 4240
f 4110 4241 4111
f 4110 4240 4241
f 4111 4242 4112
f 4111 4241 4242
f 4112 4243 4113
f 4112 4242 4243
f 4113 4244 4114
f 4113 4243 4244
f 4244 1168 1169
f 4115 4244 1169
f 4114 4244 4115
f 4115 1169 1170
f 4245 4115 1170
f 4116 4115 4245
f 4116 4246 4117
f 4116 4245 4246
f 4117 4247 4118
f 4117 4246 4247
f 4118 4248 4119
f 4118 4247 4248
f 4119 4249 4120
f 4119 4248 4249
f 4120 4250 4121
f 4120 4249 4250
f 4121 4251 4122
f 4121 4250 4251
f 4122 4252 4123
f 4122 4251 4252
f 4123 4253 4124
f 4123 4252 4253
f 4124 4254 4125
f 4124 4253 4254
f 4125 4255 4126
f 4125 4254 4255
f 4126 4256 4127
f 4126 4255 4256
f 4256 1172 1173
f 4128 4256 1173
f 4127 4256 4128
f 4128 1173 1053
f 1175 4129 1055
f 4129 1175 1177
f 4257 4129 1177
f 4130 4129 4257
f 4130 4258 4131
f 4130 4257 4258
f 4131 4259 4132
f 4131 4258 4259
f 4132 4260 4133
f 4132 4259 4260
f 4133 4261 4134
f 4133 4260 4261
f 4261 1179 1057
f 4261 1057 4134
f 1181 4135 1061
f 4135 1181 1063
f 1184 4136 1065
f 4137 1067 1186
f 4262 4137 1186
f 4263 4137 4262
f 4137 4264 4138
f 4137 4263 4264
f 4138 4265 4139
f 4138 4264 4265
f 4266 1187 1070
f 4139 4266 1070
f 4265 4266 4139
f 4140 1072 1187
f 4266 4140 1187
f 4267 4140 4266
f 4140 4268 4141
f 4140 4267 4268
f 4141 4269 4142
f 4141 4268 4269
f 4142 4270 4143
f 4142 4269 4270
f 4143 4271 4144
f 4143 4270 4271
f 4144 4272 4145
f 4144 4271 4272
f 4273 1188 1074
f 4145 4273 1074
f 4272 4273 4145
f 4274 1189 1188
f 4274 1188 4273
f 4146 1076 1189
f 4274 4146 1189
f 4275 4146 4274
f 4146 4276 4147
f 4146 4275 4276
f 4147 4277 4148
f 4147 4276 4277
f 4148 4278 4149
f 4148 4277 4278
f 4149 4279 4150
f 4149 4278 4279
f 4150 4280 4151
f 4150 4279 4280
f 4151 4281 4152
f 4151 4280 4281
f 4152 4282 4153
f 4152 4281 4282
f 4153 4283 4154
f 4153 4282 4283
f 4154 4284 4155
f 4154 4283 4284
f 4155 4285 4156
f 4155 4284 4285
f 4156 4286 4157
f 4156 4285 4286
f 4157 4287 4158
f 4157 4286 4287
f 4158 4288 4159
f 4158 4287 4288
f 4159 4289 4160
f 4159 4288 4289
f 4160 4290 4161
f 4160 4289 4290
f 4161 4291 4162
f 4161 4290 4291
f 4162 4292 4163
f 4162 4291 4292
f 4163 4293 4164
f 4163 4292 4293
f 4164 4294 4165
f 4164 4293 4294
f 4165 4295 4166
f 4165 4294 4295
f 4166 4296 4167
f 4166 4295 4296
f 4167 4297 4168
f 4167 4296 4297
f 4168 4298 4169
f 4168 4297 4298
f 4169 4299 4170
f 4169 4298 4299
f 4170 4300 4171
f 4170 4299 4300
f 4302 4172 4301
f 4172 4300 4301
f 4172 4171 4300
f 4304 4303 4302
f 4303 4172 4302
f 4303 4173 4172
f 4173 4305 4174
f 4173 4303 4305
f 4174 4306 4175
f 4174 4305 4306
f 4175 4307 4176
f 4175 4306 4307
f 4309 4177 4308
f 4177 4307 4308
f 4177 4176 4307
f 4177 4309 4178
f 4178 4309 4310
f 4178 4310 4179
f 4179 4310 4311
f 4179 4311 4180
f 4180 4311 4312
f 4180 4312 4181
f 4181 4312 4313
f 4181 4313 4182
f 4182 4313 4314
f 4182 4314 4183
f 4183 4314 4315
f 4183 4315 4184
f 4184 4315 4316
f 4184 4316 4185
f 4185 4316 4317
f 4185 4317 4186
f 4186 4317 4318
f 4186 4318 4187
f 4187 4318 4319
f 4187 4319 4188
f 4188 4319 4320
f 4188 4320 4189
f 4189 4320 4321
f 4189 4321 4190
f 4190 4321 4322
f 4190 4322 4191
f 4191 4322 4323
f 4191 4323 4192
f 4192 4323 4324
f 4192 4324 4193
f 4193 4324 4325
f 4193 4325 4194
f 4194 4325 4326
f 4194 4326 4195
f 4198 4327 4197
f 4329 4328 4327
f 4328 4197 4327
f 4328 4199 4197
f 4331 4200 4330
f 4200 4328 4330
f 4200 4199 4328
f 4200 4331 4201
f 4201 4331 4332
f 4201 4332 4202
f 4202 4332 4333
f 4335 4334 4333
f 4334 4202 4333
f 4334 4203 4202
f 4203 4336 4204
f 4203 4334 4336
f 4204 4337 4205
f 4204 4336 4337
f 4205 4338 4206
f 4205 4337 4338
f 4206 4339 4207
f 4206 4338 4339
f 4207 4340 4208
f 4207 4339 4340
f 4208 4341 4209
f 4208 4340 4341
f 4209 4342 4210
f 4209 4341 4342
f 4210 4343 4211
f 4210 4342 4343
f 4211 4344 4212
f 4211 4343 4344
f 4212 4345 4213
f 4212 4344 4345
f 4213 4346 4214
f 4213 4345 4346
f 4214 4347 4215
f 4214 4346 4347
f 4215 4348 4216
f 4215 4347 4348
f 4216 4349 4217
f 4216 4348 4349
f 4217 4350 4218
f 4217 4349 4350
f 4218 4351 4219
f 4218 4350 4351
f 4219 4352 4220
f 4219 4351 4352
f 4353 1190 1079
f 4220 4353 1079
f 4352 4353 4220
f 4354 1191 1190
f 4354 1190 4353
f 4355 1192 1191
f 4355 1191 4354
f 4356 1193 1192
f 4356 1192 4355
f 4357 1194 1193
f 4357 1193 4356
f 4221 1089 1194
f 4357 4221 1194
f 4358 4221 4357
f 4221 4359 4222
f 4221 4358 4359
f 4222 4360 4223
f 4222 4359 4360
f 4361 1195 1091
f 4223 4361 1091
f 4360 4361 4223
f 4362 1196 1195
f 4362 1195 4361
f 4363 1197 1196
f 4363 1196 4362
f 4364 1198 1197
f 4364 1197 4363
f 4365 1199 1198
f 4365 1198 4364
f 4224 1101 1199
f 4365 4224 1199
f 4366 4224 4365
f 4367 1200 1103
f 4224 4367 1103
f 4366 4367 4224
f 4368 1201 1200
f 4368 1200 4367
f 4369 1202 1201
f 4369 1201 4368
f 4370 1203 1202
f 4370 1202 4369
f 4371 1204 1203
f 4371 1203 4370
f 4372 1205 1204
f 4372 1204 4371
f 4225 1111 1205
f 4372 4225 1205
f 4373 4225 4372
f 4225 4374 4226
f 4225 4373 4374
f 4226 4375 4227
f 4226 4374 4375
f 4227 4376 4228
f 4227 4375 4376
f 4228 4377 4229
f 4228 4376 4377
f 4378 1206 1113
f 4229 4378 1113
f 4377 4378 4229
f 4379 1207 1206
f 4379 1206 4378
f 4380 1208 1207
f 4380 1207 4379
f 4230 1117 1208
f 4380 4230 1208
f 4381 4230 4380
f 4382 1209 1119
f 4230 4382 1119
f 4381 4382 4230
f 4383 1210 1209
f 4383 1209 4382
f 4384 1211 1210
f 4384 1210 4383
f 4231 1125 1211
f 4384 4231 1211
f 4385 4231 4384
f 4231 4386 4232
f 4231 4385 4386
f 4387 1212 1127
f 4232 4387 1127
f 4386 4387 4232
f 4388 1213 1212
f 4388 1212 4387
f 4389 1214 1213
f 4389 1213 4388
f 4390 1215 1214
f 4390 1214 4389
f 4391 1216 1215
f 4391 1215 4390
f 4392 1217 1216
f 4392 1216 4391
f 4233 1135 1217
f 4392 4233 1217
f 4393 4233 4392
f 4233 4394 4234
f 4233 4393 4394
f 4234 4395 4235
f 4234 4394 4395
f 4396 1218 1137
f 4235 4396 1137
f 4395 4396 4235
f 4397 1219 1218
f 4397 1218 4396
f 4398 1220 1219
f 4398 1219 4397
f 4399 1221 1220
f 4399 1220 4398
f 4400 1222 1221
f 4400 1221 4399
f 4401 1223 1222
f 4401 1222 4400
f 4402 1224 1223
f 4402 1223 4401
f 4403 1225 1224
f 4403 1224 4402
f 4404 1226 1225
f 4404 1225 4403
f 4404 1228 1226
f 1229 4405 1230
f 4406 1231 1230
f 4406 1230 4405
f 4236 1156 1231
f 4406 4236 1231
f 4407 4236 4406
f 4236 4408 4237
f 4236 4407 4408
f 4237 4409 4238
f 4237 4408 4409
f 4238 4410 4239
f 4238 4409 4410
f 4411 1232 1158
f 4239 4411 1158
f 4410 4411 4239
f 4412 1233 1232
f 4412 1232 4411
f 4413 1234 1233
f 4413 1233 4412
f 4414 1235 1234
f 4414 1234 4413
f 4415 1236 1235
f 4415 1235 4414
f 4240 1166 1236
f 4415 4240 1236
f 4416 4240 4415
f 4240 4417 4241
f 4240 4416 4417
f 4241 4418 4242
f 4241 4417 4418
f 4242 4419 4243
f 4242 4418 4419
f 4243 4420 4244
f 4243 4419 4420
f 4421 1237 1168
f 4244 4421 1168
f 4420 4421 4244
f 4245 1170 1237
f 4421 4245 1237
f 4422 4245 4421
f 4245 4423 4246
f 4245 4422 4423
f 4246 4424 4247
f 4246 4423 4424
f 4247 4425 4248
f 4247 4424 4425
f 4248 4426 4249
f 4248 4425 4426
f 4249 4427 4250
f 4249 4426 4427
f 4250 4428 4251
f 4250 4427 4428
f 4251 4429 4252
f 4251 4428 4429
f 4252 4430 4253
f 4252 4429 4430
f 4253 4431 4254
f 4253 4430 4431
f 4254 4432 4255
f 4254 4431 4432
f 4255 4433 4256
f 4255 4432 4433
f 4434 1238 1172
f 4256 4434 1172
f 4433 4434 4256
f 4435 1239 1238
f 4435 1238 4434
f 4436 1240 1239
f 4436 1239 4435
f 4257 1177 1240
f 4436 4257 1240
f 4437 4257 4436
f 4257 4438 4258
f 4257 4437 4438
f 4258 4439 4259
f 4258 4438 4439
f 4259 4440 4260
f 4259 4439 4440
f 4260 4441 4261
f 4260 4440 4441
f 4442 1241 1179
f 4261 4442 1179
f 4441 4442 4261
f 4443 1242 1241
f 4443 1241 4442
f 4444 1243 1242
f 4444 1242 4443
f 4445 1244 1243
f 4445 1243 4444
f 4446 1245 1244
f 4446 1244 4445
f 4262 4447 4263
f 4262 4448 4447
f 4263 4449 4264
f 4263 4447 4449
f 4264 4450 4265
f 4264 4449 4450
f 4265 4451 4266
f 4265 4450 4451
f 4266 4452 4267
f 4266 4451 4452
f 4267 4453 4268
f 4267 4452 4453
f 4268 4454 4269
f 4268 4453 4454
f 4269 4455 4270
f 4269 4454 4455
f 4270 4456 4271
f 4270 4455 4456
f 4271 4457 4272
f 4271 4456 4457
f 4272 4458 4273
f 4272 4457 4458
f 4273 4459 4274
f 4273 4458 4459
f 4274 4460 4275
f 4274 4459 4460
f 4275 4461 4276
f 4275 4460 4461
f 4276 4462 4277
f 4276 4461 4462
f 4277 4463 4278
f 4277 4462 4463
f 4278 4464 4279
f 4278 4463 4464
f 4279 4465 4280
f 4279 4464 4465
f 4280 4466 4281
f 4280 4465 4466
f 4281 4467 4282
f 4281 4466 4467
f 4282 4468 4283
f 4282 4467 4468
f 4283 4469 4284
f 4283 4468 4469
f 4284 4470 4285
f 4284 4469 4470
f 4285 4471 4286
f 4285 4470 4471
f 4286 4472 4287
f 4286 4471 4472
f 4287 4473 4288
f 4287 4472 4473
f 4288 4474 4289
f 4288 4473 4474
f 4289 4475 4290
f 4289 4474 4475
f 4290 4476 4291
f 4290 4475 4476
f 4291 4477 4292
f 4291 4476 4477
f 4292 4478 4293
f 4292 4477 4478
f 4293 4479 4294
f 4293 4478 4479
f 4294 4480 4295
f 4294 4479 4480
f 4295 4481 4296
f 4295 4480 4481
f 4296 4482 4297
f 4296 4481 4482
f 4297 4483 4298
f 4297 4482 4483
f 4298 4484 4299
f 4298 4483 4484
f 4299 4485 4300
f 4299 4484 4485
f 4301 4300 4486
f 4486 4300 4485
f 4304 4487 4303
f 4489 4488 4487
f 4488 4303 4487
f 4488 4305 4303
f 4305 4490 4306
f 4305 4488 4490
f 4492 4307 4491
f 4307 4490 4491
f 4307 4306 4490
f 4307 4492 4308
f 4328 4329 4493
f 4493 4329 4494
f 4330 4328 4495
f 4328 4496 4495
f 4328 4493 4496
f 4496 4497 4495
f 4334 4335 4498
f 4498 4335 4499
f 4334 4500 4336
f 4334 4498 4500
f 4336 4501 4337
f 4336 4500 4501
f 4337 4502 4338
f 4337 4501 4502
f 4338 4503 4339
f 4338 4502 4503
f 4339 4504 4340
f 4339 4503 4504
f 4340 4505 4341
f 4340 4504 4505
f 4341 4506 4342
f 4341 4505 4506
f 4342 4507 4343
f 4342 4506 4507
f 4343 4508 4344
f 4343 4507 4508
f 4344 4509 4345
f 4344 4508 4509
f 4345 4510 4346
f 4345 4509 4510
f 4346 4511 4347
f 4346 4510 4511
f 4347 4512 4348
f 4347 4511 4512
f 4348 4513 4349
f 4348 4512 4513
f 4349 4514 4350
f 4349 4513 4514
f 4350 4515 4351
f 4350 4514 4515
f 4351 4516 4352
f 4351 4515 4516
f 4352 4517 4353
f 4352 4516 4517
f 4353 4518 4354
f 4353 4517 4518
f 4354 4519 4355
f 4354 4518 4519
f 4355 4520 4356
f 4355 4519 4520
f 4356 4521 4357
f 4356 4520 4521
f 4357 4522 4358
f 4357 4521 4522
f 4358 4523 4359
f 4358 4522 4523
f 4359 4524 4360
f 4359 4523 4524
f 4360 4525 4361
f 4360 4524 4525
f 4361 4526 4362
f 4361 4525 4526
f 4362 4527 4363
f 4362 4526 4527
f 4363 4528 4364
f 4363 4527 4528
f 4364 4529 4365
f 4364 4528 4529
f 4365 4530 4366
f 4365 4529 4530
f 4366 4531 4367
f 4366 4530 4531
f 4367 4532 4368
f 4367 4531 4532
f 4368 4533 4369
f 4368 4532 4533
f 4369 4534 4370
f 4369 4533 4534
f 4370 4535 4371
f 4370 4534 4535
f 4371 4536 4372
f 4371 4535 4536
f 4372 4537 4373
f 4372 4536 4537
f 4373 4538 4374
f 4373 4537 4538
f 4374 4539 4375
f 4374 4538 4539
f 4375 4540 4376
f 4375 4539 4540
f 4376 4541 4377
f 4376 4540 4541
f 4377 4542 4378
f 4377 4541 4542
f 4378 4543 4379
f 4378 4542 4543
f 4379 4544 4380
f 4379 4543 4544
f 4380 4545 4381
f 4380 4544 4545
f 4381 4546 4382
f 4381 4545 4546
f 4382 4547 4383
f 4382 4546 4547
f 4383 4548 4384
f 4383 4547 4548
f 4384 4549 4385
f 4384 4548 4549
f 4385 4550 4386
f 4385 4549 4550
f 4386 4551 4387
f 4386 4550 4551
f 4387 4552 4388
f 4387 4551 4552
f 4388 4553 4389
f 4388 4552 4553
f 4389 4554 4390
f 4389 4553 4554
f 4390 4555 4391
f 4390 4554 4555
f 4391 4556 4392
f 4391 4555 4556
f 4392 4557 4393
f 4392 4556 4557
f 4393 4558 4394
f 4393 4557 4558
f 4394 4559 4395
f 4394 4558 4559
f 4395 4560 4396
f 4395 4559 4560
f 4396 4561 4397
f 4396 4560 4561
f 4397 4562 4398
f 4397 4561 4562
f 4398 4563 4399
f 4398 4562 4563
f 4399 4564 4400
f 4399 4563 4564
f 4400 4565 4401
f 4400 4564 4565
f 4401 4566 4402
f 4401 4565 4566
f 4402 4567 4403
f 4402 4566 4567
f 4403 4568 4404
f 4403 4567 4568
f 4569 1246 1228
f 4404 4569 1228
f 4568 4569 4404
f 4405 1229 1246
f 4569 4405 1246
f 4570 4405 4569
f 4405 4571 4406
f 4405 4570 4571
f 4406 4572 4407
f 4406 4571 4572
f 4407 4573 4408
f 4407 4572 4573
f 4408 4574 4409
f 4408 4573 4574
f 4409 4575 4410
f 4409 4574 4575
f 4410 4576 4411
f 4410 4575 4576
f 4411 4577 4412
f 4411 4576 4577
f 4412 4578 4413
f 4412 4577 4578
f 4413 4579 4414
f 4413 4578 4579
f 4414 4580 4415
f 4414 4579 4580
f 4415 4581 4416
f 4415 4580 4581
f 4416 4582 4417
f 4416 4581 4582
f 4417 4583 4418
f 4417 4582 4583
f 4418 4584 4419
f 4418 4583 4584
f 4419 4585 4420
f 4419 4584 4585
f 4420 4586 4421
f 4420 4585 4586
f 4421 4587 4422
f 4421 4586 4587
f 4422 4588 4423
f 4422 4587 4588
f 4423 4589 4424
f 4423 4588 4589
f 4424 4590 4425
f 4424 4589 4590
f 4425 4591 4426
f 4425 4590 4591
f 4426 4592 4427
f 4426 4591 4592
f 4427 4593 4428
f 4427 4592 4593
f 4428 4594 4429
f 4428 4593 4594
f 4429 4595 4430
f 4429 4594 4595
f 4430 4596 4431
f 4430 4595 4596
f 4431 4597 4432
f 4431 4596 4597
f 4432 4598 4433
f 4432 4597 4598
f 4433 4599 4434
f 4433 4598 4599
f 4434 4600 4435
f 4434 4599 4600
f 4435 4601 4436
f 4435 4600 4601
f 4436 4602 4437
f 4436 4601 4602
f 4437 4603 4438
f 4437 4602 4603
f 4438 4604 4439
f 4438 4603 4604
f 4439 4605 4440
f 4439 4604 4605
f 4440 4606 4441
f 4440 4605 4606
f 4606 1248 1249
f 4442 4606 1249
f 4441 4606 4442
f 4442 1249 1250
f 4607 4442 1250
f 4443 4442 4607
f 4443 4608 4444
f 4443 4607 4608
f 4444 4609 4445
f 4444 4608 4609
f 4445 4610 4446
f 4445 4609 4610
f 4448 4611 4447
f 4448 4612 4611
f 4447 4613 4449
f 4447 4611 4613
f 4449 4614 4450
f 4449 4613 4614
f 4450 4615 4451
f 4450 4614 4615
f 4451 4616 4452
f 4451 4615 4616
f 4452 4617 4453
f 4452 4616 4617
f 4453 4618 4454
f 4453 4617 4618
f 4454 4619 4455
f 4454 4618 4619
f 4455 4620 4456
f 4455 4619 4620
f 4456 4621 4457
f 4456 4620 4621
f 4457 4622 4458
f 4457 4621 4622
f 4458 4623 4459
f 4458 4622 4623
f 4459 4624 4460
f 4459 4623 4624
f 4460 4625 4461
f 4460 4624 4625
f 4461 4626 4462
f 4461 4625 4626
f 4462 4627 4463
f 4462 4626 4627
f 4463 4628 4464
f 4463 4627 4628
f 4464 4629 4465
f 4464 4628 4629
f 4465 4630 4466
f 4465 4629 4630
f 4466 4631 4467
f 4466 4630 4631
f 4467 4632 4468
f 4467 4631 4632
f 4468 4633 4469
f 4468 4632 4633
f 4469 4634 4470
f 4469 4633 4634
f 4470 4635 4471
f 4470 4634 4635
f 4471 4636 4472
f 4471 4635 4636
f 4472 4637 4473
f 4472 4636 4637
f 4473 4638 4474
f 4473 4637 4638
f 4474 4639 4475
f 4474 4638 4639
f 4475 4640 4476
f 4475 4639 4640
f 4476 4641 4477
f 4476 4640 4641
f 4477 4642 4478
f 4477 4641 4642
f 4478 4643 4479
f 4478 4642 4643
f 4479 4644 4480
f 4479 4643 4644
f 4480 4645 4481
f 4480 4644 4645
f 4647 4482 4646
f 4482 4645 4646
f 4482 4481 4645
f 4482 4647 4483
f 4483 4647 4648
f 4483 4648 4484
f 4484 4648 4649
f 4484 4649 4485
f 4485 4649 4650
f 4485 4650 4486
f 4489 4651 4488
f 4488 4651 4490
f 4490 4651 4652
f 4490 4652 4491
f 4494 4653 4493
f 4493 4653 4496
f 4496 4653 4654
f 4496 4654 4497
f 4499 4655 4498
f 4657 4656 4655
f 4656 4498 4655
f 4656 4500 4498
f 4500 4658 4501
f 4500 4656 4658
f 4501 4659 4502
f 4501 4658 4659
f 4502 4660 4503
f 4502 4659 4660
f 4503 4661 4504
f 4503 4660 4661
f 4504 4662 4505
f 4504 4661 4662
f 4505 4663 4506
f 4505 4662 4663
f 4506 4664 4507
f 4506 4663 4664
f 4507 4665 4508
f 4507 4664 4665
f 4508 4666 4509
f 4508 4665 4666
f 4509 4667 4510
f 4509 4666 4667
f 4510 4668 4511
f 4510 4667 4668
f 4511 4669 4512
f 4511 4668 4669
f 4512 4670 4513
f 4512 4669 4670
f 4513 4671 4514
f 4513 4670 4671
f 4514 4672 4515
f 4514 4671 4672
f 4515 4673 4516
f 4515 4672 4673
f 4516 4674 4517
f 4516 4673 4674
f 4517 4675 4518
f 4517 4674 4675
f 4518 4676 4519
f 4518 4675 4676
f 4519 4677 4520
f 4519 4676 4677
f 4520 4678 4521
f 4520 4677 4678
f 4521 4679 4522
f 4521 4678 4679
f 4522 4680 4523
f 4522 4679 4680
f 4523 4681 4524
f 4523 4680 4681
f 4524 4682 4525
f 4524 4681 4682
f 4525 4683 4526
f 4525 4682 4683
f 4526 4684 4527
f 4526 4683 4684
f 4527 4685 4528
f 4527 4684 4685
f 4528 4686 4529
f 4528 4685 4686
f 4529 4687 4530
f 4529 4686 4687
f 4530 4688 4531
f 4530 4687 4688
f 4531 4689 4532
f 4531 4688 4689
f 4532 4690 4533
f 4532 4689 4690
f 4533 4691 4534
f 4533 4690 4691
f 4534 4692 4535
f 4534 4691 4692
f 4535 4693 4536
f 4535 4692 4693
f 4536 4694 4537
f 4536 4693 4694
f 4537 4695 4538
f 4537 4694 4695
f 4538 4696 4539
f 4538 4695 4696
f 4539 4697 4540
f 4539 4696 4697
f 4540 4698 4541
f 4540 4697 4698
f 4541 4699 4542
f 4541 4698 4699
f 4542 4700 4543
f 4542 4699 4700
f 4543 4701 4544
f 4543 4700 4701
f 4544 4702 4545
f 4544 4701 4702
f 4545 4703 4546
f 4545 4702 4703
f 4546 4704 4547
f 4546 4703 4704
f 4547 4705 4548
f 4547 4704 4705
f 4548 4706 4549
f 4548 4705 4706
f 4549 4707 4550
f 4549 4706 4707
f 4550 4708 4551
f 4550 4707 4708
f 4551 4709 4552
f 4551 4708 4709
f 4552 4710 4553
f 4552 4709 4710
f 4553 4711 4554
f 4553 4710 4711
f 4554 4712 4555
f 4554 4711 4712
f 4555 4713 4556
f 4555 4712 4713
f 4556 4714 4557
f 4556 4713 4714
f 4557 4715 4558
f 4557 4714 4715
f 4558 4716 4559
f 4558 4715 4716
f 4559 4717 4560
f 4559 4716 4717
f 4560 4718 4561
f 4560 4717 4718
f 4561 4719 4562
f 4561 4718 4719
f 4562 4720 4563
f 4562 4719 4720
f 4563 4721 4564
f 4563 4720 4721
f 4564 4722 4565
f 4564 4721 4722
f 4565 4723 4566
f 4565 4722 4723
f 4566 4724 4567
f 4566 4723 4724
f 4567 4725 4568
f 4567 4724 4725
f 4725 1252 1253
f 4569 4725 1253
f 4568 4725 4569
f 4569 1253 1254
f 4726 4569 1254
f 4570 4569 4726
f 4570 4727 4571
f 4570 4726 4727
f 4571 4728 4572
f 4571 4727 4728
f 4572 4729 4573
f 4572 4728 4729
f 4573 4730 4574
f 4573 4729 4730
f 4574 4731 4575
f 4574 4730 4731
f 4575 4732 4576
f 4575 4731 4732
f 4576 4733 4577
f 4576 4732 4733
f 4733 1256 1257
f 4578 4733 1257
f 4577 4733 4578
f 4578 1257 1258
f 4734 4578 1258
f 4579 4578 4734
f 4579 4735 4580
f 4579 4734 4735
f 4580 4736 4581
f 4580 4735 4736
f 4581 4737 4582
f 4581 4736 4737
f 4582 4738 4583
f 4582 4737 4738
f 4583 4739 4584
f 4583 4738 4739
f 4584 4740 4585
f 4584 4739 4740
f 4585 4741 4586
f 4585 4740 4741
f 4586 4742 4587
f 4586 4741 4742
f 4587 4743 4588
f 4587 4742 4743
f 4588 4744 4589
f 4588 4743 4744
f 4589 4745 4590
f 4589 4744 4745
f 4590 4746 4591
f 4590 4745 4746
f 4591 4747 4592
f 4591 4746 4747
f 4592 4748 4593
f 4592 4747 4748
f 4593 4749 4594
f 4593 4748 4749
f 4594 4750 4595
f 4594 4749 4750
f 4595 4751 4596
f 4595 4750 4751
f 4596 4752 4597
f 4596 4751 4752
f 4597 4753 4598
f 4597 4752 4753
f 4598 4754 4599
f 4598 4753 4754
f 4599 4755 4600
f 4599 4754 4755
f 4600 4756 4601
f 4600 4755 4756
f 4601 4757 4602
f 4601 4756 4757
f 4602 4758 4603
f 4602 4757 4758
f 4603 4759 4604
f 4603 4758 4759
f 4604 4760 4605
f 4604 4759 4760
f 4605 4761 4606
f 4605 4760 4761
f 4762 1259 1248
f 4606 4762 1248
f 4761 4762 4606
f 1262 4607 1250
f 1260 1259 4762
f 4607 1262 1263
f 4763 4607 1263
f 4608 4607 4763
f 4608 4764 4609
f 4608 4763 4764
f 4609 4765 4610
f 4609 4764 4765
f 4612 4766 4611
f 4612 4767 4766
f 4611 4768 4613
f 4611 4766 4768
f 4613 4769 4614
f 4613 4768 4769
f 4614 4770 4615
f 4614 4769 4770
f 4615 4771 4616
f 4615 4770 4771
f 4616 4772 4617
f 4616 4771 4772
f 4617 4773 4618
f 4617 4772 4773
f 4618 4774 4619
f 4618 4773 4774
f 4619 4775 4620
f 4619 4774 4775
f 4620 4776 4621
f 4620 4775 4776
f 4621 4777 4622
f 4621 4776 4777
f 4622 4778 4623
f 4622 4777 4778
f 4623 4779 4624
f 4623 4778 4779
f 4624 4780 4625
f 4624 4779 4780
f 4625 4781 4626
f 4625 4780 4781
f 4626 4782 4627
f 4626 4781 4782
f 4784 4628 4783
f 4628 4782 4783
f 4628 4627 4782
f 4628 4784 4629
f 4629 4784 4785
f 4787 4786 4785
f 4786 4629 4785
f 4786 4630 4629
f 4630 4788 4631
f 4630 4786 4788
f 4790 4632 4789
f 4632 4788 4789
f 4632 4631 4788
f 4632 4790 4633
f 4633 4790 4791
f 4633 4791 4634
f 4634 4791 4792
f 4634 4792 4635
f 4635 4792 4793
f 4635 4793 4636
f 4636 4793 4794
f 4636 4794 4637
f 4637 4794 4795
f 4637 4795 4638
f 4638 4795 4796
f 4638 4796 4639
f 4639 4796 4797
f 4639 4797 4640
f 4640 4797 4798
f 4640 4798 4641
f 4641 4798 4799
f 4641 4799 4642
f 4642 4799 4800
f 4642 4800 4643
f 4643 4800 4801
f 4643 4801 4644
f 4644 4801 4802
f 4644 4802 4645
f 4645 4802 4803
f 4645 4803 4646
f 4657 4804 4656
f 4656 4804 4658
f 4658 4804 4805
f 4658 4805 4659
f 4659 4805 4806
f 4659 4806 4660
f 4660 4806 4807
f 4660 4807 4661
f 4661 4807 4808
f 4661 4808 4662
f 4662 4808 4809
f 4662 4809 4663
f 4663 4809 4810
f 4663 4810 4664
f 4664 4810 4811
f 4813 4812 4811
f 4812 4664 4811
f 4812 4665 4664
f 4665 4814 4666
f 4665 4812 4814
f 4666 4815 4667
f 4666 4814 4815
f 4667 4816 4668
f 4667 4815 4816
f 4668 4817 4669
f 4668 4816 4817
f 4669 4818 4670
f 4669 4817 4818
f 4670 4819 4671
f 4670 4818 4819
f 4671 4820 4672
f 4671 4819 4820
f 4672 4821 4673
f 4672 4820 4821
f 4673 4822 4674
f 4673 4821 4822
f 4674 4823 4675
f 4674 4822 4823
f 4675 4824 4676
f 4675 4823 4824
f 4676 4825 4677
f 4676 4824 4825
f 4677 4826 4678
f 4677 4825 4826
f 4678 4827 4679
f 4678 4826 4827
f 4679 4828 4680
f 4679 4827 4828
f 4680 4829 4681
f 4680 4828 4829
f 4681 4830 4682
f 4681 4829 4830
f 4682 4831 4683
f 4682 4830 4831
f 4683 4832 4684
f 4683 4831 4832
f 4684 4833 4685
f 4684 4832 4833
f 4685 4834 4686
f 4685 4833 4834
f 4686 4835 4687
f 4686 4834 4835
f 4687 4836 4688
f 4687 4835 4836
f 4688 4837 4689
f 4688 4836 4837
f 4689 4838 4690
f 4689 4837 4838
f 4690 4839 4691
f 4690 4838 4839
f 4691 4840 4692
f 4691 4839 4840
f 4692 4841 4693
f 4692 4840 4841
f 4693 4842 4694
f 4693 4841 4842
f 4694 4843 4695
f 4694 4842 4843
f 4695 4844 4696
f 4695 4843 4844
f 4696 4845 4697
f 4696 4844 4845
f 4697 4846 4698
f 4697 4845 4846
f 4698 4847 4699
f 4698 4846 4847
f 4699 4848 4700
f 4699 4847 4848
f 4700 4849 4701
f 4700 4848 4849
f 4701 4850 4702
f 4701 4849 4850
f 4702 4851 4703
f 4702 4850 4851
f 4703 4852 4704
f 4703 4851 4852
f 4704 4853 4705
f 4704 4852 4853
f 4705 4854 4706
f 4705 4853 4854
f 4706 4855 4707
f 4706 4854 4855
f 4707 4856 4708
f 4707 4855 4856
f 4708 4857 4709
f 4708 4856 4857
f 4709 4858 4710
f 4709 4857 4858
f 4710 4859 4711
f 4710 4858 4859
f 4711 4860 4712
f 4711 4859 4860
f 4712 4861 4713
f 4712 4860 4861
f 4713 4862 4714
f 4713 4861 4862
f 4714 4863 4715
f 4714 4862 4863
f 4715 4864 4716
f 4715 4863 4864
f 4716 4865 4717
f 4716 4864 4865
f 4717 4866 4718
f 4717 4865 4866
f 4718 4867 4719
f 4718 4866 4867
f 4719 4868 4720
f 4719 4867 4868
f 4720 4869 4721
f 4720 4868 4869
f 4721 4870 4722
f 4721 4869 4870
f 4722 4871 4723
f 4722 4870 4871
f 4723 4872 4724
f 4723 4871 4872
f 4724 4873 4725
f 4724 4872 4873
f 4873 1265 1252
f 4873 1252 4725
f 1266 4874 4726
f 1266 4726 1254
f 4726 4875 4727
f 4726 4874 4875
f 4727 4876 4728
f 4727 4875 4876
f 4728 4877 4729
f 4728 4876 4877
f 4729 4878 4730
f 4729 4877 4878
f 4730 4879 4731
f 4730 4878 4879
f 4731 4880 4732
f 4731 4879 4880
f 4732 4881 4733
f 4732 4880 4881
f 4882 1267 1256
f 4733 4882 1256
f 4881 4882 4733
f 4734 1258 1267
f 4882 4734 1267
f 4883 4734 4882
f 4734 4884 4735
f 4734 4883 4884
f 4735 4885 4736
f 4735 4884 4885
f 4736 4886 4737
f 4736 4885 4886
f 4737 4887 4738
f 4737 4886 4887
f 4738 4888 4739
f 4738 4887 4888
f 4739 4889 4740
f 4739 4888 4889
f 4740 4890 4741
f 4740 4889 4890
f 4741 4891 4742
f 4741 4890 4891
f 4742 4892 4743
f 4742 4891 4892
f 4743 4893 4744
f 4743 4892 4893
f 4744 4894 4745
f 4744 4893 4894
f 4745 4895 4746
f 4745 4894 4895
f 4746 4896 4747
f 4746 4895 4896
f 4747 4897 4748
f 4747 4896 4897
f 4748 4898 4749
f 4748 4897 4898
f 4749 4899 4750
f 4749 4898 4899
f 4750 4900 4751
f 4750 4899 4900
f 4751 4901 4752
f 4751 4900 4901
f 4752 4902 4753
f 4752 4901 4902
f 4753 4903 4754
f 4753 4902 4903
f 4754 4904 4755
f 4754 4903 4904
f 4755 4905 4756
f 4755 4904 4905
f 4756 4906 4757
f 4756 4905 4906
f 4757 4907 4758
f 4757 4906 4907
f 4758 4908 4759
f 4758 4907 4908
f 4759 4909 4760
f 4759 4908 4909
f 4760 4910 4761
f 4760 4909 4910
f 4761 4911 4762
f 4761 4910 4911
f 4912 1268 1260
f 4762 4912 1260
f 4911 4912 4762
f 4763 1263 1268
f 4912 4763 1268
f 4913 4763 4912
f 4763 4914 4764
f 4763 4913 4914
f 4764 4915 4765
f 4764 4914 4915
f 4767 4916 4766
f 4767 4917 4916
f 4766 4918 4768
f 4766 4916 4918
f 4768 4919 4769
f 4768 4918 4919
f 4769 4920 4770
f 4769 4919 4920
f 4770 4921 4771
f 4770 4920 4921
f 4771 4922 4772
f 4771 4921 4922
f 4772 4923 4773
f 4772 4922 4923
f 4925 4774 4924
f 4774 4923 4924
f 4774 4773 4923
f 4774 4925 4775
f 4775 4925 4926
f 4928 4927 4926
f 4927 4775 4926
f 4927 4776 4775
f 4776 4929 4777
f 4776 4927 4929
f 4777 4930 4778
f 4777 4929 4930
f 4932 4779 4931
f 4779 4930 4931
f 4779 4778 4930
f 4779 4932 4780
f 4780 4932 4933
f 4780 4933 4781
f 4781 4933 4934
f 4781 4934 4782
f 4782 4934 4935
f 4782 4935 4783
f 4787 4936 4786
f 4786 4936 4788
f 4788 4936 4937
f 4788 4937 4789
f 4813 4938 4812
f 4812 4938 4814
f 4814 4938 4939
f 4814 4939 4815
f 4815 4939 4940
f 4815 4940 4816
f 4816 4940 4941
f 4816 4941 4817
f 4817 4941 4942
f 4817 4942 4818
f 4818 4942 4943
f 4818 4943 4819
f 4819 4943 4944
f 4819 4944 4820
f 4820 4944 4945
f 4820 4945 4821
f 4821 4945 4946
f 4948 4947 4946
f 4947 4821 4946
f 4947 4822 4821
f 4822 4949 4823
f 4822 4947 4949
f 4823 4950 4824
f 4823 4949 4950
f 4824 4951 4825
f 4824 4950 4951
f 4825 4952 4826
f 4825 4951 4952
f 4954 4827 4953
f 4827 4952 4953
f 4827 4826 4952
f 4827 4954 4828
f 4828 4954 4955
f 4957 4956 4955
f 4956 4828 4955
f 4956 4829 4828
f 4829 4958 4830
f 4829 4956 4958
f 4830 4959 4831
f 4830 4958 4959
f 4831 4960 4832
f 4831 4959 4960
f 4832 4961 4833
f 4832 4960 4961
f 4833 4962 4834
f 4833 4961 4962
f 4834 4963 4835
f 4834 4962 4963
f 4835 4964 4836
f 4835 4963 4964
f 4836 4965 4837
f 4836 4964 4965
f 4837 4966 4838
f 4837 4965 4966
f 4838 4967 4839
f 4838 4966 4967
f 4839 4968 4840
f 4839 4967 4968
f 4840 4969 4841
f 4840 4968 4969
f 4841 4970 4842
f 4841 4969 4970
f 4972 4843 4971
f 4843 4970 4971
f 4843 4842 4970
f 4974 4973 4972
f 4973 4843 4972
f 4973 4844 4843
f 4844 4975 4845
f 4844 4973 4975
f 4845 4976 4846
f 4845 4975 4976
f 4846 4977 4847
f 4846 4976 4977
f 4847 4978 4848
f 4847 4977 4978
f 4848 4979 4849
f 4848 4978 4979
f 4849 4980 4850
f 4849 4979 4980
f 4850 4981 4851
f 4850 4980 4981
f 4851 4982 4852
f 4851 4981 4982
f 4852 4983 4853
f 4852 4982 4983
f 4853 4984 4854
f 4853 4983 4984
f 4854 4985 4855
f 4854 4984 4985
f 4855 4986 4856
f 4855 4985 4986
f 4856 4987 4857
f 4856 4986 4987
f 4857 4988 4858
f 4857 4987 4988
f 4858 4989 4859
f 4858 4988 4989
f 4859 4990 4860
f 4859 4989 4990
f 4860 4991 4861
f 4860 4990 4991
f 4861 4992 4862
f 4861 4991 4992
f 4862 4993 4863
f 4862 4992 4993
f 4863 4994 4864
f 4863 4993 4994
f 4864 4995 4865
f 4864 4994 4995
f 4865 4996 4866
f 4865 4995 4996
f 4866 4997 4867
f 4866 4996 4997
f 4867 4998 4868
f 4867 4997 4998
f 4868 4999 4869
f 4868 4998 4999
f 4869 5000 4870
f 4869 4999 5000
f 4870 5001 4871
f 4870 5000 5001
f 4871 5002 4872
f 4871 5001 5002
f 4872 5003 4873
f 4872 5002 5003
f 5004 1269 1265
f 4873 5004 1265
f 5003 5004 4873
f 4874 1266 1269
f 5004 4874 1269
f 5005 4874 5004
f 4874 5006 4875
f 4874 5005 5006
f 4875 5007 4876
f 4875 5006 5007
f 4876 5008 4877
f 4876 5007 5008
f 4877 5009 4878
f 4877 5008 5009
f 4878 5010 4879
f 4878 5009 5010
f 4879 5011 4880
f 4879 5010 5011
f 4880 5012 4881
f 4880 5011 5012
f 4881 5013 4882
f 4881 5012 5013
f 4882 5014 4883
f 4882 5013 5014
f 4883 5015 4884
f 4883 5014 5015
f 4884 5016 4885
f 4884 5015 5016
f 4885 5017 4886
f 4885 5016 5017
f 4886 5018 4887
f 4886 5017 5018
f 4887 5019 4888
f 4887 5018 5019
f 4888 5020 4889
f 4888 5019 5020
f 4889 5021 4890
f 4889 5020 5021
f 4890 5022 4891
f 4890 5021 5022
f 4891 5023 4892
f 4891 5022 5023
f 4892 5024 4893
f 4892 5023 5024
f 4893 5025 4894
f 4893 5024 5025
f 4894 5026 4895
f 4894 5025 5026
f 4895 5027 4896
f 4895 5026 5027
f 4896 5028 4897
f 4896 5027 5028
f 4897 5029 4898
f 4897 5028 5029
f 4898 5030 4899
f 4898 5029 5030
f 4899 5031 4900
f 4899 5030 5031
f 4900 5032 4901
f 4900 5031 5032
f 4901 5033 4902
f 4901 5032 5033
f 4902 5034 4903
f 4902 5033 5034
f 4903 5035 4904
f 4903 5034 5035
f 4904 5036 4905
f 4904 5035 5036
f 4905 5037 4906
f 4905 5036 5037
f 4906 5038 4907
f 4906 5037 5038
f 4907 5039 4908
f 4907 5038 5039
f 4908 5040 4909
f 4908 5039 5040
f 4909 5041 4910
f 4909 5040 5041
f 4910 5042 4911
f 4910 5041 5042
f 4911 5043 4912
f 4911 5042 5043
f 4912 5044 4913
f 4912 5043 5044
f 4913 5045 4914
f 4913 5044 5045
f 4914 5046 4915
f 4914 5045 5046
f 4917 5047 4916
f 4917 5048 5047
f 4916 5049 4918
f 4916 5047 5049
f 4918 5050 4919
f 4918 5049 5050
f 4919 5051 4920
f 4919 5050 5051
f 4920 5052 4921
f 4920 5051 5052
f 4921 5053 4922
f 4921 5052 5053
f 4922 5054 4923
f 4922 5053 5054
f 4924 4923 5055
f 4923 5056 5055
f 4923 5054 5056
f 5058 5057 5056
f 5056 5057 5055
f 5057 5058 4928
f 5058 4927 4928
f 5058 5059 4927
f 4927 5060 4929
f 4927 5059 5060
f 4929 5061 4930
f 4929 5060 5061
f 4931 4930 5062
f 4930 5063 5062
f 4930 5061 5063
f 5065 5064 5063
f 5063 5064 5062
f 5067 5066 5065
f 5065 5066 5064
f 5067 5068 5066
f 5071 5070 5069
f 5073 5072 5069
f 5069 5072 5071
f 5075 5074 5073
f 5073 5074 5072
f 5074 5075 4948
f 5075 4947 4948
f 5075 5076 4947
f 4947 5077 4949
f 4947 5076 5077
f 4949 5078 4950
f 4949 5077 5078
f 4950 5079 4951
f 4950 5078 5079
f 4951 5080 4952
f 4951 5079 5080
f 4953 4952 5081
f 4952 5082 5081
f 4952 5080 5082
f 5084 5083 5082
f 5082 5083 5081
f 5083 5084 4957
f 5084 4956 4957
f 5084 5085 4956
f 4956 5086 4958
f 4956 5085 5086
f 4958 5087 4959
f 4958 5086 5087
f 4959 5088 4960
f 4959 5087 5088
f 4960 5089 4961
f 4960 5088 5089
f 4961 5090 4962
f 4961 5089 5090
f 4962 5091 4963
f 4962 5090 5091
f 4963 5092 4964
f 4963 5091 5092
f 4964 5093 4965
f 4964 5092 5093
f 4965 5094 4966
f 4965 5093 5094
f 4966 5095 4967
f 4966 5094 5095
f 4967 5096 4968
f 4967 5095 5096
f 4968 5097 4969
f 4968 5096 5097
f 4969 5098 4970
f 4969 5097 5098
f 4971 4970 5099
f 4970 5100 5099
f 4970 5098 5100
f 5099 5100 4974
f 5100 4973 4974
f 5100 5101 4973
f 4973 5102 4975
f 4973 5101 5102
f 4975 5103 4976
f 4975 5102 5103
f 4976 5104 4977
f 4976 5103 5104
f 4977 5105 4978
f 4977 5104 5105
f 4978 5106 4979
f 4978 5105 5106
f 4979 5107 4980
f 4979 5106 5107
f 4980 5108 4981
f 4980 5107 5108
f 4981 5109 4982
f 4981 5108 5109
f 4982 5110 4983
f 4982 5109 5110
f 4983 5111 4984
f 4983 5110 5111
f 4984 5112 4985
f 4984 5111 5112
f 4985 5113 4986
f 4985 5112 5113
f 4986 5114 4987
f 4986 5113 5114
f 4987 5115 4988
f 4987 5114 5115
f 4988 5116 4989
f 4988 5115 5116
f 4989 5117 4990
f 4989 5116 5117
f 4990 5118 4991
f 4990 5117 5118
f 4991 5119 4992
f 4991 5118 5119
f 4992 5120 4993
f 4992 5119 5120
f 4993 5121 4994
f 4993 5120 5121
f 4994 5122 4995
f 4994 5121 5122
f 4995 5123 4996
f 4995 5122 5123
f 4996 5124 4997
f 4996 5123 5124
f 5124 1271 1272
f 4998 5124 1272
f 4997 5124 4998
f 4998 1272 1273
f 5125 4998 1273
f 4999 4998 5125
f 4999 5126 5000
f 4999 5125 5126
f 5000 5127 5001
f 5000 5126 5127
f 5001 5128 5002
f 5001 5127 5128
f 5002 5129 5003
f 5002 5128 5129
f 5129 1275 1276
f 5004 5129 1276
f 5003 5129 5004
f 5004 1276 1277
f 5130 5004 1277
f 5005 5004 5130
f 5005 5131 5006
f 5005 5130 5131
f 5006 5132 5007
f 5006 5131 5132
f 5007 5133 5008
f 5007 5132 5133
f 5008 5134 5009
f 5008 5133 5134
f 5009 5135 5010
f 5009 5134 5135
f 5010 5136 5011
f 5010 5135 5136
f 5011 5137 5012
f 5011 5136 5137
f 5137 1279 1280
f 5013 5137 1280
f 5012 5137 5013
f 5013 1280 1281
f 5138 5013 1281
f 5014 5013 5138
f 5014 5139 5015
f 5014 5138 5139
f 5015 5140 5016
f 5015 5139 5140
f 5016 5141 5017
f 5016 5140 5141
f 5017 5142 5018
f 5017 5141 5142
f 5018 5143 5019
f 5018 5142 5143
f 5019 5144 5020
f 5019 5143 5144
f 5020 5145 5021
f 5020 5144 5145
f 5021 5146 5022
f 5021 5145 5146
f 5022 5147 5023
f 5022 5146 5147
f 5023 5148 5024
f 5023 5147 5148
f 5024 5149 5025
f 5024 5148 5149
f 5025 5150 5026
f 5025 5149 5150
f 5026 5151 5027
f 5026 5150 5151
f 5027 5152 5028
f 5027 5151 5152
f 5028 5153 5029
f 5028 5152 5153
f 5029 5154 5030
f 5029 5153 5154
f 5030 5155 5031
f 5030 5154 5155
f 5031 5156 5032
f 5031 5155 5156
f 5032 5157 5033
f 5032 5156 5157
f 5033 5158 5034
f 5033 5157 5158
f 5034 5159 5035
f 5034 5158 5159
f 5035 5160 5036
f 5035 5159 5160
f 5036 5161 5037
f 5036 5160 5161
f 5037 5162 5038
f 5037 5161 5162
f 5038 5163 5039
f 5038 5162 5163
f 5039 5164 5040
f 5039 5163 5164
f 5040 5165 5041
f 5040 5164 5165
f 5041 5166 5042
f 5041 5165 5166
f 5042 5167 5043
f 5042 5166 5167
f 5043 5168 5044
f 5043 5167 5168
f 5044 5169 5045
f 5044 5168 5169
f 5045 5170 5046
f 5045 5169 5170
f 5048 1282 1283
f 5171 5048 1283
f 5047 5048 5171
f 5047 5172 5049
f 5047 5171 5172
f 5172 1286 1287
f 5050 5172 1287
f 5049 5172 5050
f 5050 1287 1288
f 5050 1288 5051
f 5051 1288 1290
f 5173 5051 1290
f 5052 5051 5173
f 5052 5174 5053
f 5052 5173 5174
f 5053 5175 5054
f 5053 5174 5175
f 5054 5176 5056
f 5054 5175 5176
f 5056 5177 5058
f 5056 5176 5177
f 5058 5178 5059
f 5058 5177 5178
f 5059 5179 5060
f 5059 5178 5179
f 5060 5180 5061
f 5060 5179 5180
f 5061 5181 5063
f 5061 5180 5181
f 5063 5182 5065
f 5063 5181 5182
f 5065 5183 5067
f 5065 5182 5183
f 5068 5067 5184
f 5067 5185 5184
f 5067 5183 5185
f 5187 5186 5185
f 5185 5186 5184
f 5189 5188 5187
f 5187 5188 5186
f 5191 5190 5189
f 5189 5190 5188
f 5193 5192 5191
f 5191 5192 5190
f 5193 5194 5192
f 5197 5196 5195
f 5199 5198 5195
f 5195 5198 5197
f 5201 5200 5199
f 5199 5200 5198
f 5203 5202 5201
f 5201 5202 5200
f 5205 5204 5203
f 5203 5204 5202
f 5207 5206 5205
f 5205 5206 5204
f 5209 5208 5207
f 5207 5208 5206
f 5211 5210 5209
f 5209 5210 5208
f 5213 5212 5211
f 5211 5212 5210
f 5212 5213 5070
f 5213 5069 5070
f 5213 5214 5069
f 5069 5215 5073
f 5069 5214 5215
f 5073 5216 5075
f 5073 5215 5216
f 5075 5217 5076
f 5075 5216 5217
f 5076 5218 5077
f 5076 5217 5218
f 5077 5219 5078
f 5077 5218 5219
f 5078 5220 5079
f 5078 5219 5220
f 5079 5221 5080
f 5079 5220 5221
f 5080 5222 5082
f 5080 5221 5222
f 5082 5223 5084
f 5082 5222 5223
f 5084 5224 5085
f 5084 5223 5224
f 5085 5225 5086
f 5085 5224 5225
f 5086 5226 5087
f 5086 5225 5226
f 5087 5227 5088
f 5087 5226 5227
f 5088 5228 5089
f 5088 5227 5228
f 5089 5229 5090
f 5089 5228 5229
f 5090 5230 5091
f 5090 5229 5230
f 5091 5231 5092
f 5091 5230 5231
f 5231 1292 1293
f 5093 5231 1293
f 5092 5231 5093
f 5093 1293 1294
f 5093 1294 5094
f 5094 1294 1296
f 5094 1296 5095
f 5095 1296 1298
f 5095 1298 5096
f 5096 1298 1300
f 5232 5096 1300
f 5097 5096 5232
f 5097 5233 5098
f 5097 5232 5233
f 5098 5234 5100
f 5098 5233 5234
f 5100 5235 5101
f 5100 5234 5235
f 5101 5236 5102
f 5101 5235 5236
f 5102 5237 5103
f 5102 5236 5237
f 5103 5238 5104
f 5103 5237 5238
f 5104 5239 5105
f 5104 5238 5239
f 5105 5240 5106
f 5105 5239 5240
f 5240 1302 1303
f 5107 5240 1303
f 5106 5240 5107
f 5107 1303 1304
f 5107 1304 5108
f 5108 1304 1306
f 5108 1306 5109
f 5109 1306 1308
f 5109 1308 5110
f 5110 1308 1310
f 5241 5110 1310
f 5111 5110 5241
f 5111 5242 5112
f 5111 5241 5242
f 5242 1312 1313
f 5113 5242 1313
f 5112 5242 5113
f 5113 1313 1314
f 5113 1314 5114
f 5114 1314 1316
f 5114 1316 5115
f 5115 1316 1318
f 5115 1318 5116
f 5116 1318 1320
f 5116 1320 5117
f 5117 1320 1322
f 5117 1322 5118
f 5118 1322 1324
f 5243 5118 1324
f 5119 5118 5243
f 5243 1326 1327
f 5120 5243 1327
f 5119 5243 5120
f 5120 1327 1328
f 5120 1328 5121
f 5121 1328 1330
f 5121 1330 5122
f 5122 1330 1332
f 5122 1332 5123
f 5123 1332 1334
f 5123 1334 5124
f 5124 1334 1271
f 1337 5125 1273
f 5125 1337 1339
f 5125 1339 5126
f 5126 1339 1341
f 5126 1341 5127
f 5127 1341 1343
f 5127 1343 5128
f 5128 1343 1345
f 5128 1345 5129
f 5129 1345 1275
f 1348 5130 1277
f 5130 1348 1350
f 5130 1350 5131
f 5131 1350 1352
f 5131 1352 5132
f 5132 1352 1354
f 5132 1354 5133
f 5133 1354 1356
f 5133 1356 5134
f 5134 1356 1358
f 5134 1358 5135
f 5135 1358 1360
f 5135 1360 5136
f 5136 1360 1362
f 5136 1362 5137
f 5137 1362 1279
f 1365 5138 1281
f 5138 1365 1367
f 5138 1367 5139
f 5139 1367 1369
f 5139 1369 5140
f 5140 1369 1371
f 5140 1371 5141
f 5141 1371 1373
f 5141 1373 5142
f 5142 1373 1375
f 5244 5142 1375
f 5143 5142 5244
f 5244 1377 1378
f 5144 5244 1378
f 5143 5244 5144
f 5144 1378 1379
f 5144 1379 5145
f 5145 1379 1381
f 5145 1381 5146
f 5146 1381 1383
f 5146 1383 5147
f 5147 1383 1385
f 5147 1385 5148
f 5148 1385 1387
f 5148 1387 5149
f 5149 1387 1389
f 5149 1389 5150
f 5150 1389 1391
f 5150 1391 5151
f 5151 1391 1393
f 5245 5151 1393
f 5152 5151 5245
f 5152 5246 5153
f 5152 5245 5246
f 5153 5247 5154
f 5153 5246 5247
f 5247 1395 1396
f 5155 5247 1396
f 5154 5247 5155
f 5155 1396 1397
f 5155 1397 5156
f 5156 1397 1399
f 5156 1399 5157
f 5157 1399 1401
f 5157 1401 5158
f 5158 1401 1403
f 5158 1403 5159
f 5159 1403 1405
f 5159 1405 5160
f 5160 1405 1407
f 5160 1407 5161
f 5161 1407 1409
f 5161 1409 5162
f 5162 1409 1411
f 5162 1411 5163
f 5163 1411 1413
f 5163 1413 5164
f 5164 1413 1415
f 5164 1415 5165
f 5165 1415 1417
f 5165 1417 5166
f 5166 1417 1419
f 5166 1419 5167
f 5167 1419 1421
f 5248 5167 1421
f 5168 5167 5248
f 5248 1423 1424
f 5169 5248 1424
f 5168 5248 5169
f 5169 1424 1425
f 5169 1425 5170
f 5171 1283 1427
f 5249 5171 1427
f 5250 5171 5249
f 5171 5251 5172
f 5171 5250 5251
f 5252 1428 1286
f 5172 5252 1286
f 5251 5252 5172
f 5253 1429 1428
f 5253 1428 5252
f 5173 1290 1429
f 5253 5173 1429
f 5254 5173 5253
f 5173 5255 5174
f 5173 5254 5255
f 5174 5256 5175
f 5174 5255 5256
f 5175 5257 5176
f 5175 5256 5257
f 5176 5258 5177
f 5176 5257 5258
f 5177 5259 5178
f 5177 5258 5259
f 5178 5260 5179
f 5178 5259 5260
f 5179 5261 5180
f 5179 5260 5261
f 5180 5262 5181
f 5180 5261 5262
f 5264 5182 5263
f 5182 5262 5263
f 5182 5181 5262
f 5182 5264 5183
f 5183 5264 5265
f 5183 5265 5185
f 5185 5265 5266
f 5185 5266 5187
f 5187 5266 5267
f 5187 5267 5189
f 5189 5267 5268
f 5189 5268 5191
f 5191 5268 5269
f 5191 5269 5193
f 5193 5269 5270
f 5193 5270 5194
f 5196 5271 5195
f 5195 5271 5199
f 5199 5271 5272
f 5199 5272 5201
f 5201 5272 5273
f 5201 5273 5203
f 5203 5273 5274
f 5203 5274 5205
f 5205 5274 5275
f 5205 5275 5207
f 5207 5275 5276
f 5278 5277 5276
f 5277 5207 5276
f 5277 5209 5207
f 5209 5279 5211
f 5209 5277 5279
f 5281 5213 5280
f 5213 5279 5280
f 5213 5211 5279
f 5283 5282 5281
f 5282 5213 5281
f 5282 5214 5213
f 5214 5284 5215
f 5214 5282 5284
f 5215 5285 5216
f 5215 5284 5285
f 5216 5286 5217
f 5216 5285 5286
f 5217 5287 5218
f 5217 5286 5287
f 5218 5288 5219
f 5218 5287 5288
f 5219 5289 5220
f 5219 5288 5289
f 5220 5290 5221
f 5220 5289 5290
f 5221 5291 5222
f 5221 5290 5291
f 5222 5292 5223
f 5222 5291 5292
f 5223 5293 5224
f 5223 5292 5293
f 5224 5294 5225
f 5224 5293 5294
f 5225 5295 5226
f 5225 5294 5295
f 5226 5296 5227
f 5226 5295 5296
f 5227 5297 5228
f 5227 5296 5297
f 5228 5298 5229
f 5228 5297 5298
f 5229 5299 5230
f 5229 5298 5299
f 5230 5300 5231
f 5230 5299 5300
f 5300 1431 1292
f 5300 1292 5231
f 1433 5301 1434
f 5302 1435 1434
f 5302 1434 5301
f 5232 1300 1435
f 5302 5232 1435
f 5303 5232 5302
f 5232 5304 5233
f 5232 5303 5304
f 5233 5305 5234
f 5233 5304 5305
f 5234 5306 5235
f 5234 5305 5306
f 5235 5307 5236
f 5235 5306 5307
f 5236 5308 5237
f 5236 5307 5308
f 5237 5309 5238
f 5237 5308 5309
f 5238 5310 5239
f 5238 5309 5310
f 5239 5311 5240
f 5239 5310 5311
f 5312 1436 1302
f 5240 5312 1302
f 5311 5312 5240
f 5313 1437 1436
f 5313 1436 5312
f 5314 1438 1437
f 5314 1437 5313
f 5315 1439 1438
f 5315 1438 5314
f 5241 1310 1439
f 5315 5241 1439
f 5316 5241 5315
f 5241 5317 5242
f 5241 5316 5317
f 5318 1440 1312
f 5242 5318 1312
f 5317 5318 5242
f 5318 1442 1440
f 1447 5319 5243
f 1447 5243 1324
f 5320 1448 1326
f 5243 5320 1326
f 5319 5320 5243
f 5321 1449 1448
f 5321 1448 5320
f 5322 1450 1449
f 5322 1449 5321
f 5322 1452 1450
f 1463 5323 1464
f 5324 1465 1464
f 5324 1464 5323
f 5325 1466 1465
f 5325 1465 5324
f 5325 1468 1466
f 1476 5326 1477
f 5244 1375 1477
f 5326 5244 1477
f 5327 5244 5326
f 5327 1479 1377
f 5327 1377 5244
f 1482 5328 1483
f 5329 1484 1483
f 5329 1483 5328
f 5330 1485 1484
f 5330 1484 5329
f 5330 1487 1485
f 1488 5331 1489
f 5245 1393 1489
f 5331 5245 1489
f 5332 5245 5331
f 5245 5333 5246
f 5245 5332 5333
f 5246 5334 5247
f 5246 5333 5334
f 5334 1491 1395
f 5334 1395 5247
f 1497 5335 1498
f 5335 1500 1498
f 1502 5336 1503
f 5337 1504 1503
f 5337 1503 5336
f 5338 1505 1504
f 5338 1504 5337
f 5339 1506 1505
f 5339 1505 5338
f 5248 1421 1506
f 5339 5248 1506
f 5340 5248 5339
f 5341 1507 1423
f 5248 5341 1423
f 5340 5341 5248
f 5342 1508 1507
f 5342 1507 5341
f 5249 5343 5250
f 5250 5343 5344
f 5250 5344 5251
f 5251 5344 5345
f 5251 5345 5252
f 5252 5345 5346
f 5252 5346 5253
f 5253 5346 5347
f 5253 5347 5254
f 5254 5347 5348
f 5254 5348 5255
f 5255 5348 5349
f 5255 5349 5256
f 5256 5349 5350
f 5256 5350 5257
f 5257 5350 5351
f 5257 5351 5258
f 5258 5351 5352
f 5258 5352 5259
f 5259 5352 5353
f 5259 5353 5260
f 5260 5353 5354
f 5260 5354 5261
f 5261 5354 5355
f 5261 5355 5262
f 5262 5355 5356
f 5262 5356 5263
f 5278 5357 5277
f 5277 5357 5279
f 5279 5357 5358
f 5279 5358 5280
f 5283 5359 5282
f 5282 5359 5284
f 5284 5359 5360
f 5284 5360 5285
f 5285 5360 5361
f 5285 5361 5286
f 5286 5361 5362
f 5364 5363 5362
f 5363 5286 5362
f 5363 5287 5286
f 5366 5288 5365
f 5288 5363 5365
f 5288 5287 5363
f 5288 5366 5289
f 5289 5366 5367
f 5289 5367 5290
f 5290 5367 5368
f 5290 5368 5291
f 5291 5368 5369
f 5291 5369 5292
f 5292 5369 5370
f 5292 5370 5293
f 5293 5370 5371
f 5293 5371 5294
f 5294 5371 5372
f 5294 5372 5295
f 5295 5372 5373
f 5295 5373 5296
f 5296 5373 5374
f 5296 5374 5297
f 5297 5374 5375
f 5297 5375 5298
f 5298 5375 5376
f 5298 5376 5299
f 5299 5376 5377
f 5299 5377 5300
f 5300 5377 5378
f 5378 5380 5379
f 5378 5379 1509
f 5300 5378 1509
f 1431 5300 1509
f 5381 1510 1509
f 5381 1509 5379
f 5381 5382 1510
f 1510 5382 1433
f 5382 5383 1433
f 5383 5301 1433
f 5301 5383 5302
f 5302 5383 5384
f 5302 5384 5303
f 5303 5384 5385
f 5303 5385 5304
f 5304 5385 5386
f 5304 5386 5305
f 5305 5386 5387
f 5305 5387 5306
f 5306 5387 5388
f 5306 5388 5307
f 5307 5388 5389
f 5307 5389 5308
f 5308 5389 5390
f 5308 5390 5309
f 5309 5390 5391
f 5309 5391 5310
f 5310 5391 5392
f 5310 5392 5311
f 5311 5392 5393
f 5311 5393 5312
f 5312 5393 5394
f 5396 5395 5394
f 5395 5312 5394
f 5395 5313 5312
f 5313 5397 5314
f 5313 5395 5397
f 5314 5398 5315
f 5314 5397 5398
f 5400 5316 5399
f 5316 5398 5399
f 5316 5315 5398
f 5316 5400 5317
f 5317 5400 5401
f 5403 5402 5401
f 5402 5317 5401
f 5402 5318 5317
f 5404 1511 1442
f 5318 5404 1442
f 5402 5404 5318
f 5405 1512 1511
f 5405 1511 5404
f 5406 1513 1512
f 5406 1512 5405
f 5407 1514 1513
f 5407 1513 5406
f 5408 1515 1514
f 5408 1514 5407
f 5319 1447 1515
f 5408 5319 1515
f 5409 5319 5408
f 5411 5320 5410
f 5320 5409 5410
f 5320 5319 5409
f 5320 5411 5321
f 5321 5411 5412
f 5414 5413 5412
f 5413 5321 5412
f 5413 5322 5321
f 5415 1516 1452
f 5322 5415 1452
f 5413 5415 5322
f 5416 1517 1516
f 5416 1516 5415
f 5417 1518 1517
f 5417 1517 5416
f 5418 1519 1518
f 5418 1518 5417
f 5419 1520 1519
f 5419 1519 5418
f 5420 1521 1520
f 5420 1520 5419
f 5421 1522 1521
f 5421 1521 5420
f 5422 1523 1522
f 5422 1522 5421
f 5423 1524 1523
f 5423 1523 5422
f 5424 1525 1524
f 5424 1524 5423
f 5425 1526 1525
f 5425 1525 5424
f 5323 1463 1526
f 5425 5323 1526
f 5426 5323 5425
f 5323 5427 5324
f 5323 5426 5427
f 5324 5428 5325
f 5324 5427 5428
f 5429 1527 1468
f 5325 5429 1468
f 5428 5429 5325
f 5430 1528 1527
f 5430 1527 5429
f 5431 1529 1528
f 5431 1528 5430
f 5432 1530 1529
f 5432 1529 5431
f 5433 1531 1530
f 5433 1530 5432
f 5434 1532 1531
f 5434 1531 5433
f 5435 1533 1532
f 5435 1532 5434
f 5436 1534 1533
f 5436 1533 5435
f 5326 1476 1534
f 5436 5326 1534
f 5437 5326 5436
f 5326 5438 5327
f 5326 5437 5438
f 5439 1535 1479
f 5327 5439 1479
f 5438 5439 5327
f 5440 1536 1535
f 5440 1535 5439
f 5441 1537 1536
f 5441 1536 5440
f 5441 5442 1537
f 1537 5442 1482
f 5442 5443 1482
f 5443 5328 1482
f 5328 5443 5329
f 5329 5443 5444
f 5446 5445 5444
f 5445 5329 5444
f 5445 5330 5329
f 5447 1538 1487
f 5330 5447 1487
f 5445 5447 5330
f 5331 1488 1538
f 5447 5331 1538
f 5448 5331 5447
f 5331 5449 5332
f 5331 5448 5449
f 5451 5333 5450
f 5333 5449 5450
f 5333 5332 5449
f 5453 5452 5451
f 5452 5333 5451
f 5452 5334 5333
f 5454 1539 1491
f 5334 5454 1491
f 5452 5454 5334
f 5455 1540 1539
f 5455 1539 5454
f 5456 1541 1540
f 5456 1540 5455
f 5457 1542 1541
f 5457 1541 5456
f 5458 1543 1542
f 5458 1542 5457
f 5459 1544 1543
f 5459 1543 5458
f 5335 1497 1544
f 5459 5335 1544
f 5460 5335 5459
f 5461 1545 1500
f 5335 5461 1500
f 5460 5461 5335
f 1545 5461 5462
f 5463 1545 5462
f 1546 1545 5463
f 1502 1546 5336
f 1546 5464 5336
f 1546 5463 5464
f 5336 5464 5337
f 5337 5464 5465
f 5467 5466 5465
f 5466 5337 5465
f 5466 5338 5337
f 5469 5339 5468
f 5339 5466 5468
f 5339 5338 5466
f 5339 5469 5340
f 5340 5469 5470
f 5340 5470 5341
f 5341 5470 5471
f 5341 5471 5342
f 5342 5471 5472
f 5364 5473 5363
f 5363 5473 5365
f 5380 5474 5379
f 5379 5474 5381
f 5381 5474 5475
f 5381 5475 5382
f 5396 5476 5395
f 5395 5476 5397
f 5397 5476 5477
f 5397 5477 5398
f 5398 5477 5478
f 5398 5478 5399
f 5403 5479 5402
f 5402 5479 5404
f 5404 5479 5480
f 5482 5481 5480
f 5481 5404 5480
f 5481 5405 5404
f 5405 5483 5406
f 5405 5481 5483
f 5485 5407 5484
f 5407 5483 5484
f 5407 5406 5483
f 5407 5485 5408
f 5408 5485 5486
f 5408 5486 5409
f 5409 5486 5487
f 5409 5487 5410
f 5414 5488 5413
f 5413 5488 5415
f 5415 5488 5489
f 5491 5490 5489
f 5490 5415 5489
f 5490 5416 5415
f 5416 5492 5417
f 5416 5490 5492
f 5417 5493 5418
f 5417 5492 5493
f 5495 5419 5494
f 5419 5493 5494
f 5419 5418 5493
f 5419 5495 5420
f 5420 5495 5496
f 5498 5497 5496
f 5497 5420 5496
f 5497 5421 5420
f 5421 5499 5422
f 5421 5497 5499
f 5422 5500 5423
f 5422 5499 5500
f 5423 5501 5424
f 5423 5500 5501
f 5503 5425 5502
f 5425 5501 5502
f 5425 5424 5501
f 5425 5503 5426
f 5426 5503 5504
f 5426 5504 5427
f 5427 5504 5505
f 5427 5505 5428
f 5428 5505 5506
f 5428 5506 5429
f 5429 5506 5507
f 5429 5507 5430
f 5430 5507 5508
f 5510 5509 5508
f 5509 5430 5508
f 5509 5431 5430
f 5431 5511 5432
f 5431 5509 5511
f 5432 5512 5433
f 5432 5511 5512
f 5433 5513 5434
f 5433 5512 5513
f 5515 5435 5514
f 5435 5513 5514
f 5435 5434 5513
f 5435 5515 5436
f 5436 5515 5516
f 5436 5516 5437
f 5437 5516 5517
f 5437 5517 5438
f 5438 5517 5518
f 5438 5518 5439
f 5439 5518 5519
f 5439 5519 5440
f 5440 5519 5520
f 5440 5520 5441
f 5441 5520 5521
f 5441 5521 5442
f 5446 5522 5445
f 5445 5522 5447
f 5447 5522 5523
f 5447 5523 5448
f 5448 5523 5524
f 5448 5524 5449
f 5449 5524 5525
f 5449 5525 5450
f 5453 5526 5452
f 5452 5526 5454
f 5454 5526 5527
f 5454 5527 5455
f 5455 5527 5528
f 5455 5528 5456
f 5456 5528 5529
f 5531 5530 5529
f 5530 5456 5529
f 5530 5457 5456
f 5457 5532 5458
f 5457 5530 5532
f 5534 5459 5533
f 5459 5532 5533
f 5459 5458 5532
f 5459 5534 5460
f 5460 5534 5535
f 5460 5535 5461
f 5461 5535 5536
f 5461 5536 5462
f 5467 5537 5466
f 5466 5537 5468
f 5540 5539 5538
f 5538 5541 5540
f 5544 5543 5542
f 5546 5545 5542
f 5542 5545 5544
f 5546 5547 5545
f 5550 5549 5548
f 5552 5551 5548
f 5548 5551 5550
f 5554 5553 5552
f 5552 5553 5551
f 5554 5555 5553
f 5558 5557 5556
f 5560 5559 5556
f 5556 5559 5558
f 5559 5560 5482
f 5560 5481 5482
f 5560 5561 5481
f 5481 5562 5483
f 5481 5561 5562
f 5484 5483 5563
f 5483 5564 5563
f 5483 5562 5564
f 5566 5565 5564
f 5564 5565 5563
f 5568 5567 5566
f 5566 5567 5565
f 5568 5569 5567
f 5572 5571 5570
f 5574 5573 5570
f 5570 5573 5572
f 5576 5575 5574
f 5574 5575 5573
f 5575 5576 5491
f 5576 5490 5491
f 5576 5577 5490
f 5490 5578 5492
f 5490 5577 5578
f 5492 5579 5493
f 5492 5578 5579
f 5494 5493 5580
f 5493 5581 5580
f 5493 5579 5581
f 5583 5582 5581
f 5581 5582 5580
f 5582 5583 5498
f 5583 5497 5498
f 5583 5584 5497
f 5497 5585 5499
f 5497 5584 5585
f 5499 5586 5500
f 5499 5585 5586
f 5500 5587 5501
f 5500 5586 5587
f 5502 5501 5588
f 5501 5589 5588
f 5501 5587 5589
f 5591 5590 5589
f 5589 5590 5588
f 5593 5592 5591
f 5591 5592 5590
f 5595 5594 5593
f 5593 5594 5592
f 5597 5596 5595
f 5595 5596 5594
f 5599 5598 5597
f 5597 5598 5596
f 5598 5599 5510
f 5599 5509 5510
f 5599 5600 5509
f 5509 5601 5511
f 5509 5600 5601
f 5511 5602 5512
f 5511 5601 5602
f 5512 5603 5513
f 5512 5602 5603
f 5514 5513 5604
f 5513 5605 5604
f 5513 5603 5605
f 5607 5606 5605
f 5605 5606 5604
f 5609 5608 5607
f 5607 5608 5606
f 5611 5610 5609
f 5609 5610 5608
f 5613 5612 5611
f 5611 5612 5610
f 5615 5614 5613
f 5613 5614 5612
f 5617 5616 5615
f 5615 5616 5614
f 5619 5618 5617
f 5617 5618 5616
f 5619 5620 5618
f 5623 5622 5621
f 5625 5624 5621
f 5621 5624 5623
f 5627 5626 5625
f 5625 5626 5624
f 5629 5628 5627
f 5627 5628 5626
f 5629 5630 5628
f 5633 5632 5631
f 5635 5634 5631
f 5631 5634 5633
f 5637 5636 5635
f 5635 5636 5634
f 5639 5638 5637
f 5637 5638 5636
f 5638 5639 5531
f 5639 5530 5531
f 5639 5640 5530
f 5530 5641 5532
f 5530 5640 5641
f 5533 5532 5642
f 5532 5643 5642
f 5532 5641 5643
f 5643 5644 5642
f 5647 5646 5645
f 5645 5648 5647
f 5651 5650 5649
f 5649 5652 5651
f 5538 5539 5653
f 5653 5539 5654
f 5541 5538 5655
f 5655 5538 5653
f 5658 5657 5656
f 5660 5659 5656
f 5656 5659 5658
f 5662 5661 5660
f 5660 5661 5659
f 5664 5663 5662
f 5662 5663 5661
f 5663 5664 5543
f 5664 5542 5543
f 5664 5665 5542
f 5542 5666 5546
f 5542 5665 5666
f 5547 5546 5667
f 5546 5668 5667
f 5546 5666 5668
f 5670 5669 5668
f 5668 5669 5667
f 5672 5671 5670
f 5670 5671 5669
f 5674 5673 5672
f 5672 5673 5671
f 5674 5675 5673
f 5678 5677 5676
f 5680 5679 5676
f 5676 5679 5678
f 5682 5681 5680
f 5680 5681 5679
f 5684 5683 5682
f 5682 5683 5681
f 5686 5685 5684
f 5684 5685 5683
f 5688 5687 5686
f 5686 5687 5685
f 5690 5689 5688
f 5688 5689 5687
f 5689 5690 5549
f 5690 5548 5549
f 5690 5691 5548
f 5548 5692 5552
f 5548 5691 5692
f 5552 5693 5554
f 5552 5692 5693
f 5555 5554 5694
f 5554 5695 5694
f 5554 5693 5695
f 5694 5695 5557
f 5695 5556 5557
f 5695 5696 5556
f 5556 5697 5560
f 5556 5696 5697
f 5560 5698 5561
f 5560 5697 5698
f 5561 5699 5562
f 5561 5698 5699
f 5562 5700 5564
f 5562 5699 5700
f 5564 5701 5566
f 5564 5700 5701
f 5566 5702 5568
f 5566 5701 5702
f 5569 5568 5703
f 5568 5704 5703
f 5568 5702 5704
f 5703 5704 5571
f 5704 5570 5571
f 5704 5705 5570
f 5570 5706 5574
f 5570 5705 5706
f 5574 5707 5576
f 5574 5706 5707
f 5576 5708 5577
f 5576 5707 5708
f 5577 5709 5578
f 5577 5708 5709
f 5709 1548 1549
f 5579 5709 1549
f 5578 5709 5579
f 5579 1549 1550
f 5710 5579 1550
f 5581 5579 5710
f 5581 5711 5583
f 5581 5710 5711
f 5711 1552 1553
f 5584 5711 1553
f 5583 5711 5584
f 5584 1553 1554
f 5712 5584 1554
f 5585 5584 5712
f 5585 5713 5586
f 5585 5712 5713
f 5586 5714 5587
f 5586 5713 5714
f 5587 5715 5589
f 5587 5714 5715
f 5589 5716 5591
f 5589 5715 5716
f 5591 5717 5593
f 5591 5716 5717
f 5593 5718 5595
f 5593 5717 5718
f 5718 1556 1557
f 5597 5718 1557
f 5595 5718 5597
f 5597 1557 1558
f 5719 5597 1558
f 5599 5597 5719
f 5719 1560 1561
f 5600 5719 1561
f 5599 5719 5600
f 5600 1561 1562
f 5600 1562 5601
f 5601 1562 1564
f 5601 1564 5602
f 5602 1564 1566
f 5720 5602 1566
f 5603 5602 5720
f 5603 5721 5605
f 5603 5720 5721
f 5605 5722 5607
f 5605 5721 5722
f 5607 5723 5609
f 5607 5722 5723
f 5609 5724 5611
f 5609 5723 5724
f 5611 5725 5613
f 5611 5724 5725
f 5613 5726 5615
f 5613 5725 5726
f 5615 5727 5617
f 5615 5726 5727
f 5617 5728 5619
f 5617 5727 5728
f 5620 5619 5729
f 5619 5730 5729
f 5619 5728 5730
f 5729 5730 5622
f 5730 5621 5622
f 5730 5731 5621
f 5621 5732 5625
f 5621 5731 5732
f 5625 5733 5627
f 5625 5732 5733
f 5627 5734 5629
f 5627 5733 5734
f 5630 5629 5735
f 5629 5736 5735
f 5629 5734 5736
f 5735 5736 5632
f 5736 5631 5632
f 5736 5737 5631
f 5631 5738 5635
f 5631 5737 5738
f 5635 5739 5637
f 5635 5738 5739
f 5637 5740 5639
f 5637 5739 5740
f 5639 5741 5640
f 5639 5740 5741
f 5640 5742 5641
f 5640 5741 5742
f 5641 5743 5643
f 5641 5742 5743
f 5644 5643 5744
f 5643 5745 5744
f 5643 5743 5745
f 5744 5745 5646
f 5745 5645 5646
f 5745 5746 5645
f 5648 5645 5747
f 5645 5748 5747
f 5645 5746 5748
f 5748 5749 5747
f 5650 5750 5649
f 5649 5750 5652
f 5654 5751 5653
f 5653 5751 5655
f 5657 5752 5656
f 5656 5752 5660
f 5660 5752 5753
f 5660 5753 5662
f 5662 5753 5754
f 5662 5754 5664
f 5664 5754 5755
f 5664 5755 5665
f 5665 5755 5756
f 5665 5756 5666
f 5666 5756 5757
f 5666 5757 5668
f 5668 5757 5758
f 5668 5758 5670
f 5670 5758 5759
f 5670 5759 5672
f 5672 5759 5760
f 5672 5760 5674
f 5674 5760 5761
f 5674 5761 5675
f 5677 5762 5676
f 5676 5762 5680
f 5680 5762 5763
f 5680 5763 5682
f 5682 5763 5764
f 5682 5764 5684
f 5684 5764 5765
f 5684 5765 5686
f 5686 5765 5766
f 5686 5766 5688
f 5688 5766 5767
f 5688 5767 5690
f 5690 5767 5768
f 5690 5768 5691
f 5691 5768 5769
f 5691 5769 5692
f 5692 5769 5770
f 5692 5770 5693
f 5693 5770 5771
f 5693 5771 5695
f 5695 5771 5772
f 5695 5772 5696
f 5696 5772 5773
f 5775 5774 5773
f 5774 5696 5773
f 5774 5697 5696
f 5697 5776 5698
f 5697 5774 5776
f 5698 5777 5699
f 5698 5776 5777
f 5779 5700 5778
f 5700 5777 5778
f 5700 5699 5777
f 5700 5779 5701
f 5701 5779 5780
f 5701 5780 5702
f 5702 5780 5781
f 5702 5781 5704
f 5704 5781 5782
f 5704 5782 5705
f 5705 5782 5783
f 5785 5784 5783
f 5784 5705 5783
f 5784 5706 5705
f 5706 5786 5707
f 5706 5784 5786
f 5707 5787 5708
f 5707 5786 5787
f 5708 5788 5709
f 5708 5787 5788
f 5789 1567 1548
f 5709 5789 1548
f 5788 5789 5709
f 5710 1550 1567
f 5789 5710 1567
f 5790 5710 5789
f 5710 5791 5711
f 5710 5790 5791
f 5792 1568 1552
f 5711 5792 1552
f 5791 5792 5711
f 5712 1554 1568
f 5792 5712 1568
f 5793 5712 5792
f 5712 5794 5713
f 5712 5793 5794
f 5713 5795 5714
f 5713 5794 5795
f 5714 5796 5715
f 5714 5795 5796
f 5715 5797 5716
f 5715 5796 5797
f 5716 5798 5717
f 5716 5797 5798
f 5717 5799 5718
f 5717 5798 5799
f 5800 1569 1556
f 5718 5800 1556
f 5799 5800 5718
f 5719 1558 1569
f 5800 5719 1569
f 5801 5719 5800
f 5802 1570 1560
f 5719 5802 1560
f 5801 5802 5719
f 5803 1571 1570
f 5803 1570 5802
f 5804 1572 1571
f 5804 1571 5803
f 5720 1566 1572
f 5804 5720 1572
f 5805 5720 5804
f 5720 5806 5721
f 5720 5805 5806
f 5721 5807 5722
f 5721 5806 5807
f 5722 5808 5723
f 5722 5807 5808
f 5810 5724 5809
f 5724 5808 5809
f 5724 5723 5808
f 5724 5810 5725
f 5725 5810 5811
f 5813 5812 5811
f 5812 5725 5811
f 5812 5726 5725
f 5815 5727 5814
f 5727 5812 5814
f 5727 5726 5812
f 5727 5815 5728
f 5728 5815 5816
f 5728 5816 5730
f 5730 5816 5817
f 5730 5817 5731
f 5731 5817 5818
f 5820 5819 5818
f 5819 5731 5818
f 5819 5732 5731
f 5732 5821 5733
f 5732 5819 5821
f 5823 5734 5822
f 5734 5821 5822
f 5734 5733 5821
f 5734 5823 5736
f 5736 5823 5824
f 5736 5824 5737
f 5737 5824 5825
f 5737 5825 5738
f 5738 5825 5826
f 5738 5826 5739
f 5739 5826 5827
f 5739 5827 5740
f 5740 5827 5828
f 5740 5828 5741
f 5741 5828 5829
f 5741 5829 5742
f 5742 5829 5830
f 5742 5830 5743
f 5743 5830 5831
f 5743 5831 5745
f 5745 5831 5832
f 5745 5832 5746
f 5746 5832 5833
f 5746 5833 5748
f 5748 5833 5834
f 5748 5834 5749
f 5775 5835 5774
f 5774 5835 5776
f 5776 5835 5836
f 5776 5836 5777
f 5777 5836 5837
f 5777 5837 5778
f 5785 5838 5784
f 5784 5838 5786
f 5786 5838 5839
f 5786 5839 5787
f 5787 5839 5840
f 5787 5840 5788
f 5788 5840 5841
f 5788 5841 5789
f 5789 5841 5842
f 5789 5842 5790
f 5790 5842 5843
f 5790 5843 5791
f 5791 5843 5844
f 5791 5844 5792
f 5792 5844 5845
f 5792 5845 5793
f 5793 5845 5846
f 5793 5846 5794
f 5794 5846 5847
f 5794 5847 5795
f 5795 5847 5848
f 5795 5848 5796
f 5796 5848 5849
f 5796 5849 5797
f 5797 5849 5850
f 5797 5850 5798
f 5798 5850 5851
f 5798 5851 5799
f 5799 5851 5852
f 5799 5852 5800
f 5800 5852 5853
f 5800 5853 5801
f 5801 5853 5854
f 5801 5854 5802
f 5802 5854 5855
f 5802 5855 5803
f 5803 5855 5856
f 5803 5856 5804
f 5804 5856 5857
f 5804 5857 5805
f 5805 5857 5858
f 5805 5858 5806
f 5806 5858 5859
f 5806 5859 5807
f 5807 5859 5860
f 5807 5860 5808
f 5808 5860 5861
f 5808 5861 5809
f 5813 5862 5812
f 5812 5862 5814
f 5820 5863 5819
f 5819 5863 5821
f 5821 5863 5864
f 5821 5864 5822
f 5867 5866 5865
f 5869 5868 5865
f 5865 5868 5867
f 5871 5870 5869
f 5869 5870 5868
f 5873 5872 5871
f 5871 5872 5870
f 5875 5874 5873
f 5873 5874 5872
f 5877 5876 5875
f 5875 5876 5874
f 5879 5878 5877
f 5877 5878 5876
f 5881 5880 5879
f 5879 5880 5878
f 5883 5882 5881
f 5881 5882 5880
f 5885 5884 5883
f 5883 5884 5882
f 5887 5886 5885
f 5885 5886 5884
f 5889 5888 5887
f 5887 5888 5886
f 5891 5890 5889
f 5889 5890 5888
f 5891 5892 5890
f 5895 5894 5893
f 5897 5896 5893
f 5893 5896 5895
f 5899 5898 5897
f 5897 5898 5896
f 5901 5900 5899
f 5899 5900 5898
f 5903 5902 5901
f 5901 5902 5900
f 5905 5904 5903
f 5903 5904 5902
f 5907 5906 5905
f 5905 5906 5904
f 5909 5908 5907
f 5907 5908 5906
f 5911 5910 5909
f 5909 5910 5908
f 5913 5912 5911
f 5911 5912 5910
f 5915 5914 5913
f 5913 5914 5912
f 5914 5915 5866
f 5915 5865 5866
f 5915 5916 5865
f 5865 5917 5869
f 5865 5916 5917
f 5869 5918 5871
f 5869 5917 5918
f 5871 5919 5873
f 5871 5918 5919
f 5873 5920 5875
f 5873 5919 5920
f 5875 5921 5877
f 5875 5920 5921
f 5877 5922 5879
f 5877 5921 5922
f 5879 5923 5881
f 5879 5922 5923
f 5881 5924 5883
f 5881 5923 5924
f 5883 5925 5885
f 5883 5924 5925
f 5885 5926 5887
f 5885 5925 5926
f 5887 5927 5889
f 5887 5926 5927
f 5889 5928 5891
f 5889 5927 5928
f 5892 5891 5929
f 5891 5930 5929
f 5891 5928 5930
f 5932 5931 5930
f 5930 5931 5929
f 5934 5933 5932
f 5932 5933 5931
f 5934 5935 5933
f 5893 5894 5936
f 5936 5894 5937
f 5893 5938 5897
f 5893 5936 5938
f 5897 5939 5899
f 5897 5938 5939
f 5899 5940 5901
f 5899 5939 5940
f 5901 5941 5903
f 5901 5940 5941
f 5903 5942 5905
f 5903 5941 5942
f 5905 5943 5907
f 5905 5942 5943
f 5907 5944 5909
f 5907 5943 5944
f 5909 5945 5911
f 5909 5944 5945
f 5911 5946 5913
f 5911 5945 5946
f 5913 5947 5915
f 5913 5946 5947
f 5915 5948 5916
f 5915 5947 5948
f 5916 5949 5917
f 5916 5948 5949
f 5917 5950 5918
f 5917 5949 5950
f 5918 5951 5919
f 5918 5950 5951
f 5919 5952 5920
f 5919 5951 5952
f 5920 5953 5921
f 5920 5952 5953
f 5921 5954 5922
f 5921 5953 5954
f 5922 5955 5923
f 5922 5954 5955
f 5923 5956 5924
f 5923 5955 5956
f 5924 5957 5925
f 5924 5956 5957
f 5925 5958 5926
f 5925 5957 5958
f 5926 5959 5927
f 5926 5958 5959
f 5927 5960 5928
f 5927 5959 5960
f 5928 5961 5930
f 5928 5960 5961
f 5930 5962 5932
f 5930 5961 5962
f 5932 5963 5934
f 5932 5962 5963
f 5935 5934 5964
f 5934 5965 5964
f 5934 5963 5965
f 5967 5966 5965
f 5965 5966 5964
f 5967 5968 5966
f 5937 5969 5936
f 5971 5970 5969
f 5970 5936 5969
f 5970 5938 5936
f 5973 5939 5972
f 5939 5970 5972
f 5939 5938 5970
f 5939 5973 5940
f 5940 5973 5974
f 5940 5974 5941
f 5941 5974 5975
f 5941 5975 5942
f 5942 5975 5976
f 5942 5976 5943
f 5943 5976 5977
f 5943 5977 5944
f 5944 5977 5978
f 5944 5978 5945
f 5945 5978 5979
f 5981 5980 5979
f 5980 5945 5979
f 5980 5946 5945
f 5983 5947 5982
f 5947 5980 5982
f 5947 5946 5980
f 5947 5983 5948
f 5948 5983 5984
f 5948 5984 5949
f 5949 5984 5985
f 5987 5986 5985
f 5986 5949 5985
f 5986 5950 5949
f 5950 5988 5951
f 5950 5986 5988
f 5951 5989 5952
f 5951 5988 5989
f 5952 5990 5953
f 5952 5989 5990
f 5953 5991 5954
f 5953 5990 5991
f 5954 5992 5955
f 5954 5991 5992
f 5955 5993 5956
f 5955 5992 5993
f 5956 5994 5957
f 5956 5993 5994
f 5996 5958 5995
f 5958 5994 5995
f 5958 5957 5994
f 5958 5996 5959
f 5959 5996 5997
f 5959 5997 5960
f 5960 5997 5998
f 6000 5999 5998
f 5999 5960 5998
f 5999 5961 5960
f 5961 6001 5962
f 5961 5999 6001
f 6003 5963 6002
f 5963 6001 6002
f 5963 5962 6001
f 5963 6003 5965
f 5965 6003 6004
f 5965 6004 5967
f 5967 6004 6005
f 5967 6005 5968
f 6008 6007 6006
f 6010 6009 6006
f 6006 6009 6008
f 6009 6010 5971
f 6010 5970 5971
f 6010 6011 5970
f 5972 5970 6012
f 5970 6013 6012
f 5970 6011 6013
f 6015 6014 6013
f 6013 6014 6012
f 6017 6016 6015
f 6015 6016 6014
f 6019 6018 6017
f 6017 6018 6016
f 6021 6020 6019
f 6019 6020 6018
f 6021 6022 6020
f 6025 6024 6023
f 6025 6023 5981
f 6023 5980 5981
f 6023 6026 5980
f 5982 5980 6027
f 5980 6028 6027
f 5980 6026 6028
f 6030 6029 6028
f 6028 6029 6027
f 6032 6031 6030
f 6030 6031 6029
f 6031 6032 5987
f 6032 5986 5987
f 6032 6033 5986
f 5986 6034 5988
f 5986 6033 6034
f 5988 6035 5989
f 5988 6034 6035
f 5989 6036 5990
f 5989 6035 6036
f 5990 6037 5991
f 5990 6036 6037
f 5991 6038 5992
f 5991 6037 6038
f 5992 6039 5993
f 5992 6038 6039
f 5993 6040 5994
f 5993 6039 6040
f 5995 5994 6041
f 5994 6042 6041
f 5994 6040 6042
f 6044 6043 6042
f 6042 6043 6041
f 6046 6045 6044
f 6044 6045 6043
f 6045 6046 6000
f 6046 5999 6000
f 6046 6047 5999
f 5999 6048 6001
f 5999 6047 6048
f 6002 6001 6049
f 6001 6050 6049
f 6001 6048 6050
f 6052 6051 6050
f 6050 6051 6049
f 6054 6053 6052
f 6052 6053 6051
f 6054 6055 6053
f 6058 6057 6056
f 6060 6059 6056
f 6056 6059 6058
f 6062 6061 6060
f 6060 6061 6059
f 6062 6063 6061
f 6066 6065 6064
f 6068 6067 6064
f 6064 6067 6066
f 6070 6069 6068
f 6068 6069 6067
f 6072 6071 6070
f 6070 6071 6069
f 6074 6073 6072
f 6072 6073 6071
f 6076 6075 6074
f 6074 6075 6073
f 6078 6077 6076
f 6076 6077 6075
f 6080 6079 6078
f 6078 6079 6077
f 6082 6081 6080
f 6080 6081 6079
f 6084 6083 6082
f 6082 6083 6081
f 6086 6085 6084
f 6084 6085 6083
f 6088 6087 6086
f 6086 6087 6085
f 6087 6088 6007
f 6088 6006 6007
f 6088 6089 6006
f 6006 6090 6010
f 6006 6089 6090
f 6090 1574 1575
f 6011 6090 1575
f 6010 6090 6011
f 6011 1575 1576
f 6011 1576 6013
f 6013 1576 1578
f 6091 6013 1578
f 6015 6013 6091
f 6015 6092 6017
f 6015 6091 6092
f 6017 6093 6019
f 6017 6092 6093
f 6019 6094 6021
f 6019 6093 6094
f 6022 6021 6095
f 6021 6096 6095
f 6021 6094 6096
f 6095 6096 6024
f 6096 6023 6024
f 6096 6097 6023
f 6097 1580 1581
f 6026 6097 1581
f 6023 6097 6026
f 6026 1581 1582
f 6026 1582 6028
f 6028 1582 1584
f 6098 6028 1584
f 6030 6028 6098
f 6030 6099 6032
f 6030 6098 6099
f 6032 6100 6033
f 6032 6099 6100
f 6100 1586 1587
f 6034 6100 1587
f 6033 6100 6034
f 6034 1587 1588
f 6034 1588 6035
f 6035 1588 1590
f 6035 1590 6036
f 6036 1590 1592
f 6036 1592 6037
f 6037 1592 1594
f 6101 6037 1594
f 6038 6037 6101
f 6038 6102 6039
f 6038 6101 6102
f 6039 6103 6040
f 6039 6102 6103
f 6040 6104 6042
f 6040 6103 6104
f 6042 6105 6044
f 6042 6104 6105
f 6044 6106 6046
f 6044 6105 6106
f 6106 1596 1597
f 6047 6106 1597
f 6046 6106 6047
f 6047 1597 1598
f 6047 1598 6048
f 6048 1598 1600
f 6107 6048 1600
f 6050 6048 6107
f 6050 6108 6052
f 6050 6107 6108
f 6052 6109 6054
f 6052 6108 6109
f 6055 6054 6110
f 6054 6111 6110
f 6054 6109 6111
f 6113 6112 6111
f 6111 6112 6110
f 6115 6114 6113
f 6113 6114 6112
f 6117 6116 6115
f 6115 6116 6114
f 6119 6118 6117
f 6117 6118 6116
f 6121 6120 6119
f 6119 6120 6118
f 6123 6122 6121
f 6121 6122 6120
f 6125 6124 6123
f 6123 6124 6122
f 6127 6126 6125
f 6125 6126 6124
f 6129 6128 6127
f 6127 6128 6126
f 6131 6130 6129
f 6129 6130 6128
f 6133 6132 6131
f 6131 6132 6130
f 6133 6134 6132
f 6137 6136 6135
f 6139 6138 6135
f 6135 6138 6137
f 6141 6140 6139
f 6139 6140 6138
f 6141 6142 6140
f 6145 6144 6143
f 6143 6146 6145
f 6149 6148 6147
f 6151 6150 6147
f 6147 6150 6149
f 6150 6151 6057
f 6151 6056 6057
f 6151 6152 6056
f 6056 6153 6060
f 6056 6152 6153
f 6060 6154 6062
f 6060 6153 6154
f 6063 6062 6155
f 6062 6156 6155
f 6062 6154 6156
f 6158 6157 6156
f 6156 6157 6155
f 6160 6159 6158
f 6158 6159 6157
f 6162 6161 6160
f 6160 6161 6159
f 6161 6162 6065
f 6162 6064 6065
f 6162 6163 6064
f 6064 6164 6068
f 6064 6163 6164
f 6068 6165 6070
f 6068 6164 6165
f 6070 6166 6072
f 6070 6165 6166
f 6072 6167 6074
f 6072 6166 6167
f 6074 6168 6076
f 6074 6167 6168
f 6076 6169 6078
f 6076 6168 6169
f 6078 6170 6080
f 6078 6169 6170
f 6080 6171 6082
f 6080 6170 6171
f 6082 6172 6084
f 6082 6171 6172
f 6084 6173 6086
f 6084 6172 6173
f 6086 6174 6088
f 6086 6173 6174
f 6174 1602 1603
f 6089 6174 1603
f 6088 6174 6089
f 6089 1603 1604
f 6089 1604 6090
f 6090 1604 1574
f 1608 6091 1578
f 6091 1608 1610
f 6175 6091 1610
f 6092 6091 6175
f 6175 1612 1613
f 6093 6175 1613
f 6092 6175 6093
f 6093 1613 1614
f 6093 1614 6094
f 6094 1614 1616
f 6094 1616 6096
f 6096 1616 1618
f 6096 1618 6097
f 6097 1618 1580
f 1622 6098 1584
f 6098 1622 1624
f 6098 1624 6099
f 6099 1624 1626
f 6099 1626 6100
f 6100 1626 1586
f 1632 6101 1594
f 6101 1632 1634
f 6101 1634 6102
f 6102 1634 1636
f 6102 1636 6103
f 6103 1636 1638
f 6176 6103 1638
f 6104 6103 6176
f 6176 1640 1641
f 6105 6176 1641
f 6104 6176 6105
f 6105 1641 1642
f 6105 1642 6106
f 6106 1642 1596
f 1646 6107 1600
f 6107 1646 1648
f 6107 1648 6108
f 6108 1648 1650
f 6108 1650 6109
f 6109 1650 1652
f 6177 6109 1652
f 6111 6109 6177
f 6111 6178 6113
f 6111 6177 6178
f 6113 6179 6115
f 6113 6178 6179
f 6179 1654 1655
f 6117 6179 1655
f 6115 6179 6117
f 6117 1655 1656
f 6117 1656 6119
f 6119 1656 1658
f 6180 6119 1658
f 6121 6119 6180
f 6121 6181 6123
f 6121 6180 6181
f 6123 6182 6125
f 6123 6181 6182
f 6125 6183 6127
f 6125 6182 6183
f 6127 6184 6129
f 6127 6183 6184
f 6129 6185 6131
f 6129 6184 6185
f 6131 6186 6133
f 6131 6185 6186
f 6134 6133 6187
f 6133 6188 6187
f 6133 6186 6188
f 6190 6189 6188
f 6188 6189 6187
f 6192 6191 6190
f 6190 6191 6189
f 6191 6192 6136
f 6192 6135 6136
f 6192 6193 6135
f 6135 6194 6139
f 6135 6193 6194
f 6139 6195 6141
f 6139 6194 6195
f 6142 6141 6196
f 6141 6197 6196
f 6141 6195 6197
f 6199 6198 6197
f 6197 6198 6196
f 6199 6200 6198
f 6203 6202 6201
f 6205 6204 6201
f 6201 6204 6203
f 6207 6206 6205
f 6205 6206 6204
f 6209 6208 6207
f 6207 6208 6206
f 6209 6210 6208
f 6213 6212 6211
f 6215 6214 6211
f 6211 6214 6213
f 6215 6216 6214
f 6219 6218 6217
f 6221 6220 6217
f 6217 6220 6219
f 6221 6222 6220
f 6225 6224 6223
f 6227 6226 6223
f 6223 6226 6225
f 6227 6228 6226
f 6144 6229 6143
f 6143 6229 6146
f 6148 6230 6147
f 6232 6231 6230
f 6231 6147 6230
f 6231 6151 6147
f 6151 6233 6152
f 6151 6231 6233
f 6152 6234 6153
f 6152 6233 6234
f 6153 6235 6154
f 6153 6234 6235
f 6154 6236 6156
f 6154 6235 6236
f 6156 6237 6158
f 6156 6236 6237
f 6158 6238 6160
f 6158 6237 6238
f 6160 6239 6162
f 6160 6238 6239
f 6162 6240 6163
f 6162 6239 6240
f 6163 6241 6164
f 6163 6240 6241
f 6164 6242 6165
f 6164 6241 6242
f 6165 6243 6166
f 6165 6242 6243
f 6166 6244 6167
f 6166 6243 6244
f 6167 6245 6168
f 6167 6244 6245
f 6168 6246 6169
f 6168 6245 6246
f 6169 6247 6170
f 6169 6246 6247
f 6170 6248 6171
f 6170 6247 6248
f 6171 6249 6172
f 6171 6248 6249
f 6172 6250 6173
f 6172 6249 6250
f 6173 6251 6174
f 6173 6250 6251
f 6252 1659 1602
f 6174 6252 1602
f 6251 6252 6174
f 6253 1660 1659
f 6253 1659 6252
f 6254 1661 1660
f 6254 1660 6253
f 6255 1662 1661
f 6255 1661 6254
f 6256 1663 1662
f 6256 1662 6255
f 6175 1610 1663
f 6256 6175 1663
f 6257 6175 6256
f 6258 1664 1612
f 6175 6258 1612
f 6257 6258 6175
f 6259 1665 1664
f 6259 1664 6258
f 6260 1666 1665
f 6260 1665 6259
f 6261 1667 1666
f 6261 1666 6260
f 6262 1668 1667
f 6262 1667 6261
f 6263 1669 1668
f 6263 1668 6262
f 6264 1670 1669
f 6264 1669 6263
f 6265 1671 1670
f 6265 1670 6264
f 6266 1672 1671
f 6266 1671 6265
f 6267 1673 1672
f 6267 1672 6266
f 6268 1674 1673
f 6268 1673 6267
f 6269 1675 1674
f 6269 1674 6268
f 6270 1676 1675
f 6270 1675 6269
f 6271 1677 1676
f 6271 1676 6270
f 6272 1678 1677
f 6272 1677 6271
f 6273 1679 1678
f 6273 1678 6272
f 6176 1638 1679
f 6273 6176 1679
f 6274 6176 6273
f 6275 1680 1640
f 6176 6275 1640
f 6274 6275 6176
f 6276 1681 1680
f 6276 1680 6275
f 6277 1682 1681
f 6277 1681 6276
f 6278 1683 1682
f 6278 1682 6277
f 6279 1684 1683
f 6279 1683 6278
f 6280 1685 1684
f 6280 1684 6279
f 6281 1686 1685
f 6281 1685 6280
f 6177 1652 1686
f 6281 6177 1686
f 6282 6177 6281
f 6177 6283 6178
f 6177 6282 6283
f 6178 6284 6179
f 6178 6283 6284
f 6285 1687 1654
f 6179 6285 1654
f 6284 6285 6179
f 6286 1688 1687
f 6286 1687 6285
f 6180 1658 1688
f 6286 6180 1688
f 6287 6180 6286
f 6180 6288 6181
f 6180 6287 6288
f 6181 6289 6182
f 6181 6288 6289
f 6182 6290 6183
f 6182 6289 6290
f 6183 6291 6184
f 6183 6290 6291
f 6184 6292 6185
f 6184 6291 6292
f 6185 6293 6186
f 6185 6292 6293
f 6186 6294 6188
f 6186 6293 6294
f 6188 6295 6190
f 6188 6294 6295
f 6190 6296 6192
f 6190 6295 6296
f 6192 6297 6193
f 6192 6296 6297
f 6193 6298 6194
f 6193 6297 6298
f 6194 6299 6195
f 6194 6298 6299
f 6195 6300 6197
f 6195 6299 6300
f 6197 6301 6199
f 6197 6300 6301
f 6200 6199 6302
f 6199 6303 6302
f 6199 6301 6303
f 6303 6304 6302
f 6201 6202 6305
f 6305 6202 6306
f 6201 6307 6205
f 6201 6305 6307
f 6205 6308 6207
f 6205 6307 6308
f 6207 6309 6209
f 6207 6308 6309
f 6210 6209 6310
f 6209 6311 6310
f 6209 6309 6311
f 6311 6312 6310
f 6211 6212 6313
f 6313 6212 6314
f 6211 6315 6215
f 6211 6313 6315
f 6216 6215 6316
f 6316 6215 6315
f 6319 6318 6317
f 6321 6320 6317
f 6317 6320 6319
f 6321 6322 6320
f 6217 6218 6323
f 6323 6218 6324
f 6326 6221 6325
f 6221 6323 6325
f 6221 6217 6323
f 6221 6326 6222
f 6224 6327 6223
f 6223 6327 6227
f 6227 6327 6328
f 6227 6328 6228
f 6232 6329 6231
f 6231 6329 6233
f 6233 6329 6330
f 6233 6330 6234
f 6234 6330 6331
f 6234 6331 6235
f 6235 6331 6332
f 6235 6332 6236
f 6236 6332 6333
f 6236 6333 6237
f 6237 6333 6334
f 6237 6334 6238
f 6238 6334 6335
f 6238 6335 6239
f 6239 6335 6336
f 6239 6336 6240
f 6240 6336 6337
f 6339 6338 6337
f 6338 6240 6337
f 6338 6241 6240
f 6241 6340 6242
f 6241 6338 6340
f 6242 6341 6243
f 6242 6340 6341
f 6343 6244 6342
f 6244 6341 6342
f 6244 6243 6341
f 6345 6344 6343
f 6344 6244 6343
f 6344 6245 6244
f 6245 6346 6246
f 6245 6344 6346
f 6246 6347 6247
f 6246 6346 6347
f 6247 6348 6248
f 6247 6347 6348
f 6248 6349 6249
f 6248 6348 6349
f 6249 6350 6250
f 6249 6349 6350
f 6250 6351 6251
f 6250 6350 6351
f 6251 6352 6252
f 6251 6351 6352
f 6252 6353 6253
f 6252 6352 6353
f 6253 6354 6254
f 6253 6353 6354
f 6254 6355 6255
f 6254 6354 6355
f 6255 6356 6256
f 6255 6355 6356
f 6256 6357 6257
f 6256 6356 6357
f 6257 6358 6258
f 6257 6357 6358
f 6258 6359 6259
f 6258 6358 6359
f 6259 6360 6260
f 6259 6359 6360
f 6260 6361 6261
f 6260 6360 6361
f 6261 6362 6262
f 6261 6361 6362
f 6262 6363 6263
f 6262 6362 6363
f 6263 6364 6264
f 6263 6363 6364
f 6264 6365 6265
f 6264 6364 6365
f 6265 6366 6266
f 6265 6365 6366
f 6266 6367 6267
f 6266 6366 6367
f 6267 6368 6268
f 6267 6367 6368
f 6268 6369 6269
f 6268 6368 6369
f 6269 6370 6270
f 6269 6369 6370
f 6270 6371 6271
f 6270 6370 6371
f 6271 6372 6272
f 6271 6371 6372
f 6272 6373 6273
f 6272 6372 6373
f 6273 6374 6274
f 6273 6373 6374
f 6274 6375 6275
f 6274 6374 6375
f 6275 6376 6276
f 6275 6375 6376
f 6276 6377 6277
f 6276 6376 6377
f 6277 6378 6278
f 6277 6377 6378
f 6278 6379 6279
f 6278 6378 6379
f 6279 6380 6280
f 6279 6379 6380
f 6280 6381 6281
f 6280 6380 6381
f 6281 6382 6282
f 6281 6381 6382
f 6282 6383 6283
f 6282 6382 6383
f 6283 6384 6284
f 6283 6383 6384
f 6284 6385 6285
f 6284 6384 6385
f 6285 6386 6286
f 6285 6385 6386
f 6286 6387 6287
f 6286 6386 6387
f 6287 6388 6288
f 6287 6387 6388
f 6288 6389 6289
f 6288 6388 6389
f 6289 6390 6290
f 6289 6389 6390
f 6290 6391 6291
f 6290 6390 6391
f 6291 6392 6292
f 6291 6391 6392
f 6292 6393 6293
f 6292 6392 6393
f 6293 6394 6294
f 6293 6393 6394
f 6294 6395 6295
f 6294 6394 6395
f 6295 6396 6296
f 6295 6395 6396
f 6296 6397 6297
f 6296 6396 6397
f 6297 6398 6298
f 6297 6397 6398
f 6298 6399 6299
f 6298 6398 6399
f 6299 6400 6300
f 6299 6399 6400
f 6300 6401 6301
f 6300 6400 6401
f 6403 6303 6402
f 6303 6401 6402
f 6303 6301 6401
f 6303 6403 6304
f 6305 6306 6404
f 6404 6306 6405
f 6305 6406 6307
f 6305 6404 6406
f 6307 6407 6308
f 6307 6406 6407
f 6308 6408 6309
f 6308 6407 6408
f 6309 6409 6311
f 6309 6408 6409
f 6312 6311 6410
f 6410 6311 6409
f 6313 6314 6411
f 6411 6314 6412
f 6313 6413 6315
f 6313 6411 6413
f 6316 6315 6414
f 6414 6315 6413
f 6317 6318 6415
f 6415 6318 6416
f 6317 6417 6321
f 6317 6415 6417
f 6322 6321 6418
f 6321 6419 6418
f 6321 6417 6419
f 6419 6420 6418
f 6323 6324 6421
f 6421 6324 6422
f 6325 6323 6423
f 6423 6323 6421
f 6426 6425 6424
f 6428 6427 6424
f 6424 6427 6426
f 6430 6429 6428
f 6428 6429 6427
f 6432 6431 6430
f 6430 6431 6429
f 6432 6433 6431
f 6436 6435 6434
f 6438 6437 6434
f 6434 6437 6436
f 6440 6439 6438
f 6438 6439 6437
f 6442 6441 6440
f 6440 6441 6439
f 6444 6443 6442
f 6442 6443 6441
f 6446 6445 6444
f 6444 6445 6443
f 6448 6447 6446
f 6446 6447 6445
f 6450 6449 6448
f 6448 6449 6447
f 6452 6451 6450
f 6450 6451 6449
f 6454 6453 6452
f 6452 6453 6451
f 6453 6454 6339
f 6454 6338 6339
f 6454 6455 6338
f 6338 6456 6340
f 6338 6455 6456
f 6340 6457 6341
f 6340 6456 6457
f 6342 6341 6458
f 6341 6459 6458
f 6341 6457 6459
f 6458 6459 6345
f 6459 6344 6345
f 6459 6460 6344
f 6344 6461 6346
f 6344 6460 6461
f 6346 6462 6347
f 6346 6461 6462
f 6347 6463 6348
f 6347 6462 6463
f 6348 6464 6349
f 6348 6463 6464
f 6349 6465 6350
f 6349 6464 6465
f 6350 6466 6351
f 6350 6465 6466
f 6351 6467 6352
f 6351 6466 6467
f 6352 6468 6353
f 6352 6467 6468
f 6353 6469 6354
f 6353 6468 6469
f 6354 6470 6355
f 6354 6469 6470
f 6355 6471 6356
f 6355 6470 6471
f 6356 6472 6357
f 6356 6471 6472
f 6357 6473 6358
f 6357 6472 6473
f 6358 6474 6359
f 6358 6473 6474
f 6359 6475 6360
f 6359 6474 6475
f 6360 6476 6361
f 6360 6475 6476
f 6361 6477 6362
f 6361 6476 6477
f 6362 6478 6363
f 6362 6477 6478
f 6363 6479 6364
f 6363 6478 6479
f 6364 6480 6365
f 6364 6479 6480
f 6365 6481 6366
f 6365 6480 6481
f 6366 6482 6367
f 6366 6481 6482
f 6367 6483 6368
f 6367 6482 6483
f 6368 6484 6369
f 6368 6483 6484
f 6369 6485 6370
f 6369 6484 6485
f 6370 6486 6371
f 6370 6485 6486
f 6371 6487 6372
f 6371 6486 6487
f 6372 6488 6373
f 6372 6487 6488
f 6373 6489 6374
f 6373 6488 6489
f 6374 6490 6375
f 6374 6489 6490
f 6375 6491 6376
f 6375 6490 6491
f 6376 6492 6377
f 6376 6491 6492
f 6377 6493 6378
f 6377 6492 6493
f 6378 6494 6379
f 6378 6493 6494
f 6379 6495 6380
f 6379 6494 6495
f 6380 6496 6381
f 6380 6495 6496
f 6381 6497 6382
f 6381 6496 6497
f 6382 6498 6383
f 6382 6497 6498
f 6383 6499 6384
f 6383 6498 6499
f 6384 6500 6385
f 6384 6499 6500
f 6385 6501 6386
f 6385 6500 6501
f 6386 6502 6387
f 6386 6501 6502
f 6387 6503 6388
f 6387 6502 6503
f 6388 6504 6389
f 6388 6503 6504
f 6389 6505 6390
f 6389 6504 6505
f 6390 6506 6391
f 6390 6505 6506
f 6391 6507 6392
f 6391 6506 6507
f 6392 6508 6393
f 6392 6507 6508
f 6393 6509 6394
f 6393 6508 6509
f 6394 6510 6395
f 6394 6509 6510
f 6395 6511 6396
f 6395 6510 6511
f 6396 6512 6397
f 6396 6511 6512
f 6397 6513 6398
f 6397 6512 6513
f 6398 6514 6399
f 6398 6513 6514
f 6399 6515 6400
f 6399 6514 6515
f 6400 6516 6401
f 6400 6515 6516
f 6402 6401 6517
f 6401 6518 6517
f 6401 6516 6518
f 6518 6519 6517
f 6522 6521 6520
f 6522 6520 6405
f 6520 6404 6405
f 6520 6523 6404
f 6404 6524 6406
f 6404 6523 6524
f 6406 6525 6407
f 6406 6524 6525
f 6407 6526 6408
f 6407 6525 6526
f 6408 6527 6409
f 6408 6526 6527
f 6410 6409 6528
f 6409 6529 6528
f 6409 6527 6529
f 6531 6530 6529
f 6529 6530 6528
f 6533 6532 6531
f 6531 6532 6530
f 6532 6533 6412
f 6533 6411 6412
f 6533 6534 6411
f 6411 6535 6413
f 6411 6534 6535
f 6414 6413 6536
f 6413 6537 6536
f 6413 6535 6537
f 6537 6538 6536
f 6541 6540 6539
f 6541 6539 6416
f 6539 6415 6416
f 6539 6542 6415
f 6415 6543 6417
f 6415 6542 6543
f 6417 6544 6419
f 6417 6543 6544
f 6420 6419 6545
f 6419 6546 6545
f 6419 6544 6546
f 6548 6547 6546
f 6546 6547 6545
f 6548 6549 6547
f 6552 6551 6550
f 6550 6553 6552
f 6556 6555 6554
f 6558 6557 6554
f 6554 6557 6556
f 6560 6559 6558
f 6558 6559 6557
f 6562 6561 6560
f 6560 6561 6559
f 6562 6563 6561
f 6421 6422 6564
f 6564 6422 6565
f 6423 6421 6566
f 6421 6567 6566
f 6421 6564 6567
f 6567 6568 6566
f 6571 6570 6569
f 6573 6572 6569
f 6569 6572 6571
f 6573 6574 6572
f 6577 6576 6575
f 6579 6578 6575
f 6575 6578 6577
f 6579 6580 6578
f 6583 6582 6581
f 6581 6584 6583
f 6587 6586 6585
f 6589 6588 6585
f 6585 6588 6587
f 6589 6590 6588
f 6593 6592 6591
f 6591 6592 6594
f 6592 6593 6425
f 6593 6424 6425
f 6593 6595 6424
f 6595 1690 1691
f 6428 6595 1691
f 6424 6595 6428
f 6428 1691 1692
f 6596 6428 1692
f 6430 6428 6596
f 6430 6597 6432
f 6430 6596 6597
f 6433 6432 6598
f 6432 6599 6598
f 6432 6597 6599
f 6601 6600 6599
f 6599 6600 6598
f 6603 6602 6601
f 6601 6602 6600
f 6605 6604 6603
f 6603 6604 6602
f 6604 6605 6435
f 6605 6434 6435
f 6605 6606 6434
f 6434 6607 6438
f 6434 6606 6607
f 6438 6608 6440
f 6438 6607 6608
f 6440 6609 6442
f 6440 6608 6609
f 6442 6610 6444
f 6442 6609 6610
f 6444 6611 6446
f 6444 6610 6611
f 6446 6612 6448
f 6446 6611 6612
f 6448 6613 6450
f 6448 6612 6613
f 6450 6614 6452
f 6450 6613 6614
f 6452 6615 6454
f 6452 6614 6615
f 6454 6616 6455
f 6454 6615 6616
f 6455 6617 6456
f 6455 6616 6617
f 6456 6618 6457
f 6456 6617 6618
f 6457 6619 6459
f 6457 6618 6619
f 6459 6620 6460
f 6459 6619 6620
f 6460 6621 6461
f 6460 6620 6621
f 6461 6622 6462
f 6461 6621 6622
f 6462 6623 6463
f 6462 6622 6623
f 6463 6624 6464
f 6463 6623 6624
f 6464 6625 6465
f 6464 6624 6625
f 6465 6626 6466
f 6465 6625 6626
f 6466 6627 6467
f 6466 6626 6627
f 6467 6628 6468
f 6467 6627 6628
f 6628 1694 1695
f 6469 6628 1695
f 6468 6628 6469
f 6469 1695 1696
f 6469 1696 6470
f 6470 1696 1698
f 6629 6470 1698
f 6471 6470 6629
f 6471 6630 6472
f 6471 6629 6630
f 6472 6631 6473
f 6472 6630 6631
f 6473 6632 6474
f 6473 6631 6632
f 6474 6633 6475
f 6474 6632 6633
f 6475 6634 6476
f 6475 6633 6634
f 6634 1700 1701
f 6477 6634 1701
f 6476 6634 6477
f 6477 1701 1702
f 6477 1702 6478
f 6478 1702 1704
f 6635 6478 1704
f 6479 6478 6635
f 6479 6636 6480
f 6479 6635 6636
f 6480 6637 6481
f 6480 6636 6637
f 6481 6638 6482
f 6481 6637 6638
f 6482 6639 6483
f 6482 6638 6639
f 6639 1706 1707
f 6484 6639 1707
f 6483 6639 6484
f 6484 1707 1708
f 6484 1708 6485
f 6485 1708 1710
f 6640 6485 1710
f 6486 6485 6640
f 6486 6641 6487
f 6486 6640 6641
f 6487 6642 6488
f 6487 6641 6642
f 6488 6643 6489
f 6488 6642 6643
f 6489 6644 6490
f 6489 6643 6644
f 6490 6645 6491
f 6490 6644 6645
f 6491 6646 6492
f 6491 6645 6646
f 6492 6647 6493
f 6492 6646 6647
f 6493 6648 6494
f 6493 6647 6648
f 6494 6649 6495
f 6494 6648 6649
f 6495 6650 6496
f 6495 6649 6650
f 6496 6651 6497
f 6496 6650 6651
f 6497 6652 6498
f 6497 6651 6652
f 6498 6653 6499
f 6498 6652 6653
f 6499 6654 6500
f 6499 6653 6654
f 6500 6655 6501
f 6500 6654 6655
f 6501 6656 6502
f 6501 6655 6656
f 6502 6657 6503
f 6502 6656 6657
f 6503 6658 6504
f 6503 6657 6658
f 6504 6659 6505
f 6504 6658 6659
f 6505 6660 6506
f 6505 6659 6660
f 6506 6661 6507
f 6506 6660 6661
f 6507 6662 6508
f 6507 6661 6662
f 6508 6663 6509
f 6508 6662 6663
f 6509 6664 6510
f 6509 6663 6664
f 6510 6665 6511
f 6510 6664 6665
f 6511 6666 6512
f 6511 6665 6666
f 6512 6667 6513
f 6512 6666 6667
f 6667 1712 1713
f 6514 6667 1713
f 6513 6667 6514
f 6514 1713 1714
f 6514 1714 6515
f 6515 1714 1716
f 6668 6515 1716
f 6516 6515 6668
f 6516 6669 6518
f 6516 6668 6669
f 6519 6518 6670
f 6518 6671 6670
f 6518 6669 6671
f 6673 6672 6671
f 6671 6672 6670
f 6672 6673 6521
f 6673 6520 6521
f 6673 6674 6520
f 6520 6675 6523
f 6520 6674 6675
f 6675 1718 1719
f 6524 6675 1719
f 6523 6675 6524
f 6524 1719 1720
f 6524 1720 6525
f 6525 1720 1722
f 6676 6525 1722
f 6526 6525 6676
f 6526 6677 6527
f 6526 6676 6677
f 6527 6678 6529
f 6527 6677 6678
f 6529 6679 6531
f 6529 6678 6679
f 6531 6680 6533
f 6531 6679 6680
f 6680 1724 1725
f 6534 6680 1725
f 6533 6680 6534
f 6534 1725 1726
f 6534 1726 6535
f 6535 1726 1728
f 6681 6535 1728
f 6537 6535 6681
f 6538 6537 6682
f 6537 6683 6682
f 6537 6681 6683
f 6685 6684 6683
f 6683 6684 6682
f 6687 6686 6685
f 6685 6686 6684
f 6689 6688 6687
f 6687 6688 6686
f 6688 6689 6540
f 6689 6539 6540
f 6689 6690 6539
f 6539 6691 6542
f 6539 6690 6691
f 6542 6692 6543
f 6542 6691 6692
f 6543 6693 6544
f 6543 6692 6693
f 6544 6694 6546
f 6544 6693 6694
f 6546 6695 6548
f 6546 6694 6695
f 6549 6548 6696
f 6548 6697 6696
f 6548 6695 6697
f 6699 6698 6697
f 6697 6698 6696
f 6701 6700 6699
f 6699 6700 6698
f 6703 6702 6701
f 6701 6702 6700
f 6702 6703 6551
f 6703 6550 6551
f 6703 6704 6550
f 6553 6550 6705
f 6550 6706 6705
f 6550 6704 6706
f 6706 6707 6705
f 6710 6709 6708
f 6712 6711 6708
f 6708 6711 6710
f 6714 6713 6712
f 6712 6713 6711
f 6716 6715 6714
f 6714 6715 6713
f 6718 6717 6716
f 6716 6717 6715
f 6720 6719 6718
f 6718 6719 6717
f 6722 6721 6720
f 6720 6721 6719
f 6721 6722 6555
f 6722 6554 6555
f 6722 6723 6554
f 6554 6724 6558
f 6554 6723 6724
f 6558 6725 6560
f 6558 6724 6725
f 6560 6726 6562
f 6560 6725 6726
f 6563 6562 6727
f 6562 6728 6727
f 6562 6726 6728
f 6730 6729 6728
f 6728 6729 6727
f 6732 6731 6730
f 6730 6731 6729
f 6734 6733 6732
f 6732 6733 6731
f 6736 6735 6734
f 6734 6735 6733
f 6738 6737 6736
f 6736 6737 6735
f 6737 6738 6565
f 6565 6738 6564
f 6738 1730 6564
f 1730 1731 6564
f 6564 1731 1732
f 6564 1732 6567
f 6740 6739 1734
f 1734 6739 1732
f 6739 6568 1732
f 6568 6567 1732
f 6742 6741 6740
f 6740 6741 6739
f 6744 6743 6742
f 6742 6743 6741
f 6746 6745 6744
f 6744 6745 6743
f 6748 6747 6746
f 6746 6747 6745
f 6747 6748 6570
f 6748 6569 6570
f 6748 6749 6569
f 6569 6750 6573
f 6569 6749 6750
f 6574 6573 6751
f 6573 6752 6751
f 6573 6750 6752
f 6754 6753 6752
f 6752 6753 6751
f 6756 6755 6754
f 6754 6755 6753
f 6758 6757 6756
f 6756 6757 6755
f 6760 6759 6758
f 6758 6759 6757
f 6762 6761 6760
f 6760 6761 6759
f 6761 6762 6576
f 6762 6575 6576
f 6762 6763 6575
f 6575 6764 6579
f 6575 6763 6764
f 6580 6579 6765
f 6579 6766 6765
f 6579 6764 6766
f 6768 6767 6766
f 6766 6767 6765
f 6770 6769 6768
f 6768 6769 6767
f 6772 6771 6770
f 6770 6771 6769
f 6774 6773 6772
f 6772 6773 6771
f 6776 6775 6774
f 6774 6775 6773
f 6778 6777 6776
f 6776 6777 6775
f 6780 6779 6778
f 6778 6779 6777
f 6780 6781 6779
f 6784 6783 6782
f 6786 6785 6782
f 6782 6785 6784
f 6786 6787 6785
f 6790 6789 6788
f 6792 6791 6788
f 6788 6791 6790
f 6794 6793 6792
f 6792 6793 6791
f 6796 6795 6794
f 6794 6795 6793
f 6798 6797 6796
f 6796 6797 6795
f 6797 6798 6582
f 6798 6581 6582
f 6798 6799 6581
f 6584 6581 6800
f 6581 6801 6800
f 6581 6799 6801
f 6801 6802 6800
f 6805 6804 6803
f 6803 6806 6805
f 6809 6808 6807
f 6809 6807 6586
f 6586 6807 6585
f 6807 1736 6585
f 1736 1737 6585
f 6585 1737 1738
f 6810 6585 1738
f 6589 6585 6810
f 6590 6589 6811
f 6589 6812 6811
f 6589 6810 6812
f 6814 6813 6812
f 6812 6813 6811
f 6816 6815 6814
f 6814 6815 6813
f 6591 6817 6593
f 6591 6818 6817
f 6593 6819 6595
f 6593 6817 6819
f 6820 1739 1690
f 6595 6820 1690
f 6819 6820 6595
f 6820 1692 1739
f 6820 6596 1692
f 6820 1742 1740
f 6596 6820 1740
f 6596 1740 1743
f 6821 6596 1743
f 6597 6596 6821
f 6597 6822 6599
f 6597 6821 6822
f 6599 6823 6601
f 6599 6822 6823
f 6601 6824 6603
f 6601 6823 6824
f 6603 6825 6605
f 6603 6824 6825
f 6605 6826 6606
f 6605 6825 6826
f 6606 6827 6607
f 6606 6826 6827
f 6607 6828 6608
f 6607 6827 6828
f 6608 6829 6609
f 6608 6828 6829
f 6609 6830 6610
f 6609 6829 6830
f 6610 6831 6611
f 6610 6830 6831
f 6611 6832 6612
f 6611 6831 6832
f 6612 6833 6613
f 6612 6832 6833
f 6613 6834 6614
f 6613 6833 6834
f 6614 6835 6615
f 6614 6834 6835
f 6615 6836 6616
f 6615 6835 6836
f 6616 6837 6617
f 6616 6836 6837
f 6617 6838 6618
f 6617 6837 6838
f 6618 6839 6619
f 6618 6838 6839
f 6619 6840 6620
f 6619 6839 6840
f 6620 6841 6621
f 6620 6840 6841
f 6621 6842 6622
f 6621 6841 6842
f 6622 6843 6623
f 6622 6842 6843
f 6623 6844 6624
f 6623 6843 6844
f 6624 6845 6625
f 6624 6844 6845
f 6625 6846 6626
f 6625 6845 6846
f 6626 6847 6627
f 6626 6846 6847
f 6627 6848 6628
f 6627 6847 6848
f 6848 1745 1694
f 6848 1694 6628
f 1746 6849 1747
f 6629 1698 1747
f 6849 6629 1747
f 6850 6629 6849
f 6629 6851 6630
f 6629 6850 6851
f 6630 6852 6631
f 6630 6851 6852
f 6631 6853 6632
f 6631 6852 6853
f 6632 6854 6633
f 6632 6853 6854
f 6633 6855 6634
f 6633 6854 6855
f 6855 1749 1700
f 6855 1700 6634
f 1751 6856 6635
f 1751 6635 1704
f 6635 6857 6636
f 6635 6856 6857
f 6636 6858 6637
f 6636 6857 6858
f 6637 6859 6638
f 6637 6858 6859
f 6859 1753 1754
f 6639 6859 1754
f 6638 6859 6639
f 6639 1754 1706
f 1757 6860 6640
f 1757 6640 1710
f 6640 6861 6641
f 6640 6860 6861
f 6641 6862 6642
f 6641 6861 6862
f 6642 6863 6643
f 6642 6862 6863
f 6643 6864 6644
f 6643 6863 6864
f 6644 6865 6645
f 6644 6864 6865
f 6645 6866 6646
f 6645 6865 6866
f 6646 6867 6647
f 6646 6866 6867
f 6647 6868 6648
f 6647 6867 6868
f 6648 6869 6649
f 6648 6868 6869
f 6649 6870 6650
f 6649 6869 6870
f 6650 6871 6651
f 6650 6870 6871
f 6651 6872 6652
f 6651 6871 6872
f 6652 6873 6653
f 6652 6872 6873
f 6653 6874 6654
f 6653 6873 6874
f 6654 6875 6655
f 6654 6874 6875
f 6655 6876 6656
f 6655 6875 6876
f 6656 6877 6657
f 6656 6876 6877
f 6657 6878 6658
f 6657 6877 6878
f 6658 6879 6659
f 6658 6878 6879
f 6659 6880 6660
f 6659 6879 6880
f 6660 6881 6661
f 6660 6880 6881
f 6661 6882 6662
f 6661 6881 6882
f 6662 6883 6663
f 6662 6882 6883
f 6663 6884 6664
f 6663 6883 6884
f 6664 6885 6665
f 6664 6884 6885
f 6665 6886 6666
f 6665 6885 6886
f 6666 6887 6667
f 6666 6886 6887
f 6887 1759 1712
f 6887 1712 6667
f 1761 6888 6668
f 1761 6668 1716
f 6668 6889 6669
f 6668 6888 6889
f 6669 6890 6671
f 6669 6889 6890
f 6671 6891 6673
f 6671 6890 6891
f 6673 6892 6674
f 6673 6891 6892
f 6674 6893 6675
f 6674 6892 6893
f 6893 1763 1718
f 6893 1718 6675
f 1765 6894 6676
f 1765 6676 1722
f 6676 6895 6677
f 6676 6894 6895
f 6677 6896 6678
f 6677 6895 6896
f 6678 6897 6679
f 6678 6896 6897
f 6679 6898 6680
f 6679 6897 6898
f 6898 1767 1724
f 6898 1724 6680
f 1769 6899 6681
f 1769 6681 1728
f 6681 6900 6683
f 6681 6899 6900
f 6683 6901 6685
f 6683 6900 6901
f 6685 6902 6687
f 6685 6901 6902
f 6687 6903 6689
f 6687 6902 6903
f 6689 6904 6690
f 6689 6903 6904
f 6690 6905 6691
f 6690 6904 6905
f 6691 6906 6692
f 6691 6905 6906
f 6692 6907 6693
f 6692 6906 6907
f 6693 6908 6694
f 6693 6907 6908
f 6694 6909 6695
f 6694 6908 6909
f 6695 6910 6697
f 6695 6909 6910
f 6697 6911 6699
f 6697 6910 6911
f 6699 6912 6701
f 6699 6911 6912
f 6701 6913 6703
f 6701 6912 6913
f 6703 6914 6704
f 6703 6913 6914
f 6704 6915 6706
f 6704 6914 6915
f 6707 6706 6916
f 6916 6706 6915
f 6708 6709 6917
f 6917 6709 6918
f 6708 6919 6712
f 6708 6917 6919
f 6712 6920 6714
f 6712 6919 6920
f 6714 6921 6716
f 6714 6920 6921
f 6716 6922 6718
f 6716 6921 6922
f 6718 6923 6720
f 6718 6922 6923
f 6720 6924 6722
f 6720 6923 6924
f 6722 6925 6723
f 6722 6924 6925
f 6723 6926 6724
f 6723 6925 6926
f 6724 6927 6725
f 6724 6926 6927
f 6725 6928 6726
f 6725 6927 6928
f 6726 6929 6728
f 6726 6928 6929
f 6728 6930 6730
f 6728 6929 6930
f 6730 6931 6732
f 6730 6930 6931
f 6732 6932 6734
f 6732 6931 6932
f 6734 6933 6736
f 6734 6932 6933
f 6736 6934 6738
f 6736 6933 6934
f 6934 1771 1730
f 6934 1730 6738
f 1773 6935 6740
f 1773 6740 1734
f 6740 6936 6742
f 6740 6935 6936
f 6742 6937 6744
f 6742 6936 6937
f 6744 6938 6746
f 6744 6937 6938
f 6746 6939 6748
f 6746 6938 6939
f 6939 1775 1776
f 6749 6939 1776
f 6748 6939 6749
f 6749 1776 1777
f 6749 1777 6750
f 6750 1777 1779
f 6940 6750 1779
f 6752 6750 6940
f 6752 6941 6754
f 6752 6940 6941
f 6754 6942 6756
f 6754 6941 6942
f 6756 6943 6758
f 6756 6942 6943
f 6758 6944 6760
f 6758 6943 6944
f 6760 6945 6762
f 6760 6944 6945
f 6945 1781 1782
f 6763 6945 1782
f 6762 6945 6763
f 6763 1782 1783
f 6946 6763 1783
f 6764 6763 6946
f 6764 6947 6766
f 6764 6946 6947
f 6766 6948 6768
f 6766 6947 6948
f 6768 6949 6770
f 6768 6948 6949
f 6770 6950 6772
f 6770 6949 6950
f 6772 6951 6774
f 6772 6950 6951
f 6774 6952 6776
f 6774 6951 6952
f 6776 6953 6778
f 6776 6952 6953
f 6778 6954 6780
f 6778 6953 6954
f 6781 6780 6955
f 6780 6956 6955
f 6780 6954 6956
f 6956 6957 6955
f 6960 6959 6958
f 6960 6958 6783
f 6958 6782 6783
f 6958 6961 6782
f 6782 6962 6786
f 6782 6961 6962
f 6787 6786 6963
f 6786 6964 6963
f 6786 6962 6964
f 6966 6965 6964
f 6964 6965 6963
f 6965 6966 6789
f 6966 6788 6789
f 6966 6967 6788
f 6788 6968 6792
f 6788 6967 6968
f 6792 6969 6794
f 6792 6968 6969
f 6794 6970 6796
f 6794 6969 6970
f 6796 6971 6798
f 6796 6970 6971
f 6798 6972 6799
f 6798 6971 6972
f 6799 6973 6801
f 6799 6972 6973
f 6802 6801 6974
f 6801 6975 6974
f 6801 6973 6975
f 6977 6976 6975
f 6975 6976 6974
f 6976 6977 6804
f 6977 6803 6804
f 6977 6978 6803
f 6806 6803 6979
f 6803 6980 6979
f 6803 6978 6980
f 6979 6980 6808
f 6980 6807 6808
f 6980 6981 6807
f 6981 1785 1736
f 6981 1736 6807
f 1786 6982 6810
f 1786 6810 1738
f 6810 6983 6812
f 6810 6982 6983
f 6812 6984 6814
f 6812 6983 6984
f 6814 6985 6816
f 6814 6984 6985
f 6818 6986 6817
f 6818 6987 6986
f 6817 6988 6819
f 6817 6986 6988
f 6819 6989 6820
f 6819 6988 6989
f 6990 1787 1742
f 6820 6990 1742
f 6989 6990 6820
f 6821 1743 1787
f 6990 6821 1787
f 6991 6821 6990
f 6821 6992 6822
f 6821 6991 6992
f 6822 6993 6823
f 6822 6992 6993
f 6823 6994 6824
f 6823 6993 6994
f 6824 6995 6825
f 6824 6994 6995
f 6825 6996 6826
f 6825 6995 6996
f 6826 6997 6827
f 6826 6996 6997
f 6827 6998 6828
f 6827 6997 6998
f 6828 6999 6829
f 6828 6998 6999
f 6829 7000 6830
f 6829 6999 7000
f 6830 7001 6831
f 6830 7000 7001
f 6831 7002 6832
f 6831 7001 7002
f 6832 7003 6833
f 6832 7002 7003
f 6833 7004 6834
f 6833 7003 7004
f 6834 7005 6835
f 6834 7004 7005
f 6835 7006 6836
f 6835 7005 7006
f 6836 7007 6837
f 6836 7006 7007
f 6837 7008 6838
f 6837 7007 7008
f 6838 7009 6839
f 6838 7008 7009
f 6839 7010 6840
f 6839 7009 7010
f 6840 7011 6841
f 6840 7010 7011
f 6841 7012 6842
f 6841 7011 7012
f 6842 7013 6843
f 6842 7012 7013
f 6843 7014 6844
f 6843 7013 7014
f 6844 7015 6845
f 6844 7014 7015
f 6845 7016 6846
f 6845 7015 7016
f 6846 7017 6847
f 6846 7016 7017
f 6847 7018 6848
f 6847 7017 7018
f 7019 1788 1745
f 6848 7019 1745
f 7018 7019 6848
f 6849 1746 1788
f 7019 6849 1788
f 7020 6849 7019
f 6849 7021 6850
f 6849 7020 7021
f 6850 7022 6851
f 6850 7021 7022
f 6851 7023 6852
f 6851 7022 7023
f 6852 7024 6853
f 6852 7023 7024
f 6853 7025 6854
f 6853 7024 7025
f 6854 7026 6855
f 6854 7025 7026
f 7026 1790 1749
f 7026 1749 6855
f 1792 7027 6856
f 1792 6856 1751
f 6856 7028 6857
f 6856 7027 7028
f 6857 7029 6858
f 6857 7028 7029
f 6858 7030 6859
f 6858 7029 7030
f 7031 1793 1753
f 6859 7031 1753
f 7030 7031 6859
f 7032 1794 1793
f 7032 1793 7031
f 7033 1795 1794
f 7033 1794 7032
f 6860 1757 1795
f 7033 6860 1795
f 7034 6860 7033
f 6860 7035 6861
f 6860 7034 7035
f 6861 7036 6862
f 6861 7035 7036
f 6862 7037 6863
f 6862 7036 7037
f 6863 7038 6864
f 6863 7037 7038
f 6864 7039 6865
f 6864 7038 7039
f 6865 7040 6866
f 6865 7039 7040
f 6866 7041 6867
f 6866 7040 7041
f 6867 7042 6868
f 6867 7041 7042
f 6868 7043 6869
f 6868 7042 7043
f 6869 7044 6870
f 6869 7043 7044
f 6870 7045 6871
f 6870 7044 7045
f 6871 7046 6872
f 6871 7045 7046
f 6872 7047 6873
f 6872 7046 7047
f 6873 7048 6874
f 6873 7047 7048
f 6874 7049 6875
f 6874 7048 7049
f 6875 7050 6876
f 6875 7049 7050
f 6876 7051 6877
f 6876 7050 7051
f 6877 7052 6878
f 6877 7051 7052
f 6878 7053 6879
f 6878 7052 7053
f 6879 7054 6880
f 6879 7053 7054
f 6880 7055 6881
f 6880 7054 7055
f 6881 7056 6882
f 6881 7055 7056
f 6882 7057 6883
f 6882 7056 7057
f 6883 7058 6884
f 6883 7057 7058
f 6884 7059 6885
f 6884 7058 7059
f 6885 7060 6886
f 6885 7059 7060
f 6886 7061 6887
f 6886 7060 7061
f 7062 1796 1759
f 6887 7062 1759
f 7061 7062 6887
f 7062 1798 1796
f 1799 7063 6888
f 1799 6888 1761
f 6888 7064 6889
f 6888 7063 7064
f 6889 7065 6890
f 6889 7064 7065
f 6890 7066 6891
f 6890 7065 7066
f 6891 7067 6892
f 6891 7066 7067
f 6892 7068 6893
f 6892 7067 7068
f 7068 1801 1763
f 7068 1763 6893
f 1803 7069 6894
f 1803 6894 1765
f 6894 7070 6895
f 6894 7069 7070
f 6895 7071 6896
f 6895 7070 7071
f 6896 7072 6897
f 6896 7071 7072
f 6897 7073 6898
f 6897 7072 7073
f 7073 1805 1767
f 7073 1767 6898
f 1807 7074 6899
f 1807 6899 1769
f 6899 7075 6900
f 6899 7074 7075
f 6900 7076 6901
f 6900 7075 7076
f 6901 7077 6902
f 6901 7076 7077
f 6902 7078 6903
f 6902 7077 7078
f 6903 7079 6904
f 6903 7078 7079
f 6904 7080 6905
f 6904 7079 7080
f 6905 7081 6906
f 6905 7080 7081
f 6906 7082 6907
f 6906 7081 7082
f 6907 7083 6908
f 6907 7082 7083
f 6908 7084 6909
f 6908 7083 7084
f 6909 7085 6910
f 6909 7084 7085
f 6910 7086 6911
f 6910 7085 7086
f 6911 7087 6912
f 6911 7086 7087
f 6912 7088 6913
f 6912 7087 7088
f 6913 7089 6914
f 6913 7088 7089
f 6914 7090 6915
f 6914 7089 7090
f 6916 6915 7091
f 7091 6915 7090
f 6917 6918 7092
f 7092 6918 7093
f 6917 7094 6919
f 6917 7092 7094
f 6919 7095 6920
f 6919 7094 7095
f 6920 7096 6921
f 6920 7095 7096
f 6921 7097 6922
f 6921 7096 7097
f 6922 7098 6923
f 6922 7097 7098
f 6923 7099 6924
f 6923 7098 7099
f 6924 7100 6925
f 6924 7099 7100
f 6925 7101 6926
f 6925 7100 7101
f 6926 7102 6927
f 6926 7101 7102
f 6927 7103 6928
f 6927 7102 7103
f 6928 7104 6929
f 6928 7103 7104
f 6929 7105 6930
f 6929 7104 7105
f 6930 7106 6931
f 6930 7105 7106
f 6931 7107 6932
f 6931 7106 7107
f 6932 7108 6933
f 6932 7107 7108
f 6933 7109 6934
f 6933 7108 7109
f 7109 1809 1771
f 7109 1771 6934
f 1811 7110 6935
f 1811 6935 1773
f 6935 7111 6936
f 6935 7110 7111
f 6936 7112 6937
f 6936 7111 7112
f 6937 7113 6938
f 6937 7112 7113
f 6938 7114 6939
f 6938 7113 7114
f 7114 1813 1775
f 7114 1775 6939
f 1815 7115 6940
f 1815 6940 1779
f 6940 7116 6941
f 6940 7115 7116
f 6941 7117 6942
f 6941 7116 7117
f 6942 7118 6943
f 6942 7117 7118
f 6943 7119 6944
f 6943 7118 7119
f 6944 7120 6945
f 6944 7119 7120
f 7121 1816 1781
f 6945 7121 1781
f 7120 7121 6945
f 6946 1783 1816
f 7121 6946 1816
f 7122 6946 7121
f 6946 7123 6947
f 6946 7122 7123
f 6947 7124 6948
f 6947 7123 7124
f 6948 7125 6949
f 6948 7124 7125
f 6949 7126 6950
f 6949 7125 7126
f 6950 7127 6951
f 6950 7126 7127
f 6951 7128 6952
f 6951 7127 7128
f 6952 7129 6953
f 6952 7128 7129
f 6953 7130 6954
f 6953 7129 7130
f 6954 7131 6956
f 6954 7130 7131
f 6957 6956 7132
f 7132 6956 7131
f 6958 6959 7133
f 7133 6959 7134
f 6958 7135 6961
f 6958 7133 7135
f 6961 7136 6962
f 6961 7135 7136
f 6962 7137 6964
f 6962 7136 7137
f 6964 7138 6966
f 6964 7137 7138
f 6966 7139 6967
f 6966 7138 7139
f 6967 7140 6968
f 6967 7139 7140
f 6968 7141 6969
f 6968 7140 7141
f 6969 7142 6970
f 6969 7141 7142
f 6970 7143 6971
f 6970 7142 7143
f 6971 7144 6972
f 6971 7143 7144
f 6972 7145 6973
f 6972 7144 7145
f 6973 7146 6975
f 6973 7145 7146
f 6975 7147 6977
f 6975 7146 7147
f 6977 7148 6978
f 6977 7147 7148
f 6978 7149 6980
f 6978 7148 7149
f 6980 7150 6981
f 6980 7149 7150
f 7150 1818 1785
f 7150 1785 6981
f 1819 7151 6982
f 1819 6982 1786
f 6982 7152 6983
f 6982 7151 7152
f 6983 7153 6984
f 6983 7152 7153
f 6984 7154 6985
f 6984 7153 7154
f 6987 7155 6986
f 6987 7156 7155
f 6986 7157 6988
f 6986 7155 7157
f 7157 1821 1822
f 6989 7157 1822
f 6988 7157 6989
f 6989 1822 1823
f 6989 1823 6990
f 6990 1823 1825
f 7158 6990 1825
f 6991 6990 7158
f 6991 7159 6992
f 6991 7158 7159
f 6992 7160 6993
f 6992 7159 7160
f 6993 7161 6994
f 6993 7160 7161
f 6994 7162 6995
f 6994 7161 7162
f 6995 7163 6996
f 6995 7162 7163
f 6996 7164 6997
f 6996 7163 7164
f 6997 7165 6998
f 6997 7164 7165
f 6998 7166 6999
f 6998 7165 7166
f 6999 7167 7000
f 6999 7166 7167
f 7000 7168 7001
f 7000 7167 7168
f 7001 7169 7002
f 7001 7168 7169
f 7002 7170 7003
f 7002 7169 7170
f 7003 7171 7004
f 7003 7170 7171
f 7004 7172 7005
f 7004 7171 7172
f 7005 7173 7006
f 7005 7172 7173
f 7006 7174 7007
f 7006 7173 7174
f 7007 7175 7008
f 7007 7174 7175
f 7008 7176 7009
f 7008 7175 7176
f 7009 7177 7010
f 7009 7176 7177
f 7010 7178 7011
f 7010 7177 7178
f 7011 7179 7012
f 7011 7178 7179
f 7012 7180 7013
f 7012 7179 7180
f 7013 7181 7014
f 7013 7180 7181
f 7014 7182 7015
f 7014 7181 7182
f 7015 7183 7016
f 7015 7182 7183
f 7016 7184 7017
f 7016 7183 7184
f 7017 7185 7018
f 7017 7184 7185
f 7018 7186 7019
f 7018 7185 7186
f 7186 1827 1828
f 7020 7186 1828
f 7019 7186 7020
f 7020 1828 1829
f 7187 7020 1829
f 7021 7020 7187
f 7021 7188 7022
f 7021 7187 7188
f 7022 7189 7023
f 7022 7188 7189
f 7023 7190 7024
f 7023 7189 7190
f 7024 7191 7025
f 7024 7190 7191
f 7025 7192 7026
f 7025 7191 7192
f 7192 1831 1790
f 7192 1790 7026
f 1833 7027 1792
f 7027 1833 1835
f 7193 7027 1835
f 7028 7027 7193
f 7028 7194 7029
f 7028 7193 7194
f 7029 7195 7030
f 7029 7194 7195
f 7030 7196 7031
f 7030 7195 7196
f 7196 1837 1838
f 7032 7196 1838
f 7031 7196 7032
f 7032 1838 1839
f 7032 1839 7033
f 7033 1839 1841
f 7197 7033 1841
f 7034 7033 7197
f 7034 7198 7035
f 7034 7197 7198
f 7035 7199 7036
f 7035 7198 7199
f 7036 7200 7037
f 7036 7199 7200
f 7037 7201 7038
f 7037 7200 7201
f 7038 7202 7039
f 7038 7201 7202
f 7039 7203 7040
f 7039 7202 7203
f 7040 7204 7041
f 7040 7203 7204
f 7041 7205 7042
f 7041 7204 7205
f 7042 7206 7043
f 7042 7205 7206
f 7043 7207 7044
f 7043 7206 7207
f 7044 7208 7045
f 7044 7207 7208
f 7045 7209 7046
f 7045 7208 7209
f 7046 7210 7047
f 7046 7209 7210
f 7047 7211 7048
f 7047 7210 7211
f 7048 7212 7049
f 7048 7211 7212
f 7049 7213 7050
f 7049 7212 7213
f 7050 7214 7051
f 7050 7213 7214
f 7051 7215 7052
f 7051 7214 7215
f 7052 7216 7053
f 7052 7215 7216
f 7053 7217 7054
f 7053 7216 7217
f 7054 7218 7055
f 7054 7217 7218
f 7055 7219 7056
f 7055 7218 7219
f 7056 7220 7057
f 7056 7219 7220
f 7057 7221 7058
f 7057 7220 7221
f 7058 7222 7059
f 7058 7221 7222
f 7059 7223 7060
f 7059 7222 7223
f 7223 1843 1844
f 7061 7223 1844
f 7060 7223 7061
f 7061 1844 1845
f 7061 1845 7062
f 7062 1845 1798
f 1848 7224 7063
f 1848 7063 1799
f 7063 7225 7064
f 7063 7224 7225
f 7064 7226 7065
f 7064 7225 7226
f 7065 7227 7066
f 7065 7226 7227
f 7066 7228 7067
f 7066 7227 7228
f 7067 7229 7068
f 7067 7228 7229
f 7229 1850 1801
f 7229 1801 7068
f 1852 7230 7069
f 1852 7069 1803
f 7069 7231 7070
f 7069 7230 7231
f 7070 7232 7071
f 7070 7231 7232
f 7071 7233 7072
f 7071 7232 7233
f 7072 7234 7073
f 7072 7233 7234
f 7234 1854 1805
f 7234 1805 7073
f 1856 7235 7074
f 1856 7074 1807
f 7074 7236 7075
f 7074 7235 7236
f 7075 7237 7076
f 7075 7236 7237
f 7076 7238 7077
f 7076 7237 7238
f 7077 7239 7078
f 7077 7238 7239
f 7078 7240 7079
f 7078 7239 7240
f 7240 1858 1859
f 7080 7240 1859
f 7079 7240 7080
f 7080 1859 1860
f 7080 1860 7081
f 7081 1860 1862
f 7241 7081 1862
f 7082 7081 7241
f 7082 7242 7083
f 7082 7241 7242
f 7083 7243 7084
f 7083 7242 7243
f 7084 7244 7085
f 7084 7243 7244
f 7085 7245 7086
f 7085 7244 7245
f 7086 7246 7087
f 7086 7245 7246
f 7087 7247 7088
f 7087 7246 7247
f 7088 7248 7089
f 7088 7247 7248
f 7089 7249 7090
f 7089 7248 7249
f 7091 7090 7250
f 7090 7251 7250
f 7090 7249 7251
f 7253 7252 7251
f 7251 7252 7250
f 7252 7253 7093
f 7253 7092 7093
f 7253 7254 7092
f 7092 7255 7094
f 7092 7254 7255
f 7094 7256 7095
f 7094 7255 7256
f 7095 7257 7096
f 7095 7256 7257
f 7096 7258 7097
f 7096 7257 7258
f 7097 7259 7098
f 7097 7258 7259
f 7098 7260 7099
f 7098 7259 7260
f 7099 7261 7100
f 7099 7260 7261
f 7100 7262 7101
f 7100 7261 7262
f 7262 1864 1865
f 7102 7262 1865
f 7101 7262 7102
f 7102 1865 1866
f 7102 1866 7103
f 7103 1866 1868
f 7263 7103 1868
f 7104 7103 7263
f 7104 7264 7105
f 7104 7263 7264
f 7105 7265 7106
f 7105 7264 7265
f 7106 7266 7107
f 7106 7265 7266
f 7107 7267 7108
f 7107 7266 7267
f 7108 7268 7109
f 7108 7267 7268
f 7268 1870 1809
f 7268 1809 7109
f 1872 7269 7110
f 1872 7110 1811
f 7110 7270 7111
f 7110 7269 7270
f 7111 7271 7112
f 7111 7270 7271
f 7112 7272 7113
f 7112 7271 7272
f 7113 7273 7114
f 7113 7272 7273
f 7273 1874 1813
f 7273 1813 7114
f 1876 7274 7115
f 1876 7115 1815
f 7115 7275 7116
f 7115 7274 7275
f 7116 7276 7117
f 7116 7275 7276
f 7117 7277 7118
f 7117 7276 7277
f 7118 7278 7119
f 7118 7277 7278
f 7119 7279 7120
f 7119 7278 7279
f 7279 1878 1879
f 7121 7279 1879
f 7120 7279 7121
f 7121 1879 1880
f 7121 1880 7122
f 7122 1880 1882
f 7280 7122 1882
f 7123 7122 7280
f 7123 7281 7124
f 7123 7280 7281
f 7124 7282 7125
f 7124 7281 7282
f 7125 7283 7126
f 7125 7282 7283
f 7126 7284 7127
f 7126 7283 7284
f 7127 7285 7128
f 7127 7284 7285
f 7128 7286 7129
f 7128 7285 7286
f 7129 7287 7130
f 7129 7286 7287
f 7130 7288 7131
f 7130 7287 7288
f 7132 7131 7289
f 7289 7131 7288
f 7133 7134 7290
f 7290 7134 7291
f 7133 7292 7135
f 7133 7290 7292
f 7135 7293 7136
f 7135 7292 7293
f 7136 7294 7137
f 7136 7293 7294
f 7137 7295 7138
f 7137 7294 7295
f 7138 7296 7139
f 7138 7295 7296
f 7139 7297 7140
f 7139 7296 7297
f 7140 7298 7141
f 7140 7297 7298
f 7141 7299 7142
f 7141 7298 7299
f 7142 7300 7143
f 7142 7299 7300
f 7143 7301 7144
f 7143 7300 7301
f 7144 7302 7145
f 7144 7301 7302
f 7145 7303 7146
f 7145 7302 7303
f 7146 7304 7147
f 7146 7303 7304
f 7147 7305 7148
f 7147 7304 7305
f 7148 7306 7149
f 7148 7305 7306
f 7149 7307 7150
f 7149 7306 7307
f 7307 1884 1818
f 7307 1818 7150
f 1885 7151 1819
f 7151 1885 1887
f 7308 7151 1887
f 7152 7151 7308
f 7152 7309 7153
f 7152 7308 7309
f 7153 7310 7154
f 7153 7309 7310
f 7156 7311 7155
f 7156 7312 7311
f 7155 7313 7157
f 7155 7311 7313
f 7313 1889 1821
f 7313 1821 7157
f 1891 7314 7158
f 1891 7158 1825
f 7158 7315 7159
f 7158 7314 7315
f 7159 7316 7160
f 7159 7315 7316
f 7160 7317 7161
f 7160 7316 7317
f 7161 7318 7162
f 7161 7317 7318
f 7162 7319 7163
f 7162 7318 7319
f 7163 7320 7164
f 7163 7319 7320
f 7164 7321 7165
f 7164 7320 7321
f 7165 7322 7166
f 7165 7321 7322
f 7166 7323 7167
f 7166 7322 7323
f 7167 7324 7168
f 7167 7323 7324
f 7168 7325 7169
f 7168 7324 7325
f 7169 7326 7170
f 7169 7325 7326
f 7170 7327 7171
f 7170 7326 7327
f 7171 7328 7172
f 7171 7327 7328
f 7172 7329 7173
f 7172 7328 7329
f 7173 7330 7174
f 7173 7329 7330
f 7174 7331 7175
f 7174 7330 7331
f 7175 7332 7176
f 7175 7331 7332
f 7176 7333 7177
f 7176 7332 7333
f 7177 7334 7178
f 7177 7333 7334
f 7178 7335 7179
f 7178 7334 7335
f 7179 7336 7180
f 7179 7335 7336
f 7180 7337 7181
f 7180 7336 7337
f 7181 7338 7182
f 7181 7337 7338
f 7182 7339 7183
f 7182 7338 7339
f 7183 7340 7184
f 7183 7339 7340
f 7184 7341 7185
f 7184 7340 7341
f 7185 7342 7186
f 7185 7341 7342
f 7342 1893 1827
f 7342 1827 7186
f 1894 7343 7187
f 1894 7187 1829
f 7187 7344 7188
f 7187 7343 7344
f 7188 7345 7189
f 7188 7344 7345
f 7189 7346 7190
f 7189 7345 7346
f 7190 7347 7191
f 7190 7346 7347
f 7191 7348 7192
f 7191 7347 7348
f 7348 1896 1831
f 7348 1831 7192
f 1898 7349 1899
f 7193 1835 1899
f 7349 7193 1899
f 7350 7193 7349
f 7193 7351 7194
f 7193 7350 7351
f 7194 7352 7195
f 7194 7351 7352
f 7195 7353 7196
f 7195 7352 7353
f 7353 1901 1837
f 7353 1837 7196
f 1903 7354 7197
f 1903 7197 1841
f 7197 7355 7198
f 7197 7354 7355
f 7198 7356 7199
f 7198 7355 7356
f 7199 7357 7200
f 7199 7356 7357
f 7200 7358 7201
f 7200 7357 7358
f 7201 7359 7202
f 7201 7358 7359
f 7202 7360 7203
f 7202 7359 7360
f 7203 7361 7204
f 7203 7360 7361
f 7204 7362 7205
f 7204 7361 7362
f 7205 7363 7206
f 7205 7362 7363
f 7206 7364 7207
f 7206 7363 7364
f 7207 7365 7208
f 7207 7364 7365
f 7208 7366 7209
f 7208 7365 7366
f 7209 7367 7210
f 7209 7366 7367
f 7210 7368 7211
f 7210 7367 7368
f 7211 7369 7212
f 7211 7368 7369
f 7212 7370 7213
f 7212 7369 7370
f 7213 7371 7214
f 7213 7370 7371
f 7214 7372 7215
f 7214 7371 7372
f 7215 7373 7216
f 7215 7372 7373
f 7216 7374 7217
f 7216 7373 7374
f 7217 7375 7218
f 7217 7374 7375
f 7218 7376 7219
f 7218 7375 7376
f 7219 7377 7220
f 7219 7376 7377
f 7220 7378 7221
f 7220 7377 7378
f 7221 7379 7222
f 7221 7378 7379
f 7222 7380 7223
f 7222 7379 7380
f 7381 1904 1843
f 7223 7381 1843
f 7380 7381 7223
f 7381 1906 1904
f 1908 7382 7224
f 1908 7224 1848
f 7224 7383 7225
f 7224 7382 7383
f 7225 7384 7226
f 7225 7383 7384
f 7226 7385 7227
f 7226 7384 7385
f 7227 7386 7228
f 7227 7385 7386
f 7228 7387 7229
f 7228 7386 7387
f 7387 1910 1850
f 7387 1850 7229
f 1912 7388 7230
f 1912 7230 1852
f 7230 7389 7231
f 7230 7388 7389
f 7231 7390 7232
f 7231 7389 7390
f 7232 7391 7233
f 7232 7390 7391
f 7233 7392 7234
f 7233 7391 7392
f 7392 1914 1854
f 7392 1854 7234
f 1916 7393 7235
f 1916 7235 1856
f 7235 7394 7236
f 7235 7393 7394
f 7236 7395 7237
f 7236 7394 7395
f 7237 7396 7238
f 7237 7395 7396
f 7238 7397 7239
f 7238 7396 7397
f 7239 7398 7240
f 7239 7397 7398
f 7398 1918 1858
f 7398 1858 7240
f 1920 7399 7241
f 1920 7241 1862
f 7241 7400 7242
f 7241 7399 7400
f 7242 7401 7243
f 7242 7400 7401
f 7243 7402 7244
f 7243 7401 7402
f 7244 7403 7245
f 7244 7402 7403
f 7245 7404 7246
f 7245 7403 7404
f 7246 7405 7247
f 7246 7404 7405
f 7247 7406 7248
f 7247 7405 7406
f 7248 7407 7249
f 7248 7406 7407
f 7249 7408 7251
f 7249 7407 7408
f 7251 7409 7253
f 7251 7408 7409
f 7253 7410 7254
f 7253 7409 7410
f 7254 7411 7255
f 7254 7410 7411
f 7255 7412 7256
f 7255 7411 7412
f 7256 7413 7257
f 7256 7412 7413
f 7257 7414 7258
f 7257 7413 7414
f 7258 7415 7259
f 7258 7414 7415
f 7259 7416 7260
f 7259 7415 7416
f 7260 7417 7261
f 7260 7416 7417
f 7261 7418 7262
f 7261 7417 7418
f 7418 1922 1864
f 7418 1864 7262
f 1924 7419 7263
f 1924 7263 1868
f 7263 7420 7264
f 7263 7419 7420
f 7264 7421 7265
f 7264 7420 7421
f 7265 7422 7266
f 7265 7421 7422
f 7266 7423 7267
f 7266 7422 7423
f 7267 7424 7268
f 7267 7423 7424
f 7424 1926 1870
f 7424 1870 7268
f 1928 7269 1872
f 7269 1928 1930
f 7425 7269 1930
f 7270 7269 7425
f 7270 7426 7271
f 7270 7425 7426
f 7271 7427 7272
f 7271 7426 7427
f 7272 7428 7273
f 7272 7427 7428
f 7428 1932 1874
f 7428 1874 7273
f 1934 7429 7274
f 1934 7274 1876
f 7274 7430 7275
f 7274 7429 7430
f 7275 7431 7276
f 7275 7430 7431
f 7276 7432 7277
f 7276 7431 7432
f 7277 7433 7278
f 7277 7432 7433
f 7278 7434 7279
f 7278 7433 7434
f 7434 1936 1878
f 7434 1878 7279
f 1938 7435 7280
f 1938 7280 1882
f 7280 7436 7281
f 7280 7435 7436
f 7281 7437 7282
f 7281 7436 7437
f 7282 7438 7283
f 7282 7437 7438
f 7283 7439 7284
f 7283 7438 7439
f 7284 7440 7285
f 7284 7439 7440
f 7285 7441 7286
f 7285 7440 7441
f 7286 7442 7287
f 7286 7441 7442
f 7287 7443 7288
f 7287 7442 7443
f 7289 7288 7444
f 7288 7445 7444
f 7288 7443 7445
f 7447 7446 7445
f 7445 7446 7444
f 7446 7447 7291
f 7447 7290 7291
f 7447 7448 7290
f 7290 7449 7292
f 7290 7448 7449
f 7292 7450 7293
f 7292 7449 7450
f 7293 7451 7294
f 7293 7450 7451
f 7294 7452 7295
f 7294 7451 7452
f 7295 7453 7296
f 7295 7452 7453
f 7296 7454 7297
f 7296 7453 7454
f 7297 7455 7298
f 7297 7454 7455
f 7298 7456 7299
f 7298 7455 7456
f 7456 1940 1941
f 7300 7456 1941
f 7299 7456 7300
f 7300 1941 1942
f 7300 1942 7301
f 7301 1942 1944
f 7457 7301 1944
f 7302 7301 7457
f 7302 7458 7303
f 7302 7457 7458
f 7303 7459 7304
f 7303 7458 7459
f 7304 7460 7305
f 7304 7459 7460
f 7305 7461 7306
f 7305 7460 7461
f 7306 7462 7307
f 7306 7461 7462
f 7462 1946 1884
f 7462 1884 7307
f 1948 7463 7308
f 1948 7308 1887
f 7308 7464 7309
f 7308 7463 7464
f 7309 7465 7310
f 7309 7464 7465
f 7312 7466 7311
f 7312 7467 7466
f 7311 7468 7313
f 7311 7466 7468
f 7469 1949 1889
f 7313 7469 1889
f 7468 7469 7313
f 7470 1950 1949
f 7470 1949 7469
f 7314 1891 1950
f 7470 7314 1950
f 7471 7314 7470
f 7314 7472 7315
f 7314 7471 7472
f 7315 7473 7316
f 7315 7472 7473
f 7316 7474 7317
f 7316 7473 7474
f 7317 7475 7318
f 7317 7474 7475
f 7318 7476 7319
f 7318 7475 7476
f 7319 7477 7320
f 7319 7476 7477
f 7320 7478 7321
f 7320 7477 7478
f 7321 7479 7322
f 7321 7478 7479
f 7322 7480 7323
f 7322 7479 7480
f 7323 7481 7324
f 7323 7480 7481
f 7324 7482 7325
f 7324 7481 7482
f 7325 7483 7326
f 7325 7482 7483
f 7326 7484 7327
f 7326 7483 7484
f 7327 7485 7328
f 7327 7484 7485
f 7328 7486 7329
f 7328 7485 7486
f 7329 7487 7330
f 7329 7486 7487
f 7330 7488 7331
f 7330 7487 7488
f 7331 7489 7332
f 7331 7488 7489
f 7332 7490 7333
f 7332 7489 7490
f 7333 7491 7334
f 7333 7490 7491
f 7334 7492 7335
f 7334 7491 7492
f 7335 7493 7336
f 7335 7492 7493
f 7495 7337 7494
f 7337 7493 7494
f 7337 7336 7493
f 7497 7496 7495
f 7496 7337 7495
f 7496 7338 7337
f 7338 7498 7339
f 7338 7496 7498
f 7339 7499 7340
f 7339 7498 7499
f 7340 7500 7341
f 7340 7499 7500
f 7341 7501 7342
f 7341 7500 7501
f 7502 1951 1893
f 7342 7502 1893
f 7501 7502 7342
f 7343 1894 1951
f 7502 7343 1951
f 7503 7343 7502
f 7343 7504 7344
f 7343 7503 7504
f 7344 7505 7345
f 7344 7504 7505
f 7345 7506 7346
f 7345 7505 7506
f 7346 7507 7347
f 7346 7506 7507
f 7347 7508 7348
f 7347 7507 7508
f 7509 1952 1896
f 7348 7509 1896
f 7508 7509 7348
f 7510 1953 1952
f 7510 1952 7509
f 7349 1898 1953
f 7510 7349 1953
f 7511 7349 7510
f 7349 7512 7350
f 7349 7511 7512
f 7350 7513 7351
f 7350 7512 7513
f 7351 7514 7352
f 7351 7513 7514
f 7352 7515 7353
f 7352 7514 7515
f 7516 1954 1901
f 7353 7516 1901
f 7515 7516 7353
f 7517 1955 1954
f 7517 1954 7516
f 7354 1903 1955
f 7517 7354 1955
f 7518 7354 7517
f 7354 7519 7355
f 7354 7518 7519
f 7355 7520 7356
f 7355 7519 7520
f 7356 7521 7357
f 7356 7520 7521
f 7357 7522 7358
f 7357 7521 7522
f 7358 7523 7359
f 7358 7522 7523
f 7359 7524 7360
f 7359 7523 7524
f 7360 7525 7361
f 7360 7524 7525
f 7361 7526 7362
f 7361 7525 7526
f 7362 7527 7363
f 7362 7526 7527
f 7363 7528 7364
f 7363 7527 7528
f 7364 7529 7365
f 7364 7528 7529
f 7365 7530 7366
f 7365 7529 7530
f 7366 7531 7367
f 7366 7530 7531
f 7367 7532 7368
f 7367 7531 7532
f 7368 7533 7369
f 7368 7532 7533
f 7369 7534 7370
f 7369 7533 7534
f 7370 7535 7371
f 7370 7534 7535
f 7371 7536 7372
f 7371 7535 7536
f 7372 7537 7373
f 7372 7536 7537
f 7373 7538 7374
f 7373 7537 7538
f 7374 7539 7375
f 7374 7538 7539
f 7375 7540 7376
f 7375 7539 7540
f 7376 7541 7377
f 7376 7540 7541
f 7377 7542 7378
f 7377 7541 7542
f 7378 7543 7379
f 7378 7542 7543
f 7379 7544 7380
f 7379 7543 7544
f 7380 7545 7381
f 7380 7544 7545
f 7546 1956 1906
f 7381 7546 1906
f 7545 7546 7381
f 7547 1957 1956
f 7547 1956 7546
f 7382 1908 1957
f 7547 7382 1957
f 7548 7382 7547
f 7382 7549 7383
f 7382 7548 7549
f 7383 7550 7384
f 7383 7549 7550
f 7384 7551 7385
f 7384 7550 7551
f 7385 7552 7386
f 7385 7551 7552
f 7386 7553 7387
f 7386 7552 7553
f 7554 1958 1910
f 7387 7554 1910
f 7553 7554 7387
f 7554 1960 1958
f 1961 7555 7388
f 1961 7388 1912
f 7388 7556 7389
f 7388 7555 7556
f 7389 7557 7390
f 7389 7556 7557
f 7390 7558 7391
f 7390 7557 7558
f 7391 7559 7392
f 7391 7558 7559
f 7560 1962 1914
f 7392 7560 1914
f 7559 7560 7392
f 7561 1963 1962
f 7561 1962 7560
f 7393 1916 1963
f 7561 7393 1963
f 7562 7393 7561
f 7393 7563 7394
f 7393 7562 7563
f 7394 7564 7395
f 7394 7563 7564
f 7395 7565 7396
f 7395 7564 7565
f 7396 7566 7397
f 7396 7565 7566
f 7397 7567 7398
f 7397 7566 7567
f 7568 1964 1918
f 7398 7568 1918
f 7567 7568 7398
f 7569 1965 1964
f 7569 1964 7568
f 7399 1920 1965
f 7569 7399 1965
f 7570 7399 7569
f 7399 7571 7400
f 7399 7570 7571
f 7400 7572 7401
f 7400 7571 7572
f 7401 7573 7402
f 7401 7572 7573
f 7575 7403 7574
f 7403 7573 7574
f 7403 7402 7573
f 7577 7576 7575
f 7576 7403 7575
f 7576 7404 7403
f 7404 7578 7405
f 7404 7576 7578
f 7405 7579 7406
f 7405 7578 7579
f 7406 7580 7407
f 7406 7579 7580
f 7582 7408 7581
f 7408 7580 7581
f 7408 7407 7580
f 7408 7582 7409
f 7409 7582 7583
f 7585 7584 7583
f 7584 7409 7583
f 7584 7410 7409
f 7410 7586 7411
f 7410 7584 7586
f 7411 7587 7412
f 7411 7586 7587
f 7412 7588 7413
f 7412 7587 7588
f 7590 7414 7589
f 7414 7588 7589
f 7414 7413 7588
f 7592 7591 7590
f 7591 7414 7590
f 7591 7415 7414
f 7415 7593 7416
f 7415 7591 7593
f 7416 7594 7417
f 7416 7593 7594
f 7417 7595 7418
f 7417 7594 7595
f 7596 1966 1922
f 7418 7596 1922
f 7595 7596 7418
f 7597 1967 1966
f 7597 1966 7596
f 7419 1924 1967
f 7597 7419 1967
f 7598 7419 7597
f 7419 7599 7420
f 7419 7598 7599
f 7420 7600 7421
f 7420 7599 7600
f 7421 7601 7422
f 7421 7600 7601
f 7422 7602 7423
f 7422 7601 7602
f 7423 7603 7424
f 7423 7602 7603
f 7603 1969 1926
f 7603 1926 7424
f 1971 7604 1972
f 7425 1930 1972
f 7604 7425 1972
f 7605 7425 7604
f 7425 7606 7426
f 7425 7605 7606
f 7426 7607 7427
f 7426 7606 7607
f 7427 7608 7428
f 7427 7607 7608
f 7609 1973 1932
f 7428 7609 1932
f 7608 7609 7428
f 7609 1975 1973
f 1976 7610 7429
f 1976 7429 1934
f 7429 7611 7430
f 7429 7610 7611
f 7430 7612 7431
f 7430 7611 7612
f 7431 7613 7432
f 7431 7612 7613
f 7432 7614 7433
f 7432 7613 7614
f 7433 7615 7434
f 7433 7614 7615
f 7615 1978 1936
f 7615 1936 7434
f 1979 7616 1980
f 7435 1938 1980
f 7616 7435 1980
f 7617 7435 7616
f 7435 7618 7436
f 7435 7617 7618
f 7436 7619 7437
f 7436 7618 7619
f 7437 7620 7438
f 7437 7619 7620
f 7622 7439 7621
f 7439 7620 7621
f 7439 7438 7620
f 7624 7623 7622
f 7623 7439 7622
f 7623 7440 7439
f 7440 7625 7441
f 7440 7623 7625
f 7441 7626 7442
f 7441 7625 7626
f 7442 7627 7443
f 7442 7626 7627
f 7629 7445 7628
f 7445 7627 7628
f 7445 7443 7627
f 7445 7629 7447
f 7447 7629 7630
f 7632 7631 7630
f 7631 7447 7630
f 7631 7448 7447
f 7448 7633 7449
f 7448 7631 7633
f 7449 7634 7450
f 7449 7633 7634
f 7450 7635 7451
f 7450 7634 7635
f 7451 7636 7452
f 7451 7635 7636
f 7452 7637 7453
f 7452 7636 7637
f 7453 7638 7454
f 7453 7637 7638
f 7454 7639 7455
f 7454 7638 7639
f 7455 7640 7456
f 7455 7639 7640
f 7641 1981 1940
f 7456 7641 1940
f 7640 7641 7456
f 7642 1982 1981
f 7642 1981 7641
f 7457 1944 1982
f 7642 7457 1982
f 7643 7457 7642
f 7457 7644 7458
f 7457 7643 7644
f 7458 7645 7459
f 7458 7644 7645
f 7459 7646 7460
f 7459 7645 7646
f 7460 7647 7461
f 7460 7646 7647
f 7461 7648 7462
f 7461 7647 7648
f 7649 1983 1946
f 7462 7649 1946
f 7648 7649 7462
f 7650 1984 1983
f 7650 1983 7649
f 7463 1948 1984
f 7650 7463 1984
f 7651 7463 7650
f 7463 7652 7464
f 7463 7651 7652
f 7464 7653 7465
f 7464 7652 7653
f 7467 7654 7466
f 7467 7655 7654
f 7466 7656 7468
f 7466 7654 7656
f 7468 7657 7469
f 7468 7656 7657
f 7469 7658 7470
f 7469 7657 7658
f 7470 7659 7471
f 7470 7658 7659
f 7661 7472 7660
f 7472 7659 7660
f 7472 7471 7659
f 7663 7662 7661
f 7662 7472 7661
f 7662 7473 7472
f 7473 7664 7474
f 7473 7662 7664
f 7666 7475 7665
f 7475 7664 7665
f 7475 7474 7664
f 7668 7667 7666
f 7667 7475 7666
f 7667 7476 7475
f 7476 7669 7477
f 7476 7667 7669
f 7671 7478 7670
f 7478 7669 7670
f 7478 7477 7669
f 7478 7671 7479
f 7479 7671 7672
f 7479 7672 7480
f 7480 7672 7673
f 7675 7674 7673
f 7674 7480 7673
f 7674 7481 7480
f 7677 7482 7676
f 7482 7674 7676
f 7482 7481 7674
f 7482 7677 7483
f 7483 7677 7678
f 7483 7678 7484
f 7484 7678 7679
f 7681 7680 7679
f 7680 7484 7679
f 7680 7485 7484
f 7485 7682 7486
f 7485 7680 7682
f 7486 7683 7487
f 7486 7682 7683
f 7487 7684 7488
f 7487 7683 7684
f 7686 7489 7685
f 7489 7684 7685
f 7489 7488 7684
f 7688 7687 7686
f 7687 7489 7686
f 7687 7490 7489
f 7490 7689 7491
f 7490 7687 7689
f 7491 7690 7492
f 7491 7689 7690
f 7692 7493 7691
f 7493 7690 7691
f 7493 7492 7690
f 7493 7692 7494
f 7497 7693 7496
f 7695 7694 7693
f 7694 7496 7693
f 7694 7498 7496
f 7498 7696 7499
f 7498 7694 7696
f 7499 7697 7500
f 7499 7696 7697
f 7500 7698 7501
f 7500 7697 7698
f 7501 7699 7502
f 7501 7698 7699
f 7502 7700 7503
f 7502 7699 7700
f 7503 7701 7504
f 7503 7700 7701
f 7504 7702 7505
f 7504 7701 7702
f 7505 7703 7506
f 7505 7702 7703
f 7506 7704 7507
f 7506 7703 7704
f 7507 7705 7508
f 7507 7704 7705
f 7508 7706 7509
f 7508 7705 7706
f 7509 7707 7510
f 7509 7706 7707
f 7510 7708 7511
f 7510 7707 7708
f 7511 7709 7512
f 7511 7708 7709
f 7512 7710 7513
f 7512 7709 7710
f 7513 7711 7514
f 7513 7710 7711
f 7514 7712 7515
f 7514 7711 7712
f 7515 7713 7516
f 7515 7712 7713
f 7516 7714 7517
f 7516 7713 7714
f 7517 7715 7518
f 7517 7714 7715
f 7518 7716 7519
f 7518 7715 7716
f 7519 7717 7520
f 7519 7716 7717
f 7520 7718 7521
f 7520 7717 7718
f 7521 7719 7522
f 7521 7718 7719
f 7522 7720 7523
f 7522 7719 7720
f 7523 7721 7524
f 7523 7720 7721
f 7524 7722 7525
f 7524 7721 7722
f 7525 7723 7526
f 7525 7722 7723
f 7526 7724 7527
f 7526 7723 7724
f 7527 7725 7528
f 7527 7724 7725
f 7528 7726 7529
f 7528 7725 7726
f 7728 7530 7727
f 7530 7726 7727
f 7530 7529 7726
f 7530 7728 7531
f 7531 7728 7729
f 7731 7730 7729
f 7730 7531 7729
f 7730 7532 7531
f 7532 7732 7533
f 7532 7730 7732
f 7533 7733 7534
f 7533 7732 7733
f 7735 7535 7734
f 7535 7733 7734
f 7535 7534 7733
f 7737 7736 7735
f 7736 7535 7735
f 7736 7536 7535
f 7536 7738 7537
f 7536 7736 7738
f 7537 7739 7538
f 7537 7738 7739
f 7538 7740 7539
f 7538 7739 7740
f 7539 7741 7540
f 7539 7740 7741
f 7540 7742 7541
f 7540 7741 7742
f 7541 7743 7542
f 7541 7742 7743
f 7542 7744 7543
f 7542 7743 7744
f 7543 7745 7544
f 7543 7744 7745
f 7544 7746 7545
f 7544 7745 7746
f 7545 7747 7546
f 7545 7746 7747
f 7546 7748 7547
f 7546 7747 7748
f 7547 7749 7548
f 7547 7748 7749
f 7751 7549 7750
f 7549 7749 7750
f 7549 7548 7749
f 7549 7751 7550
f 7550 7751 7752
f 7754 7753 7752
f 7753 7550 7752
f 7753 7551 7550
f 7551 7755 7552
f 7551 7753 7755
f 7552 7756 7553
f 7552 7755 7756
f 7553 7757 7554
f 7553 7756 7757
f 7758 1985 1960
f 7554 7758 1960
f 7757 7758 7554
f 7555 1961 1985
f 7758 7555 1985
f 7759 7555 7758
f 7555 7760 7556
f 7555 7759 7760
f 7556 7761 7557
f 7556 7760 7761
f 7557 7762 7558
f 7557 7761 7762
f 7558 7763 7559
f 7558 7762 7763
f 7559 7764 7560
f 7559 7763 7764
f 7560 7765 7561
f 7560 7764 7765
f 7561 7766 7562
f 7561 7765 7766
f 7768 7563 7767
f 7563 7766 7767
f 7563 7562 7766
f 7563 7768 7564
f 7564 7768 7769
f 7564 7769 7565
f 7565 7769 7770
f 7565 7770 7566
f 7566 7770 7771
f 7773 7772 7771
f 7772 7566 7771
f 7772 7567 7566
f 7567 7774 7568
f 7567 7772 7774
f 7568 7775 7569
f 7568 7774 7775
f 7569 7776 7570
f 7569 7775 7776
f 7570 7777 7571
f 7570 7776 7777
f 7571 7778 7572
f 7571 7777 7778
f 7572 7779 7573
f 7572 7778 7779
f 7574 7573 7780
f 7780 7573 7779
f 7577 7781 7576
f 7783 7782 7781
f 7782 7576 7781
f 7782 7578 7576
f 7578 7784 7579
f 7578 7782 7784
f 7786 7580 7785
f 7580 7784 7785
f 7580 7579 7784
f 7580 7786 7581
f 7585 7787 7584
f 7789 7788 7787
f 7788 7584 7787
f 7788 7586 7584
f 7586 7790 7587
f 7586 7788 7790
f 7792 7588 7791
f 7588 7790 7791
f 7588 7587 7790
f 7588 7792 7589
f 7592 7793 7591
f 7795 7794 7793
f 7794 7591 7793
f 7794 7593 7591
f 7593 7796 7594
f 7593 7794 7796
f 7594 7797 7595
f 7594 7796 7797
f 7595 7798 7596
f 7595 7797 7798
f 7596 7799 7597
f 7596 7798 7799
f 7597 7800 7598
f 7597 7799 7800
f 7802 7599 7801
f 7599 7800 7801
f 7599 7598 7800
f 7599 7802 7600
f 7600 7802 7803
f 7805 7804 7803
f 7804 7600 7803
f 7804 7601 7600
f 7601 7806 7602
f 7601 7804 7806
f 7602 7807 7603
f 7602 7806 7807
f 7808 1986 1969
f 7603 7808 1969
f 7807 7808 7603
f 7809 1987 1986
f 7809 1986 7808
f 7604 1971 1987
f 7809 7604 1987
f 7810 7604 7809
f 7604 7811 7605
f 7604 7810 7811
f 7605 7812 7606
f 7605 7811 7812
f 7606 7813 7607
f 7606 7812 7813
f 7607 7814 7608
f 7607 7813 7814
f 7608 7815 7609
f 7608 7814 7815
f 7816 1988 1975
f 7609 7816 1975
f 7815 7816 7609
f 7610 1976 1988
f 7816 7610 1988
f 7817 7610 7816
f 7819 7611 7818
f 7611 7817 7818
f 7611 7610 7817
f 7611 7819 7612
f 7612 7819 7820
f 7612 7820 7613
f 7613 7820 7821
f 7613 7821 7614
f 7614 7821 7822
f 7824 7823 7822
f 7823 7614 7822
f 7823 7615 7614
f 7825 1989 1978
f 7615 7825 1978
f 7823 7825 7615
f 7616 1979 1989
f 7825 7616 1989
f 7826 7616 7825
f 7616 7827 7617
f 7616 7826 7827
f 7617 7828 7618
f 7617 7827 7828
f 7618 7829 7619
f 7618 7828 7829
f 7831 7620 7830
f 7620 7829 7830
f 7620 7619 7829
f 7620 7831 7621
f 7624 7832 7623
f 7834 7833 7832
f 7833 7623 7832
f 7833 7625 7623
f 7625 7835 7626
f 7625 7833 7835
f 7837 7627 7836
f 7627 7835 7836
f 7627 7626 7835
f 7627 7837 7628
f 7632 7838 7631
f 7840 7839 7838
f 7839 7631 7838
f 7839 7633 7631
f 7633 7841 7634
f 7633 7839 7841
f 7843 7635 7842
f 7635 7841 7842
f 7635 7634 7841
f 7635 7843 7636
f 7636 7843 7844
f 7846 7845 7844
f 7845 7636 7844
f 7845 7637 7636
f 7637 7847 7638
f 7637 7845 7847
f 7638 7848 7639
f 7638 7847 7848
f 7639 7849 7640
f 7639 7848 7849
f 7640 7850 7641
f 7640 7849 7850
f 7641 7851 7642
f 7641 7850 7851
f 7642 7852 7643
f 7642 7851 7852
f 7854 7644 7853
f 7644 7852 7853
f 7644 7643 7852
f 7644 7854 7645
f 7645 7854 7855
f 7645 7855 7646
f 7646 7855 7856
f 7646 7856 7647
f 7647 7856 7857
f 7859 7858 7857
f 7858 7647 7857
f 7858 7648 7647
f 7648 7860 7649
f 7648 7858 7860
f 7649 7861 7650
f 7649 7860 7861
f 7863 7651 7862
f 7651 7861 7862
f 7651 7650 7861
f 7651 7863 7652
f 7652 7863 7864
f 7866 7865 7864
f 7865 7652 7864
f 7865 7653 7652
f 7655 7867 7654
f 7655 7868 7867
f 7654 7869 7656
f 7654 7867 7869
f 7869 1991 1992
f 7657 7869 1992
f 7656 7869 7657
f 7657 1992 1993
f 7657 1993 7658
f 7658 1993 1995
f 7870 7658 1995
f 7659 7658 7870
f 7660 7659 7871
f 7659 7872 7871
f 7659 7870 7872
f 7871 7872 7663
f 7872 7662 7663
f 7872 7873 7662
f 7662 7874 7664
f 7662 7873 7874
f 7665 7664 7875
f 7664 7876 7875
f 7664 7874 7876
f 7875 7876 7668
f 7876 7667 7668
f 7876 7877 7667
f 7667 7878 7669
f 7667 7877 7878
f 7670 7669 7879
f 7669 7880 7879
f 7669 7878 7880
f 7882 7881 7880
f 7880 7881 7879
f 7884 7883 7882
f 7882 7883 7881
f 7883 7884 7675
f 7884 7674 7675
f 7884 7885 7674
f 7676 7674 7886
f 7674 7887 7886
f 7674 7885 7887
f 7889 7888 7887
f 7887 7888 7886
f 7891 7890 7889
f 7889 7890 7888
f 7890 7891 7681
f 7891 7680 7681
f 7891 7892 7680
f 7680 7893 7682
f 7680 7892 7893
f 7682 7894 7683
f 7682 7893 7894
f 7683 7895 7684
f 7683 7894 7895
f 7685 7684 7896
f 7684 7897 7896
f 7684 7895 7897
f 7896 7897 7688
f 7897 7687 7688
f 7897 7898 7687
f 7687 7899 7689
f 7687 7898 7899
f 7689 7900 7690
f 7689 7899 7900
f 7691 7690 7901
f 7690 7902 7901
f 7690 7900 7902
f 7904 7903 7902
f 7902 7903 7901
f 7906 7905 7904
f 7904 7905 7903
f 7905 7906 7695
f 7906 7694 7695
f 7906 7907 7694
f 7694 7908 7696
f 7694 7907 7908
f 7696 7909 7697
f 7696 7908 7909
f 7697 7910 7698
f 7697 7909 7910
f 7698 7911 7699
f 7698 7910 7911
f 7699 7912 7700
f 7699 7911 7912
f 7700 7913 7701
f 7700 7912 7913
f 7701 7914 7702
f 7701 7913 7914
f 7702 7915 7703
f 7702 7914 7915
f 7703 7916 7704
f 7703 7915 7916
f 7704 7917 7705
f 7704 7916 7917
f 7705 7918 7706
f 7705 7917 7918
f 7918 1997 1998
f 7707 7918 1998
f 7706 7918 7707
f 7707 1998 1999
f 7919 7707 1999
f 7708 7707 7919
f 7708 7920 7709
f 7708 7919 7920
f 7709 7921 7710
f 7709 7920 7921
f 7710 7922 7711
f 7710 7921 7922
f 7711 7923 7712
f 7711 7922 7923
f 7923 2001 2002
f 7713 7923 2002
f 7712 7923 7713
f 7713 2002 2003
f 7713 2003 7714
f 7714 2003 2005
f 7924 7714 2005
f 7715 7714 7924
f 7715 7925 7716
f 7715 7924 7925
f 7716 7926 7717
f 7716 7925 7926
f 7717 7927 7718
f 7717 7926 7927
f 7718 7928 7719
f 7718 7927 7928
f 7719 7929 7720
f 7719 7928 7929
f 7720 7930 7721
f 7720 7929 7930
f 7721 7931 7722
f 7721 7930 7931
f 7722 7932 7723
f 7722 7931 7932
f 7723 7933 7724
f 7723 7932 7933
f 7724 7934 7725
f 7724 7933 7934
f 7725 7935 7726
f 7725 7934 7935
f 7727 7726 7936
f 7726 7937 7936
f 7726 7935 7937
f 7939 7938 7937
f 7937 7938 7936
f 7938 7939 7731
f 7939 7730 7731
f 7939 7940 7730
f 7730 7941 7732
f 7730 7940 7941
f 7732 7942 7733
f 7732 7941 7942
f 7734 7733 7943
f 7733 7944 7943
f 7733 7942 7944
f 7943 7944 7737
f 7944 7736 7737
f 7944 7945 7736
f 7736 7946 7738
f 7736 7945 7946
f 7738 7947 7739
f 7738 7946 7947
f 7739 7948 7740
f 7739 7947 7948
f 7740 7949 7741
f 7740 7948 7949
f 7741 7950 7742
f 7741 7949 7950
f 7742 7951 7743
f 7742 7950 7951
f 7743 7952 7744
f 7743 7951 7952
f 7744 7953 7745
f 7744 7952 7953
f 7745 7954 7746
f 7745 7953 7954
f 7746 7955 7747
f 7746 7954 7955
f 7747 7956 7748
f 7747 7955 7956
f 7748 7957 7749
f 7748 7956 7957
f 7750 7749 7958
f 7749 7959 7958
f 7749 7957 7959
f 7961 7960 7959
f 7959 7960 7958
f 7960 7961 7754
f 7961 7753 7754
f 7961 7962 7753
f 7753 7963 7755
f 7753 7962 7963
f 7755 7964 7756
f 7755 7963 7964
f 7964 2007 2008
f 7757 7964 2008
f 7756 7964 7757
f 7757 2008 2009
f 7757 2009 7758
f 7758 2009 2011
f 7965 7758 2011
f 7759 7758 7965
f 7759 7966 7760
f 7759 7965 7966
f 7760 7967 7761
f 7760 7966 7967
f 7761 7968 7762
f 7761 7967 7968
f 7762 7969 7763
f 7762 7968 7969
f 7763 7970 7764
f 7763 7969 7970
f 7970 2013 2014
f 7765 7970 2014
f 7764 7970 7765
f 7765 2014 2015
f 7971 7765 2015
f 7766 7765 7971
f 7767 7766 7972
f 7766 7973 7972
f 7766 7971 7973
f 7975 7974 7973
f 7973 7974 7972
f 7977 7976 7975
f 7975 7976 7974
f 7979 7978 7977
f 7977 7978 7976
f 7978 7979 7773
f 7979 7772 7773
f 7979 7980 7772
f 7980 2017 2018
f 7774 7980 2018
f 7772 7980 7774
f 7774 2018 2019
f 7981 7774 2019
f 7775 7774 7981
f 7775 7982 7776
f 7775 7981 7982
f 7776 7983 7777
f 7776 7982 7983
f 7777 7984 7778
f 7777 7983 7984
f 7778 7985 7779
f 7778 7984 7985
f 7780 7779 7986
f 7779 7987 7986
f 7779 7985 7987
f 7989 7988 7987
f 7987 7988 7986
f 7988 7989 7783
f 7989 7782 7783
f 7989 7990 7782
f 7782 7991 7784
f 7782 7990 7991
f 7785 7784 7992
f 7784 7993 7992
f 7784 7991 7993
f 7993 7994 7992
f 7997 7996 7995
f 7997 7995 7789
f 7995 7788 7789
f 7995 7998 7788
f 7788 7999 7790
f 7788 7998 7999
f 7791 7790 8000
f 7790 8001 8000
f 7790 7999 8001
f 8003 8002 8001
f 8001 8002 8000
f 8005 8004 8003
f 8003 8004 8002
f 8004 8005 7795
f 8005 7794 7795
f 8005 8006 7794
f 7794 8007 7796
f 7794 8006 8007
f 7796 8008 7797
f 7796 8007 8008
f 7797 8009 7798
f 7797 8008 8009
f 8009 2021 2022
f 7799 8009 2022
f 7798 8009 7799
f 7799 2022 2023
f 8010 7799 2023
f 7800 7799 8010
f 7801 7800 8011
f 7800 8012 8011
f 7800 8010 8012
f 8014 8013 8012
f 8012 8013 8011
f 8013 8014 7805
f 8014 7804 7805
f 8014 8015 7804
f 7804 8016 7806
f 7804 8015 8016
f 7806 8017 7807
f 7806 8016 8017
f 8017 2025 2026
f 7808 8017 2026
f 7807 8017 7808
f 7808 2026 2027
f 7808 2027 7809
f 7809 2027 2029
f 8018 7809 2029
f 7810 7809 8018
f 7810 8019 7811
f 7810 8018 8019
f 7811 8020 7812
f 7811 8019 8020
f 7812 8021 7813
f 7812 8020 8021
f 7813 8022 7814
f 7813 8021 8022
f 8022 2031 2032
f 7815 8022 2032
f 7814 8022 7815
f 7815 2032 2033
f 7815 2033 7816
f 7816 2033 2035
f 8023 7816 2035
f 7817 7816 8023
f 7818 7817 8024
f 7817 8025 8024
f 7817 8023 8025
f 8027 8026 8025
f 8025 8026 8024
f 8029 8028 8027
f 8027 8028 8026
f 8031 8030 8029
f 8029 8030 8028
f 8030 8031 7824
f 8031 7823 7824
f 8031 8032 7823
f 8032 2037 2038
f 7825 8032 2038
f 7823 8032 7825
f 7825 2038 2039
f 7825 2039 7826
f 7826 2039 2041
f 8033 7826 2041
f 7827 7826 8033
f 7827 8034 7828
f 7827 8033 8034
f 7828 8035 7829
f 7828 8034 8035
f 7830 7829 8036
f 7829 8037 8036
f 7829 8035 8037
f 8039 8038 8037
f 8037 8038 8036
f 8041 8040 8039
f 8039 8040 8038
f 8040 8041 7834
f 8041 7833 7834
f 8041 8042 7833
f 7833 8043 7835
f 7833 8042 8043
f 7836 7835 8044
f 7835 8045 8044
f 7835 8043 8045
f 8045 8046 8044
f 8049 8048 8047
f 8049 8047 7840
f 8047 7839 7840
f 8047 8050 7839
f 7839 8051 7841
f 7839 8050 8051
f 7842 7841 8052
f 7841 8053 8052
f 7841 8051 8053
f 8055 8054 8053
f 8053 8054 8052
f 8054 8055 7846
f 8055 7845 7846
f 8055 8056 7845
f 7845 8057 7847
f 7845 8056 8057
f 7847 8058 7848
f 7847 8057 8058
f 7848 8059 7849
f 7848 8058 8059
f 7849 8060 7850
f 7849 8059 8060
f 7850 8061 7851
f 7850 8060 8061
f 7851 8062 7852
f 7851 8061 8062
f 7853 7852 8063
f 7852 8064 8063
f 7852 8062 8064
f 8066 8065 8064
f 8064 8065 8063
f 8068 8067 8066
f 8066 8067 8065
f 8070 8069 8068
f 8068 8069 8067
f 8069 8070 7859
f 8070 7858 7859
f 8070 8071 7858
f 8071 2043 2044
f 7860 8071 2044
f 7858 8071 7860
f 7860 2044 2045
f 8072 7860 2045
f 7861 7860 8072
f 7862 7861 8073
f 7861 8074 8073
f 7861 8072 8074
f 8076 8075 8074
f 8074 8075 8073
f 8075 8076 7866
f 8076 7865 7866
f 8076 8077 7865
f 7868 2049 2047
f 7868 2047 7867
f 7867 2047 2050
f 7867 2050 7869
f 7869 2050 1991
f 2054 7870 1995
f 7870 2054 2056
f 7870 2056 7872
f 7872 2056 2058
f 7872 2058 7873
f 7873 2058 2060
f 7873 2060 7874
f 7874 2060 2062
f 7874 2062 7876
f 7876 2062 2064
f 7876 2064 7877
f 7877 2064 2066
f 7877 2066 7878
f 7878 2066 2068
f 7878 2068 7880
f 7880 2068 2070
f 8078 7880 2070
f 7882 7880 8078
f 8078 2072 2073
f 7884 8078 2073
f 7882 8078 7884
f 7884 2073 2074
f 7884 2074 7885
f 7885 2074 2076
f 7885 2076 7887
f 7887 2076 2078
f 8079 7887 2078
f 7889 7887 8079
f 8079 2080 2081
f 7891 8079 2081
f 7889 8079 7891
f 7891 2081 2082
f 7891 2082 7892
f 7892 2082 2084
f 7892 2084 7893
f 7893 2084 2086
f 7893 2086 7894
f 7894 2086 2088
f 7894 2088 7895
f 7895 2088 2090
f 7895 2090 7897
f 7897 2090 2092
f 7897 2092 7898
f 7898 2092 2094
f 7898 2094 7899
f 7899 2094 2096
f 7899 2096 7900
f 7900 2096 2098
f 8080 7900 2098
f 7902 7900 8080
f 7902 8081 7904
f 7902 8080 8081
f 8081 2100 2101
f 7906 8081 2101
f 7904 8081 7906
f 7906 2101 2102
f 7906 2102 7907
f 7907 2102 2104
f 7907 2104 7908
f 7908 2104 2106
f 7908 2106 7909
f 7909 2106 2108
f 7909 2108 7910
f 7910 2108 2110
f 7910 2110 7911
f 7911 2110 2112
f 7911 2112 7912
f 7912 2112 2114
f 7912 2114 7913
f 7913 2114 2116
f 7913 2116 7914
f 7914 2116 2118
f 7914 2118 7915
f 7915 2118 2120
f 7915 2120 7916
f 7916 2120 2122
f 7916 2122 7917
f 7917 2122 2124
f 7917 2124 7918
f 7918 2124 1997
f 2127 7919 1999
f 7919 2127 2129
f 7919 2129 7920
f 7920 2129 2131
f 7920 2131 7921
f 7921 2131 2133
f 7921 2133 7922
f 7922 2133 2135
f 7922 2135 7923
f 7923 2135 2001
f 2139 7924 2005
f 7924 2139 2141
f 7924 2141 7925
f 7925 2141 2143
f 7925 2143 7926
f 7926 2143 2145
f 7926 2145 7927
f 7927 2145 2147
f 7927 2147 7928
f 7928 2147 2149
f 7928 2149 7929
f 7929 2149 2151
f 7929 2151 7930
f 7930 2151 2153
f 7930 2153 7931
f 7931 2153 2155
f 7931 2155 7932
f 7932 2155 2157
f 7932 2157 7933
f 7933 2157 2159
f 7933 2159 7934
f 7934 2159 2161
f 7934 2161 7935
f 7935 2161 2163
f 7935 2163 7937
f 7937 2163 2165
f 7937 2165 7939
f 7939 2165 2167
f 7939 2167 7940
f 7940 2167 2169
f 7940 2169 7941
f 7941 2169 2171
f 7941 2171 7942
f 7942 2171 2173
f 7942 2173 7944
f 7944 2173 2175
f 7944 2175 7945
f 7945 2175 2177
f 7945 2177 7946
f 7946 2177 2179
f 7946 2179 7947
f 7947 2179 2181
f 7947 2181 7948
f 7948 2181 2183
f 7948 2183 7949
f 7949 2183 2185
f 7949 2185 7950
f 7950 2185 2187
f 7950 2187 7951
f 7951 2187 2189
f 7951 2189 7952
f 7952 2189 2191
f 7952 2191 7953
f 7953 2191 2193
f 7953 2193 7954
f 7954 2193 2195
f 7954 2195 7955
f 7955 2195 2197
f 7955 2197 7956
f 7956 2197 2199
f 7956 2199 7957
f 7957 2199 2201
f 7957 2201 7959
f 7959 2201 2203
f 7959 2203 7961
f 7961 2203 2205
f 7961 2205 7962
f 7962 2205 2207
f 7962 2207 7963
f 7963 2207 2209
f 7963 2209 7964
f 7964 2209 2007
f 2213 7965 2011
f 7965 2213 2215
f 7965 2215 7966
f 7966 2215 2217
f 7966 2217 7967
f 7967 2217 2219
f 7967 2219 7968
f 7968 2219 2221
f 7968 2221 7969
f 7969 2221 2223
f 7969 2223 7970
f 7970 2223 2013
f 2226 7971 2015
f 7971 2226 2228
f 8082 7971 2228
f 7973 7971 8082
f 8082 2230 2231
f 7975 8082 2231
f 7973 8082 7975
f 7975 2231 2232
f 8083 7975 2232
f 7977 7975 8083
f 7977 8084 7979
f 7977 8083 8084
f 8084 2234 2235
f 7980 8084 2235
f 7979 8084 7980
f 7980 2235 2017
f 2237 7981 2019
f 7981 2237 2239
f 7981 2239 7982
f 7982 2239 2241
f 7982 2241 7983
f 7983 2241 2243
f 7983 2243 7984
f 7984 2243 2245
f 7984 2245 7985
f 7985 2245 2247
f 8085 7985 2247
f 7987 7985 8085
f 7987 8086 7989
f 7987 8085 8086
f 8086 2249 2250
f 7990 8086 2250
f 7989 8086 7990
f 7990 2250 2251
f 7990 2251 7991
f 7991 2251 2253
f 8087 7991 2253
f 7993 7991 8087
f 7994 7993 8088
f 7993 8089 8088
f 7993 8087 8089
f 8091 8090 8089
f 8089 8090 8088
f 8090 8091 7996
f 8091 7995 7996
f 8091 8092 7995
f 8092 2255 2256
f 7998 8092 2256
f 7995 8092 7998
f 7998 2256 2257
f 7998 2257 7999
f 7999 2257 2259
f 7999 2259 8001
f 8001 2259 2261
f 8093 8001 2261
f 8003 8001 8093
f 8003 8094 8005
f 8003 8093 8094
f 8094 2263 2264
f 8006 8094 2264
f 8005 8094 8006
f 8006 2264 2265
f 8006 2265 8007
f 8007 2265 2267
f 8007 2267 8008
f 8008 2267 2269
f 8008 2269 8009
f 8009 2269 2021
f 2272 8010 2023
f 8010 2272 2274
f 8095 8010 2274
f 8012 8010 8095
f 8012 8096 8014
f 8012 8095 8096
f 8096 2276 2277
f 8015 8096 2277
f 8014 8096 8015
f 8015 2277 2278
f 8015 2278 8016
f 8016 2278 2280
f 8016 2280 8017
f 8017 2280 2025
f 2284 8018 2029
f 8018 2284 2286
f 8018 2286 8019
f 8019 2286 2288
f 8019 2288 8020
f 8020 2288 2290
f 8020 2290 8021
f 8021 2290 2292
f 8021 2292 8022
f 8022 2292 2031
f 2296 8023 2035
f 8023 2296 2298
f 8023 2298 8025
f 8025 2298 2300
f 8025 2300 8027
f 8027 2300 2302
f 8097 8027 2302
f 8029 8027 8097
f 8029 8098 8031
f 8029 8097 8098
f 8098 2304 2305
f 8032 8098 2305
f 8031 8098 8032
f 8032 2305 2037
f 2308 8033 2041
f 8033 2308 2310
f 8033 2310 8034
f 8034 2310 2312
f 8034 2312 8035
f 8035 2312 2314
f 8099 8035 2314
f 8037 8035 8099
f 8037 8100 8039
f 8037 8099 8100
f 8039 8101 8041
f 8039 8100 8101
f 8101 2316 2317
f 8042 8101 2317
f 8041 8101 8042
f 8042 2317 2318
f 8042 2318 8043
f 8043 2318 2320
f 8102 8043 2320
f 8045 8043 8102
f 8046 8045 8103
f 8045 8104 8103
f 8045 8102 8104
f 8106 8105 8104
f 8104 8105 8103
f 8105 8106 8048
f 8106 8047 8048
f 8106 8107 8047
f 8107 2322 2323
f 8050 8107 2323
f 8047 8107 8050
f 8050 2323 2324
f 8050 2324 8051
f 8051 2324 2326
f 8108 8051 2326
f 8053 8051 8108
f 8053 8109 8055
f 8053 8108 8109
f 8109 2328 2329
f 8056 8109 2329
f 8055 8109 8056
f 8056 2329 2330
f 8056 2330 8057
f 8057 2330 2332
f 8057 2332 8058
f 8058 2332 2334
f 8058 2334 8059
f 8059 2334 2336
f 8059 2336 8060
f 8060 2336 2338
f 8060 2338 8061
f 8061 2338 2340
f 8061 2340 8062
f 8062 2340 2342
f 8062 2342 8064
f 8064 2342 2344
f 8064 2344 8066
f 8066 2344 2346
f 8066 2346 8068
f 8068 2346 2348
f 8068 2348 8070
f 8070 2348 2350
f 8070 2350 8071
f 8071 2350 2043
f 2353 8072 2045
f 8072 2353 2355
f 8110 8072 2355
f 8074 8072 8110
f 8110 2357 2358
f 8076 8110 2358
f 8074 8110 8076
f 8076 2358 2359
f 8076 2359 8077
f 8111 2362 2361
f 8111 2361 8112
f 8113 2363 2362
f 8113 2362 8111
f 8113 2365 2363
f 2367 8114 2368
f 8115 2369 2368
f 8115 2368 8114
f 8116 2370 2369
f 8116 2369 8115
f 8117 2371 2370
f 8117 2370 8116
f 8118 2372 2371
f 8118 2371 8117
f 8119 2373 2372
f 8119 2372 8118
f 8120 2374 2373
f 8120 2373 8119
f 8121 2375 2374
f 8121 2374 8120
f 8078 2070 2375
f 8121 8078 2375
f 8122 8078 8121
f 8123 2376 2072
f 8078 8123 2072
f 8122 8123 8078
f 8124 2377 2376
f 8124 2376 8123
f 8125 2378 2377
f 8125 2377 8124
f 8079 2078 2378
f 8125 8079 2378
f 8126 8079 8125
f 8127 2379 2080
f 8079 8127 2080
f 8126 8127 8079
f 8127 2381 2379
f 2382 8128 2383
f 8129 2384 2383
f 8129 2383 8128
f 8130 2385 2384
f 8130 2384 8129
f 8131 2386 2385
f 8131 2385 8130
f 8132 2387 2386
f 8132 2386 8131
f 8132 2389 2387
f 2390 8133 2391
f 8080 2098 2391
f 8133 8080 2391
f 8134 8080 8133
f 8080 8135 8081
f 8080 8134 8135
f 8136 2392 2100
f 8081 8136 2100
f 8135 8136 8081
f 8137 2393 2392
f 8137 2392 8136
f 8137 2395 2393
f 2399 8138 2400
f 8139 2401 2400
f 8139 2400 8138
f 8140 2402 2401
f 8140 2401 8139
f 8141 2403 2402
f 8141 2402 8140
f 8142 2404 2403
f 8142 2403 8141
f 8143 2405 2404
f 8143 2404 8142
f 8143 2407 2405
f 2409 8144 2410
f 8145 2411 2410
f 8145 2410 8144
f 8146 2412 2411
f 8146 2411 8145
f 8147 2413 2412
f 8147 2412 8146
f 8147 2415 2413
f 2418 8148 2419
f 8149 2420 2419
f 8149 2419 8148
f 8150 2421 2420
f 8150 2420 8149
f 8151 2422 2421
f 8151 2421 8150
f 8152 2423 2422
f 8152 2422 8151
f 8153 2424 2423
f 8153 2423 8152
f 8153 2426 2424
f 2428 8154 2429
f 8155 2430 2429
f 8155 2429 8154
f 8156 2431 2430
f 8156 2430 8155
f 8157 2432 2431
f 8157 2431 8156
f 8158 2433 2432
f 8158 2432 8157
f 8159 2434 2433
f 8159 2433 8158
f 8159 2436 2434
f 2438 8160 2439
f 8161 2440 2439
f 8161 2439 8160
f 8162 2441 2440
f 8162 2440 8161
f 8163 2442 2441
f 8163 2441 8162
f 8164 2443 2442
f 8164 2442 8163
f 8164 2445 2443
f 2446 8165 2447
f 8166 2448 2447
f 8166 2447 8165
f 8167 2449 2448
f 8167 2448 8166
f 8168 2450 2449
f 8168 2449 8167
f 8169 2451 2450
f 8169 2450 8168
f 8170 2452 2451
f 8170 2451 8169
f 8171 2453 2452
f 8171 2452 8170
f 8171 2455 2453
f 2456 8172 2457
f 8173 2458 2457
f 8173 2457 8172
f 8174 2459 2458
f 8174 2458 8173
f 8175 2460 2459
f 8175 2459 8174
f 8176 2461 2460
f 8176 2460 8175
f 8177 2462 2461
f 8177 2461 8176
f 8177 2464 2462
f 2466 8178 2467
f 8179 2468 2467
f 8179 2467 8178
f 8180 2469 2468
f 8180 2468 8179
f 8181 2470 2469
f 8181 2469 8180
f 8182 2471 2470
f 8182 2470 8181
f 8182 2473 2471
f 2475 8183 2476
f 8082 2228 2476
f 8183 8082 2476
f 8184 8082 8183
f 8185 2477 2230
f 8082 8185 2230
f 8184 8185 8082
f 8083 2232 2477
f 8185 8083 2477
f 8186 8083 8185
f 8083 8187 8084
f 8083 8186 8187
f 8187 2479 2234
f 8187 2234 8084
f 2482 8188 2483
f 8189 2484 2483
f 8189 2483 8188
f 8190 2485 2484
f 8190 2484 8189
f 8191 2486 2485
f 8191 2485 8190
f 8085 2247 2486
f 8191 8085 2486
f 8192 8085 8191
f 8085 8193 8086
f 8085 8192 8193
f 8194 2487 2249
f 8086 8194 2249
f 8193 8194 8086
f 8195 2488 2487
f 8195 2487 8194
f 8087 2253 2488
f 8195 8087 2488
f 8196 8087 8195
f 8087 8197 8089
f 8087 8196 8197
f 8089 8198 8091
f 8089 8197 8198
f 8091 8199 8092
f 8091 8198 8199
f 8200 2489 2255
f 8092 8200 2255
f 8199 8200 8092
f 8200 2491 2489
f 2492 8201 2493
f 8093 2261 2493
f 8201 8093 2493
f 8202 8093 8201
f 8093 8203 8094
f 8093 8202 8203
f 8204 2494 2263
f 8094 8204 2263
f 8203 8204 8094
f 8205 2495 2494
f 8205 2494 8204
f 8206 2496 2495
f 8206 2495 8205
f 8206 2498 2496
f 2500 8207 2501
f 8095 2274 2501
f 8207 8095 2501
f 8208 8095 8207
f 8095 8209 8096
f 8095 8208 8209
f 8210 2502 2276
f 8096 8210 2276
f 8209 8210 8096
f 8211 2503 2502
f 8211 2502 8210
f 8212 2504 2503
f 8212 2503 8211
f 8212 2506 2504
f 2509 8213 2510
f 8214 2511 2510
f 8214 2510 8213
f 8215 2512 2511
f 8215 2511 8214
f 8216 2513 2512
f 8216 2512 8215
f 8216 2515 2513
f 2517 8217 2518
f 8218 2519 2518
f 8218 2518 8217
f 8219 2520 2519
f 8219 2519 8218
f 8097 2302 2520
f 8219 8097 2520
f 8220 8097 8219
f 8097 8221 8098
f 8097 8220 8221
f 8222 2521 2304
f 8098 8222 2304
f 8221 8222 8098
f 8222 2523 2521
f 2528 8223 8099
f 2528 8099 2314
f 8099 8224 8100
f 8099 8223 8224
f 8100 8225 8101
f 8100 8224 8225
f 8225 2530 2316
f 8225 2316 8101
f 2532 8226 8102
f 2532 8102 2320
f 8102 8227 8104
f 8102 8226 8227
f 8104 8228 8106
f 8104 8227 8228
f 8106 8229 8107
f 8106 8228 8229
f 8229 2534 2322
f 8229 2322 8107
f 2535 8230 2536
f 8108 2326 2536
f 8230 8108 2536
f 8231 8108 8230
f 8108 8232 8109
f 8108 8231 8232
f 8233 2537 2328
f 8109 8233 2328
f 8232 8233 8109
f 8234 2538 2537
f 8234 2537 8233
f 8235 2539 2538
f 8235 2538 8234
f 8236 2540 2539
f 8236 2539 8235
f 8236 2542 2540
f 2545 8237 2546
f 8238 2547 2546
f 8238 2546 8237
f 8239 2548 2547
f 8239 2547 8238
f 8240 2549 2548
f 8240 2548 8239
f 8241 2550 2549
f 8241 2549 8240
f 8241 2552 2550
f 2553 8242 2554
f 8110 2355 2554
f 8242 8110 2554
f 8243 8110 8242
f 8244 2555 2357
f 8110 8244 2357
f 8243 8244 8110
f 8245 2556 2555
f 8245 2555 8244
f 8112 8246 8111
f 8112 8247 8246
f 8111 8248 8113
f 8111 8246 8248
f 8248 2558 2365
f 8248 2365 8113
f 2560 8249 8114
f 2560 8114 2367
f 8114 8250 8115
f 8114 8249 8250
f 8115 8251 8116
f 8115 8250 8251
f 8116 8252 8117
f 8116 8251 8252
f 8117 8253 8118
f 8117 8252 8253
f 8118 8254 8119
f 8118 8253 8254
f 8119 8255 8120
f 8119 8254 8255
f 8120 8256 8121
f 8120 8255 8256
f 8121 8257 8122
f 8121 8256 8257
f 8122 8258 8123
f 8122 8257 8258
f 8123 8259 8124
f 8123 8258 8259
f 8124 8260 8125
f 8124 8259 8260
f 8125 8261 8126
f 8125 8260 8261
f 8126 8262 8127
f 8126 8261 8262
f 8263 2561 2381
f 8127 8263 2381
f 8262 8263 8127
f 8128 2382 2561
f 8263 8128 2561
f 8264 8128 8263
f 8128 8265 8129
f 8128 8264 8265
f 8129 8266 8130
f 8129 8265 8266
f 8130 8267 8131
f 8130 8266 8267
f 8131 8268 8132
f 8131 8267 8268
f 8269 2562 2389
f 8132 8269 2389
f 8268 8269 8132
f 8133 2390 2562
f 8269 8133 2562
f 8270 8133 8269
f 8133 8271 8134
f 8133 8270 8271
f 8134 8272 8135
f 8134 8271 8272
f 8135 8273 8136
f 8135 8272 8273
f 8136 8274 8137
f 8136 8273 8274
f 8275 2563 2395
f 8137 8275 2395
f 8274 8275 8137
f 8276 2564 2563
f 8276 2563 8275
f 8277 2565 2564
f 8277 2564 8276
f 8278 2566 2565
f 8278 2565 8277
f 8138 2399 2566
f 8278 8138 2566
f 8279 8138 8278
f 8138 8280 8139
f 8138 8279 8280
f 8139 8281 8140
f 8139 8280 8281
f 8140 8282 8141
f 8140 8281 8282
f 8141 8283 8142
f 8141 8282 8283
f 8142 8284 8143
f 8142 8283 8284
f 8284 2568 2407
f 8284 2407 8143
f 2570 8285 8144
f 2570 8144 2409
f 8144 8286 8145
f 8144 8285 8286
f 8145 8287 8146
f 8145 8286 8287
f 8146 8288 8147
f 8146 8287 8288
f 8289 2571 2415
f 8147 8289 2415
f 8288 8289 8147
f 8289 2573 2571
f 2575 8290 8148
f 2575 8148 2418
f 8148 8291 8149
f 8148 8290 8291
f 8149 8292 8150
f 8149 8291 8292
f 8150 8293 8151
f 8150 8292 8293
f 8151 8294 8152
f 8151 8293 8294
f 8152 8295 8153
f 8152 8294 8295
f 8296 2576 2426
f 8153 8296 2426
f 8295 8296 8153
f 8297 2577 2576
f 8297 2576 8296
f 8154 2428 2577
f 8297 8154 2577
f 8298 8154 8297
f 8154 8299 8155
f 8154 8298 8299
f 8155 8300 8156
f 8155 8299 8300
f 8156 8301 8157
f 8156 8300 8301
f 8157 8302 8158
f 8157 8301 8302
f 8158 8303 8159
f 8158 8302 8303
f 8304 2578 2436
f 8159 8304 2436
f 8303 8304 8159
f 8305 2579 2578
f 8305 2578 8304
f 8160 2438 2579
f 8305 8160 2579
f 8306 8160 8305
f 8160 8307 8161
f 8160 8306 8307
f 8161 8308 8162
f 8161 8307 8308
f 8162 8309 8163
f 8162 8308 8309
f 8163 8310 8164
f 8163 8309 8310
f 8311 2580 2445
f 8164 8311 2445
f 8310 8311 8164
f 8165 2446 2580
f 8311 8165 2580
f 8312 8165 8311
f 8165 8313 8166
f 8165 8312 8313
f 8166 8314 8167
f 8166 8313 8314
f 8167 8315 8168
f 8167 8314 8315
f 8168 8316 8169
f 8168 8315 8316
f 8169 8317 8170
f 8169 8316 8317
f 8170 8318 8171
f 8170 8317 8318
f 8319 2581 2455
f 8171 8319 2455
f 8318 8319 8171
f 8172 2456 2581
f 8319 8172 2581
f 8320 8172 8319
f 8172 8321 8173
f 8172 8320 8321
f 8173 8322 8174
f 8173 8321 8322
f 8174 8323 8175
f 8174 8322 8323
f 8175 8324 8176
f 8175 8323 8324
f 8176 8325 8177
f 8176 8324 8325
f 8325 2583 2464
f 8325 2464 8177
f 2585 8326 8178
f 2585 8178 2466
f 8178 8327 8179
f 8178 8326 8327
f 8179 8328 8180
f 8179 8327 8328
f 8180 8329 8181
f 8180 8328 8329
f 8181 8330 8182
f 8181 8329 8330
f 8331 2586 2473
f 8182 8331 2473
f 8330 8331 8182
f 8331 2588 2586
f 2589 8332 8183
f 2589 8183 2475
f 8183 8333 8184
f 8183 8332 8333
f 8184 8334 8185
f 8184 8333 8334
f 8185 8335 8186
f 8185 8334 8335
f 8186 8336 8187
f 8186 8335 8336
f 8337 2590 2479
f 8187 8337 2479
f 8336 8337 8187
f 8338 2591 2590
f 8338 2590 8337
f 8339 2592 2591
f 8339 2591 8338
f 8188 2482 2592
f 8339 8188 2592
f 8340 8188 8339
f 8188 8341 8189
f 8188 8340 8341
f 8189 8342 8190
f 8189 8341 8342
f 8190 8343 8191
f 8190 8342 8343
f 8191 8344 8192
f 8191 8343 8344
f 8192 8345 8193
f 8192 8344 8345
f 8193 8346 8194
f 8193 8345 8346
f 8194 8347 8195
f 8194 8346 8347
f 8195 8348 8196
f 8195 8347 8348
f 8350 8197 8349
f 8197 8348 8349
f 8197 8196 8348
f 8197 8350 8198
f 8198 8350 8351
f 8353 8352 8351
f 8352 8198 8351
f 8352 8199 8198
f 8199 8354 8200
f 8199 8352 8354
f 8355 2593 2491
f 8200 8355 2491
f 8354 8355 8200
f 8201 2492 2593
f 8355 8201 2593
f 8356 8201 8355
f 8201 8357 8202
f 8201 8356 8357
f 8202 8358 8203
f 8202 8357 8358
f 8203 8359 8204
f 8203 8358 8359
f 8204 8360 8205
f 8204 8359 8360
f 8205 8361 8206
f 8205 8360 8361
f 8362 2594 2498
f 8206 8362 2498
f 8361 8362 8206
f 8363 2595 2594
f 8363 2594 8362
f 8207 2500 2595
f 8363 8207 2595
f 8364 8207 8363
f 8207 8365 8208
f 8207 8364 8365
f 8208 8366 8209
f 8208 8365 8366
f 8209 8367 8210
f 8209 8366 8367
f 8210 8368 8211
f 8210 8367 8368
f 8211 8369 8212
f 8211 8368 8369
f 8369 2597 2506
f 8369 2506 8212
f 2599 8370 2600
f 8213 2509 2600
f 8370 8213 2600
f 8371 8213 8370
f 8213 8372 8214
f 8213 8371 8372
f 8214 8373 8215
f 8214 8372 8373
f 8215 8374 8216
f 8215 8373 8374
f 8374 2602 2515
f 8374 2515 8216
f 2604 8375 8217
f 2604 8217 2517
f 8217 8376 8218
f 8217 8375 8376
f 8218 8377 8219
f 8218 8376 8377
f 8219 8378 8220
f 8219 8377 8378
f 8220 8379 8221
f 8220 8378 8379
f 8221 8380 8222
f 8221 8379 8380
f 8380 2606 2523
f 8380 2523 8222
f 2608 8381 2609
f 8382 2610 2609
f 8382 2609 8381
f 8383 2611 2610
f 8383 2610 8382
f 8223 2528 2611
f 8383 8223 2611
f 8384 8223 8383
f 8223 8385 8224
f 8223 8384 8385
f 8224 8386 8225
f 8224 8385 8386
f 8387 2612 2530
f 8225 8387 2530
f 8386 8387 8225
f 8388 2613 2612
f 8388 2612 8387
f 8226 2532 2613
f 8388 8226 2613
f 8389 8226 8388
f 8391 8227 8390
f 8227 8389 8390
f 8227 8226 8389
f 8227 8391 8228
f 8228 8391 8392
f 8394 8393 8392
f 8393 8228 8392
f 8393 8229 8228
f 8395 2614 2534
f 8229 8395 2534
f 8393 8395 8229
f 8230 2535 2614
f 8395 8230 2614
f 8396 8230 8395
f 8230 8397 8231
f 8230 8396 8397
f 8231 8398 8232
f 8231 8397 8398
f 8232 8399 8233
f 8232 8398 8399
f 8233 8400 8234
f 8233 8399 8400
f 8234 8401 8235
f 8234 8400 8401
f 8235 8402 8236
f 8235 8401 8402
f 8403 2615 2542
f 8236 8403 2542
f 8402 8403 8236
f 8404 2616 2615
f 8404 2615 8403
f 8405 2617 2616
f 8405 2616 8404
f 8237 2545 2617
f 8405 8237 2617
f 8406 8237 8405
f 8237 8407 8238
f 8237 8406 8407
f 8238 8408 8239
f 8238 8407 8408
f 8239 8409 8240
f 8239 8408 8409
f 8240 8410 8241
f 8240 8409 8410
f 8411 2618 2552
f 8241 8411 2552
f 8410 8411 8241
f 8242 2553 2618
f 8411 8242 2618
f 8412 8242 8411
f 8242 8413 8243
f 8242 8412 8413
f 8243 8414 8244
f 8243 8413 8414
f 8244 8415 8245
f 8244 8414 8415
f 8247 2622 2620
f 8247 2620 8246
f 8246 2620 2623
f 8246 2623 8248
f 8248 2623 2558
f 2627 8249 2560
f 8249 2627 2629
f 8416 8249 2629
f 8250 8249 8416
f 8250 8417 8251
f 8250 8416 8417
f 8251 8418 8252
f 8251 8417 8418
f 8252 8419 8253
f 8252 8418 8419
f 8253 8420 8254
f 8253 8419 8420
f 8420 2631 2632
f 8255 8420 2632
f 8254 8420 8255
f 8255 2632 2633
f 8421 8255 2633
f 8256 8255 8421
f 8256 8422 8257
f 8256 8421 8422
f 8257 8423 8258
f 8257 8422 8423
f 8258 8424 8259
f 8258 8423 8424
f 8259 8425 8260
f 8259 8424 8425
f 8260 8426 8261
f 8260 8425 8426
f 8261 8427 8262
f 8261 8426 8427
f 8262 8428 8263
f 8262 8427 8428
f 8263 8429 8264
f 8263 8428 8429
f 8264 8430 8265
f 8264 8429 8430
f 8265 8431 8266
f 8265 8430 8431
f 8266 8432 8267
f 8266 8431 8432
f 8267 8433 8268
f 8267 8432 8433
f 8268 8434 8269
f 8268 8433 8434
f 8434 2635 2636
f 8270 8434 2636
f 8269 8434 8270
f 8270 2636 2637
f 8435 8270 2637
f 8271 8270 8435
f 8271 8436 8272
f 8271 8435 8436
f 8272 8437 8273
f 8272 8436 8437
f 8273 8438 8274
f 8273 8437 8438
f 8274 8439 8275
f 8274 8438 8439
f 8275 8440 8276
f 8275 8439 8440
f 8440 2639 2640
f 8277 8440 2640
f 8276 8440 8277
f 8277 2640 2641
f 8277 2641 8278
f 8278 2641 2643
f 8441 8278 2643
f 8279 8278 8441
f 8279 8442 8280
f 8279 8441 8442
f 8280 8443 8281
f 8280 8442 8443
f 8281 8444 8282
f 8281 8443 8444
f 8282 8445 8283
f 8282 8444 8445
f 8445 2645 2646
f 8284 8445 2646
f 8283 8445 8284
f 8284 2646 2568
f 2649 8285 2570
f 8285 2649 2651
f 8285 2651 8286
f 8286 2651 2653
f 8446 8286 2653
f 8287 8286 8446
f 8287 8447 8288
f 8287 8446 8447
f 8447 2655 2656
f 8289 8447 2656
f 8288 8447 8289
f 8289 2656 2573
f 2659 8448 8290
f 2659 8290 2575
f 8290 8449 8291
f 8290 8448 8449
f 8291 8450 8292
f 8291 8449 8450
f 8292 8451 8293
f 8292 8450 8451
f 8293 8452 8294
f 8293 8451 8452
f 8452 2661 2662
f 8295 8452 2662
f 8294 8452 8295
f 8295 2662 2663
f 8295 2663 8296
f 8296 2663 2665
f 8296 2665 8297
f 8297 2665 2667
f 8297 2667 8298
f 8298 2667 2669
f 8453 8298 2669
f 8299 8298 8453
f 8299 8454 8300
f 8299 8453 8454
f 8300 8455 8301
f 8300 8454 8455
f 8301 8456 8302
f 8301 8455 8456
f 8302 8457 8303
f 8302 8456 8457
f 8457 2671 2672
f 8304 8457 2672
f 8303 8457 8304
f 8304 2672 2673
f 8458 8304 2673
f 8305 8304 8458
f 8305 8459 8306
f 8305 8458 8459
f 8306 8460 8307
f 8306 8459 8460
f 8307 8461 8308
f 8307 8460 8461
f 8308 8462 8309
f 8308 8461 8462
f 8462 2675 2676
f 8310 8462 2676
f 8309 8462 8310
f 8310 2676 2677
f 8310 2677 8311
f 8311 2677 2679
f 8311 2679 8312
f 8312 2679 2681
f 8463 8312 2681
f 8313 8312 8463
f 8313 8464 8314
f 8313 8463 8464
f 8314 8465 8315
f 8314 8464 8465
f 8315 8466 8316
f 8315 8465 8466
f 8316 8467 8317
f 8316 8466 8467
f 8467 2683 2684
f 8318 8467 2684
f 8317 8467 8318
f 8318 2684 2685
f 8318 2685 8319
f 8319 2685 2687
f 8468 8319 2687
f 8320 8319 8468
f 8320 8469 8321
f 8320 8468 8469
f 8321 8470 8322
f 8321 8469 8470
f 8322 8471 8323
f 8322 8470 8471
f 8323 8472 8324
f 8323 8471 8472
f 8324 8473 8325
f 8324 8472 8473
f 8473 2689 2583
f 8473 2583 8325
f 2691 8326 2585
f 8326 2691 2693
f 8326 2693 8327
f 8327 2693 2695
f 8474 8327 2695
f 8328 8327 8474
f 8328 8475 8329
f 8328 8474 8475
f 8329 8476 8330
f 8329 8475 8476
f 8476 2697 2698
f 8331 8476 2698
f 8330 8476 8331
f 8331 2698 2588
f 2700 8477 8332
f 2700 8332 2589
f 8332 8478 8333
f 8332 8477 8478
f 8333 8479 8334
f 8333 8478 8479
f 8334 8480 8335
f 8334 8479 8480
f 8335 8481 8336
f 8335 8480 8481
f 8336 8482 8337
f 8336 8481 8482
f 8482 2702 2703
f 8338 8482 2703
f 8337 8482 8338
f 8338 2703 2704
f 8338 2704 8339
f 8339 2704 2706
f 8339 2706 8340
f 8340 2706 2708
f 8340 2708 8341
f 8341 2708 2710
f 8341 2710 8342
f 8342 2710 2712
f 8483 8342 2712
f 8343 8342 8483
f 8343 8484 8344
f 8343 8483 8484
f 8344 8485 8345
f 8344 8484 8485
f 8345 8486 8346
f 8345 8485 8486
f 8346 8487 8347
f 8346 8486 8487
f 8347 8488 8348
f 8347 8487 8488
f 8349 8348 8489
f 8348 8490 8489
f 8348 8488 8490
f 8492 8491 8490
f 8490 8491 8489
f 8491 8492 8353
f 8492 8352 8353
f 8492 8493 8352
f 8352 8494 8354
f 8352 8493 8494
f 8354 8495 8355
f 8354 8494 8495
f 8355 8496 8356
f 8355 8495 8496
f 8356 8497 8357
f 8356 8496 8497
f 8357 8498 8358
f 8357 8497 8498
f 8358 8499 8359
f 8358 8498 8499
f 8359 8500 8360
f 8359 8499 8500
f 8360 8501 8361
f 8360 8500 8501
f 8501 2714 2715
f 8362 8501 2715
f 8361 8501 8362
f 8362 2715 2716
f 8362 2716 8363
f 8363 2716 2718
f 8502 8363 2718
f 8364 8363 8502
f 8364 8503 8365
f 8364 8502 8503
f 8365 8504 8366
f 8365 8503 8504
f 8366 8505 8367
f 8366 8504 8505
f 8367 8506 8368
f 8367 8505 8506
f 8368 8507 8369
f 8368 8506 8507
f 8507 2720 2597
f 8507 2597 8369
f 2722 8370 2599
f 8370 2722 2724
f 8508 8370 2724
f 8371 8370 8508
f 8371 8509 8372
f 8371 8508 8509
f 8372 8510 8373
f 8372 8509 8510
f 8373 8511 8374
f 8373 8510 8511
f 8511 2726 2602
f 8511 2602 8374
f 2728 8512 8375
f 2728 8375 2604
f 8375 8513 8376
f 8375 8512 8513
f 8376 8514 8377
f 8376 8513 8514
f 8377 8515 8378
f 8377 8514 8515
f 8378 8516 8379
f 8378 8515 8516
f 8379 8517 8380
f 8379 8516 8517
f 8517 2730 2606
f 8517 2606 8380
f 2732 8381 2608
f 8381 2732 2734
f 8518 8381 2734
f 8382 8381 8518
f 8382 8519 8383
f 8382 8518 8519
f 8383 8520 8384
f 8383 8519 8520
f 8384 8521 8385
f 8384 8520 8521
f 8385 8522 8386
f 8385 8521 8522
f 8386 8523 8387
f 8386 8522 8523
f 8387 8524 8388
f 8387 8523 8524
f 8388 8525 8389
f 8388 8524 8525
f 8390 8389 8526
f 8389 8527 8526
f 8389 8525 8527
f 8529 8528 8527
f 8527 8528 8526
f 8528 8529 8394
f 8529 8393 8394
f 8529 8530 8393
f 8393 8531 8395
f 8393 8530 8531
f 8395 8532 8396
f 8395 8531 8532
f 8396 8533 8397
f 8396 8532 8533
f 8397 8534 8398
f 8397 8533 8534
f 8398 8535 8399
f 8398 8534 8535
f 8399 8536 8400
f 8399 8535 8536
f 8400 8537 8401
f 8400 8536 8537
f 8401 8538 8402
f 8401 8537 8538
f 8538 2736 2737
f 8403 8538 2737
f 8402 8538 8403
f 8403 2737 2738
f 8403 2738 8404
f 8404 2738 2740
f 8539 8404 2740
f 8405 8404 8539
f 8405 8540 8406
f 8405 8539 8540
f 8406 8541 8407
f 8406 8540 8541
f 8407 8542 8408
f 8407 8541 8542
f 8408 8543 8409
f 8408 8542 8543
f 8409 8544 8410
f 8409 8543 8544
f 8544 2742 2743
f 8411 8544 2743
f 8410 8544 8411
f 8411 2743 2744
f 8411 2744 8412
f 8412 2744 2746
f 8545 8412 2746
f 8413 8412 8545
f 8413 8546 8414
f 8413 8545 8546
f 8546 2748 2749
f 8415 8546 2749
f 8414 8546 8415
f 8547 2751 2750
f 8547 2750 8548
f 8549 2752 2751
f 8549 2751 8547
f 8549 2754 2752
f 2756 8550 2757
f 8416 2629 2757
f 8550 8416 2757
f 8551 8416 8550
f 8416 8552 8417
f 8416 8551 8552
f 8417 8553 8418
f 8417 8552 8553
f 8418 8554 8419
f 8418 8553 8554
f 8419 8555 8420
f 8419 8554 8555
f 8556 2758 2631
f 8420 8556 2631
f 8555 8556 8420
f 8421 2633 2758
f 8556 8421 2758
f 8557 8421 8556
f 8421 8558 8422
f 8421 8557 8558
f 8422 8559 8423
f 8422 8558 8559
f 8423 8560 8424
f 8423 8559 8560
f 8424 8561 8425
f 8424 8560 8561
f 8425 8562 8426
f 8425 8561 8562
f 8426 8563 8427
f 8426 8562 8563
f 8427 8564 8428
f 8427 8563 8564
f 8428 8565 8429
f 8428 8564 8565
f 8429 8566 8430
f 8429 8565 8566
f 8430 8567 8431
f 8430 8566 8567
f 8431 8568 8432
f 8431 8567 8568
f 8432 8569 8433
f 8432 8568 8569
f 8433 8570 8434
f 8433 8569 8570
f 8571 2759 2635
f 8434 8571 2635
f 8570 8571 8434
f 8435 2637 2759
f 8571 8435 2759
f 8572 8435 8571
f 8435 8573 8436
f 8435 8572 8573
f 8436 8574 8437
f 8436 8573 8574
f 8437 8575 8438
f 8437 8574 8575
f 8438 8576 8439
f 8438 8575 8576
f 8439 8577 8440
f 8439 8576 8577
f 8578 2760 2639
f 8440 8578 2639
f 8577 8578 8440
f 8579 2761 2760
f 8579 2760 8578
f 8441 2643 2761
f 8579 8441 2761
f 8580 8441 8579
f 8441 8581 8442
f 8441 8580 8581
f 8442 8582 8443
f 8442 8581 8582
f 8443 8583 8444
f 8443 8582 8583
f 8444 8584 8445
f 8444 8583 8584
f 8585 2762 2645
f 8445 8585 2645
f 8584 8585 8445
f 8586 2763 2762
f 8586 2762 8585
f 8586 2765 2763
f 2766 8587 2767
f 8588 2768 2767
f 8588 2767 8587
f 8446 2653 2768
f 8588 8446 2768
f 8589 8446 8588
f 8446 8590 8447
f 8446 8589 8590
f 8591 2769 2655
f 8447 8591 2655
f 8590 8591 8447
f 8592 2770 2769
f 8592 2769 8591
f 8593 2771 2770
f 8593 2770 8592
f 8448 2659 2771
f 8593 8448 2771
f 8594 8448 8593
f 8448 8595 8449
f 8448 8594 8595
f 8449 8596 8450
f 8449 8595 8596
f 8450 8597 8451
f 8450 8596 8597
f 8451 8598 8452
f 8451 8597 8598
f 8599 2772 2661
f 8452 8599 2661
f 8598 8599 8452
f 8600 2773 2772
f 8600 2772 8599
f 8601 2774 2773
f 8601 2773 8600
f 8602 2775 2774
f 8602 2774 8601
f 8453 2669 2775
f 8602 8453 2775
f 8603 8453 8602
f 8453 8604 8454
f 8453 8603 8604
f 8454 8605 8455
f 8454 8604 8605
f 8455 8606 8456
f 8455 8605 8606
f 8456 8607 8457
f 8456 8606 8607
f 8608 2776 2671
f 8457 8608 2671
f 8607 8608 8457
f 8458 2673 2776
f 8608 8458 2776
f 8609 8458 8608
f 8458 8610 8459
f 8458 8609 8610
f 8459 8611 8460
f 8459 8610 8611
f 8460 8612 8461
f 8460 8611 8612
f 8461 8613 8462
f 8461 8612 8613
f 8614 2777 2675
f 8462 8614 2675
f 8613 8614 8462
f 8615 2778 2777
f 8615 2777 8614
f 8616 2779 2778
f 8616 2778 8615
f 8463 2681 2779
f 8616 8463 2779
f 8617 8463 8616
f 8463 8618 8464
f 8463 8617 8618
f 8464 8619 8465
f 8464 8618 8619
f 8465 8620 8466
f 8465 8619 8620
f 8466 8621 8467
f 8466 8620 8621
f 8622 2780 2683
f 8467 8622 2683
f 8621 8622 8467
f 8623 2781 2780
f 8623 2780 8622
f 8468 2687 2781
f 8623 8468 2781
f 8624 8468 8623
f 8468 8625 8469
f 8468 8624 8625
f 8469 8626 8470
f 8469 8625 8626
f 8470 8627 8471
f 8470 8626 8627
f 8471 8628 8472
f 8471 8627 8628
f 8472 8629 8473
f 8472 8628 8629
f 8629 2783 2689
f 8629 2689 8473
f 2785 8630 2786
f 8631 2787 2786
f 8631 2786 8630
f 8474 2695 2787
f 8631 8474 2787
f 8632 8474 8631
f 8474 8633 8475
f 8474 8632 8633
f 8475 8634 8476
f 8475 8633 8634
f 8635 2788 2697
f 8476 8635 2697
f 8634 8635 8476
f 8635 2790 2788
f 2791 8636 8477
f 2791 8477 2700
f 8477 8637 8478
f 8477 8636 8637
f 8478 8638 8479
f 8478 8637 8638
f 8479 8639 8480
f 8479 8638 8639
f 8480 8640 8481
f 8480 8639 8640
f 8481 8641 8482
f 8481 8640 8641
f 8641 2793 2702
f 8641 2702 8482
f 2795 8642 2796
f 8643 2797 2796
f 8643 2796 8642
f 8644 2798 2797
f 8644 2797 8643
f 8483 2712 2798
f 8644 8483 2798
f 8645 8483 8644
f 8483 8646 8484
f 8483 8645 8646
f 8484 8647 8485
f 8484 8646 8647
f 8485 8648 8486
f 8485 8647 8648
f 8486 8649 8487
f 8486 8648 8649
f 8487 8650 8488
f 8487 8649 8650
f 8652 8490 8651
f 8490 8650 8651
f 8490 8488 8650
f 8490 8652 8492
f 8492 8652 8653
f 8655 8654 8653
f 8654 8492 8653
f 8654 8493 8492
f 8493 8656 8494
f 8493 8654 8656
f 8494 8657 8495
f 8494 8656 8657
f 8495 8658 8496
f 8495 8657 8658
f 8496 8659 8497
f 8496 8658 8659
f 8497 8660 8498
f 8497 8659 8660
f 8498 8661 8499
f 8498 8660 8661
f 8499 8662 8500
f 8499 8661 8662
f 8500 8663 8501
f 8500 8662 8663
f 8664 2799 2714
f 8501 8664 2714
f 8663 8664 8501
f 8664 2801 2799
f 2802 8665 8502
f 2802 8502 2718
f 8502 8666 8503
f 8502 8665 8666
f 8503 8667 8504
f 8503 8666 8667
f 8504 8668 8505
f 8504 8667 8668
f 8505 8669 8506
f 8505 8668 8669
f 8506 8670 8507
f 8506 8669 8670
f 8670 2804 2720
f 8670 2720 8507
f 2806 8671 2807
f 8508 2724 2807
f 8671 8508 2807
f 8672 8508 8671
f 8508 8673 8509
f 8508 8672 8673
f 8509 8674 8510
f 8509 8673 8674
f 8510 8675 8511
f 8510 8674 8675
f 8675 2809 2726
f 8675 2726 8511
f 2811 8676 8512
f 2811 8512 2728
f 8512 8677 8513
f 8512 8676 8677
f 8513 8678 8514
f 8513 8677 8678
f 8514 8679 8515
f 8514 8678 8679
f 8515 8680 8516
f 8515 8679 8680
f 8516 8681 8517
f 8516 8680 8681
f 8681 2813 2730
f 8681 2730 8517
f 2815 8682 2816
f 8518 2734 2816
f 8682 8518 2816
f 8683 8518 8682
f 8518 8684 8519
f 8518 8683 8684
f 8519 8685 8520
f 8519 8684 8685
f 8520 8686 8521
f 8520 8685 8686
f 8521 8687 8522
f 8521 8686 8687
f 8522 8688 8523
f 8522 8687 8688
f 8523 8689 8524
f 8523 8688 8689
f 8524 8690 8525
f 8524 8689 8690
f 8692 8527 8691
f 8527 8690 8691
f 8527 8525 8690
f 8694 8693 8692
f 8693 8527 8692
f 8693 8529 8527
f 8529 8695 8530
f 8529 8693 8695
f 8530 8696 8531
f 8530 8695 8696
f 8531 8697 8532
f 8531 8696 8697
f 8532 8698 8533
f 8532 8697 8698
f 8533 8699 8534
f 8533 8698 8699
f 8534 8700 8535
f 8534 8699 8700
f 8535 8701 8536
f 8535 8700 8701
f 8536 8702 8537
f 8536 8701 8702
f 8537 8703 8538
f 8537 8702 8703
f 8704 2817 2736
f 8538 8704 2736
f 8703 8704 8538
f 8705 2818 2817
f 8705 2817 8704
f 8539 2740 2818
f 8705 8539 2818
f 8706 8539 8705
f 8539 8707 8540
f 8539 8706 8707
f 8540 8708 8541
f 8540 8707 8708
f 8541 8709 8542
f 8541 8708 8709
f 8542 8710 8543
f 8542 8709 8710
f 8543 8711 8544
f 8543 8710 8711
f 8711 2820 2742
f 8711 2742 8544
f 2821 8712 2822
f 8545 2746 2822
f 8712 8545 2822
f 8713 8545 8712
f 8545 8714 8546
f 8545 8713 8714
f 8715 2823 2748
f 8546 8715 2748
f 8714 8715 8546
f 3576 8716 3577
f 8717 3578 3577
f 8717 3577 8716
f 8718 3579 3578
f 8718 3578 8717
f 8718 3581 3579
f 3583 8719 3584
f 8720 3585 3584
f 8720 3584 8719
f 8721 3586 3585
f 8721 3585 8720
f 8722 3587 3586
f 8722 3586 8721
f 8723 3588 3587
f 8723 3587 8722
f 8724 3589 3588
f 8724 3588 8723
f 8725 3590 3589
f 8725 3589 8724
f 8726 3591 3590
f 8726 3590 8725
f 8726 3593 3591
f 3594 8727 3595
f 8728 3596 3595
f 8728 3595 8727
f 8728 3598 3596
f 3601 8729 3602
f 8729 3604 3602
f 3606 8730 3607
f 8730 3609 3607
f 3613 8731 3614
f 8732 3615 3614
f 8732 3614 8731
f 8733 3616 3615
f 8733 3615 8732
f 8734 3617 3616
f 8734 3616 8733
f 8735 3618 3617
f 8735 3617 8734
f 8735 3620 3618
f 3621 8736 3622
f 8737 3623 3622
f 8737 3622 8736
f 8738 3624 3623
f 8738 3623 8737
f 8739 3625 3624
f 8739 3624 8738
f 8740 3626 3625
f 8740 3625 8739
f 8741 3627 3626
f 8741 3626 8740
f 8741 3629 3627
f 3630 8742 3631
f 8743 3632 3631
f 8743 3631 8742
f 8744 3633 3632
f 8744 3632 8743
f 8745 3634 3633
f 8745 3633 8744
f 8746 3635 3634
f 8746 3634 8745
f 8747 3636 3635
f 8747 3635 8746
f 8748 3637 3636
f 8748 3636 8747
f 8749 3638 3637
f 8749 3637 8748
f 8750 3639 3638
f 8750 3638 8749
f 8751 3640 3639
f 8751 3639 8750
f 8752 3641 3640
f 8752 3640 8751
f 8753 3642 3641
f 8753 3641 8752
f 8754 3643 3642
f 8754 3642 8753
f 8754 3645 3643
f 3646 8755 3647
f 8756 3648 3647
f 8756 3647 8755
f 8756 3650 3648
f 3775 8716 3576
f 8716 3775 3777
f 8716 3777 8717
f 8717 3777 3779
f 8717 3779 8718
f 8718 3779 3581
f 3783 8719 3583
f 8719 3783 3785
f 8719 3785 8720
f 8720 3785 3787
f 8720 3787 8721
f 8721 3787 3789
f 8721 3789 8722
f 8722 3789 3791
f 8722 3791 8723
f 8723 3791 3793
f 8723 3793 8724
f 8724 3793 3795
f 8724 3795 8725
f 8725 3795 3797
f 8725 3797 8726
f 8726 3797 3593
f 3800 8727 3594
f 8727 3800 3802
f 8727 3802 8728
f 8728 3802 3598
f 3807 8729 3601
f 8729 3807 3604
f 3811 8730 3606
f 8730 3811 3609
f 3817 8731 3613
f 8731 3817 3819
f 8731 3819 8732
f 8732 3819 3821
f 8732 3821 8733
f 8733 3821 3823
f 8733 3823 8734
f 8734 3823 3825
f 8734 3825 8735
f 8735 3825 3620
f 3828 8736 3621
f 8736 3828 3830
f 8736 3830 8737
f 8737 3830 3832
f 8737 3832 8738
f 8738 3832 3834
f 8738 3834 8739
f 8739 3834 3836
f 8739 3836 8740
f 8740 3836 3838
f 8740 3838 8741
f 8741 3838 3629
f 3841 8742 3630
f 8742 3841 3843
f 8742 3843 8743
f 8743 3843 3845
f 8743 3845 8744
f 8744 3845 3847
f 8744 3847 8745
f 8745 3847 3849
f 8757 8745 3849
f 8746 8745 8757
f 8746 8758 8747
f 8746 8757 8758
f 8758 3851 3852
f 8748 8758 3852
f 8747 8758 8748
f 8748 3852 3853
f 8748 3853 8749
f 8749 3853 3855
f 8749 3855 8750
f 8750 3855 3857
f 8750 3857 8751
f 8751 3857 3859
f 8751 3859 8752
f 8752 3859 3861
f 8752 3861 8753
f 8753 3861 3863
f 8753 3863 8754
f 8754 3863 3645
f 3866 8755 3646
f 8755 3866 3868
f 8755 3868 8756
f 8756 3868 3650
f 4036 8757 3849
f 8757 4036 4038
f 8757 4038 8758
f 8758 4038 3851
f 4195 8759 4196
f 8759 4198 4196
f 4301 8760 4302
f 8760 4304 4302
f 4308 8761 4309
f 8762 4310 4309
f 8762 4309 8761
f 8763 4311 4310
f 8763 4310 8762
f 8764 4312 4311
f 8764 4311 8763
f 8765 4313 4312
f 8765 4312 8764
f 8766 4314 4313
f 8766 4313 8765
f 8767 4315 4314
f 8767 4314 8766
f 8768 4316 4315
f 8768 4315 8767
f 8769 4317 4316
f 8769 4316 8768
f 8770 4318 4317
f 8770 4317 8769
f 8771 4319 4318
f 8771 4318 8770
f 8772 4320 4319
f 8772 4319 8771
f 8773 4321 4320
f 8773 4320 8772
f 8774 4322 4321
f 8774 4321 8773
f 8775 4323 4322
f 8775 4322 8774
f 8776 4324 4323
f 8776 4323 8775
f 8777 4325 4324
f 8777 4324 8776
f 8778 4326 4325
f 8778 4325 8777
f 8759 4195 4326
f 8778 8759 4326
f 8779 8759 8778
f 8780 4327 4198
f 8759 8780 4198
f 8779 8780 8759
f 8780 4329 4327
f 4330 8781 4331
f 8782 4332 4331
f 8782 4331 8781
f 8783 4333 4332
f 8783 4332 8782
f 8783 4335 4333
f 4486 8784 8760
f 4486 8760 4301
f 8785 4487 4304
f 8760 8785 4304
f 8784 8785 8760
f 8785 4489 4487
f 4491 8786 4492
f 8761 4308 4492
f 8786 8761 4492
f 8787 8761 8786
f 8761 8788 8762
f 8761 8787 8788
f 8762 8789 8763
f 8762 8788 8789
f 8763 8790 8764
f 8763 8789 8790
f 8764 8791 8765
f 8764 8790 8791
f 8765 8792 8766
f 8765 8791 8792
f 8766 8793 8767
f 8766 8792 8793
f 8767 8794 8768
f 8767 8793 8794
f 8768 8795 8769
f 8768 8794 8795
f 8769 8796 8770
f 8769 8795 8796
f 8770 8797 8771
f 8770 8796 8797
f 8771 8798 8772
f 8771 8797 8798
f 8772 8799 8773
f 8772 8798 8799
f 8773 8800 8774
f 8773 8799 8800
f 8774 8801 8775
f 8774 8800 8801
f 8775 8802 8776
f 8775 8801 8802
f 8776 8803 8777
f 8776 8802 8803
f 8777 8804 8778
f 8777 8803 8804
f 8778 8805 8779
f 8778 8804 8805
f 8779 8806 8780
f 8779 8805 8806
f 8806 4494 4329
f 8806 4329 8780
f 4495 8781 4330
f 8781 4495 4497
f 8807 8781 4497
f 8782 8781 8807
f 8782 8808 8783
f 8782 8807 8808
f 8808 4499 4335
f 8808 4335 8783
f 4646 8809 4647
f 8810 4648 4647
f 8810 4647 8809
f 8811 4649 4648
f 8811 4648 8810
f 8812 4650 4649
f 8812 4649 8811
f 8784 4486 4650
f 8812 8784 4650
f 8813 8784 8812
f 8784 8814 8785
f 8784 8813 8814
f 8815 4651 4489
f 8785 8815 4489
f 8814 8815 8785
f 8816 4652 4651
f 8816 4651 8815
f 8786 4491 4652
f 8816 8786 4652
f 8817 8786 8816
f 8786 8818 8787
f 8786 8817 8818
f 8787 8819 8788
f 8787 8818 8819
f 8788 8820 8789
f 8788 8819 8820
f 8789 8821 8790
f 8789 8820 8821
f 8790 8822 8791
f 8790 8821 8822
f 8791 8823 8792
f 8791 8822 8823
f 8792 8824 8793
f 8792 8823 8824
f 8793 8825 8794
f 8793 8824 8825
f 8794 8826 8795
f 8794 8825 8826
f 8828 8796 8827
f 8796 8826 8827
f 8796 8795 8826
f 8830 8829 8828
f 8829 8796 8828
f 8829 8797 8796
f 8797 8831 8798
f 8797 8829 8831
f 8798 8832 8799
f 8798 8831 8832
f 8799 8833 8800
f 8799 8832 8833
f 8800 8834 8801
f 8800 8833 8834
f 8801 8835 8802
f 8801 8834 8835
f 8802 8836 8803
f 8802 8835 8836
f 8803 8837 8804
f 8803 8836 8837
f 8804 8838 8805
f 8804 8837 8838
f 8805 8839 8806
f 8805 8838 8839
f 8840 4653 4494
f 8806 8840 4494
f 8839 8840 8806
f 8841 4654 4653
f 8841 4653 8840
f 8807 4497 4654
f 8841 8807 4654
f 8842 8807 8841
f 8807 8843 8808
f 8807 8842 8843
f 8844 4655 4499
f 8808 8844 4499
f 8843 8844 8808
f 8844 4657 4655
f 4783 8845 4784
f 8846 4785 4784
f 8846 4784 8845
f 8846 4787 4785
f 4789 8847 4790
f 8848 4791 4790
f 8848 4790 8847
f 8849 4792 4791
f 8849 4791 8848
f 8850 4793 4792
f 8850 4792 8849
f 8851 4794 4793
f 8851 4793 8850
f 8852 4795 4794
f 8852 4794 8851
f 8853 4796 4795
f 8853 4795 8852
f 8854 4797 4796
f 8854 4796 8853
f 8855 4798 4797
f 8855 4797 8854
f 8856 4799 4798
f 8856 4798 8855
f 8857 4800 4799
f 8857 4799 8856
f 8858 4801 4800
f 8858 4800 8857
f 8859 4802 4801
f 8859 4801 8858
f 8860 4803 4802
f 8860 4802 8859
f 8860 8861 4803
f 4803 8861 4646
f 8861 8862 4646
f 8862 8809 4646
f 8809 8862 8810
f 8810 8862 8863
f 8810 8863 8811
f 8811 8863 8864
f 8811 8864 8812
f 8812 8864 8865
f 8812 8865 8813
f 8813 8865 8866
f 8813 8866 8814
f 8814 8866 8867
f 8814 8867 8815
f 8815 8867 8868
f 8815 8868 8816
f 8816 8868 8869
f 8816 8869 8817
f 8817 8869 8870
f 8817 8870 8818
f 8818 8870 8871
f 8818 8871 8819
f 8819 8871 8872
f 8819 8872 8820
f 8820 8872 8873
f 8820 8873 8821
f 8821 8873 8874
f 8821 8874 8822
f 8822 8874 8875
f 8822 8875 8823
f 8823 8875 8876
f 8823 8876 8824
f 8824 8876 8877
f 8824 8877 8825
f 8825 8877 8878
f 8825 8878 8826
f 8826 8878 8879
f 8826 8879 8827
f 8830 8880 8829
f 8829 8880 8831
f 8831 8880 8881
f 8831 8881 8832
f 8832 8881 8882
f 8832 8882 8833
f 8833 8882 8883
f 8833 8883 8834
f 8834 8883 8884
f 8834 8884 8835
f 8835 8884 8885
f 8835 8885 8836
f 8836 8885 8886
f 8836 8886 8837
f 8837 8886 8887
f 8837 8887 8838
f 8838 8887 8888
f 8838 8888 8839
f 8839 8888 8889
f 8839 8889 8840
f 8840 8889 8890
f 8840 8890 8841
f 8841 8890 8891
f 8841 8891 8842
f 8842 8891 8892
f 8842 8892 8843
f 8843 8892 8893
f 8843 8893 8844
f 8844 8893 8894
f 8894 8896 8895
f 8894 8895 4804
f 8844 8894 4804
f 4657 8844 4804
f 8897 4805 4804
f 8897 4804 8895
f 8898 4806 4805
f 8898 4805 8897
f 8899 4807 4806
f 8899 4806 8898
f 8900 4808 4807
f 8900 4807 8899
f 8901 4809 4808
f 8901 4808 8900
f 8902 4810 4809
f 8902 4809 8901
f 8903 4811 4810
f 8903 4810 8902
f 8903 4813 4811
f 4924 8904 4925
f 8905 4926 4925
f 8905 4925 8904
f 8905 4928 4926
f 4931 8906 4932
f 8907 4933 4932
f 8907 4932 8906
f 8908 4934 4933
f 8908 4933 8907
f 8909 4935 4934
f 8909 4934 8908
f 8845 4783 4935
f 8909 8845 4935
f 8910 8845 8909
f 8845 8911 8846
f 8845 8910 8911
f 8912 4936 4787
f 8846 8912 4787
f 8911 8912 8846
f 8913 4937 4936
f 8913 4936 8912
f 8847 4789 4937
f 8913 8847 4937
f 8914 8847 8913
f 8916 8848 8915
f 8848 8914 8915
f 8848 8847 8914
f 8848 8916 8849
f 8849 8916 8917
f 8849 8917 8850
f 8850 8917 8918
f 8920 8919 8918
f 8919 8850 8918
f 8919 8851 8850
f 8922 8852 8921
f 8852 8919 8921
f 8852 8851 8919
f 8852 8922 8853
f 8853 8922 8923
f 8853 8923 8854
f 8854 8923 8924
f 8854 8924 8855
f 8855 8924 8925
f 8855 8925 8856
f 8856 8925 8926
f 8856 8926 8857
f 8857 8926 8927
f 8857 8927 8858
f 8858 8927 8928
f 8858 8928 8859
f 8859 8928 8929
f 8859 8929 8860
f 8860 8929 8930
f 8860 8930 8861
f 8896 8931 8895
f 8895 8931 8897
f 8897 8931 8932
f 8897 8932 8898
f 8898 8932 8933
f 8898 8933 8899
f 8899 8933 8934
f 8899 8934 8900
f 8900 8934 8935
f 8937 8936 8935
f 8936 8900 8935
f 8936 8901 8900
f 8901 8938 8902
f 8901 8936 8938
f 8902 8939 8903
f 8902 8938 8939
f 8940 4938 4813
f 8903 8940 4813
f 8939 8940 8903
f 8941 4939 4938
f 8941 4938 8940
f 8942 4940 4939
f 8942 4939 8941
f 8943 4941 4940
f 8943 4940 8942
f 8944 4942 4941
f 8944 4941 8943
f 8945 4943 4942
f 8945 4942 8944
f 8946 4944 4943
f 8946 4943 8945
f 8947 4945 4944
f 8947 4944 8946
f 8948 4946 4945
f 8948 4945 8947
f 8948 4948 4946
f 4953 8949 4954
f 8950 4955 4954
f 8950 4954 8949
f 8950 4957 4955
f 4971 8951 4972
f 8951 4974 4972
f 5055 8904 4924
f 8904 5055 5057
f 8904 5057 8905
f 8905 5057 4928
f 5062 8906 4931
f 8906 5062 5064
f 8906 5064 8907
f 8907 5064 5066
f 8907 5066 8908
f 8908 5066 5068
f 8952 8908 5068
f 8909 8908 8952
f 8909 8953 8910
f 8909 8952 8953
f 8910 8954 8911
f 8910 8953 8954
f 8911 8955 8912
f 8911 8954 8955
f 8912 8956 8913
f 8912 8955 8956
f 8913 8957 8914
f 8913 8956 8957
f 8915 8914 8958
f 8958 8914 8957
f 8961 8960 8959
f 8961 8959 8920
f 8959 8919 8920
f 8959 8962 8919
f 8921 8919 8963
f 8963 8919 8962
f 8966 8965 8964
f 8968 8967 8964
f 8964 8967 8966
f 8970 8969 8968
f 8968 8969 8967
f 8972 8971 8970
f 8970 8971 8969
f 8971 8972 8937
f 8972 8936 8937
f 8972 8973 8936
f 8936 8974 8938
f 8936 8973 8974
f 8938 8975 8939
f 8938 8974 8975
f 8939 8976 8940
f 8939 8975 8976
f 8940 8977 8941
f 8940 8976 8977
f 8941 8978 8942
f 8941 8977 8978
f 8942 8979 8943
f 8942 8978 8979
f 8943 8980 8944
f 8943 8979 8980
f 8944 8981 8945
f 8944 8980 8981
f 8981 5070 5071
f 8946 8981 5071
f 8945 8981 8946
f 8946 5071 5072
f 8946 5072 8947
f 8947 5072 5074
f 8947 5074 8948
f 8948 5074 4948
f 5081 8949 4953
f 8949 5081 5083
f 8949 5083 8950
f 8950 5083 4957
f 5099 8951 4971
f 8951 5099 4974
f 5184 8952 5068
f 8952 5184 5186
f 8952 5186 8953
f 8953 5186 5188
f 8953 5188 8954
f 8954 5188 5190
f 8954 5190 8955
f 8955 5190 5192
f 8955 5192 8956
f 8956 5192 5194
f 8982 8956 5194
f 8957 8956 8982
f 8958 8957 8983
f 8957 8984 8983
f 8957 8982 8984
f 8986 8985 8984
f 8984 8985 8983
f 8985 8986 8960
f 8986 8959 8960
f 8986 8987 8959
f 8959 8988 8962
f 8959 8987 8988
f 8963 8962 8989
f 8962 8990 8989
f 8962 8988 8990
f 8990 8991 8989
f 8994 8993 8992
f 8996 8995 8992
f 8992 8995 8994
f 8998 8997 8996
f 8996 8997 8995
f 9000 8999 8998
f 8998 8999 8997
f 9002 9001 9000
f 9000 9001 8999
f 9004 9003 9002
f 9002 9003 9001
f 9004 9005 9003
f 9008 9007 9006
f 9010 9009 9006
f 9006 9009 9008
f 9010 9011 9009
f 9014 9013 9012
f 9016 9015 9012
f 9012 9015 9014
f 9015 9016 8965
f 9016 8964 8965
f 9016 9017 8964
f 8964 9018 8968
f 8964 9017 9018
f 8968 9019 8970
f 8968 9018 9019
f 8970 9020 8972
f 8970 9019 9020
f 9020 5196 5197
f 8973 9020 5197
f 8972 9020 8973
f 8973 5197 5198
f 8973 5198 8974
f 8974 5198 5200
f 8974 5200 8975
f 8975 5200 5202
f 8975 5202 8976
f 8976 5202 5204
f 8976 5204 8977
f 8977 5204 5206
f 8977 5206 8978
f 8978 5206 5208
f 8978 5208 8979
f 8979 5208 5210
f 8979 5210 8980
f 8980 5210 5212
f 8980 5212 8981
f 8981 5212 5070
f 5263 9021 5264
f 9022 5265 5264
f 9022 5264 9021
f 9023 5266 5265
f 9023 5265 9022
f 9024 5267 5266
f 9024 5266 9023
f 9025 5268 5267
f 9025 5267 9024
f 9026 5269 5268
f 9026 5268 9025
f 9027 5270 5269
f 9027 5269 9026
f 8982 5194 5270
f 9027 8982 5270
f 9028 8982 9027
f 9030 8984 9029
f 8984 9028 9029
f 8984 8982 9028
f 8984 9030 8986
f 8986 9030 9031
f 8986 9031 8987
f 8987 9031 9032
f 8987 9032 8988
f 8988 9032 9033
f 8988 9033 8990
f 8990 9033 9034
f 8990 9034 8991
f 8993 9035 8992
f 8992 9035 8996
f 8996 9035 9036
f 8996 9036 8998
f 8998 9036 9037
f 8998 9037 9000
f 9000 9037 9038
f 9000 9038 9002
f 9002 9038 9039
f 9002 9039 9004
f 9004 9039 9040
f 9004 9040 9005
f 9007 9041 9006
f 9006 9041 9010
f 9010 9041 9042
f 9010 9042 9011
f 9013 9043 9012
f 9012 9043 9016
f 9016 9043 9044
f 9016 9044 9017
f 9017 9044 9045
f 9047 9046 9045
f 9046 9017 9045
f 9046 9018 9017
f 9018 9048 9019
f 9018 9046 9048
f 9019 9049 9020
f 9019 9048 9049
f 9050 5271 5196
f 9020 9050 5196
f 9049 9050 9020
f 9051 5272 5271
f 9051 5271 9050
f 9052 5273 5272
f 9052 5272 9051
f 9053 5274 5273
f 9053 5273 9052
f 9054 5275 5274
f 9054 5274 9053
f 9055 5276 5275
f 9055 5275 9054
f 9055 5278 5276
f 5280 9056 5281
f 9056 5283 5281
f 9057 5344 5343
f 9057 5343 9058
f 9059 5345 5344
f 9059 5344 9057
f 9060 5346 5345
f 9060 5345 9059
f 9061 5347 5346
f 9061 5346 9060
f 9062 5348 5347
f 9062 5347 9061
f 9063 5349 5348
f 9063 5348 9062
f 9064 5350 5349
f 9064 5349 9063
f 5350 9064 9065
f 9066 5350 9065
f 5351 5350 9066
f 5351 9067 5352
f 9066 9067 5351
f 9067 9069 9068
f 5353 9067 9068
f 5352 9067 5353
f 9070 5354 5353
f 9070 5353 9068
f 9071 5355 5354
f 9071 5354 9070
f 9072 5356 5355
f 9072 5355 9071
f 9072 9073 5356
f 5356 9073 5263
f 9073 9074 5263
f 9074 9021 5263
f 9021 9074 9022
f 9022 9074 9075
f 9022 9075 9023
f 9023 9075 9076
f 9023 9076 9024
f 9024 9076 9077
f 9024 9077 9025
f 9025 9077 9078
f 9025 9078 9026
f 9026 9078 9079
f 9026 9079 9027
f 9027 9079 9080
f 9027 9080 9028
f 9028 9080 9081
f 9028 9081 9029
f 9047 9082 9046
f 9046 9082 9048
f 9048 9082 9083
f 9048 9083 9049
f 9049 9083 9084
f 9049 9084 9050
f 9050 9084 9085
f 9050 9085 9051
f 9051 9085 9086
f 9051 9086 9052
f 9052 9086 9087
f 9052 9087 9053
f 9053 9087 9088
f 9053 9088 9054
f 9054 9088 9089
f 9054 9089 9055
f 9055 9089 9090
f 9055 9090 5278
f 9090 5357 5278
f 9090 9091 5357
f 5357 9092 5358
f 9091 9092 5357
f 5280 5358 9056
f 5358 9093 9056
f 5358 9092 9093
f 9093 9095 9094
f 9093 9094 5359
f 9056 9093 5359
f 5283 9056 5359
f 9096 5360 5359
f 9096 5359 9094
f 9097 5361 5360
f 9097 5360 9096
f 9098 5362 5361
f 9098 5361 9097
f 9098 5364 5362
f 5365 9099 5366
f 9100 5367 5366
f 9100 5366 9099
f 9101 5368 5367
f 9101 5367 9100
f 9102 5369 5368
f 9102 5368 9101
f 9103 5370 5369
f 9103 5369 9102
f 9104 5371 5370
f 9104 5370 9103
f 9105 5372 5371
f 9105 5371 9104
f 9106 5373 5372
f 9106 5372 9105
f 9107 5374 5373
f 9107 5373 9106
f 9108 5375 5374
f 9108 5374 9107
f 9109 5376 5375
f 9109 5375 9108
f 9110 5377 5376
f 9110 5376 9109
f 9111 5378 5377
f 9111 5377 9110
f 9111 5380 5378
f 5382 9112 5383
f 9113 5384 5383
f 9113 5383 9112
f 9114 5385 5384
f 9114 5384 9113
f 9115 5386 5385
f 9115 5385 9114
f 9116 5387 5386
f 9116 5386 9115
f 9117 5388 5387
f 9117 5387 9116
f 9118 5389 5388
f 9118 5388 9117
f 9119 5390 5389
f 9119 5389 9118
f 9120 5391 5390
f 9120 5390 9119
f 9121 5392 5391
f 9121 5391 9120
f 9122 5393 5392
f 9122 5392 9121
f 9123 5394 5393
f 9123 5393 9122
f 9123 5396 5394
f 5399 9124 5400
f 9125 5401 5400
f 9125 5400 9124
f 9125 5403 5401
f 5410 9126 5411
f 9127 5412 5411
f 9127 5411 9126
f 9127 5414 5412
f 5442 9128 5443
f 9129 5444 5443
f 9129 5443 9128
f 9129 5446 5444
f 5450 9130 5451
f 9130 5453 5451
f 5462 9131 5463
f 9132 5464 5463
f 9132 5463 9131
f 9133 5465 5464
f 9133 5464 9132
f 9133 5467 5465
f 5468 9134 5469
f 9135 5470 5469
f 9135 5469 9134
f 9136 5471 5470
f 9136 5470 9135
f 9137 5472 5471
f 9137 5471 9136
f 9058 9138 9057
f 9057 9138 9139
f 9057 9139 9059
f 9059 9139 9140
f 9142 9141 9140
f 9141 9059 9140
f 9141 9060 9059
f 9060 9143 9061
f 9060 9141 9143
f 9145 9062 9144
f 9062 9143 9144
f 9062 9061 9143
f 9062 9145 9063
f 9063 9145 9146
f 9063 9146 9064
f 9064 9146 9147
f 9064 9147 9065
f 9069 9148 9068
f 9068 9148 9070
f 9070 9148 9149
f 9070 9149 9071
f 9071 9149 9150
f 9071 9150 9072
f 9072 9150 9151
f 9072 9151 9073
f 9095 9152 9094
f 9094 9152 9096
f 9096 9152 9153
f 9096 9153 9097
f 9097 9153 9154
f 9156 9155 9154
f 9155 9097 9154
f 9155 9098 9097
f 9157 5473 5364
f 9098 9157 5364
f 9155 9157 9098
f 9099 5365 5473
f 9157 9099 5473
f 9158 9099 9157
f 9160 9100 9159
f 9100 9158 9159
f 9100 9099 9158
f 9100 9160 9101
f 9101 9160 9161
f 9101 9161 9102
f 9102 9161 9162
f 9102 9162 9103
f 9103 9162 9163
f 9103 9163 9104
f 9104 9163 9164
f 9166 9165 9164
f 9165 9104 9164
f 9165 9105 9104
f 9105 9167 9106
f 9105 9165 9167
f 9169 9107 9168
f 9107 9167 9168
f 9107 9106 9167
f 9171 9170 9169
f 9170 9107 9169
f 9170 9108 9107
f 9108 9172 9109
f 9108 9170 9172
f 9109 9173 9110
f 9109 9172 9173
f 9110 9174 9111
f 9110 9173 9174
f 9175 5474 5380
f 9111 9175 5380
f 9174 9175 9111
f 9176 5475 5474
f 9176 5474 9175
f 9112 5382 5475
f 9176 9112 5475
f 9177 9112 9176
f 9112 9178 9113
f 9112 9177 9178
f 9113 9179 9114
f 9113 9178 9179
f 9114 9180 9115
f 9114 9179 9180
f 9182 9116 9181
f 9116 9180 9181
f 9116 9115 9180
f 9184 9183 9182
f 9183 9116 9182
f 9183 9117 9116
f 9117 9185 9118
f 9117 9183 9185
f 9118 9186 9119
f 9118 9185 9186
f 9119 9187 9120
f 9119 9186 9187
f 9120 9188 9121
f 9120 9187 9188
f 9121 9189 9122
f 9121 9188 9189
f 9122 9190 9123
f 9122 9189 9190
f 9191 5476 5396
f 9123 9191 5396
f 9190 9191 9123
f 9192 5477 5476
f 9192 5476 9191
f 9193 5478 5477
f 9193 5477 9192
f 9124 5399 5478
f 9193 9124 5478
f 9194 9124 9193
f 9124 9195 9125
f 9124 9194 9195
f 9196 5479 5403
f 9125 9196 5403
f 9195 9196 9125
f 9197 5480 5479
f 9197 5479 9196
f 9197 5482 5480
f 5484 9198 5485
f 9199 5486 5485
f 9199 5485 9198
f 9200 5487 5486
f 9200 5486 9199
f 9126 5410 5487
f 9200 9126 5487
f 9201 9126 9200
f 9126 9202 9127
f 9126 9201 9202
f 9203 5488 5414
f 9127 9203 5414
f 9202 9203 9127
f 9204 5489 5488
f 9204 5488 9203
f 9204 5491 5489
f 5494 9205 5495
f 9206 5496 5495
f 9206 5495 9205
f 9206 5498 5496
f 5502 9207 5503
f 9208 5504 5503
f 9208 5503 9207
f 9209 5505 5504
f 9209 5504 9208
f 9210 5506 5505
f 9210 5505 9209
f 9211 5507 5506
f 9211 5506 9210
f 9212 5508 5507
f 9212 5507 9211
f 9212 5510 5508
f 5514 9213 5515
f 9214 5516 5515
f 9214 5515 9213
f 9215 5517 5516
f 9215 5516 9214
f 9216 5518 5517
f 9216 5517 9215
f 9217 5519 5518
f 9217 5518 9216
f 9218 5520 5519
f 9218 5519 9217
f 9219 5521 5520
f 9219 5520 9218
f 9128 5442 5521
f 9219 9128 5521
f 9220 9128 9219
f 9128 9221 9129
f 9128 9220 9221
f 9222 5522 5446
f 9129 9222 5446
f 9221 9222 9129
f 9223 5523 5522
f 9223 5522 9222
f 9224 5524 5523
f 9224 5523 9223
f 9225 5525 5524
f 9225 5524 9224
f 9130 5450 5525
f 9225 9130 5525
f 9226 9130 9225
f 9227 5526 5453
f 9130 9227 5453
f 9226 9227 9130
f 9228 5527 5526
f 9228 5526 9227
f 9229 5528 5527
f 9229 5527 9228
f 9230 5529 5528
f 9230 5528 9229
f 9230 5531 5529
f 5533 9231 5534
f 9232 5535 5534
f 9232 5534 9231
f 9233 5536 5535
f 9233 5535 9232
f 9131 5462 5536
f 9233 9131 5536
f 9234 9131 9233
f 9236 9132 9235
f 9132 9234 9235
f 9132 9131 9234
f 9238 9237 9236
f 9237 9132 9236
f 9237 9133 9132
f 9239 5537 5467
f 9133 9239 5467
f 9237 9239 9133
f 9134 5468 5537
f 9239 9134 5537
f 9240 9134 9239
f 9134 9241 9135
f 9134 9240 9241
f 9135 9242 9136
f 9135 9241 9242
f 9244 9137 9243
f 9137 9242 9243
f 9137 9136 9242
f 9247 9246 9245
f 9250 9249 9248
f 9250 9248 9142
f 9248 9141 9142
f 9248 9251 9141
f 9141 9252 9143
f 9141 9251 9252
f 9144 9143 9253
f 9253 9143 9252
f 9256 9255 9254
f 9258 9257 9254
f 9254 9257 9256
f 9260 9259 9258
f 9258 9259 9257
f 9259 9260 9156
f 9260 9155 9156
f 9260 9261 9155
f 9261 5539 5540
f 9157 9261 5540
f 9155 9261 9157
f 9157 5540 5541
f 9262 9157 5541
f 9158 9157 9262
f 9159 9158 9263
f 9158 9264 9263
f 9158 9262 9264
f 9266 9265 9264
f 9264 9265 9263
f 9268 9267 9266
f 9266 9267 9265
f 9270 9269 9268
f 9268 9269 9267
f 9272 9271 9270
f 9270 9271 9269
f 9271 9272 9166
f 9272 9165 9166
f 9272 9273 9165
f 9165 9274 9167
f 9165 9273 9274
f 9168 9167 9275
f 9167 9276 9275
f 9167 9274 9276
f 9275 9276 9171
f 9276 9170 9171
f 9276 9277 9170
f 9170 9278 9172
f 9170 9277 9278
f 9172 9279 9173
f 9172 9278 9279
f 9173 9280 9174
f 9173 9279 9280
f 9280 5543 5544
f 9175 9280 5544
f 9174 9280 9175
f 9175 5544 5545
f 9175 5545 9176
f 9176 5545 5547
f 9281 9176 5547
f 9177 9176 9281
f 9177 9282 9178
f 9177 9281 9282
f 9178 9283 9179
f 9178 9282 9283
f 9179 9284 9180
f 9179 9283 9284
f 9181 9180 9285
f 9180 9286 9285
f 9180 9284 9286
f 9285 9286 9184
f 9286 9183 9184
f 9286 9287 9183
f 9183 9288 9185
f 9183 9287 9288
f 9185 9289 9186
f 9185 9288 9289
f 9186 9290 9187
f 9186 9289 9290
f 9187 9291 9188
f 9187 9290 9291
f 9188 9292 9189
f 9188 9291 9292
f 9189 9293 9190
f 9189 9292 9293
f 9190 9294 9191
f 9190 9293 9294
f 9294 5549 5550
f 9192 9294 5550
f 9191 9294 9192
f 9192 5550 5551
f 9192 5551 9193
f 9193 5551 5553
f 9193 5553 9194
f 9194 5553 5555
f 9295 9194 5555
f 9195 9194 9295
f 9295 5557 5558
f 9196 9295 5558
f 9195 9295 9196
f 9196 5558 5559
f 9196 5559 9197
f 9197 5559 5482
f 5563 9198 5484
f 9198 5563 5565
f 9198 5565 9199
f 9199 5565 5567
f 9199 5567 9200
f 9200 5567 5569
f 9296 9200 5569
f 9201 9200 9296
f 9296 5571 5572
f 9202 9296 5572
f 9201 9296 9202
f 9202 5572 5573
f 9202 5573 9203
f 9203 5573 5575
f 9203 5575 9204
f 9204 5575 5491
f 5580 9205 5494
f 9205 5580 5582
f 9205 5582 9206
f 9206 5582 5498
f 5588 9207 5502
f 9207 5588 5590
f 9207 5590 9208
f 9208 5590 5592
f 9208 5592 9209
f 9209 5592 5594
f 9209 5594 9210
f 9210 5594 5596
f 9210 5596 9211
f 9211 5596 5598
f 9211 5598 9212
f 9212 5598 5510
f 5604 9213 5514
f 9213 5604 5606
f 9213 5606 9214
f 9214 5606 5608
f 9214 5608 9215
f 9215 5608 5610
f 9215 5610 9216
f 9216 5610 5612
f 9216 5612 9217
f 9217 5612 5614
f 9217 5614 9218
f 9218 5614 5616
f 9218 5616 9219
f 9219 5616 5618
f 9219 5618 9220
f 9220 5618 5620
f 9297 9220 5620
f 9221 9220 9297
f 9297 5622 5623
f 9222 9297 5623
f 9221 9297 9222
f 9222 5623 5624
f 9222 5624 9223
f 9223 5624 5626
f 9223 5626 9224
f 9224 5626 5628
f 9224 5628 9225
f 9225 5628 5630
f 9298 9225 5630
f 9226 9225 9298
f 9298 5632 5633
f 9227 9298 5633
f 9226 9298 9227
f 9227 5633 5634
f 9227 5634 9228
f 9228 5634 5636
f 9228 5636 9229
f 9229 5636 5638
f 9229 5638 9230
f 9230 5638 5531
f 5642 9231 5533
f 9231 5642 5644
f 9299 9231 5644
f 9232 9231 9299
f 9299 5646 5647
f 9233 9299 5647
f 9232 9299 9233
f 9233 5647 5648
f 9300 9233 5648
f 9234 9233 9300
f 9235 9234 9301
f 9234 9302 9301
f 9234 9300 9302
f 9301 9302 9238
f 9302 9237 9238
f 9302 9303 9237
f 9237 9304 9239
f 9237 9303 9304
f 9239 9305 9240
f 9239 9304 9305
f 9240 9306 9241
f 9240 9305 9306
f 9241 9307 9242
f 9241 9306 9307
f 9243 9242 9308
f 9242 9309 9308
f 9242 9307 9309
f 9246 9247 9310
f 9310 9247 9311
f 9248 9249 9312
f 9312 9249 9313
f 9312 5650 5651
f 9251 9312 5651
f 9248 9312 9251
f 9251 5651 5652
f 9314 9251 5652
f 9252 9251 9314
f 9253 9252 9315
f 9315 9252 9314
f 9254 9255 9316
f 9316 9255 9317
f 9254 9318 9258
f 9254 9316 9318
f 9258 9319 9260
f 9258 9318 9319
f 9260 9320 9261
f 9260 9319 9320
f 9320 5654 5539
f 9320 5539 9261
f 5655 9321 9262
f 5655 9262 5541
f 9262 9322 9264
f 9262 9321 9322
f 9264 9323 9266
f 9264 9322 9323
f 9266 9324 9268
f 9266 9323 9324
f 9268 9325 9270
f 9268 9324 9325
f 9270 9326 9272
f 9270 9325 9326
f 9272 9327 9273
f 9272 9326 9327
f 9273 9328 9274
f 9273 9327 9328
f 9274 9329 9276
f 9274 9328 9329
f 9329 5657 5658
f 9277 9329 5658
f 9276 9329 9277
f 9277 5658 5659
f 9277 5659 9278
f 9278 5659 5661
f 9278 5661 9279
f 9279 5661 5663
f 9279 5663 9280
f 9280 5663 5543
f 5667 9281 5547
f 9281 5667 5669
f 9281 5669 9282
f 9282 5669 5671
f 9282 5671 9283
f 9283 5671 5673
f 9283 5673 9284
f 9284 5673 5675
f 9330 9284 5675
f 9286 9284 9330
f 9286 9331 9287
f 9286 9330 9331
f 9331 5677 5678
f 9288 9331 5678
f 9287 9331 9288
f 9288 5678 5679
f 9288 5679 9289
f 9289 5679 5681
f 9289 5681 9290
f 9290 5681 5683
f 9290 5683 9291
f 9291 5683 5685
f 9291 5685 9292
f 9292 5685 5687
f 9292 5687 9293
f 9293 5687 5689
f 9293 5689 9294
f 9294 5689 5549
f 5694 9295 5555
f 9295 5694 5557
f 5703 9296 5569
f 9296 5703 5571
f 5729 9297 5620
f 9297 5729 5622
f 5735 9298 5630
f 9298 5735 5632
f 5744 9299 5644
f 9299 5744 5646
f 5747 9300 5648
f 9300 5747 5749
f 9332 9300 5749
f 9302 9300 9332
f 9302 9333 9303
f 9302 9332 9333
f 9303 9334 9304
f 9303 9333 9334
f 9304 9335 9305
f 9304 9334 9335
f 9305 9336 9306
f 9305 9335 9336
f 9306 9337 9307
f 9306 9336 9337
f 9307 9338 9309
f 9307 9337 9338
f 9311 9339 9310
f 9313 9340 9312
f 9312 9340 5650
f 9340 5750 5650
f 9340 9341 5750
f 5652 5750 9314
f 5750 9342 9314
f 5750 9341 9342
f 9314 9342 9315
f 9317 9343 9316
f 9316 9343 9318
f 9318 9343 9344
f 9318 9344 9319
f 9319 9344 9345
f 9347 9346 9345
f 9346 9319 9345
f 9346 9320 9319
f 9348 5751 5654
f 9320 9348 5654
f 9346 9348 9320
f 9321 5655 5751
f 9348 9321 5751
f 9349 9321 9348
f 9321 9350 9322
f 9321 9349 9350
f 9322 9351 9323
f 9322 9350 9351
f 9353 9324 9352
f 9324 9351 9352
f 9324 9323 9351
f 9324 9353 9325
f 9325 9353 9354
f 9325 9354 9326
f 9326 9354 9355
f 9357 9356 9355
f 9356 9326 9355
f 9356 9327 9326
f 9327 9358 9328
f 9327 9356 9358
f 9328 9359 9329
f 9328 9358 9359
f 9360 5752 5657
f 9329 9360 5657
f 9359 9360 9329
f 9361 5753 5752
f 9361 5752 9360
f 9362 5754 5753
f 9362 5753 9361
f 9363 5755 5754
f 9363 5754 9362
f 9364 5756 5755
f 9364 5755 9363
f 9365 5757 5756
f 9365 5756 9364
f 9366 5758 5757
f 9366 5757 9365
f 9367 5759 5758
f 9367 5758 9366
f 9368 5760 5759
f 9368 5759 9367
f 9369 5761 5760
f 9369 5760 9368
f 9330 5675 5761
f 9369 9330 5761
f 9370 9330 9369
f 9330 9371 9331
f 9330 9370 9371
f 9372 5762 5677
f 9331 9372 5677
f 9371 9372 9331
f 9373 5763 5762
f 9373 5762 9372
f 9374 5764 5763
f 9374 5763 9373
f 9375 5765 5764
f 9375 5764 9374
f 9376 5766 5765
f 9376 5765 9375
f 9377 5767 5766
f 9377 5766 9376
f 9378 5768 5767
f 9378 5767 9377
f 9379 5769 5768
f 9379 5768 9378
f 9380 5770 5769
f 9380 5769 9379
f 9381 5771 5770
f 9381 5770 9380
f 9382 5772 5771
f 9382 5771 9381
f 9383 5773 5772
f 9383 5772 9382
f 9383 5775 5773
f 5778 9384 5779
f 9385 5780 5779
f 9385 5779 9384
f 9386 5781 5780
f 9386 5780 9385
f 9387 5782 5781
f 9387 5781 9386
f 9388 5783 5782
f 9388 5782 9387
f 9388 5785 5783
f 5809 9389 5810
f 9390 5811 5810
f 9390 5810 9389
f 9390 5813 5811
f 5814 9391 5815
f 9392 5816 5815
f 9392 5815 9391
f 9393 5817 5816
f 9393 5816 9392
f 9394 5818 5817
f 9394 5817 9393
f 9394 5820 5818
f 5822 9395 5823
f 9396 5824 5823
f 9396 5823 9395
f 9397 5825 5824
f 9397 5824 9396
f 9398 5826 5825
f 9398 5825 9397
f 9399 5827 5826
f 9399 5826 9398
f 9400 5828 5827
f 9400 5827 9399
f 9401 5829 5828
f 9401 5828 9400
f 9402 5830 5829
f 9402 5829 9401
f 9403 5831 5830
f 9403 5830 9402
f 9404 5832 5831
f 9404 5831 9403
f 9405 5833 5832
f 9405 5832 9404
f 9406 5834 5833
f 9406 5833 9405
f 9406 9407 5834
f 5834 9407 5749
f 9407 9408 5749
f 9408 9332 5749
f 9332 9408 9333
f 9333 9408 9409
f 9411 9410 9409
f 9410 9333 9409
f 9410 9334 9333
f 9413 9335 9412
f 9335 9410 9412
f 9335 9334 9410
f 9335 9413 9336
f 9336 9413 9414
f 9336 9414 9337
f 9337 9414 9415
f 9337 9415 9338
f 9338 9415 9416
f 9347 9417 9346
f 9346 9417 9348
f 9348 9417 9418
f 9348 9418 9349
f 9349 9418 9419
f 9349 9419 9350
f 9350 9419 9420
f 9350 9420 9351
f 9351 9420 9421
f 9351 9421 9352
f 9357 9422 9356
f 9356 9422 9358
f 9358 9422 9423
f 9358 9423 9359
f 9359 9423 9424
f 9359 9424 9360
f 9360 9424 9425
f 9360 9425 9361
f 9361 9425 9426
f 9361 9426 9362
f 9362 9426 9427
f 9362 9427 9363
f 9363 9427 9428
f 9363 9428 9364
f 9364 9428 9429
f 9364 9429 9365
f 9365 9429 9430
f 9365 9430 9366
f 9366 9430 9431
f 9366 9431 9367
f 9367 9431 9432
f 9367 9432 9368
f 9368 9432 9433
f 9368 9433 9369
f 9369 9433 9434
f 9369 9434 9370
f 9370 9434 9435
f 9370 9435 9371
f 9371 9435 9436
f 9371 9436 9372
f 9372 9436 9437
f 9372 9437 9373
f 9373 9437 9438
f 9373 9438 9374
f 9374 9438 9439
f 9374 9439 9375
f 9375 9439 9440
f 9375 9440 9376
f 9376 9440 9441
f 9376 9441 9377
f 9377 9441 9442
f 9377 9442 9378
f 9378 9442 9443
f 9378 9443 9379
f 9379 9443 9444
f 9379 9444 9380
f 9380 9444 9445
f 9380 9445 9381
f 9381 9445 9446
f 9381 9446 9382
f 9382 9446 9447
f 9382 9447 9383
f 9383 9447 9448
f 9383 9448 5775
f 9448 5835 5775
f 9448 9449 5835
f 5835 9450 5836
f 9449 9450 5835
f 5836 9451 5837
f 9450 9451 5836
f 5778 5837 9384
f 5837 9452 9384
f 5837 9451 9452
f 9384 9452 9385
f 9385 9452 9453
f 9385 9453 9386
f 9386 9453 9454
f 9386 9454 9387
f 9387 9454 9455
f 9387 9455 9388
f 9388 9455 9456
f 9388 9456 5785
f 9456 5838 5785
f 9456 9457 5838
f 5838 9458 5839
f 9457 9458 5838
f 9458 9460 9459
f 5840 9458 9459
f 5839 9458 5840
f 9461 5841 5840
f 9461 5840 9459
f 9462 5842 5841
f 9462 5841 9461
f 9463 5843 5842
f 9463 5842 9462
f 9464 5844 5843
f 9464 5843 9463
f 9465 5845 5844
f 9465 5844 9464
f 9466 5846 5845
f 9466 5845 9465
f 9467 5847 5846
f 9467 5846 9466
f 9468 5848 5847
f 9468 5847 9467
f 9469 5849 5848
f 9469 5848 9468
f 9470 5850 5849
f 9470 5849 9469
f 9471 5851 5850
f 9471 5850 9470
f 9472 5852 5851
f 9472 5851 9471
f 9473 5853 5852
f 9473 5852 9472
f 9474 5854 5853
f 9474 5853 9473
f 9475 5855 5854
f 9475 5854 9474
f 9476 5856 5855
f 9476 5855 9475
f 9477 5857 5856
f 9477 5856 9476
f 9478 5858 5857
f 9478 5857 9477
f 9479 5859 5858
f 9479 5858 9478
f 9480 5860 5859
f 9480 5859 9479
f 5860 9480 9481
f 9482 5860 9481
f 5861 5860 9482
f 5809 5861 9389
f 5861 9483 9389
f 5861 9482 9483
f 9389 9483 9390
f 9390 9483 9484
f 9484 9486 9485
f 9484 9485 5862
f 9390 9484 5862
f 5813 9390 5862
f 9485 9487 5862
f 5862 9487 5814
f 9487 9488 5814
f 9488 9391 5814
f 9391 9488 9392
f 9392 9488 9489
f 9392 9489 9393
f 9393 9489 9490
f 9393 9490 9394
f 9394 9490 9491
f 9394 9491 5820
f 9491 5863 5820
f 9491 9492 5863
f 9492 9494 9493
f 5864 9492 9493
f 5863 9492 5864
f 9493 9495 5864
f 5864 9495 5822
f 9495 9496 5822
f 9496 9395 5822
f 9395 9496 9396
f 9396 9496 9497
f 9396 9497 9397
f 9397 9497 9498
f 9397 9498 9398
f 9398 9498 9499
f 9398 9499 9399
f 9399 9499 9500
f 9399 9500 9400
f 9400 9500 9501
f 9400 9501 9401
f 9401 9501 9502
f 9401 9502 9402
f 9402 9502 9503
f 9402 9503 9403
f 9403 9503 9504
f 9403 9504 9404
f 9404 9504 9505
f 9404 9505 9405
f 9405 9505 9506
f 9405 9506 9406
f 9406 9506 9507
f 9406 9507 9407
f 9411 9508 9410
f 9410 9508 9412
f 9460 9509 9459
f 9459 9509 9461
f 9461 9509 9510
f 9461 9510 9462
f 9462 9510 9511
f 9462 9511 9463
f 9463 9511 9512
f 9463 9512 9464
f 9464 9512 9513
f 9464 9513 9465
f 9465 9513 9514
f 9465 9514 9466
f 9466 9514 9515
f 9466 9515 9467
f 9467 9515 9516
f 9467 9516 9468
f 9468 9516 9517
f 9468 9517 9469
f 9469 9517 9518
f 9469 9518 9470
f 9470 9518 9519
f 9470 9519 9471
f 9471 9519 9520
f 9471 9520 9472
f 9472 9520 9521
f 9472 9521 9473
f 9473 9521 9522
f 9473 9522 9474
f 9474 9522 9523
f 9474 9523 9475
f 9475 9523 9524
f 9475 9524 9476
f 9476 9524 9525
f 9476 9525 9477
f 9477 9525 9526
f 9477 9526 9478
f 9478 9526 9527
f 9478 9527 9479
f 9479 9527 9528
f 9479 9528 9480
f 9480 9528 9529
f 9480 9529 9481
f 9486 9530 9485
f 9485 9530 9487
f 9494 9531 9493
f 9493 9531 9495
f 9534 9533 9532
f 9536 9535 9532
f 9532 9535 9534
f 9538 9537 9536
f 9536 9537 9535
f 9540 9539 9538
f 9538 9539 9537
f 9540 9541 9539
f 9544 9543 9542
f 9542 9545 9544
f 9548 9547 9546
f 9546 9549 9548
f 9552 9551 9550
f 9554 9553 9550
f 9550 9553 9552
f 9553 9554 9533
f 9554 9532 9533
f 9554 9555 9532
f 9532 9556 9536
f 9532 9555 9556
f 9536 9557 9538
f 9536 9556 9557
f 9538 9558 9540
f 9538 9557 9558
f 9541 9540 9559
f 9540 9560 9559
f 9540 9558 9560
f 9559 9560 9543
f 9560 9542 9543
f 9560 9561 9542
f 9545 9542 9562
f 9542 9563 9562
f 9542 9561 9563
f 9565 9564 9563
f 9563 9564 9562
f 9567 9566 9565
f 9565 9566 9564
f 9569 9568 9567
f 9567 9568 9566
f 9569 9570 9568
f 9573 9572 9571
f 9575 9574 9571
f 9571 9574 9573
f 9577 9576 9575
f 9575 9576 9574
f 9579 9578 9577
f 9577 9578 9576
f 9578 9579 9547
f 9579 9546 9547
f 9579 9580 9546
f 9549 9546 9581
f 9546 9582 9581
f 9546 9580 9582
f 9584 9583 9582
f 9582 9583 9581
f 9583 9584 9551
f 9584 9550 9551
f 9584 9585 9550
f 9550 9586 9554
f 9550 9585 9586
f 9554 9587 9555
f 9554 9586 9587
f 9555 9588 9556
f 9555 9587 9588
f 9556 9589 9557
f 9556 9588 9589
f 9557 9590 9558
f 9557 9589 9590
f 9558 9591 9560
f 9558 9590 9591
f 9560 9592 9561
f 9560 9591 9592
f 9561 9593 9563
f 9561 9592 9593
f 9563 9594 9565
f 9563 9593 9594
f 9565 9595 9567
f 9565 9594 9595
f 9567 9596 9569
f 9567 9595 9596
f 9570 9569 9597
f 9569 9598 9597
f 9569 9596 9598
f 9600 9599 9598
f 9598 9599 9597
f 9602 9601 9600
f 9600 9601 9599
f 9602 9603 9601
f 9606 9605 9604
f 9608 9607 9604
f 9604 9607 9606
f 9610 9609 9608
f 9608 9609 9607
f 9612 9611 9610
f 9610 9611 9609
f 9614 9613 9612
f 9612 9613 9611
f 9613 9614 9572
f 9614 9571 9572
f 9614 9615 9571
f 9571 9616 9575
f 9571 9615 9616
f 9575 9617 9577
f 9575 9616 9617
f 9577 9618 9579
f 9577 9617 9618
f 9579 9619 9580
f 9579 9618 9619
f 9580 9620 9582
f 9580 9619 9620
f 9582 9621 9584
f 9582 9620 9621
f 9621 5866 5867
f 9585 9621 5867
f 9584 9621 9585
f 9585 5867 5868
f 9585 5868 9586
f 9586 5868 5870
f 9586 5870 9587
f 9587 5870 5872
f 9587 5872 9588
f 9588 5872 5874
f 9588 5874 9589
f 9589 5874 5876
f 9589 5876 9590
f 9590 5876 5878
f 9590 5878 9591
f 9591 5878 5880
f 9591 5880 9592
f 9592 5880 5882
f 9592 5882 9593
f 9593 5882 5884
f 9593 5884 9594
f 9594 5884 5886
f 9594 5886 9595
f 9595 5886 5888
f 9595 5888 9596
f 9596 5888 5890
f 9596 5890 9598
f 9598 5890 5892
f 9622 9598 5892
f 9600 9598 9622
f 9600 9623 9602
f 9600 9622 9623
f 9603 9602 9624
f 9602 9625 9624
f 9602 9623 9625
f 9627 9626 9625
f 9625 9626 9624
f 9629 9628 9627
f 9627 9628 9626
f 9631 9630 9629
f 9629 9630 9628
f 9633 9632 9631
f 9631 9632 9630
f 9635 9634 9633
f 9633 9634 9632
f 9637 9636 9635
f 9635 9636 9634
f 9637 9638 9636
f 9641 9640 9639
f 9643 9642 9639
f 9639 9642 9641
f 9645 9644 9643
f 9643 9644 9642
f 9647 9646 9645
f 9645 9646 9644
f 9649 9648 9647
f 9647 9648 9646
f 9651 9650 9649
f 9649 9650 9648
f 9653 9652 9651
f 9651 9652 9650
f 9655 9654 9653
f 9653 9654 9652
f 9657 9656 9655
f 9655 9656 9654
f 9659 9658 9657
f 9657 9658 9656
f 9658 9659 9605
f 9659 9604 9605
f 9659 9660 9604
f 9660 5894 5895
f 9608 9660 5895
f 9604 9660 9608
f 9608 5895 5896
f 9608 5896 9610
f 9610 5896 5898
f 9610 5898 9612
f 9612 5898 5900
f 9612 5900 9614
f 9614 5900 5902
f 9614 5902 9615
f 9615 5902 5904
f 9615 5904 9616
f 9616 5904 5906
f 9616 5906 9617
f 9617 5906 5908
f 9617 5908 9618
f 9618 5908 5910
f 9618 5910 9619
f 9619 5910 5912
f 9619 5912 9620
f 9620 5912 5914
f 9620 5914 9621
f 9621 5914 5866
f 5929 9622 5892
f 9622 5929 5931
f 9622 5931 9623
f 9623 5931 5933
f 9623 5933 9625
f 9625 5933 5935
f 9661 9625 5935
f 9627 9625 9661
f 9627 9662 9629
f 9627 9661 9662
f 9629 9663 9631
f 9629 9662 9663
f 9631 9664 9633
f 9631 9663 9664
f 9633 9665 9635
f 9633 9664 9665
f 9635 9666 9637
f 9635 9665 9666
f 9638 9637 9667
f 9637 9668 9667
f 9637 9666 9668
f 9668 9669 9667
f 9640 9670 9639
f 9639 9670 9643
f 9643 9670 9671
f 9643 9671 9645
f 9645 9671 9672
f 9645 9672 9647
f 9647 9672 9673
f 9647 9673 9649
f 9649 9673 9674
f 9676 9675 9674
f 9675 9649 9674
f 9675 9651 9649
f 9651 9677 9653
f 9651 9675 9677
f 9653 9678 9655
f 9653 9677 9678
f 9655 9679 9657
f 9655 9678 9679
f 9657 9680 9659
f 9657 9679 9680
f 9659 9681 9660
f 9659 9680 9681
f 9681 5937 5894
f 9681 5894 9660
f 5964 9661 5935
f 9661 5964 5966
f 9661 5966 9662
f 9662 5966 5968
f 9682 9662 5968
f 9663 9662 9682
f 9663 9683 9664
f 9663 9682 9683
f 9664 9684 9665
f 9664 9683 9684
f 9665 9685 9666
f 9665 9684 9685
f 9666 9686 9668
f 9666 9685 9686
f 9669 9668 9687
f 9687 9668 9686
f 9676 9688 9675
f 9675 9688 9677
f 9677 9688 9689
f 9677 9689 9678
f 9678 9689 9690
f 9692 9691 9690
f 9691 9678 9690
f 9691 9679 9678
f 9679 9693 9680
f 9679 9691 9693
f 9680 9694 9681
f 9680 9693 9694
f 9695 5969 5937
f 9681 9695 5937
f 9694 9695 9681
f 9695 5971 5969
f 5972 9696 5973
f 9697 5974 5973
f 9697 5973 9696
f 9698 5975 5974
f 9698 5974 9697
f 9699 5976 5975
f 9699 5975 9698
f 9700 5977 5976
f 9700 5976 9699
f 9701 5978 5977
f 9701 5977 9700
f 9702 5979 5978
f 9702 5978 9701
f 9702 5981 5979
f 5982 9703 5983
f 9704 5984 5983
f 9704 5983 9703
f 9705 5985 5984
f 9705 5984 9704
f 9705 5987 5985
f 5995 9706 5996
f 9707 5997 5996
f 9707 5996 9706
f 9708 5998 5997
f 9708 5997 9707
f 9708 6000 5998
f 6002 9709 6003
f 9710 6004 6003
f 9710 6003 9709
f 9711 6005 6004
f 9711 6004 9710
f 9682 5968 6005
f 9711 9682 6005
f 9712 9682 9711
f 9682 9713 9683
f 9682 9712 9713
f 9683 9714 9684
f 9683 9713 9714
f 9684 9715 9685
f 9684 9714 9715
f 9717 9686 9716
f 9686 9715 9716
f 9686 9685 9715
f 9686 9717 9687
f 9720 9719 9718
f 9722 9721 9718
f 9718 9721 9720
f 9722 9723 9721
f 9726 9725 9724
f 9728 9727 9724
f 9724 9727 9726
f 9730 9729 9728
f 9728 9729 9727
f 9732 9731 9730
f 9730 9731 9729
f 9731 9732 9692
f 9732 9691 9692
f 9732 9733 9691
f 9691 9734 9693
f 9691 9733 9734
f 9734 6007 6008
f 9694 9734 6008
f 9693 9734 9694
f 9694 6008 6009
f 9694 6009 9695
f 9695 6009 5971
f 6012 9696 5972
f 9696 6012 6014
f 9696 6014 9697
f 9697 6014 6016
f 9697 6016 9698
f 9698 6016 6018
f 9698 6018 9699
f 9699 6018 6020
f 9699 6020 9700
f 9700 6020 6022
f 9735 9700 6022
f 9701 9700 9735
f 9735 6024 6025
f 9702 9735 6025
f 9701 9735 9702
f 9702 6025 5981
f 6027 9703 5982
f 9703 6027 6029
f 9703 6029 9704
f 9704 6029 6031
f 9704 6031 9705
f 9705 6031 5987
f 6041 9706 5995
f 9706 6041 6043
f 9706 6043 9707
f 9707 6043 6045
f 9707 6045 9708
f 9708 6045 6000
f 6049 9709 6002
f 9709 6049 6051
f 9709 6051 9710
f 9710 6051 6053
f 9710 6053 9711
f 9711 6053 6055
f 9736 9711 6055
f 9712 9711 9736
f 9712 9737 9713
f 9712 9736 9737
f 9713 9738 9714
f 9713 9737 9738
f 9714 9739 9715
f 9714 9738 9739
f 9716 9715 9740
f 9715 9741 9740
f 9715 9739 9741
f 9743 9742 9741
f 9741 9742 9740
f 9743 9744 9742
f 9747 9746 9745
f 9749 9748 9745
f 9745 9748 9747
f 9751 9750 9749
f 9749 9750 9748
f 9751 9752 9750
f 9755 9754 9753
f 9757 9756 9753
f 9753 9756 9755
f 9759 9758 9757
f 9757 9758 9756
f 9759 9760 9758
f 9763 9762 9761
f 9765 9764 9761
f 9761 9764 9763
f 9767 9766 9765
f 9765 9766 9764
f 9767 9768 9766
f 9771 9770 9769
f 9773 9772 9769
f 9769 9772 9771
f 9775 9774 9773
f 9773 9774 9772
f 6057 6058 9775
f 6058 9774 9775
f 6058 9776 9774
f 9777 6058 6059
f 9777 9776 6058
f 9778 6059 6061
f 9778 9777 6059
f 9780 9779 6063
f 9779 6061 6063
f 9779 9778 6061
f 9782 9781 9780
f 9780 9781 9779
f 9784 9783 9782
f 9782 9783 9781
f 9786 9785 9784
f 9784 9785 9783
f 6065 6066 9786
f 6066 9785 9786
f 6066 9787 9785
f 9788 6066 6067
f 9788 9787 6066
f 6069 9718 9719
f 9788 6069 9719
f 6067 6069 9788
f 9718 6069 6071
f 9718 6071 9722
f 9789 9723 9722
f 6071 9789 9722
f 6073 9789 6071
f 9790 6073 6075
f 9790 9789 6073
f 6077 9724 9725
f 9790 6077 9725
f 6075 6077 9790
f 9724 6077 6079
f 9724 6079 9728
f 9728 6079 6081
f 9728 6081 9730
f 9730 6081 6083
f 9730 6083 9732
f 9732 6083 6085
f 9732 6085 9733
f 9733 6085 6087
f 9733 6087 9734
f 9734 6087 6007
f 6095 9735 6022
f 9735 6095 6024
f 6110 9736 6055
f 9736 6110 6112
f 9736 6112 9737
f 9737 6112 6114
f 9737 6114 9738
f 9738 6114 6116
f 9738 6116 9739
f 9739 6116 6118
f 9739 6118 9741
f 9741 6118 6120
f 9741 6120 9743
f 9791 9744 9743
f 6120 9791 9743
f 6122 9791 6120
f 9792 6122 6124
f 9792 9791 6122
f 6126 9745 9746
f 9792 6126 9746
f 6124 6126 9792
f 9745 6126 6128
f 9745 6128 9749
f 9749 6128 6130
f 9749 6130 9751
f 9793 9752 9751
f 6130 9793 9751
f 6132 9793 6130
f 9795 9794 6134
f 9794 6132 6134
f 9794 9793 6132
f 9797 9796 9795
f 9795 9796 9794
f 9799 9798 9797
f 9797 9798 9796
f 9798 9799 9754
f 9754 9799 9753
f 9799 6136 9753
f 6136 6137 9753
f 9753 6137 6138
f 9753 6138 9757
f 9757 6138 6140
f 9757 6140 9759
f 9801 9800 6142
f 6142 9800 6140
f 9800 9760 6140
f 9760 9759 6140
f 9803 9802 9801
f 9801 9802 9800
f 9805 9804 9803
f 9803 9804 9802
f 9805 9806 9804
f 9809 9808 9807
f 9811 9810 9807
f 9807 9810 9809
f 9813 9812 9811
f 9811 9812 9810
f 9815 9814 9813
f 9813 9814 9812
f 9817 9816 9815
f 9815 9816 9814
f 9819 9818 9817
f 9817 9818 9816
f 9821 9820 9819
f 9819 9820 9818
f 9823 9822 9821
f 9821 9822 9820
f 9825 9824 9823
f 9823 9824 9822
f 9827 9826 9825
f 9825 9826 9824
f 9827 9828 9826
f 9831 9830 9829
f 9833 9832 9829
f 9829 9832 9831
f 9833 9834 9832
f 9837 9836 9835
f 9835 9838 9837
f 9841 9840 9839
f 9843 9842 9839
f 9839 9842 9841
f 9843 9844 9842
f 9847 9846 9845
f 9849 9848 9845
f 9845 9848 9847
f 9849 9850 9848
f 9853 9852 9851
f 9855 9854 9851
f 9851 9854 9853
f 9857 9856 9855
f 9855 9856 9854
f 9857 9858 9856
f 9861 9860 9859
f 9859 9860 9862
f 9864 9863 9861
f 9861 9863 9860
f 9863 9864 9762
f 9762 9864 9761
f 9864 6144 9761
f 6144 6145 9761
f 9761 6145 6146
f 9865 9761 6146
f 9765 9761 9865
f 9765 9866 9767
f 9765 9865 9866
f 9768 9767 9867
f 9767 9868 9867
f 9767 9866 9868
f 9870 9869 9868
f 9868 9869 9867
f 9872 9871 9870
f 9870 9871 9869
f 9871 9872 9770
f 9872 9769 9770
f 9872 9873 9769
f 9873 6148 6149
f 9773 9873 6149
f 9769 9873 9773
f 9773 6149 6150
f 9773 6150 9775
f 9775 6150 6057
f 6155 9780 6063
f 9780 6155 6157
f 9780 6157 9782
f 9782 6157 6159
f 9782 6159 9784
f 9784 6159 6161
f 9784 6161 9786
f 9786 6161 6065
f 6187 9795 6134
f 9795 6187 6189
f 9795 6189 9797
f 9797 6189 6191
f 9797 6191 9799
f 9799 6191 6136
f 6196 9801 6142
f 9801 6196 6198
f 9801 6198 9803
f 9803 6198 6200
f 9874 9803 6200
f 9805 9803 9874
f 9806 9805 9875
f 9805 9876 9875
f 9805 9874 9876
f 9878 9877 9876
f 9876 9877 9875
f 9880 9879 9878
f 9878 9879 9877
f 9879 9880 9808
f 9808 9880 9807
f 9880 6202 9807
f 6202 6203 9807
f 9807 6203 6204
f 9807 6204 9811
f 9811 6204 6206
f 9811 6206 9813
f 9813 6206 6208
f 9813 6208 9815
f 9815 6208 6210
f 9881 9815 6210
f 9817 9815 9881
f 9817 9882 9819
f 9817 9881 9882
f 9819 9883 9821
f 9819 9882 9883
f 9821 9884 9823
f 9821 9883 9884
f 9884 6212 6213
f 9825 9884 6213
f 9823 9884 9825
f 9825 6213 6214
f 9825 6214 9827
f 9886 9885 6216
f 6216 9885 6214
f 9885 9828 6214
f 9828 9827 6214
f 9888 9887 9886
f 9886 9887 9885
f 9890 9889 9888
f 9888 9889 9887
f 9892 9891 9890
f 9890 9891 9889
f 9894 9893 9892
f 9892 9893 9891
f 9896 9895 9894
f 9894 9895 9893
f 9895 9896 9830
f 9896 9829 9830
f 9896 9897 9829
f 9829 9898 9833
f 9829 9897 9898
f 9834 9833 9899
f 9833 9900 9899
f 9833 9898 9900
f 9902 9901 9900
f 9900 9901 9899
f 9904 9903 9902
f 9902 9903 9901
f 9906 9905 9904
f 9904 9905 9903
f 9906 9907 9905
f 9910 9909 9908
f 9912 9911 9908
f 9908 9911 9910
f 9914 9913 9912
f 9912 9913 9911
f 9914 9915 9913
f 9918 9917 9916
f 9920 9919 9916
f 9916 9919 9918
f 9922 9921 9920
f 9920 9921 9919
f 9922 9923 9921
f 9926 9925 9924
f 9928 9927 9924
f 9924 9927 9926
f 9930 9929 9928
f 9928 9929 9927
f 9932 9931 9930
f 9930 9931 9929
f 9934 9933 9932
f 9932 9933 9931
f 9933 9934 9836
f 9934 9835 9836
f 9934 9935 9835
f 9838 9835 9936
f 9835 9937 9936
f 9835 9935 9937
f 9937 9938 9936
f 9941 9940 9939
f 9943 9942 9939
f 9939 9942 9941
f 9945 9944 9943
f 9943 9944 9942
f 9944 9945 9840
f 9840 9945 9839
f 9945 6218 9839
f 6218 6219 9839
f 9839 6219 6220
f 9839 6220 9843
f 9947 9946 6222
f 6222 9946 6220
f 9946 9844 6220
f 9844 9843 6220
f 9949 9948 9947
f 9947 9948 9946
f 9951 9950 9949
f 9949 9950 9948
f 9953 9952 9951
f 9951 9952 9950
f 9955 9954 9953
f 9953 9954 9952
f 9954 9955 9846
f 9846 9955 9845
f 9955 6224 9845
f 6224 6225 9845
f 9845 6225 6226
f 9845 6226 9849
f 9957 9956 6228
f 6228 9956 6226
f 9956 9850 6226
f 9850 9849 6226
f 9957 9958 9956
f 9961 9960 9959
f 9959 9962 9961
f 9965 9964 9963
f 9967 9966 9963
f 9963 9966 9965
f 9969 9968 9967
f 9967 9968 9966
f 9971 9970 9969
f 9969 9970 9968
f 9973 9972 9971
f 9971 9972 9970
f 9975 9974 9973
f 9973 9974 9972
f 9975 9976 9974
f 9979 9978 9977
f 9977 9980 9979
f 9983 9982 9981
f 9985 9984 9981
f 9981 9984 9983
f 9987 9986 9985
f 9985 9986 9984
f 9987 9988 9986
f 9991 9990 9989
f 9991 9989 9852
f 9989 9851 9852
f 9989 9992 9851
f 9851 9993 9855
f 9851 9992 9993
f 9855 9994 9857
f 9855 9993 9994
f 9858 9857 9995
f 9857 9996 9995
f 9857 9994 9996
f 9998 9997 9996
f 9996 9997 9995
f 9859 9999 9861
f 9859 10000 9999
f 9861 10001 9864
f 9861 9999 10001
f 10002 6229 6144
f 9864 10002 6144
f 10001 10002 9864
f 9865 6146 6229
f 10002 9865 6229
f 10003 9865 10002
f 9865 10004 9866
f 9865 10003 10004
f 9866 10005 9868
f 9866 10004 10005
f 9868 10006 9870
f 9868 10005 10006
f 9870 10007 9872
f 9870 10006 10007
f 9872 10008 9873
f 9872 10007 10008
f 10009 6230 6148
f 9873 10009 6148
f 10008 10009 9873
f 10009 6232 6230
f 6302 9874 6200
f 9874 6302 6304
f 10010 9874 6304
f 9876 9874 10010
f 9876 10011 9878
f 9876 10010 10011
f 9878 10012 9880
f 9878 10011 10012
f 10012 6306 6202
f 10012 6202 9880
f 6310 9881 6210
f 9881 6310 6312
f 10013 9881 6312
f 9882 9881 10013
f 9882 10014 9883
f 9882 10013 10014
f 9883 10015 9884
f 9883 10014 10015
f 10015 6314 6212
f 10015 6212 9884
f 6316 10016 9886
f 6316 9886 6216
f 9886 10017 9888
f 9886 10016 10017
f 9888 10018 9890
f 9888 10017 10018
f 10020 9892 10019
f 9892 10018 10019
f 9892 9890 10018
f 10022 10021 10020
f 10021 9892 10020
f 10021 9894 9892
f 9894 10023 9896
f 9894 10021 10023
f 10023 6318 6319
f 9897 10023 6319
f 9896 10023 9897
f 9897 6319 6320
f 9897 6320 9898
f 9898 6320 6322
f 10024 9898 6322
f 9900 9898 10024
f 9900 10025 9902
f 9900 10024 10025
f 9902 10026 9904
f 9902 10025 10026
f 10028 9906 10027
f 9906 10026 10027
f 9906 9904 10026
f 9906 10028 9907
f 9908 9909 10029
f 10029 9909 10030
f 9908 10031 9912
f 9908 10029 10031
f 9912 10032 9914
f 9912 10031 10032
f 9915 9914 10033
f 10033 9914 10032
f 9916 9917 10034
f 10034 9917 10035
f 9916 10036 9920
f 9916 10034 10036
f 9920 10037 9922
f 9920 10036 10037
f 9923 9922 10038
f 10038 9922 10037
f 9925 10039 9924
f 10041 10040 10039
f 10040 9924 10039
f 10040 9928 9924
f 9928 10042 9930
f 9928 10040 10042
f 9930 10043 9932
f 9930 10042 10043
f 9932 10044 9934
f 9932 10043 10044
f 9934 10045 9935
f 9934 10044 10045
f 9935 10046 9937
f 9935 10045 10046
f 9938 9937 10047
f 10047 9937 10046
f 9939 9940 10048
f 10048 9940 10049
f 9939 10050 9943
f 9939 10048 10050
f 9943 10051 9945
f 9943 10050 10051
f 10051 6324 6218
f 10051 6218 9945
f 6325 10052 6326
f 9947 6222 6326
f 10052 9947 6326
f 10053 9947 10052
f 9947 10054 9949
f 9947 10053 10054
f 9949 10055 9951
f 9949 10054 10055
f 10057 9953 10056
f 9953 10055 10056
f 9953 9951 10055
f 9953 10057 9955
f 9955 10057 10058
f 10058 10060 10059
f 10058 10059 6327
f 9955 10058 6327
f 6224 9955 6327
f 10061 6328 6327
f 10061 6327 10059
f 9957 6228 6328
f 10061 9957 6328
f 10062 9957 10061
f 9958 9957 10063
f 10063 9957 10062
f 9960 10064 9959
f 9959 10064 9962
f 9963 9964 10065
f 10065 9964 10066
f 9963 10067 9967
f 9963 10065 10067
f 9967 10068 9969
f 9967 10067 10068
f 9969 10069 9971
f 9969 10068 10069
f 10071 9973 10070
f 9973 10069 10070
f 9973 9971 10069
f 9973 10071 9975
f 9975 10071 10072
f 9975 10072 9976
f 9978 10073 9977
f 9977 10073 9980
f 9982 10074 9981
f 10076 10075 10074
f 10075 9981 10074
f 10075 9985 9981
f 10078 9987 10077
f 9987 10075 10077
f 9987 9985 10075
f 9987 10078 9988
f 9990 10079 9989
f 10081 10080 10079
f 10080 9989 10079
f 10080 9992 9989
f 9992 10082 9993
f 9992 10080 10082
f 9993 10083 9994
f 9993 10082 10083
f 9994 10084 9996
f 9994 10083 10084
f 9996 10085 9998
f 9996 10084 10085
f 10088 10087 10086
f 10087 10000 10086
f 10087 9999 10000
f 9999 10089 10001
f 9999 10087 10089
f 10001 10090 10002
f 10001 10089 10090
f 10002 10091 10003
f 10002 10090 10091
f 10003 10092 10004
f 10003 10091 10092
f 10094 10005 10093
f 10005 10092 10093
f 10005 10004 10092
f 10005 10094 10006
f 10006 10094 10095
f 10097 10096 10095
f 10096 10006 10095
f 10096 10007 10006
f 10007 10098 10008
f 10007 10096 10098
f 10008 10099 10009
f 10008 10098 10099
f 10100 6329 6232
f 10009 10100 6232
f 10099 10100 10009
f 10101 6330 6329
f 10101 6329 10100
f 10102 6331 6330
f 10102 6330 10101
f 10103 6332 6331
f 10103 6331 10102
f 10104 6333 6332
f 10104 6332 10103
f 10105 6334 6333
f 10105 6333 10104
f 10106 6335 6334
f 10106 6334 10105
f 10107 6336 6335
f 10107 6335 10106
f 10108 6337 6336
f 10108 6336 10107
f 10108 6339 6337
f 6342 10109 6343
f 10109 6345 6343
f 6402 10110 6403
f 10010 6304 6403
f 10110 10010 6403
f 10111 10010 10110
f 10010 10112 10011
f 10010 10111 10112
f 10011 10113 10012
f 10011 10112 10113
f 10113 6405 6306
f 10113 6306 10012
f 6410 10114 10013
f 6410 10013 6312
f 10013 10115 10014
f 10013 10114 10115
f 10014 10116 10015
f 10014 10115 10116
f 10116 6412 6314
f 10116 6314 10015
f 6414 10117 10016
f 6414 10016 6316
f 10016 10118 10017
f 10016 10117 10118
f 10017 10119 10018
f 10017 10118 10119
f 10019 10018 10120
f 10120 10018 10119
f 10021 10022 10121
f 10121 10022 10122
f 10021 10123 10023
f 10021 10121 10123
f 10123 6416 6318
f 10123 6318 10023
f 6418 10024 6322
f 10024 6418 6420
f 10124 10024 6420
f 10025 10024 10124
f 10025 10125 10026
f 10025 10124 10125
f 10027 10026 10126
f 10026 10127 10126
f 10026 10125 10127
f 10127 10128 10126
f 10029 10030 10129
f 10129 10030 10130
f 10029 10131 10031
f 10029 10129 10131
f 10031 10132 10032
f 10031 10131 10132
f 10033 10032 10133
f 10133 10032 10132
f 10034 10035 10134
f 10134 10035 10135
f 10034 10136 10036
f 10034 10134 10136
f 10036 10137 10037
f 10036 10136 10137
f 10038 10037 10138
f 10138 10037 10137
f 10141 10140 10139
f 10141 10139 10041
f 10139 10040 10041
f 10139 10142 10040
f 10040 10143 10042
f 10040 10142 10143
f 10042 10144 10043
f 10042 10143 10144
f 10043 10145 10044
f 10043 10144 10145
f 10044 10146 10045
f 10044 10145 10146
f 10045 10147 10046
f 10045 10146 10147
f 10047 10046 10148
f 10148 10046 10147
f 10048 10049 10149
f 10149 10049 10150
f 10048 10151 10050
f 10048 10149 10151
f 10050 10152 10051
f 10050 10151 10152
f 10152 6422 6324
f 10152 6324 10051
f 6423 10153 10052
f 6423 10052 6325
f 10052 10154 10053
f 10052 10153 10154
f 10053 10155 10054
f 10053 10154 10155
f 10054 10156 10055
f 10054 10155 10156
f 10056 10055 10157
f 10157 10055 10156
f 10059 10060 10158
f 10158 10060 10159
f 10059 10160 10061
f 10059 10158 10160
f 10061 10161 10062
f 10061 10160 10161
f 10063 10062 10162
f 10162 10062 10161
f 10066 10163 10065
f 10165 10164 10163
f 10164 10065 10163
f 10164 10067 10065
f 10067 10166 10068
f 10067 10164 10166
f 10068 10167 10069
f 10068 10166 10167
f 10070 10069 10168
f 10168 10069 10167
f 10076 10169 10075
f 10075 10169 10077
f 10080 10081 10170
f 10170 10081 10171
f 10080 10172 10082
f 10080 10170 10172
f 10082 10173 10083
f 10082 10172 10173
f 10175 10084 10174
f 10084 10173 10174
f 10084 10083 10173
f 10084 10175 10085
f 10085 10175 10176
f 10178 10177 10088
f 10177 10087 10088
f 10177 10179 10087
f 10179 6425 6426
f 10089 10179 6426
f 10087 10179 10089
f 10089 6426 6427
f 10089 6427 10090
f 10090 6427 6429
f 10090 6429 10091
f 10091 6429 6431
f 10091 6431 10092
f 10181 10180 6433
f 6433 10180 6431
f 10180 10093 6431
f 10093 10092 6431
f 10183 10182 10181
f 10181 10182 10180
f 10182 10183 10097
f 10183 10096 10097
f 10183 10184 10096
f 10096 10185 10098
f 10096 10184 10185
f 10185 6435 6436
f 10099 10185 6436
f 10098 10185 10099
f 10099 6436 6437
f 10099 6437 10100
f 10100 6437 6439
f 10100 6439 10101
f 10101 6439 6441
f 10101 6441 10102
f 10102 6441 6443
f 10102 6443 10103
f 10103 6443 6445
f 10103 6445 10104
f 10104 6445 6447
f 10104 6447 10105
f 10105 6447 6449
f 10105 6449 10106
f 10106 6449 6451
f 10106 6451 10107
f 10107 6451 6453
f 10107 6453 10108
f 10108 6453 6339
f 6458 10109 6342
f 10109 6458 6345
f 6517 10110 6402
f 10110 6517 6519
f 10186 10110 6519
f 10111 10110 10186
f 10111 10187 10112
f 10111 10186 10187
f 10187 6521 6522
f 10113 10187 6522
f 10112 10187 10113
f 10113 6522 6405
f 6528 10114 6410
f 10114 6528 6530
f 10114 6530 10115
f 10115 6530 6532
f 10115 6532 10116
f 10116 6532 6412
f 6536 10117 6414
f 10117 6536 6538
f 10188 10117 6538
f 10118 10117 10188
f 10118 10189 10119
f 10118 10188 10189
f 10120 10119 10190
f 10119 10191 10190
f 10119 10189 10191
f 10190 10191 10122
f 10191 10121 10122
f 10191 10192 10121
f 10192 6540 6541
f 10123 10192 6541
f 10121 10192 10123
f 10123 6541 6416
f 6545 10124 6420
f 10124 6545 6547
f 10124 6547 10125
f 10125 6547 6549
f 10193 10125 6549
f 10127 10125 10193
f 10128 10127 10194
f 10127 10195 10194
f 10127 10193 10195
f 10197 10196 10195
f 10195 10196 10194
f 10196 10197 10130
f 10197 10129 10130
f 10197 10198 10129
f 10198 6551 6552
f 10131 10198 6552
f 10129 10198 10131
f 10131 6552 6553
f 10199 10131 6553
f 10132 10131 10199
f 10133 10132 10200
f 10200 10132 10199
f 10134 10135 10201
f 10201 10135 10202
f 10134 10203 10136
f 10134 10201 10203
f 10136 10204 10137
f 10136 10203 10204
f 10138 10137 10205
f 10137 10206 10205
f 10137 10204 10206
f 10208 10207 10206
f 10206 10207 10205
f 10207 10208 10140
f 10208 10139 10140
f 10208 10209 10139
f 10139 10210 10142
f 10139 10209 10210
f 10210 6555 6556
f 10143 10210 6556
f 10142 10210 10143
f 10143 6556 6557
f 10143 6557 10144
f 10144 6557 6559
f 10144 6559 10145
f 10145 6559 6561
f 10145 6561 10146
f 10146 6561 6563
f 10211 10146 6563
f 10147 10146 10211
f 10148 10147 10212
f 10147 10213 10212
f 10147 10211 10213
f 10215 10214 10213
f 10213 10214 10212
f 10214 10215 10150
f 10215 10149 10150
f 10215 10216 10149
f 10149 10217 10151
f 10149 10216 10217
f 10151 10218 10152
f 10151 10217 10218
f 10218 6565 6422
f 10218 6422 10152
f 6566 10153 6423
f 10153 6566 6568
f 10219 10153 6568
f 10154 10153 10219
f 10154 10220 10155
f 10154 10219 10220
f 10155 10221 10156
f 10155 10220 10221
f 10157 10156 10222
f 10156 10223 10222
f 10156 10221 10223
f 10225 10224 10223
f 10223 10224 10222
f 10224 10225 10159
f 10159 10225 10158
f 10225 6570 10158
f 6570 6571 10158
f 10158 6571 6572
f 10158 6572 10160
f 10160 6572 6574
f 10226 10160 6574
f 10161 10160 10226
f 10162 10161 10227
f 10161 10228 10227
f 10161 10226 10228
f 10230 10229 10228
f 10228 10229 10227
f 10232 10231 10230
f 10230 10231 10229
f 10234 10233 10232
f 10232 10233 10231
f 10236 10235 10234
f 10234 10235 10233
f 10235 10236 10165
f 10165 10236 10164
f 10236 6576 10164
f 6576 6577 10164
f 10164 6577 6578
f 10164 6578 10166
f 10166 6578 6580
f 10237 10166 6580
f 10167 10166 10237
f 10168 10167 10238
f 10167 10239 10238
f 10167 10237 10239
f 10241 10240 10239
f 10239 10240 10238
f 10243 10242 10241
f 10241 10242 10240
f 10245 10244 10243
f 10243 10244 10242
f 10247 10246 10245
f 10245 10246 10244
f 10249 10248 10247
f 10247 10248 10246
f 10251 10250 10249
f 10249 10250 10248
f 10253 10252 10251
f 10251 10252 10250
f 10253 10254 10252
f 10257 10256 10255
f 10259 10258 10255
f 10255 10258 10257
f 10261 10260 10259
f 10259 10260 10258
f 10261 10262 10260
f 10265 10264 10263
f 10267 10266 10263
f 10263 10266 10265
f 10269 10268 10267
f 10267 10268 10266
f 10271 10270 10269
f 10269 10270 10268
f 10273 10272 10271
f 10271 10272 10270
f 6582 6583 10273
f 6583 10272 10273
f 6583 10274 10272
f 10276 10275 6584
f 10275 6583 6584
f 10275 10274 6583
f 10278 10277 10276
f 10276 10277 10275
f 10280 10279 10278
f 10278 10279 10277
f 10282 10281 10280
f 10280 10281 10279
f 10284 10283 10282
f 10282 10283 10281
f 10286 10285 10284
f 10284 10285 10283
f 10285 10286 10171
f 10171 10286 10170
f 10286 6586 10170
f 6586 6587 10170
f 10170 6587 6588
f 10170 6588 10172
f 10172 6588 6590
f 10287 10172 6590
f 10173 10172 10287
f 10174 10173 10288
f 10173 10289 10288
f 10173 10287 10289
f 10291 10290 10289
f 10289 10290 10288
f 10177 6594 6592
f 10177 6592 10179
f 10179 6592 6425
f 6598 10181 6433
f 10181 6598 6600
f 10181 6600 10183
f 10183 6600 6602
f 10183 6602 10184
f 10184 6602 6604
f 10184 6604 10185
f 10185 6604 6435
f 6670 10186 6519
f 10186 6670 6672
f 10186 6672 10187
f 10187 6672 6521
f 6682 10188 6538
f 10188 6682 6684
f 10188 6684 10189
f 10189 6684 6686
f 10189 6686 10191
f 10191 6686 6688
f 10191 6688 10192
f 10192 6688 6540
f 6696 10193 6549
f 10193 6696 6698
f 10193 6698 10195
f 10195 6698 6700
f 10195 6700 10197
f 10197 6700 6702
f 10197 6702 10198
f 10198 6702 6551
f 6705 10199 6553
f 10293 10292 6707
f 6707 10292 6705
f 10292 10200 6705
f 10200 10199 6705
f 10295 10294 10293
f 10293 10294 10292
f 10294 10295 10202
f 10202 10295 10201
f 10295 6709 10201
f 6709 6710 10201
f 10201 6710 6711
f 10201 6711 10203
f 10203 6711 6713
f 10203 6713 10204
f 10204 6713 6715
f 10204 6715 10206
f 10206 6715 6717
f 10206 6717 10208
f 10208 6717 6719
f 10208 6719 10209
f 10209 6719 6721
f 10209 6721 10210
f 10210 6721 6555
f 6727 10211 6563
f 10211 6727 6729
f 10211 6729 10213
f 10213 6729 6731
f 10213 6731 10215
f 10215 6731 6733
f 10215 6733 10216
f 10216 6733 6735
f 10216 6735 10217
f 10217 6735 6737
f 10217 6737 10218
f 10218 6737 6565
f 6739 10219 6568
f 10219 6739 6741
f 10219 6741 10220
f 10220 6741 6743
f 10220 6743 10221
f 10221 6743 6745
f 10221 6745 10223
f 10223 6745 6747
f 10223 6747 10225
f 10225 6747 6570
f 6751 10226 6574
f 10226 6751 6753
f 10226 6753 10228
f 10228 6753 6755
f 10228 6755 10230
f 10230 6755 6757
f 10230 6757 10232
f 10232 6757 6759
f 10232 6759 10234
f 10234 6759 6761
f 10234 6761 10236
f 10236 6761 6576
f 6765 10237 6580
f 10237 6765 6767
f 10237 6767 10239
f 10239 6767 6769
f 10239 6769 10241
f 10241 6769 6771
f 10241 6771 10243
f 10243 6771 6773
f 10243 6773 10245
f 10245 6773 6775
f 10245 6775 10247
f 10247 6775 6777
f 10247 6777 10249
f 10249 6777 6779
f 10249 6779 10251
f 10251 6779 6781
f 10296 10251 6781
f 10253 10251 10296
f 10254 10253 10297
f 10253 10298 10297
f 10253 10296 10298
f 10300 10299 10298
f 10298 10299 10297
f 10302 10301 10300
f 10300 10301 10299
f 10301 10302 10256
f 10256 10302 10255
f 10302 6783 10255
f 6783 6784 10255
f 10255 6784 6785
f 10255 6785 10259
f 10259 6785 6787
f 10303 10259 6787
f 10261 10259 10303
f 10262 10261 10304
f 10261 10305 10304
f 10261 10303 10305
f 10304 10305 10264
f 10264 10305 10263
f 10305 6789 10263
f 6789 6790 10263
f 10263 6790 6791
f 10263 6791 10267
f 10267 6791 6793
f 10267 6793 10269
f 10269 6793 6795
f 10269 6795 10271
f 10271 6795 6797
f 10271 6797 10273
f 10273 6797 6582
f 6800 10276 6584
f 10276 6800 6802
f 10306 10276 6802
f 10278 10276 10306
f 10278 10307 10280
f 10278 10306 10307
f 10307 6804 6805
f 10282 10307 6805
f 10280 10307 10282
f 10282 6805 6806
f 10308 10282 6806
f 10284 10282 10308
f 10308 6808 6809
f 10286 10308 6809
f 10284 10308 10286
f 10286 6809 6586
f 6811 10287 6590
f 10287 6811 6813
f 10287 6813 10289
f 10289 6813 6815
f 10289 6815 10291
f 6916 10309 10293
f 6916 10293 6707
f 10293 10310 10295
f 10293 10309 10310
f 10310 6918 6709
f 10310 6709 10295
f 6955 10296 6781
f 10296 6955 6957
f 10311 10296 6957
f 10298 10296 10311
f 10298 10312 10300
f 10298 10311 10312
f 10312 6959 6960
f 10302 10312 6960
f 10300 10312 10302
f 10302 6960 6783
f 6963 10303 6787
f 10303 6963 6965
f 10303 6965 10305
f 10305 6965 6789
f 6974 10306 6802
f 10306 6974 6976
f 10306 6976 10307
f 10307 6976 6804
f 6979 10308 6806
f 10308 6979 6808
f 7091 10313 10309
f 7091 10309 6916
f 10309 10314 10310
f 10309 10313 10314
f 10314 7093 6918
f 10314 6918 10310
f 7132 10315 10311
f 7132 10311 6957
f 10311 10316 10312
f 10311 10315 10316
f 10316 7134 6959
f 10316 6959 10312
f 7250 10313 7091
f 10313 7250 7252
f 10313 7252 10314
f 10314 7252 7093
f 7289 10317 10315
f 7289 10315 7132
f 10315 10318 10316
f 10315 10317 10318
f 10318 7291 7134
f 10318 7134 10316
f 7444 10317 7289
f 10317 7444 7446
f 10317 7446 10318
f 10318 7446 7291
f 7494 10319 7495
f 10319 7497 7495
f 7574 10320 7575
f 10320 7577 7575
f 7581 10321 7582
f 10322 7583 7582
f 10322 7582 10321
f 10322 7585 7583
f 7589 10323 7590
f 10323 7592 7590
f 7621 10324 7622
f 10324 7624 7622
f 7628 10325 7629
f 10326 7630 7629
f 10326 7629 10325
f 10326 7632 7630
f 7660 10327 7661
f 10327 7663 7661
f 7665 10328 7666
f 10328 7668 7666
f 7670 10329 7671
f 10330 7672 7671
f 10330 7671 10329
f 10331 7673 7672
f 10331 7672 10330
f 10331 7675 7673
f 7676 10332 7677
f 10333 7678 7677
f 10333 7677 10332
f 10334 7679 7678
f 10334 7678 10333
f 10334 7681 7679
f 7685 10335 7686
f 10335 7688 7686
f 7691 10336 7692
f 10319 7494 7692
f 10336 10319 7692
f 10337 10319 10336
f 10338 7693 7497
f 10319 10338 7497
f 10337 10338 10319
f 10338 7695 7693
f 7727 10339 7728
f 10340 7729 7728
f 10340 7728 10339
f 10340 7731 7729
f 7734 10341 7735
f 10341 7737 7735
f 7750 10342 7751
f 10343 7752 7751
f 10343 7751 10342
f 10343 7754 7752
f 7767 10344 7768
f 10345 7769 7768
f 10345 7768 10344
f 10346 7770 7769
f 10346 7769 10345
f 10347 7771 7770
f 10347 7770 10346
f 10347 7773 7771
f 7780 10348 10320
f 7780 10320 7574
f 10349 7781 7577
f 10320 10349 7577
f 10348 10349 10320
f 10349 7783 7781
f 7785 10350 7786
f 10321 7581 7786
f 10350 10321 7786
f 10351 10321 10350
f 10321 10352 10322
f 10321 10351 10352
f 10353 7787 7585
f 10322 10353 7585
f 10352 10353 10322
f 10353 7789 7787
f 7791 10354 7792
f 10323 7589 7792
f 10354 10323 7792
f 10355 10323 10354
f 10356 7793 7592
f 10323 10356 7592
f 10355 10356 10323
f 10356 7795 7793
f 7801 10357 7802
f 10358 7803 7802
f 10358 7802 10357
f 10358 7805 7803
f 7818 10359 7819
f 10360 7820 7819
f 10360 7819 10359
f 10361 7821 7820
f 10361 7820 10360
f 10362 7822 7821
f 10362 7821 10361
f 10362 7824 7822
f 7830 10363 7831
f 10324 7621 7831
f 10363 10324 7831
f 10364 10324 10363
f 10365 7832 7624
f 10324 10365 7624
f 10364 10365 10324
f 10365 7834 7832
f 7836 10366 7837
f 10325 7628 7837
f 10366 10325 7837
f 10367 10325 10366
f 10325 10368 10326
f 10325 10367 10368
f 10369 7838 7632
f 10326 10369 7632
f 10368 10369 10326
f 10369 7840 7838
f 7842 10370 7843
f 10371 7844 7843
f 10371 7843 10370
f 10371 7846 7844
f 7853 10372 7854
f 10373 7855 7854
f 10373 7854 10372
f 10374 7856 7855
f 10374 7855 10373
f 10375 7857 7856
f 10375 7856 10374
f 10375 7859 7857
f 7862 10376 7863
f 10377 7864 7863
f 10377 7863 10376
f 10377 7866 7864
f 7871 10327 7660
f 10327 7871 7663
f 7875 10328 7665
f 10328 7875 7668
f 7879 10329 7670
f 10329 7879 7881
f 10329 7881 10330
f 10330 7881 7883
f 10330 7883 10331
f 10331 7883 7675
f 7886 10332 7676
f 10332 7886 7888
f 10332 7888 10333
f 10333 7888 7890
f 10333 7890 10334
f 10334 7890 7681
f 7896 10335 7685
f 10335 7896 7688
f 7901 10336 7691
f 10336 7901 7903
f 10336 7903 10337
f 10337 7903 7905
f 10337 7905 10338
f 10338 7905 7695
f 7936 10339 7727
f 10339 7936 7938
f 10339 7938 10340
f 10340 7938 7731
f 7943 10341 7734
f 10341 7943 7737
f 7958 10342 7750
f 10342 7958 7960
f 10342 7960 10343
f 10343 7960 7754
f 7972 10344 7767
f 10344 7972 7974
f 10344 7974 10345
f 10345 7974 7976
f 10345 7976 10346
f 10346 7976 7978
f 10346 7978 10347
f 10347 7978 7773
f 7986 10348 7780
f 10348 7986 7988
f 10348 7988 10349
f 10349 7988 7783
f 7992 10350 7785
f 10350 7992 7994
f 10378 10350 7994
f 10351 10350 10378
f 10351 10379 10352
f 10351 10378 10379
f 10379 7996 7997
f 10353 10379 7997
f 10352 10379 10353
f 10353 7997 7789
f 8000 10354 7791
f 10354 8000 8002
f 10354 8002 10355
f 10355 8002 8004
f 10355 8004 10356
f 10356 8004 7795
f 8011 10357 7801
f 10357 8011 8013
f 10357 8013 10358
f 10358 8013 7805
f 8024 10359 7818
f 10359 8024 8026
f 10359 8026 10360
f 10360 8026 8028
f 10360 8028 10361
f 10361 8028 8030
f 10361 8030 10362
f 10362 8030 7824
f 8036 10363 7830
f 10363 8036 8038
f 10363 8038 10364
f 10364 8038 8040
f 10364 8040 10365
f 10365 8040 7834
f 8044 10366 7836
f 10366 8044 8046
f 10380 10366 8046
f 10367 10366 10380
f 10367 10381 10368
f 10367 10380 10381
f 10381 8048 8049
f 10369 10381 8049
f 10368 10381 10369
f 10369 8049 7840
f 8052 10370 7842
f 10370 8052 8054
f 10370 8054 10371
f 10371 8054 7846
f 8063 10372 7853
f 10372 8063 8065
f 10372 8065 10373
f 10373 8065 8067
f 10373 8067 10374
f 10374 8067 8069
f 10374 8069 10375
f 10375 8069 7859
f 8073 10376 7862
f 10376 8073 8075
f 10376 8075 10377
f 10377 8075 7866
f 8088 10378 7994
f 10378 8088 8090
f 10378 8090 10379
f 10379 8090 7996
f 8103 10380 8046
f 10380 8103 8105
f 10380 8105 10381
f 10381 8105 8048
f 8349 10382 8350
f 10383 8351 8350
f 10383 8350 10382
f 10383 8353 8351
f 8390 10384 8391
f 10385 8392 8391
f 10385 8391 10384
f 10385 8394 8392
f 8489 10382 8349
f 10382 8489 8491
f 10382 8491 10383
f 10383 8491 8353
f 8526 10384 8390
f 10384 8526 8528
f 10384 8528 10385
f 10385 8528 8394
f 8651 10386 8652
f 10387 8653 8652
f 10387 8652 10386
f 10387 8655 8653
f 8691 10388 8692
f 10388 8694 8692
f 8827 10389 8828
f 10389 8830 8828
f 8861 10390 8862
f 10391 8863 8862
f 10391 8862 10390
f 10392 8864 8863
f 10392 8863 10391
f 8864 10392 10393
f 10394 8864 10393
f 8865 8864 10394
f 8865 10395 8866
f 10394 10395 8865
f 10395 10397 10396
f 8867 10395 10396
f 8866 10395 8867
f 10398 8868 8867
f 10398 8867 10396
f 10399 8869 8868
f 10399 8868 10398
f 10400 8870 8869
f 10400 8869 10399
f 10401 8871 8870
f 10401 8870 10400
f 8871 10401 10402
f 10403 8871 10402
f 8872 8871 10403
f 8872 10404 8873
f 10403 10404 8872
f 10404 10406 10405
f 8874 10404 10405
f 8873 10404 8874
f 10407 8875 8874
f 10407 8874 10405
f 10408 8876 8875
f 10408 8875 10407
f 8876 10408 10409
f 10410 8876 10409
f 8877 8876 10410
f 8877 10411 8878
f 10410 10411 8877
f 8878 10412 8879
f 10411 10412 8878
f 8827 8879 10389
f 8879 10413 10389
f 8879 10412 10413
f 10389 10413 8830
f 10413 8880 8830
f 10413 10414 8880
f 8880 10415 8881
f 10414 10415 8880
f 10415 10417 10416
f 8882 10415 10416
f 8881 10415 8882
f 10418 8883 8882
f 10418 8882 10416
f 10419 8884 8883
f 10419 8883 10418
f 10420 8885 8884
f 10420 8884 10419
f 10421 8886 8885
f 10421 8885 10420
f 8886 10421 10422
f 10423 8886 10422
f 8887 8886 10423
f 10423 10425 10424
f 8888 10423 10424
f 8887 10423 8888
f 10426 8889 8888
f 10426 8888 10424
f 10427 8890 8889
f 10427 8889 10426
f 10428 8891 8890
f 10428 8890 10427
f 10429 8892 8891
f 10429 8891 10428
f 10430 8893 8892
f 10430 8892 10429
f 10431 8894 8893
f 10431 8893 10430
f 10431 8896 8894
f 8915 10432 8916
f 10433 8917 8916
f 10433 8916 10432
f 10434 8918 8917
f 10434 8917 10433
f 10434 8920 8918
f 8921 10435 8922
f 10436 8923 8922
f 10436 8922 10435
f 10437 8924 8923
f 10437 8923 10436
f 10438 8925 8924
f 10438 8924 10437
f 10439 8926 8925
f 10439 8925 10438
f 10440 8927 8926
f 10440 8926 10439
f 10441 8928 8927
f 10441 8927 10440
f 10442 8929 8928
f 10442 8928 10441
f 10443 8930 8929
f 10443 8929 10442
f 10390 8861 8930
f 10443 10390 8930
f 10444 10390 10443
f 10446 10391 10445
f 10391 10444 10445
f 10391 10390 10444
f 10391 10446 10392
f 10392 10446 10447
f 10392 10447 10393
f 10397 10448 10396
f 10396 10448 10398
f 10398 10448 10449
f 10398 10449 10399
f 10399 10449 10450
f 10399 10450 10400
f 10400 10450 10451
f 10400 10451 10401
f 10401 10451 10452
f 10401 10452 10402
f 10406 10453 10405
f 10405 10453 10407
f 10407 10453 10454
f 10407 10454 10408
f 10408 10454 10455
f 10408 10455 10409
f 10417 10456 10416
f 10416 10456 10418
f 10418 10456 10457
f 10418 10457 10419
f 10419 10457 10458
f 10419 10458 10420
f 10420 10458 10459
f 10420 10459 10421
f 10421 10459 10460
f 10421 10460 10422
f 10425 10461 10424
f 10424 10461 10426
f 10426 10461 10462
f 10464 10463 10462
f 10463 10426 10462
f 10463 10427 10426
f 10466 10428 10465
f 10428 10463 10465
f 10428 10427 10463
f 10428 10466 10429
f 10429 10466 10467
f 10429 10467 10430
f 10430 10467 10468
f 10470 10469 10468
f 10469 10430 10468
f 10469 10431 10430
f 10471 8931 8896
f 10431 10471 8896
f 10469 10471 10431
f 10472 8932 8931
f 10472 8931 10471
f 10473 8933 8932
f 10473 8932 10472
f 10474 8934 8933
f 10474 8933 10473
f 10475 8935 8934
f 10475 8934 10474
f 10475 8937 8935
f 8958 10476 10432
f 8958 10432 8915
f 10432 10477 10433
f 10432 10476 10477
f 10477 8960 8961
f 10434 10477 8961
f 10433 10477 10434
f 10434 8961 8920
f 8963 10478 10435
f 8963 10435 8921
f 10435 10479 10436
f 10435 10478 10479
f 10436 10480 10437
f 10436 10479 10480
f 10437 10481 10438
f 10437 10480 10481
f 10438 10482 10439
f 10438 10481 10482
f 10439 10483 10440
f 10439 10482 10483
f 10440 10484 10441
f 10440 10483 10484
f 10441 10485 10442
f 10441 10484 10485
f 10442 10486 10443
f 10442 10485 10486
f 10443 10487 10444
f 10443 10486 10487
f 10445 10444 10488
f 10488 10444 10487
f 10491 10490 10489
f 10491 10489 10464
f 10489 10463 10464
f 10489 10492 10463
f 10465 10463 10493
f 10463 10494 10493
f 10463 10492 10494
f 10494 10495 10493
f 10469 10470 10496
f 10496 10470 10497
f 10469 10498 10471
f 10469 10496 10498
f 10498 8965 8966
f 10472 10498 8966
f 10471 10498 10472
f 10472 8966 8967
f 10472 8967 10473
f 10473 8967 8969
f 10473 8969 10474
f 10474 8969 8971
f 10474 8971 10475
f 10475 8971 8937
f 8983 10476 8958
f 10476 8983 8985
f 10476 8985 10477
f 10477 8985 8960
f 8989 10478 8963
f 10478 8989 8991
f 10499 10478 8991
f 10479 10478 10499
f 10479 10500 10480
f 10479 10499 10500
f 10500 8993 8994
f 10481 10500 8994
f 10480 10500 10481
f 10481 8994 8995
f 10481 8995 10482
f 10482 8995 8997
f 10482 8997 10483
f 10483 8997 8999
f 10483 8999 10484
f 10484 8999 9001
f 10484 9001 10485
f 10485 9001 9003
f 10485 9003 10486
f 10486 9003 9005
f 10501 10486 9005
f 10487 10486 10501
f 10488 10487 10502
f 10487 10503 10502
f 10487 10501 10503
f 10503 10504 10502
f 10507 10506 10505
f 10509 10508 10505
f 10505 10508 10507
f 10509 10510 10508
f 10513 10512 10511
f 10515 10514 10511
f 10511 10514 10513
f 10515 10516 10514
f 10519 10518 10517
f 10521 10520 10517
f 10517 10520 10519
f 10523 10522 10521
f 10521 10522 10520
f 10525 10524 10523
f 10523 10524 10522
f 10527 10526 10525
f 10525 10526 10524
f 10529 10528 10527
f 10527 10528 10526
f 10529 10530 10528
f 10489 10490 10531
f 10531 10490 10532
f 10531 9007 9008
f 10492 10531 9008
f 10489 10531 10492
f 10492 9008 9009
f 10492 9009 10494
f 10534 10533 9011
f 9011 10533 9009
f 10533 10495 9009
f 10495 10494 9009
f 10536 10535 10534
f 10534 10535 10533
f 10535 10536 10497
f 10497 10536 10496
f 10536 9013 10496
f 9013 9014 10496
f 10496 9014 9015
f 10496 9015 10498
f 10498 9015 8965
f 9029 10537 9030
f 10538 9031 9030
f 10538 9030 10537
f 10539 9032 9031
f 10539 9031 10538
f 10540 9033 9032
f 10540 9032 10539
f 10541 9034 9033
f 10541 9033 10540
f 10541 10542 9034
f 9034 10542 8991
f 10542 10543 8991
f 10543 10499 8991
f 10499 10543 10500
f 10500 10543 10544
f 10544 10546 10545
f 10544 10545 9035
f 10500 10544 9035
f 8993 10500 9035
f 10547 9036 9035
f 10547 9035 10545
f 10548 9037 9036
f 10548 9036 10547
f 10549 9038 9037
f 10549 9037 10548
f 10550 9039 9038
f 10550 9038 10549
f 9039 10550 10551
f 10552 9039 10551
f 9040 9039 10552
f 9005 9040 10501
f 9040 10553 10501
f 9040 10552 10553
f 10501 10553 10503
f 10503 10553 10554
f 10503 10554 10504
f 10506 10555 10505
f 10505 10555 10509
f 10509 10555 10556
f 10509 10556 10510
f 10512 10557 10511
f 10511 10557 10515
f 10515 10557 10558
f 10515 10558 10516
f 10518 10559 10517
f 10517 10559 10521
f 10521 10559 10560
f 10521 10560 10523
f 10523 10560 10561
f 10523 10561 10525
f 10525 10561 10562
f 10525 10562 10527
f 10527 10562 10563
f 10527 10563 10529
f 10529 10563 10564
f 10529 10564 10530
f 10532 10565 10531
f 10531 10565 9007
f 10565 9041 9007
f 10565 10566 9041
f 9041 10567 9042
f 10566 10567 9041
f 9011 9042 10534
f 9042 10568 10534
f 9042 10567 10568
f 10534 10568 10536
f 10536 10568 10569
f 10569 10571 10570
f 10569 10570 9043
f 10536 10569 9043
f 9013 10536 9043
f 10572 9044 9043
f 10572 9043 10570
f 10573 9045 9044
f 10573 9044 10572
f 10573 9047 9045
f 9065 10574 9066
f 10575 9067 9066
f 10575 9066 10574
f 10575 9069 9067
f 9073 10576 9074
f 10577 9075 9074
f 10577 9074 10576
f 9075 10577 10578
f 10579 9075 10578
f 9076 9075 10579
f 9076 10580 9077
f 10579 10580 9076
f 10580 10582 10581
f 9078 10580 10581
f 9077 10580 9078
f 10583 9079 9078
f 10583 9078 10581
f 9079 10583 10584
f 10585 9079 10584
f 9080 9079 10585
f 9080 10586 9081
f 10585 10586 9080
f 9029 9081 10537
f 9081 10587 10537
f 9081 10586 10587
f 10537 10587 10538
f 10538 10587 10588
f 10538 10588 10539
f 10539 10588 10589
f 10539 10589 10540
f 10540 10589 10590
f 10540 10590 10541
f 10541 10590 10591
f 10541 10591 10542
f 10546 10592 10545
f 10545 10592 10547
f 10547 10592 10593
f 10547 10593 10548
f 10548 10593 10594
f 10548 10594 10549
f 10549 10594 10595
f 10549 10595 10550
f 10550 10595 10596
f 10550 10596 10551
f 10571 10597 10570
f 10570 10597 10572
f 10572 10597 10598
f 10572 10598 10573
f 10573 10598 10599
f 10573 10599 9047
f 10599 9082 9047
f 10599 10600 9082
f 9082 10601 9083
f 10600 10601 9082
f 9083 10602 9084
f 10601 10602 9083
f 9084 10603 9085
f 10602 10603 9084
f 9085 10604 9086
f 10603 10604 9085
f 10604 10606 10605
f 9087 10604 10605
f 9086 10604 9087
f 10607 9088 9087
f 10607 9087 10605
f 9088 10607 10608
f 10609 9088 10608
f 9089 9088 10609
f 10609 10611 10610
f 9090 10609 10610
f 9089 10609 9090
f 10612 9091 9090
f 10612 9090 10610
f 10613 9092 9091
f 10613 9091 10612
f 10614 9093 9092
f 10614 9092 10613
f 10614 9095 9093
f 10615 9139 9138
f 10615 9138 10616
f 10617 9140 9139
f 10617 9139 10615
f 10617 9142 9140
f 9144 10618 9145
f 10619 9146 9145
f 10619 9145 10618
f 10620 9147 9146
f 10620 9146 10619
f 10620 10621 9147
f 9147 10621 9065
f 10621 10622 9065
f 10622 10574 9065
f 10574 10622 10575
f 10575 10622 10623
f 10575 10623 9069
f 10623 9148 9069
f 10623 10624 9148
f 10624 10626 10625
f 9149 10624 10625
f 9148 10624 9149
f 9149 10625 10627
f 10628 9149 10627
f 9150 9149 10628
f 9150 10629 9151
f 10628 10629 9150
f 9073 9151 10576
f 9151 10630 10576
f 9151 10629 10630
f 10576 10630 10577
f 10577 10630 10631
f 10577 10631 10578
f 10582 10632 10581
f 10581 10632 10583
f 10583 10632 10633
f 10583 10633 10584
f 10606 10634 10605
f 10605 10634 10607
f 10607 10634 10635
f 10607 10635 10608
f 10611 10636 10610
f 10610 10636 10612
f 10612 10636 10637
f 10612 10637 10613
f 10613 10637 10638
f 10613 10638 10614
f 10614 10638 10639
f 10639 10641 10640
f 10639 10640 9152
f 10614 10639 9152
f 9095 10614 9152
f 10642 9153 9152
f 10642 9152 10640
f 10643 9154 9153
f 10643 9153 10642
f 10643 9156 9154
f 9159 10644 9160
f 10645 9161 9160
f 10645 9160 10644
f 10646 9162 9161
f 10646 9161 10645
f 10647 9163 9162
f 10647 9162 10646
f 10648 9164 9163
f 10648 9163 10647
f 10648 9166 9164
f 9168 10649 9169
f 10649 9171 9169
f 9181 10650 9182
f 10650 9184 9182
f 9235 10651 9236
f 10651 9238 9236
f 9243 10652 9244
f 10616 9245 9246
f 10653 10616 9246
f 10615 10616 10653
f 10653 9249 9250
f 10617 10653 9250
f 10615 10653 10617
f 10617 9250 9142
f 9253 10654 10618
f 9253 10618 9144
f 10618 10655 10619
f 10618 10654 10655
f 10619 10656 10620
f 10619 10655 10656
f 10621 10620 10657
f 10657 10620 10656
f 10660 10659 10658
f 10660 10658 10626
f 10658 10625 10626
f 10658 10661 10625
f 10627 10625 10662
f 10625 10663 10662
f 10625 10661 10663
f 10663 10664 10662
f 10667 10666 10665
f 10665 10668 10667
f 10671 10670 10669
f 10673 10672 10669
f 10669 10672 10671
f 10675 10674 10673
f 10673 10674 10672
f 10677 10676 10675
f 10675 10676 10674
f 10676 10677 10641
f 10641 10677 10640
f 10677 9255 10640
f 9255 9256 10640
f 10640 9256 9257
f 10640 9257 10642
f 10642 9257 9259
f 10642 9259 10643
f 10643 9259 9156
f 9263 10644 9159
f 10644 9263 9265
f 10644 9265 10645
f 10645 9265 9267
f 10645 9267 10646
f 10646 9267 9269
f 10646 9269 10647
f 10647 9269 9271
f 10647 9271 10648
f 10648 9271 9166
f 9275 10649 9168
f 10649 9275 9171
f 9285 10650 9181
f 10650 9285 9184
f 9301 10651 9235
f 10651 9301 9238
f 9308 10652 9243
f 9310 10678 10653
f 9310 10653 9246
f 10678 9313 9249
f 10678 9249 10653
f 9315 10679 10654
f 9315 10654 9253
f 10654 10680 10655
f 10654 10679 10680
f 10655 10681 10656
f 10655 10680 10681
f 10657 10656 10682
f 10682 10656 10681
f 10658 10659 10683
f 10683 10659 10684
f 10658 10685 10661
f 10658 10683 10685
f 10661 10686 10663
f 10661 10685 10686
f 10664 10663 10687
f 10663 10688 10687
f 10663 10686 10688
f 10687 10688 10666
f 10688 10665 10666
f 10688 10689 10665
f 10668 10665 10690
f 10690 10665 10689
f 10693 10692 10691
f 10691 10694 10693
f 10669 10670 10695
f 10695 10670 10696
f 10669 10697 10673
f 10669 10695 10697
f 10673 10698 10675
f 10673 10697 10698
f 10675 10699 10677
f 10675 10698 10699
f 10699 9317 9255
f 10699 9255 10677
f 10701 10700 9339
f 9339 10700 9310
f 10700 10702 9310
f 10702 10678 9310
f 10702 10704 10703
f 10702 10703 9340
f 10678 10702 9340
f 9313 10678 9340
f 10705 9341 9340
f 10705 9340 10703
f 10706 9342 9341
f 10706 9341 10705
f 10706 10707 9342
f 9342 10707 9315
f 10707 10708 9315
f 10708 10679 9315
f 10679 10708 10680
f 10680 10708 10709
f 10680 10709 10681
f 10681 10709 10710
f 10681 10710 10682
f 10684 10711 10683
f 10683 10711 10685
f 10685 10711 10712
f 10685 10712 10686
f 10686 10712 10713
f 10686 10713 10688
f 10688 10713 10714
f 10688 10714 10689
f 10689 10714 10715
f 10689 10715 10690
f 10692 10716 10691
f 10691 10716 10694
f 10696 10717 10695
f 10695 10717 10697
f 10697 10717 10718
f 10720 10719 10718
f 10719 10697 10718
f 10719 10698 10697
f 10698 10721 10699
f 10698 10719 10721
f 10722 9343 9317
f 10699 10722 9317
f 10721 10722 10699
f 10723 9344 9343
f 10723 9343 10722
f 10724 9345 9344
f 10724 9344 10723
f 10724 9347 9345
f 9352 10725 9353
f 10726 9354 9353
f 10726 9353 10725
f 10727 9355 9354
f 10727 9354 10726
f 10727 9357 9355
f 9407 10728 9408
f 10729 9409 9408
f 10729 9408 10728
f 10729 9411 9409
f 9412 10730 9413
f 10731 9414 9413
f 10731 9413 10730
f 10732 9415 9414
f 10732 9414 10731
f 10733 9416 9415
f 10733 9415 10732
f 10701 10734 10700
f 10704 10735 10703
f 10703 10735 10705
f 10705 10735 10736
f 10705 10736 10706
f 10706 10736 10737
f 10706 10737 10707
f 10720 10738 10719
f 10719 10738 10721
f 10721 10738 10739
f 10721 10739 10722
f 10722 10739 10740
f 10742 10741 10740
f 10741 10722 10740
f 10741 10723 10722
f 10723 10743 10724
f 10723 10741 10743
f 10744 9417 9347
f 10724 10744 9347
f 10743 10744 10724
f 10745 9418 9417
f 10745 9417 10744
f 10746 9419 9418
f 10746 9418 10745
f 10747 9420 9419
f 10747 9419 10746
f 10748 9421 9420
f 10748 9420 10747
f 10725 9352 9421
f 10748 10725 9421
f 10749 10725 10748
f 10751 10726 10750
f 10726 10749 10750
f 10726 10725 10749
f 10753 10752 10751
f 10752 10726 10751
f 10752 10727 10726
f 10754 9422 9357
f 10727 10754 9357
f 10752 10754 10727
f 10755 9423 9422
f 10755 9422 10754
f 10756 9424 9423
f 10756 9423 10755
f 10757 9425 9424
f 10757 9424 10756
f 10758 9426 9425
f 10758 9425 10757
f 10759 9427 9426
f 10759 9426 10758
f 10760 9428 9427
f 10760 9427 10759
f 10761 9429 9428
f 10761 9428 10760
f 10762 9430 9429
f 10762 9429 10761
f 10763 9431 9430
f 10763 9430 10762
f 10764 9432 9431
f 10764 9431 10763
f 10765 9433 9432
f 10765 9432 10764
f 10766 9434 9433
f 10766 9433 10765
f 10767 9435 9434
f 10767 9434 10766
f 10768 9436 9435
f 10768 9435 10767
f 10769 9437 9436
f 10769 9436 10768
f 10770 9438 9437
f 10770 9437 10769
f 10771 9439 9438
f 10771 9438 10770
f 10772 9440 9439
f 10772 9439 10771
f 10773 9441 9440
f 10773 9440 10772
f 10774 9442 9441
f 10774 9441 10773
f 10775 9443 9442
f 10775 9442 10774
f 10776 9444 9443
f 10776 9443 10775
f 10777 9445 9444
f 10777 9444 10776
f 10778 9446 9445
f 10778 9445 10777
f 10779 9447 9446
f 10779 9446 10778
f 10780 9448 9447
f 10780 9447 10779
f 10781 9449 9448
f 10781 9448 10780
f 10782 9450 9449
f 10782 9449 10781
f 10783 9451 9450
f 10783 9450 10782
f 10784 9452 9451
f 10784 9451 10783
f 10785 9453 9452
f 10785 9452 10784
f 10786 9454 9453
f 10786 9453 10785
f 10787 9455 9454
f 10787 9454 10786
f 10788 9456 9455
f 10788 9455 10787
f 10789 9457 9456
f 10789 9456 10788
f 10790 9458 9457
f 10790 9457 10789
f 10790 9460 9458
f 9481 10791 9482
f 10792 9483 9482
f 10792 9482 10791
f 10793 9484 9483
f 10793 9483 10792
f 10793 9486 9484
f 9487 10794 9488
f 10795 9489 9488
f 10795 9488 10794
f 10796 9490 9489
f 10796 9489 10795
f 10797 9491 9490
f 10797 9490 10796
f 10798 9492 9491
f 10798 9491 10797
f 10798 9494 9492
f 9495 10799 9496
f 10800 9497 9496
f 10800 9496 10799
f 10801 9498 9497
f 10801 9497 10800
f 10802 9499 9498
f 10802 9498 10801
f 10803 9500 9499
f 10803 9499 10802
f 10804 9501 9500
f 10804 9500 10803
f 10805 9502 9501
f 10805 9501 10804
f 10806 9503 9502
f 10806 9502 10805
f 10807 9504 9503
f 10807 9503 10806
f 9504 10807 10808
f 10809 9504 10808
f 9505 9504 10809
f 9505 10810 9506
f 10809 10810 9505
f 9506 10811 9507
f 10810 10811 9506
f 9407 9507 10728
f 9507 10812 10728
f 9507 10811 10812
f 10728 10812 10729
f 10729 10812 10813
f 10729 10813 9411
f 10813 9508 9411
f 10813 10814 9508
f 9412 9508 10730
f 9508 10815 10730
f 9508 10814 10815
f 10730 10815 10731
f 10731 10815 10816
f 10731 10816 10732
f 10732 10816 10817
f 10732 10817 10733
f 10733 10817 10818
f 10742 10819 10741
f 10741 10819 10743
f 10743 10819 10820
f 10743 10820 10744
f 10744 10820 10821
f 10823 10822 10821
f 10822 10744 10821
f 10822 10745 10744
f 10825 10746 10824
f 10746 10822 10824
f 10746 10745 10822
f 10746 10825 10747
f 10747 10825 10826
f 10747 10826 10748
f 10748 10826 10827
f 10748 10827 10749
f 10749 10827 10828
f 10749 10828 10750
f 10753 10829 10752
f 10752 10829 10754
f 10754 10829 10830
f 10754 10830 10755
f 10755 10830 10831
f 10755 10831 10756
f 10756 10831 10832
f 10756 10832 10757
f 10757 10832 10833
f 10757 10833 10758
f 10758 10833 10834
f 10758 10834 10759
f 10759 10834 10835
f 10759 10835 10760
f 10760 10835 10836
f 10760 10836 10761
f 10761 10836 10837
f 10839 10838 10837
f 10838 10761 10837
f 10838 10762 10761
f 10841 10763 10840
f 10763 10838 10840
f 10763 10762 10838
f 10763 10841 10764
f 10764 10841 10842
f 10764 10842 10765
f 10765 10842 10843
f 10765 10843 10766
f 10766 10843 10844
f 10766 10844 10767
f 10767 10844 10845
f 10767 10845 10768
f 10768 10845 10846
f 10768 10846 10769
f 10769 10846 10847
f 10769 10847 10770
f 10770 10847 10848
f 10770 10848 10771
f 10771 10848 10849
f 10771 10849 10772
f 10772 10849 10850
f 10772 10850 10773
f 10773 10850 10851
f 10773 10851 10774
f 10774 10851 10852
f 10774 10852 10775
f 10775 10852 10853
f 10775 10853 10776
f 10776 10853 10854
f 10856 10855 10854
f 10855 10776 10854
f 10855 10777 10776
f 10777 10857 10778
f 10777 10855 10857
f 10859 10779 10858
f 10779 10857 10858
f 10779 10778 10857
f 10779 10859 10780
f 10780 10859 10860
f 10780 10860 10781
f 10781 10860 10861
f 10863 10862 10861
f 10862 10781 10861
f 10862 10782 10781
f 10782 10864 10783
f 10782 10862 10864
f 10783 10865 10784
f 10783 10864 10865
f 10867 10785 10866
f 10785 10865 10866
f 10785 10784 10865
f 10785 10867 10786
f 10786 10867 10868
f 10870 10869 10868
f 10869 10786 10868
f 10869 10787 10786
f 10787 10871 10788
f 10787 10869 10871
f 10788 10872 10789
f 10788 10871 10872
f 10789 10873 10790
f 10789 10872 10873
f 10874 9509 9460
f 10790 10874 9460
f 10873 10874 10790
f 10875 9510 9509
f 10875 9509 10874
f 10876 9511 9510
f 10876 9510 10875
f 10877 9512 9511
f 10877 9511 10876
f 10878 9513 9512
f 10878 9512 10877
f 10879 9514 9513
f 10879 9513 10878
f 10880 9515 9514
f 10880 9514 10879
f 10881 9516 9515
f 10881 9515 10880
f 10882 9517 9516
f 10882 9516 10881
f 10883 9518 9517
f 10883 9517 10882
f 10884 9519 9518
f 10884 9518 10883
f 10885 9520 9519
f 10885 9519 10884
f 10886 9521 9520
f 10886 9520 10885
f 10887 9522 9521
f 10887 9521 10886
f 10888 9523 9522
f 10888 9522 10887
f 10889 9524 9523
f 10889 9523 10888
f 10890 9525 9524
f 10890 9524 10889
f 10891 9526 9525
f 10891 9525 10890
f 10892 9527 9526
f 10892 9526 10891
f 10893 9528 9527
f 10893 9527 10892
f 10894 9529 9528
f 10894 9528 10893
f 10791 9481 9529
f 10894 10791 9529
f 10895 10791 10894
f 10897 10792 10896
f 10792 10895 10896
f 10792 10791 10895
f 10899 10898 10897
f 10898 10792 10897
f 10898 10793 10792
f 10900 9530 9486
f 10793 10900 9486
f 10898 10900 10793
f 10794 9487 9530
f 10900 10794 9530
f 10901 10794 10900
f 10903 10795 10902
f 10795 10901 10902
f 10795 10794 10901
f 10795 10903 10796
f 10796 10903 10904
f 10796 10904 10797
f 10797 10904 10905
f 10907 10906 10905
f 10906 10797 10905
f 10906 10798 10797
f 10908 9531 9494
f 10798 10908 9494
f 10906 10908 10798
f 10799 9495 9531
f 10908 10799 9531
f 10909 10799 10908
f 10911 10800 10910
f 10800 10909 10910
f 10800 10799 10909
f 10913 10912 10911
f 10912 10800 10911
f 10912 10801 10800
f 10915 10802 10914
f 10802 10912 10914
f 10802 10801 10912
f 10802 10915 10803
f 10803 10915 10916
f 10803 10916 10804
f 10804 10916 10917
f 10804 10917 10805
f 10805 10917 10918
f 10805 10918 10806
f 10806 10918 10919
f 10806 10919 10807
f 10807 10919 10920
f 10807 10920 10808
f 10823 10921 10822
f 10822 10921 10824
f 10839 10922 10838
f 10838 10922 10840
f 10856 10923 10855
f 10855 10923 10857
f 10857 10923 10924
f 10857 10924 10858
f 10863 10925 10862
f 10862 10925 10864
f 10864 10925 10926
f 10864 10926 10865
f 10865 10926 10927
f 10865 10927 10866
f 10870 10928 10869
f 10869 10928 10871
f 10871 10928 10929
f 10931 10930 10929
f 10930 10871 10929
f 10930 10872 10871
f 10933 10873 10932
f 10873 10930 10932
f 10873 10872 10930
f 10873 10933 10874
f 10874 10933 10934
f 10936 10935 10934
f 10935 10874 10934
f 10935 10875 10874
f 10875 10937 10876
f 10875 10935 10937
f 10939 10877 10938
f 10877 10937 10938
f 10877 10876 10937
f 10877 10939 10878
f 10878 10939 10940
f 10878 10940 10879
f 10879 10940 10941
f 10879 10941 10880
f 10880 10941 10942
f 10880 10942 10881
f 10881 10942 10943
f 10881 10943 10882
f 10882 10943 10944
f 10882 10944 10883
f 10883 10944 10945
f 10883 10945 10884
f 10884 10945 10946
f 10884 10946 10885
f 10885 10946 10947
f 10949 10948 10947
f 10948 10885 10947
f 10948 10886 10885
f 10886 10950 10887
f 10886 10948 10950
f 10952 10888 10951
f 10888 10950 10951
f 10888 10887 10950
f 10954 10953 10952
f 10953 10888 10952
f 10953 10889 10888
f 10889 10955 10890
f 10889 10953 10955
f 10890 10956 10891
f 10890 10955 10956
f 10891 10957 10892
f 10891 10956 10957
f 10959 10893 10958
f 10893 10957 10958
f 10893 10892 10957
f 10893 10959 10894
f 10894 10959 10960
f 10894 10960 10895
f 10895 10960 10961
f 10895 10961 10896
f 10899 10962 10898
f 10898 10962 10900
f 10900 10962 10963
f 10900 10963 10901
f 10901 10963 10964
f 10901 10964 10902
f 10907 10965 10906
f 10906 10965 10908
f 10908 10965 10966
f 10908 10966 10909
f 10909 10966 10967
f 10909 10967 10910
f 10913 10968 10912
f 10912 10968 10914
f 10931 10969 10930
f 10930 10969 10932
f 10936 10970 10935
f 10935 10970 10937
f 10937 10970 10971
f 10937 10971 10938
f 10949 10972 10948
f 10948 10972 10950
f 10950 10972 10973
f 10950 10973 10951
f 10954 10974 10953
f 10953 10974 10955
f 10955 10974 10975
f 10955 10975 10956
f 10956 10975 10976
f 10956 10976 10957
f 10957 10976 10977
f 10957 10977 10958
f 10980 10979 10978
f 10982 10981 10978
f 10978 10981 10980
f 10984 10983 10982
f 10982 10983 10981
f 10984 10985 10983
f 10988 10987 10986
f 10990 10989 10986
f 10986 10989 10988
f 10992 10991 10990
f 10990 10991 10989
f 10994 10993 10992
f 10992 10993 10991
f 10996 10995 10994
f 10994 10995 10993
f 9533 9534 10996
f 9534 10995 10996
f 9534 10997 10995
f 9535 10978 10979
f 10997 9535 10979
f 9534 9535 10997
f 10978 9535 9537
f 10978 9537 10982
f 10982 9537 9539
f 10982 9539 10984
f 10999 10998 9541
f 9541 10998 9539
f 10998 10985 9539
f 10985 10984 9539
f 9543 9544 10999
f 9544 10998 10999
f 9544 11000 10998
f 11002 11001 9545
f 11001 9544 9545
f 11001 11000 9544
f 11004 11003 11002
f 11002 11003 11001
f 11006 11005 11004
f 11004 11005 11003
f 11008 11007 11006
f 11006 11007 11005
f 11010 11009 11008
f 11008 11009 11007
f 11012 11011 11010
f 11010 11011 11009
f 11012 11013 11011
f 11016 11015 11014
f 11018 11017 11014
f 11014 11017 11016
f 11020 11019 11018
f 11018 11019 11017
f 11022 11021 11020
f 11020 11021 11019
f 11024 11023 11022
f 11022 11023 11021
f 11026 11025 11024
f 11024 11025 11023
f 11028 11027 11026
f 11026 11027 11025
f 11030 11029 11028
f 11028 11029 11027
f 11029 11030 10987
f 10987 11030 10986
f 11030 9547 10986
f 9547 9548 10986
f 10986 9548 9549
f 11031 10986 9549
f 10990 10986 11031
f 10990 11032 10992
f 10990 11031 11032
f 11032 9551 9552
f 10994 11032 9552
f 10992 11032 10994
f 10994 9552 9553
f 10994 9553 10996
f 10996 9553 9533
f 9559 10999 9541
f 10999 9559 9543
f 9562 11002 9545
f 11002 9562 9564
f 11002 9564 11004
f 11004 9564 9566
f 11004 9566 11006
f 11006 9566 9568
f 11006 9568 11008
f 11008 9568 9570
f 11033 11008 9570
f 11010 11008 11033
f 11010 11034 11012
f 11010 11033 11034
f 11013 11012 11035
f 11012 11036 11035
f 11012 11034 11036
f 11038 11037 11036
f 11036 11037 11035
f 11040 11039 11038
f 11038 11039 11037
f 11042 11041 11040
f 11040 11041 11039
f 11044 11043 11042
f 11042 11043 11041
f 11044 11045 11043
f 11048 11047 11046
f 11048 11046 11015
f 11046 11014 11015
f 11046 11049 11014
f 11014 11050 11018
f 11014 11049 11050
f 11018 11051 11020
f 11018 11050 11051
f 11020 11052 11022
f 11020 11051 11052
f 11052 9572 9573
f 11024 11052 9573
f 11022 11052 11024
f 11024 9573 9574
f 11024 9574 11026
f 11026 9574 9576
f 11026 9576 11028
f 11028 9576 9578
f 11028 9578 11030
f 11030 9578 9547
f 9581 11031 9549
f 11031 9581 9583
f 11031 9583 11032
f 11032 9583 9551
f 9597 11033 9570
f 11033 9597 9599
f 11033 9599 11034
f 11034 9599 9601
f 11034 9601 11036
f 11036 9601 9603
f 11053 11036 9603
f 11038 11036 11053
f 11038 11054 11040
f 11038 11053 11054
f 11040 11055 11042
f 11040 11054 11055
f 11042 11056 11044
f 11042 11055 11056
f 11045 11044 11057
f 11057 11044 11056
f 11060 11059 11058
f 11062 11061 11058
f 11058 11061 11060
f 11064 11063 11062
f 11062 11063 11061
f 11066 11065 11064
f 11064 11065 11063
f 11068 11067 11066
f 11066 11067 11065
f 11070 11069 11068
f 11068 11069 11067
f 11072 11071 11070
f 11070 11071 11069
f 11074 11073 11072
f 11072 11073 11071
f 11076 11075 11074
f 11074 11075 11073
f 11075 11076 11047
f 11047 11076 11046
f 11076 9605 11046
f 9605 9606 11046
f 11046 9606 9607
f 11046 9607 11049
f 11049 9607 9609
f 11049 9609 11050
f 11050 9609 9611
f 11050 9611 11051
f 11051 9611 9613
f 11051 9613 11052
f 11052 9613 9572
f 9624 11053 9603
f 11053 9624 9626
f 11053 9626 11054
f 11054 9626 9628
f 11054 9628 11055
f 11055 9628 9630
f 11055 9630 11056
f 11077 11057 11056
f 9630 11077 11056
f 9632 11077 9630
f 11078 9632 9634
f 11078 11077 9632
f 11079 9634 9636
f 11079 11078 9634
f 11081 11080 9638
f 11080 9636 9638
f 11080 11079 9636
f 11083 11082 11081
f 11081 11082 11080
f 11083 11084 11082
f 11087 11086 11085
f 11089 11088 11085
f 11085 11088 11087
f 11091 11090 11089
f 11089 11090 11088
f 11093 11092 11091
f 11091 11092 11090
f 11095 11094 11093
f 11093 11094 11092
f 11095 11096 11094
f 11099 11098 11097
f 11101 11100 11097
f 11097 11100 11099
f 11103 11102 11101
f 11101 11102 11100
f 9640 9641 11103
f 9641 11102 11103
f 9641 11104 11102
f 9642 11058 11059
f 11104 9642 11059
f 9641 9642 11104
f 11058 9642 9644
f 11058 9644 11062
f 11062 9644 9646
f 11062 9646 11064
f 11064 9646 9648
f 11064 9648 11066
f 11066 9648 9650
f 11066 9650 11068
f 11068 9650 9652
f 11068 9652 11070
f 11070 9652 9654
f 11070 9654 11072
f 11072 9654 9656
f 11072 9656 11074
f 11074 9656 9658
f 11074 9658 11076
f 11076 9658 9605
f 9667 11081 9638
f 11081 9667 9669
f 11105 11081 9669
f 11083 11081 11105
f 11084 11083 11106
f 11083 11107 11106
f 11083 11105 11107
f 11109 11108 11107
f 11107 11108 11106
f 11111 11110 11109
f 11109 11110 11108
f 11113 11112 11111
f 11111 11112 11110
f 11115 11114 11113
f 11113 11114 11112
f 11117 11116 11115
f 11115 11116 11114
f 11117 11118 11116
f 11121 11120 11119
f 11123 11122 11119
f 11119 11122 11121
f 11123 11124 11122
f 11086 11125 11085
f 11127 11126 11125
f 11126 11085 11125
f 11126 11089 11085
f 11089 11128 11091
f 11089 11126 11128
f 11091 11129 11093
f 11091 11128 11129
f 11131 11095 11130
f 11095 11129 11130
f 11095 11093 11129
f 11095 11131 11096
f 11098 11132 11097
f 11097 11132 11101
f 11101 11132 11133
f 11135 11134 11133
f 11134 11101 11133
f 11134 11103 11101
f 11136 9670 9640
f 11103 11136 9640
f 11134 11136 11103
f 11137 9671 9670
f 11137 9670 11136
f 11138 9672 9671
f 11138 9671 11137
f 11139 9673 9672
f 11139 9672 11138
f 11140 9674 9673
f 11140 9673 11139
f 11140 9676 9674
f 9687 11141 11105
f 9687 11105 9669
f 11105 11142 11107
f 11105 11141 11142
f 11107 11143 11109
f 11107 11142 11143
f 11109 11144 11111
f 11109 11143 11144
f 11111 11145 11113
f 11111 11144 11145
f 11113 11146 11115
f 11113 11145 11146
f 11148 11117 11147
f 11117 11146 11147
f 11117 11115 11146
f 11117 11148 11118
f 11119 11120 11149
f 11149 11120 11150
f 11119 11151 11123
f 11119 11149 11151
f 11124 11123 11152
f 11152 11123 11151
f 11127 11153 11126
f 11155 11154 11153
f 11154 11126 11153
f 11154 11128 11126
f 11157 11129 11156
f 11129 11154 11156
f 11129 11128 11154
f 11129 11157 11130
f 11135 11158 11134
f 11134 11158 11136
f 11136 11158 11159
f 11136 11159 11137
f 11137 11159 11160
f 11137 11160 11138
f 11138 11160 11161
f 11163 11162 11161
f 11162 11138 11161
f 11162 11139 11138
f 11139 11164 11140
f 11139 11162 11164
f 11165 9688 9676
f 11140 11165 9676
f 11164 11165 11140
f 11166 9689 9688
f 11166 9688 11165
f 11167 9690 9689
f 11167 9689 11166
f 11167 9692 9690
f 9716 11168 9717
f 11141 9687 9717
f 11168 11141 9717
f 11169 11141 11168
f 11171 11142 11170
f 11142 11169 11170
f 11142 11141 11169
f 11142 11171 11143
f 11143 11171 11172
f 11143 11172 11144
f 11144 11172 11173
f 11144 11173 11145
f 11145 11173 11174
f 11145 11174 11146
f 11146 11174 11175
f 11146 11175 11147
f 11149 11150 11176
f 11176 11150 11177
f 11149 11178 11151
f 11149 11176 11178
f 11152 11151 11179
f 11179 11151 11178
f 11182 11181 11180
f 11184 11183 11180
f 11180 11183 11182
f 11183 11184 11155
f 11184 11154 11155
f 11184 11185 11154
f 11156 11154 11186
f 11154 11187 11186
f 11154 11185 11187
f 11189 11188 11187
f 11187 11188 11186
f 11191 11190 11189
f 11189 11190 11188
f 11191 11192 11190
f 11195 11194 11193
f 11197 11196 11193
f 11193 11196 11195
f 11199 11198 11197
f 11197 11198 11196
f 9719 9720 11199
f 9720 11198 11199
f 9720 11200 11198
f 11201 9720 9721
f 11201 11200 9720
f 11203 11202 9723
f 11202 9721 9723
f 11202 11201 9721
f 11202 11203 11163
f 11203 11162 11163
f 11203 11204 11162
f 11204 9725 9726
f 11164 11204 9726
f 11162 11204 11164
f 11164 9726 9727
f 11164 9727 11165
f 11165 9727 9729
f 11165 9729 11166
f 11166 9729 9731
f 11166 9731 11167
f 11167 9731 9692
f 9740 11168 9716
f 11168 9740 9742
f 11168 9742 11169
f 11206 11205 9744
f 9744 11205 9742
f 11205 11170 9742
f 11170 11169 9742
f 11208 11207 11206
f 11206 11207 11205
f 9746 9747 11208
f 9747 11207 11208
f 9747 11209 11207
f 11210 9747 9748
f 11210 11209 9747
f 11211 9748 9750
f 11211 11210 9748
f 11213 11212 9752
f 11212 9750 9752
f 11212 11211 9750
f 11215 11214 11213
f 11213 11214 11212
f 11217 11216 11215
f 11215 11216 11214
f 11219 11218 11217
f 11217 11218 11216
f 9754 9755 11219
f 9755 11218 11219
f 9755 11220 11218
f 9756 11176 11177
f 11220 9756 11177
f 9755 9756 11220
f 11176 9756 9758
f 11176 9758 11178
f 11222 11221 9760
f 9760 11221 9758
f 11221 11179 9758
f 11179 11178 9758
f 11222 11223 11221
f 11226 11225 11224
f 11224 11227 11226
f 11230 11229 11228
f 11232 11231 11228
f 11228 11231 11230
f 11234 11233 11232
f 11232 11233 11231
f 11234 11235 11233
f 11238 11237 11236
f 11236 11237 11239
f 11241 11240 11238
f 11238 11240 11237
f 9762 9763 11241
f 9763 11240 11241
f 9763 11242 11240
f 11243 9763 9764
f 11243 11242 9763
f 11244 9764 9766
f 11244 11243 9764
f 11246 11245 9768
f 11245 9766 9768
f 11245 11244 9766
f 11248 11247 11246
f 11246 11247 11245
f 11250 11249 11248
f 11248 11249 11247
f 9770 9771 11250
f 9771 11249 11250
f 9771 11251 11249
f 11252 9771 9772
f 11252 11251 9771
f 9774 11180 11181
f 11252 9774 11181
f 9772 9774 11252
f 11180 9774 9776
f 11180 9776 11184
f 11184 9776 9777
f 11184 9777 11185
f 11185 9777 9778
f 11185 9778 11187
f 11187 9778 9779
f 11187 9779 11189
f 11189 9779 9781
f 11189 9781 11191
f 11253 11192 11191
f 9781 11253 11191
f 9783 11253 9781
f 9785 11193 11194
f 11253 9785 11194
f 9783 9785 11253
f 11193 9785 9787
f 11193 9787 11197
f 11197 9787 9788
f 11197 9788 11199
f 11199 9788 9719
f 9789 11203 9723
f 11203 9789 9790
f 11203 9790 11204
f 11204 9790 9725
f 9791 11206 9744
f 11206 9791 9792
f 11206 9792 11208
f 11208 9792 9746
f 9793 11213 9752
f 11213 9793 9794
f 11213 9794 11215
f 11215 9794 9796
f 11215 9796 11217
f 11217 9796 9798
f 11217 9798 11219
f 11219 9798 9754
f 9800 11222 9760
f 11254 11223 11222
f 9800 11254 11222
f 9802 11254 9800
f 11255 9802 9804
f 11255 11254 9802
f 11257 11256 9806
f 11256 9804 9806
f 11256 11255 9804
f 11259 11258 11257
f 11257 11258 11256
f 11261 11260 11259
f 11259 11260 11258
f 9808 9809 11261
f 9809 11260 11261
f 9809 11262 11260
f 11263 9809 9810
f 11263 11262 9809
f 9812 11224 11225
f 11263 9812 11225
f 9810 9812 11263
f 11264 11227 11224
f 9812 11264 11224
f 9814 11264 9812
f 11265 9814 9816
f 11265 11264 9814
f 11266 9816 9818
f 11266 11265 9816
f 11267 9818 9820
f 11267 11266 9818
f 9822 11228 11229
f 11267 9822 11229
f 9820 9822 11267
f 11228 9822 9824
f 11228 9824 11232
f 11232 9824 9826
f 11232 9826 11234
f 11269 11268 9828
f 9828 11268 9826
f 11268 11235 9826
f 11235 11234 9826
f 11271 11270 11269
f 11269 11270 11268
f 11273 11272 11271
f 11271 11272 11270
f 11275 11274 11273
f 11273 11274 11272
f 11277 11276 11275
f 11275 11276 11274
f 11279 11278 11277
f 11277 11278 11276
f 9830 9831 11279
f 9831 11278 11279
f 9831 11280 11278
f 11281 9831 9832
f 11281 11280 9831
f 11283 11282 9834
f 11282 9832 9834
f 11282 11281 9832
f 11285 11284 11283
f 11283 11284 11282
f 11287 11286 11285
f 11285 11286 11284
f 11289 11288 11287
f 11287 11288 11286
f 11291 11290 11289
f 11289 11290 11288
f 11293 11292 11291
f 11291 11292 11290
f 11295 11294 11293
f 11293 11294 11292
f 11297 11296 11295
f 11295 11296 11294
f 11299 11298 11297
f 11297 11298 11296
f 11299 11300 11298
f 11303 11302 11301
f 11305 11304 11301
f 11301 11304 11303
f 11307 11306 11305
f 11305 11306 11304
f 11307 11308 11306
f 11311 11310 11309
f 11313 11312 11309
f 11309 11312 11311
f 11315 11314 11313
f 11313 11314 11312
f 11317 11316 11315
f 11315 11316 11314
f 11319 11318 11317
f 11317 11318 11316
f 9836 9837 11319
f 9837 11318 11319
f 9837 11320 11318
f 11322 11321 9838
f 11321 9837 9838
f 11321 11320 9837
f 11322 11323 11321
f 11326 11325 11324
f 11328 11327 11324
f 11324 11327 11326
f 11330 11329 11328
f 11328 11329 11327
f 9840 9841 11330
f 9841 11329 11330
f 9841 11331 11329
f 11332 9841 9842
f 11332 11331 9841
f 11334 11333 9844
f 11333 9842 9844
f 11333 11332 9842
f 11336 11335 11334
f 11334 11335 11333
f 11338 11337 11336
f 11336 11337 11335
f 11340 11339 11338
f 11338 11339 11337
f 11342 11341 11340
f 11340 11341 11339
f 9846 9847 11342
f 9847 11341 11342
f 9847 11343 11341
f 11344 9847 9848
f 11344 11343 9847
f 11346 11345 9850
f 11345 9848 9850
f 11345 11344 9848
f 11346 11347 11345
f 11350 11349 11348
f 11352 11351 11348
f 11348 11351 11350
f 11354 11353 11352
f 11352 11353 11351
f 11354 11355 11353
f 11358 11357 11356
f 11360 11359 11356
f 11356 11359 11358
f 11360 11361 11359
f 11364 11363 11362
f 11366 11365 11362
f 11362 11365 11364
f 11366 11367 11365
f 11370 11369 11368
f 9852 9853 11368
f 9853 11370 11368
f 9853 11371 11370
f 11372 9853 9854
f 11372 11371 9853
f 11373 9854 9856
f 11373 11372 9854
f 11375 11374 9858
f 11374 9856 9858
f 11374 11373 9856
f 11377 11376 11375
f 11375 11376 11374
f 11236 9862 9860
f 11236 9860 11238
f 11238 9860 9863
f 11238 9863 11241
f 11241 9863 9762
f 9867 11246 9768
f 11246 9867 9869
f 11246 9869 11248
f 11248 9869 9871
f 11248 9871 11250
f 11250 9871 9770
f 9875 11257 9806
f 11257 9875 9877
f 11257 9877 11259
f 11259 9877 9879
f 11259 9879 11261
f 11261 9879 9808
f 9885 11269 9828
f 11269 9885 9887
f 11269 9887 11271
f 11271 9887 9889
f 11271 9889 11273
f 11273 9889 9891
f 11273 9891 11275
f 11275 9891 9893
f 11275 9893 11277
f 11277 9893 9895
f 11277 9895 11279
f 11279 9895 9830
f 9899 11283 9834
f 11283 9899 9901
f 11283 9901 11285
f 11285 9901 9903
f 11285 9903 11287
f 11287 9903 9905
f 11287 9905 11289
f 11289 9905 9907
f 11378 11289 9907
f 11291 11289 11378
f 11291 11379 11293
f 11291 11378 11379
f 11379 9909 9910
f 11295 11379 9910
f 11293 11379 11295
f 11295 9910 9911
f 11295 9911 11297
f 11297 9911 9913
f 11297 9913 11299
f 11381 11380 9915
f 9915 11380 9913
f 11380 11300 9913
f 11300 11299 9913
f 11383 11382 11381
f 11381 11382 11380
f 9917 9918 11383
f 9918 11382 11383
f 9918 11384 11382
f 9919 11301 11302
f 11384 9919 11302
f 9918 9919 11384
f 11301 9919 9921
f 11301 9921 11305
f 11305 9921 9923
f 11385 11305 9923
f 11307 11305 11385
f 11308 11307 11386
f 11307 11387 11386
f 11307 11385 11387
f 11386 11387 11310
f 11310 11387 11309
f 11387 9925 11309
f 9925 9926 11309
f 11309 9926 9927
f 11309 9927 11313
f 11313 9927 9929
f 11313 9929 11315
f 11315 9929 9931
f 11315 9931 11317
f 11317 9931 9933
f 11317 9933 11319
f 11319 9933 9836
f 9936 11322 9838
f 11389 11388 9938
f 9938 11388 9936
f 11388 11323 9936
f 11323 11322 9936
f 11391 11390 11389
f 11389 11390 11388
f 11390 11391 11325
f 11325 11391 11324
f 11391 9940 11324
f 9940 9941 11324
f 11324 9941 9942
f 11324 9942 11328
f 11328 9942 9944
f 11328 9944 11330
f 11330 9944 9840
f 9946 11334 9844
f 11334 9946 9948
f 11334 9948 11336
f 11336 9948 9950
f 11336 9950 11338
f 11338 9950 9952
f 11338 9952 11340
f 11340 9952 9954
f 11340 9954 11342
f 11342 9954 9846
f 9956 11346 9850
f 11393 11392 9958
f 9958 11392 9956
f 11392 11347 9956
f 11347 11346 9956
f 9960 9961 11393
f 9961 11392 11393
f 9961 11394 11392
f 11396 11395 9962
f 11395 9961 9962
f 11395 11394 9961
f 11398 11397 11396
f 11396 11397 11395
f 9964 9965 11398
f 9965 11397 11398
f 9965 11399 11397
f 9966 11348 11349
f 11399 9966 11349
f 9965 9966 11399
f 11348 9966 9968
f 11348 9968 11352
f 11352 9968 9970
f 11352 9970 11354
f 11400 11355 11354
f 9970 11400 11354
f 9972 11400 9970
f 11401 9972 9974
f 11401 11400 9972
f 11403 11402 9976
f 11402 9974 9976
f 11402 11401 9974
f 11405 11404 11403
f 11403 11404 11402
f 11404 11405 11357
f 11405 11356 11357
f 11405 11406 11356
f 11406 9978 9979
f 11360 11406 9979
f 11356 11406 11360
f 11408 11407 9980
f 9980 11407 9979
f 11407 11361 9979
f 11361 11360 9979
f 11410 11409 11408
f 11408 11409 11407
f 11410 11411 11409
f 11414 11413 11412
f 11416 11415 11412
f 11412 11415 11414
f 11418 11417 11416
f 11416 11417 11415
f 11420 11419 11418
f 11418 11419 11417
f 11422 11421 11420
f 11420 11421 11419
f 11424 11423 11422
f 11422 11423 11421
f 11426 11425 11424
f 11424 11425 11423
f 11428 11427 11426
f 11426 11427 11425
f 11430 11429 11428
f 11428 11429 11427
f 11429 11430 11363
f 11363 11430 11362
f 11430 9982 11362
f 9982 9983 11362
f 11362 9983 9984
f 11362 9984 11366
f 11431 11367 11366
f 9984 11431 11366
f 9986 11431 9984
f 11433 11432 9988
f 11432 9986 9988
f 11432 11431 9986
f 11435 11434 11433
f 11433 11434 11432
f 11437 11436 11435
f 11435 11436 11434
f 11439 11438 11437
f 11437 11438 11436
f 11438 11439 11369
f 11369 11439 11368
f 11439 9990 11368
f 9990 9991 11368
f 11368 9991 9852
f 9995 11375 9858
f 11375 9995 9997
f 11375 9997 11377
f 10019 11440 10020
f 11440 10022 10020
f 10027 11441 10028
f 11378 9907 10028
f 11441 11378 10028
f 11442 11378 11441
f 11378 11443 11379
f 11378 11442 11443
f 11443 10030 9909
f 11443 9909 11379
f 10033 11444 11381
f 10033 11381 9915
f 11381 11445 11383
f 11381 11444 11445
f 11445 10035 9917
f 11445 9917 11383
f 10038 11446 11385
f 10038 11385 9923
f 11385 11447 11387
f 11385 11446 11447
f 11448 10039 9925
f 11387 11448 9925
f 11447 11448 11387
f 11448 10041 10039
f 10047 11449 11389
f 10047 11389 9938
f 11389 11450 11391
f 11389 11449 11450
f 11450 10049 9940
f 11450 9940 11391
f 10056 11451 10057
f 11452 10058 10057
f 11452 10057 11451
f 11452 10060 10058
f 10063 11453 11393
f 10063 11393 9958
f 11454 10064 9960
f 11393 11454 9960
f 11453 11454 11393
f 11396 9962 10064
f 11454 11396 10064
f 11455 11396 11454
f 11396 11456 11398
f 11396 11455 11456
f 11456 10066 9964
f 11456 9964 11398
f 10070 11457 10071
f 11458 10072 10071
f 11458 10071 11457
f 11403 9976 10072
f 11458 11403 10072
f 11459 11403 11458
f 11403 11460 11405
f 11403 11459 11460
f 11405 11461 11406
f 11405 11460 11461
f 11462 10073 9978
f 11406 11462 9978
f 11461 11462 11406
f 11408 9980 10073
f 11462 11408 10073
f 11463 11408 11462
f 11408 11464 11410
f 11408 11463 11464
f 11411 11410 11465
f 11465 11410 11464
f 11412 11413 11466
f 11466 11413 11467
f 11412 11468 11416
f 11412 11466 11468
f 11416 11469 11418
f 11416 11468 11469
f 11418 11470 11420
f 11418 11469 11470
f 11420 11471 11422
f 11420 11470 11471
f 11422 11472 11424
f 11422 11471 11472
f 11424 11473 11426
f 11424 11472 11473
f 11426 11474 11428
f 11426 11473 11474
f 11428 11475 11430
f 11428 11474 11475
f 11476 10074 9982
f 11430 11476 9982
f 11475 11476 11430
f 11476 10076 10074
f 10077 11477 10078
f 11433 9988 10078
f 11477 11433 10078
f 11478 11433 11477
f 11480 11435 11479
f 11435 11478 11479
f 11435 11433 11478
f 11482 11481 11480
f 11481 11435 11480
f 11481 11437 11435
f 11437 11483 11439
f 11437 11481 11483
f 11484 10079 9990
f 11439 11484 9990
f 11483 11484 11439
f 11484 10081 10079
f 11485 10088 10086
f 10093 11486 10094
f 11487 10095 10094
f 11487 10094 11486
f 11487 10097 10095
f 10120 11488 11440
f 10120 11440 10019
f 11488 10122 10022
f 11488 10022 11440
f 10126 11441 10027
f 11441 10126 10128
f 11489 11441 10128
f 11442 11441 11489
f 11442 11490 11443
f 11442 11489 11490
f 11490 10130 10030
f 11490 10030 11443
f 10133 11491 11444
f 10133 11444 10033
f 11444 11492 11445
f 11444 11491 11492
f 11492 10135 10035
f 11492 10035 11445
f 10138 11493 11446
f 10138 11446 10038
f 11446 11494 11447
f 11446 11493 11494
f 11494 10140 10141
f 11448 11494 10141
f 11447 11494 11448
f 11448 10141 10041
f 10148 11495 11449
f 10148 11449 10047
f 11449 11496 11450
f 11449 11495 11496
f 11496 10150 10049
f 11496 10049 11450
f 10157 11497 11451
f 10157 11451 10056
f 11451 11498 11452
f 11451 11497 11498
f 11498 10159 10060
f 11498 10060 11452
f 10162 11499 11453
f 10162 11453 10063
f 11453 11500 11454
f 11453 11499 11500
f 11454 11501 11455
f 11454 11500 11501
f 11455 11502 11456
f 11455 11501 11502
f 11503 10163 10066
f 11456 11503 10066
f 11502 11503 11456
f 11503 10165 10163
f 10168 11504 11457
f 10168 11457 10070
f 11457 11505 11458
f 11457 11504 11505
f 11458 11506 11459
f 11458 11505 11506
f 11459 11507 11460
f 11459 11506 11507
f 11460 11508 11461
f 11460 11507 11508
f 11461 11509 11462
f 11461 11508 11509
f 11462 11510 11463
f 11462 11509 11510
f 11463 11511 11464
f 11463 11510 11511
f 11465 11464 11512
f 11512 11464 11511
f 11467 11513 11466
f 11515 11514 11513
f 11514 11466 11513
f 11514 11468 11466
f 11468 11516 11469
f 11468 11514 11516
f 11469 11517 11470
f 11469 11516 11517
f 11470 11518 11471
f 11470 11517 11518
f 11471 11519 11472
f 11471 11518 11519
f 11472 11520 11473
f 11472 11519 11520
f 11473 11521 11474
f 11473 11520 11521
f 11474 11522 11475
f 11474 11521 11522
f 11475 11523 11476
f 11475 11522 11523
f 11524 10169 10076
f 11476 11524 10076
f 11523 11524 11476
f 11477 10077 10169
f 11524 11477 10169
f 11525 11477 11524
f 11527 11478 11526
f 11478 11525 11526
f 11478 11477 11525
f 11478 11527 11479
f 11482 11528 11481
f 11530 11529 11528
f 11529 11481 11528
f 11529 11483 11481
f 11483 11531 11484
f 11483 11529 11531
f 11531 10171 10081
f 11531 10081 11484
f 10174 11532 10175
f 11533 10176 10175
f 11533 10175 11532
f 11485 10178 10088
f 10180 11486 10093
f 11486 10180 10182
f 11486 10182 11487
f 11487 10182 10097
f 10190 11488 10120
f 11488 10190 10122
f 10194 11489 10128
f 11489 10194 10196
f 11489 10196 11490
f 11490 10196 10130
f 10200 11534 11491
f 10200 11491 10133
f 11491 11535 11492
f 11491 11534 11535
f 11535 10202 10135
f 11535 10135 11492
f 10205 11493 10138
f 11493 10205 10207
f 11493 10207 11494
f 11494 10207 10140
f 10212 11495 10148
f 11495 10212 10214
f 11495 10214 11496
f 11496 10214 10150
f 10222 11497 10157
f 11497 10222 10224
f 11497 10224 11498
f 11498 10224 10159
f 10227 11499 10162
f 11499 10227 10229
f 11499 10229 11500
f 11500 10229 10231
f 11500 10231 11501
f 11501 10231 10233
f 11501 10233 11502
f 11502 10233 10235
f 11502 10235 11503
f 11503 10235 10165
f 10238 11504 10168
f 11504 10238 10240
f 11504 10240 11505
f 11505 10240 10242
f 11505 10242 11506
f 11506 10242 10244
f 11506 10244 11507
f 11507 10244 10246
f 11507 10246 11508
f 11508 10246 10248
f 11508 10248 11509
f 11509 10248 10250
f 11509 10250 11510
f 11510 10250 10252
f 11510 10252 11511
f 11537 11536 10254
f 10254 11536 10252
f 11536 11512 10252
f 11512 11511 10252
f 11539 11538 11537
f 11537 11538 11536
f 11541 11540 11539
f 11539 11540 11538
f 11540 11541 11515
f 11515 11541 11514
f 11541 10256 11514
f 10256 10257 11514
f 11514 10257 10258
f 11514 10258 11516
f 11516 10258 10260
f 11516 10260 11517
f 11517 10260 10262
f 11542 11517 10262
f 11518 11517 11542
f 11542 10264 10265
f 11519 11542 10265
f 11518 11542 11519
f 11519 10265 10266
f 11519 10266 11520
f 11520 10266 10268
f 11520 10268 11521
f 11521 10268 10270
f 11521 10270 11522
f 11522 10270 10272
f 11522 10272 11523
f 11523 10272 10274
f 11523 10274 11524
f 11524 10274 10275
f 11524 10275 11525
f 11543 11526 11525
f 10275 11543 11525
f 10277 11543 10275
f 11544 10277 10279
f 11544 11543 10277
f 11545 10279 10281
f 11545 11544 10279
f 10283 11529 11530
f 11545 10283 11530
f 10281 10283 11545
f 11529 10283 10285
f 11529 10285 11531
f 11531 10285 10171
f 10288 11532 10174
f 11532 10288 10290
f 11532 10290 11533
f 10292 11534 10200
f 11534 10292 10294
f 11534 10294 11535
f 11535 10294 10202
f 10297 11537 10254
f 11537 10297 10299
f 11537 10299 11539
f 11539 10299 10301
f 11539 10301 11541
f 11541 10301 10256
f 10304 11542 10262
f 11542 10304 10264
f 10393 11546 10394
f 11547 10395 10394
f 11547 10394 11546
f 11547 10397 10395
f 10402 11548 10403
f 11549 10404 10403
f 11549 10403 11548
f 11549 10406 10404
f 10409 11550 10410
f 11551 10411 10410
f 11551 10410 11550
f 10411 11551 11552
f 11553 10411 11552
f 10412 10411 11553
f 10412 11554 10413
f 11553 11554 10412
f 11554 11556 11555
f 10414 11554 11555
f 10413 11554 10414
f 11557 10415 10414
f 11557 10414 11555
f 11557 10417 10415
f 10422 11558 10423
f 11558 10425 10423
f 10445 11559 10446
f 11560 10447 10446
f 11560 10446 11559
f 11560 11561 10447
f 10447 11561 10393
f 11561 11562 10393
f 11562 11546 10393
f 11546 11562 11547
f 11547 11562 11563
f 11563 11565 11564
f 11563 11564 10448
f 11547 11563 10448
f 10397 11547 10448
f 11566 10449 10448
f 11566 10448 11564
f 11567 10450 10449
f 11567 10449 11566
f 10450 11567 11568
f 11569 10450 11568
f 10451 10450 11569
f 10451 11570 10452
f 11569 11570 10451
f 10402 10452 11548
f 10452 11571 11548
f 10452 11570 11571
f 11548 11571 11549
f 11549 11571 11572
f 11549 11572 10406
f 11572 10453 10406
f 11572 11573 10453
f 11573 11575 11574
f 10454 11573 11574
f 10453 11573 10454
f 10454 11574 11576
f 11577 10454 11576
f 10455 10454 11577
f 10409 10455 11550
f 10455 11578 11550
f 10455 11577 11578
f 11550 11578 11551
f 11551 11578 11579
f 11551 11579 11552
f 11556 11580 11555
f 11555 11580 11557
f 11557 11580 11581
f 11581 11583 11582
f 11581 11582 10456
f 11557 11581 10456
f 10417 11557 10456
f 11584 10457 10456
f 11584 10456 11582
f 10457 11584 11585
f 11586 10457 11585
f 10458 10457 11586
f 11586 11588 11587
f 10459 11586 11587
f 10458 11586 10459
f 11589 10460 10459
f 11589 10459 11587
f 11589 11590 10460
f 10460 11590 10422
f 11590 11591 10422
f 11591 11558 10422
f 11591 11593 11592
f 11591 11592 10461
f 11558 11591 10461
f 10425 11558 10461
f 11594 10462 10461
f 11594 10461 11592
f 11594 10464 10462
f 10465 11595 10466
f 11596 10467 10466
f 11596 10466 11595
f 11597 10468 10467
f 11597 10467 11596
f 11597 10470 10468
f 10488 11598 11559
f 10488 11559 10445
f 11559 11599 11560
f 11559 11598 11599
f 11561 11560 11600
f 11560 11601 11600
f 11560 11599 11601
f 11601 11602 11600
f 11564 11565 11603
f 11603 11565 11604
f 11564 11605 11566
f 11564 11603 11605
f 11566 11606 11567
f 11566 11605 11606
f 11568 11567 11607
f 11607 11567 11606
f 11574 11575 11608
f 11608 11575 11609
f 11576 11574 11610
f 11574 11611 11610
f 11574 11608 11611
f 11611 11612 11610
f 11582 11583 11613
f 11613 11583 11614
f 11582 11615 11584
f 11582 11613 11615
f 11585 11584 11616
f 11584 11617 11616
f 11584 11615 11617
f 11616 11617 11588
f 11617 11587 11588
f 11617 11618 11587
f 11587 11619 11589
f 11587 11618 11619
f 11590 11589 11620
f 11589 11621 11620
f 11589 11619 11621
f 11620 11621 11593
f 11621 11592 11593
f 11621 11622 11592
f 11622 10490 10491
f 11594 11622 10491
f 11592 11622 11594
f 11594 10491 10464
f 10493 11595 10465
f 11595 10493 10495
f 11623 11595 10495
f 11596 11595 11623
f 11596 11624 11597
f 11596 11623 11624
f 11624 10497 10470
f 11624 10470 11597
f 10502 11598 10488
f 11598 10502 10504
f 11625 11598 10504
f 11599 11598 11625
f 11599 11626 11601
f 11599 11625 11626
f 11602 11601 11627
f 11601 11628 11627
f 11601 11626 11628
f 11627 11628 11604
f 11628 11603 11604
f 11628 11629 11603
f 11629 10506 10507
f 11605 11629 10507
f 11603 11629 11605
f 11605 10507 10508
f 11605 10508 11606
f 11631 11630 10510
f 10510 11630 10508
f 11630 11607 10508
f 11607 11606 10508
f 11633 11632 11631
f 11631 11632 11630
f 11635 11634 11633
f 11633 11634 11632
f 11637 11636 11635
f 11635 11636 11634
f 10512 10513 11637
f 10513 11636 11637
f 10513 11638 11636
f 10514 11608 11609
f 11638 10514 11609
f 10513 10514 11638
f 11608 10514 10516
f 11639 11608 10516
f 11611 11608 11639
f 11612 11611 11640
f 11611 11641 11640
f 11611 11639 11641
f 11643 11642 11641
f 11641 11642 11640
f 11645 11644 11643
f 11643 11644 11642
f 11647 11646 11645
f 11645 11646 11644
f 11649 11648 11647
f 11647 11648 11646
f 11651 11650 11649
f 11649 11650 11648
f 11650 11651 11614
f 11614 11651 11613
f 11651 10518 11613
f 10518 10519 11613
f 11613 10519 10520
f 11613 10520 11615
f 11615 10520 10522
f 11615 10522 11617
f 11617 10522 10524
f 11617 10524 11618
f 11618 10524 10526
f 11618 10526 11619
f 11619 10526 10528
f 11619 10528 11621
f 11621 10528 10530
f 11652 11621 10530
f 11622 11621 11652
f 11652 10532 10490
f 11652 10490 11622
f 10533 11623 10495
f 11623 10533 10535
f 11623 10535 11624
f 11624 10535 10497
f 10542 11653 10543
f 11654 10544 10543
f 11654 10543 11653
f 11654 10546 10544
f 10551 11655 10552
f 10552 11655 11656
f 11657 10552 11656
f 10553 10552 11657
f 10553 11658 10554
f 11657 11658 10553
f 10504 10554 11625
f 10554 11659 11625
f 10554 11658 11659
f 11625 11659 11626
f 11626 11659 11660
f 11626 11660 11628
f 11628 11660 11661
f 11628 11661 11629
f 11629 11661 11662
f 11629 11662 10506
f 11662 10555 10506
f 11662 11663 10555
f 10555 11664 10556
f 11663 11664 10555
f 10510 10556 11631
f 10556 11665 11631
f 10556 11664 11665
f 11631 11665 11633
f 11633 11665 11666
f 11633 11666 11635
f 11635 11666 11667
f 11635 11667 11637
f 11637 11667 11668
f 11637 11668 10512
f 11668 10557 10512
f 11668 11669 10557
f 10557 11670 10558
f 11669 11670 10557
f 10516 10558 11639
f 10558 11671 11639
f 10558 11670 11671
f 11639 11671 11641
f 11641 11671 11672
f 11641 11672 11643
f 11643 11672 11673
f 11643 11673 11645
f 11645 11673 11674
f 11645 11674 11647
f 11647 11674 11675
f 11647 11675 11649
f 11649 11675 11676
f 11649 11676 11651
f 11651 11676 11677
f 11651 11677 10518
f 11677 10559 10518
f 11677 11678 10559
f 10559 11679 10560
f 11678 11679 10559
f 10560 11680 10561
f 11679 11680 10560
f 11680 11682 11681
f 10562 11680 11681
f 10561 11680 10562
f 11683 10563 10562
f 11683 10562 11681
f 10563 11683 11684
f 11685 10563 11684
f 10564 10563 11685
f 10530 10564 11652
f 10564 11686 11652
f 10564 11685 11686
f 11686 11688 11687
f 11686 11687 10565
f 11652 11686 10565
f 10532 11652 10565
f 11689 10566 10565
f 11689 10565 11687
f 11690 10567 10566
f 11690 10566 11689
f 11691 10568 10567
f 11691 10567 11690
f 11692 10569 10568
f 11692 10568 11691
f 11692 10571 10569
f 10578 11693 10579
f 11694 10580 10579
f 11694 10579 11693
f 11694 10582 10580
f 10584 11695 10585
f 11696 10586 10585
f 11696 10585 11695
f 10586 11696 11697
f 11698 10586 11697
f 10587 10586 11698
f 10587 11699 10588
f 11698 11699 10587
f 10588 11700 10589
f 11699 11700 10588
f 10589 11701 10590
f 11700 11701 10589
f 10590 11702 10591
f 11701 11702 10590
f 10542 10591 11653
f 10591 11703 11653
f 10591 11702 11703
f 11653 11703 11654
f 11654 11703 11704
f 11654 11704 10546
f 11704 10592 10546
f 11704 11705 10592
f 10592 11706 10593
f 11705 11706 10592
f 10593 11707 10594
f 11706 11707 10593
f 10594 11708 10595
f 11707 11708 10594
f 10595 11709 10596
f 11708 11709 10595
f 10551 10596 11655
f 10596 11710 11655
f 10596 11709 11710
f 11655 11710 11656
f 11682 11711 11681
f 11681 11711 11683
f 11683 11711 11712
f 11683 11712 11684
f 11688 11713 11687
f 11687 11713 11689
f 11689 11713 11714
f 11689 11714 11690
f 11690 11714 11715
f 11690 11715 11691
f 11691 11715 11716
f 11691 11716 11692
f 11692 11716 11717
f 11692 11717 10571
f 11717 10597 10571
f 11717 11718 10597
f 10597 11719 10598
f 11718 11719 10597
f 10598 11720 10599
f 11719 11720 10598
f 10599 11721 10600
f 11720 11721 10599
f 10600 11722 10601
f 11721 11722 10600
f 11722 11724 11723
f 10602 11722 11723
f 10601 11722 10602
f 11725 10603 10602
f 11725 10602 11723
f 11726 10604 10603
f 11726 10603 11725
f 11726 10606 10604
f 10608 11727 10609
f 11727 10611 10609
f 10621 11728 10622
f 11729 10623 10622
f 11729 10622 11728
f 11730 10624 10623
f 11730 10623 11729
f 11730 10626 10624
f 10627 11731 10628
f 11732 10629 10628
f 11732 10628 11731
f 11733 10630 10629
f 11733 10629 11732
f 11734 10631 10630
f 11734 10630 11733
f 11734 11735 10631
f 10631 11735 10578
f 11735 11736 10578
f 11736 11693 10578
f 11693 11736 11694
f 11694 11736 11737
f 11737 11739 11738
f 11737 11738 10632
f 11694 11737 10632
f 10582 11694 10632
f 11740 10633 10632
f 11740 10632 11738
f 11740 11741 10633
f 10633 11741 10584
f 11741 11742 10584
f 11742 11695 10584
f 11695 11742 11696
f 11696 11742 11743
f 11696 11743 11697
f 11724 11744 11723
f 11723 11744 11725
f 11725 11744 11745
f 11725 11745 11726
f 11726 11745 11746
f 11726 11746 10606
f 11746 10634 10606
f 11746 11747 10634
f 10634 11748 10635
f 11747 11748 10634
f 10635 11748 10608
f 11748 11749 10608
f 11749 11727 10608
f 11749 11748 11750
f 11751 10636 10611
f 11727 11751 10611
f 11749 11751 11727
f 11752 10637 10636
f 11752 10636 11751
f 11753 10638 10637
f 11753 10637 11752
f 11754 10639 10638
f 11754 10638 11753
f 11754 10641 10639
f 10657 11755 11728
f 10657 11728 10621
f 11728 11756 11729
f 11728 11755 11756
f 11756 10659 10660
f 11730 11756 10660
f 11729 11756 11730
f 11730 10660 10626
f 10662 11731 10627
f 11731 10662 10664
f 11757 11731 10664
f 11732 11731 11757
f 11757 10666 10667
f 11733 11757 10667
f 11732 11757 11733
f 11733 10667 10668
f 11758 11733 10668
f 11734 11733 11758
f 11735 11734 11759
f 11759 11734 11758
f 11738 11739 11760
f 11760 11739 11761
f 11738 11762 11740
f 11738 11760 11762
f 11741 11740 11763
f 11763 11740 11762
f 11766 11765 11764
f 11768 11767 11764
f 11764 11767 11766
f 11770 11769 11768
f 11768 11769 11767
f 11769 11770 11750
f 11770 11749 11750
f 11770 11771 11749
f 11771 10670 10671
f 11751 11771 10671
f 11749 11771 11751
f 11751 10671 10672
f 11751 10672 11752
f 11752 10672 10674
f 11752 10674 11753
f 11753 10674 10676
f 11753 10676 11754
f 11754 10676 10641
f 10682 11772 11755
f 10682 11755 10657
f 11755 11773 11756
f 11755 11772 11773
f 11773 10684 10659
f 11773 10659 11756
f 10687 11757 10664
f 11757 10687 10666
f 10690 11774 11758
f 10690 11758 10668
f 11759 11758 11775
f 11775 11758 11774
f 11761 11776 11760
f 11778 11777 11776
f 11777 11760 11776
f 11777 11762 11760
f 11763 11762 11779
f 11779 11762 11777
f 11782 11781 11780
f 11784 11783 11780
f 11780 11783 11782
f 11786 11785 11784
f 11784 11785 11783
f 11786 11787 11785
f 11790 11789 11788
f 11790 11788 11765
f 11788 11764 11765
f 11788 11791 11764
f 11791 10692 10693
f 11768 11791 10693
f 11764 11791 11768
f 11768 10693 10694
f 11792 11768 10694
f 11770 11768 11792
f 11770 11793 11771
f 11770 11792 11793
f 11793 10696 10670
f 11793 10670 11771
f 10700 11794 10702
f 11794 10704 10702
f 10707 11795 10708
f 11796 10709 10708
f 11796 10708 11795
f 11797 10710 10709
f 11797 10709 11796
f 11797 11798 10710
f 10710 11798 10682
f 11798 11799 10682
f 11799 11772 10682
f 11772 11799 11773
f 11773 11799 11800
f 11773 11800 10684
f 11800 10711 10684
f 11800 11801 10711
f 10711 11802 10712
f 11801 11802 10711
f 10712 11803 10713
f 11802 11803 10712
f 10713 11804 10714
f 11803 11804 10713
f 10714 11805 10715
f 11804 11805 10714
f 10690 10715 11774
f 10715 11806 11774
f 10715 11805 11806
f 11774 11806 11775
f 11778 11807 11777
f 11777 11807 11779
f 11781 11808 11780
f 11780 11808 11784
f 11784 11808 11809
f 11784 11809 11786
f 11786 11809 11810
f 11786 11810 11787
f 11789 11811 11788
f 11813 11812 11811
f 11812 11788 11811
f 11812 11791 11788
f 11814 10716 10692
f 11791 11814 10692
f 11812 11814 11791
f 11814 11815 10716
f 10716 11815 10694
f 11815 11816 10694
f 11816 11792 10694
f 11792 11816 11793
f 11793 11816 11817
f 11817 11819 11818
f 11817 11818 10717
f 11793 11817 10717
f 10696 11793 10717
f 11820 10718 10717
f 11820 10717 11818
f 11820 10720 10718
f 10700 10734 11794
f 10734 11821 11794
f 10734 11822 11821
f 11794 11821 10704
f 11821 10735 10704
f 11821 11823 10735
f 11823 11825 11824
f 10736 11823 11824
f 10735 11823 10736
f 10736 11824 11826
f 11827 10736 11826
f 10737 10736 11827
f 10707 10737 11795
f 10737 11828 11795
f 10737 11827 11828
f 11795 11828 11796
f 11796 11828 11829
f 11796 11829 11797
f 11797 11829 11830
f 11797 11830 11798
f 11813 11831 11812
f 11812 11831 11814
f 11814 11831 11832
f 11814 11832 11815
f 11819 11833 11818
f 11835 11834 11833
f 11834 11818 11833
f 11834 11820 11818
f 11836 10738 10720
f 11820 11836 10720
f 11834 11836 11820
f 11837 10739 10738
f 11837 10738 11836
f 11838 10740 10739
f 11838 10739 11837
f 11838 10742 10740
f 10750 11839 10751
f 11839 10753 10751
f 10808 11840 10809
f 11841 10810 10809
f 11841 10809 11840
f 11842 10811 10810
f 11842 10810 11841
f 11843 10812 10811
f 11843 10811 11842
f 11844 10813 10812
f 11844 10812 11843
f 11845 10814 10813
f 11845 10813 11844
f 11846 10815 10814
f 11846 10814 11845
f 11847 10816 10815
f 11847 10815 11846
f 11848 10817 10816
f 11848 10816 11847
f 10817 11848 11849
f 11850 10817 11849
f 10818 10817 11850
f 11825 11851 11824
f 11824 11851 11826
f 11835 11852 11834
f 11834 11852 11836
f 11836 11852 11853
f 11836 11853 11837
f 11837 11853 11854
f 11837 11854 11838
f 11838 11854 11855
f 11855 11857 11856
f 11855 11856 10819
f 11838 11855 10819
f 10742 11838 10819
f 11858 10820 10819
f 11858 10819 11856
f 11859 10821 10820
f 11859 10820 11858
f 11859 10823 10821
f 10824 11860 10825
f 11861 10826 10825
f 11861 10825 11860
f 11862 10827 10826
f 11862 10826 11861
f 11863 10828 10827
f 11863 10827 11862
f 11839 10750 10828
f 11863 11839 10828
f 11864 11839 11863
f 11865 10829 10753
f 11839 11865 10753
f 11864 11865 11839
f 11866 10830 10829
f 11866 10829 11865
f 11867 10831 10830
f 11867 10830 11866
f 11868 10832 10831
f 11868 10831 11867
f 11869 10833 10832
f 11869 10832 11868
f 11870 10834 10833
f 11870 10833 11869
f 11871 10835 10834
f 11871 10834 11870
f 11872 10836 10835
f 11872 10835 11871
f 11873 10837 10836
f 11873 10836 11872
f 11873 10839 10837
f 10840 11874 10841
f 11875 10842 10841
f 11875 10841 11874
f 11876 10843 10842
f 11876 10842 11875
f 11877 10844 10843
f 11877 10843 11876
f 11878 10845 10844
f 11878 10844 11877
f 11879 10846 10845
f 11879 10845 11878
f 11880 10847 10846
f 11880 10846 11879
f 11881 10848 10847
f 11881 10847 11880
f 11882 10849 10848
f 11882 10848 11881
f 11883 10850 10849
f 11883 10849 11882
f 11884 10851 10850
f 11884 10850 11883
f 11885 10852 10851
f 11885 10851 11884
f 11886 10853 10852
f 11886 10852 11885
f 11887 10854 10853
f 11887 10853 11886
f 11887 10856 10854
f 10858 11888 10859
f 11889 10860 10859
f 11889 10859 11888
f 11890 10861 10860
f 11890 10860 11889
f 11890 10863 10861
f 10866 11891 10867
f 11892 10868 10867
f 11892 10867 11891
f 11892 10870 10868
f 10896 11893 10897
f 11893 10899 10897
f 10902 11894 10903
f 11895 10904 10903
f 11895 10903 11894
f 11896 10905 10904
f 11896 10904 11895
f 11896 10907 10905
f 10910 11897 10911
f 11897 10913 10911
f 10914 11898 10915
f 11899 10916 10915
f 11899 10915 11898
f 11900 10917 10916
f 11900 10916 11899
f 11901 10918 10917
f 11901 10917 11900
f 11902 10919 10918
f 11902 10918 11901
f 11903 10920 10919
f 11903 10919 11902
f 11840 10808 10920
f 11903 11840 10920
f 11904 11840 11903
f 11840 11905 11841
f 11840 11904 11905
f 11907 11842 11906
f 11842 11905 11906
f 11842 11841 11905
f 11842 11907 11843
f 11843 11907 11908
f 11843 11908 11844
f 11844 11908 11909
f 11911 11910 11909
f 11910 11844 11909
f 11910 11845 11844
f 11913 11846 11912
f 11846 11910 11912
f 11846 11845 11910
f 11846 11913 11847
f 11847 11913 11914
f 11847 11914 11848
f 11848 11914 11915
f 11848 11915 11849
f 11856 11857 11916
f 11916 11857 11917
f 11919 11858 11918
f 11858 11916 11918
f 11858 11856 11916
f 11921 11920 11919
f 11920 11858 11919
f 11920 11859 11858
f 11922 10921 10823
f 11859 11922 10823
f 11920 11922 11859
f 11860 10824 10921
f 11922 11860 10921
f 11923 11860 11922
f 11860 11924 11861
f 11860 11923 11924
f 11861 11925 11862
f 11861 11924 11925
f 11927 11863 11926
f 11863 11925 11926
f 11863 11862 11925
f 11863 11927 11864
f 11864 11927 11928
f 11864 11928 11865
f 11865 11928 11929
f 11931 11930 11929
f 11930 11865 11929
f 11930 11866 11865
f 11866 11932 11867
f 11866 11930 11932
f 11867 11933 11868
f 11867 11932 11933
f 11935 11869 11934
f 11869 11933 11934
f 11869 11868 11933
f 11937 11936 11935
f 11936 11869 11935
f 11936 11870 11869
f 11870 11938 11871
f 11870 11936 11938
f 11871 11939 11872
f 11871 11938 11939
f 11872 11940 11873
f 11872 11939 11940
f 11941 10922 10839
f 11873 11941 10839
f 11940 11941 11873
f 11874 10840 10922
f 11941 11874 10922
f 11942 11874 11941
f 11874 11943 11875
f 11874 11942 11943
f 11875 11944 11876
f 11875 11943 11944
f 11876 11945 11877
f 11876 11944 11945
f 11877 11946 11878
f 11877 11945 11946
f 11878 11947 11879
f 11878 11946 11947
f 11949 11880 11948
f 11880 11947 11948
f 11880 11879 11947
f 11880 11949 11881
f 11881 11949 11950
f 11952 11951 11950
f 11951 11881 11950
f 11951 11882 11881
f 11882 11953 11883
f 11882 11951 11953
f 11883 11954 11884
f 11883 11953 11954
f 11884 11955 11885
f 11884 11954 11955
f 11885 11956 11886
f 11885 11955 11956
f 11886 11957 11887
f 11886 11956 11957
f 11958 10923 10856
f 11887 11958 10856
f 11957 11958 11887
f 11959 10924 10923
f 11959 10923 11958
f 11888 10858 10924
f 11959 11888 10924
f 11960 11888 11959
f 11888 11961 11889
f 11888 11960 11961
f 11889 11962 11890
f 11889 11961 11962
f 11963 10925 10863
f 11890 11963 10863
f 11962 11963 11890
f 11964 10926 10925
f 11964 10925 11963
f 11965 10927 10926
f 11965 10926 11964
f 11891 10866 10927
f 11965 11891 10927
f 11966 11891 11965
f 11891 11967 11892
f 11891 11966 11967
f 11968 10928 10870
f 11892 11968 10870
f 11967 11968 11892
f 11969 10929 10928
f 11969 10928 11968
f 11969 10931 10929
f 10932 11970 10933
f 11971 10934 10933
f 11971 10933 11970
f 11971 10936 10934
f 10938 11972 10939
f 11973 10940 10939
f 11973 10939 11972
f 11974 10941 10940
f 11974 10940 11973
f 11975 10942 10941
f 11975 10941 11974
f 11976 10943 10942
f 11976 10942 11975
f 11977 10944 10943
f 11977 10943 11976
f 11978 10945 10944
f 11978 10944 11977
f 11979 10946 10945
f 11979 10945 11978
f 11980 10947 10946
f 11980 10946 11979
f 11980 10949 10947
f 10951 11981 10952
f 11981 10954 10952
f 10958 11982 10959
f 11983 10960 10959
f 11983 10959 11982
f 11984 10961 10960
f 11984 10960 11983
f 11893 10896 10961
f 11984 11893 10961
f 11985 11893 11984
f 11986 10962 10899
f 11893 11986 10899
f 11985 11986 11893
f 11987 10963 10962
f 11987 10962 11986
f 11988 10964 10963
f 11988 10963 11987
f 11988 11989 10964
f 10964 11989 10902
f 11989 11990 10902
f 11990 11894 10902
f 11894 11990 11895
f 11895 11990 11991
f 11895 11991 11896
f 11896 11991 11992
f 11992 11994 11993
f 11992 11993 10965
f 11896 11992 10965
f 10907 11896 10965
f 11995 10966 10965
f 11995 10965 11993
f 11996 10967 10966
f 11996 10966 11995
f 11897 10910 10967
f 11996 11897 10967
f 11997 11897 11996
f 11998 10968 10913
f 11897 11998 10913
f 11997 11998 11897
f 11898 10914 10968
f 11998 11898 10968
f 11999 11898 11998
f 12001 11899 12000
f 11899 11999 12000
f 11899 11898 11999
f 11899 12001 11900
f 11900 12001 12002
f 12004 12003 12002
f 12003 11900 12002
f 12003 11901 11900
f 11901 12005 11902
f 11901 12003 12005
f 12007 11903 12006
f 11903 12005 12006
f 11903 11902 12005
f 11903 12007 11904
f 11904 12007 12008
f 11904 12008 11905
f 11905 12008 12009
f 11905 12009 11906
f 11911 12010 11910
f 11910 12010 11912
f 11917 12011 11916
f 11916 12011 11918
f 11921 12012 11920
f 12014 12013 12012
f 12013 11920 12012
f 12013 11922 11920
f 11922 12015 11923
f 11922 12013 12015
f 12017 11924 12016
f 11924 12015 12016
f 11924 11923 12015
f 11924 12017 11925
f 11925 12017 12018
f 11925 12018 11926
f 11931 12019 11930
f 11930 12019 11932
f 11932 12019 12020
f 11932 12020 11933
f 11933 12020 12021
f 11933 12021 11934
f 11937 12022 11936
f 11936 12022 11938
f 11938 12022 12023
f 11938 12023 11939
f 11939 12023 12024
f 11939 12024 11940
f 11940 12024 12025
f 11940 12025 11941
f 11941 12025 12026
f 11941 12026 11942
f 11942 12026 12027
f 11942 12027 11943
f 11943 12027 12028
f 11943 12028 11944
f 11944 12028 12029
f 11944 12029 11945
f 11945 12029 12030
f 11945 12030 11946
f 11946 12030 12031
f 11946 12031 11947
f 11947 12031 12032
f 11947 12032 11948
f 11952 12033 11951
f 11951 12033 11953
f 11953 12033 12034
f 11953 12034 11954
f 11954 12034 12035
f 11954 12035 11955
f 11955 12035 12036
f 11955 12036 11956
f 11956 12036 12037
f 11956 12037 11957
f 11957 12037 12038
f 11957 12038 11958
f 11958 12038 12039
f 11958 12039 11959
f 11959 12039 12040
f 11959 12040 11960
f 11960 12040 12041
f 11960 12041 11961
f 11961 12041 12042
f 11961 12042 11962
f 11962 12042 12043
f 11962 12043 11963
f 11963 12043 12044
f 11963 12044 11964
f 11964 12044 12045
f 11964 12045 11965
f 11965 12045 12046
f 11965 12046 11966
f 11966 12046 12047
f 11966 12047 11967
f 11967 12047 12048
f 11967 12048 11968
f 11968 12048 12049
f 12051 12050 12049
f 12050 11968 12049
f 12050 11969 11968
f 12052 10969 10931
f 11969 12052 10931
f 12050 12052 11969
f 12052 12053 10969
f 10969 12053 10932
f 12053 12054 10932
f 12054 11970 10932
f 12056 12055 12054
f 12055 11970 12054
f 12055 11971 11970
f 12057 10970 10936
f 11971 12057 10936
f 12055 12057 11971
f 12058 10971 10970
f 12058 10970 12057
f 12058 12059 10971
f 10971 12059 10938
f 12059 12060 10938
f 12060 11972 10938
f 12062 12061 12060
f 12061 11972 12060
f 12061 11973 11972
f 11973 12063 11974
f 11973 12061 12063
f 12065 11975 12064
f 11975 12063 12064
f 11975 11974 12063
f 12067 12066 12065
f 12066 11975 12065
f 12066 11976 11975
f 11976 12068 11977
f 11976 12066 12068
f 12070 11978 12069
f 11978 12068 12069
f 11978 11977 12068
f 11978 12070 11979
f 11979 12070 12071
f 12073 12072 12071
f 12072 11979 12071
f 12072 11980 11979
f 12074 10972 10949
f 11980 12074 10949
f 12072 12074 11980
f 12075 10973 10972
f 12075 10972 12074
f 11981 10951 10973
f 12075 11981 10973
f 12076 11981 12075
f 12077 10974 10954
f 11981 12077 10954
f 12076 12077 11981
f 12078 10975 10974
f 12078 10974 12077
f 12079 10976 10975
f 12079 10975 12078
f 10976 12079 12080
f 12081 10976 12080
f 10977 10976 12081
f 10958 10977 11982
f 10977 12082 11982
f 10977 12081 12082
f 12084 12083 12082
f 12083 11982 12082
f 12083 11983 11982
f 12086 11984 12085
f 11984 12083 12085
f 11984 11983 12083
f 11984 12086 11985
f 11985 12086 12087
f 11985 12087 11986
f 11986 12087 12088
f 11986 12088 11987
f 11987 12088 12089
f 11987 12089 11988
f 11988 12089 12090
f 11988 12090 11989
f 11994 12091 11993
f 11993 12091 11995
f 11995 12091 12092
f 11995 12092 11996
f 11996 12092 12093
f 11996 12093 11997
f 11997 12093 12094
f 11997 12094 11998
f 11998 12094 12095
f 11998 12095 11999
f 11999 12095 12096
f 11999 12096 12000
f 12004 12097 12003
f 12003 12097 12005
f 12005 12097 12098
f 12005 12098 12006
f 12014 12099 12013
f 12013 12099 12015
f 12015 12099 12100
f 12015 12100 12016
f 12051 12101 12050
f 12050 12101 12052
f 12052 12101 12102
f 12052 12102 12053
f 12056 12103 12055
f 12055 12103 12057
f 12057 12103 12104
f 12057 12104 12058
f 12058 12104 12105
f 12058 12105 12059
f 12062 12106 12061
f 12061 12106 12063
f 12063 12106 12107
f 12063 12107 12064
f 12067 12108 12066
f 12066 12108 12068
f 12068 12108 12109
f 12068 12109 12069
f 12073 12110 12072
f 12072 12110 12074
f 12074 12110 12111
f 12074 12111 12075
f 12075 12111 12112
f 12075 12112 12076
f 12076 12112 12113
f 12076 12113 12077
f 12077 12113 12114
f 12077 12114 12078
f 12078 12114 12115
f 12078 12115 12079
f 12079 12115 12116
f 12079 12116 12080
f 12084 12117 12083
f 12083 12117 12085
f 12120 12119 12118
f 12122 12121 12118
f 12118 12121 12120
f 12124 12123 12122
f 12122 12123 12121
f 12126 12125 12124
f 12124 12125 12123
f 12128 12127 12126
f 12126 12127 12125
f 12128 12129 12127
f 12132 12131 12130
f 12132 12130 12119
f 12130 12118 12119
f 12130 12133 12118
f 12118 12134 12122
f 12118 12133 12134
f 12122 12135 12124
f 12122 12134 12135
f 12124 12136 12126
f 12124 12135 12136
f 12126 12137 12128
f 12126 12136 12137
f 12129 12128 12138
f 12128 12139 12138
f 12128 12137 12139
f 12139 12140 12138
f 12130 12131 12141
f 12141 12131 12142
f 12130 12143 12133
f 12130 12141 12143
f 12133 12144 12134
f 12133 12143 12144
f 12134 12145 12135
f 12134 12144 12145
f 12135 12146 12136
f 12135 12145 12146
f 12136 12147 12137
f 12136 12146 12147
f 12137 12148 12139
f 12137 12147 12148
f 12140 12139 12149
f 12149 12139 12148
f 12152 12151 12150
f 12154 12153 12150
f 12150 12153 12152
f 12153 12154 12142
f 12154 12141 12142
f 12154 12155 12141
f 12155 10979 10980
f 12143 12155 10980
f 12141 12155 12143
f 12143 10980 10981
f 12143 10981 12144
f 12144 10981 10983
f 12144 10983 12145
f 12145 10983 10985
f 12156 12145 10985
f 12146 12145 12156
f 12146 12157 12147
f 12146 12156 12157
f 12147 12158 12148
f 12147 12157 12158
f 12149 12148 12159
f 12148 12160 12159
f 12148 12158 12160
f 12162 12161 12160
f 12160 12161 12159
f 12164 12163 12162
f 12162 12163 12161
f 12166 12165 12164
f 12164 12165 12163
f 12166 12167 12165
f 12170 12169 12168
f 12172 12171 12168
f 12168 12171 12170
f 12174 12173 12172
f 12172 12173 12171
f 12176 12175 12174
f 12174 12175 12173
f 12178 12177 12176
f 12176 12177 12175
f 12180 12179 12178
f 12178 12179 12177
f 12182 12181 12180
f 12180 12181 12179
f 12184 12183 12182
f 12182 12183 12181
f 10987 10988 12184
f 10988 12183 12184
f 10988 12185 12183
f 12186 10988 10989
f 12186 12185 10988
f 12187 10989 10991
f 12187 12186 10989
f 10993 12150 12151
f 12187 10993 12151
f 10991 10993 12187
f 12150 10993 10995
f 12150 10995 12154
f 12154 10995 10997
f 12154 10997 12155
f 12155 10997 10979
f 10998 12156 10985
f 12156 10998 11000
f 12156 11000 12157
f 12157 11000 11001
f 12157 11001 12158
f 12158 11001 11003
f 12158 11003 12160
f 12160 11003 11005
f 12160 11005 12162
f 12162 11005 11007
f 12162 11007 12164
f 12164 11007 11009
f 12164 11009 12166
f 12188 12167 12166
f 11009 12188 12166
f 11011 12188 11009
f 12190 12189 11013
f 12189 11011 11013
f 12189 12188 11011
f 12192 12191 12190
f 12190 12191 12189
f 12194 12193 12192
f 12192 12193 12191
f 12196 12195 12194
f 12194 12195 12193
f 12198 12197 12196
f 12196 12197 12195
f 12200 12199 12198
f 12198 12199 12197
f 12200 12201 12199
f 12204 12203 12202
f 12206 12205 12202
f 12202 12205 12204
f 12208 12207 12206
f 12206 12207 12205
f 12207 12208 12169
f 12169 12208 12168
f 12208 11015 12168
f 11015 11016 12168
f 12168 11016 11017
f 12168 11017 12172
f 12172 11017 11019
f 12172 11019 12174
f 12174 11019 11021
f 12174 11021 12176
f 12176 11021 11023
f 12176 11023 12178
f 12178 11023 11025
f 12178 11025 12180
f 12180 11025 11027
f 12180 11027 12182
f 12182 11027 11029
f 12182 11029 12184
f 12184 11029 10987
f 11035 12190 11013
f 12190 11035 11037
f 12190 11037 12192
f 12192 11037 11039
f 12192 11039 12194
f 12194 11039 11041
f 12194 11041 12196
f 12196 11041 11043
f 12196 11043 12198
f 12198 11043 11045
f 12209 12198 11045
f 12200 12198 12209
f 12201 12200 12210
f 12200 12211 12210
f 12200 12209 12211
f 12211 12212 12210
f 12215 12214 12213
f 12215 12213 12203
f 12213 12202 12203
f 12213 12216 12202
f 12202 12217 12206
f 12202 12216 12217
f 12217 11047 11048
f 12208 12217 11048
f 12206 12217 12208
f 12208 11048 11015
f 11057 12218 12209
f 11057 12209 11045
f 12209 12219 12211
f 12209 12218 12219
f 12212 12211 12220
f 12211 12221 12220
f 12211 12219 12221
f 12223 12222 12221
f 12221 12222 12220
f 12223 12224 12222
f 12227 12226 12225
f 12225 12228 12227
f 12231 12230 12229
f 12233 12232 12229
f 12229 12232 12231
f 12235 12234 12233
f 12233 12234 12232
f 11059 11060 12235
f 11060 12234 12235
f 11060 12236 12234
f 12237 11060 11061
f 12237 12236 11060
f 12238 11061 11063
f 12238 12237 11061
f 12239 11063 11065
f 12239 12238 11063
f 12240 11065 11067
f 12240 12239 11065
f 12241 11067 11069
f 12241 12240 11067
f 11071 12213 12214
f 12241 11071 12214
f 11069 11071 12241
f 12213 11071 11073
f 12213 11073 12216
f 12216 11073 11075
f 12216 11075 12217
f 12217 11075 11047
f 11077 12218 11057
f 12218 11077 11078
f 12218 11078 12219
f 12219 11078 11079
f 12219 11079 12221
f 12221 11079 11080
f 12221 11080 12223
f 12242 12224 12223
f 11080 12242 12223
f 11082 12242 11080
f 12244 12243 11084
f 12243 11082 11084
f 12243 12242 11082
f 12246 12245 12244
f 12244 12245 12243
f 12248 12247 12246
f 12246 12247 12245
f 12250 12249 12248
f 12248 12249 12247
f 12250 12251 12249
f 12254 12253 12252
f 11086 11087 12252
f 11087 12254 12252
f 11087 12255 12254
f 12256 11087 11088
f 12256 12255 11087
f 11090 12225 12226
f 12256 11090 12226
f 11088 11090 12256
f 12257 12228 12225
f 11090 12257 12225
f 11092 12257 11090
f 12258 11092 11094
f 12258 12257 11092
f 12260 12259 11096
f 12259 11094 11096
f 12259 12258 11094
f 12262 12261 12260
f 12260 12261 12259
f 11098 11099 12262
f 11099 12261 12262
f 11099 12263 12261
f 11100 12229 12230
f 12263 11100 12230
f 11099 11100 12263
f 12229 11100 11102
f 12229 11102 12233
f 12233 11102 11104
f 12233 11104 12235
f 12235 11104 11059
f 11106 12244 11084
f 12244 11106 11108
f 12244 11108 12246
f 12246 11108 11110
f 12246 11110 12248
f 12248 11110 11112
f 12248 11112 12250
f 12264 12251 12250
f 11112 12264 12250
f 11114 12264 11112
f 12265 11114 11116
f 12265 12264 11114
f 12267 12266 11118
f 12266 11116 11118
f 12266 12265 11116
f 12269 12268 12267
f 12267 12268 12266
f 12271 12270 12269
f 12269 12270 12268
f 12273 12272 12271
f 12271 12272 12270
f 11120 11121 12273
f 11121 12272 12273
f 11121 12274 12272
f 12275 11121 11122
f 12275 12274 11121
f 12277 12276 11124
f 12276 11122 11124
f 12276 12275 11122
f 12277 12278 12276
f 12253 12279 12252
f 12279 12281 12280
f 12279 12280 11125
f 12252 12279 11125
f 11086 12252 11125
f 12280 11127 11125
f 11130 12282 11131
f 12260 11096 11131
f 12282 12260 11131
f 12283 12260 12282
f 12260 12284 12262
f 12260 12283 12284
f 12285 11132 11098
f 12262 12285 11098
f 12284 12285 12262
f 12286 11133 11132
f 12286 11132 12285
f 12286 11135 11133
f 11147 12287 11148
f 12267 11118 11148
f 12287 12267 11148
f 12288 12267 12287
f 12267 12289 12269
f 12267 12288 12289
f 12269 12290 12271
f 12269 12289 12290
f 12271 12291 12273
f 12271 12290 12291
f 12291 11150 11120
f 12291 11120 12273
f 11152 12292 12277
f 11152 12277 11124
f 12278 12277 12293
f 12293 12277 12292
f 12280 12281 12294
f 12294 12281 12295
f 12296 11153 11127
f 12280 12296 11127
f 12294 12296 12280
f 12296 11155 11153
f 11156 12297 11157
f 12282 11130 11157
f 12297 12282 11157
f 12298 12282 12297
f 12300 12283 12299
f 12283 12298 12299
f 12283 12282 12298
f 12283 12300 12284
f 12284 12300 12301
f 12284 12301 12285
f 12285 12301 12302
f 12304 12303 12302
f 12303 12285 12302
f 12303 12286 12285
f 12305 11158 11135
f 12286 12305 11135
f 12303 12305 12286
f 12306 11159 11158
f 12306 11158 12305
f 12307 11160 11159
f 12307 11159 12306
f 12308 11161 11160
f 12308 11160 12307
f 12308 11163 11161
f 11170 12309 11171
f 12310 11172 11171
f 12310 11171 12309
f 12311 11173 11172
f 12311 11172 12310
f 12312 11174 11173
f 12312 11173 12311
f 12313 11175 11174
f 12313 11174 12312
f 12287 11147 11175
f 12313 12287 11175
f 12314 12287 12313
f 12287 12315 12288
f 12287 12314 12315
f 12288 12316 12289
f 12288 12315 12316
f 12289 12317 12290
f 12289 12316 12317
f 12290 12318 12291
f 12290 12317 12318
f 12318 11177 11150
f 12318 11150 12291
f 11179 12319 12292
f 11179 12292 11152
f 12293 12292 12320
f 12320 12292 12319
f 12323 12322 12321
f 12325 12324 12321
f 12321 12324 12323
f 12327 12326 12325
f 12325 12326 12324
f 12327 12328 12326
f 12331 12330 12329
f 12331 12329 12295
f 12295 12329 12294
f 12329 11181 12294
f 11181 11182 12294
f 12294 11182 11183
f 12294 11183 12296
f 12296 11183 11155
f 11186 12297 11156
f 12297 11186 11188
f 12297 11188 12298
f 12332 12299 12298
f 11188 12332 12298
f 11190 12332 11188
f 12334 12333 11192
f 12333 11190 11192
f 12333 12332 11190
f 11194 11195 12334
f 11195 12333 12334
f 11195 12335 12333
f 11196 12303 12304
f 12335 11196 12304
f 11195 11196 12335
f 12303 11196 11198
f 12303 11198 12305
f 12305 11198 11200
f 12305 11200 12306
f 12306 11200 11201
f 12306 11201 12307
f 12307 11201 11202
f 12307 11202 12308
f 12308 11202 11163
f 11205 12309 11170
f 12309 11205 11207
f 12309 11207 12310
f 12310 11207 11209
f 12310 11209 12311
f 12311 11209 11210
f 12311 11210 12312
f 12312 11210 11211
f 12312 11211 12313
f 12313 11211 11212
f 12313 11212 12314
f 12314 11212 11214
f 12314 11214 12315
f 12315 11214 11216
f 12315 11216 12316
f 12316 11216 11218
f 12316 11218 12317
f 12317 11218 11220
f 12317 11220 12318
f 12318 11220 11177
f 11221 12319 11179
f 12337 12336 11223
f 11223 12336 11221
f 12336 12320 11221
f 12320 12319 11221
f 12339 12338 12337
f 12337 12338 12336
f 12339 12340 12338
f 12343 12342 12341
f 12345 12344 12341
f 12341 12344 12343
f 11225 11226 12345
f 11226 12344 12345
f 11226 12346 12344
f 12348 12347 11227
f 12347 11226 11227
f 12347 12346 11226
f 12348 12349 12347
f 12352 12351 12350
f 12354 12353 12350
f 12350 12353 12352
f 11229 11230 12354
f 11230 12353 12354
f 11230 12355 12353
f 12356 11230 11231
f 12356 12355 11230
f 12357 11231 11233
f 12357 12356 11231
f 12359 12358 11235
f 12358 11233 11235
f 12358 12357 11233
f 12359 12360 12358
f 12363 12362 12361
f 12365 12364 12361
f 12361 12364 12363
f 12367 12366 12365
f 12365 12366 12364
f 12369 12368 12367
f 12367 12368 12366
f 12369 12370 12368
f 12373 12372 12371
f 12371 12374 12373
f 12377 12376 12375
f 12379 12378 12375
f 12375 12378 12377
f 12379 12380 12378
f 12383 12382 12381
f 12385 12384 12381
f 12381 12384 12383
f 12385 12386 12384
f 12389 12388 12387
f 12391 12390 12387
f 12387 12390 12389
f 12391 12392 12390
f 12395 12394 12393
f 12397 12396 12393
f 12393 12396 12395
f 12397 12398 12396
f 12399 11239 11237
f 12399 12400 11239
f 12401 11237 11240
f 12401 12399 11237
f 11242 12321 12322
f 12401 11242 12322
f 11240 11242 12401
f 12321 11242 11243
f 12321 11243 12325
f 12325 11243 11244
f 12325 11244 12327
f 12402 12328 12327
f 11244 12402 12327
f 11245 12402 11244
f 12403 11245 11247
f 12403 12402 11245
f 12404 11247 11249
f 12404 12403 11247
f 12405 11249 11251
f 12405 12404 11249
f 11252 12329 12330
f 12405 11252 12330
f 11251 11252 12405
f 12329 11252 11181
f 11253 12334 11192
f 12334 11253 11194
f 11254 12337 11223
f 12337 11254 11255
f 12337 11255 12339
f 12406 12340 12339
f 11255 12406 12339
f 11256 12406 11255
f 12407 11256 11258
f 12407 12406 11256
f 12408 11258 11260
f 12408 12407 11258
f 11262 12341 12342
f 12408 11262 12342
f 11260 11262 12408
f 12341 11262 11263
f 12341 11263 12345
f 12345 11263 11225
f 11264 12348 11227
f 12409 12349 12348
f 11264 12409 12348
f 11265 12409 11264
f 11266 12350 12351
f 12409 11266 12351
f 11265 11266 12409
f 12350 11266 11267
f 12350 11267 12354
f 12354 11267 11229
f 11268 12359 11235
f 12410 12360 12359
f 11268 12410 12359
f 11270 12410 11268
f 12411 11270 11272
f 12411 12410 11270
f 12412 11272 11274
f 12412 12411 11272
f 12413 11274 11276
f 12413 12412 11274
f 11278 12361 12362
f 12413 11278 12362
f 11276 11278 12413
f 12361 11278 11280
f 12361 11280 12365
f 12365 11280 11281
f 12365 11281 12367
f 12367 11281 11282
f 12367 11282 12369
f 12414 12370 12369
f 11282 12414 12369
f 11284 12414 11282
f 12415 11284 11286
f 12415 12414 11284
f 12416 11286 11288
f 12416 12415 11286
f 12417 11288 11290
f 12417 12416 11288
f 12418 11290 11292
f 12418 12417 11290
f 12419 11292 11294
f 12419 12418 11292
f 12420 11294 11296
f 12420 12419 11294
f 12421 11296 11298
f 12421 12420 11296
f 12423 12422 11300
f 12422 11298 11300
f 12422 12421 11298
f 12425 12424 12423
f 12423 12424 12422
f 12427 12426 12425
f 12425 12426 12424
f 11302 11303 12427
f 11303 12426 12427
f 11303 12428 12426
f 11304 12371 12372
f 12428 11304 12372
f 11303 11304 12428
f 12429 12374 12371
f 11304 12429 12371
f 11306 12429 11304
f 12431 12430 11308
f 12430 11306 11308
f 12430 12429 11306
f 11310 11311 12431
f 11311 12430 12431
f 11311 12432 12430
f 12433 11311 11312
f 12433 12432 11311
f 12434 11312 11314
f 12434 12433 11312
f 12435 11314 11316
f 12435 12434 11314
f 11318 12375 12376
f 12435 11318 12376
f 11316 11318 12435
f 12375 11318 11320
f 12375 11320 12379
f 12436 12380 12379
f 11320 12436 12379
f 11321 12436 11320
f 12438 12437 11323
f 12437 11321 11323
f 12437 12436 11321
f 12440 12439 12438
f 12438 12439 12437
f 11325 11326 12440
f 11326 12439 12440
f 11326 12441 12439
f 12442 11326 11327
f 12442 12441 11326
f 12443 11327 11329
f 12443 12442 11327
f 11331 12381 12382
f 12443 11331 12382
f 11329 11331 12443
f 12381 11331 11332
f 12381 11332 12385
f 12444 12386 12385
f 11332 12444 12385
f 11333 12444 11332
f 12445 11333 11335
f 12445 12444 11333
f 12446 11335 11337
f 12446 12445 11335
f 12447 11337 11339
f 12447 12446 11337
f 12448 11339 11341
f 12448 12447 11339
f 11343 12387 12388
f 12448 11343 12388
f 11341 11343 12448
f 12387 11343 11344
f 12387 11344 12391
f 12449 12392 12391
f 11344 12449 12391
f 11345 12449 11344
f 12451 12450 11347
f 12450 11345 11347
f 12450 12449 11345
f 12453 12452 12451
f 12451 12452 12450
f 12455 12454 12453
f 12453 12454 12452
f 12457 12456 12455
f 12455 12456 12454
f 12459 12458 12457
f 12457 12458 12456
f 11349 11350 12459
f 11350 12458 12459
f 11350 12460 12458
f 12461 11350 11351
f 12461 12460 11350
f 12462 11351 11353
f 12462 12461 11351
f 12464 12463 11355
f 12463 11353 11355
f 12463 12462 11353
f 12466 12465 12464
f 12464 12465 12463
f 12468 12467 12466
f 12466 12467 12465
f 12470 12469 12468
f 12468 12469 12467
f 11357 11358 12470
f 11358 12469 12470
f 11358 12471 12469
f 12472 11358 11359
f 12472 12471 11358
f 12474 12473 11361
f 12473 11359 11361
f 12473 12472 11359
f 12474 12475 12473
f 12478 12477 12476
f 12480 12479 12476
f 12476 12479 12478
f 12482 12481 12480
f 12480 12481 12479
f 12484 12483 12482
f 12482 12483 12481
f 12486 12485 12484
f 12484 12485 12483
f 12488 12487 12486
f 12486 12487 12485
f 12490 12489 12488
f 12488 12489 12487
f 12492 12491 12490
f 12490 12491 12489
f 11363 11364 12492
f 11364 12491 12492
f 11364 12493 12491
f 12494 11364 11365
f 12494 12493 11364
f 12496 12495 11367
f 12495 11365 11367
f 12495 12494 11365
f 12498 12497 12496
f 12496 12497 12495
f 12500 12499 12498
f 12498 12499 12497
f 12502 12501 12500
f 12500 12501 12499
f 12504 12503 12502
f 12502 12503 12501
f 11369 11370 12504
f 11370 12503 12504
f 11370 12505 12503
f 12506 11370 11371
f 12506 12505 11370
f 11372 12393 12394
f 12506 11372 12394
f 11371 11372 12506
f 12393 11372 11373
f 12393 11373 12397
f 12507 12398 12397
f 11373 12507 12397
f 11374 12507 11373
f 12508 11374 11376
f 12508 12507 11374
f 11380 12423 11300
f 12423 11380 11382
f 12423 11382 12425
f 12425 11382 11384
f 12425 11384 12427
f 12427 11384 11302
f 11386 12431 11308
f 12431 11386 11310
f 11388 12438 11323
f 12438 11388 11390
f 12438 11390 12440
f 12440 11390 11325
f 11392 12451 11347
f 12451 11392 11394
f 12451 11394 12453
f 12453 11394 11395
f 12453 11395 12455
f 12455 11395 11397
f 12455 11397 12457
f 12457 11397 11399
f 12457 11399 12459
f 12459 11399 11349
f 11400 12464 11355
f 12464 11400 11401
f 12464 11401 12466
f 12466 11401 11402
f 12466 11402 12468
f 12468 11402 11404
f 12468 11404 12470
f 12470 11404 11357
f 11407 12474 11361
f 12509 12475 12474
f 11407 12509 12474
f 11409 12509 11407
f 12511 12510 11411
f 12510 11409 11411
f 12510 12509 11409
f 12513 12512 12511
f 12511 12512 12510
f 11413 11414 12513
f 11414 12512 12513
f 11414 12514 12512
f 11415 12476 12477
f 12514 11415 12477
f 11414 11415 12514
f 12476 11415 11417
f 12476 11417 12480
f 12480 11417 11419
f 12480 11419 12482
f 12482 11419 11421
f 12482 11421 12484
f 12484 11421 11423
f 12484 11423 12486
f 12486 11423 11425
f 12486 11425 12488
f 12488 11425 11427
f 12488 11427 12490
f 12490 11427 11429
f 12490 11429 12492
f 12492 11429 11363
f 11431 12496 11367
f 12496 11431 11432
f 12496 11432 12498
f 12498 11432 11434
f 12498 11434 12500
f 12500 11434 11436
f 12500 11436 12502
f 12502 11436 11438
f 12502 11438 12504
f 12504 11438 11369
f 11465 12515 12511
f 11465 12511 11411
f 12511 12516 12513
f 12511 12515 12516
f 12516 11467 11413
f 12516 11413 12513
f 11479 12517 11480
f 12517 11482 11480
f 11512 12518 12515
f 11512 12515 11465
f 12515 12519 12516
f 12515 12518 12519
f 12520 11513 11467
f 12516 12520 11467
f 12519 12520 12516
f 12520 11515 11513
f 11526 12521 11527
f 12517 11479 11527
f 12521 12517 11527
f 12522 12517 12521
f 12523 11528 11482
f 12517 12523 11482
f 12522 12523 12517
f 12523 11530 11528
f 11536 12518 11512
f 12518 11536 11538
f 12518 11538 12519
f 12519 11538 11540
f 12519 11540 12520
f 12520 11540 11515
f 11543 12521 11526
f 12521 11543 11544
f 12521 11544 12522
f 12522 11544 11545
f 12522 11545 12523
f 12523 11545 11530
