 Reading airport data
 Checking for user entered airports
 OS is LIN
 Loading Forbush data
 Loading WOLF sunspot number data
 Loading CARI-6 heliocentric potential data
  Analyzing data line:            2
  Analyzing data line:            3
  Analyzing data line:            4
  Analyzing data line:            5
  Analyzing data line:            6
  Analyzing data line:            7
  Analyzing data line:            8
  Analyzing data line:            9
  Analyzing data line:           10
  Analyzing data line:           11
  Analyzing data line:           12
  Analyzing data line:           13
  Analyzing data line:           14
  Analyzing data line:           15
  Analyzing data line:           16
  Analyzing data line:           17
  Analyzing data line:           18
  Analyzing data line:           19
  Analyzing data line:           20
  Analyzing data line:           21
  Analyzing data line:           22
  Analyzing data line:           23
  Analyzing data line:           24
  Analyzing data line:           25
  Analyzing data line:           26
  Analyzing data line:           27
  Analyzing data line:           28
  Analyzing data line:           29
  Analyzing data line:           30
  Analyzing data line:           31
  Analyzing data line:           32
  Analyzing data line:           33
  Analyzing data line:           34
  Analyzing data line:           35
  Analyzing data line:           36
  Analyzing data line:           37
  Analyzing data line:           38
  Analyzing data line:           39
  Analyzing data line:           40
  Analyzing data line:           41
  Analyzing data line:           42
  Analyzing data line:           43
  Analyzing data line:           44
  Analyzing data line:           45
  Analyzing data line:           46
  Analyzing data line:           47
  Analyzing data line:           48
  Analyzing data line:           49
  Analyzing data line:           50
  Analyzing data line:           51
  Analyzing data line:           52
  Analyzing data line:           53
  Analyzing data line:           54
  Analyzing data line:           55
  Analyzing data line:           56
  Analyzing data line:           57
  Analyzing data line:           58
  Analyzing data line:           59
  Analyzing data line:           60
  Analyzing data line:           61
  Analyzing data line:           62
  Analyzing data line:           63
  Analyzing data line:           64
  Analyzing data line:           65
  Analyzing data line:           66
  Analyzing data line:           67
  Analyzing data line:           68
  Analyzing data line:           69
  Analyzing data line:           70
  Analyzing data line:           71
  Analyzing data line:           72
  Analyzing data line:           73
  Analyzing data line:           74
  Analyzing data line:           75
  Analyzing data line:           76
  Analyzing data line:           77
  Analyzing data line:           78
  Analyzing data line:           79
  Analyzing data line:           80
  Analyzing data line:           81
  Analyzing data line:           82
  Analyzing data line:           83
  Analyzing data line:           84
  Analyzing data line:           85
  Analyzing data line:           86
  Analyzing data line:           87
  Analyzing data line:           88
  Analyzing data line:           89
  Analyzing data line:           90
  Analyzing data line:           91
  Analyzing data line:           92
  Analyzing data line:           93
  Analyzing data line:           94
  Analyzing data line:           95
  Analyzing data line:           96
  Analyzing data line:           97
  Analyzing data line:           98
  Analyzing data line:           99
  Analyzing data line:          100
  Analyzing data line:          101
  Analyzing data line:          102
  Analyzing data line:          103
  Analyzing data line:          104
  Analyzing data line:          105
  Analyzing data line:          106
  Analyzing data line:          107
  Analyzing data line:          108
  Analyzing data line:          109
  Analyzing data line:          110
  Analyzing data line:          111
  Analyzing data line:          112
  Analyzing data line:          113
  Analyzing data line:          114
  Analyzing data line:          115
  Analyzing data line:          116
  Analyzing data line:          117
  Analyzing data line:          118
  Analyzing data line:          119
  Analyzing data line:          120
  Analyzing data line:          121
  Analyzing data line:          122
  Analyzing data line:          123
  Analyzing data line:          124
  Analyzing data line:          125
  Analyzing data line:          126
  Analyzing data line:          127
  Analyzing data line:          128
  Analyzing data line:          129
  Analyzing data line:          130
  Analyzing data line:          131
  Analyzing data line:          132
  Analyzing data line:          133
  Analyzing data line:          134
  Analyzing data line:          135
  Analyzing data line:          136
  Analyzing data line:          137
  Analyzing data line:          138
  Analyzing data line:          139
  Analyzing data line:          140
  Analyzing data line:          141
  Analyzing data line:          142
  Analyzing data line:          143
  Analyzing data line:          144
  Analyzing data line:          145
  Analyzing data line:          146
  Analyzing data line:          147
  Analyzing data line:          148
  Analyzing data line:          149
  Analyzing data line:          150
  Analyzing data line:          151
  Analyzing data line:          152
  Analyzing data line:          153
  Analyzing data line:          154
  Analyzing data line:          155
  Analyzing data line:          156
  Analyzing data line:          157
  Analyzing data line:          158
  Analyzing data line:          159
  Analyzing data line:          160
  Analyzing data line:          161
  Analyzing data line:          162
  Analyzing data line:          163
  Analyzing data line:          164
  Analyzing data line:          165
  Analyzing data line:          166
  Analyzing data line:          167
  Analyzing data line:          168
  Analyzing data line:          169
  Analyzing data line:          170
  Analyzing data line:          171
  Analyzing data line:          172
  Analyzing data line:          173
  Analyzing data line:          174
  Analyzing data line:          175
  Analyzing data line:          176
  Analyzing data line:          177
  Analyzing data line:          178
  Analyzing data line:          179
  Analyzing data line:          180
  Analyzing data line:          181
  Analyzing data line:          182
  Analyzing data line:          183
  Analyzing data line:          184
  Analyzing data line:          185
  Analyzing data line:          186
  Analyzing data line:          187
  Analyzing data line:          188
  Analyzing data line:          189
  Analyzing data line:          190
  Analyzing data line:          191
  Analyzing data line:          192
  Analyzing data line:          193
  Analyzing data line:          194
  Analyzing data line:          195
  Analyzing data line:          196
  Analyzing data line:          197
  Analyzing data line:          198
  Analyzing data line:          199
  Analyzing data line:          200
  Analyzing data line:          201
  Analyzing data line:          202
  Analyzing data line:          203
  Analyzing data line:          204
  Analyzing data line:          205
  Analyzing data line:          206
  Analyzing data line:          207
  Analyzing data line:          208
  Analyzing data line:          209
  Analyzing data line:          210
  Analyzing data line:          211
  Analyzing data line:          212
  Analyzing data line:          213
  Analyzing data line:          214
  Analyzing data line:          215
  Analyzing data line:          216
  Analyzing data line:          217
  Analyzing data line:          218
  Analyzing data line:          219
  Analyzing data line:          220
  Analyzing data line:          221
  Analyzing data line:          222
  Analyzing data line:          223
  Analyzing data line:          224
  Analyzing data line:          225
  Analyzing data line:          226
  Analyzing data line:          227
  Analyzing data line:          228
  Analyzing data line:          229
  Analyzing data line:          230
  Analyzing data line:          231
  Analyzing data line:          232
  Analyzing data line:          233
  Analyzing data line:          234
  Analyzing data line:          235
  Analyzing data line:          236
  Analyzing data line:          237
  Analyzing data line:          238
  Analyzing data line:          239
  Analyzing data line:          240
  Analyzing data line:          241
  Analyzing data line:          242
  Analyzing data line:          243
  Analyzing data line:          244
  Analyzing data line:          245
  Analyzing data line:          246
  Analyzing data line:          247
  Analyzing data line:          248
  Analyzing data line:          249
  Analyzing data line:          250
  Analyzing data line:          251
  Analyzing data line:          252
  Analyzing data line:          253
  Analyzing data line:          254
  Analyzing data line:          255
  Analyzing data line:          256
  Analyzing data line:          257
  Analyzing data line:          258
  Analyzing data line:          259
  Analyzing data line:          260
  Analyzing data line:          261
  Analyzing data line:          262
  Analyzing data line:          263
  Analyzing data line:          264
  Analyzing data line:          265
  Analyzing data line:          266
  Analyzing data line:          267
  Analyzing data line:          268
  Analyzing data line:          269
  Analyzing data line:          270
  Analyzing data line:          271
  Analyzing data line:          272
  Analyzing data line:          273
  Analyzing data line:          274
  Analyzing data line:          275
  Analyzing data line:          276
  Analyzing data line:          277
  Analyzing data line:          278
  Analyzing data line:          279
  Analyzing data line:          280
  Analyzing data line:          281
  Analyzing data line:          282
  Analyzing data line:          283
  Analyzing data line:          284
  Analyzing data line:          285
  Analyzing data line:          286
  Analyzing data line:          287
  Analyzing data line:          288
  Analyzing data line:          289
  Analyzing data line:          290
  Analyzing data line:          291
  Analyzing data line:          292
  Analyzing data line:          293
  Analyzing data line:          294
  Analyzing data line:          295
  Analyzing data line:          296
  Analyzing data line:          297
  Analyzing data line:          298
  Analyzing data line:          299
  Analyzing data line:          300
  Analyzing data line:          301
  Analyzing data line:          302
  Analyzing data line:          303
  Analyzing data line:          304
  Analyzing data line:          305
  Analyzing data line:          306
  Analyzing data line:          307
  Analyzing data line:          308
  Analyzing data line:          309
  Analyzing data line:          310
  Analyzing data line:          311
  Analyzing data line:          312
  Analyzing data line:          313
  Analyzing data line:          314
  Analyzing data line:          315
  Analyzing data line:          316
  Analyzing data line:          317
  Analyzing data line:          318
  Analyzing data line:          319
  Analyzing data line:          320
  Analyzing data line:          321
  Analyzing data line:          322
  Analyzing data line:          323
  Analyzing data line:          324
  Analyzing data line:          325
  Analyzing data line:          326
  Analyzing data line:          327
  Analyzing data line:          328
  Analyzing data line:          329
  Analyzing data line:          330
  Analyzing data line:          331
  Analyzing data line:          332
  Analyzing data line:          333
  Analyzing data line:          334
  Analyzing data line:          335
  Analyzing data line:          336
  Analyzing data line:          337
  Analyzing data line:          338
  Analyzing data line:          339
  Analyzing data line:          340
  Analyzing data line:          341
  Analyzing data line:          342
  Analyzing data line:          343
  Analyzing data line:          344
  Analyzing data line:          345
  Analyzing data line:          346
  Analyzing data line:          347
  Analyzing data line:          348
  Analyzing data line:          349
  Analyzing data line:          350
  Analyzing data line:          351
  Analyzing data line:          352
  Analyzing data line:          353
  Analyzing data line:          354
  Analyzing data line:          355
  Analyzing data line:          356
  Analyzing data line:          357
  Analyzing data line:          358
  Analyzing data line:          359
  Analyzing data line:          360
  Analyzing data line:          361
  Analyzing data line:          362
  Analyzing data line:          363
  Analyzing data line:          364
  Analyzing data line:          365
  Analyzing data line:          366
  Analyzing data line:          367
  Analyzing data line:          368
  Analyzing data line:          369
  Analyzing data line:          370
  Analyzing data line:          371
  Analyzing data line:          372
  Analyzing data line:          373
  Analyzing data line:          374
  Analyzing data line:          375
  Analyzing data line:          376
  Analyzing data line:          377
  Analyzing data line:          378
  Analyzing data line:          379
  Analyzing data line:          380
  Analyzing data line:          381
  Analyzing data line:          382
  Analyzing data line:          383
  Analyzing data line:          384
  Analyzing data line:          385
  Analyzing data line:          386
  Analyzing data line:          387
  Analyzing data line:          388
  Analyzing data line:          389
  Analyzing data line:          390
  Analyzing data line:          391
  Analyzing data line:          392
  Analyzing data line:          393
  Analyzing data line:          394
  Analyzing data line:          395
  Analyzing data line:          396
  Analyzing data line:          397
  Analyzing data line:          398
  Analyzing data line:          399
  Analyzing data line:          400
  Analyzing data line:          401
  Analyzing data line:          402
  Analyzing data line:          403
  Analyzing data line:          404
  Analyzing data line:          405
  Analyzing data line:          406
  Analyzing data line:          407
  Analyzing data line:          408
  Analyzing data line:          409
  Analyzing data line:          410
  Analyzing data line:          411
  Analyzing data line:          412
  Analyzing data line:          413
  Analyzing data line:          414
  Analyzing data line:          415
  Analyzing data line:          416
  Analyzing data line:          417
  Analyzing data line:          418
  Analyzing data line:          419
  Analyzing data line:          420
  Analyzing data line:          421
  Analyzing data line:          422
  Analyzing data line:          423
  Analyzing data line:          424
  Analyzing data line:          425
  Analyzing data line:          426
  Analyzing data line:          427
  Analyzing data line:          428
  Analyzing data line:          429
  Analyzing data line:          430
  Analyzing data line:          431
  Analyzing data line:          432
  Analyzing data line:          433
  Analyzing data line:          434
  Analyzing data line:          435
  Analyzing data line:          436
  Analyzing data line:          437
  Analyzing data line:          438
  Analyzing data line:          439
  Analyzing data line:          440
  Analyzing data line:          441
  Analyzing data line:          442
  Analyzing data line:          443
  Analyzing data line:          444
  Analyzing data line:          445
  Analyzing data line:          446
  Analyzing data line:          447
  Analyzing data line:          448
  Analyzing data line:          449
  Analyzing data line:          450
  Analyzing data line:          451
  Analyzing data line:          452
  Analyzing data line:          453
  Analyzing data line:          454
  Analyzing data line:          455
  Analyzing data line:          456
  Analyzing data line:          457
  Analyzing data line:          458
  Analyzing data line:          459
  Analyzing data line:          460
  Analyzing data line:          461
  Analyzing data line:          462
  Analyzing data line:          463
  Analyzing data line:          464
  Analyzing data line:          465
  Analyzing data line:          466
  Analyzing data line:          467
  Analyzing data line:          468
  Analyzing data line:          469
  Analyzing data line:          470
  Analyzing data line:          471
  Analyzing data line:          472
  Analyzing data line:          473
  Analyzing data line:          474
  Analyzing data line:          475
  Analyzing data line:          476
  Analyzing data line:          477
  Analyzing data line:          478
  Analyzing data line:          479
  Analyzing data line:          480
  Analyzing data line:          481
  Analyzing data line:          482
  Analyzing data line:          483
  Analyzing data line:          484
  Analyzing data line:          485
  Analyzing data line:          486
  Analyzing data line:          487
  Analyzing data line:          488
  Analyzing data line:          489
  Analyzing data line:          490
  Analyzing data line:          491
  Analyzing data line:          492
  Analyzing data line:          493
  Analyzing data line:          494
  Analyzing data line:          495
  Analyzing data line:          496
  Analyzing data line:          497
  Analyzing data line:          498
  Analyzing data line:          499
  Analyzing data line:          500
  Analyzing data line:          501
  Analyzing data line:          502
  Analyzing data line:          503
  Analyzing data line:          504
  Analyzing data line:          505
  Analyzing data line:          506
  Analyzing data line:          507
  Analyzing data line:          508
  Analyzing data line:          509
  Analyzing data line:          510
  Analyzing data line:          511
  Analyzing data line:          512
  Analyzing data line:          513
  Analyzing data line:          514
  Analyzing data line:          515
  Analyzing data line:          516
  Analyzing data line:          517
  Analyzing data line:          518
  Analyzing data line:          519
  Analyzing data line:          520
  Analyzing data line:          521
  Analyzing data line:          522
  Analyzing data line:          523
  Analyzing data line:          524
  Analyzing data line:          525
  Analyzing data line:          526
  Analyzing data line:          527
  Analyzing data line:          528
  Analyzing data line:          529
  Analyzing data line:          530
  Analyzing data line:          531
  Analyzing data line:          532
  Analyzing data line:          533
  Analyzing data line:          534
  Analyzing data line:          535
  Analyzing data line:          536
  Analyzing data line:          537
  Analyzing data line:          538
  Analyzing data line:          539
  Analyzing data line:          540
  Analyzing data line:          541
  Analyzing data line:          542
  Analyzing data line:          543
  Analyzing data line:          544
  Analyzing data line:          545
  Analyzing data line:          546
  Analyzing data line:          547
  Analyzing data line:          548
  Analyzing data line:          549
  Analyzing data line:          550
  Analyzing data line:          551
  Analyzing data line:          552
  Analyzing data line:          553
  Analyzing data line:          554
  Analyzing data line:          555
  Analyzing data line:          556
  Analyzing data line:          557
  Analyzing data line:          558
  Analyzing data line:          559
  Analyzing data line:          560
  Analyzing data line:          561
  Analyzing data line:          562
  Analyzing data line:          563
  Analyzing data line:          564
  Analyzing data line:          565
  Analyzing data line:          566
  Analyzing data line:          567
  Analyzing data line:          568
  Analyzing data line:          569
  Analyzing data line:          570
  Analyzing data line:          571
  Analyzing data line:          572
  Analyzing data line:          573
  Analyzing data line:          574
  Analyzing data line:          575
  Analyzing data line:          576
  Analyzing data line:          577
  Analyzing data line:          578
  Analyzing data line:          579
  Analyzing data line:          580
  Analyzing data line:          581
  Analyzing data line:          582
  Analyzing data line:          583
  Analyzing data line:          584
  Analyzing data line:          585
  Analyzing data line:          586
  Analyzing data line:          587
  Analyzing data line:          588
  Analyzing data line:          589
  Analyzing data line:          590
  Analyzing data line:          591
  Analyzing data line:          592
  Analyzing data line:          593
  Analyzing data line:          594
  Analyzing data line:          595
  Analyzing data line:          596
  Analyzing data line:          597
  Analyzing data line:          598
  Analyzing data line:          599
  Analyzing data line:          600
  Analyzing data line:          601
  Analyzing data line:          602
  Analyzing data line:          603
  Analyzing data line:          604
  Analyzing data line:          605
  Analyzing data line:          606
  Analyzing data line:          607
  Analyzing data line:          608
  Analyzing data line:          609
  Analyzing data line:          610
  Analyzing data line:          611
  Analyzing data line:          612
  Analyzing data line:          613
  Analyzing data line:          614
  Analyzing data line:          615
  Analyzing data line:          616
  Analyzing data line:          617
  Analyzing data line:          618
  Analyzing data line:          619
  Analyzing data line:          620
  Analyzing data line:          621
  Analyzing data line:          622
  Analyzing data line:          623
  Analyzing data line:          624
  Analyzing data line:          625
  Analyzing data line:          626
  Analyzing data line:          627
  Analyzing data line:          628
  Analyzing data line:          629
  Analyzing data line:          630
  Analyzing data line:          631
  Analyzing data line:          632
  Analyzing data line:          633
  Analyzing data line:          634
  Analyzing data line:          635
  Analyzing data line:          636
  Analyzing data line:          637
  Analyzing data line:          638
  Analyzing data line:          639
  Analyzing data line:          640
  Analyzing data line:          641
  Analyzing data line:          642
  Analyzing data line:          643
  Analyzing data line:          644
  Analyzing data line:          645
  Analyzing data line:          646
  Analyzing data line:          647
  Analyzing data line:          648
  Analyzing data line:          649
  Analyzing data line:          650
  Analyzing data line:          651
  Analyzing data line:          652
  Analyzing data line:          653
  Analyzing data line:          654
  Analyzing data line:          655
  Analyzing data line:          656
  Analyzing data line:          657
  Analyzing data line:          658
  Analyzing data line:          659
  Analyzing data line:          660
  Analyzing data line:          661
  Analyzing data line:          662
  Analyzing data line:          663
  Analyzing data line:          664
  Analyzing data line:          665
  Analyzing data line:          666
  Analyzing data line:          667
  Analyzing data line:          668
  Analyzing data line:          669
  Analyzing data line:          670
  Analyzing data line:          671
  Analyzing data line:          672
  Analyzing data line:          673
  Analyzing data line:          674
  Analyzing data line:          675
  Analyzing data line:          676
  Analyzing data line:          677
  Analyzing data line:          678
  Analyzing data line:          679
  Analyzing data line:          680
  Analyzing data line:          681
  Analyzing data line:          682
  Analyzing data line:          683
  Analyzing data line:          684
  Analyzing data line:          685
  Analyzing data line:          686
  Analyzing data line:          687
  Analyzing data line:          688
  Analyzing data line:          689
  Analyzing data line:          690
  Analyzing data line:          691
  Analyzing data line:          692
  Analyzing data line:          693
  Analyzing data line:          694
  Analyzing data line:          695
  Analyzing data line:          696
  Analyzing data line:          697
  Analyzing data line:          698
  Analyzing data line:          699
  Analyzing data line:          700
  Analyzing data line:          701
  Analyzing data line:          702
  Analyzing data line:          703
  Analyzing data line:          704
  Analyzing data line:          705
  Analyzing data line:          706
  Analyzing data line:          707
  Analyzing data line:          708
  Analyzing data line:          709
  Analyzing data line:          710
  Analyzing data line:          711
  Analyzing data line:          712
  Analyzing data line:          713
  Analyzing data line:          714
  Analyzing data line:          715
  Analyzing data line:          716
  Analyzing data line:          717
  Analyzing data line:          718
  Analyzing data line:          719
  Analyzing data line:          720
  Analyzing data line:          721
  Analyzing data line:          722
  Analyzing data line:          723
  Analyzing data line:          724
  Analyzing data line:          725
  Analyzing data line:          726
  Analyzing data line:          727
  Analyzing data line:          728
  Analyzing data line:          729
  Analyzing data line:          730
  Analyzing data line:          731
  Analyzing data line:          732
  Analyzing data line:          733
  Analyzing data line:          734
  Analyzing data line:          735
  Analyzing data line:          736
  Analyzing data line:          737
  Analyzing data line:          738
  Analyzing data line:          739
  Analyzing data line:          740
  Analyzing data line:          741
  Analyzing data line:          742
  Analyzing data line:          743
  Analyzing data line:          744
  Analyzing data line:          745
  Analyzing data line:          746
  Analyzing data line:          747
  Analyzing data line:          748
  Analyzing data line:          749
  Analyzing data line:          750
  Analyzing data line:          751
  Analyzing data line:          752
  Analyzing data line:          753
  Analyzing data line:          754
  Analyzing data line:          755
  Analyzing data line:          756
  Analyzing data line:          757
  Analyzing data line:          758
  Analyzing data line:          759
  Analyzing data line:          760
  Analyzing data line:          761
  Analyzing data line:          762
  Analyzing data line:          763
  Analyzing data line:          764
  Analyzing data line:          765
  Analyzing data line:          766
  Analyzing data line:          767
  Analyzing data line:          768
  Analyzing data line:          769
  Analyzing data line:          770
  Analyzing data line:          771
  Analyzing data line:          772
  Analyzing data line:          773
  Analyzing data line:          774
  Analyzing data line:          775
  Analyzing data line:          776
  Analyzing data line:          777
  Analyzing data line:          778
  Analyzing data line:          779
  Analyzing data line:          780
  Analyzing data line:          781
  Analyzing data line:          782
  Analyzing data line:          783
  Analyzing data line:          784
  Analyzing data line:          785
  Analyzing data line:          786
  Analyzing data line:          787
  Analyzing data line:          788
  Analyzing data line:          789
  Analyzing data line:          790
  Analyzing data line:          791
  Analyzing data line:          792
  Analyzing data line:          793
  Analyzing data line:          794
  Analyzing data line:          795
  Analyzing data line:          796
  Analyzing data line:          797
  Analyzing data line:          798
  Analyzing data line:          799
  Analyzing data line:          800
  Analyzing data line:          801
  Analyzing data line:          802
  Analyzing data line:          803
  Analyzing data line:          804
  Analyzing data line:          805
  Analyzing data line:          806
  Analyzing data line:          807
  Analyzing data line:          808
  Analyzing data line:          809
  Analyzing data line:          810
  Analyzing data line:          811
  Analyzing data line:          812
  Analyzing data line:          813
  Analyzing data line:          814
  Analyzing data line:          815
  Analyzing data line:          816
  Analyzing data line:          817
  Analyzing data line:          818
  Analyzing data line:          819
  Analyzing data line:          820
  Analyzing data line:          821
  Analyzing data line:          822
  Analyzing data line:          823
  Analyzing data line:          824
  Analyzing data line:          825
  Analyzing data line:          826
  Analyzing data line:          827
  Analyzing data line:          828
  Analyzing data line:          829
  Analyzing data line:          830
  Analyzing data line:          831
  Analyzing data line:          832
  Analyzing data line:          833
  Analyzing data line:          834
  Analyzing data line:          835
  Analyzing data line:          836
  Analyzing data line:          837
  Analyzing data line:          838
  Analyzing data line:          839
  Analyzing data line:          840
  Analyzing data line:          841
  Analyzing data line:          842
  Analyzing data line:          843
  Analyzing data line:          844
  Analyzing data line:          845
  Analyzing data line:          846
  Analyzing data line:          847
  Analyzing data line:          848
  Analyzing data line:          849
  Analyzing data line:          850
  Analyzing data line:          851
  Analyzing data line:          852
  Analyzing data line:          853
  Analyzing data line:          854
  Analyzing data line:          855
  Analyzing data line:          856
  Analyzing data line:          857
  Analyzing data line:          858
  Analyzing data line:          859
  Analyzing data line:          860
  Analyzing data line:          861
  Analyzing data line:          862
  Analyzing data line:          863
  Analyzing data line:          864
  Analyzing data line:          865
  Analyzing data line:          866
  Analyzing data line:          867
  Analyzing data line:          868
  Analyzing data line:          869
  Analyzing data line:          870
  Analyzing data line:          871
  Analyzing data line:          872
  Analyzing data line:          873
  Analyzing data line:          874
  Analyzing data line:          875
  Analyzing data line:          876
  Analyzing data line:          877
  Analyzing data line:          878
  Analyzing data line:          879
  Analyzing data line:          880
  Analyzing data line:          881
  Analyzing data line:          882
  Analyzing data line:          883
  Analyzing data line:          884
  Analyzing data line:          885
  Analyzing data line:          886
  Analyzing data line:          887
  Analyzing data line:          888
  Analyzing data line:          889
  Analyzing data line:          890
  Analyzing data line:          891
  Analyzing data line:          892
  Analyzing data line:          893
  Analyzing data line:          894
  Analyzing data line:          895
  Analyzing data line:          896
  Analyzing data line:          897
  Analyzing data line:          898
  Analyzing data line:          899
  Analyzing data line:          900
  Analyzing data line:          901
  Analyzing data line:          902
  Analyzing data line:          903
  Analyzing data line:          904
  Analyzing data line:          905
  Analyzing data line:          906
  Analyzing data line:          907
  Analyzing data line:          908
  Analyzing data line:          909
  Analyzing data line:          910
  Analyzing data line:          911
  Analyzing data line:          912
  Analyzing data line:          913
  Analyzing data line:          914
  Analyzing data line:          915
  Analyzing data line:          916
  Analyzing data line:          917
  Analyzing data line:          918
  Analyzing data line:          919
  Analyzing data line:          920
  Analyzing data line:          921
  Analyzing data line:          922
  Analyzing data line:          923
  Analyzing data line:          924
  Analyzing data line:          925
  Analyzing data line:          926
  Analyzing data line:          927
  Analyzing data line:          928
  Analyzing data line:          929
  Analyzing data line:          930
  Analyzing data line:          931
  Analyzing data line:          932
  Analyzing data line:          933
  Analyzing data line:          934
  Analyzing data line:          935
  Analyzing data line:          936
  Analyzing data line:          937
  Analyzing data line:          938
  Analyzing data line:          939
  Analyzing data line:          940
  Analyzing data line:          941
  Analyzing data line:          942
  Analyzing data line:          943
  Analyzing data line:          944
  Analyzing data line:          945
  Analyzing data line:          946
  Analyzing data line:          947
  Analyzing data line:          948
  Analyzing data line:          949
  Analyzing data line:          950
  Analyzing data line:          951
  Analyzing data line:          952
  Analyzing data line:          953
  Analyzing data line:          954
  Analyzing data line:          955
  Analyzing data line:          956
  Analyzing data line:          957
  Analyzing data line:          958
  Analyzing data line:          959
  Analyzing data line:          960
  Analyzing data line:          961
  Analyzing data line:          962
  Analyzing data line:          963
  Analyzing data line:          964
  Analyzing data line:          965
  Analyzing data line:          966
  Analyzing data line:          967
  Analyzing data line:          968
  Analyzing data line:          969
  Analyzing data line:          970
  Analyzing data line:          971
  Analyzing data line:          972
  Analyzing data line:          973
  Analyzing data line:          974
  Analyzing data line:          975
  Analyzing data line:          976
  Analyzing data line:          977
  Analyzing data line:          978
  Analyzing data line:          979
  Analyzing data line:          980
  Analyzing data line:          981
  Analyzing data line:          982
  Analyzing data line:          983
  Analyzing data line:          984
  Analyzing data line:          985
  Analyzing data line:          986
  Analyzing data line:          987
  Analyzing data line:          988
  Analyzing data line:          989
  Analyzing data line:          990
  Analyzing data line:          991
  Analyzing data line:          992
  Analyzing data line:          993
  Analyzing data line:          994
  Analyzing data line:          995
  Analyzing data line:          996
  Analyzing data line:          997
  Analyzing data line:          998
  Analyzing data line:          999
  Analyzing data line:         1000
  Analyzing data line:         1001
  Analyzing data line:         1002
  Analyzing data line:         1003
  Analyzing data line:         1004
  Analyzing data line:         1005
  Analyzing data line:         1006
  Analyzing data line:         1007
  Analyzing data line:         1008
  Analyzing data line:         1009
  Analyzing data line:         1010
  Analyzing data line:         1011
  Analyzing data line:         1012
  Analyzing data line:         1013
  Analyzing data line:         1014
  Analyzing data line:         1015
  Analyzing data line:         1016
  Analyzing data line:         1017
  Analyzing data line:         1018
  Analyzing data line:         1019
  Analyzing data line:         1020
  Analyzing data line:         1021
  Analyzing data line:         1022
  Analyzing data line:         1023
  Analyzing data line:         1024
  Analyzing data line:         1025
  Analyzing data line:         1026
  Analyzing data line:         1027
  Analyzing data line:         1028
  Analyzing data line:         1029
  Analyzing data line:         1030
  Analyzing data line:         1031
  Analyzing data line:         1032
  Analyzing data line:         1033
  Analyzing data line:         1034
  Analyzing data line:         1035
  Analyzing data line:         1036
  Analyzing data line:         1037
  Analyzing data line:         1038
  Analyzing data line:         1039
  Analyzing data line:         1040
  Analyzing data line:         1041
  Analyzing data line:         1042
  Analyzing data line:         1043
  Analyzing data line:         1044
  Analyzing data line:         1045
  Analyzing data line:         1046
  Analyzing data line:         1047
  Analyzing data line:         1048
  Analyzing data line:         1049
  Analyzing data line:         1050
  Analyzing data line:         1051
  Analyzing data line:         1052
  Analyzing data line:         1053
  Analyzing data line:         1054
  Analyzing data line:         1055
  Analyzing data line:         1056
  Analyzing data line:         1057
  Analyzing data line:         1058
  Analyzing data line:         1059
  Analyzing data line:         1060
  Analyzing data line:         1061
  Analyzing data line:         1062
  Analyzing data line:         1063
  Analyzing data line:         1064
  Analyzing data line:         1065
  Analyzing data line:         1066
  Analyzing data line:         1067
  Analyzing data line:         1068
  Analyzing data line:         1069
  Analyzing data line:         1070
  Analyzing data line:         1071
  Analyzing data line:         1072
  Analyzing data line:         1073
  Analyzing data line:         1074
  Analyzing data line:         1075
  Analyzing data line:         1076
  Analyzing data line:         1077
  Analyzing data line:         1078
  Analyzing data line:         1079
  Analyzing data line:         1080
  Analyzing data line:         1081
  Analyzing data line:         1082
  Analyzing data line:         1083
  Analyzing data line:         1084
  Analyzing data line:         1085
  Analyzing data line:         1086
  Analyzing data line:         1087
  Analyzing data line:         1088
  Analyzing data line:         1089
  Analyzing data line:         1090
  Analyzing data line:         1091
  Analyzing data line:         1092
  Analyzing data line:         1093
  Analyzing data line:         1094
  Analyzing data line:         1095
  Analyzing data line:         1096
  Analyzing data line:         1097
  Analyzing data line:         1098
  Analyzing data line:         1099
  Analyzing data line:         1100
  Analyzing data line:         1101
  Analyzing data line:         1102
  Analyzing data line:         1103
  Analyzing data line:         1104
  Analyzing data line:         1105
  Analyzing data line:         1106
  Analyzing data line:         1107
  Analyzing data line:         1108
  Analyzing data line:         1109
  Analyzing data line:         1110
  Analyzing data line:         1111
  Analyzing data line:         1112
  Analyzing data line:         1113
  Analyzing data line:         1114
  Analyzing data line:         1115
  Analyzing data line:         1116
  Analyzing data line:         1117
  Analyzing data line:         1118
  Analyzing data line:         1119
  Analyzing data line:         1120
  Analyzing data line:         1121
  Analyzing data line:         1122
  Analyzing data line:         1123
  Analyzing data line:         1124
  Analyzing data line:         1125
  Analyzing data line:         1126
  Analyzing data line:         1127
  Analyzing data line:         1128
  Analyzing data line:         1129
  Analyzing data line:         1130
  Analyzing data line:         1131
  Analyzing data line:         1132
  Analyzing data line:         1133
  Analyzing data line:         1134
  Analyzing data line:         1135
  Analyzing data line:         1136
  Analyzing data line:         1137
  Analyzing data line:         1138
  Analyzing data line:         1139
  Analyzing data line:         1140
  Analyzing data line:         1141
  Analyzing data line:         1142
  Analyzing data line:         1143
  Analyzing data line:         1144
  Analyzing data line:         1145
  Analyzing data line:         1146
  Analyzing data line:         1147
  Analyzing data line:         1148
  Analyzing data line:         1149
  Analyzing data line:         1150
  Analyzing data line:         1151
  Analyzing data line:         1152
  Analyzing data line:         1153
  Analyzing data line:         1154
  Analyzing data line:         1155
  Analyzing data line:         1156
  Analyzing data line:         1157
  Analyzing data line:         1158
  Analyzing data line:         1159
  Analyzing data line:         1160
  Analyzing data line:         1161
  Analyzing data line:         1162
  Analyzing data line:         1163
  Analyzing data line:         1164
  Analyzing data line:         1165
  Analyzing data line:         1166
  Analyzing data line:         1167
  Analyzing data line:         1168
  Analyzing data line:         1169
  Analyzing data line:         1170
  Analyzing data line:         1171
  Analyzing data line:         1172
  Analyzing data line:         1173
  Analyzing data line:         1174
  Analyzing data line:         1175
  Analyzing data line:         1176
  Analyzing data line:         1177
  Analyzing data line:         1178
  Analyzing data line:         1179
  Analyzing data line:         1180
  Analyzing data line:         1181
  Analyzing data line:         1182
  Analyzing data line:         1183
  Analyzing data line:         1184
  Analyzing data line:         1185
  Analyzing data line:         1186
  Analyzing data line:         1187
  Analyzing data line:         1188
  Analyzing data line:         1189
  Analyzing data line:         1190
  Analyzing data line:         1191
  Analyzing data line:         1192
  Analyzing data line:         1193
  Analyzing data line:         1194
  Analyzing data line:         1195
  Analyzing data line:         1196
  Analyzing data line:         1197
  Analyzing data line:         1198
  Analyzing data line:         1199
  Analyzing data line:         1200
  Analyzing data line:         1201
  Analyzing data line:         1202
  Analyzing data line:         1203
  Analyzing data line:         1204
  Analyzing data line:         1205
  Analyzing data line:         1206
  Analyzing data line:         1207
  Analyzing data line:         1208
  Analyzing data line:         1209
  Analyzing data line:         1210
  Analyzing data line:         1211
  Analyzing data line:         1212
  Analyzing data line:         1213
  Analyzing data line:         1214
  Analyzing data line:         1215
  Analyzing data line:         1216
  Analyzing data line:         1217
  Analyzing data line:         1218
  Analyzing data line:         1219
  Analyzing data line:         1220
  Analyzing data line:         1221
  Analyzing data line:         1222
  Analyzing data line:         1223
  Analyzing data line:         1224
  Analyzing data line:         1225
  Analyzing data line:         1226
  Analyzing data line:         1227
  Analyzing data line:         1228
  Analyzing data line:         1229
  Analyzing data line:         1230
  Analyzing data line:         1231
  Analyzing data line:         1232
  Analyzing data line:         1233
  Analyzing data line:         1234
  Analyzing data line:         1235
  Analyzing data line:         1236
  Analyzing data line:         1237
  Analyzing data line:         1238
  Analyzing data line:         1239
  Analyzing data line:         1240
  Analyzing data line:         1241
  Analyzing data line:         1242
  Analyzing data line:         1243
  Analyzing data line:         1244
  Analyzing data line:         1245
  Analyzing data line:         1246
  Analyzing data line:         1247
  Analyzing data line:         1248
  Analyzing data line:         1249
  Analyzing data line:         1250
  Analyzing data line:         1251
  Analyzing data line:         1252
  Analyzing data line:         1253
  Analyzing data line:         1254
  Analyzing data line:         1255
  Analyzing data line:         1256
  Analyzing data line:         1257
  Analyzing data line:         1258
  Analyzing data line:         1259
  Analyzing data line:         1260
  Analyzing data line:         1261
  Analyzing data line:         1262
  Analyzing data line:         1263
  Analyzing data line:         1264
  Analyzing data line:         1265
  Analyzing data line:         1266
  Analyzing data line:         1267
  Analyzing data line:         1268
  Analyzing data line:         1269
  Analyzing data line:         1270
  Analyzing data line:         1271
  Analyzing data line:         1272
  Analyzing data line:         1273
  Analyzing data line:         1274
  Analyzing data line:         1275
  Analyzing data line:         1276
  Analyzing data line:         1277
  Analyzing data line:         1278
  Analyzing data line:         1279
  Analyzing data line:         1280
  Analyzing data line:         1281
  Analyzing data line:         1282
  Analyzing data line:         1283
  Analyzing data line:         1284
  Analyzing data line:         1285
  Analyzing data line:         1286
  Analyzing data line:         1287
  Analyzing data line:         1288
  Analyzing data line:         1289
  Analyzing data line:         1290
  Analyzing data line:         1291
  Analyzing data line:         1292
  Analyzing data line:         1293
  Analyzing data line:         1294
  Analyzing data line:         1295
  Analyzing data line:         1296
  Analyzing data line:         1297
  Analyzing data line:         1298
  Analyzing data line:         1299
  Analyzing data line:         1300
  Analyzing data line:         1301
  Analyzing data line:         1302
  Analyzing data line:         1303
  Analyzing data line:         1304
  Analyzing data line:         1305
  Analyzing data line:         1306
  Analyzing data line:         1307
  Analyzing data line:         1308
  Analyzing data line:         1309
  Analyzing data line:         1310
  Analyzing data line:         1311
  Analyzing data line:         1312
  Analyzing data line:         1313
  Analyzing data line:         1314
  Analyzing data line:         1315
  Analyzing data line:         1316
  Analyzing data line:         1317
  Analyzing data line:         1318
  Analyzing data line:         1319
  Analyzing data line:         1320
  Analyzing data line:         1321
  Analyzing data line:         1322
  Analyzing data line:         1323
  Analyzing data line:         1324
  Analyzing data line:         1325
  Analyzing data line:         1326
  Analyzing data line:         1327
  Analyzing data line:         1328
  Analyzing data line:         1329
  Analyzing data line:         1330
  Analyzing data line:         1331
  Analyzing data line:         1332
  Analyzing data line:         1333
  Analyzing data line:         1334
  Analyzing data line:         1335
  Analyzing data line:         1336
  Analyzing data line:         1337
  Analyzing data line:         1338
  Analyzing data line:         1339
  Analyzing data line:         1340
  Analyzing data line:         1341
  Analyzing data line:         1342
  Analyzing data line:         1343
  Analyzing data line:         1344
  Analyzing data line:         1345
  Analyzing data line:         1346
  Analyzing data line:         1347
  Analyzing data line:         1348
  Analyzing data line:         1349
  Analyzing data line:         1350
  Analyzing data line:         1351
  Analyzing data line:         1352
  Analyzing data line:         1353
  Analyzing data line:         1354
  Analyzing data line:         1355
  Analyzing data line:         1356
  Analyzing data line:         1357
  Analyzing data line:         1358
  Analyzing data line:         1359
  Analyzing data line:         1360
  Analyzing data line:         1361
  Analyzing data line:         1362
  Analyzing data line:         1363
  Analyzing data line:         1364
  Analyzing data line:         1365
  Analyzing data line:         1366
  Analyzing data line:         1367
  Analyzing data line:         1368
  Analyzing data line:         1369
  Analyzing data line:         1370
  Analyzing data line:         1371
  Analyzing data line:         1372
  Analyzing data line:         1373
  Analyzing data line:         1374
  Analyzing data line:         1375
  Analyzing data line:         1376
  Analyzing data line:         1377
  Analyzing data line:         1378
  Analyzing data line:         1379
  Analyzing data line:         1380
  Analyzing data line:         1381
  Analyzing data line:         1382
  Analyzing data line:         1383
  Analyzing data line:         1384
  Analyzing data line:         1385
  Analyzing data line:         1386
  Analyzing data line:         1387
  Analyzing data line:         1388
  Analyzing data line:         1389
  Analyzing data line:         1390
  Analyzing data line:         1391
  Analyzing data line:         1392
  Analyzing data line:         1393
  Analyzing data line:         1394
  Analyzing data line:         1395
  Analyzing data line:         1396
  Analyzing data line:         1397
  Analyzing data line:         1398
  Analyzing data line:         1399
  Analyzing data line:         1400
  Analyzing data line:         1401
  Analyzing data line:         1402
  Analyzing data line:         1403
  Analyzing data line:         1404
  Analyzing data line:         1405
  Analyzing data line:         1406
  Analyzing data line:         1407
  Analyzing data line:         1408
  Analyzing data line:         1409
  Analyzing data line:         1410
  Analyzing data line:         1411
  Analyzing data line:         1412
  Analyzing data line:         1413
  Analyzing data line:         1414
  Analyzing data line:         1415
  Analyzing data line:         1416
  Analyzing data line:         1417
  Analyzing data line:         1418
  Analyzing data line:         1419
  Analyzing data line:         1420
  Analyzing data line:         1421
  Analyzing data line:         1422
  Analyzing data line:         1423
  Analyzing data line:         1424
  Analyzing data line:         1425
  Analyzing data line:         1426
  Analyzing data line:         1427
  Analyzing data line:         1428
  Analyzing data line:         1429
  Analyzing data line:         1430
  Analyzing data line:         1431
  Analyzing data line:         1432
  Analyzing data line:         1433
  Analyzing data line:         1434
  Analyzing data line:         1435
  Analyzing data line:         1436
  Analyzing data line:         1437
  Analyzing data line:         1438
  Analyzing data line:         1439
  Analyzing data line:         1440
  Analyzing data line:         1441
  Analyzing data line:         1442
  Analyzing data line:         1443
  Analyzing data line:         1444
  Analyzing data line:         1445
  Analyzing data line:         1446
  Analyzing data line:         1447
  Analyzing data line:         1448
  Analyzing data line:         1449
  Analyzing data line:         1450
  Analyzing data line:         1451
  Analyzing data line:         1452
  Analyzing data line:         1453
  Analyzing data line:         1454
  Analyzing data line:         1455
  Analyzing data line:         1456
  Analyzing data line:         1457
  Analyzing data line:         1458
  Analyzing data line:         1459
  Analyzing data line:         1460
  Analyzing data line:         1461
  Analyzing data line:         1462
  Analyzing data line:         1463
  Analyzing data line:         1464
  Analyzing data line:         1465
  Analyzing data line:         1466
  Analyzing data line:         1467
  Analyzing data line:         1468
  Analyzing data line:         1469
  Analyzing data line:         1470
  Analyzing data line:         1471
  Analyzing data line:         1472
  Analyzing data line:         1473
  Analyzing data line:         1474
  Analyzing data line:         1475
  Analyzing data line:         1476
  Analyzing data line:         1477
  Analyzing data line:         1478
  Analyzing data line:         1479
  Analyzing data line:         1480
  Analyzing data line:         1481
  Analyzing data line:         1482
  Analyzing data line:         1483
  Analyzing data line:         1484
  Analyzing data line:         1485
  Analyzing data line:         1486
  Analyzing data line:         1487
  Analyzing data line:         1488
  Analyzing data line:         1489
  Analyzing data line:         1490
  Analyzing data line:         1491
  Analyzing data line:         1492
  Analyzing data line:         1493
  Analyzing data line:         1494
  Analyzing data line:         1495
  Analyzing data line:         1496
  Analyzing data line:         1497
  Analyzing data line:         1498
  Analyzing data line:         1499
  Analyzing data line:         1500
  Analyzing data line:         1501
  Analyzing data line:         1502
  Analyzing data line:         1503
  Analyzing data line:         1504
  Analyzing data line:         1505
  Analyzing data line:         1506
  Analyzing data line:         1507
  Analyzing data line:         1508
  Analyzing data line:         1509
  Analyzing data line:         1510
  Analyzing data line:         1511
  Analyzing data line:         1512
  Analyzing data line:         1513
  Analyzing data line:         1514
  Analyzing data line:         1515
  Analyzing data line:         1516
  Analyzing data line:         1517
  Analyzing data line:         1518
  Analyzing data line:         1519
  Analyzing data line:         1520
  Analyzing data line:         1521
  Analyzing data line:         1522
  Analyzing data line:         1523
  Analyzing data line:         1524
  Analyzing data line:         1525
  Analyzing data line:         1526
  Analyzing data line:         1527
  Analyzing data line:         1528
  Analyzing data line:         1529
  Analyzing data line:         1530
  Analyzing data line:         1531
  Analyzing data line:         1532
  Analyzing data line:         1533
  Analyzing data line:         1534
  Analyzing data line:         1535
  Analyzing data line:         1536
  Analyzing data line:         1537
  Analyzing data line:         1538
  Analyzing data line:         1539
  Analyzing data line:         1540
  Analyzing data line:         1541
  Analyzing data line:         1542
  Analyzing data line:         1543
  Analyzing data line:         1544
  Analyzing data line:         1545
  Analyzing data line:         1546
  Analyzing data line:         1547
  Analyzing data line:         1548
  Analyzing data line:         1549
  Analyzing data line:         1550
  Analyzing data line:         1551
  Analyzing data line:         1552
  Analyzing data line:         1553
  Analyzing data line:         1554
  Analyzing data line:         1555
  Analyzing data line:         1556
  Analyzing data line:         1557
  Analyzing data line:         1558
  Analyzing data line:         1559
  Analyzing data line:         1560
  Analyzing data line:         1561
  Analyzing data line:         1562
  Analyzing data line:         1563
  Analyzing data line:         1564
  Analyzing data line:         1565
  Analyzing data line:         1566
  Analyzing data line:         1567
  Analyzing data line:         1568
  Analyzing data line:         1569
  Analyzing data line:         1570
  Analyzing data line:         1571
  Analyzing data line:         1572
  Analyzing data line:         1573
  Analyzing data line:         1574
  Analyzing data line:         1575
  Analyzing data line:         1576
  Analyzing data line:         1577
  Analyzing data line:         1578
  Analyzing data line:         1579
  Analyzing data line:         1580
  Analyzing data line:         1581
  Analyzing data line:         1582
  Analyzing data line:         1583
  Analyzing data line:         1584
  Analyzing data line:         1585
  Analyzing data line:         1586
  Analyzing data line:         1587
  Analyzing data line:         1588
  Analyzing data line:         1589
  Analyzing data line:         1590
  Analyzing data line:         1591
  Analyzing data line:         1592
  Analyzing data line:         1593
  Analyzing data line:         1594
  Analyzing data line:         1595
  Analyzing data line:         1596
  Analyzing data line:         1597
  Analyzing data line:         1598
  Analyzing data line:         1599
  Analyzing data line:         1600
  Analyzing data line:         1601
  Analyzing data line:         1602
  Analyzing data line:         1603
  Analyzing data line:         1604
  Analyzing data line:         1605
  Analyzing data line:         1606
  Analyzing data line:         1607
  Analyzing data line:         1608
  Analyzing data line:         1609
  Analyzing data line:         1610
  Analyzing data line:         1611
  Analyzing data line:         1612
  Analyzing data line:         1613
  Analyzing data line:         1614
  Analyzing data line:         1615
  Analyzing data line:         1616
  Analyzing data line:         1617
  Analyzing data line:         1618
  Analyzing data line:         1619
  Analyzing data line:         1620
  Analyzing data line:         1621
  Analyzing data line:         1622
  Analyzing data line:         1623
  Analyzing data line:         1624
  Analyzing data line:         1625
  Analyzing data line:         1626
  Analyzing data line:         1627
  Analyzing data line:         1628
  Analyzing data line:         1629
  Analyzing data line:         1630
  Analyzing data line:         1631
  Analyzing data line:         1632
  Analyzing data line:         1633
  Analyzing data line:         1634
  Analyzing data line:         1635
  Analyzing data line:         1636
  Analyzing data line:         1637
  Analyzing data line:         1638
  Analyzing data line:         1639
  Analyzing data line:         1640
  Analyzing data line:         1641
  Analyzing data line:         1642
  Analyzing data line:         1643
  Analyzing data line:         1644
  Analyzing data line:         1645
  Analyzing data line:         1646
  Analyzing data line:         1647
  Analyzing data line:         1648
  Analyzing data line:         1649
  Analyzing data line:         1650
  Analyzing data line:         1651
  Analyzing data line:         1652
  Analyzing data line:         1653
  Analyzing data line:         1654
  Analyzing data line:         1655
  Analyzing data line:         1656
  Analyzing data line:         1657
  Analyzing data line:         1658
  Analyzing data line:         1659
  Analyzing data line:         1660
  Analyzing data line:         1661
  Analyzing data line:         1662
  Analyzing data line:         1663
  Analyzing data line:         1664
  Analyzing data line:         1665
  Analyzing data line:         1666
  Analyzing data line:         1667
  Analyzing data line:         1668
  Analyzing data line:         1669
  Analyzing data line:         1670
  Analyzing data line:         1671
  Analyzing data line:         1672
  Analyzing data line:         1673
  Analyzing data line:         1674
  Analyzing data line:         1675
  Analyzing data line:         1676
  Analyzing data line:         1677
  Analyzing data line:         1678
  Analyzing data line:         1679
  Analyzing data line:         1680
  Analyzing data line:         1681
  Analyzing data line:         1682
  Analyzing data line:         1683
  Analyzing data line:         1684
  Analyzing data line:         1685
  Analyzing data line:         1686
  Analyzing data line:         1687
  Analyzing data line:         1688
  Analyzing data line:         1689
  Analyzing data line:         1690
  Analyzing data line:         1691
  Analyzing data line:         1692
  Analyzing data line:         1693
  Analyzing data line:         1694
  Analyzing data line:         1695
  Analyzing data line:         1696
  Analyzing data line:         1697
  Analyzing data line:         1698
  Analyzing data line:         1699
  Analyzing data line:         1700
  Analyzing data line:         1701
  Analyzing data line:         1702
  Analyzing data line:         1703
  Analyzing data line:         1704
  Analyzing data line:         1705
  Analyzing data line:         1706
  Analyzing data line:         1707
  Analyzing data line:         1708
  Analyzing data line:         1709
  Analyzing data line:         1710
  Analyzing data line:         1711
  Analyzing data line:         1712
  Analyzing data line:         1713
  Analyzing data line:         1714
  Analyzing data line:         1715
  Analyzing data line:         1716
  Analyzing data line:         1717
  Analyzing data line:         1718
  Analyzing data line:         1719
  Analyzing data line:         1720
  Analyzing data line:         1721
  Analyzing data line:         1722
  Analyzing data line:         1723
  Analyzing data line:         1724
  Analyzing data line:         1725
  Analyzing data line:         1726
  Analyzing data line:         1727
  Analyzing data line:         1728
  Analyzing data line:         1729
  Analyzing data line:         1730
  Analyzing data line:         1731
  Analyzing data line:         1732
  Analyzing data line:         1733
  Analyzing data line:         1734
  Analyzing data line:         1735
  Analyzing data line:         1736
  Analyzing data line:         1737
  Analyzing data line:         1738
  Analyzing data line:         1739
  Analyzing data line:         1740
  Analyzing data line:         1741
  Analyzing data line:         1742
  Analyzing data line:         1743
  Analyzing data line:         1744
  Analyzing data line:         1745
  Analyzing data line:         1746
  Analyzing data line:         1747
  Analyzing data line:         1748
  Analyzing data line:         1749
  Analyzing data line:         1750
  Analyzing data line:         1751
  Analyzing data line:         1752
  Analyzing data line:         1753
  Analyzing data line:         1754
  Analyzing data line:         1755
  Analyzing data line:         1756
  Analyzing data line:         1757
  Analyzing data line:         1758
  Analyzing data line:         1759
  Analyzing data line:         1760
  Analyzing data line:         1761
  Analyzing data line:         1762
  Analyzing data line:         1763
  Analyzing data line:         1764
  Analyzing data line:         1765
  Analyzing data line:         1766
  Analyzing data line:         1767
  Analyzing data line:         1768
  Analyzing data line:         1769
  Analyzing data line:         1770
  Analyzing data line:         1771
  Analyzing data line:         1772
  Analyzing data line:         1773
  Analyzing data line:         1774
  Analyzing data line:         1775
  Analyzing data line:         1776
  Analyzing data line:         1777
  Analyzing data line:         1778
  Analyzing data line:         1779
  Analyzing data line:         1780
  Analyzing data line:         1781
  Analyzing data line:         1782
  Analyzing data line:         1783
  Analyzing data line:         1784
  Analyzing data line:         1785
  Analyzing data line:         1786
  Analyzing data line:         1787
  Analyzing data line:         1788
  Analyzing data line:         1789
  Analyzing data line:         1790
  Analyzing data line:         1791
  Analyzing data line:         1792
  Analyzing data line:         1793
  Analyzing data line:         1794
  Analyzing data line:         1795
  Analyzing data line:         1796
  Analyzing data line:         1797
  Analyzing data line:         1798
  Analyzing data line:         1799
  Analyzing data line:         1800
  Analyzing data line:         1801
  Analyzing data line:         1802
  Analyzing data line:         1803
  Analyzing data line:         1804
  Analyzing data line:         1805
  Analyzing data line:         1806
  Analyzing data line:         1807
  Analyzing data line:         1808
  Analyzing data line:         1809
  Analyzing data line:         1810
  Analyzing data line:         1811
  Analyzing data line:         1812
  Analyzing data line:         1813
  Analyzing data line:         1814
  Analyzing data line:         1815
  Analyzing data line:         1816
  Analyzing data line:         1817
  Analyzing data line:         1818
  Analyzing data line:         1819
  Analyzing data line:         1820
  Analyzing data line:         1821
  Analyzing data line:         1822
  Analyzing data line:         1823
  Analyzing data line:         1824
  Analyzing data line:         1825
  Analyzing data line:         1826
  Analyzing data line:         1827
  Analyzing data line:         1828
  Analyzing data line:         1829
  Analyzing data line:         1830
  Analyzing data line:         1831
  Analyzing data line:         1832
  Analyzing data line:         1833
  Analyzing data line:         1834
  Analyzing data line:         1835
  Analyzing data line:         1836
  Analyzing data line:         1837
  Analyzing data line:         1838
  Analyzing data line:         1839
  Analyzing data line:         1840
  Analyzing data line:         1841
  Analyzing data line:         1842
  Analyzing data line:         1843
  Analyzing data line:         1844
  Analyzing data line:         1845
  Analyzing data line:         1846
  Analyzing data line:         1847
  Analyzing data line:         1848
  Analyzing data line:         1849
  Analyzing data line:         1850
  Analyzing data line:         1851
  Analyzing data line:         1852
  Analyzing data line:         1853
  Analyzing data line:         1854
  Analyzing data line:         1855
  Analyzing data line:         1856
  Analyzing data line:         1857
  Analyzing data line:         1858
  Analyzing data line:         1859
  Analyzing data line:         1860
  Analyzing data line:         1861
  Analyzing data line:         1862
  Analyzing data line:         1863
  Analyzing data line:         1864
  Analyzing data line:         1865
  Analyzing data line:         1866
  Analyzing data line:         1867
  Analyzing data line:         1868
  Analyzing data line:         1869
  Analyzing data line:         1870
  Analyzing data line:         1871
  Analyzing data line:         1872
  Analyzing data line:         1873
  Analyzing data line:         1874
  Analyzing data line:         1875
  Analyzing data line:         1876
  Analyzing data line:         1877
  Analyzing data line:         1878
  Analyzing data line:         1879
  Analyzing data line:         1880
  Analyzing data line:         1881
  Analyzing data line:         1882
  Analyzing data line:         1883
  Analyzing data line:         1884
  Analyzing data line:         1885
  Analyzing data line:         1886
  Analyzing data line:         1887
  Analyzing data line:         1888
  Analyzing data line:         1889
  Analyzing data line:         1890
  Analyzing data line:         1891
  Analyzing data line:         1892
  Analyzing data line:         1893
  Analyzing data line:         1894
  Analyzing data line:         1895
  Analyzing data line:         1896
  Analyzing data line:         1897
  Analyzing data line:         1898
  Analyzing data line:         1899
  Analyzing data line:         1900
  Analyzing data line:         1901
  Analyzing data line:         1902
  Analyzing data line:         1903
  Analyzing data line:         1904
  Analyzing data line:         1905
  Analyzing data line:         1906
  Analyzing data line:         1907
  Analyzing data line:         1908
  Analyzing data line:         1909
  Analyzing data line:         1910
  Analyzing data line:         1911
  Analyzing data line:         1912
  Analyzing data line:         1913
  Analyzing data line:         1914
  Analyzing data line:         1915
  Analyzing data line:         1916
  Analyzing data line:         1917
  Analyzing data line:         1918
  Analyzing data line:         1919
  Analyzing data line:         1920
  Analyzing data line:         1921
  Analyzing data line:         1922
  Analyzing data line:         1923
  Analyzing data line:         1924
  Analyzing data line:         1925
  Analyzing data line:         1926
  Analyzing data line:         1927
  Analyzing data line:         1928
  Analyzing data line:         1929
  Analyzing data line:         1930
  Analyzing data line:         1931
  Analyzing data line:         1932
  Analyzing data line:         1933
  Analyzing data line:         1934
  Analyzing data line:         1935
  Analyzing data line:         1936
  Analyzing data line:         1937
  Analyzing data line:         1938
  Analyzing data line:         1939
  Analyzing data line:         1940
  Analyzing data line:         1941
  Analyzing data line:         1942
  Analyzing data line:         1943
  Analyzing data line:         1944
  Analyzing data line:         1945
  Analyzing data line:         1946
  Analyzing data line:         1947
  Analyzing data line:         1948
  Analyzing data line:         1949
  Analyzing data line:         1950
  Analyzing data line:         1951
  Analyzing data line:         1952
  Analyzing data line:         1953
  Analyzing data line:         1954
  Analyzing data line:         1955
  Analyzing data line:         1956
  Analyzing data line:         1957
  Analyzing data line:         1958
  Analyzing data line:         1959
  Analyzing data line:         1960
  Analyzing data line:         1961
  Analyzing data line:         1962
  Analyzing data line:         1963
  Analyzing data line:         1964
  Analyzing data line:         1965
  Analyzing data line:         1966
  Analyzing data line:         1967
  Analyzing data line:         1968
  Analyzing data line:         1969
  Analyzing data line:         1970
  Analyzing data line:         1971
  Analyzing data line:         1972
  Analyzing data line:         1973
  Analyzing data line:         1974
  Analyzing data line:         1975
  Analyzing data line:         1976
  Analyzing data line:         1977
  Analyzing data line:         1978
  Analyzing data line:         1979
  Analyzing data line:         1980
  Analyzing data line:         1981
  Analyzing data line:         1982
  Analyzing data line:         1983
  Analyzing data line:         1984
  Analyzing data line:         1985
  Analyzing data line:         1986
  Analyzing data line:         1987
  Analyzing data line:         1988
  Analyzing data line:         1989
  Analyzing data line:         1990
  Analyzing data line:         1991
  Analyzing data line:         1992
  Analyzing data line:         1993
  Analyzing data line:         1994
  Analyzing data line:         1995
  Analyzing data line:         1996
  Analyzing data line:         1997
  Analyzing data line:         1998
  Analyzing data line:         1999
  Analyzing data line:         2000
  Analyzing data line:         2001
  Analyzing data line:         2002
  Analyzing data line:         2003
  Analyzing data line:         2004
  Analyzing data line:         2005
  Analyzing data line:         2006
  Analyzing data line:         2007
  Analyzing data line:         2008
  Analyzing data line:         2009
  Analyzing data line:         2010
  Analyzing data line:         2011
  Analyzing data line:         2012
  Analyzing data line:         2013
  Analyzing data line:         2014
  Analyzing data line:         2015
  Analyzing data line:         2016
  Analyzing data line:         2017
  Analyzing data line:         2018
  Analyzing data line:         2019
  Analyzing data line:         2020
  Analyzing data line:         2021
  Analyzing data line:         2022
  Analyzing data line:         2023
  Analyzing data line:         2024
  Analyzing data line:         2025
  Analyzing data line:         2026
  Analyzing data line:         2027
  Analyzing data line:         2028
  Analyzing data line:         2029
  Analyzing data line:         2030
  Analyzing data line:         2031
  Analyzing data line:         2032
  Analyzing data line:         2033
  Analyzing data line:         2034
  Analyzing data line:         2035
  Analyzing data line:         2036
  Analyzing data line:         2037
  Analyzing data line:         2038
  Analyzing data line:         2039
  Analyzing data line:         2040
  Analyzing data line:         2041
  Analyzing data line:         2042
  Analyzing data line:         2043
  Analyzing data line:         2044
  Analyzing data line:         2045
  Analyzing data line:         2046
  Analyzing data line:         2047
  Analyzing data line:         2048
  Analyzing data line:         2049
  Analyzing data line:         2050
  Analyzing data line:         2051
  Analyzing data line:         2052
  Analyzing data line:         2053
  Analyzing data line:         2054
  Analyzing data line:         2055
  Analyzing data line:         2056
  Analyzing data line:         2057
  Analyzing data line:         2058
  Analyzing data line:         2059
  Analyzing data line:         2060
  Analyzing data line:         2061
  Analyzing data line:         2062
  Analyzing data line:         2063
  Analyzing data line:         2064
  Analyzing data line:         2065
  Analyzing data line:         2066
  Analyzing data line:         2067
  Analyzing data line:         2068
  Analyzing data line:         2069
  Analyzing data line:         2070
  Analyzing data line:         2071
  Analyzing data line:         2072
  Analyzing data line:         2073
  Analyzing data line:         2074
  Analyzing data line:         2075
  Analyzing data line:         2076
  Analyzing data line:         2077
  Analyzing data line:         2078
  Analyzing data line:         2079
  Analyzing data line:         2080
  Analyzing data line:         2081
  Analyzing data line:         2082
  Analyzing data line:         2083
  Analyzing data line:         2084
  Analyzing data line:         2085
  Analyzing data line:         2086
  Analyzing data line:         2087
  Analyzing data line:         2088
  Analyzing data line:         2089
  Analyzing data line:         2090
  Analyzing data line:         2091
  Analyzing data line:         2092
  Analyzing data line:         2093
  Analyzing data line:         2094
  Analyzing data line:         2095
  Analyzing data line:         2096
  Analyzing data line:         2097
  Analyzing data line:         2098
  Analyzing data line:         2099
  Analyzing data line:         2100
  Analyzing data line:         2101
  Analyzing data line:         2102
  Analyzing data line:         2103
  Analyzing data line:         2104
  Analyzing data line:         2105
  Analyzing data line:         2106
  Analyzing data line:         2107
  Analyzing data line:         2108
  Analyzing data line:         2109
  Analyzing data line:         2110
  Analyzing data line:         2111
  Analyzing data line:         2112
  Analyzing data line:         2113
  Analyzing data line:         2114
  Analyzing data line:         2115
  Analyzing data line:         2116
  Analyzing data line:         2117
  Analyzing data line:         2118
  Analyzing data line:         2119
  Analyzing data line:         2120
  Analyzing data line:         2121
  Analyzing data line:         2122
  Analyzing data line:         2123
  Analyzing data line:         2124
  Analyzing data line:         2125
  Analyzing data line:         2126
  Analyzing data line:         2127
  Analyzing data line:         2128
  Analyzing data line:         2129
  Analyzing data line:         2130
  Analyzing data line:         2131
  Analyzing data line:         2132
  Analyzing data line:         2133
  Analyzing data line:         2134
  Analyzing data line:         2135
  Analyzing data line:         2136
  Analyzing data line:         2137
  Analyzing data line:         2138
  Analyzing data line:         2139
  Analyzing data line:         2140
  Analyzing data line:         2141
  Analyzing data line:         2142
  Analyzing data line:         2143
  Analyzing data line:         2144
  Analyzing data line:         2145
  Analyzing data line:         2146
  Analyzing data line:         2147
  Analyzing data line:         2148
  Analyzing data line:         2149
  Analyzing data line:         2150
  Analyzing data line:         2151
  Analyzing data line:         2152
  Analyzing data line:         2153
  Analyzing data line:         2154
  Analyzing data line:         2155
  Analyzing data line:         2156
  Analyzing data line:         2157
  Analyzing data line:         2158
  Analyzing data line:         2159
  Analyzing data line:         2160
  Analyzing data line:         2161
  Analyzing data line:         2162
  Analyzing data line:         2163
  Analyzing data line:         2164
  Analyzing data line:         2165
  Analyzing data line:         2166
  Analyzing data line:         2167
  Analyzing data line:         2168
  Analyzing data line:         2169
  Analyzing data line:         2170
  Analyzing data line:         2171
  Analyzing data line:         2172
  Analyzing data line:         2173
  Analyzing data line:         2174
  Analyzing data line:         2175
  Analyzing data line:         2176
  Analyzing data line:         2177
  Analyzing data line:         2178
  Analyzing data line:         2179
  Analyzing data line:         2180
  Analyzing data line:         2181
  Analyzing data line:         2182
  Analyzing data line:         2183
  Analyzing data line:         2184
  Analyzing data line:         2185
  Analyzing data line:         2186
  Analyzing data line:         2187
  Analyzing data line:         2188
  Analyzing data line:         2189
  Analyzing data line:         2190
  Analyzing data line:         2191
  Analyzing data line:         2192
  Analyzing data line:         2193
  Analyzing data line:         2194
  Analyzing data line:         2195
  Analyzing data line:         2196
  Analyzing data line:         2197
  Analyzing data line:         2198
  Analyzing data line:         2199
  Analyzing data line:         2200
  Analyzing data line:         2201
  Analyzing data line:         2202
  Analyzing data line:         2203
  Analyzing data line:         2204
  Analyzing data line:         2205
  Analyzing data line:         2206
  Analyzing data line:         2207
  Analyzing data line:         2208
  Analyzing data line:         2209
  Analyzing data line:         2210
  Analyzing data line:         2211
  Analyzing data line:         2212
  Analyzing data line:         2213
  Analyzing data line:         2214
  Analyzing data line:         2215
  Analyzing data line:         2216
  Analyzing data line:         2217
  Analyzing data line:         2218
  Analyzing data line:         2219
  Analyzing data line:         2220
  Analyzing data line:         2221
  Analyzing data line:         2222
  Analyzing data line:         2223
  Analyzing data line:         2224
  Analyzing data line:         2225
  Analyzing data line:         2226
  Analyzing data line:         2227
  Analyzing data line:         2228
  Analyzing data line:         2229
  Analyzing data line:         2230
  Analyzing data line:         2231
  Analyzing data line:         2232
  Analyzing data line:         2233
  Analyzing data line:         2234
  Analyzing data line:         2235
  Analyzing data line:         2236
  Analyzing data line:         2237
  Analyzing data line:         2238
  Analyzing data line:         2239
  Analyzing data line:         2240
  Analyzing data line:         2241
  Analyzing data line:         2242
  Analyzing data line:         2243
  Analyzing data line:         2244
  Analyzing data line:         2245
  Analyzing data line:         2246
  Analyzing data line:         2247
  Analyzing data line:         2248
  Analyzing data line:         2249
  Analyzing data line:         2250
  Analyzing data line:         2251
  Analyzing data line:         2252
  Analyzing data line:         2253
  Analyzing data line:         2254
  Analyzing data line:         2255
  Analyzing data line:         2256
  Analyzing data line:         2257
  Analyzing data line:         2258
  Analyzing data line:         2259
  Analyzing data line:         2260
  Analyzing data line:         2261
  Analyzing data line:         2262
  Analyzing data line:         2263
  Analyzing data line:         2264
  Analyzing data line:         2265
  Analyzing data line:         2266
  Analyzing data line:         2267
  Analyzing data line:         2268
  Analyzing data line:         2269
  Analyzing data line:         2270
  Analyzing data line:         2271
  Analyzing data line:         2272
  Analyzing data line:         2273
  Analyzing data line:         2274
  Analyzing data line:         2275
  Analyzing data line:         2276
  Analyzing data line:         2277
  Analyzing data line:         2278
  Analyzing data line:         2279
  Analyzing data line:         2280
  Analyzing data line:         2281
  Analyzing data line:         2282
  Analyzing data line:         2283
  Analyzing data line:         2284
  Analyzing data line:         2285
  Analyzing data line:         2286
  Analyzing data line:         2287
  Analyzing data line:         2288
  Analyzing data line:         2289
  Analyzing data line:         2290
  Analyzing data line:         2291
  Analyzing data line:         2292
  Analyzing data line:         2293
  Analyzing data line:         2294
  Analyzing data line:         2295
  Analyzing data line:         2296
  Analyzing data line:         2297
  Analyzing data line:         2298
  Analyzing data line:         2299
  Analyzing data line:         2300
  Analyzing data line:         2301
  Analyzing data line:         2302
  Analyzing data line:         2303
  Analyzing data line:         2304
  Analyzing data line:         2305
  Analyzing data line:         2306
  Analyzing data line:         2307
  Analyzing data line:         2308
  Analyzing data line:         2309
  Analyzing data line:         2310
  Analyzing data line:         2311
  Analyzing data line:         2312
  Analyzing data line:         2313
  Analyzing data line:         2314
  Analyzing data line:         2315
  Analyzing data line:         2316
  Analyzing data line:         2317
  Analyzing data line:         2318
  Analyzing data line:         2319
  Analyzing data line:         2320
  Analyzing data line:         2321
  Analyzing data line:         2322
  Analyzing data line:         2323
  Analyzing data line:         2324
  Analyzing data line:         2325
  Analyzing data line:         2326
  Analyzing data line:         2327
  Analyzing data line:         2328
  Analyzing data line:         2329
  Analyzing data line:         2330
  Analyzing data line:         2331
  Analyzing data line:         2332
  Analyzing data line:         2333
  Analyzing data line:         2334
  Analyzing data line:         2335
  Analyzing data line:         2336
  Analyzing data line:         2337
  Analyzing data line:         2338
  Analyzing data line:         2339
  Analyzing data line:         2340
  Analyzing data line:         2341
  Analyzing data line:         2342
  Analyzing data line:         2343
  Analyzing data line:         2344
  Analyzing data line:         2345
  Analyzing data line:         2346
  Analyzing data line:         2347
  Analyzing data line:         2348
  Analyzing data line:         2349
  Analyzing data line:         2350
  Analyzing data line:         2351
  Analyzing data line:         2352
  Analyzing data line:         2353
  Analyzing data line:         2354
  Analyzing data line:         2355
  Analyzing data line:         2356
  Analyzing data line:         2357
  Analyzing data line:         2358
  Analyzing data line:         2359
  Analyzing data line:         2360
  Analyzing data line:         2361
  Analyzing data line:         2362
  Analyzing data line:         2363
  Analyzing data line:         2364
  Analyzing data line:         2365
  Analyzing data line:         2366
  Analyzing data line:         2367
  Analyzing data line:         2368
  Analyzing data line:         2369
  Analyzing data line:         2370
  Analyzing data line:         2371
  Analyzing data line:         2372
  Analyzing data line:         2373
  Analyzing data line:         2374
  Analyzing data line:         2375
  Analyzing data line:         2376
  Analyzing data line:         2377
  Analyzing data line:         2378
  Analyzing data line:         2379
  Analyzing data line:         2380
  Analyzing data line:         2381
  Analyzing data line:         2382
  Analyzing data line:         2383
  Analyzing data line:         2384
  Analyzing data line:         2385
  Analyzing data line:         2386
  Analyzing data line:         2387
  Analyzing data line:         2388
  Analyzing data line:         2389
  Analyzing data line:         2390
  Analyzing data line:         2391
  Analyzing data line:         2392
  Analyzing data line:         2393
  Analyzing data line:         2394
  Analyzing data line:         2395
  Analyzing data line:         2396
  Analyzing data line:         2397
  Analyzing data line:         2398
  Analyzing data line:         2399
  Analyzing data line:         2400
  Analyzing data line:         2401
  Analyzing data line:         2402
  Analyzing data line:         2403
  Analyzing data line:         2404
  Analyzing data line:         2405
  Analyzing data line:         2406
  Analyzing data line:         2407
  Analyzing data line:         2408
  Analyzing data line:         2409
  Analyzing data line:         2410
  Analyzing data line:         2411
  Analyzing data line:         2412
  Analyzing data line:         2413
  Analyzing data line:         2414
  Analyzing data line:         2415
  Analyzing data line:         2416
  Analyzing data line:         2417
  Analyzing data line:         2418
  Analyzing data line:         2419
  Analyzing data line:         2420
  Analyzing data line:         2421
  Analyzing data line:         2422
  Analyzing data line:         2423
  Analyzing data line:         2424
  Analyzing data line:         2425
  Analyzing data line:         2426
  Analyzing data line:         2427
  Analyzing data line:         2428
  Analyzing data line:         2429
  Analyzing data line:         2430
  Analyzing data line:         2431
  Analyzing data line:         2432
  Analyzing data line:         2433
  Analyzing data line:         2434
  Analyzing data line:         2435
  Analyzing data line:         2436
  Analyzing data line:         2437
  Analyzing data line:         2438
  Analyzing data line:         2439
  Analyzing data line:         2440
  Analyzing data line:         2441
  Analyzing data line:         2442
  Analyzing data line:         2443
  Analyzing data line:         2444
  Analyzing data line:         2445
  Analyzing data line:         2446
  Analyzing data line:         2447
  Analyzing data line:         2448
  Analyzing data line:         2449
  Analyzing data line:         2450
  Analyzing data line:         2451
  Analyzing data line:         2452
  Analyzing data line:         2453
  Analyzing data line:         2454
  Analyzing data line:         2455
  Analyzing data line:         2456
  Analyzing data line:         2457
  Analyzing data line:         2458
  Analyzing data line:         2459
  Analyzing data line:         2460
  Analyzing data line:         2461
  Analyzing data line:         2462
  Analyzing data line:         2463
  Analyzing data line:         2464
  Analyzing data line:         2465
  Analyzing data line:         2466
  Analyzing data line:         2467
  Analyzing data line:         2468
  Analyzing data line:         2469
  Analyzing data line:         2470
  Analyzing data line:         2471
  Analyzing data line:         2472
  Analyzing data line:         2473
  Analyzing data line:         2474
  Analyzing data line:         2475
  Analyzing data line:         2476
  Analyzing data line:         2477
  Analyzing data line:         2478
  Analyzing data line:         2479
  Analyzing data line:         2480
  Analyzing data line:         2481
  Analyzing data line:         2482
  Analyzing data line:         2483
  Analyzing data line:         2484
  Analyzing data line:         2485
  Analyzing data line:         2486
  Analyzing data line:         2487
  Analyzing data line:         2488
  Analyzing data line:         2489
  Analyzing data line:         2490
  Analyzing data line:         2491
  Analyzing data line:         2492
  Analyzing data line:         2493
  Analyzing data line:         2494
  Analyzing data line:         2495
  Analyzing data line:         2496
  Analyzing data line:         2497
  Analyzing data line:         2498
  Analyzing data line:         2499
  Analyzing data line:         2500
  Analyzing data line:         2501
  Analyzing data line:         2502
  Analyzing data line:         2503
  Analyzing data line:         2504
  Analyzing data line:         2505
  Analyzing data line:         2506
  Analyzing data line:         2507
  Analyzing data line:         2508
  Analyzing data line:         2509
  Analyzing data line:         2510
  Analyzing data line:         2511
  Analyzing data line:         2512
  Analyzing data line:         2513
  Analyzing data line:         2514
  Analyzing data line:         2515
  Analyzing data line:         2516
  Analyzing data line:         2517
  Analyzing data line:         2518
  Analyzing data line:         2519
  Analyzing data line:         2520
  Analyzing data line:         2521
  Analyzing data line:         2522
  Analyzing data line:         2523
  Analyzing data line:         2524
  Analyzing data line:         2525
  Analyzing data line:         2526
  Analyzing data line:         2527
  Analyzing data line:         2528
  Analyzing data line:         2529
  Analyzing data line:         2530
  Analyzing data line:         2531
  Analyzing data line:         2532
  Analyzing data line:         2533
  Analyzing data line:         2534
  Analyzing data line:         2535
  Analyzing data line:         2536
  Analyzing data line:         2537
  Analyzing data line:         2538
  Analyzing data line:         2539
  Analyzing data line:         2540
  Analyzing data line:         2541
  Analyzing data line:         2542
  Analyzing data line:         2543
  Analyzing data line:         2544
  Analyzing data line:         2545
  Analyzing data line:         2546
  Analyzing data line:         2547
  Analyzing data line:         2548
  Analyzing data line:         2549
  Analyzing data line:         2550
  Analyzing data line:         2551
  Analyzing data line:         2552
  Analyzing data line:         2553
  Analyzing data line:         2554
  Analyzing data line:         2555
  Analyzing data line:         2556
  Analyzing data line:         2557
  Analyzing data line:         2558
  Analyzing data line:         2559
  Analyzing data line:         2560
  Analyzing data line:         2561
  Analyzing data line:         2562
  Analyzing data line:         2563
  Analyzing data line:         2564
  Analyzing data line:         2565
  Analyzing data line:         2566
  Analyzing data line:         2567
  Analyzing data line:         2568
  Analyzing data line:         2569
  Analyzing data line:         2570
  Analyzing data line:         2571
  Analyzing data line:         2572
  Analyzing data line:         2573
  Analyzing data line:         2574
  Analyzing data line:         2575
  Analyzing data line:         2576
  Analyzing data line:         2577
  Analyzing data line:         2578
  Analyzing data line:         2579
  Analyzing data line:         2580
  Analyzing data line:         2581
  Analyzing data line:         2582
  Analyzing data line:         2583
  Analyzing data line:         2584
  Analyzing data line:         2585
  Analyzing data line:         2586
  Analyzing data line:         2587
  Analyzing data line:         2588
  Analyzing data line:         2589
  Analyzing data line:         2590
  Analyzing data line:         2591
  Analyzing data line:         2592
  Analyzing data line:         2593
  Analyzing data line:         2594
  Analyzing data line:         2595
  Analyzing data line:         2596
  Analyzing data line:         2597
  Analyzing data line:         2598
  Analyzing data line:         2599
  Analyzing data line:         2600
  Analyzing data line:         2601
  Analyzing data line:         2602
  Analyzing data line:         2603
  Analyzing data line:         2604
  Analyzing data line:         2605
  Analyzing data line:         2606
  Analyzing data line:         2607
  Analyzing data line:         2608
  Analyzing data line:         2609
  Analyzing data line:         2610
  Analyzing data line:         2611
  Analyzing data line:         2612
  Analyzing data line:         2613
  Analyzing data line:         2614
  Analyzing data line:         2615
  Analyzing data line:         2616
  Analyzing data line:         2617
  Analyzing data line:         2618
  Analyzing data line:         2619
  Analyzing data line:         2620
  Analyzing data line:         2621
  Analyzing data line:         2622
  Analyzing data line:         2623
  Analyzing data line:         2624
  Analyzing data line:         2625
  Analyzing data line:         2626
  Analyzing data line:         2627
  Analyzing data line:         2628
  Analyzing data line:         2629
  Analyzing data line:         2630
  Analyzing data line:         2631
  Analyzing data line:         2632
  Analyzing data line:         2633
  Analyzing data line:         2634
  Analyzing data line:         2635
  Analyzing data line:         2636
  Analyzing data line:         2637
  Analyzing data line:         2638
  Analyzing data line:         2639
  Analyzing data line:         2640
  Analyzing data line:         2641
  Analyzing data line:         2642
  Analyzing data line:         2643
  Analyzing data line:         2644
  Analyzing data line:         2645
  Analyzing data line:         2646
  Analyzing data line:         2647
  Analyzing data line:         2648
  Analyzing data line:         2649
  Analyzing data line:         2650
  Analyzing data line:         2651
  Analyzing data line:         2652
  Analyzing data line:         2653
  Analyzing data line:         2654
  Analyzing data line:         2655
  Analyzing data line:         2656
  Analyzing data line:         2657
  Analyzing data line:         2658
  Analyzing data line:         2659
  Analyzing data line:         2660
  Analyzing data line:         2661
  Analyzing data line:         2662
  Analyzing data line:         2663
  Analyzing data line:         2664
  Analyzing data line:         2665
  Analyzing data line:         2666
  Analyzing data line:         2667
  Analyzing data line:         2668
  Analyzing data line:         2669
  Analyzing data line:         2670
  Analyzing data line:         2671
  Analyzing data line:         2672
  Analyzing data line:         2673
  Analyzing data line:         2674
  Analyzing data line:         2675
  Analyzing data line:         2676
  Analyzing data line:         2677
  Analyzing data line:         2678
  Analyzing data line:         2679
  Analyzing data line:         2680
  Analyzing data line:         2681
  Analyzing data line:         2682
  Analyzing data line:         2683
  Analyzing data line:         2684
  Analyzing data line:         2685
  Analyzing data line:         2686
  Analyzing data line:         2687
  Analyzing data line:         2688
  Analyzing data line:         2689
  Analyzing data line:         2690
  Analyzing data line:         2691
  Analyzing data line:         2692
  Analyzing data line:         2693
  Analyzing data line:         2694
  Analyzing data line:         2695
  Analyzing data line:         2696
  Analyzing data line:         2697
  Analyzing data line:         2698
  Analyzing data line:         2699
  Analyzing data line:         2700
  Analyzing data line:         2701
  Analyzing data line:         2702
  Analyzing data line:         2703
  Analyzing data line:         2704
  Analyzing data line:         2705
  Analyzing data line:         2706
  Analyzing data line:         2707
  Analyzing data line:         2708
  Analyzing data line:         2709
  Analyzing data line:         2710
  Analyzing data line:         2711
  Analyzing data line:         2712
  Analyzing data line:         2713
  Analyzing data line:         2714
  Analyzing data line:         2715
  Analyzing data line:         2716
  Analyzing data line:         2717
  Analyzing data line:         2718
  Analyzing data line:         2719
  Analyzing data line:         2720
  Analyzing data line:         2721
  Analyzing data line:         2722
  Analyzing data line:         2723
  Analyzing data line:         2724
  Analyzing data line:         2725
  Analyzing data line:         2726
  Analyzing data line:         2727
  Analyzing data line:         2728
  Analyzing data line:         2729
  Analyzing data line:         2730
  Analyzing data line:         2731
  Analyzing data line:         2732
  Analyzing data line:         2733
  Analyzing data line:         2734
  Analyzing data line:         2735
  Analyzing data line:         2736
  Analyzing data line:         2737
  Analyzing data line:         2738
  Analyzing data line:         2739
  Analyzing data line:         2740
  Analyzing data line:         2741
  Analyzing data line:         2742
  Analyzing data line:         2743
  Analyzing data line:         2744
  Analyzing data line:         2745
  Analyzing data line:         2746
  Analyzing data line:         2747
  Analyzing data line:         2748
  Analyzing data line:         2749
  Analyzing data line:         2750
  Analyzing data line:         2751
  Analyzing data line:         2752
  Analyzing data line:         2753
  Analyzing data line:         2754
  Analyzing data line:         2755
  Analyzing data line:         2756
  Analyzing data line:         2757
  Analyzing data line:         2758
  Analyzing data line:         2759
  Analyzing data line:         2760
  Analyzing data line:         2761
  Analyzing data line:         2762
  Analyzing data line:         2763
  Analyzing data line:         2764
  Analyzing data line:         2765
  Analyzing data line:         2766
  Analyzing data line:         2767
  Analyzing data line:         2768
  Analyzing data line:         2769
  Analyzing data line:         2770
  Analyzing data line:         2771
  Analyzing data line:         2772
  Analyzing data line:         2773
  Analyzing data line:         2774
  Analyzing data line:         2775
  Analyzing data line:         2776
  Analyzing data line:         2777
  Analyzing data line:         2778
  Analyzing data line:         2779
  Analyzing data line:         2780
  Analyzing data line:         2781
  Analyzing data line:         2782
  Analyzing data line:         2783
  Analyzing data line:         2784
  Analyzing data line:         2785
  Analyzing data line:         2786
  Analyzing data line:         2787
  Analyzing data line:         2788
  Analyzing data line:         2789
  Analyzing data line:         2790
  Analyzing data line:         2791
  Analyzing data line:         2792
  Analyzing data line:         2793
  Analyzing data line:         2794
  Analyzing data line:         2795
  Analyzing data line:         2796
  Analyzing data line:         2797
  Analyzing data line:         2798
  Analyzing data line:         2799
  Analyzing data line:         2800
  Analyzing data line:         2801
  Analyzing data line:         2802
  Analyzing data line:         2803
  Analyzing data line:         2804
  Analyzing data line:         2805
  Analyzing data line:         2806
  Analyzing data line:         2807
  Analyzing data line:         2808
  Analyzing data line:         2809
  Analyzing data line:         2810
  Analyzing data line:         2811
  Analyzing data line:         2812
  Analyzing data line:         2813
  Analyzing data line:         2814
  Analyzing data line:         2815
  Analyzing data line:         2816
  Analyzing data line:         2817
  Analyzing data line:         2818
  Analyzing data line:         2819
  Analyzing data line:         2820
  Analyzing data line:         2821
  Analyzing data line:         2822
  Analyzing data line:         2823
  Analyzing data line:         2824
  Analyzing data line:         2825
  Analyzing data line:         2826
  Analyzing data line:         2827
  Analyzing data line:         2828
  Analyzing data line:         2829
  Analyzing data line:         2830
  Analyzing data line:         2831
  Analyzing data line:         2832
  Analyzing data line:         2833
  Analyzing data line:         2834
  Analyzing data line:         2835
  Analyzing data line:         2836
  Analyzing data line:         2837
  Analyzing data line:         2838
  Analyzing data line:         2839
  Analyzing data line:         2840
  Analyzing data line:         2841
  Analyzing data line:         2842
  Analyzing data line:         2843
  Analyzing data line:         2844
  Analyzing data line:         2845
  Analyzing data line:         2846
  Analyzing data line:         2847
  Analyzing data line:         2848
  Analyzing data line:         2849
  Analyzing data line:         2850
  Analyzing data line:         2851
  Analyzing data line:         2852
  Analyzing data line:         2853
  Analyzing data line:         2854
  Analyzing data line:         2855
  Analyzing data line:         2856
  Analyzing data line:         2857
  Analyzing data line:         2858
  Analyzing data line:         2859
  Analyzing data line:         2860
  Analyzing data line:         2861
  Analyzing data line:         2862
  Analyzing data line:         2863
  Analyzing data line:         2864
  Analyzing data line:         2865
  Analyzing data line:         2866
  Analyzing data line:         2867
  Analyzing data line:         2868
  Analyzing data line:         2869
  Analyzing data line:         2870
  Analyzing data line:         2871
  Analyzing data line:         2872
  Analyzing data line:         2873
  Analyzing data line:         2874
  Analyzing data line:         2875
  Analyzing data line:         2876
  Analyzing data line:         2877
  Analyzing data line:         2878
  Analyzing data line:         2879
  Analyzing data line:         2880
  Analyzing data line:         2881
  Analyzing data line:         2882
  Analyzing data line:         2883
  Analyzing data line:         2884
  Analyzing data line:         2885
  Analyzing data line:         2886
  Analyzing data line:         2887
  Analyzing data line:         2888
  Analyzing data line:         2889
  Analyzing data line:         2890
  Analyzing data line:         2891
  Analyzing data line:         2892
  Analyzing data line:         2893
  Analyzing data line:         2894
  Analyzing data line:         2895
  Analyzing data line:         2896
  Analyzing data line:         2897
  Analyzing data line:         2898
  Analyzing data line:         2899
  Analyzing data line:         2900
  Analyzing data line:         2901
  Analyzing data line:         2902
  Analyzing data line:         2903
  Analyzing data line:         2904
  Analyzing data line:         2905
  Analyzing data line:         2906
  Analyzing data line:         2907
  Analyzing data line:         2908
  Analyzing data line:         2909
  Analyzing data line:         2910
  Analyzing data line:         2911
  Analyzing data line:         2912
  Analyzing data line:         2913
  Analyzing data line:         2914
  Analyzing data line:         2915
  Analyzing data line:         2916
  Analyzing data line:         2917
  Analyzing data line:         2918
  Analyzing data line:         2919
  Analyzing data line:         2920
  Analyzing data line:         2921
  Analyzing data line:         2922
  Analyzing data line:         2923
  Analyzing data line:         2924
  Analyzing data line:         2925
  Analyzing data line:         2926
  Analyzing data line:         2927
  Analyzing data line:         2928
  Analyzing data line:         2929
  Analyzing data line:         2930
  Analyzing data line:         2931
  Analyzing data line:         2932
  Analyzing data line:         2933
  Analyzing data line:         2934
  Analyzing data line:         2935
  Analyzing data line:         2936
  Analyzing data line:         2937
  Analyzing data line:         2938
  Analyzing data line:         2939
  Analyzing data line:         2940
  Analyzing data line:         2941
  Analyzing data line:         2942
  Analyzing data line:         2943
  Analyzing data line:         2944
  Analyzing data line:         2945
  Analyzing data line:         2946
  Analyzing data line:         2947
  Analyzing data line:         2948
  Analyzing data line:         2949
  Analyzing data line:         2950
  Analyzing data line:         2951
  Analyzing data line:         2952
  Analyzing data line:         2953
  Analyzing data line:         2954
  Analyzing data line:         2955
  Analyzing data line:         2956
  Analyzing data line:         2957
  Analyzing data line:         2958
  Analyzing data line:         2959
  Analyzing data line:         2960
  Analyzing data line:         2961
  Analyzing data line:         2962
  Analyzing data line:         2963
  Analyzing data line:         2964
  Analyzing data line:         2965
  Analyzing data line:         2966
  Analyzing data line:         2967
  Analyzing data line:         2968
  Analyzing data line:         2969
  Analyzing data line:         2970
  Analyzing data line:         2971
  Analyzing data line:         2972
  Analyzing data line:         2973
  Analyzing data line:         2974
  Analyzing data line:         2975
  Analyzing data line:         2976
  Analyzing data line:         2977
  Analyzing data line:         2978
  Analyzing data line:         2979
  Analyzing data line:         2980
  Analyzing data line:         2981
  Analyzing data line:         2982
  Analyzing data line:         2983
  Analyzing data line:         2984
  Analyzing data line:         2985
  Analyzing data line:         2986
  Analyzing data line:         2987
  Analyzing data line:         2988
  Analyzing data line:         2989
  Analyzing data line:         2990
  Analyzing data line:         2991
  Analyzing data line:         2992
  Analyzing data line:         2993
  Analyzing data line:         2994
  Analyzing data line:         2995
  Analyzing data line:         2996
  Analyzing data line:         2997
  Analyzing data line:         2998
  Analyzing data line:         2999
  Analyzing data line:         3000
  Analyzing data line:         3001
  Analyzing data line:         3002
