source_file,lat_deg,lon_deg,h_km,date,hour,vcr_GV,particle,dose_rate_uSvph,sigma,unit_text,quantity_text,x_sin_lat,x_cos_lat,x_sin_lon,x_cos_lon,alt_norm,y_log,group_id,y_log_pred,dose_pred_uSvph,err_log,err_uSvph
L0000.ANS,-80.0,-179.99999,8.000085600032,2002/01/00,0,0.0,TOTAL,1.8427,0.11004,microSv/hr,ICRP Pub. 103 EFFECTIVE DOSE,-0.984807753012208,0.17364817766693041,-1.745329251238221e-07,-0.9999999999999848,-1.062489299996,1.0447543047654284,-80.00000_-179.99999,1.232565094398723,2.430016577987662,0.18781078963329456,0.5873165779876619
L0000.ANS,-80.0,-170.0,8.000085600032,2002/01/00,0,0.03,TOTAL,1.8427,0.11004,microSv/hr,ICRP Pub. 103 EFFECTIVE DOSE,-0.984807753012208,0.17364817766693041,-0.17364817766693028,-0.984807753012208,-1.062489299996,1.0447543047654284,-80.00000_-170.00000,1.2319765769896467,2.427998547399408,0.18722227222421828,0.5852985473994081
L0000.ANS,-80.0,-160.0,8.000085600032,2002/01/00,0,0.04,TOTAL,1.8427,0.11004,microSv/hr,ICRP Pub. 103 EFFECTIVE DOSE,-0.984807753012208,0.17364817766693041,-0.3420201433256689,-0.9396926207859083,-1.062489299996,1.0447543047654284,-80.00000_-160.00000,1.231754604143918,2.4272377092525166,0.1870002993784896,0.5845377092525166
L0000.ANS,-80.0,-150.0,8.000085600032,2002/01/00,0,0.07,TOTAL,1.8427,0.11004,microSv/hr,ICRP Pub. 103 EFFECTIVE DOSE,-0.984807753012208,0.17364817766693041,-0.49999999999999994,-0.8660254037844387,-1.062489299996,1.0447543047654284,-80.00000_-150.00000,1.2319059211608674,2.427756347877492,0.18715161639543898,0.5850563478774922
L0000.ANS,-80.0,-140.0,8.000085600032,2002/01/00,0,0.13,TOTAL,1.8427,0.11004,microSv/hr,ICRP Pub. 103 EFFECTIVE DOSE,-0.984807753012208,0.17364817766693041,-0.6427876096865395,-0.7660444431189779,-1.062489299996,1.0447543047654284,-80.00000_-140.00000,1.2324259303495049,2.4295392762041788,0.18767162558407646,0.5868392762041788
L0000.ANS,-80.0,-130.0,8.000085600032,2002/01/00,0,0.2,TOTAL,1.8427,0.11004,microSv/hr,ICRP Pub. 103 EFFECTIVE DOSE,-0.984807753012208,0.17364817766693041,-0.766044443118978,-0.6427876096865394,-1.062489299996,1.0447543047654284,-80.00000_-130.00000,1.2332988314937712,2.4325342319226513,0.18854452672834277,0.5898342319226513
L0000.ANS,-80.0,-120.0,8.000085600032,2002/01/00,0,0.27,TOTAL,1.8427,0.11004,microSv/hr,ICRP Pub. 103 EFFECTIVE DOSE,-0.984807753012208,0.17364817766693041,-0.8660254037844387,-0.4999999999999998,-1.062489299996,1.0447543047654284,-80.00000_-120.00000,1.234498101934107,2.436653238169975,0.18974379716867862,0.593953238169975
L0000.ANS,-80.0,-110.0,8.000085600032,2002/01/00,0,0.33,TOTAL,1.8427,0.11004,microSv/hr,ICRP Pub. 103 EFFECTIVE DOSE,-0.984807753012208,0.17364817766693041,-0.9396926207859084,-0.3420201433256687,-1.062489299996,1.0447543047654284,-80.00000_-110.00000,1.235987302445043,2.441774916584687,0.19123299767961455,0.5990749165846869
L0000.ANS,-80.0,-100.0,8.000085600032,2002/01/00,0,0.36,TOTAL,1.8427,0.11004,microSv/hr,ICRP Pub. 103 EFFECTIVE DOSE,-0.984807753012208,0.17364817766693041,-0.984807753012208,-0.1736481776669303,-1.062489299996,1.0447543047654284,-80.00000_-100.00000,1.237721184422626,2.4477477246592274,0.1929668796571975,0.6050477246592274
L0000.ANS,-80.0,-90.0,8.000085600032,2002/01/00,0,0.43,TOTAL,1.8427,0.11004,microSv/hr,ICRP Pub. 103 EFFECTIVE DOSE,-0.984807753012208,0.17364817766693041,-1.0,6.123233995736766e-17,-1.062489299996,1.0447543047654284,-80.00000_-90.00000,1.2396470647403537,2.4543940721232387,0.19489275997492528,0.6116940721232387
L0000.ANS,-80.0,-80.0,8.000085600032,2002/01/00,0,0.45,TOTAL,1.8427,0.11004,microSv/hr,ICRP Pub. 103 EFFECTIVE DOSE,-0.984807753012208,0.17364817766693041,-0.984807753012208,0.17364817766693041,-1.062489299996,1.0447543047654284,-80.00000_-80.00000,1.2417064264993145,2.461515249198899,0.1969521217338861,0.6188152491988992
L0000.ANS,-80.0,-70.0,8.000085600032,2002/01/00,0,0.5,TOTAL,1.8427,0.11004,microSv/hr,ICRP Pub. 103 EFFECTIVE DOSE,-0.984807753012208,0.17364817766693041,-0.9396926207859083,0.3420201433256688,-1.062489299996,1.0447543047654284,-80.00000_-70.00000,1.24383669703455,2.4688970729908046,0.1990823922691216,0.6261970729908046
L0000.ANS,-80.0,-60.0,8.000085600032,2002/01/00,0,0.48,TOTAL,1.8427,0.11004,microSv/hr,ICRP Pub. 103 EFFECTIVE DOSE,-0.984807753012208,0.17364817766693041,-0.8660254037844386,0.5000000000000001,-1.062489299996,1.0447543047654284,-80.00000_-60.00000,1.2459731491538155,2.476316127899723,0.2012188443883871,0.633616127899723
L0000.ANS,-80.0,-50.0,8.000085600032,2002/01/00,0,0.49,TOTAL,1.8427,0.11004,microSv/hr,ICRP Pub. 103 EFFECTIVE DOSE,-0.984807753012208,0.17364817766693041,-0.766044443118978,0.6427876096865394,-1.062489299996,1.0447543047654284,-80.00000_-50.00000,1.2480508678405644,2.4835464435596313,0.203296563075136,0.6408464435596313
L0000.ANS,-80.0,-40.0,8.000085600032,2002/01/00,0,0.46,TOTAL,1.8427,0.11004,microSv/hr,ICRP Pub. 103 EFFECTIVE DOSE,-0.984807753012208,0.17364817766693041,-0.6427876096865393,0.766044443118978,-1.062489299996,1.0447543047654284,-80.00000_-40.00000,1.250006722663876,2.490366421943228,0.20525241789844761,0.6476664219432282
L0000.ANS,-80.0,-30.0,8.000085600032,2002/01/00,0,0.43,TOTAL,1.8427,0.11004,microSv/hr,ICRP Pub. 103 EFFECTIVE DOSE,-0.984807753012208,0.17364817766693041,-0.49999999999999994,0.8660254037844387,-1.062489299996,1.0447543047654284,-80.00000_-30.00000,1.2517812859646544,2.496565797066811,0.20702698119922602,0.6538657970668111
L0000.ANS,-80.0,-20.0,8.000085600032,2002/01/00,0,0.39,TOTAL,1.8427,0.11004,microSv/hr,ICRP Pub. 103 EFFECTIVE DOSE,-0.984807753012208,0.17364817766693041,-0.3420201433256687,0.9396926207859084,-1.062489299996,1.0447543047654284,-80.00000_-20.00000,1.2533206385349778,2.5019523894825957,0.20856633376954936,0.6592523894825957
L0000.ANS,-80.0,-10.0,8.000085600032,2002/01/00,0,0.34,TOTAL,1.8427,0.11004,microSv/hr,ICRP Pub. 103 EFFECTIVE DOSE,-0.984807753012208,0.17364817766693041,-0.17364817766693033,0.984807753012208,-1.062489299996,1.0447543047654284,-80.00000_-10.00000,1.2545780079259468,2.5063584066408326,0.20982370316051835,0.6636584066408326
L0000.ANS,-80.0,0.0,8.000085600032,2002/01/00,0,0.29,TOTAL,1.8427,0.11004,microSv/hr,ICRP Pub. 103 EFFECTIVE DOSE,-0.984807753012208,0.17364817766693041,0.0,1.0,-1.062489299996,1.0447543047654284,-80.00000_0.00000,1.2555151896048766,2.5096460418143938,0.21076088483944821,0.6669460418143938
L0000.ANS,-80.0,10.0,8.000085600032,2002/01/00,0,0.26,TOTAL,1.8427,0.11004,microSv/hr,ICRP Pub. 103 EFFECTIVE DOSE,-0.984807753012208,0.17364817766693041,0.17364817766693033,0.984807753012208,-1.062489299996,1.0447543047654284,-80.00000_10.00000,1.2561037077806896,2.5117121402092675,0.21134940301526117,0.6690121402092675
L0000.ANS,-80.0,20.0,8.000085600032,2002/01/00,0,0.2,TOTAL,1.8427,0.11004,microSv/hr,ICRP Pub. 103 EFFECTIVE DOSE,-0.984807753012208,0.17364817766693041,0.3420201433256687,0.9396926207859084,-1.062489299996,1.0447543047654284,-80.00000_20.00000,1.2563256806264183,2.5124917314672537,0.21157137586098984,0.6697917314672537
L0000.ANS,-80.0,30.0,8.000085600032,2002/01/00,0,0.14,TOTAL,1.8427,0.11004,microSv/hr,ICRP Pub. 103 EFFECTIVE DOSE,-0.984807753012208,0.17364817766693041,0.49999999999999994,0.8660254037844387,-1.062489299996,1.0447543047654284,-80.00000_30.00000,1.2561743636094689,2.5119602719068403,0.21142005884404047,0.6692602719068403
L0000.ANS,-80.0,40.0,8.000085600032,2002/01/00,0,0.08,TOTAL,1.8427,0.11004,microSv/hr,ICRP Pub. 103 EFFECTIVE DOSE,-0.984807753012208,0.17364817766693041,0.6427876096865393,0.766044443118978,-1.062489299996,1.0447543047654284,-80.00000_40.00000,1.2556543544208312,2.5101344950468323,0.21090004965540277,0.6674344950468323
L0000.ANS,-80.0,50.0,8.000085600032,2002/01/00,0,0.06,TOTAL,1.8427,0.11004,microSv/hr,ICRP Pub. 103 EFFECTIVE DOSE,-0.984807753012208,0.17364817766693041,0.766044443118978,0.6427876096865394,-1.062489299996,1.0447543047654284,-80.00000_50.00000,1.2547814532765649,2.5070718315252916,0.21002714851113646,0.6643718315252916
L0000.ANS,-80.0,60.0,8.000085600032,2002/01/00,0,0.03,TOTAL,1.8427,0.11004,microSv/hr,ICRP Pub. 103 EFFECTIVE DOSE,-0.984807753012208,0.17364817766693041,0.8660254037844386,0.5000000000000001,-1.062489299996,1.0447543047654284,-80.00000_60.00000,1.253582182836229,2.5028684249600257,0.2088278780708006,0.6601684249600257
L0000.ANS,-80.0,70.0,8.000085600032,2002/01/00,0,0.02,TOTAL,1.8427,0.11004,microSv/hr,ICRP Pub. 103 EFFECTIVE DOSE,-0.984807753012208,0.17364817766693041,0.9396926207859083,0.3420201433256688,-1.062489299996,1.0447543047654284,-80.00000_70.00000,1.252092982325293,2.497655833771902,0.20733867755986468,0.6549558337719021
L0000.ANS,-80.0,80.0,8.000085600032,2002/01/00,0,0.0,TOTAL,1.8427,0.11004,microSv/hr,ICRP Pub. 103 EFFECTIVE DOSE,-0.984807753012208,0.17364817766693041,0.984807753012208,0.17364817766693041,-1.062489299996,1.0447543047654284,-80.00000_80.00000,1.2503591003477101,2.491596565903636,0.20560479558228173,0.6488965659036359
L0000.ANS,-80.0,90.0,8.000085600032,2002/01/00,0,0.0,TOTAL,1.8427,0.11004,microSv/hr,ICRP Pub. 103 EFFECTIVE DOSE,-0.984807753012208,0.17364817766693041,1.0,6.123233995736766e-17,-1.062489299996,1.0447543047654284,-80.00000_90.00000,1.2484332200299824,2.484878639837117,0.20367891526455395,0.6421786398371172
L0000.ANS,-80.0,100.0,8.000085600032,2002/01/00,0,0.0,TOTAL,1.8427,0.11004,microSv/hr,ICRP Pub. 103 EFFECTIVE DOSE,-0.984807753012208,0.17364817766693041,0.984807753012208,-0.1736481776669303,-1.062489299996,1.0447543047654284,-80.00000_100.00000,1.2463738582710215,2.4777093985959553,0.20161955350559313,0.6350093985959553
L0000.ANS,-80.0,110.0,8.000085600032,2002/01/00,0,0.0,TOTAL,1.8427,0.11004,microSv/hr,ICRP Pub. 103 EFFECTIVE DOSE,-0.984807753012208,0.17364817766693041,0.9396926207859084,-0.3420201433256687,-1.062489299996,1.0447543047654284,-80.00000_110.00000,1.2442435877357862,2.4703088221476746,0.19948928297035784,0.6276088221476745
L0000.ANS,-80.0,120.0,8.000085600032,2002/01/00,0,0.0,TOTAL,1.8427,0.11004,microSv/hr,ICRP Pub. 103 EFFECTIVE DOSE,-0.984807753012208,0.17364817766693041,0.8660254037844387,-0.4999999999999998,-1.062489299996,1.0447543047654284,-80.00000_120.00000,1.2421071356165205,2.4629025878596624,0.19735283085109212,0.6202025878596624
L0000.ANS,-80.0,130.0,8.000085600032,2002/01/00,0,0.0,TOTAL,1.8427,0.11004,microSv/hr,ICRP Pub. 103 EFFECTIVE DOSE,-0.984807753012208,0.17364817766693041,0.766044443118978,-0.6427876096865394,-1.062489299996,1.0447543047654284,-80.00000_130.00000,1.2400294169297716,2.4557151197964684,0.19527511216434323,0.6130151197964684
L0000.ANS,-80.0,140.0,8.000085600032,2002/01/00,0,0.0,TOTAL,1.8427,0.11004,microSv/hr,ICRP Pub. 103 EFFECTIVE DOSE,-0.984807753012208,0.17364817766693041,0.6427876096865395,-0.7660444431189779,-1.062489299996,1.0447543047654284,-80.00000_140.00000,1.23807356210646,2.448962848095505,0.19331925734103161,0.6062628480955048
L0000.ANS,-80.0,150.0,8.000085600032,2002/01/00,0,0.0,TOTAL,1.8427,0.11004,microSv/hr,ICRP Pub. 103 EFFECTIVE DOSE,-0.984807753012208,0.17364817766693041,0.49999999999999994,-0.8660254037844387,-1.062489299996,1.0447543047654284,-80.00000_150.00000,1.2362989988056816,2.4428478725098657,0.1915446940402532,0.6001478725098657
L0000.ANS,-80.0,160.0,8.000085600032,2002/01/00,0,0.0,TOTAL,1.8427,0.11004,microSv/hr,ICRP Pub. 103 EFFECTIVE DOSE,-0.984807753012208,0.17364817766693041,0.3420201433256689,-0.9396926207859083,-1.062489299996,1.0447543047654284,-80.00000_160.00000,1.2347596462353583,2.4375521927929,0.19000534146992987,0.5948521927929
L0000.ANS,-80.0,170.0,8.000085600032,2002/01/00,0,0.0,TOTAL,1.8427,0.11004,microSv/hr,ICRP Pub. 103 EFFECTIVE DOSE,-0.984807753012208,0.17364817766693041,0.17364817766693028,-0.984807753012208,-1.062489299996,1.0447543047654284,-80.00000_170.00000,1.2335022768443893,2.4332326360941057,0.18874797207896088,0.5905326360941057
L0000.ANS,-75.0,-179.99999,8.000085600032,2002/01/00,0,0.02,TOTAL,1.8427,0.11004,microSv/hr,ICRP Pub. 103 EFFECTIVE DOSE,-0.9659258262890683,0.25881904510252074,-1.745329251238221e-07,-0.9999999999999848,-1.062489299996,1.0447543047654284,-75.00000_-179.99999,1.1717862869576385,2.2277531854194614,0.12703198219221012,0.38505318541946143
L0000.ANS,-75.0,-170.0,8.000085600032,2002/01/00,0,0.06,TOTAL,1.8427,0.11004,microSv/hr,ICRP Pub. 103 EFFECTIVE DOSE,-0.9659258262890683,0.25881904510252074,-0.17364817766693028,-0.984807753012208,-1.062489299996,1.0447543047654284,-75.00000_-170.00000,1.171197769548562,2.2258541553385824,0.12644346478313362,0.38315415533858244
L0000.ANS,-75.0,-160.0,8.000085600032,2002/01/00,0,0.1,TOTAL,1.8427,0.11004,microSv/hr,ICRP Pub. 103 EFFECTIVE DOSE,-0.9659258262890683,0.25881904510252074,-0.3420201433256689,-0.9396926207859083,-1.062489299996,1.0447543047654284,-75.00000_-160.00000,1.1709757967028334,2.2251381827779895,0.12622149193740495,0.38243818277798947
L0000.ANS,-75.0,-150.0,8.000085600032,2002/01/00,0,0.21,TOTAL,1.8427,0.11004,microSv/hr,ICRP Pub. 103 EFFECTIVE DOSE,-0.9659258262890683,0.25881904510252074,-0.49999999999999994,-0.8660254037844387,-1.062489299996,1.0447543047654284,-75.00000_-150.00000,1.1711271137197827,2.2256262379916554,0.12637280895435432,0.38292623799165537
L0000.ANS,-75.0,-140.0,8.000085600032,2002/01/00,0,0.28,TOTAL,1.8427,0.11004,microSv/hr,ICRP Pub. 103 EFFECTIVE DOSE,-0.9659258262890683,0.25881904510252074,-0.6427876096865395,-0.7660444431189779,-1.062489299996,1.0447543047654284,-75.00000_-140.00000,1.1716471229084204,2.227304029470207,0.12689281814299203,0.3846040294702069
L0000.ANS,-75.0,-130.0,8.000085600032,2002/01/00,0,0.4,TOTAL,1.8427,0.11004,microSv/hr,ICRP Pub. 103 EFFECTIVE DOSE,-0.9659258262890683,0.25881904510252074,-0.766044443118978,-0.6427876096865394,-1.062489299996,1.0447543047654284,-75.00000_-130.00000,1.1725200240526867,2.2301223767407508,0.12776571928725833,0.38742237674075075
L0000.ANS,-75.0,-120.0,8.000085600032,2002/01/00,0,0.5,TOTAL,1.8427,0.11004,microSv/hr,ICRP Pub. 103 EFFECTIVE DOSE,-0.9659258262890683,0.25881904510252074,-0.8660254037844387,-0.4999999999999998,-1.062489299996,1.0447543047654284,-75.00000_-120.00000,1.1737192944930226,2.2339984908157917,0.12896498972759418,0.3912984908157917
L0000.ANS,-75.0,-110.0,8.000085600032,2002/01/00,0,0.62,TOTAL,1.8427,0.11004,microSv/hr,ICRP Pub. 103 EFFECTIVE DOSE,-0.9659258262890683,0.25881904510252074,-0.9396926207859084,-0.3420201433256687,-1.062489299996,1.0447543047654284,-75.00000_-110.00000,1.1752084950039585,2.2388181508500526,0.1304541902385301,0.39611815085005264
L0000.ANS,-75.0,-100.0,8.000085600032,2002/01/00,0,0.73,TOTAL,1.8427,0.11004,microSv/hr,ICRP Pub. 103 EFFECTIVE DOSE,-0.9659258262890683,0.25881904510252074,-0.984807753012208,-0.1736481776669303,-1.062489299996,1.0447543047654284,-75.00000_-100.00000,1.1769423769815415,2.2444387505906542,0.13218807221611306,0.4017387505906542
L0000.ANS,-75.0,-90.0,8.000085600032,2002/01/00,0,0.81,TOTAL,1.8427,0.11004,microSv/hr,ICRP Pub. 103 EFFECTIVE DOSE,-0.9659258262890683,0.25881904510252074,-1.0,6.123233995736766e-17,-1.062489299996,1.0447543047654284,-75.00000_-90.00000,1.1788682572992693,2.250693172022913,0.13411395253384084,0.40799317202291285
L0000.ANS,-75.0,-80.0,8.000085600032,2002/01/00,0,0.87,TOTAL,1.8426,0.11004,microSv/hr,ICRP Pub. 103 EFFECTIVE DOSE,-0.9659258262890683,0.25881904510252074,-0.984807753012208,0.17364817766693041,-1.062489299996,1.0447191263227744,-75.00000_-80.00000,1.18092761905823,2.2573944230131877,0.13620849273545566,0.4147944230131877
L0000.ANS,-75.0,-70.0,8.000085600032,2002/01/00,0,0.9,TOTAL,1.8426,0.11004,microSv/hr,ICRP Pub. 103 EFFECTIVE DOSE,-0.9659258262890683,0.25881904510252074,-0.9396926207859083,0.3420201433256688,-1.062489299996,1.0447191263227744,-75.00000_-70.00000,1.1830578895934654,2.264340950738865,0.13833876327069095,0.4217409507388652
L0000.ANS,-75.0,-60.0,8.000085600032,2002/01/00,0,0.93,TOTAL,1.8425,0.11004,microSv/hr,ICRP Pub. 103 EFFECTIVE DOSE,-0.9659258262890683,0.25881904510252074,-0.8660254037844386,0.5000000000000001,-1.062489299996,1.0446839466425542,-75.00000_-60.00000,1.185194341712731,2.2713225141134408,0.14051039507017693,0.42882251411344074
L0000.ANS,-75.0,-50.0,8.000085600032,2002/01/00,0,0.89,TOTAL,1.8426,0.11004,microSv/hr,ICRP Pub. 103 EFFECTIVE DOSE,-0.9659258262890683,0.25881904510252074,-0.766044443118978,0.6427876096865394,-1.062489299996,1.0447191263227744,-75.00000_-50.00000,1.18727206039948,2.278126467934722,0.14255293407670555,0.43552646793472194
L0000.ANS,-75.0,-40.0,8.000085600032,2002/01/00,0,0.82,TOTAL,1.8426,0.11004,microSv/hr,ICRP Pub. 103 EFFECTIVE DOSE,-0.9659258262890683,0.25881904510252074,-0.6427876096865393,0.766044443118978,-1.062489299996,1.0447191263227744,-75.00000_-40.00000,1.1892279152227916,2.284544281508399,0.14450878890001717,0.44194428150839915
L0000.ANS,-75.0,-30.0,8.000085600032,2002/01/00,0,0.76,TOTAL,1.8427,0.11004,microSv/hr,ICRP Pub. 103 EFFECTIVE DOSE,-0.9659258262890683,0.25881904510252074,-0.49999999999999994,0.8660254037844387,-1.062489299996,1.0447543047654284,-75.00000_-30.00000,1.19100247852357,2.2903780879486275,0.1462481737581416,0.4476780879486275
L0000.ANS,-75.0,-20.0,8.000085600032,2002/01/00,0,0.68,TOTAL,1.8427,0.11004,microSv/hr,ICRP Pub. 103 EFFECTIVE DOSE,-0.9659258262890683,0.25881904510252074,-0.3420201433256687,0.9396926207859084,-1.062489299996,1.0447543047654284,-75.00000_-20.00000,1.1925418310938933,2.2954470403671623,0.14778752632846492,0.4527470403671623
L0000.ANS,-75.0,-10.0,8.000085600032,2002/01/00,0,0.59,TOTAL,1.8427,0.11004,microSv/hr,ICRP Pub. 103 EFFECTIVE DOSE,-0.9659258262890683,0.25881904510252074,-0.17364817766693033,0.984807753012208,-1.062489299996,1.0447543047654284,-75.00000_-10.00000,1.1937992004848623,2.299593240711726,0.1490448957194339,0.4568932407117259
L0000.ANS,-75.0,0.0,8.000085600032,2002/01/00,0,0.53,TOTAL,1.8427,0.11004,microSv/hr,ICRP Pub. 103 EFFECTIVE DOSE,-0.9659258262890683,0.25881904510252074,0.0,1.0,-1.062489299996,1.0447543047654284,-75.00000_0.00000,1.194736382163792,2.30268700852966,0.14998207739836356,0.4599870085296598
L0000.ANS,-75.0,10.0,8.000085600032,2002/01/00,0,0.43,TOTAL,1.8427,0.11004,microSv/hr,ICRP Pub. 103 EFFECTIVE DOSE,-0.9659258262890683,0.25881904510252074,0.17364817766693033,0.984807753012208,-1.062489299996,1.0447543047654284,-75.00000_10.00000,1.195324900339605,2.304631271924257,0.1505705955741765,0.461931271924257
L0000.ANS,-75.0,20.0,8.000085600032,2002/01/00,0,0.34,TOTAL,1.8427,0.11004,microSv/hr,ICRP Pub. 103 EFFECTIVE DOSE,-0.9659258262890683,0.25881904510252074,0.3420201433256687,0.9396926207859084,-1.062489299996,1.0447543047654284,-75.00000_20.00000,1.1955468731853336,2.3053648917505978,0.15079256841990518,0.4626648917505978
L0000.ANS,-75.0,30.0,8.000085600032,2002/01/00,0,0.26,TOTAL,1.8427,0.11004,microSv/hr,ICRP Pub. 103 EFFECTIVE DOSE,-0.9659258262890683,0.25881904510252074,0.49999999999999994,0.8660254037844387,-1.062489299996,1.0447543047654284,-75.00000_30.00000,1.1953955561683842,2.3048647716345454,0.1506412514029558,0.4621647716345454
L0000.ANS,-75.0,40.0,8.000085600032,2002/01/00,0,0.19,TOTAL,1.8427,0.11004,microSv/hr,ICRP Pub. 103 EFFECTIVE DOSE,-0.9659258262890683,0.25881904510252074,0.6427876096865393,0.766044443118978,-1.062489299996,1.0447543047654284,-75.00000_40.00000,1.1948755469797467,2.3031466583421567,0.15012124221431833,0.4604466583421567
L0000.ANS,-75.0,50.0,8.000085600032,2002/01/00,0,0.11,TOTAL,1.8427,0.11004,microSv/hr,ICRP Pub. 103 EFFECTIVE DOSE,-0.9659258262890683,0.25881904510252074,0.766044443118978,0.6427876096865394,-1.062489299996,1.0447543047654284,-75.00000_50.00000,1.1940026458354804,2.300264595905211,0.14924834107005203,0.4575645959052108
L0000.ANS,-75.0,60.0,8.000085600032,2002/01/00,0,0.05,TOTAL,1.8427,0.11004,microSv/hr,ICRP Pub. 103 EFFECTIVE DOSE,-0.9659258262890683,0.25881904510252074,0.8660254037844386,0.5000000000000001,-1.062489299996,1.0447543047654284,-75.00000_60.00000,1.1928033753951446,2.2963090584836947,0.14804907062971617,0.4536090584836947
L0000.ANS,-75.0,70.0,8.000085600032,2002/01/00,0,0.02,TOTAL,1.8427,0.11004,microSv/hr,ICRP Pub. 103 EFFECTIVE DOSE,-0.9659258262890683,0.25881904510252074,0.9396926207859083,0.3420201433256688,-1.062489299996,1.0447543047654284,-75.00000_70.00000,1.1913141748842087,2.291403846678093,0.14655987011878024,0.4487038466780928
L0000.ANS,-75.0,80.0,8.000085600032,2002/01/00,0,0.0,TOTAL,1.8427,0.11004,microSv/hr,ICRP Pub. 103 EFFECTIVE DOSE,-0.9659258262890683,0.25881904510252074,0.984807753012208,0.17364817766693041,-1.062489299996,1.0447543047654284,-75.00000_80.00000,1.1895802929066257,2.285701885559707,0.1448259881411973,0.4430018855597069
L0000.ANS,-75.0,90.0,8.000085600032,2002/01/00,0,0.0,TOTAL,1.8427,0.11004,microSv/hr,ICRP Pub. 103 EFFECTIVE DOSE,-0.9659258262890683,0.25881904510252074,1.0,6.123233995736766e-17,-1.062489299996,1.0447543047654284,-75.00000_90.00000,1.187654412588898,2.279380106417362,0.1429001078234695,0.4366801064173622
L0000.ANS,-75.0,100.0,8.000085600032,2002/01/00,0,0.0,TOTAL,1.8427,0.11004,microSv/hr,ICRP Pub. 103 EFFECTIVE DOSE,-0.9659258262890683,0.25881904510252074,0.984807753012208,-0.1736481776669303,-1.062489299996,1.0447543047654284,-75.00000_100.00000,1.185595050829937,2.272633625539775,0.1408407460645087,0.429933625539775
L0000.ANS,-75.0,110.0,8.000085600032,2002/01/00,0,0.0,TOTAL,1.8427,0.11004,microSv/hr,ICRP Pub. 103 EFFECTIVE DOSE,-0.9659258262890683,0.25881904510252074,0.9396926207859084,-0.3420201433256687,-1.062489299996,1.0447543047654284,-75.00000_110.00000,1.1834647802947016,2.265669450976253,0.13871047552927318,0.42296945097625316
L0000.ANS,-75.0,120.0,8.000085600032,2002/01/00,0,0.0,TOTAL,1.8427,0.11004,microSv/hr,ICRP Pub. 103 EFFECTIVE DOSE,-0.9659258262890683,0.25881904510252074,0.8660254037844387,-0.4999999999999998,-1.062489299996,1.0447543047654284,-75.00000_120.00000,1.181328328175436,2.258699952208082,0.13657402341000768,0.41599995220808217
L0000.ANS,-75.0,130.0,8.000085600032,2002/01/00,0,0.0,TOTAL,1.8427,0.11004,microSv/hr,ICRP Pub. 103 EFFECTIVE DOSE,-0.9659258262890683,0.25881904510252074,0.766044443118978,-0.6427876096865394,-1.062489299996,1.0447543047654284,-75.00000_130.00000,1.1792506094886872,2.251936319319262,0.1344963047232588,0.40923631931926185
L0000.ANS,-75.0,140.0,8.000085600032,2002/01/00,0,0.0,TOTAL,1.8427,0.11004,microSv/hr,ICRP Pub. 103 EFFECTIVE DOSE,-0.9659258262890683,0.25881904510252074,0.6427876096865395,-0.7660444431189779,-1.062489299996,1.0447543047654284,-75.00000_140.00000,1.1772947546653756,2.245582219857623,0.13254044989994718,0.40288221985762296
L0000.ANS,-75.0,150.0,8.000085600032,2002/01/00,0,0.0,TOTAL,1.8427,0.11004,microSv/hr,ICRP Pub. 103 EFFECTIVE DOSE,-0.9659258262890683,0.25881904510252074,0.49999999999999994,-0.8660254037844387,-1.062489299996,1.0447543047654284,-75.00000_150.00000,1.1755201913645972,2.2398278360298667,0.13076588659916877,0.3971278360298667
L0000.ANS,-75.0,160.0,8.000085600032,2002/01/00,0,0.0,TOTAL,1.8427,0.11004,microSv/hr,ICRP Pub. 103 EFFECTIVE DOSE,-0.9659258262890683,0.25881904510252074,0.3420201433256689,-0.9396926207859083,-1.062489299996,1.0447543047654284,-75.00000_160.00000,1.1739808387942738,2.234844435312479,0.12922653402884543,0.3921444353124788
L0000.ANS,-75.0,170.0,8.000085600032,2002/01/00,0,0.0,TOTAL,1.8427,0.11004,microSv/hr,ICRP Pub. 103 EFFECTIVE DOSE,-0.9659258262890683,0.25881904510252074,0.17364817766693028,-0.984807753012208,-1.062489299996,1.0447543047654284,-75.00000_170.00000,1.1727234694033049,2.2307795969721593,0.12796916463787644,0.3880795969721593
L0000.ANS,-70.0,-179.99999,8.000085600032,2002/01/00,0,0.06,TOTAL,1.8427,0.11004,microSv/hr,ICRP Pub. 103 EFFECTIVE DOSE,-0.9396926207859083,0.3420201433256688,-1.745329251238221e-07,-0.9999999999999848,-1.062489299996,1.0447543047654284,-70.00000_-179.99999,1.1122111341704923,2.041075191099844,0.06745682940506392,0.19837519109984414
L0000.ANS,-70.0,-170.0,8.000085600032,2002/01/00,0,0.15,TOTAL,1.8427,0.11004,microSv/hr,ICRP Pub. 103 EFFECTIVE DOSE,-0.9396926207859083,0.3420201433256688,-0.17364817766693028,-0.984807753012208,-1.062489299996,1.0447543047654284,-70.00000_-170.00000,1.1116226167614158,2.0392859919466373,0.06686831199598742,0.19658599194663728
L0000.ANS,-70.0,-160.0,8.000085600032,2002/01/00,0,0.24,TOTAL,1.8427,0.11004,microSv/hr,ICRP Pub. 103 EFFECTIVE DOSE,-0.9396926207859083,0.3420201433256688,-0.3420201433256689,-0.9396926207859083,-1.062489299996,1.0447543047654284,-70.00000_-160.00000,1.1114006439156872,2.038611427856247,0.06664633915025875,0.19591142785624682
L0000.ANS,-70.0,-150.0,8.000085600032,2002/01/00,0,0.37,TOTAL,1.8427,0.11004,microSv/hr,ICRP Pub. 103 EFFECTIVE DOSE,-0.9396926207859083,0.3420201433256688,-0.49999999999999994,-0.8660254037844387,-1.062489299996,1.0447543047654284,-70.00000_-150.00000,1.1115519609326365,2.039071256262232,0.06679765616720812,0.19637125626223217
L0000.ANS,-70.0,-140.0,8.000085600032,2002/01/00,0,0.53,TOTAL,1.8427,0.11004,microSv/hr,ICRP Pub. 103 EFFECTIVE DOSE,-0.9396926207859083,0.3420201433256688,-0.6427876096865395,-0.7660444431189779,-1.062489299996,1.0447543047654284,-70.00000_-140.00000,1.112071970121274,2.0406520122086,0.0673176653558456,0.19795201220860004
L0000.ANS,-70.0,-130.0,8.000085600032,2002/01/00,0,0.71,TOTAL,1.8427,0.11004,microSv/hr,ICRP Pub. 103 EFFECTIVE DOSE,-0.9396926207859083,0.3420201433256688,-0.766044443118978,-0.6427876096865394,-1.062489299996,1.0447543047654284,-70.00000_-130.00000,1.1129448712655403,2.043307359588651,0.0681905665001119,0.20060735958865084
L0000.ANS,-70.0,-120.0,8.000085600032,2002/01/00,0,0.89,TOTAL,1.8426,0.11004,microSv/hr,ICRP Pub. 103 EFFECTIVE DOSE,-0.9396926207859083,0.3420201433256688,-0.8660254037844387,-0.4999999999999998,-1.062489299996,1.0447191263227744,-70.00000_-120.00000,1.1141441417058762,2.046959297538779,0.06942501538310175,0.20435929753877913
L0000.ANS,-70.0,-110.0,8.000085600032,2002/01/00,0,1.09,TOTAL,1.8416,0.11004,microSv/hr,ICRP Pub. 103 EFFECTIVE DOSE,-0.9396926207859083,0.3420201433256688,-0.9396926207859084,-0.3420201433256687,-1.062489299996,1.044367273815714,-70.00000_-110.00000,1.115633342216812,2.051500211207747,0.07126606840109817,0.20990021120774727
L0000.ANS,-70.0,-100.0,8.000085600032,2002/01/00,0,1.28,TOTAL,1.8405,0.11004,microSv/hr,ICRP Pub. 103 EFFECTIVE DOSE,-0.9396926207859083,0.3420201433256688,-0.984807753012208,-0.1736481776669303,-1.062489299996,1.0439800930150445,-70.00000_-100.00000,1.117367224194395,2.0567957420145815,0.07338713117935058,0.21629574201458146
L0000.ANS,-70.0,-90.0,8.000085600032,2002/01/00,0,1.42,TOTAL,1.8384,0.11003,microSv/hr,ICRP Pub. 103 EFFECTIVE DOSE,-0.9396926207859083,0.3420201433256688,-1.0,6.123233995736766e-17,-1.062489299996,1.0432405131331233,-70.00000_-90.00000,1.1192931045121228,2.062688437260997,0.07605259137899956,0.2242884372609968
L0000.ANS,-70.0,-80.0,8.000085600032,2002/01/00,0,1.53,TOTAL,1.8352,0.11001,microSv/hr,ICRP Pub. 103 EFFECTIVE DOSE,-0.9396926207859083,0.3420201433256688,-0.984807753012208,0.17364817766693041,-1.062489299996,1.0421124814286247,-70.00000_-80.00000,1.1213524662710839,2.069002119554897,0.0792399848424592,0.23380211955489694
L0000.ANS,-70.0,-70.0,8.000085600032,2002/01/00,0,1.53,TOTAL,1.8352,0.11001,microSv/hr,ICRP Pub. 103 EFFECTIVE DOSE,-0.9396926207859083,0.3420201433256688,-0.9396926207859083,0.3420201433256688,-1.062489299996,1.0421124814286247,-70.00000_-70.00000,1.1234827368063192,2.075546892936663,0.08137025537769449,0.240346892936663
L0000.ANS,-70.0,-60.0,8.000085600032,2002/01/00,0,1.55,TOTAL,1.8347,0.11001,microSv/hr,ICRP Pub. 103 EFFECTIVE DOSE,-0.9396926207859083,0.3420201433256688,-0.8660254037844386,0.5000000000000001,-1.062489299996,1.041936111474553,-70.00000_-60.00000,1.1256191889255847,2.082124675670925,0.08368307745103176,0.24742467567092485
L0000.ANS,-70.0,-50.0,8.000085600032,2002/01/00,0,1.42,TOTAL,1.8383,0.11003,microSv/hr,ICRP Pub. 103 EFFECTIVE DOSE,-0.9396926207859083,0.3420201433256688,-0.766044443118978,0.6427876096865394,-1.062489299996,1.0432052813963713,-70.00000_-50.00000,1.1276969076123335,2.0885351209493166,0.08449162621596229,0.25023512094931655
L0000.ANS,-70.0,-40.0,8.000085600032,2002/01/00,0,1.35,TOTAL,1.8398,0.11004,microSv/hr,ICRP Pub. 103 EFFECTIVE DOSE,-0.9396926207859083,0.3420201433256688,-0.6427876096865393,0.766044443118978,-1.062489299996,1.0437336271581203,-70.00000_-40.00000,1.1296527624356452,2.0945817585076583,0.08591913527752482,0.25478175850765816
L0000.ANS,-70.0,-30.0,8.000085600032,2002/01/00,0,1.23,TOTAL,1.8409,0.11004,microSv/hr,ICRP Pub. 103 EFFECTIVE DOSE,-0.9396926207859083,0.3420201433256688,-0.49999999999999994,0.8660254037844387,-1.062489299996,1.04412090337892,-70.00000_-30.00000,1.1314273257364236,2.100078165145935,0.08730642235750352,0.25917816514593506
L0000.ANS,-70.0,-20.0,8.000085600032,2002/01/00,0,1.06,TOTAL,1.8419,0.11004,microSv/hr,ICRP Pub. 103 EFFECTIVE DOSE,-0.9396926207859083,0.3420201433256688,-0.3420201433256687,0.9396926207859084,-1.062489299996,1.0444728425674614,-70.00000_-20.00000,1.132966678306747,2.1048539533054833,0.08849383573928549,0.2629539533054832
L0000.ANS,-70.0,-10.0,8.000085600032,2002/01/00,0,0.92,TOTAL,1.8425,0.11004,microSv/hr,ICRP Pub. 103 EFFECTIVE DOSE,-0.9396926207859083,0.3420201433256688,-0.17364817766693033,0.984807753012208,-1.062489299996,1.0446839466425542,-70.00000_-10.00000,1.1342240476977161,2.108760357011362,0.08954010105516197,0.26626035701136197
L0000.ANS,-70.0,0.0,8.000085600032,2002/01/00,0,0.79,TOTAL,1.8427,0.11004,microSv/hr,ICRP Pub. 103 EFFECTIVE DOSE,-0.9396926207859083,0.3420201433256688,0.0,1.0,-1.062489299996,1.0447543047654284,-70.00000_0.00000,1.1351612293766458,2.111675195915601,0.09040692461121735,0.26897519591560104
L0000.ANS,-70.0,10.0,8.000085600032,2002/01/00,0,0.67,TOTAL,1.8427,0.11004,microSv/hr,ICRP Pub. 103 EFFECTIVE DOSE,-0.9396926207859083,0.3420201433256688,0.17364817766693033,0.984807753012208,-1.062489299996,1.0447543047654284,-70.00000_10.00000,1.1357497475524587,2.113507012301371,0.09099544278703031,0.27080701230137083
L0000.ANS,-70.0,20.0,8.000085600032,2002/01/00,0,0.55,TOTAL,1.8427,0.11004,microSv/hr,ICRP Pub. 103 EFFECTIVE DOSE,-0.9396926207859083,0.3420201433256688,0.3420201433256687,0.9396926207859084,-1.062489299996,1.0447543047654284,-70.00000_20.00000,1.1359717203981874,2.1141982030230357,0.09121741563275898,0.27149820302303573
L0000.ANS,-70.0,30.0,8.000085600032,2002/01/00,0,0.44,TOTAL,1.8427,0.11004,microSv/hr,ICRP Pub. 103 EFFECTIVE DOSE,-0.9396926207859083,0.3420201433256688,0.49999999999999994,0.8660254037844387,-1.062489299996,1.0447543047654284,-70.00000_30.00000,1.135820403381238,2.1137270074916152,0.09106609861580961,0.27102700749161523
L0000.ANS,-70.0,40.0,8.000085600032,2002/01/00,0,0.34,TOTAL,1.8427,0.11004,microSv/hr,ICRP Pub. 103 EFFECTIVE DOSE,-0.9396926207859083,0.3420201433256688,0.6427876096865393,0.766044443118978,-1.062489299996,1.0447543047654284,-70.00000_40.00000,1.1353003941926003,2.112108261754616,0.0905460894271719,0.26940826175461585
L0000.ANS,-70.0,50.0,8.000085600032,2002/01/00,0,0.22,TOTAL,1.8427,0.11004,microSv/hr,ICRP Pub. 103 EFFECTIVE DOSE,-0.9396926207859083,0.3420201433256688,0.766044443118978,0.6427876096865394,-1.062489299996,1.0447543047654284,-70.00000_50.00000,1.134427493048334,2.109392884192357,0.0896731882829056,0.2666928841923568
L0000.ANS,-70.0,60.0,8.000085600032,2002/01/00,0,0.13,TOTAL,1.8427,0.11004,microSv/hr,ICRP Pub. 103 EFFECTIVE DOSE,-0.9396926207859083,0.3420201433256688,0.8660254037844386,0.5000000000000001,-1.062489299996,1.0447543047654284,-70.00000_60.00000,1.1332282226079982,2.1056661163668684,0.08847391784256975,0.2629661163668684
L0000.ANS,-70.0,70.0,8.000085600032,2002/01/00,0,0.06,TOTAL,1.8427,0.11004,microSv/hr,ICRP Pub. 103 EFFECTIVE DOSE,-0.9396926207859083,0.3420201433256688,0.9396926207859083,0.3420201433256688,-1.062489299996,1.0447543047654284,-70.00000_70.00000,1.1317390220970625,2.1010445988368147,0.08698471733163404,0.2583445988368147
L0000.ANS,-70.0,80.0,8.000085600032,2002/01/00,0,0.02,TOTAL,1.8427,0.11004,microSv/hr,ICRP Pub. 103 EFFECTIVE DOSE,-0.9396926207859083,0.3420201433256688,0.984807753012208,0.17364817766693041,-1.062489299996,1.0447543047654284,-70.00000_80.00000,1.1300051401194795,2.0956724122098844,0.08525083535405109,0.2529724122098844
L0000.ANS,-70.0,90.0,8.000085600032,2002/01/00,0,0.0,TOTAL,1.8427,0.11004,microSv/hr,ICRP Pub. 103 EFFECTIVE DOSE,-0.9396926207859083,0.3420201433256688,1.0,6.123233995736766e-17,-1.062489299996,1.0447543047654284,-70.00000_90.00000,1.1280792598017517,2.0897162549050945,0.08332495503632331,0.2470162549050945
L0000.ANS,-70.0,100.0,8.000085600032,2002/01/00,0,0.0,TOTAL,1.8427,0.11004,microSv/hr,ICRP Pub. 103 EFFECTIVE DOSE,-0.9396926207859083,0.3420201433256688,0.984807753012208,-0.1736481776669303,-1.062489299996,1.0447543047654284,-70.00000_100.00000,1.1260198980427907,2.0833599586068705,0.08126559327736227,0.2406599586068705
L0000.ANS,-70.0,110.0,8.000085600032,2002/01/00,0,0.0,TOTAL,1.8427,0.11004,microSv/hr,ICRP Pub. 103 EFFECTIVE DOSE,-0.9396926207859083,0.3420201433256688,0.9396926207859084,-0.3420201433256687,-1.062489299996,1.0447543047654284,-70.00000_110.00000,1.1238896275075554,2.0767985589969866,0.07913532274212698,0.23409855899698662
L0000.ANS,-70.0,120.0,8.000085600032,2002/01/00,0,0.0,TOTAL,1.8427,0.11004,microSv/hr,ICRP Pub. 103 EFFECTIVE DOSE,-0.9396926207859083,0.3420201433256688,0.8660254037844387,-0.4999999999999998,-1.062489299996,1.0447543047654284,-70.00000_120.00000,1.1217531753882897,2.070232143109294,0.07699887062286126,0.22753214310929404
L0000.ANS,-70.0,130.0,8.000085600032,2002/01/00,0,0.0,TOTAL,1.8427,0.11004,microSv/hr,ICRP Pub. 103 EFFECTIVE DOSE,-0.9396926207859083,0.3420201433256688,0.766044443118978,-0.6427876096865394,-1.062489299996,1.0447543047654284,-70.00000_130.00000,1.119675456701541,2.0638596867911314,0.0749211519361126,0.2211596867911314
L0000.ANS,-70.0,140.0,8.000085600032,2002/01/00,0,0.0,TOTAL,1.8427,0.11004,microSv/hr,ICRP Pub. 103 EFFECTIVE DOSE,-0.9396926207859083,0.3420201433256688,0.6427876096865395,-0.7660444431189779,-1.062489299996,1.0447543047654284,-70.00000_140.00000,1.1177196018782292,2.057873078421613,0.07296529711280075,0.21517307842161304
L0000.ANS,-70.0,150.0,8.000085600032,2002/01/00,0,0.0,TOTAL,1.8427,0.11004,microSv/hr,ICRP Pub. 103 EFFECTIVE DOSE,-0.9396926207859083,0.3420201433256688,0.49999999999999994,-0.8660254037844387,-1.062489299996,1.0447543047654284,-70.00000_150.00000,1.115945038577451,2.0524515009671456,0.07119073381202257,0.20975150096714557
L0000.ANS,-70.0,160.0,8.000085600032,2002/01/00,0,0.0,TOTAL,1.8427,0.11004,microSv/hr,ICRP Pub. 103 EFFECTIVE DOSE,-0.9396926207859083,0.3420201433256688,0.3420201433256689,-0.9396926207859083,-1.062489299996,1.0447543047654284,-70.00000_160.00000,1.1144056860071276,2.047756316602549,0.06965138124169923,0.2050563166025492
L0000.ANS,-70.0,170.0,8.000085600032,2002/01/00,0,0.03,TOTAL,1.8427,0.11004,microSv/hr,ICRP Pub. 103 EFFECTIVE DOSE,-0.9396926207859083,0.3420201433256688,0.17364817766693028,-0.984807753012208,-1.062489299996,1.0447543047654284,-70.00000_170.00000,1.1131483166161584,2.043926569306995,0.06839401185073002,0.20122656930699478
L0000.ANS,-65.0,-179.99999,8.000085600032,2002/01/00,0,0.22,TOTAL,1.8427,0.11004,microSv/hr,ICRP Pub. 103 EFFECTIVE DOSE,-0.9063077870366499,0.42261826174069944,-1.745329251238221e-07,-0.9999999999999848,-1.062489299996,1.0447543047654284,-65.00000_-179.99999,1.0542930389224554,1.8699454967806894,0.009538734157026996,0.027245496780689438
L0000.ANS,-65.0,-170.0,8.000085600032,2002/01/00,0,0.34,TOTAL,1.8427,0.11004,microSv/hr,ICRP Pub. 103 EFFECTIVE DOSE,-0.9063077870366499,0.42261826174069944,-0.17364817766693028,-0.984807753012208,-1.062489299996,1.0447543047654284,-65.00000_-170.00000,1.053704521513379,1.868256980801993,0.00895021674795049,0.02555698080199309
L0000.ANS,-65.0,-160.0,8.000085600032,2002/01/00,0,0.5,TOTAL,1.8427,0.11004,microSv/hr,ICRP Pub. 103 EFFECTIVE DOSE,-0.9063077870366499,0.42261826174069944,-0.3420201433256689,-0.9396926207859083,-1.062489299996,1.0447543047654284,-65.00000_-160.00000,1.0534825486676502,1.8676203762947543,0.008728243902221822,0.0249203762947543
L0000.ANS,-65.0,-150.0,8.000085600032,2002/01/00,0,0.71,TOTAL,1.8427,0.11004,microSv/hr,ICRP Pub. 103 EFFECTIVE DOSE,-0.9063077870366499,0.42261826174069944,-0.49999999999999994,-0.8660254037844387,-1.062489299996,1.0447543047654284,-65.00000_-150.00000,1.0536338656845996,1.8680543288872162,0.008879560919171192,0.025354328887216226
L0000.ANS,-65.0,-140.0,8.000085600032,2002/01/00,0,0.92,TOTAL,1.8425,0.11004,microSv/hr,ICRP Pub. 103 EFFECTIVE DOSE,-0.9063077870366499,0.42261826174069944,-0.6427876096865395,-0.7660444431189779,-1.062489299996,1.0446839466425542,-65.00000_-140.00000,1.0541538748732373,1.8695461313336232,0.009469928230683156,0.027046131333623213
L0000.ANS,-65.0,-130.0,8.000085600032,2002/01/00,0,1.13,TOTAL,1.8413,0.11004,microSv/hr,ICRP Pub. 103 EFFECTIVE DOSE,-0.9063077870366499,0.42261826174069944,-0.766044443118978,-0.6427876096865394,-1.062489299996,1.0442616939180283,-65.00000_-130.00000,1.0550267760175034,1.872052054987884,0.010765082099475132,0.030752054987884136
L0000.ANS,-65.0,-120.0,8.000085600032,2002/01/00,0,1.5,TOTAL,1.8364,0.11002,microSv/hr,ICRP Pub. 103 EFFECTIVE DOSE,-0.9063077870366499,0.42261826174069944,-0.8660254037844387,-0.4999999999999998,-1.062489299996,1.0425356424477046,-65.00000_-120.00000,1.0562260464578395,1.8754984883102723,0.013690404010134882,0.039098488310272295
L0000.ANS,-65.0,-110.0,8.000085600032,2002/01/00,0,1.79,TOTAL,1.8251,0.10995,microSv/hr,ICRP Pub. 103 EFFECTIVE DOSE,-0.9063077870366499,0.42261826174069944,-0.9396926207859084,-0.3420201433256687,-1.062489299996,1.0385437622019902,-65.00000_-110.00000,1.0577152469687752,1.8797838722342424,0.019171484766784985,0.054683872234242425
L0000.ANS,-65.0,-100.0,8.000085600032,2002/01/00,0,2.02,TOTAL,1.8104,0.10974,microSv/hr,ICRP Pub. 103 EFFECTIVE DOSE,-0.9063077870366499,0.42261826174069944,-0.984807753012208,-0.1736481776669303,-1.062489299996,1.0333268219694802,-65.00000_-100.00000,1.0594491289463581,1.8847814089070007,0.026122306976877896,0.07438140890700073
L0000.ANS,-65.0,-90.0,8.000085600032,2002/01/00,0,2.31,TOTAL,1.788,0.10936,microSv/hr,ICRP Pub. 103 EFFECTIVE DOSE,-0.9063077870366499,0.42261826174069944,-1.0,6.123233995736766e-17,-1.062489299996,1.0253244928982774,-65.00000_-90.00000,1.061375009264086,1.8903425059281616,0.03605051636580847,0.10234250592816152
L0000.ANS,-65.0,-80.0,8.000085600032,2002/01/00,0,2.4,TOTAL,1.7798,0.10928,microSv/hr,ICRP Pub. 103 EFFECTIVE DOSE,-0.9063077870366499,0.42261826174069944,-0.984807753012208,0.17364817766693041,-1.062489299996,1.0223789826685206,-65.00000_-80.00000,1.063434371023047,1.8963008998937272,0.04105538835452638,0.11650089989372714
L0000.ANS,-65.0,-70.0,8.000085600032,2002/01/00,0,2.42,TOTAL,1.7785,0.10923,microSv/hr,ICRP Pub. 103 EFFECTIVE DOSE,-0.9063077870366499,0.42261826174069944,-0.9396926207859083,0.3420201433256688,-1.062489299996,1.0219112137378388,-65.00000_-70.00000,1.0655646415582822,1.902477380813838,0.04365342782044346,0.12397738081383802
L0000.ANS,-65.0,-60.0,8.000085600032,2002/01/00,0,2.36,TOTAL,1.7838,0.10932,microSv/hr,ICRP Pub. 103 EFFECTIVE DOSE,-0.9063077870366499,0.42261826174069944,-0.8660254037844386,0.5000000000000001,-1.062489299996,1.023816900811163,-65.00000_-60.00000,1.067701093677548,1.908685013559075,0.0438841928663849,0.12488501355907489
L0000.ANS,-65.0,-50.0,8.000085600032,2002/01/00,0,2.16,TOTAL,1.8,0.10964,microSv/hr,ICRP Pub. 103 EFFECTIVE DOSE,-0.9063077870366499,0.42261826174069944,-0.766044443118978,0.6427876096865394,-1.062489299996,1.0296194171811583,-65.00000_-50.00000,1.0697788123642966,1.9147347253889309,0.04015939518313827,0.11473472538893081
L0000.ANS,-65.0,-40.0,8.000085600032,2002/01/00,0,1.98,TOTAL,1.8135,0.10981,microSv/hr,ICRP Pub. 103 EFFECTIVE DOSE,-0.9063077870366499,0.42261826174069944,-0.6427876096865393,0.766044443118978,-1.062489299996,1.0344292598911966,-65.00000_-40.00000,1.0717346671876085,1.920441101963248,0.03730540729641185,0.10694110196324802
L0000.ANS,-65.0,-30.0,8.000085600032,2002/01/00,0,1.74,TOTAL,1.8273,0.10996,microSv/hr,ICRP Pub. 103 EFFECTIVE DOSE,-0.9063077870366499,0.42261826174069944,-0.49999999999999994,0.8660254037844387,-1.062489299996,1.0393221926425433,-65.00000_-30.00000,1.0735092304883866,1.9256282106299987,0.034187037845843316,0.09832821062999875
L0000.ANS,-65.0,-20.0,8.000085600032,2002/01/00,0,1.51,TOTAL,1.8359,0.11002,microSv/hr,ICRP Pub. 103 EFFECTIVE DOSE,-0.9063077870366499,0.42261826174069944,-0.3420201433256687,0.9396926207859084,-1.062489299996,1.0423593471173112,-65.00000_-20.00000,1.07504858305871,1.9301352520087152,0.03268923594139883,0.09423525200871508
L0000.ANS,-65.0,-10.0,8.000085600032,2002/01/00,0,1.32,TOTAL,1.8402,0.11004,microSv/hr,ICRP Pub. 103 EFFECTIVE DOSE,-0.9063077870366499,0.42261826174069944,-0.17364817766693033,0.984807753012208,-1.062489299996,1.0438744722287756,-65.00000_-10.00000,1.0763059524496792,1.9338218315964562,0.032431480220903586,0.0936218315964561
L0000.ANS,-65.0,0.0,8.000085600032,2002/01/00,0,1.12,TOTAL,1.8414,0.11004,microSv/hr,ICRP Pub. 103 EFFECTIVE DOSE,-0.9063077870366499,0.42261826174069944,0.0,1.0,-1.062489299996,1.0442968884558397,-65.00000_0.00000,1.0772431341286088,1.9365726444706475,0.03294624567276916,0.09517264447064755
L0000.ANS,-65.0,10.0,8.000085600032,2002/01/00,0,0.99,TOTAL,1.8423,0.11004,microSv/hr,ICRP Pub. 103 EFFECTIVE DOSE,-0.9063077870366499,0.42261826174069944,0.17364817766693033,0.984807753012208,-1.062489299996,1.044613583569066,-65.00000_10.00000,1.0778316523044218,1.938301379492608,0.03321806873535582,0.09600137949260801
L0000.ANS,-65.0,20.0,8.000085600032,2002/01/00,0,0.82,TOTAL,1.8426,0.11004,microSv/hr,ICRP Pub. 103 EFFECTIVE DOSE,-0.9063077870366499,0.42261826174069944,0.3420201433256687,0.9396926207859084,-1.062489299996,1.0447191263227744,-65.00000_20.00000,1.0780536251501505,1.9389536750046898,0.03333449882737605,0.09635367500468983
L0000.ANS,-65.0,30.0,8.000085600032,2002/01/00,0,0.67,TOTAL,1.8427,0.11004,microSv/hr,ICRP Pub. 103 EFFECTIVE DOSE,-0.9063077870366499,0.42261826174069944,0.49999999999999994,0.8660254037844387,-1.062489299996,1.0447543047654284,-65.00000_30.00000,1.077902308133201,1.9385089949463141,0.03314800336777268,0.09580899494631412
L0000.ANS,-65.0,40.0,8.000085600032,2002/01/00,0,0.51,TOTAL,1.8427,0.11004,microSv/hr,ICRP Pub. 103 EFFECTIVE DOSE,-0.9063077870366499,0.42261826174069944,0.6427876096865393,0.766044443118978,-1.062489299996,1.0447543047654284,-65.00000_40.00000,1.0773822989445634,1.9369813404996465,0.03262799417913498,0.09428134049964654
L0000.ANS,-65.0,50.0,8.000085600032,2002/01/00,0,0.39,TOTAL,1.8427,0.11004,microSv/hr,ICRP Pub. 103 EFFECTIVE DOSE,-0.9063077870366499,0.42261826174069944,0.766044443118978,0.6427876096865394,-1.062489299996,1.0447543047654284,-65.00000_50.00000,1.0765093978002973,1.9344187647272126,0.0317550930348689,0.09171876472721263
L0000.ANS,-65.0,60.0,8.000085600032,2002/01/00,0,0.28,TOTAL,1.8427,0.11004,microSv/hr,ICRP Pub. 103 EFFECTIVE DOSE,-0.9063077870366499,0.42261826174069944,0.8660254037844386,0.5000000000000001,-1.062489299996,1.0447543047654284,-65.00000_60.00000,1.0753101273599612,1.9309017124130796,0.030555822594532822,0.08820171241307961
L0000.ANS,-65.0,70.0,8.000085600032,2002/01/00,0,0.18,TOTAL,1.8427,0.11004,microSv/hr,ICRP Pub. 103 EFFECTIVE DOSE,-0.9063077870366499,0.42261826174069944,0.9396926207859083,0.3420201433256688,-1.062489299996,1.0447543047654284,-65.00000_70.00000,1.0738209268490255,1.926540260429752,0.029066622083597116,0.0838402604297519
L0000.ANS,-65.0,80.0,8.000085600032,2002/01/00,0,0.06,TOTAL,1.8427,0.11004,microSv/hr,ICRP Pub. 103 EFFECTIVE DOSE,-0.9063077870366499,0.42261826174069944,0.984807753012208,0.17364817766693041,-1.062489299996,1.0447543047654284,-65.00000_80.00000,1.0720870448714426,1.9214703815714635,0.027332740106014164,0.07877038157146354
L0000.ANS,-65.0,90.0,8.000085600032,2002/01/00,0,0.03,TOTAL,1.8427,0.11004,microSv/hr,ICRP Pub. 103 EFFECTIVE DOSE,-0.9063077870366499,0.42261826174069944,1.0,6.123233995736766e-17,-1.062489299996,1.0447543047654284,-65.00000_90.00000,1.0701611645537148,1.9158493936771068,0.025406859788286384,0.07314939367710682
L0000.ANS,-65.0,100.0,8.000085600032,2002/01/00,0,0.0,TOTAL,1.8427,0.11004,microSv/hr,ICRP Pub. 103 EFFECTIVE DOSE,-0.9063077870366499,0.42261826174069944,0.984807753012208,-0.1736481776669303,-1.062489299996,1.0447543047654284,-65.00000_100.00000,1.0681018027947538,1.9098507837148542,0.023347498029325342,0.06715078371485417
L0000.ANS,-65.0,110.0,8.000085600032,2002/01/00,0,0.0,TOTAL,1.8427,0.11004,microSv/hr,ICRP Pub. 103 EFFECTIVE DOSE,-0.9063077870366499,0.42261826174069944,0.9396926207859084,-0.3420201433256687,-1.062489299996,1.0447543047654284,-65.00000_110.00000,1.0659715322595185,1.90365861217037,0.021217227494090052,0.06095861217037002
L0000.ANS,-65.0,120.0,8.000085600032,2002/01/00,0,0.0,TOTAL,1.8427,0.11004,microSv/hr,ICRP Pub. 103 EFFECTIVE DOSE,-0.9063077870366499,0.42261826174069944,0.8660254037844387,-0.4999999999999998,-1.062489299996,1.0447543047654284,-65.00000_120.00000,1.0638350801402527,1.8974617066278745,0.019080775374824333,0.054761706627874496
L0000.ANS,-65.0,130.0,8.000085600032,2002/01/00,0,0.0,TOTAL,1.8427,0.11004,microSv/hr,ICRP Pub. 103 EFFECTIVE DOSE,-0.9063077870366499,0.42261826174069944,0.766044443118978,-0.6427876096865394,-1.062489299996,1.0447543047654284,-65.00000_130.00000,1.061757361453504,1.8914478460146065,0.01700305668807567,0.048747846014606466
L0000.ANS,-65.0,140.0,8.000085600032,2002/01/00,0,0.0,TOTAL,1.8427,0.11004,microSv/hr,ICRP Pub. 103 EFFECTIVE DOSE,-0.9063077870366499,0.42261826174069944,0.6427876096865395,-0.7660444431189779,-1.062489299996,1.0447543047654284,-65.00000_140.00000,1.0598015066301925,1.8857981206209786,0.015047201864764048,0.04309812062097862
L0000.ANS,-65.0,150.0,8.000085600032,2002/01/00,0,0.02,TOTAL,1.8427,0.11004,microSv/hr,ICRP Pub. 103 EFFECTIVE DOSE,-0.9063077870366499,0.42261826174069944,0.49999999999999994,-0.8660254037844387,-1.062489299996,1.0447543047654284,-65.00000_150.00000,1.058026943329414,1.8806816302933358,0.01327263856398564,0.03798163029333579
L0000.ANS,-65.0,160.0,8.000085600032,2002/01/00,0,0.04,TOTAL,1.8427,0.11004,microSv/hr,ICRP Pub. 103 EFFECTIVE DOSE,-0.9063077870366499,0.42261826174069944,0.3420201433256689,-0.9396926207859083,-1.062489299996,1.0447543047654284,-65.00000_160.00000,1.0564875907590907,1.8762506569115645,0.011733285993662301,0.03355065691156445
L0000.ANS,-65.0,170.0,8.000085600032,2002/01/00,0,0.09,TOTAL,1.8427,0.11004,microSv/hr,ICRP Pub. 103 EFFECTIVE DOSE,-0.9063077870366499,0.42261826174069944,0.17364817766693028,-0.984807753012208,-1.062489299996,1.0447543047654284,-65.00000_170.00000,1.0552302213681215,1.872636420066368,0.010475916602693092,0.029936420066368097
L0000.ANS,-60.0,-179.99999,8.000085600032,2002/01/00,0,0.47,TOTAL,1.8427,0.11004,microSv/hr,ICRP Pub. 103 EFFECTIVE DOSE,-0.8660254037844386,0.5000000000000001,-1.745329251238221e-07,-0.9999999999999848,-1.062489299996,1.0447543047654284,-60.00000_-179.99999,0.9984727928902672,1.7141336175192459,-0.04628151187516116,-0.12856638248075414
L0000.ANS,-60.0,-170.0,8.000085600032,2002/01/00,0,0.66,TOTAL,1.8427,0.11004,microSv/hr,ICRP Pub. 103 EFFECTIVE DOSE,-0.8660254037844386,0.5000000000000001,-0.17364817766693028,-0.984807753012208,-1.062489299996,1.0447543047654284,-60.00000_-170.00000,0.9978842754811907,1.7125367725663925,-0.04687002928423767,-0.13016322743360753
L0000.ANS,-60.0,-160.0,8.000085600032,2002/01/00,0,0.89,TOTAL,1.8426,0.11004,microSv/hr,ICRP Pub. 103 EFFECTIVE DOSE,-0.8660254037844386,0.5000000000000001,-0.3420201433256689,-0.9396926207859083,-1.062489299996,1.0447191263227744,-60.00000_-160.00000,0.9976623026354621,1.7119347298808782,-0.047056823687312344,-0.13066527011912177
L0000.ANS,-60.0,-150.0,8.000085600032,2002/01/00,0,1.18,TOTAL,1.8411,0.11004,microSv/hr,ICRP Pub. 103 EFFECTIVE DOSE,-0.8660254037844386,0.5000000000000001,-0.49999999999999994,-0.8660254037844387,-1.062489299996,1.0441913011262212,-60.00000_-150.00000,0.9978136196524114,1.7123451228032986,-0.04637768147380972,-0.1287548771967013
L0000.ANS,-60.0,-140.0,8.000085600032,2002/01/00,0,1.53,TOTAL,1.8354,0.11002,microSv/hr,ICRP Pub. 103 EFFECTIVE DOSE,-0.8660254037844386,0.5000000000000001,-0.6427876096865395,-0.7660444431189779,-1.062489299996,1.042183020701394,-60.00000_-140.00000,0.9983336288410491,1.713755933975508,-0.043849391860344866,-0.12164406602449196
L0000.ANS,-60.0,-130.0,8.000085600032,2002/01/00,0,1.9,TOTAL,1.8185,0.10986,microSv/hr,ICRP Pub. 103 EFFECTIVE DOSE,-0.8660254037844386,0.5000000000000001,-0.766044443118978,-0.6427876096865394,-1.062489299996,1.0362048285394927,-60.00000_-130.00000,0.9992065299853152,1.7161258088182867,-0.03699829855417747,-0.10237419118171331
L0000.ANS,-60.0,-120.0,8.000085600032,2002/01/00,0,2.26,TOTAL,1.792,0.10943,microSv/hr,ICRP Pub. 103 EFFECTIVE DOSE,-0.8660254037844386,0.5000000000000001,-0.8660254037844387,-0.4999999999999998,-1.062489299996,1.026758184900126,-60.00000_-120.00000,1.0004058004256513,1.719385132227503,-0.026352384474474633,-0.07261486777249693
L0000.ANS,-60.0,-110.0,8.000085600032,2002/01/00,0,2.68,TOTAL,1.7543,0.10865,microSv/hr,ICRP Pub. 103 EFFECTIVE DOSE,-0.8660254037844386,0.5000000000000001,-0.9396926207859084,-0.3420201433256687,-1.062489299996,1.013163326835627,-60.00000_-110.00000,1.001895000936587,1.7234378588681554,-0.011268325899040033,-0.0308621411318446
L0000.ANS,-60.0,-100.0,8.000085600032,2002/01/00,0,3.05,TOTAL,1.7174,0.1075,microSv/hr,ICRP Pub. 103 EFFECTIVE DOSE,-0.8660254037844386,0.5000000000000001,-0.984807753012208,-0.1736481776669303,-1.062489299996,0.9996755408080862,-60.00000_-100.00000,1.00362888291417,1.7281640748550213,0.003953342106083779,0.010764074855021288
L0000.ANS,-60.0,-90.0,8.000085600032,2002/01/00,0,3.53,TOTAL,1.6656,0.10571,microSv/hr,ICRP Pub. 103 EFFECTIVE DOSE,-0.8660254037844386,0.5000000000000001,-1.0,6.123233995736766e-17,-1.062489299996,0.9804291729903865,-60.00000_-90.00000,1.0055547632318977,1.7334232550005502,0.025125590241511286,0.0678232550005502
L0000.ANS,-60.0,-80.0,8.000085600032,2002/01/00,0,3.67,TOTAL,1.6493,0.10548,microSv/hr,ICRP Pub. 103 EFFECTIVE DOSE,-0.8660254037844386,0.5000000000000001,-0.984807753012208,0.17364817766693041,-1.062489299996,0.9742954541607292,-60.00000_-80.00000,1.0076141249908588,1.7390581624879942,0.033318670830129626,0.08975816248799418
L0000.ANS,-60.0,-70.0,8.000085600032,2002/01/00,0,3.6,TOTAL,1.6574,0.10555,microSv/hr,ICRP Pub. 103 EFFECTIVE DOSE,-0.8660254037844386,0.5000000000000001,-0.9396926207859083,0.3420201433256688,-1.062489299996,0.9773482011750705,-60.00000_-70.00000,1.009744395526094,1.74489931679634,0.03239619435102359,0.08749931679634004
L0000.ANS,-60.0,-60.0,8.000085600032,2002/01/00,0,3.38,TOTAL,1.6818,0.10634,microSv/hr,ICRP Pub. 103 EFFECTIVE DOSE,-0.8660254037844386,0.5000000000000001,-0.8660254037844386,0.5000000000000001,-1.062489299996,0.9864882108634047,-60.00000_-60.00000,1.0118808476453598,1.7507699316696748,0.025392636781955136,0.0689699316696748
L0000.ANS,-60.0,-50.0,8.000085600032,2002/01/00,0,3.14,TOTAL,1.7082,0.10718,microSv/hr,ICRP Pub. 103 EFFECTIVE DOSE,-0.8660254037844386,0.5000000000000001,-0.766044443118978,0.6427876096865394,-1.062489299996,0.9962842075665865,-60.00000_-50.00000,1.0139585663321085,1.7564911992937933,0.017674358765521925,0.04829119929379333
L0000.ANS,-60.0,-40.0,8.000085600032,2002/01/00,0,2.73,TOTAL,1.7504,0.10848,microSv/hr,ICRP Pub. 103 EFFECTIVE DOSE,-0.8660254037844386,0.5000000000000001,-0.6427876096865393,0.766044443118978,-1.062489299996,1.0117463556464477,-60.00000_-40.00000,1.0159144211554203,1.7618877716370493,0.00416806550897264,0.011487771637049393
L0000.ANS,-60.0,-30.0,8.000085600032,2002/01/00,0,2.34,TOTAL,1.7852,0.10933,microSv/hr,ICRP Pub. 103 EFFECTIVE DOSE,-0.8660254037844386,0.5000000000000001,-0.49999999999999994,0.8660254037844387,-1.062489299996,1.0243196840862545,-60.00000_-30.00000,1.0176889844561985,1.7667932675866922,-0.006630699630056025,-0.018406732413307703
L0000.ANS,-60.0,-20.0,8.000085600032,2002/01/00,0,2.0,TOTAL,1.8118,0.10977,microSv/hr,ICRP Pub. 103 EFFECTIVE DOSE,-0.8660254037844386,0.5000000000000001,-0.3420201433256687,0.9396926207859084,-1.062489299996,1.03382484766367,-60.00000_-20.00000,1.0192283370265218,1.7710556177028343,-0.014596510637148175,-0.040744382297165815
L0000.ANS,-60.0,-10.0,8.000085600032,2002/01/00,0,1.76,TOTAL,1.8262,0.10996,microSv/hr,ICRP Pub. 103 EFFECTIVE DOSE,-0.8660254037844386,0.5000000000000001,-0.17364817766693033,0.984807753012208,-1.062489299996,1.0389330531665086,-60.00000_-10.00000,1.020485706417491,1.774542049624267,-0.0184473467490176,-0.051657950375733064
L0000.ANS,-60.0,0.0,8.000085600032,2002/01/00,0,1.51,TOTAL,1.8361,0.11002,microSv/hr,ICRP Pub. 103 EFFECTIVE DOSE,-0.8660254037844386,0.5000000000000001,0.0,1.0,-1.062489299996,1.0424298689791176,-60.00000_0.00000,1.0214228880964207,1.7771435184346405,-0.021006980882696924,-0.0589564815653596
L0000.ANS,-60.0,10.0,8.000085600032,2002/01/00,0,1.31,TOTAL,1.8402,0.11004,microSv/hr,ICRP Pub. 103 EFFECTIVE DOSE,-0.8660254037844386,0.5000000000000001,0.17364817766693033,0.984807753012208,-1.062489299996,1.0438744722287756,-60.00000_10.00000,1.0220114062722336,1.7787783989033288,-0.02186306595654197,-0.061421601096671274
L0000.ANS,-60.0,20.0,8.000085600032,2002/01/00,0,1.14,TOTAL,1.8413,0.11004,microSv/hr,ICRP Pub. 103 EFFECTIVE DOSE,-0.8660254037844386,0.5000000000000001,0.3420201433256687,0.9396926207859084,-1.062489299996,1.0442616939180283,-60.00000_20.00000,1.0222333791179623,1.7793952807151554,-0.02202831480006595,-0.061904719284844534
L0000.ANS,-60.0,30.0,8.000085600032,2002/01/00,0,1.01,TOTAL,1.8422,0.11004,microSv/hr,ICRP Pub. 103 EFFECTIVE DOSE,-0.8660254037844386,0.5000000000000001,0.49999999999999994,0.8660254037844387,-1.062489299996,1.0445784001756242,-60.00000_30.00000,1.022082062101013,1.7789747427304334,-0.022496338074611266,-0.06322525726956663
L0000.ANS,-60.0,40.0,8.000085600032,2002/01/00,0,0.81,TOTAL,1.8427,0.11004,microSv/hr,ICRP Pub. 103 EFFECTIVE DOSE,-0.8660254037844386,0.5000000000000001,0.6427876096865393,0.766044443118978,-1.062489299996,1.0447543047654284,-60.00000_40.00000,1.0215620529123755,1.7775300259947664,-0.02319225185305296,-0.06516997400523361
L0000.ANS,-60.0,50.0,8.000085600032,2002/01/00,0,0.64,TOTAL,1.8427,0.11004,microSv/hr,ICRP Pub. 103 EFFECTIVE DOSE,-0.8660254037844386,0.5000000000000001,0.766044443118978,0.6427876096865394,-1.062489299996,1.0447543047654284,-60.00000_50.00000,1.0206891517681091,1.7751065747274142,-0.02406515299731926,-0.06759342527258583
L0000.ANS,-60.0,60.0,8.000085600032,2002/01/00,0,0.49,TOTAL,1.8427,0.11004,microSv/hr,ICRP Pub. 103 EFFECTIVE DOSE,-0.8660254037844386,0.5000000000000001,0.8660254037844386,0.5000000000000001,-1.062489299996,1.0447543047654284,-60.00000_60.00000,1.019489881327773,1.7717804662939718,-0.025264423437655337,-0.07091953370602821
L0000.ANS,-60.0,70.0,8.000085600032,2002/01/00,0,0.34,TOTAL,1.8427,0.11004,microSv/hr,ICRP Pub. 103 EFFECTIVE DOSE,-0.8660254037844386,0.5000000000000001,0.9396926207859083,0.3420201433256688,-1.062489299996,1.0447543047654284,-60.00000_70.00000,1.0180006808168374,1.7676558013961805,-0.026753623948591043,-0.0750441986038195
L0000.ANS,-60.0,80.0,8.000085600032,2002/01/00,0,0.21,TOTAL,1.8427,0.11004,microSv/hr,ICRP Pub. 103 EFFECTIVE DOSE,-0.8660254037844386,0.5000000000000001,0.984807753012208,0.17364817766693041,-1.062489299996,1.0447543047654284,-60.00000_80.00000,1.0162667988392544,1.7628611707450177,-0.028487505926173995,-0.07983882925498231
L0000.ANS,-60.0,90.0,8.000085600032,2002/01/00,0,0.1,TOTAL,1.8427,0.11004,microSv/hr,ICRP Pub. 103 EFFECTIVE DOSE,-0.8660254037844386,0.5000000000000001,1.0,6.123233995736766e-17,-1.062489299996,1.0447543047654284,-60.00000_90.00000,1.0143409185215266,1.7575453512547679,-0.030413386243901774,-0.08515464874523215
L0000.ANS,-60.0,100.0,8.000085600032,2002/01/00,0,0.06,TOTAL,1.8427,0.11004,microSv/hr,ICRP Pub. 103 EFFECTIVE DOSE,-0.8660254037844386,0.5000000000000001,0.984807753012208,-0.1736481776669303,-1.062489299996,1.0447543047654284,-60.00000_100.00000,1.0122815567625656,1.751872411132665,-0.03247274800286282,-0.09082758886733511
L0000.ANS,-60.0,110.0,8.000085600032,2002/01/00,0,0.03,TOTAL,1.8427,0.11004,microSv/hr,ICRP Pub. 103 EFFECTIVE DOSE,-0.8660254037844386,0.5000000000000001,0.9396926207859084,-0.3420201433256687,-1.062489299996,1.0447543047654284,-60.00000_110.00000,1.0101512862273303,1.74601641805782,-0.03460301853809811,-0.09668358194218007
L0000.ANS,-60.0,120.0,8.000085600032,2002/01/00,0,0.03,TOTAL,1.8427,0.11004,microSv/hr,ICRP Pub. 103 EFFECTIVE DOSE,-0.8660254037844386,0.5000000000000001,0.8660254037844387,-0.4999999999999998,-1.062489299996,1.0447543047654284,-60.00000_120.00000,1.0080148341080646,1.740155947997902,-0.036739470657363826,-0.10254405200209793
L0000.ANS,-60.0,130.0,8.000085600032,2002/01/00,0,0.03,TOTAL,1.8427,0.11004,microSv/hr,ICRP Pub. 103 EFFECTIVE DOSE,-0.8660254037844386,0.5000000000000001,0.766044443118978,-0.6427876096865394,-1.062489299996,1.0447543047654284,-60.00000_130.00000,1.005937115421316,1.7344685851961157,-0.03881718934411249,-0.10823141480388432
L0000.ANS,-60.0,140.0,8.000085600032,2002/01/00,0,0.07,TOTAL,1.8427,0.11004,microSv/hr,ICRP Pub. 103 EFFECTIVE DOSE,-0.8660254037844386,0.5000000000000001,0.6427876096865395,-0.7660444431189779,-1.062489299996,1.0447543047654284,-60.00000_140.00000,1.0039812605980043,1.729125588390846,-0.04077304416742411,-0.11357441160915394
L0000.ANS,-60.0,150.0,8.000085600032,2002/01/00,0,0.13,TOTAL,1.8427,0.11004,microSv/hr,ICRP Pub. 103 EFFECTIVE DOSE,-0.8660254037844386,0.5000000000000001,0.49999999999999994,-0.8660254037844387,-1.062489299996,1.0447543047654284,-60.00000_150.00000,1.002206697297226,1.7242868768482242,-0.04254760746820252,-0.11841312315177577
L0000.ANS,-60.0,160.0,8.000085600032,2002/01/00,0,0.21,TOTAL,1.8427,0.11004,microSv/hr,ICRP Pub. 103 EFFECTIVE DOSE,-0.8660254037844386,0.5000000000000001,0.3420201433256689,-0.9396926207859083,-1.062489299996,1.0447543047654284,-60.00000_160.00000,1.0006673447269026,1.7200964649301969,-0.04408696003852586,-0.12260353506980315
L0000.ANS,-60.0,170.0,8.000085600032,2002/01/00,0,0.3,TOTAL,1.8427,0.11004,microSv/hr,ICRP Pub. 103 EFFECTIVE DOSE,-0.8660254037844386,0.5000000000000001,0.17364817766693028,-0.984807753012208,-1.062489299996,1.0447543047654284,-60.00000_170.00000,0.9994099753359333,1.716678448199835,-0.04534432942949507,-0.12602155180016505
L0000.ANS,-55.0,-179.99999,8.000085600032,2002/01/00,0,0.93,TOTAL,1.8425,0.11004,microSv/hr,ICRP Pub. 103 EFFECTIVE DOSE,-0.8191520442889918,0.5735764363510462,-1.745329251238221e-07,-0.9999999999999848,-1.062489299996,1.0446839466425542,-55.00000_-179.99999,0.9451752218514189,1.5732642312103398,-0.09950872479113526,-0.26923576878966027
L0000.ANS,-55.0,-170.0,8.000085600032,2002/01/00,0,1.17,TOTAL,1.8411,0.11004,microSv/hr,ICRP Pub. 103 EFFECTIVE DOSE,-0.8191520442889918,0.5735764363510462,-0.17364817766693028,-0.984807753012208,-1.062489299996,1.0441913011262212,-55.00000_-170.00000,0.9445867044423428,1.571750265953272,-0.09960459668387833,-0.2693497340467279
L0000.ANS,-55.0,-160.0,8.000085600032,2002/01/00,0,1.52,TOTAL,1.8356,0.11002,microSv/hr,ICRP Pub. 103 EFFECTIVE DOSE,-0.8191520442889918,0.5735764363510462,-0.3420201433256689,-0.9396926207859083,-1.062489299996,1.0422535549987253,-55.00000_-160.00000,0.9443647315966137,1.571179470581114,-0.09788882340211158,-0.26442052941888594
L0000.ANS,-55.0,-150.0,8.000085600032,2002/01/00,0,1.93,TOTAL,1.8166,0.10985,microSv/hr,ICRP Pub. 103 EFFECTIVE DOSE,-0.8191520442889918,0.5735764363510462,-0.49999999999999994,-0.8660254037844387,-1.062489299996,1.035530483781813,-55.00000_-150.00000,0.9445160486135635,1.5715685632260716,-0.09101443516824936,-0.24503143677392836
L0000.ANS,-55.0,-140.0,8.000085600032,2002/01/00,0,2.27,TOTAL,1.7914,0.10941,microSv/hr,ICRP Pub. 103 EFFECTIVE DOSE,-0.8191520442889918,0.5735764363510462,-0.6427876096865395,-0.7660444431189779,-1.062489299996,1.0265432620924069,-55.00000_-140.00000,0.9450360578022008,1.572906150256792,-0.08150720429020608,-0.21849384974320807
L0000.ANS,-55.0,-130.0,8.000085600032,2002/01/00,0,2.74,TOTAL,1.7493,0.10844,microSv/hr,ICRP Pub. 103 EFFECTIVE DOSE,-0.8191520442889918,0.5735764363510462,-0.766044443118978,-0.6427876096865394,-1.062489299996,1.0113463338217417,-55.00000_-130.00000,0.9459089589464673,1.5751530234858795,-0.06543737487527435,-0.1741469765141206
L0000.ANS,-55.0,-120.0,8.000085600032,2002/01/00,0,3.3,TOTAL,1.6912,0.10689,microSv/hr,ICRP Pub. 103 EFFECTIVE DOSE,-0.8191520442889918,0.5735764363510462,-0.8660254037844387,-0.4999999999999998,-1.062489299996,0.9899871907964919,-55.00000_-120.00000,0.947108229386803,1.5782431809831903,-0.04287896140968894,-0.11295681901680976
L0000.ANS,-55.0,-110.0,8.000085600032,2002/01/00,0,3.86,TOTAL,1.6272,0.10418,microSv/hr,ICRP Pub. 103 EFFECTIVE DOSE,-0.8191520442889918,0.5735764363510462,-0.9396926207859084,-0.3420201433256687,-1.062489299996,0.9659186402759721,-55.00000_-110.00000,0.9485974298977391,1.5820855623736831,-0.017321210378232976,-0.04511443762631684
L0000.ANS,-55.0,-100.0,8.000085600032,2002/01/00,0,4.39,TOTAL,1.5647,0.10148,microSv/hr,ICRP Pub. 103 EFFECTIVE DOSE,-0.8191520442889918,0.5735764363510462,-0.984807753012208,-0.1736481776669303,-1.062489299996,0.9418415127181606,-55.00000_-100.00000,0.9503313118753218,1.5865664775613042,0.008489799157161193,0.02186647756130422
L0000.ANS,-55.0,-90.0,8.000085600032,2002/01/00,0,4.6,TOTAL,1.5404,0.10094,microSv/hr,ICRP Pub. 103 EFFECTIVE DOSE,-0.8191520442889918,0.5735764363510462,-1.0,6.123233995736766e-17,-1.062489299996,0.9323215489466827,-55.00000_-90.00000,0.9522571921930498,1.591552694918706,0.019935643246367096,0.051152694918706
L0000.ANS,-55.0,-80.0,8.000085600032,2002/01/00,0,4.76,TOTAL,1.5214,0.099587,microSv/hr,ICRP Pub. 103 EFFECTIVE DOSE,-0.8191520442889918,0.5735764363510462,-0.984807753012208,0.17364817766693041,-1.062489299996,0.924814302815032,-55.00000_-80.00000,0.9543165539520106,1.5968951385589238,0.029502251136978686,0.07549513855892376
L0000.ANS,-55.0,-70.0,8.000085600032,2002/01/00,0,4.6,TOTAL,1.5395,0.10094,microSv/hr,ICRP Pub. 103 EFFECTIVE DOSE,-0.8191520442889918,0.5735764363510462,-0.9396926207859083,0.3420201433256688,-1.062489299996,0.9319672112591627,-55.00000_-70.00000,0.9564468244872459,1.6024331243653802,0.02447961322808323,0.06293312436538012
L0000.ANS,-55.0,-60.0,8.000085600032,2002/01/00,0,4.34,TOTAL,1.5714,0.10178,microSv/hr,ICRP Pub. 103 EFFECTIVE DOSE,-0.8191520442889918,0.5735764363510462,-0.8660254037844386,0.5000000000000001,-1.062489299996,0.9444504976680114,-55.00000_-60.00000,0.9585832766065114,1.6079990416699856,0.014132778938500068,0.03659904166998573
L0000.ANS,-55.0,-50.0,8.000085600032,2002/01/00,0,3.92,TOTAL,1.6204,0.10392,microSv/hr,ICRP Pub. 103 EFFECTIVE DOSE,-0.8191520442889918,0.5735764363510462,-0.766044443118978,0.6427876096865394,-1.062489299996,0.9633269778755842,-55.00000_-50.00000,0.9606609952932605,1.6134233631695976,-0.002665982582323645,-0.006976636830402505
L0000.ANS,-55.0,-40.0,8.000085600032,2002/01/00,0,3.42,TOTAL,1.6771,0.10611,microSv/hr,ICRP Pub. 103 EFFECTIVE DOSE,-0.8191520442889918,0.5735764363510462,-0.6427876096865393,0.766044443118978,-1.062489299996,0.9847341190889379,-55.00000_-40.00000,0.9626168501165719,1.618539841773451,-0.02211726897236599,-0.05856015822654914
L0000.ANS,-55.0,-30.0,8.000085600032,2002/01/00,0,2.95,TOTAL,1.7283,0.10804,microSv/hr,ICRP Pub. 103 EFFECTIVE DOSE,-0.8191520442889918,0.5735764363510462,-0.49999999999999994,0.8660254037844387,-1.062489299996,1.0036787046093711,-55.00000_-30.00000,0.9643914134173504,1.6231907319072618,-0.03928729119202079,-0.10510926809273813
L0000.ANS,-55.0,-20.0,8.000085600032,2002/01/00,0,2.59,TOTAL,1.763,0.10883,microSv/hr,ICRP Pub. 103 EFFECTIVE DOSE,-0.8191520442889918,0.5735764363510462,-0.3420201433256687,0.9396926207859084,-1.062489299996,1.0163170459412796,-55.00000_-20.00000,0.9659307659876739,1.6272318568629265,-0.05038627995360567,-0.13576814313707342
L0000.ANS,-55.0,-10.0,8.000085600032,2002/01/00,0,2.25,TOTAL,1.7926,0.10944,microSv/hr,ICRP Pub. 103 EFFECTIVE DOSE,-0.8191520442889918,0.5735764363510462,-0.17364817766693033,0.984807753012208,-1.062489299996,1.0269730615259574,-55.00000_-10.00000,0.9671881353786427,1.6305373354510326,-0.059784926147314676,-0.16206266454896734
L0000.ANS,-55.0,0.0,8.000085600032,2002/01/00,0,1.92,TOTAL,1.817,0.10985,microSv/hr,ICRP Pub. 103 EFFECTIVE DOSE,-0.8191520442889918,0.5735764363510462,0.0,1.0,-1.062489299996,1.0356724888942355,-55.00000_0.00000,0.9681253170575725,1.6330037824214896,-0.06754717183666292,-0.18399621757851037
L0000.ANS,-55.0,10.0,8.000085600032,2002/01/00,0,1.73,TOTAL,1.8276,0.10996,microSv/hr,ICRP Pub. 103 EFFECTIVE DOSE,-0.8191520442889918,0.5735764363510462,0.17364817766693033,0.984807753012208,-1.062489299996,1.0394282953146619,-55.00000_10.00000,0.9687138352333855,1.6345538090691183,-0.07071446008127635,-0.1930461909308816
L0000.ANS,-55.0,20.0,8.000085600032,2002/01/00,0,1.55,TOTAL,1.8349,0.11001,microSv/hr,ICRP Pub. 103 EFFECTIVE DOSE,-0.8191520442889918,0.5735764363510462,0.3420201433256687,0.9396926207859084,-1.062489299996,1.0420066631889888,-55.00000_20.00000,0.9689358080791142,1.6351386733849393,-0.07307085510987466,-0.19976132661506063
L0000.ANS,-55.0,30.0,8.000085600032,2002/01/00,0,1.39,TOTAL,1.8389,0.11003,microSv/hr,ICRP Pub. 103 EFFECTIVE DOSE,-0.8191520442889918,0.5735764363510462,0.49999999999999994,0.8660254037844387,-1.062489299996,1.0434166532001596,-55.00000_30.00000,0.9687844910621648,1.634739962228287,-0.07463216213799484,-0.204160037771713
L0000.ANS,-55.0,40.0,8.000085600032,2002/01/00,0,1.23,TOTAL,1.8409,0.11004,microSv/hr,ICRP Pub. 103 EFFECTIVE DOSE,-0.8191520442889918,0.5735764363510462,0.6427876096865393,0.766044443118978,-1.062489299996,1.04412090337892,-55.00000_40.00000,0.9682644818735273,1.6333702294059504,-0.07585642150539273,-0.20752977059404953
L0000.ANS,-55.0,50.0,8.000085600032,2002/01/00,0,1.0,TOTAL,1.8422,0.11004,microSv/hr,ICRP Pub. 103 EFFECTIVE DOSE,-0.8191520442889918,0.5735764363510462,0.766044443118978,0.6427876096865394,-1.062489299996,1.0445784001756242,-55.00000_50.00000,0.9673915807292608,1.6310725604842338,-0.07718681944636341,-0.2111274395157663
L0000.ANS,-55.0,60.0,8.000085600032,2002/01/00,0,0.78,TOTAL,1.8427,0.11004,microSv/hr,ICRP Pub. 103 EFFECTIVE DOSE,-0.8191520442889918,0.5735764363510462,0.8660254037844386,0.5000000000000001,-1.062489299996,1.0447543047654284,-55.00000_60.00000,0.9661923102889252,1.6279190842494404,-0.07856199447650325,-0.21478091575055958
L0000.ANS,-55.0,70.0,8.000085600032,2002/01/00,0,0.6,TOTAL,1.8427,0.11004,microSv/hr,ICRP Pub. 103 EFFECTIVE DOSE,-0.8191520442889918,0.5735764363510462,0.9396926207859083,0.3420201433256688,-1.062489299996,1.0447543047654284,-55.00000_70.00000,0.9647031097779892,1.6240084983524505,-0.08005119498743918,-0.21869150164754947
L0000.ANS,-55.0,80.0,8.000085600032,2002/01/00,0,0.45,TOTAL,1.8427,0.11004,microSv/hr,ICRP Pub. 103 EFFECTIVE DOSE,-0.8191520442889918,0.5735764363510462,0.984807753012208,0.17364817766693041,-1.062489299996,1.0447543047654284,-55.00000_80.00000,0.9629692278004063,1.6194627193691082,-0.08178507696502213,-0.22323728063089177
L0000.ANS,-55.0,90.0,8.000085600032,2002/01/00,0,0.35,TOTAL,1.8427,0.11004,microSv/hr,ICRP Pub. 103 EFFECTIVE DOSE,-0.8191520442889918,0.5735764363510462,1.0,6.123233995736766e-17,-1.062489299996,1.0447543047654284,-55.00000_90.00000,0.9610433474826785,1.614422802371089,-0.08371095728274991,-0.22827719762891108
L0000.ANS,-55.0,100.0,8.000085600032,2002/01/00,0,0.27,TOTAL,1.8427,0.11004,microSv/hr,ICRP Pub. 103 EFFECTIVE DOSE,-0.8191520442889918,0.5735764363510462,0.984807753012208,-0.1736481776669303,-1.062489299996,1.0447543047654284,-55.00000_100.00000,0.9589839857237175,1.609044300071947,-0.08577031904171095,-0.23365569992805302
L0000.ANS,-55.0,110.0,8.000085600032,2002/01/00,0,0.21,TOTAL,1.8427,0.11004,microSv/hr,ICRP Pub. 103 EFFECTIVE DOSE,-0.8191520442889918,0.5735764363510462,0.9396926207859084,-0.3420201433256687,-1.062489299996,1.0447543047654284,-55.00000_110.00000,0.9568537151884822,1.6034922456629648,-0.08790058957694624,-0.23920775433703523
L0000.ANS,-55.0,120.0,8.000085600032,2002/01/00,0,0.2,TOTAL,1.8427,0.11004,microSv/hr,ICRP Pub. 103 EFFECTIVE DOSE,-0.8191520442889918,0.5735764363510462,0.8660254037844387,-0.4999999999999998,-1.062489299996,1.0447543047654284,-55.00000_120.00000,0.9547172630692167,1.5979359466340883,-0.09003704169621174,-0.24476405336591167
L0000.ANS,-55.0,130.0,8.000085600032,2002/01/00,0,0.24,TOTAL,1.8427,0.11004,microSv/hr,ICRP Pub. 103 EFFECTIVE DOSE,-0.8191520442889918,0.5735764363510462,0.766044443118978,-0.6427876096865394,-1.062489299996,1.0447543047654284,-55.00000_130.00000,0.9526395443824676,1.5925437702234317,-0.09211476038296085,-0.25015622977656826
L0000.ANS,-55.0,140.0,8.000085600032,2002/01/00,0,0.28,TOTAL,1.8427,0.11004,microSv/hr,ICRP Pub. 103 EFFECTIVE DOSE,-0.8191520442889918,0.5735764363510462,0.6427876096865395,-0.7660444431189779,-1.062489299996,1.0447543047654284,-55.00000_140.00000,0.9506836895591562,1.587478086471636,-0.09407061520627225,-0.255221913528364
L0000.ANS,-55.0,150.0,8.000085600032,2002/01/00,0,0.35,TOTAL,1.8427,0.11004,microSv/hr,ICRP Pub. 103 EFFECTIVE DOSE,-0.8191520442889918,0.5735764363510462,0.49999999999999994,-0.8660254037844387,-1.062489299996,1.0447543047654284,-55.00000_150.00000,0.9489091262583775,1.5828905144901375,-0.09584517850705088,-0.2598094855098625
L0000.ANS,-55.0,160.0,8.000085600032,2002/01/00,0,0.49,TOTAL,1.8427,0.11004,microSv/hr,ICRP Pub. 103 EFFECTIVE DOSE,-0.8191520442889918,0.5735764363510462,0.3420201433256689,-0.9396926207859083,-1.062489299996,1.0447543047654284,-55.00000_160.00000,0.9473697736880542,1.5789175939850104,-0.09738453107737421,-0.2637824060149896
L0000.ANS,-55.0,170.0,8.000085600032,2002/01/00,0,0.68,TOTAL,1.8427,0.11004,microSv/hr,ICRP Pub. 103 EFFECTIVE DOSE,-0.8191520442889918,0.5735764363510462,0.17364817766693028,-0.984807753012208,-1.062489299996,1.0447543047654284,-55.00000_170.00000,0.9461124042970854,1.5756769796920578,-0.09864190046834298,-0.2670230203079422
L0000.ANS,-50.0,-179.99999,8.000085600032,2002/01/00,0,1.61,TOTAL,1.8328,0.11001,microSv/hr,ICRP Pub. 103 EFFECTIVE DOSE,-0.766044443118978,0.6427876096865394,-1.745329251238221e-07,-0.9999999999999848,-1.062489299996,1.041265621815557,-50.00000_-179.99999,0.8948059525034697,1.446860936152735,-0.1464596693120872,-0.38593906384726506
L0000.ANS,-50.0,-170.0,8.000085600032,2002/01/00,0,2.01,TOTAL,1.8115,0.10977,microSv/hr,ICRP Pub. 103 EFFECTIVE DOSE,-0.766044443118978,0.6427876096865394,-0.17364817766693028,-0.984807753012208,-1.062489299996,1.0337181487501192,-50.00000_-170.00000,0.8942174350943932,1.445421339549602,-0.13950071365572603,-0.36607866045039805
L0000.ANS,-50.0,-160.0,8.000085600032,2002/01/00,0,2.42,TOTAL,1.7783,0.10922,microSv/hr,ICRP Pub. 103 EFFECTIVE DOSE,-0.766044443118978,0.6427876096865394,-0.3420201433256689,-0.9396926207859083,-1.062489299996,1.0218392298621959,-50.00000_-160.00000,0.8939954622486646,1.4448785826567312,-0.12784376761353133,-0.3334214173432688
L0000.ANS,-50.0,-150.0,8.000085600032,2002/01/00,0,2.89,TOTAL,1.7338,0.10807,microSv/hr,ICRP Pub. 103 EFFECTIVE DOSE,-0.766044443118978,0.6427876096865394,-0.49999999999999994,-0.8660254037844387,-1.062489299996,1.0056925827364156,-50.00000_-150.00000,0.8941467792656139,1.4452485623820706,-0.11154580347080167,-0.28855143761792945
L0000.ANS,-50.0,-140.0,8.000085600032,2002/01/00,0,3.37,TOTAL,1.6833,0.10641,microSv/hr,ICRP Pub. 103 EFFECTIVE DOSE,-0.766044443118978,0.6427876096865394,-0.6427876096865395,-0.7660444431189779,-1.062489299996,0.9870473803249558,-50.00000_-140.00000,0.8946667884542516,1.4465204447696156,-0.09238059187070413,-0.2367795552303844
L0000.ANS,-50.0,-130.0,8.000085600032,2002/01/00,0,3.96,TOTAL,1.6163,0.10378,microSv/hr,ICRP Pub. 103 EFFECTIVE DOSE,-0.766044443118978,0.6427876096865394,-0.766044443118978,-0.6427876096865394,-1.062489299996,0.9617611059189126,-50.00000_-130.00000,0.8955396895985182,1.4486569476075524,-0.06622141632039447,-0.1676430523924477
L0000.ANS,-50.0,-120.0,8.000085600032,2002/01/00,0,4.53,TOTAL,1.5478,0.10101,microSv/hr,ICRP Pub. 103 EFFECTIVE DOSE,-0.766044443118978,0.6427876096865394,-0.8660254037844387,-0.4999999999999998,-1.062489299996,0.9352302416935494,-50.00000_-120.00000,0.8967389600388538,1.4515953110974036,-0.03849128165469562,-0.09620468890259648
L0000.ANS,-50.0,-110.0,8.000085600032,2002/01/00,0,5.14,TOTAL,1.4774,0.097774,microSv/hr,ICRP Pub. 103 EFFECTIVE DOSE,-0.766044443118978,0.6427876096865394,-0.9396926207859084,-0.3420201433256687,-1.062489299996,0.9072096231379625,-50.00000_-110.00000,0.8982281605497895,1.4552489479109743,-0.008981462588173006,-0.02215105208902579
L0000.ANS,-50.0,-100.0,8.000085600032,2002/01/00,0,5.8,TOTAL,1.4017,0.093868,microSv/hr,ICRP Pub. 103 EFFECTIVE DOSE,-0.766044443118978,0.6427876096865394,-0.984807753012208,-0.1736481776669303,-1.062489299996,0.8761768199375802,-50.00000_-100.00000,0.8999620425273727,1.4595097526110221,0.023785222589792432,0.05780975261102217
L0000.ANS,-50.0,-90.0,8.000085600032,2002/01/00,0,6.54,TOTAL,1.3243,0.089453,microSv/hr,ICRP Pub. 103 EFFECTIVE DOSE,-0.766044443118978,0.6427876096865394,-1.0,6.123233995736766e-17,-1.062489299996,0.8434189184382446,-50.00000_-90.00000,0.9018879228451002,1.4642510381436207,0.05846900440685565,0.13995103814362064
L0000.ANS,-50.0,-80.0,8.000085600032,2002/01/00,0,6.76,TOTAL,1.3032,0.087768,microSv/hr,ICRP Pub. 103 EFFECTIVE DOSE,-0.766044443118978,0.6427876096865394,-0.984807753012208,0.17364817766693041,-1.062489299996,0.834299460315829,-50.00000_-80.00000,0.9039472846040613,1.4693310514933184,0.06964782428823224,0.16613105149331853
L0000.ANS,-50.0,-70.0,8.000085600032,2002/01/00,0,6.4,TOTAL,1.3388,0.089736,microSv/hr,ICRP Pub. 103 EFFECTIVE DOSE,-0.766044443118978,0.6427876096865394,-0.9396926207859083,0.3420201433256688,-1.062489299996,0.8496379773193784,-50.00000_-70.00000,0.9060775551392966,1.4745970016318366,0.05643957781991815,0.1357970016318366
L0000.ANS,-50.0,-60.0,8.000085600032,2002/01/00,0,5.76,TOTAL,1.4058,0.093913,microSv/hr,ICRP Pub. 103 EFFECTIVE DOSE,-0.766044443118978,0.6427876096865394,-0.8660254037844386,0.5000000000000001,-1.062489299996,0.8778824885778351,-50.00000_-60.00000,0.9082140072585623,1.4798895112238624,0.030331518680727143,0.07408951122386243
L0000.ANS,-50.0,-50.0,8.000085600032,2002/01/00,0,4.98,TOTAL,1.496,0.098212,microSv/hr,ICRP Pub. 103 EFFECTIVE DOSE,-0.766044443118978,0.6427876096865394,-0.766044443118978,0.6427876096865394,-1.062489299996,0.9146894505071812,-50.00000_-50.00000,0.9102917259453109,1.4850473804475322,-0.004397724561870264,-0.010952619552467846
L0000.ANS,-50.0,-40.0,8.000085600032,2002/01/00,0,4.26,TOTAL,1.5801,0.10223,microSv/hr,ICRP Pub. 103 EFFECTIVE DOSE,-0.766044443118978,0.6427876096865394,-0.6427876096865393,0.766044443118978,-1.062489299996,0.9478281578723111,-50.00000_-40.00000,0.9122475807686228,1.4899125285635284,-0.03558057710368834,-0.09018747143647166
L0000.ANS,-50.0,-30.0,8.000085600032,2002/01/00,0,3.65,TOTAL,1.6512,0.10549,microSv/hr,ICRP Pub. 103 EFFECTIVE DOSE,-0.766044443118978,0.6427876096865394,-0.49999999999999994,0.8660254037844387,-1.062489299996,0.9750123676901614,-50.00000_-30.00000,0.914022144069401,1.4943349587394632,-0.06099022362076045,-0.1568650412605368
L0000.ANS,-50.0,-20.0,8.000085600032,2002/01/00,0,3.16,TOTAL,1.7064,0.10714,microSv/hr,ICRP Pub. 103 EFFECTIVE DOSE,-0.766044443118978,0.6427876096865394,-0.3420201433256687,0.9396926207859084,-1.062489299996,0.9956193384843617,-50.00000_-20.00000,0.9155614966397243,1.498177576482405,-0.08005784184463738,-0.2082224235175949
L0000.ANS,-50.0,-10.0,8.000085600032,2002/01/00,0,2.75,TOTAL,1.7476,0.10838,microSv/hr,ICRP Pub. 103 EFFECTIVE DOSE,-0.766044443118978,0.6427876096865394,-0.17364817766693033,0.984807753012208,-1.062489299996,1.0107278033575895,-50.00000_-10.00000,0.9168188660306935,1.5013206841098425,-0.09390893732689598,-0.2462793158901575
L0000.ANS,-50.0,0.0,8.000085600032,2002/01/00,0,2.46,TOTAL,1.7747,0.10909,microSv/hr,ICRP Pub. 103 EFFECTIVE DOSE,-0.766044443118978,0.6427876096865394,0.0,1.0,-1.062489299996,1.0205426332461869,-50.00000_0.00000,0.9177560477096232,1.5036659748382117,-0.10278658553656372,-0.2710340251617882
L0000.ANS,-50.0,10.0,8.000085600032,2002/01/00,0,2.22,TOTAL,1.7955,0.10951,microSv/hr,ICRP Pub. 103 EFFECTIVE DOSE,-0.766044443118978,0.6427876096865394,0.17364817766693033,0.984807753012208,-1.062489299996,1.028010981484563,-50.00000_10.00000,0.9183445658854361,1.5051398614325529,-0.10966641559912693,-0.29036013856744725
L0000.ANS,-50.0,20.0,8.000085600032,2002/01/00,0,2.05,TOTAL,1.8085,0.10971,microSv/hr,ICRP Pub. 103 EFFECTIVE DOSE,-0.766044443118978,0.6427876096865394,0.3420201433256687,0.9396926207859084,-1.062489299996,1.0326505329903504,-50.00000_20.00000,0.9185665387311648,1.505695996177666,-0.11408399425918558,-0.3028040038223341
L0000.ANS,-50.0,30.0,8.000085600032,2002/01/00,0,1.9,TOTAL,1.8182,0.10986,microSv/hr,ICRP Pub. 103 EFFECTIVE DOSE,-0.766044443118978,0.6427876096865394,0.49999999999999994,0.8660254037844387,-1.062489299996,1.0360983832788673,-50.00000_30.00000,0.9184152217142154,1.5053168704189552,-0.11768316156465186,-0.3128831295810448
L0000.ANS,-50.0,40.0,8.000085600032,2002/01/00,0,1.71,TOTAL,1.8285,0.10996,microSv/hr,ICRP Pub. 103 EFFECTIVE DOSE,-0.766044443118978,0.6427876096865394,0.6427876096865393,0.766044443118978,-1.062489299996,1.0397465358010733,-50.00000_40.00000,0.9178952125255782,1.5040144212979942,-0.1218513232754952,-0.3244855787020058
L0000.ANS,-50.0,50.0,8.000085600032,2002/01/00,0,1.51,TOTAL,1.8361,0.11002,microSv/hr,ICRP Pub. 103 EFFECTIVE DOSE,-0.766044443118978,0.6427876096865394,0.766044443118978,0.6427876096865394,-1.062489299996,1.0424298689791176,-50.00000_50.00000,0.9170223113813116,1.5018296179417852,-0.12540755759780597,-0.3342703820582149
L0000.ANS,-50.0,60.0,8.000085600032,2002/01/00,0,1.31,TOTAL,1.8403,0.11004,microSv/hr,ICRP Pub. 103 EFFECTIVE DOSE,-0.766044443118978,0.6427876096865394,0.8660254037844386,0.5000000000000001,-1.062489299996,1.0439096803970744,-50.00000_60.00000,0.915823040940976,1.4988310460429435,-0.12808663945609844,-0.34146895395705656
L0000.ANS,-50.0,70.0,8.000085600032,2002/01/00,0,1.05,TOTAL,1.8419,0.11004,microSv/hr,ICRP Pub. 103 EFFECTIVE DOSE,-0.766044443118978,0.6427876096865394,0.9396926207859083,0.3420201433256688,-1.062489299996,1.0444728425674614,-50.00000_70.00000,0.9143338404300398,1.495112555048991,-0.13013900213742158,-0.3467874449510091
L0000.ANS,-50.0,80.0,8.000085600032,2002/01/00,0,0.85,TOTAL,1.8426,0.11004,microSv/hr,ICRP Pub. 103 EFFECTIVE DOSE,-0.766044443118978,0.6427876096865394,0.984807753012208,0.17364817766693041,-1.062489299996,1.0447191263227744,-50.00000_80.00000,0.9125999584524571,1.490790072777712,-0.1321191678703173,-0.3518099272222881
L0000.ANS,-50.0,90.0,8.000085600032,2002/01/00,0,0.69,TOTAL,1.8427,0.11004,microSv/hr,ICRP Pub. 103 EFFECTIVE DOSE,-0.766044443118978,0.6427876096865394,1.0,6.123233995736766e-17,-1.062489299996,1.0447543047654284,-50.00000_90.00000,0.9106740781347291,1.485997725425918,-0.1340802266306993,-0.356702274574082
L0000.ANS,-50.0,100.0,8.000085600032,2002/01/00,0,0.61,TOTAL,1.8427,0.11004,microSv/hr,ICRP Pub. 103 EFFECTIVE DOSE,-0.766044443118978,0.6427876096865394,0.984807753012208,-0.1736481776669303,-1.062489299996,1.0447543047654284,-50.00000_100.00000,0.9086147163757681,1.4808834246824658,-0.13613958838966034,-0.3618165753175342
L0000.ANS,-50.0,110.0,8.000085600032,2002/01/00,0,0.55,TOTAL,1.8427,0.11004,microSv/hr,ICRP Pub. 103 EFFECTIVE DOSE,-0.766044443118978,0.6427876096865394,0.9396926207859084,-0.3420201433256687,-1.062489299996,1.0447543047654284,-50.00000_110.00000,0.9064844458405328,1.4756040970160864,-0.13826985892489563,-0.3670959029839136
L0000.ANS,-50.0,120.0,8.000085600032,2002/01/00,0,0.53,TOTAL,1.8427,0.11004,microSv/hr,ICRP Pub. 103 EFFECTIVE DOSE,-0.766044443118978,0.6427876096865394,0.8660254037844387,-0.4999999999999998,-1.062489299996,1.0447543047654284,-50.00000_120.00000,0.9043479937212675,1.470320733233058,-0.1404063110441609,-0.3723792667669421
L0000.ANS,-50.0,130.0,8.000085600032,2002/01/00,0,0.58,TOTAL,1.8427,0.11004,microSv/hr,ICRP Pub. 103 EFFECTIVE DOSE,-0.766044443118978,0.6427876096865394,0.766044443118978,-0.6427876096865394,-1.062489299996,1.0447543047654284,-50.00000_130.00000,0.9022702750345184,1.465193430074659,-0.14248402973091,-0.37750656992534104
L0000.ANS,-50.0,140.0,8.000085600032,2002/01/00,0,0.66,TOTAL,1.8427,0.11004,microSv/hr,ICRP Pub. 103 EFFECTIVE DOSE,-0.766044443118978,0.6427876096865394,0.6427876096865395,-0.7660444431189779,-1.062489299996,1.0447543047654284,-50.00000_140.00000,0.900314420211207,1.460376581677655,-0.1444398845542214,-0.38232341832234495
L0000.ANS,-50.0,150.0,8.000085600032,2002/01/00,0,0.8,TOTAL,1.8427,0.11004,microSv/hr,ICRP Pub. 103 EFFECTIVE DOSE,-0.766044443118978,0.6427876096865394,0.49999999999999994,-0.8660254037844387,-1.062489299996,1.0447543047654284,-50.00000_150.00000,0.8985398569104284,1.4560143593542842,-0.14621444785500004,-0.38668564064571576
L0000.ANS,-50.0,160.0,8.000085600032,2002/01/00,0,1.03,TOTAL,1.8421,0.11004,microSv/hr,ICRP Pub. 103 EFFECTIVE DOSE,-0.766044443118978,0.6427876096865394,0.3420201433256689,-0.9396926207859083,-1.062489299996,1.0445432155442673,-50.00000_160.00000,0.897000504340105,1.4522365957385115,-0.1475427112041623,-0.3898634042614886
L0000.ANS,-50.0,170.0,8.000085600032,2002/01/00,0,1.28,TOTAL,1.8405,0.11004,microSv/hr,ICRP Pub. 103 EFFECTIVE DOSE,-0.766044443118978,0.6427876096865394,0.17364817766693028,-0.984807753012208,-1.062489299996,1.0439800930150445,-50.00000_170.00000,0.8957431349491358,1.449155166157206,-0.14823695806590864,-0.39134483384279406
L0000.ANS,-45.0,-179.99999,8.000085600032,2002/01/00,0,2.64,TOTAL,1.7583,0.1088,microSv/hr,ICRP Pub. 103 EFFECTIVE DOSE,-0.7071067811865475,0.7071067811865476,-1.745329251238221e-07,-0.9999999999999848,-1.062489299996,1.0146145479298525,-45.00000_-179.99999,0.8477483253999538,1.334384655137151,-0.1668662225298987,-0.423915344862849
L0000.ANS,-45.0,-170.0,8.000085600032,2002/01/00,0,3.07,TOTAL,1.716,0.10744,microSv/hr,ICRP Pub. 103 EFFECTIVE DOSE,-0.7071067811865475,0.7071067811865476,-0.17364817766693028,-0.984807753012208,-1.062489299996,0.9991602096964497,-45.00000_-170.00000,0.8471598079908773,1.3330112333090902,-0.15200040170557239,-0.38298876669090975
L0000.ANS,-45.0,-160.0,8.000085600032,2002/01/00,0,3.59,TOTAL,1.6585,0.10556,microSv/hr,ICRP Pub. 103 EFFECTIVE DOSE,-0.7071067811865475,0.7071067811865476,-0.3420201433256689,-0.9396926207859083,-1.062489299996,0.9777620539622561,-45.00000_-160.00000,0.8469378351451486,1.332493425638263,-0.13082421881710748,-0.3260065743617371
L0000.ANS,-45.0,-150.0,8.000085600032,2002/01/00,0,4.15,TOTAL,1.5938,0.10316,microSv/hr,ICRP Pub. 103 EFFECTIVE DOSE,-0.7071067811865475,0.7071067811865476,-0.49999999999999994,-0.8660254037844387,-1.062489299996,0.9531239819195041,-45.00000_-150.00000,0.847089152162098,1.3328463982901955,-0.10603482975740608,-0.26095360170980464
L0000.ANS,-45.0,-140.0,8.000085600032,2002/01/00,0,4.57,TOTAL,1.5438,0.10096,microSv/hr,ICRP Pub. 103 EFFECTIVE DOSE,-0.7071067811865475,0.7071067811865476,-0.6427876096865395,-0.7660444431189779,-1.062489299996,0.9336590260352471,-45.00000_-140.00000,0.8476091613507353,1.3340598153196448,-0.08604986468451181,-0.20974018468035527
L0000.ANS,-45.0,-130.0,8.000085600032,2002/01/00,0,5.17,TOTAL,1.4729,0.097744,microSv/hr,ICRP Pub. 103 EFFECTIVE DOSE,-0.7071067811865475,0.7071067811865476,-0.766044443118978,-0.6427876096865394,-1.062489299996,0.9053915510051544,-45.00000_-130.00000,0.8484820624950018,1.3360981082879317,-0.05690948851015265,-0.13680189171206836
L0000.ANS,-45.0,-120.0,8.000085600032,2002/01/00,0,6.02,TOTAL,1.3782,0.092074,microSv/hr,ICRP Pub. 103 EFFECTIVE DOSE,-0.7071067811865475,0.7071067811865476,-0.8660254037844387,-0.4999999999999998,-1.062489299996,0.8663438990213415,-45.00000_-120.00000,0.8496813329353374,1.338901402312769,-0.016662566086004027,-0.039298597687231096
L0000.ANS,-45.0,-110.0,8.000085600032,2002/01/00,0,7.31,TOTAL,1.2511,0.084661,microSv/hr,ICRP Pub. 103 EFFECTIVE DOSE,-0.7071067811865475,0.7071067811865476,-0.9396926207859084,-0.3420201433256687,-1.062489299996,0.8114189856379808,-45.00000_-110.00000,0.8511705334462736,1.342387090276081,0.03975154780829282,0.09128709027608095
L0000.ANS,-45.0,-100.0,8.000085600032,2002/01/00,0,8.06,TOTAL,1.1871,0.080022,microSv/hr,ICRP Pub. 103 EFFECTIVE DOSE,-0.7071067811865475,0.7071067811865476,-0.984807753012208,-0.1736481776669303,-1.062489299996,0.7825764653863696,-45.00000_-100.00000,0.8529044154238563,1.3464520360861867,0.07032795003748671,0.15935203608618664
L0000.ANS,-45.0,-90.0,8.000085600032,2002/01/00,0,8.44,TOTAL,1.1561,0.079071,microSv/hr,ICRP Pub. 103 EFFECTIVE DOSE,-0.7071067811865475,0.7071067811865476,-1.0,6.123233995736766e-17,-1.062489299996,0.7683010341603695,-45.00000_-90.00000,0.8548302957415843,1.3509753761867183,0.08652926158121477,0.19487537618671835
L0000.ANS,-45.0,-80.0,8.000085600032,2002/01/00,0,8.22,TOTAL,1.1739,0.079506,microSv/hr,ICRP Pub. 103 EFFECTIVE DOSE,-0.7071067811865475,0.7071067811865476,-0.984807753012208,0.17364817766693041,-1.062489299996,0.7765227894809963,-45.00000_-80.00000,0.8568896575005454,1.3558218736056,0.08036686801954906,0.18192187360560008
L0000.ANS,-45.0,-70.0,8.000085600032,2002/01/00,0,7.69,TOTAL,1.2178,0.082264,microSv/hr,ICRP Pub. 103 EFFECTIVE DOSE,-0.7071067811865475,0.7071067811865476,-0.9396926207859083,0.3420201433256688,-1.062489299996,0.7965157135369785,-45.00000_-70.00000,0.8590199280357806,1.3608457607486928,0.06250421449880217,0.1430457607486928
L0000.ANS,-45.0,-60.0,8.000085600032,2002/01/00,0,7.07,TOTAL,1.2734,0.085496,microSv/hr,ICRP Pub. 103 EFFECTIVE DOSE,-0.7071067811865475,0.7071067811865476,-0.8660254037844386,0.5000000000000001,-1.062489299996,0.8212765082704732,-45.00000_-60.00000,0.8611563801550459,1.3658949864714323,0.03987987188457276,0.09249498647143217
L0000.ANS,-45.0,-50.0,8.000085600032,2002/01/00,0,6.37,TOTAL,1.3421,0.089845,microSv/hr,ICRP Pub. 103 EFFECTIVE DOSE,-0.7071067811865475,0.7071067811865476,-0.766044443118978,0.6427876096865394,-1.062489299996,0.851047962812218,-45.00000_-50.00000,0.863234098841795,1.3708157609180067,0.012186136029577077,0.02871576091800665
L0000.ANS,-45.0,-40.0,8.000085600032,2002/01/00,0,5.4,TOTAL,1.4471,0.095689,microSv/hr,ICRP Pub. 103 EFFECTIVE DOSE,-0.7071067811865475,0.7071067811865476,-0.6427876096865393,0.766044443118978,-1.062489299996,0.8949036499925074,-45.00000_-40.00000,0.8651899536651064,1.3754572699384602,-0.02971369632740095,-0.07164273006153987
L0000.ANS,-45.0,-30.0,8.000085600032,2002/01/00,0,4.45,TOTAL,1.5573,0.10123,microSv/hr,ICRP Pub. 103 EFFECTIVE DOSE,-0.7071067811865475,0.7071067811865476,-0.49999999999999994,0.8660254037844387,-1.062489299996,0.9389520144172341,-45.00000_-30.00000,0.8669645169658851,1.3796764116921199,-0.07198749745134903,-0.17762358830788005
L0000.ANS,-45.0,-20.0,8.000085600032,2002/01/00,0,3.86,TOTAL,1.628,0.10421,microSv/hr,ICRP Pub. 103 EFFECTIVE DOSE,-0.7071067811865475,0.7071067811865476,-0.3420201433256687,0.9396926207859084,-1.062489299996,0.966223100622364,-45.00000_-20.00000,0.8685038695362084,1.3833423935884122,-0.09771923108615566,-0.24465760641158774
L0000.ANS,-45.0,-10.0,8.000085600032,2002/01/00,0,3.34,TOTAL,1.6864,0.10659,microSv/hr,ICRP Pub. 103 EFFECTIVE DOSE,-0.7071067811865475,0.7071067811865476,-0.17364817766693033,0.984807753012208,-1.062489299996,0.9882020073411393,-45.00000_-10.00000,0.8697612389271772,1.3863410201578767,-0.11844076841396212,-0.30005897984212315
L0000.ANS,-45.0,0.0,8.000085600032,2002/01/00,0,3.08,TOTAL,1.7145,0.10738,microSv/hr,ICRP Pub. 103 EFFECTIVE DOSE,-0.7071067811865475,0.7071067811865476,0.0,1.0,-1.062489299996,0.9986077743633687,-45.00000_0.00000,0.8706984206061072,1.3885785035420986,-0.12790935375726142,-0.32592149645790136
L0000.ANS,-45.0,10.0,8.000085600032,2002/01/00,0,2.82,TOTAL,1.7411,0.10819,microSv/hr,ICRP Pub. 103 EFFECTIVE DOSE,-0.7071067811865475,0.7071067811865476,0.17364817766693033,0.984807753012208,-1.062489299996,1.0083592996905475,-45.00000_10.00000,0.8712869387819202,1.3899846391333806,-0.1370723609086273,-0.35111536086661954
L0000.ANS,-45.0,20.0,8.000085600032,2002/01/00,0,2.7,TOTAL,1.7528,0.10858,microSv/hr,ICRP Pub. 103 EFFECTIVE DOSE,-0.7071067811865475,0.7071067811865476,0.3420201433256687,0.9396926207859084,-1.062489299996,1.0126185755011337,-45.00000_20.00000,0.8715089116276489,1.3905152097089286,-0.14110966387348478,-0.3622847902910713
L0000.ANS,-45.0,30.0,8.000085600032,2002/01/00,0,2.5,TOTAL,1.7707,0.10898,microSv/hr,ICRP Pub. 103 EFFECTIVE DOSE,-0.7071067811865475,0.7071067811865476,0.49999999999999994,0.8660254037844387,-1.062489299996,1.0190999958552922,-45.00000_30.00000,0.8713575946106991,1.3901535114446637,-0.14774240124459315,-0.38054648855533624
L0000.ANS,-45.0,40.0,8.000085600032,2002/01/00,0,2.41,TOTAL,1.7794,0.10926,microSv/hr,ICRP Pub. 103 EFFECTIVE DOSE,-0.7071067811865475,0.7071067811865476,0.6427876096865393,0.766044443118978,-1.062489299996,1.0222350770703446,-45.00000_40.00000,0.8708375854220618,1.3889109327606257,-0.15139749164828276,-0.3904890672393744
L0000.ANS,-45.0,50.0,8.000085600032,2002/01/00,0,2.26,TOTAL,1.7919,0.10942,microSv/hr,ICRP Pub. 103 EFFECTIVE DOSE,-0.7071067811865475,0.7071067811865476,0.766044443118978,0.6427876096865394,-1.062489299996,1.0267223676397845,-45.00000_50.00000,0.8699646842777953,1.3868265595321065,-0.15675768336198925,-0.4050734404678935
L0000.ANS,-45.0,60.0,8.000085600032,2002/01/00,0,1.94,TOTAL,1.8161,0.10985,microSv/hr,ICRP Pub. 103 EFFECTIVE DOSE,-0.7071067811865475,0.7071067811865476,0.8660254037844386,0.5000000000000001,-1.062489299996,1.0353529490289188,-45.00000_60.00000,0.8687654138374596,1.3839658247332636,-0.1665875351914592,-0.4321341752667365
L0000.ANS,-45.0,70.0,8.000085600032,2002/01/00,0,1.72,TOTAL,1.8279,0.10996,microSv/hr,ICRP Pub. 103 EFFECTIVE DOSE,-0.7071067811865475,0.7071067811865476,0.9396926207859083,0.3420201433256688,-1.062489299996,1.0395343867301978,-45.00000_70.00000,0.8672762133265239,1.3804182637794342,-0.1722581734036739,-0.44748173622056586
L0000.ANS,-45.0,80.0,8.000085600032,2002/01/00,0,1.45,TOTAL,1.8376,0.11003,microSv/hr,ICRP Pub. 103 EFFECTIVE DOSE,-0.7071067811865475,0.7071067811865476,0.984807753012208,0.17364817766693041,-1.062489299996,1.042958624477275,-45.00000_80.00000,0.8655423313489408,1.3762944755669158,-0.1774162931283343,-0.46130552443308415
L0000.ANS,-45.0,90.0,8.000085600032,2002/01/00,0,1.27,TOTAL,1.8406,0.11004,microSv/hr,ICRP Pub. 103 EFFECTIVE DOSE,-0.7071067811865475,0.7071067811865476,1.0,6.123233995736766e-17,-1.062489299996,1.0440152974648906,-45.00000_90.00000,0.8636164510312128,1.3717224208355565,-0.18039884643367787,-0.4688775791644435
L0000.ANS,-45.0,100.0,8.000085600032,2002/01/00,0,1.2,TOTAL,1.841,0.11004,microSv/hr,ICRP Pub. 103 EFFECTIVE DOSE,-0.7071067811865475,0.7071067811865476,0.984807753012208,-0.1736481776669303,-1.062489299996,1.044156102872051,-45.00000_100.00000,0.8615570892722522,1.3668432121315095,-0.1825990135997988,-0.47415678786849047
L0000.ANS,-45.0,110.0,8.000085600032,2002/01/00,0,1.12,TOTAL,1.8414,0.11004,microSv/hr,ICRP Pub. 103 EFFECTIVE DOSE,-0.7071067811865475,0.7071067811865476,0.9396926207859084,-0.3420201433256687,-1.062489299996,1.0442968884558397,-45.00000_110.00000,0.8594268187370169,1.361806562393166,-0.1848700697188228,-0.4795934376068338
L0000.ANS,-45.0,120.0,8.000085600032,2002/01/00,0,1.11,TOTAL,1.8415,0.11004,microSv/hr,ICRP Pub. 103 EFFECTIVE DOSE,-0.7071067811865475,0.7071067811865476,0.8660254037844387,-0.4999999999999998,-1.062489299996,1.044332081755039,-45.00000_120.00000,0.8572903666177512,1.3567660620686954,-0.18704171513728785,-0.4847339379313045
L0000.ANS,-45.0,130.0,8.000085600032,2002/01/00,0,1.22,TOTAL,1.841,0.11004,microSv/hr,ICRP Pub. 103 EFFECTIVE DOSE,-0.7071067811865475,0.7071067811865476,0.766044443118978,-0.6427876096865394,-1.062489299996,1.044156102872051,-45.00000_130.00000,0.855212647931002,1.3518744486392777,-0.18894345494104892,-0.4891255513607222
L0000.ANS,-45.0,140.0,8.000085600032,2002/01/00,0,1.32,TOTAL,1.8401,0.11004,microSv/hr,ICRP Pub. 103 EFFECTIVE DOSE,-0.7071067811865475,0.7071067811865476,0.6427876096865395,-0.7660444431189779,-1.062489299996,1.0438392628208182,-45.00000_140.00000,0.8532567931076906,1.3472790191165165,-0.19058246971312753,-0.4928209808834836
L0000.ANS,-45.0,150.0,8.000085600032,2002/01/00,0,1.51,TOTAL,1.8359,0.11002,microSv/hr,ICRP Pub. 103 EFFECTIVE DOSE,-0.7071067811865475,0.7071067811865476,0.49999999999999994,-0.8660254037844387,-1.062489299996,1.0423593471173112,-45.00000_150.00000,0.851482229806912,1.343117317606015,-0.19087711731039914,-0.49278268239398515
L0000.ANS,-45.0,160.0,8.000085600032,2002/01/00,0,1.82,TOTAL,1.8232,0.10991,microSv/hr,ICRP Pub. 103 EFFECTIVE DOSE,-0.7071067811865475,0.7071067811865476,0.3420201433256689,-0.9396926207859083,-1.062489299996,1.0378709933789232,-45.00000_160.00000,0.8499428772365887,1.3395132086494752,-0.1879281161423345,-0.4836867913505247
L0000.ANS,-45.0,170.0,8.000085600032,2002/01/00,0,2.17,TOTAL,1.7995,0.10963,microSv/hr,ICRP Pub. 103 EFFECTIVE DOSE,-0.7071067811865475,0.7071067811865476,0.17364817766693028,-0.984807753012208,-1.062489299996,1.029440829806811,-45.00000_170.00000,0.8486855078456199,1.3365734249354924,-0.18075532196119104,-0.46292657506450774
L0000.ANS,-40.0,-179.99999,8.000085600032,2002/01/00,0,4.06,TOTAL,1.6044,0.10354,microSv/hr,ICRP Pub. 103 EFFECTIVE DOSE,-0.6427876096865393,0.766044443118978,-1.745329251238221e-07,-0.9999999999999848,-1.062489299996,0.9572023223805699,-40.00000_-179.99999,0.8043604774973003,1.2352665383719608,-0.15284184488326957,-0.3691334616280393
L0000.ANS,-40.0,-170.0,8.000085600032,2002/01/00,0,4.59,TOTAL,1.5417,0.10095,microSv/hr,ICRP Pub. 103 EFFECTIVE DOSE,-0.6427876096865393,0.766044443118978,-0.17364817766693028,-0.984807753012208,-1.062489299996,0.9328331484934664,-40.00000_-170.00000,0.8037719600882243,1.2339514321196234,-0.12906118840524217,-0.30774856788037663
L0000.ANS,-40.0,-160.0,8.000085600032,2002/01/00,0,4.84,TOTAL,1.512,0.098982,microSv/hr,ICRP Pub. 103 EFFECTIVE DOSE,-0.6427876096865393,0.766044443118978,-0.3420201433256689,-0.9396926207859083,-1.062489299996,0.9210792486059522,-40.00000_-160.00000,0.8035499872424952,1.2334556105945085,-0.1175292613634571,-0.27854438940549153
L0000.ANS,-40.0,-150.0,8.000085600032,2002/01/00,0,5.44,TOTAL,1.4425,0.095378,microSv/hr,ICRP Pub. 103 EFFECTIVE DOSE,-0.6427876096865393,0.766044443118978,-0.49999999999999994,-0.8660254037844387,-1.062489299996,0.8930221049348007,-40.00000_-150.00000,0.8037013042594445,1.2337935960058197,-0.0893208006753562,-0.20870640399418017
L0000.ANS,-40.0,-140.0,8.000085600032,2002/01/00,0,6.1,TOTAL,1.3697,0.091381,microSv/hr,ICRP Pub. 103 EFFECTIVE DOSE,-0.6427876096865393,0.766044443118978,-0.6427876096865395,-0.7660444431189779,-1.062489299996,0.862763364856346,-40.00000_-140.00000,0.8042213134480822,1.234955491273188,-0.05854205140826374,-0.13474450872681198
L0000.ANS,-40.0,-130.0,8.000085600032,2002/01/00,0,7.25,TOTAL,1.2571,0.08481,microSv/hr,ICRP Pub. 103 EFFECTIVE DOSE,-0.6427876096865393,0.766044443118978,-0.766044443118978,-0.6427876096865394,-1.062489299996,0.8140808034555739,-40.00000_-130.00000,0.8050942145923488,1.2369072381960375,-0.00898658886322512,-0.020192761803962567
L0000.ANS,-40.0,-120.0,8.000085600032,2002/01/00,0,8.09,TOTAL,1.1844,0.079895,microSv/hr,ICRP Pub. 103 EFFECTIVE DOSE,-0.6427876096865393,0.766044443118978,-0.8660254037844387,-0.4999999999999998,-1.062489299996,0.7813411912958615,-40.00000_-120.00000,0.8062934850326844,1.2395915041832846,0.02495229373682284,0.05519150418328467
L0000.ANS,-40.0,-110.0,8.000085600032,2002/01/00,0,9.13,TOTAL,1.0979,0.074196,microSv/hr,ICRP Pub. 103 EFFECTIVE DOSE,-0.6427876096865393,0.766044443118978,-0.9396926207859084,-0.3420201433256687,-1.062489299996,0.7409368443957938,-40.00000_-110.00000,0.8077826855436205,1.2429291896201946,0.06684584114782677,0.1450291896201945
L0000.ANS,-40.0,-100.0,8.000085600032,2002/01/00,0,9.68,TOTAL,1.0511,0.070961,microSv/hr,ICRP Pub. 103 EFFECTIVE DOSE,-0.6427876096865393,0.766044443118978,-0.984807753012208,-0.1736481776669303,-1.062489299996,0.7183762346057209,-40.00000_-100.00000,0.8095165675212033,1.2468215375799145,0.0911403329154824,0.19572153757991462
L0000.ANS,-40.0,-90.0,8.000085600032,2002/01/00,0,9.46,TOTAL,1.0686,0.072869,microSv/hr,ICRP Pub. 103 EFFECTIVE DOSE,-0.6427876096865393,0.766044443118978,-1.0,6.123233995736766e-17,-1.062489299996,0.7268720499615662,-40.00000_-90.00000,0.8114424478389313,1.2511528163801517,0.08457039787736509,0.18255281638015175
L0000.ANS,-40.0,-80.0,8.000085600032,2002/01/00,0,9.13,TOTAL,1.0979,0.0742,microSv/hr,ICRP Pub. 103 EFFECTIVE DOSE,-0.6427876096865393,0.766044443118978,-0.984807753012208,0.17364817766693041,-1.062489299996,0.7409368443957938,-40.00000_-80.00000,0.8135018095978919,1.2557935312190236,0.0725649652020981,0.1578935312190235
L0000.ANS,-40.0,-70.0,8.000085600032,2002/01/00,0,8.56,TOTAL,1.1467,0.078033,microSv/hr,ICRP Pub. 103 EFFECTIVE DOSE,-0.6427876096865393,0.766044443118978,-0.9396926207859083,0.3420201433256688,-1.062489299996,0.7639317792779058,-40.00000_-70.00000,0.8156320801331276,1.2606041038034528,0.051700300855221815,0.11390410380345273
L0000.ANS,-40.0,-60.0,8.000085600032,2002/01/00,0,7.77,TOTAL,1.2113,0.081672,microSv/hr,ICRP Pub. 103 EFFECTIVE DOSE,-0.6427876096865393,0.766044443118978,-0.8660254037844386,0.5000000000000001,-1.062489299996,0.7935805778812157,-40.00000_-60.00000,0.8177685322523929,1.2654389390898693,0.024187954371177156,0.05413893908986922
L0000.ANS,-40.0,-50.0,8.000085600032,2002/01/00,0,6.82,TOTAL,1.2968,0.087167,microSv/hr,ICRP Pub. 103 EFFECTIVE DOSE,-0.6427876096865393,0.766044443118978,-0.766044443118978,0.6427876096865394,-1.062489299996,0.8315168498247172,-40.00000_-50.00000,0.819846250939142,1.2701507771492475,-0.0116705988855752,-0.02664922285075244
L0000.ANS,-40.0,-40.0,8.000085600032,2002/01/00,0,6.21,TOTAL,1.3586,0.090633,microSv/hr,ICRP Pub. 103 EFFECTIVE DOSE,-0.6427876096865393,0.766044443118978,-0.6427876096865393,0.766044443118978,-1.062489299996,0.8580682226737326,-40.00000_-40.00000,0.8218021057624534,1.2745952074097615,-0.036266116911279234,-0.08400479259023852
L0000.ANS,-40.0,-30.0,8.000085600032,2002/01/00,0,5.51,TOTAL,1.4351,0.094931,microSv/hr,ICRP Pub. 103 EFFECTIVE DOSE,-0.6427876096865393,0.766044443118978,-0.49999999999999994,0.8660254037844387,-1.062489299996,0.8899878234531027,-40.00000_-30.00000,0.8235766690632316,1.278635204143739,-0.06641115438987111,-0.15646479585626105
L0000.ANS,-40.0,-20.0,8.000085600032,2002/01/00,0,4.69,TOTAL,1.5298,0.1002,microSv/hr,ICRP Pub. 103 EFFECTIVE DOSE,-0.6427876096865393,0.766044443118978,-0.3420201433256687,0.9396926207859084,-1.062489299996,0.9281402482313044,-40.00000_-20.00000,0.8251160216335549,1.2821455282220895,-0.10302422659774946,-0.24765447177791056
L0000.ANS,-40.0,-10.0,8.000085600032,2002/01/00,0,4.12,TOTAL,1.5974,0.10345,microSv/hr,ICRP Pub. 103 EFFECTIVE DOSE,-0.6427876096865393,0.766044443118978,-0.17364817766693033,0.984807753012208,-1.062489299996,0.9545109446938528,-40.00000_-10.00000,0.8263733910245241,1.2850168329220448,-0.12813755366932866,-0.3123831670779551
L0000.ANS,-40.0,0.0,8.000085600032,2002/01/00,0,3.75,TOTAL,1.6402,0.10486,microSv/hr,ICRP Pub. 103 EFFECTIVE DOSE,-0.6427876096865393,0.766044443118978,0.0,1.0,-1.062489299996,0.9708546718645221,-40.00000_0.00000,0.8273105727034542,1.2871593126234548,-0.14354409916106792,-0.35304068737654526
L0000.ANS,-40.0,10.0,8.000085600032,2002/01/00,0,3.5,TOTAL,1.669,0.10581,microSv/hr,ICRP Pub. 103 EFFECTIVE DOSE,-0.6427876096865393,0.766044443118978,0.17364817766693033,0.984807753012208,-1.062489299996,0.981703870422387,-40.00000_10.00000,0.8278990908792672,1.288505743610606,-0.15380477954311988,-0.38049425638939405
L0000.ANS,-40.0,20.0,8.000085600032,2002/01/00,0,3.46,TOTAL,1.6728,0.10594,microSv/hr,ICRP Pub. 103 EFFECTIVE DOSE,-0.6427876096865393,0.766044443118978,0.3420201433256687,0.9396926207859084,-1.062489299996,0.9831266120604097,-40.00000_20.00000,0.8281210637249954,1.2890137861267161,-0.15500554833541436,-0.38378621387328393
L0000.ANS,-40.0,30.0,8.000085600032,2002/01/00,0,3.44,TOTAL,1.6757,0.10605,microSv/hr,ICRP Pub. 103 EFFECTIVE DOSE,-0.6427876096865393,0.766044443118978,0.49999999999999994,0.8660254037844387,-1.062489299996,0.9842110283581343,-40.00000_30.00000,0.827969746708046,1.2886674455931124,-0.15624128165008833,-0.38703255440688755
L0000.ANS,-40.0,40.0,8.000085600032,2002/01/00,0,3.32,TOTAL,1.689,0.10675,microSv/hr,ICRP Pub. 103 EFFECTIVE DOSE,-0.6427876096865393,0.766044443118978,0.6427876096865393,0.766044443118978,-1.062489299996,0.9891693772867276,-40.00000_40.00000,0.8274497375194088,1.2874776268768133,-0.16171963976731885,-0.4015223731231867
L0000.ANS,-40.0,50.0,8.000085600032,2002/01/00,0,3.14,TOTAL,1.7083,0.10718,microSv/hr,ICRP Pub. 103 EFFECTIVE DOSE,-0.6427876096865393,0.766044443118978,0.766044443118978,0.6427876096865394,-1.062489299996,0.9963211317796434,-40.00000_50.00000,0.8265768363751422,1.2854817562644296,-0.1697442954045012,-0.4228182437355703
L0000.ANS,-40.0,60.0,8.000085600032,2002/01/00,0,2.9,TOTAL,1.733,0.10806,microSv/hr,ICRP Pub. 103 EFFECTIVE DOSE,-0.6427876096865393,0.766044443118978,0.8660254037844386,0.5000000000000001,-1.062489299996,1.005399906945931,-40.00000_60.00000,0.8253775659348066,1.2827424884419918,-0.18002234101112435,-0.4502575115580083
L0000.ANS,-40.0,70.0,8.000085600032,2002/01/00,0,2.63,TOTAL,1.7592,0.1088,microSv/hr,ICRP Pub. 103 EFFECTIVE DOSE,-0.6427876096865393,0.766044443118978,0.9396926207859083,0.3420201433256688,-1.062489299996,1.0149407826404941,-40.00000_70.00000,0.8238883654238709,1.2793455571455667,-0.19105241721662325,-0.47985444285443335
L0000.ANS,-40.0,80.0,8.000085600032,2002/01/00,0,2.4,TOTAL,1.7801,0.10929,microSv/hr,ICRP Pub. 103 EFFECTIVE DOSE,-0.6427876096865393,0.766044443118978,0.984807753012208,0.17364817766693041,-1.062489299996,1.0224868982786184,-40.00000_80.00000,0.8221544834462877,1.2753968652354781,-0.20033241483233066,-0.5047031347645219
L0000.ANS,-40.0,90.0,8.000085600032,2002/01/00,0,2.15,TOTAL,1.8007,0.10965,microSv/hr,ICRP Pub. 103 EFFECTIVE DOSE,-0.6427876096865393,0.766044443118978,1.0,6.123233995736766e-17,-1.062489299996,1.0298693859363657,-40.00000_90.00000,0.8202286031285597,1.2710189402306498,-0.20964078280780596,-0.5296810597693502
L0000.ANS,-40.0,100.0,8.000085600032,2002/01/00,0,2.06,TOTAL,1.8074,0.10969,microSv/hr,ICRP Pub. 103 EFFECTIVE DOSE,-0.6427876096865393,0.766044443118978,0.984807753012208,-0.1736481776669303,-1.062489299996,1.0322587881180885,-40.00000_100.00000,0.8181692413695991,1.2663469030298018,-0.21408954674848935,-0.5410530969701981
L0000.ANS,-40.0,110.0,8.000085600032,2002/01/00,0,2.05,TOTAL,1.8082,0.10971,microSv/hr,ICRP Pub. 103 EFFECTIVE DOSE,-0.6427876096865393,0.766044443118978,0.9396926207859084,-0.3420201433256687,-1.062489299996,1.0325437086984048,-40.00000_110.00000,0.8160389708343638,1.2615241097507064,-0.216504737864041,-0.5466758902492936
L0000.ANS,-40.0,120.0,8.000085600032,2002/01/00,0,2.08,TOTAL,1.8059,0.10968,microSv/hr,ICRP Pub. 103 EFFECTIVE DOSE,-0.6427876096865393,0.766044443118978,0.8660254037844387,-0.4999999999999998,-1.062489299996,1.031724343126478,-40.00000_120.00000,0.8139025187150981,1.2566976293816088,-0.21782182441137987,-0.5492023706183913
L0000.ANS,-40.0,130.0,8.000085600032,2002/01/00,0,2.2,TOTAL,1.7967,0.10954,microSv/hr,ICRP Pub. 103 EFFECTIVE DOSE,-0.6427876096865393,0.766044443118978,0.766044443118978,-0.6427876096865394,-1.062489299996,1.0284401506911074,-40.00000_130.00000,0.811824800028349,1.252013714160796,-0.2166153506627584,-0.5446862858392039
L0000.ANS,-40.0,140.0,8.000085600032,2002/01/00,0,2.36,TOTAL,1.7834,0.10932,microSv/hr,ICRP Pub. 103 EFFECTIVE DOSE,-0.6427876096865393,0.766044443118978,0.6427876096865395,-0.7660444431189779,-1.062489299996,1.0236732020036161,-40.00000_140.00000,0.8098689452050376,1.2476134068596536,-0.2138042567985785,-0.5357865931403465
L0000.ANS,-40.0,150.0,8.000085600032,2002/01/00,0,2.63,TOTAL,1.7589,0.1088,microSv/hr,ICRP Pub. 103 EFFECTIVE DOSE,-0.6427876096865393,0.766044443118978,0.49999999999999994,-0.8660254037844387,-1.062489299996,1.0148320495619723,-40.00000_150.00000,0.808094381904259,1.243628411452558,-0.2067376676577133,-0.5152715885474419
L0000.ANS,-40.0,160.0,8.000085600032,2002/01/00,0,3.0,TOTAL,1.7231,0.10776,microSv/hr,ICRP Pub. 103 EFFECTIVE DOSE,-0.6427876096865393,0.766044443118978,0.3420201433256689,-0.9396926207859083,-1.062489299996,1.0017709372185544,-40.00000_160.00000,0.8065550293339356,1.2401773331851134,-0.19521590788461873,-0.4829226668148867
L0000.ANS,-40.0,170.0,8.000085600032,2002/01/00,0,3.45,TOTAL,1.6746,0.10601,microSv/hr,ICRP Pub. 103 EFFECTIVE DOSE,-0.6427876096865393,0.766044443118978,0.17364817766693028,-0.984807753012208,-1.062489299996,0.9837998364565592,-40.00000_170.00000,0.8052976599429664,1.2373623728693581,-0.1785021765135928,-0.43723762713064196
L0000.ANS,-35.0,-179.99999,8.000085600032,2002/01/00,0,5.5,TOTAL,1.4354,0.094948,microSv/hr,ICRP Pub. 103 EFFECTIVE DOSE,-0.573576436351046,0.8191520442889918,-1.745329251238221e-07,-0.9999999999999848,-1.062489299996,0.89011101409077,-35.00000_-179.99999,0.7649726165163484,1.1489355285086043,-0.12513839757442158,-0.28646447149139576
L0000.ANS,-35.0,-170.0,8.000085600032,2002/01/00,0,6.09,TOTAL,1.3712,0.091496,microSv/hr,ICRP Pub. 103 EFFECTIVE DOSE,-0.573576436351046,0.8191520442889918,-0.17364817766693028,-0.984807753012208,-1.062489299996,0.8633961561196307,-35.00000_-170.00000,0.7643840991072719,1.1476712146109551,-0.09901205701235882,-0.22352878538904486
L0000.ANS,-35.0,-160.0,8.000085600032,2002/01/00,0,6.79,TOTAL,1.2999,0.087449,microSv/hr,ICRP Pub. 103 EFFECTIVE DOSE,-0.573576436351046,0.8191520442889918,-0.3420201433256689,-0.9396926207859083,-1.062489299996,0.8328656437290275,-35.00000_-160.00000,0.7641621262615432,1.1471945428258121,-0.06870351746748427,-0.15270545717418793
L0000.ANS,-35.0,-150.0,8.000085600032,2002/01/00,0,7.8,TOTAL,1.209,0.081476,microSv/hr,ICRP Pub. 103 EFFECTIVE DOSE,-0.573576436351046,0.8191520442889918,-0.49999999999999994,-0.8660254037844387,-1.062489299996,0.7925399244379802,-35.00000_-150.00000,0.7643134432784926,1.147519474482067,-0.02822648115948756,-0.06148052551793315
L0000.ANS,-35.0,-140.0,8.000085600032,2002/01/00,0,8.57,TOTAL,1.1466,0.078011,microSv/hr,ICRP Pub. 103 EFFECTIVE DOSE,-0.573576436351046,0.8191520442889918,-0.6427876096865395,-0.7660444431189779,-1.062489299996,0.763885195065287,-35.00000_-140.00000,0.7648334524671303,1.1486364947468055,0.0009482574018433443,0.0020364947468054506
L0000.ANS,-35.0,-130.0,8.000085600032,2002/01/00,0,8.49,TOTAL,1.1523,0.078696,microSv/hr,ICRP Pub. 103 EFFECTIVE DOSE,-0.573576436351046,0.8191520442889918,-0.766044443118978,-0.6427876096865394,-1.062489299996,0.7665370377879964,-35.00000_-130.00000,0.7657063536113964,1.1505128608235873,-0.0008306841766000383,-0.001787139176412822
L0000.ANS,-35.0,-120.0,8.000085600032,2002/01/00,0,9.83,TOTAL,1.0387,0.069887,microSv/hr,ICRP Pub. 103 EFFECTIVE DOSE,-0.573576436351046,0.8191520442889918,-0.8660254037844387,-0.4999999999999998,-1.062489299996,0.7123123498209561,-35.00000_-120.00000,0.7669056240517325,1.153093454434659,0.05459327423077631,0.11439345443465898
L0000.ANS,-35.0,-110.0,8.000085600032,2002/01/00,0,10.65,TOTAL,0.97779,0.066027,microSv/hr,ICRP Pub. 103 EFFECTIVE DOSE,-0.573576436351046,0.8191520442889918,-0.9396926207859084,-0.3420201433256687,-1.062489299996,0.6819800597180062,-35.00000_-110.00000,0.7683948245626682,1.1563022309699098,0.08641476484466193,0.17851223096990976
L0000.ANS,-35.0,-100.0,8.000085600032,2002/01/00,0,10.72,TOTAL,0.97376,0.0656,microSv/hr,ICRP Pub. 103 EFFECTIVE DOSE,-0.573576436351046,0.8191520442889918,-0.984807753012208,-0.1736481776669303,-1.062489299996,0.6799403530726635,-35.00000_-100.00000,0.7701287065402513,1.1600442477166262,0.0901883534675878,0.18628424771662622
L0000.ANS,-35.0,-90.0,8.000085600032,2002/01/00,0,10.51,TOTAL,0.98625,0.067005,microSv/hr,ICRP Pub. 103 EFFECTIVE DOSE,-0.573576436351046,0.8191520442889918,-1.0,6.123233995736766e-17,-1.062489299996,0.6862484388687886,-35.00000_-90.00000,0.7720545868579789,1.164208242809794,0.08580614798919028,0.177958242809794
L0000.ANS,-35.0,-80.0,8.000085600032,2002/01/00,0,10.07,TOTAL,1.0188,0.068614,microSv/hr,ICRP Pub. 103 EFFECTIVE DOSE,-0.573576436351046,0.8191520442889918,-0.984807753012208,0.17364817766693041,-1.062489299996,0.7025032754839702,-35.00000_-80.00000,0.7741139486169399,1.1686697228273828,0.07161067313296976,0.14986972282738287
L0000.ANS,-35.0,-70.0,8.000085600032,2002/01/00,0,9.54,TOTAL,1.0625,0.072152,microSv/hr,ICRP Pub. 103 EFFECTIVE DOSE,-0.573576436351046,0.8191520442889918,-0.9396926207859083,0.3420201433256688,-1.062489299996,0.723918839226699,-35.00000_-70.00000,0.7762442191521752,1.1732945003032162,0.052325379925476256,0.11079450030321625
L0000.ANS,-35.0,-60.0,8.000085600032,2002/01/00,0,8.82,TOTAL,1.1254,0.075902,microSv/hr,ICRP Pub. 103 EFFECTIVE DOSE,-0.573576436351046,0.8191520442889918,-0.8660254037844386,0.5000000000000001,-1.062489299996,0.7539600199564577,-35.00000_-60.00000,0.778380671271441,1.1779426034010405,0.024420651314983277,0.052542603401040555
L0000.ANS,-35.0,-50.0,8.000085600032,2002/01/00,0,7.95,TOTAL,1.196,0.080529,microSv/hr,ICRP Pub. 103 EFFECTIVE DOSE,-0.573576436351046,0.8191520442889918,-0.766044443118978,0.6427876096865394,-1.062489299996,0.7866375236472842,-35.00000_-50.00000,0.7804583899581896,1.1824724597007505,-0.006179133689094618,-0.013527540299249408
L0000.ANS,-35.0,-40.0,8.000085600032,2002/01/00,0,6.86,TOTAL,1.2934,0.086877,microSv/hr,ICRP Pub. 103 EFFECTIVE DOSE,-0.573576436351046,0.8191520442889918,-0.6427876096865393,0.766044443118978,-1.062489299996,0.830035432622067,-35.00000_-40.00000,0.7824142447815015,1.1867452360908788,-0.04762118784056557,-0.10665476390912132
L0000.ANS,-35.0,-30.0,8.000085600032,2002/01/00,0,6.31,TOTAL,1.3483,0.090094,microSv/hr,ICRP Pub. 103 EFFECTIVE DOSE,-0.573576436351046,0.8191520442889918,-0.49999999999999994,0.8660254037844387,-1.062489299996,0.8536916621176325,-35.00000_-30.00000,0.7841888080822796,1.1906291990848517,-0.06950285403535283,-0.1576708009151484
L0000.ANS,-35.0,-20.0,8.000085600032,2002/01/00,0,5.57,TOTAL,1.4273,0.094541,microSv/hr,ICRP Pub. 103 EFFECTIVE DOSE,-0.573576436351046,0.8191520442889918,-0.3420201433256687,0.9396926207859084,-1.062489299996,0.8867795284997666,-35.00000_-20.00000,0.785728160652603,1.194003946569794,-0.10105136784716362,-0.23329605343020599
L0000.ANS,-35.0,-10.0,8.000085600032,2002/01/00,0,4.94,TOTAL,1.5004,0.098386,microSv/hr,ICRP Pub. 103 EFFECTIVE DOSE,-0.573576436351046,0.8191520442889918,-0.17364817766693033,0.984807753012208,-1.062489299996,0.9164507190755202,-35.00000_-10.00000,0.7869855300435722,1.1967643550387554,-0.12946518903194804,-0.3036356449612445
L0000.ANS,-35.0,0.0,8.000085600032,2002/01/00,0,4.57,TOTAL,1.5436,0.10096,microSv/hr,ICRP Pub. 103 EFFECTIVE DOSE,-0.573576436351046,0.8191520442889918,0.0,1.0,-1.062489299996,0.9335804004111157,-35.00000_0.00000,0.7879227117225018,1.198824087366167,-0.14565768868861384,-0.344775912633833
L0000.ANS,-35.0,10.0,8.000085600032,2002/01/00,0,4.41,TOTAL,1.5627,0.10141,microSv/hr,ICRP Pub. 103 EFFECTIVE DOSE,-0.573576436351046,0.8191520442889918,0.17364817766693033,0.984807753012208,-1.062489299996,0.9410613901993667,-35.00000_10.00000,0.7885112298983148,1.2001185161670749,-0.15255016030105195,-0.3625814838329251
L0000.ANS,-35.0,20.0,8.000085600032,2002/01/00,0,4.32,TOTAL,1.5734,0.10188,microSv/hr,ICRP Pub. 103 EFFECTIVE DOSE,-0.573576436351046,0.8191520442889918,0.3420201433256687,0.9396926207859084,-1.062489299996,0.9452279817687527,-35.00000_20.00000,0.7887332027440435,1.2006069369411179,-0.1564947790247092,-0.37279306305888205
L0000.ANS,-35.0,30.0,8.000085600032,2002/01/00,0,4.33,TOTAL,1.572,0.10181,microSv/hr,ICRP Pub. 103 EFFECTIVE DOSE,-0.573576436351046,0.8191520442889918,0.49999999999999994,0.8660254037844387,-1.062489299996,0.944683806375373,-35.00000_30.00000,0.7885818857270941,1.2002739728561433,-0.15610192064827888,-0.3717260271438567
L0000.ANS,-35.0,40.0,8.000085600032,2002/01/00,0,4.41,TOTAL,1.5632,0.10142,microSv/hr,ICRP Pub. 103 EFFECTIVE DOSE,-0.573576436351046,0.8191520442889918,0.6427876096865393,0.766044443118978,-1.062489299996,0.941256477891903,-35.00000_40.00000,0.7880618765384568,1.1991301076087342,-0.1531946013534462,-0.36406989239126575
L0000.ANS,-35.0,50.0,8.000085600032,2002/01/00,0,4.28,TOTAL,1.5781,0.10212,microSv/hr,ICRP Pub. 103 EFFECTIVE DOSE,-0.573576436351046,0.8191520442889918,0.766044443118978,0.6427876096865394,-1.062489299996,0.9470526935241959,-35.00000_50.00000,0.7871889753941903,1.197211321998325,-0.15986371813000555,-0.38088867800167514
L0000.ANS,-35.0,60.0,8.000085600032,2002/01/00,0,4.15,TOTAL,1.5935,0.10314,microSv/hr,ICRP Pub. 103 EFFECTIVE DOSE,-0.573576436351046,0.8191520442889918,0.8660254037844386,0.5000000000000001,-1.062489299996,0.9530083148093178,-35.00000_60.00000,0.7859897049538542,1.1945778508463671,-0.16701860985546357,-0.3989221491536328
L0000.ANS,-35.0,70.0,8.000085600032,2002/01/00,0,4.0,TOTAL,1.6108,0.10365,microSv/hr,ICRP Pub. 103 EFFECTIVE DOSE,-0.573576436351046,0.8191520442889918,0.9396926207859083,0.3420201433256688,-1.062489299996,0.9596566877789253,-35.00000_70.00000,0.7845005044429185,1.191312116659648,-0.1751561833360068,-0.4194878833403519
L0000.ANS,-35.0,80.0,8.000085600032,2002/01/00,0,3.7,TOTAL,1.6453,0.1052,microSv/hr,ICRP Pub. 103 EFFECTIVE DOSE,-0.573576436351046,0.8191520442889918,0.984807753012208,0.17364817766693041,-1.062489299996,0.9727844804286195,-35.00000_80.00000,0.7827666224653353,1.1875159320923685,-0.1900178579632842,-0.4577840679076315
L0000.ANS,-35.0,90.0,8.000085600032,2002/01/00,0,3.49,TOTAL,1.6694,0.10582,microSv/hr,ICRP Pub. 103 EFFECTIVE DOSE,-0.573576436351046,0.8191520442889918,1.0,6.123233995736766e-17,-1.062489299996,0.981853728057914,-35.00000_90.00000,0.7808407421476078,1.1833070923757092,-0.20101298591030625,-0.4860929076242908
L0000.ANS,-35.0,100.0,8.000085600032,2002/01/00,0,3.43,TOTAL,1.6766,0.10609,microSv/hr,ICRP Pub. 103 EFFECTIVE DOSE,-0.573576436351046,0.8191520442889918,0.984807753012208,-0.1736481776669303,-1.062489299996,0.984547332380137,-35.00000_100.00000,0.7787813803886467,1.1788154997360543,-0.20576595199149028,-0.49778450026394583
L0000.ANS,-35.0,110.0,8.000085600032,2002/01/00,0,3.41,TOTAL,1.6783,0.10617,microSv/hr,ICRP Pub. 103 EFFECTIVE DOSE,-0.573576436351046,0.8191520442889918,0.9396926207859084,-0.3420201433256687,-1.062489299996,0.985182264893204,-35.00000_110.00000,0.7766511098534115,1.1741789735562058,-0.20853115503979258,-0.5041210264437941
L0000.ANS,-35.0,120.0,8.000085600032,2002/01/00,0,3.4,TOTAL,1.6794,0.10622,microSv/hr,ICRP Pub. 103 EFFECTIVE DOSE,-0.573576436351046,0.8191520442889918,0.8660254037844387,-0.4999999999999998,-1.062489299996,0.9855928888607484,-35.00000_120.00000,0.7745146577341457,1.1695389026900453,-0.21107823112660262,-0.5098610973099547
L0000.ANS,-35.0,130.0,8.000085600032,2002/01/00,0,3.54,TOTAL,1.6636,0.10567,microSv/hr,ICRP Pub. 103 EFFECTIVE DOSE,-0.573576436351046,0.8191520442889918,0.766044443118978,-0.6427876096865394,-1.062489299996,0.9796785912543302,-35.00000_130.00000,0.7724369390473971,1.1650358907862142,-0.20724165220693314,-0.4985641092137858
L0000.ANS,-35.0,140.0,8.000085600032,2002/01/00,0,3.77,TOTAL,1.6373,0.10468,microSv/hr,ICRP Pub. 103 EFFECTIVE DOSE,-0.573576436351046,0.8191520442889918,0.6427876096865395,-0.7660444431189779,-1.062489299996,0.9697556665431055,-35.00000_140.00000,0.7704810842240857,1.1608055332277514,-0.19927458231901984,-0.4764944667722486
L0000.ANS,-35.0,150.0,8.000085600032,2002/01/00,0,4.17,TOTAL,1.5912,0.10296,microSv/hr,ICRP Pub. 103 EFFECTIVE DOSE,-0.573576436351046,0.8191520442889918,0.49999999999999994,-0.8660254037844387,-1.062489299996,0.9521210888749825,-35.00000_150.00000,0.768706520923307,1.1569744472859878,-0.18341456795167543,-0.4342255527140122
L0000.ANS,-35.0,160.0,8.000085600032,2002/01/00,0,4.6,TOTAL,1.5397,0.10094,microSv/hr,ICRP Pub. 103 EFFECTIVE DOSE,-0.573576436351046,0.8191520442889918,0.3420201433256689,-0.9396926207859083,-1.062489299996,0.9320459638186616,-35.00000_160.00000,0.7671671683529837,1.153656657405781,-0.16487879546567785,-0.38604334259421913
L0000.ANS,-35.0,170.0,8.000085600032,2002/01/00,0,5.04,TOTAL,1.4886,0.097977,microSv/hr,ICRP Pub. 103 EFFECTIVE DOSE,-0.573576436351046,0.8191520442889918,0.17364817766693028,-0.984807753012208,-1.062489299996,0.9117203033593937,-35.00000_170.00000,0.7659097989620145,1.1509504171744598,-0.1458105043973792,-0.33764958282554014
L0000.ANS,-30.0,-179.99999,8.000085600032,2002/01/00,0,7.8,TOTAL,1.209,0.081476,microSv/hr,ICRP Pub. 103 EFFECTIVE DOSE,-0.49999999999999994,0.8660254037844387,-1.745329251238221e-07,-0.9999999999999848,-1.062489299996,0.7925399244379802,-30.00000_-179.99999,0.7298845078622032,1.0748409660172715,-0.062655416575777,-0.13415903398272855
L0000.ANS,-30.0,-170.0,8.000085600032,2002/01/00,0,8.75,TOTAL,1.1322,0.076511,microSv/hr,ICRP Pub. 103 EFFECTIVE DOSE,-0.49999999999999994,0.8660254037844387,-0.17364817766693028,-0.984807753012208,-1.062489299996,0.7571543105342378,-30.00000_-170.00000,0.7292959904531267,1.0736202452306558,-0.02785832008111111,-0.058579754769344294
L0000.ANS,-30.0,-160.0,8.000085600032,2002/01/00,0,9.41,TOTAL,1.073,0.07342,microSv/hr,ICRP Pub. 103 EFFECTIVE DOSE,-0.49999999999999994,0.8660254037844387,-0.3420201433256689,-0.9396926207859083,-1.062489299996,0.7289968334536425,-30.00000_-160.00000,0.729074017607398,1.0731600089257323,7.718415375546073e-05,0.0001600089257323134
L0000.ANS,-30.0,-150.0,8.000085600032,2002/01/00,0,8.87,TOTAL,1.1212,0.075571,microSv/hr,ICRP Pub. 103 EFFECTIVE DOSE,-0.49999999999999994,0.8660254037844387,-0.49999999999999994,-0.8660254037844387,-1.062489299996,0.7519819662808379,-30.00000_-150.00000,0.7292253346243474,1.073473737049545,-0.022756631656490556,-0.0477262629504549
L0000.ANS,-30.0,-140.0,8.000085600032,2002/01/00,0,10.0,TOTAL,1.0252,0.069008,microSv/hr,ICRP Pub. 103 EFFECTIVE DOSE,-0.49999999999999994,0.8660254037844387,-0.6427876096865395,-0.7660444431189779,-1.062489299996,0.705668461113617,-30.00000_-140.00000,0.7297453438129846,1.0745522428373655,0.024076882699367586,0.04935224283736561
L0000.ANS,-30.0,-130.0,8.000085600032,2002/01/00,0,11.29,TOTAL,0.94128,0.062992,microSv/hr,ICRP Pub. 103 EFFECTIVE DOSE,-0.49999999999999994,0.8660254037844387,-0.766044443118978,-0.6427876096865394,-1.062489299996,0.6633475493214258,-30.00000_-130.00000,0.7306182449572511,1.0763639124531847,0.06727069563582533,0.13508391245318474
L0000.ANS,-30.0,-120.0,8.000085600032,2002/01/00,0,11.51,TOTAL,0.92943,0.062327,microSv/hr,ICRP Pub. 103 EFFECTIVE DOSE,-0.49999999999999994,0.8660254037844387,-0.8660254037844387,-0.4999999999999998,-1.062489299996,0.6572246225087317,-30.00000_-120.00000,0.7318175153975872,1.0788555280786243,0.07459289288885551,0.1494255280786243
L0000.ANS,-30.0,-110.0,8.000085600032,2002/01/00,0,11.57,TOTAL,0.92578,0.062177,microSv/hr,ICRP Pub. 103 EFFECTIVE DOSE,-0.49999999999999994,0.8660254037844387,-0.9396926207859084,-0.3420201433256687,-1.062489299996,0.6553310804756959,-30.00000_-110.00000,0.7333067159085229,1.0819536670957375,0.07797563543282704,0.15617366709573743
L0000.ANS,-30.0,-100.0,8.000085600032,2002/01/00,0,11.5,TOTAL,0.92989,0.062348,microSv/hr,ICRP Pub. 103 EFFECTIVE DOSE,-0.49999999999999994,0.8660254037844387,-0.984807753012208,-0.1736481776669303,-1.062489299996,0.6574630064738749,-30.00000_-100.00000,0.7350405978861057,1.0855666603840917,0.07757759141223075,0.15567666038409167
L0000.ANS,-30.0,-90.0,8.000085600032,2002/01/00,0,11.29,TOTAL,0.94141,0.063,microSv/hr,ICRP Pub. 103 EFFECTIVE DOSE,-0.49999999999999994,0.8660254037844387,-1.0,6.123233995736766e-17,-1.062489299996,0.663414513204738,-30.00000_-90.00000,0.7369664782038337,1.089587082349751,0.07355196499909566,0.14817708234975113
L0000.ANS,-30.0,-80.0,8.000085600032,2002/01/00,0,10.89,TOTAL,0.9642,0.064691,microSv/hr,ICRP Pub. 103 EFFECTIVE DOSE,-0.49999999999999994,0.8660254037844387,-0.984807753012208,0.17364817766693041,-1.062489299996,0.6750850377415368,-30.00000_-80.00000,0.7390258399627943,1.093894732061319,0.06394080222125742,0.1296947320613191
L0000.ANS,-30.0,-70.0,8.000085600032,2002/01/00,0,10.36,TOTAL,0.99561,0.067726,microSv/hr,ICRP Pub. 103 EFFECTIVE DOSE,-0.49999999999999994,0.8660254037844387,-0.9396926207859083,0.3420201433256688,-1.062489299996,0.6909497680164435,-30.00000_-70.00000,0.74115611049803,1.0983600487905907,0.05020634248158651,0.10275004879059069
L0000.ANS,-30.0,-60.0,8.000085600032,2002/01/00,0,9.79,TOTAL,1.0416,0.070117,microSv/hr,ICRP Pub. 103 EFFECTIVE DOSE,-0.49999999999999994,0.8660254037844387,-0.8660254037844386,0.5000000000000001,-1.062489299996,0.7137338141683337,-30.00000_-60.00000,0.7432925626172953,1.102847886882378,0.029558748448961558,0.06124788688237781
L0000.ANS,-30.0,-50.0,8.000085600032,2002/01/00,0,9.0,TOTAL,1.1092,0.074762,microSv/hr,ICRP Pub. 103 EFFECTIVE DOSE,-0.49999999999999994,0.8660254037844387,-0.766044443118978,0.6427876096865394,-1.062489299996,0.7463087286741776,-30.00000_-50.00000,0.7453702813040444,1.1072215552852331,-0.0009384473701332663,-0.001978444714766825
L0000.ANS,-30.0,-40.0,8.000085600032,2002/01/00,0,8.09,TOTAL,1.1846,0.079908,microSv/hr,ICRP Pub. 103 EFFECTIVE DOSE,-0.49999999999999994,0.8660254037844387,-0.6427876096865393,0.766044443118978,-1.062489299996,0.7814327454273058,-30.00000_-40.00000,0.7473261361273558,1.1113470078059147,-0.03410660929995002,-0.07325299219408543
L0000.ANS,-30.0,-30.0,8.000085600032,2002/01/00,0,7.1,TOTAL,1.2704,0.08534,microSv/hr,ICRP Pub. 103 EFFECTIVE DOSE,-0.49999999999999994,0.8660254037844387,-0.49999999999999994,0.8660254037844387,-1.062489299996,0.8199560274236412,-30.00000_-30.00000,0.7491006994281344,1.115097053083441,-0.07085532799550676,-0.155302946916559
L0000.ANS,-30.0,-20.0,8.000085600032,2002/01/00,0,6.46,TOTAL,1.3324,0.089573,microSv/hr,ICRP Pub. 103 EFFECTIVE DOSE,-0.49999999999999994,0.8660254037844387,-0.3420201433256687,0.9396926207859084,-1.062489299996,0.8468977803658639,-30.00000_-20.00000,0.7506400519984577,1.118355440428631,-0.0962577283674062,-0.21404455957136892
L0000.ANS,-30.0,-10.0,8.000085600032,2002/01/00,0,6.01,TOTAL,1.3793,0.092175,microSv/hr,ICRP Pub. 103 EFFECTIVE DOSE,-0.49999999999999994,0.8660254037844387,-0.17364817766693033,0.984807753012208,-1.062489299996,0.8668063267752466,-30.00000_-10.00000,0.751897421389427,1.121020670957123,-0.11490890538581966,-0.25827932904287687
L0000.ANS,-30.0,0.0,8.000085600032,2002/01/00,0,5.75,TOTAL,1.4073,0.093935,microSv/hr,ICRP Pub. 103 EFFECTIVE DOSE,-0.49999999999999994,0.8660254037844387,0.0,1.0,-1.062489299996,0.8785057875113967,-30.00000_0.00000,0.7528346030683566,1.1230093844179265,-0.12567118444304015,-0.28429061558207347
L0000.ANS,-30.0,10.0,8.000085600032,2002/01/00,0,5.68,TOTAL,1.4148,0.094098,microSv/hr,ICRP Pub. 103 EFFECTIVE DOSE,-0.49999999999999994,0.8660254037844387,0.17364817766693033,0.984807753012208,-1.062489299996,0.881616467940134,-30.00000_10.00000,0.7534231212441695,1.1242591817562302,-0.1281933466959645,-0.29054081824376987
L0000.ANS,-30.0,20.0,8.000085600032,2002/01/00,0,5.75,TOTAL,1.407,0.093931,microSv/hr,ICRP Pub. 103 EFFECTIVE DOSE,-0.49999999999999994,0.8660254037844387,0.3420201433256687,0.9396926207859084,-1.062489299996,0.8783811588009349,-30.00000_20.00000,0.7536450940898982,1.1247307619489322,-0.12473606471103671,-0.28226923805106785
L0000.ANS,-30.0,30.0,8.000085600032,2002/01/00,0,5.92,TOTAL,1.3885,0.093056,microSv/hr,ICRP Pub. 103 EFFECTIVE DOSE,-0.49999999999999994,0.8660254037844387,0.49999999999999994,0.8660254037844387,-1.062489299996,0.8706655538478796,-30.00000_30.00000,0.7534937770729488,1.1244092783517963,-0.11717177677493074,-0.2640907216482038
L0000.ANS,-30.0,40.0,8.000085600032,2002/01/00,0,5.97,TOTAL,1.3827,0.092488,microSv/hr,ICRP Pub. 103 EFFECTIVE DOSE,-0.49999999999999994,0.8660254037844387,0.6427876096865393,0.766044443118978,-1.062489299996,0.8682342984584662,-30.00000_40.00000,0.7529737678843111,1.1233048531871304,-0.11526053057415508,-0.2593951468128697
L0000.ANS,-30.0,50.0,8.000085600032,2002/01/00,0,5.84,TOTAL,1.3973,0.093845,microSv/hr,ICRP Pub. 103 EFFECTIVE DOSE,-0.49999999999999994,0.8660254037844387,0.766044443118978,0.6427876096865394,-1.062489299996,0.8743431040663897,-30.00000_50.00000,0.7521008667400446,1.1214522266487044,-0.1222422373263451,-0.2758477733512956
L0000.ANS,-30.0,60.0,8.000085600032,2002/01/00,0,5.63,TOTAL,1.4209,0.094287,microSv/hr,ICRP Pub. 103 EFFECTIVE DOSE,-0.49999999999999994,0.8660254037844387,0.8660254037844386,0.5000000000000001,-1.062489299996,0.88413937185707,-30.00000_60.00000,0.750901596299709,1.1189095566819152,-0.13323777555736105,-0.3019904433180849
L0000.ANS,-30.0,70.0,8.000085600032,2002/01/00,0,5.48,TOTAL,1.4379,0.09509,microSv/hr,ICRP Pub. 103 EFFECTIVE DOSE,-0.49999999999999994,0.8660254037844387,0.9396926207859083,0.3420201433256688,-1.062489299996,0.8911370129906149,-30.00000_70.00000,0.7494123957887733,1.1157564238936875,-0.1417246172018416,-0.3221435761063125
L0000.ANS,-30.0,80.0,8.000085600032,2002/01/00,0,5.33,TOTAL,1.4558,0.096361,microSv/hr,ICRP Pub. 103 EFFECTIVE DOSE,-0.49999999999999994,0.8660254037844387,0.984807753012208,0.17364817766693041,-1.062489299996,0.8984525737442752,-30.00000_80.00000,0.7476785138111901,1.1120911304727068,-0.15077405993308512,-0.3437088695272932
L0000.ANS,-30.0,90.0,8.000085600032,2002/01/00,0,5.25,TOTAL,1.4648,0.097113,microSv/hr,ICRP Pub. 103 EFFECTIVE DOSE,-0.49999999999999994,0.8660254037844387,1.0,6.123233995736766e-17,-1.062489299996,0.9021106683003212,-30.00000_90.00000,0.7457526334934625,1.1080274101108467,-0.15635803480685861,-0.3567725898891534
L0000.ANS,-30.0,100.0,8.000085600032,2002/01/00,0,5.22,TOTAL,1.4674,0.097352,microSv/hr,ICRP Pub. 103 EFFECTIVE DOSE,-0.49999999999999994,0.8660254037844387,0.984807753012208,-0.1736481776669303,-1.062489299996,0.9031649646552272,-30.00000_100.00000,0.7436932717345015,1.1036906860501274,-0.15947169292072572,-0.3637093139498726
L0000.ANS,-30.0,110.0,8.000085600032,2002/01/00,0,5.2,TOTAL,1.4694,0.097537,microSv/hr,ICRP Pub. 103 EFFECTIVE DOSE,-0.49999999999999994,0.8660254037844387,0.9396926207859084,-0.3420201433256687,-1.062489299996,0.9039752061515063,-30.00000_110.00000,0.7415630011992662,1.0992140257081406,-0.16241220495224007,-0.3701859742918594
L0000.ANS,-30.0,120.0,8.000085600032,2002/01/00,0,5.3,TOTAL,1.4587,0.09661,microSv/hr,ICRP Pub. 103 EFFECTIVE DOSE,-0.49999999999999994,0.8660254037844387,0.8660254037844387,-0.4999999999999998,-1.062489299996,0.8996327549780122,-30.00000_120.00000,0.7394265490800005,1.094733942899414,-0.1602062058980117,-0.36396605710058605
L0000.ANS,-30.0,130.0,8.000085600032,2002/01/00,0,5.39,TOTAL,1.4482,0.095771,microSv/hr,ICRP Pub. 103 EFFECTIVE DOSE,-0.49999999999999994,0.8660254037844387,0.766044443118978,-0.6427876096865394,-1.062489299996,0.895353060659275,-30.00000_130.00000,0.7373488303932518,1.0903861933068442,-0.15800423026602317,-0.35781380669315577
L0000.ANS,-30.0,140.0,8.000085600032,2002/01/00,0,5.52,TOTAL,1.4335,0.094845,microSv/hr,ICRP Pub. 103 EFFECTIVE DOSE,-0.49999999999999994,0.8660254037844387,0.6427876096865395,-0.7660444431189779,-1.062489299996,0.889330550291372,-30.00000_140.00000,0.73539297556994,1.0863016970310098,-0.153937574721432,-0.34719830296899024
L0000.ANS,-30.0,150.0,8.000085600032,2002/01/00,0,5.82,TOTAL,1.3987,0.093849,microSv/hr,ICRP Pub. 103 EFFECTIVE DOSE,-0.49999999999999994,0.8660254037844387,0.49999999999999994,-0.8660254037844387,-1.062489299996,0.8749269239328474,-30.00000_150.00000,0.7336184122691618,1.0826027056230085,-0.14130851166368563,-0.3160972943769915
L0000.ANS,-30.0,160.0,8.000085600032,2002/01/00,0,6.29,TOTAL,1.3504,0.090191,microSv/hr,ICRP Pub. 103 EFFECTIVE DOSE,-0.49999999999999994,0.8660254037844387,0.3420201433256689,-0.9396926207859083,-1.062489299996,0.8545855264374758,-30.00000_160.00000,0.7320790596988385,1.0793993120038115,-0.1225064667386373,-0.2710006879961886
L0000.ANS,-30.0,170.0,8.000085600032,2002/01/00,0,6.94,TOTAL,1.2858,0.086279,microSv/hr,ICRP Pub. 103 EFFECTIVE DOSE,-0.49999999999999994,0.8660254037844387,0.17364817766693028,-0.984807753012208,-1.062489299996,0.8267160724813605,-30.00000_170.00000,0.7308216903078693,1.0767863820106411,-0.09589438217349122,-0.2090136179893589
L0000.ANS,-25.0,-179.99999,8.000085600032,2002/01/00,0,9.88,TOTAL,1.0345,0.069579,microSv/hr,ICRP Pub. 103 EFFECTIVE DOSE,-0.42261826174069944,0.9063077870366499,-1.745329251238221e-07,-0.9999999999999848,-1.062489299996,0.7102500884596076,-25.00000_-179.99999,0.6993631932285016,1.012470744334961,-0.010886895231105975,-0.022029255665038994
L0000.ANS,-25.0,-170.0,8.000085600032,2002/01/00,0,10.32,TOTAL,0.99875,0.067788,microSv/hr,ICRP Pub. 103 EFFECTIVE DOSE,-0.42261826174069944,0.9063077870366499,-0.17364817766693028,-0.984807753012208,-1.062489299996,0.6925219851660269,-25.00000_-170.00000,0.6987746758194255,1.0112867187106842,0.006252690653398618,0.01253671871068418
L0000.ANS,-25.0,-160.0,8.000085600032,2002/01/00,0,11.16,TOTAL,0.94881,0.06355,microSv/hr,ICRP Pub. 103 EFFECTIVE DOSE,-0.42261826174069944,0.9063077870366499,-0.3420201433256689,-0.9396926207859083,-1.062489299996,0.6672189298831654,-25.00000_-160.00000,0.6985527029736969,1.0108403172204932,0.031333773090531425,0.062030317220493125
L0000.ANS,-25.0,-150.0,8.000085600032,2002/01/00,0,11.71,TOTAL,0.91834,0.06195,microSv/hr,ICRP Pub. 103 EFFECTIVE DOSE,-0.42261826174069944,0.9063077870366499,-0.49999999999999994,-0.8660254037844387,-1.062489299996,0.6514602287386203,-25.00000_-150.00000,0.6987040199906462,1.0111446146009617,0.047243791252025935,0.09280461460096168
L0000.ANS,-25.0,-140.0,8.000085600032,2002/01/00,0,12.18,TOTAL,0.89423,0.05984,microSv/hr,ICRP Pub. 103 EFFECTIVE DOSE,-0.42261826174069944,0.9063077870366499,-0.6427876096865395,-0.7660444431189779,-1.062489299996,0.6388124235051628,-25.00000_-140.00000,0.6992240291792835,1.0121907002437331,0.06041160567412074,0.11796070024373317
L0000.ANS,-25.0,-130.0,8.000085600032,2002/01/00,0,12.32,TOTAL,0.88761,0.059202,microSv/hr,ICRP Pub. 103 EFFECTIVE DOSE,-0.42261826174069944,0.9063077870366499,-0.766044443118978,-0.6427876096865394,-1.062489299996,0.6353114785886329,-25.00000_-130.00000,0.70009693032355,1.0139479106323614,0.06478545173491712,0.12633791063236144
L0000.ANS,-25.0,-120.0,8.000085600032,2002/01/00,0,12.36,TOTAL,0.88586,0.059046,microSv/hr,ICRP Pub. 103 EFFECTIVE DOSE,-0.42261826174069944,0.9063077870366499,-0.8660254037844387,-0.4999999999999998,-1.062489299996,0.6343839502789012,-25.00000_-120.00000,0.7012962007638857,1.0163646276889693,0.0669122504849845,0.1305046276889693
L0000.ANS,-25.0,-110.0,8.000085600032,2002/01/00,0,12.31,TOTAL,0.88821,0.059256,microSv/hr,ICRP Pub. 103 EFFECTIVE DOSE,-0.42261826174069944,0.9063077870366499,-0.9396926207859084,-0.3420201433256687,-1.062489299996,0.6356292903514025,-25.00000_-110.00000,0.7027854012748218,1.0193696358972817,0.06715611092341933,0.13115963589728163
L0000.ANS,-25.0,-100.0,8.000085600032,2002/01/00,0,12.15,TOTAL,0.89609,0.060033,microSv/hr,ICRP Pub. 103 EFFECTIVE DOSE,-0.42261826174069944,0.9063077870366499,-0.984807753012208,-0.1736481776669303,-1.062489299996,0.6397938710606738,-25.00000_-100.00000,0.7045192832524045,1.0228740217328134,0.06472541219173078,0.12678402173281333
L0000.ANS,-25.0,-90.0,8.000085600032,2002/01/00,0,11.89,TOTAL,0.90847,0.06146,microSv/hr,ICRP Pub. 103 EFFECTIVE DOSE,-0.42261826174069944,0.9063077870366499,-1.0,6.123233995736766e-17,-1.062489299996,0.6463018739284344,-25.00000_-90.00000,0.7064451635701325,1.0267735888409866,0.06014328964169813,0.11830358884098657
L0000.ANS,-25.0,-80.0,8.000085600032,2002/01/00,0,11.55,TOTAL,0.92713,0.062229,microSv/hr,ICRP Pub. 103 EFFECTIVE DOSE,-0.42261826174069944,0.9063077870366499,-0.984807753012208,0.17364817766693041,-1.062489299996,0.6560318495334969,-25.00000_-80.00000,0.7085045253290931,1.0309517495594989,0.052472675795596224,0.10382174955949885
L0000.ANS,-25.0,-70.0,8.000085600032,2002/01/00,0,11.14,TOTAL,0.94942,0.063589,microSv/hr,ICRP Pub. 103 EFFECTIVE DOSE,-0.42261826174069944,0.9063077870366499,-0.9396926207859083,0.3420201433256688,-1.062489299996,0.6675318924353899,-25.00000_-70.00000,0.7106347958643289,1.0352828377869971,0.043102903428938966,0.0858628377869971
L0000.ANS,-25.0,-60.0,8.000085600032,2002/01/00,0,10.61,TOTAL,0.98014,0.066287,microSv/hr,ICRP Pub. 103 EFFECTIVE DOSE,-0.42261826174069944,0.9063077870366499,-0.8660254037844386,0.5000000000000001,-1.062489299996,0.6831675492775239,-25.00000_-60.00000,0.7127712479835941,1.0396357703794021,0.02960369870607027,0.059495770379402124
L0000.ANS,-25.0,-50.0,8.000085600032,2002/01/00,0,10.0,TOTAL,1.0251,0.069006,microSv/hr,ICRP Pub. 103 EFFECTIVE DOSE,-0.42261826174069944,0.9063077870366499,-0.766044443118978,0.6427876096865394,-1.062489299996,0.7056190820552656,-25.00000_-50.00000,0.7148489666703433,1.043877965251361,0.009229884615077677,0.018777965251361106
L0000.ANS,-25.0,-40.0,8.000085600032,2002/01/00,0,9.23,TOTAL,1.0889,0.073803,microSv/hr,ICRP Pub. 103 EFFECTIVE DOSE,-0.42261826174069944,0.9063077870366499,-0.6427876096865393,0.766044443118978,-1.062489299996,0.7366376116344737,-25.00000_-40.00000,0.7168048214936547,1.0478794056706482,-0.019832790140819068,-0.04102059432935179
L0000.ANS,-25.0,-30.0,8.000085600032,2002/01/00,0,8.36,TOTAL,1.162,0.079155,microSv/hr,ICRP Pub. 103 EFFECTIVE DOSE,-0.42261826174069944,0.9063077870366499,-0.49999999999999994,0.8660254037844387,-1.062489299996,0.7710337192170165,-25.00000_-30.00000,0.7185793847944333,1.0515167236793819,-0.05245433442258318,-0.11048327632061805
L0000.ANS,-25.0,-20.0,8.000085600032,2002/01/00,0,7.6,TOTAL,1.2253,0.083028,microSv/hr,ICRP Pub. 103 EFFECTIVE DOSE,-0.42261826174069944,0.9063077870366499,-0.3420201433256687,0.9396926207859084,-1.062489299996,0.7998917379899333,-25.00000_-20.00000,0.7201187373647566,1.054677163112238,-0.07977300062517667,-0.17062283688776203
L0000.ANS,-25.0,-10.0,8.000085600032,2002/01/00,0,7.1,TOTAL,1.2711,0.085374,microSv/hr,ICRP Pub. 103 EFFECTIVE DOSE,-0.42261826174069944,0.9063077870366499,-0.17364817766693033,0.984807753012208,-1.062489299996,0.8202642956194105,-25.00000_-10.00000,0.7213761067557254,1.057262276165887,-0.09888818886368511,-0.21383772383411292
L0000.ANS,-25.0,0.0,8.000085600032,2002/01/00,0,7.0,TOTAL,1.2807,0.085932,microSv/hr,ICRP Pub. 103 EFFECTIVE DOSE,-0.42261826174069944,0.9063077870366499,0.0,1.0,-1.062489299996,0.8244824133899672,-25.00000_0.00000,0.7223132884346555,1.059191208418664,-0.10216912495531172,-0.22150879158133585
L0000.ANS,-25.0,10.0,8.000085600032,2002/01/00,0,7.06,TOTAL,1.2748,0.085574,microSv/hr,ICRP Pub. 103 EFFECTIVE DOSE,-0.42261826174069944,0.9063077870366499,0.17364817766693033,0.984807753012208,-1.062489299996,0.8218921364505075,-25.00000_10.00000,0.7229018066104684,1.0604034365464476,-0.09899032984003908,-0.2143965634535523
L0000.ANS,-25.0,20.0,8.000085600032,2002/01/00,0,7.37,TOTAL,1.2457,0.084545,microSv/hr,ICRP Pub. 103 EFFECTIVE DOSE,-0.42261826174069944,0.9063077870366499,0.3420201433256687,0.9396926207859084,-1.062489299996,0.8090172766023587,-25.00000_20.00000,0.7231237794561967,1.0608608409244036,-0.08589349714616201,-0.18483915907559645
L0000.ANS,-25.0,30.0,8.000085600032,2002/01/00,0,7.7,TOTAL,1.2172,0.082207,microSv/hr,ICRP Pub. 103 EFFECTIVE DOSE,-0.42261826174069944,0.9063077870366499,0.49999999999999994,0.8660254037844387,-1.062489299996,0.7962451385635125,-25.00000_30.00000,0.7229724624392473,1.0605490212020172,-0.07327267612426525,-0.15665097879798284
L0000.ANS,-25.0,40.0,8.000085600032,2002/01/00,0,8.05,TOTAL,1.1878,0.080061,microSv/hr,ICRP Pub. 103 EFFECTIVE DOSE,-0.42261826174069944,0.9063077870366499,0.6427876096865393,0.766044443118978,-1.062489299996,0.7828964727035533,-25.00000_40.00000,0.72245245325061,1.0594777953251433,-0.06044401945294331,-0.12832220467485667
L0000.ANS,-25.0,50.0,8.000085600032,2002/01/00,0,8.2,TOTAL,1.1753,0.079551,microSv/hr,ICRP Pub. 103 EFFECTIVE DOSE,-0.42261826174069944,0.9063077870366499,0.766044443118978,0.6427876096865394,-1.062489299996,0.7771665860635196,-25.00000_50.00000,0.721579552106344,1.057680859188917,-0.05558703395717568,-0.11761914081108293
L0000.ANS,-25.0,60.0,8.000085600032,2002/01/00,0,8.22,TOTAL,1.1735,0.079488,microSv/hr,ICRP Pub. 103 EFFECTIVE DOSE,-0.42261826174069944,0.9063077870366499,0.8660254037844386,0.5000000000000001,-1.062489299996,0.7763387714467097,-25.00000_60.00000,0.7203802816660079,1.055214622496817,-0.05595848978070184,-0.11828537750318291
L0000.ANS,-25.0,70.0,8.000085600032,2002/01/00,0,7.99,TOTAL,1.1927,0.080324,microSv/hr,ICRP Pub. 103 EFFECTIVE DOSE,-0.42261826174069944,0.9063077870366499,0.9396926207859083,0.3420201433256688,-1.062489299996,0.7851336611723188,-25.00000_70.00000,0.7188910811550722,1.0521562736434626,-0.06624258001724659,-0.14054372635653745
L0000.ANS,-25.0,80.0,8.000085600032,2002/01/00,0,7.69,TOTAL,1.2183,0.082312,microSv/hr,ICRP Pub. 103 EFFECTIVE DOSE,-0.42261826174069944,0.9063077870366499,0.984807753012208,0.17364817766693041,-1.062489299996,0.7967411367700513,-25.00000_80.00000,0.717157199177489,1.0486011598299514,-0.07958393759256233,-0.16969884017004855
L0000.ANS,-25.0,90.0,8.000085600032,2002/01/00,0,7.52,TOTAL,1.2321,0.08379,microSv/hr,ICRP Pub. 103 EFFECTIVE DOSE,-0.42261826174069944,0.9063077870366499,1.0,6.123233995736766e-17,-1.062489299996,0.8029428463828295,-25.00000_90.00000,0.715231318859761,1.0446595958858473,-0.08771152752306854,-0.18744040411415264
L0000.ANS,-25.0,100.0,8.000085600032,2002/01/00,0,7.53,TOTAL,1.2313,0.083693,microSv/hr,ICRP Pub. 103 EFFECTIVE DOSE,-0.42261826174069944,0.9063077870366499,0.984807753012208,-0.1736481776669303,-1.062489299996,0.8025843752583206,-25.00000_100.00000,0.7131719571008004,1.040453234800158,-0.08941241815752021,-0.190846765199842
L0000.ANS,-25.0,110.0,8.000085600032,2002/01/00,0,7.61,TOTAL,1.2246,0.082954,microSv/hr,ICRP Pub. 103 EFFECTIVE DOSE,-0.42261826174069944,0.9063077870366499,0.9396926207859084,-0.3420201433256687,-1.062489299996,0.7995771241757919,-25.00000_110.00000,0.7110416865655651,1.0361111439516886,-0.08853543761022675,-0.18848885604831134
L0000.ANS,-25.0,120.0,8.000085600032,2002/01/00,0,7.65,TOTAL,1.2209,0.082575,microSv/hr,ICRP Pub. 103 EFFECTIVE DOSE,-0.42261826174069944,0.9063077870366499,0.8660254037844387,-0.4999999999999998,-1.062489299996,0.7979125191350254,-25.00000_120.00000,0.7089052344462994,1.0317657335166581,-0.08900728468872598,-0.18913426648334197
L0000.ANS,-25.0,130.0,8.000085600032,2002/01/00,0,7.72,TOTAL,1.2152,0.082026,microSv/hr,ICRP Pub. 103 EFFECTIVE DOSE,-0.42261826174069944,0.9063077870366499,0.766044443118978,-0.6427876096865394,-1.062489299996,0.795342692874615,-25.00000_130.00000,0.7068275157595503,1.0275486783292727,-0.08851517711506474,-0.1876513216707274
L0000.ANS,-25.0,140.0,8.000085600032,2002/01/00,0,8.0,TOTAL,1.1921,0.080294,microSv/hr,ICRP Pub. 103 EFFECTIVE DOSE,-0.42261826174069944,0.9063077870366499,0.6427876096865395,-0.7660444431189779,-1.062489299996,0.7848599884831448,-25.00000_140.00000,0.7048716609362389,1.0235869630001992,-0.07998832754690588,-0.1685130369998007
L0000.ANS,-25.0,150.0,8.000085600032,2002/01/00,0,8.51,TOTAL,1.1508,0.078518,microSv/hr,ICRP Pub. 103 EFFECTIVE DOSE,-0.42261826174069944,0.9063077870366499,0.49999999999999994,-0.8660254037844387,-1.062489299996,0.765839865953386,-25.00000_150.00000,0.7030970976354602,1.0199991641693136,-0.0627427683179258,-0.13080083583068647
L0000.ANS,-25.0,160.0,8.000085600032,2002/01/00,0,9.15,TOTAL,1.0957,0.074089,microSv/hr,ICRP Pub. 103 EFFECTIVE DOSE,-0.42261826174069944,0.9063077870366499,0.3420201433256689,-0.9396926207859083,-1.062489299996,0.7398876264437602,-25.00000_160.00000,0.7015577450651369,1.016892065337735,-0.038329881378623254,-0.07880793466226499
L0000.ANS,-25.0,170.0,8.000085600032,2002/01/00,0,9.82,TOTAL,1.0394,0.069944,microSv/hr,ICRP Pub. 103 EFFECTIVE DOSE,-0.42261826174069944,0.9063077870366499,0.17364817766693028,-0.984807753012208,-1.062489299996,0.7126556469479883,-25.00000_170.00000,0.7003003756741681,1.014357680652656,-0.01235527127382019,-0.025042319347344133
L0000.ANS,-20.0,-179.99999,8.000085600032,2002/01/00,0,12.44,TOTAL,0.88167,0.058694,microSv/hr,ICRP Pub. 103 EFFECTIVE DOSE,-0.3420201433256687,0.9396926207859084,-1.745329251238221e-07,-0.9999999999999848,-1.062489299996,0.6321596804111317,-20.00000_-179.99999,0.6736409582488809,0.9613655861125753,0.04148127783774924,0.07969558611257532
L0000.ANS,-20.0,-170.0,8.000085600032,2002/01/00,0,12.72,TOTAL,0.86827,0.05762,microSv/hr,ICRP Pub. 103 EFFECTIVE DOSE,-0.3420201433256687,0.9396926207859084,-0.17364817766693028,-0.984807753012208,-1.062489299996,0.6250128689763683,-20.00000_-170.00000,0.6730524408398044,0.9602116279151351,0.048039571863436104,0.09194162791513516
L0000.ANS,-20.0,-160.0,8.000085600032,2002/01/00,0,12.91,TOTAL,0.85984,0.057025,microSv/hr,ICRP Pub. 103 EFFECTIVE DOSE,-0.3420201433256687,0.9396926207859084,-0.3420201433256689,-0.9396926207859083,-1.062489299996,0.6204904625196717,-20.00000_-160.00000,0.6728304679940758,0.9597765624500025,0.052340005474404094,0.09993656245000249
L0000.ANS,-20.0,-150.0,8.000085600032,2002/01/00,0,13.03,TOTAL,0.85399,0.056698,microSv/hr,ICRP Pub. 103 EFFECTIVE DOSE,-0.3420201433256687,0.9396926207859084,-0.49999999999999994,-0.8660254037844387,-1.062489299996,0.6173400733858593,-20.00000_-150.00000,0.6729817850110251,0.9600731324307963,0.055641711625165846,0.10608313243079626
L0000.ANS,-20.0,-140.0,8.000085600032,2002/01/00,0,13.08,TOTAL,0.85167,0.056587,microSv/hr,ICRP Pub. 103 EFFECTIVE DOSE,-0.3420201433256687,0.9396926207859084,-0.6427876096865395,-0.7660444431189779,-1.062489299996,0.6160879346018813,-20.00000_-140.00000,0.6735017941996624,0.9610926535272564,0.057413859597781114,0.10942265352725633
L0000.ANS,-20.0,-130.0,8.000085600032,2002/01/00,0,13.08,TOTAL,0.85186,0.056596,microSv/hr,ICRP Pub. 103 EFFECTIVE DOSE,-0.3420201433256687,0.9396926207859084,-0.766044443118978,-0.6427876096865394,-1.062489299996,0.6161905394141369,-20.00000_-130.00000,0.6743746953439289,0.9628052408995283,0.05818415592979198,0.1109452408995284
L0000.ANS,-20.0,-120.0,8.000085600032,2002/01/00,0,13.0,TOTAL,0.8553,0.056765,microSv/hr,ICRP Pub. 103 EFFECTIVE DOSE,-0.3420201433256687,0.9396926207859084,-0.8660254037844387,-0.4999999999999998,-1.062489299996,0.618046408050695,-20.00000_-120.00000,0.675573965784265,0.9651605872714182,0.05752755773356999,0.10986058727141823
L0000.ANS,-20.0,-110.0,8.000085600032,2002/01/00,0,12.87,TOTAL,0.86152,0.057132,microSv/hr,ICRP Pub. 103 EFFECTIVE DOSE,-0.3420201433256687,0.9396926207859084,-0.9396926207859084,-0.3420201433256687,-1.062489299996,0.6213933582965547,-20.00000_-110.00000,0.6770631662952007,0.9680892855903176,0.05566980799864596,0.10656928559031764
L0000.ANS,-20.0,-100.0,8.000085600032,2002/01/00,0,12.66,TOTAL,0.87108,0.057848,microSv/hr,ICRP Pub. 103 EFFECTIVE DOSE,-0.3420201433256687,0.9396926207859084,-0.984807753012208,-0.1736481776669303,-1.062489299996,0.626515804261345,-20.00000_-100.00000,0.6787970482727834,0.9715046802228212,0.05228124401143841,0.10042468022282125
L0000.ANS,-20.0,-90.0,8.000085600032,2002/01/00,0,12.37,TOTAL,0.885,0.058971,microSv/hr,ICRP Pub. 103 EFFECTIVE DOSE,-0.3420201433256687,0.9396926207859084,-1.0,6.123233995736766e-17,-1.062489299996,0.6339278208999741,-20.00000_-90.00000,0.6807229285905114,0.9753052208012308,0.046795107690537296,0.09030522080123082
L0000.ANS,-20.0,-80.0,8.000085600032,2002/01/00,0,12.07,TOTAL,0.8999,0.060446,microSv/hr,ICRP Pub. 103 EFFECTIVE DOSE,-0.3420201433256687,0.9396926207859084,-0.984807753012208,0.17364817766693041,-1.062489299996,0.6418012532083572,-20.00000_-80.00000,0.682782290349472,0.9793772803179249,0.040981037141114784,0.07947728031792489
L0000.ANS,-20.0,-70.0,8.000085600032,2002/01/00,0,11.73,TOTAL,0.91705,0.061921,microSv/hr,ICRP Pub. 103 EFFECTIVE DOSE,-0.3420201433256687,0.9396926207859084,-0.9396926207859083,0.3420201433256688,-1.062489299996,0.6507875461438156,-20.00000_-70.00000,0.6849125608847078,0.9835983838662598,0.034125014740892134,0.06654838386625972
L0000.ANS,-20.0,-60.0,8.000085600032,2002/01/00,0,11.39,TOTAL,0.93555,0.062637,microSv/hr,ICRP Pub. 103 EFFECTIVE DOSE,-0.3420201433256687,0.9396926207859084,-0.8660254037844386,0.5000000000000001,-1.062489299996,0.6603915238199538,-20.00000_-60.00000,0.687049013003973,0.9878407770585306,0.026657489184019223,0.05229077705853058
L0000.ANS,-20.0,-50.0,8.000085600032,2002/01/00,0,10.97,TOTAL,0.95971,0.064316,microSv/hr,ICRP Pub. 103 EFFECTIVE DOSE,-0.3420201433256687,0.9396926207859084,-0.766044443118978,0.6427876096865394,-1.062489299996,0.6727965031117126,-20.00000_-50.00000,0.6891267316907221,0.9919752446302285,0.016330228579009565,0.03226524463022851
L0000.ANS,-20.0,-40.0,8.000085600032,2002/01/00,0,10.31,TOTAL,0.99968,0.06781,microSv/hr,ICRP Pub. 103 EFFECTIVE DOSE,-0.3420201433256687,0.9396926207859084,-0.6427876096865393,0.766044443118978,-1.062489299996,0.6929871677585798,-20.00000_-40.00000,0.6910825865140335,0.9958750715247869,-0.0019045812445462884,-0.0038049284752130763
L0000.ANS,-20.0,-30.0,8.000085600032,2002/01/00,0,9.54,TOTAL,1.0619,0.072078,microSv/hr,ICRP Pub. 103 EFFECTIVE DOSE,-0.3420201433256687,0.9396926207859084,-0.49999999999999994,0.8660254037844387,-1.062489299996,0.7236278878135322,-20.00000_-30.00000,0.6928571498148122,0.9994200226194352,-0.030770737998719988,-0.06247997738056488
L0000.ANS,-20.0,-20.0,8.000085600032,2002/01/00,0,8.94,TOTAL,1.1149,0.075116,microSv/hr,ICRP Pub. 103 EFFECTIVE DOSE,-0.3420201433256687,0.9396926207859084,-0.3420201433256687,0.9396926207859084,-1.062489299996,0.7490075300565672,-20.00000_-20.00000,0.6943965023851355,1.002500205105589,-0.05461102767143167,-0.1123997948944111
L0000.ANS,-20.0,-10.0,8.000085600032,2002/01/00,0,8.5,TOTAL,1.1513,0.07858,microSv/hr,ICRP Pub. 103 EFFECTIVE DOSE,-0.3420201433256687,0.9396926207859084,-0.17364817766693033,0.984807753012208,-1.062489299996,0.7660723105745019,-20.00000_-10.00000,0.6956538717761047,1.0050196711867292,-0.07041843879839715,-0.1462803288132708
L0000.ANS,-20.0,0.0,8.000085600032,2002/01/00,0,8.42,TOTAL,1.1577,0.079088,microSv/hr,ICRP Pub. 103 EFFECTIVE DOSE,-0.3420201433256687,0.9396926207859084,0.0,1.0,-1.062489299996,0.7690428395632023,-20.00000_0.00000,0.6965910534550344,1.0068996196775024,-0.07245178610816794,-0.15080038032249754
L0000.ANS,-20.0,10.0,8.000085600032,2002/01/00,0,8.57,TOTAL,1.1461,0.077957,microSv/hr,ICRP Pub. 103 EFFECTIVE DOSE,-0.3420201433256687,0.9396926207859084,0.17364817766693033,0.984807753012208,-1.062489299996,0.763652241445299,-20.00000_10.00000,0.6971795716308473,1.0080810641974018,-0.06647266981445166,-0.13801893580259805
L0000.ANS,-20.0,20.0,8.000085600032,2002/01/00,0,8.92,TOTAL,1.1162,0.075207,microSv/hr,ICRP Pub. 103 EFFECTIVE DOSE,-0.3420201433256687,0.9396926207859084,0.3420201433256687,0.9396926207859084,-1.062489299996,0.7496220274879243,-20.00000_20.00000,0.697401544476576,1.0085268531403653,-0.052220483011348295,-0.1076731468596348
L0000.ANS,-20.0,30.0,8.000085600032,2002/01/00,0,9.32,TOTAL,1.0803,0.073559,microSv/hr,ICRP Pub. 103 EFFECTIVE DOSE,-0.3420201433256687,0.9396926207859084,0.49999999999999994,0.8660254037844387,-1.062489299996,0.7325121140822,-20.00000_30.00000,0.6972502274596266,1.0082229518417842,-0.035261886622573346,-0.0720770481582158
L0000.ANS,-20.0,40.0,8.000085600032,2002/01/00,0,9.75,TOTAL,1.0455,0.070446,microSv/hr,ICRP Pub. 103 EFFECTIVE DOSE,-0.3420201433256687,0.9396926207859084,0.6427876096865393,0.766044443118978,-1.062489299996,0.7156422583873162,-20.00000_40.00000,0.6967302182709889,1.0071789289282735,-0.0189120401163273,-0.038321071071726553
L0000.ANS,-20.0,50.0,8.000085600032,2002/01/00,0,10.12,TOTAL,1.015,0.0684,microSv/hr,ICRP Pub. 103 EFFECTIVE DOSE,-0.3420201433256687,0.9396926207859084,0.766044443118978,0.6427876096865394,-1.062489299996,0.7006191953986463,-20.00000_50.00000,0.6958573171267224,1.0054276246134362,-0.0047618782719238695,-0.009572375386563747
L0000.ANS,-20.0,60.0,8.000085600032,2002/01/00,0,10.38,TOTAL,0.99413,0.067702,microSv/hr,ICRP Pub. 103 EFFECTIVE DOSE,-0.3420201433256687,0.9396926207859084,0.8660254037844386,0.5000000000000001,-1.062489299996,0.690207865001267,-20.00000_60.00000,0.6946580466863868,1.0030240161193955,0.004450181685119792,0.008894016119395554
L0000.ANS,-20.0,70.0,8.000085600032,2002/01/00,0,10.62,TOTAL,0.97943,0.066207,microSv/hr,ICRP Pub. 103 EFFECTIVE DOSE,-0.3420201433256687,0.9396926207859084,0.9396926207859083,0.3420201433256688,-1.062489299996,0.6828089244735125,-20.00000_70.00000,0.693168846175451,1.0000433317004138,0.010359921701938557,0.020613331700413795
L0000.ANS,-20.0,80.0,8.000085600032,2002/01/00,0,10.72,TOTAL,0.97377,0.065601,microSv/hr,ICRP Pub. 103 EFFECTIVE DOSE,-0.3420201433256687,0.9396926207859084,0.984807753012208,0.17364817766693041,-1.062489299996,0.6799454195319432,-20.00000_80.00000,0.6914349641978679,0.9965784972882055,0.011489544665924667,0.022808497288205443
L0000.ANS,-20.0,90.0,8.000085600032,2002/01/00,0,10.83,TOTAL,0.96732,0.064971,microSv/hr,ICRP Pub. 103 EFFECTIVE DOSE,-0.3420201433256687,0.9396926207859084,1.0,6.123233995736766e-17,-1.062489299996,0.676672210466066,-20.00000_90.00000,0.6895090838801403,0.9927370263514534,0.012836873414074357,0.025417026351453487
L0000.ANS,-20.0,100.0,8.000085600032,2002/01/00,0,10.91,TOTAL,0.96269,0.064561,microSv/hr,ICRP Pub. 103 EFFECTIVE DOSE,-0.3420201433256687,0.9396926207859084,0.984807753012208,-0.1736481776669303,-1.062489299996,0.6743159812747532,-20.00000_100.00000,0.6874497221211793,0.9886374825943778,0.013133740846426045,0.025947482594377735
L0000.ANS,-20.0,110.0,8.000085600032,2002/01/00,0,10.99,TOTAL,0.95809,0.06419,microSv/hr,ICRP Pub. 103 EFFECTIVE DOSE,-0.3420201433256687,0.9396926207859084,0.9396926207859084,-0.3420201433256687,-1.062489299996,0.6719695083226324,-20.00000_110.00000,0.685319451585944,0.9844056558282318,0.013349943263311626,0.02631565582823181
L0000.ANS,-20.0,120.0,8.000085600032,2002/01/00,0,10.77,TOTAL,0.97112,0.065334,microSv/hr,ICRP Pub. 103 EFFECTIVE DOSE,-0.3420201433256687,0.9396926207859084,0.8660254037844387,-0.4999999999999998,-1.062489299996,0.6786019091179095,-20.00000_120.00000,0.6831829994666783,0.9801705937738914,0.004581090348768746,0.009050593773891391
L0000.ANS,-20.0,130.0,8.000085600032,2002/01/00,0,10.73,TOTAL,0.97337,0.06556,microSv/hr,ICRP Pub. 103 EFFECTIVE DOSE,-0.3420201433256687,0.9396926207859084,0.766044443118978,-0.6427876096865394,-1.062489299996,0.6797427411362595,-20.00000_130.00000,0.6811052807799296,0.97606062748367,0.0013625396436700576,0.002690627483669994
L0000.ANS,-20.0,140.0,8.000085600032,2002/01/00,0,10.51,TOTAL,0.98613,0.06699,microSv/hr,ICRP Pub. 103 EFFECTIVE DOSE,-0.3420201433256687,0.9396926207859084,0.6427876096865395,-0.7660444431189779,-1.062489299996,0.686188021688138,-20.00000_140.00000,0.6791494259566178,0.9721995168909847,-0.007038595731520214,-0.013930483109015235
L0000.ANS,-20.0,150.0,8.000085600032,2002/01/00,0,10.74,TOTAL,0.97287,0.06551,microSv/hr,ICRP Pub. 103 EFFECTIVE DOSE,-0.3420201433256687,0.9396926207859084,0.49999999999999994,-0.8660254037844387,-1.062489299996,0.6794893353613064,-20.00000_150.00000,0.6773748626558396,0.968702827472467,-0.00211447270546683,-0.0041671725275329585
L0000.ANS,-20.0,160.0,8.000085600032,2002/01/00,0,11.4,TOTAL,0.93539,0.062628,microSv/hr,ICRP Pub. 103 EFFECTIVE DOSE,-0.3420201433256687,0.9396926207859084,0.3420201433256689,-0.9396926207859083,-1.062489299996,0.6603088565607914,-20.00000_160.00000,0.6758355100855162,0.9656746310437418,0.01552665352472482,0.030284631043741794
L0000.ANS,-20.0,170.0,8.000085600032,2002/01/00,0,12.08,TOTAL,0.89929,0.060379,microSv/hr,ICRP Pub. 103 EFFECTIVE DOSE,-0.3420201433256687,0.9396926207859084,0.17364817766693028,-0.984807753012208,-1.062489299996,0.6414801321245253,-20.00000_170.00000,0.674578140694547,0.963204605122978,0.033098008570021764,0.06391460512297797
L0000.ANS,-15.0,-179.99999,8.000085600032,2002/01/00,0,13.75,TOTAL,0.82249,0.054676,microSv/hr,ICRP Pub. 103 EFFECTIVE DOSE,-0.25881904510252074,0.9659258262890683,-1.745329251238221e-07,-0.9999999999999848,-1.062489299996,0.6002036979171728,-15.00000_-179.99999,0.6529135646630451,0.9211300193638602,0.0527098667458723,0.09864001936386013
L0000.ANS,-15.0,-170.0,8.000085600032,2002/01/00,0,13.82,TOTAL,0.81941,0.05435,microSv/hr,ICRP Pub. 103 EFFECTIVE DOSE,-0.25881904510252074,0.9659258262890683,-0.17364817766693028,-0.984807753012208,-1.062489299996,0.5985122727081871,-15.00000_-170.00000,0.6523250472539686,0.9199997335314329,0.05381277454578148,0.10058973353143297
L0000.ANS,-15.0,-160.0,8.000085600032,2002/01/00,0,13.83,TOTAL,0.81909,0.054317,microSv/hr,ICRP Pub. 103 EFFECTIVE DOSE,-0.25881904510252074,0.9659258262890683,-0.3420201433256689,-0.9396926207859083,-1.062489299996,0.5983363760470217,-15.00000_-160.00000,0.6521030744082399,0.9195735930243429,0.05376669836121817,0.10048359302434295
L0000.ANS,-15.0,-150.0,8.000085600032,2002/01/00,0,13.8,TOTAL,0.82039,0.054451,microSv/hr,ICRP Pub. 103 EFFECTIVE DOSE,-0.25881904510252074,0.9659258262890683,-0.49999999999999994,-0.8660254037844387,-1.062489299996,0.5990507638470853,-15.00000_-150.00000,0.6522543914251893,0.9198640791514471,0.05320362757810393,0.09947407915144713
L0000.ANS,-15.0,-140.0,8.000085600032,2002/01/00,0,13.73,TOTAL,0.82323,0.054756,microSv/hr,ICRP Pub. 103 EFFECTIVE DOSE,-0.25881904510252074,0.9659258262890683,-0.6427876096865395,-0.7660444431189779,-1.062489299996,0.6006096533993067,-15.00000_-140.00000,0.652774400613827,0.9208626857333377,0.052164747214520246,0.09763268573333772
L0000.ANS,-15.0,-130.0,8.000085600032,2002/01/00,0,13.63,TOTAL,0.82745,0.055235,microSv/hr,ICRP Pub. 103 EFFECTIVE DOSE,-0.25881904510252074,0.9659258262890683,-0.766044443118978,-0.6427876096865394,-1.062489299996,0.6029215524863891,-15.00000_-130.00000,0.6536473017580935,0.9225401409894872,0.05072574927170437,0.0950901409894872
L0000.ANS,-15.0,-120.0,8.000085600032,2002/01/00,0,13.47,TOTAL,0.83371,0.055999,microSv/hr,ICRP Pub. 103 EFFECTIVE DOSE,-0.25881904510252074,0.9659258262890683,-0.8660254037844387,-0.4999999999999998,-1.062489299996,0.6063412370128753,-15.00000_-120.00000,0.6548465721984291,0.9248471696500665,0.04850533518555378,0.09113716965006657
L0000.ANS,-15.0,-110.0,8.000085600032,2002/01/00,0,13.28,TOTAL,0.84259,0.056261,microSv/hr,ICRP Pub. 103 EFFECTIVE DOSE,-0.25881904510252074,0.9659258262890683,-0.9396926207859084,-0.3420201433256687,-1.062489299996,0.6111721905641069,-15.00000_-110.00000,0.6563357727093648,0.9277157884827492,0.04516358214525795,0.08512578848274921
L0000.ANS,-15.0,-100.0,8.000085600032,2002/01/00,0,13.03,TOTAL,0.85429,0.056712,microSv/hr,ICRP Pub. 103 EFFECTIVE DOSE,-0.25881904510252074,0.9659258262890683,-0.984807753012208,-0.1736481776669303,-1.062489299996,0.6175018734660337,-15.00000_-100.00000,0.658069654686948,0.9310611195127909,0.04056778122091431,0.07677111951279092
L0000.ANS,-15.0,-90.0,8.000085600032,2002/01/00,0,12.73,TOTAL,0.86784,0.057585,microSv/hr,ICRP Pub. 103 EFFECTIVE DOSE,-0.25881904510252074,0.9659258262890683,-1.0,6.123233995736766e-17,-1.062489299996,0.6247826830332891,-15.00000_-90.00000,0.6599955350046756,0.9347836955825908,0.03521285197138646,0.06694369558259083
L0000.ANS,-15.0,-80.0,8.000085600032,2002/01/00,0,12.44,TOTAL,0.88159,0.058688,microSv/hr,ICRP Pub. 103 EFFECTIVE DOSE,-0.25881904510252074,0.9659258262890683,-0.984807753012208,0.17364817766693041,-1.062489299996,0.6321171640821978,-15.00000_-80.00000,0.6620548967636366,0.9387722206355178,0.029937732681438844,0.05718222063551781
L0000.ANS,-15.0,-70.0,8.000085600032,2002/01/00,0,12.2,TOTAL,0.89366,0.059782,microSv/hr,ICRP Pub. 103 EFFECTIVE DOSE,-0.25881904510252074,0.9659258262890683,-0.9396926207859083,0.3420201433256688,-1.062489299996,0.6385114643937302,-15.00000_-70.00000,0.6641851672988719,0.9429067322222233,0.025673702905141704,0.04924673222222331
L0000.ANS,-15.0,-60.0,8.000085600032,2002/01/00,0,11.98,TOTAL,0.90437,0.060961,microSv/hr,ICRP Pub. 103 EFFECTIVE DOSE,-0.25881904510252074,0.9659258262890683,-0.8660254037844386,0.5000000000000001,-1.062489299996,0.6441512452210783,-15.00000_-60.00000,0.6663216194181376,0.9470620967158829,0.02217037419705936,0.04269209671588292
L0000.ANS,-15.0,-50.0,8.000085600032,2002/01/00,0,11.7,TOTAL,0.91882,0.061961,microSv/hr,ICRP Pub. 103 EFFECTIVE DOSE,-0.25881904510252074,0.9659258262890683,-0.766044443118978,0.6427876096865394,-1.062489299996,0.6517104137726057,-15.00000_-50.00000,0.6683993381048863,0.9511117495813725,0.01668892433228053,0.032291749581372486
L0000.ANS,-15.0,-40.0,8.000085600032,2002/01/00,0,11.28,TOTAL,0.94175,0.063023,microSv/hr,ICRP Pub. 103 EFFECTIVE DOSE,-0.25881904510252074,0.9659258262890683,-0.6427876096865393,0.766044443118978,-1.062489299996,0.6635896283176197,-15.00000_-40.00000,0.6703551929281981,0.9549315752021073,0.006765564610578423,0.013181575202107276
L0000.ANS,-15.0,-30.0,8.000085600032,2002/01/00,0,10.79,TOTAL,0.96962,0.065189,microSv/hr,ICRP Pub. 103 EFFECTIVE DOSE,-0.25881904510252074,0.9659258262890683,-0.49999999999999994,0.8660254037844387,-1.062489299996,0.6778406307425571,-15.00000_-30.00000,0.6721297562289763,0.9584038049655559,-0.005710874513580766,-0.011216195034444154
L0000.ANS,-15.0,-20.0,8.000085600032,2002/01/00,0,10.3,TOTAL,1.0006,0.067834,microSv/hr,ICRP Pub. 103 EFFECTIVE DOSE,-0.25881904510252074,0.9659258262890683,-0.3420201433256687,0.9396926207859084,-1.062489299996,0.6934471355689432,-15.00000_-20.00000,0.6736691087992996,0.9614208004105494,-0.019778026769643575,-0.039179199589450486
L0000.ANS,-15.0,-10.0,8.000085600032,2002/01/00,0,10.0,TOTAL,1.0252,0.069011,microSv/hr,ICRP Pub. 103 EFFECTIVE DOSE,-0.25881904510252074,0.9659258262890683,-0.17364817766693033,0.984807753012208,-1.062489299996,0.705668461113617,-15.00000_-10.00000,0.6749264781902689,0.9638885820191996,-0.030741982923348177,-0.06131141798080031
L0000.ANS,-15.0,0.0,8.000085600032,2002/01/00,0,10.09,TOTAL,1.018,0.068564,microSv/hr,ICRP Pub. 103 EFFECTIVE DOSE,-0.25881904510252074,0.9659258262890683,0.0,1.0,-1.062489299996,0.7021069219314172,-15.00000_0.00000,0.6758636598691985,0.9657299651382132,-0.02624326206221872,-0.05227003486178683
L0000.ANS,-15.0,10.0,8.000085600032,2002/01/00,0,10.26,TOTAL,1.0039,0.067931,microSv/hr,ICRP Pub. 103 EFFECTIVE DOSE,-0.25881904510252074,0.9659258262890683,0.17364817766693033,0.984807753012208,-1.062489299996,0.6950952817779612,-15.00000_10.00000,0.6764521780450115,0.9668871734370955,-0.01864310373294975,-0.0370128265629045
L0000.ANS,-15.0,20.0,8.000085600032,2002/01/00,0,10.61,TOTAL,0.98017,0.066291,microSv/hr,ICRP Pub. 103 EFFECTIVE DOSE,-0.25881904510252074,0.9659258262890683,0.3420201433256687,0.9396926207859084,-1.062489299996,0.683182699606665,-15.00000_20.00000,0.6766741508907401,0.9673238174399736,-0.006508548715924878,-0.012846182560026342
L0000.ANS,-15.0,30.0,8.000085600032,2002/01/00,0,11.1,TOTAL,0.95187,0.063745,microSv/hr,ICRP Pub. 103 EFFECTIVE DOSE,-0.25881904510252074,0.9659258262890683,0.49999999999999994,0.8660254037844387,-1.062489299996,0.6687878874124757,-15.00000_30.00000,0.6765228338737908,0.9670261503901582,0.0077349464613150065,0.015156150390158163
L0000.ANS,-15.0,40.0,8.000085600032,2002/01/00,0,11.65,TOTAL,0.92151,0.062033,microSv/hr,ICRP Pub. 103 EFFECTIVE DOSE,-0.25881904510252074,0.9659258262890683,0.6427876096865393,0.766044443118978,-1.062489299996,0.6531113352767188,-15.00000_40.00000,0.6760028246851535,0.9660035446229067,0.022891489408434662,0.04449354462290667
L0000.ANS,-15.0,50.0,8.000085600032,2002/01/00,0,12.1,TOTAL,0.89806,0.060244,microSv/hr,ICRP Pub. 103 EFFECTIVE DOSE,-0.25881904510252074,0.9659258262890683,0.766044443118978,0.6427876096865394,-1.062489299996,0.6408323119114734,-15.00000_50.00000,0.675129923540887,0.9642881666657844,0.03429761162941358,0.06622816666578446
L0000.ANS,-15.0,60.0,8.000085600032,2002/01/00,0,12.53,TOTAL,0.87741,0.058369,microSv/hr,ICRP Pub. 103 EFFECTIVE DOSE,-0.25881904510252074,0.9659258262890683,0.8660254037844386,0.5000000000000001,-1.062489299996,0.6298931674219622,-15.00000_60.00000,0.6739306531005509,0.9619338659350098,0.04403748567858867,0.08452386593500982
L0000.ANS,-15.0,70.0,8.000085600032,2002/01/00,0,12.94,TOTAL,0.8583,0.056932,microSv/hr,ICRP Pub. 103 EFFECTIVE DOSE,-0.25881904510252074,0.9659258262890683,0.9396926207859083,0.3420201433256688,-1.062489299996,0.619662091297468,-15.00000_70.00000,0.6724414525896152,0.9590143274481,0.05277936129214722,0.10071432744810005
L0000.ANS,-15.0,80.0,8.000085600032,2002/01/00,0,13.15,TOTAL,0.84837,0.056448,microSv/hr,ICRP Pub. 103 EFFECTIVE DOSE,-0.25881904510252074,0.9659258262890683,0.984807753012208,0.17364817766693041,-1.062489299996,0.6143041696290703,-15.00000_80.00000,0.6707075706120325,0.9556205708488473,0.05640340098296215,0.10725057084884737
L0000.ANS,-15.0,90.0,8.000085600032,2002/01/00,0,13.31,TOTAL,0.84113,0.056225,microSv/hr,ICRP Pub. 103 EFFECTIVE DOSE,-0.25881904510252074,0.9659258262890683,1.0,6.123233995736766e-17,-1.062489299996,0.6103795135547536,-15.00000_90.00000,0.6687816902943045,0.9518579040684351,0.05840217673955084,0.11072790406843502
L0000.ANS,-15.0,100.0,8.000085600032,2002/01/00,0,13.41,TOTAL,0.83621,0.056135,microSv/hr,ICRP Pub. 103 EFFECTIVE DOSE,-0.25881904510252074,0.9659258262890683,0.984807753012208,-0.1736481776669303,-1.062489299996,0.6077036647424773,-15.00000_100.00000,0.6667223285353439,0.9478424585884204,0.05901866379286658,0.11163245858842041
L0000.ANS,-15.0,110.0,8.000085600032,2002/01/00,0,13.45,TOTAL,0.83456,0.056107,microSv/hr,ICRP Pub. 103 EFFECTIVE DOSE,-0.25881904510252074,0.9659258262890683,0.9396926207859084,-0.3420201433256687,-1.062489299996,0.6068046707378808,-15.00000_110.00000,0.6645920580001081,0.9436974437606107,0.05778738726222732,0.10913744376061074
L0000.ANS,-15.0,120.0,8.000085600032,2002/01/00,0,13.39,TOTAL,0.83734,0.056151,microSv/hr,ICRP Pub. 103 EFFECTIVE DOSE,-0.25881904510252074,0.9659258262890683,0.8660254037844387,-0.4999999999999998,-1.062489299996,0.6083188734836896,-15.00000_120.00000,0.6624556058808428,0.9395492600134969,0.05413673239715322,0.10220926001349695
L0000.ANS,-15.0,130.0,8.000085600032,2002/01/00,0,13.31,TOTAL,0.84088,0.056219,microSv/hr,ICRP Pub. 103 EFFECTIVE DOSE,-0.25881904510252074,0.9659258262890683,0.766044443118978,-0.6427876096865394,-1.062489299996,0.6102437181601814,-15.00000_130.00000,0.6603778871940937,0.9355236058087807,0.050134169033912324,0.09464360580878073
L0000.ANS,-15.0,140.0,8.000085600032,2002/01/00,0,13.31,TOTAL,0.84126,0.056228,microSv/hr,ICRP Pub. 103 EFFECTIVE DOSE,-0.25881904510252074,0.9659258262890683,0.6427876096865395,-0.7660444431189779,-1.062489299996,0.6104501198729622,-15.00000_140.00000,0.6584220323707823,0.9317417022614713,0.04797191249782018,0.09048170226147134
L0000.ANS,-15.0,150.0,8.000085600032,2002/01/00,0,13.35,TOTAL,0.83922,0.056184,microSv/hr,ICRP Pub. 103 EFFECTIVE DOSE,-0.25881904510252074,0.9659258262890683,0.49999999999999994,-0.8660254037844387,-1.062489299996,0.609341568700881,-15.00000_150.00000,0.6566474690700037,0.9283167441313442,0.047305900369122744,0.08909674413134427
L0000.ANS,-15.0,160.0,8.000085600032,2002/01/00,0,13.48,TOTAL,0.83337,0.055956,microSv/hr,ICRP Pub. 103 EFFECTIVE DOSE,-0.25881904510252074,0.9659258262890683,0.3420201433256689,-0.9396926207859083,-1.062489299996,0.6061558033703183,-15.00000_160.00000,0.6551081164996804,0.9253506682987991,0.0489523131293621,0.09198066829879903
L0000.ANS,-15.0,170.0,8.000085600032,2002/01/00,0,13.63,TOTAL,0.82744,0.055234,microSv/hr,ICRP Pub. 103 EFFECTIVE DOSE,-0.25881904510252074,0.9659258262890683,0.17364817766693028,-0.984807753012208,-1.062489299996,0.6029160803654771,-15.00000_170.00000,0.6538507471087112,0.9229313126322242,0.0509346667432341,0.09549131263222421
L0000.ANS,-10.0,-179.99999,8.000085600032,2002/01/00,0,14.61,TOTAL,0.7886,0.051656,microSv/hr,ICRP Pub. 103 EFFECTIVE DOSE,-0.17364817766693033,0.984807753012208,-1.745329251238221e-07,-0.9999999999999848,-1.062489299996,0.5814331909299437,-10.00000_-179.99999,0.6373387604517253,0.8914405990576499,0.055905569521781606,0.10284059905764997
L0000.ANS,-10.0,-170.0,8.000085600032,2002/01/00,0,14.54,TOTAL,0.79106,0.051832,microSv/hr,ICRP Pub. 103 EFFECTIVE DOSE,-0.17364817766693033,0.984807753012208,-0.17364817766693028,-0.984807753012208,-1.062489299996,0.5828076233549552,-10.00000_-170.00000,0.6367502430426488,0.8903277808254407,0.05394261968769365,0.09926778082544074
L0000.ANS,-10.0,-160.0,8.000085600032,2002/01/00,0,14.44,TOTAL,0.79497,0.052139,microSv/hr,ICRP Pub. 103 EFFECTIVE DOSE,-0.17364817766693033,0.984807753012208,-0.3420201433256689,-0.9396926207859083,-1.062489299996,0.5849883087086549,-10.00000_-160.00000,0.6365282701969202,0.8899082259551879,0.05153996148826523,0.09493822595518797
L0000.ANS,-10.0,-150.0,8.000085600032,2002/01/00,0,14.31,TOTAL,0.79995,0.052577,microSv/hr,ICRP Pub. 103 EFFECTIVE DOSE,-0.17364817766693033,0.984807753012208,-0.49999999999999994,-0.8660254037844387,-1.062489299996,0.5877588867385316,-10.00000_-150.00000,0.6366795872138695,0.8901942228678016,0.04892070047533792,0.09024422286780154
L0000.ANS,-10.0,-140.0,8.000085600032,2002/01/00,0,14.16,TOTAL,0.80595,0.053132,microSv/hr,ICRP Pub. 103 EFFECTIVE DOSE,-0.17364817766693033,0.984807753012208,-0.6427876096865395,-0.7660444431189779,-1.062489299996,0.5910867691187416,-10.00000_-140.00000,0.6371995964025072,0.8911773968395975,0.046112827283765645,0.08522739683959746
L0000.ANS,-10.0,-130.0,8.000085600032,2002/01/00,0,13.97,TOTAL,0.81333,0.053758,microSv/hr,ICRP Pub. 103 EFFECTIVE DOSE,-0.17364817766693033,0.984807753012208,-0.766044443118978,-0.6427876096865394,-1.062489299996,0.5951649339627579,-10.00000_-130.00000,0.6380724975467733,0.8928289284603634,0.042907563584015374,0.07949892846036344
L0000.ANS,-10.0,-120.0,8.000085600032,2002/01/00,0,13.76,TOTAL,0.82194,0.054616,microSv/hr,ICRP Pub. 103 EFFECTIVE DOSE,-0.17364817766693033,0.984807753012208,-0.8660254037844387,-0.4999999999999998,-1.062489299996,0.5999018674503094,-10.00000_-120.00000,0.6392717679871094,0.8951003039673975,0.03936990053680001,0.07316030396739748
L0000.ANS,-10.0,-110.0,8.000085600032,2002/01/00,0,13.52,TOTAL,0.83185,0.055764,microSv/hr,ICRP Pub. 103 EFFECTIVE DOSE,-0.17364817766693033,0.984807753012208,-0.9396926207859084,-0.3420201433256687,-1.062489299996,0.6053263851705166,-10.00000_-110.00000,0.6407609684980451,0.8979245907510448,0.03543458332752847,0.06607459075104483
L0000.ANS,-10.0,-100.0,8.000085600032,2002/01/00,0,13.24,TOTAL,0.84454,0.056316,microSv/hr,ICRP Pub. 103 EFFECTIVE DOSE,-0.17364817766693033,0.984807753012208,-0.984807753012208,-0.1736481776669303,-1.062489299996,0.6122299239132457,-10.00000_-100.00000,0.6424948504756283,0.9012182225530212,0.030264926562382555,0.05667822255302124
L0000.ANS,-10.0,-90.0,8.000085600032,2002/01/00,0,12.93,TOTAL,0.85883,0.056964,microSv/hr,ICRP Pub. 103 EFFECTIVE DOSE,-0.17364817766693033,0.984807753012208,-1.0,6.123233995736766e-17,-1.062489299996,0.6199472575432499,-10.00000_-90.00000,0.6444207307933558,0.9048832693955203,0.02447347325010596,0.046053269395520346
L0000.ANS,-10.0,-80.0,8.000085600032,2002/01/00,0,12.67,TOTAL,0.87079,0.057824,microSv/hr,ICRP Pub. 103 EFFECTIVE DOSE,-0.17364817766693033,0.984807753012208,-0.984807753012208,0.17364817766693041,-1.062489299996,0.6263608015484873,-10.00000_-80.00000,0.6464800925523169,0.9088101552072171,0.020119291003829587,0.03802015520721713
L0000.ANS,-10.0,-70.0,8.000085600032,2002/01/00,0,12.51,TOTAL,0.87817,0.058425,microSv/hr,ICRP Pub. 103 EFFECTIVE DOSE,-0.17364817766693033,0.984807753012208,-0.9396926207859083,0.3420201433256688,-1.062489299996,0.6302978985209533,-10.00000_-70.00000,0.6486103630875522,0.9128807714557511,0.01831246456659885,0.03471077145575108
L0000.ANS,-10.0,-60.0,8.000085600032,2002/01/00,0,12.43,TOTAL,0.88245,0.058757,microSv/hr,ICRP Pub. 103 EFFECTIVE DOSE,-0.17364817766693033,0.984807753012208,-0.8660254037844386,0.5000000000000001,-1.062489299996,0.6325741199142104,-10.00000_-60.00000,0.6507468152068179,0.9169719183474087,0.018172695292607455,0.0345219183474087
L0000.ANS,-10.0,-50.0,8.000085600032,2002/01/00,0,12.3,TOTAL,0.88859,0.059292,microSv/hr,ICRP Pub. 103 EFFECTIVE DOSE,-0.17364817766693033,0.984807753012208,-0.766044443118978,0.6427876096865394,-1.062489299996,0.6358305189053541,-10.00000_-50.00000,0.6528245338935665,0.9209589872936392,0.016994014988212403,0.03236898729363924
L0000.ANS,-10.0,-40.0,8.000085600032,2002/01/00,0,12.05,TOTAL,0.90057,0.060522,microSv/hr,ICRP Pub. 103 EFFECTIVE DOSE,-0.17364817766693033,0.984807753012208,-0.6427876096865393,0.766044443118978,-1.062489299996,0.6421538411813927,-10.00000_-40.00000,0.6547803887168784,0.9247197807784919,0.012626547535485644,0.024149780778491947
L0000.ANS,-10.0,-30.0,8.000085600032,2002/01/00,0,11.72,TOTAL,0.91737,0.061928,microSv/hr,ICRP Pub. 103 EFFECTIVE DOSE,-0.17364817766693033,0.984807753012208,-0.49999999999999994,0.8660254037844387,-1.062489299996,0.6509544553508106,-10.00000_-30.00000,0.6565549520176566,0.928138350202553,0.005600496666845922,0.010768350202552956
L0000.ANS,-10.0,-20.0,8.000085600032,2002/01/00,0,11.45,TOTAL,0.93254,0.062476,microSv/hr,ICRP Pub. 103 EFFECTIVE DOSE,-0.17364817766693033,0.984807753012208,-0.3420201433256687,0.9396926207859084,-1.062489299996,0.6588351998422002,-10.00000_-20.00000,0.6580943045879799,0.9311087205649518,-0.0007408952542202751,-0.0014312794350482827
L0000.ANS,-10.0,-10.0,8.000085600032,2002/01/00,0,11.37,TOTAL,0.93696,0.062718,microSv/hr,ICRP Pub. 103 EFFECTIVE DOSE,-0.17364817766693033,0.984807753012208,-0.17364817766693033,0.984807753012208,-1.062489299996,0.6611197337211854,-10.00000_-10.00000,0.6593516739789491,0.933538364720819,-0.001768059742236261,-0.0034216352791810456
L0000.ANS,-10.0,0.0,8.000085600032,2002/01/00,0,11.48,TOTAL,0.93086,0.062393,microSv/hr,ICRP Pub. 103 EFFECTIVE DOSE,-0.17364817766693033,0.984807753012208,0.0,1.0,-1.062489299996,0.6579654995233655,-10.00000_0.00000,0.6602888556578788,0.9353512908396222,0.002323356134513288,0.004491290839622186
L0000.ANS,-10.0,10.0,8.000085600032,2002/01/00,0,11.72,TOTAL,0.91767,0.061935,microSv/hr,ICRP Pub. 103 EFFECTIVE DOSE,-0.17364817766693033,0.984807753012208,0.17364817766693033,0.984807753012208,-1.062489299996,0.6511109074350715,-10.00000_10.00000,0.6608773738336917,0.9364906154746082,0.009766466398620222,0.018820615474608227
L0000.ANS,-10.0,20.0,8.000085600032,2002/01/00,0,12.07,TOTAL,0.89975,0.060429,microSv/hr,ICRP Pub. 103 EFFECTIVE DOSE,-0.17364817766693033,0.984807753012208,0.3420201433256687,0.9396926207859084,-1.062489299996,0.6417222985677573,-10.00000_20.00000,0.6610993466794204,0.936920511518111,0.019377048111663076,0.037170511518110905
L0000.ANS,-10.0,30.0,8.000085600032,2002/01/00,0,12.52,TOTAL,0.87773,0.058392,microSv/hr,ICRP Pub. 103 EFFECTIVE DOSE,-0.17364817766693033,0.984807753012208,0.49999999999999994,0.8660254037844387,-1.062489299996,0.6300636004821275,-10.00000_30.00000,0.660948029662471,0.9366274446578007,0.03088442918034351,0.05889744465780067
L0000.ANS,-10.0,40.0,8.000085600032,2002/01/00,0,13.05,TOTAL,0.85302,0.05665,microSv/hr,ICRP Pub. 103 EFFECTIVE DOSE,-0.17364817766693033,0.984807753012208,0.6427876096865393,0.766044443118978,-1.062489299996,0.6168167405531243,-10.00000_40.00000,0.6604280204738338,0.9356206423875149,0.043611279920709456,0.08260064238751486
L0000.ANS,-10.0,50.0,8.000085600032,2002/01/00,0,13.61,TOTAL,0.82813,0.055314,microSv/hr,ICRP Pub. 103 EFFECTIVE DOSE,-0.17364817766693033,0.984807753012208,0.766044443118978,0.6427876096865394,-1.062489299996,0.6032935864770791,-10.00000_50.00000,0.6595551193295672,0.9339317741286637,0.05626153285248814,0.10580177412866365
L0000.ANS,-10.0,60.0,8.000085600032,2002/01/00,0,14.1,TOTAL,0.80808,0.053302,microSv/hr,ICRP Pub. 103 EFFECTIVE DOSE,-0.17364817766693033,0.984807753012208,0.8660254037844386,0.5000000000000001,-1.062489299996,0.5922655087786909,-10.00000_60.00000,0.6583558488892312,0.9316138571008237,0.06609034011054027,0.12353385710082365
L0000.ANS,-10.0,70.0,8.000085600032,2002/01/00,0,14.49,TOTAL,0.79285,0.051969,microSv/hr,ICRP Pub. 103 EFFECTIVE DOSE,-0.17364817766693033,0.984807753012208,0.9396926207859083,0.3420201433256688,-1.062489299996,0.5838065324507982,-10.00000_70.00000,0.6568666483782954,0.9287394375826272,0.07306011592749728,0.13588943758262717
L0000.ANS,-10.0,80.0,8.000085600032,2002/01/00,0,14.78,TOTAL,0.78188,0.05124,microSv/hr,ICRP Pub. 103 EFFECTIVE DOSE,-0.17364817766693033,0.984807753012208,0.984807753012208,0.17364817766693041,-1.062489299996,0.5776689867138334,-10.00000_80.00000,0.6551327664007123,0.9253981285871676,0.0774637796868789,0.14351812858716761
L0000.ANS,-10.0,90.0,8.000085600032,2002/01/00,0,14.96,TOTAL,0.77483,0.05091,microSv/hr,ICRP Pub. 103 EFFECTIVE DOSE,-0.17364817766693033,0.984807753012208,1.0,6.123233995736766e-17,-1.062489299996,0.5737046436928074,-10.00000_90.00000,0.6532068860829847,0.9216936106016789,0.07950224239017734,0.14686361060167885
L0000.ANS,-10.0,100.0,8.000085600032,2002/01/00,0,15.06,TOTAL,0.77114,0.050782,microSv/hr,ICRP Pub. 103 EFFECTIVE DOSE,-0.17364817766693033,0.984807753012208,0.984807753012208,-0.1736481776669303,-1.062489299996,0.5716234070596997,-10.00000_100.00000,0.6511475243240237,0.9177402203950552,0.07952411726432396,0.14660022039505516
L0000.ANS,-10.0,110.0,8.000085600032,2002/01/00,0,15.05,TOTAL,0.77146,0.050792,microSv/hr,ICRP Pub. 103 EFFECTIVE DOSE,-0.17364817766693033,0.984807753012208,0.9396926207859084,-0.3420201433256687,-1.062489299996,0.5718040653337755,-10.00000_110.00000,0.6490172537887884,0.9136592632240202,0.0772131884550129,0.1421992632240202
L0000.ANS,-10.0,120.0,8.000085600032,2002/01/00,0,14.94,TOTAL,0.77561,0.050941,microSv/hr,ICRP Pub. 103 EFFECTIVE DOSE,-0.17364817766693033,0.984807753012208,0.8660254037844387,-0.4999999999999998,-1.062489299996,0.5741440258609605,-10.00000_120.00000,0.6468808016695231,0.9095751861066161,0.07273677580856264,0.13396518610661612
L0000.ANS,-10.0,130.0,8.000085600032,2002/01/00,0,14.79,TOTAL,0.7816,0.051225,microSv/hr,ICRP Pub. 103 EFFECTIVE DOSE,-0.17364817766693033,0.984807753012208,0.766044443118978,-0.6427876096865394,-1.062489299996,0.5775118369610208,-10.00000_130.00000,0.644803082982774,0.905611744942395,0.06729124602175318,0.12401174494239509
L0000.ANS,-10.0,140.0,8.000085600032,2002/01/00,0,14.65,TOTAL,0.78705,0.051551,microSv/hr,ICRP Pub. 103 EFFECTIVE DOSE,-0.17364817766693033,0.984807753012208,0.6427876096865395,-0.7660444431189779,-1.062489299996,0.5805662156403669,-10.00000_140.00000,0.6428472281594626,0.9018882874777776,0.06228101251909568,0.11483828747777758
L0000.ANS,-10.0,150.0,8.000085600032,2002/01/00,0,14.6,TOTAL,0.78898,0.051682,microSv/hr,ICRP Pub. 103 EFFECTIVE DOSE,-0.17364817766693033,0.984807753012208,0.49999999999999994,-0.8660254037844387,-1.062489299996,0.5816456250342428,-10.00000_150.00000,0.641072664858684,0.8985162591444011,0.0594270398244412,0.10953625914440113
L0000.ANS,-10.0,160.0,8.000085600032,2002/01/00,0,14.58,TOTAL,0.78944,0.051714,microSv/hr,ICRP Pub. 103 EFFECTIVE DOSE,-0.17364817766693033,0.984807753012208,0.3420201433256689,-0.9396926207859083,-1.062489299996,0.5819027217431443,-10.00000_160.00000,0.6395333122883606,0.8955960214754185,0.057630590545216354,0.10615602147541847
L0000.ANS,-10.0,170.0,8.000085600032,2002/01/00,0,14.62,TOTAL,0.78822,0.051629,microSv/hr,ICRP Pub. 103 EFFECTIVE DOSE,-0.17364817766693033,0.984807753012208,0.17364817766693028,-0.984807753012208,-1.062489299996,0.5812207116878071,-10.00000_170.00000,0.6382759428973914,0.8932140548801356,0.057055231209584334,0.10499405488013558
L0000.ANS,-5.0,-179.99999,8.000085600032,2002/01/00,0,15.09,TOTAL,0.76988,0.050745,microSv/hr,ICRP Pub. 103 EFFECTIVE DOSE,-0.08715574274765817,0.9961946980917455,-1.745329251238221e-07,-0.9999999999999848,-1.062489299996,0.5709117476772743,-5.00000_-179.99999,0.6270350792792936,0.8720518574093817,0.05612333160201932,0.10217185740938173
L0000.ANS,-5.0,-170.0,8.000085600032,2002/01/00,0,14.94,TOTAL,0.77571,0.050945,microSv/hr,ICRP Pub. 103 EFFECTIVE DOSE,-0.08715574274765817,0.9961946980917455,-0.17364817766693028,-0.984807753012208,-1.062489299996,0.574200342948706,-5.00000_-170.00000,0.6264465618702171,0.8709504464321594,0.052246218921511045,0.09524044643215934
L0000.ANS,-5.0,-160.0,8.000085600032,2002/01/00,0,14.76,TOTAL,0.78262,0.051281,microSv/hr,ICRP Pub. 103 EFFECTIVE DOSE,-0.08715574274765817,0.9961946980917455,-0.3420201433256689,-0.9396926207859083,-1.062489299996,0.5780841922184657,-5.00000_-160.00000,0.6262245890244884,0.8705351923266202,0.04814039680602267,0.08791519232662026
L0000.ANS,-5.0,-150.0,8.000085600032,2002/01/00,0,14.57,TOTAL,0.78999,0.051753,microSv/hr,ICRP Pub. 103 EFFECTIVE DOSE,-0.08715574274765817,0.9961946980917455,-0.49999999999999994,-0.8660254037844387,-1.062489299996,0.5822100332448797,-5.00000_-150.00000,0.6263759060414378,0.8708182575477743,0.04416587279655804,0.08082825754777434
L0000.ANS,-5.0,-140.0,8.000085600032,2002/01/00,0,14.36,TOTAL,0.79819,0.052417,microSv/hr,ICRP Pub. 103 EFFECTIVE DOSE,-0.08715574274765817,0.9961946980917455,-0.6427876096865395,-0.7660444431189779,-1.062489299996,0.5867806034364001,-5.00000_-140.00000,0.626895915230075,0.8717913532193869,0.04011531179367489,0.07360135321938699
L0000.ANS,-5.0,-130.0,8.000085600032,2002/01/00,0,14.13,TOTAL,0.80692,0.053208,microSv/hr,ICRP Pub. 103 EFFECTIVE DOSE,-0.08715574274765817,0.9961946980917455,-0.766044443118978,-0.6427876096865394,-1.062489299996,0.5916237383555573,-5.00000_-130.00000,0.6277688163743416,0.8734259553526853,0.036145078018784305,0.06650595535268533
L0000.ANS,-5.0,-120.0,8.000085600032,2002/01/00,0,13.87,TOTAL,0.81756,0.054162,microSv/hr,ICRP Pub. 103 EFFECTIVE DOSE,-0.08715574274765817,0.9961946980917455,-0.8660254037844387,-0.4999999999999998,-1.062489299996,0.5974949422602831,-5.00000_-120.00000,0.6289680868146776,0.8756740474888781,0.03147314455439454,0.05811404748887816
L0000.ANS,-5.0,-110.0,8.000085600032,2002/01/00,0,13.59,TOTAL,0.82908,0.055428,microSv/hr,ICRP Pub. 103 EFFECTIVE DOSE,-0.08715574274765817,0.9961946980917455,-0.9396926207859084,-0.3420201433256687,-1.062489299996,0.6038131082006702,-5.00000_-110.00000,0.6304572873256133,0.8784693831297742,0.0266441791249431,0.049389383129774145
L0000.ANS,-5.0,-100.0,8.000085600032,2002/01/00,0,13.26,TOTAL,0.84352,0.056286,microSv/hr,ICRP Pub. 103 EFFECTIVE DOSE,-0.08715574274765817,0.9961946980917455,-0.984807753012208,-0.1736481776669303,-1.062489299996,0.6116767875618813,-5.00000_-100.00000,0.6321911693031961,0.8817292526364258,0.020514381741314813,0.03820925263642572
L0000.ANS,-5.0,-90.0,8.000085600032,2002/01/00,0,12.94,TOTAL,0.85818,0.056925,microSv/hr,ICRP Pub. 103 EFFECTIVE DOSE,-0.08715574274765817,0.9961946980917455,-1.0,6.123233995736766e-17,-1.062489299996,0.6195975140630733,-5.00000_-90.00000,0.6341170496209241,0.8853567298896966,0.014519535557850793,0.02717672988969655
L0000.ANS,-5.0,-80.0,8.000085600032,2002/01/00,0,12.73,TOTAL,0.86819,0.057613,microSv/hr,ICRP Pub. 103 EFFECTIVE DOSE,-0.08715574274765817,0.9961946980917455,-0.984807753012208,0.17364817766693041,-1.062489299996,0.6249700476963266,-5.00000_-80.00000,0.6361764113798847,0.8892433620584692,0.011206363683558096,0.021053362058469194
L0000.ANS,-5.0,-70.0,8.000085600032,2002/01/00,0,12.66,TOTAL,0.87106,0.057846,microSv/hr,ICRP Pub. 103 EFFECTIVE DOSE,-0.08715574274765817,0.9961946980917455,-0.9396926207859083,0.3420201433256688,-1.062489299996,0.6265051151903855,-5.00000_-70.00000,0.6383066819151204,0.8932722513149793,0.011801566724734869,0.022212251314979392
L0000.ANS,-5.0,-60.0,8.000085600032,2002/01/00,0,12.72,TOTAL,0.86864,0.057649,microSv/hr,ICRP Pub. 103 EFFECTIVE DOSE,-0.08715574274765817,0.9961946980917455,-0.8660254037844386,0.5000000000000001,-1.062489299996,0.6252108935481182,-5.00000_-60.00000,0.6404431340343857,0.8973214607595034,0.015232240486267479,0.028681460759503397
L0000.ANS,-5.0,-50.0,8.000085600032,2002/01/00,0,12.75,TOTAL,0.86699,0.057519,microSv/hr,ICRP Pub. 103 EFFECTIVE DOSE,-0.08715574274765817,0.9961946980917455,-0.766044443118978,0.6427876096865394,-1.062489299996,0.6243275083588459,-5.00000_-50.00000,0.6425208527211348,0.9012676591387339,0.01819334436228892,0.03427765913873382
L0000.ANS,-5.0,-40.0,8.000085600032,2002/01/00,0,12.69,TOTAL,0.86995,0.057754,microSv/hr,ICRP Pub. 103 EFFECTIVE DOSE,-0.08715574274765817,0.9961946980917455,-0.6427876096865393,0.766044443118978,-1.062489299996,0.625911692541115,-5.00000_-40.00000,0.6444767075444462,0.9049899015565807,0.018565015003331187,0.035039901556580655
L0000.ANS,-5.0,-30.0,8.000085600032,2002/01/00,0,12.55,TOTAL,0.87651,0.058304,microSv/hr,ICRP Pub. 103 EFFECTIVE DOSE,-0.08715574274765817,0.9961946980917455,-0.49999999999999994,0.8660254037844387,-1.062489299996,0.6294136686488163,-5.00000_-30.00000,0.6462512708452248,0.9083734279772286,0.016837602196408508,0.03186342797722863
L0000.ANS,-5.0,-20.0,8.000085600032,2002/01/00,0,12.44,TOTAL,0.88157,0.058686,microSv/hr,ICRP Pub. 103 EFFECTIVE DOSE,-0.08715574274765817,0.9961946980917455,-0.3420201433256687,0.9396926207859084,-1.062489299996,0.6321065347175148,-5.00000_-20.00000,0.6477906234155482,0.9113133497262346,0.015684088698033394,0.029743349726234602
L0000.ANS,-5.0,-10.0,8.000085600032,2002/01/00,0,12.48,TOTAL,0.87981,0.058548,microSv/hr,ICRP Pub. 103 EFFECTIVE DOSE,-0.08715574274765817,0.9961946980917455,-0.17364817766693033,0.984807753012208,-1.062489299996,0.6311707079047777,-5.00000_-10.00000,0.6490479928065174,0.913718088134145,0.017877284901739676,0.03390808813414503
L0000.ANS,-5.0,0.0,8.000085600032,2002/01/00,0,12.65,TOTAL,0.87188,0.057916,microSv/hr,ICRP Pub. 103 EFFECTIVE DOSE,-0.08715574274765817,0.9961946980917455,0.0,1.0,-1.062489299996,0.6269432734366406,-5.00000_0.00000,0.649985174485447,0.9155124303459716,0.023041901048806435,0.04363243034597164
L0000.ANS,-5.0,10.0,8.000085600032,2002/01/00,0,12.92,TOTAL,0.85908,0.056979,microSv/hr,ICRP Pub. 103 EFFECTIVE DOSE,-0.08715574274765817,0.9961946980917455,0.17364817766693033,0.984807753012208,-1.062489299996,0.6200817417025635,-5.00000_10.00000,0.65057369266126,0.9166400760146648,0.0304919509586965,0.05756007601466484
L0000.ANS,-5.0,20.0,8.000085600032,2002/01/00,0,13.27,TOTAL,0.84292,0.05627,microSv/hr,ICRP Pub. 103 EFFECTIVE DOSE,-0.08715574274765817,0.9961946980917455,0.3420201433256687,0.9396926207859084,-1.062489299996,0.6113512702577624,-5.00000_20.00000,0.6507956655069886,0.9170655652883608,0.03944439524922627,0.0741455652883608
L0000.ANS,-5.0,30.0,8.000085600032,2002/01/00,0,13.71,TOTAL,0.82401,0.054842,microSv/hr,ICRP Pub. 103 EFFECTIVE DOSE,-0.08715574274765817,0.9961946980917455,0.49999999999999994,0.8660254037844387,-1.062489299996,0.6010373740932514,-5.00000_30.00000,0.6506443484900393,0.9167755025919895,0.04960697439678785,0.09276550259198946
L0000.ANS,-5.0,40.0,8.000085600032,2002/01/00,0,14.21,TOTAL,0.80375,0.052944,microSv/hr,ICRP Pub. 103 EFFECTIVE DOSE,-0.08715574274765817,0.9961946980917455,0.6427876096865393,0.766044443118978,-1.062489299996,0.5898678311059435,-5.00000_40.00000,0.6501243393014016,0.915779020830377,0.060256508195458025,0.11202902083037702
L0000.ANS,-5.0,50.0,8.000085600032,2002/01/00,0,14.76,TOTAL,0.7828,0.051291,microSv/hr,ICRP Pub. 103 EFFECTIVE DOSE,-0.08715574274765817,0.9961946980917455,0.766044443118978,0.6427876096865394,-1.062489299996,0.5781851620902637,-5.00000_50.00000,0.649251438157135,0.9141074647886609,0.07106627606687133,0.13130746478866084
L0000.ANS,-5.0,60.0,8.000085600032,2002/01/00,0,15.27,TOTAL,0.76307,0.05061,microSv/hr,ICRP Pub. 103 EFFECTIVE DOSE,-0.08715574274765817,0.9961946980917455,0.8660254037844386,0.5000000000000001,-1.062489299996,0.567056607675722,-5.00000_60.00000,0.6480521677167994,0.9118133082185582,0.08099556004107744,0.1487433082185582
L0000.ANS,-5.0,70.0,8.000085600032,2002/01/00,0,15.7,TOTAL,0.74856,0.049059,microSv/hr,ICRP Pub. 103 EFFECTIVE DOSE,-0.08715574274765817,0.9961946980917455,0.9396926207859083,0.3420201433256688,-1.062489299996,0.5587925920597949,-5.00000_70.00000,0.6465629672058637,0.9089683537427504,0.08777037514606878,0.16040835374275042
L0000.ANS,-5.0,80.0,8.000085600032,2002/01/00,0,16.01,TOTAL,0.73827,0.048107,microSv/hr,ICRP Pub. 103 EFFECTIVE DOSE,-0.08715574274765817,0.9961946980917455,0.984807753012208,0.17364817766693041,-1.062489299996,0.5528903657556224,-5.00000_80.00000,0.6448290852282805,0.9056612957710408,0.09193871947265808,0.16739129577104084
L0000.ANS,-5.0,90.0,8.000085600032,2002/01/00,0,16.2,TOTAL,0.73221,0.047499,microSv/hr,ICRP Pub. 103 EFFECTIVE DOSE,-0.08715574274765817,0.9961946980917455,1.0,6.123233995736766e-17,-1.062489299996,0.5493980499035702,-5.00000_90.00000,0.642903204910553,0.9019947519847883,0.09350515500698275,0.16978475198478826
L0000.ANS,-5.0,100.0,8.000085600032,2002/01/00,0,16.26,TOTAL,0.73031,0.047315,microSv/hr,ICRP Pub. 103 EFFECTIVE DOSE,-0.08715574274765817,0.9961946980917455,0.984807753012208,-0.1736481776669303,-1.062489299996,0.5483005832083876,-5.00000_100.00000,0.6408438431515919,0.8980818871118119,0.09254325994320434,0.1677718871118119
L0000.ANS,-5.0,110.0,8.000085600032,2002/01/00,0,16.2,TOTAL,0.73241,0.047519,microSv/hr,ICRP Pub. 103 EFFECTIVE DOSE,-0.08715574274765817,0.9961946980917455,0.9396926207859084,-0.3420201433256687,-1.062489299996,0.5495135026806264,-5.00000_110.00000,0.6387135726163566,0.8940427629353243,0.08920006993573026,0.16163276293532425
L0000.ANS,-5.0,120.0,8.000085600032,2002/01/00,0,16.02,TOTAL,0.73789,0.048076,microSv/hr,ICRP Pub. 103 EFFECTIVE DOSE,-0.08715574274765817,0.9961946980917455,0.8660254037844387,-0.4999999999999998,-1.062489299996,0.5526717337009912,-5.00000_120.00000,0.6365771204970909,0.8900005507943507,0.08390538679609971,0.15211055079435065
L0000.ANS,-5.0,130.0,8.000085600032,2002/01/00,0,15.79,TOTAL,0.74571,0.048775,microSv/hr,ICRP Pub. 103 EFFECTIVE DOSE,-0.08715574274765817,0.9961946980917455,0.766044443118978,-0.6427876096865394,-1.062489299996,0.5571613496933058,-5.00000_130.00000,0.6344994018103423,0.886077737993934,0.07733805211703648,0.14036773799393398
L0000.ANS,-5.0,140.0,8.000085600032,2002/01/00,0,15.58,TOTAL,0.7526,0.049489,microSv/hr,ICRP Pub. 103 EFFECTIVE DOSE,-0.08715574274765817,0.9961946980917455,0.6427876096865395,-0.7660444431189779,-1.062489299996,0.5611003996396132,-5.00000_140.00000,0.6325435469870304,0.8823924488729876,0.07144314734741719,0.12979244887298758
L0000.ANS,-5.0,150.0,8.000085600032,2002/01/00,0,15.42,TOTAL,0.75807,0.050122,microSv/hr,ICRP Pub. 103 EFFECTIVE DOSE,-0.08715574274765817,0.9961946980917455,0.49999999999999994,-0.8660254037844387,-1.062489299996,0.5642166164452422,-5.00000_150.00000,0.6307689836862522,0.8790549864605396,0.06655236724100999,0.12098498646053957
L0000.ANS,-5.0,160.0,8.000085600032,2002/01/00,0,15.31,TOTAL,0.76161,0.05056,microSv/hr,ICRP Pub. 103 EFFECTIVE DOSE,-0.08715574274765817,0.9961946980917455,0.3420201433256689,-0.9396926207859083,-1.062489299996,0.5662281636277503,-5.00000_160.00000,0.6292296311159289,0.876164683505734,0.06300146748817859,0.11455468350573395
L0000.ANS,-5.0,170.0,8.000085600032,2002/01/00,0,15.21,TOTAL,0.76549,0.050646,microSv/hr,ICRP Pub. 103 EFFECTIVE DOSE,-0.08715574274765817,0.9961946980917455,0.17364817766693028,-0.984807753012208,-1.062489299996,0.5684282722524492,-5.00000_170.00000,0.6279722617249597,0.8738071339262187,0.059543989472510495,0.10831713392621867
L0000.ANS,0.0,-179.99999,8.000085600032,2002/01/00,0,15.28,TOTAL,0.76289,0.050608,microSv/hr,ICRP Pub. 103 EFFECTIVE DOSE,0.0,1.0,-1.745329251238221e-07,-0.9999999999999848,-1.062489299996,0.5669545078219763,0.00000_-179.99999,0.6220809383810044,0.8628003842117034,0.055126430559028106,0.0999103842117034
L0000.ANS,0.0,-170.0,8.000085600032,2002/01/00,0,15.06,TOTAL,0.77103,0.050779,microSv/hr,ICRP Pub. 103 EFFECTIVE DOSE,0.0,1.0,-0.17364817766693028,-0.984807753012208,-1.062489299996,0.5715612982393804,0.00000_-170.00000,0.6214924209719284,0.8617044162856959,0.04993112273254796,0.09067441628569595
L0000.ANS,0.0,-160.0,8.000085600032,2002/01/00,0,14.83,TOTAL,0.77993,0.051138,microSv/hr,ICRP Pub. 103 EFFECTIVE DOSE,0.0,1.0,-0.3420201433256689,-0.9396926207859083,-1.062489299996,0.576574037688016,0.00000_-160.00000,0.6212704481261992,0.8612912143200112,0.04469641043818329,0.0813612143200112
L0000.ANS,0.0,-150.0,8.000085600032,2002/01/00,0,14.6,TOTAL,0.78891,0.051677,microSv/hr,ICRP Pub. 103 EFFECTIVE DOSE,0.0,1.0,-0.49999999999999994,-0.8660254037844387,-1.062489299996,0.5816064958267998,0.00000_-150.00000,0.6214217651431486,0.8615728806641543,0.03981526931634882,0.07266288066415427
L0000.ANS,0.0,-140.0,8.000085600032,2002/01/00,0,14.35,TOTAL,0.79827,0.052424,microSv/hr,ICRP Pub. 103 EFFECTIVE DOSE,0.0,1.0,-0.6427876096865395,-0.7660444431189779,-1.062489299996,0.5868250916275732,0.00000_-140.00000,0.6219417743317863,0.8625411674046,0.03511668270421309,0.06427116740459993
L0000.ANS,0.0,-130.0,8.000085600032,2002/01/00,0,14.09,TOTAL,0.80863,0.053347,microSv/hr,ICRP Pub. 103 EFFECTIVE DOSE,0.0,1.0,-0.766044443118978,-0.6427876096865394,-1.062489299996,0.5925696526023536,0.00000_-130.00000,0.6228146754760528,0.8641676915149712,0.030245022873699234,0.05553769151497123
L0000.ANS,0.0,-120.0,8.000085600032,2002/01/00,0,13.79,TOTAL,0.82089,0.054504,microSv/hr,ICRP Pub. 103 EFFECTIVE DOSE,0.0,1.0,-0.8660254037844387,-0.4999999999999998,-1.062489299996,0.5993253925508064,0.00000_-120.00000,0.6240139459163885,0.8664046738285043,0.024688553365582067,0.04551467382850427
L0000.ANS,0.0,-110.0,8.000085600032,2002/01/00,0,13.44,TOTAL,0.83516,0.056123,microSv/hr,ICRP Pub. 103 EFFECTIVE DOSE,0.0,1.0,-0.9396926207859084,-0.3420201433256687,-1.062489299996,0.6071316711658953,0.00000_-110.00000,0.6255031464273246,0.869186195229877,0.01837147526142935,0.03402619522987693
L0000.ANS,0.0,-100.0,8.000085600032,2002/01/00,0,13.08,TOTAL,0.85187,0.056596,microSv/hr,ICRP Pub. 103 EFFECTIVE DOSE,0.0,1.0,-0.984807753012208,-0.1736481776669303,-1.062489299996,0.6161959393757973,0.00000_-100.00000,0.6272370284049074,0.8724299548220251,0.011041089029110052,0.020559954822025106
L0000.ANS,0.0,-90.0,8.000085600032,2002/01/00,0,12.75,TOTAL,0.86727,0.057541,microSv/hr,ICRP Pub. 103 EFFECTIVE DOSE,0.0,1.0,-1.0,6.123233995736766e-17,-1.062489299996,0.6244774711362233,0.00000_-90.00000,0.6291629087226354,0.8760395054839727,0.0046854375864120446,0.008769505483972706
L0000.ANS,0.0,-80.0,8.000085600032,2002/01/00,0,12.58,TOTAL,0.87515,0.058205,microSv/hr,ICRP Pub. 103 EFFECTIVE DOSE,0.0,1.0,-0.984807753012208,0.17364817766693041,-1.062489299996,0.6286886562225448,0.00000_-80.00000,0.631222270481596,0.8799069303464966,0.0025336142590511868,0.004756930346496602
L0000.ANS,0.0,-70.0,8.000085600032,2002/01/00,0,12.63,TOTAL,0.87244,0.057964,microSv/hr,ICRP Pub. 103 EFFECTIVE DOSE,0.0,1.0,-0.9396926207859083,0.3420201433256688,-1.062489299996,0.627242393172227,0.00000_-70.00000,0.6333525410168317,0.8839159092779666,0.00611014784460473,0.0114759092779666
L0000.ANS,0.0,-60.0,8.000085600032,2002/01/00,0,12.84,TOTAL,0.86298,0.05723,microSv/hr,ICRP Pub. 103 EFFECTIVE DOSE,0.0,1.0,-0.8660254037844386,0.5000000000000001,-1.062489299996,0.6221773561887727,0.00000_-60.00000,0.635488993136097,0.8879451079773291,0.01331163694732429,0.024965107977329093
L0000.ANS,0.0,-50.0,8.000085600032,2002/01/00,0,13.04,TOTAL,0.85343,0.056669,microSv/hr,ICRP Pub. 103 EFFECTIVE DOSE,0.0,1.0,-0.766044443118978,0.6427876096865394,-1.062489299996,0.6170379765075672,0.00000_-50.00000,0.6375667118228461,0.8918718046806878,0.02052873531527888,0.03844180468068781
L0000.ANS,0.0,-40.0,8.000085600032,2002/01/00,0,13.15,TOTAL,0.84842,0.05645,microSv/hr,ICRP Pub. 103 EFFECTIVE DOSE,0.0,1.0,-0.6427876096865393,0.766044443118978,-1.062489299996,0.6143312201242312,0.00000_-40.00000,0.6395225666461575,0.8955756521882507,0.025191346521926228,0.047155652188250796
L0000.ANS,0.0,-30.0,8.000085600032,2002/01/00,0,13.18,TOTAL,0.84712,0.056402,microSv/hr,ICRP Pub. 103 EFFECTIVE DOSE,0.0,1.0,-0.49999999999999994,0.8660254037844387,-1.062489299996,0.613627669328611,0.00000_-30.00000,0.6412971299469357,0.8989424575956042,0.02766946061832465,0.05182245759560422
L0000.ANS,0.0,-20.0,8.000085600032,2002/01/00,0,13.22,TOTAL,0.84507,0.056333,microSv/hr,ICRP Pub. 103 EFFECTIVE DOSE,0.0,1.0,-0.3420201433256687,0.9396926207859084,-1.062489299996,0.6125172171521763,0.00000_-20.00000,0.642836482517259,0.9018678505765332,0.03031926536508267,0.05679785057653319
L0000.ANS,0.0,-10.0,8.000085600032,2002/01/00,0,13.36,TOTAL,0.83885,0.056177,microSv/hr,ICRP Pub. 103 EFFECTIVE DOSE,0.0,1.0,-0.17364817766693033,0.984807753012208,-1.062489299996,0.6091403762269758,0.00000_-10.00000,0.6440938519082282,0.9042607050332379,0.0349534756812524,0.06541070503323787
L0000.ANS,0.0,0.0,8.000085600032,2002/01/00,0,13.6,TOTAL,0.82864,0.055375,microSv/hr,ICRP Pub. 103 EFFECTIVE DOSE,0.0,1.0,0.0,1.0,-1.062489299996,0.6035725211671508,0.00000_0.00000,0.6450310335871583,0.90604617980434,0.04145851242000753,0.07740617980433995
L0000.ANS,0.0,10.0,8.000085600032,2002/01/00,0,13.91,TOTAL,0.81598,0.054008,microSv/hr,ICRP Pub. 103 EFFECTIVE DOSE,0.0,1.0,0.17364817766693033,0.984807753012208,-1.062489299996,0.5966252669025967,0.00000_10.00000,0.6456195517629713,0.9071682527728758,0.048994284860374604,0.09118825277287579
L0000.ANS,0.0,20.0,8.000085600032,2002/01/00,0,14.26,TOTAL,0.80177,0.052749,microSv/hr,ICRP Pub. 103 EFFECTIVE DOSE,0.0,1.0,0.3420201433256687,0.9396926207859084,-1.062489299996,0.5887695150799395,0.00000_20.00000,0.6458415246086995,0.9075916393256469,0.057072009528760015,0.10582163932564692
L0000.ANS,0.0,30.0,8.000085600032,2002/01/00,0,14.66,TOTAL,0.7865,0.051515,microSv/hr,ICRP Pub. 103 EFFECTIVE DOSE,0.0,1.0,0.49999999999999994,0.8660254037844387,-1.062489299996,0.5802583984813274,0.00000_30.00000,0.6456902075917501,0.9073030100870351,0.06543180911042268,0.12080301008703509
L0000.ANS,0.0,40.0,8.000085600032,2002/01/00,0,15.12,TOTAL,0.769,0.050722,microSv/hr,ICRP Pub. 103 EFFECTIVE DOSE,0.0,1.0,0.6427876096865393,0.766044443118978,-1.062489299996,0.5704144151776482,0.00000_40.00000,0.6451701984031128,0.906311452828061,0.07475578322546461,0.137311452828061
L0000.ANS,0.0,50.0,8.000085600032,2002/01/00,0,15.62,TOTAL,0.75117,0.049334,microSv/hr,ICRP Pub. 103 EFFECTIVE DOSE,0.0,1.0,0.766044443118978,0.6427876096865394,-1.062489299996,0.5602841359696811,0.00000_50.00000,0.6442972972588463,0.9046481574313997,0.08401316128916525,0.1534781574313997
L0000.ANS,0.0,60.0,8.000085600032,2002/01/00,0,16.12,TOTAL,0.73461,0.047743,microSv/hr,ICRP Pub. 103 EFFECTIVE DOSE,0.0,1.0,0.8660254037844386,0.5000000000000001,-1.062489299996,0.5507826042694722,0.00000_60.00000,0.6430980268185107,0.9023653383292928,0.09231542254903846,0.1677553383292928
L0000.ANS,0.0,70.0,8.000085600032,2002/01/00,0,16.55,TOTAL,0.72136,0.04656,microSv/hr,ICRP Pub. 103 EFFECTIVE DOSE,0.0,1.0,0.9396926207859083,0.3420201433256688,-1.062489299996,0.5431146760630586,0.00000_70.00000,0.641608826307575,0.8995344433038028,0.09849415024451635,0.17817444330380283
L0000.ANS,0.0,80.0,8.000085600032,2002/01/00,0,16.87,TOTAL,0.71155,0.045948,microSv/hr,ICRP Pub. 103 EFFECTIVE DOSE,0.0,1.0,0.984807753012208,0.17364817766693041,-1.062489299996,0.5373993927010219,0.00000_80.00000,0.6398749443299918,0.8962437284467709,0.10247555162896993,0.1846937284467709
L0000.ANS,0.0,90.0,8.000085600032,2002/01/00,0,17.05,TOTAL,0.70619,0.045712,microSv/hr,ICRP Pub. 103 EFFECTIVE DOSE,0.0,1.0,1.0,6.123233995736766e-17,-1.062489299996,0.5342628144976707,0.00000_90.00000,0.6379490640122638,0.8925953043143254,0.10368624951459315,0.18640530431432545
L0000.ANS,0.0,100.0,8.000085600032,2002/01/00,0,17.08,TOTAL,0.70521,0.045677,microSv/hr,ICRP Pub. 103 EFFECTIVE DOSE,0.0,1.0,0.984807753012208,-0.1736481776669303,-1.062489299996,0.533688270306454,0.00000_100.00000,0.6358897022533032,0.888701776386721,0.10220143194684916,0.18349177638672098
L0000.ANS,0.0,110.0,8.000085600032,2002/01/00,0,16.95,TOTAL,0.7091,0.045832,microSv/hr,ICRP Pub. 103 EFFECTIVE DOSE,0.0,1.0,0.9396926207859084,-0.3420201433256687,-1.062489299996,0.5359669161723225,0.00000_110.00000,0.6337594317180679,0.8846826131151158,0.09779251554574542,0.1755826131151158
L0000.ANS,0.0,120.0,8.000085600032,2002/01/00,0,16.72,TOTAL,0.71638,0.046221,microSv/hr,ICRP Pub. 103 EFFECTIVE DOSE,0.0,1.0,0.8660254037844387,-0.4999999999999998,-1.062489299996,0.5402174217718418,0.00000_120.00000,0.6316229795988022,0.8806603771394036,0.09140555782696036,0.16428037713940358
L0000.ANS,0.0,130.0,8.000085600032,2002/01/00,0,16.43,TOTAL,0.72514,0.046857,microSv/hr,ICRP Pub. 103 EFFECTIVE DOSE,0.0,1.0,0.766044443118978,-0.6427876096865394,-1.062489299996,0.5453082066103654,0.00000_130.00000,0.6295452609120531,0.8767569504459142,0.08423705430168771,0.15161695044591417
L0000.ANS,0.0,140.0,8.000085600032,2002/01/00,0,16.14,TOTAL,0.7342,0.047701,microSv/hr,ICRP Pub. 103 EFFECTIVE DOSE,0.0,1.0,0.6427876096865395,-0.7660444431189779,-1.062489299996,0.550546211960923,0.00000_140.00000,0.6275894060887417,0.873089873616147,0.07704319412781868,0.13888987361614702
L0000.ANS,0.0,150.0,8.000085600032,2002/01/00,0,15.88,TOTAL,0.74245,0.048468,microSv/hr,ICRP Pub. 103 EFFECTIVE DOSE,0.0,1.0,0.49999999999999994,-0.8660254037844387,-1.062489299996,0.5552921688362585,0.00000_150.00000,0.6258148427879631,0.8697689045737588,0.07052267395170453,0.12731890457375872
L0000.ANS,0.0,160.0,8.000085600032,2002/01/00,0,15.66,TOTAL,0.74986,0.049195,microSv/hr,ICRP Pub. 103 EFFECTIVE DOSE,0.0,1.0,0.3420201433256689,-0.9396926207859083,-1.062489299996,0.559535784735252,0.00000_160.00000,0.6242754902176397,0.8668928851764377,0.06473970548238772,0.11703288517643773
L0000.ANS,0.0,170.0,8.000085600032,2002/01/00,0,15.47,TOTAL,0.75627,0.049908,microSv/hr,ICRP Pub. 103 EFFECTIVE DOSE,0.0,1.0,0.17364817766693028,-0.984807753012208,-1.062489299996,0.563192241935433,0.00000_170.00000,0.6230181208266705,0.8645469863461583,0.05982587889123747,0.10827698634615834
L0000.ANS,5.0,-179.99999,8.000085600032,2002/01/00,0,15.19,TOTAL,0.76626,0.05066,microSv/hr,ICRP Pub. 103 EFFECTIVE DOSE,0.08715574274765817,0.9961946980917455,-1.745329251238221e-07,-0.9999999999999848,-1.062489299996,0.5688643167132408,5.00000_-179.99999,0.6225140417604869,0.8636073440893176,0.05364972504724608,0.09734734408931756
L0000.ANS,5.0,-170.0,8.000085600032,2002/01/00,0,14.93,TOTAL,0.77632,0.050971,microSv/hr,ICRP Pub. 103 EFFECTIVE DOSE,0.08715574274765817,0.9961946980917455,-0.17364817766693028,-0.984807753012208,-1.062489299996,0.5745438085196595,5.00000_-170.00000,0.6219255243514104,0.8625109013930919,0.04738171583175088,0.08619090139309193
L0000.ANS,5.0,-160.0,8.000085600032,2002/01/00,0,14.67,TOTAL,0.78607,0.051488,microSv/hr,ICRP Pub. 103 EFFECTIVE DOSE,0.08715574274765817,0.9961946980917455,-0.3420201433256689,-0.9396926207859083,-1.062489299996,0.5800176754152566,5.00000_-160.00000,0.6217035515056817,0.8620975204294808,0.04168587609042507,0.0760275204294808
L0000.ANS,5.0,-150.0,8.000085600032,2002/01/00,0,14.41,TOTAL,0.7962,0.052243,microSv/hr,ICRP Pub. 103 EFFECTIVE DOSE,0.08715574274765817,0.9961946980917455,-0.49999999999999994,-0.8660254037844387,-1.062489299996,0.5856733222547124,5.00000_-150.00000,0.621854868522631,0.8623793087906905,0.036181546267918696,0.06617930879069045
L0000.ANS,5.0,-140.0,8.000085600032,2002/01/00,0,14.13,TOTAL,0.80684,0.053202,microSv/hr,ICRP Pub. 103 EFFECTIVE DOSE,0.08715574274765817,0.9961946980917455,-0.6427876096865395,-0.7660444431189779,-1.062489299996,0.5915794631408152,5.00000_-140.00000,0.6223748777112688,0.8633480149902238,0.03079541457045354,0.05650801499022384
L0000.ANS,5.0,-130.0,8.000085600032,2002/01/00,0,13.82,TOTAL,0.8195,0.054359,microSv/hr,ICRP Pub. 103 EFFECTIVE DOSE,0.08715574274765817,0.9961946980917455,-0.766044443118978,-0.6427876096865394,-1.062489299996,0.5985617380700775,5.00000_-130.00000,0.6232477788555348,0.8649752437062558,0.02468604078545733,0.045475243706255775
L0000.ANS,5.0,-120.0,8.000085600032,2002/01/00,0,13.48,TOTAL,0.83331,0.055948,microSv/hr,ICRP Pub. 103 EFFECTIVE DOSE,0.08715574274765817,0.9961946980917455,-0.8660254037844387,-0.4999999999999998,-1.062489299996,0.6061230762165959,5.00000_-120.00000,0.6244470492958705,0.8672131950742239,0.01832397307927458,0.0339031950742239
L0000.ANS,5.0,-110.0,8.000085600032,2002/01/00,0,13.03,TOTAL,0.85429,0.056712,microSv/hr,ICRP Pub. 103 EFFECTIVE DOSE,0.08715574274765817,0.9961946980917455,-0.9396926207859084,-0.3420201433256687,-1.062489299996,0.6175018734660337,5.00000_-110.00000,0.6259362498068066,0.8699959214228301,0.008434376340772931,0.015705921422830116
L0000.ANS,5.0,-100.0,8.000085600032,2002/01/00,0,12.52,TOTAL,0.87807,0.058417,microSv/hr,ICRP Pub. 103 EFFECTIVE DOSE,0.08715574274765817,0.9961946980917455,-0.984807753012208,-0.1736481776669303,-1.062489299996,0.6302446537868449,5.00000_-100.00000,0.6276701317843898,0.8732410862024945,-0.002574522002455115,-0.004828913797505496
L0000.ANS,5.0,-90.0,8.000085600032,2002/01/00,0,12.18,TOTAL,0.89441,0.059859,microSv/hr,ICRP Pub. 103 EFFECTIVE DOSE,0.08715574274765817,0.9961946980917455,-1.0,6.123233995736766e-17,-1.062489299996,0.6389074444098334,5.00000_-90.00000,0.6295960121021174,0.8768522005116173,-0.009311432307716028,-0.017557799488382764
L0000.ANS,5.0,-80.0,8.000085600032,2002/01/00,0,12.14,TOTAL,0.89625,0.06005,microSv/hr,ICRP Pub. 103 EFFECTIVE DOSE,0.08715574274765817,0.9961946980917455,-0.984807753012208,0.17364817766693041,-1.062489299996,0.639878251680605,5.00000_-80.00000,0.6316553738610784,0.8807213007316952,-0.008222877819526575,-0.015528699268304802
L0000.ANS,5.0,-70.0,8.000085600032,2002/01/00,0,12.38,TOTAL,0.88476,0.05895,microSv/hr,ICRP Pub. 103 EFFECTIVE DOSE,0.08715574274765817,0.9961946980917455,-0.9396926207859083,0.3420201433256688,-1.062489299996,0.6338004918390661,5.00000_-70.00000,0.6337856443963137,0.8847320163415413,-1.4847442752374818e-05,-2.7983658458685667e-05
L0000.ANS,5.0,-60.0,8.000085600032,2002/01/00,0,12.75,TOTAL,0.86705,0.057524,microSv/hr,ICRP Pub. 103 EFFECTIVE DOSE,0.08715574274765817,0.9961946980917455,-0.8660254037844386,0.5000000000000001,-1.062489299996,0.6243596451329593,5.00000_-60.00000,0.6359220965155794,0.8887629604784282,0.011562451382620131,0.02171296047842819
L0000.ANS,5.0,-50.0,8.000085600032,2002/01/00,0,13.13,TOTAL,0.84951,0.056494,microSv/hr,ICRP Pub. 103 EFFECTIVE DOSE,0.08715574274765817,0.9961946980917455,-0.766044443118978,0.6427876096865394,-1.062489299996,0.6149207391424754,5.00000_-50.00000,0.6379998152023281,0.8926913582157336,0.02307907605985271,0.043181358215733656
L0000.ANS,5.0,-40.0,8.000085600032,2002/01/00,0,13.41,TOTAL,0.83624,0.056136,microSv/hr,ICRP Pub. 103 EFFECTIVE DOSE,0.08715574274765817,0.9961946980917455,-0.6427876096865393,0.766044443118978,-1.062489299996,0.607720002609569,5.00000_-40.00000,0.6399556700256399,0.8963968102196014,0.03223566741607087,0.0601568102196014
L0000.ANS,5.0,-30.0,8.000085600032,2002/01/00,0,13.61,TOTAL,0.828,0.055299,microSv/hr,ICRP Pub. 103 EFFECTIVE DOSE,0.08715574274765817,0.9961946980917455,-0.49999999999999994,0.8660254037844387,-1.062489299996,0.6032224730319582,5.00000_-30.00000,0.6417302333264181,0.8997650741175707,0.0385077602944599,0.07176507411757072
L0000.ANS,5.0,-20.0,8.000085600032,2002/01/00,0,13.78,TOTAL,0.82102,0.054518,microSv/hr,ICRP Pub. 103 EFFECTIVE DOSE,0.08715574274765817,0.9961946980917455,-0.3420201433256687,0.9396926207859084,-1.062489299996,0.599396783661545,5.00000_-20.00000,0.6432695858967414,0.9026917343704961,0.043872802235196406,0.08167173437049613
L0000.ANS,5.0,-10.0,8.000085600032,2002/01/00,0,14.01,TOTAL,0.81193,0.053631,microSv/hr,ICRP Pub. 103 EFFECTIVE DOSE,0.08715574274765817,0.9961946980917455,-0.17364817766693033,0.984807753012208,-1.062489299996,0.5943925755279995,5.00000_-10.00000,0.6445269552877106,0.905085625405009,0.050134379759711134,0.09315562540500899
L0000.ANS,5.0,0.0,8.000085600032,2002/01/00,0,14.29,TOTAL,0.80061,0.052639,microSv/hr,ICRP Pub. 103 EFFECTIVE DOSE,0.08715574274765817,0.9961946980917455,0.0,1.0,-1.062489299996,0.5881254963811384,5.00000_0.00000,0.6454641369666403,0.9068718736387502,0.057338640585501865,0.10626187363875017
L0000.ANS,5.0,10.0,8.000085600032,2002/01/00,0,14.61,TOTAL,0.78835,0.051638,microSv/hr,ICRP Pub. 103 EFFECTIVE DOSE,0.08715574274765817,0.9961946980917455,0.17364817766693033,0.984807753012208,-1.062489299996,0.5812934070356164,5.00000_10.00000,0.6460526551424532,0.9079944326861343,0.06475924810683686,0.11964443268613434
L0000.ANS,5.0,20.0,8.000085600032,2002/01/00,0,14.95,TOTAL,0.7753,0.050929,microSv/hr,ICRP Pub. 103 EFFECTIVE DOSE,0.08715574274765817,0.9961946980917455,0.3420201433256687,0.9396926207859084,-1.062489299996,0.5739694227306149,5.00000_20.00000,0.6462746279881819,0.9084180026487679,0.072305205257567,0.13311800264876794
L0000.ANS,5.0,30.0,8.000085600032,2002/01/00,0,15.31,TOTAL,0.76173,0.050575,microSv/hr,ICRP Pub. 103 EFFECTIVE DOSE,0.08715574274765817,0.9961946980917455,0.49999999999999994,0.8660254037844387,-1.062489299996,0.5662962808120393,5.00000_30.00000,0.6461233109712325,0.9081292483767831,0.07982703015919324,0.1463992483767831
L0000.ANS,5.0,40.0,8.000085600032,2002/01/00,0,15.71,TOTAL,0.74817,0.04902,microSv/hr,ICRP Pub. 103 EFFECTIVE DOSE,0.08715574274765817,0.9961946980917455,0.6427876096865393,0.766044443118978,-1.062489299996,0.5585695265090562,5.00000_40.00000,0.6456033017825948,0.9071372615779976,0.08703377527353862,0.15896726157799757
L0000.ANS,5.0,50.0,8.000085600032,2002/01/00,0,16.16,TOTAL,0.73363,0.047642,microSv/hr,ICRP Pub. 103 EFFECTIVE DOSE,0.08715574274765817,0.9961946980917455,0.766044443118978,0.6427876096865394,-1.062489299996,0.5502174761202774,5.00000_50.00000,0.6447304006383288,0.905473245646458,0.09451292451805138,0.17184324564645803
L0000.ANS,5.0,60.0,8.000085600032,2002/01/00,0,16.63,TOTAL,0.71915,0.046402,microSv/hr,ICRP Pub. 103 EFFECTIVE DOSE,0.08715574274765817,0.9961946980917455,0.8660254037844386,0.5000000000000001,-1.062489299996,0.5418299826286808,5.00000_60.00000,0.6435311301979927,0.9031894376335474,0.10170114756931192,0.18403943763354746
L0000.ANS,5.0,70.0,8.000085600032,2002/01/00,0,17.04,TOTAL,0.70644,0.045722,microSv/hr,ICRP Pub. 103 EFFECTIVE DOSE,0.08715574274765817,0.9961946980917455,0.9396926207859083,0.3420201433256688,-1.062489299996,0.5344093290629457,5.00000_70.00000,0.642041929687057,0.9003573162723091,0.10763260062411129,0.19391731627230913
L0000.ANS,5.0,80.0,8.000085600032,2002/01/00,0,17.35,TOTAL,0.69668,0.04547,microSv/hr,ICRP Pub. 103 EFFECTIVE DOSE,0.08715574274765817,0.9961946980917455,0.984807753012208,0.17364817766693041,-1.062489299996,0.5286734004096124,5.00000_80.00000,0.6403080477094738,0.8970651758868735,0.11163464729986139,0.20038517588687355
L0000.ANS,5.0,90.0,8.000085600032,2002/01/00,0,17.52,TOTAL,0.69197,0.045123,microSv/hr,ICRP Pub. 103 EFFECTIVE DOSE,0.08715574274765817,0.9961946980917455,1.0,6.123233995736766e-17,-1.062489299996,0.5258935305303905,5.00000_90.00000,0.6383821673917458,0.893415171267374,0.11248863686135535,0.20144517126737405
L0000.ANS,5.0,100.0,8.000085600032,2002/01/00,0,17.51,TOTAL,0.69214,0.045142,microSv/hr,ICRP Pub. 103 EFFECTIVE DOSE,0.08715574274765817,0.9961946980917455,0.984807753012208,-0.1736481776669303,-1.062489299996,0.5259940000778597,5.00000_100.00000,0.6363228056327852,0.8895199566744422,0.11032880555492552,0.1973799566744422
L0000.ANS,5.0,110.0,8.000085600032,2002/01/00,0,17.36,TOTAL,0.69663,0.045469,microSv/hr,ICRP Pub. 103 EFFECTIVE DOSE,0.08715574274765817,0.9961946980917455,0.9396926207859084,-0.3420201433256687,-1.062489299996,0.528643930658836,5.00000_110.00000,0.6341925350975499,0.8854990523126325,0.10554860443871394,0.1888690523126325
L0000.ANS,5.0,120.0,8.000085600032,2002/01/00,0,17.08,TOTAL,0.70509,0.045673,microSv/hr,ICRP Pub. 103 EFFECTIVE DOSE,0.08715574274765817,0.9961946980917455,0.8660254037844387,-0.4999999999999998,-1.062489299996,0.5336178952661059,5.00000_120.00000,0.6320560829782842,0.8814750739156292,0.09843818771217827,0.1763850739156292
L0000.ANS,5.0,130.0,8.000085600032,2002/01/00,0,16.74,TOTAL,0.71565,0.046176,microSv/hr,ICRP Pub. 103 EFFECTIVE DOSE,0.08715574274765817,0.9961946980917455,0.766044443118978,-0.6427876096865394,-1.062489299996,0.5397920175585867,5.00000_130.00000,0.6299783642915351,0.8775699562686947,0.09018634673294834,0.1619199562686947
L0000.ANS,5.0,140.0,8.000085600032,2002/01/00,0,16.39,TOTAL,0.72657,0.046977,microSv/hr,ICRP Pub. 103 EFFECTIVE DOSE,0.08715574274765817,0.9961946980917455,0.6427876096865395,-0.7660444431189779,-1.062489299996,0.5461367814801037,5.00000_140.00000,0.6280225094682237,0.8739012908715776,0.08188572798812,0.1473312908715776
L0000.ANS,5.0,150.0,8.000085600032,2002/01/00,0,16.04,TOTAL,0.73711,0.048008,microSv/hr,ICRP Pub. 103 EFFECTIVE DOSE,0.08715574274765817,0.9961946980917455,0.49999999999999994,-0.8660254037844387,-1.062489299996,0.5522228128301425,5.00000_150.00000,0.6262479461674455,0.8705788831947587,0.07402513333730298,0.1334688831947587
L0000.ANS,5.0,160.0,8.000085600032,2002/01/00,0,15.73,TOTAL,0.74746,0.048947,microSv/hr,ICRP Pub. 103 EFFECTIVE DOSE,0.08715574274765817,0.9961946980917455,0.3420201433256689,-0.9396926207859083,-1.062489299996,0.5581633050212195,5.00000_160.00000,0.6247085935971222,0.8677016179139385,0.0665452885759027,0.1202416179139385
L0000.ANS,5.0,170.0,8.000085600032,2002/01/00,0,15.46,TOTAL,0.75661,0.049948,microSv/hr,ICRP Pub. 103 EFFECTIVE DOSE,0.08715574274765817,0.9961946980917455,0.17364817766693028,-0.984807753012208,-1.062489299996,0.5633858153003426,5.00000_170.00000,0.623451224206153,0.8653547028468958,0.06006540890581036,0.10874470284689575
L0000.ANS,10.0,-179.99999,8.000085600032,2002/01/00,0,14.88,TOTAL,0.77808,0.051049,microSv/hr,ICRP Pub. 103 EFFECTIVE DOSE,0.17364817766693033,0.984807753012208,-1.745329251238221e-07,-0.9999999999999848,-1.062489299996,0.5755341304551993,10.00000_-179.99999,0.628331093239507,0.8744796356282412,0.05279696278430768,0.09639963562824116
L0000.ANS,10.0,-170.0,8.000085600032,2002/01/00,0,14.58,TOTAL,0.78967,0.051731,microSv/hr,ICRP Pub. 103 EFFECTIVE DOSE,0.17364817766693033,0.984807753012208,-0.17364817766693028,-0.984807753012208,-1.062489299996,0.5820312453148236,10.00000_-170.00000,0.6277425758304305,0.8733767962816229,0.04571133051560683,0.08370679628162292
L0000.ANS,10.0,-160.0,8.000085600032,2002/01/00,0,14.29,TOTAL,0.80056,0.052634,microSv/hr,ICRP Pub. 103 EFFECTIVE DOSE,0.17364817766693033,0.984807753012208,-0.3420201433256689,-0.9396926207859083,-1.062489299996,0.5880977276282036,10.00000_-160.00000,0.6275206029847018,0.8729610036520741,0.039422875356498244,0.07240100365207403
L0000.ANS,10.0,-150.0,8.000085600032,2002/01/00,0,14.01,TOTAL,0.81195,0.053633,microSv/hr,ICRP Pub. 103 EFFECTIVE DOSE,0.17364817766693033,0.984807753012208,-0.49999999999999994,-0.8660254037844387,-1.062489299996,0.5944036134210866,10.00000_-150.00000,0.6276719200016512,0.8732444359675346,0.033268306580564566,0.0612944359675347
L0000.ANS,10.0,-140.0,8.000085600032,2002/01/00,0,13.7,TOTAL,0.82437,0.054882,microSv/hr,ICRP Pub. 103 EFFECTIVE DOSE,0.17364817766693033,0.984807753012208,-0.6427876096865395,-0.7660444431189779,-1.062489299996,0.6012347219578754,10.00000_-140.00000,0.6281919291902889,0.8742187936023075,0.02695720723241346,0.04984879360230743
L0000.ANS,10.0,-130.0,8.000085600032,2002/01/00,0,13.34,TOTAL,0.8399,0.056198,microSv/hr,ICRP Pub. 103 EFFECTIVE DOSE,0.17364817766693033,0.984807753012208,-0.766044443118978,-0.6427876096865394,-1.062489299996,0.6097112223179106,10.00000_-130.00000,0.6290648303345554,0.8758555155761648,0.019353608016644763,0.03595551557616483
L0000.ANS,10.0,-120.0,8.000085600032,2002/01/00,0,12.86,TOTAL,0.862,0.057163,microSv/hr,ICRP Pub. 103 EFFECTIVE DOSE,0.17364817766693033,0.984807753012208,-0.8660254037844387,-0.4999999999999998,-1.062489299996,0.6216511788548753,10.00000_-120.00000,0.630264100774891,0.8781065231599714,0.008612921920015726,0.01610652315997141
L0000.ANS,10.0,-110.0,8.000085600032,2002/01/00,0,12.2,TOTAL,0.89327,0.059743,microSv/hr,ICRP Pub. 103 EFFECTIVE DOSE,0.17364817766693033,0.984807753012208,-0.9396926207859084,-0.3420201433256687,-1.062489299996,0.6383054928012377,10.00000_-110.00000,0.6317533012858272,0.8809054839434927,-0.006552191515410533,-0.012364516056507346
L0000.ANS,10.0,-100.0,8.000085600032,2002/01/00,0,11.53,TOTAL,0.928,0.062265,microSv/hr,ICRP Pub. 103 EFFECTIVE DOSE,0.17364817766693033,0.984807753012208,-0.984807753012208,-0.1736481776669303,-1.062489299996,0.6564831961883539,10.00000_-100.00000,0.6334871832634099,0.88416958102544,-0.02299601292494402,-0.04383041897456008
L0000.ANS,10.0,-90.0,8.000085600032,2002/01/00,0,11.04,TOTAL,0.9556,0.064004,microSv/hr,ICRP Pub. 103 EFFECTIVE DOSE,0.17364817766693033,0.984807753012208,-1.0,6.123233995736766e-17,-1.062489299996,0.6706970517223534,10.00000_-90.00000,0.6354130635811375,0.8878017625876371,-0.035283988141215916,-0.0677982374123629
L0000.ANS,10.0,-80.0,8.000085600032,2002/01/00,0,11.13,TOTAL,0.95047,0.063654,microSv/hr,ICRP Pub. 103 EFFECTIVE DOSE,0.17364817766693033,0.984807753012208,-0.984807753012208,0.17364817766693041,-1.062489299996,0.6680703691746678,10.00000_-80.00000,0.6374724253400985,0.8916934351514652,-0.030597943834569263,-0.058776564848534885
L0000.ANS,10.0,-70.0,8.000085600032,2002/01/00,0,11.8,TOTAL,0.91309,0.061855,microSv/hr,ICRP Pub. 103 EFFECTIVE DOSE,0.17364817766693033,0.984807753012208,-0.9396926207859083,0.3420201433256688,-1.062489299996,0.6487197358752474,10.00000_-70.00000,0.6396026958753342,0.8957275492897243,-0.009117039999913201,-0.017362450710275645
L0000.ANS,10.0,-60.0,8.000085600032,2002/01/00,0,12.42,TOTAL,0.88289,0.058793,microSv/hr,ICRP Pub. 103 EFFECTIVE DOSE,0.17364817766693033,0.984807753012208,-0.8660254037844386,0.5000000000000001,-1.062489299996,0.6328078305496393,10.00000_-60.00000,0.6417391479945995,0.8997820099683177,0.00893131744496023,0.016892009968317745
L0000.ANS,10.0,-50.0,8.000085600032,2002/01/00,0,12.97,TOTAL,0.85674,0.056843,microSv/hr,ICRP Pub. 103 EFFECTIVE DOSE,0.17364817766693033,0.984807753012208,-0.766044443118978,0.6427876096865394,-1.062489299996,0.6188222617980866,10.00000_-50.00000,0.6438168666813482,0.9037333259912891,0.02499460488326155,0.04699332599128914
L0000.ANS,10.0,-40.0,8.000085600032,2002/01/00,0,13.44,TOTAL,0.83521,0.056124,microSv/hr,ICRP Pub. 103 EFFECTIVE DOSE,0.17364817766693033,0.984807753012208,-0.6427876096865393,0.766044443118978,-1.062489299996,0.607158916375508,10.00000_-40.00000,0.64577272150466,0.9074603956146607,0.03861380512915202,0.07225039561466073
L0000.ANS,10.0,-30.0,8.000085600032,2002/01/00,0,13.77,TOTAL,0.82142,0.05456,microSv/hr,ICRP Pub. 103 EFFECTIVE DOSE,0.17364817766693033,0.984807753012208,-0.49999999999999994,0.8660254037844387,-1.062489299996,0.5996164166556962,10.00000_-30.00000,0.6475472848054382,0.9108483099755856,0.04793086814974201,0.0894283099755856
L0000.ANS,10.0,-20.0,8.000085600032,2002/01/00,0,14.06,TOTAL,0.80965,0.053433,microSv/hr,ICRP Pub. 103 EFFECTIVE DOSE,0.17364817766693033,0.984807753012208,-0.3420201433256687,0.9396926207859084,-1.062489299996,0.5931334564135675,10.00000_-20.00000,0.6490866373757616,0.9137920443743102,0.05595318096219404,0.10414204437431018
L0000.ANS,10.0,-10.0,8.000085600032,2002/01/00,0,14.35,TOTAL,0.79854,0.052448,microSv/hr,ICRP Pub. 103 EFFECTIVE DOSE,0.17364817766693033,0.984807753012208,-0.17364817766693033,0.984807753012208,-1.062489299996,0.5869752246624054,10.00000_-10.00000,0.6503440067667308,0.9161999013772026,0.0633687821043254,0.11765990137720261
L0000.ANS,10.0,0.0,8.000085600032,2002/01/00,0,14.66,TOTAL,0.78666,0.051525,microSv/hr,ICRP Pub. 103 EFFECTIVE DOSE,0.17364817766693033,0.984807753012208,0.0,1.0,-1.062489299996,0.5803479550643559,10.00000_0.00000,0.6512811884456604,0.9179965705891718,0.07093323338130453,0.1313365705891718
L0000.ANS,10.0,10.0,8.000085600032,2002/01/00,0,14.97,TOTAL,0.77476,0.050908,microSv/hr,ICRP Pub. 103 EFFECTIVE DOSE,0.17364817766693033,0.984807753012208,0.17364817766693033,0.984807753012208,-1.062489299996,0.573665202517906,10.00000_10.00000,0.6518697066214738,0.9191256786498302,0.07820450410356783,0.1443656786498302
L0000.ANS,10.0,20.0,8.000085600032,2002/01/00,0,15.27,TOTAL,0.76294,0.050608,microSv/hr,ICRP Pub. 103 EFFECTIVE DOSE,0.17364817766693033,0.984807753012208,0.3420201433256687,0.9396926207859084,-1.062489299996,0.5669828699381324,10.00000_20.00000,0.652091679467202,0.9195517197210554,0.08510880952906963,0.15661171972105548
L0000.ANS,10.0,30.0,8.000085600032,2002/01/00,0,15.58,TOTAL,0.75245,0.049474,microSv/hr,ICRP Pub. 103 EFFECTIVE DOSE,0.17364817766693033,0.984807753012208,0.49999999999999994,0.8660254037844387,-1.062489299996,0.56101480884913,10.00000_30.00000,0.6519403624502527,0.9192612808556727,0.09092555360112264,0.16681128085567276
L0000.ANS,10.0,40.0,8.000085600032,2002/01/00,0,15.93,TOTAL,0.74103,0.048341,microSv/hr,ICRP Pub. 103 EFFECTIVE DOSE,0.17364817766693033,0.984807753012208,0.6427876096865393,0.766044443118978,-1.062489299996,0.554476892113755,10.00000_40.00000,0.6514203532616154,0.9182635068025539,0.09694346114786045,0.1772335068025539
L0000.ANS,10.0,50.0,8.000085600032,2002/01/00,0,16.32,TOTAL,0.72859,0.047156,microSv/hr,ICRP Pub. 103 EFFECTIVE DOSE,0.17364817766693033,0.984807753012208,0.766044443118978,0.6427876096865394,-1.062489299996,0.5473060472913207,10.00000_50.00000,0.6505474521173489,0.9165897829964493,0.10324140482602817,0.18799978299644937
L0000.ANS,10.0,60.0,8.000085600032,2002/01/00,0,16.75,TOTAL,0.71539,0.04616,microSv/hr,ICRP Pub. 103 EFFECTIVE DOSE,0.17364817766693033,0.984807753012208,0.8660254037844386,0.5000000000000001,-1.062489299996,0.5396404600130625,10.00000_60.00000,0.6493481816770132,0.9142926512398798,0.10970772166395071,0.19890265123987982
L0000.ANS,10.0,70.0,8.000085600032,2002/01/00,0,17.14,TOTAL,0.70336,0.045616,microSv/hr,ICRP Pub. 103 EFFECTIVE DOSE,0.17364817766693033,0.984807753012208,0.9396926207859083,0.3420201433256688,-1.062489299996,0.5326027710022555,10.00000_70.00000,0.6478589811660771,0.9114440072730549,0.11525621016382159,0.20808400727305487
L0000.ANS,10.0,80.0,8.000085600032,2002/01/00,0,17.44,TOTAL,0.69401,0.045372,microSv/hr,ICRP Pub. 103 EFFECTIVE DOSE,0.17364817766693033,0.984807753012208,0.984807753012208,0.17364817766693041,-1.062489299996,0.5270984994001603,10.00000_80.00000,0.6461250991884944,0.9081326605294937,0.11902659978833408,0.2141226605294937
L0000.ANS,10.0,90.0,8.000085600032,2002/01/00,0,17.6,TOTAL,0.68979,0.044863,microSv/hr,ICRP Pub. 103 EFFECTIVE DOSE,0.17364817766693033,0.984807753012208,1.0,6.123233995736766e-17,-1.062489299996,0.524604260858995,10.00000_90.00000,0.6441992188707664,0.9044613617707178,0.11959495801177134,0.21467136177071777
L0000.ANS,10.0,100.0,8.000085600032,2002/01/00,0,17.59,TOTAL,0.69022,0.044914,microSv/hr,ICRP Pub. 103 EFFECTIVE DOSE,0.17364817766693033,0.984807753012208,0.984807753012208,-0.1736481776669303,-1.062489299996,0.5248586979774176,10.00000_100.00000,0.6421398571118058,0.9005434224826965,0.11728115913438819,0.21032342248269653
L0000.ANS,10.0,110.0,8.000085600032,2002/01/00,0,17.41,TOTAL,0.69491,0.045449,microSv/hr,ICRP Pub. 103 EFFECTIVE DOSE,0.17364817766693033,0.984807753012208,0.9396926207859084,-0.3420201433256687,-1.062489299996,0.5276296420775669,10.00000_110.00000,0.64000958657657,0.8964990601512604,0.11237994449900313,0.20158906015126032
L0000.ANS,10.0,120.0,8.000085600032,2002/01/00,0,17.13,TOTAL,0.70368,0.045626,microSv/hr,ICRP Pub. 103 EFFECTIVE DOSE,0.17364817766693033,0.984807753012208,0.8660254037844387,-0.4999999999999998,-1.062489299996,0.5327906173445004,10.00000_120.00000,0.6378731344573048,0.8924516058507005,0.10508251711280436,0.18877160585070052
L0000.ANS,10.0,130.0,8.000085600032,2002/01/00,0,16.76,TOTAL,0.71515,0.046146,microSv/hr,ICRP Pub. 103 EFFECTIVE DOSE,0.17364817766693033,0.984807753012208,0.766044443118978,-0.6427876096865394,-1.062489299996,0.5395005403500406,10.00000_130.00000,0.6357954157705556,0.8885237057342261,0.09629487542051507,0.17337370573422617
L0000.ANS,10.0,140.0,8.000085600032,2002/01/00,0,16.35,TOTAL,0.72755,0.047063,microSv/hr,ICRP Pub. 103 EFFECTIVE DOSE,0.17364817766693033,0.984807753012208,0.6427876096865395,-0.7660444431189779,-1.062489299996,0.5467042198008891,10.00000_140.00000,0.6338395609472443,0.8848336373307929,0.08713534114635513,0.15728363733079287
L0000.ANS,10.0,150.0,8.000085600032,2002/01/00,0,15.95,TOTAL,0.74037,0.048284,microSv/hr,ICRP Pub. 103 EFFECTIVE DOSE,0.17364817766693033,0.984807753012208,0.49999999999999994,-0.8660254037844387,-1.062489299996,0.5540977342991362,10.00000_150.00000,0.6320649976464656,0.8814918467163666,0.0779672633473294,0.14112184671636663
L0000.ANS,10.0,160.0,8.000085600032,2002/01/00,0,15.56,TOTAL,0.75313,0.049549,microSv/hr,ICRP Pub. 103 EFFECTIVE DOSE,0.17364817766693033,0.984807753012208,0.3420201433256689,-0.9396926207859083,-1.062489299996,0.5614027617747679,10.00000_160.00000,0.6305256450761423,0.8785977954601815,0.0691228833013744,0.1254677954601815
L0000.ANS,10.0,170.0,8.000085600032,2002/01/00,0,15.21,TOTAL,0.76534,0.050643,microSv/hr,ICRP Pub. 103 EFFECTIVE DOSE,0.17364817766693033,0.984807753012208,0.17364817766693028,-0.984807753012208,-1.062489299996,0.568343306394512,10.00000_170.00000,0.6292682756851731,0.8762371884827119,0.060924969290661046,0.1108971884827119
L0000.ANS,15.0,-179.99999,8.000085600032,2002/01/00,0,14.38,TOTAL,0.79719,0.052328,microSv/hr,ICRP Pub. 103 EFFECTIVE DOSE,0.25881904510252074,0.9659258262890683,-1.745329251238221e-07,-0.9999999999999848,-1.062489299996,0.5862243339873926,15.00000_-179.99999,0.6394878215438786,0.8955097913625153,0.05326348755648602,0.09831979136251534
L0000.ANS,15.0,-170.0,8.000085600032,2002/01/00,0,14.04,TOTAL,0.81064,0.053518,microSv/hr,ICRP Pub. 103 EFFECTIVE DOSE,0.25881904510252074,0.9659258262890683,-0.17364817766693028,-0.984807753012208,-1.062489299996,0.5936803739393333,15.00000_-170.00000,0.6388993041348021,0.8943945790443436,0.045218930195468854,0.08375457904434358
L0000.ANS,15.0,-160.0,8.000085600032,2002/01/00,0,13.73,TOTAL,0.82339,0.054773,microSv/hr,ICRP Pub. 103 EFFECTIVE DOSE,0.25881904510252074,0.9659258262890683,-0.3420201433256689,-0.9396926207859083,-1.062489299996,0.6006974058934534,15.00000_-160.00000,0.6386773312890734,0.8939741215554993,0.03797992539562001,0.07058412155549931
L0000.ANS,15.0,-150.0,8.000085600032,2002/01/00,0,13.4,TOTAL,0.83692,0.056145,microSv/hr,ICRP Pub. 103 EFFECTIVE DOSE,0.25881904510252074,0.9659258262890683,-0.49999999999999994,-0.8660254037844387,-1.062489299996,0.6080902560195857,15.00000_-150.00000,0.6388286483060228,0.8942607337538568,0.030738392286437155,0.05734073375385684
L0000.ANS,15.0,-140.0,8.000085600032,2002/01/00,0,13.04,TOTAL,0.85344,0.05667,microSv/hr,ICRP Pub. 103 EFFECTIVE DOSE,0.25881904510252074,0.9659258262890683,-0.6427876096865395,-0.7660444431189779,-1.062489299996,0.6170433718950504,15.00000_-140.00000,0.6393486574946605,0.8952460228985862,0.022305285599610092,0.04180602289858626
L0000.ANS,15.0,-130.0,8.000085600032,2002/01/00,0,12.59,TOTAL,0.87433,0.058131,microSv/hr,ICRP Pub. 103 EFFECTIVE DOSE,0.25881904510252074,0.9659258262890683,-0.766044443118978,-0.6427876096865394,-1.062489299996,0.6282512622302723,15.00000_-130.00000,0.6402215586389266,0.8969011075782036,0.011970296408654324,0.022571107578203575
L0000.ANS,15.0,-120.0,8.000085600032,2002/01/00,0,11.93,TOTAL,0.90653,0.061221,microSv/hr,ICRP Pub. 103 EFFECTIVE DOSE,0.25881904510252074,0.9659258262890683,-0.8660254037844387,-0.4999999999999998,-1.062489299996,0.6452848358329049,15.00000_-120.00000,0.6414208290792622,0.8991773696588565,-0.0038640067536426237,-0.007352630341143418
L0000.ANS,15.0,-110.0,8.000085600032,2002/01/00,0,10.96,TOTAL,0.95992,0.064333,microSv/hr,ICRP Pub. 103 EFFECTIVE DOSE,0.25881904510252074,0.9659258262890683,-0.9396926207859084,-0.3420201433256687,-1.062489299996,0.6729036560828863,15.00000_-110.00000,0.6429100295901984,0.9020077325339518,-0.029993626492687886,-0.05791226746604816
L0000.ANS,15.0,-100.0,8.000085600032,2002/01/00,0,9.88,TOTAL,1.0345,0.069584,microSv/hr,ICRP Pub. 103 EFFECTIVE DOSE,0.25881904510252074,0.9659258262890683,-0.984807753012208,-0.1736481776669303,-1.062489299996,0.7102500884596076,15.00000_-100.00000,0.6446439115677816,0.9053084501630964,-0.06560617689182602,-0.12919154983690362
L0000.ANS,15.0,-90.0,8.000085600032,2002/01/00,0,8.99,TOTAL,1.1099,0.074801,microSv/hr,ICRP Pub. 103 EFFECTIVE DOSE,0.25881904510252074,0.9659258262890683,-1.0,6.123233995736766e-17,-1.062489299996,0.7466405529999453,15.00000_-90.00000,0.6465697918855091,0.9089813818846744,-0.10007076111443614,-0.20091861811532574
L0000.ANS,15.0,-80.0,8.000085600032,2002/01/00,0,9.15,TOTAL,1.0958,0.074091,microSv/hr,ICRP Pub. 103 EFFECTIVE DOSE,0.25881904510252074,0.9659258262890683,-0.984807753012208,0.17364817766693041,-1.062489299996,0.7399353420587043,15.00000_-80.00000,0.6486291536444702,0.9129167158884715,-0.0913061884142341,-0.18288328411152865
L0000.ANS,15.0,-70.0,8.000085600032,2002/01/00,0,10.43,TOTAL,0.99059,0.067548,microSv/hr,ICRP Pub. 103 EFFECTIVE DOSE,0.25881904510252074,0.9659258262890683,-0.9396926207859083,0.3420201433256688,-1.062489299996,0.6884310772062362,15.00000_-70.00000,0.6507594241797054,0.9169960895467401,-0.03767165302653075,-0.07359391045325991
L0000.ANS,15.0,-60.0,8.000085600032,2002/01/00,0,11.74,TOTAL,0.91628,0.061906,microSv/hr,ICRP Pub. 103 EFFECTIVE DOSE,0.25881904510252074,0.9659258262890683,-0.8660254037844386,0.5000000000000001,-1.062489299996,0.650385806658639,15.00000_-60.00000,0.6528958762989712,0.9210960380171824,0.00251006964033218,0.004816038017182445
L0000.ANS,15.0,-50.0,8.000085600032,2002/01/00,0,12.55,TOTAL,0.87655,0.058307,microSv/hr,ICRP Pub. 103 EFFECTIVE DOSE,0.25881904510252074,0.9659258262890683,-0.766044443118978,0.6427876096865394,-1.062489299996,0.6294349845883438,15.00000_-50.00000,0.6549735949857198,0.9250916846318226,0.025538610397376038,0.04854168463182251
L0000.ANS,15.0,-40.0,8.000085600032,2002/01/00,0,13.16,TOTAL,0.84801,0.056435,microSv/hr,ICRP Pub. 103 EFFECTIVE DOSE,0.25881904510252074,0.9659258262890683,-0.6427876096865393,0.766044443118978,-1.062489299996,0.6141093844602629,15.00000_-40.00000,0.6569294498090317,0.9288605689823977,0.04282006534876881,0.08085056898239762
L0000.ANS,15.0,-30.0,8.000085600032,2002/01/00,0,13.64,TOTAL,0.827,0.055182,microSv/hr,ICRP Pub. 103 EFFECTIVE DOSE,0.25881904510252074,0.9659258262890683,-0.49999999999999994,0.8660254037844387,-1.062489299996,0.6026752773958697,15.00000_-30.00000,0.6587040131098099,0.932286493020926,0.05602873571394018,0.10528649302092608
L0000.ANS,15.0,-20.0,8.000085600032,2002/01/00,0,14.01,TOTAL,0.81175,0.053615,microSv/hr,ICRP Pub. 103 EFFECTIVE DOSE,0.25881904510252074,0.9659258262890683,-0.3420201433256687,0.9396926207859084,-1.062489299996,0.5942932290072538,15.00000_-20.00000,0.6602433656801332,0.9352632537548898,0.06595013667287941,0.12351325375488986
L0000.ANS,15.0,-10.0,8.000085600032,2002/01/00,0,14.33,TOTAL,0.79907,0.052497,microSv/hr,ICRP Pub. 103 EFFECTIVE DOSE,0.25881904510252074,0.9659258262890683,-0.17364817766693033,0.984807753012208,-1.062489299996,0.5872698647172385,15.00000_-10.00000,0.6615007350711024,0.9376981249791131,0.07423087035386389,0.13862812497911314
L0000.ANS,15.0,0.0,8.000085600032,2002/01/00,0,14.64,TOTAL,0.78727,0.051565,microSv/hr,ICRP Pub. 103 EFFECTIVE DOSE,0.25881904510252074,0.9659258262890683,0.0,1.0,-1.062489299996,0.5806893159784887,15.00000_0.00000,0.662437916750032,0.9395149513763685,0.08174860077154333,0.1522449513763685
L0000.ANS,15.0,10.0,8.000085600032,2002/01/00,0,14.93,TOTAL,0.77622,0.050967,microSv/hr,ICRP Pub. 103 EFFECTIVE DOSE,0.25881904510252074,0.9659258262890683,0.17364817766693033,0.984807753012208,-1.062489299996,0.5744875107721175,15.00000_10.00000,0.663026434925845,0.9406567271224493,0.08853892415372755,0.16443672712244928
L0000.ANS,15.0,20.0,8.000085600032,2002/01/00,0,15.19,TOTAL,0.76601,0.050656,microSv/hr,ICRP Pub. 103 EFFECTIVE DOSE,0.25881904510252074,0.9659258262890683,0.3420201433256687,0.9396926207859084,-1.062489299996,0.5687227646798926,15.00000_20.00000,0.6632484077715737,0.9410875480322538,0.0945256430916811,0.17507754803225384
L0000.ANS,15.0,30.0,8.000085600032,2002/01/00,0,15.45,TOTAL,0.75686,0.049977,microSv/hr,ICRP Pub. 103 EFFECTIVE DOSE,0.25881904510252074,0.9659258262890683,0.49999999999999994,0.8660254037844387,-1.062489299996,0.5635281247553383,15.00000_30.00000,0.6630970907546243,0.9407938506761123,0.099568965999286,0.18393385067611234
L0000.ANS,15.0,40.0,8.000085600032,2002/01/00,0,15.73,TOTAL,0.74751,0.048953,microSv/hr,ICRP Pub. 103 EFFECTIVE DOSE,0.25881904510252074,0.9659258262890683,0.6427876096865393,0.766044443118978,-1.062489299996,0.5581919175701131,15.00000_40.00000,0.6625770815659866,0.9397848823996329,0.1043851639958735,0.19227488239963286
L0000.ANS,15.0,50.0,8.000085600032,2002/01/00,0,16.08,TOTAL,0.73592,0.047881,microSv/hr,ICRP Pub. 103 EFFECTIVE DOSE,0.25881904510252074,0.9659258262890683,0.766044443118978,0.6427876096865394,-1.062489299996,0.551537532226998,15.00000_50.00000,0.6617041804217205,0.9380923807569341,0.11016664819472255,0.2021723807569341
L0000.ANS,15.0,60.0,8.000085600032,2002/01/00,0,16.47,TOTAL,0.7239,0.046756,microSv/hr,ICRP Pub. 103 EFFECTIVE DOSE,0.25881904510252074,0.9659258262890683,0.8660254037844386,0.5000000000000001,-1.062489299996,0.5445891659187959,15.00000_60.00000,0.6605049099813844,0.9357694770273507,0.11591574406258853,0.2118694770273507
L0000.ANS,15.0,70.0,8.000085600032,2002/01/00,0,16.85,TOTAL,0.71231,0.045987,microSv/hr,ICRP Pub. 103 EFFECTIVE DOSE,0.25881904510252074,0.9659258262890683,0.9396926207859083,0.3420201433256688,-1.062489299996,0.5378433360938488,15.00000_70.00000,0.6590157094704487,0.9328888735635468,0.12117237337659992,0.22057887356354677
L0000.ANS,15.0,80.0,8.000085600032,2002/01/00,0,17.14,TOTAL,0.70343,0.045619,microSv/hr,ICRP Pub. 103 EFFECTIVE DOSE,0.25881904510252074,0.9659258262890683,0.984807753012208,0.17364817766693041,-1.062489299996,0.5326438654049102,15.00000_80.00000,0.6572818274928656,0.9295403761695409,0.12463796208795541,0.22611037616954088
L0000.ANS,15.0,90.0,8.000085600032,2002/01/00,0,17.29,TOTAL,0.69854,0.0455,microSv/hr,ICRP Pub. 103 EFFECTIVE DOSE,0.25881904510252074,0.9659258262890683,1.0,6.123233995736766e-17,-1.062489299996,0.5297690585325455,15.00000_90.00000,0.655355947175138,0.9258278883878622,0.1255868886425925,0.22728788838786218
L0000.ANS,15.0,100.0,8.000085600032,2002/01/00,0,17.28,TOTAL,0.69899,0.045508,microSv/hr,ICRP Pub. 103 EFFECTIVE DOSE,0.25881904510252074,0.9659258262890683,0.984807753012208,-0.1736481776669303,-1.062489299996,0.530033956857288,15.00000_100.00000,0.653296585416177,0.9218659929683257,0.12326262855888892,0.22287599296832572
L0000.ANS,15.0,110.0,8.000085600032,2002/01/00,0,17.12,TOTAL,0.70399,0.045636,microSv/hr,ICRP Pub. 103 EFFECTIVE DOSE,0.25881904510252074,0.9659258262890683,0.9396926207859084,-0.3420201433256687,-1.062489299996,0.5329725598453031,15.00000_110.00000,0.6511663148809417,0.9177762561403853,0.11819375503563856,0.21378625614038527
L0000.ANS,15.0,120.0,8.000085600032,2002/01/00,0,16.85,TOTAL,0.71238,0.045991,microSv/hr,ICRP Pub. 103 EFFECTIVE DOSE,0.25881904510252074,0.9659258262890683,0.8660254037844387,-0.4999999999999998,-1.062489299996,0.5378842157063157,15.00000_120.00000,0.649029862761676,0.9136833926539096,0.11114564705536023,0.20130339265390962
L0000.ANS,15.0,130.0,8.000085600032,2002/01/00,0,16.48,TOTAL,0.72355,0.046728,microSv/hr,ICRP Pub. 103 EFFECTIVE DOSE,0.25881904510252074,0.9659258262890683,0.766044443118978,-0.6427876096865394,-1.062489299996,0.5443861172879514,15.00000_130.00000,0.6469521440749268,0.9097114246534272,0.10256602678697546,0.18616142465342722
L0000.ANS,15.0,140.0,8.000085600032,2002/01/00,0,16.06,TOTAL,0.73674,0.047968,microSv/hr,ICRP Pub. 103 EFFECTIVE DOSE,0.25881904510252074,0.9659258262890683,0.6427876096865395,-0.7660444431189779,-1.062489299996,0.5520097926931768,15.00000_140.00000,0.6449962892516155,0.9059799566467552,0.0929864965584386,0.16923995664675529
L0000.ANS,15.0,150.0,8.000085600032,2002/01/00,0,15.61,TOTAL,0.75146,0.049366,microSv/hr,ICRP Pub. 103 EFFECTIVE DOSE,0.25881904510252074,0.9659258262890683,0.49999999999999994,-0.8660254037844387,-1.062489299996,0.5604497258268242,15.00000_150.00000,0.6432217259508373,0.9026006738261105,0.08277200012401309,0.15114067382611052
L0000.ANS,15.0,160.0,8.000085600032,2002/01/00,0,15.17,TOTAL,0.7668,0.050671,microSv/hr,ICRP Pub. 103 EFFECTIVE DOSE,0.25881904510252074,0.9659258262890683,0.3420201433256689,-0.9396926207859083,-1.062489299996,0.5691700007402344,15.00000_160.00000,0.6416823733805139,0.8996741536396347,0.07251237264027954,0.13287415363963462
L0000.ANS,15.0,170.0,8.000085600032,2002/01/00,0,14.76,TOTAL,0.78253,0.051276,microSv/hr,ICRP Pub. 103 EFFECTIVE DOSE,0.25881904510252074,0.9659258262890683,0.17364817766693028,-0.984807753012208,-1.062489299996,0.5780337034592162,15.00000_170.00000,0.6404250039895447,0.8972870625481636,0.062391300530328486,0.11475706254816365
L0000.ANS,20.0,-179.99999,8.000085600032,2002/01/00,0,13.72,TOTAL,0.82378,0.054817,microSv/hr,ICRP Pub. 103 EFFECTIVE DOSE,0.3420201433256687,0.9396926207859084,-1.745329251238221e-07,-0.9999999999999848,-1.062489299996,0.6009112703425943,20.00000_-179.99999,0.6558993172345882,0.9268746099548926,0.05498804689199388,0.10309460995489261
L0000.ANS,20.0,-170.0,8.000085600032,2002/01/00,0,13.33,TOTAL,0.84006,0.056201,microSv/hr,ICRP Pub. 103 EFFECTIVE DOSE,0.3420201433256687,0.9396926207859084,-0.17364817766693028,-0.984807753012208,-1.062489299996,0.6097981797848945,20.00000_-170.00000,0.6553107998255117,0.9257409443255268,0.04551262004061718,0.08568094432552675
L0000.ANS,20.0,-160.0,8.000085600032,2002/01/00,0,12.98,TOTAL,0.85659,0.056834,microSv/hr,ICRP Pub. 103 EFFECTIVE DOSE,0.3420201433256687,0.9396926207859084,-0.3420201433256689,-0.9396926207859083,-1.062489299996,0.6187414717793802,20.00000_-160.00000,0.655088826979783,0.9253135295669688,0.036347355200402776,0.06872352956696881
L0000.ANS,20.0,-150.0,8.000085600032,2002/01/00,0,12.6,TOTAL,0.87403,0.058104,microSv/hr,ICRP Pub. 103 EFFECTIVE DOSE,0.3420201433256687,0.9396926207859084,-0.49999999999999994,-0.8660254037844387,-1.062489299996,0.628091192225982,20.00000_-150.00000,0.6552401439967324,0.9256048843098644,0.027148951770750385,0.051574884309864455
L0000.ANS,20.0,-140.0,8.000085600032,2002/01/00,0,12.15,TOTAL,0.8957,0.059992,microSv/hr,ICRP Pub. 103 EFFECTIVE DOSE,0.3420201433256687,0.9396926207859084,-0.6427876096865395,-0.7660444431189779,-1.062489299996,0.6395881634653823,20.00000_-140.00000,0.6557601531853701,0.9266064769395066,0.01617198971998779,0.030906476939506544
L0000.ANS,20.0,-130.0,8.000085600032,2002/01/00,0,11.61,TOTAL,0.92358,0.062098,microSv/hr,ICRP Pub. 103 EFFECTIVE DOSE,0.3420201433256687,0.9396926207859084,-0.766044443118978,-0.6427876096865394,-1.062489299996,0.6541880331953503,20.00000_-130.00000,0.6566330543296361,0.9282889481464676,0.0024450211342857964,0.004708948146467606
L0000.ANS,20.0,-120.0,8.000085600032,2002/01/00,0,10.8,TOTAL,0.96927,0.065155,microSv/hr,ICRP Pub. 103 EFFECTIVE DOSE,0.3420201433256687,0.9396926207859084,-0.8660254037844387,-0.4999999999999998,-1.062489299996,0.6776629157005422,20.00000_-120.00000,0.6578323247699718,0.9306028753173003,-0.01983059093057038,-0.038667124682699616
L0000.ANS,20.0,-110.0,8.000085600032,2002/01/00,0,9.42,TOTAL,1.0721,0.073313,microSv/hr,ICRP Pub. 103 EFFECTIVE DOSE,0.3420201433256687,0.9396926207859084,-0.9396926207859084,-0.3420201433256687,-1.062489299996,0.7285625857808999,20.00000_-110.00000,0.6593215252809079,0.9334800719352401,-0.06924106049999201,-0.13861992806475998
L0000.ANS,20.0,-100.0,8.000085600032,2002/01/00,0,7.92,TOTAL,1.1984,0.080685,microSv/hr,ICRP Pub. 103 EFFECTIVE DOSE,0.3420201433256687,0.9396926207859084,-0.984807753012208,-0.1736481776669303,-1.062489299996,0.7877298230458931,20.00000_-100.00000,0.6610554072584911,0.9368354062222012,-0.12667441578740202,-0.2615645937777987
L0000.ANS,20.0,-90.0,8.000085600032,2002/01/00,0,7.32,TOTAL,1.2505,0.084648,microSv/hr,ICRP Pub. 103 EFFECTIVE DOSE,0.3420201433256687,0.9396926207859084,-1.0,6.123233995736766e-17,-1.062489299996,0.8111524137508503,20.00000_-90.00000,0.6629812875762187,0.9405691135924593,-0.14817112617463168,-0.30993088640754063
L0000.ANS,20.0,-80.0,8.000085600032,2002/01/00,0,6.91,TOTAL,1.2888,0.086505,microSv/hr,ICRP Pub. 103 EFFECTIVE DOSE,0.3420201433256687,0.9396926207859084,-0.984807753012208,0.17364817766693041,-1.062489299996,0.8280276627537635,20.00000_-80.00000,0.6650406493351797,0.9445695651903158,-0.1629870134185838,-0.3442304348096842
L0000.ANS,20.0,-70.0,8.000085600032,2002/01/00,0,8.05,TOTAL,1.1877,0.080056,microSv/hr,ICRP Pub. 103 EFFECTIVE DOSE,0.3420201433256687,0.9396926207859084,-0.9396926207859083,0.3420201433256688,-1.062489299996,0.7828507636417239,20.00000_-70.00000,0.667170919870415,0.9487164398529817,-0.11567984377130891,-0.23898356014701827
L0000.ANS,20.0,-60.0,8.000085600032,2002/01/00,0,10.14,TOTAL,1.0139,0.068342,microSv/hr,ICRP Pub. 103 EFFECTIVE DOSE,0.3420201433256687,0.9396926207859084,-0.8660254037844386,0.5000000000000001,-1.062489299996,0.7000731406306785,20.00000_-60.00000,0.6693073719896807,0.952884229777264,-0.03076576864099778,-0.06101577022273608
L0000.ANS,20.0,-50.0,8.000085600032,2002/01/00,0,11.77,TOTAL,0.91462,0.061877,microSv/hr,ICRP Pub. 103 EFFECTIVE DOSE,0.3420201433256687,0.9396926207859084,-0.766044443118978,0.6427876096865394,-1.062489299996,0.6495191695217277,20.00000_-50.00000,0.6713850906764294,0.9569459919729464,0.02186592115470165,0.0423259919729464
L0000.ANS,20.0,-40.0,8.000085600032,2002/01/00,0,12.56,TOTAL,0.87576,0.058252,microSv/hr,ICRP Pub. 103 EFFECTIVE DOSE,0.3420201433256687,0.9396926207859084,-0.6427876096865393,0.766044443118978,-1.062489299996,0.6290139106303433,20.00000_-40.00000,0.6733409454997412,0.9607772396911443,0.04432703486939793,0.08501723969114428
L0000.ANS,20.0,-30.0,8.000085600032,2002/01/00,0,13.14,TOTAL,0.84875,0.056463,microSv/hr,ICRP Pub. 103 EFFECTIVE DOSE,0.3420201433256687,0.9396926207859084,-0.49999999999999994,0.8660254037844387,-1.062489299996,0.6145097350428725,20.00000_-30.00000,0.6751155088005194,0.9642598521659284,0.060605773757646864,0.11550985216592835
L0000.ANS,20.0,-20.0,8.000085600032,2002/01/00,0,13.59,TOTAL,0.82887,0.055402,microSv/hr,ICRP Pub. 103 EFFECTIVE DOSE,0.3420201433256687,0.9396926207859084,-0.3420201433256687,0.9396926207859084,-1.062489299996,0.6036982897913258,20.00000_-20.00000,0.6766548613708427,0.9672858690740566,0.07295657157951696,0.13841586907405656
L0000.ANS,20.0,-10.0,8.000085600032,2002/01/00,0,13.93,TOTAL,0.81492,0.053906,microSv/hr,ICRP Pub. 103 EFFECTIVE DOSE,0.3420201433256687,0.9396926207859084,-0.17364817766693033,0.984807753012208,-1.062489299996,0.5960413896104024,20.00000_-10.00000,0.677912230761812,0.9697610298787355,0.08187084115140952,0.1548410298787355
L0000.ANS,20.0,0.0,8.000085600032,2002/01/00,0,14.22,TOTAL,0.8033,0.052899,microSv/hr,ICRP Pub. 103 EFFECTIVE DOSE,0.3420201433256687,0.9396926207859084,0.0,1.0,-1.062489299996,0.589618319731089,20.00000_0.00000,0.6788494124407416,0.9716079191280128,0.08923109270965257,0.1683079191280128
L0000.ANS,20.0,10.0,8.000085600032,2002/01/00,0,14.47,TOTAL,0.79387,0.052049,microSv/hr,ICRP Pub. 103 EFFECTIVE DOSE,0.3420201433256687,0.9396926207859084,0.17364817766693033,0.984807753012208,-1.062489299996,0.5843752972428627,20.00000_10.00000,0.6794379306165546,0.9727685877277797,0.09506263337369181,0.17889858772777978
L0000.ANS,20.0,20.0,8.000085600032,2002/01/00,0,14.69,TOTAL,0.7852,0.051433,microSv/hr,ICRP Pub. 103 EFFECTIVE DOSE,0.3420201433256687,0.9396926207859084,0.3420201433256687,0.9396926207859084,-1.062489299996,0.5795304537729777,20.00000_20.00000,0.6796599034622832,0.97320653738983,0.10012944968930548,0.18800653738982998
L0000.ANS,20.0,30.0,8.000085600032,2002/01/00,0,14.89,TOTAL,0.77768,0.05103,microSv/hr,ICRP Pub. 103 EFFECTIVE DOSE,0.3420201433256687,0.9396926207859084,0.49999999999999994,0.8660254037844387,-1.062489299996,0.5753091433910065,20.00000_30.00000,0.6795085864453339,0.9729079802517246,0.10419944305432738,0.1952279802517246
L0000.ANS,20.0,40.0,8.000085600032,2002/01/00,0,15.13,TOTAL,0.76855,0.050711,microSv/hr,ICRP Pub. 103 EFFECTIVE DOSE,0.3420201433256687,0.9396926207859084,0.6427876096865393,0.766044443118978,-1.062489299996,0.5701600018110938,20.00000_40.00000,0.6789885772566961,0.9718823166740119,0.10882857544560232,0.20333231667401197
L0000.ANS,20.0,50.0,8.000085600032,2002/01/00,0,15.44,TOTAL,0.7574,0.050041,microSv/hr,ICRP Pub. 103 EFFECTIVE DOSE,0.3420201433256687,0.9396926207859084,0.766044443118978,0.6427876096865394,-1.062489299996,0.5638354440796057,20.00000_50.00000,0.6781156761124301,0.9701618093690727,0.11428023203282434,0.21276180936907274
L0000.ANS,20.0,60.0,8.000085600032,2002/01/00,0,15.79,TOTAL,0.74545,0.048749,microSv/hr,ICRP Pub. 103 EFFECTIVE DOSE,0.3420201433256687,0.9396926207859084,0.8660254037844386,0.5000000000000001,-1.062489299996,0.5570124020653078,20.00000_60.00000,0.676916405672094,0.967800468774421,0.11990400360678621,0.2223504687744211
L0000.ANS,20.0,70.0,8.000085600032,2002/01/00,0,16.14,TOTAL,0.73408,0.047688,microSv/hr,ICRP Pub. 103 EFFECTIVE DOSE,0.3420201433256687,0.9396926207859084,0.9396926207859083,0.3420201433256688,-1.062489299996,0.5504770133956123,20.00000_70.00000,0.6754272051611583,0.9648722002415732,0.124950191765546,0.2307922002415732
L0000.ANS,20.0,80.0,8.000085600032,2002/01/00,0,16.44,TOTAL,0.72502,0.046847,microSv/hr,ICRP Pub. 103 EFFECTIVE DOSE,0.3420201433256687,0.9396926207859084,0.984807753012208,0.17364817766693041,-1.062489299996,0.5452386446190094,20.00000_80.00000,0.6736933231835751,0.9614682955825674,0.12845467856456572,0.2364482955825674
L0000.ANS,20.0,90.0,8.000085600032,2002/01/00,0,16.59,TOTAL,0.72015,0.046473,microSv/hr,ICRP Pub. 103 EFFECTIVE DOSE,0.3420201433256687,0.9396926207859084,1.0,6.123233995736766e-17,-1.062489299996,0.5424114963251772,20.00000_90.00000,0.6717674428658471,0.9576943776218778,0.12935594654066995,0.23754437762187786
L0000.ANS,20.0,100.0,8.000085600032,2002/01/00,0,16.6,TOTAL,0.71984,0.046451,microSv/hr,ICRP Pub. 103 EFFECTIVE DOSE,0.3420201433256687,0.9396926207859084,0.984807753012208,-0.1736481776669303,-1.062489299996,0.5422312632426163,20.00000_100.00000,0.6697080811068865,0.9536669250990859,0.12747681786427023,0.23382692509908587
L0000.ANS,20.0,110.0,8.000085600032,2002/01/00,0,16.48,TOTAL,0.72361,0.046733,microSv/hr,ICRP Pub. 103 EFFECTIVE DOSE,0.3420201433256687,0.9396926207859084,0.9396926207859084,-0.3420201433256687,-1.062489299996,0.5444209285528803,20.00000_110.00000,0.6675778105716512,0.9495095157883741,0.12315688201877095,0.22589951578837408
L0000.ANS,20.0,120.0,8.000085600032,2002/01/00,0,16.25,TOTAL,0.7307,0.047352,microSv/hr,ICRP Pub. 103 EFFECTIVE DOSE,0.3420201433256687,0.9396926207859084,0.8660254037844387,-0.4999999999999998,-1.062489299996,0.5485259509488164,20.00000_120.00000,0.6654413584523855,0.9453489280826083,0.1169154075035691,0.21464892808260827
L0000.ANS,20.0,130.0,8.000085600032,2002/01/00,0,15.92,TOTAL,0.74118,0.048354,microSv/hr,ICRP Pub. 103 EFFECTIVE DOSE,0.3420201433256687,0.9396926207859084,0.766044443118978,-0.6427876096865394,-1.062489299996,0.5545630442987712,20.00000_130.00000,0.6633636397656364,0.9413112363088394,0.10880059546686516,0.20013123630883944
L0000.ANS,20.0,140.0,8.000085600032,2002/01/00,0,15.51,TOTAL,0.7548,0.049738,microSv/hr,ICRP Pub. 103 EFFECTIVE DOSE,0.3420201433256687,0.9396926207859084,0.6427876096865395,-0.7660444431189779,-1.062489299996,0.5623548903099218,20.00000_140.00000,0.661407784942325,0.937518024059196,0.09905289463240319,0.18271802405919602
L0000.ANS,20.0,150.0,8.000085600032,2002/01/00,0,15.06,TOTAL,0.77102,0.050779,microSv/hr,ICRP Pub. 103 EFFECTIVE DOSE,0.3420201433256687,0.9396926207859084,0.49999999999999994,-0.8660254037844387,-1.062489299996,0.5715556517917018,20.00000_150.00000,0.6596332216415468,0.9340828245700514,0.08807756984984505,0.1630628245700514
L0000.ANS,20.0,160.0,8.000085600032,2002/01/00,0,14.6,TOTAL,0.78898,0.051682,microSv/hr,ICRP Pub. 103 EFFECTIVE DOSE,0.3420201433256687,0.9396926207859084,0.3420201433256689,-0.9396926207859083,-1.062489299996,0.5816456250342428,20.00000_160.00000,0.6580938690712235,0.9311078795349286,0.0764482440369807,0.14212787953492856
L0000.ANS,20.0,170.0,8.000085600032,2002/01/00,0,14.14,TOTAL,0.80666,0.053187,microSv/hr,ICRP Pub. 103 EFFECTIVE DOSE,0.3420201433256687,0.9396926207859084,0.17364817766693028,-0.984807753012208,-1.062489299996,0.5914798367397366,20.00000_170.00000,0.6568364996802543,0.9286812894762727,0.06535666294051767,0.12202128947627267
L0000.ANS,25.0,-179.99999,8.000085600032,2002/01/00,0,12.88,TOTAL,0.86112,0.057106,microSv/hr,ICRP Pub. 103 EFFECTIVE DOSE,0.42261826174069944,0.9063077870366499,-1.745329251238221e-07,-0.9999999999999848,-1.062489299996,0.6211784570428535,25.00000_-179.99999,0.6774406789198975,0.9688324044016994,0.056262221877043994,0.10771240440169938
L0000.ANS,25.0,-170.0,8.000085600032,2002/01/00,0,12.44,TOTAL,0.88156,0.058685,microSv/hr,ICRP Pub. 103 EFFECTIVE DOSE,0.42261826174069944,0.9063077870366499,-0.17364817766693028,-0.984807753012208,-1.062489299996,0.6321012199928042,25.00000_-170.00000,0.676852161510821,0.9676740531445285,0.04475094151801673,0.08611405314452847
L0000.ANS,25.0,-160.0,8.000085600032,2002/01/00,0,12.02,TOTAL,0.90231,0.060719,microSv/hr,ICRP Pub. 103 EFFECTIVE DOSE,0.42261826174069944,0.9063077870366499,-0.3420201433256689,-0.9396926207859083,-1.062489299996,0.6430689371725484,25.00000_-160.00000,0.6766301886650923,0.9672373314074622,0.03356125149254385,0.06492733140746221
L0000.ANS,25.0,-150.0,8.000085600032,2002/01/00,0,11.57,TOTAL,0.926,0.062185,microSv/hr,ICRP Pub. 103 EFFECTIVE DOSE,0.42261826174069944,0.9063077870366499,-0.49999999999999994,-0.8660254037844387,-1.062489299996,0.6554453133759338,25.00000_-150.00000,0.6767815056820417,0.967535030414977,0.021336192306107837,0.04153503041497697
L0000.ANS,25.0,-140.0,8.000085600032,2002/01/00,0,10.98,TOTAL,0.95874,0.06424,microSv/hr,ICRP Pub. 103 EFFECTIVE DOSE,0.42261826174069944,0.9063077870366499,-0.6427876096865395,-0.7660444431189779,-1.062489299996,0.6723014093783161,25.00000_-140.00000,0.6773015148706794,0.9685584327760136,0.005000105492363294,0.009818432776013575
L0000.ANS,25.0,-130.0,8.000085600032,2002/01/00,0,10.24,TOTAL,1.0058,0.067993,microSv/hr,ICRP Pub. 103 EFFECTIVE DOSE,0.42261826174069944,0.9063077870366499,-0.766044443118978,-0.6427876096865394,-1.062489299996,0.6960429836719709,25.00000_-130.00000,0.6781744160149454,0.9702775398806608,-0.01786856765702549,-0.03552246011933924
L0000.ANS,25.0,-120.0,8.000085600032,2002/01/00,0,9.24,TOTAL,1.0876,0.073757,microSv/hr,ICRP Pub. 103 EFFECTIVE DOSE,0.42261826174069944,0.9063077870366499,-0.8660254037844387,-0.4999999999999998,-1.062489299996,0.7360150807871211,25.00000_-120.00000,0.6793736864552815,0.9726418529355042,-0.05664139433183957,-0.1149581470644957
L0000.ANS,25.0,-110.0,8.000085600032,2002/01/00,0,8.0,TOTAL,1.1918,0.080273,microSv/hr,ICRP Pub. 103 EFFECTIVE DOSE,0.42261826174069944,0.9063077870366499,-0.9396926207859084,-0.3420201433256687,-1.062489299996,0.7847231240471547,25.00000_-110.00000,0.6808628869662172,0.975581700658842,-0.1038602370809375,-0.216218299341158
L0000.ANS,25.0,-100.0,8.000085600032,2002/01/00,0,6.72,TOTAL,1.3067,0.088114,microSv/hr,ICRP Pub. 103 EFFECTIVE DOSE,0.42261826174069944,0.9063077870366499,-0.984807753012208,-0.1736481776669303,-1.062489299996,0.8358179317241077,25.00000_-100.00000,0.6825967689438004,0.979010097523713,-0.15322116278030729,-0.32768990247628693
L0000.ANS,25.0,-90.0,8.000085600032,2002/01/00,0,5.88,TOTAL,1.3927,0.093469,microSv/hr,ICRP Pub. 103 EFFECTIVE DOSE,0.42261826174069944,0.9063077870366499,-1.0,6.123233995736766e-17,-1.062489299996,0.8724224354174944,25.00000_-90.00000,0.684522649261528,0.9828251065653703,-0.18789978615596648,-0.4098748934346298
L0000.ANS,25.0,-80.0,8.000085600032,2002/01/00,0,5.78,TOTAL,1.4034,0.093884,microSv/hr,ICRP Pub. 103 EFFECTIVE DOSE,0.42261826174069944,0.9063077870366499,-0.984807753012208,0.17364817766693041,-1.062489299996,0.8768844014950623,25.00000_-80.00000,0.686582011020489,0.9869126682039995,-0.1903023904745733,-0.4164873317960005
L0000.ANS,25.0,-70.0,8.000085600032,2002/01/00,0,6.53,TOTAL,1.3246,0.089456,microSv/hr,ICRP Pub. 103 EFFECTIVE DOSE,0.42261826174069944,0.9063077870366499,-0.9396926207859083,0.3420201433256688,-1.062489299996,0.8435479812274705,25.00000_-70.00000,0.6887122815557243,0.9911498412772595,-0.15483569967174626,-0.33345015872274053
L0000.ANS,25.0,-60.0,8.000085600032,2002/01/00,0,8.34,TOTAL,1.1636,0.079188,microSv/hr,ICRP Pub. 103 EFFECTIVE DOSE,0.42261826174069944,0.9063077870366499,-0.8660254037844386,0.5000000000000001,-1.062489299996,0.7717735010151349,25.00000_-60.00000,0.69084873367499,0.9954083850430407,-0.08092476734014487,-0.16819161495695922
L0000.ANS,25.0,-50.0,8.000085600032,2002/01/00,0,10.26,TOTAL,1.0039,0.067931,microSv/hr,ICRP Pub. 103 EFFECTIVE DOSE,0.42261826174069944,0.9063077870366499,-0.766044443118978,0.6427876096865394,-1.062489299996,0.6950952817779612,25.00000_-50.00000,0.6929264523617387,0.9995585923209397,-0.0021688294162225397,-0.004341407679060327
L0000.ANS,25.0,-40.0,8.000085600032,2002/01/00,0,11.5,TOTAL,0.92978,0.062343,microSv/hr,ICRP Pub. 103 EFFECTIVE DOSE,0.42261826174069944,0.9063077870366499,-0.6427876096865393,0.766044443118978,-1.062489299996,0.6574060067821761,25.00000_-40.00000,0.6948823071850505,1.0034732656566658,0.03747630040287442,0.07369326565666579
L0000.ANS,25.0,-30.0,8.000085600032,2002/01/00,0,12.22,TOTAL,0.89251,0.059667,microSv/hr,ICRP Pub. 103 EFFECTIVE DOSE,0.42261826174069944,0.9063077870366499,-0.49999999999999994,0.8660254037844387,-1.062489299996,0.6379039903313585,25.00000_-30.00000,0.6966568704858287,1.0070317121984929,0.05875288015447022,0.11452171219849283
L0000.ANS,25.0,-20.0,8.000085600032,2002/01/00,0,12.72,TOTAL,0.86841,0.05763,microSv/hr,ICRP Pub. 103 EFFECTIVE DOSE,0.42261826174069944,0.9063077870366499,-0.3420201433256687,0.9396926207859084,-1.062489299996,0.6250878018044753,25.00000_-20.00000,0.698196223056152,1.0101236207815478,0.07310842125167671,0.1417136207815478
L0000.ANS,25.0,-10.0,8.000085600032,2002/01/00,0,13.06,TOTAL,0.85255,0.056628,microSv/hr,ICRP Pub. 103 EFFECTIVE DOSE,0.42261826174069944,0.9063077870366499,-0.17364817766693033,0.984807753012208,-1.062489299996,0.6165630683771728,25.00000_-10.00000,0.6994535924471212,1.0126526783409657,0.08289052406994846,0.1601026783409657
L0000.ANS,25.0,0.0,8.000085600032,2002/01/00,0,13.32,TOTAL,0.84077,0.056216,microSv/hr,ICRP Pub. 103 EFFECTIVE DOSE,0.42261826174069944,0.9063077870366499,0.0,1.0,-1.062489299996,0.6101839623441573,25.00000_0.00000,0.7003907741260509,1.0145397836993177,0.0902068117818936,0.17376978369931773
L0000.ANS,25.0,10.0,8.000085600032,2002/01/00,0,13.53,TOTAL,0.83148,0.055719,microSv/hr,ICRP Pub. 103 EFFECTIVE DOSE,0.42261826174069944,0.9063077870366499,0.17364817766693033,0.984807753012208,-1.062489299996,0.6051243831661882,25.00000_10.00000,0.7009792923018638,1.015725725917969,0.09585490913567563,0.18424572591796906
L0000.ANS,25.0,20.0,8.000085600032,2002/01/00,0,13.71,TOTAL,0.8241,0.054852,microSv/hr,ICRP Pub. 103 EFFECTIVE DOSE,0.42261826174069944,0.9063077870366499,0.3420201433256687,0.9396926207859084,-1.062489299996,0.6010867147107318,25.00000_20.00000,0.7012012651475925,1.016173211956597,0.10011455043686068,0.19207321195659688
L0000.ANS,25.0,30.0,8.000085600032,2002/01/00,0,13.9,TOTAL,0.81632,0.05404,microSv/hr,ICRP Pub. 103 EFFECTIVE DOSE,0.42261826174069944,0.9063077870366499,0.49999999999999994,0.8660254037844387,-1.062489299996,0.5968124761094314,25.00000_30.00000,0.7010499481306431,1.0158681537213436,0.1042374720212117,0.1995481537213436
L0000.ANS,25.0,40.0,8.000085600032,2002/01/00,0,14.1,TOTAL,0.8082,0.053312,microSv/hr,ICRP Pub. 103 EFFECTIVE DOSE,0.42261826174069944,0.9063077870366499,0.6427876096865393,0.766044443118978,-1.062489299996,0.5923318753211291,25.00000_40.00000,0.7005299389420054,1.0148201562660952,0.10819806362087636,0.2066201562660952
L0000.ANS,25.0,50.0,8.000085600032,2002/01/00,0,14.37,TOTAL,0.79772,0.052374,microSv/hr,ICRP Pub. 103 EFFECTIVE DOSE,0.42261826174069944,0.9063077870366499,0.766044443118978,0.6427876096865394,-1.062489299996,0.5865191953351538,25.00000_50.00000,0.6996570377977394,1.0130621848254662,0.11313784246258551,0.2153421848254662
L0000.ANS,25.0,60.0,8.000085600032,2002/01/00,0,14.71,TOTAL,0.78475,0.051406,microSv/hr,ICRP Pub. 103 EFFECTIVE DOSE,0.42261826174069944,0.9063077870366499,0.8660254037844386,0.5000000000000001,-1.062489299996,0.5792783494004329,25.00000_60.00000,0.6984577673574033,1.0106494259170449,0.1191794179569704,0.22589942591704493
L0000.ANS,25.0,70.0,8.000085600032,2002/01/00,0,15.05,TOTAL,0.77156,0.050795,microSv/hr,ICRP Pub. 103 EFFECTIVE DOSE,0.42261826174069944,0.9063077870366499,0.9396926207859083,0.3420201433256688,-1.062489299996,0.5718605143518598,25.00000_70.00000,0.6969685668464676,1.0076573941852054,0.12510805249460777,0.23609739418520537
L0000.ANS,25.0,80.0,8.000085600032,2002/01/00,0,15.32,TOTAL,0.76135,0.050527,microSv/hr,ICRP Pub. 103 EFFECTIVE DOSE,0.42261826174069944,0.9063077870366499,0.984807753012208,0.17364817766693041,-1.062489299996,0.5660805604755873,25.00000_80.00000,0.6952346848688844,1.0041793693259224,0.1291541243932971,0.24282936932592247
L0000.ANS,25.0,90.0,8.000085600032,2002/01/00,0,15.49,TOTAL,0.75567,0.049838,microSv/hr,ICRP Pub. 103 EFFECTIVE DOSE,0.42261826174069944,0.9063077870366499,1.0,6.123233995736766e-17,-1.062489299996,0.562850550445352,25.00000_90.00000,0.6933088045511568,1.000323274106145,0.1304582541058048,0.244653274106145
L0000.ANS,25.0,100.0,8.000085600032,2002/01/00,0,15.54,TOTAL,0.75407,0.049655,microSv/hr,ICRP Pub. 103 EFFECTIVE DOSE,0.42261826174069944,0.9063077870366499,0.984807753012208,-0.1736481776669303,-1.062489299996,0.5619388019335887,25.00000_100.00000,0.6912494427921958,0.9962081235960402,0.1293106408586071,0.24213812359604014
L0000.ANS,25.0,110.0,8.000085600032,2002/01/00,0,15.47,TOTAL,0.75634,0.049916,microSv/hr,ICRP Pub. 103 EFFECTIVE DOSE,0.42261826174069944,0.9063077870366499,0.9396926207859084,-0.3420201433256687,-1.062489299996,0.5632320983385118,25.00000_110.00000,0.6891191722569605,0.9919601864822274,0.12588707391844867,0.23562018648222738
L0000.ANS,25.0,120.0,8.000085600032,2002/01/00,0,15.32,TOTAL,0.76135,0.050527,microSv/hr,ICRP Pub. 103 EFFECTIVE DOSE,0.42261826174069944,0.9063077870366499,0.8660254037844387,-0.4999999999999998,-1.062489299996,0.5660805604755873,25.00000_120.00000,0.6869827201376948,0.9877090017636438,0.12090215966210749,0.22635900176364387
L0000.ANS,25.0,130.0,8.000085600032,2002/01/00,0,15.07,TOTAL,0.77079,0.050772,microSv/hr,ICRP Pub. 103 EFFECTIVE DOSE,0.42261826174069944,0.9063077870366499,0.766044443118978,-0.6427876096865394,-1.062489299996,0.5714257746947805,25.00000_130.00000,0.6849050014509461,0.9835833890423435,0.11347922675616562,0.21279338904234357
L0000.ANS,25.0,140.0,8.000085600032,2002/01/00,0,14.71,TOTAL,0.78445,0.051387,microSv/hr,ICRP Pub. 103 EFFECTIVE DOSE,0.42261826174069944,0.9063077870366499,0.6427876096865395,-0.7660444431189779,-1.062489299996,0.579110244502581,25.00000_140.00000,0.6829491466276343,0.9797075793994691,0.10383890212505331,0.19525757939946908
L0000.ANS,25.0,150.0,8.000085600032,2002/01/00,0,14.3,TOTAL,0.80047,0.052626,microSv/hr,ICRP Pub. 103 EFFECTIVE DOSE,0.42261826174069944,0.9063077870366499,0.49999999999999994,-0.8660254037844387,-1.062489299996,0.5880477419296569,25.00000_150.00000,0.6811745833268561,0.9761975782634998,0.09312684139719918,0.17572757826349983
L0000.ANS,25.0,160.0,8.000085600032,2002/01/00,0,13.83,TOTAL,0.81932,0.054341,microSv/hr,ICRP Pub. 103 EFFECTIVE DOSE,0.42261826174069944,0.9063077870366499,0.3420201433256689,-0.9396926207859083,-1.062489299996,0.5984628048993536,25.00000_160.00000,0.6796352307565328,0.9731578536461304,0.08117242585717921,0.15383785364613034
L0000.ANS,25.0,170.0,8.000085600032,2002/01/00,0,13.35,TOTAL,0.83931,0.056186,microSv/hr,ICRP Pub. 103 EFFECTIVE DOSE,0.42261826174069944,0.9063077870366499,0.17364817766693028,-0.984807753012208,-1.062489299996,0.6093905012908112,25.00000_170.00000,0.6783778613655636,0.9706784244632463,0.06898736007475237,0.13136842446324626
L0000.ANS,30.0,-179.99999,8.000085600032,2002/01/00,0,11.6,TOTAL,0.92398,0.062112,microSv/hr,ICRP Pub. 103 EFFECTIVE DOSE,0.49999999999999994,0.8660254037844387,-1.745329251238221e-07,-0.9999999999999848,-1.062489299996,0.6543959571790913,30.00000_-179.99999,0.7039479638303514,1.0217186445919577,0.04955200665126014,0.09773864459195769
L0000.ANS,30.0,-170.0,8.000085600032,2002/01/00,0,10.88,TOTAL,0.96482,0.064746,microSv/hr,ICRP Pub. 103 EFFECTIVE DOSE,0.49999999999999994,0.8660254037844387,-0.17364817766693028,-0.984807753012208,-1.062489299996,0.6754006380719735,30.00000_-170.00000,0.7033594464212749,1.020529178018585,0.027958808349301423,0.05570917801858499
L0000.ANS,30.0,-160.0,8.000085600032,2002/01/00,0,10.17,TOTAL,1.011,0.068206,microSv/hr,ICRP Pub. 103 EFFECTIVE DOSE,0.49999999999999994,0.8660254037844387,-0.3420201433256689,-0.9396926207859083,-1.062489299996,0.6986321107905149,30.00000_-160.00000,0.7031374735755462,1.02008072518108,0.0045053627850313305,0.009080725181080052
L0000.ANS,30.0,-150.0,8.000085600032,2002/01/00,0,9.74,TOTAL,1.0461,0.070496,microSv/hr,ICRP Pub. 103 EFFECTIVE DOSE,0.49999999999999994,0.8660254037844387,-0.49999999999999994,-0.8660254037844387,-1.062489299996,0.7159355421903765,30.00000_-150.00000,0.7032887905924956,1.02038642089831,-0.012646751597880868,-0.02571357910169003
L0000.ANS,30.0,-140.0,8.000085600032,2002/01/00,0,9.07,TOTAL,1.1031,0.074444,microSv/hr,ICRP Pub. 103 EFFECTIVE DOSE,0.49999999999999994,0.8660254037844387,-0.6427876096865395,-0.7660444431189779,-1.062489299996,0.7434124467074954,30.00000_-140.00000,0.7038087997811333,1.0214373136150297,-0.03960364692636209,-0.08166268638497032
L0000.ANS,30.0,-130.0,8.000085600032,2002/01/00,0,8.05,TOTAL,1.1881,0.080073,microSv/hr,ICRP Pub. 103 EFFECTIVE DOSE,0.49999999999999994,0.8660254037844387,-0.766044443118978,-0.6427876096865394,-1.062489299996,0.7830335873544686,30.00000_-130.00000,0.7046817009253994,1.0232025989068327,-0.0783518864290692,-0.1648974010931672
L0000.ANS,30.0,-120.0,8.000085600032,2002/01/00,0,6.73,TOTAL,1.3059,0.088035,microSv/hr,ICRP Pub. 103 EFFECTIVE DOSE,0.49999999999999994,0.8660254037844387,-0.8660254037844387,-0.4999999999999998,-1.062489299996,0.8354710557721408,30.00000_-120.00000,0.7058809713657355,1.0256304214954606,-0.1295900844064053,-0.2802695785045395
L0000.ANS,30.0,-110.0,8.000085600032,2002/01/00,0,5.75,TOTAL,1.4075,0.093938,microSv/hr,ICRP Pub. 103 EFFECTIVE DOSE,0.49999999999999994,0.8660254037844387,-0.9396926207859084,-0.3420201433256687,-1.062489299996,0.8785888646901435,30.00000_-110.00000,0.7073701718766712,1.028649238608205,-0.17121869281347235,-0.3788507613917951
L0000.ANS,30.0,-100.0,8.000085600032,2002/01/00,0,4.88,TOTAL,1.5076,0.098732,microSv/hr,ICRP Pub. 103 EFFECTIVE DOSE,0.49999999999999994,0.8660254037844387,-0.984807753012208,-0.1736481776669303,-1.062489299996,0.9193261204176764,30.00000_-100.00000,0.7091040538542543,1.0321697281365538,-0.21022206656342202,-0.4754302718634462
L0000.ANS,30.0,-90.0,8.000085600032,2002/01/00,0,4.31,TOTAL,1.5745,0.10194,microSv/hr,ICRP Pub. 103 EFFECTIVE DOSE,0.49999999999999994,0.8660254037844387,-1.0,6.123233995736766e-17,-1.062489299996,0.945655340504059,30.00000_-90.00000,0.7110299341719823,1.0360872149127587,-0.23462540633207662,-0.5384127850872413
L0000.ANS,30.0,-80.0,8.000085600032,2002/01/00,0,4.27,TOTAL,1.5794,0.10219,microSv/hr,ICRP Pub. 103 EFFECTIVE DOSE,0.49999999999999994,0.8660254037844387,-0.984807753012208,0.17364817766693041,-1.062489299996,0.9475568137481538,30.00000_-80.00000,0.713089295930943,1.0402845755196128,-0.23446751781721087,-0.5391154244803871
L0000.ANS,30.0,-70.0,8.000085600032,2002/01/00,0,4.87,TOTAL,1.5091,0.098813,microSv/hr,ICRP Pub. 103 EFFECTIVE DOSE,0.49999999999999994,0.8660254037844387,-0.9396926207859083,0.3420201433256688,-1.062489299996,0.9199241231065759,30.00000_-70.00000,0.7152195664661782,1.044635566382736,-0.20470455664039766,-0.4644644336172641
L0000.ANS,30.0,-60.0,8.000085600032,2002/01/00,0,5.9,TOTAL,1.3903,0.093243,microSv/hr,ICRP Pub. 103 EFFECTIVE DOSE,0.49999999999999994,0.8660254037844387,-0.8660254037844386,0.5000000000000001,-1.062489299996,0.8714188810786174,30.00000_-60.00000,0.717356018585444,1.0490085019921067,-0.15406286249317347,-0.3412914980078934
L0000.ANS,30.0,-50.0,8.000085600032,2002/01/00,0,8.07,TOTAL,1.1863,0.079986,microSv/hr,ICRP Pub. 103 EFFECTIVE DOSE,0.49999999999999994,0.8660254037844387,-0.766044443118978,0.6427876096865394,-1.062489299996,0.7822106173007048,30.00000_-50.00000,0.7194337372721931,1.0532701910083442,-0.06277688002851178,-0.13302980899165573
L0000.ANS,30.0,-40.0,8.000085600032,2002/01/00,0,9.7,TOTAL,1.0495,0.070804,microSv/hr,ICRP Pub. 103 EFFECTIVE DOSE,0.49999999999999994,0.8660254037844387,-0.6427876096865393,0.766044443118978,-1.062489299996,0.7175958609622552,30.00000_-40.00000,0.7213895920955045,1.0572900192337578,0.003793731133249212,0.007790019233757661
L0000.ANS,30.0,-30.0,8.000085600032,2002/01/00,0,10.7,TOTAL,0.97504,0.065733,microSv/hr,ICRP Pub. 103 EFFECTIVE DOSE,0.49999999999999994,0.8660254037844387,-0.49999999999999994,0.8660254037844387,-1.062489299996,0.6805886513125496,30.00000_-30.00000,0.7231641553962826,1.0609440517980897,0.04257550408373301,0.08590405179808969
L0000.ANS,30.0,-20.0,8.000085600032,2002/01/00,0,11.09,TOTAL,0.95242,0.063781,microSv/hr,ICRP Pub. 103 EFFECTIVE DOSE,0.49999999999999994,0.8660254037844387,-0.3420201433256687,0.9396926207859084,-1.062489299996,0.6690696287808875,30.00000_-20.00000,0.724703507966606,1.0641190143879784,0.05563387918571849,0.11169901438797836
L0000.ANS,30.0,-10.0,8.000085600032,2002/01/00,0,11.44,TOTAL,0.9328,0.062489,microSv/hr,ICRP Pub. 103 EFFECTIVE DOSE,0.49999999999999994,0.8660254037844387,-0.17364817766693033,0.984807753012208,-1.062489299996,0.6589697287583587,30.00000_-10.00000,0.7259608773575752,1.0667160068032242,0.06699114859921651,0.13391600680322424
L0000.ANS,30.0,0.0,8.000085600032,2002/01/00,0,11.6,TOTAL,0.92428,0.062122,microSv/hr,ICRP Pub. 103 EFFECTIVE DOSE,0.49999999999999994,0.8660254037844387,0.0,1.0,-1.062489299996,0.6545518718005605,30.00000_0.00000,0.7268980590365048,1.0686538030720991,0.07234618723594433,0.14437380307209913
L0000.ANS,30.0,10.0,8.000085600032,2002/01/00,0,11.71,TOTAL,0.91831,0.061949,microSv/hr,ICRP Pub. 103 EFFECTIVE DOSE,0.49999999999999994,0.8660254037844387,0.17364817766693033,0.984807753012208,-1.062489299996,0.6514445900955329,30.00000_10.00000,0.7274865772123178,1.0698716017478502,0.07604198711678489,0.15156160174785027
L0000.ANS,30.0,20.0,8.000085600032,2002/01/00,0,11.77,TOTAL,0.915,0.061883,microSv/hr,ICRP Pub. 103 EFFECTIVE DOSE,0.49999999999999994,0.8660254037844387,0.3420201433256687,0.9396926207859084,-1.062489299996,0.6497176226326093,30.00000_20.00000,0.7277085500580465,1.0703311080346554,0.07799092742543712,0.15533110803465533
L0000.ANS,30.0,30.0,8.000085600032,2002/01/00,0,11.86,TOTAL,0.9099,0.06164,microSv/hr,ICRP Pub. 103 EFFECTIVE DOSE,0.49999999999999994,0.8660254037844387,0.49999999999999994,0.8660254037844387,-1.062489299996,0.6470508846669718,30.00000_30.00000,0.7275572330410971,1.0700178554081143,0.08050634837412529,0.1601178554081143
L0000.ANS,30.0,40.0,8.000085600032,2002/01/00,0,12.12,TOTAL,0.89743,0.060176,microSv/hr,ICRP Pub. 103 EFFECTIVE DOSE,0.49999999999999994,0.8660254037844387,0.6427876096865393,0.766044443118978,-1.062489299996,0.640500338961585,30.00000_40.00000,0.7270372238524594,1.0689417069304563,0.08653688489087441,0.17151170693045636
L0000.ANS,30.0,50.0,8.000085600032,2002/01/00,0,12.45,TOTAL,0.88118,0.058655,microSv/hr,ICRP Pub. 103 EFFECTIVE DOSE,0.49999999999999994,0.8660254037844387,0.766044443118978,0.6427876096865394,-1.062489299996,0.6318992395204399,30.00000_50.00000,0.7261643227081933,1.067136513339456,0.0942650831877534,0.18595651333945595
L0000.ANS,30.0,60.0,8.000085600032,2002/01/00,0,12.8,TOTAL,0.86485,0.05736,microSv/hr,ICRP Pub. 103 EFFECTIVE DOSE,0.49999999999999994,0.8660254037844387,0.8660254037844386,0.5000000000000001,-1.062489299996,0.6231806209067735,30.00000_60.00000,0.7249650522678577,1.0646589435579177,0.10178443136108417,0.19980894355791767
L0000.ANS,30.0,70.0,8.000085600032,2002/01/00,0,13.24,TOTAL,0.84435,0.056311,microSv/hr,ICRP Pub. 103 EFFECTIVE DOSE,0.49999999999999994,0.8660254037844387,0.9396926207859083,0.3420201433256688,-1.062489299996,0.6121269118959896,30.00000_70.00000,0.7234758517569215,1.0615865406840375,0.11134893986093197,0.21723654068403742
L0000.ANS,30.0,80.0,8.000085600032,2002/01/00,0,13.63,TOTAL,0.82715,0.055199,microSv/hr,ICRP Pub. 103 EFFECTIVE DOSE,0.49999999999999994,0.8660254037844387,0.984807753012208,0.17364817766693041,-1.062489299996,0.6027573758319406,30.00000_80.00000,0.7217419697793384,1.0580150900675978,0.1189845939473978,0.2308650900675977
L0000.ANS,30.0,90.0,8.000085600032,2002/01/00,0,13.91,TOTAL,0.8157,0.053981,microSv/hr,ICRP Pub. 103 EFFECTIVE DOSE,0.49999999999999994,0.8660254037844387,1.0,6.123233995736766e-17,-1.062489299996,0.5964710682944843,30.00000_90.00000,0.7198160894616108,1.0540554134675395,0.12334502116712653,0.23835541346753952
L0000.ANS,30.0,100.0,8.000085600032,2002/01/00,0,14.03,TOTAL,0.8109,0.05354,microSv/hr,ICRP Pub. 103 EFFECTIVE DOSE,0.49999999999999994,0.8660254037844387,0.984807753012208,-0.1736481776669303,-1.062489299996,0.5938239592651596,30.00000_100.00000,0.7177567277026498,1.049829722904452,0.12393276843749013,0.23892972290445202
L0000.ANS,30.0,110.0,8.000085600032,2002/01/00,0,14.05,TOTAL,0.81008,0.053469,microSv/hr,ICRP Pub. 103 EFFECTIVE DOSE,0.49999999999999994,0.8660254037844387,0.9396926207859084,-0.3420201433256687,-1.062489299996,0.5933710431960196,30.00000_110.00000,0.7156264571674145,1.0454676788600483,0.12225541397139483,0.2353876788600483
L0000.ANS,30.0,120.0,8.000085600032,2002/01/00,0,14.02,TOTAL,0.81162,0.053604,microSv/hr,ICRP Pub. 103 EFFECTIVE DOSE,0.49999999999999994,0.8660254037844387,0.8660254037844387,-0.4999999999999998,-1.062489299996,0.5942214726036539,30.00000_120.00000,0.7134900050481487,1.0411022999745985,0.11926853244449487,0.22948229997459846
L0000.ANS,30.0,130.0,8.000085600032,2002/01/00,0,13.89,TOTAL,0.81681,0.054089,microSv/hr,ICRP Pub. 103 EFFECTIVE DOSE,0.49999999999999994,0.8660254037844387,0.766044443118978,-0.6427876096865394,-1.062489299996,0.597082215977243,30.00000_130.00000,0.7114122863614001,1.0368658661672459,0.1143300703841571,0.22005586616724582
L0000.ANS,30.0,140.0,8.000085600032,2002/01/00,0,13.63,TOTAL,0.82719,0.055205,microSv/hr,ICRP Pub. 103 EFFECTIVE DOSE,0.49999999999999994,0.8660254037844387,0.6427876096865395,-0.7660444431189779,-1.062489299996,0.6027792676099369,30.00000_140.00000,0.7094564315380882,1.032885945580623,0.1066771639281513,0.20569594558062299
L0000.ANS,30.0,150.0,8.000085600032,2002/01/00,0,13.27,TOTAL,0.84275,0.056265,microSv/hr,ICRP Pub. 103 EFFECTIVE DOSE,0.49999999999999994,0.8660254037844387,0.49999999999999994,-0.8660254037844387,-1.062489299996,0.6112590210872612,30.00000_150.00000,0.70768186823731,1.0292816597494556,0.0964228471500489,0.18653165974945562
L0000.ANS,30.0,160.0,8.000085600032,2002/01/00,0,12.81,TOTAL,0.86428,0.05732,microSv/hr,ICRP Pub. 103 EFFECTIVE DOSE,0.49999999999999994,0.8660254037844387,0.3420201433256689,-0.9396926207859083,-1.062489299996,0.622874919574592,30.00000_160.00000,0.7061425156669867,1.0261602828767358,0.08326759609239476,0.16188028287673573
L0000.ANS,30.0,170.0,8.000085600032,2002/01/00,0,12.29,TOTAL,0.88886,0.059317,microSv/hr,ICRP Pub. 103 EFFECTIVE DOSE,0.49999999999999994,0.8660254037844387,0.17364817766693028,-0.984807753012208,-1.062489299996,0.6359734724853934,30.00000_170.00000,0.7048851462760175,1.0236142519419669,0.06891167379062413,0.13475425194196688
L0000.ANS,35.0,-179.99999,8.000085600032,2002/01/00,0,9.45,TOTAL,1.0696,0.072992,microSv/hr,ICRP Pub. 103 EFFECTIVE DOSE,0.573576436351046,0.8191520442889918,-1.745329251238221e-07,-0.9999999999999848,-1.062489299996,0.7273553518896824,35.00000_-179.99999,0.7352194355222457,1.0859396715488705,0.007864083632563301,0.016339671548870394
L0000.ANS,35.0,-170.0,8.000085600032,2002/01/00,0,9.39,TOTAL,1.0741,0.073464,microSv/hr,ICRP Pub. 103 EFFECTIVE DOSE,0.573576436351046,0.8191520442889918,-0.17364817766693028,-0.984807753012208,-1.062489299996,0.7295273246526959,35.00000_-170.00000,0.7346309181131692,1.0847124209024879,0.005103593460473288,0.010612420902487818
L0000.ANS,35.0,-160.0,8.000085600032,2002/01/00,0,8.5,TOTAL,1.1517,0.078625,microSv/hr,ICRP Pub. 103 EFFECTIVE DOSE,0.573576436351046,0.8191520442889918,-0.3420201433256689,-0.9396926207859083,-1.062489299996,0.7662582273772683,35.00000_-160.00000,0.7344089452674405,1.0842497227090115,-0.03184928210982785,-0.0674502772909884
L0000.ANS,35.0,-150.0,8.000085600032,2002/01/00,0,7.69,TOTAL,1.2184,0.08232,microSv/hr,ICRP Pub. 103 EFFECTIVE DOSE,0.573576436351046,0.8191520442889918,-0.49999999999999994,-0.8660254037844387,-1.062489299996,0.7967862153194312,35.00000_-150.00000,0.7345602622843899,1.0845651290221987,-0.062225953035041304,-0.13383487097780122
L0000.ANS,35.0,-140.0,8.000085600032,2002/01/00,0,6.55,TOTAL,1.3232,0.089444,microSv/hr,ICRP Pub. 103 EFFECTIVE DOSE,0.573576436351046,0.8191520442889918,-0.6427876096865395,-0.7660444431189779,-1.062489299996,0.8429455456483399,35.00000_-140.00000,0.7350802714730271,1.085649403935629,-0.10786527417531278,-0.2375505960643709
L0000.ANS,35.0,-130.0,8.000085600032,2002/01/00,0,5.68,TOTAL,1.4157,0.094121,microSv/hr,ICRP Pub. 103 EFFECTIVE DOSE,0.573576436351046,0.8191520442889918,-0.766044443118978,-0.6427876096865394,-1.062489299996,0.881989100177134,35.00000_-130.00000,0.7359531726172936,1.0874707645050758,-0.1460359275598403,-0.3282292354949241
L0000.ANS,35.0,-120.0,8.000085600032,2002/01/00,0,5.06,TOTAL,1.4858,0.09791,microSv/hr,ICRP Pub. 103 EFFECTIVE DOSE,0.573576436351046,0.8191520442889918,-0.8660254037844387,-0.4999999999999998,-1.062489299996,0.910594539329274,35.00000_-120.00000,0.7371524430576297,1.089975708240273,-0.1734420962716443,-0.395824291759727
L0000.ANS,35.0,-110.0,8.000085600032,2002/01/00,0,4.36,TOTAL,1.5689,0.10166,microSv/hr,ICRP Pub. 103 EFFECTIVE DOSE,0.573576436351046,0.8191520442889918,-0.9396926207859084,-0.3420201433256687,-1.062489299996,0.943477791718119,35.00000_-110.00000,0.7386416435685654,1.0930904197722007,-0.20483614814955353,-0.4758095802277993
L0000.ANS,35.0,-100.0,8.000085600032,2002/01/00,0,3.7,TOTAL,1.6458,0.10524,microSv/hr,ICRP Pub. 103 EFFECTIVE DOSE,0.573576436351046,0.8191520442889918,-0.984807753012208,-0.1736481776669303,-1.062489299996,0.9729734770461427,35.00000_-100.00000,0.7403755255461486,1.0967227396254597,-0.23259795149999407,-0.5490772603745402
L0000.ANS,35.0,-90.0,8.000085600032,2002/01/00,0,3.32,TOTAL,1.689,0.10675,microSv/hr,ICRP Pub. 103 EFFECTIVE DOSE,0.573576436351046,0.8191520442889918,-1.0,6.123233995736766e-17,-1.062489299996,0.9891693772867276,35.00000_-90.00000,0.7423014058638762,1.1007646675668727,-0.24686797142285144,-0.5882353324331273
L0000.ANS,35.0,-80.0,8.000085600032,2002/01/00,0,3.21,TOTAL,1.7005,0.10703,microSv/hr,ICRP Pub. 103 EFFECTIVE DOSE,0.573576436351046,0.8191520442889918,-0.984807753012208,0.17364817766693041,-1.062489299996,0.9934369410508087,35.00000_-80.00000,0.7443607676228372,1.1050953596881805,-0.2490761734279715,-0.5954046403118194
L0000.ANS,35.0,-70.0,8.000085600032,2002/01/00,0,3.64,TOTAL,1.6531,0.1055,microSv/hr,ICRP Pub. 103 EFFECTIVE DOSE,0.573576436351046,0.8191520442889918,-0.9396926207859083,0.3420201433256688,-1.062489299996,0.9757287676227675,35.00000_-70.00000,0.7464910381580725,1.1095845622170355,-0.229237729464695,-0.5435154377829645
L0000.ANS,35.0,-60.0,8.000085600032,2002/01/00,0,4.4,TOTAL,1.5644,0.10147,microSv/hr,ICRP Pub. 103 EFFECTIVE DOSE,0.573576436351046,0.8191520442889918,-0.8660254037844386,0.5000000000000001,-1.062489299996,0.9417245331309652,35.00000_-60.00000,0.7486274902773382,1.1140964065793137,-0.19309704285362694,-0.45030359342068627
L0000.ANS,35.0,-50.0,8.000085600032,2002/01/00,0,5.4,TOTAL,1.4476,0.095726,microSv/hr,ICRP Pub. 103 EFFECTIVE DOSE,0.573576436351046,0.8191520442889918,-0.766044443118978,0.6427876096865394,-1.062489299996,0.8951079526062484,35.00000_-50.00000,0.7507052089640869,1.118493470538016,-0.14440274364216155,-0.32910652946198393
L0000.ANS,35.0,-40.0,8.000085600032,2002/01/00,0,6.8,TOTAL,1.2992,0.087391,microSv/hr,ICRP Pub. 103 EFFECTIVE DOSE,0.573576436351046,0.8191520442889918,-0.6427876096865393,0.766044443118978,-1.062489299996,0.8325612363426234,35.00000_-40.00000,0.7526610637873983,1.1226409908621877,-0.07990017255522508,-0.1765590091378122
L0000.ANS,35.0,-30.0,8.000085600032,2002/01/00,0,8.48,TOTAL,1.1528,0.078759,microSv/hr,ICRP Pub. 103 EFFECTIVE DOSE,0.573576436351046,0.8191520442889918,-0.49999999999999994,0.8660254037844387,-1.062489299996,0.766769320430559,35.00000_-30.00000,0.7544356270881769,1.1264110958208882,-0.012333693342382102,-0.026388904179111883
L0000.ANS,35.0,-20.0,8.000085600032,2002/01/00,0,9.28,TOTAL,1.0839,0.073644,microSv/hr,ICRP Pub. 103 EFFECTIVE DOSE,0.573576436351046,0.8191520442889918,-0.3420201433256687,0.9396926207859084,-1.062489299996,0.734241138094907,35.00000_-20.00000,0.7559749796585002,1.1296869128786418,0.02173384156359326,0.04578691287864167
L0000.ANS,35.0,-10.0,8.000085600032,2002/01/00,0,9.64,TOTAL,1.0545,0.071287,microSv/hr,ICRP Pub. 103 EFFECTIVE DOSE,0.573576436351046,0.8191520442889918,-0.17364817766693033,0.984807753012208,-1.062489299996,0.7200325093413273,35.00000_-10.00000,0.7572323490494695,1.1323664002149056,0.03719983970814211,0.07786640021490565
L0000.ANS,35.0,0.0,8.000085600032,2002/01/00,0,9.74,TOTAL,1.0459,0.070478,microSv/hr,ICRP Pub. 103 EFFECTIVE DOSE,0.573576436351046,0.8191520442889918,0.0,1.0,-1.062489299996,0.7158377904796438,35.00000_0.00000,0.7581695307283991,1.134365751669391,0.0423317402487553,0.08846575166939097
L0000.ANS,35.0,10.0,8.000085600032,2002/01/00,0,9.75,TOTAL,1.0454,0.070437,microSv/hr,ICRP Pub. 103 EFFECTIVE DOSE,0.573576436351046,0.8191520442889918,0.17364817766693033,0.984807753012208,-1.062489299996,0.7155933693897754,35.00000_10.00000,0.7587580489042121,1.135622234403279,0.0431646795144367,0.09022223440327881
L0000.ANS,35.0,20.0,8.000085600032,2002/01/00,0,9.69,TOTAL,1.0498,0.070834,microSv/hr,ICRP Pub. 103 EFFECTIVE DOSE,0.573576436351046,0.8191520442889918,0.3420201433256687,0.9396926207859084,-1.062489299996,0.7177422274153256,35.00000_20.00000,0.7589800217499407,1.1360963371650739,0.04123779433461516,0.08629633716507379
L0000.ANS,35.0,30.0,8.000085600032,2002/01/00,0,9.81,TOTAL,1.0407,0.070045,microSv/hr,ICRP Pub. 103 EFFECTIVE DOSE,0.573576436351046,0.8191520442889918,0.49999999999999994,0.8660254037844387,-1.062489299996,0.713292886252903,35.00000_30.00000,0.7588287047329914,1.1357731338931116,0.045535818480088364,0.09507313389311167
L0000.ANS,35.0,40.0,8.000085600032,2002/01/00,0,10.1,TOTAL,1.017,0.068509,microSv/hr,ICRP Pub. 103 EFFECTIVE DOSE,0.573576436351046,0.8191520442889918,0.6427876096865393,0.766044443118978,-1.062489299996,0.7016112589720747,35.00000_40.00000,0.7583086955443537,1.134662800955327,0.05669743657227899,0.11766280095532711
L0000.ANS,35.0,50.0,8.000085600032,2002/01/00,0,10.43,TOTAL,0.99096,0.067597,microSv/hr,ICRP Pub. 103 EFFECTIVE DOSE,0.573576436351046,0.8191520442889918,0.766044443118978,0.6427876096865394,-1.062489299996,0.6886169344734135,35.00000_50.00000,0.7574357944000876,1.1328002643771704,0.06881885992667403,0.14184026437717046
L0000.ANS,35.0,60.0,8.000085600032,2002/01/00,0,10.78,TOTAL,0.97075,0.065298,microSv/hr,ICRP Pub. 103 EFFECTIVE DOSE,0.573576436351046,0.8191520442889918,0.8660254037844386,0.5000000000000001,-1.062489299996,0.6784141809578805,35.00000_60.00000,0.7562365239597515,1.1302439932015709,0.07782234300187096,0.15949399320157087
L0000.ANS,35.0,70.0,8.000085600032,2002/01/00,0,10.98,TOTAL,0.95907,0.064266,microSv/hr,ICRP Pub. 103 EFFECTIVE DOSE,0.573576436351046,0.8191520442889918,0.9396926207859083,0.3420201433256688,-1.062489299996,0.6724698708406026,35.00000_70.00000,0.7547473234488158,1.127073993726743,0.08227745260821318,0.16800399372674313
L0000.ANS,35.0,80.0,8.000085600032,2002/01/00,0,11.31,TOTAL,0.94045,0.062936,microSv/hr,ICRP Pub. 103 EFFECTIVE DOSE,0.573576436351046,0.8191520442889918,0.984807753012208,0.17364817766693041,-1.062489299996,0.662919904939849,35.00000_80.00000,0.7530134414712326,1.1233890939778401,0.09009353653138363,0.18293909397784014
L0000.ANS,35.0,90.0,8.000085600032,2002/01/00,0,11.14,TOTAL,0.94971,0.063606,microSv/hr,ICRP Pub. 103 EFFECTIVE DOSE,0.573576436351046,0.8191520442889918,1.0,6.123233995736766e-17,-1.062489299996,0.6676806435673268,35.00000_90.00000,0.7510875611535051,1.119303636029149,0.08340691758617824,0.169593636029149
L0000.ANS,35.0,100.0,8.000085600032,2002/01/00,0,11.22,TOTAL,0.94512,0.063264,microSv/hr,ICRP Pub. 103 EFFECTIVE DOSE,0.573576436351046,0.8191520442889918,0.984807753012208,-0.1736481776669303,-1.062489299996,0.6653236718253468,35.00000_100.00000,0.749028199394544,1.1149437140346556,0.08370452756919722,0.16982371403465568
L0000.ANS,35.0,110.0,8.000085600032,2002/01/00,0,11.4,TOTAL,0.93551,0.062635,microSv/hr,ICRP Pub. 103 EFFECTIVE DOSE,0.573576436351046,0.8191520442889918,0.9396926207859084,-0.3420201433256687,-1.062489299996,0.6603708576458303,35.00000_110.00000,0.7468979288593087,1.110443107214016,0.08652707121347847,0.174933107214016
L0000.ANS,35.0,120.0,8.000085600032,2002/01/00,0,11.59,TOTAL,0.92456,0.062132,microSv/hr,ICRP Pub. 103 EFFECTIVE DOSE,0.573576436351046,0.8191520442889918,0.8660254037844387,-0.4999999999999998,-1.062489299996,0.6546973701847459,35.00000_120.00000,0.744761476740043,1.1059390596192333,0.09006410655529706,0.18137905961923328
L0000.ANS,35.0,130.0,8.000085600032,2002/01/00,0,11.73,TOTAL,0.91691,0.061919,microSv/hr,ICRP Pub. 103 EFFECTIVE DOSE,0.573576436351046,0.8191520442889918,0.766044443118978,-0.6427876096865394,-1.062489299996,0.6507145146045913,35.00000_130.00000,0.7426837580532943,1.1015680531152936,0.09196924344870305,0.1846580531152936
L0000.ANS,35.0,140.0,8.000085600032,2002/01/00,0,11.69,TOTAL,0.91913,0.061969,microSv/hr,ICRP Pub. 103 EFFECTIVE DOSE,0.573576436351046,0.8191520442889918,0.6427876096865395,-0.7660444431189779,-1.062489299996,0.6518719583475346,35.00000_140.00000,0.7407279032299825,1.0974617081184475,0.08885594488244786,0.17833170811844745
L0000.ANS,35.0,150.0,8.000085600032,2002/01/00,0,11.33,TOTAL,0.93917,0.062853,microSv/hr,ICRP Pub. 103 EFFECTIVE DOSE,0.573576436351046,0.8191520442889918,0.49999999999999994,-0.8660254037844387,-1.062489299996,0.6622600464761622,35.00000_150.00000,0.7389533399292043,1.0937429301258002,0.0766932934530421,0.1545729301258002
L0000.ANS,35.0,160.0,8.000085600032,2002/01/00,0,10.76,TOTAL,0.97187,0.065409,microSv/hr,ICRP Pub. 103 EFFECTIVE DOSE,0.573576436351046,0.8191520442889918,0.3420201433256689,-0.9396926207859083,-1.062489299996,0.6789823310865399,35.00000_160.00000,0.737413987358881,1.0905224009655838,0.05843165627234104,0.11865240096558383
L0000.ANS,35.0,170.0,8.000085600032,2002/01/00,0,10.05,TOTAL,1.0208,0.068735,microSv/hr,ICRP Pub. 103 EFFECTIVE DOSE,0.573576436351046,0.8191520442889918,0.17364817766693028,-0.984807753012208,-1.062489299996,0.7034934726140896,35.00000_170.00000,0.7361566179679118,1.0878954939298142,0.0326631453538222,0.06709549392981429
L0000.ANS,40.0,-179.99999,8.000085600032,2002/01/00,0,7.73,TOTAL,1.215,0.082004,microSv/hr,ICRP Pub. 103 EFFECTIVE DOSE,0.6427876096865393,0.766044443118978,-1.745329251238221e-07,-0.9999999999999848,-1.062489299996,0.795252403497099,40.00000_-179.99999,0.7710170992137737,1.1619640678515861,-0.02423530428332532,-0.053035932148413956
L0000.ANS,40.0,-170.0,8.000085600032,2002/01/00,0,6.85,TOTAL,1.2946,0.086978,microSv/hr,ICRP Pub. 103 EFFECTIVE DOSE,0.6427876096865393,0.766044443118978,-0.17364817766693028,-0.984807753012208,-1.062489299996,0.8305585363829056,40.00000_-170.00000,0.7704285818046968,1.1606920886875103,-0.0601299545782088,-0.1339079113124897
L0000.ANS,40.0,-160.0,8.000085600032,2002/01/00,0,6.05,TOTAL,1.3753,0.091827,microSv/hr,ICRP Pub. 103 EFFECTIVE DOSE,0.6427876096865393,0.766044443118978,-0.3420201433256689,-0.9396926207859083,-1.062489299996,0.8651237452989107,40.00000_-160.00000,0.7702066089589685,1.1602125269426535,-0.09491713633994214,-0.21508747305734643
L0000.ANS,40.0,-150.0,8.000085600032,2002/01/00,0,5.46,TOTAL,1.4409,0.095275,microSv/hr,ICRP Pub. 103 EFFECTIVE DOSE,0.6427876096865393,0.766044443118978,-0.49999999999999994,-0.8660254037844387,-1.062489299996,0.8923668237547817,40.00000_-150.00000,0.7703579259759179,1.1605394285904747,-0.12200889777886381,-0.2803605714095254
L0000.ANS,40.0,-140.0,8.000085600032,2002/01/00,0,4.92,TOTAL,1.5022,0.098466,microSv/hr,ICRP Pub. 103 EFFECTIVE DOSE,0.6427876096865393,0.766044443118978,-0.6427876096865395,-0.7660444431189779,-1.062489299996,0.9171703449011626,40.00000_-140.00000,0.7708779351645552,1.1616632211116495,-0.1462924097366074,-0.34053677888835043
L0000.ANS,40.0,-130.0,8.000085600032,2002/01/00,0,4.33,TOTAL,1.5718,0.1018,microSv/hr,ICRP Pub. 103 EFFECTIVE DOSE,0.6427876096865393,0.766044443118978,-0.766044443118978,-0.6427876096865394,-1.062489299996,0.9446060428542016,40.00000_-130.00000,0.7717508363088217,1.1635509631971253,-0.1728552065453799,-0.40824903680287483
L0000.ANS,40.0,-120.0,8.000085600032,2002/01/00,0,3.62,TOTAL,1.6555,0.10552,microSv/hr,ICRP Pub. 103 EFFECTIVE DOSE,0.6427876096865393,0.766044443118978,-0.8660254037844387,-0.4999999999999998,-1.062489299996,0.9766329608803168,40.00000_-120.00000,0.7729501067491573,1.1661472023987427,-0.2036828541311595,-0.48935279760125727
L0000.ANS,40.0,-110.0,8.000085600032,2002/01/00,0,2.98,TOTAL,1.7255,0.10788,microSv/hr,ICRP Pub. 103 EFFECTIVE DOSE,0.6427876096865393,0.766044443118978,-0.9396926207859084,-0.3420201433256687,-1.062489299996,1.0026518975221985,40.00000_-110.00000,0.774439307260093,1.169375433064086,-0.2282125902621055,-0.556124566935914
L0000.ANS,40.0,-100.0,8.000085600032,2002/01/00,0,2.51,TOTAL,1.77,0.10896,microSv/hr,ICRP Pub. 103 EFFECTIVE DOSE,0.6427876096865393,0.766044443118978,-0.984807753012208,-0.1736481776669303,-1.062489299996,1.0188473201992472,40.00000_-100.00000,0.7761731892376762,1.1731401368629544,-0.24267413096157098,-0.5968598631370456
L0000.ANS,40.0,-90.0,8.000085600032,2002/01/00,0,2.21,TOTAL,1.796,0.10952,microSv/hr,ICRP Pub. 103 EFFECTIVE DOSE,0.6427876096865393,0.766044443118978,-1.0,6.123233995736766e-17,-1.062489299996,1.0281898243715637,40.00000_-90.00000,0.7780990695554042,1.1773293773732965,-0.2500907548161595,-0.6186706226267036
L0000.ANS,40.0,-80.0,8.000085600032,2002/01/00,0,2.18,TOTAL,1.7988,0.1096,microSv/hr,ICRP Pub. 103 EFFECTIVE DOSE,0.6427876096865393,0.766044443118978,-0.984807753012208,0.17364817766693041,-1.062489299996,1.0291907538896046,40.00000_-80.00000,0.7801584313143648,1.1818179063959222,-0.24903232257523977,-0.6169820936040777
L0000.ANS,40.0,-70.0,8.000085600032,2002/01/00,0,2.47,TOTAL,1.7733,0.10905,microSv/hr,ICRP Pub. 103 EFFECTIVE DOSE,0.6427876096865393,0.766044443118978,-0.9396926207859083,0.3420201433256688,-1.062489299996,1.0200379468620069,40.00000_-70.00000,0.7822887018496001,1.1864707229145737,-0.2377492450124068,-0.5868292770854264
L0000.ANS,40.0,-60.0,8.000085600032,2002/01/00,0,3.02,TOTAL,1.7205,0.10763,microSv/hr,ICRP Pub. 103 EFFECTIVE DOSE,0.6427876096865393,0.766044443118978,-0.8660254037844386,0.5000000000000001,-1.062489299996,1.000815686943843,40.00000_-60.00000,0.7844251539688658,1.1911470064735037,-0.21639053297497712,-0.5293529935264962
L0000.ANS,40.0,-50.0,8.000085600032,2002/01/00,0,3.94,TOTAL,1.6185,0.10385,microSv/hr,ICRP Pub. 103 EFFECTIVE DOSE,0.6427876096865393,0.766044443118978,-0.766044443118978,0.6427876096865394,-1.062489299996,0.9626016347374053,40.00000_-50.00000,0.7865028726556149,1.1957043263291176,-0.17609876208179043,-0.42279567367088244
L0000.ANS,40.0,-40.0,8.000085600032,2002/01/00,0,4.84,TOTAL,1.5114,0.098948,microSv/hr,ICRP Pub. 103 EFFECTIVE DOSE,0.6427876096865393,0.766044443118978,-0.6427876096865393,0.766044443118978,-1.062489299996,0.9208403665727265,40.00000_-40.00000,0.7884587274789263,1.2000030076542993,-0.13238163909380019,-0.31139699234570073
L0000.ANS,40.0,-30.0,8.000085600032,2002/01/00,0,5.56,TOTAL,1.4284,0.094593,microSv/hr,ICRP Pub. 103 EFFECTIVE DOSE,0.6427876096865393,0.766044443118978,-0.49999999999999994,0.8660254037844387,-1.062489299996,0.8872326042741419,40.00000_-30.00000,0.7902332907797049,1.2039105182903511,-0.09699931349443691,-0.22448948170964877
L0000.ANS,40.0,-20.0,8.000085600032,2002/01/00,0,6.2,TOTAL,1.3596,0.090692,microSv/hr,ICRP Pub. 103 EFFECTIVE DOSE,0.6427876096865393,0.766044443118978,-0.3420201433256687,0.9396926207859084,-1.062489299996,0.8584921131467831,40.00000_-20.00000,0.7917726433500283,1.2073057261519762,-0.0667194697967548,-0.15229427384802374
L0000.ANS,40.0,-10.0,8.000085600032,2002/01/00,0,6.83,TOTAL,1.2964,0.087135,microSv/hr,ICRP Pub. 103 EFFECTIVE DOSE,0.6427876096865393,0.766044443118978,-0.17364817766693033,0.984807753012208,-1.062489299996,0.8313426793113448,40.00000_-10.00000,0.7930300127409975,1.2100828703907471,-0.038312666570347265,-0.08631712960925286
L0000.ANS,40.0,0.0,8.000085600032,2002/01/00,0,7.09,TOTAL,1.2714,0.085386,microSv/hr,ICRP Pub. 103 EFFECTIVE DOSE,0.6427876096865393,0.766044443118978,0.0,1.0,-1.062489299996,0.8203963814754089,40.00000_0.00000,0.7939671944199267,1.2121550904374532,-0.02642918705548225,-0.05924490956254691
L0000.ANS,40.0,10.0,8.000085600032,2002/01/00,0,7.27,TOTAL,1.2548,0.084747,microSv/hr,ICRP Pub. 103 EFFECTIVE DOSE,0.6427876096865393,0.766044443118978,0.17364817766693033,0.984807753012208,-1.062489299996,0.8130612772252829,40.00000_10.00000,0.7945557125957396,1.2134573670850437,-0.018505564629543225,-0.04134263291495621
L0000.ANS,40.0,20.0,8.000085600032,2002/01/00,0,7.27,TOTAL,1.2552,0.084757,microSv/hr,ICRP Pub. 103 EFFECTIVE DOSE,0.6427876096865393,0.766044443118978,0.3420201433256687,0.9396926207859084,-1.062489299996,0.8132386608177657,40.00000_20.00000,0.7947776854414688,1.2139487490504248,-0.018460975376296984,-0.04125125094957527
L0000.ANS,40.0,30.0,8.000085600032,2002/01/00,0,7.23,TOTAL,1.2586,0.084857,microSv/hr,ICRP Pub. 103 EFFECTIVE DOSE,0.6427876096865393,0.766044443118978,0.49999999999999994,0.8660254037844387,-1.062489299996,0.8147451523074328,40.00000_30.00000,0.7946263684245194,1.213613766274976,-0.020118783882913438,-0.04498623372502397
L0000.ANS,40.0,40.0,8.000085600032,2002/01/00,0,7.25,TOTAL,1.257,0.084806,microSv/hr,ICRP Pub. 103 EFFECTIVE DOSE,0.6427876096865393,0.766044443118978,0.6427876096865393,0.766044443118978,-1.062489299996,0.8140364978353986,40.00000_40.00000,0.7941063592358817,1.212462966015705,-0.019930138599516867,-0.04453703398429498
L0000.ANS,40.0,50.0,8.000085600032,2002/01/00,0,7.41,TOTAL,1.2421,0.084477,microSv/hr,ICRP Pub. 103 EFFECTIVE DOSE,0.6427876096865393,0.766044443118978,0.766044443118978,0.6427876096865394,-1.062489299996,0.8074129266882887,40.00000_50.00000,0.7932334580916152,1.2105325472159867,-0.014179468596673517,-0.031567452784013295
L0000.ANS,40.0,60.0,8.000085600032,2002/01/00,0,7.67,TOTAL,1.2199,0.082472,microSv/hr,ICRP Pub. 103 EFFECTIVE DOSE,0.6427876096865393,0.766044443118978,0.8660254037844386,0.5000000000000001,-1.062489299996,0.7974621498245845,40.00000_60.00000,0.7920341876512795,1.2078831098881921,-0.00542796217330499,-0.012016890111807843
L0000.ANS,40.0,70.0,8.000085600032,2002/01/00,0,7.94,TOTAL,1.1968,0.080577,microSv/hr,ICRP Pub. 103 EFFECTIVE DOSE,0.6427876096865393,0.766044443118978,0.9396926207859083,0.3420201433256688,-1.062489299996,0.7870017560315696,40.00000_70.00000,0.7905449871403434,1.2045975762492451,0.003543231108773748,0.007797576249245042
L0000.ANS,40.0,80.0,8.000085600032,2002/01/00,0,8.25,TOTAL,1.1715,0.079415,microSv/hr,ICRP Pub. 103 EFFECTIVE DOSE,0.6427876096865393,0.766044443118978,0.984807753012208,0.17364817766693041,-1.062489299996,0.7754181729927395,40.00000_80.00000,0.7888111051627607,1.200778376221832,0.013392932170021132,0.029278376221832048
L0000.ANS,40.0,90.0,8.000085600032,2002/01/00,0,8.46,TOTAL,1.1544,0.078963,microSv/hr,ICRP Pub. 103 EFFECTIVE DOSE,0.6427876096865393,0.766044443118978,1.0,6.123233995736766e-17,-1.062489299996,0.7675122625152522,40.00000_90.00000,0.7868852248450326,1.1965440192045782,0.019372962329780474,0.04214401920457811
L0000.ANS,40.0,100.0,8.000085600032,2002/01/00,0,8.67,TOTAL,1.1389,0.077171,microSv/hr,ICRP Pub. 103 EFFECTIVE DOSE,0.6427876096865393,0.766044443118978,0.984807753012208,-0.1736481776669303,-1.062489299996,0.7602916781892757,40.00000_100.00000,0.784825863086072,1.1920251949934595,0.024534184896796374,0.05312519499345947
L0000.ANS,40.0,110.0,8.000085600032,2002/01/00,0,8.92,TOTAL,1.1169,0.07525,microSv/hr,ICRP Pub. 103 EFFECTIVE DOSE,0.6427876096865393,0.766044443118978,0.9396926207859084,-0.3420201433256687,-1.062489299996,0.7499527543813974,40.00000_110.00000,0.7826955925508363,1.187360558540897,0.032742838169438904,0.07046055854089706
L0000.ANS,40.0,120.0,8.000085600032,2002/01/00,0,9.2,TOTAL,1.0917,0.07391,microSv/hr,ICRP Pub. 103 EFFECTIVE DOSE,0.6427876096865393,0.766044443118978,0.8660254037844387,-0.4999999999999998,-1.062489299996,0.7379771324777371,40.00000_120.00000,0.780559140431571,1.182692355911345,0.042582007953833934,0.09099235591134502
L0000.ANS,40.0,130.0,8.000085600032,2002/01/00,0,9.48,TOTAL,1.0674,0.072729,microSv/hr,ICRP Pub. 103 EFFECTIVE DOSE,0.6427876096865393,0.766044443118978,0.766044443118978,-0.6427876096865394,-1.062489299996,0.7262917791522473,40.00000_130.00000,0.7784814217448219,1.1781620432034763,0.05218964259257464,0.11076204320347638
L0000.ANS,40.0,140.0,8.000085600032,2002/01/00,0,9.57,TOTAL,1.06,0.071873,microSv/hr,ICRP Pub. 103 EFFECTIVE DOSE,0.6427876096865393,0.766044443118978,0.6427876096865395,-0.7660444431189779,-1.062489299996,0.7227059828014898,40.00000_140.00000,0.7765255669215105,1.1739060378863189,0.05381958412002075,0.11390603788631881
L0000.ANS,40.0,150.0,8.000085600032,2002/01/00,0,9.41,TOTAL,1.0727,0.073386,microSv/hr,ICRP Pub. 103 EFFECTIVE DOSE,0.6427876096865393,0.766044443118978,0.49999999999999994,-0.8660254037844387,-1.062489299996,0.7288521051807219,40.00000_150.00000,0.7747510036207323,1.1700517248848068,0.045898898440010494,0.09735172488480681
L0000.ANS,40.0,160.0,8.000085600032,2002/01/00,0,9.02,TOTAL,1.1078,0.074683,microSv/hr,ICRP Pub. 103 EFFECTIVE DOSE,0.6427876096865393,0.766044443118978,0.3420201433256689,-0.9396926207859083,-1.062489299996,0.7456447495176992,40.00000_160.00000,0.773211651050409,1.166713819949768,0.027566901532709798,0.058913819949768076
L0000.ANS,40.0,170.0,8.000085600032,2002/01/00,0,8.45,TOTAL,1.1548,0.07901,microSv/hr,ICRP Pub. 103 EFFECTIVE DOSE,0.6427876096865393,0.766044443118978,0.17364817766693028,-0.984807753012208,-1.062489299996,0.7676979118242416,40.00000_170.00000,0.7719542816594398,1.1639911723591485,0.0042563698351981705,0.009191172359148458
L0000.ANS,45.0,-179.99999,8.000085600032,2002/01/00,0,5.48,TOTAL,1.4382,0.095107,microSv/hr,ICRP Pub. 103 EFFECTIVE DOSE,0.7071067811865475,0.7071067811865476,-1.745329251238221e-07,-0.9999999999999848,-1.062489299996,0.8912600621489088,45.00000_-179.99999,0.8110685130690221,1.2503111894363237,-0.08019154907988679,-0.18788881056367623
L0000.ANS,45.0,-170.0,8.000085600032,2002/01/00,0,5.03,TOTAL,1.49,0.098016,microSv/hr,ICRP Pub. 103 EFFECTIVE DOSE,0.7071067811865475,0.7071067811865476,-0.17364817766693028,-0.984807753012208,-1.062489299996,0.9122827104766162,45.00000_-170.00000,0.8104799956599456,1.2489872317497874,-0.10180271481667069,-0.24101276825021256
L0000.ANS,45.0,-160.0,8.000085600032,2002/01/00,0,4.59,TOTAL,1.5416,0.10095,microSv/hr,ICRP Pub. 103 EFFECTIVE DOSE,0.7071067811865475,0.7071067811865476,-0.3420201433256689,-0.9396926207859083,-1.062489299996,0.9327938039731694,45.00000_-160.00000,0.8102580228142173,1.248488073055837,-0.12253578115895203,-0.2931119269441631
L0000.ANS,45.0,-150.0,8.000085600032,2002/01/00,0,4.08,TOTAL,1.6013,0.10351,microSv/hr,ICRP Pub. 103 EFFECTIVE DOSE,0.7071067811865475,0.7071067811865476,-0.49999999999999994,-0.8660254037844387,-1.062489299996,0.9560113200690874,45.00000_-150.00000,0.8104093398311667,1.248828333306632,-0.1456019802379207,-0.35247166669336805
L0000.ANS,45.0,-140.0,8.000085600032,2002/01/00,0,3.47,TOTAL,1.6724,0.10592,microSv/hr,ICRP Pub. 103 EFFECTIVE DOSE,0.7071067811865475,0.7071067811865476,-0.6427876096865395,-0.7660444431189779,-1.062489299996,0.9829769450691852,45.00000_-140.00000,0.810929349019804,1.2499980488086653,-0.17204759604938125,-0.42240195119133483
L0000.ANS,45.0,-130.0,8.000085600032,2002/01/00,0,2.89,TOTAL,1.7345,0.10808,microSv/hr,ICRP Pub. 103 EFFECTIVE DOSE,0.7071067811865475,0.7071067811865476,-0.766044443118978,-0.6427876096865394,-1.062489299996,1.0059486038046903,45.00000_-130.00000,0.81180225016407,1.2519629321297534,-0.19414635364062027,-0.4825370678702465
L0000.ANS,45.0,-120.0,8.000085600032,2002/01/00,0,2.38,TOTAL,1.7819,0.10931,microSv/hr,ICRP Pub. 103 EFFECTIVE DOSE,0.7071067811865475,0.7071067811865476,-0.8660254037844387,-0.4999999999999998,-1.062489299996,1.023134147492153,45.00000_-120.00000,0.8130015206044061,1.2546652647969474,-0.2101326268877468,-0.5272347352030526
L0000.ANS,45.0,-110.0,8.000085600032,2002/01/00,0,1.94,TOTAL,1.8162,0.10985,microSv/hr,ICRP Pub. 103 EFFECTIVE DOSE,0.7071067811865475,0.7071067811865476,-0.9396926207859084,-0.3420201433256687,-1.062489299996,1.0353884585010742,45.00000_-110.00000,0.8144907211153418,1.2580254148088406,-0.22089773738573237,-0.5581745851911595
L0000.ANS,45.0,-100.0,8.000085600032,2002/01/00,0,1.6,TOTAL,1.8331,0.11001,microSv/hr,ICRP Pub. 103 EFFECTIVE DOSE,0.7071067811865475,0.7071067811865476,-0.984807753012208,-0.1736481776669303,-1.062489299996,1.041371518495795,45.00000_-100.00000,0.816224603092925,1.26194396054671,-0.22514691540287002,-0.57115603945329
L0000.ANS,45.0,-90.0,8.000085600032,2002/01/00,0,1.46,TOTAL,1.8375,0.11003,microSv/hr,ICRP Pub. 103 EFFECTIVE DOSE,0.7071067811865475,0.7071067811865476,-1.0,6.123233995736766e-17,-1.062489299996,1.042923382807521,45.00000_-90.00000,0.818150483410653,1.2663043913863543,-0.22477289939686806,-0.5711956086136456
L0000.ANS,45.0,-80.0,8.000085600032,2002/01/00,0,1.43,TOTAL,1.8381,0.11003,microSv/hr,ICRP Pub. 103 EFFECTIVE DOSE,0.7071067811865475,0.7071067811865476,-0.984807753012208,0.17364817766693041,-1.062489299996,1.0431348141988224,45.00000_-80.00000,0.8202098451696136,1.270976340950142,-0.22292496902920877,-0.5671236590498581
L0000.ANS,45.0,-70.0,8.000085600032,2002/01/00,0,1.56,TOTAL,1.8344,0.11001,microSv/hr,ICRP Pub. 103 EFFECTIVE DOSE,0.7071067811865475,0.7071067811865476,-0.9396926207859083,0.3420201433256688,-1.062489299996,1.0418302745691252,45.00000_-70.00000,0.8223401157048489,1.2758192915014526,-0.21949015886427636,-0.5585807084985475
L0000.ANS,45.0,-60.0,8.000085600032,2002/01/00,0,1.96,TOTAL,1.8147,0.10984,microSv/hr,ICRP Pub. 103 EFFECTIVE DOSE,0.7071067811865475,0.7071067811865476,-0.8660254037844386,0.5000000000000001,-1.062489299996,1.0348556839764047,45.00000_-60.00000,0.8244765678241146,1.2806866680569264,-0.2103791161522901,-0.5340133319430735
L0000.ANS,45.0,-50.0,8.000085600032,2002/01/00,0,2.58,TOTAL,1.7636,0.10884,microSv/hr,ICRP Pub. 103 EFFECTIVE DOSE,0.7071067811865475,0.7071067811865476,-0.766044443118978,0.6427876096865394,-1.062489299996,1.0165341776325028,45.00000_-50.00000,0.8265542865108637,1.2854302195420901,-0.18997989112163904,-0.4781697804579099
L0000.ANS,45.0,-40.0,8.000085600032,2002/01/00,0,3.15,TOTAL,1.7067,0.10714,microSv/hr,ICRP Pub. 103 EFFECTIVE DOSE,0.7071067811865475,0.7071067811865476,-0.6427876096865393,0.766044443118978,-1.062489299996,0.9957301807005805,45.00000_-40.00000,0.8285101413341751,1.289904563417514,-0.1672200393664054,-0.4167954365824862
L0000.ANS,45.0,-30.0,8.000085600032,2002/01/00,0,3.93,TOTAL,1.6188,0.10386,microSv/hr,ICRP Pub. 103 EFFECTIVE DOSE,0.7071067811865475,0.7071067811865476,-0.49999999999999994,0.8660254037844387,-1.062489299996,0.9627161975847993,45.00000_-30.00000,0.8302847046349537,1.2939717516922415,-0.13243149294984558,-0.32482824830775847
L0000.ANS,45.0,-20.0,8.000085600032,2002/01/00,0,4.42,TOTAL,1.5612,0.10135,microSv/hr,ICRP Pub. 103 EFFECTIVE DOSE,0.7071067811865475,0.7071067811865476,-0.3420201433256687,0.9396926207859084,-1.062489299996,0.94047589866251,45.00000_-20.00000,0.8318240572052771,1.2975057023045982,-0.10865184145723294,-0.26369429769540176
L0000.ANS,45.0,-10.0,8.000085600032,2002/01/00,0,4.75,TOTAL,1.5224,0.099655,microSv/hr,ICRP Pub. 103 EFFECTIVE DOSE,0.7071067811865475,0.7071067811865476,-0.17364817766693033,0.984807753012208,-1.062489299996,0.925210829248714,45.00000_-10.00000,0.8330814265962458,1.3003963325644217,-0.09212940265246816,-0.2220036674355783
L0000.ANS,45.0,0.0,8.000085600032,2002/01/00,0,4.96,TOTAL,1.498,0.098285,microSv/hr,ICRP Pub. 103 EFFECTIVE DOSE,0.7071067811865475,0.7071067811865476,0.0,1.0,-1.062489299996,0.915490411703386,45.00000_0.00000,0.8340186082751755,1.302553232407217,-0.08147180342821048,-0.1954467675927829
L0000.ANS,45.0,10.0,8.000085600032,2002/01/00,0,5.06,TOTAL,1.4858,0.097909,microSv/hr,ICRP Pub. 103 EFFECTIVE DOSE,0.7071067811865475,0.7071067811865476,0.17364817766693033,0.984807753012208,-1.062489299996,0.910594539329274,45.00000_10.00000,0.8346071264509884,1.3039087256623512,-0.07598741287828559,-0.18189127433764885
L0000.ANS,45.0,20.0,8.000085600032,2002/01/00,0,5.14,TOTAL,1.4769,0.09777,microSv/hr,ICRP Pub. 103 EFFECTIVE DOSE,0.7071067811865475,0.7071067811865476,0.3420201433256687,0.9396926207859084,-1.062489299996,0.9070077782752382,45.00000_20.00000,0.8348290992967176,1.3044201876017176,-0.0721786789785206,-0.17247981239828247
L0000.ANS,45.0,30.0,8.000085600032,2002/01/00,0,5.2,TOTAL,1.4705,0.097632,microSv/hr,ICRP Pub. 103 EFFECTIVE DOSE,0.7071067811865475,0.7071067811865476,0.49999999999999994,0.8660254037844387,-1.062489299996,0.9044205593036676,45.00000_30.00000,0.8346777822797677,1.30407151599377,-0.06974277702389986,-0.16642848400623
L0000.ANS,45.0,40.0,8.000085600032,2002/01/00,0,5.2,TOTAL,1.4704,0.09763,microSv/hr,ICRP Pub. 103 EFFECTIVE DOSE,0.7071067811865475,0.7071067811865476,0.6427876096865393,0.766044443118978,-1.062489299996,0.90438008084832,45.00000_40.00000,0.8341577730911305,1.3028736891016628,-0.07022230775718952,-0.16752631089833714
L0000.ANS,45.0,50.0,8.000085600032,2002/01/00,0,5.26,TOTAL,1.4628,0.096946,microSv/hr,ICRP Pub. 103 EFFECTIVE DOSE,0.7071067811865475,0.7071067811865476,0.766044443118978,0.6427876096865394,-1.062489299996,0.901298914054918,45.00000_50.00000,0.833284871946864,1.300864385112804,-0.06801404210805406,-0.1619356148871962
L0000.ANS,45.0,60.0,8.000085600032,2002/01/00,0,5.45,TOTAL,1.4419,0.095337,microSv/hr,ICRP Pub. 103 EFFECTIVE DOSE,0.7071067811865475,0.7071067811865476,0.8660254037844386,0.5000000000000001,-1.062489299996,0.892776424809087,45.00000_60.00000,0.8320856015065283,1.2981066804159025,-0.060690823302558705,-0.14379331958409747
L0000.ANS,45.0,70.0,8.000085600032,2002/01/00,0,5.56,TOTAL,1.4288,0.094611,microSv/hr,ICRP Pub. 103 EFFECTIVE DOSE,0.7071067811865475,0.7071067811865476,0.9396926207859083,0.3420201433256688,-1.062489299996,0.8873973082191737,45.00000_70.00000,0.8305964009955922,1.2946868857852087,-0.056800907223581554,-0.13411311421479133
L0000.ANS,45.0,80.0,8.000085600032,2002/01/00,0,5.67,TOTAL,1.4162,0.094136,microSv/hr,ICRP Pub. 103 EFFECTIVE DOSE,0.7071067811865475,0.7071067811865476,0.984807753012208,0.17364817766693041,-1.062489299996,0.8821960581033264,45.00000_80.00000,0.8288625190180094,1.2907116168692347,-0.053333539085316906,-0.12548838313076516
L0000.ANS,45.0,90.0,8.000085600032,2002/01/00,0,5.78,TOTAL,1.4043,0.093893,microSv/hr,ICRP Pub. 103 EFFECTIVE DOSE,0.7071067811865475,0.7071067811865476,1.0,6.123233995736766e-17,-1.062489299996,0.8772588009003968,45.00000_90.00000,0.8269366387002814,1.286304225868762,-0.05032216220011532,-0.11799577413123807
L0000.ANS,45.0,100.0,8.000085600032,2002/01/00,0,5.93,TOTAL,1.3876,0.092958,microSv/hr,ICRP Pub. 103 EFFECTIVE DOSE,0.7071067811865475,0.7071067811865476,0.984807753012208,-0.1736481776669303,-1.062489299996,0.8702886773123577,45.00000_100.00000,0.8248772769413204,1.2816007431251824,-0.0454114003710373,-0.1059992568748176
L0000.ANS,45.0,110.0,8.000085600032,2002/01/00,0,6.08,TOTAL,1.3718,0.091547,microSv/hr,ICRP Pub. 103 EFFECTIVE DOSE,0.7071067811865475,0.7071067811865476,0.9396926207859084,-0.3420201433256687,-1.062489299996,0.8636491605485577,45.00000_110.00000,0.8227470064060851,1.2767454896267825,-0.04090215414247256,-0.09505451037321744
L0000.ANS,45.0,120.0,8.000085600032,2002/01/00,0,6.27,TOTAL,1.3517,0.090255,microSv/hr,ICRP Pub. 103 EFFECTIVE DOSE,0.7071067811865475,0.7071067811865476,0.8660254037844387,-0.4999999999999998,-1.062489299996,0.8551384708806491,45.00000_120.00000,0.8206105542868198,1.2718865242221093,-0.034527916593829255,-0.07981347577789055
L0000.ANS,45.0,130.0,8.000085600032,2002/01/00,0,6.47,TOTAL,1.3312,0.089548,microSv/hr,ICRP Pub. 103 EFFECTIVE DOSE,0.7071067811865475,0.7071067811865476,0.766044443118978,-0.6427876096865394,-1.062489299996,0.8463831564588034,45.00000_130.00000,0.8185328356000707,1.2671710835125451,-0.027850320858732625,-0.06402891648745479
L0000.ANS,45.0,140.0,8.000085600032,2002/01/00,0,6.59,TOTAL,1.3193,0.089413,microSv/hr,ICRP Pub. 103 EFFECTIVE DOSE,0.7071067811865475,0.7071067811865476,0.6427876096865395,-0.7660444431189779,-1.062489299996,0.8412654160124017,45.00000_140.00000,0.8165769807767593,1.2627411595698141,-0.024688435235642348,-0.056558840430185775
L0000.ANS,45.0,150.0,8.000085600032,2002/01/00,0,6.56,TOTAL,1.3222,0.089438,microSv/hr,ICRP Pub. 103 EFFECTIVE DOSE,0.7071067811865475,0.7071067811865476,0.49999999999999994,-0.8660254037844387,-1.062489299996,0.8425150122107687,45.00000_150.00000,0.8148024174759807,1.258729342813066,-0.027712594734788043,-0.06347065718693412
L0000.ANS,45.0,160.0,8.000085600032,2002/01/00,0,6.31,TOTAL,1.3478,0.09007,microSv/hr,ICRP Pub. 103 EFFECTIVE DOSE,0.7071067811865475,0.7071067811865476,0.3420201433256689,-0.9396926207859083,-1.062489299996,0.8534787194622848,45.00000_160.00000,0.8132630649056574,1.2552550367705715,-0.040215654556627456,-0.09254496322942862
L0000.ANS,45.0,170.0,8.000085600032,2002/01/00,0,5.92,TOTAL,1.3888,0.09308,microSv/hr,ICRP Pub. 103 EFFECTIVE DOSE,0.7071067811865475,0.7071067811865476,0.17364817766693028,-0.984807753012208,-1.062489299996,0.8707911478027889,45.00000_170.00000,0.8120056955146886,1.2524211301256063,-0.05878545228810028,-0.13637886987439374
L0000.ANS,50.0,-179.99999,8.000085600032,2002/01/00,0,4.13,TOTAL,1.5952,0.10327,microSv/hr,ICRP Pub. 103 EFFECTIVE DOSE,0.766044443118978,0.6427876096865394,-1.745329251238221e-07,-0.9999999999999848,-1.062489299996,0.9536635849389568,50.00000_-179.99999,0.8550688616448485,1.351536305657553,-0.09859472329410823,-0.24366369434244706
L0000.ANS,50.0,-170.0,8.000085600032,2002/01/00,0,3.66,TOTAL,1.6509,0.10549,microSv/hr,ICRP Pub. 103 EFFECTIVE DOSE,0.766044443118978,0.6427876096865394,-0.17364817766693028,-0.984807753012208,-1.062489299996,0.9748992049809254,50.00000_-170.00000,0.854480344235772,1.3501527927542445,-0.1204188607451534,-0.30074720724575554
L0000.ANS,50.0,-160.0,8.000085600032,2002/01/00,0,3.18,TOTAL,1.7036,0.10708,microSv/hr,ICRP Pub. 103 EFFECTIVE DOSE,0.766044443118978,0.6427876096865394,-0.3420201433256689,-0.9396926207859083,-1.062489299996,0.9945842182440621,50.00000_-160.00000,0.8542583713900433,1.3496311805449546,-0.14032584685401872,-0.35396881945504544
L0000.ANS,50.0,-150.0,8.000085600032,2002/01/00,0,2.78,TOTAL,1.7452,0.1083,microSv/hr,ICRP Pub. 103 EFFECTIVE DOSE,0.766044443118978,0.6427876096865394,-0.49999999999999994,-0.8660254037844387,-1.062489299996,1.0098539320523425,50.00000_-150.00000,0.8544096884069932,1.349986746627048,-0.15544424364534937,-0.395213253372952
L0000.ANS,50.0,-140.0,8.000085600032,2002/01/00,0,2.29,TOTAL,1.7897,0.10938,microSv/hr,ICRP Pub. 103 EFFECTIVE DOSE,0.766044443118978,0.6427876096865394,-0.6427876096865395,-0.7660444431189779,-1.062489299996,1.0259340631701241,50.00000_-140.00000,0.8549296975956304,1.3512090791129878,-0.17100436557449372,-0.43849092088701225
L0000.ANS,50.0,-130.0,8.000085600032,2002/01/00,0,1.82,TOTAL,1.8232,0.10991,microSv/hr,ICRP Pub. 103 EFFECTIVE DOSE,0.766044443118978,0.6427876096865394,-0.766044443118978,-0.6427876096865394,-1.062489299996,1.0378709933789232,50.00000_-130.00000,0.855802598739897,1.3532623482286605,-0.18206839463902624,-0.4699376517713394
L0000.ANS,50.0,-120.0,8.000085600032,2002/01/00,0,1.44,TOTAL,1.8379,0.11003,microSv/hr,ICRP Pub. 103 EFFECTIVE DOSE,0.766044443118978,0.6427876096865394,-0.8660254037844387,-0.4999999999999998,-1.062489299996,1.0430643420352979,50.00000_-120.00000,0.8570018691802326,1.3560862391672557,-0.18606247285506528,-0.4818137608327444
L0000.ANS,50.0,-110.0,8.000085600032,2002/01/00,0,1.15,TOTAL,1.8412,0.11004,microSv/hr,ICRP Pub. 103 EFFECTIVE DOSE,0.766044443118978,0.6427876096865394,-0.9396926207859084,-0.3420201433256687,-1.062489299996,1.044226498141518,50.00000_-110.00000,0.8584910696911683,1.3595975378634158,-0.18573542845034963,-0.4816024621365842
L0000.ANS,50.0,-100.0,8.000085600032,2002/01/00,0,0.94,TOTAL,1.8425,0.11004,microSv/hr,ICRP Pub. 103 EFFECTIVE DOSE,0.766044443118978,0.6427876096865394,-0.984807753012208,-0.1736481776669303,-1.062489299996,1.0446839466425542,50.00000_-100.00000,0.8602249516687515,1.363692350443665,-0.1844589949738027,-0.4788076495563349
L0000.ANS,50.0,-90.0,8.000085600032,2002/01/00,0,0.83,TOTAL,1.8426,0.11004,microSv/hr,ICRP Pub. 103 EFFECTIVE DOSE,0.766044443118978,0.6427876096865394,-1.0,6.123233995736766e-17,-1.062489299996,1.0447191263227744,50.00000_-90.00000,0.8621508319864795,1.3682489253191163,-0.18256829433629496,-0.47435107468088367
L0000.ANS,50.0,-80.0,8.000085600032,2002/01/00,0,0.83,TOTAL,1.8426,0.11004,microSv/hr,ICRP Pub. 103 EFFECTIVE DOSE,0.766044443118978,0.6427876096865394,-0.984807753012208,0.17364817766693041,-1.062489299996,1.0447191263227744,50.00000_-80.00000,0.8642101937454401,1.3731310318779875,-0.18050893257733436,-0.46946896812201255
L0000.ANS,50.0,-70.0,8.000085600032,2002/01/00,0,0.95,TOTAL,1.8424,0.11004,microSv/hr,ICRP Pub. 103 EFFECTIVE DOSE,0.766044443118978,0.6427876096865394,-0.9396926207859083,0.3420201433256688,-1.062489299996,1.0446487657246804,50.00000_-70.00000,0.8663404642806753,1.3781918315137762,-0.178308301444005,-0.4642081684862238
L0000.ANS,50.0,-60.0,8.000085600032,2002/01/00,0,1.18,TOTAL,1.8411,0.11004,microSv/hr,ICRP Pub. 103 EFFECTIVE DOSE,0.766044443118978,0.6427876096865394,-0.8660254037844386,0.5000000000000001,-1.062489299996,1.0441913011262212,50.00000_-60.00000,0.8684769163999411,1.3832781559018135,-0.1757143847262801,-0.4578218440981865
L0000.ANS,50.0,-50.0,8.000085600032,2002/01/00,0,1.52,TOTAL,1.8356,0.11002,microSv/hr,ICRP Pub. 103 EFFECTIVE DOSE,0.766044443118978,0.6427876096865394,-0.766044443118978,0.6427876096865394,-1.062489299996,1.0422535549987253,50.00000_-50.00000,0.8705546350866902,1.38823508523118,-0.17169891991203512,-0.4473649147688199
L0000.ANS,50.0,-40.0,8.000085600032,2002/01/00,0,1.98,TOTAL,1.813,0.1098,microSv/hr,ICRP Pub. 103 EFFECTIVE DOSE,0.766044443118978,0.6427876096865394,-0.6427876096865393,0.766044443118978,-1.062489299996,1.0342515295077197,50.00000_-40.00000,0.8725104899100016,1.3929106972605059,-0.16174103959771813,-0.4200893027394941
L0000.ANS,50.0,-30.0,8.000085600032,2002/01/00,0,2.43,TOTAL,1.7767,0.10916,microSv/hr,ICRP Pub. 103 EFFECTIVE DOSE,0.766044443118978,0.6427876096865394,-0.49999999999999994,0.8660254037844387,-1.062489299996,1.0212631722405052,50.00000_-30.00000,0.8742850532107802,1.397160838723102,-0.14697811902972502,-0.3795391612768979
L0000.ANS,50.0,-20.0,8.000085600032,2002/01/00,0,2.79,TOTAL,1.7436,0.10825,microSv/hr,ICRP Pub. 103 EFFECTIVE DOSE,0.766044443118978,0.6427876096865394,-0.3420201433256687,0.9396926207859084,-1.062489299996,1.0092709266430293,50.00000_-20.00000,0.8758244057811035,1.4008537560433232,-0.13344652086192577,-0.34274624395667685
L0000.ANS,50.0,-10.0,8.000085600032,2002/01/00,0,3.04,TOTAL,1.7191,0.10756,microSv/hr,ICRP Pub. 103 EFFECTIVE DOSE,0.766044443118978,0.6427876096865394,-0.17364817766693033,0.984807753012208,-1.062489299996,1.0003009432013208,50.00000_-10.00000,0.8770817751720723,1.4038744147122737,-0.12321916802924848,-0.3152255852877264
L0000.ANS,50.0,0.0,8.000085600032,2002/01/00,0,3.33,TOTAL,1.6879,0.10668,microSv/hr,ICRP Pub. 103 EFFECTIVE DOSE,0.766044443118978,0.6427876096865394,0.0,1.0,-1.062489299996,0.988760219587925,50.00000_0.00000,0.878018956851002,1.4061283377749196,-0.11074126273692309,-0.2817716622250803
L0000.ANS,50.0,10.0,8.000085600032,2002/01/00,0,3.47,TOTAL,1.6724,0.10592,microSv/hr,ICRP Pub. 103 EFFECTIVE DOSE,0.766044443118978,0.6427876096865394,0.17364817766693033,0.984807753012208,-1.062489299996,0.9829769450691852,50.00000_10.00000,0.8786074750268149,1.4075448048024513,-0.1043694700423703,-0.26485519519754885
L0000.ANS,50.0,20.0,8.000085600032,2002/01/00,0,3.51,TOTAL,1.6677,0.10577,microSv/hr,ICRP Pub. 103 EFFECTIVE DOSE,0.766044443118978,0.6427876096865394,0.3420201433256687,0.9396926207859084,-1.062489299996,0.9812166779529907,50.00000_20.00000,0.878829447872544,1.4080792736905892,-0.1023872300804467,-0.2596207263094108
L0000.ANS,50.0,30.0,8.000085600032,2002/01/00,0,3.64,TOTAL,1.6532,0.1055,microSv/hr,ICRP Pub. 103 EFFECTIVE DOSE,0.766044443118978,0.6427876096865394,0.49999999999999994,0.8660254037844387,-1.062489299996,0.9757664586692638,50.00000_30.00000,0.8786781308555942,1.4077149178856274,-0.0970883278136696,-0.2454850821143726
L0000.ANS,50.0,40.0,8.000085600032,2002/01/00,0,3.71,TOTAL,1.6445,0.10514,microSv/hr,ICRP Pub. 103 EFFECTIVE DOSE,0.766044443118978,0.6427876096865394,0.6427876096865393,0.766044443118978,-1.062489299996,0.9724820115238976,50.00000_40.00000,0.878158121666957,1.4064632094828495,-0.09432388985694062,-0.23803679051715054
L0000.ANS,50.0,50.0,8.000085600032,2002/01/00,0,3.75,TOTAL,1.6397,0.10483,microSv/hr,ICRP Pub. 103 EFFECTIVE DOSE,0.766044443118978,0.6427876096865394,0.766044443118978,0.6427876096865394,-1.062489299996,0.9706652743374877,50.00000_50.00000,0.8772852205226904,1.4043635215369845,-0.0933800538147973,-0.23533647846301542
L0000.ANS,50.0,60.0,8.000085600032,2002/01/00,0,3.8,TOTAL,1.6342,0.10451,microSv/hr,ICRP Pub. 103 EFFECTIVE DOSE,0.766044443118978,0.6427876096865394,0.8660254037844386,0.5000000000000001,-1.062489299996,0.9685795305828091,50.00000_60.00000,0.8760859500823548,1.40148176778422,-0.09249358050045431,-0.23271823221578014
L0000.ANS,50.0,70.0,8.000085600032,2002/01/00,0,3.9,TOTAL,1.6225,0.10399,microSv/hr,ICRP Pub. 103 EFFECTIVE DOSE,0.766044443118978,0.6427876096865394,0.9396926207859083,0.3420201433256688,-1.062489299996,0.9641280612883152,50.00000_70.00000,0.8745967495714186,1.3979081414921233,-0.08953131171689654,-0.22459185850787677
L0000.ANS,50.0,80.0,8.000085600032,2002/01/00,0,4.0,TOTAL,1.6109,0.10365,microSv/hr,ICRP Pub. 103 EFFECTIVE DOSE,0.766044443118978,0.6427876096865394,0.984807753012208,0.17364817766693041,-1.062489299996,0.9596949894814406,50.00000_80.00000,0.8728628675938359,1.3937540541709796,-0.0868321218876047,-0.21714594582902036
L0000.ANS,50.0,90.0,8.000085600032,2002/01/00,0,4.12,TOTAL,1.5971,0.10343,microSv/hr,ICRP Pub. 103 EFFECTIVE DOSE,0.766044443118978,0.6427876096865394,1.0,6.123233995736766e-17,-1.062489299996,0.9543954379077007,50.00000_90.00000,0.8709369872761079,1.3891484067389746,-0.08345845063159274,-0.2079515932610254
L0000.ANS,50.0,100.0,8.000085600032,2002/01/00,0,4.18,TOTAL,1.5894,0.10283,microSv/hr,ICRP Pub. 103 EFFECTIVE DOSE,0.766044443118978,0.6427876096865394,0.984807753012208,-0.1736481776669303,-1.062489299996,0.9514261886424098,50.00000_100.00000,0.8688776255171469,1.3842333485521416,-0.08254856312526293,-0.20516665144785828
L0000.ANS,50.0,110.0,8.000085600032,2002/01/00,0,4.29,TOTAL,1.5765,0.10204,microSv/hr,ICRP Pub. 103 EFFECTIVE DOSE,0.766044443118978,0.6427876096865394,0.9396926207859084,-0.3420201433256687,-1.062489299996,0.9464318887861419,50.00000_110.00000,0.8667473549819116,1.3791596925492497,-0.07968453380423035,-0.19734030745075026
L0000.ANS,50.0,120.0,8.000085600032,2002/01/00,0,4.46,TOTAL,1.5563,0.1012,microSv/hr,ICRP Pub. 103 EFFECTIVE DOSE,0.766044443118978,0.6427876096865394,0.8660254037844387,-0.4999999999999998,-1.062489299996,0.938560900519883,50.00000_120.00000,0.8646109028626463,1.3740821576684472,-0.07394999765723664,-0.1822178423315528
L0000.ANS,50.0,130.0,8.000085600032,2002/01/00,0,4.65,TOTAL,1.5346,0.10059,microSv/hr,ICRP Pub. 103 EFFECTIVE DOSE,0.766044443118978,0.6427876096865394,0.766044443118978,-0.6427876096865394,-1.062489299996,0.9300358336658268,50.00000_130.00000,0.8625331841758972,1.369154603613804,-0.06750264948992957,-0.16544539638619593
L0000.ANS,50.0,140.0,8.000085600032,2002/01/00,0,4.77,TOTAL,1.5198,0.099478,microSv/hr,ICRP Pub. 103 EFFECTIVE DOSE,0.766044443118978,0.6427876096865394,0.6427876096865395,-0.7660444431189779,-1.062489299996,0.9241795332943923,50.00000_140.00000,0.8605773293525858,1.3645254096465276,-0.06360220394180649,-0.15527459035347246
L0000.ANS,50.0,150.0,8.000085600032,2002/01/00,0,4.71,TOTAL,1.5274,0.10001,microSv/hr,ICRP Pub. 103 EFFECTIVE DOSE,0.766044443118978,0.6427876096865394,0.49999999999999994,-0.8660254037844387,-1.062489299996,0.9271911063424434,50.00000_150.00000,0.8588027660518072,1.3603331304633528,-0.06838834029063623,-0.1670668695366473
L0000.ANS,50.0,160.0,8.000085600032,2002/01/00,0,4.58,TOTAL,1.5418,0.10095,microSv/hr,ICRP Pub. 103 EFFECTIVE DOSE,0.766044443118978,0.6427876096865394,0.3420201433256689,-0.9396926207859083,-1.062489299996,0.9328724914658331,50.00000_160.00000,0.8572634134814838,1.3567025406879285,-0.07560907798434924,-0.18509745931207156
L0000.ANS,50.0,170.0,8.000085600032,2002/01/00,0,4.46,TOTAL,1.5572,0.10122,microSv/hr,ICRP Pub. 103 EFFECTIVE DOSE,0.766044443118978,0.6427876096865394,0.17364817766693028,-0.984807753012208,-1.062489299996,0.9389129099104347,50.00000_170.00000,0.8560060440905151,1.3537411572162719,-0.08290686581991968,-0.20345884278372806
L0000.ANS,55.0,-179.99999,8.000085600032,2002/01/00,0,2.77,TOTAL,1.7458,0.10832,microSv/hr,ICRP Pub. 103 EFFECTIVE DOSE,0.8191520442889918,0.5735764363510462,-1.745329251238221e-07,-0.9999999999999848,-1.062489299996,1.0100724714813674,55.00000_-179.99999,0.9026832757204537,1.466211766924677,-0.10738919576091366,-0.279588233075323
L0000.ANS,55.0,-170.0,8.000085600032,2002/01/00,0,2.38,TOTAL,1.7819,0.10931,microSv/hr,ICRP Pub. 103 EFFECTIVE DOSE,0.8191520442889918,0.5735764363510462,-0.17364817766693028,-0.984807753012208,-1.062489299996,1.023134147492153,55.00000_-170.00000,0.9020947583113772,1.4647607853712041,-0.12103938918077572,-0.3171392146287959
L0000.ANS,55.0,-160.0,8.000085600032,2002/01/00,0,2.07,TOTAL,1.8067,0.10969,microSv/hr,ICRP Pub. 103 EFFECTIVE DOSE,0.8191520442889918,0.5735764363510462,-0.3420201433256689,-0.9396926207859083,-1.062489299996,1.0320094160001614,55.00000_-160.00000,0.9018727854656485,1.4642137361229202,-0.13013663053451285,-0.3424862638770798
L0000.ANS,55.0,-150.0,8.000085600032,2002/01/00,0,1.71,TOTAL,1.8286,0.10997,microSv/hr,ICRP Pub. 103 EFFECTIVE DOSE,0.8191520442889918,0.5735764363510462,-0.49999999999999994,-0.8660254037844387,-1.062489299996,1.0397818896042623,55.00000_-150.00000,0.9020241024825979,1.4645866418073723,-0.13775778712166442,-0.3640133581926277
L0000.ANS,55.0,-140.0,8.000085600032,2002/01/00,0,1.38,TOTAL,1.8392,0.11003,microSv/hr,ICRP Pub. 103 EFFECTIVE DOSE,0.8191520442889918,0.5735764363510462,-0.6427876096865395,-0.7660444431189779,-1.062489299996,1.0435223223501495,55.00000_-140.00000,0.9025441116712356,1.4658685827889633,-0.14097821067891392,-0.3733314172110367
L0000.ANS,55.0,-130.0,8.000085600032,2002/01/00,0,1.05,TOTAL,1.8419,0.11004,microSv/hr,ICRP Pub. 103 EFFECTIVE DOSE,0.8191520442889918,0.5735764363510462,-0.766044443118978,-0.6427876096865394,-1.062489299996,1.0444728425674614,55.00000_-130.00000,0.9034170128155017,1.4680219820120795,-0.14105582975195974,-0.37387801798792064
L0000.ANS,55.0,-120.0,8.000085600032,2002/01/00,0,0.81,TOTAL,1.8427,0.11004,microSv/hr,ICRP Pub. 103 EFFECTIVE DOSE,0.8191520442889918,0.5735764363510462,-0.8660254037844387,-0.4999999999999998,-1.062489299996,1.0447543047654284,55.00000_-120.00000,0.9046162832558378,1.4709835833467144,-0.14013802150959065,-0.3717164166532856
L0000.ANS,55.0,-110.0,8.000085600032,2002/01/00,0,0.62,TOTAL,1.8427,0.11004,microSv/hr,ICRP Pub. 103 EFFECTIVE DOSE,0.8191520442889918,0.5735764363510462,-0.9396926207859084,-0.3420201433256687,-1.062489299996,1.0447543047654284,55.00000_-110.00000,0.9061054837667735,1.4746661146947626,-0.13864882099865494,-0.3680338853052374
L0000.ANS,55.0,-100.0,8.000085600032,2002/01/00,0,0.48,TOTAL,1.8427,0.11004,microSv/hr,ICRP Pub. 103 EFFECTIVE DOSE,0.8191520442889918,0.5735764363510462,-0.984807753012208,-0.1736481776669303,-1.062489299996,1.0447543047654284,55.00000_-100.00000,0.9078393657443566,1.478960615674597,-0.13691493902107177,-0.3637393843254031
L0000.ANS,55.0,-90.0,8.000085600032,2002/01/00,0,0.43,TOTAL,1.8427,0.11004,microSv/hr,ICRP Pub. 103 EFFECTIVE DOSE,0.8191520442889918,0.5735764363510462,-1.0,6.123233995736766e-17,-1.062489299996,1.0447543047654284,55.00000_-90.00000,0.9097652460620842,1.4837393973364714,-0.1349890587033442,-0.3589606026635286
L0000.ANS,55.0,-80.0,8.000085600032,2002/01/00,0,0.42,TOTAL,1.8427,0.11004,microSv/hr,ICRP Pub. 103 EFFECTIVE DOSE,0.8191520442889918,0.5735764363510462,-0.984807753012208,0.17364817766693041,-1.062489299996,1.0447543047654284,55.00000_-80.00000,0.9118246078210452,1.4888595856209996,-0.13292969694438317,-0.3538404143790004
L0000.ANS,55.0,-70.0,8.000085600032,2002/01/00,0,0.49,TOTAL,1.8427,0.11004,microSv/hr,ICRP Pub. 103 EFFECTIVE DOSE,0.8191520442889918,0.5735764363510462,-0.9396926207859083,0.3420201433256688,-1.062489299996,1.0447543047654284,55.00000_-70.00000,0.9139548783562805,1.494167181162605,-0.13079942640914788,-0.34853281883739506
L0000.ANS,55.0,-60.0,8.000085600032,2002/01/00,0,0.63,TOTAL,1.8427,0.11004,microSv/hr,ICRP Pub. 103 EFFECTIVE DOSE,0.8191520442889918,0.5735764363510462,-0.8660254037844386,0.5000000000000001,-1.062489299996,1.0447543047654284,55.00000_-60.00000,0.9160913304755463,1.499501546201322,-0.12866297428988216,-0.3431984537986781
L0000.ANS,55.0,-50.0,8.000085600032,2002/01/00,0,0.85,TOTAL,1.8426,0.11004,microSv/hr,ICRP Pub. 103 EFFECTIVE DOSE,0.8191520442889918,0.5735764363510462,-0.766044443118978,0.6427876096865394,-1.062489299996,1.0447191263227744,55.00000_-50.00000,0.9181690491622954,1.5047002060776271,-0.12655007716047906,-0.3378997939223729
L0000.ANS,55.0,-40.0,8.000085600032,2002/01/00,0,1.08,TOTAL,1.8417,0.11004,microSv/hr,ICRP Pub. 103 EFFECTIVE DOSE,0.8191520442889918,0.5735764363510462,-0.6427876096865393,0.766044443118978,-1.062489299996,1.044402464637951,55.00000_-40.00000,0.9201249039856068,1.5096038298815873,-0.1242775606523443,-0.33209617011841264
L0000.ANS,55.0,-30.0,8.000085600032,2002/01/00,0,1.38,TOTAL,1.8392,0.11003,microSv/hr,ICRP Pub. 103 EFFECTIVE DOSE,0.8191520442889918,0.5735764363510462,-0.49999999999999994,0.8660254037844387,-1.062489299996,1.0435223223501495,55.00000_-30.00000,0.9218994672863849,1.5140612345412252,-0.12162285506376458,-0.32513876545877474
L0000.ANS,55.0,-20.0,8.000085600032,2002/01/00,0,1.65,TOTAL,1.8312,0.10999,microSv/hr,ICRP Pub. 103 EFFECTIVE DOSE,0.8191520442889918,0.5735764363510462,-0.3420201433256687,0.9396926207859084,-1.062489299996,1.0407006500491165,55.00000_-20.00000,0.9234388198567087,1.5179342413612775,-0.11726183019240777,-0.3132657586387224
L0000.ANS,55.0,-10.0,8.000085600032,2002/01/00,0,1.87,TOTAL,1.8199,0.10987,microSv/hr,ICRP Pub. 103 EFFECTIVE DOSE,0.8191520442889918,0.5735764363510462,-0.17364817766693033,0.984807753012208,-1.062489299996,1.0367014233283585,55.00000_-10.00000,0.9246961892476775,1.521102206038372,-0.11200523408068097,-0.298797793961628
L0000.ANS,55.0,0.0,8.000085600032,2002/01/00,0,2.06,TOTAL,1.8078,0.1097,microSv/hr,ICRP Pub. 103 EFFECTIVE DOSE,0.8191520442889918,0.5735764363510462,0.0,1.0,-1.062489299996,1.0324012585557139,55.00000_0.00000,0.9256333709266071,1.523466044336538,-0.10676788762910672,-0.2843339556634621
L0000.ANS,55.0,10.0,8.000085600032,2002/01/00,0,2.19,TOTAL,1.7978,0.10957,microSv/hr,ICRP Pub. 103 EFFECTIVE DOSE,0.8191520442889918,0.5735764363510462,0.17364817766693033,0.984807753012208,-1.062489299996,1.028833394060193,55.00000_10.00000,0.9262218891024201,1.524951587061247,-0.10261150495777294,-0.27284841293875317
L0000.ANS,55.0,20.0,8.000085600032,2002/01/00,0,2.24,TOTAL,1.794,0.10947,microSv/hr,ICRP Pub. 103 EFFECTIVE DOSE,0.8191520442889918,0.5735764363510462,0.3420201433256687,0.9396926207859084,-1.062489299996,1.02747426083477,55.00000_20.00000,0.9264438619481488,1.5255121199595938,-0.10103039888662124,-0.26848788004040625
L0000.ANS,55.0,30.0,8.000085600032,2002/01/00,0,2.32,TOTAL,1.7867,0.10934,microSv/hr,ICRP Pub. 103 EFFECTIVE DOSE,0.8191520442889918,0.5735764363510462,0.49999999999999994,0.8660254037844387,-1.062489299996,1.0248581000794479,55.00000_30.00000,0.9262925449311994,1.525129995910997,-0.0985655551482485,-0.261570004089003
L0000.ANS,55.0,40.0,8.000085600032,2002/01/00,0,2.34,TOTAL,1.7848,0.10933,microSv/hr,ICRP Pub. 103 EFFECTIVE DOSE,0.8191520442889918,0.5735764363510462,0.6427876096865393,0.766044443118978,-1.062489299996,1.024176057515092,55.00000_40.00000,0.9257725357425617,1.5238172464610882,-0.09840352177253031,-0.26098275353891176
L0000.ANS,55.0,50.0,8.000085600032,2002/01/00,0,2.4,TOTAL,1.7801,0.10929,microSv/hr,ICRP Pub. 103 EFFECTIVE DOSE,0.8191520442889918,0.5735764363510462,0.766044443118978,0.6427876096865394,-1.062489299996,1.0224868982786184,55.00000_50.00000,0.9248996345982956,1.5216151647383858,-0.09758726368032278,-0.25848483526161425
L0000.ANS,55.0,60.0,8.000085600032,2002/01/00,0,2.43,TOTAL,1.7775,0.10919,microSv/hr,ICRP Pub. 103 EFFECTIVE DOSE,0.8191520442889918,0.5735764363510462,0.8660254037844386,0.5000000000000001,-1.062489299996,1.021551242531648,55.00000_60.00000,0.92370036415796,1.5185928788407161,-0.097850878373688,-0.25890712115928394
L0000.ANS,55.0,70.0,8.000085600032,2002/01/00,0,2.5,TOTAL,1.771,0.10898,microSv/hr,ICRP Pub. 103 EFFECTIVE DOSE,0.8191520442889918,0.5735764363510462,0.9396926207859083,0.3420201433256688,-1.062489299996,1.0192082658808412,55.00000_70.00000,0.9222111636470238,1.5148449804174784,-0.09699710223381741,-0.2561550195825215
L0000.ANS,55.0,80.0,8.000085600032,2002/01/00,0,2.54,TOTAL,1.7672,0.1089,microSv/hr,ICRP Pub. 103 EFFECTIVE DOSE,0.8191520442889918,0.5735764363510462,0.984807753012208,0.17364817766693041,-1.062489299996,1.017835978640822,55.00000_80.00000,0.9204772816694411,1.5104883140935994,-0.09735869697138089,-0.2567116859064007
L0000.ANS,55.0,90.0,8.000085600032,2002/01/00,0,2.62,TOTAL,1.7598,0.1088,microSv/hr,ICRP Pub. 103 EFFECTIVE DOSE,0.8191520442889918,0.5735764363510462,1.0,6.123233995736766e-17,-1.062489299996,1.015158213335317,55.00000_90.00000,0.9185514013517131,1.5056580667936577,-0.09660681198360388,-0.2541419332063424
L0000.ANS,55.0,100.0,8.000085600032,2002/01/00,0,2.71,TOTAL,1.7517,0.10854,microSv/hr,ICRP Pub. 103 EFFECTIVE DOSE,0.8191520442889918,0.5735764363510462,0.984807753012208,-0.1736481776669303,-1.062489299996,1.012218902500991,55.00000_100.00000,0.916492039592752,1.5005033199558886,-0.09572686290823884,-0.25119668004411144
L0000.ANS,55.0,110.0,8.000085600032,2002/01/00,0,2.78,TOTAL,1.745,0.1083,microSv/hr,ICRP Pub. 103 EFFECTIVE DOSE,0.8191520442889918,0.5735764363510462,0.9396926207859084,-0.3420201433256687,-1.062489299996,1.009781074961494,55.00000_110.00000,0.9143617690575168,1.495182241091167,-0.09541930590397718,-0.24981775890883307
L0000.ANS,55.0,120.0,8.000085600032,2002/01/00,0,2.87,TOTAL,1.736,0.1081,microSv/hr,ICRP Pub. 103 EFFECTIVE DOSE,0.8191520442889918,0.5735764363510462,0.8660254037844387,-0.4999999999999998,-1.062489299996,1.0064969997603042,55.00000_120.00000,0.912225316938251,1.489857094190445,-0.09427168282205312,-0.246142905809555
L0000.ANS,55.0,130.0,8.000085600032,2002/01/00,0,3.02,TOTAL,1.7209,0.10765,microSv/hr,ICRP Pub. 103 EFFECTIVE DOSE,0.8191520442889918,0.5735764363510462,0.766044443118978,-0.6427876096865394,-1.062489299996,1.000962707931354,55.00000_130.00000,0.9101475982515024,1.4846892421090296,-0.09081510967985151,-0.23621075789097046
L0000.ANS,55.0,140.0,8.000085600032,2002/01/00,0,3.15,TOTAL,1.707,0.10715,microSv/hr,ICRP Pub. 103 EFFECTIVE DOSE,0.8191520442889918,0.5735764363510462,0.6427876096865395,-0.7660444431189779,-1.062489299996,0.9958410106321642,55.00000_140.00000,0.9081917434281905,1.4798342999990526,-0.0876492672039737,-0.2271657000009475
L0000.ANS,55.0,150.0,8.000085600032,2002/01/00,0,3.11,TOTAL,1.7115,0.10728,microSv/hr,ICRP Pub. 103 EFFECTIVE DOSE,0.8191520442889918,0.5735764363510462,0.49999999999999994,-0.8660254037844387,-1.062489299996,0.9975019872989783,55.00000_150.00000,0.9064171801274123,1.4754375793416248,-0.09108480717156597,-0.23606242065837524
L0000.ANS,55.0,160.0,8.000085600032,2002/01/00,0,3.07,TOTAL,1.7158,0.10743,microSv/hr,ICRP Pub. 103 EFFECTIVE DOSE,0.8191520442889918,0.5735764363510462,0.3420201433256689,-0.9396926207859083,-1.062489299996,0.9990865692825572,55.00000_160.00000,0.904877827557089,1.4716299395431296,-0.09420874172546823,-0.2441700604568704
L0000.ANS,55.0,170.0,8.000085600032,2002/01/00,0,2.95,TOTAL,1.7286,0.10805,microSv/hr,ICRP Pub. 103 EFFECTIVE DOSE,0.8191520442889918,0.5735764363510462,0.17364817766693028,-0.984807753012208,-1.062489299996,1.0037886571466368,55.00000_170.00000,0.9036204581661202,1.4685241406887362,-0.10016819898051654,-0.26007585931126376
L0000.ANS,60.0,-179.99999,8.000085600032,2002/01/00,0,1.62,TOTAL,1.8326,0.11001,microSv/hr,ICRP Pub. 103 EFFECTIVE DOSE,0.8660254037844386,0.5000000000000001,-1.745329251238221e-07,-0.9999999999999848,-1.062489299996,1.041195017798159,60.00000_-179.99999,0.9535493808543529,1.5949036344830345,-0.08764563694380612,-0.2376963655169655
L0000.ANS,60.0,-170.0,8.000085600032,2002/01/00,0,1.45,TOTAL,1.8376,0.11003,microSv/hr,ICRP Pub. 103 EFFECTIVE DOSE,0.8660254037844386,0.5000000000000001,-0.17364817766693028,-0.984807753012208,-1.062489299996,1.042958624477275,60.00000_-170.00000,0.9529608634452766,1.5933769378071168,-0.08999776103199841,-0.24422306219288314
L0000.ANS,60.0,-160.0,8.000085600032,2002/01/00,0,1.21,TOTAL,1.841,0.11004,microSv/hr,ICRP Pub. 103 EFFECTIVE DOSE,0.8660254037844386,0.5000000000000001,-0.3420201433256689,-0.9396926207859083,-1.062489299996,1.044156102872051,60.00000_-160.00000,0.952738890599548,1.5928013424338194,-0.09141721227250299,-0.24819865756618054
L0000.ANS,60.0,-150.0,8.000085600032,2002/01/00,0,0.99,TOTAL,1.8422,0.11004,microSv/hr,ICRP Pub. 103 EFFECTIVE DOSE,0.8660254037844386,0.5000000000000001,-0.49999999999999994,-0.8660254037844387,-1.062489299996,1.0445784001756242,60.00000_-150.00000,0.9528902076164973,1.5931937070834743,-0.09168819255912686,-0.24900629291652576
L0000.ANS,60.0,-140.0,8.000085600032,2002/01/00,0,0.75,TOTAL,1.8427,0.11004,microSv/hr,ICRP Pub. 103 EFFECTIVE DOSE,0.8660254037844386,0.5000000000000001,-0.6427876096865395,-0.7660444431189779,-1.062489299996,1.0447543047654284,60.00000_-140.00000,0.9534102168051348,1.5945425423120363,-0.09134408796029359,-0.2481574576879637
L0000.ANS,60.0,-130.0,8.000085600032,2002/01/00,0,0.55,TOTAL,1.8427,0.11004,microSv/hr,ICRP Pub. 103 EFFECTIVE DOSE,0.8660254037844386,0.5000000000000001,-0.766044443118978,-0.6427876096865394,-1.062489299996,1.0447543047654284,60.00000_-130.00000,0.9542831179494011,1.5968083102178987,-0.09047118681602728,-0.2458916897821013
L0000.ANS,60.0,-120.0,8.000085600032,2002/01/00,0,0.39,TOTAL,1.8427,0.11004,microSv/hr,ICRP Pub. 103 EFFECTIVE DOSE,0.8660254037844386,0.5000000000000001,-0.8660254037844387,-0.4999999999999998,-1.062489299996,1.0447543047654284,60.00000_-120.00000,0.955482388389737,1.5999244538395456,-0.08927191637569143,-0.24277554616045438
L0000.ANS,60.0,-110.0,8.000085600032,2002/01/00,0,0.28,TOTAL,1.8427,0.11004,microSv/hr,ICRP Pub. 103 EFFECTIVE DOSE,0.8660254037844386,0.5000000000000001,-0.9396926207859084,-0.3420201433256687,-1.062489299996,1.0447543047654284,60.00000_-110.00000,0.9569715889006729,1.6037991470460682,-0.0877827158647555,-0.23890085295393182
L0000.ANS,60.0,-100.0,8.000085600032,2002/01/00,0,0.2,TOTAL,1.8427,0.11004,microSv/hr,ICRP Pub. 103 EFFECTIVE DOSE,0.8660254037844386,0.5000000000000001,-0.984807753012208,-0.1736481776669303,-1.062489299996,1.0447543047654284,60.00000_-100.00000,0.9587054708782559,1.6083177436849765,-0.08604883388717255,-0.23438225631502352
L0000.ANS,60.0,-90.0,8.000085600032,2002/01/00,0,0.19,TOTAL,1.8427,0.11004,microSv/hr,ICRP Pub. 103 EFFECTIVE DOSE,0.8660254037844386,0.5000000000000001,-1.0,6.123233995736766e-17,-1.062489299996,1.0447543047654284,60.00000_-90.00000,0.9606313511959836,1.613345891741485,-0.08412295356944477,-0.2293541082585151
L0000.ANS,60.0,-80.0,8.000085600032,2002/01/00,0,0.18,TOTAL,1.8427,0.11004,microSv/hr,ICRP Pub. 103 EFFECTIVE DOSE,0.8660254037844386,0.5000000000000001,-0.984807753012208,0.17364817766693041,-1.062489299996,1.0447543047654284,60.00000_-80.00000,0.9626907129549445,1.6187332617017403,-0.08206359181048395,-0.22396673829825975
L0000.ANS,60.0,-70.0,8.000085600032,2002/01/00,0,0.23,TOTAL,1.8427,0.11004,microSv/hr,ICRP Pub. 103 EFFECTIVE DOSE,0.8660254037844386,0.5000000000000001,-0.9396926207859083,0.3420201433256688,-1.062489299996,1.0447543047654284,60.00000_-70.00000,0.96482098349018,1.624317818204953,-0.07993332127524844,-0.2183821817950471
L0000.ANS,60.0,-60.0,8.000085600032,2002/01/00,0,0.3,TOTAL,1.8427,0.11004,microSv/hr,ICRP Pub. 103 EFFECTIVE DOSE,0.8660254037844386,0.5000000000000001,-0.8660254037844386,0.5000000000000001,-1.062489299996,1.0447543047654284,60.00000_-60.00000,0.9669574356094455,1.6299305410912301,-0.07779686915598294,-0.21276945890876986
L0000.ANS,60.0,-50.0,8.000085600032,2002/01/00,0,0.41,TOTAL,1.8427,0.11004,microSv/hr,ICRP Pub. 103 EFFECTIVE DOSE,0.8660254037844386,0.5000000000000001,-0.766044443118978,0.6427876096865394,-1.062489299996,1.0447543047654284,60.00000_-50.00000,0.9690351542961944,1.6354004774480284,-0.07571915046923405,-0.2072995225519716
L0000.ANS,60.0,-40.0,8.000085600032,2002/01/00,0,0.56,TOTAL,1.8427,0.11004,microSv/hr,ICRP Pub. 103 EFFECTIVE DOSE,0.8660254037844386,0.5000000000000001,-0.6427876096865393,0.766044443118978,-1.062489299996,1.0447543047654284,60.00000_-40.00000,0.970991009119506,1.6405599821595405,-0.07376329564592243,-0.20214001784045954
L0000.ANS,60.0,-30.0,8.000085600032,2002/01/00,0,0.73,TOTAL,1.8427,0.11004,microSv/hr,ICRP Pub. 103 EFFECTIVE DOSE,0.8660254037844386,0.5000000000000001,-0.49999999999999994,0.8660254037844387,-1.062489299996,1.0447543047654284,60.00000_-30.00000,0.9727655724202844,1.6452499831184122,-0.07198873234514402,-0.1974500168815878
L0000.ANS,60.0,-20.0,8.000085600032,2002/01/00,0,0.87,TOTAL,1.8426,0.11004,microSv/hr,ICRP Pub. 103 EFFECTIVE DOSE,0.8660254037844386,0.5000000000000001,-0.3420201433256687,0.9396926207859084,-1.062489299996,1.0447191263227744,60.00000_-20.00000,0.9743049249906077,1.6493250911884143,-0.07041420133216669,-0.1932749088115857
L0000.ANS,60.0,-10.0,8.000085600032,2002/01/00,0,1.04,TOTAL,1.842,0.11004,microSv/hr,ICRP Pub. 103 EFFECTIVE DOSE,0.8660254037844386,0.5000000000000001,-0.17364817766693033,0.984807753012208,-1.062489299996,1.044508029674909,60.00000_-10.00000,0.9755622943815767,1.652658366604888,-0.06894573529333226,-0.18934163339511212
L0000.ANS,60.0,0.0,8.000085600032,2002/01/00,0,1.16,TOTAL,1.8412,0.11004,microSv/hr,ICRP Pub. 103 EFFECTIVE DOSE,0.8660254037844386,0.5000000000000001,0.0,1.0,-1.062489299996,1.044226498141518,60.00000_0.00000,0.9764994760605066,1.6551455547180525,-0.06772702208101133,-0.18605444528194748
L0000.ANS,60.0,10.0,8.000085600032,2002/01/00,0,1.26,TOTAL,1.8407,0.11004,microSv/hr,ICRP Pub. 103 EFFECTIVE DOSE,0.8660254037844386,0.5000000000000001,0.17364817766693033,0.984807753012208,-1.062489299996,1.044050500675427,60.00000_10.00000,0.9770879942363195,1.6567086160363167,-0.0669625064391075,-0.1839913839636833
L0000.ANS,60.0,20.0,8.000085600032,2002/01/00,0,1.37,TOTAL,1.8395,0.11003,microSv/hr,ICRP Pub. 103 EFFECTIVE DOSE,0.8660254037844386,0.5000000000000001,0.3420201433256687,0.9396926207859084,-1.062489299996,1.04362798033535,60.00000_20.00000,0.9773099670820482,1.6572983986635326,-0.06631801325330189,-0.18220160133646734
L0000.ANS,60.0,30.0,8.000085600032,2002/01/00,0,1.42,TOTAL,1.8383,0.11003,microSv/hr,ICRP Pub. 103 EFFECTIVE DOSE,0.8660254037844386,0.5000000000000001,0.49999999999999994,0.8660254037844387,-1.062489299996,1.0432052813963713,60.00000_30.00000,0.9771586500650986,1.6568963346170351,-0.06604663133127264,-0.18140366538296493
L0000.ANS,60.0,40.0,8.000085600032,2002/01/00,0,1.42,TOTAL,1.8382,0.11003,microSv/hr,ICRP Pub. 103 EFFECTIVE DOSE,0.8660254037844386,0.5000000000000001,0.6427876096865393,0.766044443118978,-1.062489299996,1.0431700484183,60.00000_40.00000,0.9766386408764611,1.6555150832725976,-0.06653140754183884,-0.1826849167274025
L0000.ANS,60.0,50.0,8.000085600032,2002/01/00,0,1.44,TOTAL,1.8378,0.11003,microSv/hr,ICRP Pub. 103 EFFECTIVE DOSE,0.8660254037844386,0.5000000000000001,0.766044443118978,0.6427876096865394,-1.062489299996,1.043029104091076,60.00000_50.00000,0.9757657397321948,1.6531980925168541,-0.06726336435888114,-0.18460190748314598
L0000.ANS,60.0,60.0,8.000085600032,2002/01/00,0,1.5,TOTAL,1.8364,0.11002,microSv/hr,ICRP Pub. 103 EFFECTIVE DOSE,0.8660254037844386,0.5000000000000001,0.8660254037844386,0.5000000000000001,-1.062489299996,1.0425356424477046,60.00000_60.00000,0.974566469291859,1.6500180976901766,-0.06796917315584561,-0.18638190230982343
L0000.ANS,60.0,70.0,8.000085600032,2002/01/00,0,1.53,TOTAL,1.8353,0.11002,microSv/hr,ICRP Pub. 103 EFFECTIVE DOSE,0.8660254037844386,0.5000000000000001,0.9396926207859083,0.3420201433256688,-1.062489299996,1.042147751686983,60.00000_70.00000,0.973077268780923,1.646074626423612,-0.06907048290606,-0.18922537357638802
L0000.ANS,60.0,80.0,8.000085600032,2002/01/00,0,1.54,TOTAL,1.8352,0.11001,microSv/hr,ICRP Pub. 103 EFFECTIVE DOSE,0.8660254037844386,0.5000000000000001,0.984807753012208,0.17364817766693041,-1.062489299996,1.0421124814286247,60.00000_80.00000,0.9713433868033401,1.6414906205285456,-0.07076909462528458,-0.1937093794714544
L0000.ANS,60.0,90.0,8.000085600032,2002/01/00,0,1.58,TOTAL,1.8337,0.11001,microSv/hr,ICRP Pub. 103 EFFECTIVE DOSE,0.8660254037844386,0.5000000000000001,1.0,6.123233995736766e-17,-1.062489299996,1.0415832782198868,60.00000_90.00000,0.9694175064856123,1.6364083212539382,-0.07216577173427452,-0.1972916787460619
L0000.ANS,60.0,100.0,8.000085600032,2002/01/00,0,1.64,TOTAL,1.8316,0.10999,microSv/hr,ICRP Pub. 103 EFFECTIVE DOSE,0.8660254037844386,0.5000000000000001,0.984807753012208,-0.1736481776669303,-1.062489299996,1.0408419229178971,60.00000_100.00000,0.9673581447266515,1.6309845894059452,-0.07348377819124563,-0.20061541059405474
L0000.ANS,60.0,110.0,8.000085600032,2002/01/00,0,1.7,TOTAL,1.8288,0.10997,microSv/hr,ICRP Pub. 103 EFFECTIVE DOSE,0.8660254037844386,0.5000000000000001,0.9396926207859084,-0.3420201433256687,-1.062489299996,1.0398525934611873,60.00000_110.00000,0.965227874191416,1.625385845992821,-0.07462471926977132,-0.203414154007179
L0000.ANS,60.0,120.0,8.000085600032,2002/01/00,0,1.76,TOTAL,1.8263,0.10996,microSv/hr,ICRP Pub. 103 EFFECTIVE DOSE,0.8660254037844386,0.5000000000000001,0.8660254037844387,-0.4999999999999998,-1.062489299996,1.0389684357405948,60.00000_120.00000,0.9630914220721505,1.6197828222654345,-0.07587701366844435,-0.20651717773456557
L0000.ANS,60.0,130.0,8.000085600032,2002/01/00,0,1.82,TOTAL,1.8232,0.10991,microSv/hr,ICRP Pub. 103 EFFECTIVE DOSE,0.8660254037844386,0.5000000000000001,0.766044443118978,-0.6427876096865394,-1.062489299996,1.0378709933789232,60.00000_130.00000,0.9610137033854016,1.6143453013159426,-0.0768572899935216,-0.20885469868405737
L0000.ANS,60.0,140.0,8.000085600032,2002/01/00,0,1.95,TOTAL,1.8154,0.10985,microSv/hr,ICRP Pub. 103 EFFECTIVE DOSE,0.8660254037844386,0.5000000000000001,0.6427876096865395,-0.7660444431189779,-1.062489299996,1.0351043474117279,60.00000_140.00000,0.95905784856209,1.6092370186066711,-0.07604649884963788,-0.20616298139332878
L0000.ANS,60.0,150.0,8.000085600032,2002/01/00,0,1.99,TOTAL,1.813,0.1098,microSv/hr,ICRP Pub. 103 EFFECTIVE DOSE,0.8660254037844386,0.5000000000000001,0.49999999999999994,-0.8660254037844387,-1.062489299996,1.0342515295077197,60.00000_150.00000,0.9572832852613116,1.6046108682627391,-0.07696824424640814,-0.2083891317372608
L0000.ANS,60.0,160.0,8.000085600032,2002/01/00,0,1.92,TOTAL,1.8173,0.10985,microSv/hr,ICRP Pub. 103 EFFECTIVE DOSE,0.8660254037844386,0.5000000000000001,0.3420201433256689,-0.9396926207859083,-1.062489299996,1.0357789794965404,60.00000_160.00000,0.9557439326909882,1.6006045381963483,-0.08003504680555218,-0.21669546180365162
L0000.ANS,60.0,170.0,8.000085600032,2002/01/00,0,1.8,TOTAL,1.8245,0.10994,microSv/hr,ICRP Pub. 103 EFFECTIVE DOSE,0.8660254037844386,0.5000000000000001,0.17364817766693028,-0.984807753012208,-1.062489299996,1.0383313577831799,60.00000_170.00000,0.9544865633000192,1.5973366725396656,-0.08384479448316062,-0.2271633274603344
L0000.ANS,65.0,-179.99999,8.000085600032,2002/01/00,0,0.88,TOTAL,1.8426,0.11004,microSv/hr,ICRP Pub. 103 EFFECTIVE DOSE,0.9063077870366499,0.42261826174069944,-1.745329251238221e-07,-0.9999999999999848,-1.062489299996,1.0447191263227744,65.00000_-179.99999,1.0072800552726833,1.7381432789255409,-0.037439071050091144,-0.10445672107445914
L0000.ANS,65.0,-170.0,8.000085600032,2002/01/00,0,0.74,TOTAL,1.8427,0.11004,microSv/hr,ICRP Pub. 103 EFFECTIVE DOSE,0.9063077870366499,0.42261826174069944,-0.17364817766693028,-0.984807753012208,-1.062489299996,1.0447543047654284,65.00000_-170.00000,1.006691537863607,1.736532308026055,-0.03806276690182142,-0.10616769197394493
L0000.ANS,65.0,-160.0,8.000085600032,2002/01/00,0,0.63,TOTAL,1.8427,0.11004,microSv/hr,ICRP Pub. 103 EFFECTIVE DOSE,0.9063077870366499,0.42261826174069944,-0.3420201433256689,-0.9396926207859083,-1.062489299996,1.0447543047654284,65.00000_-160.00000,1.0064695650178783,1.7359249395743597,-0.03828473974755009,-0.10677506042564033
L0000.ANS,65.0,-150.0,8.000085600032,2002/01/00,0,0.49,TOTAL,1.8427,0.11004,microSv/hr,ICRP Pub. 103 EFFECTIVE DOSE,0.9063077870366499,0.42261826174069944,-0.49999999999999994,-0.8660254037844387,-1.062489299996,1.0447543047654284,65.00000_-150.00000,1.0066208820348277,1.7363389628984107,-0.03813342273060072,-0.10636103710158928
L0000.ANS,65.0,-140.0,8.000085600032,2002/01/00,0,0.36,TOTAL,1.8427,0.11004,microSv/hr,ICRP Pub. 103 EFFECTIVE DOSE,0.9063077870366499,0.42261826174069944,-0.6427876096865395,-0.7660444431189779,-1.062489299996,1.0447543047654284,65.00000_-140.00000,1.0071408912234652,1.737762254332584,-0.037613413541963236,-0.1049377456674161
L0000.ANS,65.0,-130.0,8.000085600032,2002/01/00,0,0.24,TOTAL,1.8427,0.11004,microSv/hr,ICRP Pub. 103 EFFECTIVE DOSE,0.9063077870366499,0.42261826174069944,-0.766044443118978,-0.6427876096865394,-1.062489299996,1.0447543047654284,65.00000_-130.00000,1.0080137923677315,1.740153093468419,-0.036740512397696934,-0.10254690653158094
L0000.ANS,65.0,-120.0,8.000085600032,2002/01/00,0,0.16,TOTAL,1.8427,0.11004,microSv/hr,ICRP Pub. 103 EFFECTIVE DOSE,0.9063077870366499,0.42261826174069944,-0.8660254037844387,-0.4999999999999998,-1.062489299996,1.0447543047654284,65.00000_-120.00000,1.0092130628080673,1.7434412493754028,-0.03554124195736108,-0.09925875062459721
L0000.ANS,65.0,-110.0,8.000085600032,2002/01/00,0,0.08,TOTAL,1.8427,0.11004,microSv/hr,ICRP Pub. 103 EFFECTIVE DOSE,0.9063077870366499,0.42261826174069944,-0.9396926207859084,-0.3420201433256687,-1.062489299996,1.0447543047654284,65.00000_-110.00000,1.0107022633190033,1.7475298270860937,-0.03405204144642515,-0.09517017291390628
L0000.ANS,65.0,-100.0,8.000085600032,2002/01/00,0,0.04,TOTAL,1.8427,0.11004,microSv/hr,ICRP Pub. 103 EFFECTIVE DOSE,0.9063077870366499,0.42261826174069944,-0.984807753012208,-0.1736481776669303,-1.062489299996,1.0447543047654284,65.00000_-100.00000,1.0124361452965862,1.7522978519378016,-0.0323181594688422,-0.09040214806219837
L0000.ANS,65.0,-90.0,8.000085600032,2002/01/00,0,0.04,TOTAL,1.8427,0.11004,microSv/hr,ICRP Pub. 103 EFFECTIVE DOSE,0.9063077870366499,0.42261826174069944,-1.0,6.123233995736766e-17,-1.062489299996,1.0447543047654284,65.00000_-90.00000,1.014362025614314,1.7576035556346226,-0.03039227915111442,-0.08509644436537744
L0000.ANS,65.0,-80.0,8.000085600032,2002/01/00,0,0.03,TOTAL,1.8427,0.11004,microSv/hr,ICRP Pub. 103 EFFECTIVE DOSE,0.9063077870366499,0.42261826174069944,-0.984807753012208,0.17364817766693041,-1.062489299996,1.0447543047654284,65.00000_-80.00000,1.0164213873732748,1.7632883104177024,-0.0283329173921536,-0.0794116895822976
L0000.ANS,65.0,-70.0,8.000085600032,2002/01/00,0,0.06,TOTAL,1.8427,0.11004,microSv/hr,ICRP Pub. 103 EFFECTIVE DOSE,0.9063077870366499,0.42261826174069944,-0.9396926207859083,0.3420201433256688,-1.062489299996,1.0447543047654284,65.00000_-70.00000,1.0185516579085103,1.7691811365141512,-0.026202646856918088,-0.0735188634858488
L0000.ANS,65.0,-60.0,8.000085600032,2002/01/00,0,0.1,TOTAL,1.8427,0.11004,microSv/hr,ICRP Pub. 103 EFFECTIVE DOSE,0.9063077870366499,0.42261826174069944,-0.8660254037844386,0.5000000000000001,-1.062489299996,1.0447543047654284,65.00000_-60.00000,1.0206881100277758,1.7751036837884717,-0.02406619473765259,-0.06759631621152828
L0000.ANS,65.0,-50.0,8.000085600032,2002/01/00,0,0.14,TOTAL,1.8427,0.11004,microSv/hr,ICRP Pub. 103 EFFECTIVE DOSE,0.9063077870366499,0.42261826174069944,-0.766044443118978,0.6427876096865394,-1.062489299996,1.0447543047654284,65.00000_-50.00000,1.0227658287145247,1.7808755626638508,-0.021988476050903705,-0.061824437336149174
L0000.ANS,65.0,-40.0,8.000085600032,2002/01/00,0,0.23,TOTAL,1.8427,0.11004,microSv/hr,ICRP Pub. 103 EFFECTIVE DOSE,0.9063077870366499,0.42261826174069944,-0.6427876096865393,0.766044443118978,-1.062489299996,1.0447543047654284,65.00000_-40.00000,1.0247216835378363,1.7863198739518213,-0.020032621227592085,-0.05638012604817866
L0000.ANS,65.0,-30.0,8.000085600032,2002/01/00,0,0.32,TOTAL,1.8427,0.11004,microSv/hr,ICRP Pub. 103 EFFECTIVE DOSE,0.9063077870366499,0.42261826174069944,-0.49999999999999994,0.8660254037844387,-1.062489299996,1.0447543047654284,65.00000_-30.00000,1.0264962468386147,1.7912687647056191,-0.018258057926813676,-0.05143123529438087
L0000.ANS,65.0,-20.0,8.000085600032,2002/01/00,0,0.41,TOTAL,1.8427,0.11004,microSv/hr,ICRP Pub. 103 EFFECTIVE DOSE,0.9063077870366499,0.42261826174069944,-0.3420201433256687,0.9396926207859084,-1.062489299996,1.0447543047654284,65.00000_-20.00000,1.028035599408938,1.795568820254693,-0.016718705356490338,-0.047131179745306895
L0000.ANS,65.0,-10.0,8.000085600032,2002/01/00,0,0.5,TOTAL,1.8427,0.11004,microSv/hr,ICRP Pub. 103 EFFECTIVE DOSE,0.9063077870366499,0.42261826174069944,-0.17364817766693033,0.984807753012208,-1.062489299996,1.0447543047654284,65.00000_-10.00000,1.029292968799907,1.7990860937122268,-0.01546133596552135,-0.043613906287773174
L0000.ANS,65.0,0.0,8.000085600032,2002/01/00,0,0.6,TOTAL,1.8427,0.11004,microSv/hr,ICRP Pub. 103 EFFECTIVE DOSE,0.9063077870366499,0.42261826174069944,0.0,1.0,-1.062489299996,1.0447543047654284,65.00000_0.00000,1.030230150478837,1.8017105755330487,-0.014524154286591484,-0.04098942446695131
L0000.ANS,65.0,10.0,8.000085600032,2002/01/00,0,0.67,TOTAL,1.8427,0.11004,microSv/hr,ICRP Pub. 103 EFFECTIVE DOSE,0.9063077870366499,0.42261826174069944,0.17364817766693033,0.984807753012208,-1.062489299996,1.0447543047654284,65.00000_10.00000,1.0308186686546499,1.8033599184166453,-0.013935636110778526,-0.03934008158335467
L0000.ANS,65.0,20.0,8.000085600032,2002/01/00,0,0.7,TOTAL,1.8427,0.11004,microSv/hr,ICRP Pub. 103 EFFECTIVE DOSE,0.9063077870366499,0.42261826174069944,0.3420201433256687,0.9396926207859084,-1.062489299996,1.0447543047654284,65.00000_20.00000,1.0310406415003786,1.803982257263945,-0.013713663265049858,-0.038717742736054994
L0000.ANS,65.0,30.0,8.000085600032,2002/01/00,0,0.74,TOTAL,1.8427,0.11004,microSv/hr,ICRP Pub. 103 EFFECTIVE DOSE,0.9063077870366499,0.42261826174069944,0.49999999999999994,0.8660254037844387,-1.062489299996,1.0447543047654284,65.00000_30.00000,1.030889324483429,1.8035579991327433,-0.01386498028199945,-0.03914200086725672
L0000.ANS,65.0,40.0,8.000085600032,2002/01/00,0,0.78,TOTAL,1.8427,0.11004,microSv/hr,ICRP Pub. 103 EFFECTIVE DOSE,0.9063077870366499,0.42261826174069944,0.6427876096865393,0.766044443118978,-1.062489299996,1.0447543047654284,65.00000_40.00000,1.0303693152947915,1.8021005022010579,-0.014384989470636933,-0.04059949779894212
L0000.ANS,65.0,50.0,8.000085600032,2002/01/00,0,0.82,TOTAL,1.8426,0.11004,microSv/hr,ICRP Pub. 103 EFFECTIVE DOSE,0.9063077870366499,0.42261826174069944,0.766044443118978,0.6427876096865394,-1.062489299996,1.0447191263227744,65.00000_50.00000,1.0294964141505252,1.7996556126950027,-0.015222712172249242,-0.04294438730499728
L0000.ANS,65.0,60.0,8.000085600032,2002/01/00,0,0.81,TOTAL,1.8427,0.11004,microSv/hr,ICRP Pub. 103 EFFECTIVE DOSE,0.9063077870366499,0.42261826174069944,0.8660254037844386,0.5000000000000001,-1.062489299996,1.0447543047654284,65.00000_60.00000,1.0282971437101893,1.7963000809727547,-0.01645716105523909,-0.04639991902724527
L0000.ANS,65.0,70.0,8.000085600032,2002/01/00,0,0.86,TOTAL,1.8426,0.11004,microSv/hr,ICRP Pub. 103 EFFECTIVE DOSE,0.9063077870366499,0.42261826174069944,0.9396926207859083,0.3420201433256688,-1.062489299996,1.0447191263227744,65.00000_70.00000,1.0268079431992534,1.792138928627561,-0.017911183123521024,-0.05046107137243894
L0000.ANS,65.0,80.0,8.000085600032,2002/01/00,0,0.87,TOTAL,1.8426,0.11004,microSv/hr,ICRP Pub. 103 EFFECTIVE DOSE,0.9063077870366499,0.42261826174069944,0.984807753012208,0.17364817766693041,-1.062489299996,1.0447191263227744,65.00000_80.00000,1.0250740612216704,1.7873018839044603,-0.019645065101103976,-0.055298116095539696
L0000.ANS,65.0,90.0,8.000085600032,2002/01/00,0,0.9,TOTAL,1.8426,0.11004,microSv/hr,ICRP Pub. 103 EFFECTIVE DOSE,0.9063077870366499,0.42261826174069944,1.0,6.123233995736766e-17,-1.062489299996,1.0447191263227744,65.00000_90.00000,1.0231481809039427,1.7819390398221882,-0.021570945418831755,-0.06066096017781186
L0000.ANS,65.0,100.0,8.000085600032,2002/01/00,0,0.92,TOTAL,1.8425,0.11004,microSv/hr,ICRP Pub. 103 EFFECTIVE DOSE,0.9063077870366499,0.42261826174069944,0.984807753012208,-0.1736481776669303,-1.062489299996,1.0446839466425542,65.00000_100.00000,1.0210888191449818,1.7762159159616615,-0.02359512749757231,-0.06628408403833852
L0000.ANS,65.0,110.0,8.000085600032,2002/01/00,0,0.96,TOTAL,1.8424,0.11004,microSv/hr,ICRP Pub. 103 EFFECTIVE DOSE,0.9063077870366499,0.42261826174069944,0.9396926207859084,-0.3420201433256687,-1.062489299996,1.0446487657246804,65.00000_110.00000,1.0189585486097463,1.7703081198326047,-0.025690217114934022,-0.07209188016739532
L0000.ANS,65.0,120.0,8.000085600032,2002/01/00,0,0.98,TOTAL,1.8423,0.11004,microSv/hr,ICRP Pub. 103 EFFECTIVE DOSE,0.9063077870366499,0.42261826174069944,0.8660254037844387,-0.4999999999999998,-1.062489299996,1.044613583569066,65.00000_120.00000,1.0168220964904808,1.7643958071143484,-0.027791487078585142,-0.07790419288565165
L0000.ANS,65.0,130.0,8.000085600032,2002/01/00,0,1.04,TOTAL,1.842,0.11004,microSv/hr,ICRP Pub. 103 EFFECTIVE DOSE,0.9063077870366499,0.42261826174069944,0.766044443118978,-0.6427876096865394,-1.062489299996,1.044508029674909,65.00000_130.00000,1.014744377803732,1.7586581329887987,-0.02976365187117702,-0.08334186701120139
L0000.ANS,65.0,140.0,8.000085600032,2002/01/00,0,1.05,TOTAL,1.8419,0.11004,microSv/hr,ICRP Pub. 103 EFFECTIVE DOSE,0.9063077870366499,0.42261826174069944,0.6427876096865395,-0.7660444431189779,-1.062489299996,1.0444728425674614,65.00000_140.00000,1.0127885229804203,1.753267871176618,-0.0316843195870411,-0.088632128823382
L0000.ANS,65.0,150.0,8.000085600032,2002/01/00,0,1.08,TOTAL,1.8417,0.11004,microSv/hr,ICRP Pub. 103 EFFECTIVE DOSE,0.9063077870366499,0.42261826174069944,0.49999999999999994,-0.8660254037844387,-1.062489299996,1.044402464637951,65.00000_150.00000,1.011013959679642,1.7483863556154207,-0.03338850495830914,-0.09331364438457923
L0000.ANS,65.0,160.0,8.000085600032,2002/01/00,0,1.06,TOTAL,1.8419,0.11004,microSv/hr,ICRP Pub. 103 EFFECTIVE DOSE,0.9063077870366499,0.42261826174069944,0.3420201433256689,-0.9396926207859083,-1.062489299996,1.0444728425674614,65.00000_160.00000,1.0094746071093186,1.744158874641303,-0.034998235458142846,-0.09774112535869706
L0000.ANS,65.0,170.0,8.000085600032,2002/01/00,0,0.98,TOTAL,1.8423,0.11004,microSv/hr,ICRP Pub. 103 EFFECTIVE DOSE,0.9063077870366499,0.42261826174069944,0.17364817766693028,-0.984807753012208,-1.062489299996,1.044613583569066,65.00000_170.00000,1.0082172377183496,1.7407106215865957,-0.03639634585071638,-0.10158937841340432
L0000.ANS,70.0,-179.99999,8.000085600032,2002/01/00,0,0.4,TOTAL,1.8427,0.11004,microSv/hr,ICRP Pub. 103 EFFECTIVE DOSE,0.9396926207859083,0.3420201433256688,-1.745329251238221e-07,-0.9999999999999848,-1.062489299996,1.0447543047654284,70.00000_-179.99999,1.0634663760996528,1.8963935977092943,0.018712071334224367,0.05369359770929427
L0000.ANS,70.0,-170.0,8.000085600032,2002/01/00,0,0.34,TOTAL,1.8427,0.11004,microSv/hr,ICRP Pub. 103 EFFECTIVE DOSE,0.9396926207859083,0.3420201433256688,-0.17364817766693028,-0.984807753012208,-1.062489299996,1.0447543047654284,70.00000_-170.00000,1.0628778586905765,1.8946895211420527,0.018123553925148084,0.051989521142052686
L0000.ANS,70.0,-160.0,8.000085600032,2002/01/00,0,0.26,TOTAL,1.8427,0.11004,microSv/hr,ICRP Pub. 103 EFFECTIVE DOSE,0.9396926207859083,0.3420201433256688,-0.3420201433256689,-0.9396926207859083,-1.062489299996,1.0447543047654284,70.00000_-160.00000,1.0626558858448476,1.8940470499797573,0.017901581079419193,0.05134704997975725
L0000.ANS,70.0,-150.0,8.000085600032,2002/01/00,0,0.2,TOTAL,1.8427,0.11004,microSv/hr,ICRP Pub. 103 EFFECTIVE DOSE,0.9396926207859083,0.3420201433256688,-0.49999999999999994,-0.8660254037844387,-1.062489299996,1.0447543047654284,70.00000_-150.00000,1.0628072028617972,1.8944850016802088,0.018052898096368786,0.05178500168020883
L0000.ANS,70.0,-140.0,8.000085600032,2002/01/00,0,0.11,TOTAL,1.8427,0.11004,microSv/hr,ICRP Pub. 103 EFFECTIVE DOSE,0.9396926207859083,0.3420201433256688,-0.6427876096865395,-0.7660444431189779,-1.062489299996,1.0447543047654284,70.00000_-140.00000,1.0633272120504347,1.895990551893502,0.018572907285006268,0.05329055189350207
L0000.ANS,70.0,-130.0,8.000085600032,2002/01/00,0,0.06,TOTAL,1.8427,0.11004,microSv/hr,ICRP Pub. 103 EFFECTIVE DOSE,0.9396926207859083,0.3420201433256688,-0.766044443118978,-0.6427876096865394,-1.062489299996,1.0447543047654284,70.00000_-130.00000,1.064200113194701,1.8985195689904097,0.01944580842927257,0.05581956899040974
L0000.ANS,70.0,-120.0,8.000085600032,2002/01/00,0,0.03,TOTAL,1.8427,0.11004,microSv/hr,ICRP Pub. 103 EFFECTIVE DOSE,0.9396926207859083,0.3420201433256688,-0.8660254037844387,-0.4999999999999998,-1.062489299996,1.0447543047654284,70.00000_-120.00000,1.0653993836350368,1.9019977630610263,0.020645078869608424,0.0592977630610263
L0000.ANS,70.0,-110.0,8.000085600032,2002/01/00,0,0.02,TOTAL,1.8427,0.11004,microSv/hr,ICRP Pub. 103 EFFECTIVE DOSE,0.9396926207859083,0.3420201433256688,-0.9396926207859084,-0.3420201433256687,-1.062489299996,1.0447543047654284,70.00000_-110.00000,1.0668885841459728,1.9063226391170482,0.022134279380544353,0.06362263911704824
L0000.ANS,70.0,-100.0,8.000085600032,2002/01/00,0,0.0,TOTAL,1.8427,0.11004,microSv/hr,ICRP Pub. 103 EFFECTIVE DOSE,0.9396926207859083,0.3420201433256688,-0.984807753012208,-0.1736481776669303,-1.062489299996,1.0447543047654284,70.00000_-100.00000,1.0686224661235557,1.9113662307948456,0.023868161358127304,0.06866623079484557
L0000.ANS,70.0,-90.0,8.000085600032,2002/01/00,0,0.0,TOTAL,1.8427,0.11004,microSv/hr,ICRP Pub. 103 EFFECTIVE DOSE,0.9396926207859083,0.3420201433256688,-1.0,6.123233995736766e-17,-1.062489299996,1.0447543047654284,70.00000_-90.00000,1.0705483464412835,1.916978576334647,0.025794041675855084,0.07427857633464696
L0000.ANS,70.0,-80.0,8.000085600032,2002/01/00,0,0.0,TOTAL,1.8427,0.11004,microSv/hr,ICRP Pub. 103 EFFECTIVE DOSE,0.9396926207859083,0.3420201433256688,-0.984807753012208,0.17364817766693041,-1.062489299996,1.0447543047654284,70.00000_-80.00000,1.0726077082002443,1.922991880125207,0.027853403434815904,0.08029188012520705
L0000.ANS,70.0,-70.0,8.000085600032,2002/01/00,0,0.0,TOTAL,1.8427,0.11004,microSv/hr,ICRP Pub. 103 EFFECTIVE DOSE,0.9396926207859083,0.3420201433256688,-0.9396926207859083,0.3420201433256688,-1.062489299996,1.0447543047654284,70.00000_-70.00000,1.0747379787354798,1.9292252806596255,0.029983673970051417,0.0865252806596255
L0000.ANS,70.0,-60.0,8.000085600032,2002/01/00,0,0.0,TOTAL,1.8427,0.11004,microSv/hr,ICRP Pub. 103 EFFECTIVE DOSE,0.9396926207859083,0.3420201433256688,-0.8660254037844386,0.5000000000000001,-1.062489299996,1.0447543047654284,70.00000_-60.00000,1.0768744308547453,1.9354901201000962,0.032120126089316914,0.09279012010009624
L0000.ANS,70.0,-50.0,8.000085600032,2002/01/00,0,0.02,TOTAL,1.8427,0.11004,microSv/hr,ICRP Pub. 103 EFFECTIVE DOSE,0.9396926207859083,0.3420201433256688,-0.766044443118978,0.6427876096865394,-1.062489299996,1.0447543047654284,70.00000_-50.00000,1.0789521495414942,1.9415955832984872,0.0341978447760658,0.09889558329848724
L0000.ANS,70.0,-40.0,8.000085600032,2002/01/00,0,0.07,TOTAL,1.8427,0.11004,microSv/hr,ICRP Pub. 103 EFFECTIVE DOSE,0.9396926207859083,0.3420201433256688,-0.6427876096865393,0.766044443118978,-1.062489299996,1.0447543047654284,70.00000_-40.00000,1.0809080043648058,1.9473545472211502,0.03615369959937742,0.1046545472211502
L0000.ANS,70.0,-30.0,8.000085600032,2002/01/00,0,0.11,TOTAL,1.8427,0.11004,microSv/hr,ICRP Pub. 103 EFFECTIVE DOSE,0.9396926207859083,0.3420201433256688,-0.49999999999999994,0.8660254037844387,-1.062489299996,1.0447543047654284,70.00000_-30.00000,1.0826825676655842,1.9525894579014587,0.03792826290015583,0.10988945790145865
L0000.ANS,70.0,-20.0,8.000085600032,2002/01/00,0,0.15,TOTAL,1.8427,0.11004,microSv/hr,ICRP Pub. 103 EFFECTIVE DOSE,0.9396926207859083,0.3420201433256688,-0.3420201433256687,0.9396926207859084,-1.062489299996,1.0447543047654284,70.00000_-20.00000,1.0842219202359076,1.95713803410563,0.03946761547047917,0.11443803410562992
L0000.ANS,70.0,-10.0,8.000085600032,2002/01/00,0,0.21,TOTAL,1.8427,0.11004,microSv/hr,ICRP Pub. 103 EFFECTIVE DOSE,0.9396926207859083,0.3420201433256688,-0.17364817766693033,0.984807753012208,-1.062489299996,1.0447543047654284,70.00000_-10.00000,1.0854792896268766,1.9608585875193987,0.040724984861448155,0.11815858751939867
L0000.ANS,70.0,0.0,8.000085600032,2002/01/00,0,0.24,TOTAL,1.8427,0.11004,microSv/hr,ICRP Pub. 103 EFFECTIVE DOSE,0.9396926207859083,0.3420201433256688,0.0,1.0,-1.062489299996,1.0447543047654284,70.00000_0.00000,1.0864164713058062,1.9636347506229281,0.0416621665403778,0.12093475062292813
L0000.ANS,70.0,10.0,8.000085600032,2002/01/00,0,0.3,TOTAL,1.8427,0.11004,microSv/hr,ICRP Pub. 103 EFFECTIVE DOSE,0.9396926207859083,0.3420201433256688,0.17364817766693033,0.984807753012208,-1.062489299996,1.0447543047654284,70.00000_10.00000,1.0870049894816192,1.9653794168736844,0.042250684716190756,0.12267941687368444
L0000.ANS,70.0,20.0,8.000085600032,2002/01/00,0,0.34,TOTAL,1.8427,0.11004,microSv/hr,ICRP Pub. 103 EFFECTIVE DOSE,0.9396926207859083,0.3420201433256688,0.3420201433256687,0.9396926207859084,-1.062489299996,1.0447543047654284,70.00000_20.00000,1.087226962327348,1.9660377236419242,0.04247265756191965,0.12333772364192419
L0000.ANS,70.0,30.0,8.000085600032,2002/01/00,0,0.35,TOTAL,1.8427,0.11004,microSv/hr,ICRP Pub. 103 EFFECTIVE DOSE,0.9396926207859083,0.3420201433256688,0.49999999999999994,0.8660254037844387,-1.062489299996,1.0447543047654284,70.00000_30.00000,1.0870756453103985,1.965588945616155,0.042321340544970054,0.12288894561615504
L0000.ANS,70.0,40.0,8.000085600032,2002/01/00,0,0.38,TOTAL,1.8427,0.11004,microSv/hr,ICRP Pub. 103 EFFECTIVE DOSE,0.9396926207859083,0.3420201433256688,0.6427876096865393,0.766044443118978,-1.062489299996,1.0447543047654284,70.00000_40.00000,1.086555636121761,1.9640472130070161,0.04180133135633257,0.12134721300701612
L0000.ANS,70.0,50.0,8.000085600032,2002/01/00,0,0.41,TOTAL,1.8427,0.11004,microSv/hr,ICRP Pub. 103 EFFECTIVE DOSE,0.9396926207859083,0.3420201433256688,0.766044443118978,0.6427876096865394,-1.062489299996,1.0447543047654284,70.00000_50.00000,1.0856827349774947,1.961461021712007,0.04092843021206627,0.11876102171200698
L0000.ANS,70.0,60.0,8.000085600032,2002/01/00,0,0.41,TOTAL,1.8427,0.11004,microSv/hr,ICRP Pub. 103 EFFECTIVE DOSE,0.9396926207859083,0.3420201433256688,0.8660254037844386,0.5000000000000001,-1.062489299996,1.0447543047654284,70.00000_60.00000,1.0844834645371588,1.9579115578574189,0.039729159771730416,0.11521155785741888
L0000.ANS,70.0,70.0,8.000085600032,2002/01/00,0,0.42,TOTAL,1.8427,0.11004,microSv/hr,ICRP Pub. 103 EFFECTIVE DOSE,0.9396926207859083,0.3420201433256688,0.9396926207859083,0.3420201433256688,-1.062489299996,1.0447543047654284,70.00000_70.00000,1.082994264026223,1.9535099127337052,0.03823995926079449,0.11080991273370522
L0000.ANS,70.0,80.0,8.000085600032,2002/01/00,0,0.43,TOTAL,1.8427,0.11004,microSv/hr,ICRP Pub. 103 EFFECTIVE DOSE,0.9396926207859083,0.3420201433256688,0.984807753012208,0.17364817766693041,-1.062489299996,1.0447543047654284,70.00000_80.00000,1.08126038204864,1.9483933121979875,0.036506077283211535,0.1056933121979875
L0000.ANS,70.0,90.0,8.000085600032,2002/01/00,0,0.44,TOTAL,1.8427,0.11004,microSv/hr,ICRP Pub. 103 EFFECTIVE DOSE,0.9396926207859083,0.3420201433256688,1.0,6.123233995736766e-17,-1.062489299996,1.0447543047654284,70.00000_90.00000,1.0793345017309122,1.9427205238581817,0.034580196965483756,0.10002052385818172
L0000.ANS,70.0,100.0,8.000085600032,2002/01/00,0,0.49,TOTAL,1.8427,0.11004,microSv/hr,ICRP Pub. 103 EFFECTIVE DOSE,0.9396926207859083,0.3420201433256688,0.984807753012208,-0.1736481776669303,-1.062489299996,1.0447543047654284,70.00000_100.00000,1.0772751399719513,1.9366666334587606,0.032520835206522936,0.09396663345876055
L0000.ANS,70.0,110.0,8.000085600032,2002/01/00,0,0.48,TOTAL,1.8427,0.11004,microSv/hr,ICRP Pub. 103 EFFECTIVE DOSE,0.9396926207859083,0.3420201433256688,0.9396926207859084,-0.3420201433256687,-1.062489299996,1.0447543047654284,70.00000_110.00000,1.0751448694367158,1.9304173977023737,0.030390564671287423,0.08771739770237375
L0000.ANS,70.0,120.0,8.000085600032,2002/01/00,0,0.5,TOTAL,1.8427,0.11004,microSv/hr,ICRP Pub. 103 EFFECTIVE DOSE,0.9396926207859083,0.3420201433256688,0.8660254037844387,-0.4999999999999998,-1.062489299996,1.0447543047654284,70.00000_120.00000,1.0730084173174503,1.924163384321623,0.028254112552021926,0.08146338432162303
L0000.ANS,70.0,130.0,8.000085600032,2002/01/00,0,0.53,TOTAL,1.8427,0.11004,microSv/hr,ICRP Pub. 103 EFFECTIVE DOSE,0.9396926207859083,0.3420201433256688,0.766044443118978,-0.6427876096865394,-1.062489299996,1.0447543047654284,70.00000_130.00000,1.0709306986307014,1.918094102728183,0.02617639386527304,0.07539410272818303
L0000.ANS,70.0,140.0,8.000085600032,2002/01/00,0,0.52,TOTAL,1.8427,0.11004,microSv/hr,ICRP Pub. 103 EFFECTIVE DOSE,0.9396926207859083,0.3420201433256688,0.6427876096865395,-0.7660444431189779,-1.062489299996,1.0447543047654284,70.00000_140.00000,1.0689748438073898,1.9123923120574977,0.02422053904196142,0.06969231205749771
L0000.ANS,70.0,150.0,8.000085600032,2002/01/00,0,0.52,TOTAL,1.8427,0.11004,microSv/hr,ICRP Pub. 103 EFFECTIVE DOSE,0.9396926207859083,0.3420201433256688,0.49999999999999994,-0.8660254037844387,-1.062489299996,1.0447543047654284,70.00000_150.00000,1.0672002805066114,1.90722867050251,0.02244597574118301,0.0645286705025101
L0000.ANS,70.0,160.0,8.000085600032,2002/01/00,0,0.51,TOTAL,1.8427,0.11004,microSv/hr,ICRP Pub. 103 EFFECTIVE DOSE,0.9396926207859083,0.3420201433256688,0.3420201433256689,-0.9396926207859083,-1.062489299996,1.0447543047654284,70.00000_160.00000,1.065660927936288,1.9027568633030427,0.020906623170859673,0.06005686330304272
L0000.ANS,70.0,170.0,8.000085600032,2002/01/00,0,0.47,TOTAL,1.8427,0.11004,microSv/hr,ICRP Pub. 103 EFFECTIVE DOSE,0.9396926207859083,0.3420201433256688,0.17364817766693028,-0.984807753012208,-1.062489299996,1.0447543047654284,70.00000_170.00000,1.064403558545319,1.8991093193093425,0.019649253779890685,0.056409319309342454
L0000.ANS,75.0,-179.99999,8.000085600032,2002/01/00,0,0.12,TOTAL,1.8427,0.11004,microSv/hr,ICRP Pub. 103 EFFECTIVE DOSE,0.9659258262890683,0.25881904510252074,-1.745329251238221e-07,-0.9999999999999848,-1.062489299996,1.0447543047654284,75.00000_-179.99999,1.1216807315075406,2.070009731634319,0.07692642674211214,0.2273097316343191
L0000.ANS,75.0,-170.0,8.000085600032,2002/01/00,0,0.09,TOTAL,1.8427,0.11004,microSv/hr,ICRP Pub. 103 EFFECTIVE DOSE,0.9659258262890683,0.25881904510252074,-0.17364817766693028,-0.984807753012208,-1.062489299996,1.0447543047654284,75.00000_-170.00000,1.121092214098464,2.06820350901008,0.07633790933303564,0.22550350901007987
L0000.ANS,75.0,-160.0,8.000085600032,2002/01/00,0,0.06,TOTAL,1.8427,0.11004,microSv/hr,ICRP Pub. 103 EFFECTIVE DOSE,0.9659258262890683,0.25881904510252074,-0.3420201433256689,-0.9396926207859083,-1.062489299996,1.0447543047654284,75.00000_-160.00000,1.1208702412527354,2.067522526728494,0.07611593648730697,0.224822526728494
L0000.ANS,75.0,-150.0,8.000085600032,2002/01/00,0,0.03,TOTAL,1.8427,0.11004,microSv/hr,ICRP Pub. 103 EFFECTIVE DOSE,0.9659258262890683,0.25881904510252074,-0.49999999999999994,-0.8660254037844387,-1.062489299996,1.0447543047654284,75.00000_-150.00000,1.1210215582696847,2.0679867302067203,0.07626725350425634,0.2252867302067203
L0000.ANS,75.0,-140.0,8.000085600032,2002/01/00,0,0.02,TOTAL,1.8427,0.11004,microSv/hr,ICRP Pub. 103 EFFECTIVE DOSE,0.9659258262890683,0.25881904510252074,-0.6427876096865395,-0.7660444431189779,-1.062489299996,1.0447543047654284,75.00000_-140.00000,1.1215415674583222,2.069582526375421,0.07678726269289382,0.22688252637542106
L0000.ANS,75.0,-130.0,8.000085600032,2002/01/00,0,0.0,TOTAL,1.8427,0.11004,microSv/hr,ICRP Pub. 103 EFFECTIVE DOSE,0.9659258262890683,0.25881904510252074,-0.766044443118978,-0.6427876096865394,-1.062489299996,1.0447543047654284,75.00000_-130.00000,1.1224144686025888,2.0722631382594963,0.07766016383716035,0.22956313825949626
L0000.ANS,75.0,-120.0,8.000085600032,2002/01/00,0,0.0,TOTAL,1.8427,0.11004,microSv/hr,ICRP Pub. 103 EFFECTIVE DOSE,0.9659258262890683,0.25881904510252074,-0.8660254037844387,-0.4999999999999998,-1.062489299996,1.0447543047654284,75.00000_-120.00000,1.1236137390429246,2.0759498228502062,0.0788594342774962,0.23324982285020623
L0000.ANS,75.0,-110.0,8.000085600032,2002/01/00,0,0.0,TOTAL,1.8427,0.11004,microSv/hr,ICRP Pub. 103 EFFECTIVE DOSE,0.9659258262890683,0.25881904510252074,-0.9396926207859084,-0.3420201433256687,-1.062489299996,1.0447543047654284,75.00000_-110.00000,1.1251029395538605,2.0805339413866513,0.08034863478843213,0.23783394138665126
L0000.ANS,75.0,-100.0,8.000085600032,2002/01/00,0,0.0,TOTAL,1.8427,0.11004,microSv/hr,ICRP Pub. 103 EFFECTIVE DOSE,0.9659258262890683,0.25881904510252074,-0.984807753012208,-0.1736481776669303,-1.062489299996,1.0447543047654284,75.00000_-100.00000,1.1268368215314433,2.085879856922948,0.08208251676601486,0.24317985692294797
L0000.ANS,75.0,-90.0,8.000085600032,2002/01/00,0,0.0,TOTAL,1.8427,0.11004,microSv/hr,ICRP Pub. 103 EFFECTIVE DOSE,0.9659258262890683,0.25881904510252074,-1.0,6.123233995736766e-17,-1.062489299996,1.0447543047654284,75.00000_-90.00000,1.1287627018491713,2.091828618665176,0.08400839708374286,0.249128618665176
L0000.ANS,75.0,-80.0,8.000085600032,2002/01/00,0,0.0,TOTAL,1.8427,0.11004,microSv/hr,ICRP Pub. 103 EFFECTIVE DOSE,0.9659258262890683,0.25881904510252074,-0.984807753012208,0.17364817766693041,-1.062489299996,1.0447543047654284,75.00000_-80.00000,1.130822063608132,2.0982023729680765,0.08606775884270368,0.25550237296807654
L0000.ANS,75.0,-70.0,8.000085600032,2002/01/00,0,0.0,TOTAL,1.8427,0.11004,microSv/hr,ICRP Pub. 103 EFFECTIVE DOSE,0.9659258262890683,0.25881904510252074,-0.9396926207859083,0.3420201433256688,-1.062489299996,1.0447543047654284,75.00000_-70.00000,1.1329523341433674,2.104809417092526,0.08819802937793897,0.2621094170925258
L0000.ANS,75.0,-60.0,8.000085600032,2002/01/00,0,0.0,TOTAL,1.8427,0.11004,microSv/hr,ICRP Pub. 103 EFFECTIVE DOSE,0.9659258262890683,0.25881904510252074,-0.8660254037844386,0.5000000000000001,-1.062489299996,1.0447543047654284,75.00000_-60.00000,1.135088786262633,2.1114497846394586,0.09033448149720469,0.26874978463945864
L0000.ANS,75.0,-50.0,8.000085600032,2002/01/00,0,0.0,TOTAL,1.8427,0.11004,microSv/hr,ICRP Pub. 103 EFFECTIVE DOSE,0.9659258262890683,0.25881904510252074,-0.766044443118978,0.6427876096865394,-1.062489299996,1.0447543047654284,75.00000_-50.00000,1.1371665049493818,2.117921222585606,0.09241220018395335,0.2752212225856059
L0000.ANS,75.0,-40.0,8.000085600032,2002/01/00,0,0.0,TOTAL,1.8427,0.11004,microSv/hr,ICRP Pub. 103 EFFECTIVE DOSE,0.9659258262890683,0.25881904510252074,-0.6427876096865393,0.766044443118978,-1.062489299996,1.0447543047654284,75.00000_-40.00000,1.1391223597726934,2.124025391335561,0.09436805500726497,0.2813253913355609
L0000.ANS,75.0,-30.0,8.000085600032,2002/01/00,0,0.0,TOTAL,1.8427,0.11004,microSv/hr,ICRP Pub. 103 EFFECTIVE DOSE,0.9659258262890683,0.25881904510252074,-0.49999999999999994,0.8660254037844387,-1.062489299996,1.0447543047654284,75.00000_-30.00000,1.1408969230734718,2.129574093951633,0.09614261830804338,0.286874093951633
L0000.ANS,75.0,-20.0,8.000085600032,2002/01/00,0,0.02,TOTAL,1.8427,0.11004,microSv/hr,ICRP Pub. 103 EFFECTIVE DOSE,0.9659258262890683,0.25881904510252074,-0.3420201433256687,0.9396926207859084,-1.062489299996,1.0447543047654284,75.00000_-20.00000,1.1424362756437954,2.1343953217098117,0.09768197087836694,0.2916953217098117
L0000.ANS,75.0,-10.0,8.000085600032,2002/01/00,0,0.02,TOTAL,1.8427,0.11004,microSv/hr,ICRP Pub. 103 EFFECTIVE DOSE,0.9659258262890683,0.25881904510252074,-0.17364817766693033,0.984807753012208,-1.062489299996,1.0447543047654284,75.00000_-10.00000,1.1436936450347643,2.138338893190003,0.09893934026933593,0.2956388931900029
L0000.ANS,75.0,0.0,8.000085600032,2002/01/00,0,0.05,TOTAL,1.8427,0.11004,microSv/hr,ICRP Pub. 103 EFFECTIVE DOSE,0.9659258262890683,0.25881904510252074,0.0,1.0,-1.062489299996,1.0447543047654284,75.00000_0.00000,1.144630826713694,2.141281465550051,0.09987652194826557,0.29858146555005116
L0000.ANS,75.0,10.0,8.000085600032,2002/01/00,0,0.07,TOTAL,1.8427,0.11004,microSv/hr,ICRP Pub. 103 EFFECTIVE DOSE,0.9659258262890683,0.25881904510252074,0.17364817766693033,0.984807753012208,-1.062489299996,1.0447543047654284,75.00000_10.00000,1.145219344889507,2.143130710891745,0.10046504012407853,0.3004307108917448
L0000.ANS,75.0,20.0,8.000085600032,2002/01/00,0,0.11,TOTAL,1.8427,0.11004,microSv/hr,ICRP Pub. 103 EFFECTIVE DOSE,0.9659258262890683,0.25881904510252074,0.3420201433256687,0.9396926207859084,-1.062489299996,1.0447543047654284,75.00000_20.00000,1.1454413177352356,2.143828477999949,0.1006870129698072,0.301128477999949
L0000.ANS,75.0,30.0,8.000085600032,2002/01/00,0,0.12,TOTAL,1.8427,0.11004,microSv/hr,ICRP Pub. 103 EFFECTIVE DOSE,0.9659258262890683,0.25881904510252074,0.49999999999999994,0.8660254037844387,-1.062489299996,1.0447543047654284,75.00000_30.00000,1.1452900007182862,2.1433527992429107,0.10053569595285783,0.30065279924291066
L0000.ANS,75.0,40.0,8.000085600032,2002/01/00,0,0.14,TOTAL,1.8427,0.11004,microSv/hr,ICRP Pub. 103 EFFECTIVE DOSE,0.9659258262890683,0.25881904510252074,0.6427876096865393,0.766044443118978,-1.062489299996,1.0447543047654284,75.00000_40.00000,1.1447699915296488,2.141718651826835,0.10001568676422035,0.2990186518268352
L0000.ANS,75.0,50.0,8.000085600032,2002/01/00,0,0.17,TOTAL,1.8427,0.11004,microSv/hr,ICRP Pub. 103 EFFECTIVE DOSE,0.9659258262890683,0.25881904510252074,0.766044443118978,0.6427876096865394,-1.062489299996,1.0447543047654284,75.00000_50.00000,1.1438970903853825,2.1389774385988316,0.09914278561995404,0.2962774385988316
L0000.ANS,75.0,60.0,8.000085600032,2002/01/00,0,0.18,TOTAL,1.8427,0.11004,microSv/hr,ICRP Pub. 103 EFFECTIVE DOSE,0.9659258262890683,0.25881904510252074,0.8660254037844386,0.5000000000000001,-1.062489299996,1.0447543047654284,75.00000_60.00000,1.1426978199450466,2.1352152121582373,0.09794351517961819,0.2925152121582373
L0000.ANS,75.0,70.0,8.000085600032,2002/01/00,0,0.18,TOTAL,1.8427,0.11004,microSv/hr,ICRP Pub. 103 EFFECTIVE DOSE,0.9659258262890683,0.25881904510252074,0.9396926207859083,0.3420201433256688,-1.062489299996,1.0447543047654284,75.00000_70.00000,1.1412086194341107,2.130549722849157,0.09645431466868226,0.2878497228491568
L0000.ANS,75.0,80.0,8.000085600032,2002/01/00,0,0.18,TOTAL,1.8427,0.11004,microSv/hr,ICRP Pub. 103 EFFECTIVE DOSE,0.9659258262890683,0.25881904510252074,0.984807753012208,0.17364817766693041,-1.062489299996,1.0447543047654284,75.00000_80.00000,1.1394747374565277,2.1251264221451494,0.09472043269109931,0.28242642214514935
L0000.ANS,75.0,90.0,8.000085600032,2002/01/00,0,0.2,TOTAL,1.8427,0.11004,microSv/hr,ICRP Pub. 103 EFFECTIVE DOSE,0.9659258262890683,0.25881904510252074,1.0,6.123233995736766e-17,-1.062489299996,1.0447543047654284,75.00000_90.00000,1.1375488571388,2.1191135945299804,0.09279455237337153,0.2764135945299804
L0000.ANS,75.0,100.0,8.000085600032,2002/01/00,0,0.2,TOTAL,1.8427,0.11004,microSv/hr,ICRP Pub. 103 EFFECTIVE DOSE,0.9659258262890683,0.25881904510252074,0.984807753012208,-0.1736481776669303,-1.062489299996,1.0447543047654284,75.00000_100.00000,1.135489495379839,2.112696820768579,0.09073519061441049,0.269996820768579
L0000.ANS,75.0,110.0,8.000085600032,2002/01/00,0,0.21,TOTAL,1.8427,0.11004,microSv/hr,ICRP Pub. 103 EFFECTIVE DOSE,0.9659258262890683,0.25881904510252074,0.9396926207859084,-0.3420201433256687,-1.062489299996,1.0447543047654284,75.00000_110.00000,1.1333592248446036,2.1060729922245036,0.0886049200791752,0.2633729922245036
L0000.ANS,75.0,120.0,8.000085600032,2002/01/00,0,0.21,TOTAL,1.8427,0.11004,microSv/hr,ICRP Pub. 103 EFFECTIVE DOSE,0.9659258262890683,0.25881904510252074,0.8660254037844387,-0.4999999999999998,-1.062489299996,1.0447543047654284,75.00000_120.00000,1.131222772725338,2.0994440996748653,0.0864684679599097,0.25674409967486533
L0000.ANS,75.0,130.0,8.000085600032,2002/01/00,0,0.2,TOTAL,1.8427,0.11004,microSv/hr,ICRP Pub. 103 EFFECTIVE DOSE,0.9659258262890683,0.25881904510252074,0.766044443118978,-0.6427876096865394,-1.062489299996,1.0447543047654284,75.00000_130.00000,1.1291450540385892,2.0930110121377896,0.08439074927316081,0.2503110121377896
L0000.ANS,75.0,140.0,8.000085600032,2002/01/00,0,0.21,TOTAL,1.8427,0.11004,microSv/hr,ICRP Pub. 103 EFFECTIVE DOSE,0.9659258262890683,0.25881904510252074,0.6427876096865395,-0.7660444431189779,-1.062489299996,1.0447543047654284,75.00000_140.00000,1.1271891992152776,2.086967443728928,0.0824348944498492,0.24426744372892784
L0000.ANS,75.0,150.0,8.000085600032,2002/01/00,0,0.2,TOTAL,1.8427,0.11004,microSv/hr,ICRP Pub. 103 EFFECTIVE DOSE,0.9659258262890683,0.25881904510252074,0.49999999999999994,-0.8660254037844387,-1.062489299996,1.0447543047654284,75.00000_150.00000,1.1254146359144992,2.0814942822646083,0.08066033114907079,0.2387942822646083
L0000.ANS,75.0,160.0,8.000085600032,2002/01/00,0,0.19,TOTAL,1.8427,0.11004,microSv/hr,ICRP Pub. 103 EFFECTIVE DOSE,0.9659258262890683,0.25881904510252074,0.3420201433256689,-0.9396926207859083,-1.062489299996,1.0447543047654284,75.00000_160.00000,1.1238752833441759,2.076754425212302,0.07912097857874745,0.23405442521230202
L0000.ANS,75.0,170.0,8.000085600032,2002/01/00,0,0.17,TOTAL,1.8427,0.11004,microSv/hr,ICRP Pub. 103 EFFECTIVE DOSE,0.9659258262890683,0.25881904510252074,0.17364817766693028,-0.984807753012208,-1.062489299996,1.0447543047654284,75.00000_170.00000,1.1226179139532069,2.072888239495665,0.07786360918777846,0.23018823949566491
L0000.ANS,80.0,-179.99999,8.000085600032,2002/01/00,0,0.02,TOTAL,1.8427,0.11004,microSv/hr,ICRP Pub. 103 EFFECTIVE DOSE,0.984807753012208,0.17364817766693041,-1.745329251238221e-07,-0.9999999999999848,-1.062489299996,1.0447543047654284,80.00000_-179.99999,1.1814800751009031,2.2591944874279997,0.13672577033547473,0.41649448742799966
L0000.ANS,80.0,-170.0,8.000085600032,2002/01/00,0,0.0,TOTAL,1.8427,0.11004,microSv/hr,ICRP Pub. 103 EFFECTIVE DOSE,0.984807753012208,0.17364817766693041,-0.17364817766693028,-0.984807753012208,-1.062489299996,1.0447543047654284,80.00000_-170.00000,1.1808915576918269,2.2572769590373483,0.13613725292639844,0.41457695903734826
L0000.ANS,80.0,-160.0,8.000085600032,2002/01/00,0,0.0,TOTAL,1.8427,0.11004,microSv/hr,ICRP Pub. 103 EFFECTIVE DOSE,0.984807753012208,0.17364817766693041,-0.3420201433256689,-0.9396926207859083,-1.062489299996,1.0447543047654284,80.00000_-160.00000,1.180669584846098,2.2565540122416707,0.13591528008066955,0.41385401224167073
L0000.ANS,80.0,-150.0,8.000085600032,2002/01/00,0,0.0,TOTAL,1.8427,0.11004,microSv/hr,ICRP Pub. 103 EFFECTIVE DOSE,0.984807753012208,0.17364817766693041,-0.49999999999999994,-0.8660254037844387,-1.062489299996,1.0447543047654284,80.00000_-150.00000,1.1808209018630476,2.2570468215646162,0.13606659709761915,0.4143468215646162
L0000.ANS,80.0,-140.0,8.000085600032,2002/01/00,0,0.0,TOTAL,1.8427,0.11004,microSv/hr,ICRP Pub. 103 EFFECTIVE DOSE,0.984807753012208,0.17364817766693041,-0.6427876096865395,-0.7660444431189779,-1.062489299996,1.0447543047654284,80.00000_-140.00000,1.181340911051685,2.258740956284287,0.13658660628625663,0.41604095628428683
L0000.ANS,80.0,-130.0,8.000085600032,2002/01/00,0,0.0,TOTAL,1.8427,0.11004,microSv/hr,ICRP Pub. 103 EFFECTIVE DOSE,0.984807753012208,0.17364817766693041,-0.766044443118978,-0.6427876096865394,-1.062489299996,1.0447543047654284,80.00000_-130.00000,1.1822138121959513,2.2615867568644887,0.13745950743052293,0.41888675686448873
L0000.ANS,80.0,-120.0,8.000085600032,2002/01/00,0,0.0,TOTAL,1.8427,0.11004,microSv/hr,ICRP Pub. 103 EFFECTIVE DOSE,0.984807753012208,0.17364817766693041,-0.8660254037844387,-0.4999999999999998,-1.062489299996,1.0447543047654284,80.00000_-120.00000,1.1834130826362872,2.265500627876399,0.13865877787085878,0.42280062787639916
L0000.ANS,80.0,-110.0,8.000085600032,2002/01/00,0,0.0,TOTAL,1.8427,0.11004,microSv/hr,ICRP Pub. 103 EFFECTIVE DOSE,0.984807753012208,0.17364817766693041,-0.9396926207859084,-0.3420201433256687,-1.062489299996,1.0447543047654284,80.00000_-110.00000,1.1849022831472231,2.2703672358580436,0.1401479783817947,0.42766723585804356
L0000.ANS,80.0,-100.0,8.000085600032,2002/01/00,0,0.0,TOTAL,1.8427,0.11004,microSv/hr,ICRP Pub. 103 EFFECTIVE DOSE,0.984807753012208,0.17364817766693041,-0.984807753012208,-0.1736481776669303,-1.062489299996,1.0447543047654284,80.00000_-100.00000,1.186636165124806,2.276042585439715,0.14188186035937767,0.4333425854397148
L0000.ANS,80.0,-90.0,8.000085600032,2002/01/00,0,0.0,TOTAL,1.8427,0.11004,microSv/hr,ICRP Pub. 103 EFFECTIVE DOSE,0.984807753012208,0.17364817766693041,-1.0,6.123233995736766e-17,-1.062489299996,1.0447543047654284,80.00000_-90.00000,1.1885620454425339,2.2823579307226654,0.14380774067710544,0.43965793072266535
L0000.ANS,80.0,-80.0,8.000085600032,2002/01/00,0,0.0,TOTAL,1.8427,0.11004,microSv/hr,ICRP Pub. 103 EFFECTIVE DOSE,0.984807753012208,0.17364817766693041,-0.984807753012208,0.17364817766693041,-1.062489299996,1.0447543047654284,80.00000_-80.00000,1.1906214072014947,2.2891244580968886,0.14586710243606626,0.4464244580968886
L0000.ANS,80.0,-70.0,8.000085600032,2002/01/00,0,0.0,TOTAL,1.8427,0.11004,microSv/hr,ICRP Pub. 103 EFFECTIVE DOSE,0.984807753012208,0.17364817766693041,-0.9396926207859083,0.3420201433256688,-1.062489299996,1.0447543047654284,80.00000_-70.00000,1.1927516777367302,2.296138651428822,0.14799737297130178,0.453438651428822
L0000.ANS,80.0,-60.0,8.000085600032,2002/01/00,0,0.0,TOTAL,1.8427,0.11004,microSv/hr,ICRP Pub. 103 EFFECTIVE DOSE,0.984807753012208,0.17364817766693041,-0.8660254037844386,0.5000000000000001,-1.062489299996,1.0447543047654284,80.00000_-60.00000,1.1948881298559957,2.3031882216892834,0.15013382509056727,0.4604882216892834
L0000.ANS,80.0,-50.0,8.000085600032,2002/01/00,0,0.0,TOTAL,1.8427,0.11004,microSv/hr,ICRP Pub. 103 EFFECTIVE DOSE,0.984807753012208,0.17364817766693041,-0.766044443118978,0.6427876096865394,-1.062489299996,1.0447543047654284,80.00000_-50.00000,1.1969658485427446,2.310058452315096,0.15221154377731616,0.4673584523150962
L0000.ANS,80.0,-40.0,8.000085600032,2002/01/00,0,0.0,TOTAL,1.8427,0.11004,microSv/hr,ICRP Pub. 103 EFFECTIVE DOSE,0.984807753012208,0.17364817766693041,-0.6427876096865393,0.766044443118978,-1.062489299996,1.0447543047654284,80.00000_-40.00000,1.1989217033660562,2.316538781330077,0.15416739860062778,0.47383878133007706
L0000.ANS,80.0,-30.0,8.000085600032,2002/01/00,0,0.0,TOTAL,1.8427,0.11004,microSv/hr,ICRP Pub. 103 EFFECTIVE DOSE,0.984807753012208,0.17364817766693041,-0.49999999999999994,0.8660254037844387,-1.062489299996,1.0447543047654284,80.00000_-30.00000,1.2006962666668346,2.3224294144418662,0.1559419619014062,0.47972941444186623
L0000.ANS,80.0,-20.0,8.000085600032,2002/01/00,0,0.0,TOTAL,1.8427,0.11004,microSv/hr,ICRP Pub. 103 EFFECTIVE DOSE,0.984807753012208,0.17364817766693041,-0.3420201433256687,0.9396926207859084,-1.062489299996,1.0447543047654284,80.00000_-20.00000,1.202235619237158,2.3275477431462264,0.15748131447172953,0.48484774314622636
L0000.ANS,80.0,-10.0,8.000085600032,2002/01/00,0,0.0,TOTAL,1.8427,0.11004,microSv/hr,ICRP Pub. 103 EFFECTIVE DOSE,0.984807753012208,0.17364817766693041,-0.17364817766693033,0.984807753012208,-1.062489299996,1.0447543047654284,80.00000_-10.00000,1.203492988628127,2.331734331317781,0.15873868386269852,0.4890343313177812
L0000.ANS,80.0,0.0,8.000085600032,2002/01/00,0,0.0,TOTAL,1.8427,0.11004,microSv/hr,ICRP Pub. 103 EFFECTIVE DOSE,0.984807753012208,0.17364817766693041,0.0,1.0,-1.062489299996,1.0447543047654284,80.00000_0.00000,1.2044301703070568,2.334858235296295,0.15967586554162838,0.492158235296295
L0000.ANS,80.0,10.0,8.000085600032,2002/01/00,0,0.0,TOTAL,1.8427,0.11004,microSv/hr,ICRP Pub. 103 EFFECTIVE DOSE,0.984807753012208,0.17364817766693041,0.17364817766693033,0.984807753012208,-1.062489299996,1.0447543047654284,80.00000_10.00000,1.2050186884828697,2.3368214376149865,0.16026438371744134,0.4941214376149865
L0000.ANS,80.0,20.0,8.000085600032,2002/01/00,0,0.0,TOTAL,1.8427,0.11004,microSv/hr,ICRP Pub. 103 EFFECTIVE DOSE,0.984807753012208,0.17364817766693041,0.3420201433256687,0.9396926207859084,-1.062489299996,1.0447543047654284,80.00000_20.00000,1.2052406613285984,2.3375622035771055,0.16048635656317,0.49486220357710553
L0000.ANS,80.0,30.0,8.000085600032,2002/01/00,0,0.02,TOTAL,1.8427,0.11004,microSv/hr,ICRP Pub. 103 EFFECTIVE DOSE,0.984807753012208,0.17364817766693041,0.49999999999999994,0.8660254037844387,-1.062489299996,1.0447543047654284,80.00000_30.00000,1.2050893443116488,2.337057211828462,0.16033503954622041,0.49435721182846204
L0000.ANS,80.0,40.0,8.000085600032,2002/01/00,0,0.03,TOTAL,1.8427,0.11004,microSv/hr,ICRP Pub. 103 EFFECTIVE DOSE,0.984807753012208,0.17364817766693041,0.6427876096865393,0.766044443118978,-1.062489299996,1.0447543047654284,80.00000_40.00000,1.2045693351230113,2.335322362523186,0.15981503035758293,0.4926223625231858
L0000.ANS,80.0,50.0,8.000085600032,2002/01/00,0,0.02,TOTAL,1.8427,0.11004,microSv/hr,ICRP Pub. 103 EFFECTIVE DOSE,0.984807753012208,0.17364817766693041,0.766044443118978,0.6427876096865394,-1.062489299996,1.0447543047654284,80.00000_50.00000,1.203696433978745,2.3324122261319182,0.15894212921331663,0.4897122261319182
L0000.ANS,80.0,60.0,8.000085600032,2002/01/00,0,0.05,TOTAL,1.8427,0.11004,microSv/hr,ICRP Pub. 103 EFFECTIVE DOSE,0.984807753012208,0.17364817766693041,0.8660254037844386,0.5000000000000001,-1.062489299996,1.0447543047654284,80.00000_60.00000,1.2024971635384092,2.328418158116664,0.15774285877298078,0.48571815811666386
L0000.ANS,80.0,70.0,8.000085600032,2002/01/00,0,0.03,TOTAL,1.8427,0.11004,microSv/hr,ICRP Pub. 103 EFFECTIVE DOSE,0.984807753012208,0.17364817766693041,0.9396926207859083,0.3420201433256688,-1.062489299996,1.0447543047654284,80.00000_70.00000,1.2010079630274733,2.323465165010282,0.15625365826204485,0.480765165010282
L0000.ANS,80.0,80.0,8.000085600032,2002/01/00,0,0.04,TOTAL,1.8427,0.11004,microSv/hr,ICRP Pub. 103 EFFECTIVE DOSE,0.984807753012208,0.17364817766693041,0.984807753012208,0.17364817766693041,-1.062489299996,1.0447543047654284,80.00000_80.00000,1.1992740810498903,2.3177076615157395,0.1545197762844619,0.4750076615157395
L0000.ANS,80.0,90.0,8.000085600032,2002/01/00,0,0.04,TOTAL,1.8427,0.11004,microSv/hr,ICRP Pub. 103 EFFECTIVE DOSE,0.984807753012208,0.17364817766693041,1.0,6.123233995736766e-17,-1.062489299996,1.0447543047654284,80.00000_90.00000,1.1973482007321625,2.3113243023962937,0.15259389596673412,0.4686243023962937
L0000.ANS,80.0,100.0,8.000085600032,2002/01/00,0,0.05,TOTAL,1.8427,0.11004,microSv/hr,ICRP Pub. 103 EFFECTIVE DOSE,0.984807753012208,0.17364817766693041,0.984807753012208,-0.1736481776669303,-1.062489299996,1.0447543047654284,80.00000_100.00000,1.1952888389732017,2.3045121045538144,0.1505345342077733,0.4618121045538144
L0000.ANS,80.0,110.0,8.000085600032,2002/01/00,0,0.04,TOTAL,1.8427,0.11004,microSv/hr,ICRP Pub. 103 EFFECTIVE DOSE,0.984807753012208,0.17364817766693041,0.9396926207859084,-0.3420201433256687,-1.062489299996,1.0447543047654284,80.00000_110.00000,1.1931585684379662,2.297480092487512,0.14840426367253778,0.45478009248751206
L0000.ANS,80.0,120.0,8.000085600032,2002/01/00,0,0.05,TOTAL,1.8427,0.11004,microSv/hr,ICRP Pub. 103 EFFECTIVE DOSE,0.984807753012208,0.17364817766693041,0.8660254037844387,-0.4999999999999998,-1.062489299996,1.0447543047654284,80.00000_120.00000,1.1910221163187007,2.290442704353881,0.1462678115532723,0.4477427043538811
L0000.ANS,80.0,130.0,8.000085600032,2002/01/00,0,0.04,TOTAL,1.8427,0.11004,microSv/hr,ICRP Pub. 103 EFFECTIVE DOSE,0.984807753012208,0.17364817766693041,0.766044443118978,-0.6427876096865394,-1.062489299996,1.0447543047654284,80.00000_130.00000,1.1889443976319518,2.283613187423712,0.1441900928665234,0.440913187423712
L0000.ANS,80.0,140.0,8.000085600032,2002/01/00,0,0.05,TOTAL,1.8427,0.11004,microSv/hr,ICRP Pub. 103 EFFECTIVE DOSE,0.984807753012208,0.17364817766693041,0.6427876096865395,-0.7660444431189779,-1.062489299996,1.0447543047654284,80.00000_140.00000,1.1869885428086402,2.277197193155163,0.14223423804321178,0.4344971931551631
L0000.ANS,80.0,150.0,8.000085600032,2002/01/00,0,0.03,TOTAL,1.8427,0.11004,microSv/hr,ICRP Pub. 103 EFFECTIVE DOSE,0.984807753012208,0.17364817766693041,0.49999999999999994,-0.8660254037844387,-1.062489299996,1.0447543047654284,80.00000_150.00000,1.1852139795078618,2.271386756305565,0.14045967474243337,0.42868675630556496
L0000.ANS,80.0,160.0,8.000085600032,2002/01/00,0,0.02,TOTAL,1.8427,0.11004,microSv/hr,ICRP Pub. 103 EFFECTIVE DOSE,0.984807753012208,0.17364817766693041,0.3420201433256689,-0.9396926207859083,-1.062489299996,1.0447543047654284,80.00000_160.00000,1.1836746269375384,2.266354812655064,0.13892032217211003,0.4236548126550639
L0000.ANS,80.0,170.0,8.000085600032,2002/01/00,0,0.04,TOTAL,1.8427,0.11004,microSv/hr,ICRP Pub. 103 EFFECTIVE DOSE,0.984807753012208,0.17364817766693041,0.17364817766693028,-0.984807753012208,-1.062489299996,1.0447543047654284,80.00000_170.00000,1.1824172575465695,2.262250379028943,0.13766295278114105,0.4195503790289432
L0000.ANS,-80.0,-179.99999,9.000134400036,2002/01/00,0,0.0,TOTAL,2.5814,0.15207,microSv/hr,ICRP Pub. 103 EFFECTIVE DOSE,-0.984807753012208,0.17364817766693041,-1.745329251238221e-07,-0.9999999999999848,-0.9374831999955,1.275753785420522,-80.00000_-179.99999,1.421762461324992,3.144418384307129,0.14600867590446986,0.5630183843071292
L0000.ANS,-80.0,-170.0,9.000134400036,2002/01/00,0,0.03,TOTAL,2.5814,0.15207,microSv/hr,ICRP Pub. 103 EFFECTIVE DOSE,-0.984807753012208,0.17364817766693041,-0.17364817766693028,-0.984807753012208,-0.9374831999955,1.275753785420522,-80.00000_-170.00000,1.4211739439159157,3.1419800395120268,0.14542015849539358,0.5605800395120268
L0000.ANS,-80.0,-160.0,9.000134400036,2002/01/00,0,0.04,TOTAL,2.5814,0.15207,microSv/hr,ICRP Pub. 103 EFFECTIVE DOSE,-0.984807753012208,0.17364817766693041,-0.3420201433256689,-0.9396926207859083,-0.9374831999955,1.275753785420522,-80.00000_-160.00000,1.420951971070187,3.14106073444986,0.1451981856496649,0.5596607344498601
L0000.ANS,-80.0,-150.0,9.000134400036,2002/01/00,0,0.07,TOTAL,2.5814,0.15207,microSv/hr,ICRP Pub. 103 EFFECTIVE DOSE,-0.984807753012208,0.17364817766693041,-0.49999999999999994,-0.8660254037844387,-0.9374831999955,1.275753785420522,-80.00000_-150.00000,1.4211032880871364,3.141687394818196,0.14534950266661428,0.5602873948181961
L0000.ANS,-80.0,-140.0,9.000134400036,2002/01/00,0,0.13,TOTAL,2.5814,0.15207,microSv/hr,ICRP Pub. 103 EFFECTIVE DOSE,-0.984807753012208,0.17364817766693041,-0.6427876096865395,-0.7660444431189779,-0.9374831999955,1.275753785420522,-80.00000_-140.00000,1.4216232972757739,3.143841670392968,0.14586951185525177,0.562441670392968
L0000.ANS,-80.0,-130.0,9.000134400036,2002/01/00,0,0.2,TOTAL,2.5814,0.15207,microSv/hr,ICRP Pub. 103 EFFECTIVE DOSE,-0.984807753012208,0.17364817766693041,-0.766044443118978,-0.6427876096865394,-0.9374831999955,1.275753785420522,-80.00000_-130.00000,1.4224961984200402,3.1474604137015225,0.14674241299951807,0.5660604137015226
L0000.ANS,-80.0,-120.0,9.000134400036,2002/01/00,0,0.27,TOTAL,2.5814,0.15207,microSv/hr,ICRP Pub. 103 EFFECTIVE DOSE,-0.984807753012208,0.17364817766693041,-0.8660254037844387,-0.4999999999999998,-0.9374831999955,1.275753785420522,-80.00000_-120.00000,1.423695468860376,3.1524373241124044,0.14794168343985392,0.5710373241124045
L0000.ANS,-80.0,-110.0,9.000134400036,2002/01/00,0,0.33,TOTAL,2.5814,0.15207,microSv/hr,ICRP Pub. 103 EFFECTIVE DOSE,-0.984807753012208,0.17364817766693041,-0.9396926207859084,-0.3420201433256687,-0.9374831999955,1.275753785420522,-80.00000_-110.00000,1.425184669371312,3.158625742651447,0.14943088395078985,0.5772257426514469
L0000.ANS,-80.0,-100.0,9.000134400036,2002/01/00,0,0.36,TOTAL,2.5814,0.15207,microSv/hr,ICRP Pub. 103 EFFECTIVE DOSE,-0.984807753012208,0.17364817766693041,-0.984807753012208,-0.1736481776669303,-0.9374831999955,1.275753785420522,-80.00000_-100.00000,1.426918551348895,3.165842563628034,0.1511647659283728,0.5844425636280342
L0000.ANS,-80.0,-90.0,9.000134400036,2002/01/00,0,0.43,TOTAL,2.5814,0.15207,microSv/hr,ICRP Pub. 103 EFFECTIVE DOSE,-0.984807753012208,0.17364817766693041,-1.0,6.123233995736766e-17,-0.9374831999955,1.275753785420522,-80.00000_-90.00000,1.4288444316666227,3.173873208376259,0.15309064624610058,0.5924732083762589
L0000.ANS,-80.0,-80.0,9.000134400036,2002/01/00,0,0.45,TOTAL,2.5814,0.15207,microSv/hr,ICRP Pub. 103 EFFECTIVE DOSE,-0.984807753012208,0.17364817766693041,-0.984807753012208,0.17364817766693041,-0.9374831999955,1.275753785420522,-80.00000_-80.00000,1.4309037934255835,3.182477579964337,0.1551500080050614,0.6010775799643371
L0000.ANS,-80.0,-70.0,9.000134400036,2002/01/00,0,0.5,TOTAL,2.5814,0.15207,microSv/hr,ICRP Pub. 103 EFFECTIVE DOSE,-0.984807753012208,0.17364817766693041,-0.9396926207859083,0.3420201433256688,-0.9374831999955,1.275753785420522,-80.00000_-70.00000,1.433034063960819,3.1913968856112027,0.15728027854029691,0.6099968856112028
L0000.ANS,-80.0,-60.0,9.000134400036,2002/01/00,0,0.48,TOTAL,2.5814,0.15207,microSv/hr,ICRP Pub. 103 EFFECTIVE DOSE,-0.984807753012208,0.17364817766693041,-0.8660254037844386,0.5000000000000001,-0.9374831999955,1.275753785420522,-80.00000_-60.00000,1.4351705160800845,3.2003611768499187,0.1594167306595624,0.6189611768499188
L0000.ANS,-80.0,-50.0,9.000134400036,2002/01/00,0,0.49,TOTAL,2.5814,0.15207,microSv/hr,ICRP Pub. 103 EFFECTIVE DOSE,-0.984807753012208,0.17364817766693041,-0.766044443118978,0.6427876096865394,-0.9374831999955,1.275753785420522,-80.00000_-50.00000,1.4372482347668334,3.2090974183414533,0.1614944493463113,0.6276974183414534
L0000.ANS,-80.0,-40.0,9.000134400036,2002/01/00,0,0.46,TOTAL,2.5814,0.15207,microSv/hr,ICRP Pub. 103 EFFECTIVE DOSE,-0.984807753012208,0.17364817766693041,-0.6427876096865393,0.766044443118978,-0.9374831999955,1.275753785420522,-80.00000_-40.00000,1.439204089590145,3.217337857753597,0.16345030416962292,0.6359378577535972
L0000.ANS,-80.0,-30.0,9.000134400036,2002/01/00,0,0.43,TOTAL,2.5814,0.15207,microSv/hr,ICRP Pub. 103 EFFECTIVE DOSE,-0.984807753012208,0.17364817766693041,-0.49999999999999994,0.8660254037844387,-0.9374831999955,1.275753785420522,-80.00000_-30.00000,1.4409786528909234,3.2248284350290186,0.16522486747040133,0.6434284350290187
L0000.ANS,-80.0,-20.0,9.000134400036,2002/01/00,0,0.39,TOTAL,2.5814,0.15207,microSv/hr,ICRP Pub. 103 EFFECTIVE DOSE,-0.984807753012208,0.17364817766693041,-0.3420201433256687,0.9396926207859084,-0.9374831999955,1.275753785420522,-80.00000_-20.00000,1.4425180054612468,3.231336943699214,0.16676422004072466,0.6499369436992142
L0000.ANS,-80.0,-10.0,9.000134400036,2002/01/00,0,0.34,TOTAL,2.5814,0.15207,microSv/hr,ICRP Pub. 103 EFFECTIVE DOSE,-0.984807753012208,0.17364817766693041,-0.17364817766693033,0.984807753012208,-0.9374831999955,1.275753785420522,-80.00000_-10.00000,1.4437753748522157,3.236660643482287,0.16802158943169365,0.6552606434822872
L0000.ANS,-80.0,0.0,9.000134400036,2002/01/00,0,0.29,TOTAL,2.5814,0.15207,microSv/hr,ICRP Pub. 103 EFFECTIVE DOSE,-0.984807753012208,0.17364817766693041,0.0,1.0,-0.9374831999955,1.275753785420522,-80.00000_0.00000,1.4447125565311456,3.2406330253482065,0.16895877111062352,0.6592330253482066
L0000.ANS,-80.0,10.0,9.000134400036,2002/01/00,0,0.26,TOTAL,2.5814,0.15207,microSv/hr,ICRP Pub. 103 EFFECTIVE DOSE,-0.984807753012208,0.17364817766693041,0.17364817766693033,0.984807753012208,-0.9374831999955,1.275753785420522,-80.00000_10.00000,1.4453010747069586,3.2431294494840124,0.16954728928643648,0.6617294494840125
L0000.ANS,-80.0,20.0,9.000134400036,2002/01/00,0,0.2,TOTAL,2.5814,0.15207,microSv/hr,ICRP Pub. 103 EFFECTIVE DOSE,-0.984807753012208,0.17364817766693041,0.3420201433256687,0.9396926207859084,-0.9374831999955,1.275753785420522,-80.00000_20.00000,1.4455230475526872,3.244071413544063,0.16976926213216514,0.662671413544063
L0000.ANS,-80.0,30.0,9.000134400036,2002/01/00,0,0.14,TOTAL,2.5814,0.15207,microSv/hr,ICRP Pub. 103 EFFECTIVE DOSE,-0.984807753012208,0.17364817766693041,0.49999999999999994,0.8660254037844387,-0.9374831999955,1.275753785420522,-80.00000_30.00000,1.4453717305357379,3.2434292619035063,0.16961794511521577,0.6620292619035064
L0000.ANS,-80.0,40.0,9.000134400036,2002/01/00,0,0.08,TOTAL,2.5814,0.15207,microSv/hr,ICRP Pub. 103 EFFECTIVE DOSE,-0.984807753012208,0.17364817766693041,0.6427876096865393,0.766044443118978,-0.9374831999955,1.275753785420522,-80.00000_40.00000,1.4448517213471002,3.241223213328458,0.16909793592657807,0.6598232133284583
L0000.ANS,-80.0,50.0,9.000134400036,2002/01/00,0,0.06,TOTAL,2.5814,0.15207,microSv/hr,ICRP Pub. 103 EFFECTIVE DOSE,-0.984807753012208,0.17364817766693041,0.766044443118978,0.6427876096865394,-0.9374831999955,1.275753785420522,-80.00000_50.00000,1.4439788202028339,3.237522660076011,0.16822503478231177,0.656122660076011
L0000.ANS,-80.0,60.0,9.000134400036,2002/01/00,0,0.03,TOTAL,2.5814,0.15207,microSv/hr,ICRP Pub. 103 EFFECTIVE DOSE,-0.984807753012208,0.17364817766693041,0.8660254037844386,0.5000000000000001,-0.9374831999955,1.275753785420522,-80.00000_60.00000,1.442779549762498,3.232443770499324,0.1670257643419759,0.6510437704993239
L0000.ANS,-80.0,70.0,9.000134400036,2002/01/00,0,0.02,TOTAL,2.5814,0.15207,microSv/hr,ICRP Pub. 103 EFFECTIVE DOSE,-0.984807753012208,0.17364817766693041,0.9396926207859083,0.3420201433256688,-0.9374831999955,1.275753785420522,-80.00000_70.00000,1.441290349251562,3.226145503928668,0.16553656383103998,0.644745503928668
L0000.ANS,-80.0,80.0,9.000134400036,2002/01/00,0,0.0,TOTAL,2.5814,0.15207,microSv/hr,ICRP Pub. 103 EFFECTIVE DOSE,-0.984807753012208,0.17364817766693041,0.984807753012208,0.17364817766693041,-0.9374831999955,1.275753785420522,-80.00000_80.00000,1.4395564672739791,3.2188242153641045,0.16380268185345703,0.6374242153641045
L0000.ANS,-80.0,90.0,9.000134400036,2002/01/00,0,0.0,TOTAL,2.5814,0.15207,microSv/hr,ICRP Pub. 103 EFFECTIVE DOSE,-0.984807753012208,0.17364817766693041,1.0,6.123233995736766e-17,-0.9374831999955,1.275753785420522,-80.00000_90.00000,1.4376305869562513,3.2107070836647496,0.16187680153572925,0.6293070836647496
L0000.ANS,-80.0,100.0,9.000134400036,2002/01/00,0,0.0,TOTAL,2.5814,0.15207,microSv/hr,ICRP Pub. 103 EFFECTIVE DOSE,-0.984807753012208,0.17364817766693041,0.984807753012208,-0.1736481776669303,-0.9374831999955,1.275753785420522,-80.00000_100.00000,1.4355712251972905,3.2020446371354576,0.15981743977676843,0.6206446371354577
L0000.ANS,-80.0,110.0,9.000134400036,2002/01/00,0,0.0,TOTAL,2.5814,0.15207,microSv/hr,ICRP Pub. 103 EFFECTIVE DOSE,-0.984807753012208,0.17364817766693041,0.9396926207859084,-0.3420201433256687,-0.9374831999955,1.275753785420522,-80.00000_110.00000,1.4334409546620552,3.1931026730401357,0.15768716924153314,0.6117026730401358
L0000.ANS,-80.0,120.0,9.000134400036,2002/01/00,0,0.0,TOTAL,2.5814,0.15207,microSv/hr,ICRP Pub. 103 EFFECTIVE DOSE,-0.984807753012208,0.17364817766693041,0.8660254037844387,-0.4999999999999998,-0.9374831999955,1.275753785420522,-80.00000_120.00000,1.4313045025427895,3.1841538726935985,0.15555071712226742,0.6027538726935986
L0000.ANS,-80.0,130.0,9.000134400036,2002/01/00,0,0.0,TOTAL,2.5814,0.15207,microSv/hr,ICRP Pub. 103 EFFECTIVE DOSE,-0.984807753012208,0.17364817766693041,0.766044443118978,-0.6427876096865394,-0.9374831999955,1.275753785420522,-80.00000_130.00000,1.4292267838560406,3.1754694030706565,0.15347299843551854,0.5940694030706566
L0000.ANS,-80.0,140.0,9.000134400036,2002/01/00,0,0.0,TOTAL,2.5814,0.15207,microSv/hr,ICRP Pub. 103 EFFECTIVE DOSE,-0.984807753012208,0.17364817766693041,0.6427876096865395,-0.7660444431189779,-0.9374831999955,1.275753785420522,-80.00000_140.00000,1.427270929032729,3.167310772248607,0.15151714361220692,0.585910772248607
L0000.ANS,-80.0,150.0,9.000134400036,2002/01/00,0,0.0,TOTAL,2.5814,0.15207,microSv/hr,ICRP Pub. 103 EFFECTIVE DOSE,-0.984807753012208,0.17364817766693041,0.49999999999999994,-0.8660254037844387,-0.9374831999955,1.275753785420522,-80.00000_150.00000,1.4254963657319506,3.1599221731965343,0.1497425803114285,0.5785221731965344
L0000.ANS,-80.0,160.0,9.000134400036,2002/01/00,0,0.0,TOTAL,2.5814,0.15207,microSv/hr,ICRP Pub. 103 EFFECTIVE DOSE,-0.984807753012208,0.17364817766693041,0.3420201433256689,-0.9396926207859083,-0.9374831999955,1.275753785420522,-80.00000_160.00000,1.4239570131616273,3.1535235124678245,0.14820322774110517,0.5721235124678246
L0000.ANS,-80.0,170.0,9.000134400036,2002/01/00,0,0.0,TOTAL,2.5814,0.15207,microSv/hr,ICRP Pub. 103 EFFECTIVE DOSE,-0.984807753012208,0.17364817766693041,0.17364817766693028,-0.984807753012208,-0.9374831999955,1.275753785420522,-80.00000_170.00000,1.4226996437706583,3.1483042810770994,0.14694585835013618,0.5669042810770994
L0000.ANS,-75.0,-179.99999,9.000134400036,2002/01/00,0,0.02,TOTAL,2.5814,0.15207,microSv/hr,ICRP Pub. 103 EFFECTIVE DOSE,-0.9659258262890683,0.25881904510252074,-1.745329251238221e-07,-0.9999999999999848,-0.9374831999955,1.275753785420522,-75.00000_-179.99999,1.3609836538839075,2.900027693016717,0.08522986846338543,0.3186276930167171
L0000.ANS,-75.0,-170.0,9.000134400036,2002/01/00,0,0.06,TOTAL,2.5814,0.15207,microSv/hr,ICRP Pub. 103 EFFECTIVE DOSE,-0.9659258262890683,0.25881904510252074,-0.17364817766693028,-0.984807753012208,-0.9374831999955,1.275753785420522,-75.00000_-170.00000,1.360395136474831,2.8977331340836625,0.08464135105430892,0.3163331340836626
L0000.ANS,-75.0,-160.0,9.000134400036,2002/01/00,0,0.1,TOTAL,2.5814,0.15207,microSv/hr,ICRP Pub. 103 EFFECTIVE DOSE,-0.9659258262890683,0.25881904510252074,-0.3420201433256689,-0.9396926207859083,-0.9374831999955,1.275753785420522,-75.00000_-160.00000,1.3601731636291023,2.8968680391853394,0.08441937820858025,0.3154680391853395
L0000.ANS,-75.0,-150.0,9.000134400036,2002/01/00,0,0.21,TOTAL,2.5814,0.15207,microSv/hr,ICRP Pub. 103 EFFECTIVE DOSE,-0.9659258262890683,0.25881904510252074,-0.49999999999999994,-0.8660254037844387,-0.9374831999955,1.275753785420522,-75.00000_-150.00000,1.3603244806460517,2.8974577462477056,0.08457069522552962,0.31605774624770566
L0000.ANS,-75.0,-140.0,9.000134400036,2002/01/00,0,0.28,TOTAL,2.5814,0.15207,microSv/hr,ICRP Pub. 103 EFFECTIVE DOSE,-0.9659258262890683,0.25881904510252074,-0.6427876096865395,-0.7660444431189779,-0.9374831999955,1.275753785420522,-75.00000_-140.00000,1.3608444898346894,2.8994849871343438,0.08509070441416733,0.31808498713434386
L0000.ANS,-75.0,-130.0,9.000134400036,2002/01/00,0,0.4,TOTAL,2.5814,0.15207,microSv/hr,ICRP Pub. 103 EFFECTIVE DOSE,-0.9659258262890683,0.25881904510252074,-0.766044443118978,-0.6427876096865394,-0.9374831999955,1.275753785420522,-75.00000_-130.00000,1.3617173909789557,2.9028903380928095,0.08596360555843363,0.3214903380928096
L0000.ANS,-75.0,-120.0,9.000134400036,2002/01/00,0,0.5,TOTAL,2.5814,0.15207,microSv/hr,ICRP Pub. 103 EFFECTIVE DOSE,-0.9659258262890683,0.25881904510252074,-0.8660254037844387,-0.4999999999999998,-0.9374831999955,1.275753785420522,-75.00000_-120.00000,1.3629166614192916,2.907573766894689,0.08716287599876948,0.3261737668946889
L0000.ANS,-75.0,-110.0,9.000134400036,2002/01/00,0,0.62,TOTAL,2.5814,0.15207,microSv/hr,ICRP Pub. 103 EFFECTIVE DOSE,-0.9659258262890683,0.25881904510252074,-0.9396926207859084,-0.3420201433256687,-0.9374831999955,1.275753785420522,-75.00000_-110.00000,1.3644058619302275,2.9133972628452014,0.08865207650970541,0.3319972628452015
L0000.ANS,-75.0,-100.0,9.000134400036,2002/01/00,0,0.73,TOTAL,2.5813,0.15207,microSv/hr,ICRP Pub. 103 EFFECTIVE DOSE,-0.9659258262890683,0.25881904510252074,-0.984807753012208,-0.1736481776669303,-0.9374831999955,1.2757258629890351,-75.00000_-100.00000,1.3661397439078105,2.920188517746205,0.09041388091877534,0.3388885177462049
L0000.ANS,-75.0,-90.0,9.000134400036,2002/01/00,0,0.81,TOTAL,2.5812,0.15207,microSv/hr,ICRP Pub. 103 EFFECTIVE DOSE,-0.9659258262890683,0.25881904510252074,-1.0,6.123233995736766e-17,-0.9374831999955,1.2756979397778638,-75.00000_-90.00000,1.3680656242255382,2.927745606342629,0.0923676844476744,0.3465456063426289
L0000.ANS,-75.0,-80.0,9.000134400036,2002/01/00,0,0.87,TOTAL,2.5811,0.15207,microSv/hr,ICRP Pub. 103 EFFECTIVE DOSE,-0.9659258262890683,0.25881904510252074,-0.984807753012208,0.17364817766693041,-0.9374831999955,1.2756700157869654,-75.00000_-80.00000,1.370124985984499,2.935842589890809,0.09445497019753368,0.354742589890809
L0000.ANS,-75.0,-70.0,9.000134400036,2002/01/00,0,0.9,TOTAL,2.5811,0.15207,microSv/hr,ICRP Pub. 103 EFFECTIVE DOSE,-0.9659258262890683,0.25881904510252074,-0.9396926207859083,0.3420201433256688,-0.9374831999955,1.2756700157869654,-75.00000_-70.00000,1.3722552565197343,2.9442359362664954,0.09658524073276897,0.3631359362664952
L0000.ANS,-75.0,-60.0,9.000134400036,2002/01/00,0,0.93,TOTAL,2.5809,0.15207,microSv/hr,ICRP Pub. 103 EFFECTIVE DOSE,-0.9659258262890683,0.25881904510252074,-0.8660254037844386,0.5000000000000001,-0.9374831999955,1.2756141654658115,-75.00000_-60.00000,1.374391708639,2.9526716154951282,0.09877754317318854,0.37177161549512805
L0000.ANS,-75.0,-50.0,9.000134400036,2002/01/00,0,0.89,TOTAL,2.5811,0.15207,microSv/hr,ICRP Pub. 103 EFFECTIVE DOSE,-0.9659258262890683,0.25881904510252074,-0.766044443118978,0.6427876096865394,-0.9374831999955,1.2756700157869654,-75.00000_-50.00000,1.376469427325749,2.9608926927586783,0.10079941153878358,0.3797926927586781
L0000.ANS,-75.0,-40.0,9.000134400036,2002/01/00,0,0.82,TOTAL,2.5812,0.15207,microSv/hr,ICRP Pub. 103 EFFECTIVE DOSE,-0.9659258262890683,0.25881904510252074,-0.6427876096865393,0.766044443118978,-0.9374831999955,1.2756979397778638,-75.00000_-40.00000,1.3784252821490606,2.968647204714247,0.10272734237119674,0.3874472047142472
L0000.ANS,-75.0,-30.0,9.000134400036,2002/01/00,0,0.76,TOTAL,2.5813,0.15207,microSv/hr,ICRP Pub. 103 EFFECTIVE DOSE,-0.9659258262890683,0.25881904510252074,-0.49999999999999994,0.8660254037844387,-0.9374831999955,1.2757258629890351,-75.00000_-30.00000,1.380199845449839,2.9756960728790642,0.10447398246080386,0.3943960728790641
L0000.ANS,-75.0,-20.0,9.000134400036,2002/01/00,0,0.68,TOTAL,2.5813,0.15207,microSv/hr,ICRP Pub. 103 EFFECTIVE DOSE,-0.9659258262890683,0.25881904510252074,-0.3420201433256687,0.9396926207859084,-0.9374831999955,1.2757258629890351,-75.00000_-20.00000,1.3817391980201623,2.9818207836829047,0.1060133350311272,0.40052078368290456
L0000.ANS,-75.0,-10.0,9.000134400036,2002/01/00,0,0.59,TOTAL,2.5814,0.15207,microSv/hr,ICRP Pub. 103 EFFECTIVE DOSE,-0.9659258262890683,0.25881904510252074,-0.17364817766693033,0.984807753012208,-0.9374831999955,1.275753785420522,-75.00000_-10.00000,1.3829965674111313,2.9868305521613743,0.10724278199060922,0.40543055216137436
L0000.ANS,-75.0,0.0,9.000134400036,2002/01/00,0,0.53,TOTAL,2.5814,0.15207,microSv/hr,ICRP Pub. 103 EFFECTIVE DOSE,-0.9659258262890683,0.25881904510252074,0.0,1.0,-0.9374831999955,1.275753785420522,-75.00000_0.00000,1.383933749090061,2.9905686880945086,0.10817996366953886,0.4091686880945087
L0000.ANS,-75.0,10.0,9.000134400036,2002/01/00,0,0.43,TOTAL,2.5814,0.15207,microSv/hr,ICRP Pub. 103 EFFECTIVE DOSE,-0.9659258262890683,0.25881904510252074,0.17364817766693033,0.984807753012208,-0.9374831999955,1.275753785420522,-75.00000_10.00000,1.384522267265874,2.992917901508874,0.10876848184535182,0.41151790150887413
L0000.ANS,-75.0,20.0,9.000134400036,2002/01/00,0,0.34,TOTAL,2.5814,0.15207,microSv/hr,ICRP Pub. 103 EFFECTIVE DOSE,-0.9659258262890683,0.25881904510252074,0.3420201433256687,0.9396926207859084,-0.9374831999955,1.275753785420522,-75.00000_20.00000,1.3847442401116026,2.9938043192349255,0.10899045469108049,0.4124043192349256
L0000.ANS,-75.0,30.0,9.000134400036,2002/01/00,0,0.26,TOTAL,2.5814,0.15207,microSv/hr,ICRP Pub. 103 EFFECTIVE DOSE,-0.9659258262890683,0.25881904510252074,0.49999999999999994,0.8660254037844387,-0.9374831999955,1.275753785420522,-75.00000_30.00000,1.3845929230946532,2.9932000343995018,0.10883913767413111,0.41180003439950186
L0000.ANS,-75.0,40.0,9.000134400036,2002/01/00,0,0.19,TOTAL,2.5814,0.15207,microSv/hr,ICRP Pub. 103 EFFECTIVE DOSE,-0.9659258262890683,0.25881904510252074,0.6427876096865393,0.766044443118978,-0.9374831999955,1.275753785420522,-75.00000_40.00000,1.3840729139060157,2.9911240734956994,0.10831912848549363,0.4097240734956995
L0000.ANS,-75.0,50.0,9.000134400036,2002/01/00,0,0.11,TOTAL,2.5814,0.15207,microSv/hr,ICRP Pub. 103 EFFECTIVE DOSE,-0.9659258262890683,0.25881904510252074,0.766044443118978,0.6427876096865394,-0.9374831999955,1.275753785420522,-75.00000_50.00000,1.3832000127617494,2.987641736813989,0.10744622734122733,0.406241736813989
L0000.ANS,-75.0,60.0,9.000134400036,2002/01/00,0,0.05,TOTAL,2.5814,0.15207,microSv/hr,ICRP Pub. 103 EFFECTIVE DOSE,-0.9659258262890683,0.25881904510252074,0.8660254037844386,0.5000000000000001,-0.9374831999955,1.275753785420522,-75.00000_60.00000,1.3820007423214136,2.9828623424184193,0.10624695690089148,0.4014623424184194
L0000.ANS,-75.0,70.0,9.000134400036,2002/01/00,0,0.02,TOTAL,2.5814,0.15207,microSv/hr,ICRP Pub. 103 EFFECTIVE DOSE,-0.9659258262890683,0.25881904510252074,0.9396926207859083,0.3420201433256688,-0.9374831999955,1.275753785420522,-75.00000_70.00000,1.3805115418104776,2.9769354760246762,0.10475775638995555,0.3955354760246763
L0000.ANS,-75.0,80.0,9.000134400036,2002/01/00,0,0.0,TOTAL,2.5814,0.15207,microSv/hr,ICRP Pub. 103 EFFECTIVE DOSE,-0.9659258262890683,0.25881904510252074,0.984807753012208,0.17364817766693041,-0.9374831999955,1.275753785420522,-75.00000_80.00000,1.3787776598328947,2.970045913846668,0.1030238744123726,0.388645913846668
L0000.ANS,-75.0,90.0,9.000134400036,2002/01/00,0,0.0,TOTAL,2.5814,0.15207,microSv/hr,ICRP Pub. 103 EFFECTIVE DOSE,-0.9659258262890683,0.25881904510252074,1.0,6.123233995736766e-17,-0.9374831999955,1.275753785420522,-75.00000_90.00000,1.376851779515167,2.9624074383164904,0.10109799409464482,0.38100743831649053
L0000.ANS,-75.0,100.0,9.000134400036,2002/01/00,0,0.0,TOTAL,2.5814,0.15207,microSv/hr,ICRP Pub. 103 EFFECTIVE DOSE,-0.9659258262890683,0.25881904510252074,0.984807753012208,-0.1736481776669303,-0.9374831999955,1.275753785420522,-75.00000_100.00000,1.374792417756206,2.9542558044270555,0.099038632335684,0.37285580442705557
L0000.ANS,-75.0,110.0,9.000134400036,2002/01/00,0,0.0,TOTAL,2.5814,0.15207,microSv/hr,ICRP Pub. 103 EFFECTIVE DOSE,-0.9659258262890683,0.25881904510252074,0.9396926207859084,-0.3420201433256687,-0.9374831999955,1.275753785420522,-75.00000_110.00000,1.3726621472209706,2.9458411357406673,0.09690836180044848,0.3644411357406674
L0000.ANS,-75.0,120.0,9.000134400036,2002/01/00,0,0.0,TOTAL,2.5814,0.15207,microSv/hr,ICRP Pub. 103 EFFECTIVE DOSE,-0.9659258262890683,0.25881904510252074,0.8660254037844387,-0.4999999999999998,-0.9374831999955,1.275753785420522,-75.00000_120.00000,1.370525695101705,2.9374200339274625,0.09477190968118299,0.3560200339274626
L0000.ANS,-75.0,130.0,9.000134400036,2002/01/00,0,0.0,TOTAL,2.5814,0.15207,microSv/hr,ICRP Pub. 103 EFFECTIVE DOSE,-0.9659258262890683,0.25881904510252074,0.766044443118978,-0.6427876096865394,-0.9374831999955,1.275753785420522,-75.00000_130.00000,1.3684479764149562,2.929247675616129,0.0926941909944341,0.34784767561612906
L0000.ANS,-75.0,140.0,9.000134400036,2002/01/00,0,0.0,TOTAL,2.5814,0.15207,microSv/hr,ICRP Pub. 103 EFFECTIVE DOSE,-0.9659258262890683,0.25881904510252074,0.6427876096865395,-0.7660444431189779,-0.9374831999955,1.275753785420522,-75.00000_140.00000,1.3664921215916446,2.9215701481098386,0.09073833617112248,0.3401701481098387
L0000.ANS,-75.0,150.0,9.000134400036,2002/01/00,0,0.0,TOTAL,2.5814,0.15207,microSv/hr,ICRP Pub. 103 EFFECTIVE DOSE,-0.9659258262890683,0.25881904510252074,0.49999999999999994,-0.8660254037844387,-0.9374831999955,1.275753785420522,-75.00000_150.00000,1.3647175582908662,2.914617244651831,0.08896377287034407,0.3332172446518311
L0000.ANS,-75.0,160.0,9.000134400036,2002/01/00,0,0.0,TOTAL,2.5814,0.15207,microSv/hr,ICRP Pub. 103 EFFECTIVE DOSE,-0.9659258262890683,0.25881904510252074,0.3420201433256689,-0.9396926207859083,-0.9374831999955,1.275753785420522,-75.00000_160.00000,1.3631782057205428,2.908595904206407,0.08742442030002073,0.3271959042064072
L0000.ANS,-75.0,170.0,9.000134400036,2002/01/00,0,0.0,TOTAL,2.5814,0.15207,microSv/hr,ICRP Pub. 103 EFFECTIVE DOSE,-0.9659258262890683,0.25881904510252074,0.17364817766693028,-0.984807753012208,-0.9374831999955,1.275753785420522,-75.00000_170.00000,1.3619208363295738,2.9036844437618807,0.08616705090905175,0.3222844437618808
L0000.ANS,-70.0,-179.99999,9.000134400036,2002/01/00,0,0.06,TOTAL,2.5814,0.15207,microSv/hr,ICRP Pub. 103 EFFECTIVE DOSE,-0.9396926207859083,0.3420201433256688,-1.745329251238221e-07,-0.9999999999999848,-0.9374831999955,1.275753785420522,-70.00000_-179.99999,1.3014085010967613,2.6744685174229637,0.025654715676239226,0.09306851742296374
L0000.ANS,-70.0,-170.0,9.000134400036,2002/01/00,0,0.15,TOTAL,2.5814,0.15207,microSv/hr,ICRP Pub. 103 EFFECTIVE DOSE,-0.9396926207859083,0.3420201433256688,-0.17364817766693028,-0.984807753012208,-0.9374831999955,1.275753785420522,-70.00000_-170.00000,1.3008199836876848,2.672306664937665,0.02506619826716272,0.0909066649376653
L0000.ANS,-70.0,-160.0,9.000134400036,2002/01/00,0,0.24,TOTAL,2.5814,0.15207,microSv/hr,ICRP Pub. 103 EFFECTIVE DOSE,-0.9396926207859083,0.3420201433256688,-0.3420201433256689,-0.9396926207859083,-0.9374831999955,1.275753785420522,-70.00000_-160.00000,1.3005980108419561,2.671491603041012,0.024844225421434052,0.09009160304101194
L0000.ANS,-70.0,-150.0,9.000134400036,2002/01/00,0,0.37,TOTAL,2.5814,0.15207,microSv/hr,ICRP Pub. 103 EFFECTIVE DOSE,-0.9396926207859083,0.3420201433256688,-0.49999999999999994,-0.8660254037844387,-0.9374831999955,1.275753785420522,-70.00000_-150.00000,1.3007493278589055,2.672047204233036,0.024995542438383422,0.09064720423303596
L0000.ANS,-70.0,-140.0,9.000134400036,2002/01/00,0,0.53,TOTAL,2.5814,0.15207,microSv/hr,ICRP Pub. 103 EFFECTIVE DOSE,-0.9396926207859083,0.3420201433256688,-0.6427876096865395,-0.7660444431189779,-0.9374831999955,1.275753785420522,-70.00000_-140.00000,1.301269337047543,2.673957199084744,0.025515551627020905,0.09255719908474402
L0000.ANS,-70.0,-130.0,9.000134400036,2002/01/00,0,0.71,TOTAL,2.5813,0.15207,microSv/hr,ICRP Pub. 103 EFFECTIVE DOSE,-0.9396926207859083,0.3420201433256688,-0.766044443118978,-0.6427876096865394,-0.9374831999955,1.2757258629890351,-70.00000_-130.00000,1.3021422381918093,2.67716560063278,0.02641637520277418,0.09586560063277982
L0000.ANS,-70.0,-120.0,9.000134400036,2002/01/00,0,0.89,TOTAL,2.5811,0.15207,microSv/hr,ICRP Pub. 103 EFFECTIVE DOSE,-0.9396926207859083,0.3420201433256688,-0.8660254037844387,-0.4999999999999998,-0.9374831999955,1.2756700157869654,-70.00000_-120.00000,1.3033415086321452,2.681578162040206,0.02767149284517978,0.10047816204020599
L0000.ANS,-70.0,-110.0,9.000134400036,2002/01/00,0,1.09,TOTAL,2.5797,0.15207,microSv/hr,ICRP Pub. 103 EFFECTIVE DOSE,-0.9396926207859083,0.3420201433256688,-0.9396926207859084,-0.3420201433256687,-0.9374831999955,1.2752789980186048,-70.00000_-110.00000,1.304830709143081,2.6870648544987787,0.0295517111244763,0.10736485449877886
L0000.ANS,-70.0,-100.0,9.000134400036,2002/01/00,0,1.28,TOTAL,2.5764,0.15207,microSv/hr,ICRP Pub. 103 EFFECTIVE DOSE,-0.9396926207859083,0.3420201433256688,-0.984807753012208,-0.1736481776669303,-0.9374831999955,1.2743567078790259,-70.00000_-100.00000,1.306564591120664,2.693463335302444,0.03220788324163815,0.11706333530244395
L0000.ANS,-70.0,-90.0,9.000134400036,2002/01/00,0,1.42,TOTAL,2.5718,0.15205,microSv/hr,ICRP Pub. 103 EFFECTIVE DOSE,-0.9396926207859083,0.3420201433256688,-1.0,6.123233995736766e-17,-0.9374831999955,1.2730696704052624,-70.00000_-90.00000,1.3084904714383918,2.7005833575988643,0.03542080103312939,0.12878335759886417
L0000.ANS,-70.0,-80.0,9.000134400036,2002/01/00,0,1.53,TOTAL,2.5663,0.15201,microSv/hr,ICRP Pub. 103 EFFECTIVE DOSE,-0.9396926207859083,0.3420201433256688,-0.984807753012208,0.17364817766693041,-0.9374831999955,1.2715286437767666,-70.00000_-80.00000,1.3105498331973529,2.708212049873834,0.0390211894205863,0.141912049873834
L0000.ANS,-70.0,-70.0,9.000134400036,2002/01/00,0,1.53,TOTAL,2.5663,0.15201,microSv/hr,ICRP Pub. 103 EFFECTIVE DOSE,-0.9396926207859083,0.3420201433256688,-0.9396926207859083,0.3420201433256688,-0.9374831999955,1.2715286437767666,-70.00000_-70.00000,1.3126801037325881,2.7161199647505687,0.04115145995582159,0.1498199647505687
L0000.ANS,-70.0,-60.0,9.000134400036,2002/01/00,0,1.55,TOTAL,2.5654,0.15201,microSv/hr,ICRP Pub. 103 EFFECTIVE DOSE,-0.9396926207859083,0.3420201433256688,-0.8660254037844386,0.5000000000000001,-0.9374831999955,1.271276249535624,-70.00000_-60.00000,1.3148165558518536,2.724067764148042,0.04354030631622963,0.15866776414804207
L0000.ANS,-70.0,-50.0,9.000134400036,2002/01/00,0,1.42,TOTAL,2.5716,0.15205,microSv/hr,ICRP Pub. 103 EFFECTIVE DOSE,-0.9396926207859083,0.3420201433256688,-0.766044443118978,0.6427876096865394,-0.9374831999955,1.2730136746609244,-70.00000_-50.00000,1.3168942745386025,2.7318133731441794,0.04388059987767812,0.16021337314417927
L0000.ANS,-70.0,-40.0,9.000134400036,2002/01/00,0,1.35,TOTAL,2.5743,0.15206,microSv/hr,ICRP Pub. 103 EFFECTIVE DOSE,-0.9396926207859083,0.3420201433256688,-0.6427876096865393,0.766044443118978,-0.9374831999955,1.2737693527780225,-70.00000_-40.00000,1.3188501293619141,2.739119400765403,0.045080776583891646,0.16481940076540313
L0000.ANS,-70.0,-30.0,9.000134400036,2002/01/00,0,1.23,TOTAL,2.5776,0.15207,microSv/hr,ICRP Pub. 103 EFFECTIVE DOSE,-0.9396926207859083,0.3420201433256688,-0.49999999999999994,0.8660254037844387,-0.9374831999955,1.2746921845385883,-70.00000_-30.00000,1.3206246926626926,2.7457605956988296,0.04593250812410421,0.16816059569882968
L0000.ANS,-70.0,-20.0,9.000134400036,2002/01/00,0,1.06,TOTAL,2.5801,0.15207,microSv/hr,ICRP Pub. 103 EFFECTIVE DOSE,-0.9396926207859083,0.3420201433256688,-0.3420201433256687,0.9396926207859084,-0.9374831999955,1.275390732983385,-70.00000_-20.00000,1.322164045233016,2.751531082166741,0.046773312249630994,0.17143108216674108
L0000.ANS,-70.0,-10.0,9.000134400036,2002/01/00,0,0.92,TOTAL,2.581,0.15207,microSv/hr,ICRP Pub. 103 EFFECTIVE DOSE,-0.9396926207859083,0.3420201433256688,-0.17364817766693033,0.984807753012208,-0.9374831999955,1.2756420910162956,-70.00000_-10.00000,1.323421414623985,2.7562511093056967,0.04777932360768955,0.17525110930569676
L0000.ANS,-70.0,0.0,9.000134400036,2002/01/00,0,0.79,TOTAL,2.5813,0.15207,microSv/hr,ICRP Pub. 103 EFFECTIVE DOSE,-0.9396926207859083,0.3420201433256688,0.0,1.0,-0.9374831999955,1.2757258629890351,-70.00000_0.00000,1.3243585963029147,2.759773049117751,0.04863273331387963,0.17847304911775064
L0000.ANS,-70.0,10.0,9.000134400036,2002/01/00,0,0.67,TOTAL,2.5813,0.15207,microSv/hr,ICRP Pub. 103 EFFECTIVE DOSE,-0.9396926207859083,0.3420201433256688,0.17364817766693033,0.984807753012208,-0.9374831999955,1.2757258629890351,-70.00000_10.00000,1.3249471144787277,2.761986395127383,0.049221251489692586,0.18068639512738294
L0000.ANS,-70.0,20.0,9.000134400036,2002/01/00,0,0.55,TOTAL,2.5814,0.15207,microSv/hr,ICRP Pub. 103 EFFECTIVE DOSE,-0.9396926207859083,0.3420201433256688,0.3420201433256687,0.9396926207859084,-0.9374831999955,1.275753785420522,-70.00000_20.00000,1.3251690873244564,2.7628215466401516,0.04941530190393428,0.18142154664015164
L0000.ANS,-70.0,30.0,9.000134400036,2002/01/00,0,0.44,TOTAL,2.5814,0.15207,microSv/hr,ICRP Pub. 103 EFFECTIVE DOSE,-0.9396926207859083,0.3420201433256688,0.49999999999999994,0.8660254037844387,-0.9374831999955,1.275753785420522,-70.00000_30.00000,1.325017770307507,2.7622522107845895,0.04926398488698491,0.18085221078458957
L0000.ANS,-70.0,40.0,9.000134400036,2002/01/00,0,0.34,TOTAL,2.5814,0.15207,microSv/hr,ICRP Pub. 103 EFFECTIVE DOSE,-0.9396926207859083,0.3420201433256688,0.6427876096865393,0.766044443118978,-0.9374831999955,1.275753785420522,-70.00000_40.00000,1.3244977611188693,2.760296313651324,0.04874397569834721,0.17889631365132397
L0000.ANS,-70.0,50.0,9.000134400036,2002/01/00,0,0.22,TOTAL,2.5814,0.15207,microSv/hr,ICRP Pub. 103 EFFECTIVE DOSE,-0.9396926207859083,0.3420201433256688,0.766044443118978,0.6427876096865394,-0.9374831999955,1.275753785420522,-70.00000_50.00000,1.323624859974603,2.757015378870547,0.047871074554080906,0.175615378870547
L0000.ANS,-70.0,60.0,9.000134400036,2002/01/00,0,0.13,TOTAL,2.5814,0.15207,microSv/hr,ICRP Pub. 103 EFFECTIVE DOSE,-0.9396926207859083,0.3420201433256688,0.8660254037844386,0.5000000000000001,-0.9374831999955,1.275753785420522,-70.00000_60.00000,1.3224255895342671,2.7525124020659684,0.04667180411374505,0.17111240206596845
L0000.ANS,-70.0,70.0,9.000134400036,2002/01/00,0,0.06,TOTAL,2.5814,0.15207,microSv/hr,ICRP Pub. 103 EFFECTIVE DOSE,-0.9396926207859083,0.3420201433256688,0.9396926207859083,0.3420201433256688,-0.9374831999955,1.275753785420522,-70.00000_70.00000,1.3209363890233314,2.746928317622216,0.045182603602809346,0.1655283176222162
L0000.ANS,-70.0,80.0,9.000134400036,2002/01/00,0,0.02,TOTAL,2.5814,0.15207,microSv/hr,ICRP Pub. 103 EFFECTIVE DOSE,-0.9396926207859083,0.3420201433256688,0.984807753012208,0.17364817766693041,-0.9374831999955,1.275753785420522,-70.00000_80.00000,1.3192025070457485,2.7404372151699827,0.043448721625226394,0.15903721516998282
L0000.ANS,-70.0,90.0,9.000134400036,2002/01/00,0,0.0,TOTAL,2.5814,0.15207,microSv/hr,ICRP Pub. 103 EFFECTIVE DOSE,-0.9396926207859083,0.3420201433256688,1.0,6.123233995736766e-17,-0.9374831999955,1.275753785420522,-70.00000_90.00000,1.3172766267280207,2.7332405129755344,0.041522841307498615,0.15184051297553447
L0000.ANS,-70.0,100.0,9.000134400036,2002/01/00,0,0.0,TOTAL,2.5814,0.15207,microSv/hr,ICRP Pub. 103 EFFECTIVE DOSE,-0.9396926207859083,0.3420201433256688,0.984807753012208,-0.1736481776669303,-0.9374831999955,1.275753785420522,-70.00000_100.00000,1.3152172649690597,2.7255603310768457,0.03946347954853757,0.14416033107684578
L0000.ANS,-70.0,110.0,9.000134400036,2002/01/00,0,0.0,TOTAL,2.5814,0.15207,microSv/hr,ICRP Pub. 103 EFFECTIVE DOSE,-0.9396926207859083,0.3420201433256688,0.9396926207859084,-0.3420201433256687,-0.9374831999955,1.275753785420522,-70.00000_110.00000,1.3130869944338244,2.7176323270711213,0.03733320901330228,0.13623232707112143
L0000.ANS,-70.0,120.0,9.000134400036,2002/01/00,0,0.0,TOTAL,2.5814,0.15207,microSv/hr,ICRP Pub. 103 EFFECTIVE DOSE,-0.9396926207859083,0.3420201433256688,0.8660254037844387,-0.4999999999999998,-0.9374831999955,1.275753785420522,-70.00000_120.00000,1.3109505423145587,2.7096982620002388,0.03519675689403656,0.12829826200023886
L0000.ANS,-70.0,130.0,9.000134400036,2002/01/00,0,0.0,TOTAL,2.5814,0.15207,microSv/hr,ICRP Pub. 103 EFFECTIVE DOSE,-0.9396926207859083,0.3420201433256688,0.766044443118978,-0.6427876096865394,-0.9374831999955,1.275753785420522,-70.00000_130.00000,1.30887282362781,2.701998554282301,0.0331190382072879,0.12059855428230115
L0000.ANS,-70.0,140.0,9.000134400036,2002/01/00,0,0.0,TOTAL,2.5814,0.15207,microSv/hr,ICRP Pub. 103 EFFECTIVE DOSE,-0.9396926207859083,0.3420201433256688,0.6427876096865395,-0.7660444431189779,-0.9374831999955,1.275753785420522,-70.00000_140.00000,1.3069169688044981,2.6947650586935312,0.031163183383976056,0.1133650586935313
L0000.ANS,-70.0,150.0,9.000134400036,2002/01/00,0,0.0,TOTAL,2.5814,0.15207,microSv/hr,ICRP Pub. 103 EFFECTIVE DOSE,-0.9396926207859083,0.3420201433256688,0.49999999999999994,-0.8660254037844387,-0.9374831999955,1.275753785420522,-70.00000_150.00000,1.30514240550372,2.6882142783216705,0.02938862008319787,0.10681427832167056
L0000.ANS,-70.0,160.0,9.000134400036,2002/01/00,0,0.0,TOTAL,2.5814,0.15207,microSv/hr,ICRP Pub. 103 EFFECTIVE DOSE,-0.9396926207859083,0.3420201433256688,0.3420201433256689,-0.9396926207859083,-0.9374831999955,1.275753785420522,-70.00000_160.00000,1.3036030529333966,2.682541183759031,0.02784926751287453,0.10114118375903125
L0000.ANS,-70.0,170.0,9.000134400036,2002/01/00,0,0.03,TOTAL,2.5814,0.15207,microSv/hr,ICRP Pub. 103 EFFECTIVE DOSE,-0.9396926207859083,0.3420201433256688,0.17364817766693028,-0.984807753012208,-0.9374831999955,1.275753785420522,-70.00000_170.00000,1.3023456835424274,2.6779137789818046,0.026591898121905322,0.09651377898180469
L0000.ANS,-65.0,-179.99999,9.000134400036,2002/01/00,0,0.22,TOTAL,2.5814,0.15207,microSv/hr,ICRP Pub. 103 EFFECTIVE DOSE,-0.9063077870366499,0.42261826174069944,-1.745329251238221e-07,-0.9999999999999848,-0.9374831999955,1.275753785420522,-65.00000_-179.99999,1.2434904058487244,2.4676960324767654,-0.0322633795717977,-0.11370396752323453
L0000.ANS,-65.0,-170.0,9.000134400036,2002/01/00,0,0.34,TOTAL,2.5814,0.15207,microSv/hr,ICRP Pub. 103 EFFECTIVE DOSE,-0.9063077870366499,0.42261826174069944,-0.17364817766693028,-0.984807753012208,-0.9374831999955,1.275753785420522,-65.00000_-170.00000,1.2429018884396479,2.4656558333974914,-0.03285189698087421,-0.11574416660250852
L0000.ANS,-65.0,-160.0,9.000134400036,2002/01/00,0,0.5,TOTAL,2.5814,0.15207,microSv/hr,ICRP Pub. 103 EFFECTIVE DOSE,-0.9063077870366499,0.42261826174069944,-0.3420201433256689,-0.9396926207859083,-0.9374831999955,1.275753785420522,-65.00000_-160.00000,1.2426799155939192,2.4648866372833194,-0.033073869826602875,-0.11651336271668056
L0000.ANS,-65.0,-150.0,9.000134400036,2002/01/00,0,0.71,TOTAL,2.5813,0.15207,microSv/hr,ICRP Pub. 103 EFFECTIVE DOSE,-0.9063077870366499,0.42261826174069944,-0.49999999999999994,-0.8660254037844387,-0.9374831999955,1.2757258629890351,-65.00000_-150.00000,1.2428312326108686,2.465410973262818,-0.032894630378166534,-0.11588902673718193
L0000.ANS,-65.0,-140.0,9.000134400036,2002/01/00,0,0.92,TOTAL,2.581,0.15207,microSv/hr,ICRP Pub. 103 EFFECTIVE DOSE,-0.9063077870366499,0.42261826174069944,-0.6427876096865395,-0.7660444431189779,-0.9374831999955,1.2756420910162956,-65.00000_-140.00000,1.2433512417995063,2.4672134874326686,-0.032290849216789264,-0.11378651256733141
L0000.ANS,-65.0,-130.0,9.000134400036,2002/01/00,0,1.13,TOTAL,2.5793,0.15207,microSv/hr,ICRP Pub. 103 EFFECTIVE DOSE,-0.9063077870366499,0.42261826174069944,-0.766044443118978,-0.6427876096865394,-0.9374831999955,1.2751672505677272,-65.00000_-130.00000,1.2442241429437724,2.4702413433704615,-0.030943107623954802,-0.1090586566295384
L0000.ANS,-65.0,-120.0,9.000134400036,2002/01/00,0,1.5,TOTAL,2.5684,0.15203,microSv/hr,ICRP Pub. 103 EFFECTIVE DOSE,-0.9063077870366499,0.42261826174069944,-0.8660254037844387,-0.4999999999999998,-0.9374831999955,1.2721173160574915,-65.00000_-120.00000,1.2454234133841084,2.474405597768898,-0.026693902673383008,-0.09399440223110211
L0000.ANS,-65.0,-110.0,9.000134400036,2002/01/00,0,1.79,TOTAL,2.5492,0.15188,microSv/hr,ICRP Pub. 103 EFFECTIVE DOSE,-0.9063077870366499,0.42261826174069944,-0.9396926207859084,-0.3420201433256687,-0.9374831999955,1.2667222259790456,-65.00000_-110.00000,1.2469126138950442,2.4795835388996474,-0.01980961208400145,-0.06961646110035247
L0000.ANS,-65.0,-100.0,9.000134400036,2002/01/00,0,2.02,TOTAL,2.5264,0.15152,microSv/hr,ICRP Pub. 103 EFFECTIVE DOSE,-0.9063077870366499,0.42261826174069944,-0.984807753012208,-0.1736481776669303,-0.9374831999955,1.2602775205364036,-65.00000_-100.00000,1.248646495872627,2.4856219595287925,-0.011631024663776524,-0.0407780404712077
L0000.ANS,-65.0,-90.0,9.000134400036,2002/01/00,0,2.31,TOTAL,2.4925,0.15087,microSv/hr,ICRP Pub. 103 EFFECTIVE DOSE,-0.9063077870366499,0.42261826174069944,-1.0,6.123233995736766e-17,-0.9374831999955,1.25061781214898,-65.00000_-90.00000,1.2505723761903549,2.4923413185194523,-4.543595862505079e-05,-0.00015868148054787312
L0000.ANS,-65.0,-80.0,9.000134400036,2002/01/00,0,2.4,TOTAL,2.4802,0.15074,microSv/hr,ICRP Pub. 103 EFFECTIVE DOSE,-0.9063077870366499,0.42261826174069944,-0.984807753012208,0.17364817766693041,-0.9374831999955,1.247089763399341,-65.00000_-80.00000,1.252631737949316,2.499540723225048,0.0055419745499749595,0.019340723225047984
L0000.ANS,-65.0,-70.0,9.000134400036,2002/01/00,0,2.42,TOTAL,2.4782,0.15065,microSv/hr,ICRP Pub. 103 EFFECTIVE DOSE,-0.9063077870366499,0.42261826174069944,-0.9396926207859083,0.3420201433256688,-0.9374831999955,1.2465149185916051,-65.00000_-70.00000,1.2547620084845512,2.507003637905958,0.008247089892946091,0.028803637905957746
L0000.ANS,-65.0,-60.0,9.000134400036,2002/01/00,0,2.36,TOTAL,2.4862,0.15081,microSv/hr,ICRP Pub. 103 EFFECTIVE DOSE,-0.9063077870366499,0.42261826174069944,-0.8660254037844386,0.5000000000000001,-0.9374831999955,1.2488123177986281,-65.00000_-60.00000,1.256898460603817,2.5145041926955445,0.008086142805188823,0.028304192695544295
L0000.ANS,-65.0,-50.0,9.000134400036,2002/01/00,0,2.16,TOTAL,2.5106,0.15135,microSv/hr,ICRP Pub. 103 EFFECTIVE DOSE,-0.9063077870366499,0.42261826174069944,-0.766044443118978,0.6427876096865394,-0.9374831999955,1.2557869630401084,-65.00000_-50.00000,1.2589761792905656,2.5218139348957194,0.0031892162504572052,0.011213934895719202
L0000.ANS,-65.0,-40.0,9.000134400036,2002/01/00,0,1.98,TOTAL,2.5312,0.15164,microSv/hr,ICRP Pub. 103 EFFECTIVE DOSE,-0.9063077870366499,0.42261826174069944,-0.6427876096865393,0.766044443118978,-0.9374831999955,1.261637756520335,-65.00000_-40.00000,1.2609320341138774,2.528708832178185,-0.0007057224064574985,-0.0024911678218151323
L0000.ANS,-65.0,-30.0,9.000134400036,2002/01/00,0,1.74,TOTAL,2.5529,0.1519,microSv/hr,ICRP Pub. 103 EFFECTIVE DOSE,-0.9063077870366499,0.42261826174069944,-0.49999999999999994,0.8660254037844387,-0.9374831999955,1.267764171413422,-65.00000_-30.00000,1.2627065974146556,2.534976308743121,-0.005057573998766385,-0.017923691256878982
L0000.ANS,-65.0,-20.0,9.000134400036,2002/01/00,0,1.51,TOTAL,2.5674,0.15202,microSv/hr,ICRP Pub. 103 EFFECTIVE DOSE,-0.9063077870366499,0.42261826174069944,-0.3420201433256687,0.9396926207859084,-0.9374831999955,1.271837039142066,-65.00000_-20.00000,1.264245949984979,2.5404220740110386,-0.00759108915708695,-0.026977925988961537
L0000.ANS,-65.0,-10.0,9.000134400036,2002/01/00,0,1.32,TOTAL,2.5753,0.15206,microSv/hr,ICRP Pub. 103 EFFECTIVE DOSE,-0.9063077870366499,0.42261826174069944,-0.17364817766693033,0.984807753012208,-0.9374831999955,1.2740490887091294,-65.00000_-10.00000,1.2655033193759482,2.5448764921956903,-0.008545769333181186,-0.03042350780430958
L0000.ANS,-65.0,0.0,9.000134400036,2002/01/00,0,1.12,TOTAL,2.5794,0.15207,microSv/hr,ICRP Pub. 103 EFFECTIVE DOSE,-0.9063077870366499,0.42261826174069944,0.0,1.0,-0.9374831999955,1.275195188601171,-65.00000_0.00000,1.2664405010548778,2.548200242734026,-0.00875468754629316,-0.03119975726597435
L0000.ANS,-65.0,10.0,9.000134400036,2002/01/00,0,0.99,TOTAL,2.5806,0.15207,microSv/hr,ICRP Pub. 103 EFFECTIVE DOSE,-0.9063077870366499,0.42261826174069944,0.17364817766693033,0.984807753012208,-0.9374831999955,1.2755303841350356,-65.00000_10.00000,1.2670290192306908,2.5502890376548986,-0.008501364904344832,-0.030310962345101444
L0000.ANS,-65.0,20.0,9.000134400036,2002/01/00,0,0.82,TOTAL,2.5812,0.15207,microSv/hr,ICRP Pub. 103 EFFECTIVE DOSE,-0.9063077870366499,0.42261826174069944,0.3420201433256687,0.9396926207859084,-0.9374831999955,1.2756979397778638,-65.00000_20.00000,1.2672509920764194,2.55107719288704,-0.008446947701444385,-0.030122807112960004
L0000.ANS,-65.0,30.0,9.000134400036,2002/01/00,0,0.67,TOTAL,2.5813,0.15207,microSv/hr,ICRP Pub. 103 EFFECTIVE DOSE,-0.9063077870366499,0.42261826174069944,0.49999999999999994,0.8660254037844387,-0.9374831999955,1.2757258629890351,-65.00000_30.00000,1.26709967505947,2.5505398951314273,-0.008626187929565043,-0.030760104868572835
L0000.ANS,-65.0,40.0,9.000134400036,2002/01/00,0,0.51,TOTAL,2.5814,0.15207,microSv/hr,ICRP Pub. 103 EFFECTIVE DOSE,-0.9063077870366499,0.42261826174069944,0.6427876096865393,0.766044443118978,-0.9374831999955,1.275753785420522,-65.00000_40.00000,1.2665796658708324,2.5486940617280935,-0.009174119549689719,-0.032705938271906376
L0000.ANS,-65.0,50.0,9.000134400036,2002/01/00,0,0.39,TOTAL,2.5814,0.15207,microSv/hr,ICRP Pub. 103 EFFECTIVE DOSE,-0.9063077870366499,0.42261826174069944,0.766044443118978,0.6427876096865394,-0.9374831999955,1.275753785420522,-65.00000_50.00000,1.2657067647265663,2.545597754202756,-0.0100470206939558,-0.03580224579724378
L0000.ANS,-65.0,60.0,9.000134400036,2002/01/00,0,0.28,TOTAL,2.5814,0.15207,microSv/hr,ICRP Pub. 103 EFFECTIVE DOSE,-0.9063077870366499,0.42261826174069944,0.8660254037844386,0.5000000000000001,-0.9374831999955,1.275753785420522,-65.00000_60.00000,1.2645074942862302,2.54134817233111,-0.011246291134291875,-0.04005182766888993
L0000.ANS,-65.0,70.0,9.000134400036,2002/01/00,0,0.18,TOTAL,2.5814,0.15207,microSv/hr,ICRP Pub. 103 EFFECTIVE DOSE,-0.9063077870366499,0.42261826174069944,0.9396926207859083,0.3420201433256688,-0.9374831999955,1.275753785420522,-65.00000_70.00000,1.2630182937752945,2.5360783197309864,-0.012735491645227581,-0.04532168026901351
L0000.ANS,-65.0,80.0,9.000134400036,2002/01/00,0,0.06,TOTAL,2.5814,0.15207,microSv/hr,ICRP Pub. 103 EFFECTIVE DOSE,-0.9063077870366499,0.42261826174069944,0.984807753012208,0.17364817766693041,-0.9374831999955,1.275753785420522,-65.00000_80.00000,1.2612844117977116,2.5299524895290726,-0.014469373622810533,-0.05144751047092733
L0000.ANS,-65.0,90.0,9.000134400036,2002/01/00,0,0.03,TOTAL,2.5814,0.15207,microSv/hr,ICRP Pub. 103 EFFECTIVE DOSE,-0.9063077870366499,0.42261826174069944,1.0,6.123233995736766e-17,-0.9374831999955,1.275753785420522,-65.00000_90.00000,1.2593585314799838,2.523160765629882,-0.016395253940538312,-0.05823923437011791
L0000.ANS,-65.0,100.0,9.000134400036,2002/01/00,0,0.0,TOTAL,2.5814,0.15207,microSv/hr,ICRP Pub. 103 EFFECTIVE DOSE,-0.9063077870366499,0.42261826174069944,0.984807753012208,-0.1736481776669303,-0.9374831999955,1.275753785420522,-65.00000_100.00000,1.2572991697210227,2.5159127687638043,-0.018454615699499355,-0.0654872312361956
L0000.ANS,-65.0,110.0,9.000134400036,2002/01/00,0,0.0,TOTAL,2.5814,0.15207,microSv/hr,ICRP Pub. 103 EFFECTIVE DOSE,-0.9063077870366499,0.42261826174069944,0.9396926207859084,-0.3420201433256687,-0.9374831999955,1.275753785420522,-65.00000_110.00000,1.2551688991857874,2.5084308954246386,-0.020584886234734645,-0.07296910457536132
L0000.ANS,-65.0,120.0,9.000134400036,2002/01/00,0,0.0,TOTAL,2.5814,0.15207,microSv/hr,ICRP Pub. 103 EFFECTIVE DOSE,-0.9063077870366499,0.42261826174069944,0.8660254037844387,-0.4999999999999998,-0.9374831999955,1.275753785420522,-65.00000_120.00000,1.2530324470665217,2.5009433020931797,-0.022721338354000364,-0.0804566979068202
L0000.ANS,-65.0,130.0,9.000134400036,2002/01/00,0,0.0,TOTAL,2.5814,0.15207,microSv/hr,ICRP Pub. 103 EFFECTIVE DOSE,-0.9063077870366499,0.42261826174069944,0.766044443118978,-0.6427876096865394,-0.9374831999955,1.275753785420522,-65.00000_130.00000,1.250954728379773,2.493676878179593,-0.02479905704074903,-0.08772312182040709
L0000.ANS,-65.0,140.0,9.000134400036,2002/01/00,0,0.0,TOTAL,2.5814,0.15207,microSv/hr,ICRP Pub. 103 EFFECTIVE DOSE,-0.9063077870366499,0.42261826174069944,0.6427876096865395,-0.7660444431189779,-0.9374831999955,1.275753785420522,-65.00000_140.00000,1.2489988735564614,2.4868504313519293,-0.02675491186406065,-0.09454956864807063
L0000.ANS,-65.0,150.0,9.000134400036,2002/01/00,0,0.02,TOTAL,2.5814,0.15207,microSv/hr,ICRP Pub. 103 EFFECTIVE DOSE,-0.9063077870366499,0.42261826174069944,0.49999999999999994,-0.8660254037844387,-0.9374831999955,1.275753785420522,-65.00000_150.00000,1.247224310255683,2.480668281471635,-0.028529475164839058,-0.10073171852836493
L0000.ANS,-65.0,160.0,9.000134400036,2002/01/00,0,0.04,TOTAL,2.5814,0.15207,microSv/hr,ICRP Pub. 103 EFFECTIVE DOSE,-0.9063077870366499,0.42261826174069944,0.3420201433256689,-0.9396926207859083,-0.9374831999955,1.275753785420522,-65.00000_160.00000,1.2456849576853597,2.4753144275976804,-0.030068827735162396,-0.10608557240231953
L0000.ANS,-65.0,170.0,9.000134400036,2002/01/00,0,0.09,TOTAL,2.5814,0.15207,microSv/hr,ICRP Pub. 103 EFFECTIVE DOSE,-0.9063077870366499,0.42261826174069944,0.17364817766693028,-0.984807753012208,-0.9374831999955,1.275753785420522,-65.00000_170.00000,1.2444275882943905,2.4709474196588266,-0.031326197126131605,-0.11045258034117333
L0000.ANS,-60.0,-179.99999,9.000134400036,2002/01/00,0,0.47,TOTAL,2.5814,0.15207,microSv/hr,ICRP Pub. 103 EFFECTIVE DOSE,-0.8660254037844386,0.5000000000000001,-1.745329251238221e-07,-0.9999999999999848,-0.9374831999955,1.275753785420522,-60.00000_-179.99999,1.1876701598165362,2.279431747969015,-0.08808362560398586,-0.301968252030985
L0000.ANS,-60.0,-170.0,9.000134400036,2002/01/00,0,0.66,TOTAL,2.5813,0.15207,microSv/hr,ICRP Pub. 103 EFFECTIVE DOSE,-0.8660254037844386,0.5000000000000001,-0.17364817766693028,-0.984807753012208,-0.9374831999955,1.2757258629890351,-60.00000_-170.00000,1.1870816424074597,2.27750231310215,-0.0886442205815754,-0.30379768689785003
L0000.ANS,-60.0,-160.0,9.000134400036,2002/01/00,0,0.89,TOTAL,2.5811,0.15207,microSv/hr,ICRP Pub. 103 EFFECTIVE DOSE,-0.8660254037844386,0.5000000000000001,-0.3420201433256689,-0.9396926207859083,-0.9374831999955,1.2756700157869654,-60.00000_-160.00000,1.186859669561731,2.2767748773253103,-0.08881034622523432,-0.3043251226746899
L0000.ANS,-60.0,-150.0,9.000134400036,2002/01/00,0,1.18,TOTAL,2.5785,0.15207,microSv/hr,ICRP Pub. 103 EFFECTIVE DOSE,-0.8660254037844386,0.5000000000000001,-0.49999999999999994,-0.8660254037844387,-0.9374831999955,1.274943718196515,-60.00000_-150.00000,1.1870109865786804,2.2772707466407485,-0.08793273161783466,-0.30122925335925155
L0000.ANS,-60.0,-140.0,9.000134400036,2002/01/00,0,1.53,TOTAL,2.5666,0.15202,microSv/hr,ICRP Pub. 103 EFFECTIVE DOSE,-0.8660254037844386,0.5000000000000001,-0.6427876096865395,-0.7660444431189779,-0.9374831999955,1.271612761036276,-60.00000_-140.00000,1.1875309957673181,2.278975400722135,-0.08408176526895783,-0.2876245992778652
L0000.ANS,-60.0,-130.0,9.000134400036,2002/01/00,0,1.9,TOTAL,2.5389,0.15172,microSv/hr,ICRP Pub. 103 EFFECTIVE DOSE,-0.8660254037844386,0.5000000000000001,-0.766044443118978,-0.6427876096865394,-0.9374831999955,1.2638159443944494,-60.00000_-130.00000,1.1884038969115842,2.2818388716831652,-0.07541204748286523,-0.2570611283168347
L0000.ANS,-60.0,-120.0,9.000134400036,2002/01/00,0,2.26,TOTAL,2.4986,0.15099,microSv/hr,ICRP Pub. 103 EFFECTIVE DOSE,-0.8660254037844386,0.5000000000000001,-0.8660254037844387,-0.4999999999999998,-0.9374831999955,1.2523628884740283,-60.00000_-120.00000,1.1896031673519203,2.2857770450273547,-0.06275972112210804,-0.21282295497264547
L0000.ANS,-60.0,-110.0,9.000134400036,2002/01/00,0,2.68,TOTAL,2.4397,0.14969,microSv/hr,ICRP Pub. 103 EFFECTIVE DOSE,-0.8660254037844386,0.5000000000000001,-0.9396926207859084,-0.3420201433256687,-0.9374831999955,1.2353842582800292,-60.00000_-110.00000,1.191092367862856,2.2906738711546337,-0.044291890417173185,-0.14902612884536648
L0000.ANS,-60.0,-100.0,9.000134400036,2002/01/00,0,3.05,TOTAL,2.3816,0.14777,microSv/hr,ICRP Pub. 103 EFFECTIVE DOSE,-0.8660254037844386,0.5000000000000001,-0.984807753012208,-0.1736481776669303,-0.9374831999955,1.218348970270443,-60.00000_-100.00000,1.192826249840439,2.296384460587314,-0.025522720430004142,-0.08521553941268634
L0000.ANS,-60.0,-90.0,9.000134400036,2002/01/00,0,3.53,TOTAL,2.3014,0.14486,microSv/hr,ICRP Pub. 103 EFFECTIVE DOSE,-0.8660254037844386,0.5000000000000001,-1.0,6.123233995736766e-17,-0.9374831999955,1.1943466209313036,-60.00000_-90.00000,1.1947521301581667,2.302739019635626,0.00040550922686310997,0.001339019635625771
L0000.ANS,-60.0,-80.0,9.000134400036,2002/01/00,0,3.67,TOTAL,2.2766,0.14447,microSv/hr,ICRP Pub. 103 EFFECTIVE DOSE,-0.8660254037844386,0.5000000000000001,-0.984807753012208,0.17364817766693041,-0.9374831999955,1.186806299404026,-60.00000_-80.00000,1.1968114919171278,2.309547562292447,0.010005192513101724,0.032947562292446886
L0000.ANS,-60.0,-70.0,9.000134400036,2002/01/00,0,3.6,TOTAL,2.2889,0.14459,microSv/hr,ICRP Pub. 103 EFFECTIVE DOSE,-0.8660254037844386,0.5000000000000001,-0.9396926207859083,0.3420201433256688,-0.9374831999955,1.190553162366467,-60.00000_-70.00000,1.198941762452363,2.316605308734969,0.008388600085896147,0.027705308734969236
L0000.ANS,-60.0,-60.0,9.000134400036,2002/01/00,0,3.38,TOTAL,2.3264,0.14587,microSv/hr,ICRP Pub. 103 EFFECTIVE DOSE,-0.8660254037844386,0.5000000000000001,-0.8660254037844386,0.5000000000000001,-0.9374831999955,1.2018906381216115,-60.00000_-60.00000,1.2010782145716288,2.323698651771378,-0.0008124235499826771,-0.0027013482286220025
L0000.ANS,-60.0,-50.0,9.000134400036,2002/01/00,0,3.14,TOTAL,2.3672,0.14725,microSv/hr,ICRP Pub. 103 EFFECTIVE DOSE,-0.8660254037844386,0.5000000000000001,-0.766044443118978,0.6427876096865394,-0.9374831999955,1.2140815384742238,-60.00000_-50.00000,1.2031559332583774,2.3306115416026127,-0.010925605215846401,-0.036588458397387225
L0000.ANS,-60.0,-40.0,9.000134400036,2002/01/00,0,2.73,TOTAL,2.4334,0.14941,microSv/hr,ICRP Pub. 103 EFFECTIVE DOSE,-0.8660254037844386,0.5000000000000001,-0.6427876096865393,0.766044443118978,-0.9374831999955,1.2335510238546918,-60.00000_-40.00000,1.2051117880816893,2.3371321088136185,-0.028439235773002558,-0.09626789118638124
L0000.ANS,-60.0,-30.0,9.000134400036,2002/01/00,0,2.34,TOTAL,2.4883,0.15082,microSv/hr,ICRP Pub. 103 EFFECTIVE DOSE,-0.8660254037844386,0.5000000000000001,-0.49999999999999994,0.8660254037844387,-0.9374831999955,1.2494145115224682,-60.00000_-30.00000,1.2068863513824675,2.343059318532754,-0.042528160140000715,-0.145240681467246
L0000.ANS,-60.0,-20.0,9.000134400036,2002/01/00,0,2.0,TOTAL,2.5286,0.15157,microSv/hr,ICRP Pub. 103 EFFECTIVE DOSE,-0.8660254037844386,0.5000000000000001,-0.3420201433256687,0.9396926207859084,-0.9374831999955,1.2609011917118282,-60.00000_-20.00000,1.2084257039527908,2.348209428387925,-0.05247548775903743,-0.18039057161207506
L0000.ANS,-60.0,-10.0,9.000134400036,2002/01/00,0,1.76,TOTAL,2.5511,0.1519,microSv/hr,ICRP Pub. 103 EFFECTIVE DOSE,-0.8660254037844386,0.5000000000000001,-0.17364817766693033,0.984807753012208,-0.9374831999955,1.2672574146458206,-60.00000_-10.00000,1.20968307334376,2.352422012269749,-0.05757434130206063,-0.19867798773025092
L0000.ANS,-60.0,0.0,9.000134400036,2002/01/00,0,1.51,TOTAL,2.5677,0.15203,microSv/hr,ICRP Pub. 103 EFFECTIVE DOSE,-0.8660254037844386,0.5000000000000001,0.0,1.0,-0.9374831999955,1.2719211304652924,-60.00000_0.00000,1.2106202550226897,2.3555653134517622,-0.061300875442602765,-0.21213468654823764
L0000.ANS,-60.0,10.0,9.000134400036,2002/01/00,0,1.31,TOTAL,2.5755,0.15206,microSv/hr,ICRP Pub. 103 EFFECTIVE DOSE,-0.8660254037844386,0.5000000000000001,0.17364817766693033,0.984807753012208,-0.9374831999955,1.2741050265063136,-60.00000_10.00000,1.2112087731985026,2.357540705849006,-0.06289625330781101,-0.2179592941509938
L0000.ANS,-60.0,20.0,9.000134400036,2002/01/00,0,1.14,TOTAL,2.5793,0.15207,microSv/hr,ICRP Pub. 103 EFFECTIVE DOSE,-0.8660254037844386,0.5000000000000001,0.3420201433256687,0.9396926207859084,-0.9374831999955,1.2751672505677272,-60.00000_20.00000,1.2114307460442313,2.358286071436533,-0.06373650452349588,-0.22101392856346713
L0000.ANS,-60.0,30.0,9.000134400036,2002/01/00,0,1.01,TOTAL,2.5805,0.15207,microSv/hr,ICRP Pub. 103 EFFECTIVE DOSE,-0.8660254037844386,0.5000000000000001,0.49999999999999994,0.8660254037844387,-0.9374831999955,1.2755024554648573,-60.00000_30.00000,1.211279429027282,2.35777794405127,-0.06422302643757538,-0.22272205594872974
L0000.ANS,-60.0,40.0,9.000134400036,2002/01/00,0,0.81,TOTAL,2.5812,0.15207,microSv/hr,ICRP Pub. 103 EFFECTIVE DOSE,-0.8660254037844386,0.5000000000000001,0.6427876096865393,0.766044443118978,-0.9374831999955,1.2756979397778638,-60.00000_40.00000,1.2107594198386444,2.356032322575899,-0.0649385199392194,-0.22516767742410115
L0000.ANS,-60.0,50.0,9.000134400036,2002/01/00,0,0.64,TOTAL,2.5814,0.15207,microSv/hr,ICRP Pub. 103 EFFECTIVE DOSE,-0.8660254037844386,0.5000000000000001,0.766044443118978,0.6427876096865394,-0.9374831999955,1.275753785420522,-60.00000_50.00000,1.2098865186943781,2.353104116324552,-0.06586726672614396,-0.22829588367544806
L0000.ANS,-60.0,60.0,9.000134400036,2002/01/00,0,0.49,TOTAL,2.5814,0.15207,microSv/hr,ICRP Pub. 103 EFFECTIVE DOSE,-0.8660254037844386,0.5000000000000001,0.8660254037844386,0.5000000000000001,-0.9374831999955,1.275753785420522,-60.00000_60.00000,1.208687248254042,2.3490852480111384,-0.06706653716648003,-0.23231475198886153
L0000.ANS,-60.0,70.0,9.000134400036,2002/01/00,0,0.34,TOTAL,2.5814,0.15207,microSv/hr,ICRP Pub. 103 EFFECTIVE DOSE,-0.8660254037844386,0.5000000000000001,0.9396926207859083,0.3420201433256688,-0.9374831999955,1.275753785420522,-60.00000_70.00000,1.2071980477431064,2.3441015003694456,-0.06855573767741574,-0.23729849963055427
L0000.ANS,-60.0,80.0,9.000134400036,2002/01/00,0,0.21,TOTAL,2.5814,0.15207,microSv/hr,ICRP Pub. 103 EFFECTIVE DOSE,-0.8660254037844386,0.5000000000000001,0.984807753012208,0.17364817766693041,-0.9374831999955,1.275753785420522,-60.00000_80.00000,1.2054641657655234,2.338308246907009,-0.07028961965499869,-0.2430917530929908
L0000.ANS,-60.0,90.0,9.000134400036,2002/01/00,0,0.1,TOTAL,2.5814,0.15207,microSv/hr,ICRP Pub. 103 EFFECTIVE DOSE,-0.8660254037844386,0.5000000000000001,1.0,6.123233995736766e-17,-0.9374831999955,1.275753785420522,-60.00000_90.00000,1.2035382854477956,2.3318852517050517,-0.07221549997272647,-0.24951474829494824
L0000.ANS,-60.0,100.0,9.000134400036,2002/01/00,0,0.06,TOTAL,2.5814,0.15207,microSv/hr,ICRP Pub. 103 EFFECTIVE DOSE,-0.8660254037844386,0.5000000000000001,0.984807753012208,-0.1736481776669303,-0.9374831999955,1.275753785420522,-60.00000_100.00000,1.2014789236888346,2.3250307549991174,-0.07427486173168751,-0.25636924500088254
L0000.ANS,-60.0,110.0,9.000134400036,2002/01/00,0,0.03,TOTAL,2.5814,0.15207,microSv/hr,ICRP Pub. 103 EFFECTIVE DOSE,-0.8660254037844386,0.5000000000000001,0.9396926207859084,-0.3420201433256687,-0.9374831999955,1.275753785420522,-60.00000_110.00000,1.1993486531535993,2.3179550791806633,-0.0764051322669228,-0.26344492081933657
L0000.ANS,-60.0,120.0,9.000134400036,2002/01/00,0,0.03,TOTAL,2.5814,0.15207,microSv/hr,ICRP Pub. 103 EFFECTIVE DOSE,-0.8660254037844386,0.5000000000000001,0.8660254037844387,-0.4999999999999998,-0.9374831999955,1.275753785420522,-60.00000_120.00000,1.1972122010343336,2.3108739939133573,-0.07854158438618852,-0.27052600608664257
L0000.ANS,-60.0,130.0,9.000134400036,2002/01/00,0,0.03,TOTAL,2.5814,0.15207,microSv/hr,ICRP Pub. 103 EFFECTIVE DOSE,-0.8660254037844386,0.5000000000000001,0.766044443118978,-0.6427876096865394,-0.9374831999955,1.275753785420522,-60.00000_130.00000,1.195134482347585,2.30400207058062,-0.08061930307293719,-0.2773979294193798
L0000.ANS,-60.0,140.0,9.000134400036,2002/01/00,0,0.07,TOTAL,2.5814,0.15207,microSv/hr,ICRP Pub. 103 EFFECTIVE DOSE,-0.8660254037844386,0.5000000000000001,0.6427876096865395,-0.7660444431189779,-0.9374831999955,1.275753785420522,-60.00000_140.00000,1.1931786275242733,2.297546237588686,-0.08257515789624881,-0.28385376241131377
L0000.ANS,-60.0,150.0,9.000134400036,2002/01/00,0,0.13,TOTAL,2.5814,0.15207,microSv/hr,ICRP Pub. 103 EFFECTIVE DOSE,-0.8660254037844386,0.5000000000000001,0.49999999999999994,-0.8660254037844387,-0.9374831999955,1.275753785420522,-60.00000_150.00000,1.1914040642234949,2.2916997220930186,-0.08434972119702722,-0.2897002779069813
L0000.ANS,-60.0,160.0,9.000134400036,2002/01/00,0,0.21,TOTAL,2.5814,0.15207,microSv/hr,ICRP Pub. 103 EFFECTIVE DOSE,-0.8660254037844386,0.5000000000000001,0.3420201433256689,-0.9396926207859083,-0.9374831999955,1.275753785420522,-60.00000_160.00000,1.1898647116531715,2.2866365336809436,-0.08588907376735055,-0.29476346631905637
L0000.ANS,-60.0,170.0,9.000134400036,2002/01/00,0,0.3,TOTAL,2.5814,0.15207,microSv/hr,ICRP Pub. 103 EFFECTIVE DOSE,-0.8660254037844386,0.5000000000000001,0.17364817766693028,-0.984807753012208,-0.9374831999955,1.275753785420522,-60.00000_170.00000,1.1886073422622023,2.282506614465366,-0.08714644315831976,-0.29889338553463407
L0000.ANS,-55.0,-179.99999,9.000134400036,2002/01/00,0,0.93,TOTAL,2.5809,0.15207,microSv/hr,ICRP Pub. 103 EFFECTIVE DOSE,-0.8191520442889918,0.5735764363510462,-1.745329251238221e-07,-0.9999999999999848,-0.9374831999955,1.2756141654658115,-55.00000_-179.99999,1.134372588777688,2.1092221699304123,-0.14124157668812343,-0.47167783006958786
L0000.ANS,-55.0,-170.0,9.000134400036,2002/01/00,0,1.17,TOTAL,2.5787,0.15207,microSv/hr,ICRP Pub. 103 EFFECTIVE DOSE,-0.8191520442889918,0.5735764363510462,-0.17364817766693028,-0.984807753012208,-0.9374831999955,1.2749996059738729,-55.00000_-170.00000,1.1337840713686116,2.1073928768929195,-0.14121553460526126,-0.47130712310708045
L0000.ANS,-55.0,-160.0,9.000134400036,2002/01/00,0,1.52,TOTAL,2.5669,0.15202,microSv/hr,ICRP Pub. 103 EFFECTIVE DOSE,-0.8191520442889918,0.5735764363510462,-0.3420201433256689,-0.9396926207859083,-0.9374831999955,1.2716968712206669,-55.00000_-160.00000,1.133562098522883,2.1067031966012193,-0.13813477269778396,-0.46019680339878066
L0000.ANS,-55.0,-150.0,9.000134400036,2002/01/00,0,1.93,TOTAL,2.536,0.1517,microSv/hr,ICRP Pub. 103 EFFECTIVE DOSE,-0.8191520442889918,0.5735764363510462,-0.49999999999999994,-0.8660254037844387,-0.9374831999955,1.262996144775397,-55.00000_-150.00000,1.1337134155398323,2.107173329230112,-0.12928272923556472,-0.428826670769888
L0000.ANS,-55.0,-140.0,9.000134400036,2002/01/00,0,2.27,TOTAL,2.4975,0.15096,microSv/hr,ICRP Pub. 103 EFFECTIVE DOSE,-0.8191520442889918,0.5735764363510462,-0.6427876096865395,-0.7660444431189779,-0.9374831999955,1.2520484275574992,-55.00000_-140.00000,1.1342334247284698,2.1087895080895107,-0.11781500282902946,-0.38871049191048934
L0000.ANS,-55.0,-130.0,9.000134400036,2002/01/00,0,2.74,TOTAL,2.4317,0.14934,microSv/hr,ICRP Pub. 103 EFFECTIVE DOSE,-0.8191520442889918,0.5735764363510462,-0.766044443118978,-0.6427876096865394,-0.9374831999955,1.2330557652176004,-55.00000_-130.00000,1.1351063258727363,2.1115043587341398,-0.09794943934486411,-0.3201956412658604
L0000.ANS,-55.0,-120.0,9.000134400036,2002/01/00,0,3.3,TOTAL,2.3409,0.14677,microSv/hr,ICRP Pub. 103 EFFECTIVE DOSE,-0.8191520442889918,0.5735764363510462,-0.8660254037844387,-0.4999999999999998,-0.9374831999955,1.2062402317683376,-55.00000_-120.00000,1.136305596313072,2.1152381323912257,-0.06993463545526568,-0.22566186760877427
L0000.ANS,-55.0,-110.0,9.000134400036,2002/01/00,0,3.86,TOTAL,2.2431,0.1424,microSv/hr,ICRP Pub. 103 EFFECTIVE DOSE,-0.8191520442889918,0.5735764363510462,-0.9396926207859084,-0.3420201433256687,-0.9374831999955,1.176529662495779,-55.00000_-110.00000,1.1377947968240079,2.1198808026851457,-0.0387348656717712,-0.12321919731485442
L0000.ANS,-55.0,-100.0,9.000134400036,2002/01/00,0,4.39,TOTAL,2.1504,0.13821,microSv/hr,ICRP Pub. 103 EFFECTIVE DOSE,-0.8191520442889918,0.5735764363510462,-0.984807753012208,-0.1736481776669303,-0.9374831999955,1.147529428902724,-55.00000_-100.00000,1.1395286788015908,2.125295000214475,-0.008000750101133214,-0.02510499978552483
L0000.ANS,-55.0,-90.0,9.000134400036,2002/01/00,0,4.6,TOTAL,2.1152,0.13737,microSv/hr,ICRP Pub. 103 EFFECTIVE DOSE,-0.8191520442889918,0.5735764363510462,-1.0,6.123233995736766e-17,-0.9374831999955,1.1362933556357984,-55.00000_-90.00000,1.1414545591193188,2.1313197439480147,0.005161203483520449,0.01611974394801452
L0000.ANS,-55.0,-80.0,9.000134400036,2002/01/00,0,4.76,TOTAL,2.0877,0.13534,microSv/hr,ICRP Pub. 103 EFFECTIVE DOSE,-0.8191520442889918,0.5735764363510462,-0.984807753012208,0.17364817766693041,-0.9374831999955,1.1274264771840703,-55.00000_-80.00000,1.1435139208782796,2.13777490856201,0.016087443694209336,0.05007490856201002
L0000.ANS,-55.0,-70.0,9.000134400036,2002/01/00,0,4.6,TOTAL,2.1138,0.13736,microSv/hr,ICRP Pub. 103 EFFECTIVE DOSE,-0.8191520442889918,0.5735764363510462,-0.9396926207859083,0.3420201433256688,-0.9374831999955,1.135843845273437,-55.00000_-70.00000,1.145644191413515,2.1444663427479562,0.009800346140077965,0.03066634274795632
L0000.ANS,-55.0,-60.0,9.000134400036,2002/01/00,0,4.34,TOTAL,2.1602,0.13867,microSv/hr,ICRP Pub. 103 EFFECTIVE DOSE,-0.8191520442889918,0.5735764363510462,-0.8660254037844386,0.5000000000000001,-0.9374831999955,1.1506353167352616,-55.00000_-60.00000,1.1477806435327804,2.151191525987821,-0.0028546732024812282,-0.009008474012178969
L0000.ANS,-55.0,-50.0,9.000134400036,2002/01/00,0,3.92,TOTAL,2.2329,0.142,microSv/hr,ICRP Pub. 103 EFFECTIVE DOSE,-0.8191520442889918,0.5735764363510462,-0.766044443118978,0.6427876096865394,-0.9374831999955,1.1733795672411051,-55.00000_-50.00000,1.1498583622195295,2.1577456219329116,-0.02352120502157562,-0.07515437806708825
L0000.ANS,-55.0,-40.0,9.000134400036,2002/01/00,0,3.42,TOTAL,2.3192,0.14551,microSv/hr,ICRP Pub. 103 EFFECTIVE DOSE,-0.8191520442889918,0.5735764363510462,-0.6427876096865393,0.766044443118978,-0.9374831999955,1.1997237900365212,-55.00000_-40.00000,1.151814217042841,2.163927757647593,-0.04790957299368026,-0.1552722423524071
L0000.ANS,-55.0,-30.0,9.000134400036,2002/01/00,0,2.95,TOTAL,2.3984,0.14867,microSv/hr,ICRP Pub. 103 EFFECTIVE DOSE,-0.8191520442889918,0.5735764363510462,-0.49999999999999994,0.8660254037844387,-0.9374831999955,1.223304732625428,-55.00000_-30.00000,1.1535887803436193,2.1695473324034866,-0.06971595228180871,-0.22885266759651346
L0000.ANS,-55.0,-20.0,9.000134400036,2002/01/00,0,2.59,TOTAL,2.4538,0.14999,microSv/hr,ICRP Pub. 103 EFFECTIVE DOSE,-0.8191520442889918,0.5735764363510462,-0.3420201433256687,0.9396926207859084,-0.9374831999955,1.2394750741684326,-55.00000_-20.00000,1.155128132913943,2.1744301404537514,-0.08434694125448972,-0.2793698595462488
L0000.ANS,-55.0,-10.0,9.000134400036,2002/01/00,0,2.25,TOTAL,2.4994,0.151,microSv/hr,ICRP Pub. 103 EFFECTIVE DOSE,-0.8191520442889918,0.5735764363510462,-0.17364817766693033,0.984807753012208,-0.9374831999955,1.2525915252283824,-55.00000_-10.00000,1.1563855023049117,2.1784240821499514,-0.09620602292347069,-0.32097591785004864
L0000.ANS,-55.0,0.0,9.000134400036,2002/01/00,0,1.92,TOTAL,2.5365,0.15171,microSv/hr,ICRP Pub. 103 EFFECTIVE DOSE,-0.8191520442889918,0.5735764363510462,0.0,1.0,-0.9374831999955,1.2631375374939076,-55.00000_0.00000,1.1573226839838415,2.1814042392237916,-0.10581485351006603,-0.35509576077620864
L0000.ANS,-55.0,10.0,9.000134400036,2002/01/00,0,1.73,TOTAL,2.5533,0.1519,microSv/hr,ICRP Pub. 103 EFFECTIVE DOSE,-0.8191520442889918,0.5735764363510462,0.17364817766693033,0.984807753012208,-0.9374831999955,1.2678767491625489,-55.00000_10.00000,1.1579112021596545,2.183277104496754,-0.1099655470028944,-0.3700228955032463
L0000.ANS,-55.0,20.0,9.000134400036,2002/01/00,0,1.55,TOTAL,2.5656,0.15201,microSv/hr,ICRP Pub. 103 EFFECTIVE DOSE,-0.8191520442889918,0.5735764363510462,0.3420201433256687,0.9396926207859084,-0.9374831999955,1.271332342650209,-55.00000_20.00000,1.1581331750053832,2.1839837840033107,-0.11319916764482585,-0.38161621599668916
L0000.ANS,-55.0,30.0,9.000134400036,2002/01/00,0,1.39,TOTAL,2.5728,0.15205,microSv/hr,ICRP Pub. 103 EFFECTIVE DOSE,-0.8191520442889918,0.5735764363510462,0.49999999999999994,0.8660254037844387,-0.9374831999955,1.2733496021037565,-55.00000_30.00000,1.1579818579884338,2.183502029524845,-0.11536774411532269,-0.3892979704751549
L0000.ANS,-55.0,40.0,9.000134400036,2002/01/00,0,1.23,TOTAL,2.5777,0.15207,microSv/hr,ICRP Pub. 103 EFFECTIVE DOSE,-0.8191520442889918,0.5735764363510462,0.6427876096865393,0.766044443118978,-0.9374831999955,1.27472013584741,-55.00000_40.00000,1.1574618487997963,2.181847009567533,-0.11725828704761376,-0.39585299043246724
L0000.ANS,-55.0,50.0,9.000134400036,2002/01/00,0,1.0,TOTAL,2.5806,0.15207,microSv/hr,ICRP Pub. 103 EFFECTIVE DOSE,-0.8191520442889918,0.5735764363510462,0.766044443118978,0.6427876096865394,-0.9374831999955,1.2755303841350356,-55.00000_50.00000,1.1565889476555298,2.1790707835337217,-0.11894143647950584,-0.40152921646627826
L0000.ANS,-55.0,60.0,9.000134400036,2002/01/00,0,0.78,TOTAL,2.5813,0.15207,microSv/hr,ICRP Pub. 103 EFFECTIVE DOSE,-0.8191520442889918,0.5735764363510462,0.8660254037844386,0.5000000000000001,-0.9374831999955,1.2757258629890351,-55.00000_60.00000,1.1553896772151941,2.175260503150289,-0.12033618577384098,-0.40603949684971097
L0000.ANS,-55.0,70.0,9.000134400036,2002/01/00,0,0.6,TOTAL,2.5814,0.15207,microSv/hr,ICRP Pub. 103 EFFECTIVE DOSE,-0.8191520442889918,0.5735764363510462,0.9396926207859083,0.3420201433256688,-0.9374831999955,1.275753785420522,-55.00000_70.00000,1.1539004767042582,2.1705354227559535,-0.12185330871626388,-0.41086457724404646
L0000.ANS,-55.0,80.0,9.000134400036,2002/01/00,0,0.45,TOTAL,2.5814,0.15207,microSv/hr,ICRP Pub. 103 EFFECTIVE DOSE,-0.8191520442889918,0.5735764363510462,0.984807753012208,0.17364817766693041,-0.9374831999955,1.275753785420522,-55.00000_80.00000,1.1521665947266753,2.165042851638232,-0.12358719069384683,-0.41635714836176785
L0000.ANS,-55.0,90.0,9.000134400036,2002/01/00,0,0.35,TOTAL,2.5814,0.15207,microSv/hr,ICRP Pub. 103 EFFECTIVE DOSE,-0.8191520442889918,0.5735764363510462,1.0,6.123233995736766e-17,-0.9374831999955,1.275753785420522,-55.00000_90.00000,1.1502407144089475,2.1589532237349673,-0.1255130710115746,-0.4224467762650326
L0000.ANS,-55.0,100.0,9.000134400036,2002/01/00,0,0.27,TOTAL,2.5814,0.15207,microSv/hr,ICRP Pub. 103 EFFECTIVE DOSE,-0.8191520442889918,0.5735764363510462,0.984807753012208,-0.1736481776669303,-0.9374831999955,1.275753785420522,-55.00000_100.00000,1.1481813526499864,2.152454490186082,-0.12757243277053565,-0.4289455098139179
L0000.ANS,-55.0,110.0,9.000134400036,2002/01/00,0,0.21,TOTAL,2.5814,0.15207,microSv/hr,ICRP Pub. 103 EFFECTIVE DOSE,-0.8191520442889918,0.5735764363510462,0.9396926207859084,-0.3420201433256687,-0.9374831999955,1.275753785420522,-55.00000_110.00000,1.1460510821147512,2.14574605719747,-0.12970270330577094,-0.4356539428025301
L0000.ANS,-55.0,120.0,9.000134400036,2002/01/00,0,0.2,TOTAL,2.5814,0.15207,microSv/hr,ICRP Pub. 103 EFFECTIVE DOSE,-0.8191520442889918,0.5735764363510462,0.8660254037844387,-0.4999999999999998,-0.9374831999955,1.275753785420522,-55.00000_120.00000,1.1439146299954857,2.139032495522064,-0.13183915542503644,-0.4423675044779358
L0000.ANS,-55.0,130.0,9.000134400036,2002/01/00,0,0.24,TOTAL,2.5814,0.15207,microSv/hr,ICRP Pub. 103 EFFECTIVE DOSE,-0.8191520442889918,0.5735764363510462,0.766044443118978,-0.6427876096865394,-0.9374831999955,1.275753785420522,-55.00000_130.00000,1.1418369113087365,2.1325172398258765,-0.13391687411178554,-0.44888276017412343
L0000.ANS,-55.0,140.0,9.000134400036,2002/01/00,0,0.28,TOTAL,2.5814,0.15207,microSv/hr,ICRP Pub. 103 EFFECTIVE DOSE,-0.8191520442889918,0.5735764363510462,0.6427876096865395,-0.7660444431189779,-0.9374831999955,1.275753785420522,-55.00000_140.00000,1.1398810564854251,2.1263964784847333,-0.13587272893509694,-0.4550035215152666
L0000.ANS,-55.0,150.0,9.000134400036,2002/01/00,0,0.35,TOTAL,2.5814,0.15207,microSv/hr,ICRP Pub. 103 EFFECTIVE DOSE,-0.8191520442889918,0.5735764363510462,0.49999999999999994,-0.8660254037844387,-0.9374831999955,1.275753785420522,-55.00000_150.00000,1.1381064931846467,2.120853409748136,-0.13764729223587535,-0.46054659025186373
L0000.ANS,-55.0,160.0,9.000134400036,2002/01/00,0,0.49,TOTAL,2.5814,0.15207,microSv/hr,ICRP Pub. 103 EFFECTIVE DOSE,-0.8191520442889918,0.5735764363510462,0.3420201433256689,-0.9396926207859083,-0.9374831999955,1.275753785420522,-55.00000_160.00000,1.1365671406143232,2.116053011730672,-0.1391866448061989,-0.46534698826932797
L0000.ANS,-55.0,170.0,9.000134400036,2002/01/00,0,0.68,TOTAL,2.5813,0.15207,microSv/hr,ICRP Pub. 103 EFFECTIVE DOSE,-0.8191520442889918,0.5735764363510462,0.17364817766693028,-0.984807753012208,-0.9374831999955,1.2757258629890351,-55.00000_170.00000,1.1353097712233544,2.1121374442263186,-0.1404160917656807,-0.4691625557736816
L0000.ANS,-50.0,-179.99999,9.000134400036,2002/01/00,0,1.61,TOTAL,2.562,0.152,microSv/hr,ICRP Pub. 103 EFFECTIVE DOSE,-0.766044443118978,0.6427876096865394,-1.745329251238221e-07,-0.9999999999999848,-0.9374831999955,1.27032218486747,-50.00000_-179.99999,1.0840033194297387,1.9564916719976349,-0.18631886543773124,-0.605508328002365
L0000.ANS,-50.0,-170.0,9.000134400036,2002/01/00,0,2.01,TOTAL,2.5281,0.15156,microSv/hr,ICRP Pub. 103 EFFECTIVE DOSE,-0.766044443118978,0.6427876096865394,-0.17364817766693028,-0.984807753012208,-0.9374831999955,1.260759482414044,-50.00000_-170.00000,1.0834148020206624,1.9547522370729475,-0.17734468039338158,-0.5733477629270523
L0000.ANS,-50.0,-160.0,9.000134400036,2002/01/00,0,2.42,TOTAL,2.4779,0.15064,microSv/hr,ICRP Pub. 103 EFFECTIVE DOSE,-0.766044443118978,0.6427876096865394,-0.3420201433256689,-0.9396926207859083,-0.9374831999955,1.2464286633623285,-50.00000_-160.00000,1.0831928291749335,1.9540964350982686,-0.16323583418739496,-0.5238035649017314
L0000.ANS,-50.0,-150.0,9.000134400036,2002/01/00,0,2.89,TOTAL,2.4071,0.14872,microSv/hr,ICRP Pub. 103 EFFECTIVE DOSE,-0.766044443118978,0.6427876096865394,-0.49999999999999994,-0.8660254037844387,-0.9374831999955,1.225861489583573,-50.00000_-150.00000,1.0833441461918831,1.9545434739800511,-0.14251734339168998,-0.45255652601994867
L0000.ANS,-50.0,-140.0,9.000134400036,2002/01/00,0,3.37,TOTAL,2.3287,0.146,microSv/hr,ICRP Pub. 103 EFFECTIVE DOSE,-0.766044443118978,0.6427876096865394,-0.6427876096865395,-0.7660444431189779,-0.9374831999955,1.2025818373797954,-50.00000_-140.00000,1.0838641553805206,1.956080263272396,-0.1187176819992748,-0.37261973672760407
L0000.ANS,-50.0,-130.0,9.000134400036,2002/01/00,0,3.96,TOTAL,2.2267,0.14178,microSv/hr,ICRP Pub. 103 EFFECTIVE DOSE,-0.766044443118978,0.6427876096865394,-0.766044443118978,-0.6427876096865394,-0.9374831999955,1.1714599431455284,-50.00000_-130.00000,1.084737056524787,1.958661755646658,-0.08672288662074146,-0.2680382443533422
L0000.ANS,-50.0,-120.0,9.000134400036,2002/01/00,0,4.53,TOTAL,2.126,0.13749,microSv/hr,ICRP Pub. 103 EFFECTIVE DOSE,-0.766044443118978,0.6427876096865394,-0.8660254037844387,-0.4999999999999998,-0.9374831999955,1.1397542319992848,-50.00000_-120.00000,1.0859363269651228,1.9622121197309808,-0.05381790503416206,-0.16378788026901914
L0000.ANS,-50.0,-110.0,9.000134400036,2002/01/00,0,5.14,TOTAL,2.0244,0.1326,microSv/hr,ICRP Pub. 103 EFFECTIVE DOSE,-0.766044443118978,0.6427876096865394,-0.9396926207859084,-0.3420201433256687,-0.9374831999955,1.106712724701978,-50.00000_-110.00000,1.0874255274760587,1.966626733840114,-0.019287197225919206,-0.05777326615988598
L0000.ANS,-50.0,-100.0,9.000134400036,2002/01/00,0,5.8,TOTAL,1.9191,0.12695,microSv/hr,ICRP Pub. 103 EFFECTIVE DOSE,-0.766044443118978,0.6427876096865394,-0.984807753012208,-0.1736481776669303,-0.9374831999955,1.071275349592815,-50.00000_-100.00000,1.0891594094536416,1.9717749764008479,0.01788405986082675,0.05267497640084784
L0000.ANS,-50.0,-90.0,9.000134400036,2002/01/00,0,6.54,TOTAL,1.8102,0.12057,microSv/hr,ICRP Pub. 103 EFFECTIVE DOSE,-0.766044443118978,0.6427876096865394,-1.0,6.123233995736766e-17,-0.9374831999955,1.0332556551901027,-50.00000_-90.00000,1.0910852897713694,1.9775037740552546,0.057829634581266776,0.16730377405525454
L0000.ANS,-50.0,-80.0,9.000134400036,2002/01/00,0,6.76,TOTAL,1.7805,0.11815,microSv/hr,ICRP Pub. 103 EFFECTIVE DOSE,-0.766044443118978,0.6427876096865394,-0.984807753012208,0.17364817766693041,-0.9374831999955,1.0226307676454816,-50.00000_-80.00000,1.0931446515303302,1.9836418495544006,0.0705138838848487,0.20314184955440062
L0000.ANS,-50.0,-70.0,9.000134400036,2002/01/00,0,6.4,TOTAL,1.8306,0.12098,microSv/hr,ICRP Pub. 103 EFFECTIVE DOSE,-0.766044443118978,0.6427876096865394,-0.9396926207859083,0.3420201433256688,-0.9374831999955,1.0404887033176013,-50.00000_-70.00000,1.0952749220655658,1.9900045886458033,0.05478621874796441,0.1594045886458033
L0000.ANS,-50.0,-60.0,9.000134400036,2002/01/00,0,5.76,TOTAL,1.9247,0.12702,microSv/hr,ICRP Pub. 103 EFFECTIVE DOSE,-0.766044443118978,0.6427876096865394,-0.8660254037844386,0.5000000000000001,-0.9374831999955,1.0731919113211985,-50.00000_-60.00000,1.0974113741848313,1.996399418977842,0.024219462863632746,0.07169941897784193
L0000.ANS,-50.0,-50.0,9.000134400036,2002/01/00,0,4.98,TOTAL,2.0512,0.13326,microSv/hr,ICRP Pub. 103 EFFECTIVE DOSE,-0.766044443118978,0.6427876096865394,-0.766044443118978,0.6427876096865394,-0.9374831999955,1.1155349558640175,-50.00000_-50.00000,1.0994890928715801,2.002631566125939,-0.016045862992437376,-0.04856843387406107
L0000.ANS,-50.0,-40.0,9.000134400036,2002/01/00,0,4.26,TOTAL,2.1731,0.13937,microSv/hr,ICRP Pub. 103 EFFECTIVE DOSE,-0.766044443118978,0.6427876096865394,-0.6427876096865393,0.766044443118978,-0.9374831999955,1.1547090280199797,-50.00000_-40.00000,1.1014449476948918,2.008510024388709,-0.05326408032508789,-0.16458997561129074
L0000.ANS,-50.0,-30.0,9.000134400036,2002/01/00,0,3.65,TOTAL,2.2794,0.14448,microSv/hr,ICRP Pub. 103 EFFECTIVE DOSE,-0.766044443118978,0.6427876096865394,-0.49999999999999994,0.8660254037844387,-0.9374831999955,1.187660478833631,-50.00000_-30.00000,1.1032195109956702,2.013853555683014,-0.08444096783796073,-0.26554644431698593
L0000.ANS,-50.0,-20.0,9.000134400036,2002/01/00,0,3.16,TOTAL,2.3645,0.14718,microSv/hr,ICRP Pub. 103 EFFECTIVE DOSE,-0.766044443118978,0.6427876096865394,-0.3420201433256687,0.9396926207859084,-0.9374831999955,1.2132793636462358,-50.00000_-20.00000,1.1047588635659935,2.01849651155673,-0.10852050008024228,-0.3460034884432699
L0000.ANS,-50.0,-10.0,9.000134400036,2002/01/00,0,2.75,TOTAL,2.4289,0.14923,microSv/hr,ICRP Pub. 103 EFFECTIVE DOSE,-0.766044443118978,0.6427876096865394,-0.17364817766693033,0.984807753012208,-0.9374831999955,1.2322395100342451,-50.00000_-10.00000,1.1060162329569625,2.0222942637654526,-0.12622327707728265,-0.40660573623454743
L0000.ANS,-50.0,0.0,9.000134400036,2002/01/00,0,2.46,TOTAL,2.4726,0.15043,microSv/hr,ICRP Pub. 103 EFFECTIVE DOSE,-0.766044443118978,0.6427876096865394,0.0,1.0,-0.9374831999955,1.2449035929279004,-50.00000_0.00000,1.1069534146358924,2.0251280302473926,-0.13795017829200806,-0.4474719697526073
L0000.ANS,-50.0,10.0,9.000134400036,2002/01/00,0,2.22,TOTAL,2.5039,0.15112,microSv/hr,ICRP Pub. 103 EFFECTIVE DOSE,-0.766044443118978,0.6427876096865394,0.17364817766693033,0.984807753012208,-0.9374831999955,1.2538766338541198,-50.00000_10.00000,1.107541932811705,2.0269088970621976,-0.14633470104241475,-0.4769911029378022
L0000.ANS,-50.0,20.0,9.000134400036,2002/01/00,0,2.05,TOTAL,2.5235,0.15147,microSv/hr,ICRP Pub. 103 EFFECTIVE DOSE,-0.766044443118978,0.6427876096865394,0.3420201433256687,0.9396926207859084,-0.9374831999955,1.2594548137849402,-50.00000_20.00000,1.107763905657434,2.0275808632202015,-0.15169090812750619,-0.4959191367797984
L0000.ANS,-50.0,30.0,9.000134400036,2002/01/00,0,1.9,TOTAL,2.5384,0.15172,microSv/hr,ICRP Pub. 103 EFFECTIVE DOSE,-0.766044443118978,0.6427876096865394,0.49999999999999994,0.8660254037844387,-0.9374831999955,1.26367464757198,-50.00000_30.00000,1.1076125886404844,2.027122773374674,-0.1560620589314956,-0.5112772266253263
L0000.ANS,-50.0,40.0,9.000134400036,2002/01/00,0,1.71,TOTAL,2.5548,0.15191,microSv/hr,ICRP Pub. 103 EFFECTIVE DOSE,-0.766044443118978,0.6427876096865394,0.6427876096865393,0.766044443118978,-0.9374831999955,1.268298802882183,-50.00000_40.00000,1.107092579451847,2.025549050927914,-0.1612062234303362,-0.529250949072086
L0000.ANS,-50.0,50.0,9.000134400036,2002/01/00,0,1.51,TOTAL,2.5678,0.15203,microSv/hr,ICRP Pub. 103 EFFECTIVE DOSE,-0.766044443118978,0.6427876096865394,0.766044443118978,0.6427876096865394,-0.9374831999955,1.2719491593350303,-50.00000_50.00000,1.1062196783075806,2.022909198032253,-0.16572948102744967,-0.544890801967747
L0000.ANS,-50.0,60.0,9.000134400036,2002/01/00,0,1.31,TOTAL,2.5756,0.15206,microSv/hr,ICRP Pub. 103 EFFECTIVE DOSE,-0.766044443118978,0.6427876096865394,0.8660254037844386,0.5000000000000001,-0.9374831999955,1.2741329942315605,-50.00000_60.00000,1.1050204078672448,2.0192860853674395,-0.1691125863643157,-0.5563139146325606
L0000.ANS,-50.0,70.0,9.000134400036,2002/01/00,0,1.05,TOTAL,2.5802,0.15207,microSv/hr,ICRP Pub. 103 EFFECTIVE DOSE,-0.766044443118978,0.6427876096865394,0.9396926207859083,0.3420201433256688,-0.9374831999955,1.2754186647739543,-50.00000_70.00000,1.1035312073563088,2.014793109287931,-0.17188745741764544,-0.5654068907120688
L0000.ANS,-50.0,80.0,9.000134400036,2002/01/00,0,0.85,TOTAL,2.5812,0.15207,microSv/hr,ICRP Pub. 103 EFFECTIVE DOSE,-0.766044443118978,0.6427876096865394,0.984807753012208,0.17364817766693041,-0.9374831999955,1.2756979397778638,-50.00000_80.00000,1.1017973253787259,2.0095703429882295,-0.17390061439913795,-0.5716296570117705
L0000.ANS,-50.0,90.0,9.000134400036,2002/01/00,0,0.69,TOTAL,2.5813,0.15207,microSv/hr,ICRP Pub. 103 EFFECTIVE DOSE,-0.766044443118978,0.6427876096865394,1.0,6.123233995736766e-17,-0.9374831999955,1.2757258629890351,-50.00000_90.00000,1.099871445060998,2.0037798483893923,-0.17585441792803702,-0.5775201516106079
L0000.ANS,-50.0,100.0,9.000134400036,2002/01/00,0,0.61,TOTAL,2.5814,0.15207,microSv/hr,ICRP Pub. 103 EFFECTIVE DOSE,-0.766044443118978,0.6427876096865394,0.984807753012208,-0.1736481776669303,-0.9374831999955,1.275753785420522,-50.00000_100.00000,1.0978120833020373,1.9976003441385786,-0.1779417021184848,-0.5837996558614214
L0000.ANS,-50.0,110.0,9.000134400036,2002/01/00,0,0.55,TOTAL,2.5814,0.15207,microSv/hr,ICRP Pub. 103 EFFECTIVE DOSE,-0.766044443118978,0.6427876096865394,0.9396926207859084,-0.3420201433256687,-0.9374831999955,1.275753785420522,-50.00000_110.00000,1.0956818127668018,1.9912214412557938,-0.18007197265372032,-0.5901785587442061
L0000.ANS,-50.0,120.0,9.000134400036,2002/01/00,0,0.53,TOTAL,2.5814,0.15207,microSv/hr,ICRP Pub. 103 EFFECTIVE DOSE,-0.766044443118978,0.6427876096865394,0.8660254037844387,-0.4999999999999998,-0.9374831999955,1.275753785420522,-50.00000_120.00000,1.0935453606475363,1.9848376616163916,-0.18220842477298582,-0.5965623383836083
L0000.ANS,-50.0,130.0,9.000134400036,2002/01/00,0,0.58,TOTAL,2.5814,0.15207,microSv/hr,ICRP Pub. 103 EFFECTIVE DOSE,-0.766044443118978,0.6427876096865394,0.766044443118978,-0.6427876096865394,-0.9374831999955,1.275753785420522,-50.00000_130.00000,1.0914676419607874,1.978642446815404,-0.1842861434597347,-0.6027575531845959
L0000.ANS,-50.0,140.0,9.000134400036,2002/01/00,0,0.66,TOTAL,2.5813,0.15207,microSv/hr,ICRP Pub. 103 EFFECTIVE DOSE,-0.766044443118978,0.6427876096865394,0.6427876096865395,-0.7660444431189779,-0.9374831999955,1.2757258629890351,-50.00000_140.00000,1.0895117871374758,1.9728223481082785,-0.18621407585155936,-0.6084776518917216
L0000.ANS,-50.0,150.0,9.000134400036,2002/01/00,0,0.8,TOTAL,2.5812,0.15207,microSv/hr,ICRP Pub. 103 EFFECTIVE DOSE,-0.766044443118978,0.6427876096865394,0.49999999999999994,-0.8660254037844387,-0.9374831999955,1.2756979397778638,-50.00000_150.00000,1.0877372238366974,1.9675515647221478,-0.18796071594116648,-0.6136484352778522
L0000.ANS,-50.0,160.0,9.000134400036,2002/01/00,0,1.03,TOTAL,2.5804,0.15207,microSv/hr,ICRP Pub. 103 EFFECTIVE DOSE,-0.766044443118978,0.6427876096865394,0.3420201433256689,-0.9396926207859083,-0.9374831999955,1.275474526014647,-50.00000_160.00000,1.086197871266374,1.9629869707545113,-0.18927665474827293,-0.6174130292454887
L0000.ANS,-50.0,170.0,9.000134400036,2002/01/00,0,1.28,TOTAL,2.5763,0.15207,microSv/hr,ICRP Pub. 103 EFFECTIVE DOSE,-0.766044443118978,0.6427876096865394,0.17364817766693028,-0.984807753012208,-0.9374831999955,1.2743287464099284,-50.00000_170.00000,1.084940501875405,1.959263742858569,-0.1893882445345234,-0.6170362571414307
L0000.ANS,-45.0,-179.99999,9.000134400036,2002/01/00,0,2.64,TOTAL,2.4462,0.14993,microSv/hr,ICRP Pub. 103 EFFECTIVE DOSE,-0.7071067811865475,0.7071067811865476,-1.745329251238221e-07,-0.9999999999999848,-0.9374831999955,1.2372721747268622,-45.00000_-179.99999,1.0369456923262226,1.8205888982818978,-0.20032648240063966,-0.6256111017181023
L0000.ANS,-45.0,-170.0,9.000134400036,2002/01/00,0,3.07,TOTAL,2.3793,0.14767,microSv/hr,ICRP Pub. 103 EFFECTIVE DOSE,-0.7071067811865475,0.7071067811865476,-0.17364817766693028,-0.984807753012208,-0.9374831999955,1.2176685874549227,-45.00000_-170.00000,1.036357174917146,1.8189294209749507,-0.1813114125377766,-0.5603705790250495
L0000.ANS,-45.0,-160.0,9.000134400036,2002/01/00,0,3.59,TOTAL,2.2905,0.14462,microSv/hr,ICRP Pub. 103 EFFECTIVE DOSE,-0.7071067811865475,0.7071067811865476,-0.3420201433256689,-0.9396926207859083,-0.9374831999955,1.1910395289140367,-45.00000_-160.00000,1.0361352020714176,1.8183037646313975,-0.15490432684261912,-0.47219623536860267
L0000.ANS,-45.0,-150.0,9.000134400036,2002/01/00,0,4.15,TOTAL,2.1932,0.1408,microSv/hr,ICRP Pub. 103 EFFECTIVE DOSE,-0.7071067811865475,0.7071067811865476,-0.49999999999999994,-0.8660254037844387,-0.9374831999955,1.1610235487895069,-45.00000_-150.00000,1.036286519088367,1.818730254216671,-0.12473702970113987,-0.37446974578332903
L0000.ANS,-45.0,-140.0,9.000134400036,2002/01/00,0,4.57,TOTAL,2.12,0.13741,microSv/hr,ICRP Pub. 103 EFFECTIVE DOSE,-0.7071067811865475,0.7071067811865476,-0.6427876096865395,-0.7660444431189779,-0.9374831999955,1.1378330018213911,-45.00000_-140.00000,1.0368065282770045,1.820196401021021,-0.10102647354438665,-0.2998035989789791
L0000.ANS,-45.0,-130.0,9.000134400036,2002/01/00,0,5.17,TOTAL,2.018,0.13256,microSv/hr,ICRP Pub. 103 EFFECTIVE DOSE,-0.7071067811865475,0.7071067811865476,-0.766044443118978,-0.6427876096865394,-0.9374831999955,1.104594360345657,-45.00000_-130.00000,1.0376794294212708,1.82265922843258,-0.06691493092438616,-0.1953407715674198
L0000.ANS,-45.0,-120.0,9.000134400036,2002/01/00,0,6.02,TOTAL,1.8862,0.12436,microSv/hr,ICRP Pub. 103 EFFECTIVE DOSE,-0.7071067811865475,0.7071067811865476,-0.8660254037844387,-0.4999999999999998,-0.9374831999955,1.0599407580198403,-45.00000_-120.00000,1.0388786998616066,1.8260463908643056,-0.0210620581582337,-0.06015360913569445
L0000.ANS,-45.0,-110.0,9.000134400036,2002/01/00,0,7.31,TOTAL,1.7072,0.1137,microSv/hr,ICRP Pub. 103 EFFECTIVE DOSE,-0.7071067811865475,0.7071067811865476,-0.9396926207859084,-0.3420201433256687,-0.9374831999955,0.9959148904297671,-45.00000_-110.00000,1.0403679003725426,1.830258075836855,0.04445300994277546,0.12305807583685491
L0000.ANS,-45.0,-100.0,9.000134400036,2002/01/00,0,8.06,TOTAL,1.617,0.10709,microSv/hr,ICRP Pub. 103 EFFECTIVE DOSE,-0.7071067811865475,0.7071067811865476,-0.984807753012208,-0.1736481776669303,-0.9374831999955,0.9620286235480088,-45.00000_-100.00000,1.0421017823501255,1.8351696661349115,0.08007315880211674,0.2181696661349115
L0000.ANS,-45.0,-90.0,9.000134400036,2002/01/00,0,8.44,TOTAL,1.5733,0.10568,microSv/hr,ICRP Pub. 103 EFFECTIVE DOSE,-0.7071067811865475,0.7071067811865476,-1.0,6.123233995736766e-17,-0.9374831999955,0.9451891219168038,-45.00000_-90.00000,1.0440276626678533,1.840635124812698,0.09883854075104948,0.26733512481269806
L0000.ANS,-45.0,-80.0,9.000134400036,2002/01/00,0,8.22,TOTAL,1.5985,0.10636,microSv/hr,ICRP Pub. 103 EFFECTIVE DOSE,-0.7071067811865475,0.7071067811865476,-0.984807753012208,0.17364817766693041,-0.9374831999955,0.9549343554663595,-45.00000_-80.00000,1.0460870244268141,1.8464910478222865,0.0911526689604546,0.24799104782228643
L0000.ANS,-45.0,-70.0,9.000134400036,2002/01/00,0,7.69,TOTAL,1.6602,0.11027,microSv/hr,ICRP Pub. 103 EFFECTIVE DOSE,-0.7071067811865475,0.7071067811865476,-0.9396926207859083,0.3420201433256688,-0.9374831999955,0.9784013079370588,-45.00000_-70.00000,1.0482172949620496,1.8525613071820055,0.06981598702499081,0.19236130718200561
L0000.ANS,-45.0,-60.0,9.000134400036,2002/01/00,0,7.07,TOTAL,1.7385,0.11489,microSv/hr,ICRP Pub. 103 EFFECTIVE DOSE,-0.7071067811865475,0.7071067811865476,-0.8660254037844386,0.5000000000000001,-0.9374831999955,1.0074103252416389,-45.00000_-60.00000,1.0503537470813151,1.858662182625621,0.042943421839676255,0.12016218262562117
L0000.ANS,-45.0,-50.0,9.000134400036,2002/01/00,0,6.37,TOTAL,1.8353,0.12114,microSv/hr,ICRP Pub. 103 EFFECTIVE DOSE,-0.7071067811865475,0.7071067811865476,-0.766044443118978,0.6427876096865394,-0.9374831999955,1.042147751686983,-45.00000_-50.00000,1.052431465768064,1.8646078530379124,0.010283714081080975,0.0293078530379125
L0000.ANS,-45.0,-40.0,9.000134400036,2002/01/00,0,5.4,TOTAL,1.9817,0.12957,microSv/hr,ICRP Pub. 103 EFFECTIVE DOSE,-0.7071067811865475,0.7071067811865476,-0.6427876096865393,0.766044443118978,-0.9374831999955,1.0924936076599325,-45.00000_-40.00000,1.0543873205913756,1.8702160927877571,-0.0381062870685569,-0.11148390721224288
L0000.ANS,-45.0,-30.0,9.000134400036,2002/01/00,0,4.45,TOTAL,2.1397,0.13781,microSv/hr,ICRP Pub. 103 EFFECTIVE DOSE,-0.7071067811865475,0.7071067811865476,-0.49999999999999994,0.8660254037844387,-0.9374831999955,1.1441272539545178,-45.00000_-30.00000,1.056161883892154,1.8753139948684874,-0.08796537006236371,-0.26438600513151256
L0000.ANS,-45.0,-20.0,9.000134400036,2002/01/00,0,3.86,TOTAL,2.2443,0.14246,microSv/hr,ICRP Pub. 103 EFFECTIVE DOSE,-0.7071067811865475,0.7071067811865476,-0.3420201433256687,0.9396926207859084,-0.9374831999955,1.1768996103990024,-45.00000_-20.00000,1.0577012364624774,1.8797435252868053,-0.11919837393652499,-0.36455647471319463
L0000.ANS,-45.0,-10.0,9.000134400036,2002/01/00,0,3.34,TOTAL,2.3335,0.14629,microSv/hr,ICRP Pub. 103 EFFECTIVE DOSE,-0.7071067811865475,0.7071067811865476,-0.17364817766693033,0.984807753012208,-0.9374831999955,1.2040228030759776,-45.00000_-10.00000,1.0589586058534464,1.8833667040090067,-0.14506419722253128,-0.45013329599099317
L0000.ANS,-45.0,0.0,9.000134400036,2002/01/00,0,3.08,TOTAL,2.377,0.14758,microSv/hr,ICRP Pub. 103 EFFECTIVE DOSE,-0.7071067811865475,0.7071067811865476,0.0,1.0,-0.9374831999955,1.2169877414034307,-45.00000_0.00000,1.059895787532376,1.8860702090974824,-0.15709195387105468,-0.4909297909025174
L0000.ANS,-45.0,10.0,9.000134400036,2002/01/00,0,2.82,TOTAL,2.4187,0.14892,microSv/hr,ICRP Pub. 103 EFFECTIVE DOSE,-0.7071067811865475,0.7071067811865476,0.17364817766693033,0.984807753012208,-0.9374831999955,1.2292603618526854,-45.00000_10.00000,1.060484305708189,1.887769213770736,-0.16877605614449642,-0.5309307862292638
L0000.ANS,-45.0,20.0,9.000134400036,2002/01/00,0,2.7,TOTAL,2.4373,0.14958,microSv/hr,ICRP Pub. 103 EFFECTIVE DOSE,-0.7071067811865475,0.7071067811865476,0.3420201433256687,0.9396926207859084,-0.9374831999955,1.2346862794818803,-45.00000_20.00000,1.0607062785539176,1.8884102912691905,-0.17398000092796262,-0.5488897087308096
L0000.ANS,-45.0,30.0,9.000134400036,2002/01/00,0,2.5,TOTAL,2.4664,0.15024,microSv/hr,ICRP Pub. 103 EFFECTIVE DOSE,-0.7071067811865475,0.7071067811865476,0.49999999999999994,0.8660254037844387,-0.9374831999955,1.2431165914435627,-45.00000_30.00000,1.0605549615369683,1.8879732587062554,-0.1825616299065944,-0.5784267412937447
L0000.ANS,-45.0,40.0,9.000134400036,2002/01/00,0,2.41,TOTAL,2.4796,0.15071,microSv/hr,ICRP Pub. 103 EFFECTIVE DOSE,-0.7071067811865475,0.7071067811865476,0.6427876096865393,0.766044443118978,-0.9374831999955,1.2469173446512487,-45.00000_40.00000,1.0600349523483308,1.8864718764752992,-0.18688239230291792,-0.5931281235247008
L0000.ANS,-45.0,50.0,9.000134400036,2002/01/00,0,2.26,TOTAL,2.4984,0.15098,microSv/hr,ICRP Pub. 103 EFFECTIVE DOSE,-0.7071067811865475,0.7071067811865476,0.766044443118978,0.6427876096865394,-0.9374831999955,1.2523057211165738,-45.00000_50.00000,1.0591620512040645,1.8839533712344005,-0.1931436699125093,-0.6144466287655996
L0000.ANS,-45.0,60.0,9.000134400036,2002/01/00,0,1.94,TOTAL,2.5352,0.1517,microSv/hr,ICRP Pub. 103 EFFECTIVE DOSE,-0.7071067811865475,0.7071067811865476,0.8660254037844386,0.5000000000000001,-0.9374831999955,1.2627698748343932,-45.00000_60.00000,1.0579627807637286,1.8804968042985317,-0.20480709407066455,-0.6547031957014684
L0000.ANS,-45.0,70.0,9.000134400036,2002/01/00,0,1.72,TOTAL,2.5539,0.15191,microSv/hr,ICRP Pub. 103 EFFECTIVE DOSE,-0.7071067811865475,0.7071067811865476,0.9396926207859083,0.3420201433256688,-0.9374831999955,1.268045592026525,-45.00000_70.00000,1.0564735802527927,1.8762103594659156,-0.2115720117737323,-0.6776896405340844
L0000.ANS,-45.0,80.0,9.000134400036,2002/01/00,0,1.45,TOTAL,2.5704,0.15204,microSv/hr,ICRP Pub. 103 EFFECTIVE DOSE,-0.7071067811865475,0.7071067811865476,0.984807753012208,0.17364817766693041,-0.9374831999955,1.2726776343329231,-45.00000_80.00000,1.0547396982752097,1.871227671104982,-0.2179379360577134,-0.6991723288950178
L0000.ANS,-45.0,90.0,9.000134400036,2002/01/00,0,1.27,TOTAL,2.5765,0.15207,microSv/hr,ICRP Pub. 103 EFFECTIVE DOSE,-0.7071067811865475,0.7071067811865476,1.0,6.123233995736766e-17,-0.9374831999955,1.2743846685663014,-45.00000_90.00000,1.052813817957482,1.865703351542125,-0.22157085060881943,-0.7107966484578747
L0000.ANS,-45.0,100.0,9.000134400036,2002/01/00,0,1.2,TOTAL,2.5781,0.15207,microSv/hr,ICRP Pub. 103 EFFECTIVE DOSE,-0.7071067811865475,0.7071067811865476,0.984807753012208,-0.1736481776669303,-0.9374831999955,1.274831933270596,-45.00000_100.00000,1.0507544561985211,1.8598079041604132,-0.22407747707207482,-0.7182920958395869
L0000.ANS,-45.0,110.0,9.000134400036,2002/01/00,0,1.12,TOTAL,2.5795,0.15207,microSv/hr,ICRP Pub. 103 EFFECTIVE DOSE,-0.7071067811865475,0.7071067811865476,0.9396926207859084,-0.3420201433256687,-0.9374831999955,1.2752231258541027,-45.00000_110.00000,1.0486241856632856,1.8537222240197198,-0.22659894019081706,-0.7257777759802801
L0000.ANS,-45.0,120.0,9.000134400036,2002/01/00,0,1.11,TOTAL,2.5796,0.15207,microSv/hr,ICRP Pub. 103 EFFECTIVE DOSE,-0.7071067811865475,0.7071067811865476,0.8660254037844387,-0.4999999999999998,-0.9374831999955,1.275251062326566,-45.00000_120.00000,1.0464877335440201,1.8476318912951193,-0.2287633287825459,-0.7319681087048808
L0000.ANS,-45.0,130.0,9.000134400036,2002/01/00,0,1.22,TOTAL,2.5778,0.15207,microSv/hr,ICRP Pub. 103 EFFECTIVE DOSE,-0.7071067811865475,0.7071067811865476,0.766044443118978,-0.6427876096865394,-0.9374831999955,1.274748086374978,-45.00000_130.00000,1.0444100148572713,1.8417214555392392,-0.2303380715177068,-0.7360785444607607
L0000.ANS,-45.0,140.0,9.000134400036,2002/01/00,0,1.32,TOTAL,2.5752,0.15206,microSv/hr,ICRP Pub. 103 EFFECTIVE DOSE,-0.7071067811865475,0.7071067811865476,0.6427876096865395,-0.7660444431189779,-0.9374831999955,1.2740211186371047,-45.00000_140.00000,1.0424541600339596,1.8361688926973723,-0.23156695860314502,-0.7390311073026279
L0000.ANS,-45.0,150.0,9.000134400036,2002/01/00,0,1.51,TOTAL,2.5675,0.15202,microSv/hr,ICRP Pub. 103 EFFECTIVE DOSE,-0.7071067811865475,0.7071067811865476,0.49999999999999994,-0.8660254037844387,-0.9374831999955,1.2718650703688543,-45.00000_150.00000,1.0406795967331812,1.831140394479373,-0.2311854736356731,-0.736359605520627
L0000.ANS,-45.0,160.0,9.000134400036,2002/01/00,0,1.82,TOTAL,2.5462,0.15182,microSv/hr,ICRP Pub. 103 EFFECTIVE DOSE,-0.7071067811865475,0.7071067811865476,0.3420201433256689,-0.9396926207859083,-0.9374831999955,1.265876607640751,-45.00000_160.00000,1.0391402441628579,1.8267856238597824,-0.22673636347789317,-0.7194143761402174
L0000.ANS,-45.0,170.0,9.000134400036,2002/01/00,0,2.17,TOTAL,2.5098,0.15132,microSv/hr,ICRP Pub. 103 EFFECTIVE DOSE,-0.7071067811865475,0.7071067811865476,0.17364817766693028,-0.984807753012208,-0.9374831999955,1.2555590557973693,-45.00000_170.00000,1.037882874771889,1.8232335437478935,-0.21767618102548036,-0.6865664562521063
L0000.ANS,-40.0,-179.99999,9.000134400036,2002/01/00,0,4.06,TOTAL,2.209,0.14139,microSv/hr,ICRP Pub. 103 EFFECTIVE DOSE,-0.6427876096865393,0.766044443118978,-1.745329251238221e-07,-0.9999999999999848,-0.9374831999955,1.1659593621277198,-40.00000_-179.99999,0.9935578444235695,1.7008265192963847,-0.17240151770415024,-0.5081734807036153
L0000.ANS,-40.0,-170.0,9.000134400036,2002/01/00,0,4.59,TOTAL,2.1169,0.13738,microSv/hr,ICRP Pub. 103 EFFECTIVE DOSE,-0.6427876096865393,0.766044443118978,-0.17364817766693028,-0.984807753012208,-0.9374831999955,1.136838918140304,-40.00000_-170.00000,0.992969327014493,1.6992375034984768,-0.143869591125811,-0.417662496501523
L0000.ANS,-40.0,-160.0,9.000134400036,2002/01/00,0,4.84,TOTAL,2.0741,0.13443,microSv/hr,ICRP Pub. 103 EFFECTIVE DOSE,-0.6427876096865393,0.766044443118978,-0.3420201433256689,-0.9396926207859083,-0.9374831999955,1.123012175491645,-40.00000_-160.00000,0.9927473541687644,1.6986384125619476,-0.13026482132288053,-0.37546158743805247
L0000.ANS,-40.0,-150.0,9.000134400036,2002/01/00,0,5.44,TOTAL,1.9754,0.12912,microSv/hr,ICRP Pub. 103 EFFECTIVE DOSE,-0.6427876096865393,0.766044443118978,-0.49999999999999994,-0.8660254037844387,-0.9374831999955,1.0903784837410062,-40.00000_-150.00000,0.9928986711857137,1.6990467933730655,-0.09747981255529248,-0.2763532066269345
L0000.ANS,-40.0,-140.0,9.000134400036,2002/01/00,0,6.1,TOTAL,1.8742,0.12336,microSv/hr,ICRP Pub. 103 EFFECTIVE DOSE,-0.6427876096865393,0.766044443118978,-0.6427876096865395,-0.7660444431189779,-0.9374831999955,1.0557743746580095,-40.00000_-140.00000,0.9934186803743512,1.7004506874934675,-0.06235569428365828,-0.17374931250653258
L0000.ANS,-40.0,-130.0,9.000134400036,2002/01/00,0,7.25,TOTAL,1.7156,0.11391,microSv/hr,ICRP Pub. 103 EFFECTIVE DOSE,-0.6427876096865393,0.766044443118978,-0.766044443118978,-0.6427876096865394,-0.9374831999955,0.999012923445355,-40.00000_-130.00000,0.9942915815186177,1.7028089431008844,-0.0047213419267372325,-0.012791056899115638
L0000.ANS,-40.0,-120.0,9.000134400036,2002/01/00,0,8.09,TOTAL,1.6132,0.10691,microSv/hr,ICRP Pub. 103 EFFECTIVE DOSE,-0.6427876096865393,0.766044443118978,-0.8660254037844387,-0.4999999999999998,-0.9374831999955,0.9605755239844582,-40.00000_-120.00000,0.9954908519589534,1.706052286406369,0.03491532797449515,0.092852286406369
L0000.ANS,-40.0,-110.0,9.000134400036,2002/01/00,0,9.13,TOTAL,1.4908,0.098787,microSv/hr,ICRP Pub. 103 EFFECTIVE DOSE,-0.6427876096865393,0.766044443118978,-0.9396926207859084,-0.3420201433256687,-0.9374831999955,0.9126039440161599,-40.00000_-110.00000,0.9969800524698893,1.7100851429746242,0.08437610845372945,0.21928514297462431
L0000.ANS,-40.0,-100.0,9.000134400036,2002/01/00,0,9.68,TOTAL,1.4257,0.094191,microSv/hr,ICRP Pub. 103 EFFECTIVE DOSE,-0.6427876096865393,0.766044443118978,-0.984807753012208,-0.1736481776669303,-0.9374831999955,0.8861201425290384,-40.00000_-100.00000,0.9987139344474723,1.7147881868449981,0.11259379191843388,0.28908818684499815
L0000.ANS,-40.0,-90.0,9.000134400036,2002/01/00,0,9.46,TOTAL,1.45,0.09686,microSv/hr,ICRP Pub. 103 EFFECTIVE DOSE,-0.6427876096865393,0.766044443118978,-1.0,6.123233995736766e-17,-0.9374831999955,0.8960880245566356,-40.00000_-90.00000,1.0006398147652003,1.7200215818094604,0.10455179020856464,0.27002158180946045
L0000.ANS,-40.0,-80.0,9.000134400036,2002/01/00,0,9.13,TOTAL,1.4909,0.098793,microSv/hr,ICRP Pub. 103 EFFECTIVE DOSE,-0.6427876096865393,0.766044443118978,-0.984807753012208,0.17364817766693041,-0.9374831999955,0.9126440909539575,-40.00000_-80.00000,1.0026991765241609,1.725628861966057,0.09005508557020336,0.23472886196605702
L0000.ANS,-40.0,-70.0,9.000134400036,2002/01/00,0,8.56,TOTAL,1.56,0.10421,microSv/hr,ICRP Pub. 103 EFFECTIVE DOSE,-0.6427876096865393,0.766044443118978,-0.9396926207859083,0.3420201433256688,-0.9374831999955,0.9400072584914712,-40.00000_-70.00000,1.0048294470593964,1.7314413777381081,0.06482218856792521,0.17144137773810808
L0000.ANS,-40.0,-60.0,9.000134400036,2002/01/00,0,7.77,TOTAL,1.6511,0.10943,microSv/hr,ICRP Pub. 103 EFFECTIVE DOSE,-0.6427876096865393,0.766044443118978,-0.8660254037844386,0.5000000000000001,-0.9374831999955,0.9749746482099314,-40.00000_-60.00000,1.0069658991786619,1.7372832096332411,0.031991250968730456,0.08618320963324111
L0000.ANS,-40.0,-50.0,9.000134400036,2002/01/00,0,6.82,TOTAL,1.7714,0.11729,microSv/hr,ICRP Pub. 103 EFFECTIVE DOSE,-0.6427876096865393,0.766044443118978,-0.766044443118978,0.6427876096865394,-0.9374831999955,1.0193526076824777,-40.00000_-50.00000,1.009043617865411,1.742976426512275,-0.010308989817066738,-0.028423573487725173
L0000.ANS,-40.0,-40.0,9.000134400036,2002/01/00,0,6.21,TOTAL,1.8586,0.12228,microSv/hr,ICRP Pub. 103 EFFECTIVE DOSE,-0.6427876096865393,0.766044443118978,-0.6427876096865393,0.766044443118978,-0.9374831999955,1.0503319944928777,-40.00000_-40.00000,1.0109994726887224,1.748346540055648,-0.03933252180415536,-0.1102534599443521
L0000.ANS,-40.0,-30.0,9.000134400036,2002/01/00,0,5.51,TOTAL,1.9652,0.12848,microSv/hr,ICRP Pub. 103 EFFECTIVE DOSE,-0.6427876096865393,0.766044443118978,-0.49999999999999994,0.8660254037844387,-0.9374831999955,1.0869444838004276,-40.00000_-30.00000,1.0127740359895008,1.7532279848988859,-0.07417044781092685,-0.2119720151011142
L0000.ANS,-40.0,-20.0,9.000134400036,2002/01/00,0,4.69,TOTAL,2.0998,0.13625,microSv/hr,ICRP Pub. 103 EFFECTIVE DOSE,-0.6427876096865393,0.766044443118978,-0.3420201433256687,0.9396926207859084,-0.9374831999955,1.1313375932808134,-40.00000_-20.00000,1.0143133885598241,1.7574694371818154,-0.11702420472098929,-0.34233056281818475
L0000.ANS,-40.0,-10.0,9.000134400036,2002/01/00,0,4.12,TOTAL,2.1985,0.14124,microSv/hr,ICRP Pub. 103 EFFECTIVE DOSE,-0.6427876096865393,0.766044443118978,-0.17364817766693033,0.984807753012208,-0.9374831999955,1.1626819499080554,-40.00000_-10.00000,1.0155707579507933,1.7609387755114934,-0.14711119195726208,-0.43756122448850676
L0000.ANS,-40.0,0.0,9.000134400036,2002/01/00,0,3.75,TOTAL,2.2627,0.14348,microSv/hr,ICRP Pub. 103 EFFECTIVE DOSE,-0.6427876096865393,0.766044443118978,0.0,1.0,-0.9374831999955,1.1825550734518715,-40.00000_0.00000,1.016507939629723,1.7635274896067858,-0.16604713382214853,-0.4991725103932143
L0000.ANS,-40.0,10.0,9.000134400036,2002/01/00,0,3.5,TOTAL,2.3068,0.14502,microSv/hr,ICRP Pub. 103 EFFECTIVE DOSE,-0.6427876096865393,0.766044443118978,0.17364817766693033,0.984807753012208,-0.9374831999955,1.1959809543963835,-40.00000_10.00000,1.017096457805536,1.7651543544365833,-0.1788844965908476,-0.5416456455634167
L0000.ANS,-40.0,20.0,9.000134400036,2002/01/00,0,3.46,TOTAL,2.3126,0.14523,microSv/hr,ICRP Pub. 103 EFFECTIVE DOSE,-0.6427876096865393,0.766044443118978,0.3420201433256687,0.9396926207859084,-0.9374831999955,1.1977333795359169,-40.00000_20.00000,1.0173184306512646,1.765768211744823,-0.18041494888465226,-0.5468317882551772
L0000.ANS,-40.0,30.0,9.000134400036,2002/01/00,0,3.44,TOTAL,2.3171,0.14541,microSv/hr,ICRP Pub. 103 EFFECTIVE DOSE,-0.6427876096865393,0.766044443118978,0.49999999999999994,0.8660254037844387,-0.9374831999955,1.1990909072343288,-40.00000_30.00000,1.0171671136343152,1.7653497356115269,-0.18192379360001354,-0.5517502643884731
L0000.ANS,-40.0,40.0,9.000134400036,2002/01/00,0,3.32,TOTAL,2.3375,0.14654,microSv/hr,ICRP Pub. 103 EFFECTIVE DOSE,-0.6427876096865393,0.766044443118978,0.6427876096865393,0.766044443118978,-0.9374831999955,1.205222023726368,-40.00000_40.00000,1.0166471044456777,1.76391210216291,-0.18857491928069026,-0.5735878978370899
L0000.ANS,-40.0,50.0,9.000134400036,2002/01/00,0,3.14,TOTAL,2.3674,0.14725,microSv/hr,ICRP Pub. 103 EFFECTIVE DOSE,-0.6427876096865393,0.766044443118978,0.766044443118978,0.6427876096865394,-0.9374831999955,1.2141409332415622,-40.00000_50.00000,1.0157742033014112,1.7615005328102296,-0.19836672994015103,-0.6058994671897704
L0000.ANS,-40.0,60.0,9.000134400036,2002/01/00,0,2.9,TOTAL,2.4058,0.14871,microSv/hr,ICRP Pub. 103 EFFECTIVE DOSE,-0.6427876096865393,0.766044443118978,0.8660254037844386,0.5000000000000001,-0.9374831999955,1.2254798606103672,-40.00000_60.00000,1.0145749328610756,1.7581907319201378,-0.2109049277492916,-0.6476092680798624
L0000.ANS,-40.0,70.0,9.000134400036,2002/01/00,0,2.63,TOTAL,2.4477,0.14994,microSv/hr,ICRP Pub. 103 EFFECTIVE DOSE,-0.6427876096865393,0.766044443118978,0.9396926207859083,0.3420201433256688,-0.9374831999955,1.2377073420555647,-40.00000_70.00000,1.0130857323501397,1.754086289800096,-0.224621609705425,-0.6936137101999043
L0000.ANS,-40.0,80.0,9.000134400036,2002/01/00,0,2.4,TOTAL,2.4807,0.15076,microSv/hr,ICRP Pub. 103 EFFECTIVE DOSE,-0.6427876096865393,0.766044443118978,0.984807753012208,0.17364817766693041,-0.9374831999955,1.2472334229838373,-40.00000_80.00000,1.0113518503725567,1.74931516669499,-0.23588157261128062,-0.7313848333050101
L0000.ANS,-40.0,90.0,9.000134400036,2002/01/00,0,2.15,TOTAL,2.5117,0.15136,microSv/hr,ICRP Pub. 103 EFFECTIVE DOSE,-0.6427876096865393,0.766044443118978,1.0,6.123233995736766e-17,-0.9374831999955,1.256100250711953,-40.00000_90.00000,1.0094259700548287,1.744025410082276,-0.24667428065712427,-0.7676745899177237
L0000.ANS,-40.0,100.0,9.000134400036,2002/01/00,0,2.06,TOTAL,2.5218,0.15144,microSv/hr,ICRP Pub. 103 EFFECTIVE DOSE,-0.6427876096865393,0.766044443118978,0.984807753012208,-0.1736481776669303,-0.9374831999955,1.2589722225445406,-40.00000_100.00000,1.007366608295868,1.7383802837608398,-0.25160561424867245,-0.7834197162391601
L0000.ANS,-40.0,110.0,9.000134400036,2002/01/00,0,2.05,TOTAL,2.5231,0.15146,microSv/hr,ICRP Pub. 103 EFFECTIVE DOSE,-0.6427876096865393,0.766044443118978,0.9396926207859084,-0.3420201433256687,-0.9374831999955,1.2593412838554905,-40.00000_110.00000,1.0052363377606326,1.7325530019751274,-0.2541049460948579,-0.7905469980248725
L0000.ANS,-40.0,120.0,9.000134400036,2002/01/00,0,2.08,TOTAL,2.5196,0.15141,microSv/hr,ICRP Pub. 103 EFFECTIVE DOSE,-0.6427876096865393,0.766044443118978,0.8660254037844387,-0.4999999999999998,-0.9374831999955,1.2583473467892685,-40.00000_120.00000,1.003099885641367,1.7267212651545087,-0.2552474611479014,-0.7928787348454913
L0000.ANS,-40.0,130.0,9.000134400036,2002/01/00,0,2.2,TOTAL,2.5056,0.15117,microSv/hr,ICRP Pub. 103 EFFECTIVE DOSE,-0.6427876096865393,0.766044443118978,0.766044443118978,-0.6427876096865394,-0.9374831999955,1.254361689859065,-40.00000_130.00000,1.001022166954618,1.7210617868661966,-0.25333952290444706,-0.7845382131338032
L0000.ANS,-40.0,140.0,9.000134400036,2002/01/00,0,2.36,TOTAL,2.4856,0.1508,microSv/hr,ICRP Pub. 103 EFFECTIVE DOSE,-0.6427876096865393,0.766044443118978,0.6427876096865395,-0.7660444431189779,-0.9374831999955,1.2486401958210953,-40.00000_140.00000,0.9990663121313066,1.7157449861858467,-0.24957388368978872,-0.7698550138141531
L0000.ANS,-40.0,150.0,9.000134400036,2002/01/00,0,2.63,TOTAL,2.4471,0.14994,microSv/hr,ICRP Pub. 103 EFFECTIVE DOSE,-0.6427876096865393,0.766044443118978,0.49999999999999994,-0.8660254037844387,-0.9374831999955,1.2375332978478966,-40.00000_150.00000,0.9972917488305282,1.710929998313038,-0.24024154901736838,-0.7361700016869619
L0000.ANS,-40.0,160.0,9.000134400036,2002/01/00,0,3.0,TOTAL,2.3904,0.1482,microSv/hr,ICRP Pub. 103 EFFECTIVE DOSE,-0.6427876096865393,0.766044443118978,0.3420201433256689,-0.9396926207859083,-0.9374831999955,1.2209479085318975,-40.00000_160.00000,0.9957523962602048,1.7067601315231604,-0.22519551227169265,-0.6836398684768397
L0000.ANS,-40.0,170.0,9.000134400036,2002/01/00,0,3.45,TOTAL,2.3153,0.14534,microSv/hr,ICRP Pub. 103 EFFECTIVE DOSE,-0.6427876096865393,0.766044443118978,0.17364817766693028,-0.984807753012208,-0.9374831999955,1.1985481172807093,-40.00000_170.00000,0.9944950268692356,1.7033588729524056,-0.20405309041147368,-0.6119411270475945
L0000.ANS,-35.0,-179.99999,9.000134400036,2002/01/00,0,5.5,TOTAL,1.9656,0.1285,microSv/hr,ICRP Pub. 103 EFFECTIVE DOSE,-0.573576436351046,0.8191520442889918,-1.745329251238221e-07,-0.9999999999999848,-0.9374831999955,1.0870793728543855,-35.00000_-179.99999,0.9541699834426174,1.5965145382086994,-0.1329093894117681,-0.36908546179130064
L0000.ANS,-35.0,-170.0,9.000134400036,2002/01/00,0,6.09,TOTAL,1.8763,0.12353,microSv/hr,ICRP Pub. 103 EFFECTIVE DOSE,-0.573576436351046,0.8191520442889918,-0.17364817766693028,-0.984807753012208,-0.9374831999955,1.0565047459625403,-35.00000_-170.00000,0.9535814660335409,1.59498689376681,-0.10292327992899941,-0.28131310623319017
L0000.ANS,-35.0,-160.0,9.000134400036,2002/01/00,0,6.79,TOTAL,1.7757,0.11769,microSv/hr,ICRP Pub. 103 EFFECTIVE DOSE,-0.573576436351046,0.8191520442889918,-0.3420201433256689,-0.9396926207859083,-0.9374831999955,1.0209029676404,-35.00000_-160.00000,0.9533594931878122,1.5944109410666667,-0.06754347445258779,-0.18128905893333336
L0000.ANS,-35.0,-150.0,9.000134400036,2002/01/00,0,7.8,TOTAL,1.6478,0.10915,microSv/hr,ICRP Pub. 103 EFFECTIVE DOSE,-0.573576436351046,0.8191520442889918,-0.49999999999999994,-0.8660254037844387,-0.9374831999955,0.9737291065214194,-35.00000_-150.00000,0.9535108102047616,1.5948035492944135,-0.020218296316657836,-0.05299645070558645
L0000.ANS,-35.0,-140.0,9.000134400036,2002/01/00,0,8.57,TOTAL,1.5598,0.10418,microSv/hr,ICRP Pub. 103 EFFECTIVE DOSE,-0.573576436351046,0.8191520442889918,-0.6427876096865395,-0.7660444431189779,-0.9374831999955,0.9399291304395544,-35.00000_-140.00000,0.9540308193933993,1.596153221873414,0.014101688953844893,0.03635322187341394
L0000.ANS,-35.0,-130.0,9.000134400036,2002/01/00,0,8.49,TOTAL,1.5679,0.10515,microSv/hr,ICRP Pub. 103 EFFECTIVE DOSE,-0.573576436351046,0.8191520442889918,-0.766044443118978,-0.6427876096865394,-0.9374831999955,0.9430884442595329,-35.00000_-130.00000,0.9549037205376654,1.5984203963571204,0.011815276278132503,0.03052039635712034
L0000.ANS,-35.0,-120.0,9.000134400036,2002/01/00,0,9.83,TOTAL,1.4083,0.092692,microSv/hr,ICRP Pub. 103 EFFECTIVE DOSE,-0.573576436351046,0.8191520442889918,-0.8660254037844387,-0.4999999999999998,-0.9374831999955,0.8789211044041512,-35.00000_-120.00000,0.9561029909780014,1.6015384744657766,0.07718188657385028,0.19323847446577647
L0000.ANS,-35.0,-110.0,9.000134400036,2002/01/00,0,10.65,TOTAL,1.3245,0.087322,microSv/hr,ICRP Pub. 103 EFFECTIVE DOSE,-0.573576436351046,0.8191520442889918,-0.9396926207859084,-0.3420201433256687,-0.9374831999955,0.8435049621485023,-35.00000_-110.00000,0.9575921914889372,1.60541557306325,0.1140872293404348,0.28091557306325
L0000.ANS,-35.0,-100.0,9.000134400036,2002/01/00,0,10.72,TOTAL,1.319,0.086735,microSv/hr,ICRP Pub. 103 EFFECTIVE DOSE,-0.573576436351046,0.8191520442889918,-0.984807753012208,-0.1736481776669303,-0.9374831999955,0.8411360582733945,-35.00000_-100.00000,0.9593260734665203,1.6099369748252714,0.11819001519312577,0.2909369748252715
L0000.ANS,-35.0,-90.0,9.000134400036,2002/01/00,0,10.51,TOTAL,1.3361,0.088669,microSv/hr,ICRP Pub. 103 EFFECTIVE DOSE,-0.573576436351046,0.8191520442889918,-1.0,6.123233995736766e-17,-0.9374831999955,0.8484828722689131,-35.00000_-90.00000,0.9612519537842479,1.6149682443319673,0.11276908151533482,0.2788682443319672
L0000.ANS,-35.0,-80.0,9.000134400036,2002/01/00,0,10.07,TOTAL,1.3807,0.09092,microSv/hr,ICRP Pub. 103 EFFECTIVE DOSE,-0.573576436351046,0.8191520442889918,-0.984807753012208,0.17364817766693041,-0.9374831999955,0.867394562086326,-35.00000_-80.00000,0.9633113155432089,1.6203589587456455,0.09591675345688289,0.23965895874564547
L0000.ANS,-35.0,-70.0,9.000134400036,2002/01/00,0,9.54,TOTAL,1.4415,0.095857,microSv/hr,ICRP Pub. 103 EFFECTIVE DOSE,-0.573576436351046,0.8191520442889918,-0.9396926207859083,0.3420201433256688,-0.9374831999955,0.8926126045195779,-35.00000_-70.00000,0.9654415860784442,1.6259469821147392,0.0728289815588663,0.1844469821147392
L0000.ANS,-35.0,-60.0,9.000134400036,2002/01/00,0,8.82,TOTAL,1.5298,0.10119,microSv/hr,ICRP Pub. 103 EFFECTIVE DOSE,-0.573576436351046,0.8191520442889918,-0.8660254037844386,0.5000000000000001,-0.9374831999955,0.9281402482313044,-35.00000_-60.00000,0.9675780381977099,1.6315631893524545,0.03943778996640557,0.10176318935245443
L0000.ANS,-35.0,-50.0,9.000134400036,2002/01/00,0,7.95,TOTAL,1.6297,0.10781,microSv/hr,ICRP Pub. 103 EFFECTIVE DOSE,-0.573576436351046,0.8191520442889918,-0.766044443118978,0.6427876096865394,-0.9374831999955,0.9668697712423091,-35.00000_-50.00000,0.9696557568844586,1.637036521419497,0.002785985642149491,0.007336521419497144
L0000.ANS,-35.0,-40.0,9.000134400036,2002/01/00,0,6.86,TOTAL,1.7666,0.11687,microSv/hr,ICRP Pub. 103 EFFECTIVE DOSE,-0.573576436351046,0.8191520442889918,-0.6427876096865393,0.766044443118978,-0.9374831999955,1.017619129458578,-35.00000_-40.00000,0.9716116117077704,1.6421992291267788,-0.04600751775080747,-0.1244007708732211
L0000.ANS,-35.0,-30.0,9.000134400036,2002/01/00,0,6.31,TOTAL,1.844,0.1215,microSv/hr,ICRP Pub. 103 EFFECTIVE DOSE,-0.573576436351046,0.8191520442889918,-0.49999999999999994,0.8660254037844387,-0.9374831999955,1.0452115119409946,-35.00000_-30.00000,0.9733861750085486,1.6468921416157423,-0.07182533693244597,-0.19710785838425782
L0000.ANS,-35.0,-20.0,9.000134400036,2002/01/00,0,5.57,TOTAL,1.9544,0.12792,microSv/hr,ICRP Pub. 103 EFFECTIVE DOSE,-0.573576436351046,0.8191520442889918,-0.3420201433256687,0.9396926207859084,-0.9374831999955,1.0832955845562164,-35.00000_-20.00000,0.974925527578872,1.6509697794932814,-0.10837005697734448,-0.30343022050671853
L0000.ANS,-35.0,-10.0,9.000134400036,2002/01/00,0,4.94,TOTAL,2.0575,0.13353,microSv/hr,ICRP Pub. 103 EFFECTIVE DOSE,-0.573576436351046,0.8191520442889918,-0.17364817766693033,0.984807753012208,-0.9374831999955,1.1175975885791904,-35.00000_-10.00000,0.9761828969698412,1.6543051241911408,-0.14141469160934927,-0.40319487580885927
L0000.ANS,-35.0,0.0,9.000134400036,2002/01/00,0,4.57,TOTAL,2.1197,0.1374,microSv/hr,ICRP Pub. 103 EFFECTIVE DOSE,-0.573576436351046,0.8191520442889918,0.0,1.0,-0.9374831999955,1.1377368433521597,-35.00000_0.00000,0.9771200786487708,1.6567938563387516,-0.16061676470338893,-0.46290614366124827
L0000.ANS,-35.0,10.0,9.000134400036,2002/01/00,0,4.41,TOTAL,2.1476,0.13809,microSv/hr,ICRP Pub. 103 EFFECTIVE DOSE,-0.573576436351046,0.8191520442889918,0.17364817766693033,0.984807753012208,-0.9374831999955,1.1466402576786914,-35.00000_10.00000,0.9777085968245838,1.6583578879979823,-0.1689316608541076,-0.48924211200201784
L0000.ANS,-35.0,20.0,9.000134400036,2002/01/00,0,4.32,TOTAL,2.1632,0.13883,microSv/hr,ICRP Pub. 103 EFFECTIVE DOSE,-0.573576436351046,0.8191520442889918,0.3420201433256687,0.9396926207859084,-0.9374831999955,1.1515841734342154,-35.00000_20.00000,0.9779305696703124,1.6589480367594234,-0.17365360376390293,-0.5042519632405764
L0000.ANS,-35.0,30.0,9.000134400036,2002/01/00,0,4.33,TOTAL,2.1611,0.13872,microSv/hr,ICRP Pub. 103 EFFECTIVE DOSE,-0.573576436351046,0.8191520442889918,0.49999999999999994,0.8660254037844387,-0.9374831999955,1.1509200682914544,-35.00000_30.00000,0.9777792526533631,1.6585457231134955,-0.17314081563809136,-0.5025542768865043
L0000.ANS,-35.0,40.0,9.000134400036,2002/01/00,0,4.41,TOTAL,2.1483,0.13812,microSv/hr,ICRP Pub. 103 EFFECTIVE DOSE,-0.573576436351046,0.8191520442889918,0.6427876096865393,0.766044443118978,-0.9374831999955,1.1468626246168205,-35.00000_40.00000,0.9772592434647256,1.657163614294851,-0.16960338115209495,-0.49113638570514895
L0000.ANS,-35.0,50.0,9.000134400036,2002/01/00,0,4.28,TOTAL,2.1701,0.1392,microSv/hr,ICRP Pub. 103 EFFECTIVE DOSE,-0.573576436351046,0.8191520442889918,0.766044443118978,0.6427876096865394,-0.9374831999955,1.1537631331329579,-35.00000_50.00000,0.9763863423204593,1.6548451851623633,-0.17737679081249857,-0.5152548148376368
L0000.ANS,-35.0,60.0,9.000134400036,2002/01/00,0,4.15,TOTAL,2.1928,0.14077,microSv/hr,ICRP Pub. 103 EFFECTIVE DOSE,-0.573576436351046,0.8191520442889918,0.8660254037844386,0.5000000000000001,-0.9374831999955,1.160898274752387,-35.00000_60.00000,0.9751870718801232,1.6516632162101548,-0.18571120287226384,-0.5411367837898453
L0000.ANS,-35.0,70.0,9.000134400036,2002/01/00,0,4.0,TOTAL,2.2186,0.14156,microSv/hr,ICRP Pub. 103 EFFECTIVE DOSE,-0.573576436351046,0.8191520442889918,0.9396926207859083,0.3420201433256688,-0.9374831999955,1.1689464824022573,-35.00000_70.00000,0.9736978713691875,1.6477172968555496,-0.19524861103306979,-0.5708827031444503
L0000.ANS,-35.0,80.0,9.000134400036,2002/01/00,0,3.7,TOTAL,2.2705,0.14403,microSv/hr,ICRP Pub. 103 EFFECTIVE DOSE,-0.573576436351046,0.8191520442889918,0.984807753012208,0.17364817766693041,-0.9374831999955,1.1849428784191305,-35.00000_80.00000,0.9719639893916043,1.6431304452316176,-0.21297888902752615,-0.6273695547683826
L0000.ANS,-35.0,90.0,9.000134400036,2002/01/00,0,3.49,TOTAL,2.3074,0.14504,microSv/hr,ICRP Pub. 103 EFFECTIVE DOSE,-0.573576436351046,0.8191520442889918,1.0,6.123233995736766e-17,-0.9374831999955,1.1961623822339589,-35.00000_90.00000,0.9700381090738768,1.6380449908900065,-0.2261242731600821,-0.6693550091099933
L0000.ANS,-35.0,100.0,9.000134400036,2002/01/00,0,3.43,TOTAL,2.3184,0.14547,microSv/hr,ICRP Pub. 103 EFFECTIVE DOSE,-0.573576436351046,0.8191520442889918,0.984807753012208,-0.1736481776669303,-0.9374831999955,1.1994827390530711,-35.00000_100.00000,0.9679787473149157,1.6326178920153052,-0.2315039917381554,-0.6857821079846949
L0000.ANS,-35.0,110.0,9.000134400036,2002/01/00,0,3.41,TOTAL,2.3211,0.1456,microSv/hr,ICRP Pub. 103 EFFECTIVE DOSE,-0.573576436351046,0.8191520442889918,0.9396926207859084,-0.3420201433256687,-0.9374831999955,1.2002960533534952,-35.00000_110.00000,0.9658484767796804,1.6270156729291343,-0.23444757657381476,-0.6940843270708656
L0000.ANS,-35.0,120.0,9.000134400036,2002/01/00,0,3.4,TOTAL,2.3227,0.14568,microSv/hr,ICRP Pub. 103 EFFECTIVE DOSE,-0.573576436351046,0.8191520442889918,0.8660254037844387,-0.4999999999999998,-0.9374831999955,1.2007777054293953,-35.00000_120.00000,0.9637120246604147,1.6214091708715013,-0.2370656807689806,-0.7012908291284989
L0000.ANS,-35.0,130.0,9.000134400036,2002/01/00,0,3.54,TOTAL,2.2984,0.14478,microSv/hr,ICRP Pub. 103 EFFECTIVE DOSE,-0.573576436351046,0.8191520442889918,0.766044443118978,-0.6427876096865394,-0.9374831999955,1.1934375024105532,-35.00000_130.00000,0.9616343059736661,1.615968274335094,-0.23180319643688718,-0.682431725664906
L0000.ANS,-35.0,140.0,9.000134400036,2002/01/00,0,3.77,TOTAL,2.2583,0.14321,microSv/hr,ICRP Pub. 103 EFFECTIVE DOSE,-0.573576436351046,0.8191520442889918,0.6427876096865395,-0.7660444431189779,-0.9374831999955,1.181205586971963,-35.00000_140.00000,0.9596784511503544,1.610856820428427,-0.22152713582160866,-0.6474431795715732
L0000.ANS,-35.0,150.0,9.000134400036,2002/01/00,0,4.17,TOTAL,2.1894,0.1405,microSv/hr,ICRP Pub. 103 EFFECTIVE DOSE,-0.573576436351046,0.8191520442889918,0.49999999999999994,-0.8660254037844387,-0.9374831999955,1.1598328113317349,-35.00000_150.00000,0.957903887849576,1.6062277981925583,-0.20192892348215885,-0.5831722018074417
L0000.ANS,-35.0,160.0,9.000134400036,2002/01/00,0,4.6,TOTAL,2.114,0.13737,microSv/hr,ICRP Pub. 103 EFFECTIVE DOSE,-0.573576436351046,0.8191520442889918,0.3420201433256689,-0.9396926207859083,-0.9374831999955,1.1359080734118066,-35.00000_160.00000,0.9563645352792527,1.6022189810156848,-0.17954353813255386,-0.511781018984315
L0000.ANS,-35.0,170.0,9.000134400036,2002/01/00,0,5.04,TOTAL,2.0406,0.13291,microSv/hr,ICRP Pub. 103 EFFECTIVE DOSE,-0.573576436351046,0.8191520442889918,0.17364817766693028,-0.984807753012208,-0.9374831999955,1.1120548643645987,-35.00000_170.00000,0.9551071658882835,1.5989490866836815,-0.15694769847631518,-0.44165091331631845
L0000.ANS,-30.0,-179.99999,9.000134400036,2002/01/00,0,7.8,TOTAL,1.6478,0.10915,microSv/hr,ICRP Pub. 103 EFFECTIVE DOSE,-0.49999999999999994,0.8660254037844387,-1.745329251238221e-07,-0.9999999999999848,-0.9374831999955,0.9737291065214194,-30.00000_-179.99999,0.9190818747884721,1.50698760445072,-0.05464723173294728,-0.14081239554927993
L0000.ANS,-30.0,-170.0,9.000134400036,2002/01/00,0,8.75,TOTAL,1.5395,0.10205,microSv/hr,ICRP Pub. 103 EFFECTIVE DOSE,-0.49999999999999994,0.8660254037844387,-0.17364817766693028,-0.984807753012208,-0.9374831999955,0.9319672112591627,-30.00000_-170.00000,0.9184933573793956,1.5055126326670196,-0.013473853879767073,-0.03398736733298047
L0000.ANS,-30.0,-160.0,9.000134400036,2002/01/00,0,9.41,TOTAL,1.4561,0.097631,microSv/hr,ICRP Pub. 103 EFFECTIVE DOSE,-0.49999999999999994,0.8660254037844387,-0.3420201433256689,-0.9396926207859083,-0.9374831999955,0.8985747260683751,-30.00000_-160.00000,0.918271384533667,1.50495653861911,0.019696658465291894,0.04885653861910999
L0000.ANS,-30.0,-150.0,9.000134400036,2002/01/00,0,8.87,TOTAL,1.5239,0.10072,microSv/hr,ICRP Pub. 103 EFFECTIVE DOSE,-0.49999999999999994,0.8660254037844387,-0.49999999999999994,-0.8660254037844387,-0.9374831999955,0.9258053242427405,-30.00000_-150.00000,0.9184227015506163,1.5053356098493622,-0.007382622692124197,-0.01856439015063782
L0000.ANS,-30.0,-140.0,9.000134400036,2002/01/00,0,10.0,TOTAL,1.3895,0.091472,microSv/hr,ICRP Pub. 103 EFFECTIVE DOSE,-0.49999999999999994,0.8660254037844387,-0.6427876096865395,-0.7660444431189779,-0.9374831999955,0.8710841390360758,-30.00000_-140.00000,0.9189427107392536,1.5066387461791717,0.047858571703177755,0.11713874617917175
L0000.ANS,-30.0,-130.0,9.000134400036,2002/01/00,0,11.29,TOTAL,1.2747,0.083145,microSv/hr,ICRP Pub. 103 EFFECTIVE DOSE,-0.49999999999999994,0.8660254037844387,-0.766044443118978,-0.6427876096865394,-0.9374831999955,0.821848175575679,-30.00000_-130.00000,0.9198156118835201,1.5088277492616284,0.0979674363078411,0.2341277492616285
L0000.ANS,-30.0,-120.0,9.000134400036,2002/01/00,0,11.51,TOTAL,1.2586,0.082225,microSv/hr,ICRP Pub. 103 EFFECTIVE DOSE,-0.49999999999999994,0.8660254037844387,-0.8660254037844387,-0.4999999999999998,-0.9374831999955,0.8147451523074328,-30.00000_-120.00000,0.9210148823238562,1.5118383171028942,0.10626973001642337,0.25323831710289424
L0000.ANS,-30.0,-110.0,9.000134400036,2002/01/00,0,11.57,TOTAL,1.2536,0.082016,microSv/hr,ICRP Pub. 103 EFFECTIVE DOSE,-0.49999999999999994,0.8660254037844387,-0.9396926207859084,-0.3420201433256687,-0.9374831999955,0.8125289375800258,-30.00000_-110.00000,0.9225040828347919,1.515581734665965,0.10997514525476615,0.26198173466596497
L0000.ANS,-30.0,-100.0,9.000134400036,2002/01/00,0,11.5,TOTAL,1.2592,0.082253,microSv/hr,ICRP Pub. 103 EFFECTIVE DOSE,-0.49999999999999994,0.8660254037844387,-0.984807753012208,-0.1736481776669303,-0.9374831999955,0.815010768316786,-30.00000_-100.00000,0.9242379648123746,1.5199472400406995,0.10922719649558865,0.2607472400406994
L0000.ANS,-30.0,-90.0,9.000134400036,2002/01/00,0,11.29,TOTAL,1.2748,0.083156,microSv/hr,ICRP Pub. 103 EFFECTIVE DOSE,-0.49999999999999994,0.8660254037844387,-1.0,6.123233995736766e-17,-0.9374831999955,0.8218921364505075,-30.00000_-90.00000,0.9261638451301026,1.524805033094553,0.10427170867959512,0.25000503309455313
L0000.ANS,-30.0,-80.0,9.000134400036,2002/01/00,0,10.89,TOTAL,1.3059,0.085483,microSv/hr,ICRP Pub. 103 EFFECTIVE DOSE,-0.49999999999999994,0.8660254037844387,-0.984807753012208,0.17364817766693041,-0.9374831999955,0.8354710557721408,-30.00000_-80.00000,0.9282232068890632,1.5300098775178566,0.09275215111692248,0.2241098775178565
L0000.ANS,-30.0,-70.0,9.000134400036,2002/01/00,0,10.36,TOTAL,1.3489,0.089665,microSv/hr,ICRP Pub. 103 EFFECTIVE DOSE,-0.49999999999999994,0.8660254037844387,-0.9396926207859083,0.3420201433256688,-0.9374831999955,0.8539471334636528,-30.00000_-70.00000,0.930353477424299,1.5354052277512378,0.07640634396064616,0.1865052277512378
L0000.ANS,-30.0,-60.0,9.000134400036,2002/01/00,0,9.79,TOTAL,1.4124,0.093012,microSv/hr,ICRP Pub. 103 EFFECTIVE DOSE,-0.49999999999999994,0.8660254037844387,-0.8660254037844386,0.5000000000000001,-0.9374831999955,0.8806221025946948,-30.00000_-60.00000,0.9324899295435642,1.5408277900830818,0.05186782694886949,0.1284277900830817
L0000.ANS,-30.0,-50.0,9.000134400036,2002/01/00,0,9.0,TOTAL,1.5068,0.099584,microSv/hr,ICRP Pub. 103 EFFECTIVE DOSE,-0.49999999999999994,0.8660254037844387,-0.766044443118978,0.6427876096865394,-0.9374831999955,0.9190070393683833,-30.00000_-50.00000,0.9345676482303134,1.5461124035313036,0.015560608861930003,0.03931240353130372
L0000.ANS,-30.0,-40.0,9.000134400036,2002/01/00,0,8.09,TOTAL,1.6136,0.10693,microSv/hr,ICRP Pub. 103 EFFECTIVE DOSE,-0.49999999999999994,0.8660254037844387,-0.6427876096865393,0.766044443118978,-0.9374831999955,0.9607285813047233,-30.00000_-40.00000,0.9365235030536248,1.551097102841512,-0.024205078251098522,-0.062502897158488
L0000.ANS,-30.0,-30.0,9.000134400036,2002/01/00,0,7.1,TOTAL,1.7343,0.11467,microSv/hr,ICRP Pub. 103 EFFECTIVE DOSE,-0.49999999999999994,0.8660254037844387,-0.49999999999999994,0.8660254037844387,-0.9374831999955,1.0058754616162435,-30.00000_-30.00000,0.9382980663544034,1.5556282053119501,-0.06757739526184015,-0.17867179468804983
L0000.ANS,-30.0,-20.0,9.000134400036,2002/01/00,0,6.46,TOTAL,1.8216,0.12074,microSv/hr,ICRP Pub. 103 EFFECTIVE DOSE,-0.49999999999999994,0.8660254037844387,-0.3420201433256687,0.9396926207859084,-0.9374831999955,1.0373040999397052,-30.00000_-20.00000,0.9398374189247267,1.5595652476292565,-0.09746668101497846,-0.2620347523707436
L0000.ANS,-30.0,-10.0,9.000134400036,2002/01/00,0,6.01,TOTAL,1.8878,0.12451,microSv/hr,ICRP Pub. 103 EFFECTIVE DOSE,-0.49999999999999994,0.8660254037844387,-0.17364817766693033,0.984807753012208,-0.9374831999955,1.0604949665549817,-30.00000_-10.00000,0.9410947883156959,1.5627855907819943,-0.11940017823928573,-0.3250144092180056
L0000.ANS,-30.0,0.0,9.000134400036,2002/01/00,0,5.75,TOTAL,1.9268,0.12705,microSv/hr,ICRP Pub. 103 EFFECTIVE DOSE,-0.49999999999999994,0.8660254037844387,0.0,1.0,-0.9374831999955,1.0739096760277378,-30.00000_0.00000,0.9420319699946256,1.5651885122958336,-0.13187770603311222,-0.3616114877041665
L0000.ANS,-30.0,10.0,9.000134400036,2002/01/00,0,5.68,TOTAL,1.9372,0.12728,microSv/hr,ICRP Pub. 103 EFFECTIVE DOSE,-0.49999999999999994,0.8660254037844387,0.17364817766693033,0.984807753012208,-0.9374831999955,1.0774567465953184,-30.00000_10.00000,0.9426204881704385,1.5666986166780585,-0.1348362584248799,-0.3705013833219415
L0000.ANS,-30.0,20.0,9.000134400036,2002/01/00,0,5.75,TOTAL,1.9263,0.12704,microSv/hr,ICRP Pub. 103 EFFECTIVE DOSE,-0.49999999999999994,0.8660254037844387,0.3420201433256687,0.9396926207859084,-0.9374831999955,1.0737388263920862,-30.00000_20.00000,0.9428424610161672,1.567268417311925,-0.13089636537591898,-0.359031582688075
L0000.ANS,-30.0,30.0,9.000134400036,2002/01/00,0,5.92,TOTAL,1.9008,0.12579,microSv/hr,ICRP Pub. 103 EFFECTIVE DOSE,-0.49999999999999994,0.8660254037844387,0.49999999999999994,0.8660254037844387,-0.9374831999955,1.0649865610184497,-30.00000_30.00000,0.9426911439992178,1.5668799753029932,-0.12229541701923186,-0.3339200246970069
L0000.ANS,-30.0,40.0,9.000134400036,2002/01/00,0,5.97,TOTAL,1.8926,0.12496,microSv/hr,ICRP Pub. 103 EFFECTIVE DOSE,-0.49999999999999994,0.8660254037844387,0.6427876096865393,0.766044443118978,-0.9374831999955,1.0621557516574947,-30.00000_40.00000,0.9421711348105801,1.5655455211239937,-0.11998461684691453,-0.32705447887600636
L0000.ANS,-30.0,50.0,9.000134400036,2002/01/00,0,5.84,TOTAL,1.9129,0.12692,microSv/hr,ICRP Pub. 103 EFFECTIVE DOSE,-0.49999999999999994,0.8660254037844387,0.766044443118978,0.6427876096865394,-0.9374831999955,1.0691491485174682,-30.00000_50.00000,0.9412982336663136,1.563307030635527,-0.12785091485115463,-0.34959296936447304
L0000.ANS,-30.0,60.0,9.000134400036,2002/01/00,0,5.63,TOTAL,1.9456,0.12755,microSv/hr,ICRP Pub. 103 EFFECTIVE DOSE,-0.49999999999999994,0.8660254037844387,0.8660254037844386,0.5000000000000001,-0.9374831999955,1.0803125314966764,-30.00000_60.00000,0.940098963225978,1.5602347748851573,-0.14021356827069842,-0.3853652251148427
L0000.ANS,-30.0,70.0,9.000134400036,2002/01/00,0,5.48,TOTAL,1.969,0.12871,microSv/hr,ICRP Pub. 103 EFFECTIVE DOSE,-0.49999999999999994,0.8660254037844387,0.9396926207859083,0.3420201433256688,-0.9374831999955,1.088225195781623,-30.00000_70.00000,0.9386097627150423,1.5564249094811367,-0.14961543306658065,-0.41257509051886343
L0000.ANS,-30.0,80.0,9.000134400036,2002/01/00,0,5.33,TOTAL,1.9937,0.13053,microSv/hr,ICRP Pub. 103 EFFECTIVE DOSE,-0.49999999999999994,0.8660254037844387,0.984807753012208,0.17364817766693041,-0.9374831999955,1.0965100805762396,-30.00000_80.00000,0.9368758807374591,1.5519962109333576,-0.15963419983878047,-0.4417037890666424
L0000.ANS,-30.0,90.0,9.000134400036,2002/01/00,0,5.25,TOTAL,2.0064,0.13163,microSv/hr,ICRP Pub. 103 EFFECTIVE DOSE,-0.49999999999999994,0.8660254037844387,1.0,6.123233995736766e-17,-0.9374831999955,1.1007433496770638,-30.00000_90.00000,0.9349500004197315,1.5470861013191768,-0.16579334925733225,-0.4593138986808234
L0000.ANS,-30.0,100.0,9.000134400036,2002/01/00,0,5.22,TOTAL,2.0102,0.13198,microSv/hr,ICRP Pub. 103 EFFECTIVE DOSE,-0.49999999999999994,0.8660254037844387,0.984807753012208,-0.1736481776669303,-0.9374831999955,1.1020065217361252,-30.00000_100.00000,0.9328906386607705,1.5418461269586283,-0.16911588307535474,-0.4683538730413719
L0000.ANS,-30.0,110.0,9.000134400036,2002/01/00,0,5.2,TOTAL,2.013,0.13225,microSv/hr,ICRP Pub. 103 EFFECTIVE DOSE,-0.49999999999999994,0.8660254037844387,0.9396926207859084,-0.3420201433256687,-0.9374831999955,1.102936260148164,-30.00000_110.00000,0.9307603681255352,1.5364370704716437,-0.17217589202262884,-0.4765629295283562
L0000.ANS,-30.0,120.0,9.000134400036,2002/01/00,0,5.3,TOTAL,1.9978,0.13089,microSv/hr,ICRP Pub. 103 EFFECTIVE DOSE,-0.49999999999999994,0.8660254037844387,0.8660254037844387,-0.4999999999999998,-0.9374831999955,1.0978786863143584,-30.00000_120.00000,0.9286239160062695,1.5310238786885888,-0.1692547703080889,-0.4667761213114112
L0000.ANS,-30.0,130.0,9.000134400036,2002/01/00,0,5.39,TOTAL,1.9833,0.12969,microSv/hr,ICRP Pub. 103 EFFECTIVE DOSE,-0.49999999999999994,0.8660254037844387,0.766044443118978,-0.6427876096865394,-0.9374831999955,1.0930300703718763,-30.00000_130.00000,0.9265461973195208,1.525770582404994,-0.16648387305235546,-0.457529417595006
L0000.ANS,-30.0,140.0,9.000134400036,2002/01/00,0,5.52,TOTAL,1.963,0.12835,microSv/hr,ICRP Pub. 103 EFFECTIVE DOSE,-0.49999999999999994,0.8660254037844387,0.6427876096865395,-0.7660444431189779,-0.9374831999955,1.0862022685914283,-30.00000_140.00000,0.924590342496209,1.5208353696818728,-0.16161192609521935,-0.44216463031812725
L0000.ANS,-30.0,150.0,9.000134400036,2002/01/00,0,5.82,TOTAL,1.9148,0.12693,microSv/hr,ICRP Pub. 103 EFFECTIVE DOSE,-0.49999999999999994,0.8660254037844387,0.49999999999999994,-0.8660254037844387,-0.9374831999955,1.0698012068139902,-30.00000_150.00000,0.9228157791954308,1.5163659545504427,-0.14698542761855937,-0.3984340454495574
L0000.ANS,-30.0,160.0,9.000134400036,2002/01/00,0,6.29,TOTAL,1.847,0.12164,microSv/hr,ICRP Pub. 103 EFFECTIVE DOSE,-0.49999999999999994,0.8660254037844387,0.3420201433256689,-0.9396926207859083,-0.9374831999955,1.0462658082959004,-30.00000_160.00000,0.9212764266251074,1.5124953600195665,-0.12498938167079299,-0.33450463998043345
L0000.ANS,-30.0,170.0,9.000134400036,2002/01/00,0,6.94,TOTAL,1.7559,0.11601,microSv/hr,ICRP Pub. 103 EFFECTIVE DOSE,-0.49999999999999994,0.8660254037844387,0.17364817766693028,-0.984807753012208,-0.9374831999955,1.0137440680228682,-30.00000_170.00000,0.9200190572341382,1.5093382105264421,-0.09372501078872997,-0.2465617894735579
L0000.ANS,-25.0,-179.99999,9.000134400036,2002/01/00,0,9.88,TOTAL,1.4024,0.092264,microSv/hr,ICRP Pub. 103 EFFECTIVE DOSE,-0.42261826174069944,0.9063077870366499,-1.745329251238221e-07,-0.9999999999999848,-0.9374831999955,0.8764682376869835,-25.00000_-179.99999,0.8885605601547706,1.4316269502100543,0.012092322467787131,0.02922695021005417
L0000.ANS,-25.0,-170.0,9.000134400036,2002/01/00,0,10.32,TOTAL,1.3532,0.089755,microSv/hr,ICRP Pub. 103 EFFECTIVE DOSE,-0.42261826174069944,0.9063077870366499,-0.17364817766693028,-0.984807753012208,-0.9374831999955,0.8557761040081638,-25.00000_-170.00000,0.8879720427456945,1.4301963164352105,0.03219593873753068,0.07699631643521054
L0000.ANS,-25.0,-160.0,9.000134400036,2002/01/00,0,11.16,TOTAL,1.2849,0.083916,microSv/hr,ICRP Pub. 103 EFFECTIVE DOSE,-0.42261826174069944,0.9063077870366499,-0.3420201433256689,-0.9396926207859083,-0.9374831999955,0.8263222597123616,-25.00000_-160.00000,0.8877500698999659,1.429656938708991,0.06142781018760424,0.1447569387089911
L0000.ANS,-25.0,-150.0,9.000134400036,2002/01/00,0,11.71,TOTAL,1.2435,0.0817,microSv/hr,ICRP Pub. 103 EFFECTIVE DOSE,-0.42261826174069944,0.9063077870366499,-0.49999999999999994,-0.8660254037844387,-0.9374831999955,0.808037146433901,-25.00000_-150.00000,0.8879013869169152,1.4300246149663025,0.07986424048301421,0.18652461496630246
L0000.ANS,-25.0,-140.0,9.000134400036,2002/01/00,0,12.18,TOTAL,1.2109,0.078819,microSv/hr,ICRP Pub. 103 EFFECTIVE DOSE,-0.42261826174069944,0.9063077870366499,-0.6427876096865395,-0.7660444431189779,-0.9374831999955,0.7933996724490369,-25.00000_-140.00000,0.8884213961055525,1.431288578702596,0.09502172365651562,0.22038857870259587
L0000.ANS,-25.0,-130.0,9.000134400036,2002/01/00,0,12.32,TOTAL,1.2019,0.077949,microSv/hr,ICRP Pub. 103 EFFECTIVE DOSE,-0.42261826174069944,0.9063077870366499,-0.766044443118978,-0.6427876096865394,-0.9374831999955,0.7893206240086027,-25.00000_-130.00000,0.889294297249819,1.4334117798225154,0.09997367324121631,0.23151177982251547
L0000.ANS,-25.0,-120.0,9.000134400036,2002/01/00,0,12.36,TOTAL,1.1995,0.077736,microSv/hr,ICRP Pub. 103 EFFECTIVE DOSE,-0.42261826174069944,0.9063077870366499,-0.8660254037844387,-0.4999999999999998,-0.9374831999955,0.7882300618066373,-25.00000_-120.00000,0.8904935676901546,1.4363318492657222,0.10226350588351729,0.2368318492657222
L0000.ANS,-25.0,-110.0,9.000134400036,2002/01/00,0,12.31,TOTAL,1.2027,0.078023,microSv/hr,ICRP Pub. 103 EFFECTIVE DOSE,-0.42261826174069944,0.9063077870366499,-0.9396926207859084,-0.3420201433256687,-0.9374831999955,0.7896838806079749,-25.00000_-110.00000,0.8919827682010908,1.4399627387907026,0.1022988875931159,0.23726273879070248
L0000.ANS,-25.0,-100.0,9.000134400036,2002/01/00,0,12.15,TOTAL,1.2134,0.079083,microSv/hr,ICRP Pub. 103 EFFECTIVE DOSE,-0.42261826174069944,0.9063077870366499,-0.984807753012208,-0.1736481776669303,-0.9374831999955,0.7945297948485479,-25.00000_-100.00000,0.8937166501786735,1.4441970160171418,0.09918685533012561,0.23079701601714175
L0000.ANS,-25.0,-90.0,9.000134400036,2002/01/00,0,11.89,TOTAL,1.2302,0.081029,microSv/hr,ICRP Pub. 103 EFFECTIVE DOSE,-0.42261826174069944,0.9063077870366499,-1.0,6.123233995736766e-17,-0.9374831999955,0.8020912675491244,-25.00000_-90.00000,0.8956425304964015,1.4489087826359008,0.09355126294727711,0.21870878263590088
L0000.ANS,-25.0,-80.0,9.000134400036,2002/01/00,0,11.55,TOTAL,1.2555,0.082089,microSv/hr,ICRP Pub. 103 EFFECTIVE DOSE,-0.42261826174069944,0.9063077870366499,-0.984807753012208,0.17364817766693041,-0.9374831999955,0.8133716778663136,-25.00000_-80.00000,0.8977018922553621,1.4539571681759358,0.08433021438904853,0.19845716817593573
L0000.ANS,-25.0,-70.0,9.000134400036,2002/01/00,0,11.14,TOTAL,1.2857,0.083968,microSv/hr,ICRP Pub. 103 EFFECTIVE DOSE,-0.42261826174069944,0.9063077870366499,-0.9396926207859083,0.3420201433256688,-0.9374831999955,0.8266723231649367,-25.00000_-70.00000,0.8998321627905979,1.4591903328752827,0.0731598396256612,0.1734903328752826
L0000.ANS,-25.0,-60.0,9.000134400036,2002/01/00,0,10.61,TOTAL,1.3277,0.087681,microSv/hr,ICRP Pub. 103 EFFECTIVE DOSE,-0.42261826174069944,0.9063077870366499,-0.8660254037844386,0.5000000000000001,-0.9374831999955,0.8448806555858763,-25.00000_-60.00000,0.9019686149098631,1.4644498916708255,0.0570879593239868,0.1367498916708254
L0000.ANS,-25.0,-50.0,9.000134400036,2002/01/00,0,10.0,TOTAL,1.3894,0.091468,microSv/hr,ICRP Pub. 103 EFFECTIVE DOSE,-0.42261826174069944,0.9063077870366499,-0.766044443118978,0.6427876096865394,-0.9374831999955,0.8710422884009863,-25.00000_-50.00000,0.9040463335966122,1.4695756483595803,0.03300404519562594,0.08017564835958035
L0000.ANS,-25.0,-40.0,9.000134400036,2002/01/00,0,9.23,TOTAL,1.4783,0.09821,microSv/hr,ICRP Pub. 103 EFFECTIVE DOSE,-0.42261826174069944,0.9063077870366499,-0.6427876096865393,0.766044443118978,-0.9374831999955,0.9075728412544322,-25.00000_-40.00000,0.9060021884199236,1.4744105064019086,-0.0015706528345085236,-0.0038894935980913203
L0000.ANS,-25.0,-30.0,9.000134400036,2002/01/00,0,8.36,TOTAL,1.5816,0.10582,microSv/hr,ICRP Pub. 103 EFFECTIVE DOSE,-0.42261826174069944,0.9063077870366499,-0.49999999999999994,0.8660254037844387,-0.9374831999955,0.948409361755615,-25.00000_-30.00000,0.9077767517207023,1.4788054028352697,-0.0406326100349127,-0.10279459716473016
L0000.ANS,-25.0,-20.0,9.000134400036,2002/01/00,0,7.6,TOTAL,1.6708,0.11135,microSv/hr,ICRP Pub. 103 EFFECTIVE DOSE,-0.42261826174069944,0.9063077870366499,-0.3420201433256687,0.9396926207859084,-0.9374831999955,0.9823780530015767,-25.00000_-20.00000,0.9093161042910256,1.4826240967075026,-0.07306194871055105,-0.18817590329249745
L0000.ANS,-25.0,-10.0,9.000134400036,2002/01/00,0,7.1,TOTAL,1.7353,0.11472,microSv/hr,ICRP Pub. 103 EFFECTIVE DOSE,-0.42261826174069944,0.9063077870366499,-0.17364817766693033,0.984807753012208,-0.9374831999955,1.0062411190724165,-25.00000_-10.00000,0.9105734736819944,1.4857476355655395,-0.09566764539042216,-0.2495523644344606
L0000.ANS,-25.0,0.0,9.000134400036,2002/01/00,0,7.0,TOTAL,1.7488,0.11552,microSv/hr,ICRP Pub. 103 EFFECTIVE DOSE,-0.42261826174069944,0.9063077870366499,0.0,1.0,-0.9374831999955,1.0111644528077992,-25.00000_0.00000,0.9115106553609245,1.4880783246770135,-0.09965379744687475,-0.2607216753229864
L0000.ANS,-25.0,10.0,9.000134400036,2002/01/00,0,7.06,TOTAL,1.7405,0.115,microSv/hr,ICRP Pub. 103 EFFECTIVE DOSE,-0.42261826174069944,0.9063077870366499,0.17364817766693033,0.984807753012208,-0.9374831999955,1.008140385504034,-25.00000_10.00000,0.9120991735367374,1.4895430349559673,-0.09604121196729665,-0.25095696504403264
L0000.ANS,-25.0,20.0,9.000134400036,2002/01/00,0,7.37,TOTAL,1.6995,0.11353,microSv/hr,ICRP Pub. 103 EFFECTIVE DOSE,-0.42261826174069944,0.9063077870366499,0.3420201433256687,0.9396926207859084,-0.9374831999955,0.9930665706762046,-25.00000_20.00000,0.9123211463824656,1.4900957072448504,-0.08074542429373899,-0.2094042927551496
L0000.ANS,-25.0,30.0,9.000134400036,2002/01/00,0,7.7,TOTAL,1.6594,0.11019,microSv/hr,ICRP Pub. 103 EFFECTIVE DOSE,-0.42261826174069944,0.9063077870366499,0.49999999999999994,0.8660254037844387,-0.9374831999955,0.9781005334404684,-25.00000_30.00000,0.9121698293655163,1.489718941896735,-0.06593070407495216,-0.16968105810326506
L0000.ANS,-25.0,40.0,9.000134400036,2002/01/00,0,8.05,TOTAL,1.6181,0.10715,microSv/hr,ICRP Pub. 103 EFFECTIVE DOSE,-0.42261826174069944,0.9063077870366499,0.6427876096865393,0.766044443118978,-0.9374831999955,0.9624488638552383,-25.00000_40.00000,0.911649820176879,1.4884246017333804,-0.0507990436783593,-0.12967539826661967
L0000.ANS,-25.0,50.0,9.000134400036,2002/01/00,0,8.2,TOTAL,1.6004,0.10643,microSv/hr,ICRP Pub. 103 EFFECTIVE DOSE,-0.42261826174069944,0.9063077870366499,0.766044443118978,0.6427876096865394,-0.9374831999955,0.9556652793481766,-25.00000_50.00000,0.9107769190326129,1.4862534008108557,-0.04488836031556365,-0.11414659918914438
L0000.ANS,-25.0,60.0,9.000134400036,2002/01/00,0,8.22,TOTAL,1.5979,0.10633,microSv/hr,ICRP Pub. 103 EFFECTIVE DOSE,-0.42261826174069944,0.9063077870366499,0.8660254037844386,0.5000000000000001,-0.9374831999955,0.9547034263605685,-25.00000_60.00000,0.9095776485922769,1.4832734978120226,-0.04512577776829163,-0.11462650218797754
L0000.ANS,-25.0,70.0,9.000134400036,2002/01/00,0,7.99,TOTAL,1.6249,0.10752,microSv/hr,ICRP Pub. 103 EFFECTIVE DOSE,-0.42261826174069944,0.9063077870366499,0.9396926207859083,0.3420201433256688,-0.9374831999955,0.9650428000798499,-25.00000_70.00000,0.9080884480813411,1.4795781578842773,-0.056954351998508734,-0.14532184211572274
L0000.ANS,-25.0,80.0,9.000134400036,2002/01/00,0,7.69,TOTAL,1.6609,0.11034,microSv/hr,ICRP Pub. 103 EFFECTIVE DOSE,-0.42261826174069944,0.9063077870366499,0.984807753012208,0.17364817766693041,-0.9374831999955,0.978664411432215,-25.00000_80.00000,0.906354566103758,1.475282587086872,-0.07230984532845708,-0.18561741291312805
L0000.ANS,-25.0,90.0,9.000134400036,2002/01/00,0,7.52,TOTAL,1.6804,0.11244,microSv/hr,ICRP Pub. 103 EFFECTIVE DOSE,-0.42261826174069944,0.9063077870366499,1.0,6.123233995736766e-17,-0.9374831999955,0.9859660371168786,-25.00000_90.00000,0.90442868578603,1.4705200765562518,-0.0815373513308486,-0.20987992344374806
L0000.ANS,-25.0,100.0,9.000134400036,2002/01/00,0,7.53,TOTAL,1.6792,0.1123,microSv/hr,ICRP Pub. 103 EFFECTIVE DOSE,-0.42261826174069944,0.9063077870366499,0.984807753012208,-0.1736481776669303,-0.9374831999955,0.9855182424978578,-25.00000_100.00000,0.9023693240270694,1.4654376170933907,-0.08314891847078842,-0.21376238290660932
L0000.ANS,-25.0,110.0,9.000134400036,2002/01/00,0,7.61,TOTAL,1.6698,0.11125,microSv/hr,ICRP Pub. 103 EFFECTIVE DOSE,-0.42261826174069944,0.9063077870366499,0.9396926207859084,-0.3420201433256687,-0.9374831999955,0.9820035632394949,-25.00000_110.00000,0.9002390534918341,1.4601911581537412,-0.08176450974766081,-0.20960884184625872
L0000.ANS,-25.0,120.0,9.000134400036,2002/01/00,0,7.65,TOTAL,1.6646,0.11071,microSv/hr,ICRP Pub. 103 EFFECTIVE DOSE,-0.42261826174069944,0.9063077870366499,0.8660254037844387,-0.4999999999999998,-0.9374831999955,0.9800539525439745,-25.00000_120.00000,0.8981026013725684,1.4549406882260227,-0.08195135117140617,-0.20965931177397734
L0000.ANS,-25.0,130.0,9.000134400036,2002/01/00,0,7.72,TOTAL,1.6566,0.10993,microSv/hr,ICRP Pub. 103 EFFECTIVE DOSE,-0.42261826174069944,0.9063077870366499,0.766044443118978,-0.6427876096865394,-0.9374831999955,0.9770471097162658,-25.00000_130.00000,0.8960248826858193,1.4498453073003446,-0.08102222703044659,-0.20675469269965552
L0000.ANS,-25.0,140.0,9.000134400036,2002/01/00,0,8.0,TOTAL,1.6242,0.10748,microSv/hr,ICRP Pub. 103 EFFECTIVE DOSE,-0.42261826174069944,0.9063077870366499,0.6427876096865395,-0.7660444431189779,-0.9374831999955,0.9647760876894783,-25.00000_140.00000,0.8940690278625079,1.4450584482663176,-0.07070705982697045,-0.1791415517336825
L0000.ANS,-25.0,150.0,9.000134400036,2002/01/00,0,8.51,TOTAL,1.5658,0.1049,microSv/hr,ICRP Pub. 103 EFFECTIVE DOSE,-0.42261826174069944,0.9063077870366499,0.49999999999999994,-0.8660254037844387,-0.9374831999955,0.9422703208331028,-25.00000_150.00000,0.8922944645617292,1.4407233848356207,-0.049975856271373575,-0.1250766151643794
L0000.ANS,-25.0,160.0,9.000134400036,2002/01/00,0,9.15,TOTAL,1.4878,0.09863,microSv/hr,ICRP Pub. 103 EFFECTIVE DOSE,-0.42261826174069944,0.9063077870366499,0.3420201433256689,-0.9396926207859083,-0.9374831999955,0.9113987857937272,-25.00000_160.00000,0.8907551119914059,1.4369691413132735,-0.02064367380232135,-0.05083085868672654
L0000.ANS,-25.0,170.0,9.000134400036,2002/01/00,0,9.82,TOTAL,1.4094,0.092772,microSv/hr,ICRP Pub. 103 EFFECTIVE DOSE,-0.42261826174069944,0.9063077870366499,0.17364817766693028,-0.984807753012208,-0.9374831999955,0.8793777538506153,-25.00000_170.00000,0.8894977426004371,1.433906896498145,0.010119988749821784,0.02450689649814497
L0000.ANS,-20.0,-179.99999,9.000134400036,2002/01/00,0,12.44,TOTAL,1.1939,0.077257,microSv/hr,ICRP Pub. 103 EFFECTIVE DOSE,-0.3420201433256687,0.9396926207859084,-1.745329251238221e-07,-0.9999999999999848,-0.9374831999955,0.7856807819628782,-20.00000_-179.99999,0.8628383251751499,1.3698776401253665,0.07715754321227175,0.17597764012536654
L0000.ANS,-20.0,-170.0,9.000134400036,2002/01/00,0,12.72,TOTAL,1.1758,0.075796,microSv/hr,ICRP Pub. 103 EFFECTIVE DOSE,-0.3420201433256687,0.9396926207859084,-0.17364817766693028,-0.984807753012208,-0.9374831999955,0.7773964130048452,-20.00000_-170.00000,0.8622498077660734,1.3684833362030808,0.08485339476122822,0.19268333620308087
L0000.ANS,-20.0,-160.0,9.000134400036,2002/01/00,0,12.91,TOTAL,1.1645,0.074989,microSv/hr,ICRP Pub. 103 EFFECTIVE DOSE,-0.3420201433256687,0.9396926207859084,-0.3420201433256689,-0.9396926207859083,-0.9374831999955,0.7721893878998982,-20.00000_-160.00000,0.8620278349203447,1.3679576555624553,0.08983844702044652,0.2034576555624552
L0000.ANS,-20.0,-150.0,9.000134400036,2002/01/00,0,13.03,TOTAL,1.1566,0.074544,microSv/hr,ICRP Pub. 103 EFFECTIVE DOSE,-0.3420201433256687,0.9396926207859084,-0.49999999999999994,-0.8660254037844387,-0.9374831999955,0.7685329074658349,-20.00000_-150.00000,0.8621791519372941,1.3683159949618982,0.0936462444714592,0.21171599496189808
L0000.ANS,-20.0,-140.0,9.000134400036,2002/01/00,0,13.08,TOTAL,1.1535,0.074394,microSv/hr,ICRP Pub. 103 EFFECTIVE DOSE,-0.3420201433256687,0.9396926207859084,-0.6427876096865395,-0.7660444431189779,-0.9374831999955,0.7670944255120282,-20.00000_-140.00000,0.8626991611259314,1.3695478613040244,0.09560473561390315,0.21604786130402442
L0000.ANS,-20.0,-130.0,9.000134400036,2002/01/00,0,13.08,TOTAL,1.1538,0.074406,microSv/hr,ICRP Pub. 103 EFFECTIVE DOSE,-0.3420201433256687,0.9396926207859084,-0.766044443118978,-0.6427876096865394,-0.9374831999955,0.7672337239126434,-20.00000_-130.00000,0.8635720622701979,1.3716171453523658,0.09633833835755445,0.21781714535236585
L0000.ANS,-20.0,-120.0,9.000134400036,2002/01/00,0,13.0,TOTAL,1.1584,0.074636,microSv/hr,ICRP Pub. 103 EFFECTIVE DOSE,-0.3420201433256687,0.9396926207859084,-0.8660254037844387,-0.4999999999999998,-0.9374831999955,0.7693672064713544,-20.00000_-120.00000,0.864771332710534,1.3744630618612588,0.0954041262391796,0.21606306186125868
L0000.ANS,-20.0,-110.0,9.000134400036,2002/01/00,0,12.87,TOTAL,1.1668,0.075134,microSv/hr,ICRP Pub. 103 EFFECTIVE DOSE,-0.3420201433256687,0.9396926207859084,-0.9396926207859084,-0.3420201433256687,-0.9374831999955,0.7732514248016068,-20.00000_-110.00000,0.8662605332214697,1.37800174771859,0.09300910841986287,0.2112017477185899
L0000.ANS,-20.0,-100.0,9.000134400036,2002/01/00,0,12.66,TOTAL,1.1796,0.076106,microSv/hr,ICRP Pub. 103 EFFECTIVE DOSE,-0.3420201433256687,0.9396926207859084,-0.984807753012208,-0.1736481776669303,-0.9374831999955,0.7791413737268063,-20.00000_-100.00000,0.8679944151990524,1.3821284987073317,0.08885304147224615,0.2025284987073317
L0000.ANS,-20.0,-90.0,9.000134400036,2002/01/00,0,12.37,TOTAL,1.1984,0.077634,microSv/hr,ICRP Pub. 103 EFFECTIVE DOSE,-0.3420201433256687,0.9396926207859084,-1.0,6.123233995736766e-17,-0.9374831999955,0.7877298230458931,-20.00000_-90.00000,0.8699202955167804,1.3867206136097932,0.08219047247088729,0.18832061360979324
L0000.ANS,-20.0,-80.0,9.000134400036,2002/01/00,0,12.07,TOTAL,1.2185,0.079646,microSv/hr,ICRP Pub. 103 EFFECTIVE DOSE,-0.3420201433256687,0.9396926207859084,-0.984807753012208,0.17364817766693041,-0.9374831999955,0.7968312918368271,-20.00000_-80.00000,0.871979657275741,1.3916407992530009,0.0751483654389139,0.17314079925300097
L0000.ANS,-20.0,-70.0,9.000134400036,2002/01/00,0,11.73,TOTAL,1.2418,0.081661,microSv/hr,ICRP Pub. 103 EFFECTIVE DOSE,-0.3420201433256687,0.9396926207859084,-0.9396926207859083,0.3420201433256688,-0.9374831999955,0.8072791146048579,-20.00000_-70.00000,0.8741099278109767,1.3967410717298314,0.06683081320611883,0.1549410717298314
L0000.ANS,-20.0,-60.0,9.000134400036,2002/01/00,0,11.39,TOTAL,1.2669,0.082653,microSv/hr,ICRP Pub. 103 EFFECTIVE DOSE,-0.3420201433256687,0.9396926207859084,-0.8660254037844386,0.5000000000000001,-0.9374831999955,0.8184132593923426,-20.00000_-60.00000,0.876246379930242,1.4018670680449343,0.05783312053789946,0.1349670680449344
L0000.ANS,-20.0,-50.0,9.000134400036,2002/01/00,0,10.97,TOTAL,1.2998,0.084968,microSv/hr,ICRP Pub. 103 EFFECTIVE DOSE,-0.3420201433256687,0.9396926207859084,-0.766044443118978,0.6427876096865394,-0.9374831999955,0.8328221626324274,-20.00000_-50.00000,0.8783240986169911,1.4068626600556058,0.04550193598456376,0.10706266005560572
L0000.ANS,-20.0,-40.0,9.000134400036,2002/01/00,0,10.31,TOTAL,1.3545,0.089786,microSv/hr,ICRP Pub. 103 EFFECTIVE DOSE,-0.3420201433256687,0.9396926207859084,-0.6427876096865393,0.766044443118978,-0.9374831999955,0.8563283907014723,-20.00000_-40.00000,0.8802799534403025,1.4115747405689034,0.023951562738830257,0.05707474056890338
L0000.ANS,-20.0,-30.0,9.000134400036,2002/01/00,0,9.54,TOTAL,1.4406,0.095753,microSv/hr,ICRP Pub. 103 EFFECTIVE DOSE,-0.3420201433256687,0.9396926207859084,-0.49999999999999994,0.8660254037844387,-0.9374831999955,0.8922439107156022,-20.00000_-30.00000,0.8820545167410812,1.4158580319624248,-0.01018939397452101,-0.024741968037575335
L0000.ANS,-20.0,-20.0,9.000134400036,2002/01/00,0,8.94,TOTAL,1.5149,0.10008,microSv/hr,ICRP Pub. 103 EFFECTIVE DOSE,-0.3420201433256687,0.9396926207859084,-0.3420201433256687,0.9396926207859084,-0.9374831999955,0.9222330413297843,-20.00000_-20.00000,0.8835938693114045,1.419579753018982,-0.03863917201837985,-0.09532024698101793
L0000.ANS,-20.0,-10.0,9.000134400036,2002/01/00,0,8.5,TOTAL,1.5665,0.10498,microSv/hr,ICRP Pub. 103 EFFECTIVE DOSE,-0.3420201433256687,0.9396926207859084,-0.17364817766693033,0.984807753012208,-0.9374831999955,0.9425431030182208,-20.00000_-10.00000,0.8848512387023737,1.4226239719922447,-0.05769186431584705,-0.14387602800775534
L0000.ANS,-20.0,0.0,9.000134400036,2002/01/00,0,8.42,TOTAL,1.5755,0.10571,microSv/hr,ICRP Pub. 103 EFFECTIVE DOSE,-0.3420201433256687,0.9396926207859084,0.0,1.0,-0.9374831999955,0.9460436900235027,-20.00000_0.00000,0.8857884203813033,1.4248954750329914,-0.060255269642199405,-0.1506045249670085
L0000.ANS,-20.0,10.0,9.000134400036,2002/01/00,0,8.57,TOTAL,1.5591,0.1041,microSv/hr,ICRP Pub. 103 EFFECTIVE DOSE,-0.3420201433256687,0.9396926207859084,0.17364817766693033,0.984807753012208,-0.9374831999955,0.9396556341788876,-20.00000_10.00000,0.8863769385571163,1.4263229901125782,-0.053278695621771344,-0.1327770098874217
L0000.ANS,-20.0,20.0,9.000134400036,2002/01/00,0,8.92,TOTAL,1.5168,0.10021,microSv/hr,ICRP Pub. 103 EFFECTIVE DOSE,-0.3420201433256687,0.9396926207859084,0.3420201433256687,0.9396926207859084,-0.9374831999955,0.9229882533218763,-20.00000_20.00000,0.886598911402845,1.426861627710599,-0.036389341919031315,-0.08993837228940094
L0000.ANS,-20.0,30.0,9.000134400036,2002/01/00,0,9.32,TOTAL,1.4664,0.097845,microSv/hr,ICRP Pub. 103 EFFECTIVE DOSE,-0.3420201433256687,0.9396926207859084,0.49999999999999994,0.8660254037844387,-0.9374831999955,0.9027595975898035,-20.00000_30.00000,0.8864475943858956,1.4264944300308744,-0.01631200320390791,-0.03990556996912553
L0000.ANS,-20.0,40.0,9.000134400036,2002/01/00,0,9.75,TOTAL,1.4178,0.093472,microSv/hr,ICRP Pub. 103 EFFECTIVE DOSE,-0.3420201433256687,0.9396926207859084,0.6427876096865393,0.766044443118978,-0.9374831999955,0.8828580357857545,-20.00000_40.00000,0.8859275851972579,1.4252329586478614,0.0030695494115033917,0.007432958647861421
L0000.ANS,-20.0,50.0,9.000134400036,2002/01/00,0,10.12,TOTAL,1.3755,0.090619,microSv/hr,ICRP Pub. 103 EFFECTIVE DOSE,-0.3420201433256687,0.9396926207859084,0.766044443118978,0.6427876096865394,-0.9374831999955,0.8652079416448389,-20.00000_50.00000,0.8850546840529914,1.4231168937152576,0.01984674240815243,0.04761689371525768
L0000.ANS,-20.0,60.0,9.000134400036,2002/01/00,0,10.38,TOTAL,1.3469,0.089632,microSv/hr,ICRP Pub. 103 EFFECTIVE DOSE,-0.3420201433256687,0.9396926207859084,0.8660254037844386,0.5000000000000001,-0.9374831999955,0.8530953083770076,-20.00000_60.00000,0.8838554136126557,1.4202126630782086,0.030760105235648094,0.0733126630782086
L0000.ANS,-20.0,70.0,9.000134400036,2002/01/00,0,10.62,TOTAL,1.3268,0.087571,microSv/hr,ICRP Pub. 103 EFFECTIVE DOSE,-0.3420201433256687,0.9396926207859084,0.9396926207859083,0.3420201433256688,-0.9374831999955,0.8444939330544694,-20.00000_70.00000,0.88236621310172,1.4166111634868879,0.03787228004725063,0.08981116348688789
L0000.ANS,-20.0,80.0,9.000134400036,2002/01/00,0,10.72,TOTAL,1.319,0.086736,microSv/hr,ICRP Pub. 103 EFFECTIVE DOSE,-0.3420201433256687,0.9396926207859084,0.984807753012208,0.17364817766693041,-0.9374831999955,0.8411360582733945,-20.00000_80.00000,0.8806323311241369,1.412424675430623,0.03949627285074231,0.09342467543062294
L0000.ANS,-20.0,90.0,9.000134400036,2002/01/00,0,10.83,TOTAL,1.3102,0.085869,microSv/hr,ICRP Pub. 103 EFFECTIVE DOSE,-0.3420201433256687,0.9396926207859084,1.0,6.123233995736766e-17,-0.9374831999955,0.8373341008724429,-20.00000_90.00000,0.8787064508064093,1.4077831052192051,0.041372349933966435,0.0975831052192051
L0000.ANS,-20.0,100.0,9.000134400036,2002/01/00,0,10.91,TOTAL,1.3039,0.085305,microSv/hr,ICRP Pub. 103 EFFECTIVE DOSE,-0.3420201433256687,0.9396926207859084,0.984807753012208,-0.1736481776669303,-0.9374831999955,0.8346033391139392,-20.00000_100.00000,0.8766470890474483,1.4028297109344279,0.04204374993350901,0.09892971093442782
L0000.ANS,-20.0,110.0,9.000134400036,2002/01/00,0,10.99,TOTAL,1.2976,0.084795,microSv/hr,ICRP Pub. 103 EFFECTIVE DOSE,-0.3420201433256687,0.9396926207859084,0.9396926207859084,-0.3420201433256687,-0.9374831999955,0.831865099871768,-20.00000_110.00000,0.874516818512213,1.3977164818143786,0.042651718640444924,0.10011648181437849
L0000.ANS,-20.0,120.0,9.000134400036,2002/01/00,0,10.77,TOTAL,1.3154,0.086369,microSv/hr,ICRP Pub. 103 EFFECTIVE DOSE,-0.3420201433256687,0.9396926207859084,0.8660254037844387,-0.4999999999999998,-0.9374831999955,0.839582458789491,-20.00000_120.00000,0.8723803663929472,1.39259934356224,0.032797907603456244,0.07719934356224001
L0000.ANS,-20.0,130.0,9.000134400036,2002/01/00,0,10.73,TOTAL,1.3185,0.08668,microSv/hr,ICRP Pub. 103 EFFECTIVE DOSE,-0.3420201433256687,0.9396926207859084,0.766044443118978,-0.6427876096865394,-0.9374831999955,0.8409204248493785,-20.00000_130.00000,0.8703026477061986,1.3876333559453318,0.029382222856820128,0.06913335594533176
L0000.ANS,-20.0,140.0,9.000134400036,2002/01/00,0,10.51,TOTAL,1.336,0.088649,microSv/hr,ICRP Pub. 103 EFFECTIVE DOSE,-0.3420201433256687,0.9396926207859084,0.6427876096865395,-0.7660444431189779,-0.9374831999955,0.8484400649659807,-20.00000_140.00000,0.8683467928828867,1.382968055542161,0.019906727916906064,0.04696805554216099
L0000.ANS,-20.0,150.0,9.000134400036,2002/01/00,0,10.74,TOTAL,1.3178,0.08661,microSv/hr,ICRP Pub. 103 EFFECTIVE DOSE,-0.3420201433256687,0.9396926207859084,0.49999999999999994,-0.8660254037844387,-0.9374831999955,0.8406184599181536,-20.00000_150.00000,0.8665722295821086,1.3787430777378793,0.025953769663954906,0.060943077737879214
L0000.ANS,-20.0,160.0,9.000134400036,2002/01/00,0,11.4,TOTAL,1.2667,0.082641,microSv/hr,ICRP Pub. 103 EFFECTIVE DOSE,-0.3420201433256687,0.9396926207859084,0.3420201433256689,-0.9396926207859083,-0.9374831999955,0.8183250292881739,-20.00000_160.00000,0.8650328770117852,1.3750841703637742,0.04670784772361136,0.10838417036377423
L0000.ANS,-20.0,170.0,9.000134400036,2002/01/00,0,12.08,TOTAL,1.2177,0.079554,microSv/hr,ICRP Pub. 103 EFFECTIVE DOSE,-0.3420201433256687,0.9396926207859084,0.17364817766693028,-0.984807753012208,-0.9374831999955,0.7964706227918462,-20.00000_170.00000,0.863775507620816,1.3720996889179922,0.06730488482896979,0.15439968891799216
L0000.ANS,-15.0,-179.99999,9.000134400036,2002/01/00,0,13.75,TOTAL,1.1144,0.071813,microSv/hr,ICRP Pub. 103 EFFECTIVE DOSE,-0.25881904510252074,0.9659258262890683,-1.745329251238221e-07,-0.9999999999999848,-0.9374831999955,0.7487710843079424,-15.00000_-179.99999,0.842110931589314,1.3212618335410662,0.09333984728137168,0.20686183354106613
L0000.ANS,-15.0,-170.0,9.000134400036,2002/01/00,0,13.82,TOTAL,1.1103,0.071374,microSv/hr,ICRP Pub. 103 EFFECTIVE DOSE,-0.25881904510252074,0.9659258262890683,-0.17364817766693028,-0.984807753012208,-0.9374831999955,0.7468301174761302,-15.00000_-170.00000,0.8415224141802375,1.3198961324498542,0.09469229670410739,0.2095961324498541
L0000.ANS,-15.0,-160.0,9.000134400036,2002/01/00,0,13.83,TOTAL,1.1099,0.071329,microSv/hr,ICRP Pub. 103 EFFECTIVE DOSE,-0.25881904510252074,0.9659258262890683,-0.3420201433256689,-0.9396926207859083,-0.9374831999955,0.7466405529999453,-15.00000_-160.00000,0.8413004413345089,1.3193812356522072,0.09465988833456362,0.2094812356522071
L0000.ANS,-15.0,-150.0,9.000134400036,2002/01/00,0,13.8,TOTAL,1.1116,0.071511,microSv/hr,ICRP Pub. 103 EFFECTIVE DOSE,-0.25881904510252074,0.9659258262890683,-0.49999999999999994,-0.8660254037844387,-0.9374831999955,0.747445953967324,-15.00000_-150.00000,0.8414517583514582,1.3197322240565441,0.0940058043841342,0.2081322240565442
L0000.ANS,-15.0,-140.0,9.000134400036,2002/01/00,0,13.73,TOTAL,1.1154,0.071922,microSv/hr,ICRP Pub. 103 EFFECTIVE DOSE,-0.25881904510252074,0.9659258262890683,-0.6427876096865395,-0.7660444431189779,-0.9374831999955,0.7492439199118154,-15.00000_-140.00000,0.841971767540096,1.320938819821485,0.09272784762828057,0.20553881982148514
L0000.ANS,-15.0,-130.0,9.000134400036,2002/01/00,0,13.63,TOTAL,1.1211,0.072567,microSv/hr,ICRP Pub. 103 EFFECTIVE DOSE,-0.25881904510252074,0.9659258262890683,-0.766044443118978,-0.6427876096865394,-0.9374831999955,0.7519348220430336,-15.00000_-130.00000,0.8428446686843625,1.3229656544575197,0.09090984664132884,0.2018656544575197
L0000.ANS,-15.0,-120.0,9.000134400036,2002/01/00,0,13.47,TOTAL,1.1294,0.073598,microSv/hr,ICRP Pub. 103 EFFECTIVE DOSE,-0.25881904510252074,0.9659258262890683,-0.8660254037844387,-0.4999999999999998,-0.9374831999955,0.7558402498983687,-15.00000_-120.00000,0.8440439391246981,1.3257531896710195,0.08820368922632937,0.19635318967101956
L0000.ANS,-15.0,-110.0,9.000134400036,2002/01/00,0,13.28,TOTAL,1.1413,0.073952,microSv/hr,ICRP Pub. 103 EFFECTIVE DOSE,-0.25881904510252074,0.9659258262890683,-0.9396926207859084,-0.3420201433256687,-0.9374831999955,0.761413121230034,-15.00000_-110.00000,0.8455331396356338,1.3292192827225915,0.0841200184055998,0.1879192827225915
L0000.ANS,-15.0,-100.0,9.000134400036,2002/01/00,0,13.03,TOTAL,1.157,0.074564,microSv/hr,ICRP Pub. 103 EFFECTIVE DOSE,-0.25881904510252074,0.9659258262890683,-0.984807753012208,-0.1736481776669303,-0.9374831999955,0.7687183674070194,-15.00000_-100.00000,0.847267021613217,1.3332613773035549,0.07854865420619761,0.17626137730355484
L0000.ANS,-15.0,-90.0,9.000134400036,2002/01/00,0,12.73,TOTAL,1.1752,0.075748,microSv/hr,ICRP Pub. 103 EFFECTIVE DOSE,-0.25881904510252074,0.9659258262890683,-1.0,6.123233995736766e-17,-0.9374831999955,0.7771206143361239,-15.00000_-90.00000,0.8491929019309445,1.337759289296071,0.07207228759482065,0.162559289296071
L0000.ANS,-15.0,-80.0,9.000134400036,2002/01/00,0,12.44,TOTAL,1.1938,0.077248,microSv/hr,ICRP Pub. 103 EFFECTIVE DOSE,-0.25881904510252074,0.9659258262890683,-0.984807753012208,0.17364817766693041,-0.9374831999955,0.7856351999950967,-15.00000_-80.00000,0.8512522636899056,1.3425785419672398,0.06561706369480891,0.14877854196723983
L0000.ANS,-15.0,-70.0,9.000134400036,2002/01/00,0,12.2,TOTAL,1.2101,0.078741,microSv/hr,ICRP Pub. 103 EFFECTIVE DOSE,-0.25881904510252074,0.9659258262890683,-0.9396926207859083,0.3420201433256688,-0.9374831999955,0.7930377633747405,-15.00000_-70.00000,0.8533825342251409,1.3475741871603386,0.06034477085040035,0.13747418716033866
L0000.ANS,-15.0,-60.0,9.000134400036,2002/01/00,0,11.98,TOTAL,1.2246,0.080348,microSv/hr,ICRP Pub. 103 EFFECTIVE DOSE,-0.25881904510252074,0.9659258262890683,-0.8660254037844386,0.5000000000000001,-0.9374831999955,0.7995771241757919,-15.00000_-60.00000,0.8555189863444066,1.3525950284914097,0.05594186216861474,0.12799502849140976
L0000.ANS,-15.0,-50.0,9.000134400036,2002/01/00,0,11.7,TOTAL,1.2442,0.081717,microSv/hr,ICRP Pub. 103 EFFECTIVE DOSE,-0.25881904510252074,0.9659258262890683,-0.766044443118978,0.6427876096865394,-0.9374831999955,0.8083491102486289,-15.00000_-50.00000,0.8575967050311553,1.3574881406394692,0.04924759478252638,0.11328814063946924
L0000.ANS,-15.0,-40.0,9.000134400036,2002/01/00,0,11.28,TOTAL,1.2753,0.083188,microSv/hr,ICRP Pub. 103 EFFECTIVE DOSE,-0.25881904510252074,0.9659258262890683,-0.6427876096865393,0.766044443118978,-0.9374831999955,0.8221119118409441,-15.00000_-40.00000,0.8595525598544671,1.3621035572613647,0.03744064801352298,0.08680355726136457
L0000.ANS,-15.0,-30.0,9.000134400036,2002/01/00,0,10.79,TOTAL,1.3134,0.086168,microSv/hr,ICRP Pub. 103 EFFECTIVE DOSE,-0.25881904510252074,0.9659258262890683,-0.49999999999999994,0.8660254037844387,-0.9374831999955,0.8387183038791641,-15.00000_-30.00000,0.8613271231552453,1.3662989809682138,0.02260881927608116,0.05289898096821388
L0000.ANS,-15.0,-20.0,9.000134400036,2002/01/00,0,10.3,TOTAL,1.3558,0.08982,microSv/hr,ICRP Pub. 103 EFFECTIVE DOSE,-0.25881904510252074,0.9659258262890683,-0.3420201433256687,0.9396926207859084,-0.9374831999955,0.856880372542547,-15.00000_-20.00000,0.8628664757255686,1.3699443544243788,0.005986103183021618,0.014144354424378891
L0000.ANS,-15.0,-10.0,9.000134400036,2002/01/00,0,10.0,TOTAL,1.3895,0.091476,microSv/hr,ICRP Pub. 103 EFFECTIVE DOSE,-0.25881904510252074,0.9659258262890683,-0.17364817766693033,0.984807753012208,-0.9374831999955,0.8710841390360758,-15.00000_-10.00000,0.8641238451165378,1.3729261241140591,-0.006960293919538008,-0.016573875885940836
L0000.ANS,-15.0,0.0,9.000134400036,2002/01/00,0,10.09,TOTAL,1.3796,0.09085,microSv/hr,ICRP Pub. 103 EFFECTIVE DOSE,-0.25881904510252074,0.9659258262890683,0.0,1.0,-0.9374831999955,0.8669324063316135,-15.00000_0.00000,0.8650610267954675,1.3751510294104266,-0.0018713795361460228,-0.004448970589573387
L0000.ANS,-15.0,10.0,9.000134400036,2002/01/00,0,10.26,TOTAL,1.3603,0.089958,microSv/hr,ICRP Pub. 103 EFFECTIVE DOSE,-0.25881904510252074,0.9659258262890683,0.17364817766693033,0.984807753012208,-0.9374831999955,0.8587887296026964,-15.00000_10.00000,0.8656495449712804,1.3765492603633436,0.006860815368584072,0.01624926036334351
L0000.ANS,-15.0,20.0,9.000134400036,2002/01/00,0,10.61,TOTAL,1.3278,0.087686,microSv/hr,ICRP Pub. 103 EFFECTIVE DOSE,-0.25881904510252074,0.9659258262890683,0.3420201433256687,0.9396926207859084,-0.9374831999955,0.8449236155257389,-15.00000_20.00000,0.8658715178170091,1.3770768483186142,0.020947902291270193,0.04927684831861412
L0000.ANS,-15.0,30.0,9.000134400036,2002/01/00,0,11.1,TOTAL,1.2891,0.084184,microSv/hr,ICRP Pub. 103 EFFECTIVE DOSE,-0.25881904510252074,0.9659258262890683,0.49999999999999994,0.8660254037844387,-0.9374831999955,0.8281587272158222,-15.00000_30.00000,0.8657202008000597,1.3767171833532683,0.03756147358423756,0.0876171833532684
L0000.ANS,-15.0,40.0,9.000134400036,2002/01/00,0,11.65,TOTAL,1.2478,0.081817,microSv/hr,ICRP Pub. 103 EFFECTIVE DOSE,-0.25881904510252074,0.9659258262890683,0.6427876096865393,0.766044443118978,-0.9374831999955,0.8099519601020296,-15.00000_40.00000,0.8652001916114225,1.3754815898669588,0.05524823150939284,0.12768158986695877
L0000.ANS,-15.0,50.0,9.000134400036,2002/01/00,0,12.1,TOTAL,1.2161,0.07937,microSv/hr,ICRP Pub. 103 EFFECTIVE DOSE,-0.25881904510252074,0.9659258262890683,0.766044443118978,0.6427876096865394,-0.9374831999955,0.7957488942206647,-15.00000_50.00000,0.864327290467156,1.3734089340124196,0.0685783962464912,0.15730893401241963
L0000.ANS,-15.0,60.0,9.000134400036,2002/01/00,0,12.53,TOTAL,1.1881,0.076815,microSv/hr,ICRP Pub. 103 EFFECTIVE DOSE,-0.25881904510252074,0.9659258262890683,0.8660254037844386,0.5000000000000001,-0.9374831999955,0.7830335873544686,-15.00000_60.00000,0.8631280200268199,1.3705642809301497,0.08009443267235128,0.18246428093014977
L0000.ANS,-15.0,70.0,9.000134400036,2002/01/00,0,12.94,TOTAL,1.1624,0.074863,microSv/hr,ICRP Pub. 103 EFFECTIVE DOSE,-0.25881904510252074,0.9659258262890683,0.9396926207859083,0.3420201433256688,-0.9374831999955,0.7712187159801008,-15.00000_70.00000,0.8616388195158842,1.3670366627091495,0.09042010353578334,0.20463666270914938
L0000.ANS,-15.0,80.0,9.000134400036,2002/01/00,0,13.15,TOTAL,1.1491,0.074206,microSv/hr,ICRP Pub. 103 EFFECTIVE DOSE,-0.25881904510252074,0.9659258262890683,0.984807753012208,0.17364817766693041,-0.9374831999955,0.7650491498490233,-15.00000_80.00000,0.8599049375383014,1.3629360565103137,0.09485578768927816,0.21383605651031368
L0000.ANS,-15.0,90.0,9.000134400036,2002/01/00,0,13.31,TOTAL,1.1394,0.073903,microSv/hr,ICRP Pub. 103 EFFECTIVE DOSE,-0.25881904510252074,0.9659258262890683,1.0,6.123233995736766e-17,-0.9374831999955,0.7605254158898934,-15.00000_90.00000,0.8579790572205734,1.358389703737899,0.09745364133068002,0.21898970373789894
L0000.ANS,-15.0,100.0,9.000134400036,2002/01/00,0,13.41,TOTAL,1.1328,0.073782,microSv/hr,ICRP Pub. 103 EFFECTIVE DOSE,-0.25881904510252074,0.9659258262890683,0.984807753012208,-0.1736481776669303,-0.9374831999955,0.7574356704423072,-15.00000_100.00000,0.8559196954616128,1.353537923669151,0.09848402501930564,0.2207379236691509
L0000.ANS,-15.0,110.0,9.000134400036,2002/01/00,0,13.45,TOTAL,1.1306,0.073744,microSv/hr,ICRP Pub. 103 EFFECTIVE DOSE,-0.25881904510252074,0.9659258262890683,0.9396926207859084,-0.3420201433256687,-0.9374831999955,0.7564036301949602,-15.00000_110.00000,0.8537894249263771,1.3485295876261576,0.09738579473141695,0.21792958762615755
L0000.ANS,-15.0,120.0,9.000134400036,2002/01/00,0,13.39,TOTAL,1.1343,0.073804,microSv/hr,ICRP Pub. 103 EFFECTIVE DOSE,-0.25881904510252074,0.9659258262890683,0.8660254037844387,-0.4999999999999998,-0.9374831999955,0.7581387240673854,-15.00000_120.00000,0.8516529728071118,1.3435174226432385,0.09351424873972647,0.2092174226432384
L0000.ANS,-15.0,130.0,9.000134400036,2002/01/00,0,13.31,TOTAL,1.139,0.073895,microSv/hr,ICRP Pub. 103 EFFECTIVE DOSE,-0.25881904510252074,0.9659258262890683,0.766044443118978,-0.6427876096865394,-0.9374831999955,0.7603384301002686,-15.00000_130.00000,0.8495752541203627,1.3386533075826992,0.08923682402009414,0.19965330758269917
L0000.ANS,-15.0,140.0,9.000134400036,2002/01/00,0,13.31,TOTAL,1.1396,0.073907,microSv/hr,ICRP Pub. 103 EFFECTIVE DOSE,-0.25881904510252074,0.9659258262890683,0.6427876096865395,-0.7660444431189779,-0.9374831999955,0.760618895674958,-15.00000_140.00000,0.8476193992970513,1.334083711421056,0.08700050362209333,0.19448371142105603
L0000.ANS,-15.0,150.0,9.000134400036,2002/01/00,0,13.35,TOTAL,1.1368,0.073848,microSv/hr,ICRP Pub. 103 EFFECTIVE DOSE,-0.25881904510252074,0.9659258262890683,0.49999999999999994,-0.8660254037844387,-0.9374831999955,0.759309382813614,-15.00000_150.00000,0.8458448359962727,1.3299454050551114,0.08653545318265865,0.19314540505511135
L0000.ANS,-15.0,160.0,9.000134400036,2002/01/00,0,13.48,TOTAL,1.129,0.07354,microSv/hr,ICRP Pub. 103 EFFECTIVE DOSE,-0.25881904510252074,0.9659258262890683,0.3420201433256689,-0.9396926207859083,-0.9374831999955,0.7556523859113424,-15.00000_160.00000,0.8443054834259494,1.326361556717894,0.08865309751460693,0.1973615567178939
L0000.ANS,-15.0,170.0,9.000134400036,2002/01/00,0,13.63,TOTAL,1.121,0.072566,microSv/hr,ICRP Pub. 103 EFFECTIVE DOSE,-0.25881904510252074,0.9659258262890683,0.17364817766693028,-0.984807753012208,-0.9374831999955,0.7518876755825454,-15.00000_170.00000,0.8430481140349801,1.3234382990966107,0.09116043845243471,0.2024382990966107
L0000.ANS,-10.0,-179.99999,9.000134400036,2002/01/00,0,14.61,TOTAL,1.0693,0.067761,microSv/hr,ICRP Pub. 103 EFFECTIVE DOSE,-0.17364817766693033,0.984807753012208,-1.745329251238221e-07,-0.9999999999999848,-0.9374831999955,0.727210385835646,-10.00000_-179.99999,0.8265361273779943,1.2853887184878825,0.0993257415423483,0.21608871848788258
L0000.ANS,-10.0,-170.0,9.000134400036,2002/01/00,0,14.54,TOTAL,1.0725,0.067996,microSv/hr,ICRP Pub. 103 EFFECTIVE DOSE,-0.17364817766693033,0.984807753012208,-0.17364817766693028,-0.984807753012208,-0.9374831999955,0.728755608027313,-10.00000_-170.00000,0.8259476099689178,1.2840441231382398,0.09719200194160482,0.21154412313823978
L0000.ANS,-10.0,-160.0,9.000134400036,2002/01/00,0,14.44,TOTAL,1.0777,0.068405,microSv/hr,ICRP Pub. 103 EFFECTIVE DOSE,-0.17364817766693033,0.984807753012208,-0.3420201433256689,-0.9396926207859083,-0.9374831999955,0.7312615126686034,-10.00000_-160.00000,0.8257256371231891,1.283537183629941,0.09446412445458574,0.20583718362994086
L0000.ANS,-10.0,-150.0,9.000134400036,2002/01/00,0,14.31,TOTAL,1.0843,0.068988,microSv/hr,ICRP Pub. 103 EFFECTIVE DOSE,-0.17364817766693033,0.984807753012208,-0.49999999999999994,-0.8660254037844387,-0.9374831999955,0.734433067465488,-10.00000_-150.00000,0.8258769541401385,1.283882747808872,0.09144388667465053,0.19958274780887186
L0000.ANS,-10.0,-140.0,9.000134400036,2002/01/00,0,14.16,TOTAL,1.0923,0.069729,microSv/hr,ICRP Pub. 103 EFFECTIVE DOSE,-0.17364817766693033,0.984807753012208,-0.6427876096865395,-0.7660444431189779,-0.9374831999955,0.7382639393630684,-10.00000_-140.00000,0.8263969633287762,1.2850706966688956,0.08813302396570777,0.19277069666889557
L0000.ANS,-10.0,-130.0,9.000134400036,2002/01/00,0,13.97,TOTAL,1.1022,0.070575,microSv/hr,ICRP Pub. 103 EFFECTIVE DOSE,-0.17364817766693033,0.984807753012208,-0.766044443118978,-0.6427876096865394,-0.9374831999955,0.742984415407117,-10.00000_-130.00000,0.8272698644730423,1.2870662083102364,0.08428544906592528,0.18486620831023637
L0000.ANS,-10.0,-120.0,9.000134400036,2002/01/00,0,13.76,TOTAL,1.1137,0.071732,microSv/hr,ICRP Pub. 103 EFFECTIVE DOSE,-0.17364817766693033,0.984807753012208,-0.8660254037844387,-0.4999999999999998,-0.9374831999955,0.748439966308654,-10.00000_-120.00000,0.8284691349133784,1.2898106645526433,0.08002916860472442,0.17611066455264335
L0000.ANS,-10.0,-110.0,9.000134400036,2002/01/00,0,13.52,TOTAL,1.1269,0.073282,microSv/hr,ICRP Pub. 103 EFFECTIVE DOSE,-0.17364817766693033,0.984807753012208,-0.9396926207859084,-0.3420201433256687,-0.9374831999955,0.7546655205383623,-10.00000_-110.00000,0.8299583354243141,1.2932231921024577,0.07529281488595174,0.16632319210245772
L0000.ANS,-10.0,-100.0,9.000134400036,2002/01/00,0,13.24,TOTAL,1.144,0.074027,microSv/hr,ICRP Pub. 103 EFFECTIVE DOSE,-0.17364817766693033,0.984807753012208,-0.984807753012208,-0.1736481776669303,-0.9374831999955,0.7626732432085555,-10.00000_-100.00000,0.8316922174018972,1.297202819570981,0.0690189741933418,0.15320281957098114
L0000.ANS,-10.0,-90.0,9.000134400036,2002/01/00,0,12.93,TOTAL,1.1631,0.074906,microSv/hr,ICRP Pub. 103 EFFECTIVE DOSE,-0.17364817766693033,0.984807753012208,-1.0,6.123233995736766e-17,-0.9374831999955,0.7715423779873188,-10.00000_-90.00000,0.8336180977196248,1.3016312201830598,0.06207571973230597,0.13853122018305974
L0000.ANS,-10.0,-80.0,9.000134400036,2002/01/00,0,12.67,TOTAL,1.1792,0.076073,microSv/hr,ICRP Pub. 103 EFFECTIVE DOSE,-0.17364817766693033,0.984807753012208,-0.984807753012208,0.17364817766693041,-0.9374831999955,0.7789578369730562,-10.00000_-80.00000,0.8356774594785858,1.3063759954286123,0.05671962250552964,0.12717599542861224
L0000.ANS,-10.0,-70.0,9.000134400036,2002/01/00,0,12.51,TOTAL,1.1891,0.07689,microSv/hr,ICRP Pub. 103 EFFECTIVE DOSE,-0.17364817766693033,0.984807753012208,-0.9396926207859083,0.3420201433256688,-0.9374831999955,0.7834905004575471,-10.00000_-70.00000,0.8378077300138211,1.3112944372006288,0.05431722955627405,0.12219443720062872
L0000.ANS,-10.0,-60.0,9.000134400036,2002/01/00,0,12.43,TOTAL,1.1949,0.077343,microSv/hr,ICRP Pub. 103 EFFECTIVE DOSE,-0.17364817766693033,0.984807753012208,-0.8660254037844386,0.5000000000000001,-0.9374831999955,0.7861364874027732,-10.00000_-60.00000,0.8399441821330869,1.3162376857258689,0.05380769473031366,0.12133768572586878
L0000.ANS,-10.0,-50.0,9.000134400036,2002/01/00,0,12.3,TOTAL,1.2032,0.078072,microSv/hr,ICRP Pub. 103 EFFECTIVE DOSE,-0.17364817766693033,0.984807753012208,-0.766044443118978,0.6427876096865394,-0.9374831999955,0.7899108489922534,-10.00000_-50.00000,0.8420219008198355,1.3210551790133072,0.05211105182758213,0.11785517901330711
L0000.ANS,-10.0,-40.0,9.000134400036,2002/01/00,0,12.05,TOTAL,1.2195,0.079749,microSv/hr,ICRP Pub. 103 EFFECTIVE DOSE,-0.17364817766693033,0.984807753012208,-0.6427876096865393,0.766044443118978,-0.9374831999955,0.7972819452919528,-10.00000_-40.00000,0.8439777556431474,1.325599268321281,0.04669581035119452,0.10609926832128092
L0000.ANS,-10.0,-30.0,9.000134400036,2002/01/00,0,11.72,TOTAL,1.2422,0.081671,microSv/hr,ICRP Pub. 103 EFFECTIVE DOSE,-0.17364817766693033,0.984807753012208,-0.49999999999999994,0.8660254037844387,-0.9374831999955,0.8074575267373562,-10.00000_-30.00000,0.8457523189439256,1.3297298553452714,0.038294792206569395,0.08752985534527147
L0000.ANS,-10.0,-20.0,9.000134400036,2002/01/00,0,11.45,TOTAL,1.2628,0.08243,microSv/hr,ICRP Pub. 103 EFFECTIVE DOSE,-0.17364817766693033,0.984807753012208,-0.3420201433256687,0.9396926207859084,-0.9374831999955,0.8166029844868635,-10.00000_-20.00000,0.8472916715142489,1.3333188926744581,0.030688687027385364,0.07051889267445821
L0000.ANS,-10.0,-10.0,9.000134400036,2002/01/00,0,11.37,TOTAL,1.2688,0.082766,microSv/hr,ICRP Pub. 103 EFFECTIVE DOSE,-0.17364817766693033,0.984807753012208,-0.17364817766693033,0.984807753012208,-0.9374831999955,0.8192510573556713,-10.00000_-10.00000,0.8485490409052181,1.336254581665445,0.029297983549546824,0.06745458166544505
L0000.ANS,-10.0,0.0,9.000134400036,2002/01/00,0,11.48,TOTAL,1.2605,0.082316,microSv/hr,ICRP Pub. 103 EFFECTIVE DOSE,-0.17364817766693033,0.984807753012208,0.0,1.0,-0.9374831999955,0.8155860277525228,-10.00000_0.00000,0.8494862225841477,1.3384451029545772,0.033900194831624986,0.07794510295457724
L0000.ANS,-10.0,10.0,9.000134400036,2002/01/00,0,11.72,TOTAL,1.2426,0.08168,microSv/hr,ICRP Pub. 103 EFFECTIVE DOSE,-0.17364817766693033,0.984807753012208,0.17364817766693033,0.984807753012208,-0.9374831999955,0.8076359070446433,-10.00000_10.00000,0.8500747407599607,1.339821725444752,0.042438833715317426,0.09722172544475205
L0000.ANS,-10.0,20.0,9.000134400036,2002/01/00,0,12.07,TOTAL,1.2183,0.079623,microSv/hr,ICRP Pub. 103 EFFECTIVE DOSE,-0.17364817766693033,0.984807753012208,0.3420201433256687,0.9396926207859084,-0.9374831999955,0.7967411367700513,-10.00000_20.00000,0.8502967136056894,1.3403411599796948,0.05355557683563805,0.12204115997969489
L0000.ANS,-10.0,30.0,9.000134400036,2002/01/00,0,12.52,TOTAL,1.1885,0.076846,microSv/hr,ICRP Pub. 103 EFFECTIVE DOSE,-0.17364817766693033,0.984807753012208,0.49999999999999994,0.8660254037844387,-0.9374831999955,0.7832163776488129,-10.00000_30.00000,0.85014539658874,1.3399870533285796,0.06692901893992709,0.1514870533285797
L0000.ANS,-10.0,40.0,9.000134400036,2002/01/00,0,13.05,TOTAL,1.1553,0.074479,microSv/hr,ICRP Pub. 103 EFFECTIVE DOSE,-0.17364817766693033,0.984807753012208,0.6427876096865393,0.766044443118978,-0.9374831999955,0.7679299250036309,-10.00000_40.00000,0.8496253874001027,1.3387705548821542,0.08169546239647185,0.18347055488215425
L0000.ANS,-10.0,50.0,9.000134400036,2002/01/00,0,13.61,TOTAL,1.122,0.072675,microSv/hr,ICRP Pub. 103 EFFECTIVE DOSE,-0.17364817766693033,0.984807753012208,0.766044443118978,0.6427876096865394,-0.9374831999955,0.7523590401917915,-10.00000_50.00000,0.8487524862558362,1.336729930150025,0.09639344606404476,0.21472993015002495
L0000.ANS,-10.0,60.0,9.000134400036,2002/01/00,0,14.1,TOTAL,1.0952,0.069959,microSv/hr,ICRP Pub. 103 EFFECTIVE DOSE,-0.17364817766693033,0.984807753012208,0.8660254037844386,0.5000000000000001,-0.9374831999955,0.7396490142113651,-10.00000_60.00000,0.8475532158155001,1.3339292387466282,0.10790420160413505,0.23872923874662821
L0000.ANS,-10.0,70.0,9.000134400036,2002/01/00,0,14.49,TOTAL,1.0749,0.068178,microSv/hr,ICRP Pub. 103 EFFECTIVE DOSE,-0.17364817766693033,0.984807753012208,0.9396926207859083,0.3420201433256688,-0.9374831999955,0.7299129597502684,-10.00000_70.00000,0.8460640153045644,1.3304561368462247,0.11615105555429606,0.2555561368462247
L0000.ANS,-10.0,80.0,9.000134400036,2002/01/00,0,14.78,TOTAL,1.0604,0.067208,microSv/hr,ICRP Pub. 103 EFFECTIVE DOSE,-0.17364817766693033,0.984807753012208,0.984807753012208,0.17364817766693041,-0.9374831999955,0.7229001387092931,-10.00000_80.00000,0.8443301333269813,1.3264189020068065,0.12142999461768811,0.26601890200680645
L0000.ANS,-10.0,90.0,9.000134400036,2002/01/00,0,14.96,TOTAL,1.051,0.066771,microSv/hr,ICRP Pub. 103 EFFECTIVE DOSE,-0.17364817766693033,0.984807753012208,1.0,6.123233995736766e-17,-0.9374831999955,0.7183274790902435,-10.00000_90.00000,0.8424042530092537,1.3219428092256271,0.12407677391901017,0.2709428092256272
L0000.ANS,-10.0,100.0,9.000134400036,2002/01/00,0,15.06,TOTAL,1.0461,0.066602,microSv/hr,ICRP Pub. 103 EFFECTIVE DOSE,-0.17364817766693033,0.984807753012208,0.984807753012208,-0.1736481776669303,-0.9374831999955,0.7159355421903765,-10.00000_100.00000,0.8403448912502927,1.3171660092655864,0.12440934905991619,0.2710660092655863
L0000.ANS,-10.0,110.0,9.000134400036,2002/01/00,0,15.05,TOTAL,1.0465,0.066615,microSv/hr,ICRP Pub. 103 EFFECTIVE DOSE,-0.17364817766693033,0.984807753012208,0.9396926207859084,-0.3420201433256687,-0.9374831999955,0.7161310169503207,-10.00000_110.00000,0.8382146207150574,1.3122350727699001,0.1220836037647367,0.26573507276990016
L0000.ANS,-10.0,120.0,9.000134400036,2002/01/00,0,14.94,TOTAL,1.052,0.066812,microSv/hr,ICRP Pub. 103 EFFECTIVE DOSE,-0.17364817766693033,0.984807753012208,0.8660254037844387,-0.4999999999999998,-0.9374831999955,0.7188149273085231,-10.00000_120.00000,0.8360781685957921,1.3073003665072769,0.11726324128726895,0.25530036650727683
L0000.ANS,-10.0,130.0,9.000134400036,2002/01/00,0,14.79,TOTAL,1.06,0.067188,microSv/hr,ICRP Pub. 103 EFFECTIVE DOSE,-0.17364817766693033,0.984807753012208,0.766044443118978,-0.6427876096865394,-0.9374831999955,0.7227059828014898,-10.00000_130.00000,0.834000449909043,1.3025114221821874,0.1112944671075532,0.24251142218218735
L0000.ANS,-10.0,140.0,9.000134400036,2002/01/00,0,14.65,TOTAL,1.0672,0.067622,microSv/hr,ICRP Pub. 103 EFFECTIVE DOSE,-0.17364817766693033,0.984807753012208,0.6427876096865395,-0.7660444431189779,-0.9374831999955,0.7261950346061457,-10.00000_140.00000,0.8320445950857316,1.2980124452184667,0.10584956047958594,0.23081244521846678
L0000.ANS,-10.0,150.0,9.000134400036,2002/01/00,0,14.6,TOTAL,1.0698,0.067796,microSv/hr,ICRP Pub. 103 EFFECTIVE DOSE,-0.17364817766693033,0.984807753012208,0.49999999999999994,-0.8660254037844387,-0.9374831999955,0.7274519842519357,-10.00000_150.00000,0.830270031784953,1.2939380928357593,0.10281804753301726,0.22413809283575925
L0000.ANS,-10.0,160.0,9.000134400036,2002/01/00,0,14.58,TOTAL,1.0704,0.067839,microSv/hr,ICRP Pub. 103 EFFECTIVE DOSE,-0.17364817766693033,0.984807753012208,0.3420201433256689,-0.9396926207859083,-0.9374831999955,0.7277418253244444,-10.00000_160.00000,0.8287306792146296,1.2904096298074617,0.10098885389018519,0.22000962980746164
L0000.ANS,-10.0,170.0,9.000134400036,2002/01/00,0,14.62,TOTAL,1.0688,0.067726,microSv/hr,ICRP Pub. 103 EFFECTIVE DOSE,-0.17364817766693033,0.984807753012208,0.17364817766693028,-0.984807753012208,-0.9374831999955,0.726968729035456,-10.00000_170.00000,0.8274733098236604,1.2875315486309304,0.10050458078820446,0.21873154863093047
L0000.ANS,-5.0,-179.99999,9.000134400036,2002/01/00,0,15.09,TOTAL,1.0444,0.066554,microSv/hr,ICRP Pub. 103 EFFECTIVE DOSE,-0.08715574274765817,0.9961946980917455,-1.745329251238221e-07,-0.9999999999999848,-0.9374831999955,0.7151043479119874,-5.00000_-179.99999,0.8162324462055626,1.2619617012975437,0.10112809829357516,0.2175617012975437
L0000.ANS,-5.0,-170.0,9.000134400036,2002/01/00,0,14.94,TOTAL,1.0522,0.066818,microSv/hr,ICRP Pub. 103 EFFECTIVE DOSE,-0.08715574274765817,0.9961946980917455,-0.17364817766693028,-0.984807753012208,-0.9374831999955,0.7189123884459717,-5.00000_-170.00000,0.8156439287964861,1.2606308890991502,0.09673154035051434,0.2084308890991502
L0000.ANS,-5.0,-160.0,9.000134400036,2002/01/00,0,14.76,TOTAL,1.0613,0.067262,microSv/hr,ICRP Pub. 103 EFFECTIVE DOSE,-0.08715574274765817,0.9961946980917455,-0.3420201433256689,-0.9396926207859083,-0.9374831999955,0.7233368517230029,-5.00000_-160.00000,0.8154219559507574,1.2601291461162738,0.09208510422775451,0.1988291461162739
L0000.ANS,-5.0,-150.0,9.000134400036,2002/01/00,0,14.57,TOTAL,1.0711,0.067891,microSv/hr,ICRP Pub. 103 EFFECTIVE DOSE,-0.08715574274765817,0.9961946980917455,-0.49999999999999994,-0.8660254037844387,-0.9374831999955,0.7280798670999682,-5.00000_-150.00000,0.8155732729677068,1.260471167992797,0.08749340586773857,0.18937116799279696
L0000.ANS,-5.0,-140.0,9.000134400036,2002/01/00,0,14.36,TOTAL,1.082,0.068775,microSv/hr,ICRP Pub. 103 EFFECTIVE DOSE,-0.08715574274765817,0.9961946980917455,-0.6427876096865395,-0.7660444431189779,-0.9374831999955,0.7333289701927772,-5.00000_-140.00000,0.816093282156344,1.2616469394502885,0.08276431196356682,0.17964693945028842
L0000.ANS,-5.0,-130.0,9.000134400036,2002/01/00,0,14.13,TOTAL,1.0936,0.069833,microSv/hr,ICRP Pub. 103 EFFECTIVE DOSE,-0.08715574274765817,0.9961946980917455,-0.766044443118978,-0.6427876096865394,-0.9374831999955,0.738885072233799,-5.00000_-130.00000,0.8169661833006105,1.2636219955406132,0.07808111106681159,0.17002199554061326
L0000.ANS,-5.0,-120.0,9.000134400036,2002/01/00,0,13.87,TOTAL,1.1078,0.071121,microSv/hr,ICRP Pub. 103 EFFECTIVE DOSE,-0.08715574274765817,0.9961946980917455,-0.8660254037844387,-0.4999999999999998,-0.9374831999955,0.7456447495176992,-5.00000_-120.00000,0.8181654537409466,1.2663383189655921,0.07252070422324741,0.15853831896559223
L0000.ANS,-5.0,-110.0,9.000134400036,2002/01/00,0,13.59,TOTAL,1.1232,0.072828,microSv/hr,ICRP Pub. 103 EFFECTIVE DOSE,-0.08715574274765817,0.9961946980917455,-0.9396926207859084,-0.3420201433256687,-0.9374831999955,0.752924384595806,-5.00000_-110.00000,0.8196546542518823,1.269715865445917,0.06673026965607631,0.1465158654459171
L0000.ANS,-5.0,-100.0,9.000134400036,2002/01/00,0,13.26,TOTAL,1.1426,0.073986,microSv/hr,ICRP Pub. 103 EFFECTIVE DOSE,-0.08715574274765817,0.9961946980917455,-0.984807753012208,-0.1736481776669303,-0.9374831999955,0.7620200448463208,-5.00000_-100.00000,0.8213885362294651,1.2736546986283899,0.05936849138314426,0.1310546986283898
L0000.ANS,-5.0,-90.0,9.000134400036,2002/01/00,0,12.94,TOTAL,1.1623,0.074853,microSv/hr,ICRP Pub. 103 EFFECTIVE DOSE,-0.08715574274765817,0.9961946980917455,-1.0,6.123233995736766e-17,-0.9374831999955,0.7711724699977123,-5.00000_-90.00000,0.8233144165471931,1.2780377046796119,0.05214194654948079,0.11573770467961175
L0000.ANS,-5.0,-80.0,9.000134400036,2002/01/00,0,12.73,TOTAL,1.1757,0.075787,microSv/hr,ICRP Pub. 103 EFFECTIVE DOSE,-0.08715574274765817,0.9961946980917455,-0.984807753012208,0.17364817766693041,-0.9374831999955,0.7773504518420197,-5.00000_-80.00000,0.8253737783061537,1.2827338422775094,0.048023326464133986,0.10703384227750945
L0000.ANS,-5.0,-70.0,9.000134400036,2002/01/00,0,12.66,TOTAL,1.1795,0.076104,microSv/hr,ICRP Pub. 103 EFFECTIVE DOSE,-0.08715574274765817,0.9961946980917455,-0.9396926207859083,0.3420201433256688,-0.9374831999955,0.7790954926963103,-5.00000_-70.00000,0.8275040488413894,1.2876018661845001,0.04840855614507911,0.10810186618450013
L0000.ANS,-5.0,-60.0,9.000134400036,2002/01/00,0,12.72,TOTAL,1.1763,0.075836,microSv/hr,ICRP Pub. 103 EFFECTIVE DOSE,-0.08715574274765817,0.9961946980917455,-0.8660254037844386,0.5000000000000001,-0.9374831999955,0.7776261871378843,-5.00000_-60.00000,0.8296405009606547,1.29249444255614,0.05201431382277033,0.11619444255614009
L0000.ANS,-5.0,-50.0,9.000134400036,2002/01/00,0,12.75,TOTAL,1.1741,0.075659,microSv/hr,ICRP Pub. 103 EFFECTIVE DOSE,-0.08715574274765817,0.9961946980917455,-0.766044443118978,0.6427876096865394,-0.9374831999955,0.7766147858012084,-5.00000_-50.00000,0.8317182196474038,1.2972625527792692,0.055103433846195427,0.12316255277926924
L0000.ANS,-5.0,-40.0,9.000134400036,2002/01/00,0,12.69,TOTAL,1.1781,0.075979,microSv/hr,ICRP Pub. 103 EFFECTIVE DOSE,-0.08715574274765817,0.9961946980917455,-0.6427876096865393,0.766044443118978,-0.9374831999955,0.7784529371390452,-5.00000_-40.00000,0.8336740744707152,1.3017600616270029,0.05522113733167,0.12366006162700294
L0000.ANS,-5.0,-30.0,9.000134400036,2002/01/00,0,12.55,TOTAL,1.1869,0.076726,microSv/hr,ICRP Pub. 103 EFFECTIVE DOSE,-0.08715574274765817,0.9961946980917455,-0.49999999999999994,0.8660254037844387,-0.9374831999955,0.7824850159121404,-5.00000_-30.00000,0.8354486377714938,1.3058483069117384,0.05296362185935344,0.1189483069117383
L0000.ANS,-5.0,-20.0,9.000134400036,2002/01/00,0,12.44,TOTAL,1.1937,0.077246,microSv/hr,ICRP Pub. 103 EFFECTIVE DOSE,-0.08715574274765817,0.9961946980917455,-0.3420201433256687,0.9396926207859084,-0.9374831999955,0.7855896159495047,-5.00000_-20.00000,0.8369879903418171,1.3094005538085018,0.05139837439231243,0.11570055380850186
L0000.ANS,-5.0,-10.0,9.000134400036,2002/01/00,0,12.48,TOTAL,1.1913,0.077058,microSv/hr,ICRP Pub. 103 EFFECTIVE DOSE,-0.08715574274765817,0.9961946980917455,-0.17364817766693033,0.984807753012208,-0.9374831999955,0.7844949750192207,-5.00000_-10.00000,0.8382453597327864,1.3123061496972075,0.053750384713565635,0.12100614969720747
L0000.ANS,-5.0,0.0,9.000134400036,2002/01/00,0,12.65,TOTAL,1.1807,0.076198,microSv/hr,ICRP Pub. 103 EFFECTIVE DOSE,-0.08715574274765817,0.9961946980917455,0.0,1.0,-0.9374831999955,0.7796459261765625,-5.00000_0.00000,0.839182541411716,1.3144742164343064,0.05953661523515352,0.13377421643430631
L0000.ANS,-5.0,10.0,9.000134400036,2002/01/00,0,12.92,TOTAL,1.1635,0.074926,microSv/hr,ICRP Pub. 103 EFFECTIVE DOSE,-0.08715574274765817,0.9961946980917455,0.17364817766693033,0.984807753012208,-0.9374831999955,0.7717272806828024,-5.00000_10.00000,0.839771059587529,1.315836727470057,0.06804377890472657,0.1523367274700571
L0000.ANS,-5.0,20.0,9.000134400036,2002/01/00,0,13.27,TOTAL,1.1418,0.073964,microSv/hr,ICRP Pub. 103 EFFECTIVE DOSE,-0.08715574274765817,0.9961946980917455,0.3420201433256687,0.9396926207859084,-0.9374831999955,0.7616465969846375,-5.00000_20.00000,0.8399930324332576,1.3163508373958073,0.07834643544862008,0.17455083739580735
L0000.ANS,-5.0,30.0,9.000134400036,2002/01/00,0,13.71,TOTAL,1.1165,0.072037,microSv/hr,ICRP Pub. 103 EFFECTIVE DOSE,-0.08715574274765817,0.9961946980917455,0.49999999999999994,0.8660254037844387,-0.9374831999955,0.7497637809788413,-5.00000_30.00000,0.8398417154163083,1.3160003606141037,0.09007793443746692,0.1995003606141037
L0000.ANS,-5.0,40.0,9.000134400036,2002/01/00,0,14.21,TOTAL,1.0894,0.069477,microSv/hr,ICRP Pub. 103 EFFECTIVE DOSE,-0.08715574274765817,0.9961946980917455,0.6427876096865393,0.766044443118978,-0.9374831999955,0.7368769434212705,-5.00000_40.00000,0.8393217062276705,1.3147963322257405,0.10244476280640002,0.22539633222574063
L0000.ANS,-5.0,50.0,9.000134400036,2002/01/00,0,14.76,TOTAL,1.0616,0.067277,microSv/hr,ICRP Pub. 103 EFFECTIVE DOSE,-0.08715574274765817,0.9961946980917455,0.766044443118978,0.6427876096865394,-0.9374831999955,0.7234823803560183,-5.00000_50.00000,0.838448805083404,1.3127766254890016,0.11496642472738572,0.25117662548900155
L0000.ANS,-5.0,60.0,9.000134400036,2002/01/00,0,15.27,TOTAL,1.0354,0.066376,microSv/hr,ICRP Pub. 103 EFFECTIVE DOSE,-0.08715574274765817,0.9961946980917455,0.8660254037844386,0.5000000000000001,-0.9374831999955,0.7106923597756942,-5.00000_60.00000,0.8372495346430684,1.3100046433573027,0.12655717486737417,0.2746046433573026
L0000.ANS,-5.0,70.0,9.000134400036,2002/01/00,0,15.7,TOTAL,1.0163,0.064311,microSv/hr,ICRP Pub. 103 EFFECTIVE DOSE,-0.08715574274765817,0.9961946980917455,0.9396926207859083,0.3420201433256688,-0.9374831999955,0.7012641486618928,-5.00000_70.00000,0.8357603341321327,1.3065671434607362,0.1344961854702399,0.29026714346073623
L0000.ANS,-5.0,80.0,9.000134400036,2002/01/00,0,16.01,TOTAL,1.0027,0.063038,microSv/hr,ICRP Pub. 103 EFFECTIVE DOSE,-0.08715574274765817,0.9961946980917455,0.984807753012208,0.17364817766693041,-0.9374831999955,0.6944962701292408,-5.00000_80.00000,0.8340264521545495,1.3025712934278586,0.13953018202530876,0.2998712934278587
L0000.ANS,-5.0,90.0,9.000134400036,2002/01/00,0,16.2,TOTAL,0.99461,0.062224,microSv/hr,ICRP Pub. 103 EFFECTIVE DOSE,-0.08715574274765817,0.9961946980917455,1.0,6.123233995736766e-17,-0.9374831999955,0.6904485425096115,-5.00000_90.00000,0.832100571836822,1.2981410840894747,0.14165202932721044,0.3035310840894747
L0000.ANS,-5.0,100.0,9.000134400036,2002/01/00,0,16.26,TOTAL,0.99208,0.061976,microSv/hr,ICRP Pub. 103 EFFECTIVE DOSE,-0.08715574274765817,0.9961946980917455,0.984807753012208,-0.1736481776669303,-0.9374831999955,0.6891793189985598,-5.00000_100.00000,0.8300412100778609,1.2934132500553936,0.14086189107930114,0.3013332500553937
L0000.ANS,-5.0,110.0,9.000134400036,2002/01/00,0,16.2,TOTAL,0.99487,0.06225,microSv/hr,ICRP Pub. 103 EFFECTIVE DOSE,-0.08715574274765817,0.9961946980917455,0.9396926207859084,-0.3420201433256687,-0.9374831999955,0.6905788853113641,-5.00000_110.00000,0.8279109395426256,1.2885328595053993,0.1373320542312615,0.2936628595053993
L0000.ANS,-5.0,120.0,9.000134400036,2002/01/00,0,16.02,TOTAL,1.0022,0.062997,microSv/hr,ICRP Pub. 103 EFFECTIVE DOSE,-0.08715574274765817,0.9961946980917455,0.8660254037844387,-0.4999999999999998,-0.9374831999955,0.6942465760032462,-5.00000_120.00000,0.8257744874233599,1.2836487378315184,0.13152791142011366,0.28144873783151847
L0000.ANS,-5.0,130.0,9.000134400036,2002/01/00,0,15.79,TOTAL,1.0125,0.063931,microSv/hr,ICRP Pub. 103 EFFECTIVE DOSE,-0.08715574274765817,0.9961946980917455,0.766044443118978,-0.6427876096865394,-0.9374831999955,0.6993777303105814,-5.00000_130.00000,0.8236967687366112,1.2789088839216052,0.12431903842602987,0.2664088839216052
L0000.ANS,-5.0,140.0,9.000134400036,2002/01/00,0,15.58,TOTAL,1.0216,0.064884,microSv/hr,ICRP Pub. 103 EFFECTIVE DOSE,-0.08715574274765817,0.9961946980917455,0.6427876096865395,-0.7660444431189779,-0.9374831999955,0.7038892770918475,-5.00000_140.00000,0.8217409139132994,1.2744560249814019,0.11785163682145194,0.2528560249814018
L0000.ANS,-5.0,150.0,9.000134400036,2002/01/00,0,15.42,TOTAL,1.0288,0.065728,microSv/hr,ICRP Pub. 103 EFFECTIVE DOSE,-0.08715574274765817,0.9961946980917455,0.49999999999999994,-0.8660254037844387,-0.9374831999955,0.7074444852607698,-5.00000_150.00000,0.8199663506125212,1.27042343788901,0.11252186535175146,0.24162343788901008
L0000.ANS,-5.0,160.0,9.000134400036,2002/01/00,0,15.31,TOTAL,1.0335,0.066311,microSv/hr,ICRP Pub. 103 EFFECTIVE DOSE,-0.08715574274765817,0.9961946980917455,0.3420201433256689,-0.9396926207859083,-0.9374831999955,0.7097584463651422,-5.00000_160.00000,0.8184269980421979,1.2669311443592972,0.10866855167705569,0.23343114435929713
L0000.ANS,-5.0,170.0,9.000134400036,2002/01/00,0,15.21,TOTAL,1.0386,0.066423,microSv/hr,ICRP Pub. 103 EFFECTIVE DOSE,-0.08715574274765817,0.9961946980917455,0.17364817766693028,-0.984807753012208,-0.9374831999955,0.7122632977521753,-5.00000_170.00000,0.8171696286512287,1.2640825657600092,0.10490633089905332,0.22548256576000925
L0000.ANS,0.0,-179.99999,9.000134400036,2002/01/00,0,15.28,TOTAL,1.0352,0.066374,microSv/hr,ICRP Pub. 103 EFFECTIVE DOSE,0.0,1.0,-1.745329251238221e-07,-0.9999999999999848,-0.9374831999955,0.7105940941636659,0.00000_-179.99999,0.8112783053072734,1.25078333678221,0.10068421114360748,0.2155833367822102
L0000.ANS,0.0,-170.0,9.000134400036,2002/01/00,0,15.06,TOTAL,1.046,0.066598,microSv/hr,ICRP Pub. 103 EFFECTIVE DOSE,0.0,1.0,-0.17364817766693028,-0.984807753012208,-0.9374831999955,0.7158866675294348,0.00000_-170.00000,0.8106897878981973,1.249459101310491,0.0948031203687626,0.20345910131049094
L0000.ANS,0.0,-160.0,9.000134400036,2002/01/00,0,14.83,TOTAL,1.0578,0.067073,microSv/hr,ICRP Pub. 103 EFFECTIVE DOSE,0.0,1.0,-0.3420201433256689,-0.9396926207859083,-0.9374831999955,0.7216374509595729,0.00000_-160.00000,0.8104678150524682,1.2489598378859335,0.08883036409289535,0.19115983788593338
L0000.ANS,0.0,-150.0,9.000134400036,2002/01/00,0,14.6,TOTAL,1.0697,0.06779,microSv/hr,ICRP Pub. 103 EFFECTIVE DOSE,0.0,1.0,-0.49999999999999994,-0.8660254037844387,-0.9374831999955,0.7274036692380357,0.00000_-150.00000,0.8106191320694176,1.2493001695281762,0.08321546283138193,0.17960016952817615
L0000.ANS,0.0,-140.0,9.000134400036,2002/01/00,0,14.35,TOTAL,1.0821,0.068784,microSv/hr,ICRP Pub. 103 EFFECTIVE DOSE,0.0,1.0,-0.6427876096865395,-0.7660444431189779,-0.9374831999955,0.7333769997790115,0.00000_-140.00000,0.8111391412580553,1.250470130453187,0.07776214147904381,0.16837013045318683
L0000.ANS,0.0,-130.0,9.000134400036,2002/01/00,0,14.09,TOTAL,1.0959,0.07002,microSv/hr,ICRP Pub. 103 EFFECTIVE DOSE,0.0,1.0,-0.766044443118978,-0.6427876096865394,-0.9374831999955,0.7399830553969771,0.00000_-130.00000,0.8120120424023218,1.252435426034789,0.07202898700534477,0.15653542603478887
L0000.ANS,0.0,-120.0,9.000134400036,2002/01/00,0,13.79,TOTAL,1.1123,0.071581,microSv/hr,ICRP Pub. 103 EFFECTIVE DOSE,0.0,1.0,-0.8660254037844387,-0.4999999999999998,-0.9374831999955,0.7477774012110602,0.00000_-120.00000,0.8132113128426575,1.2551383256898734,0.06543391163159729,0.1428383256898733
L0000.ANS,0.0,-110.0,9.000134400036,2002/01/00,0,13.44,TOTAL,1.1314,0.073765,microSv/hr,ICRP Pub. 103 EFFECTIVE DOSE,0.0,1.0,-0.9396926207859084,-0.3420201433256687,-0.9374831999955,0.7567790408047187,0.00000_-110.00000,0.8147005133535936,1.2584991807091093,0.05792147254887492,0.1270991807091093
L0000.ANS,0.0,-100.0,9.000134400036,2002/01/00,0,13.08,TOTAL,1.1538,0.074406,microSv/hr,ICRP Pub. 103 EFFECTIVE DOSE,0.0,1.0,-0.984807753012208,-0.1736481776669303,-0.9374831999955,0.7672337239126434,0.00000_-100.00000,0.8164343953311763,1.2624185486136978,0.049200671418532904,0.10861854861369791
L0000.ANS,0.0,-90.0,9.000134400036,2002/01/00,0,12.75,TOTAL,1.1745,0.075689,microSv/hr,ICRP Pub. 103 EFFECTIVE DOSE,0.0,1.0,-1.0,6.123233995736766e-17,-0.9374831999955,0.7767987530555561,0.00000_-90.00000,0.8183602756489043,1.266779894333852,0.04156152259334822,0.09227989433385186
L0000.ANS,0.0,-80.0,9.000134400036,2002/01/00,0,12.58,TOTAL,1.185,0.076591,microSv/hr,ICRP Pub. 103 EFFECTIVE DOSE,0.0,1.0,-0.984807753012208,0.17364817766693041,-0.9374831999955,0.7816158285475535,0.00000_-80.00000,0.8204196374078649,1.2714528241392156,0.03880380886031143,0.08645282413921551
L0000.ANS,0.0,-70.0,9.000134400036,2002/01/00,0,12.63,TOTAL,1.1814,0.076264,microSv/hr,ICRP Pub. 103 EFFECTIVE DOSE,0.0,1.0,-0.9396926207859083,0.3420201433256688,-0.9374831999955,0.7799668725125055,0.00000_-70.00000,0.8225499079431007,1.2762967908105465,0.04258303543059516,0.09489679081054647
L0000.ANS,0.0,-60.0,9.000134400036,2002/01/00,0,12.84,TOTAL,1.1687,0.075267,microSv/hr,ICRP Pub. 103 EFFECTIVE DOSE,0.0,1.0,-0.8660254037844386,0.5000000000000001,-0.9374831999955,0.7741279096922241,0.00000_-60.00000,0.824686360062366,1.281165188610962,0.05055845037014184,0.112465188610962
L0000.ANS,0.0,-50.0,9.000134400036,2002/01/00,0,13.04,TOTAL,1.1559,0.074506,microSv/hr,ICRP Pub. 103 EFFECTIVE DOSE,0.0,1.0,-0.766044443118978,0.6427876096865394,-0.9374831999955,0.7682082697818243,0.00000_-50.00000,0.8267640787491151,1.2859097353608049,0.058555808967290734,0.13000973536080496
L0000.ANS,0.0,-40.0,9.000134400036,2002/01/00,0,13.15,TOTAL,1.1492,0.074209,microSv/hr,ICRP Pub. 103 EFFECTIVE DOSE,0.0,1.0,-0.6427876096865393,0.766044443118978,-0.9374831999955,0.7650956798725294,0.00000_-40.00000,0.8287199335724265,1.290385018017316,0.0636242536998971,0.14118501801731598
L0000.ANS,0.0,-30.0,9.000134400036,2002/01/00,0,13.18,TOTAL,1.1474,0.074143,microSv/hr,ICRP Pub. 103 EFFECTIVE DOSE,0.0,1.0,-0.49999999999999994,0.8660254037844387,-0.9374831999955,0.7642578080178981,0.00000_-30.00000,0.8304944968732046,1.2944530596460846,0.06623668885530654,0.14705305964608462
L0000.ANS,0.0,-20.0,9.000134400036,2002/01/00,0,13.22,TOTAL,1.1447,0.07405,microSv/hr,ICRP Pub. 103 EFFECTIVE DOSE,0.0,1.0,-0.3420201433256687,0.9396926207859084,-0.9374831999955,0.7629996824587788,0.00000_-20.00000,0.832033849443528,1.297987751731625,0.06903416698474918,0.1532877517316249
L0000.ANS,0.0,-10.0,9.000134400036,2002/01/00,0,13.36,TOTAL,1.1363,0.073838,microSv/hr,ICRP Pub. 103 EFFECTIVE DOSE,0.0,1.0,-0.17364817766693033,0.984807753012208,-0.9374831999955,0.7590753606740518,0.00000_-10.00000,0.8332912188344972,1.3008789884868583,0.0742158581604454,0.16457898848685826
L0000.ANS,0.0,0.0,9.000134400036,2002/01/00,0,13.6,TOTAL,1.1227,0.072757,microSv/hr,ICRP Pub. 103 EFFECTIVE DOSE,0.0,1.0,0.0,1.0,-0.9374831999955,0.7526888632682612,0.00000_0.00000,0.8342284005134273,1.3030363408779695,0.08153953724516605,0.18033634087796946
L0000.ANS,0.0,10.0,9.000134400036,2002/01/00,0,13.91,TOTAL,1.1057,0.070912,microSv/hr,ICRP Pub. 103 EFFECTIVE DOSE,0.0,1.0,0.17364817766693033,0.984807753012208,-0.9374831999955,0.7446479534223484,0.00000_10.00000,0.8348169186892402,1.3043921185348992,0.09016896526689189,0.19869211853489932
L0000.ANS,0.0,20.0,9.000134400036,2002/01/00,0,14.26,TOTAL,1.0867,0.069217,microSv/hr,ICRP Pub. 103 EFFECTIVE DOSE,0.0,1.0,0.3420201433256687,0.9396926207859084,-0.9374831999955,0.735583870757202,0.00000_20.00000,0.8350388915349685,1.3049036877862648,0.09945502077776647,0.21820368778626476
L0000.ANS,0.0,30.0,9.000134400036,2002/01/00,0,14.66,TOTAL,1.0665,0.067574,microSv/hr,ICRP Pub. 103 EFFECTIVE DOSE,0.0,1.0,0.49999999999999994,0.8660254037844387,-0.9374831999955,0.72585635496965,0.00000_30.00000,0.8348875745180191,1.3045549430220476,0.10903121954836914,0.23805494302204755
L0000.ANS,0.0,40.0,9.000134400036,2002/01/00,0,15.12,TOTAL,1.0433,0.066523,microSv/hr,ICRP Pub. 103 EFFECTIVE DOSE,0.0,1.0,0.6427876096865393,0.766044443118978,-0.9374831999955,0.7145661479332452,0.00000_40.00000,0.8343675653293818,1.303356864808794,0.11980141739613659,0.2600568648087942
L0000.ANS,0.0,50.0,9.000134400036,2002/01/00,0,15.62,TOTAL,1.0197,0.064677,microSv/hr,ICRP Pub. 103 EFFECTIVE DOSE,0.0,1.0,0.766044443118978,0.6427876096865394,-0.9374831999955,0.7029489855322056,0.00000_50.00000,0.8334946641851153,1.3013471392393332,0.13054567865290967,0.28164713923933316
L0000.ANS,0.0,60.0,9.000134400036,2002/01/00,0,16.12,TOTAL,0.99781,0.06255,microSv/hr,ICRP Pub. 103 EFFECTIVE DOSE,0.0,1.0,0.8660254037844386,0.5000000000000001,-0.9374831999955,0.6920515806094415,0.00000_60.00000,0.8322953937447797,1.2985888559366996,0.14024381313533818,0.3007788559366996
L0000.ANS,0.0,70.0,9.000134400036,2002/01/00,0,16.55,TOTAL,0.98017,0.060963,microSv/hr,ICRP Pub. 103 EFFECTIVE DOSE,0.0,1.0,0.9396926207859083,0.3420201433256688,-0.9374831999955,0.683182699606665,0.00000_70.00000,0.830806193233844,1.2951683437843742,0.14762349362717897,0.3149983437843742
L0000.ANS,0.0,80.0,9.000134400036,2002/01/00,0,16.87,TOTAL,0.96711,0.060142,microSv/hr,ICRP Pub. 103 EFFECTIVE DOSE,0.0,1.0,0.984807753012208,0.17364817766693041,-0.9374831999955,0.6765654605682666,0.00000_80.00000,0.8290723112562608,1.2911922408003482,0.1525068506879942,0.3240822408003482
L0000.ANS,0.0,90.0,9.000134400036,2002/01/00,0,17.05,TOTAL,0.95997,0.059824,microSv/hr,ICRP Pub. 103 EFFECTIVE DOSE,0.0,1.0,1.0,6.123233995736766e-17,-0.9374831999955,0.672929167002837,0.00000_90.00000,0.8271464309385328,1.2867839250664552,0.1542172639356958,0.32681392506645524
L0000.ANS,0.0,100.0,9.000134400036,2002/01/00,0,17.08,TOTAL,0.95866,0.059777,microSv/hr,ICRP Pub. 103 EFFECTIVE DOSE,0.0,1.0,0.984807753012208,-0.1736481776669303,-0.9374831999955,0.6722605659617585,0.00000_100.00000,0.8250870691795722,1.2820794554651904,0.15282650321781366,0.32341945546519046
L0000.ANS,0.0,110.0,9.000134400036,2002/01/00,0,16.95,TOTAL,0.96384,0.059985,microSv/hr,ICRP Pub. 103 EFFECTIVE DOSE,0.0,1.0,0.9396926207859084,-0.3420201433256687,-0.9374831999955,0.6749017402185952,0.00000_110.00000,0.8229567986443369,1.2772231832654377,0.14805505842574174,0.3133831832654377
L0000.ANS,0.0,120.0,9.000134400036,2002/01/00,0,16.72,TOTAL,0.97354,0.060508,microSv/hr,ICRP Pub. 103 EFFECTIVE DOSE,0.0,1.0,0.8660254037844387,-0.4999999999999998,-0.9374831999955,0.6798288844737591,0.00000_120.00000,0.8208203465250712,1.2723631983805999,0.14099146205131208,0.2988231983805999
L0000.ANS,0.0,130.0,9.000134400036,2002/01/00,0,16.43,TOTAL,0.9852,0.061362,microSv/hr,ICRP Pub. 103 EFFECTIVE DOSE,0.0,1.0,0.766044443118978,-0.6427876096865394,-0.9374831999955,0.6857196647311486,0.00000_130.00000,0.8187426278383221,1.267646768304398,0.13302296310717343,0.28244676830439797
L0000.ANS,0.0,140.0,9.000134400036,2002/01/00,0,16.14,TOTAL,0.99727,0.062494,microSv/hr,ICRP Pub. 103 EFFECTIVE DOSE,0.0,1.0,0.6427876096865395,-0.7660444431189779,-0.9374831999955,0.691781248098809,0.00000_140.00000,0.8167867730150107,1.2632159149005142,0.12500552491620165,0.2659459149005142
L0000.ANS,0.0,150.0,9.000134400036,2002/01/00,0,15.88,TOTAL,1.0082,0.063521,microSv/hr,ICRP Pub. 103 EFFECTIVE DOSE,0.0,1.0,0.49999999999999994,-0.8660254037844387,-0.9374831999955,0.6972387984631989,0.00000_150.00000,0.815012209714232,1.2592032564074573,0.11777341125103313,0.25100325640745735
L0000.ANS,0.0,160.0,9.000134400036,2002/01/00,0,15.66,TOTAL,1.018,0.064491,microSv/hr,ICRP Pub. 103 EFFECTIVE DOSE,0.0,1.0,0.3420201433256689,-0.9396926207859083,-0.9374831999955,0.7021069219314172,0.00000_160.00000,0.8134728571439087,1.2557282214060597,0.1113659352124915,0.23772822140605965
L0000.ANS,0.0,170.0,9.000134400036,2002/01/00,0,15.47,TOTAL,1.0264,0.065443,microSv/hr,ICRP Pub. 103 EFFECTIVE DOSE,0.0,1.0,0.17364817766693028,-0.984807753012208,-0.9374831999955,0.7062608197053284,0.00000_170.00000,0.8122154877529395,1.2528937201671069,0.10595466804761111,0.2264937201671069
L0000.ANS,5.0,-179.99999,9.000134400036,2002/01/00,0,15.19,TOTAL,1.0397,0.066442,microSv/hr,ICRP Pub. 103 EFFECTIVE DOSE,0.08715574274765817,0.9961946980917455,-1.745329251238221e-07,-0.9999999999999848,-0.9374831999955,0.7128027382183866,5.00000_-179.99999,0.8117114086867558,1.2517583697816557,0.09890867046836926,0.2120583697816556
L0000.ANS,5.0,-170.0,9.000134400036,2002/01/00,0,14.93,TOTAL,1.053,0.066851,microSv/hr,ICRP Pub. 103 EFFECTIVE DOSE,0.08715574274765817,0.9961946980917455,-0.17364817766693028,-0.984807753012208,-0.9374831999955,0.7193021380367964,5.00000_-170.00000,0.8111228912776793,1.2504335606548604,0.0918207532408829,0.1974335606548605
L0000.ANS,5.0,-160.0,9.000134400036,2002/01/00,0,14.67,TOTAL,1.0659,0.067538,microSv/hr,ICRP Pub. 103 EFFECTIVE DOSE,0.08715574274765817,0.9961946980917455,-0.3420201433256689,-0.9396926207859083,-0.9374831999955,0.725565966815446,5.00000_-160.00000,0.8109009184319507,1.249934080950795,0.08533495161650462,0.184034080950795
L0000.ANS,5.0,-150.0,9.000134400036,2002/01/00,0,14.41,TOTAL,1.0794,0.068542,microSv/hr,ICRP Pub. 103 EFFECTIVE DOSE,0.08715574274765817,0.9961946980917455,-0.49999999999999994,-0.8660254037844387,-0.9374831999955,0.7320793905617328,5.00000_-150.00000,0.8110522354489,1.2502745600237464,0.07897284488716727,0.17087456002374646
L0000.ANS,5.0,-140.0,9.000134400036,2002/01/00,0,14.13,TOTAL,1.0935,0.069824,microSv/hr,ICRP Pub. 103 EFFECTIVE DOSE,0.08715574274765817,0.9961946980917455,-0.6427876096865395,-0.7660444431189779,-0.9374831999955,0.7388373064770609,5.00000_-140.00000,0.8115722446375377,1.251445027772533,0.07273493816047683,0.15794502777253316
L0000.ANS,5.0,-130.0,9.000134400036,2002/01/00,0,13.82,TOTAL,1.1104,0.071387,microSv/hr,ICRP Pub. 103 EFFECTIVE DOSE,0.08715574274765817,0.9961946980917455,-0.766044443118978,-0.6427876096865394,-0.9374831999955,0.7468775029809132,5.00000_-130.00000,0.8124451457818038,1.2534111747146426,0.06556764280089067,0.14301117471464253
L0000.ANS,5.0,-120.0,9.000134400036,2002/01/00,0,13.48,TOTAL,1.1289,0.07353,microSv/hr,ICRP Pub. 103 EFFECTIVE DOSE,0.08715574274765817,0.9961946980917455,-0.8660254037844387,-0.4999999999999998,-0.9374831999955,0.7556054143995556,5.00000_-120.00000,0.8136444162221395,1.2561152452582416,0.05803900182258381,0.12721524525824157
L0000.ANS,5.0,-110.0,9.000134400036,2002/01/00,0,13.03,TOTAL,1.157,0.074564,microSv/hr,ICRP Pub. 103 EFFECTIVE DOSE,0.08715574274765817,0.9961946980917455,-0.9396926207859084,-0.3420201433256687,-0.9374831999955,0.7687183674070194,5.00000_-110.00000,0.8151336167330756,1.259477556190402,0.04641524932605623,0.10247755619040189
L0000.ANS,5.0,-100.0,9.000134400036,2002/01/00,0,12.52,TOTAL,1.189,0.07688,microSv/hr,ICRP Pub. 103 EFFECTIVE DOSE,0.08715574274765817,0.9961946980917455,-0.984807753012208,-0.1736481776669303,-0.9374831999955,0.7834448185407259,5.00000_-100.00000,0.8168674987106588,1.2633986219541242,0.033422680169932883,0.07439862195412417
L0000.ANS,5.0,-90.0,9.000134400036,2002/01/00,0,12.18,TOTAL,1.2111,0.078846,microSv/hr,ICRP Pub. 103 EFFECTIVE DOSE,0.08715574274765817,0.9961946980917455,-1.0,6.123233995736766e-17,-0.9374831999955,0.7934901292559733,5.00000_-90.00000,0.8187933790283863,1.267761856996954,0.02530324977241305,0.05666185699695392
L0000.ANS,5.0,-80.0,9.000134400036,2002/01/00,0,12.14,TOTAL,1.2136,0.079106,microSv/hr,ICRP Pub. 103 EFFECTIVE DOSE,0.08715574274765817,0.9961946980917455,-0.984807753012208,0.17364817766693041,-0.9374831999955,0.7946201494905791,5.00000_-80.00000,0.8208527407873474,1.2724368111023436,0.02623259129676825,0.05883681110234362
L0000.ANS,5.0,-70.0,9.000134400036,2002/01/00,0,12.38,TOTAL,1.198,0.077606,microSv/hr,ICRP Pub. 103 EFFECTIVE DOSE,0.08715574274765817,0.9961946980917455,-0.9396926207859083,0.3420201433256688,-0.9374831999955,0.7875478559814296,5.00000_-70.00000,0.8229830113225827,1.2772828761663866,0.035435155341153046,0.07928287616638663
L0000.ANS,5.0,-60.0,9.000134400036,2002/01/00,0,12.75,TOTAL,1.1742,0.075666,microSv/hr,ICRP Pub. 103 EFFECTIVE DOSE,0.08715574274765817,0.9961946980917455,-0.8660254037844386,0.5000000000000001,-0.9374831999955,0.7766607807877629,5.00000_-60.00000,0.8251194634418484,1.2821533829430125,0.04845868265408548,0.1079533829430126
L0000.ANS,5.0,-50.0,9.000134400036,2002/01/00,0,13.13,TOTAL,1.1506,0.074268,microSv/hr,ICRP Pub. 103 EFFECTIVE DOSE,0.08715574274765817,0.9961946980917455,-0.766044443118978,0.6427876096865394,-0.9374831999955,0.7657468729742889,5.00000_-50.00000,0.827197182128597,1.2868999850171376,0.06145030915430816,0.13629998501713758
L0000.ANS,5.0,-40.0,9.000134400036,2002/01/00,0,13.41,TOTAL,1.1328,0.073783,microSv/hr,ICRP Pub. 103 EFFECTIVE DOSE,0.08715574274765817,0.9961946980917455,-0.6427876096865393,0.766044443118978,-0.9374831999955,0.7574356704423072,5.00000_-40.00000,0.8291530369519089,1.2913772063534865,0.0717173665096017,0.1585772063534865
L0000.ANS,5.0,-30.0,9.000134400036,2002/01/00,0,13.61,TOTAL,1.1218,0.072654,microSv/hr,ICRP Pub. 103 EFFECTIVE DOSE,0.08715574274765817,0.9961946980917455,-0.49999999999999994,0.8660254037844387,-0.9374831999955,0.7522647850430341,5.00000_-30.00000,0.8309276002526871,1.2954470102464262,0.07866281520965301,0.17364701024642626
L0000.ANS,5.0,-20.0,9.000134400036,2002/01/00,0,13.78,TOTAL,1.1125,0.0716,microSv/hr,ICRP Pub. 103 EFFECTIVE DOSE,0.08715574274765817,0.9961946980917455,-0.3420201433256687,0.9396926207859084,-0.9374831999955,0.7478720802491918,5.00000_-20.00000,0.8324669528230104,1.2989832335506182,0.08459487257381859,0.18648323355061813
L0000.ANS,5.0,-10.0,9.000134400036,2002/01/00,0,14.01,TOTAL,1.1003,0.070403,microSv/hr,ICRP Pub. 103 EFFECTIVE DOSE,0.08715574274765817,0.9961946980917455,-0.17364817766693033,0.984807753012208,-0.9374831999955,0.7420801916691245,5.00000_-10.00000,0.8337243222139796,1.3018757227814675,0.0916441305448551,0.2015757227814674
L0000.ANS,5.0,0.0,9.000134400036,2002/01/00,0,14.29,TOTAL,1.0852,0.069071,microSv/hr,ICRP Pub. 103 EFFECTIVE DOSE,0.08715574274765817,0.9961946980917455,0.0,1.0,-0.9374831999955,0.7348647739118138,5.00000_0.00000,0.8346615038929093,1.3040340097315546,0.09979672998109546,0.21883400973155465
L0000.ANS,5.0,10.0,9.000134400036,2002/01/00,0,14.61,TOTAL,1.0689,0.067738,microSv/hr,ICRP Pub. 103 EFFECTIVE DOSE,0.08715574274765817,0.9961946980917455,0.17364817766693033,0.984807753012208,-0.9374831999955,0.7270170650675605,5.00000_10.00000,0.8352500220687222,1.305390374707545,0.10823295700116176,0.23649037470754508
L0000.ANS,5.0,20.0,9.000134400036,2002/01/00,0,14.95,TOTAL,1.0516,0.066796,microSv/hr,ICRP Pub. 103 EFFECTIVE DOSE,0.08715574274765817,0.9961946980917455,0.3420201433256687,0.9396926207859084,-0.9374831999955,0.7186199765329764,5.00000_20.00000,0.8354719949144509,1.30590216556927,0.11685201838147452,0.2543021655692699
L0000.ANS,5.0,30.0,9.000134400036,2002/01/00,0,15.31,TOTAL,1.0336,0.066331,microSv/hr,ICRP Pub. 103 EFFECTIVE DOSE,0.08715574274765817,0.9961946980917455,0.49999999999999994,0.8660254037844387,-0.9374831999955,0.7098076214530525,5.00000_30.00000,0.8353206778975015,1.3055532697298033,0.125513056444449,0.27195326972980327
L0000.ANS,5.0,40.0,9.000134400036,2002/01/00,0,15.71,TOTAL,1.0157,0.064258,microSv/hr,ICRP Pub. 103 EFFECTIVE DOSE,0.08715574274765817,0.9961946980917455,0.6427876096865393,0.766044443118978,-0.9374831999955,0.700966529612077,5.00000_40.00000,0.8348006687088638,1.3043546725124429,0.13383413909678687,0.2886546725124428
L0000.ANS,5.0,50.0,9.000134400036,2002/01/00,0,16.16,TOTAL,0.9965,0.062415,microSv/hr,ICRP Pub. 103 EFFECTIVE DOSE,0.08715574274765817,0.9961946980917455,0.766044443118978,0.6427876096865394,-0.9374831999955,0.691395647521139,5.00000_50.00000,0.8339277675645977,1.3023440763355292,0.14253212004345872,0.3058440763355291
L0000.ANS,5.0,60.0,9.000134400036,2002/01/00,0,16.63,TOTAL,0.97722,0.060751,microSv/hr,ICRP Pub. 103 EFFECTIVE DOSE,0.08715574274765817,0.9961946980917455,0.8660254037844386,0.5000000000000001,-0.9374831999955,0.681691817714094,5.00000_60.00000,0.8327284971242617,1.2995845981523397,0.15103667941016763,0.32236459815233975
L0000.ANS,5.0,70.0,9.000134400036,2002/01/00,0,17.04,TOTAL,0.9603,0.059837,microSv/hr,ICRP Pub. 103 EFFECTIVE DOSE,0.08715574274765817,0.9961946980917455,0.9396926207859083,0.3420201433256688,-0.9374831999955,0.6730975227542416,5.00000_70.00000,0.831239296613326,1.2961626042437882,0.15814177385908434,0.3358626042437881
L0000.ANS,5.0,80.0,9.000134400036,2002/01/00,0,17.35,TOTAL,0.94731,0.059498,microSv/hr,ICRP Pub. 103 EFFECTIVE DOSE,0.08715574274765817,0.9961946980917455,0.984807753012208,0.17364817766693041,-0.9374831999955,0.666448933027775,5.00000_80.00000,0.8295054146357428,1.2921847788231529,0.16305648160796782,0.34487477882315287
L0000.ANS,5.0,90.0,9.000134400036,2002/01/00,0,17.52,TOTAL,0.94106,0.059036,microSv/hr,ICRP Pub. 103 EFFECTIVE DOSE,0.08715574274765817,0.9961946980917455,1.0,6.123233995736766e-17,-0.9374831999955,0.6632342156101921,5.00000_90.00000,0.8275795343180148,1.2877745534193052,0.16434531870782265,0.34671455341930524
L0000.ANS,5.0,100.0,9.000134400036,2002/01/00,0,17.51,TOTAL,0.94127,0.059062,microSv/hr,ICRP Pub. 103 EFFECTIVE DOSE,0.08715574274765817,0.9961946980917455,0.984807753012208,-0.1736481776669303,-0.9374831999955,0.6633423980677395,5.00000_100.00000,0.8255201725590542,1.2830680458550652,0.16217777449131465,0.3417980458550651
L0000.ANS,5.0,110.0,9.000134400036,2002/01/00,0,17.36,TOTAL,0.94725,0.059497,microSv/hr,ICRP Pub. 103 EFFECTIVE DOSE,0.08715574274765817,0.9961946980917455,0.9396926207859084,-0.3420201433256687,-0.9374831999955,0.6664181208179208,5.00000_110.00000,0.8233899020238189,1.278209669931879,0.15697178120589805,0.330959669931879
L0000.ANS,5.0,120.0,9.000134400036,2002/01/00,0,17.08,TOTAL,0.95851,0.059771,microSv/hr,ICRP Pub. 103 EFFECTIVE DOSE,0.08715574274765817,0.9961946980917455,0.8660254037844387,-0.4999999999999998,-0.9374831999955,0.6721839800591436,5.00000_120.00000,0.8212534499045532,1.2733475797152831,0.14906946984540959,0.31483757971528314
L0000.ANS,5.0,130.0,9.000134400036,2002/01/00,0,16.74,TOTAL,0.97256,0.060447,microSv/hr,ICRP Pub. 103 EFFECTIVE DOSE,0.08715574274765817,0.9961946980917455,0.766044443118978,-0.6427876096865394,-0.9374831999955,0.6793321915262172,5.00000_130.00000,0.8191757312178041,1.2686291064948616,0.13984353969158692,0.2960691064948616
L0000.ANS,5.0,140.0,9.000134400036,2002/01/00,0,16.39,TOTAL,0.9871,0.061523,microSv/hr,ICRP Pub. 103 EFFECTIVE DOSE,0.08715574274765817,0.9961946980917455,0.6427876096865395,-0.7660444431189779,-0.9374831999955,0.6866762894296335,5.00000_140.00000,0.8172198763944927,1.2641963336577682,0.13054358696485913,0.2770963336577682
L0000.ANS,5.0,150.0,9.000134400036,2002/01/00,0,16.04,TOTAL,1.0011,0.062906,microSv/hr,ICRP Pub. 103 EFFECTIVE DOSE,0.08715574274765817,0.9961946980917455,0.49999999999999994,-0.8660254037844387,-0.9374831999955,0.6936970293653808,5.00000_150.00000,0.8154453130937145,1.2601819368923595,0.12174828372833368,0.25908193689235937
L0000.ANS,5.0,160.0,9.000134400036,2002/01/00,0,15.73,TOTAL,1.0148,0.064161,microSv/hr,ICRP Pub. 103 EFFECTIVE DOSE,0.08715574274765817,0.9961946980917455,0.3420201433256689,-0.9396926207859083,-0.9374831999955,0.7005199348893584,5.00000_160.00000,0.8139059605233911,1.2567053965155908,0.11338602563403277,0.24190539651559084
L0000.ANS,5.0,170.0,9.000134400036,2002/01/00,0,15.46,TOTAL,1.0269,0.065495,microSv/hr,ICRP Pub. 103 EFFECTIVE DOSE,0.08715574274765817,0.9961946980917455,0.17364817766693028,-0.984807753012208,-0.9374831999955,0.7065075322617816,5.00000_170.00000,0.8126485911324219,1.2538696673786882,0.10614105887064029,0.2269696673786883
L0000.ANS,10.0,-179.99999,9.000134400036,2002/01/00,0,14.88,TOTAL,1.0553,0.066955,microSv/hr,ICRP Pub. 103 EFFECTIVE DOSE,0.17364817766693033,0.984807753012208,-1.745329251238221e-07,-0.9999999999999848,-0.9374831999955,0.720421822694826,10.00000_-179.99999,0.817528460165776,1.264895135715276,0.09710663747094994,0.2095951357152761
L0000.ANS,10.0,-170.0,9.000134400036,2002/01/00,0,14.58,TOTAL,1.0707,0.067861,microSv/hr,ICRP Pub. 103 EFFECTIVE DOSE,0.17364817766693033,0.984807753012208,-0.17364817766693028,-0.984807753012208,-0.9374831999955,0.727886714363842,10.00000_-170.00000,0.8169399427566995,1.263562597647561,0.08905322839285745,0.19286259764756108
L0000.ANS,10.0,-160.0,9.000134400036,2002/01/00,0,14.29,TOTAL,1.0851,0.069064,microSv/hr,ICRP Pub. 103 EFFECTIVE DOSE,0.17364817766693033,0.984807753012208,-0.3420201433256689,-0.9396926207859083,-0.9374831999955,0.734816815731338,10.00000_-160.00000,0.8167179699109708,1.2630602039772154,0.08190115417963284,0.17796020397721546
L0000.ANS,10.0,-150.0,9.000134400036,2002/01/00,0,14.01,TOTAL,1.1003,0.070406,microSv/hr,ICRP Pub. 103 EFFECTIVE DOSE,0.17364817766693033,0.984807753012208,-0.49999999999999994,-0.8660254037844387,-0.9374831999955,0.7420801916691245,10.00000_-150.00000,0.8168692869279202,1.2634026694062281,0.07478909525879562,0.16310266940622808
L0000.ANS,10.0,-140.0,9.000134400036,2002/01/00,0,13.7,TOTAL,1.1169,0.072092,microSv/hr,ICRP Pub. 103 EFFECTIVE DOSE,0.17364817766693033,0.984807753012208,-0.6427876096865395,-0.7660444431189779,-0.9374831999955,0.7499527543813974,10.00000_-140.00000,0.8173892961165579,1.264579965667814,0.06743654173516045,0.14767996566781405
L0000.ANS,10.0,-130.0,9.000134400036,2002/01/00,0,13.34,TOTAL,1.1377,0.073866,microSv/hr,ICRP Pub. 103 EFFECTIVE DOSE,0.17364817766693033,0.984807753012208,-0.766044443118978,-0.6427876096865394,-0.9374831999955,0.7597304847030979,10.00000_-130.00000,0.8182621972608244,1.2665575831178246,0.05853171255772649,0.1288575831178247
L0000.ANS,10.0,-120.0,9.000134400036,2002/01/00,0,12.86,TOTAL,1.1674,0.075177,microSv/hr,ICRP Pub. 103 EFFECTIVE DOSE,0.17364817766693033,0.984807753012208,-0.8660254037844387,-0.4999999999999998,-0.9374831999955,0.7735282925067578,10.00000_-120.00000,0.81946146770116,1.2692774292181066,0.04593317519440221,0.10187742921810661
L0000.ANS,10.0,-110.0,9.000134400036,2002/01/00,0,12.2,TOTAL,1.2096,0.078687,microSv/hr,ICRP Pub. 103 EFFECTIVE DOSE,0.17364817766693033,0.984807753012208,-0.9396926207859084,-0.3420201433256687,-0.9374831999955,0.7928115036728907,10.00000_-110.00000,0.8209506682120962,1.2726593558836,0.028139164539205508,0.0630593558835999
L0000.ANS,10.0,-100.0,9.000134400036,2002/01/00,0,11.53,TOTAL,1.2567,0.082138,microSv/hr,ICRP Pub. 103 EFFECTIVE DOSE,0.17364817766693033,0.984807753012208,-0.984807753012208,-0.1736481776669303,-0.9374831999955,0.8139035691957275,10.00000_-100.00000,0.8226845501896789,1.2766032971582284,0.008780980993951415,0.019903297158228472
L0000.ANS,10.0,-90.0,9.000134400036,2002/01/00,0,11.04,TOTAL,1.2942,0.084538,microSv/hr,ICRP Pub. 103 EFFECTIVE DOSE,0.17364817766693033,0.984807753012208,-1.0,6.123233995736766e-17,-0.9374831999955,0.8303841988650302,10.00000_-90.00000,0.8246104305074065,1.280991987329033,-0.005773768357623776,-0.013208012670967051
L0000.ANS,10.0,-80.0,9.000134400036,2002/01/00,0,11.13,TOTAL,1.2872,0.084059,microSv/hr,ICRP Pub. 103 EFFECTIVE DOSE,0.17364817766693033,0.984807753012208,-0.984807753012208,0.17364817766693041,-0.9374831999955,0.8273283620259649,10.00000_-80.00000,0.8266697922663675,1.285694215132461,-0.0006585697595974382,-0.0015057848675388286
L0000.ANS,10.0,-70.0,9.000134400036,2002/01/00,0,11.8,TOTAL,1.2364,0.081568,microSv/hr,ICRP Pub. 103 EFFECTIVE DOSE,0.17364817766693033,0.984807753012208,-0.9396926207859083,0.3420201433256688,-0.9374831999955,0.8048674301703531,10.00000_-70.00000,0.8288000628016032,1.290568552156454,0.023932632631250117,0.05416855215645411
L0000.ANS,10.0,-60.0,9.000134400036,2002/01/00,0,12.42,TOTAL,1.1955,0.077392,microSv/hr,ICRP Pub. 103 EFFECTIVE DOSE,0.17364817766693033,0.984807753012208,-0.8660254037844386,0.5000000000000001,-0.9374831999955,0.7864098110196351,10.00000_-60.00000,0.8309365149208685,1.2954674734860618,0.044526703901233367,0.09996747348606183
L0000.ANS,10.0,-50.0,9.000134400036,2002/01/00,0,12.97,TOTAL,1.1603,0.074741,microSv/hr,ICRP Pub. 103 EFFECTIVE DOSE,0.17364817766693033,0.984807753012208,-0.766044443118978,0.6427876096865394,-0.9374831999955,0.7702471009407938,10.00000_-50.00000,0.8330142336076172,1.300241767252717,0.06276713266682332,0.1399417672527168
L0000.ANS,10.0,-40.0,9.000134400036,2002/01/00,0,13.44,TOTAL,1.1314,0.073766,microSv/hr,ICRP Pub. 103 EFFECTIVE DOSE,0.17364817766693033,0.984807753012208,-0.6427876096865393,0.766044443118978,-0.9374831999955,0.7567790408047187,10.00000_-40.00000,0.834970088430929,1.3047451087134618,0.07819104762621032,0.17334510871346187
L0000.ANS,10.0,-30.0,9.000134400036,2002/01/00,0,13.77,TOTAL,1.113,0.071657,microSv/hr,ICRP Pub. 103 EFFECTIVE DOSE,0.17364817766693033,0.984807753012208,-0.49999999999999994,0.8660254037844387,-0.9374831999955,0.7481087386339197,10.00000_-30.00000,0.8367446517317072,1.308838655856057,0.08863591309778751,0.19583865585605698
L0000.ANS,10.0,-20.0,9.000134400036,2002/01/00,0,14.06,TOTAL,1.0972,0.070136,microSv/hr,ICRP Pub. 103 EFFECTIVE DOSE,0.17364817766693033,0.984807753012208,-0.3420201433256687,0.9396926207859084,-0.9374831999955,0.7406031217162407,10.00000_-20.00000,0.8382840043020305,1.3123955094989477,0.09768088258578989,0.21519550949894772
L0000.ANS,10.0,-10.0,9.000134400036,2002/01/00,0,14.35,TOTAL,1.0825,0.068817,microSv/hr,ICRP Pub. 103 EFFECTIVE DOSE,0.17364817766693033,0.984807753012208,-0.17364817766693033,0.984807753012208,-0.9374831999955,0.7335690950588607,10.00000_-10.00000,0.8395413736929997,1.3153048735217379,0.10597227863413905,0.23280487352173784
L0000.ANS,10.0,0.0,9.000134400036,2002/01/00,0,14.66,TOTAL,1.0667,0.067588,microSv/hr,ICRP Pub. 103 EFFECTIVE DOSE,0.17364817766693033,0.984807753012208,0.0,1.0,-0.9374831999955,0.7259531322851228,10.00000_0.00000,0.8404785553719294,1.3174757519251803,0.11452542308680658,0.2507757519251803
L0000.ANS,10.0,10.0,9.000134400036,2002/01/00,0,14.97,TOTAL,1.0509,0.066768,microSv/hr,ICRP Pub. 103 EFFECTIVE DOSE,0.17364817766693033,0.984807753012208,0.17364817766693033,0.984807753012208,-0.9374831999955,0.71827872119755,10.00000_10.00000,0.8410670735477428,1.3188400299390222,0.12278835235019281,0.2679400299390222
L0000.ANS,10.0,20.0,9.000134400036,2002/01/00,0,15.27,TOTAL,1.0352,0.066374,microSv/hr,ICRP Pub. 103 EFFECTIVE DOSE,0.17364817766693033,0.984807753012208,0.3420201433256687,0.9396926207859084,-0.9374831999955,0.7105940941636659,10.00000_20.00000,0.841289046393471,1.3193548065903618,0.1306949522298051,0.28415480659036185
L0000.ANS,10.0,30.0,9.000134400036,2002/01/00,0,15.58,TOTAL,1.0214,0.064863,microSv/hr,ICRP Pub. 103 EFFECTIVE DOSE,0.17364817766693033,0.984807753012208,0.49999999999999994,0.8660254037844387,-0.9374831999955,0.7037903406584252,10.00000_30.00000,0.8411377293765216,1.3190038752913895,0.13734738871809649,0.29760387529138943
L0000.ANS,10.0,40.0,9.000134400036,2002/01/00,0,15.93,TOTAL,1.0063,0.063352,microSv/hr,ICRP Pub. 103 EFFECTIVE DOSE,0.17364817766693033,0.984807753012208,0.6427876096865393,0.766044443118978,-0.9374831999955,0.6962922297040182,10.00000_40.00000,0.8406177201878844,1.3177982854538162,0.14432549048386623,0.3114982854538162
L0000.ANS,10.0,50.0,9.000134400036,2002/01/00,0,16.32,TOTAL,0.98979,0.061762,microSv/hr,ICRP Pub. 103 EFFECTIVE DOSE,0.17364817766693033,0.984807753012208,0.766044443118978,0.6427876096865394,-0.9374831999955,0.688029105529777,10.00000_50.00000,0.8397448190436179,1.3157759594520155,0.15171571351384083,0.3259859594520156
L0000.ANS,10.0,60.0,9.000134400036,2002/01/00,0,16.75,TOTAL,0.97221,0.060426,microSv/hr,ICRP Pub. 103 EFFECTIVE DOSE,0.17364817766693033,0.984807753012208,0.8660254037844386,0.5000000000000001,-0.9374831999955,0.6791547413829042,10.00000_60.00000,0.8385455486032822,1.3130003824637875,0.15939080722037802,0.34079038246378746
L0000.ANS,10.0,70.0,9.000134400036,2002/01/00,0,17.14,TOTAL,0.9562,0.059695,microSv/hr,ICRP Pub. 103 EFFECTIVE DOSE,0.17364817766693033,0.984807753012208,0.9396926207859083,0.3420201433256688,-0.9374831999955,0.6710038158742555,10.00000_70.00000,0.8370563480923461,1.3095584246312162,0.16605253221809058,0.35335842463121614
L0000.ANS,10.0,80.0,9.000134400036,2002/01/00,0,17.44,TOTAL,0.94376,0.059368,microSv/hr,ICRP Pub. 103 EFFECTIVE DOSE,0.17364817766693033,0.984807753012208,0.984807753012208,0.17364817766693041,-0.9374831999955,0.6646242416267071,10.00000_80.00000,0.8353224661147634,1.3055573925636446,0.17069822448805627,0.3617973925636445
L0000.ANS,10.0,90.0,9.000134400036,2002/01/00,0,17.6,TOTAL,0.93815,0.058692,microSv/hr,ICRP Pub. 103 EFFECTIVE DOSE,0.17364817766693033,0.984807753012208,1.0,6.123233995736766e-17,-0.9374831999955,0.6617339098542019,10.00000_90.00000,0.8333965857970353,1.3011214378898974,0.17166267594283346,0.3629714378898974
L0000.ANS,10.0,100.0,9.000134400036,2002/01/00,0,17.59,TOTAL,0.93872,0.058758,microSv/hr,ICRP Pub. 103 EFFECTIVE DOSE,0.17364817766693033,0.984807753012208,0.984807753012208,-0.1736481776669303,-0.9374831999955,0.6620279615010753,10.00000_100.00000,0.8313372240380748,1.2963874725446334,0.1693092625369994,0.3576674725446334
L0000.ANS,10.0,110.0,9.000134400036,2002/01/00,0,17.41,TOTAL,0.94496,0.05947,microSv/hr,ICRP Pub. 103 EFFECTIVE DOSE,0.17364817766693033,0.984807753012208,0.9396926207859084,-0.3420201433256687,-0.9374831999955,0.6652414113062365,10.00000_110.00000,0.829206953502839,1.2915007528399032,0.16396554219660253,0.34654075283990315
L0000.ANS,10.0,120.0,9.000134400036,2002/01/00,0,17.13,TOTAL,0.95662,0.059708,microSv/hr,ICRP Pub. 103 EFFECTIVE DOSE,0.17364817766693033,0.984807753012208,0.8660254037844387,-0.4999999999999998,-0.9374831999955,0.6712184948022987,10.00000_120.00000,0.8270705013835737,1.2866102971725653,0.15585200658127507,0.32999029717256523
L0000.ANS,10.0,130.0,9.000134400036,2002/01/00,0,16.76,TOTAL,0.9719,0.060407,microSv/hr,ICRP Pub. 103 EFFECTIVE DOSE,0.17364817766693033,0.984807753012208,0.766044443118978,-0.6427876096865394,-0.9374831999955,0.6789975449555031,10.00000_130.00000,0.8249927826968246,1.281864296363441,0.1459952377413215,0.309964296363441
L0000.ANS,10.0,140.0,9.000134400036,2002/01/00,0,16.35,TOTAL,0.98841,0.061638,microSv/hr,ICRP Pub. 103 EFFECTIVE DOSE,0.17364817766693033,0.984807753012208,0.6427876096865395,-0.7660444431189779,-0.9374831999955,0.6873353243949155,10.00000_140.00000,0.8230369278735132,1.2774056627146464,0.13570160347859772,0.2889956627146464
L0000.ANS,10.0,150.0,9.000134400036,2002/01/00,0,15.95,TOTAL,1.0054,0.063275,microSv/hr,ICRP Pub. 103 EFFECTIVE DOSE,0.17364817766693033,0.984807753012208,0.49999999999999994,-0.8660254037844387,-0.9374831999955,0.695843542107688,10.00000_150.00000,0.8212623645727346,1.2733678459449504,0.12541882246504665,0.2679678459449504
L0000.ANS,10.0,160.0,9.000134400036,2002/01/00,0,15.56,TOTAL,1.0223,0.064964,microSv/hr,ICRP Pub. 103 EFFECTIVE DOSE,0.17364817766693033,0.984807753012208,0.3420201433256689,-0.9396926207859083,-0.9374831999955,0.7042354775453659,10.00000_160.00000,0.8197230120024113,1.2698710234198833,0.1154875344570454,0.24757102341988335
L0000.ANS,10.0,170.0,9.000134400036,2002/01/00,0,15.21,TOTAL,1.0384,0.06642,microSv/hr,ICRP Pub. 103 EFFECTIVE DOSE,0.17364817766693033,0.984807753012208,0.17364817766693028,-0.984807753012208,-0.9374831999955,0.7121651863957071,10.00000_170.00000,0.8184656426114421,1.2670187506296196,0.10630045621573492,0.22861875062961956
L0000.ANS,15.0,-179.99999,9.000134400036,2002/01/00,0,14.38,TOTAL,1.0807,0.068656,microSv/hr,ICRP Pub. 103 EFFECTIVE DOSE,0.25881904510252074,0.9659258262890683,-1.745329251238221e-07,-0.9999999999999848,-0.9374831999955,0.7327043755583991,15.00000_-179.99999,0.8286851884701476,1.2903054397380926,0.09598081291174854,0.20960543973809265
L0000.ANS,15.0,-170.0,9.000134400036,2002/01/00,0,14.04,TOTAL,1.0986,0.070251,microSv/hr,ICRP Pub. 103 EFFECTIVE DOSE,0.25881904510252074,0.9659258262890683,-0.17364817766693028,-0.984807753012208,-0.9374831999955,0.7412704557416736,15.00000_-170.00000,0.8280966710610711,1.2889579516636915,0.08682621531939749,0.19035795166369152
L0000.ANS,15.0,-160.0,9.000134400036,2002/01/00,0,13.73,TOTAL,1.1156,0.071945,microSv/hr,ICRP Pub. 103 EFFECTIVE DOSE,0.25881904510252074,0.9659258262890683,-0.3420201433256689,-0.9396926207859083,-0.9374831999955,0.7493384602096878,15.00000_-160.00000,0.8278746982153424,1.2884499215399396,0.07853623800565468,0.17284992153993972
L0000.ANS,15.0,-150.0,9.000134400036,2002/01/00,0,13.4,TOTAL,1.1337,0.073795,microSv/hr,ICRP Pub. 103 EFFECTIVE DOSE,0.25881904510252074,0.9659258262890683,-0.49999999999999994,-0.8660254037844387,-0.9374831999955,0.7578575619287009,15.00000_-150.00000,0.8280260152322918,1.288796229155962,0.0701684533035909,0.1550962291559621
L0000.ANS,15.0,-140.0,9.000134400036,2002/01/00,0,13.04,TOTAL,1.1559,0.074507,microSv/hr,ICRP Pub. 103 EFFECTIVE DOSE,0.25881904510252074,0.9659258262890683,-0.6427876096865395,-0.7660444431189779,-0.9374831999955,0.7682082697818243,15.00000_-140.00000,0.8285460244209295,1.2899867337358757,0.06033775463910518,0.13408673373587576
L0000.ANS,15.0,-130.0,9.000134400036,2002/01/00,0,12.59,TOTAL,1.1839,0.07649,microSv/hr,ICRP Pub. 103 EFFECTIVE DOSE,0.25881904510252074,0.9659258262890683,-0.766044443118978,-0.6427876096865394,-0.9374831999955,0.7811122692885893,15.00000_-130.00000,0.8294189255651956,1.2919865384650457,0.04830665627660624,0.10808653846504579
L0000.ANS,15.0,-120.0,9.000134400036,2002/01/00,0,11.93,TOTAL,1.2275,0.080702,microSv/hr,ICRP Pub. 103 EFFECTIVE DOSE,0.25881904510252074,0.9659258262890683,-0.8660254037844387,-0.4999999999999998,-0.9374831999955,0.8008798803628273,15.00000_-120.00000,0.8306181960055312,1.2947368990537091,0.029738315642703905,0.06723689905370911
L0000.ANS,15.0,-110.0,9.000134400036,2002/01/00,0,10.96,TOTAL,1.3001,0.084992,microSv/hr,ICRP Pub. 103 EFFECTIVE DOSE,0.25881904510252074,0.9659258262890683,-0.9396926207859084,-0.3420201433256687,-0.9374831999955,0.8329526002508214,15.00000_-110.00000,0.8321073965164674,1.298156768219673,-0.0008452037343540386,-0.0019432317803269594
L0000.ANS,15.0,-100.0,9.000134400036,2002/01/00,0,9.88,TOTAL,1.4025,0.092271,microSv/hr,ICRP Pub. 103 EFFECTIVE DOSE,0.25881904510252074,0.9659258262890683,-0.984807753012208,-0.1736481776669303,-0.9374831999955,0.8765098618623105,15.00000_-100.00000,0.8338412784940505,1.3021449573472192,-0.04266858336825996,-0.10035504265278083
L0000.ANS,15.0,-90.0,9.000134400036,2002/01/00,0,8.99,TOTAL,1.5078,0.09964,microSv/hr,ICRP Pub. 103 EFFECTIVE DOSE,0.25881904510252074,0.9659258262890683,-1.0,6.123233995736766e-17,-0.9374831999955,0.9194058747743004,15.00000_-90.00000,0.8357671588117781,1.3065828850962866,-0.08363871596252226,-0.2012171149037134
L0000.ANS,15.0,-80.0,9.000134400036,2002/01/00,0,9.15,TOTAL,1.4879,0.098634,microSv/hr,ICRP Pub. 103 EFFECTIVE DOSE,0.25881904510252074,0.9659258262890683,-0.984807753012208,0.17364817766693041,-0.9374831999955,0.9114389811431307,15.00000_-80.00000,0.8378265205707391,1.3113378681183496,-0.07361246057239157,-0.17656213188165037
L0000.ANS,15.0,-70.0,9.000134400036,2002/01/00,0,10.43,TOTAL,1.342,0.089417,microSv/hr,ICRP Pub. 103 EFFECTIVE DOSE,0.25881904510252074,0.9659258262890683,-0.9396926207859083,0.3420201433256688,-0.9374831999955,0.8510052651755257,15.00000_-70.00000,0.8399567911059744,1.316266891288175,-0.011048474069551228,-0.025733108711825103
L0000.ANS,15.0,-60.0,9.000134400036,2002/01/00,0,11.74,TOTAL,1.2407,0.08164,microSv/hr,ICRP Pub. 103 EFFECTIVE DOSE,0.25881904510252074,0.9659258262890683,-0.8660254037844386,0.5000000000000001,-0.9374831999955,0.8067883170489936,15.00000_-60.00000,0.8420932432252402,1.3212207745797777,0.03530492617624659,0.0805207745797778
L0000.ANS,15.0,-50.0,9.000134400036,2002/01/00,0,12.55,TOTAL,1.1869,0.07673,microSv/hr,ICRP Pub. 103 EFFECTIVE DOSE,0.25881904510252074,0.9659258262890683,-0.766044443118978,0.6427876096865394,-0.9374831999955,0.7824850159121404,15.00000_-50.00000,0.8441709619119888,1.3260486320872842,0.061685945999848446,0.13914863208728412
L0000.ANS,15.0,-40.0,9.000134400036,2002/01/00,0,13.16,TOTAL,1.1486,0.074188,microSv/hr,ICRP Pub. 103 EFFECTIVE DOSE,0.25881904510252074,0.9659258262890683,-0.6427876096865393,0.766044443118978,-0.9374831999955,0.764816467250305,15.00000_-40.00000,0.8461268167353007,1.3306024974216653,0.0813103494849956,0.1820024974216652
L0000.ANS,15.0,-30.0,9.000134400036,2002/01/00,0,13.64,TOTAL,1.1205,0.072497,microSv/hr,ICRP Pub. 103 EFFECTIVE DOSE,0.25881904510252074,0.9659258262890683,-0.49999999999999994,0.8660254037844387,-0.9374831999955,0.7516519099325084,15.00000_-30.00000,0.8479013800360788,1.3347419708748363,0.09624947010357043,0.2142419708748362
L0000.ANS,15.0,-20.0,9.000134400036,2002/01/00,0,14.01,TOTAL,1.1001,0.070382,microSv/hr,ICRP Pub. 103 EFFECTIVE DOSE,0.25881904510252074,0.9659258262890683,-0.3420201433256687,0.9396926207859084,-0.9374831999955,0.7419849626432455,15.00000_-20.00000,0.8494407326064022,1.3383387295583646,0.10745576996315664,0.23823872955836456
L0000.ANS,15.0,-10.0,9.000134400036,2002/01/00,0,14.33,TOTAL,1.0832,0.068881,microSv/hr,ICRP Pub. 103 EFFECTIVE DOSE,0.25881904510252074,0.9659258262890683,-0.17364817766693033,0.984807753012208,-0.9374831999955,0.733905173032113,15.00000_-10.00000,0.8506981019973714,1.341280734308386,0.11679292896525839,0.25808073430838596
L0000.ANS,15.0,0.0,9.000134400036,2002/01/00,0,14.64,TOTAL,1.0675,0.067641,microSv/hr,ICRP Pub. 103 EFFECTIVE DOSE,0.25881904510252074,0.9659258262890683,0.0,1.0,-0.9374831999955,0.7263401479157092,15.00000_0.00000,0.851635283676301,1.3434759682236392,0.1252951357605918,0.27597596822363935
L0000.ANS,15.0,10.0,9.000134400036,2002/01/00,0,14.93,TOTAL,1.0529,0.066846,microSv/hr,ICRP Pub. 103 EFFECTIVE DOSE,0.25881904510252074,0.9659258262890683,0.17364817766693033,0.984807753012208,-0.9374831999955,0.7192534276444247,15.00000_10.00000,0.852223801852114,1.3448555523408652,0.1329703742076893,0.29195555234086523
L0000.ANS,15.0,20.0,9.000134400036,2002/01/00,0,15.19,TOTAL,1.0393,0.066436,microSv/hr,ICRP Pub. 103 EFFECTIVE DOSE,0.25881904510252074,0.9659258262890683,0.3420201433256687,0.9396926207859084,-0.9374831999955,0.7126066117161644,15.00000_20.00000,0.8524457746978427,1.3453761043727115,0.1398391629816783,0.3060761043727116
L0000.ANS,15.0,30.0,9.000134400036,2002/01/00,0,15.45,TOTAL,1.0272,0.065535,microSv/hr,ICRP Pub. 103 EFFECTIVE DOSE,0.25881904510252074,0.9659258262890683,0.49999999999999994,0.8660254037844387,-0.9374831999955,0.7066555305847375,15.00000_30.00000,0.8522944576808933,1.3450212359064695,0.14563892709615578,0.3178212359064696
L0000.ANS,15.0,40.0,9.000134400036,2002/01/00,0,15.73,TOTAL,1.0149,0.064168,microSv/hr,ICRP Pub. 103 EFFECTIVE DOSE,0.25881904510252074,0.9659258262890683,0.6427876096865393,0.766044443118978,-0.9374831999955,0.7005695663755834,15.00000_40.00000,0.8517744484922556,1.3438021203193729,0.15120488211667216,0.32890212031937294
L0000.ANS,15.0,50.0,9.000134400036,2002/01/00,0,16.08,TOTAL,0.99956,0.062735,microSv/hr,ICRP Pub. 103 EFFECTIVE DOSE,0.25881904510252074,0.9659258262890683,0.766044443118978,0.6427876096865394,-0.9374831999955,0.6929271563563953,15.00000_50.00000,0.8509015473479895,1.341757105444376,0.15797439099159416,0.342197105444376
L0000.ANS,15.0,60.0,9.000134400036,2002/01/00,0,16.47,TOTAL,0.98355,0.061226,microSv/hr,ICRP Pub. 103 EFFECTIVE DOSE,0.25881904510252074,0.9659258262890683,0.8660254037844386,0.5000000000000001,-0.9374831999955,0.6848881686202495,15.00000_60.00000,0.8497022769076534,1.338950388711972,0.16481410828740395,0.355400388711972
L0000.ANS,15.0,70.0,9.000134400036,2002/01/00,0,16.85,TOTAL,0.96812,0.060194,microSv/hr,ICRP Pub. 103 EFFECTIVE DOSE,0.25881904510252074,0.9659258262890683,0.9396926207859083,0.3420201433256688,-0.9374831999955,0.6770787723808809,15.00000_70.00000,0.8482130763967177,1.3354698148774595,0.17113430401583685,0.36734981487745955
L0000.ANS,15.0,80.0,9.000134400036,2002/01/00,0,17.14,TOTAL,0.95629,0.059698,microSv/hr,ICRP Pub. 103 EFFECTIVE DOSE,0.25881904510252074,0.9659258262890683,0.984807753012208,0.17364817766693041,-0.9374831999955,0.6710498223816285,15.00000_80.00000,0.8464791944191346,1.3314238944441348,0.17542937203750608,0.3751338944441348
L0000.ANS,15.0,90.0,9.000134400036,2002/01/00,0,17.29,TOTAL,0.94979,0.059538,microSv/hr,ICRP Pub. 103 EFFECTIVE DOSE,0.25881904510252074,0.9659258262890683,1.0,6.123233995736766e-17,-0.9374831999955,0.6677216744687302,15.00000_90.00000,0.844553314101407,1.3269381719223705,0.17683163963267678,0.3771481719223705
L0000.ANS,15.0,100.0,9.000134400036,2002/01/00,0,17.28,TOTAL,0.95038,0.059549,microSv/hr,ICRP Pub. 103 EFFECTIVE DOSE,0.25881904510252074,0.9659258262890683,0.984807753012208,-0.1736481776669303,-0.9374831999955,0.6680242253854854,15.00000_100.00000,0.842493952342446,1.322151095288746,0.1744697269569605,0.3717710952887461
L0000.ANS,15.0,110.0,9.000134400036,2002/01/00,0,17.12,TOTAL,0.95703,0.059722,microSv/hr,ICRP Pub. 103 EFFECTIVE DOSE,0.25881904510252074,0.9659258262890683,0.9396926207859084,-0.3420201433256687,-0.9374831999955,0.6714280178825435,15.00000_110.00000,0.8403636818072107,1.3172095505144528,0.1689356639246672,0.3601795505144527
L0000.ANS,15.0,120.0,9.000134400036,2002/01/00,0,16.85,TOTAL,0.96821,0.060199,microSv/hr,ICRP Pub. 103 EFFECTIVE DOSE,0.25881904510252074,0.9659258262890683,0.8660254037844387,-0.4999999999999998,-0.9374831999955,0.677124500254314,15.00000_120.00000,0.8382272296879449,1.31226422786305,0.1611027294336309,0.34405422786305007
L0000.ANS,15.0,130.0,9.000134400036,2002/01/00,0,16.48,TOTAL,0.98307,0.061188,microSv/hr,ICRP Pub. 103 EFFECTIVE DOSE,0.25881904510252074,0.9659258262890683,0.766044443118978,-0.6427876096865394,-0.9374831999955,0.6846461489650555,15.00000_130.00000,0.8361495110011958,1.3074649807373302,0.15150336203614034,0.3243949807373302
L0000.ANS,15.0,140.0,9.000134400036,2002/01/00,0,16.06,TOTAL,1.0006,0.062852,microSv/hr,ICRP Pub. 103 EFFECTIVE DOSE,0.25881904510252074,0.9659258262890683,0.6427876096865395,-0.7660444431189779,-0.9374831999955,0.6934471355689432,15.00000_140.00000,0.8341936561778844,1.3029563248006355,0.14074652060894122,0.30235632480063557
L0000.ANS,15.0,150.0,9.000134400036,2002/01/00,0,15.61,TOTAL,1.0201,0.064719,microSv/hr,ICRP Pub. 103 EFFECTIVE DOSE,0.25881904510252074,0.9659258262890683,0.49999999999999994,-0.8660254037844387,-0.9374831999955,0.7031470151382788,15.00000_150.00000,0.8324190928771062,1.29887320697038,0.12927207773882743,0.2787732069703799
L0000.ANS,15.0,160.0,9.000134400036,2002/01/00,0,15.17,TOTAL,1.0404,0.066456,microSv/hr,ICRP Pub. 103 EFFECTIVE DOSE,0.25881904510252074,0.9659258262890683,0.3420201433256689,-0.9396926207859083,-0.9374831999955,0.7131458670666344,15.00000_160.00000,0.8308797403067829,1.295337152905594,0.1177338732401485,0.25493715290559393
L0000.ANS,15.0,170.0,9.000134400036,2002/01/00,0,14.76,TOTAL,1.0612,0.067256,microSv/hr,ICRP Pub. 103 EFFECTIVE DOSE,0.25881904510252074,0.9659258262890683,0.17364817766693028,-0.984807753012208,-0.9374831999955,0.7232883374719321,15.00000_170.00000,0.8296223709158137,1.2924528799058663,0.10633403344388159,0.2312528799058664
L0000.ANS,20.0,-179.99999,9.000134400036,2002/01/00,0,13.72,TOTAL,1.1162,0.072004,microSv/hr,ICRP Pub. 103 EFFECTIVE DOSE,0.3420201433256687,0.9396926207859084,-1.745329251238221e-07,-0.9999999999999848,-0.9374831999955,0.7496220274879243,20.00000_-179.99999,0.8450966841608571,1.328202904032848,0.09547465667293287,0.21200290403284794
L0000.ANS,20.0,-170.0,9.000134400036,2002/01/00,0,13.33,TOTAL,1.138,0.073871,microSv/hr,ICRP Pub. 103 EFFECTIVE DOSE,0.3420201433256687,0.9396926207859084,-0.17364817766693028,-0.984807753012208,-0.9374831999955,0.7598708126028535,20.00000_-170.00000,0.8445081667517806,1.3268331192026077,0.08463735414892715,0.1888331192026078
L0000.ANS,20.0,-160.0,9.000134400036,2002/01/00,0,12.98,TOTAL,1.1601,0.07473,microSv/hr,ICRP Pub. 103 EFFECTIVE DOSE,0.3420201433256687,0.9396926207859084,-0.3420201433256689,-0.9396926207859083,-0.9374831999955,0.7701545169207294,20.00000_-160.00000,0.844286193906052,1.3263166827531572,0.07413167698532253,0.16621668275315726
L0000.ANS,20.0,-150.0,9.000134400036,2002/01/00,0,12.6,TOTAL,1.1835,0.076454,microSv/hr,ICRP Pub. 103 EFFECTIVE DOSE,0.3420201433256687,0.9396926207859084,-0.49999999999999994,-0.8660254037844387,-0.9374831999955,0.7809290939434785,20.00000_-150.00000,0.8444375109230013,1.3266687206880643,0.06350841697952281,0.1431687206880643
L0000.ANS,20.0,-140.0,9.000134400036,2002/01/00,0,12.15,TOTAL,1.2129,0.079026,microSv/hr,ICRP Pub. 103 EFFECTIVE DOSE,0.3420201433256687,0.9396926207859084,-0.6427876096865395,-0.7660444431189779,-0.9374831999955,0.7943038725196834,20.00000_-140.00000,0.844957520111639,1.327878924433001,0.050653647591955675,0.11497892443300084
L0000.ANS,20.0,-130.0,9.000134400036,2002/01/00,0,11.61,TOTAL,1.2507,0.081907,microSv/hr,ICRP Pub. 103 EFFECTIVE DOSE,0.3420201433256687,0.9396926207859084,-0.766044443118978,-0.6427876096865394,-0.9374831999955,0.8112412789424133,20.00000_-130.00000,0.8458304212559051,1.3299118197390893,0.03458914231349186,0.07921181973908942
L0000.ANS,20.0,-120.0,9.000134400036,2002/01/00,0,10.8,TOTAL,1.3129,0.086122,microSv/hr,ICRP Pub. 103 EFFECTIVE DOSE,0.3420201433256687,0.9396926207859084,-0.8660254037844387,-0.4999999999999998,-0.9374831999955,0.8385021484193164,20.00000_-120.00000,0.8470296916962408,1.332707690280442,0.008527543276924399,0.019807690280442047
L0000.ANS,20.0,-110.0,9.000134400036,2002/01/00,0,9.42,TOTAL,1.4549,0.097482,microSv/hr,ICRP Pub. 103 EFFECTIVE DOSE,0.3420201433256687,0.9396926207859084,-0.9396926207859084,-0.3420201433256687,-0.9374831999955,0.8980860272193087,20.00000_-110.00000,0.8485188922071769,1.3361841476932665,-0.049567135012131835,-0.11871585230673354
L0000.ANS,20.0,-100.0,9.000134400036,2002/01/00,0,7.92,TOTAL,1.633,0.10803,microSv/hr,ICRP Pub. 103 EFFECTIVE DOSE,0.3420201433256687,0.9396926207859084,-0.984807753012208,-0.1736481776669303,-0.9374831999955,0.9681238805141723,20.00000_-100.00000,0.8502527741847601,1.3402383290035318,-0.11787110632941222,-0.2927616709964682
L0000.ANS,20.0,-90.0,9.000134400036,2002/01/00,0,7.32,TOTAL,1.7062,0.11368,microSv/hr,ICRP Pub. 103 EFFECTIVE DOSE,0.3420201433256687,0.9396926207859084,-1.0,6.123233995736766e-17,-0.9374831999955,0.9955454368474068,20.00000_-90.00000,0.8521786545024876,1.3447496907171241,-0.14336678234491917,-0.3614503092828758
L0000.ANS,20.0,-80.0,9.000134400036,2002/01/00,0,6.91,TOTAL,1.7601,0.11634,microSv/hr,ICRP Pub. 103 EFFECTIVE DOSE,0.3420201433256687,0.9396926207859084,-0.984807753012208,0.17364817766693041,-0.9374831999955,1.0152669109567578,20.00000_-80.00000,0.8542380162614487,1.3495833539868842,-0.16102889469530912,-0.41051664601311577
L0000.ANS,20.0,-70.0,9.000134400036,2002/01/00,0,8.05,TOTAL,1.618,0.10714,microSv/hr,ICRP Pub. 103 EFFECTIVE DOSE,0.3420201433256687,0.9396926207859084,-0.9396926207859083,0.3420201433256688,-0.9374831999955,0.9624106674877082,20.00000_-70.00000,0.856368286796684,1.354593937230028,-0.10604238069102423,-0.26340606276997214
L0000.ANS,20.0,-60.0,9.000134400036,2002/01/00,0,10.14,TOTAL,1.3739,0.090537,microSv/hr,ICRP Pub. 103 EFFECTIVE DOSE,0.3420201433256687,0.9396926207859084,-0.8660254037844386,0.5000000000000001,-0.9374831999955,0.8645341723011203,20.00000_-60.00000,0.8585047389159497,1.3596297919529983,-0.006029433385170591,-0.014270208047001631
L0000.ANS,20.0,-50.0,9.000134400036,2002/01/00,0,11.77,TOTAL,1.2385,0.081599,microSv/hr,ICRP Pub. 103 EFFECTIVE DOSE,0.3420201433256687,0.9396926207859084,-0.766044443118978,0.6427876096865394,-0.9374831999955,0.8058059986988831,20.00000_-50.00000,0.8605824576026984,1.364537535555318,0.05477645890381522,0.12603753555531805
L0000.ANS,20.0,-40.0,9.000134400036,2002/01/00,0,12.56,TOTAL,1.1859,0.076655,microSv/hr,ICRP Pub. 103 EFFECTIVE DOSE,0.3420201433256687,0.9396926207859084,-0.6427876096865393,0.766044443118978,-0.9374831999955,0.7820276430538196,20.00000_-40.00000,0.8625383124260102,1.3691667532623208,0.08051066937219065,0.1832667532623209
L0000.ANS,20.0,-30.0,9.000134400036,2002/01/00,0,13.14,TOTAL,1.1496,0.074226,microSv/hr,ICRP Pub. 103 EFFECTIVE DOSE,0.3420201433256687,0.9396926207859084,-0.49999999999999994,0.8660254037844387,-0.9374831999955,0.7652817783191443,20.00000_-30.00000,0.8643128757267884,1.3733747221854276,0.09903109740764404,0.2237747221854276
L0000.ANS,20.0,-20.0,9.000134400036,2002/01/00,0,13.59,TOTAL,1.1229,0.072793,microSv/hr,ICRP Pub. 103 EFFECTIVE DOSE,0.3420201433256687,0.9396926207859084,-0.3420201433256687,0.9396926207859084,-0.9374831999955,0.7527830784558192,20.00000_-20.00000,0.8658522282971117,1.3770309960896863,0.11306914984129257,0.25413099608968626
L0000.ANS,20.0,-10.0,9.000134400036,2002/01/00,0,13.93,TOTAL,1.1043,0.070774,microSv/hr,ICRP Pub. 103 EFFECTIVE DOSE,0.3420201433256687,0.9396926207859084,-0.17364817766693033,0.984807753012208,-0.9374831999955,0.7439828702624407,20.00000_-10.00000,0.8671095976880809,1.3800216819099413,0.12312672742564024,0.2757216819099413
L0000.ANS,20.0,0.0,9.000134400036,2002/01/00,0,14.22,TOTAL,1.0888,0.069417,microSv/hr,ICRP Pub. 103 EFFECTIVE DOSE,0.3420201433256687,0.9396926207859084,0.0,1.0,-0.9374831999955,0.7365897384027821,20.00000_0.00000,0.8680467793670106,1.3822532401500984,0.1314570409642285,0.29345324015009844
L0000.ANS,20.0,10.0,9.000134400036,2002/01/00,0,14.47,TOTAL,1.0763,0.068285,microSv/hr,ICRP Pub. 103 EFFECTIVE DOSE,0.3420201433256687,0.9396926207859084,0.17364817766693033,0.984807753012208,-0.9374831999955,0.7305874635337903,20.00000_10.00000,0.8686352975428235,1.3836556521133037,0.1380478340090332,0.3073556521133036
L0000.ANS,20.0,20.0,9.000134400036,2002/01/00,0,14.69,TOTAL,1.0648,0.067465,microSv/hr,ICRP Pub. 103 EFFECTIVE DOSE,0.3420201433256687,0.9396926207859084,0.3420201433256687,0.9396926207859084,-0.9374831999955,0.725033369422267,20.00000_20.00000,0.8688572703885522,1.38418481766966,0.14382390096628517,0.3193848176696601
L0000.ANS,20.0,30.0,9.000134400036,2002/01/00,0,14.89,TOTAL,1.0548,0.06693,microSv/hr,ICRP Pub. 103 EFFECTIVE DOSE,0.3420201433256687,0.9396926207859084,0.49999999999999994,0.8660254037844387,-0.9374831999955,0.7201785196109757,20.00000_30.00000,0.8687059533716028,1.3838240772289663,0.14852743376062716,0.3290240772289663
L0000.ANS,20.0,40.0,9.000134400036,2002/01/00,0,15.13,TOTAL,1.0427,0.066508,microSv/hr,ICRP Pub. 103 EFFECTIVE DOSE,0.3420201433256687,0.9396926207859084,0.6427876096865393,0.766044443118978,-0.9374831999955,0.7142724621748936,20.00000_40.00000,0.8681859441829651,1.382584789053257,0.15391348200807153,0.33988478905325703
L0000.ANS,20.0,50.0,9.000134400036,2002/01/00,0,15.44,TOTAL,1.0279,0.06562,microSv/hr,ICRP Pub. 103 EFFECTIVE DOSE,0.3420201433256687,0.9396926207859084,0.766044443118978,0.6427876096865394,-0.9374831999955,0.707000774848481,20.00000_50.00000,0.867313043038699,1.380505935513398,0.16031226819021804,0.3526059355133979
L0000.ANS,20.0,60.0,9.000134400036,2002/01/00,0,15.79,TOTAL,1.0121,0.063896,microSv/hr,ICRP Pub. 103 EFFECTIVE DOSE,0.3420201433256687,0.9396926207859084,0.8660254037844386,0.5000000000000001,-0.9374831999955,0.6991789527916642,20.00000_60.00000,0.866113772598363,1.377652776308603,0.16693481980669878,0.36555277630860306
L0000.ANS,20.0,70.0,9.000134400036,2002/01/00,0,16.14,TOTAL,0.9971,0.062476,microSv/hr,ICRP Pub. 103 EFFECTIVE DOSE,0.3420201433256687,0.9396926207859084,0.9396926207859083,0.3420201433256688,-0.9374831999955,0.6916961282926306,20.00000_70.00000,0.8646245720874273,1.3741146097529058,0.17292844379479666,0.3770146097529058
L0000.ANS,20.0,80.0,9.000134400036,2002/01/00,0,16.44,TOTAL,0.98504,0.061348,microSv/hr,ICRP Pub. 103 EFFECTIVE DOSE,0.3420201433256687,0.9396926207859084,0.984807753012208,0.17364817766693041,-0.9374831999955,0.6856390650696237,20.00000_80.00000,0.8628906901098441,1.3700017418624864,0.1772516250402204,0.38496174186248633
L0000.ANS,20.0,90.0,9.000134400036,2002/01/00,0,16.59,TOTAL,0.97856,0.060846,microSv/hr,ICRP Pub. 103 EFFECTIVE DOSE,0.3420201433256687,0.9396926207859084,1.0,6.123233995736766e-17,-0.9374831999955,0.6823693073880669,20.00000_90.00000,0.8609648097921161,1.3654417945206792,0.1785955024040492,0.38688179452067917
L0000.ANS,20.0,100.0,9.000134400036,2002/01/00,0,16.6,TOTAL,0.97815,0.060816,microSv/hr,ICRP Pub. 103 EFFECTIVE DOSE,0.3420201433256687,0.9396926207859084,0.984807753012208,-0.1736481776669303,-0.9374831999955,0.6821620645011899,20.00000_100.00000,0.8589054480331555,1.3605755065894485,0.17674338353196561,0.3824255065894485
L0000.ANS,20.0,110.0,9.000134400036,2002/01/00,0,16.48,TOTAL,0.98316,0.061195,microSv/hr,ICRP Pub. 103 EFFECTIVE DOSE,0.3420201433256687,0.9396926207859084,0.9396926207859084,-0.3420201433256687,-0.9374831999955,0.6846915321122836,20.00000_110.00000,0.8567751774979202,1.3555521945480493,0.17208364538563659,0.3723921945480493
L0000.ANS,20.0,120.0,9.000134400036,2002/01/00,0,16.25,TOTAL,0.9926,0.062026,microSv/hr,ICRP Pub. 103 EFFECTIVE DOSE,0.3420201433256687,0.9396926207859084,0.8660254037844387,-0.4999999999999998,-0.9374831999955,0.6894403186286189,20.00000_120.00000,0.8546387253786545,1.3505250421173711,0.1651984067500356,0.3579250421173711
L0000.ANS,20.0,130.0,9.000134400036,2002/01/00,0,15.92,TOTAL,1.0065,0.063369,microSv/hr,ICRP Pub. 103 EFFECTIVE DOSE,0.3420201433256687,0.9396926207859084,0.766044443118978,-0.6427876096865394,-0.9374831999955,0.6963919107248343,20.00000_130.00000,0.8525610066919054,1.345646382310079,0.15616909596707107,0.3391463823100791
L0000.ANS,20.0,140.0,9.000134400036,2002/01/00,0,15.51,TOTAL,1.0245,0.065215,microSv/hr,ICRP Pub. 103 EFFECTIVE DOSE,0.3420201433256687,0.9396926207859084,0.6427876096865395,-0.7660444431189779,-0.9374831999955,0.7053227564900787,20.00000_140.00000,0.850605151868594,1.341063122076327,0.14528239537851528,0.316563122076327
L0000.ANS,20.0,150.0,9.000134400036,2002/01/00,0,15.06,TOTAL,1.046,0.066597,microSv/hr,ICRP Pub. 103 EFFECTIVE DOSE,0.3420201433256687,0.9396926207859084,0.49999999999999994,-0.8660254037844387,-0.9374831999955,0.7158866675294348,20.00000_150.00000,0.8488305885678158,1.3369124412872195,0.13294392103838104,0.2909124412872195
L0000.ANS,20.0,160.0,9.000134400036,2002/01/00,0,14.6,TOTAL,1.0698,0.067796,microSv/hr,ICRP Pub. 103 EFFECTIVE DOSE,0.3420201433256687,0.9396926207859084,0.3420201433256689,-0.9396926207859083,-0.9374831999955,0.7274519842519357,20.00000_160.00000,0.8472912359974925,1.3333178764752036,0.11983925174555676,0.2635178764752035
L0000.ANS,20.0,170.0,9.000134400036,2002/01/00,0,14.14,TOTAL,1.0932,0.069804,microSv/hr,ICRP Pub. 103 EFFECTIVE DOSE,0.3420201433256687,0.9396926207859084,0.17364817766693028,-0.984807753012208,-0.9374831999955,0.7386939955159156,20.00000_170.00000,0.8460338666065232,1.330385877686973,0.10733987109060761,0.23718587768697308
L0000.ANS,25.0,-179.99999,9.000134400036,2002/01/00,0,12.88,TOTAL,1.1662,0.075099,microSv/hr,ICRP Pub. 103 EFFECTIVE DOSE,0.42261826174069944,0.9063077870366499,-1.745329251238221e-07,-0.9999999999999848,-0.9374831999955,0.7729744804194997,25.00000_-179.99999,0.8666380458461664,1.3788996428726192,0.09366356542666676,0.21269964287261933
L0000.ANS,25.0,-170.0,9.000134400036,2002/01/00,0,12.44,TOTAL,1.1937,0.077245,microSv/hr,ICRP Pub. 103 EFFECTIVE DOSE,0.42261826174069944,0.9063077870366499,-0.17364817766693028,-0.984807753012208,-0.9374831999955,0.7855896159495047,25.00000_-170.00000,0.8660495284370899,1.3775000309067433,0.08045991248758522,0.18380003090674335
L0000.ANS,25.0,-160.0,9.000134400036,2002/01/00,0,12.02,TOTAL,1.2218,0.080018,microSv/hr,ICRP Pub. 103 EFFECTIVE DOSE,0.42261826174069944,0.9063077870366499,-0.3420201433256689,-0.9396926207859083,-0.9374831999955,0.7983176781654849,25.00000_-160.00000,0.8658275555913613,1.3769723490268537,0.06750987742587633,0.15517234902685373
L0000.ANS,25.0,-150.0,9.000134400036,2002/01/00,0,11.57,TOTAL,1.2539,0.082027,microSv/hr,ICRP Pub. 103 EFFECTIVE DOSE,0.42261826174069944,0.9063077870366499,-0.49999999999999994,-0.8660254037844387,-0.9374831999955,0.8126620490610875,25.00000_-150.00000,0.8659788726083106,1.3773320526060298,0.05331682354722311,0.12343205260602974
L0000.ANS,25.0,-140.0,9.000134400036,2002/01/00,0,10.98,TOTAL,1.2985,0.084864,microSv/hr,ICRP Pub. 103 EFFECTIVE DOSE,0.42261826174069944,0.9063077870366499,-0.6427876096865395,-0.7660444431189779,-0.9374831999955,0.8322567362641456,25.00000_-140.00000,0.8664988817969483,1.3785686086002027,0.03424214553280269,0.0800686086002027
L0000.ANS,25.0,-130.0,9.000134400036,2002/01/00,0,10.24,TOTAL,1.3628,0.090046,microSv/hr,ICRP Pub. 103 EFFECTIVE DOSE,0.42261826174069944,0.9063077870366499,-0.766044443118978,-0.6427876096865394,-0.9374831999955,0.8598473564509431,25.00000_-130.00000,0.8673717829412144,1.3806457703068882,0.0075244264902712965,0.017845770306888165
L0000.ANS,25.0,-120.0,9.000134400036,2002/01/00,0,9.24,TOTAL,1.4765,0.098142,microSv/hr,ICRP Pub. 103 EFFECTIVE DOSE,0.42261826174069944,0.9063077870366499,-0.8660254037844387,-0.4999999999999998,-0.9374831999955,0.9068462730461553,25.00000_-120.00000,0.8685710533815505,1.38350252107411,-0.03827521966460479,-0.09299747892588983
L0000.ANS,25.0,-110.0,9.000134400036,2002/01/00,0,8.0,TOTAL,1.6237,0.10745,microSv/hr,ICRP Pub. 103 EFFECTIVE DOSE,0.42261826174069944,0.9063077870366499,-0.9396926207859084,-0.3420201433256687,-0.9374831999955,0.9645855352774609,25.00000_-110.00000,0.8700602538924862,1.3870546785271838,-0.09452528138497474,-0.23664532147281614
L0000.ANS,25.0,-100.0,9.000134400036,2002/01/00,0,6.72,TOTAL,1.7853,0.11864,microSv/hr,ICRP Pub. 103 EFFECTIVE DOSE,0.42261826174069944,0.9063077870366499,-0.984807753012208,-0.1736481776669303,-0.9374831999955,1.0243555875060593,25.00000_-100.00000,0.8717941358700694,1.3911971398454928,-0.1525614516359899,-0.39410286015450735
L0000.ANS,25.0,-90.0,9.000134400036,2002/01/00,0,5.88,TOTAL,1.9067,0.12638,microSv/hr,ICRP Pub. 103 EFFECTIVE DOSE,0.42261826174069944,0.9063077870366499,-1.0,6.123233995736766e-17,-0.9374831999955,1.0670184170769312,25.00000_-90.00000,0.8737200161877969,1.395806736694094,-0.1932984008891343,-0.510893263305906
L0000.ANS,25.0,-80.0,9.000134400036,2002/01/00,0,5.78,TOTAL,1.9214,0.12697,microSv/hr,ICRP Pub. 103 EFFECTIVE DOSE,0.42261826174069944,0.9063077870366499,-0.984807753012208,0.17364817766693041,-0.9374831999955,1.0720629534345731,25.00000_-80.00000,0.875779377946758,1.4007456532319442,-0.19628357548781517,-0.5206543467680558
L0000.ANS,25.0,-70.0,9.000134400036,2002/01/00,0,6.53,TOTAL,1.8106,0.12057,microSv/hr,ICRP Pub. 103 EFFECTIVE DOSE,0.42261826174069944,0.9063077870366499,-0.9396926207859083,0.3420201433256688,-0.9374831999955,1.0333979836845075,25.00000_-70.00000,0.8779096484819933,1.4058653421847633,-0.15548833520251426,-0.40473465781523665
L0000.ANS,25.0,-60.0,9.000134400036,2002/01/00,0,8.34,TOTAL,1.5839,0.10587,microSv/hr,ICRP Pub. 103 EFFECTIVE DOSE,0.42261826174069944,0.9063077870366499,-0.8660254037844386,0.5000000000000001,-0.9374831999955,0.9492998854811006,25.00000_-60.00000,0.880046100601259,1.411010852905191,-0.06925378487984157,-0.17288914709480907
L0000.ANS,25.0,-50.0,9.000134400036,2002/01/00,0,10.26,TOTAL,1.3603,0.089957,microSv/hr,ICRP Pub. 103 EFFECTIVE DOSE,0.42261826174069944,0.9063077870366499,-0.766044443118978,0.6427876096865394,-0.9374831999955,0.8587887296026964,25.00000_-50.00000,0.8821238192880076,1.4160254628786801,0.023335089685311283,0.055725462878680077
L0000.ANS,25.0,-40.0,9.000134400036,2002/01/00,0,11.5,TOTAL,1.2591,0.082246,microSv/hr,ICRP Pub. 103 EFFECTIVE DOSE,0.42261826174069944,0.9063077870366499,-0.6427876096865393,0.766044443118978,-0.9374831999955,0.8149665038810396,25.00000_-40.00000,0.8840796741113195,1.4207554820410535,0.06911317023027985,0.1616554820410534
L0000.ANS,25.0,-30.0,9.000134400036,2002/01/00,0,12.22,TOTAL,1.2085,0.078583,microSv/hr,ICRP Pub. 103 EFFECTIVE DOSE,0.42261826174069944,0.9063077870366499,-0.49999999999999994,0.8660254037844387,-0.9374831999955,0.7923135520544441,25.00000_-30.00000,0.8858542374120977,1.42505507970544,0.09354068535765359,0.21655507970544008
L0000.ANS,25.0,-20.0,9.000134400036,2002/01/00,0,12.72,TOTAL,1.176,0.07581,microSv/hr,ICRP Pub. 103 EFFECTIVE DOSE,0.42261826174069944,0.9063077870366499,-0.3420201433256687,0.9396926207859084,-0.9374831999955,0.7774883289936961,25.00000_-20.00000,0.887393589982421,1.4287909691633645,0.10990526098872488,0.2527909691633645
L0000.ANS,25.0,-10.0,9.000134400036,2002/01/00,0,13.06,TOTAL,1.1547,0.074449,microSv/hr,ICRP Pub. 103 EFFECTIVE DOSE,0.42261826174069944,0.9063077870366499,-0.17364817766693033,0.984807753012208,-0.9374831999955,0.7676515027280505,25.00000_-10.00000,0.8886509593733902,1.4318467773222776,0.12099945664533973,0.27714677732227755
L0000.ANS,25.0,0.0,9.000134400036,2002/01/00,0,13.32,TOTAL,1.1389,0.073892,microSv/hr,ICRP Pub. 103 EFFECTIVE DOSE,0.42261826174069944,0.9063077870366499,0.0,1.0,-0.9374831999955,0.7602916781892757,25.00000_0.00000,0.8895881410523199,1.4341269278587123,0.1292964628630442,0.2952269278587123
L0000.ANS,25.0,10.0,9.000134400036,2002/01/00,0,13.53,TOTAL,1.1264,0.073221,microSv/hr,ICRP Pub. 103 EFFECTIVE DOSE,0.42261826174069944,0.9063077870366499,0.17364817766693033,0.984807753012208,-0.9374831999955,0.7544304089768439,25.00000_10.00000,0.8901766592281328,1.4355598774150635,0.13574625025128895,0.30915987741506346
L0000.ANS,25.0,20.0,9.000134400036,2002/01/00,0,13.71,TOTAL,1.1166,0.072051,microSv/hr,ICRP Pub. 103 EFFECTIVE DOSE,0.42261826174069944,0.9063077870366499,0.3420201433256687,0.9396926207859084,-0.9374831999955,0.7498110276774871,25.00000_20.00000,0.8903986320738615,1.436100565578821,0.1405876043963744,0.319500565578821
L0000.ANS,25.0,30.0,9.000134400036,2002/01/00,0,13.9,TOTAL,1.1062,0.070956,microSv/hr,ICRP Pub. 103 EFFECTIVE DOSE,0.42261826174069944,0.9063077870366499,0.49999999999999994,0.8660254037844387,-0.9374831999955,0.7448853759643598,25.00000_30.00000,0.8902473150569121,1.4357319699963442,0.14536193909255235,0.32953196999634415
L0000.ANS,25.0,40.0,9.000134400036,2002/01/00,0,14.1,TOTAL,1.0953,0.069972,microSv/hr,ICRP Pub. 103 EFFECTIVE DOSE,0.42261826174069944,0.9063077870366499,0.6427876096865393,0.766044443118978,-0.9374831999955,0.7396967412129253,25.00000_40.00000,0.8897273058682744,1.434465696256412,0.15003056465534914,0.339165696256412
L0000.ANS,25.0,50.0,9.000134400036,2002/01/00,0,14.37,TOTAL,1.0814,0.068718,microSv/hr,ICRP Pub. 103 EFFECTIVE DOSE,0.42261826174069944,0.9063077870366499,0.766044443118978,0.6427876096865394,-0.9374831999955,0.7330407442216219,25.00000_50.00000,0.8888544047240083,1.4323415755730347,0.15581366050238643,0.35094157557303474
L0000.ANS,25.0,60.0,9.000134400036,2002/01/00,0,14.71,TOTAL,1.0642,0.067429,microSv/hr,ICRP Pub. 103 EFFECTIVE DOSE,0.42261826174069944,0.9063077870366499,0.8660254037844386,0.5000000000000001,-0.9374831999955,0.7247427421496959,25.00000_60.00000,0.8876551342836723,1.4294262886787572,0.16291239213397635,0.36522628867875717
L0000.ANS,25.0,70.0,9.000134400036,2002/01/00,0,15.05,TOTAL,1.0467,0.066619,microSv/hr,ICRP Pub. 103 EFFECTIVE DOSE,0.42261826174069944,0.9063077870366499,0.9396926207859083,0.3420201433256688,-0.9374831999955,0.7162287400032665,25.00000_70.00000,0.8861659337727366,1.4258110783630273,0.16993719376947003,0.3791110783630274
L0000.ANS,25.0,80.0,9.000134400036,2002/01/00,0,15.32,TOTAL,1.0331,0.066266,microSv/hr,ICRP Pub. 103 EFFECTIVE DOSE,0.42261826174069944,0.9063077870366499,0.984807753012208,0.17364817766693041,-0.9374831999955,0.7095617218280399,25.00000_80.00000,0.8844320517951534,1.421608652561241,0.1748703299671135,0.3885086525612411
L0000.ANS,25.0,90.0,9.000134400036,2002/01/00,0,15.49,TOTAL,1.0256,0.06535,microSv/hr,ICRP Pub. 103 EFFECTIVE DOSE,0.42261826174069944,0.9063077870366499,1.0,6.123233995736766e-17,-0.9374831999955,0.70586595296772,25.00000_90.00000,0.8825061714774258,1.4169494121298551,0.1766402185097058,0.3913494121298551
L0000.ANS,25.0,100.0,9.000134400036,2002/01/00,0,15.54,TOTAL,1.0235,0.065105,microSv/hr,ICRP Pub. 103 EFFECTIVE DOSE,0.42261826174069944,0.9063077870366499,0.984807753012208,-0.1736481776669303,-0.9374831999955,0.7048286853337833,25.00000_100.00000,0.8804468097184648,1.4119771605268396,0.1756181243846815,0.38847716052683956
L0000.ANS,25.0,110.0,9.000134400036,2002/01/00,0,15.47,TOTAL,1.0265,0.065453,microSv/hr,ICRP Pub. 103 EFFECTIVE DOSE,0.42261826174069944,0.9063077870366499,0.9396926207859084,-0.3420201433256687,-0.9374831999955,0.7063101670862262,25.00000_110.00000,0.8783165391832295,1.406844465605524,0.1720063720970033,0.38034446560552393
L0000.ANS,25.0,120.0,9.000134400036,2002/01/00,0,15.32,TOTAL,1.0331,0.066266,microSv/hr,ICRP Pub. 103 EFFECTIVE DOSE,0.42261826174069944,0.9063077870366499,0.8660254037844387,-0.4999999999999998,-0.9374831999955,0.7095617218280399,25.00000_120.00000,0.8761800870639638,1.4017078466702533,0.16661836523592388,0.36860784667025337
L0000.ANS,25.0,130.0,9.000134400036,2002/01/00,0,15.07,TOTAL,1.0457,0.066588,microSv/hr,ICRP Pub. 103 EFFECTIVE DOSE,0.42261826174069944,0.9063077870366499,0.766044443118978,-0.6427876096865394,-0.9374831999955,0.7157400292125798,25.00000_130.00000,0.8741023683772151,1.3967229537929367,0.15836233916463527,0.3510229537929366
L0000.ANS,25.0,140.0,9.000134400036,2002/01/00,0,14.71,TOTAL,1.0638,0.067404,microSv/hr,ICRP Pub. 103 EFFECTIVE DOSE,0.42261826174069944,0.9063077870366499,0.6427876096865395,-0.7660444431189779,-0.9374831999955,0.724548943699477,25.00000_140.00000,0.8721465135539033,1.3920398928301738,0.1475975698544263,0.32823989283017374
L0000.ANS,25.0,150.0,9.000134400036,2002/01/00,0,14.3,TOTAL,1.085,0.069054,microSv/hr,ICRP Pub. 103 EFFECTIVE DOSE,0.42261826174069944,0.9063077870366499,0.49999999999999994,-0.8660254037844387,-0.9374831999955,0.7347688552507647,25.00000_150.00000,0.8703719502531251,1.3877988307518718,0.13560309500236034,0.30279883075187186
L0000.ANS,25.0,160.0,9.000134400036,2002/01/00,0,13.83,TOTAL,1.1102,0.071361,microSv/hr,ICRP Pub. 103 EFFECTIVE DOSE,0.42261826174069944,0.9063077870366499,0.3420201433256689,-0.9396926207859083,-0.9374831999955,0.7467827297258548,25.00000_160.00000,0.8688325976828017,1.38412599410487,0.12204986795694694,0.27392599410486995
L0000.ANS,25.0,170.0,9.000134400036,2002/01/00,0,13.35,TOTAL,1.1369,0.07385,microSv/hr,ICRP Pub. 103 EFFECTIVE DOSE,0.42261826174069944,0.9063077870366499,0.17364817766693028,-0.984807753012208,-0.9374831999955,0.7593561806702808,25.00000_170.00000,0.8675752282918325,1.381130150891144,0.10821904762155177,0.24423015089114397
L0000.ANS,30.0,-179.99999,9.000134400036,2002/01/00,0,11.6,TOTAL,1.2512,0.081926,microSv/hr,ICRP Pub. 103 EFFECTIVE DOSE,0.49999999999999994,0.8660254037844387,-1.745329251238221e-07,-0.9999999999999848,-0.9374831999955,0.8114634073779876,30.00000_-179.99999,0.8931453307566204,1.4428009976147527,0.08168192337863278,0.19160099761475258
L0000.ANS,30.0,-170.0,9.000134400036,2002/01/00,0,10.88,TOTAL,1.3068,0.085559,microSv/hr,ICRP Pub. 103 EFFECTIVE DOSE,0.49999999999999994,0.8660254037844387,-0.17364817766693028,-0.984807753012208,-0.9374831999955,0.8358612827591205,30.00000_-170.00000,0.8925568133475439,1.4413637896531817,0.05669553058842336,0.13456378965318172
L0000.ANS,30.0,-160.0,9.000134400036,2002/01/00,0,10.17,TOTAL,1.3701,0.090346,microSv/hr,ICRP Pub. 103 EFFECTIVE DOSE,0.49999999999999994,0.8660254037844387,-0.3420201433256689,-0.9396926207859083,-0.9374831999955,0.8629321483497212,30.00000_-160.00000,0.8923348405018152,1.4408219333262537,0.029402692152094012,0.07072193332625365
L0000.ANS,30.0,-150.0,9.000134400036,2002/01/00,0,9.74,TOTAL,1.4186,0.093541,microSv/hr,ICRP Pub. 103 EFFECTIVE DOSE,0.49999999999999994,0.8660254037844387,-0.49999999999999994,-0.8660254037844387,-0.9374831999955,0.8831888603690381,30.00000_-150.00000,0.8924861575187646,1.441191299165073,0.009297297149726491,0.022591299165072964
L0000.ANS,30.0,-140.0,9.000134400036,2002/01/00,0,9.07,TOTAL,1.4982,0.09914,microSv/hr,ICRP Pub. 103 EFFECTIVE DOSE,0.49999999999999994,0.8660254037844387,-0.6427876096865395,-0.7660444431189779,-0.9374831999955,0.9155704725496718,30.00000_-140.00000,0.8930061667074023,1.4424610711898083,-0.02256430584226954,-0.05573892881019171
L0000.ANS,30.0,-130.0,9.000134400036,2002/01/00,0,8.05,TOTAL,1.6184,0.10716,microSv/hr,ICRP Pub. 103 EFFECTIVE DOSE,0.49999999999999994,0.8660254037844387,-0.766044443118978,-0.6427876096865394,-0.9374831999955,0.9625634442048338,30.00000_-130.00000,0.8938790678516684,1.4445940290489179,-0.06868437635316538,-0.1738059709510822
L0000.ANS,30.0,-120.0,9.000134400036,2002/01/00,0,6.73,TOTAL,1.7842,0.11853,microSv/hr,ICRP Pub. 103 EFFECTIVE DOSE,0.49999999999999994,0.8660254037844387,-0.8660254037844387,-0.4999999999999998,-0.9374831999955,1.0239605789723298,30.00000_-120.00000,0.8950783382920044,1.4475275170777278,-0.1288822406803254,-0.33667248292227225
L0000.ANS,30.0,-110.0,9.000134400036,2002/01/00,0,5.75,TOTAL,1.927,0.12705,microSv/hr,ICRP Pub. 103 EFFECTIVE DOSE,0.49999999999999994,0.8660254037844387,-0.9396926207859084,-0.3420201433256687,-0.9374831999955,1.0739780077097487,30.00000_-110.00000,0.8965675388029402,1.4511750916175157,-0.17741046890680856,-0.47582490838248437
L0000.ANS,30.0,-100.0,9.000134400036,2002/01/00,0,4.88,TOTAL,2.0678,0.13405,microSv/hr,ICRP Pub. 103 EFFECTIVE DOSE,0.49999999999999994,0.8660254037844387,-0.984807753012208,-0.1736481776669303,-0.9374831999955,1.1209606923318716,30.00000_-100.00000,0.8983014207805233,1.455428826604304,-0.22265927155134824,-0.612371173395696
L0000.ANS,30.0,-90.0,9.000134400036,2002/01/00,0,4.31,TOTAL,2.1649,0.13891,microSv/hr,ICRP Pub. 103 EFFECTIVE DOSE,0.49999999999999994,0.8660254037844387,-1.0,6.123233995736766e-17,-0.9374831999955,1.1521214595203695,30.00000_-90.00000,0.9002273010982513,1.4601622451888605,-0.25189415842211815,-0.7047377548111393
L0000.ANS,30.0,-80.0,9.000134400036,2002/01/00,0,4.27,TOTAL,2.1721,0.13931,microSv/hr,ICRP Pub. 103 EFFECTIVE DOSE,0.49999999999999994,0.8660254037844387,-0.984807753012208,0.17364817766693041,-0.9374831999955,1.1543938291268703,30.00000_-80.00000,0.9022866628572119,1.4652338295585252,-0.25210716626965834,-0.7068661704414747
L0000.ANS,30.0,-70.0,9.000134400036,2002/01/00,0,4.87,TOTAL,2.0699,0.13417,microSv/hr,ICRP Pub. 103 EFFECTIVE DOSE,0.49999999999999994,0.8660254037844387,-0.9396926207859083,0.3420201433256688,-0.9374831999955,1.1216449877786823,30.00000_-70.00000,0.9044169333924472,1.4704910422025699,-0.21722805438623505,-0.5994089577974302
L0000.ANS,30.0,-60.0,9.000134400036,2002/01/00,0,5.9,TOTAL,1.9034,0.12606,microSv/hr,ICRP Pub. 103 EFFECTIVE DOSE,0.49999999999999994,0.8660254037844387,-0.8660254037844386,0.5000000000000001,-0.9374831999955,1.065882464045191,30.00000_-60.00000,0.9065533855117129,1.4757747702315172,-0.159329078533478,-0.42762522976848283
L0000.ANS,30.0,-50.0,9.000134400036,2002/01/00,0,8.07,TOTAL,1.616,0.10704,microSv/hr,ICRP Pub. 103 EFFECTIVE DOSE,0.49999999999999994,0.8660254037844387,-0.766044443118978,0.6427876096865394,-0.9374831999955,0.9616464335949523,30.00000_-50.00000,0.908631104198462,1.4809240812932896,-0.05301532939649023,-0.13507591870671054
L0000.ANS,30.0,-40.0,9.000134400036,2002/01/00,0,9.7,TOTAL,1.4234,0.093972,microSv/hr,ICRP Pub. 103 EFFECTIVE DOSE,0.49999999999999994,0.8660254037844387,-0.6427876096865393,0.766044443118978,-0.9374831999955,0.8851715128152852,30.00000_-40.00000,0.9105869590217734,1.485781156943033,0.02541544620648828,0.062381156943033034
L0000.ANS,30.0,-30.0,9.000134400036,2002/01/00,0,10.7,TOTAL,1.3208,0.086918,microSv/hr,ICRP Pub. 103 EFFECTIVE DOSE,0.49999999999999994,0.8660254037844387,-0.49999999999999994,0.8660254037844387,-0.9374831999955,0.8419119538250572,30.00000_-30.00000,0.9123615223225516,1.4901962492296597,0.0704495684974944,0.16939624922965968
L0000.ANS,30.0,-20.0,9.000134400036,2002/01/00,0,11.09,TOTAL,1.2898,0.084233,microSv/hr,ICRP Pub. 103 EFFECTIVE DOSE,0.49999999999999994,0.8660254037844387,-0.3420201433256687,0.9396926207859084,-0.9374831999955,0.8284644775075749,30.00000_-20.00000,0.913900874892875,1.4940324911334062,0.08543639738530007,0.20423249113340614
L0000.ANS,30.0,-10.0,9.000134400036,2002/01/00,0,11.44,TOTAL,1.2632,0.082449,microSv/hr,ICRP Pub. 103 EFFECTIVE DOSE,0.49999999999999994,0.8660254037844387,-0.17364817766693033,0.984807753012208,-0.9374831999955,0.8167797410052204,30.00000_-10.00000,0.9151582442838442,1.4971703835793855,0.09837850327862374,0.23397038357938538
L0000.ANS,30.0,0.0,9.000134400036,2002/01/00,0,11.6,TOTAL,1.2516,0.08194,microSv/hr,ICRP Pub. 103 EFFECTIVE DOSE,0.49999999999999994,0.8660254037844387,0.0,1.0,-0.9374831999955,0.8116410746077345,30.00000_0.00000,0.9160954259627738,1.4995117828989417,0.10445435135503933,0.24791178289894167
L0000.ANS,30.0,10.0,9.000134400036,2002/01/00,0,11.71,TOTAL,1.2435,0.0817,microSv/hr,ICRP Pub. 103 EFFECTIVE DOSE,0.49999999999999994,0.8660254037844387,0.17364817766693033,0.984807753012208,-0.9374831999955,0.808037146433901,30.00000_10.00000,0.9166839441385868,1.50098322395627,0.10864679770468577,0.2574832239562699
L0000.ANS,30.0,20.0,9.000134400036,2002/01/00,0,11.77,TOTAL,1.239,0.081608,microSv/hr,ICRP Pub. 103 EFFECTIVE DOSE,0.49999999999999994,0.8660254037844387,0.3420201433256687,0.9396926207859084,-0.9374831999955,0.8060293376166179,30.00000_20.00000,0.9169059169843154,1.5015384359383233,0.11087657936769757,0.26253843593832316
L0000.ANS,30.0,30.0,9.000134400036,2002/01/00,0,11.86,TOTAL,1.2321,0.081273,microSv/hr,ICRP Pub. 103 EFFECTIVE DOSE,0.49999999999999994,0.8660254037844387,0.49999999999999994,0.8660254037844387,-0.9374831999955,0.8029428463828295,30.00000_30.00000,0.9167545999673661,1.5011599392416306,0.11381175358453655,0.26905993924163063
L0000.ANS,30.0,40.0,9.000134400036,2002/01/00,0,12.12,TOTAL,1.2152,0.079278,microSv/hr,ICRP Pub. 103 EFFECTIVE DOSE,0.49999999999999994,0.8660254037844387,0.6427876096865393,0.766044443118978,-0.9374831999955,0.795342692874615,30.00000_40.00000,0.9162345907787284,1.4998596512011377,0.12089189790411337,0.2846596512011377
L0000.ANS,30.0,50.0,9.000134400036,2002/01/00,0,12.45,TOTAL,1.1932,0.077204,microSv/hr,ICRP Pub. 103 EFFECTIVE DOSE,0.49999999999999994,0.8660254037844387,0.766044443118978,0.6427876096865394,-0.9374831999955,0.7853616645477564,30.00000_50.00000,0.9153616896344623,1.4976784729660853,0.13000002508670594,0.3044784729660852
L0000.ANS,30.0,60.0,9.000134400036,2002/01/00,0,12.8,TOTAL,1.1712,0.075444,microSv/hr,ICRP Pub. 103 EFFECTIVE DOSE,0.49999999999999994,0.8660254037844387,0.8660254037844386,0.5000000000000001,-0.9374831999955,0.7752800100984677,30.00000_60.00000,0.9141624191941267,1.4946848764287082,0.13888240909565897,0.32348487642870816
L0000.ANS,30.0,70.0,9.000134400036,2002/01/00,0,13.24,TOTAL,1.1437,0.074019,microSv/hr,ICRP Pub. 103 EFFECTIVE DOSE,0.49999999999999994,0.8660254037844387,0.9396926207859083,0.3420201433256688,-0.9374831999955,0.7625333080449529,30.00000_70.00000,0.9126732186831905,1.4909725553174271,0.15013991063823762,0.3472725553174272
L0000.ANS,30.0,80.0,9.000134400036,2002/01/00,0,13.63,TOTAL,1.1206,0.072519,microSv/hr,ICRP Pub. 103 EFFECTIVE DOSE,0.49999999999999994,0.8660254037844387,0.984807753012208,0.17364817766693041,-0.9374831999955,0.7516990675095608,30.00000_80.00000,0.9109393367056073,1.4866572450975266,0.1592402691960465,0.3660572450975266
L0000.ANS,30.0,90.0,9.000134400036,2002/01/00,0,13.91,TOTAL,1.1053,0.070876,microSv/hr,ICRP Pub. 103 EFFECTIVE DOSE,0.49999999999999994,0.8660254037844387,1.0,6.123233995736766e-17,-0.9374831999955,0.7444579747943726,30.00000_90.00000,0.9090134563878798,1.4818728494177775,0.1645554815935072,0.3765728494177776
L0000.ANS,30.0,100.0,9.000134400036,2002/01/00,0,14.03,TOTAL,1.0989,0.070281,microSv/hr,ICRP Pub. 103 EFFECTIVE DOSE,0.49999999999999994,0.8660254037844387,0.984807753012208,-0.1736481776669303,-0.9374831999955,0.7414133979694333,30.00000_100.00000,0.9069540946289187,1.4767670345454986,0.16554069665948545,0.37786703454549864
L0000.ANS,30.0,110.0,9.000134400036,2002/01/00,0,14.05,TOTAL,1.0978,0.070185,microSv/hr,ICRP Pub. 103 EFFECTIVE DOSE,0.49999999999999994,0.8660254037844387,0.9396926207859084,-0.3420201433256687,-0.9374831999955,0.7408891765453666,30.00000_110.00000,0.9048238240936834,1.471496466570171,0.16393464754831688,0.37369646657017097
L0000.ANS,30.0,120.0,9.000134400036,2002/01/00,0,14.02,TOTAL,1.0999,0.070366,microSv/hr,ICRP Pub. 103 EFFECTIVE DOSE,0.49999999999999994,0.8660254037844387,0.8660254037844387,-0.4999999999999998,-0.9374831999955,0.7418897245479354,30.00000_120.00000,0.9026873719744177,1.4662218691750941,0.16079764742648228,0.366321869175094
L0000.ANS,30.0,130.0,9.000134400036,2002/01/00,0,13.89,TOTAL,1.1068,0.071021,microSv/hr,ICRP Pub. 103 EFFECTIVE DOSE,0.49999999999999994,0.8660254037844387,0.766044443118978,-0.6427876096865394,-0.9374831999955,0.7451702086270973,30.00000_130.00000,0.9006096532876691,1.4611030734620445,0.1554394446605718,0.3543030734620445
L0000.ANS,30.0,140.0,9.000134400036,2002/01/00,0,13.63,TOTAL,1.1207,0.072527,microSv/hr,ICRP Pub. 103 EFFECTIVE DOSE,0.49999999999999994,0.8660254037844387,0.6427876096865395,-0.7660444431189779,-0.9374831999955,0.7517462228628811,30.00000_140.00000,0.8986537984643572,1.4562942173902877,0.14690757560147616,0.3355942173902877
L0000.ANS,30.0,150.0,9.000134400036,2002/01/00,0,13.27,TOTAL,1.1416,0.073958,microSv/hr,ICRP Pub. 103 EFFECTIVE DOSE,0.49999999999999994,0.8660254037844387,0.49999999999999994,-0.8660254037844387,-0.9374831999955,0.7615532132240057,30.00000_150.00000,0.896879235163579,1.4519392330567276,0.13532602193957333,0.3103392330567276
L0000.ANS,30.0,160.0,9.000134400036,2002/01/00,0,12.81,TOTAL,1.1705,0.075389,microSv/hr,ICRP Pub. 103 EFFECTIVE DOSE,0.49999999999999994,0.8660254037844387,0.3420201433256689,-0.9396926207859083,-0.9374831999955,0.7749575557575112,30.00000_160.00000,0.8953398825932557,1.4481677376713495,0.12038232683574446,0.27766773767134945
L0000.ANS,30.0,170.0,9.000134400036,2002/01/00,0,12.29,TOTAL,1.2036,0.078106,microSv/hr,ICRP Pub. 103 EFFECTIVE DOSE,0.49999999999999994,0.8660254037844387,0.17364817766693028,-0.984807753012208,-0.9374831999955,0.7900923866164244,30.00000_170.00000,0.8940825132022865,1.4450914209325942,0.10399012658586204,0.24149142093259424
L0000.ANS,35.0,-179.99999,9.000134400036,2002/01/00,0,9.45,TOTAL,1.4514,0.097032,microSv/hr,ICRP Pub. 103 EFFECTIVE DOSE,0.573576436351046,0.8191520442889918,-1.745329251238221e-07,-0.9999999999999848,-0.9374831999955,0.8966592899249277,35.00000_-179.99999,0.9244168024485147,1.5203979417483189,0.027757512523586936,0.06899794174831886
L0000.ANS,35.0,-170.0,9.000134400036,2002/01/00,0,9.39,TOTAL,1.4577,0.097695,microSv/hr,ICRP Pub. 103 EFFECTIVE DOSE,0.573576436351046,0.8191520442889918,-0.17364817766693028,-0.984807753012208,-0.9374831999955,0.8992259532475628,35.00000_-170.00000,0.9238282850394381,1.5189150800695552,0.02460233179187532,0.06121508006955523
L0000.ANS,35.0,-160.0,9.000134400036,2002/01/00,0,8.5,TOTAL,1.5671,0.10505,microSv/hr,ICRP Pub. 103 EFFECTIVE DOSE,0.573576436351046,0.8191520442889918,-0.3420201433256689,-0.9396926207859083,-0.9374831999955,0.9427768571099817,35.00000_-160.00000,0.9236063121937095,1.5183560113724137,-0.019170544916272236,-0.04874398862758622
L0000.ANS,35.0,-150.0,9.000134400036,2002/01/00,0,7.69,TOTAL,1.661,0.11035,microSv/hr,ICRP Pub. 103 EFFECTIVE DOSE,0.573576436351046,0.8191520442889918,-0.49999999999999994,-0.8660254037844387,-0.9374831999955,0.9787019919955522,35.00000_-150.00000,0.9237576292106588,1.5187371103243223,-0.05494436278489334,-0.14226288967567768
L0000.ANS,35.0,-140.0,9.000134400036,2002/01/00,0,6.55,TOTAL,1.8087,0.12056,microSv/hr,ICRP Pub. 103 EFFECTIVE DOSE,0.573576436351046,0.8191520442889918,-0.6427876096865395,-0.7660444431189779,-0.9374831999955,1.0327217428458244,35.00000_-140.00000,0.9242776383992961,1.5200472173697812,-0.1084441044465283,-0.28865278263021876
L0000.ANS,35.0,-130.0,9.000134400036,2002/01/00,0,5.68,TOTAL,1.9384,0.12732,microSv/hr,ICRP Pub. 103 EFFECTIVE DOSE,0.573576436351046,0.8191520442889918,-0.766044443118978,-0.6427876096865394,-0.9374831999955,1.0778652155233206,35.00000_-130.00000,0.9251505395435626,1.522247929831905,-0.15271467597975796,-0.41615207016809497
L0000.ANS,35.0,-120.0,9.000134400036,2002/01/00,0,5.06,TOTAL,2.0366,0.13281,microSv/hr,ICRP Pub. 103 EFFECTIVE DOSE,0.573576436351046,0.8191520442889918,-0.8660254037844387,-0.4999999999999998,-0.9374831999955,1.1107384684659503,35.00000_-120.00000,0.9263498099838987,1.5252746017536762,-0.18438865848205155,-0.5113253982463237
L0000.ANS,35.0,-110.0,9.000134400036,2002/01/00,0,4.36,TOTAL,2.1567,0.13849,microSv/hr,ICRP Pub. 103 EFFECTIVE DOSE,0.573576436351046,0.8191520442889918,-0.9396926207859084,-0.3420201433256687,-0.9374831999955,1.149527178136215,35.00000_-110.00000,0.9278390104948344,1.529038043545059,-0.22168816764138066,-0.6276619564549408
L0000.ANS,35.0,-100.0,9.000134400036,2002/01/00,0,3.7,TOTAL,2.2713,0.14408,microSv/hr,ICRP Pub. 103 EFFECTIVE DOSE,0.573576436351046,0.8191520442889918,-0.984807753012208,-0.1736481776669303,-0.9374831999955,1.1851874594225202,35.00000_-100.00000,0.9295728924724176,1.5334269008101056,-0.25561456695010265,-0.7378730991898945
L0000.ANS,35.0,-90.0,9.000134400036,2002/01/00,0,3.32,TOTAL,2.3375,0.14654,microSv/hr,ICRP Pub. 103 EFFECTIVE DOSE,0.573576436351046,0.8191520442889918,-1.0,6.123233995736766e-17,-0.9374831999955,1.205222023726368,35.00000_-90.00000,0.9314987727901451,1.538310679091511,-0.27372325093622285,-0.7991893209084888
L0000.ANS,35.0,-80.0,9.000134400036,2002/01/00,0,3.21,TOTAL,2.3553,0.147,microSv/hr,ICRP Pub. 103 EFFECTIVE DOSE,0.573576436351046,0.8191520442889918,-0.984807753012208,0.17364817766693041,-0.9374831999955,1.2105411852039678,35.00000_-80.00000,0.9335581345491062,1.5435433651839066,-0.2769830506548616,-0.8117566348160936
L0000.ANS,35.0,-70.0,9.000134400036,2002/01/00,0,3.64,TOTAL,2.2823,0.1445,microSv/hr,ICRP Pub. 103 EFFECTIVE DOSE,0.573576436351046,0.8191520442889918,-0.9396926207859083,0.3420201433256688,-0.9374831999955,1.188544396168717,35.00000_-70.00000,0.9356884050843415,1.5489675761369568,-0.2528559910843755,-0.7333324238630434
L0000.ANS,35.0,-60.0,9.000134400036,2002/01/00,0,4.4,TOTAL,2.1501,0.13819,microSv/hr,ICRP Pub. 103 EFFECTIVE DOSE,0.573576436351046,0.8191520442889918,-0.8660254037844386,0.5000000000000001,-0.9374831999955,1.147434198365393,35.00000_-60.00000,0.9378248572036072,1.554419144750986,-0.20960934116178587,-0.595680855249014
L0000.ANS,35.0,-50.0,9.000134400036,2002/01/00,0,5.4,TOTAL,1.9824,0.12962,microSv/hr,ICRP Pub. 103 EFFECTIVE DOSE,0.573576436351046,0.8191520442889918,-0.766044443118978,0.6427876096865394,-0.9374831999955,1.092728345509135,35.00000_-50.00000,0.9399025758903559,1.5597320265674677,-0.15282576961877914,-0.42266797343253226
L0000.ANS,35.0,-40.0,9.000134400036,2002/01/00,0,6.8,TOTAL,1.7749,0.11761,microSv/hr,ICRP Pub. 103 EFFECTIVE DOSE,0.573576436351046,0.8191520442889918,-0.6427876096865393,0.766044443118978,-0.9374831999955,1.020614710513048,35.00000_-40.00000,0.9418584307136673,1.5647433899501102,-0.07875627979938082,-0.21015661004988972
L0000.ANS,35.0,-30.0,9.000134400036,2002/01/00,0,8.48,TOTAL,1.5686,0.10524,microSv/hr,ICRP Pub. 103 EFFECTIVE DOSE,0.573576436351046,0.8191520442889918,-0.49999999999999994,0.8660254037844387,-0.9374831999955,0.9433610033968184,35.00000_-30.00000,0.9436329940144459,1.5692987301201489,0.00027199061762750443,0.0006987301201488716
L0000.ANS,35.0,-20.0,9.000134400036,2002/01/00,0,9.28,TOTAL,1.4713,0.097973,microSv/hr,ICRP Pub. 103 EFFECTIVE DOSE,0.573576436351046,0.8191520442889918,-0.3420201433256687,0.9396926207859084,-0.9374831999955,0.9047443279737832,35.00000_-20.00000,0.9451723465847692,1.5732568324001517,0.040428018610985994,0.10195683240015163
L0000.ANS,35.0,-10.0,9.000134400036,2002/01/00,0,9.64,TOTAL,1.4303,0.094647,microSv/hr,ICRP Pub. 103 EFFECTIVE DOSE,0.573576436351046,0.8191520442889918,-0.17364817766693033,0.984807753012208,-0.9374831999955,0.8880147065224182,35.00000_-10.00000,0.9464297159757384,1.5764944017600775,0.05841500945332023,0.14619440176007759
L0000.ANS,35.0,0.0,9.000134400036,2002/01/00,0,9.74,TOTAL,1.4184,0.093517,microSv/hr,ICRP Pub. 103 EFFECTIVE DOSE,0.573576436351046,0.8191520442889918,0.0,1.0,-0.9374831999955,0.8831061644831113,35.00000_0.00000,0.9473668976546681,1.578910176942576,0.06426073317155678,0.16051017694257586
L0000.ANS,35.0,10.0,9.000134400036,2002/01/00,0,9.75,TOTAL,1.4177,0.09346,microSv/hr,ICRP Pub. 103 EFFECTIVE DOSE,0.573576436351046,0.8191520442889918,0.17364817766693033,0.984807753012208,-0.9374831999955,0.8828166750164382,35.00000_10.00000,0.947955415830481,1.5804283591505885,0.0651387408140428,0.1627283591505886
L0000.ANS,35.0,20.0,9.000134400036,2002/01/00,0,9.69,TOTAL,1.4238,0.094013,microSv/hr,ICRP Pub. 103 EFFECTIVE DOSE,0.573576436351046,0.8191520442889918,0.3420201433256687,0.9396926207859084,-0.9374831999955,0.88533655655225,35.00000_20.00000,0.9481773886762097,1.5810012077527333,0.06284083212395974,0.15720120775273339
L0000.ANS,35.0,30.0,9.000134400036,2002/01/00,0,9.81,TOTAL,1.4111,0.092912,microSv/hr,ICRP Pub. 103 EFFECTIVE DOSE,0.573576436351046,0.8191520442889918,0.49999999999999994,0.8660254037844387,-0.9374831999955,0.8800830749046453,35.00000_30.00000,0.9480260716592603,1.5806106878961284,0.06794299675461501,0.16951068789612833
L0000.ANS,35.0,40.0,9.000134400036,2002/01/00,0,10.1,TOTAL,1.3783,0.090773,microSv/hr,ICRP Pub. 103 EFFECTIVE DOSE,0.573576436351046,0.8191520442889918,0.6427876096865393,0.766044443118978,-0.9374831999955,0.8663859467455146,35.00000_40.00000,0.9475060624706226,1.57926909547655,0.08112011572510802,0.20096909547654995
L0000.ANS,35.0,50.0,9.000134400036,2002/01/00,0,10.43,TOTAL,1.3426,0.089484,microSv/hr,ICRP Pub. 103 EFFECTIVE DOSE,0.573576436351046,0.8191520442889918,0.766044443118978,0.6427876096865394,-0.9374831999955,0.8512614236536372,35.00000_50.00000,0.9466331613263566,1.5770186308911907,0.09537173767271934,0.23441863089119064
L0000.ANS,35.0,60.0,9.000134400036,2002/01/00,0,10.78,TOTAL,1.3149,0.086319,microSv/hr,ICRP Pub. 103 EFFECTIVE DOSE,0.573576436351046,0.8191520442889918,0.8660254037844386,0.5000000000000001,-0.9374831999955,0.8393664900609233,35.00000_60.00000,0.9454338908860205,1.5739299410803544,0.10606740082509714,0.2590299410803545
L0000.ANS,35.0,70.0,9.000134400036,2002/01/00,0,10.98,TOTAL,1.2989,0.084899,microSv/hr,ICRP Pub. 103 EFFECTIVE DOSE,0.573576436351046,0.8191520442889918,0.9396926207859083,0.3420201433256688,-0.9374831999955,0.8324307476623313,35.00000_70.00000,0.9439446903750848,1.5700996960063125,0.1115139427127535,0.27119969600631255
L0000.ANS,35.0,80.0,9.000134400036,2002/01/00,0,11.31,TOTAL,1.2736,0.083068,microSv/hr,ICRP Pub. 103 EFFECTIVE DOSE,0.573576436351046,0.8191520442889918,0.984807753012208,0.17364817766693041,-0.9374831999955,0.8213644783606991,35.00000_80.00000,0.9422108083975016,1.5656473075363297,0.12084633003680245,0.2920473075363297
L0000.ANS,35.0,90.0,9.000134400036,2002/01/00,0,11.14,TOTAL,1.2861,0.083993,microSv/hr,ICRP Pub. 103 EFFECTIVE DOSE,0.573576436351046,0.8191520442889918,1.0,6.123233995736766e-17,-0.9374831999955,0.8268473089477884,35.00000_90.00000,0.940284928079774,1.5607109328437028,0.11343761913198569,0.27461093284370275
L0000.ANS,35.0,100.0,9.000134400036,2002/01/00,0,11.22,TOTAL,1.2799,0.083521,microSv/hr,ICRP Pub. 103 EFFECTIVE DOSE,0.573576436351046,0.8191520442889918,0.984807753012208,-0.1736481776669303,-0.9374831999955,0.8241315823553641,35.00000_100.00000,0.938225566320813,1.5554429288975749,0.1140939839654489,0.2755429288975748
L0000.ANS,35.0,110.0,9.000134400036,2002/01/00,0,11.4,TOTAL,1.2669,0.082651,microSv/hr,ICRP Pub. 103 EFFECTIVE DOSE,0.573576436351046,0.8191520442889918,0.9396926207859084,-0.3420201433256687,-0.9374831999955,0.8184132593923426,35.00000_110.00000,0.9360952957855777,1.5500049383736514,0.11768203639323516,0.28310493837365147
L0000.ANS,35.0,120.0,9.000134400036,2002/01/00,0,11.59,TOTAL,1.252,0.081954,microSv/hr,ICRP Pub. 103 EFFECTIVE DOSE,0.573576436351046,0.8191520442889918,0.8660254037844387,-0.4999999999999998,-0.9374831999955,0.8118187102774439,35.00000_120.00000,0.933958843666312,1.5445627904331993,0.12214013338886809,0.2925627904331993
L0000.ANS,35.0,130.0,9.000134400036,2002/01/00,0,11.73,TOTAL,1.2416,0.081657,microSv/hr,ICRP Pub. 103 EFFECTIVE DOSE,0.573576436351046,0.8191520442889918,0.766044443118978,-0.6427876096865394,-0.9374831999955,0.8071898966006055,35.00000_130.00000,0.9318811249795633,1.5392813933026113,0.12469122837895785,0.29768139330261123
L0000.ANS,35.0,140.0,9.000134400036,2002/01/00,0,11.69,TOTAL,1.2446,0.081727,microSv/hr,ICRP Pub. 103 EFFECTIVE DOSE,0.573576436351046,0.8191520442889918,0.6427876096865395,-0.7660444431189779,-0.9374831999955,0.8085273316000183,35.00000_140.00000,0.9299252701562515,1.5343197812199019,0.12139793855623315,0.28971978121990194
L0000.ANS,35.0,150.0,9.000134400036,2002/01/00,0,11.33,TOTAL,1.2718,0.082953,microSv/hr,ICRP Pub. 103 EFFECTIVE DOSE,0.573576436351046,0.8191520442889918,0.49999999999999994,-0.8660254037844387,-0.9374831999955,0.8205724688151842,35.00000_150.00000,0.9281507068554733,1.5298264583657812,0.1075782380402891,0.2580264583657812
L0000.ANS,35.0,160.0,9.000134400036,2002/01/00,0,10.76,TOTAL,1.3164,0.086472,microSv/hr,ICRP Pub. 103 EFFECTIVE DOSE,0.573576436351046,0.8191520442889918,0.3420201433256689,-0.9396926207859083,-0.9374831999955,0.8400142563694977,35.00000_160.00000,0.92661135428515,1.5259351593136268,0.08659709791565229,0.20953515931362676
L0000.ANS,35.0,170.0,9.000134400036,2002/01/00,0,10.05,TOTAL,1.3835,0.091089,microSv/hr,ICRP Pub. 103 EFFECTIVE DOSE,0.573576436351046,0.8191520442889918,0.17364817766693028,-0.984807753012208,-0.9374831999955,0.8685699956627433,35.00000_170.00000,0.9253539848941807,1.5227611216478099,0.05678398923143746,0.1392611216478099
L0000.ANS,40.0,-179.99999,9.000134400036,2002/01/00,0,7.73,TOTAL,1.6563,0.1099,microSv/hr,ICRP Pub. 103 EFFECTIVE DOSE,0.6427876096865393,0.766044443118978,-1.745329251238221e-07,-0.9999999999999848,-0.9374831999955,0.9769341770428412,40.00000_-179.99999,0.9602144661400425,1.612256653952466,-0.01671971090279878,-0.044043346047534015
L0000.ANS,40.0,-170.0,9.000134400036,2002/01/00,0,6.85,TOTAL,1.7683,0.11702,microSv/hr,ICRP Pub. 103 EFFECTIVE DOSE,0.6427876096865393,0.766044443118978,-0.17364817766693028,-0.984807753012208,-0.9374831999955,1.0182334133854627,40.00000_-170.00000,0.959625948730966,1.6107197477270332,-0.05860746465449673,-0.1575802522729668
L0000.ANS,40.0,-160.0,9.000134400036,2002/01/00,0,6.05,TOTAL,1.8821,0.12401,microSv/hr,ICRP Pub. 103 EFFECTIVE DOSE,0.6427876096865393,0.766044443118978,-0.3420201433256689,-0.9396926207859083,-0.9374831999955,1.0585191951016655,40.00000_-160.00000,0.9594039758852373,1.6101403031480905,-0.09911521921642819,-0.27195969685190957
L0000.ANS,40.0,-150.0,9.000134400036,2002/01/00,0,5.46,TOTAL,1.9732,0.12897,microSv/hr,ICRP Pub. 103 EFFECTIVE DOSE,0.6427876096865393,0.766044443118978,-0.49999999999999994,-0.8660254037844387,-0.9374831999955,1.0896388138690014,40.00000_-150.00000,0.9595552929021867,1.6105352916760713,-0.13008352096681475,-0.3626647083239287
L0000.ANS,40.0,-140.0,9.000134400036,2002/01/00,0,4.92,TOTAL,2.0601,0.13365,microSv/hr,ICRP Pub. 103 EFFECTIVE DOSE,0.6427876096865393,0.766044443118978,-0.6427876096865395,-0.7660444431189779,-0.9374831999955,1.1184475951688804,40.00000_-140.00000,0.9600753020908241,1.6118931470330387,-0.15837229307805623,-0.44820685296696117
L0000.ANS,40.0,-130.0,9.000134400036,2002/01/00,0,4.33,TOTAL,2.1608,0.1387,microSv/hr,ICRP Pub. 103 EFFECTIVE DOSE,0.6427876096865393,0.766044443118978,-0.766044443118978,-0.6427876096865394,-0.9374831999955,1.1508251601150439,40.00000_-130.00000,0.9609482032350907,1.6141740669137423,-0.1898769568799532,-0.5466259330862577
L0000.ANS,40.0,-120.0,9.000134400036,2002/01/00,0,3.62,TOTAL,2.286,0.14454,microSv/hr,ICRP Pub. 103 EFFECTIVE DOSE,0.6427876096865393,0.766044443118978,-0.8660254037844387,-0.4999999999999998,-0.9374831999955,1.1896710196150764,40.00000_-120.00000,0.9621474736754263,1.617311049267208,-0.22752354593965007,-0.668688950732792
L0000.ANS,40.0,-110.0,9.000134400036,2002/01/00,0,2.98,TOTAL,2.394,0.14841,microSv/hr,ICRP Pub. 103 EFFECTIVE DOSE,0.6427876096865393,0.766044443118978,-0.9396926207859084,-0.3420201433256687,-0.9374831999955,1.2220091668120345,40.00000_-110.00000,0.9636366741863622,1.621211653889383,-0.2583724926256723,-0.7727883461106171
L0000.ANS,40.0,-100.0,9.000134400036,2002/01/00,0,2.51,TOTAL,2.4652,0.15021,microSv/hr,ICRP Pub. 103 EFFECTIVE DOSE,0.6427876096865393,0.766044443118978,-0.984807753012208,-0.1736481776669303,-0.9374831999955,1.2427703510338481,40.00000_-100.00000,0.9653705561639452,1.6257604679492417,-0.27739979486990296,-0.8394395320507582
L0000.ANS,40.0,-90.0,9.000134400036,2002/01/00,0,2.21,TOTAL,2.5045,0.15114,microSv/hr,ICRP Pub. 103 EFFECTIVE DOSE,0.6427876096865393,0.766044443118978,-1.0,6.123233995736766e-17,-0.9374831999955,1.2540478569582425,40.00000_-90.00000,0.9672964364816732,1.6308222409735378,-0.2867514204765693,-0.8736777590264624
L0000.ANS,40.0,-80.0,9.000134400036,2002/01/00,0,2.18,TOTAL,2.5087,0.15128,microSv/hr,ICRP Pub. 103 EFFECTIVE DOSE,0.6427876096865393,0.766044443118978,-0.984807753012208,0.17364817766693041,-0.9374831999955,1.2552455985033588,40.00000_-80.00000,0.9693557982406338,1.6362456381428832,-0.28588980026272504,-0.872454361857117
L0000.ANS,40.0,-70.0,9.000134400036,2002/01/00,0,2.47,TOTAL,2.4705,0.15036,microSv/hr,ICRP Pub. 103 EFFECTIVE DOSE,0.6427876096865393,0.766044443118978,-0.9396926207859083,0.3420201433256688,-0.9374831999955,1.2442986757975012,40.00000_-70.00000,0.9714860687758693,1.6418675405099037,-0.2728126070216319,-0.8286324594900962
L0000.ANS,40.0,-60.0,9.000134400036,2002/01/00,0,3.02,TOTAL,2.3863,0.14799,microSv/hr,ICRP Pub. 103 EFFECTIVE DOSE,0.6427876096865393,0.766044443118978,-0.8660254037844386,0.5000000000000001,-0.9374831999955,1.2197378799043184,40.00000_-60.00000,0.9736225208951348,1.6475177976183493,-0.24611535900918358,-0.7387822023816506
L0000.ANS,40.0,-50.0,9.000134400036,2002/01/00,0,3.94,TOTAL,2.23,0.14189,microSv/hr,ICRP Pub. 103 EFFECTIVE DOSE,0.6427876096865393,0.766044443118978,-0.766044443118978,0.6427876096865394,-0.9374831999955,1.172482137234565,40.00000_-50.00000,0.9757002395818839,1.653024313334333,-0.19678189765268117,-0.576975686665667
L0000.ANS,40.0,-40.0,9.000134400036,2002/01/00,0,4.84,TOTAL,2.0733,0.13438,microSv/hr,ICRP Pub. 103 EFFECTIVE DOSE,0.6427876096865393,0.766044443118978,-0.6427876096865393,0.766044443118978,-0.9374831999955,1.1227519028545898,40.00000_-40.00000,0.9776560944051953,1.658218321441085,-0.14509580844939451,-0.4150816785589151
L0000.ANS,40.0,-30.0,9.000134400036,2002/01/00,0,5.56,TOTAL,1.956,0.12799,microSv/hr,ICRP Pub. 103 EFFECTIVE DOSE,0.6427876096865393,0.766044443118978,-0.49999999999999994,0.8660254037844387,-0.9374831999955,1.0838370030859554,40.00000_-30.00000,0.9794306577059737,1.662939686060969,-0.10440634537998172,-0.29306031393903087
L0000.ANS,40.0,-20.0,9.000134400036,2002/01/00,0,6.2,TOTAL,1.86,0.12236,microSv/hr,ICRP Pub. 103 EFFECTIVE DOSE,0.6427876096865393,0.766044443118978,-0.3420201433256687,0.9396926207859084,-0.9374831999955,1.0508216248317612,40.00000_-20.00000,0.980970010276297,1.6670420457902384,-0.06985161455546418,-0.1929579542097617
L0000.ANS,40.0,-10.0,9.000134400036,2002/01/00,0,6.83,TOTAL,1.7709,0.11724,microSv/hr,ICRP Pub. 103 EFFECTIVE DOSE,0.6427876096865393,0.766044443118978,-0.17364817766693033,0.984807753012208,-0.9374831999955,1.019172177174798,40.00000_-10.00000,0.9822273796672663,1.6703976119740578,-0.03694479750753166,-0.10050238802594214
L0000.ANS,40.0,0.0,9.000134400036,2002/01/00,0,7.09,TOTAL,1.7356,0.11473,microSv/hr,ICRP Pub. 103 EFFECTIVE DOSE,0.6427876096865393,0.766044443118978,0.0,1.0,-0.9374831999955,1.0063507902418038,40.00000_0.00000,0.9831645613461959,1.6729014327756877,-0.023186228895607952,-0.06269856722431233
L0000.ANS,40.0,10.0,9.000134400036,2002/01/00,0,7.27,TOTAL,1.7124,0.11382,microSv/hr,ICRP Pub. 103 EFFECTIVE DOSE,0.6427876096865393,0.766044443118978,0.17364817766693033,0.984807753012208,-0.9374831999955,0.99783385182755,40.00000_10.00000,0.9837530795220089,1.6744749468264262,-0.014080772305541167,-0.03792505317357375
L0000.ANS,40.0,20.0,9.000134400036,2002/01/00,0,7.27,TOTAL,1.7129,0.11383,microSv/hr,ICRP Pub. 103 EFFECTIVE DOSE,0.6427876096865393,0.766044443118978,0.3420201433256687,0.9396926207859084,-0.9374831999955,0.9980181734324072,40.00000_20.00000,0.9839750523677375,1.6750686735343687,-0.01404312106466965,-0.037831326465631365
L0000.ANS,40.0,30.0,9.000134400036,2002/01/00,0,7.23,TOTAL,1.7177,0.11398,microSv/hr,ICRP Pub. 103 EFFECTIVE DOSE,0.6427876096865393,0.766044443118978,0.49999999999999994,0.8660254037844387,-0.9374831999955,0.9997859343612148,40.00000_30.00000,0.9838237353507882,1.6746639207463194,-0.015962199010426614,-0.04303607925368058
L0000.ANS,40.0,40.0,9.000134400036,2002/01/00,0,7.25,TOTAL,1.7154,0.1139,microSv/hr,ICRP Pub. 103 EFFECTIVE DOSE,0.6427876096865393,0.766044443118978,0.6427876096865393,0.766044443118978,-0.9374831999955,0.9989392721840438,40.00000_40.00000,0.9833037261621507,1.673273432495681,-0.0156355460218931,-0.04212656750431898
L0000.ANS,40.0,50.0,9.000134400036,2002/01/00,0,7.41,TOTAL,1.6944,0.11342,microSv/hr,ICRP Pub. 103 EFFECTIVE DOSE,0.6427876096865393,0.766044443118978,0.766044443118978,0.6427876096865394,-0.9374831999955,0.9911755450658706,40.00000_50.00000,0.9824308250178841,1.6709409472201557,-0.008744720047986432,-0.02345905277984417
L0000.ANS,40.0,60.0,9.000134400036,2002/01/00,0,7.67,TOTAL,1.6632,0.11057,microSv/hr,ICRP Pub. 103 EFFECTIVE DOSE,0.6427876096865393,0.766044443118978,0.8660254037844386,0.5000000000000001,-0.9374831999955,0.9795284072786781,40.00000_60.00000,0.9812315545775485,1.6677396866665337,0.0017031472988704444,0.004539686666533704
L0000.ANS,40.0,70.0,9.000134400036,2002/01/00,0,7.94,TOTAL,1.6307,0.10788,microSv/hr,ICRP Pub. 103 EFFECTIVE DOSE,0.6427876096865393,0.766044443118978,0.9396926207859083,0.3420201433256688,-0.9374831999955,0.9672499704712826,40.00000_70.00000,0.9797423540666126,1.6637698440416044,0.012492383595330003,0.0330698440416044
L0000.ANS,40.0,80.0,9.000134400036,2002/01/00,0,8.25,TOTAL,1.5951,0.10622,microSv/hr,ICRP Pub. 103 EFFECTIVE DOSE,0.6427876096865393,0.766044443118978,0.984807753012208,0.17364817766693041,-0.9374831999955,0.9536250515208451,40.00000_80.00000,0.9780084720890296,1.6591551833112341,0.024383420568184544,0.06405518331123417
L0000.ANS,40.0,90.0,9.000134400036,2002/01/00,0,8.46,TOTAL,1.5709,0.10553,microSv/hr,ICRP Pub. 103 EFFECTIVE DOSE,0.6427876096865393,0.766044443118978,1.0,6.123233995736766e-17,-0.9374831999955,0.9442560321558571,40.00000_90.00000,0.9760825917713016,1.6540388969408861,0.03182655961544456,0.08313889694088616
L0000.ANS,40.0,100.0,9.000134400036,2002/01/00,0,8.67,TOTAL,1.5489,0.10299,microSv/hr,ICRP Pub. 103 EFFECTIVE DOSE,0.6427876096865393,0.766044443118978,0.984807753012208,-0.1736481776669303,-0.9374831999955,0.9356618935534116,40.00000_100.00000,0.974023230012341,1.648578894719264,0.038361336458929474,0.09967889471926417
L0000.ANS,40.0,110.0,9.000134400036,2002/01/00,0,8.92,TOTAL,1.5177,0.10027,microSv/hr,ICRP Pub. 103 EFFECTIVE DOSE,0.6427876096865393,0.766044443118978,0.9396926207859084,-0.3420201433256687,-0.9374831999955,0.9233457863478322,40.00000_110.00000,0.9718929594771055,1.6429427105695509,0.04854717312927337,0.12524271056955083
L0000.ANS,40.0,120.0,9.000134400036,2002/01/00,0,9.2,TOTAL,1.4822,0.098368,microSv/hr,ICRP Pub. 103 EFFECTIVE DOSE,0.6427876096865393,0.766044443118978,0.8660254037844387,-0.4999999999999998,-0.9374831999955,0.9091452637132837,40.00000_120.00000,0.96975650735784,1.6373022174816314,0.06061124364455628,0.15510221748163144
L0000.ANS,40.0,130.0,9.000134400036,2002/01/00,0,9.48,TOTAL,1.4484,0.096665,microSv/hr,ICRP Pub. 103 EFFECTIVE DOSE,0.6427876096865393,0.766044443118978,0.766044443118978,-0.6427876096865394,-0.9374831999955,0.8954347499947777,40.00000_130.00000,0.9676787886710909,1.6318283339460113,0.07224403867631324,0.18342833394601143
L0000.ANS,40.0,140.0,9.000134400036,2002/01/00,0,9.57,TOTAL,1.438,0.095467,microSv/hr,ICRP Pub. 103 EFFECTIVE DOSE,0.6427876096865393,0.766044443118978,0.6427876096865395,-0.7660444431189779,-0.9374831999955,0.8911780310590798,40.00000_140.00000,0.9657229338477795,1.6266858903807722,0.07454490278869974,0.18868589038077221
L0000.ANS,40.0,150.0,9.000134400036,2002/01/00,0,9.41,TOTAL,1.4557,0.097584,microSv/hr,ICRP Pub. 103 EFFECTIVE DOSE,0.6427876096865393,0.766044443118978,0.49999999999999994,-0.8660254037844387,-0.9374831999955,0.8984118529868635,40.00000_150.00000,0.9639483705470011,1.6220288033670078,0.06553651756013756,0.16632880336700784
L0000.ANS,40.0,160.0,9.000134400036,2002/01/00,0,9.02,TOTAL,1.5048,0.099474,microSv/hr,ICRP Pub. 103 EFFECTIVE DOSE,0.6427876096865393,0.766044443118978,0.3420201433256689,-0.9396926207859083,-0.9374831999955,0.9182088910300589,40.00000_160.00000,0.9624090179766778,1.617995681583684,0.0442001269466189,0.1131956815836841
L0000.ANS,40.0,170.0,9.000134400036,2002/01/00,0,8.45,TOTAL,1.5714,0.10559,microSv/hr,ICRP Pub. 103 EFFECTIVE DOSE,0.6427876096865393,0.766044443118978,0.17364817766693028,-0.984807753012208,-0.9374831999955,0.9444504976680114,40.00000_170.00000,0.9611516485857086,1.6147059625773772,0.016701150917697194,0.04330596257737729
L0000.ANS,45.0,-179.99999,9.000134400036,2002/01/00,0,5.48,TOTAL,1.9694,0.12873,microSv/hr,ICRP Pub. 103 EFFECTIVE DOSE,0.7071067811865475,0.7071067811865476,-1.745329251238221e-07,-0.9999999999999848,-0.9374831999955,1.0883599122037584,45.00000_-179.99999,1.000265879995291,1.7190046613079346,-0.08809403220846734,-0.25039533869206543
L0000.ANS,45.0,-170.0,9.000134400036,2002/01/00,0,5.03,TOTAL,2.0426,0.13297,microSv/hr,ICRP Pub. 103 EFFECTIVE DOSE,0.7071067811865475,0.7071067811865476,-0.17364817766693028,-0.984807753012208,-0.9374831999955,1.1127124130468915,45.00000_-170.00000,0.9996773625862145,1.7174049505043953,-0.11303505046067697,-0.32519504949560485
L0000.ANS,45.0,-160.0,9.000134400036,2002/01/00,0,4.59,TOTAL,2.1169,0.13738,microSv/hr,ICRP Pub. 103 EFFECTIVE DOSE,0.7071067811865475,0.7071067811865476,-0.3420201433256689,-0.9396926207859083,-0.9374831999955,1.136838918140304,45.00000_-160.00000,0.9994553897404861,1.716801827335495,-0.13738352839981793,-0.40009817266450476
L0000.ANS,45.0,-150.0,9.000134400036,2002/01/00,0,4.08,TOTAL,2.2044,0.14135,microSv/hr,ICRP Pub. 103 EFFECTIVE DOSE,0.7071067811865475,0.7071067811865476,-0.49999999999999994,-0.8660254037844387,-0.9374831999955,1.1645248653588247,45.00000_-150.00000,0.9996067067574355,1.7172129567883068,-0.16491815860138925,-0.48718704321169337
L0000.ANS,45.0,-140.0,9.000134400036,2002/01/00,0,3.47,TOTAL,2.3119,0.1452,microSv/hr,ICRP Pub. 103 EFFECTIVE DOSE,0.7071067811865475,0.7071067811865476,-0.6427876096865395,-0.7660444431189779,-0.9374831999955,1.1975220428304734,45.00000_-140.00000,1.000126715946073,1.7186262999371849,-0.19739532688440042,-0.5932737000628152
L0000.ANS,45.0,-130.0,9.000134400036,2002/01/00,0,2.89,TOTAL,2.4083,0.14873,microSv/hr,ICRP Pub. 103 EFFECTIVE DOSE,0.7071067811865475,0.7071067811865476,-0.766044443118978,-0.6427876096865394,-0.9374831999955,1.2262136332618314,45.00000_-130.00000,1.0009996170903392,1.7210004279840285,-0.22521401617149217,-0.6872995720159716
L0000.ANS,45.0,-120.0,9.000134400036,2002/01/00,0,2.38,TOTAL,2.4833,0.15079,microSv/hr,ICRP Pub. 103 EFFECTIVE DOSE,0.7071067811865475,0.7071067811865476,-0.8660254037844387,-0.4999999999999998,-0.9374831999955,1.2479801203189331,45.00000_-120.00000,1.002198887530675,1.724265600886779,-0.24578123278825803,-0.7590343991132209
L0000.ANS,45.0,-110.0,9.000134400036,2002/01/00,0,1.94,TOTAL,2.5354,0.1517,microSv/hr,ICRP Pub. 103 EFFECTIVE DOSE,0.7071067811865475,0.7071067811865476,-0.9396926207859084,-0.3420201433256687,-0.9374831999955,1.2628264471196458,45.00000_-110.00000,1.003688088041611,1.7283256009382924,-0.25913835907803473,-0.8070743990617077
L0000.ANS,45.0,-100.0,9.000134400036,2002/01/00,0,1.6,TOTAL,2.5626,0.152,microSv/hr,ICRP Pub. 103 EFFECTIVE DOSE,0.7071067811865475,0.7071067811865476,-0.984807753012208,-0.1736481776669303,-0.9374831999955,1.2704906153762476,45.00000_-100.00000,1.005421970019194,1.7330602990444164,-0.26506864535705366,-0.8295397009555838
L0000.ANS,45.0,-90.0,9.000134400036,2002/01/00,0,1.46,TOTAL,2.5702,0.15204,microSv/hr,ICRP Pub. 103 EFFECTIVE DOSE,0.7071067811865475,0.7071067811865476,-1.0,6.123233995736766e-17,-0.9374831999955,1.2726216166313147,45.00000_-90.00000,1.0073478503369218,1.738328917817659,-0.2652737662943929,-0.8318710821823407
L0000.ANS,45.0,-80.0,9.000134400036,2002/01/00,0,1.43,TOTAL,2.5713,0.15205,microSv/hr,ICRP Pub. 103 EFFECTIVE DOSE,0.7071067811865475,0.7071067811865476,-0.984807753012208,0.17364817766693041,-0.9374831999955,1.2729296751648718,45.00000_-80.00000,1.0094072120958826,1.7439739382490413,-0.2635224630689892,-0.8273260617509586
L0000.ANS,45.0,-70.0,9.000134400036,2002/01/00,0,1.56,TOTAL,2.5648,0.152,microSv/hr,ICRP Pub. 103 EFFECTIVE DOSE,0.7071067811865475,0.7071067811865476,-0.9396926207859083,0.3420201433256688,-0.9374831999955,1.271107951310773,45.00000_-70.00000,1.011537482631118,1.7498255756515986,-0.25957046867965494,-0.8149744243484014
L0000.ANS,45.0,-60.0,9.000134400036,2002/01/00,0,1.96,TOTAL,2.533,0.1517,microSv/hr,ICRP Pub. 103 EFFECTIVE DOSE,0.7071067811865475,0.7071067811865476,-0.8660254037844386,0.5000000000000001,-0.9374831999955,1.2621473683770081,45.00000_-60.00000,1.0136739347503836,1.755706726491891,-0.24847343362662455,-0.7772932735081088
L0000.ANS,45.0,-50.0,9.000134400036,2002/01/00,0,2.58,TOTAL,2.4548,0.15,microSv/hr,ICRP Pub. 103 EFFECTIVE DOSE,0.7071067811865475,0.7071067811865476,-0.766044443118978,0.6427876096865394,-0.9374831999955,1.2397645684239935,45.00000_-50.00000,1.0157516534371325,1.7614382620501101,-0.22401291498686104,-0.69336173794989
L0000.ANS,45.0,-40.0,9.000134400036,2002/01/00,0,3.15,TOTAL,2.3649,0.14719,microSv/hr,ICRP Pub. 103 EFFECTIVE DOSE,0.7071067811865475,0.7071067811865476,-0.6427876096865393,0.766044443118978,-0.9374831999955,1.2133982449730913,45.00000_-40.00000,1.017707508260444,1.7668445195982585,-0.19569073671264725,-0.5980554804017415
L0000.ANS,45.0,-30.0,9.000134400036,2002/01/00,0,3.93,TOTAL,2.2304,0.14191,microSv/hr,ICRP Pub. 103 EFFECTIVE DOSE,0.7071067811865475,0.7071067811865476,-0.49999999999999994,0.8660254037844387,-0.9374831999955,1.172605968576436,45.00000_-30.00000,1.0194820715612225,1.7717588194201292,-0.15312389701521356,-0.4586411805798707
L0000.ANS,45.0,-20.0,9.000134400036,2002/01/00,0,4.42,TOTAL,2.1453,0.13801,microSv/hr,ICRP Pub. 103 EFFECTIVE DOSE,0.7071067811865475,0.7071067811865476,-0.3420201433256687,0.9396926207859084,-0.9374831999955,1.1459092751102684,45.00000_-20.00000,1.0210214241315458,1.7760288191574707,-0.12488785097872257,-0.3692711808425295
L0000.ANS,45.0,-10.0,9.000134400036,2002/01/00,0,4.75,TOTAL,2.0891,0.13544,microSv/hr,ICRP Pub. 103 EFFECTIVE DOSE,0.7071067811865475,0.7071067811865476,-0.17364817766693033,0.984807753012208,-0.9374831999955,1.1278797863486778,45.00000_-10.00000,1.0222787935225148,1.7795215081630955,-0.10560099282616298,-0.30957849183690467
L0000.ANS,45.0,0.0,9.000134400036,2002/01/00,0,4.96,TOTAL,2.054,0.13337,microSv/hr,ICRP Pub. 103 EFFECTIVE DOSE,0.7071067811865475,0.7071067811865476,0.0,1.0,-0.9374831999955,1.1164522067964406,45.00000_0.00000,1.0232159752014447,1.7821276458182196,-0.09323623159499594,-0.27187235418178024
L0000.ANS,45.0,10.0,9.000134400036,2002/01/00,0,5.06,TOTAL,2.0365,0.13281,microSv/hr,ICRP Pub. 103 EFFECTIVE DOSE,0.7071067811865475,0.7071067811865476,0.17364817766693033,0.984807753012208,-0.9374831999955,1.1107055363554932,45.00000_10.00000,1.0238044933772574,1.7837654603997677,-0.08690104297823575,-0.2527345396002325
L0000.ANS,45.0,20.0,9.000134400036,2002/01/00,0,5.14,TOTAL,2.0238,0.1326,microSv/hr,ICRP Pub. 103 EFFECTIVE DOSE,0.7071067811865475,0.7071067811865476,0.3420201433256687,0.9396926207859084,-0.9374831999955,1.1065143185639639,45.00000_20.00000,1.0240264662229863,1.7843834493266972,-0.08248785234097755,-0.2394165506733028
L0000.ANS,45.0,30.0,9.000134400036,2002/01/00,0,5.2,TOTAL,2.0145,0.13239,microSv/hr,ICRP Pub. 103 EFFECTIVE DOSE,0.7071067811865475,0.7071067811865476,0.49999999999999994,0.8660254037844387,-0.9374831999955,1.103433978947323,45.00000_30.00000,1.0238751492060367,1.7839621566042843,-0.07955882974128636,-0.2305378433957157
L0000.ANS,45.0,40.0,9.000134400036,2002/01/00,0,5.2,TOTAL,2.0144,0.13239,microSv/hr,ICRP Pub. 103 EFFECTIVE DOSE,0.7071067811865475,0.7071067811865476,0.6427876096865393,0.766044443118978,-0.9374831999955,1.103400805399907,45.00000_40.00000,1.0233551400173995,1.782514847041781,-0.08004566538250746,-0.2318851529582191
L0000.ANS,45.0,50.0,9.000134400036,2002/01/00,0,5.26,TOTAL,2.0036,0.13139,microSv/hr,ICRP Pub. 103 EFFECTIVE DOSE,0.7071067811865475,0.7071067811865476,0.766044443118978,0.6427876096865394,-0.9374831999955,1.0998115692435917,45.00000_50.00000,1.022482238873133,1.780087046416988,-0.07732933037045875,-0.22351295358301204
L0000.ANS,45.0,60.0,9.000134400036,2002/01/00,0,5.45,TOTAL,1.9746,0.12906,microSv/hr,ICRP Pub. 103 EFFECTIVE DOSE,0.7071067811865475,0.7071067811865476,0.8660254037844386,0.5000000000000001,-0.9374831999955,1.0901095761763604,45.00000_60.00000,1.0212829684327973,1.77675496863122,-0.06882660774356308,-0.19784503136877984
L0000.ANS,45.0,70.0,9.000134400036,2002/01/00,0,5.56,TOTAL,1.9565,0.12802,microSv/hr,ICRP Pub. 103 EFFECTIVE DOSE,0.7071067811865475,0.7071067811865476,0.9396926207859083,0.3420201433256688,-0.9374831999955,1.0840061362787474,45.00000_70.00000,1.0197937679218612,1.77262290121529,-0.06421236835688626,-0.1838770987847098
L0000.ANS,45.0,80.0,9.000134400036,2002/01/00,0,5.67,TOTAL,1.9391,0.12734,microSv/hr,ICRP Pub. 103 EFFECTIVE DOSE,0.7071067811865475,0.7071067811865476,0.984807753012208,0.17364817766693041,-0.9374831999955,1.0781034120365693,45.00000_80.00000,1.0180598859442784,1.7678196656613696,-0.06004352609229091,-0.17128033433863044
L0000.ANS,45.0,90.0,9.000134400036,2002/01/00,0,5.78,TOTAL,1.9226,0.12699,microSv/hr,ICRP Pub. 103 EFFECTIVE DOSE,0.7071067811865475,0.7071067811865476,1.0,6.123233995736766e-17,-0.9374831999955,1.0724736310584149,45.00000_90.00000,1.0161340056265504,1.7624943058930198,-0.05633962543186444,-0.16010569410698028
L0000.ANS,45.0,100.0,9.000134400036,2002/01/00,0,5.93,TOTAL,1.8995,0.12564,microSv/hr,ICRP Pub. 103 EFFECTIVE DOSE,0.7071067811865475,0.7071067811865476,0.984807753012208,-0.1736481776669303,-0.9374831999955,1.0645383083343583,45.00000_100.00000,1.0140746438675896,1.7568111845699748,-0.05046366446676864,-0.1426888154300252
L0000.ANS,45.0,110.0,9.000134400036,2002/01/00,0,6.08,TOTAL,1.8773,0.1236,microSv/hr,ICRP Pub. 103 EFFECTIVE DOSE,0.7071067811865475,0.7071067811865476,0.9396926207859084,-0.3420201433256687,-0.9374831999955,1.056852354419878,45.00000_110.00000,1.011944373332354,1.7509446817698489,-0.04490798108752392,-0.12635531823015111
L0000.ANS,45.0,120.0,9.000134400036,2002/01/00,0,6.27,TOTAL,1.8489,0.12173,microSv/hr,ICRP Pub. 103 EFFECTIVE DOSE,0.7071067811865475,0.7071067811865476,0.8660254037844387,-0.4999999999999998,-0.9374831999955,1.0469329548646504,45.00000_120.00000,1.0098079212130888,1.7450736939498266,-0.03712503365156161,-0.1038263060501734
L0000.ANS,45.0,130.0,9.000134400036,2002/01/00,0,6.47,TOTAL,1.8199,0.12071,microSv/hr,ICRP Pub. 103 EFFECTIVE DOSE,0.7071067811865475,0.7071067811865476,0.766044443118978,-0.6427876096865394,-0.9374831999955,1.0367014233283585,45.00000_130.00000,1.0077302025263397,1.7393761240627756,-0.02897122080201875,-0.08052387593722443
L0000.ANS,45.0,140.0,9.000134400036,2002/01/00,0,6.59,TOTAL,1.8032,0.12051,microSv/hr,ICRP Pub. 103 EFFECTIVE DOSE,0.7071067811865475,0.7071067811865476,0.6427876096865395,-0.7660444431189779,-0.9374831999955,1.0307616217599351,45.00000_140.00000,1.0057743477030283,1.7340235382043985,-0.024987274056906816,-0.06917646179560144
L0000.ANS,45.0,150.0,9.000134400036,2002/01/00,0,6.56,TOTAL,1.8072,0.12055,microSv/hr,ICRP Pub. 103 EFFECTIVE DOSE,0.7071067811865475,0.7071067811865476,0.49999999999999994,-0.8660254037844387,-0.9374831999955,1.0321875452868683,45.00000_150.00000,1.0039997844022497,1.7291761426472334,-0.028187760884618607,-0.07802385735276651
L0000.ANS,45.0,160.0,9.000134400036,2002/01/00,0,6.31,TOTAL,1.8433,0.12146,microSv/hr,ICRP Pub. 103 EFFECTIVE DOSE,0.7071067811865475,0.7071067811865476,0.3420201433256689,-0.9396926207859083,-0.9374831999955,1.0449653494373337,45.00000_160.00000,1.0024604318319263,1.7249782102151778,-0.04250491760540731,-0.1183217897848221
L0000.ANS,45.0,170.0,9.000134400036,2002/01/00,0,5.92,TOTAL,1.9012,0.12582,microSv/hr,ICRP Pub. 103 EFFECTIVE DOSE,0.7071067811865475,0.7071067811865476,0.17364817766693028,-0.984807753012208,-0.9374831999955,1.0651244445071204,45.00000_170.00000,1.0012030624409574,1.721554059185069,-0.06392138206616305,-0.1796459408149309
L0000.ANS,50.0,-179.99999,9.000134400036,2002/01/00,0,4.13,TOTAL,2.1953,0.14097,microSv/hr,ICRP Pub. 103 EFFECTIVE DOSE,0.766044443118978,0.6427876096865394,-1.745329251238221e-07,-0.9999999999999848,-0.9374831999955,1.1616809801350927,50.00000_-179.99999,1.0442662285711175,1.8413128843390354,-0.11741475156397518,-0.35398711566096464
L0000.ANS,50.0,-170.0,9.000134400036,2002/01/00,0,3.66,TOTAL,2.2789,0.14448,microSv/hr,ICRP Pub. 103 EFFECTIVE DOSE,0.766044443118978,0.6427876096865394,-0.17364817766693028,-0.984807753012208,-0.9374831999955,1.1875080002946898,50.00000_-170.00000,1.0436777111620412,1.8396412141937093,-0.14383028913264861,-0.43925878580629085
L0000.ANS,50.0,-160.0,9.000134400036,2002/01/00,0,3.18,TOTAL,2.3601,0.14708,microSv/hr,ICRP Pub. 103 EFFECTIVE DOSE,0.766044443118978,0.6427876096865394,-0.3420201433256689,-0.9396926207859083,-0.9374831999955,1.2119707354369982,50.00000_-160.00000,1.0434557383163126,1.8390109609046923,-0.16851499712068563,-0.5210890390953078
L0000.ANS,50.0,-150.0,9.000134400036,2002/01/00,0,2.78,TOTAL,2.4252,0.1491,microSv/hr,ICRP Pub. 103 EFFECTIVE DOSE,0.766044443118978,0.6427876096865394,-0.49999999999999994,-0.8660254037844387,-0.9374831999955,1.2311598641699,50.00000_-150.00000,1.043607055333262,1.8394405840782118,-0.18755280883663805,-0.585759415921788
L0000.ANS,50.0,-140.0,9.000134400036,2002/01/00,0,2.29,TOTAL,2.495,0.15091,microSv/hr,ICRP Pub. 103 EFFECTIVE DOSE,0.766044443118978,0.6427876096865394,-0.6427876096865395,-0.7660444431189779,-0.9374831999955,1.2513333756857736,50.00000_-140.00000,1.0441270645218994,1.8409175032450102,-0.20720631116387422,-0.6540824967549899
L0000.ANS,50.0,-130.0,9.000134400036,2002/01/00,0,1.82,TOTAL,2.5462,0.15182,microSv/hr,ICRP Pub. 103 EFFECTIVE DOSE,0.766044443118978,0.6427876096865394,-0.766044443118978,-0.6427876096865394,-0.9374831999955,1.265876607640751,50.00000_-130.00000,1.0449999656661657,1.843398426026997,-0.22087664197458534,-0.7028015739730027
L0000.ANS,50.0,-120.0,9.000134400036,2002/01/00,0,1.44,TOTAL,2.5709,0.15204,microSv/hr,ICRP Pub. 103 EFFECTIVE DOSE,0.766044443118978,0.6427876096865394,-0.8660254037844387,-0.4999999999999998,-0.9374831999955,1.2728176648598066,50.00000_-120.00000,1.0461992361065016,1.8468104752853889,-0.22661842875330507,-0.7240895247146111
L0000.ANS,50.0,-110.0,9.000134400036,2002/01/00,0,1.15,TOTAL,2.5789,0.15207,microSv/hr,ICRP Pub. 103 EFFECTIVE DOSE,0.766044443118978,0.6427876096865394,-0.9396926207859084,-0.3420201433256687,-0.9374831999955,1.2750554906279614,50.00000_-110.00000,1.0476884366174375,1.8510531051789445,-0.22736705401052393,-0.7278468948210555
L0000.ANS,50.0,-100.0,9.000134400036,2002/01/00,0,0.94,TOTAL,2.5809,0.15207,microSv/hr,ICRP Pub. 103 EFFECTIVE DOSE,0.766044443118978,0.6427876096865394,-0.984807753012208,-0.1736481776669303,-0.9374831999955,1.2756141654658115,50.00000_-100.00000,1.0494223185950204,1.8560007828802085,-0.22619184687079108,-0.7248992171197917
L0000.ANS,50.0,-90.0,9.000134400036,2002/01/00,0,0.83,TOTAL,2.5812,0.15207,microSv/hr,ICRP Pub. 103 EFFECTIVE DOSE,0.766044443118978,0.6427876096865394,-1.0,6.123233995736766e-17,-0.9374831999955,1.2756979397778638,50.00000_-90.00000,1.0513481989127482,1.8615063984520053,-0.2243497408651156,-0.7196936015479947
L0000.ANS,50.0,-80.0,9.000134400036,2002/01/00,0,0.83,TOTAL,2.5812,0.15207,microSv/hr,ICRP Pub. 103 EFFECTIVE DOSE,0.766044443118978,0.6427876096865394,-0.984807753012208,0.17364817766693041,-0.9374831999955,1.2756979397778638,50.00000_-80.00000,1.0534075606717093,1.8674053472520156,-0.22229037910615457,-0.7137946527479844
L0000.ANS,50.0,-70.0,9.000134400036,2002/01/00,0,0.95,TOTAL,2.5809,0.15207,microSv/hr,ICRP Pub. 103 EFFECTIVE DOSE,0.766044443118978,0.6427876096865394,-0.9396926207859083,0.3420201433256688,-0.9374831999955,1.2756141654658115,50.00000_-70.00000,1.0555378312069446,1.8735202072163846,-0.22007633425886697,-0.7073797927836156
L0000.ANS,50.0,-60.0,9.000134400036,2002/01/00,0,1.18,TOTAL,2.5785,0.15207,microSv/hr,ICRP Pub. 103 EFFECTIVE DOSE,0.766044443118978,0.6427876096865394,-0.8660254037844386,0.5000000000000001,-0.9374831999955,1.274943718196515,50.00000_-60.00000,1.05767428332621,1.87966590821317,-0.21726943487030503,-0.6988340917868301
L0000.ANS,50.0,-50.0,9.000134400036,2002/01/00,0,1.52,TOTAL,2.5669,0.15202,microSv/hr,ICRP Pub. 103 EFFECTIVE DOSE,0.766044443118978,0.6427876096865394,-0.766044443118978,0.6427876096865394,-0.9374831999955,1.2716968712206669,50.00000_-50.00000,1.059752002012959,1.8856552638256687,-0.21194486920770794,-0.6812447361743312
L0000.ANS,50.0,-40.0,9.000134400036,2002/01/00,0,1.98,TOTAL,2.5304,0.15162,microSv/hr,ICRP Pub. 103 EFFECTIVE DOSE,0.766044443118978,0.6427876096865394,-0.6427876096865393,0.766044443118978,-0.9374831999955,1.2614111789732005,50.00000_-40.00000,1.0617078568362706,1.8913047095387263,-0.19970332213692998,-0.6390952904612739
L0000.ANS,50.0,-30.0,9.000134400036,2002/01/00,0,2.43,TOTAL,2.4756,0.15054,microSv/hr,ICRP Pub. 103 EFFECTIVE DOSE,0.766044443118978,0.6427876096865394,-0.49999999999999994,0.8660254037844387,-0.9374831999955,1.245767125982914,50.00000_-30.00000,1.063482420137049,1.8964400679292739,-0.18228470584586498,-0.5791599320707261
L0000.ANS,50.0,-20.0,9.000134400036,2002/01/00,0,2.79,TOTAL,2.4226,0.14902,microSv/hr,ICRP Pub. 103 EFFECTIVE DOSE,0.766044443118978,0.6427876096865394,-0.3420201433256687,0.9396926207859084,-0.9374831999955,1.2304004961612143,50.00000_-20.00000,1.0650217727073723,1.9009021438655456,-0.16537872345384197,-0.5216978561344545
L0000.ANS,50.0,-10.0,9.000134400036,2002/01/00,0,3.04,TOTAL,2.3841,0.14788,microSv/hr,ICRP Pub. 103 EFFECTIVE DOSE,0.766044443118978,0.6427876096865394,-0.17364817766693033,0.984807753012208,-0.9374831999955,1.219087992134783,50.00000_-10.00000,1.0662791420983413,1.9045519435197682,-0.15280885003644173,-0.4795480564802319
L0000.ANS,50.0,0.0,9.000134400036,2002/01/00,0,3.33,TOTAL,2.3358,0.14643,microSv/hr,ICRP Pub. 103 EFFECTIVE DOSE,0.766044443118978,0.6427876096865394,0.0,1.0,-0.9374831999955,1.2047125306609356,50.00000_0.00000,1.0672163237772712,1.9072753123330835,-0.13749620688366448,-0.4285246876669164
L0000.ANS,50.0,10.0,9.000134400036,2002/01/00,0,3.47,TOTAL,2.3119,0.1452,microSv/hr,ICRP Pub. 103 EFFECTIVE DOSE,0.766044443118978,0.6427876096865394,0.17364817766693033,0.984807753012208,-0.9374831999955,1.1975220428304734,50.00000_10.00000,1.0678048419530841,1.9089868002679642,-0.12971720087738925,-0.4029131997320359
L0000.ANS,50.0,20.0,9.000134400036,2002/01/00,0,3.51,TOTAL,2.3047,0.14495,microSv/hr,ICRP Pub. 103 EFFECTIVE DOSE,0.766044443118978,0.6427876096865394,0.3420201433256687,0.9396926207859084,-0.9374831999955,1.1953456976254173,50.00000_20.00000,1.0680268147988128,1.9096325880172274,-0.12731888282660453,-0.3950674119827726
L0000.ANS,50.0,30.0,9.000134400036,2002/01/00,0,3.64,TOTAL,2.2825,0.14451,microSv/hr,ICRP Pub. 103 EFFECTIVE DOSE,0.766044443118978,0.6427876096865394,0.49999999999999994,0.8660254037844387,-0.9374831999955,1.1886053271948143,50.00000_30.00000,1.0678754977818634,1.909192344402605,-0.12072982941295085,-0.3733076555973951
L0000.ANS,50.0,40.0,9.000134400036,2002/01/00,0,3.71,TOTAL,2.2693,0.14394,microSv/hr,ICRP Pub. 103 EFFECTIVE DOSE,0.766044443118978,0.6427876096865394,0.6427876096865393,0.766044443118978,-0.9374831999955,1.1845758947152043,50.00000_40.00000,1.067355488593226,1.9076799309205368,-0.11722040612197837,-0.3616200690794631
L0000.ANS,50.0,50.0,9.000134400036,2002/01/00,0,3.75,TOTAL,2.262,0.14344,microSv/hr,ICRP Pub. 103 EFFECTIVE DOSE,0.766044443118978,0.6427876096865394,0.766044443118978,0.6427876096865394,-0.9374831999955,1.1823405041988222,50.00000_50.00000,1.0664825874489594,1.9051429212221007,-0.11585791674986279,-0.3568570787778993
L0000.ANS,50.0,60.0,9.000134400036,2002/01/00,0,3.8,TOTAL,2.2537,0.14293,microSv/hr,ICRP Pub. 103 EFFECTIVE DOSE,0.766044443118978,0.6427876096865394,0.8660254037844386,0.5000000000000001,-0.9374831999955,1.1797928103242021,50.00000_60.00000,1.0652833170086238,1.9016609575171293,-0.11450949331557836,-0.35203904248287055
L0000.ANS,50.0,70.0,9.000134400036,2002/01/00,0,3.9,TOTAL,2.236,0.14211,microSv/hr,ICRP Pub. 103 EFFECTIVE DOSE,0.766044443118978,0.6427876096865394,0.9396926207859083,0.3420201433256688,-0.9374831999955,1.1743379991962453,50.00000_70.00000,1.0637941164976878,1.8973430184731448,-0.11054388269855742,-0.3386569815268554
L0000.ANS,50.0,80.0,9.000134400036,2002/01/00,0,4.0,TOTAL,2.2187,0.14157,microSv/hr,ICRP Pub. 103 EFFECTIVE DOSE,0.766044443118978,0.6427876096865394,0.984807753012208,0.17364817766693041,-0.9374831999955,1.1689775513286733,50.00000_80.00000,1.062060234520105,1.8923237203233187,-0.10691731680856842,-0.32637627967668137
L0000.ANS,50.0,90.0,9.000134400036,2002/01/00,0,4.12,TOTAL,2.1982,0.14121,microSv/hr,ICRP Pub. 103 EFFECTIVE DOSE,0.766044443118978,0.6427876096865394,1.0,6.123233995736766e-17,-0.9374831999955,1.1625881515432046,50.00000_90.00000,1.060134354202377,1.8867588113921678,-0.10245379734082771,-0.3114411886078321
L0000.ANS,50.0,100.0,9.000134400036,2002/01/00,0,4.18,TOTAL,2.1868,0.1403,microSv/hr,ICRP Pub. 103 EFFECTIVE DOSE,0.766044443118978,0.6427876096865394,0.984807753012208,-0.1736481776669303,-0.9374831999955,1.159017278524074,50.00000_100.00000,1.058074992443416,1.8808200478187864,-0.10094228608065792,-0.30597995218121343
L0000.ANS,50.0,110.0,9.000134400036,2002/01/00,0,4.29,TOTAL,2.1678,0.13907,microSv/hr,ICRP Pub. 103 EFFECTIVE DOSE,0.766044443118978,0.6427876096865394,0.9396926207859084,-0.3420201433256687,-0.9374831999955,1.153037340646183,50.00000_110.00000,1.0559447219081808,1.874689653770845,-0.09709261873800212,-0.2931103462291551
L0000.ANS,50.0,120.0,9.000134400036,2002/01/00,0,4.46,TOTAL,2.1382,0.13777,microSv/hr,ICRP Pub. 103 EFFECTIVE DOSE,0.766044443118978,0.6427876096865394,0.8660254037844387,-0.4999999999999998,-0.9374831999955,1.1436493871428308,50.00000_120.00000,1.0538082697889153,1.8685545729546158,-0.08984111735391553,-0.2696454270453841
L0000.ANS,50.0,130.0,9.000134400036,2002/01/00,0,4.65,TOTAL,2.1067,0.13684,microSv/hr,ICRP Pub. 103 EFFECTIVE DOSE,0.766044443118978,0.6427876096865394,0.766044443118978,-0.6427876096865394,-0.9374831999955,1.133561069585562,50.00000_130.00000,1.0517305511021662,1.8626007108815317,-0.08183051848339584,-0.24409928911846834
L0000.ANS,50.0,140.0,9.000134400036,2002/01/00,0,4.77,TOTAL,2.0853,0.13517,microSv/hr,ICRP Pub. 103 EFFECTIVE DOSE,0.766044443118978,0.6427876096865394,0.6427876096865395,-0.7660444431189779,-0.9374831999955,1.1266488973619657,50.00000_140.00000,1.0497746962788548,1.8570073511567924,-0.07687420108311094,-0.22829264884320777
L0000.ANS,50.0,150.0,9.000134400036,2002/01/00,0,4.71,TOTAL,2.0963,0.13597,microSv/hr,ICRP Pub. 103 EFFECTIVE DOSE,0.766044443118978,0.6427876096865394,0.49999999999999994,-0.8660254037844387,-0.9374831999955,1.13020785025786,50.00000_150.00000,1.0480001329780764,1.8519419065667,-0.08220771727978371,-0.24435809343329984
L0000.ANS,50.0,160.0,9.000134400036,2002/01/00,0,4.58,TOTAL,2.1172,0.13738,microSv/hr,ICRP Pub. 103 EFFECTIVE DOSE,0.766044443118978,0.6427876096865394,0.3420201433256689,-0.9396926207859083,-0.9374831999955,1.1369351629872688,50.00000_160.00000,1.0464607804077528,1.8475551397190666,-0.09047438257951601,-0.2696448602809334
L0000.ANS,50.0,170.0,9.000134400036,2002/01/00,0,4.46,TOTAL,2.1396,0.13781,microSv/hr,ICRP Pub. 103 EFFECTIVE DOSE,0.766044443118978,0.6427876096865394,0.17364817766693028,-0.984807753012208,-0.9374831999955,1.1440954032705215,50.00000_170.00000,1.0452034110167838,1.8439769610648635,-0.09889199225373768,-0.29562303893513664
L0000.ANS,55.0,-179.99999,9.000134400036,2002/01/00,0,2.77,TOTAL,2.4262,0.14914,microSv/hr,ICRP Pub. 103 EFFECTIVE DOSE,0.8191520442889918,0.5735764363510462,-1.745329251238221e-07,-0.9999999999999848,-0.9374831999955,1.2314517753142211,55.00000_-179.99999,1.0918806426467227,1.979872882256946,-0.13957113266749843,-0.4463271177430541
L0000.ANS,55.0,-170.0,9.000134400036,2002/01/00,0,2.38,TOTAL,2.4833,0.1508,microSv/hr,ICRP Pub. 103 EFFECTIVE DOSE,0.8191520442889918,0.5735764363510462,-0.17364817766693028,-0.984807753012208,-0.9374831999955,1.2479801203189331,55.00000_-170.00000,1.0912921252376462,1.9781196911312542,-0.15668799508128695,-0.5051803088687457
L0000.ANS,55.0,-160.0,9.000134400036,2002/01/00,0,2.07,TOTAL,2.5207,0.15142,microSv/hr,ICRP Pub. 103 EFFECTIVE DOSE,0.8191520442889918,0.5735764363510462,-0.3420201433256689,-0.9396926207859083,-0.9374831999955,1.2586598334756176,55.00000_-160.00000,1.0910701523919175,1.9774587027919386,-0.1675896810837001,-0.5432412972080616
L0000.ANS,55.0,-150.0,9.000134400036,2002/01/00,0,1.71,TOTAL,2.5551,0.15191,microSv/hr,ICRP Pub. 103 EFFECTIVE DOSE,0.8191520442889918,0.5735764363510462,-0.49999999999999994,-0.8660254037844387,-0.9374831999955,1.2683831922547981,55.00000_-150.00000,1.091221469408867,1.977909277049852,-0.177161722845931,-0.5771907229501478
L0000.ANS,55.0,-140.0,9.000134400036,2002/01/00,0,1.38,TOTAL,2.5733,0.15206,microSv/hr,ICRP Pub. 103 EFFECTIVE DOSE,0.8191520442889918,0.5735764363510462,-0.6427876096865395,-0.7660444431189779,-0.9374831999955,1.273489538572828,55.00000_-140.00000,1.0917414785975046,1.979458219934209,-0.1817480599753234,-0.5938417800657911
L0000.ANS,55.0,-130.0,9.000134400036,2002/01/00,0,1.05,TOTAL,2.5802,0.15207,microSv/hr,ICRP Pub. 103 EFFECTIVE DOSE,0.8191520442889918,0.5735764363510462,-0.766044443118978,-0.6427876096865394,-0.9374831999955,1.2754186647739543,55.00000_-130.00000,1.092614379741771,1.9820601278626757,-0.18280428503218338,-0.5981398721373243
L0000.ANS,55.0,-120.0,9.000134400036,2002/01/00,0,0.81,TOTAL,2.5812,0.15207,microSv/hr,ICRP Pub. 103 EFFECTIVE DOSE,0.8191520442889918,0.5735764363510462,-0.8660254037844387,-0.4999999999999998,-0.9374831999955,1.2756979397778638,55.00000_-120.00000,1.0938136501821067,1.985638569756227,-0.1818842895957571,-0.5955614302437728
L0000.ANS,55.0,-110.0,9.000134400036,2002/01/00,0,0.62,TOTAL,2.5814,0.15207,microSv/hr,ICRP Pub. 103 EFFECTIVE DOSE,0.8191520442889918,0.5735764363510462,-0.9396926207859084,-0.3420201433256687,-0.9374831999955,1.275753785420522,55.00000_-110.00000,1.0953028506930427,1.9900880965362389,-0.18045093472747942,-0.5913119034637611
L0000.ANS,55.0,-100.0,9.000134400036,2002/01/00,0,0.48,TOTAL,2.5814,0.15207,microSv/hr,ICRP Pub. 103 EFFECTIVE DOSE,0.8191520442889918,0.5735764363510462,-0.984807753012208,-0.1736481776669303,-0.9374831999955,1.275753785420522,55.00000_-100.00000,1.0970367326706256,1.995277053617808,-0.17871705274989647,-0.586122946382192
L0000.ANS,55.0,-90.0,9.000134400036,2002/01/00,0,0.43,TOTAL,2.5814,0.15207,microSv/hr,ICRP Pub. 103 EFFECTIVE DOSE,0.8191520442889918,0.5735764363510462,-1.0,6.123233995736766e-17,-0.9374831999955,1.275753785420522,55.00000_-90.00000,1.0989626129883534,2.001051157072924,-0.1767911724321687,-0.580348842927076
L0000.ANS,55.0,-80.0,9.000134400036,2002/01/00,0,0.42,TOTAL,2.5814,0.15207,microSv/hr,ICRP Pub. 103 EFFECTIVE DOSE,0.8191520442889918,0.5735764363510462,-0.984807753012208,0.17364817766693041,-0.9374831999955,1.275753785420522,55.00000_-80.00000,1.1010219747473142,2.0072377751183565,-0.17473181067320787,-0.5741622248816434
L0000.ANS,55.0,-70.0,9.000134400036,2002/01/00,0,0.49,TOTAL,2.5814,0.15207,microSv/hr,ICRP Pub. 103 EFFECTIVE DOSE,0.8191520442889918,0.5735764363510462,-0.9396926207859083,0.3420201433256688,-0.9374831999955,1.275753785420522,55.00000_-70.00000,1.1031522452825497,2.0136508334925534,-0.17260154013797235,-0.5677491665074466
L0000.ANS,55.0,-60.0,9.000134400036,2002/01/00,0,0.63,TOTAL,2.5814,0.15207,microSv/hr,ICRP Pub. 103 EFFECTIVE DOSE,0.8191520442889918,0.5735764363510462,-0.8660254037844386,0.5000000000000001,-0.9374831999955,1.275753785420522,55.00000_-60.00000,1.1052886974018152,2.0200962368987465,-0.17046508801870686,-0.5613037631012534
L0000.ANS,55.0,-50.0,9.000134400036,2002/01/00,0,0.85,TOTAL,2.5812,0.15207,microSv/hr,ICRP Pub. 103 EFFECTIVE DOSE,0.8191520442889918,0.5735764363510462,-0.766044443118978,0.6427876096865394,-0.9374831999955,1.2756979397778638,55.00000_-50.00000,1.1073664160885641,2.0263776705522707,-0.1683315236892997,-0.5548223294477292
L0000.ANS,55.0,-40.0,9.000134400036,2002/01/00,0,1.08,TOTAL,2.5798,0.15207,microSv/hr,ICRP Pub. 103 EFFECTIVE DOSE,0.8191520442889918,0.5735764363510462,-0.6427876096865393,0.766044443118978,-0.9374831999955,1.2753069329302624,55.00000_-40.00000,1.1093222709118757,2.032302618196338,-0.16598466201838669,-0.5474973818036619
L0000.ANS,55.0,-30.0,9.000134400036,2002/01/00,0,1.38,TOTAL,2.5733,0.15206,microSv/hr,ICRP Pub. 103 EFFECTIVE DOSE,0.8191520442889918,0.5735764363510462,-0.49999999999999994,0.8660254037844387,-0.9374831999955,1.273489538572828,55.00000_-30.00000,1.1110968342126541,2.037688408438944,-0.16239270436017383,-0.535611591561056
L0000.ANS,55.0,-20.0,9.000134400036,2002/01/00,0,1.65,TOTAL,2.5593,0.15196,microSv/hr,ICRP Pub. 103 EFFECTIVE DOSE,0.8191520442889918,0.5735764363510462,-0.3420201433256687,0.9396926207859084,-0.9374831999955,1.2695638963163978,55.00000_-20.00000,1.1126361867829775,2.0423680828086184,-0.15692770953342028,-0.5169319171913815
L0000.ANS,55.0,-10.0,9.000134400036,2002/01/00,0,1.87,TOTAL,2.5411,0.15174,microSv/hr,ICRP Pub. 103 EFFECTIVE DOSE,0.8191520442889918,0.5735764363510462,-0.17364817766693033,0.984807753012208,-0.9374831999955,1.2644374133410055,55.00000_-10.00000,1.1138935561739465,2.0461958692784705,-0.15054385716705898,-0.4949041307215296
L0000.ANS,55.0,0.0,9.000134400036,2002/01/00,0,2.06,TOTAL,2.5224,0.15145,microSv/hr,ICRP Pub. 103 EFFECTIVE DOSE,0.8191520442889918,0.5735764363510462,0.0,1.0,-0.9374831999955,1.259142575459407,55.00000_0.00000,1.1148307378528761,2.0490520464069775,-0.14431183760653088,-0.47334795359302273
L0000.ANS,55.0,10.0,9.000134400036,2002/01/00,0,2.19,TOTAL,2.5073,0.15123,microSv/hr,ICRP Pub. 103 EFFECTIVE DOSE,0.8191520442889918,0.5735764363510462,0.17364817766693033,0.984807753012208,-0.9374831999955,1.2548465106987459,55.00000_10.00000,1.115419256028689,2.050846997084029,-0.1394272546700568,-0.4564530029159708
L0000.ANS,55.0,20.0,9.000134400036,2002/01/00,0,2.24,TOTAL,2.5016,0.15106,microSv/hr,ICRP Pub. 103 EFFECTIVE DOSE,0.8191520442889918,0.5735764363510462,0.3420201433256687,0.9396926207859084,-0.9374831999955,1.2532200068945485,55.00000_20.00000,1.1156412288744177,2.0515242774399978,-0.13757877802013074,-0.45007572256000206
L0000.ANS,55.0,30.0,9.000134400036,2002/01/00,0,2.32,TOTAL,2.4906,0.15085,microSv/hr,ICRP Pub. 103 EFFECTIVE DOSE,0.8191520442889918,0.5735764363510462,0.49999999999999994,0.8660254037844387,-0.9374831999955,1.2500736412085993,55.00000_30.00000,1.1154899118574684,2.051062564822556,-0.13458372935113094,-0.43953743517744437
L0000.ANS,55.0,40.0,9.000134400036,2002/01/00,0,2.34,TOTAL,2.4878,0.15082,microSv/hr,ICRP Pub. 103 EFFECTIVE DOSE,0.8191520442889918,0.5735764363510462,0.6427876096865393,0.766044443118978,-0.9374831999955,1.2492711649532229,55.00000_40.00000,1.114969902668831,2.0494763967004825,-0.134301262284392,-0.4383236032995175
L0000.ANS,55.0,50.0,9.000134400036,2002/01/00,0,2.4,TOTAL,2.4807,0.15076,microSv/hr,ICRP Pub. 103 EFFECTIVE DOSE,0.8191520442889918,0.5735764363510462,0.766044443118978,0.6427876096865394,-0.9374831999955,1.2472334229838373,55.00000_50.00000,1.1140970015245646,2.0468156667104624,-0.13313642145927274,-0.4338843332895377
L0000.ANS,55.0,60.0,9.000134400036,2002/01/00,0,2.43,TOTAL,2.4768,0.15059,microSv/hr,ICRP Pub. 103 EFFECTIVE DOSE,0.8191520442889918,0.5735764363510462,0.8660254037844386,0.5000000000000001,-0.9374831999955,1.2461123305200281,55.00000_60.00000,1.1128977310842287,2.0431639009092937,-0.13321459943579939,-0.4336360990907062
L0000.ANS,55.0,70.0,9.000134400036,2002/01/00,0,2.5,TOTAL,2.4667,0.15025,microSv/hr,ICRP Pub. 103 EFFECTIVE DOSE,0.8191520442889918,0.5735764363510462,0.9396926207859083,0.3420201433256688,-0.9374831999955,1.2432031328176052,55.00000_70.00000,1.1114085305732928,2.038635392438675,-0.1317946022443124,-0.4280646075613248
L0000.ANS,55.0,80.0,9.000134400036,2002/01/00,0,2.54,TOTAL,2.4607,0.1501,microSv/hr,ICRP Pub. 103 EFFECTIVE DOSE,0.8191520442889918,0.5735764363510462,0.984807753012208,0.17364817766693041,-0.9374831999955,1.2414708807460202,55.00000_80.00000,1.1096746485957099,2.033371322252294,-0.13179623215031033,-0.4273286777477061
L0000.ANS,55.0,90.0,9.000134400036,2002/01/00,0,2.62,TOTAL,2.4486,0.14994,microSv/hr,ICRP Pub. 103 EFFECTIVE DOSE,0.8191520442889918,0.5735764363510462,1.0,6.123233995736766e-17,-0.9374831999955,1.2379683515838942,55.00000_90.00000,1.107748768277982,2.027535033926722,-0.1302195833059121,-0.4210649660732777
L0000.ANS,55.0,100.0,9.000134400036,2002/01/00,0,2.71,TOTAL,2.4355,0.1495,microSv/hr,ICRP Pub. 103 EFFECTIVE DOSE,0.8191520442889918,0.5735764363510462,0.984807753012208,-0.1736481776669303,-0.9374831999955,1.2341624754889937,55.00000_100.00000,1.1056894065190213,2.0213066594932,-0.12847306896997246,-0.4141933405068001
L0000.ANS,55.0,110.0,9.000134400036,2002/01/00,0,2.78,TOTAL,2.4249,0.14909,microSv/hr,ICRP Pub. 103 EFFECTIVE DOSE,0.8191520442889918,0.5735764363510462,0.9396926207859084,-0.3420201433256687,-0.9374831999955,1.2310722742076536,55.00000_110.00000,1.1035591359837857,2.0148773094973933,-0.1275131382238679,-0.41002269050260676
L0000.ANS,55.0,120.0,9.000134400036,2002/01/00,0,2.87,TOTAL,2.4105,0.14876,microSv/hr,ICRP Pub. 103 EFFECTIVE DOSE,0.8191520442889918,0.5735764363510462,0.8660254037844387,-0.4999999999999998,-0.9374831999955,1.2268589081126369,55.00000_120.00000,1.1014226838645202,2.0084430441774757,-0.12543622424811662,-0.4020569558225242
L0000.ANS,55.0,130.0,9.000134400036,2002/01/00,0,3.02,TOTAL,2.3869,0.14802,microSv/hr,ICRP Pub. 103 EFFECTIVE DOSE,0.8191520442889918,0.5735764363510462,0.766044443118978,-0.6427876096865394,-0.9374831999955,1.219915048746688,55.00000_130.00000,1.0993449651777714,2.0021988349479787,-0.12057008356891674,-0.3847011650520211
L0000.ANS,55.0,140.0,9.000134400036,2002/01/00,0,3.15,TOTAL,2.3654,0.1472,microSv/hr,ICRP Pub. 103 EFFECTIVE DOSE,0.8191520442889918,0.5735764363510462,0.6427876096865395,-0.7660444431189779,-0.9374831999955,1.2135468267602092,55.00000_140.00000,1.0973891103544597,1.9963327083920719,-0.11615771640574946,-0.3690672916079283
L0000.ANS,55.0,150.0,9.000134400036,2002/01/00,0,3.11,TOTAL,2.3723,0.14741,microSv/hr,ICRP Pub. 103 EFFECTIVE DOSE,0.8191520442889918,0.5735764363510462,0.49999999999999994,-0.8660254037844387,-0.9374831999955,1.215595004153724,55.00000_150.00000,1.0956145470536813,1.991020241379449,-0.11998045710004268,-0.38127975862055097
L0000.ANS,55.0,160.0,9.000134400036,2002/01/00,0,3.07,TOTAL,2.379,0.14766,microSv/hr,ICRP Pub. 103 EFFECTIVE DOSE,0.8191520442889918,0.5735764363510462,0.3420201433256689,-0.9396926207859083,-0.9374831999955,1.217579807732153,55.00000_160.00000,1.094075194483358,1.9864195486355785,-0.12350461324879491,-0.39258045136442155
L0000.ANS,55.0,170.0,9.000134400036,2002/01/00,0,2.95,TOTAL,2.399,0.14867,microSv/hr,ICRP Pub. 103 EFFECTIVE DOSE,0.8191520442889918,0.5735764363510462,0.17364817766693028,-0.984807753012208,-0.9374831999955,1.223481270713979,55.00000_170.00000,1.092817825092389,1.9826668758488886,-0.13066344562159005,-0.41633312415111146
L0000.ANS,60.0,-179.99999,9.000134400036,2002/01/00,0,1.62,TOTAL,2.5616,0.152,microSv/hr,ICRP Pub. 103 EFFECTIVE DOSE,0.8660254037844386,0.5000000000000001,-1.745329251238221e-07,-0.9999999999999848,-0.9374831999955,1.2702098820990886,60.00000_-179.99999,1.142746747780622,2.1353686152054396,-0.12746313431846668,-0.42623138479456024
L0000.ANS,60.0,-170.0,9.000134400036,2002/01/00,0,1.45,TOTAL,2.5704,0.15204,microSv/hr,ICRP Pub. 103 EFFECTIVE DOSE,0.8660254037844386,0.5000000000000001,-0.17364817766693028,-0.984807753012208,-0.9374831999955,1.2726776343329231,60.00000_-170.00000,1.1421582303715456,2.133523939056776,-0.1305194039613775,-0.4368760609432236
L0000.ANS,60.0,-160.0,9.000134400036,2002/01/00,0,1.21,TOTAL,2.578,0.15207,microSv/hr,ICRP Pub. 103 EFFECTIVE DOSE,0.8660254037844386,0.5000000000000001,-0.3420201433256689,-0.9396926207859083,-0.9374831999955,1.2748039850865274,60.00000_-160.00000,1.141936257525817,2.1328284590225612,-0.1328677275607104,-0.4451715409774386
L0000.ANS,60.0,-150.0,9.000134400036,2002/01/00,0,0.99,TOTAL,2.5806,0.15207,microSv/hr,ICRP Pub. 103 EFFECTIVE DOSE,0.8660254037844386,0.5000000000000001,-0.49999999999999994,-0.8660254037844387,-0.9374831999955,1.2755303841350356,60.00000_-150.00000,1.1420875745427663,2.1333025451473393,-0.13344280959226928,-0.4472974548526607
L0000.ANS,60.0,-140.0,9.000134400036,2002/01/00,0,0.75,TOTAL,2.5813,0.15207,microSv/hr,ICRP Pub. 103 EFFECTIVE DOSE,0.8660254037844386,0.5000000000000001,-0.6427876096865395,-0.7660444431189779,-0.9374831999955,1.2757258629890351,60.00000_-140.00000,1.1426075837314038,2.134932314972514,-0.1331182792576313,-0.44636768502748625
L0000.ANS,60.0,-130.0,9.000134400036,2002/01/00,0,0.55,TOTAL,2.5814,0.15207,microSv/hr,ICRP Pub. 103 EFFECTIVE DOSE,0.8660254037844386,0.5000000000000001,-0.766044443118978,-0.6427876096865394,-0.9374831999955,1.275753785420522,60.00000_-130.00000,1.1434804848756701,2.137669995665923,-0.13227330054485198,-0.44373000433407706
L0000.ANS,60.0,-120.0,9.000134400036,2002/01/00,0,0.39,TOTAL,2.5814,0.15207,microSv/hr,ICRP Pub. 103 EFFECTIVE DOSE,0.8660254037844386,0.5000000000000001,-0.8660254037844387,-0.4999999999999998,-0.9374831999955,1.275753785420522,60.00000_-120.00000,1.144679755316006,2.1414351678218173,-0.13107403010451613,-0.4399648321781826
L0000.ANS,60.0,-110.0,9.000134400036,2002/01/00,0,0.28,TOTAL,2.5814,0.15207,microSv/hr,ICRP Pub. 103 EFFECTIVE DOSE,0.8660254037844386,0.5000000000000001,-0.9396926207859084,-0.3420201433256687,-0.9374831999955,1.275753785420522,60.00000_-110.00000,1.146168955826942,2.146116879817531,-0.1295848295935802,-0.43528312018246895
L0000.ANS,60.0,-100.0,9.000134400036,2002/01/00,0,0.2,TOTAL,2.5814,0.15207,microSv/hr,ICRP Pub. 103 EFFECTIVE DOSE,0.8660254037844386,0.5000000000000001,-0.984807753012208,-0.1736481776669303,-0.9374831999955,1.275753785420522,60.00000_-100.00000,1.1479028378045248,2.151576607068338,-0.12785094761599725,-0.4298233929316617
L0000.ANS,60.0,-90.0,9.000134400036,2002/01/00,0,0.19,TOTAL,2.5814,0.15207,microSv/hr,ICRP Pub. 103 EFFECTIVE DOSE,0.8660254037844386,0.5000000000000001,-1.0,6.123233995736766e-17,-0.9374831999955,1.275753785420522,60.00000_-90.00000,1.1498287181222526,2.1576520148019758,-0.12592506729826947,-0.42374798519802415
L0000.ANS,60.0,-80.0,9.000134400036,2002/01/00,0,0.18,TOTAL,2.5814,0.15207,microSv/hr,ICRP Pub. 103 EFFECTIVE DOSE,0.8660254037844386,0.5000000000000001,-0.984807753012208,0.17364817766693041,-0.9374831999955,1.275753785420522,60.00000_-80.00000,1.1518880798812134,2.1641614629631407,-0.12386570553930865,-0.4172385370368592
L0000.ANS,60.0,-70.0,9.000134400036,2002/01/00,0,0.23,TOTAL,2.5814,0.15207,microSv/hr,ICRP Pub. 103 EFFECTIVE DOSE,0.8660254037844386,0.5000000000000001,-0.9396926207859083,0.3420201433256688,-0.9374831999955,1.275753785420522,60.00000_-70.00000,1.154018350416449,2.170909167562777,-0.12173543500407313,-0.41049083243722295
L0000.ANS,60.0,-60.0,9.000134400036,2002/01/00,0,0.3,TOTAL,2.5814,0.15207,microSv/hr,ICRP Pub. 103 EFFECTIVE DOSE,0.8660254037844386,0.5000000000000001,-0.8660254037844386,0.5000000000000001,-0.9374831999955,1.275753785420522,60.00000_-60.00000,1.1561548025357145,2.177690905022937,-0.11959898288480764,-0.40370909497706275
L0000.ANS,60.0,-50.0,9.000134400036,2002/01/00,0,0.41,TOTAL,2.5814,0.15207,microSv/hr,ICRP Pub. 103 EFFECTIVE DOSE,0.8660254037844386,0.5000000000000001,-0.766044443118978,0.6427876096865394,-0.9374831999955,1.275753785420522,60.00000_-50.00000,1.1582325212224633,2.1843001164604527,-0.11752126419805875,-0.39709988353954717
L0000.ANS,60.0,-40.0,9.000134400036,2002/01/00,0,0.56,TOTAL,2.5814,0.15207,microSv/hr,ICRP Pub. 103 EFFECTIVE DOSE,0.8660254037844386,0.5000000000000001,-0.6427876096865393,0.766044443118978,-0.9374831999955,1.275753785420522,60.00000_-40.00000,1.160188376045775,2.1905342397348235,-0.11556540937474713,-0.3908657602651764
L0000.ANS,60.0,-30.0,9.000134400036,2002/01/00,0,0.73,TOTAL,2.5813,0.15207,microSv/hr,ICRP Pub. 103 EFFECTIVE DOSE,0.8660254037844386,0.5000000000000001,-0.49999999999999994,0.8660254037844387,-0.9374831999955,1.2757258629890351,60.00000_-30.00000,1.1619629393465534,2.1962010712950866,-0.11376292364248175,-0.3850989287049136
L0000.ANS,60.0,-20.0,9.000134400036,2002/01/00,0,0.87,TOTAL,2.5811,0.15207,microSv/hr,ICRP Pub. 103 EFFECTIVE DOSE,0.8660254037844386,0.5000000000000001,-0.3420201433256687,0.9396926207859084,-0.9374831999955,1.2756700157869654,60.00000_-20.00000,1.1635022919168767,2.201124940442466,-0.11216772387008866,-0.37997505955753397
L0000.ANS,60.0,-10.0,9.000134400036,2002/01/00,0,1.04,TOTAL,2.5803,0.15207,microSv/hr,ICRP Pub. 103 EFFECTIVE DOSE,0.8660254037844386,0.5000000000000001,-0.17364817766693033,0.984807753012208,-0.9374831999955,1.2754465957843601,60.00000_-10.00000,1.1647596613078457,2.2051524684738606,-0.11068693447651445,-0.3751475315261392
L0000.ANS,60.0,0.0,9.000134400036,2002/01/00,0,1.16,TOTAL,2.5788,0.15207,microSv/hr,ICRP Pub. 103 EFFECTIVE DOSE,0.8660254037844386,0.5000000000000001,0.0,1.0,-0.9374831999955,1.2750275486913039,60.00000_0.00000,1.1656968429867756,2.208157686643237,-0.1093307057045283,-0.37064231335676334
L0000.ANS,60.0,10.0,9.000134400036,2002/01/00,0,1.26,TOTAL,2.5768,0.15207,microSv/hr,ICRP Pub. 103 EFFECTIVE DOSE,0.8660254037844386,0.5000000000000001,0.17364817766693033,0.984807753012208,-0.9374831999955,1.274468545937634,60.00000_10.00000,1.1662853611625885,2.210046301440257,-0.1081831847750454,-0.36675369855974305
L0000.ANS,60.0,20.0,9.000134400036,2002/01/00,0,1.37,TOTAL,2.5737,0.15206,microSv/hr,ICRP Pub. 103 EFFECTIVE DOSE,0.8660254037844386,0.5000000000000001,0.3420201433256687,0.9396926207859084,-0.9374831999955,1.2736014736505998,60.00000_20.00000,1.1665073340083172,2.2107589236411718,-0.10709413964228265,-0.36294107635882833
L0000.ANS,60.0,30.0,9.000134400036,2002/01/00,0,1.42,TOTAL,2.5717,0.15205,microSv/hr,ICRP Pub. 103 EFFECTIVE DOSE,0.8660254037844386,0.5000000000000001,0.49999999999999994,0.8660254037844387,-0.9374831999955,1.2730416729250338,60.00000_30.00000,1.1663560169913676,2.210273117934964,-0.10668565593366619,-0.3614268820650359
L0000.ANS,60.0,40.0,9.000134400036,2002/01/00,0,1.42,TOTAL,2.5715,0.15205,microSv/hr,ICRP Pub. 103 EFFECTIVE DOSE,0.8660254037844386,0.5000000000000001,0.6427876096865393,0.766044443118978,-0.9374831999955,1.27298567561289,60.00000_40.00000,1.1658360078027301,2.208604180384641,-0.10714966781016,-0.3628958196153591
L0000.ANS,60.0,50.0,9.000134400036,2002/01/00,0,1.44,TOTAL,2.5707,0.15204,microSv/hr,ICRP Pub. 103 EFFECTIVE DOSE,0.8660254037844386,0.5000000000000001,0.766044443118978,0.6427876096865394,-0.9374831999955,1.272761655002057,60.00000_50.00000,1.1649631066584638,2.2058046081767397,-0.10779854834359326,-0.36489539182326025
L0000.ANS,60.0,60.0,9.000134400036,2002/01/00,0,1.5,TOTAL,2.5684,0.15203,microSv/hr,ICRP Pub. 103 EFFECTIVE DOSE,0.8660254037844386,0.5000000000000001,0.8660254037844386,0.5000000000000001,-0.9374831999955,1.2721173160574915,60.00000_60.00000,1.163763836218128,2.2019622859249286,-0.1083534798393635,-0.3664377140750714
L0000.ANS,60.0,70.0,9.000134400036,2002/01/00,0,1.53,TOTAL,2.5664,0.15201,microSv/hr,ICRP Pub. 103 EFFECTIVE DOSE,0.8660254037844386,0.5000000000000001,0.9396926207859083,0.3420201433256688,-0.9374831999955,1.2715566836494674,60.00000_70.00000,1.162274635707192,2.1971974708158637,-0.10928204794227536,-0.3692025291841361
L0000.ANS,60.0,80.0,9.000134400036,2002/01/00,0,1.54,TOTAL,2.5662,0.15201,microSv/hr,ICRP Pub. 103 EFFECTIVE DOSE,0.8660254037844386,0.5000000000000001,0.984807753012208,0.17364817766693041,-0.9374831999955,1.271500603117809,60.00000_80.00000,1.160540753729609,2.1916587109080528,-0.11095984938820003,-0.37454128909194706
L0000.ANS,60.0,90.0,9.000134400036,2002/01/00,0,1.58,TOTAL,2.5635,0.152,microSv/hr,ICRP Pub. 103 EFFECTIVE DOSE,0.8660254037844386,0.5000000000000001,1.0,6.123233995736766e-17,-0.9374831999955,1.2707432079597882,60.00000_90.00000,1.1586148734118813,2.1855178733729206,-0.11212833454790694,-0.3779821266270793
L0000.ANS,60.0,100.0,9.000134400036,2002/01/00,0,1.64,TOTAL,2.5599,0.15197,microSv/hr,ICRP Pub. 103 EFFECTIVE DOSE,0.8660254037844386,0.5000000000000001,0.984807753012208,-0.1736481776669303,-0.9374831999955,1.2697324545817703,60.00000_100.00000,1.1565555116529205,2.1789644898917353,-0.11317694292884983,-0.38093551010826454
L0000.ANS,60.0,110.0,9.000134400036,2002/01/00,0,1.7,TOTAL,2.5554,0.15192,microSv/hr,ICRP Pub. 103 EFFECTIVE DOSE,0.8660254037844386,0.5000000000000001,0.9396926207859084,-0.3420201433256687,-0.9374831999955,1.268467574506448,60.00000_110.00000,1.154425241117685,2.172199643541056,-0.11404233338876302,-0.3832003564589441
L0000.ANS,60.0,120.0,9.000134400036,2002/01/00,0,1.76,TOTAL,2.5512,0.1519,microSv/hr,ICRP Pub. 103 EFFECTIVE DOSE,0.8660254037844386,0.5000000000000001,0.8660254037844387,-0.4999999999999998,-0.9374831999955,1.2672855745376885,60.00000_120.00000,1.1522887889984195,2.1654296253748133,-0.11499678553926906,-0.3857703746251868
L0000.ANS,60.0,130.0,9.000134400036,2002/01/00,0,1.82,TOTAL,2.5463,0.15182,microSv/hr,ICRP Pub. 103 EFFECTIVE DOSE,0.8660254037844386,0.5000000000000001,0.766044443118978,-0.6427876096865394,-0.9374831999955,1.265904806442304,60.00000_130.00000,1.1502110703116706,2.158859580806297,-0.11569373613063338,-0.3874404191937031
L0000.ANS,60.0,140.0,9.000134400036,2002/01/00,0,1.95,TOTAL,2.5341,0.1517,microSv/hr,ICRP Pub. 103 EFFECTIVE DOSE,0.8660254037844386,0.5000000000000001,0.6427876096865395,-0.7660444431189779,-0.9374831999955,1.262458670044986,60.00000_140.00000,1.148255215488359,2.1526873480222317,-0.11420345455662706,-0.3814126519777683
L0000.ANS,60.0,150.0,9.000134400036,2002/01/00,0,1.99,TOTAL,2.5303,0.15162,microSv/hr,ICRP Pub. 103 EFFECTIVE DOSE,0.8660254037844386,0.5000000000000001,0.49999999999999994,-0.8660254037844387,-0.9374831999955,1.261382853169808,60.00000_150.00000,1.1464806521875806,2.1470976658448913,-0.11490220098222736,-0.38320233415510874
L0000.ANS,60.0,160.0,9.000134400036,2002/01/00,0,1.92,TOTAL,2.5371,0.15171,microSv/hr,ICRP Pub. 103 EFFECTIVE DOSE,0.8660254037844386,0.5000000000000001,0.3420201433256689,-0.9396926207859083,-0.9374831999955,1.2633071823710391,60.00000_160.00000,1.1449412996172572,2.1422568997426774,-0.1183658827537819,-0.3948431002573227
L0000.ANS,60.0,170.0,9.000134400036,2002/01/00,0,1.8,TOTAL,2.5483,0.15186,microSv/hr,ICRP Pub. 103 EFFECTIVE DOSE,0.8660254037844386,0.5000000000000001,0.17364817766693028,-0.984807753012208,-0.9374831999955,1.26646861555148,60.00000_170.00000,1.1436839302262882,2.1383084049768164,-0.12278468532519171,-0.4099915950231834
L0000.ANS,65.0,-179.99999,9.000134400036,2002/01/00,0,0.88,TOTAL,2.5811,0.15207,microSv/hr,ICRP Pub. 103 EFFECTIVE DOSE,0.9063077870366499,0.42261826174069944,-1.745329251238221e-07,-0.9999999999999848,-0.9374831999955,1.2756700157869654,65.00000_-179.99999,1.1964774221989523,2.3084421273274778,-0.07919259358801312,-0.2726578726725224
L0000.ANS,65.0,-170.0,9.000134400036,2002/01/00,0,0.74,TOTAL,2.5813,0.15207,microSv/hr,ICRP Pub. 103 EFFECTIVE DOSE,0.9063077870366499,0.42261826174069944,-0.17364817766693028,-0.984807753012208,-0.9374831999955,1.2757258629890351,65.00000_-170.00000,1.195888904789876,2.3064956243702444,-0.07983695819915915,-0.2748043756297558
L0000.ANS,65.0,-160.0,9.000134400036,2002/01/00,0,0.63,TOTAL,2.5814,0.15207,microSv/hr,ICRP Pub. 103 EFFECTIVE DOSE,0.9063077870366499,0.42261826174069944,-0.3420201433256689,-0.9396926207859083,-0.9374831999955,1.275753785420522,65.00000_-160.00000,1.1956669319441473,2.3057617535798207,-0.08008685347637479,-0.2756382464201792
L0000.ANS,65.0,-150.0,9.000134400036,2002/01/00,0,0.49,TOTAL,2.5814,0.15207,microSv/hr,ICRP Pub. 103 EFFECTIVE DOSE,0.9063077870366499,0.42261826174069944,-0.49999999999999994,-0.8660254037844387,-0.9374831999955,1.275753785420522,65.00000_-150.00000,1.1958182489610967,2.306262009434775,-0.07993553645942542,-0.2751379905652249
L0000.ANS,65.0,-140.0,9.000134400036,2002/01/00,0,0.36,TOTAL,2.5814,0.15207,microSv/hr,ICRP Pub. 103 EFFECTIVE DOSE,0.9063077870366499,0.42261826174069944,-0.6427876096865395,-0.7660444431189779,-0.9374831999955,1.275753785420522,65.00000_-140.00000,1.1963382581497342,2.3079817431596408,-0.07941552727078793,-0.27341825684035914
L0000.ANS,65.0,-130.0,9.000134400036,2002/01/00,0,0.24,TOTAL,2.5814,0.15207,microSv/hr,ICRP Pub. 103 EFFECTIVE DOSE,0.9063077870366499,0.42261826174069944,-0.766044443118978,-0.6427876096865394,-0.9374831999955,1.275753785420522,65.00000_-130.00000,1.1972111592940005,2.3108705448441764,-0.07854262612652163,-0.2705294551558235
L0000.ANS,65.0,-120.0,9.000134400036,2002/01/00,0,0.16,TOTAL,2.5814,0.15207,microSv/hr,ICRP Pub. 103 EFFECTIVE DOSE,0.9063077870366499,0.42261826174069944,-0.8660254037844387,-0.4999999999999998,-0.9374831999955,1.275753785420522,65.00000_-120.00000,1.1984104297343363,2.314843555901565,-0.07734335568618578,-0.26655644409843493
L0000.ANS,65.0,-110.0,9.000134400036,2002/01/00,0,0.08,TOTAL,2.5814,0.15207,microSv/hr,ICRP Pub. 103 EFFECTIVE DOSE,0.9063077870366499,0.42261826174069944,-0.9396926207859084,-0.3420201433256687,-0.9374831999955,1.275753785420522,65.00000_-110.00000,1.1998996302452722,2.31978370013836,-0.07585415517524985,-0.26161629986164003
L0000.ANS,65.0,-100.0,9.000134400036,2002/01/00,0,0.04,TOTAL,2.5814,0.15207,microSv/hr,ICRP Pub. 103 EFFECTIVE DOSE,0.9063077870366499,0.42261826174069944,-0.984807753012208,-0.1736481776669303,-0.9374831999955,1.275753785420522,65.00000_-100.00000,1.2016335122228552,2.3255448063613056,-0.0741202731976669,-0.25585519363869436
L0000.ANS,65.0,-90.0,9.000134400036,2002/01/00,0,0.04,TOTAL,2.5814,0.15207,microSv/hr,ICRP Pub. 103 EFFECTIVE DOSE,0.9063077870366499,0.42261826174069944,-1.0,6.123233995736766e-17,-0.9374831999955,1.275753785420522,65.00000_-90.00000,1.203559392540583,2.3319555788584143,-0.07219439287993912,-0.2494444211415856
L0000.ANS,65.0,-80.0,9.000134400036,2002/01/00,0,0.03,TOTAL,2.5814,0.15207,microSv/hr,ICRP Pub. 103 EFFECTIVE DOSE,0.9063077870366499,0.42261826174069944,-0.984807753012208,0.17364817766693041,-0.9374831999955,1.275753785420522,65.00000_-80.00000,1.2056187542995438,2.338824350975865,-0.0701350311209783,-0.24257564902413487
L0000.ANS,65.0,-70.0,9.000134400036,2002/01/00,0,0.06,TOTAL,2.5814,0.15207,microSv/hr,ICRP Pub. 103 EFFECTIVE DOSE,0.9063077870366499,0.42261826174069944,-0.9396926207859083,0.3420201433256688,-0.9374831999955,1.275753785420522,65.00000_-70.00000,1.2077490248347793,2.345944531375685,-0.06800476058574279,-0.23545546862431488
L0000.ANS,65.0,-60.0,9.000134400036,2002/01/00,0,0.1,TOTAL,2.5814,0.15207,microSv/hr,ICRP Pub. 103 EFFECTIVE DOSE,0.9063077870366499,0.42261826174069944,-0.8660254037844386,0.5000000000000001,-0.9374831999955,1.275753785420522,65.00000_-60.00000,1.2098854769540448,2.3531006232625713,-0.06586830846647729,-0.22829937673742862
L0000.ANS,65.0,-50.0,9.000134400036,2002/01/00,0,0.14,TOTAL,2.5814,0.15207,microSv/hr,ICRP Pub. 103 EFFECTIVE DOSE,0.9063077870366499,0.42261826174069944,-0.766044443118978,0.6427876096865394,-0.9374831999955,1.275753785420522,65.00000_-50.00000,1.2119631956407937,2.3600746656262817,-0.0637905897797284,-0.22132533437371826
L0000.ANS,65.0,-40.0,9.000134400036,2002/01/00,0,0.23,TOTAL,2.5814,0.15207,microSv/hr,ICRP Pub. 103 EFFECTIVE DOSE,0.9063077870366499,0.42261826174069944,-0.6427876096865393,0.766044443118978,-0.9374831999955,1.275753785420522,65.00000_-40.00000,1.2139190504641053,2.3666529148209237,-0.06183473495641678,-0.21474708517907626
L0000.ANS,65.0,-30.0,9.000134400036,2002/01/00,0,0.32,TOTAL,2.5814,0.15207,microSv/hr,ICRP Pub. 103 EFFECTIVE DOSE,0.9063077870366499,0.42261826174069944,-0.49999999999999994,0.8660254037844387,-0.9374831999955,1.275753785420522,65.00000_-30.00000,1.2156936137648837,2.3726325575881315,-0.06006017165563837,-0.2087674424118684
L0000.ANS,65.0,-20.0,9.000134400036,2002/01/00,0,0.41,TOTAL,2.5814,0.15207,microSv/hr,ICRP Pub. 103 EFFECTIVE DOSE,0.9063077870366499,0.42261826174069944,-0.3420201433256687,0.9396926207859084,-0.9374831999955,1.275753785420522,65.00000_-20.00000,1.217232966335207,2.377828226141308,-0.058520819085315035,-0.20357177385869196
L0000.ANS,65.0,-10.0,9.000134400036,2002/01/00,0,0.5,TOTAL,2.5814,0.15207,microSv/hr,ICRP Pub. 103 EFFECTIVE DOSE,0.9063077870366499,0.42261826174069944,-0.17364817766693033,0.984807753012208,-0.9374831999955,1.275753785420522,65.00000_-10.00000,1.218490335726176,2.3820780752159707,-0.05726344969434605,-0.19932192478402921
L0000.ANS,65.0,0.0,9.000134400036,2002/01/00,0,0.6,TOTAL,2.5814,0.15207,microSv/hr,ICRP Pub. 103 EFFECTIVE DOSE,0.9063077870366499,0.42261826174069944,0.0,1.0,-0.9374831999955,1.275753785420522,65.00000_0.00000,1.219427517405106,2.3852491825445177,-0.05632626801541618,-0.19615081745548224
L0000.ANS,65.0,10.0,9.000134400036,2002/01/00,0,0.67,TOTAL,2.5813,0.15207,microSv/hr,ICRP Pub. 103 EFFECTIVE DOSE,0.9063077870366499,0.42261826174069944,0.17364817766693033,0.984807753012208,-0.9374831999955,1.2757258629890351,65.00000_10.00000,1.2200160355809189,2.3872420495798172,-0.05570982740811625,-0.19405795042018292
L0000.ANS,65.0,20.0,9.000134400036,2002/01/00,0,0.7,TOTAL,2.5813,0.15207,microSv/hr,ICRP Pub. 103 EFFECTIVE DOSE,0.9063077870366499,0.42261826174069944,0.3420201433256687,0.9396926207859084,-0.9374831999955,1.2757258629890351,65.00000_20.00000,1.2202380084266475,2.3879940087909097,-0.055487854562387584,-0.19330599120909042
L0000.ANS,65.0,30.0,9.000134400036,2002/01/00,0,0.74,TOTAL,2.5813,0.15207,microSv/hr,ICRP Pub. 103 EFFECTIVE DOSE,0.9063077870366499,0.42261826174069944,0.49999999999999994,0.8660254037844387,-0.9374831999955,1.2757258629890351,65.00000_30.00000,1.220086691409698,2.387481386429278,-0.05563917157933718,-0.19381861357072205
L0000.ANS,65.0,40.0,9.000134400036,2002/01/00,0,0.78,TOTAL,2.5813,0.15207,microSv/hr,ICRP Pub. 103 EFFECTIVE DOSE,0.9063077870366499,0.42261826174069944,0.6427876096865393,0.766044443118978,-0.9374831999955,1.2757258629890351,65.00000_40.00000,1.2195666822210605,2.385720322906287,-0.05615918076797466,-0.19557967709371304
L0000.ANS,65.0,50.0,9.000134400036,2002/01/00,0,0.82,TOTAL,2.5812,0.15207,microSv/hr,ICRP Pub. 103 EFFECTIVE DOSE,0.9063077870366499,0.42261826174069944,0.766044443118978,0.6427876096865394,-0.9374831999955,1.2756979397778638,65.00000_50.00000,1.2186937810767942,2.3827662132726717,-0.057004158701069674,-0.19843378672732825
L0000.ANS,65.0,60.0,9.000134400036,2002/01/00,0,0.81,TOTAL,2.5812,0.15207,microSv/hr,ICRP Pub. 103 EFFECTIVE DOSE,0.9063077870366499,0.42261826174069944,0.8660254037844386,0.5000000000000001,-0.9374831999955,1.2756979397778638,65.00000_60.00000,1.2174945106364583,2.3787117934054156,-0.05820342914140553,-0.20248820659458433
L0000.ANS,65.0,70.0,9.000134400036,2002/01/00,0,0.86,TOTAL,2.5811,0.15207,microSv/hr,ICRP Pub. 103 EFFECTIVE DOSE,0.9063077870366499,0.42261826174069944,0.9396926207859083,0.3420201433256688,-0.9374831999955,1.2756700157869654,65.00000_70.00000,1.2160053101255224,2.373683958732546,-0.059664705661442996,-0.20741604126745417
L0000.ANS,65.0,80.0,9.000134400036,2002/01/00,0,0.87,TOTAL,2.5811,0.15207,microSv/hr,ICRP Pub. 103 EFFECTIVE DOSE,0.9063077870366499,0.42261826174069944,0.984807753012208,0.17364817766693041,-0.9374831999955,1.2756700157869654,65.00000_80.00000,1.2142714281479394,2.367839457220575,-0.06139858763902595,-0.21326054277942497
L0000.ANS,65.0,90.0,9.000134400036,2002/01/00,0,0.9,TOTAL,2.5811,0.15207,microSv/hr,ICRP Pub. 103 EFFECTIVE DOSE,0.9063077870366499,0.42261826174069944,1.0,6.123233995736766e-17,-0.9374831999955,1.2756700157869654,65.00000_90.00000,1.2123455478302116,2.3613596431726265,-0.06332446795675373,-0.2197403568273737
L0000.ANS,65.0,100.0,9.000134400036,2002/01/00,0,0.92,TOTAL,2.581,0.15207,microSv/hr,ICRP Pub. 103 EFFECTIVE DOSE,0.9063077870366499,0.42261826174069944,0.984807753012208,-0.1736481776669303,-0.9374831999955,1.2756420910162956,65.00000_100.00000,1.2102861860712508,2.354444510489172,-0.06535590494504473,-0.22655548951082816
L0000.ANS,65.0,110.0,9.000134400036,2002/01/00,0,0.96,TOTAL,2.5808,0.15207,microSv/hr,ICRP Pub. 103 EFFECTIVE DOSE,0.9063077870366499,0.42261826174069944,0.9396926207859084,-0.3420201433256687,-0.9374831999955,1.275586239135469,65.00000_110.00000,1.2081559155360153,2.3473062421072837,-0.06743032359945378,-0.2334937578927163
L0000.ANS,65.0,120.0,9.000134400036,2002/01/00,0,0.98,TOTAL,2.5807,0.15207,microSv/hr,ICRP Pub. 103 EFFECTIVE DOSE,0.9063077870366499,0.42261826174069944,0.8660254037844387,-0.4999999999999998,-0.9374831999955,1.275558312025225,65.00000_120.00000,1.2060194634167498,2.3401625164236926,-0.06953884860847515,-0.24053748357630766
L0000.ANS,65.0,130.0,9.000134400036,2002/01/00,0,1.04,TOTAL,2.5803,0.15207,microSv/hr,ICRP Pub. 103 EFFECTIVE DOSE,0.9063077870366499,0.42261826174069944,0.766044443118978,-0.6427876096865394,-0.9374831999955,1.2754465957843601,65.00000_130.00000,1.203941744730001,2.333229802954697,-0.07150485105435922,-0.24707019704530264
L0000.ANS,65.0,140.0,9.000134400036,2002/01/00,0,1.05,TOTAL,2.5802,0.15207,microSv/hr,ICRP Pub. 103 EFFECTIVE DOSE,0.9063077870366499,0.42261826174069944,0.6427876096865395,-0.7660444431189779,-0.9374831999955,1.2754186647739543,65.00000_140.00000,1.2019858899066893,2.3267168606284137,-0.07343277486726496,-0.2534831393715864
L0000.ANS,65.0,150.0,9.000134400036,2002/01/00,0,1.08,TOTAL,2.5799,0.15207,microSv/hr,ICRP Pub. 103 EFFECTIVE DOSE,0.9063077870366499,0.42261826174069944,0.49999999999999994,-0.8660254037844387,-0.9374831999955,1.2753348670615827,65.00000_150.00000,1.200211326605911,2.3208186259187213,-0.07512354045567182,-0.2590813740812785
L0000.ANS,65.0,160.0,9.000134400036,2002/01/00,0,1.06,TOTAL,2.5801,0.15207,microSv/hr,ICRP Pub. 103 EFFECTIVE DOSE,0.9063077870366499,0.42261826174069944,0.3420201433256689,-0.9396926207859083,-0.9374831999955,1.275390732983385,65.00000_160.00000,1.1986719740355876,2.315710647729671,-0.07671875894779734,-0.2643893522703289
L0000.ANS,65.0,170.0,9.000134400036,2002/01/00,0,0.98,TOTAL,2.5807,0.15207,microSv/hr,ICRP Pub. 103 EFFECTIVE DOSE,0.9063077870366499,0.42261826174069944,0.17364817766693028,-0.984807753012208,-0.9374831999955,1.275558312025225,65.00000_170.00000,1.1974146046446186,2.311544194586154,-0.07814370738060639,-0.2691558054138463
L0000.ANS,70.0,-179.99999,9.000134400036,2002/01/00,0,0.4,TOTAL,2.5814,0.15207,microSv/hr,ICRP Pub. 103 EFFECTIVE DOSE,0.9396926207859083,0.3420201433256688,-1.745329251238221e-07,-0.9999999999999848,-0.9374831999955,1.275753785420522,70.00000_-179.99999,1.2526637430259218,2.4996527280863323,-0.02309004239460033,-0.0817472719136676
L0000.ANS,70.0,-170.0,9.000134400036,2002/01/00,0,0.34,TOTAL,2.5814,0.15207,microSv/hr,ICRP Pub. 103 EFFECTIVE DOSE,0.9396926207859083,0.3420201433256688,-0.17364817766693028,-0.984807753012208,-0.9374831999955,1.275753785420522,70.00000_-170.00000,1.2520752256168455,2.497593727468415,-0.023678559803676613,-0.0838062725315849
L0000.ANS,70.0,-160.0,9.000134400036,2002/01/00,0,0.26,TOTAL,2.5814,0.15207,microSv/hr,ICRP Pub. 103 EFFECTIVE DOSE,0.9396926207859083,0.3420201433256688,-0.3420201433256689,-0.9396926207859083,-0.9374831999955,1.275753785420522,70.00000_-160.00000,1.2518532527711166,2.4968174427957717,-0.023900532649405504,-0.08458255720422825
L0000.ANS,70.0,-150.0,9.000134400036,2002/01/00,0,0.2,TOTAL,2.5814,0.15207,microSv/hr,ICRP Pub. 103 EFFECTIVE DOSE,0.9396926207859083,0.3420201433256688,-0.49999999999999994,-0.8660254037844387,-0.9374831999955,1.275753785420522,70.00000_-150.00000,1.2520045697880662,2.4973466108150864,-0.02374921563245591,-0.08405338918491356
L0000.ANS,70.0,-140.0,9.000134400036,2002/01/00,0,0.11,TOTAL,2.5814,0.15207,microSv/hr,ICRP Pub. 103 EFFECTIVE DOSE,0.9396926207859083,0.3420201433256688,-0.6427876096865395,-0.7660444431189779,-0.9374831999955,1.275753785420522,70.00000_-140.00000,1.2525245789767037,2.499165736128507,-0.02322920644381843,-0.0822342638714928
L0000.ANS,70.0,-130.0,9.000134400036,2002/01/00,0,0.06,TOTAL,2.5814,0.15207,microSv/hr,ICRP Pub. 103 EFFECTIVE DOSE,0.9396926207859083,0.3420201433256688,-0.766044443118978,-0.6427876096865394,-0.9374831999955,1.275753785420522,70.00000_-130.00000,1.25339748012097,2.5022214953974027,-0.022356305299552126,-0.07917850460259723
L0000.ANS,70.0,-120.0,9.000134400036,2002/01/00,0,0.03,TOTAL,2.5814,0.15207,microSv/hr,ICRP Pub. 103 EFFECTIVE DOSE,0.9396926207859083,0.3420201433256688,-0.8660254037844387,-0.4999999999999998,-0.9374831999955,1.275753785420522,70.00000_-120.00000,1.2545967505613058,2.506424125653758,-0.021157034859216273,-0.07497587434624187
L0000.ANS,70.0,-110.0,9.000134400036,2002/01/00,0,0.02,TOTAL,2.5814,0.15207,microSv/hr,ICRP Pub. 103 EFFECTIVE DOSE,0.9396926207859083,0.3420201433256688,-0.9396926207859084,-0.3420201433256687,-0.9374831999955,1.275753785420522,70.00000_-110.00000,1.2560859510722417,2.51164978431426,-0.019667834348280344,-0.06975021568573991
L0000.ANS,70.0,-100.0,9.000134400036,2002/01/00,0,0.0,TOTAL,2.5814,0.15207,microSv/hr,ICRP Pub. 103 EFFECTIVE DOSE,0.9396926207859083,0.3420201433256688,-0.984807753012208,-0.1736481776669303,-0.9374831999955,1.275753785420522,70.00000_-100.00000,1.2578198330498247,2.5177438522574143,-0.017933952370697392,-0.06365614774258566
L0000.ANS,70.0,-90.0,9.000134400036,2002/01/00,0,0.0,TOTAL,2.5814,0.15207,microSv/hr,ICRP Pub. 103 EFFECTIVE DOSE,0.9396926207859083,0.3420201433256688,-1.0,6.123233995736766e-17,-0.9374831999955,1.275753785420522,70.00000_-90.00000,1.2597457133675525,2.5245251337775994,-0.016008072052969613,-0.056874866222400566
L0000.ANS,70.0,-80.0,9.000134400036,2002/01/00,0,0.0,TOTAL,2.5814,0.15207,microSv/hr,ICRP Pub. 103 EFFECTIVE DOSE,0.9396926207859083,0.3420201433256688,-0.984807753012208,0.17364817766693041,-0.9374831999955,1.275753785420522,70.00000_-80.00000,1.2618050751265133,2.531790884893777,-0.013948710294008793,-0.04960911510622301
L0000.ANS,70.0,-70.0,9.000134400036,2002/01/00,0,0.0,TOTAL,2.5814,0.15207,microSv/hr,ICRP Pub. 103 EFFECTIVE DOSE,0.9396926207859083,0.3420201433256688,-0.9396926207859083,0.3420201433256688,-0.9374831999955,1.275753785420522,70.00000_-70.00000,1.2639353456617488,2.539322574372301,-0.01181843975877328,-0.042077425627698783
L0000.ANS,70.0,-60.0,9.000134400036,2002/01/00,0,0.0,TOTAL,2.5814,0.15207,microSv/hr,ICRP Pub. 103 EFFECTIVE DOSE,0.9396926207859083,0.3420201433256688,-0.8660254037844386,0.5000000000000001,-0.9374831999955,1.275753785420522,70.00000_-60.00000,1.2660717977810143,2.546892250833472,-0.009681987639507783,-0.03450774916652799
L0000.ANS,70.0,-50.0,9.000134400036,2002/01/00,0,0.02,TOTAL,2.5814,0.15207,microSv/hr,ICRP Pub. 103 EFFECTIVE DOSE,0.9396926207859083,0.3420201433256688,-0.766044443118978,0.6427876096865394,-0.9374831999955,1.275753785420522,70.00000_-50.00000,1.2681495164677632,2.554269356263956,-0.007604268952758897,-0.027130643736044124
L0000.ANS,70.0,-40.0,9.000134400036,2002/01/00,0,0.07,TOTAL,2.5814,0.15207,microSv/hr,ICRP Pub. 103 EFFECTIVE DOSE,0.9396926207859083,0.3420201433256688,-0.6427876096865393,0.766044443118978,-0.9374831999955,1.275753785420522,70.00000_-40.00000,1.2701053712910748,2.5612277937563044,-0.005648414129447277,-0.020172206243695534
L0000.ANS,70.0,-30.0,9.000134400036,2002/01/00,0,0.11,TOTAL,2.5814,0.15207,microSv/hr,ICRP Pub. 103 EFFECTIVE DOSE,0.9396926207859083,0.3420201433256688,-0.49999999999999994,0.8660254037844387,-0.9374831999955,1.275753785420522,70.00000_-30.00000,1.2718799345918532,2.567553028509661,-0.0038738508286688678,-0.013846971490338866
L0000.ANS,70.0,-20.0,9.000134400036,2002/01/00,0,0.15,TOTAL,2.5814,0.15207,microSv/hr,ICRP Pub. 103 EFFECTIVE DOSE,0.9396926207859083,0.3420201433256688,-0.3420201433256687,0.9396926207859084,-0.9374831999955,1.275753785420522,70.00000_-20.00000,1.2734192871621766,2.5730489794516966,-0.00233449825834553,-0.008351020548303278
L0000.ANS,70.0,-10.0,9.000134400036,2002/01/00,0,0.21,TOTAL,2.5814,0.15207,microSv/hr,ICRP Pub. 103 EFFECTIVE DOSE,0.9396926207859083,0.3420201433256688,-0.17364817766693033,0.984807753012208,-0.9374831999955,1.275753785420522,70.00000_-10.00000,1.2746766565531455,2.5775444475105904,-0.0010771288673765422,-0.0038555524894094972
L0000.ANS,70.0,0.0,9.000134400036,2002/01/00,0,0.24,TOTAL,2.5814,0.15207,microSv/hr,ICRP Pub. 103 EFFECTIVE DOSE,0.9396926207859083,0.3420201433256688,0.0,1.0,-0.9374831999955,1.275753785420522,70.00000_0.00000,1.2756138382320752,2.580898828208906,-0.00013994718844689835,-0.0005011717910941016
L0000.ANS,70.0,10.0,9.000134400036,2002/01/00,0,0.3,TOTAL,2.5814,0.15207,microSv/hr,ICRP Pub. 103 EFFECTIVE DOSE,0.9396926207859083,0.3420201433256688,0.17364817766693033,0.984807753012208,-0.9374831999955,1.275753785420522,70.00000_10.00000,1.2762023564078881,2.583006872505402,0.00044857098736605927,0.001606872505401924
L0000.ANS,70.0,20.0,9.000134400036,2002/01/00,0,0.34,TOTAL,2.5814,0.15207,microSv/hr,ICRP Pub. 103 EFFECTIVE DOSE,0.9396926207859083,0.3420201433256688,0.3420201433256687,0.9396926207859084,-0.9374831999955,1.275753785420522,70.00000_20.00000,1.276424329253617,2.583802291014547,0.0006705438330949498,0.002402291014547142
L0000.ANS,70.0,30.0,9.000134400036,2002/01/00,0,0.35,TOTAL,2.5814,0.15207,microSv/hr,ICRP Pub. 103 EFFECTIVE DOSE,0.9396926207859083,0.3420201433256688,0.49999999999999994,0.8660254037844387,-0.9374831999955,1.275753785420522,70.00000_30.00000,1.2762730122366674,2.5832600417693374,0.0005192268161453573,0.001860041769337517
L0000.ANS,70.0,40.0,9.000134400036,2002/01/00,0,0.38,TOTAL,2.5814,0.15207,microSv/hr,ICRP Pub. 103 EFFECTIVE DOSE,0.9396926207859083,0.3420201433256688,0.6427876096865393,0.766044443118978,-0.9374831999955,1.275753785420522,70.00000_40.00000,1.27575300304803,2.5813971980122528,-7.823724921252051e-07,-2.801987747158563e-06
L0000.ANS,70.0,50.0,9.000134400036,2002/01/00,0,0.41,TOTAL,2.5814,0.15207,microSv/hr,ICRP Pub. 103 EFFECTIVE DOSE,0.9396926207859083,0.3420201433256688,0.766044443118978,0.6427876096865394,-0.9374831999955,1.275753785420522,70.00000_50.00000,1.2748801019037637,2.5782723563373886,-0.0008736835167584278,-0.0031276436626113124
L0000.ANS,70.0,60.0,9.000134400036,2002/01/00,0,0.41,TOTAL,2.5814,0.15207,microSv/hr,ICRP Pub. 103 EFFECTIVE DOSE,0.9396926207859083,0.3420201433256688,0.8660254037844386,0.5000000000000001,-0.9374831999955,1.275753785420522,70.00000_60.00000,1.2736808314634278,2.5739836122689796,-0.002072953957094281,-0.007416387731020269
L0000.ANS,70.0,70.0,9.000134400036,2002/01/00,0,0.42,TOTAL,2.5814,0.15207,microSv/hr,ICRP Pub. 103 EFFECTIVE DOSE,0.9396926207859083,0.3420201433256688,0.9396926207859083,0.3420201433256688,-0.9374831999955,1.275753785420522,70.00000_70.00000,1.2721916309524919,2.5686651951251718,-0.0035621544680302097,-0.012734804874828143
L0000.ANS,70.0,80.0,9.000134400036,2002/01/00,0,0.43,TOTAL,2.5814,0.15207,microSv/hr,ICRP Pub. 103 EFFECTIVE DOSE,0.9396926207859083,0.3420201433256688,0.984807753012208,0.17364817766693041,-0.9374831999955,1.275753785420522,70.00000_80.00000,1.270457748974909,2.562482912082731,-0.0052960364456131614,-0.018917087917269093
L0000.ANS,70.0,90.0,9.000134400036,2002/01/00,0,0.44,TOTAL,2.5814,0.15207,microSv/hr,ICRP Pub. 103 EFFECTIVE DOSE,0.9396926207859083,0.3420201433256688,1.0,6.123233995736766e-17,-0.9374831999955,1.275753785420522,70.00000_90.00000,1.2685318686571811,2.55562859877222,-0.007221916763340941,-0.0257714012277801
L0000.ANS,70.0,100.0,9.000134400036,2002/01/00,0,0.49,TOTAL,2.5814,0.15207,microSv/hr,ICRP Pub. 103 EFFECTIVE DOSE,0.9396926207859083,0.3420201433256688,0.984807753012208,-0.1736481776669303,-0.9374831999955,1.275753785420522,70.00000_100.00000,1.2664725068982203,2.5483138076925043,-0.009281278522301761,-0.033086192307495654
L0000.ANS,70.0,110.0,9.000134400036,2002/01/00,0,0.48,TOTAL,2.5814,0.15207,microSv/hr,ICRP Pub. 103 EFFECTIVE DOSE,0.9396926207859083,0.3420201433256688,0.9396926207859084,-0.3420201433256687,-0.9374831999955,1.275753785420522,70.00000_110.00000,1.2643422363629848,2.540762984841428,-0.011411549057537274,-0.04063701515857199
L0000.ANS,70.0,120.0,9.000134400036,2002/01/00,0,0.5,TOTAL,2.5814,0.15207,microSv/hr,ICRP Pub. 103 EFFECTIVE DOSE,0.9396926207859083,0.3420201433256688,0.8660254037844387,-0.4999999999999998,-0.9374831999955,1.275753785420522,70.00000_120.00000,1.2622057842437193,2.5332063892852363,-0.01354800117680277,-0.04819361071476358
L0000.ANS,70.0,130.0,9.000134400036,2002/01/00,0,0.53,TOTAL,2.5814,0.15207,microSv/hr,ICRP Pub. 103 EFFECTIVE DOSE,0.9396926207859083,0.3420201433256688,0.766044443118978,-0.6427876096865394,-0.9374831999955,1.275753785420522,70.00000_130.00000,1.2601280655569704,2.5258730013427946,-0.015625719863551657,-0.05552699865720534
L0000.ANS,70.0,140.0,9.000134400036,2002/01/00,0,0.52,TOTAL,2.5814,0.15207,microSv/hr,ICRP Pub. 103 EFFECTIVE DOSE,0.9396926207859083,0.3420201433256688,0.6427876096865395,-0.7660444431189779,-0.9374831999955,1.275753785420522,70.00000_140.00000,1.2581722107336588,2.518983645113233,-0.017581574686863277,-0.06241635488676689
L0000.ANS,70.0,150.0,9.000134400036,2002/01/00,0,0.52,TOTAL,2.5814,0.15207,microSv/hr,ICRP Pub. 103 EFFECTIVE DOSE,0.9396926207859083,0.3420201433256688,0.49999999999999994,-0.8660254037844387,-0.9374831999955,1.275753785420522,70.00000_150.00000,1.2563976474328804,2.512744523376096,-0.019356137987641686,-0.06865547662390403
L0000.ANS,70.0,160.0,9.000134400036,2002/01/00,0,0.51,TOTAL,2.5814,0.15207,microSv/hr,ICRP Pub. 103 EFFECTIVE DOSE,0.9396926207859083,0.3420201433256688,0.3420201433256689,-0.9396926207859083,-0.9374831999955,1.275753785420522,70.00000_160.00000,1.254858294862557,2.507341330841259,-0.020895490557965024,-0.07405866915874082
L0000.ANS,70.0,170.0,9.000134400036,2002/01/00,0,0.47,TOTAL,2.5814,0.15207,microSv/hr,ICRP Pub. 103 EFFECTIVE DOSE,0.9396926207859083,0.3420201433256688,0.17364817766693028,-0.984807753012208,-0.9374831999955,1.275753785420522,70.00000_170.00000,1.253600925471588,2.5029340785608842,-0.02215285994893401,-0.07846592143911568
L0000.ANS,75.0,-179.99999,9.000134400036,2002/01/00,0,0.12,TOTAL,2.5814,0.15207,microSv/hr,ICRP Pub. 103 EFFECTIVE DOSE,0.9659258262890683,0.25881904510252074,-1.745329251238221e-07,-0.9999999999999848,-0.9374831999955,1.275753785420522,75.00000_-179.99999,1.3108780984338095,2.7094295267959594,0.035124313013287445,0.12802952679595947
L0000.ANS,75.0,-170.0,9.000134400036,2002/01/00,0,0.09,TOTAL,2.5814,0.15207,microSv/hr,ICRP Pub. 103 EFFECTIVE DOSE,0.9659258262890683,0.25881904510252074,-0.17364817766693028,-0.984807753012208,-0.9374831999955,1.275753785420522,75.00000_-170.00000,1.310289581024733,2.7072471052012395,0.03453579560421094,0.12584710520123954
L0000.ANS,75.0,-160.0,9.000134400036,2002/01/00,0,0.06,TOTAL,2.5814,0.15207,microSv/hr,ICRP Pub. 103 EFFECTIVE DOSE,0.9659258262890683,0.25881904510252074,-0.3420201433256689,-0.9396926207859083,-0.9374831999955,1.275753785420522,75.00000_-160.00000,1.3100676081790044,2.7064242883363576,0.03431382275848227,0.1250242883363577
L0000.ANS,75.0,-150.0,9.000134400036,2002/01/00,0,0.03,TOTAL,2.5814,0.15207,microSv/hr,ICRP Pub. 103 EFFECTIVE DOSE,0.9659258262890683,0.25881904510252074,-0.49999999999999994,-0.8660254037844387,-0.9374831999955,1.275753785420522,75.00000_-150.00000,1.3102189251959537,2.7069851758380588,0.03446513977543164,0.12558517583805884
L0000.ANS,75.0,-140.0,9.000134400036,2002/01/00,0,0.02,TOTAL,2.5814,0.15207,microSv/hr,ICRP Pub. 103 EFFECTIVE DOSE,0.9659258262890683,0.25881904510252074,-0.6427876096865395,-0.7660444431189779,-0.9374831999955,1.275753785420522,75.00000_-140.00000,1.3107389343845912,2.7089133434806336,0.034985148964069124,0.1275133434806337
L0000.ANS,75.0,-130.0,9.000134400036,2002/01/00,0,0.0,TOTAL,2.5814,0.15207,microSv/hr,ICRP Pub. 103 EFFECTIVE DOSE,0.9659258262890683,0.25881904510252074,-0.766044443118978,-0.6427876096865394,-0.9374831999955,1.275753785420522,75.00000_-130.00000,1.3116118355288577,2.7121522716085176,0.03585805010833565,0.13075227160851766
L0000.ANS,75.0,-120.0,9.000134400036,2002/01/00,0,0.0,TOTAL,2.5814,0.15207,microSv/hr,ICRP Pub. 103 EFFECTIVE DOSE,0.9659258262890683,0.25881904510252074,-0.8660254037844387,-0.4999999999999998,-0.9374831999955,1.275753785420522,75.00000_-120.00000,1.3128111059691936,2.716606816666094,0.0370573205486715,0.13520681666609402
L0000.ANS,75.0,-110.0,9.000134400036,2002/01/00,0,0.0,TOTAL,2.5814,0.15207,microSv/hr,ICRP Pub. 103 EFFECTIVE DOSE,0.9659258262890683,0.25881904510252074,-0.9396926207859084,-0.3420201433256687,-0.9374831999955,1.275753785420522,75.00000_-110.00000,1.3143003064801295,2.722145712676163,0.03854652105960743,0.14074571267616287
L0000.ANS,75.0,-100.0,9.000134400036,2002/01/00,0,0.0,TOTAL,2.5814,0.15207,microSv/hr,ICRP Pub. 103 EFFECTIVE DOSE,0.9659258262890683,0.25881904510252074,-0.984807753012208,-0.1736481776669303,-0.9374831999955,1.275753785420522,75.00000_-100.00000,1.3160341884577123,2.728605072310681,0.04028040303719016,0.14720507231068103
L0000.ANS,75.0,-90.0,9.000134400036,2002/01/00,0,0.0,TOTAL,2.5814,0.15207,microSv/hr,ICRP Pub. 103 EFFECTIVE DOSE,0.9659258262890683,0.25881904510252074,-1.0,6.123233995736766e-17,-0.9374831999955,1.275753785420522,75.00000_-90.00000,1.3179600687754403,2.735792838599209,0.04220628335491816,0.15439283859920927
L0000.ANS,75.0,-80.0,9.000134400036,2002/01/00,0,0.0,TOTAL,2.5814,0.15207,microSv/hr,ICRP Pub. 103 EFFECTIVE DOSE,0.9659258262890683,0.25881904510252074,-0.984807753012208,0.17364817766693041,-0.9374831999955,1.275753785420522,75.00000_-80.00000,1.320019430534401,2.743494114645372,0.04426564511387898,0.16209411464537204
L0000.ANS,75.0,-70.0,9.000134400036,2002/01/00,0,0.0,TOTAL,2.5814,0.15207,microSv/hr,ICRP Pub. 103 EFFECTIVE DOSE,0.9659258262890683,0.25881904510252074,-0.9396926207859083,0.3420201433256688,-0.9374831999955,1.275753785420522,75.00000_-70.00000,1.3221497010696364,2.7514772699779213,0.04639591564911427,0.17007726997792139
L0000.ANS,75.0,-60.0,9.000134400036,2002/01/00,0,0.0,TOTAL,2.5814,0.15207,microSv/hr,ICRP Pub. 103 EFFECTIVE DOSE,0.9659258262890683,0.25881904510252074,-0.8660254037844386,0.5000000000000001,-0.9374831999955,1.275753785420522,75.00000_-60.00000,1.324286153188902,2.759500689315507,0.04853236776837999,0.17810068931550704
L0000.ANS,75.0,-50.0,9.000134400036,2002/01/00,0,0.0,TOTAL,2.5814,0.15207,microSv/hr,ICRP Pub. 103 EFFECTIVE DOSE,0.9659258262890683,0.25881904510252074,-0.766044443118978,0.6427876096865394,-0.9374831999955,1.275753785420522,75.00000_-50.00000,1.3263638718756507,2.7673199944958484,0.050610086455128656,0.1859199944958485
L0000.ANS,75.0,-40.0,9.000134400036,2002/01/00,0,0.0,TOTAL,2.5814,0.15207,microSv/hr,ICRP Pub. 103 EFFECTIVE DOSE,0.9659258262890683,0.25881904510252074,-0.6427876096865393,0.766044443118978,-0.9374831999955,1.275753785420522,75.00000_-40.00000,1.3283197266989624,2.774695535870948,0.052565941278440276,0.19329553587094805
L0000.ANS,75.0,-30.0,9.000134400036,2002/01/00,0,0.0,TOTAL,2.5814,0.15207,microSv/hr,ICRP Pub. 103 EFFECTIVE DOSE,0.9659258262890683,0.25881904510252074,-0.49999999999999994,0.8660254037844387,-0.9374831999955,1.275753785420522,75.00000_-30.00000,1.3300942899997408,2.7813999189572227,0.054340504579218685,0.1999999189572228
L0000.ANS,75.0,-20.0,9.000134400036,2002/01/00,0,0.02,TOTAL,2.5814,0.15207,microSv/hr,ICRP Pub. 103 EFFECTIVE DOSE,0.9659258262890683,0.25881904510252074,-0.3420201433256687,0.9396926207859084,-0.9374831999955,1.275753785420522,75.00000_-20.00000,1.3316336425700643,2.787225309156255,0.055879857149542245,0.2058253091562552
L0000.ANS,75.0,-10.0,9.000134400036,2002/01/00,0,0.02,TOTAL,2.5814,0.15207,microSv/hr,ICRP Pub. 103 EFFECTIVE DOSE,0.9659258262890683,0.25881904510252074,-0.17364817766693033,0.984807753012208,-0.9374831999955,1.275753785420522,75.00000_-10.00000,1.3328910119610333,2.7919902453513807,0.05713722654051123,0.21059024535138082
L0000.ANS,75.0,0.0,9.000134400036,2002/01/00,0,0.05,TOTAL,2.5814,0.15207,microSv/hr,ICRP Pub. 103 EFFECTIVE DOSE,0.9659258262890683,0.25881904510252074,0.0,1.0,-0.9374831999955,1.275753785420522,75.00000_0.00000,1.333828193639963,2.795545694926873,0.058074408219440876,0.2141456949268732
L0000.ANS,75.0,10.0,9.000134400036,2002/01/00,0,0.07,TOTAL,2.5814,0.15207,microSv/hr,ICRP Pub. 103 EFFECTIVE DOSE,0.9659258262890683,0.25881904510252074,0.17364817766693033,0.984807753012208,-0.9374831999955,1.275753785420522,75.00000_10.00000,1.334416711815776,2.7977800999849696,0.058662926395253834,0.21638009998496965
L0000.ANS,75.0,20.0,9.000134400036,2002/01/00,0,0.11,TOTAL,2.5814,0.15207,microSv/hr,ICRP Pub. 103 EFFECTIVE DOSE,0.9659258262890683,0.25881904510252074,0.3420201433256687,0.9396926207859084,-0.9374831999955,1.275753785420522,75.00000_20.00000,1.3346386846615046,2.7986231976101426,0.0588848992409825,0.21722319761014264
L0000.ANS,75.0,30.0,9.000134400036,2002/01/00,0,0.12,TOTAL,2.5814,0.15207,microSv/hr,ICRP Pub. 103 EFFECTIVE DOSE,0.9659258262890683,0.25881904510252074,0.49999999999999994,0.8660254037844387,-0.9374831999955,1.275753785420522,75.00000_30.00000,1.3344873676445552,2.798048444765405,0.05873358222403313,0.21664844476540512
L0000.ANS,75.0,40.0,9.000134400036,2002/01/00,0,0.14,TOTAL,2.5814,0.15207,microSv/hr,ICRP Pub. 103 EFFECTIVE DOSE,0.9659258262890683,0.25881904510252074,0.6427876096865393,0.766044443118978,-0.9374831999955,1.275753785420522,75.00000_40.00000,1.3339673584559177,2.796073938100535,0.05821357303539565,0.21467393810053492
L0000.ANS,75.0,50.0,9.000134400036,2002/01/00,0,0.17,TOTAL,2.5814,0.15207,microSv/hr,ICRP Pub. 103 EFFECTIVE DOSE,0.9659258262890683,0.25881904510252074,0.766044443118978,0.6427876096865394,-0.9374831999955,1.275753785420522,75.00000_50.00000,1.3330944573116514,2.792761786616967,0.05734067189112935,0.21136178661696725
L0000.ANS,75.0,60.0,9.000134400036,2002/01/00,0,0.18,TOTAL,2.5814,0.15207,microSv/hr,ICRP Pub. 103 EFFECTIVE DOSE,0.9659258262890683,0.25881904510252074,0.8660254037844386,0.5000000000000001,-0.9374831999955,1.275753785420522,75.00000_60.00000,1.3318951868713156,2.788215965898085,0.05614140145079349,0.20681596589808526
L0000.ANS,75.0,70.0,9.000134400036,2002/01/00,0,0.18,TOTAL,2.5814,0.15207,microSv/hr,ICRP Pub. 103 EFFECTIVE DOSE,0.9659258262890683,0.25881904510252074,0.9396926207859083,0.3420201433256688,-0.9374831999955,1.275753785420522,75.00000_70.00000,1.3304059863603797,2.7825787512594067,0.054652200939857565,0.20117875125940676
L0000.ANS,75.0,80.0,9.000134400036,2002/01/00,0,0.18,TOTAL,2.5814,0.15207,microSv/hr,ICRP Pub. 103 EFFECTIVE DOSE,0.9659258262890683,0.25881904510252074,0.984807753012208,0.17364817766693041,-0.9374831999955,1.275753785420522,75.00000_80.00000,1.3286721043827967,2.77602588872062,0.05291831896227461,0.19462588872062003
L0000.ANS,75.0,90.0,9.000134400036,2002/01/00,0,0.2,TOTAL,2.5814,0.15207,microSv/hr,ICRP Pub. 103 EFFECTIVE DOSE,0.9659258262890683,0.25881904510252074,1.0,6.123233995736766e-17,-0.9374831999955,1.275753785420522,75.00000_90.00000,1.326746224065069,2.7687607129573597,0.050992438644546834,0.1873607129573598
L0000.ANS,75.0,100.0,9.000134400036,2002/01/00,0,0.2,TOTAL,2.5814,0.15207,microSv/hr,ICRP Pub. 103 EFFECTIVE DOSE,0.9659258262890683,0.25881904510252074,0.984807753012208,-0.1736481776669303,-0.9374831999955,1.275753785420522,75.00000_100.00000,1.3246868623061079,2.7610074573855474,0.04893307688558579,0.1796074573855475
L0000.ANS,75.0,110.0,9.000134400036,2002/01/00,0,0.21,TOTAL,2.5814,0.15207,microSv/hr,ICRP Pub. 103 EFFECTIVE DOSE,0.9659258262890683,0.25881904510252074,0.9396926207859084,-0.3420201433256687,-0.9374831999955,1.275753785420522,75.00000_110.00000,1.3225565917708726,2.753004021784467,0.0468028063503505,0.171604021784467
L0000.ANS,75.0,120.0,9.000134400036,2002/01/00,0,0.21,TOTAL,2.5814,0.15207,microSv/hr,ICRP Pub. 103 EFFECTIVE DOSE,0.9659258262890683,0.25881904510252074,0.8660254037844387,-0.4999999999999998,-0.9374831999955,1.275753785420522,75.00000_120.00000,1.320420139651607,2.7449944674497657,0.044666354231085004,0.1635944674497658
L0000.ANS,75.0,130.0,9.000134400036,2002/01/00,0,0.2,TOTAL,2.5814,0.15207,microSv/hr,ICRP Pub. 103 EFFECTIVE DOSE,0.9659258262890683,0.25881904510252074,0.766044443118978,-0.6427876096865394,-0.9374831999955,1.275753785420522,75.00000_130.00000,1.3183424209648582,2.737221500278815,0.04258863554433612,0.15582150027881525
L0000.ANS,75.0,140.0,9.000134400036,2002/01/00,0,0.21,TOTAL,2.5814,0.15207,microSv/hr,ICRP Pub. 103 EFFECTIVE DOSE,0.9659258262890683,0.25881904510252074,0.6427876096865395,-0.7660444431189779,-0.9374831999955,1.275753785420522,75.00000_140.00000,1.3163865661415466,2.7299191810476935,0.0406327807210245,0.14851918104769357
L0000.ANS,75.0,150.0,9.000134400036,2002/01/00,0,0.2,TOTAL,2.5814,0.15207,microSv/hr,ICRP Pub. 103 EFFECTIVE DOSE,0.9659258262890683,0.25881904510252074,0.49999999999999994,-0.8660254037844387,-0.9374831999955,1.275753785420522,75.00000_150.00000,1.3146120028407682,2.7233060727791867,0.03885821742024609,0.14190607277918676
L0000.ANS,75.0,160.0,9.000134400036,2002/01/00,0,0.19,TOTAL,2.5814,0.15207,microSv/hr,ICRP Pub. 103 EFFECTIVE DOSE,0.9659258262890683,0.25881904510252074,0.3420201433256689,-0.9396926207859083,-0.9374831999955,1.275753785420522,75.00000_160.00000,1.3130726502704448,2.7175790011280956,0.03731886484992275,0.13617900112809567
L0000.ANS,75.0,170.0,9.000134400036,2002/01/00,0,0.17,TOTAL,2.5814,0.15207,microSv/hr,ICRP Pub. 103 EFFECTIVE DOSE,0.9659258262890683,0.25881904510252074,0.17364817766693028,-0.984807753012208,-0.9374831999955,1.275753785420522,75.00000_170.00000,1.3118152808794759,2.712907568557184,0.03606149545895376,0.13150756855718404
L0000.ANS,80.0,-179.99999,9.000134400036,2002/01/00,0,0.02,TOTAL,2.5814,0.15207,microSv/hr,ICRP Pub. 103 EFFECTIVE DOSE,0.984807753012208,0.17364817766693041,-1.745329251238221e-07,-0.9999999999999848,-0.9374831999955,1.275753785420522,80.00000_-179.99999,1.3706774420271721,2.938017570647917,0.09492365660665003,0.3566175706479169
L0000.ANS,80.0,-170.0,9.000134400036,2002/01/00,0,0.0,TOTAL,2.5814,0.15207,microSv/hr,ICRP Pub. 103 EFFECTIVE DOSE,0.984807753012208,0.17364817766693041,-0.17364817766693028,-0.984807753012208,-0.9374831999955,1.275753785420522,80.00000_-170.00000,1.3700889246180958,2.9357006605881675,0.09433513919757375,0.35430066058816756
L0000.ANS,80.0,-160.0,9.000134400036,2002/01/00,0,0.0,TOTAL,2.5814,0.15207,microSv/hr,ICRP Pub. 103 EFFECTIVE DOSE,0.984807753012208,0.17364817766693041,-0.3420201433256689,-0.9396926207859083,-0.9374831999955,1.275753785420522,80.00000_-160.00000,1.369866951772367,2.9348271388652374,0.09411316635184486,0.35342713886523747
L0000.ANS,80.0,-150.0,9.000134400036,2002/01/00,0,0.0,TOTAL,2.5814,0.15207,microSv/hr,ICRP Pub. 103 EFFECTIVE DOSE,0.984807753012208,0.17364817766693041,-0.49999999999999994,-0.8660254037844387,-0.9374831999955,1.275753785420522,80.00000_-150.00000,1.3700182687893165,2.935422590219928,0.09426448336879445,0.3540225902199281
L0000.ANS,80.0,-140.0,9.000134400036,2002/01/00,0,0.0,TOTAL,2.5814,0.15207,microSv/hr,ICRP Pub. 103 EFFECTIVE DOSE,0.984807753012208,0.17364817766693041,-0.6427876096865395,-0.7660444431189779,-0.9374831999955,1.275753785420522,80.00000_-140.00000,1.370538277977954,2.9374695783081943,0.09478449255743193,0.3560695783081944
L0000.ANS,80.0,-130.0,9.000134400036,2002/01/00,0,0.0,TOTAL,2.5814,0.15207,microSv/hr,ICRP Pub. 103 EFFECTIVE DOSE,0.984807753012208,0.17364817766693041,-0.766044443118978,-0.6427876096865394,-0.9374831999955,1.275753785420522,80.00000_-130.00000,1.3714111791222203,2.940908100535273,0.09565739370169823,0.35950810053527293
L0000.ANS,80.0,-120.0,9.000134400036,2002/01/00,0,0.0,TOTAL,2.5814,0.15207,microSv/hr,ICRP Pub. 103 EFFECTIVE DOSE,0.984807753012208,0.17364817766693041,-0.8660254037844387,-0.4999999999999998,-0.9374831999955,1.275753785420522,80.00000_-120.00000,1.3726104495625562,2.9456371502663057,0.09685666414203409,0.36423715026630576
L0000.ANS,80.0,-110.0,9.000134400036,2002/01/00,0,0.0,TOTAL,2.5814,0.15207,microSv/hr,ICRP Pub. 103 EFFECTIVE DOSE,0.984807753012208,0.17364817766693041,-0.9396926207859084,-0.3420201433256687,-0.9374831999955,1.275753785420522,80.00000_-110.00000,1.374099650073492,2.9515173724546706,0.09834586465297002,0.3701173724546707
L0000.ANS,80.0,-100.0,9.000134400036,2002/01/00,0,0.0,TOTAL,2.5814,0.15207,microSv/hr,ICRP Pub. 103 EFFECTIVE DOSE,0.984807753012208,0.17364817766693041,-0.984807753012208,-0.1736481776669303,-0.9374831999955,1.275753785420522,80.00000_-100.00000,1.375833532051075,2.9583747804609746,0.10007974663055297,0.37697478046097466
L0000.ANS,80.0,-90.0,9.000134400036,2002/01/00,0,0.0,TOTAL,2.5814,0.15207,microSv/hr,ICRP Pub. 103 EFFECTIVE DOSE,0.984807753012208,0.17364817766693041,-1.0,6.123233995736766e-17,-0.9374831999955,1.275753785420522,80.00000_-90.00000,1.3777594123688028,2.9660054820913624,0.10200562694828075,0.38460548209136247
L0000.ANS,80.0,-80.0,9.000134400036,2002/01/00,0,0.0,TOTAL,2.5814,0.15207,microSv/hr,ICRP Pub. 103 EFFECTIVE DOSE,0.984807753012208,0.17364817766693041,-0.984807753012208,0.17364817766693041,-0.9374831999955,1.275753785420522,80.00000_-80.00000,1.3798187741277637,2.974181337749792,0.10406498870724157,0.39278133774979196
L0000.ANS,80.0,-70.0,9.000134400036,2002/01/00,0,0.0,TOTAL,2.5814,0.15207,microSv/hr,ICRP Pub. 103 EFFECTIVE DOSE,0.984807753012208,0.17364817766693041,-0.9396926207859083,0.3420201433256688,-0.9374831999955,1.275753785420522,80.00000_-70.00000,1.3819490446629992,2.982656443083832,0.10619525924247708,0.4012564430838319
L0000.ANS,80.0,-60.0,9.000134400036,2002/01/00,0,0.0,TOTAL,2.5814,0.15207,microSv/hr,ICRP Pub. 103 EFFECTIVE DOSE,0.984807753012208,0.17364817766693041,-0.8660254037844386,0.5000000000000001,-0.9374831999955,1.275753785420522,80.00000_-60.00000,1.3840854967822647,2.9911742936319663,0.10833171136174258,0.4097742936319664
L0000.ANS,80.0,-50.0,9.000134400036,2002/01/00,0,0.0,TOTAL,2.5814,0.15207,microSv/hr,ICRP Pub. 103 EFFECTIVE DOSE,0.984807753012208,0.17364817766693041,-0.766044443118978,0.6427876096865394,-0.9374831999955,1.275753785420522,80.00000_-50.00000,1.3861632154690136,2.9994754517933515,0.11040943004849146,0.4180754517933516
L0000.ANS,80.0,-40.0,9.000134400036,2002/01/00,0,0.0,TOTAL,2.5814,0.15207,microSv/hr,ICRP Pub. 103 EFFECTIVE DOSE,0.984807753012208,0.17364817766693041,-0.6427876096865393,0.766044443118978,-0.9374831999955,1.275753785420522,80.00000_-40.00000,1.3881190702923252,3.007305499869038,0.11236528487180308,0.4259054998690379
L0000.ANS,80.0,-30.0,9.000134400036,2002/01/00,0,0.0,TOTAL,2.5814,0.15207,microSv/hr,ICRP Pub. 103 EFFECTIVE DOSE,0.984807753012208,0.17364817766693041,-0.49999999999999994,0.8660254037844387,-0.9374831999955,1.275753785420522,80.00000_-30.00000,1.3898936335931036,3.0144230305306623,0.11413984817258149,0.4330230305306624
L0000.ANS,80.0,-20.0,9.000134400036,2002/01/00,0,0.0,TOTAL,2.5814,0.15207,microSv/hr,ICRP Pub. 103 EFFECTIVE DOSE,0.984807753012208,0.17364817766693041,-0.3420201433256687,0.9396926207859084,-0.9374831999955,1.275753785420522,80.00000_-20.00000,1.391432986163427,3.0206074016836797,0.11567920074290483,0.4392074016836798
L0000.ANS,80.0,-10.0,9.000134400036,2002/01/00,0,0.0,TOTAL,2.5814,0.15207,microSv/hr,ICRP Pub. 103 EFFECTIVE DOSE,0.984807753012208,0.17364817766693041,-0.17364817766693033,0.984807753012208,-0.9374831999955,1.275753785420522,80.00000_-10.00000,1.392690355554396,3.025665969941648,0.11693657013387382,0.444265969941648
L0000.ANS,80.0,0.0,9.000134400036,2002/01/00,0,0.0,TOTAL,2.5814,0.15207,microSv/hr,ICRP Pub. 103 EFFECTIVE DOSE,0.984807753012208,0.17364817766693041,0.0,1.0,-0.9374831999955,1.275753785420522,80.00000_0.00000,1.3936275372333258,3.0294405187769073,0.11787375181280368,0.4480405187769074
L0000.ANS,80.0,10.0,9.000134400036,2002/01/00,0,0.0,TOTAL,2.5814,0.15207,microSv/hr,ICRP Pub. 103 EFFECTIVE DOSE,0.984807753012208,0.17364817766693041,0.17364817766693033,0.984807753012208,-0.9374831999955,1.275753785420522,80.00000_10.00000,1.3942160554091387,3.0318126157031773,0.11846226998861664,0.45041261570317737
L0000.ANS,80.0,20.0,9.000134400036,2002/01/00,0,0.0,TOTAL,2.5814,0.15207,microSv/hr,ICRP Pub. 103 EFFECTIVE DOSE,0.984807753012208,0.17364817766693041,0.3420201433256687,0.9396926207859084,-0.9374831999955,1.275753785420522,80.00000_20.00000,1.3944380282548674,3.0327076679579026,0.11868424283434531,0.45130766795790267
L0000.ANS,80.0,30.0,9.000134400036,2002/01/00,0,0.02,TOTAL,2.5814,0.15207,microSv/hr,ICRP Pub. 103 EFFECTIVE DOSE,0.984807753012208,0.17364817766693041,0.49999999999999994,0.8660254037844387,-0.9374831999955,1.275753785420522,80.00000_30.00000,1.3942867112379178,3.0320974968291594,0.11853292581739572,0.4506974968291595
L0000.ANS,80.0,40.0,9.000134400036,2002/01/00,0,0.03,TOTAL,2.5814,0.15207,microSv/hr,ICRP Pub. 103 EFFECTIVE DOSE,0.984807753012208,0.17364817766693041,0.6427876096865393,0.766044443118978,-0.9374831999955,1.275753785420522,80.00000_40.00000,1.3937667020492803,3.03000131414569,0.11801291662875824,0.44860131414568993
L0000.ANS,80.0,50.0,9.000134400036,2002/01/00,0,0.02,TOTAL,2.5814,0.15207,microSv/hr,ICRP Pub. 103 EFFECTIVE DOSE,0.984807753012208,0.17364817766693041,0.766044443118978,0.6427876096865394,-0.9374831999955,1.275753785420522,80.00000_50.00000,1.392893800905014,3.0264850562832026,0.11714001548449193,0.4450850562832027
L0000.ANS,80.0,60.0,9.000134400036,2002/01/00,0,0.05,TOTAL,2.5814,0.15207,microSv/hr,ICRP Pub. 103 EFFECTIVE DOSE,0.984807753012208,0.17364817766693041,0.8660254037844386,0.5000000000000001,-0.9374831999955,1.275753785420522,80.00000_60.00000,1.3916945304646782,3.02165910616482,0.11594074504415608,0.4402591061648202
L0000.ANS,80.0,70.0,9.000134400036,2002/01/00,0,0.03,TOTAL,2.5814,0.15207,microSv/hr,ICRP Pub. 103 EFFECTIVE DOSE,0.984807753012208,0.17364817766693041,0.9396926207859083,0.3420201433256688,-0.9374831999955,1.275753785420522,80.00000_70.00000,1.3902053299537422,3.01567450660948,0.11445154453322015,0.43427450660947997
L0000.ANS,80.0,80.0,9.000134400036,2002/01/00,0,0.04,TOTAL,2.5814,0.15207,microSv/hr,ICRP Pub. 103 EFFECTIVE DOSE,0.984807753012208,0.17364817766693041,0.984807753012208,0.17364817766693041,-0.9374831999955,1.275753785420522,80.00000_80.00000,1.3884714479761593,3.0087178337223492,0.1127176625556372,0.4273178337223493
L0000.ANS,80.0,90.0,9.000134400036,2002/01/00,0,0.04,TOTAL,2.5814,0.15207,microSv/hr,ICRP Pub. 103 EFFECTIVE DOSE,0.984807753012208,0.17364817766693041,1.0,6.123233995736766e-17,-0.9374831999955,1.275753785420522,80.00000_90.00000,1.3865455676584315,3.0010049523741826,0.11079178223790942,0.4196049523741827
L0000.ANS,80.0,100.0,9.000134400036,2002/01/00,0,0.05,TOTAL,2.5814,0.15207,microSv/hr,ICRP Pub. 103 EFFECTIVE DOSE,0.984807753012208,0.17364817766693041,0.984807753012208,-0.1736481776669303,-0.9374831999955,1.275753785420522,80.00000_100.00000,1.3844862058994707,2.992773914029618,0.1087324204789486,0.411373914029618
L0000.ANS,80.0,110.0,9.000134400036,2002/01/00,0,0.04,TOTAL,2.5814,0.15207,microSv/hr,ICRP Pub. 103 EFFECTIVE DOSE,0.984807753012208,0.17364817766693041,0.9396926207859084,-0.3420201433256687,-0.9374831999955,1.275753785420522,80.00000_110.00000,1.3823559353642352,2.9842772786858456,0.10660214994371309,0.40287727868584566
L0000.ANS,80.0,120.0,9.000134400036,2002/01/00,0,0.05,TOTAL,2.5814,0.15207,microSv/hr,ICRP Pub. 103 EFFECTIVE DOSE,0.984807753012208,0.17364817766693041,0.8660254037844387,-0.4999999999999998,-0.9374831999955,1.275753785420522,80.00000_120.00000,1.3802194832449697,2.97577414755065,0.10446569782444759,0.3943741475506499
L0000.ANS,80.0,130.0,9.000134400036,2002/01/00,0,0.04,TOTAL,2.5814,0.15207,microSv/hr,ICRP Pub. 103 EFFECTIVE DOSE,0.984807753012208,0.17364817766693041,0.766044443118978,-0.6427876096865394,-0.9374831999955,1.275753785420522,80.00000_130.00000,1.3781417645582208,2.9675221829091454,0.1023879791376987,0.38612218290914546
L0000.ANS,80.0,140.0,9.000134400036,2002/01/00,0,0.05,TOTAL,2.5814,0.15207,microSv/hr,ICRP Pub. 103 EFFECTIVE DOSE,0.984807753012208,0.17364817766693041,0.6427876096865395,-0.7660444431189779,-0.9374831999955,1.275753785420522,80.00000_140.00000,1.3761859097349092,2.9597698691824914,0.10043212431438708,0.3783698691824915
L0000.ANS,80.0,150.0,9.000134400036,2002/01/00,0,0.03,TOTAL,2.5814,0.15207,microSv/hr,ICRP Pub. 103 EFFECTIVE DOSE,0.984807753012208,0.17364817766693041,0.49999999999999994,-0.8660254037844387,-0.9374831999955,1.275753785420522,80.00000_150.00000,1.3744113464341308,2.9527492380126974,0.09865756101360867,0.3713492380126975
L0000.ANS,80.0,160.0,9.000134400036,2002/01/00,0,0.02,TOTAL,2.5814,0.15207,microSv/hr,ICRP Pub. 103 EFFECTIVE DOSE,0.984807753012208,0.17364817766693041,0.3420201433256689,-0.9396926207859083,-0.9374831999955,1.275753785420522,80.00000_160.00000,1.3728719938638074,2.9466692441410154,0.09711820844328534,0.36526924414101547
L0000.ANS,80.0,170.0,9.000134400036,2002/01/00,0,0.04,TOTAL,2.5814,0.15207,microSv/hr,ICRP Pub. 103 EFFECTIVE DOSE,0.984807753012208,0.17364817766693041,0.17364817766693028,-0.984807753012208,-0.9374831999955,1.275753785420522,80.00000_170.00000,1.3716146244728384,2.9417099415281855,0.09586083905231635,0.36030994152818563
L0000.ANS,-80.0,-179.99999,9.99987840004,2002/01/00,0,0.0,TOTAL,3.4629,0.20126,microSv/hr,ICRP Pub. 103 EFFECTIVE DOSE,-0.984807753012208,0.17364817766693041,-1.745329251238221e-07,-0.9999999999999848,-0.812515199995,1.495798778943046,-80.00000_-179.99999,1.6109021637078518,4.007326619065364,0.11510338476480575,0.5444266190653644
L0000.ANS,-80.0,-170.0,9.99987840004,2002/01/00,0,0.03,TOTAL,3.4629,0.20126,microSv/hr,ICRP Pub. 103 EFFECTIVE DOSE,-0.984807753012208,0.17364817766693041,-0.17364817766693028,-0.984807753012208,-0.812515199995,1.495798778943046,-80.00000_-170.00000,1.6103136462987755,4.0043805871576765,0.11451486735572947,0.5414805871576767
L0000.ANS,-80.0,-160.0,9.99987840004,2002/01/00,0,0.04,TOTAL,3.4629,0.20126,microSv/hr,ICRP Pub. 103 EFFECTIVE DOSE,-0.984807753012208,0.17364817766693041,-0.3420201433256689,-0.9396926207859083,-0.812515199995,1.495798778943046,-80.00000_-160.00000,1.6100916734530468,4.003269873836295,0.1142928945100008,0.5403698738362954
L0000.ANS,-80.0,-150.0,9.99987840004,2002/01/00,0,0.07,TOTAL,3.4629,0.20126,microSv/hr,ICRP Pub. 103 EFFECTIVE DOSE,-0.984807753012208,0.17364817766693041,-0.49999999999999994,-0.8660254037844387,-0.812515199995,1.495798778943046,-80.00000_-150.00000,1.6102429904699962,4.004027010991019,0.11444421152695017,0.5411270109910196
L0000.ANS,-80.0,-140.0,9.99987840004,2002/01/00,0,0.13,TOTAL,3.4629,0.20126,microSv/hr,ICRP Pub. 103 EFFECTIVE DOSE,-0.984807753012208,0.17364817766693041,-0.6427876096865395,-0.7660444431189779,-0.812515199995,1.495798778943046,-80.00000_-140.00000,1.6107629996586337,4.006629827702576,0.11496422071558765,0.5437298277025762
L0000.ANS,-80.0,-130.0,9.99987840004,2002/01/00,0,0.2,TOTAL,3.4629,0.20126,microSv/hr,ICRP Pub. 103 EFFECTIVE DOSE,-0.984807753012208,0.17364817766693041,-0.766044443118978,-0.6427876096865394,-0.812515199995,1.495798778943046,-80.00000_-130.00000,1.6116359008029,4.011002028580051,0.11583712185985395,0.5481020285800509
L0000.ANS,-80.0,-120.0,9.99987840004,2002/01/00,0,0.27,TOTAL,3.4629,0.20126,microSv/hr,ICRP Pub. 103 EFFECTIVE DOSE,-0.984807753012208,0.17364817766693041,-0.8660254037844387,-0.4999999999999998,-0.812515199995,1.495798778943046,-80.00000_-120.00000,1.6128351712432358,4.017015180166164,0.1170363923001898,0.5541151801661646
L0000.ANS,-80.0,-110.0,9.99987840004,2002/01/00,0,0.33,TOTAL,3.4629,0.20126,microSv/hr,ICRP Pub. 103 EFFECTIVE DOSE,-0.984807753012208,0.17364817766693041,-0.9396926207859084,-0.3420201433256687,-0.812515199995,1.495798778943046,-80.00000_-110.00000,1.6143243717541718,4.024492087661265,0.11852559281112574,0.5615920876612654
L0000.ANS,-80.0,-100.0,9.99987840004,2002/01/00,0,0.36,TOTAL,3.4629,0.20126,microSv/hr,ICRP Pub. 103 EFFECTIVE DOSE,-0.984807753012208,0.17364817766693041,-0.984807753012208,-0.1736481776669303,-0.812515199995,1.495798778943046,-80.00000_-100.00000,1.6160582537317547,4.03321152098825,0.12025947478870869,0.5703115209882506
L0000.ANS,-80.0,-90.0,9.99987840004,2002/01/00,0,0.43,TOTAL,3.4629,0.20126,microSv/hr,ICRP Pub. 103 EFFECTIVE DOSE,-0.984807753012208,0.17364817766693041,-1.0,6.123233995736766e-17,-0.812515199995,1.495798778943046,-80.00000_-90.00000,1.6179841340494825,4.042914224115017,0.12218535510643647,0.580014224115017
L0000.ANS,-80.0,-80.0,9.99987840004,2002/01/00,0,0.45,TOTAL,3.4629,0.20126,microSv/hr,ICRP Pub. 103 EFFECTIVE DOSE,-0.984807753012208,0.17364817766693041,-0.984807753012208,0.17364817766693041,-0.812515199995,1.495798778943046,-80.00000_-80.00000,1.6200434958084433,4.053310109592326,0.12424471686539729,0.5904101095923262
L0000.ANS,-80.0,-70.0,9.99987840004,2002/01/00,0,0.5,TOTAL,3.4629,0.20126,microSv/hr,ICRP Pub. 103 EFFECTIVE DOSE,-0.984807753012208,0.17364817766693041,-0.9396926207859083,0.3420201433256688,-0.812515199995,1.495798778943046,-80.00000_-70.00000,1.6221737663436788,4.06408650146392,0.1263749874006328,0.6011865014639199
L0000.ANS,-80.0,-60.0,9.99987840004,2002/01/00,0,0.48,TOTAL,3.4629,0.20126,microSv/hr,ICRP Pub. 103 EFFECTIVE DOSE,-0.984807753012208,0.17364817766693041,-0.8660254037844386,0.5000000000000001,-0.812515199995,1.495798778943046,-80.00000_-60.00000,1.6243102184629443,4.074917245365318,0.1285114395198983,0.6120172453653185
L0000.ANS,-80.0,-50.0,9.99987840004,2002/01/00,0,0.49,TOTAL,3.4629,0.20126,microSv/hr,ICRP Pub. 103 EFFECTIVE DOSE,-0.984807753012208,0.17364817766693041,-0.766044443118978,0.6427876096865394,-0.812515199995,1.495798778943046,-80.00000_-50.00000,1.6263879371496932,4.08547245734314,0.13058915820664718,0.6225724573431397
L0000.ANS,-80.0,-40.0,9.99987840004,2002/01/00,0,0.46,TOTAL,3.4629,0.20126,microSv/hr,ICRP Pub. 103 EFFECTIVE DOSE,-0.984807753012208,0.17364817766693041,-0.6427876096865393,0.766044443118978,-0.812515199995,1.495798778943046,-80.00000_-40.00000,1.6283437919730048,4.095428636424254,0.1325450130299588,0.6325286364242539
L0000.ANS,-80.0,-30.0,9.99987840004,2002/01/00,0,0.43,TOTAL,3.4629,0.20126,microSv/hr,ICRP Pub. 103 EFFECTIVE DOSE,-0.984807753012208,0.17364817766693041,-0.49999999999999994,0.8660254037844387,-0.812515199995,1.495798778943046,-80.00000_-30.00000,1.6301183552737832,4.104478824775268,0.1343195763307372,0.6415788247752681
L0000.ANS,-80.0,-20.0,9.99987840004,2002/01/00,0,0.39,TOTAL,3.4629,0.20126,microSv/hr,ICRP Pub. 103 EFFECTIVE DOSE,-0.984807753012208,0.17364817766693041,-0.3420201433256687,0.9396926207859084,-0.812515199995,1.495798778943046,-80.00000_-20.00000,1.6316577078441066,4.112342468281457,0.13585892890106055,0.6494424682814572
L0000.ANS,-80.0,-10.0,9.99987840004,2002/01/00,0,0.34,TOTAL,3.4629,0.20126,microSv/hr,ICRP Pub. 103 EFFECTIVE DOSE,-0.984807753012208,0.17364817766693041,-0.17364817766693033,0.984807753012208,-0.812515199995,1.495798778943046,-80.00000_-10.00000,1.6329150772350756,4.118774614161476,0.13711629829202954,0.6558746141614757
L0000.ANS,-80.0,0.0,9.99987840004,2002/01/00,0,0.29,TOTAL,3.4629,0.20126,microSv/hr,ICRP Pub. 103 EFFECTIVE DOSE,-0.984807753012208,0.17364817766693041,0.0,1.0,-0.812515199995,1.495798778943046,-80.00000_0.00000,1.6338522589140054,4.123574084585028,0.1380534799709594,0.6606740845850285
L0000.ANS,-80.0,10.0,9.99987840004,2002/01/00,0,0.26,TOTAL,3.4629,0.20126,microSv/hr,ICRP Pub. 103 EFFECTIVE DOSE,-0.984807753012208,0.17364817766693041,0.17364817766693033,0.984807753012208,-0.812515199995,1.495798778943046,-80.00000_10.00000,1.6344407770898184,4.126590288517293,0.13864199814677236,0.6636902885172931
L0000.ANS,-80.0,20.0,9.99987840004,2002/01/00,0,0.2,TOTAL,3.4629,0.20126,microSv/hr,ICRP Pub. 103 EFFECTIVE DOSE,-0.984807753012208,0.17364817766693041,0.3420201433256687,0.9396926207859084,-0.812515199995,1.495798778943046,-80.00000_20.00000,1.634662749935547,4.127728378660401,0.13886397099250103,0.6648283786604012
L0000.ANS,-80.0,30.0,9.99987840004,2002/01/00,0,0.14,TOTAL,3.4629,0.20126,microSv/hr,ICRP Pub. 103 EFFECTIVE DOSE,-0.984807753012208,0.17364817766693041,0.49999999999999994,0.8660254037844387,-0.812515199995,1.495798778943046,-80.00000_30.00000,1.6345114329185977,4.126952524799842,0.13871265397555166,0.6640525247998421
L0000.ANS,-80.0,40.0,9.99987840004,2002/01/00,0,0.08,TOTAL,3.4629,0.20126,microSv/hr,ICRP Pub. 103 EFFECTIVE DOSE,-0.984807753012208,0.17364817766693041,0.6427876096865393,0.766044443118978,-0.812515199995,1.495798778943046,-80.00000_40.00000,1.63399142372996,4.124287155445576,0.13819264478691395,0.6613871554455764
L0000.ANS,-80.0,50.0,9.99987840004,2002/01/00,0,0.06,TOTAL,3.4629,0.20126,microSv/hr,ICRP Pub. 103 EFFECTIVE DOSE,-0.984807753012208,0.17364817766693041,0.766044443118978,0.6427876096865394,-0.812515199995,1.495798778943046,-80.00000_50.00000,1.6331185225856937,4.11981611099784,0.13731974364264765,0.6569161109978405
L0000.ANS,-80.0,60.0,9.99987840004,2002/01/00,0,0.03,TOTAL,3.4629,0.20126,microSv/hr,ICRP Pub. 103 EFFECTIVE DOSE,-0.984807753012208,0.17364817766693041,0.8660254037844386,0.5000000000000001,-0.812515199995,1.495798778943046,-80.00000_60.00000,1.6319192521453578,4.113679747191297,0.1361204732023118,0.6507797471912968
L0000.ANS,-80.0,70.0,9.99987840004,2002/01/00,0,0.02,TOTAL,3.4629,0.20126,microSv/hr,ICRP Pub. 103 EFFECTIVE DOSE,-0.984807753012208,0.17364817766693041,0.9396926207859083,0.3420201433256688,-0.812515199995,1.495798778943046,-80.00000_70.00000,1.630430051634422,4.106070120235525,0.13463127269137587,0.6431701202355256
L0000.ANS,-80.0,80.0,9.99987840004,2002/01/00,0,0.0,TOTAL,3.4629,0.20126,microSv/hr,ICRP Pub. 103 EFFECTIVE DOSE,-0.984807753012208,0.17364817766693041,0.984807753012208,0.17364817766693041,-0.812515199995,1.495798778943046,-80.00000_80.00000,1.628696169656839,4.09722446815223,0.13289739071379292,0.6343244681522298
L0000.ANS,-80.0,90.0,9.99987840004,2002/01/00,0,0.0,TOTAL,3.4629,0.20126,microSv/hr,ICRP Pub. 103 EFFECTIVE DOSE,-0.984807753012208,0.17364817766693041,1.0,6.123233995736766e-17,-0.812515199995,1.495798778943046,-80.00000_90.00000,1.6267702893391112,4.087417270649549,0.13097151039606514,0.6245172706495494
L0000.ANS,-80.0,100.0,9.99987840004,2002/01/00,0,0.0,TOTAL,3.4629,0.20126,microSv/hr,ICRP Pub. 103 EFFECTIVE DOSE,-0.984807753012208,0.17364817766693041,0.984807753012208,-0.1736481776669303,-0.812515199995,1.495798778943046,-80.00000_100.00000,1.6247109275801503,4.076951218463169,0.12891214863710432,0.6140512184631688
L0000.ANS,-80.0,110.0,9.99987840004,2002/01/00,0,0.0,TOTAL,3.4629,0.20126,microSv/hr,ICRP Pub. 103 EFFECTIVE DOSE,-0.984807753012208,0.17364817766693041,0.9396926207859084,-0.3420201433256687,-0.812515199995,1.495798778943046,-80.00000_110.00000,1.622580657044915,4.0661474504336725,0.12678187810186903,0.6032474504336727
L0000.ANS,-80.0,120.0,9.99987840004,2002/01/00,0,0.0,TOTAL,3.4629,0.20126,microSv/hr,ICRP Pub. 103 EFFECTIVE DOSE,-0.984807753012208,0.17364817766693041,0.8660254037844387,-0.4999999999999998,-0.812515199995,1.495798778943046,-80.00000_120.00000,1.6204442049256493,4.055335422778938,0.12464542598260331,0.5924354227789386
L0000.ANS,-80.0,130.0,9.99987840004,2002/01/00,0,0.0,TOTAL,3.4629,0.20126,microSv/hr,ICRP Pub. 103 EFFECTIVE DOSE,-0.984807753012208,0.17364817766693041,0.766044443118978,-0.6427876096865394,-0.812515199995,1.495798778943046,-80.00000_130.00000,1.6183664862389004,4.044842762076515,0.12256770729585442,0.581942762076515
L0000.ANS,-80.0,140.0,9.99987840004,2002/01/00,0,0.0,TOTAL,3.4629,0.20126,microSv/hr,ICRP Pub. 103 EFFECTIVE DOSE,-0.984807753012208,0.17364817766693041,0.6427876096865395,-0.7660444431189779,-0.812515199995,1.495798778943046,-80.00000_140.00000,1.6164106314155888,4.034985424929989,0.1206118524725428,0.5720854249299889
L0000.ANS,-80.0,150.0,9.99987840004,2002/01/00,0,0.0,TOTAL,3.4629,0.20126,microSv/hr,ICRP Pub. 103 EFFECTIVE DOSE,-0.984807753012208,0.17364817766693041,0.49999999999999994,-0.8660254037844387,-0.812515199995,1.495798778943046,-80.00000_150.00000,1.6146360681148104,4.026058447660722,0.1188372891717644,0.5631584476607219
L0000.ANS,-80.0,160.0,9.99987840004,2002/01/00,0,0.0,TOTAL,3.4629,0.20126,microSv/hr,ICRP Pub. 103 EFFECTIVE DOSE,-0.984807753012208,0.17364817766693041,0.3420201433256689,-0.9396926207859083,-0.812515199995,1.495798778943046,-80.00000_160.00000,1.613096715544487,4.018327523506308,0.11729793660144106,0.555427523506308
L0000.ANS,-80.0,170.0,9.99987840004,2002/01/00,0,0.0,TOTAL,3.4629,0.20126,microSv/hr,ICRP Pub. 103 EFFECTIVE DOSE,-0.984807753012208,0.17364817766693041,0.17364817766693028,-0.984807753012208,-0.812515199995,1.495798778943046,-80.00000_170.00000,1.611839346153518,4.01202159735445,0.11604056721047207,0.5491215973544503
L0000.ANS,-75.0,-179.99999,9.99987840004,2002/01/00,0,0.02,TOTAL,3.4629,0.20126,microSv/hr,ICRP Pub. 103 EFFECTIVE DOSE,-0.9659258262890683,0.25881904510252074,-1.745329251238221e-07,-0.9999999999999848,-0.812515199995,1.495798778943046,-75.00000_-179.99999,1.5501233562667673,3.712051407811601,0.05432457732372131,0.24915140781160128
L0000.ANS,-75.0,-170.0,9.99987840004,2002/01/00,0,0.06,TOTAL,3.4629,0.20126,microSv/hr,ICRP Pub. 103 EFFECTIVE DOSE,-0.9659258262890683,0.25881904510252074,-0.17364817766693028,-0.984807753012208,-0.812515199995,1.495798778943046,-75.00000_-170.00000,1.5495348388576908,3.709279099381544,0.05373605991464481,0.246379099381544
L0000.ANS,-75.0,-160.0,9.99987840004,2002/01/00,0,0.1,TOTAL,3.4629,0.20126,microSv/hr,ICRP Pub. 103 EFFECTIVE DOSE,-0.9659258262890683,0.25881904510252074,-0.3420201433256689,-0.9396926207859083,-0.812515199995,1.495798778943046,-75.00000_-160.00000,1.5493128660119622,3.7082338833076087,0.05351408706891614,0.24533388330760886
L0000.ANS,-75.0,-150.0,9.99987840004,2002/01/00,0,0.21,TOTAL,3.4629,0.20126,microSv/hr,ICRP Pub. 103 EFFECTIVE DOSE,-0.9659258262890683,0.25881904510252074,-0.49999999999999994,-0.8660254037844387,-0.812515199995,1.495798778943046,-75.00000_-150.00000,1.5494641830289115,3.7089463731184873,0.05366540408586551,0.24604637311848743
L0000.ANS,-75.0,-140.0,9.99987840004,2002/01/00,0,0.28,TOTAL,3.4629,0.20126,microSv/hr,ICRP Pub. 103 EFFECTIVE DOSE,-0.9659258262890683,0.25881904510252074,-0.6427876096865395,-0.7660444431189779,-0.812515199995,1.495798778943046,-75.00000_-140.00000,1.5499841922175492,3.7113957052837336,0.054185413274503214,0.24849570528373377
L0000.ANS,-75.0,-130.0,9.99987840004,2002/01/00,0,0.4,TOTAL,3.4629,0.20126,microSv/hr,ICRP Pub. 103 EFFECTIVE DOSE,-0.9659258262890683,0.25881904510252074,-0.766044443118978,-0.6427876096865394,-0.812515199995,1.495798778943046,-75.00000_-130.00000,1.5508570933618155,3.715510083447423,0.055058314418769516,0.252610083447423
L0000.ANS,-75.0,-120.0,9.99987840004,2002/01/00,0,0.5,TOTAL,3.4629,0.20126,microSv/hr,ICRP Pub. 103 EFFECTIVE DOSE,-0.9659258262890683,0.25881904510252074,-0.8660254037844387,-0.4999999999999998,-0.812515199995,1.495798778943046,-75.00000_-120.00000,1.5520563638021514,3.7211686476978247,0.05625758485910537,0.25826864769782487
L0000.ANS,-75.0,-110.0,9.99987840004,2002/01/00,0,0.62,TOTAL,3.4629,0.20126,microSv/hr,ICRP Pub. 103 EFFECTIVE DOSE,-0.9659258262890683,0.25881904510252074,-0.9396926207859084,-0.3420201433256687,-0.812515199995,1.495798778943046,-75.00000_-110.00000,1.5535455643130873,3.728204652170596,0.0577467853700413,0.2653046521705962
L0000.ANS,-75.0,-100.0,9.99987840004,2002/01/00,0,0.73,TOTAL,3.4628,0.20126,microSv/hr,ICRP Pub. 103 EFFECTIVE DOSE,-0.9659258262890683,0.25881904510252074,-0.984807753012208,-0.1736481776669303,-0.812515199995,1.4957763717368877,-75.00000_-100.00000,1.5552794462906703,3.7364099124241013,0.059503074553782564,0.27360991242410115
L0000.ANS,-75.0,-90.0,9.99987840004,2002/01/00,0,0.81,TOTAL,3.4626,0.20126,microSv/hr,ICRP Pub. 103 EFFECTIVE DOSE,-0.9659258262890683,0.25881904510252074,-1.0,6.123233995736766e-17,-0.812515199995,1.4957315558182658,-75.00000_-90.00000,1.557205326608398,3.745540460400337,0.061473770790132276,0.28294046040033694
L0000.ANS,-75.0,-80.0,9.99987840004,2002/01/00,0,0.87,TOTAL,3.4623,0.20126,microSv/hr,ICRP Pub. 103 EFFECTIVE DOSE,-0.9659258262890683,0.25881904510252074,-0.984807753012208,0.17364817766693041,-0.812515199995,1.4956643281742332,-75.00000_-80.00000,1.5592646883673589,3.7553233147107172,0.06360036019312565,0.2930233147107173
L0000.ANS,-75.0,-70.0,9.99987840004,2002/01/00,0,0.9,TOTAL,3.4622,0.20126,microSv/hr,ICRP Pub. 103 EFFECTIVE DOSE,-0.9659258262890683,0.25881904510252074,-0.9396926207859083,0.3420201433256688,-0.812515199995,1.4956419179551725,-75.00000_-70.00000,1.5613949589025942,3.76546423747304,0.06575304094742163,0.3032642374730399
L0000.ANS,-75.0,-60.0,9.99987840004,2002/01/00,0,0.93,TOTAL,3.4619,0.20126,microSv/hr,ICRP Pub. 103 EFFECTIVE DOSE,-0.9659258262890683,0.25881904510252074,-0.8660254037844386,0.5000000000000001,-0.812515199995,1.4955746842845248,-75.00000_-60.00000,1.5635314110218599,3.7756563072002116,0.0679567267373351,0.31375630720021164
L0000.ANS,-75.0,-50.0,9.99987840004,2002/01/00,0,0.89,TOTAL,3.4622,0.20126,microSv/hr,ICRP Pub. 103 EFFECTIVE DOSE,-0.9659258262890683,0.25881904510252074,-0.766044443118978,0.6427876096865394,-0.812515199995,1.4956419179551725,-75.00000_-50.00000,1.5656091297086088,3.785589092744992,0.06996721175343623,0.32338909274499184
L0000.ANS,-75.0,-40.0,9.99987840004,2002/01/00,0,0.82,TOTAL,3.4625,0.20126,microSv/hr,ICRP Pub. 103 EFFECTIVE DOSE,-0.9659258262890683,0.25881904510252074,-0.6427876096865393,0.766044443118978,-0.812515199995,1.4957091471057575,-75.00000_-40.00000,1.5675649845319204,3.7949581695447687,0.07185583742616286,0.3324581695447688
L0000.ANS,-75.0,-30.0,9.99987840004,2002/01/00,0,0.76,TOTAL,3.4627,0.20126,microSv/hr,ICRP Pub. 103 EFFECTIVE DOSE,-0.9659258262890683,0.25881904510252074,-0.49999999999999994,0.8660254037844387,-0.812515199995,1.495753964028635,-75.00000_-30.00000,1.5693395478326988,3.803474680650312,0.07358558380406377,0.34077468065031224
L0000.ANS,-75.0,-20.0,9.99987840004,2002/01/00,0,0.68,TOTAL,3.4628,0.20126,microSv/hr,ICRP Pub. 103 EFFECTIVE DOSE,-0.9659258262890683,0.25881904510252074,-0.3420201433256687,0.9396926207859084,-0.812515199995,1.4957763717368877,-75.00000_-20.00000,1.5708789004030221,3.810874615839837,0.07510252866613443,0.3480746158398369
L0000.ANS,-75.0,-10.0,9.99987840004,2002/01/00,0,0.59,TOTAL,3.4629,0.20126,microSv/hr,ICRP Pub. 103 EFFECTIVE DOSE,-0.9659258262890683,0.25881904510252074,-0.17364817766693033,0.984807753012208,-0.812515199995,1.495798778943046,-75.00000_-10.00000,1.5721362697939911,3.816927466862934,0.0763374908509451,0.35402746686293396
L0000.ANS,-75.0,0.0,9.99987840004,2002/01/00,0,0.53,TOTAL,3.4629,0.20126,microSv/hr,ICRP Pub. 103 EFFECTIVE DOSE,-0.9659258262890683,0.25881904510252074,0.0,1.0,-0.812515199995,1.495798778943046,-75.00000_0.00000,1.5730734514729208,3.8214439190711724,0.07727467252987474,0.35854391907117256
L0000.ANS,-75.0,10.0,9.99987840004,2002/01/00,0,0.43,TOTAL,3.4629,0.20126,microSv/hr,ICRP Pub. 103 EFFECTIVE DOSE,-0.9659258262890683,0.25881904510252074,0.17364817766693033,0.984807753012208,-0.812515199995,1.495798778943046,-75.00000_10.00000,1.5736619696487337,3.824282261577363,0.0778631907056877,0.3613822615773632
L0000.ANS,-75.0,20.0,9.99987840004,2002/01/00,0,0.34,TOTAL,3.4629,0.20126,microSv/hr,ICRP Pub. 103 EFFECTIVE DOSE,-0.9659258262890683,0.25881904510252074,0.3420201433256687,0.9396926207859084,-0.812515199995,1.495798778943046,-75.00000_20.00000,1.5738839424944624,3.8253532400992416,0.07808516355141637,0.36245324009924174
L0000.ANS,-75.0,30.0,9.99987840004,2002/01/00,0,0.26,TOTAL,3.4629,0.20126,microSv/hr,ICRP Pub. 103 EFFECTIVE DOSE,-0.9659258262890683,0.25881904510252074,0.49999999999999994,0.8660254037844387,-0.812515199995,1.495798778943046,-75.00000_30.00000,1.573732625477513,3.824623137281106,0.077933846534467,0.36172313728110606
L0000.ANS,-75.0,40.0,9.99987840004,2002/01/00,0,0.19,TOTAL,3.4629,0.20126,microSv/hr,ICRP Pub. 103 EFFECTIVE DOSE,-0.9659258262890683,0.25881904510252074,0.6427876096865393,0.766044443118978,-0.812515199995,1.495798778943046,-75.00000_40.00000,1.5732126162888755,3.8221149411170527,0.07741383734582952,0.3592149411170529
L0000.ANS,-75.0,50.0,9.99987840004,2002/01/00,0,0.11,TOTAL,3.4629,0.20126,microSv/hr,ICRP Pub. 103 EFFECTIVE DOSE,-0.9659258262890683,0.25881904510252074,0.766044443118978,0.6427876096865394,-0.812515199995,1.495798778943046,-75.00000_50.00000,1.5723397151446092,3.817907548053432,0.07654093620156321,0.35500754805343204
L0000.ANS,-75.0,60.0,9.99987840004,2002/01/00,0,0.05,TOTAL,3.4629,0.20126,microSv/hr,ICRP Pub. 103 EFFECTIVE DOSE,-0.9659258262890683,0.25881904510252074,0.8660254037844386,0.5000000000000001,-0.812515199995,1.495798778943046,-75.00000_60.00000,1.5711404447042734,3.8121330372389433,0.07534166576122736,0.3492330372389434
L0000.ANS,-75.0,70.0,9.99987840004,2002/01/00,0,0.02,TOTAL,3.4629,0.20126,microSv/hr,ICRP Pub. 103 EFFECTIVE DOSE,-0.9659258262890683,0.25881904510252074,0.9396926207859083,0.3420201433256688,-0.812515199995,1.495798778943046,-75.00000_70.00000,1.5696512441933375,3.804972139590818,0.07385246525029143,0.34207213959081795
L0000.ANS,-75.0,80.0,9.99987840004,2002/01/00,0,0.0,TOTAL,3.4629,0.20126,microSv/hr,ICRP Pub. 103 EFFECTIVE DOSE,-0.9659258262890683,0.25881904510252074,0.984807753012208,0.17364817766693041,-0.812515199995,1.495798778943046,-75.00000_80.00000,1.5679173622157545,3.7966481035286592,0.07211858327270848,0.33374810352865936
L0000.ANS,-75.0,90.0,9.99987840004,2002/01/00,0,0.0,TOTAL,3.4629,0.20126,microSv/hr,ICRP Pub. 103 EFFECTIVE DOSE,-0.9659258262890683,0.25881904510252074,1.0,6.123233995736766e-17,-0.812515199995,1.495798778943046,-75.00000_90.00000,1.5659914818980267,3.787419223067129,0.0701927029549807,0.3245192230671292
L0000.ANS,-75.0,100.0,9.99987840004,2002/01/00,0,0.0,TOTAL,3.4629,0.20126,microSv/hr,ICRP Pub. 103 EFFECTIVE DOSE,-0.9659258262890683,0.25881904510252074,0.984807753012208,-0.1736481776669303,-0.812515199995,1.495798778943046,-75.00000_100.00000,1.563932120139066,3.777570339682671,0.06813334119601988,0.31467033968267133
L0000.ANS,-75.0,110.0,9.99987840004,2002/01/00,0,0.0,TOTAL,3.4629,0.20126,microSv/hr,ICRP Pub. 103 EFFECTIVE DOSE,-0.9659258262890683,0.25881904510252074,0.9396926207859084,-0.3420201433256687,-0.812515199995,1.495798778943046,-75.00000_110.00000,1.5618018496038304,3.7674036550970826,0.06600307066078437,0.30450365509708277
L0000.ANS,-75.0,120.0,9.99987840004,2002/01/00,0,0.0,TOTAL,3.4629,0.20126,microSv/hr,ICRP Pub. 103 EFFECTIVE DOSE,-0.9659258262890683,0.25881904510252074,0.8660254037844387,-0.4999999999999998,-0.812515199995,1.495798778943046,-75.00000_120.00000,1.559665397484565,3.757229197945076,0.06386661854151887,0.29432919794507617
L0000.ANS,-75.0,130.0,9.99987840004,2002/01/00,0,0.0,TOTAL,3.4629,0.20126,microSv/hr,ICRP Pub. 103 EFFECTIVE DOSE,-0.9659258262890683,0.25881904510252074,0.766044443118978,-0.6427876096865394,-0.812515199995,1.495798778943046,-75.00000_130.00000,1.557587678797816,3.7473552751124224,0.061788899854769985,0.2844552751124225
L0000.ANS,-75.0,140.0,9.99987840004,2002/01/00,0,0.0,TOTAL,3.4629,0.20126,microSv/hr,ICRP Pub. 103 EFFECTIVE DOSE,-0.9659258262890683,0.25881904510252074,0.6427876096865395,-0.7660444431189779,-0.812515199995,1.495798778943046,-75.00000_140.00000,1.5556318239745044,3.7380792116733588,0.059833045031458365,0.2751792116733589
L0000.ANS,-75.0,150.0,9.99987840004,2002/01/00,0,0.0,TOTAL,3.4629,0.20126,microSv/hr,ICRP Pub. 103 EFFECTIVE DOSE,-0.9659258262890683,0.25881904510252074,0.49999999999999994,-0.8660254037844387,-0.812515199995,1.495798778943046,-75.00000_150.00000,1.553857260673726,3.729678646060364,0.058058481730679956,0.2667786460603643
L0000.ANS,-75.0,160.0,9.99987840004,2002/01/00,0,0.0,TOTAL,3.4629,0.20126,microSv/hr,ICRP Pub. 103 EFFECTIVE DOSE,-0.9659258262890683,0.25881904510252074,0.3420201433256689,-0.9396926207859083,-0.812515199995,1.495798778943046,-75.00000_160.00000,1.5523179081034026,3.7224036039437207,0.05651912916035662,0.25950360394372085
L0000.ANS,-75.0,170.0,9.99987840004,2002/01/00,0,0.0,TOTAL,3.4629,0.20126,microSv/hr,ICRP Pub. 103 EFFECTIVE DOSE,-0.9659258262890683,0.25881904510252074,0.17364817766693028,-0.984807753012208,-0.812515199995,1.495798778943046,-75.00000_170.00000,1.5510605387124337,3.7164695296438177,0.05526175976938763,0.25356952964381785
L0000.ANS,-70.0,-179.99999,9.99987840004,2002/01/00,0,0.06,TOTAL,3.4629,0.20126,microSv/hr,ICRP Pub. 103 EFFECTIVE DOSE,-0.9396926207859083,0.3420201433256688,-1.745329251238221e-07,-0.9999999999999848,-0.812515199995,1.495798778943046,-70.00000_-179.99999,1.4905482034796211,3.4395286170620705,-0.005250575463424889,-0.023371382937929397
L0000.ANS,-70.0,-170.0,9.99987840004,2002/01/00,0,0.15,TOTAL,3.4629,0.20126,microSv/hr,ICRP Pub. 103 EFFECTIVE DOSE,-0.9396926207859083,0.3420201433256688,-0.17364817766693028,-0.984807753012208,-0.812515199995,1.495798778943046,-70.00000_-170.00000,1.4899596860705446,3.436916645853489,-0.005839092872501395,-0.025983354146510873
L0000.ANS,-70.0,-160.0,9.99987840004,2002/01/00,0,0.24,TOTAL,3.4629,0.20126,microSv/hr,ICRP Pub. 103 EFFECTIVE DOSE,-0.9396926207859083,0.3420201433256688,-0.3420201433256689,-0.9396926207859083,-0.812515199995,1.495798778943046,-70.00000_-160.00000,1.489737713224816,3.435931880139015,-0.006061065718230063,-0.026968119860984796
L0000.ANS,-70.0,-150.0,9.99987840004,2002/01/00,0,0.37,TOTAL,3.4629,0.20126,microSv/hr,ICRP Pub. 103 EFFECTIVE DOSE,-0.9396926207859083,0.3420201433256688,-0.49999999999999994,-0.8660254037844387,-0.812515199995,1.495798778943046,-70.00000_-150.00000,1.4898890302417653,3.4366031629054805,-0.005909748701280693,-0.026296837094519354
L0000.ANS,-70.0,-140.0,9.99987840004,2002/01/00,0,0.53,TOTAL,3.4629,0.20126,microSv/hr,ICRP Pub. 103 EFFECTIVE DOSE,-0.9396926207859083,0.3420201433256688,-0.6427876096865395,-0.7660444431189779,-0.812515199995,1.495798778943046,-70.00000_-140.00000,1.4904090394304028,3.4389108372704653,-0.00538973951264321,-0.023989162729534552
L0000.ANS,-70.0,-130.0,9.99987840004,2002/01/00,0,0.71,TOTAL,3.4628,0.20126,microSv/hr,ICRP Pub. 103 EFFECTIVE DOSE,-0.9396926207859083,0.3420201433256688,-0.766044443118978,-0.6427876096865394,-0.812515199995,1.4957763717368877,-70.00000_-130.00000,1.4912819405746691,3.4427872592400623,-0.004494431162218593,-0.020012740759937753
L0000.ANS,-70.0,-120.0,9.99987840004,2002/01/00,0,0.89,TOTAL,3.4622,0.20126,microSv/hr,ICRP Pub. 103 EFFECTIVE DOSE,-0.9396926207859083,0.3420201433256688,-0.8660254037844387,-0.4999999999999998,-0.812515199995,1.4956419179551725,-70.00000_-120.00000,1.492481211015005,3.448118558868818,-0.003160706940167568,-0.01408144113118226
L0000.ANS,-70.0,-110.0,9.99987840004,2002/01/00,0,1.09,TOTAL,3.4589,0.20126,microSv/hr,ICRP Pub. 103 EFFECTIVE DOSE,-0.9396926207859083,0.3420201433256688,-0.9396926207859084,-0.3420201433256687,-0.812515199995,1.494902098840822,-70.00000_-110.00000,1.493970411525941,3.4547476340853707,-0.0009316873148810245,-0.004152365914629197
L0000.ANS,-70.0,-100.0,9.99987840004,2002/01/00,0,1.28,TOTAL,3.4515,0.20123,microSv/hr,ICRP Pub. 103 EFFECTIVE DOSE,-0.9396926207859083,0.3420201433256688,-0.984807753012208,-0.1736481776669303,-0.812515199995,1.4932411180315888,-70.00000_-100.00000,1.4957042935035239,3.462478340852595,0.0024631754719350862,0.010978340852595192
L0000.ANS,-70.0,-90.0,9.99987840004,2002/01/00,0,1.42,TOTAL,3.4432,0.20119,microSv/hr,ICRP Pub. 103 EFFECTIVE DOSE,-0.9396926207859083,0.3420201433256688,-1.0,6.123233995736766e-17,-0.812515199995,1.4913748375703981,-70.00000_-90.00000,1.4976301738212516,3.471080821072305,0.006255336250853505,0.02788082107230494
L0000.ANS,-70.0,-80.0,9.99987840004,2002/01/00,0,1.53,TOTAL,3.4342,0.20113,microSv/hr,ICRP Pub. 103 EFFECTIVE DOSE,-0.9396926207859083,0.3420201433256688,-0.984807753012208,0.17364817766693041,-0.812515199995,1.4893472161759727,-70.00000_-80.00000,1.4996895355802127,3.480297881309697,0.010342319404240019,0.04609788130969683
L0000.ANS,-70.0,-70.0,9.99987840004,2002/01/00,0,1.53,TOTAL,3.4342,0.20112,microSv/hr,ICRP Pub. 103 EFFECTIVE DOSE,-0.9396926207859083,0.3420201433256688,-0.9396926207859083,0.3420201433256688,-0.812515199995,1.4893472161759727,-70.00000_-70.00000,1.501819806115448,3.4898523010115095,0.01247258993947531,0.05565230101150931
L0000.ANS,-70.0,-60.0,9.99987840004,2002/01/00,0,1.55,TOTAL,3.4327,0.20111,microSv/hr,ICRP Pub. 103 EFFECTIVE DOSE,-0.9396926207859083,0.3420201433256688,-0.8660254037844386,0.5000000000000001,-0.812515199995,1.4890088792116878,-70.00000_-60.00000,1.5039562582347135,3.499454909579373,0.014947379023025675,0.06675490957937313
L0000.ANS,-70.0,-50.0,9.99987840004,2002/01/00,0,1.42,TOTAL,3.4429,0.20119,microSv/hr,ICRP Pub. 103 EFFECTIVE DOSE,-0.9396926207859083,0.3420201433256688,-0.766044443118978,0.6427876096865394,-0.812515199995,1.4913073163856005,-70.00000_-50.00000,1.5060339769214623,3.508813229736935,0.014726660535861802,0.06591322973693536
L0000.ANS,-70.0,-40.0,9.99987840004,2002/01/00,0,1.35,TOTAL,3.4475,0.20122,microSv/hr,ICRP Pub. 103 EFFECTIVE DOSE,-0.9396926207859083,0.3420201433256688,-0.6427876096865393,0.766044443118978,-0.812515199995,1.4923421405578532,-70.00000_-40.00000,1.507989831744774,3.517640443399992,0.015647691186920776,0.07014044339999215
L0000.ANS,-70.0,-30.0,9.99987840004,2002/01/00,0,1.23,TOTAL,3.4539,0.20125,microSv/hr,ICRP Pub. 103 EFFECTIVE DOSE,-0.9396926207859083,0.3420201433256688,-0.49999999999999994,0.8660254037844387,-0.812515199995,1.493780116854349,-70.00000_-30.00000,1.5097643950455524,3.5256643997405166,0.015984278191203405,0.07176439974051663
L0000.ANS,-70.0,-20.0,9.99987840004,2002/01/00,0,1.06,TOTAL,3.4598,0.20126,microSv/hr,ICRP Pub. 103 EFFECTIVE DOSE,-0.9396926207859083,0.3420201433256688,-0.3420201433256687,0.9396926207859084,-0.812515199995,1.4951039219771658,-70.00000_-20.00000,1.5113037476158757,3.5326363576406017,0.01619982563870992,0.0728363576406017
L0000.ANS,-70.0,-10.0,9.99987840004,2002/01/00,0,0.92,TOTAL,3.4619,0.20126,microSv/hr,ICRP Pub. 103 EFFECTIVE DOSE,-0.9396926207859083,0.3420201433256688,-0.17364817766693033,0.984807753012208,-0.812515199995,1.4955746842845248,-70.00000_-10.00000,1.512561117006845,3.5383391403579783,0.016986432722320144,0.07643914035797827
L0000.ANS,-70.0,0.0,9.99987840004,2002/01/00,0,0.79,TOTAL,3.4626,0.20126,microSv/hr,ICRP Pub. 103 EFFECTIVE DOSE,-0.9396926207859083,0.3420201433256688,0.0,1.0,-0.812515199995,1.4957315558182658,-70.00000_0.00000,1.5134982986857746,3.5425943823090376,0.01776674286750879,0.07999438230903744
L0000.ANS,-70.0,10.0,9.99987840004,2002/01/00,0,0.67,TOTAL,3.4628,0.20126,microSv/hr,ICRP Pub. 103 EFFECTIVE DOSE,-0.9396926207859083,0.3420201433256688,0.17364817766693033,0.984807753012208,-0.812515199995,1.4957763717368877,-70.00000_10.00000,1.5140868168615875,3.545268568494776,0.018310445124699815,0.08246856849477568
L0000.ANS,-70.0,20.0,9.99987840004,2002/01/00,0,0.55,TOTAL,3.4629,0.20126,microSv/hr,ICRP Pub. 103 EFFECTIVE DOSE,-0.9396926207859083,0.3420201433256688,0.3420201433256687,0.9396926207859084,-0.812515199995,1.495798778943046,-70.00000_20.00000,1.5143087897073162,3.5462776066789212,0.01851001076427017,0.08337760667892136
L0000.ANS,-70.0,30.0,9.99987840004,2002/01/00,0,0.44,TOTAL,3.4629,0.20126,microSv/hr,ICRP Pub. 103 EFFECTIVE DOSE,-0.9396926207859083,0.3420201433256688,0.49999999999999994,0.8660254037844387,-0.812515199995,1.495798778943046,-70.00000_30.00000,1.5141574726903668,3.545589729558324,0.018358693747320798,0.08268972955832421
L0000.ANS,-70.0,40.0,9.99987840004,2002/01/00,0,0.34,TOTAL,3.4629,0.20126,microSv/hr,ICRP Pub. 103 EFFECTIVE DOSE,-0.9396926207859083,0.3420201433256688,0.6427876096865393,0.766044443118978,-0.812515199995,1.495798778943046,-70.00000_40.00000,1.5136374635017291,3.543226595610111,0.017838684558683093,0.08032659561011135
L0000.ANS,-70.0,50.0,9.99987840004,2002/01/00,0,0.22,TOTAL,3.4629,0.20126,microSv/hr,ICRP Pub. 103 EFFECTIVE DOSE,-0.9396926207859083,0.3420201433256688,0.766044443118978,0.6427876096865394,-0.812515199995,1.495798778943046,-70.00000_50.00000,1.5127645623574628,3.5392625382829337,0.01696578341441679,0.07636253828293382
L0000.ANS,-70.0,60.0,9.99987840004,2002/01/00,0,0.13,TOTAL,3.4629,0.20126,microSv/hr,ICRP Pub. 103 EFFECTIVE DOSE,-0.9396926207859083,0.3420201433256688,0.8660254037844386,0.5000000000000001,-0.812515199995,1.495798778943046,-70.00000_60.00000,1.511565291917127,3.533821997891554,0.015766512974080937,0.07092199789155407
L0000.ANS,-70.0,70.0,9.99987840004,2002/01/00,0,0.06,TOTAL,3.4629,0.20126,microSv/hr,ICRP Pub. 103 EFFECTIVE DOSE,-0.9396926207859083,0.3420201433256688,0.9396926207859083,0.3420201433256688,-0.812515199995,1.495798778943046,-70.00000_70.00000,1.5100760914061913,3.527075252730837,0.01427731246314523,0.06417525273083724
L0000.ANS,-70.0,80.0,9.99987840004,2002/01/00,0,0.02,TOTAL,3.4629,0.20126,microSv/hr,ICRP Pub. 103 EFFECTIVE DOSE,-0.9396926207859083,0.3420201433256688,0.984807753012208,0.17364817766693041,-0.812515199995,1.495798778943046,-70.00000_80.00000,1.5083422094286083,3.5192326395865607,0.012543430485562279,0.05633263958656087
L0000.ANS,-70.0,90.0,9.99987840004,2002/01/00,0,0.0,TOTAL,3.4629,0.20126,microSv/hr,ICRP Pub. 103 EFFECTIVE DOSE,-0.9396926207859083,0.3420201433256688,1.0,6.123233995736766e-17,-0.812515199995,1.495798778943046,-70.00000_90.00000,1.5064163291108805,3.510537513967922,0.0106175501678345,0.04763751396792193
L0000.ANS,-70.0,100.0,9.99987840004,2002/01/00,0,0.0,TOTAL,3.4629,0.20126,microSv/hr,ICRP Pub. 103 EFFECTIVE DOSE,-0.9396926207859083,0.3420201433256688,0.984807753012208,-0.1736481776669303,-0.812515199995,1.495798778943046,-70.00000_100.00000,1.5043569673519195,3.5012582434661343,0.008558188408873457,0.03835824346613448
L0000.ANS,-70.0,110.0,9.99987840004,2002/01/00,0,0.0,TOTAL,3.4629,0.20126,microSv/hr,ICRP Pub. 103 EFFECTIVE DOSE,-0.9396926207859083,0.3420201433256688,0.9396926207859084,-0.3420201433256687,-0.812515199995,1.495798778943046,-70.00000_110.00000,1.5022266968166842,3.4916795518831996,0.006427917873638167,0.028779551883199694
L0000.ANS,-70.0,120.0,9.99987840004,2002/01/00,0,0.0,TOTAL,3.4629,0.20126,microSv/hr,ICRP Pub. 103 EFFECTIVE DOSE,-0.9396926207859083,0.3420201433256688,0.8660254037844387,-0.4999999999999998,-0.812515199995,1.495798778943046,-70.00000_120.00000,1.5000902446974185,3.4820935372623643,0.004291465754372448,0.01919353726236439
L0000.ANS,-70.0,130.0,9.99987840004,2002/01/00,0,0.0,TOTAL,3.4629,0.20126,microSv/hr,ICRP Pub. 103 EFFECTIVE DOSE,-0.9396926207859083,0.3420201433256688,0.766044443118978,-0.6427876096865394,-0.812515199995,1.495798778943046,-70.00000_130.00000,1.4980125260106698,3.4727906754757645,0.0022137470676237836,0.00989067547576461
L0000.ANS,-70.0,140.0,9.99987840004,2002/01/00,0,0.0,TOTAL,3.4629,0.20126,microSv/hr,ICRP Pub. 103 EFFECTIVE DOSE,-0.9396926207859083,0.3420201433256688,0.6427876096865395,-0.7660444431189779,-0.812515199995,1.495798778943046,-70.00000_140.00000,1.496056671187358,3.464051095720089,0.00025789224431194135,0.0011510957200893124
L0000.ANS,-70.0,150.0,9.99987840004,2002/01/00,0,0.0,TOTAL,3.4629,0.20126,microSv/hr,ICRP Pub. 103 EFFECTIVE DOSE,-0.9396926207859083,0.3420201433256688,0.49999999999999994,-0.8660254037844387,-0.812515199995,1.495798778943046,-70.00000_150.00000,1.4942821078865798,3.4561363791326247,-0.0015166710564662456,-0.006763620867375142
L0000.ANS,-70.0,160.0,9.99987840004,2002/01/00,0,0.0,TOTAL,3.4629,0.20126,microSv/hr,ICRP Pub. 103 EFFECTIVE DOSE,-0.9396926207859083,0.3420201433256688,0.3420201433256689,-0.9396926207859083,-0.812515199995,1.495798778943046,-70.00000_160.00000,1.4927427553162564,3.449282091080158,-0.0030560236267895835,-0.013617908919842048
L0000.ANS,-70.0,170.0,9.99987840004,2002/01/00,0,0.03,TOTAL,3.4629,0.20126,microSv/hr,ICRP Pub. 103 EFFECTIVE DOSE,-0.9396926207859083,0.3420201433256688,0.17364817766693028,-0.984807753012208,-0.812515199995,1.495798778943046,-70.00000_170.00000,1.4914853859252872,3.443691215601482,-0.004313393017758793,-0.01920878439851803
L0000.ANS,-65.0,-179.99999,9.99987840004,2002/01/00,0,0.22,TOTAL,3.4629,0.20126,microSv/hr,ICRP Pub. 103 EFFECTIVE DOSE,-0.9063077870366499,0.42261826174069944,-1.745329251238221e-07,-0.9999999999999848,-0.812515199995,1.495798778943046,-65.00000_-179.99999,1.4326301082315842,3.1897040887562764,-0.06316867071146182,-0.27319591124372344
L0000.ANS,-65.0,-170.0,9.99987840004,2002/01/00,0,0.34,TOTAL,3.4629,0.20126,microSv/hr,ICRP Pub. 103 EFFECTIVE DOSE,-0.9063077870366499,0.42261826174069944,-0.17364817766693028,-0.984807753012208,-0.812515199995,1.495798778943046,-65.00000_-170.00000,1.4320415908225077,3.1872391003765976,-0.06375718812053832,-0.27566089962340223
L0000.ANS,-65.0,-160.0,9.99987840004,2002/01/00,0,0.5,TOTAL,3.4629,0.20126,microSv/hr,ICRP Pub. 103 EFFECTIVE DOSE,-0.9063077870366499,0.42261826174069944,-0.3420201433256689,-0.9396926207859083,-0.812515199995,1.495798778943046,-65.00000_-160.00000,1.431819617976779,3.1863097501468145,-0.06397916096626699,-0.27659024985318537
L0000.ANS,-65.0,-150.0,9.99987840004,2002/01/00,0,0.71,TOTAL,3.4628,0.20126,microSv/hr,ICRP Pub. 103 EFFECTIVE DOSE,-0.9063077870366499,0.42261826174069944,-0.49999999999999994,-0.8660254037844387,-0.812515199995,1.4957763717368877,-65.00000_-150.00000,1.4319709349937284,3.186943257979282,-0.0638054367431593,-0.2758567420207183
L0000.ANS,-65.0,-140.0,9.99987840004,2002/01/00,0,0.92,TOTAL,3.4619,0.20126,microSv/hr,ICRP Pub. 103 EFFECTIVE DOSE,-0.9063077870366499,0.42261826174069944,-0.6427876096865395,-0.7660444431189779,-0.812515199995,1.4955746842845248,-65.00000_-140.00000,1.432490944182366,3.1891210731386073,-0.06308374010215867,-0.2727789268613927
L0000.ANS,-65.0,-130.0,9.99987840004,2002/01/00,0,1.13,TOTAL,3.4579,0.20125,microSv/hr,ICRP Pub. 103 EFFECTIVE DOSE,-0.9063077870366499,0.42261826174069944,-0.766044443118978,-0.6427876096865394,-0.812515199995,1.4946778031284156,-65.00000_-130.00000,1.4333638453266322,3.1927793581451156,-0.06131395780178339,-0.2651206418548844
L0000.ANS,-65.0,-120.0,9.99987840004,2002/01/00,0,1.5,TOTAL,3.4375,0.20116,microSv/hr,ICRP Pub. 103 EFFECTIVE DOSE,-0.9063077870366499,0.42261826174069944,-0.8660254037844387,-0.4999999999999998,-0.812515199995,1.490091154801534,-65.00000_-120.00000,1.4345631157669683,3.1978106508294655,-0.055528039034565824,-0.23968934917053453
L0000.ANS,-65.0,-110.0,9.99987840004,2002/01/00,0,1.79,TOTAL,3.4072,0.20088,microSv/hr,ICRP Pub. 103 EFFECTIVE DOSE,-0.9063077870366499,0.42261826174069944,-0.9396926207859084,-0.3420201433256687,-0.812515199995,1.4832395671763696,-65.00000_-110.00000,1.436052316277904,3.2040666896874463,-0.04718725089846565,-0.20313331031255366
L0000.ANS,-65.0,-100.0,9.99987840004,2002/01/00,0,2.02,TOTAL,3.3731,0.20029,microSv/hr,ICRP Pub. 103 EFFECTIVE DOSE,-0.9063077870366499,0.42261826174069944,-0.984807753012208,-0.1736481776669303,-0.812515199995,1.4754721397659396,-65.00000_-100.00000,1.437786198255487,3.2113623682482597,-0.03768594151045268,-0.16173763175174027
L0000.ANS,-65.0,-90.0,9.99987840004,2002/01/00,0,2.31,TOTAL,3.3226,0.19924,microSv/hr,ICRP Pub. 103 EFFECTIVE DOSE,-0.9063077870366499,0.42261826174069944,-1.0,6.123233995736766e-17,-0.812515199995,1.463857073067681,-65.00000_-90.00000,1.4397120785732147,3.219480763163307,-0.024144994494466276,-0.10311923683669288
L0000.ANS,-65.0,-80.0,9.99987840004,2002/01/00,0,2.4,TOTAL,3.3032,0.19901,microSv/hr,ICRP Pub. 103 EFFECTIVE DOSE,-0.9063077870366499,0.42261826174069944,-0.984807753012208,0.17364817766693041,-0.812515199995,1.4593589319768958,-65.00000_-80.00000,1.4417714403321757,3.228179153982211,-0.017587491644720066,-0.07502084601778902
L0000.ANS,-65.0,-70.0,9.99987840004,2002/01/00,0,2.42,TOTAL,3.3002,0.19888,microSv/hr,ICRP Pub. 103 EFFECTIVE DOSE,-0.9063077870366499,0.42261826174069944,-0.9396926207859083,0.3420201433256688,-0.812515199995,1.4586615332457915,-65.00000_-70.00000,1.443901710867411,3.237195920117366,-0.014759822378380472,-0.06300407988263368
L0000.ANS,-65.0,-60.0,9.99987840004,2002/01/00,0,2.36,TOTAL,3.3128,0.19913,microSv/hr,ICRP Pub. 103 EFFECTIVE DOSE,-0.9063077870366499,0.42261826174069944,-0.8660254037844386,0.5000000000000001,-0.812515199995,1.461587345155322,-65.00000_-60.00000,1.4460381629866768,3.24625816339808,-0.015549182168645315,-0.06654183660192015
L0000.ANS,-65.0,-50.0,9.99987840004,2002/01/00,0,2.16,TOTAL,3.3497,0.20001,microSv/hr,ICRP Pub. 103 EFFECTIVE DOSE,-0.9063077870366499,0.42261826174069944,-0.766044443118978,0.6427876096865394,-0.812515199995,1.4701068772051207,-65.00000_-50.00000,1.4481158816734254,3.25508986505157,-0.021990995531695257,-0.09461013494843007
L0000.ANS,-65.0,-40.0,9.99987840004,2002/01/00,0,1.98,TOTAL,3.3802,0.20048,microSv/hr,ICRP Pub. 103 EFFECTIVE DOSE,-0.9063077870366499,0.42261826174069944,-0.6427876096865393,0.766044443118978,-0.812515199995,1.4770943854463294,-65.00000_-40.00000,1.4500717364967373,3.263420347038848,-0.027022648949592165,-0.116779652961152
L0000.ANS,-65.0,-30.0,9.99987840004,2002/01/00,0,1.74,TOTAL,3.4129,0.20092,microSv/hr,ICRP Pub. 103 EFFECTIVE DOSE,-0.9063077870366499,0.42261826174069944,-0.49999999999999994,0.8660254037844387,-0.812515199995,1.4845320697088846,-65.00000_-30.00000,1.4518462997975154,3.2709927732101063,-0.03268576991136918,-0.14190722678989376
L0000.ANS,-65.0,-20.0,9.99987840004,2002/01/00,0,1.51,TOTAL,3.436,0.20114,microSv/hr,ICRP Pub. 103 EFFECTIVE DOSE,-0.9063077870366499,0.42261826174069944,-0.3420201433256687,0.9396926207859084,-0.812515199995,1.4897530694881205,-65.00000_-20.00000,1.4533856523678388,3.2775723997966684,-0.036367417120281686,-0.15842760020333158
L0000.ANS,-65.0,-10.0,9.99987840004,2002/01/00,0,1.32,TOTAL,3.4495,0.20122,microSv/hr,ICRP Pub. 103 EFFECTIVE DOSE,-0.9063077870366499,0.42261826174069944,-0.17364817766693033,0.984807753012208,-0.812515199995,1.49279173031478,-65.00000_-10.00000,1.454643021758808,3.2829542711909547,-0.038148708555971966,-0.16654572880904528
L0000.ANS,-65.0,0.0,9.99987840004,2002/01/00,0,1.12,TOTAL,3.4582,0.20125,microSv/hr,ICRP Pub. 103 EFFECTIVE DOSE,-0.9063077870366499,0.42261826174069944,0.0,1.0,-0.812515199995,1.494745097124695,-65.00000_0.00000,1.4555802034377376,3.286970058933032,-0.0391648936869573,-0.1712299410669682
L0000.ANS,-65.0,10.0,9.99987840004,2002/01/00,0,0.99,TOTAL,3.4611,0.20126,microSv/hr,ICRP Pub. 103 EFFECTIVE DOSE,-0.9063077870366499,0.42261826174069944,0.17364817766693033,0.984807753012208,-0.812515199995,1.4953953723934248,-65.00000_10.00000,1.4561687216135506,3.28949376128139,-0.039226650779874195,-0.17160623871860992
L0000.ANS,-65.0,20.0,9.99987840004,2002/01/00,0,0.82,TOTAL,3.4625,0.20126,microSv/hr,ICRP Pub. 103 EFFECTIVE DOSE,-0.9063077870366499,0.42261826174069944,0.3420201433256687,0.9396926207859084,-0.812515199995,1.4957091471057575,-65.00000_20.00000,1.4563906944592793,3.2904460181019854,-0.039318452646478264,-0.17205398189801446
L0000.ANS,-65.0,30.0,9.99987840004,2002/01/00,0,0.67,TOTAL,3.4628,0.20126,microSv/hr,ICRP Pub. 103 EFFECTIVE DOSE,-0.9063077870366499,0.42261826174069944,0.49999999999999994,0.8660254037844387,-0.812515199995,1.4957763717368877,-65.00000_30.00000,1.45623937744233,3.2897968497254935,-0.039536994294557815,-0.17300315027450663
L0000.ANS,-65.0,40.0,9.99987840004,2002/01/00,0,0.51,TOTAL,3.4629,0.20126,microSv/hr,ICRP Pub. 103 EFFECTIVE DOSE,-0.9063077870366499,0.42261826174069944,0.6427876096865393,0.766044443118978,-0.812515199995,1.495798778943046,-65.00000_40.00000,1.4557193682536922,3.287566695846756,-0.040079410689353834,-0.17533330415324366
L0000.ANS,-65.0,50.0,9.99987840004,2002/01/00,0,0.39,TOTAL,3.4629,0.20126,microSv/hr,ICRP Pub. 103 EFFECTIVE DOSE,-0.9063077870366499,0.42261826174069944,0.766044443118978,0.6427876096865394,-0.812515199995,1.495798778943046,-65.00000_50.00000,1.4548464671094261,3.283825706966111,-0.040952311833619914,-0.17907429303388867
L0000.ANS,-65.0,60.0,9.99987840004,2002/01/00,0,0.28,TOTAL,3.4629,0.20126,microSv/hr,ICRP Pub. 103 EFFECTIVE DOSE,-0.9063077870366499,0.42261826174069944,0.8660254037844386,0.5000000000000001,-0.812515199995,1.495798778943046,-65.00000_60.00000,1.45364719666909,3.278691320798352,-0.04215158227395599,-0.18420867920164774
L0000.ANS,-65.0,70.0,9.99987840004,2002/01/00,0,0.18,TOTAL,3.4629,0.20126,microSv/hr,ICRP Pub. 103 EFFECTIVE DOSE,-0.9063077870366499,0.42261826174069944,0.9396926207859083,0.3420201433256688,-0.812515199995,1.495798778943046,-65.00000_70.00000,1.4521579961581543,3.2723242336087317,-0.043640782784891696,-0.19057576639126816
L0000.ANS,-65.0,80.0,9.99987840004,2002/01/00,0,0.06,TOTAL,3.4629,0.20126,microSv/hr,ICRP Pub. 103 EFFECTIVE DOSE,-0.9063077870366499,0.42261826174069944,0.984807753012208,0.17364817766693041,-0.812515199995,1.495798778943046,-65.00000_80.00000,1.4504241141805714,3.2649229459515627,-0.04537466476247465,-0.19797705404843713
L0000.ANS,-65.0,90.0,9.99987840004,2002/01/00,0,0.03,TOTAL,3.4629,0.20126,microSv/hr,ICRP Pub. 103 EFFECTIVE DOSE,-0.9063077870366499,0.42261826174069944,1.0,6.123233995736766e-17,-0.812515199995,1.495798778943046,-65.00000_90.00000,1.4484982338628436,3.256717119049884,-0.04730054508020243,-0.20618288095011605
L0000.ANS,-65.0,100.0,9.99987840004,2002/01/00,0,0.0,TOTAL,3.4629,0.20126,microSv/hr,ICRP Pub. 103 EFFECTIVE DOSE,-0.9063077870366499,0.42261826174069944,0.984807753012208,-0.1736481776669303,-0.812515199995,1.495798778943046,-65.00000_100.00000,1.4464388721038826,3.247960018709861,-0.04935990683916347,-0.2149399812901387
L0000.ANS,-65.0,110.0,9.99987840004,2002/01/00,0,0.0,TOTAL,3.4629,0.20126,microSv/hr,ICRP Pub. 103 EFFECTIVE DOSE,-0.9063077870366499,0.42261826174069944,0.9396926207859084,-0.3420201433256687,-0.812515199995,1.495798778943046,-65.00000_110.00000,1.4443086015686473,3.2389203465393246,-0.05149017737439876,-0.22397965346067528
L0000.ANS,-65.0,120.0,9.99987840004,2002/01/00,0,0.0,TOTAL,3.4629,0.20126,microSv/hr,ICRP Pub. 103 EFFECTIVE DOSE,-0.9063077870366499,0.42261826174069944,0.8660254037844387,-0.4999999999999998,-0.812515199995,1.495798778943046,-65.00000_120.00000,1.4421721494493815,3.229873763418442,-0.05362662949366448,-0.23302623658155808
L0000.ANS,-65.0,130.0,9.99987840004,2002/01/00,0,0.0,TOTAL,3.4629,0.20126,microSv/hr,ICRP Pub. 103 EFFECTIVE DOSE,-0.9063077870366499,0.42261826174069944,0.766044443118978,-0.6427876096865394,-0.812515199995,1.495798778943046,-65.00000_130.00000,1.4400944307626329,3.2210943993403145,-0.055704348180413144,-0.24180560065968537
L0000.ANS,-65.0,140.0,9.99987840004,2002/01/00,0,0.0,TOTAL,3.4629,0.20126,microSv/hr,ICRP Pub. 103 EFFECTIVE DOSE,-0.9063077870366499,0.42261826174069944,0.6427876096865395,-0.7660444431189779,-0.812515199995,1.495798778943046,-65.00000_140.00000,1.4381385759393213,3.212846619858584,-0.057660203003724764,-0.250053380141416
L0000.ANS,-65.0,150.0,9.99987840004,2002/01/00,0,0.02,TOTAL,3.4629,0.20126,microSv/hr,ICRP Pub. 103 EFFECTIVE DOSE,-0.9063077870366499,0.42261826174069944,0.49999999999999994,-0.8660254037844387,-0.812515199995,1.495798778943046,-65.00000_150.00000,1.4363640126385429,3.2053772862179786,-0.05943476630450317,-0.2575227137820213
L0000.ANS,-65.0,160.0,9.99987840004,2002/01/00,0,0.04,TOTAL,3.4629,0.20126,microSv/hr,ICRP Pub. 103 EFFECTIVE DOSE,-0.9063077870366499,0.42261826174069944,0.3420201433256689,-0.9396926207859083,-0.812515199995,1.495798778943046,-65.00000_160.00000,1.4348246600682195,3.198908707871943,-0.06097411887482651,-0.2639912921280567
L0000.ANS,-65.0,170.0,9.99987840004,2002/01/00,0,0.09,TOTAL,3.4629,0.20126,microSv/hr,ICRP Pub. 103 EFFECTIVE DOSE,-0.9063077870366499,0.42261826174069944,0.17364817766693028,-0.984807753012208,-0.812515199995,1.495798778943046,-65.00000_170.00000,1.4335672906772503,3.1936324463871735,-0.06223148826579572,-0.2692675536128264
L0000.ANS,-60.0,-179.99999,9.99987840004,2002/01/00,0,0.47,TOTAL,3.4629,0.20126,microSv/hr,ICRP Pub. 103 EFFECTIVE DOSE,-0.8660254037844386,0.5000000000000001,-1.745329251238221e-07,-0.9999999999999848,-0.812515199995,1.495798778943046,-60.00000_-179.99999,1.376809862199396,2.9622413483137335,-0.11898891674364998,-0.5006586516862663
L0000.ANS,-60.0,-170.0,9.99987840004,2002/01/00,0,0.66,TOTAL,3.4628,0.20126,microSv/hr,ICRP Pub. 103 EFFECTIVE DOSE,-0.8660254037844386,0.5000000000000001,-0.17364817766693028,-0.984807753012208,-0.812515199995,1.4957763717368877,-60.00000_-170.00000,1.3762213447903195,2.9599101863332766,-0.11955502694656817,-0.5028898136667235
L0000.ANS,-60.0,-160.0,9.99987840004,2002/01/00,0,0.89,TOTAL,3.4622,0.20126,microSv/hr,ICRP Pub. 103 EFFECTIVE DOSE,-0.8660254037844386,0.5000000000000001,-0.3420201433256689,-0.9396926207859083,-0.812515199995,1.4956419179551725,-60.00000_-160.00000,1.3759993719445909,2.959031291349405,-0.11964254601058166,-0.5031687086505952
L0000.ANS,-60.0,-150.0,9.99987840004,2002/01/00,0,1.18,TOTAL,3.456,0.20125,microSv/hr,ICRP Pub. 103 EFFECTIVE DOSE,-0.8660254037844386,0.5000000000000001,-0.49999999999999994,-0.8660254037844387,-0.812515199995,1.494251502624983,-60.00000_-150.00000,1.3761506889615402,2.95963040548136,-0.11810081366344272,-0.49636959451864016
L0000.ANS,-60.0,-140.0,9.99987840004,2002/01/00,0,1.53,TOTAL,3.4347,0.20113,microSv/hr,ICRP Pub. 103 EFFECTIVE DOSE,-0.8660254037844386,0.5000000000000001,-0.6427876096865395,-0.7660444431189779,-0.812515199995,1.4894599697306479,-60.00000_-140.00000,1.376670698150178,2.9616899851295795,-0.11278927158046992,-0.4730100148704204
L0000.ANS,-60.0,-130.0,9.99987840004,2002/01/00,0,1.9,TOTAL,3.3918,0.20061,microSv/hr,ICRP Pub. 103 EFFECTIVE DOSE,-0.8660254037844386,0.5000000000000001,-0.766044443118978,-0.6427876096865394,-0.812515199995,1.479739165829754,-60.00000_-130.00000,1.377543599294444,2.965149658607619,-0.10219556653531003,-0.426650341392381
L0000.ANS,-60.0,-120.0,9.99987840004,2002/01/00,0,2.26,TOTAL,3.3321,0.19943,microSv/hr,ICRP Pub. 103 EFFECTIVE DOSE,-0.8660254037844386,0.5000000000000001,-0.8660254037844387,-0.4999999999999998,-0.812515199995,1.4660524128981662,-60.00000_-120.00000,1.37874286973478,2.9699077979623523,-0.08730954316338613,-0.3621922020376478
L0000.ANS,-60.0,-110.0,9.99987840004,2002/01/00,0,2.68,TOTAL,3.2413,0.19736,microSv/hr,ICRP Pub. 103 EFFECTIVE DOSE,-0.8660254037844386,0.5000000000000001,-0.9396926207859084,-0.3420201433256687,-0.812515199995,1.4448698260241195,-60.00000_-110.00000,1.3802320702457158,2.9758241909377587,-0.0646377557784037,-0.2654758090622411
L0000.ANS,-60.0,-100.0,9.99987840004,2002/01/00,0,3.05,TOTAL,3.1548,0.19437,microSv/hr,ICRP Pub. 103 EFFECTIVE DOSE,-0.8660254037844386,0.5000000000000001,-0.984807753012208,-0.1736481776669303,-0.812515199995,1.4242642923715192,-60.00000_-100.00000,1.3819659522232988,2.9827237806570515,-0.042298340148220426,-0.17207621934294837
L0000.ANS,-60.0,-90.0,9.99987840004,2002/01/00,0,3.53,TOTAL,3.0378,0.18994,microSv/hr,ICRP Pub. 103 EFFECTIVE DOSE,-0.8660254037844386,0.5000000000000001,-1.0,6.123233995736766e-17,-0.812515199995,1.3956999891939863,-60.00000_-90.00000,1.3838918325410265,2.9904014207320784,-0.011808156652959756,-0.04739857926792146
L0000.ANS,-60.0,-80.0,9.99987840004,2002/01/00,0,3.67,TOTAL,3.0019,0.18934,microSv/hr,ICRP Pub. 103 EFFECTIVE DOSE,-0.8660254037844386,0.5000000000000001,-0.984807753012208,0.17364817766693041,-0.812515199995,1.3867692483431018,-60.00000_-80.00000,1.3859511942999876,2.998627568220381,-0.0008180540431141914,-0.0032724317796191116
L0000.ANS,-60.0,-70.0,9.99987840004,2002/01/00,0,3.6,TOTAL,3.0196,0.18953,microSv/hr,ICRP Pub. 103 EFFECTIVE DOSE,-0.8660254037844386,0.5000000000000001,-0.9396926207859083,0.3420201433256688,-0.812515199995,1.3911823951926665,-60.00000_-70.00000,1.3880814648352229,3.0071548061474376,-0.003100930357443632,-0.012445193852562486
L0000.ANS,-60.0,-60.0,9.99987840004,2002/01/00,0,3.38,TOTAL,3.0741,0.19147,microSv/hr,ICRP Pub. 103 EFFECTIVE DOSE,-0.8660254037844386,0.5000000000000001,-0.8660254037844386,0.5000000000000001,-0.812515199995,1.404649863404203,-60.00000_-60.00000,1.3902179169544886,3.0157250522256,-0.014431946449714461,-0.0583749477744
L0000.ANS,-60.0,-50.0,9.99987840004,2002/01/00,0,3.14,TOTAL,3.1337,0.19357,microSv/hr,ICRP Pub. 103 EFFECTIVE DOSE,-0.8660254037844386,0.5000000000000001,-0.766044443118978,0.6427876096865394,-0.812515199995,1.4191728896858302,-60.00000_-50.00000,1.3922956356412373,3.024077272985376,-0.026877254044592958,-0.10962272701462394
L0000.ANS,-60.0,-40.0,9.99987840004,2002/01/00,0,2.73,TOTAL,3.2318,0.19691,microSv/hr,ICRP Pub. 103 EFFECTIVE DOSE,-0.8660254037844386,0.5000000000000001,-0.6427876096865393,0.766044443118978,-0.812515199995,1.4426274344600514,-60.00000_-40.00000,1.394251490464549,3.0319554857379076,-0.04837594399550227,-0.19984451426209215
L0000.ANS,-60.0,-30.0,9.99987840004,2002/01/00,0,2.34,TOTAL,3.3161,0.19916,microSv/hr,ICRP Pub. 103 EFFECTIVE DOSE,-0.8660254037844386,0.5000000000000001,-0.49999999999999994,0.8660254037844387,-0.812515199995,1.46235221672896,-60.00000_-30.00000,1.3960260537653273,3.039116798195113,-0.0663261629636327,-0.276983201804887
L0000.ANS,-60.0,-20.0,9.99987840004,2002/01/00,0,2.0,TOTAL,3.3763,0.20037,microSv/hr,ICRP Pub. 103 EFFECTIVE DOSE,-0.8660254037844386,0.5000000000000001,-0.3420201433256687,0.9396926207859084,-0.812515199995,1.4762036185285252,-60.00000_-20.00000,1.3975654063356506,3.0453392110351283,-0.07863821219287459,-0.3309607889648718
L0000.ANS,-60.0,-10.0,9.99987840004,2002/01/00,0,1.76,TOTAL,3.4102,0.20091,microSv/hr,ICRP Pub. 103 EFFECTIVE DOSE,-0.8660254037844386,0.5000000000000001,-0.17364817766693033,0.984807753012208,-0.812515199995,1.4839200399043306,-60.00000_-10.00000,1.3988227757266198,3.050428895871576,-0.0850972641777108,-0.35977110412842395
L0000.ANS,-60.0,0.0,9.99987840004,2002/01/00,0,1.51,TOTAL,3.4365,0.20115,microSv/hr,ICRP Pub. 103 EFFECTIVE DOSE,-0.8660254037844386,0.5000000000000001,0.0,1.0,-0.812515199995,1.4898657772932555,-60.00000_0.00000,1.3997599574055495,3.0542266629454877,-0.09010581988770605,-0.3822733370545124
L0000.ANS,-60.0,10.0,9.99987840004,2002/01/00,0,1.31,TOTAL,3.4497,0.20122,microSv/hr,ICRP Pub. 103 EFFECTIVE DOSE,-0.8660254037844386,0.5000000000000001,0.17364817766693033,0.984807753012208,-0.812515199995,1.4928366781752693,-60.00000_10.00000,1.4003484755813624,3.056613351261337,-0.09248820259390689,-0.39308664873866306
L0000.ANS,-60.0,20.0,9.99987840004,2002/01/00,0,1.14,TOTAL,3.4577,0.20125,microSv/hr,ICRP Pub. 103 EFFECTIVE DOSE,-0.8660254037844386,0.5000000000000001,0.3420201433256687,0.9396926207859084,-0.812515199995,1.4946329379482743,-60.00000_20.00000,1.400570448427091,3.057513909216946,-0.09406248952118323,-0.4001860907830541
L0000.ANS,-60.0,30.0,9.99987840004,2002/01/00,0,1.01,TOTAL,3.4608,0.20126,microSv/hr,ICRP Pub. 103 EFFECTIVE DOSE,-0.8660254037844386,0.5000000000000001,0.49999999999999994,0.8660254037844387,-0.812515199995,1.495328122144013,-60.00000_30.00000,1.4004191314101417,3.056899984765752,-0.09490899073387116,-0.4039000152342478
L0000.ANS,-60.0,40.0,9.99987840004,2002/01/00,0,0.81,TOTAL,3.4626,0.20126,microSv/hr,ICRP Pub. 103 EFFECTIVE DOSE,-0.8660254037844386,0.5000000000000001,0.6427876096865393,0.766044443118978,-0.812515199995,1.4957315558182658,-60.00000_40.00000,1.3998991222215043,3.0547909079134885,-0.09583243359676152,-0.4078090920865116
L0000.ANS,-60.0,50.0,9.99987840004,2002/01/00,0,0.64,TOTAL,3.4629,0.20126,microSv/hr,ICRP Pub. 103 EFFECTIVE DOSE,-0.8660254037844386,0.5000000000000001,0.766044443118978,0.6427876096865394,-0.812515199995,1.495798778943046,-60.00000_50.00000,1.399026221077238,3.051253020627783,-0.09677255786580807,-0.41164697937221684
L0000.ANS,-60.0,60.0,9.99987840004,2002/01/00,0,0.49,TOTAL,3.4629,0.20126,microSv/hr,ICRP Pub. 103 EFFECTIVE DOSE,-0.8660254037844386,0.5000000000000001,0.8660254037844386,0.5000000000000001,-0.812515199995,1.495798778943046,-60.00000_60.00000,1.3978269506369019,3.046397384826033,-0.09797182830614415,-0.4165026151739668
L0000.ANS,-60.0,70.0,9.99987840004,2002/01/00,0,0.34,TOTAL,3.4629,0.20126,microSv/hr,ICRP Pub. 103 EFFECTIVE DOSE,-0.8660254037844386,0.5000000000000001,0.9396926207859083,0.3420201433256688,-0.812515199995,1.495798778943046,-60.00000_70.00000,1.3963377501259662,3.040375972431125,-0.09946102881707986,-0.42252402756887486
L0000.ANS,-60.0,80.0,9.99987840004,2002/01/00,0,0.21,TOTAL,3.4629,0.20126,microSv/hr,ICRP Pub. 103 EFFECTIVE DOSE,-0.8660254037844386,0.5000000000000001,0.984807753012208,0.17364817766693041,-0.812515199995,1.495798778943046,-60.00000_80.00000,1.3946038681483832,3.0333765072267207,-0.1011949107946628,-0.42952349277327917
L0000.ANS,-60.0,90.0,9.99987840004,2002/01/00,0,0.1,TOTAL,3.4629,0.20126,microSv/hr,ICRP Pub. 103 EFFECTIVE DOSE,-0.8660254037844386,0.5000000000000001,1.0,6.123233995736766e-17,-0.812515199995,1.495798778943046,-60.00000_90.00000,1.3926779878306554,3.025616181924943,-0.10312079111239059,-0.4372838180750569
L0000.ANS,-60.0,100.0,9.99987840004,2002/01/00,0,0.06,TOTAL,3.4629,0.20126,microSv/hr,ICRP Pub. 103 EFFECTIVE DOSE,-0.8660254037844386,0.5000000000000001,0.984807753012208,-0.1736481776669303,-0.812515199995,1.495798778943046,-60.00000_100.00000,1.3906186260716944,3.017334512307347,-0.10518015287135163,-0.4455654876926527
L0000.ANS,-60.0,110.0,9.99987840004,2002/01/00,0,0.03,TOTAL,3.4629,0.20126,microSv/hr,ICRP Pub. 103 EFFECTIVE DOSE,-0.8660254037844386,0.5000000000000001,0.9396926207859084,-0.3420201433256687,-0.812515199995,1.495798778943046,-60.00000_110.00000,1.388488355536459,3.0087856119338285,-0.10731042340658692,-0.4541143880661713
L0000.ANS,-60.0,120.0,9.99987840004,2002/01/00,0,0.03,TOTAL,3.4629,0.20126,microSv/hr,ICRP Pub. 103 EFFECTIVE DOSE,-0.8660254037844386,0.5000000000000001,0.8660254037844387,-0.4999999999999998,-0.812515199995,1.495798778943046,-60.00000_120.00000,1.3863519034171934,3.00023017581157,-0.10944687552585264,-0.46266982418842995
L0000.ANS,-60.0,130.0,9.99987840004,2002/01/00,0,0.03,TOTAL,3.4629,0.20126,microSv/hr,ICRP Pub. 103 EFFECTIVE DOSE,-0.8660254037844386,0.5000000000000001,0.766044443118978,-0.6427876096865394,-0.812515199995,1.495798778943046,-60.00000_130.00000,1.3842741847304447,2.991927451173902,-0.1115245942126013,-0.47097254882609807
L0000.ANS,-60.0,140.0,9.99987840004,2002/01/00,0,0.07,TOTAL,3.4629,0.20126,microSv/hr,ICRP Pub. 103 EFFECTIVE DOSE,-0.8660254037844386,0.5000000000000001,0.6427876096865395,-0.7660444431189779,-0.812515199995,1.495798778943046,-60.00000_140.00000,1.382318329907133,2.9841274509347473,-0.11348044903591292,-0.4787725490652526
L0000.ANS,-60.0,150.0,9.99987840004,2002/01/00,0,0.13,TOTAL,3.4629,0.20126,microSv/hr,ICRP Pub. 103 EFFECTIVE DOSE,-0.8660254037844386,0.5000000000000001,0.49999999999999994,-0.8660254037844387,-0.812515199995,1.495798778943046,-60.00000_150.00000,1.3805437666063547,2.977063634023529,-0.11525501233669133,-0.48583636597647084
L0000.ANS,-60.0,160.0,9.99987840004,2002/01/00,0,0.21,TOTAL,3.4629,0.20126,microSv/hr,ICRP Pub. 103 EFFECTIVE DOSE,-0.8660254037844386,0.5000000000000001,0.3420201433256689,-0.9396926207859083,-0.812515199995,1.495798778943046,-60.00000_160.00000,1.3790044140360314,2.970946240516849,-0.11679436490701467,-0.4919537594831507
L0000.ANS,-60.0,170.0,9.99987840004,2002/01/00,0,0.3,TOTAL,3.4629,0.20126,microSv/hr,ICRP Pub. 103 EFFECTIVE DOSE,-0.8660254037844386,0.5000000000000001,0.17364817766693028,-0.984807753012208,-0.812515199995,1.495798778943046,-60.00000_170.00000,1.3777470446450621,2.965956431934526,-0.11805173429798388,-0.4969435680654737
L0000.ANS,-55.0,-179.99999,9.99987840004,2002/01/00,0,0.93,TOTAL,3.4619,0.20126,microSv/hr,ICRP Pub. 103 EFFECTIVE DOSE,-0.8191520442889918,0.5735764363510462,-1.745329251238221e-07,-0.9999999999999848,-0.812515199995,1.4955746842845248,-55.00000_-179.99999,1.323512291160548,2.756592479908025,-0.17206239312397686,-0.7053075200919752
L0000.ANS,-55.0,-170.0,9.99987840004,2002/01/00,0,1.17,TOTAL,3.4564,0.20125,microSv/hr,ICRP Pub. 103 EFFECTIVE DOSE,-0.8191520442889918,0.5735764363510462,-0.17364817766693028,-0.984807753012208,-0.812515199995,1.4943412652030243,-55.00000_-170.00000,1.3229237737514714,2.754382310260242,-0.17141749145155294,-0.7020176897397579
L0000.ANS,-55.0,-160.0,9.99987840004,2002/01/00,0,1.52,TOTAL,3.4352,0.20113,microSv/hr,ICRP Pub. 103 EFFECTIVE DOSE,-0.8191520442889918,0.5735764363510462,-0.3420201433256689,-0.9396926207859083,-0.812515199995,1.4895727105733925,-55.00000_-160.00000,1.3227018009057427,2.753549031820895,-0.16687090966764972,-0.6816509681791052
L0000.ANS,-55.0,-150.0,9.99987840004,2002/01/00,0,1.93,TOTAL,3.3873,0.20058,microSv/hr,ICRP Pub. 103 EFFECTIVE DOSE,-0.8191520442889918,0.5735764363510462,-0.49999999999999994,-0.8660254037844387,-0.812515199995,1.478714003707416,-55.00000_-150.00000,1.3228531179226921,2.7541170506377357,-0.1558608857847239,-0.6331829493622645
L0000.ANS,-55.0,-140.0,9.99987840004,2002/01/00,0,2.27,TOTAL,3.3306,0.19939,microSv/hr,ICRP Pub. 103 EFFECTIVE DOSE,-0.8191520442889918,0.5735764363510462,-0.6427876096865395,-0.7660444431189779,-0.812515199995,1.4657061005440524,-55.00000_-140.00000,1.3233731271113296,2.7560697336618434,-0.14233297343272278,-0.5745302663381566
L0000.ANS,-55.0,-130.0,9.99987840004,2002/01/00,0,2.74,TOTAL,3.2292,0.1968,microSv/hr,ICRP Pub. 103 EFFECTIVE DOSE,-0.8191520442889918,0.5735764363510462,-0.766044443118978,-0.6427876096865394,-0.812515199995,1.4420128498762343,-55.00000_-130.00000,1.3242460282555961,2.7593498426274614,-0.11776682162063823,-0.46985015737253866
L0000.ANS,-55.0,-120.0,9.99987840004,2002/01/00,0,3.3,TOTAL,3.0952,0.19284,microSv/hr,ICRP Pub. 103 EFFECTIVE DOSE,-0.8191520442889918,0.5735764363510462,-0.8660254037844387,-0.4999999999999998,-0.812515199995,1.4098155561612364,-55.00000_-120.00000,1.3254452986959318,2.7638610242913315,-0.08437025746530469,-0.33133897570866866
L0000.ANS,-55.0,-110.0,9.99987840004,2002/01/00,0,3.86,TOTAL,2.9539,0.18628,microSv/hr,ICRP Pub. 103 EFFECTIVE DOSE,-0.8191520442889918,0.5735764363510462,-0.9396926207859084,-0.3420201433256687,-0.812515199995,1.3747024335838922,-55.00000_-110.00000,1.3269344992068677,2.769470343715817,-0.047767934377024535,-0.18442965628418317
L0000.ANS,-55.0,-100.0,9.99987840004,2002/01/00,0,4.39,TOTAL,2.8233,0.18016,microSv/hr,ICRP Pub. 103 EFFECTIVE DOSE,-0.8191520442889918,0.5735764363510462,-0.984807753012208,-0.1736481776669303,-0.812515199995,1.341113924039349,-55.00000_-100.00000,1.3286683811844506,2.776011829853448,-0.012445542854898406,-0.047288170146551955
L0000.ANS,-55.0,-90.0,9.99987840004,2002/01/00,0,4.6,TOTAL,2.7744,0.17895,microSv/hr,ICRP Pub. 103 EFFECTIVE DOSE,-0.8191520442889918,0.5735764363510462,-1.0,6.123233995736766e-17,-0.812515199995,1.3282414296712735,-55.00000_-90.00000,1.3305942615021786,2.783290983855909,0.0023528318309051777,0.008890983855908807
L0000.ANS,-55.0,-80.0,9.99987840004,2002/01/00,0,4.76,TOTAL,2.7365,0.17607,microSv/hr,ICRP Pub. 103 EFFECTIVE DOSE,-0.8191520442889918,0.5735764363510462,-0.984807753012208,0.17364817766693041,-0.812515199995,1.3181493443882077,-55.00000_-80.00000,1.3326536232611395,2.7910901765543343,0.014504278872931708,0.0545901765543344
L0000.ANS,-55.0,-70.0,9.99987840004,2002/01/00,0,4.6,TOTAL,2.7726,0.17894,microSv/hr,ICRP Pub. 103 EFFECTIVE DOSE,-0.8191520442889918,0.5735764363510462,-0.9396926207859083,0.3420201433256688,-0.812515199995,1.3277644189294873,-55.00000_-70.00000,1.3347838937963747,2.799174832448605,0.007019474866887476,0.026574832448604813
L0000.ANS,-55.0,-60.0,9.99987840004,2002/01/00,0,4.34,TOTAL,2.8369,0.18084,microSv/hr,ICRP Pub. 103 EFFECTIVE DOSE,-0.8191520442889918,0.5735764363510462,-0.8660254037844386,0.5000000000000001,-0.812515199995,1.344664748897569,-55.00000_-60.00000,1.3369203459156402,2.807300264278214,-0.007744402981928689,-0.02959973572178587
L0000.ANS,-55.0,-50.0,9.99987840004,2002/01/00,0,3.92,TOTAL,2.9391,0.18568,microSv/hr,ICRP Pub. 103 EFFECTIVE DOSE,-0.8191520442889918,0.5735764363510462,-0.766044443118978,0.6427876096865394,-0.812515199995,1.3709522708206205,-55.00000_-50.00000,1.3389980646023893,2.8152189867735173,-0.031954206218231196,-0.12388101322648248
L0000.ANS,-55.0,-40.0,9.99987840004,2002/01/00,0,3.42,TOTAL,3.0637,0.19093,microSv/hr,ICRP Pub. 103 EFFECTIVE DOSE,-0.8191520442889918,0.5735764363510462,-0.6427876096865393,0.766044443118978,-0.812515199995,1.402093888653794,-55.00000_-40.00000,1.3409539194257007,2.8226883032990906,-0.06113996922809317,-0.24101169670090927
L0000.ANS,-55.0,-30.0,9.99987840004,2002/01/00,0,2.95,TOTAL,3.1794,0.19576,microSv/hr,ICRP Pub. 103 EFFECTIVE DOSE,-0.8191520442889918,0.5735764363510462,-0.49999999999999994,0.8660254037844387,-0.812515199995,1.4301676955638605,-55.00000_-30.00000,1.3427284827264792,2.829477928200275,-0.08743921283738132,-0.3499220717997247
L0000.ANS,-55.0,-20.0,9.99987840004,2002/01/00,0,2.59,TOTAL,3.2627,0.19782,microSv/hr,ICRP Pub. 103 EFFECTIVE DOSE,-0.8191520442889918,0.5735764363510462,-0.3420201433256687,0.9396926207859084,-0.812515199995,1.4499027623300023,-55.00000_-20.00000,1.3442678352968027,2.8353773843986296,-0.10563492703319954,-0.4273226156013705
L0000.ANS,-55.0,-10.0,9.99987840004,2002/01/00,0,2.25,TOTAL,3.3333,0.19946,microSv/hr,ICRP Pub. 103 EFFECTIVE DOSE,-0.8191520442889918,0.5735764363510462,-0.17364817766693033,0.984807753012208,-0.812515199995,1.4663293764561487,-55.00000_-10.00000,1.3455252046877715,2.8402029036189145,-0.12080417176837721,-0.49309709638108545
L0000.ANS,-55.0,0.0,9.99987840004,2002/01/00,0,1.92,TOTAL,3.3882,0.20059,microSv/hr,ICRP Pub. 103 EFFECTIVE DOSE,-0.8191520442889918,0.5735764363510462,0.0,1.0,-0.812515199995,1.4789191202257124,-55.00000_0.00000,1.3464623863667013,2.8438035583938626,-0.13245673385901102,-0.5443964416061373
L0000.ANS,-55.0,10.0,9.99987840004,2002/01/00,0,1.73,TOTAL,3.4136,0.20092,microSv/hr,ICRP Pub. 103 EFFECTIVE DOSE,-0.8191520442889918,0.5735764363510462,0.17364817766693033,0.984807753012208,-0.812515199995,1.484690682976084,-55.00000_10.00000,1.3470509045425143,2.846066372440518,-0.13763977843356967,-0.5675336275594822
L0000.ANS,-55.0,20.0,9.99987840004,2002/01/00,0,1.55,TOTAL,3.4331,0.20112,microSv/hr,ICRP Pub. 103 EFFECTIVE DOSE,-0.8191520442889918,0.5735764363510462,0.3420201433256687,0.9396926207859084,-0.812515199995,1.489099113595561,-55.00000_20.00000,1.347272877388243,2.846920189496665,-0.14182623620731794,-0.5861798105033351
L0000.ANS,-55.0,30.0,9.99987840004,2002/01/00,0,1.39,TOTAL,3.4449,0.2012,microSv/hr,ICRP Pub. 103 EFFECTIVE DOSE,-0.8191520442889918,0.5735764363510462,0.49999999999999994,0.8660254037844387,-0.812515199995,1.4917573715249508,-55.00000_30.00000,1.3471215603712936,2.846338129048084,-0.1446358111536572,-0.598561870951916
L0000.ANS,-55.0,40.0,9.99987840004,2002/01/00,0,1.23,TOTAL,3.4542,0.20125,microSv/hr,ICRP Pub. 103 EFFECTIVE DOSE,-0.8191520442889918,0.5735764363510462,0.6427876096865393,0.766044443118978,-0.812515199995,1.4938474712846121,-55.00000_40.00000,1.3466015511826561,2.844338517831535,-0.14724592010195603,-0.6098614821684651
L0000.ANS,-55.0,50.0,9.99987840004,2002/01/00,0,1.0,TOTAL,3.461,0.20126,microSv/hr,ICRP Pub. 103 EFFECTIVE DOSE,-0.8191520442889918,0.5735764363510462,0.766044443118978,0.6427876096865394,-0.812515199995,1.4953729561461278,-55.00000_50.00000,1.3457286500383896,2.8409842545234953,-0.14964430610773816,-0.6200157454765045
L0000.ANS,-55.0,60.0,9.99987840004,2002/01/00,0,0.78,TOTAL,3.4627,0.20126,microSv/hr,ICRP Pub. 103 EFFECTIVE DOSE,-0.8191520442889918,0.5735764363510462,0.8660254037844386,0.5000000000000001,-0.812515199995,1.495753964028635,-55.00000_60.00000,1.344529379598054,2.8363806366884075,-0.15122458443058107,-0.6263193633115924
L0000.ANS,-55.0,70.0,9.99987840004,2002/01/00,0,0.6,TOTAL,3.4629,0.20126,microSv/hr,ICRP Pub. 103 EFFECTIVE DOSE,-0.8191520442889918,0.5735764363510462,0.9396926207859083,0.3420201433256688,-0.812515199995,1.495798778943046,-55.00000_70.00000,1.343040179087118,2.8306717485787103,-0.152758599855928,-0.6322282514212896
L0000.ANS,-55.0,80.0,9.99987840004,2002/01/00,0,0.45,TOTAL,3.4629,0.20126,microSv/hr,ICRP Pub. 103 EFFECTIVE DOSE,-0.8191520442889918,0.5735764363510462,0.984807753012208,0.17364817766693041,-0.812515199995,1.495798778943046,-55.00000_80.00000,1.341306297109535,2.824035570708972,-0.15449248183351094,-0.6388644292910279
L0000.ANS,-55.0,90.0,9.99987840004,2002/01/00,0,0.35,TOTAL,3.4629,0.20126,microSv/hr,ICRP Pub. 103 EFFECTIVE DOSE,-0.8191520442889918,0.5735764363510462,1.0,6.123233995736766e-17,-0.812515199995,1.495798778943046,-55.00000_90.00000,1.3393804167918073,2.816678023021296,-0.15641836215123872,-0.6462219769787039
L0000.ANS,-55.0,100.0,9.99987840004,2002/01/00,0,0.27,TOTAL,3.4629,0.20126,microSv/hr,ICRP Pub. 103 EFFECTIVE DOSE,-0.8191520442889918,0.5735764363510462,0.984807753012208,-0.1736481776669303,-0.812515199995,1.495798778943046,-55.00000_100.00000,1.3373210550328463,2.80882618991179,-0.15847772391019976,-0.6540738100882098
L0000.ANS,-55.0,110.0,9.99987840004,2002/01/00,0,0.21,TOTAL,3.4629,0.20126,microSv/hr,ICRP Pub. 103 EFFECTIVE DOSE,-0.8191520442889918,0.5735764363510462,0.9396926207859084,-0.3420201433256687,-0.812515199995,1.495798778943046,-55.00000_110.00000,1.335190784497611,2.800720995898732,-0.16060799444543505,-0.6621790041012678
L0000.ANS,-55.0,120.0,9.99987840004,2002/01/00,0,0.2,TOTAL,3.4629,0.20126,microSv/hr,ICRP Pub. 103 EFFECTIVE DOSE,-0.8191520442889918,0.5735764363510462,0.8660254037844387,-0.4999999999999998,-0.812515199995,1.495798778943046,-55.00000_120.00000,1.3330543323783455,2.7926096053563856,-0.16274444656470055,-0.6702903946436143
L0000.ANS,-55.0,130.0,9.99987840004,2002/01/00,0,0.24,TOTAL,3.4629,0.20126,microSv/hr,ICRP Pub. 103 EFFECTIVE DOSE,-0.8191520442889918,0.5735764363510462,0.766044443118978,-0.6427876096865394,-0.812515199995,1.495798778943046,-55.00000_130.00000,1.3309766136915964,2.784737810027741,-0.16482216525144966,-0.6781621899722587
L0000.ANS,-55.0,140.0,9.99987840004,2002/01/00,0,0.28,TOTAL,3.4629,0.20126,microSv/hr,ICRP Pub. 103 EFFECTIVE DOSE,-0.8191520442889918,0.5735764363510462,0.6427876096865395,-0.7660444431189779,-0.812515199995,1.495798778943046,-55.00000_140.00000,1.329020758868285,2.777342646617477,-0.16677802007476106,-0.685557353382523
L0000.ANS,-55.0,150.0,9.99987840004,2002/01/00,0,0.35,TOTAL,3.4629,0.20126,microSv/hr,ICRP Pub. 103 EFFECTIVE DOSE,-0.8191520442889918,0.5735764363510462,0.49999999999999994,-0.8660254037844387,-0.812515199995,1.495798778943046,-55.00000_150.00000,1.3272461955675066,2.7706454570332477,-0.16855258337553947,-0.6922545429667522
L0000.ANS,-55.0,160.0,9.99987840004,2002/01/00,0,0.49,TOTAL,3.4629,0.20126,microSv/hr,ICRP Pub. 103 EFFECTIVE DOSE,-0.8191520442889918,0.5735764363510462,0.3420201433256689,-0.9396926207859083,-0.812515199995,1.495798778943046,-55.00000_160.00000,1.325706842997183,2.7648455694384104,-0.17009193594586303,-0.6980544305615894
L0000.ANS,-55.0,170.0,9.99987840004,2002/01/00,0,0.68,TOTAL,3.4628,0.20126,microSv/hr,ICRP Pub. 103 EFFECTIVE DOSE,-0.8191520442889918,0.5735764363510462,0.17364817766693028,-0.984807753012208,-0.812515199995,1.4957763717368877,-55.00000_170.00000,1.3244494736062142,2.7601147426793324,-0.17132689813067348,-0.7026852573206677
L0000.ANS,-50.0,-179.99999,9.99987840004,2002/01/00,0,1.61,TOTAL,3.4273,0.20109,microSv/hr,ICRP Pub. 103 EFFECTIVE DOSE,-0.766044443118978,0.6427876096865394,-1.745329251238221e-07,-0.9999999999999848,-0.812515199995,1.4877899174354707,-50.00000_-179.99999,1.2731430218125985,2.5720620061658663,-0.2146468956228722,-0.8552379938341335
L0000.ANS,-50.0,-170.0,9.99987840004,2002/01/00,0,2.01,TOTAL,3.3757,0.20035,microSv/hr,ICRP Pub. 103 EFFECTIVE DOSE,-0.766044443118978,0.6427876096865394,-0.17364817766693028,-0.984807753012208,-0.812515199995,1.4760665070109429,-50.00000_-170.00000,1.2725545044035222,2.569960403964337,-0.20351200260742064,-0.805739596035663
L0000.ANS,-50.0,-160.0,9.99987840004,2002/01/00,0,2.42,TOTAL,3.2997,0.19886,microSv/hr,ICRP Pub. 103 EFFECTIVE DOSE,-0.766044443118978,0.6427876096865394,-0.3420201433256689,-0.9396926207859083,-0.812515199995,1.4585452528237952,-50.00000_-160.00000,1.2723325315577934,2.5691680576372673,-0.18621272126600186,-0.7305319423627328
L0000.ANS,-50.0,-150.0,9.99987840004,2002/01/00,0,2.89,TOTAL,3.1925,0.19583,microSv/hr,ICRP Pub. 103 EFFECTIVE DOSE,-0.766044443118978,0.6427876096865394,-0.49999999999999994,-0.8660254037844387,-0.812515199995,1.4332972147152268,-50.00000_-150.00000,1.272483848574743,2.5697081743641363,-0.1608133661404838,-0.6227918256358635
L0000.ANS,-50.0,-140.0,9.99987840004,2002/01/00,0,3.37,TOTAL,3.0774,0.19166,microSv/hr,ICRP Pub. 103 EFFECTIVE DOSE,-0.766044443118978,0.6427876096865394,-0.6427876096865395,-0.7660444431189779,-0.812515199995,1.4054595303809014,-50.00000_-140.00000,1.2730038577633804,2.571564938140832,-0.132455672617521,-0.5058350618591678
L0000.ANS,-50.0,-130.0,9.99987840004,2002/01/00,0,3.96,TOTAL,2.9304,0.18536,microSv/hr,ICRP Pub. 103 EFFECTIVE DOSE,-0.766044443118978,0.6427876096865394,-0.766044443118978,-0.6427876096865394,-0.812515199995,1.3687412018723015,-50.00000_-130.00000,1.2738767589076467,2.574683922346553,-0.0948644429646548,-0.3557160776534469
L0000.ANS,-50.0,-120.0,9.99987840004,2002/01/00,0,4.53,TOTAL,2.7894,0.17912,microSv/hr,ICRP Pub. 103 EFFECTIVE DOSE,-0.766044443118978,0.6427876096865394,-0.8660254037844387,-0.4999999999999998,-0.812515199995,1.3322076952161248,-50.00000_-120.00000,1.2750760293479826,2.578973506779949,-0.05713166586814222,-0.21042649322005103
L0000.ANS,-50.0,-110.0,9.99987840004,2002/01/00,0,5.14,TOTAL,2.6499,0.17219,microSv/hr,ICRP Pub. 103 EFFECTIVE DOSE,-0.766044443118978,0.6427876096865394,-0.9396926207859084,-0.3420201433256687,-0.812515199995,1.2946997699588145,-50.00000_-110.00000,1.2765652298589185,2.5843072865028813,-0.018134540099896013,-0.06559271349711882
L0000.ANS,-50.0,-100.0,9.99987840004,2002/01/00,0,5.8,TOTAL,2.5098,0.16444,microSv/hr,ICRP Pub. 103 EFFECTIVE DOSE,-0.766044443118978,0.6427876096865394,-0.984807753012208,-0.1736481776669303,-0.812515199995,1.2555590557973693,-50.00000_-100.00000,1.2782991118365015,2.590527443259588,0.022740056039132206,0.08072744325958814
L0000.ANS,-50.0,-90.0,9.99987840004,2002/01/00,0,6.54,TOTAL,2.3638,0.15569,microSv/hr,ICRP Pub. 103 EFFECTIVE DOSE,-0.766044443118978,0.6427876096865394,-1.0,6.123233995736766e-17,-0.812515199995,1.2130712873111955,-50.00000_-90.00000,1.2802249921542292,2.5974490323295454,0.06715370484303373,0.23364903232954548
L0000.ANS,-50.0,-80.0,9.99987840004,2002/01/00,0,6.76,TOTAL,2.3237,0.15239,microSv/hr,ICRP Pub. 103 EFFECTIVE DOSE,-0.766044443118978,0.6427876096865394,-0.984807753012208,0.17364817766693041,-0.812515199995,1.2010786202125998,-50.00000_-80.00000,1.28228435391319,2.6048651148739834,0.08120573370059025,0.2811651148739833
L0000.ANS,-50.0,-70.0,9.99987840004,2002/01/00,0,6.4,TOTAL,2.3911,0.15625,microSv/hr,ICRP Pub. 103 EFFECTIVE DOSE,-0.766044443118978,0.6427876096865394,-0.9396926207859083,0.3420201433256688,-0.812515199995,1.221154352534695,-50.00000_-70.00000,1.2844146244484256,2.612552638156668,0.06326027191373051,0.22145263815666816
L0000.ANS,-50.0,-60.0,9.99987840004,2002/01/00,0,5.76,TOTAL,2.5172,0.16453,microSv/hr,ICRP Pub. 103 EFFECTIVE DOSE,-0.766044443118978,0.6427876096865394,-0.8660254037844386,0.5000000000000001,-0.812515199995,1.25766521852271,-50.00000_-60.00000,1.286551076567691,2.620278934388552,0.028885858044981116,0.10307893438855231
L0000.ANS,-50.0,-50.0,9.99987840004,2002/01/00,0,4.98,TOTAL,2.6866,0.17313,microSv/hr,ICRP Pub. 103 EFFECTIVE DOSE,-0.766044443118978,0.6427876096865394,-0.766044443118978,0.6427876096865394,-0.812515199995,1.3047046240799363,-50.00000_-50.00000,1.28862879525444,2.6278086752146144,-0.016075828825496297,-0.05879132478538551
L0000.ANS,-50.0,-40.0,9.99987840004,2002/01/00,0,4.26,TOTAL,2.8549,0.18185,microSv/hr,ICRP Pub. 103 EFFECTIVE DOSE,-0.766044443118978,0.6427876096865394,-0.6427876096865393,0.766044443118978,-0.812515199995,1.3493450663416122,-50.00000_-40.00000,1.2905846500777516,2.634911085687864,-0.05876041626386064,-0.21998891431213607
L0000.ANS,-50.0,-30.0,9.99987840004,2002/01/00,0,3.65,TOTAL,3.006,0.18936,microSv/hr,ICRP Pub. 103 EFFECTIVE DOSE,-0.766044443118978,0.6427876096865394,-0.49999999999999994,0.8660254037844387,-0.812515199995,1.3877932372436264,-50.00000_-30.00000,1.29235921337853,2.641367192192723,-0.09543402386509636,-0.3646328078072769
L0000.ANS,-50.0,-20.0,9.99987840004,2002/01/00,0,3.16,TOTAL,3.1297,0.19346,microSv/hr,ICRP Pub. 103 EFFECTIVE DOSE,-0.766044443118978,0.6427876096865394,-0.3420201433256687,0.9396926207859084,-0.812515199995,1.4182047651094036,-50.00000_-20.00000,1.2938985659488533,2.646976856657498,-0.1243061991605503,-0.4827231433425023
L0000.ANS,-50.0,-10.0,9.99987840004,2002/01/00,0,2.75,TOTAL,3.2252,0.19664,microSv/hr,ICRP Pub. 103 EFFECTIVE DOSE,-0.766044443118978,0.6427876096865394,-0.17364817766693033,0.984807753012208,-0.812515199995,1.4410665969668701,-50.00000_-10.00000,1.2951559353398223,2.6515653378299957,-0.1459106616270478,-0.5736346621700044
L0000.ANS,-50.0,0.0,9.99987840004,2002/01/00,0,2.46,TOTAL,3.2915,0.19854,microSv/hr,ICRP Pub. 103 EFFECTIVE DOSE,-0.766044443118978,0.6427876096865394,0.0,1.0,-0.812515199995,1.4566363221761376,-50.00000_0.00000,1.2960931170187522,2.6549891220673603,-0.1605432051573854,-0.6365108779326398
L0000.ANS,-50.0,10.0,9.99987840004,2002/01/00,0,2.22,TOTAL,3.3399,0.19964,microSv/hr,ICRP Pub. 103 EFFECTIVE DOSE,-0.766044443118978,0.6427876096865394,0.17364817766693033,0.984807753012208,-0.812515199995,1.4678513063722003,-50.00000_10.00000,1.296681635194565,2.6571407826816817,-0.17116967117763537,-0.6827592173183183
L0000.ANS,-50.0,20.0,9.99987840004,2002/01/00,0,2.05,TOTAL,3.3689,0.2002,microSv/hr,ICRP Pub. 103 EFFECTIVE DOSE,-0.766044443118978,0.6427876096865394,0.3420201433256687,0.9396926207859084,-0.812515199995,1.4745112611745073,-50.00000_20.00000,1.2969036080402938,2.65795265873233,-0.17760765313421345,-0.7109473412676701
L0000.ANS,-50.0,30.0,9.99987840004,2002/01/00,0,1.9,TOTAL,3.391,0.20061,microSv/hr,ICRP Pub. 103 EFFECTIVE DOSE,-0.766044443118978,0.6427876096865394,0.49999999999999994,0.8660254037844387,-0.812515199995,1.4795569915795803,-50.00000_30.00000,1.2967522910233442,2.657399190123533,-0.1828047005562361,-0.7336008098764668
L0000.ANS,-50.0,40.0,9.99987840004,2002/01/00,0,1.71,TOTAL,3.4159,0.20094,microSv/hr,ICRP Pub. 103 EFFECTIVE DOSE,-0.766044443118978,0.6427876096865394,0.6427876096865393,0.766044443118978,-0.812515199995,1.4852116637908577,-50.00000_40.00000,1.2962322818347067,2.655497803350296,-0.18897938195615094,-0.7604021966497041
L0000.ANS,-50.0,50.0,9.99987840004,2002/01/00,0,1.51,TOTAL,3.4366,0.20115,microSv/hr,ICRP Pub. 103 EFFECTIVE DOSE,-0.766044443118978,0.6427876096865394,0.766044443118978,0.6427876096865394,-0.812515199995,1.4898883173299966,-50.00000_50.00000,1.2953593806904404,2.652308307394745,-0.19452893663955617,-0.784291692605255
L0000.ANS,-50.0,60.0,9.99987840004,2002/01/00,0,1.31,TOTAL,3.45,0.20123,microSv/hr,ICRP Pub. 103 EFFECTIVE DOSE,-0.766044443118978,0.6427876096865394,0.8660254037844386,0.5000000000000001,-0.812515199995,1.4929040961781488,-50.00000_60.00000,1.2941601102501046,2.647930827418522,-0.1987439859280442,-0.8020691725814784
L0000.ANS,-50.0,70.0,9.99987840004,2002/01/00,0,1.05,TOTAL,3.4599,0.20126,microSv/hr,ICRP Pub. 103 EFFECTIVE DOSE,-0.766044443118978,0.6427876096865394,0.9396926207859083,0.3420201433256688,-0.812515199995,1.4951263442559428,-50.00000_70.00000,1.2926709097391686,2.6425023700004835,-0.20245543451677417,-0.8173976299995167
L0000.ANS,-50.0,80.0,9.99987840004,2002/01/00,0,0.85,TOTAL,3.4624,0.20126,microSv/hr,ICRP Pub. 103 EFFECTIVE DOSE,-0.766044443118978,0.6427876096865394,0.984807753012208,0.17364817766693041,-0.812515199995,1.4956867378910874,-50.00000_80.00000,1.2909370277615857,2.636192172937205,-0.20474971012950172,-0.8262078270627953
L0000.ANS,-50.0,90.0,9.99987840004,2002/01/00,0,0.69,TOTAL,3.4628,0.20126,microSv/hr,ICRP Pub. 103 EFFECTIVE DOSE,-0.766044443118978,0.6427876096865394,1.0,6.123233995736766e-17,-0.812515199995,1.4957763717368877,-50.00000_90.00000,1.289011147443858,2.6291960410186466,-0.2067652242930298,-0.8336039589813535
L0000.ANS,-50.0,100.0,9.99987840004,2002/01/00,0,0.61,TOTAL,3.4629,0.20126,microSv/hr,ICRP Pub. 103 EFFECTIVE DOSE,-0.766044443118978,0.6427876096865394,0.984807753012208,-0.1736481776669303,-0.812515199995,1.495798778943046,-50.00000_100.00000,1.286951785684897,2.6217299038533226,-0.20884699325814893,-0.8411700961466773
L0000.ANS,-50.0,110.0,9.99987840004,2002/01/00,0,0.55,TOTAL,3.4629,0.20126,microSv/hr,ICRP Pub. 103 EFFECTIVE DOSE,-0.766044443118978,0.6427876096865394,0.9396926207859084,-0.3420201433256687,-0.812515199995,1.495798778943046,-50.00000_110.00000,1.2848215151496616,2.614022851320608,-0.21097726379338444,-0.8488771486793918
L0000.ANS,-50.0,120.0,9.99987840004,2002/01/00,0,0.53,TOTAL,3.4629,0.20126,microSv/hr,ICRP Pub. 103 EFFECTIVE DOSE,-0.766044443118978,0.6427876096865394,0.8660254037844387,-0.4999999999999998,-0.812515199995,1.495798778943046,-50.00000_120.00000,1.282685063030396,2.606309906643096,-0.21311371591264994,-0.8565900933569037
L0000.ANS,-50.0,130.0,9.99987840004,2002/01/00,0,0.58,TOTAL,3.4629,0.20126,microSv/hr,ICRP Pub. 103 EFFECTIVE DOSE,-0.766044443118978,0.6427876096865394,0.766044443118978,-0.6427876096865394,-0.812515199995,1.495798778943046,-50.00000_130.00000,1.2806073443436472,2.598824787838181,-0.21519143459939882,-0.8640752121618189
L0000.ANS,-50.0,140.0,9.99987840004,2002/01/00,0,0.66,TOTAL,3.4628,0.20126,microSv/hr,ICRP Pub. 103 EFFECTIVE DOSE,-0.766044443118978,0.6427876096865394,0.6427876096865395,-0.7660444431189779,-0.812515199995,1.4957763717368877,-50.00000_140.00000,1.2786514895203356,2.5917928879479266,-0.21712488221655213,-0.8710071120520735
L0000.ANS,-50.0,150.0,9.99987840004,2002/01/00,0,0.8,TOTAL,3.4626,0.20126,microSv/hr,ICRP Pub. 103 EFFECTIVE DOSE,-0.766044443118978,0.6427876096865394,0.49999999999999994,-0.8660254037844387,-0.812515199995,1.4957315558182658,-50.00000_150.00000,1.2768769262195572,2.585424676173595,-0.2188546295987086,-0.8771753238264051
L0000.ANS,-50.0,160.0,9.99987840004,2002/01/00,0,1.03,TOTAL,3.4604,0.20126,microSv/hr,ICRP Pub. 103 EFFECTIVE DOSE,-0.766044443118978,0.6427876096865394,0.3420201433256689,-0.9396926207859083,-0.812515199995,1.4952384481090697,-50.00000_160.00000,1.2753375736492338,2.5799096893262448,-0.21990087445983586,-0.8804903106737552
L0000.ANS,-50.0,170.0,9.99987840004,2002/01/00,0,1.28,TOTAL,3.4513,0.20123,microSv/hr,ICRP Pub. 103 EFFECTIVE DOSE,-0.766044443118978,0.6427876096865394,0.17364817766693028,-0.984807753012208,-0.812515199995,1.4931961883465383,-50.00000_170.00000,1.2740802042582648,2.575411249153604,-0.21911598408827349,-0.875888750846396
L0000.ANS,-45.0,-179.99999,9.99987840004,2002/01/00,0,2.64,TOTAL,3.2511,0.19773,microSv/hr,ICRP Pub. 103 EFFECTIVE DOSE,-0.7071067811865475,0.7071067811865476,-1.745329251238221e-07,-0.9999999999999848,-0.812515199995,1.447177772976706,-45.00000_-179.99999,1.2260853947090824,2.4078629525644297,-0.2210923782676235,-0.8432370474355704
L0000.ANS,-45.0,-170.0,9.99987840004,2002/01/00,0,3.07,TOTAL,3.1514,0.19421,microSv/hr,ICRP Pub. 103 EFFECTIVE DOSE,-0.7071067811865475,0.7071067811865476,-0.17364817766693028,-0.984807753012208,-0.812515199995,1.4234456267506834,-45.00000_-170.00000,1.225496877300006,2.405857955934679,-0.19794874945067753,-0.7455420440653211
L0000.ANS,-45.0,-160.0,9.99987840004,2002/01/00,0,3.59,TOTAL,3.022,0.18957,microSv/hr,ICRP Pub. 103 EFFECTIVE DOSE,-0.7071067811865475,0.7071067811865476,-0.3420201433256689,-0.9396926207859083,-0.812515199995,1.3917792913504603,-45.00000_-160.00000,1.2252749044542774,2.405102031852467,-0.16650438689618285,-0.6168979681475326
L0000.ANS,-45.0,-150.0,9.99987840004,2002/01/00,0,4.15,TOTAL,2.8832,0.18391,microSv/hr,ICRP Pub. 103 EFFECTIVE DOSE,-0.7071067811865475,0.7071067811865476,-0.49999999999999994,-0.8660254037844387,-0.812515199995,1.3566595559902,-45.00000_-150.00000,1.2254262214712268,2.405617320719339,-0.13123333451897312,-0.477582679280661
L0000.ANS,-45.0,-140.0,9.99987840004,2002/01/00,0,4.57,TOTAL,2.7811,0.179,microSv/hr,ICRP Pub. 103 EFFECTIVE DOSE,-0.7071067811865475,0.7071067811865476,-0.6427876096865395,-0.7660444431189779,-0.812515199995,1.3300149725886745,-45.00000_-140.00000,1.2259462306598643,2.4073887335546544,-0.10406874192881022,-0.37371126644534547
L0000.ANS,-45.0,-130.0,9.99987840004,2002/01/00,0,5.17,TOTAL,2.641,0.17212,microSv/hr,ICRP Pub. 103 EFFECTIVE DOSE,-0.7071067811865475,0.7071067811865476,-0.766044443118978,-0.6427876096865394,-0.812515199995,1.2922583691932963,-45.00000_-130.00000,1.2268191318041306,2.4103643455977726,-0.06543923738916568,-0.23063565440222744
L0000.ANS,-45.0,-120.0,9.99987840004,2002/01/00,0,6.02,TOTAL,2.466,0.1609,microSv/hr,ICRP Pub. 103 EFFECTIVE DOSE,-0.7071067811865475,0.7071067811865476,-0.8660254037844387,-0.4999999999999998,-0.812515199995,1.2430011912934145,-45.00000_-120.00000,1.2280184022444665,2.4144567482064714,-0.014982789048948009,-0.05154325179352881
L0000.ANS,-45.0,-110.0,9.99987840004,2002/01/00,0,7.31,TOTAL,2.2254,0.14634,microSv/hr,ICRP Pub. 103 EFFECTIVE DOSE,-0.7071067811865475,0.7071067811865476,-0.9396926207859084,-0.3420201433256687,-0.812515199995,1.1710569735642782,-45.00000_-110.00000,1.2295076027554024,2.4195453469719865,0.058450629191124204,0.1941453469719865
L0000.ANS,-45.0,-100.0,9.99987840004,2002/01/00,0,8.06,TOTAL,2.1045,0.1374,microSv/hr,ICRP Pub. 103 EFFECTIVE DOSE,-0.7071067811865475,0.7071067811865476,-0.984807753012208,-0.1736481776669303,-0.812515199995,1.1328526718228105,-45.00000_-100.00000,1.2312414847329853,2.4254795781621885,0.09838881291017487,0.3209795781621887
L0000.ANS,-45.0,-90.0,9.99987840004,2002/01/00,0,8.44,TOTAL,2.0456,0.13541,microSv/hr,ICRP Pub. 103 EFFECTIVE DOSE,-0.7071067811865475,0.7071067811865476,-1.0,6.123233995736766e-17,-0.812515199995,1.1136979260861506,-45.00000_-90.00000,1.2331673650507131,2.432082998518181,0.11946943896456252,0.386482998518181
L0000.ANS,-45.0,-80.0,9.99987840004,2002/01/00,0,8.22,TOTAL,2.0797,0.13642,microSv/hr,ICRP Pub. 103 EFFECTIVE DOSE,-0.7071067811865475,0.7071067811865476,-0.984807753012208,0.17364817766693041,-0.812515199995,1.1248321896441396,-45.00000_-80.00000,1.235226726809674,2.4391581816792582,0.11039453716553438,0.35945818167925836
L0000.ANS,-45.0,-70.0,9.99987840004,2002/01/00,0,7.69,TOTAL,2.1624,0.14168,microSv/hr,ICRP Pub. 103 EFFECTIVE DOSE,-0.7071067811865475,0.7071067811865476,-0.9396926207859083,0.3420201433256688,-0.812515199995,1.1513312330003387,-45.00000_-70.00000,1.2373569973449094,2.4464923281041573,0.08602576434457077,0.2840923281041574
L0000.ANS,-45.0,-60.0,9.99987840004,2002/01/00,0,7.07,TOTAL,2.2675,0.14796,microSv/hr,ICRP Pub. 103 EFFECTIVE DOSE,-0.7071067811865475,0.7071067811865476,-0.8660254037844386,0.5000000000000001,-0.812515199995,1.18402516651624,-45.00000_-60.00000,1.239493449464175,2.453863465179529,0.05546828294793493,0.18636346517952873
L0000.ANS,-45.0,-50.0,9.99987840004,2002/01/00,0,6.37,TOTAL,2.3974,0.15647,microSv/hr,ICRP Pub. 103 EFFECTIVE DOSE,-0.7071067811865475,0.7071067811865476,-0.766044443118978,0.6427876096865394,-0.812515199995,1.2230104332030738,-45.00000_-50.00000,1.2415711681509238,2.4610470820258366,0.018560734947850044,0.06364708202583635
L0000.ANS,-45.0,-40.0,9.99987840004,2002/01/00,0,5.4,TOTAL,2.5923,0.168,microSv/hr,ICRP Pub. 103 EFFECTIVE DOSE,-0.7071067811865475,0.7071067811865476,-0.6427876096865393,0.766044443118978,-0.812515199995,1.278792665883399,-45.00000_-40.00000,1.2435270229742355,2.467823011862417,-0.035265642909163564,-0.1244769881375829
L0000.ANS,-45.0,-30.0,9.99987840004,2002/01/00,0,4.45,TOTAL,2.8085,0.17959,microSv/hr,ICRP Pub. 103 EFFECTIVE DOSE,-0.7071067811865475,0.7071067811865476,-0.49999999999999994,0.8660254037844387,-0.812515199995,1.3372354108307059,-45.00000_-30.00000,1.2453015862750139,2.4739823467613467,-0.09193382455569199,-0.33451765323865335
L0000.ANS,-45.0,-20.0,9.99987840004,2002/01/00,0,3.86,TOTAL,2.9556,0.18636,microSv/hr,ICRP Pub. 103 EFFECTIVE DOSE,-0.7071067811865475,0.7071067811865476,-0.3420201433256687,0.9396926207859084,-0.812515199995,1.3751322964136987,-45.00000_-20.00000,1.2468409388453372,2.4793341485141784,-0.12829135756836152,-0.47626585148582157
L0000.ANS,-45.0,-10.0,9.99987840004,2002/01/00,0,3.34,TOTAL,3.0845,0.1921,microSv/hr,ICRP Pub. 103 EFFECTIVE DOSE,-0.7071067811865475,0.7071067811865476,-0.17364817766693033,0.984807753012208,-0.812515199995,1.407199321799787,-45.00000_-10.00000,1.2480983082363062,2.4837117083015796,-0.15910101356348072,-0.6007882916984202
L0000.ANS,-45.0,0.0,9.99987840004,2002/01/00,0,3.08,TOTAL,3.1481,0.19408,microSv/hr,ICRP Pub. 103 EFFECTIVE DOSE,-0.7071067811865475,0.7071067811865476,0.0,1.0,-0.812515199995,1.422650398080545,-45.00000_0.00000,1.2490354899152358,2.4869781094558556,-0.1736149081653091,-0.6611218905441443
L0000.ANS,-45.0,10.0,9.99987840004,2002/01/00,0,2.82,TOTAL,3.2098,0.19615,microSv/hr,ICRP Pub. 103 EFFECTIVE DOSE,-0.7071067811865475,0.7071067811865476,0.17364817766693033,0.984807753012208,-0.812515199995,1.437415140627605,-45.00000_10.00000,1.2496240080910488,2.4890308634341975,-0.18779113253655622,-0.7207691365658024
L0000.ANS,-45.0,20.0,9.99987840004,2002/01/00,0,2.7,TOTAL,3.2377,0.19718,microSv/hr,ICRP Pub. 103 EFFECTIVE DOSE,-0.7071067811865475,0.7071067811865476,0.3420201433256687,0.9396926207859084,-0.812515199995,1.444020669232913,-45.00000_20.00000,1.2498459809367775,2.4898054195058164,-0.1941746882961355,-0.7478945804941834
L0000.ANS,-45.0,30.0,9.99987840004,2002/01/00,0,2.5,TOTAL,3.2818,0.19822,microSv/hr,ICRP Pub. 103 EFFECTIVE DOSE,-0.7071067811865475,0.7071067811865476,0.49999999999999994,0.8660254037844387,-0.812515199995,1.454373481930485,-45.00000_30.00000,1.249694663919828,2.4892773925107456,-0.2046788180106569,-0.7925226074892544
L0000.ANS,-45.0,40.0,9.99987840004,2002/01/00,0,2.41,TOTAL,3.3023,0.19897,microSv/hr,ICRP Pub. 103 EFFECTIVE DOSE,-0.7071067811865475,0.7071067811865476,0.6427876096865393,0.766044443118978,-0.812515199995,1.4591497634211392,-45.00000_40.00000,1.2491746547311906,2.487463407890147,-0.20997510868994862,-0.8148365921098528
L0000.ANS,-45.0,50.0,9.99987840004,2002/01/00,0,2.26,TOTAL,3.3318,0.19942,microSv/hr,ICRP Pub. 103 EFFECTIVE DOSE,-0.7071067811865475,0.7071067811865476,0.766044443118978,0.6427876096865394,-0.812515199995,1.4659831600212587,-45.00000_50.00000,1.2483017535869243,2.484420525351849,-0.21768140643433442,-0.8473794746481507
L0000.ANS,-45.0,60.0,9.99987840004,2002/01/00,0,1.94,TOTAL,3.3862,0.20058,microSv/hr,ICRP Pub. 103 EFFECTIVE DOSE,-0.7071067811865475,0.7071067811865476,0.8660254037844386,0.5000000000000001,-0.812515199995,1.4784632485912677,-45.00000_60.00000,1.2471024831465884,2.480244267545906,-0.2313607654446792,-0.9059557324540939
L0000.ANS,-45.0,70.0,9.99987840004,2002/01/00,0,1.72,TOTAL,3.4145,0.20093,microSv/hr,ICRP Pub. 103 EFFECTIVE DOSE,-0.7071067811865475,0.7071067811865476,0.9396926207859083,0.3420201433256688,-0.812515199995,1.4848945773595001,-45.00000_70.00000,1.2456132826356525,2.4750653431900096,-0.23928129472384763,-0.9394346568099903
L0000.ANS,-45.0,80.0,9.99987840004,2002/01/00,0,1.45,TOTAL,3.4409,0.20118,microSv/hr,ICRP Pub. 103 EFFECTIVE DOSE,-0.7071067811865475,0.7071067811865476,0.984807753012208,0.17364817766693041,-0.812515199995,1.490857058605419,-45.00000_80.00000,1.2438794006580696,2.4690452106284217,-0.2469776579473495,-0.9718547893715783
L0000.ANS,-45.0,90.0,9.99987840004,2002/01/00,0,1.27,TOTAL,3.4517,0.20123,microSv/hr,ICRP Pub. 103 EFFECTIVE DOSE,-0.7071067811865475,0.7071067811865476,1.0,6.123233995736766e-17,-0.812515199995,1.4932860456980535,-45.00000_90.00000,1.2419535203403418,2.4623706739783433,-0.25133252535771167,-0.9893293260216569
L0000.ANS,-45.0,100.0,9.99987840004,2002/01/00,0,1.2,TOTAL,3.4552,0.20125,microSv/hr,ICRP Pub. 103 EFFECTIVE DOSE,-0.7071067811865475,0.7071067811865476,0.984807753012208,-0.1736481776669303,-0.812515199995,1.4940719532933218,-45.00000_100.00000,1.239894158581381,2.4552477370862755,-0.2541777947119408,-0.9999522629137245
L0000.ANS,-45.0,110.0,9.99987840004,2002/01/00,0,1.12,TOTAL,3.4583,0.20125,microSv/hr,ICRP Pub. 103 EFFECTIVE DOSE,-0.7071067811865475,0.7071067811865476,0.9396926207859084,-0.3420201433256687,-0.812515199995,1.4947675274504963,-45.00000_110.00000,1.2377638880461455,2.4478949591237518,-0.2570036394043509,-1.0104050408762482
L0000.ANS,-45.0,120.0,9.99987840004,2002/01/00,0,1.11,TOTAL,3.4585,0.20126,microSv/hr,ICRP Pub. 103 EFFECTIVE DOSE,-0.7071067811865475,0.7071067811865476,0.8660254037844387,-0.4999999999999998,-0.812515199995,1.4948123865927971,-45.00000_120.00000,1.23562743592688,2.4405365598640802,-0.2591849506659172,-1.0179634401359197
L0000.ANS,-45.0,130.0,9.99987840004,2002/01/00,0,1.22,TOTAL,3.4546,0.20125,microSv/hr,ICRP Pub. 103 EFFECTIVE DOSE,-0.7071067811865475,0.7071067811865476,0.766044443118978,-0.6427876096865394,-0.812515199995,1.4939372701352471,-45.00000_130.00000,1.233549717240131,2.433395513872498,-0.26038755289511606,-1.0212044861275023
L0000.ANS,-45.0,140.0,9.99987840004,2002/01/00,0,1.32,TOTAL,3.4492,0.20122,microSv/hr,ICRP Pub. 103 EFFECTIVE DOSE,-0.7071067811865475,0.7071067811865476,0.6427876096865395,-0.7660444431189779,-0.812515199995,1.492724304735737,-45.00000_140.00000,1.2315938624168195,2.426686853417899,-0.2611304423189176,-1.0225131465821007
L0000.ANS,-45.0,150.0,9.99987840004,2002/01/00,0,1.51,TOTAL,3.4361,0.20114,microSv/hr,ICRP Pub. 103 EFFECTIVE DOSE,-0.7071067811865475,0.7071067811865476,0.49999999999999994,-0.8660254037844387,-0.812515199995,1.4897756120654144,-45.00000_150.00000,1.229819299116041,2.4206113729412535,-0.2599563129493734,-1.0154886270587467
L0000.ANS,-45.0,160.0,9.99987840004,2002/01/00,0,1.82,TOTAL,3.4028,0.20078,microSv/hr,ICRP Pub. 103 EFFECTIVE DOSE,-0.7071067811865475,0.7071067811865476,0.3420201433256689,-0.9396926207859083,-0.812515199995,1.4822407021670996,-45.00000_160.00000,1.2282799465457177,2.4153498967046922,-0.2539607556213819,-0.9874501032953078
L0000.ANS,-45.0,170.0,9.99987840004,2002/01/00,0,2.17,TOTAL,3.3486,0.19996,microSv/hr,ICRP Pub. 103 EFFECTIVE DOSE,-0.7071067811865475,0.7071067811865476,0.17364817766693028,-0.984807753012208,-0.812515199995,1.4698539542188214,-45.00000_170.00000,1.2270225771547487,2.411058238950093,-0.24283137706407265,-0.9375417610499066
L0000.ANS,-40.0,-179.99999,9.99987840004,2002/01/00,0,4.06,TOTAL,2.9054,0.18478,microSv/hr,ICRP Pub. 103 EFFECTIVE DOSE,-0.6427876096865393,0.766044443118978,-1.745329251238221e-07,-0.9999999999999848,-0.812515199995,1.3623602108242596,-40.00000_-179.99999,1.1826975468064294,2.2631648809297022,-0.17966266401783026,-0.642235119070298
L0000.ANS,-40.0,-170.0,9.99987840004,2002/01/00,0,4.59,TOTAL,2.7769,0.17896,microSv/hr,ICRP Pub. 103 EFFECTIVE DOSE,-0.6427876096865393,0.766044443118978,-0.17364817766693028,-0.984807753012208,-0.812515199995,1.3289035673406386,-40.00000_-170.00000,1.1821090293973529,2.261245016580797,-0.14679453794328579,-0.515654983419203
L0000.ANS,-40.0,-160.0,9.99987840004,2002/01/00,0,4.84,TOTAL,2.7179,0.17478,microSv/hr,ICRP Pub. 103 EFFECTIVE DOSE,-0.6427876096865393,0.766044443118978,-0.3420201433256689,-0.9396926207859083,-0.812515199995,1.3131589927568013,-40.00000_-160.00000,1.1818870565516242,2.260521189081845,-0.13127193620517708,-0.45737881091815513
L0000.ANS,-40.0,-150.0,9.99987840004,2002/01/00,0,5.44,TOTAL,2.5841,0.16739,microSv/hr,ICRP Pub. 103 EFFECTIVE DOSE,-0.6427876096865393,0.766044443118978,-0.49999999999999994,-0.8660254037844387,-0.812515199995,1.2765073965091507,-40.00000_-150.00000,1.1820383735685736,2.261014598751575,-0.09446902294057713,-0.323085401248425
L0000.ANS,-40.0,-140.0,9.99987840004,2002/01/00,0,6.1,TOTAL,2.4498,0.15953,microSv/hr,ICRP Pub. 103 EFFECTIVE DOSE,-0.6427876096865393,0.766044443118978,-0.6427876096865395,-0.7660444431189779,-0.812515199995,1.2383162583483915,-40.00000_-140.00000,1.182558382757211,2.262710797288397,-0.055757875591180506,-0.18708920271160334
L0000.ANS,-40.0,-130.0,9.99987840004,2002/01/00,0,7.25,TOTAL,2.2367,0.14663,microSv/hr,ICRP Pub. 103 EFFECTIVE DOSE,-0.6427876096865393,0.766044443118978,-0.766044443118978,-0.6427876096865394,-0.812515199995,1.174554292243267,-40.00000_-130.00000,1.1834312839014776,2.2655600646602174,0.008876991658210542,0.02886006466021751
L0000.ANS,-40.0,-120.0,9.99987840004,2002/01/00,0,8.09,TOTAL,2.0994,0.13716,microSv/hr,ICRP Pub. 103 EFFECTIVE DOSE,-0.6427876096865393,0.766044443118978,-0.8660254037844387,-0.4999999999999998,-0.812515199995,1.1312085443710975,-40.00000_-120.00000,1.1846305543418132,2.269478703601164,0.05342200997071567,0.17007870360116373
L0000.ANS,-40.0,-110.0,9.99987840004,2002/01/00,0,9.13,TOTAL,1.9343,0.12612,microSv/hr,ICRP Pub. 103 EFFECTIVE DOSE,-0.6427876096865393,0.766044443118978,-0.9396926207859084,-0.3420201433256687,-0.812515199995,1.07646892398242,-40.00000_-110.00000,1.1861197548527491,2.274351240148526,0.10965083087032923,0.3400512401485263
L0000.ANS,-40.0,-100.0,9.99987840004,2002/01/00,0,9.68,TOTAL,1.8476,0.11989,microSv/hr,ICRP Pub. 103 EFFECTIVE DOSE,-0.6427876096865393,0.766044443118978,-0.984807753012208,-0.1736481776669303,-0.812515199995,1.046476534247581,-40.00000_-100.00000,1.187853636830332,2.280033503515547,0.14137710258275105,0.4324335035155471
L0000.ANS,-40.0,-90.0,9.99987840004,2002/01/00,0,9.46,TOTAL,1.88,0.12345,microSv/hr,ICRP Pub. 103 EFFECTIVE DOSE,-0.6427876096865393,0.766044443118978,-1.0,6.123233995736766e-17,-0.812515199995,1.0577902941478545,-40.00000_-90.00000,1.18977951714806,2.286356542235011,0.13198922300020555,0.4063565422350113
L0000.ANS,-40.0,-80.0,9.99987840004,2002/01/00,0,9.13,TOTAL,1.9345,0.12613,microSv/hr,ICRP Pub. 103 EFFECTIVE DOSE,-0.6427876096865393,0.766044443118978,-0.984807753012208,0.17364817766693041,-0.812515199995,1.0765370810162522,-40.00000_-80.00000,1.1918388789070207,2.293131312681692,0.11530179789076844,0.3586313126816918
L0000.ANS,-40.0,-70.0,9.99987840004,2002/01/00,0,8.56,TOTAL,2.0277,0.13342,microSv/hr,ICRP Pub. 103 EFFECTIVE DOSE,-0.6427876096865393,0.766044443118978,-0.9396926207859083,0.3420201433256688,-0.812515199995,1.1078032553696948,-40.00000_-70.00000,1.1939691494422562,2.300154050796004,0.08616589407256137,0.27245405079600404
L0000.ANS,-40.0,-60.0,9.99987840004,2002/01/00,0,7.77,TOTAL,2.1501,0.14055,microSv/hr,ICRP Pub. 103 EFFECTIVE DOSE,-0.6427876096865393,0.766044443118978,-0.8660254037844386,0.5000000000000001,-0.812515199995,1.147434198365393,-40.00000_-60.00000,1.1961056015615217,2.307212208935483,0.048671403196128615,0.15711220893548283
L0000.ANS,-40.0,-50.0,9.99987840004,2002/01/00,0,6.82,TOTAL,2.3116,0.15122,microSv/hr,ICRP Pub. 103 EFFECTIVE DOSE,-0.6427876096865393,0.766044443118978,-0.766044443118978,0.6427876096865394,-0.812515199995,1.1974314562825137,-40.00000_-50.00000,1.1981833202482708,2.3140908089664167,0.0007518639657571047,0.0024908089664168465
L0000.ANS,-40.0,-40.0,9.99987840004,2002/01/00,0,6.21,TOTAL,2.4288,0.15804,microSv/hr,ICRP Pub. 103 EFFECTIVE DOSE,-0.6427876096865393,0.766044443118978,-0.6427876096865393,0.766044443118978,-0.812515199995,1.2322103457371756,-40.00000_-40.00000,1.2001391750715822,2.3205790324032574,-0.032071170665593396,-0.10822096759674249
L0000.ANS,-40.0,-30.0,9.99987840004,2002/01/00,0,5.51,TOTAL,2.5706,0.16652,microSv/hr,ICRP Pub. 103 EFFECTIVE DOSE,-0.6427876096865393,0.766044443118978,-0.49999999999999994,0.8660254037844387,-0.812515199995,1.2727336488967245,-40.00000_-30.00000,1.2019137383723606,2.326476841561618,-0.07081991052436387,-0.24412315843838206
L0000.ANS,-40.0,-20.0,9.99987840004,2002/01/00,0,4.69,TOTAL,2.7532,0.17736,microSv/hr,ICRP Pub. 103 EFFECTIVE DOSE,-0.6427876096865393,0.766044443118978,-0.3420201433256687,0.9396926207859084,-0.812515199995,1.3226088094337576,-40.00000_-20.00000,1.203453090942684,2.3316014054811847,-0.11915571849107365,-0.42159859451881543
L0000.ANS,-40.0,-10.0,9.99987840004,2002/01/00,0,4.12,TOTAL,2.8906,0.18455,microSv/hr,ICRP Pub. 103 EFFECTIVE DOSE,-0.6427876096865393,0.766044443118978,-0.17364817766693033,0.984807753012208,-0.812515199995,1.3585633873815797,-40.00000_-10.00000,1.2047104603336531,2.3357930938094,-0.15385292704792652,-0.5548069061906
L0000.ANS,-40.0,0.0,9.99987840004,2002/01/00,0,3.75,TOTAL,2.9819,0.18788,microSv/hr,ICRP Pub. 103 EFFECTIVE DOSE,-0.6427876096865393,0.766044443118978,0.0,1.0,-0.812515199995,1.3817590923181293,-40.00000_0.00000,1.2056476420125828,2.338920803368741,-0.17611145030554654,-0.6429791966312588
L0000.ANS,-40.0,10.0,9.99987840004,2002/01/00,0,3.5,TOTAL,3.0456,0.19018,microSv/hr,ICRP Pub. 103 EFFECTIVE DOSE,-0.6427876096865393,0.766044443118978,0.17364817766693033,0.984807753012208,-0.812515199995,1.397629870783636,-40.00000_10.00000,1.2062361601883957,2.3408863972862646,-0.19139371059524035,-0.7047136027137353
L0000.ANS,-40.0,20.0,9.99987840004,2002/01/00,0,3.46,TOTAL,3.0541,0.1905,microSv/hr,ICRP Pub. 103 EFFECTIVE DOSE,-0.6427876096865393,0.766044443118978,0.3420201433256687,0.9396926207859084,-0.812515199995,1.399728714721143,-40.00000_20.00000,1.2064581330341244,2.341628065659201,-0.1932705816870186,-0.7124719343407993
L0000.ANS,-40.0,30.0,9.99987840004,2002/01/00,0,3.44,TOTAL,3.0606,0.19078,microSv/hr,ICRP Pub. 103 EFFECTIVE DOSE,-0.6427876096865393,0.766044443118978,0.49999999999999994,0.8660254037844387,-0.812515199995,1.4013307459460038,-40.00000_30.00000,1.206306816017175,2.341122458722982,-0.19502392992882878,-0.7194775412770178
L0000.ANS,-40.0,40.0,9.99987840004,2002/01/00,0,3.32,TOTAL,3.0903,0.19249,microSv/hr,ICRP Pub. 103 EFFECTIVE DOSE,-0.6427876096865393,0.766044443118978,0.6427876096865393,0.766044443118978,-0.812515199995,1.4086183169980093,-40.00000_40.00000,1.2057868068285376,2.339385496001512,-0.20283151016947176,-0.7509145039984881
L0000.ANS,-40.0,50.0,9.99987840004,2002/01/00,0,3.14,TOTAL,3.134,0.19358,microSv/hr,ICRP Pub. 103 EFFECTIVE DOSE,-0.6427876096865393,0.766044443118978,0.766044443118978,0.6427876096865394,-0.812515199995,1.4192454612595764,-40.00000_50.00000,1.204913905684271,2.3364718144438963,-0.21433155557530537,-0.7975281855561036
L0000.ANS,-40.0,60.0,9.99987840004,2002/01/00,0,2.9,TOTAL,3.1906,0.19581,microSv/hr,ICRP Pub. 103 EFFECTIVE DOSE,-0.6427876096865393,0.766044443118978,0.8660254037844386,0.5000000000000001,-0.812515199995,1.4328439217728706,-40.00000_60.00000,1.2037146352439354,2.332472880802564,-0.22912928652893516,-0.858127119197436
L0000.ANS,-40.0,70.0,9.99987840004,2002/01/00,0,2.63,TOTAL,3.2534,0.19774,microSv/hr,ICRP Pub. 103 EFFECTIVE DOSE,-0.6427876096865393,0.766044443118978,0.9396926207859083,0.3420201433256688,-0.812515199995,1.44771866310689,-40.00000_70.00000,1.2022254347329995,2.327513853894972,-0.24549322837389043,-0.9258861461050283
L0000.ANS,-40.0,80.0,9.99987840004,2002/01/00,0,2.4,TOTAL,3.304,0.19905,microSv/hr,ICRP Pub. 103 EFFECTIVE DOSE,-0.6427876096865393,0.766044443118978,0.984807753012208,0.17364817766693041,-0.812515199995,1.4595448228594832,-40.00000_80.00000,1.2004915527554165,2.3217493365341046,-0.25905327010406665,-0.9822506634658952
L0000.ANS,-40.0,90.0,9.99987840004,2002/01/00,0,2.15,TOTAL,3.3513,0.20001,microSv/hr,ICRP Pub. 103 EFFECTIVE DOSE,-0.6427876096865393,0.766044443118978,1.0,6.123233995736766e-17,-0.812515199995,1.4704746510283673,-40.00000_90.00000,1.1985656724376885,2.3153582011227973,-0.27190897859067875,-1.0359417988772028
L0000.ANS,-40.0,100.0,9.99987840004,2002/01/00,0,2.06,TOTAL,3.3663,0.20015,microSv/hr,ICRP Pub. 103 EFFECTIVE DOSE,-0.6427876096865393,0.766044443118978,0.984807753012208,-0.1736481776669303,-0.812515199995,1.4739159685477143,-40.00000_100.00000,1.196506310678728,2.308537704571496,-0.2774096578689864,-1.0577622954285038
L0000.ANS,-40.0,110.0,9.99987840004,2002/01/00,0,2.05,TOTAL,3.3682,0.20018,microSv/hr,ICRP Pub. 103 EFFECTIVE DOSE,-0.6427876096865393,0.766044443118978,0.9396926207859084,-0.3420201433256687,-0.812515199995,1.4743510249401737,-40.00000_110.00000,1.1943760401434924,2.3014971260157986,-0.27997498479668126,-1.0667028739842013
L0000.ANS,-40.0,120.0,9.99987840004,2002/01/00,0,2.08,TOTAL,3.363,0.2001,microSv/hr,ICRP Pub. 103 EFFECTIVE DOSE,-0.6427876096865393,0.766044443118978,0.8660254037844387,-0.4999999999999998,-0.812515199995,1.4731598941414725,-40.00000_120.00000,1.192239588024227,2.2944511648435775,-0.2809203061172456,-1.0685488351564225
L0000.ANS,-40.0,130.0,9.99987840004,2002/01/00,0,2.2,TOTAL,3.3424,0.19973,microSv/hr,ICRP Pub. 103 EFFECTIVE DOSE,-0.6427876096865393,0.766044443118978,0.766044443118978,-0.6427876096865394,-0.812515199995,1.468427190658413,-40.00000_130.00000,1.1901618693374778,2.2876133281062456,-0.2782653213209352,-1.0547866718937544
L0000.ANS,-40.0,140.0,9.99987840004,2002/01/00,0,2.36,TOTAL,3.3118,0.19912,microSv/hr,ICRP Pub. 103 EFFECTIVE DOSE,-0.6427876096865393,0.766044443118978,0.6427876096865395,-0.7660444431189779,-0.812515199995,1.4613554503417696,-40.00000_140.00000,1.1882060145141664,2.2811895177892687,-0.2731494358276032,-1.0306104822107311
L0000.ANS,-40.0,150.0,9.99987840004,2002/01/00,0,2.63,TOTAL,3.2525,0.19773,microSv/hr,ICRP Pub. 103 EFFECTIVE DOSE,-0.6427876096865393,0.766044443118978,0.49999999999999994,-0.8660254037844387,-0.812515199995,1.4475070452878798,-40.00000_150.00000,1.186431451213388,2.275372002589238,-0.26107559407449177,-0.9771279974107618
L0000.ANS,-40.0,160.0,9.99987840004,2002/01/00,0,3.0,TOTAL,3.1677,0.19504,microSv/hr,ICRP Pub. 103 EFFECTIVE DOSE,-0.6427876096865393,0.766044443118978,0.3420201433256689,-0.9396926207859083,-0.812515199995,1.427364324893229,-40.00000_160.00000,1.1848920986430647,2.270333928958938,-0.2424722262501644,-0.8973660710410618
L0000.ANS,-40.0,170.0,9.99987840004,2002/01/00,0,3.45,TOTAL,3.058,0.19066,microSv/hr,ICRP Pub. 103 EFFECTIVE DOSE,-0.6427876096865393,0.766044443118978,0.17364817766693028,-0.984807753012208,-0.812515199995,1.4006902414036229,-40.00000_170.00000,1.1836347292520955,2.266224495257902,-0.2170555121515274,-0.7917755047420978
L0000.ANS,-35.0,-179.99999,9.99987840004,2002/01/00,0,5.5,TOTAL,2.5711,0.16655,microSv/hr,ICRP Pub. 103 EFFECTIVE DOSE,-0.573576436351046,0.8191520442889918,-1.745329251238221e-07,-0.9999999999999848,-0.812515199995,1.272873671580628,-35.00000_-179.99999,1.1433096858254772,2.137134130374789,-0.1295639857551507,-0.4339658696252111
L0000.ANS,-35.0,-170.0,9.99987840004,2002/01/00,0,6.09,TOTAL,2.4527,0.15975,microSv/hr,ICRP Pub. 103 EFFECTIVE DOSE,-0.573576436351046,0.8191520442889918,-0.17364817766693028,-0.984807753012208,-0.812515199995,1.239156533660418,-35.00000_-170.00000,1.1427211684164007,2.135288415495397,-0.0964353652440173,-0.3174115845046033
L0000.ANS,-35.0,-160.0,9.99987840004,2002/01/00,0,6.79,TOTAL,2.3174,0.15177,microSv/hr,ICRP Pub. 103 EFFECTIVE DOSE,-0.573576436351046,0.8191520442889918,-0.3420201433256689,-0.9396926207859083,-0.812515199995,1.1991813435898053,-35.00000_-160.00000,1.142499195570672,2.1345925438387923,-0.056682148019133294,-0.18280745616120786
L0000.ANS,-35.0,-150.0,9.99987840004,2002/01/00,0,7.8,TOTAL,2.1458,0.14018,microSv/hr,ICRP Pub. 103 EFFECTIVE DOSE,-0.573576436351046,0.8191520442889918,-0.49999999999999994,-0.8660254037844387,-0.812515199995,1.146068229824405,-35.00000_-150.00000,1.1426505125876214,2.1350668969198194,-0.003417717236783524,-0.010733103080180495
L0000.ANS,-35.0,-140.0,9.99987840004,2002/01/00,0,8.57,TOTAL,2.0273,0.13337,microSv/hr,ICRP Pub. 103 EFFECTIVE DOSE,-0.573576436351046,0.8191520442889918,-0.6427876096865395,-0.7660444431189779,-0.812515199995,1.1076711331564557,-35.00000_-140.00000,1.143170521776259,2.136697584462718,0.035499388619803396,0.10939758446271819
L0000.ANS,-35.0,-130.0,9.99987840004,2002/01/00,0,8.49,TOTAL,2.0383,0.13469,microSv/hr,ICRP Pub. 103 EFFECTIVE DOSE,-0.573576436351046,0.8191520442889918,-0.766044443118978,-0.6427876096865394,-0.812515199995,1.1112981484752922,-35.00000_-130.00000,1.1440434229205252,2.1394368067346097,0.03274527444523301,0.10113680673460967
L0000.ANS,-35.0,-120.0,9.99987840004,2002/01/00,0,9.83,TOTAL,1.8245,0.1179,microSv/hr,ICRP Pub. 103 EFFECTIVE DOSE,-0.573576436351046,0.8191520442889918,-0.8660254037844387,-0.4999999999999998,-0.812515199995,1.0383313577831799,-35.00000_-120.00000,1.1452426933608613,2.1432040990458585,0.1069113355776814,0.3187040990458585
L0000.ANS,-35.0,-110.0,9.99987840004,2002/01/00,0,10.65,TOTAL,1.7144,0.11078,microSv/hr,ICRP Pub. 103 EFFECTIVE DOSE,-0.573576436351046,0.8191520442889918,-0.9396926207859084,-0.3420201433256687,-0.812515199995,0.9985709344878833,-35.00000_-110.00000,1.146731893871797,2.1478884472973236,0.14816095938391372,0.4334884472973237
L0000.ANS,-35.0,-100.0,9.99987840004,2002/01/00,0,10.72,TOTAL,1.7072,0.11001,microSv/hr,ICRP Pub. 103 EFFECTIVE DOSE,-0.573576436351046,0.8191520442889918,-0.984807753012208,-0.1736481776669303,-0.812515199995,0.9959148904297671,-35.00000_-100.00000,1.1484657758493801,2.15335124890157,0.15255088541961304,0.44615124890156976
L0000.ANS,-35.0,-90.0,9.99987840004,2002/01/00,0,10.51,TOTAL,1.7296,0.11255,microSv/hr,ICRP Pub. 103 EFFECTIVE DOSE,-0.573576436351046,0.8191520442889918,-1.0,6.123233995736766e-17,-0.812515199995,1.0041550783152229,-35.00000_-90.00000,1.1503916561671077,2.1594300776761846,0.14623657785188482,0.42983007767618453
L0000.ANS,-35.0,-80.0,9.99987840004,2002/01/00,0,10.07,TOTAL,1.788,0.11555,microSv/hr,ICRP Pub. 103 EFFECTIVE DOSE,-0.573576436351046,0.8191520442889918,-0.984807753012208,0.17364817766693041,-0.812515199995,1.0253244928982774,-35.00000_-80.00000,1.1524510179260687,2.1659431912849842,0.12712652502779132,0.3779431912849842
L0000.ANS,-35.0,-70.0,9.99987840004,2002/01/00,0,9.54,TOTAL,1.8687,0.12212,microSv/hr,ICRP Pub. 103 EFFECTIVE DOSE,-0.573576436351046,0.8191520442889918,-0.9396926207859083,0.3420201433256688,-0.812515199995,1.0538589654809283,-35.00000_-70.00000,1.154581288461304,2.172694695493626,0.10072232298037576,0.3039946954936261
L0000.ANS,-35.0,-60.0,9.99987840004,2002/01/00,0,8.82,TOTAL,1.9869,0.12935,microSv/hr,ICRP Pub. 103 EFFECTIVE DOSE,-0.573576436351046,0.8191520442889918,-0.8660254037844386,0.5000000000000001,-0.812515199995,1.0942360602671306,-35.00000_-60.00000,1.1567177405805698,2.179480251726579,0.06248168031343915,0.1925802517265789
L0000.ANS,-35.0,-50.0,9.99987840004,2002/01/00,0,7.95,TOTAL,2.1214,0.13837,microSv/hr,ICRP Pub. 103 EFFECTIVE DOSE,-0.573576436351046,0.8191520442889918,-0.766044443118978,0.6427876096865394,-0.812515199995,1.138281619126316,-35.00000_-50.00000,1.1587954592673184,2.1860931847880822,0.020513840141002326,0.06469318478808228
L0000.ANS,-35.0,-40.0,9.99987840004,2002/01/00,0,6.86,TOTAL,2.3052,0.15066,microSv/hr,ICRP Pub. 103 EFFECTIVE DOSE,-0.573576436351046,0.8191520442889918,-0.6427876096865393,0.766044443118978,-0.812515199995,1.1954969858448923,-35.00000_-40.00000,1.1607513140906303,2.1923308184756007,-0.03474567175426202,-0.1128691815243994
L0000.ANS,-35.0,-30.0,9.99987840004,2002/01/00,0,6.31,TOTAL,2.4092,0.15697,microSv/hr,ICRP Pub. 103 EFFECTIVE DOSE,-0.573576436351046,0.8191520442889918,-0.49999999999999994,0.8660254037844387,-0.812515199995,1.2264776596660054,-35.00000_-30.00000,1.1625258773914084,2.1980008410090184,-0.06395178227459697,-0.2111991589909814
L0000.ANS,-35.0,-20.0,9.99987840004,2002/01/00,0,5.57,TOTAL,2.5563,0.16575,microSv/hr,ICRP Pub. 103 EFFECTIVE DOSE,-0.573576436351046,0.8191520442889918,-0.3420201433256687,0.9396926207859084,-0.812515199995,1.2687206785476208,-35.00000_-20.00000,1.1640652299617318,2.2029274827700007,-0.10465544858588904,-0.3533725172299991
L0000.ANS,-35.0,-10.0,9.99987840004,2002/01/00,0,4.94,TOTAL,2.6951,0.1735,microSv/hr,ICRP Pub. 103 EFFECTIVE DOSE,-0.573576436351046,0.8191520442889918,-0.17364817766693033,0.984807753012208,-0.812515199995,1.3070076176334113,-35.00000_-10.00000,1.165322599352701,2.2069572786884315,-0.14168501828071034,-0.48814272131156855
L0000.ANS,-35.0,0.0,9.99987840004,2002/01/00,0,4.57,TOTAL,2.7807,0.179,microSv/hr,ICRP Pub. 103 EFFECTIVE DOSE,-0.573576436351046,0.8191520442889918,0.0,1.0,-0.812515199995,1.3299091776720218,-35.00000_0.00000,1.1662597810316306,2.2099641890857122,-0.16364939664039113,-0.5707358109142877
L0000.ANS,-35.0,10.0,9.99987840004,2002/01/00,0,4.41,TOTAL,2.8194,0.18,microSv/hr,ICRP Pub. 103 EFFECTIVE DOSE,-0.573576436351046,0.8191520442889918,0.17364817766693033,0.984807753012208,-0.812515199995,1.3400933422191765,-35.00000_10.00000,1.1668482992074436,2.2118538673551607,-0.17324504301173294,-0.6075461326448393
L0000.ANS,-35.0,20.0,9.99987840004,2002/01/00,0,4.32,TOTAL,2.8411,0.18106,microSv/hr,ICRP Pub. 103 EFFECTIVE DOSE,-0.573576436351046,0.8191520442889918,0.3420201433256687,0.9396926207859084,-0.812515199995,1.3457587839116143,-35.00000_20.00000,1.1670702720531723,2.2125668908311593,-0.17868851185844203,-0.6285331091688406
L0000.ANS,-35.0,30.0,9.99987840004,2002/01/00,0,4.33,TOTAL,2.8381,0.18091,microSv/hr,ICRP Pub. 103 EFFECTIVE DOSE,-0.573576436351046,0.8191520442889918,0.49999999999999994,0.8660254037844387,-0.812515199995,1.344977452483179,-35.00000_30.00000,1.166918955036223,2.212080811569448,-0.17805849744695612,-0.6260191884305519
L0000.ANS,-35.0,40.0,9.99987840004,2002/01/00,0,4.41,TOTAL,2.8203,0.18003,microSv/hr,ICRP Pub. 103 EFFECTIVE DOSE,-0.573576436351046,0.8191520442889918,0.6427876096865393,0.766044443118978,-0.812515199995,1.340328953566262,-35.00000_40.00000,1.1663989458475854,2.210410934246191,-0.1739300077186765,-0.609889065753809
L0000.ANS,-35.0,50.0,9.99987840004,2002/01/00,0,4.28,TOTAL,2.8507,0.1816,microSv/hr,ICRP Pub. 103 EFFECTIVE DOSE,-0.573576436351046,0.8191520442889918,0.766044443118978,0.6427876096865394,-0.812515199995,1.3482549499545886,-35.00000_50.00000,1.165526044703319,2.2076097856089105,-0.1827289052512695,-0.6430902143910893
L0000.ANS,-35.0,60.0,9.99987840004,2002/01/00,0,4.15,TOTAL,2.8827,0.18387,microSv/hr,ICRP Pub. 103 EFFECTIVE DOSE,-0.573576436351046,0.8191520442889918,0.8660254037844386,0.5000000000000001,-0.812515199995,1.3565307879142032,-35.00000_60.00000,1.164326774262983,2.2037652997587935,-0.1922040136512202,-0.6789347002412063
L0000.ANS,-35.0,70.0,9.99987840004,2002/01/00,0,4.0,TOTAL,2.919,0.18503,microSv/hr,ICRP Pub. 103 EFFECTIVE DOSE,-0.573576436351046,0.8191520442889918,0.9396926207859083,0.3420201433256688,-0.812515199995,1.3658365192174944,-35.00000_70.00000,1.1628375737520473,2.198997801598903,-0.20299894546544706,-0.7200021984010969
L0000.ANS,-35.0,80.0,9.99987840004,2002/01/00,0,3.7,TOTAL,2.9932,0.18869,microSv/hr,ICRP Pub. 103 EFFECTIVE DOSE,-0.573576436351046,0.8191520442889918,0.984807753012208,0.17364817766693041,-0.812515199995,1.384592914480133,-35.00000_80.00000,1.1611036917744642,2.193455922834639,-0.22348922270566884,-0.7997440771653608
L0000.ANS,-35.0,90.0,9.99987840004,2002/01/00,0,3.49,TOTAL,3.0465,0.19022,microSv/hr,ICRP Pub. 103 EFFECTIVE DOSE,-0.573576436351046,0.8191520442889918,1.0,6.123233995736766e-17,-0.812515199995,1.3978523099536195,-35.00000_90.00000,1.1591778114567366,2.1873116274152355,-0.23867449849688294,-0.8591883725847644
L0000.ANS,-35.0,100.0,9.99987840004,2002/01/00,0,3.43,TOTAL,3.0624,0.19087,microSv/hr,ICRP Pub. 103 EFFECTIVE DOSE,-0.573576436351046,0.8191520442889918,0.984807753012208,-0.1736481776669303,-0.812515199995,1.401773931968277,-35.00000_100.00000,1.1571184496977756,2.1807545537465893,-0.24465548227050138,-0.8816454462534105
L0000.ANS,-35.0,110.0,9.99987840004,2002/01/00,0,3.41,TOTAL,3.0664,0.19106,microSv/hr,ICRP Pub. 103 EFFECTIVE DOSE,-0.573576436351046,0.8191520442889918,0.9396926207859084,-0.3420201433256687,-0.812515199995,1.4027580871505556,-35.00000_110.00000,1.1549881791625403,2.1739858981344438,-0.24776990798801535,-0.892414101865556
L0000.ANS,-35.0,120.0,9.99987840004,2002/01/00,0,3.4,TOTAL,3.0688,0.19118,microSv/hr,ICRP Pub. 103 EFFECTIVE DOSE,-0.573576436351046,0.8191520442889918,0.8660254037844387,-0.4999999999999998,-0.812515199995,1.4033481156857182,-35.00000_120.00000,1.1528517270432745,2.1672120677945026,-0.2504963886424436,-0.9015879322054974
L0000.ANS,-35.0,130.0,9.99987840004,2002/01/00,0,3.54,TOTAL,3.0334,0.18983,microSv/hr,ICRP Pub. 103 EFFECTIVE DOSE,-0.573576436351046,0.8191520442889918,0.766044443118978,-0.6427876096865394,-0.812515199995,1.3946096927236042,-35.00000_130.00000,1.1507740083565259,2.160638323656726,-0.24383568436707836,-0.872761676343274
L0000.ANS,-35.0,140.0,9.99987840004,2002/01/00,0,3.77,TOTAL,2.9757,0.18747,microSv/hr,ICRP Pub. 103 EFFECTIVE DOSE,-0.573576436351046,0.8191520442889918,0.6427876096865395,-0.7660444431189779,-0.812515199995,1.3802008332313305,-35.00000_140.00000,1.1488181535332143,2.154462615309834,-0.2313826796981162,-0.8212373846901659
L0000.ANS,-35.0,150.0,9.99987840004,2002/01/00,0,4.17,TOTAL,2.8779,0.18348,microSv/hr,ICRP Pub. 103 EFFECTIVE DOSE,-0.573576436351046,0.8191520442889918,0.49999999999999994,-0.8660254037844387,-0.812515199995,1.3552937700001024,-35.00000_150.00000,1.1470435902324359,2.1488697856018875,-0.20825017976766658,-0.7290302143981124
L0000.ANS,-35.0,160.0,9.99987840004,2002/01/00,0,4.6,TOTAL,2.7728,0.17894,microSv/hr,ICRP Pub. 103 EFFECTIVE DOSE,-0.573576436351046,0.8191520442889918,0.3420201433256689,-0.9396926207859083,-0.812515199995,1.3278174313609148,-35.00000_160.00000,1.1455042376621125,2.144026293681107,-0.18231319369880228,-0.628773706318893
L0000.ANS,-35.0,170.0,9.99987840004,2002/01/00,0,5.04,TOTAL,2.6719,0.17262,microSv/hr,ICRP Pub. 103 EFFECTIVE DOSE,-0.573576436351046,0.8191520442889918,0.17364817766693028,-0.984807753012208,-0.812515199995,1.3007092392719475,-35.00000_170.00000,1.1442468682711433,2.140075575531567,-0.15646237100080418,-0.5318244244684331
L0000.ANS,-30.0,-179.99999,9.99987840004,2002/01/00,0,7.8,TOTAL,2.1458,0.14018,microSv/hr,ICRP Pub. 103 EFFECTIVE DOSE,-0.49999999999999994,0.8660254037844387,-1.745329251238221e-07,-0.9999999999999848,-0.812515199995,1.146068229824405,-30.00000_-179.99999,1.108221577171332,2.028966817869109,-0.037846652653072965,-0.116833182130891
L0000.ANS,-30.0,-170.0,9.99987840004,2002/01/00,0,8.75,TOTAL,2.0,0.13051,microSv/hr,ICRP Pub. 103 EFFECTIVE DOSE,-0.49999999999999994,0.8660254037844387,-0.17364817766693028,-0.984807753012208,-0.812515199995,1.0986122886681096,-30.00000_-170.00000,1.1076330597622555,2.0271847426078713,0.009020771094145896,0.027184742607871293
L0000.ANS,-30.0,-160.0,9.99987840004,2002/01/00,0,9.41,TOTAL,1.8881,0.12448,microSv/hr,ICRP Pub. 103 EFFECTIVE DOSE,-0.49999999999999994,0.8660254037844387,-0.3420201433256689,-0.9396926207859083,-0.812515199995,1.0605988464698934,-30.00000_-160.00000,1.1074110869165268,2.0265128643681294,0.046812240446633346,0.1384128643681295
L0000.ANS,-30.0,-150.0,9.99987840004,2002/01/00,0,8.87,TOTAL,1.9789,0.12872,microSv/hr,ICRP Pub. 103 EFFECTIVE DOSE,-0.49999999999999994,0.8660254037844387,-0.49999999999999994,-0.8660254037844387,-0.812515199995,1.091554104856203,-30.00000_-150.00000,1.1075624039334762,2.026970861917062,0.01600829907727319,0.048070861917062
L0000.ANS,-30.0,-140.0,9.99987840004,2002/01/00,0,10.0,TOTAL,1.7994,0.11629,microSv/hr,ICRP Pub. 103 EFFECTIVE DOSE,-0.49999999999999994,0.8660254037844387,-0.6427876096865395,-0.7660444431189779,-0.812515199995,1.0294051085044085,-30.00000_-140.00000,1.1080824131221136,2.02854532391087,0.07867730461770517,0.22914532391086984
L0000.ANS,-30.0,-130.0,9.99987840004,2002/01/00,0,11.29,TOTAL,1.6493,0.1053,microSv/hr,ICRP Pub. 103 EFFECTIVE DOSE,-0.49999999999999994,0.8660254037844387,-0.766044443118978,-0.6427876096865394,-0.812515199995,0.9742954541607292,-30.00000_-130.00000,1.10895531426638,2.0311900987351255,0.13465986010565079,0.38189009873512547
L0000.ANS,-30.0,-120.0,9.99987840004,2002/01/00,0,11.51,TOTAL,1.6285,0.10408,microSv/hr,ICRP Pub. 103 EFFECTIVE DOSE,-0.49999999999999994,0.8660254037844387,-0.8660254037844387,-0.4999999999999998,-0.812515199995,0.9664133412773657,-30.00000_-120.00000,1.1101545847067158,2.034827496095187,0.14374124342935013,0.40632749609518704
L0000.ANS,-30.0,-110.0,9.99987840004,2002/01/00,0,11.57,TOTAL,1.6221,0.10381,microSv/hr,ICRP Pub. 103 EFFECTIVE DOSE,-0.49999999999999994,0.8660254037844387,-0.9396926207859084,-0.3420201433256687,-0.812515199995,0.9639755234395658,-30.00000_-110.00000,1.1116437852176517,2.0393503296201083,0.1476682617780859,0.4172503296201082
L0000.ANS,-30.0,-100.0,9.99987840004,2002/01/00,0,11.5,TOTAL,1.6293,0.10412,microSv/hr,ICRP Pub. 103 EFFECTIVE DOSE,-0.49999999999999994,0.8660254037844387,-0.984807753012208,-0.1736481776669303,-0.812515199995,0.9667176510670776,-30.00000_-100.00000,1.1133776671952347,2.0446247756922897,0.14666001612815704,0.41532477569228976
L0000.ANS,-30.0,-90.0,9.99987840004,2002/01/00,0,11.29,TOTAL,1.6496,0.10531,microSv/hr,ICRP Pub. 103 EFFECTIVE DOSE,-0.49999999999999994,0.8660254037844387,-1.0,6.123233995736766e-17,-0.812515199995,0.9744086852088034,-30.00000_-90.00000,1.1153035475129625,2.050494008528572,0.14089486230415904,0.40089400852857215
L0000.ANS,-30.0,-80.0,9.99987840004,2002/01/00,0,10.89,TOTAL,1.6901,0.10837,microSv/hr,ICRP Pub. 103 EFFECTIVE DOSE,-0.49999999999999994,0.8660254037844387,-0.984807753012208,0.17364817766693041,-0.812515199995,0.9895783676439744,-30.00000_-80.00000,1.1173629092719233,2.056782552206399,0.12778454162794883,0.366682552206399
L0000.ANS,-30.0,-70.0,9.99987840004,2002/01/00,0,10.36,TOTAL,1.7463,0.11386,microSv/hr,ICRP Pub. 103 EFFECTIVE DOSE,-0.49999999999999994,0.8660254037844387,-0.9396926207859083,0.3420201433256688,-0.812515199995,1.0102545511963696,-30.00000_-70.00000,1.1194931798071588,2.063301266857672,0.10923862861078915,0.31700126685767205
L0000.ANS,-30.0,-60.0,9.99987840004,2002/01/00,0,9.79,TOTAL,1.83,0.11833,microSv/hr,ICRP Pub. 103 EFFECTIVE DOSE,-0.49999999999999994,0.8660254037844387,-0.8660254037844386,0.5000000000000001,-0.812515199995,1.0402767116551463,-30.00000_-60.00000,1.1216296319264243,2.0698528594310956,0.08135292027127794,0.23985285943109558
L0000.ANS,-30.0,-50.0,9.99987840004,2002/01/00,0,9.0,TOTAL,1.9559,0.12719,microSv/hr,ICRP Pub. 103 EFFECTIVE DOSE,-0.49999999999999994,0.8660254037844387,-0.766044443118978,0.6427876096865394,-0.812515199995,1.0838031730144015,-30.00000_-50.00000,1.1237073506131732,2.0762377808210175,0.03990417759877163,0.12033778082101754
L0000.ANS,-30.0,-40.0,9.99987840004,2002/01/00,0,8.09,TOTAL,2.0999,0.13718,microSv/hr,ICRP Pub. 103 EFFECTIVE DOSE,-0.49999999999999994,0.8660254037844387,-0.6427876096865393,0.766044443118978,-0.812515199995,1.131369852906282,-30.00000_-40.00000,1.1256632054364848,2.0822603430310873,-0.005706647469797099,-0.017639656968912565
L0000.ANS,-30.0,-30.0,9.99987840004,2002/01/00,0,7.1,TOTAL,2.2618,0.14766,microSv/hr,ICRP Pub. 103 EFFECTIVE DOSE,-0.49999999999999994,0.8660254037844387,-0.49999999999999994,0.8660254037844387,-0.812515199995,1.1822791902406804,-30.00000_-30.00000,1.1274377687372632,2.087734865125634,-0.0548414215034172,-0.17406513487436603
L0000.ANS,-30.0,-20.0,9.99987840004,2002/01/00,0,6.46,TOTAL,2.3791,0.15593,microSv/hr,ICRP Pub. 103 EFFECTIVE DOSE,-0.49999999999999994,0.8660254037844387,-0.3420201433256687,0.9396926207859084,-0.812515199995,1.2176094018488448,-30.00000_-20.00000,1.1289771213075865,2.092491637962682,-0.08863228054125827,-0.2866083620373181
L0000.ANS,-30.0,-10.0,9.99987840004,2002/01/00,0,6.01,TOTAL,2.4681,0.1611,microSv/hr,ICRP Pub. 103 EFFECTIVE DOSE,-0.49999999999999994,0.8660254037844387,-0.17364817766693033,0.984807753012208,-0.812515199995,1.2436068935660103,-30.00000_-10.00000,1.1302344906985557,2.0963824878952773,-0.11337240286745454,-0.3717175121047229
L0000.ANS,-30.0,0.0,9.99987840004,2002/01/00,0,5.75,TOTAL,2.5199,0.16457,microSv/hr,ICRP Pub. 103 EFFECTIVE DOSE,-0.49999999999999994,0.8660254037844387,0.0,1.0,-0.812515199995,1.2584325801155507,-30.00000_0.00000,1.1311716723774854,2.099285721049858,-0.1272609077380653,-0.4206142789501417
L0000.ANS,-30.0,10.0,9.99987840004,2002/01/00,0,5.68,TOTAL,2.5336,0.16489,microSv/hr,ICRP Pub. 103 EFFECTIVE DOSE,-0.49999999999999994,0.8660254037844387,0.17364817766693033,0.984807753012208,-0.812515199995,1.2623171813001797,-30.00000_10.00000,1.1317601905532984,2.10111024385849,-0.13055699074688132,-0.43248975614150975
L0000.ANS,-30.0,20.0,9.99987840004,2002/01/00,0,5.75,TOTAL,2.5193,0.16456,microSv/hr,ICRP Pub. 103 EFFECTIVE DOSE,-0.49999999999999994,0.8660254037844387,0.3420201433256687,0.9396926207859084,-0.812515199995,1.2582621061976473,-30.00000_20.00000,1.131982163399027,2.1017986825287562,-0.12627994279862031,-0.41750131747124364
L0000.ANS,-30.0,30.0,9.99987840004,2002/01/00,0,5.92,TOTAL,2.4857,0.16285,microSv/hr,ICRP Pub. 103 EFFECTIVE DOSE,-0.49999999999999994,0.8660254037844387,0.49999999999999994,0.8660254037844387,-0.812515199995,1.2486688848747889,-30.00000_30.00000,1.1318308463820776,2.101329363113841,-0.11683803849271124,-0.384370636886159
L0000.ANS,-30.0,40.0,9.99987840004,2002/01/00,0,5.97,TOTAL,2.4746,0.16172,microSv/hr,ICRP Pub. 103 EFFECTIVE DOSE,-0.49999999999999994,0.8660254037844387,0.6427876096865393,0.766044443118978,-0.812515199995,1.245479364477662,-30.00000_40.00000,1.13131083719344,2.0997170625899053,-0.11416852728422211,-0.3748829374100948
L0000.ANS,-30.0,50.0,9.99987840004,2002/01/00,0,5.84,TOTAL,2.5016,0.1644,microSv/hr,ICRP Pub. 103 EFFECTIVE DOSE,-0.49999999999999994,0.8660254037844387,0.766044443118978,0.6427876096865394,-0.812515199995,1.2532200068945485,-30.00000_50.00000,1.1304379360491736,2.0970124966001724,-0.12278207084537485,-0.4045875033998274
L0000.ANS,-30.0,60.0,9.99987840004,2002/01/00,0,5.63,TOTAL,2.5447,0.16526,microSv/hr,ICRP Pub. 103 EFFECTIVE DOSE,-0.49999999999999994,0.8660254037844387,0.8660254037844386,0.5000000000000001,-0.812515199995,1.2654535301689565,-30.00000_60.00000,1.1292386656088378,2.0933005673080776,-0.13621486456011866,-0.4513994326919226
L0000.ANS,-30.0,70.0,9.99987840004,2002/01/00,0,5.48,TOTAL,2.5756,0.16683,microSv/hr,ICRP Pub. 103 EFFECTIVE DOSE,-0.49999999999999994,0.8660254037844387,0.9396926207859083,0.3420201433256688,-0.812515199995,1.2741329942315605,-30.00000_70.00000,1.127749465097902,2.0886974508551526,-0.14638352913365837,-0.48690254914484754
L0000.ANS,-30.0,80.0,9.99987840004,2002/01/00,0,5.33,TOTAL,2.6081,0.16932,microSv/hr,ICRP Pub. 103 EFFECTIVE DOSE,-0.49999999999999994,0.8660254037844387,0.984807753012208,0.17364817766693041,-0.812515199995,1.2831813180025435,-30.00000_80.00000,1.126015583120319,2.0833466541764003,-0.15716573488222463,-0.5247533458235996
L0000.ANS,-30.0,90.0,9.99987840004,2002/01/00,0,5.25,TOTAL,2.6252,0.17084,microSv/hr,ICRP Pub. 103 EFFECTIVE DOSE,-0.49999999999999994,0.8660254037844387,1.0,6.123233995736766e-17,-0.812515199995,1.2879094591984896,-30.00000_90.00000,1.1240897028025911,2.0774142119628642,-0.16381975639589852,-0.5477857880371357
L0000.ANS,-30.0,100.0,9.99987840004,2002/01/00,0,5.22,TOTAL,2.6304,0.17132,microSv/hr,ICRP Pub. 103 EFFECTIVE DOSE,-0.49999999999999994,0.8660254037844387,0.984807753012208,-0.1736481776669303,-0.812515199995,1.2893428350434402,-30.00000_100.00000,1.1220303410436303,2.0710832239530284,-0.16731249399980985,-0.5593167760469715
L0000.ANS,-30.0,110.0,9.99987840004,2002/01/00,0,5.2,TOTAL,2.6343,0.1717,microSv/hr,ICRP Pub. 103 EFFECTIVE DOSE,-0.49999999999999994,0.8660254037844387,0.9396926207859084,-0.3420201433256687,-0.812515199995,1.2904165202264926,-30.00000_110.00000,1.119900070508395,2.0645479492727827,-0.17051644971809754,-0.5697520507272174
L0000.ANS,-30.0,120.0,9.99987840004,2002/01/00,0,5.3,TOTAL,2.6136,0.16981,microSv/hr,ICRP Pub. 103 EFFECTIVE DOSE,-0.49999999999999994,0.8660254037844387,0.8660254037844387,-0.4999999999999998,-0.812515199995,1.2847045053582573,-30.00000_120.00000,1.1177636183891293,2.058007678287587,-0.166940886969128,-0.555592321712413
L0000.ANS,-30.0,130.0,9.99987840004,2002/01/00,0,5.39,TOTAL,2.5944,0.16817,microSv/hr,ICRP Pub. 103 EFFECTIVE DOSE,-0.49999999999999994,0.8660254037844387,0.766044443118978,-0.6427876096865394,-0.812515199995,1.279377078773813,-30.00000_130.00000,1.1156858997023804,2.0516605946006967,-0.1636911790714326,-0.5427394053993031
L0000.ANS,-30.0,140.0,9.99987840004,2002/01/00,0,5.52,TOTAL,2.5677,0.16635,microSv/hr,ICRP Pub. 103 EFFECTIVE DOSE,-0.49999999999999994,0.8660254037844387,0.6427876096865395,-0.7660444431189779,-0.812515199995,1.2719211304652924,-30.00000_140.00000,1.1137300448790688,2.045697822566675,-0.15819108558622363,-0.522002177433325
L0000.ANS,-30.0,150.0,9.99987840004,2002/01/00,0,5.82,TOTAL,2.5042,0.1644,microSv/hr,ICRP Pub. 103 EFFECTIVE DOSE,-0.49999999999999994,0.8660254037844387,0.49999999999999994,-0.8660254037844387,-0.812515199995,1.2539622490708502,-30.00000_150.00000,1.1119554815782906,2.040297831715364,-0.14200676749255958,-0.46390216828463604
L0000.ANS,-30.0,160.0,9.99987840004,2002/01/00,0,6.29,TOTAL,2.4132,0.15716,microSv/hr,ICRP Pub. 103 EFFECTIVE DOSE,-0.49999999999999994,0.8660254037844387,0.3420201433256689,-0.9396926207859083,-0.812515199995,1.2276502676802927,-30.00000_160.00000,1.1104161290079673,2.035621341740449,-0.11723413867232546,-0.3775786582595506
L0000.ANS,-30.0,170.0,9.99987840004,2002/01/00,0,6.94,TOTAL,2.2908,0.14949,microSv/hr,ICRP Pub. 103 EFFECTIVE DOSE,-0.49999999999999994,0.8660254037844387,0.17364817766693028,-0.984807753012208,-0.812515199995,1.1911306963126382,-30.00000_170.00000,1.109158759616998,2.0318068430023026,-0.08197193669564018,-0.2589931569976973
L0000.ANS,-25.0,-179.99999,9.99987840004,2002/01/00,0,9.88,TOTAL,1.8167,0.11733,microSv/hr,ICRP Pub. 103 EFFECTIVE DOSE,-0.42261826174069944,0.9063077870366499,-1.745329251238221e-07,-0.9999999999999848,-0.812515199995,1.0355659869504743,-25.00000_-179.99999,1.0777002625376306,1.93791534212083,0.04213427558715632,0.12121534212082996
L0000.ANS,-25.0,-170.0,9.99987840004,2002/01/00,0,10.32,TOTAL,1.752,0.11399,microSv/hr,ICRP Pub. 103 EFFECTIVE DOSE,-0.42261826174069944,0.9063077870366499,-0.17364817766693028,-0.984807753012208,-0.812515199995,1.0123279200710973,-25.00000_-170.00000,1.0771117451285541,1.9361868364733208,0.06478382505745683,0.1841868364733208
L0000.ANS,-25.0,-160.0,9.99987840004,2002/01/00,0,11.16,TOTAL,1.6626,0.10631,microSv/hr,ICRP Pub. 103 EFFECTIVE DOSE,-0.42261826174069944,0.9063077870366499,-0.3420201433256689,-0.9396926207859083,-0.812515199995,0.9793030890156798,-25.00000_-160.00000,1.0768897722828257,1.9355351550561037,0.09758668326714592,0.27293515505610366
L0000.ANS,-25.0,-150.0,9.99987840004,2002/01/00,0,11.71,TOTAL,1.6089,0.10339,microSv/hr,ICRP Pub. 103 EFFECTIVE DOSE,-0.42261826174069944,0.9063077870366499,-0.49999999999999994,-0.8660254037844387,-0.812515199995,0.958928676558389,-25.00000_-150.00000,1.077041089299775,1.9359793850878506,0.11811241274138606,0.3270793850878506
L0000.ANS,-25.0,-140.0,9.99987840004,2002/01/00,0,12.18,TOTAL,1.5666,0.099635,microSv/hr,ICRP Pub. 103 EFFECTIVE DOSE,-0.42261826174069944,0.9063077870366499,-0.6427876096865395,-0.7660444431189779,-0.812515199995,0.9425820658282236,-25.00000_-140.00000,1.0775610984884123,1.9375065183730036,0.13497903266018874,0.3709065183730036
L0000.ANS,-25.0,-130.0,9.99987840004,2002/01/00,0,12.32,TOTAL,1.555,0.098502,microSv/hr,ICRP Pub. 103 EFFECTIVE DOSE,-0.42261826174069944,0.9063077870366499,-0.766044443118978,-0.6427876096865394,-0.812515199995,0.9380522236556678,-25.00000_-130.00000,1.0784339996326788,1.9400717906258387,0.14038177597701107,0.38507179062583874
L0000.ANS,-25.0,-120.0,9.99987840004,2002/01/00,0,12.36,TOTAL,1.5519,0.098225,microSv/hr,ICRP Pub. 103 EFFECTIVE DOSE,-0.42261826174069944,0.9063077870366499,-0.8660254037844387,-0.4999999999999998,-0.812515199995,0.936838179761815,-25.00000_-120.00000,1.0796332700730145,1.943599846940774,0.1427950903111994,0.391699846940774
L0000.ANS,-25.0,-110.0,9.99987840004,2002/01/00,0,12.31,TOTAL,1.556,0.098599,microSv/hr,ICRP Pub. 103 EFFECTIVE DOSE,-0.42261826174069944,0.9063077870366499,-0.9396926207859084,-0.3420201433256687,-0.812515199995,0.9384435365152883,-25.00000_-110.00000,1.0811224705839506,1.9479867229951227,0.14267893406866228,0.3919867229951226
L0000.ANS,-25.0,-100.0,9.99987840004,2002/01/00,0,12.15,TOTAL,1.5699,0.099979,microSv/hr,ICRP Pub. 103 EFFECTIVE DOSE,-0.42261826174069944,0.9063077870366499,-0.984807753012208,-0.1736481776669303,-0.812515199995,0.9438669876442585,-25.00000_-100.00000,1.0828563525615333,1.953102617941621,0.13898936491727487,0.383202617941621
L0000.ANS,-25.0,-90.0,9.99987840004,2002/01/00,0,11.89,TOTAL,1.5916,0.10251,microSv/hr,ICRP Pub. 103 EFFECTIVE DOSE,-0.42261826174069944,0.9063077870366499,-1.0,6.123233995736766e-17,-0.812515199995,0.9522754455936651,-25.00000_-90.00000,1.0847822328792613,1.9587954202181173,0.13250678728559628,0.36719542021811735
L0000.ANS,-25.0,-80.0,9.99987840004,2002/01/00,0,11.55,TOTAL,1.6244,0.10391,microSv/hr,ICRP Pub. 103 EFFECTIVE DOSE,-0.42261826174069944,0.9063077870366499,-0.984807753012208,0.17364817766693041,-0.812515199995,0.9648522984885854,-25.00000_-80.00000,1.086841594638222,1.9648949287507593,0.1219892961496365,0.34049492875075926
L0000.ANS,-25.0,-70.0,9.99987840004,2002/01/00,0,11.14,TOTAL,1.6637,0.10638,microSv/hr,ICRP Pub. 103 EFFECTIVE DOSE,-0.42261826174069944,0.9063077870366499,-0.9396926207859083,0.3420201433256688,-0.812515199995,0.9797161337242537,-25.00000_-70.00000,1.0889718651734577,1.971217689261671,0.10925573144920397,0.3075176892616711
L0000.ANS,-25.0,-60.0,9.99987840004,2002/01/00,0,10.61,TOTAL,1.7186,0.11125,microSv/hr,ICRP Pub. 103 EFFECTIVE DOSE,-0.42261826174069944,0.9063077870366499,-0.8660254037844386,0.5000000000000001,-0.812515199995,1.0001170419190104,-25.00000_-60.00000,1.091108317292723,1.9775723393764335,0.09099127537371254,0.2589723393764336
L0000.ANS,-25.0,-50.0,9.99987840004,2002/01/00,0,10.0,TOTAL,1.7993,0.11628,microSv/hr,ICRP Pub. 103 EFFECTIVE DOSE,-0.42261826174069944,0.9063077870366499,-0.766044443118978,0.6427876096865394,-0.812515199995,1.029369385925949,-25.00000_-50.00000,1.093186035979472,1.983765328483817,0.0638166500535231,0.18446532848381714
L0000.ANS,-25.0,-40.0,9.99987840004,2002/01/00,0,9.23,TOTAL,1.9177,0.12531,microSv/hr,ICRP Pub. 103 EFFECTIVE DOSE,-0.42261826174069944,0.9063077870366499,-0.6427876096865393,0.766044443118978,-0.812515199995,1.0707956346713345,-25.00000_-40.00000,1.0951418908027835,1.9896068510160072,0.024346256131448918,0.07190685101600724
L0000.ANS,-25.0,-30.0,9.99987840004,2002/01/00,0,8.36,TOTAL,2.0568,0.13563,microSv/hr,ICRP Pub. 103 EFFECTIVE DOSE,-0.42261826174069944,0.9063077870366499,-0.49999999999999994,0.8660254037844387,-0.812515199995,1.1173686171505532,-25.00000_-30.00000,1.096916454103562,1.9949168076512092,-0.020452163046991156,-0.061883192348790805
L0000.ANS,-25.0,-20.0,9.99987840004,2002/01/00,0,7.6,TOTAL,2.1766,0.14315,microSv/hr,ICRP Pub. 103 EFFECTIVE DOSE,-0.42261826174069944,0.9063077870366499,-0.3420201433256687,0.9396926207859084,-0.812515199995,1.1558114424189176,-25.00000_-20.00000,1.0984558066738854,1.9995305907453331,-0.05735563574503222,-0.17706940925466697
L0000.ANS,-25.0,-10.0,9.99987840004,2002/01/00,0,7.1,TOTAL,2.2631,0.14773,microSv/hr,ICRP Pub. 103 EFFECTIVE DOSE,-0.42261826174069944,0.9063077870366499,-0.17364817766693033,0.984807753012208,-0.812515199995,1.1826776637857772,-25.00000_-10.00000,1.0997131760648544,2.0033044807871203,-0.0829644877209228,-0.2597955192128798
L0000.ANS,-25.0,0.0,9.99987840004,2002/01/00,0,7.0,TOTAL,2.2813,0.14881,microSv/hr,ICRP Pub. 103 EFFECTIVE DOSE,-0.42261826174069944,0.9063077870366499,0.0,1.0,-0.812515199995,1.1882396853369364,-25.00000_0.00000,1.100650357743784,2.0061204420503063,-0.0875893275931523,-0.2751795579496936
L0000.ANS,-25.0,10.0,9.99987840004,2002/01/00,0,7.06,TOTAL,2.2702,0.14812,microSv/hr,ICRP Pub. 103 EFFECTIVE DOSE,-0.42261826174069944,0.9063077870366499,0.17364817766693033,0.984807753012208,-0.812515199995,1.184851145118349,-25.00000_10.00000,1.1012388759195972,2.0078901192616607,-0.08361226919875175,-0.2623098807383393
L0000.ANS,-25.0,20.0,9.99987840004,2002/01/00,0,7.37,TOTAL,2.2151,0.1461,microSv/hr,ICRP Pub. 103 EFFECTIVE DOSE,-0.42261826174069944,0.9063077870366499,0.3420201433256687,0.9396926207859084,-0.812515199995,1.167858461404924,-25.00000_20.00000,1.1014608487653257,2.008557863298852,-0.06639761263959842,-0.20654213670114796
L0000.ANS,-25.0,30.0,9.99987840004,2002/01/00,0,7.7,TOTAL,2.1612,0.14157,microSv/hr,ICRP Pub. 103 EFFECTIVE DOSE,-0.42261826174069944,0.9063077870366499,0.49999999999999994,0.8660254037844387,-0.812515199995,1.1509517023486833,-25.00000_30.00000,1.1013095317483763,2.0081026517391543,-0.049642170600306956,-0.15309734826084576
L0000.ANS,-25.0,40.0,9.99987840004,2002/01/00,0,8.05,TOTAL,2.106,0.13748,microSv/hr,ICRP Pub. 103 EFFECTIVE DOSE,-0.42261826174069944,0.9063077870366499,0.6427876096865393,0.766044443118978,-0.812515199995,1.1333357247264952,-25.00000_40.00000,1.1007895225597388,2.006538817359248,-0.03254620216675641,-0.09946118264075166
L0000.ANS,-25.0,50.0,9.99987840004,2002/01/00,0,8.2,TOTAL,2.0822,0.13651,microSv/hr,ICRP Pub. 103 EFFECTIVE DOSE,-0.42261826174069944,0.9063077870366499,0.766044443118978,0.6427876096865394,-0.812515199995,1.12564362771914,-25.00000_50.00000,1.0999166214154725,2.0039155512778444,-0.02572700630366742,-0.07828444872215545
L0000.ANS,-25.0,60.0,9.99987840004,2002/01/00,0,8.22,TOTAL,2.0788,0.13638,microSv/hr,ICRP Pub. 103 EFFECTIVE DOSE,-0.42261826174069944,0.9063077870366499,0.8660254037844386,0.5000000000000001,-0.812515199995,1.1245399106780254,-25.00000_60.00000,1.0987173509751367,2.0003152034787934,-0.025822559702888714,-0.07848479652120677
L0000.ANS,-25.0,70.0,9.99987840004,2002/01/00,0,7.99,TOTAL,2.1151,0.13797,microSv/hr,ICRP Pub. 103 EFFECTIVE DOSE,-0.42261826174069944,0.9063077870366499,0.9396926207859083,0.3420201433256688,-0.812515199995,1.136261254452867,-25.00000_70.00000,1.0972281504642007,1.9958504578206904,-0.03903310398866622,-0.11924954217930961
L0000.ANS,-25.0,80.0,9.99987840004,2002/01/00,0,7.69,TOTAL,2.1633,0.14178,microSv/hr,ICRP Pub. 103 EFFECTIVE DOSE,-0.42261826174069944,0.9063077870366499,0.984807753012208,0.17364817766693041,-0.812515199995,1.1516157864904102,-25.00000_80.00000,1.0954942684866178,1.990660507385336,-0.05612151800379239,-0.17263949261466394
L0000.ANS,-25.0,90.0,9.99987840004,2002/01/00,0,7.52,TOTAL,2.1894,0.14461,microSv/hr,ICRP Pub. 103 EFFECTIVE DOSE,-0.42261826174069944,0.9063077870366499,1.0,6.123233995736766e-17,-0.812515199995,1.1598328113317349,-25.00000_90.00000,1.09356838816889,1.9849063958207682,-0.06626442316284487,-0.2044936041792318
L0000.ANS,-25.0,100.0,9.99987840004,2002/01/00,0,7.53,TOTAL,2.1879,0.14442,microSv/hr,ICRP Pub. 103 EFFECTIVE DOSE,-0.42261826174069944,0.9063077870366499,0.984807753012208,-0.1736481776669303,-0.812515199995,1.1593623928073868,-25.00000_100.00000,1.0915090264099292,1.978765718843011,-0.06785336639745765,-0.20913428115698895
L0000.ANS,-25.0,110.0,9.99987840004,2002/01/00,0,7.61,TOTAL,2.1752,0.143,microSv/hr,ICRP Pub. 103 EFFECTIVE DOSE,-0.42261826174069944,0.9063077870366499,0.9396926207859084,-0.3420201433256687,-0.812515199995,1.1553706224867186,-25.00000_110.00000,1.0893787558746937,1.972426896101606,-0.06599186661202494,-0.20277310389839376
L0000.ANS,-25.0,120.0,9.99987840004,2002/01/00,0,7.65,TOTAL,2.1683,0.14228,microSv/hr,ICRP Pub. 103 EFFECTIVE DOSE,-0.42261826174069944,0.9063077870366499,0.8660254037844387,-0.4999999999999998,-0.812515199995,1.1531951664384015,-25.00000_120.00000,1.0872423037554282,1.9660832272453885,-0.06595286268297329,-0.20221677275461136
L0000.ANS,-25.0,130.0,9.99987840004,2002/01/00,0,7.72,TOTAL,2.1576,0.14123,microSv/hr,ICRP Pub. 103 EFFECTIVE DOSE,-0.42261826174069944,0.9063077870366499,0.766044443118978,-0.6427876096865394,-0.812515199995,1.1498122453665003,-25.00000_130.00000,1.0851645850686793,1.9599269384305253,-0.06464766029782099,-0.19767306156947462
L0000.ANS,-25.0,140.0,9.99987840004,2002/01/00,0,8.0,TOTAL,2.1141,0.13792,microSv/hr,ICRP Pub. 103 EFFECTIVE DOSE,-0.42261826174069944,0.9063077870366499,0.6427876096865395,-0.7660444431189779,-0.812515199995,1.1359401859340874,-25.00000_140.00000,1.0832087302453677,1.9541434087672171,-0.05273145568871973,-0.15995659123278294
L0000.ANS,-25.0,150.0,9.99987840004,2002/01/00,0,8.51,TOTAL,2.0355,0.13434,microSv/hr,ICRP Pub. 103 EFFECTIVE DOSE,-0.42261826174069944,0.9063077870366499,0.49999999999999994,-0.8660254037844387,-0.812515199995,1.1103761555883516,-25.00000_150.00000,1.0814341669445893,1.948905742948038,-0.028941988643762295,-0.08659425705196178
L0000.ANS,-25.0,160.0,9.99987840004,2002/01/00,0,9.15,TOTAL,1.9303,0.1259,microSv/hr,ICRP Pub. 103 EFFECTIVE DOSE,-0.42261826174069944,0.9063077870366499,0.3420201433256689,-0.9396926207859083,-0.812515199995,1.0751048068660702,-25.00000_160.00000,1.079894814374266,1.9443698293937781,0.004790007508195693,0.01406982939377821
L0000.ANS,-25.0,170.0,9.99987840004,2002/01/00,0,9.82,TOTAL,1.8259,0.11801,microSv/hr,ICRP Pub. 103 EFFECTIVE DOSE,-0.42261826174069944,0.9063077870366499,0.17364817766693028,-0.984807753012208,-0.812515199995,1.0388268979320714,-25.00000_170.00000,1.078637444983297,1.940669995411053,0.03981054705122555,0.11476999541105282
L0000.ANS,-20.0,-179.99999,9.99987840004,2002/01/00,0,12.44,TOTAL,1.5446,0.097601,microSv/hr,ICRP Pub. 103 EFFECTIVE DOSE,-0.3420201433256687,0.9396926207859084,-1.745329251238221e-07,-0.9999999999999848,-0.812515199995,0.933973466726463,-20.00000_-179.99999,1.0519780275580097,1.8633092248265999,0.11800456083154676,0.3187092248265999
L0000.ANS,-20.0,-170.0,9.99987840004,2002/01/00,0,12.72,TOTAL,1.5213,0.095705,microSv/hr,ICRP Pub. 103 EFFECTIVE DOSE,-0.3420201433256687,0.9396926207859084,-0.17364817766693028,-0.984807753012208,-0.812515199995,0.9247746415224652,-20.00000_-170.00000,1.0513895101489332,1.8616246132604597,0.12661486862646798,0.3403246132604596
L0000.ANS,-20.0,-160.0,9.99987840004,2002/01/00,0,12.91,TOTAL,1.5067,0.094659,microSv/hr,ICRP Pub. 103 EFFECTIVE DOSE,-0.3420201433256687,0.9396926207859084,-0.3420201433256689,-0.9396926207859083,-0.812515199995,0.9189671470775632,-20.00000_-160.00000,1.0511675373032046,1.860989480795335,0.13220039022564134,0.3542894807953352
L0000.ANS,-20.0,-150.0,9.99987840004,2002/01/00,0,13.03,TOTAL,1.4967,0.094083,microSv/hr,ICRP Pub. 103 EFFECTIVE DOSE,-0.3420201433256687,0.9396926207859084,-0.49999999999999994,-0.8660254037844387,-0.812515199995,0.9149698599067393,-20.00000_-150.00000,1.051318854320154,1.8614224299445534,0.13634899441341464,0.3647224299445535
L0000.ANS,-20.0,-140.0,9.99987840004,2002/01/00,0,13.08,TOTAL,1.4927,0.093889,microSv/hr,ICRP Pub. 103 EFFECTIVE DOSE,-0.3420201433256687,0.9396926207859084,-0.6427876096865395,-0.7660444431189779,-0.812515199995,0.9133664603569083,-20.00000_-140.00000,1.0518388635087914,1.8629107828457516,0.13847240315188314,0.3702107828457517
L0000.ANS,-20.0,-130.0,9.99987840004,2002/01/00,0,13.08,TOTAL,1.493,0.093904,microSv/hr,ICRP Pub. 103 EFFECTIVE DOSE,-0.3420201433256687,0.9396926207859084,-0.766044443118978,-0.6427876096865394,-0.812515199995,0.9134868045414208,-20.00000_-130.00000,1.0527117646530577,1.8654109119680666,0.13922496011163688,0.3724109119680665
L0000.ANS,-20.0,-120.0,9.99987840004,2002/01/00,0,13.0,TOTAL,1.4989,0.094202,microSv/hr,ICRP Pub. 103 EFFECTIVE DOSE,-0.3420201433256687,0.9396926207859084,-0.8660254037844387,-0.4999999999999998,-0.812515199995,0.9158506350457509,-20.00000_-120.00000,1.0539110350933936,1.8688493759862204,0.13806040004764264,0.36994937598622046
L0000.ANS,-20.0,-110.0,9.99987840004,2002/01/00,0,12.87,TOTAL,1.5096,0.094848,microSv/hr,ICRP Pub. 103 EFFECTIVE DOSE,-0.3420201433256687,0.9396926207859084,-0.9396926207859084,-0.3420201433256687,-0.812515199995,0.9201233778943314,-20.00000_-110.00000,1.0554002356043295,1.8731248506721307,0.1352768577099981,0.3635248506721307
L0000.ANS,-20.0,-100.0,9.99987840004,2002/01/00,0,12.66,TOTAL,1.5261,0.096107,microSv/hr,ICRP Pub. 103 EFFECTIVE DOSE,-0.3420201433256687,0.9396926207859084,-0.984807753012208,-0.1736481776669303,-0.812515199995,0.9266766114265725,-20.00000_-100.00000,1.0571341175819124,1.8781108313719628,0.1304575061553399,0.35201083137196276
L0000.ANS,-20.0,-90.0,9.99987840004,2002/01/00,0,12.37,TOTAL,1.5504,0.098092,microSv/hr,ICRP Pub. 103 EFFECTIVE DOSE,-0.3420201433256687,0.9396926207859084,-1.0,6.123233995736766e-17,-0.812515199995,0.9362502096137588,-20.00000_-90.00000,1.0590599978996402,1.8836590692805595,0.1228097882858814,0.3332590692805595
L0000.ANS,-20.0,-80.0,9.99987840004,2002/01/00,0,12.07,TOTAL,1.5765,0.10071,microSv/hr,ICRP Pub. 103 EFFECTIVE DOSE,-0.3420201433256687,0.9396926207859084,-0.984807753012208,0.17364817766693041,-0.812515199995,0.9464318887861419,-20.00000_-80.00000,1.061119359658601,1.8896036854504106,0.11468747087245912,0.31310368545041056
L0000.ANS,-20.0,-70.0,9.99987840004,2002/01/00,0,11.73,TOTAL,1.6067,0.10334,microSv/hr,ICRP Pub. 103 EFFECTIVE DOSE,-0.3420201433256687,0.9396926207859084,-0.9396926207859083,0.3420201433256688,-0.812515199995,0.9580850535311329,-20.00000_-70.00000,1.0632496301938366,1.8957658842849732,0.10516457666270362,0.28906588428497315
L0000.ANS,-20.0,-60.0,9.99987840004,2002/01/00,0,11.39,TOTAL,1.6393,0.10465,microSv/hr,ICRP Pub. 103 EFFECTIVE DOSE,-0.3420201433256687,0.9396926207859084,-0.8660254037844386,0.5000000000000001,-0.812515199995,0.9705137304841952,-20.00000_-60.00000,1.065386082313102,1.901959162911243,0.09487235182890685,0.2626591629112429
L0000.ANS,-20.0,-50.0,9.99987840004,2002/01/00,0,10.97,TOTAL,1.6821,0.10769,microSv/hr,ICRP Pub. 103 EFFECTIVE DOSE,-0.3420201433256687,0.9396926207859084,-0.766044443118978,0.6427876096865394,-0.812515199995,0.9866000697721512,-20.00000_-50.00000,1.067463800999851,1.907994885788002,0.08086373122769974,0.2258948857880021
L0000.ANS,-20.0,-40.0,9.99987840004,2002/01/00,0,10.31,TOTAL,1.7536,0.11403,microSv/hr,ICRP Pub. 103 EFFECTIVE DOSE,-0.3420201433256687,0.9396926207859084,-0.6427876096865393,0.766044443118978,-0.812515199995,1.0129091464751379,-20.00000_-40.00000,1.0694196558231626,1.9136880673149346,0.05651050934802471,0.16008806731493452
L0000.ANS,-20.0,-30.0,9.99987840004,2002/01/00,0,9.54,TOTAL,1.8675,0.12198,microSv/hr,ICRP Pub. 103 EFFECTIVE DOSE,-0.3420201433256687,0.9396926207859084,-0.49999999999999994,0.8660254037844387,-0.812515199995,1.0534405700213887,-20.00000_-30.00000,1.071194219123941,1.9188631816550317,0.017753649102552282,0.05136318165503173
L0000.ANS,-20.0,-20.0,9.99987840004,2002/01/00,0,8.94,TOTAL,1.9668,0.12786,microSv/hr,ICRP Pub. 103 EFFECTIVE DOSE,-0.3420201433256687,0.9396926207859084,-0.3420201433256687,0.9396926207859084,-0.812515199995,1.087483930880266,-20.00000_-20.00000,1.0727335716942643,1.923359801249665,-0.01475035918600165,-0.043440198750335
L0000.ANS,-20.0,-10.0,9.99987840004,2002/01/00,0,8.5,TOTAL,2.0365,0.13446,microSv/hr,ICRP Pub. 103 EFFECTIVE DOSE,-0.3420201433256687,0.9396926207859084,-0.17364817766693033,0.984807753012208,-0.812515199995,1.1107055363554932,-20.00000_-10.00000,1.0739909410852335,1.9270378562348478,-0.036714595270259665,-0.1094621437651524
L0000.ANS,-20.0,0.0,9.99987840004,2002/01/00,0,8.42,TOTAL,2.0486,0.13546,microSv/hr,ICRP Pub. 103 EFFECTIVE DOSE,-0.3420201433256687,0.9396926207859084,0.0,1.0,-0.812515199995,1.1146824688456043,-20.00000_0.00000,1.0749281227641632,1.9297823083114738,-0.03975434608144113,-0.11881769168852618
L0000.ANS,-20.0,10.0,9.99987840004,2002/01/00,0,8.57,TOTAL,2.0264,0.13327,microSv/hr,ICRP Pub. 103 EFFECTIVE DOSE,-0.3420201433256687,0.9396926207859084,0.17364817766693033,0.984807753012208,-0.812515199995,1.1073737943366826,-20.00000_10.00000,1.0755166409399761,1.9315070459210255,-0.03185715339670647,-0.09489295407897469
L0000.ANS,-20.0,20.0,9.99987840004,2002/01/00,0,8.92,TOTAL,1.9694,0.12803,microSv/hr,ICRP Pub. 103 EFFECTIVE DOSE,-0.3420201433256687,0.9396926207859084,0.3420201433256687,0.9396926207859084,-0.812515199995,1.0883599122037584,-20.00000_20.00000,1.0757386137857048,1.932157833108152,-0.012621298418053595,-0.037242166891848116
L0000.ANS,-20.0,30.0,9.99987840004,2002/01/00,0,9.32,TOTAL,1.9018,0.12479,microSv/hr,ICRP Pub. 103 EFFECTIVE DOSE,-0.3420201433256687,0.9396926207859084,0.49999999999999994,0.8660254037844387,-0.812515199995,1.0653312340994476,-20.00000_30.00000,1.0755872967687554,1.931714181298502,0.010256062669307786,0.029914181298501985
L0000.ANS,-20.0,40.0,9.99987840004,2002/01/00,0,9.75,TOTAL,1.8372,0.11894,microSv/hr,ICRP Pub. 103 EFFECTIVE DOSE,-0.3420201433256687,0.9396926207859084,0.6427876096865393,0.766044443118978,-0.812515199995,1.0428176503457947,-20.00000_40.00000,1.0750672875801177,1.9301900592988344,0.03224963723432306,0.09299005929883442
L0000.ANS,-20.0,50.0,9.99987840004,2002/01/00,0,10.12,TOTAL,1.7811,0.11515,microSv/hr,ICRP Pub. 103 EFFECTIVE DOSE,-0.3420201433256687,0.9396926207859084,0.766044443118978,0.6427876096865394,-0.812515199995,1.0228465328937295,-20.00000_50.00000,1.0741943864358514,1.9276334090569534,0.0513478535421219,0.14653340905695345
L0000.ANS,-20.0,60.0,9.99987840004,2002/01/00,0,10.38,TOTAL,1.7437,0.11382,microSv/hr,ICRP Pub. 103 EFFECTIVE DOSE,-0.3420201433256687,0.9396926207859084,0.8660254037844386,0.5000000000000001,-0.812515199995,1.009307374440675,-20.00000_60.00000,1.0729951159955156,1.9241244893417362,0.06368774155484047,0.18042448934173616
L0000.ANS,-20.0,70.0,9.99987840004,2002/01/00,0,10.62,TOTAL,1.7174,0.11111,microSv/hr,ICRP Pub. 103 EFFECTIVE DOSE,-0.3420201433256687,0.9396926207859084,0.9396926207859083,0.3420201433256688,-0.812515199995,0.9996755408080862,-20.00000_70.00000,1.0715059154845799,1.919773122491213,0.07183037467649367,0.20237312249121286
L0000.ANS,-20.0,80.0,9.99987840004,2002/01/00,0,10.72,TOTAL,1.7073,0.11001,microSv/hr,ICRP Pub. 103 EFFECTIVE DOSE,-0.3420201433256687,0.9396926207859084,0.984807753012208,0.17364817766693041,-0.812515199995,0.9959518282818351,-20.00000_80.00000,1.0697720335069967,1.9147149668851302,0.07382020522516153,0.20741496688513017
L0000.ANS,-20.0,90.0,9.99987840004,2002/01/00,0,10.83,TOTAL,1.6957,0.10887,microSv/hr,ICRP Pub. 103 EFFECTIVE DOSE,-0.3420201433256687,0.9396926207859084,1.0,6.123233995736766e-17,-0.812515199995,0.9916579108940394,-20.00000_90.00000,1.067846153189269,1.9091069765910276,0.07618824229522947,0.2134069765910276
L0000.ANS,-20.0,100.0,9.99987840004,2002/01/00,0,10.91,TOTAL,1.6874,0.10813,microSv/hr,ICRP Pub. 103 EFFECTIVE DOSE,-0.3420201433256687,0.9396926207859084,0.984807753012208,-0.1736481776669303,-0.812515199995,0.9885741834591724,-20.00000_100.00000,1.065786791430308,1.9031222374172976,0.07721260797113572,0.21572223741729757
L0000.ANS,-20.0,110.0,9.99987840004,2002/01/00,0,10.99,TOTAL,1.6792,0.10747,microSv/hr,ICRP Pub. 103 EFFECTIVE DOSE,-0.3420201433256687,0.9396926207859084,0.9396926207859084,-0.3420201433256687,-0.812515199995,0.9855182424978578,-20.00000_110.00000,1.0636565208950728,1.896944384240323,0.07813827839721499,0.21774438424032305
L0000.ANS,-20.0,120.0,9.99987840004,2002/01/00,0,10.77,TOTAL,1.7025,0.10953,microSv/hr,ICRP Pub. 103 EFFECTIVE DOSE,-0.3420201433256687,0.9396926207859084,0.8660254037844387,-0.4999999999999998,-0.812515199995,0.9941772705312263,-20.00000_120.00000,1.061520068775807,1.8907618080119208,0.06734279824458078,0.18826180801192094
L0000.ANS,-20.0,130.0,9.99987840004,2002/01/00,0,10.73,TOTAL,1.7065,0.10994,microSv/hr,ICRP Pub. 103 EFFECTIVE DOSE,-0.3420201433256687,0.9396926207859084,0.766044443118978,-0.6427876096865394,-0.812515199995,0.9956562872548955,-20.00000_130.00000,1.0594423500890582,1.88476185345177,0.06378606283416266,0.17826185345177015
L0000.ANS,-20.0,140.0,9.99987840004,2002/01/00,0,10.51,TOTAL,1.7294,0.11252,microSv/hr,ICRP Pub. 103 EFFECTIVE DOSE,-0.3420201433256687,0.9396926207859084,0.6427876096865395,-0.7660444431189779,-0.812515199995,1.0040818048218765,-20.00000_140.00000,1.0574864952657466,1.879125192109087,0.053404690443870084,0.14972519210908697
L0000.ANS,-20.0,150.0,9.99987840004,2002/01/00,0,10.74,TOTAL,1.7057,0.10985,microSv/hr,ICRP Pub. 103 EFFECTIVE DOSE,-0.3420201433256687,0.9396926207859084,0.49999999999999994,-0.8660254037844387,-0.812515199995,0.9953606588576351,-20.00000_150.00000,1.0557119319649684,1.8740205328149269,0.060351273107333236,0.16832053281492687
L0000.ANS,-20.0,160.0,9.99987840004,2002/01/00,0,11.4,TOTAL,1.639,0.10463,microSv/hr,ICRP Pub. 103 EFFECTIVE DOSE,-0.3420201433256687,0.9396926207859084,0.3420201433256689,-0.9396926207859083,-0.812515199995,0.9704000575211871,-20.00000_160.00000,1.054172579394645,1.8695998053226388,0.08377252187345796,0.2305998053226388
L0000.ANS,-20.0,170.0,9.99987840004,2002/01/00,0,12.08,TOTAL,1.5755,0.10059,microSv/hr,ICRP Pub. 103 EFFECTIVE DOSE,-0.3420201433256687,0.9396926207859084,0.17364817766693028,-0.984807753012208,-0.812515199995,0.9460436900235027,-20.00000_170.00000,1.0529152100036758,1.8659939257994327,0.10687151998017308,0.2904939257994328
L0000.ANS,-15.0,-179.99999,9.99987840004,2002/01/00,0,13.75,TOTAL,1.4425,0.090559,microSv/hr,ICRP Pub. 103 EFFECTIVE DOSE,-0.25881904510252074,0.9659258262890683,-1.745329251238221e-07,-0.9999999999999848,-0.812515199995,0.8930221049348007,-15.00000_-179.99999,1.0312506339721739,1.8045711342567219,0.13822852903737315,0.362071134256722
L0000.ANS,-15.0,-170.0,9.99987840004,2002/01/00,0,13.82,TOTAL,1.4372,0.089992,microSv/hr,ICRP Pub. 103 EFFECTIVE DOSE,-0.25881904510252074,0.9659258262890683,-0.17364817766693028,-0.984807753012208,-0.812515199995,0.8908498393922023,-15.00000_-170.00000,1.0306621165630974,1.8029210809094036,0.13981227717089506,0.3657210809094036
L0000.ANS,-15.0,-160.0,9.99987840004,2002/01/00,0,13.83,TOTAL,1.4367,0.089935,microSv/hr,ICRP Pub. 103 EFFECTIVE DOSE,-0.25881904510252074,0.9659258262890683,-0.3420201433256689,-0.9396926207859083,-0.812515199995,0.8906446648905695,-15.00000_-160.00000,1.0304401437173687,1.8022989775882978,0.1397954788267992,0.36559897758829774
L0000.ANS,-15.0,-150.0,9.99987840004,2002/01/00,0,13.8,TOTAL,1.4389,0.090169,microSv/hr,ICRP Pub. 103 EFFECTIVE DOSE,-0.25881904510252074,0.9659258262890683,-0.49999999999999994,-0.8660254037844387,-0.812515199995,0.8915471179832394,-15.00000_-150.00000,1.030591460734318,1.8027230451937002,0.1390443427510787,0.3638230451937001
L0000.ANS,-15.0,-140.0,9.99987840004,2002/01/00,0,13.73,TOTAL,1.4438,0.090699,microSv/hr,ICRP Pub. 103 EFFECTIVE DOSE,-0.25881904510252074,0.9659258262890683,-0.6427876096865395,-0.7660444431189779,-0.812515199995,0.8935542049002848,-15.00000_-140.00000,1.0311114699229558,1.804180865937648,0.13755726502267096,0.36038086593764795
L0000.ANS,-15.0,-130.0,9.99987840004,2002/01/00,0,13.63,TOTAL,1.451,0.091531,microSv/hr,ICRP Pub. 103 EFFECTIVE DOSE,-0.25881904510252074,0.9659258262890683,-0.766044443118978,-0.6427876096865394,-0.812515199995,0.8964961045459756,-15.00000_-130.00000,1.031984371067222,1.8066297072669615,0.13548826652124646,0.3556297072669614
L0000.ANS,-15.0,-120.0,9.99987840004,2002/01/00,0,13.47,TOTAL,1.4617,0.09286,microSv/hr,ICRP Pub. 103 EFFECTIVE DOSE,-0.25881904510252074,0.9659258262890683,-0.8660254037844387,-0.4999999999999998,-0.812515199995,0.9008521681849637,-15.00000_-120.00000,1.033183641507558,1.8099976344359447,0.1323314733225942,0.34829763443594475
L0000.ANS,-15.0,-110.0,9.99987840004,2002/01/00,0,13.28,TOTAL,1.477,0.093317,microSv/hr,ICRP Pub. 103 EFFECTIVE DOSE,-0.25881904510252074,0.9659258262890683,-0.9396926207859084,-0.3420201433256687,-0.812515199995,0.9070481505072225,-15.00000_-110.00000,1.0346728420184936,1.814185401787574,0.1276246915112711,0.33718540178757395
L0000.ANS,-15.0,-100.0,9.99987840004,2002/01/00,0,13.03,TOTAL,1.4972,0.094109,microSv/hr,ICRP Pub. 103 EFFECTIVE DOSE,-0.25881904510252074,0.9659258262890683,-0.984807753012208,-0.1736481776669303,-0.812515199995,0.9151701042054521,-15.00000_-100.00000,1.0364067239960768,1.8190690997917804,0.12123661979062472,0.32186909979178036
L0000.ANS,-15.0,-90.0,9.99987840004,2002/01/00,0,12.73,TOTAL,1.5205,0.095644,microSv/hr,ICRP Pub. 103 EFFECTIVE DOSE,-0.25881904510252074,0.9659258262890683,-1.0,6.123233995736766e-17,-0.812515199995,0.9244572945405485,-15.00000_-90.00000,1.0383326043138044,1.8245035208279436,0.11387530977325588,0.3040035208279437
L0000.ANS,-15.0,-80.0,9.99987840004,2002/01/00,0,12.44,TOTAL,1.5444,0.09759,microSv/hr,ICRP Pub. 103 EFFECTIVE DOSE,-0.25881904510252074,0.9659258262890683,-0.984807753012208,0.17364817766693041,-0.812515199995,0.9338948658225121,-15.00000_-80.00000,1.0403919660727654,1.8303261887988511,0.10649710025025327,0.2859261887988511
L0000.ANS,-15.0,-70.0,9.99987840004,2002/01/00,0,12.2,TOTAL,1.5656,0.099533,microSv/hr,ICRP Pub. 103 EFFECTIVE DOSE,-0.25881904510252074,0.9659258262890683,-0.9396926207859083,0.3420201433256688,-0.812515199995,0.9421923693968082,-15.00000_-70.00000,1.0425222366080007,1.836361975931137,0.10032986721119252,0.2707619759311368
L0000.ANS,-15.0,-60.0,9.99987840004,2002/01/00,0,11.98,TOTAL,1.5844,0.10163,microSv/hr,ICRP Pub. 103 EFFECTIVE DOSE,-0.25881904510252074,0.9659258262890683,-0.8660254037844386,0.5000000000000001,-0.812515199995,0.9494933727018733,-15.00000_-60.00000,1.0446586887272664,1.8424282052824912,0.09516531602539313,0.25802820528249115
L0000.ANS,-15.0,-50.0,9.99987840004,2002/01/00,0,11.7,TOTAL,1.6098,0.10341,microSv/hr,ICRP Pub. 103 EFFECTIVE DOSE,-0.25881904510252074,0.9659258262890683,-0.766044443118978,0.6427876096865394,-0.812515199995,0.9592735900460094,-15.00000_-50.00000,1.0467364074140153,1.8483401109920663,0.08746281736800587,0.2385401109920664
L0000.ANS,-15.0,-40.0,9.99987840004,2002/01/00,0,11.28,TOTAL,1.6502,0.10536,microSv/hr,ICRP Pub. 103 EFFECTIVE DOSE,-0.25881904510252074,0.9659258262890683,-0.6427876096865393,0.766044443118978,-0.812515199995,0.9746351088483987,-15.00000_-40.00000,1.048692262237327,1.85391650226482,0.07405715338892827,0.2037165022648202
L0000.ANS,-15.0,-30.0,9.99987840004,2002/01/00,0,10.79,TOTAL,1.6998,0.10927,microSv/hr,ICRP Pub. 103 EFFECTIVE DOSE,-0.25881904510252074,0.9659258262890683,-0.49999999999999994,0.8660254037844387,-0.812515199995,0.9931776961925896,-15.00000_-30.00000,1.050466825538105,1.8589854540108866,0.057289129345515555,0.15918545401088657
L0000.ANS,-15.0,-20.0,9.99987840004,2002/01/00,0,10.3,TOTAL,1.7553,0.11407,microSv/hr,ICRP Pub. 103 EFFECTIVE DOSE,-0.25881904510252074,0.9659258262890683,-0.3420201433256687,0.9396926207859084,-0.812515199995,1.013526329598434,-15.00000_-20.00000,1.0520061781084284,1.863389829691828,0.03847984850999442,0.10808982969182801
L0000.ANS,-15.0,-10.0,9.99987840004,2002/01/00,0,10.0,TOTAL,1.7995,0.11629,microSv/hr,ICRP Pub. 103 EFFECTIVE DOSE,-0.25881904510252074,0.9659258262890683,-0.17364817766693033,0.984807753012208,-0.812515199995,1.029440829806811,-15.00000_-10.00000,1.0532635474993977,1.866992432844925,0.023822717692586703,0.0674924328449249
L0000.ANS,-15.0,0.0,9.99987840004,2002/01/00,0,10.09,TOTAL,1.7865,0.11546,microSv/hr,ICRP Pub. 103 EFFECTIVE DOSE,-0.25881904510252074,0.9659258262890683,0.0,1.0,-0.812515199995,1.0247863280274538,-15.00000_0.00000,1.0542007291783273,1.8696805850733742,0.02941440115087346,0.08318058507337422
L0000.ANS,-15.0,10.0,9.99987840004,2002/01/00,0,10.26,TOTAL,1.7613,0.11426,microSv/hr,ICRP Pub. 103 EFFECTIVE DOSE,-0.25881904510252074,0.9659258262890683,0.17364817766693033,0.984807753012208,-0.812515199995,1.0157015833293062,-15.00000_10.00000,1.0547892473541403,1.8713699413161349,0.0390876640248341,0.11006994131613479
L0000.ANS,-15.0,20.0,9.99987840004,2002/01/00,0,10.61,TOTAL,1.7187,0.11126,microSv/hr,ICRP Pub. 103 EFFECTIVE DOSE,-0.25881904510252074,0.9659258262890683,0.3420201433256687,0.9396926207859084,-0.812515199995,1.0001538248811466,-15.00000_20.00000,1.055011220199869,1.8720073782173727,0.05485739531872236,0.15330737821737284
L0000.ANS,-15.0,30.0,9.99987840004,2002/01/00,0,11.1,TOTAL,1.6681,0.10666,microSv/hr,ICRP Pub. 103 EFFECTIVE DOSE,-0.25881904510252074,0.9659258262890683,0.49999999999999994,0.8660254037844387,-0.812515199995,0.9813666086103427,-15.00000_30.00000,1.0548599031829196,1.8715728275065322,0.0734932945725768,0.20347282750653228
L0000.ANS,-15.0,40.0,9.99987840004,2002/01/00,0,11.65,TOTAL,1.6145,0.10355,microSv/hr,ICRP Pub. 103 EFFECTIVE DOSE,-0.25881904510252074,0.9659258262890683,0.6427876096865393,0.766044443118978,-0.812515199995,0.9610728746460483,-15.00000_40.00000,1.054339893994282,1.8700799714334648,0.09326701934823378,0.2555799714334648
L0000.ANS,-15.0,50.0,9.99987840004,2002/01/00,0,12.1,TOTAL,1.5733,0.10035,microSv/hr,ICRP Pub. 103 EFFECTIVE DOSE,-0.25881904510252074,0.9659258262890683,0.766044443118978,0.6427876096865394,-0.812515199995,0.9451891219168038,-15.00000_50.00000,1.0534669928500158,1.8675757684620922,0.10827787093321195,0.29427576846209225
L0000.ANS,-15.0,60.0,9.99987840004,2002/01/00,0,12.53,TOTAL,1.5371,0.097026,microSv/hr,ICRP Pub. 103 EFFECTIVE DOSE,-0.25881904510252074,0.9659258262890683,0.8660254037844386,0.5000000000000001,-0.812515199995,0.9310216964741491,-15.00000_60.00000,1.05226772240968,1.8641388309282783,0.1212460259355308,0.32703883092827835
L0000.ANS,-15.0,70.0,9.99987840004,2002/01/00,0,12.94,TOTAL,1.5041,0.094496,microSv/hr,ICRP Pub. 103 EFFECTIVE DOSE,-0.25881904510252074,0.9659258262890683,0.9396926207859083,0.3420201433256688,-0.812515199995,0.9179293885426636,-15.00000_70.00000,1.050778521898744,1.8598767282682764,0.1328491333560804,0.35577672826827644
L0000.ANS,-15.0,80.0,9.99987840004,2002/01/00,0,13.15,TOTAL,1.487,0.093645,microSv/hr,ICRP Pub. 103 EFFECTIVE DOSE,-0.25881904510252074,0.9659258262890683,0.984807753012208,0.17364817766693041,-0.812515199995,0.9110771648212677,-15.00000_80.00000,1.049044639921161,1.8549223359580098,0.13796747509989338,0.3679223359580097
L0000.ANS,-15.0,90.0,9.99987840004,2002/01/00,0,13.31,TOTAL,1.4745,0.093253,microSv/hr,ICRP Pub. 103 EFFECTIVE DOSE,-0.25881904510252074,0.9659258262890683,1.0,6.123233995736766e-17,-0.812515199995,0.9060383554098037,-15.00000_90.00000,1.0471187596034333,1.8494293883002224,0.14108040419362955,0.3749293883002225
L0000.ANS,-15.0,100.0,9.99987840004,2002/01/00,0,13.41,TOTAL,1.466,0.093098,microSv/hr,ICRP Pub. 103 EFFECTIVE DOSE,-0.25881904510252074,0.9659258262890683,0.984807753012208,-0.1736481776669303,-0.812515199995,0.9025974047421526,-15.00000_100.00000,1.0450593978444724,1.8435674204110521,0.14246199310231988,0.3775674204110522
L0000.ANS,-15.0,110.0,9.99987840004,2002/01/00,0,13.45,TOTAL,1.4632,0.093048,microSv/hr,ICRP Pub. 103 EFFECTIVE DOSE,-0.25881904510252074,0.9659258262890683,0.9396926207859084,-0.3420201433256687,-0.812515199995,0.9014613176281536,-15.00000_110.00000,1.042929127309237,1.8375163000704366,0.1414678096810833,0.3743163000704366
L0000.ANS,-15.0,120.0,9.99987840004,2002/01/00,0,13.39,TOTAL,1.468,0.093125,microSv/hr,ICRP Pub. 103 EFFECTIVE DOSE,-0.25881904510252074,0.9659258262890683,0.8660254037844387,-0.4999999999999998,-0.812515199995,0.9034081060431414,-15.00000_120.00000,1.0407926751899714,1.8314605535673438,0.13738456914683006,0.36346055356734386
L0000.ANS,-15.0,130.0,9.99987840004,2002/01/00,0,13.31,TOTAL,1.4741,0.093243,microSv/hr,ICRP Pub. 103 EFFECTIVE DOSE,-0.25881904510252074,0.9659258262890683,0.766044443118978,-0.6427876096865394,-0.812515199995,0.9058766935252823,-15.00000_130.00000,1.0387149565032225,1.8255836824210672,0.1328382629779402,0.3514836824210672
L0000.ANS,-15.0,140.0,9.99987840004,2002/01/00,0,13.31,TOTAL,1.4747,0.093258,microSv/hr,ICRP Pub. 103 EFFECTIVE DOSE,-0.25881904510252074,0.9659258262890683,0.6427876096865395,-0.7660444431189779,-0.812515199995,0.9061191765526586,-15.00000_140.00000,1.036759101679911,1.8200626518742435,0.1306399251272523,0.34536265187424364
L0000.ANS,-15.0,150.0,9.99987840004,2002/01/00,0,13.35,TOTAL,1.4712,0.093182,microSv/hr,ICRP Pub. 103 EFFECTIVE DOSE,-0.25881904510252074,0.9659258262890683,0.49999999999999994,-0.8660254037844387,-0.812515199995,0.9047038626222349,-15.00000_150.00000,1.0349845383791325,1.8150627098552374,0.1302806757568976,0.34386270985523737
L0000.ANS,-15.0,160.0,9.99987840004,2002/01/00,0,13.48,TOTAL,1.4611,0.092785,microSv/hr,ICRP Pub. 103 EFFECTIVE DOSE,-0.25881904510252074,0.9659258262890683,0.3420201433256689,-0.9396926207859083,-0.812515199995,0.9006084044720479,-15.00000_160.00000,1.0334451858088092,1.8107326694216765,0.13283678133676124,0.3496326694216765
L0000.ANS,-15.0,170.0,9.99987840004,2002/01/00,0,13.63,TOTAL,1.451,0.09153,microSv/hr,ICRP Pub. 103 EFFECTIVE DOSE,-0.25881904510252074,0.9659258262890683,0.17364817766693028,-0.984807753012208,-0.812515199995,0.8964961045459756,-15.00000_170.00000,1.03218781641784,1.8072007611189669,0.13569171187186435,0.3562007611189668
L0000.ANS,-10.0,-179.99999,9.99987840004,2002/01/00,0,14.61,TOTAL,1.3849,0.085362,microSv/hr,ICRP Pub. 103 EFFECTIVE DOSE,-0.17364817766693033,0.984807753012208,-1.745329251238221e-07,-0.9999999999999848,-0.812515199995,0.8691571947400971,-10.00000_-179.99999,1.0156758297608541,1.761228887587137,0.14651863502075702,0.3763288875871369
L0000.ANS,-10.0,-170.0,9.99987840004,2002/01/00,0,14.54,TOTAL,1.389,0.08566,microSv/hr,ICRP Pub. 103 EFFECTIVE DOSE,-0.17364817766693033,0.984807753012208,-0.17364817766693028,-0.984807753012208,-0.812515199995,0.8708748683436724,-10.00000_-170.00000,1.0150873123517776,1.7596043344021517,0.14421244400810518,0.3706043344021517
L0000.ANS,-10.0,-160.0,9.99987840004,2002/01/00,0,14.44,TOTAL,1.3956,0.086181,microSv/hr,ICRP Pub. 103 EFFECTIVE DOSE,-0.17364817766693033,0.984807753012208,-0.3420201433256689,-0.9396926207859083,-0.812515199995,0.8736337214081703,-10.00000_-160.00000,1.014865339506049,1.7589918451554647,0.14123161809787865,0.36339184515546474
L0000.ANS,-10.0,-150.0,9.99987840004,2002/01/00,0,14.31,TOTAL,1.404,0.086924,microSv/hr,ICRP Pub. 103 EFFECTIVE DOSE,-0.17364817766693033,0.984807753012208,-0.49999999999999994,-0.8660254037844387,-0.812515199995,0.8771340166729611,-10.00000_-150.00000,1.0150166565229983,1.7594093591589512,0.13788263985003724,0.35540935915895133
L0000.ANS,-10.0,-140.0,9.99987840004,2002/01/00,0,14.16,TOTAL,1.4141,0.087869,microSv/hr,ICRP Pub. 103 EFFECTIVE DOSE,-0.17364817766693033,0.984807753012208,-0.6427876096865395,-0.7660444431189779,-0.812515199995,0.8813265468380598,-10.00000_-140.00000,1.015536665711636,1.7608446505309348,0.13421011887357626,0.34674465053093484
L0000.ANS,-10.0,-130.0,9.99987840004,2002/01/00,0,13.97,TOTAL,1.4268,0.088962,microSv/hr,ICRP Pub. 103 EFFECTIVE DOSE,-0.17364817766693033,0.984807753012208,-0.766044443118978,-0.6427876096865394,-0.812515199995,0.8865735170860057,-10.00000_-130.00000,1.0164095668559021,1.7632556471132723,0.12983604976989638,0.33645564711327225
L0000.ANS,-10.0,-120.0,9.99987840004,2002/01/00,0,13.76,TOTAL,1.4415,0.090455,microSv/hr,ICRP Pub. 103 EFFECTIVE DOSE,-0.17364817766693033,0.984807753012208,-0.8660254037844387,-0.4999999999999998,-0.812515199995,0.8926126045195779,-10.00000_-120.00000,1.0176088372962382,1.7665715258502017,0.12499623277666028,0.3250715258502017
L0000.ANS,-10.0,-110.0,9.99987840004,2002/01/00,0,13.52,TOTAL,1.4585,0.092452,microSv/hr,ICRP Pub. 103 EFFECTIVE DOSE,-0.17364817766693033,0.984807753012208,-0.9396926207859084,-0.3420201433256687,-0.812515199995,0.899551407869857,-10.00000_-110.00000,1.019098037807174,1.7706945748413903,0.1195466299373169,0.31219457484139035
L0000.ANS,-10.0,-100.0,9.99987840004,2002/01/00,0,13.24,TOTAL,1.4804,0.093414,microSv/hr,ICRP Pub. 103 EFFECTIVE DOSE,-0.17364817766693033,0.984807753012208,-0.984807753012208,-0.1736481776669303,-0.812515199995,0.9084198374935858,-10.00000_-100.00000,1.020831919784757,1.775502799472512,0.11241208229117128,0.29510279947251217
L0000.ANS,-10.0,-90.0,9.99987840004,2002/01/00,0,12.93,TOTAL,1.505,0.094552,microSv/hr,ICRP Pub. 103 EFFECTIVE DOSE,-0.17364817766693033,0.984807753012208,-1.0,6.123233995736766e-17,-0.812515199995,0.918288734536828,-10.00000_-90.00000,1.0227578001024846,1.7808532361824518,0.1044690655656566,0.27585323618245194
L0000.ANS,-10.0,-80.0,9.99987840004,2002/01/00,0,12.67,TOTAL,1.5256,0.096065,microSv/hr,ICRP Pub. 103 EFFECTIVE DOSE,-0.17364817766693033,0.984807753012208,-0.984807753012208,0.17364817766693041,-0.812515199995,0.9264786582616449,-10.00000_-80.00000,1.0248171618614457,1.7865859198030294,0.09833850359980079,0.2609859198030293
L0000.ANS,-10.0,-70.0,9.99987840004,2002/01/00,0,12.51,TOTAL,1.5384,0.097124,microSv/hr,ICRP Pub. 103 EFFECTIVE DOSE,-0.17364817766693033,0.984807753012208,-0.9396926207859083,0.3420201433256688,-0.812515199995,0.9315339612868487,-10.00000_-70.00000,1.026947432396681,1.792528429010738,0.09541347110983223,0.25412842901073796
L0000.ANS,-10.0,-60.0,9.99987840004,2002/01/00,0,12.43,TOTAL,1.5459,0.097714,microSv/hr,ICRP Pub. 103 EFFECTIVE DOSE,-0.17364817766693033,0.984807753012208,-0.8660254037844386,0.5000000000000001,-0.812515199995,0.9344842220661196,-10.00000_-60.00000,1.0290838845159467,1.7985009099790723,0.0945996624498271,0.25260090997907225
L0000.ANS,-10.0,-50.0,9.99987840004,2002/01/00,0,12.3,TOTAL,1.5567,0.098662,microSv/hr,ICRP Pub. 103 EFFECTIVE DOSE,-0.17364817766693033,0.984807753012208,-0.766044443118978,0.6427876096865394,-0.812515199995,0.9387173644357116,-10.00000_-50.00000,1.0311616032026953,1.8043214522454374,0.09244423876698371,0.2476214522454374
L0000.ANS,-10.0,-40.0,9.99987840004,2002/01/00,0,12.05,TOTAL,1.5777,0.10085,microSv/hr,ICRP Pub. 103 EFFECTIVE DOSE,-0.17364817766693033,0.984807753012208,-0.6427876096865393,0.766044443118978,-0.812515199995,0.9468975284670553,-10.00000_-40.00000,1.0331174580260072,1.8098116651634633,0.08621992955895186,0.23211166516346315
L0000.ANS,-10.0,-30.0,9.99987840004,2002/01/00,0,11.72,TOTAL,1.6072,0.10335,microSv/hr,ICRP Pub. 103 EFFECTIVE DOSE,-0.17364817766693033,0.984807753012208,-0.49999999999999994,0.8660254037844387,-0.812515199995,0.9582768485412148,-10.00000_-30.00000,1.0348920213267854,1.8148022805984085,0.07661517278557062,0.20760228059840857
L0000.ANS,-10.0,-20.0,9.99987840004,2002/01/00,0,11.45,TOTAL,1.634,0.10436,microSv/hr,ICRP Pub. 103 EFFECTIVE DOSE,-0.17364817766693033,0.984807753012208,-0.3420201433256687,0.9396926207859084,-0.812515199995,0.9685036033210892,-10.00000_-20.00000,1.0364313738971087,1.8191385904225577,0.06792777057601951,0.18513859042255776
L0000.ANS,-10.0,-10.0,9.99987840004,2002/01/00,0,11.37,TOTAL,1.6417,0.1048,microSv/hr,ICRP Pub. 103 EFFECTIVE DOSE,-0.17364817766693033,0.984807753012208,-0.17364817766693033,0.984807753012208,-0.812515199995,0.9714226493121545,-10.00000_-10.00000,1.037688743288078,1.8226855184271062,0.06626609397592342,0.1809855184271063
L0000.ANS,-10.0,0.0,9.99987840004,2002/01/00,0,11.48,TOTAL,1.631,0.10421,microSv/hr,ICRP Pub. 103 EFFECTIVE DOSE,-0.17364817766693033,0.984807753012208,0.0,1.0,-0.812515199995,0.9673640020581558,-10.00000_0.00000,1.0386259249670076,1.825332127563441,0.0712619229088518,0.1943321275634411
L0000.ANS,-10.0,10.0,9.99987840004,2002/01/00,0,11.72,TOTAL,1.6078,0.10336,microSv/hr,ICRP Pub. 103 EFFECTIVE DOSE,-0.17364817766693033,0.984807753012208,0.17364817766693033,0.984807753012208,-0.812515199995,0.9585069540072348,-10.00000_10.00000,1.0392144431428205,1.8269953762512565,0.08070748913558567,0.21919537625125662
L0000.ANS,-10.0,20.0,9.99987840004,2002/01/00,0,12.07,TOTAL,1.5763,0.10068,microSv/hr,ICRP Pub. 103 EFFECTIVE DOSE,-0.17364817766693033,0.984807753012208,0.3420201433256687,0.9396926207859084,-0.812515199995,0.9463542610885405,-10.00000_20.00000,1.0394364159885492,1.8276229621107174,0.0930821549000087,0.25132296211071736
L0000.ANS,-10.0,30.0,9.99987840004,2002/01/00,0,12.52,TOTAL,1.5377,0.097067,microSv/hr,ICRP Pub. 103 EFFECTIVE DOSE,-0.17364817766693033,0.984807753012208,0.49999999999999994,0.8660254037844387,-0.812515199995,0.9312581589959414,-10.00000_30.00000,1.0392850989715998,1.8271951270092153,0.10802693997565838,0.2894951270092152
L0000.ANS,-10.0,40.0,9.99987840004,2002/01/00,0,13.05,TOTAL,1.495,0.093999,microSv/hr,ICRP Pub. 103 EFFECTIVE DOSE,-0.17364817766693033,0.984807753012208,0.6427876096865393,0.766044443118978,-0.812515199995,0.914288729203482,-10.00000_40.00000,1.0387650897829623,1.82572534174914,0.1244763605794803,0.3307253417491398
L0000.ANS,-10.0,50.0,9.99987840004,2002/01/00,0,13.61,TOTAL,1.4521,0.09167,microSv/hr,ICRP Pub. 103 EFFECTIVE DOSE,-0.17364817766693033,0.984807753012208,0.766044443118978,0.6427876096865394,-0.812515199995,0.8969448002766174,-10.00000_50.00000,1.037892188638696,1.8232598390915409,0.14094738836207865,0.37115983909154093
L0000.ANS,-10.0,60.0,9.99987840004,2002/01/00,0,14.1,TOTAL,1.4178,0.088167,microSv/hr,ICRP Pub. 103 EFFECTIVE DOSE,-0.17364817766693033,0.984807753012208,0.8660254037844386,0.5000000000000001,-0.812515199995,0.8828580357857545,-10.00000_60.00000,1.0366929181983602,1.8198760164859094,0.15383488241260568,0.4020760164859094
L0000.ANS,-10.0,70.0,9.99987840004,2002/01/00,0,14.49,TOTAL,1.392,0.085892,microSv/hr,ICRP Pub. 103 EFFECTIVE DOSE,-0.17364817766693033,0.984807753012208,0.9396926207859083,0.3420201433256688,-0.812515199995,0.8721298360883852,-10.00000_70.00000,1.0352037176874243,1.8156797809749214,0.16307388159903902,0.42367978097492154
L0000.ANS,-10.0,80.0,9.99987840004,2002/01/00,0,14.78,TOTAL,1.3736,0.08466,microSv/hr,ICRP Pub. 103 EFFECTIVE DOSE,-0.17364817766693033,0.984807753012208,0.984807753012208,0.17364817766693041,-0.812515199995,0.864407789994475,-10.00000_80.00000,1.033469835709841,1.8108019545577374,0.1690620457153661,0.43720195455773747
L0000.ANS,-10.0,90.0,9.99987840004,2002/01/00,0,14.96,TOTAL,1.3617,0.084106,microSv/hr,ICRP Pub. 103 EFFECTIVE DOSE,-0.17364817766693033,0.984807753012208,1.0,6.123233995736766e-17,-0.812515199995,0.8593816987009688,-10.00000_90.00000,1.0315439553921135,1.8053938957050228,0.1721622566911447,0.44369389570502293
L0000.ANS,-10.0,100.0,9.99987840004,2002/01/00,0,15.06,TOTAL,1.3555,0.083893,microSv/hr,ICRP Pub. 103 EFFECTIVE DOSE,-0.17364817766693033,0.984807753012208,0.984807753012208,-0.1736481776669303,-0.812515199995,0.8567530191579587,-10.00000_100.00000,1.0294845936331525,1.799622519512785,0.17273157447519383,0.44412251951278514
L0000.ANS,-10.0,110.0,9.99987840004,2002/01/00,0,15.05,TOTAL,1.356,0.083909,microSv/hr,ICRP Pub. 103 EFFECTIVE DOSE,-0.17364817766693033,0.984807753012208,0.9396926207859084,-0.3420201433256687,-0.812515199995,0.8569652657893403,-10.00000_110.00000,1.0273543230979172,1.7936649140583594,0.1703890573085769,0.4376649140583593
L0000.ANS,-10.0,120.0,9.99987840004,2002/01/00,0,14.94,TOTAL,1.363,0.084158,microSv/hr,ICRP Pub. 103 EFFECTIVE DOSE,-0.17364817766693033,0.984807753012208,0.8660254037844387,-0.4999999999999998,-0.812515199995,0.8599319982047708,-10.00000_120.00000,1.0252178709786517,1.787702753934838,0.16528587277388085,0.42470275393483803
L0000.ANS,-10.0,130.0,9.99987840004,2002/01/00,0,14.79,TOTAL,1.3731,0.084634,microSv/hr,ICRP Pub. 103 EFFECTIVE DOSE,-0.17364817766693033,0.984807753012208,0.766044443118978,-0.6427876096865394,-0.812515199995,0.8641971173158354,-10.00000_130.00000,1.0231401522919028,1.7819167048025786,0.15894303497606743,0.4088167048025786
L0000.ANS,-10.0,140.0,9.99987840004,2002/01/00,0,14.65,TOTAL,1.3823,0.085185,microSv/hr,ICRP Pub. 103 EFFECTIVE DOSE,-0.17364817766693033,0.984807753012208,0.6427876096865395,-0.7660444431189779,-0.812515199995,0.8680664075871379,-10.00000_140.00000,1.0211842974685912,1.776480997057843,0.15311788988145325,0.39418099705784293
L0000.ANS,-10.0,150.0,9.99987840004,2002/01/00,0,14.6,TOTAL,1.3855,0.085406,microSv/hr,ICRP Pub. 103 EFFECTIVE DOSE,-0.17364817766693033,0.984807753012208,0.49999999999999994,-0.8660254037844387,-0.812515199995,0.8694087459740246,-10.00000_150.00000,1.0194097341678128,1.7715583248636864,0.15000098819378815,0.3860583248636864
L0000.ANS,-10.0,160.0,9.99987840004,2002/01/00,0,14.58,TOTAL,1.3863,0.085461,microSv/hr,ICRP Pub. 103 EFFECTIVE DOSE,-0.17364817766693033,0.984807753012208,0.3420201433256689,-0.9396926207859083,-0.812515199995,0.8697440492170336,-10.00000_160.00000,1.0178703815974894,1.7672952014992875,0.1481263323804558,0.38099520149928745
L0000.ANS,-10.0,170.0,9.99987840004,2002/01/00,0,14.62,TOTAL,1.3842,0.085317,microSv/hr,ICRP Pub. 103 EFFECTIVE DOSE,-0.17364817766693033,0.984807753012208,0.17364817766693028,-0.984807753012208,-0.812515199995,0.8688636383017642,-10.00000_170.00000,1.0166130122065202,1.7638178758167156,0.14774937390475607,0.37961787581671547
L0000.ANS,-5.0,-179.99999,9.99987840004,2002/01/00,0,15.09,TOTAL,1.3534,0.083831,microSv/hr,ICRP Pub. 103 EFFECTIVE DOSE,-0.08715574274765817,0.9961946980917455,-1.745329251238221e-07,-0.9999999999999848,-0.812515199995,0.8558610910476915,-5.00000_-179.99999,1.0053721485884224,1.7329241374618438,0.1495110575407309,0.3795241374618439
L0000.ANS,-5.0,-170.0,9.99987840004,2002/01/00,0,14.94,TOTAL,1.3632,0.084165,microSv/hr,ICRP Pub. 103 EFFECTIVE DOSE,-0.08715574274765817,0.9961946980917455,-0.17364817766693028,-0.984807753012208,-0.812515199995,0.8600166327949783,-5.00000_-170.00000,1.0047836311793459,1.7313162372143143,0.14476699838436757,0.3681162372143143
L0000.ANS,-5.0,-160.0,9.99987840004,2002/01/00,0,14.76,TOTAL,1.3748,0.084728,microSv/hr,ICRP Pub. 103 EFFECTIVE DOSE,-0.08715574274765817,0.9961946980917455,-0.3420201433256689,-0.9396926207859083,-0.812515199995,0.8649132234143833,-5.00000_-160.00000,1.0045616583336172,1.730710026460207,0.13964843491923395,0.3559100264602071
L0000.ANS,-5.0,-150.0,9.99987840004,2002/01/00,0,14.57,TOTAL,1.3872,0.085527,microSv/hr,ICRP Pub. 103 EFFECTIVE DOSE,-0.08715574274765817,0.9961946980917455,-0.49999999999999994,-0.8660254037844387,-0.812515199995,0.8701211310273047,-5.00000_-150.00000,1.0047129753505666,1.7311232606194564,0.13459184432326188,0.34392326061945644
L0000.ANS,-5.0,-140.0,9.99987840004,2002/01/00,0,14.36,TOTAL,1.401,0.086651,microSv/hr,ICRP Pub. 103 EFFECTIVE DOSE,-0.08715574274765817,0.9961946980917455,-0.6427876096865395,-0.7660444431189779,-0.812515199995,0.8758853172391161,-5.00000_-140.00000,1.005232984539204,1.7325438391352093,0.12934766730008795,0.33154383913520924
L0000.ANS,-5.0,-130.0,9.99987840004,2002/01/00,0,14.13,TOTAL,1.4158,0.088003,microSv/hr,ICRP Pub. 103 EFFECTIVE DOSE,-0.08715574274765817,0.9961946980917455,-0.766044443118978,-0.6427876096865394,-0.812515199995,0.882030495189041,-5.00000_-130.00000,1.0061058856834704,1.7349301211217663,0.1240753904944294,0.3191301211217663
L0000.ANS,-5.0,-120.0,9.99987840004,2002/01/00,0,13.87,TOTAL,1.434,0.089665,microSv/hr,ICRP Pub. 103 EFFECTIVE DOSE,-0.08715574274765817,0.9961946980917455,-0.8660254037844387,-0.4999999999999998,-0.812515199995,0.8895359945653354,-5.00000_-120.00000,1.0073051561238062,1.7382120095149332,0.11776916155847084,0.3042120095149332
L0000.ANS,-5.0,-110.0,9.99987840004,2002/01/00,0,13.59,TOTAL,1.4538,0.091867,microSv/hr,ICRP Pub. 103 EFFECTIVE DOSE,-0.08715574274765817,0.9961946980917455,-0.9396926207859084,-0.3420201433256687,-0.812515199995,0.8976378433749455,-5.00000_-110.00000,1.0087943566347422,1.7422927940375825,0.1111565132597967,0.28849279403758255
L0000.ANS,-5.0,-100.0,9.99987840004,2002/01/00,0,13.26,TOTAL,1.4786,0.093361,microSv/hr,ICRP Pub. 103 EFFECTIVE DOSE,-0.08715574274765817,0.9961946980917455,-0.984807753012208,-0.1736481776669303,-0.812515199995,0.9076938846486368,-5.00000_-100.00000,1.010528238612325,1.7470517306153512,0.10283435396368834,0.2684517306153513
L0000.ANS,-5.0,-90.0,9.99987840004,2002/01/00,0,12.94,TOTAL,1.5039,0.094484,microSv/hr,ICRP Pub. 103 EFFECTIVE DOSE,-0.08715574274765817,0.9961946980917455,-1.0,6.123233995736766e-17,-0.812515199995,0.9178495163381484,-5.00000_-90.00000,1.0124541189300529,1.752347321175153,0.09460460259190451,0.248447321175153
L0000.ANS,-5.0,-80.0,9.99987840004,2002/01/00,0,12.73,TOTAL,1.5211,0.095694,microSv/hr,ICRP Pub. 103 EFFECTIVE DOSE,-0.08715574274765817,0.9961946980917455,-0.984807753012208,0.17364817766693041,-0.812515199995,0.9246953142179655,-5.00000_-80.00000,1.0145134806890137,1.7580212403165674,0.08981816647104823,0.23692124031656747
L0000.ANS,-5.0,-70.0,9.99987840004,2002/01/00,0,12.66,TOTAL,1.5261,0.096104,microSv/hr,ICRP Pub. 103 EFFECTIVE DOSE,-0.08715574274765817,0.9961946980917455,-0.9396926207859083,0.3420201433256688,-0.812515199995,0.9266766114265725,-5.00000_-70.00000,1.0166437512242492,1.7639028341691612,0.08996713979767668,0.23780283416916115
L0000.ANS,-5.0,-60.0,9.99987840004,2002/01/00,0,12.72,TOTAL,1.5219,0.095757,microSv/hr,ICRP Pub. 103 EFFECTIVE DOSE,-0.08715574274765817,0.9961946980917455,-0.8660254037844386,0.5000000000000001,-0.812515199995,0.9250125856860244,-5.00000_-60.00000,1.0187802033435147,1.7698140925484527,0.09376761765749031,0.24791409254845265
L0000.ANS,-5.0,-50.0,9.99987840004,2002/01/00,0,12.75,TOTAL,1.5191,0.095528,microSv/hr,ICRP Pub. 103 EFFECTIVE DOSE,-0.08715574274765817,0.9961946980917455,-0.766044443118978,0.6427876096865394,-0.812515199995,0.9239016948754901,-5.00000_-50.00000,1.0208579220302636,1.775574969715998,0.09695622715477348,0.25647496971599804
L0000.ANS,-5.0,-40.0,9.99987840004,2002/01/00,0,12.69,TOTAL,1.5242,0.095942,microSv/hr,ICRP Pub. 103 EFFECTIVE DOSE,-0.08715574274765817,0.9961946980917455,-0.6427876096865393,0.766044443118978,-0.812515199995,0.9259241808423931,-5.00000_-40.00000,1.0228137768535752,1.7810089036687127,0.09688959601118208,0.2568089036687127
L0000.ANS,-5.0,-30.0,9.99987840004,2002/01/00,0,12.55,TOTAL,1.5355,0.096911,microSv/hr,ICRP Pub. 103 EFFECTIVE DOSE,-0.08715574274765817,0.9961946980917455,-0.49999999999999994,0.8660254037844387,-0.812515199995,0.9303908562529367,-5.00000_-30.00000,1.0245883401543536,1.7859483614022842,0.09419748390141691,0.2504483614022841
L0000.ANS,-5.0,-20.0,9.99987840004,2002/01/00,0,12.44,TOTAL,1.5444,0.097587,microSv/hr,ICRP Pub. 103 EFFECTIVE DOSE,-0.08715574274765817,0.9961946980917455,-0.3420201433256687,0.9396926207859084,-0.812515199995,0.9338948658225121,-5.00000_-20.00000,1.026127692724677,1.7902402206679915,0.09223282690216483,0.2458402206679915
L0000.ANS,-5.0,-10.0,9.99987840004,2002/01/00,0,12.48,TOTAL,1.5413,0.097343,microSv/hr,ICRP Pub. 103 EFFECTIVE DOSE,-0.08715574274765817,0.9961946980917455,-0.17364817766693033,0.984807753012208,-0.812515199995,0.9326757611234778,-5.00000_-10.00000,1.0273850621156462,1.793750789893544,0.09470930099216834,0.2524507898935442
L0000.ANS,-5.0,0.0,9.99987840004,2002/01/00,0,12.65,TOTAL,1.5275,0.096227,microSv/hr,ICRP Pub. 103 EFFECTIVE DOSE,-0.08715574274765817,0.9961946980917455,0.0,1.0,-0.812515199995,0.9272306719124894,-5.00000_0.00000,1.0283222437945758,1.7963702692216188,0.1010915718820864,0.2688702692216187
L0000.ANS,-5.0,10.0,9.99987840004,2002/01/00,0,12.92,TOTAL,1.5054,0.094578,microSv/hr,ICRP Pub. 103 EFFECTIVE DOSE,-0.08715574274765817,0.9961946980917455,0.17364817766693033,0.984807753012208,-0.812515199995,0.9184484024279546,-5.00000_10.00000,1.0289107619703888,1.7980164683128879,0.11046235954243422,0.2926164683128878
L0000.ANS,-5.0,20.0,9.99987840004,2002/01/00,0,13.27,TOTAL,1.4776,0.093332,microSv/hr,ICRP Pub. 103 EFFECTIVE DOSE,-0.08715574274765817,0.9961946980917455,0.3420201433256687,0.9396926207859084,-0.812515199995,0.907290349676856,-5.00000_20.00000,1.0291327348161174,1.7986376209277113,0.12184238513926149,0.32103762092771126
L0000.ANS,-5.0,30.0,9.99987840004,2002/01/00,0,13.71,TOTAL,1.4451,0.090848,microSv/hr,ICRP Pub. 103 EFFECTIVE DOSE,-0.08715574274765817,0.9961946980917455,0.49999999999999994,0.8660254037844387,-0.812515199995,0.8940860218859625,-5.00000_30.00000,1.028981417799168,1.7982141714697526,0.13489539591320554,0.35311417146975255
L0000.ANS,-5.0,40.0,9.99987840004,2002/01/00,0,14.21,TOTAL,1.4104,0.087546,microSv/hr,ICRP Pub. 103 EFFECTIVE DOSE,-0.08715574274765817,0.9961946980917455,0.6427876096865393,0.766044443118978,-0.812515199995,0.8797927088339544,-5.00000_40.00000,1.0284614086105304,1.7967594526551682,0.14866869977657593,0.38635945265516813
L0000.ANS,-5.0,50.0,9.99987840004,2002/01/00,0,14.76,TOTAL,1.3751,0.084746,microSv/hr,ICRP Pub. 103 EFFECTIVE DOSE,-0.08715574274765817,0.9961946980917455,0.766044443118978,0.6427876096865394,-0.812515199995,0.8650395418633607,-5.00000_50.00000,1.027588507466264,1.7943192233231418,0.16254896560290333,0.41921922332314177
L0000.ANS,-5.0,60.0,9.99987840004,2002/01/00,0,15.27,TOTAL,1.3419,0.08361,microSv/hr,ICRP Pub. 103 EFFECTIVE DOSE,-0.08715574274765817,0.9961946980917455,0.8660254037844386,0.5000000000000001,-0.812515199995,0.8509625657156673,-5.00000_60.00000,1.0263892370259282,1.7909700875389292,0.1754266713102609,0.4490700875389291
L0000.ANS,-5.0,70.0,9.99987840004,2002/01/00,0,15.7,TOTAL,1.3176,0.080976,microSv/hr,ICRP Pub. 103 EFFECTIVE DOSE,-0.08715574274765817,0.9961946980917455,0.9396926207859083,0.3420201433256688,-0.812515199995,0.8405321674730036,-5.00000_70.00000,1.0249000365149925,1.786816866715402,0.18436786904198887,0.46921686671540197
L0000.ANS,-5.0,80.0,9.99987840004,2002/01/00,0,16.01,TOTAL,1.3005,0.079349,microSv/hr,ICRP Pub. 103 EFFECTIVE DOSE,-0.08715574274765817,0.9961946980917455,0.984807753012208,0.17364817766693041,-0.812515199995,0.8331264906133862,-5.00000_80.00000,1.0231661545374093,1.781989041824174,0.19003966392402316,0.48148904182417396
L0000.ANS,-5.0,90.0,9.99987840004,2002/01/00,0,16.2,TOTAL,1.2902,0.078303,microSv/hr,ICRP Pub. 103 EFFECTIVE DOSE,-0.08715574274765817,0.9961946980917455,1.0,6.123233995736766e-17,-0.812515199995,0.828639149997102,-5.00000_90.00000,1.0212402742196816,1.7766364197935118,0.19260112422257958,0.4864364197935118
L0000.ANS,-5.0,100.0,9.99987840004,2002/01/00,0,16.26,TOTAL,1.287,0.077986,microSv/hr,ICRP Pub. 103 EFFECTIVE DOSE,-0.08715574274765817,0.9961946980917455,0.984807753012208,-0.1736481776669303,-0.812515199995,0.8272409150406441,-5.00000_100.00000,1.0191809124607207,1.7709242047094806,0.1919399974200766,0.4839242047094807
L0000.ANS,-5.0,110.0,9.99987840004,2002/01/00,0,16.2,TOTAL,1.2905,0.078336,microSv/hr,ICRP Pub. 103 EFFECTIVE DOSE,-0.08715574274765817,0.9961946980917455,0.9396926207859084,-0.3420201433256687,-0.812515199995,0.8287701343446597,-5.00000_110.00000,1.0170506419254854,1.7650276693584757,0.1882805075808257,0.4745276693584757
L0000.ANS,-5.0,120.0,9.99987840004,2002/01/00,0,16.02,TOTAL,1.2998,0.079295,microSv/hr,ICRP Pub. 103 EFFECTIVE DOSE,-0.08715574274765817,0.9961946980917455,0.8660254037844387,-0.4999999999999998,-0.812515199995,0.8328221626324274,-5.00000_120.00000,1.0149141898062197,1.7591266260272853,0.18209202717379236,0.45932662602728525
L0000.ANS,-5.0,130.0,9.99987840004,2002/01/00,0,15.79,TOTAL,1.3129,0.08049,microSv/hr,ICRP Pub. 103 EFFECTIVE DOSE,-0.08715574274765817,0.9961946980917455,0.766044443118978,-0.6427876096865394,-0.812515199995,0.8385021484193164,-5.00000_130.00000,1.0128364711194708,1.7533998884123136,0.17433432270015448,0.4404998884123137
L0000.ANS,-5.0,140.0,9.99987840004,2002/01/00,0,15.58,TOTAL,1.3244,0.081708,microSv/hr,ICRP Pub. 103 EFFECTIVE DOSE,-0.08715574274765817,0.9961946980917455,0.6427876096865395,-0.7660444431189779,-0.812515199995,0.8434619412188135,-5.00000_140.00000,1.0108806162961592,1.7480199009123432,0.16741867507734576,0.42361990091234314
L0000.ANS,-5.0,150.0,9.99987840004,2002/01/00,0,15.42,TOTAL,1.3335,0.082784,microSv/hr,ICRP Pub. 103 EFFECTIVE DOSE,-0.08715574274765817,0.9961946980917455,0.49999999999999994,-0.8660254037844387,-0.812515199995,0.8473692864077332,-5.00000_150.00000,1.009106052995381,1.743147689948341,0.1617367665876478,0.409647689948341
L0000.ANS,-5.0,160.0,9.99987840004,2002/01/00,0,15.31,TOTAL,1.3394,0.083528,microSv/hr,ICRP Pub. 103 EFFECTIVE DOSE,-0.08715574274765817,0.9961946980917455,0.3420201433256689,-0.9396926207859083,-0.812515199995,0.8498944862344695,-5.00000_160.00000,1.0075667004250577,1.7389282669240789,0.1576722141905882,0.39952826692407895
L0000.ANS,-5.0,170.0,9.99987840004,2002/01/00,0,15.21,TOTAL,1.346,0.083668,microSv/hr,ICRP Pub. 103 EFFECTIVE DOSE,-0.08715574274765817,0.9961946980917455,0.17364817766693028,-0.984807753012208,-0.812515199995,0.8527117502312838,-5.00000_170.00000,1.0063093310340885,1.735486586542406,0.15359758080280472,0.389486586542406
L0000.ANS,0.0,-179.99999,9.99987840004,2002/01/00,0,15.28,TOTAL,1.3416,0.083607,microSv/hr,ICRP Pub. 103 EFFECTIVE DOSE,0.0,1.0,-1.745329251238221e-07,-0.9999999999999848,-0.812515199995,0.850834456395539,0.00000_-179.99999,1.0004180076901334,1.7194183286836595,0.14958355129459444,0.3778183286836596
L0000.ANS,0.0,-170.0,9.99987840004,2002/01/00,0,15.06,TOTAL,1.3553,0.083887,microSv/hr,ICRP Pub. 103 EFFECTIVE DOSE,0.0,1.0,-0.17364817766693028,-0.984807753012208,-0.812515199995,0.8566681078901826,0.00000_-170.00000,0.9998294902810569,1.7178183745012916,0.1431613823908744,0.36251837450129165
L0000.ANS,0.0,-160.0,9.99987840004,2002/01/00,0,14.83,TOTAL,1.3703,0.084488,microSv/hr,ICRP Pub. 103 EFFECTIVE DOSE,0.0,1.0,-0.3420201433256689,-0.9396926207859083,-0.812515199995,0.8630165294146602,0.00000_-160.00000,0.9996075174353283,1.7172151595736738,0.13659098802066805,0.3469151595736737
L0000.ANS,0.0,-150.0,9.99987840004,2002/01/00,0,14.6,TOTAL,1.3854,0.085398,microSv/hr,ICRP Pub. 103 EFFECTIVE DOSE,0.0,1.0,-0.49999999999999994,-0.8660254037844387,-0.812515199995,0.8693668251624316,0.00000_-150.00000,0.9997588344522776,1.717626351575419,0.13039200928984607,0.33222635157541913
L0000.ANS,0.0,-140.0,9.99987840004,2002/01/00,0,14.35,TOTAL,1.4012,0.086663,microSv/hr,ICRP Pub. 103 EFFECTIVE DOSE,0.0,1.0,-0.6427876096865395,-0.7660444431189779,-0.812515199995,0.875968612395551,0.00000_-140.00000,1.0002788436409151,1.7190399097492879,0.12431023124536411,0.3178399097492879
L0000.ANS,0.0,-130.0,9.99987840004,2002/01/00,0,14.09,TOTAL,1.4187,0.088245,microSv/hr,ICRP Pub. 103 EFFECTIVE DOSE,0.0,1.0,-0.766044443118978,-0.6427876096865394,-0.812515199995,0.8832302057476643,0.00000_-130.00000,1.0011517447851817,1.7214143989942323,0.11792153903751734,0.30271439899423225
L0000.ANS,0.0,-120.0,9.99987840004,2002/01/00,0,13.79,TOTAL,1.4397,0.09026,microSv/hr,ICRP Pub. 103 EFFECTIVE DOSE,0.0,1.0,-0.8660254037844387,-0.4999999999999998,-0.812515199995,0.8918750809263667,0.00000_-120.00000,1.0023510152255173,1.7246800686579937,0.11047593429915059,0.28498006865799375
L0000.ANS,0.0,-110.0,9.99987840004,2002/01/00,0,13.44,TOTAL,1.4642,0.093076,microSv/hr,ICRP Pub. 103 EFFECTIVE DOSE,0.0,1.0,-0.9396926207859084,-0.3420201433256687,-0.812515199995,0.9018672112084308,0.00000_-110.00000,1.0038402157364532,1.7287406863949384,0.10197300452802238,0.26454068639493844
L0000.ANS,0.0,-100.0,9.99987840004,2002/01/00,0,13.08,TOTAL,1.493,0.093905,microSv/hr,ICRP Pub. 103 EFFECTIVE DOSE,0.0,1.0,-0.984807753012208,-0.1736481776669303,-0.812515199995,0.9134868045414208,0.00000_-100.00000,1.0055740977140362,1.733476104834561,0.09208729317261533,0.24047610483456094
L0000.ANS,0.0,-90.0,9.99987840004,2002/01/00,0,12.75,TOTAL,1.5196,0.095566,microSv/hr,ICRP Pub. 103 EFFECTIVE DOSE,0.0,1.0,-1.0,6.123233995736766e-17,-0.812515199995,0.9241001587656369,0.00000_-90.00000,1.0074999780317642,1.7387455251716017,0.08339981926612727,0.21914552517160168
L0000.ANS,0.0,-80.0,9.99987840004,2002/01/00,0,12.58,TOTAL,1.5331,0.096735,microSv/hr,ICRP Pub. 103 EFFECTIVE DOSE,0.0,1.0,-0.984807753012208,0.17364817766693041,-0.812515199995,0.9294438491190675,0.00000_-80.00000,1.0095593397907248,1.7443914044322533,0.08011549067165724,0.21129140443225336
L0000.ANS,0.0,-70.0,9.99987840004,2002/01/00,0,12.63,TOTAL,1.5285,0.096311,microSv/hr,ICRP Pub. 103 EFFECTIVE DOSE,0.0,1.0,-0.9396926207859083,0.3420201433256688,-0.812515199995,0.9276262415379006,0.00000_-70.00000,1.0116896103259603,1.7502439320986347,0.08406336878805964,0.22174393209863474
L0000.ANS,0.0,-60.0,9.99987840004,2002/01/00,0,12.84,TOTAL,1.5122,0.095019,microSv/hr,ICRP Pub. 103 EFFECTIVE DOSE,0.0,1.0,-0.8660254037844386,0.5000000000000001,-0.812515199995,0.9211588632710156,0.00000_-60.00000,1.0138260624452258,1.7561259776929041,0.09266719917421018,0.24392597769290414
L0000.ANS,0.0,-50.0,9.99987840004,2002/01/00,0,13.04,TOTAL,1.4957,0.094034,microSv/hr,ICRP Pub. 103 EFFECTIVE DOSE,0.0,1.0,-0.766044443118978,0.6427876096865394,-0.812515199995,0.9145692509758148,0.00000_-50.00000,1.0159037811319749,1.7618583852427416,0.10133453015616012,0.2661583852427416
L0000.ANS,0.0,-40.0,9.99987840004,2002/01/00,0,13.15,TOTAL,1.4871,0.093649,microSv/hr,ICRP Pub. 103 EFFECTIVE DOSE,0.0,1.0,-0.6427876096865393,0.766044443118978,-0.812515199995,0.9111173731001577,0.00000_-40.00000,1.0178596359552863,1.7672654652949493,0.10674226285512856,0.28016546529494923
L0000.ANS,0.0,-30.0,9.99987840004,2002/01/00,0,13.18,TOTAL,1.4848,0.093564,microSv/hr,ICRP Pub. 103 EFFECTIVE DOSE,0.0,1.0,-0.49999999999999994,0.8660254037844387,-0.812515199995,0.9101921734122855,0.00000_-30.00000,1.0196341992560647,1.7721805127747918,0.10944202584377916,0.28738051277479193
L0000.ANS,0.0,-20.0,9.99987840004,2002/01/00,0,13.22,TOTAL,1.4813,0.093443,microSv/hr,ICRP Pub. 103 EFFECTIVE DOSE,0.0,1.0,-0.3420201433256687,0.9396926207859084,-0.812515199995,0.9087826163838334,0.00000_-20.00000,1.021173551826388,1.7764511621467627,0.11239093544255463,0.2951511621467626
L0000.ANS,0.0,-10.0,9.99987840004,2002/01/00,0,13.36,TOTAL,1.4706,0.09317,microSv/hr,ICRP Pub. 103 EFFECTIVE DOSE,0.0,1.0,-0.17364817766693033,0.984807753012208,-0.812515199995,0.9044610361205763,0.00000_-10.00000,1.0224309212173572,1.779944382527533,0.11796988509678097,0.30934438252753305
L0000.ANS,0.0,0.0,9.99987840004,2002/01/00,0,13.6,TOTAL,1.453,0.091776,microSv/hr,ICRP Pub. 103 EFFECTIVE DOSE,0.0,1.0,0.0,1.0,-0.812515199995,0.8973117652763523,0.00000_0.00000,1.0233681028962869,1.7825509166785285,0.12605633761993462,0.3295509166785284
L0000.ANS,0.0,10.0,9.99987840004,2002/01/00,0,13.91,TOTAL,1.4313,0.089397,microSv/hr,ICRP Pub. 103 EFFECTIVE DOSE,0.0,1.0,0.17364817766693033,0.984807753012208,-0.812515199995,0.8884260937258506,0.00000_10.00000,1.0239566210720998,1.784188980435987,0.13553052734624926,0.35288898043598693
L0000.ANS,0.0,20.0,9.99987840004,2002/01/00,0,14.26,TOTAL,1.4071,0.087215,microSv/hr,ICRP Pub. 103 EFFECTIVE DOSE,0.0,1.0,0.3420201433256687,0.9396926207859084,-0.812515199995,0.878422703430259,0.00000_20.00000,1.0241785939178285,1.7848070633832982,0.14575589048756954,0.3777070633832982
L0000.ANS,0.0,30.0,9.99987840004,2002/01/00,0,14.66,TOTAL,1.3814,0.085124,microSv/hr,ICRP Pub. 103 EFFECTIVE DOSE,0.0,1.0,0.49999999999999994,0.8660254037844387,-0.812515199995,0.8676885500349376,0.00000_30.00000,1.0240272769008791,1.7843857065657198,0.15633872686594152,0.40298570656571986
L0000.ANS,0.0,40.0,9.99987840004,2002/01/00,0,15.12,TOTAL,1.3519,0.083793,microSv/hr,ICRP Pub. 103 EFFECTIVE DOSE,0.0,1.0,0.6427876096865393,0.766044443118978,-0.812515199995,0.8552235121257042,0.00000_40.00000,1.0235072677122417,1.7829381768106003,0.1682837555865374,0.4310381768106002
L0000.ANS,0.0,50.0,9.99987840004,2002/01/00,0,15.62,TOTAL,1.322,0.081444,microSv/hr,ICRP Pub. 103 EFFECTIVE DOSE,0.0,1.0,0.766044443118978,0.6427876096865394,-0.812515199995,0.8424288832756998,0.00000_50.00000,1.0226343665679751,1.7805100068220001,0.18020548329227537,0.45851000682200005
L0000.ANS,0.0,60.0,9.99987840004,2002/01/00,0,16.12,TOTAL,1.2943,0.078722,microSv/hr,ICRP Pub. 103 EFFECTIVE DOSE,0.0,1.0,0.8660254037844386,0.5000000000000001,-0.812515199995,0.830427786093979,0.00000_60.00000,1.0214350961276395,1.7771774220963608,0.19100731003366045,0.48287742209636075
L0000.ANS,0.0,70.0,9.99987840004,2002/01/00,0,16.55,TOTAL,1.2718,0.076685,microSv/hr,ICRP Pub. 103 EFFECTIVE DOSE,0.0,1.0,0.9396926207859083,0.3420201433256688,-0.812515199995,0.8205724688151842,0.00000_70.00000,1.0199458956167036,1.7730447260307243,0.19937342680151937,0.5012447260307242
L0000.ANS,0.0,80.0,9.99987840004,2002/01/00,0,16.87,TOTAL,1.2551,0.075628,microSv/hr,ICRP Pub. 103 EFFECTIVE DOSE,0.0,1.0,0.984807753012208,0.17364817766693041,-0.812515199995,0.8131943178693959,0.00000_80.00000,1.0182120136391206,1.7682407597160674,0.20501769576972473,0.5131407597160673
L0000.ANS,0.0,90.0,9.99987840004,2002/01/00,0,17.05,TOTAL,1.246,0.07522,microSv/hr,ICRP Pub. 103 EFFECTIVE DOSE,0.0,1.0,1.0,6.123233995736766e-17,-0.812515199995,0.8091508563162514,0.00000_90.00000,1.0162861333213926,1.7629145897513867,0.20713527700514123,0.5169145897513867
L0000.ANS,0.0,100.0,9.99987840004,2002/01/00,0,17.08,TOTAL,1.2443,0.075159,microSv/hr,ICRP Pub. 103 EFFECTIVE DOSE,0.0,1.0,0.984807753012208,-0.1736481776669303,-0.812515199995,0.8083936685643318,0.00000_100.00000,1.014226771562432,1.7572306038024306,0.2058331029981002,0.5129306038024306
L0000.ANS,0.0,110.0,9.99987840004,2002/01/00,0,16.95,TOTAL,1.2509,0.075427,microSv/hr,ICRP Pub. 103 EFFECTIVE DOSE,0.0,1.0,0.9396926207859084,-0.3420201433256687,-0.812515199995,0.8113301362376557,0.00000_110.00000,1.0120965010271965,1.75136320847687,0.2007663647895408,0.5004632084768701
L0000.ANS,0.0,120.0,9.99987840004,2002/01/00,0,16.72,TOTAL,1.2633,0.076099,microSv/hr,ICRP Pub. 103 EFFECTIVE DOSE,0.0,1.0,0.8660254037844387,-0.4999999999999998,-0.812515199995,0.8168239252535431,0.00000_120.00000,1.009960048907931,1.7454913274490644,0.19313612365438793,0.48219132744906434
L0000.ANS,0.0,130.0,9.99987840004,2002/01/00,0,16.43,TOTAL,1.2782,0.077196,microSv/hr,ICRP Pub. 103 EFFECTIVE DOSE,0.0,1.0,0.766044443118978,-0.6427876096865394,-0.812515199995,0.8233856574836746,0.00000_130.00000,1.007882330221182,1.7397928907379079,0.18449667273750725,0.4615928907379079
L0000.ANS,0.0,140.0,9.99987840004,2002/01/00,0,16.14,TOTAL,1.2936,0.07865,microSv/hr,ICRP Pub. 103 EFFECTIVE DOSE,0.0,1.0,0.6427876096865395,-0.7660444431189779,-0.812515199995,0.830122635587023,0.00000_140.00000,1.0059264753978705,1.7344394905410425,0.17580383981084746,0.44083949054104243
L0000.ANS,0.0,150.0,9.99987840004,2002/01/00,0,15.88,TOTAL,1.3074,0.079966,microSv/hr,ICRP Pub. 103 EFFECTIVE DOSE,0.0,1.0,0.49999999999999994,-0.8660254037844387,-0.812515199995,0.8361213495110522,0.00000_150.00000,1.004151912097092,1.7295913575046722,0.16803056258603988,0.4221913575046723
L0000.ANS,0.0,160.0,9.99987840004,2002/01/00,0,15.66,TOTAL,1.3198,0.081206,microSv/hr,ICRP Pub. 103 EFFECTIVE DOSE,0.0,1.0,0.3420201433256689,-0.9396926207859083,-0.812515199995,0.8414809750656388,0.00000_160.00000,1.0026125595267688,1.725392786402254,0.16113158446112996,0.40559278640225394
L0000.ANS,0.0,170.0,9.99987840004,2002/01/00,0,15.47,TOTAL,1.3305,0.082421,microSv/hr,ICRP Pub. 103 EFFECTIVE DOSE,0.0,1.0,0.17364817766693028,-0.984807753012208,-0.812515199995,0.8460828368306585,0.00000_170.00000,1.0013551901357995,1.7219681144243173,0.155272353305141,0.3914681144243173
L0000.ANS,5.0,-179.99999,9.99987840004,2002/01/00,0,15.19,TOTAL,1.3473,0.083691,microSv/hr,ICRP Pub. 103 EFFECTIVE DOSE,0.08715574274765817,0.9961946980917455,-1.745329251238221e-07,-0.9999999999999848,-0.812515199995,0.8532657314527045,5.00000_-179.99999,1.0008511110696157,1.7205963730411198,0.1475853796169112,0.37329637304111984
L0000.ANS,5.0,-170.0,9.99987840004,2002/01/00,0,14.93,TOTAL,1.3642,0.084207,microSv/hr,ICRP Pub. 103 EFFECTIVE DOSE,0.08715574274765817,0.9961946980917455,-0.17364817766693028,-0.984807753012208,-0.812515199995,0.8604396983341396,5.00000_-170.00000,1.0002625936605392,1.7189957257631083,0.13982289532639958,0.35479572576310825
L0000.ANS,5.0,-160.0,9.99987840004,2002/01/00,0,14.67,TOTAL,1.3806,0.085078,microSv/hr,ICRP Pub. 103 EFFECTIVE DOSE,0.08715574274765817,0.9961946980917455,-0.3420201433256689,-0.9396926207859083,-0.812515199995,0.8673525567516424,5.00000_-160.00000,1.0000406208148105,1.7183922495244834,0.13268806406316813,0.3377922495244834
L0000.ANS,5.0,-150.0,9.99987840004,2002/01/00,0,14.41,TOTAL,1.3977,0.086356,microSv/hr,ICRP Pub. 103 EFFECTIVE DOSE,0.08715574274765817,0.9961946980917455,-0.49999999999999994,-0.8660254037844387,-0.812515199995,0.874509944525588,5.00000_-150.00000,1.0001919378317599,1.7188036196534453,0.1256819933061719,0.32110361965344536
L0000.ANS,5.0,-140.0,9.99987840004,2002/01/00,0,14.13,TOTAL,1.4157,0.087992,microSv/hr,ICRP Pub. 103 EFFECTIVE DOSE,0.08715574274765817,0.9961946980917455,-0.6427876096865395,-0.7660444431189779,-0.812515199995,0.881989100177134,5.00000_-140.00000,1.0007119470203973,1.720217790176732,0.1187228468432634,0.304517790176732
L0000.ANS,5.0,-130.0,9.99987840004,2002/01/00,0,13.82,TOTAL,1.4374,0.090009,microSv/hr,ICRP Pub. 103 EFFECTIVE DOSE,0.08715574274765817,0.9961946980917455,-0.766044443118978,-0.6427876096865394,-0.812515199995,0.8909318974072649,5.00000_-130.00000,1.0015848481646636,1.7225933080437263,0.11065295075739878,0.28519330804372633
L0000.ANS,5.0,-120.0,9.99987840004,2002/01/00,0,13.48,TOTAL,1.461,0.092772,microSv/hr,ICRP Pub. 103 EFFECTIVE DOSE,0.08715574274765817,0.9961946980917455,-0.8660254037844387,-0.4999999999999998,-0.812515199995,0.9005677714089189,5.00000_-120.00000,1.0027841186049995,1.7258603923863847,0.10221634719608064,0.2648603923863846
L0000.ANS,5.0,-110.0,9.99987840004,2002/01/00,0,13.03,TOTAL,1.4972,0.094109,microSv/hr,ICRP Pub. 103 EFFECTIVE DOSE,0.08715574274765817,0.9961946980917455,-0.9396926207859084,-0.3420201433256687,-0.812515199995,0.9151701042054521,5.00000_-110.00000,1.0042733191159354,1.7299227691714916,0.08910321491048334,0.23272276917149148
L0000.ANS,5.0,-100.0,9.99987840004,2002/01/00,0,12.52,TOTAL,1.5383,0.097111,microSv/hr,ICRP Pub. 103 EFFECTIVE DOSE,0.08715574274765817,0.9961946980917455,-0.984807753012208,-0.1736481776669303,-0.812515199995,0.9314945656164278,5.00000_-100.00000,1.0060072010935184,1.7346602389810393,0.07451263547709053,0.19636023898103927
L0000.ANS,5.0,-90.0,9.99987840004,2002/01/00,0,12.18,TOTAL,1.5669,0.099669,microSv/hr,ICRP Pub. 103 EFFECTIVE DOSE,0.08715574274765817,0.9961946980917455,-1.0,6.123233995736766e-17,-0.812515199995,0.9426989451504566,5.00000_-90.00000,1.0079330814112462,1.7399319420161217,0.06523413626078955,0.1730319420161217
L0000.ANS,5.0,-80.0,9.99987840004,2002/01/00,0,12.14,TOTAL,1.5701,0.10001,microSv/hr,ICRP Pub. 103 EFFECTIVE DOSE,0.08715574274765817,0.9961946980917455,-0.984807753012208,0.17364817766693041,-0.812515199995,0.943944808655971,5.00000_-80.00000,1.009992443170207,1.745580267055761,0.06604763451423601,0.17548026705576092
L0000.ANS,5.0,-70.0,9.99987840004,2002/01/00,0,12.38,TOTAL,1.55,0.098056,microSv/hr,ICRP Pub. 103 EFFECTIVE DOSE,0.08715574274765817,0.9961946980917455,-0.9396926207859083,0.3420201433256688,-0.812515199995,0.9360933591703348,5.00000_-70.00000,1.0121227137054425,1.751435330020637,0.07602935453510773,0.20143533002063685
