lat_deg,lon_deg,h_km,dose_uSvph
-80.0,-180.0,12.0,5.4251904
-80.0,-178.0,12.0,5.436178
-80.0,-176.0,12.0,5.398582
-80.0,-174.0,12.0,5.5226717
-80.0,-172.0,12.0,5.531212
-80.0,-170.0,12.0,5.43835
-80.0,-168.0,12.0,5.439497
-80.0,-166.0,12.0,5.4692755
-80.0,-164.0,12.0,5.5600615
-80.0,-162.0,12.0,5.4922814
-80.0,-160.0,12.0,5.43614
-80.0,-158.0,12.0,5.5307508
-80.0,-156.0,12.0,5.48799
-80.0,-154.0,12.0,5.3097043
-80.0,-152.0,12.0,5.3453503
-80.0,-150.0,12.0,5.4325633
-80.0,-148.0,12.0,5.3687253
-80.0,-146.0,12.0,5.225132
-80.0,-144.0,12.0,5.247502
-80.0,-142.0,12.0,5.3736286
-80.0,-140.0,12.0,5.4594107
-80.0,-138.0,12.0,5.5825806
-80.0,-136.0,12.0,5.53292
-80.0,-134.0,12.0,5.316074
-80.0,-132.0,12.0,5.2815537
-80.0,-130.0,12.0,5.43819
-80.0,-128.0,12.0,5.59222
-80.0,-126.0,12.0,5.4829726
-80.0,-124.0,12.0,5.3727922
-80.0,-122.0,12.0,5.295211
-80.0,-120.0,12.0,5.4279904
-80.0,-118.0,12.0,5.451734
-80.0,-116.0,12.0,5.254548
-80.0,-114.0,12.0,5.2462077
-80.0,-112.0,12.0,5.385135
-80.0,-110.0,12.0,5.436428
-80.0,-108.0,12.0,5.342333
-80.0,-106.0,12.0,5.380727
-80.0,-104.0,12.0,5.5243125
-80.0,-102.0,12.0,5.3976865
-80.0,-100.0,12.0,5.4134936
-80.0,-98.0,12.0,5.6992807
-80.0,-96.0,12.0,5.7887216
-80.0,-94.0,12.0,5.505183
-80.0,-92.0,12.0,5.3780327
-80.0,-90.0,12.0,5.4223614
-80.0,-88.0,12.0,5.293278
-80.0,-86.0,12.0,5.2458057
-80.0,-84.0,12.0,5.3334084
-80.0,-82.0,12.0,5.6124415
-80.0,-80.0,12.0,5.4415703
-80.0,-78.0,12.0,5.334588
-80.0,-76.0,12.0,5.4203196
-80.0,-74.0,12.0,5.3707995
-80.0,-72.0,12.0,5.3392463
-80.0,-70.0,12.0,5.4381256
-80.0,-68.0,12.0,5.6101627
-80.0,-66.0,12.0,5.5646214
-80.0,-64.0,12.0,5.410555
-80.0,-62.0,12.0,5.2399745
-80.0,-60.0,12.0,5.4426055
-80.0,-58.0,12.0,5.300886
-80.0,-56.0,12.0,4.9642825
-80.0,-54.0,12.0,4.950362
-80.0,-52.0,12.0,5.24216
-80.0,-50.0,12.0,5.4360843
-80.0,-48.0,12.0,5.3043275
-80.0,-46.0,12.0,5.1621037
-80.0,-44.0,12.0,5.1972528
-80.0,-42.0,12.0,5.2987823
-80.0,-40.0,12.0,5.440424
-80.0,-38.0,12.0,5.5419245
-80.0,-36.0,12.0,5.3669734
-80.0,-34.0,12.0,5.191365
-80.0,-32.0,12.0,5.243412
-80.0,-30.0,12.0,5.4546423
-80.0,-28.0,12.0,5.745728
-80.0,-26.0,12.0,5.783797
-80.0,-24.0,12.0,5.683233
-80.0,-22.0,12.0,5.5484548
-80.0,-20.0,12.0,5.4384117
-80.0,-18.0,12.0,5.463504
-80.0,-16.0,12.0,5.486635
-80.0,-14.0,12.0,5.402301
-80.0,-12.0,12.0,5.3958106
-80.0,-10.0,12.0,5.4470057
-80.0,-8.0,12.0,5.4242725
-80.0,-6.0,12.0,5.501416
-80.0,-4.0,12.0,5.6111846
-80.0,-2.0,12.0,5.6148057
-80.0,0.0,12.0,5.455009
-80.0,2.0,12.0,5.53386
-80.0,4.0,12.0,5.3831615
-80.0,6.0,12.0,5.2705956
-80.0,8.0,12.0,5.3482714
-80.0,10.0,12.0,5.447526
-80.0,12.0,12.0,5.613552
-80.0,14.0,12.0,5.634868
-80.0,16.0,12.0,5.582603
-80.0,18.0,12.0,5.476568
-80.0,20.0,12.0,5.4346614
-80.0,22.0,12.0,5.531118
-80.0,24.0,12.0,5.8114333
-80.0,26.0,12.0,5.9305215
-80.0,28.0,12.0,5.7713923
-80.0,30.0,12.0,5.438884
-80.0,32.0,12.0,5.237932
-80.0,34.0,12.0,5.081208
-80.0,36.0,12.0,5.1494956
-80.0,38.0,12.0,5.2670217
-80.0,40.0,12.0,5.4352565
-80.0,42.0,12.0,5.4949193
-80.0,44.0,12.0,5.55958
-80.0,46.0,12.0,5.545182
-80.0,48.0,12.0,5.5116816
-80.0,50.0,12.0,5.435489
-80.0,52.0,12.0,5.346428
-80.0,54.0,12.0,5.3047986
-80.0,56.0,12.0,5.2661333
-80.0,58.0,12.0,5.35367
-80.0,60.0,12.0,5.456378
-80.0,62.0,12.0,5.62578
-80.0,64.0,12.0,5.6902304
-80.0,66.0,12.0,5.749141
-80.0,68.0,12.0,5.573731
-80.0,70.0,12.0,5.4240446
-80.0,72.0,12.0,5.4034395
-80.0,74.0,12.0,5.542628
-80.0,76.0,12.0,5.563671
-80.0,78.0,12.0,5.4756594
-80.0,80.0,12.0,5.431297
-80.0,82.0,12.0,5.3717265
-80.0,84.0,12.0,5.4317756
-80.0,86.0,12.0,5.515078
-80.0,88.0,12.0,5.381602
-80.0,90.0,12.0,5.4415336
-80.0,92.0,12.0,5.6030393
-80.0,94.0,12.0,5.7661123
-80.0,96.0,12.0,5.77238
-80.0,98.0,12.0,5.6319427
-80.0,100.0,12.0,5.4481425
-80.0,102.0,12.0,5.5794415
-80.0,104.0,12.0,5.7222548
-80.0,106.0,12.0,5.673853
-80.0,108.0,12.0,5.5456476
-80.0,110.0,12.0,5.449581
-80.0,112.0,12.0,5.396121
-80.0,114.0,12.0,5.5307117
-80.0,116.0,12.0,5.5810347
-80.0,118.0,12.0,5.583066
-80.0,120.0,12.0,5.442629
-80.0,122.0,12.0,5.4431205
-80.0,124.0,12.0,5.4461007
-80.0,126.0,12.0,5.462312
-80.0,128.0,12.0,5.3761816
-80.0,130.0,12.0,5.42923
-80.0,132.0,12.0,5.60102
-80.0,134.0,12.0,5.7860904
-80.0,136.0,12.0,5.7850695
-80.0,138.0,12.0,5.5761395
-80.0,140.0,12.0,5.4405074
-80.0,142.0,12.0,5.4354367
-80.0,144.0,12.0,5.5266123
-80.0,146.0,12.0,5.5368667
-80.0,148.0,12.0,5.4959908
-80.0,150.0,12.0,5.4598727
-80.0,152.0,12.0,5.4486933
-80.0,154.0,12.0,5.4616637
-80.0,156.0,12.0,5.5577025
-80.0,158.0,12.0,5.541843
-80.0,160.0,12.0,5.427971
-80.0,162.0,12.0,5.4163585
-80.0,164.0,12.0,5.3917685
-80.0,166.0,12.0,5.5681424
-80.0,168.0,12.0,5.5374475
-80.0,170.0,12.0,5.438553
-80.0,172.0,12.0,5.5315504
-80.0,174.0,12.0,5.481147
-80.0,176.0,12.0,5.394245
-80.0,178.0,12.0,5.4908085
-80.0,180.0,12.0,5.4251904
-78.0,-180.0,12.0,5.623026
-78.0,-178.0,12.0,5.545634
-78.0,-176.0,12.0,5.6462293
-78.0,-174.0,12.0,5.818284
-78.0,-172.0,12.0,5.8313093
-78.0,-170.0,12.0,5.7234993
-78.0,-168.0,12.0,5.6811633
-78.0,-166.0,12.0,5.666169
-78.0,-164.0,12.0,5.716694
-78.0,-162.0,12.0,5.5917306
-78.0,-160.0,12.0,5.725453
-78.0,-158.0,12.0,5.84358
-78.0,-156.0,12.0,5.7856517
-78.0,-154.0,12.0,5.6607633
-78.0,-152.0,12.0,5.609856
-78.0,-150.0,12.0,5.6558394
-78.0,-148.0,12.0,5.69038
-78.0,-146.0,12.0,5.5048866
-78.0,-144.0,12.0,5.41602
-78.0,-142.0,12.0,5.519898
-78.0,-140.0,12.0,5.559213
-78.0,-138.0,12.0,5.7075763
-78.0,-136.0,12.0,5.6745276
-78.0,-134.0,12.0,5.566211
-78.0,-132.0,12.0,5.5917253
-78.0,-130.0,12.0,5.6910734
-78.0,-128.0,12.0,5.7197995
-78.0,-126.0,12.0,5.6027093
-78.0,-124.0,12.0,5.5427904
-78.0,-122.0,12.0,5.4793234
-78.0,-120.0,12.0,5.610155
-78.0,-118.0,12.0,5.701758
-78.0,-116.0,12.0,5.685852
-78.0,-114.0,12.0,5.589182
-78.0,-112.0,12.0,5.5717607
-78.0,-110.0,12.0,5.600134
-78.0,-108.0,12.0,5.537012
-78.0,-106.0,12.0,5.610878
-78.0,-104.0,12.0,5.6507306
-78.0,-102.0,12.0,5.5562015
-78.0,-100.0,12.0,5.670831
-78.0,-98.0,12.0,5.848394
-78.0,-96.0,12.0,5.8818507
-78.0,-94.0,12.0,5.709313
-78.0,-92.0,12.0,5.65935
-78.0,-90.0,12.0,5.679255
-78.0,-88.0,12.0,5.5782337
-78.0,-86.0,12.0,5.551288
-78.0,-84.0,12.0,5.5876136
-78.0,-82.0,12.0,5.7021656
-78.0,-80.0,12.0,5.6659226
-78.0,-78.0,12.0,5.6238384
-78.0,-76.0,12.0,5.6009984
-78.0,-74.0,12.0,5.5516796
-78.0,-72.0,12.0,5.6773005
-78.0,-70.0,12.0,5.7412543
-78.0,-68.0,12.0,5.772792
-78.0,-66.0,12.0,5.74551
-78.0,-64.0,12.0,5.6246057
-78.0,-62.0,12.0,5.459341
-78.0,-60.0,12.0,5.675849
-78.0,-58.0,12.0,5.469655
-78.0,-56.0,12.0,5.1623974
-78.0,-54.0,12.0,5.225525
-78.0,-52.0,12.0,5.4607058
-78.0,-50.0,12.0,5.605583
-78.0,-48.0,12.0,5.420525
-78.0,-46.0,12.0,5.3627906
-78.0,-44.0,12.0,5.4706554
-78.0,-42.0,12.0,5.5158906
-78.0,-40.0,12.0,5.681925
-78.0,-38.0,12.0,5.6334877
-78.0,-36.0,12.0,5.4780703
-78.0,-34.0,12.0,5.4403434
-78.0,-32.0,12.0,5.4359446
-78.0,-30.0,12.0,5.652014
-78.0,-28.0,12.0,5.872526
-78.0,-26.0,12.0,5.9044247
-78.0,-24.0,12.0,5.8193893
-78.0,-22.0,12.0,5.7774525
-78.0,-20.0,12.0,5.6433907
-78.0,-18.0,12.0,5.658479
-78.0,-16.0,12.0,5.6805277
-78.0,-14.0,12.0,5.627217
-78.0,-12.0,12.0,5.678527
-78.0,-10.0,12.0,5.7025905
-78.0,-8.0,12.0,5.703716
-78.0,-6.0,12.0,5.868045
-78.0,-4.0,12.0,5.968783
-78.0,-2.0,12.0,5.8740096
-78.0,0.0,12.0,5.7065287
-78.0,2.0,12.0,5.718329
-78.0,4.0,12.0,5.5359693
-78.0,6.0,12.0,5.5199
-78.0,8.0,12.0,5.6247435
-78.0,10.0,12.0,5.707869
-78.0,12.0,12.0,5.734445
-78.0,14.0,12.0,5.757625
-78.0,16.0,12.0,5.746281
-78.0,18.0,12.0,5.689247
-78.0,20.0,12.0,5.6112742
-78.0,22.0,12.0,5.880429
-78.0,24.0,12.0,6.256385
-78.0,26.0,12.0,6.1881933
-78.0,28.0,12.0,6.027136
-78.0,30.0,12.0,5.7914495
-78.0,32.0,12.0,5.6149344
-78.0,34.0,12.0,5.4199624
-78.0,36.0,12.0,5.3709707
-78.0,38.0,12.0,5.4429517
-78.0,40.0,12.0,5.687532
-78.0,42.0,12.0,5.820651
-78.0,44.0,12.0,5.902066
-78.0,46.0,12.0,5.7945523
-78.0,48.0,12.0,5.775844
-78.0,50.0,12.0,5.7245126
-78.0,52.0,12.0,5.6917925
-78.0,54.0,12.0,5.6721983
-78.0,56.0,12.0,5.716172
-78.0,58.0,12.0,5.7263446
-78.0,60.0,12.0,5.758209
-78.0,62.0,12.0,6.054847
-78.0,64.0,12.0,6.229539
-78.0,66.0,12.0,6.2505107
-78.0,68.0,12.0,6.1509023
-78.0,70.0,12.0,5.9052515
-78.0,72.0,12.0,5.878542
-78.0,74.0,12.0,5.966047
-78.0,76.0,12.0,5.9280577
-78.0,78.0,12.0,5.849675
-78.0,80.0,12.0,5.87474
-78.0,82.0,12.0,5.921985
-78.0,84.0,12.0,5.9541955
-78.0,86.0,12.0,5.922746
-78.0,88.0,12.0,5.777129
-78.0,90.0,12.0,5.836548
-78.0,92.0,12.0,5.943847
-78.0,94.0,12.0,6.102742
-78.0,96.0,12.0,6.140521
-78.0,98.0,12.0,6.0127797
-78.0,100.0,12.0,5.8708677
-78.0,102.0,12.0,5.952623
-78.0,104.0,12.0,6.073498
-78.0,106.0,12.0,6.0045986
-78.0,108.0,12.0,5.902692
-78.0,110.0,12.0,5.901097
-78.0,112.0,12.0,5.801388
-78.0,114.0,12.0,5.8463974
-78.0,116.0,12.0,5.868788
-78.0,118.0,12.0,5.914676
-78.0,120.0,12.0,5.7408037
-78.0,122.0,12.0,5.656331
-78.0,124.0,12.0,5.674071
-78.0,126.0,12.0,5.788328
-78.0,128.0,12.0,5.723135
-78.0,130.0,12.0,5.712084
-78.0,132.0,12.0,5.911502
-78.0,134.0,12.0,6.0539846
-78.0,136.0,12.0,6.002852
-78.0,138.0,12.0,5.7680254
-78.0,140.0,12.0,5.6948924
-78.0,142.0,12.0,5.716476
-78.0,144.0,12.0,5.765792
-78.0,146.0,12.0,5.6465373
-78.0,148.0,12.0,5.6013694
-78.0,150.0,12.0,5.636408
-78.0,152.0,12.0,5.6229815
-78.0,154.0,12.0,5.540929
-78.0,156.0,12.0,5.7358785
-78.0,158.0,12.0,5.810206
-78.0,160.0,12.0,5.6829658
-78.0,162.0,12.0,5.6373568
-78.0,164.0,12.0,5.716503
-78.0,166.0,12.0,5.7916107
-78.0,168.0,12.0,5.717657
-78.0,170.0,12.0,5.7140627
-78.0,172.0,12.0,5.852802
-78.0,174.0,12.0,5.793255
-78.0,176.0,12.0,5.667407
-78.0,178.0,12.0,5.7291827
-78.0,180.0,12.0,5.623026
-76.0,-180.0,12.0,5.2525845
-76.0,-178.0,12.0,5.1658735
-76.0,-176.0,12.0,5.1850305
-76.0,-174.0,12.0,5.346326
-76.0,-172.0,12.0,5.388945
-76.0,-170.0,12.0,5.3290353
-76.0,-168.0,12.0,5.2826147
-76.0,-166.0,12.0,5.3507752
-76.0,-164.0,12.0,5.352594
-76.0,-162.0,12.0,5.2332416
-76.0,-160.0,12.0,5.3419776
-76.0,-158.0,12.0,5.4380307
-76.0,-156.0,12.0,5.351288
-76.0,-154.0,12.0,5.266395
-76.0,-152.0,12.0,5.2193375
-76.0,-150.0,12.0,5.213551
-76.0,-148.0,12.0,5.2819405
-76.0,-146.0,12.0,5.11016
-76.0,-144.0,12.0,5.014746
-76.0,-142.0,12.0,5.1630154
-76.0,-140.0,12.0,5.204001
-76.0,-138.0,12.0,5.374917
-76.0,-136.0,12.0,5.3419986
-76.0,-134.0,12.0,5.280475
-76.0,-132.0,12.0,5.2797303
-76.0,-130.0,12.0,5.3547053
-76.0,-128.0,12.0,5.4216943
-76.0,-126.0,12.0,5.295828
-76.0,-124.0,12.0,5.1876125
-76.0,-122.0,12.0,5.1270666
-76.0,-120.0,12.0,5.2683372
-76.0,-118.0,12.0,5.360381
-76.0,-116.0,12.0,5.3058553
-76.0,-114.0,12.0,5.305514
-76.0,-112.0,12.0,5.2258987
-76.0,-110.0,12.0,5.2631564
-76.0,-108.0,12.0,5.303952
-76.0,-106.0,12.0,5.316479
-76.0,-104.0,12.0,5.3427873
-76.0,-102.0,12.0,5.2053423
-76.0,-100.0,12.0,5.3150687
-76.0,-98.0,12.0,5.5040874
-76.0,-96.0,12.0,5.56693
-76.0,-94.0,12.0,5.410771
-76.0,-92.0,12.0,5.2573466
-76.0,-90.0,12.0,5.2932806
-76.0,-88.0,12.0,5.1809883
-76.0,-86.0,12.0,5.129729
-76.0,-84.0,12.0,5.26807
-76.0,-82.0,12.0,5.3598084
-76.0,-80.0,12.0,5.298834
-76.0,-78.0,12.0,5.2732205
-76.0,-76.0,12.0,5.311341
-76.0,-74.0,12.0,5.2598
-76.0,-72.0,12.0,5.4177322
-76.0,-70.0,12.0,5.3491497
-76.0,-68.0,12.0,5.4311585
-76.0,-66.0,12.0,5.4131074
-76.0,-64.0,12.0,5.3699594
-76.0,-62.0,12.0,5.181742
-76.0,-60.0,12.0,5.333238
-76.0,-58.0,12.0,5.147888
-76.0,-56.0,12.0,4.835302
-76.0,-54.0,12.0,4.9078827
-76.0,-52.0,12.0,5.13087
-76.0,-50.0,12.0,5.258324
-76.0,-48.0,12.0,5.126637
-76.0,-46.0,12.0,5.104013
-76.0,-44.0,12.0,5.2097826
-76.0,-42.0,12.0,5.190282
-76.0,-40.0,12.0,5.296722
-76.0,-38.0,12.0,5.275891
-76.0,-36.0,12.0,5.170007
-76.0,-34.0,12.0,5.1237235
-76.0,-32.0,12.0,5.1192856
-76.0,-30.0,12.0,5.3111644
-76.0,-28.0,12.0,5.5933065
-76.0,-26.0,12.0,5.6448026
-76.0,-24.0,12.0,5.5244637
-76.0,-22.0,12.0,5.435074
-76.0,-20.0,12.0,5.3663425
-76.0,-18.0,12.0,5.3897343
-76.0,-16.0,12.0,5.3771157
-76.0,-14.0,12.0,5.3179646
-76.0,-12.0,12.0,5.4293346
-76.0,-10.0,12.0,5.449127
-76.0,-8.0,12.0,5.4314156
-76.0,-6.0,12.0,5.537995
-76.0,-4.0,12.0,5.6627464
-76.0,-2.0,12.0,5.556758
-76.0,0.0,12.0,5.446558
-76.0,2.0,12.0,5.4507723
-76.0,4.0,12.0,5.296908
-76.0,6.0,12.0,5.218182
-76.0,8.0,12.0,5.2989187
-76.0,10.0,12.0,5.418896
-76.0,12.0,12.0,5.382276
-76.0,14.0,12.0,5.41375
-76.0,16.0,12.0,5.422972
-76.0,18.0,12.0,5.370415
-76.0,20.0,12.0,5.3635693
-76.0,22.0,12.0,5.6327405
-76.0,24.0,12.0,5.9606185
-76.0,26.0,12.0,5.8695917
-76.0,28.0,12.0,5.6229453
-76.0,30.0,12.0,5.465492
-76.0,32.0,12.0,5.2431774
-76.0,34.0,12.0,5.0428963
-76.0,36.0,12.0,5.0716085
-76.0,38.0,12.0,5.130042
-76.0,40.0,12.0,5.387515
-76.0,42.0,12.0,5.4260445
-76.0,44.0,12.0,5.482415
-76.0,46.0,12.0,5.4249544
-76.0,48.0,12.0,5.429082
-76.0,50.0,12.0,5.4111967
-76.0,52.0,12.0,5.296036
-76.0,54.0,12.0,5.2447486
-76.0,56.0,12.0,5.2494473
-76.0,58.0,12.0,5.318234
-76.0,60.0,12.0,5.3954964
-76.0,62.0,12.0,5.4931602
-76.0,64.0,12.0,5.6442575
-76.0,66.0,12.0,5.744331
-76.0,68.0,12.0,5.666551
-76.0,70.0,12.0,5.4374313
-76.0,72.0,12.0,5.4624305
-76.0,74.0,12.0,5.6278625
-76.0,76.0,12.0,5.4940357
-76.0,78.0,12.0,5.3709683
-76.0,80.0,12.0,5.3877516
-76.0,82.0,12.0,5.4978304
-76.0,84.0,12.0,5.46992
-76.0,86.0,12.0,5.471933
-76.0,88.0,12.0,5.3753138
-76.0,90.0,12.0,5.383229
-76.0,92.0,12.0,5.447847
-76.0,94.0,12.0,5.5194535
-76.0,96.0,12.0,5.669709
-76.0,98.0,12.0,5.5432405
-76.0,100.0,12.0,5.399455
-76.0,102.0,12.0,5.540891
-76.0,104.0,12.0,5.5951257
-76.0,106.0,12.0,5.4969673
-76.0,108.0,12.0,5.424258
-76.0,110.0,12.0,5.400055
-76.0,112.0,12.0,5.3235025
-76.0,114.0,12.0,5.3430176
-76.0,116.0,12.0,5.4858184
-76.0,118.0,12.0,5.5390487
-76.0,120.0,12.0,5.2940826
-76.0,122.0,12.0,5.2442145
-76.0,124.0,12.0,5.3219066
-76.0,126.0,12.0,5.4309683
-76.0,128.0,12.0,5.418446
-76.0,130.0,12.0,5.3748903
-76.0,132.0,12.0,5.4545603
-76.0,134.0,12.0,5.681351
-76.0,136.0,12.0,5.699503
-76.0,138.0,12.0,5.398321
-76.0,140.0,12.0,5.323104
-76.0,142.0,12.0,5.2987895
-76.0,144.0,12.0,5.2786527
-76.0,146.0,12.0,5.2637124
-76.0,148.0,12.0,5.3230352
-76.0,150.0,12.0,5.3501062
-76.0,152.0,12.0,5.2870145
-76.0,154.0,12.0,5.283169
-76.0,156.0,12.0,5.469029
-76.0,158.0,12.0,5.501782
-76.0,160.0,12.0,5.3399234
-76.0,162.0,12.0,5.294858
-76.0,164.0,12.0,5.359692
-76.0,166.0,12.0,5.456803
-76.0,168.0,12.0,5.342286
-76.0,170.0,12.0,5.347896
-76.0,172.0,12.0,5.43482
-76.0,174.0,12.0,5.4237924
-76.0,176.0,12.0,5.3045526
-76.0,178.0,12.0,5.298771
-76.0,180.0,12.0,5.2525845
-74.0,-180.0,12.0,5.9450107
-74.0,-178.0,12.0,5.8306623
-74.0,-176.0,12.0,5.80854
-74.0,-174.0,12.0,6.0344214
-74.0,-172.0,12.0,5.998878
-74.0,-170.0,12.0,5.8679132
-74.0,-168.0,12.0,5.872273
-74.0,-166.0,12.0,5.832855
-74.0,-164.0,12.0,5.815259
-74.0,-162.0,12.0,5.791711
-74.0,-160.0,12.0,5.856287
-74.0,-158.0,12.0,6.0200315
-74.0,-156.0,12.0,5.9705677
-74.0,-154.0,12.0,5.905975
-74.0,-152.0,12.0,5.923552
-74.0,-150.0,12.0,5.896148
-74.0,-148.0,12.0,5.7190595
-74.0,-146.0,12.0,5.676521
-74.0,-144.0,12.0,5.714215
-74.0,-142.0,12.0,5.8626156
-74.0,-140.0,12.0,5.936492
-74.0,-138.0,12.0,6.033785
-74.0,-136.0,12.0,5.9636335
-74.0,-134.0,12.0,5.8645434
-74.0,-132.0,12.0,5.8432856
-74.0,-130.0,12.0,5.827668
-74.0,-128.0,12.0,5.8453116
-74.0,-126.0,12.0,5.6946254
-74.0,-124.0,12.0,5.6429844
-74.0,-122.0,12.0,5.736299
-74.0,-120.0,12.0,5.8872576
-74.0,-118.0,12.0,5.947116
-74.0,-116.0,12.0,5.8891
-74.0,-114.0,12.0,5.9542274
-74.0,-112.0,12.0,6.021856
-74.0,-110.0,12.0,5.9081388
-74.0,-108.0,12.0,5.804457
-74.0,-106.0,12.0,5.9182863
-74.0,-104.0,12.0,5.9978547
-74.0,-102.0,12.0,5.835662
-74.0,-100.0,12.0,5.877794
-74.0,-98.0,12.0,6.1578264
-74.0,-96.0,12.0,6.189573
-74.0,-94.0,12.0,5.8740897
-74.0,-92.0,12.0,5.7061257
-74.0,-90.0,12.0,5.7641363
-74.0,-88.0,12.0,5.750056
-74.0,-86.0,12.0,5.8355923
-74.0,-84.0,12.0,5.973424
-74.0,-82.0,12.0,6.0338583
-74.0,-80.0,12.0,5.8308845
-74.0,-78.0,12.0,5.784906
-74.0,-76.0,12.0,5.852182
-74.0,-74.0,12.0,5.7870255
-74.0,-72.0,12.0,5.746825
-74.0,-70.0,12.0,5.7869415
-74.0,-68.0,12.0,6.000855
-74.0,-66.0,12.0,5.979182
-74.0,-64.0,12.0,5.7502446
-74.0,-62.0,12.0,5.572446
-74.0,-60.0,12.0,5.8107405
-74.0,-58.0,12.0,5.620553
-74.0,-56.0,12.0,5.3018365
-74.0,-54.0,12.0,5.4403815
-74.0,-52.0,12.0,5.742388
-74.0,-50.0,12.0,5.8579307
-74.0,-48.0,12.0,5.6908684
-74.0,-46.0,12.0,5.519059
-74.0,-44.0,12.0,5.5835733
-74.0,-42.0,12.0,5.751323
-74.0,-40.0,12.0,5.9165554
-74.0,-38.0,12.0,5.8927274
-74.0,-36.0,12.0,5.6996727
-74.0,-34.0,12.0,5.644096
-74.0,-32.0,12.0,5.69274
-74.0,-30.0,12.0,5.7673573
-74.0,-28.0,12.0,6.012895
-74.0,-26.0,12.0,6.0871825
-74.0,-24.0,12.0,5.97964
-74.0,-22.0,12.0,5.8186193
-74.0,-20.0,12.0,5.764427
-74.0,-18.0,12.0,5.7601557
-74.0,-16.0,12.0,5.8365064
-74.0,-14.0,12.0,5.7511654
-74.0,-12.0,12.0,5.731576
-74.0,-10.0,12.0,5.6896486
-74.0,-8.0,12.0,5.848486
-74.0,-6.0,12.0,5.8448553
-74.0,-4.0,12.0,5.747501
-74.0,-2.0,12.0,5.750183
-74.0,0.0,12.0,5.7731895
-74.0,2.0,12.0,5.817121
-74.0,4.0,12.0,5.656857
-74.0,6.0,12.0,5.6835594
-74.0,8.0,12.0,5.723396
-74.0,10.0,12.0,5.736637
-74.0,12.0,12.0,5.884105
-74.0,14.0,12.0,5.9598966
-74.0,16.0,12.0,5.9348845
-74.0,18.0,12.0,5.840459
-74.0,20.0,12.0,5.8321795
-74.0,22.0,12.0,6.0409913
-74.0,24.0,12.0,6.2139106
-74.0,26.0,12.0,6.2762327
-74.0,28.0,12.0,6.0377903
-74.0,30.0,12.0,5.7497854
-74.0,32.0,12.0,5.545002
-74.0,34.0,12.0,5.411257
-74.0,36.0,12.0,5.5329027
-74.0,38.0,12.0,5.6112127
-74.0,40.0,12.0,5.783871
-74.0,42.0,12.0,5.7935715
-74.0,44.0,12.0,5.8693004
-74.0,46.0,12.0,5.9711876
-74.0,48.0,12.0,5.950805
-74.0,50.0,12.0,5.7936454
-74.0,52.0,12.0,5.7136893
-74.0,54.0,12.0,5.62198
-74.0,56.0,12.0,5.5888557
-74.0,58.0,12.0,5.7705793
-74.0,60.0,12.0,5.842401
-74.0,62.0,12.0,5.8700356
-74.0,64.0,12.0,5.9789405
-74.0,66.0,12.0,6.01802
-74.0,68.0,12.0,5.8809495
-74.0,70.0,12.0,5.7672734
-74.0,72.0,12.0,5.855622
-74.0,74.0,12.0,6.0376573
-74.0,76.0,12.0,5.950586
-74.0,78.0,12.0,5.9043417
-74.0,80.0,12.0,5.870098
-74.0,82.0,12.0,5.771252
-74.0,84.0,12.0,5.7521467
-74.0,86.0,12.0,5.8240542
-74.0,88.0,12.0,5.8181863
-74.0,90.0,12.0,5.870896
-74.0,92.0,12.0,5.943576
-74.0,94.0,12.0,6.0538287
-74.0,96.0,12.0,6.0972705
-74.0,98.0,12.0,5.9685025
-74.0,100.0,12.0,5.89107
-74.0,102.0,12.0,6.120523
-74.0,104.0,12.0,6.1722016
-74.0,106.0,12.0,6.0685897
-74.0,108.0,12.0,5.9940863
-74.0,110.0,12.0,5.903727
-74.0,112.0,12.0,5.8771415
-74.0,114.0,12.0,6.0292544
-74.0,116.0,12.0,6.099814
-74.0,118.0,12.0,6.0263457
-74.0,120.0,12.0,5.880861
-74.0,122.0,12.0,5.8537545
-74.0,124.0,12.0,5.882751
-74.0,126.0,12.0,5.942552
-74.0,128.0,12.0,5.857939
-74.0,130.0,12.0,5.8577576
-74.0,132.0,12.0,5.9918523
-74.0,134.0,12.0,6.1958804
-74.0,136.0,12.0,6.2965527
-74.0,138.0,12.0,6.05947
-74.0,140.0,12.0,5.897647
-74.0,142.0,12.0,5.8433366
-74.0,144.0,12.0,5.855931
-74.0,146.0,12.0,5.880444
-74.0,148.0,12.0,5.9383698
-74.0,150.0,12.0,5.934071
-74.0,152.0,12.0,5.8940744
-74.0,154.0,12.0,5.8683233
-74.0,156.0,12.0,6.0453024
-74.0,158.0,12.0,6.0439425
-74.0,160.0,12.0,5.7993813
-74.0,162.0,12.0,5.8179755
-74.0,164.0,12.0,5.8510227
-74.0,166.0,12.0,5.962792
-74.0,168.0,12.0,5.856469
-74.0,170.0,12.0,5.813497
-74.0,172.0,12.0,5.999174
-74.0,174.0,12.0,5.9526916
-74.0,176.0,12.0,5.9027786
-74.0,178.0,12.0,6.03821
-74.0,180.0,12.0,5.9450107
-72.0,-180.0,12.0,6.5565634
-72.0,-178.0,12.0,6.4018717
-72.0,-176.0,12.0,6.3599195
-72.0,-174.0,12.0,6.570907
-72.0,-172.0,12.0,6.55328
-72.0,-170.0,12.0,6.4575286
-72.0,-168.0,12.0,6.3791203
-72.0,-166.0,12.0,6.305661
-72.0,-164.0,12.0,6.3180223
-72.0,-162.0,12.0,6.3057265
-72.0,-160.0,12.0,6.3681474
-72.0,-158.0,12.0,6.475885
-72.0,-156.0,12.0,6.56829
-72.0,-154.0,12.0,6.4450297
-72.0,-152.0,12.0,6.3997808
-72.0,-150.0,12.0,6.4189525
-72.0,-148.0,12.0,6.3648005
-72.0,-146.0,12.0,6.300868
-72.0,-144.0,12.0,6.280754
-72.0,-142.0,12.0,6.439425
-72.0,-140.0,12.0,6.5548434
-72.0,-138.0,12.0,6.690703
-72.0,-136.0,12.0,6.587143
-72.0,-134.0,12.0,6.4923105
-72.0,-132.0,12.0,6.4238496
-72.0,-130.0,12.0,6.617292
-72.0,-128.0,12.0,6.507229
-72.0,-126.0,12.0,6.2473297
-72.0,-124.0,12.0,6.265013
-72.0,-122.0,12.0,6.374835
-72.0,-120.0,12.0,6.5177493
-72.0,-118.0,12.0,6.5756607
-72.0,-116.0,12.0,6.490784
-72.0,-114.0,12.0,6.513656
-72.0,-112.0,12.0,6.763888
-72.0,-110.0,12.0,6.5372176
-72.0,-108.0,12.0,6.3626194
-72.0,-106.0,12.0,6.491383
-72.0,-104.0,12.0,6.536944
-72.0,-102.0,12.0,6.3532076
-72.0,-100.0,12.0,6.5006294
-72.0,-98.0,12.0,6.776352
-72.0,-96.0,12.0,6.8016577
-72.0,-94.0,12.0,6.4057617
-72.0,-92.0,12.0,6.2593446
-72.0,-90.0,12.0,6.326787
-72.0,-88.0,12.0,6.473554
-72.0,-86.0,12.0,6.4488187
-72.0,-84.0,12.0,6.6458716
-72.0,-82.0,12.0,6.7796836
-72.0,-80.0,12.0,6.4367013
-72.0,-78.0,12.0,6.3400383
-72.0,-76.0,12.0,6.523589
-72.0,-74.0,12.0,6.37289
-72.0,-72.0,12.0,6.266367
-72.0,-70.0,12.0,6.3127446
-72.0,-68.0,12.0,6.548498
-72.0,-66.0,12.0,6.465077
-72.0,-64.0,12.0,6.294085
-72.0,-62.0,12.0,6.1656303
-72.0,-60.0,12.0,6.250823
-72.0,-58.0,12.0,6.0348864
-72.0,-56.0,12.0,5.7748733
-72.0,-54.0,12.0,6.0113435
-72.0,-52.0,12.0,6.3509765
-72.0,-50.0,12.0,6.4871325
-72.0,-48.0,12.0,6.2179494
-72.0,-46.0,12.0,6.0008364
-72.0,-44.0,12.0,6.1637516
-72.0,-42.0,12.0,6.3024178
-72.0,-40.0,12.0,6.4919443
-72.0,-38.0,12.0,6.435312
-72.0,-36.0,12.0,6.1987867
-72.0,-34.0,12.0,6.192923
-72.0,-32.0,12.0,6.2619467
-72.0,-30.0,12.0,6.331765
-72.0,-28.0,12.0,6.531545
-72.0,-26.0,12.0,6.613878
-72.0,-24.0,12.0,6.4845896
-72.0,-22.0,12.0,6.3921914
-72.0,-20.0,12.0,6.3300776
-72.0,-18.0,12.0,6.2310386
-72.0,-16.0,12.0,6.295818
-72.0,-14.0,12.0,6.3451605
-72.0,-12.0,12.0,6.3536954
-72.0,-10.0,12.0,6.319814
-72.0,-8.0,12.0,6.4140735
-72.0,-6.0,12.0,6.476576
-72.0,-4.0,12.0,6.2911725
-72.0,-2.0,12.0,6.3728414
-72.0,0.0,12.0,6.402422
-72.0,2.0,12.0,6.370848
-72.0,4.0,12.0,6.2502856
-72.0,6.0,12.0,6.2409997
-72.0,8.0,12.0,6.343216
-72.0,10.0,12.0,6.3526363
-72.0,12.0,12.0,6.468797
-72.0,14.0,12.0,6.6017513
-72.0,16.0,12.0,6.629064
-72.0,18.0,12.0,6.4844007
-72.0,20.0,12.0,6.4137154
-72.0,22.0,12.0,6.5681524
-72.0,24.0,12.0,6.7265296
-72.0,26.0,12.0,6.700169
-72.0,28.0,12.0,6.5212784
-72.0,30.0,12.0,6.3177834
-72.0,32.0,12.0,6.096948
-72.0,34.0,12.0,5.9049306
-72.0,36.0,12.0,6.056045
-72.0,38.0,12.0,6.124615
-72.0,40.0,12.0,6.2659416
-72.0,42.0,12.0,6.318041
-72.0,44.0,12.0,6.3493204
-72.0,46.0,12.0,6.425235
-72.0,48.0,12.0,6.410994
-72.0,50.0,12.0,6.37071
-72.0,52.0,12.0,6.3609996
-72.0,54.0,12.0,6.3205338
-72.0,56.0,12.0,6.170051
-72.0,58.0,12.0,6.1833653
-72.0,60.0,12.0,6.362513
-72.0,62.0,12.0,6.5082283
-72.0,64.0,12.0,6.5820184
-72.0,66.0,12.0,6.5816026
-72.0,68.0,12.0,6.4955735
-72.0,70.0,12.0,6.2690215
-72.0,72.0,12.0,6.2951455
-72.0,74.0,12.0,6.479752
-72.0,76.0,12.0,6.526912
-72.0,78.0,12.0,6.4793553
-72.0,80.0,12.0,6.424353
-72.0,82.0,12.0,6.461754
-72.0,84.0,12.0,6.536581
-72.0,86.0,12.0,6.416324
-72.0,88.0,12.0,6.359606
-72.0,90.0,12.0,6.445546
-72.0,92.0,12.0,6.5369883
-72.0,94.0,12.0,6.606974
-72.0,96.0,12.0,6.659803
-72.0,98.0,12.0,6.5643487
-72.0,100.0,12.0,6.516532
-72.0,102.0,12.0,6.6165295
-72.0,104.0,12.0,6.735541
-72.0,106.0,12.0,6.7020373
-72.0,108.0,12.0,6.5975027
-72.0,110.0,12.0,6.5616345
-72.0,112.0,12.0,6.602965
-72.0,114.0,12.0,6.67696
-72.0,116.0,12.0,6.6757703
-72.0,118.0,12.0,6.5957704
-72.0,120.0,12.0,6.4937015
-72.0,122.0,12.0,6.3991494
-72.0,124.0,12.0,6.367234
-72.0,126.0,12.0,6.372191
-72.0,128.0,12.0,6.4043036
-72.0,130.0,12.0,6.440858
-72.0,132.0,12.0,6.434321
-72.0,134.0,12.0,6.6028013
-72.0,136.0,12.0,6.696128
-72.0,138.0,12.0,6.510101
-72.0,140.0,12.0,6.4535823
-72.0,142.0,12.0,6.37689
-72.0,144.0,12.0,6.358194
-72.0,146.0,12.0,6.4316783
-72.0,148.0,12.0,6.4789267
-72.0,150.0,12.0,6.5199413
-72.0,152.0,12.0,6.4969373
-72.0,154.0,12.0,6.438691
-72.0,156.0,12.0,6.5343046
-72.0,158.0,12.0,6.53133
-72.0,160.0,12.0,6.355605
-72.0,162.0,12.0,6.3104835
-72.0,164.0,12.0,6.3380966
-72.0,166.0,12.0,6.552345
-72.0,168.0,12.0,6.4416065
-72.0,170.0,12.0,6.503099
-72.0,172.0,12.0,6.6691484
-72.0,174.0,12.0,6.663674
-72.0,176.0,12.0,6.6268353
-72.0,178.0,12.0,6.684995
-72.0,180.0,12.0,6.5565634
-70.0,-180.0,12.0,5.42904
-70.0,-178.0,12.0,5.3201985
-70.0,-176.0,12.0,5.28036
-70.0,-174.0,12.0,5.456782
-70.0,-172.0,12.0,5.5165772
-70.0,-170.0,12.0,5.4444833
-70.0,-168.0,12.0,5.3856115
-70.0,-166.0,12.0,5.3828573
-70.0,-164.0,12.0,5.3713675
-70.0,-162.0,12.0,5.293866
-70.0,-160.0,12.0,5.4427485
-70.0,-158.0,12.0,5.58611
-70.0,-156.0,12.0,5.5497513
-70.0,-154.0,12.0,5.5071435
-70.0,-152.0,12.0,5.43393
-70.0,-150.0,12.0,5.445567
-70.0,-148.0,12.0,5.339629
-70.0,-146.0,12.0,5.1393533
-70.0,-144.0,12.0,5.211716
-70.0,-142.0,12.0,5.35188
-70.0,-140.0,12.0,5.4408083
-70.0,-138.0,12.0,5.5312405
-70.0,-136.0,12.0,5.4989204
-70.0,-134.0,12.0,5.4769745
-70.0,-132.0,12.0,5.420047
-70.0,-130.0,12.0,5.440832
-70.0,-128.0,12.0,5.483583
-70.0,-126.0,12.0,5.2338467
-70.0,-124.0,12.0,5.2111683
-70.0,-122.0,12.0,5.331279
-70.0,-120.0,12.0,5.4524207
-70.0,-118.0,12.0,5.5819774
-70.0,-116.0,12.0,5.510515
-70.0,-114.0,12.0,5.4504113
-70.0,-112.0,12.0,5.546178
-70.0,-110.0,12.0,5.4239373
-70.0,-108.0,12.0,5.3802037
-70.0,-106.0,12.0,5.44339
-70.0,-104.0,12.0,5.5535164
-70.0,-102.0,12.0,5.3354044
-70.0,-100.0,12.0,5.4422226
-70.0,-98.0,12.0,5.752545
-70.0,-96.0,12.0,5.7874846
-70.0,-94.0,12.0,5.5408483
-70.0,-92.0,12.0,5.3975177
-70.0,-90.0,12.0,5.4098806
-70.0,-88.0,12.0,5.3475556
-70.0,-86.0,12.0,5.3983183
-70.0,-84.0,12.0,5.531862
-70.0,-82.0,12.0,5.6401277
-70.0,-80.0,12.0,5.386478
-70.0,-78.0,12.0,5.302672
-70.0,-76.0,12.0,5.4013643
-70.0,-74.0,12.0,5.3034735
-70.0,-72.0,12.0,5.343636
-70.0,-70.0,12.0,5.3940864
-70.0,-68.0,12.0,5.5445313
-70.0,-66.0,12.0,5.488832
-70.0,-64.0,12.0,5.342259
-70.0,-62.0,12.0,5.299228
-70.0,-60.0,12.0,5.3865533
-70.0,-58.0,12.0,5.1954384
-70.0,-56.0,12.0,4.985424
-70.0,-54.0,12.0,4.9950233
-70.0,-52.0,12.0,5.2375665
-70.0,-50.0,12.0,5.4096475
-70.0,-48.0,12.0,5.3015256
-70.0,-46.0,12.0,5.168588
-70.0,-44.0,12.0,5.262261
-70.0,-42.0,12.0,5.3170915
-70.0,-40.0,12.0,5.429344
-70.0,-38.0,12.0,5.4455504
-70.0,-36.0,12.0,5.277471
-70.0,-34.0,12.0,5.195529
-70.0,-32.0,12.0,5.2110906
-70.0,-30.0,12.0,5.4209456
-70.0,-28.0,12.0,5.7464633
-70.0,-26.0,12.0,5.7854156
-70.0,-24.0,12.0,5.648357
-70.0,-22.0,12.0,5.54847
-70.0,-20.0,12.0,5.4225564
-70.0,-18.0,12.0,5.4472656
-70.0,-16.0,12.0,5.3824644
-70.0,-14.0,12.0,5.302054
-70.0,-12.0,12.0,5.440761
-70.0,-10.0,12.0,5.4035745
-70.0,-8.0,12.0,5.479546
-70.0,-6.0,12.0,5.514231
-70.0,-4.0,12.0,5.59086
-70.0,-2.0,12.0,5.4997644
-70.0,0.0,12.0,5.434829
-70.0,2.0,12.0,5.58266
-70.0,4.0,12.0,5.397671
-70.0,6.0,12.0,5.334871
-70.0,8.0,12.0,5.458943
-70.0,10.0,12.0,5.4351516
-70.0,12.0,12.0,5.5279665
-70.0,14.0,12.0,5.5164666
-70.0,16.0,12.0,5.43669
-70.0,18.0,12.0,5.431611
-70.0,20.0,12.0,5.452948
-70.0,22.0,12.0,5.648216
-70.0,24.0,12.0,5.844642
-70.0,26.0,12.0,5.9004054
-70.0,28.0,12.0,5.7280464
-70.0,30.0,12.0,5.449443
-70.0,32.0,12.0,5.314353
-70.0,34.0,12.0,5.113328
-70.0,36.0,12.0,5.1434107
-70.0,38.0,12.0,5.2204375
-70.0,40.0,12.0,5.4383597
-70.0,42.0,12.0,5.5710087
-70.0,44.0,12.0,5.6162024
-70.0,46.0,12.0,5.584015
-70.0,48.0,12.0,5.4586205
-70.0,50.0,12.0,5.432299
-70.0,52.0,12.0,5.4189467
-70.0,54.0,12.0,5.392076
-70.0,56.0,12.0,5.3012056
-70.0,58.0,12.0,5.3196607
-70.0,60.0,12.0,5.4522104
-70.0,62.0,12.0,5.5567493
-70.0,64.0,12.0,5.614406
-70.0,66.0,12.0,5.7148385
-70.0,68.0,12.0,5.655815
-70.0,70.0,12.0,5.437792
-70.0,72.0,12.0,5.4511776
-70.0,74.0,12.0,5.6531754
-70.0,76.0,12.0,5.5699883
-70.0,78.0,12.0,5.488559
-70.0,80.0,12.0,5.442856
-70.0,82.0,12.0,5.5469112
-70.0,84.0,12.0,5.6773396
-70.0,86.0,12.0,5.6092877
-70.0,88.0,12.0,5.461427
-70.0,90.0,12.0,5.4387383
-70.0,92.0,12.0,5.524639
-70.0,94.0,12.0,5.543898
-70.0,96.0,12.0,5.6631503
-70.0,98.0,12.0,5.5924296
-70.0,100.0,12.0,5.4417195
-70.0,102.0,12.0,5.572489
-70.0,104.0,12.0,5.6651134
-70.0,106.0,12.0,5.6388946
-70.0,108.0,12.0,5.4812493
-70.0,110.0,12.0,5.4385867
-70.0,112.0,12.0,5.4865155
-70.0,114.0,12.0,5.5467715
-70.0,116.0,12.0,5.5736766
-70.0,118.0,12.0,5.5788455
-70.0,120.0,12.0,5.4448857
-70.0,122.0,12.0,5.4458303
-70.0,124.0,12.0,5.3709707
-70.0,126.0,12.0,5.4286356
-70.0,128.0,12.0,5.427499
-70.0,130.0,12.0,5.4587154
-70.0,132.0,12.0,5.543431
-70.0,134.0,12.0,5.694928
-70.0,136.0,12.0,5.714722
-70.0,138.0,12.0,5.566706
-70.0,140.0,12.0,5.45001
-70.0,142.0,12.0,5.411851
-70.0,144.0,12.0,5.4469824
-70.0,146.0,12.0,5.481309
-70.0,148.0,12.0,5.4478903
-70.0,150.0,12.0,5.4498587
-70.0,152.0,12.0,5.376175
-70.0,154.0,12.0,5.4336805
-70.0,156.0,12.0,5.691605
-70.0,158.0,12.0,5.6623144
-70.0,160.0,12.0,5.4442015
-70.0,162.0,12.0,5.4343734
-70.0,164.0,12.0,5.467987
-70.0,166.0,12.0,5.426526
-70.0,168.0,12.0,5.46586
-70.0,170.0,12.0,5.4381156
-70.0,172.0,12.0,5.61368
-70.0,174.0,12.0,5.6016874
-70.0,176.0,12.0,5.521355
-70.0,178.0,12.0,5.599797
-70.0,180.0,12.0,5.42904
-68.0,-180.0,12.0,4.968706
-68.0,-178.0,12.0,5.0678015
-68.0,-176.0,12.0,5.053336
-68.0,-174.0,12.0,5.0530386
-68.0,-172.0,12.0,5.035649
-68.0,-170.0,12.0,5.013859
-68.0,-168.0,12.0,4.969761
-68.0,-166.0,12.0,4.9468946
-68.0,-164.0,12.0,4.95237
-68.0,-162.0,12.0,4.851734
-68.0,-160.0,12.0,4.931996
-68.0,-158.0,12.0,5.036525
-68.0,-156.0,12.0,5.0530095
-68.0,-154.0,12.0,4.9521093
-68.0,-152.0,12.0,4.8549213
-68.0,-150.0,12.0,4.808776
-68.0,-148.0,12.0,4.777247
-68.0,-146.0,12.0,4.6660986
-68.0,-144.0,12.0,4.666151
-68.0,-142.0,12.0,4.677341
-68.0,-140.0,12.0,4.7694464
-68.0,-138.0,12.0,4.772902
-68.0,-136.0,12.0,4.7420707
-68.0,-134.0,12.0,4.6294746
-68.0,-132.0,12.0,4.607977
-68.0,-130.0,12.0,4.6670504
-68.0,-128.0,12.0,4.597927
-68.0,-126.0,12.0,4.4881854
-68.0,-124.0,12.0,4.4845586
-68.0,-122.0,12.0,4.5419807
-68.0,-120.0,12.0,4.6762447
-68.0,-118.0,12.0,4.7004385
-68.0,-116.0,12.0,4.6558623
-68.0,-114.0,12.0,4.6941833
-68.0,-112.0,12.0,4.795361
-68.0,-110.0,12.0,4.7462506
-68.0,-108.0,12.0,4.7540197
-68.0,-106.0,12.0,4.7631745
-68.0,-104.0,12.0,4.8499136
-68.0,-102.0,12.0,4.6726494
-68.0,-100.0,12.0,4.6194115
-68.0,-98.0,12.0,4.9664335
-68.0,-96.0,12.0,5.0232205
-68.0,-94.0,12.0,4.7530484
-68.0,-92.0,12.0,4.6242185
-68.0,-90.0,12.0,4.563871
-68.0,-88.0,12.0,4.5067286
-68.0,-86.0,12.0,4.4951797
-68.0,-84.0,12.0,4.637483
-68.0,-82.0,12.0,4.800445
-68.0,-80.0,12.0,4.586053
-68.0,-78.0,12.0,4.5124426
-68.0,-76.0,12.0,4.6223454
-68.0,-74.0,12.0,4.6492853
-68.0,-72.0,12.0,4.534578
-68.0,-70.0,12.0,4.6735287
-68.0,-68.0,12.0,4.7979603
-68.0,-66.0,12.0,4.7570667
-68.0,-64.0,12.0,4.6154666
-68.0,-62.0,12.0,4.5650835
-68.0,-60.0,12.0,4.601329
-68.0,-58.0,12.0,4.4832106
-68.0,-56.0,12.0,4.229194
-68.0,-54.0,12.0,4.287537
-68.0,-52.0,12.0,4.5352235
-68.0,-50.0,12.0,4.6436987
-68.0,-48.0,12.0,4.6173472
-68.0,-46.0,12.0,4.563692
-68.0,-44.0,12.0,4.639004
-68.0,-42.0,12.0,4.6268253
-68.0,-40.0,12.0,4.6938562
-68.0,-38.0,12.0,4.710995
-68.0,-36.0,12.0,4.6342287
-68.0,-34.0,12.0,4.6268044
-68.0,-32.0,12.0,4.7212534
-68.0,-30.0,12.0,4.947535
-68.0,-28.0,12.0,5.185507
-68.0,-26.0,12.0,5.271593
-68.0,-24.0,12.0,5.255218
-68.0,-22.0,12.0,5.190856
-68.0,-20.0,12.0,5.044689
-68.0,-18.0,12.0,5.1133447
-68.0,-16.0,12.0,5.057251
-68.0,-14.0,12.0,4.9982176
-68.0,-12.0,12.0,5.2105713
-68.0,-10.0,12.0,5.2165737
-68.0,-8.0,12.0,5.1680923
-68.0,-6.0,12.0,5.198976
-68.0,-4.0,12.0,5.2601695
-68.0,-2.0,12.0,5.1978574
-68.0,0.0,12.0,5.067717
-68.0,2.0,12.0,5.2279973
-68.0,4.0,12.0,5.159201
-68.0,6.0,12.0,4.986776
-68.0,8.0,12.0,5.0684104
-68.0,10.0,12.0,5.18538
-68.0,12.0,12.0,5.193975
-68.0,14.0,12.0,5.1036143
-68.0,16.0,12.0,5.123119
-68.0,18.0,12.0,5.14431
-68.0,20.0,12.0,5.2253165
-68.0,22.0,12.0,5.3889003
-68.0,24.0,12.0,5.516264
-68.0,26.0,12.0,5.5939345
-68.0,28.0,12.0,5.4331527
-68.0,30.0,12.0,5.15989
-68.0,32.0,12.0,4.9047346
-68.0,34.0,12.0,4.7535915
-68.0,36.0,12.0,4.80278
-68.0,38.0,12.0,4.868738
-68.0,40.0,12.0,5.110427
-68.0,42.0,12.0,5.183543
-68.0,44.0,12.0,5.2438865
-68.0,46.0,12.0,5.279761
-68.0,48.0,12.0,5.0968122
-68.0,50.0,12.0,5.0644264
-68.0,52.0,12.0,4.971334
-68.0,54.0,12.0,4.8799367
-68.0,56.0,12.0,4.91079
-68.0,58.0,12.0,4.940341
-68.0,60.0,12.0,5.004474
-68.0,62.0,12.0,5.025492
-68.0,64.0,12.0,4.98914
-68.0,66.0,12.0,5.1556287
-68.0,68.0,12.0,5.1850796
-68.0,70.0,12.0,5.061464
-68.0,72.0,12.0,5.1158066
-68.0,74.0,12.0,5.2504816
-68.0,76.0,12.0,5.2712173
-68.0,78.0,12.0,5.1798377
-68.0,80.0,12.0,5.113851
-68.0,82.0,12.0,5.1981254
-68.0,84.0,12.0,5.334045
-68.0,86.0,12.0,5.3038697
-68.0,88.0,12.0,5.110146
-68.0,90.0,12.0,5.047767
-68.0,92.0,12.0,5.039527
-68.0,94.0,12.0,5.072235
-68.0,96.0,12.0,5.293438
-68.0,98.0,12.0,5.1569037
-68.0,100.0,12.0,5.0635076
-68.0,102.0,12.0,5.219409
-68.0,104.0,12.0,5.3946285
-68.0,106.0,12.0,5.3722053
-68.0,108.0,12.0,5.1823473
-68.0,110.0,12.0,5.147929
-68.0,112.0,12.0,5.227102
-68.0,114.0,12.0,5.2868037
-68.0,116.0,12.0,5.284403
-68.0,118.0,12.0,5.19542
-68.0,120.0,12.0,5.1244226
-68.0,122.0,12.0,5.081554
-68.0,124.0,12.0,5.0282445
-68.0,126.0,12.0,5.0369573
-68.0,128.0,12.0,5.042342
-68.0,130.0,12.0,5.155486
-68.0,132.0,12.0,5.3653316
-68.0,134.0,12.0,5.451746
-68.0,136.0,12.0,5.42051
-68.0,138.0,12.0,5.292705
-68.0,140.0,12.0,5.1339464
-68.0,142.0,12.0,5.015034
-68.0,144.0,12.0,5.0098014
-68.0,146.0,12.0,5.0324326
-68.0,148.0,12.0,5.005538
-68.0,150.0,12.0,4.9612703
-68.0,152.0,12.0,4.992934
-68.0,154.0,12.0,5.102991
-68.0,156.0,12.0,5.164868
-68.0,158.0,12.0,5.157287
-68.0,160.0,12.0,5.023752
-68.0,162.0,12.0,5.0281034
-68.0,164.0,12.0,5.024119
-68.0,166.0,12.0,4.9244103
-68.0,168.0,12.0,4.898089
-68.0,170.0,12.0,4.968836
-68.0,172.0,12.0,4.9758253
-68.0,174.0,12.0,4.918267
-68.0,176.0,12.0,4.9386888
-68.0,178.0,12.0,4.9938035
-68.0,180.0,12.0,4.968706
-66.0,-180.0,12.0,5.1698484
-66.0,-178.0,12.0,5.23345
-66.0,-176.0,12.0,5.1991305
-66.0,-174.0,12.0,5.228304
-66.0,-172.0,12.0,5.27686
-66.0,-170.0,12.0,5.1886716
-66.0,-168.0,12.0,5.25991
-66.0,-166.0,12.0,5.198889
-66.0,-164.0,12.0,5.2065644
-66.0,-162.0,12.0,5.155857
-66.0,-160.0,12.0,5.2008915
-66.0,-158.0,12.0,5.3821664
-66.0,-156.0,12.0,5.356443
-66.0,-154.0,12.0,5.274289
-66.0,-152.0,12.0,5.2940116
-66.0,-150.0,12.0,5.152461
-66.0,-148.0,12.0,5.0259905
-66.0,-146.0,12.0,4.88865
-66.0,-144.0,12.0,4.952024
-66.0,-142.0,12.0,4.977399
-66.0,-140.0,12.0,5.106853
-66.0,-138.0,12.0,5.178983
-66.0,-136.0,12.0,5.184478
-66.0,-134.0,12.0,5.064446
-66.0,-132.0,12.0,5.0221395
-66.0,-130.0,12.0,5.1010547
-66.0,-128.0,12.0,4.881646
-66.0,-126.0,12.0,4.800148
-66.0,-124.0,12.0,4.8514333
-66.0,-122.0,12.0,4.9223247
-66.0,-120.0,12.0,5.053958
-66.0,-118.0,12.0,5.07718
-66.0,-116.0,12.0,5.0653033
-66.0,-114.0,12.0,5.0874467
-66.0,-112.0,12.0,5.168982
-66.0,-110.0,12.0,5.0451474
-66.0,-108.0,12.0,5.0467634
-66.0,-106.0,12.0,5.082283
-66.0,-104.0,12.0,5.023203
-66.0,-102.0,12.0,4.9115357
-66.0,-100.0,12.0,4.9809422
-66.0,-98.0,12.0,5.3200474
-66.0,-96.0,12.0,5.340164
-66.0,-94.0,12.0,5.06823
-66.0,-92.0,12.0,4.977964
-66.0,-90.0,12.0,4.903433
-66.0,-88.0,12.0,4.795002
-66.0,-86.0,12.0,4.9297905
-66.0,-84.0,12.0,5.0480547
-66.0,-82.0,12.0,5.099885
-66.0,-80.0,12.0,4.8886
-66.0,-78.0,12.0,4.838614
-66.0,-76.0,12.0,4.8276258
-66.0,-74.0,12.0,4.846302
-66.0,-72.0,12.0,4.8167944
-66.0,-70.0,12.0,4.919145
-66.0,-68.0,12.0,4.9927764
-66.0,-66.0,12.0,4.9241476
-66.0,-64.0,12.0,4.8776345
-66.0,-62.0,12.0,4.8477097
-66.0,-60.0,12.0,4.8724217
-66.0,-58.0,12.0,4.8038325
-66.0,-56.0,12.0,4.5945344
-66.0,-54.0,12.0,4.6906166
-66.0,-52.0,12.0,4.8557057
-66.0,-50.0,12.0,4.958767
-66.0,-48.0,12.0,4.901865
-66.0,-46.0,12.0,4.899897
-66.0,-44.0,12.0,4.9252253
-66.0,-42.0,12.0,4.8659587
-66.0,-40.0,12.0,5.0388374
-66.0,-38.0,12.0,5.0566134
-66.0,-36.0,12.0,4.9949203
-66.0,-34.0,12.0,4.966498
-66.0,-32.0,12.0,4.9766984
-66.0,-30.0,12.0,5.1840754
-66.0,-28.0,12.0,5.3103633
-66.0,-26.0,12.0,5.3750734
-66.0,-24.0,12.0,5.323957
-66.0,-22.0,12.0,5.3224363
-66.0,-20.0,12.0,5.1759334
-66.0,-18.0,12.0,5.2476435
-66.0,-16.0,12.0,5.19667
-66.0,-14.0,12.0,5.174284
-66.0,-12.0,12.0,5.3746505
-66.0,-10.0,12.0,5.3444567
-66.0,-8.0,12.0,5.369092
-66.0,-6.0,12.0,5.3854723
-66.0,-4.0,12.0,5.4124327
-66.0,-2.0,12.0,5.2125473
-66.0,0.0,12.0,5.233728
-66.0,2.0,12.0,5.3347836
-66.0,4.0,12.0,5.2317705
-66.0,6.0,12.0,5.0809073
-66.0,8.0,12.0,5.262566
-66.0,10.0,12.0,5.3882666
-66.0,12.0,12.0,5.4141583
-66.0,14.0,12.0,5.3099375
-66.0,16.0,12.0,5.297245
-66.0,18.0,12.0,5.291222
-66.0,20.0,12.0,5.328605
-66.0,22.0,12.0,5.5158787
-66.0,24.0,12.0,5.668184
-66.0,26.0,12.0,5.679
-66.0,28.0,12.0,5.507971
-66.0,30.0,12.0,5.218135
-66.0,32.0,12.0,4.953166
-66.0,34.0,12.0,4.8628845
-66.0,36.0,12.0,4.935903
-66.0,38.0,12.0,5.0170293
-66.0,40.0,12.0,5.1996255
-66.0,42.0,12.0,5.243462
-66.0,44.0,12.0,5.324328
-66.0,46.0,12.0,5.3913484
-66.0,48.0,12.0,5.2525764
-66.0,50.0,12.0,5.179247
-66.0,52.0,12.0,5.054969
-66.0,54.0,12.0,5.042725
-66.0,56.0,12.0,5.0649414
-66.0,58.0,12.0,5.1115065
-66.0,60.0,12.0,5.167944
-66.0,62.0,12.0,5.209369
-66.0,64.0,12.0,5.20689
-66.0,66.0,12.0,5.2555714
-66.0,68.0,12.0,5.2267036
-66.0,70.0,12.0,5.142873
-66.0,72.0,12.0,5.2091813
-66.0,74.0,12.0,5.315242
-66.0,76.0,12.0,5.3639483
-66.0,78.0,12.0,5.28766
-66.0,80.0,12.0,5.2314563
-66.0,82.0,12.0,5.2554865
-66.0,84.0,12.0,5.4254003
-66.0,86.0,12.0,5.4484086
-66.0,88.0,12.0,5.225252
-66.0,90.0,12.0,5.2402706
-66.0,92.0,12.0,5.345771
-66.0,94.0,12.0,5.3153677
-66.0,96.0,12.0,5.4055834
-66.0,98.0,12.0,5.3309255
-66.0,100.0,12.0,5.2199416
-66.0,102.0,12.0,5.3391533
-66.0,104.0,12.0,5.481444
-66.0,106.0,12.0,5.489981
-66.0,108.0,12.0,5.2838264
-66.0,110.0,12.0,5.232669
-66.0,112.0,12.0,5.3432384
-66.0,114.0,12.0,5.43078
-66.0,116.0,12.0,5.403509
-66.0,118.0,12.0,5.338484
-66.0,120.0,12.0,5.290895
-66.0,122.0,12.0,5.1962614
-66.0,124.0,12.0,5.1884246
-66.0,126.0,12.0,5.201589
-66.0,128.0,12.0,5.2211537
-66.0,130.0,12.0,5.280418
-66.0,132.0,12.0,5.4810004
-66.0,134.0,12.0,5.5921063
-66.0,136.0,12.0,5.5637946
-66.0,138.0,12.0,5.4661965
-66.0,140.0,12.0,5.3083467
-66.0,142.0,12.0,5.235305
-66.0,144.0,12.0,5.2583313
-66.0,146.0,12.0,5.267216
-66.0,148.0,12.0,5.226718
-66.0,150.0,12.0,5.195265
-66.0,152.0,12.0,5.1470604
-66.0,154.0,12.0,5.221012
-66.0,156.0,12.0,5.3152385
-66.0,158.0,12.0,5.328066
-66.0,160.0,12.0,5.1873593
-66.0,162.0,12.0,5.2207494
-66.0,164.0,12.0,5.2142844
-66.0,166.0,12.0,5.2087626
-66.0,168.0,12.0,5.193675
-66.0,170.0,12.0,5.1439247
-66.0,172.0,12.0,5.306219
-66.0,174.0,12.0,5.2470994
-66.0,176.0,12.0,5.2501884
-66.0,178.0,12.0,5.33218
-66.0,180.0,12.0,5.1698484
-64.0,-180.0,12.0,5.7581058
-64.0,-178.0,12.0,5.4568157
-64.0,-176.0,12.0,5.5128655
-64.0,-174.0,12.0,5.6897044
-64.0,-172.0,12.0,5.745099
-64.0,-170.0,12.0,5.728255
-64.0,-168.0,12.0,5.740343
-64.0,-166.0,12.0,5.6658564
-64.0,-164.0,12.0,5.5222864
-64.0,-162.0,12.0,5.473237
-64.0,-160.0,12.0,5.640033
-64.0,-158.0,12.0,5.802442
-64.0,-156.0,12.0,5.8179073
-64.0,-154.0,12.0,5.8442893
-64.0,-152.0,12.0,5.8171544
-64.0,-150.0,12.0,5.646513
-64.0,-148.0,12.0,5.5127645
-64.0,-146.0,12.0,5.366099
-64.0,-144.0,12.0,5.3219457
-64.0,-142.0,12.0,5.4551945
-64.0,-140.0,12.0,5.580352
-64.0,-138.0,12.0,5.7380047
-64.0,-136.0,12.0,5.810436
-64.0,-134.0,12.0,5.653062
-64.0,-132.0,12.0,5.520092
-64.0,-130.0,12.0,5.6448536
-64.0,-128.0,12.0,5.4774365
-64.0,-126.0,12.0,5.1943274
-64.0,-124.0,12.0,5.1746306
-64.0,-122.0,12.0,5.2837863
-64.0,-120.0,12.0,5.546754
-64.0,-118.0,12.0,5.674533
-64.0,-116.0,12.0,5.699626
-64.0,-114.0,12.0,5.782851
-64.0,-112.0,12.0,5.6520596
-64.0,-110.0,12.0,5.424743
-64.0,-108.0,12.0,5.325634
-64.0,-106.0,12.0,5.3465557
-64.0,-104.0,12.0,5.236933
-64.0,-102.0,12.0,5.2215033
-64.0,-100.0,12.0,5.306818
-64.0,-98.0,12.0,5.6267815
-64.0,-96.0,12.0,5.6573663
-64.0,-94.0,12.0,5.3702784
-64.0,-92.0,12.0,5.357664
-64.0,-90.0,12.0,5.288783
-64.0,-88.0,12.0,5.298081
-64.0,-86.0,12.0,5.4014554
-64.0,-84.0,12.0,5.489468
-64.0,-82.0,12.0,5.368535
-64.0,-80.0,12.0,5.293148
-64.0,-78.0,12.0,5.31487
-64.0,-76.0,12.0,5.2377405
-64.0,-74.0,12.0,5.0968857
-64.0,-72.0,12.0,5.069124
-64.0,-70.0,12.0,5.169235
-64.0,-68.0,12.0,5.210925
-64.0,-66.0,12.0,5.029354
-64.0,-64.0,12.0,5.092768
-64.0,-62.0,12.0,5.054751
-64.0,-60.0,12.0,5.2149215
-64.0,-58.0,12.0,5.215657
-64.0,-56.0,12.0,4.9689555
-64.0,-54.0,12.0,4.97961
-64.0,-52.0,12.0,5.1599917
-64.0,-50.0,12.0,5.2523847
-64.0,-48.0,12.0,5.101622
-64.0,-46.0,12.0,5.0809546
-64.0,-44.0,12.0,5.144583
-64.0,-42.0,12.0,5.152541
-64.0,-40.0,12.0,5.4064627
-64.0,-38.0,12.0,5.46131
-64.0,-36.0,12.0,5.3102555
-64.0,-34.0,12.0,5.314666
-64.0,-32.0,12.0,5.299271
-64.0,-30.0,12.0,5.483061
-64.0,-28.0,12.0,5.606342
-64.0,-26.0,12.0,5.579026
-64.0,-24.0,12.0,5.572838
-64.0,-22.0,12.0,5.58452
-64.0,-20.0,12.0,5.5156684
-64.0,-18.0,12.0,5.517682
-64.0,-16.0,12.0,5.5897284
-64.0,-14.0,12.0,5.560364
-64.0,-12.0,12.0,5.531214
-64.0,-10.0,12.0,5.551363
-64.0,-8.0,12.0,5.6824694
-64.0,-6.0,12.0,5.6803894
-64.0,-4.0,12.0,5.6819515
-64.0,-2.0,12.0,5.653356
-64.0,0.0,12.0,5.5928946
-64.0,2.0,12.0,5.6150274
-64.0,4.0,12.0,5.4815464
-64.0,6.0,12.0,5.539713
-64.0,8.0,12.0,5.615475
-64.0,10.0,12.0,5.6775966
-64.0,12.0,12.0,5.6987543
-64.0,14.0,12.0,5.640498
-64.0,16.0,12.0,5.575849
-64.0,18.0,12.0,5.5406547
-64.0,20.0,12.0,5.589299
-64.0,22.0,12.0,5.9397554
-64.0,24.0,12.0,6.169758
-64.0,26.0,12.0,6.0582347
-64.0,28.0,12.0,5.820883
-64.0,30.0,12.0,5.6311026
-64.0,32.0,12.0,5.458868
-64.0,34.0,12.0,5.2903013
-64.0,36.0,12.0,5.38963
-64.0,38.0,12.0,5.408456
-64.0,40.0,12.0,5.608185
-64.0,42.0,12.0,5.705503
-64.0,44.0,12.0,5.8751864
-64.0,46.0,12.0,5.8614664
-64.0,48.0,12.0,5.7142663
-64.0,50.0,12.0,5.687868
-64.0,52.0,12.0,5.6044655
-64.0,54.0,12.0,5.536179
-64.0,56.0,12.0,5.4285364
-64.0,58.0,12.0,5.4921255
-64.0,60.0,12.0,5.6689115
-64.0,62.0,12.0,5.8096805
-64.0,64.0,12.0,5.898219
-64.0,66.0,12.0,5.9569745
-64.0,68.0,12.0,5.868796
-64.0,70.0,12.0,5.7672935
-64.0,72.0,12.0,5.6839247
-64.0,74.0,12.0,5.652197
-64.0,76.0,12.0,5.650421
-64.0,78.0,12.0,5.762437
-64.0,80.0,12.0,5.6784515
-64.0,82.0,12.0,5.785551
-64.0,84.0,12.0,5.8506265
-64.0,86.0,12.0,5.759745
-64.0,88.0,12.0,5.4793777
-64.0,90.0,12.0,5.6656218
-64.0,92.0,12.0,5.948333
-64.0,94.0,12.0,5.997031
-64.0,96.0,12.0,6.012888
-64.0,98.0,12.0,5.8630123
-64.0,100.0,12.0,5.672459
-64.0,102.0,12.0,5.553464
-64.0,104.0,12.0,5.680568
-64.0,106.0,12.0,5.773191
-64.0,108.0,12.0,5.821117
-64.0,110.0,12.0,5.7450237
-64.0,112.0,12.0,5.8554826
-64.0,114.0,12.0,6.0338907
-64.0,116.0,12.0,5.8554177
-64.0,118.0,12.0,5.6525817
-64.0,120.0,12.0,5.554674
-64.0,122.0,12.0,5.8393984
-64.0,124.0,12.0,5.8205533
-64.0,126.0,12.0,5.7058654
-64.0,128.0,12.0,5.5743628
-64.0,130.0,12.0,5.635218
-64.0,132.0,12.0,5.7505727
-64.0,134.0,12.0,5.6909375
-64.0,136.0,12.0,5.6431828
-64.0,138.0,12.0,5.5690355
-64.0,140.0,12.0,5.56008
-64.0,142.0,12.0,5.541541
-64.0,144.0,12.0,5.6230702
-64.0,146.0,12.0,5.6847486
-64.0,148.0,12.0,5.6247196
-64.0,150.0,12.0,5.5681524
-64.0,152.0,12.0,5.397794
-64.0,154.0,12.0,5.446687
-64.0,156.0,12.0,5.647492
-64.0,158.0,12.0,5.7111125
-64.0,160.0,12.0,5.7274466
-64.0,162.0,12.0,5.843518
-64.0,164.0,12.0,5.753148
-64.0,166.0,12.0,5.6373196
-64.0,168.0,12.0,5.5732675
-64.0,170.0,12.0,5.6932855
-64.0,172.0,12.0,5.863195
-64.0,174.0,12.0,5.884885
-64.0,176.0,12.0,5.811694
-64.0,178.0,12.0,5.835208
-64.0,180.0,12.0,5.7581058
-62.0,-180.0,12.0,5.8238406
-62.0,-178.0,12.0,5.6181145
-62.0,-176.0,12.0,5.581302
-62.0,-174.0,12.0,5.7403893
-62.0,-172.0,12.0,5.72434
-62.0,-170.0,12.0,5.6939173
-62.0,-168.0,12.0,5.694593
-62.0,-166.0,12.0,5.5285697
-62.0,-164.0,12.0,5.3846426
-62.0,-162.0,12.0,5.41278
-62.0,-160.0,12.0,5.5671515
-62.0,-158.0,12.0,5.81787
-62.0,-156.0,12.0,5.844878
-62.0,-154.0,12.0,5.737981
-62.0,-152.0,12.0,5.6796613
-62.0,-150.0,12.0,5.5846252
-62.0,-148.0,12.0,5.4439654
-62.0,-146.0,12.0,5.398255
-62.0,-144.0,12.0,5.3535533
-62.0,-142.0,12.0,5.4578795
-62.0,-140.0,12.0,5.535457
-62.0,-138.0,12.0,5.507727
-62.0,-136.0,12.0,5.5318356
-62.0,-134.0,12.0,5.420903
-62.0,-132.0,12.0,5.3909397
-62.0,-130.0,12.0,5.4372745
-62.0,-128.0,12.0,5.3188953
-62.0,-126.0,12.0,5.102911
-62.0,-124.0,12.0,5.0369954
-62.0,-122.0,12.0,5.058991
-62.0,-120.0,12.0,5.284689
-62.0,-118.0,12.0,5.4177494
-62.0,-116.0,12.0,5.337145
-62.0,-114.0,12.0,5.4549556
-62.0,-112.0,12.0,5.41873
-62.0,-110.0,12.0,5.108341
-62.0,-108.0,12.0,5.1001534
-62.0,-106.0,12.0,5.0262365
-62.0,-104.0,12.0,4.9877086
-62.0,-102.0,12.0,4.860593
-62.0,-100.0,12.0,4.919401
-62.0,-98.0,12.0,5.277637
-62.0,-96.0,12.0,5.4260063
-62.0,-94.0,12.0,5.199721
-62.0,-92.0,12.0,5.143731
-62.0,-90.0,12.0,4.9934726
-62.0,-88.0,12.0,5.0040665
-62.0,-86.0,12.0,5.182758
-62.0,-84.0,12.0,5.201603
-62.0,-82.0,12.0,5.1412
-62.0,-80.0,12.0,4.936262
-62.0,-78.0,12.0,4.9942203
-62.0,-76.0,12.0,4.9142113
-62.0,-74.0,12.0,4.7923512
-62.0,-72.0,12.0,4.9164286
-62.0,-70.0,12.0,4.873168
-62.0,-68.0,12.0,4.934887
-62.0,-66.0,12.0,4.8733263
-62.0,-64.0,12.0,4.8131504
-62.0,-62.0,12.0,4.7761827
-62.0,-60.0,12.0,4.937613
-62.0,-58.0,12.0,4.915147
-62.0,-56.0,12.0,4.630572
-62.0,-54.0,12.0,4.7094975
-62.0,-52.0,12.0,4.798522
-62.0,-50.0,12.0,5.001129
-62.0,-48.0,12.0,4.7839236
-62.0,-46.0,12.0,4.725217
-62.0,-44.0,12.0,4.864181
-62.0,-42.0,12.0,4.9626164
-62.0,-40.0,12.0,5.211206
-62.0,-38.0,12.0,5.268735
-62.0,-36.0,12.0,5.151093
-62.0,-34.0,12.0,5.2200894
-62.0,-32.0,12.0,5.2565084
-62.0,-30.0,12.0,5.4129157
-62.0,-28.0,12.0,5.546222
-62.0,-26.0,12.0,5.5039873
-62.0,-24.0,12.0,5.5390263
-62.0,-22.0,12.0,5.6299615
-62.0,-20.0,12.0,5.5528584
-62.0,-18.0,12.0,5.553507
-62.0,-16.0,12.0,5.615036
-62.0,-14.0,12.0,5.6133456
-62.0,-12.0,12.0,5.572967
-62.0,-10.0,12.0,5.616006
-62.0,-8.0,12.0,5.8405795
-62.0,-6.0,12.0,5.8550477
-62.0,-4.0,12.0,5.8943152
-62.0,-2.0,12.0,5.8534517
-62.0,0.0,12.0,5.7364593
-62.0,2.0,12.0,5.6632404
-62.0,4.0,12.0,5.579775
-62.0,6.0,12.0,5.6493125
-62.0,8.0,12.0,5.7113566
-62.0,10.0,12.0,5.8194046
-62.0,12.0,12.0,5.772286
-62.0,14.0,12.0,5.7843227
-62.0,16.0,12.0,5.6664476
-62.0,18.0,12.0,5.672548
-62.0,20.0,12.0,5.668968
-62.0,22.0,12.0,6.0074396
-62.0,24.0,12.0,6.2002897
-62.0,26.0,12.0,6.0520353
-62.0,28.0,12.0,5.8850784
-62.0,30.0,12.0,5.714172
-62.0,32.0,12.0,5.6216145
-62.0,34.0,12.0,5.455908
-62.0,36.0,12.0,5.408412
-62.0,38.0,12.0,5.439924
-62.0,40.0,12.0,5.7229166
-62.0,42.0,12.0,5.76582
-62.0,44.0,12.0,5.814768
-62.0,46.0,12.0,5.8235216
-62.0,48.0,12.0,5.675054
-62.0,50.0,12.0,5.803043
-62.0,52.0,12.0,5.8001127
-62.0,54.0,12.0,5.7081966
-62.0,56.0,12.0,5.562288
-62.0,58.0,12.0,5.566379
-62.0,60.0,12.0,5.8343263
-62.0,62.0,12.0,6.1087065
-62.0,64.0,12.0,6.18849
-62.0,66.0,12.0,6.2016473
-62.0,68.0,12.0,6.1964345
-62.0,70.0,12.0,5.981089
-62.0,72.0,12.0,5.75402
-62.0,74.0,12.0,5.7603674
-62.0,76.0,12.0,5.727469
-62.0,78.0,12.0,5.819605
-62.0,80.0,12.0,5.823285
-62.0,82.0,12.0,5.9900327
-62.0,84.0,12.0,6.275004
-62.0,86.0,12.0,5.9955807
-62.0,88.0,12.0,5.7794805
-62.0,90.0,12.0,5.9655185
-62.0,92.0,12.0,6.1723857
-62.0,94.0,12.0,6.184343
-62.0,96.0,12.0,6.2625785
-62.0,98.0,12.0,6.180893
-62.0,100.0,12.0,5.8051133
-62.0,102.0,12.0,5.6904926
-62.0,104.0,12.0,5.68529
-62.0,106.0,12.0,5.7674775
-62.0,108.0,12.0,5.827268
-62.0,110.0,12.0,5.9006357
-62.0,112.0,12.0,6.098818
-62.0,114.0,12.0,6.282412
-62.0,116.0,12.0,6.0903254
-62.0,118.0,12.0,5.895994
-62.0,120.0,12.0,5.716549
-62.0,122.0,12.0,5.863932
-62.0,124.0,12.0,5.7871237
-62.0,126.0,12.0,5.7101636
-62.0,128.0,12.0,5.731358
-62.0,130.0,12.0,5.8118105
-62.0,132.0,12.0,5.6268024
-62.0,134.0,12.0,5.631882
-62.0,136.0,12.0,5.5488806
-62.0,138.0,12.0,5.5005198
-62.0,140.0,12.0,5.6532054
-62.0,142.0,12.0,5.6511354
-62.0,144.0,12.0,5.5546536
-62.0,146.0,12.0,5.5771284
-62.0,148.0,12.0,5.655554
-62.0,150.0,12.0,5.7343426
-62.0,152.0,12.0,5.601061
-62.0,154.0,12.0,5.7033677
-62.0,156.0,12.0,5.977081
-62.0,158.0,12.0,5.929966
-62.0,160.0,12.0,5.7076883
-62.0,162.0,12.0,5.6843123
-62.0,164.0,12.0,5.6339374
-62.0,166.0,12.0,5.5848556
-62.0,168.0,12.0,5.593166
-62.0,170.0,12.0,5.697287
-62.0,172.0,12.0,5.9209676
-62.0,174.0,12.0,5.9529524
-62.0,176.0,12.0,5.855819
-62.0,178.0,12.0,5.9061365
-62.0,180.0,12.0,5.8238406
-60.0,-180.0,12.0,5.453702
-60.0,-178.0,12.0,5.253362
-60.0,-176.0,12.0,5.289956
-60.0,-174.0,12.0,5.4546204
-60.0,-172.0,12.0,5.4952955
-60.0,-170.0,12.0,5.4379625
-60.0,-168.0,12.0,5.4506345
-60.0,-166.0,12.0,5.35176
-60.0,-164.0,12.0,5.267259
-60.0,-162.0,12.0,5.2021666
-60.0,-160.0,12.0,5.435666
-60.0,-158.0,12.0,5.6561213
-60.0,-156.0,12.0,5.490304
-60.0,-154.0,12.0,5.331153
-60.0,-152.0,12.0,5.387744
-60.0,-150.0,12.0,5.457054
-60.0,-148.0,12.0,5.3968525
-60.0,-146.0,12.0,5.2171445
-60.0,-144.0,12.0,5.126341
-60.0,-142.0,12.0,5.280085
-60.0,-140.0,12.0,5.390663
-60.0,-138.0,12.0,5.4343715
-60.0,-136.0,12.0,5.3940716
-60.0,-134.0,12.0,5.2437963
-60.0,-132.0,12.0,5.2302737
-60.0,-130.0,12.0,5.308181
-60.0,-128.0,12.0,5.2787385
-60.0,-126.0,12.0,5.0516133
-60.0,-124.0,12.0,4.9105606
-60.0,-122.0,12.0,4.881824
-60.0,-120.0,12.0,5.1831217
-60.0,-118.0,12.0,5.2224755
-60.0,-116.0,12.0,5.112854
-60.0,-114.0,12.0,5.1493483
-60.0,-112.0,12.0,5.219756
-60.0,-110.0,12.0,5.0186357
-60.0,-108.0,12.0,4.9404683
-60.0,-106.0,12.0,4.9036727
-60.0,-104.0,12.0,4.8598027
-60.0,-102.0,12.0,4.847231
-60.0,-100.0,12.0,4.859403
-60.0,-98.0,12.0,5.0317807
-60.0,-96.0,12.0,5.1729774
-60.0,-94.0,12.0,4.940963
-60.0,-92.0,12.0,4.820398
-60.0,-90.0,12.0,4.670936
-60.0,-88.0,12.0,4.727408
-60.0,-86.0,12.0,4.8992033
-60.0,-84.0,12.0,4.9485126
-60.0,-82.0,12.0,4.8648033
-60.0,-80.0,12.0,4.6483355
-60.0,-78.0,12.0,4.660369
-60.0,-76.0,12.0,4.6481075
-60.0,-74.0,12.0,4.5951643
-60.0,-72.0,12.0,4.6930923
-60.0,-70.0,12.0,4.6264625
-60.0,-68.0,12.0,4.7593017
-60.0,-66.0,12.0,4.7401905
-60.0,-64.0,12.0,4.6491933
-60.0,-62.0,12.0,4.6468625
-60.0,-60.0,12.0,4.729865
-60.0,-58.0,12.0,4.664447
-60.0,-56.0,12.0,4.357424
-60.0,-54.0,12.0,4.4446654
-60.0,-52.0,12.0,4.728091
-60.0,-50.0,12.0,4.835052
-60.0,-48.0,12.0,4.612374
-60.0,-46.0,12.0,4.5669465
-60.0,-44.0,12.0,4.656654
-60.0,-42.0,12.0,4.775946
-60.0,-40.0,12.0,5.0126195
-60.0,-38.0,12.0,5.0123734
-60.0,-36.0,12.0,4.848283
-60.0,-34.0,12.0,4.83486
-60.0,-32.0,12.0,4.900872
-60.0,-30.0,12.0,5.1424775
-60.0,-28.0,12.0,5.270578
-60.0,-26.0,12.0,5.3468685
-60.0,-24.0,12.0,5.3977585
-60.0,-22.0,12.0,5.4102693
-60.0,-20.0,12.0,5.2972965
-60.0,-18.0,12.0,5.24597
-60.0,-16.0,12.0,5.267087
-60.0,-14.0,12.0,5.2726116
-60.0,-12.0,12.0,5.250569
-60.0,-10.0,12.0,5.3324223
-60.0,-8.0,12.0,5.4266267
-60.0,-6.0,12.0,5.5161867
-60.0,-4.0,12.0,5.5007668
-60.0,-2.0,12.0,5.5081425
-60.0,0.0,12.0,5.406731
-60.0,2.0,12.0,5.2950416
-60.0,4.0,12.0,5.2369328
-60.0,6.0,12.0,5.3981934
-60.0,8.0,12.0,5.421888
-60.0,10.0,12.0,5.431096
-60.0,12.0,12.0,5.546989
-60.0,14.0,12.0,5.526884
-60.0,16.0,12.0,5.341249
-60.0,18.0,12.0,5.369954
-60.0,20.0,12.0,5.4390087
-60.0,22.0,12.0,5.709966
-60.0,24.0,12.0,5.8722177
-60.0,26.0,12.0,5.7822566
-60.0,28.0,12.0,5.6156826
-60.0,30.0,12.0,5.4225097
-60.0,32.0,12.0,5.1764903
-60.0,34.0,12.0,4.963677
-60.0,36.0,12.0,5.113468
-60.0,38.0,12.0,5.2473683
-60.0,40.0,12.0,5.43602
-60.0,42.0,12.0,5.502531
-60.0,44.0,12.0,5.3903856
-60.0,46.0,12.0,5.481714
-60.0,48.0,12.0,5.351163
-60.0,50.0,12.0,5.4278107
-60.0,52.0,12.0,5.3833494
-60.0,54.0,12.0,5.222588
-60.0,56.0,12.0,5.134862
-60.0,58.0,12.0,5.156712
-60.0,60.0,12.0,5.451371
-60.0,62.0,12.0,5.700681
-60.0,64.0,12.0,5.6643662
-60.0,66.0,12.0,5.6907306
-60.0,68.0,12.0,5.6646247
-60.0,70.0,12.0,5.453373
-60.0,72.0,12.0,5.3213453
-60.0,74.0,12.0,5.339157
-60.0,76.0,12.0,5.2932277
-60.0,78.0,12.0,5.3525167
-60.0,80.0,12.0,5.447593
-60.0,82.0,12.0,5.6603436
-60.0,84.0,12.0,5.8222566
-60.0,86.0,12.0,5.516426
-60.0,88.0,12.0,5.39177
-60.0,90.0,12.0,5.440525
-60.0,92.0,12.0,5.539431
-60.0,94.0,12.0,5.722619
-60.0,96.0,12.0,5.8789864
-60.0,98.0,12.0,5.704371
-60.0,100.0,12.0,5.445802
-60.0,102.0,12.0,5.37473
-60.0,104.0,12.0,5.374987
-60.0,106.0,12.0,5.3650985
-60.0,108.0,12.0,5.4387555
-60.0,110.0,12.0,5.4493585
-60.0,112.0,12.0,5.652531
-60.0,114.0,12.0,5.7896585
-60.0,116.0,12.0,5.6397786
-60.0,118.0,12.0,5.475124
-60.0,120.0,12.0,5.4307775
-60.0,122.0,12.0,5.3574247
-60.0,124.0,12.0,5.3474936
-60.0,126.0,12.0,5.3850574
-60.0,128.0,12.0,5.448349
-60.0,130.0,12.0,5.4377866
-60.0,132.0,12.0,5.268618
-60.0,134.0,12.0,5.459195
-60.0,136.0,12.0,5.4154367
-60.0,138.0,12.0,5.372919
-60.0,140.0,12.0,5.4333487
-60.0,142.0,12.0,5.3185472
-60.0,144.0,12.0,5.212195
-60.0,146.0,12.0,5.14619
-60.0,148.0,12.0,5.2836494
-60.0,150.0,12.0,5.438574
-60.0,152.0,12.0,5.2952332
-60.0,154.0,12.0,5.3629146
-60.0,156.0,12.0,5.5997524
-60.0,158.0,12.0,5.5976076
-60.0,160.0,12.0,5.4469013
-60.0,162.0,12.0,5.3544927
-60.0,164.0,12.0,5.3531766
-60.0,166.0,12.0,5.3918896
-60.0,168.0,12.0,5.4444704
-60.0,170.0,12.0,5.435832
-60.0,172.0,12.0,5.7456737
-60.0,174.0,12.0,5.7476897
-60.0,176.0,12.0,5.4249153
-60.0,178.0,12.0,5.4751763
-60.0,180.0,12.0,5.453702
-58.0,-180.0,12.0,5.618342
-58.0,-178.0,12.0,5.3784184
-58.0,-176.0,12.0,5.4096966
-58.0,-174.0,12.0,5.5812836
-58.0,-172.0,12.0,5.6842384
-58.0,-170.0,12.0,5.6447067
-58.0,-168.0,12.0,5.637007
-58.0,-166.0,12.0,5.582796
-58.0,-164.0,12.0,5.453816
-58.0,-162.0,12.0,5.4048076
-58.0,-160.0,12.0,5.606262
-58.0,-158.0,12.0,5.79325
-58.0,-156.0,12.0,5.5949497
-58.0,-154.0,12.0,5.450865
-58.0,-152.0,12.0,5.5584083
-58.0,-150.0,12.0,5.5674314
-58.0,-148.0,12.0,5.5284495
-58.0,-146.0,12.0,5.319786
-58.0,-144.0,12.0,5.1808696
-58.0,-142.0,12.0,5.362231
-58.0,-140.0,12.0,5.560965
-58.0,-138.0,12.0,5.5794067
-58.0,-136.0,12.0,5.482102
-58.0,-134.0,12.0,5.332976
-58.0,-132.0,12.0,5.35862
-58.0,-130.0,12.0,5.548861
-58.0,-128.0,12.0,5.46481
-58.0,-126.0,12.0,5.1307197
-58.0,-124.0,12.0,4.9466753
-58.0,-122.0,12.0,5.0233426
-58.0,-120.0,12.0,5.4155316
-58.0,-118.0,12.0,5.3709025
-58.0,-116.0,12.0,5.228324
-58.0,-114.0,12.0,5.28485
-58.0,-112.0,12.0,5.2714763
-58.0,-110.0,12.0,4.9794765
-58.0,-108.0,12.0,4.971218
-58.0,-106.0,12.0,4.9976563
-58.0,-104.0,12.0,4.877846
-58.0,-102.0,12.0,4.774114
-58.0,-100.0,12.0,4.868966
-58.0,-98.0,12.0,5.133713
-58.0,-96.0,12.0,5.1537433
-58.0,-94.0,12.0,4.938616
-58.0,-92.0,12.0,4.7631416
-58.0,-90.0,12.0,4.6995564
-58.0,-88.0,12.0,4.770537
-58.0,-86.0,12.0,4.8984885
-58.0,-84.0,12.0,5.0160613
-58.0,-82.0,12.0,4.919314
-58.0,-80.0,12.0,4.72594
-58.0,-78.0,12.0,4.7859387
-58.0,-76.0,12.0,4.7171884
-58.0,-74.0,12.0,4.601645
-58.0,-72.0,12.0,4.71412
-58.0,-70.0,12.0,4.8043194
-58.0,-68.0,12.0,4.8951273
-58.0,-66.0,12.0,4.8975883
-58.0,-64.0,12.0,4.800165
-58.0,-62.0,12.0,4.841602
-58.0,-60.0,12.0,4.9171
-58.0,-58.0,12.0,4.8162932
-58.0,-56.0,12.0,4.499734
-58.0,-54.0,12.0,4.580054
-58.0,-52.0,12.0,4.8936577
-58.0,-50.0,12.0,5.0469656
-58.0,-48.0,12.0,4.845725
-58.0,-46.0,12.0,4.6846104
-58.0,-44.0,12.0,4.74088
-58.0,-42.0,12.0,4.953924
-58.0,-40.0,12.0,5.1009164
-58.0,-38.0,12.0,5.0740175
-58.0,-36.0,12.0,4.8739204
-58.0,-34.0,12.0,4.8218656
-58.0,-32.0,12.0,4.902454
-58.0,-30.0,12.0,5.191887
-58.0,-28.0,12.0,5.239446
-58.0,-26.0,12.0,5.3526144
-58.0,-24.0,12.0,5.4001465
-58.0,-22.0,12.0,5.3448143
-58.0,-20.0,12.0,5.248272
-58.0,-18.0,12.0,5.1358027
-58.0,-16.0,12.0,5.2729774
-58.0,-14.0,12.0,5.317382
-58.0,-12.0,12.0,5.251059
-58.0,-10.0,12.0,5.3254685
-58.0,-8.0,12.0,5.425627
-58.0,-6.0,12.0,5.4498644
-58.0,-4.0,12.0,5.3087535
-58.0,-2.0,12.0,5.2810698
-58.0,0.0,12.0,5.325696
-58.0,2.0,12.0,5.236605
-58.0,4.0,12.0,5.154254
-58.0,6.0,12.0,5.284748
-58.0,8.0,12.0,5.365295
-58.0,10.0,12.0,5.3291116
-58.0,12.0,12.0,5.4943094
-58.0,14.0,12.0,5.5224166
-58.0,16.0,12.0,5.413549
-58.0,18.0,12.0,5.3210673
-58.0,20.0,12.0,5.3907003
-58.0,22.0,12.0,5.7462463
-58.0,24.0,12.0,5.8816657
-58.0,26.0,12.0,5.6985736
-58.0,28.0,12.0,5.5499353
-58.0,30.0,12.0,5.318055
-58.0,32.0,12.0,5.0372105
-58.0,34.0,12.0,4.8014507
-58.0,36.0,12.0,4.9911017
-58.0,38.0,12.0,5.2016077
-58.0,40.0,12.0,5.4021034
-58.0,42.0,12.0,5.4322586
-58.0,44.0,12.0,5.337166
-58.0,46.0,12.0,5.5471663
-58.0,48.0,12.0,5.5114946
-58.0,50.0,12.0,5.48464
-58.0,52.0,12.0,5.316049
-58.0,54.0,12.0,5.0808816
-58.0,56.0,12.0,5.058903
-58.0,58.0,12.0,5.168547
-58.0,60.0,12.0,5.4874177
-58.0,62.0,12.0,5.641642
-58.0,64.0,12.0,5.6319923
-58.0,66.0,12.0,5.624801
-58.0,68.0,12.0,5.4810495
-58.0,70.0,12.0,5.322535
-58.0,72.0,12.0,5.147713
-58.0,74.0,12.0,5.1017175
-58.0,76.0,12.0,5.1184077
-58.0,78.0,12.0,5.28497
-58.0,80.0,12.0,5.3638916
-58.0,82.0,12.0,5.594524
-58.0,84.0,12.0,5.5676885
-58.0,86.0,12.0,5.3103023
-58.0,88.0,12.0,5.2321386
-58.0,90.0,12.0,5.368705
-58.0,92.0,12.0,5.5609565
-58.0,94.0,12.0,5.739716
-58.0,96.0,12.0,5.7879033
-58.0,98.0,12.0,5.6390505
-58.0,100.0,12.0,5.377655
-58.0,102.0,12.0,5.327536
-58.0,104.0,12.0,5.454873
-58.0,106.0,12.0,5.4471984
-58.0,108.0,12.0,5.4701166
-58.0,110.0,12.0,5.428275
-58.0,112.0,12.0,5.56232
-58.0,114.0,12.0,5.7809925
-58.0,116.0,12.0,5.6118417
-58.0,118.0,12.0,5.480757
-58.0,120.0,12.0,5.4163094
-58.0,122.0,12.0,5.3766294
-58.0,124.0,12.0,5.4288626
-58.0,126.0,12.0,5.4229712
-58.0,128.0,12.0,5.3937964
-58.0,130.0,12.0,5.300714
-58.0,132.0,12.0,5.332722
-58.0,134.0,12.0,5.5422044
-58.0,136.0,12.0,5.5475063
-58.0,138.0,12.0,5.4887524
-58.0,140.0,12.0,5.456088
-58.0,142.0,12.0,5.3409214
-58.0,144.0,12.0,5.3457026
-58.0,146.0,12.0,5.2731323
-58.0,148.0,12.0,5.34896
-58.0,150.0,12.0,5.4254327
-58.0,152.0,12.0,5.283816
-58.0,154.0,12.0,5.313791
-58.0,156.0,12.0,5.495433
-58.0,158.0,12.0,5.4287605
-58.0,160.0,12.0,5.498121
-58.0,162.0,12.0,5.43078
-58.0,164.0,12.0,5.4470353
-58.0,166.0,12.0,5.5880895
-58.0,168.0,12.0,5.4479218
-58.0,170.0,12.0,5.5896616
-58.0,172.0,12.0,5.8983293
-58.0,174.0,12.0,5.8727493
-58.0,176.0,12.0,5.5629244
-58.0,178.0,12.0,5.583767
-58.0,180.0,12.0,5.618342
-56.0,-180.0,12.0,5.651514
-56.0,-178.0,12.0,5.489395
-56.0,-176.0,12.0,5.4835987
-56.0,-174.0,12.0,5.6064615
-56.0,-172.0,12.0,5.6805086
-56.0,-170.0,12.0,5.5982633
-56.0,-168.0,12.0,5.6360016
-56.0,-166.0,12.0,5.6159706
-56.0,-164.0,12.0,5.456487
-56.0,-162.0,12.0,5.303721
-56.0,-160.0,12.0,5.551315
-56.0,-158.0,12.0,5.741744
-56.0,-156.0,12.0,5.6483455
-56.0,-154.0,12.0,5.3894
-56.0,-152.0,12.0,5.4170356
-56.0,-150.0,12.0,5.5640664
-56.0,-148.0,12.0,5.439068
-56.0,-146.0,12.0,5.147819
-56.0,-144.0,12.0,5.060434
-56.0,-142.0,12.0,5.2424254
-56.0,-140.0,12.0,5.4757586
-56.0,-138.0,12.0,5.374193
-56.0,-136.0,12.0,5.2510333
-56.0,-134.0,12.0,5.1012373
-56.0,-132.0,12.0,5.1890607
-56.0,-130.0,12.0,5.432505
-56.0,-128.0,12.0,5.356264
-56.0,-126.0,12.0,5.078211
-56.0,-124.0,12.0,4.8323927
-56.0,-122.0,12.0,4.909294
-56.0,-120.0,12.0,5.1938643
-56.0,-118.0,12.0,5.194684
-56.0,-116.0,12.0,5.1161003
-56.0,-114.0,12.0,5.119778
-56.0,-112.0,12.0,4.9494414
-56.0,-110.0,12.0,4.7671313
-56.0,-108.0,12.0,4.787424
-56.0,-106.0,12.0,4.676123
-56.0,-104.0,12.0,4.594011
-56.0,-102.0,12.0,4.5791945
-56.0,-100.0,12.0,4.6103783
-56.0,-98.0,12.0,4.8905067
-56.0,-96.0,12.0,4.9886413
-56.0,-94.0,12.0,4.738472
-56.0,-92.0,12.0,4.605073
-56.0,-90.0,12.0,4.588793
-56.0,-88.0,12.0,4.589505
-56.0,-86.0,12.0,4.7373595
-56.0,-84.0,12.0,4.777768
-56.0,-82.0,12.0,4.6927924
-56.0,-80.0,12.0,4.4310184
-56.0,-78.0,12.0,4.522292
-56.0,-76.0,12.0,4.423909
-56.0,-74.0,12.0,4.3355494
-56.0,-72.0,12.0,4.534605
-56.0,-70.0,12.0,4.551517
-56.0,-68.0,12.0,4.670386
-56.0,-66.0,12.0,4.7538414
-56.0,-64.0,12.0,4.7360034
-56.0,-62.0,12.0,4.7929664
-56.0,-60.0,12.0,4.7467785
-56.0,-58.0,12.0,4.636551
-56.0,-56.0,12.0,4.4176545
-56.0,-54.0,12.0,4.491894
-56.0,-52.0,12.0,4.708977
-56.0,-50.0,12.0,4.886848
-56.0,-48.0,12.0,4.7409153
-56.0,-46.0,12.0,4.6234965
-56.0,-44.0,12.0,4.749932
-56.0,-42.0,12.0,4.8246202
-56.0,-40.0,12.0,4.982522
-56.0,-38.0,12.0,4.9778304
-56.0,-36.0,12.0,4.825618
-56.0,-34.0,12.0,4.8124886
-56.0,-32.0,12.0,4.9053464
-56.0,-30.0,12.0,5.16094
-56.0,-28.0,12.0,5.2074714
-56.0,-26.0,12.0,5.3970947
-56.0,-24.0,12.0,5.4984894
-56.0,-22.0,12.0,5.4412766
-56.0,-20.0,12.0,5.2303853
-56.0,-18.0,12.0,5.2262664
-56.0,-16.0,12.0,5.340621
-56.0,-14.0,12.0,5.3240824
-56.0,-12.0,12.0,5.2653236
-56.0,-10.0,12.0,5.3837094
-56.0,-8.0,12.0,5.512165
-56.0,-6.0,12.0,5.6099586
-56.0,-4.0,12.0,5.4079785
-56.0,-2.0,12.0,5.383145
-56.0,0.0,12.0,5.4454846
-56.0,2.0,12.0,5.258127
-56.0,4.0,12.0,5.279082
-56.0,6.0,12.0,5.4969177
-56.0,8.0,12.0,5.5745177
-56.0,10.0,12.0,5.508491
-56.0,12.0,12.0,5.5904503
-56.0,14.0,12.0,5.5848002
-56.0,16.0,12.0,5.451847
-56.0,18.0,12.0,5.408026
-56.0,20.0,12.0,5.53863
-56.0,22.0,12.0,5.9308085
-56.0,24.0,12.0,6.0128465
-56.0,26.0,12.0,5.881885
-56.0,28.0,12.0,5.7403893
-56.0,30.0,12.0,5.467599
-56.0,32.0,12.0,5.144875
-56.0,34.0,12.0,4.992834
-56.0,36.0,12.0,5.1461587
-56.0,38.0,12.0,5.27495
-56.0,40.0,12.0,5.5389457
-56.0,42.0,12.0,5.5766845
-56.0,44.0,12.0,5.564165
-56.0,46.0,12.0,5.6874285
-56.0,48.0,12.0,5.621339
-56.0,50.0,12.0,5.5548215
-56.0,52.0,12.0,5.466337
-56.0,54.0,12.0,5.299877
-56.0,56.0,12.0,5.2070827
-56.0,58.0,12.0,5.342216
-56.0,60.0,12.0,5.555086
-56.0,62.0,12.0,5.735546
-56.0,64.0,12.0,5.7473674
-56.0,66.0,12.0,5.769406
-56.0,68.0,12.0,5.641688
-56.0,70.0,12.0,5.483442
-56.0,72.0,12.0,5.301475
-56.0,74.0,12.0,5.253631
-56.0,76.0,12.0,5.289359
-56.0,78.0,12.0,5.449592
-56.0,80.0,12.0,5.5112386
-56.0,82.0,12.0,5.747398
-56.0,84.0,12.0,5.968783
-56.0,86.0,12.0,5.726052
-56.0,88.0,12.0,5.5001454
-56.0,90.0,12.0,5.476373
-56.0,92.0,12.0,5.7309055
-56.0,94.0,12.0,5.920483
-56.0,96.0,12.0,5.9429455
-56.0,98.0,12.0,5.8473625
-56.0,100.0,12.0,5.554548
-56.0,102.0,12.0,5.4660783
-56.0,104.0,12.0,5.550493
-56.0,106.0,12.0,5.6087074
-56.0,108.0,12.0,5.63161
-56.0,110.0,12.0,5.542772
-56.0,112.0,12.0,5.8452225
-56.0,114.0,12.0,6.0866866
-56.0,116.0,12.0,5.865919
-56.0,118.0,12.0,5.6610603
-56.0,120.0,12.0,5.6033974
-56.0,122.0,12.0,5.6527166
-56.0,124.0,12.0,5.6074567
-56.0,126.0,12.0,5.561561
-56.0,128.0,12.0,5.5129695
-56.0,130.0,12.0,5.4748006
-56.0,132.0,12.0,5.5500245
-56.0,134.0,12.0,5.5948524
-56.0,136.0,12.0,5.5930576
-56.0,138.0,12.0,5.6400967
-56.0,140.0,12.0,5.5548983
-56.0,142.0,12.0,5.4649653
-56.0,144.0,12.0,5.397815
-56.0,146.0,12.0,5.327527
-56.0,148.0,12.0,5.4065814
-56.0,150.0,12.0,5.4855237
-56.0,152.0,12.0,5.4488783
-56.0,154.0,12.0,5.422913
-56.0,156.0,12.0,5.6601763
-56.0,158.0,12.0,5.614878
-56.0,160.0,12.0,5.545846
-56.0,162.0,12.0,5.5150905
-56.0,164.0,12.0,5.648891
-56.0,166.0,12.0,5.7174606
-56.0,168.0,12.0,5.596254
-56.0,170.0,12.0,5.6632886
-56.0,172.0,12.0,5.9371886
-56.0,174.0,12.0,5.921588
-56.0,176.0,12.0,5.6046724
-56.0,178.0,12.0,5.620342
-56.0,180.0,12.0,5.651514
-54.0,-180.0,12.0,5.197114
-54.0,-178.0,12.0,4.9977508
-54.0,-176.0,12.0,5.006356
-54.0,-174.0,12.0,5.191465
-54.0,-172.0,12.0,5.275955
-54.0,-170.0,12.0,5.100055
-54.0,-168.0,12.0,5.0898914
-54.0,-166.0,12.0,5.1294084
-54.0,-164.0,12.0,5.002544
-54.0,-162.0,12.0,4.876152
-54.0,-160.0,12.0,5.078608
-54.0,-158.0,12.0,5.2605157
-54.0,-156.0,12.0,5.072143
-54.0,-154.0,12.0,4.847487
-54.0,-152.0,12.0,4.907593
-54.0,-150.0,12.0,4.9632053
-54.0,-148.0,12.0,4.8367043
-54.0,-146.0,12.0,4.762756
-54.0,-144.0,12.0,4.732786
-54.0,-142.0,12.0,4.8119445
-54.0,-140.0,12.0,4.9093075
-54.0,-138.0,12.0,4.907095
-54.0,-136.0,12.0,4.7888737
-54.0,-134.0,12.0,4.577328
-54.0,-132.0,12.0,4.4257617
-54.0,-130.0,12.0,4.605485
-54.0,-128.0,12.0,4.529722
-54.0,-126.0,12.0,4.4272523
-54.0,-124.0,12.0,4.330482
-54.0,-122.0,12.0,4.1973963
-54.0,-120.0,12.0,4.3658814
-54.0,-118.0,12.0,4.411203
-54.0,-116.0,12.0,4.5385904
-54.0,-114.0,12.0,4.4043174
-54.0,-112.0,12.0,4.4184027
-54.0,-110.0,12.0,4.33756
-54.0,-108.0,12.0,4.1484585
-54.0,-106.0,12.0,4.0127373
-54.0,-104.0,12.0,4.0442204
-54.0,-102.0,12.0,4.0432415
-54.0,-100.0,12.0,4.0080585
-54.0,-98.0,12.0,4.1126804
-54.0,-96.0,12.0,4.2448573
-54.0,-94.0,12.0,4.14096
-54.0,-92.0,12.0,3.8160386
-54.0,-90.0,12.0,3.8178637
-54.0,-88.0,12.0,3.868662
-54.0,-86.0,12.0,3.9915612
-54.0,-84.0,12.0,4.036399
-54.0,-82.0,12.0,4.0100183
-54.0,-80.0,12.0,3.8592143
-54.0,-78.0,12.0,3.8267171
-54.0,-76.0,12.0,3.8404527
-54.0,-74.0,12.0,3.9187667
-54.0,-72.0,12.0,4.00407
-54.0,-70.0,12.0,3.9440947
-54.0,-68.0,12.0,4.1086993
-54.0,-66.0,12.0,4.2183523
-54.0,-64.0,12.0,4.044934
-54.0,-62.0,12.0,3.9090905
-54.0,-60.0,12.0,3.985117
-54.0,-58.0,12.0,4.0628266
-54.0,-56.0,12.0,3.9873405
-54.0,-54.0,12.0,3.8641806
-54.0,-52.0,12.0,4.0686545
-54.0,-50.0,12.0,4.169684
-54.0,-48.0,12.0,3.9475133
-54.0,-46.0,12.0,4.020381
-54.0,-44.0,12.0,4.1809325
-54.0,-42.0,12.0,4.286556
-54.0,-40.0,12.0,4.417826
-54.0,-38.0,12.0,4.438844
-54.0,-36.0,12.0,4.4107113
-54.0,-34.0,12.0,4.442097
-54.0,-32.0,12.0,4.4304976
-54.0,-30.0,12.0,4.7043004
-54.0,-28.0,12.0,4.7093253
-54.0,-26.0,12.0,4.9163084
-54.0,-24.0,12.0,4.9493637
-54.0,-22.0,12.0,4.878866
-54.0,-20.0,12.0,4.7891574
-54.0,-18.0,12.0,4.7521544
-54.0,-16.0,12.0,4.736687
-54.0,-14.0,12.0,4.8402166
-54.0,-12.0,12.0,4.8722615
-54.0,-10.0,12.0,5.0080457
-54.0,-8.0,12.0,5.1823497
-54.0,-6.0,12.0,5.2795815
-54.0,-4.0,12.0,5.172102
-54.0,-2.0,12.0,5.070848
-54.0,0.0,12.0,5.099052
-54.0,2.0,12.0,4.9525995
-54.0,4.0,12.0,4.976759
-54.0,6.0,12.0,5.21386
-54.0,8.0,12.0,5.3157234
-54.0,10.0,12.0,5.190517
-54.0,12.0,12.0,5.170576
-54.0,14.0,12.0,5.1964216
-54.0,16.0,12.0,5.1089144
-54.0,18.0,12.0,5.118665
-54.0,20.0,12.0,5.184384
-54.0,22.0,12.0,5.5470247
-54.0,24.0,12.0,5.6653833
-54.0,26.0,12.0,5.5873876
-54.0,28.0,12.0,5.527088
-54.0,30.0,12.0,5.296167
-54.0,32.0,12.0,4.9655185
-54.0,34.0,12.0,4.8214927
-54.0,36.0,12.0,4.8941054
-54.0,38.0,12.0,5.0422044
-54.0,40.0,12.0,5.2246046
-54.0,42.0,12.0,5.280811
-54.0,44.0,12.0,5.2945633
-54.0,46.0,12.0,5.3632064
-54.0,48.0,12.0,5.277924
-54.0,50.0,12.0,5.266064
-54.0,52.0,12.0,5.2573867
-54.0,54.0,12.0,5.116259
-54.0,56.0,12.0,5.003141
-54.0,58.0,12.0,5.046494
-54.0,60.0,12.0,5.2632346
-54.0,62.0,12.0,5.5332355
-54.0,64.0,12.0,5.5975013
-54.0,66.0,12.0,5.5973587
-54.0,68.0,12.0,5.5742784
-54.0,70.0,12.0,5.340835
-54.0,72.0,12.0,5.102829
-54.0,74.0,12.0,5.162468
-54.0,76.0,12.0,5.125846
-54.0,78.0,12.0,5.200766
-54.0,80.0,12.0,5.342208
-54.0,82.0,12.0,5.6156793
-54.0,84.0,12.0,5.8023567
-54.0,86.0,12.0,5.5990024
-54.0,88.0,12.0,5.40857
-54.0,90.0,12.0,5.398622
-54.0,92.0,12.0,5.493511
-54.0,94.0,12.0,5.677219
-54.0,96.0,12.0,5.763516
-54.0,98.0,12.0,5.7129173
-54.0,100.0,12.0,5.3195786
-54.0,102.0,12.0,5.1981506
-54.0,104.0,12.0,5.2883234
-54.0,106.0,12.0,5.2657824
-54.0,108.0,12.0,5.303379
-54.0,110.0,12.0,5.3308125
-54.0,112.0,12.0,5.5987453
-54.0,114.0,12.0,5.8077226
-54.0,116.0,12.0,5.6602674
-54.0,118.0,12.0,5.4020443
-54.0,120.0,12.0,5.2416725
-54.0,122.0,12.0,5.2056365
-54.0,124.0,12.0,5.1730013
-54.0,126.0,12.0,5.2374873
-54.0,128.0,12.0,5.3140574
-54.0,130.0,12.0,5.3013916
-54.0,132.0,12.0,5.169947
-54.0,134.0,12.0,5.2436314
-54.0,136.0,12.0,5.2679663
-54.0,138.0,12.0,5.3331876
-54.0,140.0,12.0,5.3354883
-54.0,142.0,12.0,5.169275
-54.0,144.0,12.0,5.0217266
-54.0,146.0,12.0,4.972839
-54.0,148.0,12.0,5.172556
-54.0,150.0,12.0,5.280225
-54.0,152.0,12.0,5.1939745
-54.0,154.0,12.0,5.1517844
-54.0,156.0,12.0,5.3933067
-54.0,158.0,12.0,5.425775
-54.0,160.0,12.0,5.2727942
-54.0,162.0,12.0,5.145617
-54.0,164.0,12.0,5.2082324
-54.0,166.0,12.0,5.2659307
-54.0,168.0,12.0,5.196178
-54.0,170.0,12.0,5.1986094
-54.0,172.0,12.0,5.4496655
-54.0,174.0,12.0,5.450017
-54.0,176.0,12.0,5.1345496
-54.0,178.0,12.0,5.16114
-54.0,180.0,12.0,5.197114
-52.0,-180.0,12.0,4.90965
-52.0,-178.0,12.0,4.719112
-52.0,-176.0,12.0,4.808178
-52.0,-174.0,12.0,4.922828
-52.0,-172.0,12.0,4.9223466
-52.0,-170.0,12.0,4.868458
-52.0,-168.0,12.0,4.9210896
-52.0,-166.0,12.0,4.8738275
-52.0,-164.0,12.0,4.7793717
-52.0,-162.0,12.0,4.7009754
-52.0,-160.0,12.0,4.8955483
-52.0,-158.0,12.0,5.049107
-52.0,-156.0,12.0,4.88634
-52.0,-154.0,12.0,4.6847258
-52.0,-152.0,12.0,4.7054973
-52.0,-150.0,12.0,4.652515
-52.0,-148.0,12.0,4.474262
-52.0,-146.0,12.0,4.450316
-52.0,-144.0,12.0,4.4472475
-52.0,-142.0,12.0,4.50995
-52.0,-140.0,12.0,4.599121
-52.0,-138.0,12.0,4.5751677
-52.0,-136.0,12.0,4.432237
-52.0,-134.0,12.0,4.265727
-52.0,-132.0,12.0,4.157482
-52.0,-130.0,12.0,4.246334
-52.0,-128.0,12.0,4.1299934
-52.0,-126.0,12.0,4.0479655
-52.0,-124.0,12.0,3.981034
-52.0,-122.0,12.0,3.9527576
-52.0,-120.0,12.0,4.0632834
-52.0,-118.0,12.0,4.1046753
-52.0,-116.0,12.0,4.171336
-52.0,-114.0,12.0,4.1356993
-52.0,-112.0,12.0,4.2513657
-52.0,-110.0,12.0,4.135893
-52.0,-108.0,12.0,3.9902172
-52.0,-106.0,12.0,3.874766
-52.0,-104.0,12.0,3.8728123
-52.0,-102.0,12.0,3.8427877
-52.0,-100.0,12.0,3.803216
-52.0,-98.0,12.0,3.9585016
-52.0,-96.0,12.0,4.037118
-52.0,-94.0,12.0,3.9209008
-52.0,-92.0,12.0,3.5959532
-52.0,-90.0,12.0,3.4425578
-52.0,-88.0,12.0,3.600166
-52.0,-86.0,12.0,3.694208
-52.0,-84.0,12.0,3.790989
-52.0,-82.0,12.0,3.7929327
-52.0,-80.0,12.0,3.5566378
-52.0,-78.0,12.0,3.5474186
-52.0,-76.0,12.0,3.5770924
-52.0,-74.0,12.0,3.624211
-52.0,-72.0,12.0,3.650491
-52.0,-70.0,12.0,3.6718132
-52.0,-68.0,12.0,3.8642056
-52.0,-66.0,12.0,3.8525126
-52.0,-64.0,12.0,3.6629486
-52.0,-62.0,12.0,3.6033804
-52.0,-60.0,12.0,3.7410562
-52.0,-58.0,12.0,3.7734432
-52.0,-56.0,12.0,3.7183228
-52.0,-54.0,12.0,3.675205
-52.0,-52.0,12.0,3.7944787
-52.0,-50.0,12.0,3.8770304
-52.0,-48.0,12.0,3.660395
-52.0,-46.0,12.0,3.7778163
-52.0,-44.0,12.0,3.9498396
-52.0,-42.0,12.0,4.0341735
-52.0,-40.0,12.0,4.204815
-52.0,-38.0,12.0,4.2234597
-52.0,-36.0,12.0,4.2085166
-52.0,-34.0,12.0,4.1570325
-52.0,-32.0,12.0,4.103806
-52.0,-30.0,12.0,4.3830767
-52.0,-28.0,12.0,4.4427977
-52.0,-26.0,12.0,4.4964786
-52.0,-24.0,12.0,4.5181074
-52.0,-22.0,12.0,4.508702
-52.0,-20.0,12.0,4.5434566
-52.0,-18.0,12.0,4.431992
-52.0,-16.0,12.0,4.4028454
-52.0,-14.0,12.0,4.5163784
-52.0,-12.0,12.0,4.573472
-52.0,-10.0,12.0,4.703387
-52.0,-8.0,12.0,4.9019394
-52.0,-6.0,12.0,5.005303
-52.0,-4.0,12.0,4.894077
-52.0,-2.0,12.0,4.785769
-52.0,0.0,12.0,4.7963014
-52.0,2.0,12.0,4.6584992
-52.0,4.0,12.0,4.6636314
-52.0,6.0,12.0,4.8823037
-52.0,8.0,12.0,5.0267477
-52.0,10.0,12.0,4.906523
-52.0,12.0,12.0,4.9095435
-52.0,14.0,12.0,4.914075
-52.0,16.0,12.0,4.8624196
-52.0,18.0,12.0,4.872469
-52.0,20.0,12.0,4.956224
-52.0,22.0,12.0,5.295049
-52.0,24.0,12.0,5.4085345
-52.0,26.0,12.0,5.353722
-52.0,28.0,12.0,5.3125467
-52.0,30.0,12.0,5.057286
-52.0,32.0,12.0,4.755625
-52.0,34.0,12.0,4.614247
-52.0,36.0,12.0,4.725758
-52.0,38.0,12.0,4.845965
-52.0,40.0,12.0,4.9695
-52.0,42.0,12.0,4.9988823
-52.0,44.0,12.0,4.9629207
-52.0,46.0,12.0,5.0693293
-52.0,48.0,12.0,5.023981
-52.0,50.0,12.0,5.029729
-52.0,52.0,12.0,5.034268
-52.0,54.0,12.0,4.903823
-52.0,56.0,12.0,4.802582
-52.0,58.0,12.0,4.8055663
-52.0,60.0,12.0,5.063366
-52.0,62.0,12.0,5.325388
-52.0,64.0,12.0,5.381419
-52.0,66.0,12.0,5.3502855
-52.0,68.0,12.0,5.374102
-52.0,70.0,12.0,5.146607
-52.0,72.0,12.0,4.9348803
-52.0,74.0,12.0,4.9690194
-52.0,76.0,12.0,4.99247
-52.0,78.0,12.0,4.951242
-52.0,80.0,12.0,5.1892004
-52.0,82.0,12.0,5.4751544
-52.0,84.0,12.0,5.5042963
-52.0,86.0,12.0,5.3359866
-52.0,88.0,12.0,5.1750703
-52.0,90.0,12.0,5.178185
-52.0,92.0,12.0,5.2154317
-52.0,94.0,12.0,5.4637065
-52.0,96.0,12.0,5.5611076
-52.0,98.0,12.0,5.4897246
-52.0,100.0,12.0,5.1038857
-52.0,102.0,12.0,5.0175333
-52.0,104.0,12.0,5.097554
-52.0,106.0,12.0,5.020747
-52.0,108.0,12.0,4.97294
-52.0,110.0,12.0,5.088813
-52.0,112.0,12.0,5.335692
-52.0,114.0,12.0,5.5346155
-52.0,116.0,12.0,5.3930144
-52.0,118.0,12.0,5.095292
-52.0,120.0,12.0,4.9477353
-52.0,122.0,12.0,4.847811
-52.0,124.0,12.0,4.8249598
-52.0,126.0,12.0,4.917124
-52.0,128.0,12.0,4.97784
-52.0,130.0,12.0,4.9491076
-52.0,132.0,12.0,4.8416295
-52.0,134.0,12.0,4.9021196
-52.0,136.0,12.0,4.9115477
-52.0,138.0,12.0,5.0823126
-52.0,140.0,12.0,5.08047
-52.0,142.0,12.0,4.934688
-52.0,144.0,12.0,4.7398314
-52.0,146.0,12.0,4.8194175
-52.0,148.0,12.0,5.009291
-52.0,150.0,12.0,5.0804105
-52.0,152.0,12.0,5.007916
-52.0,154.0,12.0,4.9919167
-52.0,156.0,12.0,5.2232356
-52.0,158.0,12.0,5.2016244
-52.0,160.0,12.0,5.0457444
-52.0,162.0,12.0,4.996135
-52.0,164.0,12.0,4.967689
-52.0,166.0,12.0,5.0170674
-52.0,168.0,12.0,4.9281693
-52.0,170.0,12.0,4.9047966
-52.0,172.0,12.0,5.156182
-52.0,174.0,12.0,5.1026034
-52.0,176.0,12.0,4.860229
-52.0,178.0,12.0,4.936476
-52.0,180.0,12.0,4.90965
-50.0,-180.0,12.0,5.381234
-50.0,-178.0,12.0,5.106324
-50.0,-176.0,12.0,5.1443
-50.0,-174.0,12.0,5.4236026
-50.0,-172.0,12.0,5.408788
-50.0,-170.0,12.0,5.2685966
-50.0,-168.0,12.0,5.3196073
-50.0,-166.0,12.0,5.240949
-50.0,-164.0,12.0,5.031046
-50.0,-162.0,12.0,4.964324
-50.0,-160.0,12.0,5.131583
-50.0,-158.0,12.0,5.2758365
-50.0,-156.0,12.0,5.1292152
-50.0,-154.0,12.0,5.0424223
-50.0,-152.0,12.0,5.073176
-50.0,-150.0,12.0,4.9443984
-50.0,-148.0,12.0,4.714886
-50.0,-146.0,12.0,4.596478
-50.0,-144.0,12.0,4.6111536
-50.0,-142.0,12.0,4.655208
-50.0,-140.0,12.0,4.740253
-50.0,-138.0,12.0,4.659269
-50.0,-136.0,12.0,4.4446707
-50.0,-134.0,12.0,4.2637506
-50.0,-132.0,12.0,4.3618364
-50.0,-130.0,12.0,4.4695716
-50.0,-128.0,12.0,4.2705426
-50.0,-126.0,12.0,3.984122
-50.0,-124.0,12.0,3.9920752
-50.0,-122.0,12.0,4.119707
-50.0,-120.0,12.0,4.244437
-50.0,-118.0,12.0,4.1564736
-50.0,-116.0,12.0,4.119158
-50.0,-114.0,12.0,4.095
-50.0,-112.0,12.0,4.1430407
-50.0,-110.0,12.0,4.0222654
-50.0,-108.0,12.0,3.940028
-50.0,-106.0,12.0,3.9046967
-50.0,-104.0,12.0,3.800673
-50.0,-102.0,12.0,3.786301
-50.0,-100.0,12.0,3.7574377
-50.0,-98.0,12.0,3.9090579
-50.0,-96.0,12.0,4.069446
-50.0,-94.0,12.0,3.8855393
-50.0,-92.0,12.0,3.6655738
-50.0,-90.0,12.0,3.5179625
-50.0,-88.0,12.0,3.5688534
-50.0,-86.0,12.0,3.7259467
-50.0,-84.0,12.0,3.821459
-50.0,-82.0,12.0,3.7954042
-50.0,-80.0,12.0,3.4547613
-50.0,-78.0,12.0,3.5287158
-50.0,-76.0,12.0,3.522454
-50.0,-74.0,12.0,3.525548
-50.0,-72.0,12.0,3.5847435
-50.0,-70.0,12.0,3.5783327
-50.0,-68.0,12.0,3.713842
-50.0,-66.0,12.0,3.777805
-50.0,-64.0,12.0,3.6741295
-50.0,-62.0,12.0,3.7542632
-50.0,-60.0,12.0,3.7846372
-50.0,-58.0,12.0,3.738857
-50.0,-56.0,12.0,3.6529062
-50.0,-54.0,12.0,3.8095868
-50.0,-52.0,12.0,3.988703
-50.0,-50.0,12.0,4.0733247
-50.0,-48.0,12.0,3.866747
-50.0,-46.0,12.0,3.8524625
-50.0,-44.0,12.0,4.036215
-50.0,-42.0,12.0,4.1110363
-50.0,-40.0,12.0,4.341683
-50.0,-38.0,12.0,4.3372374
-50.0,-36.0,12.0,4.3470674
-50.0,-34.0,12.0,4.3017926
-50.0,-32.0,12.0,4.330111
-50.0,-30.0,12.0,4.6237183
-50.0,-28.0,12.0,4.669951
-50.0,-26.0,12.0,4.7406087
-50.0,-24.0,12.0,4.760693
-50.0,-22.0,12.0,4.8311477
-50.0,-20.0,12.0,4.82834
-50.0,-18.0,12.0,4.7056766
-50.0,-16.0,12.0,4.6966333
-50.0,-14.0,12.0,4.8653626
-50.0,-12.0,12.0,4.8909483
-50.0,-10.0,12.0,4.998363
-50.0,-8.0,12.0,5.1997457
-50.0,-6.0,12.0,5.41127
-50.0,-4.0,12.0,5.306946
-50.0,-2.0,12.0,5.168803
-50.0,0.0,12.0,5.11495
-50.0,2.0,12.0,4.9611683
-50.0,4.0,12.0,4.9346814
-50.0,6.0,12.0,5.0724516
-50.0,8.0,12.0,5.2353272
-50.0,10.0,12.0,5.200319
-50.0,12.0,12.0,5.2064514
-50.0,14.0,12.0,5.2307353
-50.0,16.0,12.0,5.1732836
-50.0,18.0,12.0,5.1827664
-50.0,20.0,12.0,5.2516785
-50.0,22.0,12.0,5.6638794
-50.0,24.0,12.0,5.826375
-50.0,26.0,12.0,5.803814
-50.0,28.0,12.0,5.652518
-50.0,30.0,12.0,5.309069
-50.0,32.0,12.0,5.019681
-50.0,34.0,12.0,4.8206267
-50.0,36.0,12.0,4.910859
-50.0,38.0,12.0,5.1352196
-50.0,40.0,12.0,5.3352647
-50.0,42.0,12.0,5.3652678
-50.0,44.0,12.0,5.2014337
-50.0,46.0,12.0,5.300072
-50.0,48.0,12.0,5.3140717
-50.0,50.0,12.0,5.4149604
-50.0,52.0,12.0,5.3876667
-50.0,54.0,12.0,5.209368
-50.0,56.0,12.0,5.128262
-50.0,58.0,12.0,5.205321
-50.0,60.0,12.0,5.4273357
-50.0,62.0,12.0,5.679262
-50.0,64.0,12.0,5.7181444
-50.0,66.0,12.0,5.736984
-50.0,68.0,12.0,5.7321353
-50.0,70.0,12.0,5.453927
-50.0,72.0,12.0,5.2066317
-50.0,74.0,12.0,5.2031302
-50.0,76.0,12.0,5.2025433
-50.0,78.0,12.0,5.17171
-50.0,80.0,12.0,5.4500976
-50.0,82.0,12.0,5.8089585
-50.0,84.0,12.0,5.8750596
-50.0,86.0,12.0,5.71424
-50.0,88.0,12.0,5.4697847
-50.0,90.0,12.0,5.433496
-50.0,92.0,12.0,5.4841127
-50.0,94.0,12.0,5.778095
-50.0,96.0,12.0,5.949635
-50.0,98.0,12.0,5.8650117
-50.0,100.0,12.0,5.4161553
-50.0,102.0,12.0,5.3222528
-50.0,104.0,12.0,5.348436
-50.0,106.0,12.0,5.3790565
-50.0,108.0,12.0,5.329262
-50.0,110.0,12.0,5.448675
-50.0,112.0,12.0,5.7389
-50.0,114.0,12.0,6.030613
-50.0,116.0,12.0,5.907885
-50.0,118.0,12.0,5.5800023
-50.0,120.0,12.0,5.4424176
-50.0,122.0,12.0,5.260667
-50.0,124.0,12.0,5.2160606
-50.0,126.0,12.0,5.115651
-50.0,128.0,12.0,5.229934
-50.0,130.0,12.0,5.424457
-50.0,132.0,12.0,5.355387
-50.0,134.0,12.0,5.335892
-50.0,136.0,12.0,5.3136673
-50.0,138.0,12.0,5.3295674
-50.0,140.0,12.0,5.4245605
-50.0,142.0,12.0,5.3124733
-50.0,144.0,12.0,5.1658874
-50.0,146.0,12.0,5.1471725
-50.0,148.0,12.0,5.3474097
-50.0,150.0,12.0,5.434922
-50.0,152.0,12.0,5.4421
-50.0,154.0,12.0,5.460477
-50.0,156.0,12.0,5.66424
-50.0,158.0,12.0,5.5775657
-50.0,160.0,12.0,5.4242187
-50.0,162.0,12.0,5.3973804
-50.0,164.0,12.0,5.496654
-50.0,166.0,12.0,5.5778522
-50.0,168.0,12.0,5.487935
-50.0,170.0,12.0,5.444321
-50.0,172.0,12.0,5.639292
-50.0,174.0,12.0,5.5134964
-50.0,176.0,12.0,5.2374663
-50.0,178.0,12.0,5.3551183
-50.0,180.0,12.0,5.381234
-48.0,-180.0,12.0,5.824371
-48.0,-178.0,12.0,5.5101666
-48.0,-176.0,12.0,5.5582438
-48.0,-174.0,12.0,5.9024553
-48.0,-172.0,12.0,5.84663
-48.0,-170.0,12.0,5.6097846
-48.0,-168.0,12.0,5.64664
-48.0,-166.0,12.0,5.5747156
-48.0,-164.0,12.0,5.2843933
-48.0,-162.0,12.0,5.186026
-48.0,-160.0,12.0,5.407852
-48.0,-158.0,12.0,5.494866
-48.0,-156.0,12.0,5.3348117
-48.0,-154.0,12.0,5.2828264
-48.0,-152.0,12.0,5.38062
-48.0,-150.0,12.0,5.274926
-48.0,-148.0,12.0,4.9960694
-48.0,-146.0,12.0,4.8952837
-48.0,-144.0,12.0,4.9051595
-48.0,-142.0,12.0,5.040548
-48.0,-140.0,12.0,5.0469127
-48.0,-138.0,12.0,4.7965364
-48.0,-136.0,12.0,4.6174135
-48.0,-134.0,12.0,4.4787016
-48.0,-132.0,12.0,4.7450457
-48.0,-130.0,12.0,4.8968606
-48.0,-128.0,12.0,4.640774
-48.0,-126.0,12.0,4.3270473
-48.0,-124.0,12.0,4.2968626
-48.0,-122.0,12.0,4.3533654
-48.0,-120.0,12.0,4.4692264
-48.0,-118.0,12.0,4.4083233
-48.0,-116.0,12.0,4.436398
-48.0,-114.0,12.0,4.4099145
-48.0,-112.0,12.0,4.3121324
-48.0,-110.0,12.0,3.9746723
-48.0,-108.0,12.0,3.981615
-48.0,-106.0,12.0,3.9092145
-48.0,-104.0,12.0,3.8033683
-48.0,-102.0,12.0,3.816625
-48.0,-100.0,12.0,3.7818654
-48.0,-98.0,12.0,4.172095
-48.0,-96.0,12.0,4.308792
-48.0,-94.0,12.0,4.0426283
-48.0,-92.0,12.0,3.948671
-48.0,-90.0,12.0,3.7993937
-48.0,-88.0,12.0,3.8188195
-48.0,-86.0,12.0,4.1384406
-48.0,-84.0,12.0,4.118664
-48.0,-82.0,12.0,3.9904037
-48.0,-80.0,12.0,3.6977441
-48.0,-78.0,12.0,3.7832537
-48.0,-76.0,12.0,3.747662
-48.0,-74.0,12.0,3.7448628
-48.0,-72.0,12.0,3.8391988
-48.0,-70.0,12.0,3.8495557
-48.0,-68.0,12.0,3.9795604
-48.0,-66.0,12.0,3.9630787
-48.0,-64.0,12.0,3.9283762
-48.0,-62.0,12.0,4.0635357
-48.0,-60.0,12.0,4.009497
-48.0,-58.0,12.0,3.9565423
-48.0,-56.0,12.0,3.8634524
-48.0,-54.0,12.0,4.1342206
-48.0,-52.0,12.0,4.251007
-48.0,-50.0,12.0,4.30385
-48.0,-48.0,12.0,4.128997
-48.0,-46.0,12.0,4.096881
-48.0,-44.0,12.0,4.2373776
-48.0,-42.0,12.0,4.4418874
-48.0,-40.0,12.0,4.6776376
-48.0,-38.0,12.0,4.7769527
-48.0,-36.0,12.0,4.5814424
-48.0,-34.0,12.0,4.7041693
-48.0,-32.0,12.0,4.7819633
-48.0,-30.0,12.0,5.0549955
-48.0,-28.0,12.0,5.0930924
-48.0,-26.0,12.0,5.220627
-48.0,-24.0,12.0,5.2117267
-48.0,-22.0,12.0,5.279817
-48.0,-20.0,12.0,5.345986
-48.0,-18.0,12.0,5.277675
-48.0,-16.0,12.0,5.1446433
-48.0,-14.0,12.0,5.4187937
-48.0,-12.0,12.0,5.4901867
-48.0,-10.0,12.0,5.4958973
-48.0,-8.0,12.0,5.6823387
-48.0,-6.0,12.0,5.9869576
-48.0,-4.0,12.0,5.8013663
-48.0,-2.0,12.0,5.6413646
-48.0,0.0,12.0,5.600567
-48.0,2.0,12.0,5.4662437
-48.0,4.0,12.0,5.3944182
-48.0,6.0,12.0,5.566772
-48.0,8.0,12.0,5.7293735
-48.0,10.0,12.0,5.6856694
-48.0,12.0,12.0,5.674239
-48.0,14.0,12.0,5.6609025
-48.0,16.0,12.0,5.5717473
-48.0,18.0,12.0,5.6153817
-48.0,20.0,12.0,5.666484
-48.0,22.0,12.0,6.164873
-48.0,24.0,12.0,6.455052
-48.0,26.0,12.0,6.381573
-48.0,28.0,12.0,6.1312504
-48.0,30.0,12.0,5.8242197
-48.0,32.0,12.0,5.556008
-48.0,34.0,12.0,5.314026
-48.0,36.0,12.0,5.318202
-48.0,38.0,12.0,5.5605884
-48.0,40.0,12.0,5.85171
-48.0,42.0,12.0,5.8957686
-48.0,44.0,12.0,5.779097
-48.0,46.0,12.0,5.7783136
-48.0,48.0,12.0,5.8256493
-48.0,50.0,12.0,6.0756254
-48.0,52.0,12.0,6.052887
-48.0,54.0,12.0,5.8060856
-48.0,56.0,12.0,5.670126
-48.0,58.0,12.0,5.7958593
-48.0,60.0,12.0,6.093526
-48.0,62.0,12.0,6.281253
-48.0,64.0,12.0,6.3148007
-48.0,66.0,12.0,6.429713
-48.0,68.0,12.0,6.3821177
-48.0,70.0,12.0,5.986527
-48.0,72.0,12.0,5.703448
-48.0,74.0,12.0,5.71477
-48.0,76.0,12.0,5.750767
-48.0,78.0,12.0,5.887326
-48.0,80.0,12.0,5.9975395
-48.0,82.0,12.0,6.443283
-48.0,84.0,12.0,6.5925198
-48.0,86.0,12.0,6.3449206
-48.0,88.0,12.0,6.0672817
-48.0,90.0,12.0,6.226643
-48.0,92.0,12.0,6.3129816
-48.0,94.0,12.0,6.394301
-48.0,96.0,12.0,6.5926313
-48.0,98.0,12.0,6.5094323
-48.0,100.0,12.0,6.02262
-48.0,102.0,12.0,5.8789487
-48.0,104.0,12.0,5.9527664
-48.0,106.0,12.0,6.102541
-48.0,108.0,12.0,6.109592
-48.0,110.0,12.0,6.1110454
-48.0,112.0,12.0,6.4927716
-48.0,114.0,12.0,6.6029162
-48.0,116.0,12.0,6.4718504
-48.0,118.0,12.0,6.328315
-48.0,120.0,12.0,6.2303886
-48.0,122.0,12.0,6.122844
-48.0,124.0,12.0,5.938544
-48.0,126.0,12.0,5.8281074
-48.0,128.0,12.0,5.939763
-48.0,130.0,12.0,6.1805778
-48.0,132.0,12.0,6.0659614
-48.0,134.0,12.0,5.882598
-48.0,136.0,12.0,5.8505845
-48.0,138.0,12.0,5.8143578
-48.0,140.0,12.0,5.9815426
-48.0,142.0,12.0,5.85465
-48.0,144.0,12.0,5.6716533
-48.0,146.0,12.0,5.5573196
-48.0,148.0,12.0,5.7707877
-48.0,150.0,12.0,5.955961
-48.0,152.0,12.0,5.940033
-48.0,154.0,12.0,5.9306345
-48.0,156.0,12.0,6.148515
-48.0,158.0,12.0,6.085389
-48.0,160.0,12.0,5.8692975
-48.0,162.0,12.0,5.8206754
-48.0,164.0,12.0,6.014164
-48.0,166.0,12.0,6.124326
-48.0,168.0,12.0,6.0251575
-48.0,170.0,12.0,5.9969573
-48.0,172.0,12.0,6.1905394
-48.0,174.0,12.0,6.0033655
-48.0,176.0,12.0,5.792211
-48.0,178.0,12.0,5.7507553
-48.0,180.0,12.0,5.824371
-46.0,-180.0,12.0,5.49392
-46.0,-178.0,12.0,5.1267123
-46.0,-176.0,12.0,5.2465925
-46.0,-174.0,12.0,5.5102763
-46.0,-172.0,12.0,5.465249
-46.0,-170.0,12.0,5.277075
-46.0,-168.0,12.0,5.2384143
-46.0,-166.0,12.0,5.1615143
-46.0,-164.0,12.0,4.937086
-46.0,-162.0,12.0,4.862744
-46.0,-160.0,12.0,5.0408487
-46.0,-158.0,12.0,5.153768
-46.0,-156.0,12.0,5.0589175
-46.0,-154.0,12.0,4.9874964
-46.0,-152.0,12.0,4.9946213
-46.0,-150.0,12.0,4.8902698
-46.0,-148.0,12.0,4.545229
-46.0,-146.0,12.0,4.5863442
-46.0,-144.0,12.0,4.6833134
-46.0,-142.0,12.0,4.648295
-46.0,-140.0,12.0,4.5762815
-46.0,-138.0,12.0,4.439231
-46.0,-136.0,12.0,4.348908
-46.0,-134.0,12.0,4.289652
-46.0,-132.0,12.0,4.3036447
-46.0,-130.0,12.0,4.456191
-46.0,-128.0,12.0,4.2526865
-46.0,-126.0,12.0,3.9643981
-46.0,-124.0,12.0,3.9732573
-46.0,-122.0,12.0,3.9836185
-46.0,-120.0,12.0,4.087703
-46.0,-118.0,12.0,4.09359
-46.0,-116.0,12.0,4.1965766
-46.0,-114.0,12.0,4.059261
-46.0,-112.0,12.0,3.8012412
-46.0,-110.0,12.0,3.639973
-46.0,-108.0,12.0,3.6568491
-46.0,-106.0,12.0,3.4966052
-46.0,-104.0,12.0,3.3100336
-46.0,-102.0,12.0,3.411634
-46.0,-100.0,12.0,3.4198568
-46.0,-98.0,12.0,3.7051244
-46.0,-96.0,12.0,3.7636218
-46.0,-94.0,12.0,3.493523
-46.0,-92.0,12.0,3.4020355
-46.0,-90.0,12.0,3.4009967
-46.0,-88.0,12.0,3.4097261
-46.0,-86.0,12.0,3.6849985
-46.0,-84.0,12.0,3.6528273
-46.0,-82.0,12.0,3.497954
-46.0,-80.0,12.0,3.3862257
-46.0,-78.0,12.0,3.5179298
-46.0,-76.0,12.0,3.312788
-46.0,-74.0,12.0,3.4015703
-46.0,-72.0,12.0,3.6269045
-46.0,-70.0,12.0,3.5601442
-46.0,-68.0,12.0,3.4832115
-46.0,-66.0,12.0,3.6249425
-46.0,-64.0,12.0,3.519847
-46.0,-62.0,12.0,3.6410382
-46.0,-60.0,12.0,3.7421665
-46.0,-58.0,12.0,3.6639395
-46.0,-56.0,12.0,3.5699456
-46.0,-54.0,12.0,3.738067
-46.0,-52.0,12.0,3.814445
-46.0,-50.0,12.0,3.9574556
-46.0,-48.0,12.0,3.7821147
-46.0,-46.0,12.0,3.8256118
-46.0,-44.0,12.0,4.024594
-46.0,-42.0,12.0,4.1367364
-46.0,-40.0,12.0,4.252782
-46.0,-38.0,12.0,4.347826
-46.0,-36.0,12.0,4.3654704
-46.0,-34.0,12.0,4.377575
-46.0,-32.0,12.0,4.434515
-46.0,-30.0,12.0,4.6890526
-46.0,-28.0,12.0,4.6944036
-46.0,-26.0,12.0,4.7641253
-46.0,-24.0,12.0,4.6558437
-46.0,-22.0,12.0,4.7663465
-46.0,-20.0,12.0,4.951617
-46.0,-18.0,12.0,4.825017
-46.0,-16.0,12.0,4.712626
-46.0,-14.0,12.0,5.0777082
-46.0,-12.0,12.0,5.1881895
-46.0,-10.0,12.0,5.1574345
-46.0,-8.0,12.0,5.3636684
-46.0,-6.0,12.0,5.6515546
-46.0,-4.0,12.0,5.448498
-46.0,-2.0,12.0,5.2068605
-46.0,0.0,12.0,5.230301
-46.0,2.0,12.0,5.1921225
-46.0,4.0,12.0,5.087915
-46.0,6.0,12.0,5.188543
-46.0,8.0,12.0,5.40018
-46.0,10.0,12.0,5.3335342
-46.0,12.0,12.0,5.2396297
-46.0,14.0,12.0,5.1979256
-46.0,16.0,12.0,5.3303924
-46.0,18.0,12.0,5.3913417
-46.0,20.0,12.0,5.418552
-46.0,22.0,12.0,5.8442287
-46.0,24.0,12.0,5.988466
-46.0,26.0,12.0,5.863003
-46.0,28.0,12.0,5.6442804
-46.0,30.0,12.0,5.5306005
-46.0,32.0,12.0,5.5232034
-46.0,34.0,12.0,5.2528505
-46.0,36.0,12.0,5.185788
-46.0,38.0,12.0,5.3624077
-46.0,40.0,12.0,5.580193
-46.0,42.0,12.0,5.519999
-46.0,44.0,12.0,5.4567285
-46.0,46.0,12.0,5.4028087
-46.0,48.0,12.0,5.4034586
-46.0,50.0,12.0,5.7010136
-46.0,52.0,12.0,5.8034787
-46.0,54.0,12.0,5.599164
-46.0,56.0,12.0,5.5383663
-46.0,58.0,12.0,5.597384
-46.0,60.0,12.0,5.8134995
-46.0,62.0,12.0,6.035689
-46.0,64.0,12.0,6.186479
-46.0,66.0,12.0,6.2750807
-46.0,68.0,12.0,6.1560416
-46.0,70.0,12.0,5.820316
-46.0,72.0,12.0,5.602211
-46.0,74.0,12.0,5.4986057
-46.0,76.0,12.0,5.4563165
-46.0,78.0,12.0,5.6206427
-46.0,80.0,12.0,5.8325777
-46.0,82.0,12.0,6.1865478
-46.0,84.0,12.0,6.321083
-46.0,86.0,12.0,6.0814943
-46.0,88.0,12.0,5.8980017
-46.0,90.0,12.0,5.910242
-46.0,92.0,12.0,6.0233293
-46.0,94.0,12.0,6.192603
-46.0,96.0,12.0,6.443819
-46.0,98.0,12.0,6.289457
-46.0,100.0,12.0,5.8675556
-46.0,102.0,12.0,5.69389
-46.0,104.0,12.0,5.6068177
-46.0,106.0,12.0,5.7669373
-46.0,108.0,12.0,5.8814545
-46.0,110.0,12.0,5.9339604
-46.0,112.0,12.0,6.2077103
-46.0,114.0,12.0,6.3467164
-46.0,116.0,12.0,6.1752176
-46.0,118.0,12.0,6.0618362
-46.0,120.0,12.0,5.9856734
-46.0,122.0,12.0,5.8847694
-46.0,124.0,12.0,5.6915803
-46.0,126.0,12.0,5.570883
-46.0,128.0,12.0,5.776742
-46.0,130.0,12.0,5.9192505
-46.0,132.0,12.0,5.699675
-46.0,134.0,12.0,5.5220327
-46.0,136.0,12.0,5.4604936
-46.0,138.0,12.0,5.675441
-46.0,140.0,12.0,5.8640943
-46.0,142.0,12.0,5.7233477
-46.0,144.0,12.0,5.606216
-46.0,146.0,12.0,5.5375586
-46.0,148.0,12.0,5.683527
-46.0,150.0,12.0,5.8215985
-46.0,152.0,12.0,5.795383
-46.0,154.0,12.0,5.720099
-46.0,156.0,12.0,5.93252
-46.0,158.0,12.0,5.9386487
-46.0,160.0,12.0,5.685318
-46.0,162.0,12.0,5.6045976
-46.0,164.0,12.0,5.781233
-46.0,166.0,12.0,5.7567058
-46.0,168.0,12.0,5.6305404
-46.0,170.0,12.0,5.676752
-46.0,172.0,12.0,5.830321
-46.0,174.0,12.0,5.6163187
-46.0,176.0,12.0,5.452736
-46.0,178.0,12.0,5.4686065
-46.0,180.0,12.0,5.49392
-44.0,-180.0,12.0,4.629629
-44.0,-178.0,12.0,4.29304
-44.0,-176.0,12.0,4.4672947
-44.0,-174.0,12.0,4.597887
-44.0,-172.0,12.0,4.5560975
-44.0,-170.0,12.0,4.5324883
-44.0,-168.0,12.0,4.4395247
-44.0,-166.0,12.0,4.2348676
-44.0,-164.0,12.0,4.121602
-44.0,-162.0,12.0,4.156688
-44.0,-160.0,12.0,4.254522
-44.0,-158.0,12.0,4.3173323
-44.0,-156.0,12.0,4.27418
-44.0,-154.0,12.0,4.301858
-44.0,-152.0,12.0,4.1939397
-44.0,-150.0,12.0,3.994451
-44.0,-148.0,12.0,3.7584233
-44.0,-146.0,12.0,3.8669617
-44.0,-144.0,12.0,3.9885232
-44.0,-142.0,12.0,4.0486255
-44.0,-140.0,12.0,3.9131439
-44.0,-138.0,12.0,3.7804053
-44.0,-136.0,12.0,3.7299285
-44.0,-134.0,12.0,3.6752567
-44.0,-132.0,12.0,3.64721
-44.0,-130.0,12.0,3.6253445
-44.0,-128.0,12.0,3.4754024
-44.0,-126.0,12.0,3.3441613
-44.0,-124.0,12.0,3.3380601
-44.0,-122.0,12.0,3.3289533
-44.0,-120.0,12.0,3.3733401
-44.0,-118.0,12.0,3.4730127
-44.0,-116.0,12.0,3.5045164
-44.0,-114.0,12.0,3.3585072
-44.0,-112.0,12.0,3.104913
-44.0,-110.0,12.0,3.019928
-44.0,-108.0,12.0,3.0359175
-44.0,-106.0,12.0,2.8494058
-44.0,-104.0,12.0,2.7568748
-44.0,-102.0,12.0,2.857647
-44.0,-100.0,12.0,2.8318663
-44.0,-98.0,12.0,3.002773
-44.0,-96.0,12.0,3.0948064
-44.0,-94.0,12.0,2.9765134
-44.0,-92.0,12.0,2.8819067
-44.0,-90.0,12.0,2.8145173
-44.0,-88.0,12.0,2.884196
-44.0,-86.0,12.0,3.088339
-44.0,-84.0,12.0,3.0432234
-44.0,-82.0,12.0,2.960471
-44.0,-80.0,12.0,2.8024025
-44.0,-78.0,12.0,2.8316658
-44.0,-76.0,12.0,2.7883167
-44.0,-74.0,12.0,2.8709593
-44.0,-72.0,12.0,2.9928489
-44.0,-70.0,12.0,2.9019372
-44.0,-68.0,12.0,2.853322
-44.0,-66.0,12.0,2.927838
-44.0,-64.0,12.0,2.9097915
-44.0,-62.0,12.0,2.861009
-44.0,-60.0,12.0,3.0594282
-44.0,-58.0,12.0,3.115395
-44.0,-56.0,12.0,3.048802
-44.0,-54.0,12.0,3.177424
-44.0,-52.0,12.0,3.19984
-44.0,-50.0,12.0,3.3113773
-44.0,-48.0,12.0,3.1857066
-44.0,-46.0,12.0,3.26582
-44.0,-44.0,12.0,3.4442976
-44.0,-42.0,12.0,3.494578
-44.0,-40.0,12.0,3.6409175
-44.0,-38.0,12.0,3.6967375
-44.0,-36.0,12.0,3.7669024
-44.0,-34.0,12.0,3.8219075
-44.0,-32.0,12.0,3.7217615
-44.0,-30.0,12.0,3.912006
-44.0,-28.0,12.0,3.9523144
-44.0,-26.0,12.0,4.0396504
-44.0,-24.0,12.0,3.8780377
-44.0,-22.0,12.0,3.9832463
-44.0,-20.0,12.0,4.076441
-44.0,-18.0,12.0,3.959396
-44.0,-16.0,12.0,3.9339192
-44.0,-14.0,12.0,4.1602697
-44.0,-12.0,12.0,4.369422
-44.0,-10.0,12.0,4.369771
-44.0,-8.0,12.0,4.562943
-44.0,-6.0,12.0,4.817287
-44.0,-4.0,12.0,4.6749816
-44.0,-2.0,12.0,4.485324
-44.0,0.0,12.0,4.496809
-44.0,2.0,12.0,4.4682417
-44.0,4.0,12.0,4.355346
-44.0,6.0,12.0,4.438723
-44.0,8.0,12.0,4.6080947
-44.0,10.0,12.0,4.5433965
-44.0,12.0,12.0,4.3152375
-44.0,14.0,12.0,4.315785
-44.0,16.0,12.0,4.4584165
-44.0,18.0,12.0,4.6358542
-44.0,20.0,12.0,4.623817
-44.0,22.0,12.0,4.8549466
-44.0,24.0,12.0,4.9770646
-44.0,26.0,12.0,4.7889447
-44.0,28.0,12.0,4.659943
-44.0,30.0,12.0,4.664262
-44.0,32.0,12.0,4.7781725
-44.0,34.0,12.0,4.5653377
-44.0,36.0,12.0,4.504985
-44.0,38.0,12.0,4.698448
-44.0,40.0,12.0,4.6818547
-44.0,42.0,12.0,4.5590773
-44.0,44.0,12.0,4.4929395
-44.0,46.0,12.0,4.49864
-44.0,48.0,12.0,4.526746
-44.0,50.0,12.0,4.772613
-44.0,52.0,12.0,4.8820815
-44.0,54.0,12.0,4.82274
-44.0,56.0,12.0,4.760483
-44.0,58.0,12.0,4.5991936
-44.0,60.0,12.0,4.844514
-44.0,62.0,12.0,5.08535
-44.0,64.0,12.0,5.1920686
-44.0,66.0,12.0,5.206693
-44.0,68.0,12.0,5.209372
-44.0,70.0,12.0,4.970877
-44.0,72.0,12.0,4.8362355
-44.0,74.0,12.0,4.6997657
-44.0,76.0,12.0,4.759013
-44.0,78.0,12.0,4.7885737
-44.0,80.0,12.0,5.0202637
-44.0,82.0,12.0,5.256579
-44.0,84.0,12.0,5.328708
-44.0,86.0,12.0,5.196853
-44.0,88.0,12.0,5.0037823
-44.0,90.0,12.0,5.012127
-44.0,92.0,12.0,5.128896
-44.0,94.0,12.0,5.275551
-44.0,96.0,12.0,5.478501
-44.0,98.0,12.0,5.3174605
-44.0,100.0,12.0,5.0229125
-44.0,102.0,12.0,4.871163
-44.0,104.0,12.0,4.805297
-44.0,106.0,12.0,4.8753777
-44.0,108.0,12.0,5.007937
-44.0,110.0,12.0,5.0196757
-44.0,112.0,12.0,5.17804
-44.0,114.0,12.0,5.3980865
-44.0,116.0,12.0,5.272007
-44.0,118.0,12.0,5.049854
-44.0,120.0,12.0,4.9649386
-44.0,122.0,12.0,4.9300838
-44.0,124.0,12.0,4.8664556
-44.0,126.0,12.0,4.775999
-44.0,128.0,12.0,4.824218
-44.0,130.0,12.0,4.9460254
-44.0,132.0,12.0,4.7504954
-44.0,134.0,12.0,4.557322
-44.0,136.0,12.0,4.521903
-44.0,138.0,12.0,4.687786
-44.0,140.0,12.0,5.003731
-44.0,142.0,12.0,4.947799
-44.0,144.0,12.0,4.8381166
-44.0,146.0,12.0,4.8767767
-44.0,148.0,12.0,4.9330873
-44.0,150.0,12.0,4.927782
-44.0,152.0,12.0,4.7504206
-44.0,154.0,12.0,4.758935
-44.0,156.0,12.0,4.993021
-44.0,158.0,12.0,5.033752
-44.0,160.0,12.0,4.943667
-44.0,162.0,12.0,4.979826
-44.0,164.0,12.0,4.89554
-44.0,166.0,12.0,4.6616
-44.0,168.0,12.0,4.6517816
-44.0,170.0,12.0,4.74043
-44.0,172.0,12.0,4.8158298
-44.0,174.0,12.0,4.7705455
-44.0,176.0,12.0,4.753858
-44.0,178.0,12.0,4.6997933
-44.0,180.0,12.0,4.629629
-42.0,-180.0,12.0,4.2139335
-42.0,-178.0,12.0,3.9358058
-42.0,-176.0,12.0,4.188976
-42.0,-174.0,12.0,4.331371
-42.0,-172.0,12.0,4.2120514
-42.0,-170.0,12.0,4.205493
-42.0,-168.0,12.0,4.1364675
-42.0,-166.0,12.0,3.9623778
-42.0,-164.0,12.0,3.7957413
-42.0,-162.0,12.0,3.8917687
-42.0,-160.0,12.0,3.9820495
-42.0,-158.0,12.0,3.973413
-42.0,-156.0,12.0,3.9018607
-42.0,-154.0,12.0,3.960927
-42.0,-152.0,12.0,3.9181404
-42.0,-150.0,12.0,3.6822624
-42.0,-148.0,12.0,3.4464948
-42.0,-146.0,12.0,3.543905
-42.0,-144.0,12.0,3.6539373
-42.0,-142.0,12.0,3.73873
-42.0,-140.0,12.0,3.6139824
-42.0,-138.0,12.0,3.4186664
-42.0,-136.0,12.0,3.311895
-42.0,-134.0,12.0,3.2592497
-42.0,-132.0,12.0,3.244931
-42.0,-130.0,12.0,3.3298554
-42.0,-128.0,12.0,3.179123
-42.0,-126.0,12.0,2.9608345
-42.0,-124.0,12.0,2.8942003
-42.0,-122.0,12.0,3.0083594
-42.0,-120.0,12.0,3.0297644
-42.0,-118.0,12.0,3.0115325
-42.0,-116.0,12.0,2.9973552
-42.0,-114.0,12.0,3.0457544
-42.0,-112.0,12.0,2.9065118
-42.0,-110.0,12.0,2.7475593
-42.0,-108.0,12.0,2.827761
-42.0,-106.0,12.0,2.7004397
-42.0,-104.0,12.0,2.6112566
-42.0,-102.0,12.0,2.630222
-42.0,-100.0,12.0,2.6229286
-42.0,-98.0,12.0,2.8258634
-42.0,-96.0,12.0,2.9009264
-42.0,-94.0,12.0,2.7631254
-42.0,-92.0,12.0,2.7273786
-42.0,-90.0,12.0,2.6716876
-42.0,-88.0,12.0,2.6926107
-42.0,-86.0,12.0,2.9422753
-42.0,-84.0,12.0,2.9862525
-42.0,-82.0,12.0,2.878849
-42.0,-80.0,12.0,2.6449392
-42.0,-78.0,12.0,2.7359002
-42.0,-76.0,12.0,2.6597936
-42.0,-74.0,12.0,2.7281663
-42.0,-72.0,12.0,2.7518494
-42.0,-70.0,12.0,2.7513583
-42.0,-68.0,12.0,2.7796788
-42.0,-66.0,12.0,2.7813926
-42.0,-64.0,12.0,2.8025584
-42.0,-62.0,12.0,2.8892684
-42.0,-60.0,12.0,2.9370956
-42.0,-58.0,12.0,2.7844074
-42.0,-56.0,12.0,2.808753
-42.0,-54.0,12.0,3.0662448
-42.0,-52.0,12.0,3.151858
-42.0,-50.0,12.0,3.1912453
-42.0,-48.0,12.0,3.0434248
-42.0,-46.0,12.0,3.281056
-42.0,-44.0,12.0,3.4315803
-42.0,-42.0,12.0,3.4095783
-42.0,-40.0,12.0,3.363517
-42.0,-38.0,12.0,3.353443
-42.0,-36.0,12.0,3.3767512
-42.0,-34.0,12.0,3.5095658
-42.0,-32.0,12.0,3.4791389
-42.0,-30.0,12.0,3.546201
-42.0,-28.0,12.0,3.5794735
-42.0,-26.0,12.0,3.677597
-42.0,-24.0,12.0,3.6068559
-42.0,-22.0,12.0,3.6737406
-42.0,-20.0,12.0,3.7855906
-42.0,-18.0,12.0,3.780765
-42.0,-16.0,12.0,3.7079747
-42.0,-14.0,12.0,3.9387937
-42.0,-12.0,12.0,4.04613
-42.0,-10.0,12.0,4.056871
-42.0,-8.0,12.0,4.214907
-42.0,-6.0,12.0,4.4562273
-42.0,-4.0,12.0,4.3864098
-42.0,-2.0,12.0,4.128665
-42.0,0.0,12.0,4.1388884
-42.0,2.0,12.0,4.0961123
-42.0,4.0,12.0,4.043879
-42.0,6.0,12.0,4.1772437
-42.0,8.0,12.0,4.310586
-42.0,10.0,12.0,4.2224803
-42.0,12.0,12.0,4.0726104
-42.0,14.0,12.0,4.1064954
-42.0,16.0,12.0,4.131364
-42.0,18.0,12.0,4.284093
-42.0,20.0,12.0,4.3393574
-42.0,22.0,12.0,4.509789
-42.0,24.0,12.0,4.5604343
-42.0,26.0,12.0,4.341325
-42.0,28.0,12.0,4.2418365
-42.0,30.0,12.0,4.2983055
-42.0,32.0,12.0,4.3411016
-42.0,34.0,12.0,4.179298
-42.0,36.0,12.0,4.156081
-42.0,38.0,12.0,4.2961764
-42.0,40.0,12.0,4.338165
-42.0,42.0,12.0,4.1567755
-42.0,44.0,12.0,4.2201996
-42.0,46.0,12.0,4.275213
-42.0,48.0,12.0,4.273199
-42.0,50.0,12.0,4.472465
-42.0,52.0,12.0,4.529205
-42.0,54.0,12.0,4.4981074
-42.0,56.0,12.0,4.4424653
-42.0,58.0,12.0,4.3142996
-42.0,60.0,12.0,4.51031
-42.0,62.0,12.0,4.692544
-42.0,64.0,12.0,4.837539
-42.0,66.0,12.0,4.8056393
-42.0,68.0,12.0,4.766952
-42.0,70.0,12.0,4.6990995
-42.0,72.0,12.0,4.5655937
-42.0,74.0,12.0,4.402879
-42.0,76.0,12.0,4.4256372
-42.0,78.0,12.0,4.5465145
-42.0,80.0,12.0,4.6766105
-42.0,82.0,12.0,4.856902
-42.0,84.0,12.0,4.9905944
-42.0,86.0,12.0,4.898261
-42.0,88.0,12.0,4.650456
-42.0,90.0,12.0,4.645259
-42.0,92.0,12.0,4.8126802
-42.0,94.0,12.0,4.917538
-42.0,96.0,12.0,5.045333
-42.0,98.0,12.0,4.9155545
-42.0,100.0,12.0,4.685899
-42.0,102.0,12.0,4.5527024
-42.0,104.0,12.0,4.457041
-42.0,106.0,12.0,4.6224337
-42.0,108.0,12.0,4.7713184
-42.0,110.0,12.0,4.6763372
-42.0,112.0,12.0,4.7829103
-42.0,114.0,12.0,5.066279
-42.0,116.0,12.0,4.96333
-42.0,118.0,12.0,4.660703
-42.0,120.0,12.0,4.593043
-42.0,122.0,12.0,4.660538
-42.0,124.0,12.0,4.664693
-42.0,126.0,12.0,4.431536
-42.0,128.0,12.0,4.442633
-42.0,130.0,12.0,4.5865417
-42.0,132.0,12.0,4.4443274
-42.0,134.0,12.0,4.185717
-42.0,136.0,12.0,4.103184
-42.0,138.0,12.0,4.310417
-42.0,140.0,12.0,4.5967607
-42.0,142.0,12.0,4.61666
-42.0,144.0,12.0,4.476574
-42.0,146.0,12.0,4.4889946
-42.0,148.0,12.0,4.5369716
-42.0,150.0,12.0,4.5539083
-42.0,152.0,12.0,4.4427805
-42.0,154.0,12.0,4.51905
-42.0,156.0,12.0,4.7834187
-42.0,158.0,12.0,4.7194877
-42.0,160.0,12.0,4.559261
-42.0,162.0,12.0,4.629516
-42.0,164.0,12.0,4.5020895
-42.0,166.0,12.0,4.218515
-42.0,168.0,12.0,4.180417
-42.0,170.0,12.0,4.3175006
-42.0,172.0,12.0,4.391954
-42.0,174.0,12.0,4.2512813
-42.0,176.0,12.0,4.3117304
-42.0,178.0,12.0,4.377574
-42.0,180.0,12.0,4.2139335
-40.0,-180.0,12.0,4.453874
-40.0,-178.0,12.0,4.132084
-40.0,-176.0,12.0,4.362709
-40.0,-174.0,12.0,4.660831
-40.0,-172.0,12.0,4.4340672
-40.0,-170.0,12.0,4.236383
-40.0,-168.0,12.0,4.175422
-40.0,-166.0,12.0,4.1532245
-40.0,-164.0,12.0,4.0355706
-40.0,-162.0,12.0,3.9539344
-40.0,-160.0,12.0,4.1373625
-40.0,-158.0,12.0,4.159523
-40.0,-156.0,12.0,4.0036464
-40.0,-154.0,12.0,3.9692564
-40.0,-152.0,12.0,4.0228853
-40.0,-150.0,12.0,3.896498
-40.0,-148.0,12.0,3.5420334
-40.0,-146.0,12.0,3.6124597
-40.0,-144.0,12.0,3.8201692
-40.0,-142.0,12.0,3.8102674
-40.0,-140.0,12.0,3.66708
-40.0,-138.0,12.0,3.4491105
-40.0,-136.0,12.0,3.326979
-40.0,-134.0,12.0,3.281275
-40.0,-132.0,12.0,3.2027233
-40.0,-130.0,12.0,3.3071995
-40.0,-128.0,12.0,3.2348115
-40.0,-126.0,12.0,3.0196075
-40.0,-124.0,12.0,3.0001478
-40.0,-122.0,12.0,3.0561461
-40.0,-120.0,12.0,3.102092
-40.0,-118.0,12.0,2.974208
-40.0,-116.0,12.0,3.142973
-40.0,-114.0,12.0,3.2502992
-40.0,-112.0,12.0,3.0469809
-40.0,-110.0,12.0,2.844566
-40.0,-108.0,12.0,2.9382963
-40.0,-106.0,12.0,2.76096
-40.0,-104.0,12.0,2.6444914
-40.0,-102.0,12.0,2.6997826
-40.0,-100.0,12.0,2.7130294
-40.0,-98.0,12.0,2.8242347
-40.0,-96.0,12.0,2.8720963
-40.0,-94.0,12.0,2.7293065
-40.0,-92.0,12.0,2.7482147
-40.0,-90.0,12.0,2.7598372
-40.0,-88.0,12.0,2.856846
-40.0,-86.0,12.0,3.0936997
-40.0,-84.0,12.0,3.2119715
-40.0,-82.0,12.0,3.0328662
-40.0,-80.0,12.0,2.8397048
-40.0,-78.0,12.0,2.9480958
-40.0,-76.0,12.0,2.8325956
-40.0,-74.0,12.0,2.8414202
-40.0,-72.0,12.0,2.9019701
-40.0,-70.0,12.0,2.979735
-40.0,-68.0,12.0,2.9661913
-40.0,-66.0,12.0,2.9652176
-40.0,-64.0,12.0,2.9951081
-40.0,-62.0,12.0,3.0854993
-40.0,-60.0,12.0,3.1818073
-40.0,-58.0,12.0,3.0155323
-40.0,-56.0,12.0,3.0698066
-40.0,-54.0,12.0,3.3768125
-40.0,-52.0,12.0,3.490065
-40.0,-50.0,12.0,3.4499888
-40.0,-48.0,12.0,3.3198073
-40.0,-46.0,12.0,3.5534406
-40.0,-44.0,12.0,3.699342
-40.0,-42.0,12.0,3.6909592
-40.0,-40.0,12.0,3.6378508
-40.0,-38.0,12.0,3.5492952
-40.0,-36.0,12.0,3.5458121
-40.0,-34.0,12.0,3.6974037
-40.0,-32.0,12.0,3.6758058
-40.0,-30.0,12.0,3.8785892
-40.0,-28.0,12.0,3.8921416
-40.0,-26.0,12.0,3.869172
-40.0,-24.0,12.0,3.8977478
-40.0,-22.0,12.0,4.134656
-40.0,-20.0,12.0,4.189303
-40.0,-18.0,12.0,4.076325
-40.0,-16.0,12.0,4.1625776
-40.0,-14.0,12.0,4.408302
-40.0,-12.0,12.0,4.4013762
-40.0,-10.0,12.0,4.4235396
-40.0,-8.0,12.0,4.707785
-40.0,-6.0,12.0,4.8705416
-40.0,-4.0,12.0,4.575821
-40.0,-2.0,12.0,4.435865
-40.0,0.0,12.0,4.593713
-40.0,2.0,12.0,4.4060054
-40.0,4.0,12.0,4.349096
-40.0,6.0,12.0,4.5917163
-40.0,8.0,12.0,4.811214
-40.0,10.0,12.0,4.683133
-40.0,12.0,12.0,4.6337605
-40.0,14.0,12.0,4.6902814
-40.0,16.0,12.0,4.645818
-40.0,18.0,12.0,4.6707063
-40.0,20.0,12.0,4.7076893
-40.0,22.0,12.0,4.8765917
-40.0,24.0,12.0,4.9056435
-40.0,26.0,12.0,4.72065
-40.0,28.0,12.0,4.6864533
-40.0,30.0,12.0,4.7173047
-40.0,32.0,12.0,4.696621
-40.0,34.0,12.0,4.480257
-40.0,36.0,12.0,4.471387
-40.0,38.0,12.0,4.708697
-40.0,40.0,12.0,4.754028
-40.0,42.0,12.0,4.673006
-40.0,44.0,12.0,4.7132387
-40.0,46.0,12.0,4.7577925
-40.0,48.0,12.0,4.7813807
-40.0,50.0,12.0,4.8527193
-40.0,52.0,12.0,4.881459
-40.0,54.0,12.0,4.8701563
-40.0,56.0,12.0,4.826542
-40.0,58.0,12.0,4.7715535
-40.0,60.0,12.0,4.9296594
-40.0,62.0,12.0,5.141565
-40.0,64.0,12.0,5.197967
-40.0,66.0,12.0,5.165939
-40.0,68.0,12.0,5.096515
-40.0,70.0,12.0,5.056026
-40.0,72.0,12.0,4.9318395
-40.0,74.0,12.0,4.797771
-40.0,76.0,12.0,4.9154735
-40.0,78.0,12.0,5.123984
-40.0,80.0,12.0,5.130958
-40.0,82.0,12.0,5.279597
-40.0,84.0,12.0,5.6099377
-40.0,86.0,12.0,5.448714
-40.0,88.0,12.0,5.152428
-40.0,90.0,12.0,5.219074
-40.0,92.0,12.0,5.38086
-40.0,94.0,12.0,5.402777
-40.0,96.0,12.0,5.406276
-40.0,98.0,12.0,5.344387
-40.0,100.0,12.0,5.260442
-40.0,102.0,12.0,5.1416936
-40.0,104.0,12.0,5.003767
-40.0,106.0,12.0,5.283355
-40.0,108.0,12.0,5.4208846
-40.0,110.0,12.0,5.2283583
-40.0,112.0,12.0,5.341798
-40.0,114.0,12.0,5.6139336
-40.0,116.0,12.0,5.4774117
-40.0,118.0,12.0,5.259267
-40.0,120.0,12.0,5.24837
-40.0,122.0,12.0,5.35069
-40.0,124.0,12.0,5.2031155
-40.0,126.0,12.0,4.9199443
-40.0,128.0,12.0,4.986226
-40.0,130.0,12.0,5.1959686
-40.0,132.0,12.0,5.178302
-40.0,134.0,12.0,4.8600473
-40.0,136.0,12.0,4.634486
-40.0,138.0,12.0,4.8865137
-40.0,140.0,12.0,5.1725492
-40.0,142.0,12.0,5.206892
-40.0,144.0,12.0,4.959955
-40.0,146.0,12.0,4.7895355
-40.0,148.0,12.0,4.8748507
-40.0,150.0,12.0,5.049093
-40.0,152.0,12.0,5.0779824
-40.0,154.0,12.0,5.0114994
-40.0,156.0,12.0,5.287554
-40.0,158.0,12.0,5.2601433
-40.0,160.0,12.0,4.90192
-40.0,162.0,12.0,4.784625
-40.0,164.0,12.0,4.787105
-40.0,166.0,12.0,4.6695466
-40.0,168.0,12.0,4.5881805
-40.0,170.0,12.0,4.694767
-40.0,172.0,12.0,4.821824
-40.0,174.0,12.0,4.445324
-40.0,176.0,12.0,4.3451004
-40.0,178.0,12.0,4.4579864
-40.0,180.0,12.0,4.453874
-38.0,-180.0,12.0,4.6986966
-38.0,-178.0,12.0,4.4683976
-38.0,-176.0,12.0,4.5370812
-38.0,-174.0,12.0,4.89659
-38.0,-172.0,12.0,4.6387587
-38.0,-170.0,12.0,4.4161935
-38.0,-168.0,12.0,4.31766
-38.0,-166.0,12.0,4.424811
-38.0,-164.0,12.0,4.2269106
-38.0,-162.0,12.0,4.22705
-38.0,-160.0,12.0,4.3409996
-38.0,-158.0,12.0,4.332694
-38.0,-156.0,12.0,4.2261252
-38.0,-154.0,12.0,4.132702
-38.0,-152.0,12.0,4.1518044
-38.0,-150.0,12.0,4.0712123
-38.0,-148.0,12.0,3.7017417
-38.0,-146.0,12.0,3.6967876
-38.0,-144.0,12.0,3.821189
-38.0,-142.0,12.0,3.7967708
-38.0,-140.0,12.0,3.654577
-38.0,-138.0,12.0,3.4434493
-38.0,-136.0,12.0,3.3418367
-38.0,-134.0,12.0,3.2899396
-38.0,-132.0,12.0,3.258179
-38.0,-130.0,12.0,3.565567
-38.0,-128.0,12.0,3.3767698
-38.0,-126.0,12.0,3.1169837
-38.0,-124.0,12.0,3.1283603
-38.0,-122.0,12.0,3.1651897
-38.0,-120.0,12.0,3.2561626
-38.0,-118.0,12.0,3.1639726
-38.0,-116.0,12.0,3.187537
-38.0,-114.0,12.0,3.261262
-38.0,-112.0,12.0,3.09691
-38.0,-110.0,12.0,2.9059117
-38.0,-108.0,12.0,3.0501204
-38.0,-106.0,12.0,2.8823833
-38.0,-104.0,12.0,2.7108698
-38.0,-102.0,12.0,2.649443
-38.0,-100.0,12.0,2.7004242
-38.0,-98.0,12.0,2.907639
-38.0,-96.0,12.0,2.8634686
-38.0,-94.0,12.0,2.680974
-38.0,-92.0,12.0,2.8265605
-38.0,-90.0,12.0,2.9292133
-38.0,-88.0,12.0,2.8899338
-38.0,-86.0,12.0,3.1263978
-38.0,-84.0,12.0,3.358019
-38.0,-82.0,12.0,3.2335582
-38.0,-80.0,12.0,2.8682292
-38.0,-78.0,12.0,3.064716
-38.0,-76.0,12.0,2.9010296
-38.0,-74.0,12.0,2.9013588
-38.0,-72.0,12.0,2.981365
-38.0,-70.0,12.0,3.0436022
-38.0,-68.0,12.0,3.0181985
-38.0,-66.0,12.0,3.0506976
-38.0,-64.0,12.0,3.2488713
-38.0,-62.0,12.0,3.2811348
-38.0,-60.0,12.0,3.280138
-38.0,-58.0,12.0,3.1230736
-38.0,-56.0,12.0,3.1491551
-38.0,-54.0,12.0,3.4537957
-38.0,-52.0,12.0,3.6145368
-38.0,-50.0,12.0,3.5869377
-38.0,-48.0,12.0,3.3708222
-38.0,-46.0,12.0,3.6774428
-38.0,-44.0,12.0,3.8411908
-38.0,-42.0,12.0,3.6936626
-38.0,-40.0,12.0,3.7312365
-38.0,-38.0,12.0,3.7020392
-38.0,-36.0,12.0,3.744959
-38.0,-34.0,12.0,3.80238
-38.0,-32.0,12.0,3.8550742
-38.0,-30.0,12.0,4.055684
-38.0,-28.0,12.0,4.102248
-38.0,-26.0,12.0,4.0969095
-38.0,-24.0,12.0,4.022491
-38.0,-22.0,12.0,4.202873
-38.0,-20.0,12.0,4.3594494
-38.0,-18.0,12.0,4.3332705
-38.0,-16.0,12.0,4.3889832
-38.0,-14.0,12.0,4.5330405
-38.0,-12.0,12.0,4.491021
-38.0,-10.0,12.0,4.4759574
-38.0,-8.0,12.0,4.7392797
-38.0,-6.0,12.0,5.054015
-38.0,-4.0,12.0,4.73577
-38.0,-2.0,12.0,4.662903
-38.0,0.0,12.0,4.7037315
-38.0,2.0,12.0,4.47105
-38.0,4.0,12.0,4.3787117
-38.0,6.0,12.0,4.609477
-38.0,8.0,12.0,4.9026585
-38.0,10.0,12.0,4.95591
-38.0,12.0,12.0,4.926294
-38.0,14.0,12.0,4.996982
-38.0,16.0,12.0,5.0586257
-38.0,18.0,12.0,5.0707455
-38.0,20.0,12.0,5.1429524
-38.0,22.0,12.0,5.3483653
-38.0,24.0,12.0,5.3798885
-38.0,26.0,12.0,5.231436
-38.0,28.0,12.0,5.2126412
-38.0,30.0,12.0,5.0923533
-38.0,32.0,12.0,4.9639864
-38.0,34.0,12.0,4.699016
-38.0,36.0,12.0,4.68156
-38.0,38.0,12.0,5.008755
-38.0,40.0,12.0,5.0672383
-38.0,42.0,12.0,5.0394697
-38.0,44.0,12.0,4.9707894
-38.0,46.0,12.0,5.0177855
-38.0,48.0,12.0,5.1085835
-38.0,50.0,12.0,5.183133
-38.0,52.0,12.0,5.203806
-38.0,54.0,12.0,5.331202
-38.0,56.0,12.0,5.2931128
-38.0,58.0,12.0,5.167938
-38.0,60.0,12.0,5.3116446
-38.0,62.0,12.0,5.576003
-38.0,64.0,12.0,5.650932
-38.0,66.0,12.0,5.6155677
-38.0,68.0,12.0,5.4887934
-38.0,70.0,12.0,5.448279
-38.0,72.0,12.0,5.2397623
-38.0,74.0,12.0,5.1456113
-38.0,76.0,12.0,5.366063
-38.0,78.0,12.0,5.608741
-38.0,80.0,12.0,5.5826783
-38.0,82.0,12.0,5.7281613
-38.0,84.0,12.0,5.932021
-38.0,86.0,12.0,5.8853884
-38.0,88.0,12.0,5.6257586
-38.0,90.0,12.0,5.718728
-38.0,92.0,12.0,5.8237195
-38.0,94.0,12.0,5.8169775
-38.0,96.0,12.0,5.7912602
-38.0,98.0,12.0,5.8269258
-38.0,100.0,12.0,5.7365527
-38.0,102.0,12.0,5.578942
-38.0,104.0,12.0,5.507059
-38.0,106.0,12.0,5.7258987
-38.0,108.0,12.0,5.8440604
-38.0,110.0,12.0,5.729047
-38.0,112.0,12.0,5.767235
-38.0,114.0,12.0,6.021691
-38.0,116.0,12.0,6.016262
-38.0,118.0,12.0,5.8261137
-38.0,120.0,12.0,5.7618165
-38.0,122.0,12.0,5.745071
-38.0,124.0,12.0,5.6257644
-38.0,126.0,12.0,5.3758316
-38.0,128.0,12.0,5.4023046
-38.0,130.0,12.0,5.6053796
-38.0,132.0,12.0,5.5071673
-38.0,134.0,12.0,5.161379
-38.0,136.0,12.0,5.0929236
-38.0,138.0,12.0,5.2621765
-38.0,140.0,12.0,5.53068
-38.0,142.0,12.0,5.4882617
-38.0,144.0,12.0,5.2983894
-38.0,146.0,12.0,5.1431513
-38.0,148.0,12.0,5.2291093
-38.0,150.0,12.0,5.409792
-38.0,152.0,12.0,5.324309
-38.0,154.0,12.0,5.372725
-38.0,156.0,12.0,5.5385203
-38.0,158.0,12.0,5.504172
-38.0,160.0,12.0,5.147083
-38.0,162.0,12.0,4.9656124
-38.0,164.0,12.0,5.1077466
-38.0,166.0,12.0,5.0651603
-38.0,168.0,12.0,4.9736204
-38.0,170.0,12.0,4.9055347
-38.0,172.0,12.0,4.9668784
-38.0,174.0,12.0,4.646876
-38.0,176.0,12.0,4.6211524
-38.0,178.0,12.0,4.572664
-38.0,180.0,12.0,4.6986966
-36.0,-180.0,12.0,4.149976
-36.0,-178.0,12.0,4.017996
-36.0,-176.0,12.0,4.0266924
-36.0,-174.0,12.0,4.2455487
-36.0,-172.0,12.0,4.0957336
-36.0,-170.0,12.0,3.9222772
-36.0,-168.0,12.0,3.9748845
-36.0,-166.0,12.0,4.013271
-36.0,-164.0,12.0,3.670322
-36.0,-162.0,12.0,3.5638337
-36.0,-160.0,12.0,3.752495
-36.0,-158.0,12.0,3.7404883
-36.0,-156.0,12.0,3.6100566
-36.0,-154.0,12.0,3.6187534
-36.0,-152.0,12.0,3.600101
-36.0,-150.0,12.0,3.4828465
-36.0,-148.0,12.0,3.1757154
-36.0,-146.0,12.0,3.1211445
-36.0,-144.0,12.0,3.273145
-36.0,-142.0,12.0,3.2516816
-36.0,-140.0,12.0,3.2541103
-36.0,-138.0,12.0,3.122761
-36.0,-136.0,12.0,3.035631
-36.0,-134.0,12.0,2.988204
-36.0,-132.0,12.0,3.0887685
-36.0,-130.0,12.0,3.316003
-36.0,-128.0,12.0,3.0909755
-36.0,-126.0,12.0,2.753421
-36.0,-124.0,12.0,2.774234
-36.0,-122.0,12.0,2.8244054
-36.0,-120.0,12.0,2.9423409
-36.0,-118.0,12.0,2.9042592
-36.0,-116.0,12.0,2.915491
-36.0,-114.0,12.0,2.8901277
-36.0,-112.0,12.0,2.7917044
-36.0,-110.0,12.0,2.6619878
-36.0,-108.0,12.0,2.8609004
-36.0,-106.0,12.0,2.7842977
-36.0,-104.0,12.0,2.5527532
-36.0,-102.0,12.0,2.4418209
-36.0,-100.0,12.0,2.582939
-36.0,-98.0,12.0,2.7644575
-36.0,-96.0,12.0,2.7655754
-36.0,-94.0,12.0,2.6098502
-36.0,-92.0,12.0,2.7147982
-36.0,-90.0,12.0,2.6970816
-36.0,-88.0,12.0,2.7467585
-36.0,-86.0,12.0,2.8457332
-36.0,-84.0,12.0,3.016987
-36.0,-82.0,12.0,2.9637935
-36.0,-80.0,12.0,2.6927252
-36.0,-78.0,12.0,2.8661606
-36.0,-76.0,12.0,2.7637537
-36.0,-74.0,12.0,2.6916165
-36.0,-72.0,12.0,2.778772
-36.0,-70.0,12.0,2.864495
-36.0,-68.0,12.0,2.837048
-36.0,-66.0,12.0,2.9136934
-36.0,-64.0,12.0,3.0577514
-36.0,-62.0,12.0,3.038919
-36.0,-60.0,12.0,3.1137052
-36.0,-58.0,12.0,2.9899368
-36.0,-56.0,12.0,3.0233989
-36.0,-54.0,12.0,3.086036
-36.0,-52.0,12.0,3.2502496
-36.0,-50.0,12.0,3.328062
-36.0,-48.0,12.0,3.2701476
-36.0,-46.0,12.0,3.4642458
-36.0,-44.0,12.0,3.552009
-36.0,-42.0,12.0,3.504416
-36.0,-40.0,12.0,3.5297894
-36.0,-38.0,12.0,3.5419598
-36.0,-36.0,12.0,3.5255244
-36.0,-34.0,12.0,3.5787678
-36.0,-32.0,12.0,3.5938268
-36.0,-30.0,12.0,3.711199
-36.0,-28.0,12.0,3.7283251
-36.0,-26.0,12.0,3.6962302
-36.0,-24.0,12.0,3.741232
-36.0,-22.0,12.0,3.9186509
-36.0,-20.0,12.0,4.1140103
-36.0,-18.0,12.0,4.201589
-36.0,-16.0,12.0,4.2137256
-36.0,-14.0,12.0,4.3861656
-36.0,-12.0,12.0,4.3760037
-36.0,-10.0,12.0,4.3127465
-36.0,-8.0,12.0,4.4542947
-36.0,-6.0,12.0,4.669166
-36.0,-4.0,12.0,4.568347
-36.0,-2.0,12.0,4.406996
-36.0,0.0,12.0,4.4168477
-36.0,2.0,12.0,4.23505
-36.0,4.0,12.0,4.1779485
-36.0,6.0,12.0,4.3036585
-36.0,8.0,12.0,4.49169
-36.0,10.0,12.0,4.6008706
-36.0,12.0,12.0,4.5420313
-36.0,14.0,12.0,4.600324
-36.0,16.0,12.0,4.6238456
-36.0,18.0,12.0,4.6453905
-36.0,20.0,12.0,4.7115784
-36.0,22.0,12.0,4.8663235
-36.0,24.0,12.0,4.9070725
-36.0,26.0,12.0,4.835128
-36.0,28.0,12.0,4.79625
-36.0,30.0,12.0,4.711586
-36.0,32.0,12.0,4.5579014
-36.0,34.0,12.0,4.362514
-36.0,36.0,12.0,4.336441
-36.0,38.0,12.0,4.5921655
-36.0,40.0,12.0,4.668901
-36.0,42.0,12.0,4.606497
-36.0,44.0,12.0,4.547436
-36.0,46.0,12.0,4.5575953
-36.0,48.0,12.0,4.608853
-36.0,50.0,12.0,4.6849203
-36.0,52.0,12.0,4.7646728
-36.0,54.0,12.0,4.892789
-36.0,56.0,12.0,4.8313184
-36.0,58.0,12.0,4.757509
-36.0,60.0,12.0,4.849638
-36.0,62.0,12.0,5.0710683
-36.0,64.0,12.0,5.0952735
-36.0,66.0,12.0,5.024838
-36.0,68.0,12.0,4.918269
-36.0,70.0,12.0,4.8657713
-36.0,72.0,12.0,4.8174086
-36.0,74.0,12.0,4.780033
-36.0,76.0,12.0,4.896019
-36.0,78.0,12.0,5.0421176
-36.0,80.0,12.0,5.002797
-36.0,82.0,12.0,5.1481795
-36.0,84.0,12.0,5.3367105
-36.0,86.0,12.0,5.3484077
-36.0,88.0,12.0,5.1462674
-36.0,90.0,12.0,5.1858897
-36.0,92.0,12.0,5.2739377
-36.0,94.0,12.0,5.1979113
-36.0,96.0,12.0,5.2018204
-36.0,98.0,12.0,5.2210417
-36.0,100.0,12.0,5.1414967
-36.0,102.0,12.0,5.064453
-36.0,104.0,12.0,5.059743
-36.0,106.0,12.0,5.2282367
-36.0,108.0,12.0,5.2495756
-36.0,110.0,12.0,5.1754313
-36.0,112.0,12.0,5.269642
-36.0,114.0,12.0,5.4690957
-36.0,116.0,12.0,5.443372
-36.0,118.0,12.0,5.309087
-36.0,120.0,12.0,5.2469277
-36.0,122.0,12.0,5.1865892
-36.0,124.0,12.0,5.071028
-36.0,126.0,12.0,4.860185
-36.0,128.0,12.0,4.9316907
-36.0,130.0,12.0,5.127332
-36.0,132.0,12.0,4.991391
-36.0,134.0,12.0,4.6378145
-36.0,136.0,12.0,4.5395265
-36.0,138.0,12.0,4.778958
-36.0,140.0,12.0,5.024255
-36.0,142.0,12.0,4.9182925
-36.0,144.0,12.0,4.7028046
-36.0,146.0,12.0,4.6489925
-36.0,148.0,12.0,4.6751914
-36.0,150.0,12.0,4.8066187
-36.0,152.0,12.0,4.7115216
-36.0,154.0,12.0,4.7171106
-36.0,156.0,12.0,4.8082266
-36.0,158.0,12.0,4.759989
-36.0,160.0,12.0,4.5534253
-36.0,162.0,12.0,4.4837065
-36.0,164.0,12.0,4.526007
-36.0,166.0,12.0,4.444976
-36.0,168.0,12.0,4.313521
-36.0,170.0,12.0,4.3231654
-36.0,172.0,12.0,4.3849025
-36.0,174.0,12.0,4.1978664
-36.0,176.0,12.0,4.124045
-36.0,178.0,12.0,4.1546702
-36.0,180.0,12.0,4.149976
-34.0,-180.0,12.0,3.5827675
-34.0,-178.0,12.0,3.3718326
-34.0,-176.0,12.0,3.5405838
-34.0,-174.0,12.0,3.6113613
-34.0,-172.0,12.0,3.5050185
-34.0,-170.0,12.0,3.4691784
-34.0,-168.0,12.0,3.4798589
-34.0,-166.0,12.0,3.3269892
-34.0,-164.0,12.0,3.165912
-34.0,-162.0,12.0,3.0824711
-34.0,-160.0,12.0,3.2139628
-34.0,-158.0,12.0,3.2579544
-34.0,-156.0,12.0,3.0898783
-34.0,-154.0,12.0,3.1208794
-34.0,-152.0,12.0,3.0864213
-34.0,-150.0,12.0,2.9756577
-34.0,-148.0,12.0,2.807673
-34.0,-146.0,12.0,2.6802511
-34.0,-144.0,12.0,2.7812176
-34.0,-142.0,12.0,2.8128364
-34.0,-140.0,12.0,2.816659
-34.0,-138.0,12.0,2.7481053
-34.0,-136.0,12.0,2.665226
-34.0,-134.0,12.0,2.6102183
-34.0,-132.0,12.0,2.7379878
-34.0,-130.0,12.0,2.7534702
-34.0,-128.0,12.0,2.5938041
-34.0,-126.0,12.0,2.4690437
-34.0,-124.0,12.0,2.5597973
-34.0,-122.0,12.0,2.601513
-34.0,-120.0,12.0,2.5230808
-34.0,-118.0,12.0,2.5243952
-34.0,-116.0,12.0,2.6523485
-34.0,-114.0,12.0,2.6017048
-34.0,-112.0,12.0,2.4865513
-34.0,-110.0,12.0,2.4746954
-34.0,-108.0,12.0,2.6190886
-34.0,-106.0,12.0,2.5570583
-34.0,-104.0,12.0,2.4573798
-34.0,-102.0,12.0,2.418999
-34.0,-100.0,12.0,2.492044
-34.0,-98.0,12.0,2.681327
-34.0,-96.0,12.0,2.6535115
-34.0,-94.0,12.0,2.5783195
-34.0,-92.0,12.0,2.622238
-34.0,-90.0,12.0,2.4544885
-34.0,-88.0,12.0,2.5474823
-34.0,-86.0,12.0,2.6262763
-34.0,-84.0,12.0,2.7106197
-34.0,-82.0,12.0,2.6545892
-34.0,-80.0,12.0,2.6344995
-34.0,-78.0,12.0,2.6517088
-34.0,-76.0,12.0,2.600093
-34.0,-74.0,12.0,2.58827
-34.0,-72.0,12.0,2.716631
-34.0,-70.0,12.0,2.7352498
-34.0,-68.0,12.0,2.762177
-34.0,-66.0,12.0,2.811706
-34.0,-64.0,12.0,2.824531
-34.0,-62.0,12.0,2.767803
-34.0,-60.0,12.0,2.8061242
-34.0,-58.0,12.0,2.8502817
-34.0,-56.0,12.0,2.9077504
-34.0,-54.0,12.0,2.8923283
-34.0,-52.0,12.0,2.928369
-34.0,-50.0,12.0,2.9911768
-34.0,-48.0,12.0,3.1023002
-34.0,-46.0,12.0,3.2477589
-34.0,-44.0,12.0,3.281772
-34.0,-42.0,12.0,3.2733285
-34.0,-40.0,12.0,3.3387165
-34.0,-38.0,12.0,3.3471014
-34.0,-36.0,12.0,3.3924084
-34.0,-34.0,12.0,3.3956752
-34.0,-32.0,12.0,3.334594
-34.0,-30.0,12.0,3.4894962
-34.0,-28.0,12.0,3.4591515
-34.0,-26.0,12.0,3.4606767
-34.0,-24.0,12.0,3.508987
-34.0,-22.0,12.0,3.623214
-34.0,-20.0,12.0,3.687507
-34.0,-18.0,12.0,3.7872527
-34.0,-16.0,12.0,3.7427354
-34.0,-14.0,12.0,3.8935208
-34.0,-12.0,12.0,3.9920843
-34.0,-10.0,12.0,4.0159097
-34.0,-8.0,12.0,4.01863
-34.0,-6.0,12.0,4.0855656
-34.0,-4.0,12.0,4.1464877
-34.0,-2.0,12.0,4.0105743
-34.0,0.0,12.0,4.0457654
-34.0,2.0,12.0,3.96055
-34.0,4.0,12.0,3.917041
-34.0,6.0,12.0,3.9692204
-34.0,8.0,12.0,4.057429
-34.0,10.0,12.0,4.1105866
-34.0,12.0,12.0,4.041648
-34.0,14.0,12.0,4.0708637
-34.0,16.0,12.0,4.085485
-34.0,18.0,12.0,4.18256
-34.0,20.0,12.0,4.120641
-34.0,22.0,12.0,4.113904
-34.0,24.0,12.0,4.1552353
-34.0,26.0,12.0,4.1241994
-34.0,28.0,12.0,4.069936
-34.0,30.0,12.0,4.0700912
-34.0,32.0,12.0,4.04854
-34.0,34.0,12.0,3.9505765
-34.0,36.0,12.0,3.9394803
-34.0,38.0,12.0,3.9907548
-34.0,40.0,12.0,4.009252
-34.0,42.0,12.0,3.9166758
-34.0,44.0,12.0,3.819671
-34.0,46.0,12.0,3.8197258
-34.0,48.0,12.0,3.8757117
-34.0,50.0,12.0,4.031194
-34.0,52.0,12.0,4.127453
-34.0,54.0,12.0,4.207603
-34.0,56.0,12.0,4.2098026
-34.0,58.0,12.0,4.072762
-34.0,60.0,12.0,4.0686917
-34.0,62.0,12.0,4.273211
-34.0,64.0,12.0,4.3169065
-34.0,66.0,12.0,4.2549057
-34.0,68.0,12.0,4.184646
-34.0,70.0,12.0,4.157866
-34.0,72.0,12.0,4.1687646
-34.0,74.0,12.0,4.1048317
-34.0,76.0,12.0,4.178811
-34.0,78.0,12.0,4.2191844
-34.0,80.0,12.0,4.27944
-34.0,82.0,12.0,4.3428965
-34.0,84.0,12.0,4.3995795
-34.0,86.0,12.0,4.482436
-34.0,88.0,12.0,4.342119
-34.0,90.0,12.0,4.3581867
-34.0,92.0,12.0,4.3130856
-34.0,94.0,12.0,4.3777175
-34.0,96.0,12.0,4.3971896
-34.0,98.0,12.0,4.3693323
-34.0,100.0,12.0,4.355041
-34.0,102.0,12.0,4.380862
-34.0,104.0,12.0,4.3802485
-34.0,106.0,12.0,4.4328275
-34.0,108.0,12.0,4.4923306
-34.0,110.0,12.0,4.4124556
-34.0,112.0,12.0,4.383108
-34.0,114.0,12.0,4.5437994
-34.0,116.0,12.0,4.520884
-34.0,118.0,12.0,4.394456
-34.0,120.0,12.0,4.2853737
-34.0,122.0,12.0,4.2560062
-34.0,124.0,12.0,4.214631
-34.0,126.0,12.0,4.13492
-34.0,128.0,12.0,4.1585503
-34.0,130.0,12.0,4.2689238
-34.0,132.0,12.0,4.228797
-34.0,134.0,12.0,4.0070114
-34.0,136.0,12.0,3.9005823
-34.0,138.0,12.0,4.0307426
-34.0,140.0,12.0,4.193938
-34.0,142.0,12.0,4.2164025
-34.0,144.0,12.0,4.077362
-34.0,146.0,12.0,4.0381722
-34.0,148.0,12.0,3.9945145
-34.0,150.0,12.0,4.074056
-34.0,152.0,12.0,3.9766755
-34.0,154.0,12.0,3.889764
-34.0,156.0,12.0,3.996148
-34.0,158.0,12.0,3.980758
-34.0,160.0,12.0,3.9760892
-34.0,162.0,12.0,3.9937093
-34.0,164.0,12.0,3.818074
-34.0,166.0,12.0,3.7599015
-34.0,168.0,12.0,3.665777
-34.0,170.0,12.0,3.8060896
-34.0,172.0,12.0,3.835799
-34.0,174.0,12.0,3.667586
-34.0,176.0,12.0,3.5859585
-34.0,178.0,12.0,3.5951989
-34.0,180.0,12.0,3.5827675
-32.0,-180.0,12.0,3.2116027
-32.0,-178.0,12.0,3.123926
-32.0,-176.0,12.0,3.2228603
-32.0,-174.0,12.0,3.2645814
-32.0,-172.0,12.0,3.1222749
-32.0,-170.0,12.0,3.116054
-32.0,-168.0,12.0,3.066274
-32.0,-166.0,12.0,2.9389598
-32.0,-164.0,12.0,2.8507364
-32.0,-162.0,12.0,2.7875392
-32.0,-160.0,12.0,2.7963648
-32.0,-158.0,12.0,2.839154
-32.0,-156.0,12.0,2.8199286
-32.0,-154.0,12.0,2.9205735
-32.0,-152.0,12.0,2.874957
-32.0,-150.0,12.0,2.7998943
-32.0,-148.0,12.0,2.6199772
-32.0,-146.0,12.0,2.504785
-32.0,-144.0,12.0,2.5479934
-32.0,-142.0,12.0,2.630605
-32.0,-140.0,12.0,2.6425512
-32.0,-138.0,12.0,2.496235
-32.0,-136.0,12.0,2.3643563
-32.0,-134.0,12.0,2.3469727
-32.0,-132.0,12.0,2.4650548
-32.0,-130.0,12.0,2.445126
-32.0,-128.0,12.0,2.3507686
-32.0,-126.0,12.0,2.2109668
-32.0,-124.0,12.0,2.2894988
-32.0,-122.0,12.0,2.3350182
-32.0,-120.0,12.0,2.2993908
-32.0,-118.0,12.0,2.2485752
-32.0,-116.0,12.0,2.2920995
-32.0,-114.0,12.0,2.4075775
-32.0,-112.0,12.0,2.3648534
-32.0,-110.0,12.0,2.3165348
-32.0,-108.0,12.0,2.422282
-32.0,-106.0,12.0,2.4504437
-32.0,-104.0,12.0,2.3687084
-32.0,-102.0,12.0,2.3264267
-32.0,-100.0,12.0,2.3781543
-32.0,-98.0,12.0,2.5276506
-32.0,-96.0,12.0,2.5228133
-32.0,-94.0,12.0,2.4021482
-32.0,-92.0,12.0,2.4399395
-32.0,-90.0,12.0,2.335888
-32.0,-88.0,12.0,2.3903494
-32.0,-86.0,12.0,2.4774203
-32.0,-84.0,12.0,2.6267922
-32.0,-82.0,12.0,2.571943
-32.0,-80.0,12.0,2.4755878
-32.0,-78.0,12.0,2.5321078
-32.0,-76.0,12.0,2.4895074
-32.0,-74.0,12.0,2.4874635
-32.0,-72.0,12.0,2.518987
-32.0,-70.0,12.0,2.5635514
-32.0,-68.0,12.0,2.5939536
-32.0,-66.0,12.0,2.6060631
-32.0,-64.0,12.0,2.5857167
-32.0,-62.0,12.0,2.561666
-32.0,-60.0,12.0,2.5907843
-32.0,-58.0,12.0,2.6131434
-32.0,-56.0,12.0,2.6537726
-32.0,-54.0,12.0,2.668889
-32.0,-52.0,12.0,2.7736437
-32.0,-50.0,12.0,2.8337011
-32.0,-48.0,12.0,2.9077024
-32.0,-46.0,12.0,3.0785816
-32.0,-44.0,12.0,3.2067842
-32.0,-42.0,12.0,3.1418445
-32.0,-40.0,12.0,3.194188
-32.0,-38.0,12.0,3.201509
-32.0,-36.0,12.0,3.250278
-32.0,-34.0,12.0,3.2630482
-32.0,-32.0,12.0,3.1731558
-32.0,-30.0,12.0,3.329376
-32.0,-28.0,12.0,3.3398674
-32.0,-26.0,12.0,3.4053514
-32.0,-24.0,12.0,3.3979483
-32.0,-22.0,12.0,3.4928124
-32.0,-20.0,12.0,3.540746
-32.0,-18.0,12.0,3.5644152
-32.0,-16.0,12.0,3.4947133
-32.0,-14.0,12.0,3.637718
-32.0,-12.0,12.0,3.788376
-32.0,-10.0,12.0,3.7946725
-32.0,-8.0,12.0,3.7418664
-32.0,-6.0,12.0,3.9035666
-32.0,-4.0,12.0,3.9043248
-32.0,-2.0,12.0,3.7549481
-32.0,0.0,12.0,3.818952
-32.0,2.0,12.0,3.766729
-32.0,4.0,12.0,3.7393737
-32.0,6.0,12.0,3.7276657
-32.0,8.0,12.0,3.794684
-32.0,10.0,12.0,3.8737333
-32.0,12.0,12.0,3.8058193
-32.0,14.0,12.0,3.7786906
-32.0,16.0,12.0,3.873328
-32.0,18.0,12.0,3.942998
-32.0,20.0,12.0,3.9046175
-32.0,22.0,12.0,3.8482132
-32.0,24.0,12.0,3.8766325
-32.0,26.0,12.0,3.854413
-32.0,28.0,12.0,3.800243
-32.0,30.0,12.0,3.8180199
-32.0,32.0,12.0,3.869699
-32.0,34.0,12.0,3.7845523
-32.0,36.0,12.0,3.6682382
-32.0,38.0,12.0,3.7000136
-32.0,40.0,12.0,3.693786
-32.0,42.0,12.0,3.6653042
-32.0,44.0,12.0,3.6193247
-32.0,46.0,12.0,3.6214929
-32.0,48.0,12.0,3.6427584
-32.0,50.0,12.0,3.7499979
-32.0,52.0,12.0,3.8879783
-32.0,54.0,12.0,3.938408
-32.0,56.0,12.0,3.9684067
-32.0,58.0,12.0,3.8113747
-32.0,60.0,12.0,3.8222158
-32.0,62.0,12.0,3.9485884
-32.0,64.0,12.0,3.9519577
-32.0,66.0,12.0,3.9256082
-32.0,68.0,12.0,3.8745835
-32.0,70.0,12.0,3.8838305
-32.0,72.0,12.0,3.9375787
-32.0,74.0,12.0,3.8247473
-32.0,76.0,12.0,3.9437768
-32.0,78.0,12.0,3.9947407
-32.0,80.0,12.0,3.9908357
-32.0,82.0,12.0,4.0520096
-32.0,84.0,12.0,4.088918
-32.0,86.0,12.0,4.1731143
-32.0,88.0,12.0,4.076222
-32.0,90.0,12.0,4.051977
-32.0,92.0,12.0,3.9328904
-32.0,94.0,12.0,4.0320997
-32.0,96.0,12.0,4.029857
-32.0,98.0,12.0,4.0199914
-32.0,100.0,12.0,4.0874047
-32.0,102.0,12.0,4.1002197
-32.0,104.0,12.0,4.141312
-32.0,106.0,12.0,4.2444506
-32.0,108.0,12.0,4.260087
-32.0,110.0,12.0,4.122804
-32.0,112.0,12.0,4.074625
-32.0,114.0,12.0,4.133068
-32.0,116.0,12.0,4.183395
-32.0,118.0,12.0,4.0400724
-32.0,120.0,12.0,3.9347692
-32.0,122.0,12.0,3.8931468
-32.0,124.0,12.0,3.8948364
-32.0,126.0,12.0,3.8063378
-32.0,128.0,12.0,3.8147483
-32.0,130.0,12.0,3.8395522
-32.0,132.0,12.0,3.8376024
-32.0,134.0,12.0,3.6018376
-32.0,136.0,12.0,3.5150554
-32.0,138.0,12.0,3.7463868
-32.0,140.0,12.0,3.8804474
-32.0,142.0,12.0,3.8556828
-32.0,144.0,12.0,3.755437
-32.0,146.0,12.0,3.7224176
-32.0,148.0,12.0,3.7099838
-32.0,150.0,12.0,3.7517905
-32.0,152.0,12.0,3.6491823
-32.0,154.0,12.0,3.6004322
-32.0,156.0,12.0,3.6763716
-32.0,158.0,12.0,3.6423085
-32.0,160.0,12.0,3.6426325
-32.0,162.0,12.0,3.6603506
-32.0,164.0,12.0,3.511423
-32.0,166.0,12.0,3.3830843
-32.0,168.0,12.0,3.263629
-32.0,170.0,12.0,3.4378273
-32.0,172.0,12.0,3.486411
-32.0,174.0,12.0,3.307171
-32.0,176.0,12.0,3.264057
-32.0,178.0,12.0,3.2240758
-32.0,180.0,12.0,3.2116027
-30.0,-180.0,12.0,3.1803958
-30.0,-178.0,12.0,3.1209657
-30.0,-176.0,12.0,3.1560874
-30.0,-174.0,12.0,3.241119
-30.0,-172.0,12.0,3.0918162
-30.0,-170.0,12.0,2.9464135
-30.0,-168.0,12.0,2.8796437
-30.0,-166.0,12.0,2.961851
-30.0,-164.0,12.0,2.8862932
-30.0,-162.0,12.0,2.731526
-30.0,-160.0,12.0,2.7728565
-30.0,-158.0,12.0,2.8527365
-30.0,-156.0,12.0,2.7523959
-30.0,-154.0,12.0,2.7947185
-30.0,-152.0,12.0,3.0019104
-30.0,-150.0,12.0,2.920991
-30.0,-148.0,12.0,2.627545
-30.0,-146.0,12.0,2.5680523
-30.0,-144.0,12.0,2.6338694
-30.0,-142.0,12.0,2.7230153
-30.0,-140.0,12.0,2.648471
-30.0,-138.0,12.0,2.545325
-30.0,-136.0,12.0,2.4200125
-30.0,-134.0,12.0,2.3496199
-30.0,-132.0,12.0,2.2873354
-30.0,-130.0,12.0,2.418498
-30.0,-128.0,12.0,2.4125867
-30.0,-126.0,12.0,2.2758164
-30.0,-124.0,12.0,2.2163084
-30.0,-122.0,12.0,2.317366
-30.0,-120.0,12.0,2.3773763
-30.0,-118.0,12.0,2.2449138
-30.0,-116.0,12.0,2.2162535
-30.0,-114.0,12.0,2.289397
-30.0,-112.0,12.0,2.4432912
-30.0,-110.0,12.0,2.3613474
-30.0,-108.0,12.0,2.4783025
-30.0,-106.0,12.0,2.5769575
-30.0,-104.0,12.0,2.5234454
-30.0,-102.0,12.0,2.3727067
-30.0,-100.0,12.0,2.3874986
-30.0,-98.0,12.0,2.56336
-30.0,-96.0,12.0,2.5242138
-30.0,-94.0,12.0,2.3333318
-30.0,-92.0,12.0,2.3864427
-30.0,-90.0,12.0,2.4127715
-30.0,-88.0,12.0,2.4662447
-30.0,-86.0,12.0,2.5896144
-30.0,-84.0,12.0,2.6964188
-30.0,-82.0,12.0,2.65692
-30.0,-80.0,12.0,2.470221
-30.0,-78.0,12.0,2.6232374
-30.0,-76.0,12.0,2.6559434
-30.0,-74.0,12.0,2.6217754
-30.0,-72.0,12.0,2.5787966
-30.0,-70.0,12.0,2.5646844
-30.0,-68.0,12.0,2.6000154
-30.0,-66.0,12.0,2.547566
-30.0,-64.0,12.0,2.6069546
-30.0,-62.0,12.0,2.5593758
-30.0,-60.0,12.0,2.6892476
-30.0,-58.0,12.0,2.6442711
-30.0,-56.0,12.0,2.6170573
-30.0,-54.0,12.0,2.6743376
-30.0,-52.0,12.0,2.8268726
-30.0,-50.0,12.0,2.8815072
-30.0,-48.0,12.0,2.8230226
-30.0,-46.0,12.0,3.0765657
-30.0,-44.0,12.0,3.2052763
-30.0,-42.0,12.0,3.1766386
-30.0,-40.0,12.0,3.1070814
-30.0,-38.0,12.0,3.1474428
-30.0,-36.0,12.0,3.201995
-30.0,-34.0,12.0,3.2310522
-30.0,-32.0,12.0,3.2145398
-30.0,-30.0,12.0,3.354545
-30.0,-28.0,12.0,3.3716347
-30.0,-26.0,12.0,3.3641539
-30.0,-24.0,12.0,3.4175065
-30.0,-22.0,12.0,3.5222478
-30.0,-20.0,12.0,3.5514994
-30.0,-18.0,12.0,3.5641196
-30.0,-16.0,12.0,3.4809747
-30.0,-14.0,12.0,3.5661273
-30.0,-12.0,12.0,3.7175994
-30.0,-10.0,12.0,3.6902378
-30.0,-8.0,12.0,3.74963
-30.0,-6.0,12.0,3.9222875
-30.0,-4.0,12.0,3.9077113
-30.0,-2.0,12.0,3.743394
-30.0,0.0,12.0,3.793434
-30.0,2.0,12.0,3.7457795
-30.0,4.0,12.0,3.63277
-30.0,6.0,12.0,3.6594312
-30.0,8.0,12.0,3.7926779
-30.0,10.0,12.0,3.816841
-30.0,12.0,12.0,3.7569366
-30.0,14.0,12.0,3.7136707
-30.0,16.0,12.0,3.763237
-30.0,18.0,12.0,3.812569
-30.0,20.0,12.0,3.7883227
-30.0,22.0,12.0,3.844166
-30.0,24.0,12.0,3.8907607
-30.0,26.0,12.0,3.8653412
-30.0,28.0,12.0,3.7841585
-30.0,30.0,12.0,3.7524307
-30.0,32.0,12.0,3.8175907
-30.0,34.0,12.0,3.7121747
-30.0,36.0,12.0,3.5461402
-30.0,38.0,12.0,3.655777
-30.0,40.0,12.0,3.7050467
-30.0,42.0,12.0,3.7098975
-30.0,44.0,12.0,3.657026
-30.0,46.0,12.0,3.6319854
-30.0,48.0,12.0,3.6345768
-30.0,50.0,12.0,3.73216
-30.0,52.0,12.0,3.8474438
-30.0,54.0,12.0,3.9215367
-30.0,56.0,12.0,3.879073
-30.0,58.0,12.0,3.772269
-30.0,60.0,12.0,3.810045
-30.0,62.0,12.0,3.8826718
-30.0,64.0,12.0,3.9144928
-30.0,66.0,12.0,3.9287827
-30.0,68.0,12.0,3.8921921
-30.0,70.0,12.0,3.8740802
-30.0,72.0,12.0,3.7991138
-30.0,74.0,12.0,3.8114178
-30.0,76.0,12.0,3.9666147
-30.0,78.0,12.0,3.9990852
-30.0,80.0,12.0,3.9395385
-30.0,82.0,12.0,3.9520624
-30.0,84.0,12.0,4.0976377
-30.0,86.0,12.0,4.118156
-30.0,88.0,12.0,3.9968855
-30.0,90.0,12.0,3.9845152
-30.0,92.0,12.0,3.9603949
-30.0,94.0,12.0,4.034839
-30.0,96.0,12.0,4.035755
-30.0,98.0,12.0,4.022468
-30.0,100.0,12.0,3.975511
-30.0,102.0,12.0,3.9652479
-30.0,104.0,12.0,4.0189548
-30.0,106.0,12.0,4.2029767
-30.0,108.0,12.0,4.182641
-30.0,110.0,12.0,3.9877949
-30.0,112.0,12.0,4.08194
-30.0,114.0,12.0,4.159489
-30.0,116.0,12.0,4.0122414
-30.0,118.0,12.0,3.9330103
-30.0,120.0,12.0,3.955313
-30.0,122.0,12.0,3.9673717
-30.0,124.0,12.0,3.7424114
-30.0,126.0,12.0,3.6417375
-30.0,128.0,12.0,3.7895513
-30.0,130.0,12.0,3.917651
-30.0,132.0,12.0,3.7487912
-30.0,134.0,12.0,3.4917853
-30.0,136.0,12.0,3.3994563
-30.0,138.0,12.0,3.5910628
-30.0,140.0,12.0,3.8601341
-30.0,142.0,12.0,3.866147
-30.0,144.0,12.0,3.6418908
-30.0,146.0,12.0,3.638178
-30.0,148.0,12.0,3.765132
-30.0,150.0,12.0,3.76202
-30.0,152.0,12.0,3.695965
-30.0,154.0,12.0,3.6400704
-30.0,156.0,12.0,3.7509167
-30.0,158.0,12.0,3.7290416
-30.0,160.0,12.0,3.6079154
-30.0,162.0,12.0,3.57825
-30.0,164.0,12.0,3.5230608
-30.0,166.0,12.0,3.3600357
-30.0,168.0,12.0,3.2778316
-30.0,170.0,12.0,3.399727
-30.0,172.0,12.0,3.5180237
-30.0,174.0,12.0,3.3513148
-30.0,176.0,12.0,3.1972878
-30.0,178.0,12.0,3.2752695
-30.0,180.0,12.0,3.1803958
-28.0,-180.0,12.0,3.2321093
-28.0,-178.0,12.0,3.1896772
-28.0,-176.0,12.0,3.1780183
-28.0,-174.0,12.0,3.295026
-28.0,-172.0,12.0,3.1924226
-28.0,-170.0,12.0,3.0199635
-28.0,-168.0,12.0,2.939857
-28.0,-166.0,12.0,2.9831378
-28.0,-164.0,12.0,2.85689
-28.0,-162.0,12.0,2.7803695
-28.0,-160.0,12.0,2.8007727
-28.0,-158.0,12.0,2.8382373
-28.0,-156.0,12.0,2.7913547
-28.0,-154.0,12.0,2.8148534
-28.0,-152.0,12.0,2.9680374
-28.0,-150.0,12.0,2.8763304
-28.0,-148.0,12.0,2.6067085
-28.0,-146.0,12.0,2.5995796
-28.0,-144.0,12.0,2.661863
-28.0,-142.0,12.0,2.6375859
-28.0,-140.0,12.0,2.6304853
-28.0,-138.0,12.0,2.5677617
-28.0,-136.0,12.0,2.5071588
-28.0,-134.0,12.0,2.4359648
-28.0,-132.0,12.0,2.4105415
-28.0,-130.0,12.0,2.6283178
-28.0,-128.0,12.0,2.594855
-28.0,-126.0,12.0,2.4475167
-28.0,-124.0,12.0,2.3684525
-28.0,-122.0,12.0,2.4765708
-28.0,-120.0,12.0,2.5369685
-28.0,-118.0,12.0,2.40224
-28.0,-116.0,12.0,2.413295
-28.0,-114.0,12.0,2.4649312
-28.0,-112.0,12.0,2.5348237
-28.0,-110.0,12.0,2.479868
-28.0,-108.0,12.0,2.5596719
-28.0,-106.0,12.0,2.6834507
-28.0,-104.0,12.0,2.7120883
-28.0,-102.0,12.0,2.5455804
-28.0,-100.0,12.0,2.5113919
-28.0,-98.0,12.0,2.6398818
-28.0,-96.0,12.0,2.625476
-28.0,-94.0,12.0,2.4789045
-28.0,-92.0,12.0,2.522567
-28.0,-90.0,12.0,2.6092026
-28.0,-88.0,12.0,2.6726458
-28.0,-86.0,12.0,2.71875
-28.0,-84.0,12.0,2.8115408
-28.0,-82.0,12.0,2.7220416
-28.0,-80.0,12.0,2.6256344
-28.0,-78.0,12.0,2.6896079
-28.0,-76.0,12.0,2.797384
-28.0,-74.0,12.0,2.7775345
-28.0,-72.0,12.0,2.7681394
-28.0,-70.0,12.0,2.6598732
-28.0,-68.0,12.0,2.6622787
-28.0,-66.0,12.0,2.6956367
-28.0,-64.0,12.0,2.689741
-28.0,-62.0,12.0,2.688226
-28.0,-60.0,12.0,2.8678987
-28.0,-58.0,12.0,2.7938008
-28.0,-56.0,12.0,2.7238123
-28.0,-54.0,12.0,2.7038445
-28.0,-52.0,12.0,2.8951104
-28.0,-50.0,12.0,2.9616468
-28.0,-48.0,12.0,2.8822863
-28.0,-46.0,12.0,3.0133739
-28.0,-44.0,12.0,3.1195533
-28.0,-42.0,12.0,3.136201
-28.0,-40.0,12.0,3.162395
-28.0,-38.0,12.0,3.1797726
-28.0,-36.0,12.0,3.1657333
-28.0,-34.0,12.0,3.180992
-28.0,-32.0,12.0,3.2277572
-28.0,-30.0,12.0,3.3727713
-28.0,-28.0,12.0,3.365411
-28.0,-26.0,12.0,3.355899
-28.0,-24.0,12.0,3.45593
-28.0,-22.0,12.0,3.4928107
-28.0,-20.0,12.0,3.5465832
-28.0,-18.0,12.0,3.5679882
-28.0,-16.0,12.0,3.5219195
-28.0,-14.0,12.0,3.543703
-28.0,-12.0,12.0,3.6681805
-28.0,-10.0,12.0,3.6316657
-28.0,-8.0,12.0,3.6319723
-28.0,-6.0,12.0,3.8230274
-28.0,-4.0,12.0,3.7587454
-28.0,-2.0,12.0,3.6667914
-28.0,0.0,12.0,3.7133737
-28.0,2.0,12.0,3.6660051
-28.0,4.0,12.0,3.568317
-28.0,6.0,12.0,3.5985923
-28.0,8.0,12.0,3.7359731
-28.0,10.0,12.0,3.6877778
-28.0,12.0,12.0,3.600055
-28.0,14.0,12.0,3.5650141
-28.0,16.0,12.0,3.586264
-28.0,18.0,12.0,3.5927036
-28.0,20.0,12.0,3.585471
-28.0,22.0,12.0,3.629214
-28.0,24.0,12.0,3.6768825
-28.0,26.0,12.0,3.6911423
-28.0,28.0,12.0,3.7268915
-28.0,30.0,12.0,3.627317
-28.0,32.0,12.0,3.6022508
-28.0,34.0,12.0,3.479031
-28.0,36.0,12.0,3.3221798
-28.0,38.0,12.0,3.3962982
-28.0,40.0,12.0,3.5663967
-28.0,42.0,12.0,3.563509
-28.0,44.0,12.0,3.5045798
-28.0,46.0,12.0,3.4578803
-28.0,48.0,12.0,3.405779
-28.0,50.0,12.0,3.5452576
-28.0,52.0,12.0,3.6528716
-28.0,54.0,12.0,3.6572242
-28.0,56.0,12.0,3.5739093
-28.0,58.0,12.0,3.5734446
-28.0,60.0,12.0,3.6423285
-28.0,62.0,12.0,3.666026
-28.0,64.0,12.0,3.7104146
-28.0,66.0,12.0,3.7364197
-28.0,68.0,12.0,3.7534742
-28.0,70.0,12.0,3.6735034
-28.0,72.0,12.0,3.593532
-28.0,74.0,12.0,3.701237
-28.0,76.0,12.0,3.855795
-28.0,78.0,12.0,3.852523
-28.0,80.0,12.0,3.819873
-28.0,82.0,12.0,3.931307
-28.0,84.0,12.0,4.0212026
-28.0,86.0,12.0,3.9137812
-28.0,88.0,12.0,3.8355744
-28.0,90.0,12.0,3.8692214
-28.0,92.0,12.0,3.963329
-28.0,94.0,12.0,3.891777
-28.0,96.0,12.0,3.9183478
-28.0,98.0,12.0,3.9214444
-28.0,100.0,12.0,3.7680056
-28.0,102.0,12.0,3.7551575
-28.0,104.0,12.0,3.871774
-28.0,106.0,12.0,3.9331548
-28.0,108.0,12.0,3.8705335
-28.0,110.0,12.0,3.8869689
-28.0,112.0,12.0,4.0077944
-28.0,114.0,12.0,4.0474987
-28.0,116.0,12.0,3.8781607
-28.0,118.0,12.0,3.7879717
-28.0,120.0,12.0,3.8750603
-28.0,122.0,12.0,3.8894033
-28.0,124.0,12.0,3.590531
-28.0,126.0,12.0,3.50497
-28.0,128.0,12.0,3.7435439
-28.0,130.0,12.0,3.8924887
-28.0,132.0,12.0,3.7060754
-28.0,134.0,12.0,3.3670847
-28.0,136.0,12.0,3.2965968
-28.0,138.0,12.0,3.5015702
-28.0,140.0,12.0,3.783512
-28.0,142.0,12.0,3.7610354
-28.0,144.0,12.0,3.5130107
-28.0,146.0,12.0,3.5021489
-28.0,148.0,12.0,3.606134
-28.0,150.0,12.0,3.6154156
-28.0,152.0,12.0,3.5940282
-28.0,154.0,12.0,3.5298257
-28.0,156.0,12.0,3.6021726
-28.0,158.0,12.0,3.5255716
-28.0,160.0,12.0,3.421081
-28.0,162.0,12.0,3.3753016
-28.0,164.0,12.0,3.3634334
-28.0,166.0,12.0,3.2311215
-28.0,168.0,12.0,3.1680994
-28.0,170.0,12.0,3.3577077
-28.0,172.0,12.0,3.425863
-28.0,174.0,12.0,3.2513402
-28.0,176.0,12.0,3.222345
-28.0,178.0,12.0,3.2258146
-28.0,180.0,12.0,3.2321093
-26.0,-180.0,12.0,2.8125613
-26.0,-178.0,12.0,2.7961361
-26.0,-176.0,12.0,2.868459
-26.0,-174.0,12.0,2.8918986
-26.0,-172.0,12.0,2.8264945
-26.0,-170.0,12.0,2.731822
-26.0,-168.0,12.0,2.6415873
-26.0,-166.0,12.0,2.636485
-26.0,-164.0,12.0,2.5094419
-26.0,-162.0,12.0,2.4381716
-26.0,-160.0,12.0,2.513232
-26.0,-158.0,12.0,2.542892
-26.0,-156.0,12.0,2.5196073
-26.0,-154.0,12.0,2.5429165
-26.0,-152.0,12.0,2.574039
-26.0,-150.0,12.0,2.475553
-26.0,-148.0,12.0,2.3245344
-26.0,-146.0,12.0,2.289284
-26.0,-144.0,12.0,2.3199215
-26.0,-142.0,12.0,2.32178
-26.0,-140.0,12.0,2.3468127
-26.0,-138.0,12.0,2.2805653
-26.0,-136.0,12.0,2.2474344
-26.0,-134.0,12.0,2.2158673
-26.0,-132.0,12.0,2.3213694
-26.0,-130.0,12.0,2.3482413
-26.0,-128.0,12.0,2.2971811
-26.0,-126.0,12.0,2.226123
-26.0,-124.0,12.0,2.2691162
-26.0,-122.0,12.0,2.3044865
-26.0,-120.0,12.0,2.310426
-26.0,-118.0,12.0,2.2271414
-26.0,-116.0,12.0,2.2197897
-26.0,-114.0,12.0,2.2555623
-26.0,-112.0,12.0,2.3613315
-26.0,-110.0,12.0,2.3129673
-26.0,-108.0,12.0,2.374045
-26.0,-106.0,12.0,2.4624307
-26.0,-104.0,12.0,2.4972694
-26.0,-102.0,12.0,2.407396
-26.0,-100.0,12.0,2.3548303
-26.0,-98.0,12.0,2.4778576
-26.0,-96.0,12.0,2.4520357
-26.0,-94.0,12.0,2.2998362
-26.0,-92.0,12.0,2.3559852
-26.0,-90.0,12.0,2.426457
-26.0,-88.0,12.0,2.4445236
-26.0,-86.0,12.0,2.4955013
-26.0,-84.0,12.0,2.5616698
-26.0,-82.0,12.0,2.5093286
-26.0,-80.0,12.0,2.4367003
-26.0,-78.0,12.0,2.5252788
-26.0,-76.0,12.0,2.5984008
-26.0,-74.0,12.0,2.5776112
-26.0,-72.0,12.0,2.5449648
-26.0,-70.0,12.0,2.511869
-26.0,-68.0,12.0,2.555085
-26.0,-66.0,12.0,2.5831854
-26.0,-64.0,12.0,2.5240707
-26.0,-62.0,12.0,2.5285325
-26.0,-60.0,12.0,2.6532724
-26.0,-58.0,12.0,2.640065
-26.0,-56.0,12.0,2.6393545
-26.0,-54.0,12.0,2.6007743
-26.0,-52.0,12.0,2.6614218
-26.0,-50.0,12.0,2.724864
-26.0,-48.0,12.0,2.678953
-26.0,-46.0,12.0,2.7988944
-26.0,-44.0,12.0,2.9363108
-26.0,-42.0,12.0,2.9311762
-26.0,-40.0,12.0,2.9080741
-26.0,-38.0,12.0,2.9385304
-26.0,-36.0,12.0,2.9691365
-26.0,-34.0,12.0,2.9922888
-26.0,-32.0,12.0,3.0071256
-26.0,-30.0,12.0,3.111091
-26.0,-28.0,12.0,3.1282895
-26.0,-26.0,12.0,3.1362686
-26.0,-24.0,12.0,3.2056117
-26.0,-22.0,12.0,3.2464888
-26.0,-20.0,12.0,3.2709389
-26.0,-18.0,12.0,3.279299
-26.0,-16.0,12.0,3.2969406
-26.0,-14.0,12.0,3.3482335
-26.0,-12.0,12.0,3.4392965
-26.0,-10.0,12.0,3.4292
-26.0,-8.0,12.0,3.401943
-26.0,-6.0,12.0,3.5048506
-26.0,-4.0,12.0,3.4074888
-26.0,-2.0,12.0,3.4282122
-26.0,0.0,12.0,3.487523
-26.0,2.0,12.0,3.4403465
-26.0,4.0,12.0,3.3532524
-26.0,6.0,12.0,3.3942857
-26.0,8.0,12.0,3.5209708
-26.0,10.0,12.0,3.4356744
-26.0,12.0,12.0,3.3367724
-26.0,14.0,12.0,3.3199632
-26.0,16.0,12.0,3.375415
-26.0,18.0,12.0,3.363527
-26.0,20.0,12.0,3.3255882
-26.0,22.0,12.0,3.330561
-26.0,24.0,12.0,3.3225486
-26.0,26.0,12.0,3.296957
-26.0,28.0,12.0,3.3518994
-26.0,30.0,12.0,3.3129575
-26.0,32.0,12.0,3.3012586
-26.0,34.0,12.0,3.2082775
-26.0,36.0,12.0,3.0636086
-26.0,38.0,12.0,3.0742195
-26.0,40.0,12.0,3.1666162
-26.0,42.0,12.0,3.2158985
-26.0,44.0,12.0,3.1900656
-26.0,46.0,12.0,3.1496146
-26.0,48.0,12.0,3.069959
-26.0,50.0,12.0,3.1538467
-26.0,52.0,12.0,3.2694771
-26.0,54.0,12.0,3.2577763
-26.0,56.0,12.0,3.1739824
-26.0,58.0,12.0,3.1218855
-26.0,60.0,12.0,3.1946993
-26.0,62.0,12.0,3.2567027
-26.0,64.0,12.0,3.2766414
-26.0,66.0,12.0,3.2535152
-26.0,68.0,12.0,3.2954514
-26.0,70.0,12.0,3.2820933
-26.0,72.0,12.0,3.1844351
-26.0,74.0,12.0,3.2072005
-26.0,76.0,12.0,3.4002478
-26.0,78.0,12.0,3.4180496
-26.0,80.0,12.0,3.368378
-26.0,82.0,12.0,3.4727373
-26.0,84.0,12.0,3.567253
-26.0,86.0,12.0,3.4585268
-26.0,88.0,12.0,3.3365476
-26.0,90.0,12.0,3.426645
-26.0,92.0,12.0,3.5234985
-26.0,94.0,12.0,3.4505746
-26.0,96.0,12.0,3.499046
-26.0,98.0,12.0,3.5147264
-26.0,100.0,12.0,3.3746119
-26.0,102.0,12.0,3.3048306
-26.0,104.0,12.0,3.4259043
-26.0,106.0,12.0,3.5231905
-26.0,108.0,12.0,3.5070355
-26.0,110.0,12.0,3.42543
-26.0,112.0,12.0,3.5575612
-26.0,114.0,12.0,3.5748353
-26.0,116.0,12.0,3.433037
-26.0,118.0,12.0,3.332292
-26.0,120.0,12.0,3.4007564
-26.0,122.0,12.0,3.3816977
-26.0,124.0,12.0,3.185407
-26.0,126.0,12.0,3.127301
-26.0,128.0,12.0,3.244904
-26.0,130.0,12.0,3.4025385
-26.0,132.0,12.0,3.2772298
-26.0,134.0,12.0,3.0201871
-26.0,136.0,12.0,2.9329987
-26.0,138.0,12.0,3.0619128
-26.0,140.0,12.0,3.2632983
-26.0,142.0,12.0,3.209499
-26.0,144.0,12.0,3.0476842
-26.0,146.0,12.0,3.1063037
-26.0,148.0,12.0,3.138228
-26.0,150.0,12.0,3.1762645
-26.0,152.0,12.0,3.1832178
-26.0,154.0,12.0,3.0938458
-26.0,156.0,12.0,3.1435506
-26.0,158.0,12.0,3.049257
-26.0,160.0,12.0,2.99292
-26.0,162.0,12.0,2.9006617
-26.0,164.0,12.0,2.8353252
-26.0,166.0,12.0,2.8116739
-26.0,168.0,12.0,2.7118843
-26.0,170.0,12.0,2.8497875
-26.0,172.0,12.0,2.9538732
-26.0,174.0,12.0,2.8140824
-26.0,176.0,12.0,2.7598243
-26.0,178.0,12.0,2.7919304
-26.0,180.0,12.0,2.8125613
-24.0,-180.0,12.0,2.6432898
-24.0,-178.0,12.0,2.5672565
-24.0,-176.0,12.0,2.5623958
-24.0,-174.0,12.0,2.565564
-24.0,-172.0,12.0,2.548939
-24.0,-170.0,12.0,2.4474802
-24.0,-168.0,12.0,2.4043136
-24.0,-166.0,12.0,2.4970982
-24.0,-164.0,12.0,2.3583958
-24.0,-162.0,12.0,2.320812
-24.0,-160.0,12.0,2.3901267
-24.0,-158.0,12.0,2.5084815
-24.0,-156.0,12.0,2.4565778
-24.0,-154.0,12.0,2.4363115
-24.0,-152.0,12.0,2.4376025
-24.0,-150.0,12.0,2.3524632
-24.0,-148.0,12.0,2.1866784
-24.0,-146.0,12.0,2.162053
-24.0,-144.0,12.0,2.2754128
-24.0,-142.0,12.0,2.3161883
-24.0,-140.0,12.0,2.298643
-24.0,-138.0,12.0,2.218895
-24.0,-136.0,12.0,2.2073264
-24.0,-134.0,12.0,2.1609917
-24.0,-132.0,12.0,2.2156243
-24.0,-130.0,12.0,2.2542853
-24.0,-128.0,12.0,2.1420963
-24.0,-126.0,12.0,2.109007
-24.0,-124.0,12.0,2.212925
-24.0,-122.0,12.0,2.259797
-24.0,-120.0,12.0,2.265161
-24.0,-118.0,12.0,2.2126403
-24.0,-116.0,12.0,2.2630992
-24.0,-114.0,12.0,2.2723715
-24.0,-112.0,12.0,2.3793747
-24.0,-110.0,12.0,2.2979472
-24.0,-108.0,12.0,2.407711
-24.0,-106.0,12.0,2.4400127
-24.0,-104.0,12.0,2.3937664
-24.0,-102.0,12.0,2.268078
-24.0,-100.0,12.0,2.3025804
-24.0,-98.0,12.0,2.4168305
-24.0,-96.0,12.0,2.3748884
-24.0,-94.0,12.0,2.2063074
-24.0,-92.0,12.0,2.2359838
-24.0,-90.0,12.0,2.3002472
-24.0,-88.0,12.0,2.3236346
-24.0,-86.0,12.0,2.3963583
-24.0,-84.0,12.0,2.4863105
-24.0,-82.0,12.0,2.4695556
-24.0,-80.0,12.0,2.3503704
-24.0,-78.0,12.0,2.4330244
-24.0,-76.0,12.0,2.5158195
-24.0,-74.0,12.0,2.4220676
-24.0,-72.0,12.0,2.4137459
-24.0,-70.0,12.0,2.444626
-24.0,-68.0,12.0,2.5490036
-24.0,-66.0,12.0,2.5316336
-24.0,-64.0,12.0,2.5362895
-24.0,-62.0,12.0,2.485429
-24.0,-60.0,12.0,2.4987316
-24.0,-58.0,12.0,2.442482
-24.0,-56.0,12.0,2.4538517
-24.0,-54.0,12.0,2.5363336
-24.0,-52.0,12.0,2.6332524
-24.0,-50.0,12.0,2.6396308
-24.0,-48.0,12.0,2.6528225
-24.0,-46.0,12.0,2.9094896
-24.0,-44.0,12.0,2.9981325
-24.0,-42.0,12.0,2.9171002
-24.0,-40.0,12.0,2.8046513
-24.0,-38.0,12.0,2.7933211
-24.0,-36.0,12.0,2.8342514
-24.0,-34.0,12.0,2.9003887
-24.0,-32.0,12.0,2.9104085
-24.0,-30.0,12.0,3.0332572
-24.0,-28.0,12.0,3.0875673
-24.0,-26.0,12.0,3.065341
-24.0,-24.0,12.0,3.134671
-24.0,-22.0,12.0,3.1662273
-24.0,-20.0,12.0,3.194125
-24.0,-18.0,12.0,3.1750917
-24.0,-16.0,12.0,3.1783197
-24.0,-14.0,12.0,3.24812
-24.0,-12.0,12.0,3.3084776
-24.0,-10.0,12.0,3.325373
-24.0,-8.0,12.0,3.3151546
-24.0,-6.0,12.0,3.3474486
-24.0,-4.0,12.0,3.2316616
-24.0,-2.0,12.0,3.2761455
-24.0,0.0,12.0,3.387296
-24.0,2.0,12.0,3.4018612
-24.0,4.0,12.0,3.38251
-24.0,6.0,12.0,3.3781168
-24.0,8.0,12.0,3.4968174
-24.0,10.0,12.0,3.4034872
-24.0,12.0,12.0,3.2919228
-24.0,14.0,12.0,3.2836368
-24.0,16.0,12.0,3.3842866
-24.0,18.0,12.0,3.438684
-24.0,20.0,12.0,3.3514729
-24.0,22.0,12.0,3.3419435
-24.0,24.0,12.0,3.2803073
-24.0,26.0,12.0,3.225295
-24.0,28.0,12.0,3.2428646
-24.0,30.0,12.0,3.242812
-24.0,32.0,12.0,3.3263795
-24.0,34.0,12.0,3.3011541
-24.0,36.0,12.0,3.1384718
-24.0,38.0,12.0,3.0412006
-24.0,40.0,12.0,3.079566
-24.0,42.0,12.0,3.1083379
-24.0,44.0,12.0,3.1110501
-24.0,46.0,12.0,3.0876095
-24.0,48.0,12.0,3.0113163
-24.0,50.0,12.0,3.0439825
-24.0,52.0,12.0,3.1336536
-24.0,54.0,12.0,3.1767378
-24.0,56.0,12.0,3.1145508
-24.0,58.0,12.0,2.9928985
-24.0,60.0,12.0,3.0499864
-24.0,62.0,12.0,3.102282
-24.0,64.0,12.0,3.061768
-24.0,66.0,12.0,2.9991856
-24.0,68.0,12.0,3.0182626
-24.0,70.0,12.0,3.0401342
-24.0,72.0,12.0,2.9563766
-24.0,74.0,12.0,2.9388707
-24.0,76.0,12.0,3.1541824
-24.0,78.0,12.0,3.210824
-24.0,80.0,12.0,3.1225994
-24.0,82.0,12.0,3.1752782
-24.0,84.0,12.0,3.3297944
-24.0,86.0,12.0,3.3002992
-24.0,88.0,12.0,3.0911608
-24.0,90.0,12.0,3.1585987
-24.0,92.0,12.0,3.2789578
-24.0,94.0,12.0,3.1707501
-24.0,96.0,12.0,3.1429355
-24.0,98.0,12.0,3.1946635
-24.0,100.0,12.0,3.1760633
-24.0,102.0,12.0,3.0391808
-24.0,104.0,12.0,3.1694782
-24.0,106.0,12.0,3.3480392
-24.0,108.0,12.0,3.2796388
-24.0,110.0,12.0,3.0958366
-24.0,112.0,12.0,3.2086718
-24.0,114.0,12.0,3.2937508
-24.0,116.0,12.0,3.1341083
-24.0,118.0,12.0,3.0248504
-24.0,120.0,12.0,3.098393
-24.0,122.0,12.0,3.109102
-24.0,124.0,12.0,2.9424114
-24.0,126.0,12.0,2.813021
-24.0,128.0,12.0,2.934061
-24.0,130.0,12.0,3.082171
-24.0,132.0,12.0,3.0248463
-24.0,134.0,12.0,2.8175032
-24.0,136.0,12.0,2.7158682
-24.0,138.0,12.0,2.8340976
-24.0,140.0,12.0,3.0978634
-24.0,142.0,12.0,3.1484487
-24.0,144.0,12.0,3.0067263
-24.0,146.0,12.0,2.8893752
-24.0,148.0,12.0,2.8882387
-24.0,150.0,12.0,2.9715354
-24.0,152.0,12.0,2.9734528
-24.0,154.0,12.0,2.8612516
-24.0,156.0,12.0,2.8852293
-24.0,158.0,12.0,2.90247
-24.0,160.0,12.0,2.8336103
-24.0,162.0,12.0,2.7207801
-24.0,164.0,12.0,2.6827712
-24.0,166.0,12.0,2.6965675
-24.0,168.0,12.0,2.6027524
-24.0,170.0,12.0,2.6564484
-24.0,172.0,12.0,2.8007295
-24.0,174.0,12.0,2.738429
-24.0,176.0,12.0,2.646002
-24.0,178.0,12.0,2.6365635
-24.0,180.0,12.0,2.6432898
-22.0,-180.0,12.0,2.6031234
-22.0,-178.0,12.0,2.492279
-22.0,-176.0,12.0,2.5072448
-22.0,-174.0,12.0,2.5435877
-22.0,-172.0,12.0,2.546205
-22.0,-170.0,12.0,2.4139454
-22.0,-168.0,12.0,2.4175787
-22.0,-166.0,12.0,2.5190227
-22.0,-164.0,12.0,2.3915088
-22.0,-162.0,12.0,2.3533
-22.0,-160.0,12.0,2.4597363
-22.0,-158.0,12.0,2.585183
-22.0,-156.0,12.0,2.5530713
-22.0,-154.0,12.0,2.5271065
-22.0,-152.0,12.0,2.5356312
-22.0,-150.0,12.0,2.4582605
-22.0,-148.0,12.0,2.2017605
-22.0,-146.0,12.0,2.173623
-22.0,-144.0,12.0,2.2653966
-22.0,-142.0,12.0,2.383536
-22.0,-140.0,12.0,2.371927
-22.0,-138.0,12.0,2.3250725
-22.0,-136.0,12.0,2.302335
-22.0,-134.0,12.0,2.2579005
-22.0,-132.0,12.0,2.3364227
-22.0,-130.0,12.0,2.3967607
-22.0,-128.0,12.0,2.303018
-22.0,-126.0,12.0,2.2720184
-22.0,-124.0,12.0,2.306708
-22.0,-122.0,12.0,2.355856
-22.0,-120.0,12.0,2.4706047
-22.0,-118.0,12.0,2.4542632
-22.0,-116.0,12.0,2.479382
-22.0,-114.0,12.0,2.5224538
-22.0,-112.0,12.0,2.6073496
-22.0,-110.0,12.0,2.5056984
-22.0,-108.0,12.0,2.4987907
-22.0,-106.0,12.0,2.5731366
-22.0,-104.0,12.0,2.5322082
-22.0,-102.0,12.0,2.4446692
-22.0,-100.0,12.0,2.4770179
-22.0,-98.0,12.0,2.6555548
-22.0,-96.0,12.0,2.6308527
-22.0,-94.0,12.0,2.4111743
-22.0,-92.0,12.0,2.406605
-22.0,-90.0,12.0,2.4827437
-22.0,-88.0,12.0,2.569622
-22.0,-86.0,12.0,2.6833549
-22.0,-84.0,12.0,2.7031727
-22.0,-82.0,12.0,2.6826742
-22.0,-80.0,12.0,2.5476398
-22.0,-78.0,12.0,2.635593
-22.0,-76.0,12.0,2.6958644
-22.0,-74.0,12.0,2.6464815
-22.0,-72.0,12.0,2.60531
-22.0,-70.0,12.0,2.6396754
-22.0,-68.0,12.0,2.724404
-22.0,-66.0,12.0,2.6618726
-22.0,-64.0,12.0,2.6511078
-22.0,-62.0,12.0,2.6677802
-22.0,-60.0,12.0,2.684503
-22.0,-58.0,12.0,2.5981834
-22.0,-56.0,12.0,2.5609822
-22.0,-54.0,12.0,2.5898461
-22.0,-52.0,12.0,2.671544
-22.0,-50.0,12.0,2.7246544
-22.0,-48.0,12.0,2.6945343
-22.0,-46.0,12.0,2.8896365
-22.0,-44.0,12.0,3.0313926
-22.0,-42.0,12.0,2.9423475
-22.0,-40.0,12.0,2.87512
-22.0,-38.0,12.0,2.8899887
-22.0,-36.0,12.0,2.9034598
-22.0,-34.0,12.0,2.902665
-22.0,-32.0,12.0,2.912984
-22.0,-30.0,12.0,3.1061325
-22.0,-28.0,12.0,3.1974075
-22.0,-26.0,12.0,3.1499052
-22.0,-24.0,12.0,3.2169766
-22.0,-22.0,12.0,3.2863326
-22.0,-20.0,12.0,3.2597764
-22.0,-18.0,12.0,3.194719
-22.0,-16.0,12.0,3.1687543
-22.0,-14.0,12.0,3.19702
-22.0,-12.0,12.0,3.2286015
-22.0,-10.0,12.0,3.3011959
-22.0,-8.0,12.0,3.3174837
-22.0,-6.0,12.0,3.3287215
-22.0,-4.0,12.0,3.2121232
-22.0,-2.0,12.0,3.2629144
-22.0,0.0,12.0,3.4446893
-22.0,2.0,12.0,3.4302282
-22.0,4.0,12.0,3.4175634
-22.0,6.0,12.0,3.4200184
-22.0,8.0,12.0,3.5114005
-22.0,10.0,12.0,3.3859925
-22.0,12.0,12.0,3.3051524
-22.0,14.0,12.0,3.2688468
-22.0,16.0,12.0,3.3490348
-22.0,18.0,12.0,3.4186256
-22.0,20.0,12.0,3.3588667
-22.0,22.0,12.0,3.3099096
-22.0,24.0,12.0,3.2721324
-22.0,26.0,12.0,3.217542
-22.0,28.0,12.0,3.211157
-22.0,30.0,12.0,3.2217567
-22.0,32.0,12.0,3.2542453
-22.0,34.0,12.0,3.2422948
-22.0,36.0,12.0,3.1352649
-22.0,38.0,12.0,3.030453
-22.0,40.0,12.0,3.0759072
-22.0,42.0,12.0,3.1066039
-22.0,44.0,12.0,3.0658486
-22.0,46.0,12.0,3.0276818
-22.0,48.0,12.0,2.96719
-22.0,50.0,12.0,2.956566
-22.0,52.0,12.0,3.0291784
-22.0,54.0,12.0,3.0691338
-22.0,56.0,12.0,2.9951735
-22.0,58.0,12.0,2.8717015
-22.0,60.0,12.0,2.9294245
-22.0,62.0,12.0,2.9875462
-22.0,64.0,12.0,2.9420936
-22.0,66.0,12.0,2.9634197
-22.0,68.0,12.0,2.9643185
-22.0,70.0,12.0,2.8624778
-22.0,72.0,12.0,2.7558775
-22.0,74.0,12.0,2.7795007
-22.0,76.0,12.0,2.9833772
-22.0,78.0,12.0,3.023857
-22.0,80.0,12.0,2.9095917
-22.0,82.0,12.0,3.0046513
-22.0,84.0,12.0,3.1610851
-22.0,86.0,12.0,3.1232207
-22.0,88.0,12.0,2.9816124
-22.0,90.0,12.0,2.940021
-22.0,92.0,12.0,3.063413
-22.0,94.0,12.0,3.0246346
-22.0,96.0,12.0,3.0338333
-22.0,98.0,12.0,3.0185342
-22.0,100.0,12.0,2.8986974
-22.0,102.0,12.0,2.7986426
-22.0,104.0,12.0,2.9330568
-22.0,106.0,12.0,3.0678322
-22.0,108.0,12.0,2.9711454
-22.0,110.0,12.0,2.8271554
-22.0,112.0,12.0,2.9624743
-22.0,114.0,12.0,3.0508597
-22.0,116.0,12.0,2.9586582
-22.0,118.0,12.0,2.8833222
-22.0,120.0,12.0,2.9029856
-22.0,122.0,12.0,2.8717346
-22.0,124.0,12.0,2.7082345
-22.0,126.0,12.0,2.6705556
-22.0,128.0,12.0,2.7547922
-22.0,130.0,12.0,2.853558
-22.0,132.0,12.0,2.8167582
-22.0,134.0,12.0,2.645684
-22.0,136.0,12.0,2.621189
-22.0,138.0,12.0,2.7835052
-22.0,140.0,12.0,2.9827485
-22.0,142.0,12.0,3.0241165
-22.0,144.0,12.0,2.9257662
-22.0,146.0,12.0,2.8484473
-22.0,148.0,12.0,2.8548987
-22.0,150.0,12.0,2.9317238
-22.0,152.0,12.0,2.870118
-22.0,154.0,12.0,2.738683
-22.0,156.0,12.0,2.7868214
-22.0,158.0,12.0,2.907681
-22.0,160.0,12.0,2.8259113
-22.0,162.0,12.0,2.6972992
-22.0,164.0,12.0,2.6933265
-22.0,166.0,12.0,2.766689
-22.0,168.0,12.0,2.6183856
-22.0,170.0,12.0,2.6581745
-22.0,172.0,12.0,2.8208895
-22.0,174.0,12.0,2.739873
-22.0,176.0,12.0,2.6184893
-22.0,178.0,12.0,2.6224968
-22.0,180.0,12.0,2.6031234
-20.0,-180.0,12.0,2.2607038
-20.0,-178.0,12.0,2.2388918
-20.0,-176.0,12.0,2.3281896
-20.0,-174.0,12.0,2.3428771
-20.0,-172.0,12.0,2.3094847
-20.0,-170.0,12.0,2.215891
-20.0,-168.0,12.0,2.2556317
-20.0,-166.0,12.0,2.223691
-20.0,-164.0,12.0,2.08302
-20.0,-162.0,12.0,2.0835962
-20.0,-160.0,12.0,2.1943295
-20.0,-158.0,12.0,2.255104
-20.0,-156.0,12.0,2.2306426
-20.0,-154.0,12.0,2.2415361
-20.0,-152.0,12.0,2.1824315
-20.0,-150.0,12.0,2.1751516
-20.0,-148.0,12.0,2.0065944
-20.0,-146.0,12.0,1.9524492
-20.0,-144.0,12.0,2.031913
-20.0,-142.0,12.0,2.096865
-20.0,-140.0,12.0,2.174895
-20.0,-138.0,12.0,2.185633
-20.0,-136.0,12.0,2.1271205
-20.0,-134.0,12.0,2.0587537
-20.0,-132.0,12.0,2.109989
-20.0,-130.0,12.0,2.1705468
-20.0,-128.0,12.0,2.1648839
-20.0,-126.0,12.0,2.0951385
-20.0,-124.0,12.0,2.0811806
-20.0,-122.0,12.0,2.1228971
-20.0,-120.0,12.0,2.1897624
-20.0,-118.0,12.0,2.2144117
-20.0,-116.0,12.0,2.1891193
-20.0,-114.0,12.0,2.1785247
-20.0,-112.0,12.0,2.2877195
-20.0,-110.0,12.0,2.2063727
-20.0,-108.0,12.0,2.1531117
-20.0,-106.0,12.0,2.248776
-20.0,-104.0,12.0,2.2911177
-20.0,-102.0,12.0,2.191612
-20.0,-100.0,12.0,2.2257164
-20.0,-98.0,12.0,2.4598572
-20.0,-96.0,12.0,2.4932292
-20.0,-94.0,12.0,2.251834
-20.0,-92.0,12.0,2.1839619
-20.0,-90.0,12.0,2.258925
-20.0,-88.0,12.0,2.32922
-20.0,-86.0,12.0,2.4299223
-20.0,-84.0,12.0,2.4389412
-20.0,-82.0,12.0,2.466175
-20.0,-80.0,12.0,2.2978513
-20.0,-78.0,12.0,2.279815
-20.0,-76.0,12.0,2.3770864
-20.0,-74.0,12.0,2.3791883
-20.0,-72.0,12.0,2.2966063
-20.0,-70.0,12.0,2.3455448
-20.0,-68.0,12.0,2.5240939
-20.0,-66.0,12.0,2.5462577
-20.0,-64.0,12.0,2.4454434
-20.0,-62.0,12.0,2.409604
-20.0,-60.0,12.0,2.3958678
-20.0,-58.0,12.0,2.349392
-20.0,-56.0,12.0,2.301264
-20.0,-54.0,12.0,2.302408
-20.0,-52.0,12.0,2.403069
-20.0,-50.0,12.0,2.4606373
-20.0,-48.0,12.0,2.4114428
-20.0,-46.0,12.0,2.5085256
-20.0,-44.0,12.0,2.5865576
-20.0,-42.0,12.0,2.5827718
-20.0,-40.0,12.0,2.5705583
-20.0,-38.0,12.0,2.6023715
-20.0,-36.0,12.0,2.6040387
-20.0,-34.0,12.0,2.560845
-20.0,-32.0,12.0,2.545811
-20.0,-30.0,12.0,2.7536855
-20.0,-28.0,12.0,2.7559333
-20.0,-26.0,12.0,2.9027498
-20.0,-24.0,12.0,2.9299428
-20.0,-22.0,12.0,2.917525
-20.0,-20.0,12.0,2.8868282
-20.0,-18.0,12.0,2.8334184
-20.0,-16.0,12.0,2.7850983
-20.0,-14.0,12.0,2.8175013
-20.0,-12.0,12.0,2.96901
-20.0,-10.0,12.0,2.995347
-20.0,-8.0,12.0,2.9722924
-20.0,-6.0,12.0,2.9990618
-20.0,-4.0,12.0,2.9957078
-20.0,-2.0,12.0,2.9133298
-20.0,0.0,12.0,3.0180209
-20.0,2.0,12.0,3.0450459
-20.0,4.0,12.0,3.0051637
-20.0,6.0,12.0,3.015222
-20.0,8.0,12.0,3.0587678
-20.0,10.0,12.0,2.9995208
-20.0,12.0,12.0,2.933901
-20.0,14.0,12.0,2.887835
-20.0,16.0,12.0,2.877349
-20.0,18.0,12.0,2.9525511
-20.0,20.0,12.0,2.9104838
-20.0,22.0,12.0,2.8708632
-20.0,24.0,12.0,2.8616664
-20.0,26.0,12.0,2.790657
-20.0,28.0,12.0,2.8108778
-20.0,30.0,12.0,2.7962508
-20.0,32.0,12.0,2.7665925
-20.0,34.0,12.0,2.727474
-20.0,36.0,12.0,2.681936
-20.0,38.0,12.0,2.67996
-20.0,40.0,12.0,2.711106
-20.0,42.0,12.0,2.7577534
-20.0,44.0,12.0,2.7123349
-20.0,46.0,12.0,2.6335597
-20.0,48.0,12.0,2.5871015
-20.0,50.0,12.0,2.6097102
-20.0,52.0,12.0,2.5935037
-20.0,54.0,12.0,2.5877252
-20.0,56.0,12.0,2.6218905
-20.0,58.0,12.0,2.5629122
-20.0,60.0,12.0,2.572432
-20.0,62.0,12.0,2.6087484
-20.0,64.0,12.0,2.6140373
-20.0,66.0,12.0,2.6400998
-20.0,68.0,12.0,2.610934
-20.0,70.0,12.0,2.5082505
-20.0,72.0,12.0,2.47092
-20.0,74.0,12.0,2.4828002
-20.0,76.0,12.0,2.585799
-20.0,78.0,12.0,2.5775142
-20.0,80.0,12.0,2.5023196
-20.0,82.0,12.0,2.5972664
-20.0,84.0,12.0,2.618199
-20.0,86.0,12.0,2.6014977
-20.0,88.0,12.0,2.5341008
-20.0,90.0,12.0,2.4874718
-20.0,92.0,12.0,2.5760167
-20.0,94.0,12.0,2.5990393
-20.0,96.0,12.0,2.658228
-20.0,98.0,12.0,2.5938323
-20.0,100.0,12.0,2.474578
-20.0,102.0,12.0,2.4126525
-20.0,104.0,12.0,2.512781
-20.0,106.0,12.0,2.5828557
-20.0,108.0,12.0,2.537649
-20.0,110.0,12.0,2.4458401
-20.0,112.0,12.0,2.5124717
-20.0,114.0,12.0,2.5305681
-20.0,116.0,12.0,2.5050077
-20.0,118.0,12.0,2.48007
-20.0,120.0,12.0,2.4834514
-20.0,122.0,12.0,2.44446
-20.0,124.0,12.0,2.39858
-20.0,126.0,12.0,2.3764024
-20.0,128.0,12.0,2.4309878
-20.0,130.0,12.0,2.5001132
-20.0,132.0,12.0,2.3860333
-20.0,134.0,12.0,2.316667
-20.0,136.0,12.0,2.3475332
-20.0,138.0,12.0,2.4683027
-20.0,140.0,12.0,2.538594
-20.0,142.0,12.0,2.5012052
-20.0,144.0,12.0,2.4361756
-20.0,146.0,12.0,2.396957
-20.0,148.0,12.0,2.405003
-20.0,150.0,12.0,2.4991932
-20.0,152.0,12.0,2.474711
-20.0,154.0,12.0,2.2917361
-20.0,156.0,12.0,2.3524685
-20.0,158.0,12.0,2.3962128
-20.0,160.0,12.0,2.3972197
-20.0,162.0,12.0,2.32913
-20.0,164.0,12.0,2.3182218
-20.0,166.0,12.0,2.3240163
-20.0,168.0,12.0,2.2082653
-20.0,170.0,12.0,2.2965112
-20.0,172.0,12.0,2.4380057
-20.0,174.0,12.0,2.3467853
-20.0,176.0,12.0,2.2734354
-20.0,178.0,12.0,2.2507236
-20.0,180.0,12.0,2.2607038
-18.0,-180.0,12.0,2.1814795
-18.0,-178.0,12.0,2.1430428
-18.0,-176.0,12.0,2.1690986
-18.0,-174.0,12.0,2.2439454
-18.0,-172.0,12.0,2.228122
-18.0,-170.0,12.0,2.1236436
-18.0,-168.0,12.0,2.1273322
-18.0,-166.0,12.0,2.114123
-18.0,-164.0,12.0,1.9968436
-18.0,-162.0,12.0,1.9495045
-18.0,-160.0,12.0,2.1027975
-18.0,-158.0,12.0,2.1895614
-18.0,-156.0,12.0,2.0938466
-18.0,-154.0,12.0,2.0820792
-18.0,-152.0,12.0,2.128838
-18.0,-150.0,12.0,2.091043
-18.0,-148.0,12.0,1.9214505
-18.0,-146.0,12.0,1.8688557
-18.0,-144.0,12.0,1.9576864
-18.0,-142.0,12.0,2.0213106
-18.0,-140.0,12.0,2.0698302
-18.0,-138.0,12.0,2.0517652
-18.0,-136.0,12.0,2.0622392
-18.0,-134.0,12.0,2.030516
-18.0,-132.0,12.0,2.0780318
-18.0,-130.0,12.0,2.1102872
-18.0,-128.0,12.0,2.1343644
-18.0,-126.0,12.0,2.1019132
-18.0,-124.0,12.0,2.068336
-18.0,-122.0,12.0,2.0718176
-18.0,-120.0,12.0,2.1524959
-18.0,-118.0,12.0,2.1751294
-18.0,-116.0,12.0,2.1739883
-18.0,-114.0,12.0,2.1173244
-18.0,-112.0,12.0,2.2258613
-18.0,-110.0,12.0,2.1596377
-18.0,-108.0,12.0,2.061826
-18.0,-106.0,12.0,2.1076417
-18.0,-104.0,12.0,2.2162979
-18.0,-102.0,12.0,2.1873293
-18.0,-100.0,12.0,2.2236278
-18.0,-98.0,12.0,2.4522078
-18.0,-96.0,12.0,2.5099845
-18.0,-94.0,12.0,2.2579374
-18.0,-92.0,12.0,2.1938505
-18.0,-90.0,12.0,2.2434173
-18.0,-88.0,12.0,2.2191796
-18.0,-86.0,12.0,2.2772517
-18.0,-84.0,12.0,2.3865995
-18.0,-82.0,12.0,2.4182198
-18.0,-80.0,12.0,2.2317414
-18.0,-78.0,12.0,2.2226994
-18.0,-76.0,12.0,2.3065748
-18.0,-74.0,12.0,2.2747397
-18.0,-72.0,12.0,2.2173955
-18.0,-70.0,12.0,2.3097436
-18.0,-68.0,12.0,2.5178382
-18.0,-66.0,12.0,2.532995
-18.0,-64.0,12.0,2.367627
-18.0,-62.0,12.0,2.3025765
-18.0,-60.0,12.0,2.3586545
-18.0,-58.0,12.0,2.3582642
-18.0,-56.0,12.0,2.2793868
-18.0,-54.0,12.0,2.2210555
-18.0,-52.0,12.0,2.3327649
-18.0,-50.0,12.0,2.4246616
-18.0,-48.0,12.0,2.3738313
-18.0,-46.0,12.0,2.3797894
-18.0,-44.0,12.0,2.4199927
-18.0,-42.0,12.0,2.4452057
-18.0,-40.0,12.0,2.5211575
-18.0,-38.0,12.0,2.5648797
-18.0,-36.0,12.0,2.5378675
-18.0,-34.0,12.0,2.517184
-18.0,-32.0,12.0,2.437719
-18.0,-30.0,12.0,2.6166027
-18.0,-28.0,12.0,2.6814067
-18.0,-26.0,12.0,2.7838376
-18.0,-24.0,12.0,2.8534262
-18.0,-22.0,12.0,2.8028316
-18.0,-20.0,12.0,2.7873907
-18.0,-18.0,12.0,2.7196927
-18.0,-16.0,12.0,2.5776474
-18.0,-14.0,12.0,2.6086533
-18.0,-12.0,12.0,2.7779393
-18.0,-10.0,12.0,2.7899947
-18.0,-8.0,12.0,2.8184805
-18.0,-6.0,12.0,2.8779044
-18.0,-4.0,12.0,2.807529
-18.0,-2.0,12.0,2.7153177
-18.0,0.0,12.0,2.7062526
-18.0,2.0,12.0,2.8069127
-18.0,4.0,12.0,2.7702324
-18.0,6.0,12.0,2.7228806
-18.0,8.0,12.0,2.7266953
-18.0,10.0,12.0,2.6926708
-18.0,12.0,12.0,2.636983
-18.0,14.0,12.0,2.5556257
-18.0,16.0,12.0,2.5684211
-18.0,18.0,12.0,2.7010264
-18.0,20.0,12.0,2.698034
-18.0,22.0,12.0,2.6851196
-18.0,24.0,12.0,2.723164
-18.0,26.0,12.0,2.634793
-18.0,28.0,12.0,2.6007154
-18.0,30.0,12.0,2.5120215
-18.0,32.0,12.0,2.4705806
-18.0,34.0,12.0,2.4935763
-18.0,36.0,12.0,2.4776251
-18.0,38.0,12.0,2.3877192
-18.0,40.0,12.0,2.395318
-18.0,42.0,12.0,2.42324
-18.0,44.0,12.0,2.4543438
-18.0,46.0,12.0,2.3890839
-18.0,48.0,12.0,2.3498743
-18.0,50.0,12.0,2.316828
-18.0,52.0,12.0,2.3135364
-18.0,54.0,12.0,2.3321557
-18.0,56.0,12.0,2.3657374
-18.0,58.0,12.0,2.2870278
-18.0,60.0,12.0,2.3254907
-18.0,62.0,12.0,2.3580675
-18.0,64.0,12.0,2.4146893
-18.0,66.0,12.0,2.3847778
-18.0,68.0,12.0,2.3521116
-18.0,70.0,12.0,2.3156168
-18.0,72.0,12.0,2.262329
-18.0,74.0,12.0,2.2933664
-18.0,76.0,12.0,2.350683
-18.0,78.0,12.0,2.356296
-18.0,80.0,12.0,2.3119264
-18.0,82.0,12.0,2.3742914
-18.0,84.0,12.0,2.3791666
-18.0,86.0,12.0,2.3306227
-18.0,88.0,12.0,2.286357
-18.0,90.0,12.0,2.2386975
-18.0,92.0,12.0,2.2971942
-18.0,94.0,12.0,2.3377738
-18.0,96.0,12.0,2.3918142
-18.0,98.0,12.0,2.3348172
-18.0,100.0,12.0,2.215227
-18.0,102.0,12.0,2.2022588
-18.0,104.0,12.0,2.266789
-18.0,106.0,12.0,2.3601997
-18.0,108.0,12.0,2.3361907
-18.0,110.0,12.0,2.264308
-18.0,112.0,12.0,2.2699955
-18.0,114.0,12.0,2.2821338
-18.0,116.0,12.0,2.25904
-18.0,118.0,12.0,2.2008474
-18.0,120.0,12.0,2.2244258
-18.0,122.0,12.0,2.2767713
-18.0,124.0,12.0,2.25879
-18.0,126.0,12.0,2.197737
-18.0,128.0,12.0,2.1844811
-18.0,130.0,12.0,2.1997344
-18.0,132.0,12.0,2.170737
-18.0,134.0,12.0,2.173018
-18.0,136.0,12.0,2.1853118
-18.0,138.0,12.0,2.1828675
-18.0,140.0,12.0,2.1833568
-18.0,142.0,12.0,2.1976302
-18.0,144.0,12.0,2.2104204
-18.0,146.0,12.0,2.195096
-18.0,148.0,12.0,2.1444767
-18.0,150.0,12.0,2.140078
-18.0,152.0,12.0,2.1433501
-18.0,154.0,12.0,2.087838
-18.0,156.0,12.0,2.1417449
-18.0,158.0,12.0,2.192009
-18.0,160.0,12.0,2.1426702
-18.0,162.0,12.0,2.1186569
-18.0,164.0,12.0,2.1609175
-18.0,166.0,12.0,2.1466877
-18.0,168.0,12.0,2.1032157
-18.0,170.0,12.0,2.1520019
-18.0,172.0,12.0,2.3188906
-18.0,174.0,12.0,2.2439563
-18.0,176.0,12.0,2.157287
-18.0,178.0,12.0,2.1795967
-18.0,180.0,12.0,2.1814795
-16.0,-180.0,12.0,2.1332915
-16.0,-178.0,12.0,2.058098
-16.0,-176.0,12.0,2.1601777
-16.0,-174.0,12.0,2.2458868
-16.0,-172.0,12.0,2.2293825
-16.0,-170.0,12.0,2.0802076
-16.0,-168.0,12.0,2.0732126
-16.0,-166.0,12.0,2.0714128
-16.0,-164.0,12.0,1.9367461
-16.0,-162.0,12.0,1.9157646
-16.0,-160.0,12.0,2.1071906
-16.0,-158.0,12.0,2.1921926
-16.0,-156.0,12.0,2.1970947
-16.0,-154.0,12.0,2.1630096
-16.0,-152.0,12.0,2.1448793
-16.0,-150.0,12.0,2.1283975
-16.0,-148.0,12.0,1.999217
-16.0,-146.0,12.0,1.9195192
-16.0,-144.0,12.0,1.963516
-16.0,-142.0,12.0,2.0340552
-16.0,-140.0,12.0,2.1065834
-16.0,-138.0,12.0,2.0975752
-16.0,-136.0,12.0,2.069438
-16.0,-134.0,12.0,2.0224528
-16.0,-132.0,12.0,2.060114
-16.0,-130.0,12.0,2.1036518
-16.0,-128.0,12.0,2.1458015
-16.0,-126.0,12.0,2.0467594
-16.0,-124.0,12.0,2.00838
-16.0,-122.0,12.0,2.0195315
-16.0,-120.0,12.0,2.1362062
-16.0,-118.0,12.0,2.1867192
-16.0,-116.0,12.0,2.1807907
-16.0,-114.0,12.0,2.1922565
-16.0,-112.0,12.0,2.238283
-16.0,-110.0,12.0,2.127541
-16.0,-108.0,12.0,2.0493975
-16.0,-106.0,12.0,2.1607375
-16.0,-104.0,12.0,2.2292216
-16.0,-102.0,12.0,2.1798558
-16.0,-100.0,12.0,2.1636236
-16.0,-98.0,12.0,2.3474126
-16.0,-96.0,12.0,2.4229903
-16.0,-94.0,12.0,2.212632
-16.0,-92.0,12.0,2.1680756
-16.0,-90.0,12.0,2.2428105
-16.0,-88.0,12.0,2.232478
-16.0,-86.0,12.0,2.297841
-16.0,-84.0,12.0,2.3606014
-16.0,-82.0,12.0,2.3597827
-16.0,-80.0,12.0,2.2260714
-16.0,-78.0,12.0,2.205652
-16.0,-76.0,12.0,2.3428493
-16.0,-74.0,12.0,2.2925434
-16.0,-72.0,12.0,2.2331548
-16.0,-70.0,12.0,2.2938433
-16.0,-68.0,12.0,2.4278917
-16.0,-66.0,12.0,2.4392674
-16.0,-64.0,12.0,2.298796
-16.0,-62.0,12.0,2.2676647
-16.0,-60.0,12.0,2.3276489
-16.0,-58.0,12.0,2.2953641
-16.0,-56.0,12.0,2.2094085
-16.0,-54.0,12.0,2.2344766
-16.0,-52.0,12.0,2.3373773
-16.0,-50.0,12.0,2.4058185
-16.0,-48.0,12.0,2.3214247
-16.0,-46.0,12.0,2.3164692
-16.0,-44.0,12.0,2.3756385
-16.0,-42.0,12.0,2.4108074
-16.0,-40.0,12.0,2.4839134
-16.0,-38.0,12.0,2.5112987
-16.0,-36.0,12.0,2.4696057
-16.0,-34.0,12.0,2.4459078
-16.0,-32.0,12.0,2.4160178
-16.0,-30.0,12.0,2.5652606
-16.0,-28.0,12.0,2.614804
-16.0,-26.0,12.0,2.6811519
-16.0,-24.0,12.0,2.7440116
-16.0,-22.0,12.0,2.7114415
-16.0,-20.0,12.0,2.663992
-16.0,-18.0,12.0,2.5851736
-16.0,-16.0,12.0,2.496661
-16.0,-14.0,12.0,2.5793958
-16.0,-12.0,12.0,2.7051241
-16.0,-10.0,12.0,2.7146595
-16.0,-8.0,12.0,2.8007696
-16.0,-6.0,12.0,2.8254309
-16.0,-4.0,12.0,2.7402904
-16.0,-2.0,12.0,2.6263456
-16.0,0.0,12.0,2.667829
-16.0,2.0,12.0,2.67337
-16.0,4.0,12.0,2.6463723
-16.0,6.0,12.0,2.6772768
-16.0,8.0,12.0,2.6786773
-16.0,10.0,12.0,2.6462011
-16.0,12.0,12.0,2.5765285
-16.0,14.0,12.0,2.5187926
-16.0,16.0,12.0,2.505208
-16.0,18.0,12.0,2.537665
-16.0,20.0,12.0,2.5893297
-16.0,22.0,12.0,2.630605
-16.0,24.0,12.0,2.663842
-16.0,26.0,12.0,2.5692015
-16.0,28.0,12.0,2.525984
-16.0,30.0,12.0,2.459078
-16.0,32.0,12.0,2.4144697
-16.0,34.0,12.0,2.4069545
-16.0,36.0,12.0,2.4156656
-16.0,38.0,12.0,2.3591053
-16.0,40.0,12.0,2.4020243
-16.0,42.0,12.0,2.3760998
-16.0,44.0,12.0,2.3882394
-16.0,46.0,12.0,2.3478045
-16.0,48.0,12.0,2.3028243
-16.0,50.0,12.0,2.3271446
-16.0,52.0,12.0,2.315137
-16.0,54.0,12.0,2.2159035
-16.0,56.0,12.0,2.2381585
-16.0,58.0,12.0,2.2242885
-16.0,60.0,12.0,2.2930024
-16.0,62.0,12.0,2.2740097
-16.0,64.0,12.0,2.278585
-16.0,66.0,12.0,2.332741
-16.0,68.0,12.0,2.3364913
-16.0,70.0,12.0,2.2208412
-16.0,72.0,12.0,2.1622725
-16.0,74.0,12.0,2.2282968
-16.0,76.0,12.0,2.2749443
-16.0,78.0,12.0,2.2463167
-16.0,80.0,12.0,2.2234266
-16.0,82.0,12.0,2.3349102
-16.0,84.0,12.0,2.3365207
-16.0,86.0,12.0,2.2680216
-16.0,88.0,12.0,2.2102587
-16.0,90.0,12.0,2.192455
-16.0,92.0,12.0,2.2158155
-16.0,94.0,12.0,2.2501445
-16.0,96.0,12.0,2.3705325
-16.0,98.0,12.0,2.3274627
-16.0,100.0,12.0,2.1599016
-16.0,102.0,12.0,2.1213465
-16.0,104.0,12.0,2.1988223
-16.0,106.0,12.0,2.2475214
-16.0,108.0,12.0,2.2114742
-16.0,110.0,12.0,2.1652718
-16.0,112.0,12.0,2.252265
-16.0,114.0,12.0,2.2368999
-16.0,116.0,12.0,2.2006648
-16.0,118.0,12.0,2.1949522
-16.0,120.0,12.0,2.1723804
-16.0,122.0,12.0,2.1555502
-16.0,124.0,12.0,2.0855362
-16.0,126.0,12.0,2.0849931
-16.0,128.0,12.0,2.1379454
-16.0,130.0,12.0,2.1632307
-16.0,132.0,12.0,2.1154208
-16.0,134.0,12.0,2.0950513
-16.0,136.0,12.0,2.1084309
-16.0,138.0,12.0,2.1186419
-16.0,140.0,12.0,2.1489656
-16.0,142.0,12.0,2.1424975
-16.0,144.0,12.0,2.1320689
-16.0,146.0,12.0,2.0923603
-16.0,148.0,12.0,2.1269913
-16.0,150.0,12.0,2.1488993
-16.0,152.0,12.0,2.13377
-16.0,154.0,12.0,2.0898316
-16.0,156.0,12.0,2.1215343
-16.0,158.0,12.0,2.1732059
-16.0,160.0,12.0,2.1225564
-16.0,162.0,12.0,2.0821345
-16.0,164.0,12.0,2.1319866
-16.0,166.0,12.0,2.1102483
-16.0,168.0,12.0,2.033542
-16.0,170.0,12.0,2.1135068
-16.0,172.0,12.0,2.2752986
-16.0,174.0,12.0,2.2045414
-16.0,176.0,12.0,2.1442027
-16.0,178.0,12.0,2.123342
-16.0,180.0,12.0,2.1332915
-14.0,-180.0,12.0,2.1217487
-14.0,-178.0,12.0,2.1503482
-14.0,-176.0,12.0,2.2019427
-14.0,-174.0,12.0,2.2595704
-14.0,-172.0,12.0,2.2393794
-14.0,-170.0,12.0,2.146982
-14.0,-168.0,12.0,2.118218
-14.0,-166.0,12.0,2.0767577
-14.0,-164.0,12.0,1.968097
-14.0,-162.0,12.0,2.0092616
-14.0,-160.0,12.0,2.1672482
-14.0,-158.0,12.0,2.2205453
-14.0,-156.0,12.0,2.191719
-14.0,-154.0,12.0,2.1528802
-14.0,-152.0,12.0,2.1468837
-14.0,-150.0,12.0,2.1019123
-14.0,-148.0,12.0,1.9968176
-14.0,-146.0,12.0,2.0270188
-14.0,-144.0,12.0,1.9875891
-14.0,-142.0,12.0,1.9854307
-14.0,-140.0,12.0,2.069292
-14.0,-138.0,12.0,2.0996637
-14.0,-136.0,12.0,2.0768187
-14.0,-134.0,12.0,1.9845437
-14.0,-132.0,12.0,2.0268574
-14.0,-130.0,12.0,2.1342218
-14.0,-128.0,12.0,2.1840568
-14.0,-126.0,12.0,2.1180067
-14.0,-124.0,12.0,2.008693
-14.0,-122.0,12.0,2.0282903
-14.0,-120.0,12.0,2.1693983
-14.0,-118.0,12.0,2.2101483
-14.0,-116.0,12.0,2.1728303
-14.0,-114.0,12.0,2.1791253
-14.0,-112.0,12.0,2.2285447
-14.0,-110.0,12.0,2.1887655
-14.0,-108.0,12.0,2.1362233
-14.0,-106.0,12.0,2.1990063
-14.0,-104.0,12.0,2.30564
-14.0,-102.0,12.0,2.2871914
-14.0,-100.0,12.0,2.2225425
-14.0,-98.0,12.0,2.320278
-14.0,-96.0,12.0,2.4250076
-14.0,-94.0,12.0,2.248816
-14.0,-92.0,12.0,2.2029047
-14.0,-90.0,12.0,2.2958362
-14.0,-88.0,12.0,2.3130364
-14.0,-86.0,12.0,2.3464673
-14.0,-84.0,12.0,2.30849
-14.0,-82.0,12.0,2.3344805
-14.0,-80.0,12.0,2.2832181
-14.0,-78.0,12.0,2.2648802
-14.0,-76.0,12.0,2.3858316
-14.0,-74.0,12.0,2.4518502
-14.0,-72.0,12.0,2.3668833
-14.0,-70.0,12.0,2.271218
-14.0,-68.0,12.0,2.3848758
-14.0,-66.0,12.0,2.4601383
-14.0,-64.0,12.0,2.3525655
-14.0,-62.0,12.0,2.3456037
-14.0,-60.0,12.0,2.348649
-14.0,-58.0,12.0,2.3097641
-14.0,-56.0,12.0,2.2073717
-14.0,-54.0,12.0,2.166966
-14.0,-52.0,12.0,2.2239187
-14.0,-50.0,12.0,2.2907863
-14.0,-48.0,12.0,2.2528358
-14.0,-46.0,12.0,2.2632806
-14.0,-44.0,12.0,2.2972445
-14.0,-42.0,12.0,2.269254
-14.0,-40.0,12.0,2.3379595
-14.0,-38.0,12.0,2.406914
-14.0,-36.0,12.0,2.3603976
-14.0,-34.0,12.0,2.2956605
-14.0,-32.0,12.0,2.2985342
-14.0,-30.0,12.0,2.4057312
-14.0,-28.0,12.0,2.4840121
-14.0,-26.0,12.0,2.5527606
-14.0,-24.0,12.0,2.6365948
-14.0,-22.0,12.0,2.6058266
-14.0,-20.0,12.0,2.54225
-14.0,-18.0,12.0,2.4947317
-14.0,-16.0,12.0,2.342886
-14.0,-14.0,12.0,2.4124675
-14.0,-12.0,12.0,2.5454667
-14.0,-10.0,12.0,2.5923126
-14.0,-8.0,12.0,2.599139
-14.0,-6.0,12.0,2.608667
-14.0,-4.0,12.0,2.569511
-14.0,-2.0,12.0,2.5132945
-14.0,0.0,12.0,2.5397947
-14.0,2.0,12.0,2.550458
-14.0,4.0,12.0,2.552665
-14.0,6.0,12.0,2.5885901
-14.0,8.0,12.0,2.5266912
-14.0,10.0,12.0,2.4907212
-14.0,12.0,12.0,2.4348187
-14.0,14.0,12.0,2.3835356
-14.0,16.0,12.0,2.3523965
-14.0,18.0,12.0,2.4137893
-14.0,20.0,12.0,2.4586182
-14.0,22.0,12.0,2.4750898
-14.0,24.0,12.0,2.5211887
-14.0,26.0,12.0,2.4613369
-14.0,28.0,12.0,2.441189
-14.0,30.0,12.0,2.3969817
-14.0,32.0,12.0,2.332438
-14.0,34.0,12.0,2.2193592
-14.0,36.0,12.0,2.2039027
-14.0,38.0,12.0,2.2008514
-14.0,40.0,12.0,2.291489
-14.0,42.0,12.0,2.265906
-14.0,44.0,12.0,2.2364135
-14.0,46.0,12.0,2.1646895
-14.0,48.0,12.0,2.1564946
-14.0,50.0,12.0,2.290072
-14.0,52.0,12.0,2.2768764
-14.0,54.0,12.0,2.0979488
-14.0,56.0,12.0,2.0662332
-14.0,58.0,12.0,2.101668
-14.0,60.0,12.0,2.2041845
-14.0,62.0,12.0,2.1514504
-14.0,64.0,12.0,2.1777933
-14.0,66.0,12.0,2.3465343
-14.0,68.0,12.0,2.3705728
-14.0,70.0,12.0,2.2301865
-14.0,72.0,12.0,2.1098073
-14.0,74.0,12.0,2.1624403
-14.0,76.0,12.0,2.1931643
-14.0,78.0,12.0,2.1555338
-14.0,80.0,12.0,2.1591113
-14.0,82.0,12.0,2.3475347
-14.0,84.0,12.0,2.3583221
-14.0,86.0,12.0,2.1973214
-14.0,88.0,12.0,2.1224647
-14.0,90.0,12.0,2.1280553
-14.0,92.0,12.0,2.118218
-14.0,94.0,12.0,2.2032013
-14.0,96.0,12.0,2.3874922
-14.0,98.0,12.0,2.33608
-14.0,100.0,12.0,2.1541853
-14.0,102.0,12.0,2.111719
-14.0,104.0,12.0,2.2129133
-14.0,106.0,12.0,2.2210195
-14.0,108.0,12.0,2.1485987
-14.0,110.0,12.0,2.1253505
-14.0,112.0,12.0,2.2091143
-14.0,114.0,12.0,2.1793363
-14.0,116.0,12.0,2.1283143
-14.0,118.0,12.0,2.1362412
-14.0,120.0,12.0,2.0966802
-14.0,122.0,12.0,2.0158823
-14.0,124.0,12.0,2.0036504
-14.0,126.0,12.0,2.037032
-14.0,128.0,12.0,2.0979202
-14.0,130.0,12.0,2.1145058
-14.0,132.0,12.0,2.0345478
-14.0,134.0,12.0,2.0746439
-14.0,136.0,12.0,2.115113
-14.0,138.0,12.0,2.1327581
-14.0,140.0,12.0,2.151716
-14.0,142.0,12.0,2.0789893
-14.0,144.0,12.0,2.1538215
-14.0,146.0,12.0,2.1512117
-14.0,148.0,12.0,2.1209805
-14.0,150.0,12.0,2.1377683
-14.0,152.0,12.0,2.1117911
-14.0,154.0,12.0,2.0434468
-14.0,156.0,12.0,2.104347
-14.0,158.0,12.0,2.1835308
-14.0,160.0,12.0,2.1420043
-14.0,162.0,12.0,2.0933483
-14.0,164.0,12.0,2.0937505
-14.0,166.0,12.0,2.07789
-14.0,168.0,12.0,2.0606525
-14.0,170.0,12.0,2.178971
-14.0,172.0,12.0,2.2949333
-14.0,174.0,12.0,2.2792323
-14.0,176.0,12.0,2.2103918
-14.0,178.0,12.0,2.1862557
-14.0,180.0,12.0,2.1217487
-12.0,-180.0,12.0,2.0959098
-12.0,-178.0,12.0,2.1093884
-12.0,-176.0,12.0,2.1401803
-12.0,-174.0,12.0,2.1659663
-12.0,-172.0,12.0,2.1691706
-12.0,-170.0,12.0,2.1106467
-12.0,-168.0,12.0,2.0565097
-12.0,-166.0,12.0,2.0129714
-12.0,-164.0,12.0,1.9261699
-12.0,-162.0,12.0,2.0132053
-12.0,-160.0,12.0,2.116165
-12.0,-158.0,12.0,2.1651556
-12.0,-156.0,12.0,2.1363916
-12.0,-154.0,12.0,2.05841
-12.0,-152.0,12.0,2.0525067
-12.0,-150.0,12.0,2.0513623
-12.0,-148.0,12.0,1.9880713
-12.0,-146.0,12.0,2.0177808
-12.0,-144.0,12.0,1.9913818
-12.0,-142.0,12.0,1.9691494
-12.0,-140.0,12.0,2.0456667
-12.0,-138.0,12.0,2.0434873
-12.0,-136.0,12.0,2.0506585
-12.0,-134.0,12.0,1.9338228
-12.0,-132.0,12.0,1.9774965
-12.0,-130.0,12.0,2.0946116
-12.0,-128.0,12.0,2.1550686
-12.0,-126.0,12.0,2.094076
-12.0,-124.0,12.0,2.013537
-12.0,-122.0,12.0,2.041996
-12.0,-120.0,12.0,2.1425257
-12.0,-118.0,12.0,2.1630774
-12.0,-116.0,12.0,2.0970073
-12.0,-114.0,12.0,2.084459
-12.0,-112.0,12.0,2.1248193
-12.0,-110.0,12.0,2.1108313
-12.0,-108.0,12.0,2.0786126
-12.0,-106.0,12.0,2.11974
-12.0,-104.0,12.0,2.262087
-12.0,-102.0,12.0,2.2564032
-12.0,-100.0,12.0,2.1965952
-12.0,-98.0,12.0,2.3116488
-12.0,-96.0,12.0,2.4336102
-12.0,-94.0,12.0,2.2538016
-12.0,-92.0,12.0,2.2076275
-12.0,-90.0,12.0,2.281505
-12.0,-88.0,12.0,2.297641
-12.0,-86.0,12.0,2.274204
-12.0,-84.0,12.0,2.2746005
-12.0,-82.0,12.0,2.3290014
-12.0,-80.0,12.0,2.2418242
-12.0,-78.0,12.0,2.2333183
-12.0,-76.0,12.0,2.3209066
-12.0,-74.0,12.0,2.3715692
-12.0,-72.0,12.0,2.2986405
-12.0,-70.0,12.0,2.2206566
-12.0,-68.0,12.0,2.3528397
-12.0,-66.0,12.0,2.435835
-12.0,-64.0,12.0,2.3454332
-12.0,-62.0,12.0,2.3126051
-12.0,-60.0,12.0,2.2985044
-12.0,-58.0,12.0,2.2802176
-12.0,-56.0,12.0,2.1911628
-12.0,-54.0,12.0,2.1406388
-12.0,-52.0,12.0,2.193389
-12.0,-50.0,12.0,2.2526069
-12.0,-48.0,12.0,2.241784
-12.0,-46.0,12.0,2.202533
-12.0,-44.0,12.0,2.2193377
-12.0,-42.0,12.0,2.2151072
-12.0,-40.0,12.0,2.2991648
-12.0,-38.0,12.0,2.377573
-12.0,-36.0,12.0,2.3449645
-12.0,-34.0,12.0,2.3107295
-12.0,-32.0,12.0,2.2645857
-12.0,-30.0,12.0,2.364026
-12.0,-28.0,12.0,2.4316475
-12.0,-26.0,12.0,2.479732
-12.0,-24.0,12.0,2.5818927
-12.0,-22.0,12.0,2.5233228
-12.0,-20.0,12.0,2.4378836
-12.0,-18.0,12.0,2.3930783
-12.0,-16.0,12.0,2.2909026
-12.0,-14.0,12.0,2.3131244
-12.0,-12.0,12.0,2.4262922
-12.0,-10.0,12.0,2.4818556
-12.0,-8.0,12.0,2.515563
-12.0,-6.0,12.0,2.5113335
-12.0,-4.0,12.0,2.4971933
-12.0,-2.0,12.0,2.4523983
-12.0,0.0,12.0,2.410046
-12.0,2.0,12.0,2.4504542
-12.0,4.0,12.0,2.455738
-12.0,6.0,12.0,2.4802222
-12.0,8.0,12.0,2.4634686
-12.0,10.0,12.0,2.403948
-12.0,12.0,12.0,2.3286195
-12.0,14.0,12.0,2.2736444
-12.0,16.0,12.0,2.2499914
-12.0,18.0,12.0,2.326814
-12.0,20.0,12.0,2.334646
-12.0,22.0,12.0,2.3671308
-12.0,24.0,12.0,2.3805995
-12.0,26.0,12.0,2.3523898
-12.0,28.0,12.0,2.3204741
-12.0,30.0,12.0,2.261236
-12.0,32.0,12.0,2.1715152
-12.0,34.0,12.0,2.1237524
-12.0,36.0,12.0,2.1397307
-12.0,38.0,12.0,2.1419437
-12.0,40.0,12.0,2.1520262
-12.0,42.0,12.0,2.1343226
-12.0,44.0,12.0,2.1290143
-12.0,46.0,12.0,2.0573914
-12.0,48.0,12.0,2.018616
-12.0,50.0,12.0,2.1326177
-12.0,52.0,12.0,2.1413293
-12.0,54.0,12.0,2.0530646
-12.0,56.0,12.0,2.0224662
-12.0,58.0,12.0,2.0703065
-12.0,60.0,12.0,2.1128864
-12.0,62.0,12.0,2.074673
-12.0,64.0,12.0,2.0917504
-12.0,66.0,12.0,2.2687435
-12.0,68.0,12.0,2.295754
-12.0,70.0,12.0,2.1977508
-12.0,72.0,12.0,2.1312213
-12.0,74.0,12.0,2.14796
-12.0,76.0,12.0,2.1560507
-12.0,78.0,12.0,2.066076
-12.0,80.0,12.0,2.124306
-12.0,82.0,12.0,2.2909458
-12.0,84.0,12.0,2.278431
-12.0,86.0,12.0,2.134827
-12.0,88.0,12.0,2.0722554
-12.0,90.0,12.0,2.0525365
-12.0,92.0,12.0,2.0702727
-12.0,94.0,12.0,2.1341527
-12.0,96.0,12.0,2.3013487
-12.0,98.0,12.0,2.2492197
-12.0,100.0,12.0,2.112554
-12.0,102.0,12.0,2.103516
-12.0,104.0,12.0,2.1832323
-12.0,106.0,12.0,2.1489067
-12.0,108.0,12.0,2.0738685
-12.0,110.0,12.0,2.103984
-12.0,112.0,12.0,2.1516414
-12.0,114.0,12.0,2.131174
-12.0,116.0,12.0,2.0748556
-12.0,118.0,12.0,2.0870793
-12.0,120.0,12.0,2.0637217
-12.0,122.0,12.0,2.0149877
-12.0,124.0,12.0,1.9582179
-12.0,126.0,12.0,2.0298858
-12.0,128.0,12.0,2.0840845
-12.0,130.0,12.0,2.0751362
-12.0,132.0,12.0,1.9998177
-12.0,134.0,12.0,2.0859613
-12.0,136.0,12.0,2.1321573
-12.0,138.0,12.0,2.158629
-12.0,140.0,12.0,2.1366622
-12.0,142.0,12.0,2.062059
-12.0,144.0,12.0,2.0657713
-12.0,146.0,12.0,2.0723963
-12.0,148.0,12.0,2.0794125
-12.0,150.0,12.0,2.1196122
-12.0,152.0,12.0,2.1163218
-12.0,154.0,12.0,2.0481234
-12.0,156.0,12.0,2.064418
-12.0,158.0,12.0,2.111535
-12.0,160.0,12.0,2.0543768
-12.0,162.0,12.0,1.9765091
-12.0,164.0,12.0,1.9800212
-12.0,166.0,12.0,1.9998168
-12.0,168.0,12.0,1.9635054
-12.0,170.0,12.0,2.1173217
-12.0,172.0,12.0,2.2131476
-12.0,174.0,12.0,2.2444847
-12.0,176.0,12.0,2.165967
-12.0,178.0,12.0,2.1062376
-12.0,180.0,12.0,2.0959098
-10.0,-180.0,12.0,2.0178206
-10.0,-178.0,12.0,2.0187364
-10.0,-176.0,12.0,2.0317605
-10.0,-174.0,12.0,2.0823138
-10.0,-172.0,12.0,2.1061373
-10.0,-170.0,12.0,2.0158205
-10.0,-168.0,12.0,1.9597794
-10.0,-166.0,12.0,1.9536657
-10.0,-164.0,12.0,1.8915521
-10.0,-162.0,12.0,1.909778
-10.0,-160.0,12.0,2.02835
-10.0,-158.0,12.0,2.1128685
-10.0,-156.0,12.0,2.1275332
-10.0,-154.0,12.0,2.0546165
-10.0,-152.0,12.0,2.0199888
-10.0,-150.0,12.0,2.0340188
-10.0,-148.0,12.0,1.9815859
-10.0,-146.0,12.0,1.9811393
-10.0,-144.0,12.0,1.9551711
-10.0,-142.0,12.0,1.9917657
-10.0,-140.0,12.0,2.0526505
-10.0,-138.0,12.0,2.0236967
-10.0,-136.0,12.0,1.9786171
-10.0,-134.0,12.0,1.9179378
-10.0,-132.0,12.0,1.9972649
-10.0,-130.0,12.0,2.0726159
-10.0,-128.0,12.0,2.1061113
-10.0,-126.0,12.0,2.002473
-10.0,-124.0,12.0,1.9723824
-10.0,-122.0,12.0,1.9878901
-10.0,-120.0,12.0,2.0917513
-10.0,-118.0,12.0,2.1250222
-10.0,-116.0,12.0,2.131198
-10.0,-114.0,12.0,2.1619656
-10.0,-112.0,12.0,2.147662
-10.0,-110.0,12.0,2.1226182
-10.0,-108.0,12.0,2.0579627
-10.0,-106.0,12.0,2.1096275
-10.0,-104.0,12.0,2.1805222
-10.0,-102.0,12.0,2.169662
-10.0,-100.0,12.0,2.1669421
-10.0,-98.0,12.0,2.28085
-10.0,-96.0,12.0,2.3328795
-10.0,-94.0,12.0,2.1854403
-10.0,-92.0,12.0,2.136083
-10.0,-90.0,12.0,2.2004375
-10.0,-88.0,12.0,2.2284353
-10.0,-86.0,12.0,2.2583344
-10.0,-84.0,12.0,2.2543144
-10.0,-82.0,12.0,2.3228712
-10.0,-80.0,12.0,2.219608
-10.0,-78.0,12.0,2.1983438
-10.0,-76.0,12.0,2.2611983
-10.0,-74.0,12.0,2.2500327
-10.0,-72.0,12.0,2.2116377
-10.0,-70.0,12.0,2.2393525
-10.0,-68.0,12.0,2.3355956
-10.0,-66.0,12.0,2.3744738
-10.0,-64.0,12.0,2.311823
-10.0,-62.0,12.0,2.2560635
-10.0,-60.0,12.0,2.2495296
-10.0,-58.0,12.0,2.2107244
-10.0,-56.0,12.0,2.174516
-10.0,-54.0,12.0,2.1421244
-10.0,-52.0,12.0,2.2001555
-10.0,-50.0,12.0,2.2687511
-10.0,-48.0,12.0,2.231685
-10.0,-46.0,12.0,2.2351055
-10.0,-44.0,12.0,2.2534897
-10.0,-42.0,12.0,2.2357776
-10.0,-40.0,12.0,2.3035448
-10.0,-38.0,12.0,2.3337545
-10.0,-36.0,12.0,2.305391
-10.0,-34.0,12.0,2.2554944
-10.0,-32.0,12.0,2.2441258
-10.0,-30.0,12.0,2.3521771
-10.0,-28.0,12.0,2.4138849
-10.0,-26.0,12.0,2.4683185
-10.0,-24.0,12.0,2.5199218
-10.0,-22.0,12.0,2.4946513
-10.0,-20.0,12.0,2.383648
-10.0,-18.0,12.0,2.2719343
-10.0,-16.0,12.0,2.207676
-10.0,-14.0,12.0,2.2649193
-10.0,-12.0,12.0,2.3790414
-10.0,-10.0,12.0,2.3993714
-10.0,-8.0,12.0,2.4654844
-10.0,-6.0,12.0,2.4389536
-10.0,-4.0,12.0,2.3836532
-10.0,-2.0,12.0,2.3371923
-10.0,0.0,12.0,2.3775592
-10.0,2.0,12.0,2.3805304
-10.0,4.0,12.0,2.381892
-10.0,6.0,12.0,2.4539976
-10.0,8.0,12.0,2.415228
-10.0,10.0,12.0,2.3366857
-10.0,12.0,12.0,2.24988
-10.0,14.0,12.0,2.21174
-10.0,16.0,12.0,2.208816
-10.0,18.0,12.0,2.220522
-10.0,20.0,12.0,2.2993789
-10.0,22.0,12.0,2.3316221
-10.0,24.0,12.0,2.316868
-10.0,26.0,12.0,2.2819674
-10.0,28.0,12.0,2.2681377
-10.0,30.0,12.0,2.247626
-10.0,32.0,12.0,2.1640854
-10.0,34.0,12.0,2.0968847
-10.0,36.0,12.0,2.1561081
-10.0,38.0,12.0,2.154837
-10.0,40.0,12.0,2.1733994
-10.0,42.0,12.0,2.1098387
-10.0,44.0,12.0,2.066385
-10.0,46.0,12.0,2.0253541
-10.0,48.0,12.0,2.0174887
-10.0,50.0,12.0,2.1130097
-10.0,52.0,12.0,2.118674
-10.0,54.0,12.0,2.0066159
-10.0,56.0,12.0,1.9517062
-10.0,58.0,12.0,2.0025086
-10.0,60.0,12.0,2.0666368
-10.0,62.0,12.0,2.022913
-10.0,64.0,12.0,1.972805
-10.0,66.0,12.0,2.0696857
-10.0,68.0,12.0,2.1128163
-10.0,70.0,12.0,2.0150487
-10.0,72.0,12.0,1.9836572
-10.0,74.0,12.0,2.0208757
-10.0,76.0,12.0,2.0622067
-10.0,78.0,12.0,2.0058084
-10.0,80.0,12.0,1.9937975
-10.0,82.0,12.0,2.1858366
-10.0,84.0,12.0,2.2211845
-10.0,86.0,12.0,2.0720596
-10.0,88.0,12.0,1.9864699
-10.0,90.0,12.0,1.9720328
-10.0,92.0,12.0,1.9423149
-10.0,94.0,12.0,1.9529661
-10.0,96.0,12.0,2.1582522
-10.0,98.0,12.0,2.1391816
-10.0,100.0,12.0,1.9654305
-10.0,102.0,12.0,1.9641335
-10.0,104.0,12.0,2.0273027
-10.0,106.0,12.0,2.0161932
-10.0,108.0,12.0,1.942546
-10.0,110.0,12.0,1.9763665
-10.0,112.0,12.0,2.0901377
-10.0,114.0,12.0,2.0939794
-10.0,116.0,12.0,1.9925505
-10.0,118.0,12.0,2.0108397
-10.0,120.0,12.0,1.9906753
-10.0,122.0,12.0,1.8993949
-10.0,124.0,12.0,1.8399808
-10.0,126.0,12.0,1.8710872
-10.0,128.0,12.0,1.9478954
-10.0,130.0,12.0,1.9888536
-10.0,132.0,12.0,1.9053392
-10.0,134.0,12.0,1.9435267
-10.0,136.0,12.0,1.9744089
-10.0,138.0,12.0,2.0064552
-10.0,140.0,12.0,2.0183387
-10.0,142.0,12.0,1.9510928
-10.0,144.0,12.0,1.9561332
-10.0,146.0,12.0,1.9348124
-10.0,148.0,12.0,1.9400057
-10.0,150.0,12.0,2.006517
-10.0,152.0,12.0,2.0062776
-10.0,154.0,12.0,1.9692578
-10.0,156.0,12.0,1.9887834
-10.0,158.0,12.0,2.029664
-10.0,160.0,12.0,1.997445
-10.0,162.0,12.0,1.9516438
-10.0,164.0,12.0,1.9282256
-10.0,166.0,12.0,1.9490764
-10.0,168.0,12.0,1.9525356
-10.0,170.0,12.0,2.0095332
-10.0,172.0,12.0,2.0897973
-10.0,174.0,12.0,2.1549494
-10.0,176.0,12.0,2.1080918
-10.0,178.0,12.0,2.0356233
-10.0,180.0,12.0,2.0178206
-8.0,-180.0,12.0,2.2434664
-8.0,-178.0,12.0,2.2186618
-8.0,-176.0,12.0,2.216282
-8.0,-174.0,12.0,2.2373753
-8.0,-172.0,12.0,2.3264363
-8.0,-170.0,12.0,2.284257
-8.0,-168.0,12.0,2.195486
-8.0,-166.0,12.0,2.1702116
-8.0,-164.0,12.0,2.107038
-8.0,-162.0,12.0,2.1003847
-8.0,-160.0,12.0,2.203963
-8.0,-158.0,12.0,2.282502
-8.0,-156.0,12.0,2.3205273
-8.0,-154.0,12.0,2.2950563
-8.0,-152.0,12.0,2.3021407
-8.0,-150.0,12.0,2.2512367
-8.0,-148.0,12.0,2.155219
-8.0,-146.0,12.0,2.1168058
-8.0,-144.0,12.0,2.0821524
-8.0,-142.0,12.0,2.1857426
-8.0,-140.0,12.0,2.2750118
-8.0,-138.0,12.0,2.2031217
-8.0,-136.0,12.0,2.1580038
-8.0,-134.0,12.0,2.1206834
-8.0,-132.0,12.0,2.167454
-8.0,-130.0,12.0,2.194212
-8.0,-128.0,12.0,2.1834233
-8.0,-126.0,12.0,2.1979163
-8.0,-124.0,12.0,2.1310408
-8.0,-122.0,12.0,2.120285
-8.0,-120.0,12.0,2.280762
-8.0,-118.0,12.0,2.3212945
-8.0,-116.0,12.0,2.305792
-8.0,-114.0,12.0,2.305445
-8.0,-112.0,12.0,2.3145092
-8.0,-110.0,12.0,2.2248335
-8.0,-108.0,12.0,2.2343726
-8.0,-106.0,12.0,2.3251445
-8.0,-104.0,12.0,2.3207479
-8.0,-102.0,12.0,2.2947145
-8.0,-100.0,12.0,2.3033235
-8.0,-98.0,12.0,2.455011
-8.0,-96.0,12.0,2.4739935
-8.0,-94.0,12.0,2.3492858
-8.0,-92.0,12.0,2.3382447
-8.0,-90.0,12.0,2.3537695
-8.0,-88.0,12.0,2.4360623
-8.0,-86.0,12.0,2.4880347
-8.0,-84.0,12.0,2.4721951
-8.0,-82.0,12.0,2.4795182
-8.0,-80.0,12.0,2.4018443
-8.0,-78.0,12.0,2.4246602
-8.0,-76.0,12.0,2.4630053
-8.0,-74.0,12.0,2.4051654
-8.0,-72.0,12.0,2.3268907
-8.0,-70.0,12.0,2.360063
-8.0,-68.0,12.0,2.4673731
-8.0,-66.0,12.0,2.4997287
-8.0,-64.0,12.0,2.4638195
-8.0,-62.0,12.0,2.422836
-8.0,-60.0,12.0,2.3971982
-8.0,-58.0,12.0,2.3748076
-8.0,-56.0,12.0,2.2901976
-8.0,-54.0,12.0,2.2184107
-8.0,-52.0,12.0,2.2671328
-8.0,-50.0,12.0,2.315624
-8.0,-48.0,12.0,2.2780125
-8.0,-46.0,12.0,2.315505
-8.0,-44.0,12.0,2.3762343
-8.0,-42.0,12.0,2.3484433
-8.0,-40.0,12.0,2.408114
-8.0,-38.0,12.0,2.4517076
-8.0,-36.0,12.0,2.3834672
-8.0,-34.0,12.0,2.3062751
-8.0,-32.0,12.0,2.3051343
-8.0,-30.0,12.0,2.4284868
-8.0,-28.0,12.0,2.5402296
-8.0,-26.0,12.0,2.5857823
-8.0,-24.0,12.0,2.6207986
-8.0,-22.0,12.0,2.5817199
-8.0,-20.0,12.0,2.474042
-8.0,-18.0,12.0,2.4044275
-8.0,-16.0,12.0,2.348425
-8.0,-14.0,12.0,2.4026136
-8.0,-12.0,12.0,2.4823592
-8.0,-10.0,12.0,2.5497384
-8.0,-8.0,12.0,2.5562215
-8.0,-6.0,12.0,2.5257852
-8.0,-4.0,12.0,2.4717696
-8.0,-2.0,12.0,2.4688826
-8.0,0.0,12.0,2.5216732
-8.0,2.0,12.0,2.576084
-8.0,4.0,12.0,2.61867
-8.0,6.0,12.0,2.672175
-8.0,8.0,12.0,2.610579
-8.0,10.0,12.0,2.4947405
-8.0,12.0,12.0,2.4280536
-8.0,14.0,12.0,2.3662384
-8.0,16.0,12.0,2.3566957
-8.0,18.0,12.0,2.3778458
-8.0,20.0,12.0,2.4599478
-8.0,22.0,12.0,2.5047367
-8.0,24.0,12.0,2.4525542
-8.0,26.0,12.0,2.3950322
-8.0,28.0,12.0,2.3857756
-8.0,30.0,12.0,2.3871903
-8.0,32.0,12.0,2.3179429
-8.0,34.0,12.0,2.2291737
-8.0,36.0,12.0,2.2819877
-8.0,38.0,12.0,2.3133445
-8.0,40.0,12.0,2.3498049
-8.0,42.0,12.0,2.280353
-8.0,44.0,12.0,2.1821418
-8.0,46.0,12.0,2.1456342
-8.0,48.0,12.0,2.154138
-8.0,50.0,12.0,2.2689116
-8.0,52.0,12.0,2.2259238
-8.0,54.0,12.0,2.0962758
-8.0,56.0,12.0,2.0450175
-8.0,58.0,12.0,2.1230547
-8.0,60.0,12.0,2.1780632
-8.0,62.0,12.0,2.1004314
-8.0,64.0,12.0,2.0802517
-8.0,66.0,12.0,2.2264879
-8.0,68.0,12.0,2.2407005
-8.0,70.0,12.0,2.129775
-8.0,72.0,12.0,2.1009746
-8.0,74.0,12.0,2.1368651
-8.0,76.0,12.0,2.1868541
-8.0,78.0,12.0,2.1382077
-8.0,80.0,12.0,2.1093369
-8.0,82.0,12.0,2.2825584
-8.0,84.0,12.0,2.3640287
-8.0,86.0,12.0,2.1948218
-8.0,88.0,12.0,2.0923166
-8.0,90.0,12.0,2.1143572
-8.0,92.0,12.0,2.0633168
-8.0,94.0,12.0,2.103385
-8.0,96.0,12.0,2.2931478
-8.0,98.0,12.0,2.2670145
-8.0,100.0,12.0,2.104665
-8.0,102.0,12.0,2.0739412
-8.0,104.0,12.0,2.1609943
-8.0,106.0,12.0,2.1784406
-8.0,108.0,12.0,2.0602677
-8.0,110.0,12.0,2.0618236
-8.0,112.0,12.0,2.2119155
-8.0,114.0,12.0,2.1996357
-8.0,116.0,12.0,2.1099524
-8.0,118.0,12.0,2.133438
-8.0,120.0,12.0,2.0914998
-8.0,122.0,12.0,2.007025
-8.0,124.0,12.0,2.0169268
-8.0,126.0,12.0,1.9840349
-8.0,128.0,12.0,2.0569394
-8.0,130.0,12.0,2.1153305
-8.0,132.0,12.0,2.044609
-8.0,134.0,12.0,2.0589292
-8.0,136.0,12.0,2.0738971
-8.0,138.0,12.0,2.1151605
-8.0,140.0,12.0,2.1620083
-8.0,142.0,12.0,2.0750408
-8.0,144.0,12.0,2.1106627
-8.0,146.0,12.0,2.0937078
-8.0,148.0,12.0,2.0835109
-8.0,150.0,12.0,2.1123748
-8.0,152.0,12.0,2.0938644
-8.0,154.0,12.0,2.061483
-8.0,156.0,12.0,2.098821
-8.0,158.0,12.0,2.1632917
-8.0,160.0,12.0,2.165373
-8.0,162.0,12.0,2.1741257
-8.0,164.0,12.0,2.1425054
-8.0,166.0,12.0,2.144507
-8.0,168.0,12.0,2.182963
-8.0,170.0,12.0,2.2182784
-8.0,172.0,12.0,2.3240325
-8.0,174.0,12.0,2.3632095
-8.0,176.0,12.0,2.3651392
-8.0,178.0,12.0,2.2814026
-8.0,180.0,12.0,2.2434664
-6.0,-180.0,12.0,2.1490653
-6.0,-178.0,12.0,2.161741
-6.0,-176.0,12.0,2.1336524
-6.0,-174.0,12.0,2.143412
-6.0,-172.0,12.0,2.2263536
-6.0,-170.0,12.0,2.1737213
-6.0,-168.0,12.0,2.1009226
-6.0,-166.0,12.0,2.0675528
-6.0,-164.0,12.0,2.031698
-6.0,-162.0,12.0,2.03739
-6.0,-160.0,12.0,2.192319
-6.0,-158.0,12.0,2.3128262
-6.0,-156.0,12.0,2.3294442
-6.0,-154.0,12.0,2.2614353
-6.0,-152.0,12.0,2.288773
-6.0,-150.0,12.0,2.220567
-6.0,-148.0,12.0,2.0803258
-6.0,-146.0,12.0,2.0589824
-6.0,-144.0,12.0,2.0488591
-6.0,-142.0,12.0,2.1541107
-6.0,-140.0,12.0,2.248449
-6.0,-138.0,12.0,2.203961
-6.0,-136.0,12.0,2.1484666
-6.0,-134.0,12.0,2.053034
-6.0,-132.0,12.0,2.1262577
-6.0,-130.0,12.0,2.1912463
-6.0,-128.0,12.0,2.1919863
-6.0,-126.0,12.0,2.1681392
-6.0,-124.0,12.0,2.0991457
-6.0,-122.0,12.0,2.1307907
-6.0,-120.0,12.0,2.2516325
-6.0,-118.0,12.0,2.2975278
-6.0,-116.0,12.0,2.2315223
-6.0,-114.0,12.0,2.240963
-6.0,-112.0,12.0,2.253477
-6.0,-110.0,12.0,2.1967392
-6.0,-108.0,12.0,2.1878574
-6.0,-106.0,12.0,2.25501
-6.0,-104.0,12.0,2.289487
-6.0,-102.0,12.0,2.2404206
-6.0,-100.0,12.0,2.2579644
-6.0,-98.0,12.0,2.431219
-6.0,-96.0,12.0,2.481967
-6.0,-94.0,12.0,2.3729076
-6.0,-92.0,12.0,2.389458
-6.0,-90.0,12.0,2.3192816
-6.0,-88.0,12.0,2.3745844
-6.0,-86.0,12.0,2.4771414
-6.0,-84.0,12.0,2.4382098
-6.0,-82.0,12.0,2.449059
-6.0,-80.0,12.0,2.38043
-6.0,-78.0,12.0,2.3728898
-6.0,-76.0,12.0,2.371787
-6.0,-74.0,12.0,2.3676958
-6.0,-72.0,12.0,2.2833593
-6.0,-70.0,12.0,2.3264208
-6.0,-68.0,12.0,2.476002
-6.0,-66.0,12.0,2.5009518
-6.0,-64.0,12.0,2.431565
-6.0,-62.0,12.0,2.373719
-6.0,-60.0,12.0,2.3637316
-6.0,-58.0,12.0,2.3511336
-6.0,-56.0,12.0,2.2523582
-6.0,-54.0,12.0,2.2167723
-6.0,-52.0,12.0,2.2717676
-6.0,-50.0,12.0,2.3327885
-6.0,-48.0,12.0,2.280753
-6.0,-46.0,12.0,2.255713
-6.0,-44.0,12.0,2.279184
-6.0,-42.0,12.0,2.2849762
-6.0,-40.0,12.0,2.4038541
-6.0,-38.0,12.0,2.4516091
-6.0,-36.0,12.0,2.3273387
-6.0,-34.0,12.0,2.2032762
-6.0,-32.0,12.0,2.224552
-6.0,-30.0,12.0,2.3717582
-6.0,-28.0,12.0,2.4626942
-6.0,-26.0,12.0,2.4895515
-6.0,-24.0,12.0,2.565978
-6.0,-22.0,12.0,2.521926
-6.0,-20.0,12.0,2.3836977
-6.0,-18.0,12.0,2.2651374
-6.0,-16.0,12.0,2.2296557
-6.0,-14.0,12.0,2.2508743
-6.0,-12.0,12.0,2.3591735
-6.0,-10.0,12.0,2.4131482
-6.0,-8.0,12.0,2.41487
-6.0,-6.0,12.0,2.4130714
-6.0,-4.0,12.0,2.3487976
-6.0,-2.0,12.0,2.3300002
-6.0,0.0,12.0,2.380652
-6.0,2.0,12.0,2.470947
-6.0,4.0,12.0,2.5129268
-6.0,6.0,12.0,2.500184
-6.0,8.0,12.0,2.4871714
-6.0,10.0,12.0,2.3573518
-6.0,12.0,12.0,2.234599
-6.0,14.0,12.0,2.181568
-6.0,16.0,12.0,2.2059016
-6.0,18.0,12.0,2.23047
-6.0,20.0,12.0,2.305653
-6.0,22.0,12.0,2.359613
-6.0,24.0,12.0,2.335603
-6.0,26.0,12.0,2.2499452
-6.0,28.0,12.0,2.2300594
-6.0,30.0,12.0,2.257013
-6.0,32.0,12.0,2.1700256
-6.0,34.0,12.0,2.1245236
-6.0,36.0,12.0,2.166185
-6.0,38.0,12.0,2.2088387
-6.0,40.0,12.0,2.2345533
-6.0,42.0,12.0,2.1122544
-6.0,44.0,12.0,2.0470424
-6.0,46.0,12.0,2.031502
-6.0,48.0,12.0,2.0294778
-6.0,50.0,12.0,2.1590934
-6.0,52.0,12.0,2.123241
-6.0,54.0,12.0,1.9597849
-6.0,56.0,12.0,1.9471267
-6.0,58.0,12.0,2.0502725
-6.0,60.0,12.0,2.0768664
-6.0,62.0,12.0,2.0115786
-6.0,64.0,12.0,2.0315225
-6.0,66.0,12.0,2.1840322
-6.0,68.0,12.0,2.1879728
-6.0,70.0,12.0,2.0334747
-6.0,72.0,12.0,2.0104222
-6.0,74.0,12.0,2.0524523
-6.0,76.0,12.0,2.0775218
-6.0,78.0,12.0,2.0110435
-6.0,80.0,12.0,2.003657
-6.0,82.0,12.0,2.2061827
-6.0,84.0,12.0,2.2526865
-6.0,86.0,12.0,2.0504267
-6.0,88.0,12.0,1.9969167
-6.0,90.0,12.0,2.0109174
-6.0,92.0,12.0,1.9248213
-6.0,94.0,12.0,2.0004096
-6.0,96.0,12.0,2.2281506
-6.0,98.0,12.0,2.2003448
-6.0,100.0,12.0,1.9843338
-6.0,102.0,12.0,1.9791485
-6.0,104.0,12.0,2.0467918
-6.0,106.0,12.0,2.0628066
-6.0,108.0,12.0,1.972524
-6.0,110.0,12.0,1.9757588
-6.0,112.0,12.0,2.1061816
-6.0,114.0,12.0,2.0672977
-6.0,116.0,12.0,2.0151136
-6.0,118.0,12.0,2.0533745
-6.0,120.0,12.0,2.0140917
-6.0,122.0,12.0,1.9391825
-6.0,124.0,12.0,1.9812882
-6.0,126.0,12.0,1.9741443
-6.0,128.0,12.0,2.0211618
-6.0,130.0,12.0,2.034266
-6.0,132.0,12.0,1.9534837
-6.0,134.0,12.0,2.0089357
-6.0,136.0,12.0,1.9917253
-6.0,138.0,12.0,2.019138
-6.0,140.0,12.0,2.0907106
-6.0,142.0,12.0,2.0140312
-6.0,144.0,12.0,2.0826688
-6.0,146.0,12.0,2.076972
-6.0,148.0,12.0,2.0361977
-6.0,150.0,12.0,2.0246134
-6.0,152.0,12.0,1.9960842
-6.0,154.0,12.0,1.9398869
-6.0,156.0,12.0,1.9868239
-6.0,158.0,12.0,2.0810397
-6.0,160.0,12.0,2.1029603
-6.0,162.0,12.0,2.0957553
-6.0,164.0,12.0,2.0798342
-6.0,166.0,12.0,2.0765433
-6.0,168.0,12.0,2.081283
-6.0,170.0,12.0,2.1481714
-6.0,172.0,12.0,2.2980597
-6.0,174.0,12.0,2.3534994
-6.0,176.0,12.0,2.3268523
-6.0,178.0,12.0,2.2586212
-6.0,180.0,12.0,2.1490653
-4.0,-180.0,12.0,1.8803947
-4.0,-178.0,12.0,1.8889263
-4.0,-176.0,12.0,1.900937
-4.0,-174.0,12.0,1.9529958
-4.0,-172.0,12.0,1.9943451
-4.0,-170.0,12.0,1.898748
-4.0,-168.0,12.0,1.855771
-4.0,-166.0,12.0,1.8796525
-4.0,-164.0,12.0,1.873478
-4.0,-162.0,12.0,1.8106074
-4.0,-160.0,12.0,1.904156
-4.0,-158.0,12.0,2.0154393
-4.0,-156.0,12.0,2.039108
-4.0,-154.0,12.0,1.9715146
-4.0,-152.0,12.0,1.9668765
-4.0,-150.0,12.0,1.9493905
-4.0,-148.0,12.0,1.856508
-4.0,-146.0,12.0,1.7811333
-4.0,-144.0,12.0,1.7896659
-4.0,-142.0,12.0,1.8802724
-4.0,-140.0,12.0,1.9499248
-4.0,-138.0,12.0,1.9424163
-4.0,-136.0,12.0,1.925035
-4.0,-134.0,12.0,1.8788466
-4.0,-132.0,12.0,1.9632291
-4.0,-130.0,12.0,2.0028713
-4.0,-128.0,12.0,2.0164669
-4.0,-126.0,12.0,1.9788762
-4.0,-124.0,12.0,1.9210206
-4.0,-122.0,12.0,1.9487947
-4.0,-120.0,12.0,2.0579402
-4.0,-118.0,12.0,2.080205
-4.0,-116.0,12.0,2.0670679
-4.0,-114.0,12.0,2.066763
-4.0,-112.0,12.0,2.1322193
-4.0,-110.0,12.0,2.112368
-4.0,-108.0,12.0,1.9889709
-4.0,-106.0,12.0,1.983805
-4.0,-104.0,12.0,2.1078832
-4.0,-102.0,12.0,2.1171443
-4.0,-100.0,12.0,2.1629791
-4.0,-98.0,12.0,2.312943
-4.0,-96.0,12.0,2.3693695
-4.0,-94.0,12.0,2.2319608
-4.0,-92.0,12.0,2.1302626
-4.0,-90.0,12.0,2.157268
-4.0,-88.0,12.0,2.1919234
-4.0,-86.0,12.0,2.2257502
-4.0,-84.0,12.0,2.2555933
-4.0,-82.0,12.0,2.2614298
-4.0,-80.0,12.0,2.1762412
-4.0,-78.0,12.0,2.1453257
-4.0,-76.0,12.0,2.12093
-4.0,-74.0,12.0,2.137817
-4.0,-72.0,12.0,2.1339324
-4.0,-70.0,12.0,2.2144117
-4.0,-68.0,12.0,2.387373
-4.0,-66.0,12.0,2.4396985
-4.0,-64.0,12.0,2.3088708
-4.0,-62.0,12.0,2.2150724
-4.0,-60.0,12.0,2.235057
-4.0,-58.0,12.0,2.1935048
-4.0,-56.0,12.0,2.0765646
-4.0,-54.0,12.0,2.0350695
-4.0,-52.0,12.0,2.1116138
-4.0,-50.0,12.0,2.193711
-4.0,-48.0,12.0,2.1234274
-4.0,-46.0,12.0,2.017111
-4.0,-44.0,12.0,2.0496771
-4.0,-42.0,12.0,2.0875711
-4.0,-40.0,12.0,2.1683183
-4.0,-38.0,12.0,2.2402465
-4.0,-36.0,12.0,2.1456802
-4.0,-34.0,12.0,2.0222178
-4.0,-32.0,12.0,2.0579965
-4.0,-30.0,12.0,2.1796846
-4.0,-28.0,12.0,2.2640226
-4.0,-26.0,12.0,2.30813
-4.0,-24.0,12.0,2.3632665
-4.0,-22.0,12.0,2.2678332
-4.0,-20.0,12.0,2.1923494
-4.0,-18.0,12.0,2.070502
-4.0,-16.0,12.0,2.0480287
-4.0,-14.0,12.0,2.0603292
-4.0,-12.0,12.0,2.1794074
-4.0,-10.0,12.0,2.1774313
-4.0,-8.0,12.0,2.1746979
-4.0,-6.0,12.0,2.2629547
-4.0,-4.0,12.0,2.2262852
-4.0,-2.0,12.0,2.1514702
-4.0,0.0,12.0,2.188534
-4.0,2.0,12.0,2.302815
-4.0,4.0,12.0,2.3194637
-4.0,6.0,12.0,2.2776518
-4.0,8.0,12.0,2.2510207
-4.0,10.0,12.0,2.121516
-4.0,12.0,12.0,2.0031896
-4.0,14.0,12.0,1.959687
-4.0,16.0,12.0,1.9773178
-4.0,18.0,12.0,2.0331304
-4.0,20.0,12.0,2.0744398
-4.0,22.0,12.0,2.1239922
-4.0,24.0,12.0,2.1388626
-4.0,26.0,12.0,2.0442595
-4.0,28.0,12.0,2.0347676
-4.0,30.0,12.0,2.0109863
-4.0,32.0,12.0,1.965142
-4.0,34.0,12.0,1.9232018
-4.0,36.0,12.0,1.9381052
-4.0,38.0,12.0,1.9814074
-4.0,40.0,12.0,1.9509659
-4.0,42.0,12.0,1.8464506
-4.0,44.0,12.0,1.8600848
-4.0,46.0,12.0,1.8605219
-4.0,48.0,12.0,1.845567
-4.0,50.0,12.0,1.8867636
-4.0,52.0,12.0,1.9280844
-4.0,54.0,12.0,1.8290281
-4.0,56.0,12.0,1.8027103
-4.0,58.0,12.0,1.8252236
-4.0,60.0,12.0,1.8465875
-4.0,62.0,12.0,1.8369993
-4.0,64.0,12.0,1.819475
-4.0,66.0,12.0,1.9079479
-4.0,68.0,12.0,1.9281443
-4.0,70.0,12.0,1.8324374
-4.0,72.0,12.0,1.826393
-4.0,74.0,12.0,1.856569
-4.0,76.0,12.0,1.8781222
-4.0,78.0,12.0,1.8370835
-4.0,80.0,12.0,1.7968513
-4.0,82.0,12.0,1.9922704
-4.0,84.0,12.0,1.9662257
-4.0,86.0,12.0,1.8216147
-4.0,88.0,12.0,1.804272
-4.0,90.0,12.0,1.7835703
-4.0,92.0,12.0,1.7544703
-4.0,94.0,12.0,1.7584667
-4.0,96.0,12.0,1.8988886
-4.0,98.0,12.0,1.922285
-4.0,100.0,12.0,1.791198
-4.0,102.0,12.0,1.8323919
-4.0,104.0,12.0,1.8654194
-4.0,106.0,12.0,1.8677261
-4.0,108.0,12.0,1.8385487
-4.0,110.0,12.0,1.8280249
-4.0,112.0,12.0,1.9011879
-4.0,114.0,12.0,1.8910813
-4.0,116.0,12.0,1.8806432
-4.0,118.0,12.0,1.8788601
-4.0,120.0,12.0,1.8069913
-4.0,122.0,12.0,1.8265653
-4.0,124.0,12.0,1.8480458
-4.0,126.0,12.0,1.8323157
-4.0,128.0,12.0,1.8465227
-4.0,130.0,12.0,1.8239577
-4.0,132.0,12.0,1.811082
-4.0,134.0,12.0,1.8502244
-4.0,136.0,12.0,1.8396341
-4.0,138.0,12.0,1.8121614
-4.0,140.0,12.0,1.8315741
-4.0,142.0,12.0,1.8206838
-4.0,144.0,12.0,1.8836645
-4.0,146.0,12.0,1.895885
-4.0,148.0,12.0,1.8927484
-4.0,150.0,12.0,1.8951302
-4.0,152.0,12.0,1.865584
-4.0,154.0,12.0,1.8142622
-4.0,156.0,12.0,1.8403414
-4.0,158.0,12.0,1.8918933
-4.0,160.0,12.0,1.8812227
-4.0,162.0,12.0,1.90206
-4.0,164.0,12.0,1.8902429
-4.0,166.0,12.0,1.8821688
-4.0,168.0,12.0,1.8120323
-4.0,170.0,12.0,1.8593011
-4.0,172.0,12.0,1.9963521
-4.0,174.0,12.0,2.0019963
-4.0,176.0,12.0,1.9166645
-4.0,178.0,12.0,1.8885595
-4.0,180.0,12.0,1.8803947
-2.0,-180.0,12.0,1.9111848
-2.0,-178.0,12.0,1.8856336
-2.0,-176.0,12.0,1.8923908
-2.0,-174.0,12.0,1.9799241
-2.0,-172.0,12.0,2.0222886
-2.0,-170.0,12.0,1.9198954
-2.0,-168.0,12.0,1.8730451
-2.0,-166.0,12.0,1.9187585
-2.0,-164.0,12.0,1.8791319
-2.0,-162.0,12.0,1.8000582
-2.0,-160.0,12.0,1.884677
-2.0,-158.0,12.0,1.963827
-2.0,-156.0,12.0,2.0107112
-2.0,-154.0,12.0,1.9683338
-2.0,-152.0,12.0,1.9600266
-2.0,-150.0,12.0,1.9374857
-2.0,-148.0,12.0,1.8588971
-2.0,-146.0,12.0,1.7786672
-2.0,-144.0,12.0,1.7704091
-2.0,-142.0,12.0,1.8794748
-2.0,-140.0,12.0,1.9653109
-2.0,-138.0,12.0,1.9468861
-2.0,-136.0,12.0,1.9266548
-2.0,-134.0,12.0,1.9193386
-2.0,-132.0,12.0,1.9811591
-2.0,-130.0,12.0,2.0066514
-2.0,-128.0,12.0,2.0160644
-2.0,-126.0,12.0,1.9769711
-2.0,-124.0,12.0,1.9345219
-2.0,-122.0,12.0,1.9640448
-2.0,-120.0,12.0,2.0834851
-2.0,-118.0,12.0,2.1296418
-2.0,-116.0,12.0,2.127014
-2.0,-114.0,12.0,2.1256251
-2.0,-112.0,12.0,2.1802378
-2.0,-110.0,12.0,2.16056
-2.0,-108.0,12.0,2.0549245
-2.0,-106.0,12.0,2.082205
-2.0,-104.0,12.0,2.1327183
-2.0,-102.0,12.0,2.1291144
-2.0,-100.0,12.0,2.1830373
-2.0,-98.0,12.0,2.3271234
-2.0,-96.0,12.0,2.3701353
-2.0,-94.0,12.0,2.2302094
-2.0,-92.0,12.0,2.1707191
-2.0,-90.0,12.0,2.199266
-2.0,-88.0,12.0,2.197073
-2.0,-86.0,12.0,2.2707407
-2.0,-84.0,12.0,2.2960074
-2.0,-82.0,12.0,2.295018
-2.0,-80.0,12.0,2.2267413
-2.0,-78.0,12.0,2.1950567
-2.0,-76.0,12.0,2.168741
-2.0,-74.0,12.0,2.1459506
-2.0,-72.0,12.0,2.142415
-2.0,-70.0,12.0,2.2388954
-2.0,-68.0,12.0,2.3895738
-2.0,-66.0,12.0,2.4557095
-2.0,-64.0,12.0,2.3379624
-2.0,-62.0,12.0,2.2186878
-2.0,-60.0,12.0,2.249573
-2.0,-58.0,12.0,2.1823688
-2.0,-56.0,12.0,2.118114
-2.0,-54.0,12.0,2.0819595
-2.0,-52.0,12.0,2.1551976
-2.0,-50.0,12.0,2.231998
-2.0,-48.0,12.0,2.1674137
-2.0,-46.0,12.0,2.0760944
-2.0,-44.0,12.0,2.1019325
-2.0,-42.0,12.0,2.1406066
-2.0,-40.0,12.0,2.2486
-2.0,-38.0,12.0,2.281829
-2.0,-36.0,12.0,2.1727166
-2.0,-34.0,12.0,2.0797656
-2.0,-32.0,12.0,2.0867534
-2.0,-30.0,12.0,2.2158175
-2.0,-28.0,12.0,2.2961843
-2.0,-26.0,12.0,2.3565745
-2.0,-24.0,12.0,2.3777635
-2.0,-22.0,12.0,2.3135378
-2.0,-20.0,12.0,2.1877394
-2.0,-18.0,12.0,2.0788684
-2.0,-16.0,12.0,2.0452464
-2.0,-14.0,12.0,2.0304034
-2.0,-12.0,12.0,2.1502624
-2.0,-10.0,12.0,2.1675758
-2.0,-8.0,12.0,2.172259
-2.0,-6.0,12.0,2.2136467
-2.0,-4.0,12.0,2.202569
-2.0,-2.0,12.0,2.1204643
-2.0,0.0,12.0,2.1561642
-2.0,2.0,12.0,2.2759867
-2.0,4.0,12.0,2.2611876
-2.0,6.0,12.0,2.254817
-2.0,8.0,12.0,2.2293565
-2.0,10.0,12.0,2.0918908
-2.0,12.0,12.0,1.9780475
-2.0,14.0,12.0,1.9196018
-2.0,16.0,12.0,1.9409767
-2.0,18.0,12.0,2.0253546
-2.0,20.0,12.0,2.0608919
-2.0,22.0,12.0,2.0908284
-2.0,24.0,12.0,2.1011543
-2.0,26.0,12.0,2.0079978
-2.0,28.0,12.0,1.9718798
-2.0,30.0,12.0,1.959016
-2.0,32.0,12.0,1.946258
-2.0,34.0,12.0,1.9235246
-2.0,36.0,12.0,1.9244214
-2.0,38.0,12.0,1.9476606
-2.0,40.0,12.0,1.9237729
-2.0,42.0,12.0,1.842364
-2.0,44.0,12.0,1.8456582
-2.0,46.0,12.0,1.8721749
-2.0,48.0,12.0,1.8514524
-2.0,50.0,12.0,1.8683658
-2.0,52.0,12.0,1.9233696
-2.0,54.0,12.0,1.868822
-2.0,56.0,12.0,1.847092
-2.0,58.0,12.0,1.8566905
-2.0,60.0,12.0,1.8558426
-2.0,62.0,12.0,1.8487884
-2.0,64.0,12.0,1.8039773
-2.0,66.0,12.0,1.8797249
-2.0,68.0,12.0,1.8999393
-2.0,70.0,12.0,1.8027031
-2.0,72.0,12.0,1.8314736
-2.0,74.0,12.0,1.8786751
-2.0,76.0,12.0,1.9069957
-2.0,78.0,12.0,1.8598363
-2.0,80.0,12.0,1.8385415
-2.0,82.0,12.0,1.9899023
-2.0,84.0,12.0,1.9678627
-2.0,86.0,12.0,1.8465146
-2.0,88.0,12.0,1.8399166
-2.0,90.0,12.0,1.7965779
-2.0,92.0,12.0,1.7595966
-2.0,94.0,12.0,1.7768027
-2.0,96.0,12.0,1.8615584
-2.0,98.0,12.0,1.8802179
-2.0,100.0,12.0,1.7981896
-2.0,102.0,12.0,1.8382617
-2.0,104.0,12.0,1.8784097
-2.0,106.0,12.0,1.8751738
-2.0,108.0,12.0,1.8284981
-2.0,110.0,12.0,1.8360928
-2.0,112.0,12.0,1.9058306
-2.0,114.0,12.0,1.9139482
-2.0,116.0,12.0,1.9329665
-2.0,118.0,12.0,1.893096
-2.0,120.0,12.0,1.8433619
-2.0,122.0,12.0,1.8455526
-2.0,124.0,12.0,1.8423392
-2.0,126.0,12.0,1.8246123
-2.0,128.0,12.0,1.8237165
-2.0,130.0,12.0,1.7952074
-2.0,132.0,12.0,1.7968706
-2.0,134.0,12.0,1.8457357
-2.0,136.0,12.0,1.8438597
-2.0,138.0,12.0,1.8285784
-2.0,140.0,12.0,1.8364997
-2.0,142.0,12.0,1.8614335
-2.0,144.0,12.0,1.9173445
-2.0,146.0,12.0,1.9026009
-2.0,148.0,12.0,1.8847932
-2.0,150.0,12.0,1.9105773
-2.0,152.0,12.0,1.8936869
-2.0,154.0,12.0,1.86203
-2.0,156.0,12.0,1.92596
-2.0,158.0,12.0,1.9567095
-2.0,160.0,12.0,1.9254762
-2.0,162.0,12.0,1.9101206
-2.0,164.0,12.0,1.9203674
-2.0,166.0,12.0,1.9278748
-2.0,168.0,12.0,1.8513209
-2.0,170.0,12.0,1.8730336
-2.0,172.0,12.0,2.0309217
-2.0,174.0,12.0,1.9996995
-2.0,176.0,12.0,1.9024057
-2.0,178.0,12.0,1.8798616
-2.0,180.0,12.0,1.9111848
0.0,-180.0,12.0,1.9444346
0.0,-178.0,12.0,1.9353238
0.0,-176.0,12.0,1.9293444
0.0,-174.0,12.0,2.0228207
0.0,-172.0,12.0,2.073204
0.0,-170.0,12.0,1.9757502
0.0,-168.0,12.0,1.932098
0.0,-166.0,12.0,1.9530112
0.0,-164.0,12.0,1.9175451
0.0,-162.0,12.0,1.8696145
0.0,-160.0,12.0,1.985929
0.0,-158.0,12.0,2.0775619
0.0,-156.0,12.0,2.10475
0.0,-154.0,12.0,2.0372717
0.0,-152.0,12.0,2.0433245
0.0,-150.0,12.0,2.0146956
0.0,-148.0,12.0,1.9056454
0.0,-146.0,12.0,1.8746643
0.0,-144.0,12.0,1.8390718
0.0,-142.0,12.0,1.9540869
0.0,-140.0,12.0,2.032955
0.0,-138.0,12.0,2.051066
0.0,-136.0,12.0,2.016992
0.0,-134.0,12.0,1.9600726
0.0,-132.0,12.0,2.0132859
0.0,-130.0,12.0,2.061482
0.0,-128.0,12.0,2.0881896
0.0,-126.0,12.0,2.064985
0.0,-124.0,12.0,1.9562569
0.0,-122.0,12.0,1.9949528
0.0,-120.0,12.0,2.0944335
0.0,-118.0,12.0,2.1263747
0.0,-116.0,12.0,2.09716
0.0,-114.0,12.0,2.0890694
0.0,-112.0,12.0,2.1085117
0.0,-110.0,12.0,2.1332154
0.0,-108.0,12.0,2.1029127
0.0,-106.0,12.0,2.116546
0.0,-104.0,12.0,2.2086048
0.0,-102.0,12.0,2.1809163
0.0,-100.0,12.0,2.1747487
0.0,-98.0,12.0,2.3028135
0.0,-96.0,12.0,2.3665438
0.0,-94.0,12.0,2.2418396
0.0,-92.0,12.0,2.168471
0.0,-90.0,12.0,2.2029269
0.0,-88.0,12.0,2.2579408
0.0,-86.0,12.0,2.3238676
0.0,-84.0,12.0,2.302178
0.0,-82.0,12.0,2.3033512
0.0,-80.0,12.0,2.23518
0.0,-78.0,12.0,2.20402
0.0,-76.0,12.0,2.243215
0.0,-74.0,12.0,2.2925708
0.0,-72.0,12.0,2.2217398
0.0,-70.0,12.0,2.229072
0.0,-68.0,12.0,2.3265872
0.0,-66.0,12.0,2.3905163
0.0,-64.0,12.0,2.2481709
0.0,-62.0,12.0,2.2109406
0.0,-60.0,12.0,2.2080162
0.0,-58.0,12.0,2.1864288
0.0,-56.0,12.0,2.1098654
0.0,-54.0,12.0,2.0784802
0.0,-52.0,12.0,2.1439846
0.0,-50.0,12.0,2.177653
0.0,-48.0,12.0,2.113567
0.0,-46.0,12.0,2.0658174
0.0,-44.0,12.0,2.0787091
0.0,-42.0,12.0,2.0581543
0.0,-40.0,12.0,2.1629047
0.0,-38.0,12.0,2.2248638
0.0,-36.0,12.0,2.1337073
0.0,-34.0,12.0,2.000833
0.0,-32.0,12.0,2.0370069
0.0,-30.0,12.0,2.146376
0.0,-28.0,12.0,2.225073
0.0,-26.0,12.0,2.2720356
0.0,-24.0,12.0,2.2882752
0.0,-22.0,12.0,2.2086363
0.0,-20.0,12.0,2.1528094
0.0,-18.0,12.0,2.0300465
0.0,-16.0,12.0,1.9833345
0.0,-14.0,12.0,2.0170457
0.0,-12.0,12.0,2.1286042
0.0,-10.0,12.0,2.1315212
0.0,-8.0,12.0,2.161304
0.0,-6.0,12.0,2.1743689
0.0,-4.0,12.0,2.1307602
0.0,-2.0,12.0,2.0968895
0.0,0.0,12.0,2.1197073
0.0,2.0,12.0,2.2204797
0.0,4.0,12.0,2.2040033
0.0,6.0,12.0,2.1473196
0.0,8.0,12.0,2.1910748
0.0,10.0,12.0,2.0807118
0.0,12.0,12.0,1.9583548
0.0,14.0,12.0,1.9144562
0.0,16.0,12.0,1.9216626
0.0,18.0,12.0,1.9860067
0.0,20.0,12.0,2.0446918
0.0,22.0,12.0,2.072576
0.0,24.0,12.0,2.092024
0.0,26.0,12.0,2.0191517
0.0,28.0,12.0,1.9987235
0.0,30.0,12.0,2.0053384
0.0,32.0,12.0,1.9459981
0.0,34.0,12.0,1.8806204
0.0,36.0,12.0,1.8821276
0.0,38.0,12.0,1.9537412
0.0,40.0,12.0,1.9651941
0.0,42.0,12.0,1.8429573
0.0,44.0,12.0,1.7925259
0.0,46.0,12.0,1.7993927
0.0,48.0,12.0,1.8269436
0.0,50.0,12.0,1.9136676
0.0,52.0,12.0,1.9099092
0.0,54.0,12.0,1.8395184
0.0,56.0,12.0,1.8248018
0.0,58.0,12.0,1.8778404
0.0,60.0,12.0,1.8767658
0.0,62.0,12.0,1.8108386
0.0,64.0,12.0,1.7937276
0.0,66.0,12.0,1.9147284
0.0,68.0,12.0,1.9224532
0.0,70.0,12.0,1.8440461
0.0,72.0,12.0,1.8276557
0.0,74.0,12.0,1.8451114
0.0,76.0,12.0,1.8894799
0.0,78.0,12.0,1.8475794
0.0,80.0,12.0,1.8229858
0.0,82.0,12.0,1.9774508
0.0,84.0,12.0,1.9759783
0.0,86.0,12.0,1.8305292
0.0,88.0,12.0,1.8299023
0.0,90.0,12.0,1.8008723
0.0,92.0,12.0,1.7392812
0.0,94.0,12.0,1.7538191
0.0,96.0,12.0,1.9205503
0.0,98.0,12.0,1.9279008
0.0,100.0,12.0,1.8028884
0.0,102.0,12.0,1.8057559
0.0,104.0,12.0,1.8737148
0.0,106.0,12.0,1.9268355
0.0,108.0,12.0,1.8693434
0.0,110.0,12.0,1.8143884
0.0,112.0,12.0,1.8925531
0.0,114.0,12.0,1.8909885
0.0,116.0,12.0,1.8792576
0.0,118.0,12.0,1.8837355
0.0,120.0,12.0,1.8246346
0.0,122.0,12.0,1.8323311
0.0,124.0,12.0,1.8498328
0.0,126.0,12.0,1.7898577
0.0,128.0,12.0,1.8137915
0.0,130.0,12.0,1.8455075
0.0,132.0,12.0,1.7933203
0.0,134.0,12.0,1.8318504
0.0,136.0,12.0,1.8014061
0.0,138.0,12.0,1.8190818
0.0,140.0,12.0,1.8749969
0.0,142.0,12.0,1.8162053
0.0,144.0,12.0,1.8974366
0.0,146.0,12.0,1.8839155
0.0,148.0,12.0,1.868971
0.0,150.0,12.0,1.9006224
0.0,152.0,12.0,1.8253103
0.0,154.0,12.0,1.7797707
0.0,156.0,12.0,1.8414019
0.0,158.0,12.0,1.9235824
0.0,160.0,12.0,1.9210153
0.0,162.0,12.0,1.9314919
0.0,164.0,12.0,1.9483664
0.0,166.0,12.0,1.908823
0.0,168.0,12.0,1.8480593
0.0,170.0,12.0,1.9248328
0.0,172.0,12.0,2.1403337
0.0,174.0,12.0,2.1462357
0.0,176.0,12.0,2.0089045
0.0,178.0,12.0,1.9779763
0.0,180.0,12.0,1.9444346
2.0,-180.0,12.0,1.9409065
2.0,-178.0,12.0,1.9411696
2.0,-176.0,12.0,1.9557202
2.0,-174.0,12.0,2.0426872
2.0,-172.0,12.0,2.0618594
2.0,-170.0,12.0,1.981098
2.0,-168.0,12.0,1.945517
2.0,-166.0,12.0,1.9549205
2.0,-164.0,12.0,1.916474
2.0,-162.0,12.0,1.9128762
2.0,-160.0,12.0,1.9794286
2.0,-158.0,12.0,2.0618656
2.0,-156.0,12.0,2.0726764
2.0,-154.0,12.0,2.0333507
2.0,-152.0,12.0,2.0356045
2.0,-150.0,12.0,2.0469801
2.0,-148.0,12.0,1.9612764
2.0,-146.0,12.0,1.9434955
2.0,-144.0,12.0,1.910438
2.0,-142.0,12.0,2.007315
2.0,-140.0,12.0,2.1012845
2.0,-138.0,12.0,2.1344528
2.0,-136.0,12.0,2.0845788
2.0,-134.0,12.0,2.0055883
2.0,-132.0,12.0,2.0290802
2.0,-130.0,12.0,2.1524425
2.0,-128.0,12.0,2.2005951
2.0,-126.0,12.0,2.1933255
2.0,-124.0,12.0,2.0378337
2.0,-122.0,12.0,2.0152504
2.0,-120.0,12.0,2.1269922
2.0,-118.0,12.0,2.1777756
2.0,-116.0,12.0,2.1649415
2.0,-114.0,12.0,2.1064022
2.0,-112.0,12.0,2.1389692
2.0,-110.0,12.0,2.1918023
2.0,-108.0,12.0,2.1311643
2.0,-106.0,12.0,2.1621659
2.0,-104.0,12.0,2.32475
2.0,-102.0,12.0,2.2842774
2.0,-100.0,12.0,2.1890786
2.0,-98.0,12.0,2.3121321
2.0,-96.0,12.0,2.395946
2.0,-94.0,12.0,2.2681713
2.0,-92.0,12.0,2.2199144
2.0,-90.0,12.0,2.2310214
2.0,-88.0,12.0,2.250833
2.0,-86.0,12.0,2.290911
2.0,-84.0,12.0,2.2751656
2.0,-82.0,12.0,2.3059058
2.0,-80.0,12.0,2.269027
2.0,-78.0,12.0,2.1951008
2.0,-76.0,12.0,2.2379394
2.0,-74.0,12.0,2.3083177
2.0,-72.0,12.0,2.2870991
2.0,-70.0,12.0,2.234085
2.0,-68.0,12.0,2.3129544
2.0,-66.0,12.0,2.3651342
2.0,-64.0,12.0,2.2150698
2.0,-62.0,12.0,2.1369207
2.0,-60.0,12.0,2.158866
2.0,-58.0,12.0,2.1764746
2.0,-56.0,12.0,2.1306257
2.0,-54.0,12.0,2.0484402
2.0,-52.0,12.0,2.1378555
2.0,-50.0,12.0,2.1788678
2.0,-48.0,12.0,2.1146088
2.0,-46.0,12.0,2.0509334
2.0,-44.0,12.0,2.0328403
2.0,-42.0,12.0,2.033282
2.0,-40.0,12.0,2.0924187
2.0,-38.0,12.0,2.2339056
2.0,-36.0,12.0,2.1464329
2.0,-34.0,12.0,2.0292068
2.0,-32.0,12.0,2.0626957
2.0,-30.0,12.0,2.1637728
2.0,-28.0,12.0,2.2161796
2.0,-26.0,12.0,2.26992
2.0,-24.0,12.0,2.3129256
2.0,-22.0,12.0,2.2005384
2.0,-20.0,12.0,2.1395721
2.0,-18.0,12.0,2.0536401
2.0,-16.0,12.0,1.9940135
2.0,-14.0,12.0,2.0416214
2.0,-12.0,12.0,2.140766
2.0,-10.0,12.0,2.1955535
2.0,-8.0,12.0,2.2607315
2.0,-6.0,12.0,2.2754097
2.0,-4.0,12.0,2.2290704
2.0,-2.0,12.0,2.1505625
2.0,0.0,12.0,2.1625204
2.0,2.0,12.0,2.1774247
2.0,4.0,12.0,2.1296377
2.0,6.0,12.0,2.115607
2.0,8.0,12.0,2.1598525
2.0,10.0,12.0,2.1177816
2.0,12.0,12.0,1.9956425
2.0,14.0,12.0,1.9642416
2.0,16.0,12.0,1.9628253
2.0,18.0,12.0,1.9808315
2.0,20.0,12.0,2.0642405
2.0,22.0,12.0,2.1101341
2.0,24.0,12.0,2.156638
2.0,26.0,12.0,2.0912063
2.0,28.0,12.0,2.0553026
2.0,30.0,12.0,2.0589445
2.0,32.0,12.0,1.9495142
2.0,34.0,12.0,1.905656
2.0,36.0,12.0,1.9095031
2.0,38.0,12.0,1.9516945
2.0,40.0,12.0,1.9862294
2.0,42.0,12.0,1.828522
2.0,44.0,12.0,1.7577583
2.0,46.0,12.0,1.753032
2.0,48.0,12.0,1.7970364
2.0,50.0,12.0,1.9395573
2.0,52.0,12.0,1.9283919
2.0,54.0,12.0,1.8666126
2.0,56.0,12.0,1.8811117
2.0,58.0,12.0,1.9026362
2.0,60.0,12.0,1.9041497
2.0,62.0,12.0,1.8316528
2.0,64.0,12.0,1.8168626
2.0,66.0,12.0,1.9720503
2.0,68.0,12.0,2.007684
2.0,70.0,12.0,1.9306585
2.0,72.0,12.0,1.90337
2.0,74.0,12.0,1.9288253
2.0,76.0,12.0,1.927365
2.0,78.0,12.0,1.8629545
2.0,80.0,12.0,1.8813553
2.0,82.0,12.0,2.0706534
2.0,84.0,12.0,2.0260355
2.0,86.0,12.0,1.9157639
2.0,88.0,12.0,1.9040277
2.0,90.0,12.0,1.8918039
2.0,92.0,12.0,1.7962705
2.0,94.0,12.0,1.7935898
2.0,96.0,12.0,2.0104957
2.0,98.0,12.0,2.0009325
2.0,100.0,12.0,1.8423927
2.0,102.0,12.0,1.8301605
2.0,104.0,12.0,1.9137895
2.0,106.0,12.0,1.9615645
2.0,108.0,12.0,1.8823953
2.0,110.0,12.0,1.8988633
2.0,112.0,12.0,1.9599736
2.0,114.0,12.0,1.9449184
2.0,116.0,12.0,1.8916867
2.0,118.0,12.0,1.9206451
2.0,120.0,12.0,1.8900422
2.0,122.0,12.0,1.8817393
2.0,124.0,12.0,1.8606616
2.0,126.0,12.0,1.8796492
2.0,128.0,12.0,1.9571198
2.0,130.0,12.0,1.960853
2.0,132.0,12.0,1.8360977
2.0,134.0,12.0,1.8633895
2.0,136.0,12.0,1.8496224
2.0,138.0,12.0,1.921824
2.0,140.0,12.0,1.9610071
2.0,142.0,12.0,1.8527066
2.0,144.0,12.0,1.8483981
2.0,146.0,12.0,1.8607569
2.0,148.0,12.0,1.8964725
2.0,150.0,12.0,1.9511725
2.0,152.0,12.0,1.8501323
2.0,154.0,12.0,1.7903754
2.0,156.0,12.0,1.8811668
2.0,158.0,12.0,1.8883361
2.0,160.0,12.0,1.8743713
2.0,162.0,12.0,1.8939537
2.0,164.0,12.0,1.9245996
2.0,166.0,12.0,1.8840916
2.0,168.0,12.0,1.8231649
2.0,170.0,12.0,1.9055103
2.0,172.0,12.0,2.083552
2.0,174.0,12.0,2.094124
2.0,176.0,12.0,2.0503929
2.0,178.0,12.0,2.029127
2.0,180.0,12.0,1.9409065
4.0,-180.0,12.0,1.8889772
4.0,-178.0,12.0,1.8502138
4.0,-176.0,12.0,1.8729905
4.0,-174.0,12.0,1.976444
4.0,-172.0,12.0,1.987932
4.0,-170.0,12.0,1.9179915
4.0,-168.0,12.0,1.9039388
4.0,-166.0,12.0,1.8734108
4.0,-164.0,12.0,1.8313369
4.0,-162.0,12.0,1.7851005
4.0,-160.0,12.0,1.9239469
4.0,-158.0,12.0,2.0133166
4.0,-156.0,12.0,2.0289512
4.0,-154.0,12.0,1.9894534
4.0,-152.0,12.0,1.9497082
4.0,-150.0,12.0,1.9606087
4.0,-148.0,12.0,1.8830086
4.0,-146.0,12.0,1.8409631
4.0,-144.0,12.0,1.845239
4.0,-142.0,12.0,1.9419158
4.0,-140.0,12.0,2.000962
4.0,-138.0,12.0,2.0210886
4.0,-136.0,12.0,2.0070302
4.0,-134.0,12.0,1.9841522
4.0,-132.0,12.0,2.0294816
4.0,-130.0,12.0,2.0710087
4.0,-128.0,12.0,2.1253464
4.0,-126.0,12.0,2.099785
4.0,-124.0,12.0,2.0334895
4.0,-122.0,12.0,2.007269
4.0,-120.0,12.0,2.076334
4.0,-118.0,12.0,2.101623
4.0,-116.0,12.0,2.0835748
4.0,-114.0,12.0,2.0896785
4.0,-112.0,12.0,2.1495047
4.0,-110.0,12.0,2.1720028
4.0,-108.0,12.0,2.0846045
4.0,-106.0,12.0,2.118343
4.0,-104.0,12.0,2.2667384
4.0,-102.0,12.0,2.1990566
4.0,-100.0,12.0,2.232296
4.0,-98.0,12.0,2.3745914
4.0,-96.0,12.0,2.442275
4.0,-94.0,12.0,2.297727
4.0,-92.0,12.0,2.2046642
4.0,-90.0,12.0,2.2106667
4.0,-88.0,12.0,2.2348325
4.0,-86.0,12.0,2.253383
4.0,-84.0,12.0,2.2896776
4.0,-82.0,12.0,2.3383949
4.0,-80.0,12.0,2.238336
4.0,-78.0,12.0,2.190117
4.0,-76.0,12.0,2.1871064
4.0,-74.0,12.0,2.224187
4.0,-72.0,12.0,2.2035077
4.0,-70.0,12.0,2.2471085
4.0,-68.0,12.0,2.396125
4.0,-66.0,12.0,2.4487638
4.0,-64.0,12.0,2.3079524
4.0,-62.0,12.0,2.2222002
4.0,-60.0,12.0,2.2179816
4.0,-58.0,12.0,2.1819828
4.0,-56.0,12.0,2.0942183
4.0,-54.0,12.0,2.0189126
4.0,-52.0,12.0,2.1066005
4.0,-50.0,12.0,2.1315894
4.0,-48.0,12.0,2.1131012
4.0,-46.0,12.0,2.0561218
4.0,-44.0,12.0,1.9998348
4.0,-42.0,12.0,2.0016348
4.0,-40.0,12.0,2.058022
4.0,-38.0,12.0,2.1679873
4.0,-36.0,12.0,2.1090105
4.0,-34.0,12.0,2.0173512
4.0,-32.0,12.0,2.0188086
4.0,-30.0,12.0,2.1171477
4.0,-28.0,12.0,2.2105925
4.0,-26.0,12.0,2.304356
4.0,-24.0,12.0,2.3324208
4.0,-22.0,12.0,2.2006738
4.0,-20.0,12.0,2.1008284
4.0,-18.0,12.0,1.9446502
4.0,-16.0,12.0,1.9039422
4.0,-14.0,12.0,1.9448941
4.0,-12.0,12.0,2.0437129
4.0,-10.0,12.0,2.0680907
4.0,-8.0,12.0,2.137921
4.0,-6.0,12.0,2.1680434
4.0,-4.0,12.0,2.0949883
4.0,-2.0,12.0,2.0200453
4.0,0.0,12.0,2.0421002
4.0,2.0,12.0,2.1014097
4.0,4.0,12.0,2.0496569
4.0,6.0,12.0,2.051297
4.0,8.0,12.0,2.0734146
4.0,10.0,12.0,2.008952
4.0,12.0,12.0,1.8866324
4.0,14.0,12.0,1.8302038
4.0,16.0,12.0,1.8690553
4.0,18.0,12.0,1.9013323
4.0,20.0,12.0,1.9636282
4.0,22.0,12.0,2.0318646
4.0,24.0,12.0,2.0423174
4.0,26.0,12.0,1.9786704
4.0,28.0,12.0,1.9378725
4.0,30.0,12.0,1.928018
4.0,32.0,12.0,1.8780513
4.0,34.0,12.0,1.8420953
4.0,36.0,12.0,1.8488035
4.0,38.0,12.0,1.8961502
4.0,40.0,12.0,1.8688021
4.0,42.0,12.0,1.7381748
4.0,44.0,12.0,1.6631514
4.0,46.0,12.0,1.6689879
4.0,48.0,12.0,1.7017703
4.0,50.0,12.0,1.8145787
4.0,52.0,12.0,1.8251243
4.0,54.0,12.0,1.7587154
4.0,56.0,12.0,1.7006018
4.0,58.0,12.0,1.7624669
4.0,60.0,12.0,1.7891759
4.0,62.0,12.0,1.7613266
4.0,64.0,12.0,1.7198547
4.0,66.0,12.0,1.8467162
4.0,68.0,12.0,1.8821989
4.0,70.0,12.0,1.8055341
4.0,72.0,12.0,1.7630783
4.0,74.0,12.0,1.7859743
4.0,76.0,12.0,1.80957
4.0,78.0,12.0,1.7334666
4.0,80.0,12.0,1.7676562
4.0,82.0,12.0,1.9221982
4.0,84.0,12.0,1.9185666
4.0,86.0,12.0,1.7814119
4.0,88.0,12.0,1.779944
4.0,90.0,12.0,1.7385398
4.0,92.0,12.0,1.6424907
4.0,94.0,12.0,1.6797293
4.0,96.0,12.0,1.8614354
4.0,98.0,12.0,1.8639262
4.0,100.0,12.0,1.727832
4.0,102.0,12.0,1.7140567
4.0,104.0,12.0,1.7655265
4.0,106.0,12.0,1.7264332
4.0,108.0,12.0,1.6770124
4.0,110.0,12.0,1.7360905
4.0,112.0,12.0,1.8833954
4.0,114.0,12.0,1.9037002
4.0,116.0,12.0,1.8234425
4.0,118.0,12.0,1.821116
4.0,120.0,12.0,1.7637198
4.0,122.0,12.0,1.7083092
4.0,124.0,12.0,1.6924555
4.0,126.0,12.0,1.7295434
4.0,128.0,12.0,1.835319
4.0,130.0,12.0,1.8046244
4.0,132.0,12.0,1.6889482
4.0,134.0,12.0,1.678287
4.0,136.0,12.0,1.6701459
4.0,138.0,12.0,1.7782434
4.0,140.0,12.0,1.8002988
4.0,142.0,12.0,1.7656385
4.0,144.0,12.0,1.7370443
4.0,146.0,12.0,1.7781222
4.0,148.0,12.0,1.8331227
4.0,150.0,12.0,1.8414965
4.0,152.0,12.0,1.7978697
4.0,154.0,12.0,1.7826215
4.0,156.0,12.0,1.877713
4.0,158.0,12.0,1.8766702
4.0,160.0,12.0,1.8260965
4.0,162.0,12.0,1.8639133
4.0,164.0,12.0,1.863242
4.0,166.0,12.0,1.810542
4.0,168.0,12.0,1.7644047
4.0,170.0,12.0,1.8781058
4.0,172.0,12.0,1.9951646
4.0,174.0,12.0,1.9924644
4.0,176.0,12.0,1.9523066
4.0,178.0,12.0,1.9163493
4.0,180.0,12.0,1.8889772
6.0,-180.0,12.0,2.0655367
6.0,-178.0,12.0,2.013441
6.0,-176.0,12.0,2.039717
6.0,-174.0,12.0,2.1383498
6.0,-172.0,12.0,2.1772695
6.0,-170.0,12.0,2.114112
6.0,-168.0,12.0,2.081542
6.0,-166.0,12.0,2.0458884
6.0,-164.0,12.0,1.9712037
6.0,-162.0,12.0,1.972714
6.0,-160.0,12.0,2.1495636
6.0,-158.0,12.0,2.284112
6.0,-156.0,12.0,2.2783477
6.0,-154.0,12.0,2.2429142
6.0,-152.0,12.0,2.2127273
6.0,-150.0,12.0,2.1686506
6.0,-148.0,12.0,2.0805118
6.0,-146.0,12.0,2.0151572
6.0,-144.0,12.0,2.0326216
6.0,-142.0,12.0,2.144784
6.0,-140.0,12.0,2.2262588
6.0,-138.0,12.0,2.268002
6.0,-136.0,12.0,2.2629426
6.0,-134.0,12.0,2.2264144
6.0,-132.0,12.0,2.237088
6.0,-130.0,12.0,2.2130966
6.0,-128.0,12.0,2.2625859
6.0,-126.0,12.0,2.244137
6.0,-124.0,12.0,2.1293266
6.0,-122.0,12.0,2.1113422
6.0,-120.0,12.0,2.2929645
6.0,-118.0,12.0,2.3850384
6.0,-116.0,12.0,2.3423133
6.0,-114.0,12.0,2.279822
6.0,-112.0,12.0,2.3106809
6.0,-110.0,12.0,2.2895284
6.0,-108.0,12.0,2.1865265
6.0,-106.0,12.0,2.2561457
6.0,-104.0,12.0,2.3724215
6.0,-102.0,12.0,2.3028674
6.0,-100.0,12.0,2.3126986
6.0,-98.0,12.0,2.4759526
6.0,-96.0,12.0,2.5694883
6.0,-94.0,12.0,2.4224749
6.0,-92.0,12.0,2.3259103
6.0,-90.0,12.0,2.4064572
6.0,-88.0,12.0,2.4433455
6.0,-86.0,12.0,2.4818854
6.0,-84.0,12.0,2.487001
6.0,-82.0,12.0,2.4670644
6.0,-80.0,12.0,2.3948152
6.0,-78.0,12.0,2.3384886
6.0,-76.0,12.0,2.3807342
6.0,-74.0,12.0,2.3560977
6.0,-72.0,12.0,2.305349
6.0,-70.0,12.0,2.3458724
6.0,-68.0,12.0,2.4845343
6.0,-66.0,12.0,2.5470388
6.0,-64.0,12.0,2.4140549
6.0,-62.0,12.0,2.2996643
6.0,-60.0,12.0,2.2904768
6.0,-58.0,12.0,2.2839012
6.0,-56.0,12.0,2.2097118
6.0,-54.0,12.0,2.1315255
6.0,-52.0,12.0,2.214629
6.0,-50.0,12.0,2.2566957
6.0,-48.0,12.0,2.2168427
6.0,-46.0,12.0,2.1859765
6.0,-44.0,12.0,2.1545649
6.0,-42.0,12.0,2.1497505
6.0,-40.0,12.0,2.2235339
6.0,-38.0,12.0,2.2640936
6.0,-36.0,12.0,2.16388
6.0,-34.0,12.0,2.0576472
6.0,-32.0,12.0,2.0820591
6.0,-30.0,12.0,2.186857
6.0,-28.0,12.0,2.2768219
6.0,-26.0,12.0,2.3593564
6.0,-24.0,12.0,2.3766778
6.0,-22.0,12.0,2.267306
6.0,-20.0,12.0,2.1899717
6.0,-18.0,12.0,2.0678465
6.0,-16.0,12.0,2.0211926
6.0,-14.0,12.0,2.0463202
6.0,-12.0,12.0,2.163223
6.0,-10.0,12.0,2.1955714
6.0,-8.0,12.0,2.1785784
6.0,-6.0,12.0,2.208598
6.0,-4.0,12.0,2.1594875
6.0,-2.0,12.0,2.0670877
6.0,0.0,12.0,2.1284049
6.0,2.0,12.0,2.2286215
6.0,4.0,12.0,2.2381797
6.0,6.0,12.0,2.1938415
6.0,8.0,12.0,2.1911016
6.0,10.0,12.0,2.0956244
6.0,12.0,12.0,1.9881794
6.0,14.0,12.0,1.9553769
6.0,16.0,12.0,1.9866627
6.0,18.0,12.0,2.0213382
6.0,20.0,12.0,2.0719995
6.0,22.0,12.0,2.1072588
6.0,24.0,12.0,2.1313643
6.0,26.0,12.0,2.0521224
6.0,28.0,12.0,2.0173128
6.0,30.0,12.0,2.0312052
6.0,32.0,12.0,1.9526216
6.0,34.0,12.0,1.9050584
6.0,36.0,12.0,1.9215075
6.0,38.0,12.0,2.017681
6.0,40.0,12.0,2.0252175
6.0,42.0,12.0,1.8997748
6.0,44.0,12.0,1.7793609
6.0,46.0,12.0,1.7930986
6.0,48.0,12.0,1.8346289
6.0,50.0,12.0,1.9636973
6.0,52.0,12.0,1.9774017
6.0,54.0,12.0,1.8863713
6.0,56.0,12.0,1.825775
6.0,58.0,12.0,1.8952879
6.0,60.0,12.0,1.9157103
6.0,62.0,12.0,1.8719559
6.0,64.0,12.0,1.8505627
6.0,66.0,12.0,1.9344801
6.0,68.0,12.0,1.9700565
6.0,70.0,12.0,1.8753883
6.0,72.0,12.0,1.8112764
6.0,74.0,12.0,1.8639417
6.0,76.0,12.0,1.9103895
6.0,78.0,12.0,1.8523293
6.0,80.0,12.0,1.8530147
6.0,82.0,12.0,2.0217805
6.0,84.0,12.0,2.059348
6.0,86.0,12.0,1.8710907
6.0,88.0,12.0,1.8281924
6.0,90.0,12.0,1.850952
6.0,92.0,12.0,1.7434968
6.0,94.0,12.0,1.7840143
6.0,96.0,12.0,1.9424882
6.0,98.0,12.0,1.9772438
6.0,100.0,12.0,1.8536012
6.0,102.0,12.0,1.7852744
6.0,104.0,12.0,1.8386759
6.0,106.0,12.0,1.8722632
6.0,108.0,12.0,1.8069867
6.0,110.0,12.0,1.8488604
6.0,112.0,12.0,2.021269
6.0,114.0,12.0,2.0335515
6.0,116.0,12.0,1.9517059
6.0,118.0,12.0,1.9670678
6.0,120.0,12.0,1.8973771
6.0,122.0,12.0,1.8321447
6.0,124.0,12.0,1.7967863
6.0,126.0,12.0,1.8185201
6.0,128.0,12.0,1.9063026
6.0,130.0,12.0,1.9052802
6.0,132.0,12.0,1.8148096
6.0,134.0,12.0,1.7525411
6.0,136.0,12.0,1.7261149
6.0,138.0,12.0,1.8403744
6.0,140.0,12.0,1.9454433
6.0,142.0,12.0,1.9094751
6.0,144.0,12.0,1.9281806
6.0,146.0,12.0,1.9611632
6.0,148.0,12.0,1.968504
6.0,150.0,12.0,1.9585414
6.0,152.0,12.0,1.9322164
6.0,154.0,12.0,1.9383284
6.0,156.0,12.0,2.018128
6.0,158.0,12.0,2.0363867
6.0,160.0,12.0,2.0475411
6.0,162.0,12.0,2.0496356
6.0,164.0,12.0,1.9944507
6.0,166.0,12.0,1.9432328
6.0,168.0,12.0,1.9301672
6.0,170.0,12.0,2.0643973
6.0,172.0,12.0,2.22965
6.0,174.0,12.0,2.2724514
6.0,176.0,12.0,2.1930578
6.0,178.0,12.0,2.11915
6.0,180.0,12.0,2.0655367
8.0,-180.0,12.0,2.1547198
8.0,-178.0,12.0,2.1283882
8.0,-176.0,12.0,2.141473
8.0,-174.0,12.0,2.2405636
8.0,-172.0,12.0,2.2730203
8.0,-170.0,12.0,2.253843
8.0,-168.0,12.0,2.2005754
8.0,-166.0,12.0,2.0958357
8.0,-164.0,12.0,2.0402062
8.0,-162.0,12.0,2.0798883
8.0,-160.0,12.0,2.2721808
8.0,-158.0,12.0,2.403969
8.0,-156.0,12.0,2.4114017
8.0,-154.0,12.0,2.4056137
8.0,-152.0,12.0,2.390231
8.0,-150.0,12.0,2.2699165
8.0,-148.0,12.0,2.1793473
8.0,-146.0,12.0,2.185515
8.0,-144.0,12.0,2.1768174
8.0,-142.0,12.0,2.3075523
8.0,-140.0,12.0,2.3910038
8.0,-138.0,12.0,2.4268324
8.0,-136.0,12.0,2.4517133
8.0,-134.0,12.0,2.3972726
8.0,-132.0,12.0,2.38084
8.0,-130.0,12.0,2.3473382
8.0,-128.0,12.0,2.4282014
8.0,-126.0,12.0,2.3782742
8.0,-124.0,12.0,2.229588
8.0,-122.0,12.0,2.2140615
8.0,-120.0,12.0,2.4144363
8.0,-118.0,12.0,2.5385091
8.0,-116.0,12.0,2.4332168
8.0,-114.0,12.0,2.3795583
8.0,-112.0,12.0,2.41497
8.0,-110.0,12.0,2.4216268
8.0,-108.0,12.0,2.2848585
8.0,-106.0,12.0,2.3804145
8.0,-104.0,12.0,2.5744305
8.0,-102.0,12.0,2.5410042
8.0,-100.0,12.0,2.4843624
8.0,-98.0,12.0,2.6685882
8.0,-96.0,12.0,2.7606597
8.0,-94.0,12.0,2.585844
8.0,-92.0,12.0,2.5895386
8.0,-90.0,12.0,2.6365588
8.0,-88.0,12.0,2.645899
8.0,-86.0,12.0,2.7088509
8.0,-84.0,12.0,2.67622
8.0,-82.0,12.0,2.6852374
8.0,-80.0,12.0,2.6160266
8.0,-78.0,12.0,2.5240178
8.0,-76.0,12.0,2.566296
8.0,-74.0,12.0,2.6172404
8.0,-72.0,12.0,2.487766
8.0,-70.0,12.0,2.457306
8.0,-68.0,12.0,2.6026547
8.0,-66.0,12.0,2.639077
8.0,-64.0,12.0,2.485923
8.0,-62.0,12.0,2.3959522
8.0,-60.0,12.0,2.3901486
8.0,-58.0,12.0,2.3756526
8.0,-56.0,12.0,2.284046
8.0,-54.0,12.0,2.2193274
8.0,-52.0,12.0,2.2912867
8.0,-50.0,12.0,2.337962
8.0,-48.0,12.0,2.2860243
8.0,-46.0,12.0,2.249404
8.0,-44.0,12.0,2.2355502
8.0,-42.0,12.0,2.2373204
8.0,-40.0,12.0,2.2742748
8.0,-38.0,12.0,2.3101416
8.0,-36.0,12.0,2.2257957
8.0,-34.0,12.0,2.1307287
8.0,-32.0,12.0,2.1634219
8.0,-30.0,12.0,2.2648122
8.0,-28.0,12.0,2.3669884
8.0,-26.0,12.0,2.4635298
8.0,-24.0,12.0,2.4741044
8.0,-22.0,12.0,2.3708305
8.0,-20.0,12.0,2.2682467
8.0,-18.0,12.0,2.1438444
8.0,-16.0,12.0,2.0811844
8.0,-14.0,12.0,2.0981925
8.0,-12.0,12.0,2.1937947
8.0,-10.0,12.0,2.2448204
8.0,-8.0,12.0,2.2151372
8.0,-6.0,12.0,2.2356296
8.0,-4.0,12.0,2.1793213
8.0,-2.0,12.0,2.1008866
8.0,0.0,12.0,2.148012
8.0,2.0,12.0,2.237032
8.0,4.0,12.0,2.2512996
8.0,6.0,12.0,2.2796783
8.0,8.0,12.0,2.2719066
8.0,10.0,12.0,2.142344
8.0,12.0,12.0,2.0092337
8.0,14.0,12.0,1.9526441
8.0,16.0,12.0,1.9840618
8.0,18.0,12.0,2.035181
8.0,20.0,12.0,2.114679
8.0,22.0,12.0,2.1524823
8.0,24.0,12.0,2.1705
8.0,26.0,12.0,2.0686522
8.0,28.0,12.0,2.056171
8.0,30.0,12.0,2.0664253
8.0,32.0,12.0,1.9580691
8.0,34.0,12.0,1.9376755
8.0,36.0,12.0,1.9727408
8.0,38.0,12.0,2.0604591
8.0,40.0,12.0,2.0680184
8.0,42.0,12.0,1.9152482
8.0,44.0,12.0,1.7755121
8.0,46.0,12.0,1.7727771
8.0,48.0,12.0,1.8501124
8.0,50.0,12.0,1.9741677
8.0,52.0,12.0,2.0017197
8.0,54.0,12.0,1.9009182
8.0,56.0,12.0,1.8646543
8.0,58.0,12.0,1.9246564
8.0,60.0,12.0,1.9594865
8.0,62.0,12.0,1.9205184
8.0,64.0,12.0,1.920397
8.0,66.0,12.0,2.0082068
8.0,68.0,12.0,2.0450609
8.0,70.0,12.0,1.8838022
8.0,72.0,12.0,1.8040946
8.0,74.0,12.0,1.8571138
8.0,76.0,12.0,1.9183936
8.0,78.0,12.0,1.8177981
8.0,80.0,12.0,1.8382486
8.0,82.0,12.0,2.0876608
8.0,84.0,12.0,2.086405
8.0,86.0,12.0,1.8473841
8.0,88.0,12.0,1.830341
8.0,90.0,12.0,1.8460876
8.0,92.0,12.0,1.7553111
8.0,94.0,12.0,1.8026682
8.0,96.0,12.0,2.016061
8.0,98.0,12.0,2.0362647
8.0,100.0,12.0,1.8303555
8.0,102.0,12.0,1.7887897
8.0,104.0,12.0,1.8816161
8.0,106.0,12.0,1.8267848
8.0,108.0,12.0,1.7535169
8.0,110.0,12.0,1.8563238
8.0,112.0,12.0,2.0494905
8.0,114.0,12.0,2.0655403
8.0,116.0,12.0,2.0145042
8.0,118.0,12.0,1.9888836
8.0,120.0,12.0,1.9318627
8.0,122.0,12.0,1.7911136
8.0,124.0,12.0,1.7840893
8.0,126.0,12.0,1.8423502
8.0,128.0,12.0,1.9236722
8.0,130.0,12.0,1.9210564
8.0,132.0,12.0,1.8041167
8.0,134.0,12.0,1.745392
8.0,136.0,12.0,1.746672
8.0,138.0,12.0,1.844037
8.0,140.0,12.0,1.9649497
8.0,142.0,12.0,1.9084946
8.0,144.0,12.0,1.9335892
8.0,146.0,12.0,1.9704102
8.0,148.0,12.0,1.9891353
8.0,150.0,12.0,1.9767549
8.0,152.0,12.0,1.92298
8.0,154.0,12.0,1.9065408
8.0,156.0,12.0,2.029109
8.0,158.0,12.0,2.0828023
8.0,160.0,12.0,2.0850215
8.0,162.0,12.0,2.1238146
8.0,164.0,12.0,2.0617912
8.0,166.0,12.0,1.9915532
8.0,168.0,12.0,1.9648468
8.0,170.0,12.0,2.1550994
8.0,172.0,12.0,2.316092
8.0,174.0,12.0,2.3492203
8.0,176.0,12.0,2.3321843
8.0,178.0,12.0,2.2464397
8.0,180.0,12.0,2.1547198
10.0,-180.0,12.0,1.9746552
10.0,-178.0,12.0,1.9178656
10.0,-176.0,12.0,1.9734102
10.0,-174.0,12.0,2.0638826
10.0,-172.0,12.0,2.0475287
10.0,-170.0,12.0,2.0091565
10.0,-168.0,12.0,1.9774154
10.0,-166.0,12.0,1.8946775
10.0,-164.0,12.0,1.8563416
10.0,-162.0,12.0,1.8372759
10.0,-160.0,12.0,2.040138
10.0,-158.0,12.0,2.1940594
10.0,-156.0,12.0,2.1921399
10.0,-154.0,12.0,2.1839693
10.0,-152.0,12.0,2.1696036
10.0,-150.0,12.0,2.0713854
10.0,-148.0,12.0,1.9704107
10.0,-146.0,12.0,1.9546611
10.0,-144.0,12.0,1.9708407
10.0,-142.0,12.0,2.0484009
10.0,-140.0,12.0,2.10234
10.0,-138.0,12.0,2.1540601
10.0,-136.0,12.0,2.1991189
10.0,-134.0,12.0,2.1521218
10.0,-132.0,12.0,2.1475303
10.0,-130.0,12.0,2.1506665
10.0,-128.0,12.0,2.2286718
10.0,-126.0,12.0,2.2162018
10.0,-124.0,12.0,2.1073117
10.0,-122.0,12.0,2.1004877
10.0,-120.0,12.0,2.2023556
10.0,-118.0,12.0,2.2968898
10.0,-116.0,12.0,2.2496617
10.0,-114.0,12.0,2.1982539
10.0,-112.0,12.0,2.2766976
10.0,-110.0,12.0,2.2806976
10.0,-108.0,12.0,2.1822379
10.0,-106.0,12.0,2.2105157
10.0,-104.0,12.0,2.3738544
10.0,-102.0,12.0,2.3718235
10.0,-100.0,12.0,2.3720171
10.0,-98.0,12.0,2.558626
10.0,-96.0,12.0,2.6065857
10.0,-94.0,12.0,2.4393482
10.0,-92.0,12.0,2.3559365
10.0,-90.0,12.0,2.4532008
10.0,-88.0,12.0,2.4909003
10.0,-86.0,12.0,2.486799
10.0,-84.0,12.0,2.505955
10.0,-82.0,12.0,2.5448022
10.0,-80.0,12.0,2.4378371
10.0,-78.0,12.0,2.3501945
10.0,-76.0,12.0,2.3472068
10.0,-74.0,12.0,2.394563
10.0,-72.0,12.0,2.3248792
10.0,-70.0,12.0,2.3317258
10.0,-68.0,12.0,2.4984958
10.0,-66.0,12.0,2.5203304
10.0,-64.0,12.0,2.342074
10.0,-62.0,12.0,2.244559
10.0,-60.0,12.0,2.2438278
10.0,-58.0,12.0,2.2495325
10.0,-56.0,12.0,2.1808949
10.0,-54.0,12.0,2.0959778
10.0,-52.0,12.0,2.1502116
10.0,-50.0,12.0,2.1861994
10.0,-48.0,12.0,2.154436
10.0,-46.0,12.0,2.0772502
10.0,-44.0,12.0,2.0328915
10.0,-42.0,12.0,2.08066
10.0,-40.0,12.0,2.1264312
10.0,-38.0,12.0,2.133011
10.0,-36.0,12.0,2.0661988
10.0,-34.0,12.0,1.9813293
10.0,-32.0,12.0,2.0009527
10.0,-30.0,12.0,2.0978048
10.0,-28.0,12.0,2.1635146
10.0,-26.0,12.0,2.2725883
10.0,-24.0,12.0,2.2802815
10.0,-22.0,12.0,2.1888466
10.0,-20.0,12.0,2.0665193
10.0,-18.0,12.0,1.9778668
10.0,-16.0,12.0,1.9356743
10.0,-14.0,12.0,1.9425272
10.0,-12.0,12.0,2.005359
10.0,-10.0,12.0,2.0337017
10.0,-8.0,12.0,2.041322
10.0,-6.0,12.0,2.0616546
10.0,-4.0,12.0,2.001334
10.0,-2.0,12.0,1.933845
10.0,0.0,12.0,2.0072927
10.0,2.0,12.0,2.066768
10.0,4.0,12.0,2.1152654
10.0,6.0,12.0,2.109717
10.0,8.0,12.0,2.082638
10.0,10.0,12.0,1.972201
10.0,12.0,12.0,1.8846383
10.0,14.0,12.0,1.8400671
10.0,16.0,12.0,1.8586758
10.0,18.0,12.0,1.9091712
10.0,20.0,12.0,1.9443167
10.0,22.0,12.0,1.9983118
10.0,24.0,12.0,2.0436883
10.0,26.0,12.0,1.9723016
10.0,28.0,12.0,1.9416918
10.0,30.0,12.0,1.9299238
10.0,32.0,12.0,1.8646368
10.0,34.0,12.0,1.7673509
10.0,36.0,12.0,1.7816314
10.0,38.0,12.0,1.876659
10.0,40.0,12.0,1.8924981
10.0,42.0,12.0,1.7810141
10.0,44.0,12.0,1.6311576
10.0,46.0,12.0,1.6217194
10.0,48.0,12.0,1.695803
10.0,50.0,12.0,1.856327
10.0,52.0,12.0,1.9146941
10.0,54.0,12.0,1.7987505
10.0,56.0,12.0,1.7029806
10.0,58.0,12.0,1.7459886
10.0,60.0,12.0,1.8258947
10.0,62.0,12.0,1.7901872
10.0,64.0,12.0,1.76932
10.0,66.0,12.0,1.8669825
10.0,68.0,12.0,1.9134828
10.0,70.0,12.0,1.7987851
10.0,72.0,12.0,1.6871309
10.0,74.0,12.0,1.7647321
10.0,76.0,12.0,1.7982606
10.0,78.0,12.0,1.7297567
10.0,80.0,12.0,1.7695739
10.0,82.0,12.0,1.9629018
10.0,84.0,12.0,2.0035996
10.0,86.0,12.0,1.8105553
10.0,88.0,12.0,1.7599094
10.0,90.0,12.0,1.7677702
10.0,92.0,12.0,1.6700275
10.0,94.0,12.0,1.6947562
10.0,96.0,12.0,1.8824456
10.0,98.0,12.0,1.9082731
10.0,100.0,12.0,1.7626454
10.0,102.0,12.0,1.7082918
10.0,104.0,12.0,1.7651635
10.0,106.0,12.0,1.7211083
10.0,108.0,12.0,1.660145
10.0,110.0,12.0,1.7776003
10.0,112.0,12.0,1.9640733
10.0,114.0,12.0,1.951826
10.0,116.0,12.0,1.8722193
10.0,118.0,12.0,1.8634062
10.0,120.0,12.0,1.8053082
10.0,122.0,12.0,1.6975018
10.0,124.0,12.0,1.6564507
10.0,126.0,12.0,1.7419683
10.0,128.0,12.0,1.8791451
10.0,130.0,12.0,1.8321836
10.0,132.0,12.0,1.681043
10.0,134.0,12.0,1.6121551
10.0,136.0,12.0,1.6121609
10.0,138.0,12.0,1.7463872
10.0,140.0,12.0,1.8539568
10.0,142.0,12.0,1.8077383
10.0,144.0,12.0,1.7883217
10.0,146.0,12.0,1.8567075
10.0,148.0,12.0,1.9195338
10.0,150.0,12.0,1.8891625
10.0,152.0,12.0,1.89348
10.0,154.0,12.0,1.9068451
10.0,156.0,12.0,1.9851849
10.0,158.0,12.0,1.9740987
10.0,160.0,12.0,1.9252146
10.0,162.0,12.0,1.9678226
10.0,164.0,12.0,1.8740927
10.0,166.0,12.0,1.8366724
10.0,168.0,12.0,1.7880012
10.0,170.0,12.0,1.9472958
10.0,172.0,12.0,2.1126518
10.0,174.0,12.0,2.120781
10.0,176.0,12.0,2.0951028
10.0,178.0,12.0,2.0446255
10.0,180.0,12.0,1.9746552
12.0,-180.0,12.0,1.956253
12.0,-178.0,12.0,1.9063054
12.0,-176.0,12.0,2.003084
12.0,-174.0,12.0,2.0958009
12.0,-172.0,12.0,2.092147
12.0,-170.0,12.0,2.003367
12.0,-168.0,12.0,1.9700776
12.0,-166.0,12.0,1.910151
12.0,-164.0,12.0,1.8645549
12.0,-162.0,12.0,1.8414731
12.0,-160.0,12.0,2.0983763
12.0,-158.0,12.0,2.218175
12.0,-156.0,12.0,2.2428112
12.0,-154.0,12.0,2.2533805
12.0,-152.0,12.0,2.230781
12.0,-150.0,12.0,2.1453853
12.0,-148.0,12.0,1.995383
12.0,-146.0,12.0,1.9830557
12.0,-144.0,12.0,1.9870706
12.0,-142.0,12.0,2.0753205
12.0,-140.0,12.0,2.14642
12.0,-138.0,12.0,2.1389809
12.0,-136.0,12.0,2.1800647
12.0,-134.0,12.0,2.1945622
12.0,-132.0,12.0,2.2270138
12.0,-130.0,12.0,2.2318904
12.0,-128.0,12.0,2.2339764
12.0,-126.0,12.0,2.2376466
12.0,-124.0,12.0,2.1587782
12.0,-122.0,12.0,2.1345296
12.0,-120.0,12.0,2.2257452
12.0,-118.0,12.0,2.3326542
12.0,-116.0,12.0,2.3084013
12.0,-114.0,12.0,2.2636724
12.0,-112.0,12.0,2.3418927
12.0,-110.0,12.0,2.3397295
12.0,-108.0,12.0,2.252283
12.0,-106.0,12.0,2.2561464
12.0,-104.0,12.0,2.3996317
12.0,-102.0,12.0,2.4322746
12.0,-100.0,12.0,2.486735
12.0,-98.0,12.0,2.5972037
12.0,-96.0,12.0,2.6462097
12.0,-94.0,12.0,2.5013828
12.0,-92.0,12.0,2.3935988
12.0,-90.0,12.0,2.5271797
12.0,-88.0,12.0,2.648994
12.0,-86.0,12.0,2.6574702
12.0,-84.0,12.0,2.641131
12.0,-82.0,12.0,2.6488853
12.0,-80.0,12.0,2.5450132
12.0,-78.0,12.0,2.43305
12.0,-76.0,12.0,2.4085302
12.0,-74.0,12.0,2.4224188
12.0,-72.0,12.0,2.4252465
12.0,-70.0,12.0,2.3866494
12.0,-68.0,12.0,2.4822702
12.0,-66.0,12.0,2.4756107
12.0,-64.0,12.0,2.3326044
12.0,-62.0,12.0,2.2377143
12.0,-60.0,12.0,2.2842686
12.0,-58.0,12.0,2.3028157
12.0,-56.0,12.0,2.240647
12.0,-54.0,12.0,2.1522202
12.0,-52.0,12.0,2.1883714
12.0,-50.0,12.0,2.2107003
12.0,-48.0,12.0,2.153733
12.0,-46.0,12.0,2.06862
12.0,-44.0,12.0,2.0526004
12.0,-42.0,12.0,2.1045809
12.0,-40.0,12.0,2.1840253
12.0,-38.0,12.0,2.208136
12.0,-36.0,12.0,2.1391215
12.0,-34.0,12.0,2.027692
12.0,-32.0,12.0,2.045679
12.0,-30.0,12.0,2.1363223
12.0,-28.0,12.0,2.221624
12.0,-26.0,12.0,2.3115127
12.0,-24.0,12.0,2.3430128
12.0,-22.0,12.0,2.2211754
12.0,-20.0,12.0,2.064168
12.0,-18.0,12.0,1.9712964
12.0,-16.0,12.0,1.932364
12.0,-14.0,12.0,1.9045227
12.0,-12.0,12.0,1.9757638
12.0,-10.0,12.0,2.0105035
12.0,-8.0,12.0,2.0527124
12.0,-6.0,12.0,2.126466
12.0,-4.0,12.0,2.0563347
12.0,-2.0,12.0,1.9691967
12.0,0.0,12.0,2.0132158
12.0,2.0,12.0,2.081456
12.0,4.0,12.0,2.135311
12.0,6.0,12.0,2.135725
12.0,8.0,12.0,2.0982962
12.0,10.0,12.0,1.9643435
12.0,12.0,12.0,1.86086
12.0,14.0,12.0,1.7986925
12.0,16.0,12.0,1.8353463
12.0,18.0,12.0,1.8734901
12.0,20.0,12.0,1.9409004
12.0,22.0,12.0,2.0062702
12.0,24.0,12.0,2.044473
12.0,26.0,12.0,1.9943293
12.0,28.0,12.0,1.9377339
12.0,30.0,12.0,1.8836523
12.0,32.0,12.0,1.8241827
12.0,34.0,12.0,1.7514498
12.0,36.0,12.0,1.7364403
12.0,38.0,12.0,1.8318
12.0,40.0,12.0,1.8570595
12.0,42.0,12.0,1.7557774
12.0,44.0,12.0,1.6004144
12.0,46.0,12.0,1.5780507
12.0,48.0,12.0,1.6628666
12.0,50.0,12.0,1.8216227
12.0,52.0,12.0,1.8893263
12.0,54.0,12.0,1.7721825
12.0,56.0,12.0,1.6930735
12.0,58.0,12.0,1.7224214
12.0,60.0,12.0,1.77822
12.0,62.0,12.0,1.768688
12.0,64.0,12.0,1.7684536
12.0,66.0,12.0,1.8359637
12.0,68.0,12.0,1.8586693
12.0,70.0,12.0,1.780701
12.0,72.0,12.0,1.6865494
12.0,74.0,12.0,1.7429159
12.0,76.0,12.0,1.800741
12.0,78.0,12.0,1.7413268
12.0,80.0,12.0,1.7558903
12.0,82.0,12.0,1.9168333
12.0,84.0,12.0,1.9525511
12.0,86.0,12.0,1.8101114
12.0,88.0,12.0,1.761177
12.0,90.0,12.0,1.7588487
12.0,92.0,12.0,1.6676577
12.0,94.0,12.0,1.6715707
12.0,96.0,12.0,1.8385524
12.0,98.0,12.0,1.8786484
12.0,100.0,12.0,1.7458788
12.0,102.0,12.0,1.6855779
12.0,104.0,12.0,1.7348827
12.0,106.0,12.0,1.7070081
12.0,108.0,12.0,1.6470258
12.0,110.0,12.0,1.7619263
12.0,112.0,12.0,1.9291189
12.0,114.0,12.0,1.9192642
12.0,116.0,12.0,1.8628029
12.0,118.0,12.0,1.8267719
12.0,120.0,12.0,1.7560735
12.0,122.0,12.0,1.6736723
12.0,124.0,12.0,1.642043
12.0,126.0,12.0,1.7305889
12.0,128.0,12.0,1.8327103
12.0,130.0,12.0,1.8000573
12.0,132.0,12.0,1.7074851
12.0,134.0,12.0,1.5948778
12.0,136.0,12.0,1.6036081
12.0,138.0,12.0,1.7179338
12.0,140.0,12.0,1.8040576
12.0,142.0,12.0,1.7675271
12.0,144.0,12.0,1.7616001
12.0,146.0,12.0,1.8284665
12.0,148.0,12.0,1.886221
12.0,150.0,12.0,1.8764306
12.0,152.0,12.0,1.8741312
12.0,154.0,12.0,1.9003937
12.0,156.0,12.0,1.9968239
12.0,158.0,12.0,1.9996961
12.0,160.0,12.0,1.9435298
12.0,162.0,12.0,1.9590796
12.0,164.0,12.0,1.9505948
12.0,166.0,12.0,1.842226
12.0,168.0,12.0,1.8021187
12.0,170.0,12.0,1.936647
12.0,172.0,12.0,2.116531
12.0,174.0,12.0,2.0603127
12.0,176.0,12.0,2.0445566
12.0,178.0,12.0,1.9965224
12.0,180.0,12.0,1.956253
14.0,-180.0,12.0,1.9891605
14.0,-178.0,12.0,1.9784942
14.0,-176.0,12.0,2.026028
14.0,-174.0,12.0,2.1108377
14.0,-172.0,12.0,2.1093318
14.0,-170.0,12.0,2.0384037
14.0,-168.0,12.0,1.9963242
14.0,-166.0,12.0,1.926105
14.0,-164.0,12.0,1.9085462
14.0,-162.0,12.0,1.9392979
14.0,-160.0,12.0,2.0853736
14.0,-158.0,12.0,2.2020495
14.0,-156.0,12.0,2.2372267
14.0,-154.0,12.0,2.2228303
14.0,-152.0,12.0,2.207097
14.0,-150.0,12.0,2.1394536
14.0,-148.0,12.0,2.1062686
14.0,-146.0,12.0,2.167237
14.0,-144.0,12.0,2.0624359
14.0,-142.0,12.0,2.0341432
14.0,-140.0,12.0,2.1213205
14.0,-138.0,12.0,2.1686645
14.0,-136.0,12.0,2.190661
14.0,-134.0,12.0,2.1600034
14.0,-132.0,12.0,2.1394863
14.0,-130.0,12.0,2.1809494
14.0,-128.0,12.0,2.277914
14.0,-126.0,12.0,2.3064418
14.0,-124.0,12.0,2.1598988
14.0,-122.0,12.0,2.1255972
14.0,-120.0,12.0,2.2099202
14.0,-118.0,12.0,2.32711
14.0,-116.0,12.0,2.3739321
14.0,-114.0,12.0,2.351862
14.0,-112.0,12.0,2.3924057
14.0,-110.0,12.0,2.3989136
14.0,-108.0,12.0,2.3299847
14.0,-106.0,12.0,2.3198938
14.0,-104.0,12.0,2.4751103
14.0,-102.0,12.0,2.5406084
14.0,-100.0,12.0,2.567917
14.0,-98.0,12.0,2.58697
14.0,-96.0,12.0,2.6516936
14.0,-94.0,12.0,2.5997386
14.0,-92.0,12.0,2.5497682
14.0,-90.0,12.0,2.752291
14.0,-88.0,12.0,2.9120715
14.0,-86.0,12.0,2.945326
14.0,-84.0,12.0,2.7926688
14.0,-82.0,12.0,2.7335293
14.0,-80.0,12.0,2.7093418
14.0,-78.0,12.0,2.5973864
14.0,-76.0,12.0,2.5823085
14.0,-74.0,12.0,2.597109
14.0,-72.0,12.0,2.5777905
14.0,-70.0,12.0,2.4866662
14.0,-68.0,12.0,2.4864864
14.0,-66.0,12.0,2.492313
14.0,-64.0,12.0,2.3289967
14.0,-62.0,12.0,2.2546542
14.0,-60.0,12.0,2.3099008
14.0,-58.0,12.0,2.3003201
14.0,-56.0,12.0,2.281924
14.0,-54.0,12.0,2.231854
14.0,-52.0,12.0,2.2248745
14.0,-50.0,12.0,2.2259052
14.0,-48.0,12.0,2.1442666
14.0,-46.0,12.0,2.026167
14.0,-44.0,12.0,2.0119023
14.0,-42.0,12.0,2.0875704
14.0,-40.0,12.0,2.1624088
14.0,-38.0,12.0,2.190251
14.0,-36.0,12.0,2.0913203
14.0,-34.0,12.0,2.0207179
14.0,-32.0,12.0,2.018081
14.0,-30.0,12.0,2.1076446
14.0,-28.0,12.0,2.1692395
14.0,-26.0,12.0,2.2707894
14.0,-24.0,12.0,2.3255215
14.0,-22.0,12.0,2.2081406
14.0,-20.0,12.0,2.07294
14.0,-18.0,12.0,1.9774233
14.0,-16.0,12.0,1.9089271
14.0,-14.0,12.0,1.9027303
14.0,-12.0,12.0,1.970637
14.0,-10.0,12.0,2.029676
14.0,-8.0,12.0,2.0715272
14.0,-6.0,12.0,2.116435
14.0,-4.0,12.0,2.0437562
14.0,-2.0,12.0,1.977382
14.0,0.0,12.0,2.0114522
14.0,2.0,12.0,2.0684865
14.0,4.0,12.0,2.1406286
14.0,6.0,12.0,2.114961
14.0,8.0,12.0,2.0507016
14.0,10.0,12.0,1.9356879
14.0,12.0,12.0,1.8582741
14.0,14.0,12.0,1.7978234
14.0,16.0,12.0,1.7925452
14.0,18.0,12.0,1.8792515
14.0,20.0,12.0,1.9597543
14.0,22.0,12.0,2.027716
14.0,24.0,12.0,2.0895667
14.0,26.0,12.0,2.0235503
14.0,28.0,12.0,1.9628053
14.0,30.0,12.0,1.8962572
14.0,32.0,12.0,1.83293
14.0,34.0,12.0,1.7752311
14.0,36.0,12.0,1.739125
14.0,38.0,12.0,1.8327595
14.0,40.0,12.0,1.8625445
14.0,42.0,12.0,1.7473893
14.0,44.0,12.0,1.576616
14.0,46.0,12.0,1.5535116
14.0,48.0,12.0,1.645721
14.0,50.0,12.0,1.8473815
14.0,52.0,12.0,1.8769975
14.0,54.0,12.0,1.7610731
14.0,56.0,12.0,1.6969295
14.0,58.0,12.0,1.7782476
14.0,60.0,12.0,1.8223987
14.0,62.0,12.0,1.7646095
14.0,64.0,12.0,1.7916241
14.0,66.0,12.0,1.9201307
14.0,68.0,12.0,1.9215575
14.0,70.0,12.0,1.8019495
14.0,72.0,12.0,1.7034642
14.0,74.0,12.0,1.7722099
14.0,76.0,12.0,1.7802941
14.0,78.0,12.0,1.7051692
14.0,80.0,12.0,1.7636955
14.0,82.0,12.0,1.9695216
14.0,84.0,12.0,1.9565736
14.0,86.0,12.0,1.8038276
14.0,88.0,12.0,1.7868792
14.0,90.0,12.0,1.7604319
14.0,92.0,12.0,1.6573457
14.0,94.0,12.0,1.7021152
14.0,96.0,12.0,1.8930656
14.0,98.0,12.0,1.8949014
14.0,100.0,12.0,1.7595289
14.0,102.0,12.0,1.7088673
14.0,104.0,12.0,1.74761
14.0,106.0,12.0,1.6946383
14.0,108.0,12.0,1.6361146
14.0,110.0,12.0,1.8026248
14.0,112.0,12.0,1.9492711
14.0,114.0,12.0,1.944781
14.0,116.0,12.0,1.8764114
14.0,118.0,12.0,1.8573909
14.0,120.0,12.0,1.7982994
14.0,122.0,12.0,1.674634
14.0,124.0,12.0,1.6354619
14.0,126.0,12.0,1.7201648
14.0,128.0,12.0,1.8493663
14.0,130.0,12.0,1.8247169
14.0,132.0,12.0,1.6839037
14.0,134.0,12.0,1.5985963
14.0,136.0,12.0,1.6341486
14.0,138.0,12.0,1.7510871
14.0,140.0,12.0,1.8385302
14.0,142.0,12.0,1.7521384
14.0,144.0,12.0,1.7554877
14.0,146.0,12.0,1.8307825
14.0,148.0,12.0,1.8536912
14.0,150.0,12.0,1.9013697
14.0,152.0,12.0,1.8742695
14.0,154.0,12.0,1.8557278
14.0,156.0,12.0,1.9565473
14.0,158.0,12.0,1.9819659
14.0,160.0,12.0,1.9598495
14.0,162.0,12.0,1.9528017
14.0,164.0,12.0,1.940668
14.0,166.0,12.0,1.8832157
14.0,168.0,12.0,1.8800255
14.0,170.0,12.0,1.9492131
14.0,172.0,12.0,2.093513
14.0,174.0,12.0,2.1207726
14.0,176.0,12.0,2.0676007
14.0,178.0,12.0,1.9987069
14.0,180.0,12.0,1.9891605
16.0,-180.0,12.0,2.0519292
16.0,-178.0,12.0,2.141431
16.0,-176.0,12.0,2.17183
16.0,-174.0,12.0,2.1298444
16.0,-172.0,12.0,2.134206
16.0,-170.0,12.0,2.0758824
16.0,-168.0,12.0,2.0499012
16.0,-166.0,12.0,1.9948968
16.0,-164.0,12.0,2.0422883
16.0,-162.0,12.0,2.0620017
16.0,-160.0,12.0,2.1197212
16.0,-158.0,12.0,2.1987076
16.0,-156.0,12.0,2.2322845
16.0,-154.0,12.0,2.2628708
16.0,-152.0,12.0,2.1732025
16.0,-150.0,12.0,2.1879642
16.0,-148.0,12.0,2.223441
16.0,-146.0,12.0,2.2798564
16.0,-144.0,12.0,2.1790996
16.0,-142.0,12.0,2.0907383
16.0,-140.0,12.0,2.1876407
16.0,-138.0,12.0,2.288308
16.0,-136.0,12.0,2.3205533
16.0,-134.0,12.0,2.2726855
16.0,-132.0,12.0,2.2411015
16.0,-130.0,12.0,2.289793
16.0,-128.0,12.0,2.4486117
16.0,-126.0,12.0,2.472665
16.0,-124.0,12.0,2.3244352
16.0,-122.0,12.0,2.2928135
16.0,-120.0,12.0,2.386629
16.0,-118.0,12.0,2.4463456
16.0,-116.0,12.0,2.4643345
16.0,-114.0,12.0,2.5014362
16.0,-112.0,12.0,2.5301764
16.0,-110.0,12.0,2.5628462
16.0,-108.0,12.0,2.5006874
16.0,-106.0,12.0,2.502756
16.0,-104.0,12.0,2.656907
16.0,-102.0,12.0,2.6824458
16.0,-100.0,12.0,2.691373
16.0,-98.0,12.0,2.7073095
16.0,-96.0,12.0,2.831805
16.0,-94.0,12.0,2.7594788
16.0,-92.0,12.0,2.7472386
16.0,-90.0,12.0,2.952964
16.0,-88.0,12.0,3.0918107
16.0,-86.0,12.0,3.0612833
16.0,-84.0,12.0,2.9439223
16.0,-82.0,12.0,2.9249852
16.0,-80.0,12.0,2.8675237
16.0,-78.0,12.0,2.784123
16.0,-76.0,12.0,2.8109343
16.0,-74.0,12.0,2.801183
16.0,-72.0,12.0,2.7851644
16.0,-70.0,12.0,2.6112628
16.0,-68.0,12.0,2.5953891
16.0,-66.0,12.0,2.5677342
16.0,-64.0,12.0,2.464004
16.0,-62.0,12.0,2.4201818
16.0,-60.0,12.0,2.4352674
16.0,-58.0,12.0,2.4868453
16.0,-56.0,12.0,2.4929464
16.0,-54.0,12.0,2.3999658
16.0,-52.0,12.0,2.3340418
16.0,-50.0,12.0,2.2793665
16.0,-48.0,12.0,2.1734316
16.0,-46.0,12.0,2.0825486
16.0,-44.0,12.0,2.061441
16.0,-42.0,12.0,2.0800135
16.0,-40.0,12.0,2.1312656
16.0,-38.0,12.0,2.1414926
16.0,-36.0,12.0,2.0965543
16.0,-34.0,12.0,2.0821435
16.0,-32.0,12.0,2.0303206
16.0,-30.0,12.0,2.0839734
16.0,-28.0,12.0,2.1468933
16.0,-26.0,12.0,2.204599
16.0,-24.0,12.0,2.2582772
16.0,-22.0,12.0,2.1601088
16.0,-20.0,12.0,2.0592773
16.0,-18.0,12.0,1.9582164
16.0,-16.0,12.0,1.885458
16.0,-14.0,12.0,1.8988823
16.0,-12.0,12.0,1.981183
16.0,-10.0,12.0,2.0354142
16.0,-8.0,12.0,2.1032064
16.0,-6.0,12.0,2.1905107
16.0,-4.0,12.0,2.1010406
16.0,-2.0,12.0,2.0096848
16.0,0.0,12.0,2.0063171
16.0,2.0,12.0,2.0679903
16.0,4.0,12.0,2.0870132
16.0,6.0,12.0,2.098282
16.0,8.0,12.0,2.1048987
16.0,10.0,12.0,1.985733
16.0,12.0,12.0,1.8456494
16.0,14.0,12.0,1.7910409
16.0,16.0,12.0,1.8219798
16.0,18.0,12.0,1.8801781
16.0,20.0,12.0,1.9603612
16.0,22.0,12.0,2.0662048
16.0,24.0,12.0,2.148129
16.0,26.0,12.0,2.0802934
16.0,28.0,12.0,2.0178375
16.0,30.0,12.0,1.9592245
16.0,32.0,12.0,1.8479455
16.0,34.0,12.0,1.7942405
16.0,36.0,12.0,1.778839
16.0,38.0,12.0,1.8689542
16.0,40.0,12.0,1.9243416
16.0,42.0,12.0,1.8102347
16.0,44.0,12.0,1.5983857
16.0,46.0,12.0,1.5781801
16.0,48.0,12.0,1.680309
16.0,50.0,12.0,1.8994521
16.0,52.0,12.0,1.9053953
16.0,54.0,12.0,1.7715622
16.0,56.0,12.0,1.7407149
16.0,58.0,12.0,1.8098103
16.0,60.0,12.0,1.8595079
16.0,62.0,12.0,1.7992636
16.0,64.0,12.0,1.8260978
16.0,66.0,12.0,2.0039616
16.0,68.0,12.0,2.0375216
16.0,70.0,12.0,1.8569663
16.0,72.0,12.0,1.7824371
16.0,74.0,12.0,1.8678982
16.0,76.0,12.0,1.8249648
16.0,78.0,12.0,1.7175745
16.0,80.0,12.0,1.8164357
16.0,82.0,12.0,2.046311
16.0,84.0,12.0,1.9920502
16.0,86.0,12.0,1.8337799
16.0,88.0,12.0,1.8156383
16.0,90.0,12.0,1.7811149
16.0,92.0,12.0,1.695016
16.0,94.0,12.0,1.7401509
16.0,96.0,12.0,1.9619465
16.0,98.0,12.0,1.9503942
16.0,100.0,12.0,1.7923052
16.0,102.0,12.0,1.7559532
16.0,104.0,12.0,1.8254237
16.0,106.0,12.0,1.7068827
16.0,108.0,12.0,1.6507761
16.0,110.0,12.0,1.7832738
16.0,112.0,12.0,1.9543937
16.0,114.0,12.0,1.9381509
16.0,116.0,12.0,1.9006456
16.0,118.0,12.0,1.8952048
16.0,120.0,12.0,1.8243593
16.0,122.0,12.0,1.6616507
16.0,124.0,12.0,1.6416224
16.0,126.0,12.0,1.7332736
16.0,128.0,12.0,1.8967078
16.0,130.0,12.0,1.8643013
16.0,132.0,12.0,1.7323043
16.0,134.0,12.0,1.6939924
16.0,136.0,12.0,1.7525527
16.0,138.0,12.0,1.8504058
16.0,140.0,12.0,1.8970677
16.0,142.0,12.0,1.7869166
16.0,144.0,12.0,1.7529422
16.0,146.0,12.0,1.7911637
16.0,148.0,12.0,1.8524435
16.0,150.0,12.0,1.9154233
16.0,152.0,12.0,1.8623723
16.0,154.0,12.0,1.8443966
16.0,156.0,12.0,1.9287012
16.0,158.0,12.0,1.9925008
16.0,160.0,12.0,1.950602
16.0,162.0,12.0,1.908805
16.0,164.0,12.0,1.9248335
16.0,166.0,12.0,1.9096133
16.0,168.0,12.0,1.937176
16.0,170.0,12.0,2.010145
16.0,172.0,12.0,2.1352017
16.0,174.0,12.0,2.1760044
16.0,176.0,12.0,2.13608
16.0,178.0,12.0,2.0861819
16.0,180.0,12.0,2.0519292
18.0,-180.0,12.0,2.040012
18.0,-178.0,12.0,2.0989153
18.0,-176.0,12.0,2.1760733
18.0,-174.0,12.0,2.1675298
18.0,-172.0,12.0,2.1467257
18.0,-170.0,12.0,2.0731308
18.0,-168.0,12.0,2.061512
18.0,-166.0,12.0,2.0104084
18.0,-164.0,12.0,2.0043294
18.0,-162.0,12.0,2.0578325
18.0,-160.0,12.0,2.0948977
18.0,-158.0,12.0,2.190048
18.0,-156.0,12.0,2.2330658
18.0,-154.0,12.0,2.2299647
18.0,-152.0,12.0,2.2033498
18.0,-150.0,12.0,2.1778924
18.0,-148.0,12.0,2.1977031
18.0,-146.0,12.0,2.2690437
18.0,-144.0,12.0,2.1721222
18.0,-142.0,12.0,2.109861
18.0,-140.0,12.0,2.2009907
18.0,-138.0,12.0,2.2705524
18.0,-136.0,12.0,2.2682598
18.0,-134.0,12.0,2.261133
18.0,-132.0,12.0,2.2452874
18.0,-130.0,12.0,2.2382605
18.0,-128.0,12.0,2.3788984
18.0,-126.0,12.0,2.4004655
18.0,-124.0,12.0,2.3380504
18.0,-122.0,12.0,2.2881043
18.0,-120.0,12.0,2.3775852
18.0,-118.0,12.0,2.4279351
18.0,-116.0,12.0,2.5203457
18.0,-114.0,12.0,2.534413
18.0,-112.0,12.0,2.5639064
18.0,-110.0,12.0,2.6173074
18.0,-108.0,12.0,2.5746362
18.0,-106.0,12.0,2.582041
18.0,-104.0,12.0,2.7182395
18.0,-102.0,12.0,2.8065155
18.0,-100.0,12.0,2.8431604
18.0,-98.0,12.0,2.815089
18.0,-96.0,12.0,2.8885534
18.0,-94.0,12.0,2.8749187
18.0,-92.0,12.0,2.8232822
18.0,-90.0,12.0,3.031899
18.0,-88.0,12.0,3.2201056
18.0,-86.0,12.0,3.1352806
18.0,-84.0,12.0,3.0800233
18.0,-82.0,12.0,3.0799968
18.0,-80.0,12.0,3.0497746
18.0,-78.0,12.0,2.9537752
18.0,-76.0,12.0,2.9725647
18.0,-74.0,12.0,3.0096164
18.0,-72.0,12.0,2.933044
18.0,-70.0,12.0,2.7985294
18.0,-68.0,12.0,2.6995237
18.0,-66.0,12.0,2.6878057
18.0,-64.0,12.0,2.5664973
18.0,-62.0,12.0,2.47656
18.0,-60.0,12.0,2.480546
18.0,-58.0,12.0,2.5484092
18.0,-56.0,12.0,2.5609062
18.0,-54.0,12.0,2.427191
18.0,-52.0,12.0,2.32171
18.0,-50.0,12.0,2.2597823
18.0,-48.0,12.0,2.189744
18.0,-46.0,12.0,2.1293845
18.0,-44.0,12.0,2.1126606
18.0,-42.0,12.0,2.1289194
18.0,-40.0,12.0,2.1476364
18.0,-38.0,12.0,2.1849174
18.0,-36.0,12.0,2.1291745
18.0,-34.0,12.0,2.088548
18.0,-32.0,12.0,2.0351567
18.0,-30.0,12.0,2.0970206
18.0,-28.0,12.0,2.1861887
18.0,-26.0,12.0,2.2422283
18.0,-24.0,12.0,2.2467294
18.0,-22.0,12.0,2.1454055
18.0,-20.0,12.0,2.0183082
18.0,-18.0,12.0,1.9182943
18.0,-16.0,12.0,1.8442348
18.0,-14.0,12.0,1.9010441
18.0,-12.0,12.0,1.9767019
18.0,-10.0,12.0,2.016625
18.0,-8.0,12.0,2.105516
18.0,-6.0,12.0,2.203966
18.0,-4.0,12.0,2.0901232
18.0,-2.0,12.0,1.9718359
18.0,0.0,12.0,2.0257282
18.0,2.0,12.0,2.101936
18.0,4.0,12.0,2.1072545
18.0,6.0,12.0,2.107809
18.0,8.0,12.0,2.0892713
18.0,10.0,12.0,1.9500841
18.0,12.0,12.0,1.8233877
18.0,14.0,12.0,1.7777108
18.0,16.0,12.0,1.7910368
18.0,18.0,12.0,1.8678205
18.0,20.0,12.0,1.9242126
18.0,22.0,12.0,2.0180264
18.0,24.0,12.0,2.1020608
18.0,26.0,12.0,2.0555003
18.0,28.0,12.0,2.003252
18.0,30.0,12.0,1.9275682
18.0,32.0,12.0,1.870238
18.0,34.0,12.0,1.8452698
18.0,36.0,12.0,1.8448488
18.0,38.0,12.0,1.8821291
18.0,40.0,12.0,1.8980529
18.0,42.0,12.0,1.7856718
18.0,44.0,12.0,1.6124343
18.0,46.0,12.0,1.5937786
18.0,48.0,12.0,1.7037681
18.0,50.0,12.0,1.8887315
18.0,52.0,12.0,1.8686963
18.0,54.0,12.0,1.7441298
18.0,56.0,12.0,1.7478559
18.0,58.0,12.0,1.8101459
18.0,60.0,12.0,1.8547177
18.0,62.0,12.0,1.75688
18.0,64.0,12.0,1.8488692
18.0,66.0,12.0,2.030084
18.0,68.0,12.0,2.0464249
18.0,70.0,12.0,1.8511025
18.0,72.0,12.0,1.7808653
18.0,74.0,12.0,1.8090196
18.0,76.0,12.0,1.7748693
18.0,78.0,12.0,1.6758611
18.0,80.0,12.0,1.7967856
18.0,82.0,12.0,1.9961343
18.0,84.0,12.0,1.9549302
18.0,86.0,12.0,1.8307258
18.0,88.0,12.0,1.817701
18.0,90.0,12.0,1.7331289
18.0,92.0,12.0,1.642817
18.0,94.0,12.0,1.7414504
18.0,96.0,12.0,1.9815294
18.0,98.0,12.0,1.9251559
18.0,100.0,12.0,1.762178
18.0,102.0,12.0,1.747139
18.0,104.0,12.0,1.7675139
18.0,106.0,12.0,1.6255662
18.0,108.0,12.0,1.6172208
18.0,110.0,12.0,1.7747159
18.0,112.0,12.0,1.9406419
18.0,114.0,12.0,1.9081179
18.0,116.0,12.0,1.8908632
18.0,118.0,12.0,1.8988086
18.0,120.0,12.0,1.81045
18.0,122.0,12.0,1.6417576
18.0,124.0,12.0,1.6282595
18.0,126.0,12.0,1.7337546
18.0,128.0,12.0,1.8820132
18.0,130.0,12.0,1.8600372
18.0,132.0,12.0,1.7588077
18.0,134.0,12.0,1.7516776
18.0,136.0,12.0,1.7479432
18.0,138.0,12.0,1.8058262
18.0,140.0,12.0,1.8419617
18.0,142.0,12.0,1.7696793
18.0,144.0,12.0,1.7273502
18.0,146.0,12.0,1.8024017
18.0,148.0,12.0,1.8649262
18.0,150.0,12.0,1.9005702
18.0,152.0,12.0,1.8374983
18.0,154.0,12.0,1.8650757
18.0,156.0,12.0,1.9702601
18.0,158.0,12.0,1.9841219
18.0,160.0,12.0,1.9353547
18.0,162.0,12.0,1.937684
18.0,164.0,12.0,1.9436873
18.0,166.0,12.0,1.9000169
18.0,168.0,12.0,1.893053
18.0,170.0,12.0,2.0044482
18.0,172.0,12.0,2.1361272
18.0,174.0,12.0,2.159981
18.0,176.0,12.0,2.1261854
18.0,178.0,12.0,2.1241503
18.0,180.0,12.0,2.040012
20.0,-180.0,12.0,2.0948982
20.0,-178.0,12.0,2.1630528
20.0,-176.0,12.0,2.2370517
20.0,-174.0,12.0,2.194022
20.0,-172.0,12.0,2.1887054
20.0,-170.0,12.0,2.1445947
20.0,-168.0,12.0,2.1082597
20.0,-166.0,12.0,2.0490282
20.0,-164.0,12.0,2.0405874
20.0,-162.0,12.0,2.1352382
20.0,-160.0,12.0,2.1867669
20.0,-158.0,12.0,2.2754476
20.0,-156.0,12.0,2.3779645
20.0,-154.0,12.0,2.350538
20.0,-152.0,12.0,2.3000722
20.0,-150.0,12.0,2.2389233
20.0,-148.0,12.0,2.2959397
20.0,-146.0,12.0,2.3762636
20.0,-144.0,12.0,2.2822187
20.0,-142.0,12.0,2.2184374
20.0,-140.0,12.0,2.2868166
20.0,-138.0,12.0,2.4128575
20.0,-136.0,12.0,2.4776924
20.0,-134.0,12.0,2.504975
20.0,-132.0,12.0,2.3999946
20.0,-130.0,12.0,2.356128
20.0,-128.0,12.0,2.448455
20.0,-126.0,12.0,2.5402584
20.0,-124.0,12.0,2.4898105
20.0,-122.0,12.0,2.424546
20.0,-120.0,12.0,2.494477
20.0,-118.0,12.0,2.6265578
20.0,-116.0,12.0,2.760285
20.0,-114.0,12.0,2.7932534
20.0,-112.0,12.0,2.7015731
20.0,-110.0,12.0,2.766417
20.0,-108.0,12.0,2.7597878
20.0,-106.0,12.0,2.734246
20.0,-104.0,12.0,2.8781943
20.0,-102.0,12.0,3.1053817
20.0,-100.0,12.0,3.1447802
20.0,-98.0,12.0,3.0597882
20.0,-96.0,12.0,3.1221907
20.0,-94.0,12.0,3.09404
20.0,-92.0,12.0,3.0039587
20.0,-90.0,12.0,3.298411
20.0,-88.0,12.0,3.5155003
20.0,-86.0,12.0,3.4929144
20.0,-84.0,12.0,3.4559064
20.0,-82.0,12.0,3.4283817
20.0,-80.0,12.0,3.4117405
20.0,-78.0,12.0,3.199146
20.0,-76.0,12.0,3.1977913
20.0,-74.0,12.0,3.3265667
20.0,-72.0,12.0,3.323903
20.0,-70.0,12.0,3.1120546
20.0,-68.0,12.0,2.9347818
20.0,-66.0,12.0,2.8710485
20.0,-64.0,12.0,2.6841426
20.0,-62.0,12.0,2.576517
20.0,-60.0,12.0,2.594039
20.0,-58.0,12.0,2.698007
20.0,-56.0,12.0,2.756888
20.0,-54.0,12.0,2.5980554
20.0,-52.0,12.0,2.423683
20.0,-50.0,12.0,2.3396528
20.0,-48.0,12.0,2.2634015
20.0,-46.0,12.0,2.218156
20.0,-44.0,12.0,2.2029054
20.0,-42.0,12.0,2.2209873
20.0,-40.0,12.0,2.237087
20.0,-38.0,12.0,2.2498193
20.0,-36.0,12.0,2.2356212
20.0,-34.0,12.0,2.17606
20.0,-32.0,12.0,2.1175745
20.0,-30.0,12.0,2.1649947
20.0,-28.0,12.0,2.296947
20.0,-26.0,12.0,2.3708413
20.0,-24.0,12.0,2.383204
20.0,-22.0,12.0,2.2369757
20.0,-20.0,12.0,2.10989
20.0,-18.0,12.0,1.9920524
20.0,-16.0,12.0,1.8864812
20.0,-14.0,12.0,1.9100842
20.0,-12.0,12.0,2.0193622
20.0,-10.0,12.0,2.0802155
20.0,-8.0,12.0,2.1271887
20.0,-6.0,12.0,2.23756
20.0,-4.0,12.0,2.098603
20.0,-2.0,12.0,2.0087528
20.0,0.0,12.0,2.0489504
20.0,2.0,12.0,2.1636796
20.0,4.0,12.0,2.2160308
20.0,6.0,12.0,2.1966398
20.0,8.0,12.0,2.1552496
20.0,10.0,12.0,2.0254905
20.0,12.0,12.0,1.8890166
20.0,14.0,12.0,1.8127767
20.0,16.0,12.0,1.8629822
20.0,18.0,12.0,1.9315158
20.0,20.0,12.0,2.001795
20.0,22.0,12.0,2.1067994
20.0,24.0,12.0,2.1688101
20.0,26.0,12.0,2.0616772
20.0,28.0,12.0,2.024682
20.0,30.0,12.0,1.9841745
20.0,32.0,12.0,1.8731406
20.0,34.0,12.0,1.9015805
20.0,36.0,12.0,1.9071429
20.0,38.0,12.0,1.9312313
20.0,40.0,12.0,1.9585261
20.0,42.0,12.0,1.8621814
20.0,44.0,12.0,1.7241452
20.0,46.0,12.0,1.7276154
20.0,48.0,12.0,1.7915986
20.0,50.0,12.0,1.9358689
20.0,52.0,12.0,1.9341415
20.0,54.0,12.0,1.8182071
20.0,56.0,12.0,1.8125968
20.0,58.0,12.0,1.8625253
20.0,60.0,12.0,1.9013712
20.0,62.0,12.0,1.853487
20.0,64.0,12.0,1.935141
20.0,66.0,12.0,2.0879598
20.0,68.0,12.0,2.077589
20.0,70.0,12.0,1.8807844
20.0,72.0,12.0,1.7949721
20.0,74.0,12.0,1.8132608
20.0,76.0,12.0,1.8263614
20.0,78.0,12.0,1.7784435
20.0,80.0,12.0,1.8555412
20.0,82.0,12.0,2.097768
20.0,84.0,12.0,2.0998356
20.0,86.0,12.0,1.9427918
20.0,88.0,12.0,1.8952566
20.0,90.0,12.0,1.8391633
20.0,92.0,12.0,1.7614018
20.0,94.0,12.0,1.8423197
20.0,96.0,12.0,2.0713315
20.0,98.0,12.0,2.0361865
20.0,100.0,12.0,1.8346212
20.0,102.0,12.0,1.7782227
20.0,104.0,12.0,1.7980663
20.0,106.0,12.0,1.7498796
20.0,108.0,12.0,1.777801
20.0,110.0,12.0,1.8418578
20.0,112.0,12.0,2.0463092
20.0,114.0,12.0,2.004401
20.0,116.0,12.0,2.0007987
20.0,118.0,12.0,1.987294
20.0,120.0,12.0,1.8697674
20.0,122.0,12.0,1.7636253
20.0,124.0,12.0,1.780853
20.0,126.0,12.0,1.790254
20.0,128.0,12.0,1.9221199
20.0,130.0,12.0,1.894724
20.0,132.0,12.0,1.8367226
20.0,134.0,12.0,1.8304636
20.0,136.0,12.0,1.7905515
20.0,138.0,12.0,1.8489535
20.0,140.0,12.0,1.9267248
20.0,142.0,12.0,1.859437
20.0,144.0,12.0,1.881934
20.0,146.0,12.0,1.9115556
20.0,148.0,12.0,1.9739704
20.0,150.0,12.0,1.9702861
20.0,152.0,12.0,1.8834084
20.0,154.0,12.0,1.8707827
20.0,156.0,12.0,1.9952202
20.0,158.0,12.0,2.02352
20.0,160.0,12.0,2.0150893
20.0,162.0,12.0,2.0359182
20.0,164.0,12.0,2.0314898
20.0,166.0,12.0,1.9695909
20.0,168.0,12.0,1.9399431
20.0,170.0,12.0,2.061811
20.0,172.0,12.0,2.2077374
20.0,174.0,12.0,2.1954927
20.0,176.0,12.0,2.1726632
20.0,178.0,12.0,2.1860614
20.0,180.0,12.0,2.0948982
22.0,-180.0,12.0,2.2918677
22.0,-178.0,12.0,2.3641477
22.0,-176.0,12.0,2.4663298
22.0,-174.0,12.0,2.379513
22.0,-172.0,12.0,2.335226
22.0,-170.0,12.0,2.350627
22.0,-168.0,12.0,2.3058069
22.0,-166.0,12.0,2.2594244
22.0,-164.0,12.0,2.2668257
22.0,-162.0,12.0,2.3594208
22.0,-160.0,12.0,2.4500723
22.0,-158.0,12.0,2.5513053
22.0,-156.0,12.0,2.6845427
22.0,-154.0,12.0,2.6327882
22.0,-152.0,12.0,2.5537248
22.0,-150.0,12.0,2.5074267
22.0,-148.0,12.0,2.5831318
22.0,-146.0,12.0,2.656994
22.0,-144.0,12.0,2.555983
22.0,-142.0,12.0,2.472131
22.0,-140.0,12.0,2.557306
22.0,-138.0,12.0,2.7127857
22.0,-136.0,12.0,2.8588073
22.0,-134.0,12.0,2.921081
22.0,-132.0,12.0,2.7894015
22.0,-130.0,12.0,2.6947558
22.0,-128.0,12.0,2.7377112
22.0,-126.0,12.0,2.8312666
22.0,-124.0,12.0,2.7821386
22.0,-122.0,12.0,2.7210374
22.0,-120.0,12.0,2.8707914
22.0,-118.0,12.0,3.1104753
22.0,-116.0,12.0,3.2346084
22.0,-114.0,12.0,3.265168
22.0,-112.0,12.0,3.1590822
22.0,-110.0,12.0,3.1607819
22.0,-108.0,12.0,3.1110091
22.0,-106.0,12.0,3.0942323
22.0,-104.0,12.0,3.244668
22.0,-102.0,12.0,3.4935334
22.0,-100.0,12.0,3.4952657
22.0,-98.0,12.0,3.4687483
22.0,-96.0,12.0,3.4993815
22.0,-94.0,12.0,3.4221013
22.0,-92.0,12.0,3.3428173
22.0,-90.0,12.0,3.6687493
22.0,-88.0,12.0,3.973663
22.0,-86.0,12.0,3.9794233
22.0,-84.0,12.0,3.9079392
22.0,-82.0,12.0,3.8531442
22.0,-80.0,12.0,3.8328722
22.0,-78.0,12.0,3.5901053
22.0,-76.0,12.0,3.558867
22.0,-74.0,12.0,3.7365618
22.0,-72.0,12.0,3.754608
22.0,-70.0,12.0,3.5163677
22.0,-68.0,12.0,3.2993593
22.0,-66.0,12.0,3.2207038
22.0,-64.0,12.0,3.0840583
22.0,-62.0,12.0,2.8841338
22.0,-60.0,12.0,2.8748415
22.0,-58.0,12.0,3.0479207
22.0,-56.0,12.0,3.1300771
22.0,-54.0,12.0,3.016313
22.0,-52.0,12.0,2.754565
22.0,-50.0,12.0,2.6151166
22.0,-48.0,12.0,2.545611
22.0,-46.0,12.0,2.5011272
22.0,-44.0,12.0,2.4337103
22.0,-42.0,12.0,2.403979
22.0,-40.0,12.0,2.4198616
22.0,-38.0,12.0,2.4601433
22.0,-36.0,12.0,2.468717
22.0,-34.0,12.0,2.4270413
22.0,-32.0,12.0,2.349549
22.0,-30.0,12.0,2.3095965
22.0,-28.0,12.0,2.4267669
22.0,-26.0,12.0,2.573435
22.0,-24.0,12.0,2.612527
22.0,-22.0,12.0,2.488215
22.0,-20.0,12.0,2.3085637
22.0,-18.0,12.0,2.176556
22.0,-16.0,12.0,2.0398953
22.0,-14.0,12.0,2.0252488
22.0,-12.0,12.0,2.1302576
22.0,-10.0,12.0,2.2201865
22.0,-8.0,12.0,2.2808876
22.0,-6.0,12.0,2.3547375
22.0,-4.0,12.0,2.2750561
22.0,-2.0,12.0,2.2120044
22.0,0.0,12.0,2.1947477
22.0,2.0,12.0,2.304361
22.0,4.0,12.0,2.4085848
22.0,6.0,12.0,2.4210768
22.0,8.0,12.0,2.476261
22.0,10.0,12.0,2.280461
22.0,12.0,12.0,2.1230335
22.0,14.0,12.0,2.0438595
22.0,16.0,12.0,2.0807903
22.0,18.0,12.0,2.1317403
22.0,20.0,12.0,2.2327778
22.0,22.0,12.0,2.367425
22.0,24.0,12.0,2.4121978
22.0,26.0,12.0,2.2925744
22.0,28.0,12.0,2.241581
22.0,30.0,12.0,2.2237122
22.0,32.0,12.0,2.1210227
22.0,34.0,12.0,2.0817416
22.0,36.0,12.0,2.0671196
22.0,38.0,12.0,2.1398034
22.0,40.0,12.0,2.204547
22.0,42.0,12.0,2.0482376
22.0,44.0,12.0,1.8943354
22.0,46.0,12.0,1.9065396
22.0,48.0,12.0,2.0040364
22.0,50.0,12.0,2.1533039
22.0,52.0,12.0,2.131897
22.0,54.0,12.0,2.0325873
22.0,56.0,12.0,2.0596678
22.0,58.0,12.0,2.105134
22.0,60.0,12.0,2.120692
22.0,62.0,12.0,2.0732493
22.0,64.0,12.0,2.1042013
22.0,66.0,12.0,2.2307246
22.0,68.0,12.0,2.2359612
22.0,70.0,12.0,2.0348566
22.0,72.0,12.0,1.9972904
22.0,74.0,12.0,2.006825
22.0,76.0,12.0,2.0013332
22.0,78.0,12.0,1.9863715
22.0,80.0,12.0,2.0438075
22.0,82.0,12.0,2.3155181
22.0,84.0,12.0,2.311884
22.0,86.0,12.0,2.2028317
22.0,88.0,12.0,2.1697676
22.0,90.0,12.0,2.0601587
22.0,92.0,12.0,2.0288332
22.0,94.0,12.0,2.1192212
22.0,96.0,12.0,2.3035648
22.0,98.0,12.0,2.266364
22.0,100.0,12.0,2.023179
22.0,102.0,12.0,1.9603428
22.0,104.0,12.0,1.9769402
22.0,106.0,12.0,1.9696718
22.0,108.0,12.0,1.9992733
22.0,110.0,12.0,2.035452
22.0,112.0,12.0,2.2168367
22.0,114.0,12.0,2.2338462
22.0,116.0,12.0,2.206675
22.0,118.0,12.0,2.187399
22.0,120.0,12.0,2.0828204
22.0,122.0,12.0,2.006736
22.0,124.0,12.0,2.032305
22.0,126.0,12.0,2.037598
22.0,128.0,12.0,2.1315339
22.0,130.0,12.0,2.086001
22.0,132.0,12.0,2.0442781
22.0,134.0,12.0,2.03084
22.0,136.0,12.0,2.0211518
22.0,138.0,12.0,2.0288568
22.0,140.0,12.0,2.1102588
22.0,142.0,12.0,2.0731297
22.0,144.0,12.0,2.055809
22.0,146.0,12.0,2.0589983
22.0,148.0,12.0,2.0974638
22.0,150.0,12.0,2.1611397
22.0,152.0,12.0,2.0616512
22.0,154.0,12.0,2.0530682
22.0,156.0,12.0,2.2152073
22.0,158.0,12.0,2.2828774
22.0,160.0,12.0,2.1811318
22.0,162.0,12.0,2.1832943
22.0,164.0,12.0,2.1905396
22.0,166.0,12.0,2.1462464
22.0,168.0,12.0,2.136886
22.0,170.0,12.0,2.2467651
22.0,172.0,12.0,2.4586525
22.0,174.0,12.0,2.3934276
22.0,176.0,12.0,2.3321004
22.0,178.0,12.0,2.339075
22.0,180.0,12.0,2.2918677
24.0,-180.0,12.0,2.274145
24.0,-178.0,12.0,2.3257241
24.0,-176.0,12.0,2.4487867
24.0,-174.0,12.0,2.3444123
24.0,-172.0,12.0,2.2983696
24.0,-170.0,12.0,2.3432674
24.0,-168.0,12.0,2.32176
24.0,-166.0,12.0,2.209737
24.0,-164.0,12.0,2.2060163
24.0,-162.0,12.0,2.3044474
24.0,-160.0,12.0,2.417488
24.0,-158.0,12.0,2.4214058
24.0,-156.0,12.0,2.5686626
24.0,-154.0,12.0,2.5859776
24.0,-152.0,12.0,2.5448453
24.0,-150.0,12.0,2.4829473
24.0,-148.0,12.0,2.4590967
24.0,-146.0,12.0,2.5562682
24.0,-144.0,12.0,2.5294025
24.0,-142.0,12.0,2.4428742
24.0,-140.0,12.0,2.5000088
24.0,-138.0,12.0,2.6012783
24.0,-136.0,12.0,2.6937115
24.0,-134.0,12.0,2.7426767
24.0,-132.0,12.0,2.7180238
24.0,-130.0,12.0,2.6553743
24.0,-128.0,12.0,2.6756978
24.0,-126.0,12.0,2.746018
24.0,-124.0,12.0,2.8106825
24.0,-122.0,12.0,2.7557106
24.0,-120.0,12.0,2.8601146
24.0,-118.0,12.0,3.026729
24.0,-116.0,12.0,3.0919282
24.0,-114.0,12.0,3.1717918
24.0,-112.0,12.0,3.1267319
24.0,-110.0,12.0,3.1531806
24.0,-108.0,12.0,3.1621828
24.0,-106.0,12.0,3.1528757
24.0,-104.0,12.0,3.278775
24.0,-102.0,12.0,3.4461613
24.0,-100.0,12.0,3.5450835
24.0,-98.0,12.0,3.524695
24.0,-96.0,12.0,3.515863
24.0,-94.0,12.0,3.5629063
24.0,-92.0,12.0,3.5079546
24.0,-90.0,12.0,3.7723858
24.0,-88.0,12.0,3.8749046
24.0,-86.0,12.0,3.8510299
24.0,-84.0,12.0,3.8253415
24.0,-82.0,12.0,3.8345046
24.0,-80.0,12.0,3.8462236
24.0,-78.0,12.0,3.7053072
24.0,-76.0,12.0,3.6361828
24.0,-74.0,12.0,3.7271838
24.0,-72.0,12.0,3.6819873
24.0,-70.0,12.0,3.5489786
24.0,-68.0,12.0,3.39334
24.0,-66.0,12.0,3.320786
24.0,-64.0,12.0,3.2019517
24.0,-62.0,12.0,3.0303073
24.0,-60.0,12.0,3.0034041
24.0,-58.0,12.0,3.1327333
24.0,-56.0,12.0,3.1771173
24.0,-54.0,12.0,3.0182543
24.0,-52.0,12.0,2.7480686
24.0,-50.0,12.0,2.640749
24.0,-48.0,12.0,2.577478
24.0,-46.0,12.0,2.4957404
24.0,-44.0,12.0,2.4264944
24.0,-42.0,12.0,2.4157581
24.0,-40.0,12.0,2.410801
24.0,-38.0,12.0,2.4168816
24.0,-36.0,12.0,2.4336712
24.0,-34.0,12.0,2.3766665
24.0,-32.0,12.0,2.2977161
24.0,-30.0,12.0,2.268455
24.0,-28.0,12.0,2.393098
24.0,-26.0,12.0,2.5424037
24.0,-24.0,12.0,2.5513487
24.0,-22.0,12.0,2.4038312
24.0,-20.0,12.0,2.208045
24.0,-18.0,12.0,2.1375823
24.0,-16.0,12.0,2.0379214
24.0,-14.0,12.0,2.0200243
24.0,-12.0,12.0,2.1522033
24.0,-10.0,12.0,2.1876109
24.0,-8.0,12.0,2.1509666
24.0,-6.0,12.0,2.2506385
24.0,-4.0,12.0,2.188423
24.0,-2.0,12.0,2.1267672
24.0,0.0,12.0,2.120968
24.0,2.0,12.0,2.2757037
24.0,4.0,12.0,2.3529112
24.0,6.0,12.0,2.321074
24.0,8.0,12.0,2.309248
24.0,10.0,12.0,2.1342626
24.0,12.0,12.0,2.0285928
24.0,14.0,12.0,1.9342266
24.0,16.0,12.0,1.9708402
24.0,18.0,12.0,2.0602465
24.0,20.0,12.0,2.1005745
24.0,22.0,12.0,2.2093112
24.0,24.0,12.0,2.2509804
24.0,26.0,12.0,2.1479583
24.0,28.0,12.0,2.1220274
24.0,30.0,12.0,2.1094475
24.0,32.0,12.0,2.0171788
24.0,34.0,12.0,2.0196495
24.0,36.0,12.0,2.0600328
24.0,38.0,12.0,2.0550814
24.0,40.0,12.0,2.0878694
24.0,42.0,12.0,1.9734837
24.0,44.0,12.0,1.8643662
24.0,46.0,12.0,1.8742875
24.0,48.0,12.0,1.9708903
24.0,50.0,12.0,2.0610223
24.0,52.0,12.0,2.0224907
24.0,54.0,12.0,1.9512923
24.0,56.0,12.0,2.0342216
24.0,58.0,12.0,2.0288475
24.0,60.0,12.0,2.0198998
24.0,62.0,12.0,1.9740599
24.0,64.0,12.0,1.9995179
24.0,66.0,12.0,2.1133485
24.0,68.0,12.0,2.102368
24.0,70.0,12.0,1.9314833
24.0,72.0,12.0,1.9167589
24.0,74.0,12.0,1.9596192
24.0,76.0,12.0,1.9283948
24.0,78.0,12.0,1.8706692
24.0,80.0,12.0,1.9465111
24.0,82.0,12.0,2.2092822
24.0,84.0,12.0,2.2124426
24.0,86.0,12.0,2.0987518
24.0,88.0,12.0,2.1026225
24.0,90.0,12.0,1.9689679
24.0,92.0,12.0,1.9295164
24.0,94.0,12.0,1.9963819
24.0,96.0,12.0,2.19233
24.0,98.0,12.0,2.1528661
24.0,100.0,12.0,1.9511335
24.0,102.0,12.0,1.933852
24.0,104.0,12.0,1.9420689
24.0,106.0,12.0,1.8883181
24.0,108.0,12.0,1.8774536
24.0,110.0,12.0,1.936073
24.0,112.0,12.0,2.0756981
24.0,114.0,12.0,2.0627625
24.0,116.0,12.0,2.0619175
24.0,118.0,12.0,2.0500696
24.0,120.0,12.0,1.9809268
24.0,122.0,12.0,1.8920956
24.0,124.0,12.0,1.9074502
24.0,126.0,12.0,1.9451759
24.0,128.0,12.0,2.0323026
24.0,130.0,12.0,2.0070255
24.0,132.0,12.0,1.9537591
24.0,134.0,12.0,1.9494802
24.0,136.0,12.0,1.9633329
24.0,138.0,12.0,1.9964961
24.0,140.0,12.0,2.021776
24.0,142.0,12.0,2.00827
24.0,144.0,12.0,2.0213342
24.0,146.0,12.0,2.0289366
24.0,148.0,12.0,2.0390947
24.0,150.0,12.0,2.0581424
24.0,152.0,12.0,1.9825765
24.0,154.0,12.0,1.9055053
24.0,156.0,12.0,2.033434
24.0,158.0,12.0,2.1504745
24.0,160.0,12.0,2.13528
24.0,162.0,12.0,2.0752425
24.0,164.0,12.0,2.1046498
24.0,166.0,12.0,2.117841
24.0,168.0,12.0,2.0986483
24.0,170.0,12.0,2.175307
24.0,172.0,12.0,2.3723342
24.0,174.0,12.0,2.3441014
24.0,176.0,12.0,2.3236203
24.0,178.0,12.0,2.3314211
24.0,180.0,12.0,2.274145
26.0,-180.0,12.0,2.1779952
26.0,-178.0,12.0,2.2296517
26.0,-176.0,12.0,2.3614802
26.0,-174.0,12.0,2.3420565
26.0,-172.0,12.0,2.2567494
26.0,-170.0,12.0,2.2101085
26.0,-168.0,12.0,2.2002344
26.0,-166.0,12.0,2.110682
26.0,-164.0,12.0,2.1106262
26.0,-162.0,12.0,2.13944
26.0,-160.0,12.0,2.3007145
26.0,-158.0,12.0,2.3839679
26.0,-156.0,12.0,2.4581316
26.0,-154.0,12.0,2.4411755
26.0,-152.0,12.0,2.3955426
26.0,-150.0,12.0,2.3570223
26.0,-148.0,12.0,2.3135571
26.0,-146.0,12.0,2.3954306
26.0,-144.0,12.0,2.4334662
26.0,-142.0,12.0,2.407601
26.0,-140.0,12.0,2.450472
26.0,-138.0,12.0,2.5072525
26.0,-136.0,12.0,2.5917165
26.0,-134.0,12.0,2.6865995
26.0,-132.0,12.0,2.6612272
26.0,-130.0,12.0,2.587131
26.0,-128.0,12.0,2.6073887
26.0,-126.0,12.0,2.701143
26.0,-124.0,12.0,2.7960882
26.0,-122.0,12.0,2.7622912
26.0,-120.0,12.0,2.8233306
26.0,-118.0,12.0,2.9841652
26.0,-116.0,12.0,3.0435457
26.0,-114.0,12.0,3.0814152
26.0,-112.0,12.0,3.054325
26.0,-110.0,12.0,3.098167
26.0,-108.0,12.0,3.121264
26.0,-106.0,12.0,3.100946
26.0,-104.0,12.0,3.22761
26.0,-102.0,12.0,3.37439
26.0,-100.0,12.0,3.4397027
26.0,-98.0,12.0,3.3632913
26.0,-96.0,12.0,3.3957756
26.0,-94.0,12.0,3.4558244
26.0,-92.0,12.0,3.4741356
26.0,-90.0,12.0,3.6778128
26.0,-88.0,12.0,3.791733
26.0,-86.0,12.0,3.738033
26.0,-84.0,12.0,3.6837425
26.0,-82.0,12.0,3.6537476
26.0,-80.0,12.0,3.7238734
26.0,-78.0,12.0,3.6339576
26.0,-76.0,12.0,3.5560136
26.0,-74.0,12.0,3.5960708
26.0,-72.0,12.0,3.599946
26.0,-70.0,12.0,3.506354
26.0,-68.0,12.0,3.3883448
26.0,-66.0,12.0,3.3191195
26.0,-64.0,12.0,3.2575257
26.0,-62.0,12.0,3.0936477
26.0,-60.0,12.0,3.069414
26.0,-58.0,12.0,3.141546
26.0,-56.0,12.0,3.1465268
26.0,-54.0,12.0,2.948411
26.0,-52.0,12.0,2.7021372
26.0,-50.0,12.0,2.581643
26.0,-48.0,12.0,2.543739
26.0,-46.0,12.0,2.4869165
26.0,-44.0,12.0,2.4476001
26.0,-42.0,12.0,2.4365819
26.0,-40.0,12.0,2.3841336
26.0,-38.0,12.0,2.4009836
26.0,-36.0,12.0,2.4057324
26.0,-34.0,12.0,2.3732004
26.0,-32.0,12.0,2.2405126
26.0,-30.0,12.0,2.351379
26.0,-28.0,12.0,2.5302966
26.0,-26.0,12.0,2.630501
26.0,-24.0,12.0,2.6319952
26.0,-22.0,12.0,2.4490087
26.0,-20.0,12.0,2.286129
26.0,-18.0,12.0,2.1891649
26.0,-16.0,12.0,2.0727894
26.0,-14.0,12.0,2.082892
26.0,-12.0,12.0,2.2197633
26.0,-10.0,12.0,2.2425237
26.0,-8.0,12.0,2.23971
26.0,-6.0,12.0,2.387947
26.0,-4.0,12.0,2.290539
26.0,-2.0,12.0,2.151053
26.0,0.0,12.0,2.2087555
26.0,2.0,12.0,2.3638575
26.0,4.0,12.0,2.4241989
26.0,6.0,12.0,2.346995
26.0,8.0,12.0,2.3283226
26.0,10.0,12.0,2.1423852
26.0,12.0,12.0,2.016095
26.0,14.0,12.0,1.9631875
26.0,16.0,12.0,1.9962999
26.0,18.0,12.0,2.1272976
26.0,20.0,12.0,2.168651
26.0,22.0,12.0,2.1970403
26.0,24.0,12.0,2.225312
26.0,26.0,12.0,2.117141
26.0,28.0,12.0,2.1335318
26.0,30.0,12.0,2.1256003
26.0,32.0,12.0,2.0402617
26.0,34.0,12.0,2.0611138
26.0,36.0,12.0,2.0664253
26.0,38.0,12.0,2.0867682
26.0,40.0,12.0,2.1044497
26.0,42.0,12.0,2.0183697
26.0,44.0,12.0,1.9435865
26.0,46.0,12.0,1.9637796
26.0,48.0,12.0,2.0171435
26.0,50.0,12.0,2.0631711
26.0,52.0,12.0,2.0735064
26.0,54.0,12.0,2.1025069
26.0,56.0,12.0,2.1079652
26.0,58.0,12.0,2.0669324
26.0,60.0,12.0,2.0241408
26.0,62.0,12.0,2.0211918
26.0,64.0,12.0,2.0923963
26.0,66.0,12.0,2.1125312
26.0,68.0,12.0,2.0924563
26.0,70.0,12.0,2.049745
26.0,72.0,12.0,2.014393
26.0,74.0,12.0,2.0364542
26.0,76.0,12.0,2.0650456
26.0,78.0,12.0,2.0235345
26.0,80.0,12.0,2.0357864
26.0,82.0,12.0,2.1893382
26.0,84.0,12.0,2.191571
26.0,86.0,12.0,2.0671732
26.0,88.0,12.0,2.044539
26.0,90.0,12.0,1.9732407
26.0,92.0,12.0,1.9684107
26.0,94.0,12.0,1.9905522
26.0,96.0,12.0,2.1164973
26.0,98.0,12.0,2.0959396
26.0,100.0,12.0,1.9892296
26.0,102.0,12.0,1.9921448
26.0,104.0,12.0,2.01806
26.0,106.0,12.0,2.0046494
26.0,108.0,12.0,1.9778904
26.0,110.0,12.0,1.9674574
26.0,112.0,12.0,2.051718
26.0,114.0,12.0,2.065236
26.0,116.0,12.0,2.034981
26.0,118.0,12.0,2.0013795
26.0,120.0,12.0,1.9677961
26.0,122.0,12.0,1.973923
26.0,124.0,12.0,1.9297376
26.0,126.0,12.0,1.9270283
26.0,128.0,12.0,1.9621328
26.0,130.0,12.0,1.9846153
26.0,132.0,12.0,1.9721541
26.0,134.0,12.0,1.9805865
26.0,136.0,12.0,1.9964572
26.0,138.0,12.0,2.0234118
26.0,140.0,12.0,2.0263355
26.0,142.0,12.0,2.0416203
26.0,144.0,12.0,2.0491943
26.0,146.0,12.0,2.0087955
26.0,148.0,12.0,1.989688
26.0,150.0,12.0,2.0390525
26.0,152.0,12.0,2.0193152
26.0,154.0,12.0,1.9530011
26.0,156.0,12.0,2.0446723
26.0,158.0,12.0,2.1011686
26.0,160.0,12.0,2.0810194
26.0,162.0,12.0,2.0443792
26.0,164.0,12.0,2.0825114
26.0,166.0,12.0,2.0478237
26.0,168.0,12.0,2.0218859
26.0,170.0,12.0,2.1144416
26.0,172.0,12.0,2.2968798
26.0,174.0,12.0,2.287547
26.0,176.0,12.0,2.2995834
26.0,178.0,12.0,2.322752
26.0,180.0,12.0,2.1779952
28.0,-180.0,12.0,2.2013428
28.0,-178.0,12.0,2.2766025
28.0,-176.0,12.0,2.4055912
28.0,-174.0,12.0,2.3465314
28.0,-172.0,12.0,2.2885888
28.0,-170.0,12.0,2.3124714
28.0,-168.0,12.0,2.2479439
28.0,-166.0,12.0,2.1717281
28.0,-164.0,12.0,2.2172446
28.0,-162.0,12.0,2.2530267
28.0,-160.0,12.0,2.3873353
28.0,-158.0,12.0,2.5477145
28.0,-156.0,12.0,2.6394434
28.0,-154.0,12.0,2.6192431
28.0,-152.0,12.0,2.5313349
28.0,-150.0,12.0,2.450316
28.0,-148.0,12.0,2.466488
28.0,-146.0,12.0,2.5327203
28.0,-144.0,12.0,2.5338104
28.0,-142.0,12.0,2.5405228
28.0,-140.0,12.0,2.580463
28.0,-138.0,12.0,2.6618865
28.0,-136.0,12.0,2.7474182
28.0,-134.0,12.0,2.8388357
28.0,-132.0,12.0,2.8353355
28.0,-130.0,12.0,2.770216
28.0,-128.0,12.0,2.7508454
28.0,-126.0,12.0,2.8651922
28.0,-124.0,12.0,2.944778
28.0,-122.0,12.0,3.00594
28.0,-120.0,12.0,3.0377848
28.0,-118.0,12.0,3.1720386
28.0,-116.0,12.0,3.306534
28.0,-114.0,12.0,3.3765786
28.0,-112.0,12.0,3.3284898
28.0,-110.0,12.0,3.3407795
28.0,-108.0,12.0,3.4013088
28.0,-106.0,12.0,3.428606
28.0,-104.0,12.0,3.4607677
28.0,-102.0,12.0,3.5656555
28.0,-100.0,12.0,3.60961
28.0,-98.0,12.0,3.5467823
28.0,-96.0,12.0,3.5238345
28.0,-94.0,12.0,3.5553923
28.0,-92.0,12.0,3.6003404
28.0,-90.0,12.0,3.825799
28.0,-88.0,12.0,3.9479144
28.0,-86.0,12.0,3.915787
28.0,-84.0,12.0,3.8756502
28.0,-82.0,12.0,3.7546093
28.0,-80.0,12.0,3.8655264
28.0,-78.0,12.0,3.8210702
28.0,-76.0,12.0,3.7832096
28.0,-74.0,12.0,3.800956
28.0,-72.0,12.0,3.8621843
28.0,-70.0,12.0,3.7458436
28.0,-68.0,12.0,3.5524216
28.0,-66.0,12.0,3.5044837
28.0,-64.0,12.0,3.4267118
28.0,-62.0,12.0,3.3133318
28.0,-60.0,12.0,3.3754308
28.0,-58.0,12.0,3.4230886
28.0,-56.0,12.0,3.450818
28.0,-54.0,12.0,3.2695122
28.0,-52.0,12.0,2.9749255
28.0,-50.0,12.0,2.7870429
28.0,-48.0,12.0,2.7075546
28.0,-46.0,12.0,2.6839497
28.0,-44.0,12.0,2.7122397
28.0,-42.0,12.0,2.6310406
28.0,-40.0,12.0,2.5495458
28.0,-38.0,12.0,2.51336
28.0,-36.0,12.0,2.5421984
28.0,-34.0,12.0,2.540747
28.0,-32.0,12.0,2.4178843
28.0,-30.0,12.0,2.4795132
28.0,-28.0,12.0,2.6425238
28.0,-26.0,12.0,2.7145526
28.0,-24.0,12.0,2.735492
28.0,-22.0,12.0,2.5575314
28.0,-20.0,12.0,2.3828583
28.0,-18.0,12.0,2.2897432
28.0,-16.0,12.0,2.1943393
28.0,-14.0,12.0,2.1873052
28.0,-12.0,12.0,2.3095956
28.0,-10.0,12.0,2.349848
28.0,-8.0,12.0,2.3067243
28.0,-6.0,12.0,2.4139602
28.0,-4.0,12.0,2.377336
28.0,-2.0,12.0,2.2847178
28.0,0.0,12.0,2.2860546
28.0,2.0,12.0,2.4361007
28.0,4.0,12.0,2.5089593
28.0,6.0,12.0,2.4080398
28.0,8.0,12.0,2.3999531
28.0,10.0,12.0,2.2953963
28.0,12.0,12.0,2.156782
28.0,14.0,12.0,2.067386
28.0,16.0,12.0,2.1346138
28.0,18.0,12.0,2.2739203
28.0,20.0,12.0,2.303085
28.0,22.0,12.0,2.3515227
28.0,24.0,12.0,2.3787708
28.0,26.0,12.0,2.2703843
28.0,28.0,12.0,2.2511399
28.0,30.0,12.0,2.276358
28.0,32.0,12.0,2.1954122
28.0,34.0,12.0,2.1253667
28.0,36.0,12.0,2.094575
28.0,38.0,12.0,2.1638303
28.0,40.0,12.0,2.2366905
28.0,42.0,12.0,2.1113377
28.0,44.0,12.0,2.036093
28.0,46.0,12.0,2.0450675
28.0,48.0,12.0,2.1095665
28.0,50.0,12.0,2.1708167
28.0,52.0,12.0,2.1994567
28.0,54.0,12.0,2.2280447
28.0,56.0,12.0,2.214781
28.0,58.0,12.0,2.167582
28.0,60.0,12.0,2.138655
28.0,62.0,12.0,2.1658266
28.0,64.0,12.0,2.1653354
28.0,66.0,12.0,2.1504457
28.0,68.0,12.0,2.1710854
28.0,70.0,12.0,2.129932
28.0,72.0,12.0,2.100524
28.0,74.0,12.0,2.1060934
28.0,76.0,12.0,2.1301925
28.0,78.0,12.0,2.1303134
28.0,80.0,12.0,2.119432
28.0,82.0,12.0,2.2787693
28.0,84.0,12.0,2.2732222
28.0,86.0,12.0,2.1579099
28.0,88.0,12.0,2.1131947
28.0,90.0,12.0,2.0355406
28.0,92.0,12.0,2.0278168
28.0,94.0,12.0,2.0292263
28.0,96.0,12.0,2.1861043
28.0,98.0,12.0,2.1684597
28.0,100.0,12.0,2.0722637
28.0,102.0,12.0,2.0512185
28.0,104.0,12.0,2.0751238
28.0,106.0,12.0,2.1022332
28.0,108.0,12.0,2.0901217
28.0,110.0,12.0,2.0632782
28.0,112.0,12.0,2.1760433
28.0,114.0,12.0,2.2045517
28.0,116.0,12.0,2.1327372
28.0,118.0,12.0,2.0755353
28.0,120.0,12.0,2.0307674
28.0,122.0,12.0,2.051802
28.0,124.0,12.0,1.9878061
28.0,126.0,12.0,1.978931
28.0,128.0,12.0,2.004225
28.0,130.0,12.0,2.0093317
28.0,132.0,12.0,1.979994
28.0,134.0,12.0,1.99756
28.0,136.0,12.0,2.0416744
28.0,138.0,12.0,2.0628393
28.0,140.0,12.0,2.0573518
28.0,142.0,12.0,2.0703187
28.0,144.0,12.0,2.1170745
28.0,146.0,12.0,2.072869
28.0,148.0,12.0,2.0481863
28.0,150.0,12.0,2.0877972
28.0,152.0,12.0,2.0656233
28.0,154.0,12.0,2.0255978
28.0,156.0,12.0,2.1379416
28.0,158.0,12.0,2.1552498
28.0,160.0,12.0,2.148434
28.0,162.0,12.0,2.0774038
28.0,164.0,12.0,2.07757
28.0,166.0,12.0,2.0956817
28.0,168.0,12.0,2.0427234
28.0,170.0,12.0,2.111726
28.0,172.0,12.0,2.3432863
28.0,174.0,12.0,2.3533044
28.0,176.0,12.0,2.31449
28.0,178.0,12.0,2.304146
28.0,180.0,12.0,2.2013428
30.0,-180.0,12.0,2.3715625
30.0,-178.0,12.0,2.425124
30.0,-176.0,12.0,2.566357
30.0,-174.0,12.0,2.5194392
30.0,-172.0,12.0,2.4330902
30.0,-170.0,12.0,2.4681406
30.0,-168.0,12.0,2.418581
30.0,-166.0,12.0,2.3044252
30.0,-164.0,12.0,2.3296068
30.0,-162.0,12.0,2.413431
30.0,-160.0,12.0,2.589249
30.0,-158.0,12.0,2.7482543
30.0,-156.0,12.0,2.875588
30.0,-154.0,12.0,2.8881261
30.0,-152.0,12.0,2.765457
30.0,-150.0,12.0,2.7004206
30.0,-148.0,12.0,2.6763983
30.0,-146.0,12.0,2.8264594
30.0,-144.0,12.0,2.9087238
30.0,-142.0,12.0,2.858881
30.0,-140.0,12.0,2.8554974
30.0,-138.0,12.0,2.977505
30.0,-136.0,12.0,3.125297
30.0,-134.0,12.0,3.2375789
30.0,-132.0,12.0,3.2530499
30.0,-130.0,12.0,3.1307278
30.0,-128.0,12.0,3.100117
30.0,-126.0,12.0,3.2760499
30.0,-124.0,12.0,3.4381347
30.0,-122.0,12.0,3.4528763
30.0,-120.0,12.0,3.4683862
30.0,-118.0,12.0,3.5365496
30.0,-116.0,12.0,3.7401247
30.0,-114.0,12.0,3.7592173
30.0,-112.0,12.0,3.7706244
30.0,-110.0,12.0,3.7830472
30.0,-108.0,12.0,3.9035122
30.0,-106.0,12.0,3.951805
30.0,-104.0,12.0,3.9783802
30.0,-102.0,12.0,4.0458064
30.0,-100.0,12.0,4.1140285
30.0,-98.0,12.0,3.9368944
30.0,-96.0,12.0,3.9716647
30.0,-94.0,12.0,4.0007896
30.0,-92.0,12.0,4.014723
30.0,-90.0,12.0,4.3227153
30.0,-88.0,12.0,4.5027795
30.0,-86.0,12.0,4.4989085
30.0,-84.0,12.0,4.3333187
30.0,-82.0,12.0,4.2798657
30.0,-80.0,12.0,4.4009385
30.0,-78.0,12.0,4.3443327
30.0,-76.0,12.0,4.3166013
30.0,-74.0,12.0,4.349844
30.0,-72.0,12.0,4.3395934
30.0,-70.0,12.0,4.1241126
30.0,-68.0,12.0,3.96936
30.0,-66.0,12.0,3.8897
30.0,-64.0,12.0,3.790424
30.0,-62.0,12.0,3.666148
30.0,-60.0,12.0,3.728897
30.0,-58.0,12.0,3.7632656
30.0,-56.0,12.0,3.7794425
30.0,-54.0,12.0,3.6560192
30.0,-52.0,12.0,3.3091233
30.0,-50.0,12.0,3.1004257
30.0,-48.0,12.0,3.0267627
30.0,-46.0,12.0,2.9906783
30.0,-44.0,12.0,2.919511
30.0,-42.0,12.0,2.843066
30.0,-40.0,12.0,2.7197094
30.0,-38.0,12.0,2.7078557
30.0,-36.0,12.0,2.7369142
30.0,-34.0,12.0,2.688769
30.0,-32.0,12.0,2.5665467
30.0,-30.0,12.0,2.4908483
30.0,-28.0,12.0,2.5877185
30.0,-26.0,12.0,2.7319493
30.0,-24.0,12.0,2.7645438
30.0,-22.0,12.0,2.5935996
30.0,-20.0,12.0,2.4482431
30.0,-18.0,12.0,2.4399378
30.0,-16.0,12.0,2.2840579
30.0,-14.0,12.0,2.273527
30.0,-12.0,12.0,2.3513803
30.0,-10.0,12.0,2.3925724
30.0,-8.0,12.0,2.3480709
30.0,-6.0,12.0,2.4254642
30.0,-4.0,12.0,2.4423773
30.0,-2.0,12.0,2.3728108
30.0,0.0,12.0,2.3627803
30.0,2.0,12.0,2.4490294
30.0,4.0,12.0,2.5027773
30.0,6.0,12.0,2.442312
30.0,8.0,12.0,2.4395218
30.0,10.0,12.0,2.3533998
30.0,12.0,12.0,2.2282991
30.0,14.0,12.0,2.1802855
30.0,16.0,12.0,2.2402318
30.0,18.0,12.0,2.3422446
30.0,20.0,12.0,2.346526
30.0,22.0,12.0,2.3612905
30.0,24.0,12.0,2.3953278
30.0,26.0,12.0,2.3285878
30.0,28.0,12.0,2.3078454
30.0,30.0,12.0,2.3260458
30.0,32.0,12.0,2.2674375
30.0,34.0,12.0,2.2367368
30.0,36.0,12.0,2.180671
30.0,38.0,12.0,2.240607
30.0,40.0,12.0,2.2965503
30.0,42.0,12.0,2.1397638
30.0,44.0,12.0,2.0255687
30.0,46.0,12.0,2.0517817
30.0,48.0,12.0,2.098763
30.0,50.0,12.0,2.2537248
30.0,52.0,12.0,2.3087323
30.0,54.0,12.0,2.298483
30.0,56.0,12.0,2.212197
30.0,58.0,12.0,2.183808
30.0,60.0,12.0,2.20638
30.0,62.0,12.0,2.2072077
30.0,64.0,12.0,2.2131956
30.0,66.0,12.0,2.2605321
30.0,68.0,12.0,2.2501857
30.0,70.0,12.0,2.1624706
30.0,72.0,12.0,2.1157038
30.0,74.0,12.0,2.069745
30.0,76.0,12.0,2.0805638
30.0,78.0,12.0,2.092445
30.0,80.0,12.0,2.1068337
30.0,82.0,12.0,2.3270686
30.0,84.0,12.0,2.3282433
30.0,86.0,12.0,2.1717384
30.0,88.0,12.0,2.1544557
30.0,90.0,12.0,2.0754664
30.0,92.0,12.0,2.0133846
30.0,94.0,12.0,2.0829089
30.0,96.0,12.0,2.2813847
30.0,98.0,12.0,2.301293
30.0,100.0,12.0,2.0774724
30.0,102.0,12.0,2.0236788
30.0,104.0,12.0,2.0775564
30.0,106.0,12.0,2.105679
30.0,108.0,12.0,2.090543
30.0,110.0,12.0,2.061921
30.0,112.0,12.0,2.2258482
30.0,114.0,12.0,2.277965
30.0,116.0,12.0,2.1972558
30.0,118.0,12.0,2.1123345
30.0,120.0,12.0,2.0796702
30.0,122.0,12.0,2.0644844
30.0,124.0,12.0,2.0024457
30.0,126.0,12.0,1.9489498
30.0,128.0,12.0,2.0495539
30.0,130.0,12.0,2.091795
30.0,132.0,12.0,1.9951445
30.0,134.0,12.0,2.0145788
30.0,136.0,12.0,2.017279
30.0,138.0,12.0,2.0002184
30.0,140.0,12.0,2.1046948
30.0,142.0,12.0,2.0226345
30.0,144.0,12.0,2.0294096
30.0,146.0,12.0,2.0193896
30.0,148.0,12.0,2.1112134
30.0,150.0,12.0,2.1456895
30.0,152.0,12.0,2.0750601
30.0,154.0,12.0,2.095413
30.0,156.0,12.0,2.1871917
30.0,158.0,12.0,2.1994605
30.0,160.0,12.0,2.206791
30.0,162.0,12.0,2.1628726
30.0,164.0,12.0,2.1426523
30.0,166.0,12.0,2.1708636
30.0,168.0,12.0,2.2225401
30.0,170.0,12.0,2.273748
30.0,172.0,12.0,2.531156
30.0,174.0,12.0,2.5294068
30.0,176.0,12.0,2.4704568
30.0,178.0,12.0,2.4760454
30.0,180.0,12.0,2.3715625
32.0,-180.0,12.0,2.7004783
32.0,-178.0,12.0,2.6559935
32.0,-176.0,12.0,2.7193756
32.0,-174.0,12.0,2.7901082
32.0,-172.0,12.0,2.727722
32.0,-170.0,12.0,2.667378
32.0,-168.0,12.0,2.6253302
32.0,-166.0,12.0,2.610628
32.0,-164.0,12.0,2.528113
32.0,-162.0,12.0,2.5784996
32.0,-160.0,12.0,2.83813
32.0,-158.0,12.0,3.026958
32.0,-156.0,12.0,3.0899618
32.0,-154.0,12.0,3.1453373
32.0,-152.0,12.0,3.1034288
32.0,-150.0,12.0,3.0447164
32.0,-148.0,12.0,2.9903464
32.0,-146.0,12.0,3.0837803
32.0,-144.0,12.0,3.146391
32.0,-142.0,12.0,3.2377222
32.0,-140.0,12.0,3.292401
32.0,-138.0,12.0,3.3795419
32.0,-136.0,12.0,3.5625088
32.0,-134.0,12.0,3.6637347
32.0,-132.0,12.0,3.6577435
32.0,-130.0,12.0,3.5690384
32.0,-128.0,12.0,3.5121908
32.0,-126.0,12.0,3.6051853
32.0,-124.0,12.0,3.77141
32.0,-122.0,12.0,3.8398309
32.0,-120.0,12.0,3.927218
32.0,-118.0,12.0,3.9629016
32.0,-116.0,12.0,4.0891695
32.0,-114.0,12.0,4.122885
32.0,-112.0,12.0,4.084198
32.0,-110.0,12.0,4.0784936
32.0,-108.0,12.0,4.191256
32.0,-106.0,12.0,4.261738
32.0,-104.0,12.0,4.2498927
32.0,-102.0,12.0,4.296502
32.0,-100.0,12.0,4.344187
32.0,-98.0,12.0,4.2030754
32.0,-96.0,12.0,4.1990685
32.0,-94.0,12.0,4.331349
32.0,-92.0,12.0,4.3122373
32.0,-90.0,12.0,4.4879
32.0,-88.0,12.0,4.72397
32.0,-86.0,12.0,4.6938963
32.0,-84.0,12.0,4.645379
32.0,-82.0,12.0,4.5521164
32.0,-80.0,12.0,4.544339
32.0,-78.0,12.0,4.5459623
32.0,-76.0,12.0,4.579333
32.0,-74.0,12.0,4.6092114
32.0,-72.0,12.0,4.5068583
32.0,-70.0,12.0,4.245982
32.0,-68.0,12.0,4.1729116
32.0,-66.0,12.0,4.2376523
32.0,-64.0,12.0,4.1609826
32.0,-62.0,12.0,3.9682384
32.0,-60.0,12.0,4.0350432
32.0,-58.0,12.0,4.0497003
32.0,-56.0,12.0,3.9612513
32.0,-54.0,12.0,3.8147802
32.0,-52.0,12.0,3.696688
32.0,-50.0,12.0,3.5390158
32.0,-48.0,12.0,3.4194906
32.0,-46.0,12.0,3.283047
32.0,-44.0,12.0,3.1524727
32.0,-42.0,12.0,3.107006
32.0,-40.0,12.0,3.1375957
32.0,-38.0,12.0,3.1383517
32.0,-36.0,12.0,3.0664992
32.0,-34.0,12.0,2.95821
32.0,-32.0,12.0,2.882875
32.0,-30.0,12.0,2.7899418
32.0,-28.0,12.0,2.7995696
32.0,-26.0,12.0,3.0041811
32.0,-24.0,12.0,3.018767
32.0,-22.0,12.0,2.7914324
32.0,-20.0,12.0,2.6901011
32.0,-18.0,12.0,2.633475
32.0,-16.0,12.0,2.4745622
32.0,-14.0,12.0,2.4389238
32.0,-12.0,12.0,2.514116
32.0,-10.0,12.0,2.5615067
32.0,-8.0,12.0,2.5349274
32.0,-6.0,12.0,2.6328347
32.0,-4.0,12.0,2.6485271
32.0,-2.0,12.0,2.6172001
32.0,0.0,12.0,2.555616
32.0,2.0,12.0,2.622382
32.0,4.0,12.0,2.6532984
32.0,6.0,12.0,2.6070783
32.0,8.0,12.0,2.633298
32.0,10.0,12.0,2.5013628
32.0,12.0,12.0,2.4022787
32.0,14.0,12.0,2.3154495
32.0,16.0,12.0,2.376106
32.0,18.0,12.0,2.450333
32.0,20.0,12.0,2.4801688
32.0,22.0,12.0,2.4938736
32.0,24.0,12.0,2.5207918
32.0,26.0,12.0,2.423667
32.0,28.0,12.0,2.372501
32.0,30.0,12.0,2.3802464
32.0,32.0,12.0,2.3558357
32.0,34.0,12.0,2.2792234
32.0,36.0,12.0,2.2499118
32.0,38.0,12.0,2.3577087
32.0,40.0,12.0,2.4130378
32.0,42.0,12.0,2.2259586
32.0,44.0,12.0,2.1225097
32.0,46.0,12.0,2.1370552
32.0,48.0,12.0,2.1538262
32.0,50.0,12.0,2.3489923
32.0,52.0,12.0,2.4616027
32.0,54.0,12.0,2.391449
32.0,56.0,12.0,2.2996416
32.0,58.0,12.0,2.2574844
32.0,60.0,12.0,2.2822013
32.0,62.0,12.0,2.2969878
32.0,64.0,12.0,2.2916584
32.0,66.0,12.0,2.3657486
32.0,68.0,12.0,2.4250808
32.0,70.0,12.0,2.3046799
32.0,72.0,12.0,2.255237
32.0,74.0,12.0,2.2196605
32.0,76.0,12.0,2.1652572
32.0,78.0,12.0,2.1882994
32.0,80.0,12.0,2.250587
32.0,82.0,12.0,2.5163906
32.0,84.0,12.0,2.532582
32.0,86.0,12.0,2.3489707
32.0,88.0,12.0,2.3167644
32.0,90.0,12.0,2.2529469
32.0,92.0,12.0,2.1283748
32.0,94.0,12.0,2.1997397
32.0,96.0,12.0,2.4121544
32.0,98.0,12.0,2.4653223
32.0,100.0,12.0,2.2475462
32.0,102.0,12.0,2.1746929
32.0,104.0,12.0,2.1247344
32.0,106.0,12.0,2.131887
32.0,108.0,12.0,2.187177
32.0,110.0,12.0,2.1549127
32.0,112.0,12.0,2.3370328
32.0,114.0,12.0,2.4353654
32.0,116.0,12.0,2.358503
32.0,118.0,12.0,2.290492
32.0,120.0,12.0,2.201262
32.0,122.0,12.0,2.170005
32.0,124.0,12.0,2.111548
32.0,126.0,12.0,2.094478
32.0,128.0,12.0,2.2105703
32.0,130.0,12.0,2.2454772
32.0,132.0,12.0,2.0987742
32.0,134.0,12.0,2.1768048
32.0,136.0,12.0,2.18296
32.0,138.0,12.0,2.1128945
32.0,140.0,12.0,2.2546208
32.0,142.0,12.0,2.14753
32.0,144.0,12.0,2.1155167
32.0,146.0,12.0,2.1113813
32.0,148.0,12.0,2.2005186
32.0,150.0,12.0,2.264733
32.0,152.0,12.0,2.2138777
32.0,154.0,12.0,2.2719784
32.0,156.0,12.0,2.4119933
32.0,158.0,12.0,2.449383
32.0,160.0,12.0,2.3955321
32.0,162.0,12.0,2.3777525
32.0,164.0,12.0,2.3978941
32.0,166.0,12.0,2.4136417
32.0,168.0,12.0,2.4441679
32.0,170.0,12.0,2.5188944
32.0,172.0,12.0,2.725914
32.0,174.0,12.0,2.7072964
32.0,176.0,12.0,2.7715998
32.0,178.0,12.0,2.7448413
32.0,180.0,12.0,2.7004783
34.0,-180.0,12.0,2.699539
34.0,-178.0,12.0,2.6960506
34.0,-176.0,12.0,2.781488
34.0,-174.0,12.0,2.8599446
34.0,-172.0,12.0,2.7723813
34.0,-170.0,12.0,2.6982017
34.0,-168.0,12.0,2.6775553
34.0,-166.0,12.0,2.618142
34.0,-164.0,12.0,2.581028
34.0,-162.0,12.0,2.6250377
34.0,-160.0,12.0,2.873737
34.0,-158.0,12.0,3.0999653
34.0,-156.0,12.0,3.1370423
34.0,-154.0,12.0,3.145111
34.0,-152.0,12.0,3.179875
34.0,-150.0,12.0,3.11438
34.0,-148.0,12.0,3.0565631
34.0,-146.0,12.0,3.1119525
34.0,-144.0,12.0,3.2325974
34.0,-142.0,12.0,3.3216488
34.0,-140.0,12.0,3.4265184
34.0,-138.0,12.0,3.4955308
34.0,-136.0,12.0,3.597246
34.0,-134.0,12.0,3.7867258
34.0,-132.0,12.0,3.8312733
34.0,-130.0,12.0,3.7372148
34.0,-128.0,12.0,3.6786857
34.0,-126.0,12.0,3.691688
34.0,-124.0,12.0,3.8093219
34.0,-122.0,12.0,3.9151504
34.0,-120.0,12.0,3.9939325
34.0,-118.0,12.0,4.025452
34.0,-116.0,12.0,4.1585054
34.0,-114.0,12.0,4.297621
34.0,-112.0,12.0,4.3042836
34.0,-110.0,12.0,4.228376
34.0,-108.0,12.0,4.3093762
34.0,-106.0,12.0,4.373299
34.0,-104.0,12.0,4.352309
34.0,-102.0,12.0,4.3645334
34.0,-100.0,12.0,4.4471445
34.0,-98.0,12.0,4.389049
34.0,-96.0,12.0,4.391431
34.0,-94.0,12.0,4.4813027
34.0,-92.0,12.0,4.5440316
34.0,-90.0,12.0,4.595529
34.0,-88.0,12.0,4.694081
34.0,-86.0,12.0,4.807097
34.0,-84.0,12.0,4.8121076
34.0,-82.0,12.0,4.70848
34.0,-80.0,12.0,4.660211
34.0,-78.0,12.0,4.709369
34.0,-76.0,12.0,4.8494053
34.0,-74.0,12.0,4.7590814
34.0,-72.0,12.0,4.665847
34.0,-70.0,12.0,4.4785514
34.0,-68.0,12.0,4.3620925
34.0,-66.0,12.0,4.5038085
34.0,-64.0,12.0,4.375998
34.0,-62.0,12.0,4.1866717
34.0,-60.0,12.0,4.256315
34.0,-58.0,12.0,4.1881104
34.0,-56.0,12.0,3.9868557
34.0,-54.0,12.0,4.0245996
34.0,-52.0,12.0,3.8962
34.0,-50.0,12.0,3.7705357
34.0,-48.0,12.0,3.5977674
34.0,-46.0,12.0,3.4216835
34.0,-44.0,12.0,3.284466
34.0,-42.0,12.0,3.2800944
34.0,-40.0,12.0,3.335913
34.0,-38.0,12.0,3.2889001
34.0,-36.0,12.0,3.1494484
34.0,-34.0,12.0,3.0362759
34.0,-32.0,12.0,3.0101514
34.0,-30.0,12.0,2.9246325
34.0,-28.0,12.0,2.9457576
34.0,-26.0,12.0,3.0663302
34.0,-24.0,12.0,3.107321
34.0,-22.0,12.0,2.912687
34.0,-20.0,12.0,2.7458494
34.0,-18.0,12.0,2.754896
34.0,-16.0,12.0,2.6070898
34.0,-14.0,12.0,2.5121233
34.0,-12.0,12.0,2.603214
34.0,-10.0,12.0,2.64062
34.0,-8.0,12.0,2.6478298
34.0,-6.0,12.0,2.7095551
34.0,-4.0,12.0,2.7173088
34.0,-2.0,12.0,2.6906538
34.0,0.0,12.0,2.6229384
34.0,2.0,12.0,2.6995237
34.0,4.0,12.0,2.7617197
34.0,6.0,12.0,2.7629933
34.0,8.0,12.0,2.7380729
34.0,10.0,12.0,2.5947812
34.0,12.0,12.0,2.5051637
34.0,14.0,12.0,2.4204993
34.0,16.0,12.0,2.4320168
34.0,18.0,12.0,2.5611544
34.0,20.0,12.0,2.6186397
34.0,22.0,12.0,2.6333773
34.0,24.0,12.0,2.641843
34.0,26.0,12.0,2.5473223
34.0,28.0,12.0,2.473728
34.0,30.0,12.0,2.5383472
34.0,32.0,12.0,2.5103436
34.0,34.0,12.0,2.4139755
34.0,36.0,12.0,2.3864076
34.0,38.0,12.0,2.4801397
34.0,40.0,12.0,2.509675
34.0,42.0,12.0,2.3563602
34.0,44.0,12.0,2.2885442
34.0,46.0,12.0,2.2899296
34.0,48.0,12.0,2.3103788
34.0,50.0,12.0,2.4408221
34.0,52.0,12.0,2.5921571
34.0,54.0,12.0,2.5519161
34.0,56.0,12.0,2.393755
34.0,58.0,12.0,2.3308637
34.0,60.0,12.0,2.3801627
34.0,62.0,12.0,2.443343
34.0,64.0,12.0,2.3853843
34.0,66.0,12.0,2.43159
34.0,68.0,12.0,2.4727068
34.0,70.0,12.0,2.3256137
34.0,72.0,12.0,2.2831235
34.0,74.0,12.0,2.246332
34.0,76.0,12.0,2.2282643
34.0,78.0,12.0,2.260289
34.0,80.0,12.0,2.303771
34.0,82.0,12.0,2.55298
34.0,84.0,12.0,2.582153
34.0,86.0,12.0,2.4098477
34.0,88.0,12.0,2.3462987
34.0,90.0,12.0,2.324598
34.0,92.0,12.0,2.259008
34.0,94.0,12.0,2.3056157
34.0,96.0,12.0,2.4553292
34.0,98.0,12.0,2.480961
34.0,100.0,12.0,2.3242202
34.0,102.0,12.0,2.265775
34.0,104.0,12.0,2.2082515
34.0,106.0,12.0,2.2929251
34.0,108.0,12.0,2.2994792
34.0,110.0,12.0,2.2645347
34.0,112.0,12.0,2.4339654
34.0,114.0,12.0,2.498636
34.0,116.0,12.0,2.3703897
34.0,118.0,12.0,2.3182254
34.0,120.0,12.0,2.2566788
34.0,122.0,12.0,2.2590742
34.0,124.0,12.0,2.2093744
34.0,126.0,12.0,2.1775584
34.0,128.0,12.0,2.2509685
34.0,130.0,12.0,2.2585382
34.0,132.0,12.0,2.1278288
34.0,134.0,12.0,2.1439128
34.0,136.0,12.0,2.1625693
34.0,138.0,12.0,2.100194
34.0,140.0,12.0,2.2550325
34.0,142.0,12.0,2.2490385
34.0,144.0,12.0,2.2076447
34.0,146.0,12.0,2.1646736
34.0,148.0,12.0,2.2625842
34.0,150.0,12.0,2.283762
34.0,152.0,12.0,2.2220485
34.0,154.0,12.0,2.3060315
34.0,156.0,12.0,2.4116066
34.0,158.0,12.0,2.4896283
34.0,160.0,12.0,2.432935
34.0,162.0,12.0,2.3937786
34.0,164.0,12.0,2.3712685
34.0,166.0,12.0,2.4257073
34.0,168.0,12.0,2.458415
34.0,170.0,12.0,2.5122323
34.0,172.0,12.0,2.7560313
34.0,174.0,12.0,2.7655165
34.0,176.0,12.0,2.767318
34.0,178.0,12.0,2.7574377
34.0,180.0,12.0,2.699539
36.0,-180.0,12.0,2.9413204
36.0,-178.0,12.0,2.9832983
36.0,-176.0,12.0,2.9892244
36.0,-174.0,12.0,3.0238304
36.0,-172.0,12.0,2.9894183
36.0,-170.0,12.0,2.9661393
36.0,-168.0,12.0,2.9494646
36.0,-166.0,12.0,2.8560205
36.0,-164.0,12.0,2.8520832
36.0,-162.0,12.0,2.9545815
36.0,-160.0,12.0,3.190255
36.0,-158.0,12.0,3.4226737
36.0,-156.0,12.0,3.472405
36.0,-154.0,12.0,3.544033
36.0,-152.0,12.0,3.5333793
36.0,-150.0,12.0,3.3593414
36.0,-148.0,12.0,3.3266532
36.0,-146.0,12.0,3.422945
36.0,-144.0,12.0,3.5356297
36.0,-142.0,12.0,3.5294435
36.0,-140.0,12.0,3.6700013
36.0,-138.0,12.0,3.8760743
36.0,-136.0,12.0,4.0479
36.0,-134.0,12.0,4.098884
36.0,-132.0,12.0,4.0718102
36.0,-130.0,12.0,4.022765
36.0,-128.0,12.0,4.0067396
36.0,-126.0,12.0,4.050129
36.0,-124.0,12.0,4.0681934
36.0,-122.0,12.0,4.109269
36.0,-120.0,12.0,4.1788435
36.0,-118.0,12.0,4.3384967
36.0,-116.0,12.0,4.4858456
36.0,-114.0,12.0,4.59735
36.0,-112.0,12.0,4.6827383
36.0,-110.0,12.0,4.577435
36.0,-108.0,12.0,4.6886907
36.0,-106.0,12.0,4.7469273
36.0,-104.0,12.0,4.7335014
36.0,-102.0,12.0,4.7345285
36.0,-100.0,12.0,4.822498
36.0,-98.0,12.0,4.699612
36.0,-96.0,12.0,4.775996
36.0,-94.0,12.0,4.8962455
36.0,-92.0,12.0,4.8872256
36.0,-90.0,12.0,4.9982677
36.0,-88.0,12.0,5.1389766
36.0,-86.0,12.0,5.195987
36.0,-84.0,12.0,5.1476774
36.0,-82.0,12.0,5.142875
36.0,-80.0,12.0,5.1080174
36.0,-78.0,12.0,5.112716
36.0,-76.0,12.0,5.2169585
36.0,-74.0,12.0,5.140723
36.0,-72.0,12.0,5.032423
36.0,-70.0,12.0,4.8660774
36.0,-68.0,12.0,4.73448
36.0,-66.0,12.0,4.7731876
36.0,-64.0,12.0,4.617015
36.0,-62.0,12.0,4.417618
36.0,-60.0,12.0,4.442747
36.0,-58.0,12.0,4.439151
36.0,-56.0,12.0,4.375729
36.0,-54.0,12.0,4.373811
36.0,-52.0,12.0,4.2473664
36.0,-50.0,12.0,4.1056347
36.0,-48.0,12.0,3.8839202
36.0,-46.0,12.0,3.7126312
36.0,-44.0,12.0,3.649613
36.0,-42.0,12.0,3.626905
36.0,-40.0,12.0,3.603748
36.0,-38.0,12.0,3.5007272
36.0,-36.0,12.0,3.3501894
36.0,-34.0,12.0,3.2498722
36.0,-32.0,12.0,3.220115
36.0,-30.0,12.0,3.1710217
36.0,-28.0,12.0,3.3080883
36.0,-26.0,12.0,3.494851
36.0,-24.0,12.0,3.5301163
36.0,-22.0,12.0,3.2469568
36.0,-20.0,12.0,2.9748397
36.0,-18.0,12.0,2.9387925
36.0,-16.0,12.0,2.799436
36.0,-14.0,12.0,2.6846454
36.0,-12.0,12.0,2.8040602
36.0,-10.0,12.0,2.8594396
36.0,-8.0,12.0,2.887374
36.0,-6.0,12.0,2.9346702
36.0,-4.0,12.0,2.8716192
36.0,-2.0,12.0,2.840544
36.0,0.0,12.0,2.841846
36.0,2.0,12.0,2.9658027
36.0,4.0,12.0,3.0676992
36.0,6.0,12.0,3.0878134
36.0,8.0,12.0,3.0557175
36.0,10.0,12.0,2.8286824
36.0,12.0,12.0,2.7742634
36.0,14.0,12.0,2.6982746
36.0,16.0,12.0,2.6561625
36.0,18.0,12.0,2.7571354
36.0,20.0,12.0,2.8115675
36.0,22.0,12.0,2.9455876
36.0,24.0,12.0,2.9624927
36.0,26.0,12.0,2.8128114
36.0,28.0,12.0,2.8053722
36.0,30.0,12.0,2.8613021
36.0,32.0,12.0,2.8296528
36.0,34.0,12.0,2.7165728
36.0,36.0,12.0,2.6844063
36.0,38.0,12.0,2.7356977
36.0,40.0,12.0,2.7861345
36.0,42.0,12.0,2.639704
36.0,44.0,12.0,2.555912
36.0,46.0,12.0,2.555849
36.0,48.0,12.0,2.5656576
36.0,50.0,12.0,2.7357738
36.0,52.0,12.0,2.8719354
36.0,54.0,12.0,2.754878
36.0,56.0,12.0,2.6231992
36.0,58.0,12.0,2.5376875
36.0,60.0,12.0,2.654529
36.0,62.0,12.0,2.8146267
36.0,64.0,12.0,2.782991
36.0,66.0,12.0,2.7923658
36.0,68.0,12.0,2.8298492
36.0,70.0,12.0,2.661991
36.0,72.0,12.0,2.4725213
36.0,74.0,12.0,2.3960848
36.0,76.0,12.0,2.4534497
36.0,78.0,12.0,2.5578406
36.0,80.0,12.0,2.5914047
36.0,82.0,12.0,2.8724594
36.0,84.0,12.0,2.9239175
36.0,86.0,12.0,2.6711018
36.0,88.0,12.0,2.5773757
36.0,90.0,12.0,2.5836227
36.0,92.0,12.0,2.6207292
36.0,94.0,12.0,2.690327
36.0,96.0,12.0,2.8517165
36.0,98.0,12.0,2.8147662
36.0,100.0,12.0,2.5909824
36.0,102.0,12.0,2.4750986
36.0,104.0,12.0,2.4816942
36.0,106.0,12.0,2.5821295
36.0,108.0,12.0,2.6470096
36.0,110.0,12.0,2.6049345
36.0,112.0,12.0,2.8100994
36.0,114.0,12.0,2.8671832
36.0,116.0,12.0,2.6481104
36.0,118.0,12.0,2.5038714
36.0,120.0,12.0,2.5134912
36.0,122.0,12.0,2.6044164
36.0,124.0,12.0,2.6027086
36.0,126.0,12.0,2.49932
36.0,128.0,12.0,2.530168
36.0,130.0,12.0,2.5182962
36.0,132.0,12.0,2.3345919
36.0,134.0,12.0,2.3217945
36.0,136.0,12.0,2.3030312
36.0,138.0,12.0,2.3372812
36.0,140.0,12.0,2.5176287
36.0,142.0,12.0,2.4673107
36.0,144.0,12.0,2.5111086
36.0,146.0,12.0,2.5233161
36.0,148.0,12.0,2.644816
36.0,150.0,12.0,2.6119838
36.0,152.0,12.0,2.4714632
36.0,154.0,12.0,2.5848436
36.0,156.0,12.0,2.6801174
36.0,158.0,12.0,2.7127025
36.0,160.0,12.0,2.68691
36.0,162.0,12.0,2.6396065
36.0,164.0,12.0,2.608678
36.0,166.0,12.0,2.568392
36.0,168.0,12.0,2.7209444
36.0,170.0,12.0,2.796589
36.0,172.0,12.0,3.0538821
36.0,174.0,12.0,3.0942261
36.0,176.0,12.0,3.09668
36.0,178.0,12.0,3.015293
36.0,180.0,12.0,2.9413204
38.0,-180.0,12.0,3.303495
38.0,-178.0,12.0,3.3430164
38.0,-176.0,12.0,3.3297174
38.0,-174.0,12.0,3.4125004
38.0,-172.0,12.0,3.3734038
38.0,-170.0,12.0,3.407322
38.0,-168.0,12.0,3.3518972
38.0,-166.0,12.0,3.124218
38.0,-164.0,12.0,3.3627076
38.0,-162.0,12.0,3.4902089
38.0,-160.0,12.0,3.725438
38.0,-158.0,12.0,4.011309
38.0,-156.0,12.0,4.098762
38.0,-154.0,12.0,4.1588593
38.0,-152.0,12.0,4.1139603
38.0,-150.0,12.0,3.9401946
38.0,-148.0,12.0,3.7900329
38.0,-146.0,12.0,3.8718076
38.0,-144.0,12.0,3.9649038
38.0,-142.0,12.0,3.9323878
38.0,-140.0,12.0,4.0957317
38.0,-138.0,12.0,4.3881135
38.0,-136.0,12.0,4.5614133
38.0,-134.0,12.0,4.5486207
38.0,-132.0,12.0,4.451053
38.0,-130.0,12.0,4.3729954
38.0,-128.0,12.0,4.4974127
38.0,-126.0,12.0,4.533405
38.0,-124.0,12.0,4.4768324
38.0,-122.0,12.0,4.4325285
38.0,-120.0,12.0,4.5669484
38.0,-118.0,12.0,4.7963123
38.0,-116.0,12.0,4.9255548
38.0,-114.0,12.0,5.003719
38.0,-112.0,12.0,5.1814723
38.0,-110.0,12.0,5.099347
38.0,-108.0,12.0,5.1586256
38.0,-106.0,12.0,5.158688
38.0,-104.0,12.0,5.0520544
38.0,-102.0,12.0,5.089434
38.0,-100.0,12.0,5.2689133
38.0,-98.0,12.0,5.1675787
38.0,-96.0,12.0,5.198083
38.0,-94.0,12.0,5.1381254
38.0,-92.0,12.0,5.2077765
38.0,-90.0,12.0,5.3951087
38.0,-88.0,12.0,5.470033
38.0,-86.0,12.0,5.6312366
38.0,-84.0,12.0,5.712114
38.0,-82.0,12.0,5.609618
38.0,-80.0,12.0,5.500604
38.0,-78.0,12.0,5.5571275
38.0,-76.0,12.0,5.576473
38.0,-74.0,12.0,5.469258
38.0,-72.0,12.0,5.3673444
38.0,-70.0,12.0,5.2325425
38.0,-68.0,12.0,5.20523
38.0,-66.0,12.0,5.1030746
38.0,-64.0,12.0,4.851539
38.0,-62.0,12.0,4.71623
38.0,-60.0,12.0,4.7612796
38.0,-58.0,12.0,4.8669324
38.0,-56.0,12.0,4.815793
38.0,-54.0,12.0,4.6630363
38.0,-52.0,12.0,4.5680017
38.0,-50.0,12.0,4.3908687
38.0,-48.0,12.0,4.215565
38.0,-46.0,12.0,4.079216
38.0,-44.0,12.0,4.1132436
38.0,-42.0,12.0,4.048031
38.0,-40.0,12.0,3.9805686
38.0,-38.0,12.0,3.9096212
38.0,-36.0,12.0,3.7617188
38.0,-34.0,12.0,3.6489925
38.0,-32.0,12.0,3.6418695
38.0,-30.0,12.0,3.6458364
38.0,-28.0,12.0,3.814637
38.0,-26.0,12.0,3.9778605
38.0,-24.0,12.0,4.0521955
38.0,-22.0,12.0,3.7629795
38.0,-20.0,12.0,3.4599462
38.0,-18.0,12.0,3.3154936
38.0,-16.0,12.0,3.2121694
38.0,-14.0,12.0,3.1573207
38.0,-12.0,12.0,3.2022274
38.0,-10.0,12.0,3.2942114
38.0,-8.0,12.0,3.4538488
38.0,-6.0,12.0,3.5316737
38.0,-4.0,12.0,3.3600621
38.0,-2.0,12.0,3.2658138
38.0,0.0,12.0,3.2660236
38.0,2.0,12.0,3.3360226
38.0,4.0,12.0,3.4171507
38.0,6.0,12.0,3.4478583
38.0,8.0,12.0,3.498519
38.0,10.0,12.0,3.2505658
38.0,12.0,12.0,3.0920897
38.0,14.0,12.0,3.075575
38.0,16.0,12.0,3.0955162
38.0,18.0,12.0,3.128976
38.0,20.0,12.0,3.2410064
38.0,22.0,12.0,3.4032488
38.0,24.0,12.0,3.46396
38.0,26.0,12.0,3.3317668
38.0,28.0,12.0,3.306106
38.0,30.0,12.0,3.3365905
38.0,32.0,12.0,3.1998744
38.0,34.0,12.0,3.0626833
38.0,36.0,12.0,3.0484328
38.0,38.0,12.0,3.1828907
38.0,40.0,12.0,3.3358293
38.0,42.0,12.0,3.1176279
38.0,44.0,12.0,2.9293413
38.0,46.0,12.0,2.8753705
38.0,48.0,12.0,2.9128392
38.0,50.0,12.0,3.2149813
38.0,52.0,12.0,3.3317454
38.0,54.0,12.0,3.0753007
38.0,56.0,12.0,2.8661304
38.0,58.0,12.0,2.8860939
38.0,60.0,12.0,3.0476496
38.0,62.0,12.0,3.2188876
38.0,64.0,12.0,3.300348
38.0,66.0,12.0,3.3554623
38.0,68.0,12.0,3.3285027
38.0,70.0,12.0,3.0744038
38.0,72.0,12.0,2.8353243
38.0,74.0,12.0,2.772278
38.0,76.0,12.0,2.8024435
38.0,78.0,12.0,2.8321817
38.0,80.0,12.0,2.9429905
38.0,82.0,12.0,3.3068132
38.0,84.0,12.0,3.3091571
38.0,86.0,12.0,2.9885225
38.0,88.0,12.0,2.9267797
38.0,90.0,12.0,2.9765098
38.0,92.0,12.0,2.9473808
38.0,94.0,12.0,3.0257735
38.0,96.0,12.0,3.35696
38.0,98.0,12.0,3.310545
38.0,100.0,12.0,2.8703544
38.0,102.0,12.0,2.7203717
38.0,104.0,12.0,2.7322576
38.0,106.0,12.0,2.8052425
38.0,108.0,12.0,2.7934349
38.0,110.0,12.0,2.852128
38.0,112.0,12.0,3.148929
38.0,114.0,12.0,3.2307048
38.0,116.0,12.0,3.0434122
38.0,118.0,12.0,2.9150767
38.0,120.0,12.0,2.8707285
38.0,122.0,12.0,2.824013
38.0,124.0,12.0,2.8542433
38.0,126.0,12.0,2.780532
38.0,128.0,12.0,2.930217
38.0,130.0,12.0,2.887234
38.0,132.0,12.0,2.5351498
38.0,134.0,12.0,2.5103884
38.0,136.0,12.0,2.5542676
38.0,138.0,12.0,2.6930115
38.0,140.0,12.0,2.8553061
38.0,142.0,12.0,2.7679665
38.0,144.0,12.0,2.7305114
38.0,146.0,12.0,2.7491217
38.0,148.0,12.0,2.8421564
38.0,150.0,12.0,2.8836935
38.0,152.0,12.0,2.76957
38.0,154.0,12.0,2.8510437
38.0,156.0,12.0,2.9833868
38.0,158.0,12.0,3.0065703
38.0,160.0,12.0,2.9097552
38.0,162.0,12.0,2.8904796
38.0,164.0,12.0,2.847035
38.0,166.0,12.0,2.7811224
38.0,168.0,12.0,2.970809
38.0,170.0,12.0,3.1025558
38.0,172.0,12.0,3.445713
38.0,174.0,12.0,3.66596
38.0,176.0,12.0,3.686002
38.0,178.0,12.0,3.4752963
38.0,180.0,12.0,3.303495
40.0,-180.0,12.0,3.194132
40.0,-178.0,12.0,3.303456
40.0,-176.0,12.0,3.246169
40.0,-174.0,12.0,3.3154078
40.0,-172.0,12.0,3.379324
40.0,-170.0,12.0,3.4299648
40.0,-168.0,12.0,3.217548
40.0,-166.0,12.0,3.150826
40.0,-164.0,12.0,3.3937633
40.0,-162.0,12.0,3.4496984
40.0,-160.0,12.0,3.6821089
40.0,-158.0,12.0,4.0034614
40.0,-156.0,12.0,4.183263
40.0,-154.0,12.0,4.227612
40.0,-152.0,12.0,4.039215
40.0,-150.0,12.0,3.905396
40.0,-148.0,12.0,3.7833953
40.0,-146.0,12.0,3.7112432
40.0,-144.0,12.0,3.8088248
40.0,-142.0,12.0,3.9532893
40.0,-140.0,12.0,4.1094666
40.0,-138.0,12.0,4.199469
40.0,-136.0,12.0,4.213257
40.0,-134.0,12.0,4.2932577
40.0,-132.0,12.0,4.257605
40.0,-130.0,12.0,4.329182
40.0,-128.0,12.0,4.5222116
40.0,-126.0,12.0,4.465563
40.0,-124.0,12.0,4.400815
40.0,-122.0,12.0,4.468904
40.0,-120.0,12.0,4.6447096
40.0,-118.0,12.0,4.790758
40.0,-116.0,12.0,4.8579826
40.0,-114.0,12.0,5.0708447
40.0,-112.0,12.0,5.197126
40.0,-110.0,12.0,4.9190526
40.0,-108.0,12.0,4.9894285
40.0,-106.0,12.0,5.1104193
40.0,-104.0,12.0,4.9601054
40.0,-102.0,12.0,4.847844
40.0,-100.0,12.0,5.1105494
40.0,-98.0,12.0,5.1559157
40.0,-96.0,12.0,5.0923705
40.0,-94.0,12.0,4.951277
40.0,-92.0,12.0,5.031005
40.0,-90.0,12.0,5.1932735
40.0,-88.0,12.0,5.218554
40.0,-86.0,12.0,5.3743243
40.0,-84.0,12.0,5.510776
40.0,-82.0,12.0,5.461938
40.0,-80.0,12.0,5.2295637
40.0,-78.0,12.0,5.2717924
40.0,-76.0,12.0,5.3589606
40.0,-74.0,12.0,5.0637136
40.0,-72.0,12.0,4.9739037
40.0,-70.0,12.0,5.094442
40.0,-68.0,12.0,5.067581
40.0,-66.0,12.0,4.922166
40.0,-64.0,12.0,4.8550973
40.0,-62.0,12.0,4.844976
40.0,-60.0,12.0,4.8856306
40.0,-58.0,12.0,4.8310685
40.0,-56.0,12.0,4.620597
40.0,-54.0,12.0,4.6210866
40.0,-52.0,12.0,4.6429486
40.0,-50.0,12.0,4.489882
40.0,-48.0,12.0,4.2474556
40.0,-46.0,12.0,4.1409974
40.0,-44.0,12.0,4.1165495
40.0,-42.0,12.0,4.1052027
40.0,-40.0,12.0,4.124602
40.0,-38.0,12.0,4.0011797
40.0,-36.0,12.0,3.8145397
40.0,-34.0,12.0,3.8020048
40.0,-32.0,12.0,3.8271418
40.0,-30.0,12.0,3.853453
40.0,-28.0,12.0,3.9745178
40.0,-26.0,12.0,4.136123
40.0,-24.0,12.0,4.215626
40.0,-22.0,12.0,3.967316
40.0,-20.0,12.0,3.6357138
40.0,-18.0,12.0,3.4149818
40.0,-16.0,12.0,3.3152702
40.0,-14.0,12.0,3.288616
40.0,-12.0,12.0,3.3885493
40.0,-10.0,12.0,3.4457316
40.0,-8.0,12.0,3.59834
40.0,-6.0,12.0,3.6308742
40.0,-4.0,12.0,3.445735
40.0,-2.0,12.0,3.3604443
40.0,0.0,12.0,3.3655486
40.0,2.0,12.0,3.4828622
40.0,4.0,12.0,3.5428216
40.0,6.0,12.0,3.583845
40.0,8.0,12.0,3.5290158
40.0,10.0,12.0,3.307162
40.0,12.0,12.0,3.1751704
40.0,14.0,12.0,3.168218
40.0,16.0,12.0,3.155558
40.0,18.0,12.0,3.1225224
40.0,20.0,12.0,3.3243663
40.0,22.0,12.0,3.5021818
40.0,24.0,12.0,3.540104
40.0,26.0,12.0,3.4379551
40.0,28.0,12.0,3.3939228
40.0,30.0,12.0,3.3271627
40.0,32.0,12.0,3.1457534
40.0,34.0,12.0,3.039562
40.0,36.0,12.0,3.11921
40.0,38.0,12.0,3.1791117
40.0,40.0,12.0,3.3209686
40.0,42.0,12.0,3.1785004
40.0,44.0,12.0,2.8670125
40.0,46.0,12.0,2.781297
40.0,48.0,12.0,2.945727
40.0,50.0,12.0,3.2663958
40.0,52.0,12.0,3.2834494
40.0,54.0,12.0,2.980995
40.0,56.0,12.0,2.8756266
40.0,58.0,12.0,3.0019848
40.0,60.0,12.0,3.2102485
40.0,62.0,12.0,3.3188844
40.0,64.0,12.0,3.3147724
40.0,66.0,12.0,3.4666533
40.0,68.0,12.0,3.5206156
40.0,70.0,12.0,3.1518424
40.0,72.0,12.0,2.9349504
40.0,74.0,12.0,2.8711798
40.0,76.0,12.0,2.8787496
40.0,78.0,12.0,2.864442
40.0,80.0,12.0,3.0742884
40.0,82.0,12.0,3.3846333
40.0,84.0,12.0,3.3235393
40.0,86.0,12.0,2.9965937
40.0,88.0,12.0,2.9490316
40.0,90.0,12.0,3.0137265
40.0,92.0,12.0,2.9840553
40.0,94.0,12.0,3.1470213
40.0,96.0,12.0,3.433546
40.0,98.0,12.0,3.374175
40.0,100.0,12.0,2.96942
40.0,102.0,12.0,2.7680383
40.0,104.0,12.0,2.731805
40.0,106.0,12.0,2.6984117
40.0,108.0,12.0,2.7171059
40.0,110.0,12.0,2.9052162
40.0,112.0,12.0,3.1124566
40.0,114.0,12.0,3.0661676
40.0,116.0,12.0,2.9629781
40.0,118.0,12.0,2.856694
40.0,120.0,12.0,2.8284235
40.0,122.0,12.0,2.812828
40.0,124.0,12.0,2.8285813
40.0,126.0,12.0,2.858781
40.0,128.0,12.0,2.9428997
40.0,130.0,12.0,2.7771842
40.0,132.0,12.0,2.5654733
40.0,134.0,12.0,2.4777777
40.0,136.0,12.0,2.4973555
40.0,138.0,12.0,2.5816226
40.0,140.0,12.0,2.7419832
40.0,142.0,12.0,2.740067
40.0,144.0,12.0,2.773123
40.0,146.0,12.0,2.8088608
40.0,148.0,12.0,2.7796073
40.0,150.0,12.0,2.7729418
40.0,152.0,12.0,2.7091804
40.0,154.0,12.0,2.768836
40.0,156.0,12.0,2.8931432
40.0,158.0,12.0,2.9201188
40.0,160.0,12.0,2.8835232
40.0,162.0,12.0,2.8219037
40.0,164.0,12.0,2.7489393
40.0,166.0,12.0,2.832005
40.0,168.0,12.0,3.0029402
40.0,170.0,12.0,3.0147817
40.0,172.0,12.0,3.3799727
40.0,174.0,12.0,3.6290152
40.0,176.0,12.0,3.602898
40.0,178.0,12.0,3.3732312
40.0,180.0,12.0,3.194132
42.0,-180.0,12.0,3.0415175
42.0,-178.0,12.0,3.1383693
42.0,-176.0,12.0,3.1112652
42.0,-174.0,12.0,3.147306
42.0,-172.0,12.0,3.2606642
42.0,-170.0,12.0,3.3009048
42.0,-168.0,12.0,3.0945637
42.0,-166.0,12.0,3.033491
42.0,-164.0,12.0,3.2303696
42.0,-162.0,12.0,3.2954922
42.0,-160.0,12.0,3.5591404
42.0,-158.0,12.0,3.8004432
42.0,-156.0,12.0,3.9624977
42.0,-154.0,12.0,3.9439728
42.0,-152.0,12.0,3.739444
42.0,-150.0,12.0,3.64547
42.0,-148.0,12.0,3.5790634
42.0,-146.0,12.0,3.5115385
42.0,-144.0,12.0,3.5188441
42.0,-142.0,12.0,3.6451166
42.0,-140.0,12.0,3.8044834
42.0,-138.0,12.0,3.908865
42.0,-136.0,12.0,3.8959155
42.0,-134.0,12.0,3.7977955
42.0,-132.0,12.0,3.857195
42.0,-130.0,12.0,4.0323024
42.0,-128.0,12.0,4.093041
42.0,-126.0,12.0,4.150552
42.0,-124.0,12.0,4.090791
42.0,-122.0,12.0,4.2529097
42.0,-120.0,12.0,4.4241347
42.0,-118.0,12.0,4.4578214
42.0,-116.0,12.0,4.5729494
42.0,-114.0,12.0,4.7370486
42.0,-112.0,12.0,4.762409
42.0,-110.0,12.0,4.5844026
42.0,-108.0,12.0,4.5762415
42.0,-106.0,12.0,4.623516
42.0,-104.0,12.0,4.565483
42.0,-102.0,12.0,4.4314547
42.0,-100.0,12.0,4.5603557
42.0,-98.0,12.0,4.6415033
42.0,-96.0,12.0,4.7256804
42.0,-94.0,12.0,4.6866717
42.0,-92.0,12.0,4.5734687
42.0,-90.0,12.0,4.5922027
42.0,-88.0,12.0,4.581257
42.0,-86.0,12.0,4.6800942
42.0,-84.0,12.0,4.902597
42.0,-82.0,12.0,4.8668666
42.0,-80.0,12.0,4.5855517
42.0,-78.0,12.0,4.6216464
42.0,-76.0,12.0,4.702468
42.0,-74.0,12.0,4.51353
42.0,-72.0,12.0,4.526304
42.0,-70.0,12.0,4.714259
42.0,-68.0,12.0,4.8181877
42.0,-66.0,12.0,4.7987695
42.0,-64.0,12.0,4.597914
42.0,-62.0,12.0,4.638279
42.0,-60.0,12.0,4.6070633
42.0,-58.0,12.0,4.4301653
42.0,-56.0,12.0,4.1857095
42.0,-54.0,12.0,4.1776133
42.0,-52.0,12.0,4.248659
42.0,-50.0,12.0,4.216256
42.0,-48.0,12.0,4.0301886
42.0,-46.0,12.0,3.8353426
42.0,-44.0,12.0,3.8895364
42.0,-42.0,12.0,3.9432964
42.0,-40.0,12.0,3.9609568
42.0,-38.0,12.0,3.7960448
42.0,-36.0,12.0,3.530946
42.0,-34.0,12.0,3.538076
42.0,-32.0,12.0,3.662843
42.0,-30.0,12.0,3.8436925
42.0,-28.0,12.0,3.941415
42.0,-26.0,12.0,4.089587
42.0,-24.0,12.0,4.272441
42.0,-22.0,12.0,3.9474862
42.0,-20.0,12.0,3.6230948
42.0,-18.0,12.0,3.3984532
42.0,-16.0,12.0,3.299637
42.0,-14.0,12.0,3.379654
42.0,-12.0,12.0,3.3913527
42.0,-10.0,12.0,3.4443414
42.0,-8.0,12.0,3.5954435
42.0,-6.0,12.0,3.5590723
42.0,-4.0,12.0,3.3145037
42.0,-2.0,12.0,3.3545656
42.0,0.0,12.0,3.4247706
42.0,2.0,12.0,3.4942105
42.0,4.0,12.0,3.5749214
42.0,6.0,12.0,3.6486597
42.0,8.0,12.0,3.55599
42.0,10.0,12.0,3.3139477
42.0,12.0,12.0,3.2128189
42.0,14.0,12.0,3.2088351
42.0,16.0,12.0,3.1900434
42.0,18.0,12.0,3.190704
42.0,20.0,12.0,3.3074105
42.0,22.0,12.0,3.4509258
42.0,24.0,12.0,3.4894698
42.0,26.0,12.0,3.4405262
42.0,28.0,12.0,3.48447
42.0,30.0,12.0,3.3620262
42.0,32.0,12.0,3.1758723
42.0,34.0,12.0,3.0588222
42.0,36.0,12.0,3.166303
42.0,38.0,12.0,3.2803645
42.0,40.0,12.0,3.3212254
42.0,42.0,12.0,3.2268672
42.0,44.0,12.0,2.932861
42.0,46.0,12.0,2.8221664
42.0,48.0,12.0,2.9903212
42.0,50.0,12.0,3.2537231
42.0,52.0,12.0,3.2984462
42.0,54.0,12.0,2.9379237
42.0,56.0,12.0,2.78481
42.0,58.0,12.0,2.982547
42.0,60.0,12.0,3.2507076
42.0,62.0,12.0,3.3472219
42.0,64.0,12.0,3.290976
42.0,66.0,12.0,3.459151
42.0,68.0,12.0,3.522955
42.0,70.0,12.0,3.1525345
42.0,72.0,12.0,2.9021413
42.0,74.0,12.0,2.9050105
42.0,76.0,12.0,2.8839498
42.0,78.0,12.0,2.8215249
42.0,80.0,12.0,3.0534322
42.0,82.0,12.0,3.425131
42.0,84.0,12.0,3.3460467
42.0,86.0,12.0,2.987527
42.0,88.0,12.0,2.8797503
42.0,90.0,12.0,2.938273
42.0,92.0,12.0,2.9147556
42.0,94.0,12.0,3.068979
42.0,96.0,12.0,3.4078074
42.0,98.0,12.0,3.3753128
42.0,100.0,12.0,2.985906
42.0,102.0,12.0,2.8282676
42.0,104.0,12.0,2.726672
42.0,106.0,12.0,2.6721647
42.0,108.0,12.0,2.6993775
42.0,110.0,12.0,2.9109988
42.0,112.0,12.0,3.1327512
42.0,114.0,12.0,3.0635574
42.0,116.0,12.0,2.9044201
42.0,118.0,12.0,2.819619
42.0,120.0,12.0,2.8153257
42.0,122.0,12.0,2.747356
42.0,124.0,12.0,2.7472923
42.0,126.0,12.0,2.834418
42.0,128.0,12.0,2.9321885
42.0,130.0,12.0,2.7982047
42.0,132.0,12.0,2.6094434
42.0,134.0,12.0,2.5366943
42.0,136.0,12.0,2.5385814
42.0,138.0,12.0,2.6036377
42.0,140.0,12.0,2.7061915
42.0,142.0,12.0,2.7275074
42.0,144.0,12.0,2.7973855
42.0,146.0,12.0,2.8077939
42.0,148.0,12.0,2.8275151
42.0,150.0,12.0,2.7825375
42.0,152.0,12.0,2.7187352
42.0,154.0,12.0,2.722032
42.0,156.0,12.0,2.8439906
42.0,158.0,12.0,2.9177248
42.0,160.0,12.0,2.9202883
42.0,162.0,12.0,2.875888
42.0,164.0,12.0,2.790057
42.0,166.0,12.0,2.8945022
42.0,168.0,12.0,3.0159783
42.0,170.0,12.0,3.0478055
42.0,172.0,12.0,3.3528264
42.0,174.0,12.0,3.5009348
42.0,176.0,12.0,3.4819336
42.0,178.0,12.0,3.2232285
42.0,180.0,12.0,3.0415175
44.0,-180.0,12.0,3.5045664
44.0,-178.0,12.0,3.4486802
44.0,-176.0,12.0,3.4740486
44.0,-174.0,12.0,3.686263
44.0,-172.0,12.0,3.8070045
44.0,-170.0,12.0,3.7107933
44.0,-168.0,12.0,3.5369449
44.0,-166.0,12.0,3.494832
44.0,-164.0,12.0,3.538581
44.0,-162.0,12.0,3.5400376
44.0,-160.0,12.0,3.890461
44.0,-158.0,12.0,4.107054
44.0,-156.0,12.0,4.2732005
44.0,-154.0,12.0,4.2787457
44.0,-152.0,12.0,4.098205
44.0,-150.0,12.0,4.0219693
44.0,-148.0,12.0,3.9645715
44.0,-146.0,12.0,3.8596795
44.0,-144.0,12.0,3.8718095
44.0,-142.0,12.0,4.0516496
44.0,-140.0,12.0,4.284299
44.0,-138.0,12.0,4.3839073
44.0,-136.0,12.0,4.2979875
44.0,-134.0,12.0,4.1837034
44.0,-132.0,12.0,4.2655115
44.0,-130.0,12.0,4.473746
44.0,-128.0,12.0,4.5568466
44.0,-126.0,12.0,4.4379287
44.0,-124.0,12.0,4.3057876
44.0,-122.0,12.0,4.5171103
44.0,-120.0,12.0,4.7144322
44.0,-118.0,12.0,4.8296356
44.0,-116.0,12.0,4.9792433
44.0,-114.0,12.0,5.218238
44.0,-112.0,12.0,5.210139
44.0,-110.0,12.0,4.9958625
44.0,-108.0,12.0,4.9709554
44.0,-106.0,12.0,5.0207167
44.0,-104.0,12.0,5.006053
44.0,-102.0,12.0,4.80579
44.0,-100.0,12.0,5.032737
44.0,-98.0,12.0,5.2439013
44.0,-96.0,12.0,5.326474
44.0,-94.0,12.0,5.1053267
44.0,-92.0,12.0,4.988394
44.0,-90.0,12.0,5.019556
44.0,-88.0,12.0,5.1053553
44.0,-86.0,12.0,5.2003026
44.0,-84.0,12.0,5.4160805
44.0,-82.0,12.0,5.3546114
44.0,-80.0,12.0,5.0590234
44.0,-78.0,12.0,5.0231524
44.0,-76.0,12.0,5.0377445
44.0,-74.0,12.0,4.923081
44.0,-72.0,12.0,4.982703
44.0,-70.0,12.0,5.1352463
44.0,-68.0,12.0,5.257663
44.0,-66.0,12.0,5.2910337
44.0,-64.0,12.0,4.9943867
44.0,-62.0,12.0,4.935367
44.0,-60.0,12.0,4.931366
44.0,-58.0,12.0,4.6681423
44.0,-56.0,12.0,4.443185
44.0,-54.0,12.0,4.6330357
44.0,-52.0,12.0,4.655388
44.0,-50.0,12.0,4.5831857
44.0,-48.0,12.0,4.373548
44.0,-46.0,12.0,4.1804914
44.0,-44.0,12.0,4.260029
44.0,-42.0,12.0,4.37269
44.0,-40.0,12.0,4.4414577
44.0,-38.0,12.0,4.25008
44.0,-36.0,12.0,3.9137762
44.0,-34.0,12.0,3.9022295
44.0,-32.0,12.0,4.0463862
44.0,-30.0,12.0,4.1816382
44.0,-28.0,12.0,4.3594813
44.0,-26.0,12.0,4.656023
44.0,-24.0,12.0,4.7594004
44.0,-22.0,12.0,4.3570886
44.0,-20.0,12.0,3.9757233
44.0,-18.0,12.0,3.7930522
44.0,-16.0,12.0,3.6574864
44.0,-14.0,12.0,3.7006643
44.0,-12.0,12.0,3.7863204
44.0,-10.0,12.0,3.849794
44.0,-8.0,12.0,3.9996557
44.0,-6.0,12.0,3.9935632
44.0,-4.0,12.0,3.7894032
44.0,-2.0,12.0,3.732411
44.0,0.0,12.0,3.8100138
44.0,2.0,12.0,3.8849306
44.0,4.0,12.0,3.9877636
44.0,6.0,12.0,4.0981283
44.0,8.0,12.0,3.949142
44.0,10.0,12.0,3.7476852
44.0,12.0,12.0,3.6487114
44.0,14.0,12.0,3.595195
44.0,16.0,12.0,3.499269
44.0,18.0,12.0,3.5964813
44.0,20.0,12.0,3.7238824
44.0,22.0,12.0,3.8532894
44.0,24.0,12.0,3.8969235
44.0,26.0,12.0,3.874228
44.0,28.0,12.0,3.9227102
44.0,30.0,12.0,3.760306
44.0,32.0,12.0,3.4694965
44.0,34.0,12.0,3.4068918
44.0,36.0,12.0,3.5121582
44.0,38.0,12.0,3.5985184
44.0,40.0,12.0,3.7426765
44.0,42.0,12.0,3.6295702
44.0,44.0,12.0,3.303602
44.0,46.0,12.0,3.1951075
44.0,48.0,12.0,3.3640573
44.0,50.0,12.0,3.6901753
44.0,52.0,12.0,3.73585
44.0,54.0,12.0,3.3879151
44.0,56.0,12.0,3.2423296
44.0,58.0,12.0,3.3673136
44.0,60.0,12.0,3.6644187
44.0,62.0,12.0,3.76012
44.0,64.0,12.0,3.7050374
44.0,66.0,12.0,3.8637164
44.0,68.0,12.0,3.9540126
44.0,70.0,12.0,3.5751934
44.0,72.0,12.0,3.2362044
44.0,74.0,12.0,3.2334118
44.0,76.0,12.0,3.338806
44.0,78.0,12.0,3.275726
44.0,80.0,12.0,3.48288
44.0,82.0,12.0,3.8808212
44.0,84.0,12.0,3.7827027
44.0,86.0,12.0,3.4012003
44.0,88.0,12.0,3.346485
44.0,90.0,12.0,3.450391
44.0,92.0,12.0,3.452131
44.0,94.0,12.0,3.5782056
44.0,96.0,12.0,3.909756
44.0,98.0,12.0,3.8722181
44.0,100.0,12.0,3.4190195
44.0,102.0,12.0,3.2223866
44.0,104.0,12.0,3.2137198
44.0,106.0,12.0,3.1756341
44.0,108.0,12.0,3.169838
44.0,110.0,12.0,3.4155216
44.0,112.0,12.0,3.636957
44.0,114.0,12.0,3.6310697
44.0,116.0,12.0,3.3785791
44.0,118.0,12.0,3.2715695
44.0,120.0,12.0,3.3362772
44.0,122.0,12.0,3.2658536
44.0,124.0,12.0,3.2347488
44.0,126.0,12.0,3.3171835
44.0,128.0,12.0,3.4403565
44.0,130.0,12.0,3.291688
44.0,132.0,12.0,2.9895225
44.0,134.0,12.0,2.8847616
44.0,136.0,12.0,2.8743503
44.0,138.0,12.0,3.0257723
44.0,140.0,12.0,3.2043016
44.0,142.0,12.0,3.145619
44.0,144.0,12.0,3.1576142
44.0,146.0,12.0,3.2220836
44.0,148.0,12.0,3.2880726
44.0,150.0,12.0,3.2445908
44.0,152.0,12.0,3.1526852
44.0,154.0,12.0,3.1911123
44.0,156.0,12.0,3.3447816
44.0,158.0,12.0,3.3867054
44.0,160.0,12.0,3.3101058
44.0,162.0,12.0,3.2248087
44.0,164.0,12.0,3.2344096
44.0,166.0,12.0,3.3455944
44.0,168.0,12.0,3.3938775
44.0,170.0,12.0,3.459367
44.0,172.0,12.0,3.7754996
44.0,174.0,12.0,3.9728296
44.0,176.0,12.0,3.8824987
44.0,178.0,12.0,3.66474
44.0,180.0,12.0,3.5045664
46.0,-180.0,12.0,4.2200828
46.0,-178.0,12.0,4.160818
46.0,-176.0,12.0,4.266679
46.0,-174.0,12.0,4.5698237
46.0,-172.0,12.0,4.549234
46.0,-170.0,12.0,4.3694115
46.0,-168.0,12.0,4.2796884
46.0,-166.0,12.0,4.2197356
46.0,-164.0,12.0,4.268344
46.0,-162.0,12.0,4.26899
46.0,-160.0,12.0,4.565018
46.0,-158.0,12.0,4.900412
46.0,-156.0,12.0,4.9908266
46.0,-154.0,12.0,4.8842783
46.0,-152.0,12.0,4.876756
46.0,-150.0,12.0,4.8200636
46.0,-148.0,12.0,4.745564
46.0,-146.0,12.0,4.6017785
46.0,-144.0,12.0,4.64251
46.0,-142.0,12.0,4.8488245
46.0,-140.0,12.0,5.0908914
46.0,-138.0,12.0,5.2281547
46.0,-136.0,12.0,5.1659536
46.0,-134.0,12.0,5.0810127
46.0,-132.0,12.0,5.232436
46.0,-130.0,12.0,5.471105
46.0,-128.0,12.0,5.485962
46.0,-126.0,12.0,5.1475186
46.0,-124.0,12.0,4.892251
46.0,-122.0,12.0,5.146265
46.0,-120.0,12.0,5.5561924
46.0,-118.0,12.0,5.6507087
46.0,-116.0,12.0,5.740737
46.0,-114.0,12.0,5.9317207
46.0,-112.0,12.0,5.998009
46.0,-110.0,12.0,5.7216716
46.0,-108.0,12.0,5.5044775
46.0,-106.0,12.0,5.6501613
46.0,-104.0,12.0,5.7766495
46.0,-102.0,12.0,5.6258793
46.0,-100.0,12.0,5.759723
46.0,-98.0,12.0,6.1077094
46.0,-96.0,12.0,6.2263412
46.0,-94.0,12.0,5.799808
46.0,-92.0,12.0,5.6108084
46.0,-90.0,12.0,5.712652
46.0,-88.0,12.0,5.8321342
46.0,-86.0,12.0,5.859886
46.0,-84.0,12.0,6.1179442
46.0,-82.0,12.0,6.162872
46.0,-80.0,12.0,5.7528815
46.0,-78.0,12.0,5.6881704
46.0,-76.0,12.0,5.7920785
46.0,-74.0,12.0,5.7060747
46.0,-72.0,12.0,5.6187177
46.0,-70.0,12.0,5.7345285
46.0,-68.0,12.0,6.043972
46.0,-66.0,12.0,6.0059843
46.0,-64.0,12.0,5.634099
46.0,-62.0,12.0,5.5837746
46.0,-60.0,12.0,5.718946
46.0,-58.0,12.0,5.5322094
46.0,-56.0,12.0,5.190976
46.0,-54.0,12.0,5.408866
46.0,-52.0,12.0,5.652524
46.0,-50.0,12.0,5.5388446
46.0,-48.0,12.0,5.182981
46.0,-46.0,12.0,4.8765635
46.0,-44.0,12.0,5.0007496
46.0,-42.0,12.0,5.1353235
46.0,-40.0,12.0,5.1993756
46.0,-38.0,12.0,4.9613376
46.0,-36.0,12.0,4.630087
46.0,-34.0,12.0,4.6255183
46.0,-32.0,12.0,4.7371616
46.0,-30.0,12.0,4.7776084
46.0,-28.0,12.0,5.009174
46.0,-26.0,12.0,5.395969
46.0,-24.0,12.0,5.5202637
46.0,-22.0,12.0,5.037999
46.0,-20.0,12.0,4.7046747
46.0,-18.0,12.0,4.4547334
46.0,-16.0,12.0,4.205953
46.0,-14.0,12.0,4.185033
46.0,-12.0,12.0,4.3293824
46.0,-10.0,12.0,4.512599
46.0,-8.0,12.0,4.7026553
46.0,-6.0,12.0,4.7339077
46.0,-4.0,12.0,4.5606575
46.0,-2.0,12.0,4.4078946
46.0,0.0,12.0,4.2921805
46.0,2.0,12.0,4.361441
46.0,4.0,12.0,4.5062118
46.0,6.0,12.0,4.6271873
46.0,8.0,12.0,4.535564
46.0,10.0,12.0,4.29465
46.0,12.0,12.0,4.0919113
46.0,14.0,12.0,3.9930086
46.0,16.0,12.0,3.9645379
46.0,18.0,12.0,4.033549
46.0,20.0,12.0,4.250746
46.0,22.0,12.0,4.4847174
46.0,24.0,12.0,4.496615
46.0,26.0,12.0,4.446815
46.0,28.0,12.0,4.408856
46.0,30.0,12.0,4.1856685
46.0,32.0,12.0,3.8423476
46.0,34.0,12.0,3.7645624
46.0,36.0,12.0,3.9516923
46.0,38.0,12.0,4.063134
46.0,40.0,12.0,4.169911
46.0,42.0,12.0,4.030268
46.0,44.0,12.0,3.7479148
46.0,46.0,12.0,3.6567228
46.0,48.0,12.0,3.8552554
46.0,50.0,12.0,4.183943
46.0,52.0,12.0,4.1993737
46.0,54.0,12.0,3.8079405
46.0,56.0,12.0,3.7515342
46.0,58.0,12.0,3.8581333
46.0,60.0,12.0,4.1406374
46.0,62.0,12.0,4.178455
46.0,64.0,12.0,4.147427
46.0,66.0,12.0,4.397127
46.0,68.0,12.0,4.4775534
46.0,70.0,12.0,4.0862393
46.0,72.0,12.0,3.7769651
46.0,74.0,12.0,3.8591278
46.0,76.0,12.0,4.049886
46.0,78.0,12.0,3.953668
46.0,80.0,12.0,4.062649
46.0,82.0,12.0,4.4982247
46.0,84.0,12.0,4.497403
46.0,86.0,12.0,3.9970062
46.0,88.0,12.0,3.86214
46.0,90.0,12.0,4.042981
46.0,92.0,12.0,3.990632
46.0,94.0,12.0,4.1002007
46.0,96.0,12.0,4.471227
46.0,98.0,12.0,4.4072833
46.0,100.0,12.0,3.9422069
46.0,102.0,12.0,3.7897513
46.0,104.0,12.0,3.7994258
46.0,106.0,12.0,3.7141414
46.0,108.0,12.0,3.6575058
46.0,110.0,12.0,3.923407
46.0,112.0,12.0,4.274728
46.0,114.0,12.0,4.217572
46.0,116.0,12.0,4.0222073
46.0,118.0,12.0,3.9273727
46.0,120.0,12.0,3.89954
46.0,122.0,12.0,3.8322551
46.0,124.0,12.0,3.7854836
46.0,126.0,12.0,3.8741627
46.0,128.0,12.0,3.9391317
46.0,130.0,12.0,3.7673497
46.0,132.0,12.0,3.4528654
46.0,134.0,12.0,3.3945832
46.0,136.0,12.0,3.4165802
46.0,138.0,12.0,3.5175512
46.0,140.0,12.0,3.7168148
46.0,142.0,12.0,3.7163615
46.0,144.0,12.0,3.6573684
46.0,146.0,12.0,3.6613538
46.0,148.0,12.0,3.7078125
46.0,150.0,12.0,3.7964962
46.0,152.0,12.0,3.7450485
46.0,154.0,12.0,3.855771
46.0,156.0,12.0,4.0344057
46.0,158.0,12.0,3.9540298
46.0,160.0,12.0,3.825979
46.0,162.0,12.0,3.715352
46.0,164.0,12.0,3.6856124
46.0,166.0,12.0,3.7597663
46.0,168.0,12.0,3.8959742
46.0,170.0,12.0,3.9932394
46.0,172.0,12.0,4.407969
46.0,174.0,12.0,4.6439934
46.0,176.0,12.0,4.5158114
46.0,178.0,12.0,4.339251
46.0,180.0,12.0,4.2200828
48.0,-180.0,12.0,4.68134
48.0,-178.0,12.0,4.664431
48.0,-176.0,12.0,4.7037125
48.0,-174.0,12.0,5.010089
48.0,-172.0,12.0,4.963365
48.0,-170.0,12.0,4.790251
48.0,-168.0,12.0,4.623393
48.0,-166.0,12.0,4.634147
48.0,-164.0,12.0,4.7072344
48.0,-162.0,12.0,4.7027
48.0,-160.0,12.0,4.939471
48.0,-158.0,12.0,5.067775
48.0,-156.0,12.0,5.1169243
48.0,-154.0,12.0,5.0371294
48.0,-152.0,12.0,5.079477
48.0,-150.0,12.0,5.18116
48.0,-148.0,12.0,5.099759
48.0,-146.0,12.0,5.0595994
48.0,-144.0,12.0,5.01299
48.0,-142.0,12.0,5.1293974
48.0,-140.0,12.0,5.3596535
48.0,-138.0,12.0,5.506177
48.0,-136.0,12.0,5.415759
48.0,-134.0,12.0,5.3554587
48.0,-132.0,12.0,5.501654
48.0,-130.0,12.0,5.639092
48.0,-128.0,12.0,5.6138067
48.0,-126.0,12.0,5.3387966
48.0,-124.0,12.0,5.2002134
48.0,-122.0,12.0,5.403588
48.0,-120.0,12.0,5.8059616
48.0,-118.0,12.0,5.871868
48.0,-116.0,12.0,5.8696923
48.0,-114.0,12.0,5.9676137
48.0,-112.0,12.0,6.0831275
48.0,-110.0,12.0,5.841088
48.0,-108.0,12.0,5.617759
48.0,-106.0,12.0,5.7593203
48.0,-104.0,12.0,5.8823695
48.0,-102.0,12.0,5.8151603
48.0,-100.0,12.0,5.9232674
48.0,-98.0,12.0,6.2165956
48.0,-96.0,12.0,6.2412395
48.0,-94.0,12.0,5.9106126
48.0,-92.0,12.0,5.823182
48.0,-90.0,12.0,5.8667417
48.0,-88.0,12.0,5.855191
48.0,-86.0,12.0,5.9167824
48.0,-84.0,12.0,6.197355
48.0,-82.0,12.0,6.213216
48.0,-80.0,12.0,5.8520985
48.0,-78.0,12.0,5.8580613
48.0,-76.0,12.0,5.855905
48.0,-74.0,12.0,5.754469
48.0,-72.0,12.0,5.67901
48.0,-70.0,12.0,5.83069
48.0,-68.0,12.0,6.2283154
48.0,-66.0,12.0,6.112698
48.0,-64.0,12.0,5.777368
48.0,-62.0,12.0,5.809598
48.0,-60.0,12.0,5.9850593
48.0,-58.0,12.0,5.802558
48.0,-56.0,12.0,5.4502993
48.0,-54.0,12.0,5.5119047
48.0,-52.0,12.0,5.9088106
48.0,-50.0,12.0,5.8710637
48.0,-48.0,12.0,5.4550843
48.0,-46.0,12.0,5.167262
48.0,-44.0,12.0,5.295588
48.0,-42.0,12.0,5.3761835
48.0,-40.0,12.0,5.4508443
48.0,-38.0,12.0,5.3632627
48.0,-36.0,12.0,5.0592365
48.0,-34.0,12.0,5.005993
48.0,-32.0,12.0,4.990034
48.0,-30.0,12.0,5.149534
48.0,-28.0,12.0,5.3265047
48.0,-26.0,12.0,5.611646
48.0,-24.0,12.0,5.6439767
48.0,-22.0,12.0,5.3791466
48.0,-20.0,12.0,5.1404743
48.0,-18.0,12.0,4.804654
48.0,-16.0,12.0,4.547464
48.0,-14.0,12.0,4.464245
48.0,-12.0,12.0,4.6015334
48.0,-10.0,12.0,4.8630652
48.0,-8.0,12.0,5.005861
48.0,-6.0,12.0,5.0522795
48.0,-4.0,12.0,4.9554963
48.0,-2.0,12.0,4.8158607
48.0,0.0,12.0,4.585221
48.0,2.0,12.0,4.660608
48.0,4.0,12.0,4.7644672
48.0,6.0,12.0,4.805835
48.0,8.0,12.0,4.8466077
48.0,10.0,12.0,4.540174
48.0,12.0,12.0,4.3485184
48.0,14.0,12.0,4.2272515
48.0,16.0,12.0,4.11241
48.0,18.0,12.0,4.2965097
48.0,20.0,12.0,4.515104
48.0,22.0,12.0,4.747004
48.0,24.0,12.0,4.841866
48.0,26.0,12.0,4.681069
48.0,28.0,12.0,4.5436144
48.0,30.0,12.0,4.3519235
48.0,32.0,12.0,3.9864419
48.0,34.0,12.0,3.8088093
48.0,36.0,12.0,3.9776897
48.0,38.0,12.0,4.213729
48.0,40.0,12.0,4.396619
48.0,42.0,12.0,4.225938
48.0,44.0,12.0,3.9517744
48.0,46.0,12.0,3.9199
48.0,48.0,12.0,4.155357
48.0,50.0,12.0,4.533002
48.0,52.0,12.0,4.424468
48.0,54.0,12.0,4.0767875
48.0,56.0,12.0,3.9490213
48.0,58.0,12.0,4.1708984
48.0,60.0,12.0,4.513096
48.0,62.0,12.0,4.559037
48.0,64.0,12.0,4.506753
48.0,66.0,12.0,4.7376456
48.0,68.0,12.0,4.7656736
48.0,70.0,12.0,4.4389763
48.0,72.0,12.0,4.2517705
48.0,74.0,12.0,4.331633
48.0,76.0,12.0,4.441175
48.0,78.0,12.0,4.271036
48.0,80.0,12.0,4.405672
48.0,82.0,12.0,4.9346895
48.0,84.0,12.0,4.908027
48.0,86.0,12.0,4.411814
48.0,88.0,12.0,4.313951
48.0,90.0,12.0,4.413148
48.0,92.0,12.0,4.2829356
48.0,94.0,12.0,4.3616447
48.0,96.0,12.0,4.8553576
48.0,98.0,12.0,4.8418846
48.0,100.0,12.0,4.319656
48.0,102.0,12.0,4.182281
48.0,104.0,12.0,4.3011937
48.0,106.0,12.0,4.194266
48.0,108.0,12.0,4.1517463
48.0,110.0,12.0,4.3822584
48.0,112.0,12.0,4.629264
48.0,114.0,12.0,4.645117
48.0,116.0,12.0,4.4265175
48.0,118.0,12.0,4.3414335
48.0,120.0,12.0,4.2735167
48.0,122.0,12.0,4.1597705
48.0,124.0,12.0,4.0295615
48.0,126.0,12.0,4.0906477
48.0,128.0,12.0,4.206615
48.0,130.0,12.0,4.186468
48.0,132.0,12.0,3.9975955
48.0,134.0,12.0,3.8770673
48.0,136.0,12.0,3.8514707
48.0,138.0,12.0,3.9336412
48.0,140.0,12.0,4.108856
48.0,142.0,12.0,4.0138226
48.0,144.0,12.0,3.919862
48.0,146.0,12.0,3.9101708
48.0,148.0,12.0,3.9404957
48.0,150.0,12.0,4.093597
48.0,152.0,12.0,4.1740584
48.0,154.0,12.0,4.176206
48.0,156.0,12.0,4.371949
48.0,158.0,12.0,4.379102
48.0,160.0,12.0,4.34104
48.0,162.0,12.0,4.225404
48.0,164.0,12.0,4.0496106
48.0,166.0,12.0,4.277041
48.0,168.0,12.0,4.2921615
48.0,170.0,12.0,4.4303865
48.0,172.0,12.0,4.788476
48.0,174.0,12.0,4.8639884
48.0,176.0,12.0,4.7504854
48.0,178.0,12.0,4.6668444
48.0,180.0,12.0,4.68134
50.0,-180.0,12.0,4.409883
50.0,-178.0,12.0,4.5414653
50.0,-176.0,12.0,4.5559673
50.0,-174.0,12.0,4.6502895
50.0,-172.0,12.0,4.712867
50.0,-170.0,12.0,4.628489
50.0,-168.0,12.0,4.3635955
50.0,-166.0,12.0,4.452051
50.0,-164.0,12.0,4.673969
50.0,-162.0,12.0,4.7126646
50.0,-160.0,12.0,4.8320646
50.0,-158.0,12.0,4.9345913
50.0,-156.0,12.0,4.8979125
50.0,-154.0,12.0,4.787312
50.0,-152.0,12.0,4.820519
50.0,-150.0,12.0,4.994163
50.0,-148.0,12.0,5.0569324
50.0,-146.0,12.0,4.9386787
50.0,-144.0,12.0,4.8661537
50.0,-142.0,12.0,4.9854736
50.0,-140.0,12.0,5.1986427
50.0,-138.0,12.0,5.3211303
50.0,-136.0,12.0,5.167938
50.0,-134.0,12.0,5.016123
50.0,-132.0,12.0,5.122832
50.0,-130.0,12.0,5.31969
50.0,-128.0,12.0,5.5083904
50.0,-126.0,12.0,5.3051214
50.0,-124.0,12.0,5.0713825
50.0,-122.0,12.0,4.943577
50.0,-120.0,12.0,5.4442635
50.0,-118.0,12.0,5.524696
50.0,-116.0,12.0,5.51007
50.0,-114.0,12.0,5.579039
50.0,-112.0,12.0,5.5800366
50.0,-110.0,12.0,5.4354444
50.0,-108.0,12.0,5.4058995
50.0,-106.0,12.0,5.457157
50.0,-104.0,12.0,5.437342
50.0,-102.0,12.0,5.395831
50.0,-100.0,12.0,5.4311113
50.0,-98.0,12.0,5.604929
50.0,-96.0,12.0,5.8169036
50.0,-94.0,12.0,5.529118
50.0,-92.0,12.0,5.5043983
50.0,-90.0,12.0,5.4622917
50.0,-88.0,12.0,5.4625897
50.0,-86.0,12.0,5.5427403
50.0,-84.0,12.0,5.768655
50.0,-82.0,12.0,5.786597
50.0,-80.0,12.0,5.4279103
50.0,-78.0,12.0,5.5127373
50.0,-76.0,12.0,5.445362
50.0,-74.0,12.0,5.3262587
50.0,-72.0,12.0,5.259833
50.0,-70.0,12.0,5.42973
50.0,-68.0,12.0,5.677938
50.0,-66.0,12.0,5.64514
50.0,-64.0,12.0,5.433645
50.0,-62.0,12.0,5.366554
50.0,-60.0,12.0,5.410829
50.0,-58.0,12.0,5.276712
50.0,-56.0,12.0,4.9693413
50.0,-54.0,12.0,5.128277
50.0,-52.0,12.0,5.4691606
50.0,-50.0,12.0,5.394033
50.0,-48.0,12.0,5.035156
50.0,-46.0,12.0,4.910406
50.0,-44.0,12.0,4.977827
50.0,-42.0,12.0,5.1488338
50.0,-40.0,12.0,5.28409
50.0,-38.0,12.0,5.147639
50.0,-36.0,12.0,4.9909177
50.0,-34.0,12.0,4.903009
50.0,-32.0,12.0,5.0072203
50.0,-30.0,12.0,5.1234303
50.0,-28.0,12.0,5.35148
50.0,-26.0,12.0,5.5166364
50.0,-24.0,12.0,5.451284
50.0,-22.0,12.0,5.166519
50.0,-20.0,12.0,4.9701447
50.0,-18.0,12.0,4.7085586
50.0,-16.0,12.0,4.537644
50.0,-14.0,12.0,4.4498014
50.0,-12.0,12.0,4.559034
50.0,-10.0,12.0,4.895356
50.0,-8.0,12.0,5.204331
50.0,-6.0,12.0,5.2377405
50.0,-4.0,12.0,5.2022285
50.0,-2.0,12.0,4.981512
50.0,0.0,12.0,4.758541
50.0,2.0,12.0,4.661722
50.0,4.0,12.0,4.9052615
50.0,6.0,12.0,4.962457
50.0,8.0,12.0,4.940289
50.0,10.0,12.0,4.6960516
50.0,12.0,12.0,4.533298
50.0,14.0,12.0,4.3770933
50.0,16.0,12.0,4.2411404
50.0,18.0,12.0,4.4009624
50.0,20.0,12.0,4.688787
50.0,22.0,12.0,4.9434714
50.0,24.0,12.0,5.028101
50.0,26.0,12.0,4.937511
50.0,28.0,12.0,4.825606
50.0,30.0,12.0,4.632838
50.0,32.0,12.0,4.047061
50.0,34.0,12.0,3.8662832
50.0,36.0,12.0,4.052764
50.0,38.0,12.0,4.368745
50.0,40.0,12.0,4.606734
50.0,42.0,12.0,4.3421187
50.0,44.0,12.0,3.9778821
50.0,46.0,12.0,3.9285533
50.0,48.0,12.0,4.3405027
50.0,50.0,12.0,4.592756
50.0,52.0,12.0,4.368024
50.0,54.0,12.0,4.033416
50.0,56.0,12.0,4.0180936
50.0,58.0,12.0,4.2391944
50.0,60.0,12.0,4.548043
50.0,62.0,12.0,4.5313406
50.0,64.0,12.0,4.5185747
50.0,66.0,12.0,4.772196
50.0,68.0,12.0,4.8236823
50.0,70.0,12.0,4.530287
50.0,72.0,12.0,4.373744
50.0,74.0,12.0,4.4050307
50.0,76.0,12.0,4.4777284
50.0,78.0,12.0,4.4053836
50.0,80.0,12.0,4.462527
50.0,82.0,12.0,5.0011263
50.0,84.0,12.0,4.8003645
50.0,86.0,12.0,4.38318
50.0,88.0,12.0,4.35831
50.0,90.0,12.0,4.4367094
50.0,92.0,12.0,4.2260604
50.0,94.0,12.0,4.3505707
50.0,96.0,12.0,4.9408207
50.0,98.0,12.0,4.9145465
50.0,100.0,12.0,4.3996215
50.0,102.0,12.0,4.2566752
50.0,104.0,12.0,4.2467456
50.0,106.0,12.0,4.2074027
50.0,108.0,12.0,4.221848
50.0,110.0,12.0,4.3513484
50.0,112.0,12.0,4.481546
50.0,114.0,12.0,4.4686265
50.0,116.0,12.0,4.341304
50.0,118.0,12.0,4.279674
50.0,120.0,12.0,4.272291
50.0,122.0,12.0,4.082198
50.0,124.0,12.0,3.9564795
50.0,126.0,12.0,4.0365715
50.0,128.0,12.0,4.2311196
50.0,130.0,12.0,4.2295046
50.0,132.0,12.0,4.0976586
50.0,134.0,12.0,3.91619
50.0,136.0,12.0,3.890406
50.0,138.0,12.0,3.901801
50.0,140.0,12.0,4.1620107
50.0,142.0,12.0,4.0426693
50.0,144.0,12.0,3.9171326
50.0,146.0,12.0,3.859761
50.0,148.0,12.0,3.930116
50.0,150.0,12.0,4.170825
50.0,152.0,12.0,4.163173
50.0,154.0,12.0,4.1016464
50.0,156.0,12.0,4.195388
50.0,158.0,12.0,4.3515987
50.0,160.0,12.0,4.227928
50.0,162.0,12.0,4.038815
50.0,164.0,12.0,3.9413188
50.0,166.0,12.0,4.0869565
50.0,168.0,12.0,4.2596264
50.0,170.0,12.0,4.28655
50.0,172.0,12.0,4.552554
50.0,174.0,12.0,4.6108413
50.0,176.0,12.0,4.4796214
50.0,178.0,12.0,4.3419557
50.0,180.0,12.0,4.409883
52.0,-180.0,12.0,4.2596354
52.0,-178.0,12.0,4.5408773
52.0,-176.0,12.0,4.5422616
52.0,-174.0,12.0,4.676637
52.0,-172.0,12.0,4.696739
52.0,-170.0,12.0,4.4439907
52.0,-168.0,12.0,4.1522636
52.0,-166.0,12.0,4.18465
52.0,-164.0,12.0,4.4131374
52.0,-162.0,12.0,4.4803915
52.0,-160.0,12.0,4.567114
52.0,-158.0,12.0,4.7215147
52.0,-156.0,12.0,4.795879
52.0,-154.0,12.0,4.6305685
52.0,-152.0,12.0,4.5634193
52.0,-150.0,12.0,4.6522317
52.0,-148.0,12.0,4.8221264
52.0,-146.0,12.0,4.700066
52.0,-144.0,12.0,4.5247693
52.0,-142.0,12.0,4.586246
52.0,-140.0,12.0,4.841981
52.0,-138.0,12.0,5.0572715
52.0,-136.0,12.0,5.0228624
52.0,-134.0,12.0,4.8249936
52.0,-132.0,12.0,4.865714
52.0,-130.0,12.0,5.0304255
52.0,-128.0,12.0,5.2556353
52.0,-126.0,12.0,5.1409683
52.0,-124.0,12.0,4.904667
52.0,-122.0,12.0,4.723064
52.0,-120.0,12.0,5.084087
52.0,-118.0,12.0,5.2716866
52.0,-116.0,12.0,5.386472
52.0,-114.0,12.0,5.3272986
52.0,-112.0,12.0,5.357342
52.0,-110.0,12.0,5.365044
52.0,-108.0,12.0,5.1235027
52.0,-106.0,12.0,5.213193
52.0,-104.0,12.0,5.273138
52.0,-102.0,12.0,5.3178964
52.0,-100.0,12.0,5.221785
52.0,-98.0,12.0,5.4104805
52.0,-96.0,12.0,5.6896815
52.0,-94.0,12.0,5.415559
52.0,-92.0,12.0,5.2088213
52.0,-90.0,12.0,5.250017
52.0,-88.0,12.0,5.2618237
52.0,-86.0,12.0,5.3127313
52.0,-84.0,12.0,5.4956346
52.0,-82.0,12.0,5.5317707
52.0,-80.0,12.0,5.2259407
52.0,-78.0,12.0,5.2560444
52.0,-76.0,12.0,5.143171
52.0,-74.0,12.0,5.13714
52.0,-72.0,12.0,5.0543447
52.0,-70.0,12.0,5.217975
52.0,-68.0,12.0,5.4956284
52.0,-66.0,12.0,5.6383514
52.0,-64.0,12.0,5.327046
52.0,-62.0,12.0,5.2526217
52.0,-60.0,12.0,5.1304817
52.0,-58.0,12.0,4.965486
52.0,-56.0,12.0,4.6927266
52.0,-54.0,12.0,4.810168
52.0,-52.0,12.0,5.257516
52.0,-50.0,12.0,5.176164
52.0,-48.0,12.0,4.807625
52.0,-46.0,12.0,4.685788
52.0,-44.0,12.0,4.7968955
52.0,-42.0,12.0,5.0379634
52.0,-40.0,12.0,5.1684027
52.0,-38.0,12.0,4.9863534
52.0,-36.0,12.0,4.7626953
52.0,-34.0,12.0,4.867406
52.0,-32.0,12.0,4.9828587
52.0,-30.0,12.0,5.1067886
52.0,-28.0,12.0,5.3521814
52.0,-26.0,12.0,5.543822
52.0,-24.0,12.0,5.478514
52.0,-22.0,12.0,5.2238197
52.0,-20.0,12.0,4.971138
52.0,-18.0,12.0,4.6754723
52.0,-16.0,12.0,4.5093822
52.0,-14.0,12.0,4.4965014
52.0,-12.0,12.0,4.6712337
52.0,-10.0,12.0,4.9611025
52.0,-8.0,12.0,5.2867594
52.0,-6.0,12.0,5.3564677
52.0,-4.0,12.0,5.226374
52.0,-2.0,12.0,4.9941854
52.0,0.0,12.0,4.805165
52.0,2.0,12.0,4.717214
52.0,4.0,12.0,4.8360825
52.0,6.0,12.0,5.0292325
52.0,8.0,12.0,5.0896664
52.0,10.0,12.0,4.8103004
52.0,12.0,12.0,4.52749
52.0,14.0,12.0,4.4216247
52.0,16.0,12.0,4.351087
52.0,18.0,12.0,4.502968
52.0,20.0,12.0,4.8325853
52.0,22.0,12.0,5.1969957
52.0,24.0,12.0,5.260807
52.0,26.0,12.0,5.0547624
52.0,28.0,12.0,4.945185
52.0,30.0,12.0,4.7903056
52.0,32.0,12.0,4.2452164
52.0,34.0,12.0,4.031144
52.0,36.0,12.0,4.13135
52.0,38.0,12.0,4.443737
52.0,40.0,12.0,4.6028967
52.0,42.0,12.0,4.325807
52.0,44.0,12.0,3.9730134
52.0,46.0,12.0,3.9351876
52.0,48.0,12.0,4.2699094
52.0,50.0,12.0,4.6435475
52.0,52.0,12.0,4.4572043
52.0,54.0,12.0,4.0659575
52.0,56.0,12.0,4.0169334
52.0,58.0,12.0,4.355823
52.0,60.0,12.0,4.5900197
52.0,62.0,12.0,4.4798317
52.0,64.0,12.0,4.53131
52.0,66.0,12.0,4.9187975
52.0,68.0,12.0,5.0000143
52.0,70.0,12.0,4.561565
52.0,72.0,12.0,4.4198756
52.0,74.0,12.0,4.4780645
52.0,76.0,12.0,4.4951572
52.0,78.0,12.0,4.440604
52.0,80.0,12.0,4.57382
52.0,82.0,12.0,5.13035
52.0,84.0,12.0,4.9471745
52.0,86.0,12.0,4.497994
52.0,88.0,12.0,4.4032655
52.0,90.0,12.0,4.5856023
52.0,92.0,12.0,4.260597
52.0,94.0,12.0,4.4689994
52.0,96.0,12.0,5.056524
52.0,98.0,12.0,5.0449
52.0,100.0,12.0,4.5044155
52.0,102.0,12.0,4.310648
52.0,104.0,12.0,4.307492
52.0,106.0,12.0,4.089331
52.0,108.0,12.0,4.1105847
52.0,110.0,12.0,4.3898735
52.0,112.0,12.0,4.6277046
52.0,114.0,12.0,4.5370026
52.0,116.0,12.0,4.3489094
52.0,118.0,12.0,4.341315
52.0,120.0,12.0,4.3268313
52.0,122.0,12.0,4.0250335
52.0,124.0,12.0,3.9079206
52.0,126.0,12.0,4.055637
52.0,128.0,12.0,4.2890787
52.0,130.0,12.0,4.2909136
52.0,132.0,12.0,4.0998087
52.0,134.0,12.0,3.942572
52.0,136.0,12.0,3.989411
52.0,138.0,12.0,4.0689306
52.0,140.0,12.0,4.252849
52.0,142.0,12.0,4.154384
52.0,144.0,12.0,4.0154705
52.0,146.0,12.0,3.9111404
52.0,148.0,12.0,4.013438
52.0,150.0,12.0,4.22129
52.0,152.0,12.0,4.1796026
52.0,154.0,12.0,4.10789
52.0,156.0,12.0,4.179063
52.0,158.0,12.0,4.2734337
52.0,160.0,12.0,4.12847
52.0,162.0,12.0,3.8738482
52.0,164.0,12.0,3.7543228
52.0,166.0,12.0,3.9635653
52.0,168.0,12.0,4.231865
52.0,170.0,12.0,4.2784214
52.0,172.0,12.0,4.5782013
52.0,174.0,12.0,4.5892916
52.0,176.0,12.0,4.4493194
52.0,178.0,12.0,4.1878476
52.0,180.0,12.0,4.2596354
54.0,-180.0,12.0,4.7012544
54.0,-178.0,12.0,4.825072
54.0,-176.0,12.0,5.0354133
54.0,-174.0,12.0,5.310057
54.0,-172.0,12.0,5.2727284
54.0,-170.0,12.0,4.822877
54.0,-168.0,12.0,4.5032506
54.0,-166.0,12.0,4.553927
54.0,-164.0,12.0,4.687427
54.0,-162.0,12.0,4.7393403
54.0,-160.0,12.0,4.9482865
54.0,-158.0,12.0,5.020741
54.0,-156.0,12.0,4.886857
54.0,-154.0,12.0,4.774277
54.0,-152.0,12.0,4.7257032
54.0,-150.0,12.0,4.9538603
54.0,-148.0,12.0,5.0196095
54.0,-146.0,12.0,4.8986163
54.0,-144.0,12.0,4.9056973
54.0,-142.0,12.0,4.9136534
54.0,-140.0,12.0,5.179272
54.0,-138.0,12.0,5.234519
54.0,-136.0,12.0,5.1321735
54.0,-134.0,12.0,5.10866
54.0,-132.0,12.0,5.2141924
54.0,-130.0,12.0,5.3120785
54.0,-128.0,12.0,5.404528
54.0,-126.0,12.0,5.1598887
54.0,-124.0,12.0,4.909302
54.0,-122.0,12.0,5.016566
54.0,-120.0,12.0,5.2658515
54.0,-118.0,12.0,5.395487
54.0,-116.0,12.0,5.5187755
54.0,-114.0,12.0,5.539073
54.0,-112.0,12.0,5.5148077
54.0,-110.0,12.0,5.371277
54.0,-108.0,12.0,5.2543225
54.0,-106.0,12.0,5.343586
54.0,-104.0,12.0,5.425114
54.0,-102.0,12.0,5.471805
54.0,-100.0,12.0,5.31626
54.0,-98.0,12.0,5.609067
54.0,-96.0,12.0,5.7656894
54.0,-94.0,12.0,5.391195
54.0,-92.0,12.0,5.2308187
54.0,-90.0,12.0,5.3417773
54.0,-88.0,12.0,5.400185
54.0,-86.0,12.0,5.465729
54.0,-84.0,12.0,5.742179
54.0,-82.0,12.0,5.6959314
54.0,-80.0,12.0,5.329595
54.0,-78.0,12.0,5.3816004
54.0,-76.0,12.0,5.322251
54.0,-74.0,12.0,5.236909
54.0,-72.0,12.0,5.2072654
54.0,-70.0,12.0,5.3982186
54.0,-68.0,12.0,5.5842233
54.0,-66.0,12.0,5.677803
54.0,-64.0,12.0,5.4067526
54.0,-62.0,12.0,5.346815
54.0,-60.0,12.0,5.3505125
54.0,-58.0,12.0,5.1675315
54.0,-56.0,12.0,4.9109397
54.0,-54.0,12.0,5.0372367
54.0,-52.0,12.0,5.37098
54.0,-50.0,12.0,5.2786913
54.0,-48.0,12.0,4.977752
54.0,-46.0,12.0,4.854218
54.0,-44.0,12.0,4.945222
54.0,-42.0,12.0,5.1763706
54.0,-40.0,12.0,5.327563
54.0,-38.0,12.0,5.2228775
54.0,-36.0,12.0,4.9381614
54.0,-34.0,12.0,4.9074287
54.0,-32.0,12.0,4.99543
54.0,-30.0,12.0,5.2085958
54.0,-28.0,12.0,5.3874364
54.0,-26.0,12.0,5.3109837
54.0,-24.0,12.0,5.4855604
54.0,-22.0,12.0,5.485572
54.0,-20.0,12.0,5.140965
54.0,-18.0,12.0,4.9001746
54.0,-16.0,12.0,4.663271
54.0,-14.0,12.0,4.6303926
54.0,-12.0,12.0,4.8112874
54.0,-10.0,12.0,5.092665
54.0,-8.0,12.0,5.6797767
54.0,-6.0,12.0,5.778344
54.0,-4.0,12.0,5.443563
54.0,-2.0,12.0,5.1946173
54.0,0.0,12.0,5.0876203
54.0,2.0,12.0,4.9476233
54.0,4.0,12.0,4.996766
54.0,6.0,12.0,5.531889
54.0,8.0,12.0,5.5519176
54.0,10.0,12.0,5.0621367
54.0,12.0,12.0,4.708535
54.0,14.0,12.0,4.6262574
54.0,16.0,12.0,4.5749474
54.0,18.0,12.0,4.661593
54.0,20.0,12.0,4.9938297
54.0,22.0,12.0,5.439597
54.0,24.0,12.0,5.4549165
54.0,26.0,12.0,5.234755
54.0,28.0,12.0,5.1084094
54.0,30.0,12.0,5.0262275
54.0,32.0,12.0,4.5278735
54.0,34.0,12.0,4.258839
54.0,36.0,12.0,4.385873
54.0,38.0,12.0,4.7967925
54.0,40.0,12.0,4.946477
54.0,42.0,12.0,4.5817013
54.0,44.0,12.0,4.212427
54.0,46.0,12.0,4.1705956
54.0,48.0,12.0,4.5301247
54.0,50.0,12.0,4.8765087
54.0,52.0,12.0,4.7004514
54.0,54.0,12.0,4.3722196
54.0,56.0,12.0,4.2550735
54.0,58.0,12.0,4.6079555
54.0,60.0,12.0,4.861139
54.0,62.0,12.0,4.807788
54.0,64.0,12.0,4.882469
54.0,66.0,12.0,5.165588
54.0,68.0,12.0,5.261917
54.0,70.0,12.0,4.8345838
54.0,72.0,12.0,4.594387
54.0,74.0,12.0,4.6654043
54.0,76.0,12.0,4.7393584
54.0,78.0,12.0,4.5414047
54.0,80.0,12.0,4.8013086
54.0,82.0,12.0,5.348585
54.0,84.0,12.0,5.1846347
54.0,86.0,12.0,4.799638
54.0,88.0,12.0,4.7442846
54.0,90.0,12.0,4.7371497
54.0,92.0,12.0,4.4929924
54.0,94.0,12.0,4.6416097
54.0,96.0,12.0,5.316057
54.0,98.0,12.0,5.2764845
54.0,100.0,12.0,4.753143
54.0,102.0,12.0,4.619998
54.0,104.0,12.0,4.525815
54.0,106.0,12.0,4.2842865
54.0,108.0,12.0,4.3020463
54.0,110.0,12.0,4.6441803
54.0,112.0,12.0,4.9678025
54.0,114.0,12.0,4.9301877
54.0,116.0,12.0,4.7649612
54.0,118.0,12.0,4.749434
54.0,120.0,12.0,4.618033
54.0,122.0,12.0,4.346634
54.0,124.0,12.0,4.21668
54.0,126.0,12.0,4.3614516
54.0,128.0,12.0,4.6389027
54.0,130.0,12.0,4.544678
54.0,132.0,12.0,4.3263893
54.0,134.0,12.0,4.1157804
54.0,136.0,12.0,4.2199025
54.0,138.0,12.0,4.398777
54.0,140.0,12.0,4.4923415
54.0,142.0,12.0,4.4453244
54.0,144.0,12.0,4.280786
54.0,146.0,12.0,4.278396
54.0,148.0,12.0,4.3906684
54.0,150.0,12.0,4.4944644
54.0,152.0,12.0,4.4012856
54.0,154.0,12.0,4.3914876
54.0,156.0,12.0,4.6227984
54.0,158.0,12.0,4.8207603
54.0,160.0,12.0,4.458401
54.0,162.0,12.0,4.099876
54.0,164.0,12.0,4.185586
54.0,166.0,12.0,4.2682724
54.0,168.0,12.0,4.410997
54.0,170.0,12.0,4.6121535
54.0,172.0,12.0,5.0951185
54.0,174.0,12.0,5.0567384
54.0,176.0,12.0,4.626499
54.0,178.0,12.0,4.474747
54.0,180.0,12.0,4.7012544
56.0,-180.0,12.0,5.2805643
56.0,-178.0,12.0,5.3852215
56.0,-176.0,12.0,5.5397186
56.0,-174.0,12.0,5.879623
56.0,-172.0,12.0,5.926897
56.0,-170.0,12.0,5.456382
56.0,-168.0,12.0,5.2087293
56.0,-166.0,12.0,5.2261043
56.0,-164.0,12.0,5.245384
56.0,-162.0,12.0,5.2778316
56.0,-160.0,12.0,5.5036626
56.0,-158.0,12.0,5.676788
56.0,-156.0,12.0,5.4813805
56.0,-154.0,12.0,5.188489
56.0,-152.0,12.0,5.3033776
56.0,-150.0,12.0,5.659144
56.0,-148.0,12.0,5.604677
56.0,-146.0,12.0,5.4866385
56.0,-144.0,12.0,5.48201
56.0,-142.0,12.0,5.6001463
56.0,-140.0,12.0,5.604431
56.0,-138.0,12.0,5.5767756
56.0,-136.0,12.0,5.460201
56.0,-134.0,12.0,5.508127
56.0,-132.0,12.0,5.639374
56.0,-130.0,12.0,5.686977
56.0,-128.0,12.0,5.5735807
56.0,-126.0,12.0,5.283213
56.0,-124.0,12.0,5.1596036
56.0,-122.0,12.0,5.312677
56.0,-120.0,12.0,5.6637673
56.0,-118.0,12.0,5.698037
56.0,-116.0,12.0,5.769454
56.0,-114.0,12.0,5.87774
56.0,-112.0,12.0,5.751692
56.0,-110.0,12.0,5.4588957
56.0,-108.0,12.0,5.5637507
56.0,-106.0,12.0,5.670354
56.0,-104.0,12.0,5.622062
56.0,-102.0,12.0,5.6068525
56.0,-100.0,12.0,5.5977936
56.0,-98.0,12.0,5.676453
56.0,-96.0,12.0,5.8522167
56.0,-94.0,12.0,5.6080174
56.0,-92.0,12.0,5.5755773
56.0,-90.0,12.0,5.4767313
56.0,-88.0,12.0,5.568008
56.0,-86.0,12.0,5.806881
56.0,-84.0,12.0,5.988854
56.0,-82.0,12.0,5.8936367
56.0,-80.0,12.0,5.5355387
56.0,-78.0,12.0,5.6904235
56.0,-76.0,12.0,5.624159
56.0,-74.0,12.0,5.5590057
56.0,-72.0,12.0,5.4694476
56.0,-70.0,12.0,5.4770174
56.0,-68.0,12.0,5.5733023
56.0,-66.0,12.0,5.604637
56.0,-64.0,12.0,5.6385627
56.0,-62.0,12.0,5.5623507
56.0,-60.0,12.0,5.633607
56.0,-58.0,12.0,5.516674
56.0,-56.0,12.0,5.411654
56.0,-54.0,12.0,5.481212
56.0,-52.0,12.0,5.6160054
56.0,-50.0,12.0,5.6075816
56.0,-48.0,12.0,5.2987394
56.0,-46.0,12.0,5.1122117
56.0,-44.0,12.0,5.1203704
56.0,-42.0,12.0,5.346138
56.0,-40.0,12.0,5.671833
56.0,-38.0,12.0,5.803589
56.0,-36.0,12.0,5.480889
56.0,-34.0,12.0,5.304545
56.0,-32.0,12.0,5.4167676
56.0,-30.0,12.0,5.6109595
56.0,-28.0,12.0,5.572385
56.0,-26.0,12.0,5.459512
56.0,-24.0,12.0,5.7185507
56.0,-22.0,12.0,5.792762
56.0,-20.0,12.0,5.4928536
56.0,-18.0,12.0,5.0966883
56.0,-16.0,12.0,4.8507123
56.0,-14.0,12.0,5.021203
56.0,-12.0,12.0,5.113365
56.0,-10.0,12.0,5.4827614
56.0,-8.0,12.0,6.1632333
56.0,-6.0,12.0,6.22186
56.0,-4.0,12.0,5.6502824
56.0,-2.0,12.0,5.39087
56.0,0.0,12.0,5.359244
56.0,2.0,12.0,5.180765
56.0,4.0,12.0,5.3198647
56.0,6.0,12.0,6.099764
56.0,8.0,12.0,6.163637
56.0,10.0,12.0,5.340708
56.0,12.0,12.0,4.9125843
56.0,14.0,12.0,4.9208083
56.0,16.0,12.0,4.906548
56.0,18.0,12.0,4.9073467
56.0,20.0,12.0,5.3385777
56.0,22.0,12.0,5.8714976
56.0,24.0,12.0,5.7221656
56.0,26.0,12.0,5.308597
56.0,28.0,12.0,5.1727033
56.0,30.0,12.0,5.4070854
56.0,32.0,12.0,4.9888134
56.0,34.0,12.0,4.7534556
56.0,36.0,12.0,4.9348454
56.0,38.0,12.0,5.281194
56.0,40.0,12.0,5.2826533
56.0,42.0,12.0,4.6921134
56.0,44.0,12.0,4.3062887
56.0,46.0,12.0,4.3703513
56.0,48.0,12.0,4.782829
56.0,50.0,12.0,5.3239746
56.0,52.0,12.0,5.240254
56.0,54.0,12.0,4.934728
56.0,56.0,12.0,4.7677784
56.0,58.0,12.0,5.0168004
56.0,60.0,12.0,5.1986136
56.0,62.0,12.0,5.2302065
56.0,64.0,12.0,5.266798
56.0,66.0,12.0,5.5708413
56.0,68.0,12.0,5.754519
56.0,70.0,12.0,5.264772
56.0,72.0,12.0,4.897703
56.0,74.0,12.0,5.000669
56.0,76.0,12.0,5.168143
56.0,78.0,12.0,5.10331
56.0,80.0,12.0,5.327052
56.0,82.0,12.0,6.031516
56.0,84.0,12.0,6.022018
56.0,86.0,12.0,5.4745083
56.0,88.0,12.0,5.35268
56.0,90.0,12.0,5.4319196
56.0,92.0,12.0,5.028656
56.0,94.0,12.0,5.103812
56.0,96.0,12.0,5.8228035
56.0,98.0,12.0,5.8752236
56.0,100.0,12.0,5.309954
56.0,102.0,12.0,5.0598235
56.0,104.0,12.0,5.0699463
56.0,106.0,12.0,4.8916273
56.0,108.0,12.0,4.847514
56.0,110.0,12.0,5.2616987
56.0,112.0,12.0,5.66205
56.0,114.0,12.0,5.5275598
56.0,116.0,12.0,5.3464484
56.0,118.0,12.0,5.35008
56.0,120.0,12.0,5.180577
56.0,122.0,12.0,4.8955665
56.0,124.0,12.0,4.7227216
56.0,126.0,12.0,4.909612
56.0,128.0,12.0,5.2458715
56.0,130.0,12.0,5.2095537
56.0,132.0,12.0,4.7526674
56.0,134.0,12.0,4.453656
56.0,136.0,12.0,4.5545044
56.0,138.0,12.0,4.906544
56.0,140.0,12.0,5.1715655
56.0,142.0,12.0,5.041213
56.0,144.0,12.0,4.8313603
56.0,146.0,12.0,4.7965264
56.0,148.0,12.0,4.982917
56.0,150.0,12.0,5.1614666
56.0,152.0,12.0,5.037545
56.0,154.0,12.0,4.9970155
56.0,156.0,12.0,5.3968353
56.0,158.0,12.0,5.6467175
56.0,160.0,12.0,5.1876307
56.0,162.0,12.0,4.836664
56.0,164.0,12.0,4.9228315
56.0,166.0,12.0,4.969876
56.0,168.0,12.0,4.9048805
56.0,170.0,12.0,5.2285333
56.0,172.0,12.0,5.930322
56.0,174.0,12.0,5.6066847
56.0,176.0,12.0,4.976624
56.0,178.0,12.0,4.978318
56.0,180.0,12.0,5.2805643
58.0,-180.0,12.0,5.3925176
58.0,-178.0,12.0,5.3656645
58.0,-176.0,12.0,5.425257
58.0,-174.0,12.0,5.866313
58.0,-172.0,12.0,5.888726
58.0,-170.0,12.0,5.4708743
58.0,-168.0,12.0,5.258122
58.0,-166.0,12.0,5.1841874
58.0,-164.0,12.0,5.1825743
58.0,-162.0,12.0,5.2511992
58.0,-160.0,12.0,5.4893064
58.0,-158.0,12.0,5.61197
58.0,-156.0,12.0,5.3649244
58.0,-154.0,12.0,5.1944637
58.0,-152.0,12.0,5.2637
58.0,-150.0,12.0,5.48289
58.0,-148.0,12.0,5.5511737
58.0,-146.0,12.0,5.4681797
58.0,-144.0,12.0,5.4023504
58.0,-142.0,12.0,5.473343
58.0,-140.0,12.0,5.5048327
58.0,-138.0,12.0,5.4600916
58.0,-136.0,12.0,5.410345
58.0,-134.0,12.0,5.4898825
58.0,-132.0,12.0,5.5071654
58.0,-130.0,12.0,5.5753746
58.0,-128.0,12.0,5.478682
58.0,-126.0,12.0,5.2545485
58.0,-124.0,12.0,5.2495365
58.0,-122.0,12.0,5.365936
58.0,-120.0,12.0,5.5351167
58.0,-118.0,12.0,5.670304
58.0,-116.0,12.0,5.8718963
58.0,-114.0,12.0,5.9122763
58.0,-112.0,12.0,5.716149
58.0,-110.0,12.0,5.3988304
58.0,-108.0,12.0,5.561502
58.0,-106.0,12.0,5.6578026
58.0,-104.0,12.0,5.426023
58.0,-102.0,12.0,5.5324173
58.0,-100.0,12.0,5.588289
58.0,-98.0,12.0,5.7995048
58.0,-96.0,12.0,5.9505115
58.0,-94.0,12.0,5.736425
58.0,-92.0,12.0,5.589893
58.0,-90.0,12.0,5.4556775
58.0,-88.0,12.0,5.6281924
58.0,-86.0,12.0,5.8285027
58.0,-84.0,12.0,5.945647
58.0,-82.0,12.0,5.7754064
58.0,-80.0,12.0,5.5855885
58.0,-78.0,12.0,5.551869
58.0,-76.0,12.0,5.4475255
58.0,-74.0,12.0,5.472481
58.0,-72.0,12.0,5.5520844
58.0,-70.0,12.0,5.5090275
58.0,-68.0,12.0,5.647963
58.0,-66.0,12.0,5.612757
58.0,-64.0,12.0,5.4810224
58.0,-62.0,12.0,5.4030547
58.0,-60.0,12.0,5.495636
58.0,-58.0,12.0,5.339697
58.0,-56.0,12.0,5.2791877
58.0,-54.0,12.0,5.373283
58.0,-52.0,12.0,5.494234
58.0,-50.0,12.0,5.53944
58.0,-48.0,12.0,5.3367696
58.0,-46.0,12.0,5.0929093
58.0,-44.0,12.0,5.016195
58.0,-42.0,12.0,5.2259088
58.0,-40.0,12.0,5.545139
58.0,-38.0,12.0,5.6564016
58.0,-36.0,12.0,5.3760276
58.0,-34.0,12.0,5.187654
58.0,-32.0,12.0,5.239087
58.0,-30.0,12.0,5.5096903
58.0,-28.0,12.0,5.4678936
58.0,-26.0,12.0,5.352465
58.0,-24.0,12.0,5.531044
58.0,-22.0,12.0,5.70657
58.0,-20.0,12.0,5.2996187
58.0,-18.0,12.0,4.88284
58.0,-16.0,12.0,4.7653046
58.0,-14.0,12.0,4.778292
58.0,-12.0,12.0,4.8888407
58.0,-10.0,12.0,5.3063846
58.0,-8.0,12.0,6.0406003
58.0,-6.0,12.0,6.022093
58.0,-4.0,12.0,5.379369
58.0,-2.0,12.0,5.2443576
58.0,0.0,12.0,5.2918153
58.0,2.0,12.0,5.101517
58.0,4.0,12.0,5.1934233
58.0,6.0,12.0,5.9916425
58.0,8.0,12.0,6.0944247
58.0,10.0,12.0,5.231424
58.0,12.0,12.0,4.908473
58.0,14.0,12.0,4.958353
58.0,16.0,12.0,4.850179
58.0,18.0,12.0,4.852077
58.0,20.0,12.0,5.314081
58.0,22.0,12.0,5.716044
58.0,24.0,12.0,5.510562
58.0,26.0,12.0,5.1179934
58.0,28.0,12.0,5.1512794
58.0,30.0,12.0,5.4091706
58.0,32.0,12.0,5.0544605
58.0,34.0,12.0,4.7728705
58.0,36.0,12.0,4.932165
58.0,38.0,12.0,5.236991
58.0,40.0,12.0,5.2543993
58.0,42.0,12.0,4.7559543
58.0,44.0,12.0,4.3762016
58.0,46.0,12.0,4.3926797
58.0,48.0,12.0,4.773184
58.0,50.0,12.0,5.350244
58.0,52.0,12.0,5.3297815
58.0,54.0,12.0,4.951484
58.0,56.0,12.0,4.84599
58.0,58.0,12.0,5.0580587
58.0,60.0,12.0,5.250743
58.0,62.0,12.0,5.240661
58.0,64.0,12.0,5.2537813
58.0,66.0,12.0,5.542283
58.0,68.0,12.0,5.7410674
58.0,70.0,12.0,5.320626
58.0,72.0,12.0,4.9621124
58.0,74.0,12.0,5.0330324
58.0,76.0,12.0,5.261758
58.0,78.0,12.0,5.1885734
58.0,80.0,12.0,5.42377
58.0,82.0,12.0,6.2187157
58.0,84.0,12.0,6.2363515
58.0,86.0,12.0,5.4773855
58.0,88.0,12.0,5.3593607
58.0,90.0,12.0,5.504269
58.0,92.0,12.0,5.189198
58.0,94.0,12.0,5.2837534
58.0,96.0,12.0,6.024096
58.0,98.0,12.0,6.101045
58.0,100.0,12.0,5.3625526
58.0,102.0,12.0,5.094646
58.0,104.0,12.0,5.123862
58.0,106.0,12.0,4.96719
58.0,108.0,12.0,4.945885
58.0,110.0,12.0,5.293056
58.0,112.0,12.0,5.7975006
58.0,114.0,12.0,5.611238
58.0,116.0,12.0,5.4119244
58.0,118.0,12.0,5.509155
58.0,120.0,12.0,5.3318076
58.0,122.0,12.0,4.947371
58.0,124.0,12.0,4.7824354
58.0,126.0,12.0,4.9863205
58.0,128.0,12.0,5.3736567
58.0,130.0,12.0,5.2815003
58.0,132.0,12.0,4.8256598
58.0,134.0,12.0,4.5157833
58.0,136.0,12.0,4.618078
58.0,138.0,12.0,5.036107
58.0,140.0,12.0,5.335805
58.0,142.0,12.0,5.187845
58.0,144.0,12.0,4.9916763
58.0,146.0,12.0,4.9127474
58.0,148.0,12.0,5.076733
58.0,150.0,12.0,5.3765764
58.0,152.0,12.0,5.2278056
58.0,154.0,12.0,5.1778145
58.0,156.0,12.0,5.556358
58.0,158.0,12.0,5.8171864
58.0,160.0,12.0,5.4466033
58.0,162.0,12.0,5.06846
58.0,164.0,12.0,5.0947137
58.0,166.0,12.0,5.1324887
58.0,168.0,12.0,5.0513124
58.0,170.0,12.0,5.414798
58.0,172.0,12.0,6.111928
58.0,174.0,12.0,5.7189927
58.0,176.0,12.0,5.0725675
58.0,178.0,12.0,5.1908717
58.0,180.0,12.0,5.3925176
60.0,-180.0,12.0,5.379798
60.0,-178.0,12.0,5.3368936
60.0,-176.0,12.0,5.381695
60.0,-174.0,12.0,5.756262
60.0,-172.0,12.0,5.8027496
60.0,-170.0,12.0,5.403911
60.0,-168.0,12.0,5.232176
60.0,-166.0,12.0,5.1701674
60.0,-164.0,12.0,5.127081
60.0,-162.0,12.0,5.209251
60.0,-160.0,12.0,5.456115
60.0,-158.0,12.0,5.612227
60.0,-156.0,12.0,5.37292
60.0,-154.0,12.0,5.219959
60.0,-152.0,12.0,5.2978134
60.0,-150.0,12.0,5.4353156
60.0,-148.0,12.0,5.47958
60.0,-146.0,12.0,5.36816
60.0,-144.0,12.0,5.3152485
60.0,-142.0,12.0,5.4082327
60.0,-140.0,12.0,5.431299
60.0,-138.0,12.0,5.30326
60.0,-136.0,12.0,5.263829
60.0,-134.0,12.0,5.2624707
60.0,-132.0,12.0,5.3473325
60.0,-130.0,12.0,5.4698677
60.0,-128.0,12.0,5.4349604
60.0,-126.0,12.0,5.2306385
60.0,-124.0,12.0,5.0698266
60.0,-122.0,12.0,5.1672225
60.0,-120.0,12.0,5.4328156
60.0,-118.0,12.0,5.4996443
60.0,-116.0,12.0,5.680481
60.0,-114.0,12.0,5.7497377
60.0,-112.0,12.0,5.583799
60.0,-110.0,12.0,5.4453516
60.0,-108.0,12.0,5.382044
60.0,-106.0,12.0,5.449669
60.0,-104.0,12.0,5.413651
60.0,-102.0,12.0,5.4602876
60.0,-100.0,12.0,5.450319
60.0,-98.0,12.0,5.830748
60.0,-96.0,12.0,6.029973
60.0,-94.0,12.0,5.754072
60.0,-92.0,12.0,5.530008
60.0,-90.0,12.0,5.435486
60.0,-88.0,12.0,5.4614105
60.0,-86.0,12.0,5.524207
60.0,-84.0,12.0,5.7435737
60.0,-82.0,12.0,5.6933064
60.0,-80.0,12.0,5.43712
60.0,-78.0,12.0,5.3280215
60.0,-76.0,12.0,5.304332
60.0,-74.0,12.0,5.4129605
60.0,-72.0,12.0,5.4378996
60.0,-70.0,12.0,5.433471
60.0,-68.0,12.0,5.71314
60.0,-66.0,12.0,5.752455
60.0,-64.0,12.0,5.5530996
60.0,-62.0,12.0,5.416556
60.0,-60.0,12.0,5.435428
60.0,-58.0,12.0,5.3517003
60.0,-56.0,12.0,5.198188
60.0,-54.0,12.0,5.2499604
60.0,-52.0,12.0,5.4565005
60.0,-50.0,12.0,5.4555206
60.0,-48.0,12.0,5.312121
60.0,-46.0,12.0,5.181523
60.0,-44.0,12.0,5.175673
60.0,-42.0,12.0,5.287538
60.0,-40.0,12.0,5.449378
60.0,-38.0,12.0,5.4089046
60.0,-36.0,12.0,5.153513
60.0,-34.0,12.0,5.0596533
60.0,-32.0,12.0,5.1193314
60.0,-30.0,12.0,5.4479647
60.0,-28.0,12.0,5.579133
60.0,-26.0,12.0,5.5858054
60.0,-24.0,12.0,5.6897607
60.0,-22.0,12.0,5.8507757
60.0,-20.0,12.0,5.4338646
60.0,-18.0,12.0,5.013443
60.0,-16.0,12.0,4.8997874
60.0,-14.0,12.0,4.904076
60.0,-12.0,12.0,5.0551705
60.0,-10.0,12.0,5.4429483
60.0,-8.0,12.0,5.98558
60.0,-6.0,12.0,5.962471
60.0,-4.0,12.0,5.356367
60.0,-2.0,12.0,5.241868
60.0,0.0,12.0,5.4177155
60.0,2.0,12.0,5.3321424
60.0,4.0,12.0,5.528008
60.0,6.0,12.0,6.223508
60.0,8.0,12.0,6.2437987
60.0,10.0,12.0,5.44976
60.0,12.0,12.0,5.075794
60.0,14.0,12.0,5.0861077
60.0,16.0,12.0,4.996384
60.0,18.0,12.0,5.070939
60.0,20.0,12.0,5.423797
60.0,22.0,12.0,5.8378453
60.0,24.0,12.0,5.611618
60.0,26.0,12.0,5.24303
60.0,28.0,12.0,5.1232643
60.0,30.0,12.0,5.413876
60.0,32.0,12.0,5.0725574
60.0,34.0,12.0,4.794044
60.0,36.0,12.0,5.0201974
60.0,38.0,12.0,5.2896967
60.0,40.0,12.0,5.379391
60.0,42.0,12.0,4.928609
60.0,44.0,12.0,4.5328574
60.0,46.0,12.0,4.542415
60.0,48.0,12.0,4.902144
60.0,50.0,12.0,5.4361353
60.0,52.0,12.0,5.3214784
60.0,54.0,12.0,5.0043426
60.0,56.0,12.0,4.9030986
60.0,58.0,12.0,5.125411
60.0,60.0,12.0,5.3881917
60.0,62.0,12.0,5.2905416
60.0,64.0,12.0,5.245858
60.0,66.0,12.0,5.5679164
60.0,68.0,12.0,5.72415
60.0,70.0,12.0,5.414128
60.0,72.0,12.0,5.108719
60.0,74.0,12.0,5.1244454
60.0,76.0,12.0,5.2571383
60.0,78.0,12.0,5.1446753
60.0,80.0,12.0,5.412478
60.0,82.0,12.0,6.0265117
60.0,84.0,12.0,6.018525
60.0,86.0,12.0,5.383703
60.0,88.0,12.0,5.2893124
60.0,90.0,12.0,5.3828263
60.0,92.0,12.0,5.0788894
60.0,94.0,12.0,5.189595
60.0,96.0,12.0,5.891967
60.0,98.0,12.0,5.9541125
60.0,100.0,12.0,5.3696465
60.0,102.0,12.0,5.113067
60.0,104.0,12.0,5.1348324
60.0,106.0,12.0,4.9948463
60.0,108.0,12.0,4.9647927
60.0,110.0,12.0,5.336366
60.0,112.0,12.0,5.736711
60.0,114.0,12.0,5.6807165
60.0,116.0,12.0,5.4494576
60.0,118.0,12.0,5.4434204
60.0,120.0,12.0,5.3475857
60.0,122.0,12.0,4.9316645
60.0,124.0,12.0,4.7714252
60.0,126.0,12.0,4.8852463
60.0,128.0,12.0,5.2234917
60.0,130.0,12.0,5.3194804
60.0,132.0,12.0,4.8652306
60.0,134.0,12.0,4.544762
60.0,136.0,12.0,4.656178
60.0,138.0,12.0,5.015791
60.0,140.0,12.0,5.2950864
60.0,142.0,12.0,5.15044
60.0,144.0,12.0,4.93664
60.0,146.0,12.0,4.81976
60.0,148.0,12.0,4.9698486
60.0,150.0,12.0,5.274178
60.0,152.0,12.0,5.1487136
60.0,154.0,12.0,5.07246
60.0,156.0,12.0,5.424041
60.0,158.0,12.0,5.6436853
60.0,160.0,12.0,5.298859
60.0,162.0,12.0,4.9543195
60.0,164.0,12.0,4.992938
60.0,166.0,12.0,5.0991335
60.0,168.0,12.0,5.048331
60.0,170.0,12.0,5.3389125
60.0,172.0,12.0,5.916611
60.0,174.0,12.0,5.6538453
60.0,176.0,12.0,5.2066183
60.0,178.0,12.0,5.263853
60.0,180.0,12.0,5.379798
62.0,-180.0,12.0,5.5237117
62.0,-178.0,12.0,5.5095096
62.0,-176.0,12.0,5.671111
62.0,-174.0,12.0,6.100218
62.0,-172.0,12.0,6.0850673
62.0,-170.0,12.0,5.6679873
62.0,-168.0,12.0,5.476044
62.0,-166.0,12.0,5.410868
62.0,-164.0,12.0,5.3656573
62.0,-162.0,12.0,5.4082417
62.0,-160.0,12.0,5.680752
62.0,-158.0,12.0,5.8448777
62.0,-156.0,12.0,5.610703
62.0,-154.0,12.0,5.383323
62.0,-152.0,12.0,5.4666395
62.0,-150.0,12.0,5.624263
62.0,-148.0,12.0,5.633591
62.0,-146.0,12.0,5.5879827
62.0,-144.0,12.0,5.563222
62.0,-142.0,12.0,5.6084976
62.0,-140.0,12.0,5.611105
62.0,-138.0,12.0,5.5192404
62.0,-136.0,12.0,5.454187
62.0,-134.0,12.0,5.32154
62.0,-132.0,12.0,5.362407
62.0,-130.0,12.0,5.608165
62.0,-128.0,12.0,5.6695285
62.0,-126.0,12.0,5.441539
62.0,-124.0,12.0,5.113277
62.0,-122.0,12.0,5.2717113
62.0,-120.0,12.0,5.4888663
62.0,-118.0,12.0,5.5442376
62.0,-116.0,12.0,5.603531
62.0,-114.0,12.0,5.7336016
62.0,-112.0,12.0,5.782721
62.0,-110.0,12.0,5.617737
62.0,-108.0,12.0,5.4810605
62.0,-106.0,12.0,5.565942
62.0,-104.0,12.0,5.725362
62.0,-102.0,12.0,5.6551127
62.0,-100.0,12.0,5.599083
62.0,-98.0,12.0,6.095959
62.0,-96.0,12.0,6.4037943
62.0,-94.0,12.0,6.130223
62.0,-92.0,12.0,5.8265452
62.0,-90.0,12.0,5.633533
62.0,-88.0,12.0,5.528282
62.0,-86.0,12.0,5.435784
62.0,-84.0,12.0,5.7393804
62.0,-82.0,12.0,5.9485526
62.0,-80.0,12.0,5.616597
62.0,-78.0,12.0,5.3700094
62.0,-76.0,12.0,5.459282
62.0,-74.0,12.0,5.6088853
62.0,-72.0,12.0,5.4916286
62.0,-70.0,12.0,5.5559464
62.0,-68.0,12.0,5.8483624
62.0,-66.0,12.0,5.938481
62.0,-64.0,12.0,5.718132
62.0,-62.0,12.0,5.5708055
62.0,-60.0,12.0,5.6177826
62.0,-58.0,12.0,5.394359
62.0,-56.0,12.0,5.222278
62.0,-54.0,12.0,5.373159
62.0,-52.0,12.0,5.609527
62.0,-50.0,12.0,5.6762643
62.0,-48.0,12.0,5.4332237
62.0,-46.0,12.0,5.250099
62.0,-44.0,12.0,5.1910877
62.0,-42.0,12.0,5.3196692
62.0,-40.0,12.0,5.675771
62.0,-38.0,12.0,5.6955013
62.0,-36.0,12.0,5.4465885
62.0,-34.0,12.0,5.3597484
62.0,-32.0,12.0,5.3703904
62.0,-30.0,12.0,5.6634865
62.0,-28.0,12.0,5.813544
62.0,-26.0,12.0,5.8880887
62.0,-24.0,12.0,6.1202216
62.0,-22.0,12.0,6.176135
62.0,-20.0,12.0,5.7760053
62.0,-18.0,12.0,5.2643337
62.0,-16.0,12.0,5.054196
62.0,-14.0,12.0,5.204033
62.0,-12.0,12.0,5.310781
62.0,-10.0,12.0,5.56709
62.0,-8.0,12.0,6.1155868
62.0,-6.0,12.0,6.219829
62.0,-4.0,12.0,5.610954
62.0,-2.0,12.0,5.3400226
62.0,0.0,12.0,5.5782924
62.0,2.0,12.0,5.5617733
62.0,4.0,12.0,5.6667075
62.0,6.0,12.0,6.4194613
62.0,8.0,12.0,6.5346293
62.0,10.0,12.0,5.731882
62.0,12.0,12.0,5.1757555
62.0,14.0,12.0,5.2385554
62.0,16.0,12.0,5.142987
62.0,18.0,12.0,5.3554645
62.0,20.0,12.0,5.6547494
62.0,22.0,12.0,6.076551
62.0,24.0,12.0,5.970539
62.0,26.0,12.0,5.5656943
62.0,28.0,12.0,5.507348
62.0,30.0,12.0,5.6726966
62.0,32.0,12.0,5.243455
62.0,34.0,12.0,4.918836
62.0,36.0,12.0,5.0895658
62.0,38.0,12.0,5.5782537
62.0,40.0,12.0,5.8119917
62.0,42.0,12.0,5.266857
62.0,44.0,12.0,4.678931
62.0,46.0,12.0,4.6314263
62.0,48.0,12.0,5.1430025
62.0,50.0,12.0,5.7718396
62.0,52.0,12.0,5.5973954
62.0,54.0,12.0,5.2594914
62.0,56.0,12.0,5.128555
62.0,58.0,12.0,5.3643456
62.0,60.0,12.0,5.77056
62.0,62.0,12.0,5.7006702
62.0,64.0,12.0,5.6714983
62.0,66.0,12.0,5.94221
62.0,68.0,12.0,5.9847026
62.0,70.0,12.0,5.492178
62.0,72.0,12.0,5.2324777
62.0,74.0,12.0,5.263313
62.0,76.0,12.0,5.318159
62.0,78.0,12.0,5.2330523
62.0,80.0,12.0,5.4844227
62.0,82.0,12.0,6.0390186
62.0,84.0,12.0,6.0277696
62.0,86.0,12.0,5.4535885
62.0,88.0,12.0,5.3927116
62.0,90.0,12.0,5.4578247
62.0,92.0,12.0,5.29095
62.0,94.0,12.0,5.362325
62.0,96.0,12.0,6.0911226
62.0,98.0,12.0,6.0365744
62.0,100.0,12.0,5.411444
62.0,102.0,12.0,5.182724
62.0,104.0,12.0,5.1970696
62.0,106.0,12.0,5.1153364
62.0,108.0,12.0,5.0638046
62.0,110.0,12.0,5.442966
62.0,112.0,12.0,5.831601
62.0,114.0,12.0,5.8777304
62.0,116.0,12.0,5.660942
62.0,118.0,12.0,5.6354876
62.0,120.0,12.0,5.580531
62.0,122.0,12.0,5.1837397
62.0,124.0,12.0,4.924273
62.0,126.0,12.0,5.0671115
62.0,128.0,12.0,5.3526316
62.0,130.0,12.0,5.4503593
62.0,132.0,12.0,5.125687
62.0,134.0,12.0,4.674717
62.0,136.0,12.0,4.789175
62.0,138.0,12.0,5.169469
62.0,140.0,12.0,5.4022684
62.0,142.0,12.0,5.2203126
62.0,144.0,12.0,4.956643
62.0,146.0,12.0,4.870337
62.0,148.0,12.0,5.051356
62.0,150.0,12.0,5.3375235
62.0,152.0,12.0,5.183701
62.0,154.0,12.0,5.154431
62.0,156.0,12.0,5.5111623
62.0,158.0,12.0,5.6515694
62.0,160.0,12.0,5.2752495
62.0,162.0,12.0,5.046063
62.0,164.0,12.0,5.166406
62.0,166.0,12.0,5.305022
62.0,168.0,12.0,5.20847
62.0,170.0,12.0,5.4718046
62.0,172.0,12.0,6.0247393
62.0,174.0,12.0,5.853128
62.0,176.0,12.0,5.392136
62.0,178.0,12.0,5.3819113
62.0,180.0,12.0,5.5237117
64.0,-180.0,12.0,5.6254926
64.0,-178.0,12.0,5.6085415
64.0,-176.0,12.0,5.8351073
64.0,-174.0,12.0,6.291237
64.0,-172.0,12.0,6.2116
64.0,-170.0,12.0,5.6541085
64.0,-168.0,12.0,5.468549
64.0,-166.0,12.0,5.5923786
64.0,-164.0,12.0,5.4607267
64.0,-162.0,12.0,5.443872
64.0,-160.0,12.0,5.6454277
64.0,-158.0,12.0,5.826097
64.0,-156.0,12.0,5.5335793
64.0,-154.0,12.0,5.2571316
64.0,-152.0,12.0,5.408394
64.0,-150.0,12.0,5.6457996
64.0,-148.0,12.0,5.4173083
64.0,-146.0,12.0,5.3970795
64.0,-144.0,12.0,5.466675
64.0,-142.0,12.0,5.5866027
64.0,-140.0,12.0,5.541449
64.0,-138.0,12.0,5.614301
64.0,-136.0,12.0,5.5744247
64.0,-134.0,12.0,5.524028
64.0,-132.0,12.0,5.4255314
64.0,-130.0,12.0,5.5124764
64.0,-128.0,12.0,5.485366
64.0,-126.0,12.0,5.30192
64.0,-124.0,12.0,4.99627
64.0,-122.0,12.0,5.014724
64.0,-120.0,12.0,5.4334745
64.0,-118.0,12.0,5.59982
64.0,-116.0,12.0,5.5980134
64.0,-114.0,12.0,5.682201
64.0,-112.0,12.0,5.8424478
64.0,-110.0,12.0,5.6188855
64.0,-108.0,12.0,5.407892
64.0,-106.0,12.0,5.535391
64.0,-104.0,12.0,5.6721354
64.0,-102.0,12.0,5.719989
64.0,-100.0,12.0,5.50399
64.0,-98.0,12.0,5.8162174
64.0,-96.0,12.0,6.1718397
64.0,-94.0,12.0,5.909086
64.0,-92.0,12.0,5.5419197
64.0,-90.0,12.0,5.5176425
64.0,-88.0,12.0,5.7093577
64.0,-86.0,12.0,5.7089243
64.0,-84.0,12.0,5.662855
64.0,-82.0,12.0,5.7979484
64.0,-80.0,12.0,5.512827
64.0,-78.0,12.0,5.3726654
64.0,-76.0,12.0,5.5345097
64.0,-74.0,12.0,5.7013636
64.0,-72.0,12.0,5.5279574
64.0,-70.0,12.0,5.5694747
64.0,-68.0,12.0,5.7825418
64.0,-66.0,12.0,5.96772
64.0,-64.0,12.0,5.6515064
64.0,-62.0,12.0,5.359176
64.0,-60.0,12.0,5.3973703
64.0,-58.0,12.0,5.254375
64.0,-56.0,12.0,5.01535
64.0,-54.0,12.0,5.101955
64.0,-52.0,12.0,5.3623047
64.0,-50.0,12.0,5.4109616
64.0,-48.0,12.0,5.2199764
64.0,-46.0,12.0,5.0432396
64.0,-44.0,12.0,5.0615506
64.0,-42.0,12.0,5.194918
64.0,-40.0,12.0,5.4115486
64.0,-38.0,12.0,5.5780516
64.0,-36.0,12.0,5.4056916
64.0,-34.0,12.0,5.257261
64.0,-32.0,12.0,5.266534
64.0,-30.0,12.0,5.567109
64.0,-28.0,12.0,5.555333
64.0,-26.0,12.0,5.636627
64.0,-24.0,12.0,5.9422007
64.0,-22.0,12.0,6.0644917
64.0,-20.0,12.0,5.570978
64.0,-18.0,12.0,5.04322
64.0,-16.0,12.0,4.94061
64.0,-14.0,12.0,5.150478
64.0,-12.0,12.0,5.2442384
64.0,-10.0,12.0,5.4601173
64.0,-8.0,12.0,6.0740223
64.0,-6.0,12.0,6.2438564
64.0,-4.0,12.0,5.622404
64.0,-2.0,12.0,5.3899703
64.0,0.0,12.0,5.487476
64.0,2.0,12.0,5.3157835
64.0,4.0,12.0,5.325527
64.0,6.0,12.0,6.0047755
64.0,8.0,12.0,6.377439
64.0,10.0,12.0,5.5583453
64.0,12.0,12.0,4.9835815
64.0,14.0,12.0,5.0119224
64.0,16.0,12.0,5.0430365
64.0,18.0,12.0,5.1453032
64.0,20.0,12.0,5.5479255
64.0,22.0,12.0,6.1221533
64.0,24.0,12.0,6.0473824
64.0,26.0,12.0,5.5740447
64.0,28.0,12.0,5.4957542
64.0,30.0,12.0,5.6253633
64.0,32.0,12.0,5.3602605
64.0,34.0,12.0,4.9688
64.0,36.0,12.0,5.0038266
64.0,38.0,12.0,5.520421
64.0,40.0,12.0,5.709042
64.0,42.0,12.0,5.1147747
64.0,44.0,12.0,4.576897
64.0,46.0,12.0,4.4936767
64.0,48.0,12.0,4.924463
64.0,50.0,12.0,5.5944443
64.0,52.0,12.0,5.62219
64.0,54.0,12.0,5.183653
64.0,56.0,12.0,5.002162
64.0,58.0,12.0,5.227312
64.0,60.0,12.0,5.608988
64.0,62.0,12.0,5.586535
64.0,64.0,12.0,5.6206822
64.0,66.0,12.0,5.913642
64.0,68.0,12.0,6.0306706
64.0,70.0,12.0,5.4714775
64.0,72.0,12.0,5.149751
64.0,74.0,12.0,5.2449837
64.0,76.0,12.0,5.2895603
64.0,78.0,12.0,5.253659
64.0,80.0,12.0,5.557609
64.0,82.0,12.0,6.1812186
64.0,84.0,12.0,6.2293153
64.0,86.0,12.0,5.6279535
64.0,88.0,12.0,5.4683485
64.0,90.0,12.0,5.436615
64.0,92.0,12.0,5.3715587
64.0,94.0,12.0,5.5550013
64.0,96.0,12.0,6.2095804
64.0,98.0,12.0,6.182554
64.0,100.0,12.0,5.534919
64.0,102.0,12.0,5.2178426
64.0,104.0,12.0,5.2274075
64.0,106.0,12.0,5.064131
64.0,108.0,12.0,4.9917927
64.0,110.0,12.0,5.4330854
64.0,112.0,12.0,6.0325117
64.0,114.0,12.0,6.0159407
64.0,116.0,12.0,5.662552
64.0,118.0,12.0,5.6100082
64.0,120.0,12.0,5.547074
64.0,122.0,12.0,5.1464405
64.0,124.0,12.0,4.9273934
64.0,126.0,12.0,5.0975986
64.0,128.0,12.0,5.512594
64.0,130.0,12.0,5.463958
64.0,132.0,12.0,5.084282
64.0,134.0,12.0,4.7218328
64.0,136.0,12.0,4.806004
64.0,138.0,12.0,5.239315
64.0,140.0,12.0,5.5497937
64.0,142.0,12.0,5.404048
64.0,144.0,12.0,5.058894
64.0,146.0,12.0,5.0147305
64.0,148.0,12.0,5.298876
64.0,150.0,12.0,5.5976877
64.0,152.0,12.0,5.3671203
64.0,154.0,12.0,5.4125404
64.0,156.0,12.0,5.845356
64.0,158.0,12.0,6.0319633
64.0,160.0,12.0,5.625823
64.0,162.0,12.0,5.237525
64.0,164.0,12.0,5.2411666
64.0,166.0,12.0,5.389693
64.0,168.0,12.0,5.2964334
64.0,170.0,12.0,5.6413035
64.0,172.0,12.0,6.268204
64.0,174.0,12.0,5.974784
64.0,176.0,12.0,5.413394
64.0,178.0,12.0,5.3384104
64.0,180.0,12.0,5.6254926
66.0,-180.0,12.0,5.098155
66.0,-178.0,12.0,5.1197324
66.0,-176.0,12.0,5.3072767
66.0,-174.0,12.0,5.5802474
66.0,-172.0,12.0,5.5291185
66.0,-170.0,12.0,5.028276
66.0,-168.0,12.0,4.8985467
66.0,-166.0,12.0,5.1158156
66.0,-164.0,12.0,5.046251
66.0,-162.0,12.0,4.8954406
66.0,-160.0,12.0,5.063468
66.0,-158.0,12.0,5.220483
66.0,-156.0,12.0,4.952514
66.0,-154.0,12.0,4.850134
66.0,-152.0,12.0,4.9417667
66.0,-150.0,12.0,5.0077567
66.0,-148.0,12.0,4.860767
66.0,-146.0,12.0,4.7853284
66.0,-144.0,12.0,4.8762603
66.0,-142.0,12.0,5.028368
66.0,-140.0,12.0,5.181372
66.0,-138.0,12.0,5.263573
66.0,-136.0,12.0,5.226458
66.0,-134.0,12.0,5.1974664
66.0,-132.0,12.0,5.1633763
66.0,-130.0,12.0,5.195096
66.0,-128.0,12.0,5.0705194
66.0,-126.0,12.0,4.966664
66.0,-124.0,12.0,4.788641
66.0,-122.0,12.0,4.927274
66.0,-120.0,12.0,5.298161
66.0,-118.0,12.0,5.300661
66.0,-116.0,12.0,5.3712187
66.0,-114.0,12.0,5.4948506
66.0,-112.0,12.0,5.491598
66.0,-110.0,12.0,5.3275166
66.0,-108.0,12.0,5.3689437
66.0,-106.0,12.0,5.492439
66.0,-104.0,12.0,5.455847
66.0,-102.0,12.0,5.4708743
66.0,-100.0,12.0,5.4153304
66.0,-98.0,12.0,5.5247808
66.0,-96.0,12.0,5.6614165
66.0,-94.0,12.0,5.39453
66.0,-92.0,12.0,5.2251625
66.0,-90.0,12.0,5.3488493
66.0,-88.0,12.0,5.524859
66.0,-86.0,12.0,5.4520082
66.0,-84.0,12.0,5.59399
66.0,-82.0,12.0,5.6896577
66.0,-80.0,12.0,5.3867702
66.0,-78.0,12.0,5.2646737
66.0,-76.0,12.0,5.356201
66.0,-74.0,12.0,5.496472
66.0,-72.0,12.0,5.3761353
66.0,-70.0,12.0,5.2960224
66.0,-68.0,12.0,5.4665527
66.0,-66.0,12.0,5.5307074
66.0,-64.0,12.0,5.3177896
66.0,-62.0,12.0,5.129493
66.0,-60.0,12.0,5.2370377
66.0,-58.0,12.0,5.144707
66.0,-56.0,12.0,4.9435697
66.0,-54.0,12.0,4.87605
66.0,-52.0,12.0,5.1719747
66.0,-50.0,12.0,5.3174324
66.0,-48.0,12.0,5.05674
66.0,-46.0,12.0,4.928371
66.0,-44.0,12.0,5.0533404
66.0,-42.0,12.0,5.245313
66.0,-40.0,12.0,5.348139
66.0,-38.0,12.0,5.2888856
66.0,-36.0,12.0,5.0954547
66.0,-34.0,12.0,4.8822474
66.0,-32.0,12.0,4.809943
66.0,-30.0,12.0,5.209785
66.0,-28.0,12.0,5.3071823
66.0,-26.0,12.0,5.2222495
66.0,-24.0,12.0,5.356269
66.0,-22.0,12.0,5.455354
66.0,-20.0,12.0,5.179639
66.0,-18.0,12.0,4.919429
66.0,-16.0,12.0,4.8350782
66.0,-14.0,12.0,5.0455647
66.0,-12.0,12.0,5.102203
66.0,-10.0,12.0,5.212284
66.0,-8.0,12.0,5.725642
66.0,-6.0,12.0,6.0740657
66.0,-4.0,12.0,5.5236373
66.0,-2.0,12.0,5.245967
66.0,0.0,12.0,5.3032613
66.0,2.0,12.0,5.1461067
66.0,4.0,12.0,5.07977
66.0,6.0,12.0,5.670554
66.0,8.0,12.0,5.926055
66.0,10.0,12.0,5.342597
66.0,12.0,12.0,4.764211
66.0,14.0,12.0,4.759681
66.0,16.0,12.0,4.8089113
66.0,18.0,12.0,4.907378
66.0,20.0,12.0,5.1721168
66.0,22.0,12.0,5.6610646
66.0,24.0,12.0,5.665076
66.0,26.0,12.0,5.2488847
66.0,28.0,12.0,5.1162434
66.0,30.0,12.0,5.229395
66.0,32.0,12.0,5.0408707
66.0,34.0,12.0,4.682175
66.0,36.0,12.0,4.577364
66.0,38.0,12.0,5.057791
66.0,40.0,12.0,5.222452
66.0,42.0,12.0,4.729066
66.0,44.0,12.0,4.2382684
66.0,46.0,12.0,4.2022285
66.0,48.0,12.0,4.6329236
66.0,50.0,12.0,5.2485986
66.0,52.0,12.0,5.2383933
66.0,54.0,12.0,4.828693
66.0,56.0,12.0,4.616551
66.0,58.0,12.0,4.8833165
66.0,60.0,12.0,5.3092084
66.0,62.0,12.0,5.344441
66.0,64.0,12.0,5.30851
66.0,66.0,12.0,5.635073
66.0,68.0,12.0,5.763645
66.0,70.0,12.0,5.2660384
66.0,72.0,12.0,4.905925
66.0,74.0,12.0,4.942583
66.0,76.0,12.0,5.0318146
66.0,78.0,12.0,4.990373
66.0,80.0,12.0,5.235979
66.0,82.0,12.0,5.8671045
66.0,84.0,12.0,5.8409476
66.0,86.0,12.0,5.3110948
66.0,88.0,12.0,5.1731973
66.0,90.0,12.0,5.2282066
66.0,92.0,12.0,5.013994
66.0,94.0,12.0,5.220575
66.0,96.0,12.0,5.7412567
66.0,98.0,12.0,5.7111998
66.0,100.0,12.0,5.1803207
66.0,102.0,12.0,5.001063
66.0,104.0,12.0,5.0361114
66.0,106.0,12.0,4.932262
66.0,108.0,12.0,4.8561783
66.0,110.0,12.0,5.283441
66.0,112.0,12.0,5.6977386
66.0,114.0,12.0,5.5942993
66.0,116.0,12.0,5.234331
66.0,118.0,12.0,5.2080474
66.0,120.0,12.0,5.196688
66.0,122.0,12.0,4.8445997
66.0,124.0,12.0,4.636785
66.0,126.0,12.0,4.836465
66.0,128.0,12.0,5.1305714
66.0,130.0,12.0,5.1720505
66.0,132.0,12.0,4.757345
66.0,134.0,12.0,4.403781
66.0,136.0,12.0,4.4659767
66.0,138.0,12.0,4.796317
66.0,140.0,12.0,5.160558
66.0,142.0,12.0,5.1513605
66.0,144.0,12.0,4.707936
66.0,146.0,12.0,4.6583047
66.0,148.0,12.0,4.9151216
66.0,150.0,12.0,5.1404953
66.0,152.0,12.0,5.0060334
66.0,154.0,12.0,5.0260806
66.0,156.0,12.0,5.3848853
66.0,158.0,12.0,5.5086164
66.0,160.0,12.0,5.04672
66.0,162.0,12.0,4.7620773
66.0,164.0,12.0,4.7263722
66.0,166.0,12.0,4.8690157
66.0,168.0,12.0,4.8147492
66.0,170.0,12.0,5.137028
66.0,172.0,12.0,5.6490946
66.0,174.0,12.0,5.4053817
66.0,176.0,12.0,4.891086
66.0,178.0,12.0,4.86567
66.0,180.0,12.0,5.098155
68.0,-180.0,12.0,4.7221103
68.0,-178.0,12.0,4.8004484
68.0,-176.0,12.0,4.9584446
68.0,-174.0,12.0,5.186249
68.0,-172.0,12.0,5.170046
68.0,-170.0,12.0,4.7135158
68.0,-168.0,12.0,4.5364494
68.0,-166.0,12.0,4.617986
68.0,-164.0,12.0,4.5979347
68.0,-162.0,12.0,4.5104656
68.0,-160.0,12.0,4.683253
68.0,-158.0,12.0,4.8498774
68.0,-156.0,12.0,4.592512
68.0,-154.0,12.0,4.5509286
68.0,-152.0,12.0,4.587913
68.0,-150.0,12.0,4.6251664
68.0,-148.0,12.0,4.462001
68.0,-146.0,12.0,4.355931
68.0,-144.0,12.0,4.4607844
68.0,-142.0,12.0,4.658988
68.0,-140.0,12.0,4.7835503
68.0,-138.0,12.0,4.7861457
68.0,-136.0,12.0,4.7202144
68.0,-134.0,12.0,4.736724
68.0,-132.0,12.0,4.8397274
68.0,-130.0,12.0,4.836131
68.0,-128.0,12.0,4.7525682
68.0,-126.0,12.0,4.6263323
68.0,-124.0,12.0,4.550415
68.0,-122.0,12.0,4.6934967
68.0,-120.0,12.0,5.0262527
68.0,-118.0,12.0,5.003818
68.0,-116.0,12.0,5.1762543
68.0,-114.0,12.0,5.4206953
68.0,-112.0,12.0,5.3545675
68.0,-110.0,12.0,5.255307
68.0,-108.0,12.0,5.200497
68.0,-106.0,12.0,5.3262343
68.0,-104.0,12.0,5.3827815
68.0,-102.0,12.0,5.3325977
68.0,-100.0,12.0,5.257511
68.0,-98.0,12.0,5.41871
68.0,-96.0,12.0,5.4182982
68.0,-94.0,12.0,5.1799955
68.0,-92.0,12.0,5.0171404
68.0,-90.0,12.0,5.153121
68.0,-88.0,12.0,5.273695
68.0,-86.0,12.0,5.1447816
68.0,-84.0,12.0,5.3691177
68.0,-82.0,12.0,5.458354
68.0,-80.0,12.0,5.1945305
68.0,-78.0,12.0,5.0784197
68.0,-76.0,12.0,5.2517123
68.0,-74.0,12.0,5.284638
68.0,-72.0,12.0,5.181232
68.0,-70.0,12.0,5.1860795
68.0,-68.0,12.0,5.4113693
68.0,-66.0,12.0,5.3862667
68.0,-64.0,12.0,5.0518394
68.0,-62.0,12.0,4.8520737
68.0,-60.0,12.0,5.031998
68.0,-58.0,12.0,4.920978
68.0,-56.0,12.0,4.7055745
68.0,-54.0,12.0,4.723215
68.0,-52.0,12.0,4.998561
68.0,-50.0,12.0,4.983185
68.0,-48.0,12.0,4.8716087
68.0,-46.0,12.0,4.7757845
68.0,-44.0,12.0,4.8289084
68.0,-42.0,12.0,4.945269
68.0,-40.0,12.0,5.0301294
68.0,-38.0,12.0,4.948627
68.0,-36.0,12.0,4.7530694
68.0,-34.0,12.0,4.665293
68.0,-32.0,12.0,4.6248894
68.0,-30.0,12.0,4.9450655
68.0,-28.0,12.0,5.007717
68.0,-26.0,12.0,4.9607506
68.0,-24.0,12.0,5.090285
68.0,-22.0,12.0,5.144981
68.0,-20.0,12.0,4.8459682
68.0,-18.0,12.0,4.635999
68.0,-16.0,12.0,4.61369
68.0,-14.0,12.0,4.767387
68.0,-12.0,12.0,4.799933
68.0,-10.0,12.0,4.8390913
68.0,-8.0,12.0,5.3184733
68.0,-6.0,12.0,5.5171375
68.0,-4.0,12.0,5.1411057
68.0,-2.0,12.0,4.8720803
68.0,0.0,12.0,4.943895
68.0,2.0,12.0,4.76921
68.0,4.0,12.0,4.7962413
68.0,6.0,12.0,5.3665137
68.0,8.0,12.0,5.683969
68.0,10.0,12.0,5.1049676
68.0,12.0,12.0,4.597664
68.0,14.0,12.0,4.531875
68.0,16.0,12.0,4.532028
68.0,18.0,12.0,4.622895
68.0,20.0,12.0,4.941346
68.0,22.0,12.0,5.3435025
68.0,24.0,12.0,5.3494835
68.0,26.0,12.0,4.9389205
68.0,28.0,12.0,4.8230996
68.0,30.0,12.0,4.911366
68.0,32.0,12.0,4.7343707
68.0,34.0,12.0,4.394787
68.0,36.0,12.0,4.360409
68.0,38.0,12.0,4.7858515
68.0,40.0,12.0,4.9417405
68.0,42.0,12.0,4.434007
68.0,44.0,12.0,4.052294
68.0,46.0,12.0,3.9971337
68.0,48.0,12.0,4.315148
68.0,50.0,12.0,4.948867
68.0,52.0,12.0,4.933309
68.0,54.0,12.0,4.5555754
68.0,56.0,12.0,4.440012
68.0,58.0,12.0,4.6455474
68.0,60.0,12.0,5.0340023
68.0,62.0,12.0,5.001696
68.0,64.0,12.0,4.9579477
68.0,66.0,12.0,5.242051
68.0,68.0,12.0,5.3853936
68.0,70.0,12.0,4.9646688
68.0,72.0,12.0,4.648822
68.0,74.0,12.0,4.6799455
68.0,76.0,12.0,4.817086
68.0,78.0,12.0,4.7429953
68.0,80.0,12.0,4.923449
68.0,82.0,12.0,5.6058493
68.0,84.0,12.0,5.6037126
68.0,86.0,12.0,4.945457
68.0,88.0,12.0,4.884294
68.0,90.0,12.0,4.9659767
68.0,92.0,12.0,4.771027
68.0,94.0,12.0,4.9264607
68.0,96.0,12.0,5.470945
68.0,98.0,12.0,5.498738
68.0,100.0,12.0,4.8859496
68.0,102.0,12.0,4.6294756
68.0,104.0,12.0,4.7452855
68.0,106.0,12.0,4.7528257
68.0,108.0,12.0,4.6817837
68.0,110.0,12.0,5.0158997
68.0,112.0,12.0,5.436331
68.0,114.0,12.0,5.2753854
68.0,116.0,12.0,4.9170804
68.0,118.0,12.0,4.907752
68.0,120.0,12.0,4.89826
68.0,122.0,12.0,4.571623
68.0,124.0,12.0,4.3710604
68.0,126.0,12.0,4.534093
68.0,128.0,12.0,4.816964
68.0,130.0,12.0,4.868109
68.0,132.0,12.0,4.5055423
68.0,134.0,12.0,4.176585
68.0,136.0,12.0,4.2588506
68.0,138.0,12.0,4.4956727
68.0,140.0,12.0,4.831968
68.0,142.0,12.0,4.846301
68.0,144.0,12.0,4.405194
68.0,146.0,12.0,4.355646
68.0,148.0,12.0,4.5686283
68.0,150.0,12.0,4.770078
68.0,152.0,12.0,4.70661
68.0,154.0,12.0,4.6762266
68.0,156.0,12.0,4.9575124
68.0,158.0,12.0,5.082769
68.0,160.0,12.0,4.65587
68.0,162.0,12.0,4.4177876
68.0,164.0,12.0,4.384131
68.0,166.0,12.0,4.5170865
68.0,168.0,12.0,4.4626265
68.0,170.0,12.0,4.7821255
68.0,172.0,12.0,5.211066
68.0,174.0,12.0,5.0501213
68.0,176.0,12.0,4.6567845
68.0,178.0,12.0,4.5550923
68.0,180.0,12.0,4.7221103
70.0,-180.0,12.0,5.4535584
70.0,-178.0,12.0,5.3914766
70.0,-176.0,12.0,5.553272
70.0,-174.0,12.0,6.0230327
70.0,-172.0,12.0,5.972609
70.0,-170.0,12.0,5.463636
70.0,-168.0,12.0,5.338758
70.0,-166.0,12.0,5.4109387
70.0,-164.0,12.0,5.3077326
70.0,-162.0,12.0,5.208598
70.0,-160.0,12.0,5.430012
70.0,-158.0,12.0,5.6613607
70.0,-156.0,12.0,5.3385205
70.0,-154.0,12.0,5.1495066
70.0,-152.0,12.0,5.325327
70.0,-150.0,12.0,5.4431424
70.0,-148.0,12.0,5.19721
70.0,-146.0,12.0,5.0338535
70.0,-144.0,12.0,5.2243443
70.0,-142.0,12.0,5.4421077
70.0,-140.0,12.0,5.4513063
70.0,-138.0,12.0,5.3409724
70.0,-136.0,12.0,5.2448034
70.0,-134.0,12.0,5.231535
70.0,-132.0,12.0,5.3333097
70.0,-130.0,12.0,5.4362507
70.0,-128.0,12.0,5.290852
70.0,-126.0,12.0,4.970332
70.0,-124.0,12.0,4.923132
70.0,-122.0,12.0,5.121539
70.0,-120.0,12.0,5.439428
70.0,-118.0,12.0,5.4868894
70.0,-116.0,12.0,5.601196
70.0,-114.0,12.0,5.8587365
70.0,-112.0,12.0,5.8162875
70.0,-110.0,12.0,5.458135
70.0,-108.0,12.0,5.410274
70.0,-106.0,12.0,5.5311484
70.0,-104.0,12.0,5.660437
70.0,-102.0,12.0,5.6048117
70.0,-100.0,12.0,5.443054
70.0,-98.0,12.0,5.696948
70.0,-96.0,12.0,5.996171
70.0,-94.0,12.0,5.7251534
70.0,-92.0,12.0,5.444062
70.0,-90.0,12.0,5.4440703
70.0,-88.0,12.0,5.474137
70.0,-86.0,12.0,5.5499835
70.0,-84.0,12.0,5.9740133
70.0,-82.0,12.0,5.863852
70.0,-80.0,12.0,5.437469
70.0,-78.0,12.0,5.378294
70.0,-76.0,12.0,5.506083
70.0,-74.0,12.0,5.584462
70.0,-72.0,12.0,5.382962
70.0,-70.0,12.0,5.4338446
70.0,-68.0,12.0,5.7268176
70.0,-66.0,12.0,5.839098
70.0,-64.0,12.0,5.491598
70.0,-62.0,12.0,5.284877
70.0,-60.0,12.0,5.4586024
70.0,-58.0,12.0,5.435325
70.0,-56.0,12.0,5.05254
70.0,-54.0,12.0,5.2255106
70.0,-52.0,12.0,5.4522142
70.0,-50.0,12.0,5.4287577
70.0,-48.0,12.0,5.212321
70.0,-46.0,12.0,4.910324
70.0,-44.0,12.0,4.9247203
70.0,-42.0,12.0,5.162673
70.0,-40.0,12.0,5.432706
70.0,-38.0,12.0,5.5389156
70.0,-36.0,12.0,5.2224836
70.0,-34.0,12.0,5.1109357
70.0,-32.0,12.0,5.179538
70.0,-30.0,12.0,5.4563184
70.0,-28.0,12.0,5.5392175
70.0,-26.0,12.0,5.503669
70.0,-24.0,12.0,5.6958814
70.0,-22.0,12.0,5.805595
70.0,-20.0,12.0,5.436226
70.0,-18.0,12.0,5.0984406
70.0,-16.0,12.0,5.0331345
70.0,-14.0,12.0,5.213945
70.0,-12.0,12.0,5.236036
70.0,-10.0,12.0,5.4210157
70.0,-8.0,12.0,6.018947
70.0,-6.0,12.0,6.1227174
70.0,-4.0,12.0,5.589029
70.0,-2.0,12.0,5.3635273
70.0,0.0,12.0,5.450377
70.0,2.0,12.0,5.2094793
70.0,4.0,12.0,5.1935196
70.0,6.0,12.0,5.86561
70.0,8.0,12.0,6.1667724
70.0,10.0,12.0,5.44446
70.0,12.0,12.0,4.948592
70.0,14.0,12.0,5.041687
70.0,16.0,12.0,4.921476
70.0,18.0,12.0,5.0626574
70.0,20.0,12.0,5.4489126
70.0,22.0,12.0,5.90267
70.0,24.0,12.0,5.8311276
70.0,26.0,12.0,5.3825665
70.0,28.0,12.0,5.2654834
70.0,30.0,12.0,5.4303274
70.0,32.0,12.0,5.164836
70.0,34.0,12.0,4.8262925
70.0,36.0,12.0,4.9686437
70.0,38.0,12.0,5.281717
70.0,40.0,12.0,5.462188
70.0,42.0,12.0,4.8486547
70.0,44.0,12.0,4.406516
70.0,46.0,12.0,4.3747
70.0,48.0,12.0,4.803151
70.0,50.0,12.0,5.434943
70.0,52.0,12.0,5.446027
70.0,54.0,12.0,5.0652184
70.0,56.0,12.0,4.956078
70.0,58.0,12.0,5.163154
70.0,60.0,12.0,5.4414144
70.0,62.0,12.0,5.397539
70.0,64.0,12.0,5.4282985
70.0,66.0,12.0,5.730133
70.0,68.0,12.0,5.8780923
70.0,70.0,12.0,5.4423423
70.0,72.0,12.0,5.1177635
70.0,74.0,12.0,5.1836596
70.0,76.0,12.0,5.150133
70.0,78.0,12.0,5.1627636
70.0,80.0,12.0,5.4483566
70.0,82.0,12.0,6.120717
70.0,84.0,12.0,6.186622
70.0,86.0,12.0,5.521086
70.0,88.0,12.0,5.452943
70.0,90.0,12.0,5.4636955
70.0,92.0,12.0,5.320555
70.0,94.0,12.0,5.4456973
70.0,96.0,12.0,6.047986
70.0,98.0,12.0,6.1021624
70.0,100.0,12.0,5.439761
70.0,102.0,12.0,5.2209864
70.0,104.0,12.0,5.172503
70.0,106.0,12.0,5.0092335
70.0,108.0,12.0,4.9465814
70.0,110.0,12.0,5.4451623
70.0,112.0,12.0,5.9338155
70.0,114.0,12.0,5.9261837
70.0,116.0,12.0,5.630705
70.0,118.0,12.0,5.549472
70.0,120.0,12.0,5.476724
70.0,122.0,12.0,5.0596824
70.0,124.0,12.0,4.9250937
70.0,126.0,12.0,5.034127
70.0,128.0,12.0,5.387297
70.0,130.0,12.0,5.41846
70.0,132.0,12.0,4.9261746
70.0,134.0,12.0,4.6136785
70.0,136.0,12.0,4.734369
70.0,138.0,12.0,5.047848
70.0,140.0,12.0,5.43064
70.0,142.0,12.0,5.366305
70.0,144.0,12.0,5.0385036
70.0,146.0,12.0,4.9829626
70.0,148.0,12.0,5.199354
70.0,150.0,12.0,5.4408536
70.0,152.0,12.0,5.2516675
70.0,154.0,12.0,5.288578
70.0,156.0,12.0,5.7567687
70.0,158.0,12.0,5.8149176
70.0,160.0,12.0,5.4671803
70.0,162.0,12.0,5.1418867
70.0,164.0,12.0,5.093451
70.0,166.0,12.0,5.160858
70.0,168.0,12.0,5.106388
70.0,170.0,12.0,5.447009
70.0,172.0,12.0,5.971893
70.0,174.0,12.0,5.8011417
70.0,176.0,12.0,5.306642
70.0,178.0,12.0,5.2302003
70.0,180.0,12.0,5.4535584
72.0,-180.0,12.0,6.2999053
72.0,-178.0,12.0,6.129932
72.0,-176.0,12.0,6.326292
72.0,-174.0,12.0,7.042881
72.0,-172.0,12.0,6.9346957
72.0,-170.0,12.0,6.288527
72.0,-168.0,12.0,6.225909
72.0,-166.0,12.0,6.412626
72.0,-164.0,12.0,6.215949
72.0,-162.0,12.0,5.9527845
72.0,-160.0,12.0,6.1695895
72.0,-158.0,12.0,6.362867
72.0,-156.0,12.0,6.0885863
72.0,-154.0,12.0,5.907869
72.0,-152.0,12.0,6.1340923
72.0,-150.0,12.0,6.2462
72.0,-148.0,12.0,5.898523
72.0,-146.0,12.0,5.7183394
72.0,-144.0,12.0,5.9706564
72.0,-142.0,12.0,6.384769
72.0,-140.0,12.0,6.378372
72.0,-138.0,12.0,6.063778
72.0,-136.0,12.0,5.933903
72.0,-134.0,12.0,6.003518
72.0,-132.0,12.0,6.1966515
72.0,-130.0,12.0,6.2410192
72.0,-128.0,12.0,6.0706544
72.0,-126.0,12.0,5.7607455
72.0,-124.0,12.0,5.711147
72.0,-122.0,12.0,5.980187
72.0,-120.0,12.0,6.3632746
72.0,-118.0,12.0,6.2968993
72.0,-116.0,12.0,6.3346496
72.0,-114.0,12.0,6.4677935
72.0,-112.0,12.0,6.3719125
72.0,-110.0,12.0,5.9434032
72.0,-108.0,12.0,5.9433055
72.0,-106.0,12.0,6.0914335
72.0,-104.0,12.0,6.2018867
72.0,-102.0,12.0,6.1320953
72.0,-100.0,12.0,6.057586
72.0,-98.0,12.0,6.333465
72.0,-96.0,12.0,6.4346313
72.0,-94.0,12.0,6.332404
72.0,-92.0,12.0,6.3494587
72.0,-90.0,12.0,6.3116918
72.0,-88.0,12.0,6.276565
72.0,-86.0,12.0,6.545315
72.0,-84.0,12.0,6.8692384
72.0,-82.0,12.0,6.68904
72.0,-80.0,12.0,6.2659655
72.0,-78.0,12.0,6.10074
72.0,-76.0,12.0,6.3314066
72.0,-74.0,12.0,6.2594676
72.0,-72.0,12.0,6.0132837
72.0,-70.0,12.0,5.985804
72.0,-68.0,12.0,6.053507
72.0,-66.0,12.0,6.1028113
72.0,-64.0,12.0,6.065588
72.0,-62.0,12.0,6.177886
72.0,-60.0,12.0,6.393397
72.0,-58.0,12.0,6.220355
72.0,-56.0,12.0,5.8755035
72.0,-54.0,12.0,6.1577215
72.0,-52.0,12.0,6.421549
72.0,-50.0,12.0,6.3909082
72.0,-48.0,12.0,6.0221243
72.0,-46.0,12.0,5.6899624
72.0,-44.0,12.0,5.591627
72.0,-42.0,12.0,5.87005
72.0,-40.0,12.0,6.22421
72.0,-38.0,12.0,6.3733125
72.0,-36.0,12.0,6.042763
72.0,-34.0,12.0,5.787024
72.0,-32.0,12.0,5.835197
72.0,-30.0,12.0,6.093988
72.0,-28.0,12.0,6.0637226
72.0,-26.0,12.0,6.0537252
72.0,-24.0,12.0,6.264431
72.0,-22.0,12.0,6.486119
72.0,-20.0,12.0,6.1133547
72.0,-18.0,12.0,5.710915
72.0,-16.0,12.0,5.761915
72.0,-14.0,12.0,6.0843415
72.0,-12.0,12.0,5.998164
72.0,-10.0,12.0,6.1805844
72.0,-8.0,12.0,6.817168
72.0,-6.0,12.0,6.997253
72.0,-4.0,12.0,6.3397007
72.0,-2.0,12.0,6.1065817
72.0,0.0,12.0,6.254042
72.0,2.0,12.0,5.9586277
72.0,4.0,12.0,5.910518
72.0,6.0,12.0,6.571956
72.0,8.0,12.0,6.9610705
72.0,10.0,12.0,6.2602587
72.0,12.0,12.0,5.666388
72.0,14.0,12.0,5.840319
72.0,16.0,12.0,5.757362
72.0,18.0,12.0,5.697239
72.0,20.0,12.0,6.20663
72.0,22.0,12.0,6.742368
72.0,24.0,12.0,6.620635
72.0,26.0,12.0,6.0497727
72.0,28.0,12.0,6.0709095
72.0,30.0,12.0,6.3000484
72.0,32.0,12.0,6.0044813
72.0,34.0,12.0,5.54247
72.0,36.0,12.0,5.529287
72.0,38.0,12.0,5.99439
72.0,40.0,12.0,6.1713643
72.0,42.0,12.0,5.5569167
72.0,44.0,12.0,5.0677934
72.0,46.0,12.0,5.177285
72.0,48.0,12.0,5.545405
72.0,50.0,12.0,6.2354016
72.0,52.0,12.0,6.3403077
72.0,54.0,12.0,5.9007726
72.0,56.0,12.0,5.617986
72.0,58.0,12.0,5.784835
72.0,60.0,12.0,6.2416477
72.0,62.0,12.0,6.2685595
72.0,64.0,12.0,6.212043
72.0,66.0,12.0,6.558483
72.0,68.0,12.0,6.7299075
72.0,70.0,12.0,6.241187
72.0,72.0,12.0,5.7898436
72.0,74.0,12.0,5.837337
72.0,76.0,12.0,5.9842024
72.0,78.0,12.0,5.9696054
72.0,80.0,12.0,6.310173
72.0,82.0,12.0,7.19579
72.0,84.0,12.0,7.272602
72.0,86.0,12.0,6.5186505
72.0,88.0,12.0,6.2745004
72.0,90.0,12.0,6.415813
72.0,92.0,12.0,6.2113247
72.0,94.0,12.0,6.2589006
72.0,96.0,12.0,6.92693
72.0,98.0,12.0,7.060217
72.0,100.0,12.0,6.3452845
72.0,102.0,12.0,5.981482
72.0,104.0,12.0,5.9615335
72.0,106.0,12.0,5.8179865
72.0,108.0,12.0,5.750202
72.0,110.0,12.0,6.218825
72.0,112.0,12.0,6.9182277
72.0,114.0,12.0,6.8639264
72.0,116.0,12.0,6.561573
72.0,118.0,12.0,6.469824
72.0,120.0,12.0,6.332528
72.0,122.0,12.0,5.7834077
72.0,124.0,12.0,5.713783
72.0,126.0,12.0,5.8744063
72.0,128.0,12.0,6.279867
72.0,130.0,12.0,6.288409
72.0,132.0,12.0,5.6146345
72.0,134.0,12.0,5.2908807
72.0,136.0,12.0,5.467629
72.0,138.0,12.0,5.8174686
72.0,140.0,12.0,6.3434277
72.0,142.0,12.0,6.1019616
72.0,144.0,12.0,5.7451353
72.0,146.0,12.0,5.7743335
72.0,148.0,12.0,6.1813674
72.0,150.0,12.0,6.480518
72.0,152.0,12.0,6.2140546
72.0,154.0,12.0,6.2024894
72.0,156.0,12.0,6.784602
72.0,158.0,12.0,6.935309
72.0,160.0,12.0,6.6701984
72.0,162.0,12.0,6.404861
72.0,164.0,12.0,6.3636866
72.0,166.0,12.0,6.43006
72.0,168.0,12.0,6.1520586
72.0,170.0,12.0,6.4227643
72.0,172.0,12.0,7.014705
72.0,174.0,12.0,6.572691
72.0,176.0,12.0,5.957281
72.0,178.0,12.0,6.0395412
72.0,180.0,12.0,6.2999053
74.0,-180.0,12.0,5.7702723
74.0,-178.0,12.0,5.626943
74.0,-176.0,12.0,5.8344707
74.0,-174.0,12.0,6.4908867
74.0,-172.0,12.0,6.3743463
74.0,-170.0,12.0,5.7784595
74.0,-168.0,12.0,5.7311616
74.0,-166.0,12.0,5.7976775
74.0,-164.0,12.0,5.612837
74.0,-162.0,12.0,5.437014
74.0,-160.0,12.0,5.7864103
74.0,-158.0,12.0,5.786593
74.0,-156.0,12.0,5.6288753
74.0,-154.0,12.0,5.4925127
74.0,-152.0,12.0,5.6351495
74.0,-150.0,12.0,5.7734346
74.0,-148.0,12.0,5.447867
74.0,-146.0,12.0,5.2240806
74.0,-144.0,12.0,5.464466
74.0,-142.0,12.0,5.849811
74.0,-140.0,12.0,5.8027353
74.0,-138.0,12.0,5.6324773
74.0,-136.0,12.0,5.5713077
74.0,-134.0,12.0,5.70168
74.0,-132.0,12.0,5.7657824
74.0,-130.0,12.0,5.7159815
74.0,-128.0,12.0,5.5383654
74.0,-126.0,12.0,5.2565765
74.0,-124.0,12.0,5.3249598
74.0,-122.0,12.0,5.591104
74.0,-120.0,12.0,5.855181
74.0,-118.0,12.0,5.944784
74.0,-116.0,12.0,6.0065503
74.0,-114.0,12.0,6.050997
74.0,-112.0,12.0,5.973831
74.0,-110.0,12.0,5.6173725
74.0,-108.0,12.0,5.577492
74.0,-106.0,12.0,5.781855
74.0,-104.0,12.0,5.858693
74.0,-102.0,12.0,5.7200236
74.0,-100.0,12.0,5.6587524
74.0,-98.0,12.0,5.9541273
74.0,-96.0,12.0,5.9527154
74.0,-94.0,12.0,5.8448153
74.0,-92.0,12.0,5.8439093
74.0,-90.0,12.0,5.7991843
74.0,-88.0,12.0,5.7387457
74.0,-86.0,12.0,5.9998865
74.0,-84.0,12.0,6.254435
74.0,-82.0,12.0,6.096399
74.0,-80.0,12.0,5.7287965
74.0,-78.0,12.0,5.7227664
74.0,-76.0,12.0,5.8989096
74.0,-74.0,12.0,5.8007317
74.0,-72.0,12.0,5.6199775
74.0,-70.0,12.0,5.5518026
74.0,-68.0,12.0,5.67492
74.0,-66.0,12.0,5.6471434
74.0,-64.0,12.0,5.602781
74.0,-62.0,12.0,5.5285287
74.0,-60.0,12.0,5.75759
74.0,-58.0,12.0,5.6324077
74.0,-56.0,12.0,5.395629
74.0,-54.0,12.0,5.525573
74.0,-52.0,12.0,5.7975807
74.0,-50.0,12.0,5.781034
74.0,-48.0,12.0,5.4787054
74.0,-46.0,12.0,5.2075725
74.0,-44.0,12.0,5.2326975
74.0,-42.0,12.0,5.358503
74.0,-40.0,12.0,5.720108
74.0,-38.0,12.0,5.8491836
74.0,-36.0,12.0,5.5997005
74.0,-34.0,12.0,5.3132925
74.0,-32.0,12.0,5.421734
74.0,-30.0,12.0,5.592751
74.0,-28.0,12.0,5.666451
74.0,-26.0,12.0,5.5861206
74.0,-24.0,12.0,5.764172
74.0,-22.0,12.0,5.94386
74.0,-20.0,12.0,5.749824
74.0,-18.0,12.0,5.366233
74.0,-16.0,12.0,5.2984915
74.0,-14.0,12.0,5.604196
74.0,-12.0,12.0,5.5719786
74.0,-10.0,12.0,5.680826
74.0,-8.0,12.0,6.2670975
74.0,-6.0,12.0,6.4957647
74.0,-4.0,12.0,5.913337
74.0,-2.0,12.0,5.717389
74.0,0.0,12.0,5.745234
74.0,2.0,12.0,5.5248
74.0,4.0,12.0,5.454794
74.0,6.0,12.0,6.0949116
74.0,8.0,12.0,6.4631333
74.0,10.0,12.0,5.768868
74.0,12.0,12.0,5.2454057
74.0,14.0,12.0,5.3229795
74.0,16.0,12.0,5.2938094
74.0,18.0,12.0,5.2913275
74.0,20.0,12.0,5.822455
74.0,22.0,12.0,6.2150116
74.0,24.0,12.0,6.1130176
74.0,26.0,12.0,5.6095805
74.0,28.0,12.0,5.559002
74.0,30.0,12.0,5.832378
74.0,32.0,12.0,5.5919433
74.0,34.0,12.0,5.2154717
74.0,36.0,12.0,5.1879125
74.0,38.0,12.0,5.5715117
74.0,40.0,12.0,5.823811
74.0,42.0,12.0,5.241771
74.0,44.0,12.0,4.744607
74.0,46.0,12.0,4.7310514
74.0,48.0,12.0,5.143254
74.0,50.0,12.0,5.7250776
74.0,52.0,12.0,5.810853
74.0,54.0,12.0,5.435235
74.0,56.0,12.0,5.14308
74.0,58.0,12.0,5.3129797
74.0,60.0,12.0,5.766141
74.0,62.0,12.0,5.8659835
74.0,64.0,12.0,5.8706245
74.0,66.0,12.0,6.133159
74.0,68.0,12.0,6.283836
74.0,70.0,12.0,5.8143797
74.0,72.0,12.0,5.328307
74.0,74.0,12.0,5.406147
74.0,76.0,12.0,5.5401087
74.0,78.0,12.0,5.5244875
74.0,80.0,12.0,5.8052945
74.0,82.0,12.0,6.5694175
74.0,84.0,12.0,6.6079335
74.0,86.0,12.0,5.859161
74.0,88.0,12.0,5.6670523
74.0,90.0,12.0,5.839762
74.0,92.0,12.0,5.7614303
74.0,94.0,12.0,5.813531
74.0,96.0,12.0,6.388497
74.0,98.0,12.0,6.535521
74.0,100.0,12.0,5.7786965
74.0,102.0,12.0,5.474953
74.0,104.0,12.0,5.4324117
74.0,106.0,12.0,5.369445
74.0,108.0,12.0,5.3250117
74.0,110.0,12.0,5.7305827
74.0,112.0,12.0,6.335807
74.0,114.0,12.0,6.2839212
74.0,116.0,12.0,5.9760346
74.0,118.0,12.0,5.877617
74.0,120.0,12.0,5.8269725
74.0,122.0,12.0,5.383178
74.0,124.0,12.0,5.3448973
74.0,126.0,12.0,5.4786234
74.0,128.0,12.0,5.881425
74.0,130.0,12.0,5.7997212
74.0,132.0,12.0,5.1133175
74.0,134.0,12.0,4.8308353
74.0,136.0,12.0,4.984134
74.0,138.0,12.0,5.399645
74.0,140.0,12.0,5.8164673
74.0,142.0,12.0,5.631253
74.0,144.0,12.0,5.2620387
74.0,146.0,12.0,5.2722955
74.0,148.0,12.0,5.574481
74.0,150.0,12.0,5.892472
74.0,152.0,12.0,5.655408
74.0,154.0,12.0,5.654264
74.0,156.0,12.0,6.207129
74.0,158.0,12.0,6.2036104
74.0,160.0,12.0,5.964259
74.0,162.0,12.0,5.7108893
74.0,164.0,12.0,5.711185
74.0,166.0,12.0,5.7722154
74.0,168.0,12.0,5.5415735
74.0,170.0,12.0,5.9311705
74.0,172.0,12.0,6.485201
74.0,174.0,12.0,6.0496845
74.0,176.0,12.0,5.497016
74.0,178.0,12.0,5.5632796
74.0,180.0,12.0,5.7702723
76.0,-180.0,12.0,5.4151735
76.0,-178.0,12.0,5.412795
76.0,-176.0,12.0,5.5765743
76.0,-174.0,12.0,6.017368
76.0,-172.0,12.0,5.9647164
76.0,-170.0,12.0,5.505101
76.0,-168.0,12.0,5.3482537
76.0,-166.0,12.0,5.3195453
76.0,-164.0,12.0,5.0668225
76.0,-162.0,12.0,5.1330953
76.0,-160.0,12.0,5.402651
76.0,-158.0,12.0,5.460098
76.0,-156.0,12.0,5.319423
76.0,-154.0,12.0,5.1687183
76.0,-152.0,12.0,5.294827
76.0,-150.0,12.0,5.4618635
76.0,-148.0,12.0,5.242501
76.0,-146.0,12.0,4.9776134
76.0,-144.0,12.0,5.1234407
76.0,-142.0,12.0,5.3632765
76.0,-140.0,12.0,5.3833847
76.0,-138.0,12.0,5.2215657
76.0,-136.0,12.0,5.1316304
76.0,-134.0,12.0,5.1342616
76.0,-132.0,12.0,5.215877
76.0,-130.0,12.0,5.358488
76.0,-128.0,12.0,5.305264
76.0,-126.0,12.0,5.0104866
76.0,-124.0,12.0,4.9468637
76.0,-122.0,12.0,5.0724964
76.0,-120.0,12.0,5.325161
76.0,-118.0,12.0,5.427888
76.0,-116.0,12.0,5.4500914
76.0,-114.0,12.0,5.6448307
76.0,-112.0,12.0,5.697867
76.0,-110.0,12.0,5.4012856
76.0,-108.0,12.0,5.324937
76.0,-106.0,12.0,5.4271255
76.0,-104.0,12.0,5.540029
76.0,-102.0,12.0,5.463975
76.0,-100.0,12.0,5.3628654
76.0,-98.0,12.0,5.842428
76.0,-96.0,12.0,6.09104
76.0,-94.0,12.0,5.857558
76.0,-92.0,12.0,5.555957
76.0,-90.0,12.0,5.3815875
76.0,-88.0,12.0,5.286629
76.0,-86.0,12.0,5.421203
76.0,-84.0,12.0,5.8798637
76.0,-82.0,12.0,5.844209
76.0,-80.0,12.0,5.443728
76.0,-78.0,12.0,5.2923603
76.0,-76.0,12.0,5.4315705
76.0,-74.0,12.0,5.4917703
76.0,-72.0,12.0,5.3325267
76.0,-70.0,12.0,5.56391
76.0,-68.0,12.0,5.8640494
76.0,-66.0,12.0,5.869414
76.0,-64.0,12.0,5.608924
76.0,-62.0,12.0,5.4274044
76.0,-60.0,12.0,5.4711313
76.0,-58.0,12.0,5.256778
76.0,-56.0,12.0,4.885631
76.0,-54.0,12.0,5.055555
76.0,-52.0,12.0,5.445062
76.0,-50.0,12.0,5.485983
76.0,-48.0,12.0,5.261488
76.0,-46.0,12.0,5.009272
76.0,-44.0,12.0,5.0071907
76.0,-42.0,12.0,5.134234
76.0,-40.0,12.0,5.40649
76.0,-38.0,12.0,5.4615345
76.0,-36.0,12.0,5.2200623
76.0,-34.0,12.0,5.1099663
76.0,-32.0,12.0,5.255589
76.0,-30.0,12.0,5.4489427
76.0,-28.0,12.0,5.500532
76.0,-26.0,12.0,5.3829703
76.0,-24.0,12.0,5.561891
76.0,-22.0,12.0,5.682147
76.0,-20.0,12.0,5.43227
76.0,-18.0,12.0,5.059974
76.0,-16.0,12.0,4.9900126
76.0,-14.0,12.0,5.1702614
76.0,-12.0,12.0,5.157777
76.0,-10.0,12.0,5.3464637
76.0,-8.0,12.0,5.96655
76.0,-6.0,12.0,6.061575
76.0,-4.0,12.0,5.473664
76.0,-2.0,12.0,5.3363676
76.0,0.0,12.0,5.353454
76.0,2.0,12.0,5.2038794
76.0,4.0,12.0,5.1666174
76.0,6.0,12.0,5.8033695
76.0,8.0,12.0,6.198528
76.0,10.0,12.0,5.4279747
76.0,12.0,12.0,4.992152
76.0,14.0,12.0,5.0607233
76.0,16.0,12.0,4.936519
76.0,18.0,12.0,4.882954
76.0,20.0,12.0,5.332497
76.0,22.0,12.0,5.735163
76.0,24.0,12.0,5.664926
76.0,26.0,12.0,5.3464537
76.0,28.0,12.0,5.2578225
76.0,30.0,12.0,5.3652263
76.0,32.0,12.0,5.0564923
76.0,34.0,12.0,4.813937
76.0,36.0,12.0,4.8439445
76.0,38.0,12.0,5.1080394
76.0,40.0,12.0,5.3741584
76.0,42.0,12.0,4.9359407
76.0,44.0,12.0,4.507247
76.0,46.0,12.0,4.5052752
76.0,48.0,12.0,4.8853173
76.0,50.0,12.0,5.477092
76.0,52.0,12.0,5.434293
76.0,54.0,12.0,5.0436687
76.0,56.0,12.0,4.85564
76.0,58.0,12.0,5.0835943
76.0,60.0,12.0,5.4538164
76.0,62.0,12.0,5.5893593
76.0,64.0,12.0,5.6316285
76.0,66.0,12.0,5.8912554
76.0,68.0,12.0,6.0104957
76.0,70.0,12.0,5.508242
76.0,72.0,12.0,5.028248
76.0,74.0,12.0,5.1103587
76.0,76.0,12.0,5.239283
76.0,78.0,12.0,5.200173
76.0,80.0,12.0,5.455953
76.0,82.0,12.0,6.023216
76.0,84.0,12.0,6.080068
76.0,86.0,12.0,5.3019104
76.0,88.0,12.0,5.135365
76.0,90.0,12.0,5.354019
76.0,92.0,12.0,5.3795714
76.0,94.0,12.0,5.487819
76.0,96.0,12.0,6.068012
76.0,98.0,12.0,6.0782857
76.0,100.0,12.0,5.368005
76.0,102.0,12.0,5.1373544
76.0,104.0,12.0,5.1892314
76.0,106.0,12.0,5.079196
76.0,108.0,12.0,4.998506
76.0,110.0,12.0,5.478935
76.0,112.0,12.0,5.9037495
76.0,114.0,12.0,5.8741093
76.0,116.0,12.0,5.5271525
76.0,118.0,12.0,5.4112387
76.0,120.0,12.0,5.4373474
76.0,122.0,12.0,5.1659746
76.0,124.0,12.0,5.0000377
76.0,126.0,12.0,5.166402
76.0,128.0,12.0,5.4158344
76.0,130.0,12.0,5.38866
76.0,132.0,12.0,4.8065643
76.0,134.0,12.0,4.4110804
76.0,136.0,12.0,4.5215387
76.0,138.0,12.0,4.9673266
76.0,140.0,12.0,5.32891
76.0,142.0,12.0,5.0959654
76.0,144.0,12.0,4.866768
76.0,146.0,12.0,4.859769
76.0,148.0,12.0,4.9895334
76.0,150.0,12.0,5.286155
76.0,152.0,12.0,5.1668034
76.0,154.0,12.0,5.14326
76.0,156.0,12.0,5.5947227
76.0,158.0,12.0,5.658208
76.0,160.0,12.0,5.233194
76.0,162.0,12.0,4.992989
76.0,164.0,12.0,5.012282
76.0,166.0,12.0,5.018451
76.0,168.0,12.0,4.9393654
76.0,170.0,12.0,5.3131466
76.0,172.0,12.0,5.8933444
76.0,174.0,12.0,5.6361566
76.0,176.0,12.0,5.2542562
76.0,178.0,12.0,5.2009363
76.0,180.0,12.0,5.4151735
78.0,-180.0,12.0,5.77928
78.0,-178.0,12.0,5.754237
78.0,-176.0,12.0,5.923698
78.0,-174.0,12.0,6.373821
78.0,-172.0,12.0,6.3108306
78.0,-170.0,12.0,5.901582
78.0,-168.0,12.0,5.6634297
78.0,-166.0,12.0,5.6224093
78.0,-164.0,12.0,5.4435887
78.0,-162.0,12.0,5.429712
78.0,-160.0,12.0,5.729664
78.0,-158.0,12.0,5.832661
78.0,-156.0,12.0,5.6988196
78.0,-154.0,12.0,5.495187
78.0,-152.0,12.0,5.6411805
78.0,-150.0,12.0,5.843627
78.0,-148.0,12.0,5.5691934
78.0,-146.0,12.0,5.343761
78.0,-144.0,12.0,5.5473332
78.0,-142.0,12.0,5.765619
78.0,-140.0,12.0,5.769487
78.0,-138.0,12.0,5.510898
78.0,-136.0,12.0,5.4034276
78.0,-134.0,12.0,5.439454
78.0,-132.0,12.0,5.531398
78.0,-130.0,12.0,5.7522583
78.0,-128.0,12.0,5.8292246
78.0,-126.0,12.0,5.6028132
78.0,-124.0,12.0,5.3431287
78.0,-122.0,12.0,5.3259015
78.0,-120.0,12.0,5.6865597
78.0,-118.0,12.0,5.711102
78.0,-116.0,12.0,5.688784
78.0,-114.0,12.0,5.825555
78.0,-112.0,12.0,5.9889417
78.0,-110.0,12.0,5.694802
78.0,-108.0,12.0,5.5320387
78.0,-106.0,12.0,5.6450257
78.0,-104.0,12.0,5.7417717
78.0,-102.0,12.0,5.7138968
78.0,-100.0,12.0,5.685216
78.0,-98.0,12.0,6.325304
78.0,-96.0,12.0,6.722218
78.0,-94.0,12.0,6.3250284
78.0,-92.0,12.0,5.9117465
78.0,-90.0,12.0,5.6265764
78.0,-88.0,12.0,5.6194434
78.0,-86.0,12.0,5.7084484
78.0,-84.0,12.0,6.105485
78.0,-82.0,12.0,6.225585
78.0,-80.0,12.0,5.7926054
78.0,-78.0,12.0,5.536346
78.0,-76.0,12.0,5.679553
78.0,-74.0,12.0,5.760753
78.0,-72.0,12.0,5.629762
78.0,-70.0,12.0,5.9485016
78.0,-68.0,12.0,6.2344933
78.0,-66.0,12.0,6.2980037
78.0,-64.0,12.0,6.0565815
78.0,-62.0,12.0,5.8648543
78.0,-60.0,12.0,5.8866177
78.0,-58.0,12.0,5.58087
78.0,-56.0,12.0,5.154228
78.0,-54.0,12.0,5.464509
78.0,-52.0,12.0,5.827339
78.0,-50.0,12.0,5.855067
78.0,-48.0,12.0,5.604672
78.0,-46.0,12.0,5.418906
78.0,-44.0,12.0,5.3276443
78.0,-42.0,12.0,5.424769
78.0,-40.0,12.0,5.7214813
78.0,-38.0,12.0,5.8241363
78.0,-36.0,12.0,5.6740932
78.0,-34.0,12.0,5.58434
78.0,-32.0,12.0,5.5734863
78.0,-30.0,12.0,5.7020054
78.0,-28.0,12.0,5.733132
78.0,-26.0,12.0,5.6917486
78.0,-24.0,12.0,5.9701576
78.0,-22.0,12.0,6.0642023
78.0,-20.0,12.0,5.701846
78.0,-18.0,12.0,5.365992
78.0,-16.0,12.0,5.2758193
78.0,-14.0,12.0,5.3682775
78.0,-12.0,12.0,5.384714
78.0,-10.0,12.0,5.593081
78.0,-8.0,12.0,6.2685075
78.0,-6.0,12.0,6.4480653
78.0,-4.0,12.0,6.0272164
78.0,-2.0,12.0,5.6635404
78.0,0.0,12.0,5.579048
78.0,2.0,12.0,5.3951855
78.0,4.0,12.0,5.4255824
78.0,6.0,12.0,6.2118416
78.0,8.0,12.0,6.5868907
78.0,10.0,12.0,5.684213
78.0,12.0,12.0,5.251462
78.0,14.0,12.0,5.305619
78.0,16.0,12.0,5.162225
78.0,18.0,12.0,5.1438704
78.0,20.0,12.0,5.6040173
78.0,22.0,12.0,6.147243
78.0,24.0,12.0,6.1358
78.0,26.0,12.0,5.8247814
78.0,28.0,12.0,5.7879333
78.0,30.0,12.0,5.8042164
78.0,32.0,12.0,5.3862934
78.0,34.0,12.0,5.044313
78.0,36.0,12.0,5.1126056
78.0,38.0,12.0,5.498994
78.0,40.0,12.0,5.751048
78.0,42.0,12.0,5.2771378
78.0,44.0,12.0,4.733426
78.0,46.0,12.0,4.783995
78.0,48.0,12.0,5.2907567
78.0,50.0,12.0,5.890807
78.0,52.0,12.0,5.8115587
78.0,54.0,12.0,5.3217735
78.0,56.0,12.0,5.091209
78.0,58.0,12.0,5.3721504
78.0,60.0,12.0,5.8112345
78.0,62.0,12.0,5.7866144
78.0,64.0,12.0,5.809551
78.0,66.0,12.0,6.2395673
78.0,68.0,12.0,6.382977
78.0,70.0,12.0,5.7974052
78.0,72.0,12.0,5.328813
78.0,74.0,12.0,5.4051156
78.0,76.0,12.0,5.5600734
78.0,78.0,12.0,5.5029764
78.0,80.0,12.0,5.790408
78.0,82.0,12.0,6.4791927
78.0,84.0,12.0,6.53099
78.0,86.0,12.0,5.769803
78.0,88.0,12.0,5.5769577
78.0,90.0,12.0,5.717592
78.0,92.0,12.0,5.7011447
78.0,94.0,12.0,5.8685017
78.0,96.0,12.0,6.5434017
78.0,98.0,12.0,6.501441
78.0,100.0,12.0,5.7169614
78.0,102.0,12.0,5.434429
78.0,104.0,12.0,5.549951
78.0,106.0,12.0,5.404059
78.0,108.0,12.0,5.2994566
78.0,110.0,12.0,5.783268
78.0,112.0,12.0,6.267671
78.0,114.0,12.0,6.247691
78.0,116.0,12.0,5.8849297
78.0,118.0,12.0,5.7311053
78.0,120.0,12.0,5.760864
78.0,122.0,12.0,5.4263926
78.0,124.0,12.0,5.301533
78.0,126.0,12.0,5.46992
78.0,128.0,12.0,5.771731
78.0,130.0,12.0,5.7337537
78.0,132.0,12.0,5.1087623
78.0,134.0,12.0,4.702209
78.0,136.0,12.0,4.7901354
78.0,138.0,12.0,5.2825227
78.0,140.0,12.0,5.674756
78.0,142.0,12.0,5.481983
78.0,144.0,12.0,5.175312
78.0,146.0,12.0,5.1317177
78.0,148.0,12.0,5.3542457
78.0,150.0,12.0,5.6125813
78.0,152.0,12.0,5.5215564
78.0,154.0,12.0,5.4930897
78.0,156.0,12.0,5.954535
78.0,158.0,12.0,6.0528116
78.0,160.0,12.0,5.602068
78.0,162.0,12.0,5.3091345
78.0,164.0,12.0,5.2814674
78.0,166.0,12.0,5.3097897
78.0,168.0,12.0,5.310625
78.0,170.0,12.0,5.58555
78.0,172.0,12.0,6.319082
78.0,174.0,12.0,6.032687
78.0,176.0,12.0,5.592907
78.0,178.0,12.0,5.5107965
78.0,180.0,12.0,5.77928
80.0,-180.0,12.0,5.4436955
80.0,-178.0,12.0,5.394852
80.0,-176.0,12.0,5.540987
80.0,-174.0,12.0,5.9797697
80.0,-172.0,12.0,5.8988047
80.0,-170.0,12.0,5.4429154
80.0,-168.0,12.0,5.325483
80.0,-166.0,12.0,5.375561
80.0,-164.0,12.0,5.27787
80.0,-162.0,12.0,5.111895
80.0,-160.0,12.0,5.434181
80.0,-158.0,12.0,5.541474
80.0,-156.0,12.0,5.261739
80.0,-154.0,12.0,5.02628
80.0,-152.0,12.0,5.245771
80.0,-150.0,12.0,5.4430103
80.0,-148.0,12.0,5.2340198
80.0,-146.0,12.0,5.1508226
80.0,-144.0,12.0,5.3117547
80.0,-142.0,12.0,5.458515
80.0,-140.0,12.0,5.4449906
80.0,-138.0,12.0,5.394694
80.0,-136.0,12.0,5.417219
80.0,-134.0,12.0,5.462936
80.0,-132.0,12.0,5.4319935
80.0,-130.0,12.0,5.4489245
80.0,-128.0,12.0,5.466177
80.0,-126.0,12.0,5.3978677
80.0,-124.0,12.0,5.2101936
80.0,-122.0,12.0,5.240549
80.0,-120.0,12.0,5.4562273
80.0,-118.0,12.0,5.5199385
80.0,-116.0,12.0,5.5012035
80.0,-114.0,12.0,5.5384774
80.0,-112.0,12.0,5.5728064
80.0,-110.0,12.0,5.4444065
80.0,-108.0,12.0,5.3228817
80.0,-106.0,12.0,5.4415965
80.0,-104.0,12.0,5.5510488
80.0,-102.0,12.0,5.5620093
80.0,-100.0,12.0,5.4406223
80.0,-98.0,12.0,5.754993
80.0,-96.0,12.0,6.015648
80.0,-94.0,12.0,5.612496
80.0,-92.0,12.0,5.430064
80.0,-90.0,12.0,5.4398913
80.0,-88.0,12.0,5.4898047
80.0,-86.0,12.0,5.5823674
80.0,-84.0,12.0,5.7448196
80.0,-82.0,12.0,5.8418927
80.0,-80.0,12.0,5.457262
80.0,-78.0,12.0,5.3894095
80.0,-76.0,12.0,5.4754586
80.0,-74.0,12.0,5.6025314
80.0,-72.0,12.0,5.5174804
80.0,-70.0,12.0,5.447911
80.0,-68.0,12.0,5.6686993
80.0,-66.0,12.0,5.6490183
80.0,-64.0,12.0,5.4215817
80.0,-62.0,12.0,5.3436832
80.0,-60.0,12.0,5.441496
80.0,-58.0,12.0,5.31546
80.0,-56.0,12.0,5.0616336
80.0,-54.0,12.0,4.987983
80.0,-52.0,12.0,5.3176107
80.0,-50.0,12.0,5.446305
80.0,-48.0,12.0,5.2429376
80.0,-46.0,12.0,5.1431603
80.0,-44.0,12.0,5.1493716
80.0,-42.0,12.0,5.176958
80.0,-40.0,12.0,5.4208264
80.0,-38.0,12.0,5.650661
80.0,-36.0,12.0,5.461313
80.0,-34.0,12.0,5.159627
80.0,-32.0,12.0,5.039333
80.0,-30.0,12.0,5.4619675
80.0,-28.0,12.0,5.458508
80.0,-26.0,12.0,5.324839
80.0,-24.0,12.0,5.5194826
80.0,-22.0,12.0,5.65429
80.0,-20.0,12.0,5.424513
80.0,-18.0,12.0,5.0336146
80.0,-16.0,12.0,4.9800897
80.0,-14.0,12.0,5.09199
80.0,-12.0,12.0,5.1660314
80.0,-10.0,12.0,5.44648
80.0,-8.0,12.0,6.0261583
80.0,-6.0,12.0,6.324087
80.0,-4.0,12.0,5.728449
80.0,-2.0,12.0,5.4473534
80.0,0.0,12.0,5.4606733
80.0,2.0,12.0,5.3166423
80.0,4.0,12.0,5.2590656
80.0,6.0,12.0,5.87968
80.0,8.0,12.0,6.157749
80.0,10.0,12.0,5.429187
80.0,12.0,12.0,4.9921565
80.0,14.0,12.0,5.019385
80.0,16.0,12.0,4.9763155
80.0,18.0,12.0,5.0102577
80.0,20.0,12.0,5.443012
80.0,22.0,12.0,5.936609
80.0,24.0,12.0,5.891801
80.0,26.0,12.0,5.48078
80.0,28.0,12.0,5.372451
80.0,30.0,12.0,5.4388623
80.0,32.0,12.0,5.1826468
80.0,34.0,12.0,4.737283
80.0,36.0,12.0,4.756098
80.0,38.0,12.0,5.218009
80.0,40.0,12.0,5.440352
80.0,42.0,12.0,4.8634853
80.0,44.0,12.0,4.314698
80.0,46.0,12.0,4.331848
80.0,48.0,12.0,4.806932
80.0,50.0,12.0,5.4444613
80.0,52.0,12.0,5.478211
80.0,54.0,12.0,4.97743
80.0,56.0,12.0,4.759088
80.0,58.0,12.0,5.0233026
80.0,60.0,12.0,5.4543796
80.0,62.0,12.0,5.494512
80.0,64.0,12.0,5.44861
80.0,66.0,12.0,5.912846
80.0,68.0,12.0,5.981198
80.0,70.0,12.0,5.452868
80.0,72.0,12.0,5.2306094
80.0,74.0,12.0,5.302338
80.0,76.0,12.0,5.3422956
80.0,78.0,12.0,5.2479453
80.0,80.0,12.0,5.455586
80.0,82.0,12.0,6.059762
80.0,84.0,12.0,6.0647297
80.0,86.0,12.0,5.481121
80.0,88.0,12.0,5.324713
80.0,90.0,12.0,5.4147005
80.0,92.0,12.0,5.2981324
80.0,94.0,12.0,5.4293404
80.0,96.0,12.0,6.011175
80.0,98.0,12.0,6.0817356
80.0,100.0,12.0,5.434073
80.0,102.0,12.0,5.2699423
80.0,104.0,12.0,5.274378
80.0,106.0,12.0,5.184347
80.0,108.0,12.0,5.0903926
80.0,110.0,12.0,5.4344754
80.0,112.0,12.0,5.917472
80.0,114.0,12.0,5.8120155
80.0,116.0,12.0,5.6031456
80.0,118.0,12.0,5.556113
80.0,120.0,12.0,5.444744
80.0,122.0,12.0,5.088126
80.0,124.0,12.0,4.9884114
80.0,126.0,12.0,5.194957
80.0,128.0,12.0,5.5128446
80.0,130.0,12.0,5.4420056
80.0,132.0,12.0,4.9516087
80.0,134.0,12.0,4.660739
80.0,136.0,12.0,4.7795553
80.0,138.0,12.0,5.1262665
80.0,140.0,12.0,5.454635
80.0,142.0,12.0,5.271314
80.0,144.0,12.0,4.945722
80.0,146.0,12.0,4.9002886
80.0,148.0,12.0,5.179762
80.0,150.0,12.0,5.462369
80.0,152.0,12.0,5.407138
80.0,154.0,12.0,5.4098845
80.0,156.0,12.0,5.71019
80.0,158.0,12.0,5.8492513
80.0,160.0,12.0,5.451045
80.0,162.0,12.0,5.1270456
80.0,164.0,12.0,5.04234
80.0,166.0,12.0,5.1320257
80.0,168.0,12.0,5.1561933
80.0,170.0,12.0,5.4387555
80.0,172.0,12.0,6.0109735
80.0,174.0,12.0,5.660317
80.0,176.0,12.0,5.094809
80.0,178.0,12.0,5.1234536
80.0,180.0,12.0,5.4436955
