lat_deg,lon_deg,h_km,dose_uSvph
-80.0,-180.0,14.0,7.4299273
-80.0,-178.0,14.0,7.4269605
-80.0,-176.0,14.0,7.3661537
-80.0,-174.0,14.0,7.5901394
-80.0,-172.0,14.0,7.648579
-80.0,-170.0,14.0,7.4947395
-80.0,-168.0,14.0,7.515833
-80.0,-166.0,14.0,7.5795245
-80.0,-164.0,14.0,7.6236553
-80.0,-162.0,14.0,7.5577297
-80.0,-160.0,14.0,7.4592648
-80.0,-158.0,14.0,7.5367417
-80.0,-156.0,14.0,7.5374837
-80.0,-154.0,14.0,7.3474874
-80.0,-152.0,14.0,7.327502
-80.0,-150.0,14.0,7.4285545
-80.0,-148.0,14.0,7.442043
-80.0,-146.0,14.0,7.2003407
-80.0,-144.0,14.0,7.1244783
-80.0,-142.0,14.0,7.2658916
-80.0,-140.0,14.0,7.4632015
-80.0,-138.0,14.0,7.6267114
-80.0,-136.0,14.0,7.401788
-80.0,-134.0,14.0,7.099982
-80.0,-132.0,14.0,7.233389
-80.0,-130.0,14.0,7.47362
-80.0,-128.0,14.0,7.493523
-80.0,-126.0,14.0,7.3791614
-80.0,-124.0,14.0,7.2177324
-80.0,-122.0,14.0,7.157249
-80.0,-120.0,14.0,7.4358582
-80.0,-118.0,14.0,7.4267497
-80.0,-116.0,14.0,7.187802
-80.0,-114.0,14.0,7.278822
-80.0,-112.0,14.0,7.503311
-80.0,-110.0,14.0,7.4654655
-80.0,-108.0,14.0,7.2212143
-80.0,-106.0,14.0,7.3363686
-80.0,-104.0,14.0,7.5560975
-80.0,-102.0,14.0,7.428188
-80.0,-100.0,14.0,7.4744644
-80.0,-98.0,14.0,7.825429
-80.0,-96.0,14.0,7.928674
-80.0,-94.0,14.0,7.654824
-80.0,-92.0,14.0,7.418581
-80.0,-90.0,14.0,7.4543934
-80.0,-88.0,14.0,7.331944
-80.0,-86.0,14.0,7.1378536
-80.0,-84.0,14.0,7.332901
-80.0,-82.0,14.0,7.675839
-80.0,-80.0,14.0,7.4498916
-80.0,-78.0,14.0,7.2984705
-80.0,-76.0,14.0,7.4675126
-80.0,-74.0,14.0,7.3894067
-80.0,-72.0,14.0,7.3009
-80.0,-70.0,14.0,7.449588
-80.0,-68.0,14.0,7.803383
-80.0,-66.0,14.0,7.7662044
-80.0,-64.0,14.0,7.3757067
-80.0,-62.0,14.0,7.1829257
-80.0,-60.0,14.0,7.4481583
-80.0,-58.0,14.0,7.226151
-80.0,-56.0,14.0,6.913464
-80.0,-54.0,14.0,7.030746
-80.0,-52.0,14.0,7.42038
-80.0,-50.0,14.0,7.461844
-80.0,-48.0,14.0,7.287632
-80.0,-46.0,14.0,7.1443396
-80.0,-44.0,14.0,7.2231746
-80.0,-42.0,14.0,7.3694797
-80.0,-40.0,14.0,7.462438
-80.0,-38.0,14.0,7.5248356
-80.0,-36.0,14.0,7.448728
-80.0,-34.0,14.0,7.2509294
-80.0,-32.0,14.0,7.427575
-80.0,-30.0,14.0,7.459215
-80.0,-28.0,14.0,7.7389746
-80.0,-26.0,14.0,7.8551407
-80.0,-24.0,14.0,7.858565
-80.0,-22.0,14.0,7.598704
-80.0,-20.0,14.0,7.4454665
-80.0,-18.0,14.0,7.6510105
-80.0,-16.0,14.0,7.7034307
-80.0,-14.0,14.0,7.46088
-80.0,-12.0,14.0,7.3938565
-80.0,-10.0,14.0,7.460339
-80.0,-8.0,14.0,7.4693146
-80.0,-6.0,14.0,7.4588823
-80.0,-4.0,14.0,7.617478
-80.0,-2.0,14.0,7.7336845
-80.0,0.0,14.0,7.4594746
-80.0,2.0,14.0,7.357197
-80.0,4.0,14.0,7.1874094
-80.0,6.0,14.0,7.3322067
-80.0,8.0,14.0,7.3897943
-80.0,10.0,14.0,7.4589396
-80.0,12.0,14.0,7.7585406
-80.0,14.0,14.0,7.7514873
-80.0,16.0,14.0,7.625197
-80.0,18.0,14.0,7.5387077
-80.0,20.0,14.0,7.4660974
-80.0,22.0,14.0,7.496305
-80.0,24.0,14.0,7.8899393
-80.0,26.0,14.0,7.87594
-80.0,28.0,14.0,7.7434297
-80.0,30.0,14.0,7.4525933
-80.0,32.0,14.0,7.0723367
-80.0,34.0,14.0,6.9612827
-80.0,36.0,14.0,7.131225
-80.0,38.0,14.0,7.3027725
-80.0,40.0,14.0,7.4749045
-80.0,42.0,14.0,7.647106
-80.0,44.0,14.0,7.823983
-80.0,46.0,14.0,7.894367
-80.0,48.0,14.0,7.671316
-80.0,50.0,14.0,7.4678097
-80.0,52.0,14.0,7.2225237
-80.0,54.0,14.0,7.157167
-80.0,56.0,14.0,7.1580954
-80.0,58.0,14.0,7.2097554
-80.0,60.0,14.0,7.467598
-80.0,62.0,14.0,7.7307568
-80.0,64.0,14.0,7.8553376
-80.0,66.0,14.0,7.8676105
-80.0,68.0,14.0,7.740207
-80.0,70.0,14.0,7.4774075
-80.0,72.0,14.0,7.387814
-80.0,74.0,14.0,7.5743923
-80.0,76.0,14.0,7.5398006
-80.0,78.0,14.0,7.457821
-80.0,80.0,14.0,7.4850826
-80.0,82.0,14.0,7.599608
-80.0,84.0,14.0,7.464417
-80.0,86.0,14.0,7.3294106
-80.0,88.0,14.0,7.2144985
-80.0,90.0,14.0,7.4374137
-80.0,92.0,14.0,7.761401
-80.0,94.0,14.0,7.9118624
-80.0,96.0,14.0,7.969212
-80.0,98.0,14.0,7.884699
-80.0,100.0,14.0,7.464574
-80.0,102.0,14.0,7.576395
-80.0,104.0,14.0,7.737275
-80.0,106.0,14.0,7.613142
-80.0,108.0,14.0,7.5034256
-80.0,110.0,14.0,7.4946327
-80.0,112.0,14.0,7.4569144
-80.0,114.0,14.0,7.525049
-80.0,116.0,14.0,7.543636
-80.0,118.0,14.0,7.4737644
-80.0,120.0,14.0,7.4660707
-80.0,122.0,14.0,7.488924
-80.0,124.0,14.0,7.532913
-80.0,126.0,14.0,7.534686
-80.0,128.0,14.0,7.39312
-80.0,130.0,14.0,7.4623103
-80.0,132.0,14.0,7.6876206
-80.0,134.0,14.0,7.882759
-80.0,136.0,14.0,7.83238
-80.0,138.0,14.0,7.5068808
-80.0,140.0,14.0,7.4695406
-80.0,142.0,14.0,7.5165124
-80.0,144.0,14.0,7.5711026
-80.0,146.0,14.0,7.4584594
-80.0,148.0,14.0,7.313693
-80.0,150.0,14.0,7.449
-80.0,152.0,14.0,7.5919366
-80.0,154.0,14.0,7.4856
-80.0,156.0,14.0,7.4958887
-80.0,158.0,14.0,7.603238
-80.0,160.0,14.0,7.444508
-80.0,162.0,14.0,7.3490844
-80.0,164.0,14.0,7.479547
-80.0,166.0,14.0,7.802521
-80.0,168.0,14.0,7.770496
-80.0,170.0,14.0,7.48522
-80.0,172.0,14.0,7.627635
-80.0,174.0,14.0,7.633613
-80.0,176.0,14.0,7.292075
-80.0,178.0,14.0,7.2696023
-80.0,180.0,14.0,7.4299273
-78.0,-180.0,14.0,7.9994354
-78.0,-178.0,14.0,7.8277035
-78.0,-176.0,14.0,7.974066
-78.0,-174.0,14.0,8.243732
-78.0,-172.0,14.0,8.267799
-78.0,-170.0,14.0,8.108326
-78.0,-168.0,14.0,8.06704
-78.0,-166.0,14.0,8.035936
-78.0,-164.0,14.0,7.9024267
-78.0,-162.0,14.0,7.8126945
-78.0,-160.0,14.0,8.055436
-78.0,-158.0,14.0,8.222437
-78.0,-156.0,14.0,8.221392
-78.0,-154.0,14.0,8.005247
-78.0,-152.0,14.0,7.876505
-78.0,-150.0,14.0,7.9518895
-78.0,-148.0,14.0,7.961564
-78.0,-146.0,14.0,7.749222
-78.0,-144.0,14.0,7.595777
-78.0,-142.0,14.0,7.672646
-78.0,-140.0,14.0,7.8231792
-78.0,-138.0,14.0,7.8794856
-78.0,-136.0,14.0,7.7173686
-78.0,-134.0,14.0,7.5816064
-78.0,-132.0,14.0,7.6976933
-78.0,-130.0,14.0,7.763807
-78.0,-128.0,14.0,7.8616123
-78.0,-126.0,14.0,7.5937343
-78.0,-124.0,14.0,7.565482
-78.0,-122.0,14.0,7.632527
-78.0,-120.0,14.0,7.8866673
-78.0,-118.0,14.0,7.869858
-78.0,-116.0,14.0,7.8963737
-78.0,-114.0,14.0,7.9821615
-78.0,-112.0,14.0,8.025461
-78.0,-110.0,14.0,7.8572855
-78.0,-108.0,14.0,7.669078
-78.0,-106.0,14.0,7.764805
-78.0,-104.0,14.0,7.8541427
-78.0,-102.0,14.0,7.713765
-78.0,-100.0,14.0,7.898518
-78.0,-98.0,14.0,8.220875
-78.0,-96.0,14.0,8.271508
-78.0,-94.0,14.0,7.999811
-78.0,-92.0,14.0,7.8886247
-78.0,-90.0,14.0,7.8133445
-78.0,-88.0,14.0,7.6722875
-78.0,-86.0,14.0,7.684769
-78.0,-84.0,14.0,7.8529744
-78.0,-82.0,14.0,7.9736953
-78.0,-80.0,14.0,7.790164
-78.0,-78.0,14.0,7.7172365
-78.0,-76.0,14.0,7.7437897
-78.0,-74.0,14.0,7.6205153
-78.0,-72.0,14.0,7.7473116
-78.0,-70.0,14.0,7.9920216
-78.0,-68.0,14.0,8.033556
-78.0,-66.0,14.0,7.9823422
-78.0,-64.0,14.0,7.801465
-78.0,-62.0,14.0,7.5739355
-78.0,-60.0,14.0,7.7780175
-78.0,-58.0,14.0,7.4861407
-78.0,-56.0,14.0,7.2557526
-78.0,-54.0,14.0,7.4457345
-78.0,-52.0,14.0,7.830488
-78.0,-50.0,14.0,7.907037
-78.0,-48.0,14.0,7.61338
-78.0,-46.0,14.0,7.6191473
-78.0,-44.0,14.0,7.8180814
-78.0,-42.0,14.0,7.8806314
-78.0,-40.0,14.0,7.9659576
-78.0,-38.0,14.0,7.8101225
-78.0,-36.0,14.0,7.813579
-78.0,-34.0,14.0,7.818879
-78.0,-32.0,14.0,7.8211274
-78.0,-30.0,14.0,7.92542
-78.0,-28.0,14.0,8.155732
-78.0,-26.0,14.0,8.253959
-78.0,-24.0,14.0,8.263385
-78.0,-22.0,14.0,8.11148
-78.0,-20.0,14.0,7.988606
-78.0,-18.0,14.0,8.079627
-78.0,-16.0,14.0,8.128245
-78.0,-14.0,14.0,8.011811
-78.0,-12.0,14.0,8.058957
-78.0,-10.0,14.0,8.0443735
-78.0,-8.0,14.0,8.0556965
-78.0,-6.0,14.0,8.19611
-78.0,-4.0,14.0,8.243345
-78.0,-2.0,14.0,8.283455
-78.0,0.0,14.0,8.078152
-78.0,2.0,14.0,7.93735
-78.0,4.0,14.0,7.763072
-78.0,6.0,14.0,7.8084335
-78.0,8.0,14.0,7.9714828
-78.0,10.0,14.0,8.088705
-78.0,12.0,14.0,8.187065
-78.0,14.0,14.0,8.157098
-78.0,16.0,14.0,8.167953
-78.0,18.0,14.0,8.0927305
-78.0,20.0,14.0,7.9813147
-78.0,22.0,14.0,8.27894
-78.0,24.0,14.0,8.689019
-78.0,26.0,14.0,8.486969
-78.0,28.0,14.0,8.298559
-78.0,30.0,14.0,8.016034
-78.0,32.0,14.0,7.835979
-78.0,34.0,14.0,7.6454725
-78.0,36.0,14.0,7.638525
-78.0,38.0,14.0,7.6972365
-78.0,40.0,14.0,7.940496
-78.0,42.0,14.0,8.251802
-78.0,44.0,14.0,8.376831
-78.0,46.0,14.0,8.270084
-78.0,48.0,14.0,8.157967
-78.0,50.0,14.0,8.12714
-78.0,52.0,14.0,8.163197
-78.0,54.0,14.0,8.028099
-78.0,56.0,14.0,8.07586
-78.0,58.0,14.0,8.040017
-78.0,60.0,14.0,8.118921
-78.0,62.0,14.0,8.591721
-78.0,64.0,14.0,8.783678
-78.0,66.0,14.0,8.701922
-78.0,68.0,14.0,8.629371
-78.0,70.0,14.0,8.345896
-78.0,72.0,14.0,8.195719
-78.0,74.0,14.0,8.244377
-78.0,76.0,14.0,8.192273
-78.0,78.0,14.0,8.128223
-78.0,80.0,14.0,8.226113
-78.0,82.0,14.0,8.484678
-78.0,84.0,14.0,8.479736
-78.0,86.0,14.0,8.261525
-78.0,88.0,14.0,8.082667
-78.0,90.0,14.0,8.2268915
-78.0,92.0,14.0,8.42131
-78.0,94.0,14.0,8.536165
-78.0,96.0,14.0,8.650015
-78.0,98.0,14.0,8.539738
-78.0,100.0,14.0,8.266216
-78.0,102.0,14.0,8.316526
-78.0,104.0,14.0,8.34689
-78.0,106.0,14.0,8.226135
-78.0,108.0,14.0,8.253882
-78.0,110.0,14.0,8.333672
-78.0,112.0,14.0,8.421943
-78.0,114.0,14.0,8.352289
-78.0,116.0,14.0,8.367726
-78.0,118.0,14.0,8.270048
-78.0,120.0,14.0,8.079984
-78.0,122.0,14.0,8.09339
-78.0,124.0,14.0,8.105682
-78.0,126.0,14.0,8.170156
-78.0,128.0,14.0,8.169479
-78.0,130.0,14.0,8.232812
-78.0,132.0,14.0,8.378919
-78.0,134.0,14.0,8.437847
-78.0,136.0,14.0,8.154614
-78.0,138.0,14.0,7.9375467
-78.0,140.0,14.0,8.043631
-78.0,142.0,14.0,8.200136
-78.0,144.0,14.0,8.112191
-78.0,146.0,14.0,7.8796077
-78.0,148.0,14.0,7.7564173
-78.0,150.0,14.0,8.021429
-78.0,152.0,14.0,8.050853
-78.0,154.0,14.0,7.8950973
-78.0,156.0,14.0,8.110925
-78.0,158.0,14.0,8.352803
-78.0,160.0,14.0,8.109942
-78.0,162.0,14.0,7.880019
-78.0,164.0,14.0,8.139881
-78.0,166.0,14.0,8.287786
-78.0,168.0,14.0,8.108166
-78.0,170.0,14.0,8.115755
-78.0,172.0,14.0,8.3993635
-78.0,174.0,14.0,8.346278
-78.0,176.0,14.0,7.982188
-78.0,178.0,14.0,7.9230204
-78.0,180.0,14.0,7.9994354
-76.0,-180.0,14.0,7.3720875
-76.0,-178.0,14.0,7.195172
-76.0,-176.0,14.0,7.217295
-76.0,-174.0,14.0,7.5058446
-76.0,-172.0,14.0,7.5730057
-76.0,-170.0,14.0,7.430347
-76.0,-168.0,14.0,7.4151134
-76.0,-166.0,14.0,7.4382257
-76.0,-164.0,14.0,7.298562
-76.0,-162.0,14.0,7.1951222
-76.0,-160.0,14.0,7.4209743
-76.0,-158.0,14.0,7.528552
-76.0,-156.0,14.0,7.5316815
-76.0,-154.0,14.0,7.3532066
-76.0,-152.0,14.0,7.2501106
-76.0,-150.0,14.0,7.3425756
-76.0,-148.0,14.0,7.2896013
-76.0,-146.0,14.0,7.072433
-76.0,-144.0,14.0,7.0083632
-76.0,-142.0,14.0,7.133121
-76.0,-140.0,14.0,7.2955756
-76.0,-138.0,14.0,7.369398
-76.0,-136.0,14.0,7.193866
-76.0,-134.0,14.0,7.0568166
-76.0,-132.0,14.0,7.1827116
-76.0,-130.0,14.0,7.288423
-76.0,-128.0,14.0,7.2919674
-76.0,-126.0,14.0,7.0846972
-76.0,-124.0,14.0,7.023201
-76.0,-122.0,14.0,7.1154866
-76.0,-120.0,14.0,7.3096933
-76.0,-118.0,14.0,7.2878447
-76.0,-116.0,14.0,7.21049
-76.0,-114.0,14.0,7.460017
-76.0,-112.0,14.0,7.457003
-76.0,-110.0,14.0,7.2539353
-76.0,-108.0,14.0,7.1023974
-76.0,-106.0,14.0,7.263284
-76.0,-104.0,14.0,7.3337264
-76.0,-102.0,14.0,7.123742
-76.0,-100.0,14.0,7.27462
-76.0,-98.0,14.0,7.605022
-76.0,-96.0,14.0,7.6628914
-76.0,-94.0,14.0,7.474573
-76.0,-92.0,14.0,7.3150034
-76.0,-90.0,14.0,7.3451333
-76.0,-88.0,14.0,7.146235
-76.0,-86.0,14.0,7.124283
-76.0,-84.0,14.0,7.351886
-76.0,-82.0,14.0,7.471031
-76.0,-80.0,14.0,7.2354975
-76.0,-78.0,14.0,7.149662
-76.0,-76.0,14.0,7.283098
-76.0,-74.0,14.0,7.104701
-76.0,-72.0,14.0,7.1459002
-76.0,-70.0,14.0,7.331667
-76.0,-68.0,14.0,7.437339
-76.0,-66.0,14.0,7.3898487
-76.0,-64.0,14.0,7.2723255
-76.0,-62.0,14.0,7.106748
-76.0,-60.0,14.0,7.2848577
-76.0,-58.0,14.0,7.0242076
-76.0,-56.0,14.0,6.7520323
-76.0,-54.0,14.0,6.9138913
-76.0,-52.0,14.0,7.245522
-76.0,-50.0,14.0,7.256231
-76.0,-48.0,14.0,7.092461
-76.0,-46.0,14.0,7.0985894
-76.0,-44.0,14.0,7.282877
-76.0,-42.0,14.0,7.2785807
-76.0,-40.0,14.0,7.3624806
-76.0,-38.0,14.0,7.260244
-76.0,-36.0,14.0,7.2991023
-76.0,-34.0,14.0,7.2841444
-76.0,-32.0,14.0,7.284431
-76.0,-30.0,14.0,7.3894615
-76.0,-28.0,14.0,7.60999
-76.0,-26.0,14.0,7.6721945
-76.0,-24.0,14.0,7.67044
-76.0,-22.0,14.0,7.5288987
-76.0,-20.0,14.0,7.396512
-76.0,-18.0,14.0,7.459087
-76.0,-16.0,14.0,7.4813375
-76.0,-14.0,14.0,7.4164677
-76.0,-12.0,14.0,7.446267
-76.0,-10.0,14.0,7.4789333
-76.0,-8.0,14.0,7.4804635
-76.0,-6.0,14.0,7.521356
-76.0,-4.0,14.0,7.670709
-76.0,-2.0,14.0,7.648297
-76.0,0.0,14.0,7.4822083
-76.0,2.0,14.0,7.3851557
-76.0,4.0,14.0,7.226754
-76.0,6.0,14.0,7.3326683
-76.0,8.0,14.0,7.4979906
-76.0,10.0,14.0,7.5013757
-76.0,12.0,14.0,7.5516596
-76.0,14.0,14.0,7.6208005
-76.0,16.0,14.0,7.543569
-76.0,18.0,14.0,7.510638
-76.0,20.0,14.0,7.4195147
-76.0,22.0,14.0,7.728971
-76.0,24.0,14.0,8.013691
-76.0,26.0,14.0,7.8592544
-76.0,28.0,14.0,7.674728
-76.0,30.0,14.0,7.549105
-76.0,32.0,14.0,7.3360486
-76.0,34.0,14.0,7.0965285
-76.0,36.0,14.0,7.1132736
-76.0,38.0,14.0,7.2571735
-76.0,40.0,14.0,7.432271
-76.0,42.0,14.0,7.6652303
-76.0,44.0,14.0,7.79901
-76.0,46.0,14.0,7.7401314
-76.0,48.0,14.0,7.5693717
-76.0,50.0,14.0,7.5001826
-76.0,52.0,14.0,7.454426
-76.0,54.0,14.0,7.3462543
-76.0,56.0,14.0,7.3238497
-76.0,58.0,14.0,7.2679844
-76.0,60.0,14.0,7.4753933
-76.0,62.0,14.0,7.8289504
-76.0,64.0,14.0,8.07007
-76.0,66.0,14.0,8.0626335
-76.0,68.0,14.0,7.9566326
-76.0,70.0,14.0,7.598891
-76.0,72.0,14.0,7.5172167
-76.0,74.0,14.0,7.602368
-76.0,76.0,14.0,7.4577446
-76.0,78.0,14.0,7.40786
-76.0,80.0,14.0,7.490745
-76.0,82.0,14.0,7.7766156
-76.0,84.0,14.0,7.815131
-76.0,86.0,14.0,7.623263
-76.0,88.0,14.0,7.462447
-76.0,90.0,14.0,7.5491953
-76.0,92.0,14.0,7.632583
-76.0,94.0,14.0,7.8136463
-76.0,96.0,14.0,8.059174
-76.0,98.0,14.0,7.919234
-76.0,100.0,14.0,7.5450444
-76.0,102.0,14.0,7.726473
-76.0,104.0,14.0,7.694675
-76.0,106.0,14.0,7.5320907
-76.0,108.0,14.0,7.4982104
-76.0,110.0,14.0,7.562528
-76.0,112.0,14.0,7.6540155
-76.0,114.0,14.0,7.5582776
-76.0,116.0,14.0,7.6239605
-76.0,118.0,14.0,7.573912
-76.0,120.0,14.0,7.409827
-76.0,122.0,14.0,7.485348
-76.0,124.0,14.0,7.495074
-76.0,126.0,14.0,7.6304383
-76.0,128.0,14.0,7.6307945
-76.0,130.0,14.0,7.5835752
-76.0,132.0,14.0,7.636881
-76.0,134.0,14.0,7.799449
-76.0,136.0,14.0,7.6711483
-76.0,138.0,14.0,7.298408
-76.0,140.0,14.0,7.405984
-76.0,142.0,14.0,7.497106
-76.0,144.0,14.0,7.4550586
-76.0,146.0,14.0,7.2412357
-76.0,148.0,14.0,7.235572
-76.0,150.0,14.0,7.484108
-76.0,152.0,14.0,7.5402102
-76.0,154.0,14.0,7.4346247
-76.0,156.0,14.0,7.667774
-76.0,158.0,14.0,7.7570405
-76.0,160.0,14.0,7.4648795
-76.0,162.0,14.0,7.225158
-76.0,164.0,14.0,7.468784
-76.0,166.0,14.0,7.7072997
-76.0,168.0,14.0,7.4491863
-76.0,170.0,14.0,7.5052075
-76.0,172.0,14.0,7.7309413
-76.0,174.0,14.0,7.6850166
-76.0,176.0,14.0,7.3340373
-76.0,178.0,14.0,7.2975483
-76.0,180.0,14.0,7.3720875
-74.0,-180.0,14.0,7.9944897
-74.0,-178.0,14.0,7.9214354
-74.0,-176.0,14.0,7.841786
-74.0,-174.0,14.0,8.069849
-74.0,-172.0,14.0,8.092926
-74.0,-170.0,14.0,7.8848996
-74.0,-168.0,14.0,7.9377246
-74.0,-166.0,14.0,7.9167304
-74.0,-164.0,14.0,7.956469
-74.0,-162.0,14.0,7.8407803
-74.0,-160.0,14.0,7.894203
-74.0,-158.0,14.0,8.072553
-74.0,-156.0,14.0,8.062962
-74.0,-154.0,14.0,7.9742656
-74.0,-152.0,14.0,7.9963026
-74.0,-150.0,14.0,8.014056
-74.0,-148.0,14.0,7.803576
-74.0,-146.0,14.0,7.6339025
-74.0,-144.0,14.0,7.7154922
-74.0,-142.0,14.0,7.967694
-74.0,-140.0,14.0,8.150533
-74.0,-138.0,14.0,8.232935
-74.0,-136.0,14.0,8.019272
-74.0,-134.0,14.0,7.836977
-74.0,-132.0,14.0,7.9385195
-74.0,-130.0,14.0,7.970474
-74.0,-128.0,14.0,7.816007
-74.0,-126.0,14.0,7.628459
-74.0,-124.0,14.0,7.518588
-74.0,-122.0,14.0,7.7667804
-74.0,-120.0,14.0,8.167597
-74.0,-118.0,14.0,8.206647
-74.0,-116.0,14.0,7.987351
-74.0,-114.0,14.0,8.1127
-74.0,-112.0,14.0,8.300444
-74.0,-110.0,14.0,8.047638
-74.0,-108.0,14.0,7.757076
-74.0,-106.0,14.0,7.9448533
-74.0,-104.0,14.0,7.9908023
-74.0,-102.0,14.0,7.82239
-74.0,-100.0,14.0,7.978961
-74.0,-98.0,14.0,8.299246
-74.0,-96.0,14.0,8.41182
-74.0,-94.0,14.0,7.9963636
-74.0,-92.0,14.0,7.7938333
-74.0,-90.0,14.0,7.8546915
-74.0,-88.0,14.0,7.950056
-74.0,-86.0,14.0,7.8346024
-74.0,-84.0,14.0,8.160007
-74.0,-82.0,14.0,8.343676
-74.0,-80.0,14.0,7.962572
-74.0,-78.0,14.0,7.8293905
-74.0,-76.0,14.0,8.085044
-74.0,-74.0,14.0,7.9523673
-74.0,-72.0,14.0,7.8043947
-74.0,-70.0,14.0,7.907672
-74.0,-68.0,14.0,8.307607
-74.0,-66.0,14.0,8.15198
-74.0,-64.0,14.0,7.7625227
-74.0,-62.0,14.0,7.6463237
-74.0,-60.0,14.0,7.948788
-74.0,-58.0,14.0,7.7002854
-74.0,-56.0,14.0,7.339963
-74.0,-54.0,14.0,7.617075
-74.0,-52.0,14.0,8.128276
-74.0,-50.0,14.0,8.133753
-74.0,-48.0,14.0,7.8359284
-74.0,-46.0,14.0,7.576529
-74.0,-44.0,14.0,7.6598606
-74.0,-42.0,14.0,7.9579773
-74.0,-40.0,14.0,8.118401
-74.0,-38.0,14.0,8.072309
-74.0,-36.0,14.0,7.88775
-74.0,-34.0,14.0,7.7712092
-74.0,-32.0,14.0,7.928368
-74.0,-30.0,14.0,8.03349
-74.0,-28.0,14.0,8.145745
-74.0,-26.0,14.0,8.23554
-74.0,-24.0,14.0,8.1882715
-74.0,-22.0,14.0,7.910902
-74.0,-20.0,14.0,7.83716
-74.0,-18.0,14.0,8.002451
-74.0,-16.0,14.0,8.162471
-74.0,-14.0,14.0,7.932588
-74.0,-12.0,14.0,7.6934
-74.0,-10.0,14.0,7.892634
-74.0,-8.0,14.0,8.058438
-74.0,-6.0,14.0,7.9560423
-74.0,-4.0,14.0,7.8599553
-74.0,-2.0,14.0,8.069206
-74.0,0.0,14.0,7.908445
-74.0,2.0,14.0,7.6197033
-74.0,4.0,14.0,7.566209
-74.0,6.0,14.0,7.830169
-74.0,8.0,14.0,7.88116
-74.0,10.0,14.0,7.783514
-74.0,12.0,14.0,8.22742
-74.0,14.0,14.0,8.278132
-74.0,16.0,14.0,7.972471
-74.0,18.0,14.0,7.897656
-74.0,20.0,14.0,7.9512563
-74.0,22.0,14.0,8.037772
-74.0,24.0,14.0,8.160764
-74.0,26.0,14.0,8.259689
-74.0,28.0,14.0,8.160496
-74.0,30.0,14.0,7.866778
-74.0,32.0,14.0,7.5137477
-74.0,34.0,14.0,7.389831
-74.0,36.0,14.0,7.65991
-74.0,38.0,14.0,7.7959223
-74.0,40.0,14.0,7.8714867
-74.0,42.0,14.0,7.97696
-74.0,44.0,14.0,8.18616
-74.0,46.0,14.0,8.381618
-74.0,48.0,14.0,8.265891
-74.0,50.0,14.0,7.8660183
-74.0,52.0,14.0,7.6002297
-74.0,54.0,14.0,7.5030284
-74.0,56.0,14.0,7.6146455
-74.0,58.0,14.0,7.7812614
-74.0,60.0,14.0,7.8753896
-74.0,62.0,14.0,8.007771
-74.0,64.0,14.0,8.25172
-74.0,66.0,14.0,8.285271
-74.0,68.0,14.0,8.100541
-74.0,70.0,14.0,7.8392715
-74.0,72.0,14.0,7.9863095
-74.0,74.0,14.0,8.220947
-74.0,76.0,14.0,8.069008
-74.0,78.0,14.0,7.91473
-74.0,80.0,14.0,7.897172
-74.0,82.0,14.0,7.934347
-74.0,84.0,14.0,7.8452997
-74.0,86.0,14.0,7.7538953
-74.0,88.0,14.0,7.650735
-74.0,90.0,14.0,7.857104
-74.0,92.0,14.0,8.011032
-74.0,94.0,14.0,8.240006
-74.0,96.0,14.0,8.3399105
-74.0,98.0,14.0,8.152717
-74.0,100.0,14.0,7.821663
-74.0,102.0,14.0,8.157742
-74.0,104.0,14.0,8.24842
-74.0,106.0,14.0,8.031157
-74.0,108.0,14.0,7.9426165
-74.0,110.0,14.0,7.8589377
-74.0,112.0,14.0,7.809013
-74.0,114.0,14.0,7.9272885
-74.0,116.0,14.0,8.01592
-74.0,118.0,14.0,7.9692307
-74.0,120.0,14.0,7.8868756
-74.0,122.0,14.0,7.9727826
-74.0,124.0,14.0,7.9101534
-74.0,126.0,14.0,7.988311
-74.0,128.0,14.0,7.8938723
-74.0,130.0,14.0,7.922414
-74.0,132.0,14.0,8.108578
-74.0,134.0,14.0,8.341571
-74.0,136.0,14.0,8.37395
-74.0,138.0,14.0,8.039378
-74.0,140.0,14.0,7.96615
-74.0,142.0,14.0,7.9516563
-74.0,144.0,14.0,7.9784303
-74.0,146.0,14.0,7.867136
-74.0,148.0,14.0,7.8087425
-74.0,150.0,14.0,8.0028925
-74.0,152.0,14.0,8.000402
-74.0,154.0,14.0,7.8456683
-74.0,156.0,14.0,8.007299
-74.0,158.0,14.0,8.117369
-74.0,160.0,14.0,7.7632055
-74.0,162.0,14.0,7.614647
-74.0,164.0,14.0,7.856804
-74.0,166.0,14.0,8.106519
-74.0,168.0,14.0,8.002426
-74.0,170.0,14.0,7.870961
-74.0,172.0,14.0,8.249621
-74.0,174.0,14.0,8.201153
-74.0,176.0,14.0,7.8322864
-74.0,178.0,14.0,7.9307027
-74.0,180.0,14.0,7.9944897
-72.0,-180.0,14.0,8.777595
-72.0,-178.0,14.0,8.654974
-72.0,-176.0,14.0,8.479861
-72.0,-174.0,14.0,8.754571
-72.0,-172.0,14.0,8.794206
-72.0,-170.0,14.0,8.594921
-72.0,-168.0,14.0,8.481989
-72.0,-166.0,14.0,8.477286
-72.0,-164.0,14.0,8.670978
-72.0,-162.0,14.0,8.476405
-72.0,-160.0,14.0,8.4721985
-72.0,-158.0,14.0,8.692355
-72.0,-156.0,14.0,8.824715
-72.0,-154.0,14.0,8.684442
-72.0,-152.0,14.0,8.725134
-72.0,-150.0,14.0,8.758019
-72.0,-148.0,14.0,8.618056
-72.0,-146.0,14.0,8.444507
-72.0,-144.0,14.0,8.415705
-72.0,-142.0,14.0,8.715092
-72.0,-140.0,14.0,8.92623
-72.0,-138.0,14.0,9.019563
-72.0,-136.0,14.0,8.897523
-72.0,-134.0,14.0,8.760638
-72.0,-132.0,14.0,8.820142
-72.0,-130.0,14.0,9.009573
-72.0,-128.0,14.0,8.862224
-72.0,-126.0,14.0,8.523831
-72.0,-124.0,14.0,8.358535
-72.0,-122.0,14.0,8.659172
-72.0,-120.0,14.0,9.158454
-72.0,-118.0,14.0,9.170617
-72.0,-116.0,14.0,8.910326
-72.0,-114.0,14.0,8.949575
-72.0,-112.0,14.0,9.233247
-72.0,-110.0,14.0,8.927482
-72.0,-108.0,14.0,8.585344
-72.0,-106.0,14.0,8.715248
-72.0,-104.0,14.0,8.740139
-72.0,-102.0,14.0,8.661493
-72.0,-100.0,14.0,8.767063
-72.0,-98.0,14.0,9.172726
-72.0,-96.0,14.0,9.254261
-72.0,-94.0,14.0,8.846533
-72.0,-92.0,14.0,8.602646
-72.0,-90.0,14.0,8.761108
-72.0,-88.0,14.0,8.80852
-72.0,-86.0,14.0,8.758402
-72.0,-84.0,14.0,8.967448
-72.0,-82.0,14.0,9.156792
-72.0,-80.0,14.0,8.8008795
-72.0,-78.0,14.0,8.593016
-72.0,-76.0,14.0,8.904065
-72.0,-74.0,14.0,8.741433
-72.0,-72.0,14.0,8.609335
-72.0,-70.0,14.0,8.742002
-72.0,-68.0,14.0,9.165712
-72.0,-66.0,14.0,8.953252
-72.0,-64.0,14.0,8.66012
-72.0,-62.0,14.0,8.493639
-72.0,-60.0,14.0,8.556344
-72.0,-58.0,14.0,8.374233
-72.0,-56.0,14.0,8.053512
-72.0,-54.0,14.0,8.532408
-72.0,-52.0,14.0,9.003939
-72.0,-50.0,14.0,8.980683
-72.0,-48.0,14.0,8.682543
-72.0,-46.0,14.0,8.336831
-72.0,-44.0,14.0,8.585242
-72.0,-42.0,14.0,8.836922
-72.0,-40.0,14.0,8.964019
-72.0,-38.0,14.0,8.882934
-72.0,-36.0,14.0,8.735102
-72.0,-34.0,14.0,8.679058
-72.0,-32.0,14.0,8.943632
-72.0,-30.0,14.0,8.904728
-72.0,-28.0,14.0,8.931208
-72.0,-26.0,14.0,8.976719
-72.0,-24.0,14.0,8.921154
-72.0,-22.0,14.0,8.69738
-72.0,-20.0,14.0,8.665021
-72.0,-18.0,14.0,8.793111
-72.0,-16.0,14.0,9.03344
-72.0,-14.0,14.0,8.761574
-72.0,-12.0,14.0,8.540426
-72.0,-10.0,14.0,8.635632
-72.0,-8.0,14.0,8.797802
-72.0,-6.0,14.0,8.749098
-72.0,-4.0,14.0,8.565955
-72.0,-2.0,14.0,8.9293165
-72.0,0.0,14.0,8.729328
-72.0,2.0,14.0,8.528626
-72.0,4.0,14.0,8.413509
-72.0,6.0,14.0,8.620081
-72.0,8.0,14.0,8.742439
-72.0,10.0,14.0,8.662985
-72.0,12.0,14.0,9.037873
-72.0,14.0,14.0,9.018144
-72.0,16.0,14.0,8.868455
-72.0,18.0,14.0,8.696983
-72.0,20.0,14.0,8.687913
-72.0,22.0,14.0,8.779511
-72.0,24.0,14.0,8.899505
-72.0,26.0,14.0,8.946789
-72.0,28.0,14.0,8.862573
-72.0,30.0,14.0,8.602498
-72.0,32.0,14.0,8.299415
-72.0,34.0,14.0,8.058554
-72.0,36.0,14.0,8.336822
-72.0,38.0,14.0,8.396741
-72.0,40.0,14.0,8.426557
-72.0,42.0,14.0,8.708749
-72.0,44.0,14.0,8.977132
-72.0,46.0,14.0,9.102421
-72.0,48.0,14.0,8.972672
-72.0,50.0,14.0,8.603956
-72.0,52.0,14.0,8.4801
-72.0,54.0,14.0,8.370992
-72.0,56.0,14.0,8.317849
-72.0,58.0,14.0,8.407464
-72.0,60.0,14.0,8.638136
-72.0,62.0,14.0,8.890247
-72.0,64.0,14.0,9.093803
-72.0,66.0,14.0,9.0818815
-72.0,68.0,14.0,8.881462
-72.0,70.0,14.0,8.580674
-72.0,72.0,14.0,8.596864
-72.0,74.0,14.0,8.839493
-72.0,76.0,14.0,8.73431
-72.0,78.0,14.0,8.5765085
-72.0,80.0,14.0,8.574879
-72.0,82.0,14.0,8.712722
-72.0,84.0,14.0,8.730456
-72.0,86.0,14.0,8.553074
-72.0,88.0,14.0,8.401366
-72.0,90.0,14.0,8.526563
-72.0,92.0,14.0,8.796831
-72.0,94.0,14.0,9.002374
-72.0,96.0,14.0,9.091124
-72.0,98.0,14.0,8.867918
-72.0,100.0,14.0,8.536884
-72.0,102.0,14.0,8.785927
-72.0,104.0,14.0,8.906828
-72.0,106.0,14.0,8.715844
-72.0,108.0,14.0,8.691281
-72.0,110.0,14.0,8.6192665
-72.0,112.0,14.0,8.785619
-72.0,114.0,14.0,8.818407
-72.0,116.0,14.0,8.675953
-72.0,118.0,14.0,8.675373
-72.0,120.0,14.0,8.60845
-72.0,122.0,14.0,8.690221
-72.0,124.0,14.0,8.549009
-72.0,126.0,14.0,8.576343
-72.0,128.0,14.0,8.520493
-72.0,130.0,14.0,8.657692
-72.0,132.0,14.0,8.782141
-72.0,134.0,14.0,8.989098
-72.0,136.0,14.0,9.075224
-72.0,138.0,14.0,8.640606
-72.0,140.0,14.0,8.63534
-72.0,142.0,14.0,8.700196
-72.0,144.0,14.0,8.644853
-72.0,146.0,14.0,8.6055155
-72.0,148.0,14.0,8.607326
-72.0,150.0,14.0,8.743172
-72.0,152.0,14.0,8.667947
-72.0,154.0,14.0,8.598971
-72.0,156.0,14.0,8.75265
-72.0,158.0,14.0,8.766372
-72.0,160.0,14.0,8.508495
-72.0,162.0,14.0,8.304881
-72.0,164.0,14.0,8.503373
-72.0,166.0,14.0,8.757874
-72.0,168.0,14.0,8.774572
-72.0,170.0,14.0,8.686713
-72.0,172.0,14.0,9.148631
-72.0,174.0,14.0,9.123934
-72.0,176.0,14.0,8.841807
-72.0,178.0,14.0,8.727295
-72.0,180.0,14.0,8.777595
-70.0,-180.0,14.0,7.4757586
-70.0,-178.0,14.0,7.344595
-70.0,-176.0,14.0,7.2966905
-70.0,-174.0,14.0,7.479843
-70.0,-172.0,14.0,7.5979304
-70.0,-170.0,14.0,7.470606
-70.0,-168.0,14.0,7.423466
-70.0,-166.0,14.0,7.397413
-70.0,-164.0,14.0,7.3698635
-70.0,-162.0,14.0,7.2625628
-70.0,-160.0,14.0,7.467614
-70.0,-158.0,14.0,7.638671
-70.0,-156.0,14.0,7.7460465
-70.0,-154.0,14.0,7.626824
-70.0,-152.0,14.0,7.4838514
-70.0,-150.0,14.0,7.4696455
-70.0,-148.0,14.0,7.4007454
-70.0,-146.0,14.0,7.127714
-70.0,-144.0,14.0,7.090108
-70.0,-142.0,14.0,7.2873783
-70.0,-140.0,14.0,7.4451485
-70.0,-138.0,14.0,7.4898148
-70.0,-136.0,14.0,7.397651
-70.0,-134.0,14.0,7.2757483
-70.0,-132.0,14.0,7.3870487
-70.0,-130.0,14.0,7.4925404
-70.0,-128.0,14.0,7.431458
-70.0,-126.0,14.0,7.0966897
-70.0,-124.0,14.0,7.0085583
-70.0,-122.0,14.0,7.2530794
-70.0,-120.0,14.0,7.500408
-70.0,-118.0,14.0,7.5146503
-70.0,-116.0,14.0,7.494179
-70.0,-114.0,14.0,7.680452
-70.0,-112.0,14.0,7.7621245
-70.0,-110.0,14.0,7.4878902
-70.0,-108.0,14.0,7.1961465
-70.0,-106.0,14.0,7.440636
-70.0,-104.0,14.0,7.55417
-70.0,-102.0,14.0,7.2983975
-70.0,-100.0,14.0,7.454966
-70.0,-98.0,14.0,7.9641747
-70.0,-96.0,14.0,7.9490857
-70.0,-94.0,14.0,7.5274553
-70.0,-92.0,14.0,7.379906
-70.0,-90.0,14.0,7.417953
-70.0,-88.0,14.0,7.277742
-70.0,-86.0,14.0,7.2927713
-70.0,-84.0,14.0,7.6003256
-70.0,-82.0,14.0,7.7520175
-70.0,-80.0,14.0,7.3848724
-70.0,-78.0,14.0,7.2636113
-70.0,-76.0,14.0,7.5071135
-70.0,-74.0,14.0,7.3572164
-70.0,-72.0,14.0,7.1983232
-70.0,-70.0,14.0,7.3915668
-70.0,-68.0,14.0,7.700768
-70.0,-66.0,14.0,7.528486
-70.0,-64.0,14.0,7.2441974
-70.0,-62.0,14.0,7.3151317
-70.0,-60.0,14.0,7.4075665
-70.0,-58.0,14.0,7.166721
-70.0,-56.0,14.0,6.9652224
-70.0,-54.0,14.0,7.1418414
-70.0,-52.0,14.0,7.383736
-70.0,-50.0,14.0,7.409167
-70.0,-48.0,14.0,7.3164067
-70.0,-46.0,14.0,7.218475
-70.0,-44.0,14.0,7.3651876
-70.0,-42.0,14.0,7.4133825
-70.0,-40.0,14.0,7.428324
-70.0,-38.0,14.0,7.459384
-70.0,-36.0,14.0,7.391514
-70.0,-34.0,14.0,7.3211565
-70.0,-32.0,14.0,7.3716297
-70.0,-30.0,14.0,7.448062
-70.0,-28.0,14.0,7.7101946
-70.0,-26.0,14.0,7.7514353
-70.0,-24.0,14.0,7.7161417
-70.0,-22.0,14.0,7.6228447
-70.0,-20.0,14.0,7.4754004
-70.0,-18.0,14.0,7.5438876
-70.0,-16.0,14.0,7.6598444
-70.0,-14.0,14.0,7.426433
-70.0,-12.0,14.0,7.443958
-70.0,-10.0,14.0,7.504703
-70.0,-8.0,14.0,7.595074
-70.0,-6.0,14.0,7.5053487
-70.0,-4.0,14.0,7.5477104
-70.0,-2.0,14.0,7.6144567
-70.0,0.0,14.0,7.489695
-70.0,2.0,14.0,7.393095
-70.0,4.0,14.0,7.215224
-70.0,6.0,14.0,7.3761215
-70.0,8.0,14.0,7.4934926
-70.0,10.0,14.0,7.466318
-70.0,12.0,14.0,7.7248464
-70.0,14.0,14.0,7.740054
-70.0,16.0,14.0,7.61032
-70.0,18.0,14.0,7.386417
-70.0,20.0,14.0,7.484531
-70.0,22.0,14.0,7.7464232
-70.0,24.0,14.0,7.8910418
-70.0,26.0,14.0,7.805227
-70.0,28.0,14.0,7.738932
-70.0,30.0,14.0,7.4763594
-70.0,32.0,14.0,7.2050343
-70.0,34.0,14.0,7.092928
-70.0,36.0,14.0,7.264764
-70.0,38.0,14.0,7.40107
-70.0,40.0,14.0,7.4332495
-70.0,42.0,14.0,7.7309394
-70.0,44.0,14.0,7.911817
-70.0,46.0,14.0,7.961752
-70.0,48.0,14.0,7.711248
-70.0,50.0,14.0,7.462006
-70.0,52.0,14.0,7.4173007
-70.0,54.0,14.0,7.44405
-70.0,56.0,14.0,7.3576617
-70.0,58.0,14.0,7.338961
-70.0,60.0,14.0,7.4871564
-70.0,62.0,14.0,7.74682
-70.0,64.0,14.0,7.9010215
-70.0,66.0,14.0,7.8509054
-70.0,68.0,14.0,7.715807
-70.0,70.0,14.0,7.4738536
-70.0,72.0,14.0,7.482408
-70.0,74.0,14.0,7.671571
-70.0,76.0,14.0,7.593966
-70.0,78.0,14.0,7.493557
-70.0,80.0,14.0,7.4510603
-70.0,82.0,14.0,7.630558
-70.0,84.0,14.0,7.778253
-70.0,86.0,14.0,7.625066
-70.0,88.0,14.0,7.383891
-70.0,90.0,14.0,7.4522257
-70.0,92.0,14.0,7.671287
-70.0,94.0,14.0,7.7519197
-70.0,96.0,14.0,7.911919
-70.0,98.0,14.0,7.8159957
-70.0,100.0,14.0,7.481066
-70.0,102.0,14.0,7.6863084
-70.0,104.0,14.0,7.7652416
-70.0,106.0,14.0,7.586747
-70.0,108.0,14.0,7.427407
-70.0,110.0,14.0,7.435759
-70.0,112.0,14.0,7.494488
-70.0,114.0,14.0,7.433643
-70.0,116.0,14.0,7.502762
-70.0,118.0,14.0,7.507681
-70.0,120.0,14.0,7.4673185
-70.0,122.0,14.0,7.5128574
-70.0,124.0,14.0,7.4233403
-70.0,126.0,14.0,7.5140524
-70.0,128.0,14.0,7.441154
-70.0,130.0,14.0,7.466108
-70.0,132.0,14.0,7.653751
-70.0,134.0,14.0,7.9179573
-70.0,136.0,14.0,7.8099546
-70.0,138.0,14.0,7.440636
-70.0,140.0,14.0,7.4799786
-70.0,142.0,14.0,7.5192423
-70.0,144.0,14.0,7.546183
-70.0,146.0,14.0,7.465554
-70.0,148.0,14.0,7.402759
-70.0,150.0,14.0,7.477295
-70.0,152.0,14.0,7.4965463
-70.0,154.0,14.0,7.393522
-70.0,156.0,14.0,7.613182
-70.0,158.0,14.0,7.591593
-70.0,160.0,14.0,7.4661202
-70.0,162.0,14.0,7.260592
-70.0,164.0,14.0,7.2783656
-70.0,166.0,14.0,7.41529
-70.0,168.0,14.0,7.3792624
-70.0,170.0,14.0,7.446157
-70.0,172.0,14.0,7.816098
-70.0,174.0,14.0,7.8097014
-70.0,176.0,14.0,7.5260754
-70.0,178.0,14.0,7.477548
-70.0,180.0,14.0,7.4757586
-68.0,-180.0,14.0,6.6611753
-68.0,-178.0,14.0,6.589846
-68.0,-176.0,14.0,6.5964465
-68.0,-174.0,14.0,6.6981454
-68.0,-172.0,14.0,6.792433
-68.0,-170.0,14.0,6.6967487
-68.0,-168.0,14.0,6.6159387
-68.0,-166.0,14.0,6.6369176
-68.0,-164.0,14.0,6.5996785
-68.0,-162.0,14.0,6.5216618
-68.0,-160.0,14.0,6.631318
-68.0,-158.0,14.0,6.943681
-68.0,-156.0,14.0,7.010263
-68.0,-154.0,14.0,6.7579527
-68.0,-152.0,14.0,6.564945
-68.0,-150.0,14.0,6.541221
-68.0,-148.0,14.0,6.4912534
-68.0,-146.0,14.0,6.2600303
-68.0,-144.0,14.0,6.1899676
-68.0,-142.0,14.0,6.172799
-68.0,-140.0,14.0,6.4031043
-68.0,-138.0,14.0,6.4652095
-68.0,-136.0,14.0,6.287185
-68.0,-134.0,14.0,6.1774397
-68.0,-132.0,14.0,6.2097077
-68.0,-130.0,14.0,6.333191
-68.0,-128.0,14.0,6.317702
-68.0,-126.0,14.0,6.0506625
-68.0,-124.0,14.0,6.0307755
-68.0,-122.0,14.0,6.124889
-68.0,-120.0,14.0,6.3319645
-68.0,-118.0,14.0,6.2077746
-68.0,-116.0,14.0,6.2409806
-68.0,-114.0,14.0,6.5120993
-68.0,-112.0,14.0,6.5579033
-68.0,-110.0,14.0,6.415033
-68.0,-108.0,14.0,6.22366
-68.0,-106.0,14.0,6.4084888
-68.0,-104.0,14.0,6.5763717
-68.0,-102.0,14.0,6.298573
-68.0,-100.0,14.0,6.3347464
-68.0,-98.0,14.0,6.741091
-68.0,-96.0,14.0,6.784084
-68.0,-94.0,14.0,6.4337564
-68.0,-92.0,14.0,6.3520603
-68.0,-90.0,14.0,6.274608
-68.0,-88.0,14.0,6.093813
-68.0,-86.0,14.0,6.0236607
-68.0,-84.0,14.0,6.3000584
-68.0,-82.0,14.0,6.4744544
-68.0,-80.0,14.0,6.1896195
-68.0,-78.0,14.0,6.1644154
-68.0,-76.0,14.0,6.325358
-68.0,-74.0,14.0,6.107959
-68.0,-72.0,14.0,5.9630165
-68.0,-70.0,14.0,6.227417
-68.0,-68.0,14.0,6.478131
-68.0,-66.0,14.0,6.3497405
-68.0,-64.0,14.0,6.090571
-68.0,-62.0,14.0,6.096302
-68.0,-60.0,14.0,6.17936
-68.0,-58.0,14.0,5.9124703
-68.0,-56.0,14.0,5.728846
-68.0,-54.0,14.0,5.9843707
-68.0,-52.0,14.0,6.2286625
-68.0,-50.0,14.0,6.18452
-68.0,-48.0,14.0,6.134831
-68.0,-46.0,14.0,6.141278
-68.0,-44.0,14.0,6.242927
-68.0,-42.0,14.0,6.2654204
-68.0,-40.0,14.0,6.3006487
-68.0,-38.0,14.0,6.2676587
-68.0,-36.0,14.0,6.2890716
-68.0,-34.0,14.0,6.4287853
-68.0,-32.0,14.0,6.537526
-68.0,-30.0,14.0,6.5632143
-68.0,-28.0,14.0,6.822744
-68.0,-26.0,14.0,6.9962697
-68.0,-24.0,14.0,6.9824986
-68.0,-22.0,14.0,6.957265
-68.0,-20.0,14.0,6.835257
-68.0,-18.0,14.0,6.8649526
-68.0,-16.0,14.0,6.8669786
-68.0,-14.0,14.0,6.800469
-68.0,-12.0,14.0,6.982739
-68.0,-10.0,14.0,7.031954
-68.0,-8.0,14.0,7.0577655
-68.0,-6.0,14.0,6.960365
-68.0,-4.0,14.0,6.93244
-68.0,-2.0,14.0,6.8905745
-68.0,0.0,14.0,6.763932
-68.0,2.0,14.0,6.8427634
-68.0,4.0,14.0,6.747842
-68.0,6.0,14.0,6.73938
-68.0,8.0,14.0,6.9250383
-68.0,10.0,14.0,6.928338
-68.0,12.0,14.0,7.03152
-68.0,14.0,14.0,7.0199733
-68.0,16.0,14.0,6.9217815
-68.0,18.0,14.0,6.9085293
-68.0,20.0,14.0,7.064667
-68.0,22.0,14.0,7.348085
-68.0,24.0,14.0,7.477762
-68.0,26.0,14.0,7.394708
-68.0,28.0,14.0,7.221148
-68.0,30.0,14.0,6.9531946
-68.0,32.0,14.0,6.6616874
-68.0,34.0,14.0,6.4808598
-68.0,36.0,14.0,6.5891194
-68.0,38.0,14.0,6.711056
-68.0,40.0,14.0,6.9518313
-68.0,42.0,14.0,7.0912423
-68.0,44.0,14.0,7.245969
-68.0,46.0,14.0,7.312072
-68.0,48.0,14.0,7.1127787
-68.0,50.0,14.0,6.820127
-68.0,52.0,14.0,6.7134123
-68.0,54.0,14.0,6.636441
-68.0,56.0,14.0,6.590698
-68.0,58.0,14.0,6.631795
-68.0,60.0,14.0,6.7247834
-68.0,62.0,14.0,6.8995643
-68.0,64.0,14.0,6.9112363
-68.0,66.0,14.0,6.977496
-68.0,68.0,14.0,6.98813
-68.0,70.0,14.0,6.801369
-68.0,72.0,14.0,6.874828
-68.0,74.0,14.0,7.0013433
-68.0,76.0,14.0,6.961991
-68.0,78.0,14.0,6.867022
-68.0,80.0,14.0,6.8607426
-68.0,82.0,14.0,6.9157934
-68.0,84.0,14.0,7.0794435
-68.0,86.0,14.0,7.0284357
-68.0,88.0,14.0,6.7115307
-68.0,90.0,14.0,6.8170385
-68.0,92.0,14.0,6.845577
-68.0,94.0,14.0,7.0044637
-68.0,96.0,14.0,7.229671
-68.0,98.0,14.0,7.0537777
-68.0,100.0,14.0,6.898989
-68.0,102.0,14.0,7.046224
-68.0,104.0,14.0,7.149361
-68.0,106.0,14.0,7.102318
-68.0,108.0,14.0,6.864222
-68.0,110.0,14.0,6.7826023
-68.0,112.0,14.0,6.8466964
-68.0,114.0,14.0,6.9610834
-68.0,116.0,14.0,6.9000864
-68.0,118.0,14.0,6.8349614
-68.0,120.0,14.0,6.7458696
-68.0,122.0,14.0,6.719338
-68.0,124.0,14.0,6.762322
-68.0,126.0,14.0,6.8096294
-68.0,128.0,14.0,6.741072
-68.0,130.0,14.0,6.770388
-68.0,132.0,14.0,7.000569
-68.0,134.0,14.0,7.173787
-68.0,136.0,14.0,7.1252766
-68.0,138.0,14.0,6.9562874
-68.0,140.0,14.0,6.834339
-68.0,142.0,14.0,6.7814593
-68.0,144.0,14.0,6.7741327
-68.0,146.0,14.0,6.7208357
-68.0,148.0,14.0,6.710875
-68.0,150.0,14.0,6.6610265
-68.0,152.0,14.0,6.6046824
-68.0,154.0,14.0,6.756977
-68.0,156.0,14.0,6.930194
-68.0,158.0,14.0,6.935767
-68.0,160.0,14.0,6.7703543
-68.0,162.0,14.0,6.6059093
-68.0,164.0,14.0,6.600404
-68.0,166.0,14.0,6.674641
-68.0,168.0,14.0,6.554167
-68.0,170.0,14.0,6.670349
-68.0,172.0,14.0,6.9709954
-68.0,174.0,14.0,6.858465
-68.0,176.0,14.0,6.699547
-68.0,178.0,14.0,6.6538887
-68.0,180.0,14.0,6.6611753
-66.0,-180.0,14.0,7.00659
-66.0,-178.0,14.0,6.9157295
-66.0,-176.0,14.0,6.87679
-66.0,-174.0,14.0,7.074596
-66.0,-172.0,14.0,7.1358333
-66.0,-170.0,14.0,6.9905405
-66.0,-168.0,14.0,7.028403
-66.0,-166.0,14.0,7.008174
-66.0,-164.0,14.0,6.9126024
-66.0,-162.0,14.0,6.8660913
-66.0,-160.0,14.0,7.0932965
-66.0,-158.0,14.0,7.349418
-66.0,-156.0,14.0,7.2752547
-66.0,-154.0,14.0,7.1328278
-66.0,-152.0,14.0,7.0882196
-66.0,-150.0,14.0,6.9862022
-66.0,-148.0,14.0,6.7330184
-66.0,-146.0,14.0,6.5626025
-66.0,-144.0,14.0,6.5320396
-66.0,-142.0,14.0,6.671757
-66.0,-140.0,14.0,6.945834
-66.0,-138.0,14.0,7.0852056
-66.0,-136.0,14.0,6.981296
-66.0,-134.0,14.0,6.8117323
-66.0,-132.0,14.0,6.7376986
-66.0,-130.0,14.0,6.8744907
-66.0,-128.0,14.0,6.6763225
-66.0,-126.0,14.0,6.418312
-66.0,-124.0,14.0,6.351849
-66.0,-122.0,14.0,6.564284
-66.0,-120.0,14.0,6.8601165
-66.0,-118.0,14.0,6.8421435
-66.0,-116.0,14.0,6.793254
-66.0,-114.0,14.0,6.9783406
-66.0,-112.0,14.0,7.0515037
-66.0,-110.0,14.0,6.895084
-66.0,-108.0,14.0,6.787912
-66.0,-106.0,14.0,6.9224424
-66.0,-104.0,14.0,6.9009485
-66.0,-102.0,14.0,6.7171144
-66.0,-100.0,14.0,6.8419895
-66.0,-98.0,14.0,7.293061
-66.0,-96.0,14.0,7.1551147
-66.0,-94.0,14.0,6.9310803
-66.0,-92.0,14.0,6.902686
-66.0,-90.0,14.0,6.7131233
-66.0,-88.0,14.0,6.51548
-66.0,-86.0,14.0,6.540178
-66.0,-84.0,14.0,6.72326
-66.0,-82.0,14.0,6.931841
-66.0,-80.0,14.0,6.647997
-66.0,-78.0,14.0,6.599957
-66.0,-76.0,14.0,6.6553283
-66.0,-74.0,14.0,6.527462
-66.0,-72.0,14.0,6.440074
-66.0,-70.0,14.0,6.6204386
-66.0,-68.0,14.0,6.8539343
-66.0,-66.0,14.0,6.6979785
-66.0,-64.0,14.0,6.508831
-66.0,-62.0,14.0,6.5703025
-66.0,-60.0,14.0,6.5748
-66.0,-58.0,14.0,6.2812433
-66.0,-56.0,14.0,6.230615
-66.0,-54.0,14.0,6.5204134
-66.0,-52.0,14.0,6.6664433
-66.0,-50.0,14.0,6.6165695
-66.0,-48.0,14.0,6.644696
-66.0,-46.0,14.0,6.749022
-66.0,-44.0,14.0,6.818476
-66.0,-42.0,14.0,6.7713304
-66.0,-40.0,14.0,6.7864246
-66.0,-38.0,14.0,6.801746
-66.0,-36.0,14.0,6.8602185
-66.0,-34.0,14.0,6.89134
-66.0,-32.0,14.0,6.9311666
-66.0,-30.0,14.0,7.076577
-66.0,-28.0,14.0,7.2544084
-66.0,-26.0,14.0,7.341211
-66.0,-24.0,14.0,7.2882504
-66.0,-22.0,14.0,7.2806168
-66.0,-20.0,14.0,7.0993686
-66.0,-18.0,14.0,7.108396
-66.0,-16.0,14.0,7.135373
-66.0,-14.0,14.0,6.996448
-66.0,-12.0,14.0,7.220611
-66.0,-10.0,14.0,7.1925545
-66.0,-8.0,14.0,7.2834907
-66.0,-6.0,14.0,7.2298994
-66.0,-4.0,14.0,7.1198487
-66.0,-2.0,14.0,7.002896
-66.0,0.0,14.0,7.054812
-66.0,2.0,14.0,7.11701
-66.0,4.0,14.0,7.0250893
-66.0,6.0,14.0,7.097311
-66.0,8.0,14.0,7.2574663
-66.0,10.0,14.0,7.2416883
-66.0,12.0,14.0,7.3585258
-66.0,14.0,14.0,7.391026
-66.0,16.0,14.0,7.217954
-66.0,18.0,14.0,7.225043
-66.0,20.0,14.0,7.2905173
-66.0,22.0,14.0,7.6354027
-66.0,24.0,14.0,7.7681284
-66.0,26.0,14.0,7.612467
-66.0,28.0,14.0,7.4009376
-66.0,30.0,14.0,7.114317
-66.0,32.0,14.0,6.826054
-66.0,34.0,14.0,6.6999927
-66.0,36.0,14.0,6.8594913
-66.0,38.0,14.0,6.9588017
-66.0,40.0,14.0,7.131537
-66.0,42.0,14.0,7.3272214
-66.0,44.0,14.0,7.523413
-66.0,46.0,14.0,7.5673184
-66.0,48.0,14.0,7.3969617
-66.0,50.0,14.0,7.081389
-66.0,52.0,14.0,6.926272
-66.0,54.0,14.0,6.9286146
-66.0,56.0,14.0,6.9023027
-66.0,58.0,14.0,6.9372315
-66.0,60.0,14.0,6.9882727
-66.0,62.0,14.0,7.201413
-66.0,64.0,14.0,7.1177626
-66.0,66.0,14.0,7.187745
-66.0,68.0,14.0,7.0894814
-66.0,70.0,14.0,7.0243907
-66.0,72.0,14.0,7.089423
-66.0,74.0,14.0,7.135408
-66.0,76.0,14.0,7.122577
-66.0,78.0,14.0,7.11574
-66.0,80.0,14.0,7.123257
-66.0,82.0,14.0,7.126229
-66.0,84.0,14.0,7.260624
-66.0,86.0,14.0,7.3244486
-66.0,88.0,14.0,6.994767
-66.0,90.0,14.0,7.1942115
-66.0,92.0,14.0,7.3412995
-66.0,94.0,14.0,7.268718
-66.0,96.0,14.0,7.449094
-66.0,98.0,14.0,7.3049316
-66.0,100.0,14.0,7.0970936
-66.0,102.0,14.0,7.2918406
-66.0,104.0,14.0,7.3822646
-66.0,106.0,14.0,7.240003
-66.0,108.0,14.0,7.010298
-66.0,110.0,14.0,7.066724
-66.0,112.0,14.0,7.077019
-66.0,114.0,14.0,7.2696095
-66.0,116.0,14.0,7.267069
-66.0,118.0,14.0,7.1537747
-66.0,120.0,14.0,7.108515
-66.0,122.0,14.0,6.9796815
-66.0,124.0,14.0,6.99902
-66.0,126.0,14.0,7.109327
-66.0,128.0,14.0,7.1215396
-66.0,130.0,14.0,7.135362
-66.0,132.0,14.0,7.2290816
-66.0,134.0,14.0,7.327983
-66.0,136.0,14.0,7.2979956
-66.0,138.0,14.0,7.2184954
-66.0,140.0,14.0,7.1428995
-66.0,142.0,14.0,7.116393
-66.0,144.0,14.0,7.129909
-66.0,146.0,14.0,7.075547
-66.0,148.0,14.0,7.0181174
-66.0,150.0,14.0,6.996675
-66.0,152.0,14.0,6.84347
-66.0,154.0,14.0,6.929211
-66.0,156.0,14.0,7.2302914
-66.0,158.0,14.0,7.367861
-66.0,160.0,14.0,7.0480285
-66.0,162.0,14.0,7.0392237
-66.0,164.0,14.0,6.999796
-66.0,166.0,14.0,6.9486103
-66.0,168.0,14.0,6.9770293
-66.0,170.0,14.0,6.993523
-66.0,172.0,14.0,7.390804
-66.0,174.0,14.0,7.3583126
-66.0,176.0,14.0,7.0716352
-66.0,178.0,14.0,7.1326404
-66.0,180.0,14.0,7.00659
-64.0,-180.0,14.0,7.8731346
-64.0,-178.0,14.0,7.501134
-64.0,-176.0,14.0,7.4513693
-64.0,-174.0,14.0,7.8267646
-64.0,-172.0,14.0,7.870391
-64.0,-170.0,14.0,7.7444525
-64.0,-168.0,14.0,7.839294
-64.0,-166.0,14.0,7.792016
-64.0,-164.0,14.0,7.501814
-64.0,-162.0,14.0,7.482538
-64.0,-160.0,14.0,7.9031467
-64.0,-158.0,14.0,8.162893
-64.0,-156.0,14.0,8.087886
-64.0,-154.0,14.0,7.9563193
-64.0,-152.0,14.0,7.8994865
-64.0,-150.0,14.0,7.762019
-64.0,-148.0,14.0,7.6192417
-64.0,-146.0,14.0,7.4469204
-64.0,-144.0,14.0,7.4738355
-64.0,-142.0,14.0,7.578039
-64.0,-140.0,14.0,7.69
-64.0,-138.0,14.0,7.957886
-64.0,-136.0,14.0,7.9047503
-64.0,-134.0,14.0,7.8326545
-64.0,-132.0,14.0,7.7271786
-64.0,-130.0,14.0,7.833164
-64.0,-128.0,14.0,7.5729856
-64.0,-126.0,14.0,7.1499767
-64.0,-124.0,14.0,7.145067
-64.0,-122.0,14.0,7.363446
-64.0,-120.0,14.0,7.6459703
-64.0,-118.0,14.0,7.684621
-64.0,-116.0,14.0,7.804049
-64.0,-114.0,14.0,8.077479
-64.0,-112.0,14.0,7.932261
-64.0,-110.0,14.0,7.549111
-64.0,-108.0,14.0,7.369227
-64.0,-106.0,14.0,7.319367
-64.0,-104.0,14.0,7.3657126
-64.0,-102.0,14.0,7.219583
-64.0,-100.0,14.0,7.339397
-64.0,-98.0,14.0,7.703473
-64.0,-96.0,14.0,7.5755877
-64.0,-94.0,14.0,7.3492184
-64.0,-92.0,14.0,7.3498316
-64.0,-90.0,14.0,7.1672726
-64.0,-88.0,14.0,7.121568
-64.0,-86.0,14.0,7.234403
-64.0,-84.0,14.0,7.3993216
-64.0,-82.0,14.0,7.3284993
-64.0,-80.0,14.0,7.069368
-64.0,-78.0,14.0,7.031426
-64.0,-76.0,14.0,6.9866095
-64.0,-74.0,14.0,6.9209027
-64.0,-72.0,14.0,6.9089065
-64.0,-70.0,14.0,7.0091715
-64.0,-68.0,14.0,7.0483394
-64.0,-66.0,14.0,6.8517585
-64.0,-64.0,14.0,6.963752
-64.0,-62.0,14.0,7.043806
-64.0,-60.0,14.0,7.0390654
-64.0,-58.0,14.0,7.0321527
-64.0,-56.0,14.0,6.867848
-64.0,-54.0,14.0,7.058943
-64.0,-52.0,14.0,7.2956243
-64.0,-50.0,14.0,7.2954226
-64.0,-48.0,14.0,7.1469975
-64.0,-46.0,14.0,7.1341677
-64.0,-44.0,14.0,7.165887
-64.0,-42.0,14.0,7.198542
-64.0,-40.0,14.0,7.336232
-64.0,-38.0,14.0,7.323041
-64.0,-36.0,14.0,7.369486
-64.0,-34.0,14.0,7.3785577
-64.0,-32.0,14.0,7.29667
-64.0,-30.0,14.0,7.533946
-64.0,-28.0,14.0,7.8089976
-64.0,-26.0,14.0,7.852064
-64.0,-24.0,14.0,7.7786775
-64.0,-22.0,14.0,7.759003
-64.0,-20.0,14.0,7.6152625
-64.0,-18.0,14.0,7.510701
-64.0,-16.0,14.0,7.5488424
-64.0,-14.0,14.0,7.651979
-64.0,-12.0,14.0,7.6950436
-64.0,-10.0,14.0,7.762963
-64.0,-8.0,14.0,7.8912077
-64.0,-6.0,14.0,7.844026
-64.0,-4.0,14.0,7.708476
-64.0,-2.0,14.0,7.7376795
-64.0,0.0,14.0,7.8116627
-64.0,2.0,14.0,7.7185154
-64.0,4.0,14.0,7.6613255
-64.0,6.0,14.0,7.715746
-64.0,8.0,14.0,7.864435
-64.0,10.0,14.0,7.7823133
-64.0,12.0,14.0,7.8808103
-64.0,14.0,14.0,7.87526
-64.0,16.0,14.0,7.713559
-64.0,18.0,14.0,7.7005534
-64.0,20.0,14.0,7.749563
-64.0,22.0,14.0,8.170374
-64.0,24.0,14.0,8.43304
-64.0,26.0,14.0,8.204466
-64.0,28.0,14.0,8.048214
-64.0,30.0,14.0,7.852888
-64.0,32.0,14.0,7.579259
-64.0,34.0,14.0,7.3638444
-64.0,36.0,14.0,7.5612173
-64.0,38.0,14.0,7.579705
-64.0,40.0,14.0,7.716298
-64.0,42.0,14.0,7.9007764
-64.0,44.0,14.0,8.1674795
-64.0,46.0,14.0,8.162825
-64.0,48.0,14.0,7.932815
-64.0,50.0,14.0,7.837231
-64.0,52.0,14.0,7.7717075
-64.0,54.0,14.0,7.762526
-64.0,56.0,14.0,7.592259
-64.0,58.0,14.0,7.6318684
-64.0,60.0,14.0,7.870601
-64.0,62.0,14.0,8.257105
-64.0,64.0,14.0,8.248646
-64.0,66.0,14.0,8.345848
-64.0,68.0,14.0,8.284484
-64.0,70.0,14.0,7.996781
-64.0,72.0,14.0,7.7421727
-64.0,74.0,14.0,7.7059712
-64.0,76.0,14.0,7.72079
-64.0,78.0,14.0,7.9262547
-64.0,80.0,14.0,7.8007226
-64.0,82.0,14.0,7.9827228
-64.0,84.0,14.0,8.255957
-64.0,86.0,14.0,7.8441963
-64.0,88.0,14.0,7.589266
-64.0,90.0,14.0,7.9305816
-64.0,92.0,14.0,8.250121
-64.0,94.0,14.0,8.2379265
-64.0,96.0,14.0,8.238938
-64.0,98.0,14.0,8.254902
-64.0,100.0,14.0,7.844619
-64.0,102.0,14.0,7.6551123
-64.0,104.0,14.0,7.737113
-64.0,106.0,14.0,7.81408
-64.0,108.0,14.0,7.8080873
-64.0,110.0,14.0,7.9036627
-64.0,112.0,14.0,7.996436
-64.0,114.0,14.0,8.176621
-64.0,116.0,14.0,8.01047
-64.0,118.0,14.0,7.7485657
-64.0,120.0,14.0,7.6441236
-64.0,122.0,14.0,7.6397657
-64.0,124.0,14.0,7.735132
-64.0,126.0,14.0,7.744392
-64.0,128.0,14.0,7.668072
-64.0,130.0,14.0,7.7079887
-64.0,132.0,14.0,7.7647696
-64.0,134.0,14.0,7.6702538
-64.0,136.0,14.0,7.6358924
-64.0,138.0,14.0,7.6271677
-64.0,140.0,14.0,7.723828
-64.0,142.0,14.0,7.8875923
-64.0,144.0,14.0,7.811435
-64.0,146.0,14.0,7.785663
-64.0,148.0,14.0,7.7953997
-64.0,150.0,14.0,7.795385
-64.0,152.0,14.0,7.6034446
-64.0,154.0,14.0,7.5017457
-64.0,156.0,14.0,7.8901596
-64.0,158.0,14.0,8.11334
-64.0,160.0,14.0,7.889439
-64.0,162.0,14.0,7.835297
-64.0,164.0,14.0,7.855673
-64.0,166.0,14.0,7.7384024
-64.0,168.0,14.0,7.608497
-64.0,170.0,14.0,7.837612
-64.0,172.0,14.0,8.260451
-64.0,174.0,14.0,8.22933
-64.0,176.0,14.0,7.8911605
-64.0,178.0,14.0,8.096214
-64.0,180.0,14.0,7.8731346
-62.0,-180.0,14.0,8.084969
-62.0,-178.0,14.0,7.730221
-62.0,-176.0,14.0,7.712307
-62.0,-174.0,14.0,7.927058
-62.0,-172.0,14.0,8.02036
-62.0,-170.0,14.0,7.840864
-62.0,-168.0,14.0,7.7327495
-62.0,-166.0,14.0,7.682694
-62.0,-164.0,14.0,7.499893
-62.0,-162.0,14.0,7.5460515
-62.0,-160.0,14.0,7.821788
-62.0,-158.0,14.0,8.13407
-62.0,-156.0,14.0,8.055215
-62.0,-154.0,14.0,7.906669
-62.0,-152.0,14.0,7.8611116
-62.0,-150.0,14.0,7.734123
-62.0,-148.0,14.0,7.5609217
-62.0,-146.0,14.0,7.5105186
-62.0,-144.0,14.0,7.612262
-62.0,-142.0,14.0,7.754744
-62.0,-140.0,14.0,7.720932
-62.0,-138.0,14.0,7.6017265
-62.0,-136.0,14.0,7.6041737
-62.0,-134.0,14.0,7.489404
-62.0,-132.0,14.0,7.5166736
-62.0,-130.0,14.0,7.6801186
-62.0,-128.0,14.0,7.447178
-62.0,-126.0,14.0,7.1293397
-62.0,-124.0,14.0,7.0829153
-62.0,-122.0,14.0,7.194642
-62.0,-120.0,14.0,7.405368
-62.0,-118.0,14.0,7.448078
-62.0,-116.0,14.0,7.5722995
-62.0,-114.0,14.0,7.791765
-62.0,-112.0,14.0,7.578025
-62.0,-110.0,14.0,7.1968
-62.0,-108.0,14.0,7.020864
-62.0,-106.0,14.0,6.8640556
-62.0,-104.0,14.0,6.8530664
-62.0,-102.0,14.0,6.8770547
-62.0,-100.0,14.0,7.023731
-62.0,-98.0,14.0,7.1679173
-62.0,-96.0,14.0,7.2285457
-62.0,-94.0,14.0,7.035055
-62.0,-92.0,14.0,6.919064
-62.0,-90.0,14.0,6.7275243
-62.0,-88.0,14.0,6.7325106
-62.0,-86.0,14.0,6.9217567
-62.0,-84.0,14.0,7.0456376
-62.0,-82.0,14.0,6.8856263
-62.0,-80.0,14.0,6.6590686
-62.0,-78.0,14.0,6.641876
-62.0,-76.0,14.0,6.6134405
-62.0,-74.0,14.0,6.5570245
-62.0,-72.0,14.0,6.5225863
-62.0,-70.0,14.0,6.705063
-62.0,-68.0,14.0,6.69239
-62.0,-66.0,14.0,6.6514554
-62.0,-64.0,14.0,6.6187596
-62.0,-62.0,14.0,6.7465725
-62.0,-60.0,14.0,6.735859
-62.0,-58.0,14.0,6.5847883
-62.0,-56.0,14.0,6.459949
-62.0,-54.0,14.0,6.752961
-62.0,-52.0,14.0,6.937679
-62.0,-50.0,14.0,6.962835
-62.0,-48.0,14.0,6.7544274
-62.0,-46.0,14.0,6.696019
-62.0,-44.0,14.0,6.893393
-62.0,-42.0,14.0,6.9635005
-62.0,-40.0,14.0,7.07963
-62.0,-38.0,14.0,7.118813
-62.0,-36.0,14.0,7.167741
-62.0,-34.0,14.0,7.3280973
-62.0,-32.0,14.0,7.39742
-62.0,-30.0,14.0,7.333025
-62.0,-28.0,14.0,7.5863514
-62.0,-26.0,14.0,7.6459613
-62.0,-24.0,14.0,7.7553635
-62.0,-22.0,14.0,7.8106923
-62.0,-20.0,14.0,7.7909107
-62.0,-18.0,14.0,7.8049846
-62.0,-16.0,14.0,7.887696
-62.0,-14.0,14.0,7.9349203
-62.0,-12.0,14.0,7.873099
-62.0,-10.0,14.0,7.960131
-62.0,-8.0,14.0,8.107613
-62.0,-6.0,14.0,8.223968
-62.0,-4.0,14.0,8.142581
-62.0,-2.0,14.0,8.2092285
-62.0,0.0,14.0,8.024432
-62.0,2.0,14.0,7.8863626
-62.0,4.0,14.0,7.8416758
-62.0,6.0,14.0,7.9326863
-62.0,8.0,14.0,8.097189
-62.0,10.0,14.0,8.055914
-62.0,12.0,14.0,8.157216
-62.0,14.0,14.0,8.118581
-62.0,16.0,14.0,8.017064
-62.0,18.0,14.0,7.9709983
-62.0,20.0,14.0,8.034301
-62.0,22.0,14.0,8.441233
-62.0,24.0,14.0,8.559233
-62.0,26.0,14.0,8.397746
-62.0,28.0,14.0,8.303256
-62.0,30.0,14.0,8.131647
-62.0,32.0,14.0,7.9398637
-62.0,34.0,14.0,7.7409935
-62.0,36.0,14.0,7.7445855
-62.0,38.0,14.0,7.724889
-62.0,40.0,14.0,7.901995
-62.0,42.0,14.0,8.035412
-62.0,44.0,14.0,8.106144
-62.0,46.0,14.0,8.222006
-62.0,48.0,14.0,7.9679027
-62.0,50.0,14.0,8.098894
-62.0,52.0,14.0,8.161515
-62.0,54.0,14.0,8.0964365
-62.0,56.0,14.0,7.7775908
-62.0,58.0,14.0,7.8838677
-62.0,60.0,14.0,8.186185
-62.0,62.0,14.0,8.675307
-62.0,64.0,14.0,8.6672735
-62.0,66.0,14.0,8.753349
-62.0,68.0,14.0,8.702557
-62.0,70.0,14.0,8.310275
-62.0,72.0,14.0,7.979136
-62.0,74.0,14.0,7.9414744
-62.0,76.0,14.0,7.8163815
-62.0,78.0,14.0,8.04862
-62.0,80.0,14.0,8.161134
-62.0,82.0,14.0,8.453573
-62.0,84.0,14.0,8.783144
-62.0,86.0,14.0,8.361676
-62.0,88.0,14.0,8.12806
-62.0,90.0,14.0,8.340754
-62.0,92.0,14.0,8.588335
-62.0,94.0,14.0,8.594923
-62.0,96.0,14.0,8.768908
-62.0,98.0,14.0,8.70698
-62.0,100.0,14.0,8.156796
-62.0,102.0,14.0,7.86401
-62.0,104.0,14.0,7.7976584
-62.0,106.0,14.0,7.884708
-62.0,108.0,14.0,7.997195
-62.0,110.0,14.0,8.174939
-62.0,112.0,14.0,8.452094
-62.0,114.0,14.0,8.742706
-62.0,116.0,14.0,8.437273
-62.0,118.0,14.0,8.158301
-62.0,120.0,14.0,7.9494743
-62.0,122.0,14.0,7.930597
-62.0,124.0,14.0,7.7533445
-62.0,126.0,14.0,7.780588
-62.0,128.0,14.0,7.9234624
-62.0,130.0,14.0,8.024717
-62.0,132.0,14.0,7.8264384
-62.0,134.0,14.0,7.7186275
-62.0,136.0,14.0,7.5453734
-62.0,138.0,14.0,7.5297027
-62.0,140.0,14.0,7.8177476
-62.0,142.0,14.0,7.918116
-62.0,144.0,14.0,7.784436
-62.0,146.0,14.0,7.7339997
-62.0,148.0,14.0,7.819843
-62.0,150.0,14.0,7.9549956
-62.0,152.0,14.0,7.905044
-62.0,154.0,14.0,7.803435
-62.0,156.0,14.0,8.2443695
-62.0,158.0,14.0,8.255418
-62.0,160.0,14.0,8.069964
-62.0,162.0,14.0,7.8890367
-62.0,164.0,14.0,7.8436575
-62.0,166.0,14.0,7.9145565
-62.0,168.0,14.0,7.759266
-62.0,170.0,14.0,7.8916326
-62.0,172.0,14.0,8.227021
-62.0,174.0,14.0,8.329679
-62.0,176.0,14.0,8.09467
-62.0,178.0,14.0,8.1900015
-62.0,180.0,14.0,8.084969
-60.0,-180.0,14.0,7.4366245
-60.0,-178.0,14.0,7.101314
-60.0,-176.0,14.0,7.1437616
-60.0,-174.0,14.0,7.5532694
-60.0,-172.0,14.0,7.6345673
-60.0,-170.0,14.0,7.474659
-60.0,-168.0,14.0,7.4102354
-60.0,-166.0,14.0,7.3169355
-60.0,-164.0,14.0,7.109689
-60.0,-162.0,14.0,7.1349945
-60.0,-160.0,14.0,7.485477
-60.0,-158.0,14.0,7.7224894
-60.0,-156.0,14.0,7.520214
-60.0,-154.0,14.0,7.4433684
-60.0,-152.0,14.0,7.504347
-60.0,-150.0,14.0,7.4317822
-60.0,-148.0,14.0,7.252988
-60.0,-146.0,14.0,7.1442275
-60.0,-144.0,14.0,7.1431236
-60.0,-142.0,14.0,7.289786
-60.0,-140.0,14.0,7.3717685
-60.0,-138.0,14.0,7.3398967
-60.0,-136.0,14.0,7.1894584
-60.0,-134.0,14.0,7.121553
-60.0,-132.0,14.0,7.039387
-60.0,-130.0,14.0,7.22381
-60.0,-128.0,14.0,7.242352
-60.0,-126.0,14.0,6.994284
-60.0,-124.0,14.0,6.7855997
-60.0,-122.0,14.0,6.757352
-60.0,-120.0,14.0,7.043347
-60.0,-118.0,14.0,7.0913577
-60.0,-116.0,14.0,7.1690354
-60.0,-114.0,14.0,7.305023
-60.0,-112.0,14.0,7.171563
-60.0,-110.0,14.0,6.788707
-60.0,-108.0,14.0,6.6144757
-60.0,-106.0,14.0,6.6267476
-60.0,-104.0,14.0,6.601408
-60.0,-102.0,14.0,6.499788
-60.0,-100.0,14.0,6.560019
-60.0,-98.0,14.0,6.6921363
-60.0,-96.0,14.0,6.746042
-60.0,-94.0,14.0,6.5780425
-60.0,-92.0,14.0,6.360659
-60.0,-90.0,14.0,6.2501082
-60.0,-88.0,14.0,6.1800737
-60.0,-86.0,14.0,6.4467196
-60.0,-84.0,14.0,6.569055
-60.0,-82.0,14.0,6.30605
-60.0,-80.0,14.0,6.139052
-60.0,-78.0,14.0,6.1348834
-60.0,-76.0,14.0,6.0789104
-60.0,-74.0,14.0,5.9777904
-60.0,-72.0,14.0,6.0499926
-60.0,-70.0,14.0,6.2057133
-60.0,-68.0,14.0,6.195076
-60.0,-66.0,14.0,6.1865516
-60.0,-64.0,14.0,6.3057966
-60.0,-62.0,14.0,6.3467627
-60.0,-60.0,14.0,6.3356986
-60.0,-58.0,14.0,6.039922
-60.0,-56.0,14.0,6.0016885
-60.0,-54.0,14.0,6.3124084
-60.0,-52.0,14.0,6.616085
-60.0,-50.0,14.0,6.4989324
-60.0,-48.0,14.0,6.3336554
-60.0,-46.0,14.0,6.3086815
-60.0,-44.0,14.0,6.5093155
-60.0,-42.0,14.0,6.604454
-60.0,-40.0,14.0,6.742118
-60.0,-38.0,14.0,6.723445
-60.0,-36.0,14.0,6.653964
-60.0,-34.0,14.0,6.795364
-60.0,-32.0,14.0,6.9746194
-60.0,-30.0,14.0,7.011408
-60.0,-28.0,14.0,7.1673717
-60.0,-26.0,14.0,7.227855
-60.0,-24.0,14.0,7.3640375
-60.0,-22.0,14.0,7.428588
-60.0,-20.0,14.0,7.238286
-60.0,-18.0,14.0,7.2270823
-60.0,-16.0,14.0,7.3701415
-60.0,-14.0,14.0,7.322408
-60.0,-12.0,14.0,7.2109647
-60.0,-10.0,14.0,7.3164654
-60.0,-8.0,14.0,7.462602
-60.0,-6.0,14.0,7.561756
-60.0,-4.0,14.0,7.3801255
-60.0,-2.0,14.0,7.5316815
-60.0,0.0,14.0,7.390573
-60.0,2.0,14.0,7.20629
-60.0,4.0,14.0,7.1646776
-60.0,6.0,14.0,7.367794
-60.0,8.0,14.0,7.42636
-60.0,10.0,14.0,7.425868
-60.0,12.0,14.0,7.614259
-60.0,14.0,14.0,7.6464825
-60.0,16.0,14.0,7.417741
-60.0,18.0,14.0,7.2946043
-60.0,20.0,14.0,7.461136
-60.0,22.0,14.0,7.8923326
-60.0,24.0,14.0,7.9597497
-60.0,26.0,14.0,7.8129606
-60.0,28.0,14.0,7.8304677
-60.0,30.0,14.0,7.490413
-60.0,32.0,14.0,7.042546
-60.0,34.0,14.0,6.87293
-60.0,36.0,14.0,7.127447
-60.0,38.0,14.0,7.368595
-60.0,40.0,14.0,7.466987
-60.0,42.0,14.0,7.4470677
-60.0,44.0,14.0,7.3189263
-60.0,46.0,14.0,7.6024513
-60.0,48.0,14.0,7.571915
-60.0,50.0,14.0,7.475896
-60.0,52.0,14.0,7.433639
-60.0,54.0,14.0,7.216094
-60.0,56.0,14.0,7.082385
-60.0,58.0,14.0,7.2383265
-60.0,60.0,14.0,7.481152
-60.0,62.0,14.0,7.7796273
-60.0,64.0,14.0,7.803336
-60.0,66.0,14.0,7.8108783
-60.0,68.0,14.0,7.7173634
-60.0,70.0,14.0,7.470716
-60.0,72.0,14.0,7.2290287
-60.0,74.0,14.0,7.231893
-60.0,76.0,14.0,7.125035
-60.0,78.0,14.0,7.189946
-60.0,80.0,14.0,7.4632444
-60.0,82.0,14.0,7.800568
-60.0,84.0,14.0,7.9885125
-60.0,86.0,14.0,7.557627
-60.0,88.0,14.0,7.443617
-60.0,90.0,14.0,7.479709
-60.0,92.0,14.0,7.4787
-60.0,94.0,14.0,7.684542
-60.0,96.0,14.0,8.014157
-60.0,98.0,14.0,7.886637
-60.0,100.0,14.0,7.4846187
-60.0,102.0,14.0,7.2537575
-60.0,104.0,14.0,7.2250643
-60.0,106.0,14.0,7.149476
-60.0,108.0,14.0,7.2999682
-60.0,110.0,14.0,7.440173
-60.0,112.0,14.0,7.744569
-60.0,114.0,14.0,7.931024
-60.0,116.0,14.0,7.6451883
-60.0,118.0,14.0,7.4412923
-60.0,120.0,14.0,7.458769
-60.0,122.0,14.0,7.2353973
-60.0,124.0,14.0,7.1478333
-60.0,126.0,14.0,7.2693763
-60.0,128.0,14.0,7.3583856
-60.0,130.0,14.0,7.4669785
-60.0,132.0,14.0,7.278368
-60.0,134.0,14.0,7.30776
-60.0,136.0,14.0,7.149969
-60.0,138.0,14.0,7.1777964
-60.0,140.0,14.0,7.4481134
-60.0,142.0,14.0,7.3495836
-60.0,144.0,14.0,7.1219316
-60.0,146.0,14.0,7.0863857
-60.0,148.0,14.0,7.300111
-60.0,150.0,14.0,7.450277
-60.0,152.0,14.0,7.3235326
-60.0,154.0,14.0,7.333263
-60.0,156.0,14.0,7.7213182
-60.0,158.0,14.0,7.559334
-60.0,160.0,14.0,7.4631944
-60.0,162.0,14.0,7.44249
-60.0,164.0,14.0,7.3818464
-60.0,166.0,14.0,7.532378
-60.0,168.0,14.0,7.43183
-60.0,170.0,14.0,7.488176
-60.0,172.0,14.0,7.899226
-60.0,174.0,14.0,7.8855033
-60.0,176.0,14.0,7.591973
-60.0,178.0,14.0,7.5153975
-60.0,180.0,14.0,7.4366245
-58.0,-180.0,14.0,7.56079
-58.0,-178.0,14.0,7.2534337
-58.0,-176.0,14.0,7.3300247
-58.0,-174.0,14.0,7.676977
-58.0,-172.0,14.0,7.747082
-58.0,-170.0,14.0,7.5931387
-58.0,-168.0,14.0,7.5632257
-58.0,-166.0,14.0,7.541595
-58.0,-164.0,14.0,7.3820806
-58.0,-162.0,14.0,7.372257
-58.0,-160.0,14.0,7.723537
-58.0,-158.0,14.0,7.861985
-58.0,-156.0,14.0,7.571267
-58.0,-154.0,14.0,7.4543614
-58.0,-152.0,14.0,7.509081
-58.0,-150.0,14.0,7.5117073
-58.0,-148.0,14.0,7.3746085
-58.0,-146.0,14.0,7.1886888
-58.0,-144.0,14.0,7.1767817
-58.0,-142.0,14.0,7.2545347
-58.0,-140.0,14.0,7.4765196
-58.0,-138.0,14.0,7.4945984
-58.0,-136.0,14.0,7.305227
-58.0,-134.0,14.0,7.0924063
-58.0,-132.0,14.0,7.1020875
-58.0,-130.0,14.0,7.394918
-58.0,-128.0,14.0,7.2505517
-58.0,-126.0,14.0,6.860556
-58.0,-124.0,14.0,6.744313
-58.0,-122.0,14.0,6.721674
-58.0,-120.0,14.0,7.0774374
-58.0,-118.0,14.0,7.2536345
-58.0,-116.0,14.0,7.1930776
-58.0,-114.0,14.0,7.258104
-58.0,-112.0,14.0,7.1885953
-58.0,-110.0,14.0,6.7213125
-58.0,-108.0,14.0,6.504936
-58.0,-106.0,14.0,6.72206
-58.0,-104.0,14.0,6.649639
-58.0,-102.0,14.0,6.42532
-58.0,-100.0,14.0,6.452031
-58.0,-98.0,14.0,6.662845
-58.0,-96.0,14.0,6.669755
-58.0,-94.0,14.0,6.4647403
-58.0,-92.0,14.0,6.351649
-58.0,-90.0,14.0,6.233238
-58.0,-88.0,14.0,6.235222
-58.0,-86.0,14.0,6.4140234
-58.0,-84.0,14.0,6.509296
-58.0,-82.0,14.0,6.2655683
-58.0,-80.0,14.0,6.1136374
-58.0,-78.0,14.0,6.2115865
-58.0,-76.0,14.0,6.205479
-58.0,-74.0,14.0,5.907498
-58.0,-72.0,14.0,6.0089874
-58.0,-70.0,14.0,6.327731
-58.0,-68.0,14.0,6.287232
-58.0,-66.0,14.0,6.349023
-58.0,-64.0,14.0,6.4273653
-58.0,-62.0,14.0,6.330338
-58.0,-60.0,14.0,6.318112
-58.0,-58.0,14.0,6.1200356
-58.0,-56.0,14.0,5.985974
-58.0,-54.0,14.0,6.286373
-58.0,-52.0,14.0,6.692999
-58.0,-50.0,14.0,6.5952773
-58.0,-48.0,14.0,6.5195746
-58.0,-46.0,14.0,6.366344
-58.0,-44.0,14.0,6.4692507
-58.0,-42.0,14.0,6.6707106
-58.0,-40.0,14.0,6.6762476
-58.0,-38.0,14.0,6.616046
-58.0,-36.0,14.0,6.5107865
-58.0,-34.0,14.0,6.5882115
-58.0,-32.0,14.0,6.8264117
-58.0,-30.0,14.0,6.874875
-58.0,-28.0,14.0,6.9389424
-58.0,-26.0,14.0,7.081426
-58.0,-24.0,14.0,7.184205
-58.0,-22.0,14.0,7.156319
-58.0,-20.0,14.0,6.8547144
-58.0,-18.0,14.0,6.794585
-58.0,-16.0,14.0,7.1118307
-58.0,-14.0,14.0,7.072243
-58.0,-12.0,14.0,6.9799104
-58.0,-10.0,14.0,7.066627
-58.0,-8.0,14.0,7.183874
-58.0,-6.0,14.0,7.2609572
-58.0,-4.0,14.0,6.992279
-58.0,-2.0,14.0,7.05796
-58.0,0.0,14.0,6.9857316
-58.0,2.0,14.0,6.8919444
-58.0,4.0,14.0,6.866467
-58.0,6.0,14.0,7.105059
-58.0,8.0,14.0,7.1910124
-58.0,10.0,14.0,7.107217
-58.0,12.0,14.0,7.2302423
-58.0,14.0,14.0,7.4270773
-58.0,16.0,14.0,7.168188
-58.0,18.0,14.0,6.988597
-58.0,20.0,14.0,7.191137
-58.0,22.0,14.0,7.640037
-58.0,24.0,14.0,7.7199616
-58.0,26.0,14.0,7.579808
-58.0,28.0,14.0,7.4816713
-58.0,30.0,14.0,7.1123767
-58.0,32.0,14.0,6.61173
-58.0,34.0,14.0,6.4166045
-58.0,36.0,14.0,6.68087
-58.0,38.0,14.0,6.980602
-58.0,40.0,14.0,7.285209
-58.0,42.0,14.0,7.1884093
-58.0,44.0,14.0,7.043644
-58.0,46.0,14.0,7.3492107
-58.0,48.0,14.0,7.4634757
-58.0,50.0,14.0,7.3117795
-58.0,52.0,14.0,7.086721
-58.0,54.0,14.0,6.7549515
-58.0,56.0,14.0,6.790782
-58.0,58.0,14.0,6.964221
-58.0,60.0,14.0,7.2738256
-58.0,62.0,14.0,7.409257
-58.0,64.0,14.0,7.4985023
-58.0,66.0,14.0,7.5254726
-58.0,68.0,14.0,7.4636574
-58.0,70.0,14.0,7.1597476
-58.0,72.0,14.0,6.964761
-58.0,74.0,14.0,6.835173
-58.0,76.0,14.0,6.8148794
-58.0,78.0,14.0,7.008626
-58.0,80.0,14.0,7.237252
-58.0,82.0,14.0,7.5795116
-58.0,84.0,14.0,7.5972676
-58.0,86.0,14.0,7.095249
-58.0,88.0,14.0,7.0380535
-58.0,90.0,14.0,7.14343
-58.0,92.0,14.0,7.3179264
-58.0,94.0,14.0,7.521322
-58.0,96.0,14.0,7.7891054
-58.0,98.0,14.0,7.6453176
-58.0,100.0,14.0,7.222845
-58.0,102.0,14.0,7.078209
-58.0,104.0,14.0,7.2371187
-58.0,106.0,14.0,7.173244
-58.0,108.0,14.0,7.20456
-58.0,110.0,14.0,7.306369
-58.0,112.0,14.0,7.4450884
-58.0,114.0,14.0,7.639374
-58.0,116.0,14.0,7.4295216
-58.0,118.0,14.0,7.3072615
-58.0,120.0,14.0,7.255453
-58.0,122.0,14.0,7.108154
-58.0,124.0,14.0,7.0850267
-58.0,126.0,14.0,7.1621003
-58.0,128.0,14.0,7.254169
-58.0,130.0,14.0,7.222081
-58.0,132.0,14.0,7.306396
-58.0,134.0,14.0,7.439348
-58.0,136.0,14.0,7.3342533
-58.0,138.0,14.0,7.242193
-58.0,140.0,14.0,7.3620005
-58.0,142.0,14.0,7.2429547
-58.0,144.0,14.0,7.141204
-58.0,146.0,14.0,7.0940204
-58.0,148.0,14.0,7.3144064
-58.0,150.0,14.0,7.3608694
-58.0,152.0,14.0,7.2746086
-58.0,154.0,14.0,7.4238853
-58.0,156.0,14.0,7.7867436
-58.0,158.0,14.0,7.5221148
-58.0,160.0,14.0,7.5592957
-58.0,162.0,14.0,7.619799
-58.0,164.0,14.0,7.5844884
-58.0,166.0,14.0,7.6374106
-58.0,168.0,14.0,7.5059915
-58.0,170.0,14.0,7.583559
-58.0,172.0,14.0,8.059819
-58.0,174.0,14.0,7.9541683
-58.0,176.0,14.0,7.5864778
-58.0,178.0,14.0,7.5964017
-58.0,180.0,14.0,7.56079
-56.0,-180.0,14.0,7.704096
-56.0,-178.0,14.0,7.4443464
-56.0,-176.0,14.0,7.52219
-56.0,-174.0,14.0,7.8368254
-56.0,-172.0,14.0,7.8400846
-56.0,-170.0,14.0,7.675449
-56.0,-168.0,14.0,7.6064167
-56.0,-166.0,14.0,7.6240187
-56.0,-164.0,14.0,7.4589343
-56.0,-162.0,14.0,7.34674
-56.0,-160.0,14.0,7.736838
-56.0,-158.0,14.0,7.965576
-56.0,-156.0,14.0,7.819709
-56.0,-154.0,14.0,7.547527
-56.0,-152.0,14.0,7.5392127
-56.0,-150.0,14.0,7.641117
-56.0,-148.0,14.0,7.5059986
-56.0,-146.0,14.0,7.161583
-56.0,-144.0,14.0,7.054623
-56.0,-142.0,14.0,7.269261
-56.0,-140.0,14.0,7.452203
-56.0,-138.0,14.0,7.3016877
-56.0,-136.0,14.0,6.880845
-56.0,-134.0,14.0,6.778485
-56.0,-132.0,14.0,6.970173
-56.0,-130.0,14.0,7.283056
-56.0,-128.0,14.0,7.029728
-56.0,-126.0,14.0,6.5810757
-56.0,-124.0,14.0,6.5363364
-56.0,-122.0,14.0,6.5972104
-56.0,-120.0,14.0,6.8436446
-56.0,-118.0,14.0,6.8137336
-56.0,-116.0,14.0,7.0638647
-56.0,-114.0,14.0,7.121576
-56.0,-112.0,14.0,6.7644644
-56.0,-110.0,14.0,6.2936516
-56.0,-108.0,14.0,6.1782393
-56.0,-106.0,14.0,6.262311
-56.0,-104.0,14.0,6.231331
-56.0,-102.0,14.0,6.0682755
-56.0,-100.0,14.0,6.149178
-56.0,-98.0,14.0,6.392135
-56.0,-96.0,14.0,6.4185357
-56.0,-94.0,14.0,6.1366124
-56.0,-92.0,14.0,6.0350914
-56.0,-90.0,14.0,5.9877095
-56.0,-88.0,14.0,6.06141
-56.0,-86.0,14.0,6.2247925
-56.0,-84.0,14.0,6.317934
-56.0,-82.0,14.0,6.138298
-56.0,-80.0,14.0,5.854484
-56.0,-78.0,14.0,5.888434
-56.0,-76.0,14.0,5.8470817
-56.0,-74.0,14.0,5.6575227
-56.0,-72.0,14.0,5.818475
-56.0,-70.0,14.0,5.9936585
-56.0,-68.0,14.0,6.0991488
-56.0,-66.0,14.0,6.200909
-56.0,-64.0,14.0,6.315342
-56.0,-62.0,14.0,6.373575
-56.0,-60.0,14.0,6.1606517
-56.0,-58.0,14.0,5.9621463
-56.0,-56.0,14.0,5.9670086
-56.0,-54.0,14.0,6.262518
-56.0,-52.0,14.0,6.515603
-56.0,-50.0,14.0,6.4026575
-56.0,-48.0,14.0,6.318707
-56.0,-46.0,14.0,6.269173
-56.0,-44.0,14.0,6.3554726
-56.0,-42.0,14.0,6.5871387
-56.0,-40.0,14.0,6.658604
-56.0,-38.0,14.0,6.611087
-56.0,-36.0,14.0,6.543291
-56.0,-34.0,14.0,6.546645
-56.0,-32.0,14.0,6.7397976
-56.0,-30.0,14.0,6.8463464
-56.0,-28.0,14.0,6.9582114
-56.0,-26.0,14.0,7.1204157
-56.0,-24.0,14.0,7.3024445
-56.0,-22.0,14.0,7.222296
-56.0,-20.0,14.0,6.908903
-56.0,-18.0,14.0,6.9262247
-56.0,-16.0,14.0,7.2715106
-56.0,-14.0,14.0,7.1926517
-56.0,-12.0,14.0,7.0129113
-56.0,-10.0,14.0,7.170321
-56.0,-8.0,14.0,7.4453917
-56.0,-6.0,14.0,7.435564
-56.0,-4.0,14.0,7.1984835
-56.0,-2.0,14.0,7.2803664
-56.0,0.0,14.0,7.294374
-56.0,2.0,14.0,7.039209
-56.0,4.0,14.0,6.9785976
-56.0,6.0,14.0,7.2685513
-56.0,8.0,14.0,7.4545946
-56.0,10.0,14.0,7.3460646
-56.0,12.0,14.0,7.593322
-56.0,14.0,14.0,7.6636186
-56.0,16.0,14.0,7.396861
-56.0,18.0,14.0,7.095603
-56.0,20.0,14.0,7.367556
-56.0,22.0,14.0,7.9001946
-56.0,24.0,14.0,7.9700556
-56.0,26.0,14.0,7.845947
-56.0,28.0,14.0,7.786415
-56.0,30.0,14.0,7.4075437
-56.0,32.0,14.0,6.816187
-56.0,34.0,14.0,6.6366596
-56.0,36.0,14.0,6.9785104
-56.0,38.0,14.0,7.289376
-56.0,40.0,14.0,7.5250654
-56.0,42.0,14.0,7.4892936
-56.0,44.0,14.0,7.4154844
-56.0,46.0,14.0,7.7825046
-56.0,48.0,14.0,7.8272257
-56.0,50.0,14.0,7.5088105
-56.0,52.0,14.0,7.359383
-56.0,54.0,14.0,7.2389565
-56.0,56.0,14.0,7.2351036
-56.0,58.0,14.0,7.370149
-56.0,60.0,14.0,7.5112348
-56.0,62.0,14.0,7.8018
-56.0,64.0,14.0,7.8608794
-56.0,66.0,14.0,7.831146
-56.0,68.0,14.0,7.760139
-56.0,70.0,14.0,7.3936715
-56.0,72.0,14.0,7.17046
-56.0,74.0,14.0,7.10506
-56.0,76.0,14.0,7.1439223
-56.0,78.0,14.0,7.2628865
-56.0,80.0,14.0,7.467828
-56.0,82.0,14.0,7.8319335
-56.0,84.0,14.0,7.968923
-56.0,86.0,14.0,7.6781797
-56.0,88.0,14.0,7.4143796
-56.0,90.0,14.0,7.3504567
-56.0,92.0,14.0,7.6214128
-56.0,94.0,14.0,7.8589287
-56.0,96.0,14.0,8.063039
-56.0,98.0,14.0,7.9023347
-56.0,100.0,14.0,7.5167274
-56.0,102.0,14.0,7.369172
-56.0,104.0,14.0,7.455805
-56.0,106.0,14.0,7.3935356
-56.0,108.0,14.0,7.479745
-56.0,110.0,14.0,7.5483475
-56.0,112.0,14.0,7.7068553
-56.0,114.0,14.0,8.001503
-56.0,116.0,14.0,7.923396
-56.0,118.0,14.0,7.7264767
-56.0,120.0,14.0,7.5975647
-56.0,122.0,14.0,7.535227
-56.0,124.0,14.0,7.5119205
-56.0,126.0,14.0,7.4377575
-56.0,128.0,14.0,7.4327707
-56.0,130.0,14.0,7.535002
-56.0,132.0,14.0,7.7401257
-56.0,134.0,14.0,7.782993
-56.0,136.0,14.0,7.7716465
-56.0,138.0,14.0,7.6599083
-56.0,140.0,14.0,7.6059723
-56.0,142.0,14.0,7.5478926
-56.0,144.0,14.0,7.4163632
-56.0,146.0,14.0,7.3032703
-56.0,148.0,14.0,7.3437343
-56.0,150.0,14.0,7.5780444
-56.0,152.0,14.0,7.6869793
-56.0,154.0,14.0,7.684817
-56.0,156.0,14.0,7.886953
-56.0,158.0,14.0,7.899059
-56.0,160.0,14.0,7.7381773
-56.0,162.0,14.0,7.580947
-56.0,164.0,14.0,7.6576695
-56.0,166.0,14.0,7.766099
-56.0,168.0,14.0,7.5779543
-56.0,170.0,14.0,7.701244
-56.0,172.0,14.0,7.965284
-56.0,174.0,14.0,8.063535
-56.0,176.0,14.0,7.723782
-56.0,178.0,14.0,7.6449203
-56.0,180.0,14.0,7.704096
-54.0,-180.0,14.0,7.0934744
-54.0,-178.0,14.0,6.914897
-54.0,-176.0,14.0,7.0030813
-54.0,-174.0,14.0,7.2295866
-54.0,-172.0,14.0,7.2373714
-54.0,-170.0,14.0,7.0647454
-54.0,-168.0,14.0,6.897254
-54.0,-166.0,14.0,6.941831
-54.0,-164.0,14.0,6.786784
-54.0,-162.0,14.0,6.7347646
-54.0,-160.0,14.0,6.93229
-54.0,-158.0,14.0,7.1800847
-54.0,-156.0,14.0,7.0864143
-54.0,-154.0,14.0,6.767033
-54.0,-152.0,14.0,6.66131
-54.0,-150.0,14.0,6.674685
-54.0,-148.0,14.0,6.5183525
-54.0,-146.0,14.0,6.429676
-54.0,-144.0,14.0,6.4336243
-54.0,-142.0,14.0,6.490204
-54.0,-140.0,14.0,6.5592484
-54.0,-138.0,14.0,6.4461546
-54.0,-136.0,14.0,6.3193502
-54.0,-134.0,14.0,6.056284
-54.0,-132.0,14.0,6.121197
-54.0,-130.0,14.0,6.2453966
-54.0,-128.0,14.0,6.0728316
-54.0,-126.0,14.0,5.726441
-54.0,-124.0,14.0,5.655385
-54.0,-122.0,14.0,5.839178
-54.0,-120.0,14.0,5.9210258
-54.0,-118.0,14.0,5.899513
-54.0,-116.0,14.0,6.070227
-54.0,-114.0,14.0,6.1472826
-54.0,-112.0,14.0,5.9287925
-54.0,-110.0,14.0,5.743219
-54.0,-108.0,14.0,5.5471745
-54.0,-106.0,14.0,5.3764634
-54.0,-104.0,14.0,5.269878
-54.0,-102.0,14.0,5.2878857
-54.0,-100.0,14.0,5.2458715
-54.0,-98.0,14.0,5.539049
-54.0,-96.0,14.0,5.6869392
-54.0,-94.0,14.0,5.3431582
-54.0,-92.0,14.0,5.1059084
-54.0,-90.0,14.0,5.078918
-54.0,-88.0,14.0,5.1430244
-54.0,-86.0,14.0,5.335707
-54.0,-84.0,14.0,5.4479513
-54.0,-82.0,14.0,5.2946844
-54.0,-80.0,14.0,5.0178156
-54.0,-78.0,14.0,4.959644
-54.0,-76.0,14.0,4.7966933
-54.0,-74.0,14.0,4.8638167
-54.0,-72.0,14.0,5.1273866
-54.0,-70.0,14.0,5.1893797
-54.0,-68.0,14.0,5.30922
-54.0,-66.0,14.0,5.392909
-54.0,-64.0,14.0,5.3451333
-54.0,-62.0,14.0,5.3641233
-54.0,-60.0,14.0,5.2316995
-54.0,-58.0,14.0,5.212196
-54.0,-56.0,14.0,5.3161664
-54.0,-54.0,14.0,5.5298233
-54.0,-52.0,14.0,5.634319
-54.0,-50.0,14.0,5.5935984
-54.0,-48.0,14.0,5.4899793
-54.0,-46.0,14.0,5.5881696
-54.0,-44.0,14.0,5.7327695
-54.0,-42.0,14.0,5.8229604
-54.0,-40.0,14.0,5.9759645
-54.0,-38.0,14.0,6.0230575
-54.0,-36.0,14.0,6.0805783
-54.0,-34.0,14.0,6.0662837
-54.0,-32.0,14.0,6.139451
-54.0,-30.0,14.0,6.297666
-54.0,-28.0,14.0,6.3415027
-54.0,-26.0,14.0,6.643243
-54.0,-24.0,14.0,6.762332
-54.0,-22.0,14.0,6.6944222
-54.0,-20.0,14.0,6.61453
-54.0,-18.0,14.0,6.509701
-54.0,-16.0,14.0,6.630662
-54.0,-14.0,14.0,6.7076173
-54.0,-12.0,14.0,6.6303635
-54.0,-10.0,14.0,6.8189583
-54.0,-8.0,14.0,7.059068
-54.0,-6.0,14.0,7.217962
-54.0,-4.0,14.0,7.078078
-54.0,-2.0,14.0,7.0493765
-54.0,0.0,14.0,6.995125
-54.0,2.0,14.0,6.7566237
-54.0,4.0,14.0,6.7296667
-54.0,6.0,14.0,7.007462
-54.0,8.0,14.0,7.160695
-54.0,10.0,14.0,7.0660686
-54.0,12.0,14.0,7.2502837
-54.0,14.0,14.0,7.2915344
-54.0,16.0,14.0,7.083725
-54.0,18.0,14.0,6.9575834
-54.0,20.0,14.0,7.150165
-54.0,22.0,14.0,7.614213
-54.0,24.0,14.0,7.7426987
-54.0,26.0,14.0,7.6820726
-54.0,28.0,14.0,7.5704293
-54.0,30.0,14.0,7.2658596
-54.0,32.0,14.0,6.846836
-54.0,34.0,14.0,6.5763288
-54.0,36.0,14.0,6.8008127
-54.0,38.0,14.0,7.091853
-54.0,40.0,14.0,7.2332125
-54.0,42.0,14.0,7.2645345
-54.0,44.0,14.0,7.318481
-54.0,46.0,14.0,7.5252557
-54.0,48.0,14.0,7.416054
-54.0,50.0,14.0,7.336484
-54.0,52.0,14.0,7.3113985
-54.0,54.0,14.0,7.124886
-54.0,56.0,14.0,7.014772
-54.0,58.0,14.0,7.1444855
-54.0,60.0,14.0,7.390774
-54.0,62.0,14.0,7.6894135
-54.0,64.0,14.0,7.826181
-54.0,66.0,14.0,7.850423
-54.0,68.0,14.0,7.8172517
-54.0,70.0,14.0,7.4476056
-54.0,72.0,14.0,7.156407
-54.0,74.0,14.0,7.1676154
-54.0,76.0,14.0,7.058155
-54.0,78.0,14.0,7.1012206
-54.0,80.0,14.0,7.4398255
-54.0,82.0,14.0,7.842154
-54.0,84.0,14.0,7.9205556
-54.0,86.0,14.0,7.6180735
-54.0,88.0,14.0,7.439737
-54.0,90.0,14.0,7.4159317
-54.0,92.0,14.0,7.4032125
-54.0,94.0,14.0,7.822071
-54.0,96.0,14.0,8.081973
-54.0,98.0,14.0,7.8692503
-54.0,100.0,14.0,7.3611746
-54.0,102.0,14.0,7.2685676
-54.0,104.0,14.0,7.2144227
-54.0,106.0,14.0,7.033296
-54.0,108.0,14.0,7.137567
-54.0,110.0,14.0,7.357092
-54.0,112.0,14.0,7.502295
-54.0,114.0,14.0,7.7887473
-54.0,116.0,14.0,7.6946015
-54.0,118.0,14.0,7.417725
-54.0,120.0,14.0,7.2125173
-54.0,122.0,14.0,7.160427
-54.0,124.0,14.0,7.201053
-54.0,126.0,14.0,7.1279025
-54.0,128.0,14.0,7.2299232
-54.0,130.0,14.0,7.311531
-54.0,132.0,14.0,7.308751
-54.0,134.0,14.0,7.32358
-54.0,136.0,14.0,7.221039
-54.0,138.0,14.0,7.2149158
-54.0,140.0,14.0,7.310372
-54.0,142.0,14.0,7.194246
-54.0,144.0,14.0,6.870583
-54.0,146.0,14.0,6.828001
-54.0,148.0,14.0,7.0460176
-54.0,150.0,14.0,7.2799654
-54.0,152.0,14.0,7.3017654
-54.0,154.0,14.0,7.295738
-54.0,156.0,14.0,7.4952507
-54.0,158.0,14.0,7.511503
-54.0,160.0,14.0,7.2207685
-54.0,162.0,14.0,7.0977316
-54.0,164.0,14.0,7.1724353
-54.0,166.0,14.0,7.246978
-54.0,168.0,14.0,7.1131043
-54.0,170.0,14.0,7.0116014
-54.0,172.0,14.0,7.267931
-54.0,174.0,14.0,7.2482667
-54.0,176.0,14.0,7.051345
-54.0,178.0,14.0,7.0454774
-54.0,180.0,14.0,7.0934744
-52.0,-180.0,14.0,6.713517
-52.0,-178.0,14.0,6.5488863
-52.0,-176.0,14.0,6.6304502
-52.0,-174.0,14.0,6.8094897
-52.0,-172.0,14.0,6.724303
-52.0,-170.0,14.0,6.5932603
-52.0,-168.0,14.0,6.5846562
-52.0,-166.0,14.0,6.486497
-52.0,-164.0,14.0,6.3609858
-52.0,-162.0,14.0,6.3203144
-52.0,-160.0,14.0,6.4839635
-52.0,-158.0,14.0,6.6371875
-52.0,-156.0,14.0,6.5422225
-52.0,-154.0,14.0,6.3176637
-52.0,-152.0,14.0,6.2323694
-52.0,-150.0,14.0,6.1392384
-52.0,-148.0,14.0,5.976895
-52.0,-146.0,14.0,6.000423
-52.0,-144.0,14.0,6.020579
-52.0,-142.0,14.0,6.0455647
-52.0,-140.0,14.0,6.0520353
-52.0,-138.0,14.0,6.013526
-52.0,-136.0,14.0,5.828899
-52.0,-134.0,14.0,5.5591483
-52.0,-132.0,14.0,5.5534744
-52.0,-130.0,14.0,5.727598
-52.0,-128.0,14.0,5.516839
-52.0,-126.0,14.0,5.1748056
-52.0,-124.0,14.0,5.2361207
-52.0,-122.0,14.0,5.346057
-52.0,-120.0,14.0,5.410496
-52.0,-118.0,14.0,5.367827
-52.0,-116.0,14.0,5.4823966
-52.0,-114.0,14.0,5.5614257
-52.0,-112.0,14.0,5.5188346
-52.0,-110.0,14.0,5.3457894
-52.0,-108.0,14.0,5.0543704
-52.0,-106.0,14.0,5.028885
-52.0,-104.0,14.0,4.890126
-52.0,-102.0,14.0,4.797767
-52.0,-100.0,14.0,4.8704853
-52.0,-98.0,14.0,5.22241
-52.0,-96.0,14.0,5.192872
-52.0,-94.0,14.0,4.9610515
-52.0,-92.0,14.0,4.512462
-52.0,-90.0,14.0,4.453004
-52.0,-88.0,14.0,4.594822
-52.0,-86.0,14.0,4.7936726
-52.0,-84.0,14.0,4.9131966
-52.0,-82.0,14.0,4.8971515
-52.0,-80.0,14.0,4.516563
-52.0,-78.0,14.0,4.4787564
-52.0,-76.0,14.0,4.462439
-52.0,-74.0,14.0,4.46814
-52.0,-72.0,14.0,4.6255646
-52.0,-70.0,14.0,4.7782226
-52.0,-68.0,14.0,5.001593
-52.0,-66.0,14.0,4.964071
-52.0,-64.0,14.0,4.7869377
-52.0,-62.0,14.0,4.782866
-52.0,-60.0,14.0,4.835633
-52.0,-58.0,14.0,4.785306
-52.0,-56.0,14.0,4.8961067
-52.0,-54.0,14.0,5.131737
-52.0,-52.0,14.0,5.216137
-52.0,-50.0,14.0,5.147273
-52.0,-48.0,14.0,4.913484
-52.0,-46.0,14.0,5.104139
-52.0,-44.0,14.0,5.33735
-52.0,-42.0,14.0,5.4326344
-52.0,-40.0,14.0,5.5257416
-52.0,-38.0,14.0,5.5683575
-52.0,-36.0,14.0,5.6587973
-52.0,-34.0,14.0,5.643305
-52.0,-32.0,14.0,5.678329
-52.0,-30.0,14.0,5.847943
-52.0,-28.0,14.0,5.9133596
-52.0,-26.0,14.0,6.0974054
-52.0,-24.0,14.0,6.1004615
-52.0,-22.0,14.0,6.0983953
-52.0,-20.0,14.0,6.164078
-52.0,-18.0,14.0,6.02807
-52.0,-16.0,14.0,6.1386356
-52.0,-14.0,14.0,6.277602
-52.0,-12.0,14.0,6.2995415
-52.0,-10.0,14.0,6.445551
-52.0,-8.0,14.0,6.665492
-52.0,-6.0,14.0,6.9256477
-52.0,-4.0,14.0,6.7527795
-52.0,-2.0,14.0,6.707818
-52.0,0.0,14.0,6.6315556
-52.0,2.0,14.0,6.432655
-52.0,4.0,14.0,6.29028
-52.0,6.0,14.0,6.549087
-52.0,8.0,14.0,6.793669
-52.0,10.0,14.0,6.6592617
-52.0,12.0,14.0,6.9201307
-52.0,14.0,14.0,6.953273
-52.0,16.0,14.0,6.742571
-52.0,18.0,14.0,6.6002197
-52.0,20.0,14.0,6.8179793
-52.0,22.0,14.0,7.2936254
-52.0,24.0,14.0,7.4297357
-52.0,26.0,14.0,7.380558
-52.0,28.0,14.0,7.3641315
-52.0,30.0,14.0,6.931958
-52.0,32.0,14.0,6.515781
-52.0,34.0,14.0,6.272502
-52.0,36.0,14.0,6.5708985
-52.0,38.0,14.0,6.7976646
-52.0,40.0,14.0,6.933355
-52.0,42.0,14.0,6.9535437
-52.0,44.0,14.0,6.9151554
-52.0,46.0,14.0,7.149662
-52.0,48.0,14.0,7.127446
-52.0,50.0,14.0,7.00726
-52.0,52.0,14.0,6.963153
-52.0,54.0,14.0,6.760051
-52.0,56.0,14.0,6.6844926
-52.0,58.0,14.0,6.852372
-52.0,60.0,14.0,7.088938
-52.0,62.0,14.0,7.38589
-52.0,64.0,14.0,7.5381107
-52.0,66.0,14.0,7.581167
-52.0,68.0,14.0,7.5319204
-52.0,70.0,14.0,7.2040977
-52.0,72.0,14.0,6.966248
-52.0,74.0,14.0,6.9432883
-52.0,76.0,14.0,6.8442044
-52.0,78.0,14.0,6.8530393
-52.0,80.0,14.0,7.205847
-52.0,82.0,14.0,7.5857487
-52.0,84.0,14.0,7.561165
-52.0,86.0,14.0,7.253638
-52.0,88.0,14.0,7.154548
-52.0,90.0,14.0,7.1175427
-52.0,92.0,14.0,7.120137
-52.0,94.0,14.0,7.4875865
-52.0,96.0,14.0,7.806207
-52.0,98.0,14.0,7.5718536
-52.0,100.0,14.0,7.1086197
-52.0,102.0,14.0,7.057509
-52.0,104.0,14.0,6.995148
-52.0,106.0,14.0,6.6814666
-52.0,108.0,14.0,6.712035
-52.0,110.0,14.0,7.0646133
-52.0,112.0,14.0,7.195842
-52.0,114.0,14.0,7.40095
-52.0,116.0,14.0,7.367631
-52.0,118.0,14.0,7.043629
-52.0,120.0,14.0,6.8512244
-52.0,122.0,14.0,6.673274
-52.0,124.0,14.0,6.7091646
-52.0,126.0,14.0,6.7673306
-52.0,128.0,14.0,6.9065943
-52.0,130.0,14.0,6.972681
-52.0,132.0,14.0,6.9229665
-52.0,134.0,14.0,6.850214
-52.0,136.0,14.0,6.805231
-52.0,138.0,14.0,6.882329
-52.0,140.0,14.0,7.011304
-52.0,142.0,14.0,6.8656173
-52.0,144.0,14.0,6.5868983
-52.0,146.0,14.0,6.567765
-52.0,148.0,14.0,6.8576894
-52.0,150.0,14.0,7.0457854
-52.0,152.0,14.0,7.0659456
-52.0,154.0,14.0,7.0460777
-52.0,156.0,14.0,7.2681336
-52.0,158.0,14.0,7.1980443
-52.0,160.0,14.0,6.931495
-52.0,162.0,14.0,6.7914524
-52.0,164.0,14.0,6.82022
-52.0,166.0,14.0,6.907315
-52.0,168.0,14.0,6.7885303
-52.0,170.0,14.0,6.7150884
-52.0,172.0,14.0,6.886053
-52.0,174.0,14.0,6.8075824
-52.0,176.0,14.0,6.6296377
-52.0,178.0,14.0,6.739539
-52.0,180.0,14.0,6.713517
-50.0,-180.0,14.0,7.3819985
-50.0,-178.0,14.0,7.015752
-50.0,-176.0,14.0,7.182222
-50.0,-174.0,14.0,7.4852715
-50.0,-172.0,14.0,7.3754077
-50.0,-170.0,14.0,7.1607265
-50.0,-168.0,14.0,7.2039948
-50.0,-166.0,14.0,7.075916
-50.0,-164.0,14.0,6.824145
-50.0,-162.0,14.0,6.819846
-50.0,-160.0,14.0,6.9415874
-50.0,-158.0,14.0,6.9964056
-50.0,-156.0,14.0,6.8529315
-50.0,-154.0,14.0,6.625144
-50.0,-152.0,14.0,6.6821556
-50.0,-150.0,14.0,6.6185756
-50.0,-148.0,14.0,6.3174806
-50.0,-146.0,14.0,6.1765847
-50.0,-144.0,14.0,6.28504
-50.0,-142.0,14.0,6.426422
-50.0,-140.0,14.0,6.365061
-50.0,-138.0,14.0,6.1685038
-50.0,-136.0,14.0,5.9444723
-50.0,-134.0,14.0,5.5916424
-50.0,-132.0,14.0,5.876396
-50.0,-130.0,14.0,5.9742436
-50.0,-128.0,14.0,5.6639075
-50.0,-126.0,14.0,5.2515287
-50.0,-124.0,14.0,5.3373995
-50.0,-122.0,14.0,5.55384
-50.0,-120.0,14.0,5.611048
-50.0,-118.0,14.0,5.5444098
-50.0,-116.0,14.0,5.5653496
-50.0,-114.0,14.0,5.6637616
-50.0,-112.0,14.0,5.5375204
-50.0,-110.0,14.0,5.2510138
-50.0,-108.0,14.0,5.200324
-50.0,-106.0,14.0,5.1095276
-50.0,-104.0,14.0,4.8887734
-50.0,-102.0,14.0,4.8237057
-50.0,-100.0,14.0,4.885483
-50.0,-98.0,14.0,5.139871
-50.0,-96.0,14.0,5.1843324
-50.0,-94.0,14.0,5.015193
-50.0,-92.0,14.0,4.7365327
-50.0,-90.0,14.0,4.534182
-50.0,-88.0,14.0,4.693453
-50.0,-86.0,14.0,4.9523363
-50.0,-84.0,14.0,4.9930477
-50.0,-82.0,14.0,4.8424454
-50.0,-80.0,14.0,4.457161
-50.0,-78.0,14.0,4.547031
-50.0,-76.0,14.0,4.475951
-50.0,-74.0,14.0,4.439538
-50.0,-72.0,14.0,4.5125604
-50.0,-70.0,14.0,4.5943794
-50.0,-68.0,14.0,4.736447
-50.0,-66.0,14.0,4.836064
-50.0,-64.0,14.0,4.8896174
-50.0,-62.0,14.0,4.9844112
-50.0,-60.0,14.0,4.8857
-50.0,-58.0,14.0,4.851819
-50.0,-56.0,14.0,4.9249215
-50.0,-54.0,14.0,5.3032103
-50.0,-52.0,14.0,5.4046926
-50.0,-50.0,14.0,5.3387127
-50.0,-48.0,14.0,5.1096373
-50.0,-46.0,14.0,5.1666555
-50.0,-44.0,14.0,5.4294295
-50.0,-42.0,14.0,5.6293745
-50.0,-40.0,14.0,5.772602
-50.0,-38.0,14.0,5.766313
-50.0,-36.0,14.0,5.7808514
-50.0,-34.0,14.0,5.9066844
-50.0,-32.0,14.0,6.0546627
-50.0,-30.0,14.0,6.1699476
-50.0,-28.0,14.0,6.29932
-50.0,-26.0,14.0,6.368127
-50.0,-24.0,14.0,6.2597733
-50.0,-22.0,14.0,6.363764
-50.0,-20.0,14.0,6.4831076
-50.0,-18.0,14.0,6.269394
-50.0,-16.0,14.0,6.4145083
-50.0,-14.0,14.0,6.6254096
-50.0,-12.0,14.0,6.578425
-50.0,-10.0,14.0,6.7484674
-50.0,-8.0,14.0,6.971849
-50.0,-6.0,14.0,7.381637
-50.0,-4.0,14.0,7.108864
-50.0,-2.0,14.0,7.0905905
-50.0,0.0,14.0,6.955979
-50.0,2.0,14.0,6.78438
-50.0,4.0,14.0,6.6064982
-50.0,6.0,14.0,6.7690244
-50.0,8.0,14.0,7.0620584
-50.0,10.0,14.0,7.058765
-50.0,12.0,14.0,7.161196
-50.0,14.0,14.0,7.257095
-50.0,16.0,14.0,7.091805
-50.0,18.0,14.0,6.908875
-50.0,20.0,14.0,7.1587014
-50.0,22.0,14.0,7.6893125
-50.0,24.0,14.0,7.8946795
-50.0,26.0,14.0,7.7262516
-50.0,28.0,14.0,7.6267753
-50.0,30.0,14.0,7.2400703
-50.0,32.0,14.0,6.7001762
-50.0,34.0,14.0,6.4670773
-50.0,36.0,14.0,6.660094
-50.0,38.0,14.0,6.9550185
-50.0,40.0,14.0,7.2858
-50.0,42.0,14.0,7.178676
-50.0,44.0,14.0,7.1007805
-50.0,46.0,14.0,7.4785023
-50.0,48.0,14.0,7.3967094
-50.0,50.0,14.0,7.36608
-50.0,52.0,14.0,7.3820944
-50.0,54.0,14.0,7.194383
-50.0,56.0,14.0,7.0271916
-50.0,58.0,14.0,7.178159
-50.0,60.0,14.0,7.4328895
-50.0,62.0,14.0,7.753193
-50.0,64.0,14.0,7.884041
-50.0,66.0,14.0,7.9027
-50.0,68.0,14.0,7.8147807
-50.0,70.0,14.0,7.460476
-50.0,72.0,14.0,7.1638227
-50.0,74.0,14.0,7.183071
-50.0,76.0,14.0,7.222014
-50.0,78.0,14.0,7.1791415
-50.0,80.0,14.0,7.473219
-50.0,82.0,14.0,7.909237
-50.0,84.0,14.0,8.053573
-50.0,86.0,14.0,7.7558017
-50.0,88.0,14.0,7.489742
-50.0,90.0,14.0,7.4434323
-50.0,92.0,14.0,7.528559
-50.0,94.0,14.0,7.8688803
-50.0,96.0,14.0,8.194127
-50.0,98.0,14.0,7.974106
-50.0,100.0,14.0,7.4333644
-50.0,102.0,14.0,7.33327
-50.0,104.0,14.0,7.340316
-50.0,106.0,14.0,7.221288
-50.0,108.0,14.0,7.1800985
-50.0,110.0,14.0,7.4477143
-50.0,112.0,14.0,7.7379837
-50.0,114.0,14.0,8.0304575
-50.0,116.0,14.0,7.9221363
-50.0,118.0,14.0,7.6472354
-50.0,120.0,14.0,7.4898205
-50.0,122.0,14.0,7.2928567
-50.0,124.0,14.0,7.0732703
-50.0,126.0,14.0,7.1046324
-50.0,128.0,14.0,7.295699
-50.0,130.0,14.0,7.4640913
-50.0,132.0,14.0,7.4717546
-50.0,134.0,14.0,7.4197574
-50.0,136.0,14.0,7.343374
-50.0,138.0,14.0,7.369472
-50.0,140.0,14.0,7.4598303
-50.0,142.0,14.0,7.2792435
-50.0,144.0,14.0,6.9652805
-50.0,146.0,14.0,7.004727
-50.0,148.0,14.0,7.2541842
-50.0,150.0,14.0,7.445005
-50.0,152.0,14.0,7.494393
-50.0,154.0,14.0,7.6367264
-50.0,156.0,14.0,7.8458943
-50.0,158.0,14.0,7.7246585
-50.0,160.0,14.0,7.4912434
-50.0,162.0,14.0,7.4248486
-50.0,164.0,14.0,7.5259085
-50.0,166.0,14.0,7.6663084
-50.0,168.0,14.0,7.443145
-50.0,170.0,14.0,7.4565444
-50.0,172.0,14.0,7.6339245
-50.0,174.0,14.0,7.48681
-50.0,176.0,14.0,7.118937
-50.0,178.0,14.0,7.479426
-50.0,180.0,14.0,7.3819985
-48.0,-180.0,14.0,8.061426
-48.0,-178.0,14.0,7.562503
-48.0,-176.0,14.0,7.8268805
-48.0,-174.0,14.0,8.300301
-48.0,-172.0,14.0,8.039388
-48.0,-170.0,14.0,7.7407384
-48.0,-168.0,14.0,7.852089
-48.0,-166.0,14.0,7.625933
-48.0,-164.0,14.0,7.2661114
-48.0,-162.0,14.0,7.2075057
-48.0,-160.0,14.0,7.436807
-48.0,-158.0,14.0,7.501622
-48.0,-156.0,14.0,7.236897
-48.0,-154.0,14.0,7.028492
-48.0,-152.0,14.0,7.210911
-48.0,-150.0,14.0,7.1307693
-48.0,-148.0,14.0,6.8037457
-48.0,-146.0,14.0,6.7691374
-48.0,-144.0,14.0,6.927014
-48.0,-142.0,14.0,7.104016
-48.0,-140.0,14.0,6.964566
-48.0,-138.0,14.0,6.6384654
-48.0,-136.0,14.0,6.281841
-48.0,-134.0,14.0,6.2077537
-48.0,-132.0,14.0,6.409916
-48.0,-130.0,14.0,6.4964104
-48.0,-128.0,14.0,6.1621566
-48.0,-126.0,14.0,5.7239676
-48.0,-124.0,14.0,5.774234
-48.0,-122.0,14.0,5.8411746
-48.0,-120.0,14.0,5.9324617
-48.0,-118.0,14.0,5.956712
-48.0,-116.0,14.0,6.0233154
-48.0,-114.0,14.0,6.026343
-48.0,-112.0,14.0,5.7853384
-48.0,-110.0,14.0,5.2949963
-48.0,-108.0,14.0,5.3102465
-48.0,-106.0,14.0,5.2217665
-48.0,-104.0,14.0,5.196478
-48.0,-102.0,14.0,5.169714
-48.0,-100.0,14.0,5.08637
-48.0,-98.0,14.0,5.4276567
-48.0,-96.0,14.0,5.6355104
-48.0,-94.0,14.0,5.224324
-48.0,-92.0,14.0,5.180834
-48.0,-90.0,14.0,5.039083
-48.0,-88.0,14.0,5.139531
-48.0,-86.0,14.0,5.49836
-48.0,-84.0,14.0,5.510207
-48.0,-82.0,14.0,5.300717
-48.0,-80.0,14.0,4.9251294
-48.0,-78.0,14.0,4.994309
-48.0,-76.0,14.0,4.9216747
-48.0,-74.0,14.0,4.9645047
-48.0,-72.0,14.0,4.9800987
-48.0,-70.0,14.0,5.052641
-48.0,-68.0,14.0,5.187178
-48.0,-66.0,14.0,5.166004
-48.0,-64.0,14.0,5.2730703
-48.0,-62.0,14.0,5.383849
-48.0,-60.0,14.0,5.3144274
-48.0,-58.0,14.0,5.281789
-48.0,-56.0,14.0,5.264124
-48.0,-54.0,14.0,5.726182
-48.0,-52.0,14.0,5.7832093
-48.0,-50.0,14.0,5.7179046
-48.0,-48.0,14.0,5.5147357
-48.0,-46.0,14.0,5.657274
-48.0,-44.0,14.0,5.8503337
-48.0,-42.0,14.0,6.1122847
-48.0,-40.0,14.0,6.346563
-48.0,-38.0,14.0,6.4471846
-48.0,-36.0,14.0,6.3171477
-48.0,-34.0,14.0,6.53341
-48.0,-32.0,14.0,6.618496
-48.0,-30.0,14.0,6.6855164
-48.0,-28.0,14.0,6.9091134
-48.0,-26.0,14.0,6.985867
-48.0,-24.0,14.0,6.898658
-48.0,-22.0,14.0,7.109015
-48.0,-20.0,14.0,7.18891
-48.0,-18.0,14.0,7.1051517
-48.0,-16.0,14.0,7.1490426
-48.0,-14.0,14.0,7.2888074
-48.0,-12.0,14.0,7.309661
-48.0,-10.0,14.0,7.3444934
-48.0,-8.0,14.0,7.577342
-48.0,-6.0,14.0,7.9924183
-48.0,-4.0,14.0,7.7929583
-48.0,-2.0,14.0,7.6758537
-48.0,0.0,14.0,7.585
-48.0,2.0,14.0,7.428246
-48.0,4.0,14.0,7.281691
-48.0,6.0,14.0,7.425436
-48.0,8.0,14.0,7.652417
-48.0,10.0,14.0,7.7393804
-48.0,12.0,14.0,7.8034906
-48.0,14.0,14.0,7.8089366
-48.0,16.0,14.0,7.612565
-48.0,18.0,14.0,7.512673
-48.0,20.0,14.0,7.7495728
-48.0,22.0,14.0,8.368188
-48.0,24.0,14.0,8.65724
-48.0,26.0,14.0,8.510774
-48.0,28.0,14.0,8.262444
-48.0,30.0,14.0,7.9469504
-48.0,32.0,14.0,7.412089
-48.0,34.0,14.0,7.206784
-48.0,36.0,14.0,7.2516856
-48.0,38.0,14.0,7.533587
-48.0,40.0,14.0,7.930822
-48.0,42.0,14.0,7.906394
-48.0,44.0,14.0,7.919706
-48.0,46.0,14.0,7.9739156
-48.0,48.0,14.0,8.067146
-48.0,50.0,14.0,8.240168
-48.0,52.0,14.0,8.283685
-48.0,54.0,14.0,8.043985
-48.0,56.0,14.0,7.7966394
-48.0,58.0,14.0,7.88302
-48.0,60.0,14.0,8.330717
-48.0,62.0,14.0,8.554447
-48.0,64.0,14.0,8.547654
-48.0,66.0,14.0,8.615462
-48.0,68.0,14.0,8.631676
-48.0,70.0,14.0,8.343192
-48.0,72.0,14.0,7.949808
-48.0,74.0,14.0,8.025687
-48.0,76.0,14.0,8.164472
-48.0,78.0,14.0,8.240857
-48.0,80.0,14.0,8.437171
-48.0,82.0,14.0,8.957159
-48.0,84.0,14.0,9.062039
-48.0,86.0,14.0,8.753258
-48.0,88.0,14.0,8.504373
-48.0,90.0,14.0,8.677227
-48.0,92.0,14.0,8.712422
-48.0,94.0,14.0,8.692813
-48.0,96.0,14.0,9.020983
-48.0,98.0,14.0,8.990649
-48.0,100.0,14.0,8.404753
-48.0,102.0,14.0,8.15283
-48.0,104.0,14.0,8.251678
-48.0,106.0,14.0,8.364484
-48.0,108.0,14.0,8.352058
-48.0,110.0,14.0,8.436261
-48.0,112.0,14.0,8.8892765
-48.0,114.0,14.0,9.062203
-48.0,116.0,14.0,8.896282
-48.0,118.0,14.0,8.75337
-48.0,120.0,14.0,8.54584
-48.0,122.0,14.0,8.349896
-48.0,124.0,14.0,8.028468
-48.0,126.0,14.0,7.9958677
-48.0,128.0,14.0,8.268434
-48.0,130.0,14.0,8.59414
-48.0,132.0,14.0,8.553313
-48.0,134.0,14.0,8.308591
-48.0,136.0,14.0,8.322356
-48.0,138.0,14.0,8.292433
-48.0,140.0,14.0,8.356365
-48.0,142.0,14.0,8.131522
-48.0,144.0,14.0,7.699865
-48.0,146.0,14.0,7.6843386
-48.0,148.0,14.0,7.924146
-48.0,150.0,14.0,8.286292
-48.0,152.0,14.0,8.372636
-48.0,154.0,14.0,8.473483
-48.0,156.0,14.0,8.682705
-48.0,158.0,14.0,8.65478
-48.0,160.0,14.0,8.279673
-48.0,162.0,14.0,8.176002
-48.0,164.0,14.0,8.463785
-48.0,166.0,14.0,8.468216
-48.0,168.0,14.0,8.3076935
-48.0,170.0,14.0,8.457492
-48.0,172.0,14.0,8.523758
-48.0,174.0,14.0,8.247448
-48.0,176.0,14.0,7.856109
-48.0,178.0,14.0,8.135599
-48.0,180.0,14.0,8.061426
-46.0,-180.0,14.0,7.5578074
-46.0,-178.0,14.0,7.005464
-46.0,-176.0,14.0,7.378488
-46.0,-174.0,14.0,7.783781
-46.0,-172.0,14.0,7.6284027
-46.0,-170.0,14.0,7.26043
-46.0,-168.0,14.0,7.217017
-46.0,-166.0,14.0,7.0578766
-46.0,-164.0,14.0,6.686594
-46.0,-162.0,14.0,6.716572
-46.0,-160.0,14.0,6.902618
-46.0,-158.0,14.0,6.901348
-46.0,-156.0,14.0,6.7367873
-46.0,-154.0,14.0,6.642297
-46.0,-152.0,14.0,6.5519314
-46.0,-150.0,14.0,6.5054054
-46.0,-148.0,14.0,6.0452375
-46.0,-146.0,14.0,6.090287
-46.0,-144.0,14.0,6.367606
-46.0,-142.0,14.0,6.314399
-46.0,-140.0,14.0,6.2148085
-46.0,-138.0,14.0,5.9327607
-46.0,-136.0,14.0,5.750548
-46.0,-134.0,14.0,5.660927
-46.0,-132.0,14.0,5.693605
-46.0,-130.0,14.0,5.8292503
-46.0,-128.0,14.0,5.428563
-46.0,-126.0,14.0,5.012156
-46.0,-124.0,14.0,5.134777
-46.0,-122.0,14.0,5.2364826
-46.0,-120.0,14.0,5.314396
-46.0,-118.0,14.0,5.4139833
-46.0,-116.0,14.0,5.4729395
-46.0,-114.0,14.0,5.3675556
-46.0,-112.0,14.0,5.0022144
-46.0,-110.0,14.0,4.740567
-46.0,-108.0,14.0,4.827432
-46.0,-106.0,14.0,4.5010858
-46.0,-104.0,14.0,4.21842
-46.0,-102.0,14.0,4.440553
-46.0,-100.0,14.0,4.4101663
-46.0,-98.0,14.0,4.693062
-46.0,-96.0,14.0,4.716128
-46.0,-94.0,14.0,4.494141
-46.0,-92.0,14.0,4.4074774
-46.0,-90.0,14.0,4.347184
-46.0,-88.0,14.0,4.5239143
-46.0,-86.0,14.0,4.7895184
-46.0,-84.0,14.0,4.809545
-46.0,-82.0,14.0,4.6188326
-46.0,-80.0,14.0,4.3325205
-46.0,-78.0,14.0,4.368029
-46.0,-76.0,14.0,4.222174
-46.0,-74.0,14.0,4.396538
-46.0,-72.0,14.0,4.6284237
-46.0,-70.0,14.0,4.5818996
-46.0,-68.0,14.0,4.578391
-46.0,-66.0,14.0,4.561319
-46.0,-64.0,14.0,4.6376076
-46.0,-62.0,14.0,4.8606143
-46.0,-60.0,14.0,4.8432226
-46.0,-58.0,14.0,4.738575
-46.0,-56.0,14.0,4.688134
-46.0,-54.0,14.0,5.0715723
-46.0,-52.0,14.0,5.0999937
-46.0,-50.0,14.0,5.0969253
-46.0,-48.0,14.0,4.961728
-46.0,-46.0,14.0,5.0705442
-46.0,-44.0,14.0,5.3653293
-46.0,-42.0,14.0,5.4675117
-46.0,-40.0,14.0,5.7632437
-46.0,-38.0,14.0,5.9187036
-46.0,-36.0,14.0,5.9081244
-46.0,-34.0,14.0,5.9746437
-46.0,-32.0,14.0,6.0426693
-46.0,-30.0,14.0,6.193245
-46.0,-28.0,14.0,6.3198843
-46.0,-26.0,14.0,6.361995
-46.0,-24.0,14.0,6.273831
-46.0,-22.0,14.0,6.526879
-46.0,-20.0,14.0,6.686021
-46.0,-18.0,14.0,6.5738807
-46.0,-16.0,14.0,6.504625
-46.0,-14.0,14.0,6.814453
-46.0,-12.0,14.0,6.9378185
-46.0,-10.0,14.0,6.904222
-46.0,-8.0,14.0,7.2117004
-46.0,-6.0,14.0,7.6490645
-46.0,-4.0,14.0,7.4567027
-46.0,-2.0,14.0,7.1944036
-46.0,0.0,14.0,7.140225
-46.0,2.0,14.0,7.0516076
-46.0,4.0,14.0,6.8481364
-46.0,6.0,14.0,6.91022
-46.0,8.0,14.0,7.223228
-46.0,10.0,14.0,7.299555
-46.0,12.0,14.0,7.16145
-46.0,14.0,14.0,7.1394596
-46.0,16.0,14.0,7.2817397
-46.0,18.0,14.0,7.210064
-46.0,20.0,14.0,7.4601293
-46.0,22.0,14.0,8.084897
-46.0,24.0,14.0,8.194484
-46.0,26.0,14.0,7.8371825
-46.0,28.0,14.0,7.5604925
-46.0,30.0,14.0,7.5750823
-46.0,32.0,14.0,7.303131
-46.0,34.0,14.0,7.1054487
-46.0,36.0,14.0,7.0720754
-46.0,38.0,14.0,7.246895
-46.0,40.0,14.0,7.6237516
-46.0,42.0,14.0,7.4759884
-46.0,44.0,14.0,7.4120274
-46.0,46.0,14.0,7.4050627
-46.0,48.0,14.0,7.4096966
-46.0,50.0,14.0,7.759547
-46.0,52.0,14.0,7.962409
-46.0,54.0,14.0,7.7667656
-46.0,56.0,14.0,7.561037
-46.0,58.0,14.0,7.6543036
-46.0,60.0,14.0,7.9471946
-46.0,62.0,14.0,8.268487
-46.0,64.0,14.0,8.359938
-46.0,66.0,14.0,8.412182
-46.0,68.0,14.0,8.4254055
-46.0,70.0,14.0,8.0306835
-46.0,72.0,14.0,7.774417
-46.0,74.0,14.0,7.7410173
-46.0,76.0,14.0,7.6282134
-46.0,78.0,14.0,7.8232107
-46.0,80.0,14.0,8.153316
-46.0,82.0,14.0,8.671936
-46.0,84.0,14.0,8.8134575
-46.0,86.0,14.0,8.443415
-46.0,88.0,14.0,8.1476555
-46.0,90.0,14.0,8.14299
-46.0,92.0,14.0,8.265387
-46.0,94.0,14.0,8.410145
-46.0,96.0,14.0,8.673198
-46.0,98.0,14.0,8.624996
-46.0,100.0,14.0,8.124065
-46.0,102.0,14.0,7.926391
-46.0,104.0,14.0,7.796472
-46.0,106.0,14.0,7.9539943
-46.0,108.0,14.0,8.064598
-46.0,110.0,14.0,8.163666
-46.0,112.0,14.0,8.56628
-46.0,114.0,14.0,8.76383
-46.0,116.0,14.0,8.582815
-46.0,118.0,14.0,8.423923
-46.0,120.0,14.0,8.227066
-46.0,122.0,14.0,8.014207
-46.0,124.0,14.0,7.8215604
-46.0,126.0,14.0,7.745483
-46.0,128.0,14.0,8.014355
-46.0,130.0,14.0,8.230439
-46.0,132.0,14.0,8.101897
-46.0,134.0,14.0,7.8570514
-46.0,136.0,14.0,7.6948256
-46.0,138.0,14.0,7.951783
-46.0,140.0,14.0,8.117102
-46.0,142.0,14.0,7.893998
-46.0,144.0,14.0,7.550256
-46.0,146.0,14.0,7.4995193
-46.0,148.0,14.0,7.751042
-46.0,150.0,14.0,8.090541
-46.0,152.0,14.0,8.086823
-46.0,154.0,14.0,8.112406
-46.0,156.0,14.0,8.383372
-46.0,158.0,14.0,8.373777
-46.0,160.0,14.0,8.002847
-46.0,162.0,14.0,7.8148236
-46.0,164.0,14.0,8.094917
-46.0,166.0,14.0,8.002462
-46.0,168.0,14.0,7.820279
-46.0,170.0,14.0,7.8765106
-46.0,172.0,14.0,7.9546123
-46.0,174.0,14.0,7.607093
-46.0,176.0,14.0,7.3471074
-46.0,178.0,14.0,7.5818634
-46.0,180.0,14.0,7.5578074
-44.0,-180.0,14.0,6.093643
-44.0,-178.0,14.0,5.6679993
-44.0,-176.0,14.0,5.9671307
-44.0,-174.0,14.0,6.2826324
-44.0,-172.0,14.0,6.1375227
-44.0,-170.0,14.0,5.9676743
-44.0,-168.0,14.0,5.823285
-44.0,-166.0,14.0,5.6794705
-44.0,-164.0,14.0,5.447971
-44.0,-162.0,14.0,5.4007425
-44.0,-160.0,14.0,5.6127057
-44.0,-158.0,14.0,5.703883
-44.0,-156.0,14.0,5.635963
-44.0,-154.0,14.0,5.6008983
-44.0,-152.0,14.0,5.546323
-44.0,-150.0,14.0,5.2899313
-44.0,-148.0,14.0,4.8815517
-44.0,-146.0,14.0,5.104698
-44.0,-144.0,14.0,5.3144045
-44.0,-142.0,14.0,5.322554
-44.0,-140.0,14.0,5.1403675
-44.0,-138.0,14.0,4.896801
-44.0,-136.0,14.0,4.8104787
-44.0,-134.0,14.0,4.761575
-44.0,-132.0,14.0,4.6895676
-44.0,-130.0,14.0,4.7394767
-44.0,-128.0,14.0,4.332755
-44.0,-126.0,14.0,4.1166983
-44.0,-124.0,14.0,4.180656
-44.0,-122.0,14.0,4.2397623
-44.0,-120.0,14.0,4.317166
-44.0,-118.0,14.0,4.3085675
-44.0,-116.0,14.0,4.4908457
-44.0,-114.0,14.0,4.2966385
-44.0,-112.0,14.0,4.000892
-44.0,-110.0,14.0,3.7979925
-44.0,-108.0,14.0,3.7364078
-44.0,-106.0,14.0,3.521898
-44.0,-104.0,14.0,3.4325209
-44.0,-102.0,14.0,3.5808125
-44.0,-100.0,14.0,3.5900235
-44.0,-98.0,14.0,3.5945895
-44.0,-96.0,14.0,3.6061792
-44.0,-94.0,14.0,3.5784411
-44.0,-92.0,14.0,3.4527526
-44.0,-90.0,14.0,3.428286
-44.0,-88.0,14.0,3.5974333
-44.0,-86.0,14.0,3.7559566
-44.0,-84.0,14.0,3.7653167
-44.0,-82.0,14.0,3.6658955
-44.0,-80.0,14.0,3.5555606
-44.0,-78.0,14.0,3.5185094
-44.0,-76.0,14.0,3.4907725
-44.0,-74.0,14.0,3.7136621
-44.0,-72.0,14.0,3.7612798
-44.0,-70.0,14.0,3.6704905
-44.0,-68.0,14.0,3.6195672
-44.0,-66.0,14.0,3.678593
-44.0,-64.0,14.0,3.7010913
-44.0,-62.0,14.0,3.6701853
-44.0,-60.0,14.0,3.8897848
-44.0,-58.0,14.0,3.769538
-44.0,-56.0,14.0,3.7594485
-44.0,-54.0,14.0,4.0969143
-44.0,-52.0,14.0,4.103348
-44.0,-50.0,14.0,4.207686
-44.0,-48.0,14.0,3.9652224
-44.0,-46.0,14.0,4.2058425
-44.0,-44.0,14.0,4.599803
-44.0,-42.0,14.0,4.6050396
-44.0,-40.0,14.0,4.686073
-44.0,-38.0,14.0,4.782725
-44.0,-36.0,14.0,4.980375
-44.0,-34.0,14.0,5.117284
-44.0,-32.0,14.0,5.050858
-44.0,-30.0,14.0,5.1167507
-44.0,-28.0,14.0,5.2090755
-44.0,-26.0,14.0,5.083465
-44.0,-24.0,14.0,4.9700146
-44.0,-22.0,14.0,5.2339253
-44.0,-20.0,14.0,5.389211
-44.0,-18.0,14.0,5.380137
-44.0,-16.0,14.0,5.386937
-44.0,-14.0,14.0,5.640577
-44.0,-12.0,14.0,5.816457
-44.0,-10.0,14.0,5.7899218
-44.0,-8.0,14.0,6.0450606
-44.0,-6.0,14.0,6.5042496
-44.0,-4.0,14.0,6.3138323
-44.0,-2.0,14.0,6.096428
-44.0,0.0,14.0,5.9931097
-44.0,2.0,14.0,5.936848
-44.0,4.0,14.0,5.772869
-44.0,6.0,14.0,5.817812
-44.0,8.0,14.0,6.1152363
-44.0,10.0,14.0,6.127775
-44.0,12.0,14.0,5.8704453
-44.0,14.0,14.0,5.8438716
-44.0,16.0,14.0,6.0941596
-44.0,18.0,14.0,6.0989842
-44.0,20.0,14.0,6.153
-44.0,22.0,14.0,6.637215
-44.0,24.0,14.0,6.7692566
-44.0,26.0,14.0,6.4249716
-44.0,28.0,14.0,6.260767
-44.0,30.0,14.0,6.2979198
-44.0,32.0,14.0,6.362988
-44.0,34.0,14.0,6.171507
-44.0,36.0,14.0,6.207755
-44.0,38.0,14.0,6.412826
-44.0,40.0,14.0,6.365995
-44.0,42.0,14.0,6.2109175
-44.0,44.0,14.0,6.186656
-44.0,46.0,14.0,6.200061
-44.0,48.0,14.0,6.197662
-44.0,50.0,14.0,6.422808
-44.0,52.0,14.0,6.572522
-44.0,54.0,14.0,6.5740914
-44.0,56.0,14.0,6.4416423
-44.0,58.0,14.0,6.3715353
-44.0,60.0,14.0,6.606876
-44.0,62.0,14.0,7.0108027
-44.0,64.0,14.0,7.1516237
-44.0,66.0,14.0,7.156877
-44.0,68.0,14.0,7.0223103
-44.0,70.0,14.0,6.697014
-44.0,72.0,14.0,6.5212717
-44.0,74.0,14.0,6.485987
-44.0,76.0,14.0,6.454054
-44.0,78.0,14.0,6.5169187
-44.0,80.0,14.0,6.814849
-44.0,82.0,14.0,7.1154695
-44.0,84.0,14.0,7.3063016
-44.0,86.0,14.0,7.0163426
-44.0,88.0,14.0,6.7478886
-44.0,90.0,14.0,6.827033
-44.0,92.0,14.0,6.9923067
-44.0,94.0,14.0,7.1956873
-44.0,96.0,14.0,7.3850856
-44.0,98.0,14.0,7.2146697
-44.0,100.0,14.0,6.876698
-44.0,102.0,14.0,6.686068
-44.0,104.0,14.0,6.563265
-44.0,106.0,14.0,6.5548363
-44.0,108.0,14.0,6.6585593
-44.0,110.0,14.0,6.818473
-44.0,112.0,14.0,6.992817
-44.0,114.0,14.0,7.282181
-44.0,116.0,14.0,7.170943
-44.0,118.0,14.0,6.9287524
-44.0,120.0,14.0,6.780513
-44.0,122.0,14.0,6.68657
-44.0,124.0,14.0,6.6309934
-44.0,126.0,14.0,6.553811
-44.0,128.0,14.0,6.66789
-44.0,130.0,14.0,6.7852697
-44.0,132.0,14.0,6.5794635
-44.0,134.0,14.0,6.3042526
-44.0,136.0,14.0,6.1665044
-44.0,138.0,14.0,6.3595257
-44.0,140.0,14.0,6.7511473
-44.0,142.0,14.0,6.7142973
-44.0,144.0,14.0,6.462715
-44.0,146.0,14.0,6.3787627
-44.0,148.0,14.0,6.570862
-44.0,150.0,14.0,6.6578727
-44.0,152.0,14.0,6.494951
-44.0,154.0,14.0,6.5307183
-44.0,156.0,14.0,6.875657
-44.0,158.0,14.0,6.8846908
-44.0,160.0,14.0,6.5831056
-44.0,162.0,14.0,6.449906
-44.0,164.0,14.0,6.52911
-44.0,166.0,14.0,6.3867393
-44.0,168.0,14.0,6.2810335
-44.0,170.0,14.0,6.3524003
-44.0,172.0,14.0,6.541901
-44.0,174.0,14.0,6.334264
-44.0,176.0,14.0,6.176157
-44.0,178.0,14.0,6.2603116
-44.0,180.0,14.0,6.093643
-42.0,-180.0,14.0,5.4841824
-42.0,-178.0,14.0,5.061867
-42.0,-176.0,14.0,5.4937234
-42.0,-174.0,14.0,5.7269993
-42.0,-172.0,14.0,5.577761
-42.0,-170.0,14.0,5.472124
-42.0,-168.0,14.0,5.3074894
-42.0,-166.0,14.0,5.132714
-42.0,-164.0,14.0,4.8716164
-42.0,-162.0,14.0,4.844497
-42.0,-160.0,14.0,5.0499516
-42.0,-158.0,14.0,5.0918517
-42.0,-156.0,14.0,5.0102
-42.0,-154.0,14.0,5.0877275
-42.0,-152.0,14.0,5.0343766
-42.0,-150.0,14.0,4.7253017
-42.0,-148.0,14.0,4.47548
-42.0,-146.0,14.0,4.7121806
-42.0,-144.0,14.0,4.852822
-42.0,-142.0,14.0,4.9244914
-42.0,-140.0,14.0,4.694186
-42.0,-138.0,14.0,4.442481
-42.0,-136.0,14.0,4.35024
-42.0,-134.0,14.0,4.267115
-42.0,-132.0,14.0,4.1229177
-42.0,-130.0,14.0,4.191796
-42.0,-128.0,14.0,3.9957318
-42.0,-126.0,14.0,3.7079072
-42.0,-124.0,14.0,3.7081401
-42.0,-122.0,14.0,3.7961497
-42.0,-120.0,14.0,3.7890353
-42.0,-118.0,14.0,3.779546
-42.0,-116.0,14.0,3.8234773
-42.0,-114.0,14.0,3.8382983
-42.0,-112.0,14.0,3.6397042
-42.0,-110.0,14.0,3.4980865
-42.0,-108.0,14.0,3.4083436
-42.0,-106.0,14.0,3.3058515
-42.0,-104.0,14.0,3.3043497
-42.0,-102.0,14.0,3.2876904
-42.0,-100.0,14.0,3.2315903
-42.0,-98.0,14.0,3.3345993
-42.0,-96.0,14.0,3.427612
-42.0,-94.0,14.0,3.3298411
-42.0,-92.0,14.0,3.2974477
-42.0,-90.0,14.0,3.2013106
-42.0,-88.0,14.0,3.417326
-42.0,-86.0,14.0,3.5145984
-42.0,-84.0,14.0,3.6288075
-42.0,-82.0,14.0,3.5666277
-42.0,-80.0,14.0,3.3778238
-42.0,-78.0,14.0,3.3961322
-42.0,-76.0,14.0,3.3899755
-42.0,-74.0,14.0,3.4919102
-42.0,-72.0,14.0,3.5089643
-42.0,-70.0,14.0,3.5126607
-42.0,-68.0,14.0,3.4731107
-42.0,-66.0,14.0,3.4342227
-42.0,-64.0,14.0,3.5180447
-42.0,-62.0,14.0,3.6295145
-42.0,-60.0,14.0,3.6163812
-42.0,-58.0,14.0,3.4589548
-42.0,-56.0,14.0,3.4795237
-42.0,-54.0,14.0,3.873881
-42.0,-52.0,14.0,3.9686964
-42.0,-50.0,14.0,3.9152708
-42.0,-48.0,14.0,3.8261619
-42.0,-46.0,14.0,4.1540956
-42.0,-44.0,14.0,4.4798145
-42.0,-42.0,14.0,4.4762387
-42.0,-40.0,14.0,4.321587
-42.0,-38.0,14.0,4.245828
-42.0,-36.0,14.0,4.420522
-42.0,-34.0,14.0,4.632684
-42.0,-32.0,14.0,4.553431
-42.0,-30.0,14.0,4.6151905
-42.0,-28.0,14.0,4.6115227
-42.0,-26.0,14.0,4.620021
-42.0,-24.0,14.0,4.5665073
-42.0,-22.0,14.0,4.702969
-42.0,-20.0,14.0,4.9639287
-42.0,-18.0,14.0,4.9963946
-42.0,-16.0,14.0,4.995013
-42.0,-14.0,14.0,5.2809815
-42.0,-12.0,14.0,5.3153863
-42.0,-10.0,14.0,5.3000846
-42.0,-8.0,14.0,5.5636015
-42.0,-6.0,14.0,5.991205
-42.0,-4.0,14.0,5.8302355
-42.0,-2.0,14.0,5.5661774
-42.0,0.0,14.0,5.423848
-42.0,2.0,14.0,5.3540173
-42.0,4.0,14.0,5.261414
-42.0,6.0,14.0,5.382852
-42.0,8.0,14.0,5.673256
-42.0,10.0,14.0,5.6348324
-42.0,12.0,14.0,5.4553714
-42.0,14.0,14.0,5.4856625
-42.0,16.0,14.0,5.604955
-42.0,18.0,14.0,5.6162724
-42.0,20.0,14.0,5.64078
-42.0,22.0,14.0,6.0781813
-42.0,24.0,14.0,6.1413403
-42.0,26.0,14.0,5.800517
-42.0,28.0,14.0,5.6437664
-42.0,30.0,14.0,5.7719393
-42.0,32.0,14.0,5.858192
-42.0,34.0,14.0,5.6038246
-42.0,36.0,14.0,5.644045
-42.0,38.0,14.0,5.8510017
-42.0,40.0,14.0,5.822607
-42.0,42.0,14.0,5.678716
-42.0,44.0,14.0,5.7299337
-42.0,46.0,14.0,5.788109
-42.0,48.0,14.0,5.819239
-42.0,50.0,14.0,5.9911413
-42.0,52.0,14.0,6.093692
-42.0,54.0,14.0,6.0478725
-42.0,56.0,14.0,5.906385
-42.0,58.0,14.0,5.802438
-42.0,60.0,14.0,6.032337
-42.0,62.0,14.0,6.413781
-42.0,64.0,14.0,6.543685
-42.0,66.0,14.0,6.5382586
-42.0,68.0,14.0,6.445586
-42.0,70.0,14.0,6.2573876
-42.0,72.0,14.0,6.040449
-42.0,74.0,14.0,5.8873506
-42.0,76.0,14.0,5.96949
-42.0,78.0,14.0,6.151087
-42.0,80.0,14.0,6.2789297
-42.0,82.0,14.0,6.525187
-42.0,84.0,14.0,6.7902727
-42.0,86.0,14.0,6.569844
-42.0,88.0,14.0,6.1983647
-42.0,90.0,14.0,6.3837957
-42.0,92.0,14.0,6.5790634
-42.0,94.0,14.0,6.7369943
-42.0,96.0,14.0,6.8687363
-42.0,98.0,14.0,6.6923637
-42.0,100.0,14.0,6.395685
-42.0,102.0,14.0,6.164391
-42.0,104.0,14.0,6.1391063
-42.0,106.0,14.0,6.2835526
-42.0,108.0,14.0,6.365918
-42.0,110.0,14.0,6.3540454
-42.0,112.0,14.0,6.531648
-42.0,114.0,14.0,6.834637
-42.0,116.0,14.0,6.6674385
-42.0,118.0,14.0,6.342866
-42.0,120.0,14.0,6.2532625
-42.0,122.0,14.0,6.245152
-42.0,124.0,14.0,6.2430177
-42.0,126.0,14.0,6.0241413
-42.0,128.0,14.0,6.127165
-42.0,130.0,14.0,6.2755895
-42.0,132.0,14.0,6.045509
-42.0,134.0,14.0,5.7065315
-42.0,136.0,14.0,5.471543
-42.0,138.0,14.0,5.7465706
-42.0,140.0,14.0,6.17731
-42.0,142.0,14.0,6.147517
-42.0,144.0,14.0,5.820367
-42.0,146.0,14.0,5.7088847
-42.0,148.0,14.0,5.954711
-42.0,150.0,14.0,6.091727
-42.0,152.0,14.0,5.9051075
-42.0,154.0,14.0,6.0448246
-42.0,156.0,14.0,6.417945
-42.0,158.0,14.0,6.359084
-42.0,160.0,14.0,5.909102
-42.0,162.0,14.0,5.8574977
-42.0,164.0,14.0,5.8206096
-42.0,166.0,14.0,5.6488223
-42.0,168.0,14.0,5.516158
-42.0,170.0,14.0,5.7158055
-42.0,172.0,14.0,5.906295
-42.0,174.0,14.0,5.680863
-42.0,176.0,14.0,5.497072
-42.0,178.0,14.0,5.65124
-42.0,180.0,14.0,5.4841824
-40.0,-180.0,14.0,5.9051566
-40.0,-178.0,14.0,5.4077015
-40.0,-176.0,14.0,5.8670774
-40.0,-174.0,14.0,6.419539
-40.0,-172.0,14.0,6.0383763
-40.0,-170.0,14.0,5.563723
-40.0,-168.0,14.0,5.6272197
-40.0,-166.0,14.0,5.438983
-40.0,-164.0,14.0,5.139685
-40.0,-162.0,14.0,5.07451
-40.0,-160.0,14.0,5.40665
-40.0,-158.0,14.0,5.3835607
-40.0,-156.0,14.0,5.2779894
-40.0,-154.0,14.0,5.227534
-40.0,-152.0,14.0,5.328495
-40.0,-150.0,14.0,5.0710397
-40.0,-148.0,14.0,4.4976463
-40.0,-146.0,14.0,4.7754073
-40.0,-144.0,14.0,5.087745
-40.0,-142.0,14.0,5.0657806
-40.0,-140.0,14.0,4.743522
-40.0,-138.0,14.0,4.5114026
-40.0,-136.0,14.0,4.417911
-40.0,-134.0,14.0,4.3509784
-40.0,-132.0,14.0,4.1257453
-40.0,-130.0,14.0,4.237744
-40.0,-128.0,14.0,4.023353
-40.0,-126.0,14.0,3.703207
-40.0,-124.0,14.0,3.8131726
-40.0,-122.0,14.0,3.9007254
-40.0,-120.0,14.0,3.9383304
-40.0,-118.0,14.0,3.7451837
-40.0,-116.0,14.0,3.9322224
-40.0,-114.0,14.0,4.043639
-40.0,-112.0,14.0,3.7174802
-40.0,-110.0,14.0,3.5918472
-40.0,-108.0,14.0,3.6756155
-40.0,-106.0,14.0,3.529045
-40.0,-104.0,14.0,3.3833396
-40.0,-102.0,14.0,3.3777242
-40.0,-100.0,14.0,3.4217248
-40.0,-98.0,14.0,3.4274046
-40.0,-96.0,14.0,3.455641
-40.0,-94.0,14.0,3.3379138
-40.0,-92.0,14.0,3.4034495
-40.0,-90.0,14.0,3.4839656
-40.0,-88.0,14.0,3.5464547
-40.0,-86.0,14.0,3.7787726
-40.0,-84.0,14.0,4.005868
-40.0,-82.0,14.0,3.833055
-40.0,-80.0,14.0,3.594935
-40.0,-78.0,14.0,3.7113864
-40.0,-76.0,14.0,3.601313
-40.0,-74.0,14.0,3.6272306
-40.0,-72.0,14.0,3.793384
-40.0,-70.0,14.0,3.801213
-40.0,-68.0,14.0,3.6666594
-40.0,-66.0,14.0,3.6703312
-40.0,-64.0,14.0,3.8230562
-40.0,-62.0,14.0,3.999093
-40.0,-60.0,14.0,4.064797
-40.0,-58.0,14.0,3.8229253
-40.0,-56.0,14.0,3.8530643
-40.0,-54.0,14.0,4.2444816
-40.0,-52.0,14.0,4.4642606
-40.0,-50.0,14.0,4.406725
-40.0,-48.0,14.0,4.2176104
-40.0,-46.0,14.0,4.569553
-40.0,-44.0,14.0,4.7963195
-40.0,-42.0,14.0,4.736965
-40.0,-40.0,14.0,4.7016215
-40.0,-38.0,14.0,4.66968
-40.0,-36.0,14.0,4.7513323
-40.0,-34.0,14.0,4.8556623
-40.0,-32.0,14.0,4.8802557
-40.0,-30.0,14.0,5.048847
-40.0,-28.0,14.0,5.0616245
-40.0,-26.0,14.0,5.0339255
-40.0,-24.0,14.0,5.0545464
-40.0,-22.0,14.0,5.3873405
-40.0,-20.0,14.0,5.5105395
-40.0,-18.0,14.0,5.423359
-40.0,-16.0,14.0,5.529772
-40.0,-14.0,14.0,5.9014974
-40.0,-12.0,14.0,5.917453
-40.0,-10.0,14.0,5.874084
-40.0,-8.0,14.0,6.2108536
-40.0,-6.0,14.0,6.5495605
-40.0,-4.0,14.0,6.317881
-40.0,-2.0,14.0,6.0391884
-40.0,0.0,14.0,6.093646
-40.0,2.0,14.0,5.890256
-40.0,4.0,14.0,5.717462
-40.0,6.0,14.0,6.0702376
-40.0,8.0,14.0,6.291276
-40.0,10.0,14.0,6.2716184
-40.0,12.0,14.0,6.1768036
-40.0,14.0,14.0,6.187156
-40.0,16.0,14.0,6.278195
-40.0,18.0,14.0,6.2047963
-40.0,20.0,14.0,6.2978873
-40.0,22.0,14.0,6.703113
-40.0,24.0,14.0,6.7305884
-40.0,26.0,14.0,6.4015756
-40.0,28.0,14.0,6.243945
-40.0,30.0,14.0,6.306616
-40.0,32.0,14.0,6.310456
-40.0,34.0,14.0,6.0540524
-40.0,36.0,14.0,6.0877852
-40.0,38.0,14.0,6.2978544
-40.0,40.0,14.0,6.3792944
-40.0,42.0,14.0,6.2938294
-40.0,44.0,14.0,6.397
-40.0,46.0,14.0,6.410738
-40.0,48.0,14.0,6.410323
-40.0,50.0,14.0,6.511632
-40.0,52.0,14.0,6.6449943
-40.0,54.0,14.0,6.6556983
-40.0,56.0,14.0,6.5221806
-40.0,58.0,14.0,6.3968573
-40.0,60.0,14.0,6.609818
-40.0,62.0,14.0,7.0109925
-40.0,64.0,14.0,7.0562286
-40.0,66.0,14.0,6.954408
-40.0,68.0,14.0,6.928495
-40.0,70.0,14.0,6.8425374
-40.0,72.0,14.0,6.608633
-40.0,74.0,14.0,6.5464306
-40.0,76.0,14.0,6.719793
-40.0,78.0,14.0,7.030207
-40.0,80.0,14.0,6.930824
-40.0,82.0,14.0,7.152418
-40.0,84.0,14.0,7.65597
-40.0,86.0,14.0,7.495851
-40.0,88.0,14.0,6.8686576
-40.0,90.0,14.0,7.132154
-40.0,92.0,14.0,7.5207014
-40.0,94.0,14.0,7.45267
-40.0,96.0,14.0,7.365732
-40.0,98.0,14.0,7.4317093
-40.0,100.0,14.0,7.168103
-40.0,102.0,14.0,6.9957995
-40.0,104.0,14.0,6.9485993
-40.0,106.0,14.0,7.362132
-40.0,108.0,14.0,7.4149895
-40.0,110.0,14.0,7.1647243
-40.0,112.0,14.0,7.4613247
-40.0,114.0,14.0,7.864829
-40.0,116.0,14.0,7.6759562
-40.0,118.0,14.0,7.261376
-40.0,120.0,14.0,7.161208
-40.0,122.0,14.0,7.278013
-40.0,124.0,14.0,7.0663695
-40.0,126.0,14.0,6.7728033
-40.0,128.0,14.0,6.727736
-40.0,130.0,14.0,7.0762944
-40.0,132.0,14.0,7.105886
-40.0,134.0,14.0,6.635878
-40.0,136.0,14.0,6.3037086
-40.0,138.0,14.0,6.5949826
-40.0,140.0,14.0,6.9785485
-40.0,142.0,14.0,7.002856
-40.0,144.0,14.0,6.632791
-40.0,146.0,14.0,6.3808293
-40.0,148.0,14.0,6.607344
-40.0,150.0,14.0,6.83949
-40.0,152.0,14.0,6.8531284
-40.0,154.0,14.0,6.9071255
-40.0,156.0,14.0,7.363031
-40.0,158.0,14.0,7.244827
-40.0,160.0,14.0,6.592131
-40.0,162.0,14.0,6.382356
-40.0,164.0,14.0,6.6392655
-40.0,166.0,14.0,6.382603
-40.0,168.0,14.0,6.1495633
-40.0,170.0,14.0,6.304587
-40.0,172.0,14.0,6.465746
-40.0,174.0,14.0,6.030909
-40.0,176.0,14.0,5.721952
-40.0,178.0,14.0,5.979437
-40.0,180.0,14.0,5.9051566
-38.0,-180.0,14.0,6.2061872
-38.0,-178.0,14.0,5.8313675
-38.0,-176.0,14.0,6.048243
-38.0,-174.0,14.0,6.6976438
-38.0,-172.0,14.0,6.169765
-38.0,-170.0,14.0,5.8012905
-38.0,-168.0,14.0,5.776505
-38.0,-166.0,14.0,5.6471324
-38.0,-164.0,14.0,5.358579
-38.0,-162.0,14.0,5.364774
-38.0,-160.0,14.0,5.5304255
-38.0,-158.0,14.0,5.518266
-38.0,-156.0,14.0,5.4428487
-38.0,-154.0,14.0,5.3831935
-38.0,-152.0,14.0,5.3543963
-38.0,-150.0,14.0,5.1677194
-38.0,-148.0,14.0,4.7066283
-38.0,-146.0,14.0,4.7183623
-38.0,-144.0,14.0,5.0231175
-38.0,-142.0,14.0,4.987234
-38.0,-140.0,14.0,4.700911
-38.0,-138.0,14.0,4.403871
-38.0,-136.0,14.0,4.4209833
-38.0,-134.0,14.0,4.414182
-38.0,-132.0,14.0,4.29262
-38.0,-130.0,14.0,4.453818
-38.0,-128.0,14.0,4.215011
-38.0,-126.0,14.0,3.7538257
-38.0,-124.0,14.0,3.8043044
-38.0,-122.0,14.0,3.939673
-38.0,-120.0,14.0,4.1701217
-38.0,-118.0,14.0,4.1432066
-38.0,-116.0,14.0,4.1254315
-38.0,-114.0,14.0,4.118479
-38.0,-112.0,14.0,3.867301
-38.0,-110.0,14.0,3.6939101
-38.0,-108.0,14.0,3.7107792
-38.0,-106.0,14.0,3.6014037
-38.0,-104.0,14.0,3.5325046
-38.0,-102.0,14.0,3.5948534
-38.0,-100.0,14.0,3.5697515
-38.0,-98.0,14.0,3.684053
-38.0,-96.0,14.0,3.6502247
-38.0,-94.0,14.0,3.4910617
-38.0,-92.0,14.0,3.6033607
-38.0,-90.0,14.0,3.700805
-38.0,-88.0,14.0,3.8353577
-38.0,-86.0,14.0,4.050012
-38.0,-84.0,14.0,4.3117285
-38.0,-82.0,14.0,4.1635246
-38.0,-80.0,14.0,3.7589982
-38.0,-78.0,14.0,3.8738441
-38.0,-76.0,14.0,3.7435868
-38.0,-74.0,14.0,3.7993343
-38.0,-72.0,14.0,3.9485333
-38.0,-70.0,14.0,3.8697064
-38.0,-68.0,14.0,3.8592396
-38.0,-66.0,14.0,3.7780094
-38.0,-64.0,14.0,4.0181794
-38.0,-62.0,14.0,4.1600103
-38.0,-60.0,14.0,4.247796
-38.0,-58.0,14.0,4.0536633
-38.0,-56.0,14.0,3.963317
-38.0,-54.0,14.0,4.310961
-38.0,-52.0,14.0,4.4879255
-38.0,-50.0,14.0,4.5593057
-38.0,-48.0,14.0,4.418667
-38.0,-46.0,14.0,4.6017
-38.0,-44.0,14.0,4.8017173
-38.0,-42.0,14.0,4.681952
-38.0,-40.0,14.0,4.853892
-38.0,-38.0,14.0,4.846685
-38.0,-36.0,14.0,4.915612
-38.0,-34.0,14.0,4.771357
-38.0,-32.0,14.0,4.944021
-38.0,-30.0,14.0,5.199009
-38.0,-28.0,14.0,5.2570844
-38.0,-26.0,14.0,5.0236616
-38.0,-24.0,14.0,4.992284
-38.0,-22.0,14.0,5.304477
-38.0,-20.0,14.0,5.5591936
-38.0,-18.0,14.0,5.4920955
-38.0,-16.0,14.0,5.667296
-38.0,-14.0,14.0,5.949609
-38.0,-12.0,14.0,5.8886895
-38.0,-10.0,14.0,5.7292213
-38.0,-8.0,14.0,6.193659
-38.0,-6.0,14.0,6.7248516
-38.0,-4.0,14.0,6.3148656
-38.0,-2.0,14.0,6.158519
-38.0,0.0,14.0,6.134786
-38.0,2.0,14.0,5.9323435
-38.0,4.0,14.0,5.7024517
-38.0,6.0,14.0,6.0393023
-38.0,8.0,14.0,6.417874
-38.0,10.0,14.0,6.488872
-38.0,12.0,14.0,6.3482366
-38.0,14.0,14.0,6.5029316
-38.0,16.0,14.0,6.6159267
-38.0,18.0,14.0,6.6220293
-38.0,20.0,14.0,6.6991277
-38.0,22.0,14.0,7.0165668
-38.0,24.0,14.0,7.0901923
-38.0,26.0,14.0,6.9407196
-38.0,28.0,14.0,6.842044
-38.0,30.0,14.0,6.7595215
-38.0,32.0,14.0,6.695371
-38.0,34.0,14.0,6.378215
-38.0,36.0,14.0,6.4570203
-38.0,38.0,14.0,6.7179503
-38.0,40.0,14.0,6.8489447
-38.0,42.0,14.0,6.8038697
-38.0,44.0,14.0,6.8220057
-38.0,46.0,14.0,6.761418
-38.0,48.0,14.0,6.785349
-38.0,50.0,14.0,6.921091
-38.0,52.0,14.0,7.1474795
-38.0,54.0,14.0,7.2011204
-38.0,56.0,14.0,7.0849557
-38.0,58.0,14.0,6.890563
-38.0,60.0,14.0,7.1402135
-38.0,62.0,14.0,7.4659724
-38.0,64.0,14.0,7.535703
-38.0,66.0,14.0,7.4721036
-38.0,68.0,14.0,7.4238644
-38.0,70.0,14.0,7.4099865
-38.0,72.0,14.0,7.2264485
-38.0,74.0,14.0,7.103252
-38.0,76.0,14.0,7.3111434
-38.0,78.0,14.0,7.6009216
-38.0,80.0,14.0,7.5775714
-38.0,82.0,14.0,7.63854
-38.0,84.0,14.0,7.986258
-38.0,86.0,14.0,8.024794
-38.0,88.0,14.0,7.627008
-38.0,90.0,14.0,7.6550226
-38.0,92.0,14.0,8.018554
-38.0,94.0,14.0,7.972859
-38.0,96.0,14.0,7.9280615
-38.0,98.0,14.0,7.93465
-38.0,100.0,14.0,7.7491956
-38.0,102.0,14.0,7.535992
-38.0,104.0,14.0,7.5535054
-38.0,106.0,14.0,7.974682
-38.0,108.0,14.0,8.061509
-38.0,110.0,14.0,7.8496237
-38.0,112.0,14.0,8.126871
-38.0,114.0,14.0,8.559874
-38.0,116.0,14.0,8.460265
-38.0,118.0,14.0,7.9935656
-38.0,120.0,14.0,7.821713
-38.0,122.0,14.0,7.7957344
-38.0,124.0,14.0,7.625533
-38.0,126.0,14.0,7.3871546
-38.0,128.0,14.0,7.3944645
-38.0,130.0,14.0,7.697442
-38.0,132.0,14.0,7.5711117
-38.0,134.0,14.0,7.1351604
-38.0,136.0,14.0,6.9330306
-38.0,138.0,14.0,7.1924124
-38.0,140.0,14.0,7.5155106
-38.0,142.0,14.0,7.399389
-38.0,144.0,14.0,7.0660686
-38.0,146.0,14.0,6.894391
-38.0,148.0,14.0,7.018137
-38.0,150.0,14.0,7.320901
-38.0,152.0,14.0,7.325244
-38.0,154.0,14.0,7.46107
-38.0,156.0,14.0,7.7558665
-38.0,158.0,14.0,7.6602354
-38.0,160.0,14.0,6.920413
-38.0,162.0,14.0,6.6737347
-38.0,164.0,14.0,6.935991
-38.0,166.0,14.0,6.7532043
-38.0,168.0,14.0,6.5667815
-38.0,170.0,14.0,6.513912
-38.0,172.0,14.0,6.6203637
-38.0,174.0,14.0,6.138009
-38.0,176.0,14.0,5.985714
-38.0,178.0,14.0,6.0526357
-38.0,180.0,14.0,6.2061872
-36.0,-180.0,14.0,5.4221377
-36.0,-178.0,14.0,5.1279507
-36.0,-176.0,14.0,5.2156353
-36.0,-174.0,14.0,5.574926
-36.0,-172.0,14.0,5.3556547
-36.0,-170.0,14.0,5.1374965
-36.0,-168.0,14.0,5.1888714
-36.0,-166.0,14.0,5.065005
-36.0,-164.0,14.0,4.751948
-36.0,-162.0,14.0,4.619751
-36.0,-160.0,14.0,4.7940083
-36.0,-158.0,14.0,4.8547916
-36.0,-156.0,14.0,4.7742906
-36.0,-154.0,14.0,4.7234716
-36.0,-152.0,14.0,4.6295977
-36.0,-150.0,14.0,4.412654
-36.0,-148.0,14.0,4.0501895
-36.0,-146.0,14.0,3.945291
-36.0,-144.0,14.0,4.183418
-36.0,-142.0,14.0,4.1585126
-36.0,-140.0,14.0,4.0765076
-36.0,-138.0,14.0,3.9700258
-36.0,-136.0,14.0,3.8990555
-36.0,-134.0,14.0,3.844902
-36.0,-132.0,14.0,3.9499545
-36.0,-130.0,14.0,4.171252
-36.0,-128.0,14.0,3.8406458
-36.0,-126.0,14.0,3.4000115
-36.0,-124.0,14.0,3.4300568
-36.0,-122.0,14.0,3.627229
-36.0,-120.0,14.0,3.74784
-36.0,-118.0,14.0,3.7327545
-36.0,-116.0,14.0,3.7112153
-36.0,-114.0,14.0,3.6522965
-36.0,-112.0,14.0,3.5537362
-36.0,-110.0,14.0,3.4072065
-36.0,-108.0,14.0,3.528682
-36.0,-106.0,14.0,3.4116232
-36.0,-104.0,14.0,3.2881985
-36.0,-102.0,14.0,3.256612
-36.0,-100.0,14.0,3.3461528
-36.0,-98.0,14.0,3.5361693
-36.0,-96.0,14.0,3.5191455
-36.0,-94.0,14.0,3.3031452
-36.0,-92.0,14.0,3.4229043
-36.0,-90.0,14.0,3.4512517
-36.0,-88.0,14.0,3.4573247
-36.0,-86.0,14.0,3.6996005
-36.0,-84.0,14.0,3.9981337
-36.0,-82.0,14.0,3.869411
-36.0,-80.0,14.0,3.5156643
-36.0,-78.0,14.0,3.6886837
-36.0,-76.0,14.0,3.5319462
-36.0,-74.0,14.0,3.4333243
-36.0,-72.0,14.0,3.6000485
-36.0,-70.0,14.0,3.686419
-36.0,-68.0,14.0,3.6388032
-36.0,-66.0,14.0,3.6499836
-36.0,-64.0,14.0,3.8154488
-36.0,-62.0,14.0,3.9576344
-36.0,-60.0,14.0,3.9759812
-36.0,-58.0,14.0,3.7474418
-36.0,-56.0,14.0,3.6789613
-36.0,-54.0,14.0,3.9530997
-36.0,-52.0,14.0,4.1156216
-36.0,-50.0,14.0,4.222168
-36.0,-48.0,14.0,4.233968
-36.0,-46.0,14.0,4.4035068
-36.0,-44.0,14.0,4.572252
-36.0,-42.0,14.0,4.4872527
-36.0,-40.0,14.0,4.555045
-36.0,-38.0,14.0,4.560486
-36.0,-36.0,14.0,4.5583467
-36.0,-34.0,14.0,4.4429445
-36.0,-32.0,14.0,4.603957
-36.0,-30.0,14.0,4.83813
-36.0,-28.0,14.0,4.7787495
-36.0,-26.0,14.0,4.6938787
-36.0,-24.0,14.0,4.644904
-36.0,-22.0,14.0,4.8787327
-36.0,-20.0,14.0,5.1880674
-36.0,-18.0,14.0,5.2688103
-36.0,-16.0,14.0,5.307275
-36.0,-14.0,14.0,5.581169
-36.0,-12.0,14.0,5.5503745
-36.0,-10.0,14.0,5.4707623
-36.0,-8.0,14.0,5.716243
-36.0,-6.0,14.0,6.1402793
-36.0,-4.0,14.0,5.8413014
-36.0,-2.0,14.0,5.7361083
-36.0,0.0,14.0,5.719187
-36.0,2.0,14.0,5.5101986
-36.0,4.0,14.0,5.3315735
-36.0,6.0,14.0,5.560426
-36.0,8.0,14.0,5.896089
-36.0,10.0,14.0,6.0473795
-36.0,12.0,14.0,5.863488
-36.0,14.0,14.0,5.96999
-36.0,16.0,14.0,6.0904684
-36.0,18.0,14.0,6.131844
-36.0,20.0,14.0,6.167653
-36.0,22.0,14.0,6.419245
-36.0,24.0,14.0,6.4620657
-36.0,26.0,14.0,6.350595
-36.0,28.0,14.0,6.2940006
-36.0,30.0,14.0,6.2241626
-36.0,32.0,14.0,6.1465154
-36.0,34.0,14.0,5.8193974
-36.0,36.0,14.0,5.8786836
-36.0,38.0,14.0,6.1029754
-36.0,40.0,14.0,6.1444407
-36.0,42.0,14.0,6.137402
-36.0,44.0,14.0,6.088945
-36.0,46.0,14.0,6.113712
-36.0,48.0,14.0,6.168677
-36.0,50.0,14.0,6.2777085
-36.0,52.0,14.0,6.3797827
-36.0,54.0,14.0,6.4624586
-36.0,56.0,14.0,6.352909
-36.0,58.0,14.0,6.230272
-36.0,60.0,14.0,6.44578
-36.0,62.0,14.0,6.781814
-36.0,64.0,14.0,6.826728
-36.0,66.0,14.0,6.7261586
-36.0,68.0,14.0,6.55055
-36.0,70.0,14.0,6.5188217
-36.0,72.0,14.0,6.4054413
-36.0,74.0,14.0,6.3556557
-36.0,76.0,14.0,6.536803
-36.0,78.0,14.0,6.790689
-36.0,80.0,14.0,6.7571287
-36.0,82.0,14.0,6.811879
-36.0,84.0,14.0,7.0947504
-36.0,86.0,14.0,7.200747
-36.0,88.0,14.0,6.9040523
-36.0,90.0,14.0,6.966551
-36.0,92.0,14.0,7.047879
-36.0,94.0,14.0,7.04648
-36.0,96.0,14.0,7.048272
-36.0,98.0,14.0,6.9831038
-36.0,100.0,14.0,6.9073105
-36.0,102.0,14.0,6.7789583
-36.0,104.0,14.0,6.81115
-36.0,106.0,14.0,7.0382037
-36.0,108.0,14.0,7.0221796
-36.0,110.0,14.0,6.955365
-36.0,112.0,14.0,7.1028566
-36.0,114.0,14.0,7.409006
-36.0,116.0,14.0,7.3906803
-36.0,118.0,14.0,7.0560517
-36.0,120.0,14.0,6.9378343
-36.0,122.0,14.0,6.9736543
-36.0,124.0,14.0,6.749757
-36.0,126.0,14.0,6.585934
-36.0,128.0,14.0,6.514118
-36.0,130.0,14.0,6.8059435
-36.0,132.0,14.0,6.574728
-36.0,134.0,14.0,6.221377
-36.0,136.0,14.0,6.140423
-36.0,138.0,14.0,6.414815
-36.0,140.0,14.0,6.7008758
-36.0,142.0,14.0,6.6919017
-36.0,144.0,14.0,6.344935
-36.0,146.0,14.0,6.24276
-36.0,148.0,14.0,6.243714
-36.0,150.0,14.0,6.3608356
-36.0,152.0,14.0,6.306086
-36.0,154.0,14.0,6.3298707
-36.0,156.0,14.0,6.515356
-36.0,158.0,14.0,6.4317985
-36.0,160.0,14.0,5.9485526
-36.0,162.0,14.0,5.858027
-36.0,164.0,14.0,5.9177403
-36.0,166.0,14.0,5.8340144
-36.0,168.0,14.0,5.632554
-36.0,170.0,14.0,5.6740522
-36.0,172.0,14.0,5.721709
-36.0,174.0,14.0,5.5203304
-36.0,176.0,14.0,5.4409575
-36.0,178.0,14.0,5.5108747
-36.0,180.0,14.0,5.4221377
-34.0,-180.0,14.0,4.6776776
-34.0,-178.0,14.0,4.3690434
-34.0,-176.0,14.0,4.478443
-34.0,-174.0,14.0,4.867485
-34.0,-172.0,14.0,4.6777396
-34.0,-170.0,14.0,4.452447
-34.0,-168.0,14.0,4.490041
-34.0,-166.0,14.0,4.340298
-34.0,-164.0,14.0,3.9868429
-34.0,-162.0,14.0,3.8715696
-34.0,-160.0,14.0,4.1079426
-34.0,-158.0,14.0,4.214688
-34.0,-156.0,14.0,4.0542
-34.0,-154.0,14.0,4.044874
-34.0,-152.0,14.0,3.9637158
-34.0,-150.0,14.0,3.761644
-34.0,-148.0,14.0,3.5083582
-34.0,-146.0,14.0,3.4736536
-34.0,-144.0,14.0,3.627997
-34.0,-142.0,14.0,3.631042
-34.0,-140.0,14.0,3.5688536
-34.0,-138.0,14.0,3.490804
-34.0,-136.0,14.0,3.4064744
-34.0,-134.0,14.0,3.2953637
-34.0,-132.0,14.0,3.3835952
-34.0,-130.0,14.0,3.4671154
-34.0,-128.0,14.0,3.1285655
-34.0,-126.0,14.0,2.994834
-34.0,-124.0,14.0,3.1327188
-34.0,-122.0,14.0,3.1910605
-34.0,-120.0,14.0,3.1039138
-34.0,-118.0,14.0,3.0598953
-34.0,-116.0,14.0,3.2074695
-34.0,-114.0,14.0,3.124246
-34.0,-112.0,14.0,3.0530627
-34.0,-110.0,14.0,2.9845955
-34.0,-108.0,14.0,3.130428
-34.0,-106.0,14.0,3.0486596
-34.0,-104.0,14.0,2.9743035
-34.0,-102.0,14.0,2.9467103
-34.0,-100.0,14.0,3.0423162
-34.0,-98.0,14.0,3.177865
-34.0,-96.0,14.0,3.2471066
-34.0,-94.0,14.0,3.131384
-34.0,-92.0,14.0,3.1069784
-34.0,-90.0,14.0,2.9714503
-34.0,-88.0,14.0,3.0643222
-34.0,-86.0,14.0,3.2474983
-34.0,-84.0,14.0,3.3704453
-34.0,-82.0,14.0,3.2295494
-34.0,-80.0,14.0,3.197582
-34.0,-78.0,14.0,3.2376392
-34.0,-76.0,14.0,3.2413483
-34.0,-74.0,14.0,3.1288188
-34.0,-72.0,14.0,3.302032
-34.0,-70.0,14.0,3.3261762
-34.0,-68.0,14.0,3.4356313
-34.0,-66.0,14.0,3.473999
-34.0,-64.0,14.0,3.5463607
-34.0,-62.0,14.0,3.4407542
-34.0,-60.0,14.0,3.5408156
-34.0,-58.0,14.0,3.4560535
-34.0,-56.0,14.0,3.512177
-34.0,-54.0,14.0,3.5609052
-34.0,-52.0,14.0,3.6308308
-34.0,-50.0,14.0,3.7738152
-34.0,-48.0,14.0,3.9022138
-34.0,-46.0,14.0,4.0673127
-34.0,-44.0,14.0,4.213948
-34.0,-42.0,14.0,4.2507796
-34.0,-40.0,14.0,4.318151
-34.0,-38.0,14.0,4.3042727
-34.0,-36.0,14.0,4.3249617
-34.0,-34.0,14.0,4.319698
-34.0,-32.0,14.0,4.26601
-34.0,-30.0,14.0,4.5131536
-34.0,-28.0,14.0,4.5348525
-34.0,-26.0,14.0,4.4233513
-34.0,-24.0,14.0,4.451825
-34.0,-22.0,14.0,4.655854
-34.0,-20.0,14.0,4.7857847
-34.0,-18.0,14.0,4.933766
-34.0,-16.0,14.0,4.8980856
-34.0,-14.0,14.0,5.174503
-34.0,-12.0,14.0,5.2529054
-34.0,-10.0,14.0,5.2299995
-34.0,-8.0,14.0,5.360551
-34.0,-6.0,14.0,5.520272
-34.0,-4.0,14.0,5.4362597
-34.0,-2.0,14.0,5.313468
-34.0,0.0,14.0,5.4048786
-34.0,2.0,14.0,5.203614
-34.0,4.0,14.0,5.098266
-34.0,6.0,14.0,5.258454
-34.0,8.0,14.0,5.444241
-34.0,10.0,14.0,5.425782
-34.0,12.0,14.0,5.321024
-34.0,14.0,14.0,5.377975
-34.0,16.0,14.0,5.461302
-34.0,18.0,14.0,5.46922
-34.0,20.0,14.0,5.444708
-34.0,22.0,14.0,5.600635
-34.0,24.0,14.0,5.645214
-34.0,26.0,14.0,5.516877
-34.0,28.0,14.0,5.3938446
-34.0,30.0,14.0,5.4522667
-34.0,32.0,14.0,5.4665656
-34.0,34.0,14.0,5.3849726
-34.0,36.0,14.0,5.3758082
-34.0,38.0,14.0,5.3697968
-34.0,40.0,14.0,5.3139167
-34.0,42.0,14.0,5.1848574
-34.0,44.0,14.0,5.2086535
-34.0,46.0,14.0,5.2617807
-34.0,48.0,14.0,5.3108587
-34.0,50.0,14.0,5.374274
-34.0,52.0,14.0,5.408352
-34.0,54.0,14.0,5.594031
-34.0,56.0,14.0,5.5593543
-34.0,58.0,14.0,5.35594
-34.0,60.0,14.0,5.4354453
-34.0,62.0,14.0,5.716342
-34.0,64.0,14.0,5.8494606
-34.0,66.0,14.0,5.773542
-34.0,68.0,14.0,5.6201897
-34.0,70.0,14.0,5.596386
-34.0,72.0,14.0,5.5557327
-34.0,74.0,14.0,5.516459
-34.0,76.0,14.0,5.5973825
-34.0,78.0,14.0,5.676242
-34.0,80.0,14.0,5.735949
-34.0,82.0,14.0,5.721965
-34.0,84.0,14.0,5.942769
-34.0,86.0,14.0,6.0639706
-34.0,88.0,14.0,5.9060097
-34.0,90.0,14.0,5.796966
-34.0,92.0,14.0,5.79739
-34.0,94.0,14.0,5.9285707
-34.0,96.0,14.0,5.971624
-34.0,98.0,14.0,5.87641
-34.0,100.0,14.0,5.891237
-34.0,102.0,14.0,5.9211373
-34.0,104.0,14.0,5.915008
-34.0,106.0,14.0,5.970116
-34.0,108.0,14.0,6.0041666
-34.0,110.0,14.0,5.950266
-34.0,112.0,14.0,5.9392986
-34.0,114.0,14.0,6.2180176
-34.0,116.0,14.0,6.187432
-34.0,118.0,14.0,5.9287715
-34.0,120.0,14.0,5.81508
-34.0,122.0,14.0,5.810882
-34.0,124.0,14.0,5.6830997
-34.0,126.0,14.0,5.6316824
-34.0,128.0,14.0,5.6034484
-34.0,130.0,14.0,5.7934604
-34.0,132.0,14.0,5.7067676
-34.0,134.0,14.0,5.431254
-34.0,136.0,14.0,5.322071
-34.0,138.0,14.0,5.3921885
-34.0,140.0,14.0,5.5919065
-34.0,142.0,14.0,5.685663
-34.0,144.0,14.0,5.544116
-34.0,146.0,14.0,5.4927163
-34.0,148.0,14.0,5.4405737
-34.0,150.0,14.0,5.4543667
-34.0,152.0,14.0,5.335019
-34.0,154.0,14.0,5.281045
-34.0,156.0,14.0,5.3431373
-34.0,158.0,14.0,5.3060665
-34.0,160.0,14.0,5.180372
-34.0,162.0,14.0,5.1649227
-34.0,164.0,14.0,5.075091
-34.0,166.0,14.0,5.0026813
-34.0,168.0,14.0,4.8273
-34.0,170.0,14.0,4.9649005
-34.0,172.0,14.0,5.019976
-34.0,174.0,14.0,4.8688917
-34.0,176.0,14.0,4.7535334
-34.0,178.0,14.0,4.8728156
-34.0,180.0,14.0,4.6776776
-32.0,-180.0,14.0,4.271515
-32.0,-178.0,14.0,4.0570216
-32.0,-176.0,14.0,4.177506
-32.0,-174.0,14.0,4.3967304
-32.0,-172.0,14.0,4.1707134
-32.0,-170.0,14.0,4.0102034
-32.0,-168.0,14.0,3.9665897
-32.0,-166.0,14.0,3.7654707
-32.0,-164.0,14.0,3.5394778
-32.0,-162.0,14.0,3.4749458
-32.0,-160.0,14.0,3.6415722
-32.0,-158.0,14.0,3.731933
-32.0,-156.0,14.0,3.6233795
-32.0,-154.0,14.0,3.7198741
-32.0,-152.0,14.0,3.7764618
-32.0,-150.0,14.0,3.5553422
-32.0,-148.0,14.0,3.2706332
-32.0,-146.0,14.0,3.1725748
-32.0,-144.0,14.0,3.2684038
-32.0,-142.0,14.0,3.3379312
-32.0,-140.0,14.0,3.2899787
-32.0,-138.0,14.0,3.151659
-32.0,-136.0,14.0,3.0527558
-32.0,-134.0,14.0,3.0159535
-32.0,-132.0,14.0,3.079732
-32.0,-130.0,14.0,3.0039406
-32.0,-128.0,14.0,2.8307943
-32.0,-126.0,14.0,2.7090428
-32.0,-124.0,14.0,2.8280206
-32.0,-122.0,14.0,2.815792
-32.0,-120.0,14.0,2.819718
-32.0,-118.0,14.0,2.7595532
-32.0,-116.0,14.0,2.8495405
-32.0,-114.0,14.0,2.8639383
-32.0,-112.0,14.0,2.8587031
-32.0,-110.0,14.0,2.8380787
-32.0,-108.0,14.0,2.935724
-32.0,-106.0,14.0,2.9995737
-32.0,-104.0,14.0,2.9222558
-32.0,-102.0,14.0,2.8669775
-32.0,-100.0,14.0,2.940994
-32.0,-98.0,14.0,3.0661724
-32.0,-96.0,14.0,3.1032243
-32.0,-94.0,14.0,2.9736953
-32.0,-92.0,14.0,2.979878
-32.0,-90.0,14.0,2.864922
-32.0,-88.0,14.0,2.9276373
-32.0,-86.0,14.0,3.049079
-32.0,-84.0,14.0,3.2569914
-32.0,-82.0,14.0,3.1489456
-32.0,-80.0,14.0,3.0876338
-32.0,-78.0,14.0,3.1338723
-32.0,-76.0,14.0,3.1382432
-32.0,-74.0,14.0,3.1128373
-32.0,-72.0,14.0,3.1438887
-32.0,-70.0,14.0,3.2220905
-32.0,-68.0,14.0,3.3020248
-32.0,-66.0,14.0,3.2934468
-32.0,-64.0,14.0,3.2411432
-32.0,-62.0,14.0,3.1260643
-32.0,-60.0,14.0,3.2280495
-32.0,-58.0,14.0,3.124332
-32.0,-56.0,14.0,3.1618292
-32.0,-54.0,14.0,3.3152478
-32.0,-52.0,14.0,3.4346256
-32.0,-50.0,14.0,3.5274107
-32.0,-48.0,14.0,3.6059191
-32.0,-46.0,14.0,3.8665762
-32.0,-44.0,14.0,4.085521
-32.0,-42.0,14.0,4.013989
-32.0,-40.0,14.0,4.080733
-32.0,-38.0,14.0,4.0915313
-32.0,-36.0,14.0,4.1495037
-32.0,-34.0,14.0,4.194235
-32.0,-32.0,14.0,4.082814
-32.0,-30.0,14.0,4.2716985
-32.0,-28.0,14.0,4.3545856
-32.0,-26.0,14.0,4.2139006
-32.0,-24.0,14.0,4.2773895
-32.0,-22.0,14.0,4.418928
-32.0,-20.0,14.0,4.5099626
-32.0,-18.0,14.0,4.662984
-32.0,-16.0,14.0,4.57538
-32.0,-14.0,14.0,4.7789483
-32.0,-12.0,14.0,4.919117
-32.0,-10.0,14.0,4.8735313
-32.0,-8.0,14.0,4.987848
-32.0,-6.0,14.0,5.1696534
-32.0,-4.0,14.0,5.0673556
-32.0,-2.0,14.0,4.995687
-32.0,0.0,14.0,5.040389
-32.0,2.0,14.0,4.955983
-32.0,4.0,14.0,4.838802
-32.0,6.0,14.0,4.880334
-32.0,8.0,14.0,4.9850135
-32.0,10.0,14.0,5.0603013
-32.0,12.0,14.0,4.9417677
-32.0,14.0,14.0,4.9733896
-32.0,16.0,14.0,5.0713186
-32.0,18.0,14.0,5.1519322
-32.0,20.0,14.0,5.116913
-32.0,22.0,14.0,5.16424
-32.0,24.0,14.0,5.2368717
-32.0,26.0,14.0,5.209597
-32.0,28.0,14.0,5.070025
-32.0,30.0,14.0,5.087475
-32.0,32.0,14.0,5.1228123
-32.0,34.0,14.0,5.039023
-32.0,36.0,14.0,5.013014
-32.0,38.0,14.0,4.9511056
-32.0,40.0,14.0,4.9170485
-32.0,42.0,14.0,4.879585
-32.0,44.0,14.0,4.843063
-32.0,46.0,14.0,4.8521786
-32.0,48.0,14.0,4.880212
-32.0,50.0,14.0,4.9632707
-32.0,52.0,14.0,5.070691
-32.0,54.0,14.0,5.20042
-32.0,56.0,14.0,5.18769
-32.0,58.0,14.0,4.9988527
-32.0,60.0,14.0,5.0009294
-32.0,62.0,14.0,5.1738434
-32.0,64.0,14.0,5.366725
-32.0,66.0,14.0,5.2717957
-32.0,68.0,14.0,5.2098985
-32.0,70.0,14.0,5.2360034
-32.0,72.0,14.0,5.2380385
-32.0,74.0,14.0,5.2060895
-32.0,76.0,14.0,5.2716007
-32.0,78.0,14.0,5.259679
-32.0,80.0,14.0,5.317183
-32.0,82.0,14.0,5.264842
-32.0,84.0,14.0,5.3903093
-32.0,86.0,14.0,5.5442357
-32.0,88.0,14.0,5.3611565
-32.0,90.0,14.0,5.254886
-32.0,92.0,14.0,5.2045937
-32.0,94.0,14.0,5.347191
-32.0,96.0,14.0,5.492132
-32.0,98.0,14.0,5.3886366
-32.0,100.0,14.0,5.4799733
-32.0,102.0,14.0,5.589161
-32.0,104.0,14.0,5.5930877
-32.0,106.0,14.0,5.620801
-32.0,108.0,14.0,5.6213155
-32.0,110.0,14.0,5.4949183
-32.0,112.0,14.0,5.425965
-32.0,114.0,14.0,5.525031
-32.0,116.0,14.0,5.576355
-32.0,118.0,14.0,5.379249
-32.0,120.0,14.0,5.2694535
-32.0,122.0,14.0,5.3024883
-32.0,124.0,14.0,5.181704
-32.0,126.0,14.0,5.11503
-32.0,128.0,14.0,5.1338477
-32.0,130.0,14.0,5.296
-32.0,132.0,14.0,5.2596054
-32.0,134.0,14.0,4.8900733
-32.0,136.0,14.0,4.738435
-32.0,138.0,14.0,4.96728
-32.0,140.0,14.0,5.1791086
-32.0,142.0,14.0,5.2743654
-32.0,144.0,14.0,5.0862317
-32.0,146.0,14.0,5.0639267
-32.0,148.0,14.0,5.107614
-32.0,150.0,14.0,5.0474744
-32.0,152.0,14.0,4.89939
-32.0,154.0,14.0,4.8697577
-32.0,156.0,14.0,4.9707336
-32.0,158.0,14.0,4.9392705
-32.0,160.0,14.0,4.8153543
-32.0,162.0,14.0,4.77399
-32.0,164.0,14.0,4.6883373
-32.0,166.0,14.0,4.4921227
-32.0,168.0,14.0,4.3481503
-32.0,170.0,14.0,4.5470624
-32.0,172.0,14.0,4.6651573
-32.0,174.0,14.0,4.4666266
-32.0,176.0,14.0,4.289436
-32.0,178.0,14.0,4.391992
-32.0,180.0,14.0,4.271515
-30.0,-180.0,14.0,4.058526
-30.0,-178.0,14.0,3.8888943
-30.0,-176.0,14.0,3.9594676
-30.0,-174.0,14.0,4.2667327
-30.0,-172.0,14.0,4.0300274
-30.0,-170.0,14.0,3.743909
-30.0,-168.0,14.0,3.7235281
-30.0,-166.0,14.0,3.6704957
-30.0,-164.0,14.0,3.4860628
-30.0,-162.0,14.0,3.3708863
-30.0,-160.0,14.0,3.4919837
-30.0,-158.0,14.0,3.63018
-30.0,-156.0,14.0,3.5442536
-30.0,-154.0,14.0,3.5762448
-30.0,-152.0,14.0,3.8157208
-30.0,-150.0,14.0,3.6871114
-30.0,-148.0,14.0,3.2640002
-30.0,-146.0,14.0,3.1713254
-30.0,-144.0,14.0,3.2873952
-30.0,-142.0,14.0,3.3857427
-30.0,-140.0,14.0,3.318085
-30.0,-138.0,14.0,3.202884
-30.0,-136.0,14.0,3.125034
-30.0,-134.0,14.0,3.0565
-30.0,-132.0,14.0,2.9303908
-30.0,-130.0,14.0,3.0117686
-30.0,-128.0,14.0,2.9703975
-30.0,-126.0,14.0,2.7297106
-30.0,-124.0,14.0,2.6563938
-30.0,-122.0,14.0,2.767874
-30.0,-120.0,14.0,2.9748285
-30.0,-118.0,14.0,2.7880628
-30.0,-116.0,14.0,2.7446144
-30.0,-114.0,14.0,2.7966459
-30.0,-112.0,14.0,2.9570665
-30.0,-110.0,14.0,2.9616065
-30.0,-108.0,14.0,3.0348525
-30.0,-106.0,14.0,3.1662576
-30.0,-104.0,14.0,3.083279
-30.0,-102.0,14.0,2.974504
-30.0,-100.0,14.0,2.97028
-30.0,-98.0,14.0,3.095848
-30.0,-96.0,14.0,3.1178331
-30.0,-94.0,14.0,2.9193726
-30.0,-92.0,14.0,3.0241165
-30.0,-90.0,14.0,3.0254269
-30.0,-88.0,14.0,3.0221863
-30.0,-86.0,14.0,3.1712878
-30.0,-84.0,14.0,3.3381565
-30.0,-82.0,14.0,3.3008444
-30.0,-80.0,14.0,3.1077056
-30.0,-78.0,14.0,3.2824812
-30.0,-76.0,14.0,3.303974
-30.0,-74.0,14.0,3.2354147
-30.0,-72.0,14.0,3.209883
-30.0,-70.0,14.0,3.2082431
-30.0,-68.0,14.0,3.2493625
-30.0,-66.0,14.0,3.297781
-30.0,-64.0,14.0,3.2966914
-30.0,-62.0,14.0,3.2228308
-30.0,-60.0,14.0,3.3722756
-30.0,-58.0,14.0,3.1847415
-30.0,-56.0,14.0,3.1134858
-30.0,-54.0,14.0,3.242822
-30.0,-52.0,14.0,3.4923503
-30.0,-50.0,14.0,3.6412501
-30.0,-48.0,14.0,3.5458143
-30.0,-46.0,14.0,3.8293908
-30.0,-44.0,14.0,4.0363436
-30.0,-42.0,14.0,4.017321
-30.0,-40.0,14.0,3.9488783
-30.0,-38.0,14.0,3.951897
-30.0,-36.0,14.0,4.0740366
-30.0,-34.0,14.0,4.1111155
-30.0,-32.0,14.0,4.0986495
-30.0,-30.0,14.0,4.318079
-30.0,-28.0,14.0,4.370127
-30.0,-26.0,14.0,4.294515
-30.0,-24.0,14.0,4.302186
-30.0,-22.0,14.0,4.434929
-30.0,-20.0,14.0,4.5855594
-30.0,-18.0,14.0,4.6902614
-30.0,-16.0,14.0,4.5735154
-30.0,-14.0,14.0,4.714872
-30.0,-12.0,14.0,4.884304
-30.0,-10.0,14.0,4.7819467
-30.0,-8.0,14.0,4.9096007
-30.0,-6.0,14.0,5.2074776
-30.0,-4.0,14.0,5.1224666
-30.0,-2.0,14.0,4.9897413
-30.0,0.0,14.0,4.947903
-30.0,2.0,14.0,4.853291
-30.0,4.0,14.0,4.7260666
-30.0,6.0,14.0,4.6805468
-30.0,8.0,14.0,4.865064
-30.0,10.0,14.0,4.946778
-30.0,12.0,14.0,4.8820653
-30.0,14.0,14.0,4.8409204
-30.0,16.0,14.0,4.8617506
-30.0,18.0,14.0,5.0049744
-30.0,20.0,14.0,4.9374423
-30.0,22.0,14.0,4.990974
-30.0,24.0,14.0,5.07249
-30.0,26.0,14.0,5.0102787
-30.0,28.0,14.0,4.911153
-30.0,30.0,14.0,4.8334646
-30.0,32.0,14.0,4.9854546
-30.0,34.0,14.0,4.9434266
-30.0,36.0,14.0,4.713265
-30.0,38.0,14.0,4.7935815
-30.0,40.0,14.0,4.8119316
-30.0,42.0,14.0,4.885307
-30.0,44.0,14.0,4.7734256
-30.0,46.0,14.0,4.7573304
-30.0,48.0,14.0,4.7716517
-30.0,50.0,14.0,4.881876
-30.0,52.0,14.0,5.047153
-30.0,54.0,14.0,5.1301074
-30.0,56.0,14.0,5.0074344
-30.0,58.0,14.0,4.893817
-30.0,60.0,14.0,4.980373
-30.0,62.0,14.0,5.047874
-30.0,64.0,14.0,5.1186786
-30.0,66.0,14.0,5.1246595
-30.0,68.0,14.0,5.1080284
-30.0,70.0,14.0,5.0765667
-30.0,72.0,14.0,4.9852815
-30.0,74.0,14.0,5.023727
-30.0,76.0,14.0,5.139669
-30.0,78.0,14.0,5.181585
-30.0,80.0,14.0,5.126935
-30.0,82.0,14.0,5.1615734
-30.0,84.0,14.0,5.2924104
-30.0,86.0,14.0,5.281626
-30.0,88.0,14.0,5.198365
-30.0,90.0,14.0,5.187626
-30.0,92.0,14.0,5.0805545
-30.0,94.0,14.0,5.2680087
-30.0,96.0,14.0,5.3758492
-30.0,98.0,14.0,5.307904
-30.0,100.0,14.0,5.2266726
-30.0,102.0,14.0,5.2026763
-30.0,104.0,14.0,5.28896
-30.0,106.0,14.0,5.470534
-30.0,108.0,14.0,5.3739963
-30.0,110.0,14.0,5.207626
-30.0,112.0,14.0,5.244194
-30.0,114.0,14.0,5.3813596
-30.0,116.0,14.0,5.3131776
-30.0,118.0,14.0,5.1390285
-30.0,120.0,14.0,5.1388817
-30.0,122.0,14.0,5.2143245
-30.0,124.0,14.0,5.0383554
-30.0,126.0,14.0,4.843538
-30.0,128.0,14.0,4.961483
-30.0,130.0,14.0,5.1042447
-30.0,132.0,14.0,4.833677
-30.0,134.0,14.0,4.4332356
-30.0,136.0,14.0,4.421506
-30.0,138.0,14.0,4.763504
-30.0,140.0,14.0,5.028838
-30.0,142.0,14.0,5.0773296
-30.0,144.0,14.0,4.824093
-30.0,146.0,14.0,4.7503366
-30.0,148.0,14.0,4.929503
-30.0,150.0,14.0,4.8807564
-30.0,152.0,14.0,4.652174
-30.0,154.0,14.0,4.6445975
-30.0,156.0,14.0,4.8187356
-30.0,158.0,14.0,4.870006
-30.0,160.0,14.0,4.646055
-30.0,162.0,14.0,4.4921947
-30.0,164.0,14.0,4.5573654
-30.0,166.0,14.0,4.374065
-30.0,168.0,14.0,4.2188096
-30.0,170.0,14.0,4.37351
-30.0,172.0,14.0,4.569436
-30.0,174.0,14.0,4.3612533
-30.0,176.0,14.0,4.137567
-30.0,178.0,14.0,4.2444077
-30.0,180.0,14.0,4.058526
-28.0,-180.0,14.0,4.038951
-28.0,-178.0,14.0,3.8793032
-28.0,-176.0,14.0,3.9339385
-28.0,-174.0,14.0,4.2066617
-28.0,-172.0,14.0,4.099281
-28.0,-170.0,14.0,3.7840867
-28.0,-168.0,14.0,3.75008
-28.0,-166.0,14.0,3.7320132
-28.0,-164.0,14.0,3.4981186
-28.0,-162.0,14.0,3.3671875
-28.0,-160.0,14.0,3.4530718
-28.0,-158.0,14.0,3.509719
-28.0,-156.0,14.0,3.4533188
-28.0,-154.0,14.0,3.5669036
-28.0,-152.0,14.0,3.748944
-28.0,-150.0,14.0,3.603606
-28.0,-148.0,14.0,3.2279372
-28.0,-146.0,14.0,3.2079668
-28.0,-144.0,14.0,3.2914388
-28.0,-142.0,14.0,3.2887492
-28.0,-140.0,14.0,3.277288
-28.0,-138.0,14.0,3.243637
-28.0,-136.0,14.0,3.19416
-28.0,-134.0,14.0,3.0907855
-28.0,-132.0,14.0,2.9979749
-28.0,-130.0,14.0,3.1832287
-28.0,-128.0,14.0,3.1890686
-28.0,-126.0,14.0,2.8726325
-28.0,-124.0,14.0,2.8181753
-28.0,-122.0,14.0,2.9220705
-28.0,-120.0,14.0,3.0771751
-28.0,-118.0,14.0,2.9776237
-28.0,-116.0,14.0,2.9266062
-28.0,-114.0,14.0,3.006422
-28.0,-112.0,14.0,3.1065888
-28.0,-110.0,14.0,3.0825953
-28.0,-108.0,14.0,3.205222
-28.0,-106.0,14.0,3.2859993
-28.0,-104.0,14.0,3.2398543
-28.0,-102.0,14.0,3.1189706
-28.0,-100.0,14.0,3.1437707
-28.0,-98.0,14.0,3.3114388
-28.0,-96.0,14.0,3.3922935
-28.0,-94.0,14.0,3.1508393
-28.0,-92.0,14.0,3.1770248
-28.0,-90.0,14.0,3.2847886
-28.0,-88.0,14.0,3.2698867
-28.0,-86.0,14.0,3.3039753
-28.0,-84.0,14.0,3.5298429
-28.0,-82.0,14.0,3.4764163
-28.0,-80.0,14.0,3.2861006
-28.0,-78.0,14.0,3.425214
-28.0,-76.0,14.0,3.4570992
-28.0,-74.0,14.0,3.4115045
-28.0,-72.0,14.0,3.431263
-28.0,-70.0,14.0,3.4048285
-28.0,-68.0,14.0,3.3783238
-28.0,-66.0,14.0,3.4115477
-28.0,-64.0,14.0,3.4523232
-28.0,-62.0,14.0,3.4386754
-28.0,-60.0,14.0,3.6366327
-28.0,-58.0,14.0,3.424251
-28.0,-56.0,14.0,3.2533772
-28.0,-54.0,14.0,3.3117967
-28.0,-52.0,14.0,3.6080918
-28.0,-50.0,14.0,3.7969713
-28.0,-48.0,14.0,3.669385
-28.0,-46.0,14.0,3.726553
-28.0,-44.0,14.0,3.8806922
-28.0,-42.0,14.0,3.9776201
-28.0,-40.0,14.0,4.0274916
-28.0,-38.0,14.0,4.0004153
-28.0,-36.0,14.0,3.9820352
-28.0,-34.0,14.0,4.0453
-28.0,-32.0,14.0,4.2418222
-28.0,-30.0,14.0,4.4562893
-28.0,-28.0,14.0,4.4341245
-28.0,-26.0,14.0,4.4242096
-28.0,-24.0,14.0,4.5265865
-28.0,-22.0,14.0,4.56253
-28.0,-20.0,14.0,4.625916
-28.0,-18.0,14.0,4.607772
-28.0,-16.0,14.0,4.4873457
-28.0,-14.0,14.0,4.5609145
-28.0,-12.0,14.0,4.738679
-28.0,-10.0,14.0,4.6855288
-28.0,-8.0,14.0,4.7835493
-28.0,-6.0,14.0,4.9757113
-28.0,-4.0,14.0,4.883181
-28.0,-2.0,14.0,4.7625637
-28.0,0.0,14.0,4.7735696
-28.0,2.0,14.0,4.6882677
-28.0,4.0,14.0,4.576645
-28.0,6.0,14.0,4.5836463
-28.0,8.0,14.0,4.7406926
-28.0,10.0,14.0,4.6913404
-28.0,12.0,14.0,4.6280622
-28.0,14.0,14.0,4.555673
-28.0,16.0,14.0,4.620911
-28.0,18.0,14.0,4.689589
-28.0,20.0,14.0,4.6745415
-28.0,22.0,14.0,4.7069135
-28.0,24.0,14.0,4.8215604
-28.0,26.0,14.0,4.799741
-28.0,28.0,14.0,4.804358
-28.0,30.0,14.0,4.65122
-28.0,32.0,14.0,4.728155
-28.0,34.0,14.0,4.5657287
-28.0,36.0,14.0,4.3093567
-28.0,38.0,14.0,4.508431
-28.0,40.0,14.0,4.5404425
-28.0,42.0,14.0,4.5803976
-28.0,44.0,14.0,4.597219
-28.0,46.0,14.0,4.5177593
-28.0,48.0,14.0,4.51331
-28.0,50.0,14.0,4.5839663
-28.0,52.0,14.0,4.6517754
-28.0,54.0,14.0,4.6980977
-28.0,56.0,14.0,4.5899186
-28.0,58.0,14.0,4.5496054
-28.0,60.0,14.0,4.706969
-28.0,62.0,14.0,4.7219305
-28.0,64.0,14.0,4.833578
-28.0,66.0,14.0,4.8998938
-28.0,68.0,14.0,4.8970733
-28.0,70.0,14.0,4.717941
-28.0,72.0,14.0,4.667124
-28.0,74.0,14.0,4.681963
-28.0,76.0,14.0,4.92697
-28.0,78.0,14.0,4.982414
-28.0,80.0,14.0,4.952333
-28.0,82.0,14.0,4.991523
-28.0,84.0,14.0,5.119816
-28.0,86.0,14.0,5.014047
-28.0,88.0,14.0,4.935738
-28.0,90.0,14.0,5.000651
-28.0,92.0,14.0,5.021957
-28.0,94.0,14.0,5.0392885
-28.0,96.0,14.0,5.133416
-28.0,98.0,14.0,5.0036545
-28.0,100.0,14.0,4.8794265
-28.0,102.0,14.0,4.854227
-28.0,104.0,14.0,4.987631
-28.0,106.0,14.0,5.0858874
-28.0,108.0,14.0,4.89332
-28.0,110.0,14.0,4.9109282
-28.0,112.0,14.0,5.096267
-28.0,114.0,14.0,5.154258
-28.0,116.0,14.0,5.019198
-28.0,118.0,14.0,4.868734
-28.0,120.0,14.0,4.963918
-28.0,122.0,14.0,5.0184946
-28.0,124.0,14.0,4.73805
-28.0,126.0,14.0,4.608477
-28.0,128.0,14.0,4.821297
-28.0,130.0,14.0,4.9433494
-28.0,132.0,14.0,4.59909
-28.0,134.0,14.0,4.221897
-28.0,136.0,14.0,4.1307087
-28.0,138.0,14.0,4.446901
-28.0,140.0,14.0,4.777135
-28.0,142.0,14.0,4.7486453
-28.0,144.0,14.0,4.482727
-28.0,146.0,14.0,4.4601626
-28.0,148.0,14.0,4.6525617
-28.0,150.0,14.0,4.5899677
-28.0,152.0,14.0,4.377963
-28.0,154.0,14.0,4.346295
-28.0,156.0,14.0,4.5841365
-28.0,158.0,14.0,4.585394
-28.0,160.0,14.0,4.3213067
-28.0,162.0,14.0,4.232137
-28.0,164.0,14.0,4.27032
-28.0,166.0,14.0,4.1288967
-28.0,168.0,14.0,4.003353
-28.0,170.0,14.0,4.1881943
-28.0,172.0,14.0,4.379456
-28.0,174.0,14.0,4.1301284
-28.0,176.0,14.0,4.113344
-28.0,178.0,14.0,4.1900125
-28.0,180.0,14.0,4.038951
-26.0,-180.0,14.0,3.565967
-26.0,-178.0,14.0,3.463093
-26.0,-176.0,14.0,3.5107667
-26.0,-174.0,14.0,3.7293594
-26.0,-172.0,14.0,3.6829872
-26.0,-170.0,14.0,3.4029186
-26.0,-168.0,14.0,3.3761377
-26.0,-166.0,14.0,3.3399727
-26.0,-164.0,14.0,3.1253016
-26.0,-162.0,14.0,3.030275
-26.0,-160.0,14.0,3.2388284
-26.0,-158.0,14.0,3.3003995
-26.0,-156.0,14.0,3.164165
-26.0,-154.0,14.0,3.1805763
-26.0,-152.0,14.0,3.2586582
-26.0,-150.0,14.0,3.1271944
-26.0,-148.0,14.0,2.8475258
-26.0,-146.0,14.0,2.8856745
-26.0,-144.0,14.0,2.9018965
-26.0,-142.0,14.0,2.9920623
-26.0,-140.0,14.0,2.9445825
-26.0,-138.0,14.0,2.8768945
-26.0,-136.0,14.0,2.8440642
-26.0,-134.0,14.0,2.8158329
-26.0,-132.0,14.0,2.857481
-26.0,-130.0,14.0,2.8832195
-26.0,-128.0,14.0,2.7828183
-26.0,-126.0,14.0,2.6719153
-26.0,-124.0,14.0,2.7823555
-26.0,-122.0,14.0,2.7983236
-26.0,-120.0,14.0,2.8993294
-26.0,-118.0,14.0,2.7721477
-26.0,-116.0,14.0,2.766136
-26.0,-114.0,14.0,2.7806635
-26.0,-112.0,14.0,2.8736136
-26.0,-110.0,14.0,2.8663807
-26.0,-108.0,14.0,2.9762378
-26.0,-106.0,14.0,3.0402431
-26.0,-104.0,14.0,3.029863
-26.0,-102.0,14.0,2.946849
-26.0,-100.0,14.0,2.923447
-26.0,-98.0,14.0,3.0234435
-26.0,-96.0,14.0,3.1091394
-26.0,-94.0,14.0,2.9534938
-26.0,-92.0,14.0,2.9244587
-26.0,-90.0,14.0,3.037604
-26.0,-88.0,14.0,2.9886265
-26.0,-86.0,14.0,3.0218413
-26.0,-84.0,14.0,3.193233
-26.0,-82.0,14.0,3.1249328
-26.0,-80.0,14.0,3.0645745
-26.0,-78.0,14.0,3.1592999
-26.0,-76.0,14.0,3.1785958
-26.0,-74.0,14.0,3.181103
-26.0,-72.0,14.0,3.2165782
-26.0,-70.0,14.0,3.1711276
-26.0,-68.0,14.0,3.2191076
-26.0,-66.0,14.0,3.2342505
-26.0,-64.0,14.0,3.220682
-26.0,-62.0,14.0,3.1712925
-26.0,-60.0,14.0,3.3104022
-26.0,-58.0,14.0,3.1441593
-26.0,-56.0,14.0,3.10217
-26.0,-54.0,14.0,3.0832882
-26.0,-52.0,14.0,3.3096902
-26.0,-50.0,14.0,3.4476316
-26.0,-48.0,14.0,3.3922372
-26.0,-46.0,14.0,3.5232036
-26.0,-44.0,14.0,3.672681
-26.0,-42.0,14.0,3.710676
-26.0,-40.0,14.0,3.6903784
-26.0,-38.0,14.0,3.6956985
-26.0,-36.0,14.0,3.7142427
-26.0,-34.0,14.0,3.754058
-26.0,-32.0,14.0,3.9240572
-26.0,-30.0,14.0,4.0387716
-26.0,-28.0,14.0,4.0562906
-26.0,-26.0,14.0,4.085831
-26.0,-24.0,14.0,4.231859
-26.0,-22.0,14.0,4.2964683
-26.0,-20.0,14.0,4.2506204
-26.0,-18.0,14.0,4.204363
-26.0,-16.0,14.0,4.1963587
-26.0,-14.0,14.0,4.255537
-26.0,-12.0,14.0,4.3708715
-26.0,-10.0,14.0,4.3646054
-26.0,-8.0,14.0,4.4205856
-26.0,-6.0,14.0,4.445488
-26.0,-4.0,14.0,4.284692
-26.0,-2.0,14.0,4.32517
-26.0,0.0,14.0,4.4630375
-26.0,2.0,14.0,4.3572373
-26.0,4.0,14.0,4.25289
-26.0,6.0,14.0,4.31355
-26.0,8.0,14.0,4.465799
-26.0,10.0,14.0,4.3750806
-26.0,12.0,14.0,4.272784
-26.0,14.0,14.0,4.2553205
-26.0,16.0,14.0,4.3517814
-26.0,18.0,14.0,4.335787
-26.0,20.0,14.0,4.3125143
-26.0,22.0,14.0,4.351665
-26.0,24.0,14.0,4.2704296
-26.0,26.0,14.0,4.27018
-26.0,28.0,14.0,4.2957816
-26.0,30.0,14.0,4.2480974
-26.0,32.0,14.0,4.2856903
-26.0,34.0,14.0,4.172591
-26.0,36.0,14.0,4.0334992
-26.0,38.0,14.0,4.003959
-26.0,40.0,14.0,4.0199003
-26.0,42.0,14.0,4.1107864
-26.0,44.0,14.0,4.1308184
-26.0,46.0,14.0,4.04533
-26.0,48.0,14.0,4.0104704
-26.0,50.0,14.0,3.994763
-26.0,52.0,14.0,4.094165
-26.0,54.0,14.0,4.157845
-26.0,56.0,14.0,4.0648475
-26.0,58.0,14.0,3.9308422
-26.0,60.0,14.0,4.0539403
-26.0,62.0,14.0,4.111842
-26.0,64.0,14.0,4.240281
-26.0,66.0,14.0,4.2069564
-26.0,68.0,14.0,4.231195
-26.0,70.0,14.0,4.1356897
-26.0,72.0,14.0,4.067831
-26.0,74.0,14.0,4.0712066
-26.0,76.0,14.0,4.322133
-26.0,78.0,14.0,4.386549
-26.0,80.0,14.0,4.334487
-26.0,82.0,14.0,4.396377
-26.0,84.0,14.0,4.483813
-26.0,86.0,14.0,4.428432
-26.0,88.0,14.0,4.316103
-26.0,90.0,14.0,4.393468
-26.0,92.0,14.0,4.4407654
-26.0,94.0,14.0,4.428031
-26.0,96.0,14.0,4.4942527
-26.0,98.0,14.0,4.404986
-26.0,100.0,14.0,4.322523
-26.0,102.0,14.0,4.300159
-26.0,104.0,14.0,4.4190903
-26.0,106.0,14.0,4.534385
-26.0,108.0,14.0,4.400755
-26.0,110.0,14.0,4.334531
-26.0,112.0,14.0,4.4427795
-26.0,114.0,14.0,4.5434275
-26.0,116.0,14.0,4.373152
-26.0,118.0,14.0,4.2490153
-26.0,120.0,14.0,4.307044
-26.0,122.0,14.0,4.3553734
-26.0,124.0,14.0,4.194451
-26.0,126.0,14.0,4.091414
-26.0,128.0,14.0,4.1938887
-26.0,130.0,14.0,4.330622
-26.0,132.0,14.0,4.1702323
-26.0,134.0,14.0,3.851861
-26.0,136.0,14.0,3.723488
-26.0,138.0,14.0,3.9398644
-26.0,140.0,14.0,4.1822133
-26.0,142.0,14.0,4.1896186
-26.0,144.0,14.0,4.098883
-26.0,146.0,14.0,4.072991
-26.0,148.0,14.0,4.095997
-26.0,150.0,14.0,4.0294952
-26.0,152.0,14.0,3.8735769
-26.0,154.0,14.0,3.7863498
-26.0,156.0,14.0,3.9572613
-26.0,158.0,14.0,3.9758282
-26.0,160.0,14.0,3.7778425
-26.0,162.0,14.0,3.6548688
-26.0,164.0,14.0,3.6426358
-26.0,166.0,14.0,3.5880756
-26.0,168.0,14.0,3.4800158
-26.0,170.0,14.0,3.5919676
-26.0,172.0,14.0,3.8069608
-26.0,174.0,14.0,3.652373
-26.0,176.0,14.0,3.5788872
-26.0,178.0,14.0,3.648531
-26.0,180.0,14.0,3.565967
-24.0,-180.0,14.0,3.330616
-24.0,-178.0,14.0,3.1742177
-24.0,-176.0,14.0,3.2033563
-24.0,-174.0,14.0,3.3256068
-24.0,-172.0,14.0,3.308943
-24.0,-170.0,14.0,3.1333973
-24.0,-168.0,14.0,3.098442
-24.0,-166.0,14.0,3.0992064
-24.0,-164.0,14.0,2.9677198
-24.0,-162.0,14.0,2.9438732
-24.0,-160.0,14.0,2.9960887
-24.0,-158.0,14.0,3.170274
-24.0,-156.0,14.0,3.1745002
-24.0,-154.0,14.0,3.0696812
-24.0,-152.0,14.0,3.0300071
-24.0,-150.0,14.0,2.9097085
-24.0,-148.0,14.0,2.6648793
-24.0,-146.0,14.0,2.6869893
-24.0,-144.0,14.0,2.8130078
-24.0,-142.0,14.0,2.9511616
-24.0,-140.0,14.0,2.9089253
-24.0,-138.0,14.0,2.7911615
-24.0,-136.0,14.0,2.7809875
-24.0,-134.0,14.0,2.78624
-24.0,-132.0,14.0,2.7706993
-24.0,-130.0,14.0,2.8320034
-24.0,-128.0,14.0,2.7037668
-24.0,-126.0,14.0,2.5869179
-24.0,-124.0,14.0,2.7235768
-24.0,-122.0,14.0,2.7671096
-24.0,-120.0,14.0,2.852916
-24.0,-118.0,14.0,2.721862
-24.0,-116.0,14.0,2.809839
-24.0,-114.0,14.0,2.8737607
-24.0,-112.0,14.0,2.8968322
-24.0,-110.0,14.0,2.888292
-24.0,-108.0,14.0,2.9792178
-24.0,-106.0,14.0,3.036575
-24.0,-104.0,14.0,2.9357898
-24.0,-102.0,14.0,2.8404484
-24.0,-100.0,14.0,2.8732321
-24.0,-98.0,14.0,2.9990878
-24.0,-96.0,14.0,2.975015
-24.0,-94.0,14.0,2.7866993
-24.0,-92.0,14.0,2.8502948
-24.0,-90.0,14.0,2.9109108
-24.0,-88.0,14.0,2.8742683
-24.0,-86.0,14.0,2.9735744
-24.0,-84.0,14.0,3.1077821
-24.0,-82.0,14.0,3.0550246
-24.0,-80.0,14.0,2.924329
-24.0,-78.0,14.0,3.1031702
-24.0,-76.0,14.0,3.119795
-24.0,-74.0,14.0,2.9900517
-24.0,-72.0,14.0,3.081392
-24.0,-70.0,14.0,3.084723
-24.0,-68.0,14.0,3.1617455
-24.0,-66.0,14.0,3.1787682
-24.0,-64.0,14.0,3.206648
-24.0,-62.0,14.0,3.117977
-24.0,-60.0,14.0,3.1623173
-24.0,-58.0,14.0,2.9501338
-24.0,-56.0,14.0,2.9111636
-24.0,-54.0,14.0,3.059439
-24.0,-52.0,14.0,3.2739346
-24.0,-50.0,14.0,3.352165
-24.0,-48.0,14.0,3.343981
-24.0,-46.0,14.0,3.643859
-24.0,-44.0,14.0,3.7856488
-24.0,-42.0,14.0,3.7220883
-24.0,-40.0,14.0,3.584942
-24.0,-38.0,14.0,3.5162666
-24.0,-36.0,14.0,3.60486
-24.0,-34.0,14.0,3.6671166
-24.0,-32.0,14.0,3.726208
-24.0,-30.0,14.0,3.8544433
-24.0,-28.0,14.0,3.9597137
-24.0,-26.0,14.0,3.9479642
-24.0,-24.0,14.0,4.0499377
-24.0,-22.0,14.0,4.072788
-24.0,-20.0,14.0,4.1356254
-24.0,-18.0,14.0,4.1516085
-24.0,-16.0,14.0,4.117837
-24.0,-14.0,14.0,4.212808
-24.0,-12.0,14.0,4.325209
-24.0,-10.0,14.0,4.3108754
-24.0,-8.0,14.0,4.342948
-24.0,-6.0,14.0,4.356097
-24.0,-4.0,14.0,4.2067904
-24.0,-2.0,14.0,4.2572393
-24.0,0.0,14.0,4.424157
-24.0,2.0,14.0,4.406574
-24.0,4.0,14.0,4.3431625
-24.0,6.0,14.0,4.3284273
-24.0,8.0,14.0,4.4996266
-24.0,10.0,14.0,4.3820286
-24.0,12.0,14.0,4.281904
-24.0,14.0,14.0,4.2795434
-24.0,16.0,14.0,4.359491
-24.0,18.0,14.0,4.3867016
-24.0,20.0,14.0,4.26792
-24.0,22.0,14.0,4.2579703
-24.0,24.0,14.0,4.1359386
-24.0,26.0,14.0,4.0291157
-24.0,28.0,14.0,4.097526
-24.0,30.0,14.0,4.094126
-24.0,32.0,14.0,4.1978517
-24.0,34.0,14.0,4.1712866
-24.0,36.0,14.0,3.9834106
-24.0,38.0,14.0,3.941914
-24.0,40.0,14.0,3.9497883
-24.0,42.0,14.0,4.010892
-24.0,44.0,14.0,4.028142
-24.0,46.0,14.0,3.9693928
-24.0,48.0,14.0,3.9069204
-24.0,50.0,14.0,3.8834953
-24.0,52.0,14.0,4.015443
-24.0,54.0,14.0,4.0856953
-24.0,56.0,14.0,3.9487221
-24.0,58.0,14.0,3.790054
-24.0,60.0,14.0,3.8955877
-24.0,62.0,14.0,4.009627
-24.0,64.0,14.0,3.9523776
-24.0,66.0,14.0,3.8565786
-24.0,68.0,14.0,3.8872144
-24.0,70.0,14.0,3.8771691
-24.0,72.0,14.0,3.742037
-24.0,74.0,14.0,3.7483752
-24.0,76.0,14.0,4.0029526
-24.0,78.0,14.0,4.0790586
-24.0,80.0,14.0,3.9461446
-24.0,82.0,14.0,4.034708
-24.0,84.0,14.0,4.2176433
-24.0,86.0,14.0,4.159603
-24.0,88.0,14.0,3.9092517
-24.0,90.0,14.0,4.026827
-24.0,92.0,14.0,4.093506
-24.0,94.0,14.0,4.082396
-24.0,96.0,14.0,4.0522847
-24.0,98.0,14.0,4.0453777
-24.0,100.0,14.0,4.0117984
-24.0,102.0,14.0,3.9260874
-24.0,104.0,14.0,4.0710816
-24.0,106.0,14.0,4.243135
-24.0,108.0,14.0,4.044002
-24.0,110.0,14.0,3.9309213
-24.0,112.0,14.0,4.029388
-24.0,114.0,14.0,4.1625257
-24.0,116.0,14.0,3.978958
-24.0,118.0,14.0,3.8316853
-24.0,120.0,14.0,3.9353442
-24.0,122.0,14.0,3.9904504
-24.0,124.0,14.0,3.8552737
-24.0,126.0,14.0,3.7291274
-24.0,128.0,14.0,3.8066673
-24.0,130.0,14.0,3.9204988
-24.0,132.0,14.0,3.789737
-24.0,134.0,14.0,3.5345235
-24.0,136.0,14.0,3.450413
-24.0,138.0,14.0,3.638058
-24.0,140.0,14.0,3.921471
-24.0,142.0,14.0,3.9941072
-24.0,144.0,14.0,3.861554
-24.0,146.0,14.0,3.7063172
-24.0,148.0,14.0,3.719328
-24.0,150.0,14.0,3.7821102
-24.0,152.0,14.0,3.654474
-24.0,154.0,14.0,3.5820959
-24.0,156.0,14.0,3.7099128
-24.0,158.0,14.0,3.7211616
-24.0,160.0,14.0,3.566838
-24.0,162.0,14.0,3.418398
-24.0,164.0,14.0,3.4132648
-24.0,166.0,14.0,3.398013
-24.0,168.0,14.0,3.2753963
-24.0,170.0,14.0,3.3179817
-24.0,172.0,14.0,3.5216012
-24.0,174.0,14.0,3.455345
-24.0,176.0,14.0,3.38435
-24.0,178.0,14.0,3.377376
-24.0,180.0,14.0,3.330616
-22.0,-180.0,14.0,3.1987805
-22.0,-178.0,14.0,3.0102146
-22.0,-176.0,14.0,3.1187797
-22.0,-174.0,14.0,3.2319305
-22.0,-172.0,14.0,3.2045832
-22.0,-170.0,14.0,3.0619805
-22.0,-168.0,14.0,3.0471992
-22.0,-166.0,14.0,3.1271527
-22.0,-164.0,14.0,2.90534
-22.0,-162.0,14.0,2.9140937
-22.0,-160.0,14.0,3.0261815
-22.0,-158.0,14.0,3.2333682
-22.0,-156.0,14.0,3.1959577
-22.0,-154.0,14.0,3.1283774
-22.0,-152.0,14.0,3.1047266
-22.0,-150.0,14.0,3.0064254
-22.0,-148.0,14.0,2.6270733
-22.0,-146.0,14.0,2.6080556
-22.0,-144.0,14.0,2.7570372
-22.0,-142.0,14.0,2.9297664
-22.0,-140.0,14.0,2.9014785
-22.0,-138.0,14.0,2.8549893
-22.0,-136.0,14.0,2.8431902
-22.0,-134.0,14.0,2.7901165
-22.0,-132.0,14.0,2.8439376
-22.0,-130.0,14.0,2.9994814
-22.0,-128.0,14.0,2.8448684
-22.0,-126.0,14.0,2.7453732
-22.0,-124.0,14.0,2.8111858
-22.0,-122.0,14.0,2.9025538
-22.0,-120.0,14.0,3.0854645
-22.0,-118.0,14.0,2.9416766
-22.0,-116.0,14.0,2.9930866
-22.0,-114.0,14.0,3.0336943
-22.0,-112.0,14.0,3.0918405
-22.0,-110.0,14.0,3.0480766
-22.0,-108.0,14.0,3.1366518
-22.0,-106.0,14.0,3.211545
-22.0,-104.0,14.0,3.0723715
-22.0,-102.0,14.0,3.0558057
-22.0,-100.0,14.0,3.079881
-22.0,-98.0,14.0,3.2929032
-22.0,-96.0,14.0,3.2880442
-22.0,-94.0,14.0,2.985897
-22.0,-92.0,14.0,3.0023298
-22.0,-90.0,14.0,3.1736445
-22.0,-88.0,14.0,3.1941738
-22.0,-86.0,14.0,3.2961335
-22.0,-84.0,14.0,3.3913987
-22.0,-82.0,14.0,3.33545
-22.0,-80.0,14.0,3.1927636
-22.0,-78.0,14.0,3.3059335
-22.0,-76.0,14.0,3.2981613
-22.0,-74.0,14.0,3.2396991
-22.0,-72.0,14.0,3.2197318
-22.0,-70.0,14.0,3.225238
-22.0,-68.0,14.0,3.2959967
-22.0,-66.0,14.0,3.245239
-22.0,-64.0,14.0,3.2662406
-22.0,-62.0,14.0,3.3155146
-22.0,-60.0,14.0,3.3501995
-22.0,-58.0,14.0,3.1102698
-22.0,-56.0,14.0,2.9991064
-22.0,-54.0,14.0,3.0993705
-22.0,-52.0,14.0,3.329072
-22.0,-50.0,14.0,3.4342608
-22.0,-48.0,14.0,3.2565947
-22.0,-46.0,14.0,3.5960922
-22.0,-44.0,14.0,3.792853
-22.0,-42.0,14.0,3.6716444
-22.0,-40.0,14.0,3.5421445
-22.0,-38.0,14.0,3.4646492
-22.0,-36.0,14.0,3.58829
-22.0,-34.0,14.0,3.6022959
-22.0,-32.0,14.0,3.7013247
-22.0,-30.0,14.0,3.9504933
-22.0,-28.0,14.0,4.0250053
-22.0,-26.0,14.0,3.972643
-22.0,-24.0,14.0,4.007194
-22.0,-22.0,14.0,4.131815
-22.0,-20.0,14.0,4.126735
-22.0,-18.0,14.0,4.068359
-22.0,-16.0,14.0,4.066876
-22.0,-14.0,14.0,4.1188354
-22.0,-12.0,14.0,4.2526035
-22.0,-10.0,14.0,4.2295847
-22.0,-8.0,14.0,4.2855153
-22.0,-6.0,14.0,4.3255754
-22.0,-4.0,14.0,4.1722164
-22.0,-2.0,14.0,4.19814
-22.0,0.0,14.0,4.418435
-22.0,2.0,14.0,4.4550805
-22.0,4.0,14.0,4.3718104
-22.0,6.0,14.0,4.3451676
-22.0,8.0,14.0,4.4734144
-22.0,10.0,14.0,4.2768617
-22.0,12.0,14.0,4.217457
-22.0,14.0,14.0,4.212335
-22.0,16.0,14.0,4.3475986
-22.0,18.0,14.0,4.3760242
-22.0,20.0,14.0,4.3128543
-22.0,22.0,14.0,4.2336545
-22.0,24.0,14.0,4.1239576
-22.0,26.0,14.0,3.9913738
-22.0,28.0,14.0,4.0206394
-22.0,30.0,14.0,4.0941386
-22.0,32.0,14.0,4.1558642
-22.0,34.0,14.0,4.1350856
-22.0,36.0,14.0,4.0229573
-22.0,38.0,14.0,3.9220462
-22.0,40.0,14.0,3.8931932
-22.0,42.0,14.0,3.8997695
-22.0,44.0,14.0,3.8898785
-22.0,46.0,14.0,3.8542724
-22.0,48.0,14.0,3.7815704
-22.0,50.0,14.0,3.7975023
-22.0,52.0,14.0,3.918892
-22.0,54.0,14.0,3.966886
-22.0,56.0,14.0,3.7486017
-22.0,58.0,14.0,3.6063137
-22.0,60.0,14.0,3.7222226
-22.0,62.0,14.0,3.8542926
-22.0,64.0,14.0,3.7232494
-22.0,66.0,14.0,3.6897433
-22.0,68.0,14.0,3.7009046
-22.0,70.0,14.0,3.6246872
-22.0,72.0,14.0,3.4740503
-22.0,74.0,14.0,3.50402
-22.0,76.0,14.0,3.7243013
-22.0,78.0,14.0,3.8295598
-22.0,80.0,14.0,3.6866393
-22.0,82.0,14.0,3.7994413
-22.0,84.0,14.0,3.9539146
-22.0,86.0,14.0,3.9152567
-22.0,88.0,14.0,3.7085176
-22.0,90.0,14.0,3.7377102
-22.0,92.0,14.0,3.8445423
-22.0,94.0,14.0,3.810328
-22.0,96.0,14.0,3.8055584
-22.0,98.0,14.0,3.7939906
-22.0,100.0,14.0,3.6905031
-22.0,102.0,14.0,3.599743
-22.0,104.0,14.0,3.759717
-22.0,106.0,14.0,3.8919125
-22.0,108.0,14.0,3.7442865
-22.0,110.0,14.0,3.6093283
-22.0,112.0,14.0,3.669811
-22.0,114.0,14.0,3.8580363
-22.0,116.0,14.0,3.7355251
-22.0,118.0,14.0,3.6129477
-22.0,120.0,14.0,3.656564
-22.0,122.0,14.0,3.6880798
-22.0,124.0,14.0,3.5700064
-22.0,126.0,14.0,3.5354521
-22.0,128.0,14.0,3.5643814
-22.0,130.0,14.0,3.5892897
-22.0,132.0,14.0,3.4785445
-22.0,134.0,14.0,3.3235745
-22.0,136.0,14.0,3.3456101
-22.0,138.0,14.0,3.4999726
-22.0,140.0,14.0,3.717951
-22.0,142.0,14.0,3.8095758
-22.0,144.0,14.0,3.7861557
-22.0,146.0,14.0,3.7275505
-22.0,148.0,14.0,3.6592119
-22.0,150.0,14.0,3.6840863
-22.0,152.0,14.0,3.5430791
-22.0,154.0,14.0,3.4284923
-22.0,156.0,14.0,3.5977435
-22.0,158.0,14.0,3.6379807
-22.0,160.0,14.0,3.4834018
-22.0,162.0,14.0,3.324126
-22.0,164.0,14.0,3.344512
-22.0,166.0,14.0,3.3277764
-22.0,168.0,14.0,3.19501
-22.0,170.0,14.0,3.26405
-22.0,172.0,14.0,3.5291002
-22.0,174.0,14.0,3.390418
-22.0,176.0,14.0,3.2810583
-22.0,178.0,14.0,3.3302588
-22.0,180.0,14.0,3.1987805
-20.0,-180.0,14.0,2.793303
-20.0,-178.0,14.0,2.6156101
-20.0,-176.0,14.0,2.7658257
-20.0,-174.0,14.0,2.8654664
-20.0,-172.0,14.0,2.8435977
-20.0,-170.0,14.0,2.7443938
-20.0,-168.0,14.0,2.771515
-20.0,-166.0,14.0,2.7881682
-20.0,-164.0,14.0,2.5204017
-20.0,-162.0,14.0,2.5178797
-20.0,-160.0,14.0,2.7305944
-20.0,-158.0,14.0,2.8876474
-20.0,-156.0,14.0,2.8041484
-20.0,-154.0,14.0,2.735564
-20.0,-152.0,14.0,2.750669
-20.0,-150.0,14.0,2.7081747
-20.0,-148.0,14.0,2.4332454
-20.0,-146.0,14.0,2.3376293
-20.0,-144.0,14.0,2.5402641
-20.0,-142.0,14.0,2.632362
-20.0,-140.0,14.0,2.6935854
-20.0,-138.0,14.0,2.7222211
-20.0,-136.0,14.0,2.694282
-20.0,-134.0,14.0,2.569049
-20.0,-132.0,14.0,2.6517467
-20.0,-130.0,14.0,2.7051964
-20.0,-128.0,14.0,2.6472666
-20.0,-126.0,14.0,2.5764747
-20.0,-124.0,14.0,2.5760164
-20.0,-122.0,14.0,2.6064684
-20.0,-120.0,14.0,2.707686
-20.0,-118.0,14.0,2.7377045
-20.0,-116.0,14.0,2.7287102
-20.0,-114.0,14.0,2.6913433
-20.0,-112.0,14.0,2.7726252
-20.0,-110.0,14.0,2.7272754
-20.0,-108.0,14.0,2.6342783
-20.0,-106.0,14.0,2.727763
-20.0,-104.0,14.0,2.819972
-20.0,-102.0,14.0,2.7360659
-20.0,-100.0,14.0,2.7752736
-20.0,-98.0,14.0,3.076132
-20.0,-96.0,14.0,3.136288
-20.0,-94.0,14.0,2.8139415
-20.0,-92.0,14.0,2.7105966
-20.0,-90.0,14.0,2.8119416
-20.0,-88.0,14.0,2.9045475
-20.0,-86.0,14.0,2.9880533
-20.0,-84.0,14.0,3.009974
-20.0,-82.0,14.0,3.034519
-20.0,-80.0,14.0,2.868619
-20.0,-78.0,14.0,2.8567634
-20.0,-76.0,14.0,2.999187
-20.0,-74.0,14.0,3.0264027
-20.0,-72.0,14.0,2.9280949
-20.0,-70.0,14.0,2.929399
-20.0,-68.0,14.0,3.0793824
-20.0,-66.0,14.0,3.0988917
-20.0,-64.0,14.0,3.0225437
-20.0,-62.0,14.0,2.9554505
-20.0,-60.0,14.0,2.983275
-20.0,-58.0,14.0,2.867591
-20.0,-56.0,14.0,2.7544873
-20.0,-54.0,14.0,2.7887719
-20.0,-52.0,14.0,2.9249866
-20.0,-50.0,14.0,3.0675118
-20.0,-48.0,14.0,3.0416484
-20.0,-46.0,14.0,3.1635208
-20.0,-44.0,14.0,3.3098824
-20.0,-42.0,14.0,3.2953525
-20.0,-40.0,14.0,3.2321508
-20.0,-38.0,14.0,3.1484313
-20.0,-36.0,14.0,3.1632905
-20.0,-34.0,14.0,3.1641717
-20.0,-32.0,14.0,3.1657221
-20.0,-30.0,14.0,3.4604135
-20.0,-28.0,14.0,3.5526307
-20.0,-26.0,14.0,3.6328545
-20.0,-24.0,14.0,3.63745
-20.0,-22.0,14.0,3.6871426
-20.0,-20.0,14.0,3.6762106
-20.0,-18.0,14.0,3.5922952
-20.0,-16.0,14.0,3.5630393
-20.0,-14.0,14.0,3.608622
-20.0,-12.0,14.0,3.7816522
-20.0,-10.0,14.0,3.807017
-20.0,-8.0,14.0,3.7966146
-20.0,-6.0,14.0,3.8241096
-20.0,-4.0,14.0,3.757327
-20.0,-2.0,14.0,3.6842105
-20.0,0.0,14.0,3.8294542
-20.0,2.0,14.0,3.8673992
-20.0,4.0,14.0,3.813608
-20.0,6.0,14.0,3.887582
-20.0,8.0,14.0,3.9549866
-20.0,10.0,14.0,3.7850664
-20.0,12.0,14.0,3.6977665
-20.0,14.0,14.0,3.6589453
-20.0,16.0,14.0,3.6923428
-20.0,18.0,14.0,3.7038314
-20.0,20.0,14.0,3.6733189
-20.0,22.0,14.0,3.661219
-20.0,24.0,14.0,3.623101
-20.0,26.0,14.0,3.5423882
-20.0,28.0,14.0,3.535496
-20.0,30.0,14.0,3.528067
-20.0,32.0,14.0,3.5268865
-20.0,34.0,14.0,3.481261
-20.0,36.0,14.0,3.4085264
-20.0,38.0,14.0,3.3419402
-20.0,40.0,14.0,3.3891656
-20.0,42.0,14.0,3.3974133
-20.0,44.0,14.0,3.36804
-20.0,46.0,14.0,3.2835088
-20.0,48.0,14.0,3.2344604
-20.0,50.0,14.0,3.2755258
-20.0,52.0,14.0,3.3019574
-20.0,54.0,14.0,3.2898126
-20.0,56.0,14.0,3.1708217
-20.0,58.0,14.0,3.1505978
-20.0,60.0,14.0,3.2095747
-20.0,62.0,14.0,3.2311015
-20.0,64.0,14.0,3.1971536
-20.0,66.0,14.0,3.2829926
-20.0,68.0,14.0,3.2729461
-20.0,70.0,14.0,3.1351786
-20.0,72.0,14.0,3.052722
-20.0,74.0,14.0,3.0928214
-20.0,76.0,14.0,3.2098207
-20.0,78.0,14.0,3.1967983
-20.0,80.0,14.0,3.1220694
-20.0,82.0,14.0,3.2250276
-20.0,84.0,14.0,3.2562857
-20.0,86.0,14.0,3.1956508
-20.0,88.0,14.0,3.08197
-20.0,90.0,14.0,3.110774
-20.0,92.0,14.0,3.2157118
-20.0,94.0,14.0,3.2395034
-20.0,96.0,14.0,3.2635932
-20.0,98.0,14.0,3.21118
-20.0,100.0,14.0,3.095161
-20.0,102.0,14.0,3.0722353
-20.0,104.0,14.0,3.2467868
-20.0,106.0,14.0,3.2114182
-20.0,108.0,14.0,3.112018
-20.0,110.0,14.0,3.087176
-20.0,112.0,14.0,3.108292
-20.0,114.0,14.0,3.1752026
-20.0,116.0,14.0,3.0886889
-20.0,118.0,14.0,3.0664184
-20.0,120.0,14.0,3.115046
-20.0,122.0,14.0,3.1064377
-20.0,124.0,14.0,3.0841854
-20.0,126.0,14.0,3.050291
-20.0,128.0,14.0,3.0983293
-20.0,130.0,14.0,3.1230059
-20.0,132.0,14.0,2.9504335
-20.0,134.0,14.0,2.8281324
-20.0,136.0,14.0,2.902241
-20.0,138.0,14.0,3.034459
-20.0,140.0,14.0,3.151651
-20.0,142.0,14.0,3.1995463
-20.0,144.0,14.0,3.1259496
-20.0,146.0,14.0,3.1138735
-20.0,148.0,14.0,3.1161797
-20.0,150.0,14.0,3.1324472
-20.0,152.0,14.0,3.0565815
-20.0,154.0,14.0,2.9444518
-20.0,156.0,14.0,3.0237322
-20.0,158.0,14.0,3.073081
-20.0,160.0,14.0,2.984839
-20.0,162.0,14.0,2.9303045
-20.0,164.0,14.0,2.8960872
-20.0,166.0,14.0,2.8777664
-20.0,168.0,14.0,2.7601666
-20.0,170.0,14.0,2.8619294
-20.0,172.0,14.0,3.1348882
-20.0,174.0,14.0,2.9811883
-20.0,176.0,14.0,2.8485403
-20.0,178.0,14.0,2.8516312
-20.0,180.0,14.0,2.793303
-18.0,-180.0,14.0,2.5895128
-18.0,-178.0,14.0,2.4789867
-18.0,-176.0,14.0,2.568967
-18.0,-174.0,14.0,2.7484293
-18.0,-172.0,14.0,2.7201748
-18.0,-170.0,14.0,2.5617402
-18.0,-168.0,14.0,2.5749896
-18.0,-166.0,14.0,2.5775409
-18.0,-164.0,14.0,2.3532321
-18.0,-162.0,14.0,2.3564126
-18.0,-160.0,14.0,2.6223938
-18.0,-158.0,14.0,2.740872
-18.0,-156.0,14.0,2.6612833
-18.0,-154.0,14.0,2.5865836
-18.0,-152.0,14.0,2.644708
-18.0,-150.0,14.0,2.6067953
-18.0,-148.0,14.0,2.333214
-18.0,-146.0,14.0,2.2522779
-18.0,-144.0,14.0,2.4168465
-18.0,-142.0,14.0,2.5727699
-18.0,-140.0,14.0,2.6104805
-18.0,-138.0,14.0,2.5697603
-18.0,-136.0,14.0,2.5433156
-18.0,-134.0,14.0,2.5038939
-18.0,-132.0,14.0,2.6094344
-18.0,-130.0,14.0,2.6606815
-18.0,-128.0,14.0,2.6331677
-18.0,-126.0,14.0,2.5064898
-18.0,-124.0,14.0,2.4304547
-18.0,-122.0,14.0,2.482939
-18.0,-120.0,14.0,2.607081
-18.0,-118.0,14.0,2.6589181
-18.0,-116.0,14.0,2.6667392
-18.0,-114.0,14.0,2.5897925
-18.0,-112.0,14.0,2.7053294
-18.0,-110.0,14.0,2.6000483
-18.0,-108.0,14.0,2.4124346
-18.0,-106.0,14.0,2.5209029
-18.0,-104.0,14.0,2.6801994
-18.0,-102.0,14.0,2.6559253
-18.0,-100.0,14.0,2.7045233
-18.0,-98.0,14.0,3.0084798
-18.0,-96.0,14.0,3.054166
-18.0,-94.0,14.0,2.7430131
-18.0,-92.0,14.0,2.6089902
-18.0,-90.0,14.0,2.7242312
-18.0,-88.0,14.0,2.6979067
-18.0,-86.0,14.0,2.7567883
-18.0,-84.0,14.0,2.9531198
-18.0,-82.0,14.0,2.973177
-18.0,-80.0,14.0,2.7359955
-18.0,-78.0,14.0,2.6947956
-18.0,-76.0,14.0,2.8446946
-18.0,-74.0,14.0,2.8550258
-18.0,-72.0,14.0,2.7541358
-18.0,-70.0,14.0,2.819835
-18.0,-68.0,14.0,3.0413706
-18.0,-66.0,14.0,3.0414343
-18.0,-64.0,14.0,2.8714488
-18.0,-62.0,14.0,2.8316605
-18.0,-60.0,14.0,2.91577
-18.0,-58.0,14.0,2.8973079
-18.0,-56.0,14.0,2.7534244
-18.0,-54.0,14.0,2.7430933
-18.0,-52.0,14.0,2.8816116
-18.0,-50.0,14.0,2.9858718
-18.0,-48.0,14.0,2.9538672
-18.0,-46.0,14.0,2.9430158
-18.0,-44.0,14.0,3.0471082
-18.0,-42.0,14.0,3.0737665
-18.0,-40.0,14.0,3.141082
-18.0,-38.0,14.0,3.1324003
-18.0,-36.0,14.0,3.0897605
-18.0,-34.0,14.0,3.041077
-18.0,-32.0,14.0,2.9982738
-18.0,-30.0,14.0,3.2214847
-18.0,-28.0,14.0,3.3600419
-18.0,-26.0,14.0,3.41121
-18.0,-24.0,14.0,3.3897493
-18.0,-22.0,14.0,3.4858692
-18.0,-20.0,14.0,3.3969662
-18.0,-18.0,14.0,3.3176732
-18.0,-16.0,14.0,3.1879256
-18.0,-14.0,14.0,3.2661464
-18.0,-12.0,14.0,3.435653
-18.0,-10.0,14.0,3.4280355
-18.0,-8.0,14.0,3.4734833
-18.0,-6.0,14.0,3.6000366
-18.0,-4.0,14.0,3.4745317
-18.0,-2.0,14.0,3.347935
-18.0,0.0,14.0,3.3930175
-18.0,2.0,14.0,3.4997194
-18.0,4.0,14.0,3.4837306
-18.0,6.0,14.0,3.4804952
-18.0,8.0,14.0,3.4482703
-18.0,10.0,14.0,3.3662524
-18.0,12.0,14.0,3.3071089
-18.0,14.0,14.0,3.2476454
-18.0,16.0,14.0,3.2731576
-18.0,18.0,14.0,3.389122
-18.0,20.0,14.0,3.3425896
-18.0,22.0,14.0,3.3643112
-18.0,24.0,14.0,3.3663406
-18.0,26.0,14.0,3.2467132
-18.0,28.0,14.0,3.2129476
-18.0,30.0,14.0,3.1728592
-18.0,32.0,14.0,3.1171947
-18.0,34.0,14.0,3.15886
-18.0,36.0,14.0,3.0962389
-18.0,38.0,14.0,3.0007257
-18.0,40.0,14.0,3.0438726
-18.0,42.0,14.0,2.9858835
-18.0,44.0,14.0,2.9817488
-18.0,46.0,14.0,2.9495342
-18.0,48.0,14.0,2.9359572
-18.0,50.0,14.0,2.9737327
-18.0,52.0,14.0,2.9869628
-18.0,54.0,14.0,2.9592402
-18.0,56.0,14.0,2.9212952
-18.0,58.0,14.0,2.8695867
-18.0,60.0,14.0,2.9341252
-18.0,62.0,14.0,2.9718642
-18.0,64.0,14.0,3.0087152
-18.0,66.0,14.0,2.9575288
-18.0,68.0,14.0,2.9422498
-18.0,70.0,14.0,2.8466675
-18.0,72.0,14.0,2.8148775
-18.0,74.0,14.0,2.8307405
-18.0,76.0,14.0,2.8925912
-18.0,78.0,14.0,2.8818555
-18.0,80.0,14.0,2.845398
-18.0,82.0,14.0,2.9433603
-18.0,84.0,14.0,2.9482617
-18.0,86.0,14.0,2.854995
-18.0,88.0,14.0,2.7639046
-18.0,90.0,14.0,2.7512255
-18.0,92.0,14.0,2.8313742
-18.0,94.0,14.0,2.9214876
-18.0,96.0,14.0,2.9826813
-18.0,98.0,14.0,2.9115145
-18.0,100.0,14.0,2.7774749
-18.0,102.0,14.0,2.758556
-18.0,104.0,14.0,2.850764
-18.0,106.0,14.0,2.869121
-18.0,108.0,14.0,2.8147304
-18.0,110.0,14.0,2.8098054
-18.0,112.0,14.0,2.8451452
-18.0,114.0,14.0,2.878468
-18.0,116.0,14.0,2.8501065
-18.0,118.0,14.0,2.7621324
-18.0,120.0,14.0,2.7779305
-18.0,122.0,14.0,2.8156855
-18.0,124.0,14.0,2.7968585
-18.0,126.0,14.0,2.8075976
-18.0,128.0,14.0,2.7602346
-18.0,130.0,14.0,2.745045
-18.0,132.0,14.0,2.6424985
-18.0,134.0,14.0,2.5592263
-18.0,136.0,14.0,2.6351986
-18.0,138.0,14.0,2.6824563
-18.0,140.0,14.0,2.727162
-18.0,142.0,14.0,2.7420382
-18.0,144.0,14.0,2.7969234
-18.0,146.0,14.0,2.79874
-18.0,148.0,14.0,2.7081614
-18.0,150.0,14.0,2.727601
-18.0,152.0,14.0,2.6340625
-18.0,154.0,14.0,2.6327188
-18.0,156.0,14.0,2.7751338
-18.0,158.0,14.0,2.8024254
-18.0,160.0,14.0,2.710734
-18.0,162.0,14.0,2.6448421
-18.0,164.0,14.0,2.7146852
-18.0,166.0,14.0,2.6237962
-18.0,168.0,14.0,2.5365613
-18.0,170.0,14.0,2.6548262
-18.0,172.0,14.0,2.913252
-18.0,174.0,14.0,2.8308399
-18.0,176.0,14.0,2.6925108
-18.0,178.0,14.0,2.7489743
-18.0,180.0,14.0,2.5895128
-16.0,-180.0,14.0,2.5763311
-16.0,-178.0,14.0,2.4801521
-16.0,-176.0,14.0,2.6300247
-16.0,-174.0,14.0,2.748655
-16.0,-172.0,14.0,2.74771
-16.0,-170.0,14.0,2.5516336
-16.0,-168.0,14.0,2.5628126
-16.0,-166.0,14.0,2.556242
-16.0,-164.0,14.0,2.33997
-16.0,-162.0,14.0,2.3164961
-16.0,-160.0,14.0,2.6267235
-16.0,-158.0,14.0,2.7592404
-16.0,-156.0,14.0,2.714223
-16.0,-154.0,14.0,2.6440103
-16.0,-152.0,14.0,2.6508799
-16.0,-150.0,14.0,2.6476128
-16.0,-148.0,14.0,2.4477456
-16.0,-146.0,14.0,2.3373795
-16.0,-144.0,14.0,2.4393182
-16.0,-142.0,14.0,2.5788388
-16.0,-140.0,14.0,2.64791
-16.0,-138.0,14.0,2.6221642
-16.0,-136.0,14.0,2.590765
-16.0,-134.0,14.0,2.5508726
-16.0,-132.0,14.0,2.6304505
-16.0,-130.0,14.0,2.6572354
-16.0,-128.0,14.0,2.618518
-16.0,-126.0,14.0,2.478776
-16.0,-124.0,14.0,2.4184203
-16.0,-122.0,14.0,2.4637225
-16.0,-120.0,14.0,2.637296
-16.0,-118.0,14.0,2.7615955
-16.0,-116.0,14.0,2.7411873
-16.0,-114.0,14.0,2.6758113
-16.0,-112.0,14.0,2.7493079
-16.0,-110.0,14.0,2.6368644
-16.0,-108.0,14.0,2.4440162
-16.0,-106.0,14.0,2.5815358
-16.0,-104.0,14.0,2.7404304
-16.0,-102.0,14.0,2.6576805
-16.0,-100.0,14.0,2.6830244
-16.0,-98.0,14.0,2.881086
-16.0,-96.0,14.0,2.9280674
-16.0,-94.0,14.0,2.6943028
-16.0,-92.0,14.0,2.6254253
-16.0,-90.0,14.0,2.7486727
-16.0,-88.0,14.0,2.7526834
-16.0,-86.0,14.0,2.87147
-16.0,-84.0,14.0,3.0165875
-16.0,-82.0,14.0,2.981288
-16.0,-80.0,14.0,2.756186
-16.0,-78.0,14.0,2.7196815
-16.0,-76.0,14.0,2.8922172
-16.0,-74.0,14.0,2.8626955
-16.0,-72.0,14.0,2.7814682
-16.0,-70.0,14.0,2.8313313
-16.0,-68.0,14.0,2.9819067
-16.0,-66.0,14.0,2.9644873
-16.0,-64.0,14.0,2.8405972
-16.0,-62.0,14.0,2.8007004
-16.0,-60.0,14.0,2.8708708
-16.0,-58.0,14.0,2.8205838
-16.0,-56.0,14.0,2.708203
-16.0,-54.0,14.0,2.7405257
-16.0,-52.0,14.0,2.9003167
-16.0,-50.0,14.0,3.0015867
-16.0,-48.0,14.0,2.9296305
-16.0,-46.0,14.0,2.9031317
-16.0,-44.0,14.0,2.9752486
-16.0,-42.0,14.0,3.0526776
-16.0,-40.0,14.0,3.1071966
-16.0,-38.0,14.0,3.116458
-16.0,-36.0,14.0,3.077491
-16.0,-34.0,14.0,3.014152
-16.0,-32.0,14.0,2.986232
-16.0,-30.0,14.0,3.205776
-16.0,-28.0,14.0,3.2897997
-16.0,-26.0,14.0,3.380995
-16.0,-24.0,14.0,3.3388402
-16.0,-22.0,14.0,3.35912
-16.0,-20.0,14.0,3.3121254
-16.0,-18.0,14.0,3.1891017
-16.0,-16.0,14.0,3.1156445
-16.0,-14.0,14.0,3.2550118
-16.0,-12.0,14.0,3.3989
-16.0,-10.0,14.0,3.3745
-16.0,-8.0,14.0,3.463184
-16.0,-6.0,14.0,3.5257661
-16.0,-4.0,14.0,3.4337602
-16.0,-2.0,14.0,3.3011951
-16.0,0.0,14.0,3.3548295
-16.0,2.0,14.0,3.4263213
-16.0,4.0,14.0,3.4134667
-16.0,6.0,14.0,3.4427943
-16.0,8.0,14.0,3.411875
-16.0,10.0,14.0,3.2936213
-16.0,12.0,14.0,3.2213979
-16.0,14.0,14.0,3.1691396
-16.0,16.0,14.0,3.209559
-16.0,18.0,14.0,3.2398684
-16.0,20.0,14.0,3.247405
-16.0,22.0,14.0,3.2603543
-16.0,24.0,14.0,3.240274
-16.0,26.0,14.0,3.1500142
-16.0,28.0,14.0,3.114601
-16.0,30.0,14.0,3.1108408
-16.0,32.0,14.0,3.0794792
-16.0,34.0,14.0,3.050711
-16.0,36.0,14.0,3.0255055
-16.0,38.0,14.0,3.0425928
-16.0,40.0,14.0,3.0302477
-16.0,42.0,14.0,2.9535558
-16.0,44.0,14.0,2.8777077
-16.0,46.0,14.0,2.8442564
-16.0,48.0,14.0,2.8429236
-16.0,50.0,14.0,2.9210768
-16.0,52.0,14.0,2.9465091
-16.0,54.0,14.0,2.9149966
-16.0,56.0,14.0,2.815904
-16.0,58.0,14.0,2.7956178
-16.0,60.0,14.0,2.887535
-16.0,62.0,14.0,2.862022
-16.0,64.0,14.0,2.8418772
-16.0,66.0,14.0,2.9138424
-16.0,68.0,14.0,2.9424975
-16.0,70.0,14.0,2.7641394
-16.0,72.0,14.0,2.6595414
-16.0,74.0,14.0,2.7379622
-16.0,76.0,14.0,2.8293
-16.0,78.0,14.0,2.776102
-16.0,80.0,14.0,2.7802277
-16.0,82.0,14.0,2.9464786
-16.0,84.0,14.0,2.9312518
-16.0,86.0,14.0,2.7954893
-16.0,88.0,14.0,2.7050822
-16.0,90.0,14.0,2.7056842
-16.0,92.0,14.0,2.7439454
-16.0,94.0,14.0,2.779684
-16.0,96.0,14.0,2.969997
-16.0,98.0,14.0,2.915726
-16.0,100.0,14.0,2.693676
-16.0,102.0,14.0,2.6823995
-16.0,104.0,14.0,2.7830057
-16.0,106.0,14.0,2.759381
-16.0,108.0,14.0,2.6885607
-16.0,110.0,14.0,2.7192132
-16.0,112.0,14.0,2.809276
-16.0,114.0,14.0,2.845841
-16.0,116.0,14.0,2.8233912
-16.0,118.0,14.0,2.7621512
-16.0,120.0,14.0,2.727842
-16.0,122.0,14.0,2.7047665
-16.0,124.0,14.0,2.662662
-16.0,126.0,14.0,2.6613474
-16.0,128.0,14.0,2.7078934
-16.0,130.0,14.0,2.7183719
-16.0,132.0,14.0,2.5740285
-16.0,134.0,14.0,2.522
-16.0,136.0,14.0,2.5857484
-16.0,138.0,14.0,2.6498084
-16.0,140.0,14.0,2.6759317
-16.0,142.0,14.0,2.6452577
-16.0,144.0,14.0,2.6551988
-16.0,146.0,14.0,2.6242456
-16.0,148.0,14.0,2.6971626
-16.0,150.0,14.0,2.7140067
-16.0,152.0,14.0,2.6340084
-16.0,154.0,14.0,2.6096435
-16.0,156.0,14.0,2.7344623
-16.0,158.0,14.0,2.7958992
-16.0,160.0,14.0,2.6862335
-16.0,162.0,14.0,2.6190338
-16.0,164.0,14.0,2.6991186
-16.0,166.0,14.0,2.6197197
-16.0,168.0,14.0,2.5352333
-16.0,170.0,14.0,2.639358
-16.0,172.0,14.0,2.8782356
-16.0,174.0,14.0,2.7959242
-16.0,176.0,14.0,2.673379
-16.0,178.0,14.0,2.659634
-16.0,180.0,14.0,2.5763311
-14.0,-180.0,14.0,2.5869336
-14.0,-178.0,14.0,2.5505202
-14.0,-176.0,14.0,2.6173959
-14.0,-174.0,14.0,2.7212436
-14.0,-172.0,14.0,2.7175121
-14.0,-170.0,14.0,2.6035278
-14.0,-168.0,14.0,2.5732977
-14.0,-166.0,14.0,2.5459273
-14.0,-164.0,14.0,2.4161139
-14.0,-162.0,14.0,2.3987477
-14.0,-160.0,14.0,2.6192844
-14.0,-158.0,14.0,2.706715
-14.0,-156.0,14.0,2.6860578
-14.0,-154.0,14.0,2.6279871
-14.0,-152.0,14.0,2.6166143
-14.0,-150.0,14.0,2.5811403
-14.0,-148.0,14.0,2.4551044
-14.0,-146.0,14.0,2.4661202
-14.0,-144.0,14.0,2.4230611
-14.0,-142.0,14.0,2.5125725
-14.0,-140.0,14.0,2.632626
-14.0,-138.0,14.0,2.6550105
-14.0,-136.0,14.0,2.597027
-14.0,-134.0,14.0,2.481655
-14.0,-132.0,14.0,2.4906943
-14.0,-130.0,14.0,2.610051
-14.0,-128.0,14.0,2.670915
-14.0,-126.0,14.0,2.5806522
-14.0,-124.0,14.0,2.4398856
-14.0,-122.0,14.0,2.4690135
-14.0,-120.0,14.0,2.6893916
-14.0,-118.0,14.0,2.7893503
-14.0,-116.0,14.0,2.7377276
-14.0,-114.0,14.0,2.7100332
-14.0,-112.0,14.0,2.7469153
-14.0,-110.0,14.0,2.7393367
-14.0,-108.0,14.0,2.5827448
-14.0,-106.0,14.0,2.646144
-14.0,-104.0,14.0,2.8180566
-14.0,-102.0,14.0,2.775868
-14.0,-100.0,14.0,2.7278306
-14.0,-98.0,14.0,2.868076
-14.0,-96.0,14.0,2.945608
-14.0,-94.0,14.0,2.7993202
-14.0,-92.0,14.0,2.7393854
-14.0,-90.0,14.0,2.8551364
-14.0,-88.0,14.0,2.9108675
-14.0,-86.0,14.0,3.0040748
-14.0,-84.0,14.0,2.9358819
-14.0,-82.0,14.0,2.9491553
-14.0,-80.0,14.0,2.8755405
-14.0,-78.0,14.0,2.8333497
-14.0,-76.0,14.0,2.9604883
-14.0,-74.0,14.0,3.063479
-14.0,-72.0,14.0,2.9259675
-14.0,-70.0,14.0,2.8602402
-14.0,-68.0,14.0,2.9955492
-14.0,-66.0,14.0,3.0425143
-14.0,-64.0,14.0,2.9092877
-14.0,-62.0,14.0,2.9081817
-14.0,-60.0,14.0,2.9352481
-14.0,-58.0,14.0,2.8354154
-14.0,-56.0,14.0,2.7123098
-14.0,-54.0,14.0,2.7300267
-14.0,-52.0,14.0,2.8504949
-14.0,-50.0,14.0,2.88895
-14.0,-48.0,14.0,2.782799
-14.0,-46.0,14.0,2.8508754
-14.0,-44.0,14.0,2.9161992
-14.0,-42.0,14.0,2.9245157
-14.0,-40.0,14.0,2.9808252
-14.0,-38.0,14.0,2.9958727
-14.0,-36.0,14.0,2.9422185
-14.0,-34.0,14.0,2.859813
-14.0,-32.0,14.0,2.8416123
-14.0,-30.0,14.0,3.0356987
-14.0,-28.0,14.0,3.1372159
-14.0,-26.0,14.0,3.2767384
-14.0,-24.0,14.0,3.3084874
-14.0,-22.0,14.0,3.2599561
-14.0,-20.0,14.0,3.2073956
-14.0,-18.0,14.0,3.0837808
-14.0,-16.0,14.0,2.9683642
-14.0,-14.0,14.0,3.071787
-14.0,-12.0,14.0,3.2468143
-14.0,-10.0,14.0,3.2871432
-14.0,-8.0,14.0,3.2802467
-14.0,-6.0,14.0,3.3356512
-14.0,-4.0,14.0,3.2490246
-14.0,-2.0,14.0,3.1464016
-14.0,0.0,14.0,3.2190716
-14.0,2.0,14.0,3.3127117
-14.0,4.0,14.0,3.3103998
-14.0,6.0,14.0,3.3213463
-14.0,8.0,14.0,3.2746625
-14.0,10.0,14.0,3.1762273
-14.0,12.0,14.0,3.067913
-14.0,14.0,14.0,3.0192063
-14.0,16.0,14.0,2.9978478
-14.0,18.0,14.0,3.0273054
-14.0,20.0,14.0,3.0216067
-14.0,22.0,14.0,3.0817254
-14.0,24.0,14.0,3.0807571
-14.0,26.0,14.0,3.0034194
-14.0,28.0,14.0,2.962537
-14.0,30.0,14.0,3.0005684
-14.0,32.0,14.0,2.87088
-14.0,34.0,14.0,2.7543638
-14.0,36.0,14.0,2.7717457
-14.0,38.0,14.0,2.7571905
-14.0,40.0,14.0,2.8201551
-14.0,42.0,14.0,2.7375731
-14.0,44.0,14.0,2.6770737
-14.0,46.0,14.0,2.6025536
-14.0,48.0,14.0,2.596929
-14.0,50.0,14.0,2.807368
-14.0,52.0,14.0,2.8428552
-14.0,54.0,14.0,2.6998084
-14.0,56.0,14.0,2.5821154
-14.0,58.0,14.0,2.6037526
-14.0,60.0,14.0,2.7312171
-14.0,62.0,14.0,2.7122827
-14.0,64.0,14.0,2.6748395
-14.0,66.0,14.0,2.8159468
-14.0,68.0,14.0,2.913636
-14.0,70.0,14.0,2.7053623
-14.0,72.0,14.0,2.552072
-14.0,74.0,14.0,2.666019
-14.0,76.0,14.0,2.7086186
-14.0,78.0,14.0,2.6354628
-14.0,80.0,14.0,2.641413
-14.0,82.0,14.0,2.9654386
-14.0,84.0,14.0,2.995918
-14.0,86.0,14.0,2.6986258
-14.0,88.0,14.0,2.5962892
-14.0,90.0,14.0,2.6376147
-14.0,92.0,14.0,2.6022782
-14.0,94.0,14.0,2.6349275
-14.0,96.0,14.0,2.9366236
-14.0,98.0,14.0,2.9429367
-14.0,100.0,14.0,2.5885563
-14.0,102.0,14.0,2.5435982
-14.0,104.0,14.0,2.6845026
-14.0,106.0,14.0,2.682306
-14.0,108.0,14.0,2.6311567
-14.0,110.0,14.0,2.587924
-14.0,112.0,14.0,2.7306635
-14.0,114.0,14.0,2.72279
-14.0,116.0,14.0,2.6211457
-14.0,118.0,14.0,2.5858355
-14.0,120.0,14.0,2.558313
-14.0,122.0,14.0,2.4897592
-14.0,124.0,14.0,2.4924707
-14.0,126.0,14.0,2.4874218
-14.0,128.0,14.0,2.5839136
-14.0,130.0,14.0,2.613783
-14.0,132.0,14.0,2.4196255
-14.0,134.0,14.0,2.444062
-14.0,136.0,14.0,2.525658
-14.0,138.0,14.0,2.5996087
-14.0,140.0,14.0,2.647274
-14.0,142.0,14.0,2.5559518
-14.0,144.0,14.0,2.6117558
-14.0,146.0,14.0,2.646188
-14.0,148.0,14.0,2.6376777
-14.0,150.0,14.0,2.6430366
-14.0,152.0,14.0,2.5755196
-14.0,154.0,14.0,2.5103936
-14.0,156.0,14.0,2.6165864
-14.0,158.0,14.0,2.6853461
-14.0,160.0,14.0,2.6281493
-14.0,162.0,14.0,2.5716944
-14.0,164.0,14.0,2.593415
-14.0,166.0,14.0,2.5417361
-14.0,168.0,14.0,2.5280485
-14.0,170.0,14.0,2.642284
-14.0,172.0,14.0,2.8724496
-14.0,174.0,14.0,2.863612
-14.0,176.0,14.0,2.690272
-14.0,178.0,14.0,2.6570928
-14.0,180.0,14.0,2.5869336
-12.0,-180.0,14.0,2.51918
-12.0,-178.0,14.0,2.5042434
-12.0,-176.0,14.0,2.568184
-12.0,-174.0,14.0,2.6395419
-12.0,-172.0,14.0,2.659775
-12.0,-170.0,14.0,2.551641
-12.0,-168.0,14.0,2.4929566
-12.0,-166.0,14.0,2.4563613
-12.0,-164.0,14.0,2.3509872
-12.0,-162.0,14.0,2.383683
-12.0,-160.0,14.0,2.6057143
-12.0,-158.0,14.0,2.6746907
-12.0,-156.0,14.0,2.6597705
-12.0,-154.0,14.0,2.552469
-12.0,-152.0,14.0,2.523727
-12.0,-150.0,14.0,2.538192
-12.0,-148.0,14.0,2.4054315
-12.0,-146.0,14.0,2.4048898
-12.0,-144.0,14.0,2.3844686
-12.0,-142.0,14.0,2.4367468
-12.0,-140.0,14.0,2.568716
-12.0,-138.0,14.0,2.592014
-12.0,-136.0,14.0,2.523666
-12.0,-134.0,14.0,2.3703964
-12.0,-132.0,14.0,2.4338205
-12.0,-130.0,14.0,2.588544
-12.0,-128.0,14.0,2.6669946
-12.0,-126.0,14.0,2.5667708
-12.0,-124.0,14.0,2.4331458
-12.0,-122.0,14.0,2.4727201
-12.0,-120.0,14.0,2.6664517
-12.0,-118.0,14.0,2.7292745
-12.0,-116.0,14.0,2.6493008
-12.0,-114.0,14.0,2.6053832
-12.0,-112.0,14.0,2.6802619
-12.0,-110.0,14.0,2.6462474
-12.0,-108.0,14.0,2.553209
-12.0,-106.0,14.0,2.6057372
-12.0,-104.0,14.0,2.796788
-12.0,-102.0,14.0,2.753173
-12.0,-100.0,14.0,2.6628792
-12.0,-98.0,14.0,2.8036735
-12.0,-96.0,14.0,2.9315467
-12.0,-94.0,14.0,2.7859845
-12.0,-92.0,14.0,2.734717
-12.0,-90.0,14.0,2.8322036
-12.0,-88.0,14.0,2.9001484
-12.0,-86.0,14.0,2.8631675
-12.0,-84.0,14.0,2.8375692
-12.0,-82.0,14.0,2.8832734
-12.0,-80.0,14.0,2.7876563
-12.0,-78.0,14.0,2.7567136
-12.0,-76.0,14.0,2.8730378
-12.0,-74.0,14.0,2.9972737
-12.0,-72.0,14.0,2.8548124
-12.0,-70.0,14.0,2.7755651
-12.0,-68.0,14.0,2.9089236
-12.0,-66.0,14.0,3.0150855
-12.0,-64.0,14.0,2.8833525
-12.0,-62.0,14.0,2.86746
-12.0,-60.0,14.0,2.9215808
-12.0,-58.0,14.0,2.8056047
-12.0,-56.0,14.0,2.669084
-12.0,-54.0,14.0,2.6248934
-12.0,-52.0,14.0,2.7048542
-12.0,-50.0,14.0,2.7903168
-12.0,-48.0,14.0,2.7194197
-12.0,-46.0,14.0,2.727482
-12.0,-44.0,14.0,2.7798595
-12.0,-42.0,14.0,2.8003592
-12.0,-40.0,14.0,2.8884013
-12.0,-38.0,14.0,2.9417336
-12.0,-36.0,14.0,2.8517556
-12.0,-34.0,14.0,2.7634883
-12.0,-32.0,14.0,2.7630088
-12.0,-30.0,14.0,2.930917
-12.0,-28.0,14.0,3.0656962
-12.0,-26.0,14.0,3.1732776
-12.0,-24.0,14.0,3.257688
-12.0,-22.0,14.0,3.1872563
-12.0,-20.0,14.0,3.019601
-12.0,-18.0,14.0,2.9626408
-12.0,-16.0,14.0,2.8413072
-12.0,-14.0,14.0,2.9347112
-12.0,-12.0,14.0,3.0781794
-12.0,-10.0,14.0,3.1178904
-12.0,-8.0,14.0,3.2065878
-12.0,-6.0,14.0,3.1957963
-12.0,-4.0,14.0,3.0919073
-12.0,-2.0,14.0,3.0233934
-12.0,0.0,14.0,3.0484252
-12.0,2.0,14.0,3.098568
-12.0,4.0,14.0,3.1332428
-12.0,6.0,14.0,3.1707804
-12.0,8.0,14.0,3.1638746
-12.0,10.0,14.0,3.033226
-12.0,12.0,14.0,2.9266548
-12.0,14.0,14.0,2.8469827
-12.0,16.0,14.0,2.7925832
-12.0,18.0,14.0,2.8590214
-12.0,20.0,14.0,2.9164405
-12.0,22.0,14.0,2.9520128
-12.0,24.0,14.0,2.9660163
-12.0,26.0,14.0,2.9057202
-12.0,28.0,14.0,2.8643918
-12.0,30.0,14.0,2.796506
-12.0,32.0,14.0,2.6808155
-12.0,34.0,14.0,2.6272295
-12.0,36.0,14.0,2.6348095
-12.0,38.0,14.0,2.6210237
-12.0,40.0,14.0,2.665328
-12.0,42.0,14.0,2.582498
-12.0,44.0,14.0,2.5676866
-12.0,46.0,14.0,2.4581287
-12.0,48.0,14.0,2.4581568
-12.0,50.0,14.0,2.6342773
-12.0,52.0,14.0,2.693917
-12.0,54.0,14.0,2.5589402
-12.0,56.0,14.0,2.421022
-12.0,58.0,14.0,2.477161
-12.0,60.0,14.0,2.607477
-12.0,62.0,14.0,2.5536985
-12.0,64.0,14.0,2.571654
-12.0,66.0,14.0,2.773016
-12.0,68.0,14.0,2.8348262
-12.0,70.0,14.0,2.6977336
-12.0,72.0,14.0,2.5760868
-12.0,74.0,14.0,2.6544993
-12.0,76.0,14.0,2.6385329
-12.0,78.0,14.0,2.5329542
-12.0,80.0,14.0,2.5849838
-12.0,82.0,14.0,2.8194509
-12.0,84.0,14.0,2.840118
-12.0,86.0,14.0,2.598549
-12.0,88.0,14.0,2.542018
-12.0,90.0,14.0,2.5480049
-12.0,92.0,14.0,2.528792
-12.0,94.0,14.0,2.5877163
-12.0,96.0,14.0,2.8207607
-12.0,98.0,14.0,2.787237
-12.0,100.0,14.0,2.534765
-12.0,102.0,14.0,2.5417423
-12.0,104.0,14.0,2.6640978
-12.0,106.0,14.0,2.607521
-12.0,108.0,14.0,2.5184042
-12.0,110.0,14.0,2.549504
-12.0,112.0,14.0,2.658552
-12.0,114.0,14.0,2.627593
-12.0,116.0,14.0,2.5047224
-12.0,118.0,14.0,2.4945343
-12.0,120.0,14.0,2.511994
-12.0,122.0,14.0,2.4162772
-12.0,124.0,14.0,2.3707435
-12.0,126.0,14.0,2.4154491
-12.0,128.0,14.0,2.545064
-12.0,130.0,14.0,2.5340312
-12.0,132.0,14.0,2.392135
-12.0,134.0,14.0,2.4380398
-12.0,136.0,14.0,2.5168455
-12.0,138.0,14.0,2.628568
-12.0,140.0,14.0,2.618504
-12.0,142.0,14.0,2.5037007
-12.0,144.0,14.0,2.504248
-12.0,146.0,14.0,2.560704
-12.0,148.0,14.0,2.548
-12.0,150.0,14.0,2.5839212
-12.0,152.0,14.0,2.58123
-12.0,154.0,14.0,2.5204394
-12.0,156.0,14.0,2.546941
-12.0,158.0,14.0,2.575286
-12.0,160.0,14.0,2.5269864
-12.0,162.0,14.0,2.4920142
-12.0,164.0,14.0,2.4979072
-12.0,166.0,14.0,2.4709551
-12.0,168.0,14.0,2.4415994
-12.0,170.0,14.0,2.6102815
-12.0,172.0,14.0,2.8120742
-12.0,174.0,14.0,2.875802
-12.0,176.0,14.0,2.7243845
-12.0,178.0,14.0,2.627956
-12.0,180.0,14.0,2.51918
-10.0,-180.0,14.0,2.4769554
-10.0,-178.0,14.0,2.4276493
-10.0,-176.0,14.0,2.483988
-10.0,-174.0,14.0,2.583323
-10.0,-172.0,14.0,2.6145713
-10.0,-170.0,14.0,2.485492
-10.0,-168.0,14.0,2.4067922
-10.0,-166.0,14.0,2.3857868
-10.0,-164.0,14.0,2.3232822
-10.0,-162.0,14.0,2.322068
-10.0,-160.0,14.0,2.4972463
-10.0,-158.0,14.0,2.5819516
-10.0,-156.0,14.0,2.646586
-10.0,-154.0,14.0,2.54501
-10.0,-152.0,14.0,2.4955688
-10.0,-150.0,14.0,2.5247824
-10.0,-148.0,14.0,2.4131982
-10.0,-146.0,14.0,2.334066
-10.0,-144.0,14.0,2.3503792
-10.0,-142.0,14.0,2.447402
-10.0,-140.0,14.0,2.537898
-10.0,-138.0,14.0,2.5271692
-10.0,-136.0,14.0,2.426788
-10.0,-134.0,14.0,2.3450282
-10.0,-132.0,14.0,2.4350615
-10.0,-130.0,14.0,2.563668
-10.0,-128.0,14.0,2.538443
-10.0,-126.0,14.0,2.405961
-10.0,-124.0,14.0,2.29814
-10.0,-122.0,14.0,2.4117265
-10.0,-120.0,14.0,2.5906138
-10.0,-118.0,14.0,2.6333377
-10.0,-116.0,14.0,2.6112275
-10.0,-114.0,14.0,2.676481
-10.0,-112.0,14.0,2.719683
-10.0,-110.0,14.0,2.6338212
-10.0,-108.0,14.0,2.5159352
-10.0,-106.0,14.0,2.5907106
-10.0,-104.0,14.0,2.719805
-10.0,-102.0,14.0,2.6747975
-10.0,-100.0,14.0,2.663205
-10.0,-98.0,14.0,2.8466058
-10.0,-96.0,14.0,2.886583
-10.0,-94.0,14.0,2.6922064
-10.0,-92.0,14.0,2.6213596
-10.0,-90.0,14.0,2.7394438
-10.0,-88.0,14.0,2.8120272
-10.0,-86.0,14.0,2.8460917
-10.0,-84.0,14.0,2.8364713
-10.0,-82.0,14.0,2.892741
-10.0,-80.0,14.0,2.767506
-10.0,-78.0,14.0,2.7450895
-10.0,-76.0,14.0,2.8240051
-10.0,-74.0,14.0,2.813727
-10.0,-72.0,14.0,2.7538154
-10.0,-70.0,14.0,2.7922034
-10.0,-68.0,14.0,2.8917718
-10.0,-66.0,14.0,2.8979886
-10.0,-64.0,14.0,2.8036067
-10.0,-62.0,14.0,2.779997
-10.0,-60.0,14.0,2.80602
-10.0,-58.0,14.0,2.6748204
-10.0,-56.0,14.0,2.5784242
-10.0,-54.0,14.0,2.6388066
-10.0,-52.0,14.0,2.7390733
-10.0,-50.0,14.0,2.8160963
-10.0,-48.0,14.0,2.7707243
-10.0,-46.0,14.0,2.7710242
-10.0,-44.0,14.0,2.8140666
-10.0,-42.0,14.0,2.8321137
-10.0,-40.0,14.0,2.8593473
-10.0,-38.0,14.0,2.8953626
-10.0,-36.0,14.0,2.8339024
-10.0,-34.0,14.0,2.7610557
-10.0,-32.0,14.0,2.7544656
-10.0,-30.0,14.0,2.9239619
-10.0,-28.0,14.0,3.070751
-10.0,-26.0,14.0,3.156489
-10.0,-24.0,14.0,3.2188601
-10.0,-22.0,14.0,3.1188614
-10.0,-20.0,14.0,2.972793
-10.0,-18.0,14.0,2.799949
-10.0,-16.0,14.0,2.7726114
-10.0,-14.0,14.0,2.8224885
-10.0,-12.0,14.0,2.9386857
-10.0,-10.0,14.0,2.990889
-10.0,-8.0,14.0,3.0955853
-10.0,-6.0,14.0,3.069738
-10.0,-4.0,14.0,2.969396
-10.0,-2.0,14.0,2.917481
-10.0,0.0,14.0,2.9803102
-10.0,2.0,14.0,3.017089
-10.0,4.0,14.0,3.0564356
-10.0,6.0,14.0,3.092507
-10.0,8.0,14.0,3.0904465
-10.0,10.0,14.0,2.9274998
-10.0,12.0,14.0,2.806282
-10.0,14.0,14.0,2.7557142
-10.0,16.0,14.0,2.7359018
-10.0,18.0,14.0,2.740054
-10.0,20.0,14.0,2.8537426
-10.0,22.0,14.0,2.885109
-10.0,24.0,14.0,2.8536026
-10.0,26.0,14.0,2.7820907
-10.0,28.0,14.0,2.7921503
-10.0,30.0,14.0,2.7897215
-10.0,32.0,14.0,2.7306013
-10.0,34.0,14.0,2.6317132
-10.0,36.0,14.0,2.6527574
-10.0,38.0,14.0,2.6792824
-10.0,40.0,14.0,2.6927497
-10.0,42.0,14.0,2.594792
-10.0,44.0,14.0,2.5188193
-10.0,46.0,14.0,2.472571
-10.0,48.0,14.0,2.4592729
-10.0,50.0,14.0,2.606737
-10.0,52.0,14.0,2.6483264
-10.0,54.0,14.0,2.5170028
-10.0,56.0,14.0,2.3472466
-10.0,58.0,14.0,2.4492798
-10.0,60.0,14.0,2.543942
-10.0,62.0,14.0,2.505964
-10.0,64.0,14.0,2.4458098
-10.0,66.0,14.0,2.5857954
-10.0,68.0,14.0,2.6697462
-10.0,70.0,14.0,2.5017173
-10.0,72.0,14.0,2.4146397
-10.0,74.0,14.0,2.4440796
-10.0,76.0,14.0,2.487339
-10.0,78.0,14.0,2.3976526
-10.0,80.0,14.0,2.4622378
-10.0,82.0,14.0,2.6838965
-10.0,84.0,14.0,2.7657924
-10.0,86.0,14.0,2.560771
-10.0,88.0,14.0,2.421504
-10.0,90.0,14.0,2.4553668
-10.0,92.0,14.0,2.3937998
-10.0,94.0,14.0,2.4351254
-10.0,96.0,14.0,2.689442
-10.0,98.0,14.0,2.6694808
-10.0,100.0,14.0,2.4289982
-10.0,102.0,14.0,2.3964767
-10.0,104.0,14.0,2.4703927
-10.0,106.0,14.0,2.414198
-10.0,108.0,14.0,2.357821
-10.0,110.0,14.0,2.4225852
-10.0,112.0,14.0,2.5988925
-10.0,114.0,14.0,2.590364
-10.0,116.0,14.0,2.4582353
-10.0,118.0,14.0,2.4320986
-10.0,120.0,14.0,2.446186
-10.0,122.0,14.0,2.354805
-10.0,124.0,14.0,2.2699754
-10.0,126.0,14.0,2.2702756
-10.0,128.0,14.0,2.418301
-10.0,130.0,14.0,2.4547853
-10.0,132.0,14.0,2.3227408
-10.0,134.0,14.0,2.3131986
-10.0,136.0,14.0,2.3634977
-10.0,138.0,14.0,2.4570115
-10.0,140.0,14.0,2.471795
-10.0,142.0,14.0,2.373307
-10.0,144.0,14.0,2.3899162
-10.0,146.0,14.0,2.420883
-10.0,148.0,14.0,2.4327583
-10.0,150.0,14.0,2.4802854
-10.0,152.0,14.0,2.4793098
-10.0,154.0,14.0,2.4309065
-10.0,156.0,14.0,2.4694333
-10.0,158.0,14.0,2.4928763
-10.0,160.0,14.0,2.4889736
-10.0,162.0,14.0,2.4517765
-10.0,164.0,14.0,2.4402094
-10.0,166.0,14.0,2.4328547
-10.0,168.0,14.0,2.4288845
-10.0,170.0,14.0,2.495593
-10.0,172.0,14.0,2.6747894
-10.0,174.0,14.0,2.772811
-10.0,176.0,14.0,2.6728735
-10.0,178.0,14.0,2.5907133
-10.0,180.0,14.0,2.4769554
-8.0,-180.0,14.0,2.7721703
-8.0,-178.0,14.0,2.6556888
-8.0,-176.0,14.0,2.7311954
-8.0,-174.0,14.0,2.7918158
-8.0,-172.0,14.0,2.84848
-8.0,-170.0,14.0,2.8069675
-8.0,-168.0,14.0,2.715449
-8.0,-166.0,14.0,2.6411185
-8.0,-164.0,14.0,2.531077
-8.0,-162.0,14.0,2.542332
-8.0,-160.0,14.0,2.7341218
-8.0,-158.0,14.0,2.8100667
-8.0,-156.0,14.0,2.894408
-8.0,-154.0,14.0,2.8335013
-8.0,-152.0,14.0,2.7731457
-8.0,-150.0,14.0,2.7579832
-8.0,-148.0,14.0,2.641412
-8.0,-146.0,14.0,2.5974104
-8.0,-144.0,14.0,2.6108994
-8.0,-142.0,14.0,2.7909775
-8.0,-140.0,14.0,2.8751833
-8.0,-138.0,14.0,2.802486
-8.0,-136.0,14.0,2.745863
-8.0,-134.0,14.0,2.7076304
-8.0,-132.0,14.0,2.7207644
-8.0,-130.0,14.0,2.749222
-8.0,-128.0,14.0,2.6837647
-8.0,-126.0,14.0,2.6003187
-8.0,-124.0,14.0,2.5101478
-8.0,-122.0,14.0,2.5870218
-8.0,-120.0,14.0,2.7999654
-8.0,-118.0,14.0,2.952987
-8.0,-116.0,14.0,2.8904831
-8.0,-114.0,14.0,2.9278555
-8.0,-112.0,14.0,2.928093
-8.0,-110.0,14.0,2.8788772
-8.0,-108.0,14.0,2.7430887
-8.0,-106.0,14.0,2.7618315
-8.0,-104.0,14.0,2.8351462
-8.0,-102.0,14.0,2.8383124
-8.0,-100.0,14.0,2.8551683
-8.0,-98.0,14.0,3.0632846
-8.0,-96.0,14.0,3.076364
-8.0,-94.0,14.0,2.9047415
-8.0,-92.0,14.0,2.9015775
-8.0,-90.0,14.0,2.974949
-8.0,-88.0,14.0,3.1056848
-8.0,-86.0,14.0,3.165271
-8.0,-84.0,14.0,3.1374903
-8.0,-82.0,14.0,3.123714
-8.0,-80.0,14.0,3.0320733
-8.0,-78.0,14.0,3.0033715
-8.0,-76.0,14.0,3.0178251
-8.0,-74.0,14.0,3.0036952
-8.0,-72.0,14.0,2.9441268
-8.0,-70.0,14.0,2.9582334
-8.0,-68.0,14.0,3.1181164
-8.0,-66.0,14.0,3.1415854
-8.0,-64.0,14.0,3.0455291
-8.0,-62.0,14.0,2.9740582
-8.0,-60.0,14.0,2.9367986
-8.0,-58.0,14.0,2.9125133
-8.0,-56.0,14.0,2.7845097
-8.0,-54.0,14.0,2.7690308
-8.0,-52.0,14.0,2.8164148
-8.0,-50.0,14.0,2.8822136
-8.0,-48.0,14.0,2.8212254
-8.0,-46.0,14.0,2.8330307
-8.0,-44.0,14.0,2.9526315
-8.0,-42.0,14.0,2.9586904
-8.0,-40.0,14.0,2.9737108
-8.0,-38.0,14.0,3.0086312
-8.0,-36.0,14.0,2.9500353
-8.0,-34.0,14.0,2.822156
-8.0,-32.0,14.0,2.8606455
-8.0,-30.0,14.0,3.0637445
-8.0,-28.0,14.0,3.2104135
-8.0,-26.0,14.0,3.2859104
-8.0,-24.0,14.0,3.3666966
-8.0,-22.0,14.0,3.2877216
-8.0,-20.0,14.0,3.1162176
-8.0,-18.0,14.0,2.9433022
-8.0,-16.0,14.0,2.9009864
-8.0,-14.0,14.0,2.9887884
-8.0,-12.0,14.0,3.1189172
-8.0,-10.0,14.0,3.2044697
-8.0,-8.0,14.0,3.2267907
-8.0,-6.0,14.0,3.1764443
-8.0,-4.0,14.0,3.0282981
-8.0,-2.0,14.0,3.025505
-8.0,0.0,14.0,3.1444795
-8.0,2.0,14.0,3.2717056
-8.0,4.0,14.0,3.3150067
-8.0,6.0,14.0,3.365673
-8.0,8.0,14.0,3.300468
-8.0,10.0,14.0,3.0892339
-8.0,12.0,14.0,2.9763722
-8.0,14.0,14.0,2.9371982
-8.0,16.0,14.0,2.9133935
-8.0,18.0,14.0,2.9479513
-8.0,20.0,14.0,2.9963837
-8.0,22.0,14.0,3.0663836
-8.0,24.0,14.0,3.029569
-8.0,26.0,14.0,2.8766038
-8.0,28.0,14.0,2.8636436
-8.0,30.0,14.0,2.9714298
-8.0,32.0,14.0,2.8346646
-8.0,34.0,14.0,2.775529
-8.0,36.0,14.0,2.7935958
-8.0,38.0,14.0,2.8480425
-8.0,40.0,14.0,2.9047508
-8.0,42.0,14.0,2.790866
-8.0,44.0,14.0,2.652907
-8.0,46.0,14.0,2.6371498
-8.0,48.0,14.0,2.6022143
-8.0,50.0,14.0,2.801433
-8.0,52.0,14.0,2.8061545
-8.0,54.0,14.0,2.669885
-8.0,56.0,14.0,2.5232472
-8.0,58.0,14.0,2.579128
-8.0,60.0,14.0,2.6774232
-8.0,62.0,14.0,2.6842742
-8.0,64.0,14.0,2.6067798
-8.0,66.0,14.0,2.726286
-8.0,68.0,14.0,2.8234541
-8.0,70.0,14.0,2.6201441
-8.0,72.0,14.0,2.5180583
-8.0,74.0,14.0,2.5754807
-8.0,76.0,14.0,2.633183
-8.0,78.0,14.0,2.5902002
-8.0,80.0,14.0,2.5915227
-8.0,82.0,14.0,2.8493547
-8.0,84.0,14.0,2.9151583
-8.0,86.0,14.0,2.6657777
-8.0,88.0,14.0,2.5293562
-8.0,90.0,14.0,2.6554298
-8.0,92.0,14.0,2.582698
-8.0,94.0,14.0,2.6151035
-8.0,96.0,14.0,2.8606453
-8.0,98.0,14.0,2.8792799
-8.0,100.0,14.0,2.5704303
-8.0,102.0,14.0,2.4636717
-8.0,104.0,14.0,2.5750608
-8.0,106.0,14.0,2.5914645
-8.0,108.0,14.0,2.5395594
-8.0,110.0,14.0,2.5084069
-8.0,112.0,14.0,2.736391
-8.0,114.0,14.0,2.782597
-8.0,116.0,14.0,2.6038582
-8.0,118.0,14.0,2.535679
-8.0,120.0,14.0,2.5331173
-8.0,122.0,14.0,2.467945
-8.0,124.0,14.0,2.4953368
-8.0,126.0,14.0,2.43104
-8.0,128.0,14.0,2.5078743
-8.0,130.0,14.0,2.579718
-8.0,132.0,14.0,2.4143283
-8.0,134.0,14.0,2.399921
-8.0,136.0,14.0,2.4289017
-8.0,138.0,14.0,2.518872
-8.0,140.0,14.0,2.5952163
-8.0,142.0,14.0,2.501449
-8.0,144.0,14.0,2.5585542
-8.0,146.0,14.0,2.5504844
-8.0,148.0,14.0,2.5448105
-8.0,150.0,14.0,2.5394359
-8.0,152.0,14.0,2.5200322
-8.0,154.0,14.0,2.483262
-8.0,156.0,14.0,2.56329
-8.0,158.0,14.0,2.6604738
-8.0,160.0,14.0,2.6987827
-8.0,162.0,14.0,2.7011716
-8.0,164.0,14.0,2.6857789
-8.0,166.0,14.0,2.6550524
-8.0,168.0,14.0,2.6573048
-8.0,170.0,14.0,2.7159858
-8.0,172.0,14.0,2.8395863
-8.0,174.0,14.0,2.944689
-8.0,176.0,14.0,2.9209504
-8.0,178.0,14.0,2.852056
-8.0,180.0,14.0,2.7721703
-6.0,-180.0,14.0,2.6317515
-6.0,-178.0,14.0,2.59638
-6.0,-176.0,14.0,2.6155188
-6.0,-174.0,14.0,2.6485775
-6.0,-172.0,14.0,2.7413857
-6.0,-170.0,14.0,2.668159
-6.0,-168.0,14.0,2.5721335
-6.0,-166.0,14.0,2.531275
-6.0,-164.0,14.0,2.4532382
-6.0,-162.0,14.0,2.4822469
-6.0,-160.0,14.0,2.7284946
-6.0,-158.0,14.0,2.842804
-6.0,-156.0,14.0,2.9005148
-6.0,-154.0,14.0,2.8274097
-6.0,-152.0,14.0,2.7740736
-6.0,-150.0,14.0,2.728228
-6.0,-148.0,14.0,2.585501
-6.0,-146.0,14.0,2.5305445
-6.0,-144.0,14.0,2.5263069
-6.0,-142.0,14.0,2.6774306
-6.0,-140.0,14.0,2.777273
-6.0,-138.0,14.0,2.7200403
-6.0,-136.0,14.0,2.6350691
-6.0,-134.0,14.0,2.58108
-6.0,-132.0,14.0,2.6389744
-6.0,-130.0,14.0,2.7233117
-6.0,-128.0,14.0,2.6593785
-6.0,-126.0,14.0,2.5664203
-6.0,-124.0,14.0,2.5069783
-6.0,-122.0,14.0,2.5606914
-6.0,-120.0,14.0,2.7627509
-6.0,-118.0,14.0,2.8679423
-6.0,-116.0,14.0,2.8109114
-6.0,-114.0,14.0,2.827228
-6.0,-112.0,14.0,2.837221
-6.0,-110.0,14.0,2.7750762
-6.0,-108.0,14.0,2.692175
-6.0,-106.0,14.0,2.7133133
-6.0,-104.0,14.0,2.8170602
-6.0,-102.0,14.0,2.7661073
-6.0,-100.0,14.0,2.7991517
-6.0,-98.0,14.0,3.0327377
-6.0,-96.0,14.0,3.0829158
-6.0,-94.0,14.0,2.95793
-6.0,-92.0,14.0,2.962366
-6.0,-90.0,14.0,2.9122918
-6.0,-88.0,14.0,2.9864032
-6.0,-86.0,14.0,3.0969691
-6.0,-84.0,14.0,3.026465
-6.0,-82.0,14.0,3.0417006
-6.0,-80.0,14.0,2.9607065
-6.0,-78.0,14.0,2.9384367
-6.0,-76.0,14.0,2.9160063
-6.0,-74.0,14.0,2.961125
-6.0,-72.0,14.0,2.8374853
-6.0,-70.0,14.0,2.8954327
-6.0,-68.0,14.0,3.084901
-6.0,-66.0,14.0,3.0803986
-6.0,-64.0,14.0,3.027343
-6.0,-62.0,14.0,2.9364192
-6.0,-60.0,14.0,2.9342391
-6.0,-58.0,14.0,2.852577
-6.0,-56.0,14.0,2.7018216
-6.0,-54.0,14.0,2.6843085
-6.0,-52.0,14.0,2.7791755
-6.0,-50.0,14.0,2.8695145
-6.0,-48.0,14.0,2.768552
-6.0,-46.0,14.0,2.7392244
-6.0,-44.0,14.0,2.8149235
-6.0,-42.0,14.0,2.849961
-6.0,-40.0,14.0,2.925063
-6.0,-38.0,14.0,2.9721029
-6.0,-36.0,14.0,2.760848
-6.0,-34.0,14.0,2.6875088
-6.0,-32.0,14.0,2.7094364
-6.0,-30.0,14.0,2.9142807
-6.0,-28.0,14.0,3.10096
-6.0,-26.0,14.0,3.2146614
-6.0,-24.0,14.0,3.3119972
-6.0,-22.0,14.0,3.251108
-6.0,-20.0,14.0,2.9760273
-6.0,-18.0,14.0,2.768222
-6.0,-16.0,14.0,2.7407236
-6.0,-14.0,14.0,2.8000152
-6.0,-12.0,14.0,2.9225729
-6.0,-10.0,14.0,3.020519
-6.0,-8.0,14.0,3.0357459
-6.0,-6.0,14.0,2.9996896
-6.0,-4.0,14.0,2.9003975
-6.0,-2.0,14.0,2.860664
-6.0,0.0,14.0,2.914909
-6.0,2.0,14.0,3.0659468
-6.0,4.0,14.0,3.1451778
-6.0,6.0,14.0,3.141992
-6.0,8.0,14.0,3.0966885
-6.0,10.0,14.0,2.8776374
-6.0,12.0,14.0,2.7533207
-6.0,14.0,14.0,2.7241142
-6.0,16.0,14.0,2.6923742
-6.0,18.0,14.0,2.7796254
-6.0,20.0,14.0,2.854728
-6.0,22.0,14.0,2.8848343
-6.0,24.0,14.0,2.8576915
-6.0,26.0,14.0,2.7241635
-6.0,28.0,14.0,2.7389274
-6.0,30.0,14.0,2.8039577
-6.0,32.0,14.0,2.660826
-6.0,34.0,14.0,2.59959
-6.0,36.0,14.0,2.6209521
-6.0,38.0,14.0,2.6803193
-6.0,40.0,14.0,2.733674
-6.0,42.0,14.0,2.5968883
-6.0,44.0,14.0,2.4839237
-6.0,46.0,14.0,2.4671016
-6.0,48.0,14.0,2.4609687
-6.0,50.0,14.0,2.6362865
-6.0,52.0,14.0,2.6058025
-6.0,54.0,14.0,2.4549544
-6.0,56.0,14.0,2.361209
-6.0,58.0,14.0,2.4298124
-6.0,60.0,14.0,2.5477421
-6.0,62.0,14.0,2.542311
-6.0,64.0,14.0,2.4885395
-6.0,66.0,14.0,2.6298344
-6.0,68.0,14.0,2.690103
-6.0,70.0,14.0,2.5105207
-6.0,72.0,14.0,2.4228992
-6.0,74.0,14.0,2.4677634
-6.0,76.0,14.0,2.5068858
-6.0,78.0,14.0,2.4541607
-6.0,80.0,14.0,2.463749
-6.0,82.0,14.0,2.7165225
-6.0,84.0,14.0,2.7642927
-6.0,86.0,14.0,2.4721148
-6.0,88.0,14.0,2.4082828
-6.0,90.0,14.0,2.488062
-6.0,92.0,14.0,2.4538894
-6.0,94.0,14.0,2.4994247
-6.0,96.0,14.0,2.783026
-6.0,98.0,14.0,2.7502697
-6.0,100.0,14.0,2.4041643
-6.0,102.0,14.0,2.3737957
-6.0,104.0,14.0,2.4365733
-6.0,106.0,14.0,2.5037792
-6.0,108.0,14.0,2.431544
-6.0,110.0,14.0,2.439776
-6.0,112.0,14.0,2.5703015
-6.0,114.0,14.0,2.6005957
-6.0,116.0,14.0,2.4736576
-6.0,118.0,14.0,2.4135365
-6.0,120.0,14.0,2.4312294
-6.0,122.0,14.0,2.409789
-6.0,124.0,14.0,2.4569614
-6.0,126.0,14.0,2.4071674
-6.0,128.0,14.0,2.4082558
-6.0,130.0,14.0,2.4634607
-6.0,132.0,14.0,2.332245
-6.0,134.0,14.0,2.315927
-6.0,136.0,14.0,2.3371902
-6.0,138.0,14.0,2.4129367
-6.0,140.0,14.0,2.4904692
-6.0,142.0,14.0,2.4254055
-6.0,144.0,14.0,2.500431
-6.0,146.0,14.0,2.5132766
-6.0,148.0,14.0,2.4269552
-6.0,150.0,14.0,2.4435742
-6.0,152.0,14.0,2.380838
-6.0,154.0,14.0,2.343299
-6.0,156.0,14.0,2.4213946
-6.0,158.0,14.0,2.5233104
-6.0,160.0,14.0,2.5481992
-6.0,162.0,14.0,2.5881813
-6.0,164.0,14.0,2.5777159
-6.0,166.0,14.0,2.5039039
-6.0,168.0,14.0,2.502551
-6.0,170.0,14.0,2.5807142
-6.0,172.0,14.0,2.8389943
-6.0,174.0,14.0,2.9272301
-6.0,176.0,14.0,2.8559544
-6.0,178.0,14.0,2.7957208
-6.0,180.0,14.0,2.6317515
-4.0,-180.0,14.0,2.3596928
-4.0,-178.0,14.0,2.2987506
-4.0,-176.0,14.0,2.324089
-4.0,-174.0,14.0,2.427238
-4.0,-172.0,14.0,2.4781196
-4.0,-170.0,14.0,2.3320553
-4.0,-168.0,14.0,2.286408
-4.0,-166.0,14.0,2.2735066
-4.0,-164.0,14.0,2.2137368
-4.0,-162.0,14.0,2.1657343
-4.0,-160.0,14.0,2.3387916
-4.0,-158.0,14.0,2.4672074
-4.0,-156.0,14.0,2.5439804
-4.0,-154.0,14.0,2.4778838
-4.0,-152.0,14.0,2.4462829
-4.0,-150.0,14.0,2.3937573
-4.0,-148.0,14.0,2.236221
-4.0,-146.0,14.0,2.1026263
-4.0,-144.0,14.0,2.1581147
-4.0,-142.0,14.0,2.3281722
-4.0,-140.0,14.0,2.4206061
-4.0,-138.0,14.0,2.3707147
-4.0,-136.0,14.0,2.3247042
-4.0,-134.0,14.0,2.296017
-4.0,-132.0,14.0,2.4128082
-4.0,-130.0,14.0,2.4821389
-4.0,-128.0,14.0,2.4141076
-4.0,-126.0,14.0,2.3214893
-4.0,-124.0,14.0,2.262448
-4.0,-122.0,14.0,2.328863
-4.0,-120.0,14.0,2.4871297
-4.0,-118.0,14.0,2.5489168
-4.0,-116.0,14.0,2.534138
-4.0,-114.0,14.0,2.5611765
-4.0,-112.0,14.0,2.6169121
-4.0,-110.0,14.0,2.5695238
-4.0,-108.0,14.0,2.432015
-4.0,-106.0,14.0,2.4342673
-4.0,-104.0,14.0,2.5634408
-4.0,-102.0,14.0,2.5596478
-4.0,-100.0,14.0,2.6623693
-4.0,-98.0,14.0,2.9011273
-4.0,-96.0,14.0,2.9780824
-4.0,-94.0,14.0,2.7586088
-4.0,-92.0,14.0,2.5886254
-4.0,-90.0,14.0,2.657899
-4.0,-88.0,14.0,2.7063763
-4.0,-86.0,14.0,2.7730675
-4.0,-84.0,14.0,2.7904112
-4.0,-82.0,14.0,2.8107083
-4.0,-80.0,14.0,2.665906
-4.0,-78.0,14.0,2.6040456
-4.0,-76.0,14.0,2.6192577
-4.0,-74.0,14.0,2.6370375
-4.0,-72.0,14.0,2.6369855
-4.0,-70.0,14.0,2.7473168
-4.0,-68.0,14.0,2.9865117
-4.0,-66.0,14.0,2.9898965
-4.0,-64.0,14.0,2.8114707
-4.0,-62.0,14.0,2.726917
-4.0,-60.0,14.0,2.715025
-4.0,-58.0,14.0,2.5902057
-4.0,-56.0,14.0,2.4827316
-4.0,-54.0,14.0,2.5181534
-4.0,-52.0,14.0,2.6478937
-4.0,-50.0,14.0,2.7198617
-4.0,-48.0,14.0,2.6217933
-4.0,-46.0,14.0,2.517076
-4.0,-44.0,14.0,2.5987105
-4.0,-42.0,14.0,2.6672893
-4.0,-40.0,14.0,2.694339
-4.0,-38.0,14.0,2.7068038
-4.0,-36.0,14.0,2.5276604
-4.0,-34.0,14.0,2.47282
-4.0,-32.0,14.0,2.5530713
-4.0,-30.0,14.0,2.7625797
-4.0,-28.0,14.0,2.8703003
-4.0,-26.0,14.0,2.944954
-4.0,-24.0,14.0,2.981538
-4.0,-22.0,14.0,2.8672662
-4.0,-20.0,14.0,2.6845176
-4.0,-18.0,14.0,2.5052783
-4.0,-16.0,14.0,2.4644809
-4.0,-14.0,14.0,2.5205781
-4.0,-12.0,14.0,2.6620083
-4.0,-10.0,14.0,2.6776505
-4.0,-8.0,14.0,2.7005253
-4.0,-6.0,14.0,2.7848465
-4.0,-4.0,14.0,2.6908748
-4.0,-2.0,14.0,2.5977123
-4.0,0.0,14.0,2.676338
-4.0,2.0,14.0,2.8240805
-4.0,4.0,14.0,2.866171
-4.0,6.0,14.0,2.8199804
-4.0,8.0,14.0,2.763721
-4.0,10.0,14.0,2.6014805
-4.0,12.0,14.0,2.471087
-4.0,14.0,14.0,2.4256237
-4.0,16.0,14.0,2.4374228
-4.0,18.0,14.0,2.5241141
-4.0,20.0,14.0,2.5464318
-4.0,22.0,14.0,2.6059077
-4.0,24.0,14.0,2.584388
-4.0,26.0,14.0,2.4813318
-4.0,28.0,14.0,2.4503024
-4.0,30.0,14.0,2.4612372
-4.0,32.0,14.0,2.3960676
-4.0,34.0,14.0,2.3541076
-4.0,36.0,14.0,2.3142102
-4.0,38.0,14.0,2.34187
-4.0,40.0,14.0,2.4051504
-4.0,42.0,14.0,2.297627
-4.0,44.0,14.0,2.2989087
-4.0,46.0,14.0,2.2754526
-4.0,48.0,14.0,2.2254658
-4.0,50.0,14.0,2.335297
-4.0,52.0,14.0,2.3686302
-4.0,54.0,14.0,2.2302308
-4.0,56.0,14.0,2.1762838
-4.0,58.0,14.0,2.204098
-4.0,60.0,14.0,2.298802
-4.0,62.0,14.0,2.2784846
-4.0,64.0,14.0,2.2436848
-4.0,66.0,14.0,2.3573484
-4.0,68.0,14.0,2.4048913
-4.0,70.0,14.0,2.2568257
-4.0,72.0,14.0,2.2061315
-4.0,74.0,14.0,2.2328672
-4.0,76.0,14.0,2.2573369
-4.0,78.0,14.0,2.220258
-4.0,80.0,14.0,2.2131236
-4.0,82.0,14.0,2.427901
-4.0,84.0,14.0,2.4362316
-4.0,86.0,14.0,2.242024
-4.0,88.0,14.0,2.1905568
-4.0,90.0,14.0,2.1988707
-4.0,92.0,14.0,2.1341195
-4.0,94.0,14.0,2.1740525
-4.0,96.0,14.0,2.3886821
-4.0,98.0,14.0,2.3835025
-4.0,100.0,14.0,2.2167292
-4.0,102.0,14.0,2.2215652
-4.0,104.0,14.0,2.2579968
-4.0,106.0,14.0,2.3077164
-4.0,108.0,14.0,2.2293594
-4.0,110.0,14.0,2.1868997
-4.0,112.0,14.0,2.3455565
-4.0,114.0,14.0,2.3573391
-4.0,116.0,14.0,2.3304625
-4.0,118.0,14.0,2.2818573
-4.0,120.0,14.0,2.2278209
-4.0,122.0,14.0,2.256361
-4.0,124.0,14.0,2.2860243
-4.0,126.0,14.0,2.240455
-4.0,128.0,14.0,2.2392359
-4.0,130.0,14.0,2.2287776
-4.0,132.0,14.0,2.1498783
-4.0,134.0,14.0,2.1490245
-4.0,136.0,14.0,2.16012
-4.0,138.0,14.0,2.2202303
-4.0,140.0,14.0,2.2685716
-4.0,142.0,14.0,2.2295592
-4.0,144.0,14.0,2.3070717
-4.0,146.0,14.0,2.3144717
-4.0,148.0,14.0,2.3225384
-4.0,150.0,14.0,2.3542035
-4.0,152.0,14.0,2.2405064
-4.0,154.0,14.0,2.2269008
-4.0,156.0,14.0,2.3621824
-4.0,158.0,14.0,2.3931146
-4.0,160.0,14.0,2.3275218
-4.0,162.0,14.0,2.3308797
-4.0,164.0,14.0,2.374317
-4.0,166.0,14.0,2.3266258
-4.0,168.0,14.0,2.25204
-4.0,170.0,14.0,2.3335702
-4.0,172.0,14.0,2.5337193
-4.0,174.0,14.0,2.5500646
-4.0,176.0,14.0,2.44622
-4.0,178.0,14.0,2.4171937
-4.0,180.0,14.0,2.3596928
-2.0,-180.0,14.0,2.4203033
-2.0,-178.0,14.0,2.3397534
-2.0,-176.0,14.0,2.3202422
-2.0,-174.0,14.0,2.4790895
-2.0,-172.0,14.0,2.5355465
-2.0,-170.0,14.0,2.3849864
-2.0,-168.0,14.0,2.329595
-2.0,-166.0,14.0,2.3179264
-2.0,-164.0,14.0,2.234096
-2.0,-162.0,14.0,2.185155
-2.0,-160.0,14.0,2.394353
-2.0,-158.0,14.0,2.5007882
-2.0,-156.0,14.0,2.556941
-2.0,-154.0,14.0,2.486508
-2.0,-152.0,14.0,2.4492857
-2.0,-150.0,14.0,2.4246814
-2.0,-148.0,14.0,2.2545695
-2.0,-146.0,14.0,2.142286
-2.0,-144.0,14.0,2.2214336
-2.0,-142.0,14.0,2.3879275
-2.0,-140.0,14.0,2.4531338
-2.0,-138.0,14.0,2.3600435
-2.0,-136.0,14.0,2.3340073
-2.0,-134.0,14.0,2.3469782
-2.0,-132.0,14.0,2.4441688
-2.0,-130.0,14.0,2.4839463
-2.0,-128.0,14.0,2.414631
-2.0,-126.0,14.0,2.3260837
-2.0,-124.0,14.0,2.2763298
-2.0,-122.0,14.0,2.3422697
-2.0,-120.0,14.0,2.5251195
-2.0,-118.0,14.0,2.6245453
-2.0,-116.0,14.0,2.6125073
-2.0,-114.0,14.0,2.6252167
-2.0,-112.0,14.0,2.6594498
-2.0,-110.0,14.0,2.5945065
-2.0,-108.0,14.0,2.4891596
-2.0,-106.0,14.0,2.490652
-2.0,-104.0,14.0,2.601873
-2.0,-102.0,14.0,2.6028147
-2.0,-100.0,14.0,2.699685
-2.0,-98.0,14.0,2.9014654
-2.0,-96.0,14.0,2.9686406
-2.0,-94.0,14.0,2.7582347
-2.0,-92.0,14.0,2.6137805
-2.0,-90.0,14.0,2.6800997
-2.0,-88.0,14.0,2.7051375
-2.0,-86.0,14.0,2.8065069
-2.0,-84.0,14.0,2.8471298
-2.0,-82.0,14.0,2.8403227
-2.0,-80.0,14.0,2.7159207
-2.0,-78.0,14.0,2.6770115
-2.0,-76.0,14.0,2.6823215
-2.0,-74.0,14.0,2.659131
-2.0,-72.0,14.0,2.6572053
-2.0,-70.0,14.0,2.7682881
-2.0,-68.0,14.0,2.9859557
-2.0,-66.0,14.0,2.9893513
-2.0,-64.0,14.0,2.8470025
-2.0,-62.0,14.0,2.7195985
-2.0,-60.0,14.0,2.7358687
-2.0,-58.0,14.0,2.6404374
-2.0,-56.0,14.0,2.5479155
-2.0,-54.0,14.0,2.5505786
-2.0,-52.0,14.0,2.6965773
-2.0,-50.0,14.0,2.7679594
-2.0,-48.0,14.0,2.6491516
-2.0,-46.0,14.0,2.6139863
-2.0,-44.0,14.0,2.6917534
-2.0,-42.0,14.0,2.7397838
-2.0,-40.0,14.0,2.7528894
-2.0,-38.0,14.0,2.7821386
-2.0,-36.0,14.0,2.6201282
-2.0,-34.0,14.0,2.570975
-2.0,-32.0,14.0,2.6067886
-2.0,-30.0,14.0,2.7789006
-2.0,-28.0,14.0,2.8938367
-2.0,-26.0,14.0,2.9877174
-2.0,-24.0,14.0,2.9949324
-2.0,-22.0,14.0,2.939382
-2.0,-20.0,14.0,2.731624
-2.0,-18.0,14.0,2.4920814
-2.0,-16.0,14.0,2.4372666
-2.0,-14.0,14.0,2.4833336
-2.0,-12.0,14.0,2.6478577
-2.0,-10.0,14.0,2.7131805
-2.0,-8.0,14.0,2.7011464
-2.0,-6.0,14.0,2.7604415
-2.0,-4.0,14.0,2.6682382
-2.0,-2.0,14.0,2.5648992
-2.0,0.0,14.0,2.6432583
-2.0,2.0,14.0,2.8194768
-2.0,4.0,14.0,2.8453994
-2.0,6.0,14.0,2.796872
-2.0,8.0,14.0,2.7515144
-2.0,10.0,14.0,2.5765736
-2.0,12.0,14.0,2.415541
-2.0,14.0,14.0,2.403806
-2.0,16.0,14.0,2.4436023
-2.0,18.0,14.0,2.536859
-2.0,20.0,14.0,2.5473807
-2.0,22.0,14.0,2.5855808
-2.0,24.0,14.0,2.5706358
-2.0,26.0,14.0,2.4683118
-2.0,28.0,14.0,2.3862062
-2.0,30.0,14.0,2.4199264
-2.0,32.0,14.0,2.4074733
-2.0,34.0,14.0,2.378238
-2.0,36.0,14.0,2.3126035
-2.0,38.0,14.0,2.3034914
-2.0,40.0,14.0,2.3496728
-2.0,42.0,14.0,2.292691
-2.0,44.0,14.0,2.2904048
-2.0,46.0,14.0,2.2845135
-2.0,48.0,14.0,2.249897
-2.0,50.0,14.0,2.3126044
-2.0,52.0,14.0,2.3267634
-2.0,54.0,14.0,2.225476
-2.0,56.0,14.0,2.1655242
-2.0,58.0,14.0,2.2110863
-2.0,60.0,14.0,2.239701
-2.0,62.0,14.0,2.2431269
-2.0,64.0,14.0,2.220437
-2.0,66.0,14.0,2.302541
-2.0,68.0,14.0,2.3513603
-2.0,70.0,14.0,2.2286358
-2.0,72.0,14.0,2.213639
-2.0,74.0,14.0,2.2694252
-2.0,76.0,14.0,2.320123
-2.0,78.0,14.0,2.265516
-2.0,80.0,14.0,2.228934
-2.0,82.0,14.0,2.419272
-2.0,84.0,14.0,2.4164515
-2.0,86.0,14.0,2.2435212
-2.0,88.0,14.0,2.2240667
-2.0,90.0,14.0,2.201955
-2.0,92.0,14.0,2.1459355
-2.0,94.0,14.0,2.1700292
-2.0,96.0,14.0,2.3392391
-2.0,98.0,14.0,2.3235466
-2.0,100.0,14.0,2.1809404
-2.0,102.0,14.0,2.245979
-2.0,104.0,14.0,2.2821167
-2.0,106.0,14.0,2.3228922
-2.0,108.0,14.0,2.256282
-2.0,110.0,14.0,2.206414
-2.0,112.0,14.0,2.3287764
-2.0,114.0,14.0,2.3691323
-2.0,116.0,14.0,2.3621414
-2.0,118.0,14.0,2.321416
-2.0,120.0,14.0,2.2237003
-2.0,122.0,14.0,2.2718148
-2.0,124.0,14.0,2.2881944
-2.0,126.0,14.0,2.2557843
-2.0,128.0,14.0,2.278851
-2.0,130.0,14.0,2.2563083
-2.0,132.0,14.0,2.2003937
-2.0,134.0,14.0,2.1900475
-2.0,136.0,14.0,2.2063658
-2.0,138.0,14.0,2.235089
-2.0,140.0,14.0,2.2788143
-2.0,142.0,14.0,2.2498808
-2.0,144.0,14.0,2.3470373
-2.0,146.0,14.0,2.3413057
-2.0,148.0,14.0,2.3669527
-2.0,150.0,14.0,2.3598115
-2.0,152.0,14.0,2.2822478
-2.0,154.0,14.0,2.288045
-2.0,156.0,14.0,2.439992
-2.0,158.0,14.0,2.4837985
-2.0,160.0,14.0,2.3983617
-2.0,162.0,14.0,2.3909316
-2.0,164.0,14.0,2.4376206
-2.0,166.0,14.0,2.3697095
-2.0,168.0,14.0,2.3069468
-2.0,170.0,14.0,2.3812711
-2.0,172.0,14.0,2.5676394
-2.0,174.0,14.0,2.57995
-2.0,176.0,14.0,2.4719484
-2.0,178.0,14.0,2.4259994
-2.0,180.0,14.0,2.4203033
0.0,-180.0,14.0,2.4018252
0.0,-178.0,14.0,2.3481872
0.0,-176.0,14.0,2.3407636
0.0,-174.0,14.0,2.5037677
0.0,-172.0,14.0,2.524739
0.0,-170.0,14.0,2.4113884
0.0,-168.0,14.0,2.3570764
0.0,-166.0,14.0,2.3491054
0.0,-164.0,14.0,2.2982621
0.0,-162.0,14.0,2.2696033
0.0,-160.0,14.0,2.4556618
0.0,-158.0,14.0,2.62772
0.0,-156.0,14.0,2.6080897
0.0,-154.0,14.0,2.53116
0.0,-152.0,14.0,2.4915838
0.0,-150.0,14.0,2.4862158
0.0,-148.0,14.0,2.321841
0.0,-146.0,14.0,2.2839053
0.0,-144.0,14.0,2.2708695
0.0,-142.0,14.0,2.422509
0.0,-140.0,14.0,2.5054317
0.0,-138.0,14.0,2.4958484
0.0,-136.0,14.0,2.4647617
0.0,-134.0,14.0,2.4128141
0.0,-132.0,14.0,2.455101
0.0,-130.0,14.0,2.5531933
0.0,-128.0,14.0,2.514074
0.0,-126.0,14.0,2.492238
0.0,-124.0,14.0,2.4199445
0.0,-122.0,14.0,2.396245
0.0,-120.0,14.0,2.5861044
0.0,-118.0,14.0,2.6453075
0.0,-116.0,14.0,2.6335344
0.0,-114.0,14.0,2.628111
0.0,-112.0,14.0,2.6160421
0.0,-110.0,14.0,2.639438
0.0,-108.0,14.0,2.5579834
0.0,-106.0,14.0,2.5724218
0.0,-104.0,14.0,2.6694944
0.0,-102.0,14.0,2.6947334
0.0,-100.0,14.0,2.6938977
0.0,-98.0,14.0,2.8509748
0.0,-96.0,14.0,2.9693806
0.0,-94.0,14.0,2.8537922
0.0,-92.0,14.0,2.7686577
0.0,-90.0,14.0,2.7540839
0.0,-88.0,14.0,2.8374052
0.0,-86.0,14.0,2.9034069
0.0,-84.0,14.0,2.7864718
0.0,-82.0,14.0,2.760068
0.0,-80.0,14.0,2.7677758
0.0,-78.0,14.0,2.7220554
0.0,-76.0,14.0,2.748067
0.0,-74.0,14.0,2.7980304
0.0,-72.0,14.0,2.719211
0.0,-70.0,14.0,2.7582119
0.0,-68.0,14.0,2.904408
0.0,-66.0,14.0,2.9840982
0.0,-64.0,14.0,2.8591318
0.0,-62.0,14.0,2.7708197
0.0,-60.0,14.0,2.7359939
0.0,-58.0,14.0,2.6393929
0.0,-56.0,14.0,2.5656803
0.0,-54.0,14.0,2.5632584
0.0,-52.0,14.0,2.6118088
0.0,-50.0,14.0,2.6998765
0.0,-48.0,14.0,2.6538343
0.0,-46.0,14.0,2.5604365
0.0,-44.0,14.0,2.6327815
0.0,-42.0,14.0,2.6277413
0.0,-40.0,14.0,2.680595
0.0,-38.0,14.0,2.6701622
0.0,-36.0,14.0,2.581617
0.0,-34.0,14.0,2.492901
0.0,-32.0,14.0,2.519159
0.0,-30.0,14.0,2.684496
0.0,-28.0,14.0,2.7537372
0.0,-26.0,14.0,2.8376467
0.0,-24.0,14.0,2.9327698
0.0,-22.0,14.0,2.8755727
0.0,-20.0,14.0,2.6748593
0.0,-18.0,14.0,2.5092854
0.0,-16.0,14.0,2.4590664
0.0,-14.0,14.0,2.542407
0.0,-12.0,14.0,2.647535
0.0,-10.0,14.0,2.6575184
0.0,-8.0,14.0,2.6670423
0.0,-6.0,14.0,2.669144
0.0,-4.0,14.0,2.6154346
0.0,-2.0,14.0,2.5435147
0.0,0.0,14.0,2.6150932
0.0,2.0,14.0,2.7175884
0.0,4.0,14.0,2.7665348
0.0,6.0,14.0,2.75102
0.0,8.0,14.0,2.7070413
0.0,10.0,14.0,2.5759635
0.0,12.0,14.0,2.4600408
0.0,14.0,14.0,2.421559
0.0,16.0,14.0,2.3843672
0.0,18.0,14.0,2.4622974
0.0,20.0,14.0,2.5293012
0.0,22.0,14.0,2.5800018
0.0,24.0,14.0,2.55467
0.0,26.0,14.0,2.4611282
0.0,28.0,14.0,2.4522989
0.0,30.0,14.0,2.472206
0.0,32.0,14.0,2.419009
0.0,34.0,14.0,2.3030365
0.0,36.0,14.0,2.268266
0.0,38.0,14.0,2.3487184
0.0,40.0,14.0,2.4150696
0.0,42.0,14.0,2.288707
0.0,44.0,14.0,2.256785
0.0,46.0,14.0,2.2186754
0.0,48.0,14.0,2.2259543
0.0,50.0,14.0,2.3529115
0.0,52.0,14.0,2.348417
0.0,54.0,14.0,2.2203343
0.0,56.0,14.0,2.1334293
0.0,58.0,14.0,2.18249
0.0,60.0,14.0,2.3046837
0.0,62.0,14.0,2.237896
0.0,64.0,14.0,2.1844835
0.0,66.0,14.0,2.3320854
0.0,68.0,14.0,2.3789399
0.0,70.0,14.0,2.2614267
0.0,72.0,14.0,2.2224383
0.0,74.0,14.0,2.2355595
0.0,76.0,14.0,2.2596922
0.0,78.0,14.0,2.219837
0.0,80.0,14.0,2.2238405
0.0,82.0,14.0,2.3933399
0.0,84.0,14.0,2.4147012
0.0,86.0,14.0,2.2175064
0.0,88.0,14.0,2.178264
0.0,90.0,14.0,2.206945
0.0,92.0,14.0,2.175285
0.0,94.0,14.0,2.1736364
0.0,96.0,14.0,2.3801858
0.0,98.0,14.0,2.3975644
0.0,100.0,14.0,2.2107778
0.0,102.0,14.0,2.202039
0.0,104.0,14.0,2.2796774
0.0,106.0,14.0,2.3573172
0.0,108.0,14.0,2.27777
0.0,110.0,14.0,2.2258308
0.0,112.0,14.0,2.3091972
0.0,114.0,14.0,2.3234386
0.0,116.0,14.0,2.2786045
0.0,118.0,14.0,2.242806
0.0,120.0,14.0,2.2430615
0.0,122.0,14.0,2.2833765
0.0,124.0,14.0,2.353744
0.0,126.0,14.0,2.2514272
0.0,128.0,14.0,2.2499964
0.0,130.0,14.0,2.27306
0.0,132.0,14.0,2.163831
0.0,134.0,14.0,2.1228309
0.0,136.0,14.0,2.1476738
0.0,138.0,14.0,2.234139
0.0,140.0,14.0,2.3081229
0.0,142.0,14.0,2.2527947
0.0,144.0,14.0,2.3433228
0.0,146.0,14.0,2.33015
0.0,148.0,14.0,2.3114934
0.0,150.0,14.0,2.3164933
0.0,152.0,14.0,2.2255752
0.0,154.0,14.0,2.1943843
0.0,156.0,14.0,2.313822
0.0,158.0,14.0,2.351399
0.0,160.0,14.0,2.341513
0.0,162.0,14.0,2.385297
0.0,164.0,14.0,2.369549
0.0,166.0,14.0,2.3474507
0.0,168.0,14.0,2.2834406
0.0,170.0,14.0,2.3831673
0.0,172.0,14.0,2.684751
0.0,174.0,14.0,2.6866648
0.0,176.0,14.0,2.5443687
0.0,178.0,14.0,2.474823
0.0,180.0,14.0,2.4018252
2.0,-180.0,14.0,2.4341738
2.0,-178.0,14.0,2.3569036
2.0,-176.0,14.0,2.384062
2.0,-174.0,14.0,2.5415204
2.0,-172.0,14.0,2.5196784
2.0,-170.0,14.0,2.4540153
2.0,-168.0,14.0,2.4054477
2.0,-166.0,14.0,2.363353
2.0,-164.0,14.0,2.3020687
2.0,-162.0,14.0,2.303788
2.0,-160.0,14.0,2.4524508
2.0,-158.0,14.0,2.6045132
2.0,-156.0,14.0,2.5866752
2.0,-154.0,14.0,2.4975333
2.0,-152.0,14.0,2.4906275
2.0,-150.0,14.0,2.4906542
2.0,-148.0,14.0,2.3564599
2.0,-146.0,14.0,2.3355527
2.0,-144.0,14.0,2.3332517
2.0,-142.0,14.0,2.4711974
2.0,-140.0,14.0,2.586162
2.0,-138.0,14.0,2.64439
2.0,-136.0,14.0,2.623775
2.0,-134.0,14.0,2.526553
2.0,-132.0,14.0,2.55803
2.0,-130.0,14.0,2.6720839
2.0,-128.0,14.0,2.6729782
2.0,-126.0,14.0,2.6606705
2.0,-124.0,14.0,2.5455506
2.0,-122.0,14.0,2.5135007
2.0,-120.0,14.0,2.672211
2.0,-118.0,14.0,2.7373183
2.0,-116.0,14.0,2.6655307
2.0,-114.0,14.0,2.5923944
2.0,-112.0,14.0,2.6402037
2.0,-110.0,14.0,2.736369
2.0,-108.0,14.0,2.679309
2.0,-106.0,14.0,2.6742387
2.0,-104.0,14.0,2.8542678
2.0,-102.0,14.0,2.8570914
2.0,-100.0,14.0,2.7476485
2.0,-98.0,14.0,2.8913317
2.0,-96.0,14.0,3.0581098
2.0,-94.0,14.0,2.941052
2.0,-92.0,14.0,2.7682776
2.0,-90.0,14.0,2.7965026
2.0,-88.0,14.0,2.8440168
2.0,-86.0,14.0,2.82539
2.0,-84.0,14.0,2.7771063
2.0,-82.0,14.0,2.8469474
2.0,-80.0,14.0,2.7987156
2.0,-78.0,14.0,2.694825
2.0,-76.0,14.0,2.736689
2.0,-74.0,14.0,2.8777695
2.0,-72.0,14.0,2.8206408
2.0,-70.0,14.0,2.7877827
2.0,-68.0,14.0,2.951399
2.0,-66.0,14.0,3.0626807
2.0,-64.0,14.0,2.8233097
2.0,-62.0,14.0,2.7657552
2.0,-60.0,14.0,2.7425427
2.0,-58.0,14.0,2.6871495
2.0,-56.0,14.0,2.5910916
2.0,-54.0,14.0,2.5912583
2.0,-52.0,14.0,2.66599
2.0,-50.0,14.0,2.757145
2.0,-48.0,14.0,2.7184396
2.0,-46.0,14.0,2.5864146
2.0,-44.0,14.0,2.5941103
2.0,-42.0,14.0,2.5946274
2.0,-40.0,14.0,2.6790545
2.0,-38.0,14.0,2.7145042
2.0,-36.0,14.0,2.6343126
2.0,-34.0,14.0,2.54918
2.0,-32.0,14.0,2.517445
2.0,-30.0,14.0,2.671818
2.0,-28.0,14.0,2.7454338
2.0,-26.0,14.0,2.855154
2.0,-24.0,14.0,2.9743214
2.0,-22.0,14.0,2.814096
2.0,-20.0,14.0,2.6991208
2.0,-18.0,14.0,2.5346198
2.0,-16.0,14.0,2.4550471
2.0,-14.0,14.0,2.5513415
2.0,-12.0,14.0,2.6541684
2.0,-10.0,14.0,2.6918654
2.0,-8.0,14.0,2.7547467
2.0,-6.0,14.0,2.7879887
2.0,-4.0,14.0,2.6906414
2.0,-2.0,14.0,2.6068637
2.0,0.0,14.0,2.6525428
2.0,2.0,14.0,2.6467605
2.0,4.0,14.0,2.6575015
2.0,6.0,14.0,2.69606
2.0,8.0,14.0,2.6693103
2.0,10.0,14.0,2.5825794
2.0,12.0,14.0,2.4744349
2.0,14.0,14.0,2.4262528
2.0,16.0,14.0,2.3903184
2.0,18.0,14.0,2.477614
2.0,20.0,14.0,2.5446937
2.0,22.0,14.0,2.5996733
2.0,24.0,14.0,2.6333447
2.0,26.0,14.0,2.5290453
2.0,28.0,14.0,2.4805188
2.0,30.0,14.0,2.4832187
2.0,32.0,14.0,2.3715017
2.0,34.0,14.0,2.2861986
2.0,36.0,14.0,2.2455862
2.0,38.0,14.0,2.3904562
2.0,40.0,14.0,2.4371352
2.0,42.0,14.0,2.2927182
2.0,44.0,14.0,2.175446
2.0,46.0,14.0,2.1441343
2.0,48.0,14.0,2.1832712
2.0,50.0,14.0,2.39539
2.0,52.0,14.0,2.3866465
2.0,54.0,14.0,2.290501
2.0,56.0,14.0,2.2427647
2.0,58.0,14.0,2.2660563
2.0,60.0,14.0,2.3587868
2.0,62.0,14.0,2.2623305
2.0,64.0,14.0,2.254818
2.0,66.0,14.0,2.4408848
2.0,68.0,14.0,2.5042114
2.0,70.0,14.0,2.368821
2.0,72.0,14.0,2.3103817
2.0,74.0,14.0,2.3464668
2.0,76.0,14.0,2.323728
2.0,78.0,14.0,2.2359087
2.0,80.0,14.0,2.30055
2.0,82.0,14.0,2.5273721
2.0,84.0,14.0,2.4716465
2.0,86.0,14.0,2.291634
2.0,88.0,14.0,2.2779086
2.0,90.0,14.0,2.3193119
2.0,92.0,14.0,2.2286463
2.0,94.0,14.0,2.239528
2.0,96.0,14.0,2.4600933
2.0,98.0,14.0,2.4422538
2.0,100.0,14.0,2.281236
2.0,102.0,14.0,2.2845263
2.0,104.0,14.0,2.3723876
2.0,106.0,14.0,2.3645558
2.0,108.0,14.0,2.287654
2.0,110.0,14.0,2.3397803
2.0,112.0,14.0,2.4098933
2.0,114.0,14.0,2.40852
2.0,116.0,14.0,2.3186903
2.0,118.0,14.0,2.2862134
2.0,120.0,14.0,2.3489208
2.0,122.0,14.0,2.2750313
2.0,124.0,14.0,2.3316803
2.0,126.0,14.0,2.3286664
2.0,128.0,14.0,2.4351354
2.0,130.0,14.0,2.3982089
2.0,132.0,14.0,2.1958396
2.0,134.0,14.0,2.141284
2.0,136.0,14.0,2.1834004
2.0,138.0,14.0,2.3462818
2.0,140.0,14.0,2.425789
2.0,142.0,14.0,2.2989366
2.0,144.0,14.0,2.2769108
2.0,146.0,14.0,2.2987065
2.0,148.0,14.0,2.3146956
2.0,150.0,14.0,2.4112968
2.0,152.0,14.0,2.278211
2.0,154.0,14.0,2.221005
2.0,156.0,14.0,2.3544354
2.0,158.0,14.0,2.379183
2.0,160.0,14.0,2.3363483
2.0,162.0,14.0,2.3371985
2.0,164.0,14.0,2.3580668
2.0,166.0,14.0,2.3198838
2.0,168.0,14.0,2.2300282
2.0,170.0,14.0,2.4023578
2.0,172.0,14.0,2.657591
2.0,174.0,14.0,2.6822891
2.0,176.0,14.0,2.5579321
2.0,178.0,14.0,2.5221806
2.0,180.0,14.0,2.4341738
4.0,-180.0,14.0,2.3451757
4.0,-178.0,14.0,2.2580433
4.0,-176.0,14.0,2.282374
4.0,-174.0,14.0,2.4531465
4.0,-172.0,14.0,2.4506376
4.0,-170.0,14.0,2.3443794
4.0,-168.0,14.0,2.3531368
4.0,-166.0,14.0,2.2803063
4.0,-164.0,14.0,2.176821
4.0,-162.0,14.0,2.1472044
4.0,-160.0,14.0,2.368126
4.0,-158.0,14.0,2.480227
4.0,-156.0,14.0,2.4843342
4.0,-154.0,14.0,2.4979882
4.0,-152.0,14.0,2.4765365
4.0,-150.0,14.0,2.4005568
4.0,-148.0,14.0,2.2200365
4.0,-146.0,14.0,2.202583
4.0,-144.0,14.0,2.285584
4.0,-142.0,14.0,2.388726
4.0,-140.0,14.0,2.4432392
4.0,-138.0,14.0,2.491193
4.0,-136.0,14.0,2.4793227
4.0,-134.0,14.0,2.4090497
4.0,-132.0,14.0,2.501681
4.0,-130.0,14.0,2.5450282
4.0,-128.0,14.0,2.5824883
4.0,-126.0,14.0,2.556234
4.0,-124.0,14.0,2.4901023
4.0,-122.0,14.0,2.4641237
4.0,-120.0,14.0,2.5822663
4.0,-118.0,14.0,2.6195228
4.0,-116.0,14.0,2.5899847
4.0,-114.0,14.0,2.5693316
4.0,-112.0,14.0,2.6038845
4.0,-110.0,14.0,2.673807
4.0,-108.0,14.0,2.605348
4.0,-106.0,14.0,2.5573363
4.0,-104.0,14.0,2.7503588
4.0,-102.0,14.0,2.7165885
4.0,-100.0,14.0,2.7481654
4.0,-98.0,14.0,2.9112146
4.0,-96.0,14.0,3.0623548
4.0,-94.0,14.0,2.9575295
4.0,-92.0,14.0,2.7862616
4.0,-90.0,14.0,2.7951224
4.0,-88.0,14.0,2.831442
4.0,-86.0,14.0,2.8133945
4.0,-84.0,14.0,2.7812965
4.0,-82.0,14.0,2.8566518
4.0,-80.0,14.0,2.8192863
4.0,-78.0,14.0,2.6924233
4.0,-76.0,14.0,2.698425
4.0,-74.0,14.0,2.7726476
4.0,-72.0,14.0,2.7677512
4.0,-70.0,14.0,2.7763848
4.0,-68.0,14.0,2.9344084
4.0,-66.0,14.0,3.039523
4.0,-64.0,14.0,2.8781624
4.0,-62.0,14.0,2.7304366
4.0,-60.0,14.0,2.7258837
4.0,-58.0,14.0,2.684722
4.0,-56.0,14.0,2.5725036
4.0,-54.0,14.0,2.4899127
4.0,-52.0,14.0,2.5975873
4.0,-50.0,14.0,2.6702783
4.0,-48.0,14.0,2.6574807
4.0,-46.0,14.0,2.614769
4.0,-44.0,14.0,2.5657876
4.0,-42.0,14.0,2.551124
4.0,-40.0,14.0,2.5930626
4.0,-38.0,14.0,2.5844867
4.0,-36.0,14.0,2.5394902
4.0,-34.0,14.0,2.4721107
4.0,-32.0,14.0,2.4594636
4.0,-30.0,14.0,2.6080449
4.0,-28.0,14.0,2.7359612
4.0,-26.0,14.0,2.8728492
4.0,-24.0,14.0,2.8824878
4.0,-22.0,14.0,2.7141256
4.0,-20.0,14.0,2.5732899
4.0,-18.0,14.0,2.4394505
4.0,-16.0,14.0,2.3729343
4.0,-14.0,14.0,2.4251165
4.0,-12.0,14.0,2.51053
4.0,-10.0,14.0,2.540104
4.0,-8.0,14.0,2.6273267
4.0,-6.0,14.0,2.6563575
4.0,-4.0,14.0,2.561696
4.0,-2.0,14.0,2.4644434
4.0,0.0,14.0,2.507502
4.0,2.0,14.0,2.5678153
4.0,4.0,14.0,2.5390193
4.0,6.0,14.0,2.5294604
4.0,8.0,14.0,2.5519817
4.0,10.0,14.0,2.449578
4.0,12.0,14.0,2.3307612
4.0,14.0,14.0,2.277682
4.0,16.0,14.0,2.2762184
4.0,18.0,14.0,2.3826466
4.0,20.0,14.0,2.4200044
4.0,22.0,14.0,2.4665911
4.0,24.0,14.0,2.5025668
4.0,26.0,14.0,2.4240127
4.0,28.0,14.0,2.3498085
4.0,30.0,14.0,2.3532524
4.0,32.0,14.0,2.3214798
4.0,34.0,14.0,2.2647479
4.0,36.0,14.0,2.208776
4.0,38.0,14.0,2.275964
4.0,40.0,14.0,2.328199
4.0,42.0,14.0,2.1819944
4.0,44.0,14.0,2.0796967
4.0,46.0,14.0,2.0768943
4.0,48.0,14.0,2.0941162
4.0,50.0,14.0,2.2529662
4.0,52.0,14.0,2.2763963
4.0,54.0,14.0,2.169649
4.0,56.0,14.0,2.0512402
4.0,58.0,14.0,2.113621
4.0,60.0,14.0,2.1970856
4.0,62.0,14.0,2.1525745
4.0,64.0,14.0,2.1325955
4.0,66.0,14.0,2.2870111
4.0,68.0,14.0,2.350477
4.0,70.0,14.0,2.2116897
4.0,72.0,14.0,2.125411
4.0,74.0,14.0,2.14904
4.0,76.0,14.0,2.1486146
4.0,78.0,14.0,2.0785048
4.0,80.0,14.0,2.1514702
4.0,82.0,14.0,2.352842
4.0,84.0,14.0,2.3588574
4.0,86.0,14.0,2.148099
4.0,88.0,14.0,2.1228364
4.0,90.0,14.0,2.1097598
4.0,92.0,14.0,2.0162215
4.0,94.0,14.0,2.0815234
4.0,96.0,14.0,2.3031867
4.0,98.0,14.0,2.2925913
4.0,100.0,14.0,2.1183202
4.0,102.0,14.0,2.0954618
4.0,104.0,14.0,2.1521816
4.0,106.0,14.0,2.079372
4.0,108.0,14.0,2.0309696
4.0,110.0,14.0,2.1426032
4.0,112.0,14.0,2.2967796
4.0,114.0,14.0,2.3227408
4.0,116.0,14.0,2.1946378
4.0,118.0,14.0,2.204758
4.0,120.0,14.0,2.182375
4.0,122.0,14.0,2.101256
4.0,124.0,14.0,2.1016912
4.0,126.0,14.0,2.1812294
4.0,128.0,14.0,2.2740104
4.0,130.0,14.0,2.222568
4.0,132.0,14.0,2.0418754
4.0,134.0,14.0,1.956063
4.0,136.0,14.0,1.9680899
4.0,138.0,14.0,2.1366928
4.0,140.0,14.0,2.230747
4.0,142.0,14.0,2.162159
4.0,144.0,14.0,2.1564388
4.0,146.0,14.0,2.193066
4.0,148.0,14.0,2.2700644
4.0,150.0,14.0,2.2615895
4.0,152.0,14.0,2.148155
4.0,154.0,14.0,2.1813557
4.0,156.0,14.0,2.3325539
4.0,158.0,14.0,2.3448408
4.0,160.0,14.0,2.2816093
4.0,162.0,14.0,2.308126
4.0,164.0,14.0,2.3068643
4.0,166.0,14.0,2.2257829
4.0,168.0,14.0,2.193014
4.0,170.0,14.0,2.347742
4.0,172.0,14.0,2.5504537
4.0,174.0,14.0,2.5502448
4.0,176.0,14.0,2.510763
4.0,178.0,14.0,2.4596233
4.0,180.0,14.0,2.3451757
6.0,-180.0,14.0,2.5240037
6.0,-178.0,14.0,2.4171772
6.0,-176.0,14.0,2.486476
6.0,-174.0,14.0,2.657259
6.0,-172.0,14.0,2.6749325
6.0,-170.0,14.0,2.6001918
6.0,-168.0,14.0,2.5638483
6.0,-166.0,14.0,2.4542012
6.0,-164.0,14.0,2.32189
6.0,-162.0,14.0,2.3511648
6.0,-160.0,14.0,2.6386874
6.0,-158.0,14.0,2.7875526
6.0,-156.0,14.0,2.799254
6.0,-154.0,14.0,2.8146896
6.0,-152.0,14.0,2.7923393
6.0,-150.0,14.0,2.6607494
6.0,-148.0,14.0,2.4596562
6.0,-146.0,14.0,2.395662
6.0,-144.0,14.0,2.4624345
6.0,-142.0,14.0,2.6204507
6.0,-140.0,14.0,2.7216153
6.0,-138.0,14.0,2.7711804
6.0,-136.0,14.0,2.7761571
6.0,-134.0,14.0,2.7164724
6.0,-132.0,14.0,2.696548
6.0,-130.0,14.0,2.728484
6.0,-128.0,14.0,2.717364
6.0,-126.0,14.0,2.6860032
6.0,-124.0,14.0,2.5454566
6.0,-122.0,14.0,2.5432754
6.0,-120.0,14.0,2.8150437
6.0,-118.0,14.0,2.935869
6.0,-116.0,14.0,2.9138796
6.0,-114.0,14.0,2.86326
6.0,-112.0,14.0,2.8715827
6.0,-110.0,14.0,2.8371089
6.0,-108.0,14.0,2.710853
6.0,-106.0,14.0,2.7448552
6.0,-104.0,14.0,2.9181926
6.0,-102.0,14.0,2.8694565
6.0,-100.0,14.0,2.9184904
6.0,-98.0,14.0,3.0646994
6.0,-96.0,14.0,3.1679196
6.0,-94.0,14.0,3.024467
6.0,-92.0,14.0,2.9091287
6.0,-90.0,14.0,3.0043628
6.0,-88.0,14.0,3.0409064
6.0,-86.0,14.0,3.0784116
6.0,-84.0,14.0,3.0423913
6.0,-82.0,14.0,3.0335233
6.0,-80.0,14.0,2.9758956
6.0,-78.0,14.0,2.9493103
6.0,-76.0,14.0,3.0049686
6.0,-74.0,14.0,2.9695003
6.0,-72.0,14.0,2.9209185
6.0,-70.0,14.0,2.9302661
6.0,-68.0,14.0,3.0684657
6.0,-66.0,14.0,3.128646
6.0,-64.0,14.0,2.9758677
6.0,-62.0,14.0,2.8565898
6.0,-60.0,14.0,2.8605661
6.0,-58.0,14.0,2.8330293
6.0,-56.0,14.0,2.661917
6.0,-54.0,14.0,2.578811
6.0,-52.0,14.0,2.693355
6.0,-50.0,14.0,2.7811024
6.0,-48.0,14.0,2.7460048
6.0,-46.0,14.0,2.7081816
6.0,-44.0,14.0,2.7150128
6.0,-42.0,14.0,2.6727102
6.0,-40.0,14.0,2.7175825
6.0,-38.0,14.0,2.6888647
6.0,-36.0,14.0,2.5885215
6.0,-34.0,14.0,2.5089855
6.0,-32.0,14.0,2.524044
6.0,-30.0,14.0,2.6952977
6.0,-28.0,14.0,2.8436797
6.0,-26.0,14.0,2.989074
6.0,-24.0,14.0,3.0371573
6.0,-22.0,14.0,2.862382
6.0,-20.0,14.0,2.6818008
6.0,-18.0,14.0,2.5343564
6.0,-16.0,14.0,2.4728339
6.0,-14.0,14.0,2.525762
6.0,-12.0,14.0,2.6420128
6.0,-10.0,14.0,2.690992
6.0,-8.0,14.0,2.6980677
6.0,-6.0,14.0,2.7237754
6.0,-4.0,14.0,2.6576352
6.0,-2.0,14.0,2.5305803
6.0,0.0,14.0,2.5985675
6.0,2.0,14.0,2.7570486
6.0,4.0,14.0,2.7991629
6.0,6.0,14.0,2.7376204
6.0,8.0,14.0,2.6996493
6.0,10.0,14.0,2.5414376
6.0,12.0,14.0,2.431581
6.0,14.0,14.0,2.42473
6.0,16.0,14.0,2.3946273
6.0,18.0,14.0,2.4973786
6.0,20.0,14.0,2.535175
6.0,22.0,14.0,2.5573707
6.0,24.0,14.0,2.5618498
6.0,26.0,14.0,2.461352
6.0,28.0,14.0,2.4027987
6.0,30.0,14.0,2.48094
6.0,32.0,14.0,2.3640745
6.0,34.0,14.0,2.3119733
6.0,36.0,14.0,2.2807455
6.0,38.0,14.0,2.3786533
6.0,40.0,14.0,2.4245596
6.0,42.0,14.0,2.3305244
6.0,44.0,14.0,2.1764827
6.0,46.0,14.0,2.162787
6.0,48.0,14.0,2.2157147
6.0,50.0,14.0,2.3730438
6.0,52.0,14.0,2.4370942
6.0,54.0,14.0,2.287991
6.0,56.0,14.0,2.1682155
6.0,58.0,14.0,2.2284224
6.0,60.0,14.0,2.318694
6.0,62.0,14.0,2.3529158
6.0,64.0,14.0,2.3319306
6.0,66.0,14.0,2.4021719
6.0,68.0,14.0,2.4407835
6.0,70.0,14.0,2.2810364
6.0,72.0,14.0,2.1855013
6.0,74.0,14.0,2.2196336
6.0,76.0,14.0,2.2837324
6.0,78.0,14.0,2.247944
6.0,80.0,14.0,2.2530649
6.0,82.0,14.0,2.46527
6.0,84.0,14.0,2.5173788
6.0,86.0,14.0,2.2586634
6.0,88.0,14.0,2.1919153
6.0,90.0,14.0,2.2605202
6.0,92.0,14.0,2.2235584
6.0,94.0,14.0,2.243803
6.0,96.0,14.0,2.4296696
6.0,98.0,14.0,2.489483
6.0,100.0,14.0,2.250557
6.0,102.0,14.0,2.1730733
6.0,104.0,14.0,2.2382782
6.0,106.0,14.0,2.2195163
6.0,108.0,14.0,2.1626458
6.0,110.0,14.0,2.242252
6.0,112.0,14.0,2.4383137
6.0,114.0,14.0,2.490279
6.0,116.0,14.0,2.3249474
6.0,118.0,14.0,2.304174
6.0,120.0,14.0,2.2856786
6.0,122.0,14.0,2.2404428
6.0,124.0,14.0,2.2083626
6.0,126.0,14.0,2.2319639
6.0,128.0,14.0,2.3065734
6.0,130.0,14.0,2.3053646
6.0,132.0,14.0,2.1049216
6.0,134.0,14.0,2.0142925
6.0,136.0,14.0,2.0264182
6.0,138.0,14.0,2.212734
6.0,140.0,14.0,2.3603532
6.0,142.0,14.0,2.3243504
6.0,144.0,14.0,2.3588812
6.0,146.0,14.0,2.4171097
6.0,148.0,14.0,2.4388604
6.0,150.0,14.0,2.3877404
6.0,152.0,14.0,2.2904086
6.0,154.0,14.0,2.2997818
6.0,156.0,14.0,2.4690037
6.0,158.0,14.0,2.4621465
6.0,160.0,14.0,2.451986
6.0,162.0,14.0,2.5142808
6.0,164.0,14.0,2.469227
6.0,166.0,14.0,2.3521724
6.0,168.0,14.0,2.3342087
6.0,170.0,14.0,2.5233302
6.0,172.0,14.0,2.7602117
6.0,174.0,14.0,2.811784
6.0,176.0,14.0,2.848913
6.0,178.0,14.0,2.7213438
6.0,180.0,14.0,2.5240037
8.0,-180.0,14.0,2.6062696
8.0,-178.0,14.0,2.5193858
8.0,-176.0,14.0,2.582773
8.0,-174.0,14.0,2.7015502
8.0,-172.0,14.0,2.7024043
8.0,-170.0,14.0,2.6590543
8.0,-168.0,14.0,2.6233027
8.0,-166.0,14.0,2.4884706
8.0,-164.0,14.0,2.370067
8.0,-162.0,14.0,2.42139
8.0,-160.0,14.0,2.6969242
8.0,-158.0,14.0,2.9192212
8.0,-156.0,14.0,2.9038444
8.0,-154.0,14.0,2.9161353
8.0,-152.0,14.0,2.899103
8.0,-150.0,14.0,2.7357545
8.0,-148.0,14.0,2.5317307
8.0,-146.0,14.0,2.5307894
8.0,-144.0,14.0,2.577444
8.0,-142.0,14.0,2.764225
8.0,-140.0,14.0,2.871352
8.0,-138.0,14.0,2.9152198
8.0,-136.0,14.0,2.932302
8.0,-134.0,14.0,2.8826096
8.0,-132.0,14.0,2.8199673
8.0,-130.0,14.0,2.8099358
8.0,-128.0,14.0,2.839924
8.0,-126.0,14.0,2.788574
8.0,-124.0,14.0,2.6269014
8.0,-122.0,14.0,2.6355088
8.0,-120.0,14.0,2.9639912
8.0,-118.0,14.0,3.086188
8.0,-116.0,14.0,2.9884913
8.0,-114.0,14.0,2.9612486
8.0,-112.0,14.0,2.974432
8.0,-110.0,14.0,2.9330006
8.0,-108.0,14.0,2.8067985
8.0,-106.0,14.0,2.884361
8.0,-104.0,14.0,3.1351662
8.0,-102.0,14.0,3.1150005
8.0,-100.0,14.0,3.0822213
8.0,-98.0,14.0,3.2678702
8.0,-96.0,14.0,3.3770916
8.0,-94.0,14.0,3.1420379
8.0,-92.0,14.0,3.1058888
8.0,-90.0,14.0,3.1878238
8.0,-88.0,14.0,3.2096667
8.0,-86.0,14.0,3.2604256
8.0,-84.0,14.0,3.25641
8.0,-82.0,14.0,3.2358646
8.0,-80.0,14.0,3.1638508
8.0,-78.0,14.0,3.1328177
8.0,-76.0,14.0,3.1671705
8.0,-74.0,14.0,3.2361484
8.0,-72.0,14.0,3.049654
8.0,-70.0,14.0,2.9923651
8.0,-68.0,14.0,3.14396
8.0,-66.0,14.0,3.1819825
8.0,-64.0,14.0,2.9648666
8.0,-62.0,14.0,2.8722174
8.0,-60.0,14.0,2.9084086
8.0,-58.0,14.0,2.8771038
8.0,-56.0,14.0,2.7294664
8.0,-54.0,14.0,2.6938515
8.0,-52.0,14.0,2.7645118
8.0,-50.0,14.0,2.8080385
8.0,-48.0,14.0,2.7464986
8.0,-46.0,14.0,2.7149463
8.0,-44.0,14.0,2.7167344
8.0,-42.0,14.0,2.6810317
8.0,-40.0,14.0,2.7676857
8.0,-38.0,14.0,2.737447
8.0,-36.0,14.0,2.6301446
8.0,-34.0,14.0,2.5690415
8.0,-32.0,14.0,2.6127508
8.0,-30.0,14.0,2.7215106
8.0,-28.0,14.0,2.884662
8.0,-26.0,14.0,3.0180683
8.0,-24.0,14.0,3.0613484
8.0,-22.0,14.0,2.8844666
8.0,-20.0,14.0,2.7473037
8.0,-18.0,14.0,2.6000981
8.0,-16.0,14.0,2.5126965
8.0,-14.0,14.0,2.538434
8.0,-12.0,14.0,2.6848407
8.0,-10.0,14.0,2.7470298
8.0,-8.0,14.0,2.7200258
8.0,-6.0,14.0,2.7281775
8.0,-4.0,14.0,2.6510324
8.0,-2.0,14.0,2.5643346
8.0,0.0,14.0,2.6234448
8.0,2.0,14.0,2.7864616
8.0,4.0,14.0,2.850946
8.0,6.0,14.0,2.820985
8.0,8.0,14.0,2.776117
8.0,10.0,14.0,2.584721
8.0,12.0,14.0,2.4683294
8.0,14.0,14.0,2.4382474
8.0,16.0,14.0,2.3794696
8.0,18.0,14.0,2.4795973
8.0,20.0,14.0,2.550142
8.0,22.0,14.0,2.568795
8.0,24.0,14.0,2.5873823
8.0,26.0,14.0,2.488344
8.0,28.0,14.0,2.4814253
8.0,30.0,14.0,2.5295424
8.0,32.0,14.0,2.3800058
8.0,34.0,14.0,2.3591192
8.0,36.0,14.0,2.3931944
8.0,38.0,14.0,2.486062
8.0,40.0,14.0,2.507571
8.0,42.0,14.0,2.3503828
8.0,44.0,14.0,2.1317308
8.0,46.0,14.0,2.1006482
8.0,48.0,14.0,2.2481267
8.0,50.0,14.0,2.3912404
8.0,52.0,14.0,2.4594631
8.0,54.0,14.0,2.3255882
8.0,56.0,14.0,2.214365
8.0,58.0,14.0,2.2672763
8.0,60.0,14.0,2.3462555
8.0,62.0,14.0,2.3710291
8.0,64.0,14.0,2.3540685
8.0,66.0,14.0,2.4347124
8.0,68.0,14.0,2.5087526
8.0,70.0,14.0,2.3054538
8.0,72.0,14.0,2.1487308
8.0,74.0,14.0,2.191061
8.0,76.0,14.0,2.263985
8.0,78.0,14.0,2.203093
8.0,80.0,14.0,2.2752953
8.0,82.0,14.0,2.6074662
8.0,84.0,14.0,2.590818
8.0,86.0,14.0,2.2564507
8.0,88.0,14.0,2.2143965
8.0,90.0,14.0,2.26846
8.0,92.0,14.0,2.183897
8.0,94.0,14.0,2.2139292
8.0,96.0,14.0,2.5357552
8.0,98.0,14.0,2.558033
8.0,100.0,14.0,2.2501938
8.0,102.0,14.0,2.1790793
8.0,104.0,14.0,2.2545948
8.0,106.0,14.0,2.1792026
8.0,108.0,14.0,2.0989077
8.0,110.0,14.0,2.2581546
8.0,112.0,14.0,2.493914
8.0,114.0,14.0,2.5231583
8.0,116.0,14.0,2.413288
8.0,118.0,14.0,2.3649662
8.0,120.0,14.0,2.3211157
8.0,122.0,14.0,2.1893406
8.0,124.0,14.0,2.162299
8.0,126.0,14.0,2.2147582
8.0,128.0,14.0,2.329796
8.0,130.0,14.0,2.3358533
8.0,132.0,14.0,2.1158977
8.0,134.0,14.0,1.9915524
8.0,136.0,14.0,2.0419507
8.0,138.0,14.0,2.2470596
8.0,140.0,14.0,2.4171588
8.0,142.0,14.0,2.3000941
8.0,144.0,14.0,2.3232238
8.0,146.0,14.0,2.411977
8.0,148.0,14.0,2.4415045
8.0,150.0,14.0,2.404472
8.0,152.0,14.0,2.2858055
8.0,154.0,14.0,2.2694633
8.0,156.0,14.0,2.4652953
8.0,158.0,14.0,2.5090673
8.0,160.0,14.0,2.5174482
8.0,162.0,14.0,2.5951636
8.0,164.0,14.0,2.5208051
8.0,166.0,14.0,2.3593888
8.0,168.0,14.0,2.316532
8.0,170.0,14.0,2.5711854
8.0,172.0,14.0,2.817915
8.0,174.0,14.0,2.8404768
8.0,176.0,14.0,2.872884
8.0,178.0,14.0,2.7944014
8.0,180.0,14.0,2.6062696
10.0,-180.0,14.0,2.4478505
10.0,-178.0,14.0,2.347985
10.0,-176.0,14.0,2.4297059
10.0,-174.0,14.0,2.5677996
10.0,-172.0,14.0,2.5425563
10.0,-170.0,14.0,2.4846733
10.0,-168.0,14.0,2.480247
10.0,-166.0,14.0,2.3232703
10.0,-164.0,14.0,2.2153668
10.0,-162.0,14.0,2.251681
10.0,-160.0,14.0,2.5215218
10.0,-158.0,14.0,2.6536748
10.0,-156.0,14.0,2.7166097
10.0,-154.0,14.0,2.7317865
10.0,-152.0,14.0,2.7051694
10.0,-150.0,14.0,2.563945
10.0,-148.0,14.0,2.3805718
10.0,-146.0,14.0,2.3772316
10.0,-144.0,14.0,2.4488347
10.0,-142.0,14.0,2.552852
10.0,-140.0,14.0,2.5999901
10.0,-138.0,14.0,2.634271
10.0,-136.0,14.0,2.6321352
10.0,-134.0,14.0,2.5708475
10.0,-132.0,14.0,2.5723116
10.0,-130.0,14.0,2.643398
10.0,-128.0,14.0,2.6953504
10.0,-126.0,14.0,2.6915846
10.0,-124.0,14.0,2.5470693
10.0,-122.0,14.0,2.5177786
10.0,-120.0,14.0,2.735329
10.0,-118.0,14.0,2.9089558
10.0,-116.0,14.0,2.8709943
10.0,-114.0,14.0,2.84125
10.0,-112.0,14.0,2.8939416
10.0,-110.0,14.0,2.8396573
10.0,-108.0,14.0,2.7120628
10.0,-106.0,14.0,2.721143
10.0,-104.0,14.0,2.9205751
10.0,-102.0,14.0,2.9555867
10.0,-100.0,14.0,2.9607499
10.0,-98.0,14.0,3.1690361
10.0,-96.0,14.0,3.2695713
10.0,-94.0,14.0,3.1130233
10.0,-92.0,14.0,2.966852
10.0,-90.0,14.0,3.0568054
10.0,-88.0,14.0,3.1087744
10.0,-86.0,14.0,3.0897837
10.0,-84.0,14.0,3.0916314
10.0,-82.0,14.0,3.1530137
10.0,-80.0,14.0,3.044627
10.0,-78.0,14.0,2.928298
10.0,-76.0,14.0,2.8892963
10.0,-74.0,14.0,3.006576
10.0,-72.0,14.0,2.9596329
10.0,-70.0,14.0,2.9134538
10.0,-68.0,14.0,3.0905359
10.0,-66.0,14.0,3.1110234
10.0,-64.0,14.0,2.9283218
10.0,-62.0,14.0,2.8057466
10.0,-60.0,14.0,2.7969716
10.0,-58.0,14.0,2.7711177
10.0,-56.0,14.0,2.6644573
10.0,-54.0,14.0,2.5740588
10.0,-52.0,14.0,2.6907587
10.0,-50.0,14.0,2.7196689
10.0,-48.0,14.0,2.6640332
10.0,-46.0,14.0,2.5875945
10.0,-44.0,14.0,2.536935
10.0,-42.0,14.0,2.5856872
10.0,-40.0,14.0,2.634149
10.0,-38.0,14.0,2.6073527
10.0,-36.0,14.0,2.4754045
10.0,-34.0,14.0,2.4146583
10.0,-32.0,14.0,2.4440746
10.0,-30.0,14.0,2.5929987
10.0,-28.0,14.0,2.6851354
10.0,-26.0,14.0,2.7840574
10.0,-24.0,14.0,2.8254564
10.0,-22.0,14.0,2.7147498
10.0,-20.0,14.0,2.5488856
10.0,-18.0,14.0,2.4252698
10.0,-16.0,14.0,2.3884478
10.0,-14.0,14.0,2.404854
10.0,-12.0,14.0,2.50186
10.0,-10.0,14.0,2.5151284
10.0,-8.0,14.0,2.5329914
10.0,-6.0,14.0,2.553945
10.0,-4.0,14.0,2.4900618
10.0,-2.0,14.0,2.3869715
10.0,0.0,14.0,2.4669585
10.0,2.0,14.0,2.607931
10.0,4.0,14.0,2.6772707
10.0,6.0,14.0,2.6246097
10.0,8.0,14.0,2.5753357
10.0,10.0,14.0,2.4312925
10.0,12.0,14.0,2.3231993
10.0,14.0,14.0,2.2898464
10.0,16.0,14.0,2.326627
10.0,18.0,14.0,2.3473883
10.0,20.0,14.0,2.3903325
10.0,22.0,14.0,2.4469492
10.0,24.0,14.0,2.470386
10.0,26.0,14.0,2.4018917
10.0,28.0,14.0,2.3462021
10.0,30.0,14.0,2.36689
10.0,32.0,14.0,2.2821217
10.0,34.0,14.0,2.1889358
10.0,36.0,14.0,2.171849
10.0,38.0,14.0,2.267501
10.0,40.0,14.0,2.3122535
10.0,42.0,14.0,2.2086518
10.0,44.0,14.0,2.038499
10.0,46.0,14.0,1.9990417
10.0,48.0,14.0,2.1066618
10.0,50.0,14.0,2.2778
10.0,52.0,14.0,2.347238
10.0,54.0,14.0,2.2007992
10.0,56.0,14.0,2.0582328
10.0,58.0,14.0,2.1247027
10.0,60.0,14.0,2.2323601
10.0,62.0,14.0,2.244698
10.0,64.0,14.0,2.2017853
10.0,66.0,14.0,2.2984319
10.0,68.0,14.0,2.3660738
10.0,70.0,14.0,2.197642
10.0,72.0,14.0,2.0476117
10.0,74.0,14.0,2.1238945
10.0,76.0,14.0,2.1746821
10.0,78.0,14.0,2.1208308
10.0,80.0,14.0,2.1781468
10.0,82.0,14.0,2.41292
10.0,84.0,14.0,2.437068
10.0,86.0,14.0,2.2311523
10.0,88.0,14.0,2.160361
10.0,90.0,14.0,2.1575263
10.0,92.0,14.0,2.0628536
10.0,94.0,14.0,2.1192932
10.0,96.0,14.0,2.3315213
10.0,98.0,14.0,2.3487232
10.0,100.0,14.0,2.1585014
10.0,102.0,14.0,2.0797706
10.0,104.0,14.0,2.1420507
10.0,106.0,14.0,2.059076
10.0,108.0,14.0,1.9971383
10.0,110.0,14.0,2.172701
10.0,112.0,14.0,2.3746543
10.0,114.0,14.0,2.3777168
10.0,116.0,14.0,2.2498744
10.0,118.0,14.0,2.2498581
10.0,120.0,14.0,2.1951451
10.0,122.0,14.0,2.086874
10.0,124.0,14.0,2.047441
10.0,126.0,14.0,2.1264226
10.0,128.0,14.0,2.2847574
10.0,130.0,14.0,2.2340522
10.0,132.0,14.0,2.00806
10.0,134.0,14.0,1.8991057
10.0,136.0,14.0,1.9726428
10.0,138.0,14.0,2.1641438
10.0,140.0,14.0,2.280248
10.0,142.0,14.0,2.1931462
10.0,144.0,14.0,2.1927705
10.0,146.0,14.0,2.2837985
10.0,148.0,14.0,2.3867505
10.0,150.0,14.0,2.3251321
10.0,152.0,14.0,2.2629101
10.0,154.0,14.0,2.3004885
10.0,156.0,14.0,2.4621024
10.0,158.0,14.0,2.4364755
10.0,160.0,14.0,2.3622305
10.0,162.0,14.0,2.4256766
10.0,164.0,14.0,2.3658035
10.0,166.0,14.0,2.2413323
10.0,168.0,14.0,2.216399
10.0,170.0,14.0,2.40183
10.0,172.0,14.0,2.6329129
10.0,174.0,14.0,2.6658626
10.0,176.0,14.0,2.6745825
10.0,178.0,14.0,2.610361
10.0,180.0,14.0,2.4478505
12.0,-180.0,14.0,2.5062966
12.0,-178.0,14.0,2.3878746
12.0,-176.0,14.0,2.4809935
12.0,-174.0,14.0,2.6831234
12.0,-172.0,14.0,2.638668
12.0,-170.0,14.0,2.5356696
12.0,-168.0,14.0,2.5126936
12.0,-166.0,14.0,2.3890762
12.0,-164.0,14.0,2.2727385
12.0,-162.0,14.0,2.2998452
12.0,-160.0,14.0,2.616626
12.0,-158.0,14.0,2.7282145
12.0,-156.0,14.0,2.7868192
12.0,-154.0,14.0,2.856982
12.0,-152.0,14.0,2.8212636
12.0,-150.0,14.0,2.6873906
12.0,-148.0,14.0,2.482359
12.0,-146.0,14.0,2.4842463
12.0,-144.0,14.0,2.5354512
12.0,-142.0,14.0,2.6727362
12.0,-140.0,14.0,2.7203407
12.0,-138.0,14.0,2.7025905
12.0,-136.0,14.0,2.6943364
12.0,-134.0,14.0,2.670127
12.0,-132.0,14.0,2.774507
12.0,-130.0,14.0,2.778107
12.0,-128.0,14.0,2.7371964
12.0,-126.0,14.0,2.6999485
12.0,-124.0,14.0,2.6412923
12.0,-122.0,14.0,2.641113
12.0,-120.0,14.0,2.8189301
12.0,-118.0,14.0,2.9508781
12.0,-116.0,14.0,2.9316847
12.0,-114.0,14.0,2.9200685
12.0,-112.0,14.0,3.012604
12.0,-110.0,14.0,2.941107
12.0,-108.0,14.0,2.8339121
12.0,-106.0,14.0,2.8645754
12.0,-104.0,14.0,3.0156376
12.0,-102.0,14.0,3.061565
12.0,-100.0,14.0,3.148624
12.0,-98.0,14.0,3.297169
12.0,-96.0,14.0,3.3717377
12.0,-94.0,14.0,3.1730337
12.0,-92.0,14.0,3.1024663
12.0,-90.0,14.0,3.2364414
12.0,-88.0,14.0,3.359365
12.0,-86.0,14.0,3.3934615
12.0,-84.0,14.0,3.3671997
12.0,-82.0,14.0,3.3423543
12.0,-80.0,14.0,3.2186265
12.0,-78.0,14.0,3.1113439
12.0,-76.0,14.0,3.082391
12.0,-74.0,14.0,3.1264853
12.0,-72.0,14.0,3.119701
12.0,-70.0,14.0,3.014579
12.0,-68.0,14.0,3.1719055
12.0,-66.0,14.0,3.1515775
12.0,-64.0,14.0,2.9316106
12.0,-62.0,14.0,2.8423011
12.0,-60.0,14.0,2.8825822
12.0,-58.0,14.0,2.880208
12.0,-56.0,14.0,2.7915337
12.0,-54.0,14.0,2.7234082
12.0,-52.0,14.0,2.8128357
12.0,-50.0,14.0,2.8444347
12.0,-48.0,14.0,2.7236893
12.0,-46.0,14.0,2.6425707
12.0,-44.0,14.0,2.616031
12.0,-42.0,14.0,2.7029283
12.0,-40.0,14.0,2.7912154
12.0,-38.0,14.0,2.7504182
12.0,-36.0,14.0,2.629607
12.0,-34.0,14.0,2.573007
12.0,-32.0,14.0,2.6179705
12.0,-30.0,14.0,2.7475965
12.0,-28.0,14.0,2.8196769
12.0,-26.0,14.0,2.8647616
12.0,-24.0,14.0,2.927538
12.0,-22.0,14.0,2.7867272
12.0,-20.0,14.0,2.603895
12.0,-18.0,14.0,2.4518983
12.0,-16.0,14.0,2.4196687
12.0,-14.0,14.0,2.4392555
12.0,-12.0,14.0,2.5058317
12.0,-10.0,14.0,2.5574694
12.0,-8.0,14.0,2.6142998
12.0,-6.0,14.0,2.7078128
12.0,-4.0,14.0,2.603862
12.0,-2.0,14.0,2.508118
12.0,0.0,14.0,2.5752234
12.0,2.0,14.0,2.6842377
12.0,4.0,14.0,2.715809
12.0,6.0,14.0,2.6697433
12.0,8.0,14.0,2.6326833
12.0,10.0,14.0,2.503782
12.0,12.0,14.0,2.341303
12.0,14.0,14.0,2.2942617
12.0,16.0,14.0,2.379585
12.0,18.0,14.0,2.3867197
12.0,20.0,14.0,2.4181068
12.0,22.0,14.0,2.5043535
12.0,24.0,14.0,2.5436335
12.0,26.0,14.0,2.469559
12.0,28.0,14.0,2.3915508
12.0,30.0,14.0,2.3712451
12.0,32.0,14.0,2.2939267
12.0,34.0,14.0,2.1767
12.0,36.0,14.0,2.130988
12.0,38.0,14.0,2.228812
12.0,40.0,14.0,2.3035228
12.0,42.0,14.0,2.2101972
12.0,44.0,14.0,2.028215
12.0,46.0,14.0,1.9888345
12.0,48.0,14.0,2.1151717
12.0,50.0,14.0,2.3035235
12.0,52.0,14.0,2.334853
12.0,54.0,14.0,2.204475
12.0,56.0,14.0,2.1109643
12.0,58.0,14.0,2.1212146
12.0,60.0,14.0,2.2293308
12.0,62.0,14.0,2.2439528
12.0,64.0,14.0,2.231912
12.0,66.0,14.0,2.310573
12.0,68.0,14.0,2.3637671
12.0,70.0,14.0,2.1829603
12.0,72.0,14.0,2.0661552
12.0,74.0,14.0,2.1258943
12.0,76.0,14.0,2.206247
12.0,78.0,14.0,2.160356
12.0,80.0,14.0,2.1896555
12.0,82.0,14.0,2.3916032
12.0,84.0,14.0,2.4214768
12.0,86.0,14.0,2.270266
12.0,88.0,14.0,2.1734204
12.0,90.0,14.0,2.18472
12.0,92.0,14.0,2.0845268
12.0,94.0,14.0,2.1011398
12.0,96.0,14.0,2.3200774
12.0,98.0,14.0,2.3228812
12.0,100.0,14.0,2.1629083
12.0,102.0,14.0,2.0911527
12.0,104.0,14.0,2.121827
12.0,106.0,14.0,2.0815487
12.0,108.0,14.0,2.0213978
12.0,110.0,14.0,2.1799116
12.0,112.0,14.0,2.3537996
12.0,114.0,14.0,2.382049
12.0,116.0,14.0,2.3411653
12.0,118.0,14.0,2.2566853
12.0,120.0,14.0,2.1716142
12.0,122.0,14.0,2.094487
12.0,124.0,14.0,2.0858586
12.0,126.0,14.0,2.1480477
12.0,128.0,14.0,2.2737048
12.0,130.0,14.0,2.2358873
12.0,132.0,14.0,2.0844955
12.0,134.0,14.0,1.947314
12.0,136.0,14.0,2.0164893
12.0,138.0,14.0,2.1771731
12.0,140.0,14.0,2.2669106
12.0,142.0,14.0,2.2106056
12.0,144.0,14.0,2.1995149
12.0,146.0,14.0,2.2894015
12.0,148.0,14.0,2.407431
12.0,150.0,14.0,2.387291
12.0,152.0,14.0,2.3090105
12.0,154.0,14.0,2.3248649
12.0,156.0,14.0,2.5146716
12.0,158.0,14.0,2.508138
12.0,160.0,14.0,2.4013329
12.0,162.0,14.0,2.415851
12.0,164.0,14.0,2.4522808
12.0,166.0,14.0,2.3363311
12.0,168.0,14.0,2.275953
12.0,170.0,14.0,2.3970408
12.0,172.0,14.0,2.6114943
12.0,174.0,14.0,2.6346633
12.0,176.0,14.0,2.642093
12.0,178.0,14.0,2.5922086
12.0,180.0,14.0,2.5062966
14.0,-180.0,14.0,2.5252316
14.0,-178.0,14.0,2.4520025
14.0,-176.0,14.0,2.4974954
14.0,-174.0,14.0,2.6562781
14.0,-172.0,14.0,2.649347
14.0,-170.0,14.0,2.5387127
14.0,-168.0,14.0,2.4752254
14.0,-166.0,14.0,2.3876462
14.0,-164.0,14.0,2.314328
14.0,-162.0,14.0,2.4131553
14.0,-160.0,14.0,2.575238
14.0,-158.0,14.0,2.649619
14.0,-156.0,14.0,2.7254484
14.0,-154.0,14.0,2.7985678
14.0,-152.0,14.0,2.7316806
14.0,-150.0,14.0,2.609006
14.0,-148.0,14.0,2.5770524
14.0,-146.0,14.0,2.6171553
14.0,-144.0,14.0,2.572074
14.0,-142.0,14.0,2.5613565
14.0,-140.0,14.0,2.64474
14.0,-138.0,14.0,2.6939514
14.0,-136.0,14.0,2.6799884
14.0,-134.0,14.0,2.6071677
14.0,-132.0,14.0,2.6364121
14.0,-130.0,14.0,2.6947153
14.0,-128.0,14.0,2.756141
14.0,-126.0,14.0,2.8151138
14.0,-124.0,14.0,2.6640332
14.0,-122.0,14.0,2.5837197
14.0,-120.0,14.0,2.7900233
14.0,-118.0,14.0,3.0059612
14.0,-116.0,14.0,3.0793722
14.0,-114.0,14.0,3.0121493
14.0,-112.0,14.0,2.995766
14.0,-110.0,14.0,2.9724183
14.0,-108.0,14.0,2.959379
14.0,-106.0,14.0,2.9906688
14.0,-104.0,14.0,3.156699
14.0,-102.0,14.0,3.2507682
14.0,-100.0,14.0,3.276447
14.0,-98.0,14.0,3.241886
14.0,-96.0,14.0,3.3299484
14.0,-94.0,14.0,3.3916101
14.0,-92.0,14.0,3.3714693
14.0,-90.0,14.0,3.51242
14.0,-88.0,14.0,3.6680233
14.0,-86.0,14.0,3.6902878
14.0,-84.0,14.0,3.598217
14.0,-82.0,14.0,3.489104
14.0,-80.0,14.0,3.442589
14.0,-78.0,14.0,3.3592749
14.0,-76.0,14.0,3.3408906
14.0,-74.0,14.0,3.3364458
14.0,-72.0,14.0,3.289525
14.0,-70.0,14.0,3.1318944
14.0,-68.0,14.0,3.1177056
14.0,-66.0,14.0,3.1392112
14.0,-64.0,14.0,2.9677114
14.0,-62.0,14.0,2.8177764
14.0,-60.0,14.0,2.86587
14.0,-58.0,14.0,2.8396113
14.0,-56.0,14.0,2.8793006
14.0,-54.0,14.0,2.859922
14.0,-52.0,14.0,2.7816796
14.0,-50.0,14.0,2.7783155
14.0,-48.0,14.0,2.6723902
14.0,-46.0,14.0,2.5768774
14.0,-44.0,14.0,2.5706391
14.0,-42.0,14.0,2.6582131
14.0,-40.0,14.0,2.7271163
14.0,-38.0,14.0,2.7084224
14.0,-36.0,14.0,2.6021612
14.0,-34.0,14.0,2.5672286
14.0,-32.0,14.0,2.5242622
14.0,-30.0,14.0,2.6739192
14.0,-28.0,14.0,2.7595983
14.0,-26.0,14.0,2.7957551
14.0,-24.0,14.0,2.8387022
14.0,-22.0,14.0,2.7099783
14.0,-20.0,14.0,2.5630546
14.0,-18.0,14.0,2.4340103
14.0,-16.0,14.0,2.3674738
14.0,-14.0,14.0,2.3784945
14.0,-12.0,14.0,2.4699147
14.0,-10.0,14.0,2.5465236
14.0,-8.0,14.0,2.5839007
14.0,-6.0,14.0,2.6458127
14.0,-4.0,14.0,2.5574927
14.0,-2.0,14.0,2.4659746
14.0,0.0,14.0,2.5144503
14.0,2.0,14.0,2.6385264
14.0,4.0,14.0,2.6909542
14.0,6.0,14.0,2.6198788
14.0,8.0,14.0,2.5499728
14.0,10.0,14.0,2.4006767
14.0,12.0,14.0,2.2998805
14.0,14.0,14.0,2.2527263
14.0,16.0,14.0,2.226929
14.0,18.0,14.0,2.3068392
14.0,20.0,14.0,2.3948798
14.0,22.0,14.0,2.47845
14.0,24.0,14.0,2.5302963
14.0,26.0,14.0,2.4584339
14.0,28.0,14.0,2.398617
14.0,30.0,14.0,2.3531961
14.0,32.0,14.0,2.259783
14.0,34.0,14.0,2.1852264
14.0,36.0,14.0,2.1525648
14.0,38.0,14.0,2.2615626
14.0,40.0,14.0,2.2933755
14.0,42.0,14.0,2.1589298
14.0,44.0,14.0,1.9671787
14.0,46.0,14.0,1.9168004
14.0,48.0,14.0,2.076489
14.0,50.0,14.0,2.296686
14.0,52.0,14.0,2.344473
14.0,54.0,14.0,2.1935449
14.0,56.0,14.0,2.083868
14.0,58.0,14.0,2.1286182
14.0,60.0,14.0,2.2465086
14.0,62.0,14.0,2.226802
14.0,64.0,14.0,2.2385738
14.0,66.0,14.0,2.3834822
14.0,68.0,14.0,2.443173
14.0,70.0,14.0,2.2088792
14.0,72.0,14.0,2.0872605
14.0,74.0,14.0,2.1697845
14.0,76.0,14.0,2.1743593
14.0,78.0,14.0,2.1040115
14.0,80.0,14.0,2.1888726
14.0,82.0,14.0,2.4738975
14.0,84.0,14.0,2.4673667
14.0,86.0,14.0,2.2415788
14.0,88.0,14.0,2.2042751
14.0,90.0,14.0,2.1838477
14.0,92.0,14.0,2.060766
14.0,94.0,14.0,2.110333
14.0,96.0,14.0,2.3623374
14.0,98.0,14.0,2.3770096
14.0,100.0,14.0,2.1734924
14.0,102.0,14.0,2.1189444
14.0,104.0,14.0,2.15171
14.0,106.0,14.0,2.0687506
14.0,108.0,14.0,2.0137298
14.0,110.0,14.0,2.2051644
14.0,112.0,14.0,2.431261
14.0,114.0,14.0,2.3930006
14.0,116.0,14.0,2.326674
14.0,118.0,14.0,2.2655585
14.0,120.0,14.0,2.2248278
14.0,122.0,14.0,2.0670536
14.0,124.0,14.0,2.0178187
14.0,126.0,14.0,2.1212292
14.0,128.0,14.0,2.2872846
14.0,130.0,14.0,2.2541084
14.0,132.0,14.0,2.0316067
14.0,134.0,14.0,1.906094
14.0,136.0,14.0,2.0227997
14.0,138.0,14.0,2.2239244
14.0,140.0,14.0,2.2980149
14.0,142.0,14.0,2.1717184
14.0,144.0,14.0,2.1546295
14.0,146.0,14.0,2.2574303
14.0,148.0,14.0,2.3172736
14.0,150.0,14.0,2.3711817
14.0,152.0,14.0,2.2992463
14.0,154.0,14.0,2.2856805
14.0,156.0,14.0,2.4392104
14.0,158.0,14.0,2.511609
14.0,160.0,14.0,2.4300086
14.0,162.0,14.0,2.418727
14.0,164.0,14.0,2.42537
14.0,166.0,14.0,2.3382754
14.0,168.0,14.0,2.3134313
14.0,170.0,14.0,2.4333105
14.0,172.0,14.0,2.629683
14.0,174.0,14.0,2.6950867
14.0,176.0,14.0,2.658283
14.0,178.0,14.0,2.6087308
14.0,180.0,14.0,2.5252316
16.0,-180.0,14.0,2.5098727
16.0,-178.0,14.0,2.5966763
16.0,-176.0,14.0,2.6250942
16.0,-174.0,14.0,2.6044555
16.0,-172.0,14.0,2.6244712
16.0,-170.0,14.0,2.5578806
16.0,-168.0,14.0,2.4985886
16.0,-166.0,14.0,2.4184258
16.0,-164.0,14.0,2.471853
16.0,-162.0,14.0,2.5316803
16.0,-160.0,14.0,2.6028929
16.0,-158.0,14.0,2.6573324
16.0,-156.0,14.0,2.7562747
16.0,-154.0,14.0,2.8500457
16.0,-152.0,14.0,2.735397
16.0,-150.0,14.0,2.6825411
16.0,-148.0,14.0,2.7179952
16.0,-146.0,14.0,2.7514324
16.0,-144.0,14.0,2.6502395
16.0,-142.0,14.0,2.6089625
16.0,-140.0,14.0,2.7272604
16.0,-138.0,14.0,2.8515785
16.0,-136.0,14.0,2.8829262
16.0,-134.0,14.0,2.7711658
16.0,-132.0,14.0,2.7600331
16.0,-130.0,14.0,2.8424158
16.0,-128.0,14.0,3.0110514
16.0,-126.0,14.0,3.0472057
16.0,-124.0,14.0,2.8797476
16.0,-122.0,14.0,2.771654
16.0,-120.0,14.0,2.938026
16.0,-118.0,14.0,3.0891123
16.0,-116.0,14.0,3.1306615
16.0,-114.0,14.0,3.1139827
16.0,-112.0,14.0,3.1753175
16.0,-110.0,14.0,3.1913137
16.0,-108.0,14.0,3.1263568
16.0,-106.0,14.0,3.1543937
16.0,-104.0,14.0,3.315034
16.0,-102.0,14.0,3.3247597
16.0,-100.0,14.0,3.369302
16.0,-98.0,14.0,3.3714144
16.0,-96.0,14.0,3.5721495
16.0,-94.0,14.0,3.5069182
16.0,-92.0,14.0,3.5424364
16.0,-90.0,14.0,3.7503376
16.0,-88.0,14.0,3.8863795
16.0,-86.0,14.0,3.850301
16.0,-84.0,14.0,3.67893
16.0,-82.0,14.0,3.6768298
16.0,-80.0,14.0,3.6172576
16.0,-78.0,14.0,3.5638137
16.0,-76.0,14.0,3.5714111
16.0,-74.0,14.0,3.5311766
16.0,-72.0,14.0,3.4929552
16.0,-70.0,14.0,3.2801635
16.0,-68.0,14.0,3.2425194
16.0,-66.0,14.0,3.2782776
16.0,-64.0,14.0,3.1020176
16.0,-62.0,14.0,2.999605
16.0,-60.0,14.0,2.9963124
16.0,-58.0,14.0,3.0302868
16.0,-56.0,14.0,3.029272
16.0,-54.0,14.0,2.9473207
16.0,-52.0,14.0,2.8737316
16.0,-50.0,14.0,2.849919
16.0,-48.0,14.0,2.7487721
16.0,-46.0,14.0,2.6328313
16.0,-44.0,14.0,2.592351
16.0,-42.0,14.0,2.5902283
16.0,-40.0,14.0,2.6019437
16.0,-38.0,14.0,2.5872762
16.0,-36.0,14.0,2.5962923
16.0,-34.0,14.0,2.5859349
16.0,-32.0,14.0,2.5034711
16.0,-30.0,14.0,2.5647955
16.0,-28.0,14.0,2.656824
16.0,-26.0,14.0,2.7074568
16.0,-24.0,14.0,2.7404697
16.0,-22.0,14.0,2.6573544
16.0,-20.0,14.0,2.5248027
16.0,-18.0,14.0,2.3801749
16.0,-16.0,14.0,2.2950308
16.0,-14.0,14.0,2.3044102
16.0,-12.0,14.0,2.4455912
16.0,-10.0,14.0,2.4983773
16.0,-8.0,14.0,2.5541308
16.0,-6.0,14.0,2.659343
16.0,-4.0,14.0,2.57703
16.0,-2.0,14.0,2.4601433
16.0,0.0,14.0,2.4480789
16.0,2.0,14.0,2.5429072
16.0,4.0,14.0,2.6015816
16.0,6.0,14.0,2.6012883
16.0,8.0,14.0,2.572344
16.0,10.0,14.0,2.4387908
16.0,12.0,14.0,2.2819862
16.0,14.0,14.0,2.1932197
16.0,16.0,14.0,2.220646
16.0,18.0,14.0,2.3137057
16.0,20.0,14.0,2.43374
16.0,22.0,14.0,2.5392635
16.0,24.0,14.0,2.601432
16.0,26.0,14.0,2.5145645
16.0,28.0,14.0,2.4376009
16.0,30.0,14.0,2.382393
16.0,32.0,14.0,2.2432015
16.0,34.0,14.0,2.1745539
16.0,36.0,14.0,2.166144
16.0,38.0,14.0,2.2843852
16.0,40.0,14.0,2.3327131
16.0,42.0,14.0,2.121645
16.0,44.0,14.0,1.9186902
16.0,46.0,14.0,1.8668002
16.0,48.0,14.0,2.0153022
16.0,50.0,14.0,2.2722185
16.0,52.0,14.0,2.3415685
16.0,54.0,14.0,2.1860447
16.0,56.0,14.0,2.1002378
16.0,58.0,14.0,2.1654863
16.0,60.0,14.0,2.258496
16.0,62.0,14.0,2.1733658
16.0,64.0,14.0,2.1955724
16.0,66.0,14.0,2.3935068
16.0,68.0,14.0,2.410795
16.0,70.0,14.0,2.2183409
16.0,72.0,14.0,2.1304064
16.0,74.0,14.0,2.2175493
16.0,76.0,14.0,2.1570823
16.0,78.0,14.0,2.0643837
16.0,80.0,14.0,2.1942794
16.0,82.0,14.0,2.5155113
16.0,84.0,14.0,2.4707944
16.0,86.0,14.0,2.2392106
16.0,88.0,14.0,2.217051
16.0,90.0,14.0,2.1678126
16.0,92.0,14.0,2.0434165
16.0,94.0,14.0,2.0860868
16.0,96.0,14.0,2.3527422
16.0,98.0,14.0,2.3685608
16.0,100.0,14.0,2.1717157
16.0,102.0,14.0,2.1424632
16.0,104.0,14.0,2.2035303
16.0,106.0,14.0,2.068508
16.0,108.0,14.0,1.9826348
16.0,110.0,14.0,2.182127
16.0,112.0,14.0,2.4173377
16.0,114.0,14.0,2.3690865
16.0,116.0,14.0,2.301428
16.0,118.0,14.0,2.3006692
16.0,120.0,14.0,2.2314563
16.0,122.0,14.0,2.0329006
16.0,124.0,14.0,1.9941479
16.0,126.0,14.0,2.1122549
16.0,128.0,14.0,2.287096
16.0,130.0,14.0,2.2503521
16.0,132.0,14.0,2.0547435
16.0,134.0,14.0,2.0073888
16.0,136.0,14.0,2.123999
16.0,138.0,14.0,2.262185
16.0,140.0,14.0,2.302686
16.0,142.0,14.0,2.192266
16.0,144.0,14.0,2.1077027
16.0,146.0,14.0,2.2024708
16.0,148.0,14.0,2.277173
16.0,150.0,14.0,2.3287778
16.0,152.0,14.0,2.2382698
16.0,154.0,14.0,2.231394
16.0,156.0,14.0,2.3405228
16.0,158.0,14.0,2.4431381
16.0,160.0,14.0,2.3684602
16.0,162.0,14.0,2.3304272
16.0,164.0,14.0,2.3786702
16.0,166.0,14.0,2.3408267
16.0,168.0,14.0,2.3576548
16.0,170.0,14.0,2.4632618
16.0,172.0,14.0,2.6713104
16.0,174.0,14.0,2.7321606
16.0,176.0,14.0,2.691507
16.0,178.0,14.0,2.6222813
16.0,180.0,14.0,2.5098727
18.0,-180.0,14.0,2.5344446
18.0,-178.0,14.0,2.5849805
18.0,-176.0,14.0,2.696395
18.0,-174.0,14.0,2.688276
18.0,-172.0,14.0,2.6862864
18.0,-170.0,14.0,2.6027956
18.0,-168.0,14.0,2.541819
18.0,-166.0,14.0,2.4419985
18.0,-164.0,14.0,2.494556
18.0,-162.0,14.0,2.5449657
18.0,-160.0,14.0,2.6460314
18.0,-158.0,14.0,2.7113328
18.0,-156.0,14.0,2.785286
18.0,-154.0,14.0,2.8245451
18.0,-152.0,14.0,2.7447455
18.0,-150.0,14.0,2.7131908
18.0,-148.0,14.0,2.698708
18.0,-146.0,14.0,2.7863781
18.0,-144.0,14.0,2.6999063
18.0,-142.0,14.0,2.6181257
18.0,-140.0,14.0,2.7201998
18.0,-138.0,14.0,2.825478
18.0,-136.0,14.0,2.8106675
18.0,-134.0,14.0,2.7834806
18.0,-132.0,14.0,2.789593
18.0,-130.0,14.0,2.8350782
18.0,-128.0,14.0,2.9980197
18.0,-126.0,14.0,3.018691
18.0,-124.0,14.0,2.9072905
18.0,-122.0,14.0,2.829118
18.0,-120.0,14.0,2.900512
18.0,-118.0,14.0,3.0621252
18.0,-116.0,14.0,3.1394627
18.0,-114.0,14.0,3.175374
18.0,-112.0,14.0,3.2072453
18.0,-110.0,14.0,3.2816396
18.0,-108.0,14.0,3.2931736
18.0,-106.0,14.0,3.3059137
18.0,-104.0,14.0,3.4643788
18.0,-102.0,14.0,3.5221522
18.0,-100.0,14.0,3.5740714
18.0,-98.0,14.0,3.5834181
18.0,-96.0,14.0,3.653423
18.0,-94.0,14.0,3.6533668
18.0,-92.0,14.0,3.698304
18.0,-90.0,14.0,3.8989208
18.0,-88.0,14.0,4.00997
18.0,-86.0,14.0,3.9646547
18.0,-84.0,14.0,3.9084597
18.0,-82.0,14.0,3.8900046
18.0,-80.0,14.0,3.8741715
18.0,-78.0,14.0,3.8001428
18.0,-76.0,14.0,3.8289347
18.0,-74.0,14.0,3.7972324
18.0,-72.0,14.0,3.7097008
18.0,-70.0,14.0,3.5515738
18.0,-68.0,14.0,3.4401824
18.0,-66.0,14.0,3.4405167
18.0,-64.0,14.0,3.2511842
18.0,-62.0,14.0,3.0957491
18.0,-60.0,14.0,3.0971425
18.0,-58.0,14.0,3.137289
18.0,-56.0,14.0,3.108967
18.0,-54.0,14.0,2.9786377
18.0,-52.0,14.0,2.84173
18.0,-50.0,14.0,2.7991405
18.0,-48.0,14.0,2.7286775
18.0,-46.0,14.0,2.6670287
18.0,-44.0,14.0,2.6736286
18.0,-42.0,14.0,2.6791565
18.0,-40.0,14.0,2.596171
18.0,-38.0,14.0,2.5773673
18.0,-36.0,14.0,2.5989664
18.0,-34.0,14.0,2.6299148
18.0,-32.0,14.0,2.5437748
18.0,-30.0,14.0,2.613176
18.0,-28.0,14.0,2.7564893
18.0,-26.0,14.0,2.7890906
18.0,-24.0,14.0,2.7601082
18.0,-22.0,14.0,2.642748
18.0,-20.0,14.0,2.5073173
18.0,-18.0,14.0,2.3846285
18.0,-16.0,14.0,2.2751856
18.0,-14.0,14.0,2.3136237
18.0,-12.0,14.0,2.4314597
18.0,-10.0,14.0,2.477389
18.0,-8.0,14.0,2.53394
18.0,-6.0,14.0,2.6290407
18.0,-4.0,14.0,2.5230029
18.0,-2.0,14.0,2.4088593
18.0,0.0,14.0,2.4498749
18.0,2.0,14.0,2.564738
18.0,4.0,14.0,2.600727
18.0,6.0,14.0,2.595015
18.0,8.0,14.0,2.554593
18.0,10.0,14.0,2.384394
18.0,12.0,14.0,2.2714057
18.0,14.0,14.0,2.1867676
18.0,16.0,14.0,2.1837058
18.0,18.0,14.0,2.2958937
18.0,20.0,14.0,2.3983712
18.0,22.0,14.0,2.4896185
18.0,24.0,14.0,2.5658195
18.0,26.0,14.0,2.5193114
18.0,28.0,14.0,2.4260483
18.0,30.0,14.0,2.3605719
18.0,32.0,14.0,2.2510672
18.0,34.0,14.0,2.1962488
18.0,36.0,14.0,2.1629822
18.0,38.0,14.0,2.274013
18.0,40.0,14.0,2.3313692
18.0,42.0,14.0,2.1297808
18.0,44.0,14.0,1.8798671
18.0,46.0,14.0,1.853706
18.0,48.0,14.0,2.0142503
18.0,50.0,14.0,2.2504737
18.0,52.0,14.0,2.2940233
18.0,54.0,14.0,2.1270816
18.0,56.0,14.0,2.0755196
18.0,58.0,14.0,2.1352055
18.0,60.0,14.0,2.1779602
18.0,62.0,14.0,2.1487868
18.0,64.0,14.0,2.2146955
18.0,66.0,14.0,2.418493
18.0,68.0,14.0,2.4224389
18.0,70.0,14.0,2.1807847
18.0,72.0,14.0,2.1136749
18.0,74.0,14.0,2.1686347
18.0,76.0,14.0,2.1014643
18.0,78.0,14.0,2.026577
18.0,80.0,14.0,2.1463041
18.0,82.0,14.0,2.4278178
18.0,84.0,14.0,2.3983338
18.0,86.0,14.0,2.2211077
18.0,88.0,14.0,2.184158
18.0,90.0,14.0,2.0949676
18.0,92.0,14.0,2.0021489
18.0,94.0,14.0,2.0939503
18.0,96.0,14.0,2.373919
18.0,98.0,14.0,2.3166285
18.0,100.0,14.0,2.1197522
18.0,102.0,14.0,2.118488
18.0,104.0,14.0,2.1331599
18.0,106.0,14.0,1.9951631
18.0,108.0,14.0,1.9368335
18.0,110.0,14.0,2.1274083
18.0,112.0,14.0,2.3557935
18.0,114.0,14.0,2.3263984
18.0,116.0,14.0,2.2861834
18.0,118.0,14.0,2.237871
18.0,120.0,14.0,2.1427772
18.0,122.0,14.0,1.9782801
18.0,124.0,14.0,1.9491384
18.0,126.0,14.0,2.0812724
18.0,128.0,14.0,2.2486057
18.0,130.0,14.0,2.2035716
18.0,132.0,14.0,2.106176
18.0,134.0,14.0,2.037417
18.0,136.0,14.0,2.1017945
18.0,138.0,14.0,2.1957834
18.0,140.0,14.0,2.2356484
18.0,142.0,14.0,2.1228385
18.0,144.0,14.0,2.08095
18.0,146.0,14.0,2.175305
18.0,148.0,14.0,2.2603347
18.0,150.0,14.0,2.3244872
18.0,152.0,14.0,2.2470963
18.0,154.0,14.0,2.2406943
18.0,156.0,14.0,2.3868136
18.0,158.0,14.0,2.4537716
18.0,160.0,14.0,2.4086356
18.0,162.0,14.0,2.392309
18.0,164.0,14.0,2.4080524
18.0,166.0,14.0,2.3567758
18.0,168.0,14.0,2.356161
18.0,170.0,14.0,2.489051
18.0,172.0,14.0,2.6839986
18.0,174.0,14.0,2.7294343
18.0,176.0,14.0,2.7073908
18.0,178.0,14.0,2.6632943
18.0,180.0,14.0,2.5344446
20.0,-180.0,14.0,2.5977523
20.0,-178.0,14.0,2.6473584
20.0,-176.0,14.0,2.7450767
20.0,-174.0,14.0,2.725284
20.0,-172.0,14.0,2.7037435
20.0,-170.0,14.0,2.6434057
20.0,-168.0,14.0,2.5937107
20.0,-166.0,14.0,2.491647
20.0,-164.0,14.0,2.5270784
20.0,-162.0,14.0,2.6267781
20.0,-160.0,14.0,2.7137778
20.0,-158.0,14.0,2.818892
20.0,-156.0,14.0,2.9889715
20.0,-154.0,14.0,3.0167158
20.0,-152.0,14.0,2.881676
20.0,-150.0,14.0,2.7858117
20.0,-148.0,14.0,2.795956
20.0,-146.0,14.0,2.8951914
20.0,-144.0,14.0,2.8539052
20.0,-142.0,14.0,2.777119
20.0,-140.0,14.0,2.8518822
20.0,-138.0,14.0,2.9865556
20.0,-136.0,14.0,3.0957258
20.0,-134.0,14.0,3.1376305
20.0,-132.0,14.0,2.9810178
20.0,-130.0,14.0,2.9494946
20.0,-128.0,14.0,3.0697906
20.0,-126.0,14.0,3.2315266
20.0,-124.0,14.0,3.1115785
20.0,-122.0,14.0,3.0281277
20.0,-120.0,14.0,3.1038451
20.0,-118.0,14.0,3.2967606
20.0,-116.0,14.0,3.470156
20.0,-114.0,14.0,3.5679703
20.0,-112.0,14.0,3.3973286
20.0,-110.0,14.0,3.5056646
20.0,-108.0,14.0,3.5904593
20.0,-106.0,14.0,3.5848982
20.0,-104.0,14.0,3.6799116
20.0,-102.0,14.0,3.9223416
20.0,-100.0,14.0,3.9862418
20.0,-98.0,14.0,3.9578142
20.0,-96.0,14.0,3.9850159
20.0,-94.0,14.0,4.0265045
20.0,-92.0,14.0,3.9854424
20.0,-90.0,14.0,4.22835
20.0,-88.0,14.0,4.45968
20.0,-86.0,14.0,4.4804397
20.0,-84.0,14.0,4.318292
20.0,-82.0,14.0,4.3422394
20.0,-80.0,14.0,4.3776608
20.0,-78.0,14.0,4.1739955
20.0,-76.0,14.0,4.1408205
20.0,-74.0,14.0,4.2172823
20.0,-72.0,14.0,4.179022
20.0,-70.0,14.0,3.9541569
20.0,-68.0,14.0,3.6980345
20.0,-66.0,14.0,3.639222
20.0,-64.0,14.0,3.4083972
20.0,-62.0,14.0,3.222249
20.0,-60.0,14.0,3.2695336
20.0,-58.0,14.0,3.4048898
20.0,-56.0,14.0,3.4071445
20.0,-54.0,14.0,3.2425327
20.0,-52.0,14.0,3.0011694
20.0,-50.0,14.0,2.9128306
20.0,-48.0,14.0,2.8447516
20.0,-46.0,14.0,2.7998304
20.0,-44.0,14.0,2.8065982
20.0,-42.0,14.0,2.7926126
20.0,-40.0,14.0,2.7693672
20.0,-38.0,14.0,2.715128
20.0,-36.0,14.0,2.8074906
20.0,-34.0,14.0,2.823725
20.0,-32.0,14.0,2.6660104
20.0,-30.0,14.0,2.6962001
20.0,-28.0,14.0,2.86868
20.0,-26.0,14.0,2.9454873
20.0,-24.0,14.0,2.9657822
20.0,-22.0,14.0,2.8234336
20.0,-20.0,14.0,2.6123862
20.0,-18.0,14.0,2.5046887
20.0,-16.0,14.0,2.3645124
20.0,-14.0,14.0,2.3627834
20.0,-12.0,14.0,2.5222535
20.0,-10.0,14.0,2.577444
20.0,-8.0,14.0,2.610987
20.0,-6.0,14.0,2.7365565
20.0,-4.0,14.0,2.6295176
20.0,-2.0,14.0,2.513683
20.0,0.0,14.0,2.530783
20.0,2.0,14.0,2.6735792
20.0,4.0,14.0,2.7391977
20.0,6.0,14.0,2.709546
20.0,8.0,14.0,2.6235797
20.0,10.0,14.0,2.5012987
20.0,12.0,14.0,2.3669987
20.0,14.0,14.0,2.2783835
20.0,16.0,14.0,2.31003
20.0,18.0,14.0,2.3859975
20.0,20.0,14.0,2.4676635
20.0,22.0,14.0,2.5933301
20.0,24.0,14.0,2.6533494
20.0,26.0,14.0,2.5479667
20.0,28.0,14.0,2.4717486
20.0,30.0,14.0,2.4433885
20.0,32.0,14.0,2.2937887
20.0,34.0,14.0,2.26935
20.0,36.0,14.0,2.2378643
20.0,38.0,14.0,2.3148215
20.0,40.0,14.0,2.4091957
20.0,42.0,14.0,2.2614584
20.0,44.0,14.0,2.0607886
20.0,46.0,14.0,2.0532136
20.0,48.0,14.0,2.1341994
20.0,50.0,14.0,2.3700347
20.0,52.0,14.0,2.4033806
20.0,54.0,14.0,2.1985679
20.0,56.0,14.0,2.1468208
20.0,58.0,14.0,2.1891196
20.0,60.0,14.0,2.3260362
20.0,62.0,14.0,2.2905223
20.0,64.0,14.0,2.3031826
20.0,66.0,14.0,2.454001
20.0,68.0,14.0,2.4939802
20.0,70.0,14.0,2.3019385
20.0,72.0,14.0,2.1648035
20.0,74.0,14.0,2.1894631
20.0,76.0,14.0,2.191304
20.0,78.0,14.0,2.1728702
20.0,80.0,14.0,2.2749624
20.0,82.0,14.0,2.5785358
20.0,84.0,14.0,2.635954
20.0,86.0,14.0,2.3613367
20.0,88.0,14.0,2.2958086
20.0,90.0,14.0,2.2563162
20.0,92.0,14.0,2.14529
20.0,94.0,14.0,2.2018235
20.0,96.0,14.0,2.529915
20.0,98.0,14.0,2.5372763
20.0,100.0,14.0,2.2592158
20.0,102.0,14.0,2.176027
20.0,104.0,14.0,2.1956904
20.0,106.0,14.0,2.168668
20.0,108.0,14.0,2.178914
20.0,110.0,14.0,2.2708523
20.0,112.0,14.0,2.5372903
20.0,114.0,14.0,2.5205135
20.0,116.0,14.0,2.497724
20.0,118.0,14.0,2.4024365
20.0,120.0,14.0,2.2821887
20.0,122.0,14.0,2.176332
20.0,124.0,14.0,2.1796815
20.0,126.0,14.0,2.202425
20.0,128.0,14.0,2.355052
20.0,130.0,14.0,2.3225405
20.0,132.0,14.0,2.2047877
20.0,134.0,14.0,2.162583
20.0,136.0,14.0,2.1482685
20.0,138.0,14.0,2.2782497
20.0,140.0,14.0,2.3626814
20.0,142.0,14.0,2.2394664
20.0,144.0,14.0,2.225948
20.0,146.0,14.0,2.3082528
20.0,148.0,14.0,2.4165144
20.0,150.0,14.0,2.4202535
20.0,152.0,14.0,2.3119392
20.0,154.0,14.0,2.3129795
20.0,156.0,14.0,2.5004923
20.0,158.0,14.0,2.5173948
20.0,160.0,14.0,2.4793687
20.0,162.0,14.0,2.526153
20.0,164.0,14.0,2.5382035
20.0,166.0,14.0,2.43598
20.0,168.0,14.0,2.400638
20.0,170.0,14.0,2.542332
20.0,172.0,14.0,2.7409985
20.0,174.0,14.0,2.7513475
20.0,176.0,14.0,2.728131
20.0,178.0,14.0,2.7148178
20.0,180.0,14.0,2.5977523
22.0,-180.0,14.0,2.8127952
22.0,-178.0,14.0,2.8527615
22.0,-176.0,14.0,3.0159955
22.0,-174.0,14.0,2.936767
22.0,-172.0,14.0,2.8566577
22.0,-170.0,14.0,2.8509707
22.0,-168.0,14.0,2.8061001
22.0,-166.0,14.0,2.7374935
22.0,-164.0,14.0,2.7654874
22.0,-162.0,14.0,2.8375666
22.0,-160.0,14.0,2.9682899
22.0,-158.0,14.0,3.2414377
22.0,-156.0,14.0,3.3636281
22.0,-154.0,14.0,3.3961277
22.0,-152.0,14.0,3.261426
22.0,-150.0,14.0,3.1097507
22.0,-148.0,14.0,3.114706
22.0,-146.0,14.0,3.2248282
22.0,-144.0,14.0,3.1797469
22.0,-142.0,14.0,3.1009212
22.0,-140.0,14.0,3.1707985
22.0,-138.0,14.0,3.391903
22.0,-136.0,14.0,3.5836895
22.0,-134.0,14.0,3.658564
22.0,-132.0,14.0,3.4700766
22.0,-130.0,14.0,3.2877445
22.0,-128.0,14.0,3.379147
22.0,-126.0,14.0,3.5215483
22.0,-124.0,14.0,3.4916542
22.0,-122.0,14.0,3.425595
22.0,-120.0,14.0,3.5667922
22.0,-118.0,14.0,3.8394253
22.0,-116.0,14.0,4.001362
22.0,-114.0,14.0,4.057784
22.0,-112.0,14.0,3.8351996
22.0,-110.0,14.0,3.96342
22.0,-108.0,14.0,4.038933
22.0,-106.0,14.0,4.0112166
22.0,-104.0,14.0,4.0998635
22.0,-102.0,14.0,4.4124928
22.0,-100.0,14.0,4.4899507
22.0,-98.0,14.0,4.4368696
22.0,-96.0,14.0,4.4968047
22.0,-94.0,14.0,4.4000525
22.0,-92.0,14.0,4.389794
22.0,-90.0,14.0,4.7569885
22.0,-88.0,14.0,5.1008215
22.0,-86.0,14.0,5.063462
22.0,-84.0,14.0,4.9491534
22.0,-82.0,14.0,4.9071383
22.0,-80.0,14.0,4.8903027
22.0,-78.0,14.0,4.660033
22.0,-76.0,14.0,4.650864
22.0,-74.0,14.0,4.785833
22.0,-72.0,14.0,4.745476
22.0,-70.0,14.0,4.4531956
22.0,-68.0,14.0,4.1512985
22.0,-66.0,14.0,4.0702515
22.0,-64.0,14.0,3.8627934
22.0,-62.0,14.0,3.6290822
22.0,-60.0,14.0,3.6695852
22.0,-58.0,14.0,3.8512337
22.0,-56.0,14.0,3.8965533
22.0,-54.0,14.0,3.7104328
22.0,-52.0,14.0,3.3873644
22.0,-50.0,14.0,3.2409623
22.0,-48.0,14.0,3.2166185
22.0,-46.0,14.0,3.195263
22.0,-44.0,14.0,3.0758123
22.0,-42.0,14.0,2.9746873
22.0,-40.0,14.0,3.0065453
22.0,-38.0,14.0,3.0662558
22.0,-36.0,14.0,3.1516218
22.0,-34.0,14.0,3.0851648
22.0,-32.0,14.0,2.9263544
22.0,-30.0,14.0,2.8772452
22.0,-28.0,14.0,2.991262
22.0,-26.0,14.0,3.1786704
22.0,-24.0,14.0,3.2125268
22.0,-22.0,14.0,3.060731
22.0,-20.0,14.0,2.8458583
22.0,-18.0,14.0,2.674893
22.0,-16.0,14.0,2.5005016
22.0,-14.0,14.0,2.5433357
22.0,-12.0,14.0,2.6551757
22.0,-10.0,14.0,2.7253633
22.0,-8.0,14.0,2.7744353
22.0,-6.0,14.0,2.8690484
22.0,-4.0,14.0,2.822826
22.0,-2.0,14.0,2.7564251
22.0,0.0,14.0,2.710952
22.0,2.0,14.0,2.8357723
22.0,4.0,14.0,2.9033535
22.0,6.0,14.0,2.918144
22.0,8.0,14.0,2.9633517
22.0,10.0,14.0,2.7943957
22.0,12.0,14.0,2.6001716
22.0,14.0,14.0,2.5249357
22.0,16.0,14.0,2.5677326
22.0,18.0,14.0,2.6384597
22.0,20.0,14.0,2.718648
22.0,22.0,14.0,2.872266
22.0,24.0,14.0,2.9097245
22.0,26.0,14.0,2.7468214
22.0,28.0,14.0,2.6882389
22.0,30.0,14.0,2.7037039
22.0,32.0,14.0,2.628855
22.0,34.0,14.0,2.4904006
22.0,36.0,14.0,2.4349318
22.0,38.0,14.0,2.562285
22.0,40.0,14.0,2.6265442
22.0,42.0,14.0,2.443723
22.0,44.0,14.0,2.2570486
22.0,46.0,14.0,2.2611153
22.0,48.0,14.0,2.3752384
22.0,50.0,14.0,2.548686
22.0,52.0,14.0,2.5767057
22.0,54.0,14.0,2.4460971
22.0,56.0,14.0,2.471002
22.0,58.0,14.0,2.4809315
22.0,60.0,14.0,2.5384254
22.0,62.0,14.0,2.4986336
22.0,64.0,14.0,2.5159712
22.0,66.0,14.0,2.6555102
22.0,68.0,14.0,2.6613069
22.0,70.0,14.0,2.461451
22.0,72.0,14.0,2.3931909
22.0,74.0,14.0,2.3903804
22.0,76.0,14.0,2.3769941
22.0,78.0,14.0,2.3834538
22.0,80.0,14.0,2.4730406
22.0,82.0,14.0,2.7572205
22.0,84.0,14.0,2.8274717
22.0,86.0,14.0,2.6754832
22.0,88.0,14.0,2.5899847
22.0,90.0,14.0,2.4838045
22.0,92.0,14.0,2.4392776
22.0,94.0,14.0,2.515607
22.0,96.0,14.0,2.730275
22.0,98.0,14.0,2.7370992
22.0,100.0,14.0,2.4685502
22.0,102.0,14.0,2.3308282
22.0,104.0,14.0,2.390829
22.0,106.0,14.0,2.4234002
22.0,108.0,14.0,2.4342113
22.0,110.0,14.0,2.4707348
22.0,112.0,14.0,2.7199328
22.0,114.0,14.0,2.730807
22.0,116.0,14.0,2.7042105
22.0,118.0,14.0,2.6354444
22.0,120.0,14.0,2.4897556
22.0,122.0,14.0,2.4163034
22.0,124.0,14.0,2.4468322
22.0,126.0,14.0,2.439986
22.0,128.0,14.0,2.5608406
22.0,130.0,14.0,2.5303252
22.0,132.0,14.0,2.414192
22.0,134.0,14.0,2.3791766
22.0,136.0,14.0,2.385229
22.0,138.0,14.0,2.4899876
22.0,140.0,14.0,2.5561721
22.0,142.0,14.0,2.4999523
22.0,144.0,14.0,2.4270527
22.0,146.0,14.0,2.4551423
22.0,148.0,14.0,2.6174595
22.0,150.0,14.0,2.6513872
22.0,152.0,14.0,2.5135248
22.0,154.0,14.0,2.5241718
22.0,156.0,14.0,2.7269735
22.0,158.0,14.0,2.7854621
22.0,160.0,14.0,2.6599627
22.0,162.0,14.0,2.6780605
22.0,164.0,14.0,2.689791
22.0,166.0,14.0,2.649018
22.0,168.0,14.0,2.609298
22.0,170.0,14.0,2.757896
22.0,172.0,14.0,3.0112057
22.0,174.0,14.0,2.9341035
22.0,176.0,14.0,2.8642223
22.0,178.0,14.0,2.8518898
22.0,180.0,14.0,2.8127952
24.0,-180.0,14.0,2.7928238
24.0,-178.0,14.0,2.8163848
24.0,-176.0,14.0,2.9801648
24.0,-174.0,14.0,2.855781
24.0,-172.0,14.0,2.845077
24.0,-170.0,14.0,2.857617
24.0,-168.0,14.0,2.8210812
24.0,-166.0,14.0,2.724189
24.0,-164.0,14.0,2.6935654
24.0,-162.0,14.0,2.7546
24.0,-160.0,14.0,2.924709
24.0,-158.0,14.0,3.114541
24.0,-156.0,14.0,3.2622635
24.0,-154.0,14.0,3.3384216
24.0,-152.0,14.0,3.2263792
24.0,-150.0,14.0,3.0535595
24.0,-148.0,14.0,2.9940157
24.0,-146.0,14.0,3.1162252
24.0,-144.0,14.0,3.1311219
24.0,-142.0,14.0,3.0710785
24.0,-140.0,14.0,3.1078956
24.0,-138.0,14.0,3.2865798
24.0,-136.0,14.0,3.3697543
24.0,-134.0,14.0,3.4318316
24.0,-132.0,14.0,3.3284957
24.0,-130.0,14.0,3.2701783
24.0,-128.0,14.0,3.316665
24.0,-126.0,14.0,3.4430008
24.0,-124.0,14.0,3.4775102
24.0,-122.0,14.0,3.47463
24.0,-120.0,14.0,3.5542192
24.0,-118.0,14.0,3.7745078
24.0,-116.0,14.0,3.8841019
24.0,-114.0,14.0,3.9579859
24.0,-112.0,14.0,3.892581
24.0,-110.0,14.0,4.015319
24.0,-108.0,14.0,4.0956388
24.0,-106.0,14.0,4.111409
24.0,-104.0,14.0,4.1691694
24.0,-102.0,14.0,4.3699675
24.0,-100.0,14.0,4.498984
24.0,-98.0,14.0,4.4777246
24.0,-96.0,14.0,4.4995437
24.0,-94.0,14.0,4.533327
24.0,-92.0,14.0,4.6189995
24.0,-90.0,14.0,4.841281
24.0,-88.0,14.0,5.007131
24.0,-86.0,14.0,4.983082
24.0,-84.0,14.0,5.0097065
24.0,-82.0,14.0,4.9884233
24.0,-80.0,14.0,4.971989
24.0,-78.0,14.0,4.827162
24.0,-76.0,14.0,4.803907
24.0,-74.0,14.0,4.805074
24.0,-72.0,14.0,4.7091026
24.0,-70.0,14.0,4.535699
24.0,-68.0,14.0,4.3183527
24.0,-66.0,14.0,4.2431645
24.0,-64.0,14.0,4.048592
24.0,-62.0,14.0,3.8756053
24.0,-60.0,14.0,3.8310397
24.0,-58.0,14.0,3.9410558
24.0,-56.0,14.0,3.9520996
24.0,-54.0,14.0,3.756628
24.0,-52.0,14.0,3.4495983
24.0,-50.0,14.0,3.330827
24.0,-48.0,14.0,3.2900023
24.0,-46.0,14.0,3.2064834
24.0,-44.0,14.0,3.11803
24.0,-42.0,14.0,3.0813327
24.0,-40.0,14.0,3.0260851
24.0,-38.0,14.0,3.0099156
24.0,-36.0,14.0,3.050418
24.0,-34.0,14.0,3.036964
24.0,-32.0,14.0,2.8800764
24.0,-30.0,14.0,2.8232667
24.0,-28.0,14.0,3.0558865
24.0,-26.0,14.0,3.1991444
24.0,-24.0,14.0,3.1343508
24.0,-22.0,14.0,2.9980838
24.0,-20.0,14.0,2.7440379
24.0,-18.0,14.0,2.6585805
24.0,-16.0,14.0,2.5271668
24.0,-14.0,14.0,2.534566
24.0,-12.0,14.0,2.6790702
24.0,-10.0,14.0,2.71419
24.0,-8.0,14.0,2.6435769
24.0,-6.0,14.0,2.7289348
24.0,-4.0,14.0,2.723988
24.0,-2.0,14.0,2.676645
24.0,0.0,14.0,2.6240532
24.0,2.0,14.0,2.8262427
24.0,4.0,14.0,2.9129295
24.0,6.0,14.0,2.8375776
24.0,8.0,14.0,2.7890725
24.0,10.0,14.0,2.662273
24.0,12.0,14.0,2.4747698
24.0,14.0,14.0,2.4149292
24.0,16.0,14.0,2.4546542
24.0,18.0,14.0,2.5671096
24.0,20.0,14.0,2.6129465
24.0,22.0,14.0,2.7288094
24.0,24.0,14.0,2.7397304
24.0,26.0,14.0,2.613577
24.0,28.0,14.0,2.5622737
24.0,30.0,14.0,2.5948646
24.0,32.0,14.0,2.5257292
24.0,34.0,14.0,2.4655788
24.0,36.0,14.0,2.387911
24.0,38.0,14.0,2.4371533
24.0,40.0,14.0,2.5283651
24.0,42.0,14.0,2.3451638
24.0,44.0,14.0,2.221397
24.0,46.0,14.0,2.2404847
24.0,48.0,14.0,2.3598204
24.0,50.0,14.0,2.5143952
24.0,52.0,14.0,2.5313816
24.0,54.0,14.0,2.413465
24.0,56.0,14.0,2.3982434
24.0,58.0,14.0,2.4050953
24.0,60.0,14.0,2.4662013
24.0,62.0,14.0,2.389366
24.0,64.0,14.0,2.3787942
24.0,66.0,14.0,2.5794337
24.0,68.0,14.0,2.5808947
24.0,70.0,14.0,2.394017
24.0,72.0,14.0,2.3257365
24.0,74.0,14.0,2.3331506
24.0,76.0,14.0,2.312382
24.0,78.0,14.0,2.2859664
24.0,80.0,14.0,2.3835926
24.0,82.0,14.0,2.711206
24.0,84.0,14.0,2.7038662
24.0,86.0,14.0,2.517813
24.0,88.0,14.0,2.4783537
24.0,90.0,14.0,2.3690631
24.0,92.0,14.0,2.320466
24.0,94.0,14.0,2.3799212
24.0,96.0,14.0,2.6195743
24.0,98.0,14.0,2.5879095
24.0,100.0,14.0,2.390014
24.0,102.0,14.0,2.3186488
24.0,104.0,14.0,2.3498354
24.0,106.0,14.0,2.2791977
24.0,108.0,14.0,2.249773
24.0,110.0,14.0,2.3631268
24.0,112.0,14.0,2.5928826
24.0,114.0,14.0,2.5778441
24.0,116.0,14.0,2.504284
24.0,118.0,14.0,2.5058088
24.0,120.0,14.0,2.4024184
24.0,122.0,14.0,2.3049762
24.0,124.0,14.0,2.2862384
24.0,126.0,14.0,2.338696
24.0,128.0,14.0,2.4654307
24.0,130.0,14.0,2.4619832
24.0,132.0,14.0,2.35137
24.0,134.0,14.0,2.306214
24.0,136.0,14.0,2.3113713
24.0,138.0,14.0,2.4405491
24.0,140.0,14.0,2.4883966
24.0,142.0,14.0,2.4264991
24.0,144.0,14.0,2.4104135
24.0,146.0,14.0,2.3852959
24.0,148.0,14.0,2.485376
24.0,150.0,14.0,2.5298228
24.0,152.0,14.0,2.4379194
24.0,154.0,14.0,2.3877378
24.0,156.0,14.0,2.578255
24.0,158.0,14.0,2.6550794
24.0,160.0,14.0,2.5902393
24.0,162.0,14.0,2.5744712
24.0,164.0,14.0,2.604868
24.0,166.0,14.0,2.5693898
24.0,168.0,14.0,2.5668519
24.0,170.0,14.0,2.6667142
24.0,172.0,14.0,2.9498193
24.0,174.0,14.0,2.958149
24.0,176.0,14.0,2.880036
24.0,178.0,14.0,2.89949
24.0,180.0,14.0,2.7928238
26.0,-180.0,14.0,2.680013
26.0,-178.0,14.0,2.688644
26.0,-176.0,14.0,2.8812072
26.0,-174.0,14.0,2.9211361
26.0,-172.0,14.0,2.8307674
26.0,-170.0,14.0,2.7683973
26.0,-168.0,14.0,2.7525542
26.0,-166.0,14.0,2.6010902
26.0,-164.0,14.0,2.5345743
26.0,-162.0,14.0,2.64395
26.0,-160.0,14.0,2.9065444
26.0,-158.0,14.0,3.0816672
26.0,-156.0,14.0,3.2196097
26.0,-154.0,14.0,3.2714405
26.0,-152.0,14.0,3.144703
26.0,-150.0,14.0,2.9787843
26.0,-148.0,14.0,2.9066823
26.0,-146.0,14.0,3.0256286
26.0,-144.0,14.0,3.0971522
26.0,-142.0,14.0,3.107554
26.0,-140.0,14.0,3.128201
26.0,-138.0,14.0,3.1923184
26.0,-136.0,14.0,3.2807126
26.0,-134.0,14.0,3.3570073
26.0,-132.0,14.0,3.325097
26.0,-130.0,14.0,3.2646997
26.0,-128.0,14.0,3.307166
26.0,-126.0,14.0,3.442901
26.0,-124.0,14.0,3.538949
26.0,-122.0,14.0,3.5408912
26.0,-120.0,14.0,3.5783525
26.0,-118.0,14.0,3.758266
26.0,-116.0,14.0,3.8443494
26.0,-114.0,14.0,3.9488878
26.0,-112.0,14.0,3.9354084
26.0,-110.0,14.0,4.0580473
26.0,-108.0,14.0,4.203524
26.0,-106.0,14.0,4.1934023
26.0,-104.0,14.0,4.236051
26.0,-102.0,14.0,4.415115
26.0,-100.0,14.0,4.533441
26.0,-98.0,14.0,4.4779663
26.0,-96.0,14.0,4.4669757
26.0,-94.0,14.0,4.535024
26.0,-92.0,14.0,4.641223
26.0,-90.0,14.0,4.92534
26.0,-88.0,14.0,5.028776
26.0,-86.0,14.0,4.9561877
26.0,-84.0,14.0,5.0020227
26.0,-82.0,14.0,4.918998
26.0,-80.0,14.0,4.910181
26.0,-78.0,14.0,4.888695
26.0,-76.0,14.0,4.7918034
26.0,-74.0,14.0,4.8417945
26.0,-72.0,14.0,4.771752
26.0,-70.0,14.0,4.592179
26.0,-68.0,14.0,4.3486943
26.0,-66.0,14.0,4.2385435
26.0,-64.0,14.0,4.0557046
26.0,-62.0,14.0,3.915885
26.0,-60.0,14.0,3.9180012
26.0,-58.0,14.0,3.9701433
26.0,-56.0,14.0,3.955231
26.0,-54.0,14.0,3.7545028
26.0,-52.0,14.0,3.4593823
26.0,-50.0,14.0,3.273678
26.0,-48.0,14.0,3.1878097
26.0,-46.0,14.0,3.216628
26.0,-44.0,14.0,3.2101574
26.0,-42.0,14.0,3.1536906
26.0,-40.0,14.0,2.9890275
26.0,-38.0,14.0,2.953764
26.0,-36.0,14.0,3.0194938
26.0,-34.0,14.0,3.0632503
26.0,-32.0,14.0,2.9106
26.0,-30.0,14.0,2.9177053
26.0,-28.0,14.0,3.1723526
26.0,-26.0,14.0,3.2810833
26.0,-24.0,14.0,3.2309933
26.0,-22.0,14.0,3.006212
26.0,-20.0,14.0,2.839132
26.0,-18.0,14.0,2.681049
26.0,-16.0,14.0,2.520323
26.0,-14.0,14.0,2.6093593
26.0,-12.0,14.0,2.7494774
26.0,-10.0,14.0,2.7922473
26.0,-8.0,14.0,2.7390475
26.0,-6.0,14.0,2.835654
26.0,-4.0,14.0,2.7976203
26.0,-2.0,14.0,2.6991053
26.0,0.0,14.0,2.7414546
26.0,2.0,14.0,2.949711
26.0,4.0,14.0,3.0248873
26.0,6.0,14.0,2.9271257
26.0,8.0,14.0,2.8685148
26.0,10.0,14.0,2.692582
26.0,12.0,14.0,2.5239534
26.0,14.0,14.0,2.4952247
26.0,16.0,14.0,2.5494099
26.0,18.0,14.0,2.6807709
26.0,20.0,14.0,2.6567082
26.0,22.0,14.0,2.7078252
26.0,24.0,14.0,2.7865465
26.0,26.0,14.0,2.652687
26.0,28.0,14.0,2.6297925
26.0,30.0,14.0,2.6380267
26.0,32.0,14.0,2.5882363
26.0,34.0,14.0,2.514036
26.0,36.0,14.0,2.4396298
26.0,38.0,14.0,2.5515525
26.0,40.0,14.0,2.6261504
26.0,42.0,14.0,2.454516
26.0,44.0,14.0,2.3222697
26.0,46.0,14.0,2.356546
26.0,48.0,14.0,2.4542336
26.0,50.0,14.0,2.5852716
26.0,52.0,14.0,2.648335
26.0,54.0,14.0,2.579807
26.0,56.0,14.0,2.5228145
26.0,58.0,14.0,2.4895327
26.0,60.0,14.0,2.5477424
26.0,62.0,14.0,2.5230613
26.0,64.0,14.0,2.5360196
26.0,66.0,14.0,2.6318083
26.0,68.0,14.0,2.637823
26.0,70.0,14.0,2.5205147
26.0,72.0,14.0,2.4533482
26.0,74.0,14.0,2.4584777
26.0,76.0,14.0,2.4676993
26.0,78.0,14.0,2.4163835
26.0,80.0,14.0,2.4905975
26.0,82.0,14.0,2.7558973
26.0,84.0,14.0,2.7414174
26.0,86.0,14.0,2.5476928
26.0,88.0,14.0,2.4972124
26.0,90.0,14.0,2.4558883
26.0,92.0,14.0,2.3692155
26.0,94.0,14.0,2.422287
26.0,96.0,14.0,2.6321657
26.0,98.0,14.0,2.6289868
26.0,100.0,14.0,2.4205754
26.0,102.0,14.0,2.4200764
26.0,104.0,14.0,2.4613364
26.0,106.0,14.0,2.394224
26.0,108.0,14.0,2.3378065
26.0,110.0,14.0,2.4510698
26.0,112.0,14.0,2.6209493
26.0,114.0,14.0,2.62356
26.0,116.0,14.0,2.5380616
26.0,118.0,14.0,2.5312462
26.0,120.0,14.0,2.4526322
26.0,122.0,14.0,2.356497
26.0,124.0,14.0,2.3081367
26.0,126.0,14.0,2.361067
26.0,128.0,14.0,2.459398
26.0,130.0,14.0,2.447711
26.0,132.0,14.0,2.3670738
26.0,134.0,14.0,2.3596523
26.0,136.0,14.0,2.415762
26.0,138.0,14.0,2.482006
26.0,140.0,14.0,2.5157866
26.0,142.0,14.0,2.5034552
26.0,144.0,14.0,2.459282
26.0,146.0,14.0,2.4653776
26.0,148.0,14.0,2.499362
26.0,150.0,14.0,2.5630274
26.0,152.0,14.0,2.4452107
26.0,154.0,14.0,2.4153678
26.0,156.0,14.0,2.5881329
26.0,158.0,14.0,2.6629617
26.0,160.0,14.0,2.6087651
26.0,162.0,14.0,2.553159
26.0,164.0,14.0,2.5859733
26.0,166.0,14.0,2.5389657
26.0,168.0,14.0,2.4629068
26.0,170.0,14.0,2.6226811
26.0,172.0,14.0,2.9454353
26.0,174.0,14.0,2.9318762
26.0,176.0,14.0,2.9153998
26.0,178.0,14.0,2.9615762
26.0,180.0,14.0,2.680013
28.0,-180.0,14.0,2.757871
28.0,-178.0,14.0,2.7500513
28.0,-176.0,14.0,2.9541273
28.0,-174.0,14.0,2.9463785
28.0,-172.0,14.0,2.8566558
28.0,-170.0,14.0,2.8613923
28.0,-168.0,14.0,2.8084085
28.0,-166.0,14.0,2.6452143
28.0,-164.0,14.0,2.6828094
28.0,-162.0,14.0,2.7781985
28.0,-160.0,14.0,3.0462549
28.0,-158.0,14.0,3.2593148
28.0,-156.0,14.0,3.4388905
28.0,-154.0,14.0,3.486501
28.0,-152.0,14.0,3.3223722
28.0,-150.0,14.0,3.10188
28.0,-148.0,14.0,3.0030317
28.0,-146.0,14.0,3.104254
28.0,-144.0,14.0,3.1950111
28.0,-142.0,14.0,3.2163014
28.0,-140.0,14.0,3.2528358
28.0,-138.0,14.0,3.3255584
28.0,-136.0,14.0,3.526755
28.0,-134.0,14.0,3.6505945
28.0,-132.0,14.0,3.5781689
28.0,-130.0,14.0,3.4501123
28.0,-128.0,14.0,3.4504092
28.0,-126.0,14.0,3.6086996
28.0,-124.0,14.0,3.7313972
28.0,-122.0,14.0,3.7996006
28.0,-120.0,14.0,3.8159883
28.0,-118.0,14.0,3.9866037
28.0,-116.0,14.0,4.151665
28.0,-114.0,14.0,4.2817855
28.0,-112.0,14.0,4.1496353
28.0,-110.0,14.0,4.2136793
28.0,-108.0,14.0,4.4567657
28.0,-106.0,14.0,4.5165815
28.0,-104.0,14.0,4.54747
28.0,-102.0,14.0,4.721089
28.0,-100.0,14.0,4.804798
28.0,-98.0,14.0,4.624673
28.0,-96.0,14.0,4.6066604
28.0,-94.0,14.0,4.711668
28.0,-92.0,14.0,4.8681393
28.0,-90.0,14.0,5.2000384
28.0,-88.0,14.0,5.2623687
28.0,-86.0,14.0,5.282985
28.0,-84.0,14.0,5.21022
28.0,-82.0,14.0,5.0483713
28.0,-80.0,14.0,5.138503
28.0,-78.0,14.0,5.1610327
28.0,-76.0,14.0,5.1036453
28.0,-74.0,14.0,5.141889
28.0,-72.0,14.0,5.1150894
28.0,-70.0,14.0,4.857553
28.0,-68.0,14.0,4.5542426
28.0,-66.0,14.0,4.4049687
28.0,-64.0,14.0,4.297833
28.0,-62.0,14.0,4.2329984
28.0,-60.0,14.0,4.2787395
28.0,-58.0,14.0,4.346778
28.0,-56.0,14.0,4.3318853
28.0,-54.0,14.0,4.122694
28.0,-52.0,14.0,3.7512758
28.0,-50.0,14.0,3.5197647
28.0,-48.0,14.0,3.4477646
28.0,-46.0,14.0,3.4750063
28.0,-44.0,14.0,3.5666332
28.0,-42.0,14.0,3.3485596
28.0,-40.0,14.0,3.15666
28.0,-38.0,14.0,3.0930648
28.0,-36.0,14.0,3.2337854
28.0,-34.0,14.0,3.257094
28.0,-32.0,14.0,3.0557754
28.0,-30.0,14.0,3.031703
28.0,-28.0,14.0,3.2852774
28.0,-26.0,14.0,3.3628047
28.0,-24.0,14.0,3.3684871
28.0,-22.0,14.0,3.1671908
28.0,-20.0,14.0,2.9444315
28.0,-18.0,14.0,2.8355494
28.0,-16.0,14.0,2.6608274
28.0,-14.0,14.0,2.7011478
28.0,-12.0,14.0,2.8688874
28.0,-10.0,14.0,2.9204285
28.0,-8.0,14.0,2.8655527
28.0,-6.0,14.0,2.9768877
28.0,-4.0,14.0,2.9489162
28.0,-2.0,14.0,2.86677
28.0,0.0,14.0,2.8741212
28.0,2.0,14.0,3.065031
28.0,4.0,14.0,3.1733632
28.0,6.0,14.0,3.0806189
28.0,8.0,14.0,3.020972
28.0,10.0,14.0,2.8584492
28.0,12.0,14.0,2.6140292
28.0,14.0,14.0,2.5790658
28.0,16.0,14.0,2.6911469
28.0,18.0,14.0,2.8008752
28.0,20.0,14.0,2.8113875
28.0,22.0,14.0,2.9135306
28.0,24.0,14.0,2.9547174
28.0,26.0,14.0,2.8326678
28.0,28.0,14.0,2.791683
28.0,30.0,14.0,2.8393621
28.0,32.0,14.0,2.780372
28.0,34.0,14.0,2.642799
28.0,36.0,14.0,2.5707612
28.0,38.0,14.0,2.641721
28.0,40.0,14.0,2.7481341
28.0,42.0,14.0,2.5595343
28.0,44.0,14.0,2.46375
28.0,46.0,14.0,2.5070043
28.0,48.0,14.0,2.575163
28.0,50.0,14.0,2.6917684
28.0,52.0,14.0,2.7725563
28.0,54.0,14.0,2.7090604
28.0,56.0,14.0,2.6120257
28.0,58.0,14.0,2.5891793
28.0,60.0,14.0,2.663353
28.0,62.0,14.0,2.6755276
28.0,64.0,14.0,2.6615913
28.0,66.0,14.0,2.7525165
28.0,68.0,14.0,2.7629406
28.0,70.0,14.0,2.6672165
28.0,72.0,14.0,2.5616026
28.0,74.0,14.0,2.532541
28.0,76.0,14.0,2.6011243
28.0,78.0,14.0,2.5660543
28.0,80.0,14.0,2.6337316
28.0,82.0,14.0,2.91113
28.0,84.0,14.0,2.9093776
28.0,86.0,14.0,2.7084336
28.0,88.0,14.0,2.631116
28.0,90.0,14.0,2.5977354
28.0,92.0,14.0,2.472338
28.0,94.0,14.0,2.5405254
28.0,96.0,14.0,2.7825165
28.0,98.0,14.0,2.8218653
28.0,100.0,14.0,2.5746017
28.0,102.0,14.0,2.509417
28.0,104.0,14.0,2.5420985
28.0,106.0,14.0,2.5637639
28.0,108.0,14.0,2.5559664
28.0,110.0,14.0,2.5908422
28.0,112.0,14.0,2.7945774
28.0,114.0,14.0,2.7988784
28.0,116.0,14.0,2.6499534
28.0,118.0,14.0,2.6181896
28.0,120.0,14.0,2.5378587
28.0,122.0,14.0,2.457391
28.0,124.0,14.0,2.4120169
28.0,126.0,14.0,2.4589276
28.0,128.0,14.0,2.5450573
28.0,130.0,14.0,2.545289
28.0,132.0,14.0,2.4184234
28.0,134.0,14.0,2.3991137
28.0,136.0,14.0,2.449529
28.0,138.0,14.0,2.5091746
28.0,140.0,14.0,2.5788357
28.0,142.0,14.0,2.5997343
28.0,144.0,14.0,2.6023195
28.0,146.0,14.0,2.5571604
28.0,148.0,14.0,2.6131961
28.0,150.0,14.0,2.662248
28.0,152.0,14.0,2.535624
28.0,154.0,14.0,2.5393517
28.0,156.0,14.0,2.7254705
28.0,158.0,14.0,2.7903068
28.0,160.0,14.0,2.718015
28.0,162.0,14.0,2.654569
28.0,164.0,14.0,2.6586118
28.0,166.0,14.0,2.5800223
28.0,168.0,14.0,2.5270302
28.0,170.0,14.0,2.6940944
28.0,172.0,14.0,3.0272453
28.0,174.0,14.0,3.0180972
28.0,176.0,14.0,2.9672244
28.0,178.0,14.0,2.9739444
28.0,180.0,14.0,2.757871
30.0,-180.0,14.0,2.9530864
30.0,-178.0,14.0,2.9638753
30.0,-176.0,14.0,3.1045134
30.0,-174.0,14.0,3.0966837
30.0,-172.0,14.0,3.0476618
30.0,-170.0,14.0,3.0842438
30.0,-168.0,14.0,3.0151458
30.0,-166.0,14.0,2.9141896
30.0,-164.0,14.0,2.9004595
30.0,-162.0,14.0,3.008273
30.0,-160.0,14.0,3.2695153
30.0,-158.0,14.0,3.508981
30.0,-156.0,14.0,3.6915762
30.0,-154.0,14.0,3.704611
30.0,-152.0,14.0,3.6060135
30.0,-150.0,14.0,3.4069288
30.0,-148.0,14.0,3.343684
30.0,-146.0,14.0,3.4448626
30.0,-144.0,14.0,3.585986
30.0,-142.0,14.0,3.6426954
30.0,-140.0,14.0,3.6339598
30.0,-138.0,14.0,3.718461
30.0,-136.0,14.0,3.987553
30.0,-134.0,14.0,4.163553
30.0,-132.0,14.0,4.099066
30.0,-130.0,14.0,3.9603713
30.0,-128.0,14.0,3.948817
30.0,-126.0,14.0,4.133449
30.0,-124.0,14.0,4.3507724
30.0,-122.0,14.0,4.4221196
30.0,-120.0,14.0,4.4550357
30.0,-118.0,14.0,4.621273
30.0,-116.0,14.0,4.855806
30.0,-114.0,14.0,4.993551
30.0,-112.0,14.0,4.912133
30.0,-110.0,14.0,4.914527
30.0,-108.0,14.0,5.1085863
30.0,-106.0,14.0,5.1308603
30.0,-104.0,14.0,5.127698
30.0,-102.0,14.0,5.2485533
30.0,-100.0,14.0,5.385304
30.0,-98.0,14.0,5.086256
30.0,-96.0,14.0,5.241602
30.0,-94.0,14.0,5.308879
30.0,-92.0,14.0,5.321203
30.0,-90.0,14.0,5.735713
30.0,-88.0,14.0,5.9155912
30.0,-86.0,14.0,5.8932424
30.0,-84.0,14.0,5.7918415
30.0,-82.0,14.0,5.6857305
30.0,-80.0,14.0,5.7841234
30.0,-78.0,14.0,5.79678
30.0,-76.0,14.0,5.850396
30.0,-74.0,14.0,5.814542
30.0,-72.0,14.0,5.683461
30.0,-70.0,14.0,5.4120526
30.0,-68.0,14.0,5.1733475
30.0,-66.0,14.0,5.101247
30.0,-64.0,14.0,4.897969
30.0,-62.0,14.0,4.730189
30.0,-60.0,14.0,4.837102
30.0,-58.0,14.0,4.870778
30.0,-56.0,14.0,4.8649206
30.0,-54.0,14.0,4.7088494
30.0,-52.0,14.0,4.2372766
30.0,-50.0,14.0,3.9570687
30.0,-48.0,14.0,3.9010975
30.0,-46.0,14.0,3.8760319
30.0,-44.0,14.0,3.7831526
30.0,-42.0,14.0,3.605405
30.0,-40.0,14.0,3.4096222
30.0,-38.0,14.0,3.363123
30.0,-36.0,14.0,3.4908152
30.0,-34.0,14.0,3.473131
30.0,-32.0,14.0,3.3007543
30.0,-30.0,14.0,3.1309354
30.0,-28.0,14.0,3.247926
30.0,-26.0,14.0,3.4324064
30.0,-24.0,14.0,3.4625988
30.0,-22.0,14.0,3.2653852
30.0,-20.0,14.0,3.0474374
30.0,-18.0,14.0,3.0616667
30.0,-16.0,14.0,2.8648722
30.0,-14.0,14.0,2.8053823
30.0,-12.0,14.0,2.9164546
30.0,-10.0,14.0,2.9680915
30.0,-8.0,14.0,2.8994985
30.0,-6.0,14.0,2.9954305
30.0,-4.0,14.0,3.0494988
30.0,-2.0,14.0,3.0231419
30.0,0.0,14.0,2.9424715
30.0,2.0,14.0,3.089782
30.0,4.0,14.0,3.188936
30.0,6.0,14.0,3.1289756
30.0,8.0,14.0,3.092882
30.0,10.0,14.0,2.9356394
30.0,12.0,14.0,2.7580166
30.0,14.0,14.0,2.7093065
30.0,16.0,14.0,2.7514777
30.0,18.0,14.0,2.894351
30.0,20.0,14.0,2.9137433
30.0,22.0,14.0,2.9242003
30.0,24.0,14.0,2.9238353
30.0,26.0,14.0,2.7977378
30.0,28.0,14.0,2.8412218
30.0,30.0,14.0,2.8989472
30.0,32.0,14.0,2.849681
30.0,34.0,14.0,2.769079
30.0,36.0,14.0,2.6974194
30.0,38.0,14.0,2.7852943
30.0,40.0,14.0,2.853635
30.0,42.0,14.0,2.6425216
30.0,44.0,14.0,2.4808636
30.0,46.0,14.0,2.5115354
30.0,48.0,14.0,2.552128
30.0,50.0,14.0,2.7915545
30.0,52.0,14.0,2.8926902
30.0,54.0,14.0,2.780485
30.0,56.0,14.0,2.6330614
30.0,58.0,14.0,2.6361248
30.0,60.0,14.0,2.7256992
30.0,62.0,14.0,2.7244146
30.0,64.0,14.0,2.7692888
30.0,66.0,14.0,2.8053741
30.0,68.0,14.0,2.848536
30.0,70.0,14.0,2.6853354
30.0,72.0,14.0,2.5427918
30.0,74.0,14.0,2.4934194
30.0,76.0,14.0,2.493829
30.0,78.0,14.0,2.4861894
30.0,80.0,14.0,2.609577
30.0,82.0,14.0,2.92155
30.0,84.0,14.0,2.9699259
30.0,86.0,14.0,2.723875
30.0,88.0,14.0,2.6248367
30.0,90.0,14.0,2.5744026
30.0,92.0,14.0,2.499376
30.0,94.0,14.0,2.599716
30.0,96.0,14.0,2.8769436
30.0,98.0,14.0,2.8812108
30.0,100.0,14.0,2.5640695
30.0,102.0,14.0,2.4576385
30.0,104.0,14.0,2.481674
30.0,106.0,14.0,2.5303066
30.0,108.0,14.0,2.5351965
30.0,110.0,14.0,2.5461524
30.0,112.0,14.0,2.7368517
30.0,114.0,14.0,2.8138058
30.0,116.0,14.0,2.689802
30.0,118.0,14.0,2.5986857
30.0,120.0,14.0,2.5641427
30.0,122.0,14.0,2.4898098
30.0,124.0,14.0,2.4529672
30.0,126.0,14.0,2.3827038
30.0,128.0,14.0,2.5249574
30.0,130.0,14.0,2.5726085
30.0,132.0,14.0,2.3651404
30.0,134.0,14.0,2.3625536
30.0,136.0,14.0,2.3773172
30.0,138.0,14.0,2.5009851
30.0,140.0,14.0,2.6132188
30.0,142.0,14.0,2.5201273
30.0,144.0,14.0,2.5073216
30.0,146.0,14.0,2.5329685
30.0,148.0,14.0,2.594566
30.0,150.0,14.0,2.6787465
30.0,152.0,14.0,2.5666728
30.0,154.0,14.0,2.628298
30.0,156.0,14.0,2.7544756
30.0,158.0,14.0,2.8166492
30.0,160.0,14.0,2.738676
30.0,162.0,14.0,2.7034292
30.0,164.0,14.0,2.6931744
30.0,166.0,14.0,2.6810045
30.0,168.0,14.0,2.727796
30.0,170.0,14.0,2.8316638
30.0,172.0,14.0,3.1526754
30.0,174.0,14.0,3.162696
30.0,176.0,14.0,3.1338835
30.0,178.0,14.0,3.1267657
30.0,180.0,14.0,2.9530864
32.0,-180.0,14.0,3.396943
32.0,-178.0,14.0,3.3059647
32.0,-176.0,14.0,3.3564055
32.0,-174.0,14.0,3.4490798
32.0,-172.0,14.0,3.415163
32.0,-170.0,14.0,3.3603349
32.0,-168.0,14.0,3.2909105
32.0,-166.0,14.0,3.2140594
32.0,-164.0,14.0,3.056034
32.0,-162.0,14.0,3.173238
32.0,-160.0,14.0,3.548653
32.0,-158.0,14.0,3.8005602
32.0,-156.0,14.0,3.8823955
32.0,-154.0,14.0,4.053385
32.0,-152.0,14.0,3.996169
32.0,-150.0,14.0,3.842141
32.0,-148.0,14.0,3.684393
32.0,-146.0,14.0,3.8096802
32.0,-144.0,14.0,3.9664638
32.0,-142.0,14.0,4.0712514
32.0,-140.0,14.0,4.096221
32.0,-138.0,14.0,4.167303
32.0,-136.0,14.0,4.419213
32.0,-134.0,14.0,4.6001234
32.0,-132.0,14.0,4.587356
32.0,-130.0,14.0,4.4924817
32.0,-128.0,14.0,4.4815416
32.0,-126.0,14.0,4.6268682
32.0,-124.0,14.0,4.854347
32.0,-122.0,14.0,4.9668055
32.0,-120.0,14.0,5.015003
32.0,-118.0,14.0,5.085613
32.0,-116.0,14.0,5.263253
32.0,-114.0,14.0,5.3853045
32.0,-112.0,14.0,5.316993
32.0,-110.0,14.0,5.2576528
32.0,-108.0,14.0,5.4794755
32.0,-106.0,14.0,5.591893
32.0,-104.0,14.0,5.5454817
32.0,-102.0,14.0,5.610162
32.0,-100.0,14.0,5.662248
32.0,-98.0,14.0,5.4945083
32.0,-96.0,14.0,5.5862465
32.0,-94.0,14.0,5.688837
32.0,-92.0,14.0,5.6940703
32.0,-90.0,14.0,5.9630685
32.0,-88.0,14.0,6.1134715
32.0,-86.0,14.0,5.9827385
32.0,-84.0,14.0,6.0359416
32.0,-82.0,14.0,5.9430394
32.0,-80.0,14.0,5.9138823
32.0,-78.0,14.0,6.000995
32.0,-76.0,14.0,6.1429515
32.0,-74.0,14.0,6.0803175
32.0,-72.0,14.0,5.7531505
32.0,-70.0,14.0,5.6060257
32.0,-68.0,14.0,5.502036
32.0,-66.0,14.0,5.468443
32.0,-64.0,14.0,5.3815136
32.0,-62.0,14.0,5.134027
32.0,-60.0,14.0,5.288551
32.0,-58.0,14.0,5.247871
32.0,-56.0,14.0,4.977655
32.0,-54.0,14.0,4.816027
32.0,-52.0,14.0,4.793066
32.0,-50.0,14.0,4.6239696
32.0,-48.0,14.0,4.4236298
32.0,-46.0,14.0,4.2474356
32.0,-44.0,14.0,4.071551
32.0,-42.0,14.0,3.981259
32.0,-40.0,14.0,3.9823394
32.0,-38.0,14.0,3.8993585
32.0,-36.0,14.0,3.8877325
32.0,-34.0,14.0,3.7926574
32.0,-32.0,14.0,3.7106965
32.0,-30.0,14.0,3.546756
32.0,-28.0,14.0,3.539013
32.0,-26.0,14.0,3.7628157
32.0,-24.0,14.0,3.8409846
32.0,-22.0,14.0,3.5292697
32.0,-20.0,14.0,3.337035
32.0,-18.0,14.0,3.3287387
32.0,-16.0,14.0,3.1040745
32.0,-14.0,14.0,3.0618455
32.0,-12.0,14.0,3.1244678
32.0,-10.0,14.0,3.1659384
32.0,-8.0,14.0,3.1416607
32.0,-6.0,14.0,3.2285917
32.0,-4.0,14.0,3.3012779
32.0,-2.0,14.0,3.2584949
32.0,0.0,14.0,3.207954
32.0,2.0,14.0,3.2393162
32.0,4.0,14.0,3.3425028
32.0,6.0,14.0,3.3460705
32.0,8.0,14.0,3.3214016
32.0,10.0,14.0,3.148605
32.0,12.0,14.0,2.9970193
32.0,14.0,14.0,2.9099984
32.0,16.0,14.0,2.9030778
32.0,18.0,14.0,3.0431237
32.0,20.0,14.0,3.1048102
32.0,22.0,14.0,3.1246657
32.0,24.0,14.0,3.097176
32.0,26.0,14.0,2.9738703
32.0,28.0,14.0,2.9944677
32.0,30.0,14.0,3.0220644
32.0,32.0,14.0,2.94287
32.0,34.0,14.0,2.8269842
32.0,36.0,14.0,2.8407185
32.0,38.0,14.0,2.9913056
32.0,40.0,14.0,3.012076
32.0,42.0,14.0,2.7633967
32.0,44.0,14.0,2.6185813
32.0,46.0,14.0,2.6330316
32.0,48.0,14.0,2.6637707
32.0,50.0,14.0,2.9740827
32.0,52.0,14.0,3.0618505
32.0,54.0,14.0,2.938314
32.0,56.0,14.0,2.7864702
32.0,58.0,14.0,2.7739573
32.0,60.0,14.0,2.8774893
32.0,62.0,14.0,2.8444178
32.0,64.0,14.0,2.8918538
32.0,66.0,14.0,3.0164173
32.0,68.0,14.0,3.0839825
32.0,70.0,14.0,2.8214002
32.0,72.0,14.0,2.720422
32.0,74.0,14.0,2.6947794
32.0,76.0,14.0,2.6010163
32.0,78.0,14.0,2.5915048
32.0,80.0,14.0,2.7384758
32.0,82.0,14.0,3.0946736
32.0,84.0,14.0,3.1327815
32.0,86.0,14.0,2.8584561
32.0,88.0,14.0,2.762146
32.0,90.0,14.0,2.7246685
32.0,92.0,14.0,2.6046581
32.0,94.0,14.0,2.7234037
32.0,96.0,14.0,3.0253022
32.0,98.0,14.0,3.0446622
32.0,100.0,14.0,2.75805
32.0,102.0,14.0,2.6517763
32.0,104.0,14.0,2.5665963
32.0,106.0,14.0,2.6560023
32.0,108.0,14.0,2.680832
32.0,110.0,14.0,2.6576493
32.0,112.0,14.0,2.877608
32.0,114.0,14.0,2.9300187
32.0,116.0,14.0,2.8540695
32.0,118.0,14.0,2.7900057
32.0,120.0,14.0,2.7320156
32.0,122.0,14.0,2.621943
32.0,124.0,14.0,2.6058314
32.0,126.0,14.0,2.5752392
32.0,128.0,14.0,2.7082312
32.0,130.0,14.0,2.7453814
32.0,132.0,14.0,2.5216792
32.0,134.0,14.0,2.5678487
32.0,136.0,14.0,2.572113
32.0,138.0,14.0,2.6027124
32.0,140.0,14.0,2.7477803
32.0,142.0,14.0,2.659668
32.0,144.0,14.0,2.5541945
32.0,146.0,14.0,2.6399662
32.0,148.0,14.0,2.7321334
32.0,150.0,14.0,2.8249443
32.0,152.0,14.0,2.7344086
32.0,154.0,14.0,2.7955692
32.0,156.0,14.0,2.9198036
32.0,158.0,14.0,2.9801447
32.0,160.0,14.0,2.9155183
32.0,162.0,14.0,2.9082236
32.0,164.0,14.0,2.911607
32.0,166.0,14.0,2.9668
32.0,168.0,14.0,3.0296593
32.0,170.0,14.0,3.1637988
32.0,172.0,14.0,3.4363592
32.0,174.0,14.0,3.4868002
32.0,176.0,14.0,3.4808285
32.0,178.0,14.0,3.477535
32.0,180.0,14.0,3.396943
34.0,-180.0,14.0,3.4091482
34.0,-178.0,14.0,3.369772
34.0,-176.0,14.0,3.4366362
34.0,-174.0,14.0,3.5496094
34.0,-172.0,14.0,3.496892
34.0,-170.0,14.0,3.4090939
34.0,-168.0,14.0,3.3411543
34.0,-166.0,14.0,3.221037
34.0,-164.0,14.0,3.1595147
34.0,-162.0,14.0,3.2385547
34.0,-160.0,14.0,3.600512
34.0,-158.0,14.0,3.9190285
34.0,-156.0,14.0,4.0455155
34.0,-154.0,14.0,4.1178684
34.0,-152.0,14.0,4.127792
34.0,-150.0,14.0,3.9237602
34.0,-148.0,14.0,3.8125238
34.0,-146.0,14.0,3.8841763
34.0,-144.0,14.0,4.0659275
34.0,-142.0,14.0,4.2773514
34.0,-140.0,14.0,4.364116
34.0,-138.0,14.0,4.3542075
34.0,-136.0,14.0,4.5989356
34.0,-134.0,14.0,4.8765764
34.0,-132.0,14.0,4.911727
34.0,-130.0,14.0,4.733795
34.0,-128.0,14.0,4.852709
34.0,-126.0,14.0,4.8766894
34.0,-124.0,14.0,4.9719977
34.0,-122.0,14.0,5.060768
34.0,-120.0,14.0,5.115219
34.0,-118.0,14.0,5.1768
34.0,-116.0,14.0,5.4122405
34.0,-114.0,14.0,5.6566825
34.0,-112.0,14.0,5.5514426
34.0,-110.0,14.0,5.4612465
34.0,-108.0,14.0,5.671998
34.0,-106.0,14.0,5.7843723
34.0,-104.0,14.0,5.826475
34.0,-102.0,14.0,5.821658
34.0,-100.0,14.0,5.923415
34.0,-98.0,14.0,5.8695536
34.0,-96.0,14.0,5.834909
34.0,-94.0,14.0,5.972938
34.0,-92.0,14.0,5.9817424
34.0,-90.0,14.0,6.099437
34.0,-88.0,14.0,6.1393814
34.0,-86.0,14.0,6.1948004
34.0,-84.0,14.0,6.317491
34.0,-82.0,14.0,6.2704325
34.0,-80.0,14.0,6.170757
34.0,-78.0,14.0,6.260391
34.0,-76.0,14.0,6.4955907
34.0,-74.0,14.0,6.343058
34.0,-72.0,14.0,6.1313186
34.0,-70.0,14.0,5.8523855
34.0,-68.0,14.0,5.6908054
34.0,-66.0,14.0,5.768856
34.0,-64.0,14.0,5.675765
34.0,-62.0,14.0,5.396266
34.0,-60.0,14.0,5.492972
34.0,-58.0,14.0,5.296241
34.0,-56.0,14.0,5.105351
34.0,-54.0,14.0,5.146054
34.0,-52.0,14.0,5.1067924
34.0,-50.0,14.0,4.969858
34.0,-48.0,14.0,4.694905
34.0,-46.0,14.0,4.462559
34.0,-44.0,14.0,4.2702217
34.0,-42.0,14.0,4.2806716
34.0,-40.0,14.0,4.2658424
34.0,-38.0,14.0,4.110668
34.0,-36.0,14.0,3.9638767
34.0,-34.0,14.0,3.846684
34.0,-32.0,14.0,3.8528557
34.0,-30.0,14.0,3.6909373
34.0,-28.0,14.0,3.6475878
34.0,-26.0,14.0,3.8500752
34.0,-24.0,14.0,3.947345
34.0,-22.0,14.0,3.6707044
34.0,-20.0,14.0,3.4278305
34.0,-18.0,14.0,3.4227548
34.0,-16.0,14.0,3.2605724
34.0,-14.0,14.0,3.1252468
34.0,-12.0,14.0,3.216532
34.0,-10.0,14.0,3.2856488
34.0,-8.0,14.0,3.2912102
34.0,-6.0,14.0,3.3115344
34.0,-4.0,14.0,3.3733664
34.0,-2.0,14.0,3.3699615
34.0,0.0,14.0,3.2653906
34.0,2.0,14.0,3.3032908
34.0,4.0,14.0,3.4326396
34.0,6.0,14.0,3.5572658
34.0,8.0,14.0,3.4918163
34.0,10.0,14.0,3.2724912
34.0,12.0,14.0,3.1426706
34.0,14.0,14.0,3.1301987
34.0,16.0,14.0,3.0477936
34.0,18.0,14.0,3.160671
34.0,20.0,14.0,3.283511
34.0,22.0,14.0,3.3609676
34.0,24.0,14.0,3.2670062
34.0,26.0,14.0,3.123147
34.0,28.0,14.0,3.131414
34.0,30.0,14.0,3.210581
34.0,32.0,14.0,3.1168187
34.0,34.0,14.0,3.023055
34.0,36.0,14.0,3.034751
34.0,38.0,14.0,3.1173165
34.0,40.0,14.0,3.130033
34.0,42.0,14.0,2.879518
34.0,44.0,14.0,2.797264
34.0,46.0,14.0,2.8065667
34.0,48.0,14.0,2.8233333
34.0,50.0,14.0,3.045329
34.0,52.0,14.0,3.1718404
34.0,54.0,14.0,3.0852768
34.0,56.0,14.0,2.876972
34.0,58.0,14.0,2.8426595
34.0,60.0,14.0,2.9400868
34.0,62.0,14.0,3.0222325
34.0,64.0,14.0,2.9914246
34.0,66.0,14.0,3.0761662
34.0,68.0,14.0,3.1369472
34.0,70.0,14.0,2.8860984
34.0,72.0,14.0,2.732664
34.0,74.0,14.0,2.712382
34.0,76.0,14.0,2.7276576
34.0,78.0,14.0,2.7810123
34.0,80.0,14.0,2.860337
34.0,82.0,14.0,3.2194693
34.0,84.0,14.0,3.2727308
34.0,86.0,14.0,2.979765
34.0,88.0,14.0,2.835262
34.0,90.0,14.0,2.864007
34.0,92.0,14.0,2.804416
34.0,94.0,14.0,2.8587236
34.0,96.0,14.0,3.1144226
34.0,98.0,14.0,3.191504
34.0,100.0,14.0,2.88575
34.0,102.0,14.0,2.7801366
34.0,104.0,14.0,2.739061
34.0,106.0,14.0,2.830634
34.0,108.0,14.0,2.839367
34.0,110.0,14.0,2.8437085
34.0,112.0,14.0,3.079762
34.0,114.0,14.0,3.0967653
34.0,116.0,14.0,2.9222758
34.0,118.0,14.0,2.8697088
34.0,120.0,14.0,2.8266594
34.0,122.0,14.0,2.7823675
34.0,124.0,14.0,2.7661889
34.0,126.0,14.0,2.6940093
34.0,128.0,14.0,2.7762616
34.0,130.0,14.0,2.8106692
34.0,132.0,14.0,2.5819876
34.0,134.0,14.0,2.5772126
34.0,136.0,14.0,2.5910048
34.0,138.0,14.0,2.6238778
34.0,140.0,14.0,2.7864356
34.0,142.0,14.0,2.750313
34.0,144.0,14.0,2.755043
34.0,146.0,14.0,2.7176878
34.0,148.0,14.0,2.8173776
34.0,150.0,14.0,2.8911352
34.0,152.0,14.0,2.7549922
34.0,154.0,14.0,2.8718255
34.0,156.0,14.0,3.0405111
34.0,158.0,14.0,3.1152198
34.0,160.0,14.0,3.0139902
34.0,162.0,14.0,2.9873257
34.0,164.0,14.0,2.962239
34.0,166.0,14.0,3.0209415
34.0,168.0,14.0,3.0620863
34.0,170.0,14.0,3.2029378
34.0,172.0,14.0,3.5297427
34.0,174.0,14.0,3.4995825
34.0,176.0,14.0,3.5039465
34.0,178.0,14.0,3.4744992
34.0,180.0,14.0,3.4091482
36.0,-180.0,14.0,3.7125015
36.0,-178.0,14.0,3.699176
36.0,-176.0,14.0,3.6814368
36.0,-174.0,14.0,3.7954154
36.0,-172.0,14.0,3.7833822
36.0,-170.0,14.0,3.7869022
36.0,-168.0,14.0,3.7564936
36.0,-166.0,14.0,3.663535
36.0,-164.0,14.0,3.703313
36.0,-162.0,14.0,3.860054
36.0,-160.0,14.0,4.2186007
36.0,-158.0,14.0,4.5081315
36.0,-156.0,14.0,4.5972333
36.0,-154.0,14.0,4.664958
36.0,-152.0,14.0,4.7045875
36.0,-150.0,14.0,4.4342723
36.0,-148.0,14.0,4.2894225
36.0,-146.0,14.0,4.395085
36.0,-144.0,14.0,4.6635594
36.0,-142.0,14.0,4.772956
36.0,-140.0,14.0,4.997361
36.0,-138.0,14.0,5.105695
36.0,-136.0,14.0,5.2951894
36.0,-134.0,14.0,5.372946
36.0,-132.0,14.0,5.396216
36.0,-130.0,14.0,5.335526
36.0,-128.0,14.0,5.4160924
36.0,-126.0,14.0,5.530415
36.0,-124.0,14.0,5.4890633
36.0,-122.0,14.0,5.377776
36.0,-120.0,14.0,5.5233693
36.0,-118.0,14.0,5.7188993
36.0,-116.0,14.0,6.0968137
36.0,-114.0,14.0,6.2671967
36.0,-112.0,14.0,6.2921515
36.0,-110.0,14.0,6.0155525
36.0,-108.0,14.0,6.169018
36.0,-106.0,14.0,6.3097043
36.0,-104.0,14.0,6.311303
36.0,-102.0,14.0,6.3179417
36.0,-100.0,14.0,6.4709926
36.0,-98.0,14.0,6.2700124
36.0,-96.0,14.0,6.3095794
36.0,-94.0,14.0,6.5128136
36.0,-92.0,14.0,6.4870977
36.0,-90.0,14.0,6.7323604
36.0,-88.0,14.0,6.8618712
36.0,-86.0,14.0,7.0502696
36.0,-84.0,14.0,6.9858313
36.0,-82.0,14.0,6.913439
36.0,-80.0,14.0,6.866248
36.0,-78.0,14.0,6.934144
36.0,-76.0,14.0,7.151848
36.0,-74.0,14.0,7.0574813
36.0,-72.0,14.0,7.025942
36.0,-70.0,14.0,6.6798005
36.0,-68.0,14.0,6.3816614
36.0,-66.0,14.0,6.2813444
36.0,-64.0,14.0,6.111751
36.0,-62.0,14.0,5.824272
36.0,-60.0,14.0,5.85884
36.0,-58.0,14.0,5.7998223
36.0,-56.0,14.0,5.6542897
36.0,-54.0,14.0,5.7321587
36.0,-52.0,14.0,5.6185627
36.0,-50.0,14.0,5.413008
36.0,-48.0,14.0,5.1274743
36.0,-46.0,14.0,4.8908997
36.0,-44.0,14.0,4.8532186
36.0,-42.0,14.0,4.7347565
36.0,-40.0,14.0,4.7637777
36.0,-38.0,14.0,4.577924
36.0,-36.0,14.0,4.4395285
36.0,-34.0,14.0,4.3254166
36.0,-32.0,14.0,4.2114096
36.0,-30.0,14.0,4.1009717
36.0,-28.0,14.0,4.203579
36.0,-26.0,14.0,4.388381
36.0,-24.0,14.0,4.506667
36.0,-22.0,14.0,4.18427
36.0,-20.0,14.0,3.7666268
36.0,-18.0,14.0,3.695138
36.0,-16.0,14.0,3.5501914
36.0,-14.0,14.0,3.4073322
36.0,-12.0,14.0,3.481172
36.0,-10.0,14.0,3.5687299
36.0,-8.0,14.0,3.638294
36.0,-6.0,14.0,3.657623
36.0,-4.0,14.0,3.6127324
36.0,-2.0,14.0,3.5997164
36.0,0.0,14.0,3.5839837
36.0,2.0,14.0,3.7361004
36.0,4.0,14.0,3.8468611
36.0,6.0,14.0,3.8908563
36.0,8.0,14.0,3.887202
36.0,10.0,14.0,3.6277006
36.0,12.0,14.0,3.4766085
36.0,14.0,14.0,3.4838228
36.0,16.0,14.0,3.4420629
36.0,18.0,14.0,3.5240312
36.0,20.0,14.0,3.6143098
36.0,22.0,14.0,3.860091
36.0,24.0,14.0,3.880997
36.0,26.0,14.0,3.6769545
36.0,28.0,14.0,3.6342075
36.0,30.0,14.0,3.6697257
36.0,32.0,14.0,3.594626
36.0,34.0,14.0,3.410264
36.0,36.0,14.0,3.369825
36.0,38.0,14.0,3.481321
36.0,40.0,14.0,3.5825012
36.0,42.0,14.0,3.3467743
36.0,44.0,14.0,3.234772
36.0,46.0,14.0,3.2198067
36.0,48.0,14.0,3.2589443
36.0,50.0,14.0,3.5163114
36.0,52.0,14.0,3.6415799
36.0,54.0,14.0,3.432202
36.0,56.0,14.0,3.215862
36.0,58.0,14.0,3.2382236
36.0,60.0,14.0,3.4587476
36.0,62.0,14.0,3.5372608
36.0,64.0,14.0,3.5722294
36.0,66.0,14.0,3.660401
36.0,68.0,14.0,3.6102335
36.0,70.0,14.0,3.417364
36.0,72.0,14.0,3.1352844
36.0,74.0,14.0,3.1011376
36.0,76.0,14.0,3.1615822
36.0,78.0,14.0,3.2536738
36.0,80.0,14.0,3.302109
36.0,82.0,14.0,3.6095402
36.0,84.0,14.0,3.6772187
36.0,86.0,14.0,3.4157836
36.0,88.0,14.0,3.277295
36.0,90.0,14.0,3.353665
36.0,92.0,14.0,3.300017
36.0,94.0,14.0,3.3987193
36.0,96.0,14.0,3.6626844
36.0,98.0,14.0,3.698751
36.0,100.0,14.0,3.3153841
36.0,102.0,14.0,3.1407013
36.0,104.0,14.0,3.171433
36.0,106.0,14.0,3.24936
36.0,108.0,14.0,3.2351656
36.0,110.0,14.0,3.2346632
36.0,112.0,14.0,3.4970808
36.0,114.0,14.0,3.5695503
36.0,116.0,14.0,3.3279808
36.0,118.0,14.0,3.2044926
36.0,120.0,14.0,3.2437847
36.0,122.0,14.0,3.2693882
36.0,124.0,14.0,3.253741
36.0,126.0,14.0,3.143386
36.0,128.0,14.0,3.2633874
36.0,130.0,14.0,3.2303932
36.0,132.0,14.0,2.9139485
36.0,134.0,14.0,2.9023411
36.0,136.0,14.0,2.8793683
36.0,138.0,14.0,2.950832
36.0,140.0,14.0,3.1798658
36.0,142.0,14.0,3.0715673
36.0,144.0,14.0,3.1531646
36.0,146.0,14.0,3.1351607
36.0,148.0,14.0,3.303472
36.0,150.0,14.0,3.3062341
36.0,152.0,14.0,3.0453403
36.0,154.0,14.0,3.21295
36.0,156.0,14.0,3.457387
36.0,158.0,14.0,3.413058
36.0,160.0,14.0,3.3047156
36.0,162.0,14.0,3.2624261
36.0,164.0,14.0,3.2179077
36.0,166.0,14.0,3.2142057
36.0,168.0,14.0,3.4581878
36.0,170.0,14.0,3.5170069
36.0,172.0,14.0,3.91972
36.0,174.0,14.0,3.994047
36.0,176.0,14.0,3.992339
36.0,178.0,14.0,3.8231573
36.0,180.0,14.0,3.7125015
38.0,-180.0,14.0,4.1822805
38.0,-178.0,14.0,4.1825953
38.0,-176.0,14.0,4.2540817
38.0,-174.0,14.0,4.488148
38.0,-172.0,14.0,4.435352
38.0,-170.0,14.0,4.436332
38.0,-168.0,14.0,4.2839866
38.0,-166.0,14.0,4.104476
38.0,-164.0,14.0,4.357696
38.0,-162.0,14.0,4.5761313
38.0,-160.0,14.0,4.98741
38.0,-158.0,14.0,5.289631
38.0,-156.0,14.0,5.4142203
38.0,-154.0,14.0,5.5164514
38.0,-152.0,14.0,5.5830617
38.0,-150.0,14.0,5.227035
38.0,-148.0,14.0,4.949925
38.0,-146.0,14.0,4.9843717
38.0,-144.0,14.0,5.266946
38.0,-142.0,14.0,5.359426
38.0,-140.0,14.0,5.597848
38.0,-138.0,14.0,5.759959
38.0,-136.0,14.0,5.869197
38.0,-134.0,14.0,5.843684
38.0,-132.0,14.0,5.856156
38.0,-130.0,14.0,5.835869
38.0,-128.0,14.0,5.967418
38.0,-126.0,14.0,6.0105643
38.0,-124.0,14.0,5.864647
38.0,-122.0,14.0,5.8550334
38.0,-120.0,14.0,6.0802307
38.0,-118.0,14.0,6.2750454
38.0,-116.0,14.0,6.735219
38.0,-114.0,14.0,6.89823
38.0,-112.0,14.0,6.9250484
38.0,-110.0,14.0,6.614851
38.0,-108.0,14.0,6.749867
38.0,-106.0,14.0,6.83825
38.0,-104.0,14.0,6.728625
38.0,-102.0,14.0,6.776231
38.0,-100.0,14.0,7.124274
38.0,-98.0,14.0,6.8575807
38.0,-96.0,14.0,6.7597156
38.0,-94.0,14.0,6.8089767
38.0,-92.0,14.0,6.911002
38.0,-90.0,14.0,7.342187
38.0,-88.0,14.0,7.372989
38.0,-86.0,14.0,7.694519
38.0,-84.0,14.0,7.8255463
38.0,-82.0,14.0,7.6907315
38.0,-80.0,14.0,7.439036
38.0,-78.0,14.0,7.5067983
38.0,-76.0,14.0,7.64301
38.0,-74.0,14.0,7.3989954
38.0,-72.0,14.0,7.3789535
38.0,-70.0,14.0,7.1812525
38.0,-68.0,14.0,7.0474095
38.0,-66.0,14.0,6.922666
38.0,-64.0,14.0,6.5083222
38.0,-62.0,14.0,6.292026
38.0,-60.0,14.0,6.317154
38.0,-58.0,14.0,6.354071
38.0,-56.0,14.0,6.3420386
38.0,-54.0,14.0,6.426852
38.0,-52.0,14.0,6.220824
38.0,-50.0,14.0,5.942838
38.0,-48.0,14.0,5.5383096
38.0,-46.0,14.0,5.4181147
38.0,-44.0,14.0,5.4323134
38.0,-42.0,14.0,5.4216633
38.0,-40.0,14.0,5.319653
38.0,-38.0,14.0,5.1513114
38.0,-36.0,14.0,5.011165
38.0,-34.0,14.0,4.882944
38.0,-32.0,14.0,4.839927
38.0,-30.0,14.0,4.851618
38.0,-28.0,14.0,5.023153
38.0,-26.0,14.0,5.2560654
38.0,-24.0,14.0,5.33666
38.0,-22.0,14.0,4.9917545
38.0,-20.0,14.0,4.4401183
38.0,-18.0,14.0,4.2614346
38.0,-16.0,14.0,4.1576514
38.0,-14.0,14.0,4.065208
38.0,-12.0,14.0,4.013601
38.0,-10.0,14.0,4.1477265
38.0,-8.0,14.0,4.432726
38.0,-6.0,14.0,4.4605994
38.0,-4.0,14.0,4.2188506
38.0,-2.0,14.0,4.1263914
38.0,0.0,14.0,4.1118727
38.0,2.0,14.0,4.2212915
38.0,4.0,14.0,4.385021
38.0,6.0,14.0,4.4573593
38.0,8.0,14.0,4.5042734
38.0,10.0,14.0,4.1868525
38.0,12.0,14.0,3.9994636
38.0,14.0,14.0,4.016999
38.0,16.0,14.0,3.9872155
38.0,18.0,14.0,4.0917306
38.0,20.0,14.0,4.2355447
38.0,22.0,14.0,4.3786054
38.0,24.0,14.0,4.3961754
38.0,26.0,14.0,4.2347355
38.0,28.0,14.0,4.2710314
38.0,30.0,14.0,4.2620034
38.0,32.0,14.0,4.0814857
38.0,34.0,14.0,3.8581173
38.0,36.0,14.0,3.8076117
38.0,38.0,14.0,4.0239596
38.0,40.0,14.0,4.224687
38.0,42.0,14.0,3.9570599
38.0,44.0,14.0,3.6706812
38.0,46.0,14.0,3.6637084
38.0,48.0,14.0,3.7684722
38.0,50.0,14.0,4.1729345
38.0,52.0,14.0,4.260499
38.0,54.0,14.0,3.9063048
38.0,56.0,14.0,3.661534
38.0,58.0,14.0,3.7540681
38.0,60.0,14.0,4.0395517
38.0,62.0,14.0,4.189274
38.0,64.0,14.0,4.183188
38.0,66.0,14.0,4.236602
38.0,68.0,14.0,4.237524
38.0,70.0,14.0,3.9215295
38.0,72.0,14.0,3.6306374
38.0,74.0,14.0,3.5627594
38.0,76.0,14.0,3.6269915
38.0,78.0,14.0,3.65824
38.0,80.0,14.0,3.8248901
38.0,82.0,14.0,4.192916
38.0,84.0,14.0,4.1876044
38.0,86.0,14.0,3.8375654
38.0,88.0,14.0,3.763826
38.0,90.0,14.0,3.8113647
38.0,92.0,14.0,3.8053083
38.0,94.0,14.0,3.903105
38.0,96.0,14.0,4.251511
38.0,98.0,14.0,4.23093
38.0,100.0,14.0,3.7436032
38.0,102.0,14.0,3.5587566
38.0,104.0,14.0,3.521797
38.0,106.0,14.0,3.5368373
38.0,108.0,14.0,3.5272892
38.0,110.0,14.0,3.616707
38.0,112.0,14.0,3.9003701
38.0,114.0,14.0,3.9364161
38.0,116.0,14.0,3.717311
38.0,118.0,14.0,3.6305351
38.0,120.0,14.0,3.6542854
38.0,122.0,14.0,3.5187633
38.0,124.0,14.0,3.6224627
38.0,126.0,14.0,3.5800297
38.0,128.0,14.0,3.7297397
38.0,130.0,14.0,3.594116
38.0,132.0,14.0,3.2301152
38.0,134.0,14.0,3.1735432
38.0,136.0,14.0,3.1934214
38.0,138.0,14.0,3.397302
38.0,140.0,14.0,3.5430932
38.0,142.0,14.0,3.492226
38.0,144.0,14.0,3.474052
38.0,146.0,14.0,3.5514705
38.0,148.0,14.0,3.6209662
38.0,150.0,14.0,3.6423545
38.0,152.0,14.0,3.4538405
38.0,154.0,14.0,3.5472918
38.0,156.0,14.0,3.7844129
38.0,158.0,14.0,3.7765267
38.0,160.0,14.0,3.5903096
38.0,162.0,14.0,3.54113
38.0,164.0,14.0,3.4490678
38.0,166.0,14.0,3.4191816
38.0,168.0,14.0,3.6790998
38.0,170.0,14.0,3.8317616
38.0,172.0,14.0,4.469234
38.0,174.0,14.0,4.6397
38.0,176.0,14.0,4.7331033
38.0,178.0,14.0,4.4906497
38.0,180.0,14.0,4.1822805
40.0,-180.0,14.0,4.09802
40.0,-178.0,14.0,4.1451035
40.0,-176.0,14.0,4.1628375
40.0,-174.0,14.0,4.3115344
40.0,-172.0,14.0,4.3275943
40.0,-170.0,14.0,4.407961
40.0,-168.0,14.0,4.1627674
40.0,-166.0,14.0,3.9881058
40.0,-164.0,14.0,4.295193
40.0,-162.0,14.0,4.440114
40.0,-160.0,14.0,4.774728
40.0,-158.0,14.0,5.1937404
40.0,-156.0,14.0,5.4191456
40.0,-154.0,14.0,5.4911246
40.0,-152.0,14.0,5.3329663
40.0,-150.0,14.0,5.08913
40.0,-148.0,14.0,4.832464
40.0,-146.0,14.0,4.7793984
40.0,-144.0,14.0,4.987932
40.0,-142.0,14.0,5.198208
40.0,-140.0,14.0,5.3900604
40.0,-138.0,14.0,5.5173817
40.0,-136.0,14.0,5.5411487
40.0,-134.0,14.0,5.5817537
40.0,-132.0,14.0,5.499019
40.0,-130.0,14.0,5.7124324
40.0,-128.0,14.0,5.880081
40.0,-126.0,14.0,5.8998156
40.0,-124.0,14.0,5.701667
40.0,-122.0,14.0,5.9730635
40.0,-120.0,14.0,6.189344
40.0,-118.0,14.0,6.3017483
40.0,-116.0,14.0,6.6228256
40.0,-114.0,14.0,7.03338
40.0,-112.0,14.0,6.932912
40.0,-110.0,14.0,6.595917
40.0,-108.0,14.0,6.6040726
40.0,-106.0,14.0,6.8552504
40.0,-104.0,14.0,6.5604444
40.0,-102.0,14.0,6.3942337
40.0,-100.0,14.0,6.8929353
40.0,-98.0,14.0,6.9559193
40.0,-96.0,14.0,6.6386995
40.0,-94.0,14.0,6.506279
40.0,-92.0,14.0,6.6978874
40.0,-90.0,14.0,7.062973
40.0,-88.0,14.0,7.055157
40.0,-86.0,14.0,7.422036
40.0,-84.0,14.0,7.7240396
40.0,-82.0,14.0,7.512426
40.0,-80.0,14.0,7.08092
40.0,-78.0,14.0,7.1280684
40.0,-76.0,14.0,7.318263
40.0,-74.0,14.0,6.833463
40.0,-72.0,14.0,6.7775106
40.0,-70.0,14.0,6.911354
40.0,-68.0,14.0,6.9319053
40.0,-66.0,14.0,6.8484783
40.0,-64.0,14.0,6.482696
40.0,-62.0,14.0,6.4956484
40.0,-60.0,14.0,6.5605454
40.0,-58.0,14.0,6.370247
40.0,-56.0,14.0,6.187056
40.0,-54.0,14.0,6.4684687
40.0,-52.0,14.0,6.3004684
40.0,-50.0,14.0,5.998489
40.0,-48.0,14.0,5.586776
40.0,-46.0,14.0,5.419176
40.0,-44.0,14.0,5.41594
40.0,-42.0,14.0,5.4296036
40.0,-40.0,14.0,5.4040127
40.0,-38.0,14.0,5.1496334
40.0,-36.0,14.0,4.9805655
40.0,-34.0,14.0,4.9598913
40.0,-32.0,14.0,5.030466
40.0,-30.0,14.0,5.0155506
40.0,-28.0,14.0,5.118735
40.0,-26.0,14.0,5.3310394
40.0,-24.0,14.0,5.458668
40.0,-22.0,14.0,5.0990973
40.0,-20.0,14.0,4.7061467
40.0,-18.0,14.0,4.4605446
40.0,-16.0,14.0,4.304279
40.0,-14.0,14.0,4.246397
40.0,-12.0,14.0,4.283063
40.0,-10.0,14.0,4.420305
40.0,-8.0,14.0,4.6738005
40.0,-6.0,14.0,4.6905723
40.0,-4.0,14.0,4.44341
40.0,-2.0,14.0,4.3349786
40.0,0.0,14.0,4.3300176
40.0,2.0,14.0,4.514184
40.0,4.0,14.0,4.598147
40.0,6.0,14.0,4.668212
40.0,8.0,14.0,4.633134
40.0,10.0,14.0,4.250204
40.0,12.0,14.0,4.0594153
40.0,14.0,14.0,4.091857
40.0,16.0,14.0,4.058005
40.0,18.0,14.0,4.065461
40.0,20.0,14.0,4.247493
40.0,22.0,14.0,4.3915668
40.0,24.0,14.0,4.4401135
40.0,26.0,14.0,4.367405
40.0,28.0,14.0,4.33776
40.0,30.0,14.0,4.2666774
40.0,32.0,14.0,4.04802
40.0,34.0,14.0,3.9076788
40.0,36.0,14.0,3.9499347
40.0,38.0,14.0,4.078329
40.0,40.0,14.0,4.253775
40.0,42.0,14.0,4.072584
40.0,44.0,14.0,3.618687
40.0,46.0,14.0,3.504191
40.0,48.0,14.0,3.7640862
40.0,50.0,14.0,4.190989
40.0,52.0,14.0,4.2189803
40.0,54.0,14.0,3.8466344
40.0,56.0,14.0,3.6582923
40.0,58.0,14.0,3.7363098
40.0,60.0,14.0,4.104048
40.0,62.0,14.0,4.218161
40.0,64.0,14.0,4.2059093
40.0,66.0,14.0,4.331722
40.0,68.0,14.0,4.3830223
40.0,70.0,14.0,4.0081434
40.0,72.0,14.0,3.695776
40.0,74.0,14.0,3.6519134
40.0,76.0,14.0,3.669012
40.0,78.0,14.0,3.6941216
40.0,80.0,14.0,3.8729908
40.0,82.0,14.0,4.3176003
40.0,84.0,14.0,4.2864885
40.0,86.0,14.0,3.8044267
40.0,88.0,14.0,3.745926
40.0,90.0,14.0,3.820672
40.0,92.0,14.0,3.8055415
40.0,94.0,14.0,3.9477224
40.0,96.0,14.0,4.3163414
40.0,98.0,14.0,4.316792
40.0,100.0,14.0,3.7772489
40.0,102.0,14.0,3.5803697
40.0,104.0,14.0,3.5389094
40.0,106.0,14.0,3.4976933
40.0,108.0,14.0,3.5538557
40.0,110.0,14.0,3.6863985
40.0,112.0,14.0,3.896444
40.0,114.0,14.0,3.8835607
40.0,116.0,14.0,3.6887846
40.0,118.0,14.0,3.586892
40.0,120.0,14.0,3.5772107
40.0,122.0,14.0,3.6143456
40.0,124.0,14.0,3.7016146
40.0,126.0,14.0,3.642715
40.0,128.0,14.0,3.6683311
40.0,130.0,14.0,3.4787939
40.0,132.0,14.0,3.1968074
40.0,134.0,14.0,3.1065524
40.0,136.0,14.0,3.1632497
40.0,138.0,14.0,3.2748413
40.0,140.0,14.0,3.459704
40.0,142.0,14.0,3.4723976
40.0,144.0,14.0,3.5026493
40.0,146.0,14.0,3.5279064
40.0,148.0,14.0,3.422264
40.0,150.0,14.0,3.5028386
40.0,152.0,14.0,3.4014297
40.0,154.0,14.0,3.525909
40.0,156.0,14.0,3.608616
40.0,158.0,14.0,3.678637
40.0,160.0,14.0,3.6380303
40.0,162.0,14.0,3.515588
40.0,164.0,14.0,3.38164
40.0,166.0,14.0,3.4006562
40.0,168.0,14.0,3.6784368
40.0,170.0,14.0,3.8236191
40.0,172.0,14.0,4.3154535
40.0,174.0,14.0,4.5523615
40.0,176.0,14.0,4.58347
40.0,178.0,14.0,4.2995396
40.0,180.0,14.0,4.09802
42.0,-180.0,14.0,3.8826413
42.0,-178.0,14.0,3.9659743
42.0,-176.0,14.0,3.9994702
42.0,-174.0,14.0,4.1256657
42.0,-172.0,14.0,4.2330556
42.0,-170.0,14.0,4.301883
42.0,-168.0,14.0,4.0810895
42.0,-166.0,14.0,3.8909569
42.0,-164.0,14.0,4.142063
42.0,-162.0,14.0,4.278265
42.0,-160.0,14.0,4.6113634
42.0,-158.0,14.0,4.9025803
42.0,-156.0,14.0,5.2246437
42.0,-154.0,14.0,5.2364707
42.0,-152.0,14.0,4.953641
42.0,-150.0,14.0,4.7837934
42.0,-148.0,14.0,4.665131
42.0,-146.0,14.0,4.5671134
42.0,-144.0,14.0,4.659542
42.0,-142.0,14.0,4.865936
42.0,-140.0,14.0,5.098381
42.0,-138.0,14.0,5.2413926
42.0,-136.0,14.0,5.2541924
42.0,-134.0,14.0,5.1337347
42.0,-132.0,14.0,5.1696005
42.0,-130.0,14.0,5.3925757
42.0,-128.0,14.0,5.453446
42.0,-126.0,14.0,5.574386
42.0,-124.0,14.0,5.550552
42.0,-122.0,14.0,5.674861
42.0,-120.0,14.0,5.840021
42.0,-118.0,14.0,6.1110377
42.0,-116.0,14.0,6.317399
42.0,-114.0,14.0,6.533308
42.0,-112.0,14.0,6.4371367
42.0,-110.0,14.0,6.1433024
42.0,-108.0,14.0,6.1708083
42.0,-106.0,14.0,6.2556734
42.0,-104.0,14.0,6.1133623
42.0,-102.0,14.0,5.9757442
42.0,-100.0,14.0,6.277431
42.0,-98.0,14.0,6.384143
42.0,-96.0,14.0,6.36226
42.0,-94.0,14.0,6.199897
42.0,-92.0,14.0,6.315772
42.0,-90.0,14.0,6.3942933
42.0,-88.0,14.0,6.491377
42.0,-86.0,14.0,6.735608
42.0,-84.0,14.0,6.976632
42.0,-82.0,14.0,6.824771
42.0,-80.0,14.0,6.4682684
42.0,-78.0,14.0,6.487829
42.0,-76.0,14.0,6.5551558
42.0,-74.0,14.0,6.25808
42.0,-72.0,14.0,6.298964
42.0,-70.0,14.0,6.3989873
42.0,-68.0,14.0,6.496177
42.0,-66.0,14.0,6.486342
42.0,-64.0,14.0,6.242104
42.0,-62.0,14.0,6.122723
42.0,-60.0,14.0,6.1978426
42.0,-58.0,14.0,5.880223
42.0,-56.0,14.0,5.6040106
42.0,-54.0,14.0,5.795407
42.0,-52.0,14.0,5.7871733
42.0,-50.0,14.0,5.6368
42.0,-48.0,14.0,5.343088
42.0,-46.0,14.0,5.1514907
42.0,-44.0,14.0,5.167814
42.0,-42.0,14.0,5.15281
42.0,-40.0,14.0,5.1792555
42.0,-38.0,14.0,5.0200477
42.0,-36.0,14.0,4.8138404
42.0,-34.0,14.0,4.7674365
42.0,-32.0,14.0,4.7552533
42.0,-30.0,14.0,4.882667
42.0,-28.0,14.0,5.059494
42.0,-26.0,14.0,5.312535
42.0,-24.0,14.0,5.4393206
42.0,-22.0,14.0,5.0867124
42.0,-20.0,14.0,4.6291203
42.0,-18.0,14.0,4.3944426
42.0,-16.0,14.0,4.242972
42.0,-14.0,14.0,4.3376913
42.0,-12.0,14.0,4.370817
42.0,-10.0,14.0,4.4442883
42.0,-8.0,14.0,4.6853237
42.0,-6.0,14.0,4.7026205
42.0,-4.0,14.0,4.334929
42.0,-2.0,14.0,4.3211417
42.0,0.0,14.0,4.4078665
42.0,2.0,14.0,4.502383
42.0,4.0,14.0,4.6291776
42.0,6.0,14.0,4.7097955
42.0,8.0,14.0,4.6171246
42.0,10.0,14.0,4.26159
42.0,12.0,14.0,4.07524
42.0,14.0,14.0,4.122307
42.0,16.0,14.0,4.0528636
42.0,18.0,14.0,4.1183434
42.0,20.0,14.0,4.2675385
42.0,22.0,14.0,4.4443674
42.0,24.0,14.0,4.4621143
42.0,26.0,14.0,4.378955
42.0,28.0,14.0,4.387447
42.0,30.0,14.0,4.21456
42.0,32.0,14.0,3.9582345
42.0,34.0,14.0,3.8484461
42.0,36.0,14.0,4.0256166
42.0,38.0,14.0,4.145346
42.0,40.0,14.0,4.29656
42.0,42.0,14.0,4.117803
42.0,44.0,14.0,3.6972551
42.0,46.0,14.0,3.5534873
42.0,48.0,14.0,3.7323349
42.0,50.0,14.0,4.0993857
42.0,52.0,14.0,4.1672235
42.0,54.0,14.0,3.7824998
42.0,56.0,14.0,3.5911176
42.0,58.0,14.0,3.7257757
42.0,60.0,14.0,4.0617847
42.0,62.0,14.0,4.219937
42.0,64.0,14.0,4.1853004
42.0,66.0,14.0,4.3939347
42.0,68.0,14.0,4.449366
42.0,70.0,14.0,4.026385
42.0,72.0,14.0,3.6885679
42.0,74.0,14.0,3.6799116
42.0,76.0,14.0,3.7342544
42.0,78.0,14.0,3.6912937
42.0,80.0,14.0,3.8694103
42.0,82.0,14.0,4.3479247
42.0,84.0,14.0,4.339908
42.0,86.0,14.0,3.8354354
42.0,88.0,14.0,3.7100356
42.0,90.0,14.0,3.7626376
42.0,92.0,14.0,3.7507026
42.0,94.0,14.0,3.9119098
42.0,96.0,14.0,4.373924
42.0,98.0,14.0,4.390229
42.0,100.0,14.0,3.8443332
42.0,102.0,14.0,3.6375406
42.0,104.0,14.0,3.5678825
42.0,106.0,14.0,3.5604184
42.0,108.0,14.0,3.5795863
42.0,110.0,14.0,3.7869663
42.0,112.0,14.0,4.1484275
42.0,114.0,14.0,4.000407
42.0,116.0,14.0,3.6998491
42.0,118.0,14.0,3.5510535
42.0,120.0,14.0,3.517476
42.0,122.0,14.0,3.5477977
42.0,124.0,14.0,3.6010787
42.0,126.0,14.0,3.645569
42.0,128.0,14.0,3.725634
42.0,130.0,14.0,3.5060709
42.0,132.0,14.0,3.2464721
42.0,134.0,14.0,3.0914192
42.0,136.0,14.0,3.1173036
42.0,138.0,14.0,3.2557492
42.0,140.0,14.0,3.3604372
42.0,142.0,14.0,3.3997278
42.0,144.0,14.0,3.5188715
42.0,146.0,14.0,3.5789986
42.0,148.0,14.0,3.4982178
42.0,150.0,14.0,3.47776
42.0,152.0,14.0,3.4444876
42.0,154.0,14.0,3.553772
42.0,156.0,14.0,3.6960924
42.0,158.0,14.0,3.6836898
42.0,160.0,14.0,3.6863954
42.0,162.0,14.0,3.5719748
42.0,164.0,14.0,3.468451
42.0,166.0,14.0,3.5280328
42.0,168.0,14.0,3.6491692
42.0,170.0,14.0,3.8080266
42.0,172.0,14.0,4.2376337
42.0,174.0,14.0,4.501975
42.0,176.0,14.0,4.435899
42.0,178.0,14.0,4.1249948
42.0,180.0,14.0,3.8826413
44.0,-180.0,14.0,4.552079
44.0,-178.0,14.0,4.5082016
44.0,-176.0,14.0,4.6021886
44.0,-174.0,14.0,4.879076
44.0,-172.0,14.0,4.8959966
44.0,-170.0,14.0,4.827463
44.0,-168.0,14.0,4.6648464
44.0,-166.0,14.0,4.492385
44.0,-164.0,14.0,4.635313
44.0,-162.0,14.0,4.6909814
44.0,-160.0,14.0,4.9938335
44.0,-158.0,14.0,5.3089395
44.0,-156.0,14.0,5.5438013
44.0,-154.0,14.0,5.6326857
44.0,-152.0,14.0,5.405148
44.0,-150.0,14.0,5.3322177
44.0,-148.0,14.0,5.135382
44.0,-146.0,14.0,5.024875
44.0,-144.0,14.0,5.1672826
44.0,-142.0,14.0,5.4493537
44.0,-140.0,14.0,5.7272463
44.0,-138.0,14.0,5.8608613
44.0,-136.0,14.0,5.7447567
44.0,-134.0,14.0,5.6532454
44.0,-132.0,14.0,5.715225
44.0,-130.0,14.0,6.004195
44.0,-128.0,14.0,6.111929
44.0,-126.0,14.0,5.937478
44.0,-124.0,14.0,5.6110253
44.0,-122.0,14.0,5.88843
44.0,-120.0,14.0,6.3175197
44.0,-118.0,14.0,6.62534
44.0,-116.0,14.0,6.693145
44.0,-114.0,14.0,6.955087
44.0,-112.0,14.0,6.950142
44.0,-110.0,14.0,6.558357
44.0,-108.0,14.0,6.4882393
44.0,-106.0,14.0,6.645845
44.0,-104.0,14.0,6.607558
44.0,-102.0,14.0,6.4424934
44.0,-100.0,14.0,6.7319503
44.0,-98.0,14.0,6.9154434
44.0,-96.0,14.0,7.0009875
44.0,-94.0,14.0,6.699462
44.0,-92.0,14.0,6.6471586
44.0,-90.0,14.0,6.811411
44.0,-88.0,14.0,7.0335236
44.0,-86.0,14.0,7.1717196
44.0,-84.0,14.0,7.4239917
44.0,-82.0,14.0,7.293593
44.0,-80.0,14.0,6.811849
44.0,-78.0,14.0,6.776189
44.0,-76.0,14.0,6.825732
44.0,-74.0,14.0,6.66609
44.0,-72.0,14.0,6.6246543
44.0,-70.0,14.0,6.8318515
44.0,-68.0,14.0,6.835531
44.0,-66.0,14.0,6.914754
44.0,-64.0,14.0,6.538041
44.0,-62.0,14.0,6.4293685
44.0,-60.0,14.0,6.5782948
44.0,-58.0,14.0,6.2386074
44.0,-56.0,14.0,6.0432034
44.0,-54.0,14.0,6.322443
44.0,-52.0,14.0,6.338204
44.0,-50.0,14.0,6.122121
44.0,-48.0,14.0,5.778552
44.0,-46.0,14.0,5.587757
44.0,-44.0,14.0,5.712935
44.0,-42.0,14.0,5.819976
44.0,-40.0,14.0,5.859873
44.0,-38.0,14.0,5.6849957
44.0,-36.0,14.0,5.4358177
44.0,-34.0,14.0,5.312994
44.0,-32.0,14.0,5.318532
44.0,-30.0,14.0,5.4236617
44.0,-28.0,14.0,5.717052
44.0,-26.0,14.0,6.042478
44.0,-24.0,14.0,6.0850143
44.0,-22.0,14.0,5.5950537
44.0,-20.0,14.0,5.130434
44.0,-18.0,14.0,4.9134555
44.0,-16.0,14.0,4.6932106
44.0,-14.0,14.0,4.718886
44.0,-12.0,14.0,4.8408003
44.0,-10.0,14.0,4.9579334
44.0,-8.0,14.0,5.199523
44.0,-6.0,14.0,5.288484
44.0,-4.0,14.0,4.988642
44.0,-2.0,14.0,4.8602614
44.0,0.0,14.0,4.96298
44.0,2.0,14.0,5.133867
44.0,4.0,14.0,5.257392
44.0,6.0,14.0,5.3643413
44.0,8.0,14.0,5.2412834
44.0,10.0,14.0,4.8722467
44.0,12.0,14.0,4.6487675
44.0,14.0,14.0,4.6258225
44.0,16.0,14.0,4.574642
44.0,18.0,14.0,4.6498914
44.0,20.0,14.0,4.8085694
44.0,22.0,14.0,5.053018
44.0,24.0,14.0,5.0651197
44.0,26.0,14.0,4.981582
44.0,28.0,14.0,4.9345164
44.0,30.0,14.0,4.7793827
44.0,32.0,14.0,4.5674877
44.0,34.0,14.0,4.4685106
44.0,36.0,14.0,4.5396466
44.0,38.0,14.0,4.6598763
44.0,40.0,14.0,4.834548
44.0,42.0,14.0,4.6480803
44.0,44.0,14.0,4.24156
44.0,46.0,14.0,4.0797653
44.0,48.0,14.0,4.265307
44.0,50.0,14.0,4.720422
44.0,52.0,14.0,4.8943405
44.0,54.0,14.0,4.478238
44.0,56.0,14.0,4.246589
44.0,58.0,14.0,4.39264
44.0,60.0,14.0,4.682067
44.0,62.0,14.0,4.8093
44.0,64.0,14.0,4.841724
44.0,66.0,14.0,5.0691547
44.0,68.0,14.0,5.133049
44.0,70.0,14.0,4.652233
44.0,72.0,14.0,4.230481
44.0,74.0,14.0,4.208912
44.0,76.0,14.0,4.411782
44.0,78.0,14.0,4.321452
44.0,80.0,14.0,4.4933558
44.0,82.0,14.0,5.07749
44.0,84.0,14.0,5.101309
44.0,86.0,14.0,4.5415564
44.0,88.0,14.0,4.349481
44.0,90.0,14.0,4.4450016
44.0,92.0,14.0,4.5028367
44.0,94.0,14.0,4.6352024
44.0,96.0,14.0,5.057234
44.0,98.0,14.0,5.065204
44.0,100.0,14.0,4.4542775
44.0,102.0,14.0,4.2163305
44.0,104.0,14.0,4.1963034
44.0,106.0,14.0,4.2291517
44.0,108.0,14.0,4.148742
44.0,110.0,14.0,4.405748
44.0,112.0,14.0,4.832218
44.0,114.0,14.0,4.8183646
44.0,116.0,14.0,4.3716235
44.0,118.0,14.0,4.1535234
44.0,120.0,14.0,4.2158165
44.0,122.0,14.0,4.237507
44.0,124.0,14.0,4.214907
44.0,126.0,14.0,4.3130813
44.0,128.0,14.0,4.4130945
44.0,130.0,14.0,4.1704545
44.0,132.0,14.0,3.8092253
44.0,134.0,14.0,3.5910277
44.0,136.0,14.0,3.5675294
44.0,138.0,14.0,3.840396
44.0,140.0,14.0,4.003398
44.0,142.0,14.0,3.9731772
44.0,144.0,14.0,4.0367284
44.0,146.0,14.0,4.0802083
44.0,148.0,14.0,4.0801616
44.0,150.0,14.0,4.137013
44.0,152.0,14.0,4.044887
44.0,154.0,14.0,4.2233057
44.0,156.0,14.0,4.42179
44.0,158.0,14.0,4.3530188
44.0,160.0,14.0,4.214028
44.0,162.0,14.0,4.0841055
44.0,164.0,14.0,4.0697427
44.0,166.0,14.0,4.140195
44.0,168.0,14.0,4.203143
44.0,170.0,14.0,4.4170203
44.0,172.0,14.0,4.861155
44.0,174.0,14.0,5.150837
44.0,176.0,14.0,4.947063
44.0,178.0,14.0,4.7365913
44.0,180.0,14.0,4.552079
46.0,-180.0,14.0,5.534655
46.0,-178.0,14.0,5.4511743
46.0,-176.0,14.0,5.7601757
46.0,-174.0,14.0,6.137515
46.0,-172.0,14.0,6.0289397
46.0,-170.0,14.0,5.778402
46.0,-168.0,14.0,5.656549
46.0,-166.0,14.0,5.516489
46.0,-164.0,14.0,5.579301
46.0,-162.0,14.0,5.6359177
46.0,-160.0,14.0,6.013594
46.0,-158.0,14.0,6.4567447
46.0,-156.0,14.0,6.610859
46.0,-154.0,14.0,6.577953
46.0,-152.0,14.0,6.5214667
46.0,-150.0,14.0,6.3313975
46.0,-148.0,14.0,6.127271
46.0,-146.0,14.0,6.085495
46.0,-144.0,14.0,6.3203363
46.0,-142.0,14.0,6.530745
46.0,-140.0,14.0,6.8837237
46.0,-138.0,14.0,7.0358243
46.0,-136.0,14.0,7.0067077
46.0,-134.0,14.0,6.959937
46.0,-132.0,14.0,7.069361
46.0,-130.0,14.0,7.3158765
46.0,-128.0,14.0,7.5152617
46.0,-126.0,14.0,7.115
46.0,-124.0,14.0,6.668642
46.0,-122.0,14.0,6.900102
46.0,-120.0,14.0,7.5148835
46.0,-118.0,14.0,7.7288384
46.0,-116.0,14.0,7.850872
46.0,-114.0,14.0,8.2151575
46.0,-112.0,14.0,8.220796
46.0,-110.0,14.0,7.902472
46.0,-108.0,14.0,7.641323
46.0,-106.0,14.0,7.7840614
46.0,-104.0,14.0,7.8695316
46.0,-102.0,14.0,7.809054
46.0,-100.0,14.0,7.999481
46.0,-98.0,14.0,8.312653
46.0,-96.0,14.0,8.320699
46.0,-94.0,14.0,7.819133
46.0,-92.0,14.0,7.713265
46.0,-90.0,14.0,7.938701
46.0,-88.0,14.0,8.127958
46.0,-86.0,14.0,8.337097
46.0,-84.0,14.0,8.541668
46.0,-82.0,14.0,8.473275
46.0,-80.0,14.0,7.837506
46.0,-78.0,14.0,7.830382
46.0,-76.0,14.0,7.9399734
46.0,-74.0,14.0,7.813665
46.0,-72.0,14.0,7.8006725
46.0,-70.0,14.0,7.9773974
46.0,-68.0,14.0,8.181725
46.0,-66.0,14.0,8.087539
46.0,-64.0,14.0,7.6464934
46.0,-62.0,14.0,7.566263
46.0,-60.0,14.0,7.749338
46.0,-58.0,14.0,7.500301
46.0,-56.0,14.0,7.286599
46.0,-54.0,14.0,7.7363605
46.0,-52.0,14.0,7.8246603
46.0,-50.0,14.0,7.5344024
46.0,-48.0,14.0,7.0398264
46.0,-46.0,14.0,6.7856693
46.0,-44.0,14.0,7.0197725
46.0,-42.0,14.0,7.134787
46.0,-40.0,14.0,6.9986987
46.0,-38.0,14.0,6.7475314
46.0,-36.0,14.0,6.5145864
46.0,-34.0,14.0,6.498141
46.0,-32.0,14.0,6.4566693
46.0,-30.0,14.0,6.4715896
46.0,-28.0,14.0,6.6970673
46.0,-26.0,14.0,7.229481
46.0,-24.0,14.0,7.2284765
46.0,-22.0,14.0,6.64044
46.0,-20.0,14.0,6.201208
46.0,-18.0,14.0,5.9054804
46.0,-16.0,14.0,5.4974236
46.0,-14.0,14.0,5.4049573
46.0,-12.0,14.0,5.71982
46.0,-10.0,14.0,5.9795856
46.0,-8.0,14.0,6.2344317
46.0,-6.0,14.0,6.3822365
46.0,-4.0,14.0,6.177587
46.0,-2.0,14.0,5.916813
46.0,0.0,14.0,5.8116627
46.0,2.0,14.0,5.9022
46.0,4.0,14.0,6.184587
46.0,6.0,14.0,6.2662673
46.0,8.0,14.0,6.20716
46.0,10.0,14.0,5.5911345
46.0,12.0,14.0,5.290161
46.0,14.0,14.0,5.257839
46.0,16.0,14.0,5.255024
46.0,18.0,14.0,5.366473
46.0,20.0,14.0,5.6057057
46.0,22.0,14.0,5.908042
46.0,24.0,14.0,5.9286156
46.0,26.0,14.0,5.753199
46.0,28.0,14.0,5.785967
46.0,30.0,14.0,5.6446056
46.0,32.0,14.0,5.2237973
46.0,34.0,14.0,5.102102
46.0,36.0,14.0,5.292458
46.0,38.0,14.0,5.460367
46.0,40.0,14.0,5.5961943
46.0,42.0,14.0,5.275703
46.0,44.0,14.0,4.8510127
46.0,46.0,14.0,4.759518
46.0,48.0,14.0,5.0636663
46.0,50.0,14.0,5.6172194
46.0,52.0,14.0,5.652144
46.0,54.0,14.0,5.16649
46.0,56.0,14.0,5.0741
46.0,58.0,14.0,5.1724315
46.0,60.0,14.0,5.414872
46.0,62.0,14.0,5.4496784
46.0,64.0,14.0,5.442014
46.0,66.0,14.0,5.793319
46.0,68.0,14.0,5.9262867
46.0,70.0,14.0,5.386954
46.0,72.0,14.0,4.9330173
46.0,74.0,14.0,5.0374804
46.0,76.0,14.0,5.331326
46.0,78.0,14.0,5.225291
46.0,80.0,14.0,5.3908143
46.0,82.0,14.0,6.1694636
46.0,84.0,14.0,6.1460385
46.0,86.0,14.0,5.343121
46.0,88.0,14.0,5.2313337
46.0,90.0,14.0,5.3877234
46.0,92.0,14.0,5.2013354
46.0,94.0,14.0,5.3099527
46.0,96.0,14.0,6.0449786
46.0,98.0,14.0,6.0331726
46.0,100.0,14.0,5.1910477
46.0,102.0,14.0,4.993202
46.0,104.0,14.0,5.010785
46.0,106.0,14.0,4.863731
46.0,108.0,14.0,4.83349
46.0,110.0,14.0,5.161624
46.0,112.0,14.0,5.7436256
46.0,114.0,14.0,5.6910768
46.0,116.0,14.0,5.369002
46.0,118.0,14.0,5.187781
46.0,120.0,14.0,5.1866894
46.0,122.0,14.0,5.0264325
46.0,124.0,14.0,4.970909
46.0,126.0,14.0,5.1104255
46.0,128.0,14.0,5.27165
46.0,130.0,14.0,5.0789337
46.0,132.0,14.0,4.598903
46.0,134.0,14.0,4.439423
46.0,136.0,14.0,4.4384313
46.0,138.0,14.0,4.6150203
46.0,140.0,14.0,4.858967
46.0,142.0,14.0,4.9416666
46.0,144.0,14.0,4.8085465
46.0,146.0,14.0,4.7104435
46.0,148.0,14.0,4.91097
46.0,150.0,14.0,4.9792433
46.0,152.0,14.0,4.9239945
46.0,154.0,14.0,5.1601224
46.0,156.0,14.0,5.391794
46.0,158.0,14.0,5.335724
46.0,160.0,14.0,5.0584316
46.0,162.0,14.0,4.8066683
46.0,164.0,14.0,4.752766
46.0,166.0,14.0,4.7841916
46.0,168.0,14.0,5.0079417
46.0,170.0,14.0,5.2094135
46.0,172.0,14.0,5.774049
46.0,174.0,14.0,5.9533234
46.0,176.0,14.0,5.853076
46.0,178.0,14.0,5.6314936
46.0,180.0,14.0,5.534655
48.0,-180.0,14.0,5.8975134
48.0,-178.0,14.0,6.1447225
48.0,-176.0,14.0,6.2290583
48.0,-174.0,14.0,6.4816146
48.0,-172.0,14.0,6.4487433
48.0,-170.0,14.0,6.262733
48.0,-168.0,14.0,5.963764
48.0,-166.0,14.0,5.972196
48.0,-164.0,14.0,6.0637794
48.0,-162.0,14.0,6.295521
48.0,-160.0,14.0,6.6348386
48.0,-158.0,14.0,6.8475976
48.0,-156.0,14.0,6.9141393
48.0,-154.0,14.0,6.758704
48.0,-152.0,14.0,6.7569375
48.0,-150.0,14.0,6.9375134
48.0,-148.0,14.0,6.8848605
48.0,-146.0,14.0,6.7611322
48.0,-144.0,14.0,6.863725
48.0,-142.0,14.0,6.9927945
48.0,-140.0,14.0,7.305537
48.0,-138.0,14.0,7.5320873
48.0,-136.0,14.0,7.4662967
48.0,-134.0,14.0,7.2911835
48.0,-132.0,14.0,7.487867
48.0,-130.0,14.0,7.648674
48.0,-128.0,14.0,7.84222
48.0,-126.0,14.0,7.438561
48.0,-124.0,14.0,7.245621
48.0,-122.0,14.0,7.4528866
48.0,-120.0,14.0,7.907176
48.0,-118.0,14.0,8.172166
48.0,-116.0,14.0,8.293106
48.0,-114.0,14.0,8.409365
48.0,-112.0,14.0,8.477521
48.0,-110.0,14.0,8.114561
48.0,-108.0,14.0,7.935452
48.0,-106.0,14.0,8.049327
48.0,-104.0,14.0,8.031096
48.0,-102.0,14.0,8.018809
48.0,-100.0,14.0,8.405257
48.0,-98.0,14.0,8.753064
48.0,-96.0,14.0,8.521499
48.0,-94.0,14.0,8.1136465
48.0,-92.0,14.0,8.11331
48.0,-90.0,14.0,8.1187935
48.0,-88.0,14.0,8.232757
48.0,-86.0,14.0,8.450133
48.0,-84.0,14.0,8.736426
48.0,-82.0,14.0,8.736636
48.0,-80.0,14.0,8.207119
48.0,-78.0,14.0,8.220375
48.0,-76.0,14.0,8.11756
48.0,-74.0,14.0,7.991738
48.0,-72.0,14.0,8.02558
48.0,-70.0,14.0,8.3112
48.0,-68.0,14.0,8.598893
48.0,-66.0,14.0,8.522496
48.0,-64.0,14.0,8.133068
48.0,-62.0,14.0,8.027081
48.0,-60.0,14.0,8.20067
48.0,-58.0,14.0,7.890107
48.0,-56.0,14.0,7.7649674
48.0,-54.0,14.0,7.9794707
48.0,-52.0,14.0,8.275927
48.0,-50.0,14.0,8.059071
48.0,-48.0,14.0,7.594392
48.0,-46.0,14.0,7.386575
48.0,-44.0,14.0,7.4684134
48.0,-42.0,14.0,7.5884714
48.0,-40.0,14.0,7.5468397
48.0,-38.0,14.0,7.363269
48.0,-36.0,14.0,7.065617
48.0,-34.0,14.0,7.0459394
48.0,-32.0,14.0,6.748421
48.0,-30.0,14.0,6.7870073
48.0,-28.0,14.0,7.0125513
48.0,-26.0,14.0,7.4881096
48.0,-24.0,14.0,7.535412
48.0,-22.0,14.0,7.1635795
48.0,-20.0,14.0,6.819849
48.0,-18.0,14.0,6.468245
48.0,-16.0,14.0,6.0475583
48.0,-14.0,14.0,6.0081
48.0,-12.0,14.0,6.275603
48.0,-10.0,14.0,6.5563045
48.0,-8.0,14.0,6.6992
48.0,-6.0,14.0,6.8226743
48.0,-4.0,14.0,6.6893573
48.0,-2.0,14.0,6.325654
48.0,0.0,14.0,6.257705
48.0,2.0,14.0,6.252703
48.0,4.0,14.0,6.409022
48.0,6.0,14.0,6.5544376
48.0,8.0,14.0,6.719619
48.0,10.0,14.0,6.15372
48.0,12.0,14.0,5.826282
48.0,14.0,14.0,5.712459
48.0,16.0,14.0,5.640133
48.0,18.0,14.0,5.7844677
48.0,20.0,14.0,6.1142282
48.0,22.0,14.0,6.3301954
48.0,24.0,14.0,6.394403
48.0,26.0,14.0,6.129319
48.0,28.0,14.0,6.087958
48.0,30.0,14.0,5.9479575
48.0,32.0,14.0,5.4721665
48.0,34.0,14.0,5.2850523
48.0,36.0,14.0,5.4301558
48.0,38.0,14.0,5.7333107
48.0,40.0,14.0,5.908854
48.0,42.0,14.0,5.6506915
48.0,44.0,14.0,5.237018
48.0,46.0,14.0,5.14103
48.0,48.0,14.0,5.5694337
48.0,50.0,14.0,6.156964
48.0,52.0,14.0,6.085217
48.0,54.0,14.0,5.675423
48.0,56.0,14.0,5.425099
48.0,58.0,14.0,5.645493
48.0,60.0,14.0,6.022015
48.0,62.0,14.0,6.0151005
48.0,64.0,14.0,5.9591537
48.0,66.0,14.0,6.261541
48.0,68.0,14.0,6.461405
48.0,70.0,14.0,5.9261603
48.0,72.0,14.0,5.5932837
48.0,74.0,14.0,5.6942034
48.0,76.0,14.0,5.9130883
48.0,78.0,14.0,5.694125
48.0,80.0,14.0,5.953873
48.0,82.0,14.0,6.763664
48.0,84.0,14.0,6.719408
48.0,86.0,14.0,6.062994
48.0,88.0,14.0,5.8823934
48.0,90.0,14.0,6.0162992
48.0,92.0,14.0,5.7427278
48.0,94.0,14.0,5.833897
48.0,96.0,14.0,6.614671
48.0,98.0,14.0,6.652795
48.0,100.0,14.0,5.8126106
48.0,102.0,14.0,5.5142083
48.0,104.0,14.0,5.6796813
48.0,106.0,14.0,5.466359
48.0,108.0,14.0,5.352856
48.0,110.0,14.0,5.781817
48.0,112.0,14.0,6.350244
48.0,114.0,14.0,6.231793
48.0,116.0,14.0,5.9058347
48.0,118.0,14.0,5.7610593
48.0,120.0,14.0,5.7565227
48.0,122.0,14.0,5.4401846
48.0,124.0,14.0,5.271259
48.0,126.0,14.0,5.468427
48.0,128.0,14.0,5.7984405
48.0,130.0,14.0,5.679458
48.0,132.0,14.0,5.2103114
48.0,134.0,14.0,4.876327
48.0,136.0,14.0,4.9690466
48.0,138.0,14.0,5.179584
48.0,140.0,14.0,5.49075
48.0,142.0,14.0,5.452866
48.0,144.0,14.0,5.198652
48.0,146.0,14.0,5.1431494
48.0,148.0,14.0,5.2035537
48.0,150.0,14.0,5.5043955
48.0,152.0,14.0,5.581738
48.0,154.0,14.0,5.6051273
48.0,156.0,14.0,5.787649
48.0,158.0,14.0,5.8507047
48.0,160.0,14.0,5.7061567
48.0,162.0,14.0,5.426903
48.0,164.0,14.0,5.1619587
48.0,166.0,14.0,5.4602146
48.0,168.0,14.0,5.491024
48.0,170.0,14.0,5.633059
48.0,172.0,14.0,6.23809
48.0,174.0,14.0,6.3653316
48.0,176.0,14.0,6.188543
48.0,178.0,14.0,6.035787
48.0,180.0,14.0,5.8975134
50.0,-180.0,14.0,5.82811
50.0,-178.0,14.0,5.999676
50.0,-176.0,14.0,6.0403647
50.0,-174.0,14.0,6.1802254
50.0,-172.0,14.0,6.2975836
50.0,-170.0,14.0,6.1820765
50.0,-168.0,14.0,5.79996
50.0,-166.0,14.0,5.7405577
50.0,-164.0,14.0,5.9972878
50.0,-162.0,14.0,6.185143
50.0,-160.0,14.0,6.4844904
50.0,-158.0,14.0,6.639123
50.0,-156.0,14.0,6.6780405
50.0,-154.0,14.0,6.48279
50.0,-152.0,14.0,6.466856
50.0,-150.0,14.0,6.704505
50.0,-148.0,14.0,6.7767487
50.0,-146.0,14.0,6.604883
50.0,-144.0,14.0,6.5415134
50.0,-142.0,14.0,6.7198634
50.0,-140.0,14.0,7.0293865
50.0,-138.0,14.0,7.0921874
50.0,-136.0,14.0,6.8402815
50.0,-134.0,14.0,6.812387
50.0,-132.0,14.0,6.978837
50.0,-130.0,14.0,7.2820177
50.0,-128.0,14.0,7.5806394
50.0,-126.0,14.0,7.16327
50.0,-124.0,14.0,6.789645
50.0,-122.0,14.0,6.820337
50.0,-120.0,14.0,7.378789
50.0,-118.0,14.0,7.5522037
50.0,-116.0,14.0,7.5330515
50.0,-114.0,14.0,7.612347
50.0,-112.0,14.0,7.7967453
50.0,-110.0,14.0,7.448348
50.0,-108.0,14.0,7.2282066
50.0,-106.0,14.0,7.3464837
50.0,-104.0,14.0,7.3183174
50.0,-102.0,14.0,7.2093444
50.0,-100.0,14.0,7.441356
50.0,-98.0,14.0,7.7550435
50.0,-96.0,14.0,7.7411575
50.0,-94.0,14.0,7.363104
50.0,-92.0,14.0,7.4792547
50.0,-90.0,14.0,7.4385376
50.0,-88.0,14.0,7.5330625
50.0,-86.0,14.0,7.637897
50.0,-84.0,14.0,7.8936105
50.0,-82.0,14.0,7.934005
50.0,-80.0,14.0,7.451289
50.0,-78.0,14.0,7.4934106
50.0,-76.0,14.0,7.4190693
50.0,-74.0,14.0,7.208921
50.0,-72.0,14.0,7.165156
50.0,-70.0,14.0,7.458948
50.0,-68.0,14.0,7.8167543
50.0,-66.0,14.0,7.804006
50.0,-64.0,14.0,7.412347
50.0,-62.0,14.0,7.327601
50.0,-60.0,14.0,7.4817176
50.0,-58.0,14.0,7.1321616
50.0,-56.0,14.0,6.789985
50.0,-54.0,14.0,7.1471696
50.0,-52.0,14.0,7.4246783
50.0,-50.0,14.0,7.382069
50.0,-48.0,14.0,6.8582706
50.0,-46.0,14.0,6.775175
50.0,-44.0,14.0,6.9748464
50.0,-42.0,14.0,7.076946
50.0,-40.0,14.0,7.2096257
50.0,-38.0,14.0,7.018541
50.0,-36.0,14.0,6.816533
50.0,-34.0,14.0,6.899416
50.0,-32.0,14.0,6.918424
50.0,-30.0,14.0,6.938993
50.0,-28.0,14.0,7.0974193
50.0,-26.0,14.0,7.4394317
50.0,-24.0,14.0,7.49709
50.0,-22.0,14.0,7.1233616
50.0,-20.0,14.0,6.7205834
50.0,-18.0,14.0,6.5003967
50.0,-16.0,14.0,6.114644
50.0,-14.0,14.0,5.8816404
50.0,-12.0,14.0,6.0864167
50.0,-10.0,14.0,6.5858917
50.0,-8.0,14.0,6.9934754
50.0,-6.0,14.0,7.0846725
50.0,-4.0,14.0,6.9916916
50.0,-2.0,14.0,6.6525054
50.0,0.0,14.0,6.357542
50.0,2.0,14.0,6.178588
50.0,4.0,14.0,6.399525
50.0,6.0,14.0,6.751144
50.0,8.0,14.0,6.7678494
50.0,10.0,14.0,6.2639236
50.0,12.0,14.0,5.943255
50.0,14.0,14.0,5.7123466
50.0,16.0,14.0,5.5515723
50.0,18.0,14.0,5.8514104
50.0,20.0,14.0,6.269083
50.0,22.0,14.0,6.574984
50.0,24.0,14.0,6.6049438
50.0,26.0,14.0,6.4111376
50.0,28.0,14.0,6.3253284
50.0,30.0,14.0,6.166491
50.0,32.0,14.0,5.585423
50.0,34.0,14.0,5.3828793
50.0,36.0,14.0,5.533058
50.0,38.0,14.0,5.8409004
50.0,40.0,14.0,6.108136
50.0,42.0,14.0,5.809413
50.0,44.0,14.0,5.271561
50.0,46.0,14.0,5.176157
50.0,48.0,14.0,5.5597343
50.0,50.0,14.0,6.09459
50.0,52.0,14.0,5.939188
50.0,54.0,14.0,5.544939
50.0,56.0,14.0,5.324261
50.0,58.0,14.0,5.495863
50.0,60.0,14.0,6.07062
50.0,62.0,14.0,6.0738974
50.0,64.0,14.0,6.03859
50.0,66.0,14.0,6.3752894
50.0,68.0,14.0,6.520116
50.0,70.0,14.0,6.0421495
50.0,72.0,14.0,5.6954827
50.0,74.0,14.0,5.7394257
50.0,76.0,14.0,5.940583
50.0,78.0,14.0,5.81087
50.0,80.0,14.0,5.9362226
50.0,82.0,14.0,6.70967
50.0,84.0,14.0,6.6051464
50.0,86.0,14.0,5.890913
50.0,88.0,14.0,5.672058
50.0,90.0,14.0,5.905867
50.0,92.0,14.0,5.6680636
50.0,94.0,14.0,5.7226787
50.0,96.0,14.0,6.508492
50.0,98.0,14.0,6.603981
50.0,100.0,14.0,5.817135
50.0,102.0,14.0,5.537107
50.0,104.0,14.0,5.64172
50.0,106.0,14.0,5.575262
50.0,108.0,14.0,5.540843
50.0,110.0,14.0,5.759876
50.0,112.0,14.0,6.143252
50.0,114.0,14.0,6.0593967
50.0,116.0,14.0,5.8135724
50.0,118.0,14.0,5.5931444
50.0,120.0,14.0,5.6530704
50.0,122.0,14.0,5.4570417
50.0,124.0,14.0,5.352454
50.0,126.0,14.0,5.414482
50.0,128.0,14.0,5.641711
50.0,130.0,14.0,5.5402417
50.0,132.0,14.0,5.136385
50.0,134.0,14.0,4.964019
50.0,136.0,14.0,4.9907703
50.0,138.0,14.0,5.178519
50.0,140.0,14.0,5.4851394
50.0,142.0,14.0,5.423121
50.0,144.0,14.0,5.206652
50.0,146.0,14.0,5.1001534
50.0,148.0,14.0,5.093486
50.0,150.0,14.0,5.511878
50.0,152.0,14.0,5.6005163
50.0,154.0,14.0,5.4630957
50.0,156.0,14.0,5.577109
50.0,158.0,14.0,5.7459893
50.0,160.0,14.0,5.5991764
50.0,162.0,14.0,5.205673
50.0,164.0,14.0,4.975433
50.0,166.0,14.0,5.335364
50.0,168.0,14.0,5.5215535
50.0,170.0,14.0,5.664169
50.0,172.0,14.0,6.13184
50.0,174.0,14.0,6.3010483
50.0,176.0,14.0,5.9438868
50.0,178.0,14.0,5.730948
50.0,180.0,14.0,5.82811
52.0,-180.0,14.0,5.646226
52.0,-178.0,14.0,5.8554673
52.0,-176.0,14.0,5.989144
52.0,-174.0,14.0,6.288181
52.0,-172.0,14.0,6.3487005
52.0,-170.0,14.0,5.9918947
52.0,-168.0,14.0,5.5676923
52.0,-166.0,14.0,5.5806527
52.0,-164.0,14.0,5.813896
52.0,-162.0,14.0,5.9561343
52.0,-160.0,14.0,6.29376
52.0,-158.0,14.0,6.4487987
52.0,-156.0,14.0,6.486666
52.0,-154.0,14.0,6.297355
52.0,-152.0,14.0,6.2337174
52.0,-150.0,14.0,6.442863
52.0,-148.0,14.0,6.4043455
52.0,-146.0,14.0,6.2656765
52.0,-144.0,14.0,6.1147323
52.0,-142.0,14.0,6.3320103
52.0,-140.0,14.0,6.7204742
52.0,-138.0,14.0,6.892854
52.0,-136.0,14.0,6.6450114
52.0,-134.0,14.0,6.333974
52.0,-132.0,14.0,6.5517864
52.0,-130.0,14.0,6.985959
52.0,-128.0,14.0,7.3021474
52.0,-126.0,14.0,6.9868274
52.0,-124.0,14.0,6.647355
52.0,-122.0,14.0,6.579738
52.0,-120.0,14.0,6.942483
52.0,-118.0,14.0,7.0919795
52.0,-116.0,14.0,7.2345204
52.0,-114.0,14.0,7.470916
52.0,-112.0,14.0,7.5673923
52.0,-110.0,14.0,7.2427783
52.0,-108.0,14.0,6.9650664
52.0,-106.0,14.0,7.1395974
52.0,-104.0,14.0,7.017322
52.0,-102.0,14.0,6.938936
52.0,-100.0,14.0,7.0126147
52.0,-98.0,14.0,7.3508515
52.0,-96.0,14.0,7.57285
52.0,-94.0,14.0,7.1594987
52.0,-92.0,14.0,7.091751
52.0,-90.0,14.0,7.105354
52.0,-88.0,14.0,7.1053615
52.0,-86.0,14.0,7.219384
52.0,-84.0,14.0,7.5555263
52.0,-82.0,14.0,7.486632
52.0,-80.0,14.0,7.0615897
52.0,-78.0,14.0,7.1384892
52.0,-76.0,14.0,7.036422
52.0,-74.0,14.0,6.7997065
52.0,-72.0,14.0,6.745348
52.0,-70.0,14.0,7.1371264
52.0,-68.0,14.0,7.3931036
52.0,-66.0,14.0,7.46059
52.0,-64.0,14.0,7.1409917
52.0,-62.0,14.0,6.990334
52.0,-60.0,14.0,7.029158
52.0,-58.0,14.0,6.6800027
52.0,-56.0,14.0,6.3035583
52.0,-54.0,14.0,6.5928626
52.0,-52.0,14.0,7.1878114
52.0,-50.0,14.0,7.04735
52.0,-48.0,14.0,6.546342
52.0,-46.0,14.0,6.4787374
52.0,-44.0,14.0,6.677468
52.0,-42.0,14.0,6.9558983
52.0,-40.0,14.0,7.1090097
52.0,-38.0,14.0,6.8312593
52.0,-36.0,14.0,6.5334654
52.0,-34.0,14.0,6.739667
52.0,-32.0,14.0,6.750682
52.0,-30.0,14.0,6.8259983
52.0,-28.0,14.0,7.0889044
52.0,-26.0,14.0,7.459391
52.0,-24.0,14.0,7.40923
52.0,-22.0,14.0,7.052841
52.0,-20.0,14.0,6.6670856
52.0,-18.0,14.0,6.3848696
52.0,-16.0,14.0,6.046113
52.0,-14.0,14.0,5.9335184
52.0,-12.0,14.0,6.1227384
52.0,-10.0,14.0,6.636658
52.0,-8.0,14.0,7.1136637
52.0,-6.0,14.0,7.260449
52.0,-4.0,14.0,7.136922
52.0,-2.0,14.0,6.759587
52.0,0.0,14.0,6.477798
52.0,2.0,14.0,6.1802645
52.0,4.0,14.0,6.3699512
52.0,6.0,14.0,6.7456856
52.0,8.0,14.0,6.834339
52.0,10.0,14.0,6.3400173
52.0,12.0,14.0,5.9548473
52.0,14.0,14.0,5.8394217
52.0,16.0,14.0,5.629632
52.0,18.0,14.0,5.93045
52.0,20.0,14.0,6.3614364
52.0,22.0,14.0,6.783354
52.0,24.0,14.0,6.8966703
52.0,26.0,14.0,6.7158575
52.0,28.0,14.0,6.5169616
52.0,30.0,14.0,6.3303814
52.0,32.0,14.0,5.662105
52.0,34.0,14.0,5.44791
52.0,36.0,14.0,5.7046924
52.0,38.0,14.0,6.0016556
52.0,40.0,14.0,6.2729173
52.0,42.0,14.0,5.877869
52.0,44.0,14.0,5.3033867
52.0,46.0,14.0,5.2232194
52.0,48.0,14.0,5.7019024
52.0,50.0,14.0,6.1921315
52.0,52.0,14.0,5.9585204
52.0,54.0,14.0,5.539811
52.0,56.0,14.0,5.3055954
52.0,58.0,14.0,5.6737576
52.0,60.0,14.0,6.0842676
52.0,62.0,14.0,6.1370955
52.0,64.0,14.0,6.2488403
52.0,66.0,14.0,6.623625
52.0,68.0,14.0,6.696674
52.0,70.0,14.0,6.0954366
52.0,72.0,14.0,5.7670774
52.0,74.0,14.0,5.841669
52.0,76.0,14.0,5.9634843
52.0,78.0,14.0,5.881097
52.0,80.0,14.0,6.0346303
52.0,82.0,14.0,6.794258
52.0,84.0,14.0,6.6699967
52.0,86.0,14.0,5.9849463
52.0,88.0,14.0,5.847032
52.0,90.0,14.0,6.0008993
52.0,92.0,14.0,5.6217422
52.0,94.0,14.0,5.7778244
52.0,96.0,14.0,6.7623954
52.0,98.0,14.0,6.744228
52.0,100.0,14.0,5.911795
52.0,102.0,14.0,5.710007
52.0,104.0,14.0,5.7216153
52.0,106.0,14.0,5.531405
52.0,108.0,14.0,5.5310965
52.0,110.0,14.0,5.817354
52.0,112.0,14.0,6.14629
52.0,114.0,14.0,6.1239514
52.0,116.0,14.0,5.879709
52.0,118.0,14.0,5.766401
52.0,120.0,14.0,5.6983814
52.0,122.0,14.0,5.5115814
52.0,124.0,14.0,5.336656
52.0,126.0,14.0,5.4315257
52.0,128.0,14.0,5.6985254
52.0,130.0,14.0,5.6443233
52.0,132.0,14.0,5.2698226
52.0,134.0,14.0,5.077463
52.0,136.0,14.0,5.072909
52.0,138.0,14.0,5.289353
52.0,140.0,14.0,5.6716533
52.0,142.0,14.0,5.504395
52.0,144.0,14.0,5.3151193
52.0,146.0,14.0,5.2251287
52.0,148.0,14.0,5.281642
52.0,150.0,14.0,5.592521
52.0,152.0,14.0,5.5934687
52.0,154.0,14.0,5.4951677
52.0,156.0,14.0,5.598211
52.0,158.0,14.0,5.738672
52.0,160.0,14.0,5.5225697
52.0,162.0,14.0,5.1210966
52.0,164.0,14.0,5.0078316
52.0,166.0,14.0,5.2282443
52.0,168.0,14.0,5.4780846
52.0,170.0,14.0,5.73439
52.0,172.0,14.0,6.1963134
52.0,174.0,14.0,6.230369
52.0,176.0,14.0,6.0004535
52.0,178.0,14.0,5.573988
52.0,180.0,14.0,5.646226
54.0,-180.0,14.0,6.26121
54.0,-178.0,14.0,6.432409
54.0,-176.0,14.0,6.739576
54.0,-174.0,14.0,7.1453466
54.0,-172.0,14.0,7.078239
54.0,-170.0,14.0,6.49981
54.0,-168.0,14.0,6.125487
54.0,-166.0,14.0,6.197078
54.0,-164.0,14.0,6.3007636
54.0,-162.0,14.0,6.4213166
54.0,-160.0,14.0,6.659279
54.0,-158.0,14.0,6.7979712
54.0,-156.0,14.0,6.560995
54.0,-154.0,14.0,6.4280863
54.0,-152.0,14.0,6.4982243
54.0,-150.0,14.0,6.850774
54.0,-148.0,14.0,6.7999988
54.0,-146.0,14.0,6.5854697
54.0,-144.0,14.0,6.6046133
54.0,-142.0,14.0,6.809283
54.0,-140.0,14.0,7.1438074
54.0,-138.0,14.0,7.065349
54.0,-136.0,14.0,6.813605
54.0,-134.0,14.0,6.7070146
54.0,-132.0,14.0,6.8685193
54.0,-130.0,14.0,7.207237
54.0,-128.0,14.0,7.483837
54.0,-126.0,14.0,7.0671444
54.0,-124.0,14.0,6.68309
54.0,-122.0,14.0,6.8203006
54.0,-120.0,14.0,7.1759744
54.0,-118.0,14.0,7.296687
54.0,-116.0,14.0,7.4708214
54.0,-114.0,14.0,7.7923207
54.0,-112.0,14.0,7.843783
54.0,-110.0,14.0,7.3582077
54.0,-108.0,14.0,7.096167
54.0,-106.0,14.0,7.2457795
54.0,-104.0,14.0,7.222362
54.0,-102.0,14.0,7.1276274
54.0,-100.0,14.0,7.262575
54.0,-98.0,14.0,7.571229
54.0,-96.0,14.0,7.754223
54.0,-94.0,14.0,7.3506126
54.0,-92.0,14.0,7.299313
54.0,-90.0,14.0,7.3312507
54.0,-88.0,14.0,7.3636
54.0,-86.0,14.0,7.4282427
54.0,-84.0,14.0,7.8329587
54.0,-82.0,14.0,7.774671
54.0,-80.0,14.0,7.251542
54.0,-78.0,14.0,7.3600497
54.0,-76.0,14.0,7.2985525
54.0,-74.0,14.0,7.083627
54.0,-72.0,14.0,6.9615498
54.0,-70.0,14.0,7.2742143
54.0,-68.0,14.0,7.4238005
54.0,-66.0,14.0,7.3708725
54.0,-64.0,14.0,7.1671224
54.0,-62.0,14.0,7.2369027
54.0,-60.0,14.0,7.1865225
54.0,-58.0,14.0,6.8339252
54.0,-56.0,14.0,6.5196524
54.0,-54.0,14.0,6.8780804
54.0,-52.0,14.0,7.435119
54.0,-50.0,14.0,7.2033696
54.0,-48.0,14.0,6.7704124
54.0,-46.0,14.0,6.6007934
54.0,-44.0,14.0,6.778103
54.0,-42.0,14.0,7.170515
54.0,-40.0,14.0,7.2622814
54.0,-38.0,14.0,7.0877523
54.0,-36.0,14.0,6.8777647
54.0,-34.0,14.0,6.8968725
54.0,-32.0,14.0,6.9733644
54.0,-30.0,14.0,7.046084
54.0,-28.0,14.0,7.132542
54.0,-26.0,14.0,7.2594304
54.0,-24.0,14.0,7.5845046
54.0,-22.0,14.0,7.442556
54.0,-20.0,14.0,6.9922776
54.0,-18.0,14.0,6.624855
54.0,-16.0,14.0,6.3614426
54.0,-14.0,14.0,6.2463474
54.0,-12.0,14.0,6.3845286
54.0,-10.0,14.0,6.9607186
54.0,-8.0,14.0,7.6986203
54.0,-6.0,14.0,7.7799907
54.0,-4.0,14.0,7.4917955
54.0,-2.0,14.0,7.1195326
54.0,0.0,14.0,6.8334446
54.0,2.0,14.0,6.5252295
54.0,4.0,14.0,6.665207
54.0,6.0,14.0,7.300834
54.0,8.0,14.0,7.5072045
54.0,10.0,14.0,6.697967
54.0,12.0,14.0,6.3157682
54.0,14.0,14.0,6.20364
54.0,16.0,14.0,6.052446
54.0,18.0,14.0,6.153097
54.0,20.0,14.0,6.65973
54.0,22.0,14.0,7.1205683
54.0,24.0,14.0,7.1068625
54.0,26.0,14.0,6.8685937
54.0,28.0,14.0,6.7323766
54.0,30.0,14.0,6.6122265
54.0,32.0,14.0,6.1517925
54.0,34.0,14.0,5.8632383
54.0,36.0,14.0,5.9805946
54.0,38.0,14.0,6.4028606
54.0,40.0,14.0,6.653204
54.0,42.0,14.0,6.194367
54.0,44.0,14.0,5.6778564
54.0,46.0,14.0,5.6328363
54.0,48.0,14.0,6.0864897
54.0,50.0,14.0,6.5587363
54.0,52.0,14.0,6.343651
54.0,54.0,14.0,5.864012
54.0,56.0,14.0,5.686279
54.0,58.0,14.0,6.129652
54.0,60.0,14.0,6.5029554
54.0,62.0,14.0,6.6290727
54.0,64.0,14.0,6.744732
54.0,66.0,14.0,7.0688677
54.0,68.0,14.0,7.1394043
54.0,70.0,14.0,6.5181627
54.0,72.0,14.0,6.0793796
54.0,74.0,14.0,6.1808643
54.0,76.0,14.0,6.375877
54.0,78.0,14.0,6.209472
54.0,80.0,14.0,6.427772
54.0,82.0,14.0,7.156902
54.0,84.0,14.0,7.0531693
54.0,86.0,14.0,6.3361483
54.0,88.0,14.0,6.241978
54.0,90.0,14.0,6.402115
54.0,92.0,14.0,6.0492563
54.0,94.0,14.0,6.208455
54.0,96.0,14.0,7.1771283
54.0,98.0,14.0,7.1705256
54.0,100.0,14.0,6.310619
54.0,102.0,14.0,6.1371517
54.0,104.0,14.0,6.162766
54.0,106.0,14.0,5.9165735
54.0,108.0,14.0,5.8446655
54.0,110.0,14.0,6.2560735
54.0,112.0,14.0,6.6077547
54.0,114.0,14.0,6.665792
54.0,116.0,14.0,6.448473
54.0,118.0,14.0,6.307779
54.0,120.0,14.0,6.1292605
54.0,122.0,14.0,5.9186964
54.0,124.0,14.0,5.7683077
54.0,126.0,14.0,5.870271
54.0,128.0,14.0,6.07901
54.0,130.0,14.0,6.0709558
54.0,132.0,14.0,5.6617527
54.0,134.0,14.0,5.3827996
54.0,136.0,14.0,5.4395666
54.0,138.0,14.0,5.7406244
54.0,140.0,14.0,5.9882407
54.0,142.0,14.0,5.875266
54.0,144.0,14.0,5.649933
54.0,146.0,14.0,5.6098905
54.0,148.0,14.0,5.7089868
54.0,150.0,14.0,5.9759088
54.0,152.0,14.0,5.8995714
54.0,154.0,14.0,5.974355
54.0,156.0,14.0,6.32171
54.0,158.0,14.0,6.561889
54.0,160.0,14.0,6.025986
54.0,162.0,14.0,5.5793257
54.0,164.0,14.0,5.60376
54.0,166.0,14.0,5.7324634
54.0,168.0,14.0,5.889612
54.0,170.0,14.0,6.2371926
54.0,172.0,14.0,7.0075274
54.0,174.0,14.0,6.8865466
54.0,176.0,14.0,6.3712406
54.0,178.0,14.0,6.1735735
54.0,180.0,14.0,6.26121
56.0,-180.0,14.0,7.1058
56.0,-178.0,14.0,7.179016
56.0,-176.0,14.0,7.4366636
56.0,-174.0,14.0,8.015402
56.0,-172.0,14.0,7.9460673
56.0,-170.0,14.0,7.3625374
56.0,-168.0,14.0,6.996118
56.0,-166.0,14.0,7.0018992
56.0,-164.0,14.0,7.090614
56.0,-162.0,14.0,7.1424937
56.0,-160.0,14.0,7.5074606
56.0,-158.0,14.0,7.66534
56.0,-156.0,14.0,7.4029303
56.0,-154.0,14.0,7.143154
56.0,-152.0,14.0,7.305181
56.0,-150.0,14.0,7.6780243
56.0,-148.0,14.0,7.446915
56.0,-146.0,14.0,7.2430153
56.0,-144.0,14.0,7.4109635
56.0,-142.0,14.0,7.6917825
56.0,-140.0,14.0,7.740456
56.0,-138.0,14.0,7.5560613
56.0,-136.0,14.0,7.3541474
56.0,-134.0,14.0,7.3437004
56.0,-132.0,14.0,7.542379
56.0,-130.0,14.0,7.731649
56.0,-128.0,14.0,7.7475867
56.0,-126.0,14.0,7.2148623
56.0,-124.0,14.0,6.9996576
56.0,-122.0,14.0,7.3812375
56.0,-120.0,14.0,7.6643457
56.0,-118.0,14.0,7.8318515
56.0,-116.0,14.0,7.931911
56.0,-114.0,14.0,8.091621
56.0,-112.0,14.0,8.057865
56.0,-110.0,14.0,7.571211
56.0,-108.0,14.0,7.4323525
56.0,-106.0,14.0,7.540248
56.0,-104.0,14.0,7.610565
56.0,-102.0,14.0,7.4293017
56.0,-100.0,14.0,7.631706
56.0,-98.0,14.0,8.022753
56.0,-96.0,14.0,8.071556
56.0,-94.0,14.0,7.6196923
56.0,-92.0,14.0,7.6825786
56.0,-90.0,14.0,7.658117
56.0,-88.0,14.0,7.578968
56.0,-86.0,14.0,7.9094763
56.0,-84.0,14.0,8.364344
56.0,-82.0,14.0,8.334989
56.0,-80.0,14.0,7.6823072
56.0,-78.0,14.0,7.740157
56.0,-76.0,14.0,7.8361154
56.0,-74.0,14.0,7.7151794
56.0,-72.0,14.0,7.482449
56.0,-70.0,14.0,7.697484
56.0,-68.0,14.0,7.8595676
56.0,-66.0,14.0,7.767743
56.0,-64.0,14.0,7.5491233
56.0,-62.0,14.0,7.684575
56.0,-60.0,14.0,7.735794
56.0,-58.0,14.0,7.5560093
56.0,-56.0,14.0,7.394343
56.0,-54.0,14.0,7.6021886
56.0,-52.0,14.0,7.9368825
56.0,-50.0,14.0,7.8561354
56.0,-48.0,14.0,7.436534
56.0,-46.0,14.0,7.0642724
56.0,-44.0,14.0,7.1043267
56.0,-42.0,14.0,7.4175215
56.0,-40.0,14.0,7.804637
56.0,-38.0,14.0,7.853965
56.0,-36.0,14.0,7.6605897
56.0,-34.0,14.0,7.4389615
56.0,-32.0,14.0,7.661035
56.0,-30.0,14.0,7.715163
56.0,-28.0,14.0,7.585845
56.0,-26.0,14.0,7.609201
56.0,-24.0,14.0,8.039518
56.0,-22.0,14.0,8.13216
56.0,-20.0,14.0,7.6202807
56.0,-18.0,14.0,7.072641
56.0,-16.0,14.0,6.7572436
56.0,-14.0,14.0,6.8377137
56.0,-12.0,14.0,6.9628296
56.0,-10.0,14.0,7.502143
56.0,-8.0,14.0,8.381559
56.0,-6.0,14.0,8.3971815
56.0,-4.0,14.0,7.814095
56.0,-2.0,14.0,7.4613814
56.0,0.0,14.0,7.322272
56.0,2.0,14.0,6.966871
56.0,4.0,14.0,7.2182193
56.0,6.0,14.0,8.149332
56.0,8.0,14.0,8.279214
56.0,10.0,14.0,7.319413
56.0,12.0,14.0,6.727455
56.0,14.0,14.0,6.67849
56.0,16.0,14.0,6.5802603
56.0,18.0,14.0,6.747437
56.0,20.0,14.0,7.274905
56.0,22.0,14.0,7.85198
56.0,24.0,14.0,7.668058
56.0,26.0,14.0,7.154818
56.0,28.0,14.0,7.1588807
56.0,30.0,14.0,7.3173985
56.0,32.0,14.0,6.7889833
56.0,34.0,14.0,6.4654493
56.0,36.0,14.0,6.6384068
56.0,38.0,14.0,7.1842904
56.0,40.0,14.0,7.275728
56.0,42.0,14.0,6.483503
56.0,44.0,14.0,5.772217
56.0,46.0,14.0,5.8984246
56.0,48.0,14.0,6.584735
56.0,50.0,14.0,7.26979
56.0,52.0,14.0,7.2001057
56.0,54.0,14.0,6.7213407
56.0,56.0,14.0,6.5219107
56.0,58.0,14.0,6.8245792
56.0,60.0,14.0,7.227159
56.0,62.0,14.0,7.3077617
56.0,64.0,14.0,7.3105464
56.0,66.0,14.0,7.6206894
56.0,68.0,14.0,7.716552
56.0,70.0,14.0,7.157585
56.0,72.0,14.0,6.59867
56.0,74.0,14.0,6.735764
56.0,76.0,14.0,7.029435
56.0,78.0,14.0,6.9591107
56.0,80.0,14.0,7.219475
56.0,82.0,14.0,8.186485
56.0,84.0,14.0,8.280059
56.0,86.0,14.0,7.440893
56.0,88.0,14.0,7.113438
56.0,90.0,14.0,7.2074556
56.0,92.0,14.0,6.9058747
56.0,94.0,14.0,6.948952
56.0,96.0,14.0,7.866078
56.0,98.0,14.0,7.9732294
56.0,100.0,14.0,7.125834
56.0,102.0,14.0,6.7729588
56.0,104.0,14.0,6.773809
56.0,106.0,14.0,6.705059
56.0,108.0,14.0,6.5939837
56.0,110.0,14.0,7.09028
56.0,112.0,14.0,7.7793584
56.0,114.0,14.0,7.7458744
56.0,116.0,14.0,7.3098865
56.0,118.0,14.0,7.116493
56.0,120.0,14.0,7.11706
56.0,122.0,14.0,6.762765
56.0,124.0,14.0,6.5742073
56.0,126.0,14.0,6.740215
56.0,128.0,14.0,7.0102577
56.0,130.0,14.0,7.059785
56.0,132.0,14.0,6.437036
56.0,134.0,14.0,5.96262
56.0,136.0,14.0,6.001526
56.0,138.0,14.0,6.426013
56.0,140.0,14.0,6.8674507
56.0,142.0,14.0,6.713312
56.0,144.0,14.0,6.4025273
56.0,146.0,14.0,6.3852663
56.0,148.0,14.0,6.605999
56.0,150.0,14.0,6.995409
56.0,152.0,14.0,6.8280244
56.0,154.0,14.0,6.772643
56.0,156.0,14.0,7.206235
56.0,158.0,14.0,7.4009304
56.0,160.0,14.0,6.883988
56.0,162.0,14.0,6.3746905
56.0,164.0,14.0,6.4053116
56.0,166.0,14.0,6.5035586
56.0,168.0,14.0,6.4808507
56.0,170.0,14.0,6.9691625
56.0,172.0,14.0,8.020167
56.0,174.0,14.0,7.6506476
56.0,176.0,14.0,6.93316
56.0,178.0,14.0,6.745429
56.0,180.0,14.0,7.1058
58.0,-180.0,14.0,7.322855
58.0,-178.0,14.0,7.3582444
58.0,-176.0,14.0,7.48801
58.0,-174.0,14.0,7.9420123
58.0,-172.0,14.0,8.024932
58.0,-170.0,14.0,7.552742
58.0,-168.0,14.0,7.1655984
58.0,-166.0,14.0,7.0108395
58.0,-164.0,14.0,7.064765
58.0,-162.0,14.0,7.118482
58.0,-160.0,14.0,7.481475
58.0,-158.0,14.0,7.584333
58.0,-156.0,14.0,7.453994
58.0,-154.0,14.0,7.3083844
58.0,-152.0,14.0,7.4291444
58.0,-150.0,14.0,7.577096
58.0,-148.0,14.0,7.497506
58.0,-146.0,14.0,7.293593
58.0,-144.0,14.0,7.3630676
58.0,-142.0,14.0,7.5667987
58.0,-140.0,14.0,7.573683
58.0,-138.0,14.0,7.2477484
58.0,-136.0,14.0,7.160072
58.0,-134.0,14.0,7.2868023
58.0,-132.0,14.0,7.416271
58.0,-130.0,14.0,7.5529814
58.0,-128.0,14.0,7.491683
58.0,-126.0,14.0,7.1432567
58.0,-124.0,14.0,7.093234
58.0,-122.0,14.0,7.4071655
58.0,-120.0,14.0,7.5938883
58.0,-118.0,14.0,7.6985784
58.0,-116.0,14.0,7.899782
58.0,-114.0,14.0,8.067371
58.0,-112.0,14.0,7.8453836
58.0,-110.0,14.0,7.466875
58.0,-108.0,14.0,7.3303
58.0,-106.0,14.0,7.4325705
58.0,-104.0,14.0,7.2379727
58.0,-102.0,14.0,7.1037354
58.0,-100.0,14.0,7.469471
58.0,-98.0,14.0,8.033173
58.0,-96.0,14.0,8.101988
58.0,-94.0,14.0,7.707175
58.0,-92.0,14.0,7.58723
58.0,-90.0,14.0,7.5533757
58.0,-88.0,14.0,7.633859
58.0,-86.0,14.0,8.037349
58.0,-84.0,14.0,8.21875
58.0,-82.0,14.0,8.044334
58.0,-80.0,14.0,7.550389
58.0,-78.0,14.0,7.423795
58.0,-76.0,14.0,7.469366
58.0,-74.0,14.0,7.371298
58.0,-72.0,14.0,7.30719
58.0,-70.0,14.0,7.61218
58.0,-68.0,14.0,7.858486
58.0,-66.0,14.0,7.7036676
58.0,-64.0,14.0,7.498105
58.0,-62.0,14.0,7.5883484
58.0,-60.0,14.0,7.706609
58.0,-58.0,14.0,7.490967
58.0,-56.0,14.0,7.387843
58.0,-54.0,14.0,7.5116253
58.0,-52.0,14.0,7.7591233
58.0,-50.0,14.0,7.680408
58.0,-48.0,14.0,7.3248773
58.0,-46.0,14.0,7.0200076
58.0,-44.0,14.0,6.9823613
58.0,-42.0,14.0,7.278074
58.0,-40.0,14.0,7.6684985
58.0,-38.0,14.0,7.8164487
58.0,-36.0,14.0,7.5986423
58.0,-34.0,14.0,7.385332
58.0,-32.0,14.0,7.4757495
58.0,-30.0,14.0,7.706475
58.0,-28.0,14.0,7.571821
58.0,-26.0,14.0,7.612086
58.0,-24.0,14.0,8.020328
58.0,-22.0,14.0,8.116728
58.0,-20.0,14.0,7.478099
58.0,-18.0,14.0,6.9574633
58.0,-16.0,14.0,6.5777483
58.0,-14.0,14.0,6.651418
58.0,-12.0,14.0,6.86
58.0,-10.0,14.0,7.490715
58.0,-8.0,14.0,8.347229
58.0,-6.0,14.0,8.295294
58.0,-4.0,14.0,7.5247173
58.0,-2.0,14.0,7.2215266
58.0,0.0,14.0,7.3099823
58.0,2.0,14.0,6.9936724
58.0,4.0,14.0,7.212849
58.0,6.0,14.0,8.181288
58.0,8.0,14.0,8.265637
58.0,10.0,14.0,7.2339797
58.0,12.0,14.0,6.7524953
58.0,14.0,14.0,6.787869
58.0,16.0,14.0,6.480687
58.0,18.0,14.0,6.7171464
58.0,20.0,14.0,7.338855
58.0,22.0,14.0,7.713147
58.0,24.0,14.0,7.435566
58.0,26.0,14.0,7.00761
58.0,28.0,14.0,7.2122045
58.0,30.0,14.0,7.414599
58.0,32.0,14.0,6.991298
58.0,34.0,14.0,6.717204
58.0,36.0,14.0,6.885127
58.0,38.0,14.0,7.234034
58.0,40.0,14.0,7.2617526
58.0,42.0,14.0,6.5532312
58.0,44.0,14.0,5.97456
58.0,46.0,14.0,5.9923797
58.0,48.0,14.0,6.626208
58.0,50.0,14.0,7.329477
58.0,52.0,14.0,7.3194323
58.0,54.0,14.0,6.8573103
58.0,56.0,14.0,6.6637764
58.0,58.0,14.0,6.8218827
58.0,60.0,14.0,7.2408648
58.0,62.0,14.0,7.281915
58.0,64.0,14.0,7.1229334
58.0,66.0,14.0,7.4960837
58.0,68.0,14.0,7.768477
58.0,70.0,14.0,7.3301725
58.0,72.0,14.0,6.821552
58.0,74.0,14.0,6.8468375
58.0,76.0,14.0,7.179982
58.0,78.0,14.0,7.1710334
58.0,80.0,14.0,7.3473673
58.0,82.0,14.0,8.460222
58.0,84.0,14.0,8.622527
58.0,86.0,14.0,7.6380153
58.0,88.0,14.0,7.2886143
58.0,90.0,14.0,7.3811784
58.0,92.0,14.0,7.1350474
58.0,94.0,14.0,7.1549764
58.0,96.0,14.0,8.0773115
58.0,98.0,14.0,8.296172
58.0,100.0,14.0,7.3300257
58.0,102.0,14.0,6.9208345
58.0,104.0,14.0,6.986651
58.0,106.0,14.0,6.99197
58.0,108.0,14.0,6.916097
58.0,110.0,14.0,7.3207674
58.0,112.0,14.0,8.08652
58.0,114.0,14.0,7.976021
58.0,116.0,14.0,7.4945645
58.0,118.0,14.0,7.263642
58.0,120.0,14.0,7.271147
58.0,122.0,14.0,6.964258
58.0,124.0,14.0,6.746082
58.0,126.0,14.0,6.8508096
58.0,128.0,14.0,7.2749825
58.0,130.0,14.0,7.3208356
58.0,132.0,14.0,6.628832
58.0,134.0,14.0,6.01459
58.0,136.0,14.0,6.0604796
58.0,138.0,14.0,6.668131
58.0,140.0,14.0,7.199126
58.0,142.0,14.0,7.093107
58.0,144.0,14.0,6.779112
58.0,146.0,14.0,6.7282667
58.0,148.0,14.0,6.872775
58.0,150.0,14.0,7.306706
58.0,152.0,14.0,7.1609597
58.0,154.0,14.0,7.0551686
58.0,156.0,14.0,7.5303597
58.0,158.0,14.0,7.630298
58.0,160.0,14.0,7.187431
58.0,162.0,14.0,6.7972856
58.0,164.0,14.0,6.705565
58.0,166.0,14.0,6.779272
58.0,168.0,14.0,6.6696773
58.0,170.0,14.0,7.253503
58.0,172.0,14.0,8.275735
58.0,174.0,14.0,7.8897233
58.0,176.0,14.0,7.1534157
58.0,178.0,14.0,7.1114416
58.0,180.0,14.0,7.322855
60.0,-180.0,14.0,7.356641
60.0,-178.0,14.0,7.3216314
60.0,-176.0,14.0,7.461837
60.0,-174.0,14.0,7.875998
60.0,-172.0,14.0,7.9114003
60.0,-170.0,14.0,7.398817
60.0,-168.0,14.0,7.093327
60.0,-166.0,14.0,6.9233828
60.0,-164.0,14.0,6.96075
60.0,-162.0,14.0,7.08416
60.0,-160.0,14.0,7.4533453
60.0,-158.0,14.0,7.493993
60.0,-156.0,14.0,7.3685565
60.0,-154.0,14.0,7.248462
60.0,-152.0,14.0,7.2909226
60.0,-150.0,14.0,7.4895597
60.0,-148.0,14.0,7.401312
60.0,-146.0,14.0,7.2791324
60.0,-144.0,14.0,7.25985
60.0,-142.0,14.0,7.4060316
60.0,-140.0,14.0,7.4414415
60.0,-138.0,14.0,7.156408
60.0,-136.0,14.0,6.955068
60.0,-134.0,14.0,6.9380975
60.0,-132.0,14.0,7.1500635
60.0,-130.0,14.0,7.4422774
60.0,-128.0,14.0,7.4888415
60.0,-126.0,14.0,7.153537
60.0,-124.0,14.0,6.961409
60.0,-122.0,14.0,7.2566667
60.0,-120.0,14.0,7.4592113
60.0,-118.0,14.0,7.4257283
60.0,-116.0,14.0,7.6674986
60.0,-114.0,14.0,7.8022833
60.0,-112.0,14.0,7.768251
60.0,-110.0,14.0,7.4522576
60.0,-108.0,14.0,7.363734
60.0,-106.0,14.0,7.542325
60.0,-104.0,14.0,7.2365456
60.0,-102.0,14.0,7.1097817
60.0,-100.0,14.0,7.5015187
60.0,-98.0,14.0,8.063542
60.0,-96.0,14.0,8.2066555
60.0,-94.0,14.0,7.867402
60.0,-92.0,14.0,7.5508513
60.0,-90.0,14.0,7.4770474
60.0,-88.0,14.0,7.487776
60.0,-86.0,14.0,7.636555
60.0,-84.0,14.0,7.983709
60.0,-82.0,14.0,7.951503
60.0,-80.0,14.0,7.462556
60.0,-78.0,14.0,7.268401
60.0,-76.0,14.0,7.219585
60.0,-74.0,14.0,7.1034956
60.0,-72.0,14.0,7.2172823
60.0,-70.0,14.0,7.4867797
60.0,-68.0,14.0,7.823877
60.0,-66.0,14.0,7.793471
60.0,-64.0,14.0,7.4831553
60.0,-62.0,14.0,7.490626
60.0,-60.0,14.0,7.4660296
60.0,-58.0,14.0,7.22927
60.0,-56.0,14.0,7.1910524
60.0,-54.0,14.0,7.2649035
60.0,-52.0,14.0,7.516593
60.0,-50.0,14.0,7.4710617
60.0,-48.0,14.0,7.26169
60.0,-46.0,14.0,7.064604
60.0,-44.0,14.0,7.11513
60.0,-42.0,14.0,7.2605495
60.0,-40.0,14.0,7.4673004
60.0,-38.0,14.0,7.531157
60.0,-36.0,14.0,7.344685
60.0,-34.0,14.0,7.180583
60.0,-32.0,14.0,7.1858563
60.0,-30.0,14.0,7.478147
60.0,-28.0,14.0,7.5766697
60.0,-26.0,14.0,7.641582
60.0,-24.0,14.0,7.9512506
60.0,-22.0,14.0,8.022659
60.0,-20.0,14.0,7.469108
60.0,-18.0,14.0,6.9303756
60.0,-16.0,14.0,6.6454268
60.0,-14.0,14.0,6.738906
60.0,-12.0,14.0,6.9905
60.0,-10.0,14.0,7.4635415
60.0,-8.0,14.0,8.273563
60.0,-6.0,14.0,8.229874
60.0,-4.0,14.0,7.540665
60.0,-2.0,14.0,7.269532
60.0,0.0,14.0,7.465049
60.0,2.0,14.0,7.284948
60.0,4.0,14.0,7.5374155
60.0,6.0,14.0,8.448643
60.0,8.0,14.0,8.554989
60.0,10.0,14.0,7.4576397
60.0,12.0,14.0,6.918278
60.0,14.0,14.0,6.8913727
60.0,16.0,14.0,6.6336904
60.0,18.0,14.0,6.91612
60.0,20.0,14.0,7.4390626
60.0,22.0,14.0,7.821702
60.0,24.0,14.0,7.5497837
60.0,26.0,14.0,7.209896
60.0,28.0,14.0,7.2376413
60.0,30.0,14.0,7.4204135
60.0,32.0,14.0,6.9340334
60.0,34.0,14.0,6.676501
60.0,36.0,14.0,6.958789
60.0,38.0,14.0,7.2876787
60.0,40.0,14.0,7.439336
60.0,42.0,14.0,6.8305807
60.0,44.0,14.0,6.201869
60.0,46.0,14.0,6.2017817
60.0,48.0,14.0,6.755368
60.0,50.0,14.0,7.420127
60.0,52.0,14.0,7.4180255
60.0,54.0,14.0,6.9201355
60.0,56.0,14.0,6.72819
60.0,58.0,14.0,6.9162803
60.0,60.0,14.0,7.397348
60.0,62.0,14.0,7.4467306
60.0,64.0,14.0,7.368416
60.0,66.0,14.0,7.694057
60.0,68.0,14.0,7.81747
60.0,70.0,14.0,7.408815
60.0,72.0,14.0,6.8926826
60.0,74.0,14.0,6.887525
60.0,76.0,14.0,7.1459923
60.0,78.0,14.0,7.1914306
60.0,80.0,14.0,7.386439
60.0,82.0,14.0,8.380485
60.0,84.0,14.0,8.54255
60.0,86.0,14.0,7.544643
60.0,88.0,14.0,7.1838965
60.0,90.0,14.0,7.396214
60.0,92.0,14.0,7.174072
60.0,94.0,14.0,7.218688
60.0,96.0,14.0,8.102683
60.0,98.0,14.0,8.216951
60.0,100.0,14.0,7.354072
60.0,102.0,14.0,6.9550815
60.0,104.0,14.0,6.9703007
60.0,106.0,14.0,6.9733467
60.0,108.0,14.0,6.9250317
60.0,110.0,14.0,7.3373322
60.0,112.0,14.0,7.9279575
60.0,114.0,14.0,7.9951625
60.0,116.0,14.0,7.5971823
60.0,118.0,14.0,7.395293
60.0,120.0,14.0,7.3156166
60.0,122.0,14.0,7.042383
60.0,124.0,14.0,6.908706
60.0,126.0,14.0,6.8735175
60.0,128.0,14.0,7.213537
60.0,130.0,14.0,7.2731266
60.0,132.0,14.0,6.686222
60.0,134.0,14.0,6.091608
60.0,136.0,14.0,6.0930204
60.0,138.0,14.0,6.676326
60.0,140.0,14.0,7.199007
60.0,142.0,14.0,7.112176
60.0,144.0,14.0,6.8183947
60.0,146.0,14.0,6.61506
60.0,148.0,14.0,6.814495
60.0,150.0,14.0,7.1957235
60.0,152.0,14.0,7.0733333
60.0,154.0,14.0,7.0365357
60.0,156.0,14.0,7.4314647
60.0,158.0,14.0,7.6308966
60.0,160.0,14.0,7.225884
60.0,162.0,14.0,6.8306117
60.0,164.0,14.0,6.780069
60.0,166.0,14.0,6.782401
60.0,168.0,14.0,6.7169704
60.0,170.0,14.0,7.275473
60.0,172.0,14.0,8.036745
60.0,174.0,14.0,7.76161
60.0,176.0,14.0,7.302256
60.0,178.0,14.0,7.311527
60.0,180.0,14.0,7.356641
62.0,-180.0,14.0,7.6119914
62.0,-178.0,14.0,7.6227374
62.0,-176.0,14.0,7.775305
62.0,-174.0,14.0,8.3077135
62.0,-172.0,14.0,8.248443
62.0,-170.0,14.0,7.767836
62.0,-168.0,14.0,7.4480815
62.0,-166.0,14.0,7.283148
62.0,-164.0,14.0,7.2648187
62.0,-162.0,14.0,7.4268084
62.0,-160.0,14.0,7.7146335
62.0,-158.0,14.0,7.769223
62.0,-156.0,14.0,7.547338
62.0,-154.0,14.0,7.4412003
62.0,-152.0,14.0,7.531401
62.0,-150.0,14.0,7.6682277
62.0,-148.0,14.0,7.5868416
62.0,-146.0,14.0,7.4953847
62.0,-144.0,14.0,7.54349
62.0,-142.0,14.0,7.6400404
62.0,-140.0,14.0,7.7371387
62.0,-138.0,14.0,7.5114512
62.0,-136.0,14.0,7.3477197
62.0,-134.0,14.0,7.162669
62.0,-132.0,14.0,7.359822
62.0,-130.0,14.0,7.6926575
62.0,-128.0,14.0,7.8836255
62.0,-126.0,14.0,7.518091
62.0,-124.0,14.0,7.086468
62.0,-122.0,14.0,7.2804976
62.0,-120.0,14.0,7.618437
62.0,-118.0,14.0,7.6100025
62.0,-116.0,14.0,7.6563735
62.0,-114.0,14.0,7.941704
62.0,-112.0,14.0,8.089712
62.0,-110.0,14.0,7.7306905
62.0,-108.0,14.0,7.6271243
62.0,-106.0,14.0,7.7661896
62.0,-104.0,14.0,7.5845265
62.0,-102.0,14.0,7.5130434
62.0,-100.0,14.0,7.8367023
62.0,-98.0,14.0,8.39516
62.0,-96.0,14.0,8.591528
62.0,-94.0,14.0,8.307191
62.0,-92.0,14.0,7.9129543
62.0,-90.0,14.0,7.7885966
62.0,-88.0,14.0,7.7077646
62.0,-86.0,14.0,7.7299204
62.0,-84.0,14.0,8.097147
62.0,-82.0,14.0,8.15992
62.0,-80.0,14.0,7.6698313
62.0,-78.0,14.0,7.423733
62.0,-76.0,14.0,7.3277035
62.0,-74.0,14.0,7.457003
62.0,-72.0,14.0,7.4532313
62.0,-70.0,14.0,7.7520857
62.0,-68.0,14.0,7.978634
62.0,-66.0,14.0,7.9814115
62.0,-64.0,14.0,7.657847
62.0,-62.0,14.0,7.5442924
62.0,-60.0,14.0,7.66094
62.0,-58.0,14.0,7.3869414
62.0,-56.0,14.0,7.2911935
62.0,-54.0,14.0,7.5205474
62.0,-52.0,14.0,7.70265
62.0,-50.0,14.0,7.6960325
62.0,-48.0,14.0,7.432092
62.0,-46.0,14.0,7.17151
62.0,-44.0,14.0,7.2160316
62.0,-42.0,14.0,7.3427734
62.0,-40.0,14.0,7.838225
62.0,-38.0,14.0,7.914366
62.0,-36.0,14.0,7.724428
62.0,-34.0,14.0,7.583738
62.0,-32.0,14.0,7.4503603
62.0,-30.0,14.0,7.7894435
62.0,-28.0,14.0,7.891228
62.0,-26.0,14.0,8.006125
62.0,-24.0,14.0,8.397065
62.0,-22.0,14.0,8.498847
62.0,-20.0,14.0,7.8580666
62.0,-18.0,14.0,7.198642
62.0,-16.0,14.0,6.8665047
62.0,-14.0,14.0,7.021732
62.0,-12.0,14.0,7.1976247
62.0,-10.0,14.0,7.6123743
62.0,-8.0,14.0,8.396044
62.0,-6.0,14.0,8.532663
62.0,-4.0,14.0,7.805044
62.0,-2.0,14.0,7.4179497
62.0,0.0,14.0,7.6723847
62.0,2.0,14.0,7.560121
62.0,4.0,14.0,7.761851
62.0,6.0,14.0,8.746084
62.0,8.0,14.0,8.920895
62.0,10.0,14.0,7.8015895
62.0,12.0,14.0,7.0876775
62.0,14.0,14.0,7.09989
62.0,16.0,14.0,6.968331
62.0,18.0,14.0,7.2240033
62.0,20.0,14.0,7.797294
62.0,22.0,14.0,8.370684
62.0,24.0,14.0,8.2385
62.0,26.0,14.0,7.771363
62.0,28.0,14.0,7.6967483
62.0,30.0,14.0,7.8301935
62.0,32.0,14.0,7.202295
62.0,34.0,14.0,6.7650666
62.0,36.0,14.0,7.023704
62.0,38.0,14.0,7.662186
62.0,40.0,14.0,7.909599
62.0,42.0,14.0,7.1809297
62.0,44.0,14.0,6.4517536
62.0,46.0,14.0,6.4665623
62.0,48.0,14.0,7.073738
62.0,50.0,14.0,7.8033624
62.0,52.0,14.0,7.8752317
62.0,54.0,14.0,7.2257056
62.0,56.0,14.0,7.102654
62.0,58.0,14.0,7.3572006
62.0,60.0,14.0,7.9229126
62.0,62.0,14.0,7.868813
62.0,64.0,14.0,7.6807265
62.0,66.0,14.0,8.157239
62.0,68.0,14.0,8.33002
62.0,70.0,14.0,7.6132636
62.0,72.0,14.0,7.220313
62.0,74.0,14.0,7.2777495
62.0,76.0,14.0,7.4462333
62.0,78.0,14.0,7.3361344
62.0,80.0,14.0,7.687923
62.0,82.0,14.0,8.530369
62.0,84.0,14.0,8.701522
62.0,86.0,14.0,7.876103
62.0,88.0,14.0,7.556989
62.0,90.0,14.0,7.624899
62.0,92.0,14.0,7.387588
62.0,94.0,14.0,7.512476
62.0,96.0,14.0,8.495281
62.0,98.0,14.0,8.508625
62.0,100.0,14.0,7.583333
62.0,102.0,14.0,7.163653
62.0,104.0,14.0,7.229703
62.0,106.0,14.0,7.0631537
62.0,108.0,14.0,7.0156364
62.0,110.0,14.0,7.488185
62.0,112.0,14.0,8.128043
62.0,114.0,14.0,8.16601
62.0,116.0,14.0,7.8339615
62.0,118.0,14.0,7.63375
62.0,120.0,14.0,7.5879955
62.0,122.0,14.0,7.1799626
62.0,124.0,14.0,6.9491715
62.0,126.0,14.0,7.0564184
62.0,128.0,14.0,7.3984027
62.0,130.0,14.0,7.3552203
62.0,132.0,14.0,6.9219646
62.0,134.0,14.0,6.3080664
62.0,136.0,14.0,6.333148
62.0,138.0,14.0,6.866249
62.0,140.0,14.0,7.3978558
62.0,142.0,14.0,7.2548375
62.0,144.0,14.0,6.839312
62.0,146.0,14.0,6.7136083
62.0,148.0,14.0,6.8883095
62.0,150.0,14.0,7.2947598
62.0,152.0,14.0,7.141217
62.0,154.0,14.0,7.1688833
62.0,156.0,14.0,7.74825
62.0,158.0,14.0,7.7841115
62.0,160.0,14.0,7.3508387
62.0,162.0,14.0,7.0846043
62.0,164.0,14.0,7.0331326
62.0,166.0,14.0,7.073233
62.0,168.0,14.0,6.978219
62.0,170.0,14.0,7.5034328
62.0,172.0,14.0,8.284806
62.0,174.0,14.0,8.112799
62.0,176.0,14.0,7.519366
62.0,178.0,14.0,7.4088187
62.0,180.0,14.0,7.6119914
64.0,-180.0,14.0,7.7771792
64.0,-178.0,14.0,7.723522
64.0,-176.0,14.0,7.967557
64.0,-174.0,14.0,8.697195
64.0,-172.0,14.0,8.531426
64.0,-170.0,14.0,7.836611
64.0,-168.0,14.0,7.5891786
64.0,-166.0,14.0,7.684881
64.0,-164.0,14.0,7.568365
64.0,-162.0,14.0,7.5497985
64.0,-160.0,14.0,7.7523446
64.0,-158.0,14.0,7.9228354
64.0,-156.0,14.0,7.5630617
64.0,-154.0,14.0,7.2988954
64.0,-152.0,14.0,7.5941944
64.0,-150.0,14.0,7.8016973
64.0,-148.0,14.0,7.368638
64.0,-146.0,14.0,7.2269945
64.0,-144.0,14.0,7.4189754
64.0,-142.0,14.0,7.5585766
64.0,-140.0,14.0,7.6555576
64.0,-138.0,14.0,7.686578
64.0,-136.0,14.0,7.512757
64.0,-134.0,14.0,7.399491
64.0,-132.0,14.0,7.422969
64.0,-130.0,14.0,7.8081136
64.0,-128.0,14.0,7.7313375
64.0,-126.0,14.0,7.1668363
64.0,-124.0,14.0,6.660667
64.0,-122.0,14.0,6.8287687
64.0,-120.0,14.0,7.6314187
64.0,-118.0,14.0,7.8178406
64.0,-116.0,14.0,7.760696
64.0,-114.0,14.0,7.945103
64.0,-112.0,14.0,8.1080675
64.0,-110.0,14.0,7.7193303
64.0,-108.0,14.0,7.337287
64.0,-106.0,14.0,7.491901
64.0,-104.0,14.0,7.5147166
64.0,-102.0,14.0,7.7125664
64.0,-100.0,14.0,7.6049657
64.0,-98.0,14.0,8.030222
64.0,-96.0,14.0,8.28169
64.0,-94.0,14.0,7.922363
64.0,-92.0,14.0,7.5309954
64.0,-90.0,14.0,7.5966516
64.0,-88.0,14.0,7.774028
64.0,-86.0,14.0,7.767886
64.0,-84.0,14.0,8.137688
64.0,-82.0,14.0,8.179728
64.0,-80.0,14.0,7.4574833
64.0,-78.0,14.0,7.375967
64.0,-76.0,14.0,7.554163
64.0,-74.0,14.0,7.659271
64.0,-72.0,14.0,7.454253
64.0,-70.0,14.0,7.651744
64.0,-68.0,14.0,7.9266934
64.0,-66.0,14.0,7.9609075
64.0,-64.0,14.0,7.4692736
64.0,-62.0,14.0,7.2213006
64.0,-60.0,14.0,7.6225758
64.0,-58.0,14.0,7.1921844
64.0,-56.0,14.0,6.8903427
64.0,-54.0,14.0,7.199546
64.0,-52.0,14.0,7.6296086
64.0,-50.0,14.0,7.612137
64.0,-48.0,14.0,7.0933623
64.0,-46.0,14.0,6.8194003
64.0,-44.0,14.0,6.9580054
64.0,-42.0,14.0,7.283139
64.0,-40.0,14.0,7.621311
64.0,-38.0,14.0,7.7001863
64.0,-36.0,14.0,7.622899
64.0,-34.0,14.0,7.471621
64.0,-32.0,14.0,7.4782505
64.0,-30.0,14.0,7.738397
64.0,-28.0,14.0,7.7404027
64.0,-26.0,14.0,7.7401977
64.0,-24.0,14.0,8.173649
64.0,-22.0,14.0,8.381864
64.0,-20.0,14.0,7.7809277
64.0,-18.0,14.0,7.0667434
64.0,-16.0,14.0,6.813651
64.0,-14.0,14.0,7.0669007
64.0,-12.0,14.0,7.159608
64.0,-10.0,14.0,7.5985627
64.0,-8.0,14.0,8.521263
64.0,-6.0,14.0,8.733383
64.0,-4.0,14.0,7.873936
64.0,-2.0,14.0,7.6010413
64.0,0.0,14.0,7.616341
64.0,2.0,14.0,7.373982
64.0,4.0,14.0,7.465469
64.0,6.0,14.0,8.309433
64.0,8.0,14.0,8.68264
64.0,10.0,14.0,7.6789527
64.0,12.0,14.0,6.9624014
64.0,14.0,14.0,6.9716115
64.0,16.0,14.0,6.8696346
64.0,18.0,14.0,7.048237
64.0,20.0,14.0,7.7224817
64.0,22.0,14.0,8.535183
64.0,24.0,14.0,8.491863
64.0,26.0,14.0,7.8672185
64.0,28.0,14.0,7.751182
64.0,30.0,14.0,7.833278
64.0,32.0,14.0,7.3067923
64.0,34.0,14.0,6.8681035
64.0,36.0,14.0,7.176129
64.0,38.0,14.0,7.683628
64.0,40.0,14.0,7.8328094
64.0,42.0,14.0,7.0908184
64.0,44.0,14.0,6.3792396
64.0,46.0,14.0,6.3556027
64.0,48.0,14.0,7.018959
64.0,50.0,14.0,7.8134394
64.0,52.0,14.0,7.8767056
64.0,54.0,14.0,7.2976007
64.0,56.0,14.0,6.991298
64.0,58.0,14.0,7.4128313
64.0,60.0,14.0,7.814384
64.0,62.0,14.0,7.624957
64.0,64.0,14.0,7.603374
64.0,66.0,14.0,8.203593
64.0,68.0,14.0,8.425255
64.0,70.0,14.0,7.6385417
64.0,72.0,14.0,7.0610948
64.0,74.0,14.0,7.2375264
64.0,76.0,14.0,7.3810315
64.0,78.0,14.0,7.226202
64.0,80.0,14.0,7.633544
64.0,82.0,14.0,8.675429
64.0,84.0,14.0,8.711928
64.0,86.0,14.0,8.00402
64.0,88.0,14.0,7.64322
64.0,90.0,14.0,7.5632257
64.0,92.0,14.0,7.3565674
64.0,94.0,14.0,7.6066833
64.0,96.0,14.0,8.633382
64.0,98.0,14.0,8.617019
64.0,100.0,14.0,7.5745225
64.0,102.0,14.0,7.1304903
64.0,104.0,14.0,7.2037697
64.0,106.0,14.0,6.980626
64.0,108.0,14.0,6.795852
64.0,110.0,14.0,7.6044
64.0,112.0,14.0,8.445539
64.0,114.0,14.0,8.314812
64.0,116.0,14.0,7.8013754
64.0,118.0,14.0,7.7579026
64.0,120.0,14.0,7.6464715
64.0,122.0,14.0,7.127998
64.0,124.0,14.0,6.7923574
64.0,126.0,14.0,7.162005
64.0,128.0,14.0,7.6362147
64.0,130.0,14.0,7.573695
64.0,132.0,14.0,7.0370593
64.0,134.0,14.0,6.4827123
64.0,136.0,14.0,6.410553
64.0,138.0,14.0,6.9866657
64.0,140.0,14.0,7.6226974
64.0,142.0,14.0,7.4808397
64.0,144.0,14.0,7.0918045
64.0,146.0,14.0,7.0575223
64.0,148.0,14.0,7.330941
64.0,150.0,14.0,7.618021
64.0,152.0,14.0,7.4336195
64.0,154.0,14.0,7.5578866
64.0,156.0,14.0,8.170582
64.0,158.0,14.0,8.241096
64.0,160.0,14.0,7.6862426
64.0,162.0,14.0,7.4041605
64.0,164.0,14.0,7.387895
64.0,166.0,14.0,7.246988
64.0,168.0,14.0,7.091924
64.0,170.0,14.0,7.760907
64.0,172.0,14.0,8.552878
64.0,174.0,14.0,8.162454
64.0,176.0,14.0,7.4171114
64.0,178.0,14.0,7.4599996
64.0,180.0,14.0,7.7771792
66.0,-180.0,14.0,6.850853
66.0,-178.0,14.0,6.8776803
66.0,-176.0,14.0,7.059394
66.0,-174.0,14.0,7.642245
66.0,-172.0,14.0,7.5361323
66.0,-170.0,14.0,6.85167
66.0,-168.0,14.0,6.6431804
66.0,-166.0,14.0,7.0264015
66.0,-164.0,14.0,6.9538894
66.0,-162.0,14.0,6.738363
66.0,-160.0,14.0,6.973504
66.0,-158.0,14.0,7.17426
66.0,-156.0,14.0,6.809498
66.0,-154.0,14.0,6.6828685
66.0,-152.0,14.0,6.796885
66.0,-150.0,14.0,6.9689813
66.0,-148.0,14.0,6.5497584
66.0,-146.0,14.0,6.4233203
66.0,-144.0,14.0,6.584815
66.0,-142.0,14.0,6.8719506
66.0,-140.0,14.0,7.0725036
66.0,-138.0,14.0,7.107299
66.0,-136.0,14.0,6.9241586
66.0,-134.0,14.0,6.8580575
66.0,-132.0,14.0,6.9619946
66.0,-130.0,14.0,7.129044
66.0,-128.0,14.0,7.012022
66.0,-126.0,14.0,6.586643
66.0,-124.0,14.0,6.238883
66.0,-122.0,14.0,6.489309
66.0,-120.0,14.0,7.197222
66.0,-118.0,14.0,7.2710323
66.0,-116.0,14.0,7.2899046
66.0,-114.0,14.0,7.499489
66.0,-112.0,14.0,7.567524
66.0,-110.0,14.0,7.2105126
66.0,-108.0,14.0,7.0646687
66.0,-106.0,14.0,7.1328235
66.0,-104.0,14.0,7.1154094
66.0,-102.0,14.0,7.2808003
66.0,-100.0,14.0,7.275991
66.0,-98.0,14.0,7.3381968
66.0,-96.0,14.0,7.5134125
66.0,-94.0,14.0,7.183506
66.0,-92.0,14.0,6.935395
66.0,-90.0,14.0,7.2041497
66.0,-88.0,14.0,7.44596
66.0,-86.0,14.0,7.3361254
66.0,-84.0,14.0,7.6112785
66.0,-82.0,14.0,7.6290464
66.0,-80.0,14.0,7.238682
66.0,-78.0,14.0,7.1816187
66.0,-76.0,14.0,7.2642384
66.0,-74.0,14.0,7.3266935
66.0,-72.0,14.0,7.146499
66.0,-70.0,14.0,7.187877
66.0,-68.0,14.0,7.498068
66.0,-66.0,14.0,7.4011035
66.0,-64.0,14.0,6.9779596
66.0,-62.0,14.0,6.7798247
66.0,-60.0,14.0,7.141166
66.0,-58.0,14.0,6.8236647
66.0,-56.0,14.0,6.417031
66.0,-54.0,14.0,6.525484
66.0,-52.0,14.0,7.0748076
66.0,-50.0,14.0,7.163411
66.0,-48.0,14.0,6.6597586
66.0,-46.0,14.0,6.521019
66.0,-44.0,14.0,6.6907563
66.0,-42.0,14.0,6.957847
66.0,-40.0,14.0,7.15714
66.0,-38.0,14.0,7.116875
66.0,-36.0,14.0,6.9801693
66.0,-34.0,14.0,6.8063216
66.0,-32.0,14.0,6.7447124
66.0,-30.0,14.0,7.0470405
66.0,-28.0,14.0,7.0048327
66.0,-26.0,14.0,6.916111
66.0,-24.0,14.0,7.270572
66.0,-22.0,14.0,7.4614263
66.0,-20.0,14.0,7.0883245
66.0,-18.0,14.0,6.717383
66.0,-16.0,14.0,6.536364
66.0,-14.0,14.0,6.743383
66.0,-12.0,14.0,6.7896996
66.0,-10.0,14.0,7.034356
66.0,-8.0,14.0,7.906047
66.0,-6.0,14.0,8.205978
66.0,-4.0,14.0,7.3836627
66.0,-2.0,14.0,7.097464
66.0,0.0,14.0,7.0575542
66.0,2.0,14.0,6.751248
66.0,4.0,14.0,6.806961
66.0,6.0,14.0,7.5566506
66.0,8.0,14.0,7.9423323
66.0,10.0,14.0,7.1617384
66.0,12.0,14.0,6.486899
66.0,14.0,14.0,6.4254646
66.0,16.0,14.0,6.339905
66.0,18.0,14.0,6.4508862
66.0,20.0,14.0,7.0178533
66.0,22.0,14.0,7.712853
66.0,24.0,14.0,7.65905
66.0,26.0,14.0,7.0874424
66.0,28.0,14.0,6.9248676
66.0,30.0,14.0,7.03391
66.0,32.0,14.0,6.710627
66.0,34.0,14.0,6.3632874
66.0,36.0,14.0,6.417946
66.0,38.0,14.0,6.8541064
66.0,40.0,14.0,7.0830283
66.0,42.0,14.0,6.409552
66.0,44.0,14.0,5.75499
66.0,46.0,14.0,5.7767835
66.0,48.0,14.0,6.3632526
66.0,50.0,14.0,7.092893
66.0,52.0,14.0,7.1881504
66.0,54.0,14.0,6.663365
66.0,56.0,14.0,6.308537
66.0,58.0,14.0,6.691272
66.0,60.0,14.0,7.1355815
66.0,62.0,14.0,7.092621
66.0,64.0,14.0,6.9970512
66.0,66.0,14.0,7.4545126
66.0,68.0,14.0,7.780603
66.0,70.0,14.0,7.2304854
66.0,72.0,14.0,6.598941
66.0,74.0,14.0,6.661411
66.0,76.0,14.0,6.798569
66.0,78.0,14.0,6.7904434
66.0,80.0,14.0,7.1193733
66.0,82.0,14.0,8.081719
66.0,84.0,14.0,8.247544
66.0,86.0,14.0,7.409449
66.0,88.0,14.0,7.041893
66.0,90.0,14.0,7.129193
66.0,92.0,14.0,6.8866343
66.0,94.0,14.0,7.044862
66.0,96.0,14.0,7.918471
66.0,98.0,14.0,8.047539
66.0,100.0,14.0,7.1799273
66.0,102.0,14.0,6.730324
66.0,104.0,14.0,6.7864566
66.0,106.0,14.0,6.579804
66.0,108.0,14.0,6.453941
66.0,110.0,14.0,7.160091
66.0,112.0,14.0,8.038495
66.0,114.0,14.0,7.9035816
66.0,116.0,14.0,7.400871
66.0,118.0,14.0,7.3515773
66.0,120.0,14.0,7.2333546
66.0,122.0,14.0,6.7340493
66.0,124.0,14.0,6.371372
66.0,126.0,14.0,6.6243567
66.0,128.0,14.0,7.233365
66.0,130.0,14.0,7.229084
66.0,132.0,14.0,6.5350623
66.0,134.0,14.0,5.9113326
66.0,136.0,14.0,5.9340906
66.0,138.0,14.0,6.6113877
66.0,140.0,14.0,7.1811337
66.0,142.0,14.0,7.050512
66.0,144.0,14.0,6.539248
66.0,146.0,14.0,6.4521785
66.0,148.0,14.0,6.7717814
66.0,150.0,14.0,7.069629
66.0,152.0,14.0,6.930237
66.0,154.0,14.0,7.0165625
66.0,156.0,14.0,7.5899477
66.0,158.0,14.0,7.676082
66.0,160.0,14.0,7.0235977
66.0,162.0,14.0,6.7369227
66.0,164.0,14.0,6.727618
66.0,166.0,14.0,6.6557226
66.0,168.0,14.0,6.5079722
66.0,170.0,14.0,7.1214867
66.0,172.0,14.0,7.6863747
66.0,174.0,14.0,7.2974734
66.0,176.0,14.0,6.6826377
66.0,178.0,14.0,6.7070656
66.0,180.0,14.0,6.850853
68.0,-180.0,14.0,6.382157
68.0,-178.0,14.0,6.417669
68.0,-176.0,14.0,6.6700983
68.0,-174.0,14.0,7.039346
68.0,-172.0,14.0,6.948379
68.0,-170.0,14.0,6.3993173
68.0,-168.0,14.0,6.2133656
68.0,-166.0,14.0,6.4388933
68.0,-164.0,14.0,6.320153
68.0,-162.0,14.0,6.164819
68.0,-160.0,14.0,6.381112
68.0,-158.0,14.0,6.5953026
68.0,-156.0,14.0,6.25404
68.0,-154.0,14.0,6.141846
68.0,-152.0,14.0,6.242567
68.0,-150.0,14.0,6.4718285
68.0,-148.0,14.0,6.241229
68.0,-146.0,14.0,6.006059
68.0,-144.0,14.0,6.135638
68.0,-142.0,14.0,6.4329133
68.0,-140.0,14.0,6.553514
68.0,-138.0,14.0,6.516689
68.0,-136.0,14.0,6.3436537
68.0,-134.0,14.0,6.31682
68.0,-132.0,14.0,6.469498
68.0,-130.0,14.0,6.5509224
68.0,-128.0,14.0,6.5165477
68.0,-126.0,14.0,6.217843
68.0,-124.0,14.0,5.9255705
68.0,-122.0,14.0,6.1847696
68.0,-120.0,14.0,6.715635
68.0,-118.0,14.0,6.817123
68.0,-116.0,14.0,7.013546
68.0,-114.0,14.0,7.253342
68.0,-112.0,14.0,7.1719036
68.0,-110.0,14.0,6.8785706
68.0,-108.0,14.0,6.692531
68.0,-106.0,14.0,6.7644086
68.0,-104.0,14.0,6.7566075
68.0,-102.0,14.0,6.7919664
68.0,-100.0,14.0,6.785337
68.0,-98.0,14.0,7.015432
68.0,-96.0,14.0,7.004198
68.0,-94.0,14.0,6.7539973
68.0,-92.0,14.0,6.5112286
68.0,-90.0,14.0,6.736093
68.0,-88.0,14.0,6.9672537
68.0,-86.0,14.0,6.9584136
68.0,-84.0,14.0,7.267152
68.0,-82.0,14.0,7.157034
68.0,-80.0,14.0,6.8210263
68.0,-78.0,14.0,6.625294
68.0,-76.0,14.0,6.712373
68.0,-74.0,14.0,6.7201643
68.0,-72.0,14.0,6.724232
68.0,-70.0,14.0,6.8425074
68.0,-68.0,14.0,7.1106143
68.0,-66.0,14.0,7.036118
68.0,-64.0,14.0,6.6066046
68.0,-62.0,14.0,6.339658
68.0,-60.0,14.0,6.650625
68.0,-58.0,14.0,6.525614
68.0,-56.0,14.0,6.1067348
68.0,-54.0,14.0,6.2388525
68.0,-52.0,14.0,6.525681
68.0,-50.0,14.0,6.585219
68.0,-48.0,14.0,6.301837
68.0,-46.0,14.0,6.1429253
68.0,-44.0,14.0,6.297181
68.0,-42.0,14.0,6.506726
68.0,-40.0,14.0,6.6804395
68.0,-38.0,14.0,6.6646376
68.0,-36.0,14.0,6.5903997
68.0,-34.0,14.0,6.4423914
68.0,-32.0,14.0,6.398422
68.0,-30.0,14.0,6.6652484
68.0,-28.0,14.0,6.547504
68.0,-26.0,14.0,6.4729967
68.0,-24.0,14.0,6.675603
68.0,-22.0,14.0,6.926059
68.0,-20.0,14.0,6.5782213
68.0,-18.0,14.0,6.2314916
68.0,-16.0,14.0,6.201539
68.0,-14.0,14.0,6.319413
68.0,-12.0,14.0,6.3621492
68.0,-10.0,14.0,6.5345297
68.0,-8.0,14.0,7.2590165
68.0,-6.0,14.0,7.508816
68.0,-4.0,14.0,6.8131995
68.0,-2.0,14.0,6.490006
68.0,0.0,14.0,6.5686707
68.0,2.0,14.0,6.3495507
68.0,4.0,14.0,6.2934675
68.0,6.0,14.0,7.040831
68.0,8.0,14.0,7.519434
68.0,10.0,14.0,6.7315893
68.0,12.0,14.0,6.11721
68.0,14.0,14.0,6.114426
68.0,16.0,14.0,6.010064
68.0,18.0,14.0,6.04994
68.0,20.0,14.0,6.5609527
68.0,22.0,14.0,7.1365385
68.0,24.0,14.0,7.0210195
68.0,26.0,14.0,6.5610404
68.0,28.0,14.0,6.4855313
68.0,30.0,14.0,6.699308
68.0,32.0,14.0,6.380056
68.0,34.0,14.0,5.9912066
68.0,36.0,14.0,6.056427
68.0,38.0,14.0,6.469288
68.0,40.0,14.0,6.657532
68.0,42.0,14.0,6.01273
68.0,44.0,14.0,5.4699416
68.0,46.0,14.0,5.4695415
68.0,48.0,14.0,6.0045295
68.0,50.0,14.0,6.6552176
68.0,52.0,14.0,6.6840568
68.0,54.0,14.0,6.231697
68.0,56.0,14.0,5.9949
68.0,58.0,14.0,6.328939
68.0,60.0,14.0,6.7144356
68.0,62.0,14.0,6.668506
68.0,64.0,14.0,6.592301
68.0,66.0,14.0,7.055663
68.0,68.0,14.0,7.38693
68.0,70.0,14.0,6.8349075
68.0,72.0,14.0,6.33568
68.0,74.0,14.0,6.345068
68.0,76.0,14.0,6.482583
68.0,78.0,14.0,6.4115977
68.0,80.0,14.0,6.7632265
68.0,82.0,14.0,7.6067595
68.0,84.0,14.0,7.756538
68.0,86.0,14.0,6.925692
68.0,88.0,14.0,6.6843243
68.0,90.0,14.0,6.722111
68.0,92.0,14.0,6.4710565
68.0,94.0,14.0,6.7563286
68.0,96.0,14.0,7.474219
68.0,98.0,14.0,7.6072764
68.0,100.0,14.0,6.782913
68.0,102.0,14.0,6.386338
68.0,104.0,14.0,6.454183
68.0,106.0,14.0,6.2549195
68.0,108.0,14.0,6.2157316
68.0,110.0,14.0,6.81378
68.0,112.0,14.0,7.526944
68.0,114.0,14.0,7.4560094
68.0,116.0,14.0,7.001479
68.0,118.0,14.0,6.957092
68.0,120.0,14.0,6.8709326
68.0,122.0,14.0,6.3782654
68.0,124.0,14.0,6.0432343
68.0,126.0,14.0,6.237183
68.0,128.0,14.0,6.816682
68.0,130.0,14.0,6.865959
68.0,132.0,14.0,6.2251916
68.0,134.0,14.0,5.623062
68.0,136.0,14.0,5.608618
68.0,138.0,14.0,6.2388315
68.0,140.0,14.0,6.8000493
68.0,142.0,14.0,6.6477594
68.0,144.0,14.0,6.0463285
68.0,146.0,14.0,6.029072
68.0,148.0,14.0,6.3863435
68.0,150.0,14.0,6.6530504
68.0,152.0,14.0,6.4732466
68.0,154.0,14.0,6.5437093
68.0,156.0,14.0,7.042713
68.0,158.0,14.0,7.115981
68.0,160.0,14.0,6.50028
68.0,162.0,14.0,6.247449
68.0,164.0,14.0,6.14326
68.0,166.0,14.0,6.1496487
68.0,168.0,14.0,6.0409293
68.0,170.0,14.0,6.611722
68.0,172.0,14.0,7.0968785
68.0,174.0,14.0,6.7662764
68.0,176.0,14.0,6.303162
68.0,178.0,14.0,6.2636175
68.0,180.0,14.0,6.382157
70.0,-180.0,14.0,7.479253
70.0,-178.0,14.0,7.4618244
70.0,-176.0,14.0,7.629792
70.0,-174.0,14.0,8.231245
70.0,-172.0,14.0,8.118087
70.0,-170.0,14.0,7.485441
70.0,-168.0,14.0,7.228946
70.0,-166.0,14.0,7.370418
70.0,-164.0,14.0,7.344815
70.0,-162.0,14.0,7.1197824
70.0,-160.0,14.0,7.4349756
70.0,-158.0,14.0,7.623881
70.0,-156.0,14.0,7.247607
70.0,-154.0,14.0,7.0527024
70.0,-152.0,14.0,7.290179
70.0,-150.0,14.0,7.48628
70.0,-148.0,14.0,7.2064667
70.0,-146.0,14.0,7.0265107
70.0,-144.0,14.0,7.2342024
70.0,-142.0,14.0,7.513927
70.0,-140.0,14.0,7.482856
70.0,-138.0,14.0,7.2933836
70.0,-136.0,14.0,7.1936135
70.0,-134.0,14.0,7.203852
70.0,-132.0,14.0,7.370027
70.0,-130.0,14.0,7.465136
70.0,-128.0,14.0,7.501619
70.0,-126.0,14.0,7.098952
70.0,-124.0,14.0,6.6938405
70.0,-122.0,14.0,7.057111
70.0,-120.0,14.0,7.4841027
70.0,-118.0,14.0,7.5794015
70.0,-116.0,14.0,7.697462
70.0,-114.0,14.0,7.885633
70.0,-112.0,14.0,7.7949276
70.0,-110.0,14.0,7.4541574
70.0,-108.0,14.0,7.332651
70.0,-106.0,14.0,7.4302707
70.0,-104.0,14.0,7.3988256
70.0,-102.0,14.0,7.436855
70.0,-100.0,14.0,7.445578
70.0,-98.0,14.0,7.916627
70.0,-96.0,14.0,8.045827
70.0,-94.0,14.0,7.6231375
70.0,-92.0,14.0,7.3279376
70.0,-90.0,14.0,7.421744
70.0,-88.0,14.0,7.6188383
70.0,-86.0,14.0,7.8366537
70.0,-84.0,14.0,8.33794
70.0,-82.0,14.0,8.052759
70.0,-80.0,14.0,7.43658
70.0,-78.0,14.0,7.2038174
70.0,-76.0,14.0,7.4600244
70.0,-74.0,14.0,7.423728
70.0,-72.0,14.0,7.2822657
70.0,-70.0,14.0,7.4626217
70.0,-68.0,14.0,7.706548
70.0,-66.0,14.0,7.7063923
70.0,-64.0,14.0,7.2731805
70.0,-62.0,14.0,7.179549
70.0,-60.0,14.0,7.4657483
70.0,-58.0,14.0,7.376477
70.0,-56.0,14.0,6.9595575
70.0,-54.0,14.0,7.1930604
70.0,-52.0,14.0,7.4532385
70.0,-50.0,14.0,7.4601917
70.0,-48.0,14.0,7.1665254
70.0,-46.0,14.0,6.8374023
70.0,-44.0,14.0,6.8754334
70.0,-42.0,14.0,7.2181563
70.0,-40.0,14.0,7.451961
70.0,-38.0,14.0,7.6150794
70.0,-36.0,14.0,7.508318
70.0,-34.0,14.0,7.309943
70.0,-32.0,14.0,7.2932763
70.0,-30.0,14.0,7.4434447
70.0,-28.0,14.0,7.2961817
70.0,-26.0,14.0,7.3413324
70.0,-24.0,14.0,7.6658864
70.0,-22.0,14.0,7.833254
70.0,-20.0,14.0,7.44339
70.0,-18.0,14.0,7.065735
70.0,-16.0,14.0,6.9731355
70.0,-14.0,14.0,7.2209
70.0,-12.0,14.0,7.216667
70.0,-10.0,14.0,7.48492
70.0,-8.0,14.0,8.110923
70.0,-6.0,14.0,8.267349
70.0,-4.0,14.0,7.6973596
70.0,-2.0,14.0,7.4389405
70.0,0.0,14.0,7.4753876
70.0,2.0,14.0,7.1253657
70.0,4.0,14.0,7.085972
70.0,6.0,14.0,7.972051
70.0,8.0,14.0,8.391977
70.0,10.0,14.0,7.4504223
70.0,12.0,14.0,6.891493
70.0,14.0,14.0,6.9371886
70.0,16.0,14.0,6.6336584
70.0,18.0,14.0,6.7825093
70.0,20.0,14.0,7.4664264
70.0,22.0,14.0,8.0315695
70.0,24.0,14.0,7.8180084
70.0,26.0,14.0,7.290323
70.0,28.0,14.0,7.380184
70.0,30.0,14.0,7.4453883
70.0,32.0,14.0,7.053313
70.0,34.0,14.0,6.6942306
70.0,36.0,14.0,6.8538685
70.0,38.0,14.0,7.400765
70.0,40.0,14.0,7.4188128
70.0,42.0,14.0,6.6981573
70.0,44.0,14.0,6.06165
70.0,46.0,14.0,6.07759
70.0,48.0,14.0,6.698296
70.0,50.0,14.0,7.4468565
70.0,52.0,14.0,7.4879847
70.0,54.0,14.0,6.9431925
70.0,56.0,14.0,6.7168174
70.0,58.0,14.0,7.035042
70.0,60.0,14.0,7.4533167
70.0,62.0,14.0,7.3886642
70.0,64.0,14.0,7.3129344
70.0,66.0,14.0,7.723071
70.0,68.0,14.0,8.05273
70.0,70.0,14.0,7.471099
70.0,72.0,14.0,7.001926
70.0,74.0,14.0,7.0797505
70.0,76.0,14.0,7.1227164
70.0,78.0,14.0,7.011681
70.0,80.0,14.0,7.4661736
70.0,82.0,14.0,8.559439
70.0,84.0,14.0,8.667253
70.0,86.0,14.0,7.779327
70.0,88.0,14.0,7.5134735
70.0,90.0,14.0,7.4910417
70.0,92.0,14.0,7.189081
70.0,94.0,14.0,7.4233775
70.0,96.0,14.0,8.255526
70.0,98.0,14.0,8.359924
70.0,100.0,14.0,7.4717493
70.0,102.0,14.0,7.1093235
70.0,104.0,14.0,7.094505
70.0,106.0,14.0,6.8472867
70.0,108.0,14.0,6.8413396
70.0,110.0,14.0,7.4803033
70.0,112.0,14.0,8.255203
70.0,114.0,14.0,8.158627
70.0,116.0,14.0,7.715678
70.0,118.0,14.0,7.66223
70.0,120.0,14.0,7.4898167
70.0,122.0,14.0,6.857978
70.0,124.0,14.0,6.615946
70.0,126.0,14.0,6.830068
70.0,128.0,14.0,7.4597077
70.0,130.0,14.0,7.457222
70.0,132.0,14.0,6.848032
70.0,134.0,14.0,6.3566537
70.0,136.0,14.0,6.275112
70.0,138.0,14.0,6.8958793
70.0,140.0,14.0,7.502397
70.0,142.0,14.0,7.297282
70.0,144.0,14.0,6.7541957
70.0,146.0,14.0,6.7460895
70.0,148.0,14.0,7.11119
70.0,150.0,14.0,7.4397774
70.0,152.0,14.0,7.224778
70.0,154.0,14.0,7.263225
70.0,156.0,14.0,7.9371777
70.0,158.0,14.0,7.98722
70.0,160.0,14.0,7.475254
70.0,162.0,14.0,7.1939783
70.0,164.0,14.0,7.189766
70.0,166.0,14.0,7.1485806
70.0,168.0,14.0,6.9468055
70.0,170.0,14.0,7.4828234
70.0,172.0,14.0,8.087583
70.0,174.0,14.0,7.725933
70.0,176.0,14.0,7.1373677
70.0,178.0,14.0,7.217341
70.0,180.0,14.0,7.479253
72.0,-180.0,14.0,8.59177
72.0,-178.0,14.0,8.401395
72.0,-176.0,14.0,8.610735
72.0,-174.0,14.0,9.425045
72.0,-172.0,14.0,9.2782755
72.0,-170.0,14.0,8.448929
72.0,-168.0,14.0,8.283285
72.0,-166.0,14.0,8.684468
72.0,-164.0,14.0,8.450052
72.0,-162.0,14.0,8.15427
72.0,-160.0,14.0,8.476272
72.0,-158.0,14.0,8.743778
72.0,-156.0,14.0,8.206131
72.0,-154.0,14.0,7.964904
72.0,-152.0,14.0,8.30824
72.0,-150.0,14.0,8.555361
72.0,-148.0,14.0,8.104131
72.0,-146.0,14.0,7.9379783
72.0,-144.0,14.0,8.33537
72.0,-142.0,14.0,8.702902
72.0,-140.0,14.0,8.727449
72.0,-138.0,14.0,8.325061
72.0,-136.0,14.0,8.247583
72.0,-134.0,14.0,8.271782
72.0,-132.0,14.0,8.604855
72.0,-130.0,14.0,8.652012
72.0,-128.0,14.0,8.582872
72.0,-126.0,14.0,7.997668
72.0,-124.0,14.0,7.791236
72.0,-122.0,14.0,8.218382
72.0,-120.0,14.0,8.629729
72.0,-118.0,14.0,8.516999
72.0,-116.0,14.0,8.601729
72.0,-114.0,14.0,8.935433
72.0,-112.0,14.0,8.8534
72.0,-110.0,14.0,8.425371
72.0,-108.0,14.0,8.223382
72.0,-106.0,14.0,8.359983
72.0,-104.0,14.0,8.346355
72.0,-102.0,14.0,8.425845
72.0,-100.0,14.0,8.688687
72.0,-98.0,14.0,9.092043
72.0,-96.0,14.0,8.942864
72.0,-94.0,14.0,8.720107
72.0,-92.0,14.0,8.519711
72.0,-90.0,14.0,8.586669
72.0,-88.0,14.0,8.742256
72.0,-86.0,14.0,9.249333
72.0,-84.0,14.0,9.630055
72.0,-82.0,14.0,9.484895
72.0,-80.0,14.0,8.732366
72.0,-78.0,14.0,8.503393
72.0,-76.0,14.0,8.595107
72.0,-74.0,14.0,8.580849
72.0,-72.0,14.0,8.389261
72.0,-70.0,14.0,8.563164
72.0,-68.0,14.0,8.714504
72.0,-66.0,14.0,8.711105
72.0,-64.0,14.0,8.501722
72.0,-62.0,14.0,8.462133
72.0,-60.0,14.0,8.729006
72.0,-58.0,14.0,8.503213
72.0,-56.0,14.0,8.289501
72.0,-54.0,14.0,8.757419
72.0,-52.0,14.0,8.98702
72.0,-50.0,14.0,8.806518
72.0,-48.0,14.0,8.463352
72.0,-46.0,14.0,8.136166
72.0,-44.0,14.0,8.031583
72.0,-42.0,14.0,8.467115
72.0,-40.0,14.0,8.722948
72.0,-38.0,14.0,8.85851
72.0,-36.0,14.0,8.573339
72.0,-34.0,14.0,8.235087
72.0,-32.0,14.0,8.274315
72.0,-30.0,14.0,8.438762
72.0,-28.0,14.0,8.126987
72.0,-26.0,14.0,8.16367
72.0,-24.0,14.0,8.497181
72.0,-22.0,14.0,8.725377
72.0,-20.0,14.0,8.386041
72.0,-18.0,14.0,8.076828
72.0,-16.0,14.0,8.1132145
72.0,-14.0,14.0,8.496983
72.0,-12.0,14.0,8.280745
72.0,-10.0,14.0,8.59015
72.0,-8.0,14.0,9.409053
72.0,-6.0,14.0,9.4648285
72.0,-4.0,14.0,8.65736
72.0,-2.0,14.0,8.563258
72.0,0.0,14.0,8.652892
72.0,2.0,14.0,8.225887
72.0,4.0,14.0,8.217886
72.0,6.0,14.0,8.99929
72.0,8.0,14.0,9.409721
72.0,10.0,14.0,8.659992
72.0,12.0,14.0,7.947911
72.0,14.0,14.0,8.093022
72.0,16.0,14.0,7.892551
72.0,18.0,14.0,7.8503966
72.0,20.0,14.0,8.603729
72.0,22.0,14.0,9.231686
72.0,24.0,14.0,9.081581
72.0,26.0,14.0,8.4711
72.0,28.0,14.0,8.522058
72.0,30.0,14.0,8.6907215
72.0,32.0,14.0,8.243488
72.0,34.0,14.0,7.517229
72.0,36.0,14.0,7.5866823
72.0,38.0,14.0,8.383115
72.0,40.0,14.0,8.57216
72.0,42.0,14.0,7.7829647
72.0,44.0,14.0,6.9148145
72.0,46.0,14.0,6.9663863
72.0,48.0,14.0,7.729539
72.0,50.0,14.0,8.742706
72.0,52.0,14.0,8.828734
72.0,54.0,14.0,8.106987
72.0,56.0,14.0,7.6679735
72.0,58.0,14.0,7.9842477
72.0,60.0,14.0,8.495297
72.0,62.0,14.0,8.419728
72.0,64.0,14.0,8.361345
72.0,66.0,14.0,8.955137
72.0,68.0,14.0,9.35041
72.0,70.0,14.0,8.565696
72.0,72.0,14.0,7.8489084
72.0,74.0,14.0,7.920414
72.0,76.0,14.0,8.14281
72.0,78.0,14.0,8.0450115
72.0,80.0,14.0,8.640624
72.0,82.0,14.0,10.0041685
72.0,84.0,14.0,10.104105
72.0,86.0,14.0,9.055823
72.0,88.0,14.0,8.756629
72.0,90.0,14.0,8.677347
72.0,92.0,14.0,8.170161
72.0,94.0,14.0,8.36132
72.0,96.0,14.0,9.463705
72.0,98.0,14.0,9.702952
72.0,100.0,14.0,8.596419
72.0,102.0,14.0,8.059399
72.0,104.0,14.0,8.036925
72.0,106.0,14.0,7.7411075
72.0,108.0,14.0,7.668694
72.0,110.0,14.0,8.490244
72.0,112.0,14.0,9.609684
72.0,114.0,14.0,9.469532
72.0,116.0,14.0,8.918204
72.0,118.0,14.0,8.868732
72.0,120.0,14.0,8.592778
72.0,122.0,14.0,7.7448883
72.0,124.0,14.0,7.660093
72.0,126.0,14.0,7.939992
72.0,128.0,14.0,8.597466
72.0,130.0,14.0,8.678683
72.0,132.0,14.0,7.811346
72.0,134.0,14.0,7.303252
72.0,136.0,14.0,7.3319683
72.0,138.0,14.0,7.950765
72.0,140.0,14.0,8.659367
72.0,142.0,14.0,8.317512
72.0,144.0,14.0,7.6022773
72.0,146.0,14.0,7.558955
72.0,148.0,14.0,8.2067175
72.0,150.0,14.0,8.757466
72.0,152.0,14.0,8.412075
72.0,154.0,14.0,8.438746
72.0,156.0,14.0,9.300602
72.0,158.0,14.0,9.657509
72.0,160.0,14.0,8.999346
72.0,162.0,14.0,8.673713
72.0,164.0,14.0,8.854712
72.0,166.0,14.0,8.607923
72.0,168.0,14.0,8.225239
72.0,170.0,14.0,8.668193
72.0,172.0,14.0,9.310972
72.0,174.0,14.0,8.687401
72.0,176.0,14.0,7.8583927
72.0,178.0,14.0,8.032092
72.0,180.0,14.0,8.59177
74.0,-180.0,14.0,7.7547035
74.0,-178.0,14.0,7.664638
74.0,-176.0,14.0,7.8316684
74.0,-174.0,14.0,8.5118475
74.0,-172.0,14.0,8.389956
74.0,-170.0,14.0,7.658073
74.0,-168.0,14.0,7.581032
74.0,-166.0,14.0,7.8678036
74.0,-164.0,14.0,7.67563
74.0,-162.0,14.0,7.4180784
74.0,-160.0,14.0,7.858087
74.0,-158.0,14.0,7.9980874
74.0,-156.0,14.0,7.63962
74.0,-154.0,14.0,7.4084144
74.0,-152.0,14.0,7.6530557
74.0,-150.0,14.0,7.8433847
74.0,-148.0,14.0,7.5125437
74.0,-146.0,14.0,7.242765
74.0,-144.0,14.0,7.587127
74.0,-142.0,14.0,8.053083
74.0,-140.0,14.0,7.9773593
74.0,-138.0,14.0,7.6682353
74.0,-136.0,14.0,7.623886
74.0,-134.0,14.0,7.7185097
74.0,-132.0,14.0,7.9481287
74.0,-130.0,14.0,8.03612
74.0,-128.0,14.0,7.8868437
74.0,-126.0,14.0,7.4831767
74.0,-124.0,14.0,7.2418003
74.0,-122.0,14.0,7.7030287
74.0,-120.0,14.0,7.9793777
74.0,-118.0,14.0,8.055323
74.0,-116.0,14.0,8.193349
74.0,-114.0,14.0,8.313626
74.0,-112.0,14.0,8.284271
74.0,-110.0,14.0,7.8442335
74.0,-108.0,14.0,7.671896
74.0,-106.0,14.0,7.7220273
74.0,-104.0,14.0,7.7121196
74.0,-102.0,14.0,7.6512585
74.0,-100.0,14.0,7.9068747
74.0,-98.0,14.0,8.319824
74.0,-96.0,14.0,8.139349
74.0,-94.0,14.0,7.9894824
74.0,-92.0,14.0,7.899844
74.0,-90.0,14.0,7.9846473
74.0,-88.0,14.0,7.979258
74.0,-86.0,14.0,8.367121
74.0,-84.0,14.0,8.858042
74.0,-82.0,14.0,8.644885
74.0,-80.0,14.0,7.960475
74.0,-78.0,14.0,7.731098
74.0,-76.0,14.0,7.934561
74.0,-74.0,14.0,7.8348713
74.0,-72.0,14.0,7.6632767
74.0,-70.0,14.0,7.811651
74.0,-68.0,14.0,8.06051
74.0,-66.0,14.0,8.019857
74.0,-64.0,14.0,7.7187138
74.0,-62.0,14.0,7.667789
74.0,-60.0,14.0,7.9289784
74.0,-58.0,14.0,7.7436147
74.0,-56.0,14.0,7.499881
74.0,-54.0,14.0,7.727742
74.0,-52.0,14.0,8.11891
74.0,-50.0,14.0,8.004062
74.0,-48.0,14.0,7.6792397
74.0,-46.0,14.0,7.382985
74.0,-44.0,14.0,7.3199873
74.0,-42.0,14.0,7.622083
74.0,-40.0,14.0,7.936816
74.0,-38.0,14.0,8.101949
74.0,-36.0,14.0,7.8033214
74.0,-34.0,14.0,7.450112
74.0,-32.0,14.0,7.585154
74.0,-30.0,14.0,7.757579
74.0,-28.0,14.0,7.514498
74.0,-26.0,14.0,7.558429
74.0,-24.0,14.0,7.8655176
74.0,-22.0,14.0,8.114913
74.0,-20.0,14.0,7.8004327
74.0,-18.0,14.0,7.4210467
74.0,-16.0,14.0,7.2914248
74.0,-14.0,14.0,7.634758
74.0,-12.0,14.0,7.5069165
74.0,-10.0,14.0,7.8666296
74.0,-8.0,14.0,8.567531
74.0,-6.0,14.0,8.635834
74.0,-4.0,14.0,7.9487257
74.0,-2.0,14.0,7.8366127
74.0,0.0,14.0,7.8509226
74.0,2.0,14.0,7.430698
74.0,4.0,14.0,7.391202
74.0,6.0,14.0,8.204315
74.0,8.0,14.0,8.648163
74.0,10.0,14.0,7.879696
74.0,12.0,14.0,7.243478
74.0,14.0,14.0,7.255474
74.0,16.0,14.0,7.1590667
74.0,18.0,14.0,7.259985
74.0,20.0,14.0,8.004378
74.0,22.0,14.0,8.488786
74.0,24.0,14.0,8.220199
74.0,26.0,14.0,7.7006745
74.0,28.0,14.0,7.777993
74.0,30.0,14.0,7.938779
74.0,32.0,14.0,7.6179757
74.0,34.0,14.0,7.094697
74.0,36.0,14.0,7.12256
74.0,38.0,14.0,7.6862516
74.0,40.0,14.0,7.8718996
74.0,42.0,14.0,7.213061
74.0,44.0,14.0,6.4968843
74.0,46.0,14.0,6.4678226
74.0,48.0,14.0,7.0518055
74.0,50.0,14.0,7.976443
74.0,52.0,14.0,8.059877
74.0,54.0,14.0,7.37071
74.0,56.0,14.0,7.0192304
74.0,58.0,14.0,7.3299975
74.0,60.0,14.0,7.892901
74.0,62.0,14.0,7.8630085
74.0,64.0,14.0,7.747568
74.0,66.0,14.0,8.281942
74.0,68.0,14.0,8.71785
74.0,70.0,14.0,7.940435
74.0,72.0,14.0,7.175781
74.0,74.0,14.0,7.270106
74.0,76.0,14.0,7.534246
74.0,78.0,14.0,7.396448
74.0,80.0,14.0,7.879093
74.0,82.0,14.0,9.114782
74.0,84.0,14.0,9.140701
74.0,86.0,14.0,8.167499
74.0,88.0,14.0,7.879018
74.0,90.0,14.0,7.919347
74.0,92.0,14.0,7.674201
74.0,94.0,14.0,7.8060584
74.0,96.0,14.0,8.79921
74.0,98.0,14.0,9.050238
74.0,100.0,14.0,7.891085
74.0,102.0,14.0,7.3965473
74.0,104.0,14.0,7.498386
74.0,106.0,14.0,7.281776
74.0,108.0,14.0,7.241406
74.0,110.0,14.0,7.9504657
74.0,112.0,14.0,8.868958
74.0,114.0,14.0,8.758174
74.0,116.0,14.0,8.231285
74.0,118.0,14.0,8.173367
74.0,120.0,14.0,8.010245
74.0,122.0,14.0,7.305431
74.0,124.0,14.0,7.113869
74.0,126.0,14.0,7.462716
74.0,128.0,14.0,8.121361
74.0,130.0,14.0,8.031363
74.0,132.0,14.0,7.067002
74.0,134.0,14.0,6.523294
74.0,136.0,14.0,6.5753794
74.0,138.0,14.0,7.2954636
74.0,140.0,14.0,8.002797
74.0,142.0,14.0,7.7696824
74.0,144.0,14.0,7.1345744
74.0,146.0,14.0,7.1141286
74.0,148.0,14.0,7.609783
74.0,150.0,14.0,7.964245
74.0,152.0,14.0,7.6984754
74.0,154.0,14.0,7.761873
74.0,156.0,14.0,8.528425
74.0,158.0,14.0,8.581176
74.0,160.0,14.0,8.049137
74.0,162.0,14.0,7.837799
74.0,164.0,14.0,7.693052
74.0,166.0,14.0,7.7033777
74.0,168.0,14.0,7.4328985
74.0,170.0,14.0,7.9315724
74.0,172.0,14.0,8.525916
74.0,174.0,14.0,7.9773936
74.0,176.0,14.0,7.219153
74.0,178.0,14.0,7.3362393
74.0,180.0,14.0,7.7547035
76.0,-180.0,14.0,7.5234327
76.0,-178.0,14.0,7.533091
76.0,-176.0,14.0,7.772469
76.0,-174.0,14.0,8.182549
76.0,-172.0,14.0,8.023594
76.0,-170.0,14.0,7.527109
76.0,-168.0,14.0,7.345889
76.0,-166.0,14.0,7.2957225
76.0,-164.0,14.0,7.0699544
76.0,-162.0,14.0,7.101823
76.0,-160.0,14.0,7.435084
76.0,-158.0,14.0,7.3524075
76.0,-156.0,14.0,7.1972866
76.0,-154.0,14.0,7.0947943
76.0,-152.0,14.0,7.2465153
76.0,-150.0,14.0,7.4649153
76.0,-148.0,14.0,7.2387404
76.0,-146.0,14.0,7.0126014
76.0,-144.0,14.0,7.131945
76.0,-142.0,14.0,7.3946795
76.0,-140.0,14.0,7.316213
76.0,-138.0,14.0,7.003861
76.0,-136.0,14.0,6.9364004
76.0,-134.0,14.0,6.945992
76.0,-132.0,14.0,7.1623
76.0,-130.0,14.0,7.422788
76.0,-128.0,14.0,7.4370713
76.0,-126.0,14.0,7.0167785
76.0,-124.0,14.0,6.6942835
76.0,-122.0,14.0,6.887861
76.0,-120.0,14.0,7.241114
76.0,-118.0,14.0,7.3108687
76.0,-116.0,14.0,7.43421
76.0,-114.0,14.0,7.699035
76.0,-112.0,14.0,7.7018733
76.0,-110.0,14.0,7.3879356
76.0,-108.0,14.0,7.1895194
76.0,-106.0,14.0,7.314886
76.0,-104.0,14.0,7.2176538
76.0,-102.0,14.0,7.1911197
76.0,-100.0,14.0,7.501102
76.0,-98.0,14.0,8.107437
76.0,-96.0,14.0,8.057215
76.0,-94.0,14.0,7.6824536
76.0,-92.0,14.0,7.4376974
76.0,-90.0,14.0,7.290686
76.0,-88.0,14.0,7.382089
76.0,-86.0,14.0,7.6959834
76.0,-84.0,14.0,8.200275
76.0,-82.0,14.0,8.013
76.0,-80.0,14.0,7.3901324
76.0,-78.0,14.0,7.097146
76.0,-76.0,14.0,7.280635
76.0,-74.0,14.0,7.2033277
76.0,-72.0,14.0,7.133375
76.0,-70.0,14.0,7.574145
76.0,-68.0,14.0,7.8449535
76.0,-66.0,14.0,7.799824
76.0,-64.0,14.0,7.416034
76.0,-62.0,14.0,7.299308
76.0,-60.0,14.0,7.3741655
76.0,-58.0,14.0,7.099457
76.0,-56.0,14.0,6.7471213
76.0,-54.0,14.0,7.0130596
76.0,-52.0,14.0,7.499739
76.0,-50.0,14.0,7.379973
76.0,-48.0,14.0,7.104838
76.0,-46.0,14.0,6.873396
76.0,-44.0,14.0,6.957884
76.0,-42.0,14.0,7.1905847
76.0,-40.0,14.0,7.4320884
76.0,-38.0,14.0,7.598438
76.0,-36.0,14.0,7.463184
76.0,-34.0,14.0,7.196413
76.0,-32.0,14.0,7.3749137
76.0,-30.0,14.0,7.432402
76.0,-28.0,14.0,7.380836
76.0,-26.0,14.0,7.3350673
76.0,-24.0,14.0,7.626197
76.0,-22.0,14.0,7.6633587
76.0,-20.0,14.0,7.431982
76.0,-18.0,14.0,6.947635
76.0,-16.0,14.0,6.7774644
76.0,-14.0,14.0,7.017972
76.0,-12.0,14.0,7.157961
76.0,-10.0,14.0,7.450797
76.0,-8.0,14.0,8.190868
76.0,-6.0,14.0,8.229825
76.0,-4.0,14.0,7.703616
76.0,-2.0,14.0,7.409246
76.0,0.0,14.0,7.3699355
76.0,2.0,14.0,7.007353
76.0,4.0,14.0,7.0161533
76.0,6.0,14.0,7.8298965
76.0,8.0,14.0,8.38505
76.0,10.0,14.0,7.398385
76.0,12.0,14.0,6.690114
76.0,14.0,14.0,6.7703915
76.0,16.0,14.0,6.7239337
76.0,18.0,14.0,6.7051954
76.0,20.0,14.0,7.2964315
76.0,22.0,14.0,7.801712
76.0,24.0,14.0,7.742937
76.0,26.0,14.0,7.2868037
76.0,28.0,14.0,7.2492347
76.0,30.0,14.0,7.441553
76.0,32.0,14.0,6.9323134
76.0,34.0,14.0,6.575297
76.0,36.0,14.0,6.626422
76.0,38.0,14.0,7.068692
76.0,40.0,14.0,7.326469
76.0,42.0,14.0,6.6680903
76.0,44.0,14.0,6.0383863
76.0,46.0,14.0,5.954859
76.0,48.0,14.0,6.521917
76.0,50.0,14.0,7.373196
76.0,52.0,14.0,7.358045
76.0,54.0,14.0,6.8137317
76.0,56.0,14.0,6.4755173
76.0,58.0,14.0,6.7563868
76.0,60.0,14.0,7.347747
76.0,62.0,14.0,7.295259
76.0,64.0,14.0,7.286439
76.0,66.0,14.0,7.6885223
76.0,68.0,14.0,7.988052
76.0,70.0,14.0,7.3858037
76.0,72.0,14.0,6.758114
76.0,74.0,14.0,6.891441
76.0,76.0,14.0,7.0627575
76.0,78.0,14.0,7.0138435
76.0,80.0,14.0,7.3923864
76.0,82.0,14.0,8.429741
76.0,84.0,14.0,8.435037
76.0,86.0,14.0,7.4343657
76.0,88.0,14.0,7.0712423
76.0,90.0,14.0,7.366359
76.0,92.0,14.0,7.23926
76.0,94.0,14.0,7.347845
76.0,96.0,14.0,8.303139
76.0,98.0,14.0,8.542945
76.0,100.0,14.0,7.3401313
76.0,102.0,14.0,6.938491
76.0,104.0,14.0,7.0011287
76.0,106.0,14.0,6.902796
76.0,108.0,14.0,6.7517114
76.0,110.0,14.0,7.377492
76.0,112.0,14.0,8.119229
76.0,114.0,14.0,8.009512
76.0,116.0,14.0,7.5929594
76.0,118.0,14.0,7.3195524
76.0,120.0,14.0,7.322328
76.0,122.0,14.0,6.7873964
76.0,124.0,14.0,6.695807
76.0,126.0,14.0,6.999669
76.0,128.0,14.0,7.4339867
76.0,130.0,14.0,7.3335915
76.0,132.0,14.0,6.469631
76.0,134.0,14.0,5.9108734
76.0,136.0,14.0,6.0503626
76.0,138.0,14.0,6.76134
76.0,140.0,14.0,7.296329
76.0,142.0,14.0,7.015846
76.0,144.0,14.0,6.6141005
76.0,146.0,14.0,6.6414866
76.0,148.0,14.0,6.907383
76.0,150.0,14.0,7.2454357
76.0,152.0,14.0,7.096365
76.0,154.0,14.0,7.1560097
76.0,156.0,14.0,7.8034887
76.0,158.0,14.0,7.7393103
76.0,160.0,14.0,7.154931
76.0,162.0,14.0,7.001916
76.0,164.0,14.0,6.8560457
76.0,166.0,14.0,6.8930006
76.0,168.0,14.0,6.7579303
76.0,170.0,14.0,7.335418
76.0,172.0,14.0,7.964412
76.0,174.0,14.0,7.557063
76.0,176.0,14.0,7.2066793
76.0,178.0,14.0,7.200966
76.0,180.0,14.0,7.5234327
78.0,-180.0,14.0,8.253035
78.0,-178.0,14.0,8.174153
78.0,-176.0,14.0,8.460955
78.0,-174.0,14.0,8.965462
78.0,-172.0,14.0,8.850695
78.0,-170.0,14.0,8.334852
78.0,-168.0,14.0,7.9536963
78.0,-166.0,14.0,7.8968687
78.0,-164.0,14.0,7.6663027
78.0,-162.0,14.0,7.597398
78.0,-160.0,14.0,7.9712167
78.0,-158.0,14.0,8.036992
78.0,-156.0,14.0,7.782937
78.0,-154.0,14.0,7.6973724
78.0,-152.0,14.0,7.8302345
78.0,-150.0,14.0,7.997376
78.0,-148.0,14.0,7.7612753
78.0,-146.0,14.0,7.608767
78.0,-144.0,14.0,7.7842546
78.0,-142.0,14.0,7.981718
78.0,-140.0,14.0,7.8546257
78.0,-138.0,14.0,7.5890017
78.0,-136.0,14.0,7.4092975
78.0,-134.0,14.0,7.3933277
78.0,-132.0,14.0,7.6932387
78.0,-130.0,14.0,7.996175
78.0,-128.0,14.0,8.220153
78.0,-126.0,14.0,7.76062
78.0,-124.0,14.0,7.33679
78.0,-122.0,14.0,7.331578
78.0,-120.0,14.0,7.777083
78.0,-118.0,14.0,7.780718
78.0,-116.0,14.0,7.873904
78.0,-114.0,14.0,8.108448
78.0,-112.0,14.0,8.265617
78.0,-110.0,14.0,7.9301014
78.0,-108.0,14.0,7.668981
78.0,-106.0,14.0,7.6990075
78.0,-104.0,14.0,7.6015835
78.0,-102.0,14.0,7.6629076
78.0,-100.0,14.0,8.035801
78.0,-98.0,14.0,8.761012
78.0,-96.0,14.0,8.843218
78.0,-94.0,14.0,8.310453
78.0,-92.0,14.0,8.024235
78.0,-90.0,14.0,7.7480392
78.0,-88.0,14.0,7.870811
78.0,-86.0,14.0,8.214152
78.0,-84.0,14.0,8.627811
78.0,-82.0,14.0,8.558559
78.0,-80.0,14.0,7.894373
78.0,-78.0,14.0,7.6699867
78.0,-76.0,14.0,7.5854344
78.0,-74.0,14.0,7.572643
78.0,-72.0,14.0,7.629794
78.0,-70.0,14.0,8.081153
78.0,-68.0,14.0,8.367675
78.0,-66.0,14.0,8.401603
78.0,-64.0,14.0,8.120545
78.0,-62.0,14.0,7.930457
78.0,-60.0,14.0,7.9022837
78.0,-58.0,14.0,7.652116
78.0,-56.0,14.0,7.2991457
78.0,-54.0,14.0,7.687188
78.0,-52.0,14.0,8.141702
78.0,-50.0,14.0,7.982666
78.0,-48.0,14.0,7.6318135
78.0,-46.0,14.0,7.505415
78.0,-44.0,14.0,7.465024
78.0,-42.0,14.0,7.7266736
78.0,-40.0,14.0,8.075473
78.0,-38.0,14.0,8.23058
78.0,-36.0,14.0,8.150327
78.0,-34.0,14.0,7.902024
78.0,-32.0,14.0,7.8782535
78.0,-30.0,14.0,7.9857097
78.0,-28.0,14.0,7.7507296
78.0,-26.0,14.0,7.869417
78.0,-24.0,14.0,8.260739
78.0,-22.0,14.0,8.3400955
78.0,-20.0,14.0,7.9096556
78.0,-18.0,14.0,7.475942
78.0,-16.0,14.0,7.2736783
78.0,-14.0,14.0,7.3537545
78.0,-12.0,14.0,7.476174
78.0,-10.0,14.0,7.8836274
78.0,-8.0,14.0,8.684135
78.0,-6.0,14.0,8.895761
78.0,-4.0,14.0,8.432825
78.0,-2.0,14.0,8.002056
78.0,0.0,14.0,7.831678
78.0,2.0,14.0,7.4479413
78.0,4.0,14.0,7.517724
78.0,6.0,14.0,8.429385
78.0,8.0,14.0,8.929394
78.0,10.0,14.0,7.8520436
78.0,12.0,14.0,7.1899257
78.0,14.0,14.0,7.212529
78.0,16.0,14.0,7.1030283
78.0,18.0,14.0,7.0855384
78.0,20.0,14.0,7.768738
78.0,22.0,14.0,8.508134
78.0,24.0,14.0,8.492985
78.0,26.0,14.0,8.066798
78.0,28.0,14.0,8.086397
78.0,30.0,14.0,8.051217
78.0,32.0,14.0,7.4357824
78.0,34.0,14.0,6.9902425
78.0,36.0,14.0,7.096086
78.0,38.0,14.0,7.7517734
78.0,40.0,14.0,7.949937
78.0,42.0,14.0,7.313695
78.0,44.0,14.0,6.456064
78.0,46.0,14.0,6.415702
78.0,48.0,14.0,7.2105436
78.0,50.0,14.0,7.9895034
78.0,52.0,14.0,7.866305
78.0,54.0,14.0,7.228011
78.0,56.0,14.0,6.8312798
78.0,58.0,14.0,7.2687826
78.0,60.0,14.0,7.871123
78.0,62.0,14.0,7.74338
78.0,64.0,14.0,7.727853
78.0,66.0,14.0,8.387233
78.0,68.0,14.0,8.729416
78.0,70.0,14.0,7.874755
78.0,72.0,14.0,7.223061
78.0,74.0,14.0,7.3616853
78.0,76.0,14.0,7.593099
78.0,78.0,14.0,7.469359
78.0,80.0,14.0,7.9521794
78.0,82.0,14.0,9.022136
78.0,84.0,14.0,8.996001
78.0,86.0,14.0,8.062622
78.0,88.0,14.0,7.687366
78.0,90.0,14.0,7.8538747
78.0,92.0,14.0,7.6438775
78.0,94.0,14.0,7.8237295
78.0,96.0,14.0,8.995292
78.0,98.0,14.0,9.089817
78.0,100.0,14.0,7.8060584
78.0,102.0,14.0,7.328368
78.0,104.0,14.0,7.4205604
78.0,106.0,14.0,7.231542
78.0,108.0,14.0,7.065363
78.0,110.0,14.0,7.832942
78.0,112.0,14.0,8.602097
78.0,114.0,14.0,8.516035
78.0,116.0,14.0,8.084051
78.0,118.0,14.0,7.8298965
78.0,120.0,14.0,7.754282
78.0,122.0,14.0,7.1233864
78.0,124.0,14.0,7.013465
78.0,126.0,14.0,7.4238467
78.0,128.0,14.0,7.922363
78.0,130.0,14.0,7.8346434
78.0,132.0,14.0,7.0484166
78.0,134.0,14.0,6.487148
78.0,136.0,14.0,6.5897794
78.0,138.0,14.0,7.314708
78.0,140.0,14.0,7.840285
78.0,142.0,14.0,7.5327606
78.0,144.0,14.0,7.0052714
78.0,146.0,14.0,7.0060606
78.0,148.0,14.0,7.46035
78.0,150.0,14.0,7.827998
78.0,152.0,14.0,7.6449785
78.0,154.0,14.0,7.762082
78.0,156.0,14.0,8.324826
78.0,158.0,14.0,8.373998
78.0,160.0,14.0,7.8076315
78.0,162.0,14.0,7.49186
78.0,164.0,14.0,7.4370856
78.0,166.0,14.0,7.4529667
78.0,168.0,14.0,7.4592648
78.0,170.0,14.0,7.94234
78.0,172.0,14.0,8.653154
78.0,174.0,14.0,8.237471
78.0,176.0,14.0,7.740521
78.0,178.0,14.0,7.804248
78.0,180.0,14.0,8.253035
80.0,-180.0,14.0,7.4498277
80.0,-178.0,14.0,7.328766
80.0,-176.0,14.0,7.476687
80.0,-174.0,14.0,8.23613
80.0,-172.0,14.0,8.126291
80.0,-170.0,14.0,7.44155
80.0,-168.0,14.0,7.1838717
80.0,-166.0,14.0,7.39715
80.0,-164.0,14.0,7.323688
80.0,-162.0,14.0,7.154812
80.0,-160.0,14.0,7.45017
80.0,-158.0,14.0,7.6189365
80.0,-156.0,14.0,7.2130094
80.0,-154.0,14.0,6.9948545
80.0,-152.0,14.0,7.1904945
80.0,-150.0,14.0,7.4582515
80.0,-148.0,14.0,7.1430106
80.0,-146.0,14.0,7.0330067
80.0,-144.0,14.0,7.2009125
80.0,-142.0,14.0,7.442059
80.0,-140.0,14.0,7.4657054
80.0,-138.0,14.0,7.3447747
80.0,-136.0,14.0,7.2516236
80.0,-134.0,14.0,7.1718693
80.0,-132.0,14.0,7.2669096
80.0,-130.0,14.0,7.485425
80.0,-128.0,14.0,7.610901
80.0,-126.0,14.0,7.2835765
80.0,-124.0,14.0,6.997895
80.0,-122.0,14.0,6.9924808
80.0,-120.0,14.0,7.459345
80.0,-118.0,14.0,7.6039414
80.0,-116.0,14.0,7.6544223
80.0,-114.0,14.0,7.6711936
80.0,-112.0,14.0,7.703758
80.0,-110.0,14.0,7.4808292
80.0,-108.0,14.0,7.321186
80.0,-106.0,14.0,7.307061
80.0,-104.0,14.0,7.3217397
80.0,-102.0,14.0,7.408817
80.0,-100.0,14.0,7.4948025
80.0,-98.0,14.0,7.9449267
80.0,-96.0,14.0,8.14041
80.0,-94.0,14.0,7.7825046
80.0,-92.0,14.0,7.459539
80.0,-90.0,14.0,7.47737
80.0,-88.0,14.0,7.558995
80.0,-86.0,14.0,7.7296033
80.0,-84.0,14.0,7.90737
80.0,-82.0,14.0,7.8901877
80.0,-80.0,14.0,7.4405155
80.0,-78.0,14.0,7.3084874
80.0,-76.0,14.0,7.2410865
80.0,-74.0,14.0,7.3524127
80.0,-72.0,14.0,7.3986073
80.0,-70.0,14.0,7.474463
80.0,-68.0,14.0,7.718854
80.0,-66.0,14.0,7.676584
80.0,-64.0,14.0,7.330458
80.0,-62.0,14.0,7.122064
80.0,-60.0,14.0,7.4142823
80.0,-58.0,14.0,7.060095
80.0,-56.0,14.0,6.865136
80.0,-54.0,14.0,6.93002
80.0,-52.0,14.0,7.441715
80.0,-50.0,14.0,7.4597325
80.0,-48.0,14.0,6.992018
80.0,-46.0,14.0,6.932573
80.0,-44.0,14.0,6.8727207
80.0,-42.0,14.0,6.9964623
80.0,-40.0,14.0,7.480446
80.0,-38.0,14.0,7.6800785
80.0,-36.0,14.0,7.5395684
80.0,-34.0,14.0,7.236631
80.0,-32.0,14.0,7.1095233
80.0,-30.0,14.0,7.4434805
80.0,-28.0,14.0,7.2859855
80.0,-26.0,14.0,7.1509986
80.0,-24.0,14.0,7.5593734
80.0,-22.0,14.0,7.8008103
80.0,-20.0,14.0,7.462189
80.0,-18.0,14.0,7.0272527
80.0,-16.0,14.0,6.867196
80.0,-14.0,14.0,6.983951
80.0,-12.0,14.0,7.068532
80.0,-10.0,14.0,7.4754214
80.0,-8.0,14.0,8.321124
80.0,-6.0,14.0,8.62948
80.0,-4.0,14.0,7.9542575
80.0,-2.0,14.0,7.611924
80.0,0.0,14.0,7.46841
80.0,2.0,14.0,7.1745286
80.0,4.0,14.0,7.1255827
80.0,6.0,14.0,7.8843093
80.0,8.0,14.0,8.280809
80.0,10.0,14.0,7.4527106
80.0,12.0,14.0,6.8673887
80.0,14.0,14.0,6.805373
80.0,16.0,14.0,6.7606907
80.0,18.0,14.0,6.840024
80.0,20.0,14.0,7.4702992
80.0,22.0,14.0,8.214403
80.0,24.0,14.0,8.168079
80.0,26.0,14.0,7.5549283
80.0,28.0,14.0,7.4792047
80.0,30.0,14.0,7.4772773
80.0,32.0,14.0,6.9688435
80.0,34.0,14.0,6.5354238
80.0,36.0,14.0,6.6917453
80.0,38.0,14.0,7.1912136
80.0,40.0,14.0,7.4642086
80.0,42.0,14.0,6.7546306
80.0,44.0,14.0,6.0288906
80.0,46.0,14.0,5.88953
80.0,48.0,14.0,6.5437317
80.0,50.0,14.0,7.43908
80.0,52.0,14.0,7.5093384
80.0,54.0,14.0,6.8546925
80.0,56.0,14.0,6.5180144
80.0,58.0,14.0,6.862297
80.0,60.0,14.0,7.4492483
80.0,62.0,14.0,7.3182535
80.0,64.0,14.0,7.254003
80.0,66.0,14.0,7.844112
80.0,68.0,14.0,8.235427
80.0,70.0,14.0,7.488474
80.0,72.0,14.0,6.9779363
80.0,74.0,14.0,7.1439505
80.0,76.0,14.0,7.218706
80.0,78.0,14.0,7.0593534
80.0,80.0,14.0,7.4601703
80.0,82.0,14.0,8.488378
80.0,84.0,14.0,8.558047
80.0,86.0,14.0,7.624546
80.0,88.0,14.0,7.342141
80.0,90.0,14.0,7.4647675
80.0,92.0,14.0,7.2344775
80.0,94.0,14.0,7.329643
80.0,96.0,14.0,8.348909
80.0,98.0,14.0,8.494018
80.0,100.0,14.0,7.457099
80.0,102.0,14.0,7.0366883
80.0,104.0,14.0,7.1205473
80.0,106.0,14.0,6.9020987
80.0,108.0,14.0,6.76439
80.0,110.0,14.0,7.465976
80.0,112.0,14.0,8.326595
80.0,114.0,14.0,8.139662
80.0,116.0,14.0,7.620268
80.0,118.0,14.0,7.574259
80.0,120.0,14.0,7.4781384
80.0,122.0,14.0,6.862575
80.0,124.0,14.0,6.6186986
80.0,126.0,14.0,7.081146
80.0,128.0,14.0,7.684027
80.0,130.0,14.0,7.455252
80.0,132.0,14.0,6.696245
80.0,134.0,14.0,6.304945
80.0,136.0,14.0,6.446389
80.0,138.0,14.0,6.944171
80.0,140.0,14.0,7.460108
80.0,142.0,14.0,7.19304
80.0,144.0,14.0,6.788008
80.0,146.0,14.0,6.7618804
80.0,148.0,14.0,7.1115646
80.0,150.0,14.0,7.468711
80.0,152.0,14.0,7.3958435
80.0,154.0,14.0,7.556978
80.0,156.0,14.0,7.9511423
80.0,158.0,14.0,7.9319186
80.0,160.0,14.0,7.4635878
80.0,162.0,14.0,7.062672
80.0,164.0,14.0,6.9901905
80.0,166.0,14.0,7.001796
80.0,168.0,14.0,7.001294
80.0,170.0,14.0,7.4760633
80.0,172.0,14.0,8.186191
80.0,174.0,14.0,7.680205
80.0,176.0,14.0,6.9088135
80.0,178.0,14.0,7.0370626
80.0,180.0,14.0,7.4498277
