lat_deg,lon_deg,h_km,dose_uSvph
-80.0,-180.0,20.0,14.021359
-80.0,-178.0,20.0,13.9256315
-80.0,-176.0,20.0,13.74579
-80.0,-174.0,20.0,14.007813
-80.0,-172.0,20.0,14.365339
-80.0,-170.0,20.0,13.989344
-80.0,-168.0,20.0,13.802215
-80.0,-166.0,20.0,14.007894
-80.0,-164.0,20.0,13.982581
-80.0,-162.0,20.0,13.840875
-80.0,-160.0,20.0,14.057664
-80.0,-158.0,20.0,14.465032
-80.0,-156.0,20.0,14.293237
-80.0,-154.0,20.0,14.022343
-80.0,-152.0,20.0,14.030893
-80.0,-150.0,20.0,14.0557375
-80.0,-148.0,20.0,13.488627
-80.0,-146.0,20.0,13.22378
-80.0,-144.0,20.0,13.415103
-80.0,-142.0,20.0,13.830699
-80.0,-140.0,20.0,14.081692
-80.0,-138.0,20.0,13.85534
-80.0,-136.0,20.0,13.448995
-80.0,-134.0,20.0,13.390645
-80.0,-132.0,20.0,13.6695595
-80.0,-130.0,20.0,14.055117
-80.0,-128.0,20.0,13.985182
-80.0,-126.0,20.0,13.679011
-80.0,-124.0,20.0,13.524069
-80.0,-122.0,20.0,13.764722
-80.0,-120.0,20.0,14.0258
-80.0,-118.0,20.0,13.984235
-80.0,-116.0,20.0,13.351211
-80.0,-114.0,20.0,13.70346
-80.0,-112.0,20.0,14.157374
-80.0,-110.0,20.0,14.017516
-80.0,-108.0,20.0,13.661509
-80.0,-106.0,20.0,13.648695
-80.0,-104.0,20.0,13.929271
-80.0,-102.0,20.0,13.809469
-80.0,-100.0,20.0,13.99585
-80.0,-98.0,20.0,14.719147
-80.0,-96.0,20.0,14.887433
-80.0,-94.0,20.0,14.281485
-80.0,-92.0,20.0,13.956882
-80.0,-90.0,20.0,13.991482
-80.0,-88.0,20.0,13.623012
-80.0,-86.0,20.0,13.49324
-80.0,-84.0,20.0,14.041723
-80.0,-82.0,20.0,14.416372
-80.0,-80.0,20.0,13.991348
-80.0,-78.0,20.0,13.501394
-80.0,-76.0,20.0,13.723758
-80.0,-74.0,20.0,13.583645
-80.0,-72.0,20.0,13.5536785
-80.0,-70.0,20.0,14.039423
-80.0,-68.0,20.0,14.714287
-80.0,-66.0,20.0,14.491666
-80.0,-64.0,20.0,13.844724
-80.0,-62.0,20.0,13.7753725
-80.0,-60.0,20.0,14.000251
-80.0,-58.0,20.0,13.6335945
-80.0,-56.0,20.0,13.071263
-80.0,-54.0,20.0,13.335943
-80.0,-52.0,20.0,13.967092
-80.0,-50.0,20.0,14.042543
-80.0,-48.0,20.0,13.877728
-80.0,-46.0,20.0,13.636205
-80.0,-44.0,20.0,13.694987
-80.0,-42.0,20.0,13.775766
-80.0,-40.0,20.0,13.994481
-80.0,-38.0,20.0,14.085305
-80.0,-36.0,20.0,13.941006
-80.0,-34.0,20.0,13.6988735
-80.0,-32.0,20.0,13.94804
-80.0,-30.0,20.0,14.001443
-80.0,-28.0,20.0,14.375816
-80.0,-26.0,20.0,14.456998
-80.0,-24.0,20.0,14.264075
-80.0,-22.0,20.0,14.218733
-80.0,-20.0,20.0,13.996126
-80.0,-18.0,20.0,14.538403
-80.0,-16.0,20.0,14.71046
-80.0,-14.0,20.0,14.156537
-80.0,-12.0,20.0,13.806322
-80.0,-10.0,20.0,14.02483
-80.0,-8.0,20.0,14.169491
-80.0,-6.0,20.0,13.967364
-80.0,-4.0,20.0,14.13197
-80.0,-2.0,20.0,14.481208
-80.0,0.0,20.0,14.012417
-80.0,2.0,20.0,13.63999
-80.0,4.0,20.0,13.535123
-80.0,6.0,20.0,13.774322
-80.0,8.0,20.0,13.876018
-80.0,10.0,20.0,14.051881
-80.0,12.0,20.0,14.809599
-80.0,14.0,20.0,14.551395
-80.0,16.0,20.0,14.067669
-80.0,18.0,20.0,13.925399
-80.0,20.0,20.0,14.050624
-80.0,22.0,20.0,14.159403
-80.0,24.0,20.0,14.447977
-80.0,26.0,20.0,14.86608
-80.0,28.0,20.0,14.716002
-80.0,30.0,20.0,13.993597
-80.0,32.0,20.0,13.063767
-80.0,34.0,20.0,12.882725
-80.0,36.0,20.0,13.391791
-80.0,38.0,20.0,13.723564
-80.0,40.0,20.0,13.958769
-80.0,42.0,20.0,14.400052
-80.0,44.0,20.0,14.871986
-80.0,46.0,20.0,15.026019
-80.0,48.0,20.0,14.817743
-80.0,50.0,20.0,14.024368
-80.0,52.0,20.0,13.237893
-80.0,54.0,20.0,13.198361
-80.0,56.0,20.0,13.106039
-80.0,58.0,20.0,13.340574
-80.0,60.0,20.0,14.020811
-80.0,62.0,20.0,14.537892
-80.0,64.0,20.0,14.557996
-80.0,66.0,20.0,14.557729
-80.0,68.0,20.0,14.364877
-80.0,70.0,20.0,13.974819
-80.0,72.0,20.0,13.515887
-80.0,74.0,20.0,13.823792
-80.0,76.0,20.0,14.004217
-80.0,78.0,20.0,14.130872
-80.0,80.0,20.0,14.006852
-80.0,82.0,20.0,13.934014
-80.0,84.0,20.0,13.964801
-80.0,86.0,20.0,13.782616
-80.0,88.0,20.0,13.6114435
-80.0,90.0,20.0,14.037669
-80.0,92.0,20.0,14.60527
-80.0,94.0,20.0,14.878682
-80.0,96.0,20.0,14.976741
-80.0,98.0,20.0,14.633859
-80.0,100.0,20.0,14.020931
-80.0,102.0,20.0,13.981901
-80.0,104.0,20.0,14.157284
-80.0,106.0,20.0,13.875998
-80.0,108.0,20.0,14.070419
-80.0,110.0,20.0,14.019247
-80.0,112.0,20.0,14.273008
-80.0,114.0,20.0,14.609035
-80.0,116.0,20.0,14.4508915
-80.0,118.0,20.0,14.192786
-80.0,120.0,20.0,14.03707
-80.0,122.0,20.0,14.074647
-80.0,124.0,20.0,13.625493
-80.0,126.0,20.0,13.519819
-80.0,128.0,20.0,13.466784
-80.0,130.0,20.0,14.003797
-80.0,132.0,20.0,14.49366
-80.0,134.0,20.0,14.661825
-80.0,136.0,20.0,14.322987
-80.0,138.0,20.0,13.907853
-80.0,140.0,20.0,14.073949
-80.0,142.0,20.0,14.349305
-80.0,144.0,20.0,14.108707
-80.0,146.0,20.0,13.765507
-80.0,148.0,20.0,13.732372
-80.0,150.0,20.0,14.054182
-80.0,152.0,20.0,14.235368
-80.0,154.0,20.0,13.9712515
-80.0,156.0,20.0,14.210142
-80.0,158.0,20.0,14.539245
-80.0,160.0,20.0,14.018001
-80.0,162.0,20.0,13.7366295
-80.0,164.0,20.0,14.025057
-80.0,166.0,20.0,14.316408
-80.0,168.0,20.0,14.18534
-80.0,170.0,20.0,14.017215
-80.0,172.0,20.0,14.670854
-80.0,174.0,20.0,14.571407
-80.0,176.0,20.0,13.804867
-80.0,178.0,20.0,13.890575
-80.0,180.0,20.0,14.021359
-78.0,-180.0,20.0,15.1723585
-78.0,-178.0,20.0,14.74845
-78.0,-176.0,20.0,14.472551
-78.0,-174.0,20.0,14.99743
-78.0,-172.0,20.0,15.610577
-78.0,-170.0,20.0,15.132136
-78.0,-168.0,20.0,14.732147
-78.0,-166.0,20.0,14.977676
-78.0,-164.0,20.0,14.632889
-78.0,-162.0,20.0,14.528094
-78.0,-160.0,20.0,15.029172
-78.0,-158.0,20.0,15.357579
-78.0,-156.0,20.0,15.305257
-78.0,-154.0,20.0,15.004175
-78.0,-152.0,20.0,14.688651
-78.0,-150.0,20.0,14.798403
-78.0,-148.0,20.0,14.627727
-78.0,-146.0,20.0,14.206988
-78.0,-144.0,20.0,14.016586
-78.0,-142.0,20.0,14.286102
-78.0,-140.0,20.0,14.6428175
-78.0,-138.0,20.0,14.408332
-78.0,-136.0,20.0,13.936592
-78.0,-134.0,20.0,13.960553
-78.0,-132.0,20.0,14.201631
-78.0,-130.0,20.0,14.790033
-78.0,-128.0,20.0,14.673198
-78.0,-126.0,20.0,14.103512
-78.0,-124.0,20.0,14.318121
-78.0,-122.0,20.0,14.192201
-78.0,-120.0,20.0,14.552881
-78.0,-118.0,20.0,14.473852
-78.0,-116.0,20.0,14.317623
-78.0,-114.0,20.0,14.6244135
-78.0,-112.0,20.0,14.893294
-78.0,-110.0,20.0,14.769729
-78.0,-108.0,20.0,14.65862
-78.0,-106.0,20.0,14.376427
-78.0,-104.0,20.0,14.426931
-78.0,-102.0,20.0,14.277681
-78.0,-100.0,20.0,14.873284
-78.0,-98.0,20.0,15.413049
-78.0,-96.0,20.0,15.466923
-78.0,-94.0,20.0,14.864939
-78.0,-92.0,20.0,14.610027
-78.0,-90.0,20.0,14.4349
-78.0,-88.0,20.0,14.071191
-78.0,-86.0,20.0,14.052708
-78.0,-84.0,20.0,14.337234
-78.0,-82.0,20.0,14.7803955
-78.0,-80.0,20.0,14.449723
-78.0,-78.0,20.0,14.2746935
-78.0,-76.0,20.0,14.1728325
-78.0,-74.0,20.0,13.964528
-78.0,-72.0,20.0,14.1725445
-78.0,-70.0,20.0,14.723815
-78.0,-68.0,20.0,15.195031
-78.0,-66.0,20.0,15.099888
-78.0,-64.0,20.0,14.479475
-78.0,-62.0,20.0,14.194515
-78.0,-60.0,20.0,14.472072
-78.0,-58.0,20.0,13.975996
-78.0,-56.0,20.0,13.440641
-78.0,-54.0,20.0,13.766799
-78.0,-52.0,20.0,14.44662
-78.0,-50.0,20.0,14.679083
-78.0,-48.0,20.0,14.301697
-78.0,-46.0,20.0,14.145086
-78.0,-44.0,20.0,14.420377
-78.0,-42.0,20.0,14.624839
-78.0,-40.0,20.0,14.72451
-78.0,-38.0,20.0,14.599184
-78.0,-36.0,20.0,14.61016
-78.0,-34.0,20.0,14.579424
-78.0,-32.0,20.0,14.753268
-78.0,-30.0,20.0,14.955738
-78.0,-28.0,20.0,15.31228
-78.0,-26.0,20.0,15.444405
-78.0,-24.0,20.0,15.444599
-78.0,-22.0,20.0,15.476842
-78.0,-20.0,20.0,15.178883
-78.0,-18.0,20.0,15.093176
-78.0,-16.0,20.0,15.138173
-78.0,-14.0,20.0,15.004715
-78.0,-12.0,20.0,14.843446
-78.0,-10.0,20.0,14.827448
-78.0,-8.0,20.0,14.986867
-78.0,-6.0,20.0,14.948102
-78.0,-4.0,20.0,14.982048
-78.0,-2.0,20.0,15.148247
-78.0,0.0,20.0,14.90379
-78.0,2.0,20.0,14.645119
-78.0,4.0,20.0,14.544937
-78.0,6.0,20.0,14.772535
-78.0,8.0,20.0,14.710769
-78.0,10.0,20.0,14.79302
-78.0,12.0,20.0,15.254648
-78.0,14.0,20.0,15.131938
-78.0,16.0,20.0,14.956808
-78.0,18.0,20.0,14.91508
-78.0,20.0,20.0,14.991031
-78.0,22.0,20.0,15.653642
-78.0,24.0,20.0,16.060486
-78.0,26.0,20.0,16.176422
-78.0,28.0,20.0,15.7805605
-78.0,30.0,20.0,14.933095
-78.0,32.0,20.0,14.434463
-78.0,34.0,20.0,13.977992
-78.0,36.0,20.0,14.079845
-78.0,38.0,20.0,14.360658
-78.0,40.0,20.0,14.777414
-78.0,42.0,20.0,15.5238495
-78.0,44.0,20.0,16.021992
-78.0,46.0,20.0,15.846603
-78.0,48.0,20.0,15.5407505
-78.0,50.0,20.0,15.010895
-78.0,52.0,20.0,14.733026
-78.0,54.0,20.0,14.614765
-78.0,56.0,20.0,14.484491
-78.0,58.0,20.0,14.527997
-78.0,60.0,20.0,14.976987
-78.0,62.0,20.0,15.953578
-78.0,64.0,20.0,16.047697
-78.0,66.0,20.0,15.928683
-78.0,68.0,20.0,15.783201
-78.0,70.0,20.0,15.438712
-78.0,72.0,20.0,15.08783
-78.0,74.0,20.0,15.061344
-78.0,76.0,20.0,15.093341
-78.0,78.0,20.0,15.207528
-78.0,80.0,20.0,15.256824
-78.0,82.0,20.0,15.555059
-78.0,84.0,20.0,15.673419
-78.0,86.0,20.0,15.170319
-78.0,88.0,20.0,14.998924
-78.0,90.0,20.0,15.433123
-78.0,92.0,20.0,15.877141
-78.0,94.0,20.0,16.008245
-78.0,96.0,20.0,16.442226
-78.0,98.0,20.0,16.3334
-78.0,100.0,20.0,15.707825
-78.0,102.0,20.0,15.40868
-78.0,104.0,20.0,15.479067
-78.0,106.0,20.0,15.588116
-78.0,108.0,20.0,15.606844
-78.0,110.0,20.0,15.90238
-78.0,112.0,20.0,15.982828
-78.0,114.0,20.0,16.20386
-78.0,116.0,20.0,15.884566
-78.0,118.0,20.0,15.609984
-78.0,120.0,20.0,15.629845
-78.0,122.0,20.0,15.700381
-78.0,124.0,20.0,15.327387
-78.0,126.0,20.0,15.019966
-78.0,128.0,20.0,15.2131195
-78.0,130.0,20.0,15.768649
-78.0,132.0,20.0,16.066988
-78.0,134.0,20.0,15.75396
-78.0,136.0,20.0,15.227461
-78.0,138.0,20.0,14.794632
-78.0,140.0,20.0,15.245413
-78.0,142.0,20.0,15.504512
-78.0,144.0,20.0,15.096191
-78.0,146.0,20.0,14.625331
-78.0,148.0,20.0,14.714606
-78.0,150.0,20.0,15.079
-78.0,152.0,20.0,15.142606
-78.0,154.0,20.0,15.052442
-78.0,156.0,20.0,15.587135
-78.0,158.0,20.0,15.889619
-78.0,160.0,20.0,15.290883
-78.0,162.0,20.0,14.739399
-78.0,164.0,20.0,14.975916
-78.0,166.0,20.0,15.273623
-78.0,168.0,20.0,15.051049
-78.0,170.0,20.0,15.419337
-78.0,172.0,20.0,16.12294
-78.0,174.0,20.0,16.133282
-78.0,176.0,20.0,15.352893
-78.0,178.0,20.0,15.048685
-78.0,180.0,20.0,15.1723585
-76.0,-180.0,20.0,13.780108
-76.0,-178.0,20.0,13.447542
-76.0,-176.0,20.0,13.375779
-76.0,-174.0,20.0,13.721461
-76.0,-172.0,20.0,14.183832
-76.0,-170.0,20.0,13.842545
-76.0,-168.0,20.0,13.591562
-76.0,-166.0,20.0,13.69058
-76.0,-164.0,20.0,13.246566
-76.0,-162.0,20.0,13.342024
-76.0,-160.0,20.0,13.8081255
-76.0,-158.0,20.0,14.113008
-76.0,-156.0,20.0,13.988503
-76.0,-154.0,20.0,13.905108
-76.0,-152.0,20.0,13.627913
-76.0,-150.0,20.0,13.610486
-76.0,-148.0,20.0,13.292665
-76.0,-146.0,20.0,12.945847
-76.0,-144.0,20.0,12.8960495
-76.0,-142.0,20.0,13.196933
-76.0,-140.0,20.0,13.530371
-76.0,-138.0,20.0,13.369479
-76.0,-136.0,20.0,12.887802
-76.0,-134.0,20.0,12.9405365
-76.0,-132.0,20.0,13.364202
-76.0,-130.0,20.0,13.715161
-76.0,-128.0,20.0,13.496863
-76.0,-126.0,20.0,13.064958
-76.0,-124.0,20.0,13.185585
-76.0,-122.0,20.0,13.227078
-76.0,-120.0,20.0,13.525023
-76.0,-118.0,20.0,13.393049
-76.0,-116.0,20.0,13.1800785
-76.0,-114.0,20.0,13.6351185
-76.0,-112.0,20.0,13.888549
-76.0,-110.0,20.0,13.732912
-76.0,-108.0,20.0,13.575331
-76.0,-106.0,20.0,13.477759
-76.0,-104.0,20.0,13.415714
-76.0,-102.0,20.0,13.17161
-76.0,-100.0,20.0,13.752677
-76.0,-98.0,20.0,14.2115755
-76.0,-96.0,20.0,14.146227
-76.0,-94.0,20.0,13.681575
-76.0,-92.0,20.0,13.490641
-76.0,-90.0,20.0,13.53259
-76.0,-88.0,20.0,13.1185255
-76.0,-86.0,20.0,12.982988
-76.0,-84.0,20.0,13.498466
-76.0,-82.0,20.0,13.69711
-76.0,-80.0,20.0,13.495991
-76.0,-78.0,20.0,13.244466
-76.0,-76.0,20.0,13.243891
-76.0,-74.0,20.0,12.9616785
-76.0,-72.0,20.0,13.133293
-76.0,-70.0,20.0,13.560386
-76.0,-68.0,20.0,13.962427
-76.0,-66.0,20.0,13.795454
-76.0,-64.0,20.0,13.403661
-76.0,-62.0,20.0,13.2476015
-76.0,-60.0,20.0,13.593049
-76.0,-58.0,20.0,13.067036
-76.0,-56.0,20.0,12.515761
-76.0,-54.0,20.0,12.930722
-76.0,-52.0,20.0,13.478977
-76.0,-50.0,20.0,13.487289
-76.0,-48.0,20.0,13.267227
-76.0,-46.0,20.0,13.2756815
-76.0,-44.0,20.0,13.459375
-76.0,-42.0,20.0,13.398076
-76.0,-40.0,20.0,13.678228
-76.0,-38.0,20.0,13.524352
-76.0,-36.0,20.0,13.556267
-76.0,-34.0,20.0,13.477119
-76.0,-32.0,20.0,13.592586
-76.0,-30.0,20.0,13.859948
-76.0,-28.0,20.0,14.270389
-76.0,-26.0,20.0,14.277052
-76.0,-24.0,20.0,14.226851
-76.0,-22.0,20.0,14.3256
-76.0,-20.0,20.0,14.031646
-76.0,-18.0,20.0,13.901104
-76.0,-16.0,20.0,13.93847
-76.0,-14.0,20.0,13.807987
-76.0,-12.0,20.0,13.684569
-76.0,-10.0,20.0,13.78467
-76.0,-8.0,20.0,14.191987
-76.0,-6.0,20.0,13.844724
-76.0,-4.0,20.0,13.895299
-76.0,-2.0,20.0,14.036882
-76.0,0.0,20.0,13.739842
-76.0,2.0,20.0,13.65568
-76.0,4.0,20.0,13.567124
-76.0,6.0,20.0,14.0419035
-76.0,8.0,20.0,13.947774
-76.0,10.0,20.0,13.974533
-76.0,12.0,20.0,14.301642
-76.0,14.0,20.0,14.248413
-76.0,16.0,20.0,13.795194
-76.0,18.0,20.0,13.743741
-76.0,20.0,20.0,13.990018
-76.0,22.0,20.0,14.330355
-76.0,24.0,20.0,14.805313
-76.0,26.0,20.0,14.8161745
-76.0,28.0,20.0,14.611066
-76.0,30.0,20.0,13.993554
-76.0,32.0,20.0,13.454004
-76.0,34.0,20.0,12.953037
-76.0,36.0,20.0,13.230459
-76.0,38.0,20.0,13.451054
-76.0,40.0,20.0,14.00625
-76.0,42.0,20.0,14.434239
-76.0,44.0,20.0,14.779645
-76.0,46.0,20.0,14.695975
-76.0,48.0,20.0,14.226444
-76.0,50.0,20.0,13.845083
-76.0,52.0,20.0,13.577253
-76.0,54.0,20.0,13.564353
-76.0,56.0,20.0,13.431329
-76.0,58.0,20.0,13.377182
-76.0,60.0,20.0,13.807896
-76.0,62.0,20.0,14.448259
-76.0,64.0,20.0,14.634466
-76.0,66.0,20.0,14.580088
-76.0,68.0,20.0,14.605639
-76.0,70.0,20.0,14.215174
-76.0,72.0,20.0,13.6163
-76.0,74.0,20.0,13.7142105
-76.0,76.0,20.0,13.818846
-76.0,78.0,20.0,14.071469
-76.0,80.0,20.0,14.094731
-76.0,82.0,20.0,14.388524
-76.0,84.0,20.0,14.188195
-76.0,86.0,20.0,13.893642
-76.0,88.0,20.0,13.7465925
-76.0,90.0,20.0,14.046213
-76.0,92.0,20.0,14.409042
-76.0,94.0,20.0,14.724987
-76.0,96.0,20.0,15.167758
-76.0,98.0,20.0,14.962065
-76.0,100.0,20.0,14.329425
-76.0,102.0,20.0,14.371111
-76.0,104.0,20.0,14.410716
-76.0,106.0,20.0,14.034882
-76.0,108.0,20.0,14.041411
-76.0,110.0,20.0,14.287765
-76.0,112.0,20.0,14.412547
-76.0,114.0,20.0,14.742801
-76.0,116.0,20.0,14.512419
-76.0,118.0,20.0,14.129043
-76.0,120.0,20.0,14.0172615
-76.0,122.0,20.0,14.048544
-76.0,124.0,20.0,13.722691
-76.0,126.0,20.0,13.665864
-76.0,128.0,20.0,13.592423
-76.0,130.0,20.0,14.040055
-76.0,132.0,20.0,14.501848
-76.0,134.0,20.0,14.48607
-76.0,136.0,20.0,14.058602
-76.0,138.0,20.0,13.46073
-76.0,140.0,20.0,13.777766
-76.0,142.0,20.0,14.237832
-76.0,144.0,20.0,13.864605
-76.0,146.0,20.0,13.189771
-76.0,148.0,20.0,13.408225
-76.0,150.0,20.0,13.917267
-76.0,152.0,20.0,14.099608
-76.0,154.0,20.0,14.034892
-76.0,156.0,20.0,14.4288
-76.0,158.0,20.0,14.758348
-76.0,160.0,20.0,13.955218
-76.0,162.0,20.0,13.573181
-76.0,164.0,20.0,13.90118
-76.0,166.0,20.0,13.991415
-76.0,168.0,20.0,13.697835
-76.0,170.0,20.0,13.900163
-76.0,172.0,20.0,14.623514
-76.0,174.0,20.0,14.588621
-76.0,176.0,20.0,13.78823
-76.0,178.0,20.0,13.70037
-76.0,180.0,20.0,13.780108
-74.0,-180.0,20.0,15.103226
-74.0,-178.0,20.0,14.844745
-74.0,-176.0,20.0,14.707332
-74.0,-174.0,20.0,15.153343
-74.0,-172.0,20.0,15.207607
-74.0,-170.0,20.0,14.891949
-74.0,-168.0,20.0,14.7547035
-74.0,-166.0,20.0,14.714228
-74.0,-164.0,20.0,14.455157
-74.0,-162.0,20.0,14.519797
-74.0,-160.0,20.0,14.983248
-74.0,-158.0,20.0,15.348501
-74.0,-156.0,20.0,15.216442
-74.0,-154.0,20.0,15.057072
-74.0,-152.0,20.0,15.095511
-74.0,-150.0,20.0,14.926585
-74.0,-148.0,20.0,14.334264
-74.0,-146.0,20.0,14.027786
-74.0,-144.0,20.0,14.481029
-74.0,-142.0,20.0,15.017195
-74.0,-140.0,20.0,15.363424
-74.0,-138.0,20.0,15.069872
-74.0,-136.0,20.0,14.620836
-74.0,-134.0,20.0,14.609892
-74.0,-132.0,20.0,15.014101
-74.0,-130.0,20.0,14.95576
-74.0,-128.0,20.0,14.653235
-74.0,-126.0,20.0,14.086
-74.0,-124.0,20.0,14.124907
-74.0,-122.0,20.0,14.875408
-74.0,-120.0,20.0,15.289042
-74.0,-118.0,20.0,15.08027
-74.0,-116.0,20.0,14.724103
-74.0,-114.0,20.0,15.1455345
-74.0,-112.0,20.0,15.491048
-74.0,-110.0,20.0,14.856765
-74.0,-108.0,20.0,14.616201
-74.0,-106.0,20.0,14.691439
-74.0,-104.0,20.0,14.602139
-74.0,-102.0,20.0,14.3773
-74.0,-100.0,20.0,15.017789
-74.0,-98.0,20.0,15.648525
-74.0,-96.0,20.0,15.613513
-74.0,-94.0,20.0,14.912665
-74.0,-92.0,20.0,14.635017
-74.0,-90.0,20.0,14.824393
-74.0,-88.0,20.0,14.779716
-74.0,-86.0,20.0,14.764388
-74.0,-84.0,20.0,15.413233
-74.0,-82.0,20.0,15.563488
-74.0,-80.0,20.0,14.992045
-74.0,-78.0,20.0,14.540392
-74.0,-76.0,20.0,14.822206
-74.0,-74.0,20.0,14.573491
-74.0,-72.0,20.0,14.586691
-74.0,-70.0,20.0,14.8738165
-74.0,-68.0,20.0,15.521644
-74.0,-66.0,20.0,15.162273
-74.0,-64.0,20.0,14.460465
-74.0,-62.0,20.0,14.447567
-74.0,-60.0,20.0,14.885857
-74.0,-58.0,20.0,14.468567
-74.0,-56.0,20.0,13.885159
-74.0,-54.0,20.0,14.355026
-74.0,-52.0,20.0,15.147517
-74.0,-50.0,20.0,15.332192
-74.0,-48.0,20.0,14.800718
-74.0,-46.0,20.0,14.1493435
-74.0,-44.0,20.0,14.255205
-74.0,-42.0,20.0,14.737891
-74.0,-40.0,20.0,15.198698
-74.0,-38.0,20.0,15.184858
-74.0,-36.0,20.0,14.742242
-74.0,-34.0,20.0,14.450274
-74.0,-32.0,20.0,14.843884
-74.0,-30.0,20.0,14.921268
-74.0,-28.0,20.0,15.069329
-74.0,-26.0,20.0,15.036606
-74.0,-24.0,20.0,14.714378
-74.0,-22.0,20.0,14.60215
-74.0,-20.0,20.0,14.481726
-74.0,-18.0,20.0,14.994519
-74.0,-16.0,20.0,15.432681
-74.0,-14.0,20.0,14.915337
-74.0,-12.0,20.0,14.738527
-74.0,-10.0,20.0,14.781742
-74.0,-8.0,20.0,15.302299
-74.0,-6.0,20.0,14.922578
-74.0,-4.0,20.0,14.998832
-74.0,-2.0,20.0,15.234229
-74.0,0.0,20.0,15.109752
-74.0,2.0,20.0,14.716395
-74.0,4.0,20.0,14.350199
-74.0,6.0,20.0,14.934939
-74.0,8.0,20.0,14.880225
-74.0,10.0,20.0,14.636312
-74.0,12.0,20.0,15.430794
-74.0,14.0,20.0,15.434804
-74.0,16.0,20.0,14.768247
-74.0,18.0,20.0,14.615546
-74.0,20.0,20.0,14.9777155
-74.0,22.0,20.0,14.829954
-74.0,24.0,20.0,14.927673
-74.0,26.0,20.0,15.2654505
-74.0,28.0,20.0,15.546376
-74.0,30.0,20.0,14.990072
-74.0,32.0,20.0,13.977865
-74.0,34.0,20.0,13.833818
-74.0,36.0,20.0,14.630726
-74.0,38.0,20.0,14.837661
-74.0,40.0,20.0,14.90856
-74.0,42.0,20.0,15.212478
-74.0,44.0,20.0,15.646101
-74.0,46.0,20.0,15.89345
-74.0,48.0,20.0,15.584437
-74.0,50.0,20.0,14.9331665
-74.0,52.0,20.0,14.216279
-74.0,54.0,20.0,14.064403
-74.0,56.0,20.0,14.0173855
-74.0,58.0,20.0,14.567068
-74.0,60.0,20.0,14.923752
-74.0,62.0,20.0,15.424739
-74.0,64.0,20.0,15.568966
-74.0,66.0,20.0,15.545973
-74.0,68.0,20.0,15.306805
-74.0,70.0,20.0,14.660392
-74.0,72.0,20.0,14.618641
-74.0,74.0,20.0,15.084535
-74.0,76.0,20.0,14.9461565
-74.0,78.0,20.0,14.777277
-74.0,80.0,20.0,14.844695
-74.0,82.0,20.0,14.932209
-74.0,84.0,20.0,14.735826
-74.0,86.0,20.0,14.679607
-74.0,88.0,20.0,14.481933
-74.0,90.0,20.0,14.88712
-74.0,92.0,20.0,15.216722
-74.0,94.0,20.0,15.428766
-74.0,96.0,20.0,15.758547
-74.0,98.0,20.0,15.4495125
-74.0,100.0,20.0,14.733353
-74.0,102.0,20.0,15.00679
-74.0,104.0,20.0,15.248372
-74.0,106.0,20.0,14.82229
-74.0,108.0,20.0,14.786292
-74.0,110.0,20.0,14.763142
-74.0,112.0,20.0,14.941122
-74.0,114.0,20.0,15.355397
-74.0,116.0,20.0,15.255089
-74.0,118.0,20.0,15.015025
-74.0,120.0,20.0,15.075801
-74.0,122.0,20.0,14.936257
-74.0,124.0,20.0,14.536073
-74.0,126.0,20.0,14.542052
-74.0,128.0,20.0,14.518668
-74.0,130.0,20.0,15.000455
-74.0,132.0,20.0,15.393673
-74.0,134.0,20.0,15.488784
-74.0,136.0,20.0,15.409477
-74.0,138.0,20.0,14.820181
-74.0,140.0,20.0,15.044538
-74.0,142.0,20.0,15.284683
-74.0,144.0,20.0,14.92924
-74.0,146.0,20.0,14.55014
-74.0,148.0,20.0,14.511325
-74.0,150.0,20.0,14.914105
-74.0,152.0,20.0,14.876051
-74.0,154.0,20.0,14.47496
-74.0,156.0,20.0,15.014929
-74.0,158.0,20.0,15.261306
-74.0,160.0,20.0,14.584288
-74.0,162.0,20.0,14.419789
-74.0,164.0,20.0,14.813466
-74.0,166.0,20.0,14.918885
-74.0,168.0,20.0,14.944254
-74.0,170.0,20.0,14.915969
-74.0,172.0,20.0,15.632181
-74.0,174.0,20.0,15.489223
-74.0,176.0,20.0,14.792265
-74.0,178.0,20.0,14.978244
-74.0,180.0,20.0,15.103226
-72.0,-180.0,20.0,16.768368
-72.0,-178.0,20.0,16.34308
-72.0,-176.0,20.0,15.837837
-72.0,-174.0,20.0,16.445843
-72.0,-172.0,20.0,16.727001
-72.0,-170.0,20.0,16.271635
-72.0,-168.0,20.0,16.000282
-72.0,-166.0,20.0,15.847401
-72.0,-164.0,20.0,15.781753
-72.0,-162.0,20.0,15.767589
-72.0,-160.0,20.0,16.179802
-72.0,-158.0,20.0,16.620914
-72.0,-156.0,20.0,16.507332
-72.0,-154.0,20.0,16.42739
-72.0,-152.0,20.0,16.37834
-72.0,-150.0,20.0,16.400503
-72.0,-148.0,20.0,15.875393
-72.0,-146.0,20.0,15.407329
-72.0,-144.0,20.0,15.797391
-72.0,-142.0,20.0,16.435835
-72.0,-140.0,20.0,16.9884
-72.0,-138.0,20.0,16.680498
-72.0,-136.0,20.0,16.346386
-72.0,-134.0,20.0,16.26912
-72.0,-132.0,20.0,16.408575
-72.0,-130.0,20.0,16.709131
-72.0,-128.0,20.0,16.245134
-72.0,-126.0,20.0,15.496459
-72.0,-124.0,20.0,15.526055
-72.0,-122.0,20.0,16.196201
-72.0,-120.0,20.0,17.082628
-72.0,-118.0,20.0,16.84685
-72.0,-116.0,20.0,16.257784
-72.0,-114.0,20.0,16.89905
-72.0,-112.0,20.0,17.45243
-72.0,-110.0,20.0,16.665726
-72.0,-108.0,20.0,16.138756
-72.0,-106.0,20.0,16.317924
-72.0,-104.0,20.0,16.163069
-72.0,-102.0,20.0,15.867892
-72.0,-100.0,20.0,16.629639
-72.0,-98.0,20.0,17.312574
-72.0,-96.0,20.0,17.191376
-72.0,-94.0,20.0,16.40213
-72.0,-92.0,20.0,16.153822
-72.0,-90.0,20.0,16.168753
-72.0,-88.0,20.0,16.234053
-72.0,-86.0,20.0,16.43567
-72.0,-84.0,20.0,17.021393
-72.0,-82.0,20.0,17.311419
-72.0,-80.0,20.0,16.513409
-72.0,-78.0,20.0,16.002827
-72.0,-76.0,20.0,16.402227
-72.0,-74.0,20.0,15.998859
-72.0,-72.0,20.0,15.850318
-72.0,-70.0,20.0,16.43549
-72.0,-68.0,20.0,17.13737
-72.0,-66.0,20.0,16.562262
-72.0,-64.0,20.0,15.894155
-72.0,-62.0,20.0,15.997757
-72.0,-60.0,20.0,16.082567
-72.0,-58.0,20.0,15.607699
-72.0,-56.0,20.0,15.197285
-72.0,-54.0,20.0,15.892597
-72.0,-52.0,20.0,16.75309
-72.0,-50.0,20.0,16.807213
-72.0,-48.0,20.0,16.26339
-72.0,-46.0,20.0,15.756131
-72.0,-44.0,20.0,15.950764
-72.0,-42.0,20.0,16.372967
-72.0,-40.0,20.0,16.795715
-72.0,-38.0,20.0,16.672668
-72.0,-36.0,20.0,16.202385
-72.0,-34.0,20.0,16.061768
-72.0,-32.0,20.0,16.556803
-72.0,-30.0,20.0,16.722164
-72.0,-28.0,20.0,16.75375
-72.0,-26.0,20.0,16.711765
-72.0,-24.0,20.0,16.501036
-72.0,-22.0,20.0,16.225191
-72.0,-20.0,20.0,16.161646
-72.0,-18.0,20.0,16.485298
-72.0,-16.0,20.0,16.869152
-72.0,-14.0,20.0,16.544743
-72.0,-12.0,20.0,16.297703
-72.0,-10.0,20.0,16.326797
-72.0,-8.0,20.0,16.7008
-72.0,-6.0,20.0,16.559143
-72.0,-4.0,20.0,16.40324
-72.0,-2.0,20.0,16.932285
-72.0,0.0,20.0,16.794083
-72.0,2.0,20.0,16.354273
-72.0,4.0,20.0,16.151127
-72.0,6.0,20.0,16.438303
-72.0,8.0,20.0,16.399721
-72.0,10.0,20.0,16.25378
-72.0,12.0,20.0,16.904696
-72.0,14.0,20.0,16.989582
-72.0,16.0,20.0,16.651745
-72.0,18.0,20.0,16.369322
-72.0,20.0,20.0,16.489065
-72.0,22.0,20.0,16.477747
-72.0,24.0,20.0,16.705292
-72.0,26.0,20.0,16.696795
-72.0,28.0,20.0,16.912128
-72.0,30.0,20.0,16.591446
-72.0,32.0,20.0,15.696582
-72.0,34.0,20.0,15.3721
-72.0,36.0,20.0,15.835625
-72.0,38.0,20.0,16.01508
-72.0,40.0,20.0,16.057894
-72.0,42.0,20.0,16.501602
-72.0,44.0,20.0,16.978333
-72.0,46.0,20.0,17.092096
-72.0,48.0,20.0,16.88361
-72.0,50.0,20.0,16.41499
-72.0,52.0,20.0,15.974771
-72.0,54.0,20.0,15.823072
-72.0,56.0,20.0,15.424088
-72.0,58.0,20.0,15.689496
-72.0,60.0,20.0,16.416018
-72.0,62.0,20.0,17.145517
-72.0,64.0,20.0,17.373625
-72.0,66.0,20.0,17.300526
-72.0,68.0,20.0,16.941788
-72.0,70.0,20.0,16.154245
-72.0,72.0,20.0,15.7661495
-72.0,74.0,20.0,16.30005
-72.0,76.0,20.0,16.1636
-72.0,78.0,20.0,16.217936
-72.0,80.0,20.0,16.267908
-72.0,82.0,20.0,16.438911
-72.0,84.0,20.0,16.746246
-72.0,86.0,20.0,16.164803
-72.0,88.0,20.0,15.941019
-72.0,90.0,20.0,16.310854
-72.0,92.0,20.0,16.82523
-72.0,94.0,20.0,16.963411
-72.0,96.0,20.0,17.239529
-72.0,98.0,20.0,16.95796
-72.0,100.0,20.0,16.135277
-72.0,102.0,20.0,16.338099
-72.0,104.0,20.0,16.384073
-72.0,106.0,20.0,16.145699
-72.0,108.0,20.0,16.345564
-72.0,110.0,20.0,16.466637
-72.0,112.0,20.0,16.907812
-72.0,114.0,20.0,17.318213
-72.0,116.0,20.0,16.851698
-72.0,118.0,20.0,16.434315
-72.0,120.0,20.0,16.477106
-72.0,122.0,20.0,16.452042
-72.0,124.0,20.0,16.00359
-72.0,126.0,20.0,15.930902
-72.0,128.0,20.0,16.022335
-72.0,130.0,20.0,16.378738
-72.0,132.0,20.0,16.55196
-72.0,134.0,20.0,16.703468
-72.0,136.0,20.0,16.573101
-72.0,138.0,20.0,16.255646
-72.0,140.0,20.0,16.504057
-72.0,142.0,20.0,16.75518
-72.0,144.0,20.0,16.416786
-72.0,146.0,20.0,16.14273
-72.0,148.0,20.0,16.35424
-72.0,150.0,20.0,16.752329
-72.0,152.0,20.0,16.58458
-72.0,154.0,20.0,16.296455
-72.0,156.0,20.0,16.692472
-72.0,158.0,20.0,16.895222
-72.0,160.0,20.0,16.243816
-72.0,162.0,20.0,16.02745
-72.0,164.0,20.0,16.385557
-72.0,166.0,20.0,16.547804
-72.0,168.0,20.0,16.601164
-72.0,170.0,20.0,16.842617
-72.0,172.0,20.0,17.66226
-72.0,174.0,20.0,17.68283
-72.0,176.0,20.0,16.816296
-72.0,178.0,20.0,16.535543
-72.0,180.0,20.0,16.768368
-70.0,-180.0,20.0,14.005747
-70.0,-178.0,20.0,13.745406
-70.0,-176.0,20.0,13.4949
-70.0,-174.0,20.0,13.888142
-70.0,-172.0,20.0,14.34335
-70.0,-170.0,20.0,14.019585
-70.0,-168.0,20.0,13.794412
-70.0,-166.0,20.0,13.596974
-70.0,-164.0,20.0,13.322698
-70.0,-162.0,20.0,13.430836
-70.0,-160.0,20.0,13.990111
-70.0,-158.0,20.0,14.482693
-70.0,-156.0,20.0,14.575861
-70.0,-154.0,20.0,14.481688
-70.0,-152.0,20.0,14.142157
-70.0,-150.0,20.0,14.066066
-70.0,-148.0,20.0,13.477495
-70.0,-146.0,20.0,13.078592
-70.0,-144.0,20.0,13.315039
-70.0,-142.0,20.0,13.626367
-70.0,-140.0,20.0,14.040789
-70.0,-138.0,20.0,13.88155
-70.0,-136.0,20.0,13.551711
-70.0,-134.0,20.0,13.476011
-70.0,-132.0,20.0,13.701598
-70.0,-130.0,20.0,14.019685
-70.0,-128.0,20.0,13.778683
-70.0,-126.0,20.0,13.019518
-70.0,-124.0,20.0,13.129483
-70.0,-122.0,20.0,13.544818
-70.0,-120.0,20.0,13.995138
-70.0,-118.0,20.0,13.803379
-70.0,-116.0,20.0,13.43417
-70.0,-114.0,20.0,13.945982
-70.0,-112.0,20.0,14.464725
-70.0,-110.0,20.0,13.927142
-70.0,-108.0,20.0,13.516001
-70.0,-106.0,20.0,13.796628
-70.0,-104.0,20.0,13.918292
-70.0,-102.0,20.0,13.392947
-70.0,-100.0,20.0,13.779219
-70.0,-98.0,20.0,14.821623
-70.0,-96.0,20.0,14.661343
-70.0,-94.0,20.0,13.736714
-70.0,-92.0,20.0,13.730516
-70.0,-90.0,20.0,13.698031
-70.0,-88.0,20.0,13.29804
-70.0,-86.0,20.0,13.264779
-70.0,-84.0,20.0,14.006635
-70.0,-82.0,20.0,14.396255
-70.0,-80.0,20.0,13.588037
-70.0,-78.0,20.0,13.380073
-70.0,-76.0,20.0,13.719492
-70.0,-74.0,20.0,13.398351
-70.0,-72.0,20.0,13.090525
-70.0,-70.0,20.0,13.594492
-70.0,-68.0,20.0,14.305568
-70.0,-66.0,20.0,13.847265
-70.0,-64.0,20.0,13.389856
-70.0,-62.0,20.0,13.457668
-70.0,-60.0,20.0,13.606418
-70.0,-58.0,20.0,13.153339
-70.0,-56.0,20.0,12.700335
-70.0,-54.0,20.0,13.080915
-70.0,-52.0,20.0,13.652184
-70.0,-50.0,20.0,13.678212
-70.0,-48.0,20.0,13.363962
-70.0,-46.0,20.0,13.279798
-70.0,-44.0,20.0,13.479003
-70.0,-42.0,20.0,13.641951
-70.0,-40.0,20.0,13.719188
-70.0,-38.0,20.0,13.678822
-70.0,-36.0,20.0,13.498299
-70.0,-34.0,20.0,13.368727
-70.0,-32.0,20.0,13.587603
-70.0,-30.0,20.0,13.863881
-70.0,-28.0,20.0,14.305633
-70.0,-26.0,20.0,14.147785
-70.0,-24.0,20.0,14.107399
-70.0,-22.0,20.0,14.205275
-70.0,-20.0,20.0,13.957361
-70.0,-18.0,20.0,14.180717
-70.0,-16.0,20.0,14.377619
-70.0,-14.0,20.0,14.003579
-70.0,-12.0,20.0,13.855528
-70.0,-10.0,20.0,13.969196
-70.0,-8.0,20.0,14.217675
-70.0,-6.0,20.0,13.966133
-70.0,-4.0,20.0,14.03854
-70.0,-2.0,20.0,14.295929
-70.0,0.0,20.0,14.019989
-70.0,2.0,20.0,13.723431
-70.0,4.0,20.0,13.729004
-70.0,6.0,20.0,14.099393
-70.0,8.0,20.0,14.1692505
-70.0,10.0,20.0,14.064617
-70.0,12.0,20.0,14.708243
-70.0,14.0,20.0,14.726269
-70.0,16.0,20.0,14.085833
-70.0,18.0,20.0,13.895935
-70.0,20.0,20.0,13.976286
-70.0,22.0,20.0,14.235639
-70.0,24.0,20.0,14.413977
-70.0,26.0,20.0,14.524603
-70.0,28.0,20.0,14.673106
-70.0,30.0,20.0,14.007289
-70.0,32.0,20.0,13.130081
-70.0,34.0,20.0,12.899623
-70.0,36.0,20.0,13.535055
-70.0,38.0,20.0,13.75045
-70.0,40.0,20.0,14.032663
-70.0,42.0,20.0,14.671735
-70.0,44.0,20.0,14.9873495
-70.0,46.0,20.0,14.90851
-70.0,48.0,20.0,14.571379
-70.0,50.0,20.0,14.019594
-70.0,52.0,20.0,13.870699
-70.0,54.0,20.0,13.953296
-70.0,56.0,20.0,13.696035
-70.0,58.0,20.0,13.580847
-70.0,60.0,20.0,14.0659485
-70.0,62.0,20.0,14.609241
-70.0,64.0,20.0,14.552725
-70.0,66.0,20.0,14.305749
-70.0,68.0,20.0,14.327956
-70.0,70.0,20.0,14.044308
-70.0,72.0,20.0,13.715561
-70.0,74.0,20.0,13.854798
-70.0,76.0,20.0,14.143
-70.0,78.0,20.0,14.054186
-70.0,80.0,20.0,14.06054
-70.0,82.0,20.0,14.286423
-70.0,84.0,20.0,14.434105
-70.0,86.0,20.0,14.204773
-70.0,88.0,20.0,13.867591
-70.0,90.0,20.0,14.049428
-70.0,92.0,20.0,14.385409
-70.0,94.0,20.0,14.448466
-70.0,96.0,20.0,14.94176
-70.0,98.0,20.0,14.759939
-70.0,100.0,20.0,14.026435
-70.0,102.0,20.0,14.360555
-70.0,104.0,20.0,14.51254
-70.0,106.0,20.0,14.055922
-70.0,108.0,20.0,13.8074045
-70.0,110.0,20.0,14.024579
-70.0,112.0,20.0,14.359103
-70.0,114.0,20.0,14.516605
-70.0,116.0,20.0,14.333556
-70.0,118.0,20.0,14.088123
-70.0,120.0,20.0,14.022141
-70.0,122.0,20.0,13.839384
-70.0,124.0,20.0,13.343389
-70.0,126.0,20.0,13.48258
-70.0,128.0,20.0,13.568053
-70.0,130.0,20.0,14.036411
-70.0,132.0,20.0,14.5584545
-70.0,134.0,20.0,14.612605
-70.0,136.0,20.0,14.425803
-70.0,138.0,20.0,13.999476
-70.0,140.0,20.0,14.023897
-70.0,142.0,20.0,14.383955
-70.0,144.0,20.0,14.1769285
-70.0,146.0,20.0,13.944483
-70.0,148.0,20.0,13.795365
-70.0,150.0,20.0,14.049736
-70.0,152.0,20.0,14.247051
-70.0,154.0,20.0,13.965171
-70.0,156.0,20.0,14.429759
-70.0,158.0,20.0,14.724162
-70.0,160.0,20.0,14.030238
-70.0,162.0,20.0,13.689346
-70.0,164.0,20.0,13.884556
-70.0,166.0,20.0,13.81124
-70.0,168.0,20.0,13.89355
-70.0,170.0,20.0,14.087519
-70.0,172.0,20.0,14.940645
-70.0,174.0,20.0,14.849697
-70.0,176.0,20.0,14.213581
-70.0,178.0,20.0,14.16746
-70.0,180.0,20.0,14.005747
-68.0,-180.0,20.0,12.541301
-68.0,-178.0,20.0,12.438791
-68.0,-176.0,20.0,12.4018345
-68.0,-174.0,20.0,12.530864
-68.0,-172.0,20.0,12.758426
-68.0,-170.0,20.0,12.67913
-68.0,-168.0,20.0,12.533051
-68.0,-166.0,20.0,12.456045
-68.0,-164.0,20.0,12.319076
-68.0,-162.0,20.0,12.309575
-68.0,-160.0,20.0,12.563632
-68.0,-158.0,20.0,12.876875
-68.0,-156.0,20.0,12.850095
-68.0,-154.0,20.0,12.71368
-68.0,-152.0,20.0,12.576021
-68.0,-150.0,20.0,12.559868
-68.0,-148.0,20.0,12.05981
-68.0,-146.0,20.0,11.659016
-68.0,-144.0,20.0,11.604471
-68.0,-142.0,20.0,11.738625
-68.0,-140.0,20.0,11.872223
-68.0,-138.0,20.0,11.749741
-68.0,-136.0,20.0,11.564054
-68.0,-134.0,20.0,11.481059
-68.0,-132.0,20.0,11.656959
-68.0,-130.0,20.0,11.815129
-68.0,-128.0,20.0,11.616139
-68.0,-126.0,20.0,11.104123
-68.0,-124.0,20.0,11.162918
-68.0,-122.0,20.0,11.543633
-68.0,-120.0,20.0,11.83792
-68.0,-118.0,20.0,11.667539
-68.0,-116.0,20.0,11.574119
-68.0,-114.0,20.0,11.95918
-68.0,-112.0,20.0,12.186326
-68.0,-110.0,20.0,11.92674
-68.0,-108.0,20.0,11.358899
-68.0,-106.0,20.0,11.755681
-68.0,-104.0,20.0,11.88291
-68.0,-102.0,20.0,11.494805
-68.0,-100.0,20.0,11.667852
-68.0,-98.0,20.0,12.57547
-68.0,-96.0,20.0,12.454424
-68.0,-94.0,20.0,11.81133
-68.0,-92.0,20.0,11.593269
-68.0,-90.0,20.0,11.521238
-68.0,-88.0,20.0,11.03561
-68.0,-86.0,20.0,10.890398
-68.0,-84.0,20.0,11.819764
-68.0,-82.0,20.0,11.97658
-68.0,-80.0,20.0,11.418472
-68.0,-78.0,20.0,11.192371
-68.0,-76.0,20.0,11.549985
-68.0,-74.0,20.0,11.105383
-68.0,-72.0,20.0,10.888488
-68.0,-70.0,20.0,11.299111
-68.0,-68.0,20.0,11.939673
-68.0,-66.0,20.0,11.59801
-68.0,-64.0,20.0,11.172315
-68.0,-62.0,20.0,11.323693
-68.0,-60.0,20.0,11.501741
-68.0,-58.0,20.0,11.001582
-68.0,-56.0,20.0,10.6073
-68.0,-54.0,20.0,11.183529
-68.0,-52.0,20.0,11.725257
-68.0,-50.0,20.0,11.633176
-68.0,-48.0,20.0,11.411192
-68.0,-46.0,20.0,11.303333
-68.0,-44.0,20.0,11.556281
-68.0,-42.0,20.0,11.673334
-68.0,-40.0,20.0,11.847639
-68.0,-38.0,20.0,11.700216
-68.0,-36.0,20.0,11.666887
-68.0,-34.0,20.0,11.899107
-68.0,-32.0,20.0,12.151829
-68.0,-30.0,20.0,12.285624
-68.0,-28.0,20.0,12.487112
-68.0,-26.0,20.0,12.683302
-68.0,-24.0,20.0,12.640121
-68.0,-22.0,20.0,12.710837
-68.0,-20.0,20.0,12.637277
-68.0,-18.0,20.0,12.501971
-68.0,-16.0,20.0,12.629885
-68.0,-14.0,20.0,12.7690525
-68.0,-12.0,20.0,12.732991
-68.0,-10.0,20.0,12.867554
-68.0,-8.0,20.0,12.7222185
-68.0,-6.0,20.0,12.656237
-68.0,-4.0,20.0,12.792632
-68.0,-2.0,20.0,12.91181
-68.0,0.0,20.0,12.681959
-68.0,2.0,20.0,12.536304
-68.0,4.0,20.0,12.397076
-68.0,6.0,20.0,12.404319
-68.0,8.0,20.0,12.613906
-68.0,10.0,20.0,12.872231
-68.0,12.0,20.0,13.145649
-68.0,14.0,20.0,13.078895
-68.0,16.0,20.0,12.795795
-68.0,18.0,20.0,12.554188
-68.0,20.0,20.0,12.478957
-68.0,22.0,20.0,12.956222
-68.0,24.0,20.0,13.215466
-68.0,26.0,20.0,13.255737
-68.0,28.0,20.0,13.1394415
-68.0,30.0,20.0,12.585806
-68.0,32.0,20.0,11.808638
-68.0,34.0,20.0,11.630217
-68.0,36.0,20.0,12.058772
-68.0,38.0,20.0,12.449211
-68.0,40.0,20.0,12.811055
-68.0,42.0,20.0,13.17041
-68.0,44.0,20.0,13.414384
-68.0,46.0,20.0,13.317077
-68.0,48.0,20.0,13.004352
-68.0,50.0,20.0,12.429945
-68.0,52.0,20.0,12.227583
-68.0,54.0,20.0,12.210226
-68.0,56.0,20.0,12.041965
-68.0,58.0,20.0,12.090958
-68.0,60.0,20.0,12.368361
-68.0,62.0,20.0,12.487237
-68.0,64.0,20.0,12.412155
-68.0,66.0,20.0,12.333541
-68.0,68.0,20.0,12.352059
-68.0,70.0,20.0,12.228469
-68.0,72.0,20.0,12.200096
-68.0,74.0,20.0,12.42449
-68.0,76.0,20.0,12.626049
-68.0,78.0,20.0,12.522718
-68.0,80.0,20.0,12.439452
-68.0,82.0,20.0,12.558337
-68.0,84.0,20.0,12.819518
-68.0,86.0,20.0,12.783952
-68.0,88.0,20.0,12.417507
-68.0,90.0,20.0,12.497185
-68.0,92.0,20.0,12.365552
-68.0,94.0,20.0,12.613244
-68.0,96.0,20.0,13.088474
-68.0,98.0,20.0,12.815518
-68.0,100.0,20.0,12.617918
-68.0,102.0,20.0,12.800787
-68.0,104.0,20.0,12.848792
-68.0,106.0,20.0,12.592046
-68.0,108.0,20.0,12.3702545
-68.0,110.0,20.0,12.4077
-68.0,112.0,20.0,12.606374
-68.0,114.0,20.0,12.899702
-68.0,116.0,20.0,12.784421
-68.0,118.0,20.0,12.702936
-68.0,120.0,20.0,12.546534
-68.0,122.0,20.0,12.256174
-68.0,124.0,20.0,11.952313
-68.0,126.0,20.0,12.113952
-68.0,128.0,20.0,12.151296
-68.0,130.0,20.0,12.496792
-68.0,132.0,20.0,13.025017
-68.0,134.0,20.0,13.186007
-68.0,136.0,20.0,13.036071
-68.0,138.0,20.0,12.636409
-68.0,140.0,20.0,12.752447
-68.0,142.0,20.0,12.721679
-68.0,144.0,20.0,12.674947
-68.0,146.0,20.0,12.538475
-68.0,148.0,20.0,12.425145
-68.0,150.0,20.0,12.393216
-68.0,152.0,20.0,12.2749195
-68.0,154.0,20.0,12.530699
-68.0,156.0,20.0,12.90559
-68.0,158.0,20.0,13.135993
-68.0,160.0,20.0,12.890866
-68.0,162.0,20.0,12.577758
-68.0,164.0,20.0,12.507119
-68.0,166.0,20.0,12.383422
-68.0,168.0,20.0,12.116075
-68.0,170.0,20.0,12.419671
-68.0,172.0,20.0,12.903517
-68.0,174.0,20.0,12.622139
-68.0,176.0,20.0,12.286227
-68.0,178.0,20.0,12.533654
-68.0,180.0,20.0,12.541301
-66.0,-180.0,20.0,13.260431
-66.0,-178.0,20.0,12.810307
-66.0,-176.0,20.0,12.8435335
-66.0,-174.0,20.0,13.266012
-66.0,-172.0,20.0,13.50068
-66.0,-170.0,20.0,13.343249
-66.0,-168.0,20.0,13.351163
-66.0,-166.0,20.0,13.392587
-66.0,-164.0,20.0,13.100497
-66.0,-162.0,20.0,13.049666
-66.0,-160.0,20.0,13.3887005
-66.0,-158.0,20.0,13.715763
-66.0,-156.0,20.0,13.666467
-66.0,-154.0,20.0,13.574052
-66.0,-152.0,20.0,13.592314
-66.0,-150.0,20.0,13.367554
-66.0,-148.0,20.0,12.690507
-66.0,-146.0,20.0,12.300143
-66.0,-144.0,20.0,12.403325
-66.0,-142.0,20.0,12.553464
-66.0,-140.0,20.0,12.9713545
-66.0,-138.0,20.0,12.962377
-66.0,-136.0,20.0,12.83985
-66.0,-134.0,20.0,12.703099
-66.0,-132.0,20.0,12.729024
-66.0,-130.0,20.0,12.873198
-66.0,-128.0,20.0,12.373836
-66.0,-126.0,20.0,11.865606
-66.0,-124.0,20.0,11.943392
-66.0,-122.0,20.0,12.361489
-66.0,-120.0,20.0,12.820063
-66.0,-118.0,20.0,12.649027
-66.0,-116.0,20.0,12.589899
-66.0,-114.0,20.0,12.956951
-66.0,-112.0,20.0,13.067793
-66.0,-110.0,20.0,12.698373
-66.0,-108.0,20.0,12.254454
-66.0,-106.0,20.0,12.490882
-66.0,-104.0,20.0,12.412726
-66.0,-102.0,20.0,12.106745
-66.0,-100.0,20.0,12.367327
-66.0,-98.0,20.0,13.124122
-66.0,-96.0,20.0,12.830269
-66.0,-94.0,20.0,12.380655
-66.0,-92.0,20.0,12.407946
-66.0,-90.0,20.0,12.034043
-66.0,-88.0,20.0,11.759561
-66.0,-86.0,20.0,11.804072
-66.0,-84.0,20.0,12.373783
-66.0,-82.0,20.0,12.411374
-66.0,-80.0,20.0,12.032818
-66.0,-78.0,20.0,11.9176035
-66.0,-76.0,20.0,12.038213
-66.0,-74.0,20.0,11.71914
-66.0,-72.0,20.0,11.580553
-66.0,-70.0,20.0,11.809072
-66.0,-68.0,20.0,12.376589
-66.0,-66.0,20.0,12.077753
-66.0,-64.0,20.0,11.848493
-66.0,-62.0,20.0,12.132248
-66.0,-60.0,20.0,12.028779
-66.0,-58.0,20.0,11.460174
-66.0,-56.0,20.0,11.305943
-66.0,-54.0,20.0,11.978391
-66.0,-52.0,20.0,12.423078
-66.0,-50.0,20.0,12.236851
-66.0,-48.0,20.0,12.191638
-66.0,-46.0,20.0,12.275101
-66.0,-44.0,20.0,12.370998
-66.0,-42.0,20.0,12.426442
-66.0,-40.0,20.0,12.654435
-66.0,-38.0,20.0,12.560958
-66.0,-36.0,20.0,12.5102625
-66.0,-34.0,20.0,12.601815
-66.0,-32.0,20.0,12.681887
-66.0,-30.0,20.0,12.982957
-66.0,-28.0,20.0,13.036288
-66.0,-26.0,20.0,13.118156
-66.0,-24.0,20.0,13.112509
-66.0,-22.0,20.0,13.279196
-66.0,-20.0,20.0,12.98213
-66.0,-18.0,20.0,12.867879
-66.0,-16.0,20.0,13.010926
-66.0,-14.0,20.0,13.055797
-66.0,-12.0,20.0,13.16663
-66.0,-10.0,20.0,13.147394
-66.0,-8.0,20.0,13.286454
-66.0,-6.0,20.0,13.333769
-66.0,-4.0,20.0,13.2249775
-66.0,-2.0,20.0,13.163692
-66.0,0.0,20.0,13.282508
-66.0,2.0,20.0,13.239323
-66.0,4.0,20.0,13.100504
-66.0,6.0,20.0,13.102581
-66.0,8.0,20.0,13.247219
-66.0,10.0,20.0,13.398712
-66.0,12.0,20.0,13.681408
-66.0,14.0,20.0,13.820392
-66.0,16.0,20.0,13.616829
-66.0,18.0,20.0,13.394096
-66.0,20.0,20.0,13.343214
-66.0,22.0,20.0,13.668334
-66.0,24.0,20.0,13.808166
-66.0,26.0,20.0,13.798694
-66.0,28.0,20.0,13.499219
-66.0,30.0,20.0,13.148153
-66.0,32.0,20.0,12.593988
-66.0,34.0,20.0,12.228105
-66.0,36.0,20.0,12.505962
-66.0,38.0,20.0,12.841935
-66.0,40.0,20.0,13.215887
-66.0,42.0,20.0,13.699684
-66.0,44.0,20.0,13.932237
-66.0,46.0,20.0,13.850085
-66.0,48.0,20.0,13.544262
-66.0,50.0,20.0,13.024221
-66.0,52.0,20.0,12.834424
-66.0,54.0,20.0,12.766986
-66.0,56.0,20.0,12.567167
-66.0,58.0,20.0,12.649557
-66.0,60.0,20.0,12.895108
-66.0,62.0,20.0,13.45419
-66.0,64.0,20.0,13.392053
-66.0,66.0,20.0,13.148366
-66.0,68.0,20.0,13.035375
-66.0,70.0,20.0,12.880169
-66.0,72.0,20.0,12.739313
-66.0,74.0,20.0,12.909791
-66.0,76.0,20.0,13.147131
-66.0,78.0,20.0,13.21016
-66.0,80.0,20.0,13.054007
-66.0,82.0,20.0,12.990679
-66.0,84.0,20.0,13.349304
-66.0,86.0,20.0,13.439802
-66.0,88.0,20.0,12.84444
-66.0,90.0,20.0,13.194497
-66.0,92.0,20.0,13.416524
-66.0,94.0,20.0,13.486962
-66.0,96.0,20.0,13.793096
-66.0,98.0,20.0,13.632778
-66.0,100.0,20.0,12.976304
-66.0,102.0,20.0,13.241132
-66.0,104.0,20.0,13.35265
-66.0,106.0,20.0,13.229882
-66.0,108.0,20.0,12.927871
-66.0,110.0,20.0,12.992256
-66.0,112.0,20.0,13.244567
-66.0,114.0,20.0,13.82082
-66.0,116.0,20.0,13.7551985
-66.0,118.0,20.0,13.330251
-66.0,120.0,20.0,13.242145
-66.0,122.0,20.0,12.985514
-66.0,124.0,20.0,12.860052
-66.0,126.0,20.0,12.8782625
-66.0,128.0,20.0,13.0228615
-66.0,130.0,20.0,13.428825
-66.0,132.0,20.0,13.83176
-66.0,134.0,20.0,13.75836
-66.0,136.0,20.0,13.632935
-66.0,138.0,20.0,13.256161
-66.0,140.0,20.0,13.426424
-66.0,142.0,20.0,13.5188465
-66.0,144.0,20.0,13.435515
-66.0,146.0,20.0,13.311344
-66.0,148.0,20.0,13.187226
-66.0,150.0,20.0,13.118575
-66.0,152.0,20.0,13.007678
-66.0,154.0,20.0,13.073158
-66.0,156.0,20.0,13.617595
-66.0,158.0,20.0,13.760676
-66.0,160.0,20.0,13.380439
-66.0,162.0,20.0,13.259957
-66.0,164.0,20.0,13.412907
-66.0,166.0,20.0,13.187767
-66.0,168.0,20.0,13.061812
-66.0,170.0,20.0,13.306762
-66.0,172.0,20.0,13.818941
-66.0,174.0,20.0,13.551135
-66.0,176.0,20.0,13.240121
-66.0,178.0,20.0,13.554431
-66.0,180.0,20.0,13.260431
-64.0,-180.0,20.0,14.693001
-64.0,-178.0,20.0,13.813275
-64.0,-176.0,20.0,13.692088
-64.0,-174.0,20.0,14.275963
-64.0,-172.0,20.0,14.746366
-64.0,-170.0,20.0,14.45766
-64.0,-168.0,20.0,14.481312
-64.0,-166.0,20.0,14.460011
-64.0,-164.0,20.0,14.075197
-64.0,-162.0,20.0,14.025181
-64.0,-160.0,20.0,14.4558325
-64.0,-158.0,20.0,15.003542
-64.0,-156.0,20.0,15.104407
-64.0,-154.0,20.0,14.870498
-64.0,-152.0,20.0,14.745934
-64.0,-150.0,20.0,14.555279
-64.0,-148.0,20.0,14.066499
-64.0,-146.0,20.0,13.69697
-64.0,-144.0,20.0,13.8396015
-64.0,-142.0,20.0,14.289649
-64.0,-140.0,20.0,14.473759
-64.0,-138.0,20.0,14.512162
-64.0,-136.0,20.0,14.317425
-64.0,-134.0,20.0,14.244381
-64.0,-132.0,20.0,14.3398905
-64.0,-130.0,20.0,14.477318
-64.0,-128.0,20.0,13.839146
-64.0,-126.0,20.0,12.908221
-64.0,-124.0,20.0,13.076467
-64.0,-122.0,20.0,13.536666
-64.0,-120.0,20.0,13.994281
-64.0,-118.0,20.0,13.9953785
-64.0,-116.0,20.0,13.947123
-64.0,-114.0,20.0,14.570636
-64.0,-112.0,20.0,14.523211
-64.0,-110.0,20.0,13.874178
-64.0,-108.0,20.0,13.454373
-64.0,-106.0,20.0,13.352802
-64.0,-104.0,20.0,13.084234
-64.0,-102.0,20.0,12.7656765
-64.0,-100.0,20.0,13.262391
-64.0,-98.0,20.0,13.777195
-64.0,-96.0,20.0,13.477235
-64.0,-94.0,20.0,12.907606
-64.0,-92.0,20.0,12.955097
-64.0,-90.0,20.0,12.565723
-64.0,-88.0,20.0,12.292656
-64.0,-86.0,20.0,12.59788
-64.0,-84.0,20.0,13.061569
-64.0,-82.0,20.0,12.885495
-64.0,-80.0,20.0,12.435675
-64.0,-78.0,20.0,12.710506
-64.0,-76.0,20.0,12.397359
-64.0,-74.0,20.0,11.987136
-64.0,-72.0,20.0,11.97877
-64.0,-70.0,20.0,12.57702
-64.0,-68.0,20.0,12.7773905
-64.0,-66.0,20.0,12.373886
-64.0,-64.0,20.0,12.419277
-64.0,-62.0,20.0,12.564273
-64.0,-60.0,20.0,12.361675
-64.0,-58.0,20.0,12.159779
-64.0,-56.0,20.0,12.17329
-64.0,-54.0,20.0,12.80449
-64.0,-52.0,20.0,12.997018
-64.0,-50.0,20.0,12.960408
-64.0,-48.0,20.0,13.013581
-64.0,-46.0,20.0,13.222878
-64.0,-44.0,20.0,13.186268
-64.0,-42.0,20.0,13.062248
-64.0,-40.0,20.0,13.171713
-64.0,-38.0,20.0,13.244115
-64.0,-36.0,20.0,13.322654
-64.0,-34.0,20.0,13.14522
-64.0,-32.0,20.0,13.14438
-64.0,-30.0,20.0,13.406771
-64.0,-28.0,20.0,13.664659
-64.0,-26.0,20.0,13.80806
-64.0,-24.0,20.0,13.789157
-64.0,-22.0,20.0,14.146985
-64.0,-20.0,20.0,13.992539
-64.0,-18.0,20.0,13.823689
-64.0,-16.0,20.0,14.078033
-64.0,-14.0,20.0,14.419339
-64.0,-12.0,20.0,14.212883
-64.0,-10.0,20.0,14.166572
-64.0,-8.0,20.0,14.45552
-64.0,-6.0,20.0,14.317319
-64.0,-4.0,20.0,14.181093
-64.0,-2.0,20.0,14.364428
-64.0,0.0,20.0,14.464638
-64.0,2.0,20.0,14.098499
-64.0,4.0,20.0,14.10926
-64.0,6.0,20.0,14.369953
-64.0,8.0,20.0,14.30888
-64.0,10.0,20.0,14.257139
-64.0,12.0,20.0,14.621108
-64.0,14.0,20.0,14.825461
-64.0,16.0,20.0,14.461338
-64.0,18.0,20.0,14.426165
-64.0,20.0,20.0,14.484823
-64.0,22.0,20.0,15.085261
-64.0,24.0,20.0,15.432088
-64.0,26.0,20.0,15.209399
-64.0,28.0,20.0,15.055244
-64.0,30.0,20.0,14.572664
-64.0,32.0,20.0,14.184437
-64.0,34.0,20.0,13.713589
-64.0,36.0,20.0,13.963209
-64.0,38.0,20.0,14.143266
-64.0,40.0,20.0,14.376924
-64.0,42.0,20.0,14.898682
-64.0,44.0,20.0,15.293519
-64.0,46.0,20.0,15.3930855
-64.0,48.0,20.0,15.0470915
-64.0,50.0,20.0,14.780011
-64.0,52.0,20.0,14.585734
-64.0,54.0,20.0,14.657673
-64.0,56.0,20.0,14.294668
-64.0,58.0,20.0,14.196753
-64.0,60.0,20.0,14.957903
-64.0,62.0,20.0,15.735915
-64.0,64.0,20.0,15.676839
-64.0,66.0,20.0,15.192112
-64.0,68.0,20.0,15.166496
-64.0,70.0,20.0,15.164276
-64.0,72.0,20.0,14.381843
-64.0,74.0,20.0,14.0026245
-64.0,76.0,20.0,14.628794
-64.0,78.0,20.0,15.076387
-64.0,80.0,20.0,14.936161
-64.0,82.0,20.0,15.110004
-64.0,84.0,20.0,15.946809
-64.0,86.0,20.0,15.125308
-64.0,88.0,20.0,14.332524
-64.0,90.0,20.0,14.983016
-64.0,92.0,20.0,15.786513
-64.0,94.0,20.0,15.839381
-64.0,96.0,20.0,15.607294
-64.0,98.0,20.0,15.786755
-64.0,100.0,20.0,15.1774025
-64.0,102.0,20.0,14.595144
-64.0,104.0,20.0,14.816044
-64.0,106.0,20.0,15.319547
-64.0,108.0,20.0,15.245278
-64.0,110.0,20.0,15.04843
-64.0,112.0,20.0,15.169288
-64.0,114.0,20.0,15.614395
-64.0,116.0,20.0,14.997093
-64.0,118.0,20.0,14.644689
-64.0,120.0,20.0,14.73044
-64.0,122.0,20.0,14.652366
-64.0,124.0,20.0,14.052738
-64.0,126.0,20.0,13.774718
-64.0,128.0,20.0,13.865008
-64.0,130.0,20.0,14.594706
-64.0,132.0,20.0,14.681589
-64.0,134.0,20.0,14.415547
-64.0,136.0,20.0,14.351759
-64.0,138.0,20.0,14.291666
-64.0,140.0,20.0,14.6894455
-64.0,142.0,20.0,14.815133
-64.0,144.0,20.0,14.540008
-64.0,146.0,20.0,14.260301
-64.0,148.0,20.0,14.41959
-64.0,150.0,20.0,14.655191
-64.0,152.0,20.0,14.41086
-64.0,154.0,20.0,14.363075
-64.0,156.0,20.0,15.039703
-64.0,158.0,20.0,15.11578
-64.0,160.0,20.0,14.514848
-64.0,162.0,20.0,14.362503
-64.0,164.0,20.0,14.779279
-64.0,166.0,20.0,14.5711565
-64.0,168.0,20.0,14.301731
-64.0,170.0,20.0,14.667818
-64.0,172.0,20.0,15.65939
-64.0,174.0,20.0,15.609955
-64.0,176.0,20.0,14.777447
-64.0,178.0,20.0,14.964085
-64.0,180.0,20.0,14.693001
-62.0,-180.0,20.0,15.232588
-62.0,-178.0,20.0,14.451787
-62.0,-176.0,20.0,14.188377
-62.0,-174.0,20.0,14.746397
-62.0,-172.0,20.0,15.168829
-62.0,-170.0,20.0,14.747558
-62.0,-168.0,20.0,14.393976
-62.0,-166.0,20.0,14.066274
-62.0,-164.0,20.0,13.715017
-62.0,-162.0,20.0,13.893391
-62.0,-160.0,20.0,14.656157
-62.0,-158.0,20.0,15.151194
-62.0,-156.0,20.0,15.30092
-62.0,-154.0,20.0,14.922457
-62.0,-152.0,20.0,14.531225
-62.0,-150.0,20.0,14.354585
-62.0,-148.0,20.0,14.016921
-62.0,-146.0,20.0,13.624525
-62.0,-144.0,20.0,13.798444
-62.0,-142.0,20.0,14.0796
-62.0,-140.0,20.0,14.121812
-62.0,-138.0,20.0,13.618933
-62.0,-136.0,20.0,13.372794
-62.0,-134.0,20.0,13.441282
-62.0,-132.0,20.0,13.339524
-62.0,-130.0,20.0,13.867574
-62.0,-128.0,20.0,13.416763
-62.0,-126.0,20.0,12.47487
-62.0,-124.0,20.0,12.588507
-62.0,-122.0,20.0,12.861742
-62.0,-120.0,20.0,13.253127
-62.0,-118.0,20.0,13.082104
-62.0,-116.0,20.0,12.899607
-62.0,-114.0,20.0,14.033553
-62.0,-112.0,20.0,13.703287
-62.0,-110.0,20.0,12.855892
-62.0,-108.0,20.0,12.424854
-62.0,-106.0,20.0,12.23401
-62.0,-104.0,20.0,11.994434
-62.0,-102.0,20.0,11.820189
-62.0,-100.0,20.0,12.321822
-62.0,-98.0,20.0,12.854268
-62.0,-96.0,20.0,12.492251
-62.0,-94.0,20.0,11.935913
-62.0,-92.0,20.0,11.787412
-62.0,-90.0,20.0,11.349202
-62.0,-88.0,20.0,11.13701
-62.0,-86.0,20.0,11.745767
-62.0,-84.0,20.0,12.281975
-62.0,-82.0,20.0,11.894787
-62.0,-80.0,20.0,11.370575
-62.0,-78.0,20.0,11.335567
-62.0,-76.0,20.0,11.121196
-62.0,-74.0,20.0,10.872834
-62.0,-72.0,20.0,10.900417
-62.0,-70.0,20.0,11.680433
-62.0,-68.0,20.0,11.813109
-62.0,-66.0,20.0,11.481015
-62.0,-64.0,20.0,11.318948
-62.0,-62.0,20.0,11.50557
-62.0,-60.0,20.0,11.575838
-62.0,-58.0,20.0,11.167337
-62.0,-56.0,20.0,10.871352
-62.0,-54.0,20.0,11.48185
-62.0,-52.0,20.0,12.169779
-62.0,-50.0,20.0,12.167284
-62.0,-48.0,20.0,11.687754
-62.0,-46.0,20.0,11.731471
-62.0,-44.0,20.0,12.28565
-62.0,-42.0,20.0,12.301448
-62.0,-40.0,20.0,12.5355215
-62.0,-38.0,20.0,12.511011
-62.0,-36.0,20.0,12.635975
-62.0,-34.0,20.0,13.057543
-62.0,-32.0,20.0,13.241631
-62.0,-30.0,20.0,13.223465
-62.0,-28.0,20.0,13.649488
-62.0,-26.0,20.0,13.758025
-62.0,-24.0,20.0,13.864047
-62.0,-22.0,20.0,14.271039
-62.0,-20.0,20.0,14.3111315
-62.0,-18.0,20.0,14.247088
-62.0,-16.0,20.0,14.382902
-62.0,-14.0,20.0,14.642186
-62.0,-12.0,20.0,14.4616585
-62.0,-10.0,20.0,14.624005
-62.0,-8.0,20.0,15.023204
-62.0,-6.0,20.0,15.005953
-62.0,-4.0,20.0,14.85995
-62.0,-2.0,20.0,15.077847
-62.0,0.0,20.0,14.876493
-62.0,2.0,20.0,14.445487
-62.0,4.0,20.0,14.556653
-62.0,6.0,20.0,14.824418
-62.0,8.0,20.0,14.885747
-62.0,10.0,20.0,14.901346
-62.0,12.0,20.0,15.179288
-62.0,14.0,20.0,15.189091
-62.0,16.0,20.0,14.781481
-62.0,18.0,20.0,14.802877
-62.0,20.0,20.0,15.042085
-62.0,22.0,20.0,15.736489
-62.0,24.0,20.0,15.780368
-62.0,26.0,20.0,15.735521
-62.0,28.0,20.0,15.533594
-62.0,30.0,20.0,15.162707
-62.0,32.0,20.0,14.528426
-62.0,34.0,20.0,14.091479
-62.0,36.0,20.0,14.105546
-62.0,38.0,20.0,14.283813
-62.0,40.0,20.0,14.869675
-62.0,42.0,20.0,15.131397
-62.0,44.0,20.0,15.461031
-62.0,46.0,20.0,15.56541
-62.0,48.0,20.0,15.18219
-62.0,50.0,20.0,15.198894
-62.0,52.0,20.0,15.453881
-62.0,54.0,20.0,15.350222
-62.0,56.0,20.0,14.731291
-62.0,58.0,20.0,14.602578
-62.0,60.0,20.0,15.49749
-62.0,62.0,20.0,16.41948
-62.0,64.0,20.0,16.22684
-62.0,66.0,20.0,15.806074
-62.0,68.0,20.0,15.797997
-62.0,70.0,20.0,15.56394
-62.0,72.0,20.0,14.505383
-62.0,74.0,20.0,14.27092
-62.0,76.0,20.0,14.670197
-62.0,78.0,20.0,15.49541
-62.0,80.0,20.0,15.524397
-62.0,82.0,20.0,16.064564
-62.0,84.0,20.0,16.728025
-62.0,86.0,20.0,16.005259
-62.0,88.0,20.0,15.317425
-62.0,90.0,20.0,15.640297
-62.0,92.0,20.0,16.07707
-62.0,94.0,20.0,16.015724
-62.0,96.0,20.0,16.18233
-62.0,98.0,20.0,16.321224
-62.0,100.0,20.0,15.344367
-62.0,102.0,20.0,14.640629
-62.0,104.0,20.0,14.69811
-62.0,106.0,20.0,15.097883
-62.0,108.0,20.0,15.25949
-62.0,110.0,20.0,15.181032
-62.0,112.0,20.0,15.777802
-62.0,114.0,20.0,16.374138
-62.0,116.0,20.0,15.925441
-62.0,118.0,20.0,15.141501
-62.0,120.0,20.0,14.973467
-62.0,122.0,20.0,15.078271
-62.0,124.0,20.0,14.47769
-62.0,126.0,20.0,14.051676
-62.0,128.0,20.0,14.363993
-62.0,130.0,20.0,14.810899
-62.0,132.0,20.0,14.801036
-62.0,134.0,20.0,14.34805
-62.0,136.0,20.0,14.085705
-62.0,138.0,20.0,14.2216625
-62.0,140.0,20.0,14.854282
-62.0,142.0,20.0,14.980769
-62.0,144.0,20.0,14.499746
-62.0,146.0,20.0,14.338092
-62.0,148.0,20.0,14.758831
-62.0,150.0,20.0,14.97994
-62.0,152.0,20.0,15.028176
-62.0,154.0,20.0,14.983319
-62.0,156.0,20.0,15.714455
-62.0,158.0,20.0,15.55822
-62.0,160.0,20.0,14.980284
-62.0,162.0,20.0,14.739293
-62.0,164.0,20.0,14.910536
-62.0,166.0,20.0,14.6631365
-62.0,168.0,20.0,14.412125
-62.0,170.0,20.0,14.838878
-62.0,172.0,20.0,15.849078
-62.0,174.0,20.0,16.05345
-62.0,176.0,20.0,15.574223
-62.0,178.0,20.0,15.631127
-62.0,180.0,20.0,15.232588
-60.0,-180.0,20.0,14.022329
-60.0,-178.0,20.0,13.420065
-60.0,-176.0,20.0,13.413309
-60.0,-174.0,20.0,14.131856
-60.0,-172.0,20.0,14.37641
-60.0,-170.0,20.0,14.027733
-60.0,-168.0,20.0,13.7414055
-60.0,-166.0,20.0,13.476875
-60.0,-164.0,20.0,13.106271
-60.0,-162.0,20.0,13.233894
-60.0,-160.0,20.0,13.96294
-60.0,-158.0,20.0,14.278891
-60.0,-156.0,20.0,14.178597
-60.0,-154.0,20.0,14.057097
-60.0,-152.0,20.0,13.874635
-60.0,-150.0,20.0,13.866291
-60.0,-148.0,20.0,13.51544
-60.0,-146.0,20.0,13.100435
-60.0,-144.0,20.0,13.109746
-60.0,-142.0,20.0,13.392992
-60.0,-140.0,20.0,13.5940895
-60.0,-138.0,20.0,13.24516
-60.0,-136.0,20.0,12.711492
-60.0,-134.0,20.0,12.463526
-60.0,-132.0,20.0,12.486528
-60.0,-130.0,20.0,13.186868
-60.0,-128.0,20.0,12.792955
-60.0,-126.0,20.0,12.023802
-60.0,-124.0,20.0,11.890361
-60.0,-122.0,20.0,11.960888
-60.0,-120.0,20.0,12.596535
-60.0,-118.0,20.0,12.345447
-60.0,-116.0,20.0,12.103374
-60.0,-114.0,20.0,12.58079
-60.0,-112.0,20.0,12.735639
-60.0,-110.0,20.0,11.88881
-60.0,-108.0,20.0,11.533623
-60.0,-106.0,20.0,11.768486
-60.0,-104.0,20.0,11.216702
-60.0,-102.0,20.0,10.796872
-60.0,-100.0,20.0,11.202361
-60.0,-98.0,20.0,11.715262
-60.0,-96.0,20.0,11.478289
-60.0,-94.0,20.0,11.170485
-60.0,-92.0,20.0,10.772939
-60.0,-90.0,20.0,10.377007
-60.0,-88.0,20.0,10.088429
-60.0,-86.0,20.0,10.608504
-60.0,-84.0,20.0,10.997176
-60.0,-82.0,20.0,10.622498
-60.0,-80.0,20.0,10.188084
-60.0,-78.0,20.0,10.197775
-60.0,-76.0,20.0,10.053997
-60.0,-74.0,20.0,9.6551285
-60.0,-72.0,20.0,9.586382
-60.0,-70.0,20.0,10.275875
-60.0,-68.0,20.0,10.598369
-60.0,-66.0,20.0,10.536815
-60.0,-64.0,20.0,10.642146
-60.0,-62.0,20.0,10.714955
-60.0,-60.0,20.0,10.632896
-60.0,-58.0,20.0,10.242785
-60.0,-56.0,20.0,10.112357
-60.0,-54.0,20.0,10.7244425
-60.0,-52.0,20.0,11.200081
-60.0,-50.0,20.0,11.069152
-60.0,-48.0,20.0,10.703711
-60.0,-46.0,20.0,11.145807
-60.0,-44.0,20.0,11.83691
-60.0,-42.0,20.0,11.80291
-60.0,-40.0,20.0,11.834241
-60.0,-38.0,20.0,11.95884
-60.0,-36.0,20.0,11.910389
-60.0,-34.0,20.0,12.379542
-60.0,-32.0,20.0,12.52245
-60.0,-30.0,20.0,12.465409
-60.0,-28.0,20.0,12.667968
-60.0,-26.0,20.0,12.747365
-60.0,-24.0,20.0,12.844421
-60.0,-22.0,20.0,13.223881
-60.0,-20.0,20.0,13.017436
-60.0,-18.0,20.0,13.039129
-60.0,-16.0,20.0,13.228075
-60.0,-14.0,20.0,13.423643
-60.0,-12.0,20.0,13.190745
-60.0,-10.0,20.0,13.381368
-60.0,-8.0,20.0,13.8554125
-60.0,-6.0,20.0,14.067072
-60.0,-4.0,20.0,13.883887
-60.0,-2.0,20.0,13.881855
-60.0,0.0,20.0,13.657757
-60.0,2.0,20.0,13.235432
-60.0,4.0,20.0,13.296053
-60.0,6.0,20.0,13.624518
-60.0,8.0,20.0,13.89516
-60.0,10.0,20.0,13.795806
-60.0,12.0,20.0,14.125139
-60.0,14.0,20.0,14.1550255
-60.0,16.0,20.0,13.669364
-60.0,18.0,20.0,13.456709
-60.0,20.0,20.0,13.92439
-60.0,22.0,20.0,14.478936
-60.0,24.0,20.0,14.406357
-60.0,26.0,20.0,14.536312
-60.0,28.0,20.0,14.598186
-60.0,30.0,20.0,13.932572
-60.0,32.0,20.0,13.020102
-60.0,34.0,20.0,12.681394
-60.0,36.0,20.0,13.190459
-60.0,38.0,20.0,13.506868
-60.0,40.0,20.0,14.011819
-60.0,42.0,20.0,13.926169
-60.0,44.0,20.0,14.008776
-60.0,46.0,20.0,14.436283
-60.0,48.0,20.0,14.171143
-60.0,50.0,20.0,13.9875965
-60.0,52.0,20.0,13.9048395
-60.0,54.0,20.0,13.523821
-60.0,56.0,20.0,13.199204
-60.0,58.0,20.0,13.422811
-60.0,60.0,20.0,14.049988
-60.0,62.0,20.0,14.673204
-60.0,64.0,20.0,14.567617
-60.0,66.0,20.0,14.28906
-60.0,68.0,20.0,14.240052
-60.0,70.0,20.0,14.040926
-60.0,72.0,20.0,13.258468
-60.0,74.0,20.0,13.069332
-60.0,76.0,20.0,13.460925
-60.0,78.0,20.0,13.84677
-60.0,80.0,20.0,14.047141
-60.0,82.0,20.0,14.559238
-60.0,84.0,20.0,15.235102
-60.0,86.0,20.0,14.539779
-60.0,88.0,20.0,13.89879
-60.0,90.0,20.0,14.025997
-60.0,92.0,20.0,14.149353
-60.0,94.0,20.0,14.461914
-60.0,96.0,20.0,14.827034
-60.0,98.0,20.0,14.678324
-60.0,100.0,20.0,14.028663
-60.0,102.0,20.0,13.45607
-60.0,104.0,20.0,13.576463
-60.0,106.0,20.0,13.691874
-60.0,108.0,20.0,13.789479
-60.0,110.0,20.0,14.051629
-60.0,112.0,20.0,14.510647
-60.0,114.0,20.0,15.018401
-60.0,116.0,20.0,14.512865
-60.0,118.0,20.0,14.131054
-60.0,120.0,20.0,14.013813
-60.0,122.0,20.0,13.840532
-60.0,124.0,20.0,13.363714
-60.0,126.0,20.0,13.353886
-60.0,128.0,20.0,13.677129
-60.0,130.0,20.0,14.056927
-60.0,132.0,20.0,13.756687
-60.0,134.0,20.0,13.375266
-60.0,136.0,20.0,13.030478
-60.0,138.0,20.0,13.254242
-60.0,140.0,20.0,14.033145
-60.0,142.0,20.0,14.171339
-60.0,144.0,20.0,13.366489
-60.0,146.0,20.0,13.347586
-60.0,148.0,20.0,13.797911
-60.0,150.0,20.0,14.05048
-60.0,152.0,20.0,14.140326
-60.0,154.0,20.0,14.256582
-60.0,156.0,20.0,14.942936
-60.0,158.0,20.0,14.506818
-60.0,160.0,20.0,14.040588
-60.0,162.0,20.0,13.935871
-60.0,164.0,20.0,13.906713
-60.0,166.0,20.0,13.605452
-60.0,168.0,20.0,13.537512
-60.0,170.0,20.0,14.023245
-60.0,172.0,20.0,14.86513
-60.0,174.0,20.0,14.913117
-60.0,176.0,20.0,14.224331
-60.0,178.0,20.0,14.326809
-60.0,180.0,20.0,14.022329
-58.0,-180.0,20.0,14.392099
-58.0,-178.0,20.0,13.798319
-58.0,-176.0,20.0,13.981174
-58.0,-174.0,20.0,14.590572
-58.0,-172.0,20.0,14.799088
-58.0,-170.0,20.0,14.600427
-58.0,-168.0,20.0,14.325805
-58.0,-166.0,20.0,14.061227
-58.0,-164.0,20.0,13.8041525
-58.0,-162.0,20.0,14.012159
-58.0,-160.0,20.0,14.467825
-58.0,-158.0,20.0,14.705319
-58.0,-156.0,20.0,14.368234
-58.0,-154.0,20.0,14.244738
-58.0,-152.0,20.0,14.24395
-58.0,-150.0,20.0,14.129706
-58.0,-148.0,20.0,13.637544
-58.0,-146.0,20.0,13.210639
-58.0,-144.0,20.0,13.215768
-58.0,-142.0,20.0,13.62662
-58.0,-140.0,20.0,13.74749
-58.0,-138.0,20.0,13.407647
-58.0,-136.0,20.0,12.971967
-58.0,-134.0,20.0,12.786515
-58.0,-132.0,20.0,12.87359
-58.0,-130.0,20.0,13.334927
-58.0,-128.0,20.0,12.723074
-58.0,-126.0,20.0,11.971938
-58.0,-124.0,20.0,11.637834
-58.0,-122.0,20.0,11.933615
-58.0,-120.0,20.0,12.609131
-58.0,-118.0,20.0,12.493148
-58.0,-116.0,20.0,12.453447
-58.0,-114.0,20.0,12.738323
-58.0,-112.0,20.0,12.597018
-58.0,-110.0,20.0,11.76013
-58.0,-108.0,20.0,11.267666
-58.0,-106.0,20.0,11.647829
-58.0,-104.0,20.0,11.351567
-58.0,-102.0,20.0,10.88509
-58.0,-100.0,20.0,11.017996
-58.0,-98.0,20.0,11.495279
-58.0,-96.0,20.0,11.399078
-58.0,-94.0,20.0,11.073407
-58.0,-92.0,20.0,10.80093
-58.0,-90.0,20.0,10.267142
-58.0,-88.0,20.0,10.298245
-58.0,-86.0,20.0,10.830776
-58.0,-84.0,20.0,10.985371
-58.0,-82.0,20.0,10.5445175
-58.0,-80.0,20.0,10.23573
-58.0,-78.0,20.0,10.471935
-58.0,-76.0,20.0,10.360471
-58.0,-74.0,20.0,9.694618
-58.0,-72.0,20.0,9.865439
-58.0,-70.0,20.0,10.593354
-58.0,-68.0,20.0,10.656867
-58.0,-66.0,20.0,10.586934
-58.0,-64.0,20.0,10.75533
-58.0,-62.0,20.0,10.811272
-58.0,-60.0,20.0,10.648598
-58.0,-58.0,20.0,10.318694
-58.0,-56.0,20.0,10.196297
-58.0,-54.0,20.0,10.905614
-58.0,-52.0,20.0,11.572698
-58.0,-50.0,20.0,11.292179
-58.0,-48.0,20.0,11.006826
-58.0,-46.0,20.0,11.171082
-58.0,-44.0,20.0,11.593249
-58.0,-42.0,20.0,11.770893
-58.0,-40.0,20.0,11.6752825
-58.0,-38.0,20.0,11.7091465
-58.0,-36.0,20.0,11.668231
-58.0,-34.0,20.0,11.810479
-58.0,-32.0,20.0,12.165535
-58.0,-30.0,20.0,12.115512
-58.0,-28.0,20.0,12.184606
-58.0,-26.0,20.0,12.458433
-58.0,-24.0,20.0,12.734348
-58.0,-22.0,20.0,12.7286
-58.0,-20.0,20.0,12.366241
-58.0,-18.0,20.0,12.392873
-58.0,-16.0,20.0,13.027036
-58.0,-14.0,20.0,13.056395
-58.0,-12.0,20.0,12.829376
-58.0,-10.0,20.0,13.145226
-58.0,-8.0,20.0,13.507757
-58.0,-6.0,20.0,13.741831
-58.0,-4.0,20.0,13.475854
-58.0,-2.0,20.0,13.42596
-58.0,0.0,20.0,13.26254
-58.0,2.0,20.0,12.603005
-58.0,4.0,20.0,12.576273
-58.0,6.0,20.0,12.896771
-58.0,8.0,20.0,13.281973
-58.0,10.0,20.0,13.131856
-58.0,12.0,20.0,13.66809
-58.0,14.0,20.0,13.907237
-58.0,16.0,20.0,13.328207
-58.0,18.0,20.0,12.974058
-58.0,20.0,20.0,13.478623
-58.0,22.0,20.0,13.969573
-58.0,24.0,20.0,13.889585
-58.0,26.0,20.0,13.908759
-58.0,28.0,20.0,14.122493
-58.0,30.0,20.0,13.254416
-58.0,32.0,20.0,12.097082
-58.0,34.0,20.0,11.843174
-58.0,36.0,20.0,12.423643
-58.0,38.0,20.0,13.118476
-58.0,40.0,20.0,13.599448
-58.0,42.0,20.0,13.563991
-58.0,44.0,20.0,13.568089
-58.0,46.0,20.0,14.182297
-58.0,48.0,20.0,14.109289
-58.0,50.0,20.0,13.652138
-58.0,52.0,20.0,13.191132
-58.0,54.0,20.0,12.806397
-58.0,56.0,20.0,12.763951
-58.0,58.0,20.0,13.073713
-58.0,60.0,20.0,13.774817
-58.0,62.0,20.0,14.240969
-58.0,64.0,20.0,14.16798
-58.0,66.0,20.0,13.977569
-58.0,68.0,20.0,13.802965
-58.0,70.0,20.0,13.483458
-58.0,72.0,20.0,12.967198
-58.0,74.0,20.0,13.101022
-58.0,76.0,20.0,13.38161
-58.0,78.0,20.0,13.262379
-58.0,80.0,20.0,13.701346
-58.0,82.0,20.0,14.124728
-58.0,84.0,20.0,14.404783
-58.0,86.0,20.0,13.542957
-58.0,88.0,20.0,13.1876545
-58.0,90.0,20.0,13.646029
-58.0,92.0,20.0,13.813803
-58.0,94.0,20.0,14.217217
-58.0,96.0,20.0,14.685776
-58.0,98.0,20.0,14.42385
-58.0,100.0,20.0,13.754178
-58.0,102.0,20.0,13.641605
-58.0,104.0,20.0,13.962747
-58.0,106.0,20.0,13.731734
-58.0,108.0,20.0,13.608799
-58.0,110.0,20.0,13.930819
-58.0,112.0,20.0,13.97331
-58.0,114.0,20.0,14.542451
-58.0,116.0,20.0,14.222707
-58.0,118.0,20.0,14.001216
-58.0,120.0,20.0,13.779268
-58.0,122.0,20.0,13.517377
-58.0,124.0,20.0,13.240901
-58.0,126.0,20.0,13.593357
-58.0,128.0,20.0,13.679331
-58.0,130.0,20.0,13.9047365
-58.0,132.0,20.0,13.95283
-58.0,134.0,20.0,13.991221
-58.0,136.0,20.0,13.739361
-58.0,138.0,20.0,13.564214
-58.0,140.0,20.0,13.787651
-58.0,142.0,20.0,14.047981
-58.0,144.0,20.0,13.496103
-58.0,146.0,20.0,13.522276
-58.0,148.0,20.0,13.85311
-58.0,150.0,20.0,14.26328
-58.0,152.0,20.0,14.155002
-58.0,154.0,20.0,14.2181
-58.0,156.0,20.0,14.971335
-58.0,158.0,20.0,14.553301
-58.0,160.0,20.0,14.28739
-58.0,162.0,20.0,14.189466
-58.0,164.0,20.0,14.169261
-58.0,166.0,20.0,14.037582
-58.0,168.0,20.0,13.922554
-58.0,170.0,20.0,14.217452
-58.0,172.0,20.0,14.90362
-58.0,174.0,20.0,15.019472
-58.0,176.0,20.0,14.270341
-58.0,178.0,20.0,14.501184
-58.0,180.0,20.0,14.392099
-56.0,-180.0,20.0,14.612734
-56.0,-178.0,20.0,14.084415
-56.0,-176.0,20.0,14.305169
-56.0,-174.0,20.0,14.94925
-56.0,-172.0,20.0,14.987936
-56.0,-170.0,20.0,14.668825
-56.0,-168.0,20.0,14.183027
-56.0,-166.0,20.0,14.05246
-56.0,-164.0,20.0,13.821511
-56.0,-162.0,20.0,13.747147
-56.0,-160.0,20.0,14.371341
-56.0,-158.0,20.0,14.833954
-56.0,-156.0,20.0,14.665447
-56.0,-154.0,20.0,14.149111
-56.0,-152.0,20.0,14.006548
-56.0,-150.0,20.0,14.025532
-56.0,-148.0,20.0,13.52226
-56.0,-146.0,20.0,13.044191
-56.0,-144.0,20.0,13.059735
-56.0,-142.0,20.0,13.377431
-56.0,-140.0,20.0,13.527284
-56.0,-138.0,20.0,12.917851
-56.0,-136.0,20.0,11.971033
-56.0,-134.0,20.0,11.917283
-56.0,-132.0,20.0,12.489392
-56.0,-130.0,20.0,12.736161
-56.0,-128.0,20.0,11.976237
-56.0,-126.0,20.0,11.248654
-56.0,-124.0,20.0,11.296377
-56.0,-122.0,20.0,11.495809
-56.0,-120.0,20.0,11.731885
-56.0,-118.0,20.0,11.804283
-56.0,-116.0,20.0,12.213437
-56.0,-114.0,20.0,12.467624
-56.0,-112.0,20.0,11.816307
-56.0,-110.0,20.0,10.782693
-56.0,-108.0,20.0,10.177488
-56.0,-106.0,20.0,10.515949
-56.0,-104.0,20.0,10.105339
-56.0,-102.0,20.0,9.9241905
-56.0,-100.0,20.0,10.200756
-56.0,-98.0,20.0,10.90616
-56.0,-96.0,20.0,10.7387905
-56.0,-94.0,20.0,10.355763
-56.0,-92.0,20.0,10.146549
-56.0,-90.0,20.0,9.802078
-56.0,-88.0,20.0,9.944849
-56.0,-86.0,20.0,10.237771
-56.0,-84.0,20.0,10.482786
-56.0,-82.0,20.0,10.079823
-56.0,-80.0,20.0,9.579658
-56.0,-78.0,20.0,9.715695
-56.0,-76.0,20.0,9.380807
-56.0,-74.0,20.0,8.996051
-56.0,-72.0,20.0,9.240472
-56.0,-70.0,20.0,9.8636875
-56.0,-68.0,20.0,10.067271
-56.0,-66.0,20.0,10.160438
-56.0,-64.0,20.0,10.484621
-56.0,-62.0,20.0,10.539489
-56.0,-60.0,20.0,10.108447
-56.0,-58.0,20.0,9.664834
-56.0,-56.0,20.0,9.717447
-56.0,-54.0,20.0,10.613645
-56.0,-52.0,20.0,11.053324
-56.0,-50.0,20.0,10.750088
-56.0,-48.0,20.0,10.489907
-56.0,-46.0,20.0,10.699972
-56.0,-44.0,20.0,10.897318
-56.0,-42.0,20.0,11.070596
-56.0,-40.0,20.0,11.339988
-56.0,-38.0,20.0,11.264534
-56.0,-36.0,20.0,11.339909
-56.0,-34.0,20.0,11.599689
-56.0,-32.0,20.0,11.919082
-56.0,-30.0,20.0,12.003952
-56.0,-28.0,20.0,11.948951
-56.0,-26.0,20.0,12.495028
-56.0,-24.0,20.0,12.896151
-56.0,-22.0,20.0,12.812985
-56.0,-20.0,20.0,12.466194
-56.0,-18.0,20.0,12.400918
-56.0,-16.0,20.0,12.955944
-56.0,-14.0,20.0,13.037641
-56.0,-12.0,20.0,12.6900015
-56.0,-10.0,20.0,13.051558
-56.0,-8.0,20.0,13.559623
-56.0,-6.0,20.0,13.788157
-56.0,-4.0,20.0,13.568587
-56.0,-2.0,20.0,13.299597
-56.0,0.0,20.0,13.195391
-56.0,2.0,20.0,12.823682
-56.0,4.0,20.0,12.69946
-56.0,6.0,20.0,13.037662
-56.0,8.0,20.0,13.589592
-56.0,10.0,20.0,13.490541
-56.0,12.0,20.0,14.1018505
-56.0,14.0,20.0,14.295012
-56.0,16.0,20.0,13.786777
-56.0,18.0,20.0,13.434708
-56.0,20.0,20.0,13.777825
-56.0,22.0,20.0,14.421818
-56.0,24.0,20.0,14.525316
-56.0,26.0,20.0,14.573053
-56.0,28.0,20.0,14.61886
-56.0,30.0,20.0,13.786102
-56.0,32.0,20.0,12.678081
-56.0,34.0,20.0,12.217247
-56.0,36.0,20.0,12.905609
-56.0,38.0,20.0,13.5786
-56.0,40.0,20.0,14.034838
-56.0,42.0,20.0,14.218672
-56.0,44.0,20.0,14.371567
-56.0,46.0,20.0,14.7730255
-56.0,48.0,20.0,14.736806
-56.0,50.0,20.0,14.093777
-56.0,52.0,20.0,13.673327
-56.0,54.0,20.0,13.69456
-56.0,56.0,20.0,13.5706215
-56.0,58.0,20.0,13.82995
-56.0,60.0,20.0,14.400868
-56.0,62.0,20.0,14.831998
-56.0,64.0,20.0,14.840258
-56.0,66.0,20.0,14.570997
-56.0,68.0,20.0,14.276681
-56.0,70.0,20.0,14.005273
-56.0,72.0,20.0,13.419297
-56.0,74.0,20.0,13.517464
-56.0,76.0,20.0,13.886433
-56.0,78.0,20.0,13.926113
-56.0,80.0,20.0,14.186926
-56.0,82.0,20.0,14.505691
-56.0,84.0,20.0,14.965669
-56.0,86.0,20.0,14.377273
-56.0,88.0,20.0,13.880405
-56.0,90.0,20.0,14.312671
-56.0,92.0,20.0,14.561998
-56.0,94.0,20.0,14.994423
-56.0,96.0,20.0,15.265971
-56.0,98.0,20.0,14.850855
-56.0,100.0,20.0,14.235558
-56.0,102.0,20.0,14.16461
-56.0,104.0,20.0,14.43596
-56.0,106.0,20.0,14.241787
-56.0,108.0,20.0,14.153507
-56.0,110.0,20.0,14.34332
-56.0,112.0,20.0,14.599679
-56.0,114.0,20.0,14.964331
-56.0,116.0,20.0,14.840746
-56.0,118.0,20.0,14.571285
-56.0,120.0,20.0,14.403726
-56.0,122.0,20.0,14.463472
-56.0,124.0,20.0,13.9544935
-56.0,126.0,20.0,14.017428
-56.0,128.0,20.0,13.897617
-56.0,130.0,20.0,14.210938
-56.0,132.0,20.0,14.645502
-56.0,134.0,20.0,14.735713
-56.0,136.0,20.0,14.629442
-56.0,138.0,20.0,14.473449
-56.0,140.0,20.0,14.290906
-56.0,142.0,20.0,14.519977
-56.0,144.0,20.0,14.022734
-56.0,146.0,20.0,13.767752
-56.0,148.0,20.0,13.872855
-56.0,150.0,20.0,14.499093
-56.0,152.0,20.0,14.570816
-56.0,154.0,20.0,14.572404
-56.0,156.0,20.0,15.10981
-56.0,158.0,20.0,14.970807
-56.0,160.0,20.0,14.583405
-56.0,162.0,20.0,14.220157
-56.0,164.0,20.0,14.072519
-56.0,166.0,20.0,14.274772
-56.0,168.0,20.0,14.080467
-56.0,170.0,20.0,14.377242
-56.0,172.0,20.0,15.051983
-56.0,174.0,20.0,15.134265
-56.0,176.0,20.0,14.456426
-56.0,178.0,20.0,14.620216
-56.0,180.0,20.0,14.612734
-54.0,-180.0,20.0,13.119626
-54.0,-178.0,20.0,12.679849
-54.0,-176.0,20.0,13.056687
-54.0,-174.0,20.0,13.552829
-54.0,-172.0,20.0,13.430599
-54.0,-170.0,20.0,12.970844
-54.0,-168.0,20.0,12.650688
-54.0,-166.0,20.0,12.372829
-54.0,-164.0,20.0,12.080299
-54.0,-162.0,20.0,11.925221
-54.0,-160.0,20.0,12.580897
-54.0,-158.0,20.0,13.238035
-54.0,-156.0,20.0,13.237173
-54.0,-154.0,20.0,12.543148
-54.0,-152.0,20.0,12.13444
-54.0,-150.0,20.0,12.113469
-54.0,-148.0,20.0,11.691255
-54.0,-146.0,20.0,11.133649
-54.0,-144.0,20.0,11.156639
-54.0,-142.0,20.0,11.540015
-54.0,-140.0,20.0,11.365515
-54.0,-138.0,20.0,10.46583
-54.0,-136.0,20.0,9.834125
-54.0,-134.0,20.0,9.640646
-54.0,-132.0,20.0,10.305057
-54.0,-130.0,20.0,10.627727
-54.0,-128.0,20.0,10.116355
-54.0,-126.0,20.0,9.490458
-54.0,-124.0,20.0,9.48105
-54.0,-122.0,20.0,9.65068
-54.0,-120.0,20.0,9.774168
-54.0,-118.0,20.0,9.77758
-54.0,-116.0,20.0,10.125438
-54.0,-114.0,20.0,10.285302
-54.0,-112.0,20.0,9.657743
-54.0,-110.0,20.0,8.940507
-54.0,-108.0,20.0,8.581718
-54.0,-106.0,20.0,8.230237
-54.0,-104.0,20.0,7.88612
-54.0,-102.0,20.0,7.8048506
-54.0,-100.0,20.0,8.105402
-54.0,-98.0,20.0,8.812047
-54.0,-96.0,20.0,8.890379
-54.0,-94.0,20.0,8.446645
-54.0,-92.0,20.0,8.048982
-54.0,-90.0,20.0,7.7507663
-54.0,-88.0,20.0,7.81067
-54.0,-86.0,20.0,8.257294
-54.0,-84.0,20.0,8.458728
-54.0,-82.0,20.0,8.096654
-54.0,-80.0,20.0,7.516792
-54.0,-78.0,20.0,7.2922645
-54.0,-76.0,20.0,7.1358824
-54.0,-74.0,20.0,6.9573064
-54.0,-72.0,20.0,7.383389
-54.0,-70.0,20.0,7.7359676
-54.0,-68.0,20.0,8.216082
-54.0,-66.0,20.0,8.187649
-54.0,-64.0,20.0,8.508416
-54.0,-62.0,20.0,8.590605
-54.0,-60.0,20.0,8.159349
-54.0,-58.0,20.0,7.922412
-54.0,-56.0,20.0,8.095402
-54.0,-54.0,20.0,8.689414
-54.0,-52.0,20.0,8.992226
-54.0,-50.0,20.0,8.814117
-54.0,-48.0,20.0,8.54778
-54.0,-46.0,20.0,8.733962
-54.0,-44.0,20.0,8.941522
-54.0,-42.0,20.0,9.311994
-54.0,-40.0,20.0,9.678544
-54.0,-38.0,20.0,9.70434
-54.0,-36.0,20.0,9.879393
-54.0,-34.0,20.0,10.248341
-54.0,-32.0,20.0,10.463303
-54.0,-30.0,20.0,10.590723
-54.0,-28.0,20.0,10.713974
-54.0,-26.0,20.0,11.261167
-54.0,-24.0,20.0,11.574059
-54.0,-22.0,20.0,11.417329
-54.0,-20.0,20.0,11.382111
-54.0,-18.0,20.0,11.23176
-54.0,-16.0,20.0,11.564956
-54.0,-14.0,20.0,11.866619
-54.0,-12.0,20.0,11.719919
-54.0,-10.0,20.0,12.078646
-54.0,-8.0,20.0,12.6542845
-54.0,-6.0,20.0,12.851412
-54.0,-4.0,20.0,12.7900305
-54.0,-2.0,20.0,12.6943655
-54.0,0.0,20.0,12.6016445
-54.0,2.0,20.0,12.176556
-54.0,4.0,20.0,12.068724
-54.0,6.0,20.0,12.589836
-54.0,8.0,20.0,13.085258
-54.0,10.0,20.0,12.976836
-54.0,12.0,20.0,13.300311
-54.0,14.0,20.0,13.477917
-54.0,16.0,20.0,12.927237
-54.0,18.0,20.0,12.654905
-54.0,20.0,20.0,13.112928
-54.0,22.0,20.0,13.824049
-54.0,24.0,20.0,14.040755
-54.0,26.0,20.0,13.92928
-54.0,28.0,20.0,13.85901
-54.0,30.0,20.0,13.438664
-54.0,32.0,20.0,12.551234
-54.0,34.0,20.0,11.93378
-54.0,36.0,20.0,12.348941
-54.0,38.0,20.0,13.016536
-54.0,40.0,20.0,13.574295
-54.0,42.0,20.0,13.587149
-54.0,44.0,20.0,13.6798525
-54.0,46.0,20.0,13.98874
-54.0,48.0,20.0,13.856611
-54.0,50.0,20.0,13.652069
-54.0,52.0,20.0,13.620156
-54.0,54.0,20.0,13.31667
-54.0,56.0,20.0,12.922158
-54.0,58.0,20.0,13.200872
-54.0,60.0,20.0,13.840436
-54.0,62.0,20.0,14.420927
-54.0,64.0,20.0,14.462693
-54.0,66.0,20.0,14.335781
-54.0,68.0,20.0,14.256467
-54.0,70.0,20.0,13.814422
-54.0,72.0,20.0,13.088893
-54.0,74.0,20.0,13.008165
-54.0,76.0,20.0,13.234447
-54.0,78.0,20.0,13.412241
-54.0,80.0,20.0,13.7579365
-54.0,82.0,20.0,14.3520975
-54.0,84.0,20.0,14.747663
-54.0,86.0,20.0,14.251284
-54.0,88.0,20.0,13.652275
-54.0,90.0,20.0,13.805901
-54.0,92.0,20.0,13.801171
-54.0,94.0,20.0,14.2167
-54.0,96.0,20.0,14.504383
-54.0,98.0,20.0,14.399589
-54.0,100.0,20.0,13.548671
-54.0,102.0,20.0,13.309941
-54.0,104.0,20.0,13.543329
-54.0,106.0,20.0,13.471967
-54.0,108.0,20.0,13.411033
-54.0,110.0,20.0,13.551943
-54.0,112.0,20.0,14.020611
-54.0,114.0,20.0,14.37378
-54.0,116.0,20.0,14.192955
-54.0,118.0,20.0,13.885377
-54.0,120.0,20.0,13.574172
-54.0,122.0,20.0,13.4455805
-54.0,124.0,20.0,13.217167
-54.0,126.0,20.0,13.027041
-54.0,128.0,20.0,13.275479
-54.0,130.0,20.0,13.586805
-54.0,132.0,20.0,13.725116
-54.0,134.0,20.0,13.814988
-54.0,136.0,20.0,13.4947
-54.0,138.0,20.0,13.536424
-54.0,140.0,20.0,13.757143
-54.0,142.0,20.0,13.507905
-54.0,144.0,20.0,12.981629
-54.0,146.0,20.0,12.691547
-54.0,148.0,20.0,13.127235
-54.0,150.0,20.0,13.6084
-54.0,152.0,20.0,13.496763
-54.0,154.0,20.0,13.4931755
-54.0,156.0,20.0,13.972344
-54.0,158.0,20.0,13.762559
-54.0,160.0,20.0,13.299625
-54.0,162.0,20.0,13.149113
-54.0,164.0,20.0,13.120195
-54.0,166.0,20.0,13.409951
-54.0,168.0,20.0,13.109408
-54.0,170.0,20.0,13.368012
-54.0,172.0,20.0,13.7171335
-54.0,174.0,20.0,13.425003
-54.0,176.0,20.0,12.957874
-54.0,178.0,20.0,13.18485
-54.0,180.0,20.0,13.119626
-52.0,-180.0,20.0,12.55681
-52.0,-178.0,20.0,12.079803
-52.0,-176.0,20.0,12.369754
-52.0,-174.0,20.0,12.807702
-52.0,-172.0,20.0,12.622781
-52.0,-170.0,20.0,12.145972
-52.0,-168.0,20.0,12.036783
-52.0,-166.0,20.0,11.744335
-52.0,-164.0,20.0,11.224846
-52.0,-162.0,20.0,11.059413
-52.0,-160.0,20.0,11.637406
-52.0,-158.0,20.0,12.059105
-52.0,-156.0,20.0,11.9049835
-52.0,-154.0,20.0,11.602131
-52.0,-152.0,20.0,11.189191
-52.0,-150.0,20.0,10.885634
-52.0,-148.0,20.0,10.193278
-52.0,-146.0,20.0,9.743692
-52.0,-144.0,20.0,9.961166
-52.0,-142.0,20.0,10.097064
-52.0,-140.0,20.0,10.007843
-52.0,-138.0,20.0,9.41083
-52.0,-136.0,20.0,8.87963
-52.0,-134.0,20.0,8.662423
-52.0,-132.0,20.0,9.1726465
-52.0,-130.0,20.0,9.509846
-52.0,-128.0,20.0,8.913861
-52.0,-126.0,20.0,8.226203
-52.0,-124.0,20.0,8.228549
-52.0,-122.0,20.0,8.562466
-52.0,-120.0,20.0,8.677692
-52.0,-118.0,20.0,8.54465
-52.0,-116.0,20.0,8.693283
-52.0,-114.0,20.0,8.968631
-52.0,-112.0,20.0,8.735858
-52.0,-110.0,20.0,8.04613
-52.0,-108.0,20.0,7.717991
-52.0,-106.0,20.0,7.567728
-52.0,-104.0,20.0,7.048305
-52.0,-102.0,20.0,7.0115533
-52.0,-100.0,20.0,7.270228
-52.0,-98.0,20.0,7.9656234
-52.0,-96.0,20.0,7.8185062
-52.0,-94.0,20.0,7.2460427
-52.0,-92.0,20.0,6.739998
-52.0,-90.0,20.0,6.5657706
-52.0,-88.0,20.0,6.785486
-52.0,-86.0,20.0,7.0677805
-52.0,-84.0,20.0,7.2928176
-52.0,-82.0,20.0,7.1718755
-52.0,-80.0,20.0,6.485944
-52.0,-78.0,20.0,6.3805037
-52.0,-76.0,20.0,6.3654585
-52.0,-74.0,20.0,6.2961364
-52.0,-72.0,20.0,6.5540094
-52.0,-70.0,20.0,6.8389125
-52.0,-68.0,20.0,7.3385572
-52.0,-66.0,20.0,7.263264
-52.0,-64.0,20.0,7.107708
-52.0,-62.0,20.0,7.25775
-52.0,-60.0,20.0,7.2074857
-52.0,-58.0,20.0,7.1575527
-52.0,-56.0,20.0,7.1842613
-52.0,-54.0,20.0,7.8342547
-52.0,-52.0,20.0,8.078388
-52.0,-50.0,20.0,7.9834995
-52.0,-48.0,20.0,7.569231
-52.0,-46.0,20.0,7.6328745
-52.0,-44.0,20.0,8.087673
-52.0,-42.0,20.0,8.624537
-52.0,-40.0,20.0,9.038681
-52.0,-38.0,20.0,8.952578
-52.0,-36.0,20.0,8.961576
-52.0,-34.0,20.0,9.210133
-52.0,-32.0,20.0,9.602126
-52.0,-30.0,20.0,9.831742
-52.0,-28.0,20.0,10.02082
-52.0,-26.0,20.0,10.317491
-52.0,-24.0,20.0,10.370767
-52.0,-22.0,20.0,10.237346
-52.0,-20.0,20.0,10.48001
-52.0,-18.0,20.0,10.22067
-52.0,-16.0,20.0,10.420572
-52.0,-14.0,20.0,10.807834
-52.0,-12.0,20.0,10.978208
-52.0,-10.0,20.0,11.2923765
-52.0,-8.0,20.0,11.831589
-52.0,-6.0,20.0,12.223701
-52.0,-4.0,20.0,12.0785885
-52.0,-2.0,20.0,11.788283
-52.0,0.0,20.0,11.804427
-52.0,2.0,20.0,11.49471
-52.0,4.0,20.0,11.387343
-52.0,6.0,20.0,11.726345
-52.0,8.0,20.0,12.246279
-52.0,10.0,20.0,12.149955
-52.0,12.0,20.0,12.5192175
-52.0,14.0,20.0,12.73812
-52.0,16.0,20.0,12.181067
-52.0,18.0,20.0,12.035819
-52.0,20.0,20.0,12.432736
-52.0,22.0,20.0,13.144295
-52.0,24.0,20.0,13.343533
-52.0,26.0,20.0,13.414134
-52.0,28.0,20.0,13.243758
-52.0,30.0,20.0,12.718597
-52.0,32.0,20.0,11.922179
-52.0,34.0,20.0,11.472081
-52.0,36.0,20.0,11.816056
-52.0,38.0,20.0,12.440458
-52.0,40.0,20.0,12.960257
-52.0,42.0,20.0,12.941443
-52.0,44.0,20.0,12.667073
-52.0,46.0,20.0,13.077021
-52.0,48.0,20.0,13.028316
-52.0,50.0,20.0,13.166216
-52.0,52.0,20.0,13.117406
-52.0,54.0,20.0,12.77344
-52.0,56.0,20.0,12.453554
-52.0,58.0,20.0,12.75432
-52.0,60.0,20.0,13.260225
-52.0,62.0,20.0,13.748683
-52.0,64.0,20.0,13.873712
-52.0,66.0,20.0,13.827437
-52.0,68.0,20.0,13.744128
-52.0,70.0,20.0,13.290401
-52.0,72.0,20.0,12.607086
-52.0,74.0,20.0,12.582523
-52.0,76.0,20.0,12.580766
-52.0,78.0,20.0,12.556086
-52.0,80.0,20.0,13.281906
-52.0,82.0,20.0,13.820283
-52.0,84.0,20.0,14.193169
-52.0,86.0,20.0,13.710198
-52.0,88.0,20.0,13.185104
-52.0,90.0,20.0,13.0961
-52.0,92.0,20.0,13.063407
-52.0,94.0,20.0,13.637681
-52.0,96.0,20.0,14.044592
-52.0,98.0,20.0,13.861188
-52.0,100.0,20.0,13.09552
-52.0,102.0,20.0,12.978036
-52.0,104.0,20.0,12.967671
-52.0,106.0,20.0,12.570745
-52.0,108.0,20.0,12.531777
-52.0,110.0,20.0,12.930038
-52.0,112.0,20.0,13.34134
-52.0,114.0,20.0,13.911853
-52.0,116.0,20.0,13.757727
-52.0,118.0,20.0,13.227381
-52.0,120.0,20.0,12.938513
-52.0,122.0,20.0,12.59161
-52.0,124.0,20.0,12.452779
-52.0,126.0,20.0,12.562889
-52.0,128.0,20.0,12.796817
-52.0,130.0,20.0,13.04579
-52.0,132.0,20.0,13.166382
-52.0,134.0,20.0,13.031683
-52.0,136.0,20.0,12.903605
-52.0,138.0,20.0,13.196983
-52.0,140.0,20.0,13.325252
-52.0,142.0,20.0,13.089695
-52.0,144.0,20.0,12.475078
-52.0,146.0,20.0,12.457124
-52.0,148.0,20.0,12.787048
-52.0,150.0,20.0,13.300818
-52.0,152.0,20.0,13.263236
-52.0,154.0,20.0,13.247719
-52.0,156.0,20.0,13.742709
-52.0,158.0,20.0,13.430817
-52.0,160.0,20.0,12.989041
-52.0,162.0,20.0,12.876402
-52.0,164.0,20.0,12.782925
-52.0,166.0,20.0,12.766529
-52.0,168.0,20.0,12.41175
-52.0,170.0,20.0,12.7648945
-52.0,172.0,20.0,13.052678
-52.0,174.0,20.0,12.858412
-52.0,176.0,20.0,12.220877
-52.0,178.0,20.0,12.570518
-52.0,180.0,20.0,12.55681
-50.0,-180.0,20.0,13.501143
-50.0,-178.0,20.0,12.8197565
-50.0,-176.0,20.0,13.321917
-50.0,-174.0,20.0,13.781814
-50.0,-172.0,20.0,13.437081
-50.0,-170.0,20.0,13.048474
-50.0,-168.0,20.0,12.913464
-50.0,-166.0,20.0,12.465926
-50.0,-164.0,20.0,11.880043
-50.0,-162.0,20.0,11.839834
-50.0,-160.0,20.0,12.37452
-50.0,-158.0,20.0,12.464179
-50.0,-156.0,20.0,12.313094
-50.0,-154.0,20.0,11.93143
-50.0,-152.0,20.0,11.812606
-50.0,-150.0,20.0,11.479729
-50.0,-148.0,20.0,10.800652
-50.0,-146.0,20.0,10.344607
-50.0,-144.0,20.0,10.453835
-50.0,-142.0,20.0,10.870069
-50.0,-140.0,20.0,10.641098
-50.0,-138.0,20.0,9.892391
-50.0,-136.0,20.0,9.075323
-50.0,-134.0,20.0,8.958524
-50.0,-132.0,20.0,9.434522
-50.0,-130.0,20.0,9.704965
-50.0,-128.0,20.0,9.090023
-50.0,-126.0,20.0,8.365062
-50.0,-124.0,20.0,8.311539
-50.0,-122.0,20.0,8.666742
-50.0,-120.0,20.0,8.856234
-50.0,-118.0,20.0,8.851928
-50.0,-116.0,20.0,8.931735
-50.0,-114.0,20.0,9.150127
-50.0,-112.0,20.0,8.883988
-50.0,-110.0,20.0,8.09149
-50.0,-108.0,20.0,7.8432913
-50.0,-106.0,20.0,7.734863
-50.0,-104.0,20.0,7.3928237
-50.0,-102.0,20.0,7.1587934
-50.0,-100.0,20.0,7.361866
-50.0,-98.0,20.0,7.9544153
-50.0,-96.0,20.0,7.782111
-50.0,-94.0,20.0,7.2314525
-50.0,-92.0,20.0,6.9814405
-50.0,-90.0,20.0,6.695487
-50.0,-88.0,20.0,6.753227
-50.0,-86.0,20.0,7.236882
-50.0,-84.0,20.0,7.4212646
-50.0,-82.0,20.0,7.350052
-50.0,-80.0,20.0,6.5200768
-50.0,-78.0,20.0,6.6604714
-50.0,-76.0,20.0,6.6480026
-50.0,-74.0,20.0,6.5658584
-50.0,-72.0,20.0,6.4703336
-50.0,-70.0,20.0,6.819836
-50.0,-68.0,20.0,7.2327466
-50.0,-66.0,20.0,7.3670325
-50.0,-64.0,20.0,7.4268827
-50.0,-62.0,20.0,7.523966
-50.0,-60.0,20.0,7.3955474
-50.0,-58.0,20.0,7.41366
-50.0,-56.0,20.0,7.283722
-50.0,-54.0,20.0,8.08333
-50.0,-52.0,20.0,8.389759
-50.0,-50.0,20.0,8.287131
-50.0,-48.0,20.0,7.776547
-50.0,-46.0,20.0,7.9254856
-50.0,-44.0,20.0,8.498292
-50.0,-42.0,20.0,9.10837
-50.0,-40.0,20.0,9.231827
-50.0,-38.0,20.0,9.30097
-50.0,-36.0,20.0,9.270047
-50.0,-34.0,20.0,9.685026
-50.0,-32.0,20.0,10.009897
-50.0,-30.0,20.0,10.193676
-50.0,-28.0,20.0,10.427434
-50.0,-26.0,20.0,10.70247
-50.0,-24.0,20.0,10.54452
-50.0,-22.0,20.0,10.717093
-50.0,-20.0,20.0,11.035968
-50.0,-18.0,20.0,10.768547
-50.0,-16.0,20.0,10.820447
-50.0,-14.0,20.0,11.295379
-50.0,-12.0,20.0,11.387995
-50.0,-10.0,20.0,11.759889
-50.0,-8.0,20.0,12.276851
-50.0,-6.0,20.0,12.803992
-50.0,-4.0,20.0,12.705153
-50.0,-2.0,20.0,12.321355
-50.0,0.0,20.0,12.236029
-50.0,2.0,20.0,11.825317
-50.0,4.0,20.0,11.72199
-50.0,6.0,20.0,12.173258
-50.0,8.0,20.0,12.762311
-50.0,10.0,20.0,12.726706
-50.0,12.0,20.0,13.035859
-50.0,14.0,20.0,13.067425
-50.0,16.0,20.0,12.716684
-50.0,18.0,20.0,12.434598
-50.0,20.0,20.0,12.9915495
-50.0,22.0,20.0,13.733898
-50.0,24.0,20.0,14.111284
-50.0,26.0,20.0,14.028479
-50.0,28.0,20.0,13.7990265
-50.0,30.0,20.0,13.184655
-50.0,32.0,20.0,12.088796
-50.0,34.0,20.0,11.793984
-50.0,36.0,20.0,12.166405
-50.0,38.0,20.0,12.901981
-50.0,40.0,20.0,13.417854
-50.0,42.0,20.0,13.438392
-50.0,44.0,20.0,13.43977
-50.0,46.0,20.0,13.820984
-50.0,48.0,20.0,13.725626
-50.0,50.0,20.0,13.644927
-50.0,52.0,20.0,13.561568
-50.0,54.0,20.0,13.435259
-50.0,56.0,20.0,13.143173
-50.0,58.0,20.0,13.344315
-50.0,60.0,20.0,13.774242
-50.0,62.0,20.0,14.269984
-50.0,64.0,20.0,14.353175
-50.0,66.0,20.0,14.392954
-50.0,68.0,20.0,14.264008
-50.0,70.0,20.0,13.958583
-50.0,72.0,20.0,13.21419
-50.0,74.0,20.0,13.248205
-50.0,76.0,20.0,13.582479
-50.0,78.0,20.0,13.55132
-50.0,80.0,20.0,13.977305
-50.0,82.0,20.0,14.541005
-50.0,84.0,20.0,14.708839
-50.0,86.0,20.0,14.414712
-50.0,88.0,20.0,13.834165
-50.0,90.0,20.0,14.029271
-50.0,92.0,20.0,13.993227
-50.0,94.0,20.0,14.451312
-50.0,96.0,20.0,14.845332
-50.0,98.0,20.0,14.7931185
-50.0,100.0,20.0,14.01252
-50.0,102.0,20.0,13.644459
-50.0,104.0,20.0,13.859212
-50.0,106.0,20.0,13.908215
-50.0,108.0,20.0,13.7727585
-50.0,110.0,20.0,14.047733
-50.0,112.0,20.0,14.613142
-50.0,114.0,20.0,15.137819
-50.0,116.0,20.0,14.996707
-50.0,118.0,20.0,14.474428
-50.0,120.0,20.0,14.0259
-50.0,122.0,20.0,13.684638
-50.0,124.0,20.0,13.205148
-50.0,126.0,20.0,13.223742
-50.0,128.0,20.0,13.518646
-50.0,130.0,20.0,13.999834
-50.0,132.0,20.0,14.053566
-50.0,134.0,20.0,13.8458395
-50.0,136.0,20.0,13.813005
-50.0,138.0,20.0,13.890605
-50.0,140.0,20.0,14.000702
-50.0,142.0,20.0,13.717241
-50.0,144.0,20.0,13.037503
-50.0,146.0,20.0,12.983879
-50.0,148.0,20.0,13.441923
-50.0,150.0,20.0,13.976668
-50.0,152.0,20.0,13.939643
-50.0,154.0,20.0,14.177381
-50.0,156.0,20.0,14.918437
-50.0,158.0,20.0,14.550965
-50.0,160.0,20.0,13.908984
-50.0,162.0,20.0,13.881169
-50.0,164.0,20.0,14.135708
-50.0,166.0,20.0,13.793566
-50.0,168.0,20.0,13.486656
-50.0,170.0,20.0,13.7824545
-50.0,172.0,20.0,14.12429
-50.0,174.0,20.0,13.723758
-50.0,176.0,20.0,13.069699
-50.0,178.0,20.0,13.511845
-50.0,180.0,20.0,13.501143
-48.0,-180.0,20.0,14.575267
-48.0,-178.0,20.0,13.749287
-48.0,-176.0,20.0,14.263072
-48.0,-174.0,20.0,14.867059
-48.0,-172.0,20.0,14.489952
-48.0,-170.0,20.0,13.968477
-48.0,-168.0,20.0,13.693831
-48.0,-166.0,20.0,13.057372
-48.0,-164.0,20.0,12.483242
-48.0,-162.0,20.0,12.543722
-48.0,-160.0,20.0,12.926028
-48.0,-158.0,20.0,12.9739275
-48.0,-156.0,20.0,12.80199
-48.0,-154.0,20.0,12.377595
-48.0,-152.0,20.0,12.258147
-48.0,-150.0,20.0,12.180806
-48.0,-148.0,20.0,11.48427
-48.0,-146.0,20.0,11.145096
-48.0,-144.0,20.0,11.639923
-48.0,-142.0,20.0,11.946786
-48.0,-140.0,20.0,11.593106
-48.0,-138.0,20.0,10.619436
-48.0,-136.0,20.0,9.780198
-48.0,-134.0,20.0,9.843714
-48.0,-132.0,20.0,10.28019
-48.0,-130.0,20.0,10.448764
-48.0,-128.0,20.0,9.920602
-48.0,-126.0,20.0,9.18558
-48.0,-124.0,20.0,9.031577
-48.0,-122.0,20.0,9.281377
-48.0,-120.0,20.0,9.61363
-48.0,-118.0,20.0,9.636854
-48.0,-116.0,20.0,9.8019705
-48.0,-114.0,20.0,10.065361
-48.0,-112.0,20.0,9.539326
-48.0,-110.0,20.0,8.442048
-48.0,-108.0,20.0,8.026822
-48.0,-106.0,20.0,7.9034085
-48.0,-104.0,20.0,7.842773
-48.0,-102.0,20.0,7.7882085
-48.0,-100.0,20.0,7.6703563
-48.0,-98.0,20.0,8.458869
-48.0,-96.0,20.0,8.5602455
-48.0,-94.0,20.0,7.912019
-48.0,-92.0,20.0,7.7978144
-48.0,-90.0,20.0,7.5011163
-48.0,-88.0,20.0,7.639507
-48.0,-86.0,20.0,8.149833
-48.0,-84.0,20.0,8.252524
-48.0,-82.0,20.0,7.963324
-48.0,-80.0,20.0,7.346765
-48.0,-78.0,20.0,7.424404
-48.0,-76.0,20.0,7.406701
-48.0,-74.0,20.0,7.492033
-48.0,-72.0,20.0,7.43091
-48.0,-70.0,20.0,7.7915072
-48.0,-68.0,20.0,8.288217
-48.0,-66.0,20.0,8.362302
-48.0,-64.0,20.0,8.366675
-48.0,-62.0,20.0,8.415869
-48.0,-60.0,20.0,8.194322
-48.0,-58.0,20.0,8.152971
-48.0,-56.0,20.0,7.9706254
-48.0,-54.0,20.0,8.848013
-48.0,-52.0,20.0,9.247419
-48.0,-50.0,20.0,9.263391
-48.0,-48.0,20.0,8.609086
-48.0,-46.0,20.0,8.912814
-48.0,-44.0,20.0,9.446721
-48.0,-42.0,20.0,9.804313
-48.0,-40.0,20.0,10.217271
-48.0,-38.0,20.0,10.329118
-48.0,-36.0,20.0,10.334885
-48.0,-34.0,20.0,10.8085785
-48.0,-32.0,20.0,11.080305
-48.0,-30.0,20.0,11.198572
-48.0,-28.0,20.0,11.357223
-48.0,-26.0,20.0,11.723756
-48.0,-24.0,20.0,11.790773
-48.0,-22.0,20.0,11.920974
-48.0,-20.0,20.0,12.29963
-48.0,-18.0,20.0,12.082638
-48.0,-16.0,20.0,12.088588
-48.0,-14.0,20.0,12.450428
-48.0,-12.0,20.0,12.6495695
-48.0,-10.0,20.0,12.822394
-48.0,-8.0,20.0,13.361079
-48.0,-6.0,20.0,13.787536
-48.0,-4.0,20.0,13.81964
-48.0,-2.0,20.0,13.381788
-48.0,0.0,20.0,13.27589
-48.0,2.0,20.0,12.833464
-48.0,4.0,20.0,12.784689
-48.0,6.0,20.0,13.083998
-48.0,8.0,20.0,13.589783
-48.0,10.0,20.0,13.809489
-48.0,12.0,20.0,14.055043
-48.0,14.0,20.0,13.936715
-48.0,16.0,20.0,13.639912
-48.0,18.0,20.0,13.35957
-48.0,20.0,20.0,13.940284
-48.0,22.0,20.0,14.826058
-48.0,24.0,20.0,15.3593445
-48.0,26.0,20.0,15.3048525
-48.0,28.0,20.0,15.004725
-48.0,30.0,20.0,14.458911
-48.0,32.0,20.0,13.397517
-48.0,34.0,20.0,12.93475
-48.0,36.0,20.0,13.051505
-48.0,38.0,20.0,13.741192
-48.0,40.0,20.0,14.352001
-48.0,42.0,20.0,14.564859
-48.0,44.0,20.0,14.839037
-48.0,46.0,20.0,14.8836565
-48.0,48.0,20.0,15.000523
-48.0,50.0,20.0,15.023394
-48.0,52.0,20.0,15.072283
-48.0,54.0,20.0,14.902409
-48.0,56.0,20.0,14.6111145
-48.0,58.0,20.0,14.624895
-48.0,60.0,20.0,15.390502
-48.0,62.0,20.0,15.719821
-48.0,64.0,20.0,15.648779
-48.0,66.0,20.0,15.727705
-48.0,68.0,20.0,15.9240055
-48.0,70.0,20.0,15.554311
-48.0,72.0,20.0,14.996521
-48.0,74.0,20.0,14.9765835
-48.0,76.0,20.0,15.42958
-48.0,78.0,20.0,15.659528
-48.0,80.0,20.0,15.896595
-48.0,82.0,20.0,16.586922
-48.0,84.0,20.0,16.63618
-48.0,86.0,20.0,16.214851
-48.0,88.0,20.0,15.975689
-48.0,90.0,20.0,16.19696
-48.0,92.0,20.0,16.196405
-48.0,94.0,20.0,16.314806
-48.0,96.0,20.0,16.91794
-48.0,98.0,20.0,16.836048
-48.0,100.0,20.0,15.923695
-48.0,102.0,20.0,15.371558
-48.0,104.0,20.0,15.869606
-48.0,106.0,20.0,16.098423
-48.0,108.0,20.0,16.014265
-48.0,110.0,20.0,16.271011
-48.0,112.0,20.0,17.003292
-48.0,114.0,20.0,17.180565
-48.0,116.0,20.0,17.006912
-48.0,118.0,20.0,16.557915
-48.0,120.0,20.0,16.105959
-48.0,122.0,20.0,15.773639
-48.0,124.0,20.0,15.037491
-48.0,126.0,20.0,14.80153
-48.0,128.0,20.0,15.437229
-48.0,130.0,20.0,16.221216
-48.0,132.0,20.0,15.83789
-48.0,134.0,20.0,15.4492655
-48.0,136.0,20.0,15.167411
-48.0,138.0,20.0,15.204954
-48.0,140.0,20.0,15.432644
-48.0,142.0,20.0,14.965919
-48.0,144.0,20.0,14.275507
-48.0,146.0,20.0,13.900369
-48.0,148.0,20.0,14.680357
-48.0,150.0,20.0,15.220658
-48.0,152.0,20.0,15.233373
-48.0,154.0,20.0,15.652768
-48.0,156.0,20.0,16.36768
-48.0,158.0,20.0,15.860127
-48.0,160.0,20.0,14.900494
-48.0,162.0,20.0,14.804882
-48.0,164.0,20.0,15.177562
-48.0,166.0,20.0,15.070788
-48.0,168.0,20.0,14.844627
-48.0,170.0,20.0,15.272655
-48.0,172.0,20.0,15.53688
-48.0,174.0,20.0,14.928407
-48.0,176.0,20.0,14.332036
-48.0,178.0,20.0,14.63584
-48.0,180.0,20.0,14.575267
-46.0,-180.0,20.0,13.501639
-46.0,-178.0,20.0,12.547683
-46.0,-176.0,20.0,13.32239
-46.0,-174.0,20.0,13.989991
-46.0,-172.0,20.0,13.140009
-46.0,-170.0,20.0,12.573185
-46.0,-168.0,20.0,12.428905
-46.0,-166.0,20.0,11.7456455
-46.0,-164.0,20.0,11.0765705
-46.0,-162.0,20.0,11.18527
-46.0,-160.0,20.0,11.659366
-46.0,-158.0,20.0,11.583464
-46.0,-156.0,20.0,11.39722
-46.0,-154.0,20.0,11.217949
-46.0,-152.0,20.0,11.021351
-46.0,-150.0,20.0,10.812534
-46.0,-148.0,20.0,9.454319
-46.0,-146.0,20.0,9.247695
-46.0,-144.0,20.0,10.201272
-46.0,-142.0,20.0,10.444953
-46.0,-140.0,20.0,10.278046
-46.0,-138.0,20.0,9.341602
-46.0,-136.0,20.0,8.708719
-46.0,-134.0,20.0,8.536676
-46.0,-132.0,20.0,8.861119
-46.0,-130.0,20.0,9.044005
-46.0,-128.0,20.0,8.209279
-46.0,-126.0,20.0,7.417847
-46.0,-124.0,20.0,7.7047553
-46.0,-122.0,20.0,8.129001
-46.0,-120.0,20.0,8.275727
-46.0,-118.0,20.0,8.414442
-46.0,-116.0,20.0,8.557221
-46.0,-114.0,20.0,8.535081
-46.0,-112.0,20.0,7.8464913
-46.0,-110.0,20.0,6.929217
-46.0,-108.0,20.0,6.891511
-46.0,-106.0,20.0,6.385348
-46.0,-104.0,20.0,6.1815014
-46.0,-102.0,20.0,6.1307883
-46.0,-100.0,20.0,6.573539
-46.0,-98.0,20.0,7.032343
-46.0,-96.0,20.0,6.979179
-46.0,-94.0,20.0,6.707415
-46.0,-92.0,20.0,6.625286
-46.0,-90.0,20.0,6.3162646
-46.0,-88.0,20.0,6.4495015
-46.0,-86.0,20.0,7.025201
-46.0,-84.0,20.0,7.1563387
-46.0,-82.0,20.0,6.7947693
-46.0,-80.0,20.0,6.39672
-46.0,-78.0,20.0,6.4834557
-46.0,-76.0,20.0,6.2501197
-46.0,-74.0,20.0,6.1867356
-46.0,-72.0,20.0,6.6049685
-46.0,-70.0,20.0,6.768733
-46.0,-68.0,20.0,7.057189
-46.0,-66.0,20.0,7.0742397
-46.0,-64.0,20.0,7.075907
-46.0,-62.0,20.0,7.3027296
-46.0,-60.0,20.0,7.235978
-46.0,-58.0,20.0,6.994998
-46.0,-56.0,20.0,6.8465676
-46.0,-54.0,20.0,7.578939
-46.0,-52.0,20.0,7.894294
-46.0,-50.0,20.0,7.9067993
-46.0,-48.0,20.0,7.501717
-46.0,-46.0,20.0,7.7525554
-46.0,-44.0,20.0,8.212079
-46.0,-42.0,20.0,8.55927
-46.0,-40.0,20.0,8.974436
-46.0,-38.0,20.0,9.116019
-46.0,-36.0,20.0,9.295783
-46.0,-34.0,20.0,9.604744
-46.0,-32.0,20.0,9.938327
-46.0,-30.0,20.0,10.162984
-46.0,-28.0,20.0,10.298228
-46.0,-26.0,20.0,10.619553
-46.0,-24.0,20.0,10.662507
-46.0,-22.0,20.0,10.764964
-46.0,-20.0,20.0,11.203362
-46.0,-18.0,20.0,11.057505
-46.0,-16.0,20.0,10.971868
-46.0,-14.0,20.0,11.524365
-46.0,-12.0,20.0,11.762867
-46.0,-10.0,20.0,11.780251
-46.0,-8.0,20.0,12.41138
-46.0,-6.0,20.0,13.094596
-46.0,-4.0,20.0,12.799893
-46.0,-2.0,20.0,12.405567
-46.0,0.0,20.0,12.323138
-46.0,2.0,20.0,12.057527
-46.0,4.0,20.0,11.9108515
-46.0,6.0,20.0,12.133156
-46.0,8.0,20.0,12.579311
-46.0,10.0,20.0,12.693112
-46.0,12.0,20.0,12.8211565
-46.0,14.0,20.0,12.60059
-46.0,16.0,20.0,12.777035
-46.0,18.0,20.0,12.681336
-46.0,20.0,20.0,13.095232
-46.0,22.0,20.0,13.976516
-46.0,24.0,20.0,14.331691
-46.0,26.0,20.0,14.044133
-46.0,28.0,20.0,13.690867
-46.0,30.0,20.0,13.69345
-46.0,32.0,20.0,12.998443
-46.0,34.0,20.0,12.512933
-46.0,36.0,20.0,12.473121
-46.0,38.0,20.0,12.970207
-46.0,40.0,20.0,13.610668
-46.0,42.0,20.0,13.561504
-46.0,44.0,20.0,13.459664
-46.0,46.0,20.0,13.332905
-46.0,48.0,20.0,13.409395
-46.0,50.0,20.0,14.079138
-46.0,52.0,20.0,14.651922
-46.0,54.0,20.0,14.294862
-46.0,56.0,20.0,13.827892
-46.0,58.0,20.0,13.806816
-46.0,60.0,20.0,14.618439
-46.0,62.0,20.0,15.17369
-46.0,64.0,20.0,15.211484
-46.0,66.0,20.0,15.339074
-46.0,68.0,20.0,15.35952
-46.0,70.0,20.0,14.995127
-46.0,72.0,20.0,14.259073
-46.0,74.0,20.0,13.828275
-46.0,76.0,20.0,14.226305
-46.0,78.0,20.0,14.792138
-46.0,80.0,20.0,15.214455
-46.0,82.0,20.0,16.065361
-46.0,84.0,20.0,16.289635
-46.0,86.0,20.0,15.820764
-46.0,88.0,20.0,15.280172
-46.0,90.0,20.0,15.282679
-46.0,92.0,20.0,15.385256
-46.0,94.0,20.0,15.585347
-46.0,96.0,20.0,16.139986
-46.0,98.0,20.0,16.237122
-46.0,100.0,20.0,15.3336735
-46.0,102.0,20.0,14.649242
-46.0,104.0,20.0,14.649644
-46.0,106.0,20.0,15.051527
-46.0,108.0,20.0,15.20747
-46.0,110.0,20.0,15.540347
-46.0,112.0,20.0,16.422735
-46.0,114.0,20.0,16.735382
-46.0,116.0,20.0,16.396738
-46.0,118.0,20.0,15.962035
-46.0,120.0,20.0,15.513312
-46.0,122.0,20.0,15.138021
-46.0,124.0,20.0,14.564488
-46.0,126.0,20.0,14.344096
-46.0,128.0,20.0,14.968873
-46.0,130.0,20.0,15.512728
-46.0,132.0,20.0,15.098877
-46.0,134.0,20.0,14.434404
-46.0,136.0,20.0,14.218052
-46.0,138.0,20.0,14.822584
-46.0,140.0,20.0,15.057973
-46.0,142.0,20.0,14.748834
-46.0,144.0,20.0,14.012871
-46.0,146.0,20.0,13.628144
-46.0,148.0,20.0,14.136658
-46.0,150.0,20.0,14.844596
-46.0,152.0,20.0,14.942721
-46.0,154.0,20.0,15.131628
-46.0,156.0,20.0,15.544686
-46.0,158.0,20.0,15.424864
-46.0,160.0,20.0,14.564988
-46.0,162.0,20.0,14.077513
-46.0,164.0,20.0,14.384844
-46.0,166.0,20.0,14.082897
-46.0,168.0,20.0,13.750559
-46.0,170.0,20.0,14.231411
-46.0,172.0,20.0,14.405728
-46.0,174.0,20.0,13.949241
-46.0,176.0,20.0,13.364125
-46.0,178.0,20.0,13.727989
-46.0,180.0,20.0,13.501639
-44.0,-180.0,20.0,10.540217
-44.0,-178.0,20.0,9.33058
-44.0,-176.0,20.0,10.270443
-44.0,-174.0,20.0,11.071454
-44.0,-172.0,20.0,10.648867
-44.0,-170.0,20.0,9.814945
-44.0,-168.0,20.0,9.683812
-44.0,-166.0,20.0,9.367
-44.0,-164.0,20.0,8.46405
-44.0,-162.0,20.0,8.412
-44.0,-160.0,20.0,9.126931
-44.0,-158.0,20.0,9.275593
-44.0,-156.0,20.0,9.145913
-44.0,-154.0,20.0,9.054004
-44.0,-152.0,20.0,8.849306
-44.0,-150.0,20.0,8.381204
-44.0,-148.0,20.0,7.219324
-44.0,-146.0,20.0,7.3225393
-44.0,-144.0,20.0,8.09816
-44.0,-142.0,20.0,8.0787525
-44.0,-140.0,20.0,7.8812575
-44.0,-138.0,20.0,7.409854
-44.0,-136.0,20.0,7.1836534
-44.0,-134.0,20.0,7.0961924
-44.0,-132.0,20.0,6.882757
-44.0,-130.0,20.0,7.1416483
-44.0,-128.0,20.0,6.3055544
-44.0,-126.0,20.0,5.519469
-44.0,-124.0,20.0,5.758504
-44.0,-122.0,20.0,6.0979156
-44.0,-120.0,20.0,6.2735686
-44.0,-118.0,20.0,6.209358
-44.0,-116.0,20.0,6.345775
-44.0,-114.0,20.0,6.3388023
-44.0,-112.0,20.0,5.9711194
-44.0,-110.0,20.0,5.4190903
-44.0,-108.0,20.0,5.2385874
-44.0,-106.0,20.0,4.9203253
-44.0,-104.0,20.0,4.7198977
-44.0,-102.0,20.0,4.8243704
-44.0,-100.0,20.0,4.963773
-44.0,-98.0,20.0,5.086846
-44.0,-96.0,20.0,5.111544
-44.0,-94.0,20.0,4.8533115
-44.0,-92.0,20.0,4.7501664
-44.0,-90.0,20.0,4.6634326
-44.0,-88.0,20.0,4.8110986
-44.0,-86.0,20.0,5.175899
-44.0,-84.0,20.0,5.319802
-44.0,-82.0,20.0,5.15611
-44.0,-80.0,20.0,4.7914205
-44.0,-78.0,20.0,4.903418
-44.0,-76.0,20.0,4.79285
-44.0,-74.0,20.0,5.0433846
-44.0,-72.0,20.0,5.204726
-44.0,-70.0,20.0,5.162609
-44.0,-68.0,20.0,5.1151943
-44.0,-66.0,20.0,5.089321
-44.0,-64.0,20.0,4.883271
-44.0,-62.0,20.0,5.1471877
-44.0,-60.0,20.0,5.525411
-44.0,-58.0,20.0,5.4627833
-44.0,-56.0,20.0,5.1447167
-44.0,-54.0,20.0,5.620183
-44.0,-52.0,20.0,5.944975
-44.0,-50.0,20.0,6.2085166
-44.0,-48.0,20.0,5.7873287
-44.0,-46.0,20.0,5.9073944
-44.0,-44.0,20.0,6.5472736
-44.0,-42.0,20.0,6.713119
-44.0,-40.0,20.0,6.974713
-44.0,-38.0,20.0,7.0547333
-44.0,-36.0,20.0,7.2887397
-44.0,-34.0,20.0,7.4582405
-44.0,-32.0,20.0,7.7106466
-44.0,-30.0,20.0,7.9611692
-44.0,-28.0,20.0,8.123216
-44.0,-26.0,20.0,8.034941
-44.0,-24.0,20.0,7.9514194
-44.0,-22.0,20.0,8.228997
-44.0,-20.0,20.0,8.738905
-44.0,-18.0,20.0,8.614875
-44.0,-16.0,20.0,8.677181
-44.0,-14.0,20.0,9.494174
-44.0,-12.0,20.0,9.680829
-44.0,-10.0,20.0,9.662221
-44.0,-8.0,20.0,10.203111
-44.0,-6.0,20.0,10.895886
-44.0,-4.0,20.0,10.587204
-44.0,-2.0,20.0,10.143276
-44.0,0.0,20.0,10.1065
-44.0,2.0,20.0,10.020306
-44.0,4.0,20.0,9.776004
-44.0,6.0,20.0,10.018239
-44.0,8.0,20.0,10.6003475
-44.0,10.0,20.0,10.639779
-44.0,12.0,20.0,10.217072
-44.0,14.0,20.0,10.191693
-44.0,16.0,20.0,10.474862
-44.0,18.0,20.0,10.471179
-44.0,20.0,20.0,10.636203
-44.0,22.0,20.0,11.220184
-44.0,24.0,20.0,11.481527
-44.0,26.0,20.0,11.176495
-44.0,28.0,20.0,10.93915
-44.0,30.0,20.0,10.888015
-44.0,32.0,20.0,10.943433
-44.0,34.0,20.0,10.475277
-44.0,36.0,20.0,10.445872
-44.0,38.0,20.0,10.897273
-44.0,40.0,20.0,11.087342
-44.0,42.0,20.0,10.965518
-44.0,44.0,20.0,10.787123
-44.0,46.0,20.0,10.60556
-44.0,48.0,20.0,10.678929
-44.0,50.0,20.0,11.381967
-44.0,52.0,20.0,11.853209
-44.0,54.0,20.0,11.74736
-44.0,56.0,20.0,11.276998
-44.0,58.0,20.0,11.131605
-44.0,60.0,20.0,11.724933
-44.0,62.0,20.0,12.384683
-44.0,64.0,20.0,12.531783
-44.0,66.0,20.0,12.500764
-44.0,68.0,20.0,12.353478
-44.0,70.0,20.0,11.981841
-44.0,72.0,20.0,11.444636
-44.0,74.0,20.0,11.291706
-44.0,76.0,20.0,11.354147
-44.0,78.0,20.0,11.875059
-44.0,80.0,20.0,12.251374
-44.0,82.0,20.0,12.881736
-44.0,84.0,20.0,13.315982
-44.0,86.0,20.0,12.990453
-44.0,88.0,20.0,12.193225
-44.0,90.0,20.0,12.420335
-44.0,92.0,20.0,12.624044
-44.0,94.0,20.0,12.748216
-44.0,96.0,20.0,13.235065
-44.0,98.0,20.0,13.249965
-44.0,100.0,20.0,12.521527
-44.0,102.0,20.0,11.835545
-44.0,104.0,20.0,11.64548
-44.0,106.0,20.0,12.044095
-44.0,108.0,20.0,12.151655
-44.0,110.0,20.0,12.511972
-44.0,112.0,20.0,13.278464
-44.0,114.0,20.0,13.720476
-44.0,116.0,20.0,13.44491
-44.0,118.0,20.0,12.887044
-44.0,120.0,20.0,12.484641
-44.0,122.0,20.0,12.272871
-44.0,124.0,20.0,11.913195
-44.0,126.0,20.0,11.734607
-44.0,128.0,20.0,12.153475
-44.0,130.0,20.0,12.479945
-44.0,132.0,20.0,12.054215
-44.0,134.0,20.0,11.383494
-44.0,136.0,20.0,10.916829
-44.0,138.0,20.0,11.5685625
-44.0,140.0,20.0,12.408416
-44.0,142.0,20.0,12.259506
-44.0,144.0,20.0,11.549296
-44.0,146.0,20.0,11.22213
-44.0,148.0,20.0,11.740125
-44.0,150.0,20.0,12.110423
-44.0,152.0,20.0,11.709035
-44.0,154.0,20.0,11.79324
-44.0,156.0,20.0,12.6701
-44.0,158.0,20.0,12.597478
-44.0,160.0,20.0,11.774222
-44.0,162.0,20.0,11.456614
-44.0,164.0,20.0,11.667691
-44.0,166.0,20.0,10.941847
-44.0,168.0,20.0,10.729531
-44.0,170.0,20.0,11.320192
-44.0,172.0,20.0,11.463316
-44.0,174.0,20.0,11.017515
-44.0,176.0,20.0,10.618925
-44.0,178.0,20.0,10.90854
-44.0,180.0,20.0,10.540217
-42.0,-180.0,20.0,9.160279
-42.0,-178.0,20.0,8.107671
-42.0,-176.0,20.0,8.954998
-42.0,-174.0,20.0,9.7377615
-42.0,-172.0,20.0,9.115958
-42.0,-170.0,20.0,8.410598
-42.0,-168.0,20.0,8.334684
-42.0,-166.0,20.0,8.08976
-42.0,-164.0,20.0,7.4672613
-42.0,-162.0,20.0,7.4053607
-42.0,-160.0,20.0,7.966142
-42.0,-158.0,20.0,8.148175
-42.0,-156.0,20.0,7.9086337
-42.0,-154.0,20.0,7.9118643
-42.0,-152.0,20.0,7.8737955
-42.0,-150.0,20.0,7.4462314
-42.0,-148.0,20.0,6.5224557
-42.0,-146.0,20.0,6.6870956
-42.0,-144.0,20.0,7.2712197
-42.0,-142.0,20.0,7.3324604
-42.0,-140.0,20.0,7.1363335
-42.0,-138.0,20.0,6.667455
-42.0,-136.0,20.0,6.3904147
-42.0,-134.0,20.0,6.310435
-42.0,-132.0,20.0,6.070194
-42.0,-130.0,20.0,6.2562017
-42.0,-128.0,20.0,5.60071
-42.0,-126.0,20.0,5.087196
-42.0,-124.0,20.0,5.009506
-42.0,-122.0,20.0,5.3620453
-42.0,-120.0,20.0,5.5385237
-42.0,-118.0,20.0,5.2669044
-42.0,-116.0,20.0,5.398419
-42.0,-114.0,20.0,5.5147734
-42.0,-112.0,20.0,5.2400794
-42.0,-110.0,20.0,4.86136
-42.0,-108.0,20.0,4.6580553
-42.0,-106.0,20.0,4.5252967
-42.0,-104.0,20.0,4.4329705
-42.0,-102.0,20.0,4.487389
-42.0,-100.0,20.0,4.4432664
-42.0,-98.0,20.0,4.5237713
-42.0,-96.0,20.0,4.5368056
-42.0,-94.0,20.0,4.331951
-42.0,-92.0,20.0,4.424555
-42.0,-90.0,20.0,4.2595916
-42.0,-88.0,20.0,4.54417
-42.0,-86.0,20.0,4.881268
-42.0,-84.0,20.0,5.031907
-42.0,-82.0,20.0,4.771163
-42.0,-80.0,20.0,4.61482
-42.0,-78.0,20.0,4.7977824
-42.0,-76.0,20.0,4.695057
-42.0,-74.0,20.0,4.7975254
-42.0,-72.0,20.0,4.841978
-42.0,-70.0,20.0,4.872857
-42.0,-68.0,20.0,4.7811847
-42.0,-66.0,20.0,4.590736
-42.0,-64.0,20.0,4.5440006
-42.0,-62.0,20.0,5.0353
-42.0,-60.0,20.0,5.236903
-42.0,-58.0,20.0,4.7487683
-42.0,-56.0,20.0,4.8064065
-42.0,-54.0,20.0,5.391953
-42.0,-52.0,20.0,5.760804
-42.0,-50.0,20.0,5.8463144
-42.0,-48.0,20.0,5.4757757
-42.0,-46.0,20.0,5.8247085
-42.0,-44.0,20.0,6.303805
-42.0,-42.0,20.0,6.4188294
-42.0,-40.0,20.0,6.510811
-42.0,-38.0,20.0,6.3992057
-42.0,-36.0,20.0,6.4538155
-42.0,-34.0,20.0,6.746541
-42.0,-32.0,20.0,6.8149924
-42.0,-30.0,20.0,7.1255536
-42.0,-28.0,20.0,7.1714616
-42.0,-26.0,20.0,7.144739
-42.0,-24.0,20.0,7.240118
-42.0,-22.0,20.0,7.445887
-42.0,-20.0,20.0,7.9101553
-42.0,-18.0,20.0,7.7366204
-42.0,-16.0,20.0,7.787011
-42.0,-14.0,20.0,8.718523
-42.0,-12.0,20.0,8.758967
-42.0,-10.0,20.0,8.70573
-42.0,-8.0,20.0,9.368291
-42.0,-6.0,20.0,10.046792
-42.0,-4.0,20.0,9.67043
-42.0,-2.0,20.0,9.126846
-42.0,0.0,20.0,9.153771
-42.0,2.0,20.0,8.980377
-42.0,4.0,20.0,8.732499
-42.0,6.0,20.0,9.073024
-42.0,8.0,20.0,9.677146
-42.0,10.0,20.0,9.734165
-42.0,12.0,20.0,9.258527
-42.0,14.0,20.0,9.336712
-42.0,16.0,20.0,9.582573
-42.0,18.0,20.0,9.435264
-42.0,20.0,20.0,9.556442
-42.0,22.0,20.0,10.096505
-42.0,24.0,20.0,10.366304
-42.0,26.0,20.0,9.993051
-42.0,28.0,20.0,9.718543
-42.0,30.0,20.0,9.710087
-42.0,32.0,20.0,9.911698
-42.0,34.0,20.0,9.314585
-42.0,36.0,20.0,9.276351
-42.0,38.0,20.0,9.8164425
-42.0,40.0,20.0,9.978382
-42.0,42.0,20.0,9.873701
-42.0,44.0,20.0,9.813328
-42.0,46.0,20.0,9.763878
-42.0,48.0,20.0,9.894071
-42.0,50.0,20.0,10.356971
-42.0,52.0,20.0,10.7108965
-42.0,54.0,20.0,10.58727
-42.0,56.0,20.0,10.202395
-42.0,58.0,20.0,10.111111
-42.0,60.0,20.0,10.500594
-42.0,62.0,20.0,11.150767
-42.0,64.0,20.0,11.254693
-42.0,66.0,20.0,11.205134
-42.0,68.0,20.0,11.141347
-42.0,70.0,20.0,10.926948
-42.0,72.0,20.0,10.411972
-42.0,74.0,20.0,10.251244
-42.0,76.0,20.0,10.356317
-42.0,78.0,20.0,10.955149
-42.0,80.0,20.0,11.142497
-42.0,82.0,20.0,11.676106
-42.0,84.0,20.0,12.11487
-42.0,86.0,20.0,11.945855
-42.0,88.0,20.0,11.1022215
-42.0,90.0,20.0,11.306369
-42.0,92.0,20.0,11.695358
-42.0,94.0,20.0,11.762982
-42.0,96.0,20.0,12.014128
-42.0,98.0,20.0,12.147081
-42.0,100.0,20.0,11.493934
-42.0,102.0,20.0,10.859397
-42.0,104.0,20.0,10.706712
-42.0,106.0,20.0,11.227547
-42.0,108.0,20.0,11.327811
-42.0,110.0,20.0,11.394432
-42.0,112.0,20.0,12.107677
-42.0,114.0,20.0,12.761955
-42.0,116.0,20.0,12.52463
-42.0,118.0,20.0,11.855073
-42.0,120.0,20.0,11.455466
-42.0,122.0,20.0,11.350529
-42.0,124.0,20.0,10.967395
-42.0,126.0,20.0,10.603836
-42.0,128.0,20.0,10.994188
-42.0,130.0,20.0,11.416272
-42.0,132.0,20.0,11.135502
-42.0,134.0,20.0,10.176921
-42.0,136.0,20.0,9.745825
-42.0,138.0,20.0,10.384021
-42.0,140.0,20.0,11.245096
-42.0,142.0,20.0,11.151927
-42.0,144.0,20.0,10.378133
-42.0,146.0,20.0,10.078237
-42.0,148.0,20.0,10.744735
-42.0,150.0,20.0,10.911549
-42.0,152.0,20.0,10.537594
-42.0,154.0,20.0,10.802496
-42.0,156.0,20.0,11.748127
-42.0,158.0,20.0,11.503639
-42.0,160.0,20.0,10.458758
-42.0,162.0,20.0,10.201051
-42.0,164.0,20.0,10.16736
-42.0,166.0,20.0,9.406886
-42.0,168.0,20.0,9.050013
-42.0,170.0,20.0,9.759339
-42.0,172.0,20.0,10.196676
-42.0,174.0,20.0,9.671868
-42.0,176.0,20.0,9.129578
-42.0,178.0,20.0,9.471513
-42.0,180.0,20.0,9.160279
-40.0,-180.0,20.0,9.514126
-40.0,-178.0,20.0,8.530083
-40.0,-176.0,20.0,9.630235
-40.0,-174.0,20.0,10.510079
-40.0,-172.0,20.0,9.627613
-40.0,-170.0,20.0,8.783573
-40.0,-168.0,20.0,8.786811
-40.0,-166.0,20.0,8.484715
-40.0,-164.0,20.0,7.705909
-40.0,-162.0,20.0,7.7278566
-40.0,-160.0,20.0,8.433722
-40.0,-158.0,20.0,8.447913
-40.0,-156.0,20.0,8.005611
-40.0,-154.0,20.0,7.926546
-40.0,-152.0,20.0,8.093323
-40.0,-150.0,20.0,7.750103
-40.0,-148.0,20.0,6.744098
-40.0,-146.0,20.0,6.7453284
-40.0,-144.0,20.0,7.3927283
-40.0,-142.0,20.0,7.3570943
-40.0,-140.0,20.0,7.0640264
-40.0,-138.0,20.0,6.6326103
-40.0,-136.0,20.0,6.3718295
-40.0,-134.0,20.0,6.273255
-40.0,-132.0,20.0,6.000975
-40.0,-130.0,20.0,6.1221304
-40.0,-128.0,20.0,5.711241
-40.0,-126.0,20.0,5.0767226
-40.0,-124.0,20.0,5.0734386
-40.0,-122.0,20.0,5.5631995
-40.0,-120.0,20.0,5.526229
-40.0,-118.0,20.0,5.2479124
-40.0,-116.0,20.0,5.379017
-40.0,-114.0,20.0,5.641474
-40.0,-112.0,20.0,5.1820025
-40.0,-110.0,20.0,4.899474
-40.0,-108.0,20.0,4.879199
-40.0,-106.0,20.0,4.742414
-40.0,-104.0,20.0,4.5214605
-40.0,-102.0,20.0,4.52842
-40.0,-100.0,20.0,4.579653
-40.0,-98.0,20.0,4.632974
-40.0,-96.0,20.0,4.556974
-40.0,-94.0,20.0,4.3918734
-40.0,-92.0,20.0,4.5905175
-40.0,-90.0,20.0,4.713396
-40.0,-88.0,20.0,4.6974545
-40.0,-86.0,20.0,5.135724
-40.0,-84.0,20.0,5.53309
-40.0,-82.0,20.0,5.2219977
-40.0,-80.0,20.0,4.895183
-40.0,-78.0,20.0,5.084578
-40.0,-76.0,20.0,4.9342966
-40.0,-74.0,20.0,4.939339
-40.0,-72.0,20.0,5.2556744
-40.0,-70.0,20.0,5.270032
-40.0,-68.0,20.0,5.1412725
-40.0,-66.0,20.0,5.022405
-40.0,-64.0,20.0,5.1111126
-40.0,-62.0,20.0,5.5828533
-40.0,-60.0,20.0,5.7563496
-40.0,-58.0,20.0,5.28394
-40.0,-56.0,20.0,5.198697
-40.0,-54.0,20.0,5.981188
-40.0,-52.0,20.0,6.4255185
-40.0,-50.0,20.0,6.4575114
-40.0,-48.0,20.0,6.1335826
-40.0,-46.0,20.0,6.3923163
-40.0,-44.0,20.0,6.7809825
-40.0,-42.0,20.0,6.703947
-40.0,-40.0,20.0,6.984319
-40.0,-38.0,20.0,6.851858
-40.0,-36.0,20.0,6.8535295
-40.0,-34.0,20.0,6.944511
-40.0,-32.0,20.0,7.205606
-40.0,-30.0,20.0,7.6943264
-40.0,-28.0,20.0,7.7383933
-40.0,-26.0,20.0,7.648021
-40.0,-24.0,20.0,7.7520084
-40.0,-22.0,20.0,8.392511
-40.0,-20.0,20.0,8.643426
-40.0,-18.0,20.0,8.1502075
-40.0,-16.0,20.0,8.354142
-40.0,-14.0,20.0,9.311783
-40.0,-12.0,20.0,9.552385
-40.0,-10.0,20.0,9.4794855
-40.0,-8.0,20.0,10.298638
-40.0,-6.0,20.0,10.860051
-40.0,-4.0,20.0,10.41018
-40.0,-2.0,20.0,9.728034
-40.0,0.0,20.0,10.010331
-40.0,2.0,20.0,9.727748
-40.0,4.0,20.0,9.457511
-40.0,6.0,20.0,9.861202
-40.0,8.0,20.0,10.472273
-40.0,10.0,20.0,10.441236
-40.0,12.0,20.0,10.2128725
-40.0,14.0,20.0,10.270761
-40.0,16.0,20.0,10.521543
-40.0,18.0,20.0,10.442894
-40.0,20.0,20.0,10.486591
-40.0,22.0,20.0,10.938544
-40.0,24.0,20.0,11.269141
-40.0,26.0,20.0,10.833911
-40.0,28.0,20.0,10.575568
-40.0,30.0,20.0,10.580181
-40.0,32.0,20.0,10.656595
-40.0,34.0,20.0,10.137348
-40.0,36.0,20.0,10.084212
-40.0,38.0,20.0,10.552243
-40.0,40.0,20.0,10.741723
-40.0,42.0,20.0,10.91401
-40.0,44.0,20.0,10.975211
-40.0,46.0,20.0,10.887395
-40.0,48.0,20.0,10.929524
-40.0,50.0,20.0,11.079096
-40.0,52.0,20.0,11.52378
-40.0,54.0,20.0,11.726496
-40.0,56.0,20.0,11.246295
-40.0,58.0,20.0,10.917087
-40.0,60.0,20.0,11.486351
-40.0,62.0,20.0,12.285966
-40.0,64.0,20.0,12.366698
-40.0,66.0,20.0,11.930158
-40.0,68.0,20.0,11.912497
-40.0,70.0,20.0,11.99466
-40.0,72.0,20.0,11.484621
-40.0,74.0,20.0,11.185027
-40.0,76.0,20.0,11.769389
-40.0,78.0,20.0,12.443032
-40.0,80.0,20.0,12.415071
-40.0,82.0,20.0,12.564435
-40.0,84.0,20.0,13.225243
-40.0,86.0,20.0,13.117343
-40.0,88.0,20.0,12.514162
-40.0,90.0,20.0,12.8216095
-40.0,92.0,20.0,13.457662
-40.0,94.0,20.0,13.252947
-40.0,96.0,20.0,13.088908
-40.0,98.0,20.0,13.221693
-40.0,100.0,20.0,12.982666
-40.0,102.0,20.0,12.240207
-40.0,104.0,20.0,12.14405
-40.0,106.0,20.0,12.960134
-40.0,108.0,20.0,13.189968
-40.0,110.0,20.0,13.015437
-40.0,112.0,20.0,13.539452
-40.0,114.0,20.0,14.286007
-40.0,116.0,20.0,13.952165
-40.0,118.0,20.0,13.181245
-40.0,120.0,20.0,12.952843
-40.0,122.0,20.0,12.873115
-40.0,124.0,20.0,12.270358
-40.0,126.0,20.0,11.9052725
-40.0,128.0,20.0,12.166677
-40.0,130.0,20.0,12.686613
-40.0,132.0,20.0,12.335626
-40.0,134.0,20.0,11.5132265
-40.0,136.0,20.0,11.020825
-40.0,138.0,20.0,11.640237
-40.0,140.0,20.0,12.454653
-40.0,142.0,20.0,12.181448
-40.0,144.0,20.0,11.38389
-40.0,146.0,20.0,11.063659
-40.0,148.0,20.0,11.634541
-40.0,150.0,20.0,11.952906
-40.0,152.0,20.0,11.427696
-40.0,154.0,20.0,11.909179
-40.0,156.0,20.0,13.029474
-40.0,158.0,20.0,12.801794
-40.0,160.0,20.0,11.316015
-40.0,162.0,20.0,11.003896
-40.0,164.0,20.0,11.328584
-40.0,166.0,20.0,10.325597
-40.0,168.0,20.0,9.825345
-40.0,170.0,20.0,10.534427
-40.0,172.0,20.0,10.83027
-40.0,174.0,20.0,9.91819
-40.0,176.0,20.0,9.391235
-40.0,178.0,20.0,9.806197
-40.0,180.0,20.0,9.514126
-38.0,-180.0,20.0,9.908518
-38.0,-178.0,20.0,9.093019
-38.0,-176.0,20.0,9.930006
-38.0,-174.0,20.0,10.988546
-38.0,-172.0,20.0,10.037146
-38.0,-170.0,20.0,9.136925
-38.0,-168.0,20.0,9.083051
-38.0,-166.0,20.0,8.743778
-38.0,-164.0,20.0,7.8792977
-38.0,-162.0,20.0,7.7817197
-38.0,-160.0,20.0,8.496173
-38.0,-158.0,20.0,8.457687
-38.0,-156.0,20.0,8.210056
-38.0,-154.0,20.0,8.181161
-38.0,-152.0,20.0,8.213818
-38.0,-150.0,20.0,7.7507424
-38.0,-148.0,20.0,6.7039785
-38.0,-146.0,20.0,6.4879594
-38.0,-144.0,20.0,7.118372
-38.0,-142.0,20.0,7.3684106
-38.0,-140.0,20.0,7.098305
-38.0,-138.0,20.0,6.4876175
-38.0,-136.0,20.0,6.3395524
-38.0,-134.0,20.0,6.232376
-38.0,-132.0,20.0,6.323926
-38.0,-130.0,20.0,6.5568557
-38.0,-128.0,20.0,5.9580336
-38.0,-126.0,20.0,5.043293
-38.0,-124.0,20.0,5.106711
-38.0,-122.0,20.0,5.4867935
-38.0,-120.0,20.0,5.958021
-38.0,-118.0,20.0,5.85204
-38.0,-116.0,20.0,5.6571236
-38.0,-114.0,20.0,5.911334
-38.0,-112.0,20.0,5.6425753
-38.0,-110.0,20.0,5.048436
-38.0,-108.0,20.0,4.8643985
-38.0,-106.0,20.0,4.8369756
-38.0,-104.0,20.0,4.7627597
-38.0,-102.0,20.0,4.726226
-38.0,-100.0,20.0,4.835473
-38.0,-98.0,20.0,5.211323
-38.0,-96.0,20.0,5.0796294
-38.0,-94.0,20.0,4.7336874
-38.0,-92.0,20.0,4.956358
-38.0,-90.0,20.0,5.0181713
-38.0,-88.0,20.0,5.2715607
-38.0,-86.0,20.0,5.6255336
-38.0,-84.0,20.0,5.980926
-38.0,-82.0,20.0,5.6932817
-38.0,-80.0,20.0,5.1663923
-38.0,-78.0,20.0,5.393786
-38.0,-76.0,20.0,5.356239
-38.0,-74.0,20.0,5.1672115
-38.0,-72.0,20.0,5.3854284
-38.0,-70.0,20.0,5.406414
-38.0,-68.0,20.0,5.598929
-38.0,-66.0,20.0,5.5275626
-38.0,-64.0,20.0,5.583984
-38.0,-62.0,20.0,5.9454036
-38.0,-60.0,20.0,6.184966
-38.0,-58.0,20.0,5.709053
-38.0,-56.0,20.0,5.529032
-38.0,-54.0,20.0,6.1238112
-38.0,-52.0,20.0,6.4960837
-38.0,-50.0,20.0,6.670663
-38.0,-48.0,20.0,6.543967
-38.0,-46.0,20.0,6.7313056
-38.0,-44.0,20.0,6.9972258
-38.0,-42.0,20.0,7.0876603
-38.0,-40.0,20.0,7.3543506
-38.0,-38.0,20.0,7.2965627
-38.0,-36.0,20.0,7.25447
-38.0,-34.0,20.0,6.965051
-38.0,-32.0,20.0,7.298763
-38.0,-30.0,20.0,7.8549724
-38.0,-28.0,20.0,8.057929
-38.0,-26.0,20.0,7.583109
-38.0,-24.0,20.0,7.6535044
-38.0,-22.0,20.0,8.287987
-38.0,-20.0,20.0,8.806392
-38.0,-18.0,20.0,8.659061
-38.0,-16.0,20.0,8.826082
-38.0,-14.0,20.0,9.721541
-38.0,-12.0,20.0,9.835271
-38.0,-10.0,20.0,9.556085
-38.0,-8.0,20.0,10.484431
-38.0,-6.0,20.0,11.295656
-38.0,-4.0,20.0,10.519629
-38.0,-2.0,20.0,10.296164
-38.0,0.0,20.0,10.221104
-38.0,2.0,20.0,9.812347
-38.0,4.0,20.0,9.339776
-38.0,6.0,20.0,10.110515
-38.0,8.0,20.0,10.7778425
-38.0,10.0,20.0,10.99919
-38.0,12.0,20.0,10.782171
-38.0,14.0,20.0,11.009425
-38.0,16.0,20.0,11.207023
-38.0,18.0,20.0,11.110836
-38.0,20.0,20.0,11.255884
-38.0,22.0,20.0,11.783557
-38.0,24.0,20.0,12.108237
-38.0,26.0,20.0,11.82216
-38.0,28.0,20.0,11.478045
-38.0,30.0,20.0,11.53535
-38.0,32.0,20.0,11.102929
-38.0,34.0,20.0,10.709957
-38.0,36.0,20.0,10.754472
-38.0,38.0,20.0,11.239274
-38.0,40.0,20.0,11.530664
-38.0,42.0,20.0,11.573686
-38.0,44.0,20.0,11.537572
-38.0,46.0,20.0,11.418919
-38.0,48.0,20.0,11.515081
-38.0,50.0,20.0,11.64246
-38.0,52.0,20.0,11.833253
-38.0,54.0,20.0,12.231152
-38.0,56.0,20.0,11.966239
-38.0,58.0,20.0,11.6278715
-38.0,60.0,20.0,12.244392
-38.0,62.0,20.0,13.01244
-38.0,64.0,20.0,13.12497
-38.0,66.0,20.0,12.8425665
-38.0,68.0,20.0,12.865959
-38.0,70.0,20.0,12.782175
-38.0,72.0,20.0,12.404742
-38.0,74.0,20.0,12.119831
-38.0,76.0,20.0,12.549849
-38.0,78.0,20.0,13.311211
-38.0,80.0,20.0,13.296747
-38.0,82.0,20.0,13.228068
-38.0,84.0,20.0,13.874969
-38.0,86.0,20.0,14.150413
-38.0,88.0,20.0,13.509914
-38.0,90.0,20.0,13.662594
-38.0,92.0,20.0,14.266677
-38.0,94.0,20.0,13.995412
-38.0,96.0,20.0,13.799431
-38.0,98.0,20.0,13.969839
-38.0,100.0,20.0,13.913309
-38.0,102.0,20.0,13.13004
-38.0,104.0,20.0,13.013231
-38.0,106.0,20.0,13.764745
-38.0,108.0,20.0,14.053539
-38.0,110.0,20.0,13.986823
-38.0,112.0,20.0,14.672882
-38.0,114.0,20.0,15.434299
-38.0,116.0,20.0,15.349547
-38.0,118.0,20.0,14.48435
-38.0,120.0,20.0,14.020718
-38.0,122.0,20.0,13.772341
-38.0,124.0,20.0,13.226031
-38.0,126.0,20.0,12.862999
-38.0,128.0,20.0,13.15719
-38.0,130.0,20.0,13.615153
-38.0,132.0,20.0,13.067491
-38.0,134.0,20.0,12.234622
-38.0,136.0,20.0,11.893434
-38.0,138.0,20.0,12.470635
-38.0,140.0,20.0,13.164812
-38.0,142.0,20.0,12.915191
-38.0,144.0,20.0,12.074854
-38.0,146.0,20.0,11.694984
-38.0,148.0,20.0,12.1960745
-38.0,150.0,20.0,12.573827
-38.0,152.0,20.0,12.292673
-38.0,154.0,20.0,12.625393
-38.0,156.0,20.0,13.371305
-38.0,158.0,20.0,13.018634
-38.0,160.0,20.0,11.662163
-38.0,162.0,20.0,11.329745
-38.0,164.0,20.0,11.760584
-38.0,166.0,20.0,11.1372595
-38.0,168.0,20.0,10.845777
-38.0,170.0,20.0,10.9305725
-38.0,172.0,20.0,11.114911
-38.0,174.0,20.0,10.001152
-38.0,176.0,20.0,9.602891
-38.0,178.0,20.0,10.050359
-38.0,180.0,20.0,9.908518
-36.0,-180.0,20.0,8.471742
-36.0,-178.0,20.0,7.7969
-36.0,-176.0,20.0,8.116589
-36.0,-174.0,20.0,8.890164
-36.0,-172.0,20.0,8.371251
-36.0,-170.0,20.0,7.7957344
-36.0,-168.0,20.0,7.7029057
-36.0,-166.0,20.0,7.4829807
-36.0,-164.0,20.0,6.715789
-36.0,-162.0,20.0,6.5922356
-36.0,-160.0,20.0,7.0945373
-36.0,-158.0,20.0,7.1187367
-36.0,-156.0,20.0,6.939378
-36.0,-154.0,20.0,6.868541
-36.0,-152.0,20.0,6.855038
-36.0,-150.0,20.0,6.4632134
-36.0,-148.0,20.0,5.7292013
-36.0,-146.0,20.0,5.292865
-36.0,-144.0,20.0,5.659981
-36.0,-142.0,20.0,5.9896145
-36.0,-140.0,20.0,5.8808017
-36.0,-138.0,20.0,5.5012364
-36.0,-136.0,20.0,5.323553
-36.0,-134.0,20.0,5.313968
-36.0,-132.0,20.0,5.5667977
-36.0,-130.0,20.0,5.97064
-36.0,-128.0,20.0,5.3403015
-36.0,-126.0,20.0,4.508559
-36.0,-124.0,20.0,4.377755
-36.0,-122.0,20.0,4.717285
-36.0,-120.0,20.0,5.2242174
-36.0,-118.0,20.0,5.2065225
-36.0,-116.0,20.0,4.836167
-36.0,-114.0,20.0,5.161273
-36.0,-112.0,20.0,4.971316
-36.0,-110.0,20.0,4.562384
-36.0,-108.0,20.0,4.55992
-36.0,-106.0,20.0,4.5022383
-36.0,-104.0,20.0,4.3574176
-36.0,-102.0,20.0,4.29038
-36.0,-100.0,20.0,4.4341846
-36.0,-98.0,20.0,4.996029
-36.0,-96.0,20.0,4.8713245
-36.0,-94.0,20.0,4.3909597
-36.0,-92.0,20.0,4.603983
-36.0,-90.0,20.0,4.6050096
-36.0,-88.0,20.0,4.547723
-36.0,-86.0,20.0,4.8531814
-36.0,-84.0,20.0,5.4556923
-36.0,-82.0,20.0,5.3068256
-36.0,-80.0,20.0,4.783461
-36.0,-78.0,20.0,4.971234
-36.0,-76.0,20.0,4.867821
-36.0,-74.0,20.0,4.642793
-36.0,-72.0,20.0,4.8968024
-36.0,-70.0,20.0,5.068097
-36.0,-68.0,20.0,5.2419615
-36.0,-66.0,20.0,5.1377482
-36.0,-64.0,20.0,5.303787
-36.0,-62.0,20.0,5.46072
-36.0,-60.0,20.0,5.6423492
-36.0,-58.0,20.0,5.2723665
-36.0,-56.0,20.0,5.032097
-36.0,-54.0,20.0,5.474455
-36.0,-52.0,20.0,5.988355
-36.0,-50.0,20.0,6.228417
-36.0,-48.0,20.0,6.0891314
-36.0,-46.0,20.0,6.109444
-36.0,-44.0,20.0,6.3489146
-36.0,-42.0,20.0,6.3979626
-36.0,-40.0,20.0,6.8766966
-36.0,-38.0,20.0,6.6703067
-36.0,-36.0,20.0,6.547845
-36.0,-34.0,20.0,6.4224143
-36.0,-32.0,20.0,6.861944
-36.0,-30.0,20.0,7.2918544
-36.0,-28.0,20.0,7.433033
-36.0,-26.0,20.0,7.0491343
-36.0,-24.0,20.0,6.9260373
-36.0,-22.0,20.0,7.542929
-36.0,-20.0,20.0,7.998478
-36.0,-18.0,20.0,8.008099
-36.0,-16.0,20.0,8.047381
-36.0,-14.0,20.0,8.64947
-36.0,-12.0,20.0,8.789982
-36.0,-10.0,20.0,8.797938
-36.0,-8.0,20.0,9.548278
-36.0,-6.0,20.0,10.158056
-36.0,-4.0,20.0,9.685509
-36.0,-2.0,20.0,9.5014105
-36.0,0.0,20.0,9.310138
-36.0,2.0,20.0,8.76419
-36.0,4.0,20.0,8.499507
-36.0,6.0,20.0,9.044422
-36.0,8.0,20.0,9.695076
-36.0,10.0,20.0,9.891934
-36.0,12.0,20.0,9.508308
-36.0,14.0,20.0,9.643303
-36.0,16.0,20.0,9.872731
-36.0,18.0,20.0,9.927414
-36.0,20.0,20.0,9.983051
-36.0,22.0,20.0,10.447068
-36.0,24.0,20.0,10.610467
-36.0,26.0,20.0,10.305297
-36.0,28.0,20.0,10.146022
-36.0,30.0,20.0,10.0935955
-36.0,32.0,20.0,9.831864
-36.0,34.0,20.0,9.345345
-36.0,36.0,20.0,9.455691
-36.0,38.0,20.0,9.772849
-36.0,40.0,20.0,10.038321
-36.0,42.0,20.0,10.101176
-36.0,44.0,20.0,10.164118
-36.0,46.0,20.0,10.05734
-36.0,48.0,20.0,10.1537895
-36.0,50.0,20.0,10.180736
-36.0,52.0,20.0,10.305312
-36.0,54.0,20.0,10.592678
-36.0,56.0,20.0,10.443885
-36.0,58.0,20.0,10.196692
-36.0,60.0,20.0,10.616214
-36.0,62.0,20.0,11.134026
-36.0,64.0,20.0,11.29326
-36.0,66.0,20.0,11.088406
-36.0,68.0,20.0,11.016575
-36.0,70.0,20.0,10.91227
-36.0,72.0,20.0,10.60925
-36.0,74.0,20.0,10.425426
-36.0,76.0,20.0,10.826465
-36.0,78.0,20.0,11.30301
-36.0,80.0,20.0,11.362249
-36.0,82.0,20.0,11.433245
-36.0,84.0,20.0,11.894863
-36.0,86.0,20.0,12.08943
-36.0,88.0,20.0,11.65344
-36.0,90.0,20.0,11.6533575
-36.0,92.0,20.0,11.894968
-36.0,94.0,20.0,11.663381
-36.0,96.0,20.0,11.684519
-36.0,98.0,20.0,11.783824
-36.0,100.0,20.0,11.779198
-36.0,102.0,20.0,11.345269
-36.0,104.0,20.0,11.179194
-36.0,106.0,20.0,11.58379
-36.0,108.0,20.0,11.711755
-36.0,110.0,20.0,11.767394
-36.0,112.0,20.0,12.264447
-36.0,114.0,20.0,12.982047
-36.0,116.0,20.0,12.801901
-36.0,118.0,20.0,12.052888
-36.0,120.0,20.0,11.88227
-36.0,122.0,20.0,11.7519455
-36.0,124.0,20.0,11.188946
-36.0,126.0,20.0,10.712462
-36.0,128.0,20.0,10.965512
-36.0,130.0,20.0,11.521895
-36.0,132.0,20.0,11.03142
-36.0,134.0,20.0,10.181665
-36.0,136.0,20.0,9.870837
-36.0,138.0,20.0,10.449118
-36.0,140.0,20.0,11.083085
-36.0,142.0,20.0,11.05373
-36.0,144.0,20.0,10.36779
-36.0,146.0,20.0,10.041366
-36.0,148.0,20.0,10.340107
-36.0,150.0,20.0,10.376215
-36.0,152.0,20.0,10.234374
-36.0,154.0,20.0,10.305696
-36.0,156.0,20.0,10.7276745
-36.0,158.0,20.0,10.478913
-36.0,160.0,20.0,9.731521
-36.0,162.0,20.0,9.536924
-36.0,164.0,20.0,9.608177
-36.0,166.0,20.0,9.249404
-36.0,168.0,20.0,8.814039
-36.0,170.0,20.0,9.0160675
-36.0,172.0,20.0,9.191452
-36.0,174.0,20.0,8.649704
-36.0,176.0,20.0,8.409182
-36.0,178.0,20.0,8.521513
-36.0,180.0,20.0,8.471742
-34.0,-180.0,20.0,7.0685716
-34.0,-178.0,20.0,6.559241
-34.0,-176.0,20.0,6.6445346
-34.0,-174.0,20.0,7.3918366
-34.0,-172.0,20.0,7.063515
-34.0,-170.0,20.0,6.545608
-34.0,-168.0,20.0,6.5470166
-34.0,-166.0,20.0,6.336016
-34.0,-164.0,20.0,5.6760564
-34.0,-162.0,20.0,5.532103
-34.0,-160.0,20.0,5.9882307
-34.0,-158.0,20.0,5.9990726
-34.0,-156.0,20.0,5.6970387
-34.0,-154.0,20.0,5.6435933
-34.0,-152.0,20.0,5.779474
-34.0,-150.0,20.0,5.282926
-34.0,-148.0,20.0,4.691178
-34.0,-146.0,20.0,4.488481
-34.0,-144.0,20.0,4.8111258
-34.0,-142.0,20.0,4.9893417
-34.0,-140.0,20.0,4.914222
-34.0,-138.0,20.0,4.704279
-34.0,-136.0,20.0,4.525405
-34.0,-134.0,20.0,4.4335933
-34.0,-132.0,20.0,4.539971
-34.0,-130.0,20.0,4.667744
-34.0,-128.0,20.0,4.121753
-34.0,-126.0,20.0,3.6518486
-34.0,-124.0,20.0,3.6590226
-34.0,-122.0,20.0,3.7718947
-34.0,-120.0,20.0,4.015645
-34.0,-118.0,20.0,3.906684
-34.0,-116.0,20.0,4.0114636
-34.0,-114.0,20.0,4.1107845
-34.0,-112.0,20.0,3.9444351
-34.0,-110.0,20.0,3.7411969
-34.0,-108.0,20.0,3.889612
-34.0,-106.0,20.0,3.9646354
-34.0,-104.0,20.0,3.7848146
-34.0,-102.0,20.0,3.670179
-34.0,-100.0,20.0,3.8210502
-34.0,-98.0,20.0,4.1230273
-34.0,-96.0,20.0,3.9705276
-34.0,-94.0,20.0,3.7407672
-34.0,-92.0,20.0,3.8396149
-34.0,-90.0,20.0,3.7941928
-34.0,-88.0,20.0,3.7412696
-34.0,-86.0,20.0,4.0552125
-34.0,-84.0,20.0,4.6268287
-34.0,-82.0,20.0,4.300818
-34.0,-80.0,20.0,4.073499
-34.0,-78.0,20.0,4.2548337
-34.0,-76.0,20.0,4.253095
-34.0,-74.0,20.0,4.0554347
-34.0,-72.0,20.0,4.2229605
-34.0,-70.0,20.0,4.3378477
-34.0,-68.0,20.0,4.4801326
-34.0,-66.0,20.0,4.5126195
-34.0,-64.0,20.0,4.5450454
-34.0,-62.0,20.0,4.4426546
-34.0,-60.0,20.0,4.6337533
-34.0,-58.0,20.0,4.5157943
-34.0,-56.0,20.0,4.463406
-34.0,-54.0,20.0,4.5030417
-34.0,-52.0,20.0,4.8692365
-34.0,-50.0,20.0,5.1397133
-34.0,-48.0,20.0,5.2302656
-34.0,-46.0,20.0,5.51024
-34.0,-44.0,20.0,5.773784
-34.0,-42.0,20.0,5.8025684
-34.0,-40.0,20.0,6.063099
-34.0,-38.0,20.0,5.9525337
-34.0,-36.0,20.0,5.961174
-34.0,-34.0,20.0,5.8768106
-34.0,-32.0,20.0,6.1867757
-34.0,-30.0,20.0,6.677389
-34.0,-28.0,20.0,6.835106
-34.0,-26.0,20.0,6.6802173
-34.0,-24.0,20.0,6.716974
-34.0,-22.0,20.0,7.119655
-34.0,-20.0,20.0,7.22792
-34.0,-18.0,20.0,7.3136363
-34.0,-16.0,20.0,7.244125
-34.0,-14.0,20.0,7.7462993
-34.0,-12.0,20.0,8.011095
-34.0,-10.0,20.0,8.032105
-34.0,-8.0,20.0,8.471102
-34.0,-6.0,20.0,8.646335
-34.0,-4.0,20.0,8.336442
-34.0,-2.0,20.0,8.228269
-34.0,0.0,20.0,8.323203
-34.0,2.0,20.0,8.017827
-34.0,4.0,20.0,7.901775
-34.0,6.0,20.0,8.253509
-34.0,8.0,20.0,8.602441
-34.0,10.0,20.0,8.458507
-34.0,12.0,20.0,8.1763115
-34.0,14.0,20.0,8.241427
-34.0,16.0,20.0,8.465533
-34.0,18.0,20.0,8.554131
-34.0,20.0,20.0,8.434761
-34.0,22.0,20.0,8.834283
-34.0,24.0,20.0,8.855997
-34.0,26.0,20.0,8.595716
-34.0,28.0,20.0,8.425851
-34.0,30.0,20.0,8.322594
-34.0,32.0,20.0,8.352819
-34.0,34.0,20.0,8.294914
-34.0,36.0,20.0,8.301593
-34.0,38.0,20.0,8.309512
-34.0,40.0,20.0,8.2319145
-34.0,42.0,20.0,8.314088
-34.0,44.0,20.0,8.320868
-34.0,46.0,20.0,8.302753
-34.0,48.0,20.0,8.315733
-34.0,50.0,20.0,8.359673
-34.0,52.0,20.0,8.482359
-34.0,54.0,20.0,8.784967
-34.0,56.0,20.0,8.738938
-34.0,58.0,20.0,8.400381
-34.0,60.0,20.0,8.47157
-34.0,62.0,20.0,8.981495
-34.0,64.0,20.0,9.123372
-34.0,66.0,20.0,9.040915
-34.0,68.0,20.0,8.839027
-34.0,70.0,20.0,8.692546
-34.0,72.0,20.0,8.78666
-34.0,74.0,20.0,8.674637
-34.0,76.0,20.0,8.81455
-34.0,78.0,20.0,9.103053
-34.0,80.0,20.0,9.138049
-34.0,82.0,20.0,9.257295
-34.0,84.0,20.0,9.652233
-34.0,86.0,20.0,9.8774
-34.0,88.0,20.0,9.551465
-34.0,90.0,20.0,9.432774
-34.0,92.0,20.0,9.505992
-34.0,94.0,20.0,9.4204
-34.0,96.0,20.0,9.298858
-34.0,98.0,20.0,9.440916
-34.0,100.0,20.0,9.582892
-34.0,102.0,20.0,9.43653
-34.0,104.0,20.0,9.245655
-34.0,106.0,20.0,9.493502
-34.0,108.0,20.0,9.574859
-34.0,110.0,20.0,9.593834
-34.0,112.0,20.0,9.941737
-34.0,114.0,20.0,10.393165
-34.0,116.0,20.0,10.306056
-34.0,118.0,20.0,9.845587
-34.0,120.0,20.0,9.608708
-34.0,122.0,20.0,9.397812
-34.0,124.0,20.0,8.953107
-34.0,126.0,20.0,8.862736
-34.0,128.0,20.0,9.054563
-34.0,130.0,20.0,9.417532
-34.0,132.0,20.0,9.197857
-34.0,134.0,20.0,8.557098
-34.0,136.0,20.0,8.154787
-34.0,138.0,20.0,8.516679
-34.0,140.0,20.0,9.058095
-34.0,142.0,20.0,9.211599
-34.0,144.0,20.0,8.854684
-34.0,146.0,20.0,8.789221
-34.0,148.0,20.0,8.969917
-34.0,150.0,20.0,8.735024
-34.0,152.0,20.0,8.334101
-34.0,154.0,20.0,8.36973
-34.0,156.0,20.0,8.632806
-34.0,158.0,20.0,8.490618
-34.0,160.0,20.0,8.144255
-34.0,162.0,20.0,7.94645
-34.0,164.0,20.0,7.9199004
-34.0,166.0,20.0,7.6940145
-34.0,168.0,20.0,7.2904825
-34.0,170.0,20.0,7.6790953
-34.0,172.0,20.0,7.8418307
-34.0,174.0,20.0,7.47816
-34.0,176.0,20.0,7.2433763
-34.0,178.0,20.0,7.3075805
-34.0,180.0,20.0,7.0685716
-32.0,-180.0,20.0,6.324407
-32.0,-178.0,20.0,5.9570026
-32.0,-176.0,20.0,6.14042
-32.0,-174.0,20.0,6.672826
-32.0,-172.0,20.0,6.335143
-32.0,-170.0,20.0,5.727765
-32.0,-168.0,20.0,5.834308
-32.0,-166.0,20.0,5.497792
-32.0,-164.0,20.0,4.9157743
-32.0,-162.0,20.0,4.836309
-32.0,-160.0,20.0,5.2926397
-32.0,-158.0,20.0,5.2787137
-32.0,-156.0,20.0,4.859422
-32.0,-154.0,20.0,5.052402
-32.0,-152.0,20.0,5.393184
-32.0,-150.0,20.0,5.005343
-32.0,-148.0,20.0,4.344033
-32.0,-146.0,20.0,4.1292763
-32.0,-144.0,20.0,4.4344416
-32.0,-142.0,20.0,4.599634
-32.0,-140.0,20.0,4.514563
-32.0,-138.0,20.0,4.316235
-32.0,-136.0,20.0,4.133934
-32.0,-134.0,20.0,4.1010995
-32.0,-132.0,20.0,4.149799
-32.0,-130.0,20.0,3.982687
-32.0,-128.0,20.0,3.5781302
-32.0,-126.0,20.0,3.2674892
-32.0,-124.0,20.0,3.3423374
-32.0,-122.0,20.0,3.4411726
-32.0,-120.0,20.0,3.619216
-32.0,-118.0,20.0,3.5215156
-32.0,-116.0,20.0,3.6412263
-32.0,-114.0,20.0,3.7115414
-32.0,-112.0,20.0,3.7034936
-32.0,-110.0,20.0,3.5709531
-32.0,-108.0,20.0,3.722431
-32.0,-106.0,20.0,3.8704658
-32.0,-104.0,20.0,3.6818485
-32.0,-102.0,20.0,3.5552752
-32.0,-100.0,20.0,3.6673439
-32.0,-98.0,20.0,3.7938995
-32.0,-96.0,20.0,3.7165222
-32.0,-94.0,20.0,3.5516293
-32.0,-92.0,20.0,3.5807374
-32.0,-90.0,20.0,3.6076407
-32.0,-88.0,20.0,3.6371725
-32.0,-86.0,20.0,3.855157
-32.0,-84.0,20.0,4.2318816
-32.0,-82.0,20.0,3.9665792
-32.0,-80.0,20.0,3.9211242
-32.0,-78.0,20.0,4.0785084
-32.0,-76.0,20.0,4.1347375
-32.0,-74.0,20.0,4.000054
-32.0,-72.0,20.0,4.0793886
-32.0,-70.0,20.0,4.1773787
-32.0,-68.0,20.0,4.2492046
-32.0,-66.0,20.0,4.243054
-32.0,-64.0,20.0,4.04666
-32.0,-62.0,20.0,3.9633112
-32.0,-60.0,20.0,4.273427
-32.0,-58.0,20.0,4.1994433
-32.0,-56.0,20.0,4.1791553
-32.0,-54.0,20.0,4.1648793
-32.0,-52.0,20.0,4.5895157
-32.0,-50.0,20.0,4.82151
-32.0,-48.0,20.0,4.7872953
-32.0,-46.0,20.0,5.165014
-32.0,-44.0,20.0,5.5046897
-32.0,-42.0,20.0,5.5360746
-32.0,-40.0,20.0,5.6554418
-32.0,-38.0,20.0,5.5134206
-32.0,-36.0,20.0,5.6595016
-32.0,-34.0,20.0,5.695215
-32.0,-32.0,20.0,5.8820257
-32.0,-30.0,20.0,6.3115506
-32.0,-28.0,20.0,6.457981
-32.0,-26.0,20.0,6.2305765
-32.0,-24.0,20.0,6.266917
-32.0,-22.0,20.0,6.6526246
-32.0,-20.0,20.0,6.736417
-32.0,-18.0,20.0,6.804824
-32.0,-16.0,20.0,6.6581073
-32.0,-14.0,20.0,7.0223756
-32.0,-12.0,20.0,7.4580626
-32.0,-10.0,20.0,7.4750633
-32.0,-8.0,20.0,7.8835444
-32.0,-6.0,20.0,8.142076
-32.0,-4.0,20.0,7.845612
-32.0,-2.0,20.0,7.6808
-32.0,0.0,20.0,7.6522055
-32.0,2.0,20.0,7.5214224
-32.0,4.0,20.0,7.3886404
-32.0,6.0,20.0,7.4889684
-32.0,8.0,20.0,7.7608757
-32.0,10.0,20.0,7.732377
-32.0,12.0,20.0,7.495574
-32.0,14.0,20.0,7.394613
-32.0,16.0,20.0,7.7196527
-32.0,18.0,20.0,7.8880754
-32.0,20.0,20.0,7.7524314
-32.0,22.0,20.0,7.9229126
-32.0,24.0,20.0,8.025121
-32.0,26.0,20.0,7.9253006
-32.0,28.0,20.0,7.6896024
-32.0,30.0,20.0,7.5459943
-32.0,32.0,20.0,7.6419916
-32.0,34.0,20.0,7.6102314
-32.0,36.0,20.0,7.593117
-32.0,38.0,20.0,7.554215
-32.0,40.0,20.0,7.404819
-32.0,42.0,20.0,7.467062
-32.0,44.0,20.0,7.416945
-32.0,46.0,20.0,7.407971
-32.0,48.0,20.0,7.420486
-32.0,50.0,20.0,7.566584
-32.0,52.0,20.0,7.821659
-32.0,54.0,20.0,8.091685
-32.0,56.0,20.0,8.056647
-32.0,58.0,20.0,7.7588053
-32.0,60.0,20.0,7.638693
-32.0,62.0,20.0,7.9799256
-32.0,64.0,20.0,8.297602
-32.0,66.0,20.0,8.1352
-32.0,68.0,20.0,8.029303
-32.0,70.0,20.0,7.9956336
-32.0,72.0,20.0,7.970601
-32.0,74.0,20.0,8.038324
-32.0,76.0,20.0,8.090859
-32.0,78.0,20.0,8.16326
-32.0,80.0,20.0,8.16753
-32.0,82.0,20.0,8.234155
-32.0,84.0,20.0,8.61456
-32.0,86.0,20.0,8.831806
-32.0,88.0,20.0,8.521305
-32.0,90.0,20.0,8.212745
-32.0,92.0,20.0,8.181228
-32.0,94.0,20.0,8.20532
-32.0,96.0,20.0,8.3256445
-32.0,98.0,20.0,8.402083
-32.0,100.0,20.0,8.506088
-32.0,102.0,20.0,8.573311
-32.0,104.0,20.0,8.505431
-32.0,106.0,20.0,8.623239
-32.0,108.0,20.0,8.501259
-32.0,110.0,20.0,8.496166
-32.0,112.0,20.0,8.784426
-32.0,114.0,20.0,9.152479
-32.0,116.0,20.0,9.090972
-32.0,118.0,20.0,8.728812
-32.0,120.0,20.0,8.491728
-32.0,122.0,20.0,8.346194
-32.0,124.0,20.0,8.019549
-32.0,126.0,20.0,7.865709
-32.0,128.0,20.0,8.101182
-32.0,130.0,20.0,8.452728
-32.0,132.0,20.0,8.351523
-32.0,134.0,20.0,7.637145
-32.0,136.0,20.0,7.3218775
-32.0,138.0,20.0,7.669943
-32.0,140.0,20.0,8.184831
-32.0,142.0,20.0,8.410335
-32.0,144.0,20.0,8.124048
-32.0,146.0,20.0,7.924492
-32.0,148.0,20.0,8.077329
-32.0,150.0,20.0,7.8684077
-32.0,152.0,20.0,7.589649
-32.0,154.0,20.0,7.5700684
-32.0,156.0,20.0,7.839879
-32.0,158.0,20.0,7.74888
-32.0,160.0,20.0,7.4088697
-32.0,162.0,20.0,7.1992216
-32.0,164.0,20.0,7.1778
-32.0,166.0,20.0,6.908332
-32.0,168.0,20.0,6.607827
-32.0,170.0,20.0,7.0293827
-32.0,172.0,20.0,7.2085204
-32.0,174.0,20.0,6.756834
-32.0,176.0,20.0,6.5071282
-32.0,178.0,20.0,6.5925703
-32.0,180.0,20.0,6.324407
-30.0,-180.0,20.0,5.7399426
-30.0,-178.0,20.0,5.3671885
-30.0,-176.0,20.0,5.643967
-30.0,-174.0,20.0,6.11333
-30.0,-172.0,20.0,5.6624494
-30.0,-170.0,20.0,5.1600266
-30.0,-168.0,20.0,5.1500587
-30.0,-166.0,20.0,4.9762454
-30.0,-164.0,20.0,4.621509
-30.0,-162.0,20.0,4.5063443
-30.0,-160.0,20.0,4.7489505
-30.0,-158.0,20.0,4.873726
-30.0,-156.0,20.0,4.720008
-30.0,-154.0,20.0,4.8063393
-30.0,-152.0,20.0,5.229739
-30.0,-150.0,20.0,5.0663695
-30.0,-148.0,20.0,4.240792
-30.0,-146.0,20.0,3.971409
-30.0,-144.0,20.0,4.243702
-30.0,-142.0,20.0,4.436738
-30.0,-140.0,20.0,4.413308
-30.0,-138.0,20.0,4.2633142
-30.0,-136.0,20.0,4.1159697
-30.0,-134.0,20.0,3.9577506
-30.0,-132.0,20.0,3.8593693
-30.0,-130.0,20.0,3.9034076
-30.0,-128.0,20.0,3.6134493
-30.0,-126.0,20.0,3.1768563
-30.0,-124.0,20.0,3.1519246
-30.0,-122.0,20.0,3.5155919
-30.0,-120.0,20.0,3.8357894
-30.0,-118.0,20.0,3.5557475
-30.0,-116.0,20.0,3.5138223
-30.0,-114.0,20.0,3.6947002
-30.0,-112.0,20.0,3.9148722
-30.0,-110.0,20.0,3.8182366
-30.0,-108.0,20.0,3.9203568
-30.0,-106.0,20.0,4.0999355
-30.0,-104.0,20.0,3.8631253
-30.0,-102.0,20.0,3.7096424
-30.0,-100.0,20.0,3.8264334
-30.0,-98.0,20.0,4.039197
-30.0,-96.0,20.0,3.966307
-30.0,-94.0,20.0,3.6345503
-30.0,-92.0,20.0,3.8596373
-30.0,-90.0,20.0,3.9007556
-30.0,-88.0,20.0,3.8559434
-30.0,-86.0,20.0,4.08056
-30.0,-84.0,20.0,4.420847
-30.0,-82.0,20.0,4.346405
-30.0,-80.0,20.0,4.03697
-30.0,-78.0,20.0,4.3571143
-30.0,-76.0,20.0,4.367182
-30.0,-74.0,20.0,4.2426877
-30.0,-72.0,20.0,4.206434
-30.0,-70.0,20.0,4.249417
-30.0,-68.0,20.0,4.253599
-30.0,-66.0,20.0,4.175172
-30.0,-64.0,20.0,4.0217743
-30.0,-62.0,20.0,4.257217
-30.0,-60.0,20.0,4.5225706
-30.0,-58.0,20.0,4.2928653
-30.0,-56.0,20.0,4.028554
-30.0,-54.0,20.0,4.3251967
-30.0,-52.0,20.0,4.7787004
-30.0,-50.0,20.0,4.9726043
-30.0,-48.0,20.0,4.8911037
-30.0,-46.0,20.0,5.150028
-30.0,-44.0,20.0,5.606407
-30.0,-42.0,20.0,5.5533834
-30.0,-40.0,20.0,5.5556993
-30.0,-38.0,20.0,5.480448
-30.0,-36.0,20.0,5.5964203
-30.0,-34.0,20.0,5.553736
-30.0,-32.0,20.0,5.775137
-30.0,-30.0,20.0,6.2498984
-30.0,-28.0,20.0,6.366748
-30.0,-26.0,20.0,6.236832
-30.0,-24.0,20.0,6.1629295
-30.0,-22.0,20.0,6.424607
-30.0,-20.0,20.0,6.778367
-30.0,-18.0,20.0,6.8309174
-30.0,-16.0,20.0,6.6178584
-30.0,-14.0,20.0,6.959444
-30.0,-12.0,20.0,7.3019986
-30.0,-10.0,20.0,7.1846795
-30.0,-8.0,20.0,7.5279183
-30.0,-6.0,20.0,7.971857
-30.0,-4.0,20.0,7.788225
-30.0,-2.0,20.0,7.494109
-30.0,0.0,20.0,7.415918
-30.0,2.0,20.0,7.2067094
-30.0,4.0,20.0,7.001607
-30.0,6.0,20.0,7.044553
-30.0,8.0,20.0,7.514167
-30.0,10.0,20.0,7.4892597
-30.0,12.0,20.0,7.2573605
-30.0,14.0,20.0,7.040789
-30.0,16.0,20.0,7.304748
-30.0,18.0,20.0,7.436738
-30.0,20.0,20.0,7.427777
-30.0,22.0,20.0,7.546293
-30.0,24.0,20.0,7.7133255
-30.0,26.0,20.0,7.5873985
-30.0,28.0,20.0,7.444611
-30.0,30.0,20.0,7.245338
-30.0,32.0,20.0,7.357788
-30.0,34.0,20.0,7.304002
-30.0,36.0,20.0,7.157268
-30.0,38.0,20.0,7.179644
-30.0,40.0,20.0,7.1843095
-30.0,42.0,20.0,7.31295
-30.0,44.0,20.0,7.2367105
-30.0,46.0,20.0,7.277831
-30.0,48.0,20.0,7.2388625
-30.0,50.0,20.0,7.3520103
-30.0,52.0,20.0,7.5401063
-30.0,54.0,20.0,7.6612253
-30.0,56.0,20.0,7.5728917
-30.0,58.0,20.0,7.382033
-30.0,60.0,20.0,7.508474
-30.0,62.0,20.0,7.4992385
-30.0,64.0,20.0,7.5164747
-30.0,66.0,20.0,7.648275
-30.0,68.0,20.0,7.6576095
-30.0,70.0,20.0,7.6877546
-30.0,72.0,20.0,7.63754
-30.0,74.0,20.0,7.7122645
-30.0,76.0,20.0,7.898151
-30.0,78.0,20.0,8.024392
-30.0,80.0,20.0,7.846334
-30.0,82.0,20.0,7.942747
-30.0,84.0,20.0,8.18157
-30.0,86.0,20.0,8.083185
-30.0,88.0,20.0,7.9062543
-30.0,90.0,20.0,7.9315405
-30.0,92.0,20.0,7.860823
-30.0,94.0,20.0,7.7616158
-30.0,96.0,20.0,7.812044
-30.0,98.0,20.0,7.9721975
-30.0,100.0,20.0,7.9335227
-30.0,102.0,20.0,7.7882867
-30.0,104.0,20.0,7.953253
-30.0,106.0,20.0,8.281798
-30.0,108.0,20.0,8.182167
-30.0,110.0,20.0,7.9667478
-30.0,112.0,20.0,8.189053
-30.0,114.0,20.0,8.406927
-30.0,116.0,20.0,8.351141
-30.0,118.0,20.0,8.013439
-30.0,120.0,20.0,7.8909893
-30.0,122.0,20.0,7.9137073
-30.0,124.0,20.0,7.5610857
-30.0,126.0,20.0,7.2606306
-30.0,128.0,20.0,7.4437623
-30.0,130.0,20.0,7.791137
-30.0,132.0,20.0,7.4290752
-30.0,134.0,20.0,6.767716
-30.0,136.0,20.0,6.698863
-30.0,138.0,20.0,7.2035637
-30.0,140.0,20.0,7.6645722
-30.0,142.0,20.0,7.755134
-30.0,144.0,20.0,7.386958
-30.0,146.0,20.0,7.168112
-30.0,148.0,20.0,7.3687515
-30.0,150.0,20.0,7.312687
-30.0,152.0,20.0,6.992224
-30.0,154.0,20.0,6.8664184
-30.0,156.0,20.0,7.2510686
-30.0,158.0,20.0,7.2582154
-30.0,160.0,20.0,6.9055223
-30.0,162.0,20.0,6.591181
-30.0,164.0,20.0,6.580001
-30.0,166.0,20.0,6.205337
-30.0,168.0,20.0,6.0355825
-30.0,170.0,20.0,6.34802
-30.0,172.0,20.0,6.743337
-30.0,174.0,20.0,6.2811847
-30.0,176.0,20.0,5.821849
-30.0,178.0,20.0,6.1081467
-30.0,180.0,20.0,5.7399426
-28.0,-180.0,20.0,5.282131
-28.0,-178.0,20.0,5.0140357
-28.0,-176.0,20.0,5.256796
-28.0,-174.0,20.0,5.6440744
-28.0,-172.0,20.0,5.374868
-28.0,-170.0,20.0,4.9224477
-28.0,-168.0,20.0,4.8936453
-28.0,-166.0,20.0,4.694399
-28.0,-164.0,20.0,4.352887
-28.0,-162.0,20.0,4.195703
-28.0,-160.0,20.0,4.3870416
-28.0,-158.0,20.0,4.5336924
-28.0,-156.0,20.0,4.380375
-28.0,-154.0,20.0,4.52768
-28.0,-152.0,20.0,4.9147925
-28.0,-150.0,20.0,4.652112
-28.0,-148.0,20.0,3.9946263
-28.0,-146.0,20.0,3.8682816
-28.0,-144.0,20.0,4.0805984
-28.0,-142.0,20.0,4.2007327
-28.0,-140.0,20.0,4.295634
-28.0,-138.0,20.0,4.141306
-28.0,-136.0,20.0,4.070768
-28.0,-134.0,20.0,3.9143229
-28.0,-132.0,20.0,3.8567176
-28.0,-130.0,20.0,3.9743814
-28.0,-128.0,20.0,3.8062172
-28.0,-126.0,20.0,3.287204
-28.0,-124.0,20.0,3.2777393
-28.0,-122.0,20.0,3.615222
-28.0,-120.0,20.0,3.9169085
-28.0,-118.0,20.0,3.7459168
-28.0,-116.0,20.0,3.5949345
-28.0,-114.0,20.0,3.736303
-28.0,-112.0,20.0,3.9959152
-28.0,-110.0,20.0,3.9227588
-28.0,-108.0,20.0,4.081847
-28.0,-106.0,20.0,4.216355
-28.0,-104.0,20.0,4.038537
-28.0,-102.0,20.0,3.8425088
-28.0,-100.0,20.0,3.9296343
-28.0,-98.0,20.0,4.2282004
-28.0,-96.0,20.0,4.1906157
-28.0,-94.0,20.0,3.8481586
-28.0,-92.0,20.0,4.117551
-28.0,-90.0,20.0,4.2134595
-28.0,-88.0,20.0,4.063222
-28.0,-86.0,20.0,4.239413
-28.0,-84.0,20.0,4.570524
-28.0,-82.0,20.0,4.4920673
-28.0,-80.0,20.0,4.2013617
-28.0,-78.0,20.0,4.512348
-28.0,-76.0,20.0,4.522043
-28.0,-74.0,20.0,4.3825445
-28.0,-72.0,20.0,4.35522
-28.0,-70.0,20.0,4.361437
-28.0,-68.0,20.0,4.445173
-28.0,-66.0,20.0,4.2564445
-28.0,-64.0,20.0,4.2567053
-28.0,-62.0,20.0,4.5707827
-28.0,-60.0,20.0,4.7464356
-28.0,-58.0,20.0,4.4309397
-28.0,-56.0,20.0,4.110384
-28.0,-54.0,20.0,4.385089
-28.0,-52.0,20.0,4.830101
-28.0,-50.0,20.0,5.0891247
-28.0,-48.0,20.0,4.9475293
-28.0,-46.0,20.0,5.132035
-28.0,-44.0,20.0,5.4603415
-28.0,-42.0,20.0,5.459184
-28.0,-40.0,20.0,5.600877
-28.0,-38.0,20.0,5.6078143
-28.0,-36.0,20.0,5.4974637
-28.0,-34.0,20.0,5.4543347
-28.0,-32.0,20.0,5.8237348
-28.0,-30.0,20.0,6.1703534
-28.0,-28.0,20.0,6.2156124
-28.0,-26.0,20.0,6.083683
-28.0,-24.0,20.0,6.1872387
-28.0,-22.0,20.0,6.3547587
-28.0,-20.0,20.0,6.5577693
-28.0,-18.0,20.0,6.615499
-28.0,-16.0,20.0,6.3909
-28.0,-14.0,20.0,6.719977
-28.0,-12.0,20.0,7.026627
-28.0,-10.0,20.0,6.9656906
-28.0,-8.0,20.0,7.1552496
-28.0,-6.0,20.0,7.465102
-28.0,-4.0,20.0,7.2836547
-28.0,-2.0,20.0,7.1170073
-28.0,0.0,20.0,7.1688905
-28.0,2.0,20.0,6.8830953
-28.0,4.0,20.0,6.6363187
-28.0,6.0,20.0,6.699157
-28.0,8.0,20.0,6.9880776
-28.0,10.0,20.0,6.911034
-28.0,12.0,20.0,6.7989736
-28.0,14.0,20.0,6.6227555
-28.0,16.0,20.0,6.6439567
-28.0,18.0,20.0,6.792363
-28.0,20.0,20.0,6.8335795
-28.0,22.0,20.0,7.0029173
-28.0,24.0,20.0,7.1679425
-28.0,26.0,20.0,6.9741015
-28.0,28.0,20.0,6.930866
-28.0,30.0,20.0,6.8154655
-28.0,32.0,20.0,6.999739
-28.0,34.0,20.0,6.8491464
-28.0,36.0,20.0,6.449228
-28.0,38.0,20.0,6.5170355
-28.0,40.0,20.0,6.6887875
-28.0,42.0,20.0,6.779323
-28.0,44.0,20.0,6.732452
-28.0,46.0,20.0,6.6173906
-28.0,48.0,20.0,6.622333
-28.0,50.0,20.0,6.6755314
-28.0,52.0,20.0,6.7413
-28.0,54.0,20.0,6.830686
-28.0,56.0,20.0,6.6854854
-28.0,58.0,20.0,6.6834955
-28.0,60.0,20.0,6.847365
-28.0,62.0,20.0,6.9003744
-28.0,64.0,20.0,7.0036197
-28.0,66.0,20.0,7.0777597
-28.0,68.0,20.0,7.12002
-28.0,70.0,20.0,7.029746
-28.0,72.0,20.0,6.918127
-28.0,74.0,20.0,7.011003
-28.0,76.0,20.0,7.2947607
-28.0,78.0,20.0,7.3503594
-28.0,80.0,20.0,7.183715
-28.0,82.0,20.0,7.414569
-28.0,84.0,20.0,7.7265115
-28.0,86.0,20.0,7.3957095
-28.0,88.0,20.0,7.1244664
-28.0,90.0,20.0,7.39282
-28.0,92.0,20.0,7.4504933
-28.0,94.0,20.0,7.200258
-28.0,96.0,20.0,7.3428116
-28.0,98.0,20.0,7.371317
-28.0,100.0,20.0,7.1502733
-28.0,102.0,20.0,7.139327
-28.0,104.0,20.0,7.3586836
-28.0,106.0,20.0,7.4678755
-28.0,108.0,20.0,7.2252707
-28.0,110.0,20.0,7.2195816
-28.0,112.0,20.0,7.4678116
-28.0,114.0,20.0,7.71876
-28.0,116.0,20.0,7.478741
-28.0,118.0,20.0,7.2336106
-28.0,120.0,20.0,7.2644296
-28.0,122.0,20.0,7.2996383
-28.0,124.0,20.0,7.0462494
-28.0,126.0,20.0,6.767664
-28.0,128.0,20.0,6.931298
-28.0,130.0,20.0,7.1185613
-28.0,132.0,20.0,6.7638845
-28.0,134.0,20.0,6.0601544
-28.0,136.0,20.0,5.8827333
-28.0,138.0,20.0,6.358256
-28.0,140.0,20.0,6.834966
-28.0,142.0,20.0,6.7978687
-28.0,144.0,20.0,6.3776536
-28.0,146.0,20.0,6.2514334
-28.0,148.0,20.0,6.407748
-28.0,150.0,20.0,6.419766
-28.0,152.0,20.0,6.0868287
-28.0,154.0,20.0,6.061662
-28.0,156.0,20.0,6.5815806
-28.0,158.0,20.0,6.6565504
-28.0,160.0,20.0,6.045593
-28.0,162.0,20.0,5.883563
-28.0,164.0,20.0,5.9539757
-28.0,166.0,20.0,5.5510707
-28.0,168.0,20.0,5.262252
-28.0,170.0,20.0,5.6746154
-28.0,172.0,20.0,6.1375136
-28.0,174.0,20.0,5.636679
-28.0,176.0,20.0,5.4384565
-28.0,178.0,20.0,5.517309
-28.0,180.0,20.0,5.282131
-26.0,-180.0,20.0,4.7109036
-26.0,-178.0,20.0,4.443527
-26.0,-176.0,20.0,4.648566
-26.0,-174.0,20.0,4.958345
-26.0,-172.0,20.0,4.7677984
-26.0,-170.0,20.0,4.407263
-26.0,-168.0,20.0,4.5269413
-26.0,-166.0,20.0,4.264999
-26.0,-164.0,20.0,3.9021053
-26.0,-162.0,20.0,3.8596234
-26.0,-160.0,20.0,4.0946236
-26.0,-158.0,20.0,4.1502132
-26.0,-156.0,20.0,3.8707528
-26.0,-154.0,20.0,3.9689655
-26.0,-152.0,20.0,4.1960025
-26.0,-150.0,20.0,4.013603
-26.0,-148.0,20.0,3.5773952
-26.0,-146.0,20.0,3.522036
-26.0,-144.0,20.0,3.7114565
-26.0,-142.0,20.0,3.7738733
-26.0,-140.0,20.0,3.7573948
-26.0,-138.0,20.0,3.6631172
-26.0,-136.0,20.0,3.6205657
-26.0,-134.0,20.0,3.5367796
-26.0,-132.0,20.0,3.6029043
-26.0,-130.0,20.0,3.6212437
-26.0,-128.0,20.0,3.371538
-26.0,-126.0,20.0,3.0618112
-26.0,-124.0,20.0,3.2174401
-26.0,-122.0,20.0,3.4674973
-26.0,-120.0,20.0,3.6782477
-26.0,-118.0,20.0,3.4215097
-26.0,-116.0,20.0,3.392313
-26.0,-114.0,20.0,3.5169592
-26.0,-112.0,20.0,3.6891637
-26.0,-110.0,20.0,3.6224005
-26.0,-108.0,20.0,3.7211998
-26.0,-106.0,20.0,3.9253774
-26.0,-104.0,20.0,3.7593966
-26.0,-102.0,20.0,3.6291206
-26.0,-100.0,20.0,3.7129111
-26.0,-98.0,20.0,3.8853197
-26.0,-96.0,20.0,3.764598
-26.0,-94.0,20.0,3.576021
-26.0,-92.0,20.0,3.8118844
-26.0,-90.0,20.0,3.8725703
-26.0,-88.0,20.0,3.742057
-26.0,-86.0,20.0,3.877182
-26.0,-84.0,20.0,4.161465
-26.0,-82.0,20.0,4.089988
-26.0,-80.0,20.0,3.9205658
-26.0,-78.0,20.0,4.208582
-26.0,-76.0,20.0,4.2012835
-26.0,-74.0,20.0,3.9985144
-26.0,-72.0,20.0,4.0278187
-26.0,-70.0,20.0,4.0410466
-26.0,-68.0,20.0,4.1290164
-26.0,-66.0,20.0,4.067665
-26.0,-64.0,20.0,3.9531898
-26.0,-62.0,20.0,4.086461
-26.0,-60.0,20.0,4.2603354
-26.0,-58.0,20.0,4.074007
-26.0,-56.0,20.0,3.9400613
-26.0,-54.0,20.0,3.974641
-26.0,-52.0,20.0,4.4285293
-26.0,-50.0,20.0,4.623653
-26.0,-48.0,20.0,4.5934367
-26.0,-46.0,20.0,4.8259997
-26.0,-44.0,20.0,5.04366
-26.0,-42.0,20.0,5.0627823
-26.0,-40.0,20.0,5.031935
-26.0,-38.0,20.0,5.034294
-26.0,-36.0,20.0,5.091627
-26.0,-34.0,20.0,5.066365
-26.0,-32.0,20.0,5.3314347
-26.0,-30.0,20.0,5.600511
-26.0,-28.0,20.0,5.6113887
-26.0,-26.0,20.0,5.4908557
-26.0,-24.0,20.0,5.676111
-26.0,-22.0,20.0,5.846666
-26.0,-20.0,20.0,6.0524974
-26.0,-18.0,20.0,5.969402
-26.0,-16.0,20.0,5.906627
-26.0,-14.0,20.0,6.1134233
-26.0,-12.0,20.0,6.399197
-26.0,-10.0,20.0,6.386646
-26.0,-8.0,20.0,6.5199165
-26.0,-6.0,20.0,6.616989
-26.0,-4.0,20.0,6.2687845
-26.0,-2.0,20.0,6.2754946
-26.0,0.0,20.0,6.5563107
-26.0,2.0,20.0,6.4060698
-26.0,4.0,20.0,6.2106376
-26.0,6.0,20.0,6.2437296
-26.0,8.0,20.0,6.5654826
-26.0,10.0,20.0,6.364645
-26.0,12.0,20.0,6.0559173
-26.0,14.0,20.0,6.0221367
-26.0,16.0,20.0,6.229607
-26.0,18.0,20.0,6.286181
-26.0,20.0,20.0,6.1497784
-26.0,22.0,20.0,6.2098217
-26.0,24.0,20.0,6.2044683
-26.0,26.0,20.0,6.0461035
-26.0,28.0,20.0,6.0183597
-26.0,30.0,20.0,6.0336747
-26.0,32.0,20.0,6.2328258
-26.0,34.0,20.0,6.1041985
-26.0,36.0,20.0,5.758659
-26.0,38.0,20.0,5.657227
-26.0,40.0,20.0,5.7149744
-26.0,42.0,20.0,5.882308
-26.0,44.0,20.0,5.880234
-26.0,46.0,20.0,5.7439036
-26.0,48.0,20.0,5.7136836
-26.0,50.0,20.0,5.754525
-26.0,52.0,20.0,5.779635
-26.0,54.0,20.0,5.897225
-26.0,56.0,20.0,5.827136
-26.0,58.0,20.0,5.716212
-26.0,60.0,20.0,5.815037
-26.0,62.0,20.0,5.898724
-26.0,64.0,20.0,6.009786
-26.0,66.0,20.0,6.023543
-26.0,68.0,20.0,6.036168
-26.0,70.0,20.0,5.9866447
-26.0,72.0,20.0,5.9481826
-26.0,74.0,20.0,5.9442406
-26.0,76.0,20.0,6.2172375
-26.0,78.0,20.0,6.289913
-26.0,80.0,20.0,6.188133
-26.0,82.0,20.0,6.3421326
-26.0,84.0,20.0,6.5958405
-26.0,86.0,20.0,6.476234
-26.0,88.0,20.0,6.2171144
-26.0,90.0,20.0,6.3358626
-26.0,92.0,20.0,6.4456644
-26.0,94.0,20.0,6.3304834
-26.0,96.0,20.0,6.344643
-26.0,98.0,20.0,6.385182
-26.0,100.0,20.0,6.2334514
-26.0,102.0,20.0,6.182162
-26.0,104.0,20.0,6.37795
-26.0,106.0,20.0,6.4323063
-26.0,108.0,20.0,6.3113246
-26.0,110.0,20.0,6.2860694
-26.0,112.0,20.0,6.436404
-26.0,114.0,20.0,6.6418138
-26.0,116.0,20.0,6.418608
-26.0,118.0,20.0,6.2144346
-26.0,120.0,20.0,6.2529926
-26.0,122.0,20.0,6.3508115
-26.0,124.0,20.0,6.132135
-26.0,126.0,20.0,5.8969774
-26.0,128.0,20.0,5.9601483
-26.0,130.0,20.0,6.1862264
-26.0,132.0,20.0,5.980221
-26.0,134.0,20.0,5.367874
-26.0,136.0,20.0,5.1418138
-26.0,138.0,20.0,5.445388
-26.0,140.0,20.0,5.915572
-26.0,142.0,20.0,5.9052806
-26.0,144.0,20.0,5.713315
-26.0,146.0,20.0,5.6647305
-26.0,148.0,20.0,5.610251
-26.0,150.0,20.0,5.5455055
-26.0,152.0,20.0,5.224636
-26.0,154.0,20.0,5.204311
-26.0,156.0,20.0,5.537049
-26.0,158.0,20.0,5.5796013
-26.0,160.0,20.0,5.089701
-26.0,162.0,20.0,4.9346943
-26.0,164.0,20.0,5.009472
-26.0,166.0,20.0,4.7649126
-26.0,168.0,20.0,4.59573
-26.0,170.0,20.0,4.8401933
-26.0,172.0,20.0,5.2938247
-26.0,174.0,20.0,4.955376
-26.0,176.0,20.0,4.801725
-26.0,178.0,20.0,4.9403005
-26.0,180.0,20.0,4.7109036
-24.0,-180.0,20.0,4.331488
-24.0,-178.0,20.0,4.0372066
-24.0,-176.0,20.0,4.2147927
-24.0,-174.0,20.0,4.4850564
-24.0,-172.0,20.0,4.4416127
-24.0,-170.0,20.0,4.17044
-24.0,-168.0,20.0,4.110477
-24.0,-166.0,20.0,3.966932
-24.0,-164.0,20.0,3.7057517
-24.0,-162.0,20.0,3.6739128
-24.0,-160.0,20.0,3.8070781
-24.0,-158.0,20.0,3.9543624
-24.0,-156.0,20.0,3.9668014
-24.0,-154.0,20.0,3.860396
-24.0,-152.0,20.0,3.8361995
-24.0,-150.0,20.0,3.6652846
-24.0,-148.0,20.0,3.26174
-24.0,-146.0,20.0,3.260615
-24.0,-144.0,20.0,3.5203915
-24.0,-142.0,20.0,3.6344159
-24.0,-140.0,20.0,3.6043828
-24.0,-138.0,20.0,3.4693651
-24.0,-136.0,20.0,3.4781916
-24.0,-134.0,20.0,3.5145693
-24.0,-132.0,20.0,3.5321436
-24.0,-130.0,20.0,3.5850465
-24.0,-128.0,20.0,3.3510084
-24.0,-126.0,20.0,3.103476
-24.0,-124.0,20.0,3.347057
-24.0,-122.0,20.0,3.5223973
-24.0,-120.0,20.0,3.6307857
-24.0,-118.0,20.0,3.4667847
-24.0,-116.0,20.0,3.659437
-24.0,-114.0,20.0,3.7733843
-24.0,-112.0,20.0,3.7370486
-24.0,-110.0,20.0,3.6840153
-24.0,-108.0,20.0,3.8166533
-24.0,-106.0,20.0,3.895909
-24.0,-104.0,20.0,3.666621
-24.0,-102.0,20.0,3.5922968
-24.0,-100.0,20.0,3.6944652
-24.0,-98.0,20.0,3.8812487
-24.0,-96.0,20.0,3.7370536
-24.0,-94.0,20.0,3.5442214
-24.0,-92.0,20.0,3.667468
-24.0,-90.0,20.0,3.6886446
-24.0,-88.0,20.0,3.5498571
-24.0,-86.0,20.0,3.7812726
-24.0,-84.0,20.0,4.102608
-24.0,-82.0,20.0,4.030143
-24.0,-80.0,20.0,3.7899141
-24.0,-78.0,20.0,4.046014
-24.0,-76.0,20.0,4.0755544
-24.0,-74.0,20.0,3.8627737
-24.0,-72.0,20.0,3.9890976
-24.0,-70.0,20.0,4.0455728
-24.0,-68.0,20.0,4.0228653
-24.0,-66.0,20.0,3.9468348
-24.0,-64.0,20.0,3.972407
-24.0,-62.0,20.0,4.087681
-24.0,-60.0,20.0,4.168307
-24.0,-58.0,20.0,3.8895326
-24.0,-56.0,20.0,3.7709327
-24.0,-54.0,20.0,4.0178084
-24.0,-52.0,20.0,4.387148
-24.0,-50.0,20.0,4.518505
-24.0,-48.0,20.0,4.4652777
-24.0,-46.0,20.0,4.9172454
-24.0,-44.0,20.0,5.1307516
-24.0,-42.0,20.0,4.9877048
-24.0,-40.0,20.0,4.8444133
-24.0,-38.0,20.0,4.832372
-24.0,-36.0,20.0,4.8372974
-24.0,-34.0,20.0,4.9081893
-24.0,-32.0,20.0,5.073688
-24.0,-30.0,20.0,5.4475837
-24.0,-28.0,20.0,5.627675
-24.0,-26.0,20.0,5.459983
-24.0,-24.0,20.0,5.5840273
-24.0,-22.0,20.0,5.7357364
-24.0,-20.0,20.0,5.8780184
-24.0,-18.0,20.0,5.8216305
-24.0,-16.0,20.0,5.7228403
-24.0,-14.0,20.0,5.993763
-24.0,-12.0,20.0,6.321921
-24.0,-10.0,20.0,6.2946186
-24.0,-8.0,20.0,6.401943
-24.0,-6.0,20.0,6.423945
-24.0,-4.0,20.0,6.10082
-24.0,-2.0,20.0,6.0787463
-24.0,0.0,20.0,6.445361
-24.0,2.0,20.0,6.4326296
-24.0,4.0,20.0,6.2427278
-24.0,6.0,20.0,6.347369
-24.0,8.0,20.0,6.6701527
-24.0,10.0,20.0,6.37133
-24.0,12.0,20.0,6.11985
-24.0,14.0,20.0,6.1078362
-24.0,16.0,20.0,6.3132653
-24.0,18.0,20.0,6.3075128
-24.0,20.0,20.0,6.1454887
-24.0,22.0,20.0,6.226681
-24.0,24.0,20.0,6.0964475
-24.0,26.0,20.0,5.803705
-24.0,28.0,20.0,5.794197
-24.0,30.0,20.0,5.9094205
-24.0,32.0,20.0,6.060634
-24.0,34.0,20.0,5.940202
-24.0,36.0,20.0,5.7259507
-24.0,38.0,20.0,5.7084703
-24.0,40.0,20.0,5.751236
-24.0,42.0,20.0,5.8014455
-24.0,44.0,20.0,5.765026
-24.0,46.0,20.0,5.569359
-24.0,48.0,20.0,5.483999
-24.0,50.0,20.0,5.488435
-24.0,52.0,20.0,5.6815944
-24.0,54.0,20.0,5.817554
-24.0,56.0,20.0,5.5832486
-24.0,58.0,20.0,5.3412685
-24.0,60.0,20.0,5.4398303
-24.0,62.0,20.0,5.517271
-24.0,64.0,20.0,5.418351
-24.0,66.0,20.0,5.35785
-24.0,68.0,20.0,5.4034595
-24.0,70.0,20.0,5.447093
-24.0,72.0,20.0,5.2837615
-24.0,74.0,20.0,5.264683
-24.0,76.0,20.0,5.560154
-24.0,78.0,20.0,5.677112
-24.0,80.0,20.0,5.577566
-24.0,82.0,20.0,5.74161
-24.0,84.0,20.0,6.089711
-24.0,86.0,20.0,6.000282
-24.0,88.0,20.0,5.606449
-24.0,90.0,20.0,5.6695404
-24.0,92.0,20.0,5.6940536
-24.0,94.0,20.0,5.676225
-24.0,96.0,20.0,5.6557627
-24.0,98.0,20.0,5.7383304
-24.0,100.0,20.0,5.7084527
-24.0,102.0,20.0,5.477131
-24.0,104.0,20.0,5.649562
-24.0,106.0,20.0,5.825575
-24.0,108.0,20.0,5.689651
-24.0,110.0,20.0,5.566586
-24.0,112.0,20.0,5.7659454
-24.0,114.0,20.0,5.9358835
-24.0,116.0,20.0,5.730118
-24.0,118.0,20.0,5.464345
-24.0,120.0,20.0,5.5248275
-24.0,122.0,20.0,5.6047053
-24.0,124.0,20.0,5.3641553
-24.0,126.0,20.0,5.204862
-24.0,128.0,20.0,5.256489
-24.0,130.0,20.0,5.4752603
-24.0,132.0,20.0,5.2552195
-24.0,134.0,20.0,4.842596
-24.0,136.0,20.0,4.6557045
-24.0,138.0,20.0,4.881928
-24.0,140.0,20.0,5.4157662
-24.0,142.0,20.0,5.545297
-24.0,144.0,20.0,5.313382
-24.0,146.0,20.0,5.1667147
-24.0,148.0,20.0,5.180909
-24.0,150.0,20.0,5.1787257
-24.0,152.0,20.0,4.9145627
-24.0,154.0,20.0,4.860284
-24.0,156.0,20.0,5.173508
-24.0,158.0,20.0,5.194115
-24.0,160.0,20.0,4.8710804
-24.0,162.0,20.0,4.595986
-24.0,164.0,20.0,4.593032
-24.0,166.0,20.0,4.393048
-24.0,168.0,20.0,4.1875267
-24.0,170.0,20.0,4.3906
-24.0,172.0,20.0,4.80205
-24.0,174.0,20.0,4.536838
-24.0,176.0,20.0,4.3856597
-24.0,178.0,20.0,4.531029
-24.0,180.0,20.0,4.331488
-22.0,-180.0,20.0,4.284181
-22.0,-178.0,20.0,3.8783822
-22.0,-176.0,20.0,4.093682
-22.0,-174.0,20.0,4.293904
-22.0,-172.0,20.0,4.2157645
-22.0,-170.0,20.0,4.0164013
-22.0,-168.0,20.0,3.9572682
-22.0,-166.0,20.0,3.8699074
-22.0,-164.0,20.0,3.5925066
-22.0,-162.0,20.0,3.57607
-22.0,-160.0,20.0,3.8186667
-22.0,-158.0,20.0,3.9988043
-22.0,-156.0,20.0,4.017891
-22.0,-154.0,20.0,3.925632
-22.0,-152.0,20.0,3.9370446
-22.0,-150.0,20.0,3.739056
-22.0,-148.0,20.0,3.2996702
-22.0,-146.0,20.0,3.136743
-22.0,-144.0,20.0,3.429106
-22.0,-142.0,20.0,3.6459167
-22.0,-140.0,20.0,3.6583905
-22.0,-138.0,20.0,3.5724454
-22.0,-136.0,20.0,3.5249202
-22.0,-134.0,20.0,3.515753
-22.0,-132.0,20.0,3.580101
-22.0,-130.0,20.0,3.8033347
-22.0,-128.0,20.0,3.6061008
-22.0,-126.0,20.0,3.3258808
-22.0,-124.0,20.0,3.4327514
-22.0,-122.0,20.0,3.6620038
-22.0,-120.0,20.0,3.9132895
-22.0,-118.0,20.0,3.7685788
-22.0,-116.0,20.0,3.8415525
-22.0,-114.0,20.0,3.9774106
-22.0,-112.0,20.0,3.9726293
-22.0,-110.0,20.0,3.813257
-22.0,-108.0,20.0,3.9537144
-22.0,-106.0,20.0,4.105396
-22.0,-104.0,20.0,3.8025188
-22.0,-102.0,20.0,3.7021074
-22.0,-100.0,20.0,3.8310447
-22.0,-98.0,20.0,4.295527
-22.0,-96.0,20.0,4.182651
-22.0,-94.0,20.0,3.650968
-22.0,-92.0,20.0,3.866178
-22.0,-90.0,20.0,4.009514
-22.0,-88.0,20.0,3.9292498
-22.0,-86.0,20.0,4.125227
-22.0,-84.0,20.0,4.489241
-22.0,-82.0,20.0,4.4293494
-22.0,-80.0,20.0,4.0171056
-22.0,-78.0,20.0,4.320224
-22.0,-76.0,20.0,4.25626
-22.0,-74.0,20.0,3.9986837
-22.0,-72.0,20.0,4.1319613
-22.0,-70.0,20.0,4.2165594
-22.0,-68.0,20.0,4.3024373
-22.0,-66.0,20.0,4.1043773
-22.0,-64.0,20.0,4.100565
-22.0,-62.0,20.0,4.320699
-22.0,-60.0,20.0,4.4003334
-22.0,-58.0,20.0,4.0992723
-22.0,-56.0,20.0,3.8850255
-22.0,-54.0,20.0,4.1055207
-22.0,-52.0,20.0,4.4967895
-22.0,-50.0,20.0,4.607117
-22.0,-48.0,20.0,4.4909744
-22.0,-46.0,20.0,4.9050493
-22.0,-44.0,20.0,5.169223
-22.0,-42.0,20.0,4.978182
-22.0,-40.0,20.0,4.9489775
-22.0,-38.0,20.0,4.852204
-22.0,-36.0,20.0,4.9122925
-22.0,-34.0,20.0,4.9150066
-22.0,-32.0,20.0,5.132434
-22.0,-30.0,20.0,5.5477285
-22.0,-28.0,20.0,5.71359
-22.0,-26.0,20.0,5.6022043
-22.0,-24.0,20.0,5.654567
-22.0,-22.0,20.0,5.8480673
-22.0,-20.0,20.0,5.9768257
-22.0,-18.0,20.0,5.701349
-22.0,-16.0,20.0,5.6200376
-22.0,-14.0,20.0,5.897269
-22.0,-12.0,20.0,6.1952424
-22.0,-10.0,20.0,6.2425356
-22.0,-8.0,20.0,6.358994
-22.0,-6.0,20.0,6.3448186
-22.0,-4.0,20.0,6.045792
-22.0,-2.0,20.0,6.0042543
-22.0,0.0,20.0,6.4634323
-22.0,2.0,20.0,6.5313544
-22.0,4.0,20.0,6.4955897
-22.0,6.0,20.0,6.380497
-22.0,8.0,20.0,6.707047
-22.0,10.0,20.0,6.323709
-22.0,12.0,20.0,6.06421
-22.0,14.0,20.0,6.1628995
-22.0,16.0,20.0,6.423907
-22.0,18.0,20.0,6.412866
-22.0,20.0,20.0,6.1894326
-22.0,22.0,20.0,6.165701
-22.0,24.0,20.0,6.0508676
-22.0,26.0,20.0,5.719816
-22.0,28.0,20.0,5.6769695
-22.0,30.0,20.0,5.9328427
-22.0,32.0,20.0,6.061296
-22.0,34.0,20.0,5.9884634
-22.0,36.0,20.0,5.7203846
-22.0,38.0,20.0,5.6629734
-22.0,40.0,20.0,5.5955925
-22.0,42.0,20.0,5.6125174
-22.0,44.0,20.0,5.62452
-22.0,46.0,20.0,5.414986
-22.0,48.0,20.0,5.3198533
-22.0,50.0,20.0,5.3636227
-22.0,52.0,20.0,5.5203815
-22.0,54.0,20.0,5.539053
-22.0,56.0,20.0,5.2866282
-22.0,58.0,20.0,5.097014
-22.0,60.0,20.0,5.2550077
-22.0,62.0,20.0,5.3716345
-22.0,64.0,20.0,5.2049212
-22.0,66.0,20.0,5.130756
-22.0,68.0,20.0,5.0927706
-22.0,70.0,20.0,5.1083827
-22.0,72.0,20.0,4.906021
-22.0,74.0,20.0,4.8409243
-22.0,76.0,20.0,5.2211065
-22.0,78.0,20.0,5.194615
-22.0,80.0,20.0,5.1569896
-22.0,82.0,20.0,5.256209
-22.0,84.0,20.0,5.570264
-22.0,86.0,20.0,5.567072
-22.0,88.0,20.0,5.195916
-22.0,90.0,20.0,5.186777
-22.0,92.0,20.0,5.2550564
-22.0,94.0,20.0,5.1818604
-22.0,96.0,20.0,5.1863556
-22.0,98.0,20.0,5.263514
-22.0,100.0,20.0,5.15756
-22.0,102.0,20.0,4.93724
-22.0,104.0,20.0,5.125842
-22.0,106.0,20.0,5.239824
-22.0,108.0,20.0,5.112784
-22.0,110.0,20.0,4.9517856
-22.0,112.0,20.0,5.1124167
-22.0,114.0,20.0,5.3377023
-22.0,116.0,20.0,5.2524414
-22.0,118.0,20.0,4.9762607
-22.0,120.0,20.0,5.0151567
-22.0,122.0,20.0,5.060246
-22.0,124.0,20.0,4.856829
-22.0,126.0,20.0,4.651084
-22.0,128.0,20.0,4.6947575
-22.0,130.0,20.0,4.877447
-22.0,132.0,20.0,4.7816315
-22.0,134.0,20.0,4.4082713
-22.0,136.0,20.0,4.345273
-22.0,138.0,20.0,4.6932197
-22.0,140.0,20.0,5.108497
-22.0,142.0,20.0,5.2249627
-22.0,144.0,20.0,5.092521
-22.0,146.0,20.0,4.933327
-22.0,148.0,20.0,4.8339467
-22.0,150.0,20.0,4.9399586
-22.0,152.0,20.0,4.736675
-22.0,154.0,20.0,4.6310353
-22.0,156.0,20.0,4.8801203
-22.0,158.0,20.0,4.932089
-22.0,160.0,20.0,4.659212
-22.0,162.0,20.0,4.4565983
-22.0,164.0,20.0,4.4949794
-22.0,166.0,20.0,4.2980175
-22.0,168.0,20.0,4.128181
-22.0,170.0,20.0,4.231392
-22.0,172.0,20.0,4.7172265
-22.0,174.0,20.0,4.56501
-22.0,176.0,20.0,4.333716
-22.0,178.0,20.0,4.462173
-22.0,180.0,20.0,4.284181
-20.0,-180.0,20.0,3.554844
-20.0,-178.0,20.0,3.332511
-20.0,-176.0,20.0,3.5179193
-20.0,-174.0,20.0,3.6636355
-20.0,-172.0,20.0,3.6525168
-20.0,-170.0,20.0,3.4793699
-20.0,-168.0,20.0,3.4144282
-20.0,-166.0,20.0,3.4345303
-20.0,-164.0,20.0,3.1251962
-20.0,-162.0,20.0,3.0822234
-20.0,-160.0,20.0,3.4315054
-20.0,-158.0,20.0,3.6360514
-20.0,-156.0,20.0,3.5701125
-20.0,-154.0,20.0,3.40382
-20.0,-152.0,20.0,3.4359713
-20.0,-150.0,20.0,3.395986
-20.0,-148.0,20.0,2.9920156
-20.0,-146.0,20.0,2.859153
-20.0,-144.0,20.0,3.1215274
-20.0,-142.0,20.0,3.2735426
-20.0,-140.0,20.0,3.4006217
-20.0,-138.0,20.0,3.389289
-20.0,-136.0,20.0,3.3081815
-20.0,-134.0,20.0,3.1948423
-20.0,-132.0,20.0,3.2832103
-20.0,-130.0,20.0,3.3918443
-20.0,-128.0,20.0,3.2721643
-20.0,-126.0,20.0,3.1396394
-20.0,-124.0,20.0,3.1065617
-20.0,-122.0,20.0,3.22473
-20.0,-120.0,20.0,3.3971012
-20.0,-118.0,20.0,3.4276416
-20.0,-116.0,20.0,3.475124
-20.0,-114.0,20.0,3.528524
-20.0,-112.0,20.0,3.648947
-20.0,-110.0,20.0,3.44631
-20.0,-108.0,20.0,3.327477
-20.0,-106.0,20.0,3.4524174
-20.0,-104.0,20.0,3.4909775
-20.0,-102.0,20.0,3.3549483
-20.0,-100.0,20.0,3.4854486
-20.0,-98.0,20.0,3.962085
-20.0,-96.0,20.0,3.961213
-20.0,-94.0,20.0,3.5452745
-20.0,-92.0,20.0,3.4355867
-20.0,-90.0,20.0,3.554995
-20.0,-88.0,20.0,3.588269
-20.0,-86.0,20.0,3.6592615
-20.0,-84.0,20.0,3.9647741
-20.0,-82.0,20.0,4.050672
-20.0,-80.0,20.0,3.6584947
-20.0,-78.0,20.0,3.6006987
-20.0,-76.0,20.0,3.7933962
-20.0,-74.0,20.0,3.6804767
-20.0,-72.0,20.0,3.6030145
-20.0,-70.0,20.0,3.7586176
-20.0,-68.0,20.0,4.032732
-20.0,-66.0,20.0,3.9859242
-20.0,-64.0,20.0,3.7024107
-20.0,-62.0,20.0,3.6581059
-20.0,-60.0,20.0,3.865201
-20.0,-58.0,20.0,3.6865997
-20.0,-56.0,20.0,3.471175
-20.0,-54.0,20.0,3.495147
-20.0,-52.0,20.0,3.8587153
-20.0,-50.0,20.0,3.9990137
-20.0,-48.0,20.0,3.7912312
-20.0,-46.0,20.0,4.1505446
-20.0,-44.0,20.0,4.3591266
-20.0,-42.0,20.0,4.2853403
-20.0,-40.0,20.0,4.2543373
-20.0,-38.0,20.0,4.249728
-20.0,-36.0,20.0,4.2827563
-20.0,-34.0,20.0,4.269421
-20.0,-32.0,20.0,4.169753
-20.0,-30.0,20.0,4.6583323
-20.0,-28.0,20.0,4.762768
-20.0,-26.0,20.0,4.79809
-20.0,-24.0,20.0,4.8151155
-20.0,-22.0,20.0,4.9435353
-20.0,-20.0,20.0,5.0194883
-20.0,-18.0,20.0,4.7413054
-20.0,-16.0,20.0,4.6663885
-20.0,-14.0,20.0,4.902125
-20.0,-12.0,20.0,5.317416
-20.0,-10.0,20.0,5.327
-20.0,-8.0,20.0,5.411764
-20.0,-6.0,20.0,5.495889
-20.0,-4.0,20.0,5.222024
-20.0,-2.0,20.0,4.9935102
-20.0,0.0,20.0,5.364499
-20.0,2.0,20.0,5.5861325
-20.0,4.0,20.0,5.379792
-20.0,6.0,20.0,5.4320903
-20.0,8.0,20.0,5.5740566
-20.0,10.0,20.0,5.283567
-20.0,12.0,20.0,4.947502
-20.0,14.0,20.0,5.022181
-20.0,16.0,20.0,5.2861967
-20.0,18.0,20.0,5.198841
-20.0,20.0,20.0,5.0493813
-20.0,22.0,20.0,5.1227674
-20.0,24.0,20.0,5.0412903
-20.0,26.0,20.0,4.62537
-20.0,28.0,20.0,4.5559955
-20.0,30.0,20.0,4.8058977
-20.0,32.0,20.0,4.9823294
-20.0,34.0,20.0,4.880754
-20.0,36.0,20.0,4.6776123
-20.0,38.0,20.0,4.6267185
-20.0,40.0,20.0,4.569844
-20.0,42.0,20.0,4.602174
-20.0,44.0,20.0,4.4811573
-20.0,46.0,20.0,4.3122234
-20.0,48.0,20.0,4.2397494
-20.0,50.0,20.0,4.3572783
-20.0,52.0,20.0,4.4665833
-20.0,54.0,20.0,4.4672503
-20.0,56.0,20.0,4.323884
-20.0,58.0,20.0,4.206326
-20.0,60.0,20.0,4.234588
-20.0,62.0,20.0,4.278564
-20.0,64.0,20.0,4.303504
-20.0,66.0,20.0,4.3237605
-20.0,68.0,20.0,4.2419
-20.0,70.0,20.0,4.1311336
-20.0,72.0,20.0,4.003587
-20.0,74.0,20.0,4.0475388
-20.0,76.0,20.0,4.176965
-20.0,78.0,20.0,4.1451697
-20.0,80.0,20.0,4.103934
-20.0,82.0,20.0,4.2219195
-20.0,84.0,20.0,4.390947
-20.0,86.0,20.0,4.4069295
-20.0,88.0,20.0,4.1420016
-20.0,90.0,20.0,4.0542903
-20.0,92.0,20.0,4.1953697
-20.0,94.0,20.0,4.2169285
-20.0,96.0,20.0,4.2572913
-20.0,98.0,20.0,4.1689897
-20.0,100.0,20.0,4.02841
-20.0,102.0,20.0,3.9870334
-20.0,104.0,20.0,4.1882377
-20.0,106.0,20.0,4.168445
-20.0,108.0,20.0,4.0024724
-20.0,110.0,20.0,4.0008855
-20.0,112.0,20.0,4.1143026
-20.0,114.0,20.0,4.323612
-20.0,116.0,20.0,4.1965985
-20.0,118.0,20.0,4.0613623
-20.0,120.0,20.0,4.0729136
-20.0,122.0,20.0,4.114096
-20.0,124.0,20.0,3.9963887
-20.0,126.0,20.0,3.971391
-20.0,128.0,20.0,4.0560102
-20.0,130.0,20.0,4.109172
-20.0,132.0,20.0,3.9814413
-20.0,134.0,20.0,3.7625654
-20.0,136.0,20.0,3.7545094
-20.0,138.0,20.0,4.038062
-20.0,140.0,20.0,4.176566
-20.0,142.0,20.0,4.259555
-20.0,144.0,20.0,4.131791
-20.0,146.0,20.0,4.0339932
-20.0,148.0,20.0,4.0612016
-20.0,150.0,20.0,4.079865
-20.0,152.0,20.0,3.9699407
-20.0,154.0,20.0,3.9099405
-20.0,156.0,20.0,4.021511
-20.0,158.0,20.0,4.0721636
-20.0,160.0,20.0,3.8741033
-20.0,162.0,20.0,3.7893083
-20.0,164.0,20.0,3.7288246
-20.0,166.0,20.0,3.6121368
-20.0,168.0,20.0,3.4819868
-20.0,170.0,20.0,3.658471
-20.0,172.0,20.0,4.0588913
-20.0,174.0,20.0,3.878826
-20.0,176.0,20.0,3.6986601
-20.0,178.0,20.0,3.7351751
-20.0,180.0,20.0,3.554844
-18.0,-180.0,20.0,3.1137667
-18.0,-178.0,20.0,3.0040622
-18.0,-176.0,20.0,3.1954842
-18.0,-174.0,20.0,3.386105
-18.0,-172.0,20.0,3.328095
-18.0,-170.0,20.0,3.1262934
-18.0,-168.0,20.0,3.1238027
-18.0,-166.0,20.0,3.0451
-18.0,-164.0,20.0,2.8165724
-18.0,-162.0,20.0,2.7989128
-18.0,-160.0,20.0,3.1531885
-18.0,-158.0,20.0,3.328876
-18.0,-156.0,20.0,3.2755394
-18.0,-154.0,20.0,3.2593338
-18.0,-152.0,20.0,3.2715776
-18.0,-150.0,20.0,3.1289146
-18.0,-148.0,20.0,2.7767422
-18.0,-146.0,20.0,2.6459696
-18.0,-144.0,20.0,2.8587508
-18.0,-142.0,20.0,3.074849
-18.0,-140.0,20.0,3.18579
-18.0,-138.0,20.0,3.1577222
-18.0,-136.0,20.0,3.064793
-18.0,-134.0,20.0,3.0275762
-18.0,-132.0,20.0,3.1826038
-18.0,-130.0,20.0,3.2851717
-18.0,-128.0,20.0,3.2065377
-18.0,-126.0,20.0,2.972643
-18.0,-124.0,20.0,2.8498778
-18.0,-122.0,20.0,2.9672742
-18.0,-120.0,20.0,3.1746886
-18.0,-118.0,20.0,3.304067
-18.0,-116.0,20.0,3.3666255
-18.0,-114.0,20.0,3.357362
-18.0,-112.0,20.0,3.4660492
-18.0,-110.0,20.0,3.2873983
-18.0,-108.0,20.0,3.0008206
-18.0,-106.0,20.0,3.152103
-18.0,-104.0,20.0,3.2877786
-18.0,-102.0,20.0,3.240783
-18.0,-100.0,20.0,3.3778656
-18.0,-98.0,20.0,3.8209794
-18.0,-96.0,20.0,3.843359
-18.0,-94.0,20.0,3.417528
-18.0,-92.0,20.0,3.2750454
-18.0,-90.0,20.0,3.3668604
-18.0,-88.0,20.0,3.3675492
-18.0,-86.0,20.0,3.5069516
-18.0,-84.0,20.0,3.8176873
-18.0,-82.0,20.0,3.8734078
-18.0,-80.0,20.0,3.5122688
-18.0,-78.0,20.0,3.430674
-18.0,-76.0,20.0,3.6271265
-18.0,-74.0,20.0,3.5677226
-18.0,-72.0,20.0,3.470407
-18.0,-70.0,20.0,3.6437304
-18.0,-68.0,20.0,3.9652824
-18.0,-66.0,20.0,3.947955
-18.0,-64.0,20.0,3.7153423
-18.0,-62.0,20.0,3.568333
-18.0,-60.0,20.0,3.6915336
-18.0,-58.0,20.0,3.647659
-18.0,-56.0,20.0,3.4680262
-18.0,-54.0,20.0,3.4233956
-18.0,-52.0,20.0,3.6659198
-18.0,-50.0,20.0,3.78316
-18.0,-48.0,20.0,3.6911392
-18.0,-46.0,20.0,3.7234776
-18.0,-44.0,20.0,3.8391535
-18.0,-42.0,20.0,3.9519525
-18.0,-40.0,20.0,3.9763362
-18.0,-38.0,20.0,4.00973
-18.0,-36.0,20.0,3.9587348
-18.0,-34.0,20.0,3.8747969
-18.0,-32.0,20.0,3.8344438
-18.0,-30.0,20.0,4.1030836
-18.0,-28.0,20.0,4.283688
-18.0,-26.0,20.0,4.3335695
-18.0,-24.0,20.0,4.282662
-18.0,-22.0,20.0,4.367694
-18.0,-20.0,20.0,4.3676744
-18.0,-18.0,20.0,4.0833287
-18.0,-16.0,20.0,3.9667423
-18.0,-14.0,20.0,4.257743
-18.0,-12.0,20.0,4.6183853
-18.0,-10.0,20.0,4.6492577
-18.0,-8.0,20.0,4.709468
-18.0,-6.0,20.0,4.8490033
-18.0,-4.0,20.0,4.5726833
-18.0,-2.0,20.0,4.2952843
-18.0,0.0,20.0,4.5504613
-18.0,2.0,20.0,4.8076305
-18.0,4.0,20.0,4.703768
-18.0,6.0,20.0,4.7175946
-18.0,8.0,20.0,4.806332
-18.0,10.0,20.0,4.401743
-18.0,12.0,20.0,4.1914015
-18.0,14.0,20.0,4.2324862
-18.0,16.0,20.0,4.380607
-18.0,18.0,20.0,4.5543118
-18.0,20.0,20.0,4.371283
-18.0,22.0,20.0,4.4402914
-18.0,24.0,20.0,4.4166045
-18.0,26.0,20.0,4.1221485
-18.0,28.0,20.0,4.125819
-18.0,30.0,20.0,4.2037163
-18.0,32.0,20.0,4.195917
-18.0,34.0,20.0,4.233689
-18.0,36.0,20.0,4.115739
-18.0,38.0,20.0,4.0174966
-18.0,40.0,20.0,3.9142082
-18.0,42.0,20.0,3.9418283
-18.0,44.0,20.0,3.8135433
-18.0,46.0,20.0,3.667296
-18.0,48.0,20.0,3.7377183
-18.0,50.0,20.0,3.8175993
-18.0,52.0,20.0,3.865317
-18.0,54.0,20.0,3.9023561
-18.0,56.0,20.0,3.8527288
-18.0,58.0,20.0,3.7119422
-18.0,60.0,20.0,3.759288
-18.0,62.0,20.0,3.7943819
-18.0,64.0,20.0,3.8891869
-18.0,66.0,20.0,3.8836985
-18.0,68.0,20.0,3.8124635
-18.0,70.0,20.0,3.6308398
-18.0,72.0,20.0,3.5948098
-18.0,74.0,20.0,3.5746443
-18.0,76.0,20.0,3.6193137
-18.0,78.0,20.0,3.5826092
-18.0,80.0,20.0,3.6195412
-18.0,82.0,20.0,3.814601
-18.0,84.0,20.0,3.8676784
-18.0,86.0,20.0,3.7479172
-18.0,88.0,20.0,3.6605804
-18.0,90.0,20.0,3.5410802
-18.0,92.0,20.0,3.6102853
-18.0,94.0,20.0,3.7097127
-18.0,96.0,20.0,3.8288078
-18.0,98.0,20.0,3.7151859
-18.0,100.0,20.0,3.5261407
-18.0,102.0,20.0,3.5261667
-18.0,104.0,20.0,3.591931
-18.0,106.0,20.0,3.5252693
-18.0,108.0,20.0,3.506662
-18.0,110.0,20.0,3.5854337
-18.0,112.0,20.0,3.62961
-18.0,114.0,20.0,3.7262795
-18.0,116.0,20.0,3.73503
-18.0,118.0,20.0,3.5999296
-18.0,120.0,20.0,3.5612614
-18.0,122.0,20.0,3.5620043
-18.0,124.0,20.0,3.574391
-18.0,126.0,20.0,3.5745497
-18.0,128.0,20.0,3.553224
-18.0,130.0,20.0,3.5809128
-18.0,132.0,20.0,3.4581707
-18.0,134.0,20.0,3.3298411
-18.0,136.0,20.0,3.3775668
-18.0,138.0,20.0,3.5254583
-18.0,140.0,20.0,3.5898318
-18.0,142.0,20.0,3.6271272
-18.0,144.0,20.0,3.5987425
-18.0,146.0,20.0,3.5344632
-18.0,148.0,20.0,3.5171268
-18.0,150.0,20.0,3.5244348
-18.0,152.0,20.0,3.392272
-18.0,154.0,20.0,3.3920617
-18.0,156.0,20.0,3.5689619
-18.0,158.0,20.0,3.6201894
-18.0,160.0,20.0,3.4640377
-18.0,162.0,20.0,3.3848705
-18.0,164.0,20.0,3.3071735
-18.0,166.0,20.0,3.1901207
-18.0,168.0,20.0,3.0846083
-18.0,170.0,20.0,3.2434664
-18.0,172.0,20.0,3.6114626
-18.0,174.0,20.0,3.4825654
-18.0,176.0,20.0,3.320389
-18.0,178.0,20.0,3.357973
-18.0,180.0,20.0,3.1137667
-16.0,-180.0,20.0,3.1868415
-16.0,-178.0,20.0,3.023968
-16.0,-176.0,20.0,3.26262
-16.0,-174.0,20.0,3.4382982
-16.0,-172.0,20.0,3.3860433
-16.0,-170.0,20.0,3.1507723
-16.0,-168.0,20.0,3.1226106
-16.0,-166.0,20.0,3.0832834
-16.0,-164.0,20.0,2.8199148
-16.0,-162.0,20.0,2.7762692
-16.0,-160.0,20.0,3.1645415
-16.0,-158.0,20.0,3.350107
-16.0,-156.0,20.0,3.3191867
-16.0,-154.0,20.0,3.3067517
-16.0,-152.0,20.0,3.2895741
-16.0,-150.0,20.0,3.1686592
-16.0,-148.0,20.0,2.8890035
-16.0,-146.0,20.0,2.7474542
-16.0,-144.0,20.0,2.8833086
-16.0,-142.0,20.0,3.0897083
-16.0,-140.0,20.0,3.209562
-16.0,-138.0,20.0,3.186616
-16.0,-136.0,20.0,3.1271389
-16.0,-134.0,20.0,3.0761988
-16.0,-132.0,20.0,3.263497
-16.0,-130.0,20.0,3.3051383
-16.0,-128.0,20.0,3.2108803
-16.0,-126.0,20.0,2.9695506
-16.0,-124.0,20.0,2.9021266
-16.0,-122.0,20.0,3.0263178
-16.0,-120.0,20.0,3.2337382
-16.0,-118.0,20.0,3.4218998
-16.0,-116.0,20.0,3.485029
-16.0,-114.0,20.0,3.427873
-16.0,-112.0,20.0,3.5268414
-16.0,-110.0,20.0,3.3302271
-16.0,-108.0,20.0,3.0661712
-16.0,-106.0,20.0,3.2250032
-16.0,-104.0,20.0,3.3343194
-16.0,-102.0,20.0,3.3075328
-16.0,-100.0,20.0,3.404585
-16.0,-98.0,20.0,3.7906022
-16.0,-96.0,20.0,3.7749968
-16.0,-94.0,20.0,3.39522
-16.0,-92.0,20.0,3.305656
-16.0,-90.0,20.0,3.4616706
-16.0,-88.0,20.0,3.5186331
-16.0,-86.0,20.0,3.6602764
-16.0,-84.0,20.0,3.9361324
-16.0,-82.0,20.0,3.962203
-16.0,-80.0,20.0,3.569214
-16.0,-78.0,20.0,3.4562254
-16.0,-76.0,20.0,3.6888227
-16.0,-74.0,20.0,3.6237497
-16.0,-72.0,20.0,3.4787066
-16.0,-70.0,20.0,3.6244626
-16.0,-68.0,20.0,3.8905158
-16.0,-66.0,20.0,3.8549185
-16.0,-64.0,20.0,3.6040244
-16.0,-62.0,20.0,3.4767847
-16.0,-60.0,20.0,3.6615162
-16.0,-58.0,20.0,3.5776572
-16.0,-56.0,20.0,3.3833592
-16.0,-54.0,20.0,3.389411
-16.0,-52.0,20.0,3.700448
-16.0,-50.0,20.0,3.8026793
-16.0,-48.0,20.0,3.5970006
-16.0,-46.0,20.0,3.604368
-16.0,-44.0,20.0,3.7409966
-16.0,-42.0,20.0,3.8058138
-16.0,-40.0,20.0,3.9478786
-16.0,-38.0,20.0,4.0158834
-16.0,-36.0,20.0,3.949415
-16.0,-34.0,20.0,3.8173149
-16.0,-32.0,20.0,3.8049178
-16.0,-30.0,20.0,4.077129
-16.0,-28.0,20.0,4.18794
-16.0,-26.0,20.0,4.255591
-16.0,-24.0,20.0,4.2118526
-16.0,-22.0,20.0,4.2483253
-16.0,-20.0,20.0,4.2960176
-16.0,-18.0,20.0,3.9387848
-16.0,-16.0,20.0,3.830719
-16.0,-14.0,20.0,4.137391
-16.0,-12.0,20.0,4.4592013
-16.0,-10.0,20.0,4.5197577
-16.0,-8.0,20.0,4.5890417
-16.0,-6.0,20.0,4.7107444
-16.0,-4.0,20.0,4.4251494
-16.0,-2.0,20.0,4.1773677
-16.0,0.0,20.0,4.3944407
-16.0,2.0,20.0,4.6396184
-16.0,4.0,20.0,4.5813437
-16.0,6.0,20.0,4.6500964
-16.0,8.0,20.0,4.725087
-16.0,10.0,20.0,4.3419714
-16.0,12.0,20.0,4.0497828
-16.0,14.0,20.0,4.1408663
-16.0,16.0,20.0,4.31272
-16.0,18.0,20.0,4.3360085
-16.0,20.0,20.0,4.275706
-16.0,22.0,20.0,4.280175
-16.0,24.0,20.0,4.2222295
-16.0,26.0,20.0,3.9621897
-16.0,28.0,20.0,3.9898362
-16.0,30.0,20.0,4.113992
-16.0,32.0,20.0,4.050809
-16.0,34.0,20.0,3.975146
-16.0,36.0,20.0,3.925544
-16.0,38.0,20.0,3.9274619
-16.0,40.0,20.0,3.901644
-16.0,42.0,20.0,3.7961562
-16.0,44.0,20.0,3.6725953
-16.0,46.0,20.0,3.5829453
-16.0,48.0,20.0,3.6183789
-16.0,50.0,20.0,3.7567005
-16.0,52.0,20.0,3.8247669
-16.0,54.0,20.0,3.692495
-16.0,56.0,20.0,3.621916
-16.0,58.0,20.0,3.5682585
-16.0,60.0,20.0,3.6371899
-16.0,62.0,20.0,3.581408
-16.0,64.0,20.0,3.5887806
-16.0,66.0,20.0,3.7322974
-16.0,68.0,20.0,3.7244134
-16.0,70.0,20.0,3.4803567
-16.0,72.0,20.0,3.3845735
-16.0,74.0,20.0,3.4365404
-16.0,76.0,20.0,3.473979
-16.0,78.0,20.0,3.4452572
-16.0,80.0,20.0,3.4808757
-16.0,82.0,20.0,3.7799146
-16.0,84.0,20.0,3.8064444
-16.0,86.0,20.0,3.587531
-16.0,88.0,20.0,3.4443948
-16.0,90.0,20.0,3.407159
-16.0,92.0,20.0,3.477673
-16.0,94.0,20.0,3.5416932
-16.0,96.0,20.0,3.7349582
-16.0,98.0,20.0,3.6822724
-16.0,100.0,20.0,3.381277
-16.0,102.0,20.0,3.3012424
-16.0,104.0,20.0,3.4500654
-16.0,106.0,20.0,3.4297931
-16.0,108.0,20.0,3.3521264
-16.0,110.0,20.0,3.373269
-16.0,112.0,20.0,3.4993436
-16.0,114.0,20.0,3.5805516
-16.0,116.0,20.0,3.558917
-16.0,118.0,20.0,3.4714186
-16.0,120.0,20.0,3.3940275
-16.0,122.0,20.0,3.3689995
-16.0,124.0,20.0,3.3318682
-16.0,126.0,20.0,3.341547
-16.0,128.0,20.0,3.420582
-16.0,130.0,20.0,3.4690664
-16.0,132.0,20.0,3.2132065
-16.0,134.0,20.0,3.1019533
-16.0,136.0,20.0,3.1780484
-16.0,138.0,20.0,3.2518494
-16.0,140.0,20.0,3.4054582
-16.0,142.0,20.0,3.3903494
-16.0,144.0,20.0,3.3891156
-16.0,146.0,20.0,3.3578162
-16.0,148.0,20.0,3.408186
-16.0,150.0,20.0,3.3866374
-16.0,152.0,20.0,3.2372963
-16.0,154.0,20.0,3.2627685
-16.0,156.0,20.0,3.536356
-16.0,158.0,20.0,3.5985806
-16.0,160.0,20.0,3.386143
-16.0,162.0,20.0,3.266376
-16.0,164.0,20.0,3.283525
-16.0,166.0,20.0,3.2152874
-16.0,168.0,20.0,3.1256094
-16.0,170.0,20.0,3.2840104
-16.0,172.0,20.0,3.6656992
-16.0,174.0,20.0,3.4976492
-16.0,176.0,20.0,3.3245845
-16.0,178.0,20.0,3.3414953
-16.0,180.0,20.0,3.1868415
-14.0,-180.0,20.0,3.2052956
-14.0,-178.0,20.0,3.1843922
-14.0,-176.0,20.0,3.2723866
-14.0,-174.0,20.0,3.35032
-14.0,-172.0,20.0,3.3709295
-14.0,-170.0,20.0,3.2380056
-14.0,-168.0,20.0,3.1931915
-14.0,-166.0,20.0,3.1309574
-14.0,-164.0,20.0,2.9296515
-14.0,-162.0,20.0,2.9391572
-14.0,-160.0,20.0,3.2338095
-14.0,-158.0,20.0,3.422543
-14.0,-156.0,20.0,3.4170542
-14.0,-154.0,20.0,3.3476832
-14.0,-152.0,20.0,3.337618
-14.0,-150.0,20.0,3.2327967
-14.0,-148.0,20.0,2.9919727
-14.0,-146.0,20.0,2.8878803
-14.0,-144.0,20.0,2.975265
-14.0,-142.0,20.0,3.134319
-14.0,-140.0,20.0,3.2724893
-14.0,-138.0,20.0,3.2811444
-14.0,-136.0,20.0,3.1603727
-14.0,-134.0,20.0,3.0344033
-14.0,-132.0,20.0,3.0522711
-14.0,-130.0,20.0,3.182186
-14.0,-128.0,20.0,3.2288282
-14.0,-126.0,20.0,2.981059
-14.0,-124.0,20.0,2.8817017
-14.0,-122.0,20.0,3.05824
-14.0,-120.0,20.0,3.3590782
-14.0,-118.0,20.0,3.4902818
-14.0,-116.0,20.0,3.3713305
-14.0,-114.0,20.0,3.4832847
-14.0,-112.0,20.0,3.589379
-14.0,-110.0,20.0,3.4121847
-14.0,-108.0,20.0,3.1387355
-14.0,-106.0,20.0,3.3444402
-14.0,-104.0,20.0,3.5112348
-14.0,-102.0,20.0,3.3936813
-14.0,-100.0,20.0,3.3335803
-14.0,-98.0,20.0,3.6407354
-14.0,-96.0,20.0,3.6956186
-14.0,-94.0,20.0,3.4464455
-14.0,-92.0,20.0,3.358598
-14.0,-90.0,20.0,3.471227
-14.0,-88.0,20.0,3.5787654
-14.0,-86.0,20.0,3.7217975
-14.0,-84.0,20.0,3.7605736
-14.0,-82.0,20.0,3.8453975
-14.0,-80.0,20.0,3.5567665
-14.0,-78.0,20.0,3.5268333
-14.0,-76.0,20.0,3.7047691
-14.0,-74.0,20.0,3.7239144
-14.0,-72.0,20.0,3.561676
-14.0,-70.0,20.0,3.589353
-14.0,-68.0,20.0,3.8975563
-14.0,-66.0,20.0,3.9423506
-14.0,-64.0,20.0,3.6485267
-14.0,-62.0,20.0,3.6220489
-14.0,-60.0,20.0,3.732912
-14.0,-58.0,20.0,3.6810813
-14.0,-56.0,20.0,3.4830089
-14.0,-54.0,20.0,3.4918823
-14.0,-52.0,20.0,3.6423068
-14.0,-50.0,20.0,3.709704
-14.0,-48.0,20.0,3.5511565
-14.0,-46.0,20.0,3.6111448
-14.0,-44.0,20.0,3.705169
-14.0,-42.0,20.0,3.7829158
-14.0,-40.0,20.0,3.8890054
-14.0,-38.0,20.0,3.9193335
-14.0,-36.0,20.0,3.8975127
-14.0,-34.0,20.0,3.8189445
-14.0,-32.0,20.0,3.734029
-14.0,-30.0,20.0,3.9695451
-14.0,-28.0,20.0,4.12766
-14.0,-26.0,20.0,4.240222
-14.0,-24.0,20.0,4.240356
-14.0,-22.0,20.0,4.2795873
-14.0,-20.0,20.0,4.2123513
-14.0,-18.0,20.0,3.969749
-14.0,-16.0,20.0,3.8189962
-14.0,-14.0,20.0,4.0344806
-14.0,-12.0,20.0,4.2700567
-14.0,-10.0,20.0,4.3642287
-14.0,-8.0,20.0,4.4173617
-14.0,-6.0,20.0,4.4698443
-14.0,-4.0,20.0,4.281918
-14.0,-2.0,20.0,4.1249065
-14.0,0.0,20.0,4.2822347
-14.0,2.0,20.0,4.4501686
-14.0,4.0,20.0,4.49965
-14.0,6.0,20.0,4.5108414
-14.0,8.0,20.0,4.4339914
-14.0,10.0,20.0,4.2274227
-14.0,12.0,20.0,3.9808035
-14.0,14.0,20.0,3.9443123
-14.0,16.0,20.0,3.9760447
-14.0,18.0,20.0,4.103241
-14.0,20.0,20.0,4.0159035
-14.0,22.0,20.0,3.9757361
-14.0,24.0,20.0,3.965262
-14.0,26.0,20.0,3.7379286
-14.0,28.0,20.0,3.6818805
-14.0,30.0,20.0,3.8103154
-14.0,32.0,20.0,3.7102036
-14.0,34.0,20.0,3.620321
-14.0,36.0,20.0,3.4891586
-14.0,38.0,20.0,3.5281126
-14.0,40.0,20.0,3.5904875
-14.0,42.0,20.0,3.4614444
-14.0,44.0,20.0,3.3275373
-14.0,46.0,20.0,3.2081995
-14.0,48.0,20.0,3.2062793
-14.0,50.0,20.0,3.495267
-14.0,52.0,20.0,3.550723
-14.0,54.0,20.0,3.4158812
-14.0,56.0,20.0,3.3728135
-14.0,58.0,20.0,3.2906485
-14.0,60.0,20.0,3.427997
-14.0,62.0,20.0,3.4557407
-14.0,64.0,20.0,3.4802074
-14.0,66.0,20.0,3.5885022
-14.0,68.0,20.0,3.6550584
-14.0,70.0,20.0,3.4166195
-14.0,72.0,20.0,3.284519
-14.0,74.0,20.0,3.341905
-14.0,76.0,20.0,3.351375
-14.0,78.0,20.0,3.2883928
-14.0,80.0,20.0,3.3078742
-14.0,82.0,20.0,3.609252
-14.0,84.0,20.0,3.6600227
-14.0,86.0,20.0,3.3579452
-14.0,88.0,20.0,3.2358496
-14.0,90.0,20.0,3.2665968
-14.0,92.0,20.0,3.328703
-14.0,94.0,20.0,3.3732123
-14.0,96.0,20.0,3.608836
-14.0,98.0,20.0,3.6012275
-14.0,100.0,20.0,3.2439625
-14.0,102.0,20.0,3.254369
-14.0,104.0,20.0,3.356638
-14.0,106.0,20.0,3.3412197
-14.0,108.0,20.0,3.3350723
-14.0,110.0,20.0,3.2564569
-14.0,112.0,20.0,3.3144462
-14.0,114.0,20.0,3.4097397
-14.0,116.0,20.0,3.349799
-14.0,118.0,20.0,3.2423604
-14.0,120.0,20.0,3.2375426
-14.0,122.0,20.0,3.2038279
-14.0,124.0,20.0,3.1725364
-14.0,126.0,20.0,3.1284006
-14.0,128.0,20.0,3.1758268
-14.0,130.0,20.0,3.2515285
-14.0,132.0,20.0,3.0860589
-14.0,134.0,20.0,3.0946867
-14.0,136.0,20.0,3.1793988
-14.0,138.0,20.0,3.2820191
-14.0,140.0,20.0,3.3289645
-14.0,142.0,20.0,3.2614944
-14.0,144.0,20.0,3.3116193
-14.0,146.0,20.0,3.2945287
-14.0,148.0,20.0,3.2479923
-14.0,150.0,20.0,3.3256576
-14.0,152.0,20.0,3.237885
-14.0,154.0,20.0,3.1705177
-14.0,156.0,20.0,3.3137414
-14.0,158.0,20.0,3.3508494
-14.0,160.0,20.0,3.2472034
-14.0,162.0,20.0,3.1984954
-14.0,164.0,20.0,3.1924896
-14.0,166.0,20.0,3.0770116
-14.0,168.0,20.0,3.0703292
-14.0,170.0,20.0,3.2550263
-14.0,172.0,20.0,3.5977726
-14.0,174.0,20.0,3.5931706
-14.0,176.0,20.0,3.4364166
-14.0,178.0,20.0,3.3906453
-14.0,180.0,20.0,3.2052956
-12.0,-180.0,20.0,3.113858
-12.0,-178.0,20.0,3.080104
-12.0,-176.0,20.0,3.1706789
-12.0,-174.0,20.0,3.2581122
-12.0,-172.0,20.0,3.2705522
-12.0,-170.0,20.0,3.149683
-12.0,-168.0,20.0,3.0937285
-12.0,-166.0,20.0,3.0079832
-12.0,-164.0,20.0,2.8984337
-12.0,-162.0,20.0,2.8901474
-12.0,-160.0,20.0,3.166506
-12.0,-158.0,20.0,3.3858783
-12.0,-156.0,20.0,3.3566597
-12.0,-154.0,20.0,3.2332113
-12.0,-152.0,20.0,3.21805
-12.0,-150.0,20.0,3.1617036
-12.0,-148.0,20.0,2.9050817
-12.0,-146.0,20.0,2.855548
-12.0,-144.0,20.0,2.9022954
-12.0,-142.0,20.0,3.0165167
-12.0,-140.0,20.0,3.1524746
-12.0,-138.0,20.0,3.167866
-12.0,-136.0,20.0,3.0845149
-12.0,-134.0,20.0,2.9306595
-12.0,-132.0,20.0,2.9745283
-12.0,-130.0,20.0,3.1823335
-12.0,-128.0,20.0,3.1998687
-12.0,-126.0,20.0,2.937494
-12.0,-124.0,20.0,2.868187
-12.0,-122.0,20.0,2.9978704
-12.0,-120.0,20.0,3.304392
-12.0,-118.0,20.0,3.3686497
-12.0,-116.0,20.0,3.20229
-12.0,-114.0,20.0,3.319634
-12.0,-112.0,20.0,3.402408
-12.0,-110.0,20.0,3.3044457
-12.0,-108.0,20.0,3.0612235
-12.0,-106.0,20.0,3.2435844
-12.0,-104.0,20.0,3.4801311
-12.0,-102.0,20.0,3.372902
-12.0,-100.0,20.0,3.2603295
-12.0,-98.0,20.0,3.562367
-12.0,-96.0,20.0,3.6908414
-12.0,-94.0,20.0,3.4147747
-12.0,-92.0,20.0,3.3259273
-12.0,-90.0,20.0,3.4313383
-12.0,-88.0,20.0,3.500236
-12.0,-86.0,20.0,3.584896
-12.0,-84.0,20.0,3.5809965
-12.0,-82.0,20.0,3.6083229
-12.0,-80.0,20.0,3.4454432
-12.0,-78.0,20.0,3.4191644
-12.0,-76.0,20.0,3.5829644
-12.0,-74.0,20.0,3.6719499
-12.0,-72.0,20.0,3.4390516
-12.0,-70.0,20.0,3.471958
-12.0,-68.0,20.0,3.763887
-12.0,-66.0,20.0,3.8634565
-12.0,-64.0,20.0,3.5828607
-12.0,-62.0,20.0,3.5739794
-12.0,-60.0,20.0,3.659958
-12.0,-58.0,20.0,3.6038992
-12.0,-56.0,20.0,3.430247
-12.0,-54.0,20.0,3.4217634
-12.0,-52.0,20.0,3.5391052
-12.0,-50.0,20.0,3.615897
-12.0,-48.0,20.0,3.4974318
-12.0,-46.0,20.0,3.465005
-12.0,-44.0,20.0,3.5159137
-12.0,-42.0,20.0,3.5974762
-12.0,-40.0,20.0,3.7172906
-12.0,-38.0,20.0,3.7648003
-12.0,-36.0,20.0,3.6655047
-12.0,-34.0,20.0,3.6149642
-12.0,-32.0,20.0,3.5830684
-12.0,-30.0,20.0,3.7613232
-12.0,-28.0,20.0,3.9569552
-12.0,-26.0,20.0,4.1213236
-12.0,-24.0,20.0,4.1823874
-12.0,-22.0,20.0,4.120464
-12.0,-20.0,20.0,3.9331534
-12.0,-18.0,20.0,3.79304
-12.0,-16.0,20.0,3.6471522
-12.0,-14.0,20.0,3.8011048
-12.0,-12.0,20.0,4.013712
-12.0,-10.0,20.0,4.10657
-12.0,-8.0,20.0,4.1409116
-12.0,-6.0,20.0,4.1287346
-12.0,-4.0,20.0,4.0346227
-12.0,-2.0,20.0,3.9133236
-12.0,0.0,20.0,3.955502
-12.0,2.0,20.0,4.0768294
-12.0,4.0,20.0,4.209059
-12.0,6.0,20.0,4.1265473
-12.0,8.0,20.0,4.1179957
-12.0,10.0,20.0,3.961298
-12.0,12.0,20.0,3.7553313
-12.0,14.0,20.0,3.7056866
-12.0,16.0,20.0,3.6399815
-12.0,18.0,20.0,3.7951047
-12.0,20.0,20.0,3.8161373
-12.0,22.0,20.0,3.7579577
-12.0,24.0,20.0,3.73533
-12.0,26.0,20.0,3.626537
-12.0,28.0,20.0,3.5998366
-12.0,30.0,20.0,3.6004958
-12.0,32.0,20.0,3.4205873
-12.0,34.0,20.0,3.3612509
-12.0,36.0,20.0,3.3529694
-12.0,38.0,20.0,3.345247
-12.0,40.0,20.0,3.3908234
-12.0,42.0,20.0,3.3074586
-12.0,44.0,20.0,3.1611497
-12.0,46.0,20.0,3.046429
-12.0,48.0,20.0,3.0815299
-12.0,50.0,20.0,3.3332353
-12.0,52.0,20.0,3.356475
-12.0,54.0,20.0,3.2989705
-12.0,56.0,20.0,3.1942677
-12.0,58.0,20.0,3.220629
-12.0,60.0,20.0,3.2745962
-12.0,62.0,20.0,3.2650688
-12.0,64.0,20.0,3.2590048
-12.0,66.0,20.0,3.4400017
-12.0,68.0,20.0,3.5373118
-12.0,70.0,20.0,3.385042
-12.0,72.0,20.0,3.2628384
-12.0,74.0,20.0,3.3010023
-12.0,76.0,20.0,3.3131905
-12.0,78.0,20.0,3.1772094
-12.0,80.0,20.0,3.1588826
-12.0,82.0,20.0,3.4411576
-12.0,84.0,20.0,3.4980013
-12.0,86.0,20.0,3.1801987
-12.0,88.0,20.0,3.0873225
-12.0,90.0,20.0,3.1473641
-12.0,92.0,20.0,3.14075
-12.0,94.0,20.0,3.0978482
-12.0,96.0,20.0,3.4196427
-12.0,98.0,20.0,3.4123924
-12.0,100.0,20.0,3.1363633
-12.0,102.0,20.0,3.1638553
-12.0,104.0,20.0,3.29887
-12.0,106.0,20.0,3.3166158
-12.0,108.0,20.0,3.1988409
-12.0,110.0,20.0,3.1913092
-12.0,112.0,20.0,3.2803543
-12.0,114.0,20.0,3.2927716
-12.0,116.0,20.0,3.146818
-12.0,118.0,20.0,3.067454
-12.0,120.0,20.0,3.1285267
-12.0,122.0,20.0,3.0648572
-12.0,124.0,20.0,3.0206945
-12.0,126.0,20.0,3.0257876
-12.0,128.0,20.0,3.1655407
-12.0,130.0,20.0,3.2323203
-12.0,132.0,20.0,3.0787575
-12.0,134.0,20.0,3.1062632
-12.0,136.0,20.0,3.1305919
-12.0,138.0,20.0,3.2257326
-12.0,140.0,20.0,3.2588649
-12.0,142.0,20.0,3.183973
-12.0,144.0,20.0,3.206113
-12.0,146.0,20.0,3.2141643
-12.0,148.0,20.0,3.190898
-12.0,150.0,20.0,3.2014754
-12.0,152.0,20.0,3.1639512
-12.0,154.0,20.0,3.0533068
-12.0,156.0,20.0,3.1187289
-12.0,158.0,20.0,3.1678803
-12.0,160.0,20.0,3.1291294
-12.0,162.0,20.0,3.1209567
-12.0,164.0,20.0,3.0672615
-12.0,166.0,20.0,2.9826188
-12.0,168.0,20.0,3.0011811
-12.0,170.0,20.0,3.1639876
-12.0,172.0,20.0,3.4639661
-12.0,174.0,20.0,3.5000124
-12.0,176.0,20.0,3.3725939
-12.0,178.0,20.0,3.3092575
-12.0,180.0,20.0,3.113858
-10.0,-180.0,20.0,3.041212
-10.0,-178.0,20.0,2.9619853
-10.0,-176.0,20.0,3.0760996
-10.0,-174.0,20.0,3.2150362
-10.0,-172.0,20.0,3.2034826
-10.0,-170.0,20.0,3.0500085
-10.0,-168.0,20.0,2.978588
-10.0,-166.0,20.0,2.9184191
-10.0,-164.0,20.0,2.8517957
-10.0,-162.0,20.0,2.7839763
-10.0,-160.0,20.0,3.0733368
-10.0,-158.0,20.0,3.2700846
-10.0,-156.0,20.0,3.3158915
-10.0,-154.0,20.0,3.1785564
-10.0,-152.0,20.0,3.1195076
-10.0,-150.0,20.0,3.1020215
-10.0,-148.0,20.0,2.8983977
-10.0,-146.0,20.0,2.8023968
-10.0,-144.0,20.0,2.8368945
-10.0,-142.0,20.0,2.9900246
-10.0,-140.0,20.0,3.1313295
-10.0,-138.0,20.0,3.1042395
-10.0,-136.0,20.0,2.9752908
-10.0,-134.0,20.0,2.887885
-10.0,-132.0,20.0,2.999519
-10.0,-130.0,20.0,3.1672475
-10.0,-128.0,20.0,3.1265745
-10.0,-126.0,20.0,2.9170048
-10.0,-124.0,20.0,2.8092017
-10.0,-122.0,20.0,2.9645135
-10.0,-120.0,20.0,3.2347877
-10.0,-118.0,20.0,3.285053
-10.0,-116.0,20.0,3.2405071
-10.0,-114.0,20.0,3.3484895
-10.0,-112.0,20.0,3.3738034
-10.0,-110.0,20.0,3.2660575
-10.0,-108.0,20.0,3.090614
-10.0,-106.0,20.0,3.2139826
-10.0,-104.0,20.0,3.3534577
-10.0,-102.0,20.0,3.3662307
-10.0,-100.0,20.0,3.331352
-10.0,-98.0,20.0,3.665641
-10.0,-96.0,20.0,3.6858466
-10.0,-94.0,20.0,3.357234
-10.0,-92.0,20.0,3.3128476
-10.0,-90.0,20.0,3.4159899
-10.0,-88.0,20.0,3.4770243
-10.0,-86.0,20.0,3.5932086
-10.0,-84.0,20.0,3.7013915
-10.0,-82.0,20.0,3.7215867
-10.0,-80.0,20.0,3.4845052
-10.0,-78.0,20.0,3.4753919
-10.0,-76.0,20.0,3.5949533
-10.0,-74.0,20.0,3.534557
-10.0,-72.0,20.0,3.406095
-10.0,-70.0,20.0,3.524862
-10.0,-68.0,20.0,3.7170146
-10.0,-66.0,20.0,3.685879
-10.0,-64.0,20.0,3.537597
-10.0,-62.0,20.0,3.4940126
-10.0,-60.0,20.0,3.5400867
-10.0,-58.0,20.0,3.466588
-10.0,-56.0,20.0,3.3192048
-10.0,-54.0,20.0,3.3702412
-10.0,-52.0,20.0,3.5148835
-10.0,-50.0,20.0,3.5849354
-10.0,-48.0,20.0,3.4765096
-10.0,-46.0,20.0,3.4082048
-10.0,-44.0,20.0,3.4695263
-10.0,-42.0,20.0,3.4977708
-10.0,-40.0,20.0,3.6480348
-10.0,-38.0,20.0,3.6812205
-10.0,-36.0,20.0,3.606797
-10.0,-34.0,20.0,3.5239618
-10.0,-32.0,20.0,3.5545278
-10.0,-30.0,20.0,3.7636132
-10.0,-28.0,20.0,3.8846347
-10.0,-26.0,20.0,4.011216
-10.0,-24.0,20.0,4.061546
-10.0,-22.0,20.0,4.0183926
-10.0,-20.0,20.0,3.8524928
-10.0,-18.0,20.0,3.5385888
-10.0,-16.0,20.0,3.4376793
-10.0,-14.0,20.0,3.6164389
-10.0,-12.0,20.0,3.8136349
-10.0,-10.0,20.0,3.8877919
-10.0,-8.0,20.0,4.0018034
-10.0,-6.0,20.0,3.9780207
-10.0,-4.0,20.0,3.7827532
-10.0,-2.0,20.0,3.704082
-10.0,0.0,20.0,3.83255
-10.0,2.0,20.0,3.9439292
-10.0,4.0,20.0,4.0272403
-10.0,6.0,20.0,4.0067086
-10.0,8.0,20.0,4.010348
-10.0,10.0,20.0,3.7554853
-10.0,12.0,20.0,3.5008523
-10.0,14.0,20.0,3.4853532
-10.0,16.0,20.0,3.5309594
-10.0,18.0,20.0,3.6563287
-10.0,20.0,20.0,3.6571665
-10.0,22.0,20.0,3.6439552
-10.0,24.0,20.0,3.5653417
-10.0,26.0,20.0,3.4045246
-10.0,28.0,20.0,3.4503043
-10.0,30.0,20.0,3.519858
-10.0,32.0,20.0,3.4097006
-10.0,34.0,20.0,3.3139157
-10.0,36.0,20.0,3.2916472
-10.0,38.0,20.0,3.3583891
-10.0,40.0,20.0,3.385915
-10.0,42.0,20.0,3.2473238
-10.0,44.0,20.0,3.0743523
-10.0,46.0,20.0,2.9486828
-10.0,48.0,20.0,2.9447029
-10.0,50.0,20.0,3.2348952
-10.0,52.0,20.0,3.2640495
-10.0,54.0,20.0,3.0992296
-10.0,56.0,20.0,2.934183
-10.0,58.0,20.0,3.0074375
-10.0,60.0,20.0,3.1330688
-10.0,62.0,20.0,3.0636597
-10.0,64.0,20.0,2.976034
-10.0,66.0,20.0,3.1935782
-10.0,68.0,20.0,3.3264835
-10.0,70.0,20.0,3.0692127
-10.0,72.0,20.0,2.9918518
-10.0,74.0,20.0,3.0559506
-10.0,76.0,20.0,3.0776832
-10.0,78.0,20.0,2.957045
-10.0,80.0,20.0,3.0067482
-10.0,82.0,20.0,3.3236094
-10.0,84.0,20.0,3.3807733
-10.0,86.0,20.0,3.0503423
-10.0,88.0,20.0,2.9204292
-10.0,90.0,20.0,2.9665048
-10.0,92.0,20.0,2.8956256
-10.0,94.0,20.0,2.9233367
-10.0,96.0,20.0,3.2570527
-10.0,98.0,20.0,3.2371097
-10.0,100.0,20.0,2.951676
-10.0,102.0,20.0,2.948643
-10.0,104.0,20.0,3.0677686
-10.0,106.0,20.0,3.0044384
-10.0,108.0,20.0,2.8886588
-10.0,110.0,20.0,2.9508939
-10.0,112.0,20.0,3.1171353
-10.0,114.0,20.0,3.138715
-10.0,116.0,20.0,2.9854531
-10.0,118.0,20.0,2.9419916
-10.0,120.0,20.0,2.9660099
-10.0,122.0,20.0,2.8329573
-10.0,124.0,20.0,2.8644416
-10.0,126.0,20.0,2.8731961
-10.0,128.0,20.0,2.9794252
-10.0,130.0,20.0,3.0095584
-10.0,132.0,20.0,2.8682077
-10.0,134.0,20.0,2.899882
-10.0,136.0,20.0,2.9515958
-10.0,138.0,20.0,3.0295808
-10.0,140.0,20.0,3.0266967
-10.0,142.0,20.0,2.9497101
-10.0,144.0,20.0,2.983866
-10.0,146.0,20.0,3.0447187
-10.0,148.0,20.0,3.0397348
-10.0,150.0,20.0,3.034258
-10.0,152.0,20.0,2.932042
-10.0,154.0,20.0,2.850883
-10.0,156.0,20.0,3.0025082
-10.0,158.0,20.0,3.0551949
-10.0,160.0,20.0,3.041273
-10.0,162.0,20.0,3.0313566
-10.0,164.0,20.0,2.9918294
-10.0,166.0,20.0,2.9362504
-10.0,168.0,20.0,2.9090846
-10.0,170.0,20.0,3.0349438
-10.0,172.0,20.0,3.3252988
-10.0,174.0,20.0,3.35694
-10.0,176.0,20.0,3.2905107
-10.0,178.0,20.0,3.2473836
-10.0,180.0,20.0,3.041212
-8.0,-180.0,20.0,3.3383133
-8.0,-178.0,20.0,3.2290044
-8.0,-176.0,20.0,3.3381119
-8.0,-174.0,20.0,3.4261289
-8.0,-172.0,20.0,3.4773717
-8.0,-170.0,20.0,3.3678927
-8.0,-168.0,20.0,3.2289882
-8.0,-166.0,20.0,3.1842508
-8.0,-164.0,20.0,3.0832334
-8.0,-162.0,20.0,3.0730712
-8.0,-160.0,20.0,3.425154
-8.0,-158.0,20.0,3.6729047
-8.0,-156.0,20.0,3.7242286
-8.0,-154.0,20.0,3.5706708
-8.0,-152.0,20.0,3.512334
-8.0,-150.0,20.0,3.4535794
-8.0,-148.0,20.0,3.2861047
-8.0,-146.0,20.0,3.1667745
-8.0,-144.0,20.0,3.236014
-8.0,-142.0,20.0,3.4921367
-8.0,-140.0,20.0,3.569778
-8.0,-138.0,20.0,3.468982
-8.0,-136.0,20.0,3.384539
-8.0,-134.0,20.0,3.370123
-8.0,-132.0,20.0,3.434023
-8.0,-130.0,20.0,3.4908898
-8.0,-128.0,20.0,3.3618283
-8.0,-126.0,20.0,3.1929996
-8.0,-124.0,20.0,3.0995412
-8.0,-122.0,20.0,3.234991
-8.0,-120.0,20.0,3.5060804
-8.0,-118.0,20.0,3.7070074
-8.0,-116.0,20.0,3.717269
-8.0,-114.0,20.0,3.7781067
-8.0,-112.0,20.0,3.7492685
-8.0,-110.0,20.0,3.5300553
-8.0,-108.0,20.0,3.3761902
-8.0,-106.0,20.0,3.433402
-8.0,-104.0,20.0,3.49819
-8.0,-102.0,20.0,3.5011106
-8.0,-100.0,20.0,3.592639
-8.0,-98.0,20.0,3.902751
-8.0,-96.0,20.0,3.9158468
-8.0,-94.0,20.0,3.6127362
-8.0,-92.0,20.0,3.663911
-8.0,-90.0,20.0,3.800793
-8.0,-88.0,20.0,3.9076042
-8.0,-86.0,20.0,4.080542
-8.0,-84.0,20.0,4.202149
-8.0,-82.0,20.0,4.1208696
-8.0,-80.0,20.0,3.8614135
-8.0,-78.0,20.0,3.7512395
-8.0,-76.0,20.0,3.873757
-8.0,-74.0,20.0,3.7728546
-8.0,-72.0,20.0,3.6734412
-8.0,-70.0,20.0,3.7664778
-8.0,-68.0,20.0,3.962853
-8.0,-66.0,20.0,3.9898188
-8.0,-64.0,20.0,3.8815286
-8.0,-62.0,20.0,3.8036911
-8.0,-60.0,20.0,3.7871478
-8.0,-58.0,20.0,3.7894835
-8.0,-56.0,20.0,3.6130328
-8.0,-54.0,20.0,3.6281188
-8.0,-52.0,20.0,3.7209039
-8.0,-50.0,20.0,3.7966146
-8.0,-48.0,20.0,3.6536455
-8.0,-46.0,20.0,3.629171
-8.0,-44.0,20.0,3.69631
-8.0,-42.0,20.0,3.7985806
-8.0,-40.0,20.0,4.0070753
-8.0,-38.0,20.0,4.0217085
-8.0,-36.0,20.0,3.829567
-8.0,-34.0,20.0,3.6554143
-8.0,-32.0,20.0,3.734578
-8.0,-30.0,20.0,3.9772758
-8.0,-28.0,20.0,4.1612663
-8.0,-26.0,20.0,4.238472
-8.0,-24.0,20.0,4.245576
-8.0,-22.0,20.0,4.233751
-8.0,-20.0,20.0,4.0775743
-8.0,-18.0,20.0,3.8072886
-8.0,-16.0,20.0,3.6937566
-8.0,-14.0,20.0,3.884123
-8.0,-12.0,20.0,4.1261473
-8.0,-10.0,20.0,4.2434983
-8.0,-8.0,20.0,4.30916
-8.0,-6.0,20.0,4.2383466
-8.0,-4.0,20.0,4.014335
-8.0,-2.0,20.0,3.9237752
-8.0,0.0,20.0,4.137221
-8.0,2.0,20.0,4.293276
-8.0,4.0,20.0,4.429026
-8.0,6.0,20.0,4.4476843
-8.0,8.0,20.0,4.3820634
-8.0,10.0,20.0,4.011336
-8.0,12.0,20.0,3.7870069
-8.0,14.0,20.0,3.8074555
-8.0,16.0,20.0,3.8692944
-8.0,18.0,20.0,4.0047617
-8.0,20.0,20.0,3.9820855
-8.0,22.0,20.0,3.9622624
-8.0,24.0,20.0,3.8744745
-8.0,26.0,20.0,3.6750982
-8.0,28.0,20.0,3.731126
-8.0,30.0,20.0,3.8688977
-8.0,32.0,20.0,3.7249105
-8.0,34.0,20.0,3.6176984
-8.0,36.0,20.0,3.5645063
-8.0,38.0,20.0,3.6736171
-8.0,40.0,20.0,3.7638893
-8.0,42.0,20.0,3.5298247
-8.0,44.0,20.0,3.3348851
-8.0,46.0,20.0,3.2553356
-8.0,48.0,20.0,3.2631838
-8.0,50.0,20.0,3.5692635
-8.0,52.0,20.0,3.5857205
-8.0,54.0,20.0,3.3722646
-8.0,56.0,20.0,3.2535071
-8.0,58.0,20.0,3.2924397
-8.0,60.0,20.0,3.4483879
-8.0,62.0,20.0,3.4222589
-8.0,64.0,20.0,3.303959
-8.0,66.0,20.0,3.50696
-8.0,68.0,20.0,3.640163
-8.0,70.0,20.0,3.358145
-8.0,72.0,20.0,3.1997974
-8.0,74.0,20.0,3.257402
-8.0,76.0,20.0,3.3187006
-8.0,78.0,20.0,3.260575
-8.0,80.0,20.0,3.3206217
-8.0,82.0,20.0,3.652462
-8.0,84.0,20.0,3.7020392
-8.0,86.0,20.0,3.2996802
-8.0,88.0,20.0,3.1637974
-8.0,90.0,20.0,3.2932215
-8.0,92.0,20.0,3.2413301
-8.0,94.0,20.0,3.2978163
-8.0,96.0,20.0,3.647005
-8.0,98.0,20.0,3.6506894
-8.0,100.0,20.0,3.211791
-8.0,102.0,20.0,3.1518002
-8.0,104.0,20.0,3.2143674
-8.0,106.0,20.0,3.210069
-8.0,108.0,20.0,3.187061
-8.0,110.0,20.0,3.145204
-8.0,112.0,20.0,3.350414
-8.0,114.0,20.0,3.430575
-8.0,116.0,20.0,3.2729988
-8.0,118.0,20.0,3.183317
-8.0,120.0,20.0,3.180681
-8.0,122.0,20.0,3.1640458
-8.0,124.0,20.0,3.198223
-8.0,126.0,20.0,3.1229367
-8.0,128.0,20.0,3.1574278
-8.0,130.0,20.0,3.2323072
-8.0,132.0,20.0,3.091293
-8.0,134.0,20.0,3.0643852
-8.0,136.0,20.0,3.0838318
-8.0,138.0,20.0,3.1854692
-8.0,140.0,20.0,3.2782116
-8.0,142.0,20.0,3.1920679
-8.0,144.0,20.0,3.3296094
-8.0,146.0,20.0,3.3279042
-8.0,148.0,20.0,3.2512617
-8.0,150.0,20.0,3.2555287
-8.0,152.0,20.0,3.0914922
-8.0,154.0,20.0,3.0577452
-8.0,156.0,20.0,3.2457767
-8.0,158.0,20.0,3.3691187
-8.0,160.0,20.0,3.3767817
-8.0,162.0,20.0,3.3511178
-8.0,164.0,20.0,3.2930727
-8.0,166.0,20.0,3.2052643
-8.0,168.0,20.0,3.1766264
-8.0,170.0,20.0,3.304391
-8.0,172.0,20.0,3.604603
-8.0,174.0,20.0,3.6839936
-8.0,176.0,20.0,3.6191235
-8.0,178.0,20.0,3.5981333
-8.0,180.0,20.0,3.3383133
-6.0,-180.0,20.0,3.125401
-6.0,-178.0,20.0,3.116871
-6.0,-176.0,20.0,3.20145
-6.0,-174.0,20.0,3.3022158
-6.0,-172.0,20.0,3.349955
-6.0,-170.0,20.0,3.1965468
-6.0,-168.0,20.0,3.074399
-6.0,-166.0,20.0,3.014118
-6.0,-164.0,20.0,2.97294
-6.0,-162.0,20.0,2.9865816
-6.0,-160.0,20.0,3.3370545
-6.0,-158.0,20.0,3.666107
-6.0,-156.0,20.0,3.7308326
-6.0,-154.0,20.0,3.5204504
-6.0,-152.0,20.0,3.431733
-6.0,-150.0,20.0,3.3263538
-6.0,-148.0,20.0,3.1537933
-6.0,-146.0,20.0,3.0268528
-6.0,-144.0,20.0,3.0978575
-6.0,-142.0,20.0,3.2904983
-6.0,-140.0,20.0,3.4101636
-6.0,-138.0,20.0,3.3246245
-6.0,-136.0,20.0,3.2067842
-6.0,-134.0,20.0,3.1560483
-6.0,-132.0,20.0,3.2132332
-6.0,-130.0,20.0,3.3580832
-6.0,-128.0,20.0,3.2862456
-6.0,-126.0,20.0,3.1163304
-6.0,-124.0,20.0,3.0181608
-6.0,-122.0,20.0,3.1352985
-6.0,-120.0,20.0,3.3875146
-6.0,-118.0,20.0,3.5789297
-6.0,-116.0,20.0,3.566117
-6.0,-114.0,20.0,3.6412475
-6.0,-112.0,20.0,3.641837
-6.0,-110.0,20.0,3.4299579
-6.0,-108.0,20.0,3.2830658
-6.0,-106.0,20.0,3.36883
-6.0,-104.0,20.0,3.4539819
-6.0,-102.0,20.0,3.392686
-6.0,-100.0,20.0,3.475377
-6.0,-98.0,20.0,3.7751858
-6.0,-96.0,20.0,3.8473952
-6.0,-94.0,20.0,3.722905
-6.0,-92.0,20.0,3.6819477
-6.0,-90.0,20.0,3.609622
-6.0,-88.0,20.0,3.670101
-6.0,-86.0,20.0,3.9234927
-6.0,-84.0,20.0,3.9509728
-6.0,-82.0,20.0,3.8929908
-6.0,-80.0,20.0,3.6563318
-6.0,-78.0,20.0,3.6283698
-6.0,-76.0,20.0,3.7087772
-6.0,-74.0,20.0,3.6538424
-6.0,-72.0,20.0,3.5153646
-6.0,-70.0,20.0,3.6945395
-6.0,-68.0,20.0,3.9613104
-6.0,-66.0,20.0,3.9297936
-6.0,-64.0,20.0,3.8072295
-6.0,-62.0,20.0,3.6546023
-6.0,-60.0,20.0,3.7227972
-6.0,-58.0,20.0,3.6651194
-6.0,-56.0,20.0,3.4570057
-6.0,-54.0,20.0,3.4746234
-6.0,-52.0,20.0,3.615564
-6.0,-50.0,20.0,3.6836016
-6.0,-48.0,20.0,3.5084631
-6.0,-46.0,20.0,3.4603908
-6.0,-44.0,20.0,3.5530467
-6.0,-42.0,20.0,3.6277409
-6.0,-40.0,20.0,3.8129206
-6.0,-38.0,20.0,3.8526325
-6.0,-36.0,20.0,3.579017
-6.0,-34.0,20.0,3.440869
-6.0,-32.0,20.0,3.5123734
-6.0,-30.0,20.0,3.8085954
-6.0,-28.0,20.0,4.0113826
-6.0,-26.0,20.0,4.082841
-6.0,-24.0,20.0,4.131879
-6.0,-22.0,20.0,4.1786485
-6.0,-20.0,20.0,3.8243794
-6.0,-18.0,20.0,3.5606377
-6.0,-16.0,20.0,3.4770043
-6.0,-14.0,20.0,3.644034
-6.0,-12.0,20.0,3.7768207
-6.0,-10.0,20.0,3.910079
-6.0,-8.0,20.0,3.9897578
-6.0,-6.0,20.0,3.916452
-6.0,-4.0,20.0,3.7142122
-6.0,-2.0,20.0,3.620327
-6.0,0.0,20.0,3.8261678
-6.0,2.0,20.0,3.9918692
-6.0,4.0,20.0,4.1322513
-6.0,6.0,20.0,4.1988854
-6.0,8.0,20.0,4.092374
-6.0,10.0,20.0,3.7083704
-6.0,12.0,20.0,3.501606
-6.0,14.0,20.0,3.5087497
-6.0,16.0,20.0,3.4925227
-6.0,18.0,20.0,3.6317945
-6.0,20.0,20.0,3.6288915
-6.0,22.0,20.0,3.6643636
-6.0,24.0,20.0,3.5611696
-6.0,26.0,20.0,3.338552
-6.0,28.0,20.0,3.3866024
-6.0,30.0,20.0,3.498816
-6.0,32.0,20.0,3.3992918
-6.0,34.0,20.0,3.2773986
-6.0,36.0,20.0,3.2221766
-6.0,38.0,20.0,3.3174474
-6.0,40.0,20.0,3.372801
-6.0,42.0,20.0,3.1628082
-6.0,44.0,20.0,3.0938656
-6.0,46.0,20.0,3.0322437
-6.0,48.0,20.0,3.0287378
-6.0,50.0,20.0,3.2532282
-6.0,52.0,20.0,3.2637959
-6.0,54.0,20.0,3.0374947
-6.0,56.0,20.0,3.0063813
-6.0,58.0,20.0,2.9938369
-6.0,60.0,20.0,3.163275
-6.0,62.0,20.0,3.1854734
-6.0,64.0,20.0,3.0869522
-6.0,66.0,20.0,3.2387872
-6.0,68.0,20.0,3.3506222
-6.0,70.0,20.0,3.1194303
-6.0,72.0,20.0,2.9839447
-6.0,74.0,20.0,3.0091362
-6.0,76.0,20.0,3.0808074
-6.0,78.0,20.0,3.017813
-6.0,80.0,20.0,3.0804112
-6.0,82.0,20.0,3.372353
-6.0,84.0,20.0,3.3998141
-6.0,86.0,20.0,3.032069
-6.0,88.0,20.0,2.922887
-6.0,90.0,20.0,3.0100224
-6.0,92.0,20.0,3.0104804
-6.0,94.0,20.0,3.0686176
-6.0,96.0,20.0,3.3751643
-6.0,98.0,20.0,3.3759077
-6.0,100.0,20.0,2.9794488
-6.0,102.0,20.0,2.8856852
-6.0,104.0,20.0,2.9823813
-6.0,106.0,20.0,2.992225
-6.0,108.0,20.0,3.0079997
-6.0,110.0,20.0,2.9663672
-6.0,112.0,20.0,3.1046906
-6.0,114.0,20.0,3.154947
-6.0,116.0,20.0,3.0604734
-6.0,118.0,20.0,2.9551275
-6.0,120.0,20.0,2.957431
-6.0,122.0,20.0,3.0013084
-6.0,124.0,20.0,3.0597317
-6.0,126.0,20.0,2.9302864
-6.0,128.0,20.0,2.9318147
-6.0,130.0,20.0,2.9989135
-6.0,132.0,20.0,2.9304764
-6.0,134.0,20.0,2.9308422
-6.0,136.0,20.0,2.8975763
-6.0,138.0,20.0,2.9889116
-6.0,140.0,20.0,3.0509317
-6.0,142.0,20.0,3.0320241
-6.0,144.0,20.0,3.0886204
-6.0,146.0,20.0,3.1260788
-6.0,148.0,20.0,3.0344095
-6.0,150.0,20.0,3.0431142
-6.0,152.0,20.0,2.9243724
-6.0,154.0,20.0,2.7982357
-6.0,156.0,20.0,2.90736
-6.0,158.0,20.0,3.0305521
-6.0,160.0,20.0,3.0722988
-6.0,162.0,20.0,3.1259737
-6.0,164.0,20.0,3.092822
-6.0,166.0,20.0,2.9954674
-6.0,168.0,20.0,2.9388576
-6.0,170.0,20.0,3.0986466
-6.0,172.0,20.0,3.4900975
-6.0,174.0,20.0,3.5796156
-6.0,176.0,20.0,3.5220735
-6.0,178.0,20.0,3.4290695
-6.0,180.0,20.0,3.125401
-4.0,-180.0,20.0,2.8299408
-4.0,-178.0,20.0,2.7675688
-4.0,-176.0,20.0,2.8255975
-4.0,-174.0,20.0,2.9909232
-4.0,-172.0,20.0,3.0334582
-4.0,-170.0,20.0,2.8344102
-4.0,-168.0,20.0,2.7400174
-4.0,-166.0,20.0,2.72452
-4.0,-164.0,20.0,2.6551397
-4.0,-162.0,20.0,2.6011236
-4.0,-160.0,20.0,2.87038
-4.0,-158.0,20.0,3.1755202
-4.0,-156.0,20.0,3.2521384
-4.0,-154.0,20.0,3.1092033
-4.0,-152.0,20.0,3.0484524
-4.0,-150.0,20.0,2.937025
-4.0,-148.0,20.0,2.7240083
-4.0,-146.0,20.0,2.567617
-4.0,-144.0,20.0,2.6290293
-4.0,-142.0,20.0,2.860913
-4.0,-140.0,20.0,2.9731734
-4.0,-138.0,20.0,2.942001
-4.0,-136.0,20.0,2.8721616
-4.0,-134.0,20.0,2.8466117
-4.0,-132.0,20.0,2.9989471
-4.0,-130.0,20.0,3.091364
-4.0,-128.0,20.0,2.9897811
-4.0,-126.0,20.0,2.820565
-4.0,-124.0,20.0,2.736201
-4.0,-122.0,20.0,2.846842
-4.0,-120.0,20.0,3.0738468
-4.0,-118.0,20.0,3.1883543
-4.0,-116.0,20.0,3.2033877
-4.0,-114.0,20.0,3.2194462
-4.0,-112.0,20.0,3.306484
-4.0,-110.0,20.0,3.2388458
-4.0,-108.0,20.0,3.0233417
-4.0,-106.0,20.0,3.0539083
-4.0,-104.0,20.0,3.2059076
-4.0,-102.0,20.0,3.2244093
-4.0,-100.0,20.0,3.3500402
-4.0,-98.0,20.0,3.6242218
-4.0,-96.0,20.0,3.738407
-4.0,-94.0,20.0,3.5117621
-4.0,-92.0,20.0,3.3456383
-4.0,-90.0,20.0,3.3501492
-4.0,-88.0,20.0,3.4232965
-4.0,-86.0,20.0,3.5901418
-4.0,-84.0,20.0,3.7530515
-4.0,-82.0,20.0,3.6574857
-4.0,-80.0,20.0,3.447223
-4.0,-78.0,20.0,3.3713775
-4.0,-76.0,20.0,3.4123287
-4.0,-74.0,20.0,3.3873775
-4.0,-72.0,20.0,3.3146791
-4.0,-70.0,20.0,3.516967
-4.0,-68.0,20.0,3.8147762
-4.0,-66.0,20.0,3.8395646
-4.0,-64.0,20.0,3.579039
-4.0,-62.0,20.0,3.4389205
-4.0,-60.0,20.0,3.4292412
-4.0,-58.0,20.0,3.367386
-4.0,-56.0,20.0,3.201507
-4.0,-54.0,20.0,3.2140849
-4.0,-52.0,20.0,3.4172323
-4.0,-50.0,20.0,3.432823
-4.0,-48.0,20.0,3.24354
-4.0,-46.0,20.0,3.0948658
-4.0,-44.0,20.0,3.2377317
-4.0,-42.0,20.0,3.2708197
-4.0,-40.0,20.0,3.3582513
-4.0,-38.0,20.0,3.3834808
-4.0,-36.0,20.0,3.1779575
-4.0,-34.0,20.0,3.0816407
-4.0,-32.0,20.0,3.197761
-4.0,-30.0,20.0,3.4004798
-4.0,-28.0,20.0,3.5364745
-4.0,-26.0,20.0,3.611497
-4.0,-24.0,20.0,3.7139137
-4.0,-22.0,20.0,3.546431
-4.0,-20.0,20.0,3.345225
-4.0,-18.0,20.0,3.0941951
-4.0,-16.0,20.0,3.0167224
-4.0,-14.0,20.0,3.178303
-4.0,-12.0,20.0,3.3472776
-4.0,-10.0,20.0,3.4156072
-4.0,-8.0,20.0,3.486062
-4.0,-6.0,20.0,3.5309973
-4.0,-4.0,20.0,3.404687
-4.0,-2.0,20.0,3.2650492
-4.0,0.0,20.0,3.3374891
-4.0,2.0,20.0,3.5258908
-4.0,4.0,20.0,3.6217377
-4.0,6.0,20.0,3.6265583
-4.0,8.0,20.0,3.5781364
-4.0,10.0,20.0,3.2579765
-4.0,12.0,20.0,3.0807939
-4.0,14.0,20.0,3.0337117
-4.0,16.0,20.0,3.0820744
-4.0,18.0,20.0,3.1846666
-4.0,20.0,20.0,3.214195
-4.0,22.0,20.0,3.2890582
-4.0,24.0,20.0,3.242243
-4.0,26.0,20.0,3.0492294
-4.0,28.0,20.0,3.0196187
-4.0,30.0,20.0,3.0432544
-4.0,32.0,20.0,2.9927058
-4.0,34.0,20.0,2.9617937
-4.0,36.0,20.0,2.881307
-4.0,38.0,20.0,2.9148154
-4.0,40.0,20.0,2.9528966
-4.0,42.0,20.0,2.847426
-4.0,44.0,20.0,2.7879214
-4.0,46.0,20.0,2.728113
-4.0,48.0,20.0,2.7003345
-4.0,50.0,20.0,2.8516016
-4.0,52.0,20.0,2.887802
-4.0,54.0,20.0,2.7166486
-4.0,56.0,20.0,2.6202443
-4.0,58.0,20.0,2.6950047
-4.0,60.0,20.0,2.7585533
-4.0,62.0,20.0,2.7173107
-4.0,64.0,20.0,2.721504
-4.0,66.0,20.0,2.8805912
-4.0,68.0,20.0,2.9044385
-4.0,70.0,20.0,2.6918137
-4.0,72.0,20.0,2.6444256
-4.0,74.0,20.0,2.6703563
-4.0,76.0,20.0,2.710804
-4.0,78.0,20.0,2.6445808
-4.0,80.0,20.0,2.6833735
-4.0,82.0,20.0,2.9587867
-4.0,84.0,20.0,2.9749103
-4.0,86.0,20.0,2.692064
-4.0,88.0,20.0,2.6247218
-4.0,90.0,20.0,2.6386259
-4.0,92.0,20.0,2.5601268
-4.0,94.0,20.0,2.649636
-4.0,96.0,20.0,2.9031708
-4.0,98.0,20.0,2.8870704
-4.0,100.0,20.0,2.649855
-4.0,102.0,20.0,2.6744204
-4.0,104.0,20.0,2.720723
-4.0,106.0,20.0,2.6748853
-4.0,108.0,20.0,2.6905174
-4.0,110.0,20.0,2.6515465
-4.0,112.0,20.0,2.7991679
-4.0,114.0,20.0,2.7861383
-4.0,116.0,20.0,2.7687554
-4.0,118.0,20.0,2.7563224
-4.0,120.0,20.0,2.6825707
-4.0,122.0,20.0,2.7219934
-4.0,124.0,20.0,2.793581
-4.0,126.0,20.0,2.6989775
-4.0,128.0,20.0,2.7527392
-4.0,130.0,20.0,2.7287202
-4.0,132.0,20.0,2.6347024
-4.0,134.0,20.0,2.6266787
-4.0,136.0,20.0,2.6606429
-4.0,138.0,20.0,2.7105496
-4.0,140.0,20.0,2.7955186
-4.0,142.0,20.0,2.704701
-4.0,144.0,20.0,2.7858431
-4.0,146.0,20.0,2.816284
-4.0,148.0,20.0,2.783443
-4.0,150.0,20.0,2.8087132
-4.0,152.0,20.0,2.6864278
-4.0,154.0,20.0,2.661121
-4.0,156.0,20.0,2.809214
-4.0,158.0,20.0,2.857625
-4.0,160.0,20.0,2.8360534
-4.0,162.0,20.0,2.8447108
-4.0,164.0,20.0,2.8506453
-4.0,166.0,20.0,2.7723823
-4.0,168.0,20.0,2.6921587
-4.0,170.0,20.0,2.812289
-4.0,172.0,20.0,3.1009848
-4.0,174.0,20.0,3.1195505
-4.0,176.0,20.0,3.0519743
-4.0,178.0,20.0,2.9650424
-4.0,180.0,20.0,2.8299408
-2.0,-180.0,20.0,2.889053
-2.0,-178.0,20.0,2.799973
-2.0,-176.0,20.0,2.8550074
-2.0,-174.0,20.0,3.0629213
-2.0,-172.0,20.0,3.086033
-2.0,-170.0,20.0,2.8831081
-2.0,-168.0,20.0,2.8137045
-2.0,-166.0,20.0,2.8142118
-2.0,-164.0,20.0,2.677427
-2.0,-162.0,20.0,2.605667
-2.0,-160.0,20.0,2.9006171
-2.0,-158.0,20.0,3.1452427
-2.0,-156.0,20.0,3.1665235
-2.0,-154.0,20.0,3.0775192
-2.0,-152.0,20.0,3.071004
-2.0,-150.0,20.0,2.962686
-2.0,-148.0,20.0,2.7400978
-2.0,-146.0,20.0,2.603235
-2.0,-144.0,20.0,2.7029626
-2.0,-142.0,20.0,2.959236
-2.0,-140.0,20.0,3.0139515
-2.0,-138.0,20.0,2.8962865
-2.0,-136.0,20.0,2.8769085
-2.0,-134.0,20.0,2.897619
-2.0,-132.0,20.0,3.0232399
-2.0,-130.0,20.0,3.075373
-2.0,-128.0,20.0,2.9599812
-2.0,-126.0,20.0,2.8110578
-2.0,-124.0,20.0,2.757829
-2.0,-122.0,20.0,2.8645208
-2.0,-120.0,20.0,3.1088955
-2.0,-118.0,20.0,3.2751067
-2.0,-116.0,20.0,3.325283
-2.0,-114.0,20.0,3.3402936
-2.0,-112.0,20.0,3.3814673
-2.0,-110.0,20.0,3.2384682
-2.0,-108.0,20.0,3.0706089
-2.0,-106.0,20.0,3.1455333
-2.0,-104.0,20.0,3.2085435
-2.0,-102.0,20.0,3.2409925
-2.0,-100.0,20.0,3.385187
-2.0,-98.0,20.0,3.657392
-2.0,-96.0,20.0,3.7441874
-2.0,-94.0,20.0,3.510749
-2.0,-92.0,20.0,3.4107223
-2.0,-90.0,20.0,3.4390197
-2.0,-88.0,20.0,3.4930444
-2.0,-86.0,20.0,3.6559107
-2.0,-84.0,20.0,3.819952
-2.0,-82.0,20.0,3.7565904
-2.0,-80.0,20.0,3.5545387
-2.0,-78.0,20.0,3.4902725
-2.0,-76.0,20.0,3.453657
-2.0,-74.0,20.0,3.4002824
-2.0,-72.0,20.0,3.3491971
-2.0,-70.0,20.0,3.5081272
-2.0,-68.0,20.0,3.8152223
-2.0,-66.0,20.0,3.8037238
-2.0,-64.0,20.0,3.5546057
-2.0,-62.0,20.0,3.4089952
-2.0,-60.0,20.0,3.454267
-2.0,-58.0,20.0,3.4196863
-2.0,-56.0,20.0,3.2756023
-2.0,-54.0,20.0,3.2949443
-2.0,-52.0,20.0,3.4956424
-2.0,-50.0,20.0,3.5324128
-2.0,-48.0,20.0,3.3279324
-2.0,-46.0,20.0,3.2923305
-2.0,-44.0,20.0,3.3833811
-2.0,-42.0,20.0,3.4157937
-2.0,-40.0,20.0,3.478979
-2.0,-38.0,20.0,3.4528615
-2.0,-36.0,20.0,3.332152
-2.0,-34.0,20.0,3.2551687
-2.0,-32.0,20.0,3.2636585
-2.0,-30.0,20.0,3.4014962
-2.0,-28.0,20.0,3.542167
-2.0,-26.0,20.0,3.6260028
-2.0,-24.0,20.0,3.6541612
-2.0,-22.0,20.0,3.5501537
-2.0,-20.0,20.0,3.3279054
-2.0,-18.0,20.0,3.0985544
-2.0,-16.0,20.0,2.9437954
-2.0,-14.0,20.0,3.1250522
-2.0,-12.0,20.0,3.3532994
-2.0,-10.0,20.0,3.4384778
-2.0,-8.0,20.0,3.5102687
-2.0,-6.0,20.0,3.5295606
-2.0,-4.0,20.0,3.3576477
-2.0,-2.0,20.0,3.2016442
-2.0,0.0,20.0,3.3229098
-2.0,2.0,20.0,3.572689
-2.0,4.0,20.0,3.6456552
-2.0,6.0,20.0,3.6266465
-2.0,8.0,20.0,3.5925534
-2.0,10.0,20.0,3.268442
-2.0,12.0,20.0,3.0595407
-2.0,14.0,20.0,3.02542
-2.0,16.0,20.0,3.066785
-2.0,18.0,20.0,3.204984
-2.0,20.0,20.0,3.2235184
-2.0,22.0,20.0,3.2799172
-2.0,24.0,20.0,3.1839423
-2.0,26.0,20.0,3.014238
-2.0,28.0,20.0,2.9901183
-2.0,30.0,20.0,3.0228224
-2.0,32.0,20.0,3.0101147
-2.0,34.0,20.0,2.9630861
-2.0,36.0,20.0,2.9080253
-2.0,38.0,20.0,2.9684894
-2.0,40.0,20.0,2.9523058
-2.0,42.0,20.0,2.8561978
-2.0,44.0,20.0,2.8074193
-2.0,46.0,20.0,2.7439375
-2.0,48.0,20.0,2.7327785
-2.0,50.0,20.0,2.8295953
-2.0,52.0,20.0,2.8523376
-2.0,54.0,20.0,2.6900094
-2.0,56.0,20.0,2.5885072
-2.0,58.0,20.0,2.7185433
-2.0,60.0,20.0,2.726096
-2.0,62.0,20.0,2.674177
-2.0,64.0,20.0,2.665655
-2.0,66.0,20.0,2.7731478
-2.0,68.0,20.0,2.814854
-2.0,70.0,20.0,2.6109023
-2.0,72.0,20.0,2.5985806
-2.0,74.0,20.0,2.6920412
-2.0,76.0,20.0,2.7420242
-2.0,78.0,20.0,2.668826
-2.0,80.0,20.0,2.675241
-2.0,82.0,20.0,2.9701822
-2.0,84.0,20.0,2.9919167
-2.0,86.0,20.0,2.6898668
-2.0,88.0,20.0,2.6677716
-2.0,90.0,20.0,2.6727993
-2.0,92.0,20.0,2.5633218
-2.0,94.0,20.0,2.6127255
-2.0,96.0,20.0,2.8073063
-2.0,98.0,20.0,2.8425972
-2.0,100.0,20.0,2.6455648
-2.0,102.0,20.0,2.674259
-2.0,104.0,20.0,2.7397642
-2.0,106.0,20.0,2.7072246
-2.0,108.0,20.0,2.6632733
-2.0,110.0,20.0,2.6287131
-2.0,112.0,20.0,2.78276
-2.0,114.0,20.0,2.8154893
-2.0,116.0,20.0,2.7647798
-2.0,118.0,20.0,2.8023663
-2.0,120.0,20.0,2.7224455
-2.0,122.0,20.0,2.7137399
-2.0,124.0,20.0,2.7359965
-2.0,126.0,20.0,2.6897957
-2.0,128.0,20.0,2.7774954
-2.0,130.0,20.0,2.7455842
-2.0,132.0,20.0,2.6476898
-2.0,134.0,20.0,2.6521034
-2.0,136.0,20.0,2.6750832
-2.0,138.0,20.0,2.7427454
-2.0,140.0,20.0,2.854532
-2.0,142.0,20.0,2.7614734
-2.0,144.0,20.0,2.7589936
-2.0,146.0,20.0,2.7583318
-2.0,148.0,20.0,2.821094
-2.0,150.0,20.0,2.8195739
-2.0,152.0,20.0,2.6833813
-2.0,154.0,20.0,2.6721308
-2.0,156.0,20.0,2.8507059
-2.0,158.0,20.0,2.8964128
-2.0,160.0,20.0,2.8792572
-2.0,162.0,20.0,2.8975813
-2.0,164.0,20.0,2.9402337
-2.0,166.0,20.0,2.8077128
-2.0,168.0,20.0,2.7028074
-2.0,170.0,20.0,2.857369
-2.0,172.0,20.0,3.1492226
-2.0,174.0,20.0,3.1349704
-2.0,176.0,20.0,3.0414362
-2.0,178.0,20.0,3.025149
-2.0,180.0,20.0,2.889053
0.0,-180.0,20.0,2.9047387
0.0,-178.0,20.0,2.8246615
0.0,-176.0,20.0,2.889115
0.0,-174.0,20.0,3.0620291
0.0,-172.0,20.0,3.0625186
0.0,-170.0,20.0,2.9514945
0.0,-168.0,20.0,2.8870976
0.0,-166.0,20.0,2.8209343
0.0,-164.0,20.0,2.7245207
0.0,-162.0,20.0,2.6964931
0.0,-160.0,20.0,2.9948246
0.0,-158.0,20.0,3.276954
0.0,-156.0,20.0,3.2618296
0.0,-154.0,20.0,3.1925988
0.0,-152.0,20.0,3.1714602
0.0,-150.0,20.0,3.037546
0.0,-148.0,20.0,2.8335052
0.0,-146.0,20.0,2.7002034
0.0,-144.0,20.0,2.7883322
0.0,-142.0,20.0,3.0106578
0.0,-140.0,20.0,3.0984476
0.0,-138.0,20.0,3.1103196
0.0,-136.0,20.0,3.0711925
0.0,-134.0,20.0,2.9946508
0.0,-132.0,20.0,3.0296774
0.0,-130.0,20.0,3.1527698
0.0,-128.0,20.0,3.081639
0.0,-126.0,20.0,2.9571805
0.0,-124.0,20.0,2.8912427
0.0,-122.0,20.0,2.966552
0.0,-120.0,20.0,3.2125003
0.0,-118.0,20.0,3.3192358
0.0,-116.0,20.0,3.2828126
0.0,-114.0,20.0,3.301333
0.0,-112.0,20.0,3.3681662
0.0,-110.0,20.0,3.284867
0.0,-108.0,20.0,3.1652734
0.0,-106.0,20.0,3.245823
0.0,-104.0,20.0,3.3527434
0.0,-102.0,20.0,3.305454
0.0,-100.0,20.0,3.3872435
0.0,-98.0,20.0,3.610308
0.0,-96.0,20.0,3.7100258
0.0,-94.0,20.0,3.5126338
0.0,-92.0,20.0,3.4232926
0.0,-90.0,20.0,3.4583642
0.0,-88.0,20.0,3.6462922
0.0,-86.0,20.0,3.8359275
0.0,-84.0,20.0,3.662422
0.0,-82.0,20.0,3.6068456
0.0,-80.0,20.0,3.51637
0.0,-78.0,20.0,3.4895437
0.0,-76.0,20.0,3.5652738
0.0,-74.0,20.0,3.4972625
0.0,-72.0,20.0,3.4127815
0.0,-70.0,20.0,3.492044
0.0,-68.0,20.0,3.7104867
0.0,-66.0,20.0,3.7745225
0.0,-64.0,20.0,3.5451121
0.0,-62.0,20.0,3.3941329
0.0,-60.0,20.0,3.4361076
0.0,-58.0,20.0,3.3934388
0.0,-56.0,20.0,3.2036932
0.0,-54.0,20.0,3.2061942
0.0,-52.0,20.0,3.3038664
0.0,-50.0,20.0,3.3940046
0.0,-48.0,20.0,3.262343
0.0,-46.0,20.0,3.306774
0.0,-44.0,20.0,3.4162376
0.0,-42.0,20.0,3.3734326
0.0,-40.0,20.0,3.372992
0.0,-38.0,20.0,3.4678698
0.0,-36.0,20.0,3.3828318
0.0,-34.0,20.0,3.1922057
0.0,-32.0,20.0,3.1178792
0.0,-30.0,20.0,3.3548703
0.0,-28.0,20.0,3.4512925
0.0,-26.0,20.0,3.4892755
0.0,-24.0,20.0,3.6343908
0.0,-22.0,20.0,3.6549752
0.0,-20.0,20.0,3.3453574
0.0,-18.0,20.0,3.0458965
0.0,-16.0,20.0,3.0296352
0.0,-14.0,20.0,3.1554382
0.0,-12.0,20.0,3.3075745
0.0,-10.0,20.0,3.3193252
0.0,-8.0,20.0,3.411803
0.0,-6.0,20.0,3.3982322
0.0,-4.0,20.0,3.2596536
0.0,-2.0,20.0,3.147843
0.0,0.0,20.0,3.253285
0.0,2.0,20.0,3.4266279
0.0,4.0,20.0,3.5035293
0.0,6.0,20.0,3.4936128
0.0,8.0,20.0,3.4115517
0.0,10.0,20.0,3.1817355
0.0,12.0,20.0,3.0347311
0.0,14.0,20.0,2.974363
0.0,16.0,20.0,3.00653
0.0,18.0,20.0,3.0555532
0.0,20.0,20.0,3.1041508
0.0,22.0,20.0,3.1984375
0.0,24.0,20.0,3.1627362
0.0,26.0,20.0,2.9946654
0.0,28.0,20.0,2.9841127
0.0,30.0,20.0,3.0254622
0.0,32.0,20.0,2.965865
0.0,34.0,20.0,2.782117
0.0,36.0,20.0,2.778914
0.0,38.0,20.0,2.8958254
0.0,40.0,20.0,2.9349172
0.0,42.0,20.0,2.8055644
0.0,44.0,20.0,2.7253513
0.0,46.0,20.0,2.6623793
0.0,48.0,20.0,2.6434546
0.0,50.0,20.0,2.8423462
0.0,52.0,20.0,2.8830638
0.0,54.0,20.0,2.6894028
0.0,56.0,20.0,2.5935035
0.0,58.0,20.0,2.672247
0.0,60.0,20.0,2.7569842
0.0,62.0,20.0,2.7102773
0.0,64.0,20.0,2.6569839
0.0,66.0,20.0,2.7877653
0.0,68.0,20.0,2.8637638
0.0,70.0,20.0,2.7073169
0.0,72.0,20.0,2.6306942
0.0,74.0,20.0,2.6743827
0.0,76.0,20.0,2.7307816
0.0,78.0,20.0,2.6889634
0.0,80.0,20.0,2.6572275
0.0,82.0,20.0,2.8609045
0.0,84.0,20.0,2.8965878
0.0,86.0,20.0,2.6675
0.0,88.0,20.0,2.594159
0.0,90.0,20.0,2.6330273
0.0,92.0,20.0,2.6224372
0.0,94.0,20.0,2.6077492
0.0,96.0,20.0,2.838831
0.0,98.0,20.0,2.8579764
0.0,100.0,20.0,2.6220708
0.0,102.0,20.0,2.6202316
0.0,104.0,20.0,2.738186
0.0,106.0,20.0,2.7871432
0.0,108.0,20.0,2.7101426
0.0,110.0,20.0,2.6370144
0.0,112.0,20.0,2.740329
0.0,114.0,20.0,2.7626116
0.0,116.0,20.0,2.735221
0.0,118.0,20.0,2.6925983
0.0,120.0,20.0,2.6736765
0.0,122.0,20.0,2.7219284
0.0,124.0,20.0,2.82392
0.0,126.0,20.0,2.6892884
0.0,128.0,20.0,2.702246
0.0,130.0,20.0,2.7116363
0.0,132.0,20.0,2.633902
0.0,134.0,20.0,2.5996757
0.0,136.0,20.0,2.596163
0.0,138.0,20.0,2.7406583
0.0,140.0,20.0,2.763196
0.0,142.0,20.0,2.783165
0.0,144.0,20.0,2.811483
0.0,146.0,20.0,2.876849
0.0,148.0,20.0,2.8209763
0.0,150.0,20.0,2.7983444
0.0,152.0,20.0,2.7158515
0.0,154.0,20.0,2.6050684
0.0,156.0,20.0,2.7410383
0.0,158.0,20.0,2.806024
0.0,160.0,20.0,2.8358727
0.0,162.0,20.0,2.914099
0.0,164.0,20.0,2.8634095
0.0,166.0,20.0,2.7574108
0.0,168.0,20.0,2.6637917
0.0,170.0,20.0,2.876273
0.0,172.0,20.0,3.2614222
0.0,174.0,20.0,3.2861674
0.0,176.0,20.0,3.1458225
0.0,178.0,20.0,3.1042547
0.0,180.0,20.0,2.9047387
2.0,-180.0,20.0,2.852946
2.0,-178.0,20.0,2.8035736
2.0,-176.0,20.0,2.8718832
2.0,-174.0,20.0,3.028287
2.0,-172.0,20.0,3.0284781
2.0,-170.0,20.0,2.9567363
2.0,-168.0,20.0,2.9104831
2.0,-166.0,20.0,2.8243027
2.0,-164.0,20.0,2.7601213
2.0,-162.0,20.0,2.7522986
2.0,-160.0,20.0,2.9738371
2.0,-158.0,20.0,3.2856424
2.0,-156.0,20.0,3.2512727
2.0,-154.0,20.0,3.1404386
2.0,-152.0,20.0,3.1598053
2.0,-150.0,20.0,3.0152345
2.0,-148.0,20.0,2.8389597
2.0,-146.0,20.0,2.801068
2.0,-144.0,20.0,2.8284588
2.0,-142.0,20.0,3.0349963
2.0,-140.0,20.0,3.170626
2.0,-138.0,20.0,3.2670097
2.0,-136.0,20.0,3.2269375
2.0,-134.0,20.0,3.1128972
2.0,-132.0,20.0,3.163342
2.0,-130.0,20.0,3.3251724
2.0,-128.0,20.0,3.282608
2.0,-126.0,20.0,3.2079477
2.0,-124.0,20.0,3.1045055
2.0,-122.0,20.0,3.114918
2.0,-120.0,20.0,3.3477135
2.0,-118.0,20.0,3.3971233
2.0,-116.0,20.0,3.332772
2.0,-114.0,20.0,3.2788281
2.0,-112.0,20.0,3.44225
2.0,-110.0,20.0,3.490452
2.0,-108.0,20.0,3.337495
2.0,-106.0,20.0,3.4491916
2.0,-104.0,20.0,3.5734816
2.0,-102.0,20.0,3.566016
2.0,-100.0,20.0,3.4498334
2.0,-98.0,20.0,3.7175863
2.0,-96.0,20.0,3.929362
2.0,-94.0,20.0,3.6872032
2.0,-92.0,20.0,3.5158823
2.0,-90.0,20.0,3.534814
2.0,-88.0,20.0,3.6127207
2.0,-86.0,20.0,3.7485435
2.0,-84.0,20.0,3.687244
2.0,-82.0,20.0,3.6166906
2.0,-80.0,20.0,3.561089
2.0,-78.0,20.0,3.4313052
2.0,-76.0,20.0,3.5262525
2.0,-74.0,20.0,3.6088836
2.0,-72.0,20.0,3.49263
2.0,-70.0,20.0,3.5396483
2.0,-68.0,20.0,3.7986894
2.0,-66.0,20.0,3.9437711
2.0,-64.0,20.0,3.62618
2.0,-62.0,20.0,3.5018477
2.0,-60.0,20.0,3.4601805
2.0,-58.0,20.0,3.3981752
2.0,-56.0,20.0,3.2493296
2.0,-54.0,20.0,3.2299926
2.0,-52.0,20.0,3.376859
2.0,-50.0,20.0,3.4465475
2.0,-48.0,20.0,3.4073322
2.0,-46.0,20.0,3.3344796
2.0,-44.0,20.0,3.344096
2.0,-42.0,20.0,3.3197691
2.0,-40.0,20.0,3.4614804
2.0,-38.0,20.0,3.5457208
2.0,-36.0,20.0,3.3906245
2.0,-34.0,20.0,3.2118268
2.0,-32.0,20.0,3.1468096
2.0,-30.0,20.0,3.394522
2.0,-28.0,20.0,3.4690318
2.0,-26.0,20.0,3.6308377
2.0,-24.0,20.0,3.765516
2.0,-22.0,20.0,3.6263547
2.0,-20.0,20.0,3.4039721
2.0,-18.0,20.0,3.1606271
2.0,-16.0,20.0,3.0795014
2.0,-14.0,20.0,3.1979387
2.0,-12.0,20.0,3.3345265
2.0,-10.0,20.0,3.3799984
2.0,-8.0,20.0,3.4178233
2.0,-6.0,20.0,3.4470007
2.0,-4.0,20.0,3.3465252
2.0,-2.0,20.0,3.196423
2.0,0.0,20.0,3.2760627
2.0,2.0,20.0,3.3324382
2.0,4.0,20.0,3.275981
2.0,6.0,20.0,3.333089
2.0,8.0,20.0,3.3067498
2.0,10.0,20.0,3.1986263
2.0,12.0,20.0,3.0106635
2.0,14.0,20.0,2.983184
2.0,16.0,20.0,3.006244
2.0,18.0,20.0,3.077131
2.0,20.0,20.0,3.1070375
2.0,22.0,20.0,3.2150161
2.0,24.0,20.0,3.2509308
2.0,26.0,20.0,3.1229396
2.0,28.0,20.0,3.0546737
2.0,30.0,20.0,3.034866
2.0,32.0,20.0,2.9351943
2.0,34.0,20.0,2.7625031
2.0,36.0,20.0,2.738079
2.0,38.0,20.0,2.885844
2.0,40.0,20.0,2.9414456
2.0,42.0,20.0,2.819211
2.0,44.0,20.0,2.6922574
2.0,46.0,20.0,2.6321263
2.0,48.0,20.0,2.6337335
2.0,50.0,20.0,2.891287
2.0,52.0,20.0,2.8779445
2.0,54.0,20.0,2.7183223
2.0,56.0,20.0,2.6975083
2.0,58.0,20.0,2.7822366
2.0,60.0,20.0,2.8826702
2.0,62.0,20.0,2.770217
2.0,64.0,20.0,2.7147484
2.0,66.0,20.0,2.9342935
2.0,68.0,20.0,3.0134723
2.0,70.0,20.0,2.833988
2.0,72.0,20.0,2.7938745
2.0,74.0,20.0,2.835803
2.0,76.0,20.0,2.8716912
2.0,78.0,20.0,2.7312696
2.0,80.0,20.0,2.7998867
2.0,82.0,20.0,2.9865773
2.0,84.0,20.0,2.9416437
2.0,86.0,20.0,2.7419236
2.0,88.0,20.0,2.6929195
2.0,90.0,20.0,2.761005
2.0,92.0,20.0,2.6922069
2.0,94.0,20.0,2.6900105
2.0,96.0,20.0,2.9595497
2.0,98.0,20.0,2.9683993
2.0,100.0,20.0,2.753038
2.0,102.0,20.0,2.7290397
2.0,104.0,20.0,2.8756366
2.0,106.0,20.0,2.85331
2.0,108.0,20.0,2.7754116
2.0,110.0,20.0,2.8007555
2.0,112.0,20.0,2.8605187
2.0,114.0,20.0,2.825595
2.0,116.0,20.0,2.7582824
2.0,118.0,20.0,2.7499123
2.0,120.0,20.0,2.8606184
2.0,122.0,20.0,2.778972
2.0,124.0,20.0,2.8080485
2.0,126.0,20.0,2.820716
2.0,128.0,20.0,2.9369771
2.0,130.0,20.0,2.9058723
2.0,132.0,20.0,2.6569664
2.0,134.0,20.0,2.5237873
2.0,136.0,20.0,2.5241644
2.0,138.0,20.0,2.7160833
2.0,140.0,20.0,2.842766
2.0,142.0,20.0,2.80692
2.0,144.0,20.0,2.8123913
2.0,146.0,20.0,2.8518846
2.0,148.0,20.0,2.825679
2.0,150.0,20.0,2.886544
2.0,152.0,20.0,2.7538955
2.0,154.0,20.0,2.6043508
2.0,156.0,20.0,2.7213767
2.0,158.0,20.0,2.790496
2.0,160.0,20.0,2.8034956
2.0,162.0,20.0,2.8282878
2.0,164.0,20.0,2.7830098
2.0,166.0,20.0,2.723734
2.0,168.0,20.0,2.627458
2.0,170.0,20.0,2.8669927
2.0,172.0,20.0,3.214234
2.0,174.0,20.0,3.1902618
2.0,176.0,20.0,3.098565
2.0,178.0,20.0,3.0193174
2.0,180.0,20.0,2.852946
4.0,-180.0,20.0,2.838132
4.0,-178.0,20.0,2.7147083
4.0,-176.0,20.0,2.7736504
4.0,-174.0,20.0,2.9663157
4.0,-172.0,20.0,2.9871256
4.0,-170.0,20.0,2.847622
4.0,-168.0,20.0,2.8714368
4.0,-166.0,20.0,2.7720933
4.0,-164.0,20.0,2.5995078
4.0,-162.0,20.0,2.6204085
4.0,-160.0,20.0,2.9136984
4.0,-158.0,20.0,3.1288168
4.0,-156.0,20.0,3.1403992
4.0,-154.0,20.0,3.0652854
4.0,-152.0,20.0,3.0641878
4.0,-150.0,20.0,2.9636974
4.0,-148.0,20.0,2.7383785
4.0,-146.0,20.0,2.6527677
4.0,-144.0,20.0,2.782131
4.0,-142.0,20.0,2.9359071
4.0,-140.0,20.0,2.982385
4.0,-138.0,20.0,3.0636272
4.0,-136.0,20.0,3.0652397
4.0,-134.0,20.0,2.9141934
4.0,-132.0,20.0,2.9830427
4.0,-130.0,20.0,3.1049368
4.0,-128.0,20.0,3.115755
4.0,-126.0,20.0,3.0894096
4.0,-124.0,20.0,3.0221567
4.0,-122.0,20.0,3.0075333
4.0,-120.0,20.0,3.2012198
4.0,-118.0,20.0,3.2376525
4.0,-116.0,20.0,3.2455602
4.0,-114.0,20.0,3.2237463
4.0,-112.0,20.0,3.3565357
4.0,-110.0,20.0,3.3610873
4.0,-108.0,20.0,3.1763217
4.0,-106.0,20.0,3.249918
4.0,-104.0,20.0,3.4080608
4.0,-102.0,20.0,3.3763704
4.0,-100.0,20.0,3.4330018
4.0,-98.0,20.0,3.7236683
4.0,-96.0,20.0,3.8910964
4.0,-94.0,20.0,3.6880977
4.0,-92.0,20.0,3.4619994
4.0,-90.0,20.0,3.486268
4.0,-88.0,20.0,3.548855
4.0,-86.0,20.0,3.7051296
4.0,-84.0,20.0,3.62291
4.0,-82.0,20.0,3.627862
4.0,-80.0,20.0,3.5176363
4.0,-78.0,20.0,3.4255435
4.0,-76.0,20.0,3.4327161
4.0,-74.0,20.0,3.4166274
4.0,-72.0,20.0,3.4136689
4.0,-70.0,20.0,3.5393212
4.0,-68.0,20.0,3.74487
4.0,-66.0,20.0,3.848106
4.0,-64.0,20.0,3.5880907
4.0,-62.0,20.0,3.4241285
4.0,-60.0,20.0,3.3798327
4.0,-58.0,20.0,3.3716586
4.0,-56.0,20.0,3.2321215
4.0,-54.0,20.0,3.1712568
4.0,-52.0,20.0,3.2333786
4.0,-50.0,20.0,3.2983723
4.0,-48.0,20.0,3.2722712
4.0,-46.0,20.0,3.2308133
4.0,-44.0,20.0,3.2031436
4.0,-42.0,20.0,3.1350417
4.0,-40.0,20.0,3.2346754
4.0,-38.0,20.0,3.3385334
4.0,-36.0,20.0,3.2630446
4.0,-34.0,20.0,3.1256447
4.0,-32.0,20.0,3.0643234
4.0,-30.0,20.0,3.2601166
4.0,-28.0,20.0,3.3870497
4.0,-26.0,20.0,3.6059432
4.0,-24.0,20.0,3.6082509
4.0,-22.0,20.0,3.415656
4.0,-20.0,20.0,3.2260802
4.0,-18.0,20.0,2.995761
4.0,-16.0,20.0,2.9005296
4.0,-14.0,20.0,2.9968257
4.0,-12.0,20.0,3.1322703
4.0,-10.0,20.0,3.1627545
4.0,-8.0,20.0,3.2138743
4.0,-6.0,20.0,3.2753196
4.0,-4.0,20.0,3.181475
4.0,-2.0,20.0,3.0290325
4.0,0.0,20.0,3.0901153
4.0,2.0,20.0,3.2140677
4.0,4.0,20.0,3.1540365
4.0,6.0,20.0,3.0977325
4.0,8.0,20.0,3.1713135
4.0,10.0,20.0,3.0058093
4.0,12.0,20.0,2.8057425
4.0,14.0,20.0,2.7487156
4.0,16.0,20.0,2.8133683
4.0,18.0,20.0,2.9064996
4.0,20.0,20.0,2.9248362
4.0,22.0,20.0,3.0098083
4.0,24.0,20.0,3.019676
4.0,26.0,20.0,2.8980515
4.0,28.0,20.0,2.8685875
4.0,30.0,20.0,2.883597
4.0,32.0,20.0,2.834936
4.0,34.0,20.0,2.7459981
4.0,36.0,20.0,2.6751342
4.0,38.0,20.0,2.7324433
4.0,40.0,20.0,2.7717814
4.0,42.0,20.0,2.65557
4.0,44.0,20.0,2.4640114
4.0,46.0,20.0,2.4425805
4.0,48.0,20.0,2.5103016
4.0,50.0,20.0,2.7227232
4.0,52.0,20.0,2.722009
4.0,54.0,20.0,2.5094526
4.0,56.0,20.0,2.424415
4.0,58.0,20.0,2.5253613
4.0,60.0,20.0,2.6493444
4.0,62.0,20.0,2.5987625
4.0,64.0,20.0,2.56759
4.0,66.0,20.0,2.7474303
4.0,68.0,20.0,2.8336391
4.0,70.0,20.0,2.6639638
4.0,72.0,20.0,2.5382428
4.0,74.0,20.0,2.5781698
4.0,76.0,20.0,2.6058948
4.0,78.0,20.0,2.4970524
4.0,80.0,20.0,2.5999212
4.0,82.0,20.0,2.8140466
4.0,84.0,20.0,2.7986596
4.0,86.0,20.0,2.567585
4.0,88.0,20.0,2.5322323
4.0,90.0,20.0,2.5362284
4.0,92.0,20.0,2.4547071
4.0,94.0,20.0,2.4835598
4.0,96.0,20.0,2.743534
4.0,98.0,20.0,2.7885528
4.0,100.0,20.0,2.532182
4.0,102.0,20.0,2.504832
4.0,104.0,20.0,2.5703447
4.0,106.0,20.0,2.4985955
4.0,108.0,20.0,2.4070518
4.0,110.0,20.0,2.5562654
4.0,112.0,20.0,2.716319
4.0,114.0,20.0,2.7402482
4.0,116.0,20.0,2.6344347
4.0,118.0,20.0,2.642582
4.0,120.0,20.0,2.6234396
4.0,122.0,20.0,2.534445
4.0,124.0,20.0,2.5058331
4.0,126.0,20.0,2.599969
4.0,128.0,20.0,2.7392156
4.0,130.0,20.0,2.6910563
4.0,132.0,20.0,2.4475684
4.0,134.0,20.0,2.3264065
4.0,136.0,20.0,2.343369
4.0,138.0,20.0,2.5673912
4.0,140.0,20.0,2.6903183
4.0,142.0,20.0,2.5880787
4.0,144.0,20.0,2.5827625
4.0,146.0,20.0,2.650299
4.0,148.0,20.0,2.7207766
4.0,150.0,20.0,2.7159667
4.0,152.0,20.0,2.5548866
4.0,154.0,20.0,2.546394
4.0,156.0,20.0,2.7234535
4.0,158.0,20.0,2.7678192
4.0,160.0,20.0,2.7484663
4.0,162.0,20.0,2.771889
4.0,164.0,20.0,2.74214
4.0,166.0,20.0,2.624081
4.0,168.0,20.0,2.581135
4.0,170.0,20.0,2.8083355
4.0,172.0,20.0,3.100557
4.0,174.0,20.0,3.1029506
4.0,176.0,20.0,3.0565763
4.0,178.0,20.0,2.9699218
4.0,180.0,20.0,2.838132
6.0,-180.0,20.0,3.0662534
6.0,-178.0,20.0,2.966585
6.0,-176.0,20.0,3.0652747
6.0,-174.0,20.0,3.2698898
6.0,-172.0,20.0,3.2584035
6.0,-170.0,20.0,3.1631868
6.0,-168.0,20.0,3.1283824
6.0,-166.0,20.0,2.9877186
6.0,-164.0,20.0,2.8167188
6.0,-162.0,20.0,2.8653767
6.0,-160.0,20.0,3.2006848
6.0,-158.0,20.0,3.490672
6.0,-156.0,20.0,3.5840123
6.0,-154.0,20.0,3.5026643
6.0,-152.0,20.0,3.4343944
6.0,-150.0,20.0,3.2505286
6.0,-148.0,20.0,3.0041282
6.0,-146.0,20.0,2.900458
6.0,-144.0,20.0,3.0392036
6.0,-142.0,20.0,3.2221591
6.0,-140.0,20.0,3.3645766
6.0,-138.0,20.0,3.412689
6.0,-136.0,20.0,3.462501
6.0,-134.0,20.0,3.3588488
6.0,-132.0,20.0,3.3768752
6.0,-130.0,20.0,3.4372578
6.0,-128.0,20.0,3.4066603
6.0,-126.0,20.0,3.2959652
6.0,-124.0,20.0,3.1944985
6.0,-122.0,20.0,3.2154856
6.0,-120.0,20.0,3.5432625
6.0,-118.0,20.0,3.6617532
6.0,-116.0,20.0,3.6800363
6.0,-114.0,20.0,3.6414878
6.0,-112.0,20.0,3.6898756
6.0,-110.0,20.0,3.5442898
6.0,-108.0,20.0,3.4026022
6.0,-106.0,20.0,3.5583446
6.0,-104.0,20.0,3.6543753
6.0,-102.0,20.0,3.6314836
6.0,-100.0,20.0,3.7303693
6.0,-98.0,20.0,3.9637601
6.0,-96.0,20.0,4.0826616
6.0,-94.0,20.0,3.8689554
6.0,-92.0,20.0,3.8137443
6.0,-90.0,20.0,3.9185514
6.0,-88.0,20.0,3.9604
6.0,-86.0,20.0,4.059213
6.0,-84.0,20.0,4.0641885
6.0,-82.0,20.0,4.0367155
6.0,-80.0,20.0,3.8193924
6.0,-78.0,20.0,3.8309321
6.0,-76.0,20.0,3.9502456
6.0,-74.0,20.0,3.734436
6.0,-72.0,20.0,3.6480217
6.0,-70.0,20.0,3.7281723
6.0,-68.0,20.0,3.9560194
6.0,-66.0,20.0,3.992534
6.0,-64.0,20.0,3.7853465
6.0,-62.0,20.0,3.592512
6.0,-60.0,20.0,3.6526701
6.0,-58.0,20.0,3.6466956
6.0,-56.0,20.0,3.4157958
6.0,-54.0,20.0,3.30287
6.0,-52.0,20.0,3.4532015
6.0,-50.0,20.0,3.5424364
6.0,-48.0,20.0,3.455727
6.0,-46.0,20.0,3.40148
6.0,-44.0,20.0,3.4081032
6.0,-42.0,20.0,3.3369076
6.0,-40.0,20.0,3.4670439
6.0,-38.0,20.0,3.490328
6.0,-36.0,20.0,3.3398461
6.0,-34.0,20.0,3.1518464
6.0,-32.0,20.0,3.108007
6.0,-30.0,20.0,3.3698628
6.0,-28.0,20.0,3.5555978
6.0,-26.0,20.0,3.693705
6.0,-24.0,20.0,3.725942
6.0,-22.0,20.0,3.5759158
6.0,-20.0,20.0,3.359543
6.0,-18.0,20.0,3.1092756
6.0,-16.0,20.0,3.0007827
6.0,-14.0,20.0,3.121241
6.0,-12.0,20.0,3.277815
6.0,-10.0,20.0,3.3328974
6.0,-8.0,20.0,3.3805122
6.0,-6.0,20.0,3.4260058
6.0,-4.0,20.0,3.2706468
6.0,-2.0,20.0,3.0867984
6.0,0.0,20.0,3.2219133
6.0,2.0,20.0,3.4199016
6.0,4.0,20.0,3.4660418
6.0,6.0,20.0,3.4475765
6.0,8.0,20.0,3.4679677
6.0,10.0,20.0,3.180954
6.0,12.0,20.0,2.9438486
6.0,14.0,20.0,2.914277
6.0,16.0,20.0,2.9432387
6.0,18.0,20.0,3.067158
6.0,20.0,20.0,3.1532953
6.0,22.0,20.0,3.2040756
6.0,24.0,20.0,3.13458
6.0,26.0,20.0,2.936091
6.0,28.0,20.0,2.9353826
6.0,30.0,20.0,3.071027
6.0,32.0,20.0,3.0090706
6.0,34.0,20.0,2.8316312
6.0,36.0,20.0,2.8228564
6.0,38.0,20.0,2.9198163
6.0,40.0,20.0,3.0067449
6.0,42.0,20.0,2.8871448
6.0,44.0,20.0,2.6497514
6.0,46.0,20.0,2.5229793
6.0,48.0,20.0,2.6137536
6.0,50.0,20.0,2.9157276
6.0,52.0,20.0,2.993575
6.0,54.0,20.0,2.7634027
6.0,56.0,20.0,2.5955958
6.0,58.0,20.0,2.6585183
6.0,60.0,20.0,2.846145
6.0,62.0,20.0,2.8491218
6.0,64.0,20.0,2.7623992
6.0,66.0,20.0,2.8823576
6.0,68.0,20.0,2.966503
6.0,70.0,20.0,2.7573462
6.0,72.0,20.0,2.5420008
6.0,74.0,20.0,2.5970876
6.0,76.0,20.0,2.6752005
6.0,78.0,20.0,2.6109452
6.0,80.0,20.0,2.705843
6.0,82.0,20.0,3.0336204
6.0,84.0,20.0,3.12192
6.0,86.0,20.0,2.7272182
6.0,88.0,20.0,2.6377568
6.0,90.0,20.0,2.702902
6.0,92.0,20.0,2.6259913
6.0,94.0,20.0,2.6901066
6.0,96.0,20.0,2.980989
6.0,98.0,20.0,3.0476396
6.0,100.0,20.0,2.686781
6.0,102.0,20.0,2.5313938
6.0,104.0,20.0,2.6341035
6.0,106.0,20.0,2.5947444
6.0,108.0,20.0,2.5077343
6.0,110.0,20.0,2.7018757
6.0,112.0,20.0,2.9800463
6.0,114.0,20.0,2.984376
6.0,116.0,20.0,2.8152134
6.0,118.0,20.0,2.7848597
6.0,120.0,20.0,2.763414
6.0,122.0,20.0,2.686069
6.0,124.0,20.0,2.6559062
6.0,126.0,20.0,2.6811826
6.0,128.0,20.0,2.7685688
6.0,130.0,20.0,2.7455156
6.0,132.0,20.0,2.477346
6.0,134.0,20.0,2.3534563
6.0,136.0,20.0,2.4020047
6.0,138.0,20.0,2.6420634
6.0,140.0,20.0,2.8253176
6.0,142.0,20.0,2.7961185
6.0,144.0,20.0,2.847746
6.0,146.0,20.0,2.939799
6.0,148.0,20.0,2.9473314
6.0,150.0,20.0,2.8737803
6.0,152.0,20.0,2.662502
6.0,154.0,20.0,2.6830752
6.0,156.0,20.0,2.9007201
6.0,158.0,20.0,2.972487
6.0,160.0,20.0,3.0124617
6.0,162.0,20.0,3.050289
6.0,164.0,20.0,2.898323
6.0,166.0,20.0,2.7625375
6.0,168.0,20.0,2.7342489
6.0,170.0,20.0,3.0089526
6.0,172.0,20.0,3.3531709
6.0,174.0,20.0,3.382991
6.0,176.0,20.0,3.3677487
6.0,178.0,20.0,3.2726855
6.0,180.0,20.0,3.0662534
8.0,-180.0,20.0,3.2276325
8.0,-178.0,20.0,3.1399658
8.0,-176.0,20.0,3.2647426
8.0,-174.0,20.0,3.4384277
8.0,-172.0,20.0,3.4575884
8.0,-170.0,20.0,3.369758
8.0,-168.0,20.0,3.2852116
8.0,-166.0,20.0,3.0879688
8.0,-164.0,20.0,2.9536848
8.0,-162.0,20.0,3.0200672
8.0,-160.0,20.0,3.3924115
8.0,-158.0,20.0,3.7795208
8.0,-156.0,20.0,3.8335266
8.0,-154.0,20.0,3.813168
8.0,-152.0,20.0,3.67064
8.0,-150.0,20.0,3.4416945
8.0,-148.0,20.0,3.1605766
8.0,-146.0,20.0,3.0829933
8.0,-144.0,20.0,3.2269657
8.0,-142.0,20.0,3.42318
8.0,-140.0,20.0,3.6278186
8.0,-138.0,20.0,3.6694186
8.0,-136.0,20.0,3.5765142
8.0,-134.0,20.0,3.517722
8.0,-132.0,20.0,3.5324044
8.0,-130.0,20.0,3.6444097
8.0,-128.0,20.0,3.6209972
8.0,-126.0,20.0,3.5038028
8.0,-124.0,20.0,3.2817683
8.0,-122.0,20.0,3.3361535
8.0,-120.0,20.0,3.7978835
8.0,-118.0,20.0,3.9227986
8.0,-116.0,20.0,3.8263001
8.0,-114.0,20.0,3.8173327
8.0,-112.0,20.0,3.8740003
8.0,-110.0,20.0,3.7451606
8.0,-108.0,20.0,3.5669508
8.0,-106.0,20.0,3.7568724
8.0,-104.0,20.0,3.9581184
8.0,-102.0,20.0,3.917248
8.0,-100.0,20.0,4.0096836
8.0,-98.0,20.0,4.282612
8.0,-96.0,20.0,4.388495
8.0,-94.0,20.0,4.0864425
8.0,-92.0,20.0,4.0970573
8.0,-90.0,20.0,4.197689
8.0,-88.0,20.0,4.2559233
8.0,-86.0,20.0,4.35514
8.0,-84.0,20.0,4.322748
8.0,-82.0,20.0,4.3385386
8.0,-80.0,20.0,4.1496973
8.0,-78.0,20.0,4.1161375
8.0,-76.0,20.0,4.1667833
8.0,-74.0,20.0,4.069577
8.0,-72.0,20.0,3.8894417
8.0,-70.0,20.0,3.863494
8.0,-68.0,20.0,4.123627
8.0,-66.0,20.0,4.167823
8.0,-64.0,20.0,3.8811686
8.0,-62.0,20.0,3.677932
8.0,-60.0,20.0,3.7653842
8.0,-58.0,20.0,3.7051177
8.0,-56.0,20.0,3.4057062
8.0,-54.0,20.0,3.3444266
8.0,-52.0,20.0,3.5296485
8.0,-50.0,20.0,3.6039002
8.0,-48.0,20.0,3.4634373
8.0,-46.0,20.0,3.4175227
8.0,-44.0,20.0,3.4122245
8.0,-42.0,20.0,3.3552637
8.0,-40.0,20.0,3.487441
8.0,-38.0,20.0,3.4750626
8.0,-36.0,20.0,3.3565023
8.0,-34.0,20.0,3.2033284
8.0,-32.0,20.0,3.2548063
8.0,-30.0,20.0,3.4314332
8.0,-28.0,20.0,3.6095893
8.0,-26.0,20.0,3.7749217
8.0,-24.0,20.0,3.8460343
8.0,-22.0,20.0,3.671776
8.0,-20.0,20.0,3.4144666
8.0,-18.0,20.0,3.1749375
8.0,-16.0,20.0,3.0538704
8.0,-14.0,20.0,3.096512
8.0,-12.0,20.0,3.3143299
8.0,-10.0,20.0,3.3721206
8.0,-8.0,20.0,3.3979023
8.0,-6.0,20.0,3.4407115
8.0,-4.0,20.0,3.3067603
8.0,-2.0,20.0,3.0990212
8.0,0.0,20.0,3.1842265
8.0,2.0,20.0,3.3934348
8.0,4.0,20.0,3.471981
8.0,6.0,20.0,3.4922311
8.0,8.0,20.0,3.446868
8.0,10.0,20.0,3.152943
8.0,12.0,20.0,2.9064722
8.0,14.0,20.0,2.9078794
8.0,16.0,20.0,2.8966875
8.0,18.0,20.0,3.0934029
8.0,20.0,20.0,3.185424
8.0,22.0,20.0,3.2504456
8.0,24.0,20.0,3.2279336
8.0,26.0,20.0,3.0062551
8.0,28.0,20.0,3.0037198
8.0,30.0,20.0,3.096585
8.0,32.0,20.0,2.9726613
8.0,34.0,20.0,2.8546562
8.0,36.0,20.0,2.839847
8.0,38.0,20.0,3.0356107
8.0,40.0,20.0,3.0586262
8.0,42.0,20.0,2.8300555
8.0,44.0,20.0,2.5642424
8.0,46.0,20.0,2.4612935
8.0,48.0,20.0,2.6076689
8.0,50.0,20.0,2.9230313
8.0,52.0,20.0,2.9861355
8.0,54.0,20.0,2.76138
8.0,56.0,20.0,2.622882
8.0,58.0,20.0,2.722699
8.0,60.0,20.0,2.9034107
8.0,62.0,20.0,2.87471
8.0,64.0,20.0,2.866463
8.0,66.0,20.0,2.9975476
8.0,68.0,20.0,3.0630188
8.0,70.0,20.0,2.8412251
8.0,72.0,20.0,2.5434191
8.0,74.0,20.0,2.6042848
8.0,76.0,20.0,2.7120264
8.0,78.0,20.0,2.6030772
8.0,80.0,20.0,2.7577126
8.0,82.0,20.0,3.1569417
8.0,84.0,20.0,3.1435251
8.0,86.0,20.0,2.7169328
8.0,88.0,20.0,2.6491475
8.0,90.0,20.0,2.7375147
8.0,92.0,20.0,2.62096
8.0,94.0,20.0,2.7111676
8.0,96.0,20.0,3.095774
8.0,98.0,20.0,3.1082537
8.0,100.0,20.0,2.6764503
8.0,102.0,20.0,2.5385704
8.0,104.0,20.0,2.670798
8.0,106.0,20.0,2.5565677
8.0,108.0,20.0,2.4991083
8.0,110.0,20.0,2.7424324
8.0,112.0,20.0,2.980504
8.0,114.0,20.0,3.0445857
8.0,116.0,20.0,2.9264631
8.0,118.0,20.0,2.8707006
8.0,120.0,20.0,2.8401964
8.0,122.0,20.0,2.6704855
8.0,124.0,20.0,2.6544168
8.0,126.0,20.0,2.7188
8.0,128.0,20.0,2.8418539
8.0,130.0,20.0,2.8394642
8.0,132.0,20.0,2.5216246
8.0,134.0,20.0,2.3828146
8.0,136.0,20.0,2.412061
8.0,138.0,20.0,2.6847136
8.0,140.0,20.0,2.8733187
8.0,142.0,20.0,2.8352063
8.0,144.0,20.0,2.8655362
8.0,146.0,20.0,2.9696705
8.0,148.0,20.0,2.9688606
8.0,150.0,20.0,2.9125195
8.0,152.0,20.0,2.7596493
8.0,154.0,20.0,2.6815646
8.0,156.0,20.0,2.8817463
8.0,158.0,20.0,3.0215895
8.0,160.0,20.0,3.0675664
8.0,162.0,20.0,3.1345336
8.0,164.0,20.0,3.005386
8.0,166.0,20.0,2.8986728
8.0,168.0,20.0,2.8823025
8.0,170.0,20.0,3.2135065
8.0,172.0,20.0,3.5684853
8.0,174.0,20.0,3.5787845
8.0,176.0,20.0,3.6122935
8.0,178.0,20.0,3.4718382
8.0,180.0,20.0,3.2276325
10.0,-180.0,20.0,2.9872806
10.0,-178.0,20.0,2.8809562
10.0,-176.0,20.0,2.9798698
10.0,-174.0,20.0,3.1952386
10.0,-172.0,20.0,3.1783946
10.0,-170.0,20.0,3.0470243
10.0,-168.0,20.0,3.0127988
10.0,-166.0,20.0,2.8650877
10.0,-164.0,20.0,2.6596792
10.0,-162.0,20.0,2.7187972
10.0,-160.0,20.0,3.1057115
10.0,-158.0,20.0,3.3478236
10.0,-156.0,20.0,3.4279068
10.0,-154.0,20.0,3.4895413
10.0,-152.0,20.0,3.3884075
10.0,-150.0,20.0,3.1603765
10.0,-148.0,20.0,2.9332983
10.0,-146.0,20.0,2.81566
10.0,-144.0,20.0,2.9472542
10.0,-142.0,20.0,3.1094186
10.0,-140.0,20.0,3.2331643
10.0,-138.0,20.0,3.2664006
10.0,-136.0,20.0,3.1553159
10.0,-134.0,20.0,3.049548
10.0,-132.0,20.0,3.0941043
10.0,-130.0,20.0,3.32746
10.0,-128.0,20.0,3.3461044
10.0,-126.0,20.0,3.31834
10.0,-124.0,20.0,3.1388116
10.0,-122.0,20.0,3.081642
10.0,-120.0,20.0,3.4372413
10.0,-118.0,20.0,3.6529706
10.0,-116.0,20.0,3.6020687
10.0,-114.0,20.0,3.6094465
10.0,-112.0,20.0,3.7107186
10.0,-110.0,20.0,3.6192362
10.0,-108.0,20.0,3.3919826
10.0,-106.0,20.0,3.4752626
10.0,-104.0,20.0,3.7132726
10.0,-102.0,20.0,3.7293715
10.0,-100.0,20.0,3.8199034
10.0,-98.0,20.0,4.1008654
10.0,-96.0,20.0,4.2472887
10.0,-94.0,20.0,4.0451503
10.0,-92.0,20.0,3.8810863
10.0,-90.0,20.0,3.9728684
10.0,-88.0,20.0,4.0362043
10.0,-86.0,20.0,4.155891
10.0,-84.0,20.0,4.147197
10.0,-82.0,20.0,4.127304
10.0,-80.0,20.0,3.9561858
10.0,-78.0,20.0,3.839355
10.0,-76.0,20.0,3.8095837
10.0,-74.0,20.0,3.7947702
10.0,-72.0,20.0,3.7375953
10.0,-70.0,20.0,3.7402754
10.0,-68.0,20.0,4.008019
10.0,-66.0,20.0,4.0224295
10.0,-64.0,20.0,3.7673848
10.0,-62.0,20.0,3.5910144
10.0,-60.0,20.0,3.552557
10.0,-58.0,20.0,3.5324204
10.0,-56.0,20.0,3.3234441
10.0,-54.0,20.0,3.2020814
10.0,-52.0,20.0,3.3974931
10.0,-50.0,20.0,3.4092848
10.0,-48.0,20.0,3.233736
10.0,-46.0,20.0,3.164478
10.0,-44.0,20.0,3.120087
10.0,-42.0,20.0,3.2061036
10.0,-40.0,20.0,3.2894585
10.0,-38.0,20.0,3.2818348
10.0,-36.0,20.0,3.0935237
10.0,-34.0,20.0,2.9741395
10.0,-32.0,20.0,2.9912357
10.0,-30.0,20.0,3.211626
10.0,-28.0,20.0,3.3444242
10.0,-26.0,20.0,3.4116924
10.0,-24.0,20.0,3.4712121
10.0,-22.0,20.0,3.3422148
10.0,-20.0,20.0,3.1423683
10.0,-18.0,20.0,2.9309094
10.0,-16.0,20.0,2.900937
10.0,-14.0,20.0,2.9818826
10.0,-12.0,20.0,3.0838954
10.0,-10.0,20.0,3.0922787
10.0,-8.0,20.0,3.1651232
10.0,-6.0,20.0,3.2279963
10.0,-4.0,20.0,3.0941727
10.0,-2.0,20.0,2.9202142
10.0,0.0,20.0,3.0328016
10.0,2.0,20.0,3.1876903
10.0,4.0,20.0,3.2366443
10.0,6.0,20.0,3.15333
10.0,8.0,20.0,3.202887
10.0,10.0,20.0,2.968735
10.0,12.0,20.0,2.7577665
10.0,14.0,20.0,2.7328525
10.0,16.0,20.0,2.799802
10.0,18.0,20.0,2.8383598
10.0,20.0,20.0,2.902983
10.0,22.0,20.0,2.9689095
10.0,24.0,20.0,2.9689913
10.0,26.0,20.0,2.852376
10.0,28.0,20.0,2.8090737
10.0,30.0,20.0,2.8628337
10.0,32.0,20.0,2.7561672
10.0,34.0,20.0,2.6695015
10.0,36.0,20.0,2.6075323
10.0,38.0,20.0,2.7216218
10.0,40.0,20.0,2.7935987
10.0,42.0,20.0,2.6494768
10.0,44.0,20.0,2.376133
10.0,46.0,20.0,2.3062625
10.0,48.0,20.0,2.4312782
10.0,50.0,20.0,2.7345848
10.0,52.0,20.0,2.844152
10.0,54.0,20.0,2.6508565
10.0,56.0,20.0,2.4433367
10.0,58.0,20.0,2.5464942
10.0,60.0,20.0,2.6618204
10.0,62.0,20.0,2.628604
10.0,64.0,20.0,2.5937958
10.0,66.0,20.0,2.72952
10.0,68.0,20.0,2.7802024
10.0,70.0,20.0,2.6181114
10.0,72.0,20.0,2.4235306
10.0,74.0,20.0,2.5063505
10.0,76.0,20.0,2.5855818
10.0,78.0,20.0,2.493996
10.0,80.0,20.0,2.5720513
10.0,82.0,20.0,2.9012449
10.0,84.0,20.0,2.9534492
10.0,86.0,20.0,2.6255503
10.0,88.0,20.0,2.5054598
10.0,90.0,20.0,2.5422916
10.0,92.0,20.0,2.411887
10.0,94.0,20.0,2.4842482
10.0,96.0,20.0,2.7533484
10.0,98.0,20.0,2.8023489
10.0,100.0,20.0,2.5525403
10.0,102.0,20.0,2.4843695
10.0,104.0,20.0,2.5881853
10.0,106.0,20.0,2.4524853
10.0,108.0,20.0,2.3572166
10.0,110.0,20.0,2.568422
10.0,112.0,20.0,2.8701923
10.0,114.0,20.0,2.9151342
10.0,116.0,20.0,2.7504241
10.0,118.0,20.0,2.660889
10.0,120.0,20.0,2.615508
10.0,122.0,20.0,2.497536
10.0,124.0,20.0,2.4795005
10.0,126.0,20.0,2.5723329
10.0,128.0,20.0,2.7049732
10.0,130.0,20.0,2.668949
10.0,132.0,20.0,2.3954833
10.0,134.0,20.0,2.2783885
10.0,136.0,20.0,2.4045093
10.0,138.0,20.0,2.6320276
10.0,140.0,20.0,2.7221768
10.0,142.0,20.0,2.6568139
10.0,144.0,20.0,2.6433284
10.0,146.0,20.0,2.7155294
10.0,148.0,20.0,2.7938604
10.0,150.0,20.0,2.7843146
10.0,152.0,20.0,2.673713
10.0,154.0,20.0,2.7184496
10.0,156.0,20.0,2.8926272
10.0,158.0,20.0,2.8817286
10.0,160.0,20.0,2.8585382
10.0,162.0,20.0,2.9042664
10.0,164.0,20.0,2.8092198
10.0,166.0,20.0,2.7171364
10.0,168.0,20.0,2.6942778
10.0,170.0,20.0,2.9183285
10.0,172.0,20.0,3.2353642
10.0,174.0,20.0,3.2985187
10.0,176.0,20.0,3.2283554
10.0,178.0,20.0,3.1279628
10.0,180.0,20.0,2.9872806
12.0,-180.0,20.0,3.0461311
12.0,-178.0,20.0,2.928431
12.0,-176.0,20.0,3.016236
12.0,-174.0,20.0,3.3058832
12.0,-172.0,20.0,3.2890048
12.0,-170.0,20.0,3.142916
12.0,-168.0,20.0,3.0593624
12.0,-166.0,20.0,2.9511526
12.0,-164.0,20.0,2.7429051
12.0,-162.0,20.0,2.8278065
12.0,-160.0,20.0,3.2227461
12.0,-158.0,20.0,3.4366279
12.0,-156.0,20.0,3.5238886
12.0,-154.0,20.0,3.5780969
12.0,-152.0,20.0,3.435522
12.0,-150.0,20.0,3.2999222
12.0,-148.0,20.0,3.0548666
12.0,-146.0,20.0,2.9642308
12.0,-144.0,20.0,3.0774608
12.0,-142.0,20.0,3.2613118
12.0,-140.0,20.0,3.3658054
12.0,-138.0,20.0,3.3450675
12.0,-136.0,20.0,3.2966678
12.0,-134.0,20.0,3.2601821
12.0,-132.0,20.0,3.328577
12.0,-130.0,20.0,3.4955175
12.0,-128.0,20.0,3.426326
12.0,-126.0,20.0,3.3467584
12.0,-124.0,20.0,3.2302992
12.0,-122.0,20.0,3.1957154
12.0,-120.0,20.0,3.504193
12.0,-118.0,20.0,3.76212
12.0,-116.0,20.0,3.7186885
12.0,-114.0,20.0,3.7280474
12.0,-112.0,20.0,3.9129994
12.0,-110.0,20.0,3.7716973
12.0,-108.0,20.0,3.550188
12.0,-106.0,20.0,3.700741
12.0,-104.0,20.0,3.8312657
12.0,-102.0,20.0,3.937991
12.0,-100.0,20.0,4.1104193
12.0,-98.0,20.0,4.270776
12.0,-96.0,20.0,4.4041157
12.0,-94.0,20.0,4.110938
12.0,-92.0,20.0,4.000441
12.0,-90.0,20.0,4.1854343
12.0,-88.0,20.0,4.3826056
12.0,-86.0,20.0,4.5453267
12.0,-84.0,20.0,4.5724883
12.0,-82.0,20.0,4.5012445
12.0,-80.0,20.0,4.230919
12.0,-78.0,20.0,4.051996
12.0,-76.0,20.0,4.0388713
12.0,-74.0,20.0,4.0189548
12.0,-72.0,20.0,3.9634047
12.0,-70.0,20.0,3.8627164
12.0,-68.0,20.0,4.07422
12.0,-66.0,20.0,4.05843
12.0,-64.0,20.0,3.785516
12.0,-62.0,20.0,3.6152256
12.0,-60.0,20.0,3.6212044
12.0,-58.0,20.0,3.6166592
12.0,-56.0,20.0,3.4892926
12.0,-54.0,20.0,3.4043877
12.0,-52.0,20.0,3.514852
12.0,-50.0,20.0,3.5273194
12.0,-48.0,20.0,3.34607
12.0,-46.0,20.0,3.299393
12.0,-44.0,20.0,3.272446
12.0,-42.0,20.0,3.3229818
12.0,-40.0,20.0,3.4884038
12.0,-38.0,20.0,3.493331
12.0,-36.0,20.0,3.2943478
12.0,-34.0,20.0,3.1619954
12.0,-32.0,20.0,3.2172804
12.0,-30.0,20.0,3.422785
12.0,-28.0,20.0,3.5504556
12.0,-26.0,20.0,3.5734816
12.0,-24.0,20.0,3.606601
12.0,-22.0,20.0,3.4613924
12.0,-20.0,20.0,3.238064
12.0,-18.0,20.0,3.0136132
12.0,-16.0,20.0,2.9328918
12.0,-14.0,20.0,2.9797938
12.0,-12.0,20.0,3.1011436
12.0,-10.0,20.0,3.178816
12.0,-8.0,20.0,3.278066
12.0,-6.0,20.0,3.3796797
12.0,-4.0,20.0,3.25049
12.0,-2.0,20.0,3.0933022
12.0,0.0,20.0,3.2002532
12.0,2.0,20.0,3.2982275
12.0,4.0,20.0,3.3193536
12.0,6.0,20.0,3.2955265
12.0,8.0,20.0,3.2558937
12.0,10.0,20.0,2.9858313
12.0,12.0,20.0,2.7420285
12.0,14.0,20.0,2.7108724
12.0,16.0,20.0,2.8176289
12.0,18.0,20.0,2.849025
12.0,20.0,20.0,2.912702
12.0,22.0,20.0,2.999688
12.0,24.0,20.0,3.0063899
12.0,26.0,20.0,2.885819
12.0,28.0,20.0,2.804971
12.0,30.0,20.0,2.8071074
12.0,32.0,20.0,2.793001
12.0,34.0,20.0,2.6687617
12.0,36.0,20.0,2.6178284
12.0,38.0,20.0,2.6934996
12.0,40.0,20.0,2.7795324
12.0,42.0,20.0,2.6540425
12.0,44.0,20.0,2.3793743
12.0,46.0,20.0,2.3192596
12.0,48.0,20.0,2.461797
12.0,50.0,20.0,2.7399592
12.0,52.0,20.0,2.8387713
12.0,54.0,20.0,2.6889882
12.0,56.0,20.0,2.5407608
12.0,58.0,20.0,2.585733
12.0,60.0,20.0,2.6887925
12.0,62.0,20.0,2.6567457
12.0,64.0,20.0,2.6331196
12.0,66.0,20.0,2.782295
12.0,68.0,20.0,2.8280346
12.0,70.0,20.0,2.6203792
12.0,72.0,20.0,2.402263
12.0,74.0,20.0,2.505615
12.0,76.0,20.0,2.5872145
12.0,78.0,20.0,2.5120513
12.0,80.0,20.0,2.595471
12.0,82.0,20.0,2.9204488
12.0,84.0,20.0,2.9557164
12.0,86.0,20.0,2.7138982
12.0,88.0,20.0,2.5736685
12.0,90.0,20.0,2.5787163
12.0,92.0,20.0,2.4482238
12.0,94.0,20.0,2.4954636
12.0,96.0,20.0,2.7150984
12.0,98.0,20.0,2.7758698
12.0,100.0,20.0,2.5479345
12.0,102.0,20.0,2.4786313
12.0,104.0,20.0,2.5670848
12.0,106.0,20.0,2.4308608
12.0,108.0,20.0,2.3921785
12.0,110.0,20.0,2.6051197
12.0,112.0,20.0,2.8761456
12.0,114.0,20.0,2.9465966
12.0,116.0,20.0,2.8806956
12.0,118.0,20.0,2.7584372
12.0,120.0,20.0,2.64051
12.0,122.0,20.0,2.5436416
12.0,124.0,20.0,2.514447
12.0,126.0,20.0,2.590338
12.0,128.0,20.0,2.69711
12.0,130.0,20.0,2.684422
12.0,132.0,20.0,2.439506
12.0,134.0,20.0,2.3275154
12.0,136.0,20.0,2.4780138
12.0,138.0,20.0,2.661303
12.0,140.0,20.0,2.7442684
12.0,142.0,20.0,2.6602278
12.0,144.0,20.0,2.611311
12.0,146.0,20.0,2.6949897
12.0,148.0,20.0,2.8483338
12.0,150.0,20.0,2.888942
12.0,152.0,20.0,2.776182
12.0,154.0,20.0,2.823957
12.0,156.0,20.0,3.0582697
12.0,158.0,20.0,3.0757062
12.0,160.0,20.0,2.9316728
12.0,162.0,20.0,2.926932
12.0,164.0,20.0,2.9523256
12.0,166.0,20.0,2.8333445
12.0,168.0,20.0,2.7733207
12.0,170.0,20.0,2.933036
12.0,172.0,20.0,3.2369893
12.0,174.0,20.0,3.2797287
12.0,176.0,20.0,3.2004855
12.0,178.0,20.0,3.1152344
12.0,180.0,20.0,3.0461311
14.0,-180.0,20.0,3.0831208
14.0,-178.0,20.0,2.994377
14.0,-176.0,20.0,3.1076624
14.0,-174.0,20.0,3.2971957
14.0,-172.0,20.0,3.3297868
14.0,-170.0,20.0,3.1977665
14.0,-168.0,20.0,3.097064
14.0,-166.0,20.0,2.966514
14.0,-164.0,20.0,2.8509502
14.0,-162.0,20.0,2.9172945
14.0,-160.0,20.0,3.2379541
14.0,-158.0,20.0,3.5179656
14.0,-156.0,20.0,3.621611
14.0,-154.0,20.0,3.6836126
14.0,-152.0,20.0,3.5009754
14.0,-150.0,20.0,3.3034043
14.0,-148.0,20.0,3.1158586
14.0,-146.0,20.0,3.157839
14.0,-144.0,20.0,3.1527991
14.0,-142.0,20.0,3.1819825
14.0,-140.0,20.0,3.2900681
14.0,-138.0,20.0,3.2882512
14.0,-136.0,20.0,3.238462
14.0,-134.0,20.0,3.1882794
14.0,-132.0,20.0,3.1875753
14.0,-130.0,20.0,3.3919337
14.0,-128.0,20.0,3.460023
14.0,-126.0,20.0,3.4268975
14.0,-124.0,20.0,3.298698
14.0,-122.0,20.0,3.2480526
14.0,-120.0,20.0,3.5826838
14.0,-118.0,20.0,3.796263
14.0,-116.0,20.0,3.860385
14.0,-114.0,20.0,3.910016
14.0,-112.0,20.0,3.9320354
14.0,-110.0,20.0,3.859686
14.0,-108.0,20.0,3.8133047
14.0,-106.0,20.0,3.9369695
14.0,-104.0,20.0,4.0765023
14.0,-102.0,20.0,4.2615223
14.0,-100.0,20.0,4.375591
14.0,-98.0,20.0,4.3322616
14.0,-96.0,20.0,4.3714833
14.0,-94.0,20.0,4.432073
14.0,-92.0,20.0,4.4926744
14.0,-90.0,20.0,4.766064
14.0,-88.0,20.0,4.9944863
14.0,-86.0,20.0,5.094846
14.0,-84.0,20.0,5.0631657
14.0,-82.0,20.0,4.802841
14.0,-80.0,20.0,4.6632967
14.0,-78.0,20.0,4.4980497
14.0,-76.0,20.0,4.5057144
14.0,-74.0,20.0,4.4882517
14.0,-72.0,20.0,4.3172216
14.0,-70.0,20.0,4.0603757
14.0,-68.0,20.0,4.043111
14.0,-66.0,20.0,3.9941587
14.0,-64.0,20.0,3.7618487
14.0,-62.0,20.0,3.658063
14.0,-60.0,20.0,3.7150393
14.0,-58.0,20.0,3.6819284
14.0,-56.0,20.0,3.7253973
14.0,-54.0,20.0,3.6682334
14.0,-52.0,20.0,3.5253882
14.0,-50.0,20.0,3.484495
14.0,-48.0,20.0,3.322192
14.0,-46.0,20.0,3.196072
14.0,-44.0,20.0,3.211295
14.0,-42.0,20.0,3.2814577
14.0,-40.0,20.0,3.4372675
14.0,-38.0,20.0,3.4742923
14.0,-36.0,20.0,3.2708793
14.0,-34.0,20.0,3.121465
14.0,-32.0,20.0,3.148905
14.0,-30.0,20.0,3.3386364
14.0,-28.0,20.0,3.5214803
14.0,-26.0,20.0,3.5831995
14.0,-24.0,20.0,3.5746162
14.0,-22.0,20.0,3.4992714
14.0,-20.0,20.0,3.2304828
14.0,-18.0,20.0,2.993084
14.0,-16.0,20.0,2.861555
14.0,-14.0,20.0,2.9301894
14.0,-12.0,20.0,3.0695634
14.0,-10.0,20.0,3.1651473
14.0,-8.0,20.0,3.2315094
14.0,-6.0,20.0,3.3116055
14.0,-4.0,20.0,3.1793368
14.0,-2.0,20.0,2.9990127
14.0,0.0,20.0,3.0975587
14.0,2.0,20.0,3.2420585
14.0,4.0,20.0,3.319724
14.0,6.0,20.0,3.2658613
14.0,8.0,20.0,3.1867383
14.0,10.0,20.0,2.9412405
14.0,12.0,20.0,2.7449973
14.0,14.0,20.0,2.7054577
14.0,16.0,20.0,2.7066987
14.0,18.0,20.0,2.8133888
14.0,20.0,20.0,2.9372678
14.0,22.0,20.0,2.9912605
14.0,24.0,20.0,3.0126433
14.0,26.0,20.0,2.893747
14.0,28.0,20.0,2.823061
14.0,30.0,20.0,2.836607
14.0,32.0,20.0,2.7341843
14.0,34.0,20.0,2.615182
14.0,36.0,20.0,2.6201088
14.0,38.0,20.0,2.7188053
14.0,40.0,20.0,2.7765563
14.0,42.0,20.0,2.6069746
14.0,44.0,20.0,2.3511984
14.0,46.0,20.0,2.254672
14.0,48.0,20.0,2.469042
14.0,50.0,20.0,2.7566128
14.0,52.0,20.0,2.8271043
14.0,54.0,20.0,2.6801753
14.0,56.0,20.0,2.5414183
14.0,58.0,20.0,2.5879657
14.0,60.0,20.0,2.6980298
14.0,62.0,20.0,2.700335
14.0,64.0,20.0,2.6867073
14.0,66.0,20.0,2.8594
14.0,68.0,20.0,2.9417596
14.0,70.0,20.0,2.6718416
14.0,72.0,20.0,2.4921205
14.0,74.0,20.0,2.581777
14.0,76.0,20.0,2.6122835
14.0,78.0,20.0,2.510109
14.0,80.0,20.0,2.622864
14.0,82.0,20.0,3.0012205
14.0,84.0,20.0,3.025635
14.0,86.0,20.0,2.683197
14.0,88.0,20.0,2.594984
14.0,90.0,20.0,2.5946333
14.0,92.0,20.0,2.473356
14.0,94.0,20.0,2.544204
14.0,96.0,20.0,2.8388898
14.0,98.0,20.0,2.8606746
14.0,100.0,20.0,2.5681536
14.0,102.0,20.0,2.5375714
14.0,104.0,20.0,2.640573
14.0,106.0,20.0,2.4962444
14.0,108.0,20.0,2.40907
14.0,110.0,20.0,2.6373913
14.0,112.0,20.0,2.9545233
14.0,114.0,20.0,2.9258182
14.0,116.0,20.0,2.8523414
14.0,118.0,20.0,2.7378023
14.0,120.0,20.0,2.6609616
14.0,122.0,20.0,2.4922106
14.0,124.0,20.0,2.4619515
14.0,126.0,20.0,2.577701
14.0,128.0,20.0,2.7183309
14.0,130.0,20.0,2.6904573
14.0,132.0,20.0,2.4094708
14.0,134.0,20.0,2.3360915
14.0,136.0,20.0,2.4898307
14.0,138.0,20.0,2.6901875
14.0,140.0,20.0,2.7560332
14.0,142.0,20.0,2.6184971
14.0,144.0,20.0,2.6128616
14.0,146.0,20.0,2.705055
14.0,148.0,20.0,2.8036551
14.0,150.0,20.0,2.8830135
14.0,152.0,20.0,2.767551
14.0,154.0,20.0,2.7393668
14.0,156.0,20.0,2.9893892
14.0,158.0,20.0,3.0655193
14.0,160.0,20.0,2.993096
14.0,162.0,20.0,3.0105565
14.0,164.0,20.0,2.9919188
14.0,166.0,20.0,2.875943
14.0,168.0,20.0,2.8450146
14.0,170.0,20.0,2.9977515
14.0,172.0,20.0,3.310809
14.0,174.0,20.0,3.3628871
14.0,176.0,20.0,3.2597764
14.0,178.0,20.0,3.203204
14.0,180.0,20.0,3.0831208
16.0,-180.0,20.0,3.0619707
16.0,-178.0,20.0,3.063349
16.0,-176.0,20.0,3.1236541
16.0,-174.0,20.0,3.219711
16.0,-172.0,20.0,3.2857215
16.0,-170.0,20.0,3.1566496
16.0,-168.0,20.0,3.0594053
16.0,-166.0,20.0,2.948377
16.0,-164.0,20.0,2.9569457
16.0,-162.0,20.0,3.0814068
16.0,-160.0,20.0,3.1647463
16.0,-158.0,20.0,3.4154346
16.0,-156.0,20.0,3.5243647
16.0,-154.0,20.0,3.584596
16.0,-152.0,20.0,3.399034
16.0,-150.0,20.0,3.3260615
16.0,-148.0,20.0,3.2993793
16.0,-146.0,20.0,3.3770776
16.0,-144.0,20.0,3.3609064
16.0,-142.0,20.0,3.3124866
16.0,-140.0,20.0,3.4328885
16.0,-138.0,20.0,3.4948008
16.0,-136.0,20.0,3.4479866
16.0,-134.0,20.0,3.3840055
16.0,-132.0,20.0,3.427528
16.0,-130.0,20.0,3.6209204
16.0,-128.0,20.0,3.7930417
16.0,-126.0,20.0,3.8078065
16.0,-124.0,20.0,3.5718591
16.0,-122.0,20.0,3.5024714
16.0,-120.0,20.0,3.764592
16.0,-118.0,20.0,3.904964
16.0,-116.0,20.0,4.038234
16.0,-114.0,20.0,4.1599474
16.0,-112.0,20.0,4.210821
16.0,-110.0,20.0,4.187717
16.0,-108.0,20.0,4.080643
16.0,-106.0,20.0,4.1826463
16.0,-104.0,20.0,4.437276
16.0,-102.0,20.0,4.5151243
16.0,-100.0,20.0,4.630117
16.0,-98.0,20.0,4.5684342
16.0,-96.0,20.0,4.732451
16.0,-94.0,20.0,4.8738356
16.0,-92.0,20.0,4.927221
16.0,-90.0,20.0,5.106143
16.0,-88.0,20.0,5.429712
16.0,-86.0,20.0,5.568765
16.0,-84.0,20.0,5.2551255
16.0,-82.0,20.0,5.138342
16.0,-80.0,20.0,5.102885
16.0,-78.0,20.0,4.943683
16.0,-76.0,20.0,4.9221296
16.0,-74.0,20.0,4.9422884
16.0,-72.0,20.0,4.84141
16.0,-70.0,20.0,4.5219784
16.0,-68.0,20.0,4.288743
16.0,-66.0,20.0,4.303823
16.0,-64.0,20.0,4.0679245
16.0,-62.0,20.0,3.874258
16.0,-60.0,20.0,3.8990424
16.0,-58.0,20.0,4.0150566
16.0,-56.0,20.0,4.0196285
16.0,-54.0,20.0,3.871414
16.0,-52.0,20.0,3.7502134
16.0,-50.0,20.0,3.5627627
16.0,-48.0,20.0,3.469909
16.0,-46.0,20.0,3.3108819
16.0,-44.0,20.0,3.2098708
16.0,-42.0,20.0,3.2300694
16.0,-40.0,20.0,3.2887025
16.0,-38.0,20.0,3.3071601
16.0,-36.0,20.0,3.1409705
16.0,-34.0,20.0,3.0996737
16.0,-32.0,20.0,2.9523728
16.0,-30.0,20.0,3.1105182
16.0,-28.0,20.0,3.2454348
16.0,-26.0,20.0,3.281958
16.0,-24.0,20.0,3.4086204
16.0,-22.0,20.0,3.3012857
16.0,-20.0,20.0,3.0686846
16.0,-18.0,20.0,2.8833067
16.0,-16.0,20.0,2.7729797
16.0,-14.0,20.0,2.8417401
16.0,-12.0,20.0,3.0128417
16.0,-10.0,20.0,3.0320125
16.0,-8.0,20.0,3.104391
16.0,-6.0,20.0,3.248395
16.0,-4.0,20.0,3.1040437
16.0,-2.0,20.0,2.9221544
16.0,0.0,20.0,2.9783037
16.0,2.0,20.0,3.0887098
16.0,4.0,20.0,3.1184926
16.0,6.0,20.0,3.1853938
16.0,8.0,20.0,3.1778226
16.0,10.0,20.0,2.9495234
16.0,12.0,20.0,2.7567008
16.0,14.0,20.0,2.6775126
16.0,16.0,20.0,2.7004914
16.0,18.0,20.0,2.7581275
16.0,20.0,20.0,2.8830585
16.0,22.0,20.0,3.0328736
16.0,24.0,20.0,3.0651448
16.0,26.0,20.0,2.9400413
16.0,28.0,20.0,2.884417
16.0,30.0,20.0,2.9048212
16.0,32.0,20.0,2.752803
16.0,34.0,20.0,2.6412005
16.0,36.0,20.0,2.6110044
16.0,38.0,20.0,2.7596226
16.0,40.0,20.0,2.8528817
16.0,42.0,20.0,2.601286
16.0,44.0,20.0,2.3203142
16.0,46.0,20.0,2.2274742
16.0,48.0,20.0,2.4464517
16.0,50.0,20.0,2.7143605
16.0,52.0,20.0,2.7891726
16.0,54.0,20.0,2.6362758
16.0,56.0,20.0,2.5410285
16.0,58.0,20.0,2.6016128
16.0,60.0,20.0,2.689228
16.0,62.0,20.0,2.6088455
16.0,64.0,20.0,2.5905132
16.0,66.0,20.0,2.8071897
16.0,68.0,20.0,2.8728971
16.0,70.0,20.0,2.6505876
16.0,72.0,20.0,2.512873
16.0,74.0,20.0,2.6195812
16.0,76.0,20.0,2.5806496
16.0,78.0,20.0,2.4326127
16.0,80.0,20.0,2.5943644
16.0,82.0,20.0,3.0079381
16.0,84.0,20.0,2.9932196
16.0,86.0,20.0,2.666252
16.0,88.0,20.0,2.6013
16.0,90.0,20.0,2.5600784
16.0,92.0,20.0,2.4411535
16.0,94.0,20.0,2.5166419
16.0,96.0,20.0,2.882005
16.0,98.0,20.0,2.8753142
16.0,100.0,20.0,2.6028097
16.0,102.0,20.0,2.5842423
16.0,104.0,20.0,2.715045
16.0,106.0,20.0,2.5206077
16.0,108.0,20.0,2.3712256
16.0,110.0,20.0,2.605691
16.0,112.0,20.0,2.8838055
16.0,114.0,20.0,2.8344707
16.0,116.0,20.0,2.728177
16.0,118.0,20.0,2.702607
16.0,120.0,20.0,2.638923
16.0,122.0,20.0,2.419885
16.0,124.0,20.0,2.394341
16.0,126.0,20.0,2.5286286
16.0,128.0,20.0,2.7557535
16.0,130.0,20.0,2.7206159
16.0,132.0,20.0,2.5280032
16.0,134.0,20.0,2.4286957
16.0,136.0,20.0,2.532297
16.0,138.0,20.0,2.7209196
16.0,140.0,20.0,2.7765121
16.0,142.0,20.0,2.588035
16.0,144.0,20.0,2.5427034
16.0,146.0,20.0,2.6716547
16.0,148.0,20.0,2.732917
16.0,150.0,20.0,2.837314
16.0,152.0,20.0,2.7203565
16.0,154.0,20.0,2.7147167
16.0,156.0,20.0,2.8575833
16.0,158.0,20.0,2.9656343
16.0,160.0,20.0,2.9044342
16.0,162.0,20.0,2.8848863
16.0,164.0,20.0,2.9217274
16.0,166.0,20.0,2.8355849
16.0,168.0,20.0,2.836353
16.0,170.0,20.0,2.99216
16.0,172.0,20.0,3.276597
16.0,174.0,20.0,3.3488698
16.0,176.0,20.0,3.2363617
16.0,178.0,20.0,3.154701
16.0,180.0,20.0,3.0619707
18.0,-180.0,20.0,3.047988
18.0,-178.0,20.0,2.9982388
18.0,-176.0,20.0,3.1192296
18.0,-174.0,20.0,3.2128146
18.0,-172.0,20.0,3.2643259
18.0,-170.0,20.0,3.158271
18.0,-168.0,20.0,3.108144
18.0,-166.0,20.0,2.9846487
18.0,-164.0,20.0,2.894983
18.0,-162.0,20.0,3.0020533
18.0,-160.0,20.0,3.172712
18.0,-158.0,20.0,3.4653528
18.0,-156.0,20.0,3.5424085
18.0,-154.0,20.0,3.5726562
18.0,-152.0,20.0,3.4196382
18.0,-150.0,20.0,3.265279
18.0,-148.0,20.0,3.2604418
18.0,-146.0,20.0,3.3723197
18.0,-144.0,20.0,3.3246698
18.0,-142.0,20.0,3.269745
18.0,-140.0,20.0,3.3927524
18.0,-138.0,20.0,3.4601145
18.0,-136.0,20.0,3.49379
18.0,-134.0,20.0,3.4339354
18.0,-132.0,20.0,3.5016809
18.0,-130.0,20.0,3.6101682
18.0,-128.0,20.0,3.7639117
18.0,-126.0,20.0,3.7619596
18.0,-124.0,20.0,3.6843038
18.0,-122.0,20.0,3.6495311
18.0,-120.0,20.0,3.7246602
18.0,-118.0,20.0,3.9129834
18.0,-116.0,20.0,4.1410527
18.0,-114.0,20.0,4.318757
18.0,-112.0,20.0,4.342125
18.0,-110.0,20.0,4.37618
18.0,-108.0,20.0,4.416744
18.0,-106.0,20.0,4.4400496
18.0,-104.0,20.0,4.6204624
18.0,-102.0,20.0,4.854219
18.0,-100.0,20.0,4.99626
18.0,-98.0,20.0,5.0377655
18.0,-96.0,20.0,5.045388
18.0,-94.0,20.0,5.215257
18.0,-92.0,20.0,5.257701
18.0,-90.0,20.0,5.4252367
18.0,-88.0,20.0,5.8448343
18.0,-86.0,20.0,5.9228754
18.0,-84.0,20.0,5.7560196
18.0,-82.0,20.0,5.5719314
18.0,-80.0,20.0,5.5934534
18.0,-78.0,20.0,5.4537477
18.0,-76.0,20.0,5.3161535
18.0,-74.0,20.0,5.331474
18.0,-72.0,20.0,5.268462
18.0,-70.0,20.0,5.062131
18.0,-68.0,20.0,4.673734
18.0,-66.0,20.0,4.569691
18.0,-64.0,20.0,4.331915
18.0,-62.0,20.0,4.0858445
18.0,-60.0,20.0,4.0678577
18.0,-58.0,20.0,4.1515326
18.0,-56.0,20.0,4.209149
18.0,-54.0,20.0,4.010107
18.0,-52.0,20.0,3.7494302
18.0,-50.0,20.0,3.5873547
18.0,-48.0,20.0,3.4507205
18.0,-46.0,20.0,3.3675356
18.0,-44.0,20.0,3.2935882
18.0,-42.0,20.0,3.3009229
18.0,-40.0,20.0,3.265001
18.0,-38.0,20.0,3.2473047
18.0,-36.0,20.0,3.1593857
18.0,-34.0,20.0,3.158494
18.0,-32.0,20.0,3.0183098
18.0,-30.0,20.0,3.1899571
18.0,-28.0,20.0,3.4280102
18.0,-26.0,20.0,3.4057379
18.0,-24.0,20.0,3.397547
18.0,-22.0,20.0,3.323991
18.0,-20.0,20.0,3.0754716
18.0,-18.0,20.0,2.91119
18.0,-16.0,20.0,2.7365546
18.0,-14.0,20.0,2.8515265
18.0,-12.0,20.0,2.9906588
18.0,-10.0,20.0,3.0289366
18.0,-8.0,20.0,3.0871649
18.0,-6.0,20.0,3.2106793
18.0,-4.0,20.0,3.0837116
18.0,-2.0,20.0,2.9104457
18.0,0.0,20.0,2.9772494
18.0,2.0,20.0,3.0915437
18.0,4.0,20.0,3.1512942
18.0,6.0,20.0,3.1612253
18.0,8.0,20.0,3.1201417
18.0,10.0,20.0,2.8801122
18.0,12.0,20.0,2.6882346
18.0,14.0,20.0,2.6176362
18.0,16.0,20.0,2.6217027
18.0,18.0,20.0,2.7331831
18.0,20.0,20.0,2.826261
18.0,22.0,20.0,2.9407449
18.0,24.0,20.0,3.0043738
18.0,26.0,20.0,2.91717
18.0,28.0,20.0,2.8320143
18.0,30.0,20.0,2.8013458
18.0,32.0,20.0,2.6718245
18.0,34.0,20.0,2.6066978
18.0,36.0,20.0,2.6091404
18.0,38.0,20.0,2.674621
18.0,40.0,20.0,2.7381542
18.0,42.0,20.0,2.493685
18.0,44.0,20.0,2.1475573
18.0,46.0,20.0,2.1055984
18.0,48.0,20.0,2.3178508
18.0,50.0,20.0,2.6521232
18.0,52.0,20.0,2.723773
18.0,54.0,20.0,2.5425794
18.0,56.0,20.0,2.4525888
18.0,58.0,20.0,2.502014
18.0,60.0,20.0,2.5726533
18.0,62.0,20.0,2.5387816
18.0,64.0,20.0,2.5801919
18.0,66.0,20.0,2.8005433
18.0,68.0,20.0,2.8475122
18.0,70.0,20.0,2.566369
18.0,72.0,20.0,2.4077148
18.0,74.0,20.0,2.5089488
18.0,76.0,20.0,2.455645
18.0,78.0,20.0,2.3549068
18.0,80.0,20.0,2.498265
18.0,82.0,20.0,2.8622572
18.0,84.0,20.0,2.8820791
18.0,86.0,20.0,2.579321
18.0,88.0,20.0,2.513224
18.0,90.0,20.0,2.4644113
18.0,92.0,20.0,2.377471
18.0,94.0,20.0,2.4856913
18.0,96.0,20.0,2.856364
18.0,98.0,20.0,2.8210278
18.0,100.0,20.0,2.475279
18.0,102.0,20.0,2.4688952
18.0,104.0,20.0,2.5507047
18.0,106.0,20.0,2.392005
18.0,108.0,20.0,2.294209
18.0,110.0,20.0,2.5314977
18.0,112.0,20.0,2.7984428
18.0,114.0,20.0,2.795443
18.0,116.0,20.0,2.6745296
18.0,118.0,20.0,2.6180158
18.0,120.0,20.0,2.567565
18.0,122.0,20.0,2.360333
18.0,124.0,20.0,2.2934427
18.0,126.0,20.0,2.439488
18.0,128.0,20.0,2.7041626
18.0,130.0,20.0,2.6468105
18.0,132.0,20.0,2.4992788
18.0,134.0,20.0,2.4331417
18.0,136.0,20.0,2.4834046
18.0,138.0,20.0,2.6297743
18.0,140.0,20.0,2.6727624
18.0,142.0,20.0,2.5027483
18.0,144.0,20.0,2.4813604
18.0,146.0,20.0,2.5864005
18.0,148.0,20.0,2.7155967
18.0,150.0,20.0,2.7828033
18.0,152.0,20.0,2.6840866
18.0,154.0,20.0,2.6460412
18.0,156.0,20.0,2.814363
18.0,158.0,20.0,2.8768132
18.0,160.0,20.0,2.804675
18.0,162.0,20.0,2.8239095
18.0,164.0,20.0,2.8578022
18.0,166.0,20.0,2.809972
18.0,168.0,20.0,2.7703862
18.0,170.0,20.0,2.9446146
18.0,172.0,20.0,3.2416904
18.0,174.0,20.0,3.2754097
18.0,176.0,20.0,3.2173078
18.0,178.0,20.0,3.177488
18.0,180.0,20.0,3.047988
20.0,-180.0,20.0,3.2347248
20.0,-178.0,20.0,3.1398563
20.0,-176.0,20.0,3.2592068
20.0,-174.0,20.0,3.3735337
20.0,-172.0,20.0,3.4208443
20.0,-170.0,20.0,3.318829
20.0,-168.0,20.0,3.2626028
20.0,-166.0,20.0,3.1056798
20.0,-164.0,20.0,3.0785015
20.0,-162.0,20.0,3.2554474
20.0,-160.0,20.0,3.3990877
20.0,-158.0,20.0,3.7523537
20.0,-156.0,20.0,3.8302774
20.0,-154.0,20.0,3.9143066
20.0,-152.0,20.0,3.7689588
20.0,-150.0,20.0,3.491933
20.0,-148.0,20.0,3.548602
20.0,-146.0,20.0,3.708708
20.0,-144.0,20.0,3.671012
20.0,-142.0,20.0,3.5858736
20.0,-140.0,20.0,3.6329432
20.0,-138.0,20.0,3.82841
20.0,-136.0,20.0,3.9806597
20.0,-134.0,20.0,4.092762
20.0,-132.0,20.0,3.9218137
20.0,-130.0,20.0,3.7989793
20.0,-128.0,20.0,3.9367847
20.0,-126.0,20.0,4.019694
20.0,-124.0,20.0,4.0405645
20.0,-122.0,20.0,3.977355
20.0,-120.0,20.0,4.0655584
20.0,-118.0,20.0,4.4149866
20.0,-116.0,20.0,4.7423716
20.0,-114.0,20.0,4.938608
20.0,-112.0,20.0,4.7166753
20.0,-110.0,20.0,4.7291923
20.0,-108.0,20.0,4.8632126
20.0,-106.0,20.0,4.8223157
20.0,-104.0,20.0,4.947873
20.0,-102.0,20.0,5.429958
20.0,-100.0,20.0,5.6683435
20.0,-98.0,20.0,5.6638846
20.0,-96.0,20.0,5.6339693
20.0,-94.0,20.0,5.8291497
20.0,-92.0,20.0,5.8336973
20.0,-90.0,20.0,6.080722
20.0,-88.0,20.0,6.649324
20.0,-86.0,20.0,6.8019156
20.0,-84.0,20.0,6.6123786
20.0,-82.0,20.0,6.3186173
20.0,-80.0,20.0,6.394563
20.0,-78.0,20.0,6.0521984
20.0,-76.0,20.0,5.8343587
20.0,-74.0,20.0,5.99548
20.0,-72.0,20.0,5.9563203
20.0,-70.0,20.0,5.569724
20.0,-68.0,20.0,5.0465503
20.0,-66.0,20.0,4.8550506
20.0,-64.0,20.0,4.6433916
20.0,-62.0,20.0,4.335601
20.0,-60.0,20.0,4.3441124
20.0,-58.0,20.0,4.57582
20.0,-56.0,20.0,4.6907
20.0,-54.0,20.0,4.4351687
20.0,-52.0,20.0,3.9668875
20.0,-50.0,20.0,3.7346919
20.0,-48.0,20.0,3.631778
20.0,-46.0,20.0,3.6313944
20.0,-44.0,20.0,3.5301757
20.0,-42.0,20.0,3.4607992
20.0,-40.0,20.0,3.5106215
20.0,-38.0,20.0,3.5329108
20.0,-36.0,20.0,3.4895697
20.0,-34.0,20.0,3.456697
20.0,-32.0,20.0,3.17401
20.0,-30.0,20.0,3.34609
20.0,-28.0,20.0,3.628544
20.0,-26.0,20.0,3.6916668
20.0,-24.0,20.0,3.6515846
20.0,-22.0,20.0,3.5353444
20.0,-20.0,20.0,3.2600672
20.0,-18.0,20.0,3.047359
20.0,-16.0,20.0,2.8436809
20.0,-14.0,20.0,2.8966987
20.0,-12.0,20.0,3.0756748
20.0,-10.0,20.0,3.1823194
20.0,-8.0,20.0,3.2389293
20.0,-6.0,20.0,3.3715625
20.0,-4.0,20.0,3.197821
20.0,-2.0,20.0,3.0374072
20.0,0.0,20.0,3.1161458
20.0,2.0,20.0,3.3018913
20.0,4.0,20.0,3.4180903
20.0,6.0,20.0,3.3909297
20.0,8.0,20.0,3.3258514
20.0,10.0,20.0,3.0663116
20.0,12.0,20.0,2.8257134
20.0,14.0,20.0,2.762966
20.0,16.0,20.0,2.8036146
20.0,18.0,20.0,2.9108853
20.0,20.0,20.0,3.0245333
20.0,22.0,20.0,3.219861
20.0,24.0,20.0,3.2680118
20.0,26.0,20.0,3.0358007
20.0,28.0,20.0,2.9405541
20.0,30.0,20.0,2.9856684
20.0,32.0,20.0,2.8392062
20.0,34.0,20.0,2.8137069
20.0,36.0,20.0,2.747659
20.0,38.0,20.0,2.8653076
20.0,40.0,20.0,2.933135
20.0,42.0,20.0,2.7109807
20.0,44.0,20.0,2.3982165
20.0,46.0,20.0,2.3474786
20.0,48.0,20.0,2.4826963
20.0,50.0,20.0,2.8653405
20.0,52.0,20.0,2.9205031
20.0,54.0,20.0,2.690868
20.0,56.0,20.0,2.6441772
20.0,58.0,20.0,2.687644
20.0,60.0,20.0,2.8155694
20.0,62.0,20.0,2.7295058
20.0,64.0,20.0,2.737656
20.0,66.0,20.0,3.014033
20.0,68.0,20.0,3.0158355
20.0,70.0,20.0,2.75892
20.0,72.0,20.0,2.5588632
20.0,74.0,20.0,2.592351
20.0,76.0,20.0,2.5991192
20.0,78.0,20.0,2.5393624
20.0,80.0,20.0,2.7142859
20.0,82.0,20.0,3.1352627
20.0,84.0,20.0,3.220931
20.0,86.0,20.0,2.8654387
20.0,88.0,20.0,2.7092607
20.0,90.0,20.0,2.6938138
20.0,92.0,20.0,2.5908828
20.0,94.0,20.0,2.6876702
20.0,96.0,20.0,3.07298
20.0,98.0,20.0,3.0913477
20.0,100.0,20.0,2.68886
20.0,102.0,20.0,2.5967298
20.0,104.0,20.0,2.658996
20.0,106.0,20.0,2.5440023
20.0,108.0,20.0,2.5227096
20.0,110.0,20.0,2.707601
20.0,112.0,20.0,3.0209203
20.0,114.0,20.0,3.0509517
20.0,116.0,20.0,3.0853126
20.0,118.0,20.0,2.9367979
20.0,120.0,20.0,2.737781
20.0,122.0,20.0,2.5519962
20.0,124.0,20.0,2.5504613
20.0,126.0,20.0,2.6603334
20.0,128.0,20.0,2.8309615
20.0,130.0,20.0,2.8023238
20.0,132.0,20.0,2.6084304
20.0,134.0,20.0,2.4724607
20.0,136.0,20.0,2.559626
20.0,138.0,20.0,2.7844734
20.0,140.0,20.0,2.8640273
20.0,142.0,20.0,2.6797342
20.0,144.0,20.0,2.65886
20.0,146.0,20.0,2.7691698
20.0,148.0,20.0,2.9115741
20.0,150.0,20.0,2.9363747
20.0,152.0,20.0,2.7768514
20.0,154.0,20.0,2.812581
20.0,156.0,20.0,3.113217
20.0,158.0,20.0,3.1844833
20.0,160.0,20.0,3.0407467
20.0,162.0,20.0,3.104531
20.0,164.0,20.0,3.1000614
20.0,166.0,20.0,3.0204575
20.0,168.0,20.0,2.957308
20.0,170.0,20.0,3.135318
20.0,172.0,20.0,3.4387605
20.0,174.0,20.0,3.4608743
20.0,176.0,20.0,3.371065
20.0,178.0,20.0,3.3860085
20.0,180.0,20.0,3.2347248
22.0,-180.0,20.0,3.5104227
22.0,-178.0,20.0,3.5660415
22.0,-176.0,20.0,3.706947
22.0,-174.0,20.0,3.8234968
22.0,-172.0,20.0,3.795748
22.0,-170.0,20.0,3.6172266
22.0,-168.0,20.0,3.5675278
22.0,-166.0,20.0,3.4138455
22.0,-164.0,20.0,3.509324
22.0,-162.0,20.0,3.7201357
22.0,-160.0,20.0,3.9282029
22.0,-158.0,20.0,4.2265067
22.0,-156.0,20.0,4.516396
22.0,-154.0,20.0,4.5182905
22.0,-152.0,20.0,4.287819
22.0,-150.0,20.0,4.116054
22.0,-148.0,20.0,4.093395
22.0,-146.0,20.0,4.308854
22.0,-144.0,20.0,4.24795
22.0,-142.0,20.0,4.128199
22.0,-140.0,20.0,4.218415
22.0,-138.0,20.0,4.459598
22.0,-136.0,20.0,4.6415563
22.0,-134.0,20.0,4.8190746
22.0,-132.0,20.0,4.6278057
22.0,-130.0,20.0,4.448588
22.0,-128.0,20.0,4.5096965
22.0,-126.0,20.0,4.6393485
22.0,-124.0,20.0,4.805712
22.0,-122.0,20.0,4.7602572
22.0,-120.0,20.0,4.844675
22.0,-118.0,20.0,5.33392
22.0,-116.0,20.0,5.8430467
22.0,-114.0,20.0,5.9512935
22.0,-112.0,20.0,5.58034
22.0,-110.0,20.0,5.520341
22.0,-108.0,20.0,5.6450243
22.0,-106.0,20.0,5.590442
22.0,-104.0,20.0,5.6904182
22.0,-102.0,20.0,6.277299
22.0,-100.0,20.0,6.5673537
22.0,-98.0,20.0,6.4406333
22.0,-96.0,20.0,6.432908
22.0,-94.0,20.0,6.5925546
22.0,-92.0,20.0,6.533453
22.0,-90.0,20.0,7.0269647
22.0,-88.0,20.0,7.772914
22.0,-86.0,20.0,7.8094316
22.0,-84.0,20.0,7.61726
22.0,-82.0,20.0,7.4148817
22.0,-80.0,20.0,7.3000684
22.0,-78.0,20.0,6.922154
22.0,-76.0,20.0,6.694183
22.0,-74.0,20.0,6.9469395
22.0,-72.0,20.0,7.0392985
22.0,-70.0,20.0,6.5232754
22.0,-68.0,20.0,5.898693
22.0,-66.0,20.0,5.677601
22.0,-64.0,20.0,5.470388
22.0,-62.0,20.0,5.1217318
22.0,-60.0,20.0,5.1694517
22.0,-58.0,20.0,5.5414796
22.0,-56.0,20.0,5.666117
22.0,-54.0,20.0,5.2158246
22.0,-52.0,20.0,4.6470456
22.0,-50.0,20.0,4.3488026
22.0,-48.0,20.0,4.3385043
22.0,-46.0,20.0,4.31822
22.0,-44.0,20.0,4.146122
22.0,-42.0,20.0,3.9881635
22.0,-40.0,20.0,3.9191456
22.0,-38.0,20.0,4.0428376
22.0,-36.0,20.0,4.2276134
22.0,-34.0,20.0,4.053139
22.0,-32.0,20.0,3.650192
22.0,-30.0,20.0,3.727874
22.0,-28.0,20.0,4.002655
22.0,-26.0,20.0,4.0643644
22.0,-24.0,20.0,4.0742254
22.0,-22.0,20.0,4.0723734
22.0,-20.0,20.0,3.6868281
22.0,-18.0,20.0,3.2958324
22.0,-16.0,20.0,3.1067283
22.0,-14.0,20.0,3.2570884
22.0,-12.0,20.0,3.3644912
22.0,-10.0,20.0,3.442144
22.0,-8.0,20.0,3.576308
22.0,-6.0,20.0,3.6842046
22.0,-4.0,20.0,3.5186038
22.0,-2.0,20.0,3.356124
22.0,0.0,20.0,3.4436455
22.0,2.0,20.0,3.619774
22.0,4.0,20.0,3.6821673
22.0,6.0,20.0,3.7684925
22.0,8.0,20.0,3.8846009
22.0,10.0,20.0,3.6216245
22.0,12.0,20.0,3.30492
22.0,14.0,20.0,3.2649186
22.0,16.0,20.0,3.3339112
22.0,18.0,20.0,3.4155836
22.0,20.0,20.0,3.5325286
22.0,22.0,20.0,3.7896361
22.0,24.0,20.0,3.8329592
22.0,26.0,20.0,3.529505
22.0,28.0,20.0,3.3879051
22.0,30.0,20.0,3.4250793
22.0,32.0,20.0,3.3468332
22.0,34.0,20.0,3.199531
22.0,36.0,20.0,3.1419537
22.0,38.0,20.0,3.3299901
22.0,40.0,20.0,3.3650744
22.0,42.0,20.0,3.0362096
22.0,44.0,20.0,2.7687178
22.0,46.0,20.0,2.7574716
22.0,48.0,20.0,2.8687897
22.0,50.0,20.0,3.189413
22.0,52.0,20.0,3.230549
22.0,54.0,20.0,3.0554802
22.0,56.0,20.0,3.085311
22.0,58.0,20.0,3.101776
22.0,60.0,20.0,3.1658077
22.0,62.0,20.0,3.1018786
22.0,64.0,20.0,3.1572962
22.0,66.0,20.0,3.3395553
22.0,68.0,20.0,3.3311696
22.0,70.0,20.0,3.0268555
22.0,72.0,20.0,2.885988
22.0,74.0,20.0,2.9069338
22.0,76.0,20.0,2.88591
22.0,78.0,20.0,2.890883
22.0,80.0,20.0,3.1070664
22.0,82.0,20.0,3.5099633
22.0,84.0,20.0,3.6201303
22.0,86.0,20.0,3.3536532
22.0,88.0,20.0,3.2071435
22.0,90.0,20.0,3.1113567
22.0,92.0,20.0,3.037035
22.0,94.0,20.0,3.1896899
22.0,96.0,20.0,3.4476936
22.0,98.0,20.0,3.4662137
22.0,100.0,20.0,3.1128488
22.0,102.0,20.0,2.9512548
22.0,104.0,20.0,3.0301862
22.0,106.0,20.0,2.9490733
22.0,108.0,20.0,2.9242578
22.0,110.0,20.0,3.0222821
22.0,112.0,20.0,3.3145692
22.0,114.0,20.0,3.46721
22.0,116.0,20.0,3.4149485
22.0,118.0,20.0,3.293251
22.0,120.0,20.0,3.1214297
22.0,122.0,20.0,2.9276862
22.0,124.0,20.0,2.9356573
22.0,126.0,20.0,2.94773
22.0,128.0,20.0,3.117955
22.0,130.0,20.0,3.0661478
22.0,132.0,20.0,2.8618627
22.0,134.0,20.0,2.7469907
22.0,136.0,20.0,2.837122
22.0,138.0,20.0,3.0867288
22.0,140.0,20.0,3.2041664
22.0,142.0,20.0,3.0284774
22.0,144.0,20.0,2.9073718
22.0,146.0,20.0,2.970429
22.0,148.0,20.0,3.175057
22.0,150.0,20.0,3.2762032
22.0,152.0,20.0,3.0798016
22.0,154.0,20.0,3.093887
22.0,156.0,20.0,3.4357605
22.0,158.0,20.0,3.5606263
22.0,160.0,20.0,3.2819083
22.0,162.0,20.0,3.287632
22.0,164.0,20.0,3.290956
22.0,166.0,20.0,3.3054755
22.0,168.0,20.0,3.2279775
22.0,170.0,20.0,3.4828515
22.0,172.0,20.0,3.9685562
22.0,174.0,20.0,3.8807247
22.0,176.0,20.0,3.7134361
22.0,178.0,20.0,3.7208822
22.0,180.0,20.0,3.5104227
24.0,-180.0,20.0,3.527277
24.0,-178.0,20.0,3.5393918
24.0,-176.0,20.0,3.637584
24.0,-174.0,20.0,3.6506097
24.0,-172.0,20.0,3.73054
24.0,-170.0,20.0,3.639664
24.0,-168.0,20.0,3.5587964
24.0,-166.0,20.0,3.44186
24.0,-164.0,20.0,3.4376564
24.0,-162.0,20.0,3.5859385
24.0,-160.0,20.0,3.7838626
24.0,-158.0,20.0,4.100653
24.0,-156.0,20.0,4.3043995
24.0,-154.0,20.0,4.342611
24.0,-152.0,20.0,4.145698
24.0,-150.0,20.0,3.9674323
24.0,-148.0,20.0,3.944169
24.0,-146.0,20.0,4.165998
24.0,-144.0,20.0,4.1534343
24.0,-142.0,20.0,4.0555396
24.0,-140.0,20.0,4.0856557
24.0,-138.0,20.0,4.3121653
24.0,-136.0,20.0,4.455691
24.0,-134.0,20.0,4.5820932
24.0,-132.0,20.0,4.435483
24.0,-130.0,20.0,4.3541927
24.0,-128.0,20.0,4.4566855
24.0,-126.0,20.0,4.572709
24.0,-124.0,20.0,4.8251605
24.0,-122.0,20.0,4.9201393
24.0,-120.0,20.0,4.886935
24.0,-118.0,20.0,5.232787
24.0,-116.0,20.0,5.6512256
24.0,-114.0,20.0,5.845158
24.0,-112.0,20.0,5.5695825
24.0,-110.0,20.0,5.645493
24.0,-108.0,20.0,5.8050957
24.0,-106.0,20.0,5.7503605
24.0,-104.0,20.0,5.796646
24.0,-102.0,20.0,6.243705
24.0,-100.0,20.0,6.61348
24.0,-98.0,20.0,6.661874
24.0,-96.0,20.0,6.627822
24.0,-94.0,20.0,6.8612957
24.0,-92.0,20.0,7.020852
24.0,-90.0,20.0,7.377366
24.0,-88.0,20.0,7.7137837
24.0,-86.0,20.0,7.7553763
24.0,-84.0,20.0,7.785058
24.0,-82.0,20.0,7.569679
24.0,-80.0,20.0,7.5404873
24.0,-78.0,20.0,7.277257
24.0,-76.0,20.0,6.9343467
24.0,-74.0,20.0,7.025789
24.0,-72.0,20.0,7.052599
24.0,-70.0,20.0,6.6899586
24.0,-68.0,20.0,6.274581
24.0,-66.0,20.0,6.126333
24.0,-64.0,20.0,5.870475
24.0,-62.0,20.0,5.4712167
24.0,-60.0,20.0,5.392844
24.0,-58.0,20.0,5.6889763
24.0,-56.0,20.0,5.745796
24.0,-54.0,20.0,5.330196
24.0,-52.0,20.0,4.758321
24.0,-50.0,20.0,4.365431
24.0,-48.0,20.0,4.267696
24.0,-46.0,20.0,4.196754
24.0,-44.0,20.0,4.1117177
24.0,-42.0,20.0,4.015249
24.0,-40.0,20.0,3.8302839
24.0,-38.0,20.0,3.8645165
24.0,-36.0,20.0,3.9353602
24.0,-34.0,20.0,3.8215516
24.0,-32.0,20.0,3.5135138
24.0,-30.0,20.0,3.5854154
24.0,-28.0,20.0,3.8853781
24.0,-26.0,20.0,3.9796894
24.0,-24.0,20.0,3.8618183
24.0,-22.0,20.0,3.7229548
24.0,-20.0,20.0,3.4576166
24.0,-18.0,20.0,3.2053125
24.0,-16.0,20.0,3.0761354
24.0,-14.0,20.0,3.1575942
24.0,-12.0,20.0,3.3338344
24.0,-10.0,20.0,3.3784611
24.0,-8.0,20.0,3.3387096
24.0,-6.0,20.0,3.444731
24.0,-4.0,20.0,3.337655
24.0,-2.0,20.0,3.211513
24.0,0.0,20.0,3.2976842
24.0,2.0,20.0,3.5208588
24.0,4.0,20.0,3.613197
24.0,6.0,20.0,3.5385573
24.0,8.0,20.0,3.5237916
24.0,10.0,20.0,3.357285
24.0,12.0,20.0,3.088582
24.0,14.0,20.0,3.0080547
24.0,16.0,20.0,3.1387181
24.0,18.0,20.0,3.224863
24.0,20.0,20.0,3.277408
24.0,22.0,20.0,3.5168614
24.0,24.0,20.0,3.5250714
24.0,26.0,20.0,3.314042
24.0,28.0,20.0,3.1845274
24.0,30.0,20.0,3.2281785
24.0,32.0,20.0,3.1131728
24.0,34.0,20.0,3.0039852
24.0,36.0,20.0,2.928362
24.0,38.0,20.0,3.002021
24.0,40.0,20.0,3.1344256
24.0,42.0,20.0,2.854007
24.0,44.0,20.0,2.6786857
24.0,46.0,20.0,2.6634984
24.0,48.0,20.0,2.798663
24.0,50.0,20.0,3.0485487
24.0,52.0,20.0,3.0990586
24.0,54.0,20.0,2.9229112
24.0,56.0,20.0,2.8752673
24.0,58.0,20.0,2.9423823
24.0,60.0,20.0,2.9998462
24.0,62.0,20.0,2.9212067
24.0,64.0,20.0,3.0293658
24.0,66.0,20.0,3.2296896
24.0,68.0,20.0,3.181248
24.0,70.0,20.0,2.8588958
24.0,72.0,20.0,2.7248
24.0,74.0,20.0,2.7635114
24.0,76.0,20.0,2.7161043
24.0,78.0,20.0,2.6859589
24.0,80.0,20.0,2.8827376
24.0,82.0,20.0,3.274725
24.0,84.0,20.0,3.2896636
24.0,86.0,20.0,2.9998834
24.0,88.0,20.0,2.9685347
24.0,90.0,20.0,2.8500075
24.0,92.0,20.0,2.711537
24.0,94.0,20.0,2.9111986
24.0,96.0,20.0,3.235122
24.0,98.0,20.0,3.1699655
24.0,100.0,20.0,2.859005
24.0,102.0,20.0,2.7586544
24.0,104.0,20.0,2.7939785
24.0,106.0,20.0,2.6995552
24.0,108.0,20.0,2.6715345
24.0,110.0,20.0,2.8279707
24.0,112.0,20.0,3.1210322
24.0,114.0,20.0,3.108311
24.0,116.0,20.0,3.0412633
24.0,118.0,20.0,3.0118911
24.0,120.0,20.0,2.903438
24.0,122.0,20.0,2.6937788
24.0,124.0,20.0,2.7186496
24.0,126.0,20.0,2.7514908
24.0,128.0,20.0,2.964784
24.0,130.0,20.0,2.905253
24.0,132.0,20.0,2.676887
24.0,134.0,20.0,2.6478086
24.0,136.0,20.0,2.7347264
24.0,138.0,20.0,2.92557
24.0,140.0,20.0,3.026246
24.0,142.0,20.0,2.8621223
24.0,144.0,20.0,2.7884045
24.0,146.0,20.0,2.8489363
24.0,148.0,20.0,3.0053627
24.0,150.0,20.0,3.0769773
24.0,152.0,20.0,2.8859694
24.0,154.0,20.0,2.8823833
24.0,156.0,20.0,3.2209089
24.0,158.0,20.0,3.2928874
24.0,160.0,20.0,3.2135499
24.0,162.0,20.0,3.1429036
24.0,164.0,20.0,3.2015343
24.0,166.0,20.0,3.1862574
24.0,168.0,20.0,3.127558
24.0,170.0,20.0,3.3393817
24.0,172.0,20.0,3.795117
24.0,174.0,20.0,3.8218772
24.0,176.0,20.0,3.6691902
24.0,178.0,20.0,3.657382
24.0,180.0,20.0,3.527277
26.0,-180.0,20.0,3.3406441
26.0,-178.0,20.0,3.2782211
26.0,-176.0,20.0,3.4397666
26.0,-174.0,20.0,3.6420672
26.0,-172.0,20.0,3.691467
26.0,-170.0,20.0,3.4983938
26.0,-168.0,20.0,3.4293337
26.0,-166.0,20.0,3.3081405
26.0,-164.0,20.0,3.19969
26.0,-162.0,20.0,3.3328793
26.0,-160.0,20.0,3.6616776
26.0,-158.0,20.0,4.009214
26.0,-156.0,20.0,4.229176
26.0,-154.0,20.0,4.223077
26.0,-152.0,20.0,3.9783893
26.0,-150.0,20.0,3.794531
26.0,-148.0,20.0,3.758779
26.0,-146.0,20.0,3.9844592
26.0,-144.0,20.0,4.0632606
26.0,-142.0,20.0,3.9916008
26.0,-140.0,20.0,4.086727
26.0,-138.0,20.0,4.2531705
26.0,-136.0,20.0,4.361283
26.0,-134.0,20.0,4.4901533
26.0,-132.0,20.0,4.428654
26.0,-130.0,20.0,4.317934
26.0,-128.0,20.0,4.420779
26.0,-126.0,20.0,4.5271606
26.0,-124.0,20.0,4.7765493
26.0,-122.0,20.0,4.868861
26.0,-120.0,20.0,4.8978286
26.0,-118.0,20.0,5.1511087
26.0,-116.0,20.0,5.510865
26.0,-114.0,20.0,5.7939286
26.0,-112.0,20.0,5.6006303
26.0,-110.0,20.0,5.720091
26.0,-108.0,20.0,5.9568524
26.0,-106.0,20.0,5.921675
26.0,-104.0,20.0,5.9131618
26.0,-102.0,20.0,6.2356486
26.0,-100.0,20.0,6.6215973
26.0,-98.0,20.0,6.548371
26.0,-96.0,20.0,6.4570074
26.0,-94.0,20.0,6.769775
26.0,-92.0,20.0,7.102766
26.0,-90.0,20.0,7.374222
26.0,-88.0,20.0,7.623566
26.0,-86.0,20.0,7.842328
26.0,-84.0,20.0,7.7363825
26.0,-82.0,20.0,7.4313145
26.0,-80.0,20.0,7.4194193
26.0,-78.0,20.0,7.393065
26.0,-76.0,20.0,6.98088
26.0,-74.0,20.0,7.021242
26.0,-72.0,20.0,7.030852
26.0,-70.0,20.0,6.7857227
26.0,-68.0,20.0,6.339764
26.0,-66.0,20.0,6.0974355
26.0,-64.0,20.0,5.8349996
26.0,-62.0,20.0,5.516474
26.0,-60.0,20.0,5.514115
26.0,-58.0,20.0,5.738747
26.0,-56.0,20.0,5.7671666
26.0,-54.0,20.0,5.3021803
26.0,-52.0,20.0,4.7606783
26.0,-50.0,20.0,4.349328
26.0,-48.0,20.0,4.1919794
26.0,-46.0,20.0,4.213394
26.0,-44.0,20.0,4.2300625
26.0,-42.0,20.0,4.088444
26.0,-40.0,20.0,3.9355102
26.0,-38.0,20.0,3.8412063
26.0,-36.0,20.0,3.813134
26.0,-34.0,20.0,3.8043225
26.0,-32.0,20.0,3.5586128
26.0,-30.0,20.0,3.7000833
26.0,-28.0,20.0,4.0611763
26.0,-26.0,20.0,4.185176
26.0,-24.0,20.0,4.0414767
26.0,-22.0,20.0,3.7882059
26.0,-20.0,20.0,3.522988
26.0,-18.0,20.0,3.2939346
26.0,-16.0,20.0,3.0289237
26.0,-14.0,20.0,3.2316742
26.0,-12.0,20.0,3.4143488
26.0,-10.0,20.0,3.5038393
26.0,-8.0,20.0,3.4414253
26.0,-6.0,20.0,3.5790896
26.0,-4.0,20.0,3.488757
26.0,-2.0,20.0,3.2942793
26.0,0.0,20.0,3.4031622
26.0,2.0,20.0,3.6337848
26.0,4.0,20.0,3.7370932
26.0,6.0,20.0,3.6679246
26.0,8.0,20.0,3.619368
26.0,10.0,20.0,3.3323686
26.0,12.0,20.0,3.0721686
26.0,14.0,20.0,3.0368884
26.0,16.0,20.0,3.1008224
26.0,18.0,20.0,3.2459593
26.0,20.0,20.0,3.284199
26.0,22.0,20.0,3.3874798
26.0,24.0,20.0,3.5100775
26.0,26.0,20.0,3.319081
26.0,28.0,20.0,3.2642205
26.0,30.0,20.0,3.2801416
26.0,32.0,20.0,3.197989
26.0,34.0,20.0,3.07372
26.0,36.0,20.0,2.9770882
26.0,38.0,20.0,3.1197486
26.0,40.0,20.0,3.2076628
26.0,42.0,20.0,2.9859023
26.0,44.0,20.0,2.8122602
26.0,46.0,20.0,2.8283105
26.0,48.0,20.0,2.9190726
26.0,50.0,20.0,3.1799102
26.0,52.0,20.0,3.2462292
26.0,54.0,20.0,3.0504787
26.0,56.0,20.0,2.938819
26.0,58.0,20.0,2.9872885
26.0,60.0,20.0,3.0899606
26.0,62.0,20.0,3.0365856
26.0,64.0,20.0,3.119257
26.0,66.0,20.0,3.2720387
26.0,68.0,20.0,3.2357862
26.0,70.0,20.0,3.0376346
26.0,72.0,20.0,2.867363
26.0,74.0,20.0,2.8513138
26.0,76.0,20.0,2.8313756
26.0,78.0,20.0,2.774423
26.0,80.0,20.0,2.978306
26.0,82.0,20.0,3.3757925
26.0,84.0,20.0,3.328853
26.0,86.0,20.0,3.0590873
26.0,88.0,20.0,3.0046852
26.0,90.0,20.0,2.9427257
26.0,92.0,20.0,2.7873034
26.0,94.0,20.0,2.9585469
26.0,96.0,20.0,3.2565262
26.0,98.0,20.0,3.2332187
26.0,100.0,20.0,2.8843017
26.0,102.0,20.0,2.8446112
26.0,104.0,20.0,2.8335052
26.0,106.0,20.0,2.7631187
26.0,108.0,20.0,2.8035288
26.0,110.0,20.0,2.9458103
26.0,112.0,20.0,3.2050526
26.0,114.0,20.0,3.2183506
26.0,116.0,20.0,3.1277406
26.0,118.0,20.0,3.0711539
26.0,120.0,20.0,2.937908
26.0,122.0,20.0,2.786062
26.0,124.0,20.0,2.7954645
26.0,126.0,20.0,2.8261814
26.0,128.0,20.0,3.0191925
26.0,130.0,20.0,3.0018175
26.0,132.0,20.0,2.7399273
26.0,134.0,20.0,2.7375789
26.0,136.0,20.0,2.8231876
26.0,138.0,20.0,2.9499278
26.0,140.0,20.0,3.1016881
26.0,142.0,20.0,2.9758158
26.0,144.0,20.0,2.946727
26.0,146.0,20.0,2.968678
26.0,148.0,20.0,3.084077
26.0,150.0,20.0,3.1732829
26.0,152.0,20.0,3.0075393
26.0,154.0,20.0,3.0256343
26.0,156.0,20.0,3.3220673
26.0,158.0,20.0,3.3313937
26.0,160.0,20.0,3.2714715
26.0,162.0,20.0,3.1956005
26.0,164.0,20.0,3.2395833
26.0,166.0,20.0,3.1881053
26.0,168.0,20.0,3.0909338
26.0,170.0,20.0,3.335451
26.0,172.0,20.0,3.8169808
26.0,174.0,20.0,3.7554982
26.0,176.0,20.0,3.6371963
26.0,178.0,20.0,3.600897
26.0,180.0,20.0,3.3406441
28.0,-180.0,20.0,3.4238803
28.0,-178.0,20.0,3.4733243
28.0,-176.0,20.0,3.6501107
28.0,-174.0,20.0,3.7974424
28.0,-172.0,20.0,3.7947817
28.0,-170.0,20.0,3.6554575
28.0,-168.0,20.0,3.5705469
28.0,-166.0,20.0,3.368148
28.0,-164.0,20.0,3.4211798
28.0,-162.0,20.0,3.6372492
28.0,-160.0,20.0,3.9028916
28.0,-158.0,20.0,4.147935
28.0,-156.0,20.0,4.467132
28.0,-154.0,20.0,4.520083
28.0,-152.0,20.0,4.28658
28.0,-150.0,20.0,4.0251403
28.0,-148.0,20.0,3.989152
28.0,-146.0,20.0,4.2193937
28.0,-144.0,20.0,4.2835817
28.0,-142.0,20.0,4.1921844
28.0,-140.0,20.0,4.3534455
28.0,-138.0,20.0,4.5706105
28.0,-136.0,20.0,4.7635903
28.0,-134.0,20.0,4.955201
28.0,-132.0,20.0,4.8892765
28.0,-130.0,20.0,4.7287593
28.0,-128.0,20.0,4.7598414
28.0,-126.0,20.0,4.953397
28.0,-124.0,20.0,5.2181287
28.0,-122.0,20.0,5.3159547
28.0,-120.0,20.0,5.387552
28.0,-118.0,20.0,5.7140336
28.0,-116.0,20.0,6.118447
28.0,-114.0,20.0,6.384075
28.0,-112.0,20.0,6.188135
28.0,-110.0,20.0,6.1641397
28.0,-108.0,20.0,6.4523096
28.0,-106.0,20.0,6.546194
28.0,-104.0,20.0,6.489944
28.0,-102.0,20.0,6.772379
28.0,-100.0,20.0,7.207072
28.0,-98.0,20.0,6.9850903
28.0,-96.0,20.0,6.9154277
28.0,-94.0,20.0,7.2127013
28.0,-92.0,20.0,7.5388656
28.0,-90.0,20.0,7.8811803
28.0,-88.0,20.0,8.221503
28.0,-86.0,20.0,8.270027
28.0,-84.0,20.0,8.072974
28.0,-82.0,20.0,7.777261
28.0,-80.0,20.0,7.828584
28.0,-78.0,20.0,7.8456364
28.0,-76.0,20.0,7.532367
28.0,-74.0,20.0,7.565632
28.0,-72.0,20.0,7.6374164
28.0,-70.0,20.0,7.4140987
28.0,-68.0,20.0,6.920473
28.0,-66.0,20.0,6.701318
28.0,-64.0,20.0,6.319778
28.0,-62.0,20.0,6.1669035
28.0,-60.0,20.0,6.1005282
28.0,-58.0,20.0,6.2562923
28.0,-56.0,20.0,6.303765
28.0,-54.0,20.0,5.845717
28.0,-52.0,20.0,5.2613425
28.0,-50.0,20.0,4.767099
28.0,-48.0,20.0,4.5822597
28.0,-46.0,20.0,4.57895
28.0,-44.0,20.0,4.682627
28.0,-42.0,20.0,4.42162
28.0,-40.0,20.0,4.2301865
28.0,-38.0,20.0,4.1361346
28.0,-36.0,20.0,4.1484346
28.0,-34.0,20.0,4.1821036
28.0,-32.0,20.0,3.9230974
28.0,-30.0,20.0,4.0096183
28.0,-28.0,20.0,4.3163757
28.0,-26.0,20.0,4.434424
28.0,-24.0,20.0,4.431139
28.0,-22.0,20.0,4.072577
28.0,-20.0,20.0,3.7163239
28.0,-18.0,20.0,3.474993
28.0,-16.0,20.0,3.2318094
28.0,-14.0,20.0,3.4088223
28.0,-12.0,20.0,3.6589916
28.0,-10.0,20.0,3.7750235
28.0,-8.0,20.0,3.7478492
28.0,-6.0,20.0,3.869665
28.0,-4.0,20.0,3.7725492
28.0,-2.0,20.0,3.5719736
28.0,0.0,20.0,3.6867301
28.0,2.0,20.0,3.8971164
28.0,4.0,20.0,4.0595775
28.0,6.0,20.0,3.942595
28.0,8.0,20.0,3.8898678
28.0,10.0,20.0,3.6380272
28.0,12.0,20.0,3.381821
28.0,14.0,20.0,3.361885
28.0,16.0,20.0,3.3978415
28.0,18.0,20.0,3.465031
28.0,20.0,20.0,3.5059888
28.0,22.0,20.0,3.6674953
28.0,24.0,20.0,3.7654426
28.0,26.0,20.0,3.5436068
28.0,28.0,20.0,3.5327437
28.0,30.0,20.0,3.5851104
28.0,32.0,20.0,3.4796066
28.0,34.0,20.0,3.2861423
28.0,36.0,20.0,3.2732887
28.0,38.0,20.0,3.3766956
28.0,40.0,20.0,3.4170775
28.0,42.0,20.0,3.243125
28.0,44.0,20.0,3.0600095
28.0,46.0,20.0,3.0386877
28.0,48.0,20.0,3.1058223
28.0,50.0,20.0,3.326254
28.0,52.0,20.0,3.4310088
28.0,54.0,20.0,3.2682908
28.0,56.0,20.0,3.169581
28.0,58.0,20.0,3.1496956
28.0,60.0,20.0,3.229662
28.0,62.0,20.0,3.2252524
28.0,64.0,20.0,3.2121422
28.0,66.0,20.0,3.3494768
28.0,68.0,20.0,3.3367126
28.0,70.0,20.0,3.2270203
28.0,72.0,20.0,3.0309234
28.0,74.0,20.0,3.0031416
28.0,76.0,20.0,2.9755366
28.0,78.0,20.0,2.9655864
28.0,80.0,20.0,3.1765838
28.0,82.0,20.0,3.582082
28.0,84.0,20.0,3.6001747
28.0,86.0,20.0,3.2891552
28.0,88.0,20.0,3.1711056
28.0,90.0,20.0,3.0790696
28.0,92.0,20.0,2.9181607
28.0,94.0,20.0,3.0754578
28.0,96.0,20.0,3.418368
28.0,98.0,20.0,3.4552672
28.0,100.0,20.0,3.093446
28.0,102.0,20.0,3.005919
28.0,104.0,20.0,2.9866204
28.0,106.0,20.0,2.9509177
28.0,108.0,20.0,2.9921262
28.0,110.0,20.0,3.0979624
28.0,112.0,20.0,3.4091182
28.0,114.0,20.0,3.4445865
28.0,116.0,20.0,3.319045
28.0,118.0,20.0,3.2204423
28.0,120.0,20.0,3.070437
28.0,122.0,20.0,2.9260283
28.0,124.0,20.0,2.9159176
28.0,126.0,20.0,2.9324691
28.0,128.0,20.0,3.123404
28.0,130.0,20.0,3.1541338
28.0,132.0,20.0,2.8585944
28.0,134.0,20.0,2.86631
28.0,136.0,20.0,2.9416504
28.0,138.0,20.0,3.1102805
28.0,140.0,20.0,3.2786255
28.0,142.0,20.0,3.1715026
28.0,144.0,20.0,3.1532357
28.0,146.0,20.0,3.2064376
28.0,148.0,20.0,3.331496
28.0,150.0,20.0,3.372339
28.0,152.0,20.0,3.2053378
28.0,154.0,20.0,3.2246943
28.0,156.0,20.0,3.5615997
28.0,158.0,20.0,3.56705
28.0,160.0,20.0,3.4814746
28.0,162.0,20.0,3.4164274
28.0,164.0,20.0,3.3653688
28.0,166.0,20.0,3.3029776
28.0,168.0,20.0,3.2516668
28.0,170.0,20.0,3.4686658
28.0,172.0,20.0,3.9276106
28.0,174.0,20.0,3.9313576
28.0,176.0,20.0,3.7514927
28.0,178.0,20.0,3.676344
28.0,180.0,20.0,3.4238803
30.0,-180.0,20.0,3.793377
30.0,-178.0,20.0,3.9725535
30.0,-176.0,20.0,4.0719366
30.0,-174.0,20.0,4.0056887
30.0,-172.0,20.0,3.976413
30.0,-170.0,20.0,4.0546403
30.0,-168.0,20.0,3.986374
30.0,-166.0,20.0,3.7845564
30.0,-164.0,20.0,3.906428
30.0,-162.0,20.0,4.080327
30.0,-160.0,20.0,4.3345623
30.0,-158.0,20.0,4.58401
30.0,-156.0,20.0,4.7961397
30.0,-154.0,20.0,4.8848367
30.0,-152.0,20.0,4.740205
30.0,-150.0,20.0,4.546646
30.0,-148.0,20.0,4.519138
30.0,-146.0,20.0,4.685184
30.0,-144.0,20.0,4.882384
30.0,-142.0,20.0,4.965785
30.0,-140.0,20.0,4.9573245
30.0,-138.0,20.0,5.131823
30.0,-136.0,20.0,5.5181813
30.0,-134.0,20.0,5.8145127
30.0,-132.0,20.0,5.8297944
30.0,-130.0,20.0,5.581672
30.0,-128.0,20.0,5.617806
30.0,-126.0,20.0,5.952877
30.0,-124.0,20.0,6.375146
30.0,-122.0,20.0,6.477455
30.0,-120.0,20.0,6.546204
30.0,-118.0,20.0,6.798057
30.0,-116.0,20.0,7.290772
30.0,-114.0,20.0,7.518803
30.0,-112.0,20.0,7.350886
30.0,-110.0,20.0,7.455988
30.0,-108.0,20.0,7.809333
30.0,-106.0,20.0,7.8500876
30.0,-104.0,20.0,7.6588416
30.0,-102.0,20.0,7.9784093
30.0,-100.0,20.0,8.428911
30.0,-98.0,20.0,8.122131
30.0,-96.0,20.0,8.3845215
30.0,-94.0,20.0,8.584941
30.0,-92.0,20.0,8.580268
30.0,-90.0,20.0,9.177893
30.0,-88.0,20.0,9.459148
30.0,-86.0,20.0,9.487269
30.0,-84.0,20.0,9.198215
30.0,-82.0,20.0,9.082096
30.0,-80.0,20.0,9.228346
30.0,-78.0,20.0,9.051193
30.0,-76.0,20.0,8.943396
30.0,-74.0,20.0,8.817753
30.0,-72.0,20.0,8.809092
30.0,-70.0,20.0,8.4447155
30.0,-68.0,20.0,8.083274
30.0,-66.0,20.0,7.975395
30.0,-64.0,20.0,7.5863748
30.0,-62.0,20.0,7.3329515
30.0,-60.0,20.0,7.281757
30.0,-58.0,20.0,7.3126364
30.0,-56.0,20.0,7.2474008
30.0,-54.0,20.0,6.737211
30.0,-52.0,20.0,6.0751114
30.0,-50.0,20.0,5.551714
30.0,-48.0,20.0,5.378148
30.0,-46.0,20.0,5.296604
30.0,-44.0,20.0,5.2270203
30.0,-42.0,20.0,4.91161
30.0,-40.0,20.0,4.5827017
30.0,-38.0,20.0,4.6071906
30.0,-36.0,20.0,4.774407
30.0,-34.0,20.0,4.681271
30.0,-32.0,20.0,4.4034157
30.0,-30.0,20.0,4.092536
30.0,-28.0,20.0,4.3352594
30.0,-26.0,20.0,4.5584307
30.0,-24.0,20.0,4.584552
30.0,-22.0,20.0,4.3196564
30.0,-20.0,20.0,3.9490168
30.0,-18.0,20.0,3.8673105
30.0,-16.0,20.0,3.631364
30.0,-14.0,20.0,3.633894
30.0,-12.0,20.0,3.788544
30.0,-10.0,20.0,3.842015
30.0,-8.0,20.0,3.8091512
30.0,-6.0,20.0,3.8918223
30.0,-4.0,20.0,3.9077244
30.0,-2.0,20.0,3.7969723
30.0,0.0,20.0,3.7993867
30.0,2.0,20.0,4.0084143
30.0,4.0,20.0,4.1309514
30.0,6.0,20.0,4.111571
30.0,8.0,20.0,4.0111895
30.0,10.0,20.0,3.773847
30.0,12.0,20.0,3.603724
30.0,14.0,20.0,3.5801497
30.0,16.0,20.0,3.583697
30.0,18.0,20.0,3.6946254
30.0,20.0,20.0,3.7501147
30.0,22.0,20.0,3.8269205
30.0,24.0,20.0,3.842383
30.0,26.0,20.0,3.6117952
30.0,28.0,20.0,3.651627
30.0,30.0,20.0,3.7152
30.0,32.0,20.0,3.5790255
30.0,34.0,20.0,3.4688106
30.0,36.0,20.0,3.4775624
30.0,38.0,20.0,3.5749257
30.0,40.0,20.0,3.6430998
30.0,42.0,20.0,3.4429362
30.0,44.0,20.0,3.1261053
30.0,46.0,20.0,3.1188598
30.0,48.0,20.0,3.2197556
30.0,50.0,20.0,3.5385172
30.0,52.0,20.0,3.6622324
30.0,54.0,20.0,3.4481246
30.0,56.0,20.0,3.2526667
30.0,58.0,20.0,3.3067498
30.0,60.0,20.0,3.446952
30.0,62.0,20.0,3.434137
30.0,64.0,20.0,3.4478176
30.0,66.0,20.0,3.5888546
30.0,68.0,20.0,3.6165342
30.0,70.0,20.0,3.3489053
30.0,72.0,20.0,3.0965977
30.0,74.0,20.0,3.112669
30.0,76.0,20.0,3.1236582
30.0,78.0,20.0,3.0152597
30.0,80.0,20.0,3.2558384
30.0,82.0,20.0,3.6642928
30.0,84.0,20.0,3.7197974
30.0,86.0,20.0,3.3672073
30.0,88.0,20.0,3.2420778
30.0,90.0,20.0,3.1887424
30.0,92.0,20.0,3.0105174
30.0,94.0,20.0,3.15834
30.0,96.0,20.0,3.5572968
30.0,98.0,20.0,3.592982
30.0,100.0,20.0,3.1620803
30.0,102.0,20.0,3.0851882
30.0,104.0,20.0,3.1143885
30.0,106.0,20.0,3.045743
30.0,108.0,20.0,3.0177035
30.0,110.0,20.0,3.1541526
30.0,112.0,20.0,3.455852
30.0,114.0,20.0,3.4392784
30.0,116.0,20.0,3.308291
30.0,118.0,20.0,3.2495193
30.0,120.0,20.0,3.162131
30.0,122.0,20.0,2.9587033
30.0,124.0,20.0,2.9141176
30.0,126.0,20.0,2.9417574
30.0,128.0,20.0,3.1465766
30.0,130.0,20.0,3.1808045
30.0,132.0,20.0,2.8639147
30.0,134.0,20.0,2.76529
30.0,136.0,20.0,2.8626742
30.0,138.0,20.0,3.1157537
30.0,140.0,20.0,3.25331
30.0,142.0,20.0,3.1671727
30.0,144.0,20.0,3.0971758
30.0,146.0,20.0,3.148031
30.0,148.0,20.0,3.2161992
30.0,150.0,20.0,3.338373
30.0,152.0,20.0,3.1499934
30.0,154.0,20.0,3.1688964
30.0,156.0,20.0,3.4423428
30.0,158.0,20.0,3.5065858
30.0,160.0,20.0,3.4512217
30.0,162.0,20.0,3.424756
30.0,164.0,20.0,3.392613
30.0,166.0,20.0,3.3288438
30.0,168.0,20.0,3.308769
30.0,170.0,20.0,3.6024106
30.0,172.0,20.0,4.0289674
30.0,174.0,20.0,3.997303
30.0,176.0,20.0,3.9325693
30.0,178.0,20.0,3.942685
30.0,180.0,20.0,3.793377
32.0,-180.0,20.0,4.331447
32.0,-178.0,20.0,4.455782
32.0,-176.0,20.0,4.440613
32.0,-174.0,20.0,4.5456753
32.0,-172.0,20.0,4.407464
32.0,-170.0,20.0,4.4501686
32.0,-168.0,20.0,4.3319063
32.0,-166.0,20.0,4.132892
32.0,-164.0,20.0,4.110588
32.0,-162.0,20.0,4.2570877
32.0,-160.0,20.0,4.678999
32.0,-158.0,20.0,5.0815783
32.0,-156.0,20.0,5.3047295
32.0,-154.0,20.0,5.471087
32.0,-152.0,20.0,5.343312
32.0,-150.0,20.0,5.1858068
32.0,-148.0,20.0,5.072531
32.0,-146.0,20.0,5.2264457
32.0,-144.0,20.0,5.422113
32.0,-142.0,20.0,5.659742
32.0,-140.0,20.0,5.656411
32.0,-138.0,20.0,5.7599373
32.0,-136.0,20.0,6.1690807
32.0,-134.0,20.0,6.4652805
32.0,-132.0,20.0,6.5465975
32.0,-130.0,20.0,6.4033303
32.0,-128.0,20.0,6.367039
32.0,-126.0,20.0,6.7150626
32.0,-124.0,20.0,7.2313266
32.0,-122.0,20.0,7.4956994
32.0,-120.0,20.0,7.589747
32.0,-118.0,20.0,7.696359
32.0,-116.0,20.0,8.17738
32.0,-114.0,20.0,8.545751
32.0,-112.0,20.0,8.35451
32.0,-110.0,20.0,8.37626
32.0,-108.0,20.0,8.710013
32.0,-106.0,20.0,8.79561
32.0,-104.0,20.0,8.623082
32.0,-102.0,20.0,8.790876
32.0,-100.0,20.0,9.299148
32.0,-98.0,20.0,9.11953
32.0,-96.0,20.0,9.16368
32.0,-94.0,20.0,9.198238
32.0,-92.0,20.0,9.383344
32.0,-90.0,20.0,9.898368
32.0,-88.0,20.0,10.185907
32.0,-86.0,20.0,10.258549
32.0,-84.0,20.0,10.156003
32.0,-82.0,20.0,10.006981
32.0,-80.0,20.0,9.802605
32.0,-78.0,20.0,9.705053
32.0,-76.0,20.0,9.811363
32.0,-74.0,20.0,9.576192
32.0,-72.0,20.0,9.371602
32.0,-70.0,20.0,9.072161
32.0,-68.0,20.0,8.961722
32.0,-66.0,20.0,8.772301
32.0,-64.0,20.0,8.366119
32.0,-62.0,20.0,8.224413
32.0,-60.0,20.0,8.184891
32.0,-58.0,20.0,8.017709
32.0,-56.0,20.0,7.469156
32.0,-54.0,20.0,7.2279706
32.0,-52.0,20.0,7.0456095
32.0,-50.0,20.0,6.703676
32.0,-48.0,20.0,6.328035
32.0,-46.0,20.0,6.0741215
32.0,-44.0,20.0,5.7522674
32.0,-42.0,20.0,5.5621214
32.0,-40.0,20.0,5.3920345
32.0,-38.0,20.0,5.3269057
32.0,-36.0,20.0,5.394564
32.0,-34.0,20.0,5.344115
32.0,-32.0,20.0,5.0561337
32.0,-30.0,20.0,4.7364635
32.0,-28.0,20.0,4.6286325
32.0,-26.0,20.0,4.964885
32.0,-24.0,20.0,5.1055617
32.0,-22.0,20.0,4.71149
32.0,-20.0,20.0,4.318387
32.0,-18.0,20.0,4.278284
32.0,-16.0,20.0,4.092148
32.0,-14.0,20.0,3.9952183
32.0,-12.0,20.0,4.0305924
32.0,-10.0,20.0,4.0695662
32.0,-8.0,20.0,4.105838
32.0,-6.0,20.0,4.192179
32.0,-4.0,20.0,4.298185
32.0,-2.0,20.0,4.2389965
32.0,0.0,20.0,4.145574
32.0,2.0,20.0,4.17112
32.0,4.0,20.0,4.2471333
32.0,6.0,20.0,4.3690825
32.0,8.0,20.0,4.3467917
32.0,10.0,20.0,4.0776267
32.0,12.0,20.0,3.8515377
32.0,14.0,20.0,3.7632082
32.0,16.0,20.0,3.7421188
32.0,18.0,20.0,3.8682148
32.0,20.0,20.0,4.011546
32.0,22.0,20.0,4.0680394
32.0,24.0,20.0,4.01602
32.0,26.0,20.0,3.819308
32.0,28.0,20.0,3.8405488
32.0,30.0,20.0,3.8474498
32.0,32.0,20.0,3.6669614
32.0,34.0,20.0,3.4980426
32.0,36.0,20.0,3.594833
32.0,38.0,20.0,3.7410755
32.0,40.0,20.0,3.803225
32.0,42.0,20.0,3.5601673
32.0,44.0,20.0,3.2737246
32.0,46.0,20.0,3.271291
32.0,48.0,20.0,3.3713925
32.0,50.0,20.0,3.6890194
32.0,52.0,20.0,3.9222076
32.0,54.0,20.0,3.6595016
32.0,56.0,20.0,3.4422352
32.0,58.0,20.0,3.4665694
32.0,60.0,20.0,3.6178813
32.0,62.0,20.0,3.6727033
32.0,64.0,20.0,3.6594055
32.0,66.0,20.0,3.7772195
32.0,68.0,20.0,3.9202719
32.0,70.0,20.0,3.6178334
32.0,72.0,20.0,3.3634999
32.0,74.0,20.0,3.3740737
32.0,76.0,20.0,3.3788707
32.0,78.0,20.0,3.2974265
32.0,80.0,20.0,3.4365234
32.0,82.0,20.0,3.9549146
32.0,84.0,20.0,3.9780886
32.0,86.0,20.0,3.619751
32.0,88.0,20.0,3.478771
32.0,90.0,20.0,3.476914
32.0,92.0,20.0,3.326426
32.0,94.0,20.0,3.4351232
32.0,96.0,20.0,3.7600954
32.0,98.0,20.0,3.8461685
32.0,100.0,20.0,3.4870296
32.0,102.0,20.0,3.3381212
32.0,104.0,20.0,3.2826638
32.0,106.0,20.0,3.2437437
32.0,108.0,20.0,3.2543635
32.0,110.0,20.0,3.3123968
32.0,112.0,20.0,3.6171541
32.0,114.0,20.0,3.7109938
32.0,116.0,20.0,3.5284827
32.0,118.0,20.0,3.4225004
32.0,120.0,20.0,3.3975008
32.0,122.0,20.0,3.2132237
32.0,124.0,20.0,3.1916084
32.0,126.0,20.0,3.2177634
32.0,128.0,20.0,3.3597062
32.0,130.0,20.0,3.3597314
32.0,132.0,20.0,3.0923774
32.0,134.0,20.0,2.9597344
32.0,136.0,20.0,3.0004735
32.0,138.0,20.0,3.203962
32.0,140.0,20.0,3.3357625
32.0,142.0,20.0,3.2368457
32.0,144.0,20.0,3.186787
32.0,146.0,20.0,3.2844348
32.0,148.0,20.0,3.3214817
32.0,150.0,20.0,3.4291604
32.0,152.0,20.0,3.2478466
32.0,154.0,20.0,3.311529
32.0,156.0,20.0,3.627906
32.0,158.0,20.0,3.706698
32.0,160.0,20.0,3.6082866
32.0,162.0,20.0,3.6549952
32.0,164.0,20.0,3.6825693
32.0,166.0,20.0,3.6048253
32.0,168.0,20.0,3.6957958
32.0,170.0,20.0,3.8599722
32.0,172.0,20.0,4.4156156
32.0,174.0,20.0,4.4115415
32.0,176.0,20.0,4.418016
32.0,178.0,20.0,4.4304976
32.0,180.0,20.0,4.331447
34.0,-180.0,20.0,4.471468
34.0,-178.0,20.0,4.5390124
34.0,-176.0,20.0,4.5732327
34.0,-174.0,20.0,4.6817794
34.0,-172.0,20.0,4.5568376
34.0,-170.0,20.0,4.5255704
34.0,-168.0,20.0,4.4323397
34.0,-166.0,20.0,4.305099
34.0,-164.0,20.0,4.2982583
34.0,-162.0,20.0,4.4190326
34.0,-160.0,20.0,4.845941
34.0,-158.0,20.0,5.322336
34.0,-156.0,20.0,5.751504
34.0,-154.0,20.0,5.832165
34.0,-152.0,20.0,5.668961
34.0,-150.0,20.0,5.448179
34.0,-148.0,20.0,5.332371
34.0,-146.0,20.0,5.4733562
34.0,-144.0,20.0,5.7644835
34.0,-142.0,20.0,6.085361
34.0,-140.0,20.0,6.196264
34.0,-138.0,20.0,6.257049
34.0,-136.0,20.0,6.640306
34.0,-134.0,20.0,7.0419374
34.0,-132.0,20.0,7.138165
34.0,-130.0,20.0,6.986895
34.0,-128.0,20.0,6.9205656
34.0,-126.0,20.0,7.0914063
34.0,-124.0,20.0,7.5813537
34.0,-122.0,20.0,7.7405744
34.0,-120.0,20.0,7.9195075
34.0,-118.0,20.0,8.07751
34.0,-116.0,20.0,8.625334
34.0,-114.0,20.0,9.163753
34.0,-112.0,20.0,8.947211
34.0,-110.0,20.0,8.777577
34.0,-108.0,20.0,9.143167
34.0,-106.0,20.0,9.149536
34.0,-104.0,20.0,9.010192
34.0,-102.0,20.0,9.202284
34.0,-100.0,20.0,9.725543
34.0,-98.0,20.0,9.681591
34.0,-96.0,20.0,9.684384
34.0,-94.0,20.0,9.883946
34.0,-92.0,20.0,10.007275
34.0,-90.0,20.0,10.292779
34.0,-88.0,20.0,10.562768
34.0,-86.0,20.0,10.713126
34.0,-84.0,20.0,10.594062
34.0,-82.0,20.0,10.586962
34.0,-80.0,20.0,10.407157
34.0,-78.0,20.0,10.357559
34.0,-76.0,20.0,10.454017
34.0,-74.0,20.0,10.267108
34.0,-72.0,20.0,10.100191
34.0,-70.0,20.0,9.632003
34.0,-68.0,20.0,9.551765
34.0,-66.0,20.0,9.378815
34.0,-64.0,20.0,9.0965
34.0,-62.0,20.0,8.642571
34.0,-60.0,20.0,8.699893
34.0,-58.0,20.0,8.164324
34.0,-56.0,20.0,7.8076386
34.0,-54.0,20.0,7.748383
34.0,-52.0,20.0,7.7681565
34.0,-50.0,20.0,7.3335743
34.0,-48.0,20.0,6.8612766
34.0,-46.0,20.0,6.4799113
34.0,-44.0,20.0,6.1710525
34.0,-42.0,20.0,6.032019
34.0,-40.0,20.0,5.9455204
34.0,-38.0,20.0,5.740437
34.0,-36.0,20.0,5.67824
34.0,-34.0,20.0,5.6152635
34.0,-32.0,20.0,5.380441
34.0,-30.0,20.0,5.010176
34.0,-28.0,20.0,5.091716
34.0,-26.0,20.0,5.3152347
34.0,-24.0,20.0,5.5043483
34.0,-22.0,20.0,5.078226
34.0,-20.0,20.0,4.556014
34.0,-18.0,20.0,4.4673944
34.0,-16.0,20.0,4.2464514
34.0,-14.0,20.0,4.1509194
34.0,-12.0,20.0,4.3056817
34.0,-10.0,20.0,4.31489
34.0,-8.0,20.0,4.3954105
34.0,-6.0,20.0,4.4397807
34.0,-4.0,20.0,4.4767
34.0,-2.0,20.0,4.406937
34.0,0.0,20.0,4.287353
34.0,2.0,20.0,4.4465227
34.0,4.0,20.0,4.57142
34.0,6.0,20.0,4.704547
34.0,8.0,20.0,4.6174083
34.0,10.0,20.0,4.2751327
34.0,12.0,20.0,4.092595
34.0,14.0,20.0,4.075732
34.0,16.0,20.0,3.9948034
34.0,18.0,20.0,4.1689663
34.0,20.0,20.0,4.257258
34.0,22.0,20.0,4.345379
34.0,24.0,20.0,4.299399
34.0,26.0,20.0,4.0473065
34.0,28.0,20.0,4.095536
34.0,30.0,20.0,4.1440506
34.0,32.0,20.0,3.9784977
34.0,34.0,20.0,3.835806
34.0,36.0,20.0,3.9518752
34.0,38.0,20.0,4.0634255
34.0,40.0,20.0,4.0575094
34.0,42.0,20.0,3.8440628
34.0,44.0,20.0,3.6184285
34.0,46.0,20.0,3.5721078
34.0,48.0,20.0,3.6108973
34.0,50.0,20.0,3.8679523
34.0,52.0,20.0,4.0712237
34.0,54.0,20.0,3.873078
34.0,56.0,20.0,3.6254988
34.0,58.0,20.0,3.5962594
34.0,60.0,20.0,3.725542
34.0,62.0,20.0,3.8318722
34.0,64.0,20.0,3.8105502
34.0,66.0,20.0,3.9455562
34.0,68.0,20.0,4.09682
34.0,70.0,20.0,3.7156982
34.0,72.0,20.0,3.471472
34.0,74.0,20.0,3.4845867
34.0,76.0,20.0,3.5069294
34.0,78.0,20.0,3.4487348
34.0,80.0,20.0,3.6039586
34.0,82.0,20.0,4.1557975
34.0,84.0,20.0,4.1500006
34.0,86.0,20.0,3.7447977
34.0,88.0,20.0,3.6257849
34.0,90.0,20.0,3.633308
34.0,92.0,20.0,3.532253
34.0,94.0,20.0,3.5823457
34.0,96.0,20.0,3.9928172
34.0,98.0,20.0,4.107605
34.0,100.0,20.0,3.5980303
34.0,102.0,20.0,3.5348358
34.0,104.0,20.0,3.4724033
34.0,106.0,20.0,3.4000392
34.0,108.0,20.0,3.425312
34.0,110.0,20.0,3.5646405
34.0,112.0,20.0,3.9226298
34.0,114.0,20.0,3.976203
34.0,116.0,20.0,3.6830113
34.0,118.0,20.0,3.6231127
34.0,120.0,20.0,3.5337644
34.0,122.0,20.0,3.3551521
34.0,124.0,20.0,3.3877568
34.0,126.0,20.0,3.3713386
34.0,128.0,20.0,3.505703
34.0,130.0,20.0,3.520227
34.0,132.0,20.0,3.195319
34.0,134.0,20.0,3.0823042
34.0,136.0,20.0,3.1260576
34.0,138.0,20.0,3.3403816
34.0,140.0,20.0,3.4840271
34.0,142.0,20.0,3.3444104
34.0,144.0,20.0,3.3149295
34.0,146.0,20.0,3.4336512
34.0,148.0,20.0,3.529685
34.0,150.0,20.0,3.5830357
34.0,152.0,20.0,3.3504715
34.0,154.0,20.0,3.4859915
34.0,156.0,20.0,3.958514
34.0,158.0,20.0,3.9946368
34.0,160.0,20.0,3.9093566
34.0,162.0,20.0,3.9155471
34.0,164.0,20.0,3.8773572
34.0,166.0,20.0,3.8116372
34.0,168.0,20.0,3.8060715
34.0,170.0,20.0,4.085496
34.0,172.0,20.0,4.621116
34.0,174.0,20.0,4.601157
34.0,176.0,20.0,4.5061755
34.0,178.0,20.0,4.442609
34.0,180.0,20.0,4.471468
36.0,-180.0,20.0,5.2572823
36.0,-178.0,20.0,5.2889094
36.0,-176.0,20.0,5.304731
36.0,-174.0,20.0,5.3973494
36.0,-172.0,20.0,5.418952
36.0,-170.0,20.0,5.455847
36.0,-168.0,20.0,5.3818593
36.0,-166.0,20.0,5.1980925
36.0,-164.0,20.0,5.3518567
36.0,-162.0,20.0,5.5953193
36.0,-160.0,20.0,6.0452657
36.0,-158.0,20.0,6.669883
36.0,-156.0,20.0,7.1727533
36.0,-154.0,20.0,7.1845036
36.0,-152.0,20.0,6.920602
36.0,-150.0,20.0,6.5610247
36.0,-148.0,20.0,6.41817
36.0,-146.0,20.0,6.639623
36.0,-144.0,20.0,7.042657
36.0,-142.0,20.0,7.236928
36.0,-140.0,20.0,7.5255766
36.0,-138.0,20.0,7.7290764
36.0,-136.0,20.0,8.009571
36.0,-134.0,20.0,8.175356
36.0,-132.0,20.0,8.262285
36.0,-130.0,20.0,8.306099
36.0,-128.0,20.0,8.144221
36.0,-126.0,20.0,8.4129925
36.0,-124.0,20.0,8.838289
36.0,-122.0,20.0,8.909276
36.0,-120.0,20.0,9.009732
36.0,-118.0,20.0,9.580494
36.0,-116.0,20.0,10.263231
36.0,-114.0,20.0,10.506113
36.0,-112.0,20.0,10.41018
36.0,-110.0,20.0,9.901689
36.0,-108.0,20.0,10.18041
36.0,-106.0,20.0,10.338497
36.0,-104.0,20.0,10.193958
36.0,-102.0,20.0,10.40236
36.0,-100.0,20.0,10.861843
36.0,-98.0,20.0,10.643222
36.0,-96.0,20.0,10.731415
36.0,-94.0,20.0,11.188535
36.0,-92.0,20.0,11.405059
36.0,-90.0,20.0,11.673356
36.0,-88.0,20.0,11.92654
36.0,-86.0,20.0,12.206622
36.0,-84.0,20.0,11.868006
36.0,-82.0,20.0,11.891976
36.0,-80.0,20.0,11.965366
36.0,-78.0,20.0,12.043837
36.0,-76.0,20.0,12.192077
36.0,-74.0,20.0,11.80481
36.0,-72.0,20.0,11.763103
36.0,-70.0,20.0,11.249153
36.0,-68.0,20.0,10.885168
36.0,-66.0,20.0,10.706112
36.0,-64.0,20.0,10.146771
36.0,-62.0,20.0,9.776606
36.0,-60.0,20.0,9.788256
36.0,-58.0,20.0,9.630088
36.0,-56.0,20.0,9.398551
36.0,-54.0,20.0,9.464607
36.0,-52.0,20.0,9.095334
36.0,-50.0,20.0,8.5804205
36.0,-48.0,20.0,8.001131
36.0,-46.0,20.0,7.5607758
36.0,-44.0,20.0,7.4369597
36.0,-42.0,20.0,7.2832747
36.0,-40.0,20.0,7.337273
36.0,-38.0,20.0,7.186557
36.0,-36.0,20.0,6.895546
36.0,-34.0,20.0,6.701118
36.0,-32.0,20.0,6.3469996
36.0,-30.0,20.0,6.086656
36.0,-28.0,20.0,6.327216
36.0,-26.0,20.0,6.5783343
36.0,-24.0,20.0,6.7117915
36.0,-22.0,20.0,6.190089
36.0,-20.0,20.0,5.3316836
36.0,-18.0,20.0,5.0317416
36.0,-16.0,20.0,4.7853875
36.0,-14.0,20.0,4.8361874
36.0,-12.0,20.0,4.955812
36.0,-10.0,20.0,5.094076
36.0,-8.0,20.0,5.3515496
36.0,-6.0,20.0,5.4499974
36.0,-4.0,20.0,4.9765973
36.0,-2.0,20.0,4.9360666
36.0,0.0,20.0,5.1542497
36.0,2.0,20.0,5.3738914
36.0,4.0,20.0,5.5294213
36.0,6.0,20.0,5.7257214
36.0,8.0,20.0,5.6622386
36.0,10.0,20.0,5.0846457
36.0,12.0,20.0,4.7921376
36.0,14.0,20.0,4.8986835
36.0,16.0,20.0,4.841786
36.0,18.0,20.0,4.952125
36.0,20.0,20.0,5.107693
36.0,22.0,20.0,5.417877
36.0,24.0,20.0,5.4400415
36.0,26.0,20.0,5.211238
36.0,28.0,20.0,5.173048
36.0,30.0,20.0,5.2070975
36.0,32.0,20.0,5.0162454
36.0,34.0,20.0,4.7627625
36.0,36.0,20.0,4.6805453
36.0,38.0,20.0,4.697418
36.0,40.0,20.0,4.9604487
36.0,42.0,20.0,4.7197757
36.0,44.0,20.0,4.5107565
36.0,46.0,20.0,4.459311
36.0,48.0,20.0,4.4927454
36.0,50.0,20.0,4.913231
36.0,52.0,20.0,5.054217
36.0,54.0,20.0,4.610551
36.0,56.0,20.0,4.2922764
36.0,58.0,20.0,4.348706
36.0,60.0,20.0,4.695183
36.0,62.0,20.0,4.80475
36.0,64.0,20.0,4.76756
36.0,66.0,20.0,4.837498
36.0,68.0,20.0,4.903251
36.0,70.0,20.0,4.516158
36.0,72.0,20.0,4.19009
36.0,74.0,20.0,4.171246
36.0,76.0,20.0,4.2947474
36.0,78.0,20.0,4.2688317
36.0,80.0,20.0,4.4214416
36.0,82.0,20.0,4.9166102
36.0,84.0,20.0,5.034714
36.0,86.0,20.0,4.61492
36.0,88.0,20.0,4.388882
36.0,90.0,20.0,4.5203385
36.0,92.0,20.0,4.3793817
36.0,94.0,20.0,4.488218
36.0,96.0,20.0,4.994507
36.0,98.0,20.0,4.9533052
36.0,100.0,20.0,4.4329586
36.0,102.0,20.0,4.181261
36.0,104.0,20.0,4.161598
36.0,106.0,20.0,4.2468147
36.0,108.0,20.0,4.2006764
36.0,110.0,20.0,4.3042145
36.0,112.0,20.0,4.7546573
36.0,114.0,20.0,4.7878165
36.0,116.0,20.0,4.3662095
36.0,118.0,20.0,4.192143
36.0,120.0,20.0,4.271679
36.0,122.0,20.0,4.1675878
36.0,124.0,20.0,4.130166
36.0,126.0,20.0,4.116258
36.0,128.0,20.0,4.2986536
36.0,130.0,20.0,4.1988044
36.0,132.0,20.0,3.7869906
36.0,134.0,20.0,3.6302075
36.0,136.0,20.0,3.5812654
36.0,138.0,20.0,3.9079928
36.0,140.0,20.0,4.2089534
36.0,142.0,20.0,4.1223445
36.0,144.0,20.0,4.1684265
36.0,146.0,20.0,4.2160296
36.0,148.0,20.0,4.3437653
36.0,150.0,20.0,4.336066
36.0,152.0,20.0,4.0073695
36.0,154.0,20.0,4.201239
36.0,156.0,20.0,4.588991
36.0,158.0,20.0,4.5261316
36.0,160.0,20.0,4.5406537
36.0,162.0,20.0,4.498796
36.0,164.0,20.0,4.298746
36.0,166.0,20.0,4.2553115
36.0,168.0,20.0,4.4095154
36.0,170.0,20.0,4.842112
36.0,172.0,20.0,5.4885817
36.0,174.0,20.0,5.8406453
36.0,176.0,20.0,5.665906
36.0,178.0,20.0,5.4764404
36.0,180.0,20.0,5.2572823
38.0,-180.0,20.0,6.2341127
38.0,-178.0,20.0,6.369705
38.0,-176.0,20.0,6.5677476
38.0,-174.0,20.0,6.8013496
38.0,-172.0,20.0,6.693143
38.0,-170.0,20.0,6.7394733
38.0,-168.0,20.0,6.347442
38.0,-166.0,20.0,6.0299287
38.0,-164.0,20.0,6.3935237
38.0,-162.0,20.0,6.839799
38.0,-160.0,20.0,7.5189767
38.0,-158.0,20.0,8.122143
38.0,-156.0,20.0,8.814919
38.0,-154.0,20.0,8.834228
38.0,-152.0,20.0,8.58427
38.0,-150.0,20.0,8.10255
38.0,-148.0,20.0,7.756275
38.0,-146.0,20.0,7.825518
38.0,-144.0,20.0,8.295286
38.0,-142.0,20.0,8.335482
38.0,-140.0,20.0,8.800911
38.0,-138.0,20.0,9.063412
38.0,-136.0,20.0,9.226174
38.0,-134.0,20.0,9.312791
38.0,-132.0,20.0,9.371183
38.0,-130.0,20.0,9.621092
38.0,-128.0,20.0,9.722186
38.0,-126.0,20.0,9.888458
38.0,-124.0,20.0,10.177666
38.0,-122.0,20.0,10.1899805
38.0,-120.0,20.0,10.4292345
38.0,-118.0,20.0,10.941276
38.0,-116.0,20.0,11.719492
38.0,-114.0,20.0,12.05363
38.0,-112.0,20.0,12.081575
38.0,-110.0,20.0,11.619352
38.0,-108.0,20.0,11.599211
38.0,-106.0,20.0,11.715868
38.0,-104.0,20.0,11.474696
38.0,-102.0,20.0,11.680135
38.0,-100.0,20.0,12.325598
38.0,-98.0,20.0,12.120701
38.0,-96.0,20.0,12.026155
38.0,-94.0,20.0,12.255786
38.0,-92.0,20.0,12.529638
38.0,-90.0,20.0,13.022549
38.0,-88.0,20.0,13.183611
38.0,-86.0,20.0,13.649612
38.0,-84.0,20.0,13.678369
38.0,-82.0,20.0,13.719348
38.0,-80.0,20.0,13.346826
38.0,-78.0,20.0,13.521689
38.0,-76.0,20.0,13.58278
38.0,-74.0,20.0,12.842382
38.0,-72.0,20.0,12.811638
38.0,-70.0,20.0,12.754391
38.0,-68.0,20.0,12.501429
38.0,-66.0,20.0,12.123593
38.0,-64.0,20.0,11.424022
38.0,-62.0,20.0,11.208987
38.0,-60.0,20.0,11.219852
38.0,-58.0,20.0,11.16443
38.0,-56.0,20.0,10.724033
38.0,-54.0,20.0,10.897297
38.0,-52.0,20.0,10.40616
38.0,-50.0,20.0,9.718346
38.0,-48.0,20.0,8.998434
38.0,-46.0,20.0,8.727191
38.0,-44.0,20.0,8.779256
38.0,-42.0,20.0,8.687194
38.0,-40.0,20.0,8.522162
38.0,-38.0,20.0,8.427792
38.0,-36.0,20.0,8.058403
38.0,-34.0,20.0,7.8341427
38.0,-32.0,20.0,7.6397657
38.0,-30.0,20.0,7.577844
38.0,-28.0,20.0,7.8598127
38.0,-26.0,20.0,8.074412
38.0,-24.0,20.0,8.274352
38.0,-22.0,20.0,7.7961173
38.0,-20.0,20.0,6.856894
38.0,-18.0,20.0,6.176509
38.0,-16.0,20.0,5.929451
38.0,-14.0,20.0,6.122607
38.0,-12.0,20.0,6.0604577
38.0,-10.0,20.0,6.226696
38.0,-8.0,20.0,6.9880586
38.0,-6.0,20.0,7.022124
38.0,-4.0,20.0,6.1951094
38.0,-2.0,20.0,6.1023765
38.0,0.0,20.0,6.3782573
38.0,2.0,20.0,6.4496326
38.0,4.0,20.0,6.532903
38.0,6.0,20.0,6.988161
38.0,8.0,20.0,7.094499
38.0,10.0,20.0,6.1206207
38.0,12.0,20.0,5.698717
38.0,14.0,20.0,5.8275523
38.0,16.0,20.0,5.9218907
38.0,18.0,20.0,5.9544644
38.0,20.0,20.0,6.1881742
38.0,22.0,20.0,6.6209865
38.0,24.0,20.0,6.555813
38.0,26.0,20.0,6.2636027
38.0,28.0,20.0,6.1952915
38.0,30.0,20.0,6.277306
38.0,32.0,20.0,5.934022
38.0,34.0,20.0,5.56745
38.0,36.0,20.0,5.6121597
38.0,38.0,20.0,5.769027
38.0,40.0,20.0,6.1299787
38.0,42.0,20.0,5.731914
38.0,44.0,20.0,5.201146
38.0,46.0,20.0,5.1430354
38.0,48.0,20.0,5.446196
38.0,50.0,20.0,6.068302
38.0,52.0,20.0,6.1395736
38.0,54.0,20.0,5.554408
38.0,56.0,20.0,5.1895056
38.0,58.0,20.0,5.2828064
38.0,60.0,20.0,5.7328134
38.0,62.0,20.0,5.837962
38.0,64.0,20.0,5.7860427
38.0,66.0,20.0,5.916231
38.0,68.0,20.0,5.9784245
38.0,70.0,20.0,5.4431496
38.0,72.0,20.0,4.9648767
38.0,74.0,20.0,4.9622617
38.0,76.0,20.0,5.2156634
38.0,78.0,20.0,5.24827
38.0,80.0,20.0,5.41924
38.0,82.0,20.0,5.945035
38.0,84.0,20.0,5.979048
38.0,86.0,20.0,5.4396772
38.0,88.0,20.0,5.2679687
38.0,90.0,20.0,5.390434
38.0,92.0,20.0,5.411405
38.0,94.0,20.0,5.4804273
38.0,96.0,20.0,5.9601865
38.0,98.0,20.0,5.862829
38.0,100.0,20.0,5.1407514
38.0,102.0,20.0,4.876916
38.0,104.0,20.0,4.9238915
38.0,106.0,20.0,4.881963
38.0,108.0,20.0,4.827834
38.0,110.0,20.0,4.9900994
38.0,112.0,20.0,5.320956
38.0,114.0,20.0,5.4200244
38.0,116.0,20.0,5.098437
38.0,118.0,20.0,4.8644633
38.0,120.0,20.0,4.974852
38.0,122.0,20.0,4.87959
38.0,124.0,20.0,4.8638077
38.0,126.0,20.0,4.838773
38.0,128.0,20.0,5.0243773
38.0,130.0,20.0,4.81931
38.0,132.0,20.0,4.4495354
38.0,134.0,20.0,4.2480474
38.0,136.0,20.0,4.243486
38.0,138.0,20.0,4.5974765
38.0,140.0,20.0,4.868221
38.0,142.0,20.0,5.0006337
38.0,144.0,20.0,5.087692
38.0,146.0,20.0,5.1017647
38.0,148.0,20.0,5.013512
38.0,150.0,20.0,5.0747194
38.0,152.0,20.0,4.8906994
38.0,154.0,20.0,4.9216256
38.0,156.0,20.0,5.166152
38.0,158.0,20.0,5.3133683
38.0,160.0,20.0,5.2675314
38.0,162.0,20.0,5.04046
38.0,164.0,20.0,4.7648125
38.0,166.0,20.0,4.7361183
38.0,168.0,20.0,5.0017834
38.0,170.0,20.0,5.6367545
38.0,172.0,20.0,6.771701
38.0,174.0,20.0,7.1816483
38.0,176.0,20.0,7.093269
38.0,178.0,20.0,6.5590296
38.0,180.0,20.0,6.2341127
40.0,-180.0,20.0,5.7785845
40.0,-178.0,20.0,5.96721
40.0,-176.0,20.0,6.068407
40.0,-174.0,20.0,6.2395115
40.0,-172.0,20.0,6.252225
40.0,-170.0,20.0,6.423985
40.0,-168.0,20.0,5.954431
40.0,-166.0,20.0,5.6361527
40.0,-164.0,20.0,6.1448355
40.0,-162.0,20.0,6.567584
40.0,-160.0,20.0,7.1150904
40.0,-158.0,20.0,7.774743
40.0,-156.0,20.0,8.496829
40.0,-154.0,20.0,8.587269
40.0,-152.0,20.0,8.126466
40.0,-150.0,20.0,7.7419863
40.0,-148.0,20.0,7.5139127
40.0,-146.0,20.0,7.555056
40.0,-144.0,20.0,7.8249755
40.0,-142.0,20.0,7.9432015
40.0,-140.0,20.0,8.339573
40.0,-138.0,20.0,8.622858
40.0,-136.0,20.0,8.748351
40.0,-134.0,20.0,8.830187
40.0,-132.0,20.0,8.915349
40.0,-130.0,20.0,9.149093
40.0,-128.0,20.0,9.51459
40.0,-126.0,20.0,9.7019
40.0,-124.0,20.0,9.894677
40.0,-122.0,20.0,10.047274
40.0,-120.0,20.0,10.250071
40.0,-118.0,20.0,10.676618
40.0,-116.0,20.0,11.40188
40.0,-114.0,20.0,11.977882
40.0,-112.0,20.0,12.03509
40.0,-110.0,20.0,11.3746605
40.0,-108.0,20.0,11.516828
40.0,-106.0,20.0,11.709749
40.0,-104.0,20.0,11.173537
40.0,-102.0,20.0,11.040834
40.0,-100.0,20.0,12.138408
40.0,-98.0,20.0,12.273532
40.0,-96.0,20.0,11.780396
40.0,-94.0,20.0,11.576159
40.0,-92.0,20.0,12.086862
40.0,-90.0,20.0,12.678921
40.0,-88.0,20.0,12.6001215
40.0,-86.0,20.0,13.2654085
40.0,-84.0,20.0,13.399146
40.0,-82.0,20.0,13.353328
40.0,-80.0,20.0,12.739818
40.0,-78.0,20.0,12.792983
40.0,-76.0,20.0,12.866873
40.0,-74.0,20.0,11.996502
40.0,-72.0,20.0,12.013566
40.0,-70.0,20.0,12.280551
40.0,-68.0,20.0,12.364826
40.0,-66.0,20.0,11.930431
40.0,-64.0,20.0,11.487693
40.0,-62.0,20.0,11.26306
40.0,-60.0,20.0,11.294724
40.0,-58.0,20.0,10.854307
40.0,-56.0,20.0,10.444677
40.0,-54.0,20.0,10.569942
40.0,-52.0,20.0,10.359206
40.0,-50.0,20.0,9.736354
40.0,-48.0,20.0,8.878205
40.0,-46.0,20.0,8.587048
40.0,-44.0,20.0,8.528515
40.0,-42.0,20.0,8.484974
40.0,-40.0,20.0,8.431307
40.0,-38.0,20.0,8.17723
40.0,-36.0,20.0,7.7911596
40.0,-34.0,20.0,7.7035813
40.0,-32.0,20.0,7.626844
40.0,-30.0,20.0,7.619923
40.0,-28.0,20.0,7.815513
40.0,-26.0,20.0,8.158451
40.0,-24.0,20.0,8.421107
40.0,-22.0,20.0,7.785713
40.0,-20.0,20.0,6.994334
40.0,-18.0,20.0,6.349411
40.0,-16.0,20.0,5.933981
40.0,-14.0,20.0,6.0683384
40.0,-12.0,20.0,6.2674956
40.0,-10.0,20.0,6.4503427
40.0,-8.0,20.0,6.845498
40.0,-6.0,20.0,6.815112
40.0,-4.0,20.0,6.257747
40.0,-2.0,20.0,6.1293592
40.0,0.0,20.0,6.257886
40.0,2.0,20.0,6.448762
40.0,4.0,20.0,6.595393
40.0,6.0,20.0,6.8752604
40.0,8.0,20.0,6.80243
40.0,10.0,20.0,6.128832
40.0,12.0,20.0,5.707748
40.0,14.0,20.0,5.8837237
40.0,16.0,20.0,5.846124
40.0,18.0,20.0,5.8860807
40.0,20.0,20.0,6.1090574
40.0,22.0,20.0,6.463272
40.0,24.0,20.0,6.4013586
40.0,26.0,20.0,6.1568003
40.0,28.0,20.0,6.214994
40.0,30.0,20.0,6.136268
40.0,32.0,20.0,5.6034875
40.0,34.0,20.0,5.471401
40.0,36.0,20.0,5.59977
40.0,38.0,20.0,5.8429317
40.0,40.0,20.0,6.1307683
40.0,42.0,20.0,5.755709
40.0,44.0,20.0,5.0600886
40.0,46.0,20.0,4.8997188
40.0,48.0,20.0,5.3111324
40.0,50.0,20.0,6.0126038
40.0,52.0,20.0,6.0193124
40.0,54.0,20.0,5.4603453
40.0,56.0,20.0,5.2425613
40.0,58.0,20.0,5.286706
40.0,60.0,20.0,5.845775
40.0,62.0,20.0,5.886191
40.0,64.0,20.0,5.8238153
40.0,66.0,20.0,6.0204234
40.0,68.0,20.0,6.201113
40.0,70.0,20.0,5.65703
40.0,72.0,20.0,5.083601
40.0,74.0,20.0,4.9935617
40.0,76.0,20.0,5.2634435
40.0,78.0,20.0,5.225034
40.0,80.0,20.0,5.4474196
40.0,82.0,20.0,6.091088
40.0,84.0,20.0,5.983959
40.0,86.0,20.0,5.313037
40.0,88.0,20.0,5.1977787
40.0,90.0,20.0,5.3475385
40.0,92.0,20.0,5.3721356
40.0,94.0,20.0,5.4994006
40.0,96.0,20.0,6.020339
40.0,98.0,20.0,5.9890337
40.0,100.0,20.0,5.2142777
40.0,102.0,20.0,4.8632936
40.0,104.0,20.0,4.817464
40.0,106.0,20.0,4.8279715
40.0,108.0,20.0,4.8439465
40.0,110.0,20.0,5.0529866
40.0,112.0,20.0,5.337864
40.0,114.0,20.0,5.2307134
40.0,116.0,20.0,5.0683594
40.0,118.0,20.0,4.865499
40.0,120.0,20.0,4.870535
40.0,122.0,20.0,4.8954673
40.0,124.0,20.0,4.964387
40.0,126.0,20.0,4.954723
40.0,128.0,20.0,4.898458
40.0,130.0,20.0,4.6963863
40.0,132.0,20.0,4.376452
40.0,134.0,20.0,4.217622
40.0,136.0,20.0,4.250952
40.0,138.0,20.0,4.3978415
40.0,140.0,20.0,4.6541
40.0,142.0,20.0,4.7978992
40.0,144.0,20.0,4.802975
40.0,146.0,20.0,4.8191733
40.0,148.0,20.0,4.744037
40.0,150.0,20.0,4.7525897
40.0,152.0,20.0,4.6246076
40.0,154.0,20.0,4.598397
40.0,156.0,20.0,4.7461157
40.0,158.0,20.0,4.9678307
40.0,160.0,20.0,4.9899793
40.0,162.0,20.0,4.7813897
40.0,164.0,20.0,4.510439
40.0,166.0,20.0,4.658379
40.0,168.0,20.0,4.947506
40.0,170.0,20.0,5.3311257
40.0,172.0,20.0,6.118956
40.0,174.0,20.0,6.6322694
40.0,176.0,20.0,6.544102
40.0,178.0,20.0,6.006704
40.0,180.0,20.0,5.7785845
42.0,-180.0,20.0,5.4417295
42.0,-178.0,20.0,5.738325
42.0,-176.0,20.0,5.759259
42.0,-174.0,20.0,5.906507
42.0,-172.0,20.0,6.1056924
42.0,-170.0,20.0,6.1223197
42.0,-168.0,20.0,5.7190237
42.0,-166.0,20.0,5.5052915
42.0,-164.0,20.0,5.933606
42.0,-162.0,20.0,6.1359634
42.0,-160.0,20.0,6.563849
42.0,-158.0,20.0,7.2816424
42.0,-156.0,20.0,7.987861
42.0,-154.0,20.0,8.04576
42.0,-152.0,20.0,7.4296293
42.0,-150.0,20.0,7.138224
42.0,-148.0,20.0,7.0336995
42.0,-146.0,20.0,6.9178
42.0,-144.0,20.0,7.0772433
42.0,-142.0,20.0,7.3062005
42.0,-140.0,20.0,7.7424107
42.0,-138.0,20.0,7.977888
42.0,-136.0,20.0,7.9370756
42.0,-134.0,20.0,7.869104
42.0,-132.0,20.0,8.005575
42.0,-130.0,20.0,8.522721
42.0,-128.0,20.0,8.850921
42.0,-126.0,20.0,9.075495
42.0,-124.0,20.0,9.256631
42.0,-122.0,20.0,9.478152
42.0,-120.0,20.0,9.802976
42.0,-118.0,20.0,10.27988
42.0,-116.0,20.0,10.824208
42.0,-114.0,20.0,11.344939
42.0,-112.0,20.0,11.283898
42.0,-110.0,20.0,10.779112
42.0,-108.0,20.0,10.610311
42.0,-106.0,20.0,10.719005
42.0,-104.0,20.0,10.289913
42.0,-102.0,20.0,10.263936
42.0,-100.0,20.0,11.068007
42.0,-98.0,20.0,11.43333
42.0,-96.0,20.0,11.200975
42.0,-94.0,20.0,10.922523
42.0,-92.0,20.0,11.24811
42.0,-90.0,20.0,11.27024
42.0,-88.0,20.0,11.626249
42.0,-86.0,20.0,12.011613
42.0,-84.0,20.0,12.244751
42.0,-82.0,20.0,12.096333
42.0,-80.0,20.0,11.575874
42.0,-78.0,20.0,11.5174265
42.0,-76.0,20.0,11.425253
42.0,-74.0,20.0,10.917388
42.0,-72.0,20.0,10.99595
42.0,-70.0,20.0,11.371884
42.0,-68.0,20.0,11.673758
42.0,-66.0,20.0,11.435486
42.0,-64.0,20.0,11.056808
42.0,-62.0,20.0,10.902073
42.0,-60.0,20.0,10.809361
42.0,-58.0,20.0,10.283483
42.0,-56.0,20.0,9.677354
42.0,-54.0,20.0,9.916282
42.0,-52.0,20.0,9.774732
42.0,-50.0,20.0,9.17137
42.0,-48.0,20.0,8.42466
42.0,-46.0,20.0,7.936716
42.0,-44.0,20.0,7.8470674
42.0,-42.0,20.0,7.9526362
42.0,-40.0,20.0,7.9883986
42.0,-38.0,20.0,7.6970162
42.0,-36.0,20.0,7.2891994
42.0,-34.0,20.0,7.383015
42.0,-32.0,20.0,7.351211
42.0,-30.0,20.0,7.3789306
42.0,-28.0,20.0,7.6219726
42.0,-26.0,20.0,8.114389
42.0,-24.0,20.0,8.2978
42.0,-22.0,20.0,7.621149
42.0,-20.0,20.0,6.853229
42.0,-18.0,20.0,6.287385
42.0,-16.0,20.0,5.902974
42.0,-14.0,20.0,6.0065603
42.0,-12.0,20.0,6.216817
42.0,-10.0,20.0,6.494362
42.0,-8.0,20.0,6.851556
42.0,-6.0,20.0,6.786638
42.0,-4.0,20.0,6.0722513
42.0,-2.0,20.0,5.9543567
42.0,0.0,20.0,6.226307
42.0,2.0,20.0,6.536047
42.0,4.0,20.0,6.790599
42.0,6.0,20.0,6.890609
42.0,8.0,20.0,6.7072845
42.0,10.0,20.0,6.112476
42.0,12.0,20.0,5.7121286
42.0,14.0,20.0,5.763597
42.0,16.0,20.0,5.722305
42.0,18.0,20.0,5.912964
42.0,20.0,20.0,6.150463
42.0,22.0,20.0,6.532405
42.0,24.0,20.0,6.4457498
42.0,26.0,20.0,6.2107754
42.0,28.0,20.0,6.2479095
42.0,30.0,20.0,6.077103
42.0,32.0,20.0,5.566814
42.0,34.0,20.0,5.403186
42.0,36.0,20.0,5.658393
42.0,38.0,20.0,5.845271
42.0,40.0,20.0,6.068975
42.0,42.0,20.0,5.8431506
42.0,44.0,20.0,5.2755375
42.0,46.0,20.0,4.9836802
42.0,48.0,20.0,5.2949886
42.0,50.0,20.0,5.95767
42.0,52.0,20.0,6.0785623
42.0,54.0,20.0,5.5539665
42.0,56.0,20.0,5.1949596
42.0,58.0,20.0,5.3120594
42.0,60.0,20.0,5.916065
42.0,62.0,20.0,6.047106
42.0,64.0,20.0,5.9171677
42.0,66.0,20.0,6.2664914
42.0,68.0,20.0,6.487513
42.0,70.0,20.0,5.889829
42.0,72.0,20.0,5.14521
42.0,74.0,20.0,5.1753616
42.0,76.0,20.0,5.4715643
42.0,78.0,20.0,5.401506
42.0,80.0,20.0,5.6827593
42.0,82.0,20.0,6.2473164
42.0,84.0,20.0,6.1939535
42.0,86.0,20.0,5.456522
42.0,88.0,20.0,5.2703195
42.0,90.0,20.0,5.452493
42.0,92.0,20.0,5.388436
42.0,94.0,20.0,5.545825
42.0,96.0,20.0,6.218046
42.0,98.0,20.0,6.269023
42.0,100.0,20.0,5.442296
42.0,102.0,20.0,5.0397167
42.0,104.0,20.0,5.0434833
42.0,106.0,20.0,5.012836
42.0,108.0,20.0,5.066611
42.0,110.0,20.0,5.3866534
42.0,112.0,20.0,5.8015547
42.0,114.0,20.0,5.4766216
42.0,116.0,20.0,5.1331825
42.0,118.0,20.0,4.9088426
42.0,120.0,20.0,4.911761
42.0,122.0,20.0,4.9996037
42.0,124.0,20.0,5.02327
42.0,126.0,20.0,5.094935
42.0,128.0,20.0,5.042931
42.0,130.0,20.0,4.7902994
42.0,132.0,20.0,4.443905
42.0,134.0,20.0,4.257222
42.0,136.0,20.0,4.280467
42.0,138.0,20.0,4.4552994
42.0,140.0,20.0,4.6897683
42.0,142.0,20.0,4.8237066
42.0,144.0,20.0,4.9326515
42.0,146.0,20.0,4.9562864
42.0,148.0,20.0,4.782302
42.0,150.0,20.0,4.788699
42.0,152.0,20.0,4.693826
42.0,154.0,20.0,4.686835
42.0,156.0,20.0,4.7989135
42.0,158.0,20.0,4.972002
42.0,160.0,20.0,5.085611
42.0,162.0,20.0,4.843699
42.0,164.0,20.0,4.59055
42.0,166.0,20.0,4.7846117
42.0,168.0,20.0,4.9889503
42.0,170.0,20.0,5.313684
42.0,172.0,20.0,5.9369655
42.0,174.0,20.0,6.3642445
42.0,176.0,20.0,6.19678
42.0,178.0,20.0,5.6807475
42.0,180.0,20.0,5.4417295
44.0,-180.0,20.0,6.735251
44.0,-178.0,20.0,6.7755413
44.0,-176.0,20.0,6.8495226
44.0,-174.0,20.0,7.2946606
44.0,-172.0,20.0,7.430349
44.0,-170.0,20.0,7.2462487
44.0,-168.0,20.0,6.8662767
44.0,-166.0,20.0,6.715092
44.0,-164.0,20.0,6.9806085
44.0,-162.0,20.0,7.11171
44.0,-160.0,20.0,7.627019
44.0,-158.0,20.0,8.41963
44.0,-156.0,20.0,8.944044
44.0,-154.0,20.0,8.888352
44.0,-152.0,20.0,8.449702
44.0,-150.0,20.0,8.321949
44.0,-148.0,20.0,8.1346655
44.0,-146.0,20.0,7.940174
44.0,-144.0,20.0,8.124519
44.0,-142.0,20.0,8.507491
44.0,-140.0,20.0,9.107182
44.0,-138.0,20.0,9.439445
44.0,-136.0,20.0,9.327341
44.0,-134.0,20.0,9.129891
44.0,-132.0,20.0,9.330597
44.0,-130.0,20.0,9.902012
44.0,-128.0,20.0,10.315356
44.0,-126.0,20.0,10.03437
44.0,-124.0,20.0,9.907526
44.0,-122.0,20.0,10.333091
44.0,-120.0,20.0,11.078218
44.0,-118.0,20.0,11.430023
44.0,-116.0,20.0,11.694887
44.0,-114.0,20.0,12.270565
44.0,-112.0,20.0,12.201816
44.0,-110.0,20.0,11.585174
44.0,-108.0,20.0,11.517874
44.0,-106.0,20.0,11.749707
44.0,-104.0,20.0,11.610549
44.0,-102.0,20.0,11.43527
44.0,-100.0,20.0,12.015267
44.0,-98.0,20.0,12.671844
44.0,-96.0,20.0,12.634981
44.0,-94.0,20.0,11.831639
44.0,-92.0,20.0,11.921318
44.0,-90.0,20.0,12.253811
44.0,-88.0,20.0,12.482867
44.0,-86.0,20.0,12.773379
44.0,-84.0,20.0,13.244421
44.0,-82.0,20.0,13.240602
44.0,-80.0,20.0,12.346156
44.0,-78.0,20.0,12.088807
44.0,-76.0,20.0,12.340491
44.0,-74.0,20.0,11.982032
44.0,-72.0,20.0,11.728079
44.0,-70.0,20.0,12.148863
44.0,-68.0,20.0,12.568755
44.0,-66.0,20.0,12.425224
44.0,-64.0,20.0,11.561044
44.0,-62.0,20.0,11.652401
44.0,-60.0,20.0,11.791046
44.0,-58.0,20.0,11.284808
44.0,-56.0,20.0,10.771115
44.0,-54.0,20.0,11.035724
44.0,-52.0,20.0,11.154705
44.0,-50.0,20.0,10.629852
44.0,-48.0,20.0,9.704197
44.0,-46.0,20.0,9.121261
44.0,-44.0,20.0,9.250382
44.0,-42.0,20.0,9.619479
44.0,-40.0,20.0,9.7023
44.0,-38.0,20.0,9.171063
44.0,-36.0,20.0,8.652478
44.0,-34.0,20.0,8.653996
44.0,-32.0,20.0,8.639922
44.0,-30.0,20.0,8.721968
44.0,-28.0,20.0,9.126092
44.0,-26.0,20.0,9.660544
44.0,-24.0,20.0,9.614079
44.0,-22.0,20.0,8.717681
44.0,-20.0,20.0,7.937318
44.0,-18.0,20.0,7.208694
44.0,-16.0,20.0,6.728085
44.0,-14.0,20.0,6.926457
44.0,-12.0,20.0,7.139259
44.0,-10.0,20.0,7.5440207
44.0,-8.0,20.0,7.9497266
44.0,-6.0,20.0,8.077502
44.0,-4.0,20.0,7.4270277
44.0,-2.0,20.0,7.088005
44.0,0.0,20.0,7.4700465
44.0,2.0,20.0,7.802696
44.0,4.0,20.0,8.018849
44.0,6.0,20.0,8.26159
44.0,8.0,20.0,8.08916
44.0,10.0,20.0,7.380736
44.0,12.0,20.0,6.7758374
44.0,14.0,20.0,6.752947
44.0,16.0,20.0,6.8039837
44.0,18.0,20.0,6.9629445
44.0,20.0,20.0,7.2898397
44.0,22.0,20.0,7.773088
44.0,24.0,20.0,7.6799083
44.0,26.0,20.0,7.3473783
44.0,28.0,20.0,7.211427
44.0,30.0,20.0,7.0863256
44.0,32.0,20.0,6.7528243
44.0,34.0,20.0,6.5133376
44.0,36.0,20.0,6.7470574
44.0,38.0,20.0,6.9409637
44.0,40.0,20.0,7.170393
44.0,42.0,20.0,6.924573
44.0,44.0,20.0,6.225933
44.0,46.0,20.0,6.006089
44.0,48.0,20.0,6.3869987
44.0,50.0,20.0,7.0821824
44.0,52.0,20.0,7.257592
44.0,54.0,20.0,6.618889
44.0,56.0,20.0,6.3404694
44.0,58.0,20.0,6.4806623
44.0,60.0,20.0,6.975649
44.0,62.0,20.0,7.1163745
44.0,64.0,20.0,6.941899
44.0,66.0,20.0,7.3959794
44.0,68.0,20.0,7.6108537
44.0,70.0,20.0,6.961358
44.0,72.0,20.0,6.173098
44.0,74.0,20.0,6.1613655
44.0,76.0,20.0,6.52728
44.0,78.0,20.0,6.4750357
44.0,80.0,20.0,6.711208
44.0,82.0,20.0,7.5114317
44.0,84.0,20.0,7.527111
44.0,86.0,20.0,6.596949
44.0,88.0,20.0,6.35183
44.0,90.0,20.0,6.5669436
44.0,92.0,20.0,6.4451857
44.0,94.0,20.0,6.577984
44.0,96.0,20.0,7.375369
44.0,98.0,20.0,7.490576
44.0,100.0,20.0,6.5530524
44.0,102.0,20.0,5.9826255
44.0,104.0,20.0,6.004398
44.0,106.0,20.0,6.087289
44.0,108.0,20.0,6.0170956
44.0,110.0,20.0,6.358292
44.0,112.0,20.0,6.978951
44.0,114.0,20.0,6.7896533
44.0,116.0,20.0,6.2227826
44.0,118.0,20.0,5.988837
44.0,120.0,20.0,6.0795245
44.0,122.0,20.0,6.221425
44.0,124.0,20.0,6.1791935
44.0,126.0,20.0,6.2392645
44.0,128.0,20.0,6.2641373
44.0,130.0,20.0,5.866772
44.0,132.0,20.0,5.3755183
44.0,134.0,20.0,5.1002812
44.0,136.0,20.0,5.2202396
44.0,138.0,20.0,5.484652
44.0,140.0,20.0,5.85177
44.0,142.0,20.0,5.979895
44.0,144.0,20.0,5.951227
44.0,146.0,20.0,5.9491787
44.0,148.0,20.0,5.841323
44.0,150.0,20.0,5.7707705
44.0,152.0,20.0,5.772884
44.0,154.0,20.0,5.93223
44.0,156.0,20.0,6.154965
44.0,158.0,20.0,6.159161
44.0,160.0,20.0,6.105281
44.0,162.0,20.0,5.8443484
44.0,164.0,20.0,5.6245513
44.0,166.0,20.0,5.837372
44.0,168.0,20.0,6.012878
44.0,170.0,20.0,6.4131536
44.0,172.0,20.0,7.19892
44.0,174.0,20.0,7.6465497
44.0,176.0,20.0,7.5540457
44.0,178.0,20.0,6.936164
44.0,180.0,20.0,6.735251
46.0,-180.0,20.0,8.79871
46.0,-178.0,20.0,8.655949
46.0,-176.0,20.0,9.114889
46.0,-174.0,20.0,9.804846
46.0,-172.0,20.0,9.798562
46.0,-170.0,20.0,9.355827
46.0,-168.0,20.0,9.048787
46.0,-166.0,20.0,8.829934
46.0,-164.0,20.0,8.860688
46.0,-162.0,20.0,9.282853
46.0,-160.0,20.0,10.005872
46.0,-158.0,20.0,10.964475
46.0,-156.0,20.0,11.537168
46.0,-154.0,20.0,11.358569
46.0,-152.0,20.0,11.002998
46.0,-150.0,20.0,10.725163
46.0,-148.0,20.0,10.574611
46.0,-146.0,20.0,10.568282
46.0,-144.0,20.0,10.939317
46.0,-142.0,20.0,11.442803
46.0,-140.0,20.0,11.914473
46.0,-138.0,20.0,12.402119
46.0,-136.0,20.0,12.454656
46.0,-134.0,20.0,12.41934
46.0,-132.0,20.0,12.79938
46.0,-130.0,20.0,12.973176
46.0,-128.0,20.0,12.993257
46.0,-126.0,20.0,12.550103
46.0,-124.0,20.0,12.209158
46.0,-122.0,20.0,12.554167
46.0,-120.0,20.0,13.551174
46.0,-118.0,20.0,14.075392
46.0,-116.0,20.0,14.319657
46.0,-114.0,20.0,14.975777
46.0,-112.0,20.0,15.288284
46.0,-110.0,20.0,14.526178
46.0,-108.0,20.0,14.110998
46.0,-106.0,20.0,14.315568
46.0,-104.0,20.0,14.298864
46.0,-102.0,20.0,14.114771
46.0,-100.0,20.0,14.967624
46.0,-98.0,20.0,15.751684
46.0,-96.0,20.0,15.44562
46.0,-94.0,20.0,14.578051
46.0,-92.0,20.0,14.367192
46.0,-90.0,20.0,14.795786
46.0,-88.0,20.0,14.994723
46.0,-86.0,20.0,15.428542
46.0,-84.0,20.0,15.942988
46.0,-82.0,20.0,15.8939495
46.0,-80.0,20.0,14.78729
46.0,-78.0,20.0,14.559045
46.0,-76.0,20.0,14.753093
46.0,-74.0,20.0,14.409098
46.0,-72.0,20.0,14.424366
46.0,-70.0,20.0,14.96898
46.0,-68.0,20.0,15.356385
46.0,-66.0,20.0,15.020725
46.0,-64.0,20.0,14.035434
46.0,-62.0,20.0,14.077906
46.0,-60.0,20.0,14.344254
46.0,-58.0,20.0,13.600937
46.0,-56.0,20.0,13.261206
46.0,-54.0,20.0,13.96261
46.0,-52.0,20.0,14.154914
46.0,-50.0,20.0,13.425237
46.0,-48.0,20.0,12.449804
46.0,-46.0,20.0,11.971318
46.0,-44.0,20.0,12.376586
46.0,-42.0,20.0,12.471884
46.0,-40.0,20.0,12.229034
46.0,-38.0,20.0,11.734514
46.0,-36.0,20.0,11.256499
46.0,-34.0,20.0,11.152708
46.0,-32.0,20.0,10.861398
46.0,-30.0,20.0,10.720608
46.0,-28.0,20.0,11.213472
46.0,-26.0,20.0,11.948017
46.0,-24.0,20.0,11.887625
46.0,-22.0,20.0,10.994733
46.0,-20.0,20.0,10.0012
46.0,-18.0,20.0,9.24691
46.0,-16.0,20.0,8.402717
46.0,-14.0,20.0,8.413402
46.0,-12.0,20.0,9.032332
46.0,-10.0,20.0,9.554663
46.0,-8.0,20.0,10.274646
46.0,-6.0,20.0,10.403439
46.0,-4.0,20.0,9.832358
46.0,-2.0,20.0,9.211409
46.0,0.0,20.0,9.232245
46.0,2.0,20.0,9.588041
46.0,4.0,20.0,9.904975
46.0,6.0,20.0,10.046751
46.0,8.0,20.0,9.899573
46.0,10.0,20.0,8.962432
46.0,12.0,20.0,8.2583685
46.0,14.0,20.0,8.229858
46.0,16.0,20.0,8.391026
46.0,18.0,20.0,8.4437275
46.0,20.0,20.0,8.862748
46.0,22.0,20.0,9.552814
46.0,24.0,20.0,9.601106
46.0,26.0,20.0,9.055851
46.0,28.0,20.0,8.831339
46.0,30.0,20.0,9.00713
46.0,32.0,20.0,8.386773
46.0,34.0,20.0,8.010539
46.0,36.0,20.0,8.27845
46.0,38.0,20.0,8.665542
46.0,40.0,20.0,8.995515
46.0,42.0,20.0,8.543506
46.0,44.0,20.0,7.5672264
46.0,46.0,20.0,7.3504853
46.0,48.0,20.0,7.944033
46.0,50.0,20.0,8.881091
46.0,52.0,20.0,8.703511
46.0,54.0,20.0,8.040201
46.0,56.0,20.0,7.8568845
46.0,58.0,20.0,8.003507
46.0,60.0,20.0,8.48459
46.0,62.0,20.0,8.515842
46.0,64.0,20.0,8.413662
46.0,66.0,20.0,9.033599
46.0,68.0,20.0,9.222455
46.0,70.0,20.0,8.515823
46.0,72.0,20.0,7.7924395
46.0,74.0,20.0,7.8443403
46.0,76.0,20.0,8.218105
46.0,78.0,20.0,8.081222
46.0,80.0,20.0,8.398927
46.0,82.0,20.0,9.579043
46.0,84.0,20.0,9.335662
46.0,86.0,20.0,8.261031
46.0,88.0,20.0,8.04023
46.0,90.0,20.0,8.324735
46.0,92.0,20.0,8.035167
46.0,94.0,20.0,8.142452
46.0,96.0,20.0,9.36057
46.0,98.0,20.0,9.480152
46.0,100.0,20.0,8.15934
46.0,102.0,20.0,7.726915
46.0,104.0,20.0,7.6796246
46.0,106.0,20.0,7.457099
46.0,108.0,20.0,7.4046125
46.0,110.0,20.0,7.9604254
46.0,112.0,20.0,8.611239
46.0,114.0,20.0,8.646359
46.0,116.0,20.0,8.310875
46.0,118.0,20.0,7.9259734
46.0,120.0,20.0,7.9108267
46.0,122.0,20.0,7.765549
46.0,124.0,20.0,7.70791
46.0,126.0,20.0,8.007698
46.0,128.0,20.0,8.144107
46.0,130.0,20.0,7.7479377
46.0,132.0,20.0,7.0624814
46.0,134.0,20.0,6.9090686
46.0,136.0,20.0,6.8870564
46.0,138.0,20.0,7.105175
46.0,140.0,20.0,7.529597
46.0,142.0,20.0,7.6250587
46.0,144.0,20.0,7.5710487
46.0,146.0,20.0,7.6360545
46.0,148.0,20.0,7.814684
46.0,150.0,20.0,7.6607265
46.0,152.0,20.0,7.5323906
46.0,154.0,20.0,7.745322
46.0,156.0,20.0,8.293743
46.0,158.0,20.0,8.287629
46.0,160.0,20.0,7.9556518
46.0,162.0,20.0,7.5974846
46.0,164.0,20.0,7.2667017
46.0,166.0,20.0,7.457284
46.0,168.0,20.0,7.679335
46.0,170.0,20.0,8.168064
46.0,172.0,20.0,9.428014
46.0,174.0,20.0,9.8000965
46.0,176.0,20.0,9.409627
46.0,178.0,20.0,9.050009
46.0,180.0,20.0,8.79871
48.0,-180.0,20.0,10.0901375
48.0,-178.0,20.0,10.252945
48.0,-176.0,20.0,10.5578985
48.0,-174.0,20.0,10.979975
48.0,-172.0,20.0,11.105696
48.0,-170.0,20.0,10.742187
48.0,-168.0,20.0,10.234822
48.0,-166.0,20.0,10.094406
48.0,-164.0,20.0,10.378449
48.0,-162.0,20.0,10.836401
48.0,-160.0,20.0,11.543645
48.0,-158.0,20.0,12.2131605
48.0,-156.0,20.0,12.334573
48.0,-154.0,20.0,12.188598
48.0,-152.0,20.0,12.27951
48.0,-150.0,20.0,12.150583
48.0,-148.0,20.0,12.143626
48.0,-146.0,20.0,12.159387
48.0,-144.0,20.0,12.357553
48.0,-142.0,20.0,12.405256
48.0,-140.0,20.0,12.977238
48.0,-138.0,20.0,13.52285
48.0,-136.0,20.0,13.527764
48.0,-134.0,20.0,13.473075
48.0,-132.0,20.0,13.9000435
48.0,-130.0,20.0,14.061512
48.0,-128.0,20.0,13.906388
48.0,-126.0,20.0,13.2986555
48.0,-124.0,20.0,13.530326
48.0,-122.0,20.0,13.99245
48.0,-120.0,20.0,14.740327
48.0,-118.0,20.0,15.299562
48.0,-116.0,20.0,15.579927
48.0,-114.0,20.0,15.922912
48.0,-112.0,20.0,15.827721
48.0,-110.0,20.0,15.140816
48.0,-108.0,20.0,14.792848
48.0,-106.0,20.0,15.003559
48.0,-104.0,20.0,14.9852915
48.0,-102.0,20.0,14.930806
48.0,-100.0,20.0,15.662832
48.0,-98.0,20.0,16.270868
48.0,-96.0,20.0,15.931703
48.0,-94.0,20.0,15.246358
48.0,-92.0,20.0,15.359092
48.0,-90.0,20.0,15.445634
48.0,-88.0,20.0,15.612698
48.0,-86.0,20.0,16.084555
48.0,-84.0,20.0,16.459929
48.0,-82.0,20.0,16.371056
48.0,-80.0,20.0,15.574742
48.0,-78.0,20.0,15.46804
48.0,-76.0,20.0,15.236874
48.0,-74.0,20.0,14.985578
48.0,-72.0,20.0,15.039255
48.0,-70.0,20.0,15.493803
48.0,-68.0,20.0,16.038717
48.0,-66.0,20.0,15.890305
48.0,-64.0,20.0,15.1232605
48.0,-62.0,20.0,15.0066
48.0,-60.0,20.0,15.297636
48.0,-58.0,20.0,14.849782
48.0,-56.0,20.0,14.736381
48.0,-54.0,20.0,14.965355
48.0,-52.0,20.0,15.483935
48.0,-50.0,20.0,15.006411
48.0,-48.0,20.0,14.116682
48.0,-46.0,20.0,13.705496
48.0,-44.0,20.0,13.925625
48.0,-42.0,20.0,13.911538
48.0,-40.0,20.0,13.719355
48.0,-38.0,20.0,13.4546585
48.0,-36.0,20.0,13.045802
48.0,-34.0,20.0,13.002064
48.0,-32.0,20.0,12.289807
48.0,-30.0,20.0,12.17918
48.0,-28.0,20.0,12.442762
48.0,-26.0,20.0,13.369887
48.0,-24.0,20.0,13.343055
48.0,-22.0,20.0,12.735954
48.0,-20.0,20.0,12.000936
48.0,-18.0,20.0,10.995412
48.0,-16.0,20.0,10.026958
48.0,-14.0,20.0,9.759637
48.0,-12.0,20.0,10.377669
48.0,-10.0,20.0,11.12853
48.0,-8.0,20.0,11.60261
48.0,-6.0,20.0,11.758904
48.0,-4.0,20.0,11.439677
48.0,-2.0,20.0,10.768239
48.0,0.0,20.0,10.64665
48.0,2.0,20.0,10.843636
48.0,4.0,20.0,11.186951
48.0,6.0,20.0,11.500784
48.0,8.0,20.0,11.620399
48.0,10.0,20.0,10.22848
48.0,12.0,20.0,9.442736
48.0,14.0,20.0,9.530996
48.0,16.0,20.0,9.213642
48.0,18.0,20.0,9.445001
48.0,20.0,20.0,10.155925
48.0,22.0,20.0,10.809988
48.0,24.0,20.0,10.768809
48.0,26.0,20.0,10.331628
48.0,28.0,20.0,10.162377
48.0,30.0,20.0,10.072309
48.0,32.0,20.0,9.540299
48.0,34.0,20.0,8.933335
48.0,36.0,20.0,9.15536
48.0,38.0,20.0,9.723834
48.0,40.0,20.0,9.951999
48.0,42.0,20.0,9.44896
48.0,44.0,20.0,8.841141
48.0,46.0,20.0,8.569324
48.0,48.0,20.0,9.347934
48.0,50.0,20.0,10.392042
48.0,52.0,20.0,10.193883
48.0,54.0,20.0,9.200035
48.0,56.0,20.0,8.887704
48.0,58.0,20.0,9.340675
48.0,60.0,20.0,10.036911
48.0,62.0,20.0,10.286445
48.0,64.0,20.0,10.211377
48.0,66.0,20.0,10.603202
48.0,68.0,20.0,10.770442
48.0,70.0,20.0,9.865689
48.0,72.0,20.0,9.012478
48.0,74.0,20.0,9.113085
48.0,76.0,20.0,9.522685
48.0,78.0,20.0,9.4152775
48.0,80.0,20.0,9.916371
48.0,82.0,20.0,11.151368
48.0,84.0,20.0,11.151212
48.0,86.0,20.0,9.843453
48.0,88.0,20.0,9.451173
48.0,90.0,20.0,9.667336
48.0,92.0,20.0,9.423847
48.0,94.0,20.0,9.668574
48.0,96.0,20.0,10.853801
48.0,98.0,20.0,10.960016
48.0,100.0,20.0,9.554339
48.0,102.0,20.0,8.872342
48.0,104.0,20.0,9.142928
48.0,106.0,20.0,8.870791
48.0,108.0,20.0,8.786912
48.0,110.0,20.0,9.533047
48.0,112.0,20.0,10.382834
48.0,114.0,20.0,10.40292
48.0,116.0,20.0,9.607728
48.0,118.0,20.0,9.232205
48.0,120.0,20.0,9.319614
48.0,122.0,20.0,8.895168
48.0,124.0,20.0,8.634757
48.0,126.0,20.0,8.85178
48.0,128.0,20.0,9.275449
48.0,130.0,20.0,9.160899
48.0,132.0,20.0,8.418046
48.0,134.0,20.0,7.607882
48.0,136.0,20.0,7.6434093
48.0,138.0,20.0,8.271717
48.0,140.0,20.0,8.998999
48.0,142.0,20.0,9.085446
48.0,144.0,20.0,8.741723
48.0,146.0,20.0,8.749573
48.0,148.0,20.0,8.805216
48.0,150.0,20.0,9.044685
48.0,152.0,20.0,8.852941
48.0,154.0,20.0,8.920167
48.0,156.0,20.0,9.486725
48.0,158.0,20.0,9.677793
48.0,160.0,20.0,9.327959
48.0,162.0,20.0,8.77127
48.0,164.0,20.0,8.384194
48.0,166.0,20.0,8.5680895
48.0,168.0,20.0,8.740002
48.0,170.0,20.0,9.250231
48.0,172.0,20.0,10.84492
48.0,174.0,20.0,10.746779
48.0,176.0,20.0,10.788003
48.0,178.0,20.0,10.404408
48.0,180.0,20.0,10.0901375
50.0,-180.0,20.0,9.45394
50.0,-178.0,20.0,9.78935
50.0,-176.0,20.0,9.964057
50.0,-174.0,20.0,10.2141075
50.0,-172.0,20.0,10.416009
50.0,-170.0,20.0,10.179826
50.0,-168.0,20.0,9.602669
50.0,-166.0,20.0,9.491546
50.0,-164.0,20.0,9.980943
50.0,-162.0,20.0,10.485167
50.0,-160.0,20.0,10.98199
50.0,-158.0,20.0,11.709225
50.0,-156.0,20.0,11.928767
50.0,-154.0,20.0,11.697316
50.0,-152.0,20.0,11.639695
50.0,-150.0,20.0,11.746867
50.0,-148.0,20.0,11.853872
50.0,-146.0,20.0,11.72438
50.0,-144.0,20.0,11.654746
50.0,-142.0,20.0,12.074506
50.0,-140.0,20.0,12.585353
50.0,-138.0,20.0,12.816493
50.0,-136.0,20.0,12.463929
50.0,-134.0,20.0,12.513697
50.0,-132.0,20.0,12.905778
50.0,-130.0,20.0,13.314474
50.0,-128.0,20.0,13.409383
50.0,-126.0,20.0,12.820698
50.0,-124.0,20.0,12.744186
50.0,-122.0,20.0,13.030387
50.0,-120.0,20.0,13.709633
50.0,-118.0,20.0,14.141243
50.0,-116.0,20.0,14.230142
50.0,-114.0,20.0,14.469729
50.0,-112.0,20.0,14.389508
50.0,-110.0,20.0,13.901037
50.0,-108.0,20.0,13.564886
50.0,-106.0,20.0,13.740141
50.0,-104.0,20.0,13.65719
50.0,-102.0,20.0,13.4294815
50.0,-100.0,20.0,13.982045
50.0,-98.0,20.0,14.431899
50.0,-96.0,20.0,14.37281
50.0,-94.0,20.0,13.957667
50.0,-92.0,20.0,14.097249
50.0,-90.0,20.0,14.055586
50.0,-88.0,20.0,14.103599
50.0,-86.0,20.0,14.411376
50.0,-84.0,20.0,14.704573
50.0,-82.0,20.0,14.645844
50.0,-80.0,20.0,13.991686
50.0,-78.0,20.0,13.889105
50.0,-76.0,20.0,13.935479
50.0,-74.0,20.0,13.665567
50.0,-72.0,20.0,13.539926
50.0,-70.0,20.0,13.9586525
50.0,-68.0,20.0,14.618982
50.0,-66.0,20.0,14.297807
50.0,-64.0,20.0,13.789391
50.0,-62.0,20.0,13.581158
50.0,-60.0,20.0,13.885029
50.0,-58.0,20.0,13.378427
50.0,-56.0,20.0,12.9015045
50.0,-54.0,20.0,13.360433
50.0,-52.0,20.0,13.84101
50.0,-50.0,20.0,13.611593
50.0,-48.0,20.0,12.710055
50.0,-46.0,20.0,12.507245
50.0,-44.0,20.0,12.775813
50.0,-42.0,20.0,12.816795
50.0,-40.0,20.0,13.067954
50.0,-38.0,20.0,12.892917
50.0,-36.0,20.0,12.732791
50.0,-34.0,20.0,12.626838
50.0,-32.0,20.0,12.318688
50.0,-30.0,20.0,12.319772
50.0,-28.0,20.0,12.623662
50.0,-26.0,20.0,13.075652
50.0,-24.0,20.0,13.105745
50.0,-22.0,20.0,12.564088
50.0,-20.0,20.0,11.680639
50.0,-18.0,20.0,10.977409
50.0,-16.0,20.0,10.263023
50.0,-14.0,20.0,10.005095
50.0,-12.0,20.0,10.330214
50.0,-10.0,20.0,11.244882
50.0,-8.0,20.0,11.979987
50.0,-6.0,20.0,12.131458
50.0,-4.0,20.0,11.575819
50.0,-2.0,20.0,10.983689
50.0,0.0,20.0,10.742957
50.0,2.0,20.0,10.655338
50.0,4.0,20.0,11.14136
50.0,6.0,20.0,11.7924385
50.0,8.0,20.0,11.830328
50.0,10.0,20.0,10.526084
50.0,12.0,20.0,9.6353245
50.0,14.0,20.0,9.359629
50.0,16.0,20.0,9.127367
50.0,18.0,20.0,9.52148
50.0,20.0,20.0,10.446923
50.0,22.0,20.0,11.2112665
50.0,24.0,20.0,11.026666
50.0,26.0,20.0,10.666415
50.0,28.0,20.0,10.462614
50.0,30.0,20.0,10.205575
50.0,32.0,20.0,9.260233
50.0,34.0,20.0,8.879889
50.0,36.0,20.0,9.116323
50.0,38.0,20.0,9.6678505
50.0,40.0,20.0,10.07359
50.0,42.0,20.0,9.519959
50.0,44.0,20.0,8.8367195
50.0,46.0,20.0,8.615092
50.0,48.0,20.0,9.360959
50.0,50.0,20.0,9.992955
50.0,52.0,20.0,9.794243
50.0,54.0,20.0,9.240789
50.0,56.0,20.0,8.808999
50.0,58.0,20.0,9.062076
50.0,60.0,20.0,9.961135
50.0,62.0,20.0,10.111691
50.0,64.0,20.0,10.062894
50.0,66.0,20.0,10.475746
50.0,68.0,20.0,10.628083
50.0,70.0,20.0,9.787707
50.0,72.0,20.0,8.875935
50.0,74.0,20.0,8.979206
50.0,76.0,20.0,9.479176
50.0,78.0,20.0,9.347172
50.0,80.0,20.0,9.631254
50.0,82.0,20.0,10.755261
50.0,84.0,20.0,10.743319
50.0,86.0,20.0,9.646762
50.0,88.0,20.0,9.178921
50.0,90.0,20.0,9.388866
50.0,92.0,20.0,9.083008
50.0,94.0,20.0,9.133024
50.0,96.0,20.0,10.222619
50.0,98.0,20.0,10.381117
50.0,100.0,20.0,9.355294
50.0,102.0,20.0,8.766456
50.0,104.0,20.0,9.011193
50.0,106.0,20.0,8.723052
50.0,108.0,20.0,8.610127
50.0,110.0,20.0,9.248169
50.0,112.0,20.0,9.887678
50.0,114.0,20.0,9.876496
50.0,116.0,20.0,9.248839
50.0,118.0,20.0,8.814012
50.0,120.0,20.0,8.978284
50.0,122.0,20.0,8.664116
50.0,124.0,20.0,8.450586
50.0,126.0,20.0,8.495874
50.0,128.0,20.0,8.787019
50.0,130.0,20.0,8.739812
50.0,132.0,20.0,8.115078
50.0,134.0,20.0,7.4906754
50.0,136.0,20.0,7.472091
50.0,138.0,20.0,8.047471
50.0,140.0,20.0,8.559759
50.0,142.0,20.0,8.642202
50.0,144.0,20.0,8.436704
50.0,146.0,20.0,8.2433605
50.0,148.0,20.0,8.239521
50.0,150.0,20.0,8.641957
50.0,152.0,20.0,8.544544
50.0,154.0,20.0,8.600605
50.0,156.0,20.0,8.921528
50.0,158.0,20.0,9.202536
50.0,160.0,20.0,8.81107
50.0,162.0,20.0,8.177684
50.0,164.0,20.0,7.7000575
50.0,166.0,20.0,8.058842
50.0,168.0,20.0,8.480027
50.0,170.0,20.0,8.99321
50.0,172.0,20.0,10.068423
50.0,174.0,20.0,10.110578
50.0,176.0,20.0,10.104779
50.0,178.0,20.0,9.673554
50.0,180.0,20.0,9.45394
52.0,-180.0,20.0,9.103295
52.0,-178.0,20.0,9.421309
52.0,-176.0,20.0,9.8226
52.0,-174.0,20.0,10.269958
52.0,-172.0,20.0,10.324415
52.0,-170.0,20.0,9.69656
52.0,-168.0,20.0,9.087194
52.0,-166.0,20.0,9.03551
52.0,-164.0,20.0,9.424773
52.0,-162.0,20.0,9.988846
52.0,-160.0,20.0,10.562242
52.0,-158.0,20.0,11.218844
52.0,-156.0,20.0,11.462597
52.0,-154.0,20.0,11.338136
52.0,-152.0,20.0,11.239157
52.0,-150.0,20.0,11.163107
52.0,-148.0,20.0,11.252665
52.0,-146.0,20.0,11.249322
52.0,-144.0,20.0,11.212633
52.0,-142.0,20.0,11.501654
52.0,-140.0,20.0,12.02027
52.0,-138.0,20.0,12.25507
52.0,-136.0,20.0,11.938057
52.0,-134.0,20.0,11.77265
52.0,-132.0,20.0,12.231286
52.0,-130.0,20.0,12.570787
52.0,-128.0,20.0,12.673907
52.0,-126.0,20.0,12.309766
52.0,-124.0,20.0,12.130545
52.0,-122.0,20.0,12.292975
52.0,-120.0,20.0,12.955057
52.0,-118.0,20.0,13.138583
52.0,-116.0,20.0,13.491404
52.0,-114.0,20.0,13.878618
52.0,-112.0,20.0,13.809676
52.0,-110.0,20.0,13.38073
52.0,-108.0,20.0,12.990316
52.0,-106.0,20.0,13.1503725
52.0,-104.0,20.0,12.689024
52.0,-102.0,20.0,12.540206
52.0,-100.0,20.0,13.198103
52.0,-98.0,20.0,13.715397
52.0,-96.0,20.0,13.6921015
52.0,-94.0,20.0,13.05022
52.0,-92.0,20.0,13.169524
52.0,-90.0,20.0,13.060592
52.0,-88.0,20.0,13.038019
52.0,-86.0,20.0,13.410643
52.0,-84.0,20.0,13.868037
52.0,-82.0,20.0,13.748008
52.0,-80.0,20.0,13.093506
52.0,-78.0,20.0,13.171258
52.0,-76.0,20.0,12.999193
52.0,-74.0,20.0,12.555451
52.0,-72.0,20.0,12.641026
52.0,-70.0,20.0,13.213172
52.0,-68.0,20.0,13.58781
52.0,-66.0,20.0,13.395147
52.0,-64.0,20.0,12.963323
52.0,-62.0,20.0,12.812302
52.0,-60.0,20.0,12.879632
52.0,-58.0,20.0,12.358481
52.0,-56.0,20.0,12.094351
52.0,-54.0,20.0,12.57622
52.0,-52.0,20.0,13.090868
52.0,-50.0,20.0,12.715402
52.0,-48.0,20.0,11.901317
52.0,-46.0,20.0,11.685486
52.0,-44.0,20.0,12.079913
52.0,-42.0,20.0,12.576831
52.0,-40.0,20.0,12.694644
52.0,-38.0,20.0,12.221943
52.0,-36.0,20.0,12.016191
52.0,-34.0,20.0,12.096753
52.0,-32.0,20.0,12.121544
52.0,-30.0,20.0,11.930963
52.0,-28.0,20.0,12.188511
52.0,-26.0,20.0,12.837717
52.0,-24.0,20.0,12.811159
52.0,-22.0,20.0,12.289461
52.0,-20.0,20.0,11.513671
52.0,-18.0,20.0,10.882578
52.0,-16.0,20.0,10.114985
52.0,-14.0,20.0,9.7855
52.0,-12.0,20.0,10.144668
52.0,-10.0,20.0,11.107531
52.0,-8.0,20.0,12.015064
52.0,-6.0,20.0,12.33549
52.0,-4.0,20.0,11.765243
52.0,-2.0,20.0,11.194854
52.0,0.0,20.0,10.702996
52.0,2.0,20.0,10.383182
52.0,4.0,20.0,10.77149
52.0,6.0,20.0,11.691514
52.0,8.0,20.0,11.850408
52.0,10.0,20.0,10.627734
52.0,12.0,20.0,9.700191
52.0,14.0,20.0,9.484934
52.0,16.0,20.0,9.038813
52.0,18.0,20.0,9.585845
52.0,20.0,20.0,10.435109
52.0,22.0,20.0,11.149774
52.0,24.0,20.0,11.232167
52.0,26.0,20.0,10.780889
52.0,28.0,20.0,10.520843
52.0,30.0,20.0,10.309092
52.0,32.0,20.0,9.25677
52.0,34.0,20.0,8.806478
52.0,36.0,20.0,9.027676
52.0,38.0,20.0,9.851884
52.0,40.0,20.0,10.295992
52.0,42.0,20.0,9.585788
52.0,44.0,20.0,8.601594
52.0,46.0,20.0,8.478956
52.0,48.0,20.0,9.32165
52.0,50.0,20.0,9.971496
52.0,52.0,20.0,9.66718
52.0,54.0,20.0,9.216648
52.0,56.0,20.0,8.965904
52.0,58.0,20.0,9.303304
52.0,60.0,20.0,10.012991
52.0,62.0,20.0,10.0931835
52.0,64.0,20.0,10.081092
52.0,66.0,20.0,10.4366865
52.0,68.0,20.0,10.521918
52.0,70.0,20.0,9.690734
52.0,72.0,20.0,8.951551
52.0,74.0,20.0,8.99322
52.0,76.0,20.0,9.416486
52.0,78.0,20.0,9.220166
52.0,80.0,20.0,9.508211
52.0,82.0,20.0,10.579848
52.0,84.0,20.0,10.47753
52.0,86.0,20.0,9.52303
52.0,88.0,20.0,9.135294
52.0,90.0,20.0,9.344217
52.0,92.0,20.0,8.802556
52.0,94.0,20.0,8.919605
52.0,96.0,20.0,10.158674
52.0,98.0,20.0,10.255262
52.0,100.0,20.0,9.225246
52.0,102.0,20.0,8.743153
52.0,104.0,20.0,8.809628
52.0,106.0,20.0,8.551262
52.0,108.0,20.0,8.450809
52.0,110.0,20.0,9.029555
52.0,112.0,20.0,9.731497
52.0,114.0,20.0,9.741639
52.0,116.0,20.0,9.321758
52.0,118.0,20.0,8.908729
52.0,120.0,20.0,8.823896
52.0,122.0,20.0,8.462481
52.0,124.0,20.0,8.103512
52.0,126.0,20.0,8.197367
52.0,128.0,20.0,8.572716
52.0,130.0,20.0,8.624381
52.0,132.0,20.0,8.184296
52.0,134.0,20.0,7.6727743
52.0,136.0,20.0,7.6204205
52.0,138.0,20.0,7.916974
52.0,140.0,20.0,8.483275
52.0,142.0,20.0,8.403794
52.0,144.0,20.0,8.152016
52.0,146.0,20.0,8.109976
52.0,148.0,20.0,8.139
52.0,150.0,20.0,8.52338
52.0,152.0,20.0,8.322427
52.0,154.0,20.0,8.397289
52.0,156.0,20.0,8.729345
52.0,158.0,20.0,9.03383
52.0,160.0,20.0,8.569193
52.0,162.0,20.0,7.966408
52.0,164.0,20.0,7.784073
52.0,166.0,20.0,7.9470906
52.0,168.0,20.0,8.332718
52.0,170.0,20.0,8.847579
52.0,172.0,20.0,9.8082285
52.0,174.0,20.0,9.9379635
52.0,176.0,20.0,9.514418
52.0,178.0,20.0,9.008036
52.0,180.0,20.0,9.103295
54.0,-180.0,20.0,10.754715
54.0,-178.0,20.0,10.926789
54.0,-176.0,20.0,11.604378
54.0,-174.0,20.0,12.443383
54.0,-172.0,20.0,12.295341
54.0,-170.0,20.0,11.354724
54.0,-168.0,20.0,10.752088
54.0,-166.0,20.0,10.711686
54.0,-164.0,20.0,10.918226
54.0,-162.0,20.0,11.303609
54.0,-160.0,20.0,12.009867
54.0,-158.0,20.0,12.536631
54.0,-156.0,20.0,12.223455
54.0,-154.0,20.0,12.04826
54.0,-152.0,20.0,12.147475
54.0,-150.0,20.0,12.483099
54.0,-148.0,20.0,12.260786
54.0,-146.0,20.0,12.13652
54.0,-144.0,20.0,12.2986
54.0,-142.0,20.0,12.63305
54.0,-140.0,20.0,13.080492
54.0,-138.0,20.0,13.128172
54.0,-136.0,20.0,12.698458
54.0,-134.0,20.0,12.490667
54.0,-132.0,20.0,12.955518
54.0,-130.0,20.0,13.366119
54.0,-128.0,20.0,13.281526
54.0,-126.0,20.0,12.520871
54.0,-124.0,20.0,12.35803
54.0,-122.0,20.0,12.775387
54.0,-120.0,20.0,13.598501
54.0,-118.0,20.0,13.807807
54.0,-116.0,20.0,14.121987
54.0,-114.0,20.0,14.6361265
54.0,-112.0,20.0,14.437213
54.0,-110.0,20.0,13.81296
54.0,-108.0,20.0,13.382114
54.0,-106.0,20.0,13.587376
54.0,-104.0,20.0,13.230093
54.0,-102.0,20.0,12.992482
54.0,-100.0,20.0,13.569871
54.0,-98.0,20.0,14.083737
54.0,-96.0,20.0,14.14567
54.0,-94.0,20.0,13.499206
54.0,-92.0,20.0,13.673389
54.0,-90.0,20.0,13.575977
54.0,-88.0,20.0,13.726441
54.0,-86.0,20.0,14.214391
54.0,-84.0,20.0,14.601844
54.0,-82.0,20.0,14.367055
54.0,-80.0,20.0,13.543384
54.0,-78.0,20.0,13.611343
54.0,-76.0,20.0,13.464074
54.0,-74.0,20.0,13.136406
54.0,-72.0,20.0,13.1826935
54.0,-70.0,20.0,13.623446
54.0,-68.0,20.0,13.997104
54.0,-66.0,20.0,13.685868
54.0,-64.0,20.0,13.30502
54.0,-62.0,20.0,13.378515
54.0,-60.0,20.0,13.271523
54.0,-58.0,20.0,12.8441
54.0,-56.0,20.0,12.576822
54.0,-54.0,20.0,13.071868
54.0,-52.0,20.0,13.813019
54.0,-50.0,20.0,13.368714
54.0,-48.0,20.0,12.581876
54.0,-46.0,20.0,12.013956
54.0,-44.0,20.0,12.258585
54.0,-42.0,20.0,13.152035
54.0,-40.0,20.0,13.377485
54.0,-38.0,20.0,13.166642
54.0,-36.0,20.0,12.876291
54.0,-34.0,20.0,12.764679
54.0,-32.0,20.0,12.892308
54.0,-30.0,20.0,13.003802
54.0,-28.0,20.0,13.017526
54.0,-26.0,20.0,13.45729
54.0,-24.0,20.0,13.7831745
54.0,-22.0,20.0,13.473187
54.0,-20.0,20.0,12.669194
54.0,-18.0,20.0,11.834709
54.0,-16.0,20.0,11.15327
54.0,-14.0,20.0,11.04495
54.0,-12.0,20.0,11.4009695
54.0,-10.0,20.0,12.330721
54.0,-8.0,20.0,13.640387
54.0,-6.0,20.0,13.883827
54.0,-4.0,20.0,13.24266
54.0,-2.0,20.0,12.547299
54.0,0.0,20.0,12.169367
54.0,2.0,20.0,11.7734585
54.0,4.0,20.0,11.992101
54.0,6.0,20.0,13.042907
54.0,8.0,20.0,13.274226
54.0,10.0,20.0,11.938017
54.0,12.0,20.0,10.89857
54.0,14.0,20.0,10.780934
54.0,16.0,20.0,10.369975
54.0,18.0,20.0,10.793789
54.0,20.0,20.0,11.813575
54.0,22.0,20.0,12.687841
54.0,24.0,20.0,12.545565
54.0,26.0,20.0,11.585894
54.0,28.0,20.0,11.269759
54.0,30.0,20.0,11.574869
54.0,32.0,20.0,10.848173
54.0,34.0,20.0,10.354324
54.0,36.0,20.0,10.434647
54.0,38.0,20.0,11.222395
54.0,40.0,20.0,11.67759
54.0,42.0,20.0,10.475186
54.0,44.0,20.0,9.293508
54.0,46.0,20.0,9.300285
54.0,48.0,20.0,10.222917
54.0,50.0,20.0,11.241933
54.0,52.0,20.0,11.267967
54.0,54.0,20.0,10.6792345
54.0,56.0,20.0,10.170415
54.0,58.0,20.0,10.563126
54.0,60.0,20.0,11.429135
54.0,62.0,20.0,11.441717
54.0,64.0,20.0,11.52159
54.0,66.0,20.0,11.920289
54.0,68.0,20.0,12.08025
54.0,70.0,20.0,11.285303
54.0,72.0,20.0,10.271057
54.0,74.0,20.0,10.305428
54.0,76.0,20.0,10.831726
54.0,78.0,20.0,10.743682
54.0,80.0,20.0,11.161348
54.0,82.0,20.0,12.231303
54.0,84.0,20.0,12.288043
54.0,86.0,20.0,11.224588
54.0,88.0,20.0,10.709957
54.0,90.0,20.0,10.827868
54.0,92.0,20.0,10.328291
54.0,94.0,20.0,10.445364
54.0,96.0,20.0,11.624376
54.0,98.0,20.0,11.872087
54.0,100.0,20.0,10.752726
54.0,102.0,20.0,10.1441765
54.0,104.0,20.0,10.079536
54.0,106.0,20.0,9.911892
54.0,108.0,20.0,9.95873
54.0,110.0,20.0,10.616039
54.0,112.0,20.0,11.480008
54.0,114.0,20.0,11.404683
54.0,116.0,20.0,10.943804
54.0,118.0,20.0,10.537604
54.0,120.0,20.0,10.313076
54.0,122.0,20.0,9.963727
54.0,124.0,20.0,9.593134
54.0,126.0,20.0,9.746225
54.0,128.0,20.0,10.226803
54.0,130.0,20.0,10.148625
54.0,132.0,20.0,9.371537
54.0,134.0,20.0,8.612153
54.0,136.0,20.0,8.610051
54.0,138.0,20.0,9.178481
54.0,140.0,20.0,9.853966
54.0,142.0,20.0,9.842099
54.0,144.0,20.0,9.376134
54.0,146.0,20.0,9.23973
54.0,148.0,20.0,9.655158
54.0,150.0,20.0,9.901663
54.0,152.0,20.0,9.719903
54.0,154.0,20.0,9.906071
54.0,156.0,20.0,10.623501
54.0,158.0,20.0,10.958519
54.0,160.0,20.0,10.22279
54.0,162.0,20.0,9.414283
54.0,164.0,20.0,9.329672
54.0,166.0,20.0,9.454812
54.0,168.0,20.0,9.506604
54.0,170.0,20.0,10.384013
54.0,172.0,20.0,11.929014
54.0,174.0,20.0,11.745382
54.0,176.0,20.0,10.96444
54.0,178.0,20.0,10.555376
54.0,180.0,20.0,10.754715
56.0,-180.0,20.0,12.511086
56.0,-178.0,20.0,12.726394
56.0,-176.0,20.0,13.268142
56.0,-174.0,20.0,14.209797
56.0,-172.0,20.0,14.075566
56.0,-170.0,20.0,13.302714
56.0,-168.0,20.0,12.445195
56.0,-166.0,20.0,12.365971
56.0,-164.0,20.0,12.498984
56.0,-162.0,20.0,12.901213
56.0,-160.0,20.0,13.776656
56.0,-158.0,20.0,14.320949
56.0,-156.0,20.0,14.077506
56.0,-154.0,20.0,13.728025
56.0,-152.0,20.0,13.716162
56.0,-150.0,20.0,14.185963
56.0,-148.0,20.0,13.732566
56.0,-146.0,20.0,13.444987
56.0,-144.0,20.0,13.765408
56.0,-142.0,20.0,14.31666
56.0,-140.0,20.0,14.471299
56.0,-138.0,20.0,14.147222
56.0,-136.0,20.0,13.715204
56.0,-134.0,20.0,13.623635
56.0,-132.0,20.0,13.974676
56.0,-130.0,20.0,14.576133
56.0,-128.0,20.0,14.217065
56.0,-126.0,20.0,13.3220625
56.0,-124.0,20.0,13.1189575
56.0,-122.0,20.0,13.849946
56.0,-120.0,20.0,14.4881735
56.0,-118.0,20.0,14.843134
56.0,-116.0,20.0,14.977748
56.0,-114.0,20.0,15.562048
56.0,-112.0,20.0,15.266637
56.0,-110.0,20.0,14.380293
56.0,-108.0,20.0,13.841862
56.0,-106.0,20.0,14.073103
56.0,-104.0,20.0,13.993641
56.0,-102.0,20.0,14.07419
56.0,-100.0,20.0,14.397669
56.0,-98.0,20.0,15.115301
56.0,-96.0,20.0,15.167584
56.0,-94.0,20.0,14.362329
56.0,-92.0,20.0,14.547944
56.0,-90.0,20.0,14.480283
56.0,-88.0,20.0,14.7994585
56.0,-86.0,20.0,15.459351
56.0,-84.0,20.0,16.024094
56.0,-82.0,20.0,15.560861
56.0,-80.0,20.0,14.527235
56.0,-78.0,20.0,14.471761
56.0,-76.0,20.0,14.528884
56.0,-74.0,20.0,14.493252
56.0,-72.0,20.0,14.2838
56.0,-70.0,20.0,14.541185
56.0,-68.0,20.0,14.989533
56.0,-66.0,20.0,14.689347
56.0,-64.0,20.0,14.107668
56.0,-62.0,20.0,14.4784775
56.0,-60.0,20.0,14.742769
56.0,-58.0,20.0,14.394402
56.0,-56.0,20.0,14.108385
56.0,-54.0,20.0,14.469239
56.0,-52.0,20.0,14.9929285
56.0,-50.0,20.0,14.723345
56.0,-48.0,20.0,13.891138
56.0,-46.0,20.0,12.95836
56.0,-44.0,20.0,13.027548
56.0,-42.0,20.0,13.654957
56.0,-40.0,20.0,14.578044
56.0,-38.0,20.0,14.787103
56.0,-36.0,20.0,14.37484
56.0,-34.0,20.0,14.127908
56.0,-32.0,20.0,14.1746025
56.0,-30.0,20.0,14.349113
56.0,-28.0,20.0,14.225067
56.0,-26.0,20.0,14.276174
56.0,-24.0,20.0,14.785658
56.0,-22.0,20.0,14.677788
56.0,-20.0,20.0,13.942601
56.0,-18.0,20.0,12.880166
56.0,-16.0,20.0,12.106612
56.0,-14.0,20.0,12.301035
56.0,-12.0,20.0,12.660377
56.0,-10.0,20.0,13.786954
56.0,-8.0,20.0,15.2584715
56.0,-6.0,20.0,15.359088
56.0,-4.0,20.0,14.303512
56.0,-2.0,20.0,13.434179
56.0,0.0,20.0,13.490908
56.0,2.0,20.0,12.969023
56.0,4.0,20.0,13.112334
56.0,6.0,20.0,14.453459
56.0,8.0,20.0,14.7237835
56.0,10.0,20.0,13.259246
56.0,12.0,20.0,12.222558
56.0,14.0,20.0,12.211775
56.0,16.0,20.0,12.029103
56.0,18.0,20.0,12.282074
56.0,20.0,20.0,13.349677
56.0,22.0,20.0,14.514398
56.0,24.0,20.0,14.23137
56.0,26.0,20.0,13.02342
56.0,28.0,20.0,12.909
56.0,30.0,20.0,13.211962
56.0,32.0,20.0,12.50856
56.0,34.0,20.0,11.742062
56.0,36.0,20.0,11.831544
56.0,38.0,20.0,12.607649
56.0,40.0,20.0,12.997743
56.0,42.0,20.0,11.863406
56.0,44.0,20.0,10.524653
56.0,46.0,20.0,10.531498
56.0,48.0,20.0,11.802998
56.0,50.0,20.0,13.236921
56.0,52.0,20.0,13.458572
56.0,54.0,20.0,12.35661
56.0,56.0,20.0,11.857207
56.0,58.0,20.0,12.143528
56.0,60.0,20.0,13.019006
56.0,62.0,20.0,13.087267
56.0,64.0,20.0,12.822437
56.0,66.0,20.0,13.359741
56.0,68.0,20.0,13.907429
56.0,70.0,20.0,12.956321
56.0,72.0,20.0,11.900732
56.0,74.0,20.0,11.978434
56.0,76.0,20.0,12.660827
56.0,78.0,20.0,12.492293
56.0,80.0,20.0,12.91731
56.0,82.0,20.0,14.597629
56.0,84.0,20.0,14.904046
56.0,86.0,20.0,13.522012
56.0,88.0,20.0,12.809727
56.0,90.0,20.0,12.956697
56.0,92.0,20.0,12.337384
56.0,94.0,20.0,12.282293
56.0,96.0,20.0,13.8975315
56.0,98.0,20.0,14.21354
56.0,100.0,20.0,12.784661
56.0,102.0,20.0,11.932345
56.0,104.0,20.0,12.157196
56.0,106.0,20.0,12.076984
56.0,108.0,20.0,11.910011
56.0,110.0,20.0,12.767035
56.0,112.0,20.0,13.982035
56.0,114.0,20.0,13.979058
56.0,116.0,20.0,13.02406
56.0,118.0,20.0,12.685564
56.0,120.0,20.0,12.671598
56.0,122.0,20.0,11.948034
56.0,124.0,20.0,11.430852
56.0,126.0,20.0,11.727966
56.0,128.0,20.0,12.334978
56.0,130.0,20.0,12.462943
56.0,132.0,20.0,11.268671
56.0,134.0,20.0,10.259522
56.0,136.0,20.0,10.213766
56.0,138.0,20.0,11.209062
56.0,140.0,20.0,12.135323
56.0,142.0,20.0,11.865521
56.0,144.0,20.0,11.370507
56.0,146.0,20.0,11.390181
56.0,148.0,20.0,11.8505945
56.0,150.0,20.0,12.309431
56.0,152.0,20.0,12.000712
56.0,154.0,20.0,12.093936
56.0,156.0,20.0,13.050039
56.0,158.0,20.0,13.152392
56.0,160.0,20.0,12.190571
56.0,162.0,20.0,11.347062
56.0,164.0,20.0,11.183532
56.0,166.0,20.0,11.179645
56.0,168.0,20.0,11.042019
56.0,170.0,20.0,12.2201395
56.0,172.0,20.0,14.046709
56.0,174.0,20.0,13.757586
56.0,176.0,20.0,12.4343815
56.0,178.0,20.0,12.503587
56.0,180.0,20.0,12.511086
58.0,-180.0,20.0,13.354302
58.0,-178.0,20.0,13.418078
58.0,-176.0,20.0,13.837628
58.0,-174.0,20.0,14.505829
58.0,-172.0,20.0,14.632617
58.0,-170.0,20.0,13.790153
58.0,-168.0,20.0,12.988663
58.0,-166.0,20.0,12.730787
58.0,-164.0,20.0,12.716211
58.0,-162.0,20.0,13.088984
58.0,-160.0,20.0,13.915216
58.0,-158.0,20.0,14.400889
58.0,-156.0,20.0,14.16489
58.0,-154.0,20.0,13.920034
58.0,-152.0,20.0,13.968727
58.0,-150.0,20.0,14.267517
58.0,-148.0,20.0,13.919332
58.0,-146.0,20.0,13.616462
58.0,-144.0,20.0,13.88598
58.0,-142.0,20.0,14.367007
58.0,-140.0,20.0,14.400567
58.0,-138.0,20.0,13.631124
58.0,-136.0,20.0,13.259132
58.0,-134.0,20.0,13.475488
58.0,-132.0,20.0,13.887834
58.0,-130.0,20.0,14.305455
58.0,-128.0,20.0,14.099736
58.0,-126.0,20.0,13.30589
58.0,-124.0,20.0,13.223679
58.0,-122.0,20.0,13.901436
58.0,-120.0,20.0,14.344383
58.0,-118.0,20.0,14.63028
58.0,-116.0,20.0,14.949917
58.0,-114.0,20.0,15.37474
58.0,-112.0,20.0,15.011481
58.0,-110.0,20.0,14.197511
58.0,-108.0,20.0,13.771967
58.0,-106.0,20.0,13.717673
58.0,-104.0,20.0,13.439699
58.0,-102.0,20.0,13.499116
58.0,-100.0,20.0,14.168304
58.0,-98.0,20.0,15.109222
58.0,-96.0,20.0,15.26975
58.0,-94.0,20.0,14.421126
58.0,-92.0,20.0,14.363538
58.0,-90.0,20.0,14.419958
58.0,-88.0,20.0,14.7499275
58.0,-86.0,20.0,15.580002
58.0,-84.0,20.0,16.009207
58.0,-82.0,20.0,15.402248
58.0,-80.0,20.0,14.342503
58.0,-78.0,20.0,14.026723
58.0,-76.0,20.0,13.983368
58.0,-74.0,20.0,13.918511
58.0,-72.0,20.0,13.923792
58.0,-70.0,20.0,14.361521
58.0,-68.0,20.0,14.886982
58.0,-66.0,20.0,14.732425
58.0,-64.0,20.0,14.228442
58.0,-62.0,20.0,14.489676
58.0,-60.0,20.0,14.850961
58.0,-58.0,20.0,14.310736
58.0,-56.0,20.0,14.1505785
58.0,-54.0,20.0,14.509069
58.0,-52.0,20.0,14.810694
58.0,-50.0,20.0,14.50604
58.0,-48.0,20.0,13.818059
58.0,-46.0,20.0,13.136698
58.0,-44.0,20.0,13.110833
58.0,-42.0,20.0,13.629151
58.0,-40.0,20.0,14.520866
58.0,-38.0,20.0,15.026098
58.0,-36.0,20.0,14.790033
58.0,-34.0,20.0,14.179463
58.0,-32.0,20.0,13.992045
58.0,-30.0,20.0,14.190749
58.0,-28.0,20.0,14.153675
58.0,-26.0,20.0,14.232781
58.0,-24.0,20.0,14.59885
58.0,-22.0,20.0,14.815129
58.0,-20.0,20.0,14.0190735
58.0,-18.0,20.0,12.709098
58.0,-16.0,20.0,11.917496
58.0,-14.0,20.0,12.287999
58.0,-12.0,20.0,12.746034
58.0,-10.0,20.0,13.848275
58.0,-8.0,20.0,15.325936
58.0,-6.0,20.0,15.563792
58.0,-4.0,20.0,14.22407
58.0,-2.0,20.0,13.26236
58.0,0.0,20.0,13.590389
58.0,2.0,20.0,13.303774
58.0,4.0,20.0,13.30548
58.0,6.0,20.0,14.763043
58.0,8.0,20.0,15.119063
58.0,10.0,20.0,13.414864
58.0,12.0,20.0,12.436182
58.0,14.0,20.0,12.544117
58.0,16.0,20.0,12.20137
58.0,18.0,20.0,12.675357
58.0,20.0,20.0,13.706289
58.0,22.0,20.0,14.482983
58.0,24.0,20.0,14.039085
58.0,26.0,20.0,13.0126505
58.0,28.0,20.0,13.084874
58.0,30.0,20.0,13.658288
58.0,32.0,20.0,12.952772
58.0,34.0,20.0,12.269512
58.0,36.0,20.0,12.408975
58.0,38.0,20.0,13.183775
58.0,40.0,20.0,13.39479
58.0,42.0,20.0,12.145034
58.0,44.0,20.0,10.965053
58.0,46.0,20.0,10.970026
58.0,48.0,20.0,12.01944
58.0,50.0,20.0,13.361057
58.0,52.0,20.0,13.577149
58.0,54.0,20.0,12.776334
58.0,56.0,20.0,12.409229
58.0,58.0,20.0,12.561838
58.0,60.0,20.0,13.377463
58.0,62.0,20.0,13.509364
58.0,64.0,20.0,13.078992
58.0,66.0,20.0,13.6744
58.0,68.0,20.0,14.410129
58.0,70.0,20.0,13.43927
58.0,72.0,20.0,12.4259205
58.0,74.0,20.0,12.370243
58.0,76.0,20.0,13.091714
58.0,78.0,20.0,13.082587
58.0,80.0,20.0,13.636503
58.0,82.0,20.0,15.356283
58.0,84.0,20.0,15.660305
58.0,86.0,20.0,14.174508
58.0,88.0,20.0,13.308002
58.0,90.0,20.0,13.592606
58.0,92.0,20.0,13.05472
58.0,94.0,20.0,12.958644
58.0,96.0,20.0,14.603174
58.0,98.0,20.0,15.173578
58.0,100.0,20.0,13.479626
58.0,102.0,20.0,12.505241
58.0,104.0,20.0,12.764304
58.0,106.0,20.0,12.7100315
58.0,108.0,20.0,12.69389
58.0,110.0,20.0,13.537899
58.0,112.0,20.0,15.001846
58.0,114.0,20.0,14.849003
58.0,116.0,20.0,13.948539
58.0,118.0,20.0,13.588053
58.0,120.0,20.0,13.494166
58.0,122.0,20.0,12.534939
58.0,124.0,20.0,12.067932
58.0,126.0,20.0,12.356993
58.0,128.0,20.0,13.227986
58.0,130.0,20.0,13.263539
58.0,132.0,20.0,11.930542
58.0,134.0,20.0,10.651429
58.0,136.0,20.0,10.824048
58.0,138.0,20.0,12.062245
58.0,140.0,20.0,13.055062
58.0,142.0,20.0,12.751201
58.0,144.0,20.0,12.311568
58.0,146.0,20.0,12.178699
58.0,148.0,20.0,12.594234
58.0,150.0,20.0,13.254489
58.0,152.0,20.0,12.97674
58.0,154.0,20.0,12.851167
58.0,156.0,20.0,13.791097
58.0,158.0,20.0,13.959251
58.0,160.0,20.0,13.126704
58.0,162.0,20.0,12.3263
58.0,164.0,20.0,12.001719
58.0,166.0,20.0,11.875249
58.0,168.0,20.0,11.926239
58.0,170.0,20.0,13.206085
58.0,172.0,20.0,14.978041
58.0,174.0,20.0,14.585779
58.0,176.0,20.0,13.46844
58.0,178.0,20.0,13.502824
58.0,180.0,20.0,13.354302
60.0,-180.0,20.0,13.517918
60.0,-178.0,20.0,13.51572
60.0,-176.0,20.0,13.843961
60.0,-174.0,20.0,14.59609
60.0,-172.0,20.0,14.659407
60.0,-170.0,20.0,13.697738
60.0,-168.0,20.0,13.084413
60.0,-166.0,20.0,12.66643
60.0,-164.0,20.0,12.803619
60.0,-162.0,20.0,13.1005125
60.0,-160.0,20.0,13.850257
60.0,-158.0,20.0,14.074395
60.0,-156.0,20.0,13.804295
60.0,-154.0,20.0,13.618198
60.0,-152.0,20.0,13.637395
60.0,-150.0,20.0,13.941704
60.0,-148.0,20.0,13.729157
60.0,-146.0,20.0,13.370066
60.0,-144.0,20.0,13.49012
60.0,-142.0,20.0,13.976866
60.0,-140.0,20.0,14.036126
60.0,-138.0,20.0,13.402492
60.0,-136.0,20.0,12.863627
60.0,-134.0,20.0,12.907409
60.0,-132.0,20.0,13.491137
60.0,-130.0,20.0,14.007146
60.0,-128.0,20.0,13.814231
60.0,-126.0,20.0,13.3330765
60.0,-124.0,20.0,13.0098715
60.0,-122.0,20.0,13.593823
60.0,-120.0,20.0,13.996783
60.0,-118.0,20.0,13.966369
60.0,-116.0,20.0,14.546547
60.0,-114.0,20.0,14.882376
60.0,-112.0,20.0,14.586228
60.0,-110.0,20.0,14.032473
60.0,-108.0,20.0,13.7229595
60.0,-106.0,20.0,13.913479
60.0,-104.0,20.0,13.1920185
60.0,-102.0,20.0,13.019621
60.0,-100.0,20.0,14.013192
60.0,-98.0,20.0,14.816415
60.0,-96.0,20.0,15.009033
60.0,-94.0,20.0,14.325961
60.0,-92.0,20.0,14.002912
60.0,-90.0,20.0,13.978218
60.0,-88.0,20.0,14.055731
60.0,-86.0,20.0,14.782975
60.0,-84.0,20.0,15.134792
60.0,-82.0,20.0,14.6512165
60.0,-80.0,20.0,14.02992
60.0,-78.0,20.0,13.556054
60.0,-76.0,20.0,13.333938
60.0,-74.0,20.0,13.088846
60.0,-72.0,20.0,13.451438
60.0,-70.0,20.0,14.03783
60.0,-68.0,20.0,14.568142
60.0,-66.0,20.0,14.554658
60.0,-64.0,20.0,14.00395
60.0,-62.0,20.0,13.967132
60.0,-60.0,20.0,14.027218
60.0,-58.0,20.0,13.698243
60.0,-56.0,20.0,13.451166
60.0,-54.0,20.0,13.79797
60.0,-52.0,20.0,13.985489
60.0,-50.0,20.0,13.990151
60.0,-48.0,20.0,13.715976
60.0,-46.0,20.0,13.370101
60.0,-44.0,20.0,13.265019
60.0,-42.0,20.0,13.670088
60.0,-40.0,20.0,14.038031
60.0,-38.0,20.0,14.373393
60.0,-36.0,20.0,14.221368
60.0,-34.0,20.0,13.794898
60.0,-32.0,20.0,13.537153
60.0,-30.0,20.0,14.0134325
60.0,-28.0,20.0,14.271423
60.0,-26.0,20.0,14.311664
60.0,-24.0,20.0,14.633147
60.0,-22.0,20.0,14.729145
60.0,-20.0,20.0,14.000802
60.0,-18.0,20.0,12.622172
60.0,-16.0,20.0,12.089009
60.0,-14.0,20.0,12.433806
60.0,-12.0,20.0,12.971593
60.0,-10.0,20.0,13.919099
60.0,-8.0,20.0,15.374512
60.0,-6.0,20.0,15.57009
60.0,-4.0,20.0,14.387787
60.0,-2.0,20.0,13.495183
60.0,0.0,20.0,13.895517
60.0,2.0,20.0,13.760748
60.0,4.0,20.0,13.925286
60.0,6.0,20.0,15.323664
60.0,8.0,20.0,15.472795
60.0,10.0,20.0,13.844822
60.0,12.0,20.0,12.626754
60.0,14.0,20.0,12.5725765
60.0,16.0,20.0,12.215068
60.0,18.0,20.0,12.840386
60.0,20.0,20.0,13.766222
60.0,22.0,20.0,14.579886
60.0,24.0,20.0,14.23589
60.0,26.0,20.0,13.284271
60.0,28.0,20.0,13.067808
60.0,30.0,20.0,13.728179
60.0,32.0,20.0,12.939
60.0,34.0,20.0,12.373446
60.0,36.0,20.0,12.565364
60.0,38.0,20.0,13.3753195
60.0,40.0,20.0,13.689621
60.0,42.0,20.0,12.51378
60.0,44.0,20.0,11.181639
60.0,46.0,20.0,11.22022
60.0,48.0,20.0,12.23168
60.0,50.0,20.0,13.6575165
60.0,52.0,20.0,13.654489
60.0,54.0,20.0,12.8031645
60.0,56.0,20.0,12.487457
60.0,58.0,20.0,12.768103
60.0,60.0,20.0,13.590292
60.0,62.0,20.0,13.683865
60.0,64.0,20.0,13.296166
60.0,66.0,20.0,13.979855
60.0,68.0,20.0,14.398376
60.0,70.0,20.0,13.58978
60.0,72.0,20.0,12.570116
60.0,74.0,20.0,12.395107
60.0,76.0,20.0,13.02063
60.0,78.0,20.0,13.128907
60.0,80.0,20.0,13.582683
60.0,82.0,20.0,15.232715
60.0,84.0,20.0,15.430297
60.0,86.0,20.0,13.864106
60.0,88.0,20.0,13.109496
60.0,90.0,20.0,13.544875
60.0,92.0,20.0,13.004104
60.0,94.0,20.0,12.979837
60.0,96.0,20.0,14.465877
60.0,98.0,20.0,15.096893
60.0,100.0,20.0,13.525862
60.0,102.0,20.0,12.5168295
60.0,104.0,20.0,12.636168
60.0,106.0,20.0,12.665307
60.0,108.0,20.0,12.560509
60.0,110.0,20.0,13.401437
60.0,112.0,20.0,14.491338
60.0,114.0,20.0,14.620895
60.0,116.0,20.0,13.948666
60.0,118.0,20.0,13.573051
60.0,120.0,20.0,13.398121
60.0,122.0,20.0,12.626958
60.0,124.0,20.0,12.305605
60.0,126.0,20.0,12.3947935
60.0,128.0,20.0,13.039887
60.0,130.0,20.0,13.290687
60.0,132.0,20.0,12.005222
60.0,134.0,20.0,10.792335
60.0,136.0,20.0,11.00595
60.0,138.0,20.0,12.097304
60.0,140.0,20.0,13.120925
60.0,142.0,20.0,12.863027
60.0,144.0,20.0,12.426365
60.0,146.0,20.0,12.210639
60.0,148.0,20.0,12.62996
60.0,150.0,20.0,13.072367
60.0,152.0,20.0,12.825471
60.0,154.0,20.0,12.799573
60.0,156.0,20.0,13.673752
60.0,158.0,20.0,13.903855
60.0,160.0,20.0,13.16878
60.0,162.0,20.0,12.4786005
60.0,164.0,20.0,12.1051
60.0,166.0,20.0,11.992885
60.0,168.0,20.0,12.106087
60.0,170.0,20.0,13.331442
60.0,172.0,20.0,14.893731
60.0,174.0,20.0,14.508281
60.0,176.0,20.0,13.954074
60.0,178.0,20.0,13.82217
60.0,180.0,20.0,13.517918
62.0,-180.0,20.0,14.031031
62.0,-178.0,20.0,13.9485655
62.0,-176.0,20.0,14.446468
62.0,-174.0,20.0,15.247322
62.0,-172.0,20.0,15.382087
62.0,-170.0,20.0,14.458456
62.0,-168.0,20.0,13.834267
62.0,-166.0,20.0,13.546232
62.0,-164.0,20.0,13.560482
62.0,-162.0,20.0,13.996863
62.0,-160.0,20.0,14.609749
62.0,-158.0,20.0,14.778722
62.0,-156.0,20.0,14.410939
62.0,-154.0,20.0,14.218428
62.0,-152.0,20.0,14.132735
62.0,-150.0,20.0,14.395157
62.0,-148.0,20.0,14.101985
62.0,-146.0,20.0,13.984715
62.0,-144.0,20.0,14.259505
62.0,-142.0,20.0,14.564711
62.0,-140.0,20.0,14.531565
62.0,-138.0,20.0,13.98866
62.0,-136.0,20.0,13.43976
62.0,-134.0,20.0,13.289946
62.0,-132.0,20.0,13.777678
62.0,-130.0,20.0,14.490809
62.0,-128.0,20.0,14.452521
62.0,-126.0,20.0,13.845915
62.0,-124.0,20.0,13.388736
62.0,-122.0,20.0,13.745465
62.0,-120.0,20.0,14.286705
62.0,-118.0,20.0,14.284958
62.0,-116.0,20.0,14.603135
62.0,-114.0,20.0,15.076272
62.0,-112.0,20.0,14.962511
62.0,-110.0,20.0,14.309855
62.0,-108.0,20.0,14.161152
62.0,-106.0,20.0,14.343323
62.0,-104.0,20.0,13.728287
62.0,-102.0,20.0,13.646449
62.0,-100.0,20.0,14.465838
62.0,-98.0,20.0,15.432854
62.0,-96.0,20.0,15.529561
62.0,-94.0,20.0,14.901353
62.0,-92.0,20.0,14.626122
62.0,-90.0,20.0,14.579726
62.0,-88.0,20.0,14.523505
62.0,-86.0,20.0,14.960853
62.0,-84.0,20.0,15.210864
62.0,-82.0,20.0,14.896937
62.0,-80.0,20.0,14.264551
62.0,-78.0,20.0,13.897316
62.0,-76.0,20.0,13.693032
62.0,-74.0,20.0,13.712284
62.0,-72.0,20.0,13.64008
62.0,-70.0,20.0,14.246164
62.0,-68.0,20.0,14.714698
62.0,-66.0,20.0,14.711176
62.0,-64.0,20.0,13.947409
62.0,-62.0,20.0,13.993421
62.0,-60.0,20.0,14.101212
62.0,-58.0,20.0,13.736161
62.0,-56.0,20.0,13.542867
62.0,-54.0,20.0,14.068095
62.0,-52.0,20.0,14.575076
62.0,-50.0,20.0,14.416967
62.0,-48.0,20.0,13.964561
62.0,-46.0,20.0,13.624879
62.0,-44.0,20.0,13.585173
62.0,-42.0,20.0,14.004421
62.0,-40.0,20.0,14.67986
62.0,-38.0,20.0,15.0312
62.0,-36.0,20.0,14.911745
62.0,-34.0,20.0,14.490098
62.0,-32.0,20.0,14.118843
62.0,-30.0,20.0,14.670627
62.0,-28.0,20.0,14.934052
62.0,-26.0,20.0,14.9659395
62.0,-24.0,20.0,15.408133
62.0,-22.0,20.0,15.654843
62.0,-20.0,20.0,14.681103
62.0,-18.0,20.0,13.314384
62.0,-16.0,20.0,12.600217
62.0,-14.0,20.0,12.879371
62.0,-12.0,20.0,13.147306
62.0,-10.0,20.0,14.236379
62.0,-8.0,20.0,15.60113
62.0,-6.0,20.0,16.080566
62.0,-4.0,20.0,14.655716
62.0,-2.0,20.0,13.794369
62.0,0.0,20.0,14.284249
62.0,2.0,20.0,14.151874
62.0,4.0,20.0,14.471568
62.0,6.0,20.0,15.861478
62.0,8.0,20.0,16.003342
62.0,10.0,20.0,14.447846
62.0,12.0,20.0,13.13093
62.0,14.0,20.0,13.101978
62.0,16.0,20.0,12.981425
62.0,18.0,20.0,13.5141735
62.0,20.0,20.0,14.5419
62.0,22.0,20.0,15.536672
62.0,24.0,20.0,15.595313
62.0,26.0,20.0,14.612285
62.0,28.0,20.0,14.310729
62.0,30.0,20.0,14.640133
62.0,32.0,20.0,13.529664
62.0,34.0,20.0,12.615349
62.0,36.0,20.0,13.004866
62.0,38.0,20.0,14.050232
62.0,40.0,20.0,14.591831
62.0,42.0,20.0,13.543787
62.0,44.0,20.0,12.017284
62.0,46.0,20.0,12.012778
62.0,48.0,20.0,13.319452
62.0,50.0,20.0,14.728372
62.0,52.0,20.0,14.734979
62.0,54.0,20.0,13.555362
62.0,56.0,20.0,13.227431
62.0,58.0,20.0,13.819729
62.0,60.0,20.0,14.672127
62.0,62.0,20.0,14.550181
62.0,64.0,20.0,14.165346
62.0,66.0,20.0,15.102599
62.0,68.0,20.0,15.40472
62.0,70.0,20.0,14.041934
62.0,72.0,20.0,13.143364
62.0,74.0,20.0,13.258411
62.0,76.0,20.0,13.7943125
62.0,78.0,20.0,13.561168
62.0,80.0,20.0,14.173839
62.0,82.0,20.0,15.81847
62.0,84.0,20.0,15.984455
62.0,86.0,20.0,14.457467
62.0,88.0,20.0,13.855686
62.0,90.0,20.0,14.148959
62.0,92.0,20.0,13.484239
62.0,94.0,20.0,13.647204
62.0,96.0,20.0,15.526596
62.0,98.0,20.0,15.823555
62.0,100.0,20.0,14.005289
62.0,102.0,20.0,13.090144
62.0,104.0,20.0,13.310697
62.0,106.0,20.0,12.887311
62.0,108.0,20.0,12.692146
62.0,110.0,20.0,13.59538
62.0,112.0,20.0,14.901573
62.0,114.0,20.0,14.876689
62.0,116.0,20.0,14.367504
62.0,118.0,20.0,14.110665
62.0,120.0,20.0,13.924356
62.0,122.0,20.0,12.988171
62.0,124.0,20.0,12.407477
62.0,126.0,20.0,12.627801
62.0,128.0,20.0,13.625363
62.0,130.0,20.0,13.689529
62.0,132.0,20.0,12.682799
62.0,134.0,20.0,11.219476
62.0,136.0,20.0,11.267451
62.0,138.0,20.0,12.556619
62.0,140.0,20.0,13.5439005
62.0,142.0,20.0,13.335079
62.0,144.0,20.0,12.733799
62.0,146.0,20.0,12.613075
62.0,148.0,20.0,12.959781
62.0,150.0,20.0,13.420526
62.0,152.0,20.0,13.027142
62.0,154.0,20.0,13.138458
62.0,156.0,20.0,14.16565
62.0,158.0,20.0,14.367966
62.0,160.0,20.0,13.645831
62.0,162.0,20.0,13.110556
62.0,164.0,20.0,12.803522
62.0,166.0,20.0,12.809839
62.0,168.0,20.0,12.637132
62.0,170.0,20.0,13.884801
62.0,172.0,20.0,15.454571
62.0,174.0,20.0,15.205027
62.0,176.0,20.0,14.426781
62.0,178.0,20.0,14.2935705
62.0,180.0,20.0,14.031031
64.0,-180.0,20.0,14.733844
64.0,-178.0,20.0,14.410815
64.0,-176.0,20.0,14.858002
64.0,-174.0,20.0,16.094547
64.0,-172.0,20.0,16.060965
64.0,-170.0,20.0,14.863571
64.0,-168.0,20.0,14.217346
64.0,-166.0,20.0,14.4211855
64.0,-164.0,20.0,14.145299
64.0,-162.0,20.0,14.086826
64.0,-160.0,20.0,14.804201
64.0,-158.0,20.0,15.263707
64.0,-156.0,20.0,14.577311
64.0,-154.0,20.0,14.020431
64.0,-152.0,20.0,14.366767
64.0,-150.0,20.0,14.712824
64.0,-148.0,20.0,13.981912
64.0,-146.0,20.0,13.819093
64.0,-144.0,20.0,14.1782465
64.0,-142.0,20.0,14.279496
64.0,-140.0,20.0,14.4121895
64.0,-138.0,20.0,14.299099
64.0,-136.0,20.0,13.942714
64.0,-134.0,20.0,13.817571
64.0,-132.0,20.0,14.058642
64.0,-130.0,20.0,14.685307
64.0,-128.0,20.0,14.301421
64.0,-126.0,20.0,13.398632
64.0,-124.0,20.0,12.514007
64.0,-122.0,20.0,12.899533
64.0,-120.0,20.0,14.305401
64.0,-118.0,20.0,14.864691
64.0,-116.0,20.0,14.879286
64.0,-114.0,20.0,15.162461
64.0,-112.0,20.0,15.092794
64.0,-110.0,20.0,14.2665
64.0,-108.0,20.0,13.623271
64.0,-106.0,20.0,13.700301
64.0,-104.0,20.0,13.798589
64.0,-102.0,20.0,13.990705
64.0,-100.0,20.0,14.262906
64.0,-98.0,20.0,14.896387
64.0,-96.0,20.0,15.169324
64.0,-94.0,20.0,14.138246
64.0,-92.0,20.0,13.920612
64.0,-90.0,20.0,14.312197
64.0,-88.0,20.0,14.686767
64.0,-86.0,20.0,15.04791
64.0,-84.0,20.0,15.437362
64.0,-82.0,20.0,15.313163
64.0,-80.0,20.0,14.229185
64.0,-78.0,20.0,14.004044
64.0,-76.0,20.0,14.34794
64.0,-74.0,20.0,14.381778
64.0,-72.0,20.0,14.093061
64.0,-70.0,20.0,14.228405
64.0,-68.0,20.0,14.910159
64.0,-66.0,20.0,14.775663
64.0,-64.0,20.0,13.788789
64.0,-62.0,20.0,13.446988
64.0,-60.0,20.0,14.195538
64.0,-58.0,20.0,13.701918
64.0,-56.0,20.0,13.169983
64.0,-54.0,20.0,13.455037
64.0,-52.0,20.0,14.394635
64.0,-50.0,20.0,14.508357
64.0,-48.0,20.0,13.531474
64.0,-46.0,20.0,12.954949
64.0,-44.0,20.0,13.24721
64.0,-42.0,20.0,14.012524
64.0,-40.0,20.0,14.518537
64.0,-38.0,20.0,14.899232
64.0,-36.0,20.0,14.858023
64.0,-34.0,20.0,14.375244
64.0,-32.0,20.0,14.260213
64.0,-30.0,20.0,14.729503
64.0,-28.0,20.0,14.562586
64.0,-26.0,20.0,14.563291
64.0,-24.0,20.0,15.293468
64.0,-22.0,20.0,15.601293
64.0,-20.0,20.0,14.62968
64.0,-18.0,20.0,13.429443
64.0,-16.0,20.0,12.755822
64.0,-14.0,20.0,13.193752
64.0,-12.0,20.0,13.51131
64.0,-10.0,20.0,14.255868
64.0,-8.0,20.0,15.733143
64.0,-6.0,20.0,16.504124
64.0,-4.0,20.0,14.926222
64.0,-2.0,20.0,14.134693
64.0,0.0,20.0,14.171412
64.0,2.0,20.0,14.009163
64.0,4.0,20.0,14.222768
64.0,6.0,20.0,15.451122
64.0,8.0,20.0,15.961232
64.0,10.0,20.0,14.278134
64.0,12.0,20.0,13.05153
64.0,14.0,20.0,12.995152
64.0,16.0,20.0,12.988988
64.0,18.0,20.0,13.39524
64.0,20.0,20.0,14.543592
64.0,22.0,20.0,15.97533
64.0,24.0,20.0,16.0094
64.0,26.0,20.0,14.993618
64.0,28.0,20.0,14.660619
64.0,30.0,20.0,14.690021
64.0,32.0,20.0,13.7753525
64.0,34.0,20.0,12.899958
64.0,36.0,20.0,13.265753
64.0,38.0,20.0,14.289311
64.0,40.0,20.0,14.630261
64.0,42.0,20.0,13.480667
64.0,44.0,20.0,12.050644
64.0,46.0,20.0,11.915871
64.0,48.0,20.0,13.25381
64.0,50.0,20.0,14.731947
64.0,52.0,20.0,14.822408
64.0,54.0,20.0,13.801056
64.0,56.0,20.0,13.193699
64.0,58.0,20.0,13.793609
64.0,60.0,20.0,14.595113
64.0,62.0,20.0,14.2549
64.0,64.0,20.0,14.165482
64.0,66.0,20.0,15.165566
64.0,68.0,20.0,15.77236
64.0,70.0,20.0,14.336349
64.0,72.0,20.0,13.04115
64.0,74.0,20.0,13.500275
64.0,76.0,20.0,13.8809185
64.0,78.0,20.0,13.568551
64.0,80.0,20.0,14.268698
64.0,82.0,20.0,16.255997
64.0,84.0,20.0,16.35814
64.0,86.0,20.0,14.876778
64.0,88.0,20.0,14.28408
64.0,90.0,20.0,14.271447
64.0,92.0,20.0,13.541479
64.0,94.0,20.0,13.959408
64.0,96.0,20.0,15.849962
64.0,98.0,20.0,16.046848
64.0,100.0,20.0,14.220041
64.0,102.0,20.0,13.3029995
64.0,104.0,20.0,13.39524
64.0,106.0,20.0,12.929782
64.0,108.0,20.0,12.579488
64.0,110.0,20.0,14.211914
64.0,112.0,20.0,15.829969
64.0,114.0,20.0,15.492229
64.0,116.0,20.0,14.498108
64.0,118.0,20.0,14.307328
64.0,120.0,20.0,14.090783
64.0,122.0,20.0,13.060071
64.0,124.0,20.0,12.31315
64.0,126.0,20.0,13.03315
64.0,128.0,20.0,14.185347
64.0,130.0,20.0,14.167454
64.0,132.0,20.0,12.93112
64.0,134.0,20.0,11.811431
64.0,136.0,20.0,11.672544
64.0,138.0,20.0,12.96612
64.0,140.0,20.0,14.091539
64.0,142.0,20.0,13.824026
64.0,144.0,20.0,13.160255
64.0,146.0,20.0,13.232529
64.0,148.0,20.0,13.810045
64.0,150.0,20.0,14.226577
64.0,152.0,20.0,13.849702
64.0,154.0,20.0,14.073604
64.0,156.0,20.0,15.183873
64.0,158.0,20.0,15.373431
64.0,160.0,20.0,14.370947
64.0,162.0,20.0,13.781006
64.0,164.0,20.0,13.620777
64.0,166.0,20.0,13.338211
64.0,168.0,20.0,13.085757
64.0,170.0,20.0,14.395417
64.0,172.0,20.0,16.123114
64.0,174.0,20.0,15.269924
64.0,176.0,20.0,14.1481285
64.0,178.0,20.0,14.318002
64.0,180.0,20.0,14.733844
66.0,-180.0,20.0,12.967641
66.0,-178.0,20.0,12.755281
66.0,-176.0,20.0,13.260833
66.0,-174.0,20.0,14.386123
66.0,-172.0,20.0,14.154098
66.0,-170.0,20.0,12.912691
66.0,-168.0,20.0,12.438566
66.0,-166.0,20.0,12.975518
66.0,-164.0,20.0,12.809769
66.0,-162.0,20.0,12.650314
66.0,-160.0,20.0,13.032308
66.0,-158.0,20.0,13.477232
66.0,-156.0,20.0,12.819549
66.0,-154.0,20.0,12.433436
66.0,-152.0,20.0,12.643265
66.0,-150.0,20.0,13.04788
66.0,-148.0,20.0,12.410137
66.0,-146.0,20.0,11.941251
66.0,-144.0,20.0,12.283286
66.0,-142.0,20.0,12.80423
66.0,-140.0,20.0,13.275885
66.0,-138.0,20.0,13.201792
66.0,-136.0,20.0,12.745158
66.0,-134.0,20.0,12.574996
66.0,-132.0,20.0,13.031434
66.0,-130.0,20.0,13.331699
66.0,-128.0,20.0,12.69926
66.0,-126.0,20.0,11.938663
66.0,-124.0,20.0,11.616241
66.0,-122.0,20.0,12.269235
66.0,-120.0,20.0,13.480391
66.0,-118.0,20.0,13.776176
66.0,-116.0,20.0,14.124769
66.0,-114.0,20.0,14.423836
66.0,-112.0,20.0,14.224803
66.0,-110.0,20.0,13.528222
66.0,-108.0,20.0,12.941401
66.0,-106.0,20.0,13.008631
66.0,-104.0,20.0,13.131797
66.0,-102.0,20.0,13.334627
66.0,-100.0,20.0,13.495808
66.0,-98.0,20.0,13.618586
66.0,-96.0,20.0,13.610892
66.0,-94.0,20.0,12.941869
66.0,-92.0,20.0,12.948193
66.0,-90.0,20.0,13.479118
66.0,-88.0,20.0,13.841182
66.0,-86.0,20.0,14.280565
66.0,-84.0,20.0,14.706041
66.0,-82.0,20.0,14.200558
66.0,-80.0,20.0,13.460655
66.0,-78.0,20.0,13.404301
66.0,-76.0,20.0,13.575722
66.0,-74.0,20.0,13.552086
66.0,-72.0,20.0,13.27565
66.0,-70.0,20.0,13.467686
66.0,-68.0,20.0,14.188046
66.0,-66.0,20.0,13.973577
66.0,-64.0,20.0,12.946897
66.0,-62.0,20.0,12.822049
66.0,-60.0,20.0,13.322762
66.0,-58.0,20.0,12.823981
66.0,-56.0,20.0,12.276075
66.0,-54.0,20.0,12.427085
66.0,-52.0,20.0,13.377744
66.0,-50.0,20.0,13.473228
66.0,-48.0,20.0,12.483093
66.0,-46.0,20.0,12.094403
66.0,-44.0,20.0,12.547893
66.0,-42.0,20.0,13.298906
66.0,-40.0,20.0,13.41281
66.0,-38.0,20.0,13.66389
66.0,-36.0,20.0,13.434974
66.0,-34.0,20.0,12.98209
66.0,-32.0,20.0,12.809107
66.0,-30.0,20.0,13.1566105
66.0,-28.0,20.0,13.083302
66.0,-26.0,20.0,12.961128
66.0,-24.0,20.0,13.409082
66.0,-22.0,20.0,13.719374
66.0,-20.0,20.0,13.174515
66.0,-18.0,20.0,12.629279
66.0,-16.0,20.0,12.030093
66.0,-14.0,20.0,12.34948
66.0,-12.0,20.0,12.511638
66.0,-10.0,20.0,13.237344
66.0,-8.0,20.0,14.860917
66.0,-6.0,20.0,15.402065
66.0,-4.0,20.0,13.791455
66.0,-2.0,20.0,13.071626
66.0,0.0,20.0,13.092679
66.0,2.0,20.0,12.546881
66.0,4.0,20.0,12.752621
66.0,6.0,20.0,14.001823
66.0,8.0,20.0,14.817178
66.0,10.0,20.0,13.290655
66.0,12.0,20.0,12.130356
66.0,14.0,20.0,11.893686
66.0,16.0,20.0,11.819637
66.0,18.0,20.0,12.137325
66.0,20.0,20.0,13.217211
66.0,22.0,20.0,14.398081
66.0,24.0,20.0,14.453727
66.0,26.0,20.0,13.431982
66.0,28.0,20.0,13.058842
66.0,30.0,20.0,13.176617
66.0,32.0,20.0,12.578162
66.0,34.0,20.0,11.832943
66.0,36.0,20.0,11.85971
66.0,38.0,20.0,12.772359
66.0,40.0,20.0,13.121097
66.0,42.0,20.0,12.045103
66.0,44.0,20.0,10.758591
66.0,46.0,20.0,10.728074
66.0,48.0,20.0,11.8593025
66.0,50.0,20.0,13.18595
66.0,52.0,20.0,13.393212
66.0,54.0,20.0,12.598055
66.0,56.0,20.0,11.799045
66.0,58.0,20.0,12.438533
66.0,60.0,20.0,13.296348
66.0,62.0,20.0,13.269793
66.0,64.0,20.0,12.914243
66.0,66.0,20.0,13.840261
66.0,68.0,20.0,14.590516
66.0,70.0,20.0,13.542389
66.0,72.0,20.0,12.084946
66.0,74.0,20.0,12.166167
66.0,76.0,20.0,12.654586
66.0,78.0,20.0,12.507412
66.0,80.0,20.0,13.312871
66.0,82.0,20.0,15.252502
66.0,84.0,20.0,15.401849
66.0,86.0,20.0,13.83879
66.0,88.0,20.0,13.192076
66.0,90.0,20.0,13.377138
66.0,92.0,20.0,12.699651
66.0,94.0,20.0,13.039761
66.0,96.0,20.0,14.47739
66.0,98.0,20.0,15.034548
66.0,100.0,20.0,13.426004
66.0,102.0,20.0,12.456794
66.0,104.0,20.0,12.553982
66.0,106.0,20.0,12.1597
66.0,108.0,20.0,11.975218
66.0,110.0,20.0,13.413488
66.0,112.0,20.0,15.073591
66.0,114.0,20.0,14.838226
66.0,116.0,20.0,13.817383
66.0,118.0,20.0,13.716143
66.0,120.0,20.0,13.465663
66.0,122.0,20.0,12.303803
66.0,124.0,20.0,11.608359
66.0,126.0,20.0,12.100269
66.0,128.0,20.0,13.292398
66.0,130.0,20.0,13.423252
66.0,132.0,20.0,11.904181
66.0,134.0,20.0,10.645204
66.0,136.0,20.0,10.715706
66.0,138.0,20.0,12.121596
66.0,140.0,20.0,13.237884
66.0,142.0,20.0,13.019236
66.0,144.0,20.0,12.174509
66.0,146.0,20.0,12.073486
66.0,148.0,20.0,12.699308
66.0,150.0,20.0,13.182027
66.0,152.0,20.0,12.832585
66.0,154.0,20.0,12.968596
66.0,156.0,20.0,14.013152
66.0,158.0,20.0,14.160902
66.0,160.0,20.0,13.029964
66.0,162.0,20.0,12.481236
66.0,164.0,20.0,12.511632
66.0,166.0,20.0,12.094694
66.0,168.0,20.0,11.887373
66.0,170.0,20.0,13.137691
66.0,172.0,20.0,14.38684
66.0,174.0,20.0,13.620137
66.0,176.0,20.0,12.466471
66.0,178.0,20.0,12.670118
66.0,180.0,20.0,12.967641
68.0,-180.0,20.0,11.970508
68.0,-178.0,20.0,11.787994
68.0,-176.0,20.0,12.30633
68.0,-174.0,20.0,13.292655
68.0,-172.0,20.0,12.975487
68.0,-170.0,20.0,11.920031
68.0,-168.0,20.0,11.588364
68.0,-166.0,20.0,11.842231
68.0,-164.0,20.0,11.548206
68.0,-162.0,20.0,11.502506
68.0,-160.0,20.0,11.823586
68.0,-158.0,20.0,12.242227
68.0,-156.0,20.0,11.825622
68.0,-154.0,20.0,11.617765
68.0,-152.0,20.0,11.7498665
68.0,-150.0,20.0,12.03893
68.0,-148.0,20.0,11.524547
68.0,-146.0,20.0,11.066092
68.0,-144.0,20.0,11.397222
68.0,-142.0,20.0,11.937812
68.0,-140.0,20.0,12.191429
68.0,-138.0,20.0,12.263526
68.0,-136.0,20.0,11.834582
68.0,-134.0,20.0,11.71729
68.0,-132.0,20.0,12.222255
68.0,-130.0,20.0,12.333778
68.0,-128.0,20.0,11.765812
68.0,-126.0,20.0,11.172288
68.0,-124.0,20.0,11.015992
68.0,-122.0,20.0,11.571561
68.0,-120.0,20.0,12.641598
68.0,-118.0,20.0,13.024346
68.0,-116.0,20.0,13.435285
68.0,-114.0,20.0,13.705159
68.0,-112.0,20.0,13.360808
68.0,-110.0,20.0,12.86488
68.0,-108.0,20.0,12.474192
68.0,-106.0,20.0,12.527476
68.0,-104.0,20.0,12.345452
68.0,-102.0,20.0,12.396289
68.0,-100.0,20.0,12.634077
68.0,-98.0,20.0,12.966494
68.0,-96.0,20.0,12.916927
68.0,-94.0,20.0,12.216148
68.0,-92.0,20.0,12.106837
68.0,-90.0,20.0,12.556476
68.0,-88.0,20.0,12.895188
68.0,-86.0,20.0,13.299562
68.0,-84.0,20.0,13.524262
68.0,-82.0,20.0,13.237508
68.0,-80.0,20.0,12.4629135
68.0,-78.0,20.0,12.362412
68.0,-76.0,20.0,12.289163
68.0,-74.0,20.0,12.451651
68.0,-72.0,20.0,12.309777
68.0,-70.0,20.0,12.705441
68.0,-68.0,20.0,13.191987
68.0,-66.0,20.0,13.095928
68.0,-64.0,20.0,12.242892
68.0,-62.0,20.0,11.947191
68.0,-60.0,20.0,12.224458
68.0,-58.0,20.0,12.105842
68.0,-56.0,20.0,11.635844
68.0,-54.0,20.0,11.64979
68.0,-52.0,20.0,12.416178
68.0,-50.0,20.0,12.539572
68.0,-48.0,20.0,11.867672
68.0,-46.0,20.0,11.434148
68.0,-44.0,20.0,11.832373
68.0,-42.0,20.0,12.31165
68.0,-40.0,20.0,12.523698
68.0,-38.0,20.0,12.60559
68.0,-36.0,20.0,12.558248
68.0,-34.0,20.0,12.19761
68.0,-32.0,20.0,12.083523
68.0,-30.0,20.0,12.398098
68.0,-28.0,20.0,12.175882
68.0,-26.0,20.0,12.135031
68.0,-24.0,20.0,12.606654
68.0,-22.0,20.0,12.906972
68.0,-20.0,20.0,12.376252
68.0,-18.0,20.0,11.565463
68.0,-16.0,20.0,11.301994
68.0,-14.0,20.0,11.521162
68.0,-12.0,20.0,11.821249
68.0,-10.0,20.0,12.362108
68.0,-8.0,20.0,13.668879
68.0,-6.0,20.0,14.191757
68.0,-4.0,20.0,12.876531
68.0,-2.0,20.0,12.101701
68.0,0.0,20.0,12.26261
68.0,2.0,20.0,11.641039
68.0,4.0,20.0,11.755113
68.0,6.0,20.0,12.916777
68.0,8.0,20.0,13.722985
68.0,10.0,20.0,12.458023
68.0,12.0,20.0,11.406736
68.0,14.0,20.0,11.150275
68.0,16.0,20.0,11.002303
68.0,18.0,20.0,11.207506
68.0,20.0,20.0,12.206489
68.0,22.0,20.0,13.3251505
68.0,24.0,20.0,13.281798
68.0,26.0,20.0,12.398169
68.0,28.0,20.0,12.116161
68.0,30.0,20.0,12.316213
68.0,32.0,20.0,11.829164
68.0,34.0,20.0,11.165612
68.0,36.0,20.0,11.145117
68.0,38.0,20.0,11.9544935
68.0,40.0,20.0,12.333032
68.0,42.0,20.0,11.299322
68.0,44.0,20.0,10.102848
68.0,46.0,20.0,10.033557
68.0,48.0,20.0,11.086756
68.0,50.0,20.0,12.305223
68.0,52.0,20.0,12.38628
68.0,54.0,20.0,11.696318
68.0,56.0,20.0,11.05945
68.0,58.0,20.0,11.689872
68.0,60.0,20.0,12.416628
68.0,62.0,20.0,12.339838
68.0,64.0,20.0,12.143592
68.0,66.0,20.0,12.956293
68.0,68.0,20.0,13.6910305
68.0,70.0,20.0,12.690167
68.0,72.0,20.0,11.437337
68.0,74.0,20.0,11.482463
68.0,76.0,20.0,11.832604
68.0,78.0,20.0,11.751169
68.0,80.0,20.0,12.414416
68.0,82.0,20.0,14.276954
68.0,84.0,20.0,14.446251
68.0,86.0,20.0,13.0326805
68.0,88.0,20.0,12.363356
68.0,90.0,20.0,12.487689
68.0,92.0,20.0,11.801076
68.0,94.0,20.0,12.162081
68.0,96.0,20.0,13.545095
68.0,98.0,20.0,14.044006
68.0,100.0,20.0,12.62691
68.0,102.0,20.0,11.64306
68.0,104.0,20.0,11.727312
68.0,106.0,20.0,11.362567
68.0,108.0,20.0,11.363044
68.0,110.0,20.0,12.536177
68.0,112.0,20.0,14.055191
68.0,114.0,20.0,13.912779
68.0,116.0,20.0,13.095192
68.0,118.0,20.0,12.849105
68.0,120.0,20.0,12.642228
68.0,122.0,20.0,11.5925255
68.0,124.0,20.0,10.892613
68.0,126.0,20.0,11.232985
68.0,128.0,20.0,12.384644
68.0,130.0,20.0,12.612068
68.0,132.0,20.0,11.313093
68.0,134.0,20.0,10.131441
68.0,136.0,20.0,10.109602
68.0,138.0,20.0,11.34287
68.0,140.0,20.0,12.371995
68.0,142.0,20.0,12.190307
68.0,144.0,20.0,11.178909
68.0,146.0,20.0,11.169188
68.0,148.0,20.0,11.878687
68.0,150.0,20.0,12.37845
68.0,152.0,20.0,12.016551
68.0,154.0,20.0,12.048354
68.0,156.0,20.0,13.055283
68.0,158.0,20.0,13.134289
68.0,160.0,20.0,12.004387
68.0,162.0,20.0,11.532248
68.0,164.0,20.0,11.406864
68.0,166.0,20.0,11.293124
68.0,168.0,20.0,11.000932
68.0,170.0,20.0,12.199628
68.0,172.0,20.0,13.309265
68.0,174.0,20.0,12.588504
68.0,176.0,20.0,11.644667
68.0,178.0,20.0,11.75553
68.0,180.0,20.0,11.970508
70.0,-180.0,20.0,14.027515
70.0,-178.0,20.0,13.770943
70.0,-176.0,20.0,14.161395
70.0,-174.0,20.0,15.561596
70.0,-172.0,20.0,15.410554
70.0,-170.0,20.0,14.007019
70.0,-168.0,20.0,13.697172
70.0,-166.0,20.0,13.983922
70.0,-164.0,20.0,13.677237
70.0,-162.0,20.0,13.2888365
70.0,-160.0,20.0,14.054668
70.0,-158.0,20.0,14.343473
70.0,-156.0,20.0,13.737788
70.0,-154.0,20.0,13.357837
70.0,-152.0,20.0,13.751034
70.0,-150.0,20.0,14.033928
70.0,-148.0,20.0,13.421332
70.0,-146.0,20.0,12.98448
70.0,-144.0,20.0,13.548945
70.0,-142.0,20.0,13.991599
70.0,-140.0,20.0,14.003713
70.0,-138.0,20.0,13.618381
70.0,-136.0,20.0,13.352312
70.0,-134.0,20.0,13.379805
70.0,-132.0,20.0,13.817666
70.0,-130.0,20.0,14.013562
70.0,-128.0,20.0,13.5295
70.0,-126.0,20.0,12.792022
70.0,-124.0,20.0,12.58142
70.0,-122.0,20.0,13.184466
70.0,-120.0,20.0,13.994955
70.0,-118.0,20.0,14.317483
70.0,-116.0,20.0,14.69943
70.0,-114.0,20.0,14.790114
70.0,-112.0,20.0,14.480183
70.0,-110.0,20.0,13.968801
70.0,-108.0,20.0,13.668722
70.0,-106.0,20.0,13.76764
70.0,-104.0,20.0,13.685529
70.0,-102.0,20.0,13.681679
70.0,-100.0,20.0,14.028101
70.0,-98.0,20.0,14.83864
70.0,-96.0,20.0,14.785263
70.0,-94.0,20.0,13.828882
70.0,-92.0,20.0,13.55756
70.0,-90.0,20.0,14.035417
70.0,-88.0,20.0,14.005256
70.0,-86.0,20.0,14.747487
70.0,-84.0,20.0,15.328468
70.0,-82.0,20.0,14.92757
70.0,-80.0,20.0,14.009818
70.0,-78.0,20.0,13.681865
70.0,-76.0,20.0,13.787378
70.0,-74.0,20.0,13.784186
70.0,-72.0,20.0,13.600768
70.0,-70.0,20.0,14.019822
70.0,-68.0,20.0,14.539432
70.0,-66.0,20.0,14.364134
70.0,-64.0,20.0,13.61603
70.0,-62.0,20.0,13.389033
70.0,-60.0,20.0,13.934662
70.0,-58.0,20.0,13.797318
70.0,-56.0,20.0,13.201845
70.0,-54.0,20.0,13.5814295
70.0,-52.0,20.0,14.009013
70.0,-50.0,20.0,13.994719
70.0,-48.0,20.0,13.417384
70.0,-46.0,20.0,12.714969
70.0,-44.0,20.0,12.801773
70.0,-42.0,20.0,13.460944
70.0,-40.0,20.0,13.995232
70.0,-38.0,20.0,14.367329
70.0,-36.0,20.0,14.149117
70.0,-34.0,20.0,13.755021
70.0,-32.0,20.0,13.812554
70.0,-30.0,20.0,14.04896
70.0,-28.0,20.0,13.631875
70.0,-26.0,20.0,13.564204
70.0,-24.0,20.0,14.36413
70.0,-22.0,20.0,14.860708
70.0,-20.0,20.0,14.033928
70.0,-18.0,20.0,13.3587475
70.0,-16.0,20.0,12.975957
70.0,-14.0,20.0,13.350163
70.0,-12.0,20.0,13.593188
70.0,-10.0,20.0,14.024041
70.0,-8.0,20.0,15.329452
70.0,-6.0,20.0,15.668256
70.0,-4.0,20.0,14.347574
70.0,-2.0,20.0,13.696163
70.0,0.0,20.0,14.028669
70.0,2.0,20.0,13.283084
70.0,4.0,20.0,13.125728
70.0,6.0,20.0,14.7275505
70.0,8.0,20.0,15.509935
70.0,10.0,20.0,14.043166
70.0,12.0,20.0,12.872623
70.0,14.0,20.0,12.866968
70.0,16.0,20.0,12.35854
70.0,18.0,20.0,12.8099985
70.0,20.0,20.0,14.032211
70.0,22.0,20.0,15.097638
70.0,24.0,20.0,14.855933
70.0,26.0,20.0,14.035789
70.0,28.0,20.0,13.863326
70.0,30.0,20.0,14.042298
70.0,32.0,20.0,13.335368
70.0,34.0,20.0,12.482445
70.0,36.0,20.0,12.679432
70.0,38.0,20.0,13.718736
70.0,40.0,20.0,14.041043
70.0,42.0,20.0,12.777129
70.0,44.0,20.0,11.410678
70.0,46.0,20.0,11.367107
70.0,48.0,20.0,12.569031
70.0,50.0,20.0,13.998846
70.0,52.0,20.0,14.070037
70.0,54.0,20.0,13.1091585
70.0,56.0,20.0,12.562413
70.0,58.0,20.0,13.243436
70.0,60.0,20.0,14.025345
70.0,62.0,20.0,13.833789
70.0,64.0,20.0,13.595023
70.0,66.0,20.0,14.429219
70.0,68.0,20.0,15.208046
70.0,70.0,20.0,14.026415
70.0,72.0,20.0,12.980128
70.0,74.0,20.0,13.127264
70.0,76.0,20.0,13.352595
70.0,78.0,20.0,13.081181
70.0,80.0,20.0,13.971225
70.0,82.0,20.0,15.978404
70.0,84.0,20.0,16.058613
70.0,86.0,20.0,14.620453
70.0,88.0,20.0,14.133871
70.0,90.0,20.0,14.031894
70.0,92.0,20.0,13.402827
70.0,94.0,20.0,13.678157
70.0,96.0,20.0,15.253946
70.0,98.0,20.0,15.606077
70.0,100.0,20.0,14.034711
70.0,102.0,20.0,13.1053705
70.0,104.0,20.0,13.179959
70.0,106.0,20.0,12.663435
70.0,108.0,20.0,12.680102
70.0,110.0,20.0,14.035417
70.0,112.0,20.0,15.594814
70.0,114.0,20.0,15.370216
70.0,116.0,20.0,14.419318
70.0,118.0,20.0,14.314203
70.0,120.0,20.0,14.019658
70.0,122.0,20.0,12.756206
70.0,124.0,20.0,12.126132
70.0,126.0,20.0,12.688582
70.0,128.0,20.0,13.9996805
70.0,130.0,20.0,14.081826
70.0,132.0,20.0,12.630993
70.0,134.0,20.0,11.518503
70.0,136.0,20.0,11.571004
70.0,138.0,20.0,12.871561
70.0,140.0,20.0,14.008789
70.0,142.0,20.0,13.720797
70.0,144.0,20.0,12.77362
70.0,146.0,20.0,12.800759
70.0,148.0,20.0,13.540636
70.0,150.0,20.0,14.042101
70.0,152.0,20.0,13.522892
70.0,154.0,20.0,13.632353
70.0,156.0,20.0,14.896678
70.0,158.0,20.0,15.0498295
70.0,160.0,20.0,14.013766
70.0,162.0,20.0,13.468951
70.0,164.0,20.0,13.491104
70.0,166.0,20.0,13.25363
70.0,168.0,20.0,12.833846
70.0,170.0,20.0,14.036605
70.0,172.0,20.0,15.334123
70.0,174.0,20.0,14.335785
70.0,176.0,20.0,13.339674
70.0,178.0,20.0,13.586825
70.0,180.0,20.0,14.027515
72.0,-180.0,20.0,16.16895
72.0,-178.0,20.0,15.799274
72.0,-176.0,20.0,16.247044
72.0,-174.0,20.0,17.717924
72.0,-172.0,20.0,17.668186
72.0,-170.0,20.0,15.93842
72.0,-168.0,20.0,15.529484
72.0,-166.0,20.0,16.427029
72.0,-164.0,20.0,16.014277
72.0,-162.0,20.0,15.481957
72.0,-160.0,20.0,15.982824
72.0,-158.0,20.0,16.51812
72.0,-156.0,20.0,15.594871
72.0,-154.0,20.0,15.042816
72.0,-152.0,20.0,15.6311455
72.0,-150.0,20.0,16.101944
72.0,-148.0,20.0,15.408438
72.0,-146.0,20.0,15.004625
72.0,-144.0,20.0,15.66749
72.0,-142.0,20.0,16.329935
72.0,-140.0,20.0,16.36691
72.0,-138.0,20.0,15.669993
72.0,-136.0,20.0,15.3189
72.0,-134.0,20.0,15.350433
72.0,-132.0,20.0,16.201052
72.0,-130.0,20.0,16.399616
72.0,-128.0,20.0,15.561959
72.0,-126.0,20.0,14.581718
72.0,-124.0,20.0,14.429883
72.0,-122.0,20.0,15.41338
72.0,-120.0,20.0,16.34476
72.0,-118.0,20.0,16.154219
72.0,-116.0,20.0,16.557165
72.0,-114.0,20.0,17.079166
72.0,-112.0,20.0,16.626974
72.0,-110.0,20.0,15.82775
72.0,-108.0,20.0,15.518055
72.0,-106.0,20.0,15.427497
72.0,-104.0,20.0,15.535698
72.0,-102.0,20.0,15.737037
72.0,-100.0,20.0,16.451658
72.0,-98.0,20.0,17.224237
72.0,-96.0,20.0,17.175173
72.0,-94.0,20.0,16.243704
72.0,-92.0,20.0,15.813809
72.0,-90.0,20.0,16.27309
72.0,-88.0,20.0,16.552418
72.0,-86.0,20.0,17.276663
72.0,-84.0,20.0,18.094784
72.0,-82.0,20.0,17.692951
72.0,-80.0,20.0,16.49466
72.0,-78.0,20.0,15.797756
72.0,-76.0,20.0,16.108648
72.0,-74.0,20.0,16.103725
72.0,-72.0,20.0,15.716478
72.0,-70.0,20.0,15.952189
72.0,-68.0,20.0,16.46255
72.0,-66.0,20.0,16.50486
72.0,-64.0,20.0,16.001823
72.0,-62.0,20.0,15.83536
72.0,-60.0,20.0,16.615824
72.0,-58.0,20.0,16.315117
72.0,-56.0,20.0,15.879103
72.0,-54.0,20.0,16.27727
72.0,-52.0,20.0,16.654787
72.0,-50.0,20.0,16.452698
72.0,-48.0,20.0,15.727667
72.0,-46.0,20.0,14.9838915
72.0,-44.0,20.0,15.013808
72.0,-42.0,20.0,15.694438
72.0,-40.0,20.0,16.276241
72.0,-38.0,20.0,16.90942
72.0,-36.0,20.0,16.33934
72.0,-34.0,20.0,15.451476
72.0,-32.0,20.0,15.300966
72.0,-30.0,20.0,15.627669
72.0,-28.0,20.0,15.232355
72.0,-26.0,20.0,15.100713
72.0,-24.0,20.0,15.939602
72.0,-22.0,20.0,16.315739
72.0,-20.0,20.0,15.699224
72.0,-18.0,20.0,15.119071
72.0,-16.0,20.0,14.92788
72.0,-14.0,20.0,15.640103
72.0,-12.0,20.0,15.460493
72.0,-10.0,20.0,15.861878
72.0,-8.0,20.0,17.655132
72.0,-6.0,20.0,17.962835
72.0,-4.0,20.0,16.369165
72.0,-2.0,20.0,15.981883
72.0,0.0,20.0,16.320742
72.0,2.0,20.0,15.434606
72.0,4.0,20.0,15.042117
72.0,6.0,20.0,16.704767
72.0,8.0,20.0,17.65349
72.0,10.0,20.0,16.181236
72.0,12.0,20.0,14.982316
72.0,14.0,20.0,15.159045
72.0,16.0,20.0,14.9656725
72.0,18.0,20.0,14.710267
72.0,20.0,20.0,16.095722
72.0,22.0,20.0,17.48097
72.0,24.0,20.0,17.131197
72.0,26.0,20.0,15.963943
72.0,28.0,20.0,16.031044
72.0,30.0,20.0,16.142712
72.0,32.0,20.0,15.274301
72.0,34.0,20.0,14.234994
72.0,36.0,20.0,14.514024
72.0,38.0,20.0,15.699427
72.0,40.0,20.0,16.270508
72.0,42.0,20.0,14.820054
72.0,44.0,20.0,13.187484
72.0,46.0,20.0,13.113716
72.0,48.0,20.0,14.558482
72.0,50.0,20.0,16.42225
72.0,52.0,20.0,16.499832
72.0,54.0,20.0,15.149114
72.0,56.0,20.0,14.250696
72.0,58.0,20.0,14.928788
72.0,60.0,20.0,16.071177
72.0,62.0,20.0,15.987733
72.0,64.0,20.0,15.666209
72.0,66.0,20.0,16.622154
72.0,68.0,20.0,17.456839
72.0,70.0,20.0,16.084078
72.0,72.0,20.0,14.621042
72.0,74.0,20.0,14.914117
72.0,76.0,20.0,15.323528
72.0,78.0,20.0,15.040263
72.0,80.0,20.0,16.153753
72.0,82.0,20.0,18.611061
72.0,84.0,20.0,18.703304
72.0,86.0,20.0,16.912052
72.0,88.0,20.0,16.282793
72.0,90.0,20.0,16.23065
72.0,92.0,20.0,15.368707
72.0,94.0,20.0,15.584698
72.0,96.0,20.0,17.629587
72.0,98.0,20.0,18.119032
72.0,100.0,20.0,16.216467
72.0,102.0,20.0,15.062113
72.0,104.0,20.0,15.226782
72.0,106.0,20.0,14.55581
72.0,108.0,20.0,14.386672
72.0,110.0,20.0,16.02238
72.0,112.0,20.0,18.006638
72.0,114.0,20.0,17.612514
72.0,116.0,20.0,16.43306
72.0,118.0,20.0,16.317917
72.0,120.0,20.0,15.980348
72.0,122.0,20.0,14.484461
72.0,124.0,20.0,13.758485
72.0,126.0,20.0,14.581562
72.0,128.0,20.0,16.02999
72.0,130.0,20.0,16.044794
72.0,132.0,20.0,14.339289
72.0,134.0,20.0,13.230535
72.0,136.0,20.0,13.461654
72.0,138.0,20.0,14.7655
72.0,140.0,20.0,16.06317
72.0,142.0,20.0,15.604545
72.0,144.0,20.0,14.408548
72.0,146.0,20.0,14.547802
72.0,148.0,20.0,15.838018
72.0,150.0,20.0,16.199936
72.0,152.0,20.0,15.538624
72.0,154.0,20.0,15.682787
72.0,156.0,20.0,17.263227
72.0,158.0,20.0,17.793552
72.0,160.0,20.0,16.602375
72.0,162.0,20.0,15.988728
72.0,164.0,20.0,16.241432
72.0,166.0,20.0,15.729962
72.0,168.0,20.0,15.122064
72.0,170.0,20.0,16.363651
72.0,172.0,20.0,17.676048
72.0,174.0,20.0,16.304987
72.0,176.0,20.0,14.7090435
72.0,178.0,20.0,15.194213
72.0,180.0,20.0,16.16895
74.0,-180.0,20.0,14.595481
74.0,-178.0,20.0,14.410088
74.0,-176.0,20.0,14.811368
74.0,-174.0,20.0,16.059908
74.0,-172.0,20.0,15.950467
74.0,-170.0,20.0,14.438122
74.0,-168.0,20.0,14.191923
74.0,-166.0,20.0,14.747606
74.0,-164.0,20.0,14.157668
74.0,-162.0,20.0,13.970352
74.0,-160.0,20.0,14.752249
74.0,-158.0,20.0,15.14912
74.0,-156.0,20.0,14.584746
74.0,-154.0,20.0,14.059202
74.0,-152.0,20.0,14.426529
74.0,-150.0,20.0,14.730286
74.0,-148.0,20.0,14.144979
74.0,-146.0,20.0,13.593908
74.0,-144.0,20.0,14.22775
74.0,-142.0,20.0,15.068191
74.0,-140.0,20.0,15.036104
74.0,-138.0,20.0,14.602989
74.0,-136.0,20.0,14.428855
74.0,-134.0,20.0,14.440594
74.0,-132.0,20.0,14.905446
74.0,-130.0,20.0,14.957839
74.0,-128.0,20.0,14.427331
74.0,-126.0,20.0,13.586967
74.0,-124.0,20.0,13.5946865
74.0,-122.0,20.0,14.410108
74.0,-120.0,20.0,15.157618
74.0,-118.0,20.0,15.258482
74.0,-116.0,20.0,15.609869
74.0,-114.0,20.0,16.000446
74.0,-112.0,20.0,15.673748
74.0,-110.0,20.0,14.800922
74.0,-108.0,20.0,14.465435
74.0,-106.0,20.0,14.478536
74.0,-104.0,20.0,14.438342
74.0,-102.0,20.0,14.44849
74.0,-100.0,20.0,14.9842415
74.0,-98.0,20.0,15.548675
74.0,-96.0,20.0,15.459738
74.0,-94.0,20.0,14.663021
74.0,-92.0,20.0,14.719231
74.0,-90.0,20.0,15.00092
74.0,-88.0,20.0,15.094069
74.0,-86.0,20.0,15.925767
74.0,-84.0,20.0,16.644537
74.0,-82.0,20.0,16.042942
74.0,-80.0,20.0,14.965811
74.0,-78.0,20.0,14.395194
74.0,-76.0,20.0,14.782574
74.0,-74.0,20.0,14.818008
74.0,-72.0,20.0,14.558881
74.0,-70.0,20.0,14.73474
74.0,-68.0,20.0,15.309885
74.0,-66.0,20.0,14.9233675
74.0,-64.0,20.0,14.503954
74.0,-62.0,20.0,14.57108
74.0,-60.0,20.0,14.953035
74.0,-58.0,20.0,14.73564
74.0,-56.0,20.0,14.470713
74.0,-54.0,20.0,14.696627
74.0,-52.0,20.0,15.098942
74.0,-50.0,20.0,15.005205
74.0,-48.0,20.0,14.283787
74.0,-46.0,20.0,13.592093
74.0,-44.0,20.0,13.562274
74.0,-42.0,20.0,14.094863
74.0,-40.0,20.0,14.750371
74.0,-38.0,20.0,15.3386755
74.0,-36.0,20.0,14.915247
74.0,-34.0,20.0,14.108866
74.0,-32.0,20.0,13.942564
74.0,-30.0,20.0,14.424538
74.0,-28.0,20.0,14.15489
74.0,-26.0,20.0,13.917682
74.0,-24.0,20.0,14.663838
74.0,-22.0,20.0,15.151165
74.0,-20.0,20.0,14.593849
74.0,-18.0,20.0,13.687702
74.0,-16.0,20.0,13.544017
74.0,-14.0,20.0,13.900497
74.0,-12.0,20.0,14.025472
74.0,-10.0,20.0,14.527581
74.0,-8.0,20.0,16.224874
74.0,-6.0,20.0,16.666954
74.0,-4.0,20.0,14.963771
74.0,-2.0,20.0,14.31807
74.0,0.0,20.0,14.666965
74.0,2.0,20.0,14.0850935
74.0,4.0,20.0,13.7324505
74.0,6.0,20.0,15.306487
74.0,8.0,20.0,16.099705
74.0,10.0,20.0,14.628497
74.0,12.0,20.0,13.65232
74.0,14.0,20.0,13.671985
74.0,16.0,20.0,13.540594
74.0,18.0,20.0,13.448995
74.0,20.0,20.0,14.807417
74.0,22.0,20.0,16.055574
74.0,24.0,20.0,15.585782
74.0,26.0,20.0,14.585282
74.0,28.0,20.0,14.630259
74.0,30.0,20.0,14.871305
74.0,32.0,20.0,14.186381
74.0,34.0,20.0,13.2739
74.0,36.0,20.0,13.320894
74.0,38.0,20.0,14.377081
74.0,40.0,20.0,14.930286
74.0,42.0,20.0,13.698978
74.0,44.0,20.0,12.356348
74.0,46.0,20.0,12.203404
74.0,48.0,20.0,13.352835
74.0,50.0,20.0,14.992614
74.0,52.0,20.0,15.207564
74.0,54.0,20.0,13.857883
74.0,56.0,20.0,12.972372
74.0,58.0,20.0,13.682501
74.0,60.0,20.0,14.837487
74.0,62.0,20.0,14.917832
74.0,64.0,20.0,14.755566
74.0,66.0,20.0,15.491587
74.0,68.0,20.0,16.299915
74.0,70.0,20.0,14.841867
74.0,72.0,20.0,13.381271
74.0,74.0,20.0,13.571589
74.0,76.0,20.0,14.067857
74.0,78.0,20.0,13.930393
74.0,80.0,20.0,14.8029375
74.0,82.0,20.0,16.965494
74.0,84.0,20.0,17.004507
74.0,86.0,20.0,15.341023
74.0,88.0,20.0,14.899555
74.0,90.0,20.0,14.961591
74.0,92.0,20.0,14.378658
74.0,94.0,20.0,14.690157
74.0,96.0,20.0,16.438017
74.0,98.0,20.0,16.735247
74.0,100.0,20.0,14.895514
74.0,102.0,20.0,13.909395
74.0,104.0,20.0,14.041843
74.0,106.0,20.0,13.645805
74.0,108.0,20.0,13.49723
74.0,110.0,20.0,14.882219
74.0,112.0,20.0,16.707714
74.0,114.0,20.0,16.38853
74.0,116.0,20.0,15.316595
74.0,118.0,20.0,15.1869545
74.0,120.0,20.0,14.980397
74.0,122.0,20.0,13.73434
74.0,124.0,20.0,13.184495
74.0,126.0,20.0,13.78846
74.0,128.0,20.0,14.973995
74.0,130.0,20.0,14.890869
74.0,132.0,20.0,13.164038
74.0,134.0,20.0,11.954471
74.0,136.0,20.0,12.252913
74.0,138.0,20.0,13.711379
74.0,140.0,20.0,14.994644
74.0,142.0,20.0,14.506174
74.0,144.0,20.0,13.3884325
74.0,146.0,20.0,13.4971075
74.0,148.0,20.0,14.316374
74.0,150.0,20.0,14.938483
74.0,152.0,20.0,14.421996
74.0,154.0,20.0,14.582319
74.0,156.0,20.0,16.01719
74.0,158.0,20.0,16.126463
74.0,160.0,20.0,15.049194
74.0,162.0,20.0,14.636214
74.0,164.0,20.0,14.469405
74.0,166.0,20.0,14.149056
74.0,168.0,20.0,13.594417
74.0,170.0,20.0,15.028111
74.0,172.0,20.0,16.322948
74.0,174.0,20.0,15.169479
74.0,176.0,20.0,13.791228
74.0,178.0,20.0,14.086299
74.0,180.0,20.0,14.595481
76.0,-180.0,20.0,14.201939
76.0,-178.0,20.0,13.86758
76.0,-176.0,20.0,14.421491
76.0,-174.0,20.0,15.431816
76.0,-172.0,20.0,15.285281
76.0,-170.0,20.0,14.33853
76.0,-168.0,20.0,13.896345
76.0,-166.0,20.0,13.719067
76.0,-164.0,20.0,13.33532
76.0,-162.0,20.0,13.412804
76.0,-160.0,20.0,13.98712
76.0,-158.0,20.0,14.15023
76.0,-156.0,20.0,13.858402
76.0,-154.0,20.0,13.669674
76.0,-152.0,20.0,13.831269
76.0,-150.0,20.0,13.999874
76.0,-148.0,20.0,13.365142
76.0,-146.0,20.0,12.910124
76.0,-144.0,20.0,13.265054
76.0,-142.0,20.0,13.751473
76.0,-140.0,20.0,13.716525
76.0,-138.0,20.0,13.273048
76.0,-136.0,20.0,13.076784
76.0,-134.0,20.0,13.210466
76.0,-132.0,20.0,13.732779
76.0,-130.0,20.0,13.926395
76.0,-128.0,20.0,13.55237
76.0,-126.0,20.0,12.778813
76.0,-124.0,20.0,12.543708
76.0,-122.0,20.0,12.887206
76.0,-120.0,20.0,13.673787
76.0,-118.0,20.0,13.879316
76.0,-116.0,20.0,14.17368
76.0,-114.0,20.0,14.673523
76.0,-112.0,20.0,14.34321
76.0,-110.0,20.0,13.78169
76.0,-108.0,20.0,13.502367
76.0,-106.0,20.0,13.555996
76.0,-104.0,20.0,13.505515
76.0,-102.0,20.0,13.395131
76.0,-100.0,20.0,13.969163
76.0,-98.0,20.0,15.01915
76.0,-96.0,20.0,14.70878
76.0,-94.0,20.0,13.762389
76.0,-92.0,20.0,13.559319
76.0,-90.0,20.0,13.622894
76.0,-88.0,20.0,13.59727
76.0,-86.0,20.0,14.272118
76.0,-84.0,20.0,15.102834
76.0,-82.0,20.0,14.741947
76.0,-80.0,20.0,13.785402
76.0,-78.0,20.0,13.223089
76.0,-76.0,20.0,13.574589
76.0,-74.0,20.0,13.546006
76.0,-72.0,20.0,13.372915
76.0,-70.0,20.0,14.078191
76.0,-68.0,20.0,14.712579
76.0,-66.0,20.0,14.348738
76.0,-64.0,20.0,13.711516
76.0,-62.0,20.0,13.48801
76.0,-60.0,20.0,13.9054365
76.0,-58.0,20.0,13.411314
76.0,-56.0,20.0,12.966927
76.0,-54.0,20.0,13.479067
76.0,-52.0,20.0,13.995165
76.0,-50.0,20.0,13.863154
76.0,-48.0,20.0,13.509986
76.0,-46.0,20.0,12.972616
76.0,-44.0,20.0,13.087838
76.0,-42.0,20.0,13.479996
76.0,-40.0,20.0,14.03081
76.0,-38.0,20.0,14.605621
76.0,-36.0,20.0,14.376505
76.0,-34.0,20.0,13.813882
76.0,-32.0,20.0,13.797595
76.0,-30.0,20.0,14.0317335
76.0,-28.0,20.0,13.906912
76.0,-26.0,20.0,13.588053
76.0,-24.0,20.0,14.16417
76.0,-22.0,20.0,14.501233
76.0,-20.0,20.0,13.954447
76.0,-18.0,20.0,13.096216
76.0,-16.0,20.0,12.619338
76.0,-14.0,20.0,12.981208
76.0,-12.0,20.0,13.279551
76.0,-10.0,20.0,14.015304
76.0,-8.0,20.0,15.262579
76.0,-6.0,20.0,15.673592
76.0,-4.0,20.0,14.6603985
76.0,-2.0,20.0,13.837583
76.0,0.0,20.0,13.758209
76.0,2.0,20.0,13.425771
76.0,4.0,20.0,13.460155
76.0,6.0,20.0,14.759172
76.0,8.0,20.0,15.432125
76.0,10.0,20.0,13.913226
76.0,12.0,20.0,12.859825
76.0,14.0,20.0,12.916228
76.0,16.0,20.0,12.615114
76.0,18.0,20.0,12.752897
76.0,20.0,20.0,13.90473
76.0,22.0,20.0,14.7916765
76.0,24.0,20.0,14.620272
76.0,26.0,20.0,13.713209
76.0,28.0,20.0,13.694694
76.0,30.0,20.0,13.886363
76.0,32.0,20.0,13.043482
76.0,34.0,20.0,12.197557
76.0,36.0,20.0,12.341291
76.0,38.0,20.0,13.285187
76.0,40.0,20.0,13.8460045
76.0,42.0,20.0,12.720581
76.0,44.0,20.0,11.458545
76.0,46.0,20.0,11.124877
76.0,48.0,20.0,12.328049
76.0,50.0,20.0,13.836233
76.0,52.0,20.0,13.796029
76.0,54.0,20.0,12.600389
76.0,56.0,20.0,12.055437
76.0,58.0,20.0,12.56946
76.0,60.0,20.0,13.789745
76.0,62.0,20.0,13.8801
76.0,64.0,20.0,13.677302
76.0,66.0,20.0,14.382018
76.0,68.0,20.0,15.019164
76.0,70.0,20.0,13.8546095
76.0,72.0,20.0,12.526986
76.0,74.0,20.0,12.732745
76.0,76.0,20.0,13.12334
76.0,78.0,20.0,13.051782
76.0,80.0,20.0,13.873729
76.0,82.0,20.0,15.741007
76.0,84.0,20.0,15.6106615
76.0,86.0,20.0,13.93412
76.0,88.0,20.0,13.385529
76.0,90.0,20.0,13.871632
76.0,92.0,20.0,13.396083
76.0,94.0,20.0,13.634108
76.0,96.0,20.0,15.258187
76.0,98.0,20.0,15.607361
76.0,100.0,20.0,13.796674
76.0,102.0,20.0,12.824666
76.0,104.0,20.0,12.920544
76.0,106.0,20.0,12.66287
76.0,108.0,20.0,12.564705
76.0,110.0,20.0,13.799454
76.0,112.0,20.0,15.042519
76.0,114.0,20.0,14.827974
76.0,116.0,20.0,14.151112
76.0,118.0,20.0,13.864837
76.0,120.0,20.0,13.689279
76.0,122.0,20.0,12.76459
76.0,124.0,20.0,12.386366
76.0,126.0,20.0,12.901843
76.0,128.0,20.0,13.868797
76.0,130.0,20.0,13.807823
76.0,132.0,20.0,12.134591
76.0,134.0,20.0,10.851448
76.0,136.0,20.0,11.198361
76.0,138.0,20.0,12.695991
76.0,140.0,20.0,13.784223
76.0,142.0,20.0,13.190101
76.0,144.0,20.0,12.421442
76.0,146.0,20.0,12.451479
76.0,148.0,20.0,13.0597315
76.0,150.0,20.0,13.699148
76.0,152.0,20.0,13.21803
76.0,154.0,20.0,13.334996
76.0,156.0,20.0,14.63173
76.0,158.0,20.0,14.608592
76.0,160.0,20.0,13.6700325
76.0,162.0,20.0,13.334958
76.0,164.0,20.0,13.103602
76.0,166.0,20.0,12.651235
76.0,168.0,20.0,12.426043
76.0,170.0,20.0,13.765612
76.0,172.0,20.0,15.188461
76.0,174.0,20.0,14.452928
76.0,176.0,20.0,13.652418
76.0,178.0,20.0,13.921704
76.0,180.0,20.0,14.201939
78.0,-180.0,20.0,15.447785
78.0,-178.0,20.0,15.08223
78.0,-176.0,20.0,15.667042
78.0,-174.0,20.0,16.967266
78.0,-172.0,20.0,16.69381
78.0,-170.0,20.0,15.655105
78.0,-168.0,20.0,15.059262
78.0,-166.0,20.0,14.952038
78.0,-164.0,20.0,14.509129
78.0,-162.0,20.0,14.3974085
78.0,-160.0,20.0,15.136925
78.0,-158.0,20.0,15.48977
78.0,-156.0,20.0,14.977445
78.0,-154.0,20.0,14.702129
78.0,-152.0,20.0,14.926396
78.0,-150.0,20.0,15.021552
78.0,-148.0,20.0,14.352813
78.0,-146.0,20.0,14.114313
78.0,-144.0,20.0,14.506558
78.0,-142.0,20.0,14.943784
78.0,-140.0,20.0,14.671063
78.0,-138.0,20.0,14.193276
78.0,-136.0,20.0,13.807567
78.0,-134.0,20.0,13.983145
78.0,-132.0,20.0,14.553082
78.0,-130.0,20.0,14.935869
78.0,-128.0,20.0,14.769088
78.0,-126.0,20.0,14.073012
78.0,-124.0,20.0,13.638152
78.0,-122.0,20.0,13.787749
78.0,-120.0,20.0,14.514896
78.0,-118.0,20.0,14.669979
78.0,-116.0,20.0,15.027273
78.0,-114.0,20.0,15.489389
78.0,-112.0,20.0,15.1848545
78.0,-110.0,20.0,14.713817
78.0,-108.0,20.0,14.319828
78.0,-106.0,20.0,14.292102
78.0,-104.0,20.0,14.355362
78.0,-102.0,20.0,14.366024
78.0,-100.0,20.0,15.057513
78.0,-98.0,20.0,16.099833
78.0,-96.0,20.0,16.080437
78.0,-94.0,20.0,15.140484
78.0,-92.0,20.0,14.757986
78.0,-90.0,20.0,14.59624
78.0,-88.0,20.0,14.700439
78.0,-86.0,20.0,15.318421
78.0,-84.0,20.0,15.902903
78.0,-82.0,20.0,15.732798
78.0,-80.0,20.0,14.692104
78.0,-78.0,20.0,14.302986
78.0,-76.0,20.0,14.30109
78.0,-74.0,20.0,14.4257345
78.0,-72.0,20.0,14.434477
78.0,-70.0,20.0,14.966068
78.0,-68.0,20.0,15.598143
78.0,-66.0,20.0,15.552171
78.0,-64.0,20.0,14.946873
78.0,-62.0,20.0,14.458535
78.0,-60.0,20.0,14.7885275
78.0,-58.0,20.0,14.294688
78.0,-56.0,20.0,14.084761
78.0,-54.0,20.0,14.437474
78.0,-52.0,20.0,15.070055
78.0,-50.0,20.0,14.978894
78.0,-48.0,20.0,14.467535
78.0,-46.0,20.0,14.199407
78.0,-44.0,20.0,14.053458
78.0,-42.0,20.0,14.416726
78.0,-40.0,20.0,15.2383995
78.0,-38.0,20.0,15.848625
78.0,-36.0,20.0,15.679324
78.0,-34.0,20.0,14.823467
78.0,-32.0,20.0,14.756041
78.0,-30.0,20.0,15.127988
78.0,-28.0,20.0,14.711147
78.0,-26.0,20.0,14.632777
78.0,-24.0,20.0,15.272466
78.0,-22.0,20.0,15.556087
78.0,-20.0,20.0,14.910519
78.0,-18.0,20.0,14.02485
78.0,-16.0,20.0,13.663632
78.0,-14.0,20.0,13.948107
78.0,-12.0,20.0,14.04988
78.0,-10.0,20.0,14.919078
78.0,-8.0,20.0,16.177568
78.0,-6.0,20.0,16.671982
78.0,-4.0,20.0,15.815039
78.0,-2.0,20.0,15.044519
78.0,0.0,20.0,14.944849
78.0,2.0,20.0,14.584879
78.0,4.0,20.0,14.427699
78.0,6.0,20.0,15.733578
78.0,8.0,20.0,16.372913
78.0,10.0,20.0,14.856822
78.0,12.0,20.0,13.849887
78.0,14.0,20.0,13.68177
78.0,16.0,20.0,13.424699
78.0,18.0,20.0,13.380258
78.0,20.0,20.0,14.540506
78.0,22.0,20.0,15.927897
78.0,24.0,20.0,15.986658
78.0,26.0,20.0,15.235305
78.0,28.0,20.0,15.137701
78.0,30.0,20.0,14.950914
78.0,32.0,20.0,13.886781
78.0,34.0,20.0,12.977053
78.0,36.0,20.0,13.261826
78.0,38.0,20.0,14.398651
78.0,40.0,20.0,14.9758835
78.0,42.0,20.0,13.875531
78.0,44.0,20.0,12.241552
78.0,46.0,20.0,12.064687
78.0,48.0,20.0,13.501237
78.0,50.0,20.0,14.835014
78.0,52.0,20.0,14.683966
78.0,54.0,20.0,13.344391
78.0,56.0,20.0,12.843711
78.0,58.0,20.0,13.476535
78.0,60.0,20.0,14.647437
78.0,62.0,20.0,14.531836
78.0,64.0,20.0,14.6032715
78.0,66.0,20.0,15.7596855
78.0,68.0,20.0,16.273083
78.0,70.0,20.0,14.703058
78.0,72.0,20.0,13.37084
78.0,74.0,20.0,13.632577
78.0,76.0,20.0,14.055191
78.0,78.0,20.0,13.746471
78.0,80.0,20.0,14.793073
78.0,82.0,20.0,16.756247
78.0,84.0,20.0,16.615725
78.0,86.0,20.0,14.780942
78.0,88.0,20.0,14.348098
78.0,90.0,20.0,14.6858635
78.0,92.0,20.0,14.173906
78.0,94.0,20.0,14.493377
78.0,96.0,20.0,16.526566
78.0,98.0,20.0,16.667768
78.0,100.0,20.0,14.60978
78.0,102.0,20.0,13.60405
78.0,104.0,20.0,13.767334
78.0,106.0,20.0,13.269878
78.0,108.0,20.0,13.092878
78.0,110.0,20.0,14.513533
78.0,112.0,20.0,15.952711
78.0,114.0,20.0,15.581484
78.0,116.0,20.0,14.861948
78.0,118.0,20.0,14.712606
78.0,120.0,20.0,14.503843
78.0,122.0,20.0,13.443821
78.0,124.0,20.0,12.989243
78.0,126.0,20.0,13.766734
78.0,128.0,20.0,14.964527
78.0,130.0,20.0,14.826628
78.0,132.0,20.0,13.128876
78.0,134.0,20.0,11.915274
78.0,136.0,20.0,12.186907
78.0,138.0,20.0,13.685992
78.0,140.0,20.0,14.656726
78.0,142.0,20.0,14.013339
78.0,144.0,20.0,13.102138
78.0,146.0,20.0,13.2894
78.0,148.0,20.0,14.143356
78.0,150.0,20.0,14.657635
78.0,152.0,20.0,14.120816
78.0,154.0,20.0,14.379467
78.0,156.0,20.0,15.501998
78.0,158.0,20.0,15.69027
78.0,160.0,20.0,14.608178
78.0,162.0,20.0,14.053274
78.0,164.0,20.0,13.970479
78.0,166.0,20.0,13.772292
78.0,168.0,20.0,13.602026
78.0,170.0,20.0,14.771525
78.0,172.0,20.0,16.30025
78.0,174.0,20.0,15.584163
78.0,176.0,20.0,14.685622
78.0,178.0,20.0,14.936898
78.0,180.0,20.0,15.447785
80.0,-180.0,20.0,14.057812
80.0,-178.0,20.0,13.671088
80.0,-176.0,20.0,14.004922
80.0,-174.0,20.0,15.333586
80.0,-172.0,20.0,15.257966
80.0,-170.0,20.0,14.034791
80.0,-168.0,20.0,13.50097
80.0,-166.0,20.0,13.817267
80.0,-164.0,20.0,13.700095
80.0,-162.0,20.0,13.30425
80.0,-160.0,20.0,14.033429
80.0,-158.0,20.0,14.429243
80.0,-156.0,20.0,13.693525
80.0,-154.0,20.0,13.218863
80.0,-152.0,20.0,13.653462
80.0,-150.0,20.0,14.046045
80.0,-148.0,20.0,13.447834
80.0,-146.0,20.0,13.206936
80.0,-144.0,20.0,13.533042
80.0,-142.0,20.0,13.947954
80.0,-140.0,20.0,14.04624
80.0,-138.0,20.0,13.668126
80.0,-136.0,20.0,13.521312
80.0,-134.0,20.0,13.3691635
80.0,-132.0,20.0,13.6273775
80.0,-130.0,20.0,14.035795
80.0,-128.0,20.0,13.906892
80.0,-126.0,20.0,13.433574
80.0,-124.0,20.0,13.168428
80.0,-122.0,20.0,13.230913
80.0,-120.0,20.0,14.075814
80.0,-118.0,20.0,14.4061985
80.0,-116.0,20.0,14.409181
80.0,-114.0,20.0,14.6046715
80.0,-112.0,20.0,14.576146
80.0,-110.0,20.0,14.024963
80.0,-108.0,20.0,13.650062
80.0,-106.0,20.0,13.60902
80.0,-104.0,20.0,13.739292
80.0,-102.0,20.0,13.74947
80.0,-100.0,20.0,13.989314
80.0,-98.0,20.0,14.571435
80.0,-96.0,20.0,14.92862
80.0,-94.0,20.0,14.255712
80.0,-92.0,20.0,13.939672
80.0,-90.0,20.0,13.943665
80.0,-88.0,20.0,14.240371
80.0,-86.0,20.0,14.749615
80.0,-84.0,20.0,15.043853
80.0,-82.0,20.0,14.81104
80.0,-80.0,20.0,14.004214
80.0,-78.0,20.0,13.672803
80.0,-76.0,20.0,13.906169
80.0,-74.0,20.0,13.96504
80.0,-72.0,20.0,13.989264
80.0,-70.0,20.0,14.038656
80.0,-68.0,20.0,14.636214
80.0,-66.0,20.0,14.511214
80.0,-64.0,20.0,13.614069
80.0,-62.0,20.0,13.461679
80.0,-60.0,20.0,14.035072
80.0,-58.0,20.0,13.591477
80.0,-56.0,20.0,13.433635
80.0,-54.0,20.0,13.479806
80.0,-52.0,20.0,13.945899
80.0,-50.0,20.0,14.024616
80.0,-48.0,20.0,13.316068
80.0,-46.0,20.0,12.9295635
80.0,-44.0,20.0,12.920338
80.0,-42.0,20.0,13.258326
80.0,-40.0,20.0,14.000134
80.0,-38.0,20.0,14.649938
80.0,-36.0,20.0,14.45504
80.0,-34.0,20.0,13.663642
80.0,-32.0,20.0,13.478488
80.0,-30.0,20.0,14.004498
80.0,-28.0,20.0,13.680022
80.0,-26.0,20.0,13.400066
80.0,-24.0,20.0,14.156365
80.0,-22.0,20.0,14.623514
80.0,-20.0,20.0,14.00143
80.0,-18.0,20.0,13.1733055
80.0,-16.0,20.0,12.945341
80.0,-14.0,20.0,13.055025
80.0,-12.0,20.0,13.2268915
80.0,-10.0,20.0,14.008315
80.0,-8.0,20.0,15.5796
80.0,-6.0,20.0,16.307043
80.0,-4.0,20.0,15.007674
80.0,-2.0,20.0,14.196336
80.0,0.0,20.0,14.013753
80.0,2.0,20.0,13.746264
80.0,4.0,20.0,13.730578
80.0,6.0,20.0,14.939217
80.0,8.0,20.0,15.438234
80.0,10.0,20.0,14.057433
80.0,12.0,20.0,13.197509
80.0,14.0,20.0,13.050988
80.0,16.0,20.0,12.777354
80.0,18.0,20.0,12.917328
80.0,20.0,20.0,14.035554
80.0,22.0,20.0,15.291241
80.0,24.0,20.0,15.308271
80.0,26.0,20.0,14.317098
80.0,28.0,20.0,14.14417
80.0,30.0,20.0,14.042606
80.0,32.0,20.0,13.168956
80.0,34.0,20.0,12.260977
80.0,36.0,20.0,12.497298
80.0,38.0,20.0,13.467933
80.0,40.0,20.0,14.002184
80.0,42.0,20.0,12.889358
80.0,44.0,20.0,11.463983
80.0,46.0,20.0,11.222154
80.0,48.0,20.0,12.467
80.0,50.0,20.0,13.99887
80.0,52.0,20.0,14.389426
80.0,54.0,20.0,13.249879
80.0,56.0,20.0,12.414085
80.0,58.0,20.0,12.946001
80.0,60.0,20.0,14.042784
80.0,62.0,20.0,13.929569
80.0,64.0,20.0,13.76421
80.0,66.0,20.0,14.71575
80.0,68.0,20.0,15.443748
80.0,70.0,20.0,14.037629
80.0,72.0,20.0,12.718352
80.0,74.0,20.0,13.016237
80.0,76.0,20.0,13.424059
80.0,78.0,20.0,13.074867
80.0,80.0,20.0,14.025178
80.0,82.0,20.0,16.116915
80.0,84.0,20.0,16.123125
80.0,86.0,20.0,14.402802
80.0,88.0,20.0,13.9906645
80.0,90.0,20.0,14.018719
80.0,92.0,20.0,13.405975
80.0,94.0,20.0,13.708006
80.0,96.0,20.0,15.426718
80.0,98.0,20.0,15.785486
80.0,100.0,20.0,14.03094
80.0,102.0,20.0,13.154832
80.0,104.0,20.0,13.298323
80.0,106.0,20.0,12.836731
80.0,108.0,20.0,12.508924
80.0,110.0,20.0,14.040809
80.0,112.0,20.0,15.756935
80.0,114.0,20.0,15.412141
80.0,116.0,20.0,14.399983
80.0,118.0,20.0,14.198844
80.0,120.0,20.0,14.003412
80.0,122.0,20.0,12.976001
80.0,124.0,20.0,12.336985
80.0,126.0,20.0,13.132739
80.0,128.0,20.0,14.261851
80.0,130.0,20.0,14.047472
80.0,132.0,20.0,12.35529
80.0,134.0,20.0,11.327866
80.0,136.0,20.0,11.64502
80.0,138.0,20.0,12.871153
80.0,140.0,20.0,14.003566
80.0,142.0,20.0,13.577337
80.0,144.0,20.0,12.730174
80.0,146.0,20.0,12.761322
80.0,148.0,20.0,13.585494
80.0,150.0,20.0,14.041003
80.0,152.0,20.0,13.815391
80.0,154.0,20.0,14.091886
80.0,156.0,20.0,14.95648
80.0,158.0,20.0,15.130744
80.0,160.0,20.0,14.045694
80.0,162.0,20.0,13.2702265
80.0,164.0,20.0,13.077024
80.0,166.0,20.0,12.954184
80.0,168.0,20.0,12.896459
80.0,170.0,20.0,14.025776
80.0,172.0,20.0,15.553561
80.0,174.0,20.0,14.676668
80.0,176.0,20.0,13.341668
80.0,178.0,20.0,13.631208
80.0,180.0,20.0,14.057812
