lat_deg,lon_deg,h_km,dose_uSvph
-80.0,-180.0,10.0,3.4736006
-80.0,-178.0,10.0,3.5076578
-80.0,-176.0,10.0,3.5169642
-80.0,-174.0,10.0,3.6088881
-80.0,-172.0,10.0,3.5566673
-80.0,-170.0,10.0,3.454495
-80.0,-168.0,10.0,3.4361987
-80.0,-166.0,10.0,3.4891253
-80.0,-164.0,10.0,3.557155
-80.0,-162.0,10.0,3.4412777
-80.0,-160.0,10.0,3.4678168
-80.0,-158.0,10.0,3.5126348
-80.0,-156.0,10.0,3.5018098
-80.0,-154.0,10.0,3.44055
-80.0,-152.0,10.0,3.4531436
-80.0,-150.0,10.0,3.4583623
-80.0,-148.0,10.0,3.468571
-80.0,-146.0,10.0,3.385544
-80.0,-144.0,10.0,3.3192096
-80.0,-142.0,10.0,3.4041057
-80.0,-140.0,10.0,3.466204
-80.0,-138.0,10.0,3.533672
-80.0,-136.0,10.0,3.4442408
-80.0,-134.0,10.0,3.3324997
-80.0,-132.0,10.0,3.3278732
-80.0,-130.0,10.0,3.4602394
-80.0,-128.0,10.0,3.5301933
-80.0,-126.0,10.0,3.4297056
-80.0,-124.0,10.0,3.3338225
-80.0,-122.0,10.0,3.3316188
-80.0,-120.0,10.0,3.4532864
-80.0,-118.0,10.0,3.4607468
-80.0,-116.0,10.0,3.2639995
-80.0,-114.0,10.0,3.2731192
-80.0,-112.0,10.0,3.3863525
-80.0,-110.0,10.0,3.4620116
-80.0,-108.0,10.0,3.39285
-80.0,-106.0,10.0,3.443919
-80.0,-104.0,10.0,3.5910099
-80.0,-102.0,10.0,3.480055
-80.0,-100.0,10.0,3.4612222
-80.0,-98.0,10.0,3.633109
-80.0,-96.0,10.0,3.7301567
-80.0,-94.0,10.0,3.5347354
-80.0,-92.0,10.0,3.4189816
-80.0,-90.0,10.0,3.4618766
-80.0,-88.0,10.0,3.3716664
-80.0,-86.0,10.0,3.265877
-80.0,-84.0,10.0,3.4542878
-80.0,-82.0,10.0,3.5879765
-80.0,-80.0,10.0,3.4550195
-80.0,-78.0,10.0,3.4002824
-80.0,-76.0,10.0,3.554104
-80.0,-74.0,10.0,3.4711728
-80.0,-72.0,10.0,3.3770144
-80.0,-70.0,10.0,3.463863
-80.0,-68.0,10.0,3.5832114
-80.0,-66.0,10.0,3.6176863
-80.0,-64.0,10.0,3.4649937
-80.0,-62.0,10.0,3.388028
-80.0,-60.0,10.0,3.4595056
-80.0,-58.0,10.0,3.4336202
-80.0,-56.0,10.0,3.2363167
-80.0,-54.0,10.0,3.1933007
-80.0,-52.0,10.0,3.3158453
-80.0,-50.0,10.0,3.4549904
-80.0,-48.0,10.0,3.385613
-80.0,-46.0,10.0,3.3447988
-80.0,-44.0,10.0,3.4034686
-80.0,-42.0,10.0,3.4300034
-80.0,-40.0,10.0,3.4539554
-80.0,-38.0,10.0,3.4864943
-80.0,-36.0,10.0,3.42074
-80.0,-34.0,10.0,3.3712444
-80.0,-32.0,10.0,3.4367926
-80.0,-30.0,10.0,3.4578514
-80.0,-28.0,10.0,3.5687401
-80.0,-26.0,10.0,3.6735563
-80.0,-24.0,10.0,3.5912187
-80.0,-22.0,10.0,3.4414873
-80.0,-20.0,10.0,3.454249
-80.0,-18.0,10.0,3.5092726
-80.0,-16.0,10.0,3.5451443
-80.0,-14.0,10.0,3.4752138
-80.0,-12.0,10.0,3.495885
-80.0,-10.0,10.0,3.4615183
-80.0,-8.0,10.0,3.4590385
-80.0,-6.0,10.0,3.5333047
-80.0,-4.0,10.0,3.526527
-80.0,-2.0,10.0,3.5413318
-80.0,0.0,10.0,3.4598134
-80.0,2.0,10.0,3.5329666
-80.0,4.0,10.0,3.4922554
-80.0,6.0,10.0,3.353919
-80.0,8.0,10.0,3.40468
-80.0,10.0,10.0,3.4637854
-80.0,12.0,10.0,3.508446
-80.0,14.0,10.0,3.5267048
-80.0,16.0,10.0,3.5768905
-80.0,18.0,10.0,3.5772896
-80.0,20.0,10.0,3.4554129
-80.0,22.0,10.0,3.4580016
-80.0,24.0,10.0,3.6266124
-80.0,26.0,10.0,3.7367644
-80.0,28.0,10.0,3.721116
-80.0,30.0,10.0,3.4674354
-80.0,32.0,10.0,3.3109336
-80.0,34.0,10.0,3.3060637
-80.0,36.0,10.0,3.300598
-80.0,38.0,10.0,3.4022415
-80.0,40.0,10.0,3.4585102
-80.0,42.0,10.0,3.5433376
-80.0,44.0,10.0,3.5148363
-80.0,46.0,10.0,3.5411017
-80.0,48.0,10.0,3.504945
-80.0,50.0,10.0,3.458277
-80.0,52.0,10.0,3.5179517
-80.0,54.0,10.0,3.3940916
-80.0,56.0,10.0,3.3620338
-80.0,58.0,10.0,3.4550347
-80.0,60.0,10.0,3.468301
-80.0,62.0,10.0,3.5392382
-80.0,64.0,10.0,3.6346908
-80.0,66.0,10.0,3.687969
-80.0,68.0,10.0,3.6758325
-80.0,70.0,10.0,3.4619157
-80.0,72.0,10.0,3.4699953
-80.0,74.0,10.0,3.5876548
-80.0,76.0,10.0,3.6488354
-80.0,78.0,10.0,3.5032182
-80.0,80.0,10.0,3.4546707
-80.0,82.0,10.0,3.5159366
-80.0,84.0,10.0,3.5690098
-80.0,86.0,10.0,3.4453492
-80.0,88.0,10.0,3.4361897
-80.0,90.0,10.0,3.4619653
-80.0,92.0,10.0,3.4826443
-80.0,94.0,10.0,3.5816321
-80.0,96.0,10.0,3.6961522
-80.0,98.0,10.0,3.5421
-80.0,100.0,10.0,3.461495
-80.0,102.0,10.0,3.5573192
-80.0,104.0,10.0,3.561876
-80.0,106.0,10.0,3.5918095
-80.0,108.0,10.0,3.573091
-80.0,110.0,10.0,3.4658754
-80.0,112.0,10.0,3.5387964
-80.0,114.0,10.0,3.5489185
-80.0,116.0,10.0,3.6354022
-80.0,118.0,10.0,3.644789
-80.0,120.0,10.0,3.457757
-80.0,122.0,10.0,3.4266949
-80.0,124.0,10.0,3.561932
-80.0,126.0,10.0,3.5816495
-80.0,128.0,10.0,3.489752
-80.0,130.0,10.0,3.4612207
-80.0,132.0,10.0,3.6701832
-80.0,134.0,10.0,3.8165796
-80.0,136.0,10.0,3.6674192
-80.0,138.0,10.0,3.4908285
-80.0,140.0,10.0,3.4587271
-80.0,142.0,10.0,3.4197311
-80.0,144.0,10.0,3.4632883
-80.0,146.0,10.0,3.4860857
-80.0,148.0,10.0,3.5016537
-80.0,150.0,10.0,3.472626
-80.0,152.0,10.0,3.5254488
-80.0,154.0,10.0,3.5427423
-80.0,156.0,10.0,3.6114693
-80.0,158.0,10.0,3.5626185
-80.0,160.0,10.0,3.456732
-80.0,162.0,10.0,3.487679
-80.0,164.0,10.0,3.535143
-80.0,166.0,10.0,3.556665
-80.0,168.0,10.0,3.4675694
-80.0,170.0,10.0,3.4577587
-80.0,172.0,10.0,3.6188078
-80.0,174.0,10.0,3.5443525
-80.0,176.0,10.0,3.55899
-80.0,178.0,10.0,3.5685954
-80.0,180.0,10.0,3.4736006
-78.0,-180.0,10.0,3.6144898
-78.0,-178.0,10.0,3.6513424
-78.0,-176.0,10.0,3.6578214
-78.0,-174.0,10.0,3.8021905
-78.0,-172.0,10.0,3.7650144
-78.0,-170.0,10.0,3.6685607
-78.0,-168.0,10.0,3.628356
-78.0,-166.0,10.0,3.6962602
-78.0,-164.0,10.0,3.711164
-78.0,-162.0,10.0,3.586104
-78.0,-160.0,10.0,3.6899774
-78.0,-158.0,10.0,3.7238913
-78.0,-156.0,10.0,3.6422498
-78.0,-154.0,10.0,3.6218772
-78.0,-152.0,10.0,3.6595137
-78.0,-150.0,10.0,3.7131271
-78.0,-148.0,10.0,3.6315176
-78.0,-146.0,10.0,3.5237668
-78.0,-144.0,10.0,3.4872508
-78.0,-142.0,10.0,3.5546896
-78.0,-140.0,10.0,3.6750658
-78.0,-138.0,10.0,3.7486498
-78.0,-136.0,10.0,3.6807225
-78.0,-134.0,10.0,3.5766695
-78.0,-132.0,10.0,3.5836432
-78.0,-130.0,10.0,3.6902738
-78.0,-128.0,10.0,3.6408112
-78.0,-126.0,10.0,3.512545
-78.0,-124.0,10.0,3.4777489
-78.0,-122.0,10.0,3.510665
-78.0,-120.0,10.0,3.6185644
-78.0,-118.0,10.0,3.6263382
-78.0,-116.0,10.0,3.512481
-78.0,-114.0,10.0,3.5799797
-78.0,-112.0,10.0,3.629777
-78.0,-110.0,10.0,3.6396947
-78.0,-108.0,10.0,3.614038
-78.0,-106.0,10.0,3.6859238
-78.0,-104.0,10.0,3.7225323
-78.0,-102.0,10.0,3.6048243
-78.0,-100.0,10.0,3.7023308
-78.0,-98.0,10.0,3.7811437
-78.0,-96.0,10.0,3.8285239
-78.0,-94.0,10.0,3.6969464
-78.0,-92.0,10.0,3.6463993
-78.0,-90.0,10.0,3.684085
-78.0,-88.0,10.0,3.6103425
-78.0,-86.0,10.0,3.5785367
-78.0,-84.0,10.0,3.7109416
-78.0,-82.0,10.0,3.7575953
-78.0,-80.0,10.0,3.6102908
-78.0,-78.0,10.0,3.5918343
-78.0,-76.0,10.0,3.7308366
-78.0,-74.0,10.0,3.5840569
-78.0,-72.0,10.0,3.5610058
-78.0,-70.0,10.0,3.6552722
-78.0,-68.0,10.0,3.6947236
-78.0,-66.0,10.0,3.697269
-78.0,-64.0,10.0,3.5668716
-78.0,-62.0,10.0,3.5056696
-78.0,-60.0,10.0,3.6502764
-78.0,-58.0,10.0,3.6353462
-78.0,-56.0,10.0,3.4715772
-78.0,-54.0,10.0,3.4803286
-78.0,-52.0,10.0,3.5985816
-78.0,-50.0,10.0,3.645549
-78.0,-48.0,10.0,3.524953
-78.0,-46.0,10.0,3.5591006
-78.0,-44.0,10.0,3.6617374
-78.0,-42.0,10.0,3.6294725
-78.0,-40.0,10.0,3.6546257
-78.0,-38.0,10.0,3.6947455
-78.0,-36.0,10.0,3.6719303
-78.0,-34.0,10.0,3.6069698
-78.0,-32.0,10.0,3.6328783
-78.0,-30.0,10.0,3.7017012
-78.0,-28.0,10.0,3.7750678
-78.0,-26.0,10.0,3.8028233
-78.0,-24.0,10.0,3.736889
-78.0,-22.0,10.0,3.642589
-78.0,-20.0,10.0,3.6663282
-78.0,-18.0,10.0,3.7298548
-78.0,-16.0,10.0,3.7430272
-78.0,-14.0,10.0,3.6953628
-78.0,-12.0,10.0,3.7307591
-78.0,-10.0,10.0,3.7379403
-78.0,-8.0,10.0,3.7554512
-78.0,-6.0,10.0,3.858293
-78.0,-4.0,10.0,3.899526
-78.0,-2.0,10.0,3.8349411
-78.0,0.0,10.0,3.741175
-78.0,2.0,10.0,3.7910035
-78.0,4.0,10.0,3.6870604
-78.0,6.0,10.0,3.624526
-78.0,8.0,10.0,3.6958592
-78.0,10.0,10.0,3.737042
-78.0,12.0,10.0,3.7693067
-78.0,14.0,10.0,3.724256
-78.0,16.0,10.0,3.7621007
-78.0,18.0,10.0,3.7520132
-78.0,20.0,10.0,3.6685429
-78.0,22.0,10.0,3.7765357
-78.0,24.0,10.0,3.9550853
-78.0,26.0,10.0,4.020922
-78.0,28.0,10.0,4.0066175
-78.0,30.0,10.0,3.7672646
-78.0,32.0,10.0,3.7060573
-78.0,34.0,10.0,3.6152775
-78.0,36.0,10.0,3.623164
-78.0,38.0,10.0,3.6869328
-78.0,40.0,10.0,3.7094479
-78.0,42.0,10.0,3.741307
-78.0,44.0,10.0,3.7811751
-78.0,46.0,10.0,3.7771409
-78.0,48.0,10.0,3.8187294
-78.0,50.0,10.0,3.7868671
-78.0,52.0,10.0,3.82866
-78.0,54.0,10.0,3.7372916
-78.0,56.0,10.0,3.7604077
-78.0,58.0,10.0,3.845603
-78.0,60.0,10.0,3.8494754
-78.0,62.0,10.0,3.9306557
-78.0,64.0,10.0,4.0795245
-78.0,66.0,10.0,4.1276054
-78.0,68.0,10.0,4.135133
-78.0,70.0,10.0,3.8824747
-78.0,72.0,10.0,3.9271836
-78.0,74.0,10.0,3.9547906
-78.0,76.0,10.0,3.9070141
-78.0,78.0,10.0,3.8086882
-78.0,80.0,10.0,3.8127747
-78.0,82.0,10.0,3.9064794
-78.0,84.0,10.0,3.8468077
-78.0,86.0,10.0,3.753022
-78.0,88.0,10.0,3.7788496
-78.0,90.0,10.0,3.794938
-78.0,92.0,10.0,3.8256023
-78.0,94.0,10.0,3.9464293
-78.0,96.0,10.0,3.9739769
-78.0,98.0,10.0,3.8551602
-78.0,100.0,10.0,3.793724
-78.0,102.0,10.0,3.9376233
-78.0,104.0,10.0,3.9240918
-78.0,106.0,10.0,3.9268732
-78.0,108.0,10.0,3.8843148
-78.0,110.0,10.0,3.845853
-78.0,112.0,10.0,3.7731957
-78.0,114.0,10.0,3.7540166
-78.0,116.0,10.0,3.8526554
-78.0,118.0,10.0,3.8743572
-78.0,120.0,10.0,3.7941067
-78.0,122.0,10.0,3.7694793
-78.0,124.0,10.0,3.8684766
-78.0,126.0,10.0,3.890773
-78.0,128.0,10.0,3.821173
-78.0,130.0,10.0,3.7545033
-78.0,132.0,10.0,3.903695
-78.0,134.0,10.0,4.039418
-78.0,136.0,10.0,3.9205182
-78.0,138.0,10.0,3.746819
-78.0,140.0,10.0,3.7203252
-78.0,142.0,10.0,3.70317
-78.0,144.0,10.0,3.708026
-78.0,146.0,10.0,3.632619
-78.0,148.0,10.0,3.6164005
-78.0,150.0,10.0,3.6631892
-78.0,152.0,10.0,3.7021513
-78.0,154.0,10.0,3.6850286
-78.0,156.0,10.0,3.828724
-78.0,158.0,10.0,3.8510318
-78.0,160.0,10.0,3.663794
-78.0,162.0,10.0,3.6208816
-78.0,164.0,10.0,3.715159
-78.0,166.0,10.0,3.7412615
-78.0,168.0,10.0,3.7493758
-78.0,170.0,10.0,3.6822608
-78.0,172.0,10.0,3.8841684
-78.0,174.0,10.0,3.7613137
-78.0,176.0,10.0,3.6735756
-78.0,178.0,10.0,3.6789196
-78.0,180.0,10.0,3.6144898
-76.0,-180.0,10.0,3.4104924
-76.0,-178.0,10.0,3.446284
-76.0,-176.0,10.0,3.3945026
-76.0,-174.0,10.0,3.493946
-76.0,-172.0,10.0,3.503987
-76.0,-170.0,10.0,3.4617445
-76.0,-168.0,10.0,3.4536903
-76.0,-166.0,10.0,3.5213132
-76.0,-164.0,10.0,3.4854827
-76.0,-162.0,10.0,3.380494
-76.0,-160.0,10.0,3.4351985
-76.0,-158.0,10.0,3.4645894
-76.0,-156.0,10.0,3.4489577
-76.0,-154.0,10.0,3.3856041
-76.0,-152.0,10.0,3.406913
-76.0,-150.0,10.0,3.433908
-76.0,-148.0,10.0,3.3295534
-76.0,-146.0,10.0,3.2640967
-76.0,-144.0,10.0,3.2830632
-76.0,-142.0,10.0,3.3273144
-76.0,-140.0,10.0,3.3856833
-76.0,-138.0,10.0,3.4644918
-76.0,-136.0,10.0,3.4627504
-76.0,-134.0,10.0,3.3445284
-76.0,-132.0,10.0,3.3389103
-76.0,-130.0,10.0,3.4619644
-76.0,-128.0,10.0,3.40858
-76.0,-126.0,10.0,3.3039415
-76.0,-124.0,10.0,3.2439785
-76.0,-122.0,10.0,3.2806835
-76.0,-120.0,10.0,3.3911457
-76.0,-118.0,10.0,3.3579977
-76.0,-116.0,10.0,3.2757683
-76.0,-114.0,10.0,3.319998
-76.0,-112.0,10.0,3.3135784
-76.0,-110.0,10.0,3.38856
-76.0,-108.0,10.0,3.4394913
-76.0,-106.0,10.0,3.4481835
-76.0,-104.0,10.0,3.4928591
-76.0,-102.0,10.0,3.3643131
-76.0,-100.0,10.0,3.4169214
-76.0,-98.0,10.0,3.5068035
-76.0,-96.0,10.0,3.5703332
-76.0,-94.0,10.0,3.457558
-76.0,-92.0,10.0,3.3818512
-76.0,-90.0,10.0,3.405616
-76.0,-88.0,10.0,3.3575728
-76.0,-86.0,10.0,3.3433807
-76.0,-84.0,10.0,3.4292812
-76.0,-82.0,10.0,3.4867096
-76.0,-80.0,10.0,3.3706582
-76.0,-78.0,10.0,3.3766046
-76.0,-76.0,10.0,3.5117843
-76.0,-74.0,10.0,3.382626
-76.0,-72.0,10.0,3.4182572
-76.0,-70.0,10.0,3.4116404
-76.0,-68.0,10.0,3.431766
-76.0,-66.0,10.0,3.4652073
-76.0,-64.0,10.0,3.3654418
-76.0,-62.0,10.0,3.2764375
-76.0,-60.0,10.0,3.4273474
-76.0,-58.0,10.0,3.375507
-76.0,-56.0,10.0,3.169126
-76.0,-54.0,10.0,3.2018094
-76.0,-52.0,10.0,3.335326
-76.0,-50.0,10.0,3.3921373
-76.0,-48.0,10.0,3.2884707
-76.0,-46.0,10.0,3.2989233
-76.0,-44.0,10.0,3.381615
-76.0,-42.0,10.0,3.371119
-76.0,-40.0,10.0,3.4145334
-76.0,-38.0,10.0,3.4418144
-76.0,-36.0,10.0,3.4194453
-76.0,-34.0,10.0,3.3832586
-76.0,-32.0,10.0,3.3974543
-76.0,-30.0,10.0,3.476152
-76.0,-28.0,10.0,3.5338101
-76.0,-26.0,10.0,3.5453873
-76.0,-24.0,10.0,3.4962769
-76.0,-22.0,10.0,3.4294367
-76.0,-20.0,10.0,3.4776635
-76.0,-18.0,10.0,3.5256312
-76.0,-16.0,10.0,3.5293212
-76.0,-14.0,10.0,3.495765
-76.0,-12.0,10.0,3.5251467
-76.0,-10.0,10.0,3.525998
-76.0,-8.0,10.0,3.5285678
-76.0,-6.0,10.0,3.5976667
-76.0,-4.0,10.0,3.6565614
-76.0,-2.0,10.0,3.5998614
-76.0,0.0,10.0,3.5085135
-76.0,2.0,10.0,3.5245097
-76.0,4.0,10.0,3.4323087
-76.0,6.0,10.0,3.3829713
-76.0,8.0,10.0,3.3890386
-76.0,10.0,10.0,3.4942505
-76.0,12.0,10.0,3.490271
-76.0,14.0,10.0,3.4671705
-76.0,16.0,10.0,3.5170307
-76.0,18.0,10.0,3.5171885
-76.0,20.0,10.0,3.4729936
-76.0,22.0,10.0,3.5741036
-76.0,24.0,10.0,3.735983
-76.0,26.0,10.0,3.7520611
-76.0,28.0,10.0,3.712167
-76.0,30.0,10.0,3.4754322
-76.0,32.0,10.0,3.3747778
-76.0,34.0,10.0,3.3017807
-76.0,36.0,10.0,3.3806453
-76.0,38.0,10.0,3.4423847
-76.0,40.0,10.0,3.4919128
-76.0,42.0,10.0,3.5128324
-76.0,44.0,10.0,3.5266366
-76.0,46.0,10.0,3.5286891
-76.0,48.0,10.0,3.5744114
-76.0,50.0,10.0,3.4759235
-76.0,52.0,10.0,3.4701273
-76.0,54.0,10.0,3.3694997
-76.0,56.0,10.0,3.4610112
-76.0,58.0,10.0,3.584173
-76.0,60.0,10.0,3.5027514
-76.0,62.0,10.0,3.533721
-76.0,64.0,10.0,3.669412
-76.0,66.0,10.0,3.7876098
-76.0,68.0,10.0,3.7886488
-76.0,70.0,10.0,3.557764
-76.0,72.0,10.0,3.6537912
-76.0,74.0,10.0,3.7010596
-76.0,76.0,10.0,3.595085
-76.0,78.0,10.0,3.473691
-76.0,80.0,10.0,3.5188363
-76.0,82.0,10.0,3.6424925
-76.0,84.0,10.0,3.5631762
-76.0,86.0,10.0,3.4779172
-76.0,88.0,10.0,3.5129156
-76.0,90.0,10.0,3.4487207
-76.0,92.0,10.0,3.448271
-76.0,94.0,10.0,3.5896966
-76.0,96.0,10.0,3.6848998
-76.0,98.0,10.0,3.5741718
-76.0,100.0,10.0,3.4756558
-76.0,102.0,10.0,3.682341
-76.0,104.0,10.0,3.6412332
-76.0,106.0,10.0,3.5618157
-76.0,108.0,10.0,3.5238302
-76.0,110.0,10.0,3.5375423
-76.0,112.0,10.0,3.4735832
-76.0,114.0,10.0,3.4844658
-76.0,116.0,10.0,3.604808
-76.0,118.0,10.0,3.6119266
-76.0,120.0,10.0,3.4610286
-76.0,122.0,10.0,3.4395027
-76.0,124.0,10.0,3.5831215
-76.0,126.0,10.0,3.6403027
-76.0,128.0,10.0,3.581893
-76.0,130.0,10.0,3.485954
-76.0,132.0,10.0,3.6669085
-76.0,134.0,10.0,3.8385189
-76.0,136.0,10.0,3.6985385
-76.0,138.0,10.0,3.5317078
-76.0,140.0,10.0,3.4628828
-76.0,142.0,10.0,3.465554
-76.0,144.0,10.0,3.473563
-76.0,146.0,10.0,3.4362266
-76.0,148.0,10.0,3.459519
-76.0,150.0,10.0,3.4936028
-76.0,152.0,10.0,3.4548886
-76.0,154.0,10.0,3.4460402
-76.0,156.0,10.0,3.5821414
-76.0,158.0,10.0,3.6028314
-76.0,160.0,10.0,3.458737
-76.0,162.0,10.0,3.4624753
-76.0,164.0,10.0,3.5614417
-76.0,166.0,10.0,3.5565686
-76.0,168.0,10.0,3.4815137
-76.0,170.0,10.0,3.4404163
-76.0,172.0,10.0,3.5593238
-76.0,174.0,10.0,3.4725945
-76.0,176.0,10.0,3.4088
-76.0,178.0,10.0,3.4311042
-76.0,180.0,10.0,3.4104924
-74.0,-180.0,10.0,3.6834912
-74.0,-178.0,10.0,3.6796765
-74.0,-176.0,10.0,3.630887
-74.0,-174.0,10.0,3.7664392
-74.0,-172.0,10.0,3.7630718
-74.0,-170.0,10.0,3.6961386
-74.0,-168.0,10.0,3.6702733
-74.0,-166.0,10.0,3.7558377
-74.0,-164.0,10.0,3.7949274
-74.0,-162.0,10.0,3.6863053
-74.0,-160.0,10.0,3.6695628
-74.0,-158.0,10.0,3.7289562
-74.0,-156.0,10.0,3.7557101
-74.0,-154.0,10.0,3.700321
-74.0,-152.0,10.0,3.680306
-74.0,-150.0,10.0,3.668578
-74.0,-148.0,10.0,3.6643772
-74.0,-146.0,10.0,3.5656605
-74.0,-144.0,10.0,3.5263793
-74.0,-142.0,10.0,3.5866182
-74.0,-140.0,10.0,3.644143
-74.0,-138.0,10.0,3.6774595
-74.0,-136.0,10.0,3.6199977
-74.0,-134.0,10.0,3.571698
-74.0,-132.0,10.0,3.614346
-74.0,-130.0,10.0,3.71032
-74.0,-128.0,10.0,3.7392235
-74.0,-126.0,10.0,3.6108487
-74.0,-124.0,10.0,3.5070765
-74.0,-122.0,10.0,3.540293
-74.0,-120.0,10.0,3.7014143
-74.0,-118.0,10.0,3.6456325
-74.0,-116.0,10.0,3.5984159
-74.0,-114.0,10.0,3.6302302
-74.0,-112.0,10.0,3.635042
-74.0,-110.0,10.0,3.6870832
-74.0,-108.0,10.0,3.6111465
-74.0,-106.0,10.0,3.6707718
-74.0,-104.0,10.0,3.7217326
-74.0,-102.0,10.0,3.6279364
-74.0,-100.0,10.0,3.656633
-74.0,-98.0,10.0,3.7731805
-74.0,-96.0,10.0,3.8893023
-74.0,-94.0,10.0,3.7651548
-74.0,-92.0,10.0,3.6364615
-74.0,-90.0,10.0,3.6325648
-74.0,-88.0,10.0,3.5992308
-74.0,-86.0,10.0,3.5837817
-74.0,-84.0,10.0,3.698542
-74.0,-82.0,10.0,3.7416391
-74.0,-80.0,10.0,3.6686916
-74.0,-78.0,10.0,3.6305106
-74.0,-76.0,10.0,3.6887643
-74.0,-74.0,10.0,3.6476822
-74.0,-72.0,10.0,3.6236176
-74.0,-70.0,10.0,3.6349087
-74.0,-68.0,10.0,3.7595398
-74.0,-66.0,10.0,3.839765
-74.0,-64.0,10.0,3.7368844
-74.0,-62.0,10.0,3.5674343
-74.0,-60.0,10.0,3.6842673
-74.0,-58.0,10.0,3.601426
-74.0,-56.0,10.0,3.3502414
-74.0,-54.0,10.0,3.3721585
-74.0,-52.0,10.0,3.6011255
-74.0,-50.0,10.0,3.7043571
-74.0,-48.0,10.0,3.5783682
-74.0,-46.0,10.0,3.4986699
-74.0,-44.0,10.0,3.5745494
-74.0,-42.0,10.0,3.6572995
-74.0,-40.0,10.0,3.6661358
-74.0,-38.0,10.0,3.6495016
-74.0,-36.0,10.0,3.5946434
-74.0,-34.0,10.0,3.5430784
-74.0,-32.0,10.0,3.6091948
-74.0,-30.0,10.0,3.6439106
-74.0,-28.0,10.0,3.730169
-74.0,-26.0,10.0,3.8199506
-74.0,-24.0,10.0,3.80647
-74.0,-22.0,10.0,3.6728194
-74.0,-20.0,10.0,3.6899655
-74.0,-18.0,10.0,3.6739764
-74.0,-16.0,10.0,3.6942947
-74.0,-14.0,10.0,3.7160084
-74.0,-12.0,10.0,3.7383342
-74.0,-10.0,10.0,3.6938143
-74.0,-8.0,10.0,3.7090142
-74.0,-6.0,10.0,3.7083395
-74.0,-4.0,10.0,3.6873355
-74.0,-2.0,10.0,3.6956491
-74.0,0.0,10.0,3.6403112
-74.0,2.0,10.0,3.6591835
-74.0,4.0,10.0,3.5523605
-74.0,6.0,10.0,3.5246994
-74.0,8.0,10.0,3.5017025
-74.0,10.0,10.0,3.6696444
-74.0,12.0,10.0,3.6993332
-74.0,14.0,10.0,3.7132306
-74.0,16.0,10.0,3.7185528
-74.0,18.0,10.0,3.7677743
-74.0,20.0,10.0,3.7070978
-74.0,22.0,10.0,3.721797
-74.0,24.0,10.0,3.8702674
-74.0,26.0,10.0,3.9083543
-74.0,28.0,10.0,3.8372583
-74.0,30.0,10.0,3.6683023
-74.0,32.0,10.0,3.5075414
-74.0,34.0,10.0,3.4838357
-74.0,36.0,10.0,3.5402024
-74.0,38.0,10.0,3.6339989
-74.0,40.0,10.0,3.6773148
-74.0,42.0,10.0,3.70046
-74.0,44.0,10.0,3.6561103
-74.0,46.0,10.0,3.652367
-74.0,48.0,10.0,3.714202
-74.0,50.0,10.0,3.6684632
-74.0,52.0,10.0,3.6280766
-74.0,54.0,10.0,3.577999
-74.0,56.0,10.0,3.6143353
-74.0,58.0,10.0,3.684931
-74.0,60.0,10.0,3.6677501
-74.0,62.0,10.0,3.6386423
-74.0,64.0,10.0,3.6931362
-74.0,66.0,10.0,3.7930362
-74.0,68.0,10.0,3.8054218
-74.0,70.0,10.0,3.6194406
-74.0,72.0,10.0,3.6722164
-74.0,74.0,10.0,3.7406774
-74.0,76.0,10.0,3.6659937
-74.0,78.0,10.0,3.6388774
-74.0,80.0,10.0,3.641421
-74.0,82.0,10.0,3.645145
-74.0,84.0,10.0,3.7160032
-74.0,86.0,10.0,3.6586242
-74.0,88.0,10.0,3.6763926
-74.0,90.0,10.0,3.678339
-74.0,92.0,10.0,3.6749094
-74.0,94.0,10.0,3.7483273
-74.0,96.0,10.0,3.8260567
-74.0,98.0,10.0,3.789417
-74.0,100.0,10.0,3.7483962
-74.0,102.0,10.0,3.8232677
-74.0,104.0,10.0,3.7627501
-74.0,106.0,10.0,3.728607
-74.0,108.0,10.0,3.7846417
-74.0,110.0,10.0,3.7608228
-74.0,112.0,10.0,3.7298641
-74.0,114.0,10.0,3.8008986
-74.0,116.0,10.0,3.8776503
-74.0,118.0,10.0,3.8684814
-74.0,120.0,10.0,3.7699673
-74.0,122.0,10.0,3.7078125
-74.0,124.0,10.0,3.7908833
-74.0,126.0,10.0,3.8582902
-74.0,128.0,10.0,3.7912805
-74.0,130.0,10.0,3.745215
-74.0,132.0,10.0,3.8231583
-74.0,134.0,10.0,4.02745
-74.0,136.0,10.0,3.9500356
-74.0,138.0,10.0,3.6925726
-74.0,140.0,10.0,3.6801178
-74.0,142.0,10.0,3.723744
-74.0,144.0,10.0,3.8003924
-74.0,146.0,10.0,3.7417388
-74.0,148.0,10.0,3.6957738
-74.0,150.0,10.0,3.6755056
-74.0,152.0,10.0,3.6748068
-74.0,154.0,10.0,3.679235
-74.0,156.0,10.0,3.7471325
-74.0,158.0,10.0,3.7574372
-74.0,160.0,10.0,3.6861129
-74.0,162.0,10.0,3.7056172
-74.0,164.0,10.0,3.7431872
-74.0,166.0,10.0,3.8005922
-74.0,168.0,10.0,3.7264411
-74.0,170.0,10.0,3.6680725
-74.0,172.0,10.0,3.8003056
-74.0,174.0,10.0,3.7361133
-74.0,176.0,10.0,3.7110858
-74.0,178.0,10.0,3.687507
-74.0,180.0,10.0,3.6834912
-72.0,-180.0,10.0,4.036709
-72.0,-178.0,10.0,3.9730456
-72.0,-176.0,10.0,3.9284427
-72.0,-174.0,10.0,4.0282016
-72.0,-172.0,10.0,4.040548
-72.0,-170.0,10.0,4.0566535
-72.0,-168.0,10.0,4.0125194
-72.0,-166.0,10.0,4.085422
-72.0,-164.0,10.0,4.144983
-72.0,-162.0,10.0,4.0698705
-72.0,-160.0,10.0,4.037443
-72.0,-158.0,10.0,4.087984
-72.0,-156.0,10.0,4.111417
-72.0,-154.0,10.0,4.0582795
-72.0,-152.0,10.0,3.9923503
-72.0,-150.0,10.0,4.018394
-72.0,-148.0,10.0,4.0592637
-72.0,-146.0,10.0,3.9191337
-72.0,-144.0,10.0,3.8314223
-72.0,-142.0,10.0,3.9112458
-72.0,-140.0,10.0,4.0404134
-72.0,-138.0,10.0,4.1233883
-72.0,-136.0,10.0,4.0883193
-72.0,-134.0,10.0,3.9908242
-72.0,-132.0,10.0,4.1283154
-72.0,-130.0,10.0,4.1435456
-72.0,-128.0,10.0,4.129081
-72.0,-126.0,10.0,4.0027595
-72.0,-124.0,10.0,3.868355
-72.0,-122.0,10.0,3.9547868
-72.0,-120.0,10.0,4.1133385
-72.0,-118.0,10.0,4.1196523
-72.0,-116.0,10.0,4.0794716
-72.0,-114.0,10.0,4.08413
-72.0,-112.0,10.0,4.0797625
-72.0,-110.0,10.0,4.035119
-72.0,-108.0,10.0,3.9911978
-72.0,-106.0,10.0,3.9682417
-72.0,-104.0,10.0,3.972732
-72.0,-102.0,10.0,3.9461005
-72.0,-100.0,10.0,3.9764495
-72.0,-98.0,10.0,4.099694
-72.0,-96.0,10.0,4.2370057
-72.0,-94.0,10.0,4.13255
-72.0,-92.0,10.0,3.9921885
-72.0,-90.0,10.0,3.9623446
-72.0,-88.0,10.0,3.9148946
-72.0,-86.0,10.0,3.9600303
-72.0,-84.0,10.0,4.0724716
-72.0,-82.0,10.0,4.0875416
-72.0,-80.0,10.0,3.9595861
-72.0,-78.0,10.0,3.8676803
-72.0,-76.0,10.0,3.947857
-72.0,-74.0,10.0,3.9346392
-72.0,-72.0,10.0,3.9750922
-72.0,-70.0,10.0,3.9582682
-72.0,-68.0,10.0,4.1331644
-72.0,-66.0,10.0,4.2751703
-72.0,-64.0,10.0,4.11083
-72.0,-62.0,10.0,3.9825056
-72.0,-60.0,10.0,3.9849882
-72.0,-58.0,10.0,3.9114473
-72.0,-56.0,10.0,3.711698
-72.0,-54.0,10.0,3.7652414
-72.0,-52.0,10.0,4.04304
-72.0,-50.0,10.0,4.155413
-72.0,-48.0,10.0,3.9552798
-72.0,-46.0,10.0,3.8537073
-72.0,-44.0,10.0,3.9746997
-72.0,-42.0,10.0,4.008481
-72.0,-40.0,10.0,4.0044
-72.0,-38.0,10.0,3.9415674
-72.0,-36.0,10.0,3.8852618
-72.0,-34.0,10.0,3.9067895
-72.0,-32.0,10.0,3.9891882
-72.0,-30.0,10.0,3.970806
-72.0,-28.0,10.0,4.0233617
-72.0,-26.0,10.0,4.2064924
-72.0,-24.0,10.0,4.153983
-72.0,-22.0,10.0,3.9931927
-72.0,-20.0,10.0,4.009999
-72.0,-18.0,10.0,4.035404
-72.0,-16.0,10.0,4.070085
-72.0,-14.0,10.0,4.0584364
-72.0,-12.0,10.0,4.0948114
-72.0,-10.0,10.0,4.028886
-72.0,-8.0,10.0,3.995982
-72.0,-6.0,10.0,4.0160594
-72.0,-4.0,10.0,4.0171094
-72.0,-2.0,10.0,4.0439787
-72.0,0.0,10.0,4.011045
-72.0,2.0,10.0,3.9855983
-72.0,4.0,10.0,3.948257
-72.0,6.0,10.0,3.8783221
-72.0,8.0,10.0,3.8882387
-72.0,10.0,10.0,4.037552
-72.0,12.0,10.0,4.1085095
-72.0,14.0,10.0,4.1435075
-72.0,16.0,10.0,4.1129594
-72.0,18.0,10.0,4.145332
-72.0,20.0,10.0,4.0318446
-72.0,22.0,10.0,4.022017
-72.0,24.0,10.0,4.1329775
-72.0,26.0,10.0,4.198981
-72.0,28.0,10.0,4.122751
-72.0,30.0,10.0,3.9489517
-72.0,32.0,10.0,3.8032627
-72.0,34.0,10.0,3.813105
-72.0,36.0,10.0,3.8848538
-72.0,38.0,10.0,3.9377375
-72.0,40.0,10.0,3.9095266
-72.0,42.0,10.0,4.0548797
-72.0,44.0,10.0,4.0319486
-72.0,46.0,10.0,4.0047717
-72.0,48.0,10.0,4.03331
-72.0,50.0,10.0,3.9731302
-72.0,52.0,10.0,4.003416
-72.0,54.0,10.0,3.9737682
-72.0,56.0,10.0,3.9176996
-72.0,58.0,10.0,3.9779458
-72.0,60.0,10.0,3.9926524
-72.0,62.0,10.0,4.015809
-72.0,64.0,10.0,4.0848513
-72.0,66.0,10.0,4.095813
-72.0,68.0,10.0,4.065353
-72.0,70.0,10.0,3.9253166
-72.0,72.0,10.0,3.9620826
-72.0,74.0,10.0,4.054965
-72.0,76.0,10.0,4.012945
-72.0,78.0,10.0,3.9421008
-72.0,80.0,10.0,3.9415815
-72.0,82.0,10.0,3.9880023
-72.0,84.0,10.0,4.031467
-72.0,86.0,10.0,4.0401626
-72.0,88.0,10.0,3.999946
-72.0,90.0,10.0,4.0389214
-72.0,92.0,10.0,3.993013
-72.0,94.0,10.0,4.0312095
-72.0,96.0,10.0,4.1054044
-72.0,98.0,10.0,4.059893
-72.0,100.0,10.0,4.067001
-72.0,102.0,10.0,4.180793
-72.0,104.0,10.0,4.1220784
-72.0,106.0,10.0,4.0282683
-72.0,108.0,10.0,4.0778584
-72.0,110.0,10.0,4.022527
-72.0,112.0,10.0,4.062297
-72.0,114.0,10.0,4.163126
-72.0,116.0,10.0,4.1840353
-72.0,118.0,10.0,4.1832376
-72.0,120.0,10.0,4.072789
-72.0,122.0,10.0,4.0074
-72.0,124.0,10.0,4.051274
-72.0,126.0,10.0,4.1374726
-72.0,128.0,10.0,4.124382
-72.0,130.0,10.0,4.040466
-72.0,132.0,10.0,4.081843
-72.0,134.0,10.0,4.235899
-72.0,136.0,10.0,4.1783757
-72.0,138.0,10.0,3.9679143
-72.0,140.0,10.0,3.984841
-72.0,142.0,10.0,4.0424085
-72.0,144.0,10.0,4.1212773
-72.0,146.0,10.0,4.0830383
-72.0,148.0,10.0,4.03389
-72.0,150.0,10.0,4.043661
-72.0,152.0,10.0,4.030797
-72.0,154.0,10.0,4.055972
-72.0,156.0,10.0,4.0696826
-72.0,158.0,10.0,4.0597277
-72.0,160.0,10.0,4.000406
-72.0,162.0,10.0,3.9507663
-72.0,164.0,10.0,4.0197797
-72.0,166.0,10.0,4.101483
-72.0,168.0,10.0,4.0238714
-72.0,170.0,10.0,3.9886303
-72.0,172.0,10.0,4.135429
-72.0,174.0,10.0,4.117126
-72.0,176.0,10.0,4.0512443
-72.0,178.0,10.0,4.071677
-72.0,180.0,10.0,4.036709
-70.0,-180.0,10.0,3.4524143
-70.0,-178.0,10.0,3.459454
-70.0,-176.0,10.0,3.455146
-70.0,-174.0,10.0,3.5450597
-70.0,-172.0,10.0,3.469688
-70.0,-170.0,10.0,3.4596653
-70.0,-168.0,10.0,3.5233195
-70.0,-166.0,10.0,3.4724386
-70.0,-164.0,10.0,3.4932106
-70.0,-162.0,10.0,3.4748333
-70.0,-160.0,10.0,3.466927
-70.0,-158.0,10.0,3.5108566
-70.0,-156.0,10.0,3.4814975
-70.0,-154.0,10.0,3.4429026
-70.0,-152.0,10.0,3.4222
-70.0,-150.0,10.0,3.4638972
-70.0,-148.0,10.0,3.4818635
-70.0,-146.0,10.0,3.3531878
-70.0,-144.0,10.0,3.2754114
-70.0,-142.0,10.0,3.3847032
-70.0,-140.0,10.0,3.450742
-70.0,-138.0,10.0,3.5849447
-70.0,-136.0,10.0,3.568938
-70.0,-134.0,10.0,3.47148
-70.0,-132.0,10.0,3.4585268
-70.0,-130.0,10.0,3.4678228
-70.0,-128.0,10.0,3.4585817
-70.0,-126.0,10.0,3.3613458
-70.0,-124.0,10.0,3.3210826
-70.0,-122.0,10.0,3.343207
-70.0,-120.0,10.0,3.4698126
-70.0,-118.0,10.0,3.4602711
-70.0,-116.0,10.0,3.3461714
-70.0,-114.0,10.0,3.3735259
-70.0,-112.0,10.0,3.381423
-70.0,-110.0,10.0,3.448339
-70.0,-108.0,10.0,3.4061024
-70.0,-106.0,10.0,3.4074585
-70.0,-104.0,10.0,3.5044193
-70.0,-102.0,10.0,3.4134934
-70.0,-100.0,10.0,3.4386163
-70.0,-98.0,10.0,3.5384312
-70.0,-96.0,10.0,3.6507678
-70.0,-94.0,10.0,3.4676123
-70.0,-92.0,10.0,3.4121585
-70.0,-90.0,10.0,3.4643807
-70.0,-88.0,10.0,3.429269
-70.0,-86.0,10.0,3.3881361
-70.0,-84.0,10.0,3.5139992
-70.0,-82.0,10.0,3.5733254
-70.0,-80.0,10.0,3.437283
-70.0,-78.0,10.0,3.3903246
-70.0,-76.0,10.0,3.516063
-70.0,-74.0,10.0,3.4988825
-70.0,-72.0,10.0,3.4651453
-70.0,-70.0,10.0,3.4370902
-70.0,-68.0,10.0,3.5287137
-70.0,-66.0,10.0,3.502134
-70.0,-64.0,10.0,3.3849125
-70.0,-62.0,10.0,3.3615758
-70.0,-60.0,10.0,3.4223535
-70.0,-58.0,10.0,3.4487643
-70.0,-56.0,10.0,3.279954
-70.0,-54.0,10.0,3.2658856
-70.0,-52.0,10.0,3.4092674
-70.0,-50.0,10.0,3.4407952
-70.0,-48.0,10.0,3.3633435
-70.0,-46.0,10.0,3.370668
-70.0,-44.0,10.0,3.4068859
-70.0,-42.0,10.0,3.4331114
-70.0,-40.0,10.0,3.44258
-70.0,-38.0,10.0,3.4462574
-70.0,-36.0,10.0,3.437772
-70.0,-34.0,10.0,3.3746738
-70.0,-32.0,10.0,3.3831549
-70.0,-30.0,10.0,3.4607043
-70.0,-28.0,10.0,3.5982676
-70.0,-26.0,10.0,3.6534996
-70.0,-24.0,10.0,3.5564559
-70.0,-22.0,10.0,3.4124084
-70.0,-20.0,10.0,3.4563975
-70.0,-18.0,10.0,3.4905846
-70.0,-16.0,10.0,3.4858217
-70.0,-14.0,10.0,3.4116824
-70.0,-12.0,10.0,3.5259314
-70.0,-10.0,10.0,3.4684992
-70.0,-8.0,10.0,3.4451976
-70.0,-6.0,10.0,3.51104
-70.0,-4.0,10.0,3.5673127
-70.0,-2.0,10.0,3.4741507
-70.0,0.0,10.0,3.4672995
-70.0,2.0,10.0,3.576598
-70.0,4.0,10.0,3.4840138
-70.0,6.0,10.0,3.3706577
-70.0,8.0,10.0,3.3927186
-70.0,10.0,10.0,3.4663806
-70.0,12.0,10.0,3.4581516
-70.0,14.0,10.0,3.4650156
-70.0,16.0,10.0,3.537247
-70.0,18.0,10.0,3.5493798
-70.0,20.0,10.0,3.4654436
-70.0,22.0,10.0,3.5206907
-70.0,24.0,10.0,3.7253351
-70.0,26.0,10.0,3.7558918
-70.0,28.0,10.0,3.6327183
-70.0,30.0,10.0,3.4633257
-70.0,32.0,10.0,3.398505
-70.0,34.0,10.0,3.3408692
-70.0,36.0,10.0,3.3633177
-70.0,38.0,10.0,3.3690915
-70.0,40.0,10.0,3.4534905
-70.0,42.0,10.0,3.5148768
-70.0,44.0,10.0,3.5005956
-70.0,46.0,10.0,3.5114942
-70.0,48.0,10.0,3.477802
-70.0,50.0,10.0,3.4728594
-70.0,52.0,10.0,3.4828353
-70.0,54.0,10.0,3.4590228
-70.0,56.0,10.0,3.4204404
-70.0,58.0,10.0,3.4745195
-70.0,60.0,10.0,3.4602096
-70.0,62.0,10.0,3.502075
-70.0,64.0,10.0,3.5740414
-70.0,66.0,10.0,3.6261463
-70.0,68.0,10.0,3.5756974
-70.0,70.0,10.0,3.4587023
-70.0,72.0,10.0,3.5608058
-70.0,74.0,10.0,3.6183565
-70.0,76.0,10.0,3.534346
-70.0,78.0,10.0,3.4797337
-70.0,80.0,10.0,3.4631958
-70.0,82.0,10.0,3.4596376
-70.0,84.0,10.0,3.5341604
-70.0,86.0,10.0,3.5265963
-70.0,88.0,10.0,3.4454868
-70.0,90.0,10.0,3.4660323
-70.0,92.0,10.0,3.4325943
-70.0,94.0,10.0,3.4852917
-70.0,96.0,10.0,3.475158
-70.0,98.0,10.0,3.429845
-70.0,100.0,10.0,3.4681613
-70.0,102.0,10.0,3.5599654
-70.0,104.0,10.0,3.5998383
-70.0,106.0,10.0,3.5666554
-70.0,108.0,10.0,3.4993777
-70.0,110.0,10.0,3.465775
-70.0,112.0,10.0,3.5115383
-70.0,114.0,10.0,3.6115477
-70.0,116.0,10.0,3.6399503
-70.0,118.0,10.0,3.585085
-70.0,120.0,10.0,3.4582794
-70.0,122.0,10.0,3.3446631
-70.0,124.0,10.0,3.4554517
-70.0,126.0,10.0,3.5303526
-70.0,128.0,10.0,3.4804049
-70.0,130.0,10.0,3.4565437
-70.0,132.0,10.0,3.5679812
-70.0,134.0,10.0,3.7240071
-70.0,136.0,10.0,3.647696
-70.0,138.0,10.0,3.5187373
-70.0,140.0,10.0,3.4731493
-70.0,142.0,10.0,3.4177806
-70.0,144.0,10.0,3.4774454
-70.0,146.0,10.0,3.5066326
-70.0,148.0,10.0,3.4842277
-70.0,150.0,10.0,3.4586368
-70.0,152.0,10.0,3.404735
-70.0,154.0,10.0,3.4873939
-70.0,156.0,10.0,3.6527536
-70.0,158.0,10.0,3.606836
-70.0,160.0,10.0,3.4605458
-70.0,162.0,10.0,3.479172
-70.0,164.0,10.0,3.5192187
-70.0,166.0,10.0,3.4726057
-70.0,168.0,10.0,3.4246626
-70.0,170.0,10.0,3.4589076
-70.0,172.0,10.0,3.6037498
-70.0,174.0,10.0,3.5321634
-70.0,176.0,10.0,3.4710565
-70.0,178.0,10.0,3.5106344
-70.0,180.0,10.0,3.4524143
-68.0,-180.0,10.0,3.2090194
-68.0,-178.0,10.0,3.3220055
-68.0,-176.0,10.0,3.332022
-68.0,-174.0,10.0,3.354616
-68.0,-172.0,10.0,3.281203
-68.0,-170.0,10.0,3.2853765
-68.0,-168.0,10.0,3.302147
-68.0,-166.0,10.0,3.2485936
-68.0,-164.0,10.0,3.2378266
-68.0,-162.0,10.0,3.2100291
-68.0,-160.0,10.0,3.1471014
-68.0,-158.0,10.0,3.2335489
-68.0,-156.0,10.0,3.212465
-68.0,-154.0,10.0,3.164406
-68.0,-152.0,10.0,3.1615927
-68.0,-150.0,10.0,3.164597
-68.0,-148.0,10.0,3.1078422
-68.0,-146.0,10.0,3.0762897
-68.0,-144.0,10.0,3.0382183
-68.0,-142.0,10.0,3.0751255
-68.0,-140.0,10.0,3.1011171
-68.0,-138.0,10.0,3.1564457
-68.0,-136.0,10.0,3.1361182
-68.0,-134.0,10.0,3.0746753
-68.0,-132.0,10.0,2.9872375
-68.0,-130.0,10.0,3.006732
-68.0,-128.0,10.0,2.968071
-68.0,-126.0,10.0,2.894729
-68.0,-124.0,10.0,2.8678713
-68.0,-122.0,10.0,2.9354656
-68.0,-120.0,10.0,3.0218632
-68.0,-118.0,10.0,2.9811144
-68.0,-116.0,10.0,2.9148538
-68.0,-114.0,10.0,2.951246
-68.0,-112.0,10.0,2.9905963
-68.0,-110.0,10.0,3.042881
-68.0,-108.0,10.0,3.0528765
-68.0,-106.0,10.0,3.06266
-68.0,-104.0,10.0,3.1551979
-68.0,-102.0,10.0,3.0508325
-68.0,-100.0,10.0,3.0214295
-68.0,-98.0,10.0,3.1756496
-68.0,-96.0,10.0,3.247921
-68.0,-94.0,10.0,3.0437844
-68.0,-92.0,10.0,3.0116577
-68.0,-90.0,10.0,3.0362432
-68.0,-88.0,10.0,2.9875007
-68.0,-86.0,10.0,2.9519022
-68.0,-84.0,10.0,3.0602298
-68.0,-82.0,10.0,3.1227305
-68.0,-80.0,10.0,3.0039737
-68.0,-78.0,10.0,2.9866283
-68.0,-76.0,10.0,3.0932012
-68.0,-74.0,10.0,3.0801299
-68.0,-72.0,10.0,2.988967
-68.0,-70.0,10.0,2.9894218
-68.0,-68.0,10.0,3.1242917
-68.0,-66.0,10.0,3.055981
-68.0,-64.0,10.0,2.9097056
-68.0,-62.0,10.0,2.9248962
-68.0,-60.0,10.0,2.979606
-68.0,-58.0,10.0,2.9857383
-68.0,-56.0,10.0,2.816418
-68.0,-54.0,10.0,2.785215
-68.0,-52.0,10.0,2.9318488
-68.0,-50.0,10.0,2.9618442
-68.0,-48.0,10.0,2.9191594
-68.0,-46.0,10.0,2.9631798
-68.0,-44.0,10.0,3.0252016
-68.0,-42.0,10.0,2.9948964
-68.0,-40.0,10.0,3.054868
-68.0,-38.0,10.0,3.079672
-68.0,-36.0,10.0,3.0740047
-68.0,-34.0,10.0,3.0501
-68.0,-32.0,10.0,3.038077
-68.0,-30.0,10.0,3.1123855
-68.0,-28.0,10.0,3.24166
-68.0,-26.0,10.0,3.2688286
-68.0,-24.0,10.0,3.1446576
-68.0,-22.0,10.0,3.0890517
-68.0,-20.0,10.0,3.104523
-68.0,-18.0,10.0,3.1919992
-68.0,-16.0,10.0,3.2352147
-68.0,-14.0,10.0,3.113505
-68.0,-12.0,10.0,3.2082124
-68.0,-10.0,10.0,3.2237856
-68.0,-8.0,10.0,3.137189
-68.0,-6.0,10.0,3.2226505
-68.0,-4.0,10.0,3.280287
-68.0,-2.0,10.0,3.1884224
-68.0,0.0,10.0,3.0855832
-68.0,2.0,10.0,3.191008
-68.0,4.0,10.0,3.137548
-68.0,6.0,10.0,3.0444565
-68.0,8.0,10.0,3.0855567
-68.0,10.0,10.0,3.1082647
-68.0,12.0,10.0,3.1852844
-68.0,14.0,10.0,3.118738
-68.0,16.0,10.0,3.071192
-68.0,18.0,10.0,3.149921
-68.0,20.0,10.0,3.1413398
-68.0,22.0,10.0,3.244357
-68.0,24.0,10.0,3.4167268
-68.0,26.0,10.0,3.50198
-68.0,28.0,10.0,3.4285758
-68.0,30.0,10.0,3.1885204
-68.0,32.0,10.0,3.066084
-68.0,34.0,10.0,3.0092838
-68.0,36.0,10.0,3.1051455
-68.0,38.0,10.0,3.1285927
-68.0,40.0,10.0,3.208846
-68.0,42.0,10.0,3.2784498
-68.0,44.0,10.0,3.297785
-68.0,46.0,10.0,3.3432138
-68.0,48.0,10.0,3.3239152
-68.0,50.0,10.0,3.222142
-68.0,52.0,10.0,3.1932304
-68.0,54.0,10.0,3.1488848
-68.0,56.0,10.0,3.1620831
-68.0,58.0,10.0,3.2101269
-68.0,60.0,10.0,3.1943288
-68.0,62.0,10.0,3.2017648
-68.0,64.0,10.0,3.2387447
-68.0,66.0,10.0,3.3779986
-68.0,68.0,10.0,3.4115217
-68.0,70.0,10.0,3.3226721
-68.0,72.0,10.0,3.3927376
-68.0,74.0,10.0,3.4321208
-68.0,76.0,10.0,3.41652
-68.0,78.0,10.0,3.3593185
-68.0,80.0,10.0,3.377713
-68.0,82.0,10.0,3.3506396
-68.0,84.0,10.0,3.348078
-68.0,86.0,10.0,3.3363972
-68.0,88.0,10.0,3.3239546
-68.0,90.0,10.0,3.318155
-68.0,92.0,10.0,3.2516036
-68.0,94.0,10.0,3.333472
-68.0,96.0,10.0,3.3764067
-68.0,98.0,10.0,3.298798
-68.0,100.0,10.0,3.3451025
-68.0,102.0,10.0,3.4790385
-68.0,104.0,10.0,3.4779794
-68.0,106.0,10.0,3.482466
-68.0,108.0,10.0,3.4098816
-68.0,110.0,10.0,3.379112
-68.0,112.0,10.0,3.3256092
-68.0,114.0,10.0,3.4143138
-68.0,116.0,10.0,3.3423338
-68.0,118.0,10.0,3.3660235
-68.0,120.0,10.0,3.3412893
-68.0,122.0,10.0,3.2590864
-68.0,124.0,10.0,3.2977307
-68.0,126.0,10.0,3.3070655
-68.0,128.0,10.0,3.3188877
-68.0,130.0,10.0,3.3340333
-68.0,132.0,10.0,3.430211
-68.0,134.0,10.0,3.4889648
-68.0,136.0,10.0,3.4471207
-68.0,138.0,10.0,3.3840067
-68.0,140.0,10.0,3.280442
-68.0,142.0,10.0,3.2176929
-68.0,144.0,10.0,3.2225587
-68.0,146.0,10.0,3.1961906
-68.0,148.0,10.0,3.1866212
-68.0,150.0,10.0,3.2411869
-68.0,152.0,10.0,3.224773
-68.0,154.0,10.0,3.2496643
-68.0,156.0,10.0,3.3636835
-68.0,158.0,10.0,3.2996433
-68.0,160.0,10.0,3.187768
-68.0,162.0,10.0,3.1988153
-68.0,164.0,10.0,3.2121904
-68.0,166.0,10.0,3.1031618
-68.0,168.0,10.0,3.1286616
-68.0,170.0,10.0,3.1453416
-68.0,172.0,10.0,3.2233412
-68.0,174.0,10.0,3.130173
-68.0,176.0,10.0,3.1768634
-68.0,178.0,10.0,3.2351475
-68.0,180.0,10.0,3.2090194
-66.0,-180.0,10.0,3.3908417
-66.0,-178.0,10.0,3.4710267
-66.0,-176.0,10.0,3.45458
-66.0,-174.0,10.0,3.505372
-66.0,-172.0,10.0,3.4345262
-66.0,-170.0,10.0,3.412244
-66.0,-168.0,10.0,3.4695966
-66.0,-166.0,10.0,3.3828592
-66.0,-164.0,10.0,3.4110682
-66.0,-162.0,10.0,3.3679614
-66.0,-160.0,10.0,3.3008902
-66.0,-158.0,10.0,3.3903654
-66.0,-156.0,10.0,3.4248438
-66.0,-154.0,10.0,3.4346547
-66.0,-152.0,10.0,3.4034293
-66.0,-150.0,10.0,3.3191843
-66.0,-148.0,10.0,3.3114152
-66.0,-146.0,10.0,3.2328885
-66.0,-144.0,10.0,3.1543362
-66.0,-142.0,10.0,3.1915135
-66.0,-140.0,10.0,3.252583
-66.0,-138.0,10.0,3.3156059
-66.0,-136.0,10.0,3.355594
-66.0,-134.0,10.0,3.2669244
-66.0,-132.0,10.0,3.1421177
-66.0,-130.0,10.0,3.1736922
-66.0,-128.0,10.0,3.1390963
-66.0,-126.0,10.0,3.0885108
-66.0,-124.0,10.0,3.1052258
-66.0,-122.0,10.0,3.1403265
-66.0,-120.0,10.0,3.2624333
-66.0,-118.0,10.0,3.2244651
-66.0,-116.0,10.0,3.1520786
-66.0,-114.0,10.0,3.2039983
-66.0,-112.0,10.0,3.2003117
-66.0,-110.0,10.0,3.232292
-66.0,-108.0,10.0,3.2435067
-66.0,-106.0,10.0,3.2324915
-66.0,-104.0,10.0,3.258356
-66.0,-102.0,10.0,3.1499233
-66.0,-100.0,10.0,3.1800632
-66.0,-98.0,10.0,3.3046446
-66.0,-96.0,10.0,3.3576958
-66.0,-94.0,10.0,3.1683729
-66.0,-92.0,10.0,3.1258888
-66.0,-90.0,10.0,3.1459432
-66.0,-88.0,10.0,3.155229
-66.0,-86.0,10.0,3.1299741
-66.0,-84.0,10.0,3.1978838
-66.0,-82.0,10.0,3.2762852
-66.0,-80.0,10.0,3.1619682
-66.0,-78.0,10.0,3.1430695
-66.0,-76.0,10.0,3.1891468
-66.0,-74.0,10.0,3.1954267
-66.0,-72.0,10.0,3.1024504
-66.0,-70.0,10.0,3.1626759
-66.0,-68.0,10.0,3.2392428
-66.0,-66.0,10.0,3.1628933
-66.0,-64.0,10.0,3.0618987
-66.0,-62.0,10.0,3.0844383
-66.0,-60.0,10.0,3.1409914
-66.0,-58.0,10.0,3.1319532
-66.0,-56.0,10.0,2.9780984
-66.0,-54.0,10.0,2.9478526
-66.0,-52.0,10.0,3.0777078
-66.0,-50.0,10.0,3.118302
-66.0,-48.0,10.0,3.0715845
-66.0,-46.0,10.0,3.0940568
-66.0,-44.0,10.0,3.1639032
-66.0,-42.0,10.0,3.1318293
-66.0,-40.0,10.0,3.1728892
-66.0,-38.0,10.0,3.2348213
-66.0,-36.0,10.0,3.1976838
-66.0,-34.0,10.0,3.1281643
-66.0,-32.0,10.0,3.1834152
-66.0,-30.0,10.0,3.2136397
-66.0,-28.0,10.0,3.3864954
-66.0,-26.0,10.0,3.4210212
-66.0,-24.0,10.0,3.227842
-66.0,-22.0,10.0,3.1685927
-66.0,-20.0,10.0,3.2073123
-66.0,-18.0,10.0,3.311118
-66.0,-16.0,10.0,3.3824563
-66.0,-14.0,10.0,3.2561653
-66.0,-12.0,10.0,3.336553
-66.0,-10.0,10.0,3.2918274
-66.0,-8.0,10.0,3.2523813
-66.0,-6.0,10.0,3.3035214
-66.0,-4.0,10.0,3.33711
-66.0,-2.0,10.0,3.26439
-66.0,0.0,10.0,3.1835473
-66.0,2.0,10.0,3.3101656
-66.0,4.0,10.0,3.24641
-66.0,6.0,10.0,3.1469362
-66.0,8.0,10.0,3.1782765
-66.0,10.0,10.0,3.1911278
-66.0,12.0,10.0,3.3055322
-66.0,14.0,10.0,3.2603881
-66.0,16.0,10.0,3.2428057
-66.0,18.0,10.0,3.248512
-66.0,20.0,10.0,3.2264218
-66.0,22.0,10.0,3.3691187
-66.0,24.0,10.0,3.5500162
-66.0,26.0,10.0,3.580034
-66.0,28.0,10.0,3.5464847
-66.0,30.0,10.0,3.2704086
-66.0,32.0,10.0,3.121763
-66.0,34.0,10.0,3.1405983
-66.0,36.0,10.0,3.215327
-66.0,38.0,10.0,3.2680485
-66.0,40.0,10.0,3.296634
-66.0,42.0,10.0,3.324658
-66.0,44.0,10.0,3.3333476
-66.0,46.0,10.0,3.41959
-66.0,48.0,10.0,3.4277527
-66.0,50.0,10.0,3.3107848
-66.0,52.0,10.0,3.2809715
-66.0,54.0,10.0,3.2667658
-66.0,56.0,10.0,3.2991982
-66.0,58.0,10.0,3.3570955
-66.0,60.0,10.0,3.2950833
-66.0,62.0,10.0,3.2735069
-66.0,64.0,10.0,3.2850559
-66.0,66.0,10.0,3.4033973
-66.0,68.0,10.0,3.4170063
-66.0,70.0,10.0,3.3533757
-66.0,72.0,10.0,3.4648385
-66.0,74.0,10.0,3.4551666
-66.0,76.0,10.0,3.4609907
-66.0,78.0,10.0,3.4208622
-66.0,80.0,10.0,3.4150584
-66.0,82.0,10.0,3.3923702
-66.0,84.0,10.0,3.4648674
-66.0,86.0,10.0,3.3639755
-66.0,88.0,10.0,3.3432708
-66.0,90.0,10.0,3.3663054
-66.0,92.0,10.0,3.3191278
-66.0,94.0,10.0,3.3616018
-66.0,96.0,10.0,3.423973
-66.0,98.0,10.0,3.3420084
-66.0,100.0,10.0,3.3724644
-66.0,102.0,10.0,3.495985
-66.0,104.0,10.0,3.5192292
-66.0,106.0,10.0,3.5467045
-66.0,108.0,10.0,3.4964948
-66.0,110.0,10.0,3.3938847
-66.0,112.0,10.0,3.4175823
-66.0,114.0,10.0,3.4868658
-66.0,116.0,10.0,3.483341
-66.0,118.0,10.0,3.5024765
-66.0,120.0,10.0,3.4339652
-66.0,122.0,10.0,3.3413587
-66.0,124.0,10.0,3.3850796
-66.0,126.0,10.0,3.3662643
-66.0,128.0,10.0,3.3811328
-66.0,130.0,10.0,3.394338
-66.0,132.0,10.0,3.5043876
-66.0,134.0,10.0,3.625899
-66.0,136.0,10.0,3.605841
-66.0,138.0,10.0,3.5299244
-66.0,140.0,10.0,3.3841789
-66.0,142.0,10.0,3.2623065
-66.0,144.0,10.0,3.3299556
-66.0,146.0,10.0,3.3827684
-66.0,148.0,10.0,3.352016
-66.0,150.0,10.0,3.3530521
-66.0,152.0,10.0,3.3355486
-66.0,154.0,10.0,3.4008572
-66.0,156.0,10.0,3.4787767
-66.0,158.0,10.0,3.3965082
-66.0,160.0,10.0,3.285571
-66.0,162.0,10.0,3.342979
-66.0,164.0,10.0,3.4335203
-66.0,166.0,10.0,3.312659
-66.0,168.0,10.0,3.3294165
-66.0,170.0,10.0,3.3036635
-66.0,172.0,10.0,3.411607
-66.0,174.0,10.0,3.2767766
-66.0,176.0,10.0,3.319493
-66.0,178.0,10.0,3.407042
-66.0,180.0,10.0,3.3908417
-64.0,-180.0,10.0,3.5465903
-64.0,-178.0,10.0,3.5918806
-64.0,-176.0,10.0,3.5252151
-64.0,-174.0,10.0,3.5548222
-64.0,-172.0,10.0,3.5397458
-64.0,-170.0,10.0,3.5314882
-64.0,-168.0,10.0,3.5771718
-64.0,-166.0,10.0,3.5358202
-64.0,-164.0,10.0,3.528505
-64.0,-162.0,10.0,3.4939623
-64.0,-160.0,10.0,3.586264
-64.0,-158.0,10.0,3.67315
-64.0,-156.0,10.0,3.7203913
-64.0,-154.0,10.0,3.6483183
-64.0,-152.0,10.0,3.6598282
-64.0,-150.0,10.0,3.5961504
-64.0,-148.0,10.0,3.6205838
-64.0,-146.0,10.0,3.4807973
-64.0,-144.0,10.0,3.4576442
-64.0,-142.0,10.0,3.4812663
-64.0,-140.0,10.0,3.604243
-64.0,-138.0,10.0,3.7098498
-64.0,-136.0,10.0,3.7355046
-64.0,-134.0,10.0,3.6695812
-64.0,-132.0,10.0,3.6238387
-64.0,-130.0,10.0,3.6422164
-64.0,-128.0,10.0,3.526141
-64.0,-126.0,10.0,3.4253333
-64.0,-124.0,10.0,3.3876126
-64.0,-122.0,10.0,3.4208026
-64.0,-120.0,10.0,3.5750108
-64.0,-118.0,10.0,3.5993268
-64.0,-116.0,10.0,3.6210465
-64.0,-114.0,10.0,3.6589012
-64.0,-112.0,10.0,3.586657
-64.0,-110.0,10.0,3.563365
-64.0,-108.0,10.0,3.4827178
-64.0,-106.0,10.0,3.4080594
-64.0,-104.0,10.0,3.3914926
-64.0,-102.0,10.0,3.335073
-64.0,-100.0,10.0,3.5031197
-64.0,-98.0,10.0,3.59145
-64.0,-96.0,10.0,3.6361356
-64.0,-94.0,10.0,3.4728277
-64.0,-92.0,10.0,3.4579318
-64.0,-90.0,10.0,3.4110947
-64.0,-88.0,10.0,3.4402592
-64.0,-86.0,10.0,3.4793744
-64.0,-84.0,10.0,3.553014
-64.0,-82.0,10.0,3.5312119
-64.0,-80.0,10.0,3.414416
-64.0,-78.0,10.0,3.3837624
-64.0,-76.0,10.0,3.366073
-64.0,-74.0,10.0,3.278692
-64.0,-72.0,10.0,3.3049803
-64.0,-70.0,10.0,3.4095685
-64.0,-68.0,10.0,3.4538264
-64.0,-66.0,10.0,3.4271026
-64.0,-64.0,10.0,3.293118
-64.0,-62.0,10.0,3.2696638
-64.0,-60.0,10.0,3.4761693
-64.0,-58.0,10.0,3.5176296
-64.0,-56.0,10.0,3.3851497
-64.0,-54.0,10.0,3.338194
-64.0,-52.0,10.0,3.4708877
-64.0,-50.0,10.0,3.5224123
-64.0,-48.0,10.0,3.3872948
-64.0,-46.0,10.0,3.3867877
-64.0,-44.0,10.0,3.4725726
-64.0,-42.0,10.0,3.489795
-64.0,-40.0,10.0,3.6069298
-64.0,-38.0,10.0,3.6837127
-64.0,-36.0,10.0,3.6476707
-64.0,-34.0,10.0,3.491332
-64.0,-32.0,10.0,3.493727
-64.0,-30.0,10.0,3.5744061
-64.0,-28.0,10.0,3.7608242
-64.0,-26.0,10.0,3.759204
-64.0,-24.0,10.0,3.574444
-64.0,-22.0,10.0,3.578865
-64.0,-20.0,10.0,3.6178436
-64.0,-18.0,10.0,3.6838348
-64.0,-16.0,10.0,3.67291
-64.0,-14.0,10.0,3.66214
-64.0,-12.0,10.0,3.7297285
-64.0,-10.0,10.0,3.6913552
-64.0,-8.0,10.0,3.6670904
-64.0,-6.0,10.0,3.7871127
-64.0,-4.0,10.0,3.8258765
-64.0,-2.0,10.0,3.718365
-64.0,0.0,10.0,3.6795208
-64.0,2.0,10.0,3.829571
-64.0,4.0,10.0,3.7291234
-64.0,6.0,10.0,3.6333177
-64.0,8.0,10.0,3.7321503
-64.0,10.0,10.0,3.7888246
-64.0,12.0,10.0,3.7117162
-64.0,14.0,10.0,3.7031078
-64.0,16.0,10.0,3.7887545
-64.0,18.0,10.0,3.808637
-64.0,20.0,10.0,3.729984
-64.0,22.0,10.0,3.8298697
-64.0,24.0,10.0,4.0249157
-64.0,26.0,10.0,3.9420955
-64.0,28.0,10.0,3.8567138
-64.0,30.0,10.0,3.6473556
-64.0,32.0,10.0,3.6133676
-64.0,34.0,10.0,3.5853455
-64.0,36.0,10.0,3.6269867
-64.0,38.0,10.0,3.6789432
-64.0,40.0,10.0,3.6747603
-64.0,42.0,10.0,3.6459124
-64.0,44.0,10.0,3.755077
-64.0,46.0,10.0,3.7768693
-64.0,48.0,10.0,3.7497504
-64.0,50.0,10.0,3.639562
-64.0,52.0,10.0,3.6165173
-64.0,54.0,10.0,3.5489652
-64.0,56.0,10.0,3.613676
-64.0,58.0,10.0,3.750765
-64.0,60.0,10.0,3.70238
-64.0,62.0,10.0,3.7615025
-64.0,64.0,10.0,3.9255188
-64.0,66.0,10.0,3.9971862
-64.0,68.0,10.0,3.7959738
-64.0,70.0,10.0,3.6695795
-64.0,72.0,10.0,3.746217
-64.0,74.0,10.0,3.738959
-64.0,76.0,10.0,3.6862063
-64.0,78.0,10.0,3.6834333
-64.0,80.0,10.0,3.582431
-64.0,82.0,10.0,3.5921683
-64.0,84.0,10.0,3.619386
-64.0,86.0,10.0,3.4456503
-64.0,88.0,10.0,3.4827244
-64.0,90.0,10.0,3.5919073
-64.0,92.0,10.0,3.5903866
-64.0,94.0,10.0,3.658766
-64.0,96.0,10.0,3.6950054
-64.0,98.0,10.0,3.5954201
-64.0,100.0,10.0,3.5760045
-64.0,102.0,10.0,3.7053156
-64.0,104.0,10.0,3.7424262
-64.0,106.0,10.0,3.7091696
-64.0,108.0,10.0,3.7167203
-64.0,110.0,10.0,3.6454217
-64.0,112.0,10.0,3.6085813
-64.0,114.0,10.0,3.669526
-64.0,116.0,10.0,3.7416503
-64.0,118.0,10.0,3.6937618
-64.0,120.0,10.0,3.5866904
-64.0,122.0,10.0,3.6221974
-64.0,124.0,10.0,3.7259812
-64.0,126.0,10.0,3.7554011
-64.0,128.0,10.0,3.682705
-64.0,130.0,10.0,3.6057189
-64.0,132.0,10.0,3.6702943
-64.0,134.0,10.0,3.80627
-64.0,136.0,10.0,3.7731495
-64.0,138.0,10.0,3.6241376
-64.0,140.0,10.0,3.575931
-64.0,142.0,10.0,3.5322602
-64.0,144.0,10.0,3.6129575
-64.0,146.0,10.0,3.626243
-64.0,148.0,10.0,3.5884166
-64.0,150.0,10.0,3.5942595
-64.0,152.0,10.0,3.5581377
-64.0,154.0,10.0,3.634529
-64.0,156.0,10.0,3.786338
-64.0,158.0,10.0,3.7882318
-64.0,160.0,10.0,3.6288543
-64.0,162.0,10.0,3.6779628
-64.0,164.0,10.0,3.7128806
-64.0,166.0,10.0,3.581075
-64.0,168.0,10.0,3.5856586
-64.0,170.0,10.0,3.6206114
-64.0,172.0,10.0,3.7814004
-64.0,174.0,10.0,3.6069453
-64.0,176.0,10.0,3.56934
-64.0,178.0,10.0,3.5984094
-64.0,180.0,10.0,3.5465903
-62.0,-180.0,10.0,3.593019
-62.0,-178.0,10.0,3.5543642
-62.0,-176.0,10.0,3.5334074
-62.0,-174.0,10.0,3.5247903
-62.0,-172.0,10.0,3.5511107
-62.0,-170.0,10.0,3.5902975
-62.0,-168.0,10.0,3.5885124
-62.0,-166.0,10.0,3.5564487
-62.0,-164.0,10.0,3.5346723
-62.0,-162.0,10.0,3.5004086
-62.0,-160.0,10.0,3.5440893
-62.0,-158.0,10.0,3.6657774
-62.0,-156.0,10.0,3.6913118
-62.0,-154.0,10.0,3.5517592
-62.0,-152.0,10.0,3.5426328
-62.0,-150.0,10.0,3.5369196
-62.0,-148.0,10.0,3.5313997
-62.0,-146.0,10.0,3.4664547
-62.0,-144.0,10.0,3.401874
-62.0,-142.0,10.0,3.475745
-62.0,-140.0,10.0,3.5598097
-62.0,-138.0,10.0,3.600588
-62.0,-136.0,10.0,3.640602
-62.0,-134.0,10.0,3.586493
-62.0,-132.0,10.0,3.564519
-62.0,-130.0,10.0,3.6159363
-62.0,-128.0,10.0,3.5053992
-62.0,-126.0,10.0,3.3845623
-62.0,-124.0,10.0,3.3545423
-62.0,-122.0,10.0,3.404096
-62.0,-120.0,10.0,3.5231225
-62.0,-118.0,10.0,3.5338693
-62.0,-116.0,10.0,3.5071397
-62.0,-114.0,10.0,3.53127
-62.0,-112.0,10.0,3.4874735
-62.0,-110.0,10.0,3.3543112
-62.0,-108.0,10.0,3.4068959
-62.0,-106.0,10.0,3.2521324
-62.0,-104.0,10.0,3.1509738
-62.0,-102.0,10.0,3.0732496
-62.0,-100.0,10.0,3.268403
-62.0,-98.0,10.0,3.4197474
-62.0,-96.0,10.0,3.5320692
-62.0,-94.0,10.0,3.434491
-62.0,-92.0,10.0,3.3922946
-62.0,-90.0,10.0,3.2446408
-62.0,-88.0,10.0,3.1632388
-62.0,-86.0,10.0,3.2690573
-62.0,-84.0,10.0,3.35562
-62.0,-82.0,10.0,3.322293
-62.0,-80.0,10.0,3.1799884
-62.0,-78.0,10.0,3.1965868
-62.0,-76.0,10.0,3.1007538
-62.0,-74.0,10.0,3.0646043
-62.0,-72.0,10.0,3.208152
-62.0,-70.0,10.0,3.2127962
-62.0,-68.0,10.0,3.371835
-62.0,-66.0,10.0,3.3681507
-62.0,-64.0,10.0,3.2738788
-62.0,-62.0,10.0,3.2830193
-62.0,-60.0,10.0,3.3817213
-62.0,-58.0,10.0,3.4860504
-62.0,-56.0,10.0,3.3521276
-62.0,-54.0,10.0,3.3294427
-62.0,-52.0,10.0,3.4167862
-62.0,-50.0,10.0,3.4709535
-62.0,-48.0,10.0,3.3365262
-62.0,-46.0,10.0,3.380848
-62.0,-44.0,10.0,3.4369435
-62.0,-42.0,10.0,3.4728143
-62.0,-40.0,10.0,3.591118
-62.0,-38.0,10.0,3.6799548
-62.0,-36.0,10.0,3.6496878
-62.0,-34.0,10.0,3.5433927
-62.0,-32.0,10.0,3.48839
-62.0,-30.0,10.0,3.566617
-62.0,-28.0,10.0,3.6479497
-62.0,-26.0,10.0,3.7166047
-62.0,-24.0,10.0,3.6582868
-62.0,-22.0,10.0,3.583427
-62.0,-20.0,10.0,3.687244
-62.0,-18.0,10.0,3.6548831
-62.0,-16.0,10.0,3.6268725
-62.0,-14.0,10.0,3.6631384
-62.0,-12.0,10.0,3.7622783
-62.0,-10.0,10.0,3.749383
-62.0,-8.0,10.0,3.7569218
-62.0,-6.0,10.0,3.8437407
-62.0,-4.0,10.0,3.9631686
-62.0,-2.0,10.0,3.8538163
-62.0,0.0,10.0,3.732226
-62.0,2.0,10.0,3.772125
-62.0,4.0,10.0,3.701694
-62.0,6.0,10.0,3.6899352
-62.0,8.0,10.0,3.772787
-62.0,10.0,10.0,3.83495
-62.0,12.0,10.0,3.7461858
-62.0,14.0,10.0,3.71921
-62.0,16.0,10.0,3.7988276
-62.0,18.0,10.0,3.85397
-62.0,20.0,10.0,3.803131
-62.0,22.0,10.0,3.9257205
-62.0,24.0,10.0,4.104017
-62.0,26.0,10.0,4.0197883
-62.0,28.0,10.0,3.8647838
-62.0,30.0,10.0,3.714485
-62.0,32.0,10.0,3.6196082
-62.0,34.0,10.0,3.6058297
-62.0,36.0,10.0,3.6821434
-62.0,38.0,10.0,3.7399862
-62.0,40.0,10.0,3.7432814
-62.0,42.0,10.0,3.7589605
-62.0,44.0,10.0,3.7854078
-62.0,46.0,10.0,3.7940931
-62.0,48.0,10.0,3.7556016
-62.0,50.0,10.0,3.703122
-62.0,52.0,10.0,3.6253211
-62.0,54.0,10.0,3.57738
-62.0,56.0,10.0,3.5957491
-62.0,58.0,10.0,3.7656548
-62.0,60.0,10.0,3.766886
-62.0,62.0,10.0,3.852222
-62.0,64.0,10.0,3.9905803
-62.0,66.0,10.0,4.110758
-62.0,68.0,10.0,3.9612777
-62.0,70.0,10.0,3.7860184
-62.0,72.0,10.0,3.8054154
-62.0,74.0,10.0,3.7854245
-62.0,76.0,10.0,3.6849618
-62.0,78.0,10.0,3.6719692
-62.0,80.0,10.0,3.6325972
-62.0,82.0,10.0,3.6754608
-62.0,84.0,10.0,3.774383
-62.0,86.0,10.0,3.6272004
-62.0,88.0,10.0,3.570491
-62.0,90.0,10.0,3.7035544
-62.0,92.0,10.0,3.715646
-62.0,94.0,10.0,3.8009746
-62.0,96.0,10.0,3.840893
-62.0,98.0,10.0,3.6996856
-62.0,100.0,10.0,3.6572096
-62.0,102.0,10.0,3.731225
-62.0,104.0,10.0,3.7241611
-62.0,106.0,10.0,3.7532377
-62.0,108.0,10.0,3.796005
-62.0,110.0,10.0,3.757078
-62.0,112.0,10.0,3.7549386
-62.0,114.0,10.0,3.804201
-62.0,116.0,10.0,3.806048
-62.0,118.0,10.0,3.798944
-62.0,120.0,10.0,3.6725843
-62.0,122.0,10.0,3.6932964
-62.0,124.0,10.0,3.7561605
-62.0,126.0,10.0,3.761255
-62.0,128.0,10.0,3.7436996
-62.0,130.0,10.0,3.6909919
-62.0,132.0,10.0,3.758159
-62.0,134.0,10.0,3.8891222
-62.0,136.0,10.0,3.7878377
-62.0,138.0,10.0,3.5959918
-62.0,140.0,10.0,3.6091566
-62.0,142.0,10.0,3.545326
-62.0,144.0,10.0,3.5933385
-62.0,146.0,10.0,3.5345964
-62.0,148.0,10.0,3.5280344
-62.0,150.0,10.0,3.605756
-62.0,152.0,10.0,3.584378
-62.0,154.0,10.0,3.5964866
-62.0,156.0,10.0,3.746126
-62.0,158.0,10.0,3.7645884
-62.0,160.0,10.0,3.7020814
-62.0,162.0,10.0,3.637969
-62.0,164.0,10.0,3.6587787
-62.0,166.0,10.0,3.6957183
-62.0,168.0,10.0,3.5955348
-62.0,170.0,10.0,3.6091669
-62.0,172.0,10.0,3.7096314
-62.0,174.0,10.0,3.6760898
-62.0,176.0,10.0,3.5657234
-62.0,178.0,10.0,3.5665371
-62.0,180.0,10.0,3.593019
-60.0,-180.0,10.0,3.4514508
-60.0,-178.0,10.0,3.4024882
-60.0,-176.0,10.0,3.3699956
-60.0,-174.0,10.0,3.424102
-60.0,-172.0,10.0,3.4663556
-60.0,-170.0,10.0,3.4493368
-60.0,-168.0,10.0,3.4405344
-60.0,-166.0,10.0,3.4554577
-60.0,-164.0,10.0,3.4322803
-60.0,-162.0,10.0,3.4086583
-60.0,-160.0,10.0,3.464226
-60.0,-158.0,10.0,3.6103265
-60.0,-156.0,10.0,3.5983176
-60.0,-154.0,10.0,3.4653027
-60.0,-152.0,10.0,3.481117
-60.0,-150.0,10.0,3.4684665
-60.0,-148.0,10.0,3.4058778
-60.0,-146.0,10.0,3.2709045
-60.0,-144.0,10.0,3.212943
-60.0,-142.0,10.0,3.3015745
-60.0,-140.0,10.0,3.4311287
-60.0,-138.0,10.0,3.4384851
-60.0,-136.0,10.0,3.3979979
-60.0,-134.0,10.0,3.2611594
-60.0,-132.0,10.0,3.2750752
-60.0,-130.0,10.0,3.3860881
-60.0,-128.0,10.0,3.3589225
-60.0,-126.0,10.0,3.2082884
-60.0,-124.0,10.0,3.1103852
-60.0,-122.0,10.0,3.147221
-60.0,-120.0,10.0,3.3392167
-60.0,-118.0,10.0,3.3403168
-60.0,-116.0,10.0,3.2915995
-60.0,-114.0,10.0,3.3845465
-60.0,-112.0,10.0,3.3052049
-60.0,-110.0,10.0,3.2457275
-60.0,-108.0,10.0,3.2552097
-60.0,-106.0,10.0,3.132372
-60.0,-104.0,10.0,3.0926805
-60.0,-102.0,10.0,3.0084248
-60.0,-100.0,10.0,3.1534364
-60.0,-98.0,10.0,3.274981
-60.0,-96.0,10.0,3.317738
-60.0,-94.0,10.0,3.2319674
-60.0,-92.0,10.0,3.164844
-60.0,-90.0,10.0,3.0441139
-60.0,-88.0,10.0,2.9787524
-60.0,-86.0,10.0,3.0934412
-60.0,-84.0,10.0,3.1797702
-60.0,-82.0,10.0,3.1692054
-60.0,-80.0,10.0,2.997978
-60.0,-78.0,10.0,3.0385315
-60.0,-76.0,10.0,3.0342784
-60.0,-74.0,10.0,2.9406028
-60.0,-72.0,10.0,2.973541
-60.0,-70.0,10.0,3.022201
-60.0,-68.0,10.0,3.1601467
-60.0,-66.0,10.0,3.1879466
-60.0,-64.0,10.0,3.1052992
-60.0,-62.0,10.0,3.0796988
-60.0,-60.0,10.0,3.072028
-60.0,-58.0,10.0,3.1277938
-60.0,-56.0,10.0,3.0183134
-60.0,-54.0,10.0,3.0408971
-60.0,-52.0,10.0,3.1616242
-60.0,-50.0,10.0,3.1391258
-60.0,-48.0,10.0,2.9952345
-60.0,-46.0,10.0,3.073868
-60.0,-44.0,10.0,3.171123
-60.0,-42.0,10.0,3.1506855
-60.0,-40.0,10.0,3.2273567
-60.0,-38.0,10.0,3.2866638
-60.0,-36.0,10.0,3.2717664
-60.0,-34.0,10.0,3.2171988
-60.0,-32.0,10.0,3.2177498
-60.0,-30.0,10.0,3.3080924
-60.0,-28.0,10.0,3.3275924
-60.0,-26.0,10.0,3.4755387
-60.0,-24.0,10.0,3.5034783
-60.0,-22.0,10.0,3.3736405
-60.0,-20.0,10.0,3.3672826
-60.0,-18.0,10.0,3.3449862
-60.0,-16.0,10.0,3.3642466
-60.0,-14.0,10.0,3.3343694
-60.0,-12.0,10.0,3.3201752
-60.0,-10.0,10.0,3.4118247
-60.0,-8.0,10.0,3.4509954
-60.0,-6.0,10.0,3.4564848
-60.0,-4.0,10.0,3.4745739
-60.0,-2.0,10.0,3.4782965
-60.0,0.0,10.0,3.4229147
-60.0,2.0,10.0,3.2855752
-60.0,4.0,10.0,3.338966
-60.0,6.0,10.0,3.4094234
-60.0,8.0,10.0,3.4093845
-60.0,10.0,10.0,3.4520261
-60.0,12.0,10.0,3.4347148
-60.0,14.0,10.0,3.4083624
-60.0,16.0,10.0,3.3270626
-60.0,18.0,10.0,3.4214587
-60.0,20.0,10.0,3.4567256
-60.0,22.0,10.0,3.5632834
-60.0,24.0,10.0,3.6331086
-60.0,26.0,10.0,3.6464226
-60.0,28.0,10.0,3.5869324
-60.0,30.0,10.0,3.458086
-60.0,32.0,10.0,3.305794
-60.0,34.0,10.0,3.2823932
-60.0,36.0,10.0,3.387836
-60.0,38.0,10.0,3.4267235
-60.0,40.0,10.0,3.459433
-60.0,42.0,10.0,3.4811652
-60.0,44.0,10.0,3.4134474
-60.0,46.0,10.0,3.5229068
-60.0,48.0,10.0,3.498187
-60.0,50.0,10.0,3.460472
-60.0,52.0,10.0,3.3221445
-60.0,54.0,10.0,3.239441
-60.0,56.0,10.0,3.2933598
-60.0,58.0,10.0,3.4134169
-60.0,60.0,10.0,3.4576297
-60.0,62.0,10.0,3.5751514
-60.0,64.0,10.0,3.6308599
-60.0,66.0,10.0,3.6835835
-60.0,68.0,10.0,3.6438262
-60.0,70.0,10.0,3.469399
-60.0,72.0,10.0,3.4366083
-60.0,74.0,10.0,3.4203146
-60.0,76.0,10.0,3.3751824
-60.0,78.0,10.0,3.3574996
-60.0,80.0,10.0,3.44719
-60.0,82.0,10.0,3.5173378
-60.0,84.0,10.0,3.4735203
-60.0,86.0,10.0,3.422111
-60.0,88.0,10.0,3.4000237
-60.0,90.0,10.0,3.4623442
-60.0,92.0,10.0,3.4433122
-60.0,94.0,10.0,3.5714843
-60.0,96.0,10.0,3.7039814
-60.0,98.0,10.0,3.5721784
-60.0,100.0,10.0,3.460762
-60.0,102.0,10.0,3.434563
-60.0,104.0,10.0,3.4184911
-60.0,106.0,10.0,3.4658494
-60.0,108.0,10.0,3.4691694
-60.0,110.0,10.0,3.470223
-60.0,112.0,10.0,3.459745
-60.0,114.0,10.0,3.5469265
-60.0,116.0,10.0,3.459736
-60.0,118.0,10.0,3.511072
-60.0,120.0,10.0,3.459626
-60.0,122.0,10.0,3.3802664
-60.0,124.0,10.0,3.4459188
-60.0,126.0,10.0,3.498996
-60.0,128.0,10.0,3.5236816
-60.0,130.0,10.0,3.4574203
-60.0,132.0,10.0,3.4547894
-60.0,134.0,10.0,3.622234
-60.0,136.0,10.0,3.5624087
-60.0,138.0,10.0,3.462251
-60.0,140.0,10.0,3.4671924
-60.0,142.0,10.0,3.4367156
-60.0,144.0,10.0,3.4340866
-60.0,146.0,10.0,3.3556526
-60.0,148.0,10.0,3.3750682
-60.0,150.0,10.0,3.4617746
-60.0,152.0,10.0,3.4462953
-60.0,154.0,10.0,3.369369
-60.0,156.0,10.0,3.473699
-60.0,158.0,10.0,3.4955063
-60.0,160.0,10.0,3.4584537
-60.0,162.0,10.0,3.4012265
-60.0,164.0,10.0,3.4148932
-60.0,166.0,10.0,3.49944
-60.0,168.0,10.0,3.4431846
-60.0,170.0,10.0,3.452401
-60.0,172.0,10.0,3.5820453
-60.0,174.0,10.0,3.58638
-60.0,176.0,10.0,3.4238625
-60.0,178.0,10.0,3.4052782
-60.0,180.0,10.0,3.4514508
-58.0,-180.0,10.0,3.5038397
-58.0,-178.0,10.0,3.442017
-58.0,-176.0,10.0,3.407805
-58.0,-174.0,10.0,3.472265
-58.0,-172.0,10.0,3.546664
-58.0,-170.0,10.0,3.4807994
-58.0,-168.0,10.0,3.5073533
-58.0,-166.0,10.0,3.5514765
-58.0,-164.0,10.0,3.5118353
-58.0,-162.0,10.0,3.4536915
-58.0,-160.0,10.0,3.5062907
-58.0,-158.0,10.0,3.6574342
-58.0,-156.0,10.0,3.6129348
-58.0,-154.0,10.0,3.5376449
-58.0,-152.0,10.0,3.5878284
-58.0,-150.0,10.0,3.579226
-58.0,-148.0,10.0,3.4347236
-58.0,-146.0,10.0,3.2657437
-58.0,-144.0,10.0,3.262201
-58.0,-142.0,10.0,3.3764412
-58.0,-140.0,10.0,3.503508
-58.0,-138.0,10.0,3.4789407
-58.0,-136.0,10.0,3.354871
-58.0,-134.0,10.0,3.2644842
-58.0,-132.0,10.0,3.3169863
-58.0,-130.0,10.0,3.4693766
-58.0,-128.0,10.0,3.3927565
-58.0,-126.0,10.0,3.1750894
-58.0,-124.0,10.0,3.0925856
-58.0,-122.0,10.0,3.205363
-58.0,-120.0,10.0,3.3829105
-58.0,-118.0,10.0,3.352806
-58.0,-116.0,10.0,3.2804177
-58.0,-114.0,10.0,3.3742523
-58.0,-112.0,10.0,3.300689
-58.0,-110.0,10.0,3.1715524
-58.0,-108.0,10.0,3.1591737
-58.0,-106.0,10.0,3.1129694
-58.0,-104.0,10.0,3.0775375
-58.0,-102.0,10.0,2.9791844
-58.0,-100.0,10.0,3.0897138
-58.0,-98.0,10.0,3.196988
-58.0,-96.0,10.0,3.2723184
-58.0,-94.0,10.0,3.1636739
-58.0,-92.0,10.0,3.0792453
-58.0,-90.0,10.0,3.0155237
-58.0,-88.0,10.0,3.0259368
-58.0,-86.0,10.0,3.1090064
-58.0,-84.0,10.0,3.1804519
-58.0,-82.0,10.0,3.121587
-58.0,-80.0,10.0,2.955804
-58.0,-78.0,10.0,2.9503722
-58.0,-76.0,10.0,2.9508574
-58.0,-74.0,10.0,2.875629
-58.0,-72.0,10.0,2.874037
-58.0,-70.0,10.0,2.9315374
-58.0,-68.0,10.0,3.047739
-58.0,-66.0,10.0,3.1535993
-58.0,-64.0,10.0,3.072547
-58.0,-62.0,10.0,3.0198872
-58.0,-60.0,10.0,3.0281413
-58.0,-58.0,10.0,3.079175
-58.0,-56.0,10.0,2.9554808
-58.0,-54.0,10.0,3.0047312
-58.0,-52.0,10.0,3.109002
-58.0,-50.0,10.0,3.116309
-58.0,-48.0,10.0,3.0316594
-58.0,-46.0,10.0,3.0650668
-58.0,-44.0,10.0,3.1150088
-58.0,-42.0,10.0,3.1433434
-58.0,-40.0,10.0,3.2022882
-58.0,-38.0,10.0,3.2196612
-58.0,-36.0,10.0,3.1641538
-58.0,-34.0,10.0,3.1364594
-58.0,-32.0,10.0,3.1353934
-58.0,-30.0,10.0,3.2807379
-58.0,-28.0,10.0,3.313014
-58.0,-26.0,10.0,3.4430983
-58.0,-24.0,10.0,3.4608722
-58.0,-22.0,10.0,3.3834298
-58.0,-20.0,10.0,3.3058832
-58.0,-18.0,10.0,3.3122506
-58.0,-16.0,10.0,3.3085773
-58.0,-14.0,10.0,3.2873223
-58.0,-12.0,10.0,3.2452962
-58.0,-10.0,10.0,3.3199737
-58.0,-8.0,10.0,3.360761
-58.0,-6.0,10.0,3.3322713
-58.0,-4.0,10.0,3.2896063
-58.0,-2.0,10.0,3.3059034
-58.0,0.0,10.0,3.3078942
-58.0,2.0,10.0,3.190432
-58.0,4.0,10.0,3.1846912
-58.0,6.0,10.0,3.3057065
-58.0,8.0,10.0,3.3245227
-58.0,10.0,10.0,3.280698
-58.0,12.0,10.0,3.3405447
-58.0,14.0,10.0,3.3590264
-58.0,16.0,10.0,3.297248
-58.0,18.0,10.0,3.2945535
-58.0,20.0,10.0,3.3521438
-58.0,22.0,10.0,3.5001829
-58.0,24.0,10.0,3.5482426
-58.0,26.0,10.0,3.5203056
-58.0,28.0,10.0,3.4919062
-58.0,30.0,10.0,3.3329225
-58.0,32.0,10.0,3.151363
-58.0,34.0,10.0,3.1248314
-58.0,36.0,10.0,3.272858
-58.0,38.0,10.0,3.3588715
-58.0,40.0,10.0,3.3878973
-58.0,42.0,10.0,3.4214177
-58.0,44.0,10.0,3.365088
-58.0,46.0,10.0,3.4201343
-58.0,48.0,10.0,3.467327
-58.0,50.0,10.0,3.3566792
-58.0,52.0,10.0,3.2458093
-58.0,54.0,10.0,3.1018546
-58.0,56.0,10.0,3.2214563
-58.0,58.0,10.0,3.3562987
-58.0,60.0,10.0,3.4040318
-58.0,62.0,10.0,3.4832215
-58.0,64.0,10.0,3.5543938
-58.0,66.0,10.0,3.5980003
-58.0,68.0,10.0,3.542329
-58.0,70.0,10.0,3.344347
-58.0,72.0,10.0,3.315937
-58.0,74.0,10.0,3.284703
-58.0,76.0,10.0,3.254128
-58.0,78.0,10.0,3.2927835
-58.0,80.0,10.0,3.3896394
-58.0,82.0,10.0,3.5205293
-58.0,84.0,10.0,3.4369304
-58.0,86.0,10.0,3.300675
-58.0,88.0,10.0,3.3151555
-58.0,90.0,10.0,3.3816156
-58.0,92.0,10.0,3.472405
-58.0,94.0,10.0,3.5890703
-58.0,96.0,10.0,3.6703408
-58.0,98.0,10.0,3.5469239
-58.0,100.0,10.0,3.4294498
-58.0,102.0,10.0,3.3851678
-58.0,104.0,10.0,3.4484873
-58.0,106.0,10.0,3.412589
-58.0,108.0,10.0,3.4456925
-58.0,110.0,10.0,3.4390628
-58.0,112.0,10.0,3.412944
-58.0,114.0,10.0,3.4731908
-58.0,116.0,10.0,3.4281425
-58.0,118.0,10.0,3.447781
-58.0,120.0,10.0,3.4666865
-58.0,122.0,10.0,3.4192908
-58.0,124.0,10.0,3.5064335
-58.0,126.0,10.0,3.5285983
-58.0,128.0,10.0,3.4672415
-58.0,130.0,10.0,3.411485
-58.0,132.0,10.0,3.424614
-58.0,134.0,10.0,3.6071866
-58.0,136.0,10.0,3.5782855
-58.0,138.0,10.0,3.4707153
-58.0,140.0,10.0,3.4076505
-58.0,142.0,10.0,3.4279673
-58.0,144.0,10.0,3.4375532
-58.0,146.0,10.0,3.3574264
-58.0,148.0,10.0,3.370484
-58.0,150.0,10.0,3.4402342
-58.0,152.0,10.0,3.4254243
-58.0,154.0,10.0,3.3081408
-58.0,156.0,10.0,3.3792002
-58.0,158.0,10.0,3.401209
-58.0,160.0,10.0,3.393265
-58.0,162.0,10.0,3.3253222
-58.0,164.0,10.0,3.4045525
-58.0,166.0,10.0,3.51059
-58.0,168.0,10.0,3.5287137
-58.0,170.0,10.0,3.4560778
-58.0,172.0,10.0,3.6127517
-58.0,174.0,10.0,3.563568
-58.0,176.0,10.0,3.421257
-58.0,178.0,10.0,3.4720142
-58.0,180.0,10.0,3.5038397
-56.0,-180.0,10.0,3.5644302
-56.0,-178.0,10.0,3.5100036
-56.0,-176.0,10.0,3.477369
-56.0,-174.0,10.0,3.5944965
-56.0,-172.0,10.0,3.6693106
-56.0,-170.0,10.0,3.5568717
-56.0,-168.0,10.0,3.5482714
-56.0,-166.0,10.0,3.606578
-56.0,-164.0,10.0,3.632098
-56.0,-162.0,10.0,3.548241
-56.0,-160.0,10.0,3.5406759
-56.0,-158.0,10.0,3.643434
-56.0,-156.0,10.0,3.5833178
-56.0,-154.0,10.0,3.4962113
-56.0,-152.0,10.0,3.528916
-56.0,-150.0,10.0,3.5658262
-56.0,-148.0,10.0,3.4673204
-56.0,-146.0,10.0,3.320982
-56.0,-144.0,10.0,3.288248
-56.0,-142.0,10.0,3.4255733
-56.0,-140.0,10.0,3.5347433
-56.0,-138.0,10.0,3.4296162
-56.0,-136.0,10.0,3.386309
-56.0,-134.0,10.0,3.2628703
-56.0,-132.0,10.0,3.2825449
-56.0,-130.0,10.0,3.4318888
-56.0,-128.0,10.0,3.3453104
-56.0,-126.0,10.0,3.1959472
-56.0,-124.0,10.0,3.1094816
-56.0,-122.0,10.0,3.1940594
-56.0,-120.0,10.0,3.3406847
-56.0,-118.0,10.0,3.2959747
-56.0,-116.0,10.0,3.2652097
-56.0,-114.0,10.0,3.2854316
-56.0,-112.0,10.0,3.2061067
-56.0,-110.0,10.0,3.0085485
-56.0,-108.0,10.0,3.0359366
-56.0,-106.0,10.0,2.9775314
-56.0,-104.0,10.0,3.0114417
-56.0,-102.0,10.0,2.919568
-56.0,-100.0,10.0,2.9443624
-56.0,-98.0,10.0,3.0950103
-56.0,-96.0,10.0,3.148708
-56.0,-94.0,10.0,3.0018528
-56.0,-92.0,10.0,2.918433
-56.0,-90.0,10.0,2.9559567
-56.0,-88.0,10.0,3.0143042
-56.0,-86.0,10.0,3.0802035
-56.0,-84.0,10.0,3.1138127
-56.0,-82.0,10.0,3.081733
-56.0,-80.0,10.0,2.856461
-56.0,-78.0,10.0,2.7824514
-56.0,-76.0,10.0,2.872179
-56.0,-74.0,10.0,2.8968859
-56.0,-72.0,10.0,2.849551
-56.0,-70.0,10.0,2.84847
-56.0,-68.0,10.0,2.9903517
-56.0,-66.0,10.0,3.0530732
-56.0,-64.0,10.0,2.9274595
-56.0,-62.0,10.0,2.959537
-56.0,-60.0,10.0,3.0195074
-56.0,-58.0,10.0,3.0320761
-56.0,-56.0,10.0,2.9548988
-56.0,-54.0,10.0,2.9923027
-56.0,-52.0,10.0,3.0866745
-56.0,-50.0,10.0,3.1486835
-56.0,-48.0,10.0,3.0537722
-56.0,-46.0,10.0,3.063126
-56.0,-44.0,10.0,3.1103427
-56.0,-42.0,10.0,3.1215324
-56.0,-40.0,10.0,3.234098
-56.0,-38.0,10.0,3.2583957
-56.0,-36.0,10.0,3.2458363
-56.0,-34.0,10.0,3.1785846
-56.0,-32.0,10.0,3.1660337
-56.0,-30.0,10.0,3.3030634
-56.0,-28.0,10.0,3.3116717
-56.0,-26.0,10.0,3.4279885
-56.0,-24.0,10.0,3.4934978
-56.0,-22.0,10.0,3.410931
-56.0,-20.0,10.0,3.386795
-56.0,-18.0,10.0,3.4308164
-56.0,-16.0,10.0,3.4460108
-56.0,-14.0,10.0,3.3801732
-56.0,-12.0,10.0,3.3680615
-56.0,-10.0,10.0,3.4094791
-56.0,-8.0,10.0,3.4425395
-56.0,-6.0,10.0,3.492441
-56.0,-4.0,10.0,3.4806073
-56.0,-2.0,10.0,3.4463027
-56.0,0.0,10.0,3.4408925
-56.0,2.0,10.0,3.3161287
-56.0,4.0,10.0,3.2908018
-56.0,6.0,10.0,3.380513
-56.0,8.0,10.0,3.3765411
-56.0,10.0,10.0,3.407935
-56.0,12.0,10.0,3.4855397
-56.0,14.0,10.0,3.4704392
-56.0,16.0,10.0,3.4431915
-56.0,18.0,10.0,3.4581385
-56.0,20.0,10.0,3.4661527
-56.0,22.0,10.0,3.606826
-56.0,24.0,10.0,3.7163718
-56.0,26.0,10.0,3.7279162
-56.0,28.0,10.0,3.671314
-56.0,30.0,10.0,3.4495776
-56.0,32.0,10.0,3.2727752
-56.0,34.0,10.0,3.2674677
-56.0,36.0,10.0,3.3738759
-56.0,38.0,10.0,3.4370897
-56.0,40.0,10.0,3.4685194
-56.0,42.0,10.0,3.5423443
-56.0,44.0,10.0,3.547754
-56.0,46.0,10.0,3.5882561
-56.0,48.0,10.0,3.606085
-56.0,50.0,10.0,3.4594471
-56.0,52.0,10.0,3.336169
-56.0,54.0,10.0,3.2634227
-56.0,56.0,10.0,3.3916852
-56.0,58.0,10.0,3.4982967
-56.0,60.0,10.0,3.49655
-56.0,62.0,10.0,3.606705
-56.0,64.0,10.0,3.6992457
-56.0,66.0,10.0,3.7139297
-56.0,68.0,10.0,3.6074252
-56.0,70.0,10.0,3.4998338
-56.0,72.0,10.0,3.4900854
-56.0,74.0,10.0,3.467998
-56.0,76.0,10.0,3.3988428
-56.0,78.0,10.0,3.4234233
-56.0,80.0,10.0,3.5058632
-56.0,82.0,10.0,3.5378144
-56.0,84.0,10.0,3.5625496
-56.0,86.0,10.0,3.4472206
-56.0,88.0,10.0,3.4337492
-56.0,90.0,10.0,3.4824069
-56.0,92.0,10.0,3.5703835
-56.0,94.0,10.0,3.7019305
-56.0,96.0,10.0,3.7287433
-56.0,98.0,10.0,3.5909853
-56.0,100.0,10.0,3.5291255
-56.0,102.0,10.0,3.499288
-56.0,104.0,10.0,3.51983
-56.0,106.0,10.0,3.502109
-56.0,108.0,10.0,3.5524833
-56.0,110.0,10.0,3.502851
-56.0,112.0,10.0,3.4394515
-56.0,114.0,10.0,3.559518
-56.0,116.0,10.0,3.573377
-56.0,118.0,10.0,3.5815334
-56.0,120.0,10.0,3.5376558
-56.0,122.0,10.0,3.5664814
-56.0,124.0,10.0,3.6813288
-56.0,126.0,10.0,3.67309
-56.0,128.0,10.0,3.5431235
-56.0,130.0,10.0,3.530329
-56.0,132.0,10.0,3.6642225
-56.0,134.0,10.0,3.7839441
-56.0,136.0,10.0,3.6958747
-56.0,138.0,10.0,3.60067
-56.0,140.0,10.0,3.5192451
-56.0,142.0,10.0,3.5171678
-56.0,144.0,10.0,3.53451
-56.0,146.0,10.0,3.401561
-56.0,148.0,10.0,3.4039207
-56.0,150.0,10.0,3.4988456
-56.0,152.0,10.0,3.5085318
-56.0,154.0,10.0,3.4392402
-56.0,156.0,10.0,3.5848305
-56.0,158.0,10.0,3.558234
-56.0,160.0,10.0,3.5022097
-56.0,162.0,10.0,3.4929965
-56.0,164.0,10.0,3.6052735
-56.0,166.0,10.0,3.6602688
-56.0,168.0,10.0,3.6490152
-56.0,170.0,10.0,3.5173175
-56.0,172.0,10.0,3.6890914
-56.0,174.0,10.0,3.6533434
-56.0,176.0,10.0,3.4505618
-56.0,178.0,10.0,3.4645853
-56.0,180.0,10.0,3.5644302
-54.0,-180.0,10.0,3.2878158
-54.0,-178.0,10.0,3.281576
-54.0,-176.0,10.0,3.2671373
-54.0,-174.0,10.0,3.3195293
-54.0,-172.0,10.0,3.3744962
-54.0,-170.0,10.0,3.2873278
-54.0,-168.0,10.0,3.266065
-54.0,-166.0,10.0,3.3489027
-54.0,-164.0,10.0,3.3205378
-54.0,-162.0,10.0,3.2932389
-54.0,-160.0,10.0,3.2896428
-54.0,-158.0,10.0,3.3723292
-54.0,-156.0,10.0,3.2933347
-54.0,-154.0,10.0,3.1335826
-54.0,-152.0,10.0,3.1702142
-54.0,-150.0,10.0,3.1998653
-54.0,-148.0,10.0,3.1670232
-54.0,-146.0,10.0,3.162674
-54.0,-144.0,10.0,3.0775027
-54.0,-142.0,10.0,3.1250446
-54.0,-140.0,10.0,3.2211208
-54.0,-138.0,10.0,3.256057
-54.0,-136.0,10.0,3.1911328
-54.0,-134.0,10.0,3.054106
-54.0,-132.0,10.0,3.0189261
-54.0,-130.0,10.0,3.127355
-54.0,-128.0,10.0,3.1032243
-54.0,-126.0,10.0,3.0197666
-54.0,-124.0,10.0,2.9140704
-54.0,-122.0,10.0,2.8225965
-54.0,-120.0,10.0,2.980879
-54.0,-118.0,10.0,2.9644806
-54.0,-116.0,10.0,3.0222561
-54.0,-114.0,10.0,3.096275
-54.0,-112.0,10.0,3.024415
-54.0,-110.0,10.0,2.9465141
-54.0,-108.0,10.0,2.8358123
-54.0,-106.0,10.0,2.8087094
-54.0,-104.0,10.0,2.8564277
-54.0,-102.0,10.0,2.7817073
-54.0,-100.0,10.0,2.744356
-54.0,-98.0,10.0,2.8372147
-54.0,-96.0,10.0,2.9125164
-54.0,-94.0,10.0,2.7170649
-54.0,-92.0,10.0,2.5710196
-54.0,-90.0,10.0,2.6449852
-54.0,-88.0,10.0,2.6565063
-54.0,-86.0,10.0,2.6733978
-54.0,-84.0,10.0,2.8176608
-54.0,-82.0,10.0,2.7765498
-54.0,-80.0,10.0,2.6472116
-54.0,-78.0,10.0,2.5945792
-54.0,-76.0,10.0,2.683378
-54.0,-74.0,10.0,2.7163808
-54.0,-72.0,10.0,2.663294
-54.0,-70.0,10.0,2.697193
-54.0,-68.0,10.0,2.8900182
-54.0,-66.0,10.0,2.9743762
-54.0,-64.0,10.0,2.728061
-54.0,-62.0,10.0,2.6936133
-54.0,-60.0,10.0,2.7438793
-54.0,-58.0,10.0,2.7113276
-54.0,-56.0,10.0,2.6939154
-54.0,-54.0,10.0,2.6924582
-54.0,-52.0,10.0,2.8056805
-54.0,-50.0,10.0,2.8142831
-54.0,-48.0,10.0,2.6873577
-54.0,-46.0,10.0,2.7697387
-54.0,-44.0,10.0,2.8470402
-54.0,-42.0,10.0,2.946665
-54.0,-40.0,10.0,2.9867887
-54.0,-38.0,10.0,3.0030057
-54.0,-36.0,10.0,3.0764894
-54.0,-34.0,10.0,3.010953
-54.0,-32.0,10.0,2.9565823
-54.0,-30.0,10.0,3.0350819
-54.0,-28.0,10.0,3.060442
-54.0,-26.0,10.0,3.18668
-54.0,-24.0,10.0,3.2580345
-54.0,-22.0,10.0,3.1608443
-54.0,-20.0,10.0,3.154422
-54.0,-18.0,10.0,3.1587603
-54.0,-16.0,10.0,3.1565356
-54.0,-14.0,10.0,3.1735897
-54.0,-12.0,10.0,3.179142
-54.0,-10.0,10.0,3.2474132
-54.0,-8.0,10.0,3.2989101
-54.0,-6.0,10.0,3.382746
-54.0,-4.0,10.0,3.3221343
-54.0,-2.0,10.0,3.3112404
-54.0,0.0,10.0,3.2602186
-54.0,2.0,10.0,3.156776
-54.0,4.0,10.0,3.1724315
-54.0,6.0,10.0,3.2676368
-54.0,8.0,10.0,3.296486
-54.0,10.0,10.0,3.3536184
-54.0,12.0,10.0,3.395086
-54.0,14.0,10.0,3.354156
-54.0,16.0,10.0,3.2773938
-54.0,18.0,10.0,3.323301
-54.0,20.0,10.0,3.381016
-54.0,22.0,10.0,3.495234
-54.0,24.0,10.0,3.613182
-54.0,26.0,10.0,3.626949
-54.0,28.0,10.0,3.533647
-54.0,30.0,10.0,3.3960843
-54.0,32.0,10.0,3.1778793
-54.0,34.0,10.0,3.1234534
-54.0,36.0,10.0,3.219683
-54.0,38.0,10.0,3.3282807
-54.0,40.0,10.0,3.3818407
-54.0,42.0,10.0,3.4414845
-54.0,44.0,10.0,3.431247
-54.0,46.0,10.0,3.4243221
-54.0,48.0,10.0,3.4209535
-54.0,50.0,10.0,3.390846
-54.0,52.0,10.0,3.2680688
-54.0,54.0,10.0,3.1848466
-54.0,56.0,10.0,3.247034
-54.0,58.0,10.0,3.3600385
-54.0,60.0,10.0,3.3997724
-54.0,62.0,10.0,3.4751496
-54.0,64.0,10.0,3.5312536
-54.0,66.0,10.0,3.6024196
-54.0,68.0,10.0,3.5099146
-54.0,70.0,10.0,3.4131048
-54.0,72.0,10.0,3.400911
-54.0,74.0,10.0,3.402139
-54.0,76.0,10.0,3.3453746
-54.0,78.0,10.0,3.322162
-54.0,80.0,10.0,3.3905048
-54.0,82.0,10.0,3.446079
-54.0,84.0,10.0,3.480044
-54.0,86.0,10.0,3.402601
-54.0,88.0,10.0,3.3865955
-54.0,90.0,10.0,3.429395
-54.0,92.0,10.0,3.4259255
-54.0,94.0,10.0,3.5619276
-54.0,96.0,10.0,3.6169493
-54.0,98.0,10.0,3.4516985
-54.0,100.0,10.0,3.3992686
-54.0,102.0,10.0,3.4158442
-54.0,104.0,10.0,3.4481115
-54.0,106.0,10.0,3.3584287
-54.0,108.0,10.0,3.4247916
-54.0,110.0,10.0,3.3632853
-54.0,112.0,10.0,3.3549535
-54.0,114.0,10.0,3.472825
-54.0,116.0,10.0,3.4834034
-54.0,118.0,10.0,3.4287965
-54.0,120.0,10.0,3.357897
-54.0,122.0,10.0,3.371638
-54.0,124.0,10.0,3.4802978
-54.0,126.0,10.0,3.490199
-54.0,128.0,10.0,3.4150014
-54.0,130.0,10.0,3.3578072
-54.0,132.0,10.0,3.4415214
-54.0,134.0,10.0,3.4876947
-54.0,136.0,10.0,3.527381
-54.0,138.0,10.0,3.4867213
-54.0,140.0,10.0,3.3950193
-54.0,142.0,10.0,3.2820497
-54.0,144.0,10.0,3.3012912
-54.0,146.0,10.0,3.20769
-54.0,148.0,10.0,3.3033035
-54.0,150.0,10.0,3.3921998
-54.0,152.0,10.0,3.352013
-54.0,154.0,10.0,3.332269
-54.0,156.0,10.0,3.417999
-54.0,158.0,10.0,3.4468906
-54.0,160.0,10.0,3.3505151
-54.0,162.0,10.0,3.2960446
-54.0,164.0,10.0,3.3876882
-54.0,166.0,10.0,3.4696913
-54.0,168.0,10.0,3.4121118
-54.0,170.0,10.0,3.3317943
-54.0,172.0,10.0,3.4273012
-54.0,174.0,10.0,3.4357288
-54.0,176.0,10.0,3.2342079
-54.0,178.0,10.0,3.1667624
-54.0,180.0,10.0,3.2878158
-52.0,-180.0,10.0,3.161068
-52.0,-178.0,10.0,3.2283628
-52.0,-176.0,10.0,3.2098382
-52.0,-174.0,10.0,3.202275
-52.0,-172.0,10.0,3.2268288
-52.0,-170.0,10.0,3.1815383
-52.0,-168.0,10.0,3.173507
-52.0,-166.0,10.0,3.2558808
-52.0,-164.0,10.0,3.3031082
-52.0,-162.0,10.0,3.2236125
-52.0,-160.0,10.0,3.1701403
-52.0,-158.0,10.0,3.251316
-52.0,-156.0,10.0,3.1691983
-52.0,-154.0,10.0,3.0276825
-52.0,-152.0,10.0,3.0539083
-52.0,-150.0,10.0,3.0806005
-52.0,-148.0,10.0,3.036498
-52.0,-146.0,10.0,3.0583103
-52.0,-144.0,10.0,2.9482234
-52.0,-142.0,10.0,2.9595313
-52.0,-140.0,10.0,3.0877578
-52.0,-138.0,10.0,3.1067858
-52.0,-136.0,10.0,3.0515196
-52.0,-134.0,10.0,2.934424
-52.0,-132.0,10.0,2.8761847
-52.0,-130.0,10.0,2.9574938
-52.0,-128.0,10.0,2.9005864
-52.0,-126.0,10.0,2.791716
-52.0,-124.0,10.0,2.734242
-52.0,-122.0,10.0,2.6786335
-52.0,-120.0,10.0,2.8490314
-52.0,-118.0,10.0,2.844292
-52.0,-116.0,10.0,2.877824
-52.0,-114.0,10.0,2.9170852
-52.0,-112.0,10.0,2.8832479
-52.0,-110.0,10.0,2.828798
-52.0,-108.0,10.0,2.7059288
-52.0,-106.0,10.0,2.6749728
-52.0,-104.0,10.0,2.639494
-52.0,-102.0,10.0,2.622128
-52.0,-100.0,10.0,2.6457853
-52.0,-98.0,10.0,2.7227044
-52.0,-96.0,10.0,2.7610211
-52.0,-94.0,10.0,2.6024184
-52.0,-92.0,10.0,2.460125
-52.0,-90.0,10.0,2.4203215
-52.0,-88.0,10.0,2.4169786
-52.0,-86.0,10.0,2.4726484
-52.0,-84.0,10.0,2.5957558
-52.0,-82.0,10.0,2.587869
-52.0,-80.0,10.0,2.4560156
-52.0,-78.0,10.0,2.4331117
-52.0,-76.0,10.0,2.4951704
-52.0,-74.0,10.0,2.494888
-52.0,-72.0,10.0,2.4749699
-52.0,-70.0,10.0,2.5372655
-52.0,-68.0,10.0,2.7815206
-52.0,-66.0,10.0,2.8180106
-52.0,-64.0,10.0,2.582371
-52.0,-62.0,10.0,2.559958
-52.0,-60.0,10.0,2.5929825
-52.0,-58.0,10.0,2.5740619
-52.0,-56.0,10.0,2.5488582
-52.0,-54.0,10.0,2.6079147
-52.0,-52.0,10.0,2.7324529
-52.0,-50.0,10.0,2.7195494
-52.0,-48.0,10.0,2.5476499
-52.0,-46.0,10.0,2.598751
-52.0,-44.0,10.0,2.7224681
-52.0,-42.0,10.0,2.8221092
-52.0,-40.0,10.0,2.890137
-52.0,-38.0,10.0,2.8945727
-52.0,-36.0,10.0,2.9204926
-52.0,-34.0,10.0,2.8773127
-52.0,-32.0,10.0,2.8144603
-52.0,-30.0,10.0,2.8820105
-52.0,-28.0,10.0,2.9497852
-52.0,-26.0,10.0,3.0572445
-52.0,-24.0,10.0,3.0679495
-52.0,-22.0,10.0,2.985122
-52.0,-20.0,10.0,2.9883652
-52.0,-18.0,10.0,2.9571452
-52.0,-16.0,10.0,2.9914603
-52.0,-14.0,10.0,2.9899628
-52.0,-12.0,10.0,3.0107374
-52.0,-10.0,10.0,3.0676713
-52.0,-8.0,10.0,3.1268392
-52.0,-6.0,10.0,3.218857
-52.0,-4.0,10.0,3.1880019
-52.0,-2.0,10.0,3.1538527
-52.0,0.0,10.0,3.0811696
-52.0,2.0,10.0,2.9953306
-52.0,4.0,10.0,3.0039759
-52.0,6.0,10.0,3.1318843
-52.0,8.0,10.0,3.1074257
-52.0,10.0,10.0,3.169794
-52.0,12.0,10.0,3.2404523
-52.0,14.0,10.0,3.2005897
-52.0,16.0,10.0,3.1437302
-52.0,18.0,10.0,3.1721005
-52.0,20.0,10.0,3.2167792
-52.0,22.0,10.0,3.3745697
-52.0,24.0,10.0,3.463965
-52.0,26.0,10.0,3.446529
-52.0,28.0,10.0,3.3909714
-52.0,30.0,10.0,3.2641277
-52.0,32.0,10.0,3.0639107
-52.0,34.0,10.0,2.9692023
-52.0,36.0,10.0,3.0628655
-52.0,38.0,10.0,3.1764917
-52.0,40.0,10.0,3.2375054
-52.0,42.0,10.0,3.3095934
-52.0,44.0,10.0,3.2170124
-52.0,46.0,10.0,3.2510839
-52.0,48.0,10.0,3.2625844
-52.0,50.0,10.0,3.2544787
-52.0,52.0,10.0,3.1126392
-52.0,54.0,10.0,2.9633462
-52.0,56.0,10.0,3.0730078
-52.0,58.0,10.0,3.1890962
-52.0,60.0,10.0,3.2574134
-52.0,62.0,10.0,3.3264716
-52.0,64.0,10.0,3.3728945
-52.0,66.0,10.0,3.463325
-52.0,68.0,10.0,3.4120195
-52.0,70.0,10.0,3.2601705
-52.0,72.0,10.0,3.2582147
-52.0,74.0,10.0,3.2922645
-52.0,76.0,10.0,3.2378128
-52.0,78.0,10.0,3.1914196
-52.0,80.0,10.0,3.2884903
-52.0,82.0,10.0,3.35045
-52.0,84.0,10.0,3.3749313
-52.0,86.0,10.0,3.3487856
-52.0,88.0,10.0,3.3076172
-52.0,90.0,10.0,3.306159
-52.0,92.0,10.0,3.2888484
-52.0,94.0,10.0,3.4248204
-52.0,96.0,10.0,3.476587
-52.0,98.0,10.0,3.3586013
-52.0,100.0,10.0,3.305648
-52.0,102.0,10.0,3.303333
-52.0,104.0,10.0,3.3531165
-52.0,106.0,10.0,3.2740831
-52.0,108.0,10.0,3.28525
-52.0,110.0,10.0,3.296421
-52.0,112.0,10.0,3.3095288
-52.0,114.0,10.0,3.385169
-52.0,116.0,10.0,3.3682218
-52.0,118.0,10.0,3.3149185
-52.0,120.0,10.0,3.2156134
-52.0,122.0,10.0,3.161342
-52.0,124.0,10.0,3.2133958
-52.0,126.0,10.0,3.2683449
-52.0,128.0,10.0,3.2395744
-52.0,130.0,10.0,3.2488875
-52.0,132.0,10.0,3.3382735
-52.0,134.0,10.0,3.3624568
-52.0,136.0,10.0,3.3829234
-52.0,138.0,10.0,3.4037485
-52.0,140.0,10.0,3.2936137
-52.0,142.0,10.0,3.1896853
-52.0,144.0,10.0,3.1426942
-52.0,146.0,10.0,3.1140797
-52.0,148.0,10.0,3.1974642
-52.0,150.0,10.0,3.2892118
-52.0,152.0,10.0,3.3552094
-52.0,154.0,10.0,3.32813
-52.0,156.0,10.0,3.3581274
-52.0,158.0,10.0,3.3600008
-52.0,160.0,10.0,3.2530475
-52.0,162.0,10.0,3.1760108
-52.0,164.0,10.0,3.2414796
-52.0,166.0,10.0,3.354391
-52.0,168.0,10.0,3.3024728
-52.0,170.0,10.0,3.1773324
-52.0,172.0,10.0,3.303235
-52.0,174.0,10.0,3.2626762
-52.0,176.0,10.0,3.085602
-52.0,178.0,10.0,3.0815468
-52.0,180.0,10.0,3.161068
-50.0,-180.0,10.0,3.410632
-50.0,-178.0,10.0,3.3825176
-50.0,-176.0,10.0,3.375352
-50.0,-174.0,10.0,3.450953
-50.0,-172.0,10.0,3.4581842
-50.0,-170.0,10.0,3.3677342
-50.0,-168.0,10.0,3.3872561
-50.0,-166.0,10.0,3.441382
-50.0,-164.0,10.0,3.3437128
-50.0,-162.0,10.0,3.2701466
-50.0,-160.0,10.0,3.3083582
-50.0,-158.0,10.0,3.3978252
-50.0,-156.0,10.0,3.3314202
-50.0,-154.0,10.0,3.203949
-50.0,-152.0,10.0,3.192376
-50.0,-150.0,10.0,3.1987555
-50.0,-148.0,10.0,3.0719984
-50.0,-146.0,10.0,3.0042918
-50.0,-144.0,10.0,2.9771857
-50.0,-142.0,10.0,3.0013404
-50.0,-140.0,10.0,3.070362
-50.0,-138.0,10.0,2.9595811
-50.0,-136.0,10.0,2.8613899
-50.0,-134.0,10.0,2.7806838
-50.0,-132.0,10.0,2.8404148
-50.0,-130.0,10.0,2.9434814
-50.0,-128.0,10.0,2.7807367
-50.0,-126.0,10.0,2.6180072
-50.0,-124.0,10.0,2.6313343
-50.0,-122.0,10.0,2.6973596
-50.0,-120.0,10.0,2.7827902
-50.0,-118.0,10.0,2.7308633
-50.0,-116.0,10.0,2.7192159
-50.0,-114.0,10.0,2.8083165
-50.0,-112.0,10.0,2.806182
-50.0,-110.0,10.0,2.6454864
-50.0,-108.0,10.0,2.5999465
-50.0,-106.0,10.0,2.585558
-50.0,-104.0,10.0,2.4958534
-50.0,-102.0,10.0,2.4482794
-50.0,-100.0,10.0,2.5041723
-50.0,-98.0,10.0,2.7097685
-50.0,-96.0,10.0,2.7393525
-50.0,-94.0,10.0,2.5502274
-50.0,-92.0,10.0,2.491028
-50.0,-90.0,10.0,2.36807
-50.0,-88.0,10.0,2.3943574
-50.0,-86.0,10.0,2.443846
-50.0,-84.0,10.0,2.5615458
-50.0,-82.0,10.0,2.4968042
-50.0,-80.0,10.0,2.323938
-50.0,-78.0,10.0,2.4038546
-50.0,-76.0,10.0,2.3949127
-50.0,-74.0,10.0,2.3425145
-50.0,-72.0,10.0,2.341717
-50.0,-70.0,10.0,2.3938653
-50.0,-68.0,10.0,2.5958667
-50.0,-66.0,10.0,2.5993059
-50.0,-64.0,10.0,2.5093455
-50.0,-62.0,10.0,2.517384
-50.0,-60.0,10.0,2.5118542
-50.0,-58.0,10.0,2.4969108
-50.0,-56.0,10.0,2.4657986
-50.0,-54.0,10.0,2.5885026
-50.0,-52.0,10.0,2.6887186
-50.0,-50.0,10.0,2.6699083
-50.0,-48.0,10.0,2.4972978
-50.0,-46.0,10.0,2.5998242
-50.0,-44.0,10.0,2.701335
-50.0,-42.0,10.0,2.7045615
-50.0,-40.0,10.0,2.8459249
-50.0,-38.0,10.0,2.9102547
-50.0,-36.0,10.0,2.946677
-50.0,-34.0,10.0,2.8972666
-50.0,-32.0,10.0,2.924741
-50.0,-30.0,10.0,3.0095363
-50.0,-28.0,10.0,3.0123281
-50.0,-26.0,10.0,3.1314654
-50.0,-24.0,10.0,3.1276162
-50.0,-22.0,10.0,3.1140225
-50.0,-20.0,10.0,3.1236262
-50.0,-18.0,10.0,3.0345237
-50.0,-16.0,10.0,3.0714314
-50.0,-14.0,10.0,3.2455485
-50.0,-12.0,10.0,3.1876848
-50.0,-10.0,10.0,3.2251809
-50.0,-8.0,10.0,3.3463457
-50.0,-6.0,10.0,3.3801236
-50.0,-4.0,10.0,3.3748927
-50.0,-2.0,10.0,3.3925781
-50.0,0.0,10.0,3.2911282
-50.0,2.0,10.0,3.139405
-50.0,4.0,10.0,3.1547468
-50.0,6.0,10.0,3.2520669
-50.0,8.0,10.0,3.2937071
-50.0,10.0,10.0,3.3272882
-50.0,12.0,10.0,3.4177163
-50.0,14.0,10.0,3.4465256
-50.0,16.0,10.0,3.3159564
-50.0,18.0,10.0,3.343071
-50.0,20.0,10.0,3.369956
-50.0,22.0,10.0,3.5894015
-50.0,24.0,10.0,3.7277935
-50.0,26.0,10.0,3.7484534
-50.0,28.0,10.0,3.6314363
-50.0,30.0,10.0,3.4033906
-50.0,32.0,10.0,3.1728282
-50.0,34.0,10.0,3.097771
-50.0,36.0,10.0,3.2514231
-50.0,38.0,10.0,3.3593264
-50.0,40.0,10.0,3.4126875
-50.0,42.0,10.0,3.4613266
-50.0,44.0,10.0,3.3267057
-50.0,46.0,10.0,3.4138463
-50.0,48.0,10.0,3.4454095
-50.0,50.0,10.0,3.4214573
-50.0,52.0,10.0,3.2977192
-50.0,54.0,10.0,3.1429565
-50.0,56.0,10.0,3.2200673
-50.0,58.0,10.0,3.2999196
-50.0,60.0,10.0,3.442931
-50.0,62.0,10.0,3.4840837
-50.0,64.0,10.0,3.6283233
-50.0,66.0,10.0,3.7122688
-50.0,68.0,10.0,3.6974628
-50.0,70.0,10.0,3.4554598
-50.0,72.0,10.0,3.3959804
-50.0,74.0,10.0,3.40236
-50.0,76.0,10.0,3.328433
-50.0,78.0,10.0,3.2600465
-50.0,80.0,10.0,3.4590557
-50.0,82.0,10.0,3.5515628
-50.0,84.0,10.0,3.6122828
-50.0,86.0,10.0,3.5114167
-50.0,88.0,10.0,3.4866896
-50.0,90.0,10.0,3.4680233
-50.0,92.0,10.0,3.4241567
-50.0,94.0,10.0,3.6211083
-50.0,96.0,10.0,3.7177653
-50.0,98.0,10.0,3.5482662
-50.0,100.0,10.0,3.4625509
-50.0,102.0,10.0,3.4899106
-50.0,104.0,10.0,3.5154686
-50.0,106.0,10.0,3.5311496
-50.0,108.0,10.0,3.4392161
-50.0,110.0,10.0,3.4590008
-50.0,112.0,10.0,3.4481575
-50.0,114.0,10.0,3.6539905
-50.0,116.0,10.0,3.6298656
-50.0,118.0,10.0,3.4962685
-50.0,120.0,10.0,3.453482
-50.0,122.0,10.0,3.3377497
-50.0,124.0,10.0,3.3827894
-50.0,126.0,10.0,3.4184854
-50.0,128.0,10.0,3.443199
-50.0,130.0,10.0,3.452743
-50.0,132.0,10.0,3.5004492
-50.0,134.0,10.0,3.5644264
-50.0,136.0,10.0,3.5281699
-50.0,138.0,10.0,3.4690652
-50.0,140.0,10.0,3.4632804
-50.0,142.0,10.0,3.3781643
-50.0,144.0,10.0,3.3110094
-50.0,146.0,10.0,3.2182744
-50.0,148.0,10.0,3.3570797
-50.0,150.0,10.0,3.4633143
-50.0,152.0,10.0,3.5341864
-50.0,154.0,10.0,3.5464826
-50.0,156.0,10.0,3.5823252
-50.0,158.0,10.0,3.5440204
-50.0,160.0,10.0,3.459997
-50.0,162.0,10.0,3.4431098
-50.0,164.0,10.0,3.534289
-50.0,166.0,10.0,3.6216424
-50.0,168.0,10.0,3.4814994
-50.0,170.0,10.0,3.4510365
-50.0,172.0,10.0,3.5606024
-50.0,174.0,10.0,3.4760711
-50.0,176.0,10.0,3.3216736
-50.0,178.0,10.0,3.347765
-50.0,180.0,10.0,3.410632
-48.0,-180.0,10.0,3.6824222
-48.0,-178.0,10.0,3.5592885
-48.0,-176.0,10.0,3.586038
-48.0,-174.0,10.0,3.8140085
-48.0,-172.0,10.0,3.7630105
-48.0,-170.0,10.0,3.5538218
-48.0,-168.0,10.0,3.5030236
-48.0,-166.0,10.0,3.5189147
-48.0,-164.0,10.0,3.3685582
-48.0,-162.0,10.0,3.3602476
-48.0,-160.0,10.0,3.4109137
-48.0,-158.0,10.0,3.544532
-48.0,-156.0,10.0,3.477414
-48.0,-154.0,10.0,3.3721678
-48.0,-152.0,10.0,3.3481693
-48.0,-150.0,10.0,3.3167558
-48.0,-148.0,10.0,3.2382145
-48.0,-146.0,10.0,3.0881677
-48.0,-144.0,10.0,3.0908422
-48.0,-142.0,10.0,3.2469783
-48.0,-140.0,10.0,3.2927737
-48.0,-138.0,10.0,3.045698
-48.0,-136.0,10.0,2.9166985
-48.0,-134.0,10.0,2.817757
-48.0,-132.0,10.0,3.0090663
-48.0,-130.0,10.0,3.1106865
-48.0,-128.0,10.0,2.938514
-48.0,-126.0,10.0,2.7789679
-48.0,-124.0,10.0,2.8001432
-48.0,-122.0,10.0,2.8391948
-48.0,-120.0,10.0,2.8842328
-48.0,-118.0,10.0,2.8829808
-48.0,-116.0,10.0,2.8713105
-48.0,-114.0,10.0,2.9072936
-48.0,-112.0,10.0,2.806907
-48.0,-110.0,10.0,2.635542
-48.0,-108.0,10.0,2.7450712
-48.0,-106.0,10.0,2.6856763
-48.0,-104.0,10.0,2.5192
-48.0,-102.0,10.0,2.5041468
-48.0,-100.0,10.0,2.6128285
-48.0,-98.0,10.0,2.7976625
-48.0,-96.0,10.0,2.8342392
-48.0,-94.0,10.0,2.6807003
-48.0,-92.0,10.0,2.6687934
-48.0,-90.0,10.0,2.5454986
-48.0,-88.0,10.0,2.5443687
-48.0,-86.0,10.0,2.6637673
-48.0,-84.0,10.0,2.7186303
-48.0,-82.0,10.0,2.5786228
-48.0,-80.0,10.0,2.4302363
-48.0,-78.0,10.0,2.4685981
-48.0,-76.0,10.0,2.4259677
-48.0,-74.0,10.0,2.4230933
-48.0,-72.0,10.0,2.4461977
-48.0,-70.0,10.0,2.476553
-48.0,-68.0,10.0,2.6010232
-48.0,-66.0,10.0,2.6349
-48.0,-64.0,10.0,2.6270118
-48.0,-62.0,10.0,2.6375422
-48.0,-60.0,10.0,2.6548035
-48.0,-58.0,10.0,2.5680685
-48.0,-56.0,10.0,2.5309155
-48.0,-54.0,10.0,2.6730943
-48.0,-52.0,10.0,2.8141792
-48.0,-50.0,10.0,2.8125308
-48.0,-48.0,10.0,2.684871
-48.0,-46.0,10.0,2.7248917
-48.0,-44.0,10.0,2.8209941
-48.0,-42.0,10.0,2.8186522
-48.0,-40.0,10.0,3.0124888
-48.0,-38.0,10.0,3.0783415
-48.0,-36.0,10.0,3.040999
-48.0,-34.0,10.0,3.075619
-48.0,-32.0,10.0,3.130975
-48.0,-30.0,10.0,3.2051122
-48.0,-28.0,10.0,3.1572585
-48.0,-26.0,10.0,3.306748
-48.0,-24.0,10.0,3.4056904
-48.0,-22.0,10.0,3.4388335
-48.0,-20.0,10.0,3.4276996
-48.0,-18.0,10.0,3.3583148
-48.0,-16.0,10.0,3.417023
-48.0,-14.0,10.0,3.5212772
-48.0,-12.0,10.0,3.5417573
-48.0,-10.0,10.0,3.5533326
-48.0,-8.0,10.0,3.6693583
-48.0,-6.0,10.0,3.7884834
-48.0,-4.0,10.0,3.7902
-48.0,-2.0,10.0,3.725408
-48.0,0.0,10.0,3.5826335
-48.0,2.0,10.0,3.5334938
-48.0,4.0,10.0,3.5173364
-48.0,6.0,10.0,3.5624359
-48.0,8.0,10.0,3.6428053
-48.0,10.0,10.0,3.669572
-48.0,12.0,10.0,3.7222128
-48.0,14.0,10.0,3.722932
-48.0,16.0,10.0,3.643131
-48.0,18.0,10.0,3.698155
-48.0,20.0,10.0,3.7600293
-48.0,22.0,10.0,3.9800537
-48.0,24.0,10.0,4.142551
-48.0,26.0,10.0,4.0376935
-48.0,28.0,10.0,3.8587322
-48.0,30.0,10.0,3.7791698
-48.0,32.0,10.0,3.621282
-48.0,34.0,10.0,3.505427
-48.0,36.0,10.0,3.571019
-48.0,38.0,10.0,3.710309
-48.0,40.0,10.0,3.8080702
-48.0,42.0,10.0,3.8228247
-48.0,44.0,10.0,3.743825
-48.0,46.0,10.0,3.7555628
-48.0,48.0,10.0,3.7796943
-48.0,50.0,10.0,3.8028302
-48.0,52.0,10.0,3.8277824
-48.0,54.0,10.0,3.729175
-48.0,56.0,10.0,3.637891
-48.0,58.0,10.0,3.7305257
-48.0,60.0,10.0,3.889639
-48.0,62.0,10.0,4.0508213
-48.0,64.0,10.0,4.0923295
-48.0,66.0,10.0,4.2063127
-48.0,68.0,10.0,4.174483
-48.0,70.0,10.0,3.9005556
-48.0,72.0,10.0,3.7543523
-48.0,74.0,10.0,3.7792425
-48.0,76.0,10.0,3.7462666
-48.0,78.0,10.0,3.745843
-48.0,80.0,10.0,3.8779864
-48.0,82.0,10.0,4.085427
-48.0,84.0,10.0,4.114506
-48.0,86.0,10.0,3.9758925
-48.0,88.0,10.0,3.9216442
-48.0,90.0,10.0,3.9426858
-48.0,92.0,10.0,3.985639
-48.0,94.0,10.0,4.153682
-48.0,96.0,10.0,4.296795
-48.0,98.0,10.0,4.156148
-48.0,100.0,10.0,3.8573925
-48.0,102.0,10.0,3.8727622
-48.0,104.0,10.0,3.8368027
-48.0,106.0,10.0,3.8812945
-48.0,108.0,10.0,3.9173343
-48.0,110.0,10.0,3.9217494
-48.0,112.0,10.0,4.008622
-48.0,114.0,10.0,4.130705
-48.0,116.0,10.0,4.105436
-48.0,118.0,10.0,4.027292
-48.0,120.0,10.0,3.975991
-48.0,122.0,10.0,3.9296372
-48.0,124.0,10.0,3.854366
-48.0,126.0,10.0,3.8803217
-48.0,128.0,10.0,3.933711
-48.0,130.0,10.0,3.972603
-48.0,132.0,10.0,3.9265146
-48.0,134.0,10.0,3.8583877
-48.0,136.0,10.0,3.7928243
-48.0,138.0,10.0,3.7113936
-48.0,140.0,10.0,3.8400493
-48.0,142.0,10.0,3.7335305
-48.0,144.0,10.0,3.626698
-48.0,146.0,10.0,3.5782313
-48.0,148.0,10.0,3.7225134
-48.0,150.0,10.0,3.8629363
-48.0,152.0,10.0,3.8835545
-48.0,154.0,10.0,3.878206
-48.0,156.0,10.0,3.9816108
-48.0,158.0,10.0,3.924335
-48.0,160.0,10.0,3.7676651
-48.0,162.0,10.0,3.739896
-48.0,164.0,10.0,3.8954313
-48.0,166.0,10.0,3.8839343
-48.0,168.0,10.0,3.7215238
-48.0,170.0,10.0,3.7714942
-48.0,172.0,10.0,3.9684749
-48.0,174.0,10.0,3.8386319
-48.0,176.0,10.0,3.6285436
-48.0,178.0,10.0,3.6525116
-48.0,180.0,10.0,3.6824222
-46.0,-180.0,10.0,3.4900491
-46.0,-178.0,10.0,3.2985768
-46.0,-176.0,10.0,3.379686
-46.0,-174.0,10.0,3.610117
-46.0,-172.0,10.0,3.6144528
-46.0,-170.0,10.0,3.365075
-46.0,-168.0,10.0,3.3656352
-46.0,-166.0,10.0,3.355383
-46.0,-164.0,10.0,3.185307
-46.0,-162.0,10.0,3.145077
-46.0,-160.0,10.0,3.2127106
-46.0,-158.0,10.0,3.3434994
-46.0,-156.0,10.0,3.269861
-46.0,-154.0,10.0,3.1654656
-46.0,-152.0,10.0,3.1526055
-46.0,-150.0,10.0,3.1552246
-46.0,-148.0,10.0,2.9704003
-46.0,-146.0,10.0,2.9853933
-46.0,-144.0,10.0,3.008401
-46.0,-142.0,10.0,3.0423203
-46.0,-140.0,10.0,2.9845433
-46.0,-138.0,10.0,2.859847
-46.0,-136.0,10.0,2.7776413
-46.0,-134.0,10.0,2.7257526
-46.0,-132.0,10.0,2.811176
-46.0,-130.0,10.0,2.9079795
-46.0,-128.0,10.0,2.78344
-46.0,-126.0,10.0,2.6489425
-46.0,-124.0,10.0,2.6507354
-46.0,-122.0,10.0,2.6511528
-46.0,-120.0,10.0,2.687224
-46.0,-118.0,10.0,2.6544805
-46.0,-116.0,10.0,2.6561728
-46.0,-114.0,10.0,2.6205618
-46.0,-112.0,10.0,2.4805348
-46.0,-110.0,10.0,2.3995652
-46.0,-108.0,10.0,2.5082505
-46.0,-106.0,10.0,2.3678367
-46.0,-104.0,10.0,2.1862419
-46.0,-102.0,10.0,2.248493
-46.0,-100.0,10.0,2.3425198
-46.0,-98.0,10.0,2.4194117
-46.0,-96.0,10.0,2.4896538
-46.0,-94.0,10.0,2.3880506
-46.0,-92.0,10.0,2.3236134
-46.0,-90.0,10.0,2.2901626
-46.0,-88.0,10.0,2.2670927
-46.0,-86.0,10.0,2.384143
-46.0,-84.0,10.0,2.4590948
-46.0,-82.0,10.0,2.326022
-46.0,-80.0,10.0,2.2762754
-46.0,-78.0,10.0,2.3090143
-46.0,-76.0,10.0,2.199063
-46.0,-74.0,10.0,2.2784803
-46.0,-72.0,10.0,2.3709605
-46.0,-70.0,10.0,2.3691158
-46.0,-68.0,10.0,2.3687036
-46.0,-66.0,10.0,2.4489946
-46.0,-64.0,10.0,2.4398148
-46.0,-62.0,10.0,2.4141257
-46.0,-60.0,10.0,2.4699636
-46.0,-58.0,10.0,2.4346285
-46.0,-56.0,10.0,2.3742568
-46.0,-54.0,10.0,2.3876972
-46.0,-52.0,10.0,2.4625921
-46.0,-50.0,10.0,2.5731468
-46.0,-48.0,10.0,2.5031986
-46.0,-46.0,10.0,2.5890775
-46.0,-44.0,10.0,2.6700969
-46.0,-42.0,10.0,2.6615858
-46.0,-40.0,10.0,2.7156906
-46.0,-38.0,10.0,2.8381062
-46.0,-36.0,10.0,2.9330983
-46.0,-34.0,10.0,2.9297867
-46.0,-32.0,10.0,2.9213066
-46.0,-30.0,10.0,3.0311189
-46.0,-28.0,10.0,2.9770637
-46.0,-26.0,10.0,3.0723493
-46.0,-24.0,10.0,3.1209524
-46.0,-22.0,10.0,3.1546693
-46.0,-20.0,10.0,3.2138302
-46.0,-18.0,10.0,3.2097356
-46.0,-16.0,10.0,3.2407749
-46.0,-14.0,10.0,3.3173184
-46.0,-12.0,10.0,3.3693984
-46.0,-10.0,10.0,3.3379288
-46.0,-8.0,10.0,3.4656625
-46.0,-6.0,10.0,3.618768
-46.0,-4.0,10.0,3.5966833
-46.0,-2.0,10.0,3.5001059
-46.0,0.0,10.0,3.4106936
-46.0,2.0,10.0,3.3295317
-46.0,4.0,10.0,3.3214364
-46.0,6.0,10.0,3.3159869
-46.0,8.0,10.0,3.4192023
-46.0,10.0,10.0,3.4766636
-46.0,12.0,10.0,3.4099088
-46.0,14.0,10.0,3.3892515
-46.0,16.0,10.0,3.4771326
-46.0,18.0,10.0,3.5653927
-46.0,20.0,10.0,3.5372992
-46.0,22.0,10.0,3.74998
-46.0,24.0,10.0,3.904466
-46.0,26.0,10.0,3.7619643
-46.0,28.0,10.0,3.5842977
-46.0,30.0,10.0,3.599715
-46.0,32.0,10.0,3.6180775
-46.0,34.0,10.0,3.459241
-46.0,36.0,10.0,3.4604518
-46.0,38.0,10.0,3.5940878
-46.0,40.0,10.0,3.6180274
-46.0,42.0,10.0,3.6208272
-46.0,44.0,10.0,3.5439641
-46.0,46.0,10.0,3.4710035
-46.0,48.0,10.0,3.5329504
-46.0,50.0,10.0,3.6219018
-46.0,52.0,10.0,3.6315727
-46.0,54.0,10.0,3.6428921
-46.0,56.0,10.0,3.58629
-46.0,58.0,10.0,3.5934858
-46.0,60.0,10.0,3.6915
-46.0,62.0,10.0,3.8541236
-46.0,64.0,10.0,3.9589067
-46.0,66.0,10.0,4.056668
-46.0,68.0,10.0,4.013283
-46.0,70.0,10.0,3.7359896
-46.0,72.0,10.0,3.6117165
-46.0,74.0,10.0,3.5711164
-46.0,76.0,10.0,3.5439577
-46.0,78.0,10.0,3.574163
-46.0,80.0,10.0,3.7108874
-46.0,82.0,10.0,3.9408941
-46.0,84.0,10.0,4.004533
-46.0,86.0,10.0,3.8443909
-46.0,88.0,10.0,3.7510638
-46.0,90.0,10.0,3.7931552
-46.0,92.0,10.0,3.8299098
-46.0,94.0,10.0,3.967576
-46.0,96.0,10.0,4.140488
-46.0,98.0,10.0,4.0201025
-46.0,100.0,10.0,3.7476044
-46.0,102.0,10.0,3.695257
-46.0,104.0,10.0,3.659635
-46.0,106.0,10.0,3.7132037
-46.0,108.0,10.0,3.7675655
-46.0,110.0,10.0,3.7969618
-46.0,112.0,10.0,3.9115484
-46.0,114.0,10.0,4.021881
-46.0,116.0,10.0,3.9426746
-46.0,118.0,10.0,3.906838
-46.0,120.0,10.0,3.840284
-46.0,122.0,10.0,3.7672613
-46.0,124.0,10.0,3.7646565
-46.0,126.0,10.0,3.749635
-46.0,128.0,10.0,3.8126657
-46.0,130.0,10.0,3.8254337
-46.0,132.0,10.0,3.7375882
-46.0,134.0,10.0,3.669593
-46.0,136.0,10.0,3.5829196
-46.0,138.0,10.0,3.6035926
-46.0,140.0,10.0,3.7722087
-46.0,142.0,10.0,3.6900728
-46.0,144.0,10.0,3.626509
-46.0,146.0,10.0,3.5143397
-46.0,148.0,10.0,3.6520061
-46.0,150.0,10.0,3.7617667
-46.0,152.0,10.0,3.6682303
-46.0,154.0,10.0,3.6433272
-46.0,156.0,10.0,3.7791717
-46.0,158.0,10.0,3.802959
-46.0,160.0,10.0,3.647441
-46.0,162.0,10.0,3.5872924
-46.0,164.0,10.0,3.7668388
-46.0,166.0,10.0,3.7515106
-46.0,168.0,10.0,3.5751877
-46.0,170.0,10.0,3.6217356
-46.0,172.0,10.0,3.7731962
-46.0,174.0,10.0,3.6285167
-46.0,176.0,10.0,3.4463358
-46.0,178.0,10.0,3.4646473
-46.0,180.0,10.0,3.4900491
-44.0,-180.0,10.0,2.9326575
-44.0,-178.0,10.0,2.7675223
-44.0,-176.0,10.0,2.8997154
-44.0,-174.0,10.0,2.972702
-44.0,-172.0,10.0,2.9467108
-44.0,-170.0,10.0,2.934751
-44.0,-168.0,10.0,2.9129915
-44.0,-166.0,10.0,2.8728275
-44.0,-164.0,10.0,2.8254807
-44.0,-162.0,10.0,2.790664
-44.0,-160.0,10.0,2.789466
-44.0,-158.0,10.0,2.8598628
-44.0,-156.0,10.0,2.7725005
-44.0,-154.0,10.0,2.6976314
-44.0,-152.0,10.0,2.6606445
-44.0,-150.0,10.0,2.626043
-44.0,-148.0,10.0,2.5175936
-44.0,-146.0,10.0,2.560958
-44.0,-144.0,10.0,2.6493187
-44.0,-142.0,10.0,2.7318714
-44.0,-140.0,10.0,2.6062331
-44.0,-138.0,10.0,2.4911108
-44.0,-136.0,10.0,2.4326246
-44.0,-134.0,10.0,2.433978
-44.0,-132.0,10.0,2.4031017
-44.0,-130.0,10.0,2.3872025
-44.0,-128.0,10.0,2.3377087
-44.0,-126.0,10.0,2.3257926
-44.0,-124.0,10.0,2.3240635
-44.0,-122.0,10.0,2.2603765
-44.0,-120.0,10.0,2.2380307
-44.0,-118.0,10.0,2.3604014
-44.0,-116.0,10.0,2.3475652
-44.0,-114.0,10.0,2.2589455
-44.0,-112.0,10.0,2.1071167
-44.0,-110.0,10.0,2.0710523
-44.0,-108.0,10.0,2.1284819
-44.0,-106.0,10.0,1.9615448
-44.0,-104.0,10.0,1.8418267
-44.0,-102.0,10.0,1.9218762
-44.0,-100.0,10.0,1.9358029
-44.0,-98.0,10.0,2.0295196
-44.0,-96.0,10.0,2.101891
-44.0,-94.0,10.0,2.041888
-44.0,-92.0,10.0,1.9355932
-44.0,-90.0,10.0,1.9011004
-44.0,-88.0,10.0,1.9784048
-44.0,-86.0,10.0,2.0609362
-44.0,-84.0,10.0,2.0504444
-44.0,-82.0,10.0,1.9524138
-44.0,-80.0,10.0,1.9075922
-44.0,-78.0,10.0,1.9390706
-44.0,-76.0,10.0,1.848924
-44.0,-74.0,10.0,1.9695616
-44.0,-72.0,10.0,2.0682929
-44.0,-70.0,10.0,1.9973574
-44.0,-68.0,10.0,2.0698984
-44.0,-66.0,10.0,2.1137266
-44.0,-64.0,10.0,2.124681
-44.0,-62.0,10.0,2.05787
-44.0,-60.0,10.0,2.0599797
-44.0,-58.0,10.0,2.1518183
-44.0,-56.0,10.0,2.133069
-44.0,-54.0,10.0,2.0872715
-44.0,-52.0,10.0,2.0901704
-44.0,-50.0,10.0,2.2324789
-44.0,-48.0,10.0,2.1617424
-44.0,-46.0,10.0,2.298322
-44.0,-44.0,10.0,2.3674707
-44.0,-42.0,10.0,2.3368235
-44.0,-40.0,10.0,2.4680097
-44.0,-38.0,10.0,2.5348806
-44.0,-36.0,10.0,2.5863976
-44.0,-34.0,10.0,2.5214481
-44.0,-32.0,10.0,2.4593623
-44.0,-30.0,10.0,2.546551
-44.0,-28.0,10.0,2.547872
-44.0,-26.0,10.0,2.588869
-44.0,-24.0,10.0,2.5655317
-44.0,-22.0,10.0,2.6395283
-44.0,-20.0,10.0,2.6684928
-44.0,-18.0,10.0,2.6223385
-44.0,-16.0,10.0,2.5966966
-44.0,-14.0,10.0,2.7756977
-44.0,-12.0,10.0,2.881787
-44.0,-10.0,10.0,2.8570294
-44.0,-8.0,10.0,2.894141
-44.0,-6.0,10.0,3.0266616
-44.0,-4.0,10.0,3.0719292
-44.0,-2.0,10.0,2.9453924
-44.0,0.0,10.0,2.9028506
-44.0,2.0,10.0,2.8651974
-44.0,4.0,10.0,2.84135
-44.0,6.0,10.0,2.8901923
-44.0,8.0,10.0,2.9592304
-44.0,10.0,10.0,2.9333906
-44.0,12.0,10.0,2.830403
-44.0,14.0,10.0,2.842451
-44.0,16.0,10.0,2.8751094
-44.0,18.0,10.0,2.990202
-44.0,20.0,10.0,2.962917
-44.0,22.0,10.0,3.0847507
-44.0,24.0,10.0,3.1971862
-44.0,26.0,10.0,3.091742
-44.0,28.0,10.0,2.967975
-44.0,30.0,10.0,2.9799242
-44.0,32.0,10.0,3.02829
-44.0,34.0,10.0,2.9753988
-44.0,36.0,10.0,3.0311105
-44.0,38.0,10.0,3.0638537
-44.0,40.0,10.0,3.0450604
-44.0,42.0,10.0,3.054965
-44.0,44.0,10.0,2.961589
-44.0,46.0,10.0,2.9528384
-44.0,48.0,10.0,3.0118778
-44.0,50.0,10.0,3.096045
-44.0,52.0,10.0,3.0996726
-44.0,54.0,10.0,3.0364075
-44.0,56.0,10.0,3.005126
-44.0,58.0,10.0,3.0045843
-44.0,60.0,10.0,3.1113029
-44.0,62.0,10.0,3.2351644
-44.0,64.0,10.0,3.3135128
-44.0,66.0,10.0,3.3617759
-44.0,68.0,10.0,3.3256068
-44.0,70.0,10.0,3.1361635
-44.0,72.0,10.0,3.1294022
-44.0,74.0,10.0,3.0398939
-44.0,76.0,10.0,3.0003738
-44.0,78.0,10.0,3.0003853
-44.0,80.0,10.0,3.1591644
-44.0,82.0,10.0,3.2757144
-44.0,84.0,10.0,3.3169274
-44.0,86.0,10.0,3.2394996
-44.0,88.0,10.0,3.1084387
-44.0,90.0,10.0,3.1417553
-44.0,92.0,10.0,3.1600668
-44.0,94.0,10.0,3.3209302
-44.0,96.0,10.0,3.4229205
-44.0,98.0,10.0,3.3093462
-44.0,100.0,10.0,3.1822648
-44.0,102.0,10.0,3.106735
-44.0,104.0,10.0,3.0677745
-44.0,106.0,10.0,3.108066
-44.0,108.0,10.0,3.1980958
-44.0,110.0,10.0,3.1732626
-44.0,112.0,10.0,3.195052
-44.0,114.0,10.0,3.3304667
-44.0,116.0,10.0,3.2488976
-44.0,118.0,10.0,3.162229
-44.0,120.0,10.0,3.11303
-44.0,122.0,10.0,3.0747466
-44.0,124.0,10.0,3.1615677
-44.0,126.0,10.0,3.1339061
-44.0,128.0,10.0,3.1365595
-44.0,130.0,10.0,3.1364279
-44.0,132.0,10.0,3.0972526
-44.0,134.0,10.0,3.0770998
-44.0,136.0,10.0,2.9936333
-44.0,138.0,10.0,2.9865758
-44.0,140.0,10.0,3.1267867
-44.0,142.0,10.0,3.1637743
-44.0,144.0,10.0,3.1179714
-44.0,146.0,10.0,3.0713115
-44.0,148.0,10.0,3.1355767
-44.0,150.0,10.0,3.118714
-44.0,152.0,10.0,3.0288172
-44.0,154.0,10.0,3.0081038
-44.0,156.0,10.0,3.1232765
-44.0,158.0,10.0,3.136174
-44.0,160.0,10.0,3.11647
-44.0,162.0,10.0,3.1429303
-44.0,164.0,10.0,3.123076
-44.0,166.0,10.0,3.104558
-44.0,168.0,10.0,3.020459
-44.0,170.0,10.0,3.0926344
-44.0,172.0,10.0,3.1434202
-44.0,174.0,10.0,3.07999
-44.0,176.0,10.0,2.998976
-44.0,178.0,10.0,2.9606054
-44.0,180.0,10.0,2.9326575
-42.0,-180.0,10.0,2.72321
-42.0,-178.0,10.0,2.5675144
-42.0,-176.0,10.0,2.7180362
-42.0,-174.0,10.0,2.7581327
-42.0,-172.0,10.0,2.6714191
-42.0,-170.0,10.0,2.729458
-42.0,-168.0,10.0,2.7396293
-42.0,-166.0,10.0,2.6506445
-42.0,-164.0,10.0,2.546729
-42.0,-162.0,10.0,2.6243448
-42.0,-160.0,10.0,2.6145694
-42.0,-158.0,10.0,2.6550934
-42.0,-156.0,10.0,2.6059062
-42.0,-154.0,10.0,2.585118
-42.0,-152.0,10.0,2.5129356
-42.0,-150.0,10.0,2.4050233
-42.0,-148.0,10.0,2.3078508
-42.0,-146.0,10.0,2.3788939
-42.0,-144.0,10.0,2.4449246
-42.0,-142.0,10.0,2.4393723
-42.0,-140.0,10.0,2.3500838
-42.0,-138.0,10.0,2.2580795
-42.0,-136.0,10.0,2.1835985
-42.0,-134.0,10.0,2.167852
-42.0,-132.0,10.0,2.170586
-42.0,-130.0,10.0,2.1833482
-42.0,-128.0,10.0,2.091627
-42.0,-126.0,10.0,2.0426002
-42.0,-124.0,10.0,2.1420233
-42.0,-122.0,10.0,2.1419647
-42.0,-120.0,10.0,2.103188
-42.0,-118.0,10.0,2.1107821
-42.0,-116.0,10.0,2.1882164
-42.0,-114.0,10.0,2.129606
-42.0,-112.0,10.0,1.9812286
-42.0,-110.0,10.0,1.9318362
-42.0,-108.0,10.0,2.0114539
-42.0,-106.0,10.0,1.8911611
-42.0,-104.0,10.0,1.7876251
-42.0,-102.0,10.0,1.8342526
-42.0,-100.0,10.0,1.8105555
-42.0,-98.0,10.0,1.8745764
-42.0,-96.0,10.0,1.9271437
-42.0,-94.0,10.0,1.9370478
-42.0,-92.0,10.0,1.8731658
-42.0,-90.0,10.0,1.8256539
-42.0,-88.0,10.0,1.935815
-42.0,-86.0,10.0,2.0286467
-42.0,-84.0,10.0,1.9533129
-42.0,-82.0,10.0,1.8578167
-42.0,-80.0,10.0,1.8252151
-42.0,-78.0,10.0,1.8384088
-42.0,-76.0,10.0,1.8048143
-42.0,-74.0,10.0,1.9457872
-42.0,-72.0,10.0,2.014331
-42.0,-70.0,10.0,1.9017595
-42.0,-68.0,10.0,1.9678801
-42.0,-66.0,10.0,2.0420852
-42.0,-64.0,10.0,2.080709
-42.0,-62.0,10.0,2.0614555
-42.0,-60.0,10.0,2.0544126
-42.0,-58.0,10.0,2.013242
-42.0,-56.0,10.0,2.0458634
-42.0,-54.0,10.0,2.0959466
-42.0,-52.0,10.0,2.1439707
-42.0,-50.0,10.0,2.2272656
-42.0,-48.0,10.0,2.1967857
-42.0,-46.0,10.0,2.2839675
-42.0,-44.0,10.0,2.3618777
-42.0,-42.0,10.0,2.338089
-42.0,-40.0,10.0,2.342567
-42.0,-38.0,10.0,2.369063
-42.0,-36.0,10.0,2.3535695
-42.0,-34.0,10.0,2.3305228
-42.0,-32.0,10.0,2.3236923
-42.0,-30.0,10.0,2.3984096
-42.0,-28.0,10.0,2.421857
-42.0,-26.0,10.0,2.5042644
-42.0,-24.0,10.0,2.4963222
-42.0,-22.0,10.0,2.5548565
-42.0,-20.0,10.0,2.5910254
-42.0,-18.0,10.0,2.57325
-42.0,-16.0,10.0,2.51358
-42.0,-14.0,10.0,2.6507962
-42.0,-12.0,10.0,2.6968374
-42.0,-10.0,10.0,2.7172284
-42.0,-8.0,10.0,2.7489402
-42.0,-6.0,10.0,2.8296766
-42.0,-4.0,10.0,2.7973871
-42.0,-2.0,10.0,2.6761947
-42.0,0.0,10.0,2.7430809
-42.0,2.0,10.0,2.7346792
-42.0,4.0,10.0,2.7564566
-42.0,6.0,10.0,2.8019128
-42.0,8.0,10.0,2.8628638
-42.0,10.0,10.0,2.771397
-42.0,12.0,10.0,2.7564049
-42.0,14.0,10.0,2.7876368
-42.0,16.0,10.0,2.7344177
-42.0,18.0,10.0,2.8294065
-42.0,20.0,10.0,2.8221738
-42.0,22.0,10.0,2.843394
-42.0,24.0,10.0,2.8734756
-42.0,26.0,10.0,2.7943873
-42.0,28.0,10.0,2.7388444
-42.0,30.0,10.0,2.7595863
-42.0,32.0,10.0,2.7512672
-42.0,34.0,10.0,2.7696128
-42.0,36.0,10.0,2.7909312
-42.0,38.0,10.0,2.81694
-42.0,40.0,10.0,2.8468037
-42.0,42.0,10.0,2.8291485
-42.0,44.0,10.0,2.8090372
-42.0,46.0,10.0,2.807342
-42.0,48.0,10.0,2.824915
-42.0,50.0,10.0,2.8878477
-42.0,52.0,10.0,2.8664975
-42.0,54.0,10.0,2.817171
-42.0,56.0,10.0,2.7770274
-42.0,58.0,10.0,2.772306
-42.0,60.0,10.0,2.8833878
-42.0,62.0,10.0,2.9729917
-42.0,64.0,10.0,3.0773728
-42.0,66.0,10.0,3.1190457
-42.0,68.0,10.0,3.0519886
-42.0,70.0,10.0,2.973646
-42.0,72.0,10.0,2.913729
-42.0,74.0,10.0,2.8186412
-42.0,76.0,10.0,2.801359
-42.0,78.0,10.0,2.8880765
-42.0,80.0,10.0,2.9158182
-42.0,82.0,10.0,3.005602
-42.0,84.0,10.0,3.1122468
-42.0,86.0,10.0,3.045689
-42.0,88.0,10.0,2.9111576
-42.0,90.0,10.0,2.9219422
-42.0,92.0,10.0,2.946561
-42.0,94.0,10.0,3.0522854
-42.0,96.0,10.0,3.0738385
-42.0,98.0,10.0,3.0476084
-42.0,100.0,10.0,2.9684741
-42.0,102.0,10.0,2.9191275
-42.0,104.0,10.0,2.8515363
-42.0,106.0,10.0,2.9435275
-42.0,108.0,10.0,3.0558598
-42.0,110.0,10.0,2.947498
-42.0,112.0,10.0,2.9631183
-42.0,114.0,10.0,3.1310847
-42.0,116.0,10.0,3.0798962
-42.0,118.0,10.0,2.9271233
-42.0,120.0,10.0,2.862271
-42.0,122.0,10.0,2.899008
-42.0,124.0,10.0,2.9312906
-42.0,126.0,10.0,2.8218768
-42.0,128.0,10.0,2.8199904
-42.0,130.0,10.0,2.878197
-42.0,132.0,10.0,2.8519871
-42.0,134.0,10.0,2.7319849
-42.0,136.0,10.0,2.704151
-42.0,138.0,10.0,2.7855306
-42.0,140.0,10.0,2.9337738
-42.0,142.0,10.0,2.9435692
-42.0,144.0,10.0,2.9396396
-42.0,146.0,10.0,2.8759742
-42.0,148.0,10.0,2.8698409
-42.0,150.0,10.0,2.8994734
-42.0,152.0,10.0,2.854298
-42.0,154.0,10.0,2.8868144
-42.0,156.0,10.0,3.0080814
-42.0,158.0,10.0,2.9991255
-42.0,160.0,10.0,2.9154482
-42.0,162.0,10.0,2.95005
-42.0,164.0,10.0,2.8682005
-42.0,166.0,10.0,2.763689
-42.0,168.0,10.0,2.7044384
-42.0,170.0,10.0,2.803774
-42.0,172.0,10.0,2.84773
-42.0,174.0,10.0,2.7649481
-42.0,176.0,10.0,2.7461395
-42.0,178.0,10.0,2.7883546
-42.0,180.0,10.0,2.72321
-40.0,-180.0,10.0,2.9095821
-40.0,-178.0,10.0,2.7488246
-40.0,-176.0,10.0,2.7996664
-40.0,-174.0,10.0,2.9977953
-40.0,-172.0,10.0,2.849916
-40.0,-170.0,10.0,2.7702508
-40.0,-168.0,10.0,2.802408
-40.0,-166.0,10.0,2.775677
-40.0,-164.0,10.0,2.6670382
-40.0,-162.0,10.0,2.6881924
-40.0,-160.0,10.0,2.7118063
-40.0,-158.0,10.0,2.74766
-40.0,-156.0,10.0,2.6577895
-40.0,-154.0,10.0,2.6553864
-40.0,-152.0,10.0,2.709861
-40.0,-150.0,10.0,2.5811813
-40.0,-148.0,10.0,2.3601038
-40.0,-146.0,10.0,2.4437442
-40.0,-144.0,10.0,2.589325
-40.0,-142.0,10.0,2.5574088
-40.0,-140.0,10.0,2.4385288
-40.0,-138.0,10.0,2.25828
-40.0,-136.0,10.0,2.2025115
-40.0,-134.0,10.0,2.0945094
-40.0,-132.0,10.0,2.118287
-40.0,-130.0,10.0,2.2380037
-40.0,-128.0,10.0,2.110329
-40.0,-126.0,10.0,2.021296
-40.0,-124.0,10.0,2.0866528
-40.0,-122.0,10.0,2.0931516
-40.0,-120.0,10.0,2.105808
-40.0,-118.0,10.0,2.061582
-40.0,-116.0,10.0,2.1124682
-40.0,-114.0,10.0,2.1596553
-40.0,-112.0,10.0,2.0633085
-40.0,-110.0,10.0,1.9338057
-40.0,-108.0,10.0,2.080841
-40.0,-106.0,10.0,1.9537659
-40.0,-104.0,10.0,1.814223
-40.0,-102.0,10.0,1.8595722
-40.0,-100.0,10.0,1.8519115
-40.0,-98.0,10.0,1.8753862
-40.0,-96.0,10.0,1.9248568
-40.0,-94.0,10.0,1.9255126
-40.0,-92.0,10.0,1.9503602
-40.0,-90.0,10.0,1.8782436
-40.0,-88.0,10.0,2.0365224
-40.0,-86.0,10.0,2.1507208
-40.0,-84.0,10.0,2.1039302
-40.0,-82.0,10.0,1.9890977
-40.0,-80.0,10.0,1.9329419
-40.0,-78.0,10.0,1.994251
-40.0,-76.0,10.0,1.9808612
-40.0,-74.0,10.0,2.0611708
-40.0,-72.0,10.0,2.0840275
-40.0,-70.0,10.0,2.0302427
-40.0,-68.0,10.0,2.0245402
-40.0,-66.0,10.0,2.0692303
-40.0,-64.0,10.0,2.160072
-40.0,-62.0,10.0,2.169505
-40.0,-60.0,10.0,2.1489038
-40.0,-58.0,10.0,2.062747
-40.0,-56.0,10.0,2.091364
-40.0,-54.0,10.0,2.2220082
-40.0,-52.0,10.0,2.2976067
-40.0,-50.0,10.0,2.3197167
-40.0,-48.0,10.0,2.3050935
-40.0,-46.0,10.0,2.3455853
-40.0,-44.0,10.0,2.442539
-40.0,-42.0,10.0,2.4053457
-40.0,-40.0,10.0,2.428484
-40.0,-38.0,10.0,2.4143686
-40.0,-36.0,10.0,2.3971746
-40.0,-34.0,10.0,2.4507675
-40.0,-32.0,10.0,2.437941
-40.0,-30.0,10.0,2.575992
-40.0,-28.0,10.0,2.5699146
-40.0,-26.0,10.0,2.599774
-40.0,-24.0,10.0,2.6509967
-40.0,-22.0,10.0,2.7586572
-40.0,-20.0,10.0,2.751392
-40.0,-18.0,10.0,2.8285785
-40.0,-16.0,10.0,2.80715
-40.0,-14.0,10.0,2.895983
-40.0,-12.0,10.0,2.9167695
-40.0,-10.0,10.0,2.893762
-40.0,-8.0,10.0,3.0242157
-40.0,-6.0,10.0,3.1343777
-40.0,-4.0,10.0,3.0236516
-40.0,-2.0,10.0,2.929666
-40.0,0.0,10.0,2.9880533
-40.0,2.0,10.0,2.8787704
-40.0,4.0,10.0,2.8812072
-40.0,6.0,10.0,3.0166109
-40.0,8.0,10.0,3.075828
-40.0,10.0,10.0,3.0494738
-40.0,12.0,10.0,3.077609
-40.0,14.0,10.0,3.1164596
-40.0,16.0,10.0,3.0511103
-40.0,18.0,10.0,3.1077902
-40.0,20.0,10.0,3.05789
-40.0,22.0,10.0,3.0893643
-40.0,24.0,10.0,3.0802183
-40.0,26.0,10.0,3.0568063
-40.0,28.0,10.0,3.0348558
-40.0,30.0,10.0,3.043262
-40.0,32.0,10.0,2.9945047
-40.0,34.0,10.0,2.9882753
-40.0,36.0,10.0,3.039289
-40.0,38.0,10.0,3.0944095
-40.0,40.0,10.0,3.0966551
-40.0,42.0,10.0,3.0930479
-40.0,44.0,10.0,3.118778
-40.0,46.0,10.0,3.15344
-40.0,48.0,10.0,3.120691
-40.0,50.0,10.0,3.1430118
-40.0,52.0,10.0,3.1380007
-40.0,54.0,10.0,3.1817837
-40.0,56.0,10.0,3.1354806
-40.0,58.0,10.0,3.0826013
-40.0,60.0,10.0,3.1905458
-40.0,62.0,10.0,3.3249824
-40.0,64.0,10.0,3.3532217
-40.0,66.0,10.0,3.3394117
-40.0,68.0,10.0,3.3199382
-40.0,70.0,10.0,3.2651975
-40.0,72.0,10.0,3.2032926
-40.0,74.0,10.0,3.0909314
-40.0,76.0,10.0,3.1770825
-40.0,78.0,10.0,3.3159714
-40.0,80.0,10.0,3.2956777
-40.0,82.0,10.0,3.3488448
-40.0,84.0,10.0,3.4957855
-40.0,86.0,10.0,3.4392705
-40.0,88.0,10.0,3.274579
-40.0,90.0,10.0,3.3521945
-40.0,92.0,10.0,3.457849
-40.0,94.0,10.0,3.4787478
-40.0,96.0,10.0,3.375827
-40.0,98.0,10.0,3.3705497
-40.0,100.0,10.0,3.3654118
-40.0,102.0,10.0,3.2496948
-40.0,104.0,10.0,3.20756
-40.0,106.0,10.0,3.3813016
-40.0,108.0,10.0,3.4989927
-40.0,110.0,10.0,3.3662949
-40.0,112.0,10.0,3.4102068
-40.0,114.0,10.0,3.5428233
-40.0,116.0,10.0,3.481149
-40.0,118.0,10.0,3.3501894
-40.0,120.0,10.0,3.3649669
-40.0,122.0,10.0,3.4094543
-40.0,124.0,10.0,3.3878937
-40.0,126.0,10.0,3.1427119
-40.0,128.0,10.0,3.2040105
-40.0,130.0,10.0,3.3355863
-40.0,132.0,10.0,3.2807927
-40.0,134.0,10.0,3.0582466
-40.0,136.0,10.0,3.022798
-40.0,138.0,10.0,3.1696677
-40.0,140.0,10.0,3.3154812
-40.0,142.0,10.0,3.3405604
-40.0,144.0,10.0,3.2669396
-40.0,146.0,10.0,3.1450136
-40.0,148.0,10.0,3.1906064
-40.0,150.0,10.0,3.2487667
-40.0,152.0,10.0,3.2492938
-40.0,154.0,10.0,3.2697818
-40.0,156.0,10.0,3.3845832
-40.0,158.0,10.0,3.3588767
-40.0,160.0,10.0,3.1694064
-40.0,162.0,10.0,3.1157072
-40.0,164.0,10.0,3.0846536
-40.0,166.0,10.0,3.0432482
-40.0,168.0,10.0,2.9984426
-40.0,170.0,10.0,3.0628154
-40.0,172.0,10.0,3.162761
-40.0,174.0,10.0,2.9267895
-40.0,176.0,10.0,2.8268197
-40.0,178.0,10.0,2.9192743
-40.0,180.0,10.0,2.9095821
-38.0,-180.0,10.0,3.1646562
-38.0,-178.0,10.0,3.0682685
-38.0,-176.0,10.0,3.029782
-38.0,-174.0,10.0,3.148991
-38.0,-172.0,10.0,2.9992023
-38.0,-170.0,10.0,2.935884
-38.0,-168.0,10.0,2.9011843
-38.0,-166.0,10.0,2.9685185
-38.0,-164.0,10.0,2.9284291
-38.0,-162.0,10.0,2.882885
-38.0,-160.0,10.0,2.8792114
-38.0,-158.0,10.0,2.8736598
-38.0,-156.0,10.0,2.8073611
-38.0,-154.0,10.0,2.8077867
-38.0,-152.0,10.0,2.7690654
-38.0,-150.0,10.0,2.6877933
-38.0,-148.0,10.0,2.4996147
-38.0,-146.0,10.0,2.4650252
-38.0,-144.0,10.0,2.5643237
-38.0,-142.0,10.0,2.5225625
-38.0,-140.0,10.0,2.442912
-38.0,-138.0,10.0,2.284034
-38.0,-136.0,10.0,2.2241428
-38.0,-134.0,10.0,2.143991
-38.0,-132.0,10.0,2.2036169
-38.0,-130.0,10.0,2.4449897
-38.0,-128.0,10.0,2.3709774
-38.0,-126.0,10.0,2.1776083
-38.0,-124.0,10.0,2.1932683
-38.0,-122.0,10.0,2.2341003
-38.0,-120.0,10.0,2.266114
-38.0,-118.0,10.0,2.3348625
-38.0,-116.0,10.0,2.2937129
-38.0,-114.0,10.0,2.2201672
-38.0,-112.0,10.0,2.1090581
-38.0,-110.0,10.0,1.975523
-38.0,-108.0,10.0,2.138494
-38.0,-106.0,10.0,2.0388732
-38.0,-104.0,10.0,1.8623567
-38.0,-102.0,10.0,1.8722403
-38.0,-100.0,10.0,1.8965951
-38.0,-98.0,10.0,2.0406086
-38.0,-96.0,10.0,2.0035431
-38.0,-94.0,10.0,1.9995029
-38.0,-92.0,10.0,2.1223855
-38.0,-90.0,10.0,1.9976262
-38.0,-88.0,10.0,2.0537198
-38.0,-86.0,10.0,2.2264585
-38.0,-84.0,10.0,2.2144637
-38.0,-82.0,10.0,2.1156583
-38.0,-80.0,10.0,1.9777302
-38.0,-78.0,10.0,2.0412886
-38.0,-76.0,10.0,1.99602
-38.0,-74.0,10.0,2.0782187
-38.0,-72.0,10.0,2.1202686
-38.0,-70.0,10.0,2.0611243
-38.0,-68.0,10.0,2.0504885
-38.0,-66.0,10.0,2.1160653
-38.0,-64.0,10.0,2.290048
-38.0,-62.0,10.0,2.3198457
-38.0,-60.0,10.0,2.2452037
-38.0,-58.0,10.0,2.2266736
-38.0,-56.0,10.0,2.209952
-38.0,-54.0,10.0,2.2947774
-38.0,-52.0,10.0,2.4206927
-38.0,-50.0,10.0,2.4347482
-38.0,-48.0,10.0,2.3138163
-38.0,-46.0,10.0,2.3813157
-38.0,-44.0,10.0,2.4675457
-38.0,-42.0,10.0,2.4291723
-38.0,-40.0,10.0,2.4584706
-38.0,-38.0,10.0,2.4539516
-38.0,-36.0,10.0,2.4743881
-38.0,-34.0,10.0,2.5610886
-38.0,-32.0,10.0,2.6200428
-38.0,-30.0,10.0,2.722793
-38.0,-28.0,10.0,2.672972
-38.0,-26.0,10.0,2.733727
-38.0,-24.0,10.0,2.8232205
-38.0,-22.0,10.0,2.920212
-38.0,-20.0,10.0,2.9813962
-38.0,-18.0,10.0,2.9658875
-38.0,-16.0,10.0,2.9551482
-38.0,-14.0,10.0,3.0023742
-38.0,-12.0,10.0,3.040447
-38.0,-10.0,10.0,3.0199912
-38.0,-8.0,10.0,3.0916042
-38.0,-6.0,10.0,3.2283585
-38.0,-4.0,10.0,3.1422899
-38.0,-2.0,10.0,3.1262002
-38.0,0.0,10.0,3.086588
-38.0,2.0,10.0,2.994465
-38.0,4.0,10.0,2.9513888
-38.0,6.0,10.0,3.1079895
-38.0,8.0,10.0,3.2096355
-38.0,10.0,10.0,3.2047303
-38.0,12.0,10.0,3.2307432
-38.0,14.0,10.0,3.3391025
-38.0,16.0,10.0,3.3329372
-38.0,18.0,10.0,3.3415813
-38.0,20.0,10.0,3.3568377
-38.0,22.0,10.0,3.4371386
-38.0,24.0,10.0,3.4455435
-38.0,26.0,10.0,3.394853
-38.0,28.0,10.0,3.3111515
-38.0,30.0,10.0,3.265235
-38.0,32.0,10.0,3.297061
-38.0,34.0,10.0,3.2430694
-38.0,36.0,10.0,3.2338505
-38.0,38.0,10.0,3.3079424
-38.0,40.0,10.0,3.3318806
-38.0,42.0,10.0,3.310314
-38.0,44.0,10.0,3.2876105
-38.0,46.0,10.0,3.2880287
-38.0,48.0,10.0,3.3616896
-38.0,50.0,10.0,3.3585837
-38.0,52.0,10.0,3.4411736
-38.0,54.0,10.0,3.5015998
-38.0,56.0,10.0,3.504691
-38.0,58.0,10.0,3.4082453
-38.0,60.0,10.0,3.5000064
-38.0,62.0,10.0,3.6997097
-38.0,64.0,10.0,3.7469094
-38.0,66.0,10.0,3.6909232
-38.0,68.0,10.0,3.624427
-38.0,70.0,10.0,3.5980191
-38.0,72.0,10.0,3.4516537
-38.0,74.0,10.0,3.3900414
-38.0,76.0,10.0,3.5006273
-38.0,78.0,10.0,3.6179373
-38.0,80.0,10.0,3.6103523
-38.0,82.0,10.0,3.6372085
-38.0,84.0,10.0,3.7784662
-38.0,86.0,10.0,3.8057277
-38.0,88.0,10.0,3.6454113
-38.0,90.0,10.0,3.7172153
-38.0,92.0,10.0,3.8229382
-38.0,94.0,10.0,3.8690298
-38.0,96.0,10.0,3.7500412
-38.0,98.0,10.0,3.72877
-38.0,100.0,10.0,3.677942
-38.0,102.0,10.0,3.5318494
-38.0,104.0,10.0,3.5154824
-38.0,106.0,10.0,3.6626542
-38.0,108.0,10.0,3.755748
-38.0,110.0,10.0,3.6884556
-38.0,112.0,10.0,3.7589655
-38.0,114.0,10.0,3.9077952
-38.0,116.0,10.0,3.8996952
-38.0,118.0,10.0,3.758374
-38.0,120.0,10.0,3.7173262
-38.0,122.0,10.0,3.773074
-38.0,124.0,10.0,3.6901133
-38.0,126.0,10.0,3.5522196
-38.0,128.0,10.0,3.5628202
-38.0,130.0,10.0,3.709053
-38.0,132.0,10.0,3.570228
-38.0,134.0,10.0,3.253022
-38.0,136.0,10.0,3.2103167
-38.0,138.0,10.0,3.3957477
-38.0,140.0,10.0,3.5652869
-38.0,142.0,10.0,3.627241
-38.0,144.0,10.0,3.5172808
-38.0,146.0,10.0,3.4456642
-38.0,148.0,10.0,3.4811318
-38.0,150.0,10.0,3.5529168
-38.0,152.0,10.0,3.4727626
-38.0,154.0,10.0,3.5178115
-38.0,156.0,10.0,3.6473513
-38.0,158.0,10.0,3.6322439
-38.0,160.0,10.0,3.4803386
-38.0,162.0,10.0,3.4169977
-38.0,164.0,10.0,3.3931808
-38.0,166.0,10.0,3.3469162
-38.0,168.0,10.0,3.2839513
-38.0,170.0,10.0,3.312392
-38.0,172.0,10.0,3.2898424
-38.0,174.0,10.0,3.1433992
-38.0,176.0,10.0,3.0794463
-38.0,178.0,10.0,3.1258566
-38.0,180.0,10.0,3.1646562
-36.0,-180.0,10.0,2.7677596
-36.0,-178.0,10.0,2.6506498
-36.0,-176.0,10.0,2.6244211
-36.0,-174.0,10.0,2.7193143
-36.0,-172.0,10.0,2.665384
-36.0,-170.0,10.0,2.6155858
-36.0,-168.0,10.0,2.5951207
-36.0,-166.0,10.0,2.6828988
-36.0,-164.0,10.0,2.5806782
-36.0,-162.0,10.0,2.4875948
-36.0,-160.0,10.0,2.5095851
-36.0,-158.0,10.0,2.5504205
-36.0,-156.0,10.0,2.4162421
-36.0,-154.0,10.0,2.3947973
-36.0,-152.0,10.0,2.3665314
-36.0,-150.0,10.0,2.2963903
-36.0,-148.0,10.0,2.082701
-36.0,-146.0,10.0,2.0570858
-36.0,-144.0,10.0,2.1518412
-36.0,-142.0,10.0,2.1601112
-36.0,-140.0,10.0,2.142552
-36.0,-138.0,10.0,2.04578
-36.0,-136.0,10.0,2.0342572
-36.0,-134.0,10.0,2.043224
-36.0,-132.0,10.0,2.0512998
-36.0,-130.0,10.0,2.237165
-36.0,-128.0,10.0,2.094993
-36.0,-126.0,10.0,1.8817061
-36.0,-124.0,10.0,1.9257176
-36.0,-122.0,10.0,1.9803003
-36.0,-120.0,10.0,2.034608
-36.0,-118.0,10.0,2.0859175
-36.0,-116.0,10.0,2.1338983
-36.0,-114.0,10.0,2.0245156
-36.0,-112.0,10.0,1.8795933
-36.0,-110.0,10.0,1.8064672
-36.0,-108.0,10.0,1.9306297
-36.0,-106.0,10.0,1.9017683
-36.0,-104.0,10.0,1.7389313
-36.0,-102.0,10.0,1.7459178
-36.0,-100.0,10.0,1.7798895
-36.0,-98.0,10.0,1.9050769
-36.0,-96.0,10.0,1.8858432
-36.0,-94.0,10.0,1.86041
-36.0,-92.0,10.0,1.8945806
-36.0,-90.0,10.0,1.8532397
-36.0,-88.0,10.0,1.9088649
-36.0,-86.0,10.0,2.037669
-36.0,-84.0,10.0,2.0859919
-36.0,-82.0,10.0,1.9985945
-36.0,-80.0,10.0,1.8594366
-36.0,-78.0,10.0,1.9487075
-36.0,-76.0,10.0,1.8478638
-36.0,-74.0,10.0,1.8478519
-36.0,-72.0,10.0,1.9490719
-36.0,-70.0,10.0,1.9288335
-36.0,-68.0,10.0,1.9395548
-36.0,-66.0,10.0,2.010595
-36.0,-64.0,10.0,2.0991433
-36.0,-62.0,10.0,2.0890303
-36.0,-60.0,10.0,2.1113224
-36.0,-58.0,10.0,2.1046286
-36.0,-56.0,10.0,2.096798
-36.0,-54.0,10.0,2.0927808
-36.0,-52.0,10.0,2.2073283
-36.0,-50.0,10.0,2.2620995
-36.0,-48.0,10.0,2.1808972
-36.0,-46.0,10.0,2.305971
-36.0,-44.0,10.0,2.34744
-36.0,-42.0,10.0,2.3069005
-36.0,-40.0,10.0,2.3318427
-36.0,-38.0,10.0,2.3313334
-36.0,-36.0,10.0,2.34951
-36.0,-34.0,10.0,2.366001
-36.0,-32.0,10.0,2.411243
-36.0,-30.0,10.0,2.5193195
-36.0,-28.0,10.0,2.4964993
-36.0,-26.0,10.0,2.5269167
-36.0,-24.0,10.0,2.5917149
-36.0,-22.0,10.0,2.6391666
-36.0,-20.0,10.0,2.7002006
-36.0,-18.0,10.0,2.7042232
-36.0,-16.0,10.0,2.672735
-36.0,-14.0,10.0,2.7238214
-36.0,-12.0,10.0,2.798067
-36.0,-10.0,10.0,2.7597263
-36.0,-8.0,10.0,2.8494172
-36.0,-6.0,10.0,2.9281313
-36.0,-4.0,10.0,2.9368165
-36.0,-2.0,10.0,2.8741777
-36.0,0.0,10.0,2.8701675
-36.0,2.0,10.0,2.7606795
-36.0,4.0,10.0,2.7543337
-36.0,6.0,10.0,2.8439968
-36.0,8.0,10.0,2.9617932
-36.0,10.0,10.0,2.9485407
-36.0,12.0,10.0,2.9025247
-36.0,14.0,10.0,2.9764028
-36.0,16.0,10.0,2.9713109
-36.0,18.0,10.0,3.0126872
-36.0,20.0,10.0,3.0556982
-36.0,22.0,10.0,3.1400847
-36.0,24.0,10.0,3.1954916
-36.0,26.0,10.0,3.145401
-36.0,28.0,10.0,3.0797048
-36.0,30.0,10.0,3.0284064
-36.0,32.0,10.0,2.9846756
-36.0,34.0,10.0,2.9621367
-36.0,36.0,10.0,2.968515
-36.0,38.0,10.0,3.0160575
-36.0,40.0,10.0,3.0450418
-36.0,42.0,10.0,3.0430696
-36.0,44.0,10.0,2.992662
-36.0,46.0,10.0,2.9760084
-36.0,48.0,10.0,3.041464
-36.0,50.0,10.0,3.083323
-36.0,52.0,10.0,3.1499443
-36.0,54.0,10.0,3.2341905
-36.0,56.0,10.0,3.1917317
-36.0,58.0,10.0,3.0761936
-36.0,60.0,10.0,3.14936
-36.0,62.0,10.0,3.368816
-36.0,64.0,10.0,3.3738236
-36.0,66.0,10.0,3.318364
-36.0,68.0,10.0,3.2478096
-36.0,70.0,10.0,3.2228196
-36.0,72.0,10.0,3.1004906
-36.0,74.0,10.0,3.0897841
-36.0,76.0,10.0,3.216589
-36.0,78.0,10.0,3.3082926
-36.0,80.0,10.0,3.2646203
-36.0,82.0,10.0,3.2931924
-36.0,84.0,10.0,3.4548304
-36.0,86.0,10.0,3.473803
-36.0,88.0,10.0,3.3095312
-36.0,90.0,10.0,3.3569186
-36.0,92.0,10.0,3.4110203
-36.0,94.0,10.0,3.4041078
-36.0,96.0,10.0,3.3991144
-36.0,98.0,10.0,3.3649316
-36.0,100.0,10.0,3.3640068
-36.0,102.0,10.0,3.2945323
-36.0,104.0,10.0,3.2960112
-36.0,106.0,10.0,3.3873405
-36.0,108.0,10.0,3.4189844
-36.0,110.0,10.0,3.3499312
-36.0,112.0,10.0,3.4029396
-36.0,114.0,10.0,3.5785444
-36.0,116.0,10.0,3.5664265
-36.0,118.0,10.0,3.4120471
-36.0,120.0,10.0,3.3924398
-36.0,122.0,10.0,3.3823938
-36.0,124.0,10.0,3.204844
-36.0,126.0,10.0,3.1049397
-36.0,128.0,10.0,3.160145
-36.0,130.0,10.0,3.3447018
-36.0,132.0,10.0,3.2160208
-36.0,134.0,10.0,2.943595
-36.0,136.0,10.0,2.9082274
-36.0,138.0,10.0,3.0897985
-36.0,140.0,10.0,3.2527578
-36.0,142.0,10.0,3.2441304
-36.0,144.0,10.0,3.095527
-36.0,146.0,10.0,3.0736225
-36.0,148.0,10.0,3.088651
-36.0,150.0,10.0,3.1595514
-36.0,152.0,10.0,3.0628073
-36.0,154.0,10.0,3.0694194
-36.0,156.0,10.0,3.1719909
-36.0,158.0,10.0,3.1067576
-36.0,160.0,10.0,3.001113
-36.0,162.0,10.0,2.9895246
-36.0,164.0,10.0,2.9992995
-36.0,166.0,10.0,2.9616528
-36.0,168.0,10.0,2.8224487
-36.0,170.0,10.0,2.881338
-36.0,172.0,10.0,2.9129066
-36.0,174.0,10.0,2.7777817
-36.0,176.0,10.0,2.6989658
-36.0,178.0,10.0,2.7305417
-36.0,180.0,10.0,2.7677596
-34.0,-180.0,10.0,2.379006
-34.0,-178.0,10.0,2.2541523
-34.0,-176.0,10.0,2.3376753
-34.0,-174.0,10.0,2.3676076
-34.0,-172.0,10.0,2.311946
-34.0,-170.0,10.0,2.3019505
-34.0,-168.0,10.0,2.3003824
-34.0,-166.0,10.0,2.2758338
-34.0,-164.0,10.0,2.1502628
-34.0,-162.0,10.0,2.0965326
-34.0,-160.0,10.0,2.1273372
-34.0,-158.0,10.0,2.1924896
-34.0,-156.0,10.0,2.0589483
-34.0,-154.0,10.0,2.063036
-34.0,-152.0,10.0,2.0697358
-34.0,-150.0,10.0,1.9933292
-34.0,-148.0,10.0,1.8826572
-34.0,-146.0,10.0,1.8082596
-34.0,-144.0,10.0,1.897926
-34.0,-142.0,10.0,1.9603553
-34.0,-140.0,10.0,1.9623381
-34.0,-138.0,10.0,1.8867573
-34.0,-136.0,10.0,1.8220644
-34.0,-134.0,10.0,1.8081521
-34.0,-132.0,10.0,1.8636719
-34.0,-130.0,10.0,1.8561494
-34.0,-128.0,10.0,1.7564296
-34.0,-126.0,10.0,1.6791118
-34.0,-124.0,10.0,1.7085575
-34.0,-122.0,10.0,1.7305324
-34.0,-120.0,10.0,1.7086413
-34.0,-118.0,10.0,1.774107
-34.0,-116.0,10.0,1.8560266
-34.0,-114.0,10.0,1.7921065
-34.0,-112.0,10.0,1.6907634
-34.0,-110.0,10.0,1.6677545
-34.0,-108.0,10.0,1.8030801
-34.0,-106.0,10.0,1.771072
-34.0,-104.0,10.0,1.6789879
-34.0,-102.0,10.0,1.6578082
-34.0,-100.0,10.0,1.6942115
-34.0,-98.0,10.0,1.8201526
-34.0,-96.0,10.0,1.809365
-34.0,-94.0,10.0,1.7600039
-34.0,-92.0,10.0,1.7620115
-34.0,-90.0,10.0,1.6870552
-34.0,-88.0,10.0,1.7935524
-34.0,-86.0,10.0,1.8638502
-34.0,-84.0,10.0,1.8872789
-34.0,-82.0,10.0,1.8170662
-34.0,-80.0,10.0,1.7595083
-34.0,-78.0,10.0,1.825987
-34.0,-76.0,10.0,1.7387471
-34.0,-74.0,10.0,1.7457868
-34.0,-72.0,10.0,1.8291253
-34.0,-70.0,10.0,1.8047187
-34.0,-68.0,10.0,1.8408285
-34.0,-66.0,10.0,1.8662865
-34.0,-64.0,10.0,1.9145339
-34.0,-62.0,10.0,1.8535419
-34.0,-60.0,10.0,1.8894596
-34.0,-58.0,10.0,1.9707934
-34.0,-56.0,10.0,2.0043957
-34.0,-54.0,10.0,1.9512467
-34.0,-52.0,10.0,1.9743938
-34.0,-50.0,10.0,2.0473394
-34.0,-48.0,10.0,2.10953
-34.0,-46.0,10.0,2.2466002
-34.0,-44.0,10.0,2.2724183
-34.0,-42.0,10.0,2.230322
-34.0,-40.0,10.0,2.2558432
-34.0,-38.0,10.0,2.2777648
-34.0,-36.0,10.0,2.3280945
-34.0,-34.0,10.0,2.3405433
-34.0,-32.0,10.0,2.2592921
-34.0,-30.0,10.0,2.32692
-34.0,-28.0,10.0,2.313522
-34.0,-26.0,10.0,2.3577738
-34.0,-24.0,10.0,2.361866
-34.0,-22.0,10.0,2.408119
-34.0,-20.0,10.0,2.4760036
-34.0,-18.0,10.0,2.4508383
-34.0,-16.0,10.0,2.4160345
-34.0,-14.0,10.0,2.5073273
-34.0,-12.0,10.0,2.6097417
-34.0,-10.0,10.0,2.66668
-34.0,-8.0,10.0,2.648078
-34.0,-6.0,10.0,2.702576
-34.0,-4.0,10.0,2.7195406
-34.0,-2.0,10.0,2.6370642
-34.0,0.0,10.0,2.7142715
-34.0,2.0,10.0,2.606386
-34.0,4.0,10.0,2.5595093
-34.0,6.0,10.0,2.5743318
-34.0,8.0,10.0,2.6854792
-34.0,10.0,10.0,2.7093644
-34.0,12.0,10.0,2.6374712
-34.0,14.0,10.0,2.6602485
-34.0,16.0,10.0,2.6913145
-34.0,18.0,10.0,2.755716
-34.0,20.0,10.0,2.7291136
-34.0,22.0,10.0,2.7260573
-34.0,24.0,10.0,2.7473578
-34.0,26.0,10.0,2.750328
-34.0,28.0,10.0,2.6974952
-34.0,30.0,10.0,2.719461
-34.0,32.0,10.0,2.7245107
-34.0,34.0,10.0,2.6878333
-34.0,36.0,10.0,2.6443236
-34.0,38.0,10.0,2.668148
-34.0,40.0,10.0,2.6655471
-34.0,42.0,10.0,2.661217
-34.0,44.0,10.0,2.640889
-34.0,46.0,10.0,2.6181471
-34.0,48.0,10.0,2.614561
-34.0,50.0,10.0,2.6615667
-34.0,52.0,10.0,2.727474
-34.0,54.0,10.0,2.7889102
-34.0,56.0,10.0,2.8206367
-34.0,58.0,10.0,2.730702
-34.0,60.0,10.0,2.6882687
-34.0,62.0,10.0,2.775275
-34.0,64.0,10.0,2.8381522
-34.0,66.0,10.0,2.819972
-34.0,68.0,10.0,2.7626128
-34.0,70.0,10.0,2.7043338
-34.0,72.0,10.0,2.7201552
-34.0,74.0,10.0,2.7437346
-34.0,76.0,10.0,2.7757468
-34.0,78.0,10.0,2.743628
-34.0,80.0,10.0,2.7895927
-34.0,82.0,10.0,2.8255203
-34.0,84.0,10.0,2.8913846
-34.0,86.0,10.0,2.960257
-34.0,88.0,10.0,2.8770838
-34.0,90.0,10.0,2.7892978
-34.0,92.0,10.0,2.7842276
-34.0,94.0,10.0,2.8137197
-34.0,96.0,10.0,2.8390634
-34.0,98.0,10.0,2.8059118
-34.0,100.0,10.0,2.7992795
-34.0,102.0,10.0,2.8555498
-34.0,104.0,10.0,2.868254
-34.0,106.0,10.0,2.8818033
-34.0,108.0,10.0,2.8902268
-34.0,110.0,10.0,2.852611
-34.0,112.0,10.0,2.8261676
-34.0,114.0,10.0,2.977489
-34.0,116.0,10.0,2.955956
-34.0,118.0,10.0,2.8642626
-34.0,120.0,10.0,2.8283277
-34.0,122.0,10.0,2.7474992
-34.0,124.0,10.0,2.7084763
-34.0,126.0,10.0,2.6695347
-34.0,128.0,10.0,2.7121098
-34.0,130.0,10.0,2.7886071
-34.0,132.0,10.0,2.7350368
-34.0,134.0,10.0,2.5986526
-34.0,136.0,10.0,2.5946214
-34.0,138.0,10.0,2.72538
-34.0,140.0,10.0,2.7856073
-34.0,142.0,10.0,2.7570157
-34.0,144.0,10.0,2.6747742
-34.0,146.0,10.0,2.644165
-34.0,148.0,10.0,2.615004
-34.0,150.0,10.0,2.6721678
-34.0,152.0,10.0,2.592995
-34.0,154.0,10.0,2.5977433
-34.0,156.0,10.0,2.636286
-34.0,158.0,10.0,2.6173432
-34.0,160.0,10.0,2.5860212
-34.0,162.0,10.0,2.5816154
-34.0,164.0,10.0,2.5298362
-34.0,166.0,10.0,2.5156648
-34.0,168.0,10.0,2.4422479
-34.0,170.0,10.0,2.488105
-34.0,172.0,10.0,2.5277336
-34.0,174.0,10.0,2.4008634
-34.0,176.0,10.0,2.3203168
-34.0,178.0,10.0,2.3713202
-34.0,180.0,10.0,2.379006
-32.0,-180.0,10.0,2.2001195
-32.0,-178.0,10.0,2.1363409
-32.0,-176.0,10.0,2.2217553
-32.0,-174.0,10.0,2.2046866
-32.0,-172.0,10.0,2.1251163
-32.0,-170.0,10.0,2.1097963
-32.0,-168.0,10.0,2.0756094
-32.0,-166.0,10.0,2.019773
-32.0,-164.0,10.0,1.9618142
-32.0,-162.0,10.0,1.9025189
-32.0,-160.0,10.0,1.8860377
-32.0,-158.0,10.0,1.9200871
-32.0,-156.0,10.0,1.8827924
-32.0,-154.0,10.0,1.8946669
-32.0,-152.0,10.0,1.90327
-32.0,-150.0,10.0,1.8582102
-32.0,-148.0,10.0,1.7464765
-32.0,-146.0,10.0,1.67822
-32.0,-144.0,10.0,1.7241161
-32.0,-142.0,10.0,1.8164549
-32.0,-140.0,10.0,1.8085203
-32.0,-138.0,10.0,1.7249849
-32.0,-136.0,10.0,1.6653347
-32.0,-134.0,10.0,1.6746236
-32.0,-132.0,10.0,1.6719886
-32.0,-130.0,10.0,1.6291877
-32.0,-128.0,10.0,1.5965906
-32.0,-126.0,10.0,1.534279
-32.0,-124.0,10.0,1.5526996
-32.0,-122.0,10.0,1.5849336
-32.0,-120.0,10.0,1.5753524
-32.0,-118.0,10.0,1.6206644
-32.0,-116.0,10.0,1.6588227
-32.0,-114.0,10.0,1.6381292
-32.0,-112.0,10.0,1.5654047
-32.0,-110.0,10.0,1.5990914
-32.0,-108.0,10.0,1.7301693
-32.0,-106.0,10.0,1.7175689
-32.0,-104.0,10.0,1.6340665
-32.0,-102.0,10.0,1.6027726
-32.0,-100.0,10.0,1.6021369
-32.0,-98.0,10.0,1.6894107
-32.0,-96.0,10.0,1.6816771
-32.0,-94.0,10.0,1.6742117
-32.0,-92.0,10.0,1.6565931
-32.0,-90.0,10.0,1.5673077
-32.0,-88.0,10.0,1.7018824
-32.0,-86.0,10.0,1.7838101
-32.0,-84.0,10.0,1.7429703
-32.0,-82.0,10.0,1.6884483
-32.0,-80.0,10.0,1.6586931
-32.0,-78.0,10.0,1.7056031
-32.0,-76.0,10.0,1.6802069
-32.0,-74.0,10.0,1.708254
-32.0,-72.0,10.0,1.7061831
-32.0,-70.0,10.0,1.6888264
-32.0,-68.0,10.0,1.7082049
-32.0,-66.0,10.0,1.7340902
-32.0,-64.0,10.0,1.7393042
-32.0,-62.0,10.0,1.7091132
-32.0,-60.0,10.0,1.7024492
-32.0,-58.0,10.0,1.7882011
-32.0,-56.0,10.0,1.8427333
-32.0,-54.0,10.0,1.8210394
-32.0,-52.0,10.0,1.8600075
-32.0,-50.0,10.0,1.9341705
-32.0,-48.0,10.0,1.9679604
-32.0,-46.0,10.0,2.138645
-32.0,-44.0,10.0,2.189664
-32.0,-42.0,10.0,2.159173
-32.0,-40.0,10.0,2.1411057
-32.0,-38.0,10.0,2.1742952
-32.0,-36.0,10.0,2.240541
-32.0,-34.0,10.0,2.26716
-32.0,-32.0,10.0,2.1908233
-32.0,-30.0,10.0,2.2189915
-32.0,-28.0,10.0,2.20401
-32.0,-26.0,10.0,2.271356
-32.0,-24.0,10.0,2.237721
-32.0,-22.0,10.0,2.29566
-32.0,-20.0,10.0,2.3736823
-32.0,-18.0,10.0,2.3152542
-32.0,-16.0,10.0,2.2947164
-32.0,-14.0,10.0,2.3730783
-32.0,-12.0,10.0,2.4753873
-32.0,-10.0,10.0,2.5050428
-32.0,-8.0,10.0,2.4957297
-32.0,-6.0,10.0,2.5924976
-32.0,-4.0,10.0,2.6024656
-32.0,-2.0,10.0,2.5124722
-32.0,0.0,10.0,2.5830078
-32.0,2.0,10.0,2.542441
-32.0,4.0,10.0,2.4789517
-32.0,6.0,10.0,2.4478278
-32.0,8.0,10.0,2.5339546
-32.0,10.0,10.0,2.5679498
-32.0,12.0,10.0,2.5284214
-32.0,14.0,10.0,2.5276089
-32.0,16.0,10.0,2.623935
-32.0,18.0,10.0,2.6456997
-32.0,20.0,10.0,2.5972397
-32.0,22.0,10.0,2.568848
-32.0,24.0,10.0,2.594174
-32.0,26.0,10.0,2.5951192
-32.0,28.0,10.0,2.5955205
-32.0,30.0,10.0,2.5762637
-32.0,32.0,10.0,2.6092336
-32.0,34.0,10.0,2.596193
-32.0,36.0,10.0,2.5049696
-32.0,38.0,10.0,2.4959524
-32.0,40.0,10.0,2.528099
-32.0,42.0,10.0,2.56893
-32.0,44.0,10.0,2.5594614
-32.0,46.0,10.0,2.55063
-32.0,48.0,10.0,2.5179038
-32.0,50.0,10.0,2.5133333
-32.0,52.0,10.0,2.556769
-32.0,54.0,10.0,2.5947092
-32.0,56.0,10.0,2.6224303
-32.0,58.0,10.0,2.530817
-32.0,60.0,10.0,2.5186176
-32.0,62.0,10.0,2.549337
-32.0,64.0,10.0,2.5829825
-32.0,66.0,10.0,2.6009843
-32.0,68.0,10.0,2.6136947
-32.0,70.0,10.0,2.5917864
-32.0,72.0,10.0,2.6265154
-32.0,74.0,10.0,2.624905
-32.0,76.0,10.0,2.6512215
-32.0,78.0,10.0,2.6566489
-32.0,80.0,10.0,2.675488
-32.0,82.0,10.0,2.700864
-32.0,84.0,10.0,2.7465863
-32.0,86.0,10.0,2.7972548
-32.0,88.0,10.0,2.7105017
-32.0,90.0,10.0,2.617287
-32.0,92.0,10.0,2.5971136
-32.0,94.0,10.0,2.6562572
-32.0,96.0,10.0,2.6684837
-32.0,98.0,10.0,2.6514575
-32.0,100.0,10.0,2.6875381
-32.0,102.0,10.0,2.6967294
-32.0,104.0,10.0,2.7392397
-32.0,106.0,10.0,2.7215936
-32.0,108.0,10.0,2.7468686
-32.0,110.0,10.0,2.7364159
-32.0,112.0,10.0,2.7056575
-32.0,114.0,10.0,2.7639308
-32.0,116.0,10.0,2.7124257
-32.0,118.0,10.0,2.6329243
-32.0,120.0,10.0,2.6180847
-32.0,122.0,10.0,2.5332963
-32.0,124.0,10.0,2.4967012
-32.0,126.0,10.0,2.4948497
-32.0,128.0,10.0,2.5100548
-32.0,130.0,10.0,2.5945213
-32.0,132.0,10.0,2.578928
-32.0,134.0,10.0,2.4481418
-32.0,136.0,10.0,2.4265583
-32.0,138.0,10.0,2.5634072
-32.0,140.0,10.0,2.5958488
-32.0,142.0,10.0,2.5470154
-32.0,144.0,10.0,2.4228976
-32.0,146.0,10.0,2.4615483
-32.0,148.0,10.0,2.4542825
-32.0,150.0,10.0,2.5062375
-32.0,152.0,10.0,2.445167
-32.0,154.0,10.0,2.4412887
-32.0,156.0,10.0,2.4855688
-32.0,158.0,10.0,2.4113002
-32.0,160.0,10.0,2.3637383
-32.0,162.0,10.0,2.3882582
-32.0,164.0,10.0,2.3412097
-32.0,166.0,10.0,2.3110812
-32.0,168.0,10.0,2.2413216
-32.0,170.0,10.0,2.254467
-32.0,172.0,10.0,2.303653
-32.0,174.0,10.0,2.1785672
-32.0,176.0,10.0,2.1605334
-32.0,178.0,10.0,2.2041035
-32.0,180.0,10.0,2.2001195
-30.0,-180.0,10.0,2.1499321
-30.0,-178.0,10.0,2.1364515
-30.0,-176.0,10.0,2.1721272
-30.0,-174.0,10.0,2.1738641
-30.0,-172.0,10.0,2.0598307
-30.0,-170.0,10.0,2.005613
-30.0,-168.0,10.0,1.9417678
-30.0,-166.0,10.0,2.0061681
-30.0,-164.0,10.0,2.0484183
-30.0,-162.0,10.0,1.9791468
-30.0,-160.0,10.0,1.891232
-30.0,-158.0,10.0,1.9617064
-30.0,-156.0,10.0,1.8997086
-30.0,-154.0,10.0,1.873369
-30.0,-152.0,10.0,1.9498683
-30.0,-150.0,10.0,1.9774387
-30.0,-148.0,10.0,1.7884825
-30.0,-146.0,10.0,1.7146698
-30.0,-144.0,10.0,1.7541834
-30.0,-142.0,10.0,1.8010416
-30.0,-140.0,10.0,1.8029684
-30.0,-138.0,10.0,1.7630881
-30.0,-136.0,10.0,1.6884418
-30.0,-134.0,10.0,1.6169481
-30.0,-132.0,10.0,1.57163
-30.0,-130.0,10.0,1.6494192
-30.0,-128.0,10.0,1.6608168
-30.0,-126.0,10.0,1.566819
-30.0,-124.0,10.0,1.5644819
-30.0,-122.0,10.0,1.6329074
-30.0,-120.0,10.0,1.6328001
-30.0,-118.0,10.0,1.6247121
-30.0,-116.0,10.0,1.6548944
-30.0,-114.0,10.0,1.6661549
-30.0,-112.0,10.0,1.648194
-30.0,-110.0,10.0,1.6183791
-30.0,-108.0,10.0,1.7582102
-30.0,-106.0,10.0,1.7929382
-30.0,-104.0,10.0,1.746303
-30.0,-102.0,10.0,1.6841207
-30.0,-100.0,10.0,1.630791
-30.0,-98.0,10.0,1.7011762
-30.0,-96.0,10.0,1.670927
-30.0,-94.0,10.0,1.6178143
-30.0,-92.0,10.0,1.6967162
-30.0,-90.0,10.0,1.6522896
-30.0,-88.0,10.0,1.7154619
-30.0,-86.0,10.0,1.8389258
-30.0,-84.0,10.0,1.8241093
-30.0,-82.0,10.0,1.71293
-30.0,-80.0,10.0,1.6916997
-30.0,-78.0,10.0,1.8260574
-30.0,-76.0,10.0,1.8637276
-30.0,-74.0,10.0,1.8715315
-30.0,-72.0,10.0,1.779321
-30.0,-70.0,10.0,1.7519267
-30.0,-68.0,10.0,1.7546203
-30.0,-66.0,10.0,1.7418377
-30.0,-64.0,10.0,1.7726352
-30.0,-62.0,10.0,1.7997965
-30.0,-60.0,10.0,1.8275605
-30.0,-58.0,10.0,1.8184162
-30.0,-56.0,10.0,1.8220195
-30.0,-54.0,10.0,1.8818138
-30.0,-52.0,10.0,1.9242373
-30.0,-50.0,10.0,1.9499807
-30.0,-48.0,10.0,1.9050436
-30.0,-46.0,10.0,2.0908053
-30.0,-44.0,10.0,2.223713
-30.0,-42.0,10.0,2.1595242
-30.0,-40.0,10.0,2.1009262
-30.0,-38.0,10.0,2.1211536
-30.0,-36.0,10.0,2.1892374
-30.0,-34.0,10.0,2.216413
-30.0,-32.0,10.0,2.1741104
-30.0,-30.0,10.0,2.2634385
-30.0,-28.0,10.0,2.2945125
-30.0,-26.0,10.0,2.2581978
-30.0,-24.0,10.0,2.2407815
-30.0,-22.0,10.0,2.2986112
-30.0,-20.0,10.0,2.3747292
-30.0,-18.0,10.0,2.3842638
-30.0,-16.0,10.0,2.363484
-30.0,-14.0,10.0,2.3970568
-30.0,-12.0,10.0,2.4964693
-30.0,-10.0,10.0,2.4650068
-30.0,-8.0,10.0,2.4230413
-30.0,-6.0,10.0,2.5640073
-30.0,-4.0,10.0,2.5130596
-30.0,-2.0,10.0,2.4947243
-30.0,0.0,10.0,2.527766
-30.0,2.0,10.0,2.54049
-30.0,4.0,10.0,2.4948752
-30.0,6.0,10.0,2.4374864
-30.0,8.0,10.0,2.5022986
-30.0,10.0,10.0,2.529934
-30.0,12.0,10.0,2.4951932
-30.0,14.0,10.0,2.4894981
-30.0,16.0,10.0,2.5381625
-30.0,18.0,10.0,2.6140194
-30.0,20.0,10.0,2.525265
-30.0,22.0,10.0,2.5074174
-30.0,24.0,10.0,2.53884
-30.0,26.0,10.0,2.535179
-30.0,28.0,10.0,2.5214517
-30.0,30.0,10.0,2.4870825
-30.0,32.0,10.0,2.5138805
-30.0,34.0,10.0,2.5190816
-30.0,36.0,10.0,2.4286983
-30.0,38.0,10.0,2.420467
-30.0,40.0,10.0,2.4820595
-30.0,42.0,10.0,2.575536
-30.0,44.0,10.0,2.5274107
-30.0,46.0,10.0,2.4496365
-30.0,48.0,10.0,2.4549
-30.0,50.0,10.0,2.5117183
-30.0,52.0,10.0,2.5752108
-30.0,54.0,10.0,2.5507534
-30.0,56.0,10.0,2.5105705
-30.0,58.0,10.0,2.453855
-30.0,60.0,10.0,2.5358129
-30.0,62.0,10.0,2.5761101
-30.0,64.0,10.0,2.5976536
-30.0,66.0,10.0,2.621765
-30.0,68.0,10.0,2.6193526
-30.0,70.0,10.0,2.5791402
-30.0,72.0,10.0,2.511973
-30.0,74.0,10.0,2.5480502
-30.0,76.0,10.0,2.5895793
-30.0,78.0,10.0,2.5746236
-30.0,80.0,10.0,2.6104963
-30.0,82.0,10.0,2.6471286
-30.0,84.0,10.0,2.742944
-30.0,86.0,10.0,2.7364767
-30.0,88.0,10.0,2.6563091
-30.0,90.0,10.0,2.6214185
-30.0,92.0,10.0,2.57832
-30.0,94.0,10.0,2.6400313
-30.0,96.0,10.0,2.670405
-30.0,98.0,10.0,2.6649296
-30.0,100.0,10.0,2.6295485
-30.0,102.0,10.0,2.6060052
-30.0,104.0,10.0,2.619697
-30.0,106.0,10.0,2.6930304
-30.0,108.0,10.0,2.657937
-30.0,110.0,10.0,2.6330605
-30.0,112.0,10.0,2.7343261
-30.0,114.0,10.0,2.785341
-30.0,116.0,10.0,2.6728182
-30.0,118.0,10.0,2.5991373
-30.0,120.0,10.0,2.6117096
-30.0,122.0,10.0,2.5377536
-30.0,124.0,10.0,2.4030077
-30.0,126.0,10.0,2.3691313
-30.0,128.0,10.0,2.4574525
-30.0,130.0,10.0,2.5864162
-30.0,132.0,10.0,2.4835796
-30.0,134.0,10.0,2.3427267
-30.0,136.0,10.0,2.3166454
-30.0,138.0,10.0,2.471616
-30.0,140.0,10.0,2.5706282
-30.0,142.0,10.0,2.555472
-30.0,144.0,10.0,2.4367783
-30.0,146.0,10.0,2.434091
-30.0,148.0,10.0,2.4679968
-30.0,150.0,10.0,2.5047905
-30.0,152.0,10.0,2.4976022
-30.0,154.0,10.0,2.4544094
-30.0,156.0,10.0,2.5062351
-30.0,158.0,10.0,2.4950666
-30.0,160.0,10.0,2.4155347
-30.0,162.0,10.0,2.383886
-30.0,164.0,10.0,2.3724504
-30.0,166.0,10.0,2.329728
-30.0,168.0,10.0,2.2277293
-30.0,170.0,10.0,2.291996
-30.0,172.0,10.0,2.3880527
-30.0,174.0,10.0,2.275503
-30.0,176.0,10.0,2.1505413
-30.0,178.0,10.0,2.2116404
-30.0,180.0,10.0,2.1499321
-28.0,-180.0,10.0,2.1825848
-28.0,-178.0,10.0,2.1429574
-28.0,-176.0,10.0,2.1757476
-28.0,-174.0,10.0,2.196295
-28.0,-172.0,10.0,2.055506
-28.0,-170.0,10.0,1.9875494
-28.0,-168.0,10.0,1.9930078
-28.0,-166.0,10.0,1.9652424
-28.0,-164.0,10.0,1.9676102
-28.0,-162.0,10.0,1.971368
-28.0,-160.0,10.0,1.8892957
-28.0,-158.0,10.0,1.8521076
-28.0,-156.0,10.0,1.810297
-28.0,-154.0,10.0,1.8296907
-28.0,-152.0,10.0,1.8717377
-28.0,-150.0,10.0,1.8898052
-28.0,-148.0,10.0,1.8040382
-28.0,-146.0,10.0,1.7441454
-28.0,-144.0,10.0,1.8173608
-28.0,-142.0,10.0,1.7483387
-28.0,-140.0,10.0,1.7493639
-28.0,-138.0,10.0,1.7549067
-28.0,-136.0,10.0,1.7478462
-28.0,-134.0,10.0,1.691914
-28.0,-132.0,10.0,1.6533538
-28.0,-130.0,10.0,1.7414135
-28.0,-128.0,10.0,1.7505609
-28.0,-126.0,10.0,1.6820272
-28.0,-124.0,10.0,1.6997776
-28.0,-122.0,10.0,1.710827
-28.0,-120.0,10.0,1.7315996
-28.0,-118.0,10.0,1.7006402
-28.0,-116.0,10.0,1.747385
-28.0,-114.0,10.0,1.7347277
-28.0,-112.0,10.0,1.6822805
-28.0,-110.0,10.0,1.6910431
-28.0,-108.0,10.0,1.8158079
-28.0,-106.0,10.0,1.8857512
-28.0,-104.0,10.0,1.8643916
-28.0,-102.0,10.0,1.7784355
-28.0,-100.0,10.0,1.7299796
-28.0,-98.0,10.0,1.7970753
-28.0,-96.0,10.0,1.7460022
-28.0,-94.0,10.0,1.6992389
-28.0,-92.0,10.0,1.7819676
-28.0,-90.0,10.0,1.8045049
-28.0,-88.0,10.0,1.8011518
-28.0,-86.0,10.0,1.8747332
-28.0,-84.0,10.0,1.8890146
-28.0,-82.0,10.0,1.7589227
-28.0,-80.0,10.0,1.7678145
-28.0,-78.0,10.0,1.8750042
-28.0,-76.0,10.0,1.9454904
-28.0,-74.0,10.0,1.9332901
-28.0,-72.0,10.0,1.852742
-28.0,-70.0,10.0,1.8135902
-28.0,-68.0,10.0,1.8202043
-28.0,-66.0,10.0,1.8287953
-28.0,-64.0,10.0,1.847064
-28.0,-62.0,10.0,1.8996676
-28.0,-60.0,10.0,1.9029634
-28.0,-58.0,10.0,1.8351231
-28.0,-56.0,10.0,1.8447888
-28.0,-54.0,10.0,1.9050332
-28.0,-52.0,10.0,1.9842207
-28.0,-50.0,10.0,2.0207517
-28.0,-48.0,10.0,1.9619502
-28.0,-46.0,10.0,2.1450915
-28.0,-44.0,10.0,2.2697706
-28.0,-42.0,10.0,2.207579
-28.0,-40.0,10.0,2.1487038
-28.0,-38.0,10.0,2.1777656
-28.0,-36.0,10.0,2.2016656
-28.0,-34.0,10.0,2.2297037
-28.0,-32.0,10.0,2.2368047
-28.0,-30.0,10.0,2.2887084
-28.0,-28.0,10.0,2.315542
-28.0,-26.0,10.0,2.2956188
-28.0,-24.0,10.0,2.2969787
-28.0,-22.0,10.0,2.3221247
-28.0,-20.0,10.0,2.4230947
-28.0,-18.0,10.0,2.4112842
-28.0,-16.0,10.0,2.3843222
-28.0,-14.0,10.0,2.4075046
-28.0,-12.0,10.0,2.4826763
-28.0,-10.0,10.0,2.442151
-28.0,-8.0,10.0,2.413793
-28.0,-6.0,10.0,2.523473
-28.0,-4.0,10.0,2.4820273
-28.0,-2.0,10.0,2.4829905
-28.0,0.0,10.0,2.5269756
-28.0,2.0,10.0,2.5018191
-28.0,4.0,10.0,2.4749804
-28.0,6.0,10.0,2.4643686
-28.0,8.0,10.0,2.5234082
-28.0,10.0,10.0,2.5126336
-28.0,12.0,10.0,2.4655263
-28.0,14.0,10.0,2.4247186
-28.0,16.0,10.0,2.4491122
-28.0,18.0,10.0,2.481568
-28.0,20.0,10.0,2.4254153
-28.0,22.0,10.0,2.3842416
-28.0,24.0,10.0,2.4116197
-28.0,26.0,10.0,2.4449677
-28.0,28.0,10.0,2.4459221
-28.0,30.0,10.0,2.3558912
-28.0,32.0,10.0,2.3642242
-28.0,34.0,10.0,2.400322
-28.0,36.0,10.0,2.311033
-28.0,38.0,10.0,2.3103554
-28.0,40.0,10.0,2.3674695
-28.0,42.0,10.0,2.4634192
-28.0,44.0,10.0,2.3889663
-28.0,46.0,10.0,2.375171
-28.0,48.0,10.0,2.3143773
-28.0,50.0,10.0,2.3309262
-28.0,52.0,10.0,2.4105694
-28.0,54.0,10.0,2.4046903
-28.0,56.0,10.0,2.363766
-28.0,58.0,10.0,2.3402548
-28.0,60.0,10.0,2.376307
-28.0,62.0,10.0,2.381992
-28.0,64.0,10.0,2.4611769
-28.0,66.0,10.0,2.5035093
-28.0,68.0,10.0,2.541957
-28.0,70.0,10.0,2.4730628
-28.0,72.0,10.0,2.3944466
-28.0,74.0,10.0,2.423534
-28.0,76.0,10.0,2.5080304
-28.0,78.0,10.0,2.4782326
-28.0,80.0,10.0,2.4963186
-28.0,82.0,10.0,2.5396538
-28.0,84.0,10.0,2.5970652
-28.0,86.0,10.0,2.539912
-28.0,88.0,10.0,2.527831
-28.0,90.0,10.0,2.5330524
-28.0,92.0,10.0,2.5762658
-28.0,94.0,10.0,2.5874958
-28.0,96.0,10.0,2.5637271
-28.0,98.0,10.0,2.5848713
-28.0,100.0,10.0,2.5261352
-28.0,102.0,10.0,2.4940329
-28.0,104.0,10.0,2.5203648
-28.0,106.0,10.0,2.6210036
-28.0,108.0,10.0,2.5308514
-28.0,110.0,10.0,2.5673234
-28.0,112.0,10.0,2.648178
-28.0,114.0,10.0,2.6992512
-28.0,116.0,10.0,2.5758634
-28.0,118.0,10.0,2.4825325
-28.0,120.0,10.0,2.534056
-28.0,122.0,10.0,2.50602
-28.0,124.0,10.0,2.3113914
-28.0,126.0,10.0,2.2868187
-28.0,128.0,10.0,2.4166481
-28.0,130.0,10.0,2.5145912
-28.0,132.0,10.0,2.3744044
-28.0,134.0,10.0,2.195609
-28.0,136.0,10.0,2.1530473
-28.0,138.0,10.0,2.2691147
-28.0,140.0,10.0,2.4444332
-28.0,142.0,10.0,2.4176402
-28.0,144.0,10.0,2.23497
-28.0,146.0,10.0,2.2459617
-28.0,148.0,10.0,2.324258
-28.0,150.0,10.0,2.4078605
-28.0,152.0,10.0,2.3926222
-28.0,154.0,10.0,2.3342319
-28.0,156.0,10.0,2.3890004
-28.0,158.0,10.0,2.3750834
-28.0,160.0,10.0,2.2497206
-28.0,162.0,10.0,2.2079325
-28.0,164.0,10.0,2.2084367
-28.0,166.0,10.0,2.1648927
-28.0,168.0,10.0,2.071926
-28.0,170.0,10.0,2.2333865
-28.0,172.0,10.0,2.3024392
-28.0,174.0,10.0,2.1484332
-28.0,176.0,10.0,2.1024232
-28.0,178.0,10.0,2.1734002
-28.0,180.0,10.0,2.1825848
-26.0,-180.0,10.0,1.8630234
-26.0,-178.0,10.0,1.79058
-26.0,-176.0,10.0,1.8796434
-26.0,-174.0,10.0,1.9054853
-26.0,-172.0,10.0,1.8062396
-26.0,-170.0,10.0,1.7957928
-26.0,-168.0,10.0,1.772062
-26.0,-166.0,10.0,1.7134048
-26.0,-164.0,10.0,1.6719353
-26.0,-162.0,10.0,1.6675019
-26.0,-160.0,10.0,1.6697102
-26.0,-158.0,10.0,1.6952059
-26.0,-156.0,10.0,1.6553122
-26.0,-154.0,10.0,1.7184042
-26.0,-152.0,10.0,1.7163256
-26.0,-150.0,10.0,1.6386242
-26.0,-148.0,10.0,1.6105326
-26.0,-146.0,10.0,1.6147033
-26.0,-144.0,10.0,1.6753075
-26.0,-142.0,10.0,1.5860739
-26.0,-140.0,10.0,1.5843841
-26.0,-138.0,10.0,1.6132933
-26.0,-136.0,10.0,1.6583182
-26.0,-134.0,10.0,1.6076013
-26.0,-132.0,10.0,1.5780854
-26.0,-130.0,10.0,1.5795704
-26.0,-128.0,10.0,1.5892682
-26.0,-126.0,10.0,1.6121311
-26.0,-124.0,10.0,1.6588713
-26.0,-122.0,10.0,1.6056622
-26.0,-120.0,10.0,1.5749648
-26.0,-118.0,10.0,1.5977986
-26.0,-116.0,10.0,1.6383983
-26.0,-114.0,10.0,1.5970691
-26.0,-112.0,10.0,1.5810883
-26.0,-110.0,10.0,1.6225873
-26.0,-108.0,10.0,1.7213453
-26.0,-106.0,10.0,1.761331
-26.0,-104.0,10.0,1.7164943
-26.0,-102.0,10.0,1.6978697
-26.0,-100.0,10.0,1.6465347
-26.0,-98.0,10.0,1.6613877
-26.0,-96.0,10.0,1.6517373
-26.0,-94.0,10.0,1.6296493
-26.0,-92.0,10.0,1.6941829
-26.0,-90.0,10.0,1.6561154
-26.0,-88.0,10.0,1.673859
-26.0,-86.0,10.0,1.7647861
-26.0,-84.0,10.0,1.7572317
-26.0,-82.0,10.0,1.6664382
-26.0,-80.0,10.0,1.671436
-26.0,-78.0,10.0,1.7418424
-26.0,-76.0,10.0,1.7843419
-26.0,-74.0,10.0,1.8188255
-26.0,-72.0,10.0,1.7682778
-26.0,-70.0,10.0,1.7182448
-26.0,-68.0,10.0,1.7165945
-26.0,-66.0,10.0,1.7168101
-26.0,-64.0,10.0,1.7642937
-26.0,-62.0,10.0,1.7794178
-26.0,-60.0,10.0,1.7735883
-26.0,-58.0,10.0,1.7697434
-26.0,-56.0,10.0,1.8104519
-26.0,-54.0,10.0,1.8114178
-26.0,-52.0,10.0,1.8522927
-26.0,-50.0,10.0,1.8837713
-26.0,-48.0,10.0,1.930306
-26.0,-46.0,10.0,2.061082
-26.0,-44.0,10.0,2.1148689
-26.0,-42.0,10.0,2.0581896
-26.0,-40.0,10.0,1.9793655
-26.0,-38.0,10.0,2.0393977
-26.0,-36.0,10.0,2.0792994
-26.0,-34.0,10.0,2.1108975
-26.0,-32.0,10.0,2.0451264
-26.0,-30.0,10.0,2.1108673
-26.0,-28.0,10.0,2.119812
-26.0,-26.0,10.0,2.110892
-26.0,-24.0,10.0,2.1317103
-26.0,-22.0,10.0,2.1871455
-26.0,-20.0,10.0,2.240873
-26.0,-18.0,10.0,2.2479002
-26.0,-16.0,10.0,2.2486703
-26.0,-14.0,10.0,2.250282
-26.0,-12.0,10.0,2.337925
-26.0,-10.0,10.0,2.3137908
-26.0,-8.0,10.0,2.2550545
-26.0,-6.0,10.0,2.358573
-26.0,-4.0,10.0,2.3501494
-26.0,-2.0,10.0,2.3069086
-26.0,0.0,10.0,2.3485065
-26.0,2.0,10.0,2.333531
-26.0,4.0,10.0,2.2916086
-26.0,6.0,10.0,2.288967
-26.0,8.0,10.0,2.3201625
-26.0,10.0,10.0,2.3279374
-26.0,12.0,10.0,2.2867908
-26.0,14.0,10.0,2.249771
-26.0,16.0,10.0,2.2788432
-26.0,18.0,10.0,2.346488
-26.0,20.0,10.0,2.2459507
-26.0,22.0,10.0,2.2039526
-26.0,24.0,10.0,2.2229295
-26.0,26.0,10.0,2.2549658
-26.0,28.0,10.0,2.2629187
-26.0,30.0,10.0,2.1985757
-26.0,32.0,10.0,2.1829405
-26.0,34.0,10.0,2.1908786
-26.0,36.0,10.0,2.091363
-26.0,38.0,10.0,2.0848079
-26.0,40.0,10.0,2.1551507
-26.0,42.0,10.0,2.2521975
-26.0,44.0,10.0,2.2418938
-26.0,46.0,10.0,2.203677
-26.0,48.0,10.0,2.1252565
-26.0,50.0,10.0,2.1186469
-26.0,52.0,10.0,2.1791008
-26.0,54.0,10.0,2.2306883
-26.0,56.0,10.0,2.1846468
-26.0,58.0,10.0,2.1224477
-26.0,60.0,10.0,2.1571503
-26.0,62.0,10.0,2.1861975
-26.0,64.0,10.0,2.2319596
-26.0,66.0,10.0,2.2402718
-26.0,68.0,10.0,2.2676728
-26.0,70.0,10.0,2.2258725
-26.0,72.0,10.0,2.180574
-26.0,74.0,10.0,2.1729984
-26.0,76.0,10.0,2.3105311
-26.0,78.0,10.0,2.312891
-26.0,80.0,10.0,2.2820475
-26.0,82.0,10.0,2.3172023
-26.0,84.0,10.0,2.360299
-26.0,86.0,10.0,2.324073
-26.0,88.0,10.0,2.2660475
-26.0,90.0,10.0,2.2996206
-26.0,92.0,10.0,2.3606415
-26.0,94.0,10.0,2.3296425
-26.0,96.0,10.0,2.3033822
-26.0,98.0,10.0,2.3075032
-26.0,100.0,10.0,2.306419
-26.0,102.0,10.0,2.2373574
-26.0,104.0,10.0,2.3014402
-26.0,106.0,10.0,2.3890457
-26.0,108.0,10.0,2.3183396
-26.0,110.0,10.0,2.2960682
-26.0,112.0,10.0,2.36665
-26.0,114.0,10.0,2.3897688
-26.0,116.0,10.0,2.3068252
-26.0,118.0,10.0,2.2368655
-26.0,120.0,10.0,2.277021
-26.0,122.0,10.0,2.246686
-26.0,124.0,10.0,2.1481552
-26.0,126.0,10.0,2.089612
-26.0,128.0,10.0,2.160409
-26.0,130.0,10.0,2.2657814
-26.0,132.0,10.0,2.1416838
-26.0,134.0,10.0,1.9511591
-26.0,136.0,10.0,1.9112337
-26.0,138.0,10.0,1.9771535
-26.0,140.0,10.0,2.146585
-26.0,142.0,10.0,2.1298964
-26.0,144.0,10.0,2.0176055
-26.0,146.0,10.0,2.035552
-26.0,148.0,10.0,2.064145
-26.0,150.0,10.0,2.1251936
-26.0,152.0,10.0,2.0651562
-26.0,154.0,10.0,1.9988627
-26.0,156.0,10.0,2.0439086
-26.0,158.0,10.0,1.9958931
-26.0,160.0,10.0,1.9681649
-26.0,162.0,10.0,1.9409094
-26.0,164.0,10.0,1.8848048
-26.0,166.0,10.0,1.842408
-26.0,168.0,10.0,1.7928332
-26.0,170.0,10.0,1.9000425
-26.0,172.0,10.0,1.9580458
-26.0,174.0,10.0,1.8738202
-26.0,176.0,10.0,1.8345599
-26.0,178.0,10.0,1.8865688
-26.0,180.0,10.0,1.8630234
-24.0,-180.0,10.0,1.8160775
-24.0,-178.0,10.0,1.719416
-24.0,-176.0,10.0,1.7707347
-24.0,-174.0,10.0,1.7902088
-24.0,-172.0,10.0,1.746537
-24.0,-170.0,10.0,1.7226985
-24.0,-168.0,10.0,1.7189468
-24.0,-166.0,10.0,1.7146595
-24.0,-164.0,10.0,1.6361482
-24.0,-162.0,10.0,1.638813
-24.0,-160.0,10.0,1.6750038
-24.0,-158.0,10.0,1.7559434
-24.0,-156.0,10.0,1.7450042
-24.0,-154.0,10.0,1.6998994
-24.0,-152.0,10.0,1.69956
-24.0,-150.0,10.0,1.6407585
-24.0,-148.0,10.0,1.5301521
-24.0,-146.0,10.0,1.5314898
-24.0,-144.0,10.0,1.6151158
-24.0,-142.0,10.0,1.5938334
-24.0,-140.0,10.0,1.5863327
-24.0,-138.0,10.0,1.5825356
-24.0,-136.0,10.0,1.602633
-24.0,-134.0,10.0,1.5750265
-24.0,-132.0,10.0,1.579377
-24.0,-130.0,10.0,1.5877203
-24.0,-128.0,10.0,1.5314279
-24.0,-126.0,10.0,1.5348282
-24.0,-124.0,10.0,1.616663
-24.0,-122.0,10.0,1.5753293
-24.0,-120.0,10.0,1.5740288
-24.0,-118.0,10.0,1.556296
-24.0,-116.0,10.0,1.6150446
-24.0,-114.0,10.0,1.5570045
-24.0,-112.0,10.0,1.5492324
-24.0,-110.0,10.0,1.5280669
-24.0,-108.0,10.0,1.6158218
-24.0,-106.0,10.0,1.6893035
-24.0,-104.0,10.0,1.623366
-24.0,-102.0,10.0,1.5643587
-24.0,-100.0,10.0,1.542721
-24.0,-98.0,10.0,1.6045251
-24.0,-96.0,10.0,1.590405
-24.0,-94.0,10.0,1.5422636
-24.0,-92.0,10.0,1.6255559
-24.0,-90.0,10.0,1.5950598
-24.0,-88.0,10.0,1.6525935
-24.0,-86.0,10.0,1.7504566
-24.0,-84.0,10.0,1.7457246
-24.0,-82.0,10.0,1.6456455
-24.0,-80.0,10.0,1.6036505
-24.0,-78.0,10.0,1.6906563
-24.0,-76.0,10.0,1.7256106
-24.0,-74.0,10.0,1.6990246
-24.0,-72.0,10.0,1.6817702
-24.0,-70.0,10.0,1.6412709
-24.0,-68.0,10.0,1.6644207
-24.0,-66.0,10.0,1.667439
-24.0,-64.0,10.0,1.7418144
-24.0,-62.0,10.0,1.7424915
-24.0,-60.0,10.0,1.7280952
-24.0,-58.0,10.0,1.7252862
-24.0,-56.0,10.0,1.7546206
-24.0,-54.0,10.0,1.7804561
-24.0,-52.0,10.0,1.7949158
-24.0,-50.0,10.0,1.7873608
-24.0,-48.0,10.0,1.840313
-24.0,-46.0,10.0,1.9818379
-24.0,-44.0,10.0,2.0649931
-24.0,-42.0,10.0,1.9968052
-24.0,-40.0,10.0,1.921591
-24.0,-38.0,10.0,1.9358133
-24.0,-36.0,10.0,1.9689486
-24.0,-34.0,10.0,2.0235739
-24.0,-32.0,10.0,1.9830298
-24.0,-30.0,10.0,2.0641904
-24.0,-28.0,10.0,2.0861075
-24.0,-26.0,10.0,2.0577905
-24.0,-24.0,10.0,2.0690742
-24.0,-22.0,10.0,2.1027431
-24.0,-20.0,10.0,2.1610298
-24.0,-18.0,10.0,2.1734803
-24.0,-16.0,10.0,2.1686535
-24.0,-14.0,10.0,2.171023
-24.0,-12.0,10.0,2.2414987
-24.0,-10.0,10.0,2.250406
-24.0,-8.0,10.0,2.1822965
-24.0,-6.0,10.0,2.2406812
-24.0,-4.0,10.0,2.26154
-24.0,-2.0,10.0,2.263105
-24.0,0.0,10.0,2.2880757
-24.0,2.0,10.0,2.3018188
-24.0,4.0,10.0,2.239057
-24.0,6.0,10.0,2.2179587
-24.0,8.0,10.0,2.2513
-24.0,10.0,10.0,2.2552376
-24.0,12.0,10.0,2.243829
-24.0,14.0,10.0,2.2110622
-24.0,16.0,10.0,2.2617817
-24.0,18.0,10.0,2.3032215
-24.0,20.0,10.0,2.2139137
-24.0,22.0,10.0,2.168058
-24.0,24.0,10.0,2.1877236
-24.0,26.0,10.0,2.2086086
-24.0,28.0,10.0,2.2289956
-24.0,30.0,10.0,2.1952984
-24.0,32.0,10.0,2.2140248
-24.0,34.0,10.0,2.1967106
-24.0,36.0,10.0,2.0934875
-24.0,38.0,10.0,2.0716312
-24.0,40.0,10.0,2.125642
-24.0,42.0,10.0,2.2078645
-24.0,44.0,10.0,2.1864002
-24.0,46.0,10.0,2.1243927
-24.0,48.0,10.0,2.088984
-24.0,50.0,10.0,2.0940518
-24.0,52.0,10.0,2.1420705
-24.0,54.0,10.0,2.1496751
-24.0,56.0,10.0,2.1048162
-24.0,58.0,10.0,2.0513513
-24.0,60.0,10.0,2.0885537
-24.0,62.0,10.0,2.117015
-24.0,64.0,10.0,2.1113155
-24.0,66.0,10.0,2.0909936
-24.0,68.0,10.0,2.10089
-24.0,70.0,10.0,2.0696099
-24.0,72.0,10.0,2.001278
-24.0,74.0,10.0,2.013758
-24.0,76.0,10.0,2.1339507
-24.0,78.0,10.0,2.1238577
-24.0,80.0,10.0,2.0852456
-24.0,82.0,10.0,2.10588
-24.0,84.0,10.0,2.2219384
-24.0,86.0,10.0,2.2247562
-24.0,88.0,10.0,2.1496673
-24.0,90.0,10.0,2.1338272
-24.0,92.0,10.0,2.1987631
-24.0,94.0,10.0,2.1975698
-24.0,96.0,10.0,2.1074834
-24.0,98.0,10.0,2.1138153
-24.0,100.0,10.0,2.089044
-24.0,102.0,10.0,2.069496
-24.0,104.0,10.0,2.1610036
-24.0,106.0,10.0,2.2166128
-24.0,108.0,10.0,2.162423
-24.0,110.0,10.0,2.087814
-24.0,112.0,10.0,2.1407018
-24.0,114.0,10.0,2.1956441
-24.0,116.0,10.0,2.1032543
-24.0,118.0,10.0,2.0366447
-24.0,120.0,10.0,2.1117454
-24.0,122.0,10.0,2.1244187
-24.0,124.0,10.0,2.0217085
-24.0,126.0,10.0,1.9246761
-24.0,128.0,10.0,1.9603148
-24.0,130.0,10.0,2.0885615
-24.0,132.0,10.0,1.999193
-24.0,134.0,10.0,1.8599727
-24.0,136.0,10.0,1.8262467
-24.0,138.0,10.0,1.9273664
-24.0,140.0,10.0,2.1095135
-24.0,142.0,10.0,2.0825999
-24.0,144.0,10.0,2.012102
-24.0,146.0,10.0,1.9916338
-24.0,148.0,10.0,1.9688807
-24.0,150.0,10.0,2.0300891
-24.0,152.0,10.0,2.0054631
-24.0,154.0,10.0,1.9269819
-24.0,156.0,10.0,1.9399853
-24.0,158.0,10.0,1.9337606
-24.0,160.0,10.0,1.9209887
-24.0,162.0,10.0,1.9105141
-24.0,164.0,10.0,1.8704662
-24.0,166.0,10.0,1.8832587
-24.0,168.0,10.0,1.772429
-24.0,170.0,10.0,1.8264719
-24.0,172.0,10.0,1.8752632
-24.0,174.0,10.0,1.8322821
-24.0,176.0,10.0,1.8354164
-24.0,178.0,10.0,1.8726063
-24.0,180.0,10.0,1.8160775
-22.0,-180.0,10.0,1.8477553
-22.0,-178.0,10.0,1.7504207
-22.0,-176.0,10.0,1.7147945
-22.0,-174.0,10.0,1.7567896
-22.0,-172.0,10.0,1.7398096
-22.0,-170.0,10.0,1.6981114
-22.0,-168.0,10.0,1.7123181
-22.0,-166.0,10.0,1.7245482
-22.0,-164.0,10.0,1.6490041
-22.0,-162.0,10.0,1.6447796
-22.0,-160.0,10.0,1.6856129
-22.0,-158.0,10.0,1.8080883
-22.0,-156.0,10.0,1.7751864
-22.0,-154.0,10.0,1.7400471
-22.0,-152.0,10.0,1.7539448
-22.0,-150.0,10.0,1.6842391
-22.0,-148.0,10.0,1.5731647
-22.0,-146.0,10.0,1.5827174
-22.0,-144.0,10.0,1.5988492
-22.0,-142.0,10.0,1.6110708
-22.0,-140.0,10.0,1.5826572
-22.0,-138.0,10.0,1.5746492
-22.0,-136.0,10.0,1.6456505
-22.0,-134.0,10.0,1.6321106
-22.0,-132.0,10.0,1.633282
-22.0,-130.0,10.0,1.6778144
-22.0,-128.0,10.0,1.6370335
-22.0,-126.0,10.0,1.6252223
-22.0,-124.0,10.0,1.6893467
-22.0,-122.0,10.0,1.6773503
-22.0,-120.0,10.0,1.685746
-22.0,-118.0,10.0,1.6506075
-22.0,-116.0,10.0,1.7272941
-22.0,-114.0,10.0,1.6346809
-22.0,-112.0,10.0,1.6408424
-22.0,-110.0,10.0,1.6008716
-22.0,-108.0,10.0,1.6481313
-22.0,-106.0,10.0,1.7608739
-22.0,-104.0,10.0,1.7320311
-22.0,-102.0,10.0,1.6787754
-22.0,-100.0,10.0,1.6434023
-22.0,-98.0,10.0,1.7437148
-22.0,-96.0,10.0,1.7441001
-22.0,-94.0,10.0,1.6378607
-22.0,-92.0,10.0,1.6860693
-22.0,-90.0,10.0,1.7360053
-22.0,-88.0,10.0,1.8234915
-22.0,-86.0,10.0,1.8968629
-22.0,-84.0,10.0,1.8882788
-22.0,-82.0,10.0,1.8002481
-22.0,-80.0,10.0,1.7472365
-22.0,-78.0,10.0,1.774462
-22.0,-76.0,10.0,1.8793892
-22.0,-74.0,10.0,1.8568786
-22.0,-72.0,10.0,1.7791011
-22.0,-70.0,10.0,1.7337719
-22.0,-68.0,10.0,1.7569767
-22.0,-66.0,10.0,1.7219979
-22.0,-64.0,10.0,1.7891289
-22.0,-62.0,10.0,1.8204283
-22.0,-60.0,10.0,1.866137
-22.0,-58.0,10.0,1.8216428
-22.0,-56.0,10.0,1.8259778
-22.0,-54.0,10.0,1.8298131
-22.0,-52.0,10.0,1.833662
-22.0,-50.0,10.0,1.8463706
-22.0,-48.0,10.0,1.8663538
-22.0,-46.0,10.0,1.9547131
-22.0,-44.0,10.0,2.048367
-22.0,-42.0,10.0,1.9647237
-22.0,-40.0,10.0,1.9889708
-22.0,-38.0,10.0,2.0295115
-22.0,-36.0,10.0,2.027877
-22.0,-34.0,10.0,2.0071645
-22.0,-32.0,10.0,1.9952685
-22.0,-30.0,10.0,2.1167638
-22.0,-28.0,10.0,2.107557
-22.0,-26.0,10.0,2.0813072
-22.0,-24.0,10.0,2.1101284
-22.0,-22.0,10.0,2.1300278
-22.0,-20.0,10.0,2.1814237
-22.0,-18.0,10.0,2.1938076
-22.0,-16.0,10.0,2.2105422
-22.0,-14.0,10.0,2.1850376
-22.0,-12.0,10.0,2.2022715
-22.0,-10.0,10.0,2.221722
-22.0,-8.0,10.0,2.2064135
-22.0,-6.0,10.0,2.2301111
-22.0,-4.0,10.0,2.2222736
-22.0,-2.0,10.0,2.2557092
-22.0,0.0,10.0,2.2717927
-22.0,2.0,10.0,2.342736
-22.0,4.0,10.0,2.2943847
-22.0,6.0,10.0,2.2898815
-22.0,8.0,10.0,2.3513472
-22.0,10.0,10.0,2.2841063
-22.0,12.0,10.0,2.2552361
-22.0,14.0,10.0,2.2215238
-22.0,16.0,10.0,2.2621586
-22.0,18.0,10.0,2.2873752
-22.0,20.0,10.0,2.2493584
-22.0,22.0,10.0,2.230807
-22.0,24.0,10.0,2.219405
-22.0,26.0,10.0,2.1908977
-22.0,28.0,10.0,2.2346365
-22.0,30.0,10.0,2.1846507
-22.0,32.0,10.0,2.228104
-22.0,34.0,10.0,2.2217958
-22.0,36.0,10.0,2.1374683
-22.0,38.0,10.0,2.1120727
-22.0,40.0,10.0,2.1289723
-22.0,42.0,10.0,2.141199
-22.0,44.0,10.0,2.0953572
-22.0,46.0,10.0,2.0267665
-22.0,48.0,10.0,2.015331
-22.0,50.0,10.0,2.0448503
-22.0,52.0,10.0,2.0839605
-22.0,54.0,10.0,2.069312
-22.0,56.0,10.0,2.0210419
-22.0,58.0,10.0,2.009983
-22.0,60.0,10.0,2.0385137
-22.0,62.0,10.0,2.0446084
-22.0,64.0,10.0,2.0316253
-22.0,66.0,10.0,1.9752412
-22.0,68.0,10.0,1.9804502
-22.0,70.0,10.0,1.9527551
-22.0,72.0,10.0,1.9296504
-22.0,74.0,10.0,1.9441326
-22.0,76.0,10.0,2.021829
-22.0,78.0,10.0,2.023794
-22.0,80.0,10.0,2.0207431
-22.0,82.0,10.0,2.024179
-22.0,84.0,10.0,2.089535
-22.0,86.0,10.0,2.133214
-22.0,88.0,10.0,2.0669456
-22.0,90.0,10.0,2.0267944
-22.0,92.0,10.0,2.0919034
-22.0,94.0,10.0,2.1051364
-22.0,96.0,10.0,2.0516315
-22.0,98.0,10.0,2.02939
-22.0,100.0,10.0,1.9771651
-22.0,102.0,10.0,1.9425302
-22.0,104.0,10.0,1.9843743
-22.0,106.0,10.0,2.0103214
-22.0,108.0,10.0,1.9870063
-22.0,110.0,10.0,1.9389926
-22.0,112.0,10.0,1.9869466
-22.0,114.0,10.0,2.0533955
-22.0,116.0,10.0,2.0010686
-22.0,118.0,10.0,1.9783486
-22.0,120.0,10.0,1.9523997
-22.0,122.0,10.0,1.9593862
-22.0,124.0,10.0,1.8825672
-22.0,126.0,10.0,1.8152109
-22.0,128.0,10.0,1.8489935
-22.0,130.0,10.0,1.9300056
-22.0,132.0,10.0,1.9010122
-22.0,134.0,10.0,1.8288741
-22.0,136.0,10.0,1.8119084
-22.0,138.0,10.0,1.9079108
-22.0,140.0,10.0,2.0412362
-22.0,142.0,10.0,2.0112474
-22.0,144.0,10.0,1.9519427
-22.0,146.0,10.0,1.9268717
-22.0,148.0,10.0,1.9196769
-22.0,150.0,10.0,1.9571005
-22.0,152.0,10.0,1.9100095
-22.0,154.0,10.0,1.8467444
-22.0,156.0,10.0,1.8759166
-22.0,158.0,10.0,1.9013253
-22.0,160.0,10.0,1.8952869
-22.0,162.0,10.0,1.8881114
-22.0,164.0,10.0,1.8976669
-22.0,166.0,10.0,1.9054486
-22.0,168.0,10.0,1.7836456
-22.0,170.0,10.0,1.8541118
-22.0,172.0,10.0,1.9794563
-22.0,174.0,10.0,1.8760414
-22.0,176.0,10.0,1.8219272
-22.0,178.0,10.0,1.8489231
-22.0,180.0,10.0,1.8477553
-20.0,-180.0,10.0,1.5471897
-20.0,-178.0,10.0,1.528
-20.0,-176.0,10.0,1.5526406
-20.0,-174.0,10.0,1.6315709
-20.0,-172.0,10.0,1.5812525
-20.0,-170.0,10.0,1.5224756
-20.0,-168.0,10.0,1.5471057
-20.0,-166.0,10.0,1.5132362
-20.0,-164.0,10.0,1.4295807
-20.0,-162.0,10.0,1.4473302
-20.0,-160.0,10.0,1.512009
-20.0,-158.0,10.0,1.6056895
-20.0,-156.0,10.0,1.53257
-20.0,-154.0,10.0,1.5184131
-20.0,-152.0,10.0,1.5511876
-20.0,-150.0,10.0,1.4978014
-20.0,-148.0,10.0,1.465314
-20.0,-146.0,10.0,1.4315056
-20.0,-144.0,10.0,1.4386221
-20.0,-142.0,10.0,1.4724653
-20.0,-140.0,10.0,1.4903136
-20.0,-138.0,10.0,1.4636176
-20.0,-136.0,10.0,1.5092019
-20.0,-134.0,10.0,1.4921979
-20.0,-132.0,10.0,1.4612705
-20.0,-130.0,10.0,1.4944619
-20.0,-128.0,10.0,1.5144017
-20.0,-126.0,10.0,1.5266035
-20.0,-124.0,10.0,1.486166
-20.0,-122.0,10.0,1.4393519
-20.0,-120.0,10.0,1.4977804
-20.0,-118.0,10.0,1.5170203
-20.0,-116.0,10.0,1.4952309
-20.0,-114.0,10.0,1.452409
-20.0,-112.0,10.0,1.5344936
-20.0,-110.0,10.0,1.510045
-20.0,-108.0,10.0,1.4704257
-20.0,-106.0,10.0,1.6037756
-20.0,-104.0,10.0,1.6399885
-20.0,-102.0,10.0,1.5962662
-20.0,-100.0,10.0,1.5211173
-20.0,-98.0,10.0,1.7116044
-20.0,-96.0,10.0,1.7212704
-20.0,-94.0,10.0,1.5599401
-20.0,-92.0,10.0,1.5643122
-20.0,-90.0,10.0,1.5584604
-20.0,-88.0,10.0,1.6012584
-20.0,-86.0,10.0,1.6762328
-20.0,-84.0,10.0,1.6834944
-20.0,-82.0,10.0,1.6487237
-20.0,-80.0,10.0,1.5809437
-20.0,-78.0,10.0,1.6275272
-20.0,-76.0,10.0,1.7397841
-20.0,-74.0,10.0,1.7540802
-20.0,-72.0,10.0,1.6724353
-20.0,-70.0,10.0,1.6087563
-20.0,-68.0,10.0,1.7229916
-20.0,-66.0,10.0,1.7116884
-20.0,-64.0,10.0,1.6561886
-20.0,-62.0,10.0,1.6221445
-20.0,-60.0,10.0,1.6413726
-20.0,-58.0,10.0,1.6681678
-20.0,-56.0,10.0,1.6425846
-20.0,-54.0,10.0,1.6081812
-20.0,-52.0,10.0,1.6278095
-20.0,-50.0,10.0,1.6764784
-20.0,-48.0,10.0,1.6908767
-20.0,-46.0,10.0,1.7832289
-20.0,-44.0,10.0,1.8479474
-20.0,-42.0,10.0,1.7735999
-20.0,-40.0,10.0,1.7526263
-20.0,-38.0,10.0,1.7951908
-20.0,-36.0,10.0,1.7887905
-20.0,-34.0,10.0,1.7921959
-20.0,-32.0,10.0,1.764483
-20.0,-30.0,10.0,1.8728389
-20.0,-28.0,10.0,1.9210166
-20.0,-26.0,10.0,1.985713
-20.0,-24.0,10.0,1.9548866
-20.0,-22.0,10.0,1.9582156
-20.0,-20.0,10.0,1.9685479
-20.0,-18.0,10.0,2.0004747
-20.0,-16.0,10.0,1.9832412
-20.0,-14.0,10.0,1.980526
-20.0,-12.0,10.0,2.041513
-20.0,-10.0,10.0,2.046632
-20.0,-8.0,10.0,2.0285766
-20.0,-6.0,10.0,2.0777452
-20.0,-4.0,10.0,2.079766
-20.0,-2.0,10.0,2.0012805
-20.0,0.0,10.0,2.043624
-20.0,2.0,10.0,2.0899155
-20.0,4.0,10.0,2.0584724
-20.0,6.0,10.0,2.0330045
-20.0,8.0,10.0,2.0728912
-20.0,10.0,10.0,2.0315664
-20.0,12.0,10.0,1.9954737
-20.0,14.0,10.0,1.9684969
-20.0,16.0,10.0,1.9650983
-20.0,18.0,10.0,2.0003915
-20.0,20.0,10.0,1.9673448
-20.0,22.0,10.0,1.9323201
-20.0,24.0,10.0,1.9733833
-20.0,26.0,10.0,1.9646325
-20.0,28.0,10.0,1.9693068
-20.0,30.0,10.0,1.9060434
-20.0,32.0,10.0,1.9121909
-20.0,34.0,10.0,1.9218693
-20.0,36.0,10.0,1.8738633
-20.0,38.0,10.0,1.836178
-20.0,40.0,10.0,1.8345469
-20.0,42.0,10.0,1.88488
-20.0,44.0,10.0,1.8173767
-20.0,46.0,10.0,1.7582606
-20.0,48.0,10.0,1.7698462
-20.0,50.0,10.0,1.7784121
-20.0,52.0,10.0,1.76191
-20.0,54.0,10.0,1.7640065
-20.0,56.0,10.0,1.7860289
-20.0,58.0,10.0,1.7529604
-20.0,60.0,10.0,1.7500756
-20.0,62.0,10.0,1.7334348
-20.0,64.0,10.0,1.7506567
-20.0,66.0,10.0,1.7659888
-20.0,68.0,10.0,1.7771882
-20.0,70.0,10.0,1.7213681
-20.0,72.0,10.0,1.6913007
-20.0,74.0,10.0,1.7196076
-20.0,76.0,10.0,1.7019306
-20.0,78.0,10.0,1.68188
-20.0,80.0,10.0,1.7091559
-20.0,82.0,10.0,1.7612749
-20.0,84.0,10.0,1.7427826
-20.0,86.0,10.0,1.7751768
-20.0,88.0,10.0,1.7859901
-20.0,90.0,10.0,1.6996299
-20.0,92.0,10.0,1.7519814
-20.0,94.0,10.0,1.8032755
-20.0,96.0,10.0,1.8207746
-20.0,98.0,10.0,1.7849011
-20.0,100.0,10.0,1.6846614
-20.0,102.0,10.0,1.6794041
-20.0,104.0,10.0,1.694186
-20.0,106.0,10.0,1.6925437
-20.0,108.0,10.0,1.691777
-20.0,110.0,10.0,1.6773485
-20.0,112.0,10.0,1.7041128
-20.0,114.0,10.0,1.7231455
-20.0,116.0,10.0,1.6900826
-20.0,118.0,10.0,1.6953415
-20.0,120.0,10.0,1.7007208
-20.0,122.0,10.0,1.6780761
-20.0,124.0,10.0,1.6749041
-20.0,126.0,10.0,1.6448809
-20.0,128.0,10.0,1.642908
-20.0,130.0,10.0,1.7050942
-20.0,132.0,10.0,1.675793
-20.0,134.0,10.0,1.6380118
-20.0,136.0,10.0,1.6204001
-20.0,138.0,10.0,1.6825767
-20.0,140.0,10.0,1.7372245
-20.0,142.0,10.0,1.6945469
-20.0,144.0,10.0,1.6591529
-20.0,146.0,10.0,1.6491613
-20.0,148.0,10.0,1.6471416
-20.0,150.0,10.0,1.7027851
-20.0,152.0,10.0,1.6805929
-20.0,154.0,10.0,1.6185813
-20.0,156.0,10.0,1.66222
-20.0,158.0,10.0,1.6666969
-20.0,160.0,10.0,1.6434529
-20.0,162.0,10.0,1.6283981
-20.0,164.0,10.0,1.6575111
-20.0,166.0,10.0,1.6360227
-20.0,168.0,10.0,1.5695767
-20.0,170.0,10.0,1.5773102
-20.0,172.0,10.0,1.7056435
-20.0,174.0,10.0,1.6385529
-20.0,176.0,10.0,1.5740217
-20.0,178.0,10.0,1.608492
-20.0,180.0,10.0,1.5471897
-18.0,-180.0,10.0,1.499596
-18.0,-178.0,10.0,1.4985087
-18.0,-176.0,10.0,1.5237901
-18.0,-174.0,10.0,1.5948691
-18.0,-172.0,10.0,1.5125017
-18.0,-170.0,10.0,1.5005996
-18.0,-168.0,10.0,1.5177937
-18.0,-166.0,10.0,1.458013
-18.0,-164.0,10.0,1.3760349
-18.0,-162.0,10.0,1.4003437
-18.0,-160.0,10.0,1.5073185
-18.0,-158.0,10.0,1.5360181
-18.0,-156.0,10.0,1.4562343
-18.0,-154.0,10.0,1.4661747
-18.0,-152.0,10.0,1.499027
-18.0,-150.0,10.0,1.4437073
-18.0,-148.0,10.0,1.4010273
-18.0,-146.0,10.0,1.3703265
-18.0,-144.0,10.0,1.4209411
-18.0,-142.0,10.0,1.4266466
-18.0,-140.0,10.0,1.4455624
-18.0,-138.0,10.0,1.4421536
-18.0,-136.0,10.0,1.4674454
-18.0,-134.0,10.0,1.4417318
-18.0,-132.0,10.0,1.4392097
-18.0,-130.0,10.0,1.5100188
-18.0,-128.0,10.0,1.5200924
-18.0,-126.0,10.0,1.5032382
-18.0,-124.0,10.0,1.4340532
-18.0,-122.0,10.0,1.3687557
-18.0,-120.0,10.0,1.4476693
-18.0,-118.0,10.0,1.4984491
-18.0,-116.0,10.0,1.4347103
-18.0,-114.0,10.0,1.4059906
-18.0,-112.0,10.0,1.5116674
-18.0,-110.0,10.0,1.480905
-18.0,-108.0,10.0,1.4266793
-18.0,-106.0,10.0,1.5063097
-18.0,-104.0,10.0,1.5770115
-18.0,-102.0,10.0,1.5072333
-18.0,-100.0,10.0,1.4835805
-18.0,-98.0,10.0,1.7087318
-18.0,-96.0,10.0,1.7556978
-18.0,-94.0,10.0,1.5879624
-18.0,-92.0,10.0,1.5560061
-18.0,-90.0,10.0,1.5453025
-18.0,-88.0,10.0,1.5517216
-18.0,-86.0,10.0,1.6130183
-18.0,-84.0,10.0,1.6323322
-18.0,-82.0,10.0,1.6267904
-18.0,-80.0,10.0,1.528149
-18.0,-78.0,10.0,1.509532
-18.0,-76.0,10.0,1.5873414
-18.0,-74.0,10.0,1.6254017
-18.0,-72.0,10.0,1.5811155
-18.0,-70.0,10.0,1.5940075
-18.0,-68.0,10.0,1.7353644
-18.0,-66.0,10.0,1.7345384
-18.0,-64.0,10.0,1.6227208
-18.0,-62.0,10.0,1.5460799
-18.0,-60.0,10.0,1.5488389
-18.0,-58.0,10.0,1.560371
-18.0,-56.0,10.0,1.547977
-18.0,-54.0,10.0,1.5116771
-18.0,-52.0,10.0,1.5820979
-18.0,-50.0,10.0,1.6124028
-18.0,-48.0,10.0,1.5828798
-18.0,-46.0,10.0,1.649622
-18.0,-44.0,10.0,1.7116772
-18.0,-42.0,10.0,1.6731615
-18.0,-40.0,10.0,1.6720821
-18.0,-38.0,10.0,1.7367425
-18.0,-36.0,10.0,1.7373133
-18.0,-34.0,10.0,1.7507561
-18.0,-32.0,10.0,1.7060404
-18.0,-30.0,10.0,1.8054688
-18.0,-28.0,10.0,1.898494
-18.0,-26.0,10.0,1.9379241
-18.0,-24.0,10.0,1.8920349
-18.0,-22.0,10.0,1.8852358
-18.0,-20.0,10.0,1.9019688
-18.0,-18.0,10.0,1.9110055
-18.0,-16.0,10.0,1.8301418
-18.0,-14.0,10.0,1.8028892
-18.0,-12.0,10.0,1.9173105
-18.0,-10.0,10.0,1.9222991
-18.0,-8.0,10.0,1.9193046
-18.0,-6.0,10.0,1.9816915
-18.0,-4.0,10.0,1.953219
-18.0,-2.0,10.0,1.8617224
-18.0,0.0,10.0,1.8833554
-18.0,2.0,10.0,1.9173284
-18.0,4.0,10.0,1.9195282
-18.0,6.0,10.0,1.8499582
-18.0,8.0,10.0,1.7966232
-18.0,10.0,10.0,1.8031452
-18.0,12.0,10.0,1.8048182
-18.0,14.0,10.0,1.7805575
-18.0,16.0,10.0,1.7523941
-18.0,18.0,10.0,1.8224355
-18.0,20.0,10.0,1.8167146
-18.0,22.0,10.0,1.8074548
-18.0,24.0,10.0,1.8359607
-18.0,26.0,10.0,1.822268
-18.0,28.0,10.0,1.7873565
-18.0,30.0,10.0,1.735356
-18.0,32.0,10.0,1.6994139
-18.0,34.0,10.0,1.7281358
-18.0,36.0,10.0,1.7006425
-18.0,38.0,10.0,1.6522245
-18.0,40.0,10.0,1.6476039
-18.0,42.0,10.0,1.6681217
-18.0,44.0,10.0,1.6626422
-18.0,46.0,10.0,1.629207
-18.0,48.0,10.0,1.6301848
-18.0,50.0,10.0,1.6239733
-18.0,52.0,10.0,1.6223558
-18.0,54.0,10.0,1.6011928
-18.0,56.0,10.0,1.5955135
-18.0,58.0,10.0,1.5923889
-18.0,60.0,10.0,1.6123351
-18.0,62.0,10.0,1.6172998
-18.0,64.0,10.0,1.6464955
-18.0,66.0,10.0,1.6732924
-18.0,68.0,10.0,1.6961944
-18.0,70.0,10.0,1.6243378
-18.0,72.0,10.0,1.6114779
-18.0,74.0,10.0,1.6497252
-18.0,76.0,10.0,1.6222138
-18.0,78.0,10.0,1.5592295
-18.0,80.0,10.0,1.6105111
-18.0,82.0,10.0,1.672763
-18.0,84.0,10.0,1.6689336
-18.0,86.0,10.0,1.6301504
-18.0,88.0,10.0,1.622613
-18.0,90.0,10.0,1.5401348
-18.0,92.0,10.0,1.5587451
-18.0,94.0,10.0,1.6553471
-18.0,96.0,10.0,1.7166247
-18.0,98.0,10.0,1.6822666
-18.0,100.0,10.0,1.5822589
-18.0,102.0,10.0,1.5783017
-18.0,104.0,10.0,1.585561
-18.0,106.0,10.0,1.5812992
-18.0,108.0,10.0,1.5964748
-18.0,110.0,10.0,1.5935863
-18.0,112.0,10.0,1.5823685
-18.0,114.0,10.0,1.6049972
-18.0,116.0,10.0,1.5815655
-18.0,118.0,10.0,1.5576099
-18.0,120.0,10.0,1.5624338
-18.0,122.0,10.0,1.567174
-18.0,124.0,10.0,1.561771
-18.0,126.0,10.0,1.5532601
-18.0,128.0,10.0,1.5708573
-18.0,130.0,10.0,1.5926477
-18.0,132.0,10.0,1.567802
-18.0,134.0,10.0,1.5662091
-18.0,136.0,10.0,1.5474699
-18.0,138.0,10.0,1.5712662
-18.0,140.0,10.0,1.5721557
-18.0,142.0,10.0,1.515231
-18.0,144.0,10.0,1.5516148
-18.0,146.0,10.0,1.5734878
-18.0,148.0,10.0,1.5639286
-18.0,150.0,10.0,1.5587773
-18.0,152.0,10.0,1.5332758
-18.0,154.0,10.0,1.5161608
-18.0,156.0,10.0,1.5789639
-18.0,158.0,10.0,1.5429624
-18.0,160.0,10.0,1.508059
-18.0,162.0,10.0,1.5298433
-18.0,164.0,10.0,1.5523515
-18.0,166.0,10.0,1.4976888
-18.0,168.0,10.0,1.4814118
-18.0,170.0,10.0,1.5187887
-18.0,172.0,10.0,1.5884335
-18.0,174.0,10.0,1.5557086
-18.0,176.0,10.0,1.5773742
-18.0,178.0,10.0,1.6163886
-18.0,180.0,10.0,1.499596
-16.0,-180.0,10.0,1.4812208
-16.0,-178.0,10.0,1.4650595
-16.0,-176.0,10.0,1.5394684
-16.0,-174.0,10.0,1.5855898
-16.0,-172.0,10.0,1.5095432
-16.0,-170.0,10.0,1.489936
-16.0,-168.0,10.0,1.486479
-16.0,-166.0,10.0,1.3945901
-16.0,-164.0,10.0,1.3253347
-16.0,-162.0,10.0,1.3484082
-16.0,-160.0,10.0,1.4871347
-16.0,-158.0,10.0,1.5319868
-16.0,-156.0,10.0,1.4601265
-16.0,-154.0,10.0,1.5010273
-16.0,-152.0,10.0,1.5185993
-16.0,-150.0,10.0,1.4645557
-16.0,-148.0,10.0,1.4018438
-16.0,-146.0,10.0,1.404449
-16.0,-144.0,10.0,1.3869075
-16.0,-142.0,10.0,1.4152188
-16.0,-140.0,10.0,1.4367222
-16.0,-138.0,10.0,1.4544798
-16.0,-136.0,10.0,1.4748826
-16.0,-134.0,10.0,1.4309862
-16.0,-132.0,10.0,1.4127417
-16.0,-130.0,10.0,1.4583364
-16.0,-128.0,10.0,1.5142568
-16.0,-126.0,10.0,1.4551815
-16.0,-124.0,10.0,1.3676373
-16.0,-122.0,10.0,1.3345071
-16.0,-120.0,10.0,1.4401498
-16.0,-118.0,10.0,1.5177416
-16.0,-116.0,10.0,1.4482076
-16.0,-114.0,10.0,1.3966703
-16.0,-112.0,10.0,1.4915069
-16.0,-110.0,10.0,1.4536152
-16.0,-108.0,10.0,1.4059227
-16.0,-106.0,10.0,1.4980353
-16.0,-104.0,10.0,1.567835
-16.0,-102.0,10.0,1.5010607
-16.0,-100.0,10.0,1.4700221
-16.0,-98.0,10.0,1.6213708
-16.0,-96.0,10.0,1.6708319
-16.0,-94.0,10.0,1.555983
-16.0,-92.0,10.0,1.5120258
-16.0,-90.0,10.0,1.5288881
-16.0,-88.0,10.0,1.5726855
-16.0,-86.0,10.0,1.5963805
-16.0,-84.0,10.0,1.5972886
-16.0,-82.0,10.0,1.6136731
-16.0,-80.0,10.0,1.5321634
-16.0,-78.0,10.0,1.5042632
-16.0,-76.0,10.0,1.6225163
-16.0,-74.0,10.0,1.6333413
-16.0,-72.0,10.0,1.5628278
-16.0,-70.0,10.0,1.5611818
-16.0,-68.0,10.0,1.7034073
-16.0,-66.0,10.0,1.7032136
-16.0,-64.0,10.0,1.5790648
-16.0,-62.0,10.0,1.5615847
-16.0,-60.0,10.0,1.5445901
-16.0,-58.0,10.0,1.5514808
-16.0,-56.0,10.0,1.5116867
-16.0,-54.0,10.0,1.4791018
-16.0,-52.0,10.0,1.5590754
-16.0,-50.0,10.0,1.6010542
-16.0,-48.0,10.0,1.582579
-16.0,-46.0,10.0,1.6281902
-16.0,-44.0,10.0,1.6927038
-16.0,-42.0,10.0,1.6705252
-16.0,-40.0,10.0,1.6626662
-16.0,-38.0,10.0,1.7154337
-16.0,-36.0,10.0,1.7045264
-16.0,-34.0,10.0,1.6812692
-16.0,-32.0,10.0,1.6599821
-16.0,-30.0,10.0,1.7388849
-16.0,-28.0,10.0,1.8462046
-16.0,-26.0,10.0,1.878898
-16.0,-24.0,10.0,1.8179249
-16.0,-22.0,10.0,1.7930982
-16.0,-20.0,10.0,1.7947153
-16.0,-18.0,10.0,1.7970637
-16.0,-16.0,10.0,1.7491295
-16.0,-14.0,10.0,1.7536339
-16.0,-12.0,10.0,1.8708321
-16.0,-10.0,10.0,1.8737671
-16.0,-8.0,10.0,1.892816
-16.0,-6.0,10.0,1.9256812
-16.0,-4.0,10.0,1.9216435
-16.0,-2.0,10.0,1.8181932
-16.0,0.0,10.0,1.8330424
-16.0,2.0,10.0,1.8695652
-16.0,4.0,10.0,1.8836894
-16.0,6.0,10.0,1.8284845
-16.0,8.0,10.0,1.7835869
-16.0,10.0,10.0,1.7700126
-16.0,12.0,10.0,1.7443357
-16.0,14.0,10.0,1.7054148
-16.0,16.0,10.0,1.7137586
-16.0,18.0,10.0,1.753304
-16.0,20.0,10.0,1.755066
-16.0,22.0,10.0,1.7772082
-16.0,24.0,10.0,1.7983437
-16.0,26.0,10.0,1.7451497
-16.0,28.0,10.0,1.7377292
-16.0,30.0,10.0,1.6971915
-16.0,32.0,10.0,1.6527684
-16.0,34.0,10.0,1.673584
-16.0,36.0,10.0,1.6726593
-16.0,38.0,10.0,1.6150707
-16.0,40.0,10.0,1.6192603
-16.0,42.0,10.0,1.6307843
-16.0,44.0,10.0,1.5916206
-16.0,46.0,10.0,1.5623393
-16.0,48.0,10.0,1.58595
-16.0,50.0,10.0,1.582481
-16.0,52.0,10.0,1.6000999
-16.0,54.0,10.0,1.525724
-16.0,56.0,10.0,1.5278032
-16.0,58.0,10.0,1.5275532
-16.0,60.0,10.0,1.5621384
-16.0,62.0,10.0,1.516965
-16.0,64.0,10.0,1.5248685
-16.0,66.0,10.0,1.6021491
-16.0,68.0,10.0,1.6554205
-16.0,70.0,10.0,1.5506042
-16.0,72.0,10.0,1.5305973
-16.0,74.0,10.0,1.5763212
-16.0,76.0,10.0,1.5728014
-16.0,78.0,10.0,1.4746243
-16.0,80.0,10.0,1.5185673
-16.0,82.0,10.0,1.6540126
-16.0,84.0,10.0,1.6159177
-16.0,86.0,10.0,1.5488793
-16.0,88.0,10.0,1.5318234
-16.0,90.0,10.0,1.4682165
-16.0,92.0,10.0,1.4913952
-16.0,94.0,10.0,1.5680712
-16.0,96.0,10.0,1.6458938
-16.0,98.0,10.0,1.639666
-16.0,100.0,10.0,1.4964955
-16.0,102.0,10.0,1.487185
-16.0,104.0,10.0,1.5164598
-16.0,106.0,10.0,1.515592
-16.0,108.0,10.0,1.4974066
-16.0,110.0,10.0,1.5058258
-16.0,112.0,10.0,1.5465654
-16.0,114.0,10.0,1.5264057
-16.0,116.0,10.0,1.4994475
-16.0,118.0,10.0,1.4866165
-16.0,120.0,10.0,1.495789
-16.0,122.0,10.0,1.4739149
-16.0,124.0,10.0,1.4868127
-16.0,126.0,10.0,1.4818703
-16.0,128.0,10.0,1.4771333
-16.0,130.0,10.0,1.494636
-16.0,132.0,10.0,1.4708554
-16.0,134.0,10.0,1.4505388
-16.0,136.0,10.0,1.4481016
-16.0,138.0,10.0,1.4995232
-16.0,140.0,10.0,1.501866
-16.0,142.0,10.0,1.4509134
-16.0,144.0,10.0,1.4831333
-16.0,146.0,10.0,1.4965
-16.0,148.0,10.0,1.5022136
-16.0,150.0,10.0,1.4905491
-16.0,152.0,10.0,1.4682778
-16.0,154.0,10.0,1.4469677
-16.0,156.0,10.0,1.5157322
-16.0,158.0,10.0,1.5089585
-16.0,160.0,10.0,1.4855843
-16.0,162.0,10.0,1.4882183
-16.0,164.0,10.0,1.5097739
-16.0,166.0,10.0,1.4334201
-16.0,168.0,10.0,1.4267982
-16.0,170.0,10.0,1.4958497
-16.0,172.0,10.0,1.5642279
-16.0,174.0,10.0,1.5283889
-16.0,176.0,10.0,1.5333418
-16.0,178.0,10.0,1.5601294
-16.0,180.0,10.0,1.4812208
-14.0,-180.0,10.0,1.447967
-14.0,-178.0,10.0,1.4422121
-14.0,-176.0,10.0,1.5200206
-14.0,-174.0,10.0,1.5637712
-14.0,-172.0,10.0,1.5234377
-14.0,-170.0,10.0,1.4485343
-14.0,-168.0,10.0,1.4581432
-14.0,-166.0,10.0,1.4109558
-14.0,-164.0,10.0,1.3331233
-14.0,-162.0,10.0,1.3784766
-14.0,-160.0,10.0,1.4669826
-14.0,-158.0,10.0,1.5322089
-14.0,-156.0,10.0,1.5148633
-14.0,-154.0,10.0,1.4999087
-14.0,-152.0,10.0,1.5197266
-14.0,-150.0,10.0,1.434008
-14.0,-148.0,10.0,1.4236143
-14.0,-146.0,10.0,1.4306206
-14.0,-144.0,10.0,1.4043181
-14.0,-142.0,10.0,1.4228138
-14.0,-140.0,10.0,1.4651287
-14.0,-138.0,10.0,1.4935437
-14.0,-136.0,10.0,1.5057402
-14.0,-134.0,10.0,1.4509434
-14.0,-132.0,10.0,1.3722292
-14.0,-130.0,10.0,1.4696548
-14.0,-128.0,10.0,1.5082762
-14.0,-126.0,10.0,1.4575796
-14.0,-124.0,10.0,1.4151375
-14.0,-122.0,10.0,1.4208655
-14.0,-120.0,10.0,1.5058328
-14.0,-118.0,10.0,1.58162
-14.0,-116.0,10.0,1.5467997
-14.0,-114.0,10.0,1.5383943
-14.0,-112.0,10.0,1.5514733
-14.0,-110.0,10.0,1.5338708
-14.0,-108.0,10.0,1.5078856
-14.0,-106.0,10.0,1.5885242
-14.0,-104.0,10.0,1.6607496
-14.0,-102.0,10.0,1.5997406
-14.0,-100.0,10.0,1.5648434
-14.0,-98.0,10.0,1.6759545
-14.0,-96.0,10.0,1.7301512
-14.0,-94.0,10.0,1.6109699
-14.0,-92.0,10.0,1.5551271
-14.0,-90.0,10.0,1.5519596
-14.0,-88.0,10.0,1.6057156
-14.0,-86.0,10.0,1.6417888
-14.0,-84.0,10.0,1.6242299
-14.0,-82.0,10.0,1.6252295
-14.0,-80.0,10.0,1.6064689
-14.0,-78.0,10.0,1.6322377
-14.0,-76.0,10.0,1.7094389
-14.0,-74.0,10.0,1.7226981
-14.0,-72.0,10.0,1.668457
-14.0,-70.0,10.0,1.6240085
-14.0,-68.0,10.0,1.6942254
-14.0,-66.0,10.0,1.6693307
-14.0,-64.0,10.0,1.5821056
-14.0,-62.0,10.0,1.612829
-14.0,-60.0,10.0,1.6325508
-14.0,-58.0,10.0,1.6544405
-14.0,-56.0,10.0,1.6053206
-14.0,-54.0,10.0,1.5678315
-14.0,-52.0,10.0,1.6049315
-14.0,-50.0,10.0,1.6269593
-14.0,-48.0,10.0,1.6208708
-14.0,-46.0,10.0,1.6732159
-14.0,-44.0,10.0,1.7045662
-14.0,-42.0,10.0,1.653617
-14.0,-40.0,10.0,1.6502655
-14.0,-38.0,10.0,1.75263
-14.0,-36.0,10.0,1.7510736
-14.0,-34.0,10.0,1.6846433
-14.0,-32.0,10.0,1.6342529
-14.0,-30.0,10.0,1.701178
-14.0,-28.0,10.0,1.791077
-14.0,-26.0,10.0,1.8180014
-14.0,-24.0,10.0,1.7848824
-14.0,-22.0,10.0,1.7451131
-14.0,-20.0,10.0,1.7549136
-14.0,-18.0,10.0,1.7388757
-14.0,-16.0,10.0,1.652419
-14.0,-14.0,10.0,1.6599339
-14.0,-12.0,10.0,1.7590824
-14.0,-10.0,10.0,1.7755309
-14.0,-8.0,10.0,1.7979318
-14.0,-6.0,10.0,1.8476657
-14.0,-4.0,10.0,1.8121142
-14.0,-2.0,10.0,1.7495426
-14.0,0.0,10.0,1.7480234
-14.0,2.0,10.0,1.8291193
-14.0,4.0,10.0,1.8021231
-14.0,6.0,10.0,1.7881502
-14.0,8.0,10.0,1.800806
-14.0,10.0,10.0,1.8006203
-14.0,12.0,10.0,1.7026621
-14.0,14.0,10.0,1.6487763
-14.0,16.0,10.0,1.7057247
-14.0,18.0,10.0,1.7154801
-14.0,20.0,10.0,1.7039053
-14.0,22.0,10.0,1.7541202
-14.0,24.0,10.0,1.7806435
-14.0,26.0,10.0,1.7289797
-14.0,28.0,10.0,1.686201
-14.0,30.0,10.0,1.6787298
-14.0,32.0,10.0,1.6505613
-14.0,34.0,10.0,1.6156168
-14.0,36.0,10.0,1.60852
-14.0,38.0,10.0,1.5885098
-14.0,40.0,10.0,1.6071888
-14.0,42.0,10.0,1.5539511
-14.0,44.0,10.0,1.5040007
-14.0,46.0,10.0,1.474251
-14.0,48.0,10.0,1.4426204
-14.0,50.0,10.0,1.5316354
-14.0,52.0,10.0,1.5444046
-14.0,54.0,10.0,1.4715304
-14.0,56.0,10.0,1.4447906
-14.0,58.0,10.0,1.4791707
-14.0,60.0,10.0,1.5059946
-14.0,62.0,10.0,1.4824837
-14.0,64.0,10.0,1.5127599
-14.0,66.0,10.0,1.6279738
-14.0,68.0,10.0,1.653869
-14.0,70.0,10.0,1.5285654
-14.0,72.0,10.0,1.46342
-14.0,74.0,10.0,1.5146573
-14.0,76.0,10.0,1.485846
-14.0,78.0,10.0,1.4457537
-14.0,80.0,10.0,1.4830365
-14.0,82.0,10.0,1.6494428
-14.0,84.0,10.0,1.611744
-14.0,86.0,10.0,1.5310619
-14.0,88.0,10.0,1.5235937
-14.0,90.0,10.0,1.4920049
-14.0,92.0,10.0,1.5019855
-14.0,94.0,10.0,1.5555823
-14.0,96.0,10.0,1.6922262
-14.0,98.0,10.0,1.6511335
-14.0,100.0,10.0,1.465117
-14.0,102.0,10.0,1.4370494
-14.0,104.0,10.0,1.4617614
-14.0,106.0,10.0,1.4400982
-14.0,108.0,10.0,1.4327422
-14.0,110.0,10.0,1.460409
-14.0,112.0,10.0,1.5291189
-14.0,114.0,10.0,1.4975828
-14.0,116.0,10.0,1.4682235
-14.0,118.0,10.0,1.4917451
-14.0,120.0,10.0,1.4703225
-14.0,122.0,10.0,1.4023424
-14.0,124.0,10.0,1.3960758
-14.0,126.0,10.0,1.4281181
-14.0,128.0,10.0,1.4674265
-14.0,130.0,10.0,1.48022
-14.0,132.0,10.0,1.3876821
-14.0,134.0,10.0,1.3850335
-14.0,136.0,10.0,1.436597
-14.0,138.0,10.0,1.4972277
-14.0,140.0,10.0,1.5073898
-14.0,142.0,10.0,1.4332378
-14.0,144.0,10.0,1.4295448
-14.0,146.0,10.0,1.451829
-14.0,148.0,10.0,1.4908189
-14.0,150.0,10.0,1.5399553
-14.0,152.0,10.0,1.5073371
-14.0,154.0,10.0,1.4907767
-14.0,156.0,10.0,1.5296206
-14.0,158.0,10.0,1.543032
-14.0,160.0,10.0,1.4622262
-14.0,162.0,10.0,1.4528937
-14.0,164.0,10.0,1.4773946
-14.0,166.0,10.0,1.4251024
-14.0,168.0,10.0,1.4154341
-14.0,170.0,10.0,1.4935763
-14.0,172.0,10.0,1.5688059
-14.0,174.0,10.0,1.5500046
-14.0,176.0,10.0,1.5044918
-14.0,178.0,10.0,1.5237402
-14.0,180.0,10.0,1.447967
-12.0,-180.0,10.0,1.4123445
-12.0,-178.0,10.0,1.3885148
-12.0,-176.0,10.0,1.4474443
-12.0,-174.0,10.0,1.5183555
-12.0,-172.0,10.0,1.4747359
-12.0,-170.0,10.0,1.4268292
-12.0,-168.0,10.0,1.4287133
-12.0,-166.0,10.0,1.3780133
-12.0,-164.0,10.0,1.3198035
-12.0,-162.0,10.0,1.3646696
-12.0,-160.0,10.0,1.445543
-12.0,-158.0,10.0,1.496466
-12.0,-156.0,10.0,1.477094
-12.0,-154.0,10.0,1.4667574
-12.0,-152.0,10.0,1.4536098
-12.0,-150.0,10.0,1.4065443
-12.0,-148.0,10.0,1.3913122
-12.0,-146.0,10.0,1.4040009
-12.0,-144.0,10.0,1.395288
-12.0,-142.0,10.0,1.4298946
-12.0,-140.0,10.0,1.4539886
-12.0,-138.0,10.0,1.4664142
-12.0,-136.0,10.0,1.4787095
-12.0,-134.0,10.0,1.4292219
-12.0,-132.0,10.0,1.411408
-12.0,-130.0,10.0,1.4523907
-12.0,-128.0,10.0,1.5050095
-12.0,-126.0,10.0,1.4630433
-12.0,-124.0,10.0,1.4137527
-12.0,-122.0,10.0,1.4540305
-12.0,-120.0,10.0,1.4980097
-12.0,-118.0,10.0,1.5266734
-12.0,-116.0,10.0,1.5167384
-12.0,-114.0,10.0,1.5239159
-12.0,-112.0,10.0,1.5622063
-12.0,-110.0,10.0,1.5318617
-12.0,-108.0,10.0,1.5049785
-12.0,-106.0,10.0,1.5229343
-12.0,-104.0,10.0,1.6217711
-12.0,-102.0,10.0,1.5993278
-12.0,-100.0,10.0,1.5732875
-12.0,-98.0,10.0,1.6660336
-12.0,-96.0,10.0,1.7157139
-12.0,-94.0,10.0,1.6191577
-12.0,-92.0,10.0,1.558371
-12.0,-90.0,10.0,1.5624737
-12.0,-88.0,10.0,1.5770019
-12.0,-86.0,10.0,1.5946754
-12.0,-84.0,10.0,1.606914
-12.0,-82.0,10.0,1.6274481
-12.0,-80.0,10.0,1.5741409
-12.0,-78.0,10.0,1.5518117
-12.0,-76.0,10.0,1.5927773
-12.0,-74.0,10.0,1.6557239
-12.0,-72.0,10.0,1.6239223
-12.0,-70.0,10.0,1.5745617
-12.0,-68.0,10.0,1.643823
-12.0,-66.0,10.0,1.6664258
-12.0,-64.0,10.0,1.6007016
-12.0,-62.0,10.0,1.5850565
-12.0,-60.0,10.0,1.6105903
-12.0,-58.0,10.0,1.631308
-12.0,-56.0,10.0,1.5579251
-12.0,-54.0,10.0,1.5446845
-12.0,-52.0,10.0,1.571586
-12.0,-50.0,10.0,1.5868702
-12.0,-48.0,10.0,1.5970379
-12.0,-46.0,10.0,1.6173992
-12.0,-44.0,10.0,1.6066556
-12.0,-42.0,10.0,1.5684289
-12.0,-40.0,10.0,1.5990725
-12.0,-38.0,10.0,1.6806841
-12.0,-36.0,10.0,1.70209
-12.0,-34.0,10.0,1.6421012
-12.0,-32.0,10.0,1.633476
-12.0,-30.0,10.0,1.6912911
-12.0,-28.0,10.0,1.7411236
-12.0,-26.0,10.0,1.7657431
-12.0,-24.0,10.0,1.7655128
-12.0,-22.0,10.0,1.6979394
-12.0,-20.0,10.0,1.6940744
-12.0,-18.0,10.0,1.6663427
-12.0,-16.0,10.0,1.6164675
-12.0,-14.0,10.0,1.6323007
-12.0,-12.0,10.0,1.7203517
-12.0,-10.0,10.0,1.7268175
-12.0,-8.0,10.0,1.7511556
-12.0,-6.0,10.0,1.7974286
-12.0,-4.0,10.0,1.775595
-12.0,-2.0,10.0,1.7287726
-12.0,0.0,10.0,1.7149343
-12.0,2.0,10.0,1.757511
-12.0,4.0,10.0,1.7302912
-12.0,6.0,10.0,1.6883686
-12.0,8.0,10.0,1.7164457
-12.0,10.0,10.0,1.697553
-12.0,12.0,10.0,1.643436
-12.0,14.0,10.0,1.598116
-12.0,16.0,10.0,1.6299144
-12.0,18.0,10.0,1.6447527
-12.0,20.0,10.0,1.657921
-12.0,22.0,10.0,1.6959671
-12.0,24.0,10.0,1.7211708
-12.0,26.0,10.0,1.6918503
-12.0,28.0,10.0,1.6405222
-12.0,30.0,10.0,1.6036278
-12.0,32.0,10.0,1.5564344
-12.0,34.0,10.0,1.5364013
-12.0,36.0,10.0,1.5322394
-12.0,38.0,10.0,1.5262244
-12.0,40.0,10.0,1.5406007
-12.0,42.0,10.0,1.453946
-12.0,44.0,10.0,1.4166716
-12.0,46.0,10.0,1.4021809
-12.0,48.0,10.0,1.4165263
-12.0,50.0,10.0,1.4589595
-12.0,52.0,10.0,1.4412472
-12.0,54.0,10.0,1.3730568
-12.0,56.0,10.0,1.357605
-12.0,58.0,10.0,1.4441355
-12.0,60.0,10.0,1.4429168
-12.0,62.0,10.0,1.3993398
-12.0,64.0,10.0,1.452349
-12.0,66.0,10.0,1.5729712
-12.0,68.0,10.0,1.5772924
-12.0,70.0,10.0,1.4564072
-12.0,72.0,10.0,1.4471775
-12.0,74.0,10.0,1.4969159
-12.0,76.0,10.0,1.4163857
-12.0,78.0,10.0,1.3674722
-12.0,80.0,10.0,1.4189305
-12.0,82.0,10.0,1.5548538
-12.0,84.0,10.0,1.5336646
-12.0,86.0,10.0,1.4717426
-12.0,88.0,10.0,1.4727781
-12.0,90.0,10.0,1.4295002
-12.0,92.0,10.0,1.3862156
-12.0,94.0,10.0,1.4463154
-12.0,96.0,10.0,1.5882248
-12.0,98.0,10.0,1.5450099
-12.0,100.0,10.0,1.3925724
-12.0,102.0,10.0,1.4105933
-12.0,104.0,10.0,1.4062763
-12.0,106.0,10.0,1.3661329
-12.0,108.0,10.0,1.3532096
-12.0,110.0,10.0,1.4084352
-12.0,112.0,10.0,1.4691548
-12.0,114.0,10.0,1.4548856
-12.0,116.0,10.0,1.4453439
-12.0,118.0,10.0,1.4811432
-12.0,120.0,10.0,1.4381942
-12.0,122.0,10.0,1.3310313
-12.0,124.0,10.0,1.3244169
-12.0,126.0,10.0,1.3977362
-12.0,128.0,10.0,1.4488422
-12.0,130.0,10.0,1.4411124
-12.0,132.0,10.0,1.3569541
-12.0,134.0,10.0,1.3782809
-12.0,136.0,10.0,1.4297912
-12.0,138.0,10.0,1.4483669
-12.0,140.0,10.0,1.4401522
-12.0,142.0,10.0,1.369494
-12.0,144.0,10.0,1.3802062
-12.0,146.0,10.0,1.4004679
-12.0,148.0,10.0,1.4584975
-12.0,150.0,10.0,1.5072433
-12.0,152.0,10.0,1.4706247
-12.0,154.0,10.0,1.4548343
-12.0,156.0,10.0,1.5028774
-12.0,158.0,10.0,1.504226
-12.0,160.0,10.0,1.435454
-12.0,162.0,10.0,1.4047687
-12.0,164.0,10.0,1.4337413
-12.0,166.0,10.0,1.3857388
-12.0,168.0,10.0,1.3783816
-12.0,170.0,10.0,1.4532548
-12.0,172.0,10.0,1.5142589
-12.0,174.0,10.0,1.5039586
-12.0,176.0,10.0,1.4788002
-12.0,178.0,10.0,1.4851952
-12.0,180.0,10.0,1.4123445
-10.0,-180.0,10.0,1.3800186
-10.0,-178.0,10.0,1.3409414
-10.0,-176.0,10.0,1.4049463
-10.0,-174.0,10.0,1.4303423
-10.0,-172.0,10.0,1.4163213
-10.0,-170.0,10.0,1.3908392
-10.0,-168.0,10.0,1.3877854
-10.0,-166.0,10.0,1.3337331
-10.0,-164.0,10.0,1.2861218
-10.0,-162.0,10.0,1.3085134
-10.0,-160.0,10.0,1.3966149
-10.0,-158.0,10.0,1.4646056
-10.0,-156.0,10.0,1.4803816
-10.0,-154.0,10.0,1.4620657
-10.0,-152.0,10.0,1.4125154
-10.0,-150.0,10.0,1.4045166
-10.0,-148.0,10.0,1.3761343
-10.0,-146.0,10.0,1.381291
-10.0,-144.0,10.0,1.36947
-10.0,-142.0,10.0,1.3951954
-10.0,-140.0,10.0,1.4113389
-10.0,-138.0,10.0,1.4177847
-10.0,-136.0,10.0,1.4209405
-10.0,-134.0,10.0,1.4182786
-10.0,-132.0,10.0,1.3727795
-10.0,-130.0,10.0,1.4254012
-10.0,-128.0,10.0,1.4580576
-10.0,-126.0,10.0,1.3721938
-10.0,-124.0,10.0,1.3199804
-10.0,-122.0,10.0,1.3732492
-10.0,-120.0,10.0,1.4400926
-10.0,-118.0,10.0,1.4838656
-10.0,-116.0,10.0,1.4235936
-10.0,-114.0,10.0,1.4282615
-10.0,-112.0,10.0,1.4940158
-10.0,-110.0,10.0,1.4571321
-10.0,-108.0,10.0,1.4154962
-10.0,-106.0,10.0,1.462997
-10.0,-104.0,10.0,1.529044
-10.0,-102.0,10.0,1.4939435
-10.0,-100.0,10.0,1.4812078
-10.0,-98.0,10.0,1.615732
-10.0,-96.0,10.0,1.6579763
-10.0,-94.0,10.0,1.5737271
-10.0,-92.0,10.0,1.5179796
-10.0,-90.0,10.0,1.5038152
-10.0,-88.0,10.0,1.5386462
-10.0,-86.0,10.0,1.5889817
-10.0,-84.0,10.0,1.5825145
-10.0,-82.0,10.0,1.6135073
-10.0,-80.0,10.0,1.5272475
-10.0,-78.0,10.0,1.5017129
-10.0,-76.0,10.0,1.5263138
-10.0,-74.0,10.0,1.5797306
-10.0,-72.0,10.0,1.5600992
-10.0,-70.0,10.0,1.5414523
-10.0,-68.0,10.0,1.6255332
-10.0,-66.0,10.0,1.6187407
-10.0,-64.0,10.0,1.5329381
-10.0,-62.0,10.0,1.5271708
-10.0,-60.0,10.0,1.5465343
-10.0,-58.0,10.0,1.5601666
-10.0,-56.0,10.0,1.4975739
-10.0,-54.0,10.0,1.4768376
-10.0,-52.0,10.0,1.5331516
-10.0,-50.0,10.0,1.5604393
-10.0,-48.0,10.0,1.546882
-10.0,-46.0,10.0,1.5666645
-10.0,-44.0,10.0,1.5695806
-10.0,-42.0,10.0,1.5568098
-10.0,-40.0,10.0,1.573971
-10.0,-38.0,10.0,1.6410699
-10.0,-36.0,10.0,1.6368778
-10.0,-34.0,10.0,1.5621358
-10.0,-32.0,10.0,1.5533311
-10.0,-30.0,10.0,1.6043279
-10.0,-28.0,10.0,1.6541663
-10.0,-26.0,10.0,1.7047174
-10.0,-24.0,10.0,1.6956923
-10.0,-22.0,10.0,1.6416441
-10.0,-20.0,10.0,1.6302291
-10.0,-18.0,10.0,1.5748134
-10.0,-16.0,10.0,1.5595338
-10.0,-14.0,10.0,1.5664911
-10.0,-12.0,10.0,1.6421374
-10.0,-10.0,10.0,1.6478825
-10.0,-8.0,10.0,1.6758788
-10.0,-6.0,10.0,1.710661
-10.0,-4.0,10.0,1.6891838
-10.0,-2.0,10.0,1.6572335
-10.0,0.0,10.0,1.6309288
-10.0,2.0,10.0,1.6574341
-10.0,4.0,10.0,1.6340806
-10.0,6.0,10.0,1.632048
-10.0,8.0,10.0,1.6403106
-10.0,10.0,10.0,1.6082993
-10.0,12.0,10.0,1.5607247
-10.0,14.0,10.0,1.5191655
-10.0,16.0,10.0,1.546631
-10.0,18.0,10.0,1.5554143
-10.0,20.0,10.0,1.57954
-10.0,22.0,10.0,1.6119591
-10.0,24.0,10.0,1.6438054
-10.0,26.0,10.0,1.6123387
-10.0,28.0,10.0,1.5857366
-10.0,30.0,10.0,1.5398983
-10.0,32.0,10.0,1.4792105
-10.0,34.0,10.0,1.4644012
-10.0,36.0,10.0,1.4807799
-10.0,38.0,10.0,1.478343
-10.0,40.0,10.0,1.4923095
-10.0,42.0,10.0,1.4167831
-10.0,44.0,10.0,1.3849225
-10.0,46.0,10.0,1.3991339
-10.0,48.0,10.0,1.4088259
-10.0,50.0,10.0,1.4472314
-10.0,52.0,10.0,1.4345075
-10.0,54.0,10.0,1.3695022
-10.0,56.0,10.0,1.3556796
-10.0,58.0,10.0,1.3994988
-10.0,60.0,10.0,1.4139861
-10.0,62.0,10.0,1.3499336
-10.0,64.0,10.0,1.3754252
-10.0,66.0,10.0,1.4523154
-10.0,68.0,10.0,1.4774319
-10.0,70.0,10.0,1.3927394
-10.0,72.0,10.0,1.4120265
-10.0,74.0,10.0,1.4471904
-10.0,76.0,10.0,1.4208075
-10.0,78.0,10.0,1.3761601
-10.0,80.0,10.0,1.3734297
-10.0,82.0,10.0,1.4584852
-10.0,84.0,10.0,1.4596593
-10.0,86.0,10.0,1.3964268
-10.0,88.0,10.0,1.3848888
-10.0,90.0,10.0,1.3628458
-10.0,92.0,10.0,1.3326043
-10.0,94.0,10.0,1.3720001
-10.0,96.0,10.0,1.4761987
-10.0,98.0,10.0,1.4450965
-10.0,100.0,10.0,1.3559486
-10.0,102.0,10.0,1.3655111
-10.0,104.0,10.0,1.3711145
-10.0,106.0,10.0,1.3579552
-10.0,108.0,10.0,1.3248732
-10.0,110.0,10.0,1.35577
-10.0,112.0,10.0,1.4314142
-10.0,114.0,10.0,1.4138869
-10.0,116.0,10.0,1.3823643
-10.0,118.0,10.0,1.3957684
-10.0,120.0,10.0,1.3642596
-10.0,122.0,10.0,1.3048654
-10.0,124.0,10.0,1.2892264
-10.0,126.0,10.0,1.3259146
-10.0,128.0,10.0,1.3756793
-10.0,130.0,10.0,1.3754444
-10.0,132.0,10.0,1.312134
-10.0,134.0,10.0,1.3262707
-10.0,136.0,10.0,1.3291892
-10.0,138.0,10.0,1.3463285
-10.0,140.0,10.0,1.3811088
-10.0,142.0,10.0,1.3240364
-10.0,144.0,10.0,1.3768523
-10.0,146.0,10.0,1.3525262
-10.0,148.0,10.0,1.3557003
-10.0,150.0,10.0,1.3851955
-10.0,152.0,10.0,1.3989228
-10.0,154.0,10.0,1.3884549
-10.0,156.0,10.0,1.4207481
-10.0,158.0,10.0,1.4155703
-10.0,160.0,10.0,1.387255
-10.0,162.0,10.0,1.3701789
-10.0,164.0,10.0,1.3667047
-10.0,166.0,10.0,1.3490635
-10.0,168.0,10.0,1.328391
-10.0,170.0,10.0,1.3820046
-10.0,172.0,10.0,1.4493139
-10.0,174.0,10.0,1.4574013
-10.0,176.0,10.0,1.4651178
-10.0,178.0,10.0,1.4544222
-10.0,180.0,10.0,1.3800186
-8.0,-180.0,10.0,1.4854727
-8.0,-178.0,10.0,1.481111
-8.0,-176.0,10.0,1.4865732
-8.0,-174.0,10.0,1.5023763
-8.0,-172.0,10.0,1.5069072
-8.0,-170.0,10.0,1.4910463
-8.0,-168.0,10.0,1.5004133
-8.0,-166.0,10.0,1.4535042
-8.0,-164.0,10.0,1.4084326
-8.0,-162.0,10.0,1.4165585
-8.0,-160.0,10.0,1.5166972
-8.0,-158.0,10.0,1.5721912
-8.0,-156.0,10.0,1.600166
-8.0,-154.0,10.0,1.5662569
-8.0,-152.0,10.0,1.5882004
-8.0,-150.0,10.0,1.5225213
-8.0,-148.0,10.0,1.5017672
-8.0,-146.0,10.0,1.4958204
-8.0,-144.0,10.0,1.4664325
-8.0,-142.0,10.0,1.5160036
-8.0,-140.0,10.0,1.5366442
-8.0,-138.0,10.0,1.5361389
-8.0,-136.0,10.0,1.5380344
-8.0,-134.0,10.0,1.512077
-8.0,-132.0,10.0,1.500889
-8.0,-130.0,10.0,1.5251422
-8.0,-128.0,10.0,1.5642117
-8.0,-126.0,10.0,1.5284247
-8.0,-124.0,10.0,1.4431467
-8.0,-122.0,10.0,1.4661973
-8.0,-120.0,10.0,1.5471493
-8.0,-118.0,10.0,1.5892816
-8.0,-116.0,10.0,1.5266409
-8.0,-114.0,10.0,1.5335407
-8.0,-112.0,10.0,1.5624719
-8.0,-110.0,10.0,1.5466504
-8.0,-108.0,10.0,1.5048872
-8.0,-106.0,10.0,1.5787734
-8.0,-104.0,10.0,1.598082
-8.0,-102.0,10.0,1.5802646
-8.0,-100.0,10.0,1.5529436
-8.0,-98.0,10.0,1.6766478
-8.0,-96.0,10.0,1.7294747
-8.0,-94.0,10.0,1.6331406
-8.0,-92.0,10.0,1.6255331
-8.0,-90.0,10.0,1.6259887
-8.0,-88.0,10.0,1.6381668
-8.0,-86.0,10.0,1.6961745
-8.0,-84.0,10.0,1.7018362
-8.0,-82.0,10.0,1.72171
-8.0,-80.0,10.0,1.6425549
-8.0,-78.0,10.0,1.6064683
-8.0,-76.0,10.0,1.6437278
-8.0,-74.0,10.0,1.6873642
-8.0,-72.0,10.0,1.6600157
-8.0,-70.0,10.0,1.6200575
-8.0,-68.0,10.0,1.7122482
-8.0,-66.0,10.0,1.7085578
-8.0,-64.0,10.0,1.6272703
-8.0,-62.0,10.0,1.6350971
-8.0,-60.0,10.0,1.6527389
-8.0,-58.0,10.0,1.6833842
-8.0,-56.0,10.0,1.6700237
-8.0,-54.0,10.0,1.6163989
-8.0,-52.0,10.0,1.6290714
-8.0,-50.0,10.0,1.6648426
-8.0,-48.0,10.0,1.6453812
-8.0,-46.0,10.0,1.6501068
-8.0,-44.0,10.0,1.6638346
-8.0,-42.0,10.0,1.6483729
-8.0,-40.0,10.0,1.6910748
-8.0,-38.0,10.0,1.7593704
-8.0,-36.0,10.0,1.7062194
-8.0,-34.0,10.0,1.5960453
-8.0,-32.0,10.0,1.5986097
-8.0,-30.0,10.0,1.6684833
-8.0,-28.0,10.0,1.737703
-8.0,-26.0,10.0,1.7443994
-8.0,-24.0,10.0,1.7642179
-8.0,-22.0,10.0,1.6987237
-8.0,-20.0,10.0,1.6299031
-8.0,-18.0,10.0,1.6070136
-8.0,-16.0,10.0,1.6348417
-8.0,-14.0,10.0,1.6302288
-8.0,-12.0,10.0,1.6755726
-8.0,-10.0,10.0,1.6935827
-8.0,-8.0,10.0,1.7135465
-8.0,-6.0,10.0,1.7122275
-8.0,-4.0,10.0,1.7099111
-8.0,-2.0,10.0,1.6930171
-8.0,0.0,10.0,1.7030373
-8.0,2.0,10.0,1.7765696
-8.0,4.0,10.0,1.7887163
-8.0,6.0,10.0,1.8075867
-8.0,8.0,10.0,1.7996119
-8.0,10.0,10.0,1.7383707
-8.0,12.0,10.0,1.6922584
-8.0,14.0,10.0,1.6607984
-8.0,16.0,10.0,1.6839988
-8.0,18.0,10.0,1.6902636
-8.0,20.0,10.0,1.6680319
-8.0,22.0,10.0,1.7144709
-8.0,24.0,10.0,1.7337564
-8.0,26.0,10.0,1.6852204
-8.0,28.0,10.0,1.6478734
-8.0,30.0,10.0,1.6272444
-8.0,32.0,10.0,1.6022539
-8.0,34.0,10.0,1.5851216
-8.0,36.0,10.0,1.5839262
-8.0,38.0,10.0,1.6009313
-8.0,40.0,10.0,1.602951
-8.0,42.0,10.0,1.5396179
-8.0,44.0,10.0,1.5383236
-8.0,46.0,10.0,1.5009037
-8.0,48.0,10.0,1.5013261
-8.0,50.0,10.0,1.5250002
-8.0,52.0,10.0,1.5163428
-8.0,54.0,10.0,1.4636402
-8.0,56.0,10.0,1.4640452
-8.0,58.0,10.0,1.5168467
-8.0,60.0,10.0,1.5271531
-8.0,62.0,10.0,1.468222
-8.0,64.0,10.0,1.5082847
-8.0,66.0,10.0,1.5924265
-8.0,68.0,10.0,1.5703084
-8.0,70.0,10.0,1.4973848
-8.0,72.0,10.0,1.5131136
-8.0,74.0,10.0,1.541236
-8.0,76.0,10.0,1.5416473
-8.0,78.0,10.0,1.4929576
-8.0,80.0,10.0,1.4676375
-8.0,82.0,10.0,1.5610921
-8.0,84.0,10.0,1.5747633
-8.0,86.0,10.0,1.494331
-8.0,88.0,10.0,1.4896116
-8.0,90.0,10.0,1.4928143
-8.0,92.0,10.0,1.4796041
-8.0,94.0,10.0,1.4874498
-8.0,96.0,10.0,1.5773195
-8.0,98.0,10.0,1.5726365
-8.0,100.0,10.0,1.4681851
-8.0,102.0,10.0,1.4570082
-8.0,104.0,10.0,1.4995729
-8.0,106.0,10.0,1.5176611
-8.0,108.0,10.0,1.4462321
-8.0,110.0,10.0,1.42406
-8.0,112.0,10.0,1.4930395
-8.0,114.0,10.0,1.4726564
-8.0,116.0,10.0,1.4574203
-8.0,118.0,10.0,1.4808273
-8.0,120.0,10.0,1.4468324
-8.0,122.0,10.0,1.4235885
-8.0,124.0,10.0,1.4154282
-8.0,126.0,10.0,1.4248452
-8.0,128.0,10.0,1.4624152
-8.0,130.0,10.0,1.4449364
-8.0,132.0,10.0,1.438549
-8.0,134.0,10.0,1.4325391
-8.0,136.0,10.0,1.4282619
-8.0,138.0,10.0,1.4572322
-8.0,140.0,10.0,1.4919308
-8.0,142.0,10.0,1.4782434
-8.0,144.0,10.0,1.4968957
-8.0,146.0,10.0,1.451395
-8.0,148.0,10.0,1.4542941
-8.0,150.0,10.0,1.4799532
-8.0,152.0,10.0,1.4770764
-8.0,154.0,10.0,1.4627078
-8.0,156.0,10.0,1.5102712
-8.0,158.0,10.0,1.5396916
-8.0,160.0,10.0,1.5227286
-8.0,162.0,10.0,1.5437648
-8.0,164.0,10.0,1.5186826
-8.0,166.0,10.0,1.4897724
-8.0,168.0,10.0,1.4698498
-8.0,170.0,10.0,1.5235267
-8.0,172.0,10.0,1.5683236
-8.0,174.0,10.0,1.5764097
-8.0,176.0,10.0,1.5731015
-8.0,178.0,10.0,1.5696759
-8.0,180.0,10.0,1.4854727
-6.0,-180.0,10.0,1.4115725
-6.0,-178.0,10.0,1.3921505
-6.0,-176.0,10.0,1.4369477
-6.0,-174.0,10.0,1.4545052
-6.0,-172.0,10.0,1.4616805
-6.0,-170.0,10.0,1.4284089
-6.0,-168.0,10.0,1.4286419
-6.0,-166.0,10.0,1.3842295
-6.0,-164.0,10.0,1.3491858
-6.0,-162.0,10.0,1.3622649
-6.0,-160.0,10.0,1.4608119
-6.0,-158.0,10.0,1.5501777
-6.0,-156.0,10.0,1.5592239
-6.0,-154.0,10.0,1.5313188
-6.0,-152.0,10.0,1.5204593
-6.0,-150.0,10.0,1.455568
-6.0,-148.0,10.0,1.4291382
-6.0,-146.0,10.0,1.4668875
-6.0,-144.0,10.0,1.439994
-6.0,-142.0,10.0,1.4664783
-6.0,-140.0,10.0,1.4801861
-6.0,-138.0,10.0,1.4622583
-6.0,-136.0,10.0,1.4717958
-6.0,-134.0,10.0,1.4527029
-6.0,-132.0,10.0,1.4317577
-6.0,-130.0,10.0,1.4867904
-6.0,-128.0,10.0,1.502771
-6.0,-126.0,10.0,1.4661057
-6.0,-124.0,10.0,1.3880416
-6.0,-122.0,10.0,1.420158
-6.0,-120.0,10.0,1.5007559
-6.0,-118.0,10.0,1.5189595
-6.0,-116.0,10.0,1.4854492
-6.0,-114.0,10.0,1.5232365
-6.0,-112.0,10.0,1.52657
-6.0,-110.0,10.0,1.4997165
-6.0,-108.0,10.0,1.4945096
-6.0,-106.0,10.0,1.5451224
-6.0,-104.0,10.0,1.5521286
-6.0,-102.0,10.0,1.5222688
-6.0,-100.0,10.0,1.5255395
-6.0,-98.0,10.0,1.643852
-6.0,-96.0,10.0,1.679648
-6.0,-94.0,10.0,1.6219211
-6.0,-92.0,10.0,1.6312921
-6.0,-90.0,10.0,1.5950046
-6.0,-88.0,10.0,1.5890636
-6.0,-86.0,10.0,1.6453481
-6.0,-84.0,10.0,1.6193074
-6.0,-82.0,10.0,1.6427755
-6.0,-80.0,10.0,1.5725685
-6.0,-78.0,10.0,1.6009884
-6.0,-76.0,10.0,1.6149077
-6.0,-74.0,10.0,1.6006078
-6.0,-72.0,10.0,1.5629952
-6.0,-70.0,10.0,1.5960721
-6.0,-68.0,10.0,1.6628823
-6.0,-66.0,10.0,1.6741775
-6.0,-64.0,10.0,1.5914171
-6.0,-62.0,10.0,1.570125
-6.0,-60.0,10.0,1.5853648
-6.0,-58.0,10.0,1.5857555
-6.0,-56.0,10.0,1.568418
-6.0,-54.0,10.0,1.5679973
-6.0,-52.0,10.0,1.5799174
-6.0,-50.0,10.0,1.5937984
-6.0,-48.0,10.0,1.5890746
-6.0,-46.0,10.0,1.6107262
-6.0,-44.0,10.0,1.6331865
-6.0,-42.0,10.0,1.6193558
-6.0,-40.0,10.0,1.6286621
-6.0,-38.0,10.0,1.6760193
-6.0,-36.0,10.0,1.6200156
-6.0,-34.0,10.0,1.5408039
-6.0,-32.0,10.0,1.5531874
-6.0,-30.0,10.0,1.6144954
-6.0,-28.0,10.0,1.6804487
-6.0,-26.0,10.0,1.7334087
-6.0,-24.0,10.0,1.7440526
-6.0,-22.0,10.0,1.6582884
-6.0,-20.0,10.0,1.583675
-6.0,-18.0,10.0,1.5481879
-6.0,-16.0,10.0,1.5633875
-6.0,-14.0,10.0,1.5296335
-6.0,-12.0,10.0,1.5818018
-6.0,-10.0,10.0,1.593782
-6.0,-8.0,10.0,1.6225884
-6.0,-6.0,10.0,1.615886
-6.0,-4.0,10.0,1.6042471
-6.0,-2.0,10.0,1.5782517
-6.0,0.0,10.0,1.5905429
-6.0,2.0,10.0,1.6631131
-6.0,4.0,10.0,1.6734787
-6.0,6.0,10.0,1.6954713
-6.0,8.0,10.0,1.6975806
-6.0,10.0,10.0,1.6225697
-6.0,12.0,10.0,1.5825101
-6.0,14.0,10.0,1.5494941
-6.0,16.0,10.0,1.5639288
-6.0,18.0,10.0,1.5691891
-6.0,20.0,10.0,1.5723213
-6.0,22.0,10.0,1.6069021
-6.0,24.0,10.0,1.6302781
-6.0,26.0,10.0,1.567495
-6.0,28.0,10.0,1.5495377
-6.0,30.0,10.0,1.540434
-6.0,32.0,10.0,1.4958643
-6.0,34.0,10.0,1.505573
-6.0,36.0,10.0,1.502149
-6.0,38.0,10.0,1.5118079
-6.0,40.0,10.0,1.5232428
-6.0,42.0,10.0,1.4539031
-6.0,44.0,10.0,1.4420565
-6.0,46.0,10.0,1.4306486
-6.0,48.0,10.0,1.4136964
-6.0,50.0,10.0,1.4513364
-6.0,52.0,10.0,1.4263029
-6.0,54.0,10.0,1.3845234
-6.0,56.0,10.0,1.3858744
-6.0,58.0,10.0,1.4345496
-6.0,60.0,10.0,1.4518257
-6.0,62.0,10.0,1.4022052
-6.0,64.0,10.0,1.4305202
-6.0,66.0,10.0,1.5200396
-6.0,68.0,10.0,1.5098822
-6.0,70.0,10.0,1.4099894
-6.0,72.0,10.0,1.4173464
-6.0,74.0,10.0,1.448727
-6.0,76.0,10.0,1.4559257
-6.0,78.0,10.0,1.4036422
-6.0,80.0,10.0,1.3885689
-6.0,82.0,10.0,1.4901837
-6.0,84.0,10.0,1.491099
-6.0,86.0,10.0,1.4013386
-6.0,88.0,10.0,1.4161601
-6.0,90.0,10.0,1.4075716
-6.0,92.0,10.0,1.3828605
-6.0,94.0,10.0,1.4103096
-6.0,96.0,10.0,1.507638
-6.0,98.0,10.0,1.4920387
-6.0,100.0,10.0,1.3681145
-6.0,102.0,10.0,1.3759191
-6.0,104.0,10.0,1.4095168
-6.0,106.0,10.0,1.4000256
-6.0,108.0,10.0,1.3444695
-6.0,110.0,10.0,1.3562764
-6.0,112.0,10.0,1.4071237
-6.0,114.0,10.0,1.396197
-6.0,116.0,10.0,1.38197
-6.0,118.0,10.0,1.3961599
-6.0,120.0,10.0,1.3777654
-6.0,122.0,10.0,1.3531634
-6.0,124.0,10.0,1.3369195
-6.0,126.0,10.0,1.3666565
-6.0,128.0,10.0,1.3965628
-6.0,130.0,10.0,1.3701457
-6.0,132.0,10.0,1.3392572
-6.0,134.0,10.0,1.3427372
-6.0,136.0,10.0,1.355547
-6.0,138.0,10.0,1.3727412
-6.0,140.0,10.0,1.4071122
-6.0,142.0,10.0,1.406339
-6.0,144.0,10.0,1.409181
-6.0,146.0,10.0,1.3510166
-6.0,148.0,10.0,1.3573966
-6.0,150.0,10.0,1.3963754
-6.0,152.0,10.0,1.382043
-6.0,154.0,10.0,1.3643848
-6.0,156.0,10.0,1.4000988
-6.0,158.0,10.0,1.4264206
-6.0,160.0,10.0,1.427603
-6.0,162.0,10.0,1.4443337
-6.0,164.0,10.0,1.4146837
-6.0,166.0,10.0,1.3879899
-6.0,168.0,10.0,1.3697731
-6.0,170.0,10.0,1.412043
-6.0,172.0,10.0,1.5043126
-6.0,174.0,10.0,1.530611
-6.0,176.0,10.0,1.5381835
-6.0,178.0,10.0,1.500613
-6.0,180.0,10.0,1.4115725
-4.0,-180.0,10.0,1.3247362
-4.0,-178.0,10.0,1.2867719
-4.0,-176.0,10.0,1.3129748
-4.0,-174.0,10.0,1.3626422
-4.0,-172.0,10.0,1.3551292
-4.0,-170.0,10.0,1.3269569
-4.0,-168.0,10.0,1.3310852
-4.0,-166.0,10.0,1.3028634
-4.0,-164.0,10.0,1.2667584
-4.0,-162.0,10.0,1.2427292
-4.0,-160.0,10.0,1.3424923
-4.0,-158.0,10.0,1.4367497
-4.0,-156.0,10.0,1.431752
-4.0,-154.0,10.0,1.3786421
-4.0,-152.0,10.0,1.3909268
-4.0,-150.0,10.0,1.3567932
-4.0,-148.0,10.0,1.2806697
-4.0,-146.0,10.0,1.2918454
-4.0,-144.0,10.0,1.2921473
-4.0,-142.0,10.0,1.3290055
-4.0,-140.0,10.0,1.3576188
-4.0,-138.0,10.0,1.3790311
-4.0,-136.0,10.0,1.3870612
-4.0,-134.0,10.0,1.366485
-4.0,-132.0,10.0,1.3612562
-4.0,-130.0,10.0,1.3694298
-4.0,-128.0,10.0,1.4322423
-4.0,-126.0,10.0,1.3877795
-4.0,-124.0,10.0,1.3173378
-4.0,-122.0,10.0,1.3521339
-4.0,-120.0,10.0,1.4067867
-4.0,-118.0,10.0,1.4527134
-4.0,-116.0,10.0,1.4096025
-4.0,-114.0,10.0,1.4113779
-4.0,-112.0,10.0,1.4550763
-4.0,-110.0,10.0,1.4738235
-4.0,-108.0,10.0,1.4429761
-4.0,-106.0,10.0,1.448252
-4.0,-104.0,10.0,1.4863749
-4.0,-102.0,10.0,1.4737346
-4.0,-100.0,10.0,1.4641933
-4.0,-98.0,10.0,1.5820384
-4.0,-96.0,10.0,1.6345049
-4.0,-94.0,10.0,1.550318
-4.0,-92.0,10.0,1.5212872
-4.0,-90.0,10.0,1.4942552
-4.0,-88.0,10.0,1.4915454
-4.0,-86.0,10.0,1.5398993
-4.0,-84.0,10.0,1.5383075
-4.0,-82.0,10.0,1.5209079
-4.0,-80.0,10.0,1.4948882
-4.0,-78.0,10.0,1.4976424
-4.0,-76.0,10.0,1.485999
-4.0,-74.0,10.0,1.5188317
-4.0,-72.0,10.0,1.5076863
-4.0,-70.0,10.0,1.5090779
-4.0,-68.0,10.0,1.6327044
-4.0,-66.0,10.0,1.6687363
-4.0,-64.0,10.0,1.5677611
-4.0,-62.0,10.0,1.4954952
-4.0,-60.0,10.0,1.4949982
-4.0,-58.0,10.0,1.5128614
-4.0,-56.0,10.0,1.5057272
-4.0,-54.0,10.0,1.4743696
-4.0,-52.0,10.0,1.4754361
-4.0,-50.0,10.0,1.4792258
-4.0,-48.0,10.0,1.4669931
-4.0,-46.0,10.0,1.4583396
-4.0,-44.0,10.0,1.4682692
-4.0,-42.0,10.0,1.4545473
-4.0,-40.0,10.0,1.4768893
-4.0,-38.0,10.0,1.5169948
-4.0,-36.0,10.0,1.5114919
-4.0,-34.0,10.0,1.4645824
-4.0,-32.0,10.0,1.4584036
-4.0,-30.0,10.0,1.4791107
-4.0,-28.0,10.0,1.5558676
-4.0,-26.0,10.0,1.6283859
-4.0,-24.0,10.0,1.6340708
-4.0,-22.0,10.0,1.5621283
-4.0,-20.0,10.0,1.5067537
-4.0,-18.0,10.0,1.5031157
-4.0,-16.0,10.0,1.4977233
-4.0,-14.0,10.0,1.454581
-4.0,-12.0,10.0,1.4963453
-4.0,-10.0,10.0,1.5034807
-4.0,-8.0,10.0,1.490466
-4.0,-6.0,10.0,1.5018566
-4.0,-4.0,10.0,1.5094192
-4.0,-2.0,10.0,1.4930665
-4.0,0.0,10.0,1.5010422
-4.0,2.0,10.0,1.5156969
-4.0,4.0,10.0,1.5443368
-4.0,6.0,10.0,1.5353495
-4.0,8.0,10.0,1.4996521
-4.0,10.0,10.0,1.4545118
-4.0,12.0,10.0,1.4275539
-4.0,14.0,10.0,1.3697937
-4.0,16.0,10.0,1.3967859
-4.0,18.0,10.0,1.4164796
-4.0,20.0,10.0,1.4139997
-4.0,22.0,10.0,1.4309217
-4.0,24.0,10.0,1.461436
-4.0,26.0,10.0,1.4300913
-4.0,28.0,10.0,1.4035944
-4.0,30.0,10.0,1.3679435
-4.0,32.0,10.0,1.3216565
-4.0,34.0,10.0,1.3252814
-4.0,36.0,10.0,1.3438472
-4.0,38.0,10.0,1.328432
-4.0,40.0,10.0,1.3328062
-4.0,42.0,10.0,1.2951876
-4.0,44.0,10.0,1.2994745
-4.0,46.0,10.0,1.2941818
-4.0,48.0,10.0,1.309432
-4.0,50.0,10.0,1.3360047
-4.0,52.0,10.0,1.3330789
-4.0,54.0,10.0,1.272096
-4.0,56.0,10.0,1.274885
-4.0,58.0,10.0,1.2988759
-4.0,60.0,10.0,1.2895616
-4.0,62.0,10.0,1.2625674
-4.0,64.0,10.0,1.2847004
-4.0,66.0,10.0,1.3538359
-4.0,68.0,10.0,1.3667547
-4.0,70.0,10.0,1.2873871
-4.0,72.0,10.0,1.2937189
-4.0,74.0,10.0,1.3291466
-4.0,76.0,10.0,1.3511896
-4.0,78.0,10.0,1.2980819
-4.0,80.0,10.0,1.2956392
-4.0,82.0,10.0,1.3856229
-4.0,84.0,10.0,1.3714015
-4.0,86.0,10.0,1.2945555
-4.0,88.0,10.0,1.2814192
-4.0,90.0,10.0,1.2532657
-4.0,92.0,10.0,1.2141004
-4.0,94.0,10.0,1.2757902
-4.0,96.0,10.0,1.3643012
-4.0,98.0,10.0,1.3381442
-4.0,100.0,10.0,1.2618762
-4.0,102.0,10.0,1.292982
-4.0,104.0,10.0,1.3206519
-4.0,106.0,10.0,1.2764504
-4.0,108.0,10.0,1.2462751
-4.0,110.0,10.0,1.2785386
-4.0,112.0,10.0,1.3269378
-4.0,114.0,10.0,1.3137674
-4.0,116.0,10.0,1.2871702
-4.0,118.0,10.0,1.2914989
-4.0,120.0,10.0,1.2802083
-4.0,122.0,10.0,1.2559927
-4.0,124.0,10.0,1.2492037
-4.0,126.0,10.0,1.2576718
-4.0,128.0,10.0,1.2962208
-4.0,130.0,10.0,1.2894771
-4.0,132.0,10.0,1.2366889
-4.0,134.0,10.0,1.2271305
-4.0,136.0,10.0,1.2447
-4.0,138.0,10.0,1.275184
-4.0,140.0,10.0,1.2869326
-4.0,142.0,10.0,1.2846007
-4.0,144.0,10.0,1.3143322
-4.0,146.0,10.0,1.2904707
-4.0,148.0,10.0,1.2827519
-4.0,150.0,10.0,1.2942408
-4.0,152.0,10.0,1.2777464
-4.0,154.0,10.0,1.278332
-4.0,156.0,10.0,1.3123497
-4.0,158.0,10.0,1.3254918
-4.0,160.0,10.0,1.3113776
-4.0,162.0,10.0,1.3296942
-4.0,164.0,10.0,1.3278084
-4.0,166.0,10.0,1.2933698
-4.0,168.0,10.0,1.2851046
-4.0,170.0,10.0,1.3325629
-4.0,172.0,10.0,1.3761654
-4.0,174.0,10.0,1.4079626
-4.0,176.0,10.0,1.4030254
-4.0,178.0,10.0,1.4002864
-4.0,180.0,10.0,1.3247362
-2.0,-180.0,10.0,1.3158544
-2.0,-178.0,10.0,1.280495
-2.0,-176.0,10.0,1.2961764
-2.0,-174.0,10.0,1.327523
-2.0,-172.0,10.0,1.3351926
-2.0,-170.0,10.0,1.3211917
-2.0,-168.0,10.0,1.3234957
-2.0,-166.0,10.0,1.2928234
-2.0,-164.0,10.0,1.2610772
-2.0,-162.0,10.0,1.2362775
-2.0,-160.0,10.0,1.3468277
-2.0,-158.0,10.0,1.4153248
-2.0,-156.0,10.0,1.4068749
-2.0,-154.0,10.0,1.3602217
-2.0,-152.0,10.0,1.3687407
-2.0,-150.0,10.0,1.3574553
-2.0,-148.0,10.0,1.3011491
-2.0,-146.0,10.0,1.30355
-2.0,-144.0,10.0,1.2872739
-2.0,-142.0,10.0,1.320425
-2.0,-140.0,10.0,1.3421384
-2.0,-138.0,10.0,1.3544599
-2.0,-136.0,10.0,1.3717495
-2.0,-134.0,10.0,1.3659208
-2.0,-132.0,10.0,1.3751979
-2.0,-130.0,10.0,1.3762813
-2.0,-128.0,10.0,1.4171137
-2.0,-126.0,10.0,1.3657061
-2.0,-124.0,10.0,1.3097697
-2.0,-122.0,10.0,1.3307241
-2.0,-120.0,10.0,1.3853357
-2.0,-118.0,10.0,1.4518564
-2.0,-116.0,10.0,1.406124
-2.0,-114.0,10.0,1.395758
-2.0,-112.0,10.0,1.4462776
-2.0,-110.0,10.0,1.4620634
-2.0,-108.0,10.0,1.4296693
-2.0,-106.0,10.0,1.4639553
-2.0,-104.0,10.0,1.4869202
-2.0,-102.0,10.0,1.4653332
-2.0,-100.0,10.0,1.4702176
-2.0,-98.0,10.0,1.600773
-2.0,-96.0,10.0,1.6253166
-2.0,-94.0,10.0,1.5369256
-2.0,-92.0,10.0,1.5194801
-2.0,-90.0,10.0,1.4989147
-2.0,-88.0,10.0,1.5096622
-2.0,-86.0,10.0,1.5541505
-2.0,-84.0,10.0,1.5676377
-2.0,-82.0,10.0,1.5424883
-2.0,-80.0,10.0,1.5053759
-2.0,-78.0,10.0,1.5067252
-2.0,-76.0,10.0,1.4998286
-2.0,-74.0,10.0,1.5092092
-2.0,-72.0,10.0,1.4840772
-2.0,-70.0,10.0,1.4972415
-2.0,-68.0,10.0,1.6305478
-2.0,-66.0,10.0,1.6456077
-2.0,-64.0,10.0,1.5589395
-2.0,-62.0,10.0,1.4812685
-2.0,-60.0,10.0,1.4750704
-2.0,-58.0,10.0,1.5069168
-2.0,-56.0,10.0,1.5018231
-2.0,-54.0,10.0,1.4731181
-2.0,-52.0,10.0,1.4750322
-2.0,-50.0,10.0,1.4622848
-2.0,-48.0,10.0,1.4562752
-2.0,-46.0,10.0,1.4675974
-2.0,-44.0,10.0,1.4928099
-2.0,-42.0,10.0,1.4757996
-2.0,-40.0,10.0,1.4855145
-2.0,-38.0,10.0,1.530643
-2.0,-36.0,10.0,1.5359493
-2.0,-34.0,10.0,1.476686
-2.0,-32.0,10.0,1.4581337
-2.0,-30.0,10.0,1.4657091
-2.0,-28.0,10.0,1.5368937
-2.0,-26.0,10.0,1.6076679
-2.0,-24.0,10.0,1.621072
-2.0,-22.0,10.0,1.5492455
-2.0,-20.0,10.0,1.5081474
-2.0,-18.0,10.0,1.4899685
-2.0,-16.0,10.0,1.4514387
-2.0,-14.0,10.0,1.4085164
-2.0,-12.0,10.0,1.4728978
-2.0,-10.0,10.0,1.4858266
-2.0,-8.0,10.0,1.4319471
-2.0,-6.0,10.0,1.4512967
-2.0,-4.0,10.0,1.4823136
-2.0,-2.0,10.0,1.4889685
-2.0,0.0,10.0,1.4707416
-2.0,2.0,10.0,1.4979576
-2.0,4.0,10.0,1.5214127
-2.0,6.0,10.0,1.4656717
-2.0,8.0,10.0,1.4201015
-2.0,10.0,10.0,1.4066637
-2.0,12.0,10.0,1.385851
-2.0,14.0,10.0,1.3088226
-2.0,16.0,10.0,1.3290306
-2.0,18.0,10.0,1.3995563
-2.0,20.0,10.0,1.38103
-2.0,22.0,10.0,1.3803501
-2.0,24.0,10.0,1.4053341
-2.0,26.0,10.0,1.3758029
-2.0,28.0,10.0,1.3608063
-2.0,30.0,10.0,1.3330865
-2.0,32.0,10.0,1.2921106
-2.0,34.0,10.0,1.3125428
-2.0,36.0,10.0,1.3315815
-2.0,38.0,10.0,1.2844768
-2.0,40.0,10.0,1.2876971
-2.0,42.0,10.0,1.2770879
-2.0,44.0,10.0,1.2748315
-2.0,46.0,10.0,1.2739662
-2.0,48.0,10.0,1.2851593
-2.0,50.0,10.0,1.2963865
-2.0,52.0,10.0,1.3045039
-2.0,54.0,10.0,1.2753197
-2.0,56.0,10.0,1.2615435
-2.0,58.0,10.0,1.2657957
-2.0,60.0,10.0,1.2634043
-2.0,62.0,10.0,1.2706596
-2.0,64.0,10.0,1.2750713
-2.0,66.0,10.0,1.3162724
-2.0,68.0,10.0,1.3290789
-2.0,70.0,10.0,1.2737359
-2.0,72.0,10.0,1.2917728
-2.0,74.0,10.0,1.2934246
-2.0,76.0,10.0,1.3621333
-2.0,78.0,10.0,1.331251
-2.0,80.0,10.0,1.294779
-2.0,82.0,10.0,1.3798885
-2.0,84.0,10.0,1.3862035
-2.0,86.0,10.0,1.2648757
-2.0,88.0,10.0,1.2346048
-2.0,90.0,10.0,1.238554
-2.0,92.0,10.0,1.2061796
-2.0,94.0,10.0,1.2391151
-2.0,96.0,10.0,1.3245541
-2.0,98.0,10.0,1.314389
-2.0,100.0,10.0,1.2583883
-2.0,102.0,10.0,1.2734739
-2.0,104.0,10.0,1.3037838
-2.0,106.0,10.0,1.2937171
-2.0,108.0,10.0,1.2590317
-2.0,110.0,10.0,1.2695792
-2.0,112.0,10.0,1.294051
-2.0,114.0,10.0,1.3010252
-2.0,116.0,10.0,1.2521113
-2.0,118.0,10.0,1.2370924
-2.0,120.0,10.0,1.2597356
-2.0,122.0,10.0,1.2588487
-2.0,124.0,10.0,1.2677308
-2.0,126.0,10.0,1.2400182
-2.0,128.0,10.0,1.2385824
-2.0,130.0,10.0,1.2415202
-2.0,132.0,10.0,1.2157702
-2.0,134.0,10.0,1.2307793
-2.0,136.0,10.0,1.2355196
-2.0,138.0,10.0,1.2501512
-2.0,140.0,10.0,1.2592278
-2.0,142.0,10.0,1.2851373
-2.0,144.0,10.0,1.3333436
-2.0,146.0,10.0,1.2837595
-2.0,148.0,10.0,1.2377683
-2.0,150.0,10.0,1.2555281
-2.0,152.0,10.0,1.2614816
-2.0,154.0,10.0,1.237034
-2.0,156.0,10.0,1.2534891
-2.0,158.0,10.0,1.2792228
-2.0,160.0,10.0,1.2842147
-2.0,162.0,10.0,1.2841684
-2.0,164.0,10.0,1.2960824
-2.0,166.0,10.0,1.2722452
-2.0,168.0,10.0,1.2735496
-2.0,170.0,10.0,1.307327
-2.0,172.0,10.0,1.3501759
-2.0,174.0,10.0,1.3938093
-2.0,176.0,10.0,1.3938543
-2.0,178.0,10.0,1.3815075
-2.0,180.0,10.0,1.3158544
0.0,-180.0,10.0,1.339314
0.0,-178.0,10.0,1.322689
0.0,-176.0,10.0,1.3455137
0.0,-174.0,10.0,1.352713
0.0,-172.0,10.0,1.3712443
0.0,-170.0,10.0,1.3561201
0.0,-168.0,10.0,1.3510096
0.0,-166.0,10.0,1.3358419
0.0,-164.0,10.0,1.2990983
0.0,-162.0,10.0,1.3080281
0.0,-160.0,10.0,1.3671904
0.0,-158.0,10.0,1.4498622
0.0,-156.0,10.0,1.45987
0.0,-154.0,10.0,1.4393814
0.0,-152.0,10.0,1.4074596
0.0,-150.0,10.0,1.3863041
0.0,-148.0,10.0,1.3434148
0.0,-146.0,10.0,1.3469663
0.0,-144.0,10.0,1.3158789
0.0,-142.0,10.0,1.3488511
0.0,-140.0,10.0,1.4018
0.0,-138.0,10.0,1.3882079
0.0,-136.0,10.0,1.4039953
0.0,-134.0,10.0,1.4162495
0.0,-132.0,10.0,1.3794923
0.0,-130.0,10.0,1.4158838
0.0,-128.0,10.0,1.4176967
0.0,-126.0,10.0,1.3934046
0.0,-124.0,10.0,1.3710413
0.0,-122.0,10.0,1.4054143
0.0,-120.0,10.0,1.4410788
0.0,-118.0,10.0,1.4479849
0.0,-116.0,10.0,1.4523319
0.0,-114.0,10.0,1.4494479
0.0,-112.0,10.0,1.4418843
0.0,-110.0,10.0,1.4613714
0.0,-108.0,10.0,1.4746178
0.0,-106.0,10.0,1.5149435
0.0,-104.0,10.0,1.5434598
0.0,-102.0,10.0,1.5324398
0.0,-100.0,10.0,1.4941686
0.0,-98.0,10.0,1.5651761
0.0,-96.0,10.0,1.6136096
0.0,-94.0,10.0,1.5286263
0.0,-92.0,10.0,1.5470338
0.0,-90.0,10.0,1.5188537
0.0,-88.0,10.0,1.5384152
0.0,-86.0,10.0,1.5622194
0.0,-84.0,10.0,1.5562253
0.0,-82.0,10.0,1.526308
0.0,-80.0,10.0,1.5378089
0.0,-78.0,10.0,1.5381624
0.0,-76.0,10.0,1.5680915
0.0,-74.0,10.0,1.5830929
0.0,-72.0,10.0,1.5611633
0.0,-70.0,10.0,1.5295919
0.0,-68.0,10.0,1.5974426
0.0,-66.0,10.0,1.623094
0.0,-64.0,10.0,1.5526562
0.0,-62.0,10.0,1.5028856
0.0,-60.0,10.0,1.5081397
0.0,-58.0,10.0,1.5149214
0.0,-56.0,10.0,1.4892952
0.0,-54.0,10.0,1.4833336
0.0,-52.0,10.0,1.4865109
0.0,-50.0,10.0,1.4956323
0.0,-48.0,10.0,1.4965279
0.0,-46.0,10.0,1.5144776
0.0,-44.0,10.0,1.5066917
0.0,-42.0,10.0,1.4759073
0.0,-40.0,10.0,1.4851984
0.0,-38.0,10.0,1.5617983
0.0,-36.0,10.0,1.5533781
0.0,-34.0,10.0,1.4824474
0.0,-32.0,10.0,1.4470627
0.0,-30.0,10.0,1.4836478
0.0,-28.0,10.0,1.5584835
0.0,-26.0,10.0,1.5969933
0.0,-24.0,10.0,1.602116
0.0,-22.0,10.0,1.5240871
0.0,-20.0,10.0,1.4799589
0.0,-18.0,10.0,1.4823481
0.0,-16.0,10.0,1.462847
0.0,-14.0,10.0,1.436764
0.0,-12.0,10.0,1.4691532
0.0,-10.0,10.0,1.4673127
0.0,-8.0,10.0,1.467395
0.0,-6.0,10.0,1.48752
0.0,-4.0,10.0,1.4790936
0.0,-2.0,10.0,1.4620354
0.0,0.0,10.0,1.4541378
0.0,2.0,10.0,1.4864811
0.0,4.0,10.0,1.4948097
0.0,6.0,10.0,1.5011293
0.0,8.0,10.0,1.4978503
0.0,10.0,10.0,1.435262
0.0,12.0,10.0,1.3967582
0.0,14.0,10.0,1.3712062
0.0,16.0,10.0,1.3641012
0.0,18.0,10.0,1.4145137
0.0,20.0,10.0,1.4100862
0.0,22.0,10.0,1.4232388
0.0,24.0,10.0,1.4466312
0.0,26.0,10.0,1.4111154
0.0,28.0,10.0,1.3741573
0.0,30.0,10.0,1.3791159
0.0,32.0,10.0,1.3695668
0.0,34.0,10.0,1.3726348
0.0,36.0,10.0,1.3820289
0.0,38.0,10.0,1.3632016
0.0,40.0,10.0,1.352205
0.0,42.0,10.0,1.3033725
0.0,44.0,10.0,1.2560421
0.0,46.0,10.0,1.2631277
0.0,48.0,10.0,1.2973641
0.0,50.0,10.0,1.3192376
0.0,52.0,10.0,1.3135707
0.0,54.0,10.0,1.2929502
0.0,56.0,10.0,1.2977145
0.0,58.0,10.0,1.2892004
0.0,60.0,10.0,1.2923858
0.0,62.0,10.0,1.2468294
0.0,64.0,10.0,1.2753639
0.0,66.0,10.0,1.3345703
0.0,68.0,10.0,1.3297267
0.0,70.0,10.0,1.2710495
0.0,72.0,10.0,1.2903416
0.0,74.0,10.0,1.2702068
0.0,76.0,10.0,1.2751883
0.0,78.0,10.0,1.2330999
0.0,80.0,10.0,1.2556558
0.0,82.0,10.0,1.3721161
0.0,84.0,10.0,1.3408267
0.0,86.0,10.0,1.2340146
0.0,88.0,10.0,1.249024
0.0,90.0,10.0,1.2462845
0.0,92.0,10.0,1.2186646
0.0,94.0,10.0,1.2501522
0.0,96.0,10.0,1.347427
0.0,98.0,10.0,1.3083503
0.0,100.0,10.0,1.2466167
0.0,102.0,10.0,1.2583902
0.0,104.0,10.0,1.2711501
0.0,106.0,10.0,1.2555698
0.0,108.0,10.0,1.2450277
0.0,110.0,10.0,1.2516747
0.0,112.0,10.0,1.2777237
0.0,114.0,10.0,1.3137174
0.0,116.0,10.0,1.3105316
0.0,118.0,10.0,1.2804123
0.0,120.0,10.0,1.2626326
0.0,122.0,10.0,1.2624506
0.0,124.0,10.0,1.2703718
0.0,126.0,10.0,1.2691021
0.0,128.0,10.0,1.2493397
0.0,130.0,10.0,1.2822083
0.0,132.0,10.0,1.2564044
0.0,134.0,10.0,1.2557287
0.0,136.0,10.0,1.2373518
0.0,138.0,10.0,1.2578505
0.0,140.0,10.0,1.2898324
0.0,142.0,10.0,1.2917875
0.0,144.0,10.0,1.3235
0.0,146.0,10.0,1.2805308
0.0,148.0,10.0,1.2487408
0.0,150.0,10.0,1.3042578
0.0,152.0,10.0,1.2619298
0.0,154.0,10.0,1.2458196
0.0,156.0,10.0,1.2882222
0.0,158.0,10.0,1.3137605
0.0,160.0,10.0,1.3190043
0.0,162.0,10.0,1.3129982
0.0,164.0,10.0,1.3302423
0.0,166.0,10.0,1.3182925
0.0,168.0,10.0,1.2956934
0.0,170.0,10.0,1.3301421
0.0,172.0,10.0,1.4282928
0.0,174.0,10.0,1.4318289
0.0,176.0,10.0,1.3812544
0.0,178.0,10.0,1.3795168
0.0,180.0,10.0,1.339314
2.0,-180.0,10.0,1.3368822
2.0,-178.0,10.0,1.3300595
2.0,-176.0,10.0,1.3576884
2.0,-174.0,10.0,1.38387
2.0,-172.0,10.0,1.3712941
2.0,-170.0,10.0,1.353986
2.0,-168.0,10.0,1.339592
2.0,-166.0,10.0,1.3161443
2.0,-164.0,10.0,1.318149
2.0,-162.0,10.0,1.3300908
2.0,-160.0,10.0,1.3471124
2.0,-158.0,10.0,1.4586115
2.0,-156.0,10.0,1.4831053
2.0,-154.0,10.0,1.4282475
2.0,-152.0,10.0,1.4074688
2.0,-150.0,10.0,1.3937503
2.0,-148.0,10.0,1.382085
2.0,-146.0,10.0,1.3789583
2.0,-144.0,10.0,1.3345681
2.0,-142.0,10.0,1.3734438
2.0,-140.0,10.0,1.4237838
2.0,-138.0,10.0,1.4304994
2.0,-136.0,10.0,1.4462507
2.0,-134.0,10.0,1.4569918
2.0,-132.0,10.0,1.4215143
2.0,-130.0,10.0,1.3928789
2.0,-128.0,10.0,1.4387586
2.0,-126.0,10.0,1.4625355
2.0,-124.0,10.0,1.4612077
2.0,-122.0,10.0,1.4597248
2.0,-120.0,10.0,1.4934223
2.0,-118.0,10.0,1.536732
2.0,-116.0,10.0,1.5179195
2.0,-114.0,10.0,1.4832295
2.0,-112.0,10.0,1.4834809
2.0,-110.0,10.0,1.5131148
2.0,-108.0,10.0,1.5073807
2.0,-106.0,10.0,1.5459615
2.0,-104.0,10.0,1.6076905
2.0,-102.0,10.0,1.5925915
2.0,-100.0,10.0,1.5367763
2.0,-98.0,10.0,1.5597583
2.0,-96.0,10.0,1.6204896
2.0,-94.0,10.0,1.5657558
2.0,-92.0,10.0,1.5273905
2.0,-90.0,10.0,1.5422331
2.0,-88.0,10.0,1.5992906
2.0,-86.0,10.0,1.5903535
2.0,-84.0,10.0,1.5333575
2.0,-82.0,10.0,1.5430732
2.0,-80.0,10.0,1.5430616
2.0,-78.0,10.0,1.5361785
2.0,-76.0,10.0,1.5497403
2.0,-74.0,10.0,1.6059633
2.0,-72.0,10.0,1.5838532
2.0,-70.0,10.0,1.5197724
2.0,-68.0,10.0,1.5707961
2.0,-66.0,10.0,1.622472
2.0,-64.0,10.0,1.5433035
2.0,-62.0,10.0,1.4956015
2.0,-60.0,10.0,1.5198493
2.0,-58.0,10.0,1.544465
2.0,-56.0,10.0,1.5057324
2.0,-54.0,10.0,1.4735988
2.0,-52.0,10.0,1.4831713
2.0,-50.0,10.0,1.494501
2.0,-48.0,10.0,1.5100547
2.0,-46.0,10.0,1.5060184
2.0,-44.0,10.0,1.4908196
2.0,-42.0,10.0,1.4835538
2.0,-40.0,10.0,1.4955077
2.0,-38.0,10.0,1.5586987
2.0,-36.0,10.0,1.5454366
2.0,-34.0,10.0,1.4629202
2.0,-32.0,10.0,1.4534379
2.0,-30.0,10.0,1.5178092
2.0,-28.0,10.0,1.5783589
2.0,-26.0,10.0,1.6344105
2.0,-24.0,10.0,1.6458129
2.0,-22.0,10.0,1.5258124
2.0,-20.0,10.0,1.4649445
2.0,-18.0,10.0,1.4624732
2.0,-16.0,10.0,1.4398931
2.0,-14.0,10.0,1.4057329
2.0,-12.0,10.0,1.4633261
2.0,-10.0,10.0,1.4944772
2.0,-8.0,10.0,1.4841772
2.0,-6.0,10.0,1.5039682
2.0,-4.0,10.0,1.5083605
2.0,-2.0,10.0,1.4868025
2.0,0.0,10.0,1.4575593
2.0,2.0,10.0,1.4864962
2.0,4.0,10.0,1.4878104
2.0,6.0,10.0,1.4747828
2.0,8.0,10.0,1.4972885
2.0,10.0,10.0,1.4448032
2.0,12.0,10.0,1.3912543
2.0,14.0,10.0,1.3538102
2.0,16.0,10.0,1.3629661
2.0,18.0,10.0,1.4173532
2.0,20.0,10.0,1.4229645
2.0,22.0,10.0,1.4520301
2.0,24.0,10.0,1.4854857
2.0,26.0,10.0,1.4449911
2.0,28.0,10.0,1.4117504
2.0,30.0,10.0,1.4126478
2.0,32.0,10.0,1.3905842
2.0,34.0,10.0,1.3964399
2.0,36.0,10.0,1.380151
2.0,38.0,10.0,1.3718135
2.0,40.0,10.0,1.3475149
2.0,42.0,10.0,1.2692432
2.0,44.0,10.0,1.2257689
2.0,46.0,10.0,1.2222087
2.0,48.0,10.0,1.261162
2.0,50.0,10.0,1.3143586
2.0,52.0,10.0,1.3014115
2.0,54.0,10.0,1.2487344
2.0,56.0,10.0,1.251036
2.0,58.0,10.0,1.264002
2.0,60.0,10.0,1.2580161
2.0,62.0,10.0,1.2179387
2.0,64.0,10.0,1.2533958
2.0,66.0,10.0,1.3440719
2.0,68.0,10.0,1.3593222
2.0,70.0,10.0,1.2636247
2.0,72.0,10.0,1.2498829
2.0,74.0,10.0,1.2580869
2.0,76.0,10.0,1.2371112
2.0,78.0,10.0,1.2057288
2.0,80.0,10.0,1.2419702
2.0,82.0,10.0,1.3815928
2.0,84.0,10.0,1.3404933
2.0,86.0,10.0,1.276312
2.0,88.0,10.0,1.2835264
2.0,90.0,10.0,1.2499515
2.0,92.0,10.0,1.1906774
2.0,94.0,10.0,1.219736
2.0,96.0,10.0,1.3706833
2.0,98.0,10.0,1.3327883
2.0,100.0,10.0,1.2363319
2.0,102.0,10.0,1.2498736
2.0,104.0,10.0,1.2683718
2.0,106.0,10.0,1.2427689
2.0,108.0,10.0,1.2360961
2.0,110.0,10.0,1.2494828
2.0,112.0,10.0,1.3065752
2.0,114.0,10.0,1.2983612
2.0,116.0,10.0,1.2846936
2.0,118.0,10.0,1.2779347
2.0,120.0,10.0,1.2573234
2.0,122.0,10.0,1.2351252
2.0,124.0,10.0,1.2417018
2.0,126.0,10.0,1.237234
2.0,128.0,10.0,1.2901444
2.0,130.0,10.0,1.2978402
2.0,132.0,10.0,1.2503222
2.0,134.0,10.0,1.2468749
2.0,136.0,10.0,1.244813
2.0,138.0,10.0,1.2656555
2.0,140.0,10.0,1.291483
2.0,142.0,10.0,1.2729409
2.0,144.0,10.0,1.2864286
2.0,146.0,10.0,1.2891418
2.0,148.0,10.0,1.3010327
2.0,150.0,10.0,1.321685
2.0,152.0,10.0,1.2728763
2.0,154.0,10.0,1.2650143
2.0,156.0,10.0,1.2877135
2.0,158.0,10.0,1.3205711
2.0,160.0,10.0,1.3328142
2.0,162.0,10.0,1.3147748
2.0,164.0,10.0,1.3112549
2.0,166.0,10.0,1.2925137
2.0,168.0,10.0,1.2669256
2.0,170.0,10.0,1.3132188
2.0,172.0,10.0,1.4283702
2.0,174.0,10.0,1.427636
2.0,176.0,10.0,1.3968873
2.0,178.0,10.0,1.377407
2.0,180.0,10.0,1.3368822
4.0,-180.0,10.0,1.2963792
4.0,-178.0,10.0,1.2570986
4.0,-176.0,10.0,1.2933849
4.0,-174.0,10.0,1.3169332
4.0,-172.0,10.0,1.3313417
4.0,-170.0,10.0,1.3173926
4.0,-168.0,10.0,1.2917762
4.0,-166.0,10.0,1.276989
4.0,-164.0,10.0,1.2548078
4.0,-162.0,10.0,1.2564673
4.0,-160.0,10.0,1.3284446
4.0,-158.0,10.0,1.401635
4.0,-156.0,10.0,1.4358307
4.0,-154.0,10.0,1.3826054
4.0,-152.0,10.0,1.3640836
4.0,-150.0,10.0,1.3625406
4.0,-148.0,10.0,1.3407195
4.0,-146.0,10.0,1.3229177
4.0,-144.0,10.0,1.3046052
4.0,-142.0,10.0,1.3457274
4.0,-140.0,10.0,1.3754221
4.0,-138.0,10.0,1.3780862
4.0,-136.0,10.0,1.4137009
4.0,-134.0,10.0,1.4452167
4.0,-132.0,10.0,1.4347104
4.0,-130.0,10.0,1.4070415
4.0,-128.0,10.0,1.4158674
4.0,-126.0,10.0,1.453771
4.0,-124.0,10.0,1.443484
4.0,-122.0,10.0,1.4434826
4.0,-120.0,10.0,1.4714707
4.0,-118.0,10.0,1.5077785
4.0,-116.0,10.0,1.4964455
4.0,-114.0,10.0,1.444546
4.0,-112.0,10.0,1.4895544
4.0,-110.0,10.0,1.5322484
4.0,-108.0,10.0,1.5167192
4.0,-106.0,10.0,1.5148034
4.0,-104.0,10.0,1.5745511
4.0,-102.0,10.0,1.5476829
4.0,-100.0,10.0,1.5592009
4.0,-98.0,10.0,1.6482112
4.0,-96.0,10.0,1.7018738
4.0,-94.0,10.0,1.6017765
4.0,-92.0,10.0,1.5413649
4.0,-90.0,10.0,1.5382551
4.0,-88.0,10.0,1.5503699
4.0,-86.0,10.0,1.5593214
4.0,-84.0,10.0,1.5697907
4.0,-82.0,10.0,1.5678535
4.0,-80.0,10.0,1.5522376
4.0,-78.0,10.0,1.520407
4.0,-76.0,10.0,1.5342536
4.0,-74.0,10.0,1.5462794
4.0,-72.0,10.0,1.5381117
4.0,-70.0,10.0,1.5422881
4.0,-68.0,10.0,1.6053636
4.0,-66.0,10.0,1.6469569
4.0,-64.0,10.0,1.5493774
4.0,-62.0,10.0,1.504505
4.0,-60.0,10.0,1.4936036
4.0,-58.0,10.0,1.5134653
4.0,-56.0,10.0,1.4796801
4.0,-54.0,10.0,1.4551783
4.0,-52.0,10.0,1.433494
4.0,-50.0,10.0,1.4527731
4.0,-48.0,10.0,1.4643674
4.0,-46.0,10.0,1.4744548
4.0,-44.0,10.0,1.4642296
4.0,-42.0,10.0,1.4485044
4.0,-40.0,10.0,1.4584532
4.0,-38.0,10.0,1.5094436
4.0,-36.0,10.0,1.5159116
4.0,-34.0,10.0,1.4514048
4.0,-32.0,10.0,1.4404682
4.0,-30.0,10.0,1.4818791
4.0,-28.0,10.0,1.5500529
4.0,-26.0,10.0,1.5988832
4.0,-24.0,10.0,1.5811535
4.0,-22.0,10.0,1.4917971
4.0,-20.0,10.0,1.4396856
4.0,-18.0,10.0,1.4064082
4.0,-16.0,10.0,1.373933
4.0,-14.0,10.0,1.3618754
4.0,-12.0,10.0,1.4067487
4.0,-10.0,10.0,1.4509696
4.0,-8.0,10.0,1.4695499
4.0,-6.0,10.0,1.4843787
4.0,-4.0,10.0,1.4631886
4.0,-2.0,10.0,1.4392018
4.0,0.0,10.0,1.4274647
4.0,2.0,10.0,1.4404327
4.0,4.0,10.0,1.4810296
4.0,6.0,10.0,1.4492295
4.0,8.0,10.0,1.4173847
4.0,10.0,10.0,1.3840724
4.0,12.0,10.0,1.316662
4.0,14.0,10.0,1.2834516
4.0,16.0,10.0,1.2986083
4.0,18.0,10.0,1.3536949
4.0,20.0,10.0,1.354817
4.0,22.0,10.0,1.3836046
4.0,24.0,10.0,1.4252679
4.0,26.0,10.0,1.3877552
4.0,28.0,10.0,1.331003
4.0,30.0,10.0,1.333922
4.0,32.0,10.0,1.316101
4.0,34.0,10.0,1.3148085
4.0,36.0,10.0,1.3083802
4.0,38.0,10.0,1.3212785
4.0,40.0,10.0,1.2877059
4.0,42.0,10.0,1.212568
4.0,44.0,10.0,1.1681873
4.0,46.0,10.0,1.1908396
4.0,48.0,10.0,1.220677
4.0,50.0,10.0,1.2797414
4.0,52.0,10.0,1.2463582
4.0,54.0,10.0,1.20277
4.0,56.0,10.0,1.2121357
4.0,58.0,10.0,1.2263615
4.0,60.0,10.0,1.2156312
4.0,62.0,10.0,1.2021301
4.0,64.0,10.0,1.2276564
4.0,66.0,10.0,1.2942806
4.0,68.0,10.0,1.3157263
4.0,70.0,10.0,1.2340161
4.0,72.0,10.0,1.2146584
4.0,74.0,10.0,1.2402761
4.0,76.0,10.0,1.2434964
4.0,78.0,10.0,1.1762309
4.0,80.0,10.0,1.2172747
4.0,82.0,10.0,1.3268094
4.0,84.0,10.0,1.3039917
4.0,86.0,10.0,1.241713
4.0,88.0,10.0,1.243579
4.0,90.0,10.0,1.2150967
4.0,92.0,10.0,1.1411854
4.0,94.0,10.0,1.1731322
4.0,96.0,10.0,1.2935493
4.0,98.0,10.0,1.2856554
4.0,100.0,10.0,1.2004312
4.0,102.0,10.0,1.2062856
4.0,104.0,10.0,1.2224768
4.0,106.0,10.0,1.192017
4.0,108.0,10.0,1.1659425
4.0,110.0,10.0,1.2190381
4.0,112.0,10.0,1.268677
4.0,114.0,10.0,1.2546929
4.0,116.0,10.0,1.2348967
4.0,118.0,10.0,1.2244477
4.0,120.0,10.0,1.2126017
4.0,122.0,10.0,1.19183
4.0,124.0,10.0,1.1929164
4.0,126.0,10.0,1.187848
4.0,128.0,10.0,1.2383951
4.0,130.0,10.0,1.2527407
4.0,132.0,10.0,1.1888014
4.0,134.0,10.0,1.160828
4.0,136.0,10.0,1.1578187
4.0,138.0,10.0,1.2088865
4.0,140.0,10.0,1.2455075
4.0,142.0,10.0,1.2488478
4.0,144.0,10.0,1.2800813
4.0,146.0,10.0,1.2855251
4.0,148.0,10.0,1.2664235
4.0,150.0,10.0,1.2729915
4.0,152.0,10.0,1.2487882
4.0,154.0,10.0,1.2560326
4.0,156.0,10.0,1.2699661
4.0,158.0,10.0,1.2643629
4.0,160.0,10.0,1.2807139
4.0,162.0,10.0,1.2864567
4.0,164.0,10.0,1.2874479
4.0,166.0,10.0,1.2373679
4.0,168.0,10.0,1.2175831
4.0,170.0,10.0,1.2901424
4.0,172.0,10.0,1.3694278
4.0,174.0,10.0,1.3868204
4.0,176.0,10.0,1.3836406
4.0,178.0,10.0,1.3594716
4.0,180.0,10.0,1.2963792
6.0,-180.0,10.0,1.399689
6.0,-178.0,10.0,1.3789538
6.0,-176.0,10.0,1.4007082
6.0,-174.0,10.0,1.4403616
6.0,-172.0,10.0,1.4298382
6.0,-170.0,10.0,1.4388353
6.0,-168.0,10.0,1.4280609
6.0,-166.0,10.0,1.3998113
6.0,-164.0,10.0,1.3700712
6.0,-162.0,10.0,1.3892246
6.0,-160.0,10.0,1.4583809
6.0,-158.0,10.0,1.549879
6.0,-156.0,10.0,1.5688455
6.0,-154.0,10.0,1.5023891
6.0,-152.0,10.0,1.4574131
6.0,-150.0,10.0,1.4366579
6.0,-148.0,10.0,1.4589472
6.0,-146.0,10.0,1.4360195
6.0,-144.0,10.0,1.3987993
6.0,-142.0,10.0,1.4528874
6.0,-140.0,10.0,1.4846013
6.0,-138.0,10.0,1.4779618
6.0,-136.0,10.0,1.5279475
6.0,-134.0,10.0,1.5446142
6.0,-132.0,10.0,1.5243818
6.0,-130.0,10.0,1.508791
6.0,-128.0,10.0,1.5196896
6.0,-126.0,10.0,1.5404903
6.0,-124.0,10.0,1.4741596
6.0,-122.0,10.0,1.4613367
6.0,-120.0,10.0,1.5359908
6.0,-118.0,10.0,1.5832124
6.0,-116.0,10.0,1.5625639
6.0,-114.0,10.0,1.4899889
6.0,-112.0,10.0,1.5020398
6.0,-110.0,10.0,1.5375048
6.0,-108.0,10.0,1.485245
6.0,-106.0,10.0,1.5364301
6.0,-104.0,10.0,1.5861022
6.0,-102.0,10.0,1.5970666
6.0,-100.0,10.0,1.569016
6.0,-98.0,10.0,1.6775943
6.0,-96.0,10.0,1.7055115
6.0,-94.0,10.0,1.6051056
6.0,-92.0,10.0,1.5986513
6.0,-90.0,10.0,1.6440663
6.0,-88.0,10.0,1.67155
6.0,-86.0,10.0,1.6893766
6.0,-84.0,10.0,1.6681331
6.0,-82.0,10.0,1.6574936
6.0,-80.0,10.0,1.6379576
6.0,-78.0,10.0,1.6299864
6.0,-76.0,10.0,1.6364877
6.0,-74.0,10.0,1.6478179
6.0,-72.0,10.0,1.5987122
6.0,-70.0,10.0,1.560714
6.0,-68.0,10.0,1.6624172
6.0,-66.0,10.0,1.6788745
6.0,-64.0,10.0,1.5956072
6.0,-62.0,10.0,1.5725958
6.0,-60.0,10.0,1.5863947
6.0,-58.0,10.0,1.6105677
6.0,-56.0,10.0,1.5854173
6.0,-54.0,10.0,1.5313997
6.0,-52.0,10.0,1.5311404
6.0,-50.0,10.0,1.5540359
6.0,-48.0,10.0,1.5349958
6.0,-46.0,10.0,1.5400436
6.0,-44.0,10.0,1.546607
6.0,-42.0,10.0,1.5317315
6.0,-40.0,10.0,1.5328481
6.0,-38.0,10.0,1.5744237
6.0,-36.0,10.0,1.5470781
6.0,-34.0,10.0,1.4795997
6.0,-32.0,10.0,1.472379
6.0,-30.0,10.0,1.5148939
6.0,-28.0,10.0,1.5699012
6.0,-26.0,10.0,1.6365533
6.0,-24.0,10.0,1.625809
6.0,-22.0,10.0,1.5395466
6.0,-20.0,10.0,1.5029156
6.0,-18.0,10.0,1.4561034
6.0,-16.0,10.0,1.432718
6.0,-14.0,10.0,1.4146014
6.0,-12.0,10.0,1.4680275
6.0,-10.0,10.0,1.5056177
6.0,-8.0,10.0,1.5181301
6.0,-6.0,10.0,1.5438344
6.0,-4.0,10.0,1.5192448
6.0,-2.0,10.0,1.4884908
6.0,0.0,10.0,1.4778397
6.0,2.0,10.0,1.5418469
6.0,4.0,10.0,1.6002026
6.0,6.0,10.0,1.5947802
6.0,8.0,10.0,1.5691186
6.0,10.0,10.0,1.5008636
6.0,12.0,10.0,1.4420978
6.0,14.0,10.0,1.3845086
6.0,16.0,10.0,1.3821803
6.0,18.0,10.0,1.4338979
6.0,20.0,10.0,1.4516882
6.0,22.0,10.0,1.4572653
6.0,24.0,10.0,1.4851159
6.0,26.0,10.0,1.4308363
6.0,28.0,10.0,1.4062557
6.0,30.0,10.0,1.4194161
6.0,32.0,10.0,1.408428
6.0,34.0,10.0,1.4279785
6.0,36.0,10.0,1.4395565
6.0,38.0,10.0,1.4481705
6.0,40.0,10.0,1.4145732
6.0,42.0,10.0,1.3251982
6.0,44.0,10.0,1.2697519
6.0,46.0,10.0,1.2653475
6.0,48.0,10.0,1.2800109
6.0,50.0,10.0,1.3577439
6.0,52.0,10.0,1.3667758
6.0,54.0,10.0,1.3491731
6.0,56.0,10.0,1.3226793
6.0,58.0,10.0,1.3473755
6.0,60.0,10.0,1.3387121
6.0,62.0,10.0,1.2959778
6.0,64.0,10.0,1.308669
6.0,66.0,10.0,1.3690445
6.0,68.0,10.0,1.3987303
6.0,70.0,10.0,1.3074518
6.0,72.0,10.0,1.2999485
6.0,74.0,10.0,1.3166761
6.0,76.0,10.0,1.3141271
6.0,78.0,10.0,1.2737513
6.0,80.0,10.0,1.293294
6.0,82.0,10.0,1.3880773
6.0,84.0,10.0,1.3934315
6.0,86.0,10.0,1.2882897
6.0,88.0,10.0,1.2578306
6.0,90.0,10.0,1.272573
6.0,92.0,10.0,1.2223008
6.0,94.0,10.0,1.2612288
6.0,96.0,10.0,1.3526288
6.0,98.0,10.0,1.3772995
6.0,100.0,10.0,1.2959412
6.0,102.0,10.0,1.2830133
6.0,104.0,10.0,1.2901593
6.0,106.0,10.0,1.2559943
6.0,108.0,10.0,1.2313253
6.0,110.0,10.0,1.2626159
6.0,112.0,10.0,1.3390865
6.0,114.0,10.0,1.3524997
6.0,116.0,10.0,1.3043329
6.0,118.0,10.0,1.2915413
6.0,120.0,10.0,1.2989544
6.0,122.0,10.0,1.2601202
6.0,124.0,10.0,1.2600325
6.0,126.0,10.0,1.2519208
6.0,128.0,10.0,1.2966803
6.0,130.0,10.0,1.2904623
6.0,132.0,10.0,1.2681442
6.0,134.0,10.0,1.2353693
6.0,136.0,10.0,1.208927
6.0,138.0,10.0,1.2640058
6.0,140.0,10.0,1.3416516
6.0,142.0,10.0,1.365486
6.0,144.0,10.0,1.3784585
6.0,146.0,10.0,1.3462251
6.0,148.0,10.0,1.3275574
6.0,150.0,10.0,1.3517828
6.0,152.0,10.0,1.3184593
6.0,154.0,10.0,1.2973267
6.0,156.0,10.0,1.3569517
6.0,158.0,10.0,1.3935153
6.0,160.0,10.0,1.3812937
6.0,162.0,10.0,1.3455818
6.0,164.0,10.0,1.3268204
6.0,166.0,10.0,1.3494986
6.0,168.0,10.0,1.3338684
6.0,170.0,10.0,1.3896518
6.0,172.0,10.0,1.450471
6.0,174.0,10.0,1.5000826
6.0,176.0,10.0,1.4919372
6.0,178.0,10.0,1.4337106
6.0,180.0,10.0,1.399689
8.0,-180.0,10.0,1.491372
8.0,-178.0,10.0,1.4644226
8.0,-176.0,10.0,1.4798967
8.0,-174.0,10.0,1.5141699
8.0,-172.0,10.0,1.5591491
8.0,-170.0,10.0,1.5363966
8.0,-168.0,10.0,1.5095663
8.0,-166.0,10.0,1.4815032
8.0,-164.0,10.0,1.4329935
8.0,-162.0,10.0,1.4921517
8.0,-160.0,10.0,1.5792227
8.0,-158.0,10.0,1.6981384
8.0,-156.0,10.0,1.6940666
8.0,-154.0,10.0,1.6438718
8.0,-152.0,10.0,1.558118
8.0,-150.0,10.0,1.5094632
8.0,-148.0,10.0,1.5727267
8.0,-146.0,10.0,1.620911
8.0,-144.0,10.0,1.5760328
8.0,-142.0,10.0,1.5913383
8.0,-140.0,10.0,1.5831553
8.0,-138.0,10.0,1.5826164
8.0,-136.0,10.0,1.6222057
8.0,-134.0,10.0,1.6306366
8.0,-132.0,10.0,1.5944399
8.0,-130.0,10.0,1.600155
8.0,-128.0,10.0,1.614442
8.0,-126.0,10.0,1.6448016
8.0,-124.0,10.0,1.5518986
8.0,-122.0,10.0,1.5138524
8.0,-120.0,10.0,1.60763
8.0,-118.0,10.0,1.6707995
8.0,-116.0,10.0,1.6499461
8.0,-114.0,10.0,1.6140368
8.0,-112.0,10.0,1.6346047
8.0,-110.0,10.0,1.6740773
8.0,-108.0,10.0,1.6082265
8.0,-106.0,10.0,1.6409371
8.0,-104.0,10.0,1.7335258
8.0,-102.0,10.0,1.7363783
8.0,-100.0,10.0,1.7127868
8.0,-98.0,10.0,1.7915064
8.0,-96.0,10.0,1.84468
8.0,-94.0,10.0,1.7587159
8.0,-92.0,10.0,1.76699
8.0,-90.0,10.0,1.7891015
8.0,-88.0,10.0,1.8522102
8.0,-86.0,10.0,1.8119678
8.0,-84.0,10.0,1.7829542
8.0,-82.0,10.0,1.7864857
8.0,-80.0,10.0,1.7684789
8.0,-78.0,10.0,1.729573
8.0,-76.0,10.0,1.7641327
8.0,-74.0,10.0,1.7751955
8.0,-72.0,10.0,1.705047
8.0,-70.0,10.0,1.662297
8.0,-68.0,10.0,1.7516338
8.0,-66.0,10.0,1.7797946
8.0,-64.0,10.0,1.6738757
8.0,-62.0,10.0,1.625603
8.0,-60.0,10.0,1.6440816
8.0,-58.0,10.0,1.6358294
8.0,-56.0,10.0,1.6217446
8.0,-54.0,10.0,1.5716901
8.0,-52.0,10.0,1.5849545
8.0,-50.0,10.0,1.6155881
8.0,-48.0,10.0,1.6115277
8.0,-46.0,10.0,1.5958166
8.0,-44.0,10.0,1.6043175
8.0,-42.0,10.0,1.6071572
8.0,-40.0,10.0,1.610032
8.0,-38.0,10.0,1.643471
8.0,-36.0,10.0,1.6223623
8.0,-34.0,10.0,1.5618588
8.0,-32.0,10.0,1.5503534
8.0,-30.0,10.0,1.5988274
8.0,-28.0,10.0,1.6851896
8.0,-26.0,10.0,1.761707
8.0,-24.0,10.0,1.7671455
8.0,-22.0,10.0,1.6775557
8.0,-20.0,10.0,1.602071
8.0,-18.0,10.0,1.5247353
8.0,-16.0,10.0,1.4965104
8.0,-14.0,10.0,1.47775
8.0,-12.0,10.0,1.5311142
8.0,-10.0,10.0,1.5678567
8.0,-8.0,10.0,1.5803318
8.0,-6.0,10.0,1.6065303
8.0,-4.0,10.0,1.5713463
8.0,-2.0,10.0,1.5278851
8.0,0.0,10.0,1.5266926
8.0,2.0,10.0,1.6130009
8.0,4.0,10.0,1.6786412
8.0,6.0,10.0,1.6576407
8.0,8.0,10.0,1.6460018
8.0,10.0,10.0,1.5700682
8.0,12.0,10.0,1.4728976
8.0,14.0,10.0,1.4278368
8.0,16.0,10.0,1.4369556
8.0,18.0,10.0,1.4853883
8.0,20.0,10.0,1.5147514
8.0,22.0,10.0,1.5369694
8.0,24.0,10.0,1.5502563
8.0,26.0,10.0,1.4837546
8.0,28.0,10.0,1.4552946
8.0,30.0,10.0,1.4705008
8.0,32.0,10.0,1.4412484
8.0,34.0,10.0,1.4666517
8.0,36.0,10.0,1.4658675
8.0,38.0,10.0,1.4743611
8.0,40.0,10.0,1.4748048
8.0,42.0,10.0,1.3559397
8.0,44.0,10.0,1.2868307
8.0,46.0,10.0,1.2641795
8.0,48.0,10.0,1.2919326
8.0,50.0,10.0,1.382903
8.0,52.0,10.0,1.3789381
8.0,54.0,10.0,1.3503809
8.0,56.0,10.0,1.3491986
8.0,58.0,10.0,1.3680977
8.0,60.0,10.0,1.3698537
8.0,62.0,10.0,1.3302109
8.0,64.0,10.0,1.3671887
8.0,66.0,10.0,1.4456841
8.0,68.0,10.0,1.447638
8.0,70.0,10.0,1.3438566
8.0,72.0,10.0,1.3296425
8.0,74.0,10.0,1.3485334
8.0,76.0,10.0,1.3298844
8.0,78.0,10.0,1.291047
8.0,80.0,10.0,1.3187853
8.0,82.0,10.0,1.4129926
8.0,84.0,10.0,1.4173814
8.0,86.0,10.0,1.30952
8.0,88.0,10.0,1.2549314
8.0,90.0,10.0,1.2873181
8.0,92.0,10.0,1.282005
8.0,94.0,10.0,1.3246491
8.0,96.0,10.0,1.4201763
8.0,98.0,10.0,1.4210238
8.0,100.0,10.0,1.3362161
8.0,102.0,10.0,1.294706
8.0,104.0,10.0,1.2900493
8.0,106.0,10.0,1.2764145
8.0,108.0,10.0,1.2425865
8.0,110.0,10.0,1.3103716
8.0,112.0,10.0,1.3767563
8.0,114.0,10.0,1.3782905
8.0,116.0,10.0,1.3607967
8.0,118.0,10.0,1.3427465
8.0,120.0,10.0,1.303746
8.0,122.0,10.0,1.2711337
8.0,124.0,10.0,1.2837607
8.0,126.0,10.0,1.3106221
8.0,128.0,10.0,1.3536179
8.0,130.0,10.0,1.3035842
8.0,132.0,10.0,1.2713306
8.0,134.0,10.0,1.2393934
8.0,136.0,10.0,1.2398512
8.0,138.0,10.0,1.2899902
8.0,140.0,10.0,1.3632356
8.0,142.0,10.0,1.383113
8.0,144.0,10.0,1.3810189
8.0,146.0,10.0,1.3739473
8.0,148.0,10.0,1.3755087
8.0,150.0,10.0,1.3780907
8.0,152.0,10.0,1.3373446
8.0,154.0,10.0,1.3439565
8.0,156.0,10.0,1.4266458
8.0,158.0,10.0,1.479262
8.0,160.0,10.0,1.460572
8.0,162.0,10.0,1.4205546
8.0,164.0,10.0,1.3700048
8.0,166.0,10.0,1.4006481
8.0,168.0,10.0,1.3808534
8.0,170.0,10.0,1.4410278
8.0,172.0,10.0,1.5401807
8.0,174.0,10.0,1.6145267
8.0,176.0,10.0,1.5816773
8.0,178.0,10.0,1.5254982
8.0,180.0,10.0,1.491372
10.0,-180.0,10.0,1.4169333
10.0,-178.0,10.0,1.3901839
10.0,-176.0,10.0,1.4282448
10.0,-174.0,10.0,1.4611355
10.0,-172.0,10.0,1.4622784
10.0,-170.0,10.0,1.4335103
10.0,-168.0,10.0,1.403159
10.0,-166.0,10.0,1.3848368
10.0,-164.0,10.0,1.3355588
10.0,-162.0,10.0,1.3545921
10.0,-160.0,10.0,1.4473636
10.0,-158.0,10.0,1.533928
10.0,-156.0,10.0,1.5332909
10.0,-154.0,10.0,1.5315927
10.0,-152.0,10.0,1.4971706
10.0,-150.0,10.0,1.4651637
10.0,-148.0,10.0,1.4405131
10.0,-146.0,10.0,1.4603666
10.0,-144.0,10.0,1.4490055
10.0,-142.0,10.0,1.439798
10.0,-140.0,10.0,1.4683802
10.0,-138.0,10.0,1.5002972
10.0,-136.0,10.0,1.5513885
10.0,-134.0,10.0,1.553886
10.0,-132.0,10.0,1.5173752
10.0,-130.0,10.0,1.5309961
10.0,-128.0,10.0,1.5732082
10.0,-126.0,10.0,1.5787278
10.0,-124.0,10.0,1.4937601
10.0,-122.0,10.0,1.4844239
10.0,-120.0,10.0,1.5453066
10.0,-118.0,10.0,1.6340984
10.0,-116.0,10.0,1.604737
10.0,-114.0,10.0,1.5646168
10.0,-112.0,10.0,1.6198711
10.0,-110.0,10.0,1.640497
10.0,-108.0,10.0,1.5706336
10.0,-106.0,10.0,1.5753653
10.0,-104.0,10.0,1.678976
10.0,-102.0,10.0,1.6963431
10.0,-100.0,10.0,1.6804506
10.0,-98.0,10.0,1.7880174
10.0,-96.0,10.0,1.8714012
10.0,-94.0,10.0,1.7376577
10.0,-92.0,10.0,1.6991239
10.0,-90.0,10.0,1.7090431
10.0,-88.0,10.0,1.7499055
10.0,-86.0,10.0,1.7443786
10.0,-84.0,10.0,1.7623968
10.0,-82.0,10.0,1.767921
10.0,-80.0,10.0,1.7376777
10.0,-78.0,10.0,1.6719337
10.0,-76.0,10.0,1.6555161
10.0,-74.0,10.0,1.7032148
10.0,-72.0,10.0,1.6842098
10.0,-70.0,10.0,1.6618255
10.0,-68.0,10.0,1.7447325
10.0,-66.0,10.0,1.7566264
10.0,-64.0,10.0,1.6419035
10.0,-62.0,10.0,1.5636497
10.0,-60.0,10.0,1.5567249
10.0,-58.0,10.0,1.5823703
10.0,-56.0,10.0,1.5504506
10.0,-54.0,10.0,1.4904088
10.0,-52.0,10.0,1.5189718
10.0,-50.0,10.0,1.5537635
10.0,-48.0,10.0,1.5487857
10.0,-46.0,10.0,1.4909769
10.0,-44.0,10.0,1.4826832
10.0,-42.0,10.0,1.4959481
10.0,-40.0,10.0,1.5253541
10.0,-38.0,10.0,1.5468322
10.0,-36.0,10.0,1.5206649
10.0,-34.0,10.0,1.4370941
10.0,-32.0,10.0,1.4786046
10.0,-30.0,10.0,1.5183538
10.0,-28.0,10.0,1.5917435
10.0,-26.0,10.0,1.673654
10.0,-24.0,10.0,1.669533
10.0,-22.0,10.0,1.5779438
10.0,-20.0,10.0,1.5145144
10.0,-18.0,10.0,1.4638194
10.0,-16.0,10.0,1.4208244
10.0,-14.0,10.0,1.3998406
10.0,-12.0,10.0,1.4325153
10.0,-10.0,10.0,1.4756068
10.0,-8.0,10.0,1.4813471
10.0,-6.0,10.0,1.4868915
10.0,-4.0,10.0,1.4629272
10.0,-2.0,10.0,1.4242258
10.0,0.0,10.0,1.428279
10.0,2.0,10.0,1.4690533
10.0,4.0,10.0,1.5541714
10.0,6.0,10.0,1.5285553
10.0,8.0,10.0,1.4861095
10.0,10.0,10.0,1.4566125
10.0,12.0,10.0,1.3724095
10.0,14.0,10.0,1.3370205
10.0,16.0,10.0,1.3505517
10.0,18.0,10.0,1.4014242
10.0,20.0,10.0,1.4068906
10.0,22.0,10.0,1.4308712
10.0,24.0,10.0,1.4693427
10.0,26.0,10.0,1.4276876
10.0,28.0,10.0,1.4022927
10.0,30.0,10.0,1.3845778
10.0,32.0,10.0,1.357894
10.0,34.0,10.0,1.3379626
10.0,36.0,10.0,1.3110002
10.0,38.0,10.0,1.3473206
10.0,40.0,10.0,1.3429521
10.0,42.0,10.0,1.2643338
10.0,44.0,10.0,1.17454
10.0,46.0,10.0,1.1644267
10.0,48.0,10.0,1.2180392
10.0,50.0,10.0,1.3149545
10.0,52.0,10.0,1.3386983
10.0,54.0,10.0,1.2705077
10.0,56.0,10.0,1.2413932
10.0,58.0,10.0,1.2740569
10.0,60.0,10.0,1.2845935
10.0,62.0,10.0,1.2391497
10.0,64.0,10.0,1.2494055
10.0,66.0,10.0,1.3376071
10.0,68.0,10.0,1.3698626
10.0,70.0,10.0,1.2737417
10.0,72.0,10.0,1.2167151
10.0,74.0,10.0,1.2580371
10.0,76.0,10.0,1.2464931
10.0,78.0,10.0,1.195813
10.0,80.0,10.0,1.2197473
10.0,82.0,10.0,1.3639067
10.0,84.0,10.0,1.3837569
10.0,86.0,10.0,1.2732697
10.0,88.0,10.0,1.2253416
10.0,90.0,10.0,1.210588
10.0,92.0,10.0,1.2022548
10.0,94.0,10.0,1.2196991
10.0,96.0,10.0,1.3283603
10.0,98.0,10.0,1.3457907
10.0,100.0,10.0,1.23617
10.0,102.0,10.0,1.2026844
10.0,104.0,10.0,1.2100383
10.0,106.0,10.0,1.1790369
10.0,108.0,10.0,1.1563497
10.0,110.0,10.0,1.2377156
10.0,112.0,10.0,1.3613762
10.0,114.0,10.0,1.345225
10.0,116.0,10.0,1.2962022
10.0,118.0,10.0,1.2700452
10.0,120.0,10.0,1.2670732
10.0,122.0,10.0,1.2257378
10.0,124.0,10.0,1.2088044
10.0,126.0,10.0,1.2272325
10.0,128.0,10.0,1.2921841
10.0,130.0,10.0,1.2758847
10.0,132.0,10.0,1.1835105
10.0,134.0,10.0,1.1467707
10.0,136.0,10.0,1.1620287
10.0,138.0,10.0,1.2371713
10.0,140.0,10.0,1.3200366
10.0,142.0,10.0,1.288327
10.0,144.0,10.0,1.303069
10.0,146.0,10.0,1.3300048
10.0,148.0,10.0,1.340458
10.0,150.0,10.0,1.3373413
10.0,152.0,10.0,1.319112
10.0,154.0,10.0,1.3426443
10.0,156.0,10.0,1.395078
10.0,158.0,10.0,1.4021641
10.0,160.0,10.0,1.3743322
10.0,162.0,10.0,1.3629715
10.0,164.0,10.0,1.3223516
10.0,166.0,10.0,1.3181052
10.0,168.0,10.0,1.3132062
10.0,170.0,10.0,1.3999923
10.0,172.0,10.0,1.4620757
10.0,174.0,10.0,1.5034931
10.0,176.0,10.0,1.4789472
10.0,178.0,10.0,1.4640974
10.0,180.0,10.0,1.4169333
12.0,-180.0,10.0,1.4232562
12.0,-178.0,10.0,1.4078965
12.0,-176.0,10.0,1.4511642
12.0,-174.0,10.0,1.4887025
12.0,-172.0,10.0,1.4944105
12.0,-170.0,10.0,1.4566236
12.0,-168.0,10.0,1.425982
12.0,-166.0,10.0,1.3739992
12.0,-164.0,10.0,1.3332314
12.0,-162.0,10.0,1.362702
12.0,-160.0,10.0,1.4859744
12.0,-158.0,10.0,1.5698301
12.0,-156.0,10.0,1.5687649
12.0,-154.0,10.0,1.5864208
12.0,-152.0,10.0,1.5540048
12.0,-150.0,10.0,1.4992393
12.0,-148.0,10.0,1.4545434
12.0,-146.0,10.0,1.4783841
12.0,-144.0,10.0,1.4705188
12.0,-142.0,10.0,1.4615477
12.0,-140.0,10.0,1.4746798
12.0,-138.0,10.0,1.5034752
12.0,-136.0,10.0,1.5572743
12.0,-134.0,10.0,1.5573398
12.0,-132.0,10.0,1.5687019
12.0,-130.0,10.0,1.5552907
12.0,-128.0,10.0,1.5888597
12.0,-126.0,10.0,1.6107258
12.0,-124.0,10.0,1.5430431
12.0,-122.0,10.0,1.513143
12.0,-120.0,10.0,1.5678475
12.0,-118.0,10.0,1.6479849
12.0,-116.0,10.0,1.6233975
12.0,-114.0,10.0,1.5709882
12.0,-112.0,10.0,1.6428084
12.0,-110.0,10.0,1.6512942
12.0,-108.0,10.0,1.5991615
12.0,-106.0,10.0,1.5838516
12.0,-104.0,10.0,1.699068
12.0,-102.0,10.0,1.7368997
12.0,-100.0,10.0,1.7367676
12.0,-98.0,10.0,1.8543934
12.0,-96.0,10.0,1.9334502
12.0,-94.0,10.0,1.8094435
12.0,-92.0,10.0,1.782779
12.0,-90.0,10.0,1.8340728
12.0,-88.0,10.0,1.8751343
12.0,-86.0,10.0,1.8969725
12.0,-84.0,10.0,1.8708062
12.0,-82.0,10.0,1.866085
12.0,-80.0,10.0,1.8132937
12.0,-78.0,10.0,1.714435
12.0,-76.0,10.0,1.6991286
12.0,-74.0,10.0,1.7214576
12.0,-72.0,10.0,1.7084502
12.0,-70.0,10.0,1.6652792
12.0,-68.0,10.0,1.7958499
12.0,-66.0,10.0,1.8103719
12.0,-64.0,10.0,1.6883043
12.0,-62.0,10.0,1.6208795
12.0,-60.0,10.0,1.6243397
12.0,-58.0,10.0,1.6270499
12.0,-56.0,10.0,1.5973576
12.0,-54.0,10.0,1.5238757
12.0,-52.0,10.0,1.5369228
12.0,-50.0,10.0,1.5455444
12.0,-48.0,10.0,1.5428698
12.0,-46.0,10.0,1.480126
12.0,-44.0,10.0,1.4768362
12.0,-42.0,10.0,1.5065436
12.0,-40.0,10.0,1.528302
12.0,-38.0,10.0,1.543485
12.0,-36.0,10.0,1.5217171
12.0,-34.0,10.0,1.4707197
12.0,-32.0,10.0,1.5165284
12.0,-30.0,10.0,1.5466708
12.0,-28.0,10.0,1.6074399
12.0,-26.0,10.0,1.6609774
12.0,-24.0,10.0,1.6642019
12.0,-22.0,10.0,1.5927908
12.0,-20.0,10.0,1.5271174
12.0,-18.0,10.0,1.4631546
12.0,-16.0,10.0,1.4277813
12.0,-14.0,10.0,1.401357
12.0,-12.0,10.0,1.4321344
12.0,-10.0,10.0,1.47791
12.0,-8.0,10.0,1.4872274
12.0,-6.0,10.0,1.4958833
12.0,-4.0,10.0,1.4686289
12.0,-2.0,10.0,1.4489658
12.0,0.0,10.0,1.436657
12.0,2.0,10.0,1.455509
12.0,4.0,10.0,1.5199811
12.0,6.0,10.0,1.5204064
12.0,8.0,10.0,1.4917512
12.0,10.0,10.0,1.4393377
12.0,12.0,10.0,1.3592826
12.0,14.0,10.0,1.3174008
12.0,16.0,10.0,1.3514167
12.0,18.0,10.0,1.4126419
12.0,20.0,10.0,1.4295603
12.0,22.0,10.0,1.470463
12.0,24.0,10.0,1.5002697
12.0,26.0,10.0,1.450563
12.0,28.0,10.0,1.3957878
12.0,30.0,10.0,1.368388
12.0,32.0,10.0,1.3478812
12.0,34.0,10.0,1.2984421
12.0,36.0,10.0,1.2535024
12.0,38.0,10.0,1.3052073
12.0,40.0,10.0,1.3334526
12.0,42.0,10.0,1.2578024
12.0,44.0,10.0,1.1694851
12.0,46.0,10.0,1.1662799
12.0,48.0,10.0,1.2201461
12.0,50.0,10.0,1.3296419
12.0,52.0,10.0,1.3400424
12.0,54.0,10.0,1.2713494
12.0,56.0,10.0,1.2490946
12.0,58.0,10.0,1.2758691
12.0,60.0,10.0,1.3042325
12.0,62.0,10.0,1.2432673
12.0,64.0,10.0,1.2467792
12.0,66.0,10.0,1.3600883
12.0,68.0,10.0,1.364364
12.0,70.0,10.0,1.2609109
12.0,72.0,10.0,1.1950732
12.0,74.0,10.0,1.2707127
12.0,76.0,10.0,1.2661593
12.0,78.0,10.0,1.2014682
12.0,80.0,10.0,1.2392995
12.0,82.0,10.0,1.3848388
12.0,84.0,10.0,1.4026692
12.0,86.0,10.0,1.3116627
12.0,88.0,10.0,1.2515731
12.0,90.0,10.0,1.2205628
12.0,92.0,10.0,1.1872846
12.0,94.0,10.0,1.1978488
12.0,96.0,10.0,1.3123218
12.0,98.0,10.0,1.3268878
12.0,100.0,10.0,1.2193133
12.0,102.0,10.0,1.1754055
12.0,104.0,10.0,1.2058309
12.0,106.0,10.0,1.1796526
12.0,108.0,10.0,1.1489509
12.0,110.0,10.0,1.2548013
12.0,112.0,10.0,1.3635617
12.0,114.0,10.0,1.3478957
12.0,116.0,10.0,1.2981238
12.0,118.0,10.0,1.2584119
12.0,120.0,10.0,1.2481265
12.0,122.0,10.0,1.2179228
12.0,124.0,10.0,1.2000054
12.0,126.0,10.0,1.2186749
12.0,128.0,10.0,1.2947164
12.0,130.0,10.0,1.2915641
12.0,132.0,10.0,1.1735256
12.0,134.0,10.0,1.0965153
12.0,136.0,10.0,1.1340408
12.0,138.0,10.0,1.2560889
12.0,140.0,10.0,1.3216912
12.0,142.0,10.0,1.2678516
12.0,144.0,10.0,1.2775238
12.0,146.0,10.0,1.3153727
12.0,148.0,10.0,1.3268653
12.0,150.0,10.0,1.3193594
12.0,152.0,10.0,1.3252743
12.0,154.0,10.0,1.3387755
12.0,156.0,10.0,1.386703
12.0,158.0,10.0,1.3694094
12.0,160.0,10.0,1.3437735
12.0,162.0,10.0,1.3729888
12.0,164.0,10.0,1.349437
12.0,166.0,10.0,1.3049861
12.0,168.0,10.0,1.3162357
12.0,170.0,10.0,1.3901402
12.0,172.0,10.0,1.4357452
12.0,174.0,10.0,1.4849318
12.0,176.0,10.0,1.4703174
12.0,178.0,10.0,1.4584961
12.0,180.0,10.0,1.4232562
14.0,-180.0,10.0,1.3751152
14.0,-178.0,10.0,1.4671593
14.0,-176.0,10.0,1.4967072
14.0,-174.0,10.0,1.4429423
14.0,-172.0,10.0,1.4412534
14.0,-170.0,10.0,1.4295297
14.0,-168.0,10.0,1.387729
14.0,-166.0,10.0,1.35722
14.0,-164.0,10.0,1.3865936
14.0,-162.0,10.0,1.4509453
14.0,-160.0,10.0,1.5000741
14.0,-158.0,10.0,1.6249748
14.0,-156.0,10.0,1.6503743
14.0,-154.0,10.0,1.6169376
14.0,-152.0,10.0,1.5189573
14.0,-150.0,10.0,1.48473
14.0,-148.0,10.0,1.5214039
14.0,-146.0,10.0,1.5771145
14.0,-144.0,10.0,1.5256146
14.0,-142.0,10.0,1.4667356
14.0,-140.0,10.0,1.4819316
14.0,-138.0,10.0,1.523465
14.0,-136.0,10.0,1.5714281
14.0,-134.0,10.0,1.5685682
14.0,-132.0,10.0,1.5528194
14.0,-130.0,10.0,1.5724987
14.0,-128.0,10.0,1.6145934
14.0,-126.0,10.0,1.6305981
14.0,-124.0,10.0,1.5442324
14.0,-122.0,10.0,1.5108606
14.0,-120.0,10.0,1.5552624
14.0,-118.0,10.0,1.6480552
14.0,-116.0,10.0,1.6509781
14.0,-114.0,10.0,1.6590736
14.0,-112.0,10.0,1.6975485
14.0,-110.0,10.0,1.6846575
14.0,-108.0,10.0,1.6486317
14.0,-106.0,10.0,1.6606692
14.0,-104.0,10.0,1.7684178
14.0,-102.0,10.0,1.7646523
14.0,-100.0,10.0,1.7743728
14.0,-98.0,10.0,1.8459584
14.0,-96.0,10.0,1.9190037
14.0,-94.0,10.0,1.8434225
14.0,-92.0,10.0,1.8494077
14.0,-90.0,10.0,1.9205421
14.0,-88.0,10.0,2.0129385
14.0,-86.0,10.0,2.0209618
14.0,-84.0,10.0,1.9676387
14.0,-82.0,10.0,1.9012058
14.0,-80.0,10.0,1.8492516
14.0,-78.0,10.0,1.8147475
14.0,-76.0,10.0,1.7905011
14.0,-74.0,10.0,1.785497
14.0,-72.0,10.0,1.7410425
14.0,-70.0,10.0,1.7112557
14.0,-68.0,10.0,1.771678
14.0,-66.0,10.0,1.7695675
14.0,-64.0,10.0,1.6689504
14.0,-62.0,10.0,1.6092787
14.0,-60.0,10.0,1.6136323
14.0,-58.0,10.0,1.6146253
14.0,-56.0,10.0,1.628635
14.0,-54.0,10.0,1.5940447
14.0,-52.0,10.0,1.5611844
14.0,-50.0,10.0,1.551441
14.0,-48.0,10.0,1.5240207
14.0,-46.0,10.0,1.4692255
14.0,-44.0,10.0,1.4617057
14.0,-42.0,10.0,1.4529382
14.0,-40.0,10.0,1.4948124
14.0,-38.0,10.0,1.5310688
14.0,-36.0,10.0,1.5242828
14.0,-34.0,10.0,1.5319581
14.0,-32.0,10.0,1.4968287
14.0,-30.0,10.0,1.5254271
14.0,-28.0,10.0,1.572384
14.0,-26.0,10.0,1.6405895
14.0,-24.0,10.0,1.6470459
14.0,-22.0,10.0,1.5952663
14.0,-20.0,10.0,1.5226878
14.0,-18.0,10.0,1.4485898
14.0,-16.0,10.0,1.4102272
14.0,-14.0,10.0,1.3965485
14.0,-12.0,10.0,1.4455724
14.0,-10.0,10.0,1.4693645
14.0,-8.0,10.0,1.4927703
14.0,-6.0,10.0,1.5081534
14.0,-4.0,10.0,1.4746091
14.0,-2.0,10.0,1.4481144
14.0,0.0,10.0,1.4415437
14.0,2.0,10.0,1.4685513
14.0,4.0,10.0,1.530366
14.0,6.0,10.0,1.5095394
14.0,8.0,10.0,1.4949386
14.0,10.0,10.0,1.4834944
14.0,12.0,10.0,1.4081464
14.0,14.0,10.0,1.3594368
14.0,16.0,10.0,1.3731045
14.0,18.0,10.0,1.4261338
14.0,20.0,10.0,1.4406216
14.0,22.0,10.0,1.4948608
14.0,24.0,10.0,1.5162959
14.0,26.0,10.0,1.4499345
14.0,28.0,10.0,1.3966751
14.0,30.0,10.0,1.3869661
14.0,32.0,10.0,1.3610754
14.0,34.0,10.0,1.334332
14.0,36.0,10.0,1.3089281
14.0,38.0,10.0,1.3529868
14.0,40.0,10.0,1.3565006
14.0,42.0,10.0,1.2490007
14.0,44.0,10.0,1.1533514
14.0,46.0,10.0,1.1326015
14.0,48.0,10.0,1.1684326
14.0,50.0,10.0,1.2884004
14.0,52.0,10.0,1.2957848
14.0,54.0,10.0,1.255522
14.0,56.0,10.0,1.2374812
14.0,58.0,10.0,1.266333
14.0,60.0,10.0,1.2748463
14.0,62.0,10.0,1.2134048
14.0,64.0,10.0,1.2436802
14.0,66.0,10.0,1.3714981
14.0,68.0,10.0,1.346455
14.0,70.0,10.0,1.2497864
14.0,72.0,10.0,1.1860813
14.0,74.0,10.0,1.2465925
14.0,76.0,10.0,1.2131957
14.0,78.0,10.0,1.180264
14.0,80.0,10.0,1.2175475
14.0,82.0,10.0,1.3663256
14.0,84.0,10.0,1.3623573
14.0,86.0,10.0,1.2834558
14.0,88.0,10.0,1.2763833
14.0,90.0,10.0,1.221614
14.0,92.0,10.0,1.1979239
14.0,94.0,10.0,1.2102002
14.0,96.0,10.0,1.3339708
14.0,98.0,10.0,1.3276368
14.0,100.0,10.0,1.2094495
14.0,102.0,10.0,1.1737896
14.0,104.0,10.0,1.1850841
14.0,106.0,10.0,1.1546075
14.0,108.0,10.0,1.1525499
14.0,110.0,10.0,1.2714938
14.0,112.0,10.0,1.3706204
14.0,114.0,10.0,1.3297517
14.0,116.0,10.0,1.3247373
14.0,118.0,10.0,1.319329
14.0,120.0,10.0,1.2589223
14.0,122.0,10.0,1.1896639
14.0,124.0,10.0,1.1703337
14.0,126.0,10.0,1.2411757
14.0,128.0,10.0,1.2881573
14.0,130.0,10.0,1.2448018
14.0,132.0,10.0,1.1441177
14.0,134.0,10.0,1.0959046
14.0,136.0,10.0,1.1274047
14.0,138.0,10.0,1.2601255
14.0,140.0,10.0,1.2959012
14.0,142.0,10.0,1.2409877
14.0,144.0,10.0,1.2305382
14.0,146.0,10.0,1.3059362
14.0,148.0,10.0,1.345436
14.0,150.0,10.0,1.3251914
14.0,152.0,10.0,1.3246115
14.0,154.0,10.0,1.3377055
14.0,156.0,10.0,1.403751
14.0,158.0,10.0,1.412739
14.0,160.0,10.0,1.3747671
14.0,162.0,10.0,1.38803
14.0,164.0,10.0,1.3339745
14.0,166.0,10.0,1.2650106
14.0,168.0,10.0,1.2823033
14.0,170.0,10.0,1.3845725
14.0,172.0,10.0,1.4390504
14.0,174.0,10.0,1.4610946
14.0,176.0,10.0,1.4720147
14.0,178.0,10.0,1.434772
14.0,180.0,10.0,1.3751152
16.0,-180.0,10.0,1.4027607
16.0,-178.0,10.0,1.5184445
16.0,-176.0,10.0,1.5653698
16.0,-174.0,10.0,1.4582814
16.0,-172.0,10.0,1.4384496
16.0,-170.0,10.0,1.5284172
16.0,-168.0,10.0,1.5059031
16.0,-166.0,10.0,1.441876
16.0,-164.0,10.0,1.4816743
16.0,-162.0,10.0,1.5565064
16.0,-160.0,10.0,1.5667347
16.0,-158.0,10.0,1.6257504
16.0,-156.0,10.0,1.6770588
16.0,-154.0,10.0,1.6789471
16.0,-152.0,10.0,1.5931656
16.0,-150.0,10.0,1.5703543
16.0,-148.0,10.0,1.639424
16.0,-146.0,10.0,1.7196735
16.0,-144.0,10.0,1.6397265
16.0,-142.0,10.0,1.5359105
16.0,-140.0,10.0,1.5676608
16.0,-138.0,10.0,1.6182394
16.0,-136.0,10.0,1.6767482
16.0,-134.0,10.0,1.6573569
16.0,-132.0,10.0,1.6103175
16.0,-130.0,10.0,1.5944515
16.0,-128.0,10.0,1.6743805
16.0,-126.0,10.0,1.6949587
16.0,-124.0,10.0,1.570121
16.0,-122.0,10.0,1.5862255
16.0,-120.0,10.0,1.6244373
16.0,-118.0,10.0,1.6822364
16.0,-116.0,10.0,1.6954794
16.0,-114.0,10.0,1.6926919
16.0,-112.0,10.0,1.7442193
16.0,-110.0,10.0,1.7333001
16.0,-108.0,10.0,1.7045192
16.0,-106.0,10.0,1.760228
16.0,-104.0,10.0,1.8286134
16.0,-102.0,10.0,1.8379889
16.0,-100.0,10.0,1.8322718
16.0,-98.0,10.0,1.9128822
16.0,-96.0,10.0,1.9428232
16.0,-94.0,10.0,1.9004357
16.0,-92.0,10.0,1.9398575
16.0,-90.0,10.0,2.00493
16.0,-88.0,10.0,2.0706606
16.0,-86.0,10.0,2.0981045
16.0,-84.0,10.0,2.0775886
16.0,-82.0,10.0,1.990742
16.0,-80.0,10.0,1.9367417
16.0,-78.0,10.0,1.9419426
16.0,-76.0,10.0,1.9080857
16.0,-74.0,10.0,1.8885859
16.0,-72.0,10.0,1.8402746
16.0,-70.0,10.0,1.7556504
16.0,-68.0,10.0,1.757252
16.0,-66.0,10.0,1.7654462
16.0,-64.0,10.0,1.6546525
16.0,-62.0,10.0,1.6411824
16.0,-60.0,10.0,1.6544414
16.0,-58.0,10.0,1.6762441
16.0,-56.0,10.0,1.6929438
16.0,-54.0,10.0,1.655192
16.0,-52.0,10.0,1.5980982
16.0,-50.0,10.0,1.5769136
16.0,-48.0,10.0,1.5270485
16.0,-46.0,10.0,1.4550203
16.0,-44.0,10.0,1.4284353
16.0,-42.0,10.0,1.4413443
16.0,-40.0,10.0,1.5148872
16.0,-38.0,10.0,1.5319824
16.0,-36.0,10.0,1.5239266
16.0,-34.0,10.0,1.569842
16.0,-32.0,10.0,1.532076
16.0,-30.0,10.0,1.5075631
16.0,-28.0,10.0,1.5271186
16.0,-26.0,10.0,1.592744
16.0,-24.0,10.0,1.6384025
16.0,-22.0,10.0,1.5613405
16.0,-20.0,10.0,1.4400607
16.0,-18.0,10.0,1.4201808
16.0,-16.0,10.0,1.3709224
16.0,-14.0,10.0,1.3476006
16.0,-12.0,10.0,1.4235741
16.0,-10.0,10.0,1.4561876
16.0,-8.0,10.0,1.503165
16.0,-6.0,10.0,1.5416844
16.0,-4.0,10.0,1.5494783
16.0,-2.0,10.0,1.5284791
16.0,0.0,10.0,1.4494607
16.0,2.0,10.0,1.4567623
16.0,4.0,10.0,1.4853472
16.0,6.0,10.0,1.4860047
16.0,8.0,10.0,1.4955064
16.0,10.0,10.0,1.4396486
16.0,12.0,10.0,1.3836356
16.0,14.0,10.0,1.3335042
16.0,16.0,10.0,1.3513988
16.0,18.0,10.0,1.4074184
16.0,20.0,10.0,1.4323871
16.0,22.0,10.0,1.4866049
16.0,24.0,10.0,1.5524665
16.0,26.0,10.0,1.4752443
16.0,28.0,10.0,1.4138476
16.0,30.0,10.0,1.3827204
16.0,32.0,10.0,1.3498713
16.0,34.0,10.0,1.3279775
16.0,36.0,10.0,1.3193992
16.0,38.0,10.0,1.3504013
16.0,40.0,10.0,1.3360187
16.0,42.0,10.0,1.211298
16.0,44.0,10.0,1.1405289
16.0,46.0,10.0,1.1232865
16.0,48.0,10.0,1.1563988
16.0,50.0,10.0,1.292758
16.0,52.0,10.0,1.3073462
16.0,54.0,10.0,1.2644506
16.0,56.0,10.0,1.2377185
16.0,58.0,10.0,1.2939174
16.0,60.0,10.0,1.2954636
16.0,62.0,10.0,1.2212104
16.0,64.0,10.0,1.2594947
16.0,66.0,10.0,1.3596609
16.0,68.0,10.0,1.3749125
16.0,70.0,10.0,1.2839199
16.0,72.0,10.0,1.2663616
16.0,74.0,10.0,1.2947743
16.0,76.0,10.0,1.238186
16.0,78.0,10.0,1.1740057
16.0,80.0,10.0,1.2430787
16.0,82.0,10.0,1.3952708
16.0,84.0,10.0,1.3823576
16.0,86.0,10.0,1.3299884
16.0,88.0,10.0,1.3150414
16.0,90.0,10.0,1.2440888
16.0,92.0,10.0,1.2271318
16.0,94.0,10.0,1.258413
16.0,96.0,10.0,1.3462583
16.0,98.0,10.0,1.3451532
16.0,100.0,10.0,1.2469847
16.0,102.0,10.0,1.2057283
16.0,104.0,10.0,1.2122873
16.0,106.0,10.0,1.1615857
16.0,108.0,10.0,1.1727746
16.0,110.0,10.0,1.2804788
16.0,112.0,10.0,1.3600718
16.0,114.0,10.0,1.332518
16.0,116.0,10.0,1.319309
16.0,118.0,10.0,1.3249891
16.0,120.0,10.0,1.267593
16.0,122.0,10.0,1.1861864
16.0,124.0,10.0,1.1918077
16.0,126.0,10.0,1.2510717
16.0,128.0,10.0,1.30613
16.0,130.0,10.0,1.2661207
16.0,132.0,10.0,1.168147
16.0,134.0,10.0,1.1698287
16.0,136.0,10.0,1.2046602
16.0,138.0,10.0,1.303835
16.0,140.0,10.0,1.3336531
16.0,142.0,10.0,1.2760993
16.0,144.0,10.0,1.2503988
16.0,146.0,10.0,1.3091395
16.0,148.0,10.0,1.3618449
16.0,150.0,10.0,1.3521489
16.0,152.0,10.0,1.3272012
16.0,154.0,10.0,1.3439072
16.0,156.0,10.0,1.3889977
16.0,158.0,10.0,1.4335041
16.0,160.0,10.0,1.4046893
16.0,162.0,10.0,1.3820274
16.0,164.0,10.0,1.3603867
16.0,166.0,10.0,1.3278841
16.0,168.0,10.0,1.3613174
16.0,170.0,10.0,1.4494777
16.0,172.0,10.0,1.4838701
16.0,174.0,10.0,1.4884121
16.0,176.0,10.0,1.4754221
16.0,178.0,10.0,1.4600705
16.0,180.0,10.0,1.4027607
18.0,-180.0,10.0,1.4505528
18.0,-178.0,10.0,1.5028871
18.0,-176.0,10.0,1.5539769
18.0,-174.0,10.0,1.4981583
18.0,-172.0,10.0,1.4659692
18.0,-170.0,10.0,1.4908096
18.0,-168.0,10.0,1.4676803
18.0,-166.0,10.0,1.3935419
18.0,-164.0,10.0,1.4345044
18.0,-162.0,10.0,1.4578958
18.0,-160.0,10.0,1.5244334
18.0,-158.0,10.0,1.5725862
18.0,-156.0,10.0,1.6252236
18.0,-154.0,10.0,1.6389548
18.0,-152.0,10.0,1.5498049
18.0,-150.0,10.0,1.5396544
18.0,-148.0,10.0,1.547184
18.0,-146.0,10.0,1.5973946
18.0,-144.0,10.0,1.5772566
18.0,-142.0,10.0,1.5175415
18.0,-140.0,10.0,1.5457076
18.0,-138.0,10.0,1.5665237
18.0,-136.0,10.0,1.6451494
18.0,-134.0,10.0,1.6625067
18.0,-132.0,10.0,1.6378562
18.0,-130.0,10.0,1.6281112
18.0,-128.0,10.0,1.6761975
18.0,-126.0,10.0,1.6938872
18.0,-124.0,10.0,1.6302614
18.0,-122.0,10.0,1.6046354
18.0,-120.0,10.0,1.6624483
18.0,-118.0,10.0,1.703682
18.0,-116.0,10.0,1.7289228
18.0,-114.0,10.0,1.7599376
18.0,-112.0,10.0,1.7863054
18.0,-110.0,10.0,1.7523335
18.0,-108.0,10.0,1.7017452
18.0,-106.0,10.0,1.7607311
18.0,-104.0,10.0,1.8107136
18.0,-102.0,10.0,1.8777189
18.0,-100.0,10.0,1.9266753
18.0,-98.0,10.0,1.9725767
18.0,-96.0,10.0,2.0424585
18.0,-94.0,10.0,2.004855
18.0,-92.0,10.0,1.9738723
18.0,-90.0,10.0,2.0742779
18.0,-88.0,10.0,2.181212
18.0,-86.0,10.0,2.220928
18.0,-84.0,10.0,2.1779325
18.0,-82.0,10.0,2.122226
18.0,-80.0,10.0,2.0785832
18.0,-78.0,10.0,1.9896826
18.0,-76.0,10.0,1.9461356
18.0,-74.0,10.0,1.9702121
18.0,-72.0,10.0,1.9459664
18.0,-70.0,10.0,1.8462238
18.0,-68.0,10.0,1.8306073
18.0,-66.0,10.0,1.8396949
18.0,-64.0,10.0,1.7380157
18.0,-62.0,10.0,1.6751062
18.0,-60.0,10.0,1.7011707
18.0,-58.0,10.0,1.7642126
18.0,-56.0,10.0,1.7939911
18.0,-54.0,10.0,1.7197316
18.0,-52.0,10.0,1.6527399
18.0,-50.0,10.0,1.6132119
18.0,-48.0,10.0,1.570955
18.0,-46.0,10.0,1.4766319
18.0,-44.0,10.0,1.4269476
18.0,-42.0,10.0,1.4561988
18.0,-40.0,10.0,1.5251569
18.0,-38.0,10.0,1.5590234
18.0,-36.0,10.0,1.54327
18.0,-34.0,10.0,1.5463816
18.0,-32.0,10.0,1.5270875
18.0,-30.0,10.0,1.5070764
18.0,-28.0,10.0,1.5387775
18.0,-26.0,10.0,1.574529
18.0,-24.0,10.0,1.6148077
18.0,-22.0,10.0,1.5519159
18.0,-20.0,10.0,1.4250351
18.0,-18.0,10.0,1.3907181
18.0,-16.0,10.0,1.3458691
18.0,-14.0,10.0,1.3315532
18.0,-12.0,10.0,1.370099
18.0,-10.0,10.0,1.4192734
18.0,-8.0,10.0,1.4925483
18.0,-6.0,10.0,1.5502065
18.0,-4.0,10.0,1.5190668
18.0,-2.0,10.0,1.4697609
18.0,0.0,10.0,1.4308041
18.0,2.0,10.0,1.450269
18.0,4.0,10.0,1.4664844
18.0,6.0,10.0,1.473112
18.0,8.0,10.0,1.4677452
18.0,10.0,10.0,1.3724041
18.0,12.0,10.0,1.3215355
18.0,14.0,10.0,1.2895738
18.0,16.0,10.0,1.2944562
18.0,18.0,10.0,1.3862102
18.0,20.0,10.0,1.4107109
18.0,22.0,10.0,1.4842249
18.0,24.0,10.0,1.5177135
18.0,26.0,10.0,1.4553196
18.0,28.0,10.0,1.4134867
18.0,30.0,10.0,1.3603709
18.0,32.0,10.0,1.3037875
18.0,34.0,10.0,1.2723283
18.0,36.0,10.0,1.2826045
18.0,38.0,10.0,1.3155675
18.0,40.0,10.0,1.3073357
18.0,42.0,10.0,1.1961148
18.0,44.0,10.0,1.1255081
18.0,46.0,10.0,1.1260527
18.0,48.0,10.0,1.1647552
18.0,50.0,10.0,1.2984606
18.0,52.0,10.0,1.2998189
18.0,54.0,10.0,1.2265478
18.0,56.0,10.0,1.247911
18.0,58.0,10.0,1.282671
18.0,60.0,10.0,1.2919612
18.0,62.0,10.0,1.2046646
18.0,64.0,10.0,1.2724899
18.0,66.0,10.0,1.4074669
18.0,68.0,10.0,1.395937
18.0,70.0,10.0,1.2720261
18.0,72.0,10.0,1.2497625
18.0,74.0,10.0,1.277948
18.0,76.0,10.0,1.1931313
18.0,78.0,10.0,1.1240014
18.0,80.0,10.0,1.2252052
18.0,82.0,10.0,1.3695662
18.0,84.0,10.0,1.3232989
18.0,86.0,10.0,1.2590637
18.0,88.0,10.0,1.2640471
18.0,90.0,10.0,1.2109426
18.0,92.0,10.0,1.1531948
18.0,94.0,10.0,1.1985157
18.0,96.0,10.0,1.3295745
18.0,98.0,10.0,1.2782526
18.0,100.0,10.0,1.170455
18.0,102.0,10.0,1.1736557
18.0,104.0,10.0,1.1609224
18.0,106.0,10.0,1.1137319
18.0,108.0,10.0,1.1293149
18.0,110.0,10.0,1.235567
18.0,112.0,10.0,1.3436512
18.0,114.0,10.0,1.3119816
18.0,116.0,10.0,1.295008
18.0,118.0,10.0,1.326313
18.0,120.0,10.0,1.238027
18.0,122.0,10.0,1.173251
18.0,124.0,10.0,1.174337
18.0,126.0,10.0,1.2417089
18.0,128.0,10.0,1.3223037
18.0,130.0,10.0,1.2475251
18.0,132.0,10.0,1.169122
18.0,134.0,10.0,1.1963093
18.0,136.0,10.0,1.2041669
18.0,138.0,10.0,1.2502247
18.0,140.0,10.0,1.268572
18.0,142.0,10.0,1.202237
18.0,144.0,10.0,1.2014656
18.0,146.0,10.0,1.257425
18.0,148.0,10.0,1.3224856
18.0,150.0,10.0,1.3119823
18.0,152.0,10.0,1.2792778
18.0,154.0,10.0,1.3025776
18.0,156.0,10.0,1.3609747
18.0,158.0,10.0,1.3914813
18.0,160.0,10.0,1.3691798
18.0,162.0,10.0,1.3718193
18.0,164.0,10.0,1.356702
18.0,166.0,10.0,1.3082409
18.0,168.0,10.0,1.3318784
18.0,170.0,10.0,1.4113255
18.0,172.0,10.0,1.4715773
18.0,174.0,10.0,1.4538827
18.0,176.0,10.0,1.4894288
18.0,178.0,10.0,1.4986362
18.0,180.0,10.0,1.4505528
20.0,-180.0,10.0,1.4967431
20.0,-178.0,10.0,1.5677252
20.0,-176.0,10.0,1.6386616
20.0,-174.0,10.0,1.5478845
20.0,-172.0,10.0,1.5321556
20.0,-170.0,10.0,1.548631
20.0,-168.0,10.0,1.5242114
20.0,-166.0,10.0,1.4521731
20.0,-164.0,10.0,1.4787158
20.0,-162.0,10.0,1.5378232
20.0,-160.0,10.0,1.5423073
20.0,-158.0,10.0,1.5862799
20.0,-156.0,10.0,1.6638466
20.0,-154.0,10.0,1.6341976
20.0,-152.0,10.0,1.5826509
20.0,-150.0,10.0,1.5861393
20.0,-148.0,10.0,1.6263435
20.0,-146.0,10.0,1.6969359
20.0,-144.0,10.0,1.648559
20.0,-142.0,10.0,1.5802668
20.0,-140.0,10.0,1.5829862
20.0,-138.0,10.0,1.6364156
20.0,-136.0,10.0,1.7261411
20.0,-134.0,10.0,1.791374
20.0,-132.0,10.0,1.7683046
20.0,-130.0,10.0,1.7125727
20.0,-128.0,10.0,1.7694837
20.0,-126.0,10.0,1.7825258
20.0,-124.0,10.0,1.7258538
20.0,-122.0,10.0,1.6871296
20.0,-120.0,10.0,1.7065532
20.0,-118.0,10.0,1.7896619
20.0,-116.0,10.0,1.8763707
20.0,-114.0,10.0,1.8637333
20.0,-112.0,10.0,1.8761694
20.0,-110.0,10.0,1.8951042
20.0,-108.0,10.0,1.878311
20.0,-106.0,10.0,1.9349099
20.0,-104.0,10.0,2.0220373
20.0,-102.0,10.0,2.0842555
20.0,-100.0,10.0,2.1719403
20.0,-98.0,10.0,2.127993
20.0,-96.0,10.0,2.1709769
20.0,-94.0,10.0,2.1479833
20.0,-92.0,10.0,2.1172967
20.0,-90.0,10.0,2.2568045
20.0,-88.0,10.0,2.4602623
20.0,-86.0,10.0,2.514141
20.0,-84.0,10.0,2.4239266
20.0,-82.0,10.0,2.36634
20.0,-80.0,10.0,2.3407342
20.0,-78.0,10.0,2.2331796
20.0,-76.0,10.0,2.226904
20.0,-74.0,10.0,2.1718159
20.0,-72.0,10.0,2.2149081
20.0,-70.0,10.0,2.0709317
20.0,-68.0,10.0,1.9953569
20.0,-66.0,10.0,1.9662944
20.0,-64.0,10.0,1.8620868
20.0,-62.0,10.0,1.8028978
20.0,-60.0,10.0,1.8004384
20.0,-58.0,10.0,1.8632776
20.0,-56.0,10.0,1.9128613
20.0,-54.0,10.0,1.837236
20.0,-52.0,10.0,1.7094347
20.0,-50.0,10.0,1.6942245
20.0,-48.0,10.0,1.6530023
20.0,-46.0,10.0,1.5866144
20.0,-44.0,10.0,1.5656059
20.0,-42.0,10.0,1.5283974
20.0,-40.0,10.0,1.56862
20.0,-38.0,10.0,1.6342629
20.0,-36.0,10.0,1.6451186
20.0,-34.0,10.0,1.587111
20.0,-32.0,10.0,1.5515474
20.0,-30.0,10.0,1.5309185
20.0,-28.0,10.0,1.5662309
20.0,-26.0,10.0,1.6424307
20.0,-24.0,10.0,1.6818867
20.0,-22.0,10.0,1.6214201
20.0,-20.0,10.0,1.5054835
20.0,-18.0,10.0,1.4578236
20.0,-16.0,10.0,1.4010034
20.0,-14.0,10.0,1.3661546
20.0,-12.0,10.0,1.4642487
20.0,-10.0,10.0,1.4902048
20.0,-8.0,10.0,1.4889711
20.0,-6.0,10.0,1.5518557
20.0,-4.0,10.0,1.525357
20.0,-2.0,10.0,1.4881271
20.0,0.0,10.0,1.448819
20.0,2.0,10.0,1.543997
20.0,4.0,10.0,1.5805383
20.0,6.0,10.0,1.5345608
20.0,8.0,10.0,1.5243175
20.0,10.0,10.0,1.4532806
20.0,12.0,10.0,1.3812582
20.0,14.0,10.0,1.3369844
20.0,16.0,10.0,1.3682051
20.0,18.0,10.0,1.4290892
20.0,20.0,10.0,1.4485781
20.0,22.0,10.0,1.5256733
20.0,24.0,10.0,1.5673075
20.0,26.0,10.0,1.4939883
20.0,28.0,10.0,1.4354762
20.0,30.0,10.0,1.3891473
20.0,32.0,10.0,1.3306354
20.0,34.0,10.0,1.3116878
20.0,36.0,10.0,1.3081309
20.0,38.0,10.0,1.3399045
20.0,40.0,10.0,1.345948
20.0,42.0,10.0,1.265396
20.0,44.0,10.0,1.2244266
20.0,46.0,10.0,1.2262794
20.0,48.0,10.0,1.2540249
20.0,50.0,10.0,1.3385218
20.0,52.0,10.0,1.3476113
20.0,54.0,10.0,1.3074147
20.0,56.0,10.0,1.3192621
20.0,58.0,10.0,1.3473057
20.0,60.0,10.0,1.359821
20.0,62.0,10.0,1.3198856
20.0,64.0,10.0,1.3585991
20.0,66.0,10.0,1.4895097
20.0,68.0,10.0,1.4669105
20.0,70.0,10.0,1.3207024
20.0,72.0,10.0,1.2834686
20.0,74.0,10.0,1.2878286
20.0,76.0,10.0,1.2772058
20.0,78.0,10.0,1.2523571
20.0,80.0,10.0,1.2934625
20.0,82.0,10.0,1.4702618
20.0,84.0,10.0,1.4606895
20.0,86.0,10.0,1.3608
20.0,88.0,10.0,1.3407949
20.0,90.0,10.0,1.3041337
20.0,92.0,10.0,1.2752637
20.0,94.0,10.0,1.2794474
20.0,96.0,10.0,1.4346
20.0,98.0,10.0,1.3955284
20.0,100.0,10.0,1.2512233
20.0,102.0,10.0,1.2089753
20.0,104.0,10.0,1.2357178
20.0,106.0,10.0,1.2379346
20.0,108.0,10.0,1.2312593
20.0,110.0,10.0,1.2977786
20.0,112.0,10.0,1.4137323
20.0,114.0,10.0,1.390287
20.0,116.0,10.0,1.3879361
20.0,118.0,10.0,1.3685255
20.0,120.0,10.0,1.313788
20.0,122.0,10.0,1.250115
20.0,124.0,10.0,1.256312
20.0,126.0,10.0,1.3021361
20.0,128.0,10.0,1.3574522
20.0,130.0,10.0,1.3053464
20.0,132.0,10.0,1.2508277
20.0,134.0,10.0,1.264821
20.0,136.0,10.0,1.2649317
20.0,138.0,10.0,1.2912059
20.0,140.0,10.0,1.3448186
20.0,142.0,10.0,1.2846326
20.0,144.0,10.0,1.289542
20.0,146.0,10.0,1.3046527
20.0,148.0,10.0,1.3491242
20.0,150.0,10.0,1.3360399
20.0,152.0,10.0,1.29131
20.0,154.0,10.0,1.2933236
20.0,156.0,10.0,1.3979566
20.0,158.0,10.0,1.4239541
20.0,160.0,10.0,1.4293826
20.0,162.0,10.0,1.4674122
20.0,164.0,10.0,1.4552438
20.0,166.0,10.0,1.3622171
20.0,168.0,10.0,1.3652143
20.0,170.0,10.0,1.458229
20.0,172.0,10.0,1.5013933
20.0,174.0,10.0,1.497711
20.0,176.0,10.0,1.5231526
20.0,178.0,10.0,1.528883
20.0,180.0,10.0,1.4967431
22.0,-180.0,10.0,1.6352048
22.0,-178.0,10.0,1.6914357
22.0,-176.0,10.0,1.7539098
22.0,-174.0,10.0,1.7070546
22.0,-172.0,10.0,1.6698319
22.0,-170.0,10.0,1.676418
22.0,-168.0,10.0,1.6578017
22.0,-166.0,10.0,1.6234407
22.0,-164.0,10.0,1.6577495
22.0,-162.0,10.0,1.6939541
22.0,-160.0,10.0,1.7022824
22.0,-158.0,10.0,1.7152286
22.0,-156.0,10.0,1.7776585
22.0,-154.0,10.0,1.7573266
22.0,-152.0,10.0,1.7100879
22.0,-150.0,10.0,1.6909852
22.0,-148.0,10.0,1.774946
22.0,-146.0,10.0,1.8398911
22.0,-144.0,10.0,1.7914529
22.0,-142.0,10.0,1.75296
22.0,-140.0,10.0,1.7447025
22.0,-138.0,10.0,1.8186221
22.0,-136.0,10.0,1.9181336
22.0,-134.0,10.0,1.9816456
22.0,-132.0,10.0,1.9626662
22.0,-130.0,10.0,1.85619
22.0,-128.0,10.0,1.8821157
22.0,-126.0,10.0,1.935607
22.0,-124.0,10.0,1.8915629
22.0,-122.0,10.0,1.8780155
22.0,-120.0,10.0,1.9348778
22.0,-118.0,10.0,2.0094705
22.0,-116.0,10.0,2.1075077
22.0,-114.0,10.0,2.096684
22.0,-112.0,10.0,2.0629258
22.0,-110.0,10.0,2.0736012
22.0,-108.0,10.0,2.1011531
22.0,-106.0,10.0,2.1508367
22.0,-104.0,10.0,2.2773454
22.0,-102.0,10.0,2.3727865
22.0,-100.0,10.0,2.4340446
22.0,-98.0,10.0,2.344753
22.0,-96.0,10.0,2.3549368
22.0,-94.0,10.0,2.3537626
22.0,-92.0,10.0,2.341006
22.0,-90.0,10.0,2.5030088
22.0,-88.0,10.0,2.737396
22.0,-86.0,10.0,2.818668
22.0,-84.0,10.0,2.6814594
22.0,-82.0,10.0,2.5787842
22.0,-80.0,10.0,2.600114
22.0,-78.0,10.0,2.467424
22.0,-76.0,10.0,2.4196377
22.0,-74.0,10.0,2.4832594
22.0,-72.0,10.0,2.4609156
22.0,-70.0,10.0,2.292628
22.0,-68.0,10.0,2.145002
22.0,-66.0,10.0,2.0954804
22.0,-64.0,10.0,1.9980615
22.0,-62.0,10.0,1.9615668
22.0,-60.0,10.0,1.948375
22.0,-58.0,10.0,2.071622
22.0,-56.0,10.0,2.1716504
22.0,-54.0,10.0,2.0693479
22.0,-52.0,10.0,1.9207838
22.0,-50.0,10.0,1.8386815
22.0,-48.0,10.0,1.8159574
22.0,-46.0,10.0,1.7716964
22.0,-44.0,10.0,1.7532165
22.0,-42.0,10.0,1.6876678
22.0,-40.0,10.0,1.710258
22.0,-38.0,10.0,1.7827332
22.0,-36.0,10.0,1.77912
22.0,-34.0,10.0,1.7625203
22.0,-32.0,10.0,1.6657734
22.0,-30.0,10.0,1.5991942
22.0,-28.0,10.0,1.6156054
22.0,-26.0,10.0,1.7359009
22.0,-24.0,10.0,1.7821186
22.0,-22.0,10.0,1.715095
22.0,-20.0,10.0,1.5950524
22.0,-18.0,10.0,1.5659624
22.0,-16.0,10.0,1.5032852
22.0,-14.0,10.0,1.4229702
22.0,-12.0,10.0,1.4990326
22.0,-10.0,10.0,1.5345247
22.0,-8.0,10.0,1.5462525
22.0,-6.0,10.0,1.5949384
22.0,-4.0,10.0,1.6045203
22.0,-2.0,10.0,1.5661284
22.0,0.0,10.0,1.5757403
22.0,2.0,10.0,1.6146692
22.0,4.0,10.0,1.6686172
22.0,6.0,10.0,1.6574816
22.0,8.0,10.0,1.6790069
22.0,10.0,10.0,1.6126512
22.0,12.0,10.0,1.5504384
22.0,14.0,10.0,1.5037044
22.0,16.0,10.0,1.5101844
22.0,18.0,10.0,1.519159
22.0,20.0,10.0,1.5308391
22.0,22.0,10.0,1.6086882
22.0,24.0,10.0,1.6638697
22.0,26.0,10.0,1.5926244
22.0,28.0,10.0,1.5943352
22.0,30.0,10.0,1.5568154
22.0,32.0,10.0,1.4727472
22.0,34.0,10.0,1.4445456
22.0,36.0,10.0,1.457032
22.0,38.0,10.0,1.4907262
22.0,40.0,10.0,1.5194248
22.0,42.0,10.0,1.4421011
22.0,44.0,10.0,1.3752978
22.0,46.0,10.0,1.3824091
22.0,48.0,10.0,1.4134974
22.0,50.0,10.0,1.4768261
22.0,52.0,10.0,1.4787508
22.0,54.0,10.0,1.4338582
22.0,56.0,10.0,1.4769005
22.0,58.0,10.0,1.5080254
22.0,60.0,10.0,1.4948999
22.0,62.0,10.0,1.4482958
22.0,64.0,10.0,1.4498138
22.0,66.0,10.0,1.5781839
22.0,68.0,10.0,1.6092422
22.0,70.0,10.0,1.4785132
22.0,72.0,10.0,1.5068744
22.0,74.0,10.0,1.4837011
22.0,76.0,10.0,1.4384694
22.0,78.0,10.0,1.4179842
22.0,80.0,10.0,1.4602089
22.0,82.0,10.0,1.6613387
22.0,84.0,10.0,1.6523302
22.0,86.0,10.0,1.566425
22.0,88.0,10.0,1.5586097
22.0,90.0,10.0,1.4757671
22.0,92.0,10.0,1.4674995
22.0,94.0,10.0,1.4980228
22.0,96.0,10.0,1.6138678
22.0,98.0,10.0,1.5828621
22.0,100.0,10.0,1.4509987
22.0,102.0,10.0,1.4366754
22.0,104.0,10.0,1.4212787
22.0,106.0,10.0,1.4162096
22.0,108.0,10.0,1.4552792
22.0,110.0,10.0,1.4822041
22.0,112.0,10.0,1.5929607
22.0,114.0,10.0,1.5687791
22.0,116.0,10.0,1.5657105
22.0,118.0,10.0,1.5686185
22.0,120.0,10.0,1.5004234
22.0,122.0,10.0,1.4284526
22.0,124.0,10.0,1.4543593
22.0,126.0,10.0,1.4538296
22.0,128.0,10.0,1.5023826
22.0,130.0,10.0,1.4722854
22.0,132.0,10.0,1.470553
22.0,134.0,10.0,1.490015
22.0,136.0,10.0,1.4504055
22.0,138.0,10.0,1.4596337
22.0,140.0,10.0,1.5066799
22.0,142.0,10.0,1.4886732
22.0,144.0,10.0,1.4135566
22.0,146.0,10.0,1.4128575
22.0,148.0,10.0,1.4537529
22.0,150.0,10.0,1.5068388
22.0,152.0,10.0,1.4729707
22.0,154.0,10.0,1.4694213
22.0,156.0,10.0,1.5394839
22.0,158.0,10.0,1.575929
22.0,160.0,10.0,1.5432012
22.0,162.0,10.0,1.5403084
22.0,164.0,10.0,1.5429368
22.0,166.0,10.0,1.5163792
22.0,168.0,10.0,1.5226016
22.0,170.0,10.0,1.5588952
22.0,172.0,10.0,1.6598675
22.0,174.0,10.0,1.6076463
22.0,176.0,10.0,1.6265658
22.0,178.0,10.0,1.6241581
22.0,180.0,10.0,1.6352048
24.0,-180.0,10.0,1.59722
24.0,-178.0,10.0,1.7252355
24.0,-176.0,10.0,1.7905658
24.0,-174.0,10.0,1.6771502
24.0,-172.0,10.0,1.6492264
24.0,-170.0,10.0,1.6827613
24.0,-168.0,10.0,1.6226448
24.0,-166.0,10.0,1.5672551
24.0,-164.0,10.0,1.6752417
24.0,-162.0,10.0,1.7052671
24.0,-160.0,10.0,1.6880325
24.0,-158.0,10.0,1.761162
24.0,-156.0,10.0,1.789619
24.0,-154.0,10.0,1.7483859
24.0,-152.0,10.0,1.691556
24.0,-150.0,10.0,1.6757622
24.0,-148.0,10.0,1.7374996
24.0,-146.0,10.0,1.7898797
24.0,-144.0,10.0,1.749607
24.0,-142.0,10.0,1.7033606
24.0,-140.0,10.0,1.7214417
24.0,-138.0,10.0,1.7505674
24.0,-136.0,10.0,1.8849597
24.0,-134.0,10.0,1.9652584
24.0,-132.0,10.0,1.9527116
24.0,-130.0,10.0,1.9231259
24.0,-128.0,10.0,1.9098893
24.0,-126.0,10.0,1.8948805
24.0,-124.0,10.0,1.9133879
24.0,-122.0,10.0,1.8838344
24.0,-120.0,10.0,1.9588015
24.0,-118.0,10.0,2.0626333
24.0,-116.0,10.0,2.0748513
24.0,-114.0,10.0,2.127173
24.0,-112.0,10.0,2.1038916
24.0,-110.0,10.0,2.127711
24.0,-108.0,10.0,2.0844922
24.0,-106.0,10.0,2.1481833
24.0,-104.0,10.0,2.2232103
24.0,-102.0,10.0,2.319704
24.0,-100.0,10.0,2.4159179
24.0,-98.0,10.0,2.3827662
24.0,-96.0,10.0,2.4049296
24.0,-94.0,10.0,2.4211519
24.0,-92.0,10.0,2.3938737
24.0,-90.0,10.0,2.4965596
24.0,-88.0,10.0,2.6341054
24.0,-86.0,10.0,2.7208362
24.0,-84.0,10.0,2.6818686
24.0,-82.0,10.0,2.5832896
24.0,-80.0,10.0,2.598256
24.0,-78.0,10.0,2.454952
24.0,-76.0,10.0,2.3958707
24.0,-74.0,10.0,2.3960915
24.0,-72.0,10.0,2.424261
24.0,-70.0,10.0,2.3563108
24.0,-68.0,10.0,2.2395976
24.0,-66.0,10.0,2.1824038
24.0,-64.0,10.0,2.0919085
24.0,-62.0,10.0,1.9988375
24.0,-60.0,10.0,2.0031803
24.0,-58.0,10.0,2.1070993
24.0,-56.0,10.0,2.108626
24.0,-54.0,10.0,2.0299547
24.0,-52.0,10.0,1.9018271
24.0,-50.0,10.0,1.8468564
24.0,-48.0,10.0,1.8223367
24.0,-46.0,10.0,1.7635279
24.0,-44.0,10.0,1.6918138
24.0,-42.0,10.0,1.6513548
24.0,-40.0,10.0,1.6874919
24.0,-38.0,10.0,1.7437061
24.0,-36.0,10.0,1.7492015
24.0,-34.0,10.0,1.7282126
24.0,-32.0,10.0,1.6649688
24.0,-30.0,10.0,1.625227
24.0,-28.0,10.0,1.6409622
24.0,-26.0,10.0,1.7276573
24.0,-24.0,10.0,1.7790656
24.0,-22.0,10.0,1.6883154
24.0,-20.0,10.0,1.5532907
24.0,-18.0,10.0,1.5597475
24.0,-16.0,10.0,1.5291041
24.0,-14.0,10.0,1.4223729
24.0,-12.0,10.0,1.4844555
24.0,-10.0,10.0,1.497376
24.0,-8.0,10.0,1.4648563
24.0,-6.0,10.0,1.5347184
24.0,-4.0,10.0,1.5501467
24.0,-2.0,10.0,1.5089605
24.0,0.0,10.0,1.4811481
24.0,2.0,10.0,1.5500386
24.0,4.0,10.0,1.5723106
24.0,6.0,10.0,1.5427154
24.0,8.0,10.0,1.5520868
24.0,10.0,10.0,1.4820065
24.0,12.0,10.0,1.4440536
24.0,14.0,10.0,1.3928992
24.0,16.0,10.0,1.409916
24.0,18.0,10.0,1.4393864
24.0,20.0,10.0,1.4298434
24.0,22.0,10.0,1.5186437
24.0,24.0,10.0,1.5755994
24.0,26.0,10.0,1.5228221
24.0,28.0,10.0,1.5223747
24.0,30.0,10.0,1.4576964
24.0,32.0,10.0,1.3966672
24.0,34.0,10.0,1.3969641
24.0,36.0,10.0,1.4011312
24.0,38.0,10.0,1.4300524
24.0,40.0,10.0,1.4112294
24.0,42.0,10.0,1.3246776
24.0,44.0,10.0,1.268127
24.0,46.0,10.0,1.2828629
24.0,48.0,10.0,1.3338084
24.0,50.0,10.0,1.3848559
24.0,52.0,10.0,1.3792164
24.0,54.0,10.0,1.365203
24.0,56.0,10.0,1.4181271
24.0,58.0,10.0,1.4395622
24.0,60.0,10.0,1.4140172
24.0,62.0,10.0,1.37912
24.0,64.0,10.0,1.3957529
24.0,66.0,10.0,1.4950695
24.0,68.0,10.0,1.5247068
24.0,70.0,10.0,1.4020172
24.0,72.0,10.0,1.4394535
24.0,74.0,10.0,1.4244195
24.0,76.0,10.0,1.3524514
24.0,78.0,10.0,1.3335445
24.0,80.0,10.0,1.3907826
24.0,82.0,10.0,1.5426878
24.0,84.0,10.0,1.5144361
24.0,86.0,10.0,1.4154671
24.0,88.0,10.0,1.4316691
24.0,90.0,10.0,1.3653582
24.0,92.0,10.0,1.3670957
24.0,94.0,10.0,1.4127139
24.0,96.0,10.0,1.5183319
24.0,98.0,10.0,1.4859421
24.0,100.0,10.0,1.3627346
24.0,102.0,10.0,1.3515407
24.0,104.0,10.0,1.3351555
24.0,106.0,10.0,1.2866687
24.0,108.0,10.0,1.3181846
24.0,110.0,10.0,1.4120789
24.0,112.0,10.0,1.4713805
24.0,114.0,10.0,1.4299978
24.0,116.0,10.0,1.4386258
24.0,118.0,10.0,1.4626198
24.0,120.0,10.0,1.4203271
24.0,122.0,10.0,1.330061
24.0,124.0,10.0,1.3165224
24.0,126.0,10.0,1.3884164
24.0,128.0,10.0,1.4219427
24.0,130.0,10.0,1.3830097
24.0,132.0,10.0,1.3772879
24.0,134.0,10.0,1.4324714
24.0,136.0,10.0,1.4157795
24.0,138.0,10.0,1.3870811
24.0,140.0,10.0,1.3940667
24.0,142.0,10.0,1.375999
24.0,144.0,10.0,1.3405653
24.0,146.0,10.0,1.3678504
24.0,148.0,10.0,1.3970104
24.0,150.0,10.0,1.4045
24.0,152.0,10.0,1.4260465
24.0,154.0,10.0,1.3840405
24.0,156.0,10.0,1.4054772
24.0,158.0,10.0,1.4740885
24.0,160.0,10.0,1.4754889
24.0,162.0,10.0,1.4609141
24.0,164.0,10.0,1.4680289
24.0,166.0,10.0,1.4429177
24.0,168.0,10.0,1.4898584
24.0,170.0,10.0,1.4935008
24.0,172.0,10.0,1.575372
24.0,174.0,10.0,1.5516934
24.0,176.0,10.0,1.620372
24.0,178.0,10.0,1.6171287
24.0,180.0,10.0,1.59722
26.0,-180.0,10.0,1.5956614
26.0,-178.0,10.0,1.7159932
26.0,-176.0,10.0,1.7720257
26.0,-174.0,10.0,1.6570337
26.0,-172.0,10.0,1.6115474
26.0,-170.0,10.0,1.6617934
26.0,-168.0,10.0,1.6291661
26.0,-166.0,10.0,1.5459199
26.0,-164.0,10.0,1.6533712
26.0,-162.0,10.0,1.6818638
26.0,-160.0,10.0,1.6528087
26.0,-158.0,10.0,1.7185082
26.0,-156.0,10.0,1.7235278
26.0,-154.0,10.0,1.7363607
26.0,-152.0,10.0,1.7040957
26.0,-150.0,10.0,1.6885877
26.0,-148.0,10.0,1.7332331
26.0,-146.0,10.0,1.7915179
26.0,-144.0,10.0,1.7929659
26.0,-142.0,10.0,1.7425023
26.0,-140.0,10.0,1.757764
26.0,-138.0,10.0,1.7774998
26.0,-136.0,10.0,1.8316413
26.0,-134.0,10.0,1.9113728
26.0,-132.0,10.0,1.9137208
26.0,-130.0,10.0,1.8742265
26.0,-128.0,10.0,1.8710186
26.0,-126.0,10.0,1.9167129
26.0,-124.0,10.0,1.968672
26.0,-122.0,10.0,1.9328967
26.0,-120.0,10.0,1.9774774
26.0,-118.0,10.0,2.061495
26.0,-116.0,10.0,2.052594
26.0,-114.0,10.0,2.086368
26.0,-112.0,10.0,2.079533
26.0,-110.0,10.0,2.1470659
26.0,-108.0,10.0,2.176454
26.0,-106.0,10.0,2.1869314
26.0,-104.0,10.0,2.249477
26.0,-102.0,10.0,2.3609333
26.0,-100.0,10.0,2.4444134
26.0,-98.0,10.0,2.3973193
26.0,-96.0,10.0,2.4165752
26.0,-94.0,10.0,2.494592
26.0,-92.0,10.0,2.5056934
26.0,-90.0,10.0,2.5818665
26.0,-88.0,10.0,2.6335292
26.0,-86.0,10.0,2.692115
26.0,-84.0,10.0,2.664418
26.0,-82.0,10.0,2.5395083
26.0,-80.0,10.0,2.5830483
26.0,-78.0,10.0,2.4923983
26.0,-76.0,10.0,2.3886325
26.0,-74.0,10.0,2.41033
26.0,-72.0,10.0,2.4075704
26.0,-70.0,10.0,2.3370452
26.0,-68.0,10.0,2.2081048
26.0,-66.0,10.0,2.1973846
26.0,-64.0,10.0,2.1654847
26.0,-62.0,10.0,2.0885644
26.0,-60.0,10.0,2.0931716
26.0,-58.0,10.0,2.153009
26.0,-56.0,10.0,2.1523128
26.0,-54.0,10.0,2.003447
26.0,-52.0,10.0,1.8765397
26.0,-50.0,10.0,1.8292603
26.0,-48.0,10.0,1.7971574
26.0,-46.0,10.0,1.7636315
26.0,-44.0,10.0,1.705788
26.0,-42.0,10.0,1.6898403
26.0,-40.0,10.0,1.7093549
26.0,-38.0,10.0,1.724905
26.0,-36.0,10.0,1.7357681
26.0,-34.0,10.0,1.7292969
26.0,-32.0,10.0,1.668044
26.0,-30.0,10.0,1.6205908
26.0,-28.0,10.0,1.6991624
26.0,-26.0,10.0,1.7564003
26.0,-24.0,10.0,1.782517
26.0,-22.0,10.0,1.6834359
26.0,-20.0,10.0,1.5720055
26.0,-18.0,10.0,1.6245775
26.0,-16.0,10.0,1.5638318
26.0,-14.0,10.0,1.442684
26.0,-12.0,10.0,1.5432487
26.0,-10.0,10.0,1.5534891
26.0,-8.0,10.0,1.5130813
26.0,-6.0,10.0,1.6037368
26.0,-4.0,10.0,1.6512246
26.0,-2.0,10.0,1.5729579
26.0,0.0,10.0,1.5245854
26.0,2.0,10.0,1.5921504
26.0,4.0,10.0,1.6080043
26.0,6.0,10.0,1.571091
26.0,8.0,10.0,1.555519
26.0,10.0,10.0,1.4671382
26.0,12.0,10.0,1.4438281
26.0,14.0,10.0,1.4028699
26.0,16.0,10.0,1.4205649
26.0,18.0,10.0,1.5060405
26.0,20.0,10.0,1.5015016
26.0,22.0,10.0,1.5233111
26.0,24.0,10.0,1.5709211
26.0,26.0,10.0,1.5460799
26.0,28.0,10.0,1.5317334
26.0,30.0,10.0,1.4715462
26.0,32.0,10.0,1.3996955
26.0,34.0,10.0,1.4164783
26.0,36.0,10.0,1.4135369
26.0,38.0,10.0,1.4270033
26.0,40.0,10.0,1.4138129
26.0,42.0,10.0,1.3534945
26.0,44.0,10.0,1.2924887
26.0,46.0,10.0,1.3123885
26.0,48.0,10.0,1.3587995
26.0,50.0,10.0,1.4442313
26.0,52.0,10.0,1.4234575
26.0,54.0,10.0,1.4393913
26.0,56.0,10.0,1.4756644
26.0,58.0,10.0,1.4781595
26.0,60.0,10.0,1.4281702
26.0,62.0,10.0,1.4133278
26.0,64.0,10.0,1.4723872
26.0,66.0,10.0,1.4977204
26.0,68.0,10.0,1.4798573
26.0,70.0,10.0,1.4273425
26.0,72.0,10.0,1.438904
26.0,74.0,10.0,1.4516326
26.0,76.0,10.0,1.388484
26.0,78.0,10.0,1.370193
26.0,80.0,10.0,1.4168046
26.0,82.0,10.0,1.5177295
26.0,84.0,10.0,1.507123
26.0,86.0,10.0,1.4158037
26.0,88.0,10.0,1.4336344
26.0,90.0,10.0,1.3888956
26.0,92.0,10.0,1.369651
26.0,94.0,10.0,1.4206686
26.0,96.0,10.0,1.4931755
26.0,98.0,10.0,1.4590743
26.0,100.0,10.0,1.371037
26.0,102.0,10.0,1.382891
26.0,104.0,10.0,1.3543946
26.0,106.0,10.0,1.3332858
26.0,108.0,10.0,1.3476441
26.0,110.0,10.0,1.3780845
26.0,112.0,10.0,1.4371911
26.0,114.0,10.0,1.3864236
26.0,116.0,10.0,1.4177008
26.0,118.0,10.0,1.4146609
26.0,120.0,10.0,1.394282
26.0,122.0,10.0,1.3672101
26.0,124.0,10.0,1.3680569
26.0,126.0,10.0,1.3895408
26.0,128.0,10.0,1.3963933
26.0,130.0,10.0,1.3790903
26.0,132.0,10.0,1.3906657
26.0,134.0,10.0,1.3885345
26.0,136.0,10.0,1.372065
26.0,138.0,10.0,1.4047616
26.0,140.0,10.0,1.4362409
26.0,142.0,10.0,1.4022229
26.0,144.0,10.0,1.4008853
26.0,146.0,10.0,1.4406222
26.0,148.0,10.0,1.4393616
26.0,150.0,10.0,1.4440678
26.0,152.0,10.0,1.4311607
26.0,154.0,10.0,1.4139589
26.0,156.0,10.0,1.4570637
26.0,158.0,10.0,1.5047542
26.0,160.0,10.0,1.5032411
26.0,162.0,10.0,1.4914935
26.0,164.0,10.0,1.5109835
26.0,166.0,10.0,1.4854927
26.0,168.0,10.0,1.5016466
26.0,170.0,10.0,1.4951004
26.0,172.0,10.0,1.5975552
26.0,174.0,10.0,1.5454865
26.0,176.0,10.0,1.6238047
26.0,178.0,10.0,1.6670611
26.0,180.0,10.0,1.5956614
28.0,-180.0,10.0,1.6170273
28.0,-178.0,10.0,1.7304044
28.0,-176.0,10.0,1.8032068
28.0,-174.0,10.0,1.6760335
28.0,-172.0,10.0,1.6590213
28.0,-170.0,10.0,1.6929163
28.0,-168.0,10.0,1.6441476
28.0,-166.0,10.0,1.5992206
28.0,-164.0,10.0,1.7249957
28.0,-162.0,10.0,1.718421
28.0,-160.0,10.0,1.7222828
28.0,-158.0,10.0,1.8002405
28.0,-156.0,10.0,1.848306
28.0,-154.0,10.0,1.8517845
28.0,-152.0,10.0,1.7798777
28.0,-150.0,10.0,1.7495295
28.0,-148.0,10.0,1.7921365
28.0,-146.0,10.0,1.8526249
28.0,-144.0,10.0,1.8107728
28.0,-142.0,10.0,1.8135232
28.0,-140.0,10.0,1.8278195
28.0,-138.0,10.0,1.8521068
28.0,-136.0,10.0,1.9341623
28.0,-134.0,10.0,1.9976479
28.0,-132.0,10.0,2.0103526
28.0,-130.0,10.0,1.9489992
28.0,-128.0,10.0,1.9131662
28.0,-126.0,10.0,1.9409541
28.0,-124.0,10.0,1.9936634
28.0,-122.0,10.0,2.0442793
28.0,-120.0,10.0,2.0683415
28.0,-118.0,10.0,2.1267276
28.0,-116.0,10.0,2.15146
28.0,-114.0,10.0,2.192983
28.0,-112.0,10.0,2.1784081
28.0,-110.0,10.0,2.234035
28.0,-108.0,10.0,2.2903967
28.0,-106.0,10.0,2.3473134
28.0,-104.0,10.0,2.3472748
28.0,-102.0,10.0,2.440713
28.0,-100.0,10.0,2.5426133
28.0,-98.0,10.0,2.4995773
28.0,-96.0,10.0,2.4840972
28.0,-94.0,10.0,2.5451562
28.0,-92.0,10.0,2.5481658
28.0,-90.0,10.0,2.6909428
28.0,-88.0,10.0,2.7586262
28.0,-86.0,10.0,2.7811382
28.0,-84.0,10.0,2.7527103
28.0,-82.0,10.0,2.640834
28.0,-80.0,10.0,2.661113
28.0,-78.0,10.0,2.5752976
28.0,-76.0,10.0,2.4949977
28.0,-74.0,10.0,2.490123
28.0,-72.0,10.0,2.474933
28.0,-70.0,10.0,2.3913288
28.0,-68.0,10.0,2.2982178
28.0,-66.0,10.0,2.2597096
28.0,-64.0,10.0,2.2197948
28.0,-62.0,10.0,2.1463106
28.0,-60.0,10.0,2.2099793
28.0,-58.0,10.0,2.2586784
28.0,-56.0,10.0,2.2583735
28.0,-54.0,10.0,2.1030188
28.0,-52.0,10.0,1.9802309
28.0,-50.0,10.0,1.9053599
28.0,-48.0,10.0,1.8761598
28.0,-46.0,10.0,1.854624
28.0,-44.0,10.0,1.8352443
28.0,-42.0,10.0,1.8110774
28.0,-40.0,10.0,1.7620654
28.0,-38.0,10.0,1.7681417
28.0,-36.0,10.0,1.8050365
28.0,-34.0,10.0,1.8257054
28.0,-32.0,10.0,1.713441
28.0,-30.0,10.0,1.6458546
28.0,-28.0,10.0,1.7589376
28.0,-26.0,10.0,1.8197231
28.0,-24.0,10.0,1.8251721
28.0,-22.0,10.0,1.7097034
28.0,-20.0,10.0,1.5918388
28.0,-18.0,10.0,1.6338084
28.0,-16.0,10.0,1.55845
28.0,-14.0,10.0,1.4582721
28.0,-12.0,10.0,1.5853562
28.0,-10.0,10.0,1.5974116
28.0,-8.0,10.0,1.5822654
28.0,-6.0,10.0,1.6564777
28.0,-4.0,10.0,1.7117388
28.0,-2.0,10.0,1.6232864
28.0,0.0,10.0,1.5768521
28.0,2.0,10.0,1.6134249
28.0,4.0,10.0,1.6355008
28.0,6.0,10.0,1.599063
28.0,8.0,10.0,1.5808426
28.0,10.0,10.0,1.5361732
28.0,12.0,10.0,1.5052258
28.0,14.0,10.0,1.4590864
28.0,16.0,10.0,1.4799412
28.0,18.0,10.0,1.5553269
28.0,20.0,10.0,1.557135
28.0,22.0,10.0,1.5846152
28.0,24.0,10.0,1.6134067
28.0,26.0,10.0,1.5646434
28.0,28.0,10.0,1.5633718
28.0,30.0,10.0,1.5294263
28.0,32.0,10.0,1.4912643
28.0,34.0,10.0,1.4897054
28.0,36.0,10.0,1.4746214
28.0,38.0,10.0,1.4568133
28.0,40.0,10.0,1.4591498
28.0,42.0,10.0,1.4303616
28.0,44.0,10.0,1.3705487
28.0,46.0,10.0,1.3669953
28.0,48.0,10.0,1.4250928
28.0,50.0,10.0,1.4899108
28.0,52.0,10.0,1.4832877
28.0,54.0,10.0,1.500782
28.0,56.0,10.0,1.5414845
28.0,58.0,10.0,1.5248475
28.0,60.0,10.0,1.4744209
28.0,62.0,10.0,1.4533601
28.0,64.0,10.0,1.4905777
28.0,66.0,10.0,1.5045384
28.0,68.0,10.0,1.4895505
28.0,70.0,10.0,1.4420276
28.0,72.0,10.0,1.4742982
28.0,74.0,10.0,1.4893758
28.0,76.0,10.0,1.4577862
28.0,78.0,10.0,1.4467249
28.0,80.0,10.0,1.4622368
28.0,82.0,10.0,1.5555648
28.0,84.0,10.0,1.5457481
28.0,86.0,10.0,1.4619638
28.0,88.0,10.0,1.4565527
28.0,90.0,10.0,1.417762
28.0,92.0,10.0,1.4088426
28.0,94.0,10.0,1.4498469
28.0,96.0,10.0,1.500632
28.0,98.0,10.0,1.4912388
28.0,100.0,10.0,1.4244391
28.0,102.0,10.0,1.422357
28.0,104.0,10.0,1.4329563
28.0,106.0,10.0,1.4058694
28.0,108.0,10.0,1.4135164
28.0,110.0,10.0,1.4333051
28.0,112.0,10.0,1.4913923
28.0,114.0,10.0,1.4883503
28.0,116.0,10.0,1.4583552
28.0,118.0,10.0,1.4424562
28.0,120.0,10.0,1.4399279
28.0,122.0,10.0,1.3990637
28.0,124.0,10.0,1.3899683
28.0,126.0,10.0,1.4022992
28.0,128.0,10.0,1.4029839
28.0,130.0,10.0,1.4108559
28.0,132.0,10.0,1.3870342
28.0,134.0,10.0,1.4037678
28.0,136.0,10.0,1.4096663
28.0,138.0,10.0,1.4304739
28.0,140.0,10.0,1.4665617
28.0,142.0,10.0,1.4292443
28.0,144.0,10.0,1.4385544
28.0,146.0,10.0,1.4843616
28.0,148.0,10.0,1.4707211
28.0,150.0,10.0,1.4620749
28.0,152.0,10.0,1.4686607
28.0,154.0,10.0,1.4503539
28.0,156.0,10.0,1.4778974
28.0,158.0,10.0,1.5232415
28.0,160.0,10.0,1.5268502
28.0,162.0,10.0,1.5024761
28.0,164.0,10.0,1.5190961
28.0,166.0,10.0,1.4583514
28.0,168.0,10.0,1.5089295
28.0,170.0,10.0,1.519577
28.0,172.0,10.0,1.6051177
28.0,174.0,10.0,1.5613651
28.0,176.0,10.0,1.6610091
28.0,178.0,10.0,1.6978042
28.0,180.0,10.0,1.6170273
30.0,-180.0,10.0,1.716444
30.0,-178.0,10.0,1.7760304
30.0,-176.0,10.0,1.8515044
30.0,-174.0,10.0,1.7639495
30.0,-172.0,10.0,1.7266309
30.0,-170.0,10.0,1.7558825
30.0,-168.0,10.0,1.7461058
30.0,-166.0,10.0,1.6826141
30.0,-164.0,10.0,1.7348366
30.0,-162.0,10.0,1.7508718
30.0,-160.0,10.0,1.8810325
30.0,-158.0,10.0,2.0299466
30.0,-156.0,10.0,2.1095548
30.0,-154.0,10.0,2.1556013
30.0,-152.0,10.0,2.0349228
30.0,-150.0,10.0,1.8878515
30.0,-148.0,10.0,1.9188297
30.0,-146.0,10.0,1.9728466
30.0,-144.0,10.0,2.023144
30.0,-142.0,10.0,2.006037
30.0,-140.0,10.0,2.011239
30.0,-138.0,10.0,2.1198308
30.0,-136.0,10.0,2.2296836
30.0,-134.0,10.0,2.2441494
30.0,-132.0,10.0,2.2512186
30.0,-130.0,10.0,2.2143319
30.0,-128.0,10.0,2.190258
30.0,-126.0,10.0,2.204964
30.0,-124.0,10.0,2.2759585
30.0,-122.0,10.0,2.3315628
30.0,-120.0,10.0,2.3437445
30.0,-118.0,10.0,2.3708336
30.0,-116.0,10.0,2.444622
30.0,-114.0,10.0,2.5439074
30.0,-112.0,10.0,2.5224166
30.0,-110.0,10.0,2.529488
30.0,-108.0,10.0,2.5621612
30.0,-106.0,10.0,2.6270685
30.0,-104.0,10.0,2.6778462
30.0,-102.0,10.0,2.6595945
30.0,-100.0,10.0,2.7169788
30.0,-98.0,10.0,2.693292
30.0,-96.0,10.0,2.7053485
30.0,-94.0,10.0,2.7169662
30.0,-92.0,10.0,2.687361
30.0,-90.0,10.0,2.811236
30.0,-88.0,10.0,2.9134007
30.0,-86.0,10.0,2.9419653
30.0,-84.0,10.0,2.9264796
30.0,-82.0,10.0,2.8502078
30.0,-80.0,10.0,2.838748
30.0,-78.0,10.0,2.7829652
30.0,-76.0,10.0,2.7747786
30.0,-74.0,10.0,2.8062665
30.0,-72.0,10.0,2.7243886
30.0,-70.0,10.0,2.6661737
30.0,-68.0,10.0,2.5935354
30.0,-66.0,10.0,2.476093
30.0,-64.0,10.0,2.3848891
30.0,-62.0,10.0,2.3211603
30.0,-60.0,10.0,2.4091153
30.0,-58.0,10.0,2.4646156
30.0,-56.0,10.0,2.4916387
30.0,-54.0,10.0,2.391601
30.0,-52.0,10.0,2.2645476
30.0,-50.0,10.0,2.181846
30.0,-48.0,10.0,2.154273
30.0,-46.0,10.0,2.1092427
30.0,-44.0,10.0,2.074417
30.0,-42.0,10.0,2.008725
30.0,-40.0,10.0,1.9308923
30.0,-38.0,10.0,1.9630952
30.0,-36.0,10.0,1.9993466
30.0,-34.0,10.0,1.9762006
30.0,-32.0,10.0,1.8880446
30.0,-30.0,10.0,1.7819798
30.0,-28.0,10.0,1.8345566
30.0,-26.0,10.0,1.9087629
30.0,-24.0,10.0,1.9071895
30.0,-22.0,10.0,1.7946782
30.0,-20.0,10.0,1.7078617
30.0,-18.0,10.0,1.7410266
30.0,-16.0,10.0,1.6397855
30.0,-14.0,10.0,1.5611098
30.0,-12.0,10.0,1.6591876
30.0,-10.0,10.0,1.6757259
30.0,-8.0,10.0,1.6229385
30.0,-6.0,10.0,1.689326
30.0,-4.0,10.0,1.7509303
30.0,-2.0,10.0,1.7549944
30.0,0.0,10.0,1.6540208
30.0,2.0,10.0,1.6759348
30.0,4.0,10.0,1.6787763
30.0,6.0,10.0,1.621265
30.0,8.0,10.0,1.6556034
30.0,10.0,10.0,1.5923455
30.0,12.0,10.0,1.5759338
30.0,14.0,10.0,1.4999381
30.0,16.0,10.0,1.5451218
30.0,18.0,10.0,1.6057137
30.0,20.0,10.0,1.6039529
30.0,22.0,10.0,1.6650412
30.0,24.0,10.0,1.6936533
30.0,26.0,10.0,1.6150582
30.0,28.0,10.0,1.6036993
30.0,30.0,10.0,1.6092414
30.0,32.0,10.0,1.5911362
30.0,34.0,10.0,1.5314926
30.0,36.0,10.0,1.506436
30.0,38.0,10.0,1.5128057
30.0,40.0,10.0,1.5730338
30.0,42.0,10.0,1.5065333
30.0,44.0,10.0,1.4225225
30.0,46.0,10.0,1.4016486
30.0,48.0,10.0,1.4582912
30.0,50.0,10.0,1.5186388
30.0,52.0,10.0,1.5335953
30.0,54.0,10.0,1.5225881
30.0,56.0,10.0,1.4998931
30.0,58.0,10.0,1.501563
30.0,60.0,10.0,1.4813496
30.0,62.0,10.0,1.4323013
30.0,64.0,10.0,1.4563664
30.0,66.0,10.0,1.5323929
30.0,68.0,10.0,1.5406079
30.0,70.0,10.0,1.429403
30.0,72.0,10.0,1.5033382
30.0,74.0,10.0,1.5029162
30.0,76.0,10.0,1.4505558
30.0,78.0,10.0,1.4407458
30.0,80.0,10.0,1.4269292
30.0,82.0,10.0,1.5635206
30.0,84.0,10.0,1.5678405
30.0,86.0,10.0,1.4607772
30.0,88.0,10.0,1.4545614
30.0,90.0,10.0,1.4161942
30.0,92.0,10.0,1.4081291
30.0,94.0,10.0,1.4612794
30.0,96.0,10.0,1.5555192
30.0,98.0,10.0,1.515923
30.0,100.0,10.0,1.4174556
30.0,102.0,10.0,1.4004784
30.0,104.0,10.0,1.4547118
30.0,106.0,10.0,1.4464388
30.0,108.0,10.0,1.426877
30.0,110.0,10.0,1.4217498
30.0,112.0,10.0,1.5056471
30.0,114.0,10.0,1.5348754
30.0,116.0,10.0,1.4964869
30.0,118.0,10.0,1.4867506
30.0,120.0,10.0,1.4607055
30.0,122.0,10.0,1.4000491
30.0,124.0,10.0,1.3395827
30.0,126.0,10.0,1.3661014
30.0,128.0,10.0,1.4138492
30.0,130.0,10.0,1.4348241
30.0,132.0,10.0,1.3817478
30.0,134.0,10.0,1.4792006
30.0,136.0,10.0,1.4774307
30.0,138.0,10.0,1.4549587
30.0,140.0,10.0,1.4796803
30.0,142.0,10.0,1.4159006
30.0,144.0,10.0,1.3931564
30.0,146.0,10.0,1.3777174
30.0,148.0,10.0,1.4420706
30.0,150.0,10.0,1.4638768
30.0,152.0,10.0,1.512312
30.0,154.0,10.0,1.5295666
30.0,156.0,10.0,1.5468386
30.0,158.0,10.0,1.541128
30.0,160.0,10.0,1.5831602
30.0,162.0,10.0,1.5632493
30.0,164.0,10.0,1.5402582
30.0,166.0,10.0,1.572265
30.0,168.0,10.0,1.6049101
30.0,170.0,10.0,1.5998974
30.0,172.0,10.0,1.7345244
30.0,174.0,10.0,1.7317668
30.0,176.0,10.0,1.7667506
30.0,178.0,10.0,1.7667276
30.0,180.0,10.0,1.716444
32.0,-180.0,10.0,1.8957326
32.0,-178.0,10.0,1.9080664
32.0,-176.0,10.0,1.9410123
32.0,-174.0,10.0,1.9352722
32.0,-172.0,10.0,1.9107453
32.0,-170.0,10.0,1.9075582
32.0,-168.0,10.0,1.8906553
32.0,-166.0,10.0,1.8129582
32.0,-164.0,10.0,1.7728908
32.0,-162.0,10.0,1.8206143
32.0,-160.0,10.0,2.0275562
32.0,-158.0,10.0,2.2044644
32.0,-156.0,10.0,2.2759833
32.0,-154.0,10.0,2.3121471
32.0,-152.0,10.0,2.2491276
32.0,-150.0,10.0,2.1271777
32.0,-148.0,10.0,2.10717
32.0,-146.0,10.0,2.1440063
32.0,-144.0,10.0,2.2229455
32.0,-142.0,10.0,2.2644703
32.0,-140.0,10.0,2.2921839
32.0,-138.0,10.0,2.3912714
32.0,-136.0,10.0,2.4640973
32.0,-134.0,10.0,2.487151
32.0,-132.0,10.0,2.5047653
32.0,-130.0,10.0,2.4497814
32.0,-128.0,10.0,2.41281
32.0,-126.0,10.0,2.4348648
32.0,-124.0,10.0,2.5357592
32.0,-122.0,10.0,2.5733461
32.0,-120.0,10.0,2.6180964
32.0,-118.0,10.0,2.6707258
32.0,-116.0,10.0,2.7123103
32.0,-114.0,10.0,2.776487
32.0,-112.0,10.0,2.7724001
32.0,-110.0,10.0,2.792885
32.0,-108.0,10.0,2.8454998
32.0,-106.0,10.0,2.8738272
32.0,-104.0,10.0,2.926502
32.0,-102.0,10.0,2.9329019
32.0,-100.0,10.0,2.91309
32.0,-98.0,10.0,2.8752222
32.0,-96.0,10.0,2.8624296
32.0,-94.0,10.0,2.867055
32.0,-92.0,10.0,2.882703
32.0,-90.0,10.0,2.975061
32.0,-88.0,10.0,3.103298
32.0,-86.0,10.0,3.1348014
32.0,-84.0,10.0,3.1049485
32.0,-82.0,10.0,3.075968
32.0,-80.0,10.0,3.0235307
32.0,-78.0,10.0,3.012105
32.0,-76.0,10.0,3.0729268
32.0,-74.0,10.0,3.1159415
32.0,-72.0,10.0,3.0076873
32.0,-70.0,10.0,2.8874166
32.0,-68.0,10.0,2.7919948
32.0,-66.0,10.0,2.7433782
32.0,-64.0,10.0,2.6720576
32.0,-62.0,10.0,2.5760527
32.0,-60.0,10.0,2.6320336
32.0,-58.0,10.0,2.6418004
32.0,-56.0,10.0,2.6271818
32.0,-54.0,10.0,2.578195
32.0,-52.0,10.0,2.489355
32.0,-50.0,10.0,2.4069662
32.0,-48.0,10.0,2.3353832
32.0,-46.0,10.0,2.2908657
32.0,-44.0,10.0,2.21666
32.0,-42.0,10.0,2.1312828
32.0,-40.0,10.0,2.1151302
32.0,-38.0,10.0,2.1022685
32.0,-36.0,10.0,2.0804758
32.0,-34.0,10.0,2.1099865
32.0,-32.0,10.0,2.0722384
32.0,-30.0,10.0,1.9339846
32.0,-28.0,10.0,1.9407256
32.0,-26.0,10.0,2.0782733
32.0,-24.0,10.0,2.0658808
32.0,-22.0,10.0,1.9186614
32.0,-20.0,10.0,1.8229314
32.0,-18.0,10.0,1.8669635
32.0,-16.0,10.0,1.7839468
32.0,-14.0,10.0,1.6955955
32.0,-12.0,10.0,1.7742327
32.0,-10.0,10.0,1.7733938
32.0,-8.0,10.0,1.7265213
32.0,-6.0,10.0,1.7829381
32.0,-4.0,10.0,1.8433251
32.0,-2.0,10.0,1.8677548
32.0,0.0,10.0,1.8223504
32.0,2.0,10.0,1.8057107
32.0,4.0,10.0,1.8319339
32.0,6.0,10.0,1.7667061
32.0,8.0,10.0,1.7501123
32.0,10.0,10.0,1.7382443
32.0,12.0,10.0,1.6923639
32.0,14.0,10.0,1.6159717
32.0,16.0,10.0,1.6509138
32.0,18.0,10.0,1.7360474
32.0,20.0,10.0,1.7201052
32.0,22.0,10.0,1.7389063
32.0,24.0,10.0,1.7914845
32.0,26.0,10.0,1.7298717
32.0,28.0,10.0,1.6807386
32.0,30.0,10.0,1.7084967
32.0,32.0,10.0,1.6663139
32.0,34.0,10.0,1.6016569
32.0,36.0,10.0,1.5820378
32.0,38.0,10.0,1.6046119
32.0,40.0,10.0,1.7069285
32.0,42.0,10.0,1.6018043
32.0,44.0,10.0,1.4836179
32.0,46.0,10.0,1.4763895
32.0,48.0,10.0,1.5023313
32.0,50.0,10.0,1.6124092
32.0,52.0,10.0,1.6710889
32.0,54.0,10.0,1.5938708
32.0,56.0,10.0,1.5855931
32.0,58.0,10.0,1.557137
32.0,60.0,10.0,1.5722071
32.0,62.0,10.0,1.5143344
32.0,64.0,10.0,1.5115892
32.0,66.0,10.0,1.6147498
32.0,68.0,10.0,1.652797
32.0,70.0,10.0,1.5736548
32.0,72.0,10.0,1.5958251
32.0,74.0,10.0,1.6134406
32.0,76.0,10.0,1.5760688
32.0,78.0,10.0,1.542619
32.0,80.0,10.0,1.5222684
32.0,82.0,10.0,1.6959702
32.0,84.0,10.0,1.6788418
32.0,86.0,10.0,1.5581193
32.0,88.0,10.0,1.5407751
32.0,90.0,10.0,1.4934632
32.0,92.0,10.0,1.4524051
32.0,94.0,10.0,1.516253
32.0,96.0,10.0,1.647585
32.0,98.0,10.0,1.6656296
32.0,100.0,10.0,1.4888862
32.0,102.0,10.0,1.5126945
32.0,104.0,10.0,1.5171789
32.0,106.0,10.0,1.5229956
32.0,108.0,10.0,1.5183687
32.0,110.0,10.0,1.4729807
32.0,112.0,10.0,1.6046928
32.0,114.0,10.0,1.6407775
32.0,116.0,10.0,1.5955224
32.0,118.0,10.0,1.5900303
32.0,120.0,10.0,1.5309939
32.0,122.0,10.0,1.44892
32.0,124.0,10.0,1.4195741
32.0,126.0,10.0,1.4198259
32.0,128.0,10.0,1.4959916
32.0,130.0,10.0,1.5059253
32.0,132.0,10.0,1.4796569
32.0,134.0,10.0,1.5862129
32.0,136.0,10.0,1.5858358
32.0,138.0,10.0,1.5453507
32.0,140.0,10.0,1.5654691
32.0,142.0,10.0,1.5133544
32.0,144.0,10.0,1.5290111
32.0,146.0,10.0,1.536159
32.0,148.0,10.0,1.5759313
32.0,150.0,10.0,1.6360323
32.0,152.0,10.0,1.6528279
32.0,154.0,10.0,1.6694025
32.0,156.0,10.0,1.7420001
32.0,158.0,10.0,1.769682
32.0,160.0,10.0,1.7593616
32.0,162.0,10.0,1.77111
32.0,164.0,10.0,1.7525715
32.0,166.0,10.0,1.7857963
32.0,168.0,10.0,1.7610122
32.0,170.0,10.0,1.7796215
32.0,172.0,10.0,1.9238783
32.0,174.0,10.0,1.9265081
32.0,176.0,10.0,1.9727373
32.0,178.0,10.0,1.9597358
32.0,180.0,10.0,1.8957326
34.0,-180.0,10.0,1.9554864
34.0,-178.0,10.0,1.968705
34.0,-176.0,10.0,1.9509377
34.0,-174.0,10.0,1.966664
34.0,-172.0,10.0,1.9799542
34.0,-170.0,10.0,1.9475193
34.0,-168.0,10.0,1.9291137
34.0,-166.0,10.0,1.8825186
34.0,-164.0,10.0,1.8880653
34.0,-162.0,10.0,1.8762485
34.0,-160.0,10.0,2.0977535
34.0,-158.0,10.0,2.2345545
34.0,-156.0,10.0,2.3263626
34.0,-154.0,10.0,2.3689973
34.0,-152.0,10.0,2.3292356
34.0,-150.0,10.0,2.2236981
34.0,-148.0,10.0,2.1907275
34.0,-146.0,10.0,2.1860764
34.0,-144.0,10.0,2.2723382
34.0,-142.0,10.0,2.318688
34.0,-140.0,10.0,2.391858
34.0,-138.0,10.0,2.4646535
34.0,-136.0,10.0,2.5427563
34.0,-134.0,10.0,2.577902
34.0,-132.0,10.0,2.5524654
34.0,-130.0,10.0,2.545434
34.0,-128.0,10.0,2.4697738
34.0,-126.0,10.0,2.4980693
34.0,-124.0,10.0,2.6477711
34.0,-122.0,10.0,2.6267066
34.0,-120.0,10.0,2.7305646
34.0,-118.0,10.0,2.7750633
34.0,-116.0,10.0,2.8412452
34.0,-114.0,10.0,2.9528427
34.0,-112.0,10.0,2.9044292
34.0,-110.0,10.0,2.8752167
34.0,-108.0,10.0,2.8958783
34.0,-106.0,10.0,2.9386663
34.0,-104.0,10.0,2.9830437
34.0,-102.0,10.0,2.933577
34.0,-100.0,10.0,3.0353901
34.0,-98.0,10.0,2.967376
34.0,-96.0,10.0,2.9423609
34.0,-94.0,10.0,3.0161848
34.0,-92.0,10.0,3.059405
34.0,-90.0,10.0,3.1120996
34.0,-88.0,10.0,3.2114365
34.0,-86.0,10.0,3.2830784
34.0,-84.0,10.0,3.271997
34.0,-82.0,10.0,3.2070174
34.0,-80.0,10.0,3.1359224
34.0,-78.0,10.0,3.099595
34.0,-76.0,10.0,3.1589718
34.0,-74.0,10.0,3.1239576
34.0,-72.0,10.0,3.0319307
34.0,-70.0,10.0,3.0374825
34.0,-68.0,10.0,2.9669795
34.0,-66.0,10.0,2.866458
34.0,-64.0,10.0,2.8634524
34.0,-62.0,10.0,2.761982
34.0,-60.0,10.0,2.740865
34.0,-58.0,10.0,2.7356498
34.0,-56.0,10.0,2.6951644
34.0,-54.0,10.0,2.7424629
34.0,-52.0,10.0,2.65395
34.0,-50.0,10.0,2.5724359
34.0,-48.0,10.0,2.4707572
34.0,-46.0,10.0,2.3793247
34.0,-44.0,10.0,2.3237183
34.0,-42.0,10.0,2.277419
34.0,-40.0,10.0,2.2795422
34.0,-38.0,10.0,2.2317822
34.0,-36.0,10.0,2.1775074
34.0,-34.0,10.0,2.1917727
34.0,-32.0,10.0,2.1355398
34.0,-30.0,10.0,2.0554023
34.0,-28.0,10.0,2.059683
34.0,-26.0,10.0,2.1758518
34.0,-24.0,10.0,2.1506977
34.0,-22.0,10.0,2.0100198
34.0,-20.0,10.0,1.89962
34.0,-18.0,10.0,1.9476299
34.0,-16.0,10.0,1.8656911
34.0,-14.0,10.0,1.7380184
34.0,-12.0,10.0,1.8273935
34.0,-10.0,10.0,1.84713
34.0,-8.0,10.0,1.7761554
34.0,-6.0,10.0,1.8258547
34.0,-4.0,10.0,1.8913604
34.0,-2.0,10.0,1.9256799
34.0,0.0,10.0,1.8809227
34.0,2.0,10.0,1.9031624
34.0,4.0,10.0,1.9240315
34.0,6.0,10.0,1.8741829
34.0,8.0,10.0,1.8216621
34.0,10.0,10.0,1.8080702
34.0,12.0,10.0,1.7721308
34.0,14.0,10.0,1.6665703
34.0,16.0,10.0,1.6958611
34.0,18.0,10.0,1.8131034
34.0,20.0,10.0,1.8155597
34.0,22.0,10.0,1.8333449
34.0,24.0,10.0,1.8670913
34.0,26.0,10.0,1.8022865
34.0,28.0,10.0,1.7357544
34.0,30.0,10.0,1.7935631
34.0,32.0,10.0,1.7532368
34.0,34.0,10.0,1.6829728
34.0,36.0,10.0,1.6727676
34.0,38.0,10.0,1.6723264
34.0,40.0,10.0,1.7478532
34.0,42.0,10.0,1.6917571
34.0,44.0,10.0,1.5667452
34.0,46.0,10.0,1.5652243
34.0,48.0,10.0,1.589356
34.0,50.0,10.0,1.694035
34.0,52.0,10.0,1.7583581
34.0,54.0,10.0,1.705916
34.0,56.0,10.0,1.666206
34.0,58.0,10.0,1.6209369
34.0,60.0,10.0,1.6415553
34.0,62.0,10.0,1.6390874
34.0,64.0,10.0,1.6519315
34.0,66.0,10.0,1.718085
34.0,68.0,10.0,1.752208
34.0,70.0,10.0,1.668927
34.0,72.0,10.0,1.6583272
34.0,74.0,10.0,1.6846515
34.0,76.0,10.0,1.6435653
34.0,78.0,10.0,1.5974983
34.0,80.0,10.0,1.5957434
34.0,82.0,10.0,1.7483723
34.0,84.0,10.0,1.7609372
34.0,86.0,10.0,1.6048881
34.0,88.0,10.0,1.5897408
34.0,90.0,10.0,1.5403038
34.0,92.0,10.0,1.5166656
34.0,94.0,10.0,1.5711472
34.0,96.0,10.0,1.6932542
34.0,98.0,10.0,1.726721
34.0,100.0,10.0,1.5759668
34.0,102.0,10.0,1.5839192
34.0,104.0,10.0,1.5546788
34.0,106.0,10.0,1.591389
34.0,108.0,10.0,1.6100993
34.0,110.0,10.0,1.5571978
34.0,112.0,10.0,1.6579156
34.0,114.0,10.0,1.6422801
34.0,116.0,10.0,1.5600718
34.0,118.0,10.0,1.5735731
34.0,120.0,10.0,1.5761336
34.0,122.0,10.0,1.5451516
34.0,124.0,10.0,1.5139365
34.0,126.0,10.0,1.4823248
34.0,128.0,10.0,1.5315295
34.0,130.0,10.0,1.5510644
34.0,132.0,10.0,1.528991
34.0,134.0,10.0,1.6223862
34.0,136.0,10.0,1.6028031
34.0,138.0,10.0,1.562209
34.0,140.0,10.0,1.6004872
34.0,142.0,10.0,1.5498564
34.0,144.0,10.0,1.5653766
34.0,146.0,10.0,1.6103042
34.0,148.0,10.0,1.6130898
34.0,150.0,10.0,1.6257442
34.0,152.0,10.0,1.6504143
34.0,154.0,10.0,1.7057936
34.0,156.0,10.0,1.7409328
34.0,158.0,10.0,1.7736894
34.0,160.0,10.0,1.7991146
34.0,162.0,10.0,1.7774669
34.0,164.0,10.0,1.7368001
34.0,166.0,10.0,1.7980963
34.0,168.0,10.0,1.805142
34.0,170.0,10.0,1.8380736
34.0,172.0,10.0,1.9385163
34.0,174.0,10.0,1.9942446
34.0,176.0,10.0,2.0221357
34.0,178.0,10.0,1.9920961
34.0,180.0,10.0,1.9554864
36.0,-180.0,10.0,2.0561664
36.0,-178.0,10.0,2.1668897
36.0,-176.0,10.0,2.143292
36.0,-174.0,10.0,2.0610113
36.0,-172.0,10.0,2.126679
36.0,-170.0,10.0,2.1487987
36.0,-168.0,10.0,2.0476615
36.0,-166.0,10.0,2.0332096
36.0,-164.0,10.0,2.2006326
36.0,-162.0,10.0,2.2093716
36.0,-160.0,10.0,2.3120332
36.0,-158.0,10.0,2.4668913
36.0,-156.0,10.0,2.5919755
36.0,-154.0,10.0,2.6156178
36.0,-152.0,10.0,2.517113
36.0,-150.0,10.0,2.4636004
36.0,-148.0,10.0,2.3917434
36.0,-146.0,10.0,2.4488347
36.0,-144.0,10.0,2.5263412
36.0,-142.0,10.0,2.4597206
36.0,-140.0,10.0,2.5706232
36.0,-138.0,10.0,2.6548958
36.0,-136.0,10.0,2.7577448
36.0,-134.0,10.0,2.82046
36.0,-132.0,10.0,2.7411485
36.0,-130.0,10.0,2.7644825
36.0,-128.0,10.0,2.7584312
36.0,-126.0,10.0,2.816565
36.0,-124.0,10.0,2.8784115
36.0,-122.0,10.0,2.8116903
36.0,-120.0,10.0,2.8829584
36.0,-118.0,10.0,2.9860387
36.0,-116.0,10.0,3.1529355
36.0,-114.0,10.0,3.2046988
36.0,-112.0,10.0,3.146748
36.0,-110.0,10.0,3.0861237
36.0,-108.0,10.0,3.1222377
36.0,-106.0,10.0,3.1488404
36.0,-104.0,10.0,3.1192443
36.0,-102.0,10.0,3.1866114
36.0,-100.0,10.0,3.2493129
36.0,-98.0,10.0,3.1596134
36.0,-96.0,10.0,3.1557195
36.0,-94.0,10.0,3.260712
36.0,-92.0,10.0,3.3044157
36.0,-90.0,10.0,3.367177
36.0,-88.0,10.0,3.5207832
36.0,-86.0,10.0,3.619851
36.0,-84.0,10.0,3.4735327
36.0,-82.0,10.0,3.4655867
36.0,-80.0,10.0,3.4557128
36.0,-78.0,10.0,3.4233687
36.0,-76.0,10.0,3.4201918
36.0,-74.0,10.0,3.3500676
36.0,-72.0,10.0,3.3836691
36.0,-70.0,10.0,3.2731
36.0,-68.0,10.0,3.1294398
36.0,-66.0,10.0,3.0805268
36.0,-64.0,10.0,3.0516815
36.0,-62.0,10.0,2.963362
36.0,-60.0,10.0,2.9154096
36.0,-58.0,10.0,3.0097005
36.0,-56.0,10.0,3.0879567
36.0,-54.0,10.0,3.0431361
36.0,-52.0,10.0,2.91031
36.0,-50.0,10.0,2.783487
36.0,-48.0,10.0,2.6671374
36.0,-46.0,10.0,2.6069438
36.0,-44.0,10.0,2.6039577
36.0,-42.0,10.0,2.5974314
36.0,-40.0,10.0,2.5613828
36.0,-38.0,10.0,2.5228615
36.0,-36.0,10.0,2.445038
36.0,-34.0,10.0,2.4161139
36.0,-32.0,10.0,2.3068352
36.0,-30.0,10.0,2.2271614
36.0,-28.0,10.0,2.301588
36.0,-26.0,10.0,2.4255843
36.0,-24.0,10.0,2.3948348
36.0,-22.0,10.0,2.2522013
36.0,-20.0,10.0,2.1270947
36.0,-18.0,10.0,2.1194544
36.0,-16.0,10.0,2.020378
36.0,-14.0,10.0,1.9176792
36.0,-12.0,10.0,1.986079
36.0,-10.0,10.0,2.0426676
36.0,-8.0,10.0,2.0210054
36.0,-6.0,10.0,2.0148702
36.0,-4.0,10.0,2.0157542
36.0,-2.0,10.0,2.0500944
36.0,0.0,10.0,2.0494816
36.0,2.0,10.0,2.063114
36.0,4.0,10.0,2.1038778
36.0,6.0,10.0,2.100271
36.0,8.0,10.0,2.0594387
36.0,10.0,10.0,1.9687899
36.0,12.0,10.0,1.9584082
36.0,14.0,10.0,1.8915327
36.0,16.0,10.0,1.9022386
36.0,18.0,10.0,1.9573795
36.0,20.0,10.0,1.9533089
36.0,22.0,10.0,2.043624
36.0,24.0,10.0,2.0792289
36.0,26.0,10.0,1.977184
36.0,28.0,10.0,1.9679471
36.0,30.0,10.0,2.0175717
36.0,32.0,10.0,2.0147488
36.0,34.0,10.0,1.9594113
36.0,36.0,10.0,1.9260055
36.0,38.0,10.0,1.9157492
36.0,40.0,10.0,1.9571992
36.0,42.0,10.0,1.9094652
36.0,44.0,10.0,1.803799
36.0,46.0,10.0,1.7937332
36.0,48.0,10.0,1.8184035
36.0,50.0,10.0,1.9063354
36.0,52.0,10.0,1.977697
36.0,54.0,10.0,1.8953462
36.0,56.0,10.0,1.835227
36.0,58.0,10.0,1.788581
36.0,60.0,10.0,1.8327739
36.0,62.0,10.0,1.917732
36.0,64.0,10.0,1.9337035
36.0,66.0,10.0,1.9426757
36.0,68.0,10.0,1.9752512
36.0,70.0,10.0,1.8748996
36.0,72.0,10.0,1.8169506
36.0,74.0,10.0,1.8061521
36.0,76.0,10.0,1.7698238
36.0,78.0,10.0,1.7794225
36.0,80.0,10.0,1.7791485
36.0,82.0,10.0,1.9617082
36.0,84.0,10.0,2.010199
36.0,86.0,10.0,1.790958
36.0,88.0,10.0,1.7309046
36.0,90.0,10.0,1.7592041
36.0,92.0,10.0,1.81229
36.0,94.0,10.0,1.877865
36.0,96.0,10.0,1.9315625
36.0,98.0,10.0,1.9954166
36.0,100.0,10.0,1.7504027
36.0,102.0,10.0,1.6874198
36.0,104.0,10.0,1.7134961
36.0,106.0,10.0,1.7886351
36.0,108.0,10.0,1.8415843
36.0,110.0,10.0,1.7854475
36.0,112.0,10.0,1.9150587
36.0,114.0,10.0,1.9282717
36.0,116.0,10.0,1.7672768
36.0,118.0,10.0,1.738419
36.0,120.0,10.0,1.7577363
36.0,122.0,10.0,1.7913126
36.0,124.0,10.0,1.7784349
36.0,126.0,10.0,1.7357333
36.0,128.0,10.0,1.7500533
36.0,130.0,10.0,1.7406796
36.0,132.0,10.0,1.6613303
36.0,134.0,10.0,1.7866554
36.0,136.0,10.0,1.7778709
36.0,138.0,10.0,1.7259543
36.0,140.0,10.0,1.7511764
36.0,142.0,10.0,1.7479105
36.0,144.0,10.0,1.7527307
36.0,146.0,10.0,1.8116382
36.0,148.0,10.0,1.7994337
36.0,150.0,10.0,1.8230289
36.0,152.0,10.0,1.8554485
36.0,154.0,10.0,1.8777229
36.0,156.0,10.0,1.826168
36.0,158.0,10.0,1.8453866
36.0,160.0,10.0,1.9127177
36.0,162.0,10.0,1.851524
36.0,164.0,10.0,1.7957284
36.0,166.0,10.0,1.865363
36.0,168.0,10.0,1.9753689
36.0,170.0,10.0,1.9741986
36.0,172.0,10.0,2.0624583
36.0,174.0,10.0,2.1542656
36.0,176.0,10.0,2.2064178
36.0,178.0,10.0,2.1089873
36.0,180.0,10.0,2.0561664
38.0,-180.0,10.0,2.2712064
38.0,-178.0,10.0,2.3832645
38.0,-176.0,10.0,2.385464
38.0,-174.0,10.0,2.3663945
38.0,-172.0,10.0,2.3580396
38.0,-170.0,10.0,2.413465
38.0,-168.0,10.0,2.2777393
38.0,-166.0,10.0,2.278755
38.0,-164.0,10.0,2.4882543
38.0,-162.0,10.0,2.5277662
38.0,-160.0,10.0,2.6711323
38.0,-158.0,10.0,2.853266
38.0,-156.0,10.0,3.06602
38.0,-154.0,10.0,3.0667748
38.0,-152.0,10.0,2.92843
38.0,-150.0,10.0,2.8530843
38.0,-148.0,10.0,2.783371
38.0,-146.0,10.0,2.7864392
38.0,-144.0,10.0,2.7759132
38.0,-142.0,10.0,2.7746143
38.0,-140.0,10.0,2.88556
38.0,-138.0,10.0,2.9945333
38.0,-136.0,10.0,3.0699794
38.0,-134.0,10.0,3.066568
38.0,-132.0,10.0,2.9948606
38.0,-130.0,10.0,2.982504
38.0,-128.0,10.0,3.088149
38.0,-126.0,10.0,3.145033
38.0,-124.0,10.0,3.1720073
38.0,-122.0,10.0,3.1044097
38.0,-120.0,10.0,3.1732595
38.0,-118.0,10.0,3.3613377
38.0,-116.0,10.0,3.5390115
38.0,-114.0,10.0,3.5270324
38.0,-112.0,10.0,3.4761176
38.0,-110.0,10.0,3.3640308
38.0,-108.0,10.0,3.4301784
38.0,-106.0,10.0,3.4277332
38.0,-104.0,10.0,3.4307165
38.0,-102.0,10.0,3.4452033
38.0,-100.0,10.0,3.5355952
38.0,-98.0,10.0,3.4838686
38.0,-96.0,10.0,3.4890046
38.0,-94.0,10.0,3.5522835
38.0,-92.0,10.0,3.6182072
38.0,-90.0,10.0,3.6923428
38.0,-88.0,10.0,3.785709
38.0,-86.0,10.0,3.87019
38.0,-84.0,10.0,3.8331656
38.0,-82.0,10.0,3.7536032
38.0,-80.0,10.0,3.7629802
38.0,-78.0,10.0,3.7872598
38.0,-76.0,10.0,3.7035875
38.0,-74.0,10.0,3.576227
38.0,-72.0,10.0,3.6076837
38.0,-70.0,10.0,3.5240383
38.0,-68.0,10.0,3.4293714
38.0,-66.0,10.0,3.4322095
38.0,-64.0,10.0,3.3509836
38.0,-62.0,10.0,3.2567089
38.0,-60.0,10.0,3.2353652
38.0,-58.0,10.0,3.2926795
38.0,-56.0,10.0,3.3531406
38.0,-54.0,10.0,3.3550704
38.0,-52.0,10.0,3.2513804
38.0,-50.0,10.0,3.038017
38.0,-48.0,10.0,2.9333718
38.0,-46.0,10.0,2.8999128
38.0,-44.0,10.0,2.926072
38.0,-42.0,10.0,2.926814
38.0,-40.0,10.0,2.9129198
38.0,-38.0,10.0,2.8179832
38.0,-36.0,10.0,2.795265
38.0,-34.0,10.0,2.7779334
38.0,-32.0,10.0,2.6734707
38.0,-30.0,10.0,2.6217973
38.0,-28.0,10.0,2.6773348
38.0,-26.0,10.0,2.765868
38.0,-24.0,10.0,2.7520885
38.0,-22.0,10.0,2.579339
38.0,-20.0,10.0,2.4900668
38.0,-18.0,10.0,2.4169786
38.0,-16.0,10.0,2.3649683
38.0,-14.0,10.0,2.350081
38.0,-12.0,10.0,2.3918762
38.0,-10.0,10.0,2.4405203
38.0,-8.0,10.0,2.5155368
38.0,-6.0,10.0,2.566852
38.0,-4.0,10.0,2.4788005
38.0,-2.0,10.0,2.437719
38.0,0.0,10.0,2.4527924
38.0,2.0,10.0,2.44693
38.0,4.0,10.0,2.5297363
38.0,6.0,10.0,2.5618465
38.0,8.0,10.0,2.5242803
38.0,10.0,10.0,2.3672047
38.0,12.0,10.0,2.2543476
38.0,14.0,10.0,2.2252312
38.0,16.0,10.0,2.2173774
38.0,18.0,10.0,2.2578244
38.0,20.0,10.0,2.3367038
38.0,22.0,10.0,2.4730966
38.0,24.0,10.0,2.4873712
38.0,26.0,10.0,2.3362756
38.0,28.0,10.0,2.358026
38.0,30.0,10.0,2.4274726
38.0,32.0,10.0,2.3205273
38.0,34.0,10.0,2.2488925
38.0,36.0,10.0,2.2455628
38.0,38.0,10.0,2.2956133
38.0,40.0,10.0,2.3092098
38.0,42.0,10.0,2.1765761
38.0,44.0,10.0,2.0954115
38.0,46.0,10.0,2.098339
38.0,48.0,10.0,2.126198
38.0,50.0,10.0,2.2609196
38.0,52.0,10.0,2.3192396
38.0,54.0,10.0,2.1778214
38.0,56.0,10.0,2.094789
38.0,58.0,10.0,2.1284463
38.0,60.0,10.0,2.1842225
38.0,62.0,10.0,2.264861
38.0,64.0,10.0,2.277378
38.0,66.0,10.0,2.2770014
38.0,68.0,10.0,2.3365064
38.0,70.0,10.0,2.1495168
38.0,72.0,10.0,2.104714
38.0,74.0,10.0,2.0410295
38.0,76.0,10.0,2.038417
38.0,78.0,10.0,2.0694487
38.0,80.0,10.0,2.093983
38.0,82.0,10.0,2.3747005
38.0,84.0,10.0,2.401607
38.0,86.0,10.0,2.1627789
38.0,88.0,10.0,2.0915442
38.0,90.0,10.0,2.1601048
38.0,92.0,10.0,2.1639168
38.0,94.0,10.0,2.1669033
38.0,96.0,10.0,2.382696
38.0,98.0,10.0,2.3624454
38.0,100.0,10.0,2.0711365
38.0,102.0,10.0,1.9691925
38.0,104.0,10.0,1.9728998
38.0,106.0,10.0,2.0511804
38.0,108.0,10.0,2.1410005
38.0,110.0,10.0,2.0262105
38.0,112.0,10.0,2.1731849
38.0,114.0,10.0,2.2123709
38.0,116.0,10.0,2.145613
38.0,118.0,10.0,2.0893233
38.0,120.0,10.0,2.0385888
38.0,122.0,10.0,2.1062317
38.0,124.0,10.0,2.1279483
38.0,126.0,10.0,2.0169725
38.0,128.0,10.0,2.058102
38.0,130.0,10.0,2.0385153
38.0,132.0,10.0,1.930718
38.0,134.0,10.0,1.9944384
38.0,136.0,10.0,1.9549817
38.0,138.0,10.0,1.8983661
38.0,140.0,10.0,2.035687
38.0,142.0,10.0,2.0691788
38.0,144.0,10.0,2.0443535
38.0,146.0,10.0,2.0082986
38.0,148.0,10.0,2.0021446
38.0,150.0,10.0,2.068596
38.0,152.0,10.0,2.0981061
38.0,154.0,10.0,2.113827
38.0,156.0,10.0,2.0849452
38.0,158.0,10.0,2.0962098
38.0,160.0,10.0,2.1135552
38.0,162.0,10.0,2.0464194
38.0,164.0,10.0,1.9602478
38.0,166.0,10.0,2.072875
38.0,168.0,10.0,2.1341588
38.0,170.0,10.0,2.169297
38.0,172.0,10.0,2.3908672
38.0,174.0,10.0,2.4840949
38.0,176.0,10.0,2.5873652
38.0,178.0,10.0,2.4388926
38.0,180.0,10.0,2.2712064
40.0,-180.0,10.0,2.2878866
40.0,-178.0,10.0,2.3694308
40.0,-176.0,10.0,2.3071404
40.0,-174.0,10.0,2.3405209
40.0,-172.0,10.0,2.4293458
40.0,-170.0,10.0,2.430138
40.0,-168.0,10.0,2.2886019
40.0,-166.0,10.0,2.2478983
40.0,-164.0,10.0,2.489277
40.0,-162.0,10.0,2.5543125
40.0,-160.0,10.0,2.6684108
40.0,-158.0,10.0,2.9190216
40.0,-156.0,10.0,3.1551745
40.0,-154.0,10.0,3.1160247
40.0,-152.0,10.0,2.8691826
40.0,-150.0,10.0,2.8155572
40.0,-148.0,10.0,2.7036836
40.0,-146.0,10.0,2.6712332
40.0,-144.0,10.0,2.7292585
40.0,-142.0,10.0,2.759088
40.0,-140.0,10.0,2.89483
40.0,-138.0,10.0,2.9950168
40.0,-136.0,10.0,2.9868848
40.0,-134.0,10.0,2.9063504
40.0,-132.0,10.0,2.8511412
40.0,-130.0,10.0,2.9929702
40.0,-128.0,10.0,3.0926297
40.0,-126.0,10.0,3.0566466
40.0,-124.0,10.0,3.0395572
40.0,-122.0,10.0,3.1018653
40.0,-120.0,10.0,3.19795
40.0,-118.0,10.0,3.3461998
40.0,-116.0,10.0,3.4731107
40.0,-114.0,10.0,3.5401678
40.0,-112.0,10.0,3.5188358
40.0,-110.0,10.0,3.3359447
40.0,-108.0,10.0,3.3678555
40.0,-106.0,10.0,3.4426942
40.0,-104.0,10.0,3.4191236
40.0,-102.0,10.0,3.3212955
40.0,-100.0,10.0,3.385808
40.0,-98.0,10.0,3.4639006
40.0,-96.0,10.0,3.3970597
40.0,-94.0,10.0,3.4035048
40.0,-92.0,10.0,3.5953407
40.0,-90.0,10.0,3.558376
40.0,-88.0,10.0,3.4974723
40.0,-86.0,10.0,3.692777
40.0,-84.0,10.0,3.838404
40.0,-82.0,10.0,3.7086232
40.0,-80.0,10.0,3.5543082
40.0,-78.0,10.0,3.6660728
40.0,-76.0,10.0,3.6280298
40.0,-74.0,10.0,3.481273
40.0,-72.0,10.0,3.3941195
40.0,-70.0,10.0,3.3739076
40.0,-68.0,10.0,3.426689
40.0,-66.0,10.0,3.397873
40.0,-64.0,10.0,3.3226151
40.0,-62.0,10.0,3.3437681
40.0,-60.0,10.0,3.326679
40.0,-58.0,10.0,3.245538
40.0,-56.0,10.0,3.2129548
40.0,-54.0,10.0,3.3170989
40.0,-52.0,10.0,3.3286092
40.0,-50.0,10.0,3.144566
40.0,-48.0,10.0,2.9590144
40.0,-46.0,10.0,2.9360483
40.0,-44.0,10.0,2.9601104
40.0,-42.0,10.0,2.964127
40.0,-40.0,10.0,2.9091046
40.0,-38.0,10.0,2.824282
40.0,-36.0,10.0,2.7137003
40.0,-34.0,10.0,2.7519288
40.0,-32.0,10.0,2.7567117
40.0,-30.0,10.0,2.7221687
40.0,-28.0,10.0,2.8140302
40.0,-26.0,10.0,2.9522295
40.0,-24.0,10.0,2.9603255
40.0,-22.0,10.0,2.7656791
40.0,-20.0,10.0,2.5733345
40.0,-18.0,10.0,2.4716692
40.0,-16.0,10.0,2.3827314
40.0,-14.0,10.0,2.3830106
40.0,-12.0,10.0,2.4672928
40.0,-10.0,10.0,2.5343838
40.0,-8.0,10.0,2.6148272
40.0,-6.0,10.0,2.6244311
40.0,-4.0,10.0,2.5198202
40.0,-2.0,10.0,2.49603
40.0,0.0,10.0,2.5247896
40.0,2.0,10.0,2.5798204
40.0,4.0,10.0,2.642026
40.0,6.0,10.0,2.6784596
40.0,8.0,10.0,2.6056802
40.0,10.0,10.0,2.3768556
40.0,12.0,10.0,2.2842326
40.0,14.0,10.0,2.2401426
40.0,16.0,10.0,2.2405665
40.0,18.0,10.0,2.2647853
40.0,20.0,10.0,2.367699
40.0,22.0,10.0,2.4826214
40.0,24.0,10.0,2.495352
40.0,26.0,10.0,2.4593477
40.0,28.0,10.0,2.4437482
40.0,30.0,10.0,2.3987682
40.0,32.0,10.0,2.311831
40.0,34.0,10.0,2.2804182
40.0,36.0,10.0,2.2973716
40.0,38.0,10.0,2.3219612
40.0,40.0,10.0,2.3640618
40.0,42.0,10.0,2.200415
40.0,44.0,10.0,2.0800834
40.0,46.0,10.0,2.0956495
40.0,48.0,10.0,2.1363306
40.0,50.0,10.0,2.2687964
40.0,52.0,10.0,2.2943857
40.0,54.0,10.0,2.152322
40.0,56.0,10.0,2.1022692
40.0,58.0,10.0,2.173225
40.0,60.0,10.0,2.2937338
40.0,62.0,10.0,2.3528185
40.0,64.0,10.0,2.332296
40.0,66.0,10.0,2.4092686
40.0,68.0,10.0,2.4469295
40.0,70.0,10.0,2.2808483
40.0,72.0,10.0,2.169548
40.0,74.0,10.0,2.073502
40.0,76.0,10.0,2.08475
40.0,78.0,10.0,2.087501
40.0,80.0,10.0,2.1971054
40.0,82.0,10.0,2.4306774
40.0,84.0,10.0,2.3937335
40.0,86.0,10.0,2.1273499
40.0,88.0,10.0,2.0810232
40.0,90.0,10.0,2.18522
40.0,92.0,10.0,2.1678126
40.0,94.0,10.0,2.2236347
40.0,96.0,10.0,2.4764028
40.0,98.0,10.0,2.4215
40.0,100.0,10.0,2.1635556
40.0,102.0,10.0,2.0299544
40.0,104.0,10.0,1.9586613
40.0,106.0,10.0,1.98565
40.0,108.0,10.0,2.0533519
40.0,110.0,10.0,2.10418
40.0,112.0,10.0,2.2291007
40.0,114.0,10.0,2.2189012
40.0,116.0,10.0,2.1105173
40.0,118.0,10.0,2.0745518
40.0,120.0,10.0,2.0653114
40.0,122.0,10.0,2.0413344
40.0,124.0,10.0,2.0203855
40.0,126.0,10.0,2.0319247
40.0,128.0,10.0,2.0387897
40.0,130.0,10.0,2.0058868
40.0,132.0,10.0,1.9044582
40.0,134.0,10.0,1.875734
40.0,136.0,10.0,1.8772562
40.0,138.0,10.0,1.8834493
40.0,140.0,10.0,2.0475688
40.0,142.0,10.0,2.0618331
40.0,144.0,10.0,2.0739985
40.0,146.0,10.0,2.0460193
40.0,148.0,10.0,2.0277605
40.0,150.0,10.0,2.0054626
40.0,152.0,10.0,2.0209308
40.0,154.0,10.0,2.0426385
40.0,156.0,10.0,2.0413141
40.0,158.0,10.0,2.0882194
40.0,160.0,10.0,2.1238506
40.0,162.0,10.0,2.0763066
40.0,164.0,10.0,1.9681655
40.0,166.0,10.0,2.052696
40.0,168.0,10.0,2.1579573
40.0,170.0,10.0,2.2142138
40.0,172.0,10.0,2.4318507
40.0,174.0,10.0,2.5731015
40.0,176.0,10.0,2.5985348
40.0,178.0,10.0,2.4433844
40.0,180.0,10.0,2.2878866
42.0,-180.0,10.0,2.2540846
42.0,-178.0,10.0,2.3168697
42.0,-176.0,10.0,2.2705195
42.0,-174.0,10.0,2.289256
42.0,-172.0,10.0,2.4026282
42.0,-170.0,10.0,2.4276412
42.0,-168.0,10.0,2.2658012
42.0,-166.0,10.0,2.2394173
42.0,-164.0,10.0,2.4286854
42.0,-162.0,10.0,2.5162382
42.0,-160.0,10.0,2.6709144
42.0,-158.0,10.0,2.9028404
42.0,-156.0,10.0,3.004134
42.0,-154.0,10.0,2.972699
42.0,-152.0,10.0,2.8718963
42.0,-150.0,10.0,2.7071595
42.0,-148.0,10.0,2.6010733
42.0,-146.0,10.0,2.5552776
42.0,-144.0,10.0,2.6071115
42.0,-142.0,10.0,2.6870396
42.0,-140.0,10.0,2.8364172
42.0,-138.0,10.0,2.8978431
42.0,-136.0,10.0,2.8760726
42.0,-134.0,10.0,2.7637315
42.0,-132.0,10.0,2.7493963
42.0,-130.0,10.0,2.8840644
42.0,-128.0,10.0,2.8701556
42.0,-126.0,10.0,2.8238103
42.0,-124.0,10.0,2.8330448
42.0,-122.0,10.0,2.9586184
42.0,-120.0,10.0,3.1007159
42.0,-118.0,10.0,3.3053408
42.0,-116.0,10.0,3.3377907
42.0,-114.0,10.0,3.3666015
42.0,-112.0,10.0,3.3854
42.0,-110.0,10.0,3.2180488
42.0,-108.0,10.0,3.1779337
42.0,-106.0,10.0,3.2001674
42.0,-104.0,10.0,3.1884186
42.0,-102.0,10.0,3.091473
42.0,-100.0,10.0,3.064989
42.0,-98.0,10.0,3.2749803
42.0,-96.0,10.0,3.22305
42.0,-94.0,10.0,3.0748498
42.0,-92.0,10.0,3.180687
42.0,-90.0,10.0,3.1765046
42.0,-88.0,10.0,3.1513839
42.0,-86.0,10.0,3.3018153
42.0,-84.0,10.0,3.4959605
42.0,-82.0,10.0,3.3725927
42.0,-80.0,10.0,3.1143792
42.0,-78.0,10.0,3.2014544
42.0,-76.0,10.0,3.3026984
42.0,-74.0,10.0,3.2240808
42.0,-72.0,10.0,3.17541
42.0,-70.0,10.0,3.207882
42.0,-68.0,10.0,3.3072453
42.0,-66.0,10.0,3.2748902
42.0,-64.0,10.0,3.1411712
42.0,-62.0,10.0,3.2078102
42.0,-60.0,10.0,3.2418244
42.0,-58.0,10.0,3.0939152
42.0,-56.0,10.0,3.0329747
42.0,-54.0,10.0,3.1338513
42.0,-52.0,10.0,3.1417277
42.0,-50.0,10.0,3.0105045
42.0,-48.0,10.0,2.8618207
42.0,-46.0,10.0,2.7839663
42.0,-44.0,10.0,2.8156462
42.0,-42.0,10.0,2.8132753
42.0,-40.0,10.0,2.7538495
42.0,-38.0,10.0,2.6551468
42.0,-36.0,10.0,2.5515509
42.0,-34.0,10.0,2.6094553
42.0,-32.0,10.0,2.6025095
42.0,-30.0,10.0,2.6945643
42.0,-28.0,10.0,2.808517
42.0,-26.0,10.0,2.944526
42.0,-24.0,10.0,2.9487267
42.0,-22.0,10.0,2.7498503
42.0,-20.0,10.0,2.5440617
42.0,-18.0,10.0,2.4603221
42.0,-16.0,10.0,2.3488975
42.0,-14.0,10.0,2.3724804
42.0,-12.0,10.0,2.4427369
42.0,-10.0,10.0,2.509525
42.0,-8.0,10.0,2.5579689
42.0,-6.0,10.0,2.5077019
42.0,-4.0,10.0,2.4324698
42.0,-2.0,10.0,2.4328787
42.0,0.0,10.0,2.475883
42.0,2.0,10.0,2.569864
42.0,4.0,10.0,2.6620169
42.0,6.0,10.0,2.6926005
42.0,8.0,10.0,2.533605
42.0,10.0,10.0,2.3410842
42.0,12.0,10.0,2.2718458
42.0,14.0,10.0,2.247319
42.0,16.0,10.0,2.270319
42.0,18.0,10.0,2.2985198
42.0,20.0,10.0,2.3428826
42.0,22.0,10.0,2.4329276
42.0,24.0,10.0,2.4408033
42.0,26.0,10.0,2.403241
42.0,28.0,10.0,2.4101644
42.0,30.0,10.0,2.36641
42.0,32.0,10.0,2.3046384
42.0,34.0,10.0,2.3051925
42.0,36.0,10.0,2.3370368
42.0,38.0,10.0,2.359756
42.0,40.0,10.0,2.3270893
42.0,42.0,10.0,2.157802
42.0,44.0,10.0,2.0032983
42.0,46.0,10.0,1.9824561
42.0,48.0,10.0,2.1102324
42.0,50.0,10.0,2.2726004
42.0,52.0,10.0,2.3041058
42.0,54.0,10.0,2.1103106
42.0,56.0,10.0,2.0741026
42.0,58.0,10.0,2.1340694
42.0,60.0,10.0,2.2829235
42.0,62.0,10.0,2.3352902
42.0,64.0,10.0,2.2641246
42.0,66.0,10.0,2.3408844
42.0,68.0,10.0,2.3714085
42.0,70.0,10.0,2.2252905
42.0,72.0,10.0,2.103398
42.0,74.0,10.0,2.0745382
42.0,76.0,10.0,2.0553102
42.0,78.0,10.0,2.00631
42.0,80.0,10.0,2.1901474
42.0,82.0,10.0,2.4318876
42.0,84.0,10.0,2.3998606
42.0,86.0,10.0,2.138844
42.0,88.0,10.0,2.0648863
42.0,90.0,10.0,2.171721
42.0,92.0,10.0,2.1450589
42.0,94.0,10.0,2.2095544
42.0,96.0,10.0,2.432535
42.0,98.0,10.0,2.3908198
42.0,100.0,10.0,2.1676123
42.0,102.0,10.0,2.002315
42.0,104.0,10.0,1.9584879
42.0,106.0,10.0,1.9764918
42.0,108.0,10.0,1.9816656
42.0,110.0,10.0,2.0468628
42.0,112.0,10.0,2.2204115
42.0,114.0,10.0,2.160004
42.0,116.0,10.0,2.040038
42.0,118.0,10.0,2.008211
42.0,120.0,10.0,2.0181143
42.0,122.0,10.0,1.9712284
42.0,124.0,10.0,1.9846972
42.0,126.0,10.0,1.9942142
42.0,128.0,10.0,2.020458
42.0,130.0,10.0,1.955349
42.0,132.0,10.0,1.855544
42.0,134.0,10.0,1.8623642
42.0,136.0,10.0,1.879544
42.0,138.0,10.0,1.9127063
42.0,140.0,10.0,1.9778156
42.0,142.0,10.0,2.0533175
42.0,144.0,10.0,2.132565
42.0,146.0,10.0,2.1022098
42.0,148.0,10.0,2.0720546
42.0,150.0,10.0,2.0358465
42.0,152.0,10.0,2.0128808
42.0,154.0,10.0,2.0349445
42.0,156.0,10.0,2.0306242
42.0,158.0,10.0,2.1028671
42.0,160.0,10.0,2.1111941
42.0,162.0,10.0,2.0267053
42.0,164.0,10.0,1.9463607
42.0,166.0,10.0,1.9889479
42.0,168.0,10.0,2.17276
42.0,170.0,10.0,2.209544
42.0,172.0,10.0,2.4322782
42.0,174.0,10.0,2.605459
42.0,176.0,10.0,2.5421567
42.0,178.0,10.0,2.3612552
42.0,180.0,10.0,2.2540846
44.0,-180.0,10.0,2.4496198
44.0,-178.0,10.0,2.4381394
44.0,-176.0,10.0,2.395345
44.0,-174.0,10.0,2.5202792
44.0,-172.0,10.0,2.6603627
44.0,-170.0,10.0,2.6332698
44.0,-168.0,10.0,2.4717715
44.0,-166.0,10.0,2.4270136
44.0,-164.0,10.0,2.606306
44.0,-162.0,10.0,2.659716
44.0,-160.0,10.0,2.8350286
44.0,-158.0,10.0,3.0676765
44.0,-156.0,10.0,3.181262
44.0,-154.0,10.0,3.1583736
44.0,-152.0,10.0,3.0562391
44.0,-150.0,10.0,2.9376783
44.0,-148.0,10.0,2.8089898
44.0,-146.0,10.0,2.7709503
44.0,-144.0,10.0,2.8100364
44.0,-142.0,10.0,2.9457924
44.0,-140.0,10.0,3.0944617
44.0,-138.0,10.0,3.174445
44.0,-136.0,10.0,3.1709793
44.0,-134.0,10.0,3.0653741
44.0,-132.0,10.0,3.072583
44.0,-130.0,10.0,3.1603117
44.0,-128.0,10.0,3.2159016
44.0,-126.0,10.0,3.1551185
44.0,-124.0,10.0,3.103693
44.0,-122.0,10.0,3.1576703
44.0,-120.0,10.0,3.377237
44.0,-118.0,10.0,3.5219924
44.0,-116.0,10.0,3.577979
44.0,-114.0,10.0,3.717588
44.0,-112.0,10.0,3.6646926
44.0,-110.0,10.0,3.5361726
44.0,-108.0,10.0,3.4471376
44.0,-106.0,10.0,3.403138
44.0,-104.0,10.0,3.4162905
44.0,-102.0,10.0,3.3647459
44.0,-100.0,10.0,3.3397737
44.0,-98.0,10.0,3.4405053
44.0,-96.0,10.0,3.4876964
44.0,-94.0,10.0,3.3778148
44.0,-92.0,10.0,3.3515787
44.0,-90.0,10.0,3.3998342
44.0,-88.0,10.0,3.495152
44.0,-86.0,10.0,3.6203952
44.0,-84.0,10.0,3.7705433
44.0,-82.0,10.0,3.6491013
44.0,-80.0,10.0,3.3663576
44.0,-78.0,10.0,3.3195238
44.0,-76.0,10.0,3.3909786
44.0,-74.0,10.0,3.4585235
44.0,-72.0,10.0,3.423109
44.0,-70.0,10.0,3.4601157
44.0,-68.0,10.0,3.558173
44.0,-66.0,10.0,3.6151755
44.0,-64.0,10.0,3.4401386
44.0,-62.0,10.0,3.4026666
44.0,-60.0,10.0,3.408628
44.0,-58.0,10.0,3.3861704
44.0,-56.0,10.0,3.2865007
44.0,-54.0,10.0,3.284933
44.0,-52.0,10.0,3.3301914
44.0,-50.0,10.0,3.2595675
44.0,-48.0,10.0,3.1299071
44.0,-46.0,10.0,3.019961
44.0,-44.0,10.0,3.0181823
44.0,-42.0,10.0,3.0315156
44.0,-40.0,10.0,3.0739417
44.0,-38.0,10.0,2.989959
44.0,-36.0,10.0,2.8269525
44.0,-34.0,10.0,2.7925372
44.0,-32.0,10.0,2.8122306
44.0,-30.0,10.0,2.9313784
44.0,-28.0,10.0,3.1305938
44.0,-26.0,10.0,3.35541
44.0,-24.0,10.0,3.3383992
44.0,-22.0,10.0,3.1233015
44.0,-20.0,10.0,2.8535137
44.0,-18.0,10.0,2.7136111
44.0,-16.0,10.0,2.545875
44.0,-14.0,10.0,2.4877653
44.0,-12.0,10.0,2.5932715
44.0,-10.0,10.0,2.725889
44.0,-8.0,10.0,2.793412
44.0,-6.0,10.0,2.7512374
44.0,-4.0,10.0,2.6446764
44.0,-2.0,10.0,2.6428668
44.0,0.0,10.0,2.666224
44.0,2.0,10.0,2.8257122
44.0,4.0,10.0,2.9843533
44.0,6.0,10.0,3.0115163
44.0,8.0,10.0,2.7959557
44.0,10.0,10.0,2.6233475
44.0,12.0,10.0,2.4937894
44.0,14.0,10.0,2.4618008
44.0,16.0,10.0,2.4313266
44.0,18.0,10.0,2.53642
44.0,20.0,10.0,2.6312792
44.0,22.0,10.0,2.7378445
44.0,24.0,10.0,2.7565782
44.0,26.0,10.0,2.6937387
44.0,28.0,10.0,2.6941614
44.0,30.0,10.0,2.6479018
44.0,32.0,10.0,2.5262625
44.0,34.0,10.0,2.5076256
44.0,36.0,10.0,2.5679185
44.0,38.0,10.0,2.578476
44.0,40.0,10.0,2.6022646
44.0,42.0,10.0,2.4162054
44.0,44.0,10.0,2.2334988
44.0,46.0,10.0,2.212498
44.0,48.0,10.0,2.3778002
44.0,50.0,10.0,2.5514321
44.0,52.0,10.0,2.557991
44.0,54.0,10.0,2.3183255
44.0,56.0,10.0,2.242586
44.0,58.0,10.0,2.3252869
44.0,60.0,10.0,2.4836175
44.0,62.0,10.0,2.5349047
44.0,64.0,10.0,2.441547
44.0,66.0,10.0,2.5583706
44.0,68.0,10.0,2.6198387
44.0,70.0,10.0,2.407167
44.0,72.0,10.0,2.2570298
44.0,74.0,10.0,2.2337182
44.0,76.0,10.0,2.2901099
44.0,78.0,10.0,2.2662663
44.0,80.0,10.0,2.3752017
44.0,82.0,10.0,2.6717296
44.0,84.0,10.0,2.6907554
44.0,86.0,10.0,2.330575
44.0,88.0,10.0,2.2699838
44.0,90.0,10.0,2.3977149
44.0,92.0,10.0,2.353969
44.0,94.0,10.0,2.3625028
44.0,96.0,10.0,2.6647897
44.0,98.0,10.0,2.655364
44.0,100.0,10.0,2.3963842
44.0,102.0,10.0,2.2305448
44.0,104.0,10.0,2.2344122
44.0,106.0,10.0,2.2238283
44.0,108.0,10.0,2.1895366
44.0,110.0,10.0,2.2758315
44.0,112.0,10.0,2.453935
44.0,114.0,10.0,2.457752
44.0,116.0,10.0,2.2731204
44.0,118.0,10.0,2.2368588
44.0,120.0,10.0,2.297374
44.0,122.0,10.0,2.2834024
44.0,124.0,10.0,2.2625763
44.0,126.0,10.0,2.219904
44.0,128.0,10.0,2.2733665
44.0,130.0,10.0,2.228843
44.0,132.0,10.0,2.105266
44.0,134.0,10.0,2.0673735
44.0,136.0,10.0,2.0627716
44.0,138.0,10.0,2.161331
44.0,140.0,10.0,2.2690864
44.0,142.0,10.0,2.26311
44.0,144.0,10.0,2.2942386
44.0,146.0,10.0,2.2973728
44.0,148.0,10.0,2.3125317
44.0,150.0,10.0,2.28525
44.0,152.0,10.0,2.2297509
44.0,154.0,10.0,2.2909925
44.0,156.0,10.0,2.3483064
44.0,158.0,10.0,2.3980412
44.0,160.0,10.0,2.3782914
44.0,162.0,10.0,2.2816098
44.0,164.0,10.0,2.213235
44.0,166.0,10.0,2.2449288
44.0,168.0,10.0,2.413071
44.0,170.0,10.0,2.4739032
44.0,172.0,10.0,2.7206933
44.0,174.0,10.0,2.8856544
44.0,176.0,10.0,2.7794917
44.0,178.0,10.0,2.5681496
44.0,180.0,10.0,2.4496198
46.0,-180.0,10.0,2.9485517
46.0,-178.0,10.0,2.9548812
46.0,-176.0,10.0,2.9398239
46.0,-174.0,10.0,3.0855134
46.0,-172.0,10.0,3.169392
46.0,-170.0,10.0,3.1302562
46.0,-168.0,10.0,2.953258
46.0,-166.0,10.0,2.929914
46.0,-164.0,10.0,3.1386645
46.0,-162.0,10.0,3.1254182
46.0,-160.0,10.0,3.299347
46.0,-158.0,10.0,3.5876544
46.0,-156.0,10.0,3.7490337
46.0,-154.0,10.0,3.7142935
46.0,-152.0,10.0,3.6417468
46.0,-150.0,10.0,3.4830744
46.0,-148.0,10.0,3.3810241
46.0,-146.0,10.0,3.3162537
46.0,-144.0,10.0,3.3686252
46.0,-142.0,10.0,3.5112007
46.0,-140.0,10.0,3.6456385
46.0,-138.0,10.0,3.7321925
46.0,-136.0,10.0,3.7824898
46.0,-134.0,10.0,3.6740687
46.0,-132.0,10.0,3.691152
46.0,-130.0,10.0,3.7998216
46.0,-128.0,10.0,3.8433132
46.0,-126.0,10.0,3.7240279
46.0,-124.0,10.0,3.5209548
46.0,-122.0,10.0,3.5793028
46.0,-120.0,10.0,3.9312034
46.0,-118.0,10.0,4.095866
46.0,-116.0,10.0,4.166505
46.0,-114.0,10.0,4.2426467
46.0,-112.0,10.0,4.2144794
46.0,-110.0,10.0,3.9795594
46.0,-108.0,10.0,3.7256763
46.0,-106.0,10.0,3.7135441
46.0,-104.0,10.0,3.8176334
46.0,-102.0,10.0,3.8371298
46.0,-100.0,10.0,3.9434144
46.0,-98.0,10.0,4.021182
46.0,-96.0,10.0,4.097306
46.0,-94.0,10.0,3.870571
46.0,-92.0,10.0,3.7718813
46.0,-90.0,10.0,3.9062116
46.0,-88.0,10.0,3.9946082
46.0,-86.0,10.0,4.092762
46.0,-84.0,10.0,4.2517576
46.0,-82.0,10.0,4.2795496
46.0,-80.0,10.0,3.8925269
46.0,-78.0,10.0,3.7289536
46.0,-76.0,10.0,3.7659476
46.0,-74.0,10.0,3.8159118
46.0,-72.0,10.0,3.7853475
46.0,-70.0,10.0,3.8780723
46.0,-68.0,10.0,4.0931363
46.0,-66.0,10.0,4.087273
46.0,-64.0,10.0,3.8458292
46.0,-62.0,10.0,3.7885818
46.0,-60.0,10.0,3.9550998
46.0,-58.0,10.0,3.9107003
46.0,-56.0,10.0,3.7718844
46.0,-54.0,10.0,3.8120513
46.0,-52.0,10.0,3.8805501
46.0,-50.0,10.0,3.8234386
46.0,-48.0,10.0,3.5671186
46.0,-46.0,10.0,3.4227655
46.0,-44.0,10.0,3.487527
46.0,-42.0,10.0,3.5520468
46.0,-40.0,10.0,3.656054
46.0,-38.0,10.0,3.565941
46.0,-36.0,10.0,3.3578634
46.0,-34.0,10.0,3.3041077
46.0,-32.0,10.0,3.3233783
46.0,-30.0,10.0,3.3977394
46.0,-28.0,10.0,3.554665
46.0,-26.0,10.0,3.8508825
46.0,-24.0,10.0,3.8672502
46.0,-22.0,10.0,3.5623627
46.0,-20.0,10.0,3.291807
46.0,-18.0,10.0,3.1009648
46.0,-16.0,10.0,2.926789
46.0,-14.0,10.0,2.7972434
46.0,-12.0,10.0,2.8950179
46.0,-10.0,10.0,3.1270833
46.0,-8.0,10.0,3.2500637
46.0,-6.0,10.0,3.2563727
46.0,-4.0,10.0,3.1819124
46.0,-2.0,10.0,3.1292531
46.0,0.0,10.0,3.0839546
46.0,2.0,10.0,3.1663942
46.0,4.0,10.0,3.3845017
46.0,6.0,10.0,3.4650085
46.0,8.0,10.0,3.3064542
46.0,10.0,10.0,3.0376203
46.0,12.0,10.0,2.829885
46.0,14.0,10.0,2.752958
46.0,16.0,10.0,2.688836
46.0,18.0,10.0,2.8610885
46.0,20.0,10.0,3.0789309
46.0,22.0,10.0,3.219937
46.0,24.0,10.0,3.1638935
46.0,26.0,10.0,3.0645494
46.0,28.0,10.0,3.040946
46.0,30.0,10.0,2.9951375
46.0,32.0,10.0,2.8362803
46.0,34.0,10.0,2.7925267
46.0,36.0,10.0,2.8629296
46.0,38.0,10.0,2.9196453
46.0,40.0,10.0,2.959377
46.0,42.0,10.0,2.735391
46.0,44.0,10.0,2.5664601
46.0,46.0,10.0,2.567648
46.0,48.0,10.0,2.7251067
46.0,50.0,10.0,2.955387
46.0,52.0,10.0,2.9549284
46.0,54.0,10.0,2.7067223
46.0,56.0,10.0,2.636764
46.0,58.0,10.0,2.725828
46.0,60.0,10.0,2.9421492
46.0,62.0,10.0,2.9489694
46.0,64.0,10.0,2.8396764
46.0,66.0,10.0,2.972514
46.0,68.0,10.0,3.03277
46.0,70.0,10.0,2.8573136
46.0,72.0,10.0,2.7542298
46.0,74.0,10.0,2.7086823
46.0,76.0,10.0,2.8219578
46.0,78.0,10.0,2.842861
46.0,80.0,10.0,2.8960605
46.0,82.0,10.0,3.1847544
46.0,84.0,10.0,3.2089357
46.0,86.0,10.0,2.7751036
46.0,88.0,10.0,2.6825957
46.0,90.0,10.0,2.8329322
46.0,92.0,10.0,2.7789721
46.0,94.0,10.0,2.8247705
46.0,96.0,10.0,3.0675912
46.0,98.0,10.0,3.0818498
46.0,100.0,10.0,2.8845797
46.0,102.0,10.0,2.6481428
46.0,104.0,10.0,2.6628654
46.0,106.0,10.0,2.714138
46.0,108.0,10.0,2.6794903
46.0,110.0,10.0,2.711938
46.0,112.0,10.0,2.9278402
46.0,114.0,10.0,2.916904
46.0,116.0,10.0,2.685713
46.0,118.0,10.0,2.645042
46.0,120.0,10.0,2.730028
46.0,122.0,10.0,2.723403
46.0,124.0,10.0,2.6861553
46.0,126.0,10.0,2.596516
46.0,128.0,10.0,2.659628
46.0,130.0,10.0,2.6216106
46.0,132.0,10.0,2.469341
46.0,134.0,10.0,2.46484
46.0,136.0,10.0,2.418083
46.0,138.0,10.0,2.4640608
46.0,140.0,10.0,2.6551807
46.0,142.0,10.0,2.659874
46.0,144.0,10.0,2.6827629
46.0,146.0,10.0,2.6535628
46.0,148.0,10.0,2.6176102
46.0,150.0,10.0,2.6597493
46.0,152.0,10.0,2.6783109
46.0,154.0,10.0,2.7555006
46.0,156.0,10.0,2.7796898
46.0,158.0,10.0,2.8253195
46.0,160.0,10.0,2.7930908
46.0,162.0,10.0,2.697807
46.0,164.0,10.0,2.5748413
46.0,166.0,10.0,2.6946754
46.0,168.0,10.0,2.8480206
46.0,170.0,10.0,2.869029
46.0,172.0,10.0,3.1692657
46.0,174.0,10.0,3.282016
46.0,176.0,10.0,3.265156
46.0,178.0,10.0,3.0465248
46.0,180.0,10.0,2.9485517
48.0,-180.0,10.0,3.2513602
48.0,-178.0,10.0,3.3167632
48.0,-176.0,10.0,3.3012211
48.0,-174.0,10.0,3.4482882
48.0,-172.0,10.0,3.5020938
48.0,-170.0,10.0,3.4010148
48.0,-168.0,10.0,3.2516603
48.0,-166.0,10.0,3.241654
48.0,-164.0,10.0,3.3575096
48.0,-162.0,10.0,3.3570626
48.0,-160.0,10.0,3.6201186
48.0,-158.0,10.0,3.839032
48.0,-156.0,10.0,3.8551013
48.0,-154.0,10.0,3.7763062
48.0,-152.0,10.0,3.80993
48.0,-150.0,10.0,3.7118096
48.0,-148.0,10.0,3.6277695
48.0,-146.0,10.0,3.5155427
48.0,-144.0,10.0,3.534298
48.0,-142.0,10.0,3.7049181
48.0,-140.0,10.0,3.8742502
48.0,-138.0,10.0,3.8818743
48.0,-136.0,10.0,3.9017766
48.0,-134.0,10.0,3.8228698
48.0,-132.0,10.0,3.9246101
48.0,-130.0,10.0,3.9158683
48.0,-128.0,10.0,3.9200816
48.0,-126.0,10.0,3.7462466
48.0,-124.0,10.0,3.615209
48.0,-122.0,10.0,3.722625
48.0,-120.0,10.0,4.150141
48.0,-118.0,10.0,4.2623034
48.0,-116.0,10.0,4.279337
48.0,-114.0,10.0,4.2293725
48.0,-112.0,10.0,4.176607
48.0,-110.0,10.0,3.9344144
48.0,-108.0,10.0,3.715601
48.0,-106.0,10.0,3.7633715
48.0,-104.0,10.0,3.902417
48.0,-102.0,10.0,3.8127034
48.0,-100.0,10.0,3.9476602
48.0,-98.0,10.0,4.1382613
48.0,-96.0,10.0,4.222465
48.0,-94.0,10.0,3.8949382
48.0,-92.0,10.0,3.8475833
48.0,-90.0,10.0,3.9900737
48.0,-88.0,10.0,4.08755
48.0,-86.0,10.0,4.162775
48.0,-84.0,10.0,4.332995
48.0,-82.0,10.0,4.2923794
48.0,-80.0,10.0,3.9608145
48.0,-78.0,10.0,3.8724065
48.0,-76.0,10.0,3.8997946
48.0,-74.0,10.0,3.8965056
48.0,-72.0,10.0,3.8085532
48.0,-70.0,10.0,3.9489837
48.0,-68.0,10.0,4.219683
48.0,-66.0,10.0,4.195763
48.0,-64.0,10.0,3.9032922
48.0,-62.0,10.0,3.90056
48.0,-60.0,10.0,4.094603
48.0,-58.0,10.0,4.026981
48.0,-56.0,10.0,3.8671663
48.0,-54.0,10.0,3.9154491
48.0,-52.0,10.0,4.0958414
48.0,-50.0,10.0,4.0069857
48.0,-48.0,10.0,3.6862736
48.0,-46.0,10.0,3.5455267
48.0,-44.0,10.0,3.59561
48.0,-42.0,10.0,3.6989865
48.0,-40.0,10.0,3.7920294
48.0,-38.0,10.0,3.685197
48.0,-36.0,10.0,3.574909
48.0,-34.0,10.0,3.5840747
48.0,-32.0,10.0,3.579878
48.0,-30.0,10.0,3.5464902
48.0,-28.0,10.0,3.6994958
48.0,-26.0,10.0,3.9674606
48.0,-24.0,10.0,3.943334
48.0,-22.0,10.0,3.6334052
48.0,-20.0,10.0,3.4735878
48.0,-18.0,10.0,3.2918282
48.0,-16.0,10.0,3.0880733
48.0,-14.0,10.0,2.9739366
48.0,-12.0,10.0,3.0722735
48.0,-10.0,10.0,3.2993603
48.0,-8.0,10.0,3.5389512
48.0,-6.0,10.0,3.5213132
48.0,-4.0,10.0,3.4258654
48.0,-2.0,10.0,3.360109
48.0,0.0,10.0,3.1744423
48.0,2.0,10.0,3.22992
48.0,4.0,10.0,3.4280605
48.0,6.0,10.0,3.5592542
48.0,8.0,10.0,3.5622056
48.0,10.0,10.0,3.277215
48.0,12.0,10.0,3.1667228
48.0,14.0,10.0,3.070818
48.0,16.0,10.0,2.9136927
48.0,18.0,10.0,3.0686274
48.0,20.0,10.0,3.2982013
48.0,22.0,10.0,3.4505832
48.0,24.0,10.0,3.3974948
48.0,26.0,10.0,3.310382
48.0,28.0,10.0,3.3184924
48.0,30.0,10.0,3.2129729
48.0,32.0,10.0,2.9693995
48.0,34.0,10.0,2.9456065
48.0,36.0,10.0,3.013138
48.0,38.0,10.0,3.1674733
48.0,40.0,10.0,3.1739526
48.0,42.0,10.0,2.959274
48.0,44.0,10.0,2.723964
48.0,46.0,10.0,2.729195
48.0,48.0,10.0,2.9345484
48.0,50.0,10.0,3.170765
48.0,52.0,10.0,3.1567903
48.0,54.0,10.0,3.0205445
48.0,56.0,10.0,2.9717238
48.0,58.0,10.0,3.1133335
48.0,60.0,10.0,3.2378426
48.0,62.0,10.0,3.2224948
48.0,64.0,10.0,3.1755111
48.0,66.0,10.0,3.320081
48.0,68.0,10.0,3.3305264
48.0,70.0,10.0,3.2490592
48.0,72.0,10.0,3.1913626
48.0,74.0,10.0,3.1375
48.0,76.0,10.0,3.1589997
48.0,78.0,10.0,3.219331
48.0,80.0,10.0,3.2694871
48.0,82.0,10.0,3.5524406
48.0,84.0,10.0,3.4956057
48.0,86.0,10.0,3.2246196
48.0,88.0,10.0,3.1318913
48.0,90.0,10.0,3.1385343
48.0,92.0,10.0,3.0821085
48.0,94.0,10.0,3.1605194
48.0,96.0,10.0,3.4492939
48.0,98.0,10.0,3.460888
48.0,100.0,10.0,3.1759622
48.0,102.0,10.0,3.0455854
48.0,104.0,10.0,3.0134299
48.0,106.0,10.0,3.0530531
48.0,108.0,10.0,3.1100411
48.0,110.0,10.0,3.1362772
48.0,112.0,10.0,3.324841
48.0,114.0,10.0,3.352191
48.0,116.0,10.0,3.2038856
48.0,118.0,10.0,3.135179
48.0,120.0,10.0,3.1255798
48.0,122.0,10.0,3.0409696
48.0,124.0,10.0,2.9961073
48.0,126.0,10.0,2.9390829
48.0,128.0,10.0,3.007937
48.0,130.0,10.0,2.99327
48.0,132.0,10.0,2.8466225
48.0,134.0,10.0,2.7723618
48.0,136.0,10.0,2.7776299
48.0,138.0,10.0,2.841396
48.0,140.0,10.0,3.0026634
48.0,142.0,10.0,2.9564123
48.0,144.0,10.0,2.933985
48.0,146.0,10.0,2.8879886
48.0,148.0,10.0,2.9217744
48.0,150.0,10.0,3.092519
48.0,152.0,10.0,3.162286
48.0,154.0,10.0,3.1875174
48.0,156.0,10.0,3.3027444
48.0,158.0,10.0,3.337703
48.0,160.0,10.0,3.2099485
48.0,162.0,10.0,3.039443
48.0,164.0,10.0,2.9153314
48.0,166.0,10.0,3.0645611
48.0,168.0,10.0,3.1077518
48.0,170.0,10.0,3.2203138
48.0,172.0,10.0,3.5113184
48.0,174.0,10.0,3.5425978
48.0,176.0,10.0,3.460805
48.0,178.0,10.0,3.3148015
48.0,180.0,10.0,3.2513602
50.0,-180.0,10.0,3.160185
50.0,-178.0,10.0,3.2757425
50.0,-176.0,10.0,3.28337
50.0,-174.0,10.0,3.4141872
50.0,-172.0,10.0,3.4462483
50.0,-170.0,10.0,3.3643806
50.0,-168.0,10.0,3.1231687
50.0,-166.0,10.0,3.0717208
50.0,-164.0,10.0,3.2469807
50.0,-162.0,10.0,3.339806
50.0,-160.0,10.0,3.5454216
50.0,-158.0,10.0,3.7054517
50.0,-156.0,10.0,3.739176
50.0,-154.0,10.0,3.629498
50.0,-152.0,10.0,3.6027966
50.0,-150.0,10.0,3.5965714
50.0,-148.0,10.0,3.5575485
50.0,-146.0,10.0,3.4457407
50.0,-144.0,10.0,3.3914516
50.0,-142.0,10.0,3.4878502
50.0,-140.0,10.0,3.6679568
50.0,-138.0,10.0,3.7069983
50.0,-136.0,10.0,3.6306546
50.0,-134.0,10.0,3.453066
50.0,-132.0,10.0,3.469574
50.0,-130.0,10.0,3.6121557
50.0,-128.0,10.0,3.7270408
50.0,-126.0,10.0,3.5915608
50.0,-124.0,10.0,3.4613082
50.0,-122.0,10.0,3.4160388
50.0,-120.0,10.0,3.6922307
50.0,-118.0,10.0,3.7887535
50.0,-116.0,10.0,3.753271
50.0,-114.0,10.0,3.751239
50.0,-112.0,10.0,3.7554574
50.0,-110.0,10.0,3.6628578
50.0,-108.0,10.0,3.5664303
50.0,-106.0,10.0,3.612175
50.0,-104.0,10.0,3.704838
50.0,-102.0,10.0,3.584044
50.0,-100.0,10.0,3.5719357
50.0,-98.0,10.0,3.7938476
50.0,-96.0,10.0,3.903509
50.0,-94.0,10.0,3.7280972
50.0,-92.0,10.0,3.706937
50.0,-90.0,10.0,3.6991222
50.0,-88.0,10.0,3.673091
50.0,-86.0,10.0,3.7844675
50.0,-84.0,10.0,3.8947566
50.0,-82.0,10.0,3.8700652
50.0,-80.0,10.0,3.6293771
50.0,-78.0,10.0,3.5932477
50.0,-76.0,10.0,3.651003
50.0,-74.0,10.0,3.6768677
50.0,-72.0,10.0,3.5860662
50.0,-70.0,10.0,3.6362383
50.0,-68.0,10.0,3.8533638
50.0,-66.0,10.0,3.850506
50.0,-64.0,10.0,3.6443055
50.0,-62.0,10.0,3.542593
50.0,-60.0,10.0,3.6115482
50.0,-58.0,10.0,3.5391765
50.0,-56.0,10.0,3.4448411
50.0,-54.0,10.0,3.5590518
50.0,-52.0,10.0,3.769453
50.0,-50.0,10.0,3.6437078
50.0,-48.0,10.0,3.3067186
50.0,-46.0,10.0,3.2221353
50.0,-44.0,10.0,3.3584645
50.0,-42.0,10.0,3.5109978
50.0,-40.0,10.0,3.6282833
50.0,-38.0,10.0,3.4821386
50.0,-36.0,10.0,3.421253
50.0,-34.0,10.0,3.4775815
50.0,-32.0,10.0,3.5271533
50.0,-30.0,10.0,3.5977647
50.0,-28.0,10.0,3.764609
50.0,-26.0,10.0,3.9400167
50.0,-24.0,10.0,3.9069595
50.0,-22.0,10.0,3.6222165
50.0,-20.0,10.0,3.4488955
50.0,-18.0,10.0,3.3036032
50.0,-16.0,10.0,3.1432157
50.0,-14.0,10.0,3.0132127
50.0,-12.0,10.0,3.0854566
50.0,-10.0,10.0,3.3758206
50.0,-8.0,10.0,3.555049
50.0,-6.0,10.0,3.5772355
50.0,-4.0,10.0,3.4829707
50.0,-2.0,10.0,3.342612
50.0,0.0,10.0,3.2171428
50.0,2.0,10.0,3.2652304
50.0,4.0,10.0,3.4597557
50.0,6.0,10.0,3.5563774
50.0,8.0,10.0,3.5278518
50.0,10.0,10.0,3.2862127
50.0,12.0,10.0,3.1352792
50.0,14.0,10.0,3.0191703
50.0,16.0,10.0,2.9123523
50.0,18.0,10.0,3.0163584
50.0,20.0,10.0,3.3104546
50.0,22.0,10.0,3.4821403
50.0,24.0,10.0,3.504387
50.0,26.0,10.0,3.428293
50.0,28.0,10.0,3.363364
50.0,30.0,10.0,3.235
50.0,32.0,10.0,2.9858294
50.0,34.0,10.0,2.9311173
50.0,36.0,10.0,2.9989007
50.0,38.0,10.0,3.1402562
50.0,40.0,10.0,3.173308
50.0,42.0,10.0,2.941389
50.0,44.0,10.0,2.7050576
50.0,46.0,10.0,2.7207427
50.0,48.0,10.0,2.9398663
50.0,50.0,10.0,3.1263475
50.0,52.0,10.0,3.112623
50.0,54.0,10.0,2.9618306
50.0,56.0,10.0,3.012148
50.0,58.0,10.0,3.1080444
50.0,60.0,10.0,3.2154381
50.0,62.0,10.0,3.1869965
50.0,64.0,10.0,3.2064705
50.0,66.0,10.0,3.3689466
50.0,68.0,10.0,3.3856587
50.0,70.0,10.0,3.2811096
50.0,72.0,10.0,3.238036
50.0,74.0,10.0,3.226745
50.0,76.0,10.0,3.1812787
50.0,78.0,10.0,3.1647437
50.0,80.0,10.0,3.2613344
50.0,82.0,10.0,3.5544646
50.0,84.0,10.0,3.5007067
50.0,86.0,10.0,3.2739453
50.0,88.0,10.0,3.1889393
50.0,90.0,10.0,3.1723454
50.0,92.0,10.0,3.0281475
50.0,94.0,10.0,3.0899875
50.0,96.0,10.0,3.4768066
50.0,98.0,10.0,3.4518702
50.0,100.0,10.0,3.1156871
50.0,102.0,10.0,3.068021
50.0,104.0,10.0,3.008697
50.0,106.0,10.0,2.9909897
50.0,108.0,10.0,3.0273929
50.0,110.0,10.0,3.0906026
50.0,112.0,10.0,3.22199
50.0,114.0,10.0,3.1952622
50.0,116.0,10.0,3.2039888
50.0,118.0,10.0,3.0947788
50.0,120.0,10.0,3.082258
50.0,122.0,10.0,2.939009
50.0,124.0,10.0,2.8973548
50.0,126.0,10.0,2.8553696
50.0,128.0,10.0,2.981916
50.0,130.0,10.0,2.9691548
50.0,132.0,10.0,2.87877
50.0,134.0,10.0,2.8711562
50.0,136.0,10.0,2.858153
50.0,138.0,10.0,2.9277697
50.0,140.0,10.0,3.0499635
50.0,142.0,10.0,2.9776824
50.0,144.0,10.0,2.9340262
50.0,146.0,10.0,2.8771815
50.0,148.0,10.0,2.9008744
50.0,150.0,10.0,3.0372021
50.0,152.0,10.0,3.1357718
50.0,154.0,10.0,3.0877948
50.0,156.0,10.0,3.1820424
50.0,158.0,10.0,3.2700195
50.0,160.0,10.0,3.1627946
50.0,162.0,10.0,3.0458453
50.0,164.0,10.0,2.940733
50.0,166.0,10.0,3.029563
50.0,168.0,10.0,3.1195953
50.0,170.0,10.0,3.2360556
50.0,172.0,10.0,3.491711
50.0,174.0,10.0,3.5361161
50.0,176.0,10.0,3.3719716
50.0,178.0,10.0,3.1720042
50.0,180.0,10.0,3.160185
52.0,-180.0,10.0,3.109449
52.0,-178.0,10.0,3.3257306
52.0,-176.0,10.0,3.3581688
52.0,-174.0,10.0,3.4445894
52.0,-172.0,10.0,3.4968336
52.0,-170.0,10.0,3.349699
52.0,-168.0,10.0,3.137756
52.0,-166.0,10.0,3.0855894
52.0,-164.0,10.0,3.2472692
52.0,-162.0,10.0,3.3748744
52.0,-160.0,10.0,3.4835312
52.0,-158.0,10.0,3.699191
52.0,-156.0,10.0,3.7077825
52.0,-154.0,10.0,3.584349
52.0,-152.0,10.0,3.5723946
52.0,-150.0,10.0,3.5167332
52.0,-148.0,10.0,3.5403428
52.0,-146.0,10.0,3.4467106
52.0,-144.0,10.0,3.3376997
52.0,-142.0,10.0,3.419343
52.0,-140.0,10.0,3.606204
52.0,-138.0,10.0,3.6927743
52.0,-136.0,10.0,3.5884295
52.0,-134.0,10.0,3.4363823
52.0,-132.0,10.0,3.3250043
52.0,-130.0,10.0,3.5589373
52.0,-128.0,10.0,3.681989
52.0,-126.0,10.0,3.494205
52.0,-124.0,10.0,3.344308
52.0,-122.0,10.0,3.3033469
52.0,-120.0,10.0,3.5308504
52.0,-118.0,10.0,3.6935654
52.0,-116.0,10.0,3.6979618
52.0,-114.0,10.0,3.643491
52.0,-112.0,10.0,3.698318
52.0,-110.0,10.0,3.6410053
52.0,-108.0,10.0,3.521367
52.0,-106.0,10.0,3.5119965
52.0,-104.0,10.0,3.616454
52.0,-102.0,10.0,3.597261
52.0,-100.0,10.0,3.5089722
52.0,-98.0,10.0,3.6973042
52.0,-96.0,10.0,3.8947148
52.0,-94.0,10.0,3.66034
52.0,-92.0,10.0,3.5934465
52.0,-90.0,10.0,3.5729144
52.0,-88.0,10.0,3.6026897
52.0,-86.0,10.0,3.633158
52.0,-84.0,10.0,3.8053825
52.0,-82.0,10.0,3.763324
52.0,-80.0,10.0,3.552045
52.0,-78.0,10.0,3.5650952
52.0,-76.0,10.0,3.6295667
52.0,-74.0,10.0,3.630099
52.0,-72.0,10.0,3.5858533
52.0,-70.0,10.0,3.6210387
52.0,-68.0,10.0,3.8263202
52.0,-66.0,10.0,3.802782
52.0,-64.0,10.0,3.6077778
52.0,-62.0,10.0,3.467094
52.0,-60.0,10.0,3.4297311
52.0,-58.0,10.0,3.3851683
52.0,-56.0,10.0,3.3122814
52.0,-54.0,10.0,3.434693
52.0,-52.0,10.0,3.643482
52.0,-50.0,10.0,3.5191324
52.0,-48.0,10.0,3.2058654
52.0,-46.0,10.0,3.1477597
52.0,-44.0,10.0,3.328724
52.0,-42.0,10.0,3.4618506
52.0,-40.0,10.0,3.5209439
52.0,-38.0,10.0,3.398654
52.0,-36.0,10.0,3.3578858
52.0,-34.0,10.0,3.4355843
52.0,-32.0,10.0,3.5304968
52.0,-30.0,10.0,3.5740066
52.0,-28.0,10.0,3.7403255
52.0,-26.0,10.0,3.9776196
52.0,-24.0,10.0,3.9228945
52.0,-22.0,10.0,3.6852481
52.0,-20.0,10.0,3.5037537
52.0,-18.0,10.0,3.292812
52.0,-16.0,10.0,3.135389
52.0,-14.0,10.0,3.0530863
52.0,-12.0,10.0,3.1650858
52.0,-10.0,10.0,3.4208858
52.0,-8.0,10.0,3.5905664
52.0,-6.0,10.0,3.6165013
52.0,-4.0,10.0,3.545222
52.0,-2.0,10.0,3.4164705
52.0,0.0,10.0,3.1948683
52.0,2.0,10.0,3.1961048
52.0,4.0,10.0,3.4116006
52.0,6.0,10.0,3.5058212
52.0,8.0,10.0,3.4976277
52.0,10.0,10.0,3.3044212
52.0,12.0,10.0,3.090837
52.0,14.0,10.0,2.9074993
52.0,16.0,10.0,2.9010785
52.0,18.0,10.0,3.0490785
52.0,20.0,10.0,3.2996528
52.0,22.0,10.0,3.564879
52.0,24.0,10.0,3.613901
52.0,26.0,10.0,3.4744458
52.0,28.0,10.0,3.3271434
52.0,30.0,10.0,3.177008
52.0,32.0,10.0,2.8930068
52.0,34.0,10.0,2.8868213
52.0,36.0,10.0,3.0132596
52.0,38.0,10.0,3.149742
52.0,40.0,10.0,3.1081734
52.0,42.0,10.0,2.8386602
52.0,44.0,10.0,2.6418002
52.0,46.0,10.0,2.6170835
52.0,48.0,10.0,2.8681045
52.0,50.0,10.0,3.1001227
52.0,52.0,10.0,3.009686
52.0,54.0,10.0,2.90322
52.0,56.0,10.0,2.9971654
52.0,58.0,10.0,3.1144357
52.0,60.0,10.0,3.115692
52.0,62.0,10.0,3.078089
52.0,64.0,10.0,3.1883802
52.0,66.0,10.0,3.4322665
52.0,68.0,10.0,3.387735
52.0,70.0,10.0,3.1958952
52.0,72.0,10.0,3.197482
52.0,74.0,10.0,3.1435647
52.0,76.0,10.0,3.0935397
52.0,78.0,10.0,3.0565398
52.0,80.0,10.0,3.2165964
52.0,82.0,10.0,3.4354045
52.0,84.0,10.0,3.3668077
52.0,86.0,10.0,3.1592557
52.0,88.0,10.0,3.0756059
52.0,90.0,10.0,3.1231537
52.0,92.0,10.0,2.8979752
52.0,94.0,10.0,3.064821
52.0,96.0,10.0,3.4033113
52.0,98.0,10.0,3.3325126
52.0,100.0,10.0,3.0859823
52.0,102.0,10.0,3.0178895
52.0,104.0,10.0,2.9479284
52.0,106.0,10.0,2.869707
52.0,108.0,10.0,2.899664
52.0,110.0,10.0,3.0458598
52.0,112.0,10.0,3.149774
52.0,114.0,10.0,3.087611
52.0,116.0,10.0,3.053912
52.0,118.0,10.0,3.0434222
52.0,120.0,10.0,2.9856791
52.0,122.0,10.0,2.8546777
52.0,124.0,10.0,2.8202007
52.0,126.0,10.0,2.8979797
52.0,128.0,10.0,2.941984
52.0,130.0,10.0,2.914065
52.0,132.0,10.0,2.813025
52.0,134.0,10.0,2.8419664
52.0,136.0,10.0,2.9053378
52.0,138.0,10.0,2.942403
52.0,140.0,10.0,3.0272996
52.0,142.0,10.0,2.9856308
52.0,144.0,10.0,2.9630933
52.0,146.0,10.0,2.868313
52.0,148.0,10.0,2.8659656
52.0,150.0,10.0,2.945727
52.0,152.0,10.0,3.005173
52.0,154.0,10.0,2.9837706
52.0,156.0,10.0,3.0868838
52.0,158.0,10.0,3.1809738
52.0,160.0,10.0,3.0986087
52.0,162.0,10.0,2.948717
52.0,164.0,10.0,2.8381524
52.0,166.0,10.0,2.942183
52.0,168.0,10.0,3.1478362
52.0,170.0,10.0,3.2804337
52.0,172.0,10.0,3.4554682
52.0,174.0,10.0,3.4912472
52.0,176.0,10.0,3.3227758
52.0,178.0,10.0,3.1251903
52.0,180.0,10.0,3.109449
54.0,-180.0,10.0,3.2963858
54.0,-178.0,10.0,3.4758358
54.0,-176.0,10.0,3.5119493
54.0,-174.0,10.0,3.6390119
54.0,-172.0,10.0,3.6338558
54.0,-170.0,10.0,3.4315255
54.0,-168.0,10.0,3.219288
54.0,-166.0,10.0,3.2067113
54.0,-164.0,10.0,3.3878984
54.0,-162.0,10.0,3.5121026
54.0,-160.0,10.0,3.6462462
54.0,-158.0,10.0,3.7832537
54.0,-156.0,10.0,3.7403553
54.0,-154.0,10.0,3.6353493
54.0,-152.0,10.0,3.5722077
54.0,-150.0,10.0,3.4959788
54.0,-148.0,10.0,3.4867997
54.0,-146.0,10.0,3.4255297
54.0,-144.0,10.0,3.3679507
54.0,-142.0,10.0,3.4216542
54.0,-140.0,10.0,3.611405
54.0,-138.0,10.0,3.7328057
54.0,-136.0,10.0,3.6671255
54.0,-134.0,10.0,3.5549912
54.0,-132.0,10.0,3.4610875
54.0,-130.0,10.0,3.552348
54.0,-128.0,10.0,3.6468966
54.0,-126.0,10.0,3.508597
54.0,-124.0,10.0,3.338996
54.0,-122.0,10.0,3.2908273
54.0,-120.0,10.0,3.553222
54.0,-118.0,10.0,3.7616699
54.0,-116.0,10.0,3.7918987
54.0,-114.0,10.0,3.7227309
54.0,-112.0,10.0,3.6939209
54.0,-110.0,10.0,3.6701176
54.0,-108.0,10.0,3.5892956
54.0,-106.0,10.0,3.5853891
54.0,-104.0,10.0,3.639961
54.0,-102.0,10.0,3.654018
54.0,-100.0,10.0,3.5460489
54.0,-98.0,10.0,3.6694946
54.0,-96.0,10.0,3.8737721
54.0,-94.0,10.0,3.654326
54.0,-92.0,10.0,3.5399723
54.0,-90.0,10.0,3.5554762
54.0,-88.0,10.0,3.601161
54.0,-86.0,10.0,3.6447372
54.0,-84.0,10.0,3.771787
54.0,-82.0,10.0,3.7682042
54.0,-80.0,10.0,3.5496972
54.0,-78.0,10.0,3.534754
54.0,-76.0,10.0,3.5909534
54.0,-74.0,10.0,3.6459267
54.0,-72.0,10.0,3.5981307
54.0,-70.0,10.0,3.648849
54.0,-68.0,10.0,3.886123
54.0,-66.0,10.0,3.8807445
54.0,-64.0,10.0,3.6838381
54.0,-62.0,10.0,3.5692408
54.0,-60.0,10.0,3.5511162
54.0,-58.0,10.0,3.5247352
54.0,-56.0,10.0,3.4044566
54.0,-54.0,10.0,3.4636817
54.0,-52.0,10.0,3.6507251
54.0,-50.0,10.0,3.5548596
54.0,-48.0,10.0,3.2886033
54.0,-46.0,10.0,3.2256074
54.0,-44.0,10.0,3.3518398
54.0,-42.0,10.0,3.4613278
54.0,-40.0,10.0,3.519658
54.0,-38.0,10.0,3.441571
54.0,-36.0,10.0,3.3666914
54.0,-34.0,10.0,3.4119866
54.0,-32.0,10.0,3.4529686
54.0,-30.0,10.0,3.479265
54.0,-28.0,10.0,3.582091
54.0,-26.0,10.0,3.7990372
54.0,-24.0,10.0,3.8872128
54.0,-22.0,10.0,3.7636008
54.0,-20.0,10.0,3.5266542
54.0,-18.0,10.0,3.4029148
54.0,-16.0,10.0,3.227343
54.0,-14.0,10.0,3.1243844
54.0,-12.0,10.0,3.288377
54.0,-10.0,10.0,3.507913
54.0,-8.0,10.0,3.6956685
54.0,-6.0,10.0,3.74809
54.0,-4.0,10.0,3.6535149
54.0,-2.0,10.0,3.4627624
54.0,0.0,10.0,3.2986724
54.0,2.0,10.0,3.2545362
54.0,4.0,10.0,3.4416318
54.0,6.0,10.0,3.6838844
54.0,8.0,10.0,3.635381
54.0,10.0,10.0,3.410397
54.0,12.0,10.0,3.2116792
54.0,14.0,10.0,3.016709
54.0,16.0,10.0,3.0140817
54.0,18.0,10.0,3.1665845
54.0,20.0,10.0,3.3562655
54.0,22.0,10.0,3.6077437
54.0,24.0,10.0,3.6274464
54.0,26.0,10.0,3.5632274
54.0,28.0,10.0,3.442383
54.0,30.0,10.0,3.27728
54.0,32.0,10.0,2.9774122
54.0,34.0,10.0,2.8967752
54.0,36.0,10.0,3.0830746
54.0,38.0,10.0,3.2463627
54.0,40.0,10.0,3.2906103
54.0,42.0,10.0,3.038407
54.0,44.0,10.0,2.7873297
54.0,46.0,10.0,2.8037941
54.0,48.0,10.0,3.0479288
54.0,50.0,10.0,3.2573013
54.0,52.0,10.0,3.2184622
54.0,54.0,10.0,3.0612135
54.0,56.0,10.0,3.101071
54.0,58.0,10.0,3.208608
54.0,60.0,10.0,3.2904174
54.0,62.0,10.0,3.22376
54.0,64.0,10.0,3.2680836
54.0,66.0,10.0,3.539588
54.0,68.0,10.0,3.5796869
54.0,70.0,10.0,3.3503308
54.0,72.0,10.0,3.34214
54.0,74.0,10.0,3.2987726
54.0,76.0,10.0,3.1901743
54.0,78.0,10.0,3.1386008
54.0,80.0,10.0,3.290528
54.0,82.0,10.0,3.5850008
54.0,84.0,10.0,3.511955
54.0,86.0,10.0,3.2642422
54.0,88.0,10.0,3.2303627
54.0,90.0,10.0,3.2570767
54.0,92.0,10.0,3.053496
54.0,94.0,10.0,3.1328528
54.0,96.0,10.0,3.5873318
54.0,98.0,10.0,3.5016475
54.0,100.0,10.0,3.2602808
54.0,102.0,10.0,3.1759388
54.0,104.0,10.0,3.1235468
54.0,106.0,10.0,2.905794
54.0,108.0,10.0,2.9733582
54.0,110.0,10.0,3.1948988
54.0,112.0,10.0,3.3741212
54.0,114.0,10.0,3.4033883
54.0,116.0,10.0,3.367632
54.0,118.0,10.0,3.2887566
54.0,120.0,10.0,3.1871507
54.0,122.0,10.0,2.9729888
54.0,124.0,10.0,2.9798865
54.0,126.0,10.0,3.0343957
54.0,128.0,10.0,3.1305354
54.0,130.0,10.0,3.1090457
54.0,132.0,10.0,2.985806
54.0,134.0,10.0,2.9855254
54.0,136.0,10.0,3.1015759
54.0,138.0,10.0,3.1231475
54.0,140.0,10.0,3.1783423
54.0,142.0,10.0,3.0940003
54.0,144.0,10.0,3.0591931
54.0,146.0,10.0,3.0060053
54.0,148.0,10.0,3.0697718
54.0,150.0,10.0,3.0732794
54.0,152.0,10.0,3.0885658
54.0,154.0,10.0,3.1014428
54.0,156.0,10.0,3.293239
54.0,158.0,10.0,3.393822
54.0,160.0,10.0,3.2675576
54.0,162.0,10.0,3.1135893
54.0,164.0,10.0,3.0386484
54.0,166.0,10.0,3.0855813
54.0,168.0,10.0,3.2532444
54.0,170.0,10.0,3.3934283
54.0,172.0,10.0,3.7092316
54.0,174.0,10.0,3.6471643
54.0,176.0,10.0,3.4142895
54.0,178.0,10.0,3.2272022
54.0,180.0,10.0,3.2963858
56.0,-180.0,10.0,3.5575838
56.0,-178.0,10.0,3.702348
56.0,-176.0,10.0,3.77281
56.0,-174.0,10.0,3.92884
56.0,-172.0,10.0,3.9345574
56.0,-170.0,10.0,3.6839612
56.0,-168.0,10.0,3.428938
56.0,-166.0,10.0,3.474144
56.0,-164.0,10.0,3.630971
56.0,-162.0,10.0,3.6229687
56.0,-160.0,10.0,3.7962992
56.0,-158.0,10.0,3.944911
56.0,-156.0,10.0,3.8179424
56.0,-154.0,10.0,3.6046977
56.0,-152.0,10.0,3.599764
56.0,-150.0,10.0,3.780546
56.0,-148.0,10.0,3.7637417
56.0,-146.0,10.0,3.6294236
56.0,-144.0,10.0,3.624459
56.0,-142.0,10.0,3.7263799
56.0,-140.0,10.0,3.755505
56.0,-138.0,10.0,3.7504056
56.0,-136.0,10.0,3.7259943
56.0,-134.0,10.0,3.6839972
56.0,-132.0,10.0,3.6878657
56.0,-130.0,10.0,3.6379128
56.0,-128.0,10.0,3.672347
56.0,-126.0,10.0,3.5688064
56.0,-124.0,10.0,3.4490383
56.0,-122.0,10.0,3.4803717
56.0,-120.0,10.0,3.757452
56.0,-118.0,10.0,3.952435
56.0,-116.0,10.0,4.0875354
56.0,-114.0,10.0,3.952713
56.0,-112.0,10.0,3.78948
56.0,-110.0,10.0,3.6436868
56.0,-108.0,10.0,3.5904868
56.0,-106.0,10.0,3.5694873
56.0,-104.0,10.0,3.5987098
56.0,-102.0,10.0,3.5763693
56.0,-100.0,10.0,3.6190338
56.0,-98.0,10.0,3.728175
56.0,-96.0,10.0,3.8979359
56.0,-94.0,10.0,3.771617
56.0,-92.0,10.0,3.6983132
56.0,-90.0,10.0,3.6259906
56.0,-88.0,10.0,3.7315853
56.0,-86.0,10.0,3.89166
56.0,-84.0,10.0,3.8536286
56.0,-82.0,10.0,3.7971818
56.0,-80.0,10.0,3.602779
56.0,-78.0,10.0,3.5497508
56.0,-76.0,10.0,3.5161965
56.0,-74.0,10.0,3.567659
56.0,-72.0,10.0,3.566418
56.0,-70.0,10.0,3.6598897
56.0,-68.0,10.0,3.7665937
56.0,-66.0,10.0,3.8408968
56.0,-64.0,10.0,3.6774595
56.0,-62.0,10.0,3.5607612
56.0,-60.0,10.0,3.6620884
56.0,-58.0,10.0,3.6899307
56.0,-56.0,10.0,3.551115
56.0,-54.0,10.0,3.5271108
56.0,-52.0,10.0,3.73026
56.0,-50.0,10.0,3.6893651
56.0,-48.0,10.0,3.3778245
56.0,-46.0,10.0,3.2590177
56.0,-44.0,10.0,3.3476262
56.0,-42.0,10.0,3.5322602
56.0,-40.0,10.0,3.7090623
56.0,-38.0,10.0,3.7738962
56.0,-36.0,10.0,3.6166673
56.0,-34.0,10.0,3.5172598
56.0,-32.0,10.0,3.547895
56.0,-30.0,10.0,3.6133728
56.0,-28.0,10.0,3.7365243
56.0,-26.0,10.0,3.8009589
56.0,-24.0,10.0,3.9925349
56.0,-22.0,10.0,3.9052427
56.0,-20.0,10.0,3.6015916
56.0,-18.0,10.0,3.3625891
56.0,-16.0,10.0,3.1851947
56.0,-14.0,10.0,3.1507833
56.0,-12.0,10.0,3.2694652
56.0,-10.0,10.0,3.5284495
56.0,-8.0,10.0,3.9086385
56.0,-6.0,10.0,3.8684454
56.0,-4.0,10.0,3.6387997
56.0,-2.0,10.0,3.5218518
56.0,0.0,10.0,3.4589243
56.0,2.0,10.0,3.3987622
56.0,4.0,10.0,3.5344977
56.0,6.0,10.0,3.9703994
56.0,8.0,10.0,3.9670525
56.0,10.0,10.0,3.4714715
56.0,12.0,10.0,3.2677672
56.0,14.0,10.0,3.221555
56.0,16.0,10.0,3.1676273
56.0,18.0,10.0,3.2628703
56.0,20.0,10.0,3.5333908
56.0,22.0,10.0,3.7874346
56.0,24.0,10.0,3.7207062
56.0,26.0,10.0,3.5628595
56.0,28.0,10.0,3.5335684
56.0,30.0,10.0,3.4867249
56.0,32.0,10.0,3.233885
56.0,34.0,10.0,3.1788266
56.0,36.0,10.0,3.3472188
56.0,38.0,10.0,3.5305982
56.0,40.0,10.0,3.5354557
56.0,42.0,10.0,3.1705396
56.0,44.0,10.0,2.8827224
56.0,46.0,10.0,2.9334621
56.0,48.0,10.0,3.1694124
56.0,50.0,10.0,3.531963
56.0,52.0,10.0,3.4729729
56.0,54.0,10.0,3.3117323
56.0,56.0,10.0,3.364228
56.0,58.0,10.0,3.457307
56.0,60.0,10.0,3.5213711
56.0,62.0,10.0,3.4786274
56.0,64.0,10.0,3.4822397
56.0,66.0,10.0,3.6624722
56.0,68.0,10.0,3.708846
56.0,70.0,10.0,3.4994016
56.0,72.0,10.0,3.3988776
56.0,74.0,10.0,3.4125881
56.0,76.0,10.0,3.4228108
56.0,78.0,10.0,3.3176365
56.0,80.0,10.0,3.52612
56.0,82.0,10.0,3.9127867
56.0,84.0,10.0,3.9388754
56.0,86.0,10.0,3.662196
56.0,88.0,10.0,3.5256076
56.0,90.0,10.0,3.4918165
56.0,92.0,10.0,3.303429
56.0,94.0,10.0,3.376079
56.0,96.0,10.0,3.8435965
56.0,98.0,10.0,3.882313
56.0,100.0,10.0,3.5239487
56.0,102.0,10.0,3.4130616
56.0,104.0,10.0,3.366443
56.0,106.0,10.0,3.166003
56.0,108.0,10.0,3.175898
56.0,110.0,10.0,3.4442368
56.0,112.0,10.0,3.6810067
56.0,114.0,10.0,3.7645714
56.0,116.0,10.0,3.703165
56.0,118.0,10.0,3.5798662
56.0,120.0,10.0,3.415647
56.0,122.0,10.0,3.2689154
56.0,124.0,10.0,3.2392528
56.0,126.0,10.0,3.2818289
56.0,128.0,10.0,3.3831863
56.0,130.0,10.0,3.433172
56.0,132.0,10.0,3.2213488
56.0,134.0,10.0,3.050626
56.0,136.0,10.0,3.1516128
56.0,138.0,10.0,3.241467
56.0,140.0,10.0,3.3993201
56.0,142.0,10.0,3.3871374
56.0,144.0,10.0,3.3235745
56.0,146.0,10.0,3.2926786
56.0,148.0,10.0,3.3320255
56.0,150.0,10.0,3.4323459
56.0,152.0,10.0,3.386419
56.0,154.0,10.0,3.387865
56.0,156.0,10.0,3.5638714
56.0,158.0,10.0,3.7387812
56.0,160.0,10.0,3.6114943
56.0,162.0,10.0,3.3231685
56.0,164.0,10.0,3.2815137
56.0,166.0,10.0,3.3648417
56.0,168.0,10.0,3.4804637
56.0,170.0,10.0,3.5602934
56.0,172.0,10.0,4.0567346
56.0,174.0,10.0,3.9265246
56.0,176.0,10.0,3.483862
56.0,178.0,10.0,3.3658082
56.0,180.0,10.0,3.5575838
58.0,-180.0,10.0,3.6141102
58.0,-178.0,10.0,3.6748643
58.0,-176.0,10.0,3.6595452
58.0,-174.0,10.0,3.898912
58.0,-172.0,10.0,3.9561052
58.0,-170.0,10.0,3.6642387
58.0,-168.0,10.0,3.4867744
58.0,-166.0,10.0,3.4861772
58.0,-164.0,10.0,3.510098
58.0,-162.0,10.0,3.509775
58.0,-160.0,10.0,3.7101126
58.0,-158.0,10.0,3.79162
58.0,-156.0,10.0,3.7094986
58.0,-154.0,10.0,3.541249
58.0,-152.0,10.0,3.5294824
58.0,-150.0,10.0,3.7355566
58.0,-148.0,10.0,3.7487786
58.0,-146.0,10.0,3.6488795
58.0,-144.0,10.0,3.6377306
58.0,-142.0,10.0,3.7296245
58.0,-140.0,10.0,3.7564716
58.0,-138.0,10.0,3.6819658
58.0,-136.0,10.0,3.634932
58.0,-134.0,10.0,3.6426575
58.0,-132.0,10.0,3.6608946
58.0,-130.0,10.0,3.7299085
58.0,-128.0,10.0,3.7368746
58.0,-126.0,10.0,3.5993173
58.0,-124.0,10.0,3.5507128
58.0,-122.0,10.0,3.5921786
58.0,-120.0,10.0,3.8038876
58.0,-118.0,10.0,3.934312
58.0,-116.0,10.0,4.051227
58.0,-114.0,10.0,3.9728503
58.0,-112.0,10.0,3.787718
58.0,-110.0,10.0,3.648074
58.0,-108.0,10.0,3.626046
58.0,-106.0,10.0,3.587509
58.0,-104.0,10.0,3.525608
58.0,-102.0,10.0,3.5397043
58.0,-100.0,10.0,3.619197
58.0,-98.0,10.0,3.7848263
58.0,-96.0,10.0,3.8407035
58.0,-94.0,10.0,3.767336
58.0,-92.0,10.0,3.710154
58.0,-90.0,10.0,3.5824447
58.0,-88.0,10.0,3.6579247
58.0,-86.0,10.0,3.8317566
58.0,-84.0,10.0,3.8551009
58.0,-82.0,10.0,3.7984712
58.0,-80.0,10.0,3.5623076
58.0,-78.0,10.0,3.5210025
58.0,-76.0,10.0,3.4283435
58.0,-74.0,10.0,3.462544
58.0,-72.0,10.0,3.5656664
58.0,-70.0,10.0,3.6321044
58.0,-68.0,10.0,3.7308247
58.0,-66.0,10.0,3.7642083
58.0,-64.0,10.0,3.6229503
58.0,-62.0,10.0,3.5260334
58.0,-60.0,10.0,3.6793766
58.0,-58.0,10.0,3.6537483
58.0,-56.0,10.0,3.564095
58.0,-54.0,10.0,3.5416193
58.0,-52.0,10.0,3.6489048
58.0,-50.0,10.0,3.6735344
58.0,-48.0,10.0,3.481514
58.0,-46.0,10.0,3.306605
58.0,-44.0,10.0,3.2844458
58.0,-42.0,10.0,3.493836
58.0,-40.0,10.0,3.7726345
58.0,-38.0,10.0,3.7979395
58.0,-36.0,10.0,3.5775697
58.0,-34.0,10.0,3.448015
58.0,-32.0,10.0,3.5101683
58.0,-30.0,10.0,3.6171963
58.0,-28.0,10.0,3.6721623
58.0,-26.0,10.0,3.6524167
58.0,-24.0,10.0,3.8543708
58.0,-22.0,10.0,3.8958483
58.0,-20.0,10.0,3.5448408
58.0,-18.0,10.0,3.2715075
58.0,-16.0,10.0,3.1629813
58.0,-14.0,10.0,3.1887698
58.0,-12.0,10.0,3.2469366
58.0,-10.0,10.0,3.4754338
58.0,-8.0,10.0,3.945117
58.0,-6.0,10.0,3.9165428
58.0,-4.0,10.0,3.6058357
58.0,-2.0,10.0,3.52656
58.0,0.0,10.0,3.5704482
58.0,2.0,10.0,3.4537363
58.0,4.0,10.0,3.554983
58.0,6.0,10.0,4.007904
58.0,8.0,10.0,4.0131645
58.0,10.0,10.0,3.510554
58.0,12.0,10.0,3.36103
58.0,14.0,10.0,3.3681831
58.0,16.0,10.0,3.2667887
58.0,18.0,10.0,3.278634
58.0,20.0,10.0,3.557409
58.0,22.0,10.0,3.8172712
58.0,24.0,10.0,3.6919618
58.0,26.0,10.0,3.5536313
58.0,28.0,10.0,3.6063318
58.0,30.0,10.0,3.6759336
58.0,32.0,10.0,3.4470282
58.0,34.0,10.0,3.323195
58.0,36.0,10.0,3.4376433
58.0,38.0,10.0,3.6224368
58.0,40.0,10.0,3.639161
58.0,42.0,10.0,3.3138208
58.0,44.0,10.0,3.0356715
58.0,46.0,10.0,3.0539217
58.0,48.0,10.0,3.3187973
58.0,50.0,10.0,3.6238651
58.0,52.0,10.0,3.554729
58.0,54.0,10.0,3.4409857
58.0,56.0,10.0,3.4437354
58.0,58.0,10.0,3.5614057
58.0,60.0,10.0,3.6632822
58.0,62.0,10.0,3.5714812
58.0,64.0,10.0,3.5823703
58.0,66.0,10.0,3.7545013
58.0,68.0,10.0,3.779065
58.0,70.0,10.0,3.6672504
58.0,72.0,10.0,3.4928842
58.0,74.0,10.0,3.5212839
58.0,76.0,10.0,3.5595887
58.0,78.0,10.0,3.5410182
58.0,80.0,10.0,3.7239995
58.0,82.0,10.0,4.077709
58.0,84.0,10.0,4.1058245
58.0,86.0,10.0,3.7968984
58.0,88.0,10.0,3.692094
58.0,90.0,10.0,3.6980672
58.0,92.0,10.0,3.5472512
58.0,94.0,10.0,3.5972786
58.0,96.0,10.0,4.059917
58.0,98.0,10.0,4.0619383
58.0,100.0,10.0,3.7173893
58.0,102.0,10.0,3.5525515
58.0,104.0,10.0,3.496654
58.0,106.0,10.0,3.359986
58.0,108.0,10.0,3.3613515
58.0,110.0,10.0,3.6044767
58.0,112.0,10.0,3.803324
58.0,114.0,10.0,3.8758438
58.0,116.0,10.0,3.7607846
58.0,118.0,10.0,3.6883028
58.0,120.0,10.0,3.582495
58.0,122.0,10.0,3.4348128
58.0,124.0,10.0,3.3741205
58.0,126.0,10.0,3.4073517
58.0,128.0,10.0,3.4961367
58.0,130.0,10.0,3.5488658
58.0,132.0,10.0,3.3264165
58.0,134.0,10.0,3.132314
58.0,136.0,10.0,3.1911244
58.0,138.0,10.0,3.3518872
58.0,140.0,10.0,3.5434077
58.0,142.0,10.0,3.5251076
58.0,144.0,10.0,3.3936832
58.0,146.0,10.0,3.3928695
58.0,148.0,10.0,3.4067037
58.0,150.0,10.0,3.5696852
58.0,152.0,10.0,3.5298584
58.0,154.0,10.0,3.4381483
58.0,156.0,10.0,3.655465
58.0,158.0,10.0,3.8305485
58.0,160.0,10.0,3.660724
58.0,162.0,10.0,3.4081414
58.0,164.0,10.0,3.4367313
58.0,166.0,10.0,3.5181084
58.0,168.0,10.0,3.5313876
58.0,170.0,10.0,3.7191012
58.0,172.0,10.0,4.2243834
58.0,174.0,10.0,4.054174
58.0,176.0,10.0,3.535317
58.0,178.0,10.0,3.4729505
58.0,180.0,10.0,3.6141102
60.0,-180.0,10.0,3.7175426
60.0,-178.0,10.0,3.7879453
60.0,-176.0,10.0,3.7684035
60.0,-174.0,10.0,3.9802706
60.0,-172.0,10.0,4.050812
60.0,-170.0,10.0,3.7196853
60.0,-168.0,10.0,3.557892
60.0,-166.0,10.0,3.5490096
60.0,-164.0,10.0,3.6267316
60.0,-162.0,10.0,3.6719465
60.0,-160.0,10.0,3.8115513
60.0,-158.0,10.0,3.97775
60.0,-156.0,10.0,3.9085746
60.0,-154.0,10.0,3.7690196
60.0,-152.0,10.0,3.7481494
60.0,-150.0,10.0,3.7760096
60.0,-148.0,10.0,3.761452
60.0,-146.0,10.0,3.6720405
60.0,-144.0,10.0,3.6655571
60.0,-142.0,10.0,3.7690024
60.0,-140.0,10.0,3.7954674
60.0,-138.0,10.0,3.749379
60.0,-136.0,10.0,3.7272959
60.0,-134.0,10.0,3.6937542
60.0,-132.0,10.0,3.75542
60.0,-130.0,10.0,3.86824
60.0,-128.0,10.0,3.8429205
60.0,-126.0,10.0,3.7421608
60.0,-124.0,10.0,3.554948
60.0,-122.0,10.0,3.538885
60.0,-120.0,10.0,3.7730641
60.0,-118.0,10.0,3.8207576
60.0,-116.0,10.0,4.017442
60.0,-114.0,10.0,3.946881
60.0,-112.0,10.0,3.8372927
60.0,-110.0,10.0,3.7567904
60.0,-108.0,10.0,3.6322281
60.0,-106.0,10.0,3.591119
60.0,-104.0,10.0,3.6468296
60.0,-102.0,10.0,3.6304102
60.0,-100.0,10.0,3.670402
60.0,-98.0,10.0,3.89814
60.0,-96.0,10.0,3.9665418
60.0,-94.0,10.0,3.852518
60.0,-92.0,10.0,3.7755442
60.0,-90.0,10.0,3.697633
60.0,-88.0,10.0,3.6762776
60.0,-86.0,10.0,3.8118641
60.0,-84.0,10.0,3.9878914
60.0,-82.0,10.0,3.9460511
60.0,-80.0,10.0,3.6569371
60.0,-78.0,10.0,3.6039448
60.0,-76.0,10.0,3.5542226
60.0,-74.0,10.0,3.6162639
60.0,-72.0,10.0,3.6160777
60.0,-70.0,10.0,3.664318
60.0,-68.0,10.0,3.793726
60.0,-66.0,10.0,3.8414097
60.0,-64.0,10.0,3.6559103
60.0,-62.0,10.0,3.6167877
60.0,-60.0,10.0,3.6957047
60.0,-58.0,10.0,3.5882883
60.0,-56.0,10.0,3.494094
60.0,-54.0,10.0,3.5836873
60.0,-52.0,10.0,3.7673185
60.0,-50.0,10.0,3.7503731
60.0,-48.0,10.0,3.5621114
60.0,-46.0,10.0,3.3900495
60.0,-44.0,10.0,3.4121187
60.0,-42.0,10.0,3.5174308
60.0,-40.0,10.0,3.7243383
60.0,-38.0,10.0,3.67163
60.0,-36.0,10.0,3.518629
60.0,-34.0,10.0,3.4501083
60.0,-32.0,10.0,3.56083
60.0,-30.0,10.0,3.746373
60.0,-28.0,10.0,3.8466969
60.0,-26.0,10.0,3.837597
60.0,-24.0,10.0,3.9766314
60.0,-22.0,10.0,3.9226727
60.0,-20.0,10.0,3.6536107
60.0,-18.0,10.0,3.3852725
60.0,-16.0,10.0,3.3388116
60.0,-14.0,10.0,3.385921
60.0,-12.0,10.0,3.4550858
60.0,-10.0,10.0,3.7148957
60.0,-8.0,10.0,4.070223
60.0,-6.0,10.0,4.0150933
60.0,-4.0,10.0,3.7679172
60.0,-2.0,10.0,3.7424104
60.0,0.0,10.0,3.760311
60.0,2.0,10.0,3.7116334
60.0,4.0,10.0,3.8222778
60.0,6.0,10.0,4.2294846
60.0,8.0,10.0,4.232029
60.0,10.0,10.0,3.741579
60.0,12.0,10.0,3.592954
60.0,14.0,10.0,3.554293
60.0,16.0,10.0,3.4345572
60.0,18.0,10.0,3.457805
60.0,20.0,10.0,3.7232366
60.0,22.0,10.0,3.9607403
60.0,24.0,10.0,3.824678
60.0,26.0,10.0,3.696325
60.0,28.0,10.0,3.7260716
60.0,30.0,10.0,3.7579148
60.0,32.0,10.0,3.538961
60.0,34.0,10.0,3.4187703
60.0,36.0,10.0,3.5306377
60.0,38.0,10.0,3.7345774
60.0,40.0,10.0,3.7899601
60.0,42.0,10.0,3.4746706
60.0,44.0,10.0,3.242833
60.0,46.0,10.0,3.2153707
60.0,48.0,10.0,3.4849281
60.0,50.0,10.0,3.7422414
60.0,52.0,10.0,3.6603074
60.0,54.0,10.0,3.62362
60.0,56.0,10.0,3.5957887
60.0,58.0,10.0,3.721441
60.0,60.0,10.0,3.8351827
60.0,62.0,10.0,3.7603588
60.0,64.0,10.0,3.7381961
60.0,66.0,10.0,3.8646104
60.0,68.0,10.0,3.8747826
60.0,70.0,10.0,3.8341463
60.0,72.0,10.0,3.6822896
60.0,74.0,10.0,3.6262794
60.0,76.0,10.0,3.662362
60.0,78.0,10.0,3.6526022
60.0,80.0,10.0,3.8039615
60.0,82.0,10.0,4.130071
60.0,84.0,10.0,4.2375736
60.0,86.0,10.0,3.9205546
60.0,88.0,10.0,3.8121881
60.0,90.0,10.0,3.8259535
60.0,92.0,10.0,3.6651735
60.0,94.0,10.0,3.7024832
60.0,96.0,10.0,4.0665097
60.0,98.0,10.0,4.094883
60.0,100.0,10.0,3.8176334
60.0,102.0,10.0,3.6812701
60.0,104.0,10.0,3.650746
60.0,106.0,10.0,3.5383365
60.0,108.0,10.0,3.5648742
60.0,110.0,10.0,3.7913017
60.0,112.0,10.0,3.978958
60.0,114.0,10.0,4.0715094
60.0,116.0,10.0,3.9446156
60.0,118.0,10.0,3.8273275
60.0,120.0,10.0,3.757371
60.0,122.0,10.0,3.6405785
60.0,124.0,10.0,3.5555508
60.0,126.0,10.0,3.5234072
60.0,128.0,10.0,3.5840979
60.0,130.0,10.0,3.667531
60.0,132.0,10.0,3.4987783
60.0,134.0,10.0,3.254412
60.0,136.0,10.0,3.31384
60.0,138.0,10.0,3.5510912
60.0,140.0,10.0,3.7448597
60.0,142.0,10.0,3.7184925
60.0,144.0,10.0,3.622812
60.0,146.0,10.0,3.5806277
60.0,148.0,10.0,3.5754938
60.0,150.0,10.0,3.702548
60.0,152.0,10.0,3.6987379
60.0,154.0,10.0,3.677827
60.0,156.0,10.0,3.8787057
60.0,158.0,10.0,4.0599036
60.0,160.0,10.0,3.8287609
60.0,162.0,10.0,3.5622685
60.0,164.0,10.0,3.4956267
60.0,166.0,10.0,3.5761518
60.0,168.0,10.0,3.6226034
60.0,170.0,10.0,3.785385
60.0,172.0,10.0,4.294219
60.0,174.0,10.0,4.163186
60.0,176.0,10.0,3.8129656
60.0,178.0,10.0,3.692291
60.0,180.0,10.0,3.7175426
62.0,-180.0,10.0,3.945927
62.0,-178.0,10.0,3.9587448
62.0,-176.0,10.0,3.930203
62.0,-174.0,10.0,4.175305
62.0,-172.0,10.0,4.1983943
62.0,-170.0,10.0,3.9527695
62.0,-168.0,10.0,3.7677515
62.0,-166.0,10.0,3.7663834
62.0,-164.0,10.0,3.831582
62.0,-162.0,10.0,3.8450923
62.0,-160.0,10.0,4.0497484
62.0,-158.0,10.0,4.197745
62.0,-156.0,10.0,4.067638
62.0,-154.0,10.0,3.9106305
62.0,-152.0,10.0,3.966218
62.0,-150.0,10.0,4.0075655
62.0,-148.0,10.0,3.9496057
62.0,-146.0,10.0,3.887089
62.0,-144.0,10.0,3.8555799
62.0,-142.0,10.0,3.883897
62.0,-140.0,10.0,3.871198
62.0,-138.0,10.0,3.8606036
62.0,-136.0,10.0,3.8305664
62.0,-134.0,10.0,3.6980631
62.0,-132.0,10.0,3.787751
62.0,-130.0,10.0,3.9114614
62.0,-128.0,10.0,3.9987504
62.0,-126.0,10.0,3.831389
62.0,-124.0,10.0,3.6040218
62.0,-122.0,10.0,3.6052575
62.0,-120.0,10.0,3.8239682
62.0,-118.0,10.0,3.8263621
62.0,-116.0,10.0,3.9671721
62.0,-114.0,10.0,3.9481676
62.0,-112.0,10.0,3.916252
62.0,-110.0,10.0,3.8248289
62.0,-108.0,10.0,3.6667516
62.0,-106.0,10.0,3.700296
62.0,-104.0,10.0,3.8479118
62.0,-102.0,10.0,3.773702
62.0,-100.0,10.0,3.8218741
62.0,-98.0,10.0,4.112409
62.0,-96.0,10.0,4.2585626
62.0,-94.0,10.0,4.1312675
62.0,-92.0,10.0,3.8828986
62.0,-90.0,10.0,3.8564646
62.0,-88.0,10.0,3.8023736
62.0,-86.0,10.0,3.87738
62.0,-84.0,10.0,4.045582
62.0,-82.0,10.0,4.1247883
62.0,-80.0,10.0,3.7919354
62.0,-78.0,10.0,3.6207452
62.0,-76.0,10.0,3.6945603
62.0,-74.0,10.0,3.7794847
62.0,-72.0,10.0,3.6702516
62.0,-70.0,10.0,3.7892978
62.0,-68.0,10.0,3.9453022
62.0,-66.0,10.0,3.997059
62.0,-64.0,10.0,3.8276875
62.0,-62.0,10.0,3.8383482
62.0,-60.0,10.0,3.8466666
62.0,-58.0,10.0,3.7042685
62.0,-56.0,10.0,3.5597122
62.0,-54.0,10.0,3.7442455
62.0,-52.0,10.0,3.9403615
62.0,-50.0,10.0,3.898562
62.0,-48.0,10.0,3.7329764
62.0,-46.0,10.0,3.5757556
62.0,-44.0,10.0,3.567162
62.0,-42.0,10.0,3.6669776
62.0,-40.0,10.0,3.8423073
62.0,-38.0,10.0,3.865357
62.0,-36.0,10.0,3.8000813
62.0,-34.0,10.0,3.6612887
62.0,-32.0,10.0,3.7283766
62.0,-30.0,10.0,3.948867
62.0,-28.0,10.0,4.0484858
62.0,-26.0,10.0,4.0936794
62.0,-24.0,10.0,4.2215543
62.0,-22.0,10.0,4.225213
62.0,-20.0,10.0,3.9244473
62.0,-18.0,10.0,3.5867333
62.0,-16.0,10.0,3.4647675
62.0,-14.0,10.0,3.5656774
62.0,-12.0,10.0,3.6494155
62.0,-10.0,10.0,3.8943405
62.0,-8.0,10.0,4.240919
62.0,-6.0,10.0,4.2640033
62.0,-4.0,10.0,3.9432185
62.0,-2.0,10.0,3.8805447
62.0,0.0,10.0,3.9853156
62.0,2.0,10.0,3.964992
62.0,4.0,10.0,4.078951
62.0,6.0,10.0,4.484951
62.0,8.0,10.0,4.572029
62.0,10.0,10.0,4.0253434
62.0,12.0,10.0,3.7431178
62.0,14.0,10.0,3.6913905
62.0,16.0,10.0,3.6295497
62.0,18.0,10.0,3.7223485
62.0,20.0,10.0,3.9419847
62.0,22.0,10.0,4.1920485
62.0,24.0,10.0,4.1161423
62.0,26.0,10.0,3.9511502
62.0,28.0,10.0,3.9628813
62.0,30.0,10.0,3.9308684
62.0,32.0,10.0,3.6470535
62.0,34.0,10.0,3.4560783
62.0,36.0,10.0,3.546366
62.0,38.0,10.0,3.9487164
62.0,40.0,10.0,4.0319033
62.0,42.0,10.0,3.6437063
62.0,44.0,10.0,3.333591
62.0,46.0,10.0,3.3292637
62.0,48.0,10.0,3.5908244
62.0,50.0,10.0,3.9010863
62.0,52.0,10.0,3.8310852
62.0,54.0,10.0,3.81578
62.0,56.0,10.0,3.724777
62.0,58.0,10.0,3.7974162
62.0,60.0,10.0,4.0036583
62.0,62.0,10.0,3.9803421
62.0,64.0,10.0,3.8923044
62.0,66.0,10.0,3.9475727
62.0,68.0,10.0,3.982159
62.0,70.0,10.0,3.9001005
62.0,72.0,10.0,3.7503502
62.0,74.0,10.0,3.7238815
62.0,76.0,10.0,3.7403593
62.0,78.0,10.0,3.7685153
62.0,80.0,10.0,3.937162
62.0,82.0,10.0,4.336251
62.0,84.0,10.0,4.428477
62.0,86.0,10.0,4.1143417
62.0,88.0,10.0,4.020801
62.0,90.0,10.0,3.9874935
62.0,92.0,10.0,3.771189
62.0,94.0,10.0,3.836732
62.0,96.0,10.0,4.2033696
62.0,98.0,10.0,4.207205
62.0,100.0,10.0,3.9737906
62.0,102.0,10.0,3.79385
62.0,104.0,10.0,3.7263064
62.0,106.0,10.0,3.724655
62.0,108.0,10.0,3.7389743
62.0,110.0,10.0,3.8637416
62.0,112.0,10.0,4.0785007
62.0,114.0,10.0,4.2273407
62.0,116.0,10.0,4.103818
62.0,118.0,10.0,3.9769216
62.0,120.0,10.0,3.9370887
62.0,122.0,10.0,3.7765884
62.0,124.0,10.0,3.659149
62.0,126.0,10.0,3.5497463
62.0,128.0,10.0,3.670718
62.0,130.0,10.0,3.8005242
62.0,132.0,10.0,3.629113
62.0,134.0,10.0,3.3446069
62.0,136.0,10.0,3.4737844
62.0,138.0,10.0,3.7272084
62.0,140.0,10.0,3.9288857
62.0,142.0,10.0,3.8313694
62.0,144.0,10.0,3.635699
62.0,146.0,10.0,3.5689783
62.0,148.0,10.0,3.6736202
62.0,150.0,10.0,3.8787954
62.0,152.0,10.0,3.840367
62.0,154.0,10.0,3.8360584
62.0,156.0,10.0,4.1168795
62.0,158.0,10.0,4.2627926
62.0,160.0,10.0,3.9590209
62.0,162.0,10.0,3.6633987
62.0,164.0,10.0,3.6651099
62.0,166.0,10.0,3.744424
62.0,168.0,10.0,3.7348073
62.0,170.0,10.0,3.9184906
62.0,172.0,10.0,4.4760675
62.0,174.0,10.0,4.343993
62.0,176.0,10.0,3.9198418
62.0,178.0,10.0,3.8754516
62.0,180.0,10.0,3.945927
64.0,-180.0,10.0,3.9399555
64.0,-178.0,10.0,3.850752
64.0,-176.0,10.0,3.909439
64.0,-174.0,10.0,4.212082
64.0,-172.0,10.0,4.206299
64.0,-170.0,10.0,3.880466
64.0,-168.0,10.0,3.7098405
64.0,-166.0,10.0,3.7914405
64.0,-164.0,10.0,3.774959
64.0,-162.0,10.0,3.6916335
64.0,-160.0,10.0,3.9300785
64.0,-158.0,10.0,4.0867276
64.0,-156.0,10.0,3.8231688
64.0,-154.0,10.0,3.634983
64.0,-152.0,10.0,3.8256848
64.0,-150.0,10.0,4.016789
64.0,-148.0,10.0,3.761671
64.0,-146.0,10.0,3.6766906
64.0,-144.0,10.0,3.6314638
64.0,-142.0,10.0,3.8362155
64.0,-140.0,10.0,3.8192813
64.0,-138.0,10.0,3.8166351
64.0,-136.0,10.0,3.7003
64.0,-134.0,10.0,3.641091
64.0,-132.0,10.0,3.647156
64.0,-130.0,10.0,3.710124
64.0,-128.0,10.0,3.7373357
64.0,-126.0,10.0,3.6053312
64.0,-124.0,10.0,3.390328
64.0,-122.0,10.0,3.3793526
64.0,-120.0,10.0,3.7334068
64.0,-118.0,10.0,3.8361487
64.0,-116.0,10.0,3.8426003
64.0,-114.0,10.0,3.8313096
64.0,-112.0,10.0,3.8293228
64.0,-110.0,10.0,3.6686513
64.0,-108.0,10.0,3.5252988
64.0,-106.0,10.0,3.5814319
64.0,-104.0,10.0,3.6869698
64.0,-102.0,10.0,3.664929
64.0,-100.0,10.0,3.6169589
64.0,-98.0,10.0,3.8270018
64.0,-96.0,10.0,4.068867
64.0,-94.0,10.0,3.833799
64.0,-92.0,10.0,3.6615016
64.0,-90.0,10.0,3.6652443
64.0,-88.0,10.0,3.742904
64.0,-86.0,10.0,3.780647
64.0,-84.0,10.0,3.912581
64.0,-82.0,10.0,3.908282
64.0,-80.0,10.0,3.6095374
64.0,-78.0,10.0,3.5202286
64.0,-76.0,10.0,3.6754723
64.0,-74.0,10.0,3.6889467
64.0,-72.0,10.0,3.5742528
64.0,-70.0,10.0,3.638273
64.0,-68.0,10.0,3.8728962
64.0,-66.0,10.0,3.8693779
64.0,-64.0,10.0,3.6737893
64.0,-62.0,10.0,3.6067863
64.0,-60.0,10.0,3.6614711
64.0,-58.0,10.0,3.5652924
64.0,-56.0,10.0,3.3829153
64.0,-54.0,10.0,3.539524
64.0,-52.0,10.0,3.7521265
64.0,-50.0,10.0,3.7156408
64.0,-48.0,10.0,3.443676
64.0,-46.0,10.0,3.406449
64.0,-44.0,10.0,3.4237628
64.0,-42.0,10.0,3.5016782
64.0,-40.0,10.0,3.7417047
64.0,-38.0,10.0,3.8182497
64.0,-36.0,10.0,3.7302954
64.0,-34.0,10.0,3.6453483
64.0,-32.0,10.0,3.664133
64.0,-30.0,10.0,3.8553596
64.0,-28.0,10.0,3.828918
64.0,-26.0,10.0,3.8153286
64.0,-24.0,10.0,3.9918225
64.0,-22.0,10.0,4.102731
64.0,-20.0,10.0,3.7795525
64.0,-18.0,10.0,3.3983161
64.0,-16.0,10.0,3.28201
64.0,-14.0,10.0,3.3662062
64.0,-12.0,10.0,3.437175
64.0,-10.0,10.0,3.6642654
64.0,-8.0,10.0,4.112969
64.0,-6.0,10.0,4.1755896
64.0,-4.0,10.0,3.844601
64.0,-2.0,10.0,3.7770724
64.0,0.0,10.0,3.751646
64.0,2.0,10.0,3.7208517
64.0,4.0,10.0,3.8337824
64.0,6.0,10.0,4.32705
64.0,8.0,10.0,4.4405165
64.0,10.0,10.0,3.8447526
64.0,12.0,10.0,3.517212
64.0,14.0,10.0,3.4678786
64.0,16.0,10.0,3.441929
64.0,18.0,10.0,3.5503187
64.0,20.0,10.0,3.8668265
64.0,22.0,10.0,4.211994
64.0,24.0,10.0,4.1150365
64.0,26.0,10.0,3.9028828
64.0,28.0,10.0,3.891352
64.0,30.0,10.0,3.8697627
64.0,32.0,10.0,3.6742508
64.0,34.0,10.0,3.4527874
64.0,36.0,10.0,3.5759618
64.0,38.0,10.0,3.9292314
64.0,40.0,10.0,3.9510887
64.0,42.0,10.0,3.4698172
64.0,44.0,10.0,3.0610938
64.0,46.0,10.0,3.0667539
64.0,48.0,10.0,3.4081328
64.0,50.0,10.0,3.8174055
64.0,52.0,10.0,3.818176
64.0,54.0,10.0,3.6274374
64.0,56.0,10.0,3.5164983
64.0,58.0,10.0,3.7394485
64.0,60.0,10.0,3.9961886
64.0,62.0,10.0,3.8621576
64.0,64.0,10.0,3.7582238
64.0,66.0,10.0,4.000164
64.0,68.0,10.0,4.0742855
64.0,70.0,10.0,3.7612805
64.0,72.0,10.0,3.570441
64.0,74.0,10.0,3.6244206
64.0,76.0,10.0,3.6457593
64.0,78.0,10.0,3.6158478
64.0,80.0,10.0,3.8745308
64.0,82.0,10.0,4.289591
64.0,84.0,10.0,4.3419046
64.0,86.0,10.0,4.0078797
64.0,88.0,10.0,3.8468375
64.0,90.0,10.0,3.8769274
64.0,92.0,10.0,3.738607
64.0,94.0,10.0,3.8119967
64.0,96.0,10.0,4.2552385
64.0,98.0,10.0,4.2283416
64.0,100.0,10.0,3.8208961
64.0,102.0,10.0,3.6141567
64.0,104.0,10.0,3.6091566
64.0,106.0,10.0,3.5565033
64.0,108.0,10.0,3.4781494
64.0,110.0,10.0,3.7480388
64.0,112.0,10.0,4.085678
64.0,114.0,10.0,4.134534
64.0,116.0,10.0,3.9662557
64.0,118.0,10.0,3.939903
64.0,120.0,10.0,3.9223328
64.0,122.0,10.0,3.6470687
64.0,124.0,10.0,3.466461
64.0,126.0,10.0,3.4391632
64.0,128.0,10.0,3.6644654
64.0,130.0,10.0,3.7072282
64.0,132.0,10.0,3.5127828
64.0,134.0,10.0,3.2859786
64.0,136.0,10.0,3.3826754
64.0,138.0,10.0,3.549422
64.0,140.0,10.0,3.79074
64.0,142.0,10.0,3.7383802
64.0,144.0,10.0,3.5368214
64.0,146.0,10.0,3.477704
64.0,148.0,10.0,3.697725
64.0,150.0,10.0,3.8600218
64.0,152.0,10.0,3.7451167
64.0,154.0,10.0,3.7545881
64.0,156.0,10.0,4.1248927
64.0,158.0,10.0,4.248501
64.0,160.0,10.0,3.8741019
64.0,162.0,10.0,3.5668135
64.0,164.0,10.0,3.6291544
64.0,166.0,10.0,3.6981246
64.0,168.0,10.0,3.7025611
64.0,170.0,10.0,3.9634275
64.0,172.0,10.0,4.5430856
64.0,174.0,10.0,4.2276134
64.0,176.0,10.0,3.7937064
64.0,178.0,10.0,3.6993375
64.0,180.0,10.0,3.9399555
66.0,-180.0,10.0,3.4628634
66.0,-178.0,10.0,3.5785751
66.0,-176.0,10.0,3.6246865
66.0,-174.0,10.0,3.8147166
66.0,-172.0,10.0,3.807116
66.0,-170.0,10.0,3.4403327
66.0,-168.0,10.0,3.340576
66.0,-166.0,10.0,3.4816535
66.0,-164.0,10.0,3.5231903
66.0,-162.0,10.0,3.359893
66.0,-160.0,10.0,3.519662
66.0,-158.0,10.0,3.6537013
66.0,-156.0,10.0,3.4415264
66.0,-154.0,10.0,3.347449
66.0,-152.0,10.0,3.4369311
66.0,-150.0,10.0,3.5287027
66.0,-148.0,10.0,3.2972612
66.0,-146.0,10.0,3.1761944
66.0,-144.0,10.0,3.219864
66.0,-142.0,10.0,3.3736622
66.0,-140.0,10.0,3.5211234
66.0,-138.0,10.0,3.5266256
66.0,-136.0,10.0,3.4996526
66.0,-134.0,10.0,3.4458733
66.0,-132.0,10.0,3.4353976
66.0,-130.0,10.0,3.4537601
66.0,-128.0,10.0,3.4631958
66.0,-126.0,10.0,3.3169312
66.0,-124.0,10.0,3.1617522
66.0,-122.0,10.0,3.2780652
66.0,-120.0,10.0,3.5648181
66.0,-118.0,10.0,3.5910552
66.0,-116.0,10.0,3.5427015
66.0,-114.0,10.0,3.596941
66.0,-112.0,10.0,3.5838876
66.0,-110.0,10.0,3.4934404
66.0,-108.0,10.0,3.446264
66.0,-106.0,10.0,3.492776
66.0,-104.0,10.0,3.589095
66.0,-102.0,10.0,3.5487814
66.0,-100.0,10.0,3.4415822
66.0,-98.0,10.0,3.6001396
66.0,-96.0,10.0,3.625829
66.0,-94.0,10.0,3.4693964
66.0,-92.0,10.0,3.3963041
66.0,-90.0,10.0,3.4818954
66.0,-88.0,10.0,3.5314486
66.0,-86.0,10.0,3.5472178
66.0,-84.0,10.0,3.7088253
66.0,-82.0,10.0,3.7017288
66.0,-80.0,10.0,3.4495003
66.0,-78.0,10.0,3.4120545
66.0,-76.0,10.0,3.5588753
66.0,-74.0,10.0,3.5925179
66.0,-72.0,10.0,3.4500346
66.0,-70.0,10.0,3.4741666
66.0,-68.0,10.0,3.622314
66.0,-66.0,10.0,3.6025195
66.0,-64.0,10.0,3.4790883
66.0,-62.0,10.0,3.3923776
66.0,-60.0,10.0,3.508787
66.0,-58.0,10.0,3.387273
66.0,-56.0,10.0,3.2134202
66.0,-54.0,10.0,3.2669408
66.0,-52.0,10.0,3.4234314
66.0,-50.0,10.0,3.4451098
66.0,-48.0,10.0,3.2782066
66.0,-46.0,10.0,3.2161765
66.0,-44.0,10.0,3.2668197
66.0,-42.0,10.0,3.3572443
66.0,-40.0,10.0,3.4185662
66.0,-38.0,10.0,3.4310372
66.0,-36.0,10.0,3.355535
66.0,-34.0,10.0,3.2719033
66.0,-32.0,10.0,3.2780757
66.0,-30.0,10.0,3.4569504
66.0,-28.0,10.0,3.479477
66.0,-26.0,10.0,3.4495564
66.0,-24.0,10.0,3.5815756
66.0,-22.0,10.0,3.6950746
66.0,-20.0,10.0,3.4697158
66.0,-18.0,10.0,3.1863322
66.0,-16.0,10.0,3.1236129
66.0,-14.0,10.0,3.22454
66.0,-12.0,10.0,3.332338
66.0,-10.0,10.0,3.4920392
66.0,-8.0,10.0,3.799233
66.0,-6.0,10.0,3.8959332
66.0,-4.0,10.0,3.628066
66.0,-2.0,10.0,3.5056164
66.0,0.0,10.0,3.4988344
66.0,2.0,10.0,3.4266207
66.0,4.0,10.0,3.4940732
66.0,6.0,10.0,3.8901062
66.0,8.0,10.0,4.042417
66.0,10.0,10.0,3.5295017
66.0,12.0,10.0,3.195451
66.0,14.0,10.0,3.121583
66.0,16.0,10.0,3.1660523
66.0,18.0,10.0,3.2855382
66.0,20.0,10.0,3.5145245
66.0,22.0,10.0,3.7752929
66.0,24.0,10.0,3.7519372
66.0,26.0,10.0,3.531255
66.0,28.0,10.0,3.5119815
66.0,30.0,10.0,3.5036428
66.0,32.0,10.0,3.4045124
66.0,34.0,10.0,3.2516394
66.0,36.0,10.0,3.2837758
66.0,38.0,10.0,3.5164523
66.0,40.0,10.0,3.5161178
66.0,42.0,10.0,3.1290276
66.0,44.0,10.0,2.873639
66.0,46.0,10.0,2.845353
66.0,48.0,10.0,3.1187906
66.0,50.0,10.0,3.447149
66.0,52.0,10.0,3.448207
66.0,54.0,10.0,3.243202
66.0,56.0,10.0,3.200702
66.0,58.0,10.0,3.385865
66.0,60.0,10.0,3.5694864
66.0,62.0,10.0,3.4922366
66.0,64.0,10.0,3.4617987
66.0,66.0,10.0,3.7079434
66.0,68.0,10.0,3.7924757
66.0,70.0,10.0,3.5536304
66.0,72.0,10.0,3.3308086
66.0,74.0,10.0,3.3709853
66.0,76.0,10.0,3.4537158
66.0,78.0,10.0,3.3825016
66.0,80.0,10.0,3.6043797
66.0,82.0,10.0,4.0191984
66.0,84.0,10.0,4.020729
66.0,86.0,10.0,3.6634884
66.0,88.0,10.0,3.5670187
66.0,90.0,10.0,3.567653
66.0,92.0,10.0,3.4541905
66.0,94.0,10.0,3.5908022
66.0,96.0,10.0,4.012973
66.0,98.0,10.0,3.9937625
66.0,100.0,10.0,3.5742216
66.0,102.0,10.0,3.371941
66.0,104.0,10.0,3.395285
66.0,106.0,10.0,3.3988166
66.0,108.0,10.0,3.3471453
66.0,110.0,10.0,3.567644
66.0,112.0,10.0,3.93471
66.0,114.0,10.0,3.8764167
66.0,116.0,10.0,3.5988038
66.0,118.0,10.0,3.5654173
66.0,120.0,10.0,3.5311975
66.0,122.0,10.0,3.385417
66.0,124.0,10.0,3.172606
66.0,126.0,10.0,3.206102
66.0,128.0,10.0,3.4475274
66.0,130.0,10.0,3.4657965
66.0,132.0,10.0,3.2463453
66.0,134.0,10.0,3.073752
66.0,136.0,10.0,3.071348
66.0,138.0,10.0,3.2849555
66.0,140.0,10.0,3.4856167
66.0,142.0,10.0,3.440822
66.0,144.0,10.0,3.2763915
66.0,146.0,10.0,3.2578247
66.0,148.0,10.0,3.4466503
66.0,150.0,10.0,3.5381532
66.0,152.0,10.0,3.504035
66.0,154.0,10.0,3.5475883
66.0,156.0,10.0,3.7554889
66.0,158.0,10.0,3.8202043
66.0,160.0,10.0,3.4527957
66.0,162.0,10.0,3.2116122
66.0,164.0,10.0,3.2990541
66.0,166.0,10.0,3.33437
66.0,168.0,10.0,3.3301456
66.0,170.0,10.0,3.552187
66.0,172.0,10.0,4.0167775
66.0,174.0,10.0,3.7651489
66.0,176.0,10.0,3.2850635
66.0,178.0,10.0,3.2823977
66.0,180.0,10.0,3.4628634
68.0,-180.0,10.0,3.318928
68.0,-178.0,10.0,3.3842783
68.0,-176.0,10.0,3.380384
68.0,-174.0,10.0,3.5792918
68.0,-172.0,10.0,3.5823054
68.0,-170.0,10.0,3.2660997
68.0,-168.0,10.0,3.1474013
68.0,-166.0,10.0,3.2275567
68.0,-164.0,10.0,3.2843893
68.0,-162.0,10.0,3.2060099
68.0,-160.0,10.0,3.2701662
68.0,-158.0,10.0,3.3948526
68.0,-156.0,10.0,3.171331
68.0,-154.0,10.0,3.1294537
68.0,-152.0,10.0,3.104927
68.0,-150.0,10.0,3.20504
68.0,-148.0,10.0,3.1352005
68.0,-146.0,10.0,2.9983926
68.0,-144.0,10.0,3.003262
68.0,-142.0,10.0,3.1372712
68.0,-140.0,10.0,3.261284
68.0,-138.0,10.0,3.268835
68.0,-136.0,10.0,3.2106717
68.0,-134.0,10.0,3.2009366
68.0,-132.0,10.0,3.2302265
68.0,-130.0,10.0,3.2125769
68.0,-128.0,10.0,3.1810079
68.0,-126.0,10.0,3.1195395
68.0,-124.0,10.0,3.0198612
68.0,-122.0,10.0,3.16518
68.0,-120.0,10.0,3.4286926
68.0,-118.0,10.0,3.4475296
68.0,-116.0,10.0,3.4872458
68.0,-114.0,10.0,3.5640283
68.0,-112.0,10.0,3.4710326
68.0,-110.0,10.0,3.3829234
68.0,-108.0,10.0,3.2899368
68.0,-106.0,10.0,3.3747263
68.0,-104.0,10.0,3.4480996
68.0,-102.0,10.0,3.4107296
68.0,-100.0,10.0,3.3263412
68.0,-98.0,10.0,3.4651966
68.0,-96.0,10.0,3.5191357
68.0,-94.0,10.0,3.3845785
68.0,-92.0,10.0,3.2728906
68.0,-90.0,10.0,3.3592403
68.0,-88.0,10.0,3.3380911
68.0,-86.0,10.0,3.2801433
68.0,-84.0,10.0,3.5274973
68.0,-82.0,10.0,3.5183752
68.0,-80.0,10.0,3.3249967
68.0,-78.0,10.0,3.2671363
68.0,-76.0,10.0,3.3865435
68.0,-74.0,10.0,3.4202664
68.0,-72.0,10.0,3.352067
68.0,-70.0,10.0,3.3669627
68.0,-68.0,10.0,3.5494068
68.0,-66.0,10.0,3.559191
68.0,-64.0,10.0,3.3768215
68.0,-62.0,10.0,3.3177538
68.0,-60.0,10.0,3.393448
68.0,-58.0,10.0,3.323313
68.0,-56.0,10.0,3.1393785
68.0,-54.0,10.0,3.1550102
68.0,-52.0,10.0,3.321287
68.0,-50.0,10.0,3.3009267
68.0,-48.0,10.0,3.2149591
68.0,-46.0,10.0,3.1602662
68.0,-44.0,10.0,3.195146
68.0,-42.0,10.0,3.2352078
68.0,-40.0,10.0,3.2457218
68.0,-38.0,10.0,3.2271712
68.0,-36.0,10.0,3.1697245
68.0,-34.0,10.0,3.1216838
68.0,-32.0,10.0,3.1470003
68.0,-30.0,10.0,3.3613892
68.0,-28.0,10.0,3.4017437
68.0,-26.0,10.0,3.3966167
68.0,-24.0,10.0,3.461985
68.0,-22.0,10.0,3.5557308
68.0,-20.0,10.0,3.307405
68.0,-18.0,10.0,3.0407515
68.0,-16.0,10.0,3.0145133
68.0,-14.0,10.0,3.1203477
68.0,-12.0,10.0,3.1679273
68.0,-10.0,10.0,3.3224607
68.0,-8.0,10.0,3.717023
68.0,-6.0,10.0,3.763875
68.0,-4.0,10.0,3.426693
68.0,-2.0,10.0,3.3149865
68.0,0.0,10.0,3.373802
68.0,2.0,10.0,3.2510765
68.0,4.0,10.0,3.3403356
68.0,6.0,10.0,3.7580457
68.0,8.0,10.0,3.8982012
68.0,10.0,10.0,3.3822107
68.0,12.0,10.0,3.1217928
68.0,14.0,10.0,3.0498307
68.0,16.0,10.0,3.0340676
68.0,18.0,10.0,3.1949933
68.0,20.0,10.0,3.4192064
68.0,22.0,10.0,3.619708
68.0,24.0,10.0,3.5317323
68.0,26.0,10.0,3.3924143
68.0,28.0,10.0,3.3488917
68.0,30.0,10.0,3.3715088
68.0,32.0,10.0,3.2685905
68.0,34.0,10.0,3.1217575
68.0,36.0,10.0,3.1711576
68.0,38.0,10.0,3.3836682
68.0,40.0,10.0,3.407954
68.0,42.0,10.0,3.0689223
68.0,44.0,10.0,2.815932
68.0,46.0,10.0,2.7432687
68.0,48.0,10.0,3.0073183
68.0,50.0,10.0,3.3075528
68.0,52.0,10.0,3.2681856
68.0,54.0,10.0,3.0903683
68.0,56.0,10.0,3.058427
68.0,58.0,10.0,3.1804407
68.0,60.0,10.0,3.35559
68.0,62.0,10.0,3.3170218
68.0,64.0,10.0,3.2587726
68.0,66.0,10.0,3.450907
68.0,68.0,10.0,3.5757535
68.0,70.0,10.0,3.3415518
68.0,72.0,10.0,3.168079
68.0,74.0,10.0,3.1488495
68.0,76.0,10.0,3.2247956
68.0,78.0,10.0,3.127313
68.0,80.0,10.0,3.3551142
68.0,82.0,10.0,3.7175384
68.0,84.0,10.0,3.6852472
68.0,86.0,10.0,3.4088857
68.0,88.0,10.0,3.3440313
68.0,90.0,10.0,3.2701023
68.0,92.0,10.0,3.2111173
68.0,94.0,10.0,3.3743072
68.0,96.0,10.0,3.7266552
68.0,98.0,10.0,3.7540028
68.0,100.0,10.0,3.3625915
68.0,102.0,10.0,3.1539748
68.0,104.0,10.0,3.1699574
68.0,106.0,10.0,3.1596491
68.0,108.0,10.0,3.167894
68.0,110.0,10.0,3.40113
68.0,112.0,10.0,3.6522877
68.0,114.0,10.0,3.6399152
68.0,116.0,10.0,3.4161916
68.0,118.0,10.0,3.326788
68.0,120.0,10.0,3.2951355
68.0,122.0,10.0,3.207621
68.0,124.0,10.0,3.020545
68.0,126.0,10.0,3.0232832
68.0,128.0,10.0,3.2480977
68.0,130.0,10.0,3.2861557
68.0,132.0,10.0,3.105734
68.0,134.0,10.0,2.9376373
68.0,136.0,10.0,2.9456363
68.0,138.0,10.0,3.1574154
68.0,140.0,10.0,3.297439
68.0,142.0,10.0,3.2018883
68.0,144.0,10.0,3.1013863
68.0,146.0,10.0,3.0607245
68.0,148.0,10.0,3.1664221
68.0,150.0,10.0,3.31654
68.0,152.0,10.0,3.2411215
68.0,154.0,10.0,3.2939718
68.0,156.0,10.0,3.523068
68.0,158.0,10.0,3.5892217
68.0,160.0,10.0,3.2702515
68.0,162.0,10.0,3.0142694
68.0,164.0,10.0,3.035048
68.0,166.0,10.0,3.1422634
68.0,168.0,10.0,3.1501682
68.0,170.0,10.0,3.3368874
68.0,172.0,10.0,3.6767352
68.0,174.0,10.0,3.476536
68.0,176.0,10.0,3.1661274
68.0,178.0,10.0,3.1017766
68.0,180.0,10.0,3.318928
70.0,-180.0,10.0,3.6323638
70.0,-178.0,10.0,3.7454672
70.0,-176.0,10.0,3.810174
70.0,-174.0,10.0,4.063596
70.0,-172.0,10.0,4.019676
70.0,-170.0,10.0,3.692176
70.0,-168.0,10.0,3.5850797
70.0,-166.0,10.0,3.669808
70.0,-164.0,10.0,3.6374843
70.0,-162.0,10.0,3.5900357
70.0,-160.0,10.0,3.7784212
70.0,-158.0,10.0,3.896498
70.0,-156.0,10.0,3.6946025
70.0,-154.0,10.0,3.536413
70.0,-152.0,10.0,3.5663059
70.0,-150.0,10.0,3.708763
70.0,-148.0,10.0,3.5588498
70.0,-146.0,10.0,3.4192648
70.0,-144.0,10.0,3.4984555
70.0,-142.0,10.0,3.6982753
70.0,-140.0,10.0,3.6924305
70.0,-138.0,10.0,3.6181185
70.0,-136.0,10.0,3.5564601
70.0,-134.0,10.0,3.5345695
70.0,-132.0,10.0,3.595156
70.0,-130.0,10.0,3.6561565
70.0,-128.0,10.0,3.5474977
70.0,-126.0,10.0,3.419997
70.0,-124.0,10.0,3.3177304
70.0,-122.0,10.0,3.4267962
70.0,-120.0,10.0,3.7755468
70.0,-118.0,10.0,3.8598387
70.0,-116.0,10.0,3.946339
70.0,-114.0,10.0,4.007706
70.0,-112.0,10.0,3.844084
70.0,-110.0,10.0,3.6121547
70.0,-108.0,10.0,3.4618356
70.0,-106.0,10.0,3.508822
70.0,-104.0,10.0,3.6017883
70.0,-102.0,10.0,3.5914538
70.0,-100.0,10.0,3.4912398
70.0,-98.0,10.0,3.7023795
70.0,-96.0,10.0,3.8976977
70.0,-94.0,10.0,3.7897305
70.0,-92.0,10.0,3.5980012
70.0,-90.0,10.0,3.5343592
70.0,-88.0,10.0,3.5541215
70.0,-86.0,10.0,3.6597614
70.0,-84.0,10.0,3.913074
70.0,-82.0,10.0,3.7974415
70.0,-80.0,10.0,3.462799
70.0,-78.0,10.0,3.3987267
70.0,-76.0,10.0,3.4880612
70.0,-74.0,10.0,3.523315
70.0,-72.0,10.0,3.4684463
70.0,-70.0,10.0,3.563015
70.0,-68.0,10.0,3.7763124
70.0,-66.0,10.0,3.8632655
70.0,-64.0,10.0,3.6659951
70.0,-62.0,10.0,3.5515375
70.0,-60.0,10.0,3.6399508
70.0,-58.0,10.0,3.5412834
70.0,-56.0,10.0,3.325892
70.0,-54.0,10.0,3.4511309
70.0,-52.0,10.0,3.6764636
70.0,-50.0,10.0,3.6776233
70.0,-48.0,10.0,3.4472957
70.0,-46.0,10.0,3.240583
70.0,-44.0,10.0,3.2848682
70.0,-42.0,10.0,3.4571629
70.0,-40.0,10.0,3.6896913
70.0,-38.0,10.0,3.7081945
70.0,-36.0,10.0,3.5698702
70.0,-34.0,10.0,3.4367173
70.0,-32.0,10.0,3.518131
70.0,-30.0,10.0,3.7015836
70.0,-28.0,10.0,3.7104716
70.0,-26.0,10.0,3.7400954
70.0,-24.0,10.0,3.8561733
70.0,-22.0,10.0,3.894516
70.0,-20.0,10.0,3.6409853
70.0,-18.0,10.0,3.288855
70.0,-16.0,10.0,3.1958053
70.0,-14.0,10.0,3.393863
70.0,-12.0,10.0,3.4364476
70.0,-10.0,10.0,3.6048965
70.0,-8.0,10.0,4.0956955
70.0,-6.0,10.0,4.1101956
70.0,-4.0,10.0,3.7262146
70.0,-2.0,10.0,3.5981307
70.0,0.0,10.0,3.6994946
70.0,2.0,10.0,3.561117
70.0,4.0,10.0,3.60151
70.0,6.0,10.0,4.0812535
70.0,8.0,10.0,4.2279606
70.0,10.0,10.0,3.6531122
70.0,12.0,10.0,3.3063204
70.0,14.0,10.0,3.3611934
70.0,16.0,10.0,3.2674575
70.0,18.0,10.0,3.4259415
70.0,20.0,10.0,3.7339098
70.0,22.0,10.0,3.972571
70.0,24.0,10.0,3.925838
70.0,26.0,10.0,3.6667268
70.0,28.0,10.0,3.6243424
70.0,30.0,10.0,3.7520933
70.0,32.0,10.0,3.6121302
70.0,34.0,10.0,3.4359472
70.0,36.0,10.0,3.497577
70.0,38.0,10.0,3.795562
70.0,40.0,10.0,3.8088267
70.0,42.0,10.0,3.3302596
70.0,44.0,10.0,2.9970694
70.0,46.0,10.0,2.9874625
70.0,48.0,10.0,3.29752
70.0,50.0,10.0,3.6757588
70.0,52.0,10.0,3.647972
70.0,54.0,10.0,3.4803932
70.0,56.0,10.0,3.3909519
70.0,58.0,10.0,3.5489652
70.0,60.0,10.0,3.7288806
70.0,62.0,10.0,3.6504695
70.0,64.0,10.0,3.637638
70.0,66.0,10.0,3.8699546
70.0,68.0,10.0,3.9034824
70.0,70.0,10.0,3.6482692
70.0,72.0,10.0,3.4584932
70.0,74.0,10.0,3.4393642
70.0,76.0,10.0,3.4402661
70.0,78.0,10.0,3.4295454
70.0,80.0,10.0,3.6041477
70.0,82.0,10.0,4.042051
70.0,84.0,10.0,4.0936065
70.0,86.0,10.0,3.7153862
70.0,88.0,10.0,3.5908678
70.0,90.0,10.0,3.6028318
70.0,92.0,10.0,3.453615
70.0,94.0,10.0,3.6330886
70.0,96.0,10.0,4.0360904
70.0,98.0,10.0,4.0092764
70.0,100.0,10.0,3.6058025
70.0,102.0,10.0,3.4712768
70.0,104.0,10.0,3.437386
70.0,106.0,10.0,3.3900344
70.0,108.0,10.0,3.3618848
70.0,110.0,10.0,3.627221
70.0,112.0,10.0,3.8881443
70.0,114.0,10.0,3.9553757
70.0,116.0,10.0,3.8255873
70.0,118.0,10.0,3.7422884
70.0,120.0,10.0,3.621419
70.0,122.0,10.0,3.374904
70.0,124.0,10.0,3.2775924
70.0,126.0,10.0,3.3517706
70.0,128.0,10.0,3.5878596
70.0,130.0,10.0,3.58201
70.0,132.0,10.0,3.41703
70.0,134.0,10.0,3.2276928
70.0,136.0,10.0,3.2318373
70.0,138.0,10.0,3.4337282
70.0,140.0,10.0,3.6150315
70.0,142.0,10.0,3.5557444
70.0,144.0,10.0,3.4283102
70.0,146.0,10.0,3.3822958
70.0,148.0,10.0,3.4834607
70.0,150.0,10.0,3.6538556
70.0,152.0,10.0,3.5444753
70.0,154.0,10.0,3.598931
70.0,156.0,10.0,3.9431915
70.0,158.0,10.0,4.090028
70.0,160.0,10.0,3.760874
70.0,162.0,10.0,3.5109475
70.0,164.0,10.0,3.4963644
70.0,166.0,10.0,3.4991417
70.0,168.0,10.0,3.446487
70.0,170.0,10.0,3.714548
70.0,172.0,10.0,4.166996
70.0,174.0,10.0,3.9821742
70.0,176.0,10.0,3.619012
70.0,178.0,10.0,3.5401783
70.0,180.0,10.0,3.6323638
72.0,-180.0,10.0,4.2752323
72.0,-178.0,10.0,4.291862
72.0,-176.0,10.0,4.344404
72.0,-174.0,10.0,4.7158384
72.0,-172.0,10.0,4.7142243
72.0,-170.0,10.0,4.357837
72.0,-168.0,10.0,4.2184706
72.0,-166.0,10.0,4.4325085
72.0,-164.0,10.0,4.32831
72.0,-162.0,10.0,4.133079
72.0,-160.0,10.0,4.3352876
72.0,-158.0,10.0,4.5024276
72.0,-156.0,10.0,4.215262
72.0,-154.0,10.0,4.022856
72.0,-152.0,10.0,4.1214247
72.0,-150.0,10.0,4.329962
72.0,-148.0,10.0,4.0958695
72.0,-146.0,10.0,3.9269445
72.0,-144.0,10.0,4.0503016
72.0,-142.0,10.0,4.374864
72.0,-140.0,10.0,4.3868976
72.0,-138.0,10.0,4.2054176
72.0,-136.0,10.0,4.134397
72.0,-134.0,10.0,4.1465793
72.0,-132.0,10.0,4.221842
72.0,-130.0,10.0,4.2969227
72.0,-128.0,10.0,4.1294994
72.0,-126.0,10.0,3.8975165
72.0,-124.0,10.0,3.8198204
72.0,-122.0,10.0,3.9615295
72.0,-120.0,10.0,4.3619614
72.0,-118.0,10.0,4.428193
72.0,-116.0,10.0,4.4108925
72.0,-114.0,10.0,4.4652615
72.0,-112.0,10.0,4.414495
72.0,-110.0,10.0,4.036659
72.0,-108.0,10.0,3.835484
72.0,-106.0,10.0,3.886902
72.0,-104.0,10.0,4.0527253
72.0,-102.0,10.0,4.0319104
72.0,-100.0,10.0,3.9952712
72.0,-98.0,10.0,4.1700306
72.0,-96.0,10.0,4.280367
72.0,-94.0,10.0,4.232535
72.0,-92.0,10.0,4.109118
72.0,-90.0,10.0,4.0389867
72.0,-88.0,10.0,4.058177
72.0,-86.0,10.0,4.2730794
72.0,-84.0,10.0,4.513973
72.0,-82.0,10.0,4.3968997
72.0,-80.0,10.0,3.9703667
72.0,-78.0,10.0,3.8101764
72.0,-76.0,10.0,3.9699094
72.0,-74.0,10.0,3.9760556
72.0,-72.0,10.0,3.8586981
72.0,-70.0,10.0,3.932613
72.0,-68.0,10.0,4.124678
72.0,-66.0,10.0,4.1443925
72.0,-64.0,10.0,4.0002184
72.0,-62.0,10.0,4.027286
72.0,-60.0,10.0,4.180386
72.0,-58.0,10.0,4.0702157
72.0,-56.0,10.0,3.8386488
72.0,-54.0,10.0,3.96215
72.0,-52.0,10.0,4.272266
72.0,-50.0,10.0,4.29993
72.0,-48.0,10.0,3.9562716
72.0,-46.0,10.0,3.63525
72.0,-44.0,10.0,3.6071866
72.0,-42.0,10.0,3.8521163
72.0,-40.0,10.0,4.1749225
72.0,-38.0,10.0,4.2216988
72.0,-36.0,10.0,3.924664
72.0,-34.0,10.0,3.856639
72.0,-32.0,10.0,3.9250622
72.0,-30.0,10.0,4.1017175
72.0,-28.0,10.0,4.077464
72.0,-26.0,10.0,4.075385
72.0,-24.0,10.0,4.261602
72.0,-22.0,10.0,4.3804164
72.0,-20.0,10.0,4.086283
72.0,-18.0,10.0,3.8216486
72.0,-16.0,10.0,3.7515225
72.0,-14.0,10.0,3.9812193
72.0,-12.0,10.0,3.898929
72.0,-10.0,10.0,4.119116
72.0,-8.0,10.0,4.6551847
72.0,-6.0,10.0,4.5878706
72.0,-4.0,10.0,4.2009807
72.0,-2.0,10.0,4.1804686
72.0,0.0,10.0,4.227853
72.0,2.0,10.0,3.9192746
72.0,4.0,10.0,3.9571018
72.0,6.0,10.0,4.6089315
72.0,8.0,10.0,4.7398562
72.0,10.0,10.0,4.1141214
72.0,12.0,10.0,3.7923467
72.0,14.0,10.0,3.9002633
72.0,16.0,10.0,3.764011
72.0,18.0,10.0,3.8412411
72.0,20.0,10.0,4.2252936
72.0,22.0,10.0,4.554221
72.0,24.0,10.0,4.3652296
72.0,26.0,10.0,4.0806413
72.0,28.0,10.0,4.1340785
72.0,30.0,10.0,4.327873
72.0,32.0,10.0,4.122612
72.0,34.0,10.0,3.8760393
72.0,36.0,10.0,3.9766998
72.0,38.0,10.0,4.2778635
72.0,40.0,10.0,4.2975173
72.0,42.0,10.0,3.7627327
72.0,44.0,10.0,3.4965327
72.0,46.0,10.0,3.6027381
72.0,48.0,10.0,3.7903094
72.0,50.0,10.0,4.2500525
72.0,52.0,10.0,4.2487173
72.0,54.0,10.0,3.989631
72.0,56.0,10.0,3.859449
72.0,58.0,10.0,4.0374074
72.0,60.0,10.0,4.2643137
72.0,62.0,10.0,4.1770597
72.0,64.0,10.0,4.0926375
72.0,66.0,10.0,4.329333
72.0,68.0,10.0,4.5034738
72.0,70.0,10.0,4.2039804
72.0,72.0,10.0,3.9869807
72.0,74.0,10.0,4.007636
72.0,76.0,10.0,4.0715947
72.0,78.0,10.0,3.970291
72.0,80.0,10.0,4.278157
72.0,82.0,10.0,4.873846
72.0,84.0,10.0,4.723235
72.0,86.0,10.0,4.304681
72.0,88.0,10.0,4.2022758
72.0,90.0,10.0,4.2429442
72.0,92.0,10.0,4.026765
72.0,94.0,10.0,4.173409
72.0,96.0,10.0,4.7084465
72.0,98.0,10.0,4.7243013
72.0,100.0,10.0,4.2615023
72.0,102.0,10.0,4.087288
72.0,104.0,10.0,4.0534678
72.0,106.0,10.0,3.912435
72.0,108.0,10.0,3.9647024
72.0,110.0,10.0,4.225143
72.0,112.0,10.0,4.6001244
72.0,114.0,10.0,4.6548386
72.0,116.0,10.0,4.501919
72.0,118.0,10.0,4.3796554
72.0,120.0,10.0,4.2112756
72.0,122.0,10.0,3.910169
72.0,124.0,10.0,3.8681612
72.0,126.0,10.0,3.917665
72.0,128.0,10.0,4.178193
72.0,130.0,10.0,4.232641
72.0,132.0,10.0,4.0360193
72.0,134.0,10.0,3.8305326
72.0,136.0,10.0,3.753422
72.0,138.0,10.0,3.9682217
72.0,140.0,10.0,4.2198153
72.0,142.0,10.0,4.2068143
72.0,144.0,10.0,3.9075587
72.0,146.0,10.0,3.900611
72.0,148.0,10.0,4.1208987
72.0,150.0,10.0,4.3708057
72.0,152.0,10.0,4.213232
72.0,154.0,10.0,4.217733
72.0,156.0,10.0,4.57321
72.0,158.0,10.0,4.634211
72.0,160.0,10.0,4.406504
72.0,162.0,10.0,4.160285
72.0,164.0,10.0,4.0515246
72.0,166.0,10.0,4.2472715
72.0,168.0,10.0,4.1541204
72.0,170.0,10.0,4.461442
72.0,172.0,10.0,4.9429493
72.0,174.0,10.0,4.6461005
72.0,176.0,10.0,4.031816
72.0,178.0,10.0,4.018666
72.0,180.0,10.0,4.2752323
74.0,-180.0,10.0,3.9765704
74.0,-178.0,10.0,3.9549475
74.0,-176.0,10.0,4.0055833
74.0,-174.0,10.0,4.4119983
74.0,-172.0,10.0,4.4017816
74.0,-170.0,10.0,4.036547
74.0,-168.0,10.0,3.9521909
74.0,-166.0,10.0,4.0515294
74.0,-164.0,10.0,3.8781703
74.0,-162.0,10.0,3.8105323
74.0,-160.0,10.0,4.032686
74.0,-158.0,10.0,4.1909165
74.0,-156.0,10.0,4.0148535
74.0,-154.0,10.0,3.8077915
74.0,-152.0,10.0,3.8457954
74.0,-150.0,10.0,3.996867
74.0,-148.0,10.0,3.7859232
74.0,-146.0,10.0,3.6259024
74.0,-144.0,10.0,3.7627923
74.0,-142.0,10.0,4.0021396
74.0,-140.0,10.0,4.0014296
74.0,-138.0,10.0,3.9535623
74.0,-136.0,10.0,3.8919737
74.0,-134.0,10.0,3.8611453
74.0,-132.0,10.0,3.8854995
74.0,-130.0,10.0,3.9599378
74.0,-128.0,10.0,3.8762827
74.0,-126.0,10.0,3.7397883
74.0,-124.0,10.0,3.598999
74.0,-122.0,10.0,3.7363133
74.0,-120.0,10.0,4.0575356
74.0,-118.0,10.0,4.132156
74.0,-116.0,10.0,4.123984
74.0,-114.0,10.0,4.148179
74.0,-112.0,10.0,4.1000423
74.0,-110.0,10.0,3.8276277
74.0,-108.0,10.0,3.6942766
74.0,-106.0,10.0,3.7649972
74.0,-104.0,10.0,3.865485
74.0,-102.0,10.0,3.832027
74.0,-100.0,10.0,3.789245
74.0,-98.0,10.0,3.9471345
74.0,-96.0,10.0,4.0381436
74.0,-94.0,10.0,3.965288
74.0,-92.0,10.0,3.8669202
74.0,-90.0,10.0,3.7570293
74.0,-88.0,10.0,3.7380846
74.0,-86.0,10.0,3.8996997
74.0,-84.0,10.0,4.1412425
74.0,-82.0,10.0,4.072979
74.0,-80.0,10.0,3.7101943
74.0,-78.0,10.0,3.6851928
74.0,-76.0,10.0,3.800648
74.0,-74.0,10.0,3.7836664
74.0,-72.0,10.0,3.6996078
74.0,-70.0,10.0,3.7406304
74.0,-68.0,10.0,3.9202802
74.0,-66.0,10.0,3.9342072
74.0,-64.0,10.0,3.7607543
74.0,-62.0,10.0,3.741075
74.0,-60.0,10.0,3.9220326
74.0,-58.0,10.0,3.8322554
74.0,-56.0,10.0,3.604726
74.0,-54.0,10.0,3.6949518
74.0,-52.0,10.0,3.9323785
74.0,-50.0,10.0,3.909361
74.0,-48.0,10.0,3.6713393
74.0,-46.0,10.0,3.4373457
74.0,-44.0,10.0,3.4511032
74.0,-42.0,10.0,3.6632385
74.0,-40.0,10.0,3.8895118
74.0,-38.0,10.0,3.9036086
74.0,-36.0,10.0,3.698274
74.0,-34.0,10.0,3.6036992
74.0,-32.0,10.0,3.7216687
74.0,-30.0,10.0,3.885445
74.0,-28.0,10.0,3.8936903
74.0,-26.0,10.0,3.888603
74.0,-24.0,10.0,3.992821
74.0,-22.0,10.0,4.098337
74.0,-20.0,10.0,3.9395258
74.0,-18.0,10.0,3.617133
74.0,-16.0,10.0,3.5392191
74.0,-14.0,10.0,3.7094727
74.0,-12.0,10.0,3.7067351
74.0,-10.0,10.0,3.860194
74.0,-8.0,10.0,4.3764358
74.0,-6.0,10.0,4.3972077
74.0,-4.0,10.0,3.9513721
74.0,-2.0,10.0,3.8691306
74.0,0.0,10.0,3.9674451
74.0,2.0,10.0,3.752958
74.0,4.0,10.0,3.8023534
74.0,6.0,10.0,4.3535967
74.0,8.0,10.0,4.5260744
74.0,10.0,10.0,3.9731915
74.0,12.0,10.0,3.6321304
74.0,14.0,10.0,3.7197163
74.0,16.0,10.0,3.5938218
74.0,18.0,10.0,3.7276576
74.0,20.0,10.0,4.0524564
74.0,22.0,10.0,4.3361754
74.0,24.0,10.0,4.183249
74.0,26.0,10.0,3.8912292
74.0,28.0,10.0,3.925239
74.0,30.0,10.0,4.0779815
74.0,32.0,10.0,3.8844838
74.0,34.0,10.0,3.6770253
74.0,36.0,10.0,3.7570481
74.0,38.0,10.0,4.088156
74.0,40.0,10.0,4.102708
74.0,42.0,10.0,3.6019914
74.0,44.0,10.0,3.2368813
74.0,46.0,10.0,3.3036563
74.0,48.0,10.0,3.551054
74.0,50.0,10.0,3.9577289
74.0,52.0,10.0,3.9454246
74.0,54.0,10.0,3.64674
74.0,56.0,10.0,3.5360866
74.0,58.0,10.0,3.684868
74.0,60.0,10.0,3.9709878
74.0,62.0,10.0,3.9520774
74.0,64.0,10.0,3.8401105
74.0,66.0,10.0,4.0362988
74.0,68.0,10.0,4.1727114
74.0,70.0,10.0,3.9222198
74.0,72.0,10.0,3.6649063
74.0,74.0,10.0,3.6898358
74.0,76.0,10.0,3.7469816
74.0,78.0,10.0,3.7107008
74.0,80.0,10.0,3.9076648
74.0,82.0,10.0,4.4327483
74.0,84.0,10.0,4.2916546
74.0,86.0,10.0,3.9030697
74.0,88.0,10.0,3.7959535
74.0,90.0,10.0,3.8486009
74.0,92.0,10.0,3.825771
74.0,94.0,10.0,3.917163
74.0,96.0,10.0,4.3638573
74.0,98.0,10.0,4.420178
74.0,100.0,10.0,3.9115498
74.0,102.0,10.0,3.7241292
74.0,104.0,10.0,3.7240112
74.0,106.0,10.0,3.6446104
74.0,108.0,10.0,3.6627944
74.0,110.0,10.0,3.9704301
74.0,112.0,10.0,4.3233356
74.0,114.0,10.0,4.3420186
74.0,116.0,10.0,4.081981
74.0,118.0,10.0,3.968983
74.0,120.0,10.0,3.9289749
74.0,122.0,10.0,3.6837425
74.0,124.0,10.0,3.6290567
74.0,126.0,10.0,3.703973
74.0,128.0,10.0,3.922378
74.0,130.0,10.0,3.9067268
74.0,132.0,10.0,3.6304772
74.0,134.0,10.0,3.4116974
74.0,136.0,10.0,3.3969765
74.0,138.0,10.0,3.7056818
74.0,140.0,10.0,3.9460695
74.0,142.0,10.0,3.9551098
74.0,144.0,10.0,3.7696018
74.0,146.0,10.0,3.6998456
74.0,148.0,10.0,3.825403
74.0,150.0,10.0,4.012714
74.0,152.0,10.0,3.8768392
74.0,154.0,10.0,3.9055548
74.0,156.0,10.0,4.1486516
74.0,158.0,10.0,4.225426
74.0,160.0,10.0,4.036483
74.0,162.0,10.0,3.77491
74.0,164.0,10.0,3.6483002
74.0,166.0,10.0,3.8514454
74.0,168.0,10.0,3.8342159
74.0,170.0,10.0,4.150262
74.0,172.0,10.0,4.5342836
74.0,174.0,10.0,4.3099957
74.0,176.0,10.0,3.8434956
74.0,178.0,10.0,3.7534583
74.0,180.0,10.0,3.9765704
76.0,-180.0,10.0,3.806605
76.0,-178.0,10.0,3.8106573
76.0,-176.0,10.0,3.8605266
76.0,-174.0,10.0,4.148001
76.0,-172.0,10.0,4.1170855
76.0,-170.0,10.0,3.8555467
76.0,-168.0,10.0,3.7007208
76.0,-166.0,10.0,3.6594996
76.0,-164.0,10.0,3.6055317
76.0,-162.0,10.0,3.5508914
76.0,-160.0,10.0,3.8536646
76.0,-158.0,10.0,3.9851422
76.0,-156.0,10.0,3.8904295
76.0,-154.0,10.0,3.7073245
76.0,-152.0,10.0,3.704816
76.0,-150.0,10.0,3.7607358
76.0,-148.0,10.0,3.6802855
76.0,-146.0,10.0,3.503477
76.0,-144.0,10.0,3.5172799
76.0,-142.0,10.0,3.7586803
76.0,-140.0,10.0,3.7619932
76.0,-138.0,10.0,3.6914635
76.0,-136.0,10.0,3.6453736
76.0,-134.0,10.0,3.6083727
76.0,-132.0,10.0,3.6349232
76.0,-130.0,10.0,3.771474
76.0,-128.0,10.0,3.7787478
76.0,-126.0,10.0,3.6143396
76.0,-124.0,10.0,3.467423
76.0,-122.0,10.0,3.4727526
76.0,-120.0,10.0,3.7439625
76.0,-118.0,10.0,3.7568321
76.0,-116.0,10.0,3.7960386
76.0,-114.0,10.0,3.9548924
76.0,-112.0,10.0,3.911908
76.0,-110.0,10.0,3.7595713
76.0,-108.0,10.0,3.581847
76.0,-106.0,10.0,3.6025436
76.0,-104.0,10.0,3.681328
76.0,-102.0,10.0,3.6569686
76.0,-100.0,10.0,3.654096
76.0,-98.0,10.0,3.9416685
76.0,-96.0,10.0,4.083327
76.0,-94.0,10.0,3.9162514
76.0,-92.0,10.0,3.7294252
76.0,-90.0,10.0,3.657774
76.0,-88.0,10.0,3.565851
76.0,-86.0,10.0,3.696344
76.0,-84.0,10.0,3.9973464
76.0,-82.0,10.0,3.9826794
76.0,-80.0,10.0,3.590592
76.0,-78.0,10.0,3.4884107
76.0,-76.0,10.0,3.6105573
76.0,-74.0,10.0,3.6395688
76.0,-72.0,10.0,3.5530145
76.0,-70.0,10.0,3.7469351
76.0,-68.0,10.0,3.978014
76.0,-66.0,10.0,4.027507
76.0,-64.0,10.0,3.7943153
76.0,-62.0,10.0,3.6916351
76.0,-60.0,10.0,3.7618039
76.0,-58.0,10.0,3.6371646
76.0,-56.0,10.0,3.3774686
76.0,-54.0,10.0,3.5476952
76.0,-52.0,10.0,3.758537
76.0,-50.0,10.0,3.801284
76.0,-48.0,10.0,3.5894527
76.0,-46.0,10.0,3.4018438
76.0,-44.0,10.0,3.3827164
76.0,-42.0,10.0,3.5766878
76.0,-40.0,10.0,3.796529
76.0,-38.0,10.0,3.8576624
76.0,-36.0,10.0,3.726982
76.0,-34.0,10.0,3.5306344
76.0,-32.0,10.0,3.586078
76.0,-30.0,10.0,3.8100882
76.0,-28.0,10.0,3.854298
76.0,-26.0,10.0,3.8719637
76.0,-24.0,10.0,4.0136566
76.0,-22.0,10.0,4.0155997
76.0,-20.0,10.0,3.7710845
76.0,-18.0,10.0,3.43966
76.0,-16.0,10.0,3.3368666
76.0,-14.0,10.0,3.4472744
76.0,-12.0,10.0,3.5302107
76.0,-10.0,10.0,3.7233484
76.0,-8.0,10.0,4.195221
76.0,-6.0,10.0,4.227807
76.0,-4.0,10.0,3.8695865
76.0,-2.0,10.0,3.7534695
76.0,0.0,10.0,3.761942
76.0,2.0,10.0,3.7776358
76.0,4.0,10.0,3.8514354
76.0,6.0,10.0,4.350749
76.0,8.0,10.0,4.4350314
76.0,10.0,10.0,3.8737495
76.0,12.0,10.0,3.539673
76.0,14.0,10.0,3.551565
76.0,16.0,10.0,3.5288212
76.0,18.0,10.0,3.6190076
76.0,20.0,10.0,3.8912401
76.0,22.0,10.0,4.122561
76.0,24.0,10.0,4.0172124
76.0,26.0,10.0,3.8215675
76.0,28.0,10.0,3.7503757
76.0,30.0,10.0,3.845381
76.0,32.0,10.0,3.6292746
76.0,34.0,10.0,3.4844928
76.0,36.0,10.0,3.5387669
76.0,38.0,10.0,3.784657
76.0,40.0,10.0,3.894329
76.0,42.0,10.0,3.436212
76.0,44.0,10.0,3.0944154
76.0,46.0,10.0,3.1061854
76.0,48.0,10.0,3.3564224
76.0,50.0,10.0,3.7290385
76.0,52.0,10.0,3.7280624
76.0,54.0,10.0,3.5669165
76.0,56.0,10.0,3.4178734
76.0,58.0,10.0,3.531082
76.0,60.0,10.0,3.7737117
76.0,62.0,10.0,3.7537048
76.0,64.0,10.0,3.7133892
76.0,66.0,10.0,3.8619475
76.0,68.0,10.0,3.9745116
76.0,70.0,10.0,3.7896967
76.0,72.0,10.0,3.540315
76.0,74.0,10.0,3.5025454
76.0,76.0,10.0,3.5592062
76.0,78.0,10.0,3.634536
76.0,80.0,10.0,3.731968
76.0,82.0,10.0,4.144931
76.0,84.0,10.0,4.1297727
76.0,86.0,10.0,3.7818172
76.0,88.0,10.0,3.5988047
76.0,90.0,10.0,3.615078
76.0,92.0,10.0,3.5939267
76.0,94.0,10.0,3.743162
76.0,96.0,10.0,4.0892
76.0,98.0,10.0,4.0921216
76.0,100.0,10.0,3.7196984
76.0,102.0,10.0,3.5258455
76.0,104.0,10.0,3.5251925
76.0,106.0,10.0,3.6060724
76.0,108.0,10.0,3.5550387
76.0,110.0,10.0,3.8011324
76.0,112.0,10.0,4.1049857
76.0,114.0,10.0,4.132078
76.0,116.0,10.0,3.9230418
76.0,118.0,10.0,3.752732
76.0,120.0,10.0,3.6789944
76.0,122.0,10.0,3.5657804
76.0,124.0,10.0,3.521296
76.0,126.0,10.0,3.535813
76.0,128.0,10.0,3.6165035
76.0,130.0,10.0,3.6454587
76.0,132.0,10.0,3.421524
76.0,134.0,10.0,3.1990507
76.0,136.0,10.0,3.199789
76.0,138.0,10.0,3.4703407
76.0,140.0,10.0,3.6929855
76.0,142.0,10.0,3.589179
76.0,144.0,10.0,3.5085945
76.0,146.0,10.0,3.5406177
76.0,148.0,10.0,3.5393162
76.0,150.0,10.0,3.6683338
76.0,152.0,10.0,3.639436
76.0,154.0,10.0,3.737124
76.0,156.0,10.0,4.113225
76.0,158.0,10.0,4.1639833
76.0,160.0,10.0,3.884131
76.0,162.0,10.0,3.5423214
76.0,164.0,10.0,3.4226537
76.0,166.0,10.0,3.544846
76.0,168.0,10.0,3.5760057
76.0,170.0,10.0,3.8130417
76.0,172.0,10.0,4.3382874
76.0,174.0,10.0,4.0702357
76.0,176.0,10.0,3.7637134
76.0,178.0,10.0,3.6647742
76.0,180.0,10.0,3.806605
78.0,-180.0,10.0,4.1111465
78.0,-178.0,10.0,4.09529
78.0,-176.0,10.0,4.1545687
78.0,-174.0,10.0,4.48325
78.0,-172.0,10.0,4.426153
78.0,-170.0,10.0,4.1387053
78.0,-168.0,10.0,3.9345195
78.0,-166.0,10.0,3.916547
78.0,-164.0,10.0,3.8583992
78.0,-162.0,10.0,3.7983766
78.0,-160.0,10.0,4.13033
78.0,-158.0,10.0,4.301685
78.0,-156.0,10.0,4.1411505
78.0,-154.0,10.0,3.9505715
78.0,-152.0,10.0,3.9922066
78.0,-150.0,10.0,4.1133494
78.0,-148.0,10.0,3.961938
78.0,-146.0,10.0,3.7934604
78.0,-144.0,10.0,3.816132
78.0,-142.0,10.0,4.011658
78.0,-140.0,10.0,3.9783537
78.0,-138.0,10.0,3.8403
78.0,-136.0,10.0,3.790534
78.0,-134.0,10.0,3.7328496
78.0,-132.0,10.0,3.8129306
78.0,-130.0,10.0,3.9814944
78.0,-128.0,10.0,4.0845203
78.0,-126.0,10.0,3.897733
78.0,-124.0,10.0,3.6806629
78.0,-122.0,10.0,3.616233
78.0,-120.0,10.0,3.9287753
78.0,-118.0,10.0,3.9298255
78.0,-116.0,10.0,3.971141
78.0,-114.0,10.0,4.0446725
78.0,-112.0,10.0,4.0414057
78.0,-110.0,10.0,3.8840814
78.0,-108.0,10.0,3.7065928
78.0,-106.0,10.0,3.704742
78.0,-104.0,10.0,3.7566342
78.0,-102.0,10.0,3.8226492
78.0,-100.0,10.0,3.8431358
78.0,-98.0,10.0,4.1795506
78.0,-96.0,10.0,4.415157
78.0,-94.0,10.0,4.1673293
78.0,-92.0,10.0,3.9505186
78.0,-90.0,10.0,3.8352525
78.0,-88.0,10.0,3.73463
78.0,-86.0,10.0,3.9066565
78.0,-84.0,10.0,4.173193
78.0,-82.0,10.0,4.172628
78.0,-80.0,10.0,3.7873166
78.0,-78.0,10.0,3.597043
78.0,-76.0,10.0,3.7306583
78.0,-74.0,10.0,3.7696662
78.0,-72.0,10.0,3.7091494
78.0,-70.0,10.0,3.962537
78.0,-68.0,10.0,4.248385
78.0,-66.0,10.0,4.332641
78.0,-64.0,10.0,4.055827
78.0,-62.0,10.0,3.9750655
78.0,-60.0,10.0,3.9966831
78.0,-58.0,10.0,3.843844
78.0,-56.0,10.0,3.66247
78.0,-54.0,10.0,3.7975996
78.0,-52.0,10.0,4.062637
78.0,-50.0,10.0,4.108598
78.0,-48.0,10.0,3.857741
78.0,-46.0,10.0,3.6735091
78.0,-44.0,10.0,3.604188
78.0,-42.0,10.0,3.7741594
78.0,-40.0,10.0,4.0511613
78.0,-38.0,10.0,4.11409
78.0,-36.0,10.0,3.959624
78.0,-34.0,10.0,3.787026
78.0,-32.0,10.0,3.8295386
78.0,-30.0,10.0,4.0498548
78.0,-28.0,10.0,4.0297356
78.0,-26.0,10.0,4.151886
78.0,-24.0,10.0,4.332348
78.0,-22.0,10.0,4.351644
78.0,-20.0,10.0,3.9697864
78.0,-18.0,10.0,3.6772985
78.0,-16.0,10.0,3.5995674
78.0,-14.0,10.0,3.6510236
78.0,-12.0,10.0,3.7180924
78.0,-10.0,10.0,3.9854434
78.0,-8.0,10.0,4.3647003
78.0,-6.0,10.0,4.430732
78.0,-4.0,10.0,4.1463757
78.0,-2.0,10.0,4.0055118
78.0,0.0,10.0,4.0318003
78.0,2.0,10.0,3.9678524
78.0,4.0,10.0,4.0697856
78.0,6.0,10.0,4.6137652
78.0,8.0,10.0,4.7132006
78.0,10.0,10.0,4.134179
78.0,12.0,10.0,3.7962286
78.0,14.0,10.0,3.7178826
78.0,16.0,10.0,3.7194703
78.0,18.0,10.0,3.854459
78.0,20.0,10.0,4.138767
78.0,22.0,10.0,4.410293
78.0,24.0,10.0,4.3467946
78.0,26.0,10.0,4.144991
78.0,28.0,10.0,4.0468783
78.0,30.0,10.0,4.0066757
78.0,32.0,10.0,3.7628548
78.0,34.0,10.0,3.664997
78.0,36.0,10.0,3.6837347
78.0,38.0,10.0,3.9798877
78.0,40.0,10.0,4.108496
78.0,42.0,10.0,3.577249
78.0,44.0,10.0,3.193269
78.0,46.0,10.0,3.2014875
78.0,48.0,10.0,3.5771642
78.0,50.0,10.0,3.9259784
78.0,52.0,10.0,4.050579
78.0,54.0,10.0,3.8121736
78.0,56.0,10.0,3.6846292
78.0,58.0,10.0,3.7524343
78.0,60.0,10.0,4.0465875
78.0,62.0,10.0,3.9901004
78.0,64.0,10.0,3.9181035
78.0,66.0,10.0,4.138895
78.0,68.0,10.0,4.3417068
78.0,70.0,10.0,4.091127
78.0,72.0,10.0,3.9463117
78.0,74.0,10.0,3.8831851
78.0,76.0,10.0,3.9453497
78.0,78.0,10.0,3.9338052
78.0,80.0,10.0,4.078213
78.0,82.0,10.0,4.6132283
78.0,84.0,10.0,4.650855
78.0,86.0,10.0,4.17246
78.0,88.0,10.0,3.9884386
78.0,90.0,10.0,3.9762836
78.0,92.0,10.0,3.8313646
78.0,94.0,10.0,3.9688056
78.0,96.0,10.0,4.4330325
78.0,98.0,10.0,4.5480537
78.0,100.0,10.0,4.092258
78.0,102.0,10.0,3.8483434
78.0,104.0,10.0,3.8294961
78.0,106.0,10.0,3.826327
78.0,108.0,10.0,3.8108249
78.0,110.0,10.0,4.076775
78.0,112.0,10.0,4.4598513
78.0,114.0,10.0,4.474214
78.0,116.0,10.0,4.2820163
78.0,118.0,10.0,4.1167846
78.0,120.0,10.0,4.0052843
78.0,122.0,10.0,3.7399228
78.0,124.0,10.0,3.7019653
78.0,126.0,10.0,3.785596
78.0,128.0,10.0,3.9629772
78.0,130.0,10.0,3.9627254
78.0,132.0,10.0,3.7306306
78.0,134.0,10.0,3.4919398
78.0,136.0,10.0,3.4768047
78.0,138.0,10.0,3.6983366
78.0,140.0,10.0,3.9922285
78.0,142.0,10.0,3.8706453
78.0,144.0,10.0,3.7779582
78.0,146.0,10.0,3.8108695
78.0,148.0,10.0,3.8571851
78.0,150.0,10.0,3.9688473
78.0,152.0,10.0,4.0295596
78.0,154.0,10.0,4.169774
78.0,156.0,10.0,4.4671726
78.0,158.0,10.0,4.5801144
78.0,160.0,10.0,4.2798595
78.0,162.0,10.0,3.920468
78.0,164.0,10.0,3.6947165
78.0,166.0,10.0,3.8929963
78.0,168.0,10.0,3.9583445
78.0,170.0,10.0,4.1263266
78.0,172.0,10.0,4.660933
78.0,174.0,10.0,4.4116826
78.0,176.0,10.0,4.061272
78.0,178.0,10.0,3.9487033
78.0,180.0,10.0,4.1111465
80.0,-180.0,10.0,3.7754126
80.0,-178.0,10.0,3.8106804
80.0,-176.0,10.0,3.8857222
80.0,-174.0,10.0,4.3102093
80.0,-172.0,10.0,4.312606
80.0,-170.0,10.0,3.7830994
80.0,-168.0,10.0,3.6415253
80.0,-166.0,10.0,3.7514672
80.0,-164.0,10.0,3.6165547
80.0,-162.0,10.0,3.4826858
80.0,-160.0,10.0,3.762632
80.0,-158.0,10.0,3.9739141
80.0,-156.0,10.0,3.6941533
80.0,-154.0,10.0,3.499943
80.0,-152.0,10.0,3.6472957
80.0,-150.0,10.0,3.8205626
80.0,-148.0,10.0,3.6217709
80.0,-146.0,10.0,3.4896889
80.0,-144.0,10.0,3.5504835
80.0,-142.0,10.0,3.7085133
80.0,-140.0,10.0,3.7191417
80.0,-138.0,10.0,3.649328
80.0,-136.0,10.0,3.6438575
80.0,-134.0,10.0,3.6174257
80.0,-132.0,10.0,3.5813859
80.0,-130.0,10.0,3.658093
80.0,-128.0,10.0,3.7974958
80.0,-126.0,10.0,3.7173474
80.0,-124.0,10.0,3.4908297
80.0,-122.0,10.0,3.49453
80.0,-120.0,10.0,3.7390862
80.0,-118.0,10.0,3.8433867
80.0,-116.0,10.0,3.7210388
80.0,-114.0,10.0,3.6854582
80.0,-112.0,10.0,3.7637765
80.0,-110.0,10.0,3.6746101
80.0,-108.0,10.0,3.5882258
80.0,-106.0,10.0,3.6072145
80.0,-104.0,10.0,3.6780245
80.0,-102.0,10.0,3.668331
80.0,-100.0,10.0,3.6706855
80.0,-98.0,10.0,3.8614604
80.0,-96.0,10.0,4.0317545
80.0,-94.0,10.0,3.7943246
80.0,-92.0,10.0,3.6381633
80.0,-90.0,10.0,3.6514337
80.0,-88.0,10.0,3.6788082
80.0,-86.0,10.0,3.6483583
80.0,-84.0,10.0,3.8723617
80.0,-82.0,10.0,3.9465466
80.0,-80.0,10.0,3.6357934
80.0,-78.0,10.0,3.553153
80.0,-76.0,10.0,3.6859722
80.0,-74.0,10.0,3.7612393
80.0,-72.0,10.0,3.6630354
80.0,-70.0,10.0,3.6338203
80.0,-68.0,10.0,3.8472357
80.0,-66.0,10.0,3.9023185
80.0,-64.0,10.0,3.6908202
80.0,-62.0,10.0,3.5064023
80.0,-60.0,10.0,3.650068
80.0,-58.0,10.0,3.5805504
80.0,-56.0,10.0,3.4256432
80.0,-54.0,10.0,3.4352362
80.0,-52.0,10.0,3.6474478
80.0,-50.0,10.0,3.7010772
80.0,-48.0,10.0,3.5242932
80.0,-46.0,10.0,3.4064708
80.0,-44.0,10.0,3.4008548
80.0,-42.0,10.0,3.5626132
80.0,-40.0,10.0,3.694074
80.0,-38.0,10.0,3.754872
80.0,-36.0,10.0,3.6617663
80.0,-34.0,10.0,3.512111
80.0,-32.0,10.0,3.533753
80.0,-30.0,10.0,3.7379014
80.0,-28.0,10.0,3.7775478
80.0,-26.0,10.0,3.8140845
80.0,-24.0,10.0,4.0043054
80.0,-22.0,10.0,4.0547466
80.0,-20.0,10.0,3.7754037
80.0,-18.0,10.0,3.4956741
80.0,-16.0,10.0,3.4535952
80.0,-14.0,10.0,3.489384
80.0,-12.0,10.0,3.5264673
80.0,-10.0,10.0,3.76005
80.0,-8.0,10.0,4.1376944
80.0,-6.0,10.0,4.3167953
80.0,-4.0,10.0,3.9794607
80.0,-2.0,10.0,3.8709502
80.0,0.0,10.0,3.7776318
80.0,2.0,10.0,3.6418796
80.0,4.0,10.0,3.7532198
80.0,6.0,10.0,4.1665354
80.0,8.0,10.0,4.1817093
80.0,10.0,10.0,3.8041673
80.0,12.0,10.0,3.5570164
80.0,14.0,10.0,3.4888415
80.0,16.0,10.0,3.4871395
80.0,18.0,10.0,3.5256622
80.0,20.0,10.0,3.7951386
80.0,22.0,10.0,4.1385975
80.0,24.0,10.0,4.072002
80.0,26.0,10.0,3.86845
80.0,28.0,10.0,3.815351
80.0,30.0,10.0,3.8133242
80.0,32.0,10.0,3.5951834
80.0,34.0,10.0,3.4157114
80.0,36.0,10.0,3.48161
80.0,38.0,10.0,3.8085647
80.0,40.0,10.0,3.8348393
80.0,42.0,10.0,3.3445604
80.0,44.0,10.0,2.9932766
80.0,46.0,10.0,3.0399432
80.0,48.0,10.0,3.3361714
80.0,50.0,10.0,3.6933718
80.0,52.0,10.0,3.719508
80.0,54.0,10.0,3.5534601
80.0,56.0,10.0,3.4451902
80.0,58.0,10.0,3.5974662
80.0,60.0,10.0,3.8061368
80.0,62.0,10.0,3.713631
80.0,64.0,10.0,3.7259812
80.0,66.0,10.0,4.0227213
80.0,68.0,10.0,4.1289787
80.0,70.0,10.0,3.9057944
80.0,72.0,10.0,3.7335162
80.0,74.0,10.0,3.7520647
80.0,76.0,10.0,3.8411322
80.0,78.0,10.0,3.7706442
80.0,80.0,10.0,3.8760831
80.0,82.0,10.0,4.353918
80.0,84.0,10.0,4.3956704
80.0,86.0,10.0,3.997454
80.0,88.0,10.0,3.847847
80.0,90.0,10.0,3.855986
80.0,92.0,10.0,3.6801162
80.0,94.0,10.0,3.8481774
80.0,96.0,10.0,4.308281
80.0,98.0,10.0,4.24911
80.0,100.0,10.0,3.8384497
80.0,102.0,10.0,3.671755
80.0,104.0,10.0,3.6816843
80.0,106.0,10.0,3.6887414
80.0,108.0,10.0,3.7018335
80.0,110.0,10.0,3.8600292
80.0,112.0,10.0,4.218206
80.0,114.0,10.0,4.1793857
80.0,116.0,10.0,4.029605
80.0,118.0,10.0,3.9945977
80.0,120.0,10.0,3.8599446
80.0,122.0,10.0,3.5369685
80.0,124.0,10.0,3.4105983
80.0,126.0,10.0,3.5575192
80.0,128.0,10.0,3.8255157
80.0,130.0,10.0,3.7911377
80.0,132.0,10.0,3.5066843
80.0,134.0,10.0,3.4167638
80.0,136.0,10.0,3.3647528
80.0,138.0,10.0,3.5363715
80.0,140.0,10.0,3.8234806
80.0,142.0,10.0,3.7248707
80.0,144.0,10.0,3.5728202
80.0,146.0,10.0,3.5726097
80.0,148.0,10.0,3.7357655
80.0,150.0,10.0,3.8506463
80.0,152.0,10.0,3.9302921
80.0,154.0,10.0,4.033283
80.0,156.0,10.0,4.3147364
80.0,158.0,10.0,4.37594
80.0,160.0,10.0,3.9904637
80.0,162.0,10.0,3.733973
80.0,164.0,10.0,3.6812613
80.0,166.0,10.0,3.7693381
80.0,168.0,10.0,3.779666
80.0,170.0,10.0,4.0325727
80.0,172.0,10.0,4.4892406
80.0,174.0,10.0,4.196745
80.0,176.0,10.0,3.6642094
80.0,178.0,10.0,3.6163385
80.0,180.0,10.0,3.7754126
