lat_deg,lon_deg,h_km,dose_uSvph
-80.0,-180.0,18.0,11.752548
-80.0,-178.0,18.0,11.726439
-80.0,-176.0,18.0,11.547633
-80.0,-174.0,18.0,11.7390785
-80.0,-172.0,18.0,11.955642
-80.0,-170.0,18.0,11.716285
-80.0,-168.0,18.0,11.587629
-80.0,-166.0,18.0,11.736213
-80.0,-164.0,18.0,11.72595
-80.0,-162.0,18.0,11.677457
-80.0,-160.0,18.0,11.766533
-80.0,-158.0,18.0,11.998415
-80.0,-156.0,18.0,11.857849
-80.0,-154.0,18.0,11.61474
-80.0,-152.0,18.0,11.603802
-80.0,-150.0,18.0,11.7061825
-80.0,-148.0,18.0,11.41636
-80.0,-146.0,18.0,11.096784
-80.0,-144.0,18.0,11.17098
-80.0,-142.0,18.0,11.518495
-80.0,-140.0,18.0,11.744215
-80.0,-138.0,18.0,11.647952
-80.0,-136.0,18.0,11.339706
-80.0,-134.0,18.0,11.236025
-80.0,-132.0,18.0,11.40928
-80.0,-130.0,18.0,11.74046
-80.0,-128.0,18.0,11.705113
-80.0,-126.0,18.0,11.491824
-80.0,-124.0,18.0,11.281026
-80.0,-122.0,18.0,11.418606
-80.0,-120.0,18.0,11.7065
-80.0,-118.0,18.0,11.691071
-80.0,-116.0,18.0,11.1631975
-80.0,-114.0,18.0,11.416937
-80.0,-112.0,18.0,11.847456
-80.0,-110.0,18.0,11.735848
-80.0,-108.0,18.0,11.437662
-80.0,-106.0,18.0,11.48064
-80.0,-104.0,18.0,11.727782
-80.0,-102.0,18.0,11.640603
-80.0,-100.0,18.0,11.739439
-80.0,-98.0,18.0,12.3408
-80.0,-96.0,18.0,12.448606
-80.0,-94.0,18.0,11.9484415
-80.0,-92.0,18.0,11.673568
-80.0,-90.0,18.0,11.771205
-80.0,-88.0,18.0,11.4690895
-80.0,-86.0,18.0,11.278941
-80.0,-84.0,18.0,11.741387
-80.0,-82.0,18.0,12.097639
-80.0,-80.0,18.0,11.723097
-80.0,-78.0,18.0,11.343143
-80.0,-76.0,18.0,11.557748
-80.0,-74.0,18.0,11.434321
-80.0,-72.0,18.0,11.389872
-80.0,-70.0,18.0,11.7432575
-80.0,-68.0,18.0,12.303331
-80.0,-66.0,18.0,12.118562
-80.0,-64.0,18.0,11.518684
-80.0,-62.0,18.0,11.435612
-80.0,-60.0,18.0,11.726238
-80.0,-58.0,18.0,11.363087
-80.0,-56.0,18.0,10.912808
-80.0,-54.0,18.0,11.09316
-80.0,-52.0,18.0,11.624955
-80.0,-50.0,18.0,11.720721
-80.0,-48.0,18.0,11.5364275
-80.0,-46.0,18.0,11.352169
-80.0,-44.0,18.0,11.443714
-80.0,-42.0,18.0,11.5292015
-80.0,-40.0,18.0,11.727675
-80.0,-38.0,18.0,11.794693
-80.0,-36.0,18.0,11.640545
-80.0,-34.0,18.0,11.455862
-80.0,-32.0,18.0,11.741486
-80.0,-30.0,18.0,11.712137
-80.0,-28.0,18.0,12.078603
-80.0,-26.0,18.0,12.210264
-80.0,-24.0,18.0,12.077462
-80.0,-22.0,18.0,11.922171
-80.0,-20.0,18.0,11.757868
-80.0,-18.0,18.0,12.116181
-80.0,-16.0,18.0,12.263908
-80.0,-14.0,18.0,11.786797
-80.0,-12.0,18.0,11.6017885
-80.0,-10.0,18.0,11.719665
-80.0,-8.0,18.0,11.893278
-80.0,-6.0,18.0,11.686798
-80.0,-4.0,18.0,11.85775
-80.0,-2.0,18.0,12.073078
-80.0,0.0,18.0,11.726627
-80.0,2.0,18.0,11.423809
-80.0,4.0,18.0,11.229182
-80.0,6.0,18.0,11.510954
-80.0,8.0,18.0,11.626117
-80.0,10.0,18.0,11.753265
-80.0,12.0,18.0,12.361018
-80.0,14.0,18.0,12.152515
-80.0,16.0,18.0,11.874179
-80.0,18.0,18.0,11.681299
-80.0,20.0,18.0,11.753069
-80.0,22.0,18.0,11.792837
-80.0,24.0,18.0,12.1880455
-80.0,26.0,18.0,12.366819
-80.0,28.0,18.0,12.298471
-80.0,30.0,18.0,11.674456
-80.0,32.0,18.0,10.982126
-80.0,34.0,18.0,10.752984
-80.0,36.0,18.0,11.183513
-80.0,38.0,18.0,11.505019
-80.0,40.0,18.0,11.733789
-80.0,42.0,18.0,12.064233
-80.0,44.0,18.0,12.374113
-80.0,46.0,18.0,12.501715
-80.0,48.0,18.0,12.318973
-80.0,50.0,18.0,11.76467
-80.0,52.0,18.0,11.16283
-80.0,54.0,18.0,11.155535
-80.0,56.0,18.0,11.023774
-80.0,58.0,18.0,11.207939
-80.0,60.0,18.0,11.749122
-80.0,62.0,18.0,12.072476
-80.0,64.0,18.0,12.10168
-80.0,66.0,18.0,12.144044
-80.0,68.0,18.0,11.97694
-80.0,70.0,18.0,11.708589
-80.0,72.0,18.0,11.400959
-80.0,74.0,18.0,11.635317
-80.0,76.0,18.0,11.701974
-80.0,78.0,18.0,11.752251
-80.0,80.0,18.0,11.743975
-80.0,82.0,18.0,11.72774
-80.0,84.0,18.0,11.631224
-80.0,86.0,18.0,11.525822
-80.0,88.0,18.0,11.400486
-80.0,90.0,18.0,11.764631
-80.0,92.0,18.0,12.239256
-80.0,94.0,18.0,12.435333
-80.0,96.0,18.0,12.560386
-80.0,98.0,18.0,12.312519
-80.0,100.0,18.0,11.795914
-80.0,102.0,18.0,11.786921
-80.0,104.0,18.0,11.986804
-80.0,106.0,18.0,11.717558
-80.0,108.0,18.0,11.723818
-80.0,110.0,18.0,11.754624
-80.0,112.0,18.0,11.857813
-80.0,114.0,18.0,12.076691
-80.0,116.0,18.0,12.048251
-80.0,118.0,18.0,11.848182
-80.0,120.0,18.0,11.753512
-80.0,122.0,18.0,11.795073
-80.0,124.0,18.0,11.455049
-80.0,126.0,18.0,11.498276
-80.0,128.0,18.0,11.363157
-80.0,130.0,18.0,11.751416
-80.0,132.0,18.0,12.214495
-80.0,134.0,18.0,12.377834
-80.0,136.0,18.0,12.170519
-80.0,138.0,18.0,11.693378
-80.0,140.0,18.0,11.769364
-80.0,142.0,18.0,11.93661
-80.0,144.0,18.0,11.783788
-80.0,146.0,18.0,11.551053
-80.0,148.0,18.0,11.454773
-80.0,150.0,18.0,11.748889
-80.0,152.0,18.0,11.899541
-80.0,154.0,18.0,11.6658745
-80.0,156.0,18.0,11.844075
-80.0,158.0,18.0,12.12403
-80.0,160.0,18.0,11.749327
-80.0,162.0,18.0,11.535102
-80.0,164.0,18.0,11.821083
-80.0,166.0,18.0,12.117106
-80.0,168.0,18.0,11.993224
-80.0,170.0,18.0,11.741065
-80.0,172.0,18.0,12.210691
-80.0,174.0,18.0,12.1837225
-80.0,176.0,18.0,11.521088
-80.0,178.0,18.0,11.589635
-80.0,180.0,18.0,11.752548
-78.0,-180.0,18.0,12.724718
-78.0,-178.0,18.0,12.339288
-78.0,-176.0,18.0,12.176271
-78.0,-174.0,18.0,12.697795
-78.0,-172.0,18.0,13.070382
-78.0,-170.0,18.0,12.677929
-78.0,-168.0,18.0,12.359612
-78.0,-166.0,18.0,12.582481
-78.0,-164.0,18.0,12.24532
-78.0,-162.0,18.0,12.239028
-78.0,-160.0,18.0,12.574045
-78.0,-158.0,18.0,12.92465
-78.0,-156.0,18.0,12.823419
-78.0,-154.0,18.0,12.489857
-78.0,-152.0,18.0,12.2282505
-78.0,-150.0,18.0,12.403763
-78.0,-148.0,18.0,12.334511
-78.0,-146.0,18.0,12.027449
-78.0,-144.0,18.0,11.757767
-78.0,-142.0,18.0,11.891838
-78.0,-140.0,18.0,12.213994
-78.0,-138.0,18.0,12.108979
-78.0,-136.0,18.0,11.699941
-78.0,-134.0,18.0,11.6802
-78.0,-132.0,18.0,11.914405
-78.0,-130.0,18.0,12.381712
-78.0,-128.0,18.0,12.3126745
-78.0,-126.0,18.0,11.867485
-78.0,-124.0,18.0,11.980558
-78.0,-122.0,18.0,11.920962
-78.0,-120.0,18.0,12.263389
-78.0,-118.0,18.0,12.212112
-78.0,-116.0,18.0,12.095612
-78.0,-114.0,18.0,12.288764
-78.0,-112.0,18.0,12.471064
-78.0,-110.0,18.0,12.363347
-78.0,-108.0,18.0,12.233336
-78.0,-106.0,18.0,12.127453
-78.0,-104.0,18.0,12.137658
-78.0,-102.0,18.0,12.060396
-78.0,-100.0,18.0,12.487582
-78.0,-98.0,18.0,12.9533
-78.0,-96.0,18.0,12.949397
-78.0,-94.0,18.0,12.553608
-78.0,-92.0,18.0,12.339614
-78.0,-90.0,18.0,12.1875515
-78.0,-88.0,18.0,11.902483
-78.0,-86.0,18.0,11.798023
-78.0,-84.0,18.0,12.046117
-78.0,-82.0,18.0,12.39871
-78.0,-80.0,18.0,12.105795
-78.0,-78.0,18.0,11.977745
-78.0,-76.0,18.0,11.904969
-78.0,-74.0,18.0,11.771471
-78.0,-72.0,18.0,11.91378
-78.0,-70.0,18.0,12.329739
-78.0,-68.0,18.0,12.67352
-78.0,-66.0,18.0,12.594727
-78.0,-64.0,18.0,12.11641
-78.0,-62.0,18.0,11.877347
-78.0,-60.0,18.0,12.094959
-78.0,-58.0,18.0,11.68304
-78.0,-56.0,18.0,11.225858
-78.0,-54.0,18.0,11.491074
-78.0,-52.0,18.0,12.117158
-78.0,-50.0,18.0,12.26578
-78.0,-48.0,18.0,11.970879
-78.0,-46.0,18.0,11.894934
-78.0,-44.0,18.0,12.116043
-78.0,-42.0,18.0,12.264944
-78.0,-40.0,18.0,12.356937
-78.0,-38.0,18.0,12.19704
-78.0,-36.0,18.0,12.247204
-78.0,-34.0,18.0,12.313834
-78.0,-32.0,18.0,12.380569
-78.0,-30.0,18.0,12.568503
-78.0,-28.0,18.0,12.87491
-78.0,-26.0,18.0,12.985223
-78.0,-24.0,18.0,13.003904
-78.0,-22.0,18.0,12.976845
-78.0,-20.0,18.0,12.743405
-78.0,-18.0,18.0,12.663305
-78.0,-16.0,18.0,12.721722
-78.0,-14.0,18.0,12.569741
-78.0,-12.0,18.0,12.484314
-78.0,-10.0,18.0,12.438756
-78.0,-8.0,18.0,12.572655
-78.0,-6.0,18.0,12.533217
-78.0,-4.0,18.0,12.652929
-78.0,-2.0,18.0,12.774287
-78.0,0.0,18.0,12.519113
-78.0,2.0,18.0,12.307922
-78.0,4.0,18.0,12.217165
-78.0,6.0,18.0,12.346177
-78.0,8.0,18.0,12.394422
-78.0,10.0,18.0,12.531724
-78.0,12.0,18.0,12.832839
-78.0,14.0,18.0,12.747511
-78.0,16.0,18.0,12.6662035
-78.0,18.0,18.0,12.618619
-78.0,20.0,18.0,12.578897
-78.0,22.0,18.0,13.015204
-78.0,24.0,18.0,13.551979
-78.0,26.0,18.0,13.51554
-78.0,28.0,18.0,13.152746
-78.0,30.0,18.0,12.454317
-78.0,32.0,18.0,12.079885
-78.0,34.0,18.0,11.685057
-78.0,36.0,18.0,11.705018
-78.0,38.0,18.0,11.919394
-78.0,40.0,18.0,12.279474
-78.0,42.0,18.0,12.97141
-78.0,44.0,18.0,13.266785
-78.0,46.0,18.0,13.095963
-78.0,48.0,18.0,12.928429
-78.0,50.0,18.0,12.654239
-78.0,52.0,18.0,12.381054
-78.0,54.0,18.0,12.2816
-78.0,56.0,18.0,12.227638
-78.0,58.0,18.0,12.254301
-78.0,60.0,18.0,12.493514
-78.0,62.0,18.0,13.188993
-78.0,64.0,18.0,13.464925
-78.0,66.0,18.0,13.282441
-78.0,68.0,18.0,13.168287
-78.0,70.0,18.0,12.948057
-78.0,72.0,18.0,12.743278
-78.0,74.0,18.0,12.751046
-78.0,76.0,18.0,12.7373905
-78.0,78.0,18.0,12.728554
-78.0,80.0,18.0,12.826569
-78.0,82.0,18.0,12.894266
-78.0,84.0,18.0,12.9857
-78.0,86.0,18.0,12.628268
-78.0,88.0,18.0,12.561442
-78.0,90.0,18.0,12.89465
-78.0,92.0,18.0,13.189824
-78.0,94.0,18.0,13.338929
-78.0,96.0,18.0,13.548545
-78.0,98.0,18.0,13.461933
-78.0,100.0,18.0,13.050438
-78.0,102.0,18.0,12.997253
-78.0,104.0,18.0,13.01033
-78.0,106.0,18.0,12.97226
-78.0,108.0,18.0,13.051545
-78.0,110.0,18.0,13.177163
-78.0,112.0,18.0,13.137474
-78.0,114.0,18.0,13.313873
-78.0,116.0,18.0,13.156312
-78.0,118.0,18.0,12.965486
-78.0,120.0,18.0,12.895118
-78.0,122.0,18.0,12.930301
-78.0,124.0,18.0,12.674586
-78.0,126.0,18.0,12.5615835
-78.0,128.0,18.0,12.62452
-78.0,130.0,18.0,13.125884
-78.0,132.0,18.0,13.409696
-78.0,134.0,18.0,13.285833
-78.0,136.0,18.0,12.873142
-78.0,138.0,18.0,12.487815
-78.0,140.0,18.0,12.706232
-78.0,142.0,18.0,12.961564
-78.0,144.0,18.0,12.640307
-78.0,146.0,18.0,12.255745
-78.0,148.0,18.0,12.243341
-78.0,150.0,18.0,12.5890465
-78.0,152.0,18.0,12.62626
-78.0,154.0,18.0,12.502928
-78.0,156.0,18.0,12.910222
-78.0,158.0,18.0,13.253424
-78.0,160.0,18.0,12.80598
-78.0,162.0,18.0,12.384139
-78.0,164.0,18.0,12.688089
-78.0,166.0,18.0,12.935135
-78.0,168.0,18.0,12.66374
-78.0,170.0,18.0,12.919774
-78.0,172.0,18.0,13.475793
-78.0,174.0,18.0,13.4997015
-78.0,176.0,18.0,12.809699
-78.0,178.0,18.0,12.547719
-78.0,180.0,18.0,12.724718
-76.0,-180.0,18.0,11.516054
-76.0,-178.0,18.0,11.233949
-76.0,-176.0,18.0,11.208169
-76.0,-174.0,18.0,11.519662
-76.0,-172.0,18.0,11.854195
-76.0,-170.0,18.0,11.596238
-76.0,-168.0,18.0,11.382029
-76.0,-166.0,18.0,11.433711
-76.0,-164.0,18.0,11.08155
-76.0,-162.0,18.0,11.167542
-76.0,-160.0,18.0,11.577759
-76.0,-158.0,18.0,11.884488
-76.0,-156.0,18.0,11.809145
-76.0,-154.0,18.0,11.592393
-76.0,-152.0,18.0,11.3206
-76.0,-150.0,18.0,11.435939
-76.0,-148.0,18.0,11.244614
-76.0,-146.0,18.0,10.953585
-76.0,-144.0,18.0,10.88161
-76.0,-142.0,18.0,11.060051
-76.0,-140.0,18.0,11.322204
-76.0,-138.0,18.0,11.2734165
-76.0,-136.0,18.0,10.929097
-76.0,-134.0,18.0,10.907936
-76.0,-132.0,18.0,11.198666
-76.0,-130.0,18.0,11.485831
-76.0,-128.0,18.0,11.340137
-76.0,-126.0,18.0,11.039616
-76.0,-124.0,18.0,11.087546
-76.0,-122.0,18.0,11.102421
-76.0,-120.0,18.0,11.377424
-76.0,-118.0,18.0,11.303889
-76.0,-116.0,18.0,11.113612
-76.0,-114.0,18.0,11.451002
-76.0,-112.0,18.0,11.602272
-76.0,-110.0,18.0,11.496382
-76.0,-108.0,18.0,11.303969
-76.0,-106.0,18.0,11.368514
-76.0,-104.0,18.0,11.321169
-76.0,-102.0,18.0,11.183089
-76.0,-100.0,18.0,11.534646
-76.0,-98.0,18.0,11.958918
-76.0,-96.0,18.0,11.916326
-76.0,-94.0,18.0,11.575124
-76.0,-92.0,18.0,11.416852
-76.0,-90.0,18.0,11.497135
-76.0,-88.0,18.0,11.174494
-76.0,-86.0,18.0,10.927211
-76.0,-84.0,18.0,11.327565
-76.0,-82.0,18.0,11.550612
-76.0,-80.0,18.0,11.340417
-76.0,-78.0,18.0,11.123014
-76.0,-76.0,18.0,11.16947
-76.0,-74.0,18.0,10.941053
-76.0,-72.0,18.0,11.024095
-76.0,-70.0,18.0,11.376099
-76.0,-68.0,18.0,11.669421
-76.0,-66.0,18.0,11.5847225
-76.0,-64.0,18.0,11.227658
-76.0,-62.0,18.0,11.035302
-76.0,-60.0,18.0,11.379796
-76.0,-58.0,18.0,10.94096
-76.0,-56.0,18.0,10.459095
-76.0,-54.0,18.0,10.808305
-76.0,-52.0,18.0,11.28452
-76.0,-50.0,18.0,11.300477
-76.0,-48.0,18.0,11.110124
-76.0,-46.0,18.0,11.133792
-76.0,-44.0,18.0,11.339233
-76.0,-42.0,18.0,11.2578945
-76.0,-40.0,18.0,11.494137
-76.0,-38.0,18.0,11.338341
-76.0,-36.0,18.0,11.4140215
-76.0,-34.0,18.0,11.387286
-76.0,-32.0,18.0,11.46863
-76.0,-30.0,18.0,11.664946
-76.0,-28.0,18.0,11.995054
-76.0,-26.0,18.0,12.006886
-76.0,-24.0,18.0,11.936933
-76.0,-22.0,18.0,11.965381
-76.0,-20.0,18.0,11.759959
-76.0,-18.0,18.0,11.599797
-76.0,-16.0,18.0,11.659897
-76.0,-14.0,18.0,11.536445
-76.0,-12.0,18.0,11.502674
-76.0,-10.0,18.0,11.544093
-76.0,-8.0,18.0,11.8199835
-76.0,-6.0,18.0,11.553053
-76.0,-4.0,18.0,11.75196
-76.0,-2.0,18.0,11.848103
-76.0,0.0,18.0,11.587662
-76.0,2.0,18.0,11.454961
-76.0,4.0,18.0,11.302886
-76.0,6.0,18.0,11.712223
-76.0,8.0,18.0,11.712905
-76.0,10.0,18.0,11.754812
-76.0,12.0,18.0,11.966667
-76.0,14.0,18.0,11.924504
-76.0,16.0,18.0,11.63611
-76.0,18.0,18.0,11.584579
-76.0,20.0,18.0,11.688144
-76.0,22.0,18.0,11.913041
-76.0,24.0,18.0,12.414112
-76.0,26.0,18.0,12.282999
-76.0,28.0,18.0,12.125284
-76.0,30.0,18.0,11.668222
-76.0,32.0,18.0,11.222742
-76.0,34.0,18.0,10.763577
-76.0,36.0,18.0,10.972318
-76.0,38.0,18.0,11.234069
-76.0,40.0,18.0,11.719709
-76.0,42.0,18.0,12.092111
-76.0,44.0,18.0,12.314257
-76.0,46.0,18.0,12.240146
-76.0,48.0,18.0,11.8684025
-76.0,50.0,18.0,11.634513
-76.0,52.0,18.0,11.404858
-76.0,54.0,18.0,11.331293
-76.0,56.0,18.0,11.313031
-76.0,58.0,18.0,11.284593
-76.0,60.0,18.0,11.526453
-76.0,62.0,18.0,12.130391
-76.0,64.0,18.0,12.317516
-76.0,66.0,18.0,12.221107
-76.0,68.0,18.0,12.185878
-76.0,70.0,18.0,11.859651
-76.0,72.0,18.0,11.492219
-76.0,74.0,18.0,11.59895
-76.0,76.0,18.0,11.581022
-76.0,78.0,18.0,11.733622
-76.0,80.0,18.0,11.758715
-76.0,82.0,18.0,12.007979
-76.0,84.0,18.0,11.965674
-76.0,86.0,18.0,11.764443
-76.0,88.0,18.0,11.522502
-76.0,90.0,18.0,11.726277
-76.0,92.0,18.0,11.989479
-76.0,94.0,18.0,12.283597
-76.0,96.0,18.0,12.591316
-76.0,98.0,18.0,12.484284
-76.0,100.0,18.0,11.957766
-76.0,102.0,18.0,12.062639
-76.0,104.0,18.0,12.138529
-76.0,106.0,18.0,11.744117
-76.0,108.0,18.0,11.751716
-76.0,110.0,18.0,11.921782
-76.0,112.0,18.0,11.970864
-76.0,114.0,18.0,12.1256485
-76.0,116.0,18.0,12.115509
-76.0,118.0,18.0,11.781105
-76.0,120.0,18.0,11.713028
-76.0,122.0,18.0,11.801453
-76.0,124.0,18.0,11.575805
-76.0,126.0,18.0,11.507576
-76.0,128.0,18.0,11.464428
-76.0,130.0,18.0,11.8167715
-76.0,132.0,18.0,12.143558
-76.0,134.0,18.0,12.193527
-76.0,136.0,18.0,11.878667
-76.0,138.0,18.0,11.3293915
-76.0,140.0,18.0,11.513209
-76.0,142.0,18.0,11.902492
-76.0,144.0,18.0,11.522903
-76.0,146.0,18.0,11.077796
-76.0,148.0,18.0,11.177342
-76.0,150.0,18.0,11.619931
-76.0,152.0,18.0,11.68348
-76.0,154.0,18.0,11.681441
-76.0,156.0,18.0,12.044109
-76.0,158.0,18.0,12.280396
-76.0,160.0,18.0,11.693836
-76.0,162.0,18.0,11.352907
-76.0,164.0,18.0,11.716207
-76.0,166.0,18.0,11.878075
-76.0,168.0,18.0,11.552348
-76.0,170.0,18.0,11.652324
-76.0,172.0,18.0,12.211108
-76.0,174.0,18.0,12.201606
-76.0,176.0,18.0,11.562449
-76.0,178.0,18.0,11.450554
-76.0,180.0,18.0,11.516054
-74.0,-180.0,18.0,12.682709
-74.0,-178.0,18.0,12.491498
-74.0,-176.0,18.0,12.35014
-74.0,-174.0,18.0,12.648037
-74.0,-172.0,18.0,12.689272
-74.0,-170.0,18.0,12.472303
-74.0,-168.0,18.0,12.345094
-74.0,-166.0,18.0,12.255231
-74.0,-164.0,18.0,12.183264
-74.0,-162.0,18.0,12.20758
-74.0,-160.0,18.0,12.446531
-74.0,-158.0,18.0,12.753281
-74.0,-156.0,18.0,12.665035
-74.0,-154.0,18.0,12.538167
-74.0,-152.0,18.0,12.538191
-74.0,-150.0,18.0,12.500254
-74.0,-148.0,18.0,11.9555855
-74.0,-146.0,18.0,11.688429
-74.0,-144.0,18.0,12.0433
-74.0,-142.0,18.0,12.55019
-74.0,-140.0,18.0,12.830263
-74.0,-138.0,18.0,12.622065
-74.0,-136.0,18.0,12.315073
-74.0,-134.0,18.0,12.331503
-74.0,-132.0,18.0,12.526878
-74.0,-130.0,18.0,12.4957905
-74.0,-128.0,18.0,12.228592
-74.0,-126.0,18.0,11.845083
-74.0,-124.0,18.0,11.80531
-74.0,-122.0,18.0,12.388477
-74.0,-120.0,18.0,12.94381
-74.0,-118.0,18.0,12.755223
-74.0,-116.0,18.0,12.437157
-74.0,-114.0,18.0,12.6844
-74.0,-112.0,18.0,13.0023365
-74.0,-110.0,18.0,12.516009
-74.0,-108.0,18.0,12.219114
-74.0,-106.0,18.0,12.375742
-74.0,-104.0,18.0,12.356849
-74.0,-102.0,18.0,12.20568
-74.0,-100.0,18.0,12.635297
-74.0,-98.0,18.0,13.1462755
-74.0,-96.0,18.0,13.104856
-74.0,-94.0,18.0,12.515958
-74.0,-92.0,18.0,12.258033
-74.0,-90.0,18.0,12.423874
-74.0,-88.0,18.0,12.462853
-74.0,-86.0,18.0,12.351429
-74.0,-84.0,18.0,12.898254
-74.0,-82.0,18.0,13.106212
-74.0,-80.0,18.0,12.583238
-74.0,-78.0,18.0,12.225041
-74.0,-76.0,18.0,12.523402
-74.0,-74.0,18.0,12.310852
-74.0,-72.0,18.0,12.25898
-74.0,-70.0,18.0,12.465798
-74.0,-68.0,18.0,13.019347
-74.0,-66.0,18.0,12.680272
-74.0,-64.0,18.0,12.065892
-74.0,-62.0,18.0,12.007278
-74.0,-60.0,18.0,12.460408
-74.0,-58.0,18.0,12.14369
-74.0,-56.0,18.0,11.558725
-74.0,-54.0,18.0,11.975458
-74.0,-52.0,18.0,12.65331
-74.0,-50.0,18.0,12.753117
-74.0,-48.0,18.0,12.323882
-74.0,-46.0,18.0,11.812248
-74.0,-44.0,18.0,11.970102
-74.0,-42.0,18.0,12.38729
-74.0,-40.0,18.0,12.724242
-74.0,-38.0,18.0,12.682298
-74.0,-36.0,18.0,12.334408
-74.0,-34.0,18.0,12.105348
-74.0,-32.0,18.0,12.434744
-74.0,-30.0,18.0,12.499723
-74.0,-28.0,18.0,12.6633835
-74.0,-26.0,18.0,12.643123
-74.0,-24.0,18.0,12.514001
-74.0,-22.0,18.0,12.34663
-74.0,-20.0,18.0,12.286632
-74.0,-18.0,18.0,12.63571
-74.0,-16.0,18.0,12.95688
-74.0,-14.0,18.0,12.556886
-74.0,-12.0,18.0,12.34537
-74.0,-10.0,18.0,12.443133
-74.0,-8.0,18.0,12.767783
-74.0,-6.0,18.0,12.538203
-74.0,-4.0,18.0,12.550953
-74.0,-2.0,18.0,12.786509
-74.0,0.0,18.0,12.602254
-74.0,2.0,18.0,12.25421
-74.0,4.0,18.0,11.9882555
-74.0,6.0,18.0,12.458291
-74.0,8.0,18.0,12.423844
-74.0,10.0,18.0,12.222063
-74.0,12.0,18.0,12.891684
-74.0,14.0,18.0,12.942842
-74.0,16.0,18.0,12.423743
-74.0,18.0,18.0,12.307712
-74.0,20.0,18.0,12.484269
-74.0,22.0,18.0,12.386859
-74.0,24.0,18.0,12.493688
-74.0,26.0,18.0,12.882169
-74.0,28.0,18.0,12.90152
-74.0,30.0,18.0,12.4430685
-74.0,32.0,18.0,11.654643
-74.0,34.0,18.0,11.556463
-74.0,36.0,18.0,12.149691
-74.0,38.0,18.0,12.342368
-74.0,40.0,18.0,12.513974
-74.0,42.0,18.0,12.766332
-74.0,44.0,18.0,13.081227
-74.0,46.0,18.0,13.291429
-74.0,48.0,18.0,13.074187
-74.0,50.0,18.0,12.461574
-74.0,52.0,18.0,11.958773
-74.0,54.0,18.0,11.788637
-74.0,56.0,18.0,11.796547
-74.0,58.0,18.0,12.241021
-74.0,60.0,18.0,12.4938
-74.0,62.0,18.0,12.802994
-74.0,64.0,18.0,13.005852
-74.0,66.0,18.0,13.034965
-74.0,68.0,18.0,12.757131
-74.0,70.0,18.0,12.335114
-74.0,72.0,18.0,12.429809
-74.0,74.0,18.0,12.793974
-74.0,76.0,18.0,12.584207
-74.0,78.0,18.0,12.387503
-74.0,80.0,18.0,12.448261
-74.0,82.0,18.0,12.55283
-74.0,84.0,18.0,12.380534
-74.0,86.0,18.0,12.357874
-74.0,88.0,18.0,12.139082
-74.0,90.0,18.0,12.47885
-74.0,92.0,18.0,12.706692
-74.0,94.0,18.0,12.952299
-74.0,96.0,18.0,13.161388
-74.0,98.0,18.0,12.907393
-74.0,100.0,18.0,12.4229765
-74.0,102.0,18.0,12.690289
-74.0,104.0,18.0,12.859559
-74.0,106.0,18.0,12.513628
-74.0,108.0,18.0,12.384582
-74.0,110.0,18.0,12.355434
-74.0,112.0,18.0,12.44165
-74.0,114.0,18.0,12.710292
-74.0,116.0,18.0,12.853045
-74.0,118.0,18.0,12.641073
-74.0,120.0,18.0,12.633388
-74.0,122.0,18.0,12.514293
-74.0,124.0,18.0,12.20277
-74.0,126.0,18.0,12.302044
-74.0,128.0,18.0,12.315499
-74.0,130.0,18.0,12.673931
-74.0,132.0,18.0,13.026517
-74.0,134.0,18.0,13.122758
-74.0,136.0,18.0,13.025476
-74.0,138.0,18.0,12.616191
-74.0,140.0,18.0,12.578154
-74.0,142.0,18.0,12.846103
-74.0,144.0,18.0,12.588596
-74.0,146.0,18.0,12.2385435
-74.0,148.0,18.0,12.176132
-74.0,150.0,18.0,12.576885
-74.0,152.0,18.0,12.539202
-74.0,154.0,18.0,12.138283
-74.0,156.0,18.0,12.461443
-74.0,158.0,18.0,12.718188
-74.0,160.0,18.0,12.229233
-74.0,162.0,18.0,12.032436
-74.0,164.0,18.0,12.423829
-74.0,166.0,18.0,12.570643
-74.0,168.0,18.0,12.54929
-74.0,170.0,18.0,12.481528
-74.0,172.0,18.0,13.008861
-74.0,174.0,18.0,12.934703
-74.0,176.0,18.0,12.29649
-74.0,178.0,18.0,12.482763
-74.0,180.0,18.0,12.682709
-72.0,-180.0,18.0,13.905287
-72.0,-178.0,18.0,13.687845
-72.0,-176.0,18.0,13.263024
-72.0,-174.0,18.0,13.686344
-72.0,-172.0,18.0,13.872267
-72.0,-170.0,18.0,13.507776
-72.0,-168.0,18.0,13.296968
-72.0,-166.0,18.0,13.252119
-72.0,-164.0,18.0,13.319617
-72.0,-162.0,18.0,13.266689
-72.0,-160.0,18.0,13.401028
-72.0,-158.0,18.0,13.753021
-72.0,-156.0,18.0,13.835094
-72.0,-154.0,18.0,13.689112
-72.0,-152.0,18.0,13.67457
-72.0,-150.0,18.0,13.691936
-72.0,-148.0,18.0,13.319236
-72.0,-146.0,18.0,13.003198
-72.0,-144.0,18.0,13.2432785
-72.0,-142.0,18.0,13.705212
-72.0,-140.0,18.0,14.120526
-72.0,-138.0,18.0,13.963666
-72.0,-136.0,18.0,13.737238
-72.0,-134.0,18.0,13.750496
-72.0,-132.0,18.0,13.9161625
-72.0,-130.0,18.0,14.049197
-72.0,-128.0,18.0,13.703258
-72.0,-126.0,18.0,13.137386
-72.0,-124.0,18.0,13.093706
-72.0,-122.0,18.0,13.605091
-72.0,-120.0,18.0,14.365383
-72.0,-118.0,18.0,14.205474
-72.0,-116.0,18.0,13.739603
-72.0,-114.0,18.0,14.119321
-72.0,-112.0,18.0,14.575719
-72.0,-110.0,18.0,13.985576
-72.0,-108.0,18.0,13.506848
-72.0,-106.0,18.0,13.6713
-72.0,-104.0,18.0,13.692422
-72.0,-102.0,18.0,13.448978
-72.0,-100.0,18.0,13.952417
-72.0,-98.0,18.0,14.5081005
-72.0,-96.0,18.0,14.431132
-72.0,-94.0,18.0,13.790538
-72.0,-92.0,18.0,13.552424
-72.0,-90.0,18.0,13.667008
-72.0,-88.0,18.0,13.754837
-72.0,-86.0,18.0,13.7578945
-72.0,-84.0,18.0,14.221825
-72.0,-82.0,18.0,14.491963
-72.0,-80.0,18.0,13.863197
-72.0,-78.0,18.0,13.422164
-72.0,-76.0,18.0,13.841945
-72.0,-74.0,18.0,13.589727
-72.0,-72.0,18.0,13.404949
-72.0,-70.0,18.0,13.786054
-72.0,-68.0,18.0,14.371522
-72.0,-66.0,18.0,13.888641
-72.0,-64.0,18.0,13.326647
-72.0,-62.0,18.0,13.322768
-72.0,-60.0,18.0,13.468125
-72.0,-58.0,18.0,13.073452
-72.0,-56.0,18.0,12.670638
-72.0,-54.0,18.0,13.253089
-72.0,-52.0,18.0,14.001336
-72.0,-50.0,18.0,14.034818
-72.0,-48.0,18.0,13.548163
-72.0,-46.0,18.0,13.127887
-72.0,-44.0,18.0,13.37122
-72.0,-42.0,18.0,13.723614
-72.0,-40.0,18.0,13.994238
-72.0,-38.0,18.0,13.928231
-72.0,-36.0,18.0,13.5825405
-72.0,-34.0,18.0,13.496541
-72.0,-32.0,18.0,13.8797035
-72.0,-30.0,18.0,13.987336
-72.0,-28.0,18.0,14.0318775
-72.0,-26.0,18.0,14.038687
-72.0,-24.0,18.0,13.87138
-72.0,-22.0,18.0,13.598352
-72.0,-20.0,18.0,13.589145
-72.0,-18.0,18.0,13.908785
-72.0,-16.0,18.0,14.2290325
-72.0,-14.0,18.0,13.867035
-72.0,-12.0,18.0,13.556829
-72.0,-10.0,18.0,13.650016
-72.0,-8.0,18.0,13.926674
-72.0,-6.0,18.0,13.76378
-72.0,-4.0,18.0,13.665092
-72.0,-2.0,18.0,14.148639
-72.0,0.0,18.0,13.915535
-72.0,2.0,18.0,13.55628
-72.0,4.0,18.0,13.394464
-72.0,6.0,18.0,13.6893015
-72.0,8.0,18.0,13.706525
-72.0,10.0,18.0,13.476721
-72.0,12.0,18.0,14.180113
-72.0,14.0,18.0,14.189595
-72.0,16.0,18.0,13.870897
-72.0,18.0,18.0,13.641095
-72.0,20.0,18.0,13.826858
-72.0,22.0,18.0,13.759718
-72.0,24.0,18.0,13.945188
-72.0,26.0,18.0,13.959611
-72.0,28.0,18.0,14.104907
-72.0,30.0,18.0,13.702852
-72.0,32.0,18.0,12.987774
-72.0,34.0,18.0,12.751091
-72.0,36.0,18.0,13.242729
-72.0,38.0,18.0,13.377597
-72.0,40.0,18.0,13.428783
-72.0,42.0,18.0,13.899241
-72.0,44.0,18.0,14.265245
-72.0,46.0,18.0,14.36873
-72.0,48.0,18.0,14.22447
-72.0,50.0,18.0,13.6807785
-72.0,52.0,18.0,13.323984
-72.0,54.0,18.0,13.112981
-72.0,56.0,18.0,12.994245
-72.0,58.0,18.0,13.28171
-72.0,60.0,18.0,13.71336
-72.0,62.0,18.0,14.324957
-72.0,64.0,18.0,14.537788
-72.0,66.0,18.0,14.493256
-72.0,68.0,18.0,14.14991
-72.0,70.0,18.0,13.514109
-72.0,72.0,18.0,13.408104
-72.0,74.0,18.0,13.842146
-72.0,76.0,18.0,13.654293
-72.0,78.0,18.0,13.635418
-72.0,80.0,18.0,13.68487
-72.0,82.0,18.0,13.676083
-72.0,84.0,18.0,13.822783
-72.0,86.0,18.0,13.592353
-72.0,88.0,18.0,13.407248
-72.0,90.0,18.0,13.606606
-72.0,92.0,18.0,13.958932
-72.0,94.0,18.0,14.078902
-72.0,96.0,18.0,14.242401
-72.0,98.0,18.0,14.019351
-72.0,100.0,18.0,13.529442
-72.0,102.0,18.0,13.8722
-72.0,104.0,18.0,13.90983
-72.0,106.0,18.0,13.616822
-72.0,108.0,18.0,13.666115
-72.0,110.0,18.0,13.740422
-72.0,112.0,18.0,13.85535
-72.0,114.0,18.0,14.053405
-72.0,116.0,18.0,13.875885
-72.0,118.0,18.0,13.73192
-72.0,120.0,18.0,13.785022
-72.0,122.0,18.0,13.790445
-72.0,124.0,18.0,13.462642
-72.0,126.0,18.0,13.374274
-72.0,128.0,18.0,13.405671
-72.0,130.0,18.0,13.807277
-72.0,132.0,18.0,14.040879
-72.0,134.0,18.0,14.171646
-72.0,136.0,18.0,14.089692
-72.0,138.0,18.0,13.760007
-72.0,140.0,18.0,13.781078
-72.0,142.0,18.0,13.994087
-72.0,144.0,18.0,13.711457
-72.0,146.0,18.0,13.565181
-72.0,148.0,18.0,13.617939
-72.0,150.0,18.0,13.893172
-72.0,152.0,18.0,13.675858
-72.0,154.0,18.0,13.470377
-72.0,156.0,18.0,13.865138
-72.0,158.0,18.0,13.954703
-72.0,160.0,18.0,13.393215
-72.0,162.0,18.0,13.285256
-72.0,164.0,18.0,13.580756
-72.0,166.0,18.0,13.851908
-72.0,168.0,18.0,13.960157
-72.0,170.0,18.0,13.952983
-72.0,172.0,18.0,14.688763
-72.0,174.0,18.0,14.672557
-72.0,176.0,18.0,13.996536
-72.0,178.0,18.0,13.748569
-72.0,180.0,18.0,13.905287
-70.0,-180.0,18.0,11.736165
-70.0,-178.0,18.0,11.501259
-70.0,-176.0,18.0,11.303528
-70.0,-174.0,18.0,11.601476
-70.0,-172.0,18.0,11.97736
-70.0,-170.0,18.0,11.719643
-70.0,-168.0,18.0,11.559787
-70.0,-166.0,18.0,11.452657
-70.0,-164.0,18.0,11.264924
-70.0,-162.0,18.0,11.271116
-70.0,-160.0,18.0,11.715977
-70.0,-158.0,18.0,12.004393
-70.0,-156.0,18.0,12.117505
-70.0,-154.0,18.0,12.017477
-70.0,-152.0,18.0,11.760469
-70.0,-150.0,18.0,11.731216
-70.0,-148.0,18.0,11.349032
-70.0,-146.0,18.0,10.996696
-70.0,-144.0,18.0,11.105256
-70.0,-142.0,18.0,11.374712
-70.0,-140.0,18.0,11.701304
-70.0,-138.0,18.0,11.635231
-70.0,-136.0,18.0,11.435587
-70.0,-134.0,18.0,11.307523
-70.0,-132.0,18.0,11.469251
-70.0,-130.0,18.0,11.735888
-70.0,-128.0,18.0,11.483969
-70.0,-126.0,18.0,10.896315
-70.0,-124.0,18.0,10.993947
-70.0,-122.0,18.0,11.315694
-70.0,-120.0,18.0,11.743924
-70.0,-118.0,18.0,11.643448
-70.0,-116.0,18.0,11.276745
-70.0,-114.0,18.0,11.670342
-70.0,-112.0,18.0,12.097535
-70.0,-110.0,18.0,11.661601
-70.0,-108.0,18.0,11.313174
-70.0,-106.0,18.0,11.6351
-70.0,-104.0,18.0,11.733924
-70.0,-102.0,18.0,11.362242
-70.0,-100.0,18.0,11.626635
-70.0,-98.0,18.0,12.492883
-70.0,-96.0,18.0,12.331594
-70.0,-94.0,18.0,11.632238
-70.0,-92.0,18.0,11.544636
-70.0,-90.0,18.0,11.530368
-70.0,-88.0,18.0,11.217467
-70.0,-86.0,18.0,11.17171
-70.0,-84.0,18.0,11.7353
-70.0,-82.0,18.0,12.083623
-70.0,-80.0,18.0,11.4362955
-70.0,-78.0,18.0,11.260181
-70.0,-76.0,18.0,11.527907
-70.0,-74.0,18.0,11.275737
-70.0,-72.0,18.0,11.004478
-70.0,-70.0,18.0,11.443098
-70.0,-68.0,18.0,11.980221
-70.0,-66.0,18.0,11.590165
-70.0,-64.0,18.0,11.217036
-70.0,-62.0,18.0,11.308538
-70.0,-60.0,18.0,11.440193
-70.0,-58.0,18.0,11.074321
-70.0,-56.0,18.0,10.635359
-70.0,-54.0,18.0,10.961445
-70.0,-52.0,18.0,11.434628
-70.0,-50.0,18.0,11.489608
-70.0,-48.0,18.0,11.238948
-70.0,-46.0,18.0,11.185916
-70.0,-44.0,18.0,11.362978
-70.0,-42.0,18.0,11.482433
-70.0,-40.0,18.0,11.522769
-70.0,-38.0,18.0,11.492759
-70.0,-36.0,18.0,11.35807
-70.0,-34.0,18.0,11.276492
-70.0,-32.0,18.0,11.425819
-70.0,-30.0,18.0,11.61402
-70.0,-28.0,18.0,11.980441
-70.0,-26.0,18.0,11.940021
-70.0,-24.0,18.0,11.877251
-70.0,-22.0,18.0,11.937512
-70.0,-20.0,18.0,11.724472
-70.0,-18.0,18.0,11.903076
-70.0,-16.0,18.0,12.084197
-70.0,-14.0,18.0,11.714559
-70.0,-12.0,18.0,11.600054
-70.0,-10.0,18.0,11.732351
-70.0,-8.0,18.0,11.922839
-70.0,-6.0,18.0,11.667552
-70.0,-4.0,18.0,11.72741
-70.0,-2.0,18.0,11.944909
-70.0,0.0,18.0,11.757708
-70.0,2.0,18.0,11.48823
-70.0,4.0,18.0,11.482858
-70.0,6.0,18.0,11.739349
-70.0,8.0,18.0,11.845792
-70.0,10.0,18.0,11.75497
-70.0,12.0,18.0,12.286613
-70.0,14.0,18.0,12.323891
-70.0,16.0,18.0,11.835846
-70.0,18.0,18.0,11.641238
-70.0,20.0,18.0,11.717944
-70.0,22.0,18.0,12.010056
-70.0,24.0,18.0,12.1703615
-70.0,26.0,18.0,12.199672
-70.0,28.0,18.0,12.270027
-70.0,30.0,18.0,11.7402315
-70.0,32.0,18.0,11.039797
-70.0,34.0,18.0,10.829258
-70.0,36.0,18.0,11.2967415
-70.0,38.0,18.0,11.574483
-70.0,40.0,18.0,11.746422
-70.0,42.0,18.0,12.2879
-70.0,44.0,18.0,12.543268
-70.0,46.0,18.0,12.501053
-70.0,48.0,18.0,12.214707
-70.0,50.0,18.0,11.747668
-70.0,52.0,18.0,11.632638
-70.0,54.0,18.0,11.711846
-70.0,56.0,18.0,11.474948
-70.0,58.0,18.0,11.418508
-70.0,60.0,18.0,11.718111
-70.0,62.0,18.0,12.268705
-70.0,64.0,18.0,12.215286
-70.0,66.0,18.0,11.979635
-70.0,68.0,18.0,11.941506
-70.0,70.0,18.0,11.745932
-70.0,72.0,18.0,11.579175
-70.0,74.0,18.0,11.679643
-70.0,76.0,18.0,11.86933
-70.0,78.0,18.0,11.772959
-70.0,80.0,18.0,11.7583275
-70.0,82.0,18.0,11.940659
-70.0,84.0,18.0,12.032775
-70.0,86.0,18.0,11.957986
-70.0,88.0,18.0,11.615117
-70.0,90.0,18.0,11.7501335
-70.0,92.0,18.0,12.04608
-70.0,94.0,18.0,12.117178
-70.0,96.0,18.0,12.447777
-70.0,98.0,18.0,12.305922
-70.0,100.0,18.0,11.768662
-70.0,102.0,18.0,12.091203
-70.0,104.0,18.0,12.244863
-70.0,106.0,18.0,11.880151
-70.0,108.0,18.0,11.612152
-70.0,110.0,18.0,11.735974
-70.0,112.0,18.0,11.947368
-70.0,114.0,18.0,11.9963045
-70.0,116.0,18.0,11.936878
-70.0,118.0,18.0,11.8086605
-70.0,120.0,18.0,11.762261
-70.0,122.0,18.0,11.660666
-70.0,124.0,18.0,11.295785
-70.0,126.0,18.0,11.402903
-70.0,128.0,18.0,11.392902
-70.0,130.0,18.0,11.746161
-70.0,132.0,18.0,12.221479
-70.0,134.0,18.0,12.327258
-70.0,136.0,18.0,12.136799
-70.0,138.0,18.0,11.751452
-70.0,140.0,18.0,11.764059
-70.0,142.0,18.0,11.997552
-70.0,144.0,18.0,11.832001
-70.0,146.0,18.0,11.665603
-70.0,148.0,18.0,11.585344
-70.0,150.0,18.0,11.726988
-70.0,152.0,18.0,11.879233
-70.0,154.0,18.0,11.649585
-70.0,156.0,18.0,11.954251
-70.0,158.0,18.0,12.204801
-70.0,160.0,18.0,11.7369795
-70.0,162.0,18.0,11.492602
-70.0,164.0,18.0,11.590165
-70.0,166.0,18.0,11.597015
-70.0,168.0,18.0,11.67636
-70.0,170.0,18.0,11.736683
-70.0,172.0,18.0,12.438506
-70.0,174.0,18.0,12.410703
-70.0,176.0,18.0,11.842471
-70.0,178.0,18.0,11.743428
-70.0,180.0,18.0,11.736165
-68.0,-180.0,18.0,10.467737
-68.0,-178.0,18.0,10.45091
-68.0,-176.0,18.0,10.36388
-68.0,-174.0,18.0,10.449963
-68.0,-172.0,18.0,10.619958
-68.0,-170.0,18.0,10.55136
-68.0,-168.0,18.0,10.488044
-68.0,-166.0,18.0,10.426099
-68.0,-164.0,18.0,10.32689
-68.0,-162.0,18.0,10.292146
-68.0,-160.0,18.0,10.509969
-68.0,-158.0,18.0,10.772779
-68.0,-156.0,18.0,10.813241
-68.0,-154.0,18.0,10.529595
-68.0,-152.0,18.0,10.36693
-68.0,-150.0,18.0,10.492133
-68.0,-148.0,18.0,10.135944
-68.0,-146.0,18.0,9.804836
-68.0,-144.0,18.0,9.781399
-68.0,-142.0,18.0,9.781119
-68.0,-140.0,18.0,9.9911375
-68.0,-138.0,18.0,9.968048
-68.0,-136.0,18.0,9.761787
-68.0,-134.0,18.0,9.616611
-68.0,-132.0,18.0,9.75611
-68.0,-130.0,18.0,9.854332
-68.0,-128.0,18.0,9.749685
-68.0,-126.0,18.0,9.380649
-68.0,-124.0,18.0,9.4069805
-68.0,-122.0,18.0,9.614419
-68.0,-120.0,18.0,9.894693
-68.0,-118.0,18.0,9.71618
-68.0,-116.0,18.0,9.662589
-68.0,-114.0,18.0,9.992971
-68.0,-112.0,18.0,10.178246
-68.0,-110.0,18.0,9.991004
-68.0,-108.0,18.0,9.578601
-68.0,-106.0,18.0,9.93084
-68.0,-104.0,18.0,10.086727
-68.0,-102.0,18.0,9.695349
-68.0,-100.0,18.0,9.840179
-68.0,-98.0,18.0,10.519375
-68.0,-96.0,18.0,10.41123
-68.0,-94.0,18.0,9.939379
-68.0,-92.0,18.0,9.791894
-68.0,-90.0,18.0,9.733982
-68.0,-88.0,18.0,9.344126
-68.0,-86.0,18.0,9.139923
-68.0,-84.0,18.0,9.85219
-68.0,-82.0,18.0,10.001929
-68.0,-80.0,18.0,9.602046
-68.0,-78.0,18.0,9.473349
-68.0,-76.0,18.0,9.731302
-68.0,-74.0,18.0,9.361401
-68.0,-72.0,18.0,9.147178
-68.0,-70.0,18.0,9.4817
-68.0,-68.0,18.0,10.001195
-68.0,-66.0,18.0,9.697212
-68.0,-64.0,18.0,9.358964
-68.0,-62.0,18.0,9.454939
-68.0,-60.0,18.0,9.602539
-68.0,-58.0,18.0,9.172748
-68.0,-56.0,18.0,8.835768
-68.0,-54.0,18.0,9.345323
-68.0,-52.0,18.0,9.784212
-68.0,-50.0,18.0,9.720183
-68.0,-48.0,18.0,9.5024
-68.0,-46.0,18.0,9.486598
-68.0,-44.0,18.0,9.656791
-68.0,-42.0,18.0,9.78362
-68.0,-40.0,18.0,9.925467
-68.0,-38.0,18.0,9.819402
-68.0,-36.0,18.0,9.8036375
-68.0,-34.0,18.0,10.015264
-68.0,-32.0,18.0,10.22366
-68.0,-30.0,18.0,10.308492
-68.0,-28.0,18.0,10.538581
-68.0,-26.0,18.0,10.708718
-68.0,-24.0,18.0,10.654551
-68.0,-22.0,18.0,10.670184
-68.0,-20.0,18.0,10.578612
-68.0,-18.0,18.0,10.549348
-68.0,-16.0,18.0,10.638082
-68.0,-14.0,18.0,10.659479
-68.0,-12.0,18.0,10.693551
-68.0,-10.0,18.0,10.783683
-68.0,-8.0,18.0,10.701363
-68.0,-6.0,18.0,10.624111
-68.0,-4.0,18.0,10.751749
-68.0,-2.0,18.0,10.830492
-68.0,0.0,18.0,10.597998
-68.0,2.0,18.0,10.528762
-68.0,4.0,18.0,10.467173
-68.0,6.0,18.0,10.372918
-68.0,8.0,18.0,10.622723
-68.0,10.0,18.0,10.769618
-68.0,12.0,18.0,11.050243
-68.0,14.0,18.0,10.959347
-68.0,16.0,18.0,10.7209015
-68.0,18.0,18.0,10.551841
-68.0,20.0,18.0,10.616889
-68.0,22.0,18.0,11.054325
-68.0,24.0,18.0,11.260952
-68.0,26.0,18.0,11.252238
-68.0,28.0,18.0,11.103196
-68.0,30.0,18.0,10.602349
-68.0,32.0,18.0,9.988141
-68.0,34.0,18.0,9.815254
-68.0,36.0,18.0,10.140846
-68.0,38.0,18.0,10.46338
-68.0,40.0,18.0,10.756944
-68.0,42.0,18.0,11.059347
-68.0,44.0,18.0,11.281561
-68.0,46.0,18.0,11.210703
-68.0,48.0,18.0,10.973939
-68.0,50.0,18.0,10.493654
-68.0,52.0,18.0,10.372394
-68.0,54.0,18.0,10.322346
-68.0,56.0,18.0,10.146129
-68.0,58.0,18.0,10.193971
-68.0,60.0,18.0,10.400567
-68.0,62.0,18.0,10.499525
-68.0,64.0,18.0,10.4206
-68.0,66.0,18.0,10.411972
-68.0,68.0,18.0,10.443905
-68.0,70.0,18.0,10.349968
-68.0,72.0,18.0,10.293633
-68.0,74.0,18.0,10.470739
-68.0,76.0,18.0,10.6153755
-68.0,78.0,18.0,10.537001
-68.0,80.0,18.0,10.43636
-68.0,82.0,18.0,10.581779
-68.0,84.0,18.0,10.904683
-68.0,86.0,18.0,10.842826
-68.0,88.0,18.0,10.403079
-68.0,90.0,18.0,10.523918
-68.0,92.0,18.0,10.463275
-68.0,94.0,18.0,10.570028
-68.0,96.0,18.0,10.990503
-68.0,98.0,18.0,10.860096
-68.0,100.0,18.0,10.639964
-68.0,102.0,18.0,10.786575
-68.0,104.0,18.0,10.878801
-68.0,106.0,18.0,10.666774
-68.0,108.0,18.0,10.433957
-68.0,110.0,18.0,10.486878
-68.0,112.0,18.0,10.619606
-68.0,114.0,18.0,10.827126
-68.0,116.0,18.0,10.727495
-68.0,118.0,18.0,10.637045
-68.0,120.0,18.0,10.523624
-68.0,122.0,18.0,10.301549
-68.0,124.0,18.0,10.141045
-68.0,126.0,18.0,10.235237
-68.0,128.0,18.0,10.221981
-68.0,130.0,18.0,10.488209
-68.0,132.0,18.0,10.946938
-68.0,134.0,18.0,11.146988
-68.0,136.0,18.0,11.056492
-68.0,138.0,18.0,10.690769
-68.0,140.0,18.0,10.721702
-68.0,142.0,18.0,10.597846
-68.0,144.0,18.0,10.596956
-68.0,146.0,18.0,10.469708
-68.0,148.0,18.0,10.356381
-68.0,150.0,18.0,10.495853
-68.0,152.0,18.0,10.438891
-68.0,154.0,18.0,10.594673
-68.0,156.0,18.0,10.787347
-68.0,158.0,18.0,10.960912
-68.0,160.0,18.0,10.788327
-68.0,162.0,18.0,10.481842
-68.0,164.0,18.0,10.431415
-68.0,166.0,18.0,10.448027
-68.0,168.0,18.0,10.19426
-68.0,170.0,18.0,10.418334
-68.0,172.0,18.0,10.769503
-68.0,174.0,18.0,10.576822
-68.0,176.0,18.0,10.259332
-68.0,178.0,18.0,10.4317255
-68.0,180.0,18.0,10.467737
-66.0,-180.0,18.0,11.08188
-66.0,-178.0,18.0,10.759868
-66.0,-176.0,18.0,10.768999
-66.0,-174.0,18.0,11.10119
-66.0,-172.0,18.0,11.270071
-66.0,-170.0,18.0,11.113037
-66.0,-168.0,18.0,11.123513
-66.0,-166.0,18.0,11.159312
-66.0,-164.0,18.0,10.970152
-66.0,-162.0,18.0,10.938044
-66.0,-160.0,18.0,11.239647
-66.0,-158.0,18.0,11.484924
-66.0,-156.0,18.0,11.43143
-66.0,-154.0,18.0,11.237219
-66.0,-152.0,18.0,11.264244
-66.0,-150.0,18.0,11.15064
-66.0,-148.0,18.0,10.667503
-66.0,-146.0,18.0,10.332574
-66.0,-144.0,18.0,10.3289385
-66.0,-142.0,18.0,10.488119
-66.0,-140.0,18.0,10.900264
-66.0,-138.0,18.0,10.913376
-66.0,-136.0,18.0,10.793833
-66.0,-134.0,18.0,10.657177
-66.0,-132.0,18.0,10.600919
-66.0,-130.0,18.0,10.766632
-66.0,-128.0,18.0,10.41888
-66.0,-126.0,18.0,10.012516
-66.0,-124.0,18.0,9.99241
-66.0,-122.0,18.0,10.304791
-66.0,-120.0,18.0,10.750949
-66.0,-118.0,18.0,10.637002
-66.0,-116.0,18.0,10.542002
-66.0,-114.0,18.0,10.816381
-66.0,-112.0,18.0,10.945922
-66.0,-110.0,18.0,10.641456
-66.0,-108.0,18.0,10.305987
-66.0,-106.0,18.0,10.522452
-66.0,-104.0,18.0,10.505172
-66.0,-102.0,18.0,10.233551
-66.0,-100.0,18.0,10.449439
-66.0,-98.0,18.0,11.030305
-66.0,-96.0,18.0,10.760663
-66.0,-94.0,18.0,10.445869
-66.0,-92.0,18.0,10.49393
-66.0,-90.0,18.0,10.156167
-66.0,-88.0,18.0,9.960408
-66.0,-86.0,18.0,9.996194
-66.0,-84.0,18.0,10.32934
-66.0,-82.0,18.0,10.438862
-66.0,-80.0,18.0,10.128366
-66.0,-78.0,18.0,10.07618
-66.0,-76.0,18.0,10.174419
-66.0,-74.0,18.0,9.894373
-66.0,-72.0,18.0,9.772756
-66.0,-70.0,18.0,9.981616
-66.0,-68.0,18.0,10.408743
-66.0,-66.0,18.0,10.175431
-66.0,-64.0,18.0,9.954611
-66.0,-62.0,18.0,10.1524725
-66.0,-60.0,18.0,10.076209
-66.0,-58.0,18.0,9.658421
-66.0,-56.0,18.0,9.555319
-66.0,-54.0,18.0,10.059318
-66.0,-52.0,18.0,10.424876
-66.0,-50.0,18.0,10.290222
-66.0,-48.0,18.0,10.308344
-66.0,-46.0,18.0,10.400927
-66.0,-44.0,18.0,10.478461
-66.0,-42.0,18.0,10.46384
-66.0,-40.0,18.0,10.587992
-66.0,-38.0,18.0,10.503348
-66.0,-36.0,18.0,10.500822
-66.0,-34.0,18.0,10.712907
-66.0,-32.0,18.0,10.760071
-66.0,-30.0,18.0,10.958965
-66.0,-28.0,18.0,11.010249
-66.0,-26.0,18.0,11.066096
-66.0,-24.0,18.0,11.011402
-66.0,-22.0,18.0,11.176737
-66.0,-20.0,18.0,10.962674
-66.0,-18.0,18.0,10.898682
-66.0,-16.0,18.0,10.965434
-66.0,-14.0,18.0,11.004618
-66.0,-12.0,18.0,11.16526
-66.0,-10.0,18.0,11.061911
-66.0,-8.0,18.0,11.141807
-66.0,-6.0,18.0,11.203969
-66.0,-4.0,18.0,11.061291
-66.0,-2.0,18.0,10.9653845
-66.0,0.0,18.0,11.136641
-66.0,2.0,18.0,11.121681
-66.0,4.0,18.0,10.945722
-66.0,6.0,18.0,10.932117
-66.0,8.0,18.0,11.149738
-66.0,10.0,18.0,11.289401
-66.0,12.0,18.0,11.488389
-66.0,14.0,18.0,11.558315
-66.0,16.0,18.0,11.362925
-66.0,18.0,18.0,11.207723
-66.0,20.0,18.0,11.21958
-66.0,22.0,18.0,11.617391
-66.0,24.0,18.0,11.683901
-66.0,26.0,18.0,11.659184
-66.0,28.0,18.0,11.314534
-66.0,30.0,18.0,11.027447
-66.0,32.0,18.0,10.525315
-66.0,34.0,18.0,10.3017845
-66.0,36.0,18.0,10.531084
-66.0,38.0,18.0,10.774665
-66.0,40.0,18.0,11.133187
-66.0,42.0,18.0,11.515137
-66.0,44.0,18.0,11.758148
-66.0,46.0,18.0,11.635353
-66.0,48.0,18.0,11.39673
-66.0,50.0,18.0,10.976985
-66.0,52.0,18.0,10.828073
-66.0,54.0,18.0,10.746377
-66.0,56.0,18.0,10.568229
-66.0,58.0,18.0,10.63588
-66.0,60.0,18.0,10.868869
-66.0,62.0,18.0,11.248043
-66.0,64.0,18.0,11.174001
-66.0,66.0,18.0,11.013255
-66.0,68.0,18.0,10.975726
-66.0,70.0,18.0,10.820945
-66.0,72.0,18.0,10.725659
-66.0,74.0,18.0,10.796862
-66.0,76.0,18.0,10.970101
-66.0,78.0,18.0,11.075134
-66.0,80.0,18.0,10.943401
-66.0,82.0,18.0,10.927057
-66.0,84.0,18.0,11.236092
-66.0,86.0,18.0,11.327892
-66.0,88.0,18.0,10.726084
-66.0,90.0,18.0,11.113727
-66.0,92.0,18.0,11.203576
-66.0,94.0,18.0,11.239269
-66.0,96.0,18.0,11.535399
-66.0,98.0,18.0,11.438054
-66.0,100.0,18.0,10.974141
-66.0,102.0,18.0,11.168898
-66.0,104.0,18.0,11.287644
-66.0,106.0,18.0,11.119987
-66.0,108.0,18.0,10.831969
-66.0,110.0,18.0,10.917334
-66.0,112.0,18.0,11.0448675
-66.0,114.0,18.0,11.546499
-66.0,116.0,18.0,11.481135
-66.0,118.0,18.0,11.154984
-66.0,120.0,18.0,11.109225
-66.0,122.0,18.0,10.88148
-66.0,124.0,18.0,10.83192
-66.0,126.0,18.0,10.855909
-66.0,128.0,18.0,10.939134
-66.0,130.0,18.0,11.2921095
-66.0,132.0,18.0,11.541583
-66.0,134.0,18.0,11.52437
-66.0,136.0,18.0,11.45722
-66.0,138.0,18.0,11.145425
-66.0,140.0,18.0,11.278062
-66.0,142.0,18.0,11.3431
-66.0,144.0,18.0,11.2777605
-66.0,146.0,18.0,11.158624
-66.0,148.0,18.0,11.057963
-66.0,150.0,18.0,11.109604
-66.0,152.0,18.0,11.048165
-66.0,154.0,18.0,10.998718
-66.0,156.0,18.0,11.423741
-66.0,158.0,18.0,11.56412
-66.0,160.0,18.0,11.149236
-66.0,162.0,18.0,11.045981
-66.0,164.0,18.0,11.19267
-66.0,166.0,18.0,11.0330715
-66.0,168.0,18.0,10.95226
-66.0,170.0,18.0,11.08633
-66.0,172.0,18.0,11.603352
-66.0,174.0,18.0,11.3895645
-66.0,176.0,18.0,11.132707
-66.0,178.0,18.0,11.302223
-66.0,180.0,18.0,11.08188
-64.0,-180.0,18.0,12.362459
-64.0,-178.0,18.0,11.621951
-64.0,-176.0,18.0,11.471712
-64.0,-174.0,18.0,12.001719
-64.0,-172.0,18.0,12.398184
-64.0,-170.0,18.0,12.197935
-64.0,-168.0,18.0,12.191097
-64.0,-166.0,18.0,12.201376
-64.0,-164.0,18.0,11.824804
-64.0,-162.0,18.0,11.816887
-64.0,-160.0,18.0,12.257788
-64.0,-158.0,18.0,12.712922
-64.0,-156.0,18.0,12.77641
-64.0,-154.0,18.0,12.419245
-64.0,-152.0,18.0,12.315637
-64.0,-150.0,18.0,12.301117
-64.0,-148.0,18.0,11.914399
-64.0,-146.0,18.0,11.626017
-64.0,-144.0,18.0,11.648623
-64.0,-142.0,18.0,11.923592
-64.0,-140.0,18.0,12.114489
-64.0,-138.0,18.0,12.274006
-64.0,-136.0,18.0,12.08624
-64.0,-134.0,18.0,11.971981
-64.0,-132.0,18.0,11.993962
-64.0,-130.0,18.0,12.215007
-64.0,-128.0,18.0,11.734025
-64.0,-126.0,18.0,11.000656
-64.0,-124.0,18.0,11.110558
-64.0,-122.0,18.0,11.426726
-64.0,-120.0,18.0,11.792908
-64.0,-118.0,18.0,11.855785
-64.0,-116.0,18.0,11.86529
-64.0,-114.0,18.0,12.283749
-64.0,-112.0,18.0,12.211413
-64.0,-110.0,18.0,11.653788
-64.0,-108.0,18.0,11.329704
-64.0,-106.0,18.0,11.263543
-64.0,-104.0,18.0,11.166575
-64.0,-102.0,18.0,10.964611
-64.0,-100.0,18.0,11.219639
-64.0,-98.0,18.0,11.634321
-64.0,-96.0,18.0,11.354042
-64.0,-94.0,18.0,11.021701
-64.0,-92.0,18.0,11.009079
-64.0,-90.0,18.0,10.742481
-64.0,-88.0,18.0,10.598192
-64.0,-86.0,18.0,10.723941
-64.0,-84.0,18.0,11.05752
-64.0,-82.0,18.0,10.929035
-64.0,-80.0,18.0,10.583211
-64.0,-78.0,18.0,10.710572
-64.0,-76.0,18.0,10.592546
-64.0,-74.0,18.0,10.377432
-64.0,-72.0,18.0,10.321403
-64.0,-70.0,18.0,10.6443
-64.0,-68.0,18.0,10.808514
-64.0,-66.0,18.0,10.485011
-64.0,-64.0,18.0,10.582026
-64.0,-62.0,18.0,10.691563
-64.0,-60.0,18.0,10.533844
-64.0,-58.0,18.0,10.478719
-64.0,-56.0,18.0,10.418011
-64.0,-54.0,18.0,10.840505
-64.0,-52.0,18.0,11.070079
-64.0,-50.0,18.0,10.996164
-64.0,-48.0,18.0,11.047823
-64.0,-46.0,18.0,11.214405
-64.0,-44.0,18.0,11.176388
-64.0,-42.0,18.0,11.057448
-64.0,-40.0,18.0,11.109151
-64.0,-38.0,18.0,11.181894
-64.0,-36.0,18.0,11.350965
-64.0,-34.0,18.0,11.302669
-64.0,-32.0,18.0,11.18663
-64.0,-30.0,18.0,11.429119
-64.0,-28.0,18.0,11.721112
-64.0,-26.0,18.0,11.730332
-64.0,-24.0,18.0,11.697723
-64.0,-22.0,18.0,11.918891
-64.0,-20.0,18.0,11.766539
-64.0,-18.0,18.0,11.5965
-64.0,-16.0,18.0,11.784622
-64.0,-14.0,18.0,12.056432
-64.0,-12.0,18.0,11.985961
-64.0,-10.0,18.0,11.913655
-64.0,-8.0,18.0,12.065377
-64.0,-6.0,18.0,12.001685
-64.0,-4.0,18.0,11.860677
-64.0,-2.0,18.0,12.035521
-64.0,0.0,18.0,12.125816
-64.0,2.0,18.0,11.924312
-64.0,4.0,18.0,11.855545
-64.0,6.0,18.0,12.008784
-64.0,8.0,18.0,12.053489
-64.0,10.0,18.0,12.011946
-64.0,12.0,18.0,12.217952
-64.0,14.0,18.0,12.348667
-64.0,16.0,18.0,12.102263
-64.0,18.0,18.0,12.032141
-64.0,20.0,18.0,12.119628
-64.0,22.0,18.0,12.670118
-64.0,24.0,18.0,12.999308
-64.0,26.0,18.0,12.694338
-64.0,28.0,18.0,12.540129
-64.0,30.0,18.0,12.217148
-64.0,32.0,18.0,11.835984
-64.0,34.0,18.0,11.467364
-64.0,36.0,18.0,11.757105
-64.0,38.0,18.0,11.898636
-64.0,40.0,18.0,12.072214
-64.0,42.0,18.0,12.418943
-64.0,44.0,18.0,12.75547
-64.0,46.0,18.0,12.775822
-64.0,48.0,18.0,12.521128
-64.0,50.0,18.0,12.3054285
-64.0,52.0,18.0,12.149082
-64.0,54.0,18.0,12.210002
-64.0,56.0,18.0,11.95355
-64.0,58.0,18.0,11.892626
-64.0,60.0,18.0,12.45184
-64.0,62.0,18.0,13.145439
-64.0,64.0,18.0,13.093315
-64.0,66.0,18.0,12.736993
-64.0,68.0,18.0,12.614609
-64.0,70.0,18.0,12.621652
-64.0,72.0,18.0,11.980538
-64.0,74.0,18.0,11.7004
-64.0,76.0,18.0,12.1030655
-64.0,78.0,18.0,12.591442
-64.0,80.0,18.0,12.435245
-64.0,82.0,18.0,12.614627
-64.0,84.0,18.0,13.292145
-64.0,86.0,18.0,12.647235
-64.0,88.0,18.0,12.018408
-64.0,90.0,18.0,12.488249
-64.0,92.0,18.0,13.186818
-64.0,94.0,18.0,13.228153
-64.0,96.0,18.0,12.988459
-64.0,98.0,18.0,13.052924
-64.0,100.0,18.0,12.677412
-64.0,102.0,18.0,12.1412525
-64.0,104.0,18.0,12.26685
-64.0,106.0,18.0,12.690319
-64.0,108.0,18.0,12.690262
-64.0,110.0,18.0,12.563962
-64.0,112.0,18.0,12.570101
-64.0,114.0,18.0,13.0101
-64.0,116.0,18.0,12.59555
-64.0,118.0,18.0,12.181263
-64.0,120.0,18.0,12.207944
-64.0,122.0,18.0,12.201059
-64.0,124.0,18.0,11.781517
-64.0,126.0,18.0,11.678033
-64.0,128.0,18.0,11.702973
-64.0,130.0,18.0,12.116453
-64.0,132.0,18.0,12.299539
-64.0,134.0,18.0,12.127117
-64.0,136.0,18.0,12.100564
-64.0,138.0,18.0,12.018746
-64.0,140.0,18.0,12.253325
-64.0,142.0,18.0,12.43641
-64.0,144.0,18.0,12.237715
-64.0,146.0,18.0,12.022231
-64.0,148.0,18.0,12.073475
-64.0,150.0,18.0,12.233885
-64.0,152.0,18.0,12.095848
-64.0,154.0,18.0,11.920656
-64.0,156.0,18.0,12.506145
-64.0,158.0,18.0,12.696045
-64.0,160.0,18.0,12.249254
-64.0,162.0,18.0,12.025006
-64.0,164.0,18.0,12.314947
-64.0,166.0,18.0,12.200486
-64.0,168.0,18.0,12.021561
-64.0,170.0,18.0,12.286831
-64.0,172.0,18.0,13.095369
-64.0,174.0,18.0,13.056886
-64.0,176.0,18.0,12.420281
-64.0,178.0,18.0,12.61467
-64.0,180.0,18.0,12.362459
-62.0,-180.0,18.0,12.81393
-62.0,-178.0,18.0,12.189946
-62.0,-176.0,18.0,11.90162
-62.0,-174.0,18.0,12.37609
-62.0,-172.0,18.0,12.761194
-62.0,-170.0,18.0,12.423823
-62.0,-168.0,18.0,12.109617
-62.0,-166.0,18.0,11.913732
-62.0,-164.0,18.0,11.544621
-62.0,-162.0,18.0,11.750158
-62.0,-160.0,18.0,12.384484
-62.0,-158.0,18.0,12.7315645
-62.0,-156.0,18.0,12.81921
-62.0,-154.0,18.0,12.561746
-62.0,-152.0,18.0,12.287293
-62.0,-150.0,18.0,12.121058
-62.0,-148.0,18.0,11.814715
-62.0,-146.0,18.0,11.619015
-62.0,-144.0,18.0,11.751436
-62.0,-142.0,18.0,11.974482
-62.0,-140.0,18.0,11.987624
-62.0,-138.0,18.0,11.658977
-62.0,-136.0,18.0,11.475441
-62.0,-134.0,18.0,11.446111
-62.0,-132.0,18.0,11.362957
-62.0,-130.0,18.0,11.754675
-62.0,-128.0,18.0,11.398798
-62.0,-126.0,18.0,10.62051
-62.0,-124.0,18.0,10.710181
-62.0,-122.0,18.0,10.938834
-62.0,-120.0,18.0,11.232923
-62.0,-118.0,18.0,11.100107
-62.0,-116.0,18.0,11.026266
-62.0,-114.0,18.0,11.906726
-62.0,-112.0,18.0,11.54496
-62.0,-110.0,18.0,10.812483
-62.0,-108.0,18.0,10.552736
-62.0,-106.0,18.0,10.438409
-62.0,-104.0,18.0,10.228846
-62.0,-102.0,18.0,10.154913
-62.0,-100.0,18.0,10.533728
-62.0,-98.0,18.0,10.88583
-62.0,-96.0,18.0,10.719861
-62.0,-94.0,18.0,10.331961
-62.0,-92.0,18.0,10.182855
-62.0,-90.0,18.0,9.851053
-62.0,-88.0,18.0,9.702873
-62.0,-86.0,18.0,10.177939
-62.0,-84.0,18.0,10.505074
-62.0,-82.0,18.0,10.267466
-62.0,-80.0,18.0,9.881812
-62.0,-78.0,18.0,9.791017
-62.0,-76.0,18.0,9.689895
-62.0,-74.0,18.0,9.487137
-62.0,-72.0,18.0,9.487878
-62.0,-70.0,18.0,9.990885
-62.0,-68.0,18.0,10.105254
-62.0,-66.0,18.0,9.865769
-62.0,-64.0,18.0,9.708973
-62.0,-62.0,18.0,9.866037
-62.0,-60.0,18.0,9.951431
-62.0,-58.0,18.0,9.644805
-62.0,-56.0,18.0,9.383513
-62.0,-54.0,18.0,9.886214
-62.0,-52.0,18.0,10.349775
-62.0,-50.0,18.0,10.419812
-62.0,-48.0,18.0,10.00441
-62.0,-46.0,18.0,10.043853
-62.0,-44.0,18.0,10.4363575
-62.0,-42.0,18.0,10.49065
-62.0,-40.0,18.0,10.659691
-62.0,-38.0,18.0,10.697899
-62.0,-36.0,18.0,10.828112
-62.0,-34.0,18.0,11.144538
-62.0,-32.0,18.0,11.254974
-62.0,-30.0,18.0,11.208506
-62.0,-28.0,18.0,11.558177
-62.0,-26.0,18.0,11.609768
-62.0,-24.0,18.0,11.719201
-62.0,-22.0,18.0,12.062953
-62.0,-20.0,18.0,12.0604105
-62.0,-18.0,18.0,12.030988
-62.0,-16.0,18.0,12.083427
-62.0,-14.0,18.0,12.302263
-62.0,-12.0,18.0,12.169898
-62.0,-10.0,18.0,12.296073
-62.0,-8.0,18.0,12.637204
-62.0,-6.0,18.0,12.61343
-62.0,-4.0,18.0,12.484129
-62.0,-2.0,18.0,12.636617
-62.0,0.0,18.0,12.488583
-62.0,2.0,18.0,12.175925
-62.0,4.0,18.0,12.236402
-62.0,6.0,18.0,12.427355
-62.0,8.0,18.0,12.525514
-62.0,10.0,18.0,12.557188
-62.0,12.0,18.0,12.770916
-62.0,14.0,18.0,12.760112
-62.0,16.0,18.0,12.429236
-62.0,18.0,18.0,12.454911
-62.0,20.0,18.0,12.5894165
-62.0,22.0,18.0,13.122151
-62.0,24.0,18.0,13.236031
-62.0,26.0,18.0,13.194812
-62.0,28.0,18.0,12.97377
-62.0,30.0,18.0,12.649238
-62.0,32.0,18.0,12.132592
-62.0,34.0,18.0,11.810603
-62.0,36.0,18.0,11.88166
-62.0,38.0,18.0,11.9495125
-62.0,40.0,18.0,12.473407
-62.0,42.0,18.0,12.678784
-62.0,44.0,18.0,12.953149
-62.0,46.0,18.0,13.042556
-62.0,48.0,18.0,12.703421
-62.0,50.0,18.0,12.684826
-62.0,52.0,18.0,12.906467
-62.0,54.0,18.0,12.784661
-62.0,56.0,18.0,12.243394
-62.0,58.0,18.0,12.187302
-62.0,60.0,18.0,12.913368
-62.0,62.0,18.0,13.685597
-62.0,64.0,18.0,13.563063
-62.0,66.0,18.0,13.177778
-62.0,68.0,18.0,13.16533
-62.0,70.0,18.0,12.956639
-62.0,72.0,18.0,12.173502
-62.0,74.0,18.0,12.105792
-62.0,76.0,18.0,12.309396
-62.0,78.0,18.0,12.94873
-62.0,80.0,18.0,12.938444
-62.0,82.0,18.0,13.350125
-62.0,84.0,18.0,13.941142
-62.0,86.0,18.0,13.342171
-62.0,88.0,18.0,12.848186
-62.0,90.0,18.0,13.098973
-62.0,92.0,18.0,13.489122
-62.0,94.0,18.0,13.407407
-62.0,96.0,18.0,13.483859
-62.0,98.0,18.0,13.673435
-62.0,100.0,18.0,12.825748
-62.0,102.0,18.0,12.290724
-62.0,104.0,18.0,12.2872
-62.0,106.0,18.0,12.648652
-62.0,108.0,18.0,12.800717
-62.0,110.0,18.0,12.657241
-62.0,112.0,18.0,13.163824
-62.0,114.0,18.0,13.638565
-62.0,116.0,18.0,13.28563
-62.0,118.0,18.0,12.642692
-62.0,120.0,18.0,12.4639
-62.0,122.0,18.0,12.552218
-62.0,124.0,18.0,12.146027
-62.0,126.0,18.0,11.922094
-62.0,128.0,18.0,12.18247
-62.0,130.0,18.0,12.468385
-62.0,132.0,18.0,12.379221
-62.0,134.0,18.0,12.057573
-62.0,136.0,18.0,11.82296
-62.0,138.0,18.0,11.9099655
-62.0,140.0,18.0,12.403177
-62.0,142.0,18.0,12.518703
-62.0,144.0,18.0,12.157637
-62.0,146.0,18.0,12.042703
-62.0,148.0,18.0,12.337908
-62.0,150.0,18.0,12.559059
-62.0,152.0,18.0,12.508322
-62.0,154.0,18.0,12.46867
-62.0,156.0,18.0,13.043053
-62.0,158.0,18.0,12.98487
-62.0,160.0,18.0,12.591635
-62.0,162.0,18.0,12.371685
-62.0,164.0,18.0,12.48573
-62.0,166.0,18.0,12.386463
-62.0,168.0,18.0,12.172901
-62.0,170.0,18.0,12.47935
-62.0,172.0,18.0,13.234378
-62.0,174.0,18.0,13.443452
-62.0,176.0,18.0,13.010728
-62.0,178.0,18.0,13.044838
-62.0,180.0,18.0,12.81393
-60.0,-180.0,18.0,11.73553
-60.0,-178.0,18.0,11.258047
-60.0,-176.0,18.0,11.239154
-60.0,-174.0,18.0,11.861313
-60.0,-172.0,18.0,12.046579
-60.0,-170.0,18.0,11.760941
-60.0,-168.0,18.0,11.558368
-60.0,-166.0,18.0,11.358092
-60.0,-164.0,18.0,10.980613
-60.0,-162.0,18.0,11.061064
-60.0,-160.0,18.0,11.736162
-60.0,-158.0,18.0,11.996937
-60.0,-156.0,18.0,11.905341
-60.0,-154.0,18.0,11.817504
-60.0,-152.0,18.0,11.69085
-60.0,-150.0,18.0,11.650851
-60.0,-148.0,18.0,11.32648
-60.0,-146.0,18.0,11.004209
-60.0,-144.0,18.0,11.086817
-60.0,-142.0,18.0,11.311556
-60.0,-140.0,18.0,11.487447
-60.0,-138.0,18.0,11.245058
-60.0,-136.0,18.0,10.872611
-60.0,-134.0,18.0,10.64762
-60.0,-132.0,18.0,10.697756
-60.0,-130.0,18.0,11.14737
-60.0,-128.0,18.0,10.872394
-60.0,-126.0,18.0,10.259816
-60.0,-124.0,18.0,10.107548
-60.0,-122.0,18.0,10.179607
-60.0,-120.0,18.0,10.685276
-60.0,-118.0,18.0,10.480295
-60.0,-116.0,18.0,10.298219
-60.0,-114.0,18.0,10.767102
-60.0,-112.0,18.0,10.744005
-60.0,-110.0,18.0,10.116804
-60.0,-108.0,18.0,9.83828
-60.0,-106.0,18.0,10.01995
-60.0,-104.0,18.0,9.634803
-60.0,-102.0,18.0,9.3385515
-60.0,-100.0,18.0,9.612856
-60.0,-98.0,18.0,9.982954
-60.0,-96.0,18.0,9.8928585
-60.0,-94.0,18.0,9.650673
-60.0,-92.0,18.0,9.358513
-60.0,-90.0,18.0,8.979643
-60.0,-88.0,18.0,8.752325
-60.0,-86.0,18.0,9.226087
-60.0,-84.0,18.0,9.457392
-60.0,-82.0,18.0,9.179323
-60.0,-80.0,18.0,8.809797
-60.0,-78.0,18.0,8.84979
-60.0,-76.0,18.0,8.738006
-60.0,-74.0,18.0,8.396603
-60.0,-72.0,18.0,8.341056
-60.0,-70.0,18.0,8.895196
-60.0,-68.0,18.0,9.084587
-60.0,-66.0,18.0,9.026555
-60.0,-64.0,18.0,9.155465
-60.0,-62.0,18.0,9.28645
-60.0,-60.0,18.0,9.156554
-60.0,-58.0,18.0,8.832619
-60.0,-56.0,18.0,8.679768
-60.0,-54.0,18.0,9.226766
-60.0,-52.0,18.0,9.64106
-60.0,-50.0,18.0,9.452004
-60.0,-48.0,18.0,9.086383
-60.0,-46.0,18.0,9.4478245
-60.0,-44.0,18.0,10.004796
-60.0,-42.0,18.0,9.993134
-60.0,-40.0,18.0,10.065433
-60.0,-38.0,18.0,10.180282
-60.0,-36.0,18.0,10.114889
-60.0,-34.0,18.0,10.479313
-60.0,-32.0,18.0,10.62949
-60.0,-30.0,18.0,10.575395
-60.0,-28.0,18.0,10.761669
-60.0,-26.0,18.0,10.864596
-60.0,-24.0,18.0,10.981346
-60.0,-22.0,18.0,11.165186
-60.0,-20.0,18.0,11.016194
-60.0,-18.0,18.0,10.983326
-60.0,-16.0,18.0,11.1693125
-60.0,-14.0,18.0,11.25524
-60.0,-12.0,18.0,11.061591
-60.0,-10.0,18.0,11.247869
-60.0,-8.0,18.0,11.593698
-60.0,-6.0,18.0,11.827201
-60.0,-4.0,18.0,11.624201
-60.0,-2.0,18.0,11.636599
-60.0,0.0,18.0,11.446149
-60.0,2.0,18.0,11.095871
-60.0,4.0,18.0,11.1501875
-60.0,6.0,18.0,11.420241
-60.0,8.0,18.0,11.656549
-60.0,10.0,18.0,11.614397
-60.0,12.0,18.0,11.839755
-60.0,14.0,18.0,11.883312
-60.0,16.0,18.0,11.466754
-60.0,18.0,18.0,11.34934
-60.0,20.0,18.0,11.683205
-60.0,22.0,18.0,12.150679
-60.0,24.0,18.0,12.207568
-60.0,26.0,18.0,12.195351
-60.0,28.0,18.0,12.255718
-60.0,30.0,18.0,11.698794
-60.0,32.0,18.0,10.944691
-60.0,34.0,18.0,10.6355915
-60.0,36.0,18.0,11.0664215
-60.0,38.0,18.0,11.314229
-60.0,40.0,18.0,11.745467
-60.0,42.0,18.0,11.743619
-60.0,44.0,18.0,11.803234
-60.0,46.0,18.0,12.184606
-60.0,48.0,18.0,11.948136
-60.0,50.0,18.0,11.722202
-60.0,52.0,18.0,11.6377
-60.0,54.0,18.0,11.340325
-60.0,56.0,18.0,11.108529
-60.0,58.0,18.0,11.260322
-60.0,60.0,18.0,11.782012
-60.0,62.0,18.0,12.259237
-60.0,64.0,18.0,12.189589
-60.0,66.0,18.0,12.0399065
-60.0,68.0,18.0,11.932516
-60.0,70.0,18.0,11.7343855
-60.0,72.0,18.0,11.232093
-60.0,74.0,18.0,11.1064
-60.0,76.0,18.0,11.382602
-60.0,78.0,18.0,11.601915
-60.0,80.0,18.0,11.790555
-60.0,82.0,18.0,12.158895
-60.0,84.0,18.0,12.699993
-60.0,86.0,18.0,12.12775
-60.0,88.0,18.0,11.672182
-60.0,90.0,18.0,11.788792
-60.0,92.0,18.0,11.877206
-60.0,94.0,18.0,12.074094
-60.0,96.0,18.0,12.443042
-60.0,98.0,18.0,12.298941
-60.0,100.0,18.0,11.762464
-60.0,102.0,18.0,11.360955
-60.0,104.0,18.0,11.45825
-60.0,106.0,18.0,11.482565
-60.0,108.0,18.0,11.546472
-60.0,110.0,18.0,11.762887
-60.0,112.0,18.0,12.124027
-60.0,114.0,18.0,12.529218
-60.0,116.0,18.0,12.173813
-60.0,118.0,18.0,11.82384
-60.0,120.0,18.0,11.697957
-60.0,122.0,18.0,11.50869
-60.0,124.0,18.0,11.182494
-60.0,126.0,18.0,11.201357
-60.0,128.0,18.0,11.40468
-60.0,130.0,18.0,11.715768
-60.0,132.0,18.0,11.532119
-60.0,134.0,18.0,11.296841
-60.0,136.0,18.0,11.071182
-60.0,138.0,18.0,11.14297
-60.0,140.0,18.0,11.75442
-60.0,142.0,18.0,11.780669
-60.0,144.0,18.0,11.158932
-60.0,146.0,18.0,11.219508
-60.0,148.0,18.0,11.59013
-60.0,150.0,18.0,11.77196
-60.0,152.0,18.0,11.749777
-60.0,154.0,18.0,11.890193
-60.0,156.0,18.0,12.473752
-60.0,158.0,18.0,11.986793
-60.0,160.0,18.0,11.716075
-60.0,162.0,18.0,11.734484
-60.0,164.0,18.0,11.648991
-60.0,166.0,18.0,11.483477
-60.0,168.0,18.0,11.453151
-60.0,170.0,18.0,11.765472
-60.0,172.0,18.0,12.519527
-60.0,174.0,18.0,12.498976
-60.0,176.0,18.0,11.921457
-60.0,178.0,18.0,11.994068
-60.0,180.0,18.0,11.73553
-58.0,-180.0,18.0,11.919013
-58.0,-178.0,18.0,11.441576
-58.0,-176.0,18.0,11.543298
-58.0,-174.0,18.0,12.036712
-58.0,-172.0,18.0,12.282842
-58.0,-170.0,18.0,12.107877
-58.0,-168.0,18.0,11.884576
-58.0,-166.0,18.0,11.671923
-58.0,-164.0,18.0,11.454936
-58.0,-162.0,18.0,11.631554
-58.0,-160.0,18.0,12.030773
-58.0,-158.0,18.0,12.282484
-58.0,-156.0,18.0,11.989596
-58.0,-154.0,18.0,11.86986
-58.0,-152.0,18.0,11.769636
-58.0,-150.0,18.0,11.743803
-58.0,-148.0,18.0,11.29348
-58.0,-146.0,18.0,11.039016
-58.0,-144.0,18.0,11.057747
-58.0,-142.0,18.0,11.270315
-58.0,-140.0,18.0,11.4227085
-58.0,-138.0,18.0,11.322251
-58.0,-136.0,18.0,10.900875
-58.0,-134.0,18.0,10.586404
-58.0,-132.0,18.0,10.680778
-58.0,-130.0,18.0,11.182737
-58.0,-128.0,18.0,10.749099
-58.0,-126.0,18.0,10.164082
-58.0,-124.0,18.0,9.980957
-58.0,-122.0,18.0,10.0849
-58.0,-120.0,18.0,10.622657
-58.0,-118.0,18.0,10.584287
-58.0,-116.0,18.0,10.515844
-58.0,-114.0,18.0,10.823775
-58.0,-112.0,18.0,10.725536
-58.0,-110.0,18.0,10.035291
-58.0,-108.0,18.0,9.62538
-58.0,-106.0,18.0,10.013148
-58.0,-104.0,18.0,9.771409
-58.0,-102.0,18.0,9.270552
-58.0,-100.0,18.0,9.412416
-58.0,-98.0,18.0,9.8143835
-58.0,-96.0,18.0,9.808708
-58.0,-94.0,18.0,9.571966
-58.0,-92.0,18.0,9.383089
-58.0,-90.0,18.0,8.928991
-58.0,-88.0,18.0,8.846841
-58.0,-86.0,18.0,9.247979
-58.0,-84.0,18.0,9.38417
-58.0,-82.0,18.0,9.061858
-58.0,-80.0,18.0,8.798178
-58.0,-78.0,18.0,9.039545
-58.0,-76.0,18.0,8.9890785
-58.0,-74.0,18.0,8.402494
-58.0,-72.0,18.0,8.534045
-58.0,-70.0,18.0,9.106487
-58.0,-68.0,18.0,9.131748
-58.0,-66.0,18.0,9.154922
-58.0,-64.0,18.0,9.306962
-58.0,-62.0,18.0,9.34211
-58.0,-60.0,18.0,9.166193
-58.0,-58.0,18.0,8.849319
-58.0,-56.0,18.0,8.731317
-58.0,-54.0,18.0,9.314322
-58.0,-52.0,18.0,9.90505
-58.0,-50.0,18.0,9.673183
-58.0,-48.0,18.0,9.458197
-58.0,-46.0,18.0,9.524627
-58.0,-44.0,18.0,9.805575
-58.0,-42.0,18.0,10.019159
-58.0,-40.0,18.0,9.91392
-58.0,-38.0,18.0,9.920188
-58.0,-36.0,18.0,9.920423
-58.0,-34.0,18.0,9.98877
-58.0,-32.0,18.0,10.3662
-58.0,-30.0,18.0,10.33612
-58.0,-28.0,18.0,10.434502
-58.0,-26.0,18.0,10.631682
-58.0,-24.0,18.0,10.862853
-58.0,-22.0,18.0,10.822577
-58.0,-20.0,18.0,10.429767
-58.0,-18.0,18.0,10.481962
-58.0,-16.0,18.0,10.975211
-58.0,-14.0,18.0,10.92202
-58.0,-12.0,18.0,10.712467
-58.0,-10.0,18.0,11.026242
-58.0,-8.0,18.0,11.295732
-58.0,-6.0,18.0,11.511242
-58.0,-4.0,18.0,11.204784
-58.0,-2.0,18.0,11.229027
-58.0,0.0,18.0,11.075092
-58.0,2.0,18.0,10.582326
-58.0,4.0,18.0,10.558598
-58.0,6.0,18.0,10.827295
-58.0,8.0,18.0,11.100097
-58.0,10.0,18.0,11.0449095
-58.0,12.0,18.0,11.436034
-58.0,14.0,18.0,11.679517
-58.0,16.0,18.0,11.187255
-58.0,18.0,18.0,10.866895
-58.0,20.0,18.0,11.233314
-58.0,22.0,18.0,11.77671
-58.0,24.0,18.0,11.777476
-58.0,26.0,18.0,11.728822
-58.0,28.0,18.0,11.837074
-58.0,30.0,18.0,11.113764
-58.0,32.0,18.0,10.161629
-58.0,34.0,18.0,9.967229
-58.0,36.0,18.0,10.420167
-58.0,38.0,18.0,10.966477
-58.0,40.0,18.0,11.420467
-58.0,42.0,18.0,11.444028
-58.0,44.0,18.0,11.374953
-58.0,46.0,18.0,11.923254
-58.0,48.0,18.0,11.896358
-58.0,50.0,18.0,11.399301
-58.0,52.0,18.0,11.061452
-58.0,54.0,18.0,10.695932
-58.0,56.0,18.0,10.73406
-58.0,58.0,18.0,10.938002
-58.0,60.0,18.0,11.483733
-58.0,62.0,18.0,11.862795
-58.0,64.0,18.0,11.856091
-58.0,66.0,18.0,11.720042
-58.0,68.0,18.0,11.557136
-58.0,70.0,18.0,11.303302
-58.0,72.0,18.0,10.918513
-58.0,74.0,18.0,10.935394
-58.0,76.0,18.0,11.059263
-58.0,78.0,18.0,11.149289
-58.0,80.0,18.0,11.451499
-58.0,82.0,18.0,11.735546
-58.0,84.0,18.0,11.981689
-58.0,86.0,18.0,11.268359
-58.0,88.0,18.0,11.04466
-58.0,90.0,18.0,11.354876
-58.0,92.0,18.0,11.612725
-58.0,94.0,18.0,11.895918
-58.0,96.0,18.0,12.212753
-58.0,98.0,18.0,12.033633
-58.0,100.0,18.0,11.4404
-58.0,102.0,18.0,11.348756
-58.0,104.0,18.0,11.594419
-58.0,106.0,18.0,11.397671
-58.0,108.0,18.0,11.313043
-58.0,110.0,18.0,11.555174
-58.0,112.0,18.0,11.567159
-58.0,114.0,18.0,12.085058
-58.0,116.0,18.0,11.852878
-58.0,118.0,18.0,11.631833
-58.0,120.0,18.0,11.520195
-58.0,122.0,18.0,11.226778
-58.0,124.0,18.0,11.09953
-58.0,126.0,18.0,11.400643
-58.0,128.0,18.0,11.407601
-58.0,130.0,18.0,11.541339
-58.0,132.0,18.0,11.613959
-58.0,134.0,18.0,11.662957
-58.0,136.0,18.0,11.381671
-58.0,138.0,18.0,11.261927
-58.0,140.0,18.0,11.550137
-58.0,142.0,18.0,11.695564
-58.0,144.0,18.0,11.304595
-58.0,146.0,18.0,11.305816
-58.0,148.0,18.0,11.632163
-58.0,150.0,18.0,11.82973
-58.0,152.0,18.0,11.596822
-58.0,154.0,18.0,11.771702
-58.0,156.0,18.0,12.414413
-58.0,158.0,18.0,12.038276
-58.0,160.0,18.0,11.85775
-58.0,162.0,18.0,11.859422
-58.0,164.0,18.0,11.843191
-58.0,166.0,18.0,11.705541
-58.0,168.0,18.0,11.588894
-58.0,170.0,18.0,11.822066
-58.0,172.0,18.0,12.49154
-58.0,174.0,18.0,12.547383
-58.0,176.0,18.0,11.906079
-58.0,178.0,18.0,12.037786
-58.0,180.0,18.0,11.919013
-56.0,-180.0,18.0,12.209399
-56.0,-178.0,18.0,11.732455
-56.0,-176.0,18.0,11.89707
-56.0,-174.0,18.0,12.4515295
-56.0,-172.0,18.0,12.513482
-56.0,-170.0,18.0,12.277855
-56.0,-168.0,18.0,11.850651
-56.0,-166.0,18.0,11.742597
-56.0,-164.0,18.0,11.527589
-56.0,-162.0,18.0,11.4582
-56.0,-160.0,18.0,12.013291
-56.0,-158.0,18.0,12.48276
-56.0,-156.0,18.0,12.345706
-56.0,-154.0,18.0,11.917979
-56.0,-152.0,18.0,11.746296
-56.0,-150.0,18.0,11.758661
-56.0,-148.0,18.0,11.285747
-56.0,-146.0,18.0,10.86196
-56.0,-144.0,18.0,10.874061
-56.0,-142.0,18.0,11.177035
-56.0,-140.0,18.0,11.369819
-56.0,-138.0,18.0,10.9020605
-56.0,-136.0,18.0,10.225984
-56.0,-134.0,18.0,10.074982
-56.0,-132.0,18.0,10.497991
-56.0,-130.0,18.0,10.818149
-56.0,-128.0,18.0,10.227705
-56.0,-126.0,18.0,9.66715
-56.0,-124.0,18.0,9.715726
-56.0,-122.0,18.0,9.79656
-56.0,-120.0,18.0,9.954343
-56.0,-118.0,18.0,10.019598
-56.0,-116.0,18.0,10.353283
-56.0,-114.0,18.0,10.650454
-56.0,-112.0,18.0,10.149261
-56.0,-110.0,18.0,9.2341385
-56.0,-108.0,18.0,8.734539
-56.0,-106.0,18.0,9.087935
-56.0,-104.0,18.0,8.802306
-56.0,-102.0,18.0,8.616288
-56.0,-100.0,18.0,8.847513
-56.0,-98.0,18.0,9.39313
-56.0,-96.0,18.0,9.360178
-56.0,-94.0,18.0,9.028117
-56.0,-92.0,18.0,8.82495
-56.0,-90.0,18.0,8.546452
-56.0,-88.0,18.0,8.684359
-56.0,-86.0,18.0,8.937692
-56.0,-84.0,18.0,9.080068
-56.0,-82.0,18.0,8.782044
-56.0,-80.0,18.0,8.363508
-56.0,-78.0,18.0,8.480088
-56.0,-76.0,18.0,8.2274685
-56.0,-74.0,18.0,7.89377
-56.0,-72.0,18.0,8.052813
-56.0,-70.0,18.0,8.591581
-56.0,-68.0,18.0,8.745592
-56.0,-66.0,18.0,8.826326
-56.0,-64.0,18.0,9.123964
-56.0,-62.0,18.0,9.151619
-56.0,-60.0,18.0,8.740635
-56.0,-58.0,18.0,8.393326
-56.0,-56.0,18.0,8.41977
-56.0,-54.0,18.0,9.133514
-56.0,-52.0,18.0,9.507985
-56.0,-50.0,18.0,9.310944
-56.0,-48.0,18.0,9.067576
-56.0,-46.0,18.0,9.234548
-56.0,-44.0,18.0,9.370286
-56.0,-42.0,18.0,9.565232
-56.0,-40.0,18.0,9.725682
-56.0,-38.0,18.0,9.671009
-56.0,-36.0,18.0,9.707372
-56.0,-34.0,18.0,9.897046
-56.0,-32.0,18.0,10.154444
-56.0,-30.0,18.0,10.255081
-56.0,-28.0,18.0,10.232895
-56.0,-26.0,18.0,10.662988
-56.0,-24.0,18.0,10.98385
-56.0,-22.0,18.0,10.8403425
-56.0,-20.0,18.0,10.529156
-56.0,-18.0,18.0,10.497505
-56.0,-16.0,18.0,10.961356
-56.0,-14.0,18.0,10.985724
-56.0,-12.0,18.0,10.718101
-56.0,-10.0,18.0,11.048987
-56.0,-8.0,18.0,11.370894
-56.0,-6.0,18.0,11.578328
-56.0,-4.0,18.0,11.416844
-56.0,-2.0,18.0,11.194907
-56.0,0.0,18.0,11.139748
-56.0,2.0,18.0,10.843498
-56.0,4.0,18.0,10.743006
-56.0,6.0,18.0,11.010895
-56.0,8.0,18.0,11.517004
-56.0,10.0,18.0,11.341283
-56.0,12.0,18.0,11.8463545
-56.0,14.0,18.0,12.016482
-56.0,16.0,18.0,11.587814
-56.0,18.0,18.0,11.245943
-56.0,20.0,18.0,11.572355
-56.0,22.0,18.0,12.159335
-56.0,24.0,18.0,12.293036
-56.0,26.0,18.0,12.23506
-56.0,28.0,18.0,12.265962
-56.0,30.0,18.0,11.593061
-56.0,32.0,18.0,10.647912
-56.0,34.0,18.0,10.319853
-56.0,36.0,18.0,10.813223
-56.0,38.0,18.0,11.311721
-56.0,40.0,18.0,11.727164
-56.0,42.0,18.0,11.902756
-56.0,44.0,18.0,12.002404
-56.0,46.0,18.0,12.412294
-56.0,48.0,18.0,12.312402
-56.0,50.0,18.0,11.772998
-56.0,52.0,18.0,11.43605
-56.0,54.0,18.0,11.475145
-56.0,56.0,18.0,11.357171
-56.0,58.0,18.0,11.51817
-56.0,60.0,18.0,11.976937
-56.0,62.0,18.0,12.396372
-56.0,64.0,18.0,12.386909
-56.0,66.0,18.0,12.21709
-56.0,68.0,18.0,11.97419
-56.0,70.0,18.0,11.663119
-56.0,72.0,18.0,11.265904
-56.0,74.0,18.0,11.286059
-56.0,76.0,18.0,11.5606575
-56.0,78.0,18.0,11.704533
-56.0,80.0,18.0,11.897001
-56.0,82.0,18.0,12.114749
-56.0,84.0,18.0,12.425968
-56.0,86.0,18.0,11.995483
-56.0,88.0,18.0,11.631842
-56.0,90.0,18.0,11.874021
-56.0,92.0,18.0,12.147764
-56.0,94.0,18.0,12.461564
-56.0,96.0,18.0,12.6772585
-56.0,98.0,18.0,12.329307
-56.0,100.0,18.0,11.888807
-56.0,102.0,18.0,11.811203
-56.0,104.0,18.0,12.022793
-56.0,106.0,18.0,11.883811
-56.0,108.0,18.0,11.863995
-56.0,110.0,18.0,11.949276
-56.0,112.0,18.0,12.1357975
-56.0,114.0,18.0,12.472586
-56.0,116.0,18.0,12.360288
-56.0,118.0,18.0,12.173664
-56.0,120.0,18.0,12.0353775
-56.0,122.0,18.0,12.087484
-56.0,124.0,18.0,11.744493
-56.0,126.0,18.0,11.686544
-56.0,128.0,18.0,11.586325
-56.0,130.0,18.0,11.844566
-56.0,132.0,18.0,12.215391
-56.0,134.0,18.0,12.273866
-56.0,136.0,18.0,12.1665125
-56.0,138.0,18.0,12.072194
-56.0,140.0,18.0,12.024585
-56.0,142.0,18.0,12.035765
-56.0,144.0,18.0,11.672304
-56.0,146.0,18.0,11.62398
-56.0,148.0,18.0,11.540433
-56.0,150.0,18.0,11.967809
-56.0,152.0,18.0,12.075997
-56.0,154.0,18.0,12.10409
-56.0,156.0,18.0,12.497227
-56.0,158.0,18.0,12.476833
-56.0,160.0,18.0,12.156309
-56.0,162.0,18.0,11.970274
-56.0,164.0,18.0,11.799641
-56.0,166.0,18.0,11.908904
-56.0,168.0,18.0,11.701798
-56.0,170.0,18.0,11.990637
-56.0,172.0,18.0,12.574861
-56.0,174.0,18.0,12.754187
-56.0,176.0,18.0,12.11834
-56.0,178.0,18.0,12.194859
-56.0,180.0,18.0,12.209399
-54.0,-180.0,18.0,10.990781
-54.0,-178.0,18.0,10.730583
-54.0,-176.0,18.0,11.041289
-54.0,-174.0,18.0,11.432097
-54.0,-172.0,18.0,11.3312845
-54.0,-170.0,18.0,10.986207
-54.0,-168.0,18.0,10.725457
-54.0,-166.0,18.0,10.521544
-54.0,-164.0,18.0,10.268714
-54.0,-162.0,18.0,10.155973
-54.0,-160.0,18.0,10.5931225
-54.0,-158.0,18.0,11.070382
-54.0,-156.0,18.0,11.095315
-54.0,-154.0,18.0,10.563826
-54.0,-152.0,18.0,10.255697
-54.0,-150.0,18.0,10.193715
-54.0,-148.0,18.0,9.893747
-54.0,-146.0,18.0,9.487711
-54.0,-144.0,18.0,9.542725
-54.0,-142.0,18.0,9.778683
-54.0,-140.0,18.0,9.738207
-54.0,-138.0,18.0,8.976559
-54.0,-136.0,18.0,8.6083355
-54.0,-134.0,18.0,8.422055
-54.0,-132.0,18.0,8.860675
-54.0,-130.0,18.0,9.145442
-54.0,-128.0,18.0,8.7165365
-54.0,-126.0,18.0,8.195229
-54.0,-124.0,18.0,8.165523
-54.0,-122.0,18.0,8.3657875
-54.0,-120.0,18.0,8.464496
-54.0,-118.0,18.0,8.455369
-54.0,-116.0,18.0,8.766593
-54.0,-114.0,18.0,8.921946
-54.0,-112.0,18.0,8.427261
-54.0,-110.0,18.0,7.877534
-54.0,-108.0,18.0,7.5776343
-54.0,-106.0,18.0,7.2858076
-54.0,-104.0,18.0,6.9633927
-54.0,-102.0,18.0,6.977449
-54.0,-100.0,18.0,7.1312547
-54.0,-98.0,18.0,7.722077
-54.0,-96.0,18.0,7.8394847
-54.0,-94.0,18.0,7.4698467
-54.0,-92.0,18.0,7.050754
-54.0,-90.0,18.0,6.7961154
-54.0,-88.0,18.0,6.8923063
-54.0,-86.0,18.0,7.265913
-54.0,-84.0,18.0,7.4641395
-54.0,-82.0,18.0,7.1813364
-54.0,-80.0,18.0,6.6198616
-54.0,-78.0,18.0,6.412108
-54.0,-76.0,18.0,6.333144
-54.0,-74.0,18.0,6.286498
-54.0,-72.0,18.0,6.644435
-54.0,-70.0,18.0,6.817633
-54.0,-68.0,18.0,7.285171
-54.0,-66.0,18.0,7.2273874
-54.0,-64.0,18.0,7.446615
-54.0,-62.0,18.0,7.5106115
-54.0,-60.0,18.0,7.1894736
-54.0,-58.0,18.0,7.0068507
-54.0,-56.0,18.0,7.1677804
-54.0,-54.0,18.0,7.653694
-54.0,-52.0,18.0,7.8596835
-54.0,-50.0,18.0,7.7102146
-54.0,-48.0,18.0,7.4936247
-54.0,-46.0,18.0,7.701844
-54.0,-44.0,18.0,7.8665657
-54.0,-42.0,18.0,8.160735
-54.0,-40.0,18.0,8.472094
-54.0,-38.0,18.0,8.508501
-54.0,-36.0,18.0,8.644485
-54.0,-34.0,18.0,8.829781
-54.0,-32.0,18.0,9.003902
-54.0,-30.0,18.0,9.146151
-54.0,-28.0,18.0,9.2525425
-54.0,-26.0,18.0,9.713289
-54.0,-24.0,18.0,9.889547
-54.0,-22.0,18.0,9.784002
-54.0,-20.0,18.0,9.766546
-54.0,-18.0,18.0,9.580215
-54.0,-16.0,18.0,9.830819
-54.0,-14.0,18.0,10.055186
-54.0,-12.0,18.0,9.921775
-54.0,-10.0,18.0,10.25538
-54.0,-8.0,18.0,10.760786
-54.0,-6.0,18.0,10.934054
-54.0,-4.0,18.0,10.807805
-54.0,-2.0,18.0,10.750877
-54.0,0.0,18.0,10.646846
-54.0,2.0,18.0,10.305602
-54.0,4.0,18.0,10.243428
-54.0,6.0,18.0,10.58843
-54.0,8.0,18.0,11.113236
-54.0,10.0,18.0,10.893795
-54.0,12.0,18.0,11.221062
-54.0,14.0,18.0,11.365818
-54.0,16.0,18.0,10.900529
-54.0,18.0,18.0,10.665326
-54.0,20.0,18.0,11.050533
-54.0,22.0,18.0,11.670913
-54.0,24.0,18.0,11.835765
-54.0,26.0,18.0,11.760023
-54.0,28.0,18.0,11.630503
-54.0,30.0,18.0,11.258885
-54.0,32.0,18.0,10.536993
-54.0,34.0,18.0,10.054208
-54.0,36.0,18.0,10.370242
-54.0,38.0,18.0,10.926168
-54.0,40.0,18.0,11.363827
-54.0,42.0,18.0,11.355896
-54.0,44.0,18.0,11.477846
-54.0,46.0,18.0,11.749085
-54.0,48.0,18.0,11.588234
-54.0,50.0,18.0,11.421053
-54.0,52.0,18.0,11.3924
-54.0,54.0,18.0,11.159395
-54.0,56.0,18.0,10.841112
-54.0,58.0,18.0,11.030489
-54.0,60.0,18.0,11.556061
-54.0,62.0,18.0,12.041456
-54.0,64.0,18.0,12.095862
-54.0,66.0,18.0,12.0453615
-54.0,68.0,18.0,11.942629
-54.0,70.0,18.0,11.56963
-54.0,72.0,18.0,11.062549
-54.0,74.0,18.0,10.993541
-54.0,76.0,18.0,11.067448
-54.0,78.0,18.0,11.3149605
-54.0,80.0,18.0,11.546769
-54.0,82.0,18.0,12.06438
-54.0,84.0,18.0,12.391869
-54.0,86.0,18.0,11.984926
-54.0,88.0,18.0,11.466503
-54.0,90.0,18.0,11.512309
-54.0,92.0,18.0,11.549178
-54.0,94.0,18.0,11.941136
-54.0,96.0,18.0,12.23308
-54.0,98.0,18.0,12.051744
-54.0,100.0,18.0,11.382246
-54.0,102.0,18.0,11.226422
-54.0,104.0,18.0,11.277957
-54.0,106.0,18.0,11.253987
-54.0,108.0,18.0,11.219256
-54.0,110.0,18.0,11.368664
-54.0,112.0,18.0,11.699402
-54.0,114.0,18.0,12.0802765
-54.0,116.0,18.0,11.962319
-54.0,118.0,18.0,11.620596
-54.0,120.0,18.0,11.322322
-54.0,122.0,18.0,11.169425
-54.0,124.0,18.0,11.124474
-54.0,126.0,18.0,10.897559
-54.0,128.0,18.0,11.1145
-54.0,130.0,18.0,11.356299
-54.0,132.0,18.0,11.440223
-54.0,134.0,18.0,11.5339
-54.0,136.0,18.0,11.248048
-54.0,138.0,18.0,11.232561
-54.0,140.0,18.0,11.4785795
-54.0,142.0,18.0,11.232347
-54.0,144.0,18.0,10.776705
-54.0,146.0,18.0,10.635782
-54.0,148.0,18.0,11.012148
-54.0,150.0,18.0,11.422004
-54.0,152.0,18.0,11.400847
-54.0,154.0,18.0,11.400257
-54.0,156.0,18.0,11.733202
-54.0,158.0,18.0,11.589751
-54.0,160.0,18.0,11.169851
-54.0,162.0,18.0,11.140967
-54.0,164.0,18.0,11.071517
-54.0,166.0,18.0,11.229345
-54.0,168.0,18.0,11.000756
-54.0,170.0,18.0,11.137645
-54.0,172.0,18.0,11.501547
-54.0,174.0,18.0,11.255366
-54.0,176.0,18.0,11.012735
-54.0,178.0,18.0,11.097453
-54.0,180.0,18.0,10.990781
-52.0,-180.0,18.0,10.47689
-52.0,-178.0,18.0,10.126283
-52.0,-176.0,18.0,10.378499
-52.0,-174.0,18.0,10.726564
-52.0,-172.0,18.0,10.589238
-52.0,-170.0,18.0,10.220469
-52.0,-168.0,18.0,10.107208
-52.0,-166.0,18.0,9.832305
-52.0,-164.0,18.0,9.542399
-52.0,-162.0,18.0,9.476658
-52.0,-160.0,18.0,9.877327
-52.0,-158.0,18.0,10.233964
-52.0,-156.0,18.0,10.090989
-52.0,-154.0,18.0,9.825809
-52.0,-152.0,18.0,9.5706835
-52.0,-150.0,18.0,9.3149605
-52.0,-148.0,18.0,8.789762
-52.0,-146.0,18.0,8.544879
-52.0,-144.0,18.0,8.703294
-52.0,-142.0,18.0,8.736937
-52.0,-140.0,18.0,8.6633415
-52.0,-138.0,18.0,8.26034
-52.0,-136.0,18.0,7.833127
-52.0,-134.0,18.0,7.5787964
-52.0,-132.0,18.0,7.9476495
-52.0,-130.0,18.0,8.244064
-52.0,-128.0,18.0,7.787416
-52.0,-126.0,18.0,7.2084446
-52.0,-124.0,18.0,7.209459
-52.0,-122.0,18.0,7.490031
-52.0,-120.0,18.0,7.5778584
-52.0,-118.0,18.0,7.426881
-52.0,-116.0,18.0,7.5264683
-52.0,-114.0,18.0,7.761416
-52.0,-112.0,18.0,7.7119923
-52.0,-110.0,18.0,7.08722
-52.0,-108.0,18.0,6.8354177
-52.0,-106.0,18.0,6.7608066
-52.0,-104.0,18.0,6.338061
-52.0,-102.0,18.0,6.294191
-52.0,-100.0,18.0,6.446098
-52.0,-98.0,18.0,7.0848923
-52.0,-96.0,18.0,6.986748
-52.0,-94.0,18.0,6.4923396
-52.0,-92.0,18.0,5.99251
-52.0,-90.0,18.0,5.841559
-52.0,-88.0,18.0,6.049956
-52.0,-86.0,18.0,6.3098736
-52.0,-84.0,18.0,6.5332217
-52.0,-82.0,18.0,6.42408
-52.0,-80.0,18.0,5.827099
-52.0,-78.0,18.0,5.7381
-52.0,-76.0,18.0,5.7300563
-52.0,-74.0,18.0,5.7191277
-52.0,-72.0,18.0,5.946877
-52.0,-70.0,18.0,6.1702867
-52.0,-68.0,18.0,6.5376873
-52.0,-66.0,18.0,6.502617
-52.0,-64.0,18.0,6.388569
-52.0,-62.0,18.0,6.473994
-52.0,-60.0,18.0,6.417365
-52.0,-58.0,18.0,6.3376174
-52.0,-56.0,18.0,6.399604
-52.0,-54.0,18.0,6.96113
-52.0,-52.0,18.0,7.1668916
-52.0,-50.0,18.0,7.0198355
-52.0,-48.0,18.0,6.674095
-52.0,-46.0,18.0,6.69296
-52.0,-44.0,18.0,7.1704726
-52.0,-42.0,18.0,7.557654
-52.0,-40.0,18.0,7.8455243
-52.0,-38.0,18.0,7.76738
-52.0,-36.0,18.0,7.757799
-52.0,-34.0,18.0,7.9747944
-52.0,-32.0,18.0,8.275109
-52.0,-30.0,18.0,8.467043
-52.0,-28.0,18.0,8.637782
-52.0,-26.0,18.0,8.89456
-52.0,-24.0,18.0,8.901277
-52.0,-22.0,18.0,8.807299
-52.0,-20.0,18.0,8.973663
-52.0,-18.0,18.0,8.77808
-52.0,-16.0,18.0,8.894426
-52.0,-14.0,18.0,9.161991
-52.0,-12.0,18.0,9.338037
-52.0,-10.0,18.0,9.562728
-52.0,-8.0,18.0,10.002008
-52.0,-6.0,18.0,10.368027
-52.0,-4.0,18.0,10.16817
-52.0,-2.0,18.0,9.897339
-52.0,0.0,18.0,9.936439
-52.0,2.0,18.0,9.726818
-52.0,4.0,18.0,9.667574
-52.0,6.0,18.0,9.884574
-52.0,8.0,18.0,10.348256
-52.0,10.0,18.0,10.147512
-52.0,12.0,18.0,10.508621
-52.0,14.0,18.0,10.662171
-52.0,16.0,18.0,10.154165
-52.0,18.0,18.0,10.068719
-52.0,20.0,18.0,10.4679365
-52.0,22.0,18.0,11.069532
-52.0,24.0,18.0,11.2290745
-52.0,26.0,18.0,11.287238
-52.0,28.0,18.0,11.162661
-52.0,30.0,18.0,10.68036
-52.0,32.0,18.0,10.057383
-52.0,34.0,18.0,9.672994
-52.0,36.0,18.0,9.9651785
-52.0,38.0,18.0,10.455316
-52.0,40.0,18.0,10.853689
-52.0,42.0,18.0,10.857908
-52.0,44.0,18.0,10.66597
-52.0,46.0,18.0,10.999102
-52.0,48.0,18.0,10.950331
-52.0,50.0,18.0,11.004342
-52.0,52.0,18.0,10.9805975
-52.0,54.0,18.0,10.690581
-52.0,56.0,18.0,10.431193
-52.0,58.0,18.0,10.66197
-52.0,60.0,18.0,11.111569
-52.0,62.0,18.0,11.542183
-52.0,64.0,18.0,11.641838
-52.0,66.0,18.0,11.626233
-52.0,68.0,18.0,11.551965
-52.0,70.0,18.0,11.152586
-52.0,72.0,18.0,10.738701
-52.0,74.0,18.0,10.667478
-52.0,76.0,18.0,10.57001
-52.0,78.0,18.0,10.64903
-52.0,80.0,18.0,11.252681
-52.0,82.0,18.0,11.668523
-52.0,84.0,18.0,11.91205
-52.0,86.0,18.0,11.480974
-52.0,88.0,18.0,11.122869
-52.0,90.0,18.0,10.9797125
-52.0,92.0,18.0,11.015567
-52.0,94.0,18.0,11.565039
-52.0,96.0,18.0,11.921284
-52.0,98.0,18.0,11.6381855
-52.0,100.0,18.0,11.008202
-52.0,102.0,18.0,10.948804
-52.0,104.0,18.0,10.931096
-52.0,106.0,18.0,10.530177
-52.0,108.0,18.0,10.480078
-52.0,110.0,18.0,10.873632
-52.0,112.0,18.0,11.096715
-52.0,114.0,18.0,11.625662
-52.0,116.0,18.0,11.515658
-52.0,118.0,18.0,11.000866
-52.0,120.0,18.0,10.782613
-52.0,122.0,18.0,10.466986
-52.0,124.0,18.0,10.450496
-52.0,126.0,18.0,10.454261
-52.0,128.0,18.0,10.679392
-52.0,130.0,18.0,10.856397
-52.0,132.0,18.0,10.93474
-52.0,134.0,18.0,10.890858
-52.0,136.0,18.0,10.764474
-52.0,138.0,18.0,10.949921
-52.0,140.0,18.0,11.162354
-52.0,142.0,18.0,10.884418
-52.0,144.0,18.0,10.388282
-52.0,146.0,18.0,10.400911
-52.0,148.0,18.0,10.709697
-52.0,150.0,18.0,11.144216
-52.0,152.0,18.0,11.143724
-52.0,154.0,18.0,11.144157
-52.0,156.0,18.0,11.496266
-52.0,158.0,18.0,11.234294
-52.0,160.0,18.0,10.852975
-52.0,162.0,18.0,10.798587
-52.0,164.0,18.0,10.664238
-52.0,166.0,18.0,10.714654
-52.0,168.0,18.0,10.463737
-52.0,170.0,18.0,10.66934
-52.0,172.0,18.0,10.928753
-52.0,174.0,18.0,10.803531
-52.0,176.0,18.0,10.335149
-52.0,178.0,18.0,10.581756
-52.0,180.0,18.0,10.47689
-50.0,-180.0,18.0,11.351719
-50.0,-178.0,18.0,10.696022
-50.0,-176.0,18.0,11.146961
-50.0,-174.0,18.0,11.5915165
-50.0,-172.0,18.0,11.307571
-50.0,-170.0,18.0,10.9775505
-50.0,-168.0,18.0,10.899301
-50.0,-166.0,18.0,10.492065
-50.0,-164.0,18.0,9.978848
-50.0,-162.0,18.0,10.011921
-50.0,-160.0,18.0,10.500091
-50.0,-158.0,18.0,10.635998
-50.0,-156.0,18.0,10.471219
-50.0,-154.0,18.0,10.184166
-50.0,-152.0,18.0,10.068755
-50.0,-150.0,18.0,9.812086
-50.0,-148.0,18.0,9.181114
-50.0,-146.0,18.0,8.834339
-50.0,-144.0,18.0,8.984177
-50.0,-142.0,18.0,9.370976
-50.0,-140.0,18.0,9.178914
-50.0,-138.0,18.0,8.628428
-50.0,-136.0,18.0,7.9409275
-50.0,-134.0,18.0,7.741414
-50.0,-132.0,18.0,8.145031
-50.0,-130.0,18.0,8.424184
-50.0,-128.0,18.0,7.937511
-50.0,-126.0,18.0,7.319159
-50.0,-124.0,18.0,7.334136
-50.0,-122.0,18.0,7.6257696
-50.0,-120.0,18.0,7.757518
-50.0,-118.0,18.0,7.754618
-50.0,-116.0,18.0,7.7822614
-50.0,-114.0,18.0,7.957653
-50.0,-112.0,18.0,7.770722
-50.0,-110.0,18.0,7.13092
-50.0,-108.0,18.0,7.0294094
-50.0,-106.0,18.0,6.890568
-50.0,-104.0,18.0,6.548773
-50.0,-102.0,18.0,6.4018593
-50.0,-100.0,18.0,6.5617294
-50.0,-98.0,18.0,7.0483017
-50.0,-96.0,18.0,6.9119477
-50.0,-94.0,18.0,6.53117
-50.0,-92.0,18.0,6.297103
-50.0,-90.0,18.0,5.997501
-50.0,-88.0,18.0,6.042609
-50.0,-86.0,18.0,6.438954
-50.0,-84.0,18.0,6.565839
-50.0,-82.0,18.0,6.470241
-50.0,-80.0,18.0,5.842259
-50.0,-78.0,18.0,5.9723573
-50.0,-76.0,18.0,5.938995
-50.0,-74.0,18.0,5.844658
-50.0,-72.0,18.0,5.871699
-50.0,-70.0,18.0,6.1166296
-50.0,-68.0,18.0,6.384871
-50.0,-66.0,18.0,6.492241
-50.0,-64.0,18.0,6.6130476
-50.0,-62.0,18.0,6.7520847
-50.0,-60.0,18.0,6.5914607
-50.0,-58.0,18.0,6.5722814
-50.0,-56.0,18.0,6.4845834
-50.0,-54.0,18.0,7.1857758
-50.0,-52.0,18.0,7.4054723
-50.0,-50.0,18.0,7.289325
-50.0,-48.0,18.0,6.862541
-50.0,-46.0,18.0,6.968194
-50.0,-44.0,18.0,7.425868
-50.0,-42.0,18.0,7.9628515
-50.0,-40.0,18.0,8.07237
-50.0,-38.0,18.0,8.131174
-50.0,-36.0,18.0,8.062927
-50.0,-34.0,18.0,8.351089
-50.0,-32.0,18.0,8.636347
-50.0,-30.0,18.0,8.773293
-50.0,-28.0,18.0,9.0468025
-50.0,-26.0,18.0,9.250912
-50.0,-24.0,18.0,9.100338
-50.0,-22.0,18.0,9.20161
-50.0,-20.0,18.0,9.420487
-50.0,-18.0,18.0,9.140756
-50.0,-16.0,18.0,9.235076
-50.0,-14.0,18.0,9.66611
-50.0,-12.0,18.0,9.7729025
-50.0,-10.0,18.0,9.992273
-50.0,-8.0,18.0,10.453244
-50.0,-6.0,18.0,10.998915
-50.0,-4.0,18.0,10.828736
-50.0,-2.0,18.0,10.460559
-50.0,0.0,18.0,10.417746
-50.0,2.0,18.0,10.077362
-50.0,4.0,18.0,9.925116
-50.0,6.0,18.0,10.289158
-50.0,8.0,18.0,10.784202
-50.0,10.0,18.0,10.705132
-50.0,12.0,18.0,10.931396
-50.0,14.0,18.0,11.008551
-50.0,16.0,18.0,10.756718
-50.0,18.0,18.0,10.483091
-50.0,20.0,18.0,10.935412
-50.0,22.0,18.0,11.638652
-50.0,24.0,18.0,12.016643
-50.0,26.0,18.0,11.815357
-50.0,28.0,18.0,11.613456
-50.0,30.0,18.0,11.091644
-50.0,32.0,18.0,10.227329
-50.0,34.0,18.0,9.994687
-50.0,36.0,18.0,10.282279
-50.0,38.0,18.0,10.847214
-50.0,40.0,18.0,11.308401
-50.0,42.0,18.0,11.27229
-50.0,44.0,18.0,11.226692
-50.0,46.0,18.0,11.573697
-50.0,48.0,18.0,11.4909315
-50.0,50.0,18.0,11.446014
-50.0,52.0,18.0,11.426348
-50.0,54.0,18.0,11.262735
-50.0,56.0,18.0,10.987731
-50.0,58.0,18.0,11.178938
-50.0,60.0,18.0,11.539636
-50.0,62.0,18.0,12.092333
-50.0,64.0,18.0,12.18356
-50.0,66.0,18.0,12.147713
-50.0,68.0,18.0,12.021564
-50.0,70.0,18.0,11.705289
-50.0,72.0,18.0,11.170903
-50.0,74.0,18.0,11.182963
-50.0,76.0,18.0,11.414885
-50.0,78.0,18.0,11.376768
-50.0,80.0,18.0,11.757462
-50.0,82.0,18.0,12.168783
-50.0,84.0,18.0,12.45288
-50.0,86.0,18.0,12.126287
-50.0,88.0,18.0,11.661198
-50.0,90.0,18.0,11.759861
-50.0,92.0,18.0,11.794772
-50.0,94.0,18.0,12.18893
-50.0,96.0,18.0,12.534706
-50.0,98.0,18.0,12.390214
-50.0,100.0,18.0,11.698141
-50.0,102.0,18.0,11.534013
-50.0,104.0,18.0,11.688629
-50.0,106.0,18.0,11.624404
-50.0,108.0,18.0,11.522266
-50.0,110.0,18.0,11.734685
-50.0,112.0,18.0,12.104979
-50.0,114.0,18.0,12.571926
-50.0,116.0,18.0,12.425939
-50.0,118.0,18.0,12.016279
-50.0,120.0,18.0,11.695687
-50.0,122.0,18.0,11.445038
-50.0,124.0,18.0,11.081272
-50.0,126.0,18.0,11.097353
-50.0,128.0,18.0,11.352813
-50.0,130.0,18.0,11.706846
-50.0,132.0,18.0,11.792472
-50.0,134.0,18.0,11.579647
-50.0,136.0,18.0,11.53271
-50.0,138.0,18.0,11.687392
-50.0,140.0,18.0,11.784524
-50.0,142.0,18.0,11.508893
-50.0,144.0,18.0,10.976707
-50.0,146.0,18.0,10.943694
-50.0,148.0,18.0,11.312748
-50.0,150.0,18.0,11.74861
-50.0,152.0,18.0,11.730182
-50.0,154.0,18.0,11.895921
-50.0,156.0,18.0,12.4123
-50.0,158.0,18.0,12.154025
-50.0,160.0,18.0,11.697257
-50.0,162.0,18.0,11.662115
-50.0,164.0,18.0,11.799573
-50.0,166.0,18.0,11.604167
-50.0,168.0,18.0,11.3050585
-50.0,170.0,18.0,11.580525
-50.0,172.0,18.0,11.91313
-50.0,174.0,18.0,11.601274
-50.0,176.0,18.0,11.0028305
-50.0,178.0,18.0,11.420661
-50.0,180.0,18.0,11.351719
-48.0,-180.0,18.0,12.258603
-48.0,-178.0,18.0,11.554174
-48.0,-176.0,18.0,12.072897
-48.0,-174.0,18.0,12.557984
-48.0,-172.0,18.0,12.227053
-48.0,-170.0,18.0,11.736243
-48.0,-168.0,18.0,11.697799
-48.0,-166.0,18.0,11.11206
-48.0,-164.0,18.0,10.532949
-48.0,-162.0,18.0,10.526106
-48.0,-160.0,18.0,10.895805
-48.0,-158.0,18.0,10.956484
-48.0,-156.0,18.0,10.701
-48.0,-154.0,18.0,10.384379
-48.0,-152.0,18.0,10.362717
-48.0,-150.0,18.0,10.31211
-48.0,-148.0,18.0,9.707862
-48.0,-146.0,18.0,9.531065
-48.0,-144.0,18.0,9.972142
-48.0,-142.0,18.0,10.256634
-48.0,-140.0,18.0,9.914341
-48.0,-138.0,18.0,9.172524
-48.0,-136.0,18.0,8.533855
-48.0,-134.0,18.0,8.659016
-48.0,-132.0,18.0,8.860044
-48.0,-130.0,18.0,8.971423
-48.0,-128.0,18.0,8.484734
-48.0,-126.0,18.0,7.8049345
-48.0,-124.0,18.0,7.8291593
-48.0,-122.0,18.0,8.109848
-48.0,-120.0,18.0,8.355506
-48.0,-118.0,18.0,8.357865
-48.0,-116.0,18.0,8.5030365
-48.0,-114.0,18.0,8.731982
-48.0,-112.0,18.0,8.287819
-48.0,-110.0,18.0,7.3669667
-48.0,-108.0,18.0,7.0522223
-48.0,-106.0,18.0,7.0183935
-48.0,-104.0,18.0,6.8917155
-48.0,-102.0,18.0,6.841615
-48.0,-100.0,18.0,6.825472
-48.0,-98.0,18.0,7.444366
-48.0,-96.0,18.0,7.571626
-48.0,-94.0,18.0,7.1035304
-48.0,-92.0,18.0,7.004567
-48.0,-90.0,18.0,6.672995
-48.0,-88.0,18.0,6.765783
-48.0,-86.0,18.0,7.2092423
-48.0,-84.0,18.0,7.276752
-48.0,-82.0,18.0,7.0035195
-48.0,-80.0,18.0,6.463446
-48.0,-78.0,18.0,6.592193
-48.0,-76.0,18.0,6.563916
-48.0,-74.0,18.0,6.6172433
-48.0,-72.0,18.0,6.5897512
-48.0,-70.0,18.0,6.9016576
-48.0,-68.0,18.0,7.263542
-48.0,-66.0,18.0,7.2958903
-48.0,-64.0,18.0,7.289074
-48.0,-62.0,18.0,7.356325
-48.0,-60.0,18.0,7.2702312
-48.0,-58.0,18.0,7.233827
-48.0,-56.0,18.0,7.0054026
-48.0,-54.0,18.0,7.8540545
-48.0,-52.0,18.0,8.065344
-48.0,-50.0,18.0,8.0635
-48.0,-48.0,18.0,7.613026
-48.0,-46.0,18.0,7.875609
-48.0,-44.0,18.0,8.299062
-48.0,-42.0,18.0,8.581824
-48.0,-40.0,18.0,8.918604
-48.0,-38.0,18.0,9.066711
-48.0,-36.0,18.0,9.044782
-48.0,-34.0,18.0,9.359126
-48.0,-32.0,18.0,9.519242
-48.0,-30.0,18.0,9.659666
-48.0,-28.0,18.0,9.941964
-48.0,-26.0,18.0,10.112007
-48.0,-24.0,18.0,10.132987
-48.0,-22.0,18.0,10.272965
-48.0,-20.0,18.0,10.571061
-48.0,-18.0,18.0,10.351839
-48.0,-16.0,18.0,10.375844
-48.0,-14.0,18.0,10.73124
-48.0,-12.0,18.0,10.88597
-48.0,-10.0,18.0,11.025151
-48.0,-8.0,18.0,11.506025
-48.0,-6.0,18.0,11.898094
-48.0,-4.0,18.0,11.809221
-48.0,-2.0,18.0,11.464808
-48.0,0.0,18.0,11.37273
-48.0,2.0,18.0,11.057048
-48.0,4.0,18.0,10.875503
-48.0,6.0,18.0,11.174683
-48.0,8.0,18.0,11.653757
-48.0,10.0,18.0,11.808391
-48.0,12.0,18.0,11.932866
-48.0,14.0,18.0,11.91635
-48.0,16.0,18.0,11.622805
-48.0,18.0,18.0,11.392585
-48.0,20.0,18.0,11.793712
-48.0,22.0,18.0,12.709543
-48.0,24.0,18.0,13.150433
-48.0,26.0,18.0,12.996614
-48.0,28.0,18.0,12.6405945
-48.0,30.0,18.0,12.207598
-48.0,32.0,18.0,11.3781185
-48.0,34.0,18.0,10.930168
-48.0,36.0,18.0,11.046959
-48.0,38.0,18.0,11.589632
-48.0,40.0,18.0,12.188011
-48.0,42.0,18.0,12.290745
-48.0,44.0,18.0,12.490756
-48.0,46.0,18.0,12.504808
-48.0,48.0,18.0,12.582778
-48.0,50.0,18.0,12.701231
-48.0,52.0,18.0,12.838626
-48.0,54.0,18.0,12.55628
-48.0,56.0,18.0,12.219219
-48.0,58.0,18.0,12.266049
-48.0,60.0,18.0,12.926937
-48.0,62.0,18.0,13.2998
-48.0,64.0,18.0,13.3100395
-48.0,66.0,18.0,13.299699
-48.0,68.0,18.0,13.399003
-48.0,70.0,18.0,12.981905
-48.0,72.0,18.0,12.486016
-48.0,74.0,18.0,12.505223
-48.0,76.0,18.0,12.894423
-48.0,78.0,18.0,13.076239
-48.0,80.0,18.0,13.287202
-48.0,82.0,18.0,13.898691
-48.0,84.0,18.0,14.0002775
-48.0,86.0,18.0,13.587116
-48.0,88.0,18.0,13.417397
-48.0,90.0,18.0,13.666884
-48.0,92.0,18.0,13.711025
-48.0,94.0,18.0,13.705744
-48.0,96.0,18.0,14.110396
-48.0,98.0,18.0,14.040327
-48.0,100.0,18.0,13.165409
-48.0,102.0,18.0,12.830661
-48.0,104.0,18.0,13.197713
-48.0,106.0,18.0,13.401313
-48.0,108.0,18.0,13.3232765
-48.0,110.0,18.0,13.421319
-48.0,112.0,18.0,14.063973
-48.0,114.0,18.0,14.26847
-48.0,116.0,18.0,14.027047
-48.0,118.0,18.0,13.698828
-48.0,120.0,18.0,13.4091015
-48.0,122.0,18.0,13.210885
-48.0,124.0,18.0,12.612371
-48.0,126.0,18.0,12.439941
-48.0,128.0,18.0,12.869521
-48.0,130.0,18.0,13.444782
-48.0,132.0,18.0,13.261607
-48.0,134.0,18.0,12.924977
-48.0,136.0,18.0,12.690213
-48.0,138.0,18.0,12.779652
-48.0,140.0,18.0,12.913984
-48.0,142.0,18.0,12.546519
-48.0,144.0,18.0,11.958322
-48.0,146.0,18.0,11.6294985
-48.0,148.0,18.0,12.229207
-48.0,150.0,18.0,12.753086
-48.0,152.0,18.0,12.788607
-48.0,154.0,18.0,13.088646
-48.0,156.0,18.0,13.549973
-48.0,158.0,18.0,13.28145
-48.0,160.0,18.0,12.482052
-48.0,162.0,18.0,12.480974
-48.0,164.0,18.0,12.858167
-48.0,166.0,18.0,12.700702
-48.0,168.0,18.0,12.400552
-48.0,170.0,18.0,12.838972
-48.0,172.0,18.0,13.041281
-48.0,174.0,18.0,12.440595
-48.0,176.0,18.0,11.911324
-48.0,178.0,18.0,12.377182
-48.0,180.0,18.0,12.258603
-46.0,-180.0,18.0,11.383231
-46.0,-178.0,18.0,10.544359
-46.0,-176.0,18.0,11.284361
-46.0,-174.0,18.0,11.883184
-46.0,-172.0,18.0,11.209663
-46.0,-170.0,18.0,10.745104
-46.0,-168.0,18.0,10.579226
-46.0,-166.0,18.0,10.004932
-46.0,-164.0,18.0,9.429644
-46.0,-162.0,18.0,9.497946
-46.0,-160.0,18.0,9.906798
-46.0,-158.0,18.0,9.780149
-46.0,-156.0,18.0,9.690084
-46.0,-154.0,18.0,9.534535
-46.0,-152.0,18.0,9.452687
-46.0,-150.0,18.0,9.266334
-46.0,-148.0,18.0,8.131473
-46.0,-146.0,18.0,8.10618
-46.0,-144.0,18.0,8.787029
-46.0,-142.0,18.0,8.989242
-46.0,-140.0,18.0,8.83858
-46.0,-138.0,18.0,8.10261
-46.0,-136.0,18.0,7.71002
-46.0,-134.0,18.0,7.526969
-46.0,-132.0,18.0,7.7711015
-46.0,-130.0,18.0,7.912843
-46.0,-128.0,18.0,7.145027
-46.0,-126.0,18.0,6.537391
-46.0,-124.0,18.0,6.8369513
-46.0,-122.0,18.0,7.1528163
-46.0,-120.0,18.0,7.292355
-46.0,-118.0,18.0,7.3667703
-46.0,-116.0,18.0,7.5445137
-46.0,-114.0,18.0,7.503542
-46.0,-112.0,18.0,6.9094577
-46.0,-110.0,18.0,6.2049084
-46.0,-108.0,18.0,6.3161235
-46.0,-106.0,18.0,5.8097763
-46.0,-104.0,18.0,5.5430555
-46.0,-102.0,18.0,5.55119
-46.0,-100.0,18.0,5.9242907
-46.0,-98.0,18.0,6.3135023
-46.0,-96.0,18.0,6.2791142
-46.0,-94.0,18.0,6.047758
-46.0,-92.0,18.0,5.958238
-46.0,-90.0,18.0,5.678288
-46.0,-88.0,18.0,5.8217416
-46.0,-86.0,18.0,6.3143396
-46.0,-84.0,18.0,6.3906417
-46.0,-82.0,18.0,6.102642
-46.0,-80.0,18.0,5.7406645
-46.0,-78.0,18.0,5.793589
-46.0,-76.0,18.0,5.588722
-46.0,-74.0,18.0,5.5848494
-46.0,-72.0,18.0,6.0287857
-46.0,-70.0,18.0,6.072482
-46.0,-68.0,18.0,6.2601056
-46.0,-66.0,18.0,6.25301
-46.0,-64.0,18.0,6.1843915
-46.0,-62.0,18.0,6.4369016
-46.0,-60.0,18.0,6.482146
-46.0,-58.0,18.0,6.249855
-46.0,-56.0,18.0,6.1176987
-46.0,-54.0,18.0,6.719184
-46.0,-52.0,18.0,6.9907966
-46.0,-50.0,18.0,6.9975786
-46.0,-48.0,18.0,6.7316628
-46.0,-46.0,18.0,6.89854
-46.0,-44.0,18.0,7.3496804
-46.0,-42.0,18.0,7.647425
-46.0,-40.0,18.0,7.985894
-46.0,-38.0,18.0,8.059276
-46.0,-36.0,18.0,8.202722
-46.0,-34.0,18.0,8.422547
-46.0,-32.0,18.0,8.652337
-46.0,-30.0,18.0,8.821016
-46.0,-28.0,18.0,9.05784
-46.0,-26.0,18.0,9.278435
-46.0,-24.0,18.0,9.152339
-46.0,-22.0,18.0,9.339342
-46.0,-20.0,18.0,9.713886
-46.0,-18.0,18.0,9.536799
-46.0,-16.0,18.0,9.407344
-46.0,-14.0,18.0,9.93353
-46.0,-12.0,18.0,10.153892
-46.0,-10.0,18.0,10.183333
-46.0,-8.0,18.0,10.721697
-46.0,-6.0,18.0,11.318452
-46.0,-4.0,18.0,11.0323715
-46.0,-2.0,18.0,10.663435
-46.0,0.0,18.0,10.565221
-46.0,2.0,18.0,10.446146
-46.0,4.0,18.0,10.264272
-46.0,6.0,18.0,10.380488
-46.0,8.0,18.0,10.817872
-46.0,10.0,18.0,10.87809
-46.0,12.0,18.0,10.931445
-46.0,14.0,18.0,10.788777
-46.0,16.0,18.0,10.952046
-46.0,18.0,18.0,10.880391
-46.0,20.0,18.0,11.159658
-46.0,22.0,18.0,11.993087
-46.0,24.0,18.0,12.273281
-46.0,26.0,18.0,11.968117
-46.0,28.0,18.0,11.603
-46.0,30.0,18.0,11.572756
-46.0,32.0,18.0,11.070847
-46.0,34.0,18.0,10.628864
-46.0,36.0,18.0,10.559182
-46.0,38.0,18.0,10.972945
-46.0,40.0,18.0,11.572453
-46.0,42.0,18.0,11.496423
-46.0,44.0,18.0,11.426762
-46.0,46.0,18.0,11.303873
-46.0,48.0,18.0,11.3387575
-46.0,50.0,18.0,11.873072
-46.0,52.0,18.0,12.388917
-46.0,54.0,18.0,12.071944
-46.0,56.0,18.0,11.66254
-46.0,58.0,18.0,11.666506
-46.0,60.0,18.0,12.349085
-46.0,62.0,18.0,12.861907
-46.0,64.0,18.0,12.9283085
-46.0,66.0,18.0,12.991181
-46.0,68.0,18.0,12.9739275
-46.0,70.0,18.0,12.592883
-46.0,72.0,18.0,11.933791
-46.0,74.0,18.0,11.699064
-46.0,76.0,18.0,11.932348
-46.0,78.0,18.0,12.431128
-46.0,80.0,18.0,12.762308
-46.0,82.0,18.0,13.445696
-46.0,84.0,18.0,13.682808
-46.0,86.0,18.0,13.218503
-46.0,88.0,18.0,12.812378
-46.0,90.0,18.0,12.905184
-46.0,92.0,18.0,13.008798
-46.0,94.0,18.0,13.142236
-46.0,96.0,18.0,13.493665
-46.0,98.0,18.0,13.539561
-46.0,100.0,18.0,12.75623
-46.0,102.0,18.0,12.273796
-46.0,104.0,18.0,12.224458
-46.0,106.0,18.0,12.606449
-46.0,108.0,18.0,12.733565
-46.0,110.0,18.0,12.89505
-46.0,112.0,18.0,13.65038
-46.0,114.0,18.0,13.896239
-46.0,116.0,18.0,13.619458
-46.0,118.0,18.0,13.300656
-46.0,120.0,18.0,12.991537
-46.0,122.0,18.0,12.710794
-46.0,124.0,18.0,12.265067
-46.0,126.0,18.0,12.056676
-46.0,128.0,18.0,12.514081
-46.0,130.0,18.0,12.93994
-46.0,132.0,18.0,12.643852
-46.0,134.0,18.0,12.140937
-46.0,136.0,18.0,12.020059
-46.0,138.0,18.0,12.394983
-46.0,140.0,18.0,12.636719
-46.0,142.0,18.0,12.267073
-46.0,144.0,18.0,11.703308
-46.0,146.0,18.0,11.434731
-46.0,148.0,18.0,11.866999
-46.0,150.0,18.0,12.438928
-46.0,152.0,18.0,12.51353
-46.0,154.0,18.0,12.58817
-46.0,156.0,18.0,12.989648
-46.0,158.0,18.0,12.922053
-46.0,160.0,18.0,12.26347
-46.0,162.0,18.0,11.933948
-46.0,164.0,18.0,12.194452
-46.0,166.0,18.0,11.912292
-46.0,168.0,18.0,11.582049
-46.0,170.0,18.0,11.9847355
-46.0,172.0,18.0,12.09986
-46.0,174.0,18.0,11.711492
-46.0,176.0,18.0,11.256834
-46.0,178.0,18.0,11.572709
-46.0,180.0,18.0,11.383231
-44.0,-180.0,18.0,9.042348
-44.0,-178.0,18.0,8.08858
-44.0,-176.0,18.0,8.787448
-44.0,-174.0,18.0,9.469914
-44.0,-172.0,18.0,9.132883
-44.0,-170.0,18.0,8.638736
-44.0,-168.0,18.0,8.42472
-44.0,-166.0,18.0,8.1984005
-44.0,-164.0,18.0,7.4020777
-44.0,-162.0,18.0,7.4333377
-44.0,-160.0,18.0,8.021378
-44.0,-158.0,18.0,8.139491
-44.0,-156.0,18.0,8.00677
-44.0,-154.0,18.0,8.012314
-44.0,-152.0,18.0,7.890299
-44.0,-150.0,18.0,7.4187403
-44.0,-148.0,18.0,6.404405
-44.0,-146.0,18.0,6.60028
-44.0,-144.0,18.0,7.227869
-44.0,-142.0,18.0,7.2284446
-44.0,-140.0,18.0,7.04454
-44.0,-138.0,18.0,6.605492
-44.0,-136.0,18.0,6.417961
-44.0,-134.0,18.0,6.3665524
-44.0,-132.0,18.0,6.1831775
-44.0,-130.0,18.0,6.435038
-44.0,-128.0,18.0,5.699715
-44.0,-126.0,18.0,5.095059
-44.0,-124.0,18.0,5.2809577
-44.0,-122.0,18.0,5.514082
-44.0,-120.0,18.0,5.6894083
-44.0,-118.0,18.0,5.5480604
-44.0,-116.0,18.0,5.643926
-44.0,-114.0,18.0,5.6434755
-44.0,-112.0,18.0,5.3409247
-44.0,-110.0,18.0,4.9265556
-44.0,-108.0,18.0,4.807046
-44.0,-106.0,18.0,4.5209846
-44.0,-104.0,18.0,4.344961
-44.0,-102.0,18.0,4.488511
-44.0,-100.0,18.0,4.5527816
-44.0,-98.0,18.0,4.654741
-44.0,-96.0,18.0,4.690167
-44.0,-94.0,18.0,4.4808073
-44.0,-92.0,18.0,4.371813
-44.0,-90.0,18.0,4.2921696
-44.0,-88.0,18.0,4.5054197
-44.0,-86.0,18.0,4.7887845
-44.0,-84.0,18.0,4.856367
-44.0,-82.0,18.0,4.684531
-44.0,-80.0,18.0,4.4466996
-44.0,-78.0,18.0,4.475678
-44.0,-76.0,18.0,4.418356
-44.0,-74.0,18.0,4.663618
-44.0,-72.0,18.0,4.824056
-44.0,-70.0,18.0,4.7304773
-44.0,-68.0,18.0,4.672913
-44.0,-66.0,18.0,4.6232266
-44.0,-64.0,18.0,4.47293
-44.0,-62.0,18.0,4.690342
-44.0,-60.0,18.0,5.003664
-44.0,-58.0,18.0,4.9218516
-44.0,-56.0,18.0,4.7186975
-44.0,-54.0,18.0,5.1093817
-44.0,-52.0,18.0,5.408017
-44.0,-50.0,18.0,5.5629854
-44.0,-48.0,18.0,5.1787105
-44.0,-46.0,18.0,5.3692913
-44.0,-44.0,18.0,5.961755
-44.0,-42.0,18.0,6.0868387
-44.0,-40.0,18.0,6.231585
-44.0,-38.0,18.0,6.281472
-44.0,-36.0,18.0,6.5592227
-44.0,-34.0,18.0,6.792825
-44.0,-32.0,18.0,6.87326
-44.0,-30.0,18.0,7.0301847
-44.0,-28.0,18.0,7.2007527
-44.0,-26.0,18.0,7.108761
-44.0,-24.0,18.0,7.00379
-44.0,-22.0,18.0,7.171079
-44.0,-20.0,18.0,7.6339774
-44.0,-18.0,18.0,7.550135
-44.0,-16.0,18.0,7.5988326
-44.0,-14.0,18.0,8.211832
-44.0,-12.0,18.0,8.394235
-44.0,-10.0,18.0,8.373195
-44.0,-8.0,18.0,8.820684
-44.0,-6.0,18.0,9.496381
-44.0,-4.0,18.0,9.211306
-44.0,-2.0,18.0,8.731171
-44.0,0.0,18.0,8.73496
-44.0,2.0,18.0,8.658902
-44.0,4.0,18.0,8.436123
-44.0,6.0,18.0,8.6017475
-44.0,8.0,18.0,9.129917
-44.0,10.0,18.0,9.071994
-44.0,12.0,18.0,8.722968
-44.0,14.0,18.0,8.6925745
-44.0,16.0,18.0,8.957398
-44.0,18.0,18.0,8.961945
-44.0,20.0,18.0,9.120102
-44.0,22.0,18.0,9.721783
-44.0,24.0,18.0,9.926392
-44.0,26.0,18.0,9.537297
-44.0,28.0,18.0,9.287881
-44.0,30.0,18.0,9.297563
-44.0,32.0,18.0,9.337879
-44.0,34.0,18.0,8.973285
-44.0,36.0,18.0,8.9945135
-44.0,38.0,18.0,9.385574
-44.0,40.0,18.0,9.472797
-44.0,42.0,18.0,9.342887
-44.0,44.0,18.0,9.186542
-44.0,46.0,18.0,9.063275
-44.0,48.0,18.0,9.13275
-44.0,50.0,18.0,9.676556
-44.0,52.0,18.0,10.075255
-44.0,54.0,18.0,9.995002
-44.0,56.0,18.0,9.621716
-44.0,58.0,18.0,9.507896
-44.0,60.0,18.0,9.966205
-44.0,62.0,18.0,10.59194
-44.0,64.0,18.0,10.733405
-44.0,66.0,18.0,10.687709
-44.0,68.0,18.0,10.51929
-44.0,70.0,18.0,10.187148
-44.0,72.0,18.0,9.778501
-44.0,74.0,18.0,9.63869
-44.0,76.0,18.0,9.667334
-44.0,78.0,18.0,10.053103
-44.0,80.0,18.0,10.391175
-44.0,82.0,18.0,10.855553
-44.0,84.0,18.0,11.29327
-44.0,86.0,18.0,10.983496
-44.0,88.0,18.0,10.3768635
-44.0,90.0,18.0,10.496239
-44.0,92.0,18.0,10.703639
-44.0,94.0,18.0,10.86475
-44.0,96.0,18.0,11.19842
-44.0,98.0,18.0,11.104493
-44.0,100.0,18.0,10.52074
-44.0,102.0,18.0,10.121832
-44.0,104.0,18.0,9.942553
-44.0,106.0,18.0,10.193547
-44.0,108.0,18.0,10.284988
-44.0,110.0,18.0,10.532304
-44.0,112.0,18.0,11.145452
-44.0,114.0,18.0,11.520854
-44.0,116.0,18.0,11.323313
-44.0,118.0,18.0,10.872225
-44.0,120.0,18.0,10.51433
-44.0,122.0,18.0,10.354761
-44.0,124.0,18.0,10.109465
-44.0,126.0,18.0,9.960622
-44.0,128.0,18.0,10.249616
-44.0,130.0,18.0,10.535667
-44.0,132.0,18.0,10.232627
-44.0,134.0,18.0,9.716349
-44.0,136.0,18.0,9.289484
-44.0,138.0,18.0,9.864092
-44.0,140.0,18.0,10.53882
-44.0,142.0,18.0,10.372636
-44.0,144.0,18.0,9.781857
-44.0,146.0,18.0,9.562892
-44.0,148.0,18.0,10.019052
-44.0,150.0,18.0,10.299803
-44.0,152.0,18.0,9.98208
-44.0,154.0,18.0,10.038414
-44.0,156.0,18.0,10.696389
-44.0,158.0,18.0,10.675497
-44.0,160.0,18.0,10.018337
-44.0,162.0,18.0,9.771076
-44.0,164.0,18.0,9.951481
-44.0,166.0,18.0,9.407628
-44.0,168.0,18.0,9.268067
-44.0,170.0,18.0,9.621092
-44.0,172.0,18.0,9.80735
-44.0,174.0,18.0,9.481736
-44.0,176.0,18.0,9.134704
-44.0,178.0,18.0,9.361133
-44.0,180.0,18.0,9.042348
-42.0,-180.0,18.0,7.958636
-42.0,-178.0,18.0,7.165086
-42.0,-176.0,18.0,7.7911057
-42.0,-174.0,18.0,8.446119
-42.0,-172.0,18.0,8.053066
-42.0,-170.0,18.0,7.5632944
-42.0,-168.0,18.0,7.404146
-42.0,-166.0,18.0,7.1997647
-42.0,-164.0,18.0,6.652363
-42.0,-162.0,18.0,6.577019
-42.0,-160.0,18.0,7.0902877
-42.0,-158.0,18.0,7.254286
-42.0,-156.0,18.0,7.01871
-42.0,-154.0,18.0,7.0845537
-42.0,-152.0,18.0,7.030155
-42.0,-150.0,18.0,6.6119585
-42.0,-148.0,18.0,5.863454
-42.0,-146.0,18.0,6.0616565
-42.0,-144.0,18.0,6.561159
-42.0,-142.0,18.0,6.6094313
-42.0,-140.0,18.0,6.3848424
-42.0,-138.0,18.0,5.9852233
-42.0,-136.0,18.0,5.7838726
-42.0,-134.0,18.0,5.7061462
-42.0,-132.0,18.0,5.482881
-42.0,-130.0,18.0,5.598218
-42.0,-128.0,18.0,5.1052938
-42.0,-126.0,18.0,4.666731
-42.0,-124.0,18.0,4.6388893
-42.0,-122.0,18.0,4.918287
-42.0,-120.0,18.0,4.9971375
-42.0,-118.0,18.0,4.8067756
-42.0,-116.0,18.0,4.911218
-42.0,-114.0,18.0,5.004201
-42.0,-112.0,18.0,4.762516
-42.0,-110.0,18.0,4.4419127
-42.0,-108.0,18.0,4.270591
-42.0,-106.0,18.0,4.141109
-42.0,-104.0,18.0,4.130063
-42.0,-102.0,18.0,4.1568027
-42.0,-100.0,18.0,4.1162033
-42.0,-98.0,18.0,4.185669
-42.0,-96.0,18.0,4.2100034
-42.0,-94.0,18.0,4.0868626
-42.0,-92.0,18.0,4.0962353
-42.0,-90.0,18.0,3.9019797
-42.0,-88.0,18.0,4.2373695
-42.0,-86.0,18.0,4.499935
-42.0,-84.0,18.0,4.578815
-42.0,-82.0,18.0,4.4166384
-42.0,-80.0,18.0,4.284121
-42.0,-78.0,18.0,4.3834634
-42.0,-76.0,18.0,4.3059573
-42.0,-74.0,18.0,4.4145265
-42.0,-72.0,18.0,4.460403
-42.0,-70.0,18.0,4.454062
-42.0,-68.0,18.0,4.414957
-42.0,-66.0,18.0,4.244673
-42.0,-64.0,18.0,4.2011757
-42.0,-62.0,18.0,4.570412
-42.0,-60.0,18.0,4.7561297
-42.0,-58.0,18.0,4.3735294
-42.0,-56.0,18.0,4.4239564
-42.0,-54.0,18.0,4.9622555
-42.0,-52.0,18.0,5.2261367
-42.0,-50.0,18.0,5.272452
-42.0,-48.0,18.0,4.9938555
-42.0,-46.0,18.0,5.346001
-42.0,-44.0,18.0,5.799693
-42.0,-42.0,18.0,5.8686175
-42.0,-40.0,18.0,5.797936
-42.0,-38.0,18.0,5.681815
-42.0,-36.0,18.0,5.7931833
-42.0,-34.0,18.0,6.130749
-42.0,-32.0,18.0,6.077209
-42.0,-30.0,18.0,6.34518
-42.0,-28.0,18.0,6.328831
-42.0,-26.0,18.0,6.3256516
-42.0,-24.0,18.0,6.3625813
-42.0,-22.0,18.0,6.4657507
-42.0,-20.0,18.0,6.933606
-42.0,-18.0,18.0,6.8101435
-42.0,-16.0,18.0,6.866994
-42.0,-14.0,18.0,7.562245
-42.0,-12.0,18.0,7.6056423
-42.0,-10.0,18.0,7.546316
-42.0,-8.0,18.0,8.066034
-42.0,-6.0,18.0,8.681488
-42.0,-4.0,18.0,8.351601
-42.0,-2.0,18.0,7.8684506
-42.0,0.0,18.0,7.879816
-42.0,2.0,18.0,7.726305
-42.0,4.0,18.0,7.5446143
-42.0,6.0,18.0,7.7960596
-42.0,8.0,18.0,8.310196
-42.0,10.0,18.0,8.308141
-42.0,12.0,18.0,7.9587874
-42.0,14.0,18.0,8.019414
-42.0,16.0,18.0,8.190769
-42.0,18.0,18.0,8.0650015
-42.0,20.0,18.0,8.184525
-42.0,22.0,18.0,8.7303295
-42.0,24.0,18.0,8.909391
-42.0,26.0,18.0,8.545928
-42.0,28.0,18.0,8.276287
-42.0,30.0,18.0,8.307785
-42.0,32.0,18.0,8.4479475
-42.0,34.0,18.0,7.972946
-42.0,36.0,18.0,8.012264
-42.0,38.0,18.0,8.457958
-42.0,40.0,18.0,8.546254
-42.0,42.0,18.0,8.442149
-42.0,44.0,18.0,8.390633
-42.0,46.0,18.0,8.386367
-42.0,48.0,18.0,8.534284
-42.0,50.0,18.0,8.842212
-42.0,52.0,18.0,9.113676
-42.0,54.0,18.0,9.028042
-42.0,56.0,18.0,8.758335
-42.0,58.0,18.0,8.676023
-42.0,60.0,18.0,8.975953
-42.0,62.0,18.0,9.533969
-42.0,64.0,18.0,9.663248
-42.0,66.0,18.0,9.598224
-42.0,68.0,18.0,9.519135
-42.0,70.0,18.0,9.308295
-42.0,72.0,18.0,8.890807
-42.0,74.0,18.0,8.778685
-42.0,76.0,18.0,8.832347
-42.0,78.0,18.0,9.306725
-42.0,80.0,18.0,9.465465
-42.0,82.0,18.0,9.839896
-42.0,84.0,18.0,10.3319845
-42.0,86.0,18.0,10.097721
-42.0,88.0,18.0,9.423302
-42.0,90.0,18.0,9.572085
-42.0,92.0,18.0,9.918015
-42.0,94.0,18.0,10.061977
-42.0,96.0,18.0,10.225303
-42.0,98.0,18.0,10.249328
-42.0,100.0,18.0,9.654516
-42.0,102.0,18.0,9.278335
-42.0,104.0,18.0,9.1739435
-42.0,106.0,18.0,9.51641
-42.0,108.0,18.0,9.604015
-42.0,110.0,18.0,9.615487
-42.0,112.0,18.0,10.183763
-42.0,114.0,18.0,10.707276
-42.0,116.0,18.0,10.521507
-42.0,118.0,18.0,9.968288
-42.0,120.0,18.0,9.63639
-42.0,122.0,18.0,9.581195
-42.0,124.0,18.0,9.302173
-42.0,126.0,18.0,8.987609
-42.0,128.0,18.0,9.255459
-42.0,130.0,18.0,9.615332
-42.0,132.0,18.0,9.451651
-42.0,134.0,18.0,8.784268
-42.0,136.0,18.0,8.415483
-42.0,138.0,18.0,8.917996
-42.0,140.0,18.0,9.52992
-42.0,142.0,18.0,9.4509945
-42.0,144.0,18.0,8.844207
-42.0,146.0,18.0,8.534741
-42.0,148.0,18.0,9.110902
-42.0,150.0,18.0,9.305773
-42.0,152.0,18.0,9.026357
-42.0,154.0,18.0,9.242891
-42.0,156.0,18.0,9.944854
-42.0,158.0,18.0,9.768204
-42.0,160.0,18.0,8.918863
-42.0,162.0,18.0,8.805835
-42.0,164.0,18.0,8.719282
-42.0,166.0,18.0,8.292468
-42.0,168.0,18.0,7.999386
-42.0,170.0,18.0,8.511224
-42.0,172.0,18.0,8.796896
-42.0,174.0,18.0,8.431643
-42.0,176.0,18.0,8.015199
-42.0,178.0,18.0,8.174089
-42.0,180.0,18.0,7.958636
-40.0,-180.0,18.0,8.291796
-40.0,-178.0,18.0,7.3868957
-40.0,-176.0,18.0,8.279529
-40.0,-174.0,18.0,9.114181
-40.0,-172.0,18.0,8.4211855
-40.0,-170.0,18.0,7.6983266
-40.0,-168.0,18.0,7.7242646
-40.0,-166.0,18.0,7.4287477
-40.0,-164.0,18.0,6.749997
-40.0,-162.0,18.0,6.81645
-40.0,-160.0,18.0,7.431077
-40.0,-158.0,18.0,7.466245
-40.0,-156.0,18.0,7.116505
-40.0,-154.0,18.0,7.065174
-40.0,-152.0,18.0,7.2525415
-40.0,-150.0,18.0,6.8850384
-40.0,-148.0,18.0,5.94964
-40.0,-146.0,18.0,6.0864034
-40.0,-144.0,18.0,6.645862
-40.0,-142.0,18.0,6.6417913
-40.0,-140.0,18.0,6.3323517
-40.0,-138.0,18.0,5.9408875
-40.0,-136.0,18.0,5.7642765
-40.0,-134.0,18.0,5.691114
-40.0,-132.0,18.0,5.4257274
-40.0,-130.0,18.0,5.5406833
-40.0,-128.0,18.0,5.2121987
-40.0,-126.0,18.0,4.6575956
-40.0,-124.0,18.0,4.726386
-40.0,-122.0,18.0,5.075235
-40.0,-120.0,18.0,5.0593715
-40.0,-118.0,18.0,4.7768035
-40.0,-116.0,18.0,4.901117
-40.0,-114.0,18.0,5.165072
-40.0,-112.0,18.0,4.753343
-40.0,-110.0,18.0,4.5057163
-40.0,-108.0,18.0,4.495213
-40.0,-106.0,18.0,4.3665805
-40.0,-104.0,18.0,4.2076755
-40.0,-102.0,18.0,4.2009444
-40.0,-100.0,18.0,4.2254534
-40.0,-98.0,18.0,4.2491693
-40.0,-96.0,18.0,4.1796007
-40.0,-94.0,18.0,4.0953217
-40.0,-92.0,18.0,4.237812
-40.0,-90.0,18.0,4.3325605
-40.0,-88.0,18.0,4.331503
-40.0,-86.0,18.0,4.7364354
-40.0,-84.0,18.0,5.052959
-40.0,-82.0,18.0,4.769517
-40.0,-80.0,18.0,4.497656
-40.0,-78.0,18.0,4.6608553
-40.0,-76.0,18.0,4.546739
-40.0,-74.0,18.0,4.559497
-40.0,-72.0,18.0,4.861253
-40.0,-70.0,18.0,4.8200674
-40.0,-68.0,18.0,4.6816387
-40.0,-66.0,18.0,4.6240487
-40.0,-64.0,18.0,4.668071
-40.0,-62.0,18.0,5.070982
-40.0,-60.0,18.0,5.246398
-40.0,-58.0,18.0,4.851707
-40.0,-56.0,18.0,4.7936482
-40.0,-54.0,18.0,5.4443417
-40.0,-52.0,18.0,5.821285
-40.0,-50.0,18.0,5.8217607
-40.0,-48.0,18.0,5.549427
-40.0,-46.0,18.0,5.8150625
-40.0,-44.0,18.0,6.167585
-40.0,-42.0,18.0,6.1286116
-40.0,-40.0,18.0,6.2446895
-40.0,-38.0,18.0,6.108339
-40.0,-36.0,18.0,6.1757092
-40.0,-34.0,18.0,6.314755
-40.0,-32.0,18.0,6.429231
-40.0,-30.0,18.0,6.805098
-40.0,-28.0,18.0,6.866739
-40.0,-26.0,18.0,6.738739
-40.0,-24.0,18.0,6.778046
-40.0,-22.0,18.0,7.328315
-40.0,-20.0,18.0,7.5777574
-40.0,-18.0,18.0,7.2817388
-40.0,-16.0,18.0,7.449831
-40.0,-14.0,18.0,8.164152
-40.0,-12.0,18.0,8.361335
-40.0,-10.0,18.0,8.248557
-40.0,-8.0,18.0,8.956245
-40.0,-6.0,18.0,9.507062
-40.0,-4.0,18.0,9.07563
-40.0,-2.0,18.0,8.434614
-40.0,0.0,18.0,8.684013
-40.0,2.0,18.0,8.450133
-40.0,4.0,18.0,8.159609
-40.0,6.0,18.0,8.54365
-40.0,8.0,18.0,9.064269
-40.0,10.0,18.0,9.041459
-40.0,12.0,18.0,8.865614
-40.0,14.0,18.0,8.930907
-40.0,16.0,18.0,9.143994
-40.0,18.0,18.0,9.020114
-40.0,20.0,18.0,9.071412
-40.0,22.0,18.0,9.5108185
-40.0,24.0,18.0,9.75035
-40.0,26.0,18.0,9.338037
-40.0,28.0,18.0,9.08591
-40.0,30.0,18.0,9.073216
-40.0,32.0,18.0,9.179196
-40.0,34.0,18.0,8.749087
-40.0,36.0,18.0,8.721434
-40.0,38.0,18.0,9.126435
-40.0,40.0,18.0,9.257787
-40.0,42.0,18.0,9.357509
-40.0,44.0,18.0,9.417401
-40.0,46.0,18.0,9.340328
-40.0,48.0,18.0,9.357795
-40.0,50.0,18.0,9.517172
-40.0,52.0,18.0,9.900435
-40.0,54.0,18.0,10.031205
-40.0,56.0,18.0,9.64466
-40.0,58.0,18.0,9.355113
-40.0,60.0,18.0,9.808489
-40.0,62.0,18.0,10.51616
-40.0,64.0,18.0,10.553831
-40.0,66.0,18.0,10.187175
-40.0,68.0,18.0,10.135695
-40.0,70.0,18.0,10.220889
-40.0,72.0,18.0,9.692793
-40.0,74.0,18.0,9.522216
-40.0,76.0,18.0,9.97362
-40.0,78.0,18.0,10.570036
-40.0,80.0,18.0,10.504498
-40.0,82.0,18.0,10.686397
-40.0,84.0,18.0,11.325724
-40.0,86.0,18.0,11.221988
-40.0,88.0,18.0,10.541041
-40.0,90.0,18.0,10.830461
-40.0,92.0,18.0,11.369832
-40.0,94.0,18.0,11.227854
-40.0,96.0,18.0,11.091626
-40.0,98.0,18.0,11.237613
-40.0,100.0,18.0,10.925112
-40.0,102.0,18.0,10.273433
-40.0,104.0,18.0,10.3139
-40.0,106.0,18.0,11.034819
-40.0,108.0,18.0,11.151166
-40.0,110.0,18.0,10.93553
-40.0,112.0,18.0,11.405398
-40.0,114.0,18.0,12.053253
-40.0,116.0,18.0,11.7729025
-40.0,118.0,18.0,11.137124
-40.0,120.0,18.0,10.950579
-40.0,122.0,18.0,10.94848
-40.0,124.0,18.0,10.456278
-40.0,126.0,18.0,10.166137
-40.0,128.0,18.0,10.298398
-40.0,130.0,18.0,10.741945
-40.0,132.0,18.0,10.486277
-40.0,134.0,18.0,9.784469
-40.0,136.0,18.0,9.356092
-40.0,138.0,18.0,9.943818
-40.0,140.0,18.0,10.545461
-40.0,142.0,18.0,10.427409
-40.0,144.0,18.0,9.812816
-40.0,146.0,18.0,9.533187
-40.0,148.0,18.0,9.877747
-40.0,150.0,18.0,10.184797
-40.0,152.0,18.0,9.892679
-40.0,154.0,18.0,10.189118
-40.0,156.0,18.0,11.039639
-40.0,158.0,18.0,10.839988
-40.0,160.0,18.0,9.666988
-40.0,162.0,18.0,9.487256
-40.0,164.0,18.0,9.760682
-40.0,166.0,18.0,8.93508
-40.0,168.0,18.0,8.610205
-40.0,170.0,18.0,9.099894
-40.0,172.0,18.0,9.458223
-40.0,174.0,18.0,8.675061
-40.0,176.0,18.0,8.251116
-40.0,178.0,18.0,8.618013
-40.0,180.0,18.0,8.291796
-38.0,-180.0,18.0,8.643946
-38.0,-178.0,18.0,7.9927917
-38.0,-176.0,18.0,8.603118
-38.0,-174.0,18.0,9.53654
-38.0,-172.0,18.0,8.68065
-38.0,-170.0,18.0,7.9001966
-38.0,-168.0,18.0,7.962225
-38.0,-166.0,18.0,7.6547456
-38.0,-164.0,18.0,6.9751287
-38.0,-162.0,18.0,6.9492726
-38.0,-160.0,18.0,7.4741526
-38.0,-158.0,18.0,7.4162927
-38.0,-156.0,18.0,7.2607465
-38.0,-154.0,18.0,7.2197676
-38.0,-152.0,18.0,7.215745
-38.0,-150.0,18.0,6.8599415
-38.0,-148.0,18.0,6.005498
-38.0,-146.0,18.0,5.9691057
-38.0,-144.0,18.0,6.3877344
-38.0,-142.0,18.0,6.562731
-38.0,-140.0,18.0,6.273923
-38.0,-138.0,18.0,5.815486
-38.0,-136.0,18.0,5.7453895
-38.0,-134.0,18.0,5.6884565
-38.0,-132.0,18.0,5.693731
-38.0,-130.0,18.0,5.891967
-38.0,-128.0,18.0,5.39679
-38.0,-126.0,18.0,4.7035656
-38.0,-124.0,18.0,4.75279
-38.0,-122.0,18.0,5.007864
-38.0,-120.0,18.0,5.419151
-38.0,-118.0,18.0,5.3575497
-38.0,-116.0,18.0,5.230452
-38.0,-114.0,18.0,5.315198
-38.0,-112.0,18.0,5.074173
-38.0,-110.0,18.0,4.621622
-38.0,-108.0,18.0,4.4866815
-38.0,-106.0,18.0,4.445999
-38.0,-104.0,18.0,4.357445
-38.0,-102.0,18.0,4.3958106
-38.0,-100.0,18.0,4.398068
-38.0,-98.0,18.0,4.7692747
-38.0,-96.0,18.0,4.6519265
-38.0,-94.0,18.0,4.367121
-38.0,-92.0,18.0,4.542227
-38.0,-90.0,18.0,4.6098504
-38.0,-88.0,18.0,4.7769284
-38.0,-86.0,18.0,5.112398
-38.0,-84.0,18.0,5.442135
-38.0,-82.0,18.0,5.152851
-38.0,-80.0,18.0,4.692069
-38.0,-78.0,18.0,4.9233513
-38.0,-76.0,18.0,4.8092017
-38.0,-74.0,18.0,4.7315674
-38.0,-72.0,18.0,4.971932
-38.0,-70.0,18.0,4.921381
-38.0,-68.0,18.0,5.0709157
-38.0,-66.0,18.0,5.021551
-38.0,-64.0,18.0,5.0813966
-38.0,-62.0,18.0,5.37592
-38.0,-60.0,18.0,5.5901537
-38.0,-58.0,18.0,5.2055264
-38.0,-56.0,18.0,5.0655365
-38.0,-54.0,18.0,5.5791936
-38.0,-52.0,18.0,5.8427644
-38.0,-50.0,18.0,5.9908113
-38.0,-48.0,18.0,5.8864937
-38.0,-46.0,18.0,6.0478683
-38.0,-44.0,18.0,6.279096
-38.0,-42.0,18.0,6.3370433
-38.0,-40.0,18.0,6.5561743
-38.0,-38.0,18.0,6.547361
-38.0,-36.0,18.0,6.483489
-38.0,-34.0,18.0,6.3327208
-38.0,-32.0,18.0,6.524885
-38.0,-30.0,18.0,6.929942
-38.0,-28.0,18.0,7.075148
-38.0,-26.0,18.0,6.6544147
-38.0,-24.0,18.0,6.73424
-38.0,-22.0,18.0,7.268883
-38.0,-20.0,18.0,7.6953206
-38.0,-18.0,18.0,7.644851
-38.0,-16.0,18.0,7.7936735
-38.0,-14.0,18.0,8.504328
-38.0,-12.0,18.0,8.561168
-38.0,-10.0,18.0,8.1462
-38.0,-8.0,18.0,8.949458
-38.0,-6.0,18.0,9.708427
-38.0,-4.0,18.0,9.09639
-38.0,-2.0,18.0,8.883376
-38.0,0.0,18.0,8.788164
-38.0,2.0,18.0,8.500492
-38.0,4.0,18.0,8.120427
-38.0,6.0,18.0,8.720531
-38.0,8.0,18.0,9.322695
-38.0,10.0,18.0,9.48791
-38.0,12.0,18.0,9.312515
-38.0,14.0,18.0,9.567966
-38.0,16.0,18.0,9.715716
-38.0,18.0,18.0,9.625233
-38.0,20.0,18.0,9.749577
-38.0,22.0,18.0,10.211433
-38.0,24.0,18.0,10.45363
-38.0,26.0,18.0,10.205249
-38.0,28.0,18.0,9.927317
-38.0,30.0,18.0,9.973464
-38.0,32.0,18.0,9.61856
-38.0,34.0,18.0,9.209232
-38.0,36.0,18.0,9.267252
-38.0,38.0,18.0,9.707617
-38.0,40.0,18.0,10.006194
-38.0,42.0,18.0,9.9581175
-38.0,44.0,18.0,9.908457
-38.0,46.0,18.0,9.802819
-38.0,48.0,18.0,9.90134
-38.0,50.0,18.0,10.09343
-38.0,52.0,18.0,10.367022
-38.0,54.0,18.0,10.6049385
-38.0,56.0,18.0,10.367474
-38.0,58.0,18.0,10.06073
-38.0,60.0,18.0,10.520207
-38.0,62.0,18.0,11.099538
-38.0,64.0,18.0,11.2082815
-38.0,66.0,18.0,11.031152
-38.0,68.0,18.0,11.028364
-38.0,70.0,18.0,10.908277
-38.0,72.0,18.0,10.52593
-38.0,74.0,18.0,10.297492
-38.0,76.0,18.0,10.640517
-38.0,78.0,18.0,11.245413
-38.0,80.0,18.0,11.228711
-38.0,82.0,18.0,11.261508
-38.0,84.0,18.0,11.85433
-38.0,86.0,18.0,12.062162
-38.0,88.0,18.0,11.435917
-38.0,90.0,18.0,11.617604
-38.0,92.0,18.0,12.153388
-38.0,94.0,18.0,11.975526
-38.0,96.0,18.0,11.752537
-38.0,98.0,18.0,11.843502
-38.0,100.0,18.0,11.787479
-38.0,102.0,18.0,11.071596
-38.0,104.0,18.0,11.051482
-38.0,106.0,18.0,11.676437
-38.0,108.0,18.0,11.879604
-38.0,110.0,18.0,11.82446
-38.0,112.0,18.0,12.364679
-38.0,114.0,18.0,13.067821
-38.0,116.0,18.0,12.910192
-38.0,118.0,18.0,12.225186
-38.0,120.0,18.0,11.916916
-38.0,122.0,18.0,11.76958
-38.0,124.0,18.0,11.301067
-38.0,126.0,18.0,10.952874
-38.0,128.0,18.0,11.1709585
-38.0,130.0,18.0,11.53153
-38.0,132.0,18.0,11.104271
-38.0,134.0,18.0,10.417664
-38.0,136.0,18.0,10.145499
-38.0,138.0,18.0,10.640261
-38.0,140.0,18.0,11.213694
-38.0,142.0,18.0,11.021204
-38.0,144.0,18.0,10.323448
-38.0,146.0,18.0,10.002428
-38.0,148.0,18.0,10.455909
-38.0,150.0,18.0,10.812328
-38.0,152.0,18.0,10.628712
-38.0,154.0,18.0,10.8516655
-38.0,156.0,18.0,11.456706
-38.0,158.0,18.0,11.163857
-38.0,160.0,18.0,10.025868
-38.0,162.0,18.0,9.723866
-38.0,164.0,18.0,10.122768
-38.0,166.0,18.0,9.609405
-38.0,168.0,18.0,9.295548
-38.0,170.0,18.0,9.37989
-38.0,172.0,18.0,9.461959
-38.0,174.0,18.0,8.628984
-38.0,176.0,18.0,8.307749
-38.0,178.0,18.0,8.711529
-38.0,180.0,18.0,8.643946
-36.0,-180.0,18.0,7.5299397
-36.0,-178.0,18.0,6.8948946
-36.0,-176.0,18.0,7.1551275
-36.0,-174.0,18.0,7.8723407
-36.0,-172.0,18.0,7.3949814
-36.0,-170.0,18.0,6.9094057
-36.0,-168.0,18.0,6.9644284
-36.0,-166.0,18.0,6.7218413
-36.0,-164.0,18.0,6.0633674
-36.0,-162.0,18.0,5.934629
-36.0,-160.0,18.0,6.3651743
-36.0,-158.0,18.0,6.4099083
-36.0,-156.0,18.0,6.2763467
-36.0,-154.0,18.0,6.2031317
-36.0,-152.0,18.0,6.1244006
-36.0,-150.0,18.0,5.7934203
-36.0,-148.0,18.0,5.1871033
-36.0,-146.0,18.0,4.8976316
-36.0,-144.0,18.0,5.1788516
-36.0,-142.0,18.0,5.42325
-36.0,-140.0,18.0,5.3027477
-36.0,-138.0,18.0,5.027138
-36.0,-136.0,18.0,4.89565
-36.0,-134.0,18.0,4.902097
-36.0,-132.0,18.0,5.0286636
-36.0,-130.0,18.0,5.440191
-36.0,-128.0,18.0,4.9168797
-36.0,-126.0,18.0,4.2088833
-36.0,-124.0,18.0,4.098251
-36.0,-122.0,18.0,4.40351
-36.0,-120.0,18.0,4.7981563
-36.0,-118.0,18.0,4.7296457
-36.0,-116.0,18.0,4.4469314
-36.0,-114.0,18.0,4.686189
-36.0,-112.0,18.0,4.5398827
-36.0,-110.0,18.0,4.2160683
-36.0,-108.0,18.0,4.232256
-36.0,-106.0,18.0,4.1624756
-36.0,-104.0,18.0,4.0384007
-36.0,-102.0,18.0,3.9976575
-36.0,-100.0,18.0,4.081917
-36.0,-98.0,18.0,4.58107
-36.0,-96.0,18.0,4.4829817
-36.0,-94.0,18.0,4.07139
-36.0,-92.0,18.0,4.2599463
-36.0,-90.0,18.0,4.261233
-36.0,-88.0,18.0,4.2000637
-36.0,-86.0,18.0,4.5003257
-36.0,-84.0,18.0,5.0697403
-36.0,-82.0,18.0,4.8634434
-36.0,-80.0,18.0,4.3863764
-36.0,-78.0,18.0,4.5818157
-36.0,-76.0,18.0,4.430029
-36.0,-74.0,18.0,4.290745
-36.0,-72.0,18.0,4.512103
-36.0,-70.0,18.0,4.6527677
-36.0,-68.0,18.0,4.777298
-36.0,-66.0,18.0,4.704371
-36.0,-64.0,18.0,4.859067
-36.0,-62.0,18.0,5.013051
-36.0,-60.0,18.0,5.1675415
-36.0,-58.0,18.0,4.8286133
-36.0,-56.0,18.0,4.547683
-36.0,-54.0,18.0,4.998327
-36.0,-52.0,18.0,5.432526
-36.0,-50.0,18.0,5.647173
-36.0,-48.0,18.0,5.519003
-36.0,-46.0,18.0,5.565806
-36.0,-44.0,18.0,5.837249
-36.0,-42.0,18.0,5.828081
-36.0,-40.0,18.0,6.1350436
-36.0,-38.0,18.0,6.0172606
-36.0,-36.0,18.0,5.8767443
-36.0,-34.0,18.0,5.857756
-36.0,-32.0,18.0,6.1749296
-36.0,-30.0,18.0,6.5177984
-36.0,-28.0,18.0,6.526332
-36.0,-26.0,18.0,6.294022
-36.0,-24.0,18.0,6.1449814
-36.0,-22.0,18.0,6.6248994
-36.0,-20.0,18.0,7.081573
-36.0,-18.0,18.0,7.1802144
-36.0,-16.0,18.0,7.2083845
-36.0,-14.0,18.0,7.66744
-36.0,-12.0,18.0,7.7460666
-36.0,-10.0,18.0,7.7023582
-36.0,-8.0,18.0,8.277075
-36.0,-6.0,18.0,8.834213
-36.0,-4.0,18.0,8.489007
-36.0,-2.0,18.0,8.255642
-36.0,0.0,18.0,8.124377
-36.0,2.0,18.0,7.693167
-36.0,4.0,18.0,7.435176
-36.0,6.0,18.0,7.850352
-36.0,8.0,18.0,8.427995
-36.0,10.0,18.0,8.599063
-36.0,12.0,18.0,8.3018265
-36.0,14.0,18.0,8.422929
-36.0,16.0,18.0,8.569759
-36.0,18.0,18.0,8.560908
-36.0,20.0,18.0,8.692543
-36.0,22.0,18.0,9.158569
-36.0,24.0,18.0,9.198318
-36.0,26.0,18.0,8.940888
-36.0,28.0,18.0,8.82894
-36.0,30.0,18.0,8.81663
-36.0,32.0,18.0,8.574997
-36.0,34.0,18.0,8.097034
-36.0,36.0,18.0,8.23256
-36.0,38.0,18.0,8.566356
-36.0,40.0,18.0,8.709444
-36.0,42.0,18.0,8.727995
-36.0,44.0,18.0,8.715019
-36.0,46.0,18.0,8.667261
-36.0,48.0,18.0,8.778427
-36.0,50.0,18.0,8.882245
-36.0,52.0,18.0,9.069085
-36.0,54.0,18.0,9.254419
-36.0,56.0,18.0,9.065298
-36.0,58.0,18.0,8.81986
-36.0,60.0,18.0,9.220077
-36.0,62.0,18.0,9.667159
-36.0,64.0,18.0,9.738174
-36.0,66.0,18.0,9.557108
-36.0,68.0,18.0,9.472698
-36.0,70.0,18.0,9.398528
-36.0,72.0,18.0,9.119701
-36.0,74.0,18.0,8.9479475
-36.0,76.0,18.0,9.337182
-36.0,78.0,18.0,9.734149
-36.0,80.0,18.0,9.795834
-36.0,82.0,18.0,9.888894
-36.0,84.0,18.0,10.296745
-36.0,86.0,18.0,10.443982
-36.0,88.0,18.0,10.041686
-36.0,90.0,18.0,10.053311
-36.0,92.0,18.0,10.203507
-36.0,94.0,18.0,10.095227
-36.0,96.0,18.0,10.0590925
-36.0,98.0,18.0,10.112782
-36.0,100.0,18.0,10.156579
-36.0,102.0,18.0,9.75388
-36.0,104.0,18.0,9.692717
-36.0,106.0,18.0,10.023729
-36.0,108.0,18.0,10.091537
-36.0,110.0,18.0,10.135161
-36.0,112.0,18.0,10.530652
-36.0,114.0,18.0,11.115258
-36.0,116.0,18.0,10.922566
-36.0,118.0,18.0,10.301721
-36.0,120.0,18.0,10.108546
-36.0,122.0,18.0,10.058965
-36.0,124.0,18.0,9.575673
-36.0,126.0,18.0,9.28367
-36.0,128.0,18.0,9.440856
-36.0,130.0,18.0,9.862761
-36.0,132.0,18.0,9.425524
-36.0,134.0,18.0,8.798467
-36.0,136.0,18.0,8.610437
-36.0,138.0,18.0,9.09816
-36.0,140.0,18.0,9.636222
-36.0,142.0,18.0,9.614465
-36.0,144.0,18.0,9.04937
-36.0,146.0,18.0,8.76578
-36.0,148.0,18.0,9.033996
-36.0,150.0,18.0,9.094415
-36.0,152.0,18.0,8.966847
-36.0,154.0,18.0,8.983979
-36.0,156.0,18.0,9.333805
-36.0,158.0,18.0,9.154884
-36.0,160.0,18.0,8.485039
-36.0,162.0,18.0,8.320961
-36.0,164.0,18.0,8.412067
-36.0,166.0,18.0,8.108007
-36.0,168.0,18.0,7.7118654
-36.0,170.0,18.0,7.91533
-36.0,172.0,18.0,8.0069685
-36.0,174.0,18.0,7.6278987
-36.0,176.0,18.0,7.4029408
-36.0,178.0,18.0,7.6408205
-36.0,180.0,18.0,7.5299397
-34.0,-180.0,18.0,6.2568007
-34.0,-178.0,18.0,5.8630285
-34.0,-176.0,18.0,5.968952
-34.0,-174.0,18.0,6.573581
-34.0,-172.0,18.0,6.2628794
-34.0,-170.0,18.0,5.836341
-34.0,-168.0,18.0,5.881797
-34.0,-166.0,18.0,5.674056
-34.0,-164.0,18.0,5.1271024
-34.0,-162.0,18.0,4.9979186
-34.0,-160.0,18.0,5.3992786
-34.0,-158.0,18.0,5.381211
-34.0,-156.0,18.0,5.1668158
-34.0,-154.0,18.0,5.1408987
-34.0,-152.0,18.0,5.1977
-34.0,-150.0,18.0,4.803829
-34.0,-148.0,18.0,4.337993
-34.0,-146.0,18.0,4.214676
-34.0,-144.0,18.0,4.457285
-34.0,-142.0,18.0,4.580091
-34.0,-140.0,18.0,4.475016
-34.0,-138.0,18.0,4.3264046
-34.0,-136.0,18.0,4.205815
-34.0,-134.0,18.0,4.101541
-34.0,-132.0,18.0,4.1769743
-34.0,-130.0,18.0,4.3191104
-34.0,-128.0,18.0,3.8483732
-34.0,-126.0,18.0,3.4895597
-34.0,-124.0,18.0,3.5282018
-34.0,-122.0,18.0,3.5926394
-34.0,-120.0,18.0,3.733013
-34.0,-118.0,18.0,3.6248004
-34.0,-116.0,18.0,3.7474556
-34.0,-114.0,18.0,3.8029294
-34.0,-112.0,18.0,3.6730213
-34.0,-110.0,18.0,3.5249822
-34.0,-108.0,18.0,3.6363032
-34.0,-106.0,18.0,3.6653666
-34.0,-104.0,18.0,3.535441
-34.0,-102.0,18.0,3.432952
-34.0,-100.0,18.0,3.5669281
-34.0,-98.0,18.0,3.8565161
-34.0,-96.0,18.0,3.739214
-34.0,-94.0,18.0,3.58424
-34.0,-92.0,18.0,3.6052494
-34.0,-90.0,18.0,3.5301983
-34.0,-88.0,18.0,3.5487266
-34.0,-86.0,18.0,3.7945418
-34.0,-84.0,18.0,4.240447
-34.0,-82.0,18.0,3.9534283
-34.0,-80.0,18.0,3.8107808
-34.0,-78.0,18.0,3.9605486
-34.0,-76.0,18.0,3.8964748
-34.0,-74.0,18.0,3.778215
-34.0,-72.0,18.0,3.9753394
-34.0,-70.0,18.0,4.0324607
-34.0,-68.0,18.0,4.1895037
-34.0,-66.0,18.0,4.252379
-34.0,-64.0,18.0,4.273687
-34.0,-62.0,18.0,4.1240015
-34.0,-60.0,18.0,4.31096
-34.0,-58.0,18.0,4.221603
-34.0,-56.0,18.0,4.199975
-34.0,-54.0,18.0,4.2142663
-34.0,-52.0,18.0,4.5393643
-34.0,-50.0,18.0,4.766646
-34.0,-48.0,18.0,4.8117948
-34.0,-46.0,18.0,5.0644503
-34.0,-44.0,18.0,5.334397
-34.0,-42.0,18.0,5.359224
-34.0,-40.0,18.0,5.5510783
-34.0,-38.0,18.0,5.4494514
-34.0,-36.0,18.0,5.4302826
-34.0,-34.0,18.0,5.4426856
-34.0,-32.0,18.0,5.628225
-34.0,-30.0,18.0,5.98402
-34.0,-28.0,18.0,6.1023197
-34.0,-26.0,18.0,5.9164004
-34.0,-24.0,18.0,5.9379053
-34.0,-22.0,18.0,6.2716384
-34.0,-20.0,18.0,6.415495
-34.0,-18.0,18.0,6.6090584
-34.0,-16.0,18.0,6.5465775
-34.0,-14.0,18.0,6.9438925
-34.0,-12.0,18.0,7.146576
-34.0,-10.0,18.0,7.111211
-34.0,-8.0,18.0,7.4768867
-34.0,-6.0,18.0,7.669919
-34.0,-4.0,18.0,7.421744
-34.0,-2.0,18.0,7.333761
-34.0,0.0,18.0,7.349959
-34.0,2.0,18.0,7.1068645
-34.0,4.0,18.0,6.938625
-34.0,6.0,18.0,7.2313924
-34.0,8.0,18.0,7.5532336
-34.0,10.0,18.0,7.4621625
-34.0,12.0,18.0,7.218214
-34.0,14.0,18.0,7.274637
-34.0,16.0,18.0,7.38865
-34.0,18.0,18.0,7.423599
-34.0,20.0,18.0,7.3904514
-34.0,22.0,18.0,7.7491126
-34.0,24.0,18.0,7.8014054
-34.0,26.0,18.0,7.524814
-34.0,28.0,18.0,7.3516064
-34.0,30.0,18.0,7.341289
-34.0,32.0,18.0,7.3585057
-34.0,34.0,18.0,7.2541933
-34.0,36.0,18.0,7.252569
-34.0,38.0,18.0,7.2597175
-34.0,40.0,18.0,7.2273693
-34.0,42.0,18.0,7.162029
-34.0,44.0,18.0,7.190461
-34.0,46.0,18.0,7.201883
-34.0,48.0,18.0,7.208865
-34.0,50.0,18.0,7.344904
-34.0,52.0,18.0,7.450792
-34.0,54.0,18.0,7.715001
-34.0,56.0,18.0,7.637449
-34.0,58.0,18.0,7.355693
-34.0,60.0,18.0,7.4398823
-34.0,62.0,18.0,7.831478
-34.0,64.0,18.0,7.9828258
-34.0,66.0,18.0,7.8904757
-34.0,68.0,18.0,7.730147
-34.0,70.0,18.0,7.6549044
-34.0,72.0,18.0,7.619543
-34.0,74.0,18.0,7.524179
-34.0,76.0,18.0,7.6922536
-34.0,78.0,18.0,7.892658
-34.0,80.0,18.0,7.9431787
-34.0,82.0,18.0,8.0436945
-34.0,84.0,18.0,8.420328
-34.0,86.0,18.0,8.5728035
-34.0,88.0,18.0,8.283783
-34.0,90.0,18.0,8.139386
-34.0,92.0,18.0,8.163602
-34.0,94.0,18.0,8.196937
-34.0,96.0,18.0,8.170526
-34.0,98.0,18.0,8.198831
-34.0,100.0,18.0,8.251722
-34.0,102.0,18.0,8.166284
-34.0,104.0,18.0,8.097694
-34.0,106.0,18.0,8.268319
-34.0,108.0,18.0,8.287365
-34.0,110.0,18.0,8.289391
-34.0,112.0,18.0,8.577229
-34.0,114.0,18.0,8.96359
-34.0,116.0,18.0,8.8626
-34.0,118.0,18.0,8.4585705
-34.0,120.0,18.0,8.254776
-34.0,122.0,18.0,8.128817
-34.0,124.0,18.0,7.791726
-34.0,126.0,18.0,7.735879
-34.0,128.0,18.0,7.8153605
-34.0,130.0,18.0,8.1306305
-34.0,132.0,18.0,7.917429
-34.0,134.0,18.0,7.459791
-34.0,136.0,18.0,7.1976633
-34.0,138.0,18.0,7.4747157
-34.0,140.0,18.0,7.8959427
-34.0,142.0,18.0,8.029871
-34.0,144.0,18.0,7.7128696
-34.0,146.0,18.0,7.66674
-34.0,148.0,18.0,7.77577
-34.0,150.0,18.0,7.664035
-34.0,152.0,18.0,7.4185243
-34.0,154.0,18.0,7.4199467
-34.0,156.0,18.0,7.6408696
-34.0,158.0,18.0,7.521964
-34.0,160.0,18.0,7.208199
-34.0,162.0,18.0,7.0549703
-34.0,164.0,18.0,7.0197406
-34.0,166.0,18.0,6.839229
-34.0,168.0,18.0,6.499413
-34.0,170.0,18.0,6.7612567
-34.0,172.0,18.0,6.917013
-34.0,174.0,18.0,6.630544
-34.0,176.0,18.0,6.396068
-34.0,178.0,18.0,6.499065
-34.0,180.0,18.0,6.2568007
-32.0,-180.0,18.0,5.647275
-32.0,-178.0,18.0,5.340294
-32.0,-176.0,18.0,5.5153017
-32.0,-174.0,18.0,5.93636
-32.0,-172.0,18.0,5.6082597
-32.0,-170.0,18.0,5.1319966
-32.0,-168.0,18.0,5.2010193
-32.0,-166.0,18.0,4.930389
-32.0,-164.0,18.0,4.5123267
-32.0,-162.0,18.0,4.4359856
-32.0,-160.0,18.0,4.748792
-32.0,-158.0,18.0,4.7649927
-32.0,-156.0,18.0,4.477244
-32.0,-154.0,18.0,4.616448
-32.0,-152.0,18.0,4.85221
-32.0,-150.0,18.0,4.5506396
-32.0,-148.0,18.0,4.0512843
-32.0,-146.0,18.0,3.865856
-32.0,-144.0,18.0,4.075534
-32.0,-142.0,18.0,4.1850443
-32.0,-140.0,18.0,4.1354504
-32.0,-138.0,18.0,3.961028
-32.0,-136.0,18.0,3.8328118
-32.0,-134.0,18.0,3.7685761
-32.0,-132.0,18.0,3.825887
-32.0,-130.0,18.0,3.6646304
-32.0,-128.0,18.0,3.3451302
-32.0,-126.0,18.0,3.1173177
-32.0,-124.0,18.0,3.2044437
-32.0,-122.0,18.0,3.2168689
-32.0,-120.0,18.0,3.3610957
-32.0,-118.0,18.0,3.3005967
-32.0,-116.0,18.0,3.4038167
-32.0,-114.0,18.0,3.4348352
-32.0,-112.0,18.0,3.4339325
-32.0,-110.0,18.0,3.3616648
-32.0,-108.0,18.0,3.479922
-32.0,-106.0,18.0,3.5828633
-32.0,-104.0,18.0,3.4813604
-32.0,-102.0,18.0,3.3702183
-32.0,-100.0,18.0,3.4649553
-32.0,-98.0,18.0,3.5933962
-32.0,-96.0,18.0,3.5784078
-32.0,-94.0,18.0,3.3700113
-32.0,-92.0,18.0,3.3957338
-32.0,-90.0,18.0,3.386562
-32.0,-88.0,18.0,3.4036322
-32.0,-86.0,18.0,3.6082385
-32.0,-84.0,18.0,3.9028854
-32.0,-82.0,18.0,3.710214
-32.0,-80.0,18.0,3.6819775
-32.0,-78.0,18.0,3.790471
-32.0,-76.0,18.0,3.8522806
-32.0,-74.0,18.0,3.7778032
-32.0,-72.0,18.0,3.825441
-32.0,-70.0,18.0,3.9164135
-32.0,-68.0,18.0,4.0297623
-32.0,-66.0,18.0,4.0117
-32.0,-64.0,18.0,3.8443713
-32.0,-62.0,18.0,3.6937468
-32.0,-60.0,18.0,3.9675245
-32.0,-58.0,18.0,3.8774188
-32.0,-56.0,18.0,3.8995597
-32.0,-54.0,18.0,3.9341593
-32.0,-52.0,18.0,4.2199235
-32.0,-50.0,18.0,4.4230037
-32.0,-48.0,18.0,4.4043736
-32.0,-46.0,18.0,4.7616963
-32.0,-44.0,18.0,5.0822268
-32.0,-42.0,18.0,5.0790176
-32.0,-40.0,18.0,5.200212
-32.0,-38.0,18.0,5.0631003
-32.0,-36.0,18.0,5.2121716
-32.0,-34.0,18.0,5.2716293
-32.0,-32.0,18.0,5.3358026
-32.0,-30.0,18.0,5.6471486
-32.0,-28.0,18.0,5.774007
-32.0,-26.0,18.0,5.59511
-32.0,-24.0,18.0,5.594423
-32.0,-22.0,18.0,5.8677487
-32.0,-20.0,18.0,6.007894
-32.0,-18.0,18.0,6.166829
-32.0,-16.0,18.0,6.0735483
-32.0,-14.0,18.0,6.349449
-32.0,-12.0,18.0,6.660087
-32.0,-10.0,18.0,6.591343
-32.0,-8.0,18.0,6.9038796
-32.0,-6.0,18.0,7.1605434
-32.0,-4.0,18.0,6.9227586
-32.0,-2.0,18.0,6.8426185
-32.0,0.0,18.0,6.803753
-32.0,2.0,18.0,6.684718
-32.0,4.0,18.0,6.5457563
-32.0,6.0,18.0,6.6041093
-32.0,8.0,18.0,6.817526
-32.0,10.0,18.0,6.8749194
-32.0,12.0,18.0,6.6736937
-32.0,14.0,18.0,6.599799
-32.0,16.0,18.0,6.791619
-32.0,18.0,18.0,6.8856096
-32.0,20.0,18.0,6.812542
-32.0,22.0,18.0,6.977998
-32.0,24.0,18.0,7.0731387
-32.0,26.0,18.0,6.9771295
-32.0,28.0,18.0,6.7979693
-32.0,30.0,18.0,6.732682
-32.0,32.0,18.0,6.762763
-32.0,34.0,18.0,6.751132
-32.0,36.0,18.0,6.662209
-32.0,38.0,18.0,6.5886216
-32.0,40.0,18.0,6.5483556
-32.0,42.0,18.0,6.519428
-32.0,44.0,18.0,6.4758973
-32.0,46.0,18.0,6.4768615
-32.0,48.0,18.0,6.518453
-32.0,50.0,18.0,6.6631913
-32.0,52.0,18.0,6.8941927
-32.0,54.0,18.0,7.090862
-32.0,56.0,18.0,7.065821
-32.0,58.0,18.0,6.809857
-32.0,60.0,18.0,6.734301
-32.0,62.0,18.0,6.978961
-32.0,64.0,18.0,7.2676935
-32.0,66.0,18.0,7.126505
-32.0,68.0,18.0,7.062409
-32.0,70.0,18.0,7.045302
-32.0,72.0,18.0,6.988762
-32.0,74.0,18.0,7.033853
-32.0,76.0,18.0,7.102499
-32.0,78.0,18.0,7.103442
-32.0,80.0,18.0,7.1548204
-32.0,82.0,18.0,7.198128
-32.0,84.0,18.0,7.534573
-32.0,86.0,18.0,7.6803603
-32.0,88.0,18.0,7.4086914
-32.0,90.0,18.0,7.164962
-32.0,92.0,18.0,7.0781026
-32.0,94.0,18.0,7.225023
-32.0,96.0,18.0,7.340974
-32.0,98.0,18.0,7.329862
-32.0,100.0,18.0,7.444632
-32.0,102.0,18.0,7.5572577
-32.0,104.0,18.0,7.530105
-32.0,106.0,18.0,7.5781674
-32.0,108.0,18.0,7.474739
-32.0,110.0,18.0,7.4640737
-32.0,112.0,18.0,7.611369
-32.0,114.0,18.0,7.8930683
-32.0,116.0,18.0,7.8691807
-32.0,118.0,18.0,7.5840364
-32.0,120.0,18.0,7.3939815
-32.0,122.0,18.0,7.2624044
-32.0,124.0,18.0,7.041274
-32.0,126.0,18.0,6.8982196
-32.0,128.0,18.0,7.048509
-32.0,130.0,18.0,7.3451705
-32.0,132.0,18.0,7.2381177
-32.0,134.0,18.0,6.693734
-32.0,136.0,18.0,6.426951
-32.0,138.0,18.0,6.768169
-32.0,140.0,18.0,7.202092
-32.0,142.0,18.0,7.3214307
-32.0,144.0,18.0,7.0683804
-32.0,146.0,18.0,6.94042
-32.0,148.0,18.0,7.10854
-32.0,150.0,18.0,6.9899364
-32.0,152.0,18.0,6.754225
-32.0,154.0,18.0,6.766783
-32.0,156.0,18.0,6.9637
-32.0,158.0,18.0,6.8884306
-32.0,160.0,18.0,6.568969
-32.0,162.0,18.0,6.4348426
-32.0,164.0,18.0,6.3853583
-32.0,166.0,18.0,6.152311
-32.0,168.0,18.0,5.8777447
-32.0,170.0,18.0,6.1973457
-32.0,172.0,18.0,6.368745
-32.0,174.0,18.0,5.9963236
-32.0,176.0,18.0,5.7125263
-32.0,178.0,18.0,5.8581123
-32.0,180.0,18.0,5.647275
-30.0,-180.0,18.0,5.209015
-30.0,-178.0,18.0,4.900641
-30.0,-176.0,18.0,5.109798
-30.0,-174.0,18.0,5.554713
-30.0,-172.0,18.0,5.141041
-30.0,-170.0,18.0,4.7130976
-30.0,-168.0,18.0,4.6895275
-30.0,-166.0,18.0,4.568817
-30.0,-164.0,18.0,4.2912707
-30.0,-162.0,18.0,4.1796675
-30.0,-160.0,18.0,4.3749247
-30.0,-158.0,18.0,4.486212
-30.0,-156.0,18.0,4.363229
-30.0,-154.0,18.0,4.407821
-30.0,-152.0,18.0,4.801162
-30.0,-150.0,18.0,4.6733136
-30.0,-148.0,18.0,3.9675865
-30.0,-146.0,18.0,3.7887003
-30.0,-144.0,18.0,3.9690588
-30.0,-142.0,18.0,4.1351256
-30.0,-140.0,18.0,4.095549
-30.0,-138.0,18.0,3.9591882
-30.0,-136.0,18.0,3.8419409
-30.0,-134.0,18.0,3.6924
-30.0,-132.0,18.0,3.5593615
-30.0,-130.0,18.0,3.6399705
-30.0,-128.0,18.0,3.4151585
-30.0,-126.0,18.0,3.0820441
-30.0,-124.0,18.0,3.0336666
-30.0,-122.0,18.0,3.2821302
-30.0,-120.0,18.0,3.5595322
-30.0,-118.0,18.0,3.2907476
-30.0,-116.0,18.0,3.2841735
-30.0,-114.0,18.0,3.4084396
-30.0,-112.0,18.0,3.6352723
-30.0,-110.0,18.0,3.560181
-30.0,-108.0,18.0,3.6580586
-30.0,-106.0,18.0,3.8160346
-30.0,-104.0,18.0,3.641586
-30.0,-102.0,18.0,3.4806597
-30.0,-100.0,18.0,3.5609233
-30.0,-98.0,18.0,3.7137792
-30.0,-96.0,18.0,3.7345526
-30.0,-94.0,18.0,3.432329
-30.0,-92.0,18.0,3.6188633
-30.0,-90.0,18.0,3.6512518
-30.0,-88.0,18.0,3.6162896
-30.0,-86.0,18.0,3.8226187
-30.0,-84.0,18.0,4.1083107
-30.0,-82.0,18.0,4.026192
-30.0,-80.0,18.0,3.7625718
-30.0,-78.0,18.0,4.0792165
-30.0,-76.0,18.0,4.0661197
-30.0,-74.0,18.0,3.943774
-30.0,-72.0,18.0,3.8741715
-30.0,-70.0,18.0,3.92071
-30.0,-68.0,18.0,3.9306252
-30.0,-66.0,18.0,3.9434035
-30.0,-64.0,18.0,3.820559
-30.0,-62.0,18.0,3.9495754
-30.0,-60.0,18.0,4.1751738
-30.0,-58.0,18.0,3.9566216
-30.0,-56.0,18.0,3.7650719
-30.0,-54.0,18.0,4.0035434
-30.0,-52.0,18.0,4.397603
-30.0,-50.0,18.0,4.592798
-30.0,-48.0,18.0,4.4822407
-30.0,-46.0,18.0,4.7495575
-30.0,-44.0,18.0,5.113645
-30.0,-42.0,18.0,5.0963855
-30.0,-40.0,18.0,5.0486083
-30.0,-38.0,18.0,4.9613166
-30.0,-36.0,18.0,5.1262064
-30.0,-34.0,18.0,5.133403
-30.0,-32.0,18.0,5.2754374
-30.0,-30.0,18.0,5.637291
-30.0,-28.0,18.0,5.697689
-30.0,-26.0,18.0,5.575621
-30.0,-24.0,18.0,5.5631876
-30.0,-22.0,18.0,5.7834406
-30.0,-20.0,18.0,6.0841465
-30.0,-18.0,18.0,6.145796
-30.0,-16.0,18.0,5.966406
-30.0,-14.0,18.0,6.2345014
-30.0,-12.0,18.0,6.5304036
-30.0,-10.0,18.0,6.4356027
-30.0,-8.0,18.0,6.680271
-30.0,-6.0,18.0,7.0983734
-30.0,-4.0,18.0,6.8996587
-30.0,-2.0,18.0,6.679132
-30.0,0.0,18.0,6.5788894
-30.0,2.0,18.0,6.4130845
-30.0,4.0,18.0,6.2210274
-30.0,6.0,18.0,6.2126036
-30.0,8.0,18.0,6.61007
-30.0,10.0,18.0,6.649529
-30.0,12.0,18.0,6.471974
-30.0,14.0,18.0,6.3159685
-30.0,16.0,18.0,6.5311604
-30.0,18.0,18.0,6.673061
-30.0,20.0,18.0,6.582542
-30.0,22.0,18.0,6.656185
-30.0,24.0,18.0,6.8099127
-30.0,26.0,18.0,6.6842318
-30.0,28.0,18.0,6.5898914
-30.0,30.0,18.0,6.446643
-30.0,32.0,18.0,6.6042466
-30.0,34.0,18.0,6.581392
-30.0,36.0,18.0,6.3261776
-30.0,38.0,18.0,6.3650665
-30.0,40.0,18.0,6.4207344
-30.0,42.0,18.0,6.540207
-30.0,44.0,18.0,6.4335446
-30.0,46.0,18.0,6.4462876
-30.0,48.0,18.0,6.418804
-30.0,50.0,18.0,6.5155883
-30.0,52.0,18.0,6.717858
-30.0,54.0,18.0,6.8239803
-30.0,56.0,18.0,6.7050037
-30.0,58.0,18.0,6.572736
-30.0,60.0,18.0,6.682513
-30.0,62.0,18.0,6.7051682
-30.0,64.0,18.0,6.7763996
-30.0,66.0,18.0,6.855767
-30.0,68.0,18.0,6.819802
-30.0,70.0,18.0,6.806104
-30.0,72.0,18.0,6.7725105
-30.0,74.0,18.0,6.8362393
-30.0,76.0,18.0,6.997602
-30.0,78.0,18.0,7.1124277
-30.0,80.0,18.0,6.9506564
-30.0,82.0,18.0,6.941898
-30.0,84.0,18.0,7.1717
-30.0,86.0,18.0,7.0815225
-30.0,88.0,18.0,7.0155883
-30.0,90.0,18.0,7.0212774
-30.0,92.0,18.0,7.005663
-30.0,94.0,18.0,6.9921875
-30.0,96.0,18.0,7.061375
-30.0,98.0,18.0,7.1183777
-30.0,100.0,18.0,7.03614
-30.0,102.0,18.0,6.991159
-30.0,104.0,18.0,7.1792803
-30.0,106.0,18.0,7.413372
-30.0,108.0,18.0,7.3023973
-30.0,110.0,18.0,7.05023
-30.0,112.0,18.0,7.173287
-30.0,114.0,18.0,7.372108
-30.0,116.0,18.0,7.2699637
-30.0,118.0,18.0,7.011066
-30.0,120.0,18.0,6.978694
-30.0,122.0,18.0,7.0680847
-30.0,124.0,18.0,6.8222904
-30.0,126.0,18.0,6.503913
-30.0,128.0,18.0,6.6477275
-30.0,130.0,18.0,6.8813586
-30.0,132.0,18.0,6.5770593
-30.0,134.0,18.0,6.0424204
-30.0,136.0,18.0,6.006432
-30.0,138.0,18.0,6.4292283
-30.0,140.0,18.0,6.7883782
-30.0,142.0,18.0,6.8122616
-30.0,144.0,18.0,6.528883
-30.0,146.0,18.0,6.392167
-30.0,148.0,18.0,6.555383
-30.0,150.0,18.0,6.507493
-30.0,152.0,18.0,6.2363377
-30.0,154.0,18.0,6.1689196
-30.0,156.0,18.0,6.4830203
-30.0,158.0,18.0,6.5221515
-30.0,160.0,18.0,6.1879845
-30.0,162.0,18.0,5.8934736
-30.0,164.0,18.0,5.951365
-30.0,166.0,18.0,5.65272
-30.0,168.0,18.0,5.4897223
-30.0,170.0,18.0,5.717478
-30.0,172.0,18.0,5.995807
-30.0,174.0,18.0,5.6328163
-30.0,176.0,18.0,5.279227
-30.0,178.0,18.0,5.5179005
-30.0,180.0,18.0,5.209015
-28.0,-180.0,18.0,4.911579
-28.0,-178.0,18.0,4.6943364
-28.0,-176.0,18.0,4.835175
-28.0,-174.0,18.0,5.187317
-28.0,-172.0,18.0,4.996873
-28.0,-170.0,18.0,4.5720067
-28.0,-168.0,18.0,4.550063
-28.0,-166.0,18.0,4.3919983
-28.0,-164.0,18.0,4.099509
-28.0,-162.0,18.0,3.955676
-28.0,-160.0,18.0,4.104855
-28.0,-158.0,18.0,4.2352314
-28.0,-156.0,18.0,4.140309
-28.0,-154.0,18.0,4.2541437
-28.0,-152.0,18.0,4.5612516
-28.0,-150.0,18.0,4.3583174
-28.0,-148.0,18.0,3.7813933
-28.0,-146.0,18.0,3.7025595
-28.0,-144.0,18.0,3.866975
-28.0,-142.0,18.0,3.9001067
-28.0,-140.0,18.0,3.9861822
-28.0,-138.0,18.0,3.8935087
-28.0,-136.0,18.0,3.8414874
-28.0,-134.0,18.0,3.6612442
-28.0,-132.0,18.0,3.5735435
-28.0,-130.0,18.0,3.742332
-28.0,-128.0,18.0,3.6120558
-28.0,-126.0,18.0,3.174653
-28.0,-124.0,18.0,3.1836421
-28.0,-122.0,18.0,3.4136522
-28.0,-120.0,18.0,3.6562254
-28.0,-118.0,18.0,3.4893153
-28.0,-116.0,18.0,3.3905106
-28.0,-114.0,18.0,3.5210698
-28.0,-112.0,18.0,3.7125618
-28.0,-110.0,18.0,3.6806996
-28.0,-108.0,18.0,3.834992
-28.0,-106.0,18.0,3.9582279
-28.0,-104.0,18.0,3.8113043
-28.0,-102.0,18.0,3.6864831
-28.0,-100.0,18.0,3.713537
-28.0,-98.0,18.0,3.9616594
-28.0,-96.0,18.0,3.9819586
-28.0,-94.0,18.0,3.666656
-28.0,-92.0,18.0,3.8623233
-28.0,-90.0,18.0,3.9628227
-28.0,-88.0,18.0,3.8570013
-28.0,-86.0,18.0,3.9653335
-28.0,-84.0,18.0,4.259658
-28.0,-82.0,18.0,4.187068
-28.0,-80.0,18.0,3.9503605
-28.0,-78.0,18.0,4.202731
-28.0,-76.0,18.0,4.2044916
-28.0,-74.0,18.0,4.115952
-28.0,-72.0,18.0,4.0963373
-28.0,-70.0,18.0,4.08874
-28.0,-68.0,18.0,4.103512
-28.0,-66.0,18.0,4.0318627
-28.0,-64.0,18.0,4.044221
-28.0,-62.0,18.0,4.2551804
-28.0,-60.0,18.0,4.3990607
-28.0,-58.0,18.0,4.113358
-28.0,-56.0,18.0,3.8310962
-28.0,-54.0,18.0,4.044742
-28.0,-52.0,18.0,4.4329414
-28.0,-50.0,18.0,4.6803684
-28.0,-48.0,18.0,4.5616574
-28.0,-46.0,18.0,4.7005525
-28.0,-44.0,18.0,4.9665437
-28.0,-42.0,18.0,5.0097847
-28.0,-40.0,18.0,5.099744
-28.0,-38.0,18.0,5.11535
-28.0,-36.0,18.0,5.051862
-28.0,-34.0,18.0,5.001517
-28.0,-32.0,18.0,5.3431
-28.0,-30.0,18.0,5.643322
-28.0,-28.0,18.0,5.659051
-28.0,-26.0,18.0,5.568215
-28.0,-24.0,18.0,5.7084665
-28.0,-22.0,18.0,5.815328
-28.0,-20.0,18.0,5.8929276
-28.0,-18.0,18.0,6.013331
-28.0,-16.0,18.0,5.816921
-28.0,-14.0,18.0,6.037391
-28.0,-12.0,18.0,6.3078423
-28.0,-10.0,18.0,6.205164
-28.0,-8.0,18.0,6.3436294
-28.0,-6.0,18.0,6.591068
-28.0,-4.0,18.0,6.4830995
-28.0,-2.0,18.0,6.393013
-28.0,0.0,18.0,6.4212303
-28.0,2.0,18.0,6.2195935
-28.0,4.0,18.0,5.98992
-28.0,6.0,18.0,6.0014424
-28.0,8.0,18.0,6.242037
-28.0,10.0,18.0,6.2365856
-28.0,12.0,18.0,6.1658163
-28.0,14.0,18.0,6.026139
-28.0,16.0,18.0,6.0787783
-28.0,18.0,18.0,6.2006063
-28.0,20.0,18.0,6.199604
-28.0,22.0,18.0,6.3186736
-28.0,24.0,18.0,6.4854283
-28.0,26.0,18.0,6.3201823
-28.0,28.0,18.0,6.3399563
-28.0,30.0,18.0,6.2364593
-28.0,32.0,18.0,6.388215
-28.0,34.0,18.0,6.2257853
-28.0,36.0,18.0,5.7970014
-28.0,38.0,18.0,5.925383
-28.0,40.0,18.0,6.054075
-28.0,42.0,18.0,6.1673126
-28.0,44.0,18.0,6.1206965
-28.0,46.0,18.0,6.0284314
-28.0,48.0,18.0,6.056073
-28.0,50.0,18.0,6.1006393
-28.0,52.0,18.0,6.156244
-28.0,54.0,18.0,6.2407746
-28.0,56.0,18.0,6.1030626
-28.0,58.0,18.0,6.0806813
-28.0,60.0,18.0,6.2513647
-28.0,62.0,18.0,6.2975483
-28.0,64.0,18.0,6.4201274
-28.0,66.0,18.0,6.4600115
-28.0,68.0,18.0,6.496838
-28.0,70.0,18.0,6.399028
-28.0,72.0,18.0,6.284714
-28.0,74.0,18.0,6.325102
-28.0,76.0,18.0,6.5675926
-28.0,78.0,18.0,6.7252655
-28.0,80.0,18.0,6.5643086
-28.0,82.0,18.0,6.683694
-28.0,84.0,18.0,6.928219
-28.0,86.0,18.0,6.729425
-28.0,88.0,18.0,6.5182886
-28.0,90.0,18.0,6.735468
-28.0,92.0,18.0,6.805468
-28.0,94.0,18.0,6.640289
-28.0,96.0,18.0,6.756044
-28.0,98.0,18.0,6.6910276
-28.0,100.0,18.0,6.5495186
-28.0,102.0,18.0,6.470949
-28.0,104.0,18.0,6.65065
-28.0,106.0,18.0,6.8064294
-28.0,108.0,18.0,6.580322
-28.0,110.0,18.0,6.559038
-28.0,112.0,18.0,6.7476087
-28.0,114.0,18.0,6.9487433
-28.0,116.0,18.0,6.75614
-28.0,118.0,18.0,6.555163
-28.0,120.0,18.0,6.6074295
-28.0,122.0,18.0,6.6562862
-28.0,124.0,18.0,6.4076667
-28.0,126.0,18.0,6.1358833
-28.0,128.0,18.0,6.3097157
-28.0,130.0,18.0,6.5047617
-28.0,132.0,18.0,6.2099514
-28.0,134.0,18.0,5.6156096
-28.0,136.0,18.0,5.4007373
-28.0,138.0,18.0,5.836553
-28.0,140.0,18.0,6.2479234
-28.0,142.0,18.0,6.2288527
-28.0,144.0,18.0,5.897956
-28.0,146.0,18.0,5.7772336
-28.0,148.0,18.0,5.96263
-28.0,150.0,18.0,5.902548
-28.0,152.0,18.0,5.583807
-28.0,154.0,18.0,5.5578933
-28.0,156.0,18.0,5.953182
-28.0,158.0,18.0,5.9913425
-28.0,160.0,18.0,5.5725346
-28.0,162.0,18.0,5.3998175
-28.0,164.0,18.0,5.475699
-28.0,166.0,18.0,5.154685
-28.0,168.0,18.0,4.9092684
-28.0,170.0,18.0,5.2529774
-28.0,172.0,18.0,5.565387
-28.0,174.0,18.0,5.1507716
-28.0,176.0,18.0,5.053864
-28.0,178.0,18.0,5.162068
-28.0,180.0,18.0,4.911579
-26.0,-180.0,18.0,4.3855395
-26.0,-178.0,18.0,4.1826224
-26.0,-176.0,18.0,4.3201838
-26.0,-174.0,18.0,4.597836
-26.0,-172.0,18.0,4.4448986
-26.0,-170.0,18.0,4.098807
-26.0,-168.0,18.0,4.180855
-26.0,-166.0,18.0,3.982689
-26.0,-164.0,18.0,3.6891592
-26.0,-162.0,18.0,3.6324127
-26.0,-160.0,18.0,3.8197584
-26.0,-158.0,18.0,3.8569171
-26.0,-156.0,18.0,3.642199
-26.0,-154.0,18.0,3.7342045
-26.0,-152.0,18.0,3.894828
-26.0,-150.0,18.0,3.7554104
-26.0,-148.0,18.0,3.3755662
-26.0,-146.0,18.0,3.369849
-26.0,-144.0,18.0,3.4833689
-26.0,-142.0,18.0,3.5366826
-26.0,-140.0,18.0,3.53981
-26.0,-138.0,18.0,3.4556787
-26.0,-136.0,18.0,3.413947
-26.0,-134.0,18.0,3.340361
-26.0,-132.0,18.0,3.4037962
-26.0,-130.0,18.0,3.4109597
-26.0,-128.0,18.0,3.2184162
-26.0,-126.0,18.0,2.9716027
-26.0,-124.0,18.0,3.1249688
-26.0,-122.0,18.0,3.2904828
-26.0,-120.0,18.0,3.4538784
-26.0,-118.0,18.0,3.2120569
-26.0,-116.0,18.0,3.1903636
-26.0,-114.0,18.0,3.2876897
-26.0,-112.0,18.0,3.4231062
-26.0,-110.0,18.0,3.4327652
-26.0,-108.0,18.0,3.520435
-26.0,-106.0,18.0,3.6889195
-26.0,-104.0,18.0,3.564547
-26.0,-102.0,18.0,3.431866
-26.0,-100.0,18.0,3.4889443
-26.0,-98.0,18.0,3.625046
-26.0,-96.0,18.0,3.6070175
-26.0,-94.0,18.0,3.4228985
-26.0,-92.0,18.0,3.547718
-26.0,-90.0,18.0,3.6493866
-26.0,-88.0,18.0,3.549423
-26.0,-86.0,18.0,3.6461053
-26.0,-84.0,18.0,3.8400671
-26.0,-82.0,18.0,3.8068798
-26.0,-80.0,18.0,3.699954
-26.0,-78.0,18.0,3.924245
-26.0,-76.0,18.0,3.9227204
-26.0,-74.0,18.0,3.7909253
-26.0,-72.0,18.0,3.8310692
-26.0,-70.0,18.0,3.795309
-26.0,-68.0,18.0,3.898065
-26.0,-66.0,18.0,3.860754
-26.0,-64.0,18.0,3.7890165
-26.0,-62.0,18.0,3.8575618
-26.0,-60.0,18.0,3.9841878
-26.0,-58.0,18.0,3.8007784
-26.0,-56.0,18.0,3.7254372
-26.0,-54.0,18.0,3.6960151
-26.0,-52.0,18.0,4.101904
-26.0,-50.0,18.0,4.2913146
-26.0,-48.0,18.0,4.241385
-26.0,-46.0,18.0,4.446638
-26.0,-44.0,18.0,4.6475244
-26.0,-42.0,18.0,4.7120895
-26.0,-40.0,18.0,4.6366677
-26.0,-38.0,18.0,4.666675
-26.0,-36.0,18.0,4.71556
-26.0,-34.0,18.0,4.6705723
-26.0,-32.0,18.0,4.917677
-26.0,-30.0,18.0,5.10705
-26.0,-28.0,18.0,5.1450315
-26.0,-26.0,18.0,5.074347
-26.0,-24.0,18.0,5.2764006
-26.0,-22.0,18.0,5.4050546
-26.0,-20.0,18.0,5.481808
-26.0,-18.0,18.0,5.4235506
-26.0,-16.0,18.0,5.3942957
-26.0,-14.0,18.0,5.5519514
-26.0,-12.0,18.0,5.7788153
-26.0,-10.0,18.0,5.771525
-26.0,-8.0,18.0,5.799561
-26.0,-6.0,18.0,5.8598213
-26.0,-4.0,18.0,5.6251473
-26.0,-2.0,18.0,5.6774335
-26.0,0.0,18.0,5.9316683
-26.0,2.0,18.0,5.7948966
-26.0,4.0,18.0,5.6242447
-26.0,6.0,18.0,5.6439114
-26.0,8.0,18.0,5.899549
-26.0,10.0,18.0,5.78625
-26.0,12.0,18.0,5.5509567
-26.0,14.0,18.0,5.530348
-26.0,16.0,18.0,5.721073
-26.0,18.0,18.0,5.7610016
-26.0,20.0,18.0,5.6331334
-26.0,22.0,18.0,5.6595435
-26.0,24.0,18.0,5.6291733
-26.0,26.0,18.0,5.501091
-26.0,28.0,18.0,5.5396495
-26.0,30.0,18.0,5.5506268
-26.0,32.0,18.0,5.720963
-26.0,34.0,18.0,5.5707636
-26.0,36.0,18.0,5.288974
-26.0,38.0,18.0,5.210976
-26.0,40.0,18.0,5.2202377
-26.0,42.0,18.0,5.405478
-26.0,44.0,18.0,5.392145
-26.0,46.0,18.0,5.301374
-26.0,48.0,18.0,5.245024
-26.0,50.0,18.0,5.2494993
-26.0,52.0,18.0,5.320561
-26.0,54.0,18.0,5.437995
-26.0,56.0,18.0,5.352909
-26.0,58.0,18.0,5.1968756
-26.0,60.0,18.0,5.324113
-26.0,62.0,18.0,5.3845735
-26.0,64.0,18.0,5.532392
-26.0,66.0,18.0,5.5193105
-26.0,68.0,18.0,5.545617
-26.0,70.0,18.0,5.4861493
-26.0,72.0,18.0,5.3905926
-26.0,74.0,18.0,5.3825903
-26.0,76.0,18.0,5.6485367
-26.0,78.0,18.0,5.7700233
-26.0,80.0,18.0,5.660461
-26.0,82.0,18.0,5.7996135
-26.0,84.0,18.0,5.9738026
-26.0,86.0,18.0,5.897516
-26.0,88.0,18.0,5.6667547
-26.0,90.0,18.0,5.739838
-26.0,92.0,18.0,5.856979
-26.0,94.0,18.0,5.7921124
-26.0,96.0,18.0,5.8240585
-26.0,98.0,18.0,5.8305397
-26.0,100.0,18.0,5.6745276
-26.0,102.0,18.0,5.6409216
-26.0,104.0,18.0,5.793646
-26.0,106.0,18.0,5.8807626
-26.0,108.0,18.0,5.7658296
-26.0,110.0,18.0,5.7078857
-26.0,112.0,18.0,5.848418
-26.0,114.0,18.0,6.021316
-26.0,116.0,18.0,5.834898
-26.0,118.0,18.0,5.636058
-26.0,120.0,18.0,5.6917953
-26.0,122.0,18.0,5.8025775
-26.0,124.0,18.0,5.5917525
-26.0,126.0,18.0,5.389075
-26.0,128.0,18.0,5.437295
-26.0,130.0,18.0,5.6675386
-26.0,132.0,18.0,5.4610796
-26.0,134.0,18.0,4.9695
-26.0,136.0,18.0,4.7527094
-26.0,138.0,18.0,5.0232096
-26.0,140.0,18.0,5.4309173
-26.0,142.0,18.0,5.4190326
-26.0,144.0,18.0,5.291177
-26.0,146.0,18.0,5.226529
-26.0,148.0,18.0,5.225833
-26.0,150.0,18.0,5.154452
-26.0,152.0,18.0,4.896465
-26.0,154.0,18.0,4.818733
-26.0,156.0,18.0,5.055264
-26.0,158.0,18.0,5.089515
-26.0,160.0,18.0,4.706339
-26.0,162.0,18.0,4.5418334
-26.0,164.0,18.0,4.6048617
-26.0,166.0,18.0,4.440329
-26.0,168.0,18.0,4.275114
-26.0,170.0,18.0,4.4761806
-26.0,172.0,18.0,4.8216987
-26.0,174.0,18.0,4.5382886
-26.0,176.0,18.0,4.4303927
-26.0,178.0,18.0,4.5455947
-26.0,180.0,18.0,4.3855395
-24.0,-180.0,18.0,3.9965901
-24.0,-178.0,18.0,3.793305
-24.0,-176.0,18.0,3.9085612
-24.0,-174.0,18.0,4.1295094
-24.0,-172.0,18.0,4.0968556
-24.0,-170.0,18.0,3.8474493
-24.0,-168.0,18.0,3.797526
-24.0,-166.0,18.0,3.6821206
-24.0,-164.0,18.0,3.464757
-24.0,-162.0,18.0,3.4522324
-24.0,-160.0,18.0,3.560735
-24.0,-158.0,18.0,3.731893
-24.0,-156.0,18.0,3.7573256
-24.0,-154.0,18.0,3.6433394
-24.0,-152.0,18.0,3.5712774
-24.0,-150.0,18.0,3.4372377
-24.0,-148.0,18.0,3.0901635
-24.0,-146.0,18.0,3.100508
-24.0,-144.0,18.0,3.3188634
-24.0,-142.0,18.0,3.4211268
-24.0,-140.0,18.0,3.3908112
-24.0,-138.0,18.0,3.2588696
-24.0,-136.0,18.0,3.2811565
-24.0,-134.0,18.0,3.2805014
-24.0,-132.0,18.0,3.2703495
-24.0,-130.0,18.0,3.3300588
-24.0,-128.0,18.0,3.132553
-24.0,-126.0,18.0,2.9705002
-24.0,-124.0,18.0,3.1689148
-24.0,-122.0,18.0,3.2669694
-24.0,-120.0,18.0,3.3704777
-24.0,-118.0,18.0,3.1809983
-24.0,-116.0,18.0,3.3526018
-24.0,-114.0,18.0,3.4719803
-24.0,-112.0,18.0,3.458873
-24.0,-110.0,18.0,3.433488
-24.0,-108.0,18.0,3.5619984
-24.0,-106.0,18.0,3.650819
-24.0,-104.0,18.0,3.4529123
-24.0,-102.0,18.0,3.3799589
-24.0,-100.0,18.0,3.4563975
-24.0,-98.0,18.0,3.6319745
-24.0,-96.0,18.0,3.545572
-24.0,-94.0,18.0,3.3343794
-24.0,-92.0,18.0,3.4373515
-24.0,-90.0,18.0,3.4677575
-24.0,-88.0,18.0,3.3808362
-24.0,-86.0,18.0,3.5602412
-24.0,-84.0,18.0,3.7753997
-24.0,-82.0,18.0,3.7440825
-24.0,-80.0,18.0,3.529152
-24.0,-78.0,18.0,3.7454808
-24.0,-76.0,18.0,3.7628982
-24.0,-74.0,18.0,3.5689461
-24.0,-72.0,18.0,3.6681554
-24.0,-70.0,18.0,3.7395515
-24.0,-68.0,18.0,3.7207775
-24.0,-66.0,18.0,3.7272902
-24.0,-64.0,18.0,3.7502367
-24.0,-62.0,18.0,3.7925766
-24.0,-60.0,18.0,3.8354797
-24.0,-58.0,18.0,3.5743325
-24.0,-56.0,18.0,3.469986
-24.0,-54.0,18.0,3.6691906
-24.0,-52.0,18.0,4.019085
-24.0,-50.0,18.0,4.156335
-24.0,-48.0,18.0,4.094347
-24.0,-46.0,18.0,4.505713
-24.0,-44.0,18.0,4.7123966
-24.0,-42.0,18.0,4.6206827
-24.0,-40.0,18.0,4.4526515
-24.0,-38.0,18.0,4.4412723
-24.0,-36.0,18.0,4.4874454
-24.0,-34.0,18.0,4.523801
-24.0,-32.0,18.0,4.655623
-24.0,-30.0,18.0,4.937165
-24.0,-28.0,18.0,5.073529
-24.0,-26.0,18.0,4.9657593
-24.0,-24.0,18.0,5.0868793
-24.0,-22.0,18.0,5.139292
-24.0,-20.0,18.0,5.3259788
-24.0,-18.0,18.0,5.295587
-24.0,-16.0,18.0,5.239641
-24.0,-14.0,18.0,5.455565
-24.0,-12.0,18.0,5.663246
-24.0,-10.0,18.0,5.660353
-24.0,-8.0,18.0,5.712458
-24.0,-6.0,18.0,5.760263
-24.0,-4.0,18.0,5.5178742
-24.0,-2.0,18.0,5.5027156
-24.0,0.0,18.0,5.7635984
-24.0,2.0,18.0,5.7739406
-24.0,4.0,18.0,5.642636
-24.0,6.0,18.0,5.647076
-24.0,8.0,18.0,5.91541
-24.0,10.0,18.0,5.733857
-24.0,12.0,18.0,5.538554
-24.0,14.0,18.0,5.550856
-24.0,16.0,18.0,5.738749
-24.0,18.0,18.0,5.7300997
-24.0,20.0,18.0,5.5569286
-24.0,22.0,18.0,5.5944376
-24.0,24.0,18.0,5.473864
-24.0,26.0,18.0,5.242361
-24.0,28.0,18.0,5.2682676
-24.0,30.0,18.0,5.356474
-24.0,32.0,18.0,5.5101676
-24.0,34.0,18.0,5.401779
-24.0,36.0,18.0,5.210057
-24.0,38.0,18.0,5.178989
-24.0,40.0,18.0,5.194878
-24.0,42.0,18.0,5.2776504
-24.0,44.0,18.0,5.268758
-24.0,46.0,18.0,5.118751
-24.0,48.0,18.0,5.048748
-24.0,50.0,18.0,5.00721
-24.0,52.0,18.0,5.1483502
-24.0,54.0,18.0,5.262913
-24.0,56.0,18.0,5.093883
-24.0,58.0,18.0,4.867401
-24.0,60.0,18.0,4.9922843
-24.0,62.0,18.0,5.100183
-24.0,64.0,18.0,5.0060434
-24.0,66.0,18.0,4.9403033
-24.0,68.0,18.0,4.953136
-24.0,70.0,18.0,4.9827394
-24.0,72.0,18.0,4.83387
-24.0,74.0,18.0,4.8360653
-24.0,76.0,18.0,5.1064515
-24.0,78.0,18.0,5.209185
-24.0,80.0,18.0,5.079177
-24.0,82.0,18.0,5.193257
-24.0,84.0,18.0,5.4571924
-24.0,86.0,18.0,5.4235444
-24.0,88.0,18.0,5.080504
-24.0,90.0,18.0,5.17728
-24.0,92.0,18.0,5.2274666
-24.0,94.0,18.0,5.229383
-24.0,96.0,18.0,5.1843724
-24.0,98.0,18.0,5.2230463
-24.0,100.0,18.0,5.1944156
-24.0,102.0,18.0,5.03452
-24.0,104.0,18.0,5.197386
-24.0,106.0,18.0,5.3687515
-24.0,108.0,18.0,5.2228107
-24.0,110.0,18.0,5.068901
-24.0,112.0,18.0,5.2060246
-24.0,114.0,18.0,5.3531947
-24.0,116.0,18.0,5.1699123
-24.0,118.0,18.0,4.9649005
-24.0,120.0,18.0,5.0478177
-24.0,122.0,18.0,5.160819
-24.0,124.0,18.0,4.9543743
-24.0,126.0,18.0,4.7644277
-24.0,128.0,18.0,4.8062987
-24.0,130.0,18.0,5.0147257
-24.0,132.0,18.0,4.814613
-24.0,134.0,18.0,4.49191
-24.0,136.0,18.0,4.35153
-24.0,138.0,18.0,4.575233
-24.0,140.0,18.0,4.9907727
-24.0,142.0,18.0,5.0553083
-24.0,144.0,18.0,4.8760896
-24.0,146.0,18.0,4.7383375
-24.0,148.0,18.0,4.7452126
-24.0,150.0,18.0,4.7721524
-24.0,152.0,18.0,4.517927
-24.0,154.0,18.0,4.4982176
-24.0,156.0,18.0,4.7232804
-24.0,158.0,18.0,4.7252307
-24.0,160.0,18.0,4.460655
-24.0,162.0,18.0,4.2195354
-24.0,164.0,18.0,4.2120314
-24.0,166.0,18.0,4.113676
-24.0,168.0,18.0,3.9353225
-24.0,170.0,18.0,4.0362015
-24.0,172.0,18.0,4.3408
-24.0,174.0,18.0,4.1534758
-24.0,176.0,18.0,4.0476117
-24.0,178.0,18.0,4.1440315
-24.0,180.0,18.0,3.9965901
-22.0,-180.0,18.0,3.9289804
-22.0,-178.0,18.0,3.6597724
-22.0,-176.0,18.0,3.8033016
-22.0,-174.0,18.0,3.9686046
-22.0,-172.0,18.0,3.8990667
-22.0,-170.0,18.0,3.7141688
-22.0,-168.0,18.0,3.684511
-22.0,-166.0,18.0,3.665907
-22.0,-164.0,18.0,3.4089024
-22.0,-162.0,18.0,3.4082105
-22.0,-160.0,18.0,3.5784574
-22.0,-158.0,18.0,3.7717185
-22.0,-156.0,18.0,3.751047
-22.0,-154.0,18.0,3.673896
-22.0,-152.0,18.0,3.6765258
-22.0,-150.0,18.0,3.5067358
-22.0,-148.0,18.0,3.0680623
-22.0,-146.0,18.0,2.9599319
-22.0,-144.0,18.0,3.2421675
-22.0,-142.0,18.0,3.4285018
-22.0,-140.0,18.0,3.4308982
-22.0,-138.0,18.0,3.344045
-22.0,-136.0,18.0,3.3199482
-22.0,-134.0,18.0,3.2782347
-22.0,-132.0,18.0,3.3135014
-22.0,-130.0,18.0,3.5222588
-22.0,-128.0,18.0,3.3651154
-22.0,-126.0,18.0,3.1291769
-22.0,-124.0,18.0,3.2003696
-22.0,-122.0,18.0,3.3916235
-22.0,-120.0,18.0,3.6231558
-22.0,-118.0,18.0,3.4671445
-22.0,-116.0,18.0,3.5171196
-22.0,-114.0,18.0,3.638542
-22.0,-112.0,18.0,3.6852403
-22.0,-110.0,18.0,3.574633
-22.0,-108.0,18.0,3.6803079
-22.0,-106.0,18.0,3.8366811
-22.0,-104.0,18.0,3.544404
-22.0,-102.0,18.0,3.506371
-22.0,-100.0,18.0,3.597267
-22.0,-98.0,18.0,4.013516
-22.0,-96.0,18.0,3.937083
-22.0,-94.0,18.0,3.4475574
-22.0,-92.0,18.0,3.587268
-22.0,-90.0,18.0,3.7508457
-22.0,-88.0,18.0,3.7327847
-22.0,-86.0,18.0,3.882836
-22.0,-84.0,18.0,4.1533875
-22.0,-82.0,18.0,4.10649
-22.0,-80.0,18.0,3.742167
-22.0,-78.0,18.0,4.0279317
-22.0,-76.0,18.0,3.9102929
-22.0,-74.0,18.0,3.7316484
-22.0,-72.0,18.0,3.789936
-22.0,-70.0,18.0,3.8525052
-22.0,-68.0,18.0,3.983649
-22.0,-66.0,18.0,3.8383288
-22.0,-64.0,18.0,3.8369381
-22.0,-62.0,18.0,3.9577527
-22.0,-60.0,18.0,4.030136
-22.0,-58.0,18.0,3.7543466
-22.0,-56.0,18.0,3.5878892
-22.0,-54.0,18.0,3.764755
-22.0,-52.0,18.0,4.128846
-22.0,-50.0,18.0,4.229357
-22.0,-48.0,18.0,4.0681376
-22.0,-46.0,18.0,4.477145
-22.0,-44.0,18.0,4.742502
-22.0,-42.0,18.0,4.561632
-22.0,-40.0,18.0,4.4554396
-22.0,-38.0,18.0,4.3822904
-22.0,-36.0,18.0,4.52783
-22.0,-34.0,18.0,4.533364
-22.0,-32.0,18.0,4.6939516
-22.0,-30.0,18.0,5.085613
-22.0,-28.0,18.0,5.1896553
-22.0,-26.0,18.0,5.085292
-22.0,-24.0,18.0,5.09636
-22.0,-22.0,18.0,5.2339177
-22.0,-20.0,18.0,5.4118056
-22.0,-18.0,18.0,5.2234535
-22.0,-16.0,18.0,5.156323
-22.0,-14.0,18.0,5.363678
-22.0,-12.0,18.0,5.604327
-22.0,-10.0,18.0,5.6245384
-22.0,-8.0,18.0,5.70623
-22.0,-6.0,18.0,5.7308865
-22.0,-4.0,18.0,5.48342
-22.0,-2.0,18.0,5.4445863
-22.0,0.0,18.0,5.8359613
-22.0,2.0,18.0,5.8662934
-22.0,4.0,18.0,5.765905
-22.0,6.0,18.0,5.6653595
-22.0,8.0,18.0,5.9630632
-22.0,10.0,18.0,5.680633
-22.0,12.0,18.0,5.4752216
-22.0,14.0,18.0,5.4926205
-22.0,16.0,18.0,5.772927
-22.0,18.0,18.0,5.7619057
-22.0,20.0,18.0,5.543979
-22.0,22.0,18.0,5.4970107
-22.0,24.0,18.0,5.368688
-22.0,26.0,18.0,5.1358433
-22.0,28.0,18.0,5.1085143
-22.0,30.0,18.0,5.3365245
-22.0,32.0,18.0,5.4594264
-22.0,34.0,18.0,5.419706
-22.0,36.0,18.0,5.172356
-22.0,38.0,18.0,5.097597
-22.0,40.0,18.0,5.060905
-22.0,42.0,18.0,5.0901375
-22.0,44.0,18.0,5.0956583
-22.0,46.0,18.0,4.9622025
-22.0,48.0,18.0,4.8453503
-22.0,50.0,18.0,4.8441086
-22.0,52.0,18.0,4.9949737
-22.0,54.0,18.0,5.052629
-22.0,56.0,18.0,4.7837076
-22.0,58.0,18.0,4.6211243
-22.0,60.0,18.0,4.7481236
-22.0,62.0,18.0,4.8951597
-22.0,64.0,18.0,4.7697845
-22.0,66.0,18.0,4.686739
-22.0,68.0,18.0,4.64628
-22.0,70.0,18.0,4.637579
-22.0,72.0,18.0,4.443808
-22.0,74.0,18.0,4.420927
-22.0,76.0,18.0,4.739569
-22.0,78.0,18.0,4.7796865
-22.0,80.0,18.0,4.6711774
-22.0,82.0,18.0,4.764633
-22.0,84.0,18.0,5.025947
-22.0,86.0,18.0,5.0202346
-22.0,88.0,18.0,4.687989
-22.0,90.0,18.0,4.709099
-22.0,92.0,18.0,4.821833
-22.0,94.0,18.0,4.7353516
-22.0,96.0,18.0,4.7411423
-22.0,98.0,18.0,4.7615523
-22.0,100.0,18.0,4.67946
-22.0,102.0,18.0,4.5091906
-22.0,104.0,18.0,4.6968975
-22.0,106.0,18.0,4.853469
-22.0,108.0,18.0,4.686572
-22.0,110.0,18.0,4.4998536
-22.0,112.0,18.0,4.6336017
-22.0,114.0,18.0,4.840036
-22.0,116.0,18.0,4.72133
-22.0,118.0,18.0,4.517163
-22.0,120.0,18.0,4.583014
-22.0,122.0,18.0,4.662408
-22.0,124.0,18.0,4.4569182
-22.0,126.0,18.0,4.3183837
-22.0,128.0,18.0,4.346029
-22.0,130.0,18.0,4.447501
-22.0,132.0,18.0,4.3459487
-22.0,134.0,18.0,4.0841193
-22.0,136.0,18.0,4.068954
-22.0,138.0,18.0,4.36285
-22.0,140.0,18.0,4.6762853
-22.0,142.0,18.0,4.7687936
-22.0,144.0,18.0,4.6872554
-22.0,146.0,18.0,4.5616846
-22.0,148.0,18.0,4.471582
-22.0,150.0,18.0,4.5598416
-22.0,152.0,18.0,4.375846
-22.0,154.0,18.0,4.2652307
-22.0,156.0,18.0,4.500077
-22.0,158.0,18.0,4.537436
-22.0,160.0,18.0,4.2889614
-22.0,162.0,18.0,4.101159
-22.0,164.0,18.0,4.1410694
-22.0,166.0,18.0,4.0038695
-22.0,168.0,18.0,3.833161
-22.0,170.0,18.0,3.917041
-22.0,172.0,18.0,4.338671
-22.0,174.0,18.0,4.178766
-22.0,176.0,18.0,4.0001397
-22.0,178.0,18.0,4.083765
-22.0,180.0,18.0,3.9289804
-20.0,-180.0,18.0,3.3246658
-20.0,-178.0,18.0,3.130653
-20.0,-176.0,18.0,3.3175404
-20.0,-174.0,18.0,3.4378803
-20.0,-172.0,18.0,3.4267333
-20.0,-170.0,18.0,3.274878
-20.0,-168.0,18.0,3.2519906
-20.0,-166.0,18.0,3.254428
-20.0,-164.0,18.0,2.9408467
-20.0,-162.0,18.0,2.9158766
-20.0,-160.0,18.0,3.2342541
-20.0,-158.0,18.0,3.4172628
-20.0,-156.0,18.0,3.3184984
-20.0,-154.0,18.0,3.1925178
-20.0,-152.0,18.0,3.2398946
-20.0,-150.0,18.0,3.2043092
-20.0,-148.0,18.0,2.8280745
-20.0,-146.0,18.0,2.7121418
-20.0,-144.0,18.0,2.9503834
-20.0,-142.0,18.0,3.075671
-20.0,-140.0,18.0,3.1906416
-20.0,-138.0,18.0,3.198718
-20.0,-136.0,18.0,3.140493
-20.0,-134.0,18.0,3.0011847
-20.0,-132.0,18.0,3.0664742
-20.0,-130.0,18.0,3.167888
-20.0,-128.0,18.0,3.094549
-20.0,-126.0,18.0,2.9817226
-20.0,-124.0,18.0,2.9666193
-20.0,-122.0,18.0,3.0462914
-20.0,-120.0,18.0,3.204914
-20.0,-118.0,18.0,3.211027
-20.0,-116.0,18.0,3.2354963
-20.0,-114.0,18.0,3.2791634
-20.0,-112.0,18.0,3.4239962
-20.0,-110.0,18.0,3.2388544
-20.0,-108.0,18.0,3.1197853
-20.0,-106.0,18.0,3.2226777
-20.0,-104.0,18.0,3.320522
-20.0,-102.0,18.0,3.2042363
-20.0,-100.0,18.0,3.281021
-20.0,-98.0,18.0,3.7431748
-20.0,-96.0,18.0,3.7407393
-20.0,-94.0,18.0,3.3383532
-20.0,-92.0,18.0,3.2338192
-20.0,-90.0,18.0,3.346115
-20.0,-88.0,18.0,3.425861
-20.0,-86.0,18.0,3.4731655
-20.0,-84.0,18.0,3.6577747
-20.0,-82.0,18.0,3.759328
-20.0,-80.0,18.0,3.4285495
-20.0,-78.0,18.0,3.3669238
-20.0,-76.0,18.0,3.5672107
-20.0,-74.0,18.0,3.528181
-20.0,-72.0,18.0,3.4169068
-20.0,-70.0,18.0,3.5097492
-20.0,-68.0,18.0,3.7464864
-20.0,-66.0,18.0,3.7520897
-20.0,-64.0,18.0,3.5018005
-20.0,-62.0,18.0,3.4462698
-20.0,-60.0,18.0,3.6094422
-20.0,-58.0,18.0,3.4682982
-20.0,-56.0,18.0,3.2390056
-20.0,-54.0,18.0,3.2680984
-20.0,-52.0,18.0,3.5795734
-20.0,-50.0,18.0,3.733608
-20.0,-48.0,18.0,3.5694652
-20.0,-46.0,18.0,3.8620994
-20.0,-44.0,18.0,4.0434675
-20.0,-42.0,18.0,4.018123
-20.0,-40.0,18.0,3.9385262
-20.0,-38.0,18.0,3.9157627
-20.0,-36.0,18.0,3.9432673
-20.0,-34.0,18.0,3.9323292
-20.0,-32.0,18.0,3.8522046
-20.0,-30.0,18.0,4.298556
-20.0,-28.0,18.0,4.4350233
-20.0,-26.0,18.0,4.428038
-20.0,-24.0,18.0,4.4296713
-20.0,-22.0,18.0,4.570704
-20.0,-20.0,18.0,4.620922
-20.0,-18.0,18.0,4.3802857
-20.0,-16.0,18.0,4.3092556
-20.0,-14.0,18.0,4.47631
-20.0,-12.0,18.0,4.841514
-20.0,-10.0,18.0,4.856023
-20.0,-8.0,18.0,4.915218
-20.0,-6.0,18.0,4.959456
-20.0,-4.0,18.0,4.7829814
-20.0,-2.0,18.0,4.573738
-20.0,0.0,18.0,4.890581
-20.0,2.0,18.0,5.0803246
-20.0,4.0,18.0,4.894485
-20.0,6.0,18.0,4.902512
-20.0,8.0,18.0,5.0373473
-20.0,10.0,18.0,4.803518
-20.0,12.0,18.0,4.5792384
-20.0,14.0,18.0,4.612554
-20.0,16.0,18.0,4.8143454
-20.0,18.0,18.0,4.729662
-20.0,20.0,18.0,4.6213646
-20.0,22.0,18.0,4.6476445
-20.0,24.0,18.0,4.603064
-20.0,26.0,18.0,4.3217764
-20.0,28.0,18.0,4.2540374
-20.0,30.0,18.0,4.40553
-20.0,32.0,18.0,4.5654044
-20.0,34.0,18.0,4.4712367
-20.0,36.0,18.0,4.3185954
-20.0,38.0,18.0,4.248176
-20.0,40.0,18.0,4.1831536
-20.0,42.0,18.0,4.242569
-20.0,44.0,18.0,4.1783085
-20.0,46.0,18.0,4.014462
-20.0,48.0,18.0,3.936242
-20.0,50.0,18.0,4.0049195
-20.0,52.0,18.0,4.0916963
-20.0,54.0,18.0,4.11722
-20.0,56.0,18.0,3.9698954
-20.0,58.0,18.0,3.867028
-20.0,60.0,18.0,3.9121273
-20.0,62.0,18.0,3.9531367
-20.0,64.0,18.0,4.0015335
-20.0,66.0,18.0,4.019061
-20.0,68.0,18.0,3.9487226
-20.0,70.0,18.0,3.8398228
-20.0,72.0,18.0,3.711376
-20.0,74.0,18.0,3.7413154
-20.0,76.0,18.0,3.8857365
-20.0,78.0,18.0,3.865777
-20.0,80.0,18.0,3.794558
-20.0,82.0,18.0,3.872052
-20.0,84.0,18.0,4.002412
-20.0,86.0,18.0,3.992916
-20.0,88.0,18.0,3.7936716
-20.0,90.0,18.0,3.7617412
-20.0,92.0,18.0,3.901944
-20.0,94.0,18.0,3.9536338
-20.0,96.0,18.0,3.9426317
-20.0,98.0,18.0,3.8890388
-20.0,100.0,18.0,3.7426612
-20.0,102.0,18.0,3.7008982
-20.0,104.0,18.0,3.917778
-20.0,106.0,18.0,3.8796566
-20.0,108.0,18.0,3.7302678
-20.0,110.0,18.0,3.719248
-20.0,112.0,18.0,3.7884333
-20.0,114.0,18.0,3.943935
-20.0,116.0,18.0,3.8466244
-20.0,118.0,18.0,3.7499545
-20.0,120.0,18.0,3.7857382
-20.0,122.0,18.0,3.7932842
-20.0,124.0,18.0,3.717251
-20.0,126.0,18.0,3.7031016
-20.0,128.0,18.0,3.782562
-20.0,130.0,18.0,3.808884
-20.0,132.0,18.0,3.639421
-20.0,134.0,18.0,3.4816108
-20.0,136.0,18.0,3.5064495
-20.0,138.0,18.0,3.731745
-20.0,140.0,18.0,3.877184
-20.0,142.0,18.0,3.9381056
-20.0,144.0,18.0,3.8488753
-20.0,146.0,18.0,3.7861664
-20.0,148.0,18.0,3.7814908
-20.0,150.0,18.0,3.7972202
-20.0,152.0,18.0,3.692659
-20.0,154.0,18.0,3.6008916
-20.0,156.0,18.0,3.735403
-20.0,158.0,18.0,3.779834
-20.0,160.0,18.0,3.605477
-20.0,162.0,18.0,3.5311606
-20.0,164.0,18.0,3.5157456
-20.0,166.0,18.0,3.4098494
-20.0,168.0,18.0,3.2800548
-20.0,170.0,18.0,3.4284344
-20.0,172.0,18.0,3.8017197
-20.0,174.0,18.0,3.6028504
-20.0,176.0,18.0,3.4669197
-20.0,178.0,18.0,3.4887385
-20.0,180.0,18.0,3.3246658
-18.0,-180.0,18.0,2.9822884
-18.0,-178.0,18.0,2.8498516
-18.0,-176.0,18.0,3.028764
-18.0,-174.0,18.0,3.2262425
-18.0,-172.0,18.0,3.1827595
-18.0,-170.0,18.0,2.9880323
-18.0,-168.0,18.0,2.9887908
-18.0,-166.0,18.0,2.9113145
-18.0,-164.0,18.0,2.6945114
-18.0,-162.0,18.0,2.689996
-18.0,-160.0,18.0,3.0031059
-18.0,-158.0,18.0,3.1789925
-18.0,-156.0,18.0,3.1050107
-18.0,-154.0,18.0,3.0853872
-18.0,-152.0,18.0,3.107254
-18.0,-150.0,18.0,2.997344
-18.0,-148.0,18.0,2.667614
-18.0,-146.0,18.0,2.5468228
-18.0,-144.0,18.0,2.7431073
-18.0,-142.0,18.0,2.9298177
-18.0,-140.0,18.0,3.0289493
-18.0,-138.0,18.0,3.015659
-18.0,-136.0,18.0,2.9522898
-18.0,-134.0,18.0,2.9081874
-18.0,-132.0,18.0,3.000702
-18.0,-130.0,18.0,3.1122904
-18.0,-128.0,18.0,3.0725894
-18.0,-126.0,18.0,2.8694403
-18.0,-124.0,18.0,2.7502253
-18.0,-122.0,18.0,2.8464255
-18.0,-120.0,18.0,3.0294642
-18.0,-118.0,18.0,3.1211343
-18.0,-116.0,18.0,3.1609914
-18.0,-114.0,18.0,3.124877
-18.0,-112.0,18.0,3.27699
-18.0,-110.0,18.0,3.1077895
-18.0,-108.0,18.0,2.853298
-18.0,-106.0,18.0,2.993946
-18.0,-104.0,18.0,3.1501658
-18.0,-102.0,18.0,3.0969298
-18.0,-100.0,18.0,3.1739802
-18.0,-98.0,18.0,3.6013007
-18.0,-96.0,18.0,3.6383004
-18.0,-94.0,18.0,3.240011
-18.0,-92.0,18.0,3.0815864
-18.0,-90.0,18.0,3.1950002
-18.0,-88.0,18.0,3.188969
-18.0,-86.0,18.0,3.297375
-18.0,-84.0,18.0,3.5525815
-18.0,-82.0,18.0,3.5790763
-18.0,-80.0,18.0,3.2832072
-18.0,-78.0,18.0,3.2121649
-18.0,-76.0,18.0,3.3977025
-18.0,-74.0,18.0,3.3947814
-18.0,-72.0,18.0,3.2834408
-18.0,-70.0,18.0,3.4168804
-18.0,-68.0,18.0,3.7032688
-18.0,-66.0,18.0,3.718412
-18.0,-64.0,18.0,3.4909704
-18.0,-62.0,18.0,3.371422
-18.0,-60.0,18.0,3.4852717
-18.0,-58.0,18.0,3.45501
-18.0,-56.0,18.0,3.2860084
-18.0,-54.0,18.0,3.2582865
-18.0,-52.0,18.0,3.4399045
-18.0,-50.0,18.0,3.545991
-18.0,-48.0,18.0,3.5136447
-18.0,-46.0,18.0,3.5181067
-18.0,-44.0,18.0,3.620081
-18.0,-42.0,18.0,3.7109292
-18.0,-40.0,18.0,3.7262447
-18.0,-38.0,18.0,3.7273257
-18.0,-36.0,18.0,3.6923313
-18.0,-34.0,18.0,3.6162937
-18.0,-32.0,18.0,3.6176453
-18.0,-30.0,18.0,3.8447266
-18.0,-28.0,18.0,4.0550904
-18.0,-26.0,18.0,4.082979
-18.0,-24.0,18.0,4.0360217
-18.0,-22.0,18.0,4.1375756
-18.0,-20.0,18.0,4.0905447
-18.0,-18.0,18.0,3.8964999
-18.0,-16.0,18.0,3.7661774
-18.0,-14.0,18.0,3.9431615
-18.0,-12.0,18.0,4.249379
-18.0,-10.0,18.0,4.2760677
-18.0,-8.0,18.0,4.3399277
-18.0,-6.0,18.0,4.461285
-18.0,-4.0,18.0,4.2501054
-18.0,-2.0,18.0,4.031641
-18.0,0.0,18.0,4.162888
-18.0,2.0,18.0,4.4189253
-18.0,4.0,18.0,4.327442
-18.0,6.0,18.0,4.309824
-18.0,8.0,18.0,4.369312
-18.0,10.0,18.0,4.090111
-18.0,12.0,18.0,3.9471996
-18.0,14.0,18.0,3.9580138
-18.0,16.0,18.0,4.058962
-18.0,18.0,18.0,4.238716
-18.0,20.0,18.0,4.064633
-18.0,22.0,18.0,4.0932484
-18.0,24.0,18.0,4.0658965
-18.0,26.0,18.0,3.8791525
-18.0,28.0,18.0,3.8741255
-18.0,30.0,18.0,3.8709478
-18.0,32.0,18.0,3.8690236
-18.0,34.0,18.0,3.958292
-18.0,36.0,18.0,3.8357775
-18.0,38.0,18.0,3.7218773
-18.0,40.0,18.0,3.6512244
-18.0,42.0,18.0,3.679963
-18.0,44.0,18.0,3.6084828
-18.0,46.0,18.0,3.463416
-18.0,48.0,18.0,3.5095642
-18.0,50.0,18.0,3.5680447
-18.0,52.0,18.0,3.585373
-18.0,54.0,18.0,3.656686
-18.0,56.0,18.0,3.593161
-18.0,58.0,18.0,3.4779222
-18.0,60.0,18.0,3.5369458
-18.0,62.0,18.0,3.5663865
-18.0,64.0,18.0,3.6759517
-18.0,66.0,18.0,3.651667
-18.0,68.0,18.0,3.586307
-18.0,70.0,18.0,3.416068
-18.0,72.0,18.0,3.3883812
-18.0,74.0,18.0,3.3738508
-18.0,76.0,18.0,3.4320745
-18.0,78.0,18.0,3.3997595
-18.0,80.0,18.0,3.4023547
-18.0,82.0,18.0,3.542146
-18.0,84.0,18.0,3.5697775
-18.0,86.0,18.0,3.4672172
-18.0,88.0,18.0,3.3897214
-18.0,90.0,18.0,3.3055177
-18.0,92.0,18.0,3.4172823
-18.0,94.0,18.0,3.4892542
-18.0,96.0,18.0,3.5999408
-18.0,98.0,18.0,3.4789004
-18.0,100.0,18.0,3.2944813
-18.0,102.0,18.0,3.311045
-18.0,104.0,18.0,3.3936431
-18.0,106.0,18.0,3.3387997
-18.0,108.0,18.0,3.332159
-18.0,110.0,18.0,3.3858902
-18.0,112.0,18.0,3.404559
-18.0,114.0,18.0,3.4544601
-18.0,116.0,18.0,3.4955192
-18.0,118.0,18.0,3.375633
-18.0,120.0,18.0,3.3521018
-18.0,122.0,18.0,3.3662844
-18.0,124.0,18.0,3.3653407
-18.0,126.0,18.0,3.3672261
-18.0,128.0,18.0,3.3214104
-18.0,130.0,18.0,3.3453135
-18.0,132.0,18.0,3.1916912
-18.0,134.0,18.0,3.0892844
-18.0,136.0,18.0,3.1599493
-18.0,138.0,18.0,3.2908223
-18.0,140.0,18.0,3.340698
-18.0,142.0,18.0,3.3585613
-18.0,144.0,18.0,3.378216
-18.0,146.0,18.0,3.3180718
-18.0,148.0,18.0,3.273711
-18.0,150.0,18.0,3.270708
-18.0,152.0,18.0,3.1499844
-18.0,154.0,18.0,3.1805217
-18.0,156.0,18.0,3.3352003
-18.0,158.0,18.0,3.3948226
-18.0,160.0,18.0,3.2391076
-18.0,162.0,18.0,3.1917129
-18.0,164.0,18.0,3.1689444
-18.0,166.0,18.0,3.0350332
-18.0,168.0,18.0,2.9274824
-18.0,170.0,18.0,3.0919654
-18.0,172.0,18.0,3.4162786
-18.0,174.0,18.0,3.3370461
-18.0,176.0,18.0,3.1819606
-18.0,178.0,18.0,3.1947742
-18.0,180.0,18.0,2.9822884
-16.0,-180.0,18.0,3.029622
-16.0,-178.0,18.0,2.8886888
-16.0,-176.0,18.0,3.1154916
-16.0,-174.0,18.0,3.2757208
-16.0,-172.0,18.0,3.196511
-16.0,-170.0,18.0,2.995292
-16.0,-168.0,18.0,2.9953487
-16.0,-166.0,18.0,2.9291046
-16.0,-164.0,18.0,2.6939735
-16.0,-162.0,18.0,2.6431017
-16.0,-160.0,18.0,3.0189729
-16.0,-158.0,18.0,3.1714597
-16.0,-156.0,18.0,3.1208525
-16.0,-154.0,18.0,3.1142426
-16.0,-152.0,18.0,3.144025
-16.0,-150.0,18.0,3.0311506
-16.0,-148.0,18.0,2.7859707
-16.0,-146.0,18.0,2.6637049
-16.0,-144.0,18.0,2.7741196
-16.0,-142.0,18.0,2.9445922
-16.0,-140.0,18.0,3.0548227
-16.0,-138.0,18.0,3.0394275
-16.0,-136.0,18.0,3.0040512
-16.0,-134.0,18.0,2.9506357
-16.0,-132.0,18.0,3.0678954
-16.0,-130.0,18.0,3.1196787
-16.0,-128.0,18.0,3.0758984
-16.0,-126.0,18.0,2.8613877
-16.0,-124.0,18.0,2.7813
-16.0,-122.0,18.0,2.8765948
-16.0,-120.0,18.0,3.0727942
-16.0,-118.0,18.0,3.2261488
-16.0,-116.0,18.0,3.2532709
-16.0,-114.0,18.0,3.1984344
-16.0,-112.0,18.0,3.2971077
-16.0,-110.0,18.0,3.1353009
-16.0,-108.0,18.0,2.884206
-16.0,-106.0,18.0,3.0537393
-16.0,-104.0,18.0,3.1817558
-16.0,-102.0,18.0,3.1400855
-16.0,-100.0,18.0,3.198116
-16.0,-98.0,18.0,3.5428448
-16.0,-96.0,18.0,3.5332963
-16.0,-94.0,18.0,3.2041607
-16.0,-92.0,18.0,3.1125576
-16.0,-90.0,18.0,3.2556133
-16.0,-88.0,18.0,3.283988
-16.0,-86.0,18.0,3.438819
-16.0,-84.0,18.0,3.680367
-16.0,-82.0,18.0,3.6718802
-16.0,-80.0,18.0,3.3352664
-16.0,-78.0,18.0,3.2477887
-16.0,-76.0,18.0,3.4585462
-16.0,-74.0,18.0,3.415002
-16.0,-72.0,18.0,3.2957377
-16.0,-70.0,18.0,3.3904343
-16.0,-68.0,18.0,3.6226566
-16.0,-66.0,18.0,3.6089172
-16.0,-64.0,18.0,3.3819785
-16.0,-62.0,18.0,3.290153
-16.0,-60.0,18.0,3.436224
-16.0,-58.0,18.0,3.3544765
-16.0,-56.0,18.0,3.199459
-16.0,-54.0,18.0,3.2077718
-16.0,-52.0,18.0,3.4619777
-16.0,-50.0,18.0,3.5365474
-16.0,-48.0,18.0,3.4332957
-16.0,-46.0,18.0,3.4201872
-16.0,-44.0,18.0,3.5204754
-16.0,-42.0,18.0,3.5973468
-16.0,-40.0,18.0,3.7052815
-16.0,-38.0,18.0,3.7320008
-16.0,-36.0,18.0,3.679691
-16.0,-34.0,18.0,3.5653353
-16.0,-32.0,18.0,3.5691175
-16.0,-30.0,18.0,3.8142254
-16.0,-28.0,18.0,3.927001
-16.0,-26.0,18.0,3.9884055
-16.0,-24.0,18.0,3.9688118
-16.0,-22.0,18.0,3.9652874
-16.0,-20.0,18.0,4.010035
-16.0,-18.0,18.0,3.7264557
-16.0,-16.0,18.0,3.6213357
-16.0,-14.0,18.0,3.8741503
-16.0,-12.0,18.0,4.122431
-16.0,-10.0,18.0,4.157646
-16.0,-8.0,18.0,4.2189145
-16.0,-6.0,18.0,4.306748
-16.0,-4.0,18.0,4.1047254
-16.0,-2.0,18.0,3.9293842
-16.0,0.0,18.0,4.100152
-16.0,2.0,18.0,4.280427
-16.0,4.0,18.0,4.1976786
-16.0,6.0,18.0,4.232999
-16.0,8.0,18.0,4.3064322
-16.0,10.0,18.0,4.009034
-16.0,12.0,18.0,3.8108168
-16.0,14.0,18.0,3.840688
-16.0,16.0,18.0,4.023549
-16.0,18.0,18.0,4.036625
-16.0,20.0,18.0,3.9418836
-16.0,22.0,18.0,3.954509
-16.0,24.0,18.0,3.9048471
-16.0,26.0,18.0,3.704668
-16.0,28.0,18.0,3.695516
-16.0,30.0,18.0,3.8107228
-16.0,32.0,18.0,3.7479439
-16.0,34.0,18.0,3.7152963
-16.0,36.0,18.0,3.6798863
-16.0,38.0,18.0,3.6597645
-16.0,40.0,18.0,3.6145895
-16.0,42.0,18.0,3.5497339
-16.0,44.0,18.0,3.4467454
-16.0,46.0,18.0,3.36807
-16.0,48.0,18.0,3.390189
-16.0,50.0,18.0,3.5097344
-16.0,52.0,18.0,3.5565088
-16.0,54.0,18.0,3.4982836
-16.0,56.0,18.0,3.3864195
-16.0,58.0,18.0,3.3464835
-16.0,60.0,18.0,3.4161978
-16.0,62.0,18.0,3.370152
-16.0,64.0,18.0,3.3691368
-16.0,66.0,18.0,3.5176413
-16.0,68.0,18.0,3.5114918
-16.0,70.0,18.0,3.2817316
-16.0,72.0,18.0,3.1897614
-16.0,74.0,18.0,3.256977
-16.0,76.0,18.0,3.3020737
-16.0,78.0,18.0,3.2577064
-16.0,80.0,18.0,3.283474
-16.0,82.0,18.0,3.5371435
-16.0,84.0,18.0,3.5505724
-16.0,86.0,18.0,3.3545632
-16.0,88.0,18.0,3.2347975
-16.0,90.0,18.0,3.2171996
-16.0,92.0,18.0,3.2720926
-16.0,94.0,18.0,3.3096023
-16.0,96.0,18.0,3.503224
-16.0,98.0,18.0,3.475895
-16.0,100.0,18.0,3.1931636
-16.0,102.0,18.0,3.129837
-16.0,104.0,18.0,3.2696443
-16.0,106.0,18.0,3.2249532
-16.0,108.0,18.0,3.1511254
-16.0,110.0,18.0,3.2002068
-16.0,112.0,18.0,3.3139946
-16.0,114.0,18.0,3.3676848
-16.0,116.0,18.0,3.335483
-16.0,118.0,18.0,3.2777784
-16.0,120.0,18.0,3.21482
-16.0,122.0,18.0,3.1709702
-16.0,124.0,18.0,3.1207442
-16.0,126.0,18.0,3.1537771
-16.0,128.0,18.0,3.2321804
-16.0,130.0,18.0,3.2473063
-16.0,132.0,18.0,3.0053532
-16.0,134.0,18.0,2.9207666
-16.0,136.0,18.0,3.0005636
-16.0,138.0,18.0,3.0970554
-16.0,140.0,18.0,3.205945
-16.0,142.0,18.0,3.1979227
-16.0,144.0,18.0,3.160783
-16.0,146.0,18.0,3.1268497
-16.0,148.0,18.0,3.1943655
-16.0,150.0,18.0,3.1903257
-16.0,152.0,18.0,3.062926
-16.0,154.0,18.0,3.0621774
-16.0,156.0,18.0,3.2680886
-16.0,158.0,18.0,3.359141
-16.0,160.0,18.0,3.1753483
-16.0,162.0,18.0,3.1021428
-16.0,164.0,18.0,3.150333
-16.0,166.0,18.0,3.0324523
-16.0,168.0,18.0,2.929877
-16.0,170.0,18.0,3.106715
-16.0,172.0,18.0,3.4370663
-16.0,174.0,18.0,3.234013
-16.0,176.0,18.0,3.1260564
-16.0,178.0,18.0,3.1680942
-16.0,180.0,18.0,3.029622
-14.0,-180.0,18.0,3.0485044
-14.0,-178.0,18.0,3.0056243
-14.0,-176.0,18.0,3.082016
-14.0,-174.0,18.0,3.1786723
-14.0,-172.0,18.0,3.2043142
-14.0,-170.0,18.0,3.098713
-14.0,-168.0,18.0,3.0486588
-14.0,-166.0,18.0,2.9769516
-14.0,-164.0,18.0,2.7777839
-14.0,-162.0,18.0,2.8012774
-14.0,-160.0,18.0,3.0626621
-14.0,-158.0,18.0,3.2234428
-14.0,-156.0,18.0,3.1959085
-14.0,-154.0,18.0,3.1273499
-14.0,-152.0,18.0,3.1384375
-14.0,-150.0,18.0,3.06525
-14.0,-148.0,18.0,2.8575678
-14.0,-146.0,18.0,2.8109403
-14.0,-144.0,18.0,2.8484228
-14.0,-142.0,18.0,2.9530475
-14.0,-140.0,18.0,3.1083164
-14.0,-138.0,18.0,3.1335027
-14.0,-136.0,18.0,3.0493734
-14.0,-134.0,18.0,2.917007
-14.0,-132.0,18.0,2.9096413
-14.0,-130.0,18.0,3.015868
-14.0,-128.0,18.0,3.1089656
-14.0,-126.0,18.0,2.9101646
-14.0,-124.0,18.0,2.7736294
-14.0,-122.0,18.0,2.9200969
-14.0,-120.0,18.0,3.186132
-14.0,-118.0,18.0,3.2956662
-14.0,-116.0,18.0,3.1816123
-14.0,-114.0,18.0,3.2608905
-14.0,-112.0,18.0,3.370664
-14.0,-110.0,18.0,3.2515688
-14.0,-108.0,18.0,3.010774
-14.0,-106.0,18.0,3.1621928
-14.0,-104.0,18.0,3.3356361
-14.0,-102.0,18.0,3.2344685
-14.0,-100.0,18.0,3.1749425
-14.0,-98.0,18.0,3.4254203
-14.0,-96.0,18.0,3.5098047
-14.0,-94.0,18.0,3.280339
-14.0,-92.0,18.0,3.2035477
-14.0,-90.0,18.0,3.317947
-14.0,-88.0,18.0,3.4242399
-14.0,-86.0,18.0,3.5369349
-14.0,-84.0,18.0,3.5065331
-14.0,-82.0,18.0,3.5782535
-14.0,-80.0,18.0,3.390838
-14.0,-78.0,18.0,3.3725653
-14.0,-76.0,18.0,3.5270252
-14.0,-74.0,18.0,3.6086128
-14.0,-72.0,18.0,3.431151
-14.0,-70.0,18.0,3.3901348
-14.0,-68.0,18.0,3.67661
-14.0,-66.0,18.0,3.7117715
-14.0,-64.0,18.0,3.4576771
-14.0,-62.0,18.0,3.4394264
-14.0,-60.0,18.0,3.5458198
-14.0,-58.0,18.0,3.4620173
-14.0,-56.0,18.0,3.258429
-14.0,-54.0,18.0,3.2734635
-14.0,-52.0,18.0,3.420719
-14.0,-50.0,18.0,3.4813435
-14.0,-48.0,18.0,3.344035
-14.0,-46.0,18.0,3.4260652
-14.0,-44.0,18.0,3.5238416
-14.0,-42.0,18.0,3.5815701
-14.0,-40.0,18.0,3.6284537
-14.0,-38.0,18.0,3.6671126
-14.0,-36.0,18.0,3.6149557
-14.0,-34.0,18.0,3.549233
-14.0,-32.0,18.0,3.4944408
-14.0,-30.0,18.0,3.6893175
-14.0,-28.0,18.0,3.8576703
-14.0,-26.0,18.0,3.9828465
-14.0,-24.0,18.0,3.9737206
-14.0,-22.0,18.0,3.9973483
-14.0,-20.0,18.0,3.913059
-14.0,-18.0,18.0,3.732759
-14.0,-16.0,18.0,3.5831506
-14.0,-14.0,18.0,3.7294612
-14.0,-12.0,18.0,3.9651353
-14.0,-10.0,18.0,4.0473876
-14.0,-8.0,18.0,4.076399
-14.0,-6.0,18.0,4.1201396
-14.0,-4.0,18.0,3.9949017
-14.0,-2.0,18.0,3.8391993
-14.0,0.0,18.0,3.9562712
-14.0,2.0,18.0,4.138753
-14.0,4.0,18.0,4.1625676
-14.0,6.0,18.0,4.147748
-14.0,8.0,18.0,4.0910964
-14.0,10.0,18.0,3.94201
-14.0,12.0,18.0,3.7114892
-14.0,14.0,18.0,3.671841
-14.0,16.0,18.0,3.704999
-14.0,18.0,18.0,3.814908
-14.0,20.0,18.0,3.732342
-14.0,22.0,18.0,3.7065685
-14.0,24.0,18.0,3.6888065
-14.0,26.0,18.0,3.5315585
-14.0,28.0,18.0,3.4501176
-14.0,30.0,18.0,3.5912554
-14.0,32.0,18.0,3.4557939
-14.0,34.0,18.0,3.38276
-14.0,36.0,18.0,3.2922356
-14.0,38.0,18.0,3.3020668
-14.0,40.0,18.0,3.3628047
-14.0,42.0,18.0,3.2700267
-14.0,44.0,18.0,3.1203678
-14.0,46.0,18.0,3.0212898
-14.0,48.0,18.0,3.0356297
-14.0,50.0,18.0,3.314751
-14.0,52.0,18.0,3.3575013
-14.0,54.0,18.0,3.2222898
-14.0,56.0,18.0,3.1647482
-14.0,58.0,18.0,3.0810695
-14.0,60.0,18.0,3.2114527
-14.0,62.0,18.0,3.2231596
-14.0,64.0,18.0,3.2568393
-14.0,66.0,18.0,3.3840184
-14.0,68.0,18.0,3.461756
-14.0,70.0,18.0,3.237875
-14.0,72.0,18.0,3.070496
-14.0,74.0,18.0,3.1442485
-14.0,76.0,18.0,3.1724863
-14.0,78.0,18.0,3.1197865
-14.0,80.0,18.0,3.1044748
-14.0,82.0,18.0,3.406915
-14.0,84.0,18.0,3.4484413
-14.0,86.0,18.0,3.1480527
-14.0,88.0,18.0,3.0407326
-14.0,90.0,18.0,3.080403
-14.0,92.0,18.0,3.135008
-14.0,94.0,18.0,3.1681945
-14.0,96.0,18.0,3.4027355
-14.0,98.0,18.0,3.4075372
-14.0,100.0,18.0,3.0536892
-14.0,102.0,18.0,3.0289278
-14.0,104.0,18.0,3.157933
-14.0,106.0,18.0,3.1478865
-14.0,108.0,18.0,3.140564
-14.0,110.0,18.0,3.0643332
-14.0,112.0,18.0,3.159999
-14.0,114.0,18.0,3.2026687
-14.0,116.0,18.0,3.1482933
-14.0,118.0,18.0,3.0498881
-14.0,120.0,18.0,3.0468483
-14.0,122.0,18.0,3.0148172
-14.0,124.0,18.0,2.9975324
-14.0,126.0,18.0,2.9355147
-14.0,128.0,18.0,3.0095816
-14.0,130.0,18.0,3.0940082
-14.0,132.0,18.0,2.9022617
-14.0,134.0,18.0,2.917171
-14.0,136.0,18.0,3.0170784
-14.0,138.0,18.0,3.0909579
-14.0,140.0,18.0,3.135176
-14.0,142.0,18.0,3.0561879
-14.0,144.0,18.0,3.0989766
-14.0,146.0,18.0,3.0856037
-14.0,148.0,18.0,3.0653358
-14.0,150.0,18.0,3.1271605
-14.0,152.0,18.0,3.0469885
-14.0,154.0,18.0,2.9731522
-14.0,156.0,18.0,3.122114
-14.0,158.0,18.0,3.1599612
-14.0,160.0,18.0,3.0685005
-14.0,162.0,18.0,3.019469
-14.0,164.0,18.0,3.048342
-14.0,166.0,18.0,2.9626048
-14.0,168.0,18.0,2.9258294
-14.0,170.0,18.0,3.098498
-14.0,172.0,18.0,3.4249246
-14.0,174.0,18.0,3.416442
-14.0,176.0,18.0,3.2730541
-14.0,178.0,18.0,3.2095895
-14.0,180.0,18.0,3.0485044
-12.0,-180.0,18.0,2.9601836
-12.0,-178.0,18.0,2.9159129
-12.0,-176.0,18.0,3.0080082
-12.0,-174.0,18.0,3.0739594
-12.0,-172.0,18.0,3.105369
-12.0,-170.0,18.0,2.9951067
-12.0,-168.0,18.0,2.9508808
-12.0,-166.0,18.0,2.8628428
-12.0,-164.0,18.0,2.7522502
-12.0,-162.0,18.0,2.7698417
-12.0,-160.0,18.0,3.0030887
-12.0,-158.0,18.0,3.2005062
-12.0,-156.0,18.0,3.1618729
-12.0,-154.0,18.0,3.0790763
-12.0,-152.0,18.0,3.0340679
-12.0,-150.0,18.0,3.0224211
-12.0,-148.0,18.0,2.7854326
-12.0,-146.0,18.0,2.748691
-12.0,-144.0,18.0,2.8011758
-12.0,-142.0,18.0,2.8829498
-12.0,-140.0,18.0,3.032729
-12.0,-138.0,18.0,3.0521405
-12.0,-136.0,18.0,2.9798539
-12.0,-134.0,18.0,2.8207483
-12.0,-132.0,18.0,2.858637
-12.0,-130.0,18.0,3.0481758
-12.0,-128.0,18.0,3.0921273
-12.0,-126.0,18.0,2.880506
-12.0,-124.0,18.0,2.7734387
-12.0,-122.0,18.0,2.880093
-12.0,-120.0,18.0,3.1500554
-12.0,-118.0,18.0,3.2356486
-12.0,-116.0,18.0,3.0503924
-12.0,-114.0,18.0,3.1293905
-12.0,-112.0,18.0,3.2264376
-12.0,-110.0,18.0,3.1658952
-12.0,-108.0,18.0,2.9755123
-12.0,-106.0,18.0,3.1049097
-12.0,-104.0,18.0,3.340324
-12.0,-102.0,18.0,3.2334101
-12.0,-100.0,18.0,3.1295054
-12.0,-98.0,18.0,3.377709
-12.0,-96.0,18.0,3.5179172
-12.0,-94.0,18.0,3.2651575
-12.0,-92.0,18.0,3.2040622
-12.0,-90.0,18.0,3.3025272
-12.0,-88.0,18.0,3.3628016
-12.0,-86.0,18.0,3.4052799
-12.0,-84.0,18.0,3.373232
-12.0,-82.0,18.0,3.4175532
-12.0,-80.0,18.0,3.2928727
-12.0,-78.0,18.0,3.2884262
-12.0,-76.0,18.0,3.4474216
-12.0,-74.0,18.0,3.5697477
-12.0,-72.0,18.0,3.3422296
-12.0,-70.0,18.0,3.311969
-12.0,-68.0,18.0,3.5602438
-12.0,-66.0,18.0,3.6653397
-12.0,-64.0,18.0,3.441538
-12.0,-62.0,18.0,3.434891
-12.0,-60.0,18.0,3.5013518
-12.0,-58.0,18.0,3.4123871
-12.0,-56.0,18.0,3.2519464
-12.0,-54.0,18.0,3.2280526
-12.0,-52.0,18.0,3.3360448
-12.0,-50.0,18.0,3.4065182
-12.0,-48.0,18.0,3.3388865
-12.0,-46.0,18.0,3.316649
-12.0,-44.0,18.0,3.3758433
-12.0,-42.0,18.0,3.4198954
-12.0,-40.0,18.0,3.5125265
-12.0,-38.0,18.0,3.5714388
-12.0,-36.0,18.0,3.4600422
-12.0,-34.0,18.0,3.389251
-12.0,-32.0,18.0,3.3726766
-12.0,-30.0,18.0,3.5384011
-12.0,-28.0,18.0,3.7456875
-12.0,-26.0,18.0,3.8974435
-12.0,-24.0,18.0,3.9408724
-12.0,-22.0,18.0,3.8459852
-12.0,-20.0,18.0,3.6809454
-12.0,-18.0,18.0,3.567652
-12.0,-16.0,18.0,3.441193
-12.0,-14.0,18.0,3.5686598
-12.0,-12.0,18.0,3.7542794
-12.0,-10.0,18.0,3.8259995
-12.0,-8.0,18.0,3.8388424
-12.0,-6.0,18.0,3.8451257
-12.0,-4.0,18.0,3.7629836
-12.0,-2.0,18.0,3.6666298
-12.0,0.0,18.0,3.7095199
-12.0,2.0,18.0,3.8248029
-12.0,4.0,18.0,3.9244127
-12.0,6.0,18.0,3.8817124
-12.0,8.0,18.0,3.8941526
-12.0,10.0,18.0,3.7229698
-12.0,12.0,18.0,3.5480776
-12.0,14.0,18.0,3.4551048
-12.0,16.0,18.0,3.4274876
-12.0,18.0,18.0,3.5248604
-12.0,20.0,18.0,3.5660806
-12.0,22.0,18.0,3.5606697
-12.0,24.0,18.0,3.5538464
-12.0,26.0,18.0,3.4401019
-12.0,28.0,18.0,3.4011078
-12.0,30.0,18.0,3.3724523
-12.0,32.0,18.0,3.2703135
-12.0,34.0,18.0,3.18383
-12.0,36.0,18.0,3.1751397
-12.0,38.0,18.0,3.1433678
-12.0,40.0,18.0,3.20124
-12.0,42.0,18.0,3.1034498
-12.0,44.0,18.0,3.027036
-12.0,46.0,18.0,2.9150586
-12.0,48.0,18.0,2.932616
-12.0,50.0,18.0,3.141214
-12.0,52.0,18.0,3.2071104
-12.0,54.0,18.0,3.1124856
-12.0,56.0,18.0,2.9842825
-12.0,58.0,18.0,3.0291848
-12.0,60.0,18.0,3.094501
-12.0,62.0,18.0,3.070556
-12.0,64.0,18.0,3.0960484
-12.0,66.0,18.0,3.2699199
-12.0,68.0,18.0,3.3589349
-12.0,70.0,18.0,3.206313
-12.0,72.0,18.0,3.0816834
-12.0,74.0,18.0,3.1238332
-12.0,76.0,18.0,3.1160889
-12.0,78.0,18.0,3.0121834
-12.0,80.0,18.0,2.9961798
-12.0,82.0,18.0,3.3228233
-12.0,84.0,18.0,3.3642356
-12.0,86.0,18.0,3.0706916
-12.0,88.0,18.0,2.9637709
-12.0,90.0,18.0,3.015512
-12.0,92.0,18.0,2.977221
-12.0,94.0,18.0,2.959182
-12.0,96.0,18.0,3.2837641
-12.0,98.0,18.0,3.281746
-12.0,100.0,18.0,2.9754162
-12.0,102.0,18.0,2.9977171
-12.0,104.0,18.0,3.1234684
-12.0,106.0,18.0,3.1470063
-12.0,108.0,18.0,3.0402222
-12.0,110.0,18.0,3.0232334
-12.0,112.0,18.0,3.1544468
-12.0,114.0,18.0,3.1431558
-12.0,116.0,18.0,2.9847636
-12.0,118.0,18.0,2.9461927
-12.0,120.0,18.0,2.9502366
-12.0,122.0,18.0,2.8867652
-12.0,124.0,18.0,2.8381755
-12.0,126.0,18.0,2.8429265
-12.0,128.0,18.0,3.0202777
-12.0,130.0,18.0,3.052497
-12.0,132.0,18.0,2.8958528
-12.0,134.0,18.0,2.9422445
-12.0,136.0,18.0,2.965389
-12.0,138.0,18.0,3.0976503
-12.0,140.0,18.0,3.0866482
-12.0,142.0,18.0,3.0167012
-12.0,144.0,18.0,3.016413
-12.0,146.0,18.0,3.047651
-12.0,148.0,18.0,3.0268955
-12.0,150.0,18.0,3.0617633
-12.0,152.0,18.0,3.0329585
-12.0,154.0,18.0,2.9278502
-12.0,156.0,18.0,2.971392
-12.0,158.0,18.0,3.021149
-12.0,160.0,18.0,2.9902003
-12.0,162.0,18.0,2.9586194
-12.0,164.0,18.0,2.9426832
-12.0,166.0,18.0,2.8611581
-12.0,168.0,18.0,2.8517559
-12.0,170.0,18.0,3.03185
-12.0,172.0,18.0,3.3023794
-12.0,174.0,18.0,3.351546
-12.0,176.0,18.0,3.2142148
-12.0,178.0,18.0,3.1425414
-12.0,180.0,18.0,2.9601836
-10.0,-180.0,18.0,2.9029815
-10.0,-178.0,18.0,2.811844
-10.0,-176.0,18.0,2.9280324
-10.0,-174.0,18.0,3.0473597
-10.0,-172.0,18.0,3.04688
-10.0,-170.0,18.0,2.900678
-10.0,-168.0,18.0,2.8313487
-10.0,-166.0,18.0,2.7777672
-10.0,-164.0,18.0,2.7078042
-10.0,-162.0,18.0,2.6689954
-10.0,-160.0,18.0,2.9221096
-10.0,-158.0,18.0,3.049032
-10.0,-156.0,18.0,3.095025
-10.0,-154.0,18.0,2.9879484
-10.0,-152.0,18.0,2.9383826
-10.0,-150.0,18.0,2.957368
-10.0,-148.0,18.0,2.7820876
-10.0,-146.0,18.0,2.6971087
-10.0,-144.0,18.0,2.7331877
-10.0,-142.0,18.0,2.848373
-10.0,-140.0,18.0,2.9809716
-10.0,-138.0,18.0,2.9886544
-10.0,-136.0,18.0,2.853773
-10.0,-134.0,18.0,2.759575
-10.0,-132.0,18.0,2.8359659
-10.0,-130.0,18.0,3.0060942
-10.0,-128.0,18.0,2.9854033
-10.0,-126.0,18.0,2.8201075
-10.0,-124.0,18.0,2.6968439
-10.0,-122.0,18.0,2.8145509
-10.0,-120.0,18.0,3.0602374
-10.0,-118.0,18.0,3.0948734
-10.0,-116.0,18.0,3.0356987
-10.0,-114.0,18.0,3.1524787
-10.0,-112.0,18.0,3.1752393
-10.0,-110.0,18.0,3.0974853
-10.0,-108.0,18.0,2.9467869
-10.0,-106.0,18.0,3.054419
-10.0,-104.0,18.0,3.2041304
-10.0,-102.0,18.0,3.1976826
-10.0,-100.0,18.0,3.1540377
-10.0,-98.0,18.0,3.4498549
-10.0,-96.0,18.0,3.471535
-10.0,-94.0,18.0,3.1882513
-10.0,-92.0,18.0,3.1180785
-10.0,-90.0,18.0,3.222916
-10.0,-88.0,18.0,3.2956839
-10.0,-86.0,18.0,3.380413
-10.0,-84.0,18.0,3.4478378
-10.0,-82.0,18.0,3.4748788
-10.0,-80.0,18.0,3.275043
-10.0,-78.0,18.0,3.2806144
-10.0,-76.0,18.0,3.4012396
-10.0,-74.0,18.0,3.359074
-10.0,-72.0,18.0,3.2686806
-10.0,-70.0,18.0,3.3220904
-10.0,-68.0,18.0,3.4883559
-10.0,-66.0,18.0,3.481331
-10.0,-64.0,18.0,3.3545942
-10.0,-62.0,18.0,3.298381
-10.0,-60.0,18.0,3.3360584
-10.0,-58.0,18.0,3.2439277
-10.0,-56.0,18.0,3.1172533
-10.0,-54.0,18.0,3.1660085
-10.0,-52.0,18.0,3.284283
-10.0,-50.0,18.0,3.369414
-10.0,-48.0,18.0,3.2843397
-10.0,-46.0,18.0,3.2671118
-10.0,-44.0,18.0,3.3312347
-10.0,-42.0,18.0,3.3331928
-10.0,-40.0,18.0,3.4377162
-10.0,-38.0,18.0,3.4577053
-10.0,-36.0,18.0,3.3880565
-10.0,-34.0,18.0,3.299688
-10.0,-32.0,18.0,3.3100283
-10.0,-30.0,18.0,3.51058
-10.0,-28.0,18.0,3.6661453
-10.0,-26.0,18.0,3.7760792
-10.0,-24.0,18.0,3.80915
-10.0,-22.0,18.0,3.7667234
-10.0,-20.0,18.0,3.592407
-10.0,-18.0,18.0,3.3264666
-10.0,-16.0,18.0,3.2515466
-10.0,-14.0,18.0,3.3806734
-10.0,-12.0,18.0,3.5511281
-10.0,-10.0,18.0,3.6179266
-10.0,-8.0,18.0,3.7218552
-10.0,-6.0,18.0,3.6730483
-10.0,-4.0,18.0,3.540386
-10.0,-2.0,18.0,3.4864967
-10.0,0.0,18.0,3.5801623
-10.0,2.0,18.0,3.6867342
-10.0,4.0,18.0,3.7724745
-10.0,6.0,18.0,3.7671132
-10.0,8.0,18.0,3.7574754
-10.0,10.0,18.0,3.5247319
-10.0,12.0,18.0,3.3249285
-10.0,14.0,18.0,3.2931478
-10.0,16.0,18.0,3.3083012
-10.0,18.0,18.0,3.3958297
-10.0,20.0,18.0,3.43817
-10.0,22.0,18.0,3.4387302
-10.0,24.0,18.0,3.3716288
-10.0,26.0,18.0,3.2491298
-10.0,28.0,18.0,3.2743962
-10.0,30.0,18.0,3.3145897
-10.0,32.0,18.0,3.2543287
-10.0,34.0,18.0,3.1423895
-10.0,36.0,18.0,3.1401498
-10.0,38.0,18.0,3.1832285
-10.0,40.0,18.0,3.2015045
-10.0,42.0,18.0,3.094158
-10.0,44.0,18.0,2.948861
-10.0,46.0,18.0,2.8382685
-10.0,48.0,18.0,2.8511117
-10.0,50.0,18.0,3.0744295
-10.0,52.0,18.0,3.1163082
-10.0,54.0,18.0,2.9677181
-10.0,56.0,18.0,2.7783453
-10.0,58.0,18.0,2.8634815
-10.0,60.0,18.0,2.9789367
-10.0,62.0,18.0,2.9175525
-10.0,64.0,18.0,2.833132
-10.0,66.0,18.0,3.0199697
-10.0,68.0,18.0,3.1548703
-10.0,70.0,18.0,2.9284723
-10.0,72.0,18.0,2.8340037
-10.0,74.0,18.0,2.8717353
-10.0,76.0,18.0,2.909225
-10.0,78.0,18.0,2.8157187
-10.0,80.0,18.0,2.8675072
-10.0,82.0,18.0,3.1549857
-10.0,84.0,18.0,3.2292004
-10.0,86.0,18.0,2.934008
-10.0,88.0,18.0,2.8033085
-10.0,90.0,18.0,2.8299503
-10.0,92.0,18.0,2.7763562
-10.0,94.0,18.0,2.79018
-10.0,96.0,18.0,3.1161492
-10.0,98.0,18.0,3.0967789
-10.0,100.0,18.0,2.8156703
-10.0,102.0,18.0,2.783755
-10.0,104.0,18.0,2.8897524
-10.0,106.0,18.0,2.864568
-10.0,108.0,18.0,2.7698567
-10.0,110.0,18.0,2.8175886
-10.0,112.0,18.0,3.0046442
-10.0,114.0,18.0,3.01405
-10.0,116.0,18.0,2.8597324
-10.0,118.0,18.0,2.8000698
-10.0,120.0,18.0,2.8308308
-10.0,122.0,18.0,2.7216656
-10.0,124.0,18.0,2.716036
-10.0,126.0,18.0,2.708678
-10.0,128.0,18.0,2.8431082
-10.0,130.0,18.0,2.8641524
-10.0,132.0,18.0,2.710159
-10.0,134.0,18.0,2.737288
-10.0,136.0,18.0,2.7747016
-10.0,138.0,18.0,2.882186
-10.0,140.0,18.0,2.8940136
-10.0,142.0,18.0,2.7918735
-10.0,144.0,18.0,2.843222
-10.0,146.0,18.0,2.9024427
-10.0,148.0,18.0,2.8859315
-10.0,150.0,18.0,2.894445
-10.0,152.0,18.0,2.8151953
-10.0,154.0,18.0,2.7504299
-10.0,156.0,18.0,2.8396144
-10.0,158.0,18.0,2.8893607
-10.0,160.0,18.0,2.9037135
-10.0,162.0,18.0,2.9021816
-10.0,164.0,18.0,2.85687
-10.0,166.0,18.0,2.7985866
-10.0,168.0,18.0,2.7714677
-10.0,170.0,18.0,2.8898802
-10.0,172.0,18.0,3.163883
-10.0,174.0,18.0,3.2416239
-10.0,176.0,18.0,3.142971
-10.0,178.0,18.0,3.088397
-10.0,180.0,18.0,2.9029815
-8.0,-180.0,18.0,3.1839643
-8.0,-178.0,18.0,3.053794
-8.0,-176.0,18.0,3.1747074
-8.0,-174.0,18.0,3.2735262
-8.0,-172.0,18.0,3.3391733
-8.0,-170.0,18.0,3.2339
-8.0,-168.0,18.0,3.1052258
-8.0,-166.0,18.0,3.0598996
-8.0,-164.0,18.0,2.9484627
-8.0,-162.0,18.0,2.9370766
-8.0,-160.0,18.0,3.2839935
-8.0,-158.0,18.0,3.4589686
-8.0,-156.0,18.0,3.4913335
-8.0,-154.0,18.0,3.3925843
-8.0,-152.0,18.0,3.326022
-8.0,-150.0,18.0,3.2967143
-8.0,-148.0,18.0,3.125853
-8.0,-146.0,18.0,3.011018
-8.0,-144.0,18.0,3.0989203
-8.0,-142.0,18.0,3.2900298
-8.0,-140.0,18.0,3.3885682
-8.0,-138.0,18.0,3.2971144
-8.0,-136.0,18.0,3.2460864
-8.0,-134.0,18.0,3.211376
-8.0,-132.0,18.0,3.238728
-8.0,-130.0,18.0,3.273721
-8.0,-128.0,18.0,3.1709785
-8.0,-126.0,18.0,3.0423093
-8.0,-124.0,18.0,2.9319997
-8.0,-122.0,18.0,3.021084
-8.0,-120.0,18.0,3.2708468
-8.0,-118.0,18.0,3.4817216
-8.0,-116.0,18.0,3.4278197
-8.0,-114.0,18.0,3.4609964
-8.0,-112.0,18.0,3.4628687
-8.0,-110.0,18.0,3.3397777
-8.0,-108.0,18.0,3.1826408
-8.0,-106.0,18.0,3.2234647
-8.0,-104.0,18.0,3.314391
-8.0,-102.0,18.0,3.341019
-8.0,-100.0,18.0,3.3985379
-8.0,-98.0,18.0,3.6509783
-8.0,-96.0,18.0,3.660459
-8.0,-94.0,18.0,3.4062526
-8.0,-92.0,18.0,3.4289134
-8.0,-90.0,18.0,3.5427084
-8.0,-88.0,18.0,3.6663308
-8.0,-86.0,18.0,3.8153105
-8.0,-84.0,18.0,3.8903491
-8.0,-82.0,18.0,3.8187342
-8.0,-80.0,18.0,3.5933814
-8.0,-78.0,18.0,3.5321145
-8.0,-76.0,18.0,3.609336
-8.0,-74.0,18.0,3.5813103
-8.0,-72.0,18.0,3.4923477
-8.0,-70.0,18.0,3.5111887
-8.0,-68.0,18.0,3.6922941
-8.0,-66.0,18.0,3.7114556
-8.0,-64.0,18.0,3.594152
-8.0,-62.0,18.0,3.5171118
-8.0,-60.0,18.0,3.5166073
-8.0,-58.0,18.0,3.5555668
-8.0,-56.0,18.0,3.4081738
-8.0,-54.0,18.0,3.3662696
-8.0,-52.0,18.0,3.446229
-8.0,-50.0,18.0,3.5092034
-8.0,-48.0,18.0,3.4163444
-8.0,-46.0,18.0,3.3717842
-8.0,-44.0,18.0,3.456354
-8.0,-42.0,18.0,3.5100403
-8.0,-40.0,18.0,3.6673274
-8.0,-38.0,18.0,3.6855118
-8.0,-36.0,18.0,3.5480523
-8.0,-34.0,18.0,3.4077864
-8.0,-32.0,18.0,3.4423678
-8.0,-30.0,18.0,3.6887643
-8.0,-28.0,18.0,3.8693562
-8.0,-26.0,18.0,3.9119482
-8.0,-24.0,18.0,3.910967
-8.0,-22.0,18.0,3.9197185
-8.0,-20.0,18.0,3.740795
-8.0,-18.0,18.0,3.5242462
-8.0,-16.0,18.0,3.4456902
-8.0,-14.0,18.0,3.6080363
-8.0,-12.0,18.0,3.8196714
-8.0,-10.0,18.0,3.9216068
-8.0,-8.0,18.0,3.9890568
-8.0,-6.0,18.0,3.913186
-8.0,-4.0,18.0,3.6998632
-8.0,-2.0,18.0,3.6538346
-8.0,0.0,18.0,3.8366163
-8.0,2.0,18.0,3.9576354
-8.0,4.0,18.0,4.0513477
-8.0,6.0,18.0,4.082555
-8.0,8.0,18.0,4.03332
-8.0,10.0,18.0,3.7208765
-8.0,12.0,18.0,3.5347145
-8.0,14.0,18.0,3.5503013
-8.0,16.0,18.0,3.5897994
-8.0,18.0,18.0,3.7203934
-8.0,20.0,18.0,3.7075806
-8.0,22.0,18.0,3.6991417
-8.0,24.0,18.0,3.6102693
-8.0,26.0,18.0,3.424587
-8.0,28.0,18.0,3.4891524
-8.0,30.0,18.0,3.6163013
-8.0,32.0,18.0,3.4638336
-8.0,34.0,18.0,3.3859375
-8.0,36.0,18.0,3.3712895
-8.0,38.0,18.0,3.445157
-8.0,40.0,18.0,3.527883
-8.0,42.0,18.0,3.3252563
-8.0,44.0,18.0,3.141162
-8.0,46.0,18.0,3.086359
-8.0,48.0,18.0,3.0925474
-8.0,50.0,18.0,3.3631768
-8.0,52.0,18.0,3.3557806
-8.0,54.0,18.0,3.1998954
-8.0,56.0,18.0,3.075974
-8.0,58.0,18.0,3.1126623
-8.0,60.0,18.0,3.2192605
-8.0,62.0,18.0,3.215507
-8.0,64.0,18.0,3.1322682
-8.0,66.0,18.0,3.2965896
-8.0,68.0,18.0,3.3967533
-8.0,70.0,18.0,3.1661818
-8.0,72.0,18.0,3.0275435
-8.0,74.0,18.0,3.075827
-8.0,76.0,18.0,3.127023
-8.0,78.0,18.0,3.0863283
-8.0,80.0,18.0,3.1284697
-8.0,82.0,18.0,3.4256163
-8.0,84.0,18.0,3.4738262
-8.0,86.0,18.0,3.14153
-8.0,88.0,18.0,2.9898353
-8.0,90.0,18.0,3.109531
-8.0,92.0,18.0,3.0901878
-8.0,94.0,18.0,3.1483083
-8.0,96.0,18.0,3.4440746
-8.0,98.0,18.0,3.437231
-8.0,100.0,18.0,3.0592043
-8.0,102.0,18.0,2.973792
-8.0,104.0,18.0,3.040388
-8.0,106.0,18.0,3.0593839
-8.0,108.0,18.0,3.0394807
-8.0,110.0,18.0,2.9814389
-8.0,112.0,18.0,3.1811948
-8.0,114.0,18.0,3.2626448
-8.0,116.0,18.0,3.1094997
-8.0,118.0,18.0,3.012317
-8.0,120.0,18.0,3.0163846
-8.0,122.0,18.0,2.9956598
-8.0,124.0,18.0,3.0333834
-8.0,126.0,18.0,2.956452
-8.0,128.0,18.0,3.006971
-8.0,130.0,18.0,3.086223
-8.0,132.0,18.0,2.9270241
-8.0,134.0,18.0,2.8748145
-8.0,136.0,18.0,2.9168768
-8.0,138.0,18.0,3.0191216
-8.0,140.0,18.0,3.0941696
-8.0,142.0,18.0,3.0321755
-8.0,144.0,18.0,3.131844
-8.0,146.0,18.0,3.1204107
-8.0,148.0,18.0,3.0872974
-8.0,150.0,18.0,3.086344
-8.0,152.0,18.0,2.9498258
-8.0,154.0,18.0,2.9292262
-8.0,156.0,18.0,3.0912416
-8.0,158.0,18.0,3.1958072
-8.0,160.0,18.0,3.2229648
-8.0,162.0,18.0,3.2107406
-8.0,164.0,18.0,3.1476245
-8.0,166.0,18.0,3.068541
-8.0,168.0,18.0,3.0529408
-8.0,170.0,18.0,3.1605356
-8.0,172.0,18.0,3.3900478
-8.0,174.0,18.0,3.4702718
-8.0,176.0,18.0,3.4284997
-8.0,178.0,18.0,3.3821843
-8.0,180.0,18.0,3.1839643
-6.0,-180.0,18.0,2.986471
-6.0,-178.0,18.0,2.9560156
-6.0,-176.0,18.0,3.024638
-6.0,-174.0,18.0,3.1305707
-6.0,-172.0,18.0,3.191778
-6.0,-170.0,18.0,3.051095
-6.0,-168.0,18.0,2.929252
-6.0,-166.0,18.0,2.8668482
-6.0,-164.0,18.0,2.8284235
-6.0,-162.0,18.0,2.832459
-6.0,-160.0,18.0,3.1567948
-6.0,-158.0,18.0,3.411373
-6.0,-156.0,18.0,3.451051
-6.0,-154.0,18.0,3.3209863
-6.0,-152.0,18.0,3.2444437
-6.0,-150.0,18.0,3.1633956
-6.0,-148.0,18.0,2.9947011
-6.0,-146.0,18.0,2.8638554
-6.0,-144.0,18.0,2.9288762
-6.0,-142.0,18.0,3.0977142
-6.0,-140.0,18.0,3.2311165
-6.0,-138.0,18.0,3.1501493
-6.0,-136.0,18.0,3.0952406
-6.0,-134.0,18.0,3.0268269
-6.0,-132.0,18.0,3.0399027
-6.0,-130.0,18.0,3.1623693
-6.0,-128.0,18.0,3.1084847
-6.0,-126.0,18.0,2.9458692
-6.0,-124.0,18.0,2.8515198
-6.0,-122.0,18.0,2.9555135
-6.0,-120.0,18.0,3.2002146
-6.0,-118.0,18.0,3.3542817
-6.0,-116.0,18.0,3.2865279
-6.0,-114.0,18.0,3.318205
-6.0,-112.0,18.0,3.3612196
-6.0,-110.0,18.0,3.2298973
-6.0,-108.0,18.0,3.0874925
-6.0,-106.0,18.0,3.1613305
-6.0,-104.0,18.0,3.2826648
-6.0,-102.0,18.0,3.2274473
-6.0,-100.0,18.0,3.268116
-6.0,-98.0,18.0,3.5700626
-6.0,-96.0,18.0,3.6306214
-6.0,-94.0,18.0,3.4910634
-6.0,-92.0,18.0,3.45431
-6.0,-90.0,18.0,3.3838787
-6.0,-88.0,18.0,3.469198
-6.0,-86.0,18.0,3.6683798
-6.0,-84.0,18.0,3.6787112
-6.0,-82.0,18.0,3.6414623
-6.0,-80.0,18.0,3.4405775
-6.0,-78.0,18.0,3.4299047
-6.0,-76.0,18.0,3.4826648
-6.0,-74.0,18.0,3.4783916
-6.0,-72.0,18.0,3.3373997
-6.0,-70.0,18.0,3.4513628
-6.0,-68.0,18.0,3.6865056
-6.0,-66.0,18.0,3.665937
-6.0,-64.0,18.0,3.5526245
-6.0,-62.0,18.0,3.4088972
-6.0,-60.0,18.0,3.4811602
-6.0,-58.0,18.0,3.428438
-6.0,-56.0,18.0,3.229635
-6.0,-54.0,18.0,3.2244415
-6.0,-52.0,18.0,3.34141
-6.0,-50.0,18.0,3.4173198
-6.0,-48.0,18.0,3.2718358
-6.0,-46.0,18.0,3.210353
-6.0,-44.0,18.0,3.3137655
-6.0,-42.0,18.0,3.3665276
-6.0,-40.0,18.0,3.5242877
-6.0,-38.0,18.0,3.5559943
-6.0,-36.0,18.0,3.3037934
-6.0,-34.0,18.0,3.174577
-6.0,-32.0,18.0,3.2349381
-6.0,-30.0,18.0,3.4803932
-6.0,-28.0,18.0,3.7096734
-6.0,-26.0,18.0,3.7834873
-6.0,-24.0,18.0,3.8248923
-6.0,-22.0,18.0,3.8310497
-6.0,-20.0,18.0,3.5415206
-6.0,-18.0,18.0,3.303734
-6.0,-16.0,18.0,3.2278666
-6.0,-14.0,18.0,3.390874
-6.0,-12.0,18.0,3.518876
-6.0,-10.0,18.0,3.6280396
-6.0,-8.0,18.0,3.7079253
-6.0,-6.0,18.0,3.629121
-6.0,-4.0,18.0,3.4793553
-6.0,-2.0,18.0,3.3992355
-6.0,0.0,18.0,3.554531
-6.0,2.0,18.0,3.689765
-6.0,4.0,18.0,3.8373873
-6.0,6.0,18.0,3.8651514
-6.0,8.0,18.0,3.7562535
-6.0,10.0,18.0,3.4473445
-6.0,12.0,18.0,3.2783794
-6.0,14.0,18.0,3.2863784
-6.0,16.0,18.0,3.2421138
-6.0,18.0,18.0,3.3808632
-6.0,20.0,18.0,3.4024327
-6.0,22.0,18.0,3.4355621
-6.0,24.0,18.0,3.348586
-6.0,26.0,18.0,3.1543174
-6.0,28.0,18.0,3.201603
-6.0,30.0,18.0,3.2953908
-6.0,32.0,18.0,3.1821725
-6.0,34.0,18.0,3.1046283
-6.0,36.0,18.0,3.0685985
-6.0,38.0,18.0,3.1403618
-6.0,40.0,18.0,3.1771748
-6.0,42.0,18.0,3.0305998
-6.0,44.0,18.0,2.9273791
-6.0,46.0,18.0,2.8840182
-6.0,48.0,18.0,2.8566773
-6.0,50.0,18.0,3.078195
-6.0,52.0,18.0,3.0856457
-6.0,54.0,18.0,2.8759003
-6.0,56.0,18.0,2.8262243
-6.0,58.0,18.0,2.8395662
-6.0,60.0,18.0,2.997349
-6.0,62.0,18.0,3.0286515
-6.0,64.0,18.0,2.9417105
-6.0,66.0,18.0,3.0902424
-6.0,68.0,18.0,3.1829808
-6.0,70.0,18.0,2.9705799
-6.0,72.0,18.0,2.851348
-6.0,74.0,18.0,2.8669832
-6.0,76.0,18.0,2.9572587
-6.0,78.0,18.0,2.8868804
-6.0,80.0,18.0,2.9217947
-6.0,82.0,18.0,3.1864612
-6.0,84.0,18.0,3.2231514
-6.0,86.0,18.0,2.8686557
-6.0,88.0,18.0,2.7667272
-6.0,90.0,18.0,2.8728805
-6.0,92.0,18.0,2.8812473
-6.0,94.0,18.0,2.9435198
-6.0,96.0,18.0,3.2434494
-6.0,98.0,18.0,3.2260098
-6.0,100.0,18.0,2.8425448
-6.0,102.0,18.0,2.7671773
-6.0,104.0,18.0,2.8410227
-6.0,106.0,18.0,2.8953679
-6.0,108.0,18.0,2.8872335
-6.0,110.0,18.0,2.8477046
-6.0,112.0,18.0,2.9772155
-6.0,114.0,18.0,3.0042958
-6.0,116.0,18.0,2.8921244
-6.0,118.0,18.0,2.8270633
-6.0,120.0,18.0,2.8372629
-6.0,122.0,18.0,2.8753228
-6.0,124.0,18.0,2.922985
-6.0,126.0,18.0,2.816903
-6.0,128.0,18.0,2.8138266
-6.0,130.0,18.0,2.871326
-6.0,132.0,18.0,2.7912588
-6.0,134.0,18.0,2.7762706
-6.0,136.0,18.0,2.7516243
-6.0,138.0,18.0,2.8316402
-6.0,140.0,18.0,2.8932757
-6.0,142.0,18.0,2.8428833
-6.0,144.0,18.0,2.949406
-6.0,146.0,18.0,2.9652748
-6.0,148.0,18.0,2.8898575
-6.0,150.0,18.0,2.893981
-6.0,152.0,18.0,2.7696118
-6.0,154.0,18.0,2.669731
-6.0,156.0,18.0,2.7883606
-6.0,158.0,18.0,2.9108846
-6.0,160.0,18.0,2.9540246
-6.0,162.0,18.0,3.0071669
-6.0,164.0,18.0,2.9892728
-6.0,166.0,18.0,2.8609886
-6.0,168.0,18.0,2.822817
-6.0,170.0,18.0,2.9694302
-6.0,172.0,18.0,3.288722
-6.0,174.0,18.0,3.392711
-6.0,176.0,18.0,3.3477132
-6.0,178.0,18.0,3.248989
-6.0,180.0,18.0,2.986471
-4.0,-180.0,18.0,2.7236226
-4.0,-178.0,18.0,2.6440477
-4.0,-176.0,18.0,2.6942217
-4.0,-174.0,18.0,2.827559
-4.0,-172.0,18.0,2.8902354
-4.0,-170.0,18.0,2.7013092
-4.0,-168.0,18.0,2.6274652
-4.0,-166.0,18.0,2.5925539
-4.0,-164.0,18.0,2.5401633
-4.0,-162.0,18.0,2.4842322
-4.0,-160.0,18.0,2.7244697
-4.0,-158.0,18.0,2.9605536
-4.0,-156.0,18.0,3.032388
-4.0,-154.0,18.0,2.9374957
-4.0,-152.0,18.0,2.8787766
-4.0,-150.0,18.0,2.785863
-4.0,-148.0,18.0,2.601637
-4.0,-146.0,18.0,2.4507332
-4.0,-144.0,18.0,2.495965
-4.0,-142.0,18.0,2.7086904
-4.0,-140.0,18.0,2.820801
-4.0,-138.0,18.0,2.7980316
-4.0,-136.0,18.0,2.7447293
-4.0,-134.0,18.0,2.709263
-4.0,-132.0,18.0,2.8178473
-4.0,-130.0,18.0,2.9140816
-4.0,-128.0,18.0,2.8397176
-4.0,-126.0,18.0,2.7006974
-4.0,-124.0,18.0,2.6249456
-4.0,-122.0,18.0,2.7072134
-4.0,-120.0,18.0,2.915297
-4.0,-118.0,18.0,3.0112274
-4.0,-116.0,18.0,2.969255
-4.0,-114.0,18.0,2.9860601
-4.0,-112.0,18.0,3.1060233
-4.0,-110.0,18.0,3.0576017
-4.0,-108.0,18.0,2.8814204
-4.0,-106.0,18.0,2.9093664
-4.0,-104.0,18.0,3.0490663
-4.0,-102.0,18.0,3.0573723
-4.0,-100.0,18.0,3.154303
-4.0,-98.0,18.0,3.443151
-4.0,-96.0,18.0,3.5324304
-4.0,-94.0,18.0,3.3080754
-4.0,-92.0,18.0,3.1309443
-4.0,-90.0,18.0,3.1625736
-4.0,-88.0,18.0,3.1894395
-4.0,-86.0,18.0,3.32793
-4.0,-84.0,18.0,3.4468133
-4.0,-82.0,18.0,3.4172997
-4.0,-80.0,18.0,3.2096255
-4.0,-78.0,18.0,3.1467748
-4.0,-76.0,18.0,3.19401
-4.0,-74.0,18.0,3.1978781
-4.0,-72.0,18.0,3.1276212
-4.0,-70.0,18.0,3.3028731
-4.0,-68.0,18.0,3.6000524
-4.0,-66.0,18.0,3.6198118
-4.0,-64.0,18.0,3.3754551
-4.0,-62.0,18.0,3.228802
-4.0,-60.0,18.0,3.229829
-4.0,-58.0,18.0,3.1551087
-4.0,-56.0,18.0,2.986159
-4.0,-54.0,18.0,3.0030673
-4.0,-52.0,18.0,3.1855896
-4.0,-50.0,18.0,3.234903
-4.0,-48.0,18.0,3.069476
-4.0,-46.0,18.0,2.9190378
-4.0,-44.0,18.0,3.0569394
-4.0,-42.0,18.0,3.0927756
-4.0,-40.0,18.0,3.1665566
-4.0,-38.0,18.0,3.210756
-4.0,-36.0,18.0,3.0113835
-4.0,-34.0,18.0,2.9044042
-4.0,-32.0,18.0,3.012383
-4.0,-30.0,18.0,3.2352285
-4.0,-28.0,18.0,3.382783
-4.0,-26.0,18.0,3.4573057
-4.0,-24.0,18.0,3.481358
-4.0,-22.0,18.0,3.3357284
-4.0,-20.0,18.0,3.1301825
-4.0,-18.0,18.0,2.919764
-4.0,-16.0,18.0,2.8651829
-4.0,-14.0,18.0,2.9900312
-4.0,-12.0,18.0,3.1411102
-4.0,-10.0,18.0,3.1861928
-4.0,-8.0,18.0,3.2351537
-4.0,-6.0,18.0,3.3088646
-4.0,-4.0,18.0,3.1955872
-4.0,-2.0,18.0,3.1049771
-4.0,0.0,18.0,3.15986
-4.0,2.0,18.0,3.317998
-4.0,4.0,18.0,3.4222052
-4.0,6.0,18.0,3.4149387
-4.0,8.0,18.0,3.3384674
-4.0,10.0,18.0,3.0717072
-4.0,12.0,18.0,2.912106
-4.0,14.0,18.0,2.8658345
-4.0,16.0,18.0,2.8968203
-4.0,18.0,18.0,2.998858
-4.0,20.0,18.0,3.0355206
-4.0,22.0,18.0,3.0948358
-4.0,24.0,18.0,3.0503876
-4.0,26.0,18.0,2.893735
-4.0,28.0,18.0,2.8603778
-4.0,30.0,18.0,2.89625
-4.0,32.0,18.0,2.8412354
-4.0,34.0,18.0,2.8156679
-4.0,36.0,18.0,2.7447839
-4.0,38.0,18.0,2.7418501
-4.0,40.0,18.0,2.796787
-4.0,42.0,18.0,2.69836
-4.0,44.0,18.0,2.680118
-4.0,46.0,18.0,2.6298804
-4.0,48.0,18.0,2.5955358
-4.0,50.0,18.0,2.7279932
-4.0,52.0,18.0,2.752673
-4.0,54.0,18.0,2.5943325
-4.0,56.0,18.0,2.517631
-4.0,58.0,18.0,2.5862153
-4.0,60.0,18.0,2.656616
-4.0,62.0,18.0,2.6065192
-4.0,64.0,18.0,2.6146648
-4.0,66.0,18.0,2.7396855
-4.0,68.0,18.0,2.769516
-4.0,70.0,18.0,2.582119
-4.0,72.0,18.0,2.5443203
-4.0,74.0,18.0,2.5605028
-4.0,76.0,18.0,2.608772
-4.0,78.0,18.0,2.558019
-4.0,80.0,18.0,2.5657897
-4.0,82.0,18.0,2.8127642
-4.0,84.0,18.0,2.8300073
-4.0,86.0,18.0,2.569589
-4.0,88.0,18.0,2.5130653
-4.0,90.0,18.0,2.5123148
-4.0,92.0,18.0,2.4615896
-4.0,94.0,18.0,2.5345972
-4.0,96.0,18.0,2.783838
-4.0,98.0,18.0,2.7397988
-4.0,100.0,18.0,2.5376081
-4.0,102.0,18.0,2.570493
-4.0,104.0,18.0,2.6073759
-4.0,106.0,18.0,2.6075876
-4.0,108.0,18.0,2.5991654
-4.0,110.0,18.0,2.5298333
-4.0,112.0,18.0,2.6919384
-4.0,114.0,18.0,2.6652172
-4.0,116.0,18.0,2.6654375
-4.0,118.0,18.0,2.6355872
-4.0,120.0,18.0,2.5634184
-4.0,122.0,18.0,2.6261384
-4.0,124.0,18.0,2.6835144
-4.0,126.0,18.0,2.61412
-4.0,128.0,18.0,2.6306174
-4.0,130.0,18.0,2.6062398
-4.0,132.0,18.0,2.5115218
-4.0,134.0,18.0,2.4883425
-4.0,136.0,18.0,2.5231316
-4.0,138.0,18.0,2.5761616
-4.0,140.0,18.0,2.6446223
-4.0,142.0,18.0,2.5788386
-4.0,144.0,18.0,2.6728134
-4.0,146.0,18.0,2.6775897
-4.0,148.0,18.0,2.6707227
-4.0,150.0,18.0,2.685508
-4.0,152.0,18.0,2.563927
-4.0,154.0,18.0,2.547053
-4.0,156.0,18.0,2.6847117
-4.0,158.0,18.0,2.7424917
-4.0,160.0,18.0,2.7142525
-4.0,162.0,18.0,2.737304
-4.0,164.0,18.0,2.7653143
-4.0,166.0,18.0,2.6516929
-4.0,168.0,18.0,2.5776956
-4.0,170.0,18.0,2.6986504
-4.0,172.0,18.0,2.9602942
-4.0,174.0,18.0,2.9780316
-4.0,176.0,18.0,2.91856
-4.0,178.0,18.0,2.8577557
-4.0,180.0,18.0,2.7236226
-2.0,-180.0,18.0,2.7763894
-2.0,-178.0,18.0,2.6721337
-2.0,-176.0,18.0,2.7206957
-2.0,-174.0,18.0,2.9124634
-2.0,-172.0,18.0,2.9352982
-2.0,-170.0,18.0,2.7505352
-2.0,-168.0,18.0,2.6879668
-2.0,-166.0,18.0,2.6722767
-2.0,-164.0,18.0,2.5500982
-2.0,-162.0,18.0,2.4858391
-2.0,-160.0,18.0,2.7709215
-2.0,-158.0,18.0,2.969033
-2.0,-156.0,18.0,2.9823432
-2.0,-154.0,18.0,2.879822
-2.0,-152.0,18.0,2.872185
-2.0,-150.0,18.0,2.802675
-2.0,-148.0,18.0,2.6069205
-2.0,-146.0,18.0,2.4789937
-2.0,-144.0,18.0,2.564258
-2.0,-142.0,18.0,2.793188
-2.0,-140.0,18.0,2.8295457
-2.0,-138.0,18.0,2.752365
-2.0,-136.0,18.0,2.7527845
-2.0,-134.0,18.0,2.7594726
-2.0,-132.0,18.0,2.8241568
-2.0,-130.0,18.0,2.8796031
-2.0,-128.0,18.0,2.8113098
-2.0,-126.0,18.0,2.6913252
-2.0,-124.0,18.0,2.641602
-2.0,-122.0,18.0,2.7112825
-2.0,-120.0,18.0,2.9286976
-2.0,-118.0,18.0,3.074619
-2.0,-116.0,18.0,3.0723326
-2.0,-114.0,18.0,3.0551162
-2.0,-112.0,18.0,3.1365037
-2.0,-110.0,18.0,3.0488427
-2.0,-108.0,18.0,2.9133375
-2.0,-106.0,18.0,2.9726095
-2.0,-104.0,18.0,3.0472126
-2.0,-102.0,18.0,3.0827775
-2.0,-100.0,18.0,3.175714
-2.0,-98.0,18.0,3.444508
-2.0,-96.0,18.0,3.5377479
-2.0,-94.0,18.0,3.3077667
-2.0,-92.0,18.0,3.1864126
-2.0,-90.0,18.0,3.2137036
-2.0,-88.0,18.0,3.2310605
-2.0,-86.0,18.0,3.3776376
-2.0,-84.0,18.0,3.5178058
-2.0,-82.0,18.0,3.44495
-2.0,-80.0,18.0,3.2751188
-2.0,-78.0,18.0,3.243942
-2.0,-76.0,18.0,3.2346647
-2.0,-74.0,18.0,3.197279
-2.0,-72.0,18.0,3.1411562
-2.0,-70.0,18.0,3.2863593
-2.0,-68.0,18.0,3.5790632
-2.0,-66.0,18.0,3.5818882
-2.0,-64.0,18.0,3.3468094
-2.0,-62.0,18.0,3.2174795
-2.0,-60.0,18.0,3.2408981
-2.0,-58.0,18.0,3.1870763
-2.0,-56.0,18.0,3.0516117
-2.0,-54.0,18.0,3.0630882
-2.0,-52.0,18.0,3.2450895
-2.0,-50.0,18.0,3.3076596
-2.0,-48.0,18.0,3.1450422
-2.0,-46.0,18.0,3.0926554
-2.0,-44.0,18.0,3.201477
-2.0,-42.0,18.0,3.2271042
-2.0,-40.0,18.0,3.2507713
-2.0,-38.0,18.0,3.2636857
-2.0,-36.0,18.0,3.1360147
-2.0,-34.0,18.0,3.0695846
-2.0,-32.0,18.0,3.0903378
-2.0,-30.0,18.0,3.2508395
-2.0,-28.0,18.0,3.3773031
-2.0,-26.0,18.0,3.4669452
-2.0,-24.0,18.0,3.4709225
-2.0,-22.0,18.0,3.369588
-2.0,-20.0,18.0,3.1453907
-2.0,-18.0,18.0,2.925268
-2.0,-16.0,18.0,2.8169823
-2.0,-14.0,18.0,2.943523
-2.0,-12.0,18.0,3.1615002
-2.0,-10.0,18.0,3.207962
-2.0,-8.0,18.0,3.2669065
-2.0,-6.0,18.0,3.2936845
-2.0,-4.0,18.0,3.169887
-2.0,-2.0,18.0,3.0419688
-2.0,0.0,18.0,3.1393077
-2.0,2.0,18.0,3.3794014
-2.0,4.0,18.0,3.4332006
-2.0,6.0,18.0,3.3878458
-2.0,8.0,18.0,3.315361
-2.0,10.0,18.0,3.0742843
-2.0,12.0,18.0,2.89034
-2.0,14.0,18.0,2.8494709
-2.0,16.0,18.0,2.9277532
-2.0,18.0,18.0,3.0406253
-2.0,20.0,18.0,3.0203629
-2.0,22.0,18.0,3.065527
-2.0,24.0,18.0,3.0088181
-2.0,26.0,18.0,2.8415558
-2.0,28.0,18.0,2.800847
-2.0,30.0,18.0,2.8428965
-2.0,32.0,18.0,2.835567
-2.0,34.0,18.0,2.8126092
-2.0,36.0,18.0,2.7477996
-2.0,38.0,18.0,2.7825663
-2.0,40.0,18.0,2.793094
-2.0,42.0,18.0,2.7186196
-2.0,44.0,18.0,2.673797
-2.0,46.0,18.0,2.6219823
-2.0,48.0,18.0,2.607804
-2.0,50.0,18.0,2.6842382
-2.0,52.0,18.0,2.700165
-2.0,54.0,18.0,2.5801342
-2.0,56.0,18.0,2.4996555
-2.0,58.0,18.0,2.608215
-2.0,60.0,18.0,2.6099315
-2.0,62.0,18.0,2.5544305
-2.0,64.0,18.0,2.5489562
-2.0,66.0,18.0,2.6579556
-2.0,68.0,18.0,2.6940773
-2.0,70.0,18.0,2.500141
-2.0,72.0,18.0,2.5269456
-2.0,74.0,18.0,2.612021
-2.0,76.0,18.0,2.6425045
-2.0,78.0,18.0,2.5592802
-2.0,80.0,18.0,2.5623367
-2.0,82.0,18.0,2.828203
-2.0,84.0,18.0,2.8405268
-2.0,86.0,18.0,2.5682318
-2.0,88.0,18.0,2.5616565
-2.0,90.0,18.0,2.5423813
-2.0,92.0,18.0,2.4620526
-2.0,94.0,18.0,2.4992964
-2.0,96.0,18.0,2.691207
-2.0,98.0,18.0,2.712335
-2.0,100.0,18.0,2.5246377
-2.0,102.0,18.0,2.588224
-2.0,104.0,18.0,2.6351643
-2.0,106.0,18.0,2.618075
-2.0,108.0,18.0,2.5704627
-2.0,110.0,18.0,2.5279324
-2.0,112.0,18.0,2.6699448
-2.0,114.0,18.0,2.701013
-2.0,116.0,18.0,2.6720576
-2.0,118.0,18.0,2.6901727
-2.0,120.0,18.0,2.5968394
-2.0,122.0,18.0,2.63562
-2.0,124.0,18.0,2.6553545
-2.0,126.0,18.0,2.5998669
-2.0,128.0,18.0,2.647078
-2.0,130.0,18.0,2.612299
-2.0,132.0,18.0,2.5532663
-2.0,134.0,18.0,2.5520117
-2.0,136.0,18.0,2.5600924
-2.0,138.0,18.0,2.6194456
-2.0,140.0,18.0,2.7166839
-2.0,142.0,18.0,2.6289062
-2.0,144.0,18.0,2.6833787
-2.0,146.0,18.0,2.6638286
-2.0,148.0,18.0,2.702159
-2.0,150.0,18.0,2.7163303
-2.0,152.0,18.0,2.584438
-2.0,154.0,18.0,2.5684428
-2.0,156.0,18.0,2.7480707
-2.0,158.0,18.0,2.8027618
-2.0,160.0,18.0,2.7741368
-2.0,162.0,18.0,2.791326
-2.0,164.0,18.0,2.8511412
-2.0,166.0,18.0,2.7012138
-2.0,168.0,18.0,2.604195
-2.0,170.0,18.0,2.7350914
-2.0,172.0,18.0,2.9943492
-2.0,174.0,18.0,2.9913113
-2.0,176.0,18.0,2.9014704
-2.0,178.0,18.0,2.8679676
-2.0,180.0,18.0,2.7763894
0.0,-180.0,18.0,2.7804077
0.0,-178.0,18.0,2.6861444
0.0,-176.0,18.0,2.7626448
0.0,-174.0,18.0,2.923685
0.0,-172.0,18.0,2.9240613
0.0,-170.0,18.0,2.8134155
0.0,-168.0,18.0,2.7462678
0.0,-166.0,18.0,2.7057838
0.0,-164.0,18.0,2.6295764
0.0,-162.0,18.0,2.5853345
0.0,-160.0,18.0,2.8519983
0.0,-158.0,18.0,3.0705273
0.0,-156.0,18.0,3.0290222
0.0,-154.0,18.0,2.961047
0.0,-152.0,18.0,2.94434
0.0,-150.0,18.0,2.8922675
0.0,-148.0,18.0,2.6992054
0.0,-146.0,18.0,2.6214743
0.0,-144.0,18.0,2.6546595
0.0,-142.0,18.0,2.846026
0.0,-140.0,18.0,2.9360476
0.0,-138.0,18.0,2.9556806
0.0,-136.0,18.0,2.955355
0.0,-134.0,18.0,2.864936
0.0,-132.0,18.0,2.8738327
0.0,-130.0,18.0,2.9841206
0.0,-128.0,18.0,2.9466062
0.0,-126.0,18.0,2.8591287
0.0,-124.0,18.0,2.7849214
0.0,-122.0,18.0,2.8188581
0.0,-120.0,18.0,3.0402675
0.0,-118.0,18.0,3.12251
0.0,-116.0,18.0,3.057845
0.0,-114.0,18.0,3.0470126
0.0,-112.0,18.0,3.1215832
0.0,-110.0,18.0,3.1250534
0.0,-108.0,18.0,3.008979
0.0,-106.0,18.0,3.0556355
0.0,-104.0,18.0,3.1682613
0.0,-102.0,18.0,3.1602185
0.0,-100.0,18.0,3.1865768
0.0,-98.0,18.0,3.391319
0.0,-96.0,18.0,3.4997272
0.0,-94.0,18.0,3.3309495
0.0,-92.0,18.0,3.2511065
0.0,-90.0,18.0,3.2638087
0.0,-88.0,18.0,3.4044409
0.0,-86.0,18.0,3.5445266
0.0,-84.0,18.0,3.4002018
0.0,-82.0,18.0,3.360345
0.0,-80.0,18.0,3.3042662
0.0,-78.0,18.0,3.277826
0.0,-76.0,18.0,3.3551383
0.0,-74.0,18.0,3.3208265
0.0,-72.0,18.0,3.2250552
0.0,-70.0,18.0,3.2932832
0.0,-68.0,18.0,3.5071979
0.0,-66.0,18.0,3.587343
0.0,-64.0,18.0,3.3602023
0.0,-62.0,18.0,3.2336655
0.0,-60.0,18.0,3.236685
0.0,-58.0,18.0,3.1725366
0.0,-56.0,18.0,2.995773
0.0,-54.0,18.0,2.9833713
0.0,-52.0,18.0,3.086657
0.0,-50.0,18.0,3.195236
0.0,-48.0,18.0,3.1009922
0.0,-46.0,18.0,3.0999289
0.0,-44.0,18.0,3.1816752
0.0,-42.0,18.0,3.1803355
0.0,-40.0,18.0,3.1673684
0.0,-38.0,18.0,3.245082
0.0,-36.0,18.0,3.1826222
0.0,-34.0,18.0,2.993073
0.0,-32.0,18.0,2.9568586
0.0,-30.0,18.0,3.1709948
0.0,-28.0,18.0,3.2670264
0.0,-26.0,18.0,3.3332663
0.0,-24.0,18.0,3.44566
0.0,-22.0,18.0,3.4094522
0.0,-20.0,18.0,3.1639984
0.0,-18.0,18.0,2.88978
0.0,-16.0,18.0,2.8614995
0.0,-14.0,18.0,2.981912
0.0,-12.0,18.0,3.1426156
0.0,-10.0,18.0,3.1292102
0.0,-8.0,18.0,3.167236
0.0,-6.0,18.0,3.184987
0.0,-4.0,18.0,3.1028218
0.0,-2.0,18.0,2.9766085
0.0,0.0,18.0,3.085132
0.0,2.0,18.0,3.2624648
0.0,4.0,18.0,3.3060832
0.0,6.0,18.0,3.2631054
0.0,8.0,18.0,3.2004993
0.0,10.0,18.0,3.0151336
0.0,12.0,18.0,2.8946838
0.0,14.0,18.0,2.8392339
0.0,16.0,18.0,2.8491292
0.0,18.0,18.0,2.9187462
0.0,20.0,18.0,2.9461696
0.0,22.0,18.0,3.0242715
0.0,24.0,18.0,3.00391
0.0,26.0,18.0,2.8372574
0.0,28.0,18.0,2.8573287
0.0,30.0,18.0,2.8872628
0.0,32.0,18.0,2.815772
0.0,34.0,18.0,2.6534147
0.0,36.0,18.0,2.6487398
0.0,38.0,18.0,2.748302
0.0,40.0,18.0,2.8003957
0.0,42.0,18.0,2.6810417
0.0,44.0,18.0,2.630735
0.0,46.0,18.0,2.5581021
0.0,48.0,18.0,2.542472
0.0,50.0,18.0,2.7207472
0.0,52.0,18.0,2.7453382
0.0,54.0,18.0,2.571297
0.0,56.0,18.0,2.4650846
0.0,58.0,18.0,2.5511506
0.0,60.0,18.0,2.6574502
0.0,62.0,18.0,2.5875487
0.0,64.0,18.0,2.5369568
0.0,66.0,18.0,2.6907935
0.0,68.0,18.0,2.7409928
0.0,70.0,18.0,2.5913267
0.0,72.0,18.0,2.5319386
0.0,74.0,18.0,2.571167
0.0,76.0,18.0,2.620758
0.0,78.0,18.0,2.5813105
0.0,80.0,18.0,2.5557458
0.0,82.0,18.0,2.7519026
0.0,84.0,18.0,2.7744267
0.0,86.0,18.0,2.53663
0.0,88.0,18.0,2.48846
0.0,90.0,18.0,2.5319695
0.0,92.0,18.0,2.5102913
0.0,94.0,18.0,2.5100064
0.0,96.0,18.0,2.7502904
0.0,98.0,18.0,2.7678192
0.0,100.0,18.0,2.5284567
0.0,102.0,18.0,2.5016065
0.0,104.0,18.0,2.638448
0.0,106.0,18.0,2.7148175
0.0,108.0,18.0,2.6411486
0.0,110.0,18.0,2.545894
0.0,112.0,18.0,2.6358
0.0,114.0,18.0,2.637268
0.0,116.0,18.0,2.6263852
0.0,118.0,18.0,2.5898564
0.0,120.0,18.0,2.5754583
0.0,122.0,18.0,2.6449609
0.0,124.0,18.0,2.7392592
0.0,126.0,18.0,2.6070786
0.0,128.0,18.0,2.6107576
0.0,130.0,18.0,2.606813
0.0,132.0,18.0,2.513392
0.0,134.0,18.0,2.4825687
0.0,136.0,18.0,2.4771802
0.0,138.0,18.0,2.604366
0.0,140.0,18.0,2.6458766
0.0,142.0,18.0,2.659152
0.0,144.0,18.0,2.6966631
0.0,146.0,18.0,2.7414186
0.0,148.0,18.0,2.717461
0.0,150.0,18.0,2.6875958
0.0,152.0,18.0,2.5717933
0.0,154.0,18.0,2.4904344
0.0,156.0,18.0,2.6478822
0.0,158.0,18.0,2.6929502
0.0,160.0,18.0,2.7209504
0.0,162.0,18.0,2.7986455
0.0,164.0,18.0,2.7526572
0.0,166.0,18.0,2.6714327
0.0,168.0,18.0,2.5610886
0.0,170.0,18.0,2.754007
0.0,172.0,18.0,3.1419742
0.0,174.0,18.0,3.1286285
0.0,176.0,18.0,2.9919057
0.0,178.0,18.0,2.955391
0.0,180.0,18.0,2.7804077
2.0,-180.0,18.0,2.7814791
2.0,-178.0,18.0,2.7115266
2.0,-176.0,18.0,2.774955
2.0,-174.0,18.0,2.925944
2.0,-172.0,18.0,2.9227962
2.0,-170.0,18.0,2.85065
2.0,-168.0,18.0,2.7954576
2.0,-166.0,18.0,2.7419593
2.0,-164.0,18.0,2.6709738
2.0,-162.0,18.0,2.6687317
2.0,-160.0,18.0,2.8595243
2.0,-158.0,18.0,3.1063907
2.0,-156.0,18.0,3.0628512
2.0,-154.0,18.0,2.9525766
2.0,-152.0,18.0,2.9597962
2.0,-150.0,18.0,2.910135
2.0,-148.0,18.0,2.7414572
2.0,-146.0,18.0,2.7241995
2.0,-144.0,18.0,2.7008932
2.0,-142.0,18.0,2.9109352
2.0,-140.0,18.0,3.0467732
2.0,-138.0,18.0,3.14086
2.0,-136.0,18.0,3.0955443
2.0,-134.0,18.0,2.9855237
2.0,-132.0,18.0,3.0304768
2.0,-130.0,18.0,3.176784
2.0,-128.0,18.0,3.158728
2.0,-126.0,18.0,3.1124382
2.0,-124.0,18.0,3.0002303
2.0,-122.0,18.0,2.981343
2.0,-120.0,18.0,3.1997733
2.0,-118.0,18.0,3.2594972
2.0,-116.0,18.0,3.1614342
2.0,-114.0,18.0,3.0713573
2.0,-112.0,18.0,3.2441752
2.0,-110.0,18.0,3.3116853
2.0,-108.0,18.0,3.192935
2.0,-106.0,18.0,3.2616756
2.0,-104.0,18.0,3.4038155
2.0,-102.0,18.0,3.4239383
2.0,-100.0,18.0,3.2913048
2.0,-98.0,18.0,3.4976325
2.0,-96.0,18.0,3.7182457
2.0,-94.0,18.0,3.5283237
2.0,-92.0,18.0,3.3243337
2.0,-90.0,18.0,3.35456
2.0,-88.0,18.0,3.4133441
2.0,-86.0,18.0,3.4763227
2.0,-84.0,18.0,3.4245894
2.0,-82.0,18.0,3.3980937
2.0,-80.0,18.0,3.3723314
2.0,-78.0,18.0,3.2473269
2.0,-76.0,18.0,3.3402448
2.0,-74.0,18.0,3.4639294
2.0,-72.0,18.0,3.384233
2.0,-70.0,18.0,3.3763177
2.0,-68.0,18.0,3.6289372
2.0,-66.0,18.0,3.774473
2.0,-64.0,18.0,3.4683821
2.0,-62.0,18.0,3.3415368
2.0,-60.0,18.0,3.3033288
2.0,-58.0,18.0,3.2447658
2.0,-56.0,18.0,3.12184
2.0,-54.0,18.0,3.0791125
2.0,-52.0,18.0,3.2120805
2.0,-50.0,18.0,3.3004365
2.0,-48.0,18.0,3.269287
2.0,-46.0,18.0,3.1592185
2.0,-44.0,18.0,3.1528587
2.0,-42.0,18.0,3.1533315
2.0,-40.0,18.0,3.267368
2.0,-38.0,18.0,3.3451095
2.0,-36.0,18.0,3.213156
2.0,-34.0,18.0,3.0544438
2.0,-32.0,18.0,3.002639
2.0,-30.0,18.0,3.2352366
2.0,-28.0,18.0,3.3272152
2.0,-26.0,18.0,3.4550455
2.0,-24.0,18.0,3.566078
2.0,-22.0,18.0,3.412481
2.0,-20.0,18.0,3.2219741
2.0,-18.0,18.0,3.0158932
2.0,-16.0,18.0,2.9337635
2.0,-14.0,18.0,3.0423925
2.0,-12.0,18.0,3.1638181
2.0,-10.0,18.0,3.196506
2.0,-8.0,18.0,3.239101
2.0,-6.0,18.0,3.2568722
2.0,-4.0,18.0,3.1710489
2.0,-2.0,18.0,3.0587482
2.0,0.0,18.0,3.1308327
2.0,2.0,18.0,3.1593068
2.0,4.0,18.0,3.1187086
2.0,6.0,18.0,3.1502154
2.0,8.0,18.0,3.1459312
2.0,10.0,18.0,3.0517483
2.0,12.0,18.0,2.8839588
2.0,14.0,18.0,2.8443148
2.0,16.0,18.0,2.8433197
2.0,18.0,18.0,2.9332879
2.0,20.0,18.0,2.9656124
2.0,22.0,18.0,3.0432384
2.0,24.0,18.0,3.1080282
2.0,26.0,18.0,2.9710214
2.0,28.0,18.0,2.9108086
2.0,30.0,18.0,2.902053
2.0,32.0,18.0,2.810361
2.0,34.0,18.0,2.653934
2.0,36.0,18.0,2.6035354
2.0,38.0,18.0,2.7586553
2.0,40.0,18.0,2.817111
2.0,42.0,18.0,2.6824534
2.0,44.0,18.0,2.5695546
2.0,46.0,18.0,2.5198362
2.0,48.0,18.0,2.535848
2.0,50.0,18.0,2.7817292
2.0,52.0,18.0,2.7568305
2.0,54.0,18.0,2.5778804
2.0,56.0,18.0,2.5703135
2.0,58.0,18.0,2.666163
2.0,60.0,18.0,2.7481287
2.0,62.0,18.0,2.6409235
2.0,64.0,18.0,2.604589
2.0,66.0,18.0,2.8288403
2.0,68.0,18.0,2.9064767
2.0,70.0,18.0,2.715051
2.0,72.0,18.0,2.6738126
2.0,74.0,18.0,2.7159717
2.0,76.0,18.0,2.7286272
2.0,78.0,18.0,2.6024363
2.0,80.0,18.0,2.6775455
2.0,82.0,18.0,2.885756
2.0,84.0,18.0,2.8396602
2.0,86.0,18.0,2.6220245
2.0,88.0,18.0,2.6035635
2.0,90.0,18.0,2.6736999
2.0,92.0,18.0,2.587357
2.0,94.0,18.0,2.5910714
2.0,96.0,18.0,2.8467202
2.0,98.0,18.0,2.8542974
2.0,100.0,18.0,2.637896
2.0,102.0,18.0,2.626789
2.0,104.0,18.0,2.7311516
2.0,106.0,18.0,2.7504234
2.0,108.0,18.0,2.6628983
2.0,110.0,18.0,2.6850452
2.0,112.0,18.0,2.75635
2.0,114.0,18.0,2.7256548
2.0,116.0,18.0,2.6714444
2.0,118.0,18.0,2.6653237
2.0,120.0,18.0,2.7502503
2.0,122.0,18.0,2.6514518
2.0,124.0,18.0,2.7262816
2.0,126.0,18.0,2.6977334
2.0,128.0,18.0,2.833417
2.0,130.0,18.0,2.812302
2.0,132.0,18.0,2.556677
2.0,134.0,18.0,2.4335806
2.0,136.0,18.0,2.4506638
2.0,138.0,18.0,2.6617537
2.0,140.0,18.0,2.7668262
2.0,142.0,18.0,2.692998
2.0,144.0,18.0,2.6706257
2.0,146.0,18.0,2.720386
2.0,148.0,18.0,2.6968613
2.0,150.0,18.0,2.772431
2.0,152.0,18.0,2.648857
2.0,154.0,18.0,2.5300288
2.0,156.0,18.0,2.6456923
2.0,158.0,18.0,2.7068098
2.0,160.0,18.0,2.7061155
2.0,162.0,18.0,2.721625
2.0,164.0,18.0,2.712446
2.0,166.0,18.0,2.6727695
2.0,168.0,18.0,2.567263
2.0,170.0,18.0,2.781834
2.0,172.0,18.0,3.1097908
2.0,174.0,18.0,3.0957532
2.0,176.0,18.0,2.9772365
2.0,178.0,18.0,2.914777
2.0,180.0,18.0,2.7814791
4.0,-180.0,18.0,2.7240658
4.0,-178.0,18.0,2.5956466
4.0,-176.0,18.0,2.6488008
4.0,-174.0,18.0,2.8388062
4.0,-172.0,18.0,2.852578
4.0,-170.0,18.0,2.7241044
4.0,-168.0,18.0,2.7373037
4.0,-166.0,18.0,2.6498916
4.0,-164.0,18.0,2.4891956
4.0,-162.0,18.0,2.4978259
4.0,-160.0,18.0,2.7704413
4.0,-158.0,18.0,2.9271586
4.0,-156.0,18.0,2.94964
4.0,-154.0,18.0,2.91963
4.0,-152.0,18.0,2.9130409
4.0,-150.0,18.0,2.8360329
4.0,-148.0,18.0,2.6204429
4.0,-146.0,18.0,2.542531
4.0,-144.0,18.0,2.6703238
4.0,-142.0,18.0,2.8046603
4.0,-140.0,18.0,2.8635461
4.0,-138.0,18.0,2.9564447
4.0,-136.0,18.0,2.9497445
4.0,-134.0,18.0,2.8046
4.0,-132.0,18.0,2.8838143
4.0,-130.0,18.0,2.9742873
4.0,-128.0,18.0,3.0048416
4.0,-126.0,18.0,2.9874368
4.0,-124.0,18.0,2.9182816
4.0,-122.0,18.0,2.894525
4.0,-120.0,18.0,3.05056
4.0,-118.0,18.0,3.0946624
4.0,-116.0,18.0,3.0570111
4.0,-114.0,18.0,3.0290883
4.0,-112.0,18.0,3.160126
4.0,-110.0,18.0,3.186716
4.0,-108.0,18.0,3.0290334
4.0,-106.0,18.0,3.0622644
4.0,-104.0,18.0,3.256756
4.0,-102.0,18.0,3.2253273
4.0,-100.0,18.0,3.2371058
4.0,-98.0,18.0,3.4953508
4.0,-96.0,18.0,3.6708465
4.0,-94.0,18.0,3.4756556
4.0,-92.0,18.0,3.270441
4.0,-90.0,18.0,3.3042905
4.0,-88.0,18.0,3.3601851
4.0,-86.0,18.0,3.4474437
4.0,-84.0,18.0,3.3802576
4.0,-82.0,18.0,3.406057
4.0,-80.0,18.0,3.3357596
4.0,-78.0,18.0,3.2493477
4.0,-76.0,18.0,3.2571573
4.0,-74.0,18.0,3.3029141
4.0,-72.0,18.0,3.2857592
4.0,-70.0,18.0,3.3537107
4.0,-68.0,18.0,3.5583994
4.0,-66.0,18.0,3.6714125
4.0,-64.0,18.0,3.4253101
4.0,-62.0,18.0,3.276716
4.0,-60.0,18.0,3.2431352
4.0,-58.0,18.0,3.2189016
4.0,-56.0,18.0,3.0709608
4.0,-54.0,18.0,3.0127249
4.0,-52.0,18.0,3.0866
4.0,-50.0,18.0,3.1589458
4.0,-48.0,18.0,3.157629
4.0,-46.0,18.0,3.0901098
4.0,-44.0,18.0,3.0712507
4.0,-42.0,18.0,3.0169244
4.0,-40.0,18.0,3.0914881
4.0,-38.0,18.0,3.165236
4.0,-36.0,18.0,3.0769253
4.0,-34.0,18.0,2.957496
4.0,-32.0,18.0,2.9179091
4.0,-30.0,18.0,3.101765
4.0,-28.0,18.0,3.253866
4.0,-26.0,18.0,3.4592144
4.0,-24.0,18.0,3.4264755
4.0,-22.0,18.0,3.2193265
4.0,-20.0,18.0,3.0589283
4.0,-18.0,18.0,2.8336797
4.0,-16.0,18.0,2.7721703
4.0,-14.0,18.0,2.8541098
4.0,-12.0,18.0,2.9814453
4.0,-10.0,18.0,3.007124
4.0,-8.0,18.0,3.0604575
4.0,-6.0,18.0,3.1097066
4.0,-4.0,18.0,3.02026
4.0,-2.0,18.0,2.8932352
4.0,0.0,18.0,2.9480126
4.0,2.0,18.0,3.0599134
4.0,4.0,18.0,2.9871767
4.0,6.0,18.0,2.941532
4.0,8.0,18.0,3.0190449
4.0,10.0,18.0,2.863248
4.0,12.0,18.0,2.6847935
4.0,14.0,18.0,2.6244938
4.0,16.0,18.0,2.688589
4.0,18.0,18.0,2.7675939
4.0,20.0,18.0,2.803267
4.0,22.0,18.0,2.8947365
4.0,24.0,18.0,2.9142883
4.0,26.0,18.0,2.791019
4.0,28.0,18.0,2.748093
4.0,30.0,18.0,2.757749
4.0,32.0,18.0,2.711475
4.0,34.0,18.0,2.6280236
4.0,36.0,18.0,2.5473228
4.0,38.0,18.0,2.6084197
4.0,40.0,18.0,2.6704266
4.0,42.0,18.0,2.5471656
4.0,44.0,18.0,2.3798556
4.0,46.0,18.0,2.3712022
4.0,48.0,18.0,2.4266458
4.0,50.0,18.0,2.6221328
4.0,52.0,18.0,2.6173558
4.0,54.0,18.0,2.441
4.0,56.0,18.0,2.327344
4.0,58.0,18.0,2.4258409
4.0,60.0,18.0,2.5530603
4.0,62.0,18.0,2.5020742
4.0,64.0,18.0,2.481045
4.0,66.0,18.0,2.6536593
4.0,68.0,18.0,2.7343762
4.0,70.0,18.0,2.571432
4.0,72.0,18.0,2.4500287
4.0,74.0,18.0,2.4790998
4.0,76.0,18.0,2.5125637
4.0,78.0,18.0,2.4113512
4.0,80.0,18.0,2.502113
4.0,82.0,18.0,2.7206213
4.0,84.0,18.0,2.690808
4.0,86.0,18.0,2.4701278
4.0,88.0,18.0,2.4435954
4.0,90.0,18.0,2.441691
4.0,92.0,18.0,2.3605647
4.0,94.0,18.0,2.4086807
4.0,96.0,18.0,2.6453934
4.0,98.0,18.0,2.6757526
4.0,100.0,18.0,2.449911
4.0,102.0,18.0,2.406252
4.0,104.0,18.0,2.4835317
4.0,106.0,18.0,2.416545
4.0,108.0,18.0,2.3369555
4.0,110.0,18.0,2.4713695
4.0,112.0,18.0,2.6317701
4.0,114.0,18.0,2.6696255
4.0,116.0,18.0,2.5398254
4.0,118.0,18.0,2.5437965
4.0,120.0,18.0,2.531245
4.0,122.0,18.0,2.4476411
4.0,124.0,18.0,2.4247034
4.0,126.0,18.0,2.513878
4.0,128.0,18.0,2.6344106
4.0,130.0,18.0,2.578795
4.0,132.0,18.0,2.360984
4.0,134.0,18.0,2.2401662
4.0,136.0,18.0,2.2436712
4.0,138.0,18.0,2.465648
4.0,140.0,18.0,2.5945714
4.0,142.0,18.0,2.4916809
4.0,144.0,18.0,2.4780676
4.0,146.0,18.0,2.5582986
4.0,148.0,18.0,2.6371188
4.0,150.0,18.0,2.6149862
4.0,152.0,18.0,2.4621317
4.0,154.0,18.0,2.4668326
4.0,156.0,18.0,2.6353436
4.0,158.0,18.0,2.6617599
4.0,160.0,18.0,2.6427317
4.0,162.0,18.0,2.6753743
4.0,164.0,18.0,2.6509287
4.0,166.0,18.0,2.5401928
4.0,168.0,18.0,2.4978106
4.0,170.0,18.0,2.6999536
4.0,172.0,18.0,2.9815433
4.0,174.0,18.0,2.9794188
4.0,176.0,18.0,2.9550102
4.0,178.0,18.0,2.8906753
4.0,180.0,18.0,2.7240658
6.0,-180.0,18.0,2.9048328
6.0,-178.0,18.0,2.8000615
6.0,-176.0,18.0,2.905885
6.0,-174.0,18.0,3.1117344
6.0,-172.0,18.0,3.0961533
6.0,-170.0,18.0,3.0124836
6.0,-168.0,18.0,2.9783297
6.0,-166.0,18.0,2.8258255
6.0,-164.0,18.0,2.6776288
6.0,-162.0,18.0,2.709835
6.0,-160.0,18.0,3.0497034
6.0,-158.0,18.0,3.2864652
6.0,-156.0,18.0,3.3354201
6.0,-154.0,18.0,3.305409
6.0,-152.0,18.0,3.2554755
6.0,-150.0,18.0,3.0960093
6.0,-148.0,18.0,2.856004
6.0,-146.0,18.0,2.7582386
6.0,-144.0,18.0,2.8907063
6.0,-142.0,18.0,3.0326393
6.0,-140.0,18.0,3.1793344
6.0,-138.0,18.0,3.2442927
6.0,-136.0,18.0,3.3011382
6.0,-134.0,18.0,3.1686425
6.0,-132.0,18.0,3.1318178
6.0,-130.0,18.0,3.1910148
6.0,-128.0,18.0,3.192459
6.0,-126.0,18.0,3.1282916
6.0,-124.0,18.0,2.9938037
6.0,-122.0,18.0,2.9866612
6.0,-120.0,18.0,3.299482
6.0,-118.0,18.0,3.4134638
6.0,-116.0,18.0,3.392751
6.0,-114.0,18.0,3.3267574
6.0,-112.0,18.0,3.4003375
6.0,-110.0,18.0,3.330238
6.0,-108.0,18.0,3.195208
6.0,-106.0,18.0,3.3031666
6.0,-104.0,18.0,3.4315665
6.0,-102.0,18.0,3.4048078
6.0,-100.0,18.0,3.4707785
6.0,-98.0,18.0,3.6965833
6.0,-96.0,18.0,3.8251271
6.0,-94.0,18.0,3.6118784
6.0,-92.0,18.0,3.5121255
6.0,-90.0,18.0,3.6335351
6.0,-88.0,18.0,3.6709359
6.0,-86.0,18.0,3.7549355
6.0,-84.0,18.0,3.7274904
6.0,-82.0,18.0,3.7079
6.0,-80.0,18.0,3.5499513
6.0,-78.0,18.0,3.5581899
6.0,-76.0,18.0,3.6397321
6.0,-74.0,18.0,3.5202405
6.0,-72.0,18.0,3.4208777
6.0,-70.0,18.0,3.461003
6.0,-68.0,18.0,3.6810503
6.0,-66.0,18.0,3.7340348
6.0,-64.0,18.0,3.5292482
6.0,-62.0,18.0,3.3548024
6.0,-60.0,18.0,3.4074545
6.0,-58.0,18.0,3.397549
6.0,-56.0,18.0,3.1870189
6.0,-54.0,18.0,3.0895226
6.0,-52.0,18.0,3.2152078
6.0,-50.0,18.0,3.2956886
6.0,-48.0,18.0,3.229809
6.0,-46.0,18.0,3.170617
6.0,-44.0,18.0,3.1856258
6.0,-42.0,18.0,3.1413686
6.0,-40.0,18.0,3.227682
6.0,-38.0,18.0,3.2278914
6.0,-36.0,18.0,3.1163404
6.0,-34.0,18.0,2.9398155
6.0,-32.0,18.0,2.928121
6.0,-30.0,18.0,3.1582494
6.0,-28.0,18.0,3.380116
6.0,-26.0,18.0,3.5028641
6.0,-24.0,18.0,3.5154874
6.0,-22.0,18.0,3.3342955
6.0,-20.0,18.0,3.142142
6.0,-18.0,18.0,2.9606235
6.0,-16.0,18.0,2.8572397
6.0,-14.0,18.0,2.947188
6.0,-12.0,18.0,3.0824034
6.0,-10.0,18.0,3.1061947
6.0,-8.0,18.0,3.1717672
6.0,-6.0,18.0,3.2231917
6.0,-4.0,18.0,3.109412
6.0,-2.0,18.0,2.94226
6.0,0.0,18.0,3.0550818
6.0,2.0,18.0,3.2270408
6.0,4.0,18.0,3.2549336
6.0,6.0,18.0,3.2003849
6.0,8.0,18.0,3.229436
6.0,10.0,18.0,2.9985778
6.0,12.0,18.0,2.8082764
6.0,14.0,18.0,2.7693372
6.0,16.0,18.0,2.8076818
6.0,18.0,18.0,2.9029462
6.0,20.0,18.0,2.957851
6.0,22.0,18.0,3.0155663
6.0,24.0,18.0,2.9961963
6.0,26.0,18.0,2.801584
6.0,28.0,18.0,2.7895265
6.0,30.0,18.0,2.878092
6.0,32.0,18.0,2.8236735
6.0,34.0,18.0,2.6910276
6.0,36.0,18.0,2.6707006
6.0,38.0,18.0,2.7709725
6.0,40.0,18.0,2.8487842
6.0,42.0,18.0,2.7415593
6.0,44.0,18.0,2.5328236
6.0,46.0,18.0,2.4341779
6.0,48.0,18.0,2.5158815
6.0,50.0,18.0,2.768199
6.0,52.0,18.0,2.8472764
6.0,54.0,18.0,2.6391613
6.0,56.0,18.0,2.498446
6.0,58.0,18.0,2.5717256
6.0,60.0,18.0,2.7224772
6.0,62.0,18.0,2.7396166
6.0,64.0,18.0,2.6769488
6.0,66.0,18.0,2.78147
6.0,68.0,18.0,2.8471246
6.0,70.0,18.0,2.6529741
6.0,72.0,18.0,2.4727745
6.0,74.0,18.0,2.5130956
6.0,76.0,18.0,2.591068
6.0,78.0,18.0,2.537077
6.0,80.0,18.0,2.602485
6.0,82.0,18.0,2.8912988
6.0,84.0,18.0,2.9433527
6.0,86.0,18.0,2.596423
6.0,88.0,18.0,2.5268655
6.0,90.0,18.0,2.5983782
6.0,92.0,18.0,2.5525737
6.0,94.0,18.0,2.598697
6.0,96.0,18.0,2.869856
6.0,98.0,18.0,2.9246287
6.0,100.0,18.0,2.5914757
6.0,102.0,18.0,2.4585285
6.0,104.0,18.0,2.552227
6.0,106.0,18.0,2.52406
6.0,108.0,18.0,2.4487064
6.0,110.0,18.0,2.6066287
6.0,112.0,18.0,2.8353145
6.0,114.0,18.0,2.870742
6.0,116.0,18.0,2.6859667
6.0,118.0,18.0,2.6721077
6.0,120.0,18.0,2.6652486
6.0,122.0,18.0,2.5980024
6.0,124.0,18.0,2.5658293
6.0,126.0,18.0,2.5959928
6.0,128.0,18.0,2.676696
6.0,130.0,18.0,2.645034
6.0,132.0,18.0,2.386665
6.0,134.0,18.0,2.281242
6.0,136.0,18.0,2.3176537
6.0,138.0,18.0,2.550997
6.0,140.0,18.0,2.7258434
6.0,142.0,18.0,2.7022982
6.0,144.0,18.0,2.7409863
6.0,146.0,18.0,2.8442385
6.0,148.0,18.0,2.8499527
6.0,150.0,18.0,2.7708116
6.0,152.0,18.0,2.5764453
6.0,154.0,18.0,2.579533
6.0,156.0,18.0,2.8169615
6.0,158.0,18.0,2.8584735
6.0,160.0,18.0,2.8897905
6.0,162.0,18.0,2.9396982
6.0,164.0,18.0,2.7928598
6.0,166.0,18.0,2.662237
6.0,168.0,18.0,2.632093
6.0,170.0,18.0,2.874776
6.0,172.0,18.0,3.1956751
6.0,174.0,18.0,3.2443502
6.0,176.0,18.0,3.2632523
6.0,178.0,18.0,3.138834
6.0,180.0,18.0,2.9048328
8.0,-180.0,18.0,3.0423076
8.0,-178.0,18.0,2.950956
8.0,-176.0,18.0,3.0739267
8.0,-174.0,18.0,3.2560627
8.0,-172.0,18.0,3.2724826
8.0,-170.0,18.0,3.1848006
8.0,-168.0,18.0,3.1003456
8.0,-166.0,18.0,2.922659
8.0,-164.0,18.0,2.7917087
8.0,-162.0,18.0,2.8509414
8.0,-160.0,18.0,3.2084103
8.0,-158.0,18.0,3.5585155
8.0,-156.0,18.0,3.5525892
8.0,-154.0,18.0,3.5581317
8.0,-152.0,18.0,3.4782588
8.0,-150.0,18.0,3.2661953
8.0,-148.0,18.0,2.9642146
8.0,-146.0,18.0,2.9154325
8.0,-144.0,18.0,3.0336618
8.0,-142.0,18.0,3.228966
8.0,-140.0,18.0,3.3970597
8.0,-138.0,18.0,3.4703434
8.0,-136.0,18.0,3.4117067
8.0,-134.0,18.0,3.3295484
8.0,-132.0,18.0,3.2702029
8.0,-130.0,18.0,3.3633287
8.0,-128.0,18.0,3.4011865
8.0,-126.0,18.0,3.3025382
8.0,-124.0,18.0,3.0768843
8.0,-122.0,18.0,3.1150353
8.0,-120.0,18.0,3.5344296
8.0,-118.0,18.0,3.650817
8.0,-116.0,18.0,3.5475879
8.0,-114.0,18.0,3.5109901
8.0,-112.0,18.0,3.5782232
8.0,-110.0,18.0,3.5088162
8.0,-108.0,18.0,3.3415813
8.0,-106.0,18.0,3.4909205
8.0,-104.0,18.0,3.7211914
8.0,-102.0,18.0,3.7018185
8.0,-100.0,18.0,3.725981
8.0,-98.0,18.0,3.9926074
8.0,-96.0,18.0,4.089801
8.0,-94.0,18.0,3.7977653
8.0,-92.0,18.0,3.790642
8.0,-90.0,18.0,3.910857
8.0,-88.0,18.0,3.9624188
8.0,-86.0,18.0,4.032689
8.0,-84.0,18.0,4.0028377
8.0,-82.0,18.0,3.9992433
8.0,-80.0,18.0,3.8526177
8.0,-78.0,18.0,3.7939992
8.0,-76.0,18.0,3.8769348
8.0,-74.0,18.0,3.8511295
8.0,-72.0,18.0,3.6451871
8.0,-70.0,18.0,3.5946615
8.0,-68.0,18.0,3.831945
8.0,-66.0,18.0,3.8860664
8.0,-64.0,18.0,3.615422
8.0,-62.0,18.0,3.4220784
8.0,-60.0,18.0,3.5061836
8.0,-58.0,18.0,3.4652271
8.0,-56.0,18.0,3.2111716
8.0,-54.0,18.0,3.124978
8.0,-52.0,18.0,3.298758
8.0,-50.0,18.0,3.3693943
8.0,-48.0,18.0,3.2356076
8.0,-46.0,18.0,3.1597896
8.0,-44.0,18.0,3.1896036
8.0,-42.0,18.0,3.1552222
8.0,-40.0,18.0,3.2575145
8.0,-38.0,18.0,3.236203
8.0,-36.0,18.0,3.1019
8.0,-34.0,18.0,2.9779813
8.0,-32.0,18.0,3.031304
8.0,-30.0,18.0,3.1994941
8.0,-28.0,18.0,3.425065
8.0,-26.0,18.0,3.5527577
8.0,-24.0,18.0,3.5812633
8.0,-22.0,18.0,3.4177072
8.0,-20.0,18.0,3.2044308
8.0,-18.0,18.0,3.022357
8.0,-16.0,18.0,2.8891366
8.0,-14.0,18.0,2.9460769
8.0,-12.0,18.0,3.1297219
8.0,-10.0,18.0,3.1902013
8.0,-8.0,18.0,3.2089913
8.0,-6.0,18.0,3.23817
8.0,-4.0,18.0,3.116176
8.0,-2.0,18.0,2.9538953
8.0,0.0,18.0,3.017061
8.0,2.0,18.0,3.22108
8.0,4.0,18.0,3.2916439
8.0,6.0,18.0,3.2799923
8.0,8.0,18.0,3.2266972
8.0,10.0,18.0,2.9987786
8.0,12.0,18.0,2.78817
8.0,14.0,18.0,2.7593462
8.0,16.0,18.0,2.7439425
8.0,18.0,18.0,2.895207
8.0,20.0,18.0,2.983139
8.0,22.0,18.0,3.051501
8.0,24.0,18.0,3.0562646
8.0,26.0,18.0,2.8760076
8.0,28.0,18.0,2.8673964
8.0,30.0,18.0,2.9370508
8.0,32.0,18.0,2.7909825
8.0,34.0,18.0,2.7218814
8.0,36.0,18.0,2.7012005
8.0,38.0,18.0,2.8905714
8.0,40.0,18.0,2.912359
8.0,42.0,18.0,2.716447
8.0,44.0,18.0,2.4545333
8.0,46.0,18.0,2.374097
8.0,48.0,18.0,2.526004
8.0,50.0,18.0,2.7669027
8.0,52.0,18.0,2.81995
8.0,54.0,18.0,2.6355386
8.0,56.0,18.0,2.5173965
8.0,58.0,18.0,2.610377
8.0,60.0,18.0,2.7473168
8.0,62.0,18.0,2.7492537
8.0,64.0,18.0,2.74937
8.0,66.0,18.0,2.8682957
8.0,68.0,18.0,2.9182281
8.0,70.0,18.0,2.7041829
8.0,72.0,18.0,2.4643466
8.0,74.0,18.0,2.5082753
8.0,76.0,18.0,2.6013305
8.0,78.0,18.0,2.5242128
8.0,80.0,18.0,2.6398392
8.0,82.0,18.0,3.0001588
8.0,84.0,18.0,2.954525
8.0,86.0,18.0,2.5644815
8.0,88.0,18.0,2.5386944
8.0,90.0,18.0,2.6291804
8.0,92.0,18.0,2.5322447
8.0,94.0,18.0,2.6132061
8.0,96.0,18.0,2.9648843
8.0,98.0,18.0,2.9628534
8.0,100.0,18.0,2.5648432
8.0,102.0,18.0,2.466442
8.0,104.0,18.0,2.5757475
8.0,106.0,18.0,2.4835365
8.0,108.0,18.0,2.416695
8.0,110.0,18.0,2.622559
8.0,112.0,18.0,2.8368871
8.0,114.0,18.0,2.8890755
8.0,116.0,18.0,2.787204
8.0,118.0,18.0,2.747364
8.0,120.0,18.0,2.7067573
8.0,122.0,18.0,2.551073
8.0,124.0,18.0,2.5451756
8.0,126.0,18.0,2.6140761
8.0,128.0,18.0,2.7188094
8.0,130.0,18.0,2.7246509
8.0,132.0,18.0,2.4210048
8.0,134.0,18.0,2.2974615
8.0,136.0,18.0,2.3333583
8.0,138.0,18.0,2.5968542
8.0,140.0,18.0,2.7939928
8.0,142.0,18.0,2.7029736
8.0,144.0,18.0,2.7221026
8.0,146.0,18.0,2.8306444
8.0,148.0,18.0,2.8497307
8.0,150.0,18.0,2.7895389
8.0,152.0,18.0,2.6265073
8.0,154.0,18.0,2.5915246
8.0,156.0,18.0,2.803217
8.0,158.0,18.0,2.9035983
8.0,160.0,18.0,2.9481442
8.0,162.0,18.0,3.0320017
8.0,164.0,18.0,2.909151
8.0,166.0,18.0,2.754284
8.0,168.0,18.0,2.7335644
8.0,170.0,18.0,3.0536149
8.0,172.0,18.0,3.3879645
8.0,174.0,18.0,3.3818307
8.0,176.0,18.0,3.427823
8.0,178.0,18.0,3.2911453
8.0,180.0,18.0,3.0423076
10.0,-180.0,18.0,2.8510246
10.0,-178.0,18.0,2.7419412
10.0,-176.0,18.0,2.8337588
10.0,-174.0,18.0,3.0315473
10.0,-172.0,18.0,3.0041714
10.0,-170.0,18.0,2.896565
10.0,-168.0,18.0,2.8741777
10.0,-166.0,18.0,2.6992693
10.0,-164.0,18.0,2.5170588
10.0,-162.0,18.0,2.574346
10.0,-160.0,18.0,2.9491086
10.0,-158.0,18.0,3.1552355
10.0,-156.0,18.0,3.2187102
10.0,-154.0,18.0,3.2871048
10.0,-152.0,18.0,3.1942778
10.0,-150.0,18.0,3.0001092
10.0,-148.0,18.0,2.7714677
10.0,-146.0,18.0,2.7173727
10.0,-144.0,18.0,2.8135219
10.0,-142.0,18.0,2.9532135
10.0,-140.0,18.0,3.0557604
10.0,-138.0,18.0,3.0905972
10.0,-136.0,18.0,3.0611498
10.0,-134.0,18.0,2.9386897
10.0,-132.0,18.0,2.9370832
10.0,-130.0,18.0,3.126245
10.0,-128.0,18.0,3.1816335
10.0,-126.0,18.0,3.1846962
10.0,-124.0,18.0,2.986349
10.0,-122.0,18.0,2.9246655
10.0,-120.0,18.0,3.2420373
10.0,-118.0,18.0,3.450207
10.0,-116.0,18.0,3.3639529
10.0,-114.0,18.0,3.3506665
10.0,-112.0,18.0,3.450735
10.0,-110.0,18.0,3.393132
10.0,-108.0,18.0,3.2053614
10.0,-106.0,18.0,3.2485135
10.0,-104.0,18.0,3.5056922
10.0,-102.0,18.0,3.5005455
10.0,-100.0,18.0,3.5586972
10.0,-98.0,18.0,3.823806
10.0,-96.0,18.0,3.912824
10.0,-94.0,18.0,3.757612
10.0,-92.0,18.0,3.5931602
10.0,-90.0,18.0,3.7010958
10.0,-88.0,18.0,3.7665236
10.0,-86.0,18.0,3.8350935
10.0,-84.0,18.0,3.8188634
10.0,-82.0,18.0,3.8233812
10.0,-80.0,18.0,3.6765802
10.0,-78.0,18.0,3.5772963
10.0,-76.0,18.0,3.5474563
10.0,-74.0,18.0,3.5898824
10.0,-72.0,18.0,3.5312068
10.0,-70.0,18.0,3.4978988
10.0,-68.0,18.0,3.7436533
10.0,-66.0,18.0,3.7616887
10.0,-64.0,18.0,3.5410938
10.0,-62.0,18.0,3.3763793
10.0,-60.0,18.0,3.3404367
10.0,-58.0,18.0,3.3052802
10.0,-56.0,18.0,3.1136527
10.0,-54.0,18.0,3.0132062
10.0,-52.0,18.0,3.1987214
10.0,-50.0,18.0,3.1987975
10.0,-48.0,18.0,3.100614
10.0,-46.0,18.0,3.0180578
10.0,-44.0,18.0,2.969918
10.0,-42.0,18.0,3.0687592
10.0,-40.0,18.0,3.11918
10.0,-38.0,18.0,3.0821195
10.0,-36.0,18.0,2.9117334
10.0,-34.0,18.0,2.806546
10.0,-32.0,18.0,2.8349528
10.0,-30.0,18.0,3.0480046
10.0,-28.0,18.0,3.1986506
10.0,-26.0,18.0,3.2479856
10.0,-24.0,18.0,3.2961783
10.0,-22.0,18.0,3.155844
10.0,-20.0,18.0,2.9877613
10.0,-18.0,18.0,2.821521
10.0,-16.0,18.0,2.776882
10.0,-14.0,18.0,2.8305254
10.0,-12.0,18.0,2.9328854
10.0,-10.0,18.0,2.9411142
10.0,-8.0,18.0,2.991033
10.0,-6.0,18.0,3.0429318
10.0,-4.0,18.0,2.9279284
10.0,-2.0,18.0,2.7946775
10.0,0.0,18.0,2.8885627
10.0,2.0,18.0,3.0585043
10.0,4.0,18.0,3.1091235
10.0,6.0,18.0,3.0326345
10.0,8.0,18.0,3.0298655
10.0,10.0,18.0,2.8352892
10.0,12.0,18.0,2.6678257
10.0,14.0,18.0,2.6263328
10.0,16.0,18.0,2.683191
10.0,18.0,18.0,2.7289202
10.0,20.0,18.0,2.782889
10.0,22.0,18.0,2.8486013
10.0,24.0,18.0,2.8449876
10.0,26.0,18.0,2.7550895
10.0,28.0,18.0,2.707212
10.0,30.0,18.0,2.7386935
10.0,32.0,18.0,2.6465034
10.0,34.0,18.0,2.5524502
10.0,36.0,18.0,2.4846566
10.0,38.0,18.0,2.6191213
10.0,40.0,18.0,2.6835928
10.0,42.0,18.0,2.5603433
10.0,44.0,18.0,2.3123558
10.0,46.0,18.0,2.250249
10.0,48.0,18.0,2.3729353
10.0,50.0,18.0,2.6266308
10.0,52.0,18.0,2.719212
10.0,54.0,18.0,2.5478077
10.0,56.0,18.0,2.3636394
10.0,58.0,18.0,2.4666755
10.0,60.0,18.0,2.5736182
10.0,62.0,18.0,2.5545433
10.0,64.0,18.0,2.5187519
10.0,66.0,18.0,2.6565938
10.0,68.0,18.0,2.6957679
10.0,70.0,18.0,2.526842
10.0,72.0,18.0,2.331249
10.0,74.0,18.0,2.4080892
10.0,76.0,18.0,2.5028844
10.0,78.0,18.0,2.4217925
10.0,80.0,18.0,2.4825902
10.0,82.0,18.0,2.789204
10.0,84.0,18.0,2.8118613
10.0,86.0,18.0,2.5242243
10.0,88.0,18.0,2.440229
10.0,90.0,18.0,2.4692745
10.0,92.0,18.0,2.34924
10.0,94.0,18.0,2.4220195
10.0,96.0,18.0,2.67309
10.0,98.0,18.0,2.7038367
10.0,100.0,18.0,2.4657903
10.0,102.0,18.0,2.393263
10.0,104.0,18.0,2.5029867
10.0,106.0,18.0,2.3706138
10.0,108.0,18.0,2.2837405
10.0,110.0,18.0,2.4834502
10.0,112.0,18.0,2.7408059
10.0,114.0,18.0,2.7845628
10.0,116.0,18.0,2.6406538
10.0,118.0,18.0,2.5692394
10.0,120.0,18.0,2.5310323
10.0,122.0,18.0,2.4091668
10.0,124.0,18.0,2.401158
10.0,126.0,18.0,2.477119
10.0,128.0,18.0,2.602411
10.0,130.0,18.0,2.5786574
10.0,132.0,18.0,2.3070605
10.0,134.0,18.0,2.1806252
10.0,136.0,18.0,2.3202128
10.0,138.0,18.0,2.5368223
10.0,140.0,18.0,2.6289163
10.0,142.0,18.0,2.5602195
10.0,144.0,18.0,2.539098
10.0,146.0,18.0,2.6361551
10.0,148.0,18.0,2.736133
10.0,150.0,18.0,2.6835473
10.0,152.0,18.0,2.58263
10.0,154.0,18.0,2.626923
10.0,156.0,18.0,2.8095644
10.0,158.0,18.0,2.795154
10.0,160.0,18.0,2.745115
10.0,162.0,18.0,2.808644
10.0,164.0,18.0,2.7281077
10.0,166.0,18.0,2.5922446
10.0,168.0,18.0,2.5674512
10.0,170.0,18.0,2.787002
10.0,172.0,18.0,3.0887232
10.0,174.0,18.0,3.1617432
10.0,176.0,18.0,3.118871
10.0,178.0,18.0,3.021705
10.0,180.0,18.0,2.8510246
12.0,-180.0,18.0,2.920271
12.0,-178.0,18.0,2.7915905
12.0,-176.0,18.0,2.8872504
12.0,-174.0,18.0,3.1278043
12.0,-172.0,18.0,3.1259234
12.0,-170.0,18.0,2.9968736
12.0,-168.0,18.0,2.9262278
12.0,-166.0,18.0,2.7947032
12.0,-164.0,18.0,2.6080732
12.0,-162.0,18.0,2.680458
12.0,-160.0,18.0,3.068334
12.0,-158.0,18.0,3.2520366
12.0,-156.0,18.0,3.3253753
12.0,-154.0,18.0,3.3762288
12.0,-152.0,18.0,3.2867706
12.0,-150.0,18.0,3.1551478
12.0,-148.0,18.0,2.910921
12.0,-146.0,18.0,2.8563333
12.0,-144.0,18.0,2.945959
12.0,-142.0,18.0,3.1036873
12.0,-140.0,18.0,3.1681724
12.0,-138.0,18.0,3.169961
12.0,-136.0,18.0,3.155876
12.0,-134.0,18.0,3.1122315
12.0,-132.0,18.0,3.173429
12.0,-130.0,18.0,3.2732913
12.0,-128.0,18.0,3.2195344
12.0,-126.0,18.0,3.1546223
12.0,-124.0,18.0,3.0818214
12.0,-122.0,18.0,3.071611
12.0,-120.0,18.0,3.312011
12.0,-118.0,18.0,3.517811
12.0,-116.0,18.0,3.4585729
12.0,-114.0,18.0,3.4544969
12.0,-112.0,18.0,3.6197405
12.0,-110.0,18.0,3.507564
12.0,-108.0,18.0,3.3648887
12.0,-106.0,18.0,3.471968
12.0,-104.0,18.0,3.577379
12.0,-102.0,18.0,3.6846778
12.0,-100.0,18.0,3.8202517
12.0,-98.0,18.0,3.9664888
12.0,-96.0,18.0,4.076254
12.0,-94.0,18.0,3.8048458
12.0,-92.0,18.0,3.742416
12.0,-90.0,18.0,3.8981988
12.0,-88.0,18.0,4.074411
12.0,-86.0,18.0,4.198279
12.0,-84.0,18.0,4.207236
12.0,-82.0,18.0,4.137211
12.0,-80.0,18.0,3.8937464
12.0,-78.0,18.0,3.7725894
12.0,-76.0,18.0,3.751238
12.0,-74.0,18.0,3.7566388
12.0,-72.0,18.0,3.7053554
12.0,-70.0,18.0,3.5845366
12.0,-68.0,18.0,3.8033698
12.0,-66.0,18.0,3.8014972
12.0,-64.0,18.0,3.525893
12.0,-62.0,18.0,3.3650093
12.0,-60.0,18.0,3.3857703
12.0,-58.0,18.0,3.381779
12.0,-56.0,18.0,3.2829316
12.0,-54.0,18.0,3.2025602
12.0,-52.0,18.0,3.3265882
12.0,-50.0,18.0,3.3566504
12.0,-48.0,18.0,3.1900146
12.0,-46.0,18.0,3.145341
12.0,-44.0,18.0,3.1309638
12.0,-42.0,18.0,3.1862357
12.0,-40.0,18.0,3.287559
12.0,-38.0,18.0,3.2923925
12.0,-36.0,18.0,3.1142333
12.0,-34.0,18.0,3.0150275
12.0,-32.0,18.0,3.0727007
12.0,-30.0,18.0,3.258413
12.0,-28.0,18.0,3.3703985
12.0,-26.0,18.0,3.3948114
12.0,-24.0,18.0,3.4292307
12.0,-22.0,18.0,3.2904499
12.0,-20.0,18.0,3.079147
12.0,-18.0,18.0,2.8770459
12.0,-16.0,18.0,2.7944517
12.0,-14.0,18.0,2.8463132
12.0,-12.0,18.0,2.9489102
12.0,-10.0,18.0,3.0154226
12.0,-8.0,18.0,3.0974271
12.0,-6.0,18.0,3.1988485
12.0,-4.0,18.0,3.0667338
12.0,-2.0,18.0,2.9521651
12.0,0.0,18.0,3.0572054
12.0,2.0,18.0,3.1644106
12.0,4.0,18.0,3.1968806
12.0,6.0,18.0,3.148677
12.0,8.0,18.0,3.0993128
12.0,10.0,18.0,2.8818204
12.0,12.0,18.0,2.663526
12.0,14.0,18.0,2.623152
12.0,16.0,18.0,2.7147014
12.0,18.0,18.0,2.754027
12.0,20.0,18.0,2.8017695
12.0,22.0,18.0,2.8956654
12.0,24.0,18.0,2.9050305
12.0,26.0,18.0,2.796525
12.0,28.0,18.0,2.715428
12.0,30.0,18.0,2.7034392
12.0,32.0,18.0,2.666863
12.0,34.0,18.0,2.5405235
12.0,36.0,18.0,2.4946074
12.0,38.0,18.0,2.582976
12.0,40.0,18.0,2.6688876
12.0,42.0,18.0,2.5605931
12.0,44.0,18.0,2.3088481
12.0,46.0,18.0,2.2624283
12.0,48.0,18.0,2.4007766
12.0,50.0,18.0,2.6610413
12.0,52.0,18.0,2.7127037
12.0,54.0,18.0,2.5827386
12.0,56.0,18.0,2.46879
12.0,58.0,18.0,2.4945974
12.0,60.0,18.0,2.5948803
12.0,62.0,18.0,2.5832467
12.0,64.0,18.0,2.5582848
12.0,66.0,18.0,2.6779315
12.0,68.0,18.0,2.7301118
12.0,70.0,18.0,2.5181088
12.0,72.0,18.0,2.333059
12.0,74.0,18.0,2.433393
12.0,76.0,18.0,2.5180075
12.0,78.0,18.0,2.4544456
12.0,80.0,18.0,2.518318
12.0,82.0,18.0,2.8008106
12.0,84.0,18.0,2.8108203
12.0,86.0,18.0,2.6044502
12.0,88.0,18.0,2.5087237
12.0,90.0,18.0,2.5010457
12.0,92.0,18.0,2.3862028
12.0,94.0,18.0,2.4232605
12.0,96.0,18.0,2.637759
12.0,98.0,18.0,2.6781557
12.0,100.0,18.0,2.4639866
12.0,102.0,18.0,2.399591
12.0,104.0,18.0,2.483153
12.0,106.0,18.0,2.3732104
12.0,108.0,18.0,2.3344197
12.0,110.0,18.0,2.520949
12.0,112.0,18.0,2.7500474
12.0,114.0,18.0,2.8039246
12.0,116.0,18.0,2.7635326
12.0,118.0,18.0,2.662662
12.0,120.0,18.0,2.5498471
12.0,122.0,18.0,2.4630089
12.0,124.0,18.0,2.4402113
12.0,126.0,18.0,2.5024312
12.0,128.0,18.0,2.6075203
12.0,130.0,18.0,2.5963092
12.0,132.0,18.0,2.3730295
12.0,134.0,18.0,2.2571347
12.0,136.0,18.0,2.386578
12.0,138.0,18.0,2.5614328
12.0,140.0,18.0,2.6424391
12.0,142.0,18.0,2.5739934
12.0,144.0,18.0,2.5307684
12.0,146.0,18.0,2.638499
12.0,148.0,18.0,2.7860816
12.0,150.0,18.0,2.7882373
12.0,152.0,18.0,2.6717806
12.0,154.0,18.0,2.7053494
12.0,156.0,18.0,2.9321437
12.0,158.0,18.0,2.9310951
12.0,160.0,18.0,2.7960122
12.0,162.0,18.0,2.8224807
12.0,164.0,18.0,2.8489246
12.0,166.0,18.0,2.7079961
12.0,168.0,18.0,2.666461
12.0,170.0,18.0,2.8025095
12.0,172.0,18.0,3.070084
12.0,174.0,18.0,3.113682
12.0,176.0,18.0,3.1077366
12.0,178.0,18.0,3.0207193
12.0,180.0,18.0,2.920271
14.0,-180.0,18.0,2.9562263
14.0,-178.0,18.0,2.8491597
14.0,-176.0,18.0,2.9474103
14.0,-174.0,18.0,3.1260154
14.0,-172.0,18.0,3.1711695
14.0,-170.0,18.0,3.0345316
14.0,-168.0,18.0,2.9407606
14.0,-166.0,18.0,2.8077896
14.0,-164.0,18.0,2.6967945
14.0,-162.0,18.0,2.7777858
14.0,-160.0,18.0,3.0682712
14.0,-158.0,18.0,3.2241502
14.0,-156.0,18.0,3.3042188
14.0,-154.0,18.0,3.3973124
14.0,-152.0,18.0,3.2928329
14.0,-150.0,18.0,3.1138551
14.0,-148.0,18.0,2.9815285
14.0,-146.0,18.0,3.0119252
14.0,-144.0,18.0,2.9798331
14.0,-142.0,18.0,2.9742217
14.0,-140.0,18.0,3.0889072
14.0,-138.0,18.0,3.133778
14.0,-136.0,18.0,3.1168373
14.0,-134.0,18.0,3.0209446
14.0,-132.0,18.0,3.024079
14.0,-130.0,18.0,3.1728592
14.0,-128.0,18.0,3.2677395
14.0,-126.0,18.0,3.289057
14.0,-124.0,18.0,3.144456
14.0,-122.0,18.0,3.0571666
14.0,-120.0,18.0,3.3302462
14.0,-118.0,18.0,3.5806224
14.0,-116.0,18.0,3.6301384
14.0,-114.0,18.0,3.6226182
14.0,-112.0,18.0,3.6227157
14.0,-110.0,18.0,3.5872455
14.0,-108.0,18.0,3.572759
14.0,-106.0,18.0,3.6852455
14.0,-104.0,18.0,3.8329713
14.0,-102.0,18.0,3.9728153
14.0,-100.0,18.0,4.0223064
14.0,-98.0,18.0,3.9965196
14.0,-96.0,18.0,4.04701
14.0,-94.0,18.0,4.144198
14.0,-92.0,18.0,4.164
14.0,-90.0,18.0,4.382034
14.0,-88.0,18.0,4.591964
14.0,-86.0,18.0,4.6366105
14.0,-84.0,18.0,4.628382
14.0,-82.0,18.0,4.405128
14.0,-80.0,18.0,4.279593
14.0,-78.0,18.0,4.157548
14.0,-76.0,18.0,4.181098
14.0,-74.0,18.0,4.180063
14.0,-72.0,18.0,4.0276904
14.0,-70.0,18.0,3.7788022
14.0,-68.0,18.0,3.760717
14.0,-66.0,18.0,3.751325
14.0,-64.0,18.0,3.5333683
14.0,-62.0,18.0,3.379866
14.0,-60.0,18.0,3.4408157
14.0,-58.0,18.0,3.4198186
14.0,-56.0,18.0,3.4662087
14.0,-54.0,18.0,3.4233637
14.0,-52.0,18.0,3.2919066
14.0,-50.0,18.0,3.2718904
14.0,-48.0,18.0,3.1291354
14.0,-46.0,18.0,3.0133183
14.0,-44.0,18.0,3.059564
14.0,-42.0,18.0,3.1307344
14.0,-40.0,18.0,3.2400467
14.0,-38.0,18.0,3.258619
14.0,-36.0,18.0,3.0896542
14.0,-34.0,18.0,2.9555578
14.0,-32.0,18.0,2.9847906
14.0,-30.0,18.0,3.18503
14.0,-28.0,18.0,3.3405507
14.0,-26.0,18.0,3.3640585
14.0,-24.0,18.0,3.3484368
14.0,-22.0,18.0,3.264599
14.0,-20.0,18.0,3.0470142
14.0,-18.0,18.0,2.8581142
14.0,-16.0,18.0,2.7426538
14.0,-14.0,18.0,2.7910998
14.0,-12.0,18.0,2.9079688
14.0,-10.0,18.0,2.9981778
14.0,-8.0,18.0,3.0672581
14.0,-6.0,18.0,3.1330895
14.0,-4.0,18.0,3.0014675
14.0,-2.0,18.0,2.8660262
14.0,0.0,18.0,2.9652085
14.0,2.0,18.0,3.1142945
14.0,4.0,18.0,3.176094
14.0,6.0,18.0,3.0874999
14.0,8.0,18.0,3.0335932
14.0,10.0,18.0,2.8246405
14.0,12.0,18.0,2.6397192
14.0,14.0,18.0,2.599786
14.0,16.0,18.0,2.6043355
14.0,18.0,18.0,2.69005
14.0,20.0,18.0,2.7814858
14.0,22.0,18.0,2.8436499
14.0,24.0,18.0,2.8987367
14.0,26.0,18.0,2.7905285
14.0,28.0,18.0,2.7252908
14.0,30.0,18.0,2.7308872
14.0,32.0,18.0,2.6228755
14.0,34.0,18.0,2.5146513
14.0,36.0,18.0,2.488687
14.0,38.0,18.0,2.6105113
14.0,40.0,18.0,2.6582947
14.0,42.0,18.0,2.5088506
14.0,44.0,18.0,2.265834
14.0,46.0,18.0,2.1886835
14.0,48.0,18.0,2.3743224
14.0,50.0,18.0,2.6535084
14.0,52.0,18.0,2.7186162
14.0,54.0,18.0,2.5647495
14.0,56.0,18.0,2.43885
14.0,58.0,18.0,2.4910195
14.0,60.0,18.0,2.6035798
14.0,62.0,18.0,2.6023965
14.0,64.0,18.0,2.5862236
14.0,66.0,18.0,2.7519
14.0,68.0,18.0,2.8315363
14.0,70.0,18.0,2.5686002
14.0,72.0,18.0,2.383975
14.0,74.0,18.0,2.5015278
14.0,76.0,18.0,2.5213032
14.0,78.0,18.0,2.430221
14.0,80.0,18.0,2.5244427
14.0,82.0,18.0,2.8635573
14.0,84.0,18.0,2.8535993
14.0,86.0,18.0,2.5723975
14.0,88.0,18.0,2.5299659
14.0,90.0,18.0,2.51355
14.0,92.0,18.0,2.3922603
14.0,94.0,18.0,2.4491196
14.0,96.0,18.0,2.74707
14.0,98.0,18.0,2.7632065
14.0,100.0,18.0,2.4791584
14.0,102.0,18.0,2.4435291
14.0,104.0,18.0,2.5284853
14.0,106.0,18.0,2.4077632
14.0,108.0,18.0,2.3311663
14.0,110.0,18.0,2.5454502
14.0,112.0,18.0,2.827374
14.0,114.0,18.0,2.7953212
14.0,116.0,18.0,2.7261536
14.0,118.0,18.0,2.6379201
14.0,120.0,18.0,2.5663836
14.0,122.0,18.0,2.4054427
14.0,124.0,18.0,2.3714187
14.0,126.0,18.0,2.4733694
14.0,128.0,18.0,2.6220784
14.0,130.0,18.0,2.6005735
14.0,132.0,18.0,2.3214166
14.0,134.0,18.0,2.2279336
14.0,136.0,18.0,2.3853183
14.0,138.0,18.0,2.5863965
14.0,140.0,18.0,2.6543674
14.0,142.0,18.0,2.5123177
14.0,144.0,18.0,2.4943066
14.0,146.0,18.0,2.6161077
14.0,148.0,18.0,2.7078714
14.0,150.0,18.0,2.754893
14.0,152.0,18.0,2.649457
14.0,154.0,18.0,2.6164994
14.0,156.0,18.0,2.8325217
14.0,158.0,18.0,2.918264
14.0,160.0,18.0,2.8317354
14.0,162.0,18.0,2.8592086
14.0,164.0,18.0,2.878131
14.0,166.0,18.0,2.7466984
14.0,168.0,18.0,2.7159948
14.0,170.0,18.0,2.8738925
14.0,172.0,18.0,3.1305666
14.0,174.0,18.0,3.1940413
14.0,176.0,18.0,3.1379533
14.0,178.0,18.0,3.0871952
14.0,180.0,18.0,2.9562263
16.0,-180.0,18.0,2.9161627
16.0,-178.0,18.0,2.958088
16.0,-176.0,18.0,3.0063415
16.0,-174.0,18.0,3.046727
16.0,-172.0,18.0,3.1020184
16.0,-170.0,18.0,2.9876845
16.0,-168.0,18.0,2.8991086
16.0,-166.0,18.0,2.8047202
16.0,-164.0,18.0,2.8403125
16.0,-162.0,18.0,2.9391022
16.0,-160.0,18.0,3.0227585
16.0,-158.0,18.0,3.1751409
16.0,-156.0,18.0,3.2904541
16.0,-154.0,18.0,3.3962998
16.0,-152.0,18.0,3.2070687
16.0,-150.0,18.0,3.1484928
16.0,-148.0,18.0,3.1692502
16.0,-146.0,18.0,3.2353709
16.0,-144.0,18.0,3.1581538
16.0,-142.0,18.0,3.0917413
16.0,-140.0,18.0,3.244814
16.0,-138.0,18.0,3.3368998
16.0,-136.0,18.0,3.3523238
16.0,-134.0,18.0,3.231016
16.0,-132.0,18.0,3.27158
16.0,-130.0,18.0,3.4250479
16.0,-128.0,18.0,3.6234474
16.0,-126.0,18.0,3.650344
16.0,-124.0,18.0,3.4497943
16.0,-122.0,18.0,3.3087268
16.0,-120.0,18.0,3.5305266
16.0,-118.0,18.0,3.7165718
16.0,-116.0,18.0,3.7464497
16.0,-114.0,18.0,3.802187
16.0,-112.0,18.0,3.9146717
16.0,-110.0,18.0,3.9180167
16.0,-108.0,18.0,3.8491547
16.0,-106.0,18.0,3.8947055
16.0,-104.0,18.0,4.1414657
16.0,-102.0,18.0,4.1825943
16.0,-100.0,18.0,4.251758
16.0,-98.0,18.0,4.161904
16.0,-96.0,18.0,4.3509884
16.0,-94.0,18.0,4.4741063
16.0,-92.0,18.0,4.514129
16.0,-90.0,18.0,4.7045913
16.0,-88.0,18.0,4.878757
16.0,-86.0,18.0,4.9766345
16.0,-84.0,18.0,4.7241936
16.0,-82.0,18.0,4.684125
16.0,-80.0,18.0,4.6387124
16.0,-78.0,18.0,4.5527434
16.0,-76.0,18.0,4.5486083
16.0,-74.0,18.0,4.5773716
16.0,-72.0,18.0,4.4610524
16.0,-70.0,18.0,4.1715198
16.0,-68.0,18.0,3.9990046
16.0,-66.0,18.0,4.045999
16.0,-64.0,18.0,3.814879
16.0,-62.0,18.0,3.628142
16.0,-60.0,18.0,3.6313934
16.0,-58.0,18.0,3.7284691
16.0,-56.0,18.0,3.7620971
16.0,-54.0,18.0,3.6133804
16.0,-52.0,18.0,3.4966006
16.0,-50.0,18.0,3.40819
16.0,-48.0,18.0,3.2986012
16.0,-46.0,18.0,3.1691098
16.0,-44.0,18.0,3.0776825
16.0,-42.0,18.0,3.0681117
16.0,-40.0,18.0,3.0995293
16.0,-38.0,18.0,3.1046326
16.0,-36.0,18.0,3.013777
16.0,-34.0,18.0,2.9864047
16.0,-32.0,18.0,2.8555443
16.0,-30.0,18.0,2.9647503
16.0,-28.0,18.0,3.0994902
16.0,-26.0,18.0,3.1192045
16.0,-24.0,18.0,3.2134748
16.0,-22.0,18.0,3.1064472
16.0,-20.0,18.0,2.924765
16.0,-18.0,18.0,2.7455385
16.0,-16.0,18.0,2.6437852
16.0,-14.0,18.0,2.7153041
16.0,-12.0,18.0,2.874406
16.0,-10.0,18.0,2.8980181
16.0,-8.0,18.0,2.9550016
16.0,-6.0,18.0,3.094638
16.0,-4.0,18.0,2.9787638
16.0,-2.0,18.0,2.8014598
16.0,0.0,18.0,2.8611991
16.0,2.0,18.0,2.9795554
16.0,4.0,18.0,3.0080073
16.0,6.0,18.0,3.0506034
16.0,8.0,18.0,3.0464306
16.0,10.0,18.0,2.8498688
16.0,12.0,18.0,2.6465712
16.0,14.0,18.0,2.5557203
16.0,16.0,18.0,2.5945444
16.0,18.0,18.0,2.6665852
16.0,20.0,18.0,2.7933316
16.0,22.0,18.0,2.906189
16.0,24.0,18.0,2.9772568
16.0,26.0,18.0,2.8583403
16.0,28.0,18.0,2.783241
16.0,30.0,18.0,2.768111
16.0,32.0,18.0,2.6292393
16.0,34.0,18.0,2.5157502
16.0,36.0,18.0,2.4847114
16.0,38.0,18.0,2.631484
16.0,40.0,18.0,2.7268617
16.0,42.0,18.0,2.503392
16.0,44.0,18.0,2.2352982
16.0,46.0,18.0,2.1543365
16.0,48.0,18.0,2.3339763
16.0,50.0,18.0,2.6196363
16.0,52.0,18.0,2.6935532
16.0,54.0,18.0,2.5297155
16.0,56.0,18.0,2.432642
16.0,58.0,18.0,2.4923635
16.0,60.0,18.0,2.5977886
16.0,62.0,18.0,2.529502
16.0,64.0,18.0,2.5232923
16.0,66.0,18.0,2.726535
16.0,68.0,18.0,2.7780242
16.0,70.0,18.0,2.5498588
16.0,72.0,18.0,2.4232323
16.0,74.0,18.0,2.5460021
16.0,76.0,18.0,2.4977245
16.0,78.0,18.0,2.358226
16.0,80.0,18.0,2.5168495
16.0,82.0,18.0,2.9002938
16.0,84.0,18.0,2.8568852
16.0,86.0,18.0,2.5780795
16.0,88.0,18.0,2.5473528
16.0,90.0,18.0,2.495605
16.0,92.0,18.0,2.3766923
16.0,94.0,18.0,2.4533637
16.0,96.0,18.0,2.7789457
16.0,98.0,18.0,2.7610679
16.0,100.0,18.0,2.5084736
16.0,102.0,18.0,2.4864264
16.0,104.0,18.0,2.623453
16.0,106.0,18.0,2.4263265
16.0,108.0,18.0,2.293468
16.0,110.0,18.0,2.5217562
16.0,112.0,18.0,2.7834418
16.0,114.0,18.0,2.739812
16.0,116.0,18.0,2.6463716
16.0,118.0,18.0,2.6214457
16.0,120.0,18.0,2.5537934
16.0,122.0,18.0,2.3393857
16.0,124.0,18.0,2.3065178
16.0,126.0,18.0,2.431132
16.0,128.0,18.0,2.6480443
16.0,130.0,18.0,2.6177511
16.0,132.0,18.0,2.417275
16.0,134.0,18.0,2.3422937
16.0,136.0,18.0,2.448793
16.0,138.0,18.0,2.6206229
16.0,140.0,18.0,2.661214
16.0,142.0,18.0,2.4932642
16.0,144.0,18.0,2.4248018
16.0,146.0,18.0,2.562899
16.0,148.0,18.0,2.6506517
16.0,150.0,18.0,2.712676
16.0,152.0,18.0,2.5927532
16.0,154.0,18.0,2.5838618
16.0,156.0,18.0,2.716202
16.0,158.0,18.0,2.831198
16.0,160.0,18.0,2.7570477
16.0,162.0,18.0,2.7397711
16.0,164.0,18.0,2.7872252
16.0,166.0,18.0,2.7035725
16.0,168.0,18.0,2.7217538
16.0,170.0,18.0,2.851189
16.0,172.0,18.0,3.1195984
16.0,174.0,18.0,3.2125738
16.0,176.0,18.0,3.1243773
16.0,178.0,18.0,3.0437598
16.0,180.0,18.0,2.9161627
18.0,-180.0,18.0,2.9408553
18.0,-178.0,18.0,2.936226
18.0,-176.0,18.0,3.045623
18.0,-174.0,18.0,3.0661764
18.0,-172.0,18.0,3.1031518
18.0,-170.0,18.0,3.016884
18.0,-168.0,18.0,2.9639919
18.0,-166.0,18.0,2.8390136
18.0,-164.0,18.0,2.8194127
18.0,-162.0,18.0,2.894435
18.0,-160.0,18.0,3.0198328
18.0,-158.0,18.0,3.2208073
18.0,-156.0,18.0,3.2906928
18.0,-154.0,18.0,3.3389354
18.0,-152.0,18.0,3.176544
18.0,-150.0,18.0,3.1189666
18.0,-148.0,18.0,3.1370049
18.0,-146.0,18.0,3.250127
18.0,-144.0,18.0,3.1757548
18.0,-142.0,18.0,3.0874655
18.0,-140.0,18.0,3.1911016
18.0,-138.0,18.0,3.3014092
18.0,-136.0,18.0,3.344972
18.0,-134.0,18.0,3.2851608
18.0,-132.0,18.0,3.3176227
18.0,-130.0,18.0,3.3908243
18.0,-128.0,18.0,3.600609
18.0,-126.0,18.0,3.6213336
18.0,-124.0,18.0,3.510034
18.0,-122.0,18.0,3.439638
18.0,-120.0,18.0,3.5185828
18.0,-118.0,18.0,3.694797
18.0,-116.0,18.0,3.8224797
18.0,-114.0,18.0,3.9572623
18.0,-112.0,18.0,4.0144567
18.0,-110.0,18.0,4.098875
18.0,-108.0,18.0,4.128295
18.0,-106.0,18.0,4.126128
18.0,-104.0,18.0,4.314068
18.0,-102.0,18.0,4.491698
18.0,-100.0,18.0,4.559105
18.0,-98.0,18.0,4.5918546
18.0,-96.0,18.0,4.6239357
18.0,-94.0,18.0,4.7564325
18.0,-92.0,18.0,4.7929807
18.0,-90.0,18.0,4.898105
18.0,-88.0,18.0,5.214213
18.0,-86.0,18.0,5.2584505
18.0,-84.0,18.0,5.142848
18.0,-82.0,18.0,5.0382366
18.0,-80.0,18.0,5.0464673
18.0,-78.0,18.0,4.9451246
18.0,-76.0,18.0,4.8847513
18.0,-74.0,18.0,4.9104753
18.0,-72.0,18.0,4.8382635
18.0,-70.0,18.0,4.639646
18.0,-68.0,18.0,4.3433056
18.0,-66.0,18.0,4.3155503
18.0,-64.0,18.0,4.032703
18.0,-62.0,18.0,3.8141246
18.0,-60.0,18.0,3.817467
18.0,-58.0,18.0,3.8988817
18.0,-56.0,18.0,3.8863587
18.0,-54.0,18.0,3.6950948
18.0,-52.0,18.0,3.4856665
18.0,-50.0,18.0,3.3960588
18.0,-48.0,18.0,3.2879782
18.0,-46.0,18.0,3.2041056
18.0,-44.0,18.0,3.1458848
18.0,-42.0,18.0,3.1518276
18.0,-40.0,18.0,3.0866792
18.0,-38.0,18.0,3.0578573
18.0,-36.0,18.0,3.023201
18.0,-34.0,18.0,3.046445
18.0,-32.0,18.0,2.9279501
18.0,-30.0,18.0,3.0388947
18.0,-28.0,18.0,3.262924
18.0,-26.0,18.0,3.270124
18.0,-24.0,18.0,3.2424858
18.0,-22.0,18.0,3.137606
18.0,-20.0,18.0,2.9452438
18.0,-18.0,18.0,2.7827802
18.0,-16.0,18.0,2.6286805
18.0,-14.0,18.0,2.7297404
18.0,-12.0,18.0,2.8627357
18.0,-10.0,18.0,2.9009748
18.0,-8.0,18.0,2.9420009
18.0,-6.0,18.0,3.0569792
18.0,-4.0,18.0,2.959042
18.0,-2.0,18.0,2.792205
18.0,0.0,18.0,2.883369
18.0,2.0,18.0,3.0014255
18.0,4.0,18.0,3.0233247
18.0,6.0,18.0,3.0339305
18.0,8.0,18.0,2.9794667
18.0,10.0,18.0,2.7853577
18.0,12.0,18.0,2.5989933
18.0,14.0,18.0,2.5180118
18.0,16.0,18.0,2.5300205
18.0,18.0,18.0,2.6302023
18.0,20.0,18.0,2.7265546
18.0,22.0,18.0,2.8463218
18.0,24.0,18.0,2.9310992
18.0,26.0,18.0,2.8652065
18.0,28.0,18.0,2.7714798
18.0,30.0,18.0,2.7103722
18.0,32.0,18.0,2.5864272
18.0,34.0,18.0,2.520766
18.0,36.0,18.0,2.508692
18.0,38.0,18.0,2.6081476
18.0,40.0,18.0,2.6632137
18.0,42.0,18.0,2.4104683
18.0,44.0,18.0,2.0893793
18.0,46.0,18.0,2.0657794
18.0,48.0,18.0,2.242343
18.0,50.0,18.0,2.588593
18.0,52.0,18.0,2.6505072
18.0,54.0,18.0,2.4554384
18.0,56.0,18.0,2.3735924
18.0,58.0,18.0,2.4265127
18.0,60.0,18.0,2.4958527
18.0,62.0,18.0,2.4691203
18.0,64.0,18.0,2.526703
18.0,66.0,18.0,2.7371852
18.0,68.0,18.0,2.7646604
18.0,70.0,18.0,2.488375
18.0,72.0,18.0,2.3348072
18.0,74.0,18.0,2.438373
18.0,76.0,18.0,2.3682806
18.0,78.0,18.0,2.290398
18.0,80.0,18.0,2.422856
18.0,82.0,18.0,2.7830124
18.0,84.0,18.0,2.7814538
18.0,86.0,18.0,2.521799
18.0,88.0,18.0,2.4672427
18.0,90.0,18.0,2.3998327
18.0,92.0,18.0,2.3005836
18.0,94.0,18.0,2.4143682
18.0,96.0,18.0,2.7807753
18.0,98.0,18.0,2.730814
18.0,100.0,18.0,2.4179773
18.0,102.0,18.0,2.4072478
18.0,104.0,18.0,2.474194
18.0,106.0,18.0,2.3189428
18.0,108.0,18.0,2.2214708
18.0,110.0,18.0,2.4492104
18.0,112.0,18.0,2.7213922
18.0,114.0,18.0,2.713531
18.0,116.0,18.0,2.6202896
18.0,118.0,18.0,2.5603414
18.0,120.0,18.0,2.500758
18.0,122.0,18.0,2.286247
18.0,124.0,18.0,2.230983
18.0,126.0,18.0,2.3719041
18.0,128.0,18.0,2.626077
18.0,130.0,18.0,2.5557933
18.0,132.0,18.0,2.4227402
18.0,134.0,18.0,2.3514276
18.0,136.0,18.0,2.407799
18.0,138.0,18.0,2.5365174
18.0,140.0,18.0,2.5980077
18.0,142.0,18.0,2.4394965
18.0,144.0,18.0,2.395893
18.0,146.0,18.0,2.5121
18.0,148.0,18.0,2.6407456
18.0,150.0,18.0,2.7060394
18.0,152.0,18.0,2.5929434
18.0,154.0,18.0,2.570672
18.0,156.0,18.0,2.7247207
18.0,158.0,18.0,2.778526
18.0,160.0,18.0,2.7201176
18.0,162.0,18.0,2.706864
18.0,164.0,18.0,2.7277484
18.0,166.0,18.0,2.6819484
18.0,168.0,18.0,2.6731305
18.0,170.0,18.0,2.846702
18.0,172.0,18.0,3.1099904
18.0,174.0,18.0,3.156647
18.0,176.0,18.0,3.1266713
18.0,178.0,18.0,3.0844102
18.0,180.0,18.0,2.9408553
20.0,-180.0,18.0,3.0540009
20.0,-178.0,18.0,3.033265
20.0,-176.0,18.0,3.1479952
20.0,-174.0,18.0,3.2077823
20.0,-172.0,18.0,3.2370906
20.0,-170.0,18.0,3.146583
20.0,-168.0,18.0,3.0892522
20.0,-166.0,18.0,2.9464972
20.0,-164.0,18.0,2.9511552
20.0,-162.0,18.0,3.110147
20.0,-160.0,18.0,3.2106507
20.0,-158.0,18.0,3.4734015
20.0,-156.0,18.0,3.5920732
20.0,-154.0,18.0,3.6434262
20.0,-152.0,18.0,3.4793885
20.0,-150.0,18.0,3.291327
20.0,-148.0,18.0,3.3200154
20.0,-146.0,18.0,3.513303
20.0,-144.0,18.0,3.4703333
20.0,-142.0,18.0,3.3663993
20.0,-140.0,18.0,3.3976526
20.0,-138.0,18.0,3.5932143
20.0,-136.0,18.0,3.7458808
20.0,-134.0,18.0,3.8288302
20.0,-132.0,18.0,3.6480079
20.0,-130.0,18.0,3.5454516
20.0,-128.0,18.0,3.7085454
20.0,-126.0,18.0,3.834173
20.0,-124.0,18.0,3.7917342
20.0,-122.0,18.0,3.6859202
20.0,-120.0,18.0,3.763867
20.0,-118.0,18.0,4.0180607
20.0,-116.0,18.0,4.3221393
20.0,-114.0,18.0,4.4819713
20.0,-112.0,18.0,4.2842345
20.0,-110.0,18.0,4.339057
20.0,-108.0,18.0,4.489538
20.0,-106.0,18.0,4.4700413
20.0,-104.0,18.0,4.5446978
20.0,-102.0,18.0,4.969176
20.0,-100.0,18.0,5.154644
20.0,-98.0,18.0,5.185077
20.0,-96.0,18.0,5.1496515
20.0,-94.0,18.0,5.301584
20.0,-92.0,18.0,5.2517815
20.0,-90.0,18.0,5.497965
20.0,-88.0,18.0,5.9069123
20.0,-86.0,18.0,6.022742
20.0,-84.0,18.0,5.9092207
20.0,-82.0,18.0,5.747372
20.0,-80.0,18.0,5.7623987
20.0,-78.0,18.0,5.452034
20.0,-76.0,18.0,5.269143
20.0,-74.0,18.0,5.4273276
20.0,-72.0,18.0,5.367086
20.0,-70.0,18.0,5.0595927
20.0,-68.0,18.0,4.596968
20.0,-66.0,18.0,4.470182
20.0,-64.0,18.0,4.23651
20.0,-62.0,18.0,3.9483926
20.0,-60.0,18.0,4.0102396
20.0,-58.0,18.0,4.2081814
20.0,-56.0,18.0,4.2800393
20.0,-54.0,18.0,4.0465565
20.0,-52.0,18.0,3.6656778
20.0,-50.0,18.0,3.49727
20.0,-48.0,18.0,3.3839612
20.0,-46.0,18.0,3.3826125
20.0,-44.0,18.0,3.3261921
20.0,-42.0,18.0,3.2566082
20.0,-40.0,18.0,3.3012104
20.0,-38.0,18.0,3.3052285
20.0,-36.0,18.0,3.3257594
20.0,-34.0,18.0,3.3051147
20.0,-32.0,18.0,3.078362
20.0,-30.0,18.0,3.1744938
20.0,-28.0,18.0,3.4116282
20.0,-26.0,18.0,3.500255
20.0,-24.0,18.0,3.4898682
20.0,-22.0,18.0,3.3343773
20.0,-20.0,18.0,3.0820012
20.0,-18.0,18.0,2.9113226
20.0,-16.0,18.0,2.72696
20.0,-14.0,18.0,2.7500145
20.0,-12.0,18.0,2.8975165
20.0,-10.0,18.0,3.005766
20.0,-8.0,18.0,3.0574667
20.0,-6.0,18.0,3.2051349
20.0,-4.0,18.0,3.0464242
20.0,-2.0,18.0,2.884262
20.0,0.0,18.0,2.9590504
20.0,2.0,18.0,3.1416926
20.0,4.0,18.0,3.2439575
20.0,6.0,18.0,3.209981
20.0,8.0,18.0,3.122774
20.0,10.0,18.0,2.9105358
20.0,12.0,18.0,2.7312875
20.0,14.0,18.0,2.641259
20.0,16.0,18.0,2.6501734
20.0,18.0,18.0,2.766554
20.0,20.0,18.0,2.8767674
20.0,22.0,18.0,3.0571363
20.0,24.0,18.0,3.0954905
20.0,26.0,18.0,2.923014
20.0,28.0,18.0,2.8176718
20.0,30.0,18.0,2.8535252
20.0,32.0,18.0,2.695795
20.0,34.0,18.0,2.6849616
20.0,36.0,18.0,2.6337545
20.0,38.0,18.0,2.720372
20.0,40.0,18.0,2.8025894
20.0,42.0,18.0,2.6057699
20.0,44.0,18.0,2.3223433
20.0,46.0,18.0,2.293025
20.0,48.0,18.0,2.4216855
20.0,50.0,18.0,2.748732
20.0,52.0,18.0,2.7628336
20.0,54.0,18.0,2.5507803
20.0,56.0,18.0,2.518977
20.0,58.0,18.0,2.5801704
20.0,60.0,18.0,2.698263
20.0,62.0,18.0,2.6373138
20.0,64.0,18.0,2.662334
20.0,66.0,18.0,2.8770397
20.0,68.0,18.0,2.8808804
20.0,70.0,18.0,2.6500182
20.0,72.0,18.0,2.4978824
20.0,74.0,18.0,2.5028286
20.0,76.0,18.0,2.5061145
20.0,78.0,18.0,2.46352
20.0,80.0,18.0,2.609963
20.0,82.0,18.0,2.9481423
20.0,84.0,18.0,3.0260324
20.0,86.0,18.0,2.7284303
20.0,88.0,18.0,2.6183128
20.0,90.0,18.0,2.5926874
20.0,92.0,18.0,2.5015662
20.0,94.0,18.0,2.589688
20.0,96.0,18.0,2.9384956
20.0,98.0,18.0,2.9190185
20.0,100.0,18.0,2.5899308
20.0,102.0,18.0,2.4987664
20.0,104.0,18.0,2.543627
20.0,106.0,18.0,2.5043492
20.0,108.0,18.0,2.4775245
20.0,110.0,18.0,2.6043434
20.0,112.0,18.0,2.9019668
20.0,114.0,18.0,2.914397
20.0,116.0,18.0,2.9610713
20.0,118.0,18.0,2.8113146
20.0,120.0,18.0,2.6388927
20.0,122.0,18.0,2.4769666
20.0,124.0,18.0,2.4923682
20.0,126.0,18.0,2.580576
20.0,128.0,18.0,2.735745
20.0,130.0,18.0,2.6888525
20.0,132.0,18.0,2.5357778
20.0,134.0,18.0,2.4341736
20.0,136.0,18.0,2.4638073
20.0,138.0,18.0,2.679985
20.0,140.0,18.0,2.7423568
20.0,142.0,18.0,2.5850074
20.0,144.0,18.0,2.5621502
20.0,146.0,18.0,2.6878598
20.0,148.0,18.0,2.8027227
20.0,150.0,18.0,2.812874
20.0,152.0,18.0,2.6599383
20.0,154.0,18.0,2.690183
20.0,156.0,18.0,2.9661927
20.0,158.0,18.0,2.9952073
20.0,160.0,18.0,2.8942587
20.0,162.0,18.0,2.963101
20.0,164.0,18.0,2.947264
20.0,166.0,18.0,2.8584015
20.0,168.0,18.0,2.8074415
20.0,170.0,18.0,2.9775567
20.0,172.0,18.0,3.2432108
20.0,174.0,18.0,3.2726636
20.0,176.0,18.0,3.221868
20.0,178.0,18.0,3.2048738
20.0,180.0,18.0,3.0540009
22.0,-180.0,18.0,3.3054802
22.0,-178.0,18.0,3.4352083
22.0,-176.0,18.0,3.5391133
22.0,-174.0,18.0,3.5669546
22.0,-172.0,18.0,3.5265572
22.0,-170.0,18.0,3.437109
22.0,-168.0,18.0,3.361397
22.0,-166.0,18.0,3.272899
22.0,-164.0,18.0,3.3372574
22.0,-162.0,18.0,3.483283
22.0,-160.0,18.0,3.6973386
22.0,-158.0,18.0,3.9688733
22.0,-156.0,18.0,4.17768
22.0,-154.0,18.0,4.205267
22.0,-152.0,18.0,4.0210886
22.0,-150.0,18.0,3.8627617
22.0,-148.0,18.0,3.8495946
22.0,-146.0,18.0,4.035941
22.0,-144.0,18.0,3.9691415
22.0,-142.0,18.0,3.8473105
22.0,-140.0,18.0,3.922468
22.0,-138.0,18.0,4.2029347
22.0,-136.0,18.0,4.363073
22.0,-134.0,18.0,4.4844007
22.0,-132.0,18.0,4.2970204
22.0,-130.0,18.0,4.1009727
22.0,-128.0,18.0,4.214627
22.0,-126.0,18.0,4.300299
22.0,-124.0,18.0,4.4138412
22.0,-122.0,18.0,4.353995
22.0,-120.0,18.0,4.439232
22.0,-118.0,18.0,4.8826923
22.0,-116.0,18.0,5.2503953
22.0,-114.0,18.0,5.3468347
22.0,-112.0,18.0,5.0423794
22.0,-110.0,18.0,5.040024
22.0,-108.0,18.0,5.1603675
22.0,-106.0,18.0,5.071929
22.0,-104.0,18.0,5.193434
22.0,-102.0,18.0,5.7068987
22.0,-100.0,18.0,5.951189
22.0,-98.0,18.0,5.852323
22.0,-96.0,18.0,5.8668785
22.0,-94.0,18.0,5.899032
22.0,-92.0,18.0,5.8502088
22.0,-90.0,18.0,6.3084064
22.0,-88.0,18.0,6.870556
22.0,-86.0,18.0,6.8920236
22.0,-84.0,18.0,6.781128
22.0,-82.0,18.0,6.66129
22.0,-80.0,18.0,6.5246835
22.0,-78.0,18.0,6.199216
22.0,-76.0,18.0,6.0550556
22.0,-74.0,18.0,6.230439
22.0,-72.0,18.0,6.26012
22.0,-70.0,18.0,5.8585386
22.0,-68.0,18.0,5.3743057
22.0,-66.0,18.0,5.1646976
22.0,-64.0,18.0,4.922399
22.0,-62.0,18.0,4.600017
22.0,-60.0,18.0,4.683419
22.0,-58.0,18.0,5.0083947
22.0,-56.0,18.0,5.096993
22.0,-54.0,18.0,4.7318788
22.0,-52.0,18.0,4.2734995
22.0,-50.0,18.0,4.0409036
22.0,-48.0,18.0,4.004691
22.0,-46.0,18.0,4.0326767
22.0,-44.0,18.0,3.8782942
22.0,-42.0,18.0,3.7187107
22.0,-40.0,18.0,3.679994
22.0,-38.0,18.0,3.8132434
22.0,-36.0,18.0,3.9706252
22.0,-34.0,18.0,3.8286417
22.0,-32.0,18.0,3.488015
22.0,-30.0,18.0,3.4928017
22.0,-28.0,18.0,3.7191892
22.0,-26.0,18.0,3.8149226
22.0,-24.0,18.0,3.8218977
22.0,-22.0,18.0,3.767251
22.0,-20.0,18.0,3.4622302
22.0,-18.0,18.0,3.1520898
22.0,-16.0,18.0,2.9277334
22.0,-14.0,18.0,3.0493355
22.0,-12.0,18.0,3.1767209
22.0,-10.0,18.0,3.2480145
22.0,-8.0,18.0,3.3635094
22.0,-6.0,18.0,3.4850416
22.0,-4.0,18.0,3.3258383
22.0,-2.0,18.0,3.2041335
22.0,0.0,18.0,3.2307293
22.0,2.0,18.0,3.4149244
22.0,4.0,18.0,3.4631243
22.0,6.0,18.0,3.5218887
22.0,8.0,18.0,3.6185002
22.0,10.0,18.0,3.3809793
22.0,12.0,18.0,3.097404
22.0,14.0,18.0,3.048307
22.0,16.0,18.0,3.1097264
22.0,18.0,18.0,3.189159
22.0,20.0,18.0,3.2909062
22.0,22.0,18.0,3.531866
22.0,24.0,18.0,3.5650256
22.0,26.0,18.0,3.2798567
22.0,28.0,18.0,3.1751816
22.0,30.0,18.0,3.2243252
22.0,32.0,18.0,3.1480064
22.0,34.0,18.0,3.02331
22.0,36.0,18.0,2.9571354
22.0,38.0,18.0,3.1296654
22.0,40.0,18.0,3.1418574
22.0,42.0,18.0,2.8853784
22.0,44.0,18.0,2.6346643
22.0,46.0,18.0,2.6146557
22.0,48.0,18.0,2.7275467
22.0,50.0,18.0,2.9816537
22.0,52.0,18.0,3.026734
22.0,54.0,18.0,2.888278
22.0,56.0,18.0,2.932823
22.0,58.0,18.0,2.9260073
22.0,60.0,18.0,2.989297
22.0,62.0,18.0,2.9348273
22.0,64.0,18.0,2.994806
22.0,66.0,18.0,3.1813006
22.0,68.0,18.0,3.1349719
22.0,70.0,18.0,2.8686123
22.0,72.0,18.0,2.764298
22.0,74.0,18.0,2.7754781
22.0,76.0,18.0,2.7649307
22.0,78.0,18.0,2.7480779
22.0,80.0,18.0,2.897345
22.0,82.0,18.0,3.2527125
22.0,84.0,18.0,3.3368468
22.0,86.0,18.0,3.1516435
22.0,88.0,18.0,3.004077
22.0,90.0,18.0,2.9209828
22.0,92.0,18.0,2.8862183
22.0,94.0,18.0,3.0134914
22.0,96.0,18.0,3.2360485
22.0,98.0,18.0,3.2230873
22.0,100.0,18.0,2.9256396
22.0,102.0,18.0,2.7758656
22.0,104.0,18.0,2.8533466
22.0,106.0,18.0,2.8261554
22.0,108.0,18.0,2.8057847
22.0,110.0,18.0,2.8565433
22.0,112.0,18.0,3.1308048
22.0,114.0,18.0,3.2416794
22.0,116.0,18.0,3.2169042
22.0,118.0,18.0,3.0931659
22.0,120.0,18.0,2.9288526
22.0,122.0,18.0,2.7977653
22.0,124.0,18.0,2.83851
22.0,126.0,18.0,2.840206
22.0,128.0,18.0,2.9670372
22.0,130.0,18.0,2.9298627
22.0,132.0,18.0,2.7355328
22.0,134.0,18.0,2.6397116
22.0,136.0,18.0,2.7261324
22.0,138.0,18.0,2.9106135
22.0,140.0,18.0,3.0333211
22.0,142.0,18.0,2.874979
22.0,144.0,18.0,2.784887
22.0,146.0,18.0,2.8441415
22.0,148.0,18.0,3.0496035
22.0,150.0,18.0,3.1112695
22.0,152.0,18.0,2.9379907
22.0,154.0,18.0,2.955907
22.0,156.0,18.0,3.2269607
22.0,158.0,18.0,3.3490674
22.0,160.0,18.0,3.097747
22.0,162.0,18.0,3.1108081
22.0,164.0,18.0,3.1489644
22.0,166.0,18.0,3.1540067
22.0,168.0,18.0,3.0803516
22.0,170.0,18.0,3.3093512
22.0,172.0,18.0,3.7092798
22.0,174.0,18.0,3.6017497
22.0,176.0,18.0,3.4517205
22.0,178.0,18.0,3.4512131
22.0,180.0,18.0,3.3054802
24.0,-180.0,18.0,3.325989
24.0,-178.0,18.0,3.3657043
24.0,-176.0,18.0,3.4760146
24.0,-174.0,18.0,3.4230347
24.0,-172.0,18.0,3.5006495
24.0,-170.0,18.0,3.4485366
24.0,-168.0,18.0,3.3650954
24.0,-166.0,18.0,3.2413998
24.0,-164.0,18.0,3.2311637
24.0,-162.0,18.0,3.3469355
24.0,-160.0,18.0,3.5338953
24.0,-158.0,18.0,3.8387935
24.0,-156.0,18.0,4.0100226
24.0,-154.0,18.0,4.0491014
24.0,-152.0,18.0,3.882215
24.0,-150.0,18.0,3.69871
24.0,-148.0,18.0,3.6692164
24.0,-146.0,18.0,3.8490877
24.0,-144.0,18.0,3.8667421
24.0,-142.0,18.0,3.7695394
24.0,-140.0,18.0,3.8036468
24.0,-138.0,18.0,4.017565
24.0,-136.0,18.0,4.1719675
24.0,-134.0,18.0,4.2561035
24.0,-132.0,18.0,4.116687
24.0,-130.0,18.0,4.0228376
24.0,-128.0,18.0,4.1348314
24.0,-126.0,18.0,4.248575
24.0,-124.0,18.0,4.43215
24.0,-122.0,18.0,4.477549
24.0,-120.0,18.0,4.4631066
24.0,-118.0,18.0,4.7831945
24.0,-116.0,18.0,5.0613484
24.0,-114.0,18.0,5.224288
24.0,-112.0,18.0,5.0528026
24.0,-110.0,18.0,5.1170807
24.0,-108.0,18.0,5.253727
24.0,-106.0,18.0,5.2231436
24.0,-104.0,18.0,5.2611146
24.0,-102.0,18.0,5.6383286
24.0,-100.0,18.0,5.9338436
24.0,-98.0,18.0,5.9915137
24.0,-96.0,18.0,5.948307
24.0,-94.0,18.0,6.106999
24.0,-92.0,18.0,6.235713
24.0,-90.0,18.0,6.5787935
24.0,-88.0,18.0,6.829485
24.0,-86.0,18.0,6.7996397
24.0,-84.0,18.0,6.8945184
24.0,-82.0,18.0,6.7452555
24.0,-80.0,18.0,6.7046824
24.0,-78.0,18.0,6.4549956
24.0,-76.0,18.0,6.2500844
24.0,-74.0,18.0,6.3039017
24.0,-72.0,18.0,6.2578263
24.0,-70.0,18.0,5.984625
24.0,-68.0,18.0,5.6337104
24.0,-66.0,18.0,5.522964
24.0,-64.0,18.0,5.2538676
24.0,-62.0,18.0,4.930678
24.0,-60.0,18.0,4.874618
24.0,-58.0,18.0,5.1113772
24.0,-56.0,18.0,5.1459436
24.0,-54.0,18.0,4.831053
24.0,-52.0,18.0,4.359526
24.0,-50.0,18.0,4.0755877
24.0,-48.0,18.0,3.9798706
24.0,-46.0,18.0,3.9071314
24.0,-44.0,18.0,3.8379781
24.0,-42.0,18.0,3.757275
24.0,-40.0,18.0,3.6047363
24.0,-38.0,18.0,3.62619
24.0,-36.0,18.0,3.7048266
24.0,-34.0,18.0,3.6299818
24.0,-32.0,18.0,3.345893
24.0,-30.0,18.0,3.3675628
24.0,-28.0,18.0,3.672888
24.0,-26.0,18.0,3.7990136
24.0,-24.0,18.0,3.657797
24.0,-22.0,18.0,3.5189025
24.0,-20.0,18.0,3.269629
24.0,-18.0,18.0,3.0579548
24.0,-16.0,18.0,2.902642
24.0,-14.0,18.0,2.986044
24.0,-12.0,18.0,3.1564922
24.0,-10.0,18.0,3.2027714
24.0,-8.0,18.0,3.1626346
24.0,-6.0,18.0,3.2561905
24.0,-4.0,18.0,3.1777294
24.0,-2.0,18.0,3.0791757
24.0,0.0,18.0,3.1178086
24.0,2.0,18.0,3.3544447
24.0,4.0,18.0,3.4368985
24.0,6.0,18.0,3.3367066
24.0,8.0,18.0,3.3307881
24.0,10.0,18.0,3.172179
24.0,12.0,18.0,2.920435
24.0,14.0,18.0,2.843597
24.0,16.0,18.0,2.960883
24.0,18.0,18.0,3.0618703
24.0,20.0,18.0,3.101007
24.0,22.0,18.0,3.2795265
24.0,24.0,18.0,3.3079093
24.0,26.0,18.0,3.1234393
24.0,28.0,18.0,3.0110352
24.0,30.0,18.0,3.0438645
24.0,32.0,18.0,2.9717395
24.0,34.0,18.0,2.8829875
24.0,36.0,18.0,2.7735405
24.0,38.0,18.0,2.8566704
24.0,40.0,18.0,2.970491
24.0,42.0,18.0,2.7236943
24.0,44.0,18.0,2.5698576
24.0,46.0,18.0,2.5675683
24.0,48.0,18.0,2.6844807
24.0,50.0,18.0,2.8891492
24.0,52.0,18.0,2.951386
24.0,54.0,18.0,2.7948635
24.0,56.0,18.0,2.7585435
24.0,58.0,18.0,2.7969892
24.0,60.0,18.0,2.858662
24.0,62.0,18.0,2.786014
24.0,64.0,18.0,2.8684576
24.0,66.0,18.0,3.0654714
24.0,68.0,18.0,3.007863
24.0,70.0,18.0,2.727617
24.0,72.0,18.0,2.6292584
24.0,74.0,18.0,2.6620827
24.0,76.0,18.0,2.643889
24.0,78.0,18.0,2.6118047
24.0,80.0,18.0,2.7492516
24.0,82.0,18.0,3.1028132
24.0,84.0,18.0,3.0910943
24.0,86.0,18.0,2.865065
24.0,88.0,18.0,2.8201256
24.0,90.0,18.0,2.7330935
24.0,92.0,18.0,2.648743
24.0,94.0,18.0,2.7714455
24.0,96.0,18.0,3.0729287
24.0,98.0,18.0,3.0079155
24.0,100.0,18.0,2.726282
24.0,102.0,18.0,2.6563702
24.0,104.0,18.0,2.7080472
24.0,106.0,18.0,2.6170957
24.0,108.0,18.0,2.6101177
24.0,110.0,18.0,2.6985755
24.0,112.0,18.0,2.9471066
24.0,114.0,18.0,2.9591658
24.0,116.0,18.0,2.886363
24.0,118.0,18.0,2.854219
24.0,120.0,18.0,2.7630315
24.0,122.0,18.0,2.602661
24.0,124.0,18.0,2.62956
24.0,126.0,18.0,2.6660278
24.0,128.0,18.0,2.8318198
24.0,130.0,18.0,2.784613
24.0,132.0,18.0,2.6005275
24.0,134.0,18.0,2.567986
24.0,136.0,18.0,2.6441004
24.0,138.0,18.0,2.791257
24.0,140.0,18.0,2.8933558
24.0,142.0,18.0,2.7426121
24.0,144.0,18.0,2.7301366
24.0,146.0,18.0,2.736141
24.0,148.0,18.0,2.8659074
24.0,150.0,18.0,2.907225
24.0,152.0,18.0,2.756597
24.0,154.0,18.0,2.7348888
24.0,156.0,18.0,3.0577788
24.0,158.0,18.0,3.1332312
24.0,160.0,18.0,3.050734
24.0,162.0,18.0,3.0132964
24.0,164.0,18.0,3.0616372
24.0,166.0,18.0,3.033996
24.0,168.0,18.0,2.9766943
24.0,170.0,18.0,3.1769786
24.0,172.0,18.0,3.603618
24.0,174.0,18.0,3.5900946
24.0,176.0,18.0,3.4664526
24.0,178.0,18.0,3.4805102
24.0,180.0,18.0,3.325989
26.0,-180.0,18.0,3.1656873
26.0,-178.0,18.0,3.1257823
26.0,-176.0,18.0,3.3026567
26.0,-174.0,18.0,3.4202893
26.0,-172.0,18.0,3.4154606
26.0,-170.0,18.0,3.2799761
26.0,-168.0,18.0,3.2118883
26.0,-166.0,18.0,3.0813181
26.0,-164.0,18.0,3.0167072
26.0,-162.0,18.0,3.154759
26.0,-160.0,18.0,3.4510353
26.0,-158.0,18.0,3.7603135
26.0,-156.0,18.0,3.9391446
26.0,-154.0,18.0,3.922929
26.0,-152.0,18.0,3.7445517
26.0,-150.0,18.0,3.5765262
26.0,-148.0,18.0,3.5268602
26.0,-146.0,18.0,3.6834974
26.0,-144.0,18.0,3.767249
26.0,-142.0,18.0,3.7339592
26.0,-140.0,18.0,3.8116672
26.0,-138.0,18.0,3.9477916
26.0,-136.0,18.0,4.076598
26.0,-134.0,18.0,4.180489
26.0,-132.0,18.0,4.1205225
26.0,-130.0,18.0,4.0067253
26.0,-128.0,18.0,4.1029973
26.0,-126.0,18.0,4.243072
26.0,-124.0,18.0,4.447504
26.0,-122.0,18.0,4.478203
26.0,-120.0,18.0,4.520957
26.0,-118.0,18.0,4.72606
26.0,-116.0,18.0,4.9635983
26.0,-114.0,18.0,5.172167
26.0,-112.0,18.0,5.0921383
26.0,-110.0,18.0,5.2177544
26.0,-108.0,18.0,5.42651
26.0,-106.0,18.0,5.384541
26.0,-104.0,18.0,5.380345
26.0,-102.0,18.0,5.6615
26.0,-100.0,18.0,5.9261003
26.0,-98.0,18.0,5.8528357
26.0,-96.0,18.0,5.780697
26.0,-94.0,18.0,5.9994373
26.0,-92.0,18.0,6.237242
26.0,-90.0,18.0,6.5487084
26.0,-88.0,18.0,6.736673
26.0,-86.0,18.0,6.8050947
26.0,-84.0,18.0,6.8008924
26.0,-82.0,18.0,6.6206326
26.0,-80.0,18.0,6.585171
26.0,-78.0,18.0,6.5257974
26.0,-76.0,18.0,6.2826467
26.0,-74.0,18.0,6.333288
26.0,-72.0,18.0,6.3028903
26.0,-70.0,18.0,6.0862117
26.0,-68.0,18.0,5.721075
26.0,-66.0,18.0,5.521434
26.0,-64.0,18.0,5.2562776
26.0,-62.0,18.0,5.0050254
26.0,-60.0,18.0,5.045567
26.0,-58.0,18.0,5.209446
26.0,-56.0,18.0,5.183203
26.0,-54.0,18.0,4.8332543
26.0,-52.0,18.0,4.3611107
26.0,-50.0,18.0,4.0240793
26.0,-48.0,18.0,3.8979015
26.0,-46.0,18.0,3.9391158
26.0,-44.0,18.0,3.954933
26.0,-42.0,18.0,3.852068
26.0,-40.0,18.0,3.645183
26.0,-38.0,18.0,3.5742648
26.0,-36.0,18.0,3.6088045
26.0,-34.0,18.0,3.6025145
26.0,-32.0,18.0,3.3868124
26.0,-30.0,18.0,3.4756517
26.0,-28.0,18.0,3.843507
26.0,-26.0,18.0,3.95963
26.0,-24.0,18.0,3.8003826
26.0,-22.0,18.0,3.5771668
26.0,-20.0,18.0,3.3508239
26.0,-18.0,18.0,3.154111
26.0,-16.0,18.0,2.8963332
26.0,-14.0,18.0,3.064248
26.0,-12.0,18.0,3.2484589
26.0,-10.0,18.0,3.336848
26.0,-8.0,18.0,3.253447
26.0,-6.0,18.0,3.4002368
26.0,-4.0,18.0,3.3017461
26.0,-2.0,18.0,3.1383462
26.0,0.0,18.0,3.2390258
26.0,2.0,18.0,3.493701
26.0,4.0,18.0,3.5699255
26.0,6.0,18.0,3.4646
26.0,8.0,18.0,3.4007044
26.0,10.0,18.0,3.152198
26.0,12.0,18.0,2.9205182
26.0,14.0,18.0,2.8762183
26.0,16.0,18.0,2.958931
26.0,18.0,18.0,3.103054
26.0,20.0,18.0,3.1190119
26.0,22.0,18.0,3.2066808
26.0,24.0,18.0,3.3334296
26.0,26.0,18.0,3.1651115
26.0,28.0,18.0,3.1089046
26.0,30.0,18.0,3.119187
26.0,32.0,18.0,3.0599272
26.0,34.0,18.0,2.9456384
26.0,36.0,18.0,2.8555439
26.0,38.0,18.0,2.9645631
26.0,40.0,18.0,3.0788288
26.0,42.0,18.0,2.8538964
26.0,44.0,18.0,2.709266
26.0,46.0,18.0,2.713525
26.0,48.0,18.0,2.8331969
26.0,50.0,18.0,3.0385544
26.0,52.0,18.0,3.097377
26.0,54.0,18.0,2.9411683
26.0,56.0,18.0,2.8382168
26.0,58.0,18.0,2.8671904
26.0,60.0,18.0,2.9637697
26.0,62.0,18.0,2.9230235
26.0,64.0,18.0,2.9971833
26.0,66.0,18.0,3.1238031
26.0,68.0,18.0,3.0958204
26.0,70.0,18.0,2.9109797
26.0,72.0,18.0,2.7804604
26.0,74.0,18.0,2.7588365
26.0,76.0,18.0,2.7820318
26.0,78.0,18.0,2.7315178
26.0,80.0,18.0,2.8383334
26.0,82.0,18.0,3.2040927
26.0,84.0,18.0,3.1673176
26.0,86.0,18.0,2.9155035
26.0,88.0,18.0,2.886324
26.0,90.0,18.0,2.8381987
26.0,92.0,18.0,2.735393
26.0,94.0,18.0,2.8651257
26.0,96.0,18.0,3.1073833
26.0,98.0,18.0,3.0849915
26.0,100.0,18.0,2.751736
26.0,102.0,18.0,2.7588274
26.0,104.0,18.0,2.7667923
26.0,106.0,18.0,2.7054698
26.0,108.0,18.0,2.72347
26.0,110.0,18.0,2.8336382
26.0,112.0,18.0,3.0450387
26.0,114.0,18.0,3.0334983
26.0,116.0,18.0,2.9689152
26.0,118.0,18.0,2.932791
26.0,120.0,18.0,2.8100832
26.0,122.0,18.0,2.679654
26.0,124.0,18.0,2.6790278
26.0,126.0,18.0,2.728436
26.0,128.0,18.0,2.8808134
26.0,130.0,18.0,2.8567998
26.0,132.0,18.0,2.642965
26.0,134.0,18.0,2.6469536
26.0,136.0,18.0,2.7372727
26.0,138.0,18.0,2.8517282
26.0,140.0,18.0,2.9510512
26.0,142.0,18.0,2.8696697
26.0,144.0,18.0,2.8487654
26.0,146.0,18.0,2.835128
26.0,148.0,18.0,2.953365
26.0,150.0,18.0,3.012585
26.0,152.0,18.0,2.8151565
26.0,154.0,18.0,2.8375394
26.0,156.0,18.0,3.1188269
26.0,158.0,18.0,3.148401
26.0,160.0,18.0,3.0753894
26.0,162.0,18.0,3.046637
26.0,164.0,18.0,3.06065
26.0,166.0,18.0,3.0045207
26.0,168.0,18.0,2.9091334
26.0,170.0,18.0,3.1281412
26.0,172.0,18.0,3.5923862
26.0,174.0,18.0,3.5542202
26.0,176.0,18.0,3.507981
26.0,178.0,18.0,3.4743278
26.0,180.0,18.0,3.1656873
28.0,-180.0,18.0,3.215404
28.0,-178.0,18.0,3.2637534
28.0,-176.0,18.0,3.4433827
28.0,-174.0,18.0,3.4761333
28.0,-172.0,18.0,3.45419
28.0,-170.0,18.0,3.3881235
28.0,-168.0,18.0,3.3192444
28.0,-166.0,18.0,3.164586
28.0,-164.0,18.0,3.2449682
28.0,-162.0,18.0,3.3972073
28.0,-160.0,18.0,3.6483061
28.0,-158.0,18.0,3.8666532
28.0,-156.0,18.0,4.1505566
28.0,-154.0,18.0,4.182869
28.0,-152.0,18.0,3.9493303
28.0,-150.0,18.0,3.752715
28.0,-148.0,18.0,3.7206156
28.0,-146.0,18.0,3.9113863
28.0,-144.0,18.0,3.983201
28.0,-142.0,18.0,3.9012008
28.0,-140.0,18.0,4.0284457
28.0,-138.0,18.0,4.2251973
28.0,-136.0,18.0,4.450431
28.0,-134.0,18.0,4.5805187
28.0,-132.0,18.0,4.5134273
28.0,-130.0,18.0,4.3438478
28.0,-128.0,18.0,4.345798
28.0,-126.0,18.0,4.560432
28.0,-124.0,18.0,4.79323
28.0,-122.0,18.0,4.8426905
28.0,-120.0,18.0,4.893089
28.0,-118.0,18.0,5.1632385
28.0,-116.0,18.0,5.4620876
28.0,-114.0,18.0,5.684668
28.0,-112.0,18.0,5.546026
28.0,-110.0,18.0,5.5520473
28.0,-108.0,18.0,5.819743
28.0,-106.0,18.0,5.88357
28.0,-104.0,18.0,5.8596025
28.0,-102.0,18.0,6.1234317
28.0,-100.0,18.0,6.394208
28.0,-98.0,18.0,6.219159
28.0,-96.0,18.0,6.1707215
28.0,-94.0,18.0,6.346093
28.0,-92.0,18.0,6.620388
28.0,-90.0,18.0,6.992565
28.0,-88.0,18.0,7.1818347
28.0,-86.0,18.0,7.19889
28.0,-84.0,18.0,7.109559
28.0,-82.0,18.0,6.8876047
28.0,-80.0,18.0,6.898859
28.0,-78.0,18.0,6.9392858
28.0,-76.0,18.0,6.7708144
28.0,-74.0,18.0,6.809286
28.0,-72.0,18.0,6.776431
28.0,-70.0,18.0,6.517226
28.0,-68.0,18.0,6.159894
28.0,-66.0,18.0,5.9563866
28.0,-64.0,18.0,5.652054
28.0,-62.0,18.0,5.5194616
28.0,-60.0,18.0,5.55598
28.0,-58.0,18.0,5.6932054
28.0,-56.0,18.0,5.6774154
28.0,-54.0,18.0,5.339241
28.0,-52.0,18.0,4.818363
28.0,-50.0,18.0,4.416233
28.0,-48.0,18.0,4.252229
28.0,-46.0,18.0,4.2819214
28.0,-44.0,18.0,4.3773193
28.0,-42.0,18.0,4.157784
28.0,-40.0,18.0,3.93508
28.0,-38.0,18.0,3.854492
28.0,-36.0,18.0,3.9317477
28.0,-34.0,18.0,3.9453757
28.0,-32.0,18.0,3.681615
28.0,-30.0,18.0,3.7170372
28.0,-28.0,18.0,4.021722
28.0,-26.0,18.0,4.1166143
28.0,-24.0,18.0,4.0710073
28.0,-22.0,18.0,3.7937047
28.0,-20.0,18.0,3.4951458
28.0,-18.0,18.0,3.3310525
28.0,-16.0,18.0,3.0890925
28.0,-14.0,18.0,3.218156
28.0,-12.0,18.0,3.460135
28.0,-10.0,18.0,3.5337095
28.0,-8.0,18.0,3.477599
28.0,-6.0,18.0,3.6077275
28.0,-4.0,18.0,3.5141509
28.0,-2.0,18.0,3.378804
28.0,0.0,18.0,3.4552436
28.0,2.0,18.0,3.6938353
28.0,4.0,18.0,3.8232117
28.0,6.0,18.0,3.6899421
28.0,8.0,18.0,3.6177704
28.0,10.0,18.0,3.401377
28.0,12.0,18.0,3.1338024
28.0,14.0,18.0,3.106097
28.0,16.0,18.0,3.1910286
28.0,18.0,18.0,3.2727342
28.0,20.0,18.0,3.3179493
28.0,22.0,18.0,3.4580398
28.0,24.0,18.0,3.552469
28.0,26.0,18.0,3.3427196
28.0,28.0,18.0,3.3027012
28.0,30.0,18.0,3.3567717
28.0,32.0,18.0,3.3010912
28.0,34.0,18.0,3.13435
28.0,36.0,18.0,3.0761166
28.0,38.0,18.0,3.1602347
28.0,40.0,18.0,3.2127144
28.0,42.0,18.0,3.034595
28.0,44.0,18.0,2.899606
28.0,46.0,18.0,2.905374
28.0,48.0,18.0,2.9718766
28.0,50.0,18.0,3.163391
28.0,52.0,18.0,3.2520332
28.0,54.0,18.0,3.1105564
28.0,56.0,18.0,3.0176208
28.0,58.0,18.0,2.9973261
28.0,60.0,18.0,3.0838575
28.0,62.0,18.0,3.0936646
28.0,64.0,18.0,3.0832686
28.0,66.0,18.0,3.1969218
28.0,68.0,18.0,3.1818013
28.0,70.0,18.0,3.0756965
28.0,72.0,18.0,2.9311917
28.0,74.0,18.0,2.87877
28.0,76.0,18.0,2.8849323
28.0,78.0,18.0,2.8707297
28.0,80.0,18.0,3.0214207
28.0,82.0,18.0,3.3990872
28.0,84.0,18.0,3.3961759
28.0,86.0,18.0,3.1177037
28.0,88.0,18.0,3.0336485
28.0,90.0,18.0,2.9551764
28.0,92.0,18.0,2.8200507
28.0,94.0,18.0,2.9377975
28.0,96.0,18.0,3.261927
28.0,98.0,18.0,3.2808108
28.0,100.0,18.0,2.955294
28.0,102.0,18.0,2.8557324
28.0,104.0,18.0,2.8544285
28.0,106.0,18.0,2.858731
28.0,108.0,18.0,2.888957
28.0,110.0,18.0,2.9572086
28.0,112.0,18.0,3.2407873
28.0,114.0,18.0,3.2443123
28.0,116.0,18.0,3.128608
28.0,118.0,18.0,3.0439951
28.0,120.0,18.0,2.9158053
28.0,122.0,18.0,2.8209138
28.0,124.0,18.0,2.8134375
28.0,126.0,18.0,2.8168235
28.0,128.0,18.0,2.9784262
28.0,130.0,18.0,2.9768207
28.0,132.0,18.0,2.7436736
28.0,134.0,18.0,2.7487586
28.0,136.0,18.0,2.8285685
28.0,138.0,18.0,2.9387622
28.0,140.0,18.0,3.0836446
28.0,142.0,18.0,3.00665
28.0,144.0,18.0,3.03013
28.0,146.0,18.0,3.0249124
28.0,148.0,18.0,3.143386
28.0,150.0,18.0,3.1571987
28.0,152.0,18.0,2.9742806
28.0,154.0,18.0,3.0161023
28.0,156.0,18.0,3.312467
28.0,158.0,18.0,3.3531597
28.0,160.0,18.0,3.253371
28.0,162.0,18.0,3.1832356
28.0,164.0,18.0,3.164592
28.0,166.0,18.0,3.0949879
28.0,168.0,18.0,3.0272005
28.0,170.0,18.0,3.2218282
28.0,172.0,18.0,3.6414587
28.0,174.0,18.0,3.6651495
28.0,176.0,18.0,3.5420537
28.0,178.0,18.0,3.5188541
28.0,180.0,18.0,3.215404
30.0,-180.0,18.0,3.5465257
30.0,-178.0,18.0,3.6971931
30.0,-176.0,18.0,3.8010612
30.0,-174.0,18.0,3.7519836
30.0,-172.0,18.0,3.7326133
30.0,-170.0,18.0,3.777111
30.0,-168.0,18.0,3.7194214
30.0,-166.0,18.0,3.5497081
30.0,-164.0,18.0,3.6054935
30.0,-162.0,18.0,3.7574117
30.0,-160.0,18.0,4.017944
30.0,-158.0,18.0,4.258056
30.0,-156.0,18.0,4.45239
30.0,-154.0,18.0,4.507051
30.0,-152.0,18.0,4.3716745
30.0,-150.0,18.0,4.1894073
30.0,-148.0,18.0,4.160872
30.0,-146.0,18.0,4.3420305
30.0,-144.0,18.0,4.522959
30.0,-142.0,18.0,4.545473
30.0,-140.0,18.0,4.5324564
30.0,-138.0,18.0,4.6798806
30.0,-136.0,18.0,5.064945
30.0,-134.0,18.0,5.3688135
30.0,-132.0,18.0,5.332211
30.0,-130.0,18.0,5.05417
30.0,-128.0,18.0,5.077149
30.0,-126.0,18.0,5.4352493
30.0,-124.0,18.0,5.7682877
30.0,-122.0,18.0,5.839275
30.0,-120.0,18.0,5.8718624
30.0,-118.0,18.0,6.051948
30.0,-116.0,18.0,6.436662
30.0,-114.0,18.0,6.7089295
30.0,-112.0,18.0,6.572789
30.0,-110.0,18.0,6.621654
30.0,-108.0,18.0,6.959752
30.0,-106.0,18.0,7.005576
30.0,-104.0,18.0,6.9281845
30.0,-102.0,18.0,7.151632
30.0,-100.0,18.0,7.4004135
30.0,-98.0,18.0,7.1074886
30.0,-96.0,18.0,7.3514986
30.0,-94.0,18.0,7.5257597
30.0,-92.0,18.0,7.570884
30.0,-90.0,18.0,8.056336
30.0,-88.0,18.0,8.313233
30.0,-86.0,18.0,8.308948
30.0,-84.0,18.0,8.093568
30.0,-82.0,18.0,7.9507556
30.0,-80.0,18.0,8.069401
30.0,-78.0,18.0,7.965424
30.0,-76.0,18.0,7.992574
30.0,-74.0,18.0,7.8680024
30.0,-72.0,18.0,7.758613
30.0,-70.0,18.0,7.402251
30.0,-68.0,18.0,7.1442623
30.0,-66.0,18.0,6.9946547
30.0,-64.0,18.0,6.679639
30.0,-62.0,18.0,6.4536104
30.0,-60.0,18.0,6.4784594
30.0,-58.0,18.0,6.504662
30.0,-56.0,18.0,6.444781
30.0,-54.0,18.0,6.0284357
30.0,-52.0,18.0,5.477021
30.0,-50.0,18.0,5.04959
30.0,-48.0,18.0,4.899258
30.0,-46.0,18.0,4.846563
30.0,-44.0,18.0,4.7725997
30.0,-42.0,18.0,4.5079985
30.0,-40.0,18.0,4.209428
30.0,-38.0,18.0,4.227894
30.0,-36.0,18.0,4.344603
30.0,-34.0,18.0,4.2971706
30.0,-32.0,18.0,4.079138
30.0,-30.0,18.0,3.8059108
30.0,-28.0,18.0,4.020746
30.0,-26.0,18.0,4.225892
30.0,-24.0,18.0,4.2505345
30.0,-22.0,18.0,3.9874694
30.0,-20.0,18.0,3.6887221
30.0,-18.0,18.0,3.6533868
30.0,-16.0,18.0,3.430315
30.0,-14.0,18.0,3.410512
30.0,-12.0,18.0,3.5417802
30.0,-10.0,18.0,3.5931623
30.0,-8.0,18.0,3.5495245
30.0,-6.0,18.0,3.617378
30.0,-4.0,18.0,3.670167
30.0,-2.0,18.0,3.589183
30.0,0.0,18.0,3.5451543
30.0,2.0,18.0,3.75096
30.0,4.0,18.0,3.8589535
30.0,6.0,18.0,3.8018968
30.0,8.0,18.0,3.7123847
30.0,10.0,18.0,3.5245914
30.0,12.0,18.0,3.3503337
30.0,14.0,18.0,3.326045
30.0,16.0,18.0,3.3480716
30.0,18.0,18.0,3.4636917
30.0,20.0,18.0,3.5076945
30.0,22.0,18.0,3.5393727
30.0,24.0,18.0,3.5782213
30.0,26.0,18.0,3.3620296
30.0,28.0,18.0,3.408119
30.0,30.0,18.0,3.4770513
30.0,32.0,18.0,3.3740077
30.0,34.0,18.0,3.2931771
30.0,36.0,18.0,3.2667835
30.0,38.0,18.0,3.3411121
30.0,40.0,18.0,3.4269965
30.0,42.0,18.0,3.2225392
30.0,44.0,18.0,2.9672806
30.0,46.0,18.0,2.96431
30.0,48.0,18.0,3.019417
30.0,50.0,18.0,3.3237824
30.0,52.0,18.0,3.4523005
30.0,54.0,18.0,3.2727716
30.0,56.0,18.0,3.104809
30.0,58.0,18.0,3.1143453
30.0,60.0,18.0,3.261263
30.0,62.0,18.0,3.241238
30.0,64.0,18.0,3.268233
30.0,66.0,18.0,3.3907192
30.0,68.0,18.0,3.4091942
30.0,70.0,18.0,3.161568
30.0,72.0,18.0,2.9529493
30.0,74.0,18.0,2.9617782
30.0,76.0,18.0,2.9538622
30.0,78.0,18.0,2.8653274
30.0,80.0,18.0,3.0727577
30.0,82.0,18.0,3.451669
30.0,84.0,18.0,3.4738076
30.0,86.0,18.0,3.1822007
30.0,88.0,18.0,3.0733378
30.0,90.0,18.0,3.0165763
30.0,92.0,18.0,2.8806505
30.0,94.0,18.0,3.0123558
30.0,96.0,18.0,3.3947263
30.0,98.0,18.0,3.3845215
30.0,100.0,18.0,2.9902434
30.0,102.0,18.0,2.9135292
30.0,104.0,18.0,2.9552405
30.0,106.0,18.0,2.917434
30.0,108.0,18.0,2.9255867
30.0,110.0,18.0,3.002001
30.0,112.0,18.0,3.2410512
30.0,114.0,18.0,3.2675126
30.0,116.0,18.0,3.144382
30.0,118.0,18.0,3.0784674
30.0,120.0,18.0,3.0087123
30.0,122.0,18.0,2.8632734
30.0,124.0,18.0,2.8195245
30.0,126.0,18.0,2.78522
30.0,128.0,18.0,2.9856634
30.0,130.0,18.0,3.0258243
30.0,132.0,18.0,2.704146
30.0,134.0,18.0,2.674187
30.0,136.0,18.0,2.7433367
30.0,138.0,18.0,2.9659066
30.0,140.0,18.0,3.08104
30.0,142.0,18.0,2.9754128
30.0,144.0,18.0,2.929051
30.0,146.0,18.0,3.0038137
30.0,148.0,18.0,3.056486
30.0,150.0,18.0,3.143927
30.0,152.0,18.0,2.9867723
30.0,154.0,18.0,3.0177953
30.0,156.0,18.0,3.278535
30.0,158.0,18.0,3.3367743
30.0,160.0,18.0,3.246531
30.0,162.0,18.0,3.2140443
30.0,164.0,18.0,3.1999424
30.0,166.0,18.0,3.129596
30.0,168.0,18.0,3.156701
30.0,170.0,18.0,3.3662844
30.0,172.0,18.0,3.747908
30.0,174.0,18.0,3.7388744
30.0,176.0,18.0,3.6956623
30.0,178.0,18.0,3.752176
30.0,180.0,18.0,3.5465257
32.0,-180.0,18.0,4.046345
32.0,-178.0,18.0,4.1485085
32.0,-176.0,18.0,4.1208515
32.0,-174.0,18.0,4.242619
32.0,-172.0,18.0,4.1418333
32.0,-170.0,18.0,4.15108
32.0,-168.0,18.0,4.0339484
32.0,-166.0,18.0,3.8673158
32.0,-164.0,18.0,3.7828283
32.0,-162.0,18.0,3.9331474
32.0,-160.0,18.0,4.33285
32.0,-158.0,18.0,4.6718483
32.0,-156.0,18.0,4.8810368
32.0,-154.0,18.0,5.050114
32.0,-152.0,18.0,4.9159894
32.0,-150.0,18.0,4.723385
32.0,-148.0,18.0,4.6209965
32.0,-146.0,18.0,4.795662
32.0,-144.0,18.0,4.9594703
32.0,-142.0,18.0,5.1266146
32.0,-140.0,18.0,5.125544
32.0,-138.0,18.0,5.215002
32.0,-136.0,18.0,5.6300592
32.0,-134.0,18.0,5.9222302
32.0,-132.0,18.0,5.910406
32.0,-130.0,18.0,5.784906
32.0,-128.0,18.0,5.7355585
32.0,-126.0,18.0,6.103528
32.0,-124.0,18.0,6.5222006
32.0,-122.0,18.0,6.7259884
32.0,-120.0,18.0,6.7238345
32.0,-118.0,18.0,6.7706513
32.0,-116.0,18.0,7.165169
32.0,-114.0,18.0,7.457725
32.0,-112.0,18.0,7.395561
32.0,-110.0,18.0,7.3518667
32.0,-108.0,18.0,7.6781306
32.0,-106.0,18.0,7.8112288
32.0,-104.0,18.0,7.681747
32.0,-102.0,18.0,7.7937255
32.0,-100.0,18.0,8.078215
32.0,-98.0,18.0,7.938226
32.0,-96.0,18.0,7.989869
32.0,-94.0,18.0,8.031162
32.0,-92.0,18.0,8.19415
32.0,-90.0,18.0,8.647658
32.0,-88.0,18.0,8.776912
32.0,-86.0,18.0,8.782761
32.0,-84.0,18.0,8.780847
32.0,-82.0,18.0,8.697185
32.0,-80.0,18.0,8.546392
32.0,-78.0,18.0,8.467994
32.0,-76.0,18.0,8.640844
32.0,-74.0,18.0,8.414062
32.0,-72.0,18.0,8.128485
32.0,-70.0,18.0,7.8882804
32.0,-68.0,18.0,7.786272
32.0,-66.0,18.0,7.6699667
32.0,-64.0,18.0,7.3173394
32.0,-62.0,18.0,7.1412215
32.0,-60.0,18.0,7.160154
32.0,-58.0,18.0,7.016344
32.0,-56.0,18.0,6.561108
32.0,-54.0,18.0,6.386806
32.0,-52.0,18.0,6.2841625
32.0,-50.0,18.0,6.0431147
32.0,-48.0,18.0,5.6913223
32.0,-46.0,18.0,5.491681
32.0,-44.0,18.0,5.2003484
32.0,-42.0,18.0,5.0446496
32.0,-40.0,18.0,4.943063
32.0,-38.0,18.0,4.8331494
32.0,-36.0,18.0,4.875928
32.0,-34.0,18.0,4.850962
32.0,-32.0,18.0,4.6373477
32.0,-30.0,18.0,4.351886
32.0,-28.0,18.0,4.2941427
32.0,-26.0,18.0,4.603514
32.0,-24.0,18.0,4.718186
32.0,-22.0,18.0,4.307654
32.0,-20.0,18.0,4.036912
32.0,-18.0,18.0,4.0197597
32.0,-16.0,18.0,3.834955
32.0,-14.0,18.0,3.7464087
32.0,-12.0,18.0,3.804014
32.0,-10.0,18.0,3.833891
32.0,-8.0,18.0,3.812943
32.0,-6.0,18.0,3.903615
32.0,-4.0,18.0,4.025136
32.0,-2.0,18.0,4.0007515
32.0,0.0,18.0,3.9082992
32.0,2.0,18.0,3.8877902
32.0,4.0,18.0,3.9637601
32.0,6.0,18.0,4.0586824
32.0,8.0,18.0,4.026531
32.0,10.0,18.0,3.7970088
32.0,12.0,18.0,3.5997958
32.0,14.0,18.0,3.5311759
32.0,16.0,18.0,3.4968174
32.0,18.0,18.0,3.6277742
32.0,20.0,18.0,3.7659543
32.0,22.0,18.0,3.7942631
32.0,24.0,18.0,3.7522368
32.0,26.0,18.0,3.5818715
32.0,28.0,18.0,3.5921028
32.0,30.0,18.0,3.612918
32.0,32.0,18.0,3.4631655
32.0,34.0,18.0,3.3151445
32.0,36.0,18.0,3.3884192
32.0,38.0,18.0,3.5114574
32.0,40.0,18.0,3.5765195
32.0,42.0,18.0,3.3280978
32.0,44.0,18.0,3.1093085
32.0,46.0,18.0,3.1044326
32.0,48.0,18.0,3.175314
32.0,50.0,18.0,3.4733915
32.0,52.0,18.0,3.6871202
32.0,54.0,18.0,3.468703
32.0,56.0,18.0,3.27435
32.0,58.0,18.0,3.2891016
32.0,60.0,18.0,3.4335215
32.0,62.0,18.0,3.4830537
32.0,64.0,18.0,3.489577
32.0,66.0,18.0,3.5795462
32.0,68.0,18.0,3.6892512
32.0,70.0,18.0,3.4432852
32.0,72.0,18.0,3.2163014
32.0,74.0,18.0,3.2024708
32.0,76.0,18.0,3.1790142
32.0,78.0,18.0,3.104198
32.0,80.0,18.0,3.2570279
32.0,82.0,18.0,3.6922174
32.0,84.0,18.0,3.7265916
32.0,86.0,18.0,3.4163358
32.0,88.0,18.0,3.301724
32.0,90.0,18.0,3.2874396
32.0,92.0,18.0,3.146016
32.0,94.0,18.0,3.2769415
32.0,96.0,18.0,3.5648696
32.0,98.0,18.0,3.6428108
32.0,100.0,18.0,3.2925973
32.0,102.0,18.0,3.173679
32.0,104.0,18.0,3.0956898
32.0,106.0,18.0,3.1311011
32.0,108.0,18.0,3.1431932
32.0,110.0,18.0,3.172019
32.0,112.0,18.0,3.433686
32.0,114.0,18.0,3.5076225
32.0,116.0,18.0,3.3598795
32.0,118.0,18.0,3.285935
32.0,120.0,18.0,3.2421823
32.0,122.0,18.0,3.0758002
32.0,124.0,18.0,3.061897
32.0,126.0,18.0,3.0653508
32.0,128.0,18.0,3.200207
32.0,130.0,18.0,3.2187102
32.0,132.0,18.0,2.9471414
32.0,134.0,18.0,2.8806276
32.0,136.0,18.0,2.8723598
32.0,138.0,18.0,3.0419214
32.0,140.0,18.0,3.1838486
32.0,142.0,18.0,3.0938902
32.0,144.0,18.0,3.027138
32.0,146.0,18.0,3.1437168
32.0,148.0,18.0,3.1928535
32.0,150.0,18.0,3.2856653
32.0,152.0,18.0,3.10188
32.0,154.0,18.0,3.2129092
32.0,156.0,18.0,3.4130976
32.0,158.0,18.0,3.479012
32.0,160.0,18.0,3.3926513
32.0,162.0,18.0,3.4549072
32.0,164.0,18.0,3.4398298
32.0,166.0,18.0,3.4230993
32.0,168.0,18.0,3.5475626
32.0,170.0,18.0,3.705267
32.0,172.0,18.0,4.102224
32.0,174.0,18.0,4.11029
32.0,176.0,18.0,4.1874027
32.0,178.0,18.0,4.1545267
32.0,180.0,18.0,4.046345
34.0,-180.0,18.0,4.1376104
34.0,-178.0,18.0,4.222925
34.0,-176.0,18.0,4.245464
34.0,-174.0,18.0,4.340429
34.0,-172.0,18.0,4.254972
34.0,-170.0,18.0,4.2169976
34.0,-168.0,18.0,4.1242304
34.0,-166.0,18.0,3.990133
34.0,-164.0,18.0,3.9426298
34.0,-162.0,18.0,4.063061
34.0,-160.0,18.0,4.4774346
34.0,-158.0,18.0,4.922031
34.0,-156.0,18.0,5.217545
34.0,-154.0,18.0,5.280576
34.0,-152.0,18.0,5.1970477
34.0,-150.0,18.0,4.965369
34.0,-148.0,18.0,4.8514166
34.0,-146.0,18.0,4.9672494
34.0,-144.0,18.0,5.252812
34.0,-142.0,18.0,5.5258594
34.0,-140.0,18.0,5.5764594
34.0,-138.0,18.0,5.604689
34.0,-136.0,18.0,5.999107
34.0,-134.0,18.0,6.394353
34.0,-132.0,18.0,6.4823427
34.0,-130.0,18.0,6.272075
34.0,-128.0,18.0,6.304186
34.0,-126.0,18.0,6.391328
34.0,-124.0,18.0,6.752117
34.0,-122.0,18.0,6.911452
34.0,-120.0,18.0,6.9911766
34.0,-118.0,18.0,7.0837007
34.0,-116.0,18.0,7.488024
34.0,-114.0,18.0,7.922775
34.0,-112.0,18.0,7.790112
34.0,-110.0,18.0,7.7092977
34.0,-108.0,18.0,8.002253
34.0,-106.0,18.0,8.075775
34.0,-104.0,18.0,8.045728
34.0,-102.0,18.0,8.175095
34.0,-100.0,18.0,8.479518
34.0,-98.0,18.0,8.436493
34.0,-96.0,18.0,8.459067
34.0,-94.0,18.0,8.626821
34.0,-92.0,18.0,8.708657
34.0,-90.0,18.0,8.942376
34.0,-88.0,18.0,9.145595
34.0,-86.0,18.0,9.138054
34.0,-84.0,18.0,9.178597
34.0,-82.0,18.0,9.21932
34.0,-80.0,18.0,9.049693
34.0,-78.0,18.0,8.995687
34.0,-76.0,18.0,9.237932
34.0,-74.0,18.0,8.979273
34.0,-72.0,18.0,8.776782
34.0,-70.0,18.0,8.347211
34.0,-68.0,18.0,8.25172
34.0,-66.0,18.0,8.153078
34.0,-64.0,18.0,7.913468
34.0,-62.0,18.0,7.5065227
34.0,-60.0,18.0,7.5870295
34.0,-58.0,18.0,7.0673585
34.0,-56.0,18.0,6.7165523
34.0,-54.0,18.0,6.731098
34.0,-52.0,18.0,6.8581457
34.0,-50.0,18.0,6.567916
34.0,-48.0,18.0,6.14245
34.0,-46.0,18.0,5.82399
34.0,-44.0,18.0,5.538309
34.0,-42.0,18.0,5.4437714
34.0,-40.0,18.0,5.3794208
34.0,-38.0,18.0,5.208024
34.0,-36.0,18.0,5.114024
34.0,-34.0,18.0,5.0366964
34.0,-32.0,18.0,4.894776
34.0,-30.0,18.0,4.6110373
34.0,-28.0,18.0,4.5966854
34.0,-26.0,18.0,4.833204
34.0,-24.0,18.0,5.0038037
34.0,-22.0,18.0,4.64901
34.0,-20.0,18.0,4.218206
34.0,-18.0,18.0,4.1757345
34.0,-16.0,18.0,3.9774518
34.0,-14.0,18.0,3.8505988
34.0,-12.0,18.0,3.992853
34.0,-10.0,18.0,4.035474
34.0,-8.0,18.0,4.0966115
34.0,-6.0,18.0,4.093815
34.0,-4.0,18.0,4.2202096
34.0,-2.0,18.0,4.140993
34.0,0.0,18.0,3.9976385
34.0,2.0,18.0,4.0955586
34.0,4.0,18.0,4.2297826
34.0,6.0,18.0,4.3627973
34.0,8.0,18.0,4.261408
34.0,10.0,18.0,3.9753432
34.0,12.0,18.0,3.7977612
34.0,14.0,18.0,3.7835758
34.0,16.0,18.0,3.7030084
34.0,18.0,18.0,3.8487844
34.0,20.0,18.0,3.96885
34.0,22.0,18.0,4.037295
34.0,24.0,18.0,4.019661
34.0,26.0,18.0,3.7636173
34.0,28.0,18.0,3.7717338
34.0,30.0,18.0,3.840992
34.0,32.0,18.0,3.7014968
34.0,34.0,18.0,3.5759704
34.0,36.0,18.0,3.6709669
34.0,38.0,18.0,3.7700562
34.0,40.0,18.0,3.77449
34.0,42.0,18.0,3.5282602
34.0,44.0,18.0,3.3821936
34.0,46.0,18.0,3.3837714
34.0,48.0,18.0,3.3914585
34.0,50.0,18.0,3.5905433
34.0,52.0,18.0,3.7933104
34.0,54.0,18.0,3.6383512
34.0,56.0,18.0,3.4195168
34.0,58.0,18.0,3.3651788
34.0,60.0,18.0,3.4836318
34.0,62.0,18.0,3.604452
34.0,64.0,18.0,3.6079357
34.0,66.0,18.0,3.6938653
34.0,68.0,18.0,3.7971365
34.0,70.0,18.0,3.4577296
34.0,72.0,18.0,3.2512462
34.0,74.0,18.0,3.2774236
34.0,76.0,18.0,3.274614
34.0,78.0,18.0,3.251972
34.0,80.0,18.0,3.3697903
34.0,82.0,18.0,3.8404105
34.0,84.0,18.0,3.868377
34.0,86.0,18.0,3.4958525
34.0,88.0,18.0,3.3773592
34.0,90.0,18.0,3.404431
34.0,92.0,18.0,3.3283668
34.0,94.0,18.0,3.3691127
34.0,96.0,18.0,3.7323558
34.0,98.0,18.0,3.7885509
34.0,100.0,18.0,3.363048
34.0,102.0,18.0,3.3181932
34.0,104.0,18.0,3.267027
34.0,106.0,18.0,3.249993
34.0,108.0,18.0,3.2853768
34.0,110.0,18.0,3.362084
34.0,112.0,18.0,3.6416042
34.0,114.0,18.0,3.7048266
34.0,116.0,18.0,3.4742553
34.0,118.0,18.0,3.3909657
34.0,120.0,18.0,3.316667
34.0,122.0,18.0,3.22807
34.0,124.0,18.0,3.228925
34.0,126.0,18.0,3.1872997
34.0,128.0,18.0,3.2958643
34.0,130.0,18.0,3.337683
34.0,132.0,18.0,3.015805
34.0,134.0,18.0,2.9609241
34.0,136.0,18.0,3.0104678
34.0,138.0,18.0,3.1290123
34.0,140.0,18.0,3.2492478
34.0,142.0,18.0,3.1598415
34.0,144.0,18.0,3.1614192
34.0,146.0,18.0,3.2414622
34.0,148.0,18.0,3.350299
34.0,150.0,18.0,3.3914683
34.0,152.0,18.0,3.1830122
34.0,154.0,18.0,3.3177555
34.0,156.0,18.0,3.6821206
34.0,158.0,18.0,3.7280254
34.0,160.0,18.0,3.6398578
34.0,162.0,18.0,3.6209908
34.0,164.0,18.0,3.588653
34.0,166.0,18.0,3.557565
34.0,168.0,18.0,3.6365347
34.0,170.0,18.0,3.8213725
34.0,172.0,18.0,4.2634983
34.0,174.0,18.0,4.248398
34.0,176.0,18.0,4.197768
34.0,178.0,18.0,4.109478
34.0,180.0,18.0,4.1376104
36.0,-180.0,18.0,4.823238
36.0,-178.0,18.0,4.8558583
36.0,-176.0,18.0,4.810235
36.0,-174.0,18.0,4.944491
36.0,-172.0,18.0,4.95474
36.0,-170.0,18.0,4.9632063
36.0,-168.0,18.0,4.903998
36.0,-166.0,18.0,4.745994
36.0,-164.0,18.0,4.8935237
36.0,-162.0,18.0,5.094324
36.0,-160.0,18.0,5.5575185
36.0,-158.0,18.0,6.019984
36.0,-156.0,18.0,6.377306
36.0,-154.0,18.0,6.399806
36.0,-152.0,18.0,6.296975
36.0,-150.0,18.0,5.9573607
36.0,-148.0,18.0,5.7996564
36.0,-146.0,18.0,5.975757
36.0,-144.0,18.0,6.36397
36.0,-142.0,18.0,6.539155
36.0,-140.0,18.0,6.774286
36.0,-138.0,18.0,6.9293413
36.0,-136.0,18.0,7.1662793
36.0,-134.0,18.0,7.3347178
36.0,-132.0,18.0,7.3686013
36.0,-130.0,18.0,7.4131813
36.0,-128.0,18.0,7.353118
36.0,-126.0,18.0,7.5136437
36.0,-124.0,18.0,7.765634
36.0,-122.0,18.0,7.764325
36.0,-120.0,18.0,7.9072723
36.0,-118.0,18.0,8.219183
36.0,-116.0,18.0,8.779242
36.0,-114.0,18.0,8.986906
36.0,-112.0,18.0,9.003731
36.0,-110.0,18.0,8.663978
36.0,-108.0,18.0,8.927952
36.0,-106.0,18.0,9.068363
36.0,-104.0,18.0,8.968652
36.0,-102.0,18.0,9.127763
36.0,-100.0,18.0,9.460857
36.0,-98.0,18.0,9.305639
36.0,-96.0,18.0,9.365428
36.0,-94.0,18.0,9.681219
36.0,-92.0,18.0,9.765112
36.0,-90.0,18.0,10.068159
36.0,-88.0,18.0,10.3766575
36.0,-86.0,18.0,10.545976
36.0,-84.0,18.0,10.235929
36.0,-82.0,18.0,10.322475
36.0,-80.0,18.0,10.333943
36.0,-78.0,18.0,10.330596
36.0,-76.0,18.0,10.508065
36.0,-74.0,18.0,10.2988615
36.0,-72.0,18.0,10.204797
36.0,-70.0,18.0,9.726287
36.0,-68.0,18.0,9.365095
36.0,-66.0,18.0,9.207792
36.0,-64.0,18.0,8.79414
36.0,-62.0,18.0,8.466981
36.0,-60.0,18.0,8.502241
36.0,-58.0,18.0,8.295806
36.0,-56.0,18.0,8.081106
36.0,-54.0,18.0,8.201832
36.0,-52.0,18.0,8.007736
36.0,-50.0,18.0,7.615771
36.0,-48.0,18.0,7.138401
36.0,-46.0,18.0,6.768263
36.0,-44.0,18.0,6.694004
36.0,-42.0,18.0,6.516522
36.0,-40.0,18.0,6.5396633
36.0,-38.0,18.0,6.373548
36.0,-36.0,18.0,6.155349
36.0,-34.0,18.0,6.0082827
36.0,-32.0,18.0,5.743464
36.0,-30.0,18.0,5.5333896
36.0,-28.0,18.0,5.7075486
36.0,-26.0,18.0,5.940033
36.0,-24.0,18.0,6.055035
36.0,-22.0,18.0,5.606158
36.0,-20.0,18.0,4.853971
36.0,-18.0,18.0,4.6570344
36.0,-16.0,18.0,4.4497266
36.0,-14.0,18.0,4.401768
36.0,-12.0,18.0,4.5074043
36.0,-10.0,18.0,4.6392446
36.0,-8.0,18.0,4.780729
36.0,-6.0,18.0,4.836841
36.0,-4.0,18.0,4.5640564
36.0,-2.0,18.0,4.588867
36.0,0.0,18.0,4.606354
36.0,2.0,18.0,4.82688
36.0,4.0,18.0,4.9764643
36.0,6.0,18.0,5.1102033
36.0,8.0,18.0,5.126913
36.0,10.0,18.0,4.617878
36.0,12.0,18.0,4.3958836
36.0,14.0,18.0,4.4554043
36.0,16.0,18.0,4.3771043
36.0,18.0,18.0,4.4941754
36.0,20.0,18.0,4.6609697
36.0,22.0,18.0,4.97621
36.0,24.0,18.0,4.977115
36.0,26.0,18.0,4.7645
36.0,28.0,18.0,4.712106
36.0,30.0,18.0,4.715523
36.0,32.0,18.0,4.5665426
36.0,34.0,18.0,4.31952
36.0,36.0,18.0,4.2883363
36.0,38.0,18.0,4.3450866
36.0,40.0,18.0,4.543299
36.0,42.0,18.0,4.3231997
36.0,44.0,18.0,4.1628346
36.0,46.0,18.0,4.1126695
36.0,48.0,18.0,4.1605287
36.0,50.0,18.0,4.501269
36.0,52.0,18.0,4.6186156
36.0,54.0,18.0,4.236242
36.0,56.0,18.0,3.9739466
36.0,58.0,18.0,4.0217285
36.0,60.0,18.0,4.3192806
36.0,62.0,18.0,4.4427347
36.0,64.0,18.0,4.4318385
36.0,66.0,18.0,4.4971385
36.0,68.0,18.0,4.4997573
36.0,70.0,18.0,4.1965938
36.0,72.0,18.0,3.8904142
36.0,74.0,18.0,3.8696167
36.0,76.0,18.0,3.951576
36.0,78.0,18.0,3.9734926
36.0,80.0,18.0,4.083193
36.0,82.0,18.0,4.549071
36.0,84.0,18.0,4.6452975
36.0,86.0,18.0,4.276139
36.0,88.0,18.0,4.052802
36.0,90.0,18.0,4.1693926
36.0,92.0,18.0,4.03924
36.0,94.0,18.0,4.1421766
36.0,96.0,18.0,4.5949774
36.0,98.0,18.0,4.586559
36.0,100.0,18.0,4.097478
36.0,102.0,18.0,3.882106
36.0,104.0,18.0,3.869626
36.0,106.0,18.0,3.97712
36.0,108.0,18.0,3.925686
36.0,110.0,18.0,3.9796486
36.0,112.0,18.0,4.36872
36.0,114.0,18.0,4.4202952
36.0,116.0,18.0,4.0586724
36.0,118.0,18.0,3.9042542
36.0,120.0,18.0,3.9693255
36.0,122.0,18.0,3.9117672
36.0,124.0,18.0,3.8678377
36.0,126.0,18.0,3.7937467
36.0,128.0,18.0,3.9560845
36.0,130.0,18.0,3.9325416
36.0,132.0,18.0,3.5147772
36.0,134.0,18.0,3.4395256
36.0,136.0,18.0,3.4200523
36.0,138.0,18.0,3.6518712
36.0,140.0,18.0,3.9100087
36.0,142.0,18.0,3.813879
36.0,144.0,18.0,3.8405697
36.0,146.0,18.0,3.8783906
36.0,148.0,18.0,4.020724
36.0,150.0,18.0,4.0369434
36.0,152.0,18.0,3.7594056
36.0,154.0,18.0,3.889471
36.0,156.0,18.0,4.287085
36.0,158.0,18.0,4.212109
36.0,160.0,18.0,4.1568294
36.0,162.0,18.0,4.107004
36.0,164.0,18.0,3.9395027
36.0,166.0,18.0,3.9433327
36.0,168.0,18.0,4.1746716
36.0,170.0,18.0,4.435664
36.0,172.0,18.0,5.020887
36.0,174.0,18.0,5.2648797
36.0,176.0,18.0,5.117924
36.0,178.0,18.0,4.9478264
36.0,180.0,18.0,4.823238
38.0,-180.0,18.0,5.630548
38.0,-178.0,18.0,5.750639
38.0,-176.0,18.0,5.8771687
38.0,-174.0,18.0,6.182283
38.0,-172.0,18.0,6.0843954
38.0,-170.0,18.0,6.0668116
38.0,-168.0,18.0,5.750766
38.0,-166.0,18.0,5.422775
38.0,-164.0,18.0,5.7740736
38.0,-162.0,18.0,6.188072
38.0,-160.0,18.0,6.7872434
38.0,-158.0,18.0,7.177514
38.0,-156.0,18.0,7.723922
38.0,-154.0,18.0,7.7520986
38.0,-152.0,18.0,7.7567506
38.0,-150.0,18.0,7.255317
38.0,-148.0,18.0,6.8976684
38.0,-146.0,18.0,6.9904714
38.0,-144.0,18.0,7.444833
38.0,-142.0,18.0,7.485807
38.0,-140.0,18.0,7.8314385
38.0,-138.0,18.0,8.06237
38.0,-136.0,18.0,8.226999
38.0,-134.0,18.0,8.262721
38.0,-132.0,18.0,8.309294
38.0,-130.0,18.0,8.412328
38.0,-128.0,18.0,8.522173
38.0,-126.0,18.0,8.6415415
38.0,-124.0,18.0,8.723112
38.0,-122.0,18.0,8.779894
38.0,-120.0,18.0,8.985461
38.0,-118.0,18.0,9.279749
38.0,-116.0,18.0,9.999207
38.0,-114.0,18.0,10.299385
38.0,-112.0,18.0,10.332689
38.0,-110.0,18.0,9.919585
38.0,-108.0,18.0,10.065152
38.0,-106.0,18.0,10.248841
38.0,-104.0,18.0,10.065961
38.0,-102.0,18.0,10.129293
38.0,-100.0,18.0,10.668645
38.0,-98.0,18.0,10.443928
38.0,-96.0,18.0,10.392674
38.0,-94.0,18.0,10.519992
38.0,-92.0,18.0,10.695789
38.0,-90.0,18.0,11.18074
38.0,-88.0,18.0,11.272556
38.0,-86.0,18.0,11.681497
38.0,-84.0,18.0,11.785552
38.0,-82.0,18.0,11.75692
38.0,-80.0,18.0,11.412923
38.0,-78.0,18.0,11.5636015
38.0,-76.0,18.0,11.664776
38.0,-74.0,18.0,11.141963
38.0,-72.0,18.0,11.090391
38.0,-70.0,18.0,10.844584
38.0,-68.0,18.0,10.592678
38.0,-66.0,18.0,10.253663
38.0,-64.0,18.0,9.684855
38.0,-62.0,18.0,9.5355625
38.0,-60.0,18.0,9.605852
38.0,-58.0,18.0,9.512383
38.0,-56.0,18.0,9.117025
38.0,-54.0,18.0,9.290038
38.0,-52.0,18.0,8.990108
38.0,-50.0,18.0,8.470704
38.0,-48.0,18.0,7.960547
38.0,-46.0,18.0,7.785036
38.0,-44.0,18.0,7.8194346
38.0,-42.0,18.0,7.7773423
38.0,-40.0,18.0,7.58502
38.0,-38.0,18.0,7.403525
38.0,-36.0,18.0,7.0926166
38.0,-34.0,18.0,6.9786034
38.0,-32.0,18.0,6.8285203
38.0,-30.0,18.0,6.8092027
38.0,-28.0,18.0,7.033396
38.0,-26.0,18.0,7.208572
38.0,-24.0,18.0,7.32221
38.0,-22.0,18.0,6.9106164
38.0,-20.0,18.0,6.1475835
38.0,-18.0,18.0,5.6232095
38.0,-16.0,18.0,5.39172
38.0,-14.0,18.0,5.4675684
38.0,-12.0,18.0,5.429857
38.0,-10.0,18.0,5.5630503
38.0,-8.0,18.0,6.1610603
38.0,-6.0,18.0,6.190829
38.0,-4.0,18.0,5.57466
38.0,-2.0,18.0,5.4983635
38.0,0.0,18.0,5.650264
38.0,2.0,18.0,5.740637
38.0,4.0,18.0,5.8630166
38.0,6.0,18.0,6.178262
38.0,8.0,18.0,6.308322
38.0,10.0,18.0,5.5086603
38.0,12.0,18.0,5.2091684
38.0,14.0,18.0,5.3056946
38.0,16.0,18.0,5.308115
38.0,18.0,18.0,5.378173
38.0,20.0,18.0,5.631057
38.0,22.0,18.0,5.910443
38.0,24.0,18.0,5.9341006
38.0,26.0,18.0,5.6788573
38.0,28.0,18.0,5.6331983
38.0,30.0,18.0,5.659955
38.0,32.0,18.0,5.380255
38.0,34.0,18.0,5.014923
38.0,36.0,18.0,4.987405
38.0,38.0,18.0,5.180998
38.0,40.0,18.0,5.5692706
38.0,42.0,18.0,5.180953
38.0,44.0,18.0,4.7881694
38.0,46.0,18.0,4.7336946
38.0,48.0,18.0,4.963415
38.0,50.0,18.0,5.499401
38.0,52.0,18.0,5.5479264
38.0,54.0,18.0,5.0400896
38.0,56.0,18.0,4.731816
38.0,58.0,18.0,4.854146
38.0,60.0,18.0,5.2672915
38.0,62.0,18.0,5.3702226
38.0,64.0,18.0,5.3190055
38.0,66.0,18.0,5.4081674
38.0,68.0,18.0,5.4546657
38.0,70.0,18.0,5.01047
38.0,72.0,18.0,4.595915
38.0,74.0,18.0,4.5711794
38.0,76.0,18.0,4.7815857
38.0,78.0,18.0,4.790299
38.0,80.0,18.0,4.9891067
38.0,82.0,18.0,5.415475
38.0,84.0,18.0,5.426625
38.0,86.0,18.0,4.938751
38.0,88.0,18.0,4.83341
38.0,90.0,18.0,4.9145813
38.0,92.0,18.0,4.9117913
38.0,94.0,18.0,5.011101
38.0,96.0,18.0,5.478354
38.0,98.0,18.0,5.403186
38.0,100.0,18.0,4.7618375
38.0,102.0,18.0,4.517165
38.0,104.0,18.0,4.5438643
38.0,106.0,18.0,4.4927297
38.0,108.0,18.0,4.4574018
38.0,110.0,18.0,4.6190543
38.0,112.0,18.0,4.90018
38.0,114.0,18.0,4.9751253
38.0,116.0,18.0,4.6631246
38.0,118.0,18.0,4.513017
38.0,120.0,18.0,4.6334157
38.0,122.0,18.0,4.490671
38.0,124.0,18.0,4.4814715
38.0,126.0,18.0,4.478023
38.0,128.0,18.0,4.686645
38.0,130.0,18.0,4.4748917
38.0,132.0,18.0,4.1042995
38.0,134.0,18.0,3.9100761
38.0,136.0,18.0,3.9338553
38.0,138.0,18.0,4.2673936
38.0,140.0,18.0,4.4596767
38.0,142.0,18.0,4.4874153
38.0,144.0,18.0,4.541824
38.0,146.0,18.0,4.61973
38.0,148.0,18.0,4.618533
38.0,150.0,18.0,4.6617084
38.0,152.0,18.0,4.4238434
38.0,154.0,18.0,4.4722433
38.0,156.0,18.0,4.822265
38.0,158.0,18.0,4.8402085
38.0,160.0,18.0,4.7513957
38.0,162.0,18.0,4.6427464
38.0,164.0,18.0,4.3829603
38.0,166.0,18.0,4.3158154
38.0,168.0,18.0,4.5994496
38.0,170.0,18.0,5.0861135
38.0,172.0,18.0,6.112623
38.0,174.0,18.0,6.3192635
38.0,176.0,18.0,6.362282
38.0,178.0,18.0,6.018552
38.0,180.0,18.0,5.630548
40.0,-180.0,18.0,5.2602744
40.0,-178.0,18.0,5.4204116
40.0,-176.0,18.0,5.47203
40.0,-174.0,18.0,5.699805
40.0,-172.0,18.0,5.653982
40.0,-170.0,18.0,5.8134365
40.0,-168.0,18.0,5.4550414
40.0,-166.0,18.0,5.129885
40.0,-164.0,18.0,5.5011315
40.0,-162.0,18.0,5.868661
40.0,-160.0,18.0,6.3680625
40.0,-158.0,18.0,6.8864374
40.0,-156.0,18.0,7.508812
40.0,-154.0,18.0,7.584781
40.0,-152.0,18.0,7.208761
40.0,-150.0,18.0,6.859709
40.0,-148.0,18.0,6.573626
40.0,-146.0,18.0,6.646585
40.0,-144.0,18.0,6.971687
40.0,-142.0,18.0,7.1352715
40.0,-140.0,18.0,7.3569865
40.0,-138.0,18.0,7.586648
40.0,-136.0,18.0,7.7581744
40.0,-134.0,18.0,7.8630347
40.0,-132.0,18.0,7.8324637
40.0,-130.0,18.0,7.9866333
40.0,-128.0,18.0,8.349664
40.0,-126.0,18.0,8.448308
40.0,-124.0,18.0,8.421013
40.0,-122.0,18.0,8.636381
40.0,-120.0,18.0,8.860802
40.0,-118.0,18.0,9.109251
40.0,-116.0,18.0,9.779688
40.0,-114.0,18.0,10.281678
40.0,-112.0,18.0,10.276779
40.0,-110.0,18.0,9.728185
40.0,-108.0,18.0,9.854449
40.0,-106.0,18.0,10.243716
40.0,-104.0,18.0,9.778731
40.0,-102.0,18.0,9.581819
40.0,-100.0,18.0,10.398712
40.0,-98.0,18.0,10.525346
40.0,-96.0,18.0,10.091006
40.0,-94.0,18.0,9.926219
40.0,-92.0,18.0,10.281713
40.0,-90.0,18.0,10.797258
40.0,-88.0,18.0,10.769154
40.0,-86.0,18.0,11.308574
40.0,-84.0,18.0,11.502462
40.0,-82.0,18.0,11.424087
40.0,-80.0,18.0,10.828401
40.0,-78.0,18.0,10.893738
40.0,-76.0,18.0,11.103426
40.0,-74.0,18.0,10.345635
40.0,-72.0,18.0,10.269855
40.0,-70.0,18.0,10.410264
40.0,-68.0,18.0,10.514676
40.0,-66.0,18.0,10.135372
40.0,-64.0,18.0,9.681162
40.0,-62.0,18.0,9.550156
40.0,-60.0,18.0,9.643073
40.0,-58.0,18.0,9.242354
40.0,-56.0,18.0,8.891015
40.0,-54.0,18.0,9.099802
40.0,-52.0,18.0,8.942764
40.0,-50.0,18.0,8.425014
40.0,-48.0,18.0,7.7853847
40.0,-46.0,18.0,7.6651
40.0,-44.0,18.0,7.5996842
40.0,-42.0,18.0,7.5318284
40.0,-40.0,18.0,7.441152
40.0,-38.0,18.0,7.28993
40.0,-36.0,18.0,6.980666
40.0,-34.0,18.0,6.8029
40.0,-32.0,18.0,6.7427535
40.0,-30.0,18.0,6.760073
40.0,-28.0,18.0,6.951054
40.0,-26.0,18.0,7.191459
40.0,-24.0,18.0,7.4178734
40.0,-22.0,18.0,6.8786726
40.0,-20.0,18.0,6.252547
40.0,-18.0,18.0,5.7528777
40.0,-16.0,18.0,5.466288
40.0,-14.0,18.0,5.534768
40.0,-12.0,18.0,5.6893506
40.0,-10.0,18.0,5.8253818
40.0,-8.0,18.0,6.1626015
40.0,-6.0,18.0,6.103774
40.0,-4.0,18.0,5.704533
40.0,-2.0,18.0,5.6305103
40.0,0.0,18.0,5.659833
40.0,2.0,18.0,5.816034
40.0,4.0,18.0,5.9101834
40.0,6.0,18.0,6.083544
40.0,8.0,18.0,6.094064
40.0,10.0,18.0,5.537887
40.0,12.0,18.0,5.2151003
40.0,14.0,18.0,5.3407445
40.0,16.0,18.0,5.284872
40.0,18.0,18.0,5.36297
40.0,20.0,18.0,5.531226
40.0,22.0,18.0,5.840126
40.0,24.0,18.0,5.8548474
40.0,26.0,18.0,5.6352296
40.0,28.0,18.0,5.634891
40.0,30.0,18.0,5.5725007
40.0,32.0,18.0,5.1318216
40.0,34.0,18.0,4.91657
40.0,36.0,18.0,5.0155087
40.0,38.0,18.0,5.256916
40.0,40.0,18.0,5.522325
40.0,42.0,18.0,5.193442
40.0,44.0,18.0,4.561252
40.0,46.0,18.0,4.407778
40.0,48.0,18.0,4.812594
40.0,50.0,18.0,5.4322796
40.0,52.0,18.0,5.4416866
40.0,54.0,18.0,4.9550405
40.0,56.0,18.0,4.6817226
40.0,58.0,18.0,4.7716584
40.0,60.0,18.0,5.294975
40.0,62.0,18.0,5.3976364
40.0,64.0,18.0,5.3426123
40.0,66.0,18.0,5.495473
40.0,68.0,18.0,5.644836
40.0,70.0,18.0,5.1502357
40.0,72.0,18.0,4.6807632
40.0,74.0,18.0,4.595664
40.0,76.0,18.0,4.78634
40.0,78.0,18.0,4.7811174
40.0,80.0,18.0,4.9956303
40.0,82.0,18.0,5.619269
40.0,84.0,18.0,5.446668
40.0,86.0,18.0,4.883799
40.0,88.0,18.0,4.7981052
40.0,90.0,18.0,4.893243
40.0,92.0,18.0,4.8851995
40.0,94.0,18.0,5.0154037
40.0,96.0,18.0,5.478329
40.0,98.0,18.0,5.479226
40.0,100.0,18.0,4.782222
40.0,102.0,18.0,4.485161
40.0,104.0,18.0,4.4351044
40.0,106.0,18.0,4.447772
40.0,108.0,18.0,4.480471
40.0,110.0,18.0,4.6350327
40.0,112.0,18.0,4.897152
40.0,114.0,18.0,4.826766
40.0,116.0,18.0,4.6415534
40.0,118.0,18.0,4.470714
40.0,120.0,18.0,4.478782
40.0,122.0,18.0,4.5000157
40.0,124.0,18.0,4.569938
40.0,126.0,18.0,4.559733
40.0,128.0,18.0,4.533497
40.0,130.0,18.0,4.334224
40.0,132.0,18.0,3.9908843
40.0,134.0,18.0,3.8406496
40.0,136.0,18.0,3.8941262
40.0,138.0,18.0,4.0540633
40.0,140.0,18.0,4.2937975
40.0,142.0,18.0,4.366772
40.0,144.0,18.0,4.350976
40.0,146.0,18.0,4.371434
40.0,148.0,18.0,4.3440332
40.0,150.0,18.0,4.369108
40.0,152.0,18.0,4.2151985
40.0,154.0,18.0,4.226224
40.0,156.0,18.0,4.3678665
40.0,158.0,18.0,4.535312
40.0,160.0,18.0,4.5513597
40.0,162.0,18.0,4.392042
40.0,164.0,18.0,4.190267
40.0,166.0,18.0,4.2314606
40.0,168.0,18.0,4.545621
40.0,170.0,18.0,4.876051
40.0,172.0,18.0,5.5073085
40.0,174.0,18.0,5.889253
40.0,176.0,18.0,5.885778
40.0,178.0,18.0,5.4910607
40.0,180.0,18.0,5.2602744
42.0,-180.0,18.0,4.9636827
42.0,-178.0,18.0,5.1918693
42.0,-176.0,18.0,5.2144027
42.0,-174.0,18.0,5.32243
42.0,-172.0,18.0,5.4095197
42.0,-170.0,18.0,5.549234
42.0,-168.0,18.0,5.2114854
42.0,-166.0,18.0,4.940343
42.0,-164.0,18.0,5.3485675
42.0,-162.0,18.0,5.5405865
42.0,-160.0,18.0,5.949937
42.0,-158.0,18.0,6.5139256
42.0,-156.0,18.0,7.1077676
42.0,-154.0,18.0,7.173176
42.0,-152.0,18.0,6.6304994
42.0,-150.0,18.0,6.308683
42.0,-148.0,18.0,6.2167583
42.0,-146.0,18.0,6.055552
42.0,-144.0,18.0,6.222994
42.0,-142.0,18.0,6.4382024
42.0,-140.0,18.0,6.7537727
42.0,-138.0,18.0,6.9625607
42.0,-136.0,18.0,6.9715276
42.0,-134.0,18.0,6.8777885
42.0,-132.0,18.0,6.9367723
42.0,-130.0,18.0,7.454518
42.0,-128.0,18.0,7.768434
42.0,-126.0,18.0,7.9400544
42.0,-124.0,18.0,7.9558396
42.0,-122.0,18.0,8.165474
42.0,-120.0,18.0,8.466149
42.0,-118.0,18.0,8.847104
42.0,-116.0,18.0,9.276287
42.0,-114.0,18.0,9.730687
42.0,-112.0,18.0,9.6357975
42.0,-110.0,18.0,9.199632
42.0,-108.0,18.0,9.085514
42.0,-106.0,18.0,9.220136
42.0,-104.0,18.0,8.92332
42.0,-102.0,18.0,8.803348
42.0,-100.0,18.0,9.407541
42.0,-98.0,18.0,9.724574
42.0,-96.0,18.0,9.542047
42.0,-94.0,18.0,9.353345
42.0,-92.0,18.0,9.6281595
42.0,-90.0,18.0,9.629918
42.0,-88.0,18.0,9.884734
42.0,-86.0,18.0,10.188545
42.0,-84.0,18.0,10.343377
42.0,-82.0,18.0,10.269101
42.0,-80.0,18.0,9.795584
42.0,-78.0,18.0,9.831882
42.0,-76.0,18.0,9.791873
42.0,-74.0,18.0,9.31711
42.0,-72.0,18.0,9.38413
42.0,-70.0,18.0,9.672879
42.0,-68.0,18.0,9.897035
42.0,-66.0,18.0,9.756092
42.0,-64.0,18.0,9.258498
42.0,-62.0,18.0,9.232552
42.0,-60.0,18.0,9.2553
42.0,-58.0,18.0,8.742817
42.0,-56.0,18.0,8.161276
42.0,-54.0,18.0,8.42232
42.0,-52.0,18.0,8.380433
42.0,-50.0,18.0,7.9187503
42.0,-48.0,18.0,7.333691
42.0,-46.0,18.0,6.9659624
42.0,-44.0,18.0,6.945805
42.0,-42.0,18.0,6.967716
42.0,-40.0,18.0,7.075122
42.0,-38.0,18.0,6.840475
42.0,-36.0,18.0,6.4807215
42.0,-34.0,18.0,6.544426
42.0,-32.0,18.0,6.505491
42.0,-30.0,18.0,6.528073
42.0,-28.0,18.0,6.7559013
42.0,-26.0,18.0,7.221191
42.0,-24.0,18.0,7.366809
42.0,-22.0,18.0,6.786839
42.0,-20.0,18.0,6.095934
42.0,-18.0,18.0,5.6242013
42.0,-16.0,18.0,5.345856
42.0,-14.0,18.0,5.5086055
42.0,-12.0,18.0,5.682853
42.0,-10.0,18.0,5.831351
42.0,-8.0,18.0,6.133224
42.0,-6.0,18.0,6.1403847
42.0,-4.0,18.0,5.6000147
42.0,-2.0,18.0,5.4741917
42.0,0.0,18.0,5.673232
42.0,2.0,18.0,5.9338226
42.0,4.0,18.0,6.058406
42.0,6.0,18.0,6.1899343
42.0,8.0,18.0,5.9841104
42.0,10.0,18.0,5.506434
42.0,12.0,18.0,5.17445
42.0,14.0,18.0,5.2012568
42.0,16.0,18.0,5.1787786
42.0,18.0,18.0,5.3194323
42.0,20.0,18.0,5.496452
42.0,22.0,18.0,5.791528
42.0,24.0,18.0,5.825908
42.0,26.0,18.0,5.6114917
42.0,28.0,18.0,5.618952
42.0,30.0,18.0,5.4660835
42.0,32.0,18.0,4.9892774
42.0,34.0,18.0,4.856942
42.0,36.0,18.0,5.0758963
42.0,38.0,18.0,5.2747607
42.0,40.0,18.0,5.445247
42.0,42.0,18.0,5.246428
42.0,44.0,18.0,4.716517
42.0,46.0,18.0,4.4687686
42.0,48.0,18.0,4.695955
42.0,50.0,18.0,5.324918
42.0,52.0,18.0,5.42988
42.0,54.0,18.0,4.9376116
42.0,56.0,18.0,4.621503
42.0,58.0,18.0,4.732944
42.0,60.0,18.0,5.2906833
42.0,62.0,18.0,5.458074
42.0,64.0,18.0,5.357318
42.0,66.0,18.0,5.65597
42.0,68.0,18.0,5.791695
42.0,70.0,18.0,5.2684503
42.0,72.0,18.0,4.661241
42.0,74.0,18.0,4.663358
42.0,76.0,18.0,4.9167237
42.0,78.0,18.0,4.826732
42.0,80.0,18.0,5.0785236
42.0,82.0,18.0,5.6408424
42.0,84.0,18.0,5.583811
42.0,86.0,18.0,4.93968
42.0,88.0,18.0,4.813793
42.0,90.0,18.0,4.9069004
42.0,92.0,18.0,4.8301725
42.0,94.0,18.0,5.016582
42.0,96.0,18.0,5.591578
42.0,98.0,18.0,5.5999374
42.0,100.0,18.0,4.900779
42.0,102.0,18.0,4.5649953
42.0,104.0,18.0,4.538657
42.0,106.0,18.0,4.5475206
42.0,108.0,18.0,4.584501
42.0,110.0,18.0,4.902043
42.0,112.0,18.0,5.284381
42.0,114.0,18.0,5.0335016
42.0,116.0,18.0,4.629815
42.0,118.0,18.0,4.4572597
42.0,120.0,18.0,4.45865
42.0,122.0,18.0,4.5120444
42.0,124.0,18.0,4.5308657
42.0,126.0,18.0,4.5915427
42.0,128.0,18.0,4.6170893
42.0,130.0,18.0,4.360542
42.0,132.0,18.0,4.031916
42.0,134.0,18.0,3.849111
42.0,136.0,18.0,3.8691795
42.0,138.0,18.0,4.0321026
42.0,140.0,18.0,4.2343407
42.0,142.0,18.0,4.3443923
42.0,144.0,18.0,4.447451
42.0,146.0,18.0,4.4911604
42.0,148.0,18.0,4.3322964
42.0,150.0,18.0,4.3528104
42.0,152.0,18.0,4.314587
42.0,154.0,18.0,4.322704
42.0,156.0,18.0,4.4525294
42.0,158.0,18.0,4.5350146
42.0,160.0,18.0,4.6375422
42.0,162.0,18.0,4.3863196
42.0,164.0,18.0,4.207738
42.0,166.0,18.0,4.2968903
42.0,168.0,18.0,4.4706287
42.0,170.0,18.0,4.7974663
42.0,172.0,18.0,5.3596716
42.0,174.0,18.0,5.752964
42.0,176.0,18.0,5.6421456
42.0,178.0,18.0,5.162218
42.0,180.0,18.0,4.9636827
44.0,-180.0,18.0,5.978985
44.0,-178.0,18.0,6.0392113
44.0,-176.0,18.0,6.0964985
44.0,-174.0,18.0,6.4184155
44.0,-172.0,18.0,6.5307746
44.0,-170.0,18.0,6.4509907
44.0,-168.0,18.0,6.1059885
44.0,-166.0,18.0,5.905349
44.0,-164.0,18.0,6.2308154
44.0,-162.0,18.0,6.3070197
44.0,-160.0,18.0,6.7902637
44.0,-158.0,18.0,7.3482933
44.0,-156.0,18.0,7.76402
44.0,-154.0,18.0,7.792107
44.0,-152.0,18.0,7.4092374
44.0,-150.0,18.0,7.257179
44.0,-148.0,18.0,7.077242
44.0,-146.0,18.0,6.877262
44.0,-144.0,18.0,7.0591574
44.0,-142.0,18.0,7.3812003
44.0,-140.0,18.0,7.890948
44.0,-138.0,18.0,8.134701
44.0,-136.0,18.0,8.006738
44.0,-134.0,18.0,7.9095917
44.0,-132.0,18.0,7.9917874
44.0,-130.0,18.0,8.546419
44.0,-128.0,18.0,8.89653
44.0,-126.0,18.0,8.64402
44.0,-124.0,18.0,8.453027
44.0,-122.0,18.0,8.8113985
44.0,-120.0,18.0,9.404437
44.0,-118.0,18.0,9.692196
44.0,-116.0,18.0,9.96161
44.0,-114.0,18.0,10.425692
44.0,-112.0,18.0,10.392073
44.0,-110.0,18.0,9.871296
44.0,-108.0,18.0,9.820825
44.0,-106.0,18.0,10.000799
44.0,-104.0,18.0,9.853778
44.0,-102.0,18.0,9.669939
44.0,-100.0,18.0,10.144945
44.0,-98.0,18.0,10.632514
44.0,-96.0,18.0,10.631748
44.0,-94.0,18.0,9.999733
44.0,-92.0,18.0,10.071154
44.0,-90.0,18.0,10.323084
44.0,-88.0,18.0,10.560977
44.0,-86.0,18.0,10.819172
44.0,-84.0,18.0,11.24951
44.0,-82.0,18.0,11.132919
44.0,-80.0,18.0,10.340561
44.0,-78.0,18.0,10.215882
44.0,-76.0,18.0,10.4006605
44.0,-74.0,18.0,10.060141
44.0,-72.0,18.0,9.924846
44.0,-70.0,18.0,10.275003
44.0,-68.0,18.0,10.581317
44.0,-66.0,18.0,10.425455
44.0,-64.0,18.0,9.808294
44.0,-62.0,18.0,9.825734
44.0,-60.0,18.0,9.951422
44.0,-58.0,18.0,9.52618
44.0,-56.0,18.0,9.04973
44.0,-54.0,18.0,9.444293
44.0,-52.0,18.0,9.494326
44.0,-50.0,18.0,9.0352745
44.0,-48.0,18.0,8.337896
44.0,-46.0,18.0,7.8333716
44.0,-44.0,18.0,7.986856
44.0,-42.0,18.0,8.295058
44.0,-40.0,18.0,8.4076185
44.0,-38.0,18.0,8.028541
44.0,-36.0,18.0,7.5877767
44.0,-34.0,18.0,7.6193
44.0,-32.0,18.0,7.583483
44.0,-30.0,18.0,7.6281443
44.0,-28.0,18.0,8.046959
44.0,-26.0,18.0,8.543226
44.0,-24.0,18.0,8.464861
44.0,-22.0,18.0,7.63866
44.0,-20.0,18.0,7.0053873
44.0,-18.0,18.0,6.462226
44.0,-16.0,18.0,6.0491185
44.0,-14.0,18.0,6.1419206
44.0,-12.0,18.0,6.3820486
44.0,-10.0,18.0,6.6480193
44.0,-8.0,18.0,7.008467
44.0,-6.0,18.0,7.1920643
44.0,-4.0,18.0,6.639315
44.0,-2.0,18.0,6.326138
44.0,0.0,18.0,6.622073
44.0,2.0,18.0,6.9196754
44.0,4.0,18.0,7.1187043
44.0,6.0,18.0,7.3179665
44.0,8.0,18.0,7.2045035
44.0,10.0,18.0,6.520666
44.0,12.0,18.0,6.100869
44.0,14.0,18.0,6.030542
44.0,16.0,18.0,6.0374084
44.0,18.0,18.0,6.2285714
44.0,20.0,18.0,6.4960003
44.0,22.0,18.0,6.8163323
44.0,24.0,18.0,6.744474
44.0,26.0,18.0,6.5348887
44.0,28.0,18.0,6.4818892
44.0,30.0,18.0,6.303775
44.0,32.0,18.0,6.0146394
44.0,34.0,18.0,5.8374357
44.0,36.0,18.0,6.033181
44.0,38.0,18.0,6.1829033
44.0,40.0,18.0,6.408168
44.0,42.0,18.0,6.121918
44.0,44.0,18.0,5.587797
44.0,46.0,18.0,5.368365
44.0,48.0,18.0,5.6925836
44.0,50.0,18.0,6.295704
44.0,52.0,18.0,6.5266285
44.0,54.0,18.0,5.9135666
44.0,56.0,18.0,5.683429
44.0,58.0,18.0,5.840069
44.0,60.0,18.0,6.2114015
44.0,62.0,18.0,6.303333
44.0,64.0,18.0,6.2371526
44.0,66.0,18.0,6.626095
44.0,68.0,18.0,6.7662783
44.0,70.0,18.0,6.182901
44.0,72.0,18.0,5.5676575
44.0,74.0,18.0,5.49471
44.0,76.0,18.0,5.8086615
44.0,78.0,18.0,5.74008
44.0,80.0,18.0,5.981841
44.0,82.0,18.0,6.7045984
44.0,84.0,18.0,6.7525244
44.0,86.0,18.0,5.989589
44.0,88.0,18.0,5.7337465
44.0,90.0,18.0,5.860912
44.0,92.0,18.0,5.7414336
44.0,94.0,18.0,5.889336
44.0,96.0,18.0,6.579608
44.0,98.0,18.0,6.642493
44.0,100.0,18.0,5.8598557
44.0,102.0,18.0,5.413838
44.0,104.0,18.0,5.375483
44.0,106.0,18.0,5.4849935
44.0,108.0,18.0,5.392505
44.0,110.0,18.0,5.7367415
44.0,112.0,18.0,6.335137
44.0,114.0,18.0,6.1984735
44.0,116.0,18.0,5.6098437
44.0,118.0,18.0,5.3596168
44.0,120.0,18.0,5.5086546
44.0,122.0,18.0,5.55009
44.0,124.0,18.0,5.5302267
44.0,126.0,18.0,5.6181455
44.0,128.0,18.0,5.6750546
44.0,130.0,18.0,5.3276005
44.0,132.0,18.0,4.8869786
44.0,134.0,18.0,4.624151
44.0,136.0,18.0,4.6934714
44.0,138.0,18.0,4.9930415
44.0,140.0,18.0,5.2599545
44.0,142.0,18.0,5.3528004
44.0,144.0,18.0,5.315714
44.0,146.0,18.0,5.341449
44.0,148.0,18.0,5.25744
44.0,150.0,18.0,5.230446
44.0,152.0,18.0,5.213913
44.0,154.0,18.0,5.4397826
44.0,156.0,18.0,5.623364
44.0,158.0,18.0,5.554543
44.0,160.0,18.0,5.502432
44.0,162.0,18.0,5.254543
44.0,164.0,18.0,5.1156173
44.0,166.0,18.0,5.2154207
44.0,168.0,18.0,5.345614
44.0,170.0,18.0,5.772282
44.0,172.0,18.0,6.4444175
44.0,174.0,18.0,6.818459
44.0,176.0,18.0,6.677351
44.0,178.0,18.0,6.1802764
44.0,180.0,18.0,5.978985
46.0,-180.0,18.0,7.6938734
46.0,-178.0,18.0,7.5528517
46.0,-176.0,18.0,7.916891
46.0,-174.0,18.0,8.544003
46.0,-172.0,18.0,8.507106
46.0,-170.0,18.0,8.084625
46.0,-168.0,18.0,7.8788657
46.0,-166.0,18.0,7.6828055
46.0,-164.0,18.0,7.7516665
46.0,-162.0,18.0,8.046024
46.0,-160.0,18.0,8.651098
46.0,-158.0,18.0,9.436487
46.0,-156.0,18.0,9.85325
46.0,-154.0,18.0,9.723975
46.0,-152.0,18.0,9.512728
46.0,-150.0,18.0,9.3112545
46.0,-148.0,18.0,9.110934
46.0,-146.0,18.0,9.068921
46.0,-144.0,18.0,9.432518
46.0,-142.0,18.0,9.832921
46.0,-140.0,18.0,10.270756
46.0,-138.0,18.0,10.596785
46.0,-136.0,18.0,10.5731
46.0,-134.0,18.0,10.452384
46.0,-132.0,18.0,10.784632
46.0,-130.0,18.0,10.994536
46.0,-128.0,18.0,11.117864
46.0,-126.0,18.0,10.643384
46.0,-124.0,18.0,10.274168
46.0,-122.0,18.0,10.574948
46.0,-120.0,18.0,11.400796
46.0,-118.0,18.0,11.779052
46.0,-116.0,18.0,11.937191
46.0,-114.0,18.0,12.533672
46.0,-112.0,18.0,12.788049
46.0,-110.0,18.0,12.217355
46.0,-108.0,18.0,11.864136
46.0,-106.0,18.0,12.07367
46.0,-104.0,18.0,12.05979
46.0,-102.0,18.0,11.871843
46.0,-100.0,18.0,12.549433
46.0,-98.0,18.0,13.154593
46.0,-96.0,18.0,12.911866
46.0,-94.0,18.0,12.222989
46.0,-92.0,18.0,12.095972
46.0,-90.0,18.0,12.37732
46.0,-88.0,18.0,12.54331
46.0,-86.0,18.0,12.877998
46.0,-84.0,18.0,13.322968
46.0,-82.0,18.0,13.287274
46.0,-80.0,18.0,12.352978
46.0,-78.0,18.0,12.193172
46.0,-76.0,18.0,12.322904
46.0,-74.0,18.0,12.073527
46.0,-72.0,18.0,12.092232
46.0,-70.0,18.0,12.462265
46.0,-68.0,18.0,12.745396
46.0,-66.0,18.0,12.527906
46.0,-64.0,18.0,11.701346
46.0,-62.0,18.0,11.726994
46.0,-60.0,18.0,12.007301
46.0,-58.0,18.0,11.455349
46.0,-56.0,18.0,11.189634
46.0,-54.0,18.0,11.7937
46.0,-52.0,18.0,11.966136
46.0,-50.0,18.0,11.358642
46.0,-48.0,18.0,10.555107
46.0,-46.0,18.0,10.193635
46.0,-44.0,18.0,10.59292
46.0,-42.0,18.0,10.682642
46.0,-40.0,18.0,10.490678
46.0,-38.0,18.0,10.020134
46.0,-36.0,18.0,9.652702
46.0,-34.0,18.0,9.584963
46.0,-32.0,18.0,9.329872
46.0,-30.0,18.0,9.260975
46.0,-28.0,18.0,9.682563
46.0,-26.0,18.0,10.304803
46.0,-24.0,18.0,10.163528
46.0,-22.0,18.0,9.476392
46.0,-20.0,18.0,8.733663
46.0,-18.0,18.0,8.126509
46.0,-16.0,18.0,7.4202952
46.0,-14.0,18.0,7.4049954
46.0,-12.0,18.0,7.9298935
46.0,-10.0,18.0,8.353546
46.0,-8.0,18.0,8.929147
46.0,-6.0,18.0,9.025759
46.0,-4.0,18.0,8.648008
46.0,-2.0,18.0,8.12765
46.0,0.0,18.0,8.06142
46.0,2.0,18.0,8.361219
46.0,4.0,18.0,8.59827
46.0,6.0,18.0,8.7157345
46.0,8.0,18.0,8.722149
46.0,10.0,18.0,7.873771
46.0,12.0,18.0,7.236858
46.0,14.0,18.0,7.2559505
46.0,16.0,18.0,7.3756576
46.0,18.0,18.0,7.4465227
46.0,20.0,18.0,7.7731547
46.0,22.0,18.0,8.342019
46.0,24.0,18.0,8.406466
46.0,26.0,18.0,7.9466643
46.0,28.0,18.0,7.77049
46.0,30.0,18.0,7.9207726
46.0,32.0,18.0,7.3875237
46.0,34.0,18.0,7.136975
46.0,36.0,18.0,7.309246
46.0,38.0,18.0,7.595625
46.0,40.0,18.0,7.9007144
46.0,42.0,18.0,7.501953
46.0,44.0,18.0,6.6218057
46.0,46.0,18.0,6.4721737
46.0,48.0,18.0,6.9902067
46.0,50.0,18.0,7.8389072
46.0,52.0,18.0,7.721797
46.0,54.0,18.0,7.1361275
46.0,56.0,18.0,6.9746842
46.0,58.0,18.0,7.0388403
46.0,60.0,18.0,7.4640684
46.0,62.0,18.0,7.478518
46.0,64.0,18.0,7.4161067
46.0,66.0,18.0,7.950576
46.0,68.0,18.0,8.099473
46.0,70.0,18.0,7.512628
46.0,72.0,18.0,6.8408184
46.0,74.0,18.0,6.89865
46.0,76.0,18.0,7.26446
46.0,78.0,18.0,7.1483746
46.0,80.0,18.0,7.4079604
46.0,82.0,18.0,8.51989
46.0,84.0,18.0,8.281341
46.0,86.0,18.0,7.3442945
46.0,88.0,18.0,7.165335
46.0,90.0,18.0,7.3845377
46.0,92.0,18.0,7.1048474
46.0,94.0,18.0,7.180499
46.0,96.0,18.0,8.234392
46.0,98.0,18.0,8.36719
46.0,100.0,18.0,7.1644435
46.0,102.0,18.0,6.835244
46.0,104.0,18.0,6.7678256
46.0,106.0,18.0,6.553024
46.0,108.0,18.0,6.5573144
46.0,110.0,18.0,7.0180874
46.0,112.0,18.0,7.697418
46.0,114.0,18.0,7.5571136
46.0,116.0,18.0,7.306396
46.0,118.0,18.0,7.105344
46.0,120.0,18.0,7.045932
46.0,122.0,18.0,6.8620152
46.0,124.0,18.0,6.8185596
46.0,126.0,18.0,7.0544076
46.0,128.0,18.0,7.276065
46.0,130.0,18.0,6.953483
46.0,132.0,18.0,6.265916
46.0,134.0,18.0,6.077919
46.0,136.0,18.0,6.117428
46.0,138.0,18.0,6.3434267
46.0,140.0,18.0,6.685236
46.0,142.0,18.0,6.7701664
46.0,144.0,18.0,6.5672197
46.0,146.0,18.0,6.579098
46.0,148.0,18.0,6.8111606
46.0,150.0,18.0,6.825829
46.0,152.0,18.0,6.716056
46.0,154.0,18.0,6.847137
46.0,156.0,18.0,7.251943
46.0,158.0,18.0,7.302454
46.0,160.0,18.0,7.0051217
46.0,162.0,18.0,6.6748624
46.0,164.0,18.0,6.447718
46.0,166.0,18.0,6.592455
46.0,168.0,18.0,6.8403983
46.0,170.0,18.0,7.2056026
46.0,172.0,18.0,8.152248
46.0,174.0,18.0,8.475461
46.0,176.0,18.0,8.231612
46.0,178.0,18.0,7.8869305
46.0,180.0,18.0,7.6938734
48.0,-180.0,18.0,8.695062
48.0,-178.0,18.0,8.7964325
48.0,-176.0,18.0,9.10011
48.0,-174.0,18.0,9.491218
48.0,-172.0,18.0,9.564692
48.0,-170.0,18.0,9.231378
48.0,-168.0,18.0,8.808812
48.0,-166.0,18.0,8.724817
48.0,-164.0,18.0,8.947679
48.0,-162.0,18.0,9.330486
48.0,-160.0,18.0,9.967785
48.0,-158.0,18.0,10.376744
48.0,-156.0,18.0,10.500711
48.0,-154.0,18.0,10.325254
48.0,-152.0,18.0,10.345713
48.0,-150.0,18.0,10.475741
48.0,-148.0,18.0,10.410781
48.0,-146.0,18.0,10.317601
48.0,-144.0,18.0,10.483927
48.0,-142.0,18.0,10.618459
48.0,-140.0,18.0,11.097443
48.0,-138.0,18.0,11.534629
48.0,-136.0,18.0,11.417552
48.0,-134.0,18.0,11.3324
48.0,-132.0,18.0,11.7027445
48.0,-130.0,18.0,11.861285
48.0,-128.0,18.0,11.785727
48.0,-126.0,18.0,11.193047
48.0,-124.0,18.0,11.337433
48.0,-122.0,18.0,11.717569
48.0,-120.0,18.0,12.332638
48.0,-118.0,18.0,12.801718
48.0,-116.0,18.0,13.074811
48.0,-114.0,18.0,13.280678
48.0,-112.0,18.0,13.281773
48.0,-110.0,18.0,12.742776
48.0,-108.0,18.0,12.42127
48.0,-106.0,18.0,12.600281
48.0,-104.0,18.0,12.571267
48.0,-102.0,18.0,12.535507
48.0,-100.0,18.0,13.169453
48.0,-98.0,18.0,13.719969
48.0,-96.0,18.0,13.3708725
48.0,-94.0,18.0,12.763924
48.0,-92.0,18.0,12.859071
48.0,-90.0,18.0,12.928398
48.0,-88.0,18.0,12.978101
48.0,-86.0,18.0,13.375122
48.0,-84.0,18.0,13.780326
48.0,-82.0,18.0,13.712915
48.0,-80.0,18.0,13.019664
48.0,-78.0,18.0,12.996804
48.0,-76.0,18.0,12.750246
48.0,-74.0,18.0,12.447721
48.0,-72.0,18.0,12.520724
48.0,-70.0,18.0,13.025936
48.0,-68.0,18.0,13.483615
48.0,-66.0,18.0,13.307863
48.0,-64.0,18.0,12.636572
48.0,-62.0,18.0,12.524251
48.0,-60.0,18.0,12.866539
48.0,-58.0,18.0,12.376831
48.0,-56.0,18.0,12.288706
48.0,-54.0,18.0,12.578228
48.0,-52.0,18.0,12.992581
48.0,-50.0,18.0,12.589095
48.0,-48.0,18.0,11.802888
48.0,-46.0,18.0,11.57256
48.0,-44.0,18.0,11.715035
48.0,-42.0,18.0,11.765742
48.0,-40.0,18.0,11.571075
48.0,-38.0,18.0,11.346227
48.0,-36.0,18.0,11.024954
48.0,-34.0,18.0,10.973976
48.0,-32.0,18.0,10.343063
48.0,-30.0,18.0,10.332246
48.0,-28.0,18.0,10.626774
48.0,-26.0,18.0,11.317021
48.0,-24.0,18.0,11.310944
48.0,-22.0,18.0,10.811066
48.0,-20.0,18.0,10.270834
48.0,-18.0,18.0,9.400487
48.0,-16.0,18.0,8.668712
48.0,-14.0,18.0,8.4500265
48.0,-12.0,18.0,8.915065
48.0,-10.0,18.0,9.5555105
48.0,-8.0,18.0,9.898627
48.0,-6.0,18.0,10.148453
48.0,-4.0,18.0,9.811735
48.0,-2.0,18.0,9.222719
48.0,0.0,18.0,9.198015
48.0,2.0,18.0,9.281946
48.0,4.0,18.0,9.546443
48.0,6.0,18.0,9.824227
48.0,8.0,18.0,9.996122
48.0,10.0,18.0,8.821002
48.0,12.0,18.0,8.209288
48.0,14.0,18.0,8.280286
48.0,16.0,18.0,8.099143
48.0,18.0,18.0,8.29149
48.0,20.0,18.0,8.760684
48.0,22.0,18.0,9.222359
48.0,24.0,18.0,9.296913
48.0,26.0,18.0,8.918045
48.0,28.0,18.0,8.797213
48.0,30.0,18.0,8.587844
48.0,32.0,18.0,8.086728
48.0,34.0,18.0,7.625104
48.0,36.0,18.0,7.8392773
48.0,38.0,18.0,8.33252
48.0,40.0,18.0,8.496462
48.0,42.0,18.0,8.186515
48.0,44.0,18.0,7.634871
48.0,46.0,18.0,7.423756
48.0,48.0,18.0,8.047543
48.0,50.0,18.0,8.892035
48.0,52.0,18.0,8.722242
48.0,54.0,18.0,7.936977
48.0,56.0,18.0,7.661013
48.0,58.0,18.0,8.059343
48.0,60.0,18.0,8.59752
48.0,62.0,18.0,8.752759
48.0,64.0,18.0,8.6962185
48.0,66.0,18.0,9.027256
48.0,68.0,18.0,9.233168
48.0,70.0,18.0,8.421846
48.0,72.0,18.0,7.761188
48.0,74.0,18.0,7.990465
48.0,76.0,18.0,8.350882
48.0,78.0,18.0,8.082922
48.0,80.0,18.0,8.484027
48.0,82.0,18.0,9.632825
48.0,84.0,18.0,9.678334
48.0,86.0,18.0,8.557037
48.0,88.0,18.0,8.226674
48.0,90.0,18.0,8.435142
48.0,92.0,18.0,8.140915
48.0,94.0,18.0,8.259341
48.0,96.0,18.0,9.34799
48.0,98.0,18.0,9.459487
48.0,100.0,18.0,8.212723
48.0,102.0,18.0,7.755637
48.0,104.0,18.0,8.031742
48.0,106.0,18.0,7.7281346
48.0,108.0,18.0,7.4946074
48.0,110.0,18.0,8.186156
48.0,112.0,18.0,8.975212
48.0,114.0,18.0,9.004064
48.0,116.0,18.0,8.405939
48.0,118.0,18.0,8.047901
48.0,120.0,18.0,8.0759945
48.0,122.0,18.0,7.6202555
48.0,124.0,18.0,7.378929
48.0,126.0,18.0,7.604012
48.0,128.0,18.0,8.055046
48.0,130.0,18.0,7.9570003
48.0,132.0,18.0,7.3230543
48.0,134.0,18.0,6.6907644
48.0,136.0,18.0,6.7530518
48.0,138.0,18.0,7.274013
48.0,140.0,18.0,7.787735
48.0,142.0,18.0,7.836732
48.0,144.0,18.0,7.5526824
48.0,146.0,18.0,7.471434
48.0,148.0,18.0,7.547257
48.0,150.0,18.0,7.83799
48.0,152.0,18.0,7.7418313
48.0,154.0,18.0,7.8326993
48.0,156.0,18.0,8.19912
48.0,158.0,18.0,8.42234
48.0,160.0,18.0,8.164182
48.0,162.0,18.0,7.6676116
48.0,164.0,18.0,7.232533
48.0,166.0,18.0,7.541985
48.0,168.0,18.0,7.6048646
48.0,170.0,18.0,8.038529
48.0,172.0,18.0,9.2945175
48.0,174.0,18.0,9.237886
48.0,176.0,18.0,9.199256
48.0,178.0,18.0,8.967001
48.0,180.0,18.0,8.695062
50.0,-180.0,18.0,8.238631
50.0,-178.0,18.0,8.474215
50.0,-176.0,18.0,8.64517
50.0,-174.0,18.0,8.812637
50.0,-172.0,18.0,9.019167
50.0,-170.0,18.0,8.811675
50.0,-168.0,18.0,8.268398
50.0,-166.0,18.0,8.189424
50.0,-164.0,18.0,8.539793
50.0,-162.0,18.0,9.017117
50.0,-160.0,18.0,9.415834
50.0,-158.0,18.0,9.922215
50.0,-156.0,18.0,10.099717
50.0,-154.0,18.0,9.969289
50.0,-152.0,18.0,9.8324995
50.0,-150.0,18.0,10.020308
50.0,-148.0,18.0,10.1067505
50.0,-146.0,18.0,9.991197
50.0,-144.0,18.0,9.890326
50.0,-142.0,18.0,10.258696
50.0,-140.0,18.0,10.6947975
50.0,-138.0,18.0,10.871779
50.0,-136.0,18.0,10.544666
50.0,-134.0,18.0,10.510741
50.0,-132.0,18.0,10.895463
50.0,-130.0,18.0,11.217906
50.0,-128.0,18.0,11.360456
50.0,-126.0,18.0,10.832922
50.0,-124.0,18.0,10.621254
50.0,-122.0,18.0,10.845618
50.0,-120.0,18.0,11.510652
50.0,-118.0,18.0,11.838279
50.0,-116.0,18.0,11.888192
50.0,-114.0,18.0,12.056403
50.0,-112.0,18.0,12.122452
50.0,-110.0,18.0,11.679537
50.0,-108.0,18.0,11.379196
50.0,-106.0,18.0,11.53475
50.0,-104.0,18.0,11.470867
50.0,-102.0,18.0,11.222282
50.0,-100.0,18.0,11.73844
50.0,-98.0,18.0,12.105926
50.0,-96.0,18.0,12.049667
50.0,-94.0,18.0,11.625268
50.0,-92.0,18.0,11.789453
50.0,-90.0,18.0,11.750595
50.0,-88.0,18.0,11.774312
50.0,-86.0,18.0,12.021045
50.0,-84.0,18.0,12.334667
50.0,-82.0,18.0,12.279006
50.0,-80.0,18.0,11.737514
50.0,-78.0,18.0,11.687893
50.0,-76.0,18.0,11.715681
50.0,-74.0,18.0,11.355677
50.0,-72.0,18.0,11.27068
50.0,-70.0,18.0,11.719547
50.0,-68.0,18.0,12.29619
50.0,-66.0,18.0,12.083174
50.0,-64.0,18.0,11.554805
50.0,-62.0,18.0,11.347476
50.0,-60.0,18.0,11.668492
50.0,-58.0,18.0,11.195227
50.0,-56.0,18.0,10.753939
50.0,-54.0,18.0,11.207389
50.0,-52.0,18.0,11.568863
50.0,-50.0,18.0,11.4448
50.0,-48.0,18.0,10.6319685
50.0,-46.0,18.0,10.554588
50.0,-44.0,18.0,10.807699
50.0,-42.0,18.0,10.816317
50.0,-40.0,18.0,11.043003
50.0,-38.0,18.0,10.884583
50.0,-36.0,18.0,10.72803
50.0,-34.0,18.0,10.694115
50.0,-32.0,18.0,10.454448
50.0,-30.0,18.0,10.437505
50.0,-28.0,18.0,10.6925535
50.0,-26.0,18.0,11.059371
50.0,-24.0,18.0,11.162894
50.0,-22.0,18.0,10.687375
50.0,-20.0,18.0,9.957004
50.0,-18.0,18.0,9.464526
50.0,-16.0,18.0,8.838369
50.0,-14.0,18.0,8.541982
50.0,-12.0,18.0,8.847376
50.0,-10.0,18.0,9.604086
50.0,-8.0,18.0,10.237917
50.0,-6.0,18.0,10.460996
50.0,-4.0,18.0,9.990495
50.0,-2.0,18.0,9.538557
50.0,0.0,18.0,9.248495
50.0,2.0,18.0,9.171348
50.0,4.0,18.0,9.551663
50.0,6.0,18.0,10.083969
50.0,8.0,18.0,10.142994
50.0,10.0,18.0,9.059823
50.0,12.0,18.0,8.404229
50.0,14.0,18.0,8.064596
50.0,16.0,18.0,7.9094615
50.0,18.0,18.0,8.356528
50.0,20.0,18.0,9.001462
50.0,22.0,18.0,9.534861
50.0,24.0,18.0,9.527393
50.0,26.0,18.0,9.238344
50.0,28.0,18.0,9.062847
50.0,30.0,18.0,8.865941
50.0,32.0,18.0,7.94498
50.0,34.0,18.0,7.623461
50.0,36.0,18.0,7.8727593
50.0,38.0,18.0,8.345046
50.0,40.0,18.0,8.741952
50.0,42.0,18.0,8.283071
50.0,44.0,18.0,7.601315
50.0,46.0,18.0,7.416646
50.0,48.0,18.0,8.049837
50.0,50.0,18.0,8.690739
50.0,52.0,18.0,8.451388
50.0,54.0,18.0,7.918507
50.0,56.0,18.0,7.6017103
50.0,58.0,18.0,7.87883
50.0,60.0,18.0,8.630917
50.0,62.0,18.0,8.638427
50.0,64.0,18.0,8.630289
50.0,66.0,18.0,9.004637
50.0,68.0,18.0,9.261377
50.0,70.0,18.0,8.489011
50.0,72.0,18.0,7.811279
50.0,74.0,18.0,7.8810263
50.0,76.0,18.0,8.317149
50.0,78.0,18.0,8.13158
50.0,80.0,18.0,8.370006
50.0,82.0,18.0,9.367562
50.0,84.0,18.0,9.283626
50.0,86.0,18.0,8.306393
50.0,88.0,18.0,8.010937
50.0,90.0,18.0,8.258465
50.0,92.0,18.0,7.870012
50.0,94.0,18.0,7.9090295
50.0,96.0,18.0,9.017204
50.0,98.0,18.0,9.154266
50.0,100.0,18.0,8.165425
50.0,102.0,18.0,7.6892524
50.0,104.0,18.0,7.9053082
50.0,106.0,18.0,7.678555
50.0,108.0,18.0,7.5200524
50.0,110.0,18.0,8.045051
50.0,112.0,18.0,8.606848
50.0,114.0,18.0,8.63456
50.0,116.0,18.0,8.065906
50.0,118.0,18.0,7.6997657
50.0,120.0,18.0,7.8503723
50.0,122.0,18.0,7.500004
50.0,124.0,18.0,7.302407
50.0,126.0,18.0,7.3776326
50.0,128.0,18.0,7.7157755
50.0,130.0,18.0,7.6709266
50.0,132.0,18.0,7.120827
50.0,134.0,18.0,6.643817
50.0,136.0,18.0,6.6567655
50.0,138.0,18.0,7.0901155
50.0,140.0,18.0,7.504585
50.0,142.0,18.0,7.5159764
50.0,144.0,18.0,7.3005085
50.0,146.0,18.0,7.143466
50.0,148.0,18.0,7.130036
50.0,150.0,18.0,7.5818577
50.0,152.0,18.0,7.5794396
50.0,154.0,18.0,7.5528984
50.0,156.0,18.0,7.7967305
50.0,158.0,18.0,8.034766
50.0,160.0,18.0,7.700645
50.0,162.0,18.0,7.136557
50.0,164.0,18.0,6.729928
50.0,166.0,18.0,7.1638627
50.0,168.0,18.0,7.444004
50.0,170.0,18.0,7.850814
50.0,172.0,18.0,8.7160225
50.0,174.0,18.0,8.777695
50.0,176.0,18.0,8.619417
50.0,178.0,18.0,8.358001
50.0,180.0,18.0,8.238631
52.0,-180.0,18.0,7.8747416
52.0,-178.0,18.0,8.169182
52.0,-176.0,18.0,8.492766
52.0,-174.0,18.0,8.905104
52.0,-172.0,18.0,8.9459715
52.0,-170.0,18.0,8.391797
52.0,-168.0,18.0,7.8747115
52.0,-166.0,18.0,7.796175
52.0,-164.0,18.0,8.149551
52.0,-162.0,18.0,8.597499
52.0,-160.0,18.0,9.165643
52.0,-158.0,18.0,9.562001
52.0,-156.0,18.0,9.6741495
52.0,-154.0,18.0,9.559772
52.0,-152.0,18.0,9.465973
52.0,-150.0,18.0,9.511778
52.0,-148.0,18.0,9.574415
52.0,-146.0,18.0,9.523101
52.0,-144.0,18.0,9.469083
52.0,-142.0,18.0,9.676886
52.0,-140.0,18.0,10.177656
52.0,-138.0,18.0,10.376853
52.0,-136.0,18.0,10.068978
52.0,-134.0,18.0,9.839643
52.0,-132.0,18.0,10.246647
52.0,-130.0,18.0,10.583203
52.0,-128.0,18.0,10.8684025
52.0,-126.0,18.0,10.511422
52.0,-124.0,18.0,10.268748
52.0,-122.0,18.0,10.293059
52.0,-120.0,18.0,10.802825
52.0,-118.0,18.0,11.010423
52.0,-116.0,18.0,11.325235
52.0,-114.0,18.0,11.610303
52.0,-112.0,18.0,11.661832
52.0,-110.0,18.0,11.284108
52.0,-108.0,18.0,10.967563
52.0,-106.0,18.0,11.136298
52.0,-104.0,18.0,10.746377
52.0,-102.0,18.0,10.644273
52.0,-100.0,18.0,11.03955
52.0,-98.0,18.0,11.467763
52.0,-96.0,18.0,11.527478
52.0,-94.0,18.0,11.03006
52.0,-92.0,18.0,11.180077
52.0,-90.0,18.0,11.0610695
52.0,-88.0,18.0,11.028448
52.0,-86.0,18.0,11.191138
52.0,-84.0,18.0,11.701238
52.0,-82.0,18.0,11.54743
52.0,-80.0,18.0,11.00864
52.0,-78.0,18.0,11.142426
52.0,-76.0,18.0,10.985285
52.0,-74.0,18.0,10.556176
52.0,-72.0,18.0,10.533861
52.0,-70.0,18.0,11.092335
52.0,-68.0,18.0,11.469169
52.0,-66.0,18.0,11.340104
52.0,-64.0,18.0,10.983483
52.0,-62.0,18.0,10.762826
52.0,-60.0,18.0,10.811561
52.0,-58.0,18.0,10.325348
52.0,-56.0,18.0,10.058773
52.0,-54.0,18.0,10.530275
52.0,-52.0,18.0,10.984811
52.0,-50.0,18.0,10.666776
52.0,-48.0,18.0,9.991128
52.0,-46.0,18.0,9.937428
52.0,-44.0,18.0,10.255612
52.0,-42.0,18.0,10.623726
52.0,-40.0,18.0,10.745401
52.0,-38.0,18.0,10.331162
52.0,-36.0,18.0,10.077294
52.0,-34.0,18.0,10.24568
52.0,-32.0,18.0,10.25818
52.0,-30.0,18.0,10.139435
52.0,-28.0,18.0,10.364142
52.0,-26.0,18.0,10.949856
52.0,-24.0,18.0,10.879773
52.0,-22.0,18.0,10.437358
52.0,-20.0,18.0,9.807547
52.0,-18.0,18.0,9.344906
52.0,-16.0,18.0,8.731674
52.0,-14.0,18.0,8.502387
52.0,-12.0,18.0,8.741516
52.0,-10.0,18.0,9.558525
52.0,-8.0,18.0,10.296748
52.0,-6.0,18.0,10.546627
52.0,-4.0,18.0,10.160112
52.0,-2.0,18.0,9.764227
52.0,0.0,18.0,9.255175
52.0,2.0,18.0,8.927193
52.0,4.0,18.0,9.182353
52.0,6.0,18.0,9.993243
52.0,8.0,18.0,10.1988735
52.0,10.0,18.0,9.130475
52.0,12.0,18.0,8.389673
52.0,14.0,18.0,8.266035
52.0,16.0,18.0,7.901988
52.0,18.0,18.0,8.36502
52.0,20.0,18.0,9.02074
52.0,22.0,18.0,9.611149
52.0,24.0,18.0,9.758546
52.0,26.0,18.0,9.406778
52.0,28.0,18.0,9.155013
52.0,30.0,18.0,9.023099
52.0,32.0,18.0,8.0274515
52.0,34.0,18.0,7.5991044
52.0,36.0,18.0,7.820531
52.0,38.0,18.0,8.506187
52.0,40.0,18.0,8.922528
52.0,42.0,18.0,8.290683
52.0,44.0,18.0,7.4419312
52.0,46.0,18.0,7.299326
52.0,48.0,18.0,8.062445
52.0,50.0,18.0,8.678766
52.0,52.0,18.0,8.371387
52.0,54.0,18.0,7.93034
52.0,56.0,18.0,7.684954
52.0,58.0,18.0,8.064375
52.0,60.0,18.0,8.688965
52.0,62.0,18.0,8.646477
52.0,64.0,18.0,8.653158
52.0,66.0,18.0,9.07736
52.0,68.0,18.0,9.271422
52.0,70.0,18.0,8.506822
52.0,72.0,18.0,7.858994
52.0,74.0,18.0,7.9276404
52.0,76.0,18.0,8.257315
52.0,78.0,18.0,8.069178
52.0,80.0,18.0,8.328797
52.0,82.0,18.0,9.379895
52.0,84.0,18.0,9.177525
52.0,86.0,18.0,8.277263
52.0,88.0,18.0,8.0398655
52.0,90.0,18.0,8.18788
52.0,92.0,18.0,7.6982737
52.0,94.0,18.0,7.8296127
52.0,96.0,18.0,8.978112
52.0,98.0,18.0,9.071836
52.0,100.0,18.0,8.079584
52.0,102.0,18.0,7.717538
52.0,104.0,18.0,7.720372
52.0,106.0,18.0,7.521679
52.0,108.0,18.0,7.4504685
52.0,110.0,18.0,7.931722
52.0,112.0,18.0,8.455506
52.0,114.0,18.0,8.521998
52.0,116.0,18.0,8.104573
52.0,118.0,18.0,7.8213663
52.0,120.0,18.0,7.7737145
52.0,122.0,18.0,7.3991733
52.0,124.0,18.0,7.059513
52.0,126.0,18.0,7.219931
52.0,128.0,18.0,7.6173706
52.0,130.0,18.0,7.6244025
52.0,132.0,18.0,7.242219
52.0,134.0,18.0,6.7625527
52.0,136.0,18.0,6.720062
52.0,138.0,18.0,7.0911
52.0,140.0,18.0,7.553464
52.0,142.0,18.0,7.4163737
52.0,144.0,18.0,7.1044436
52.0,146.0,18.0,7.061218
52.0,148.0,18.0,7.10911
52.0,150.0,18.0,7.61926
52.0,152.0,18.0,7.5195737
52.0,154.0,18.0,7.419895
52.0,156.0,18.0,7.658055
52.0,158.0,18.0,7.962208
52.0,160.0,18.0,7.5722456
52.0,162.0,18.0,6.962633
52.0,164.0,18.0,6.775643
52.0,166.0,18.0,7.063821
52.0,168.0,18.0,7.398674
52.0,170.0,18.0,7.748032
52.0,172.0,18.0,8.591335
52.0,174.0,18.0,8.677771
52.0,176.0,18.0,8.344135
52.0,178.0,18.0,7.7548585
52.0,180.0,18.0,7.8747416
54.0,-180.0,18.0,9.266748
54.0,-178.0,18.0,9.4201565
54.0,-176.0,18.0,9.980781
54.0,-174.0,18.0,10.657167
54.0,-172.0,18.0,10.53827
54.0,-170.0,18.0,9.695118
54.0,-168.0,18.0,9.2445135
54.0,-166.0,18.0,9.217575
54.0,-164.0,18.0,9.378311
54.0,-162.0,18.0,9.602436
54.0,-160.0,18.0,10.190163
54.0,-158.0,18.0,10.511583
54.0,-156.0,18.0,10.216925
54.0,-154.0,18.0,10.042582
54.0,-152.0,18.0,10.155547
54.0,-150.0,18.0,10.585006
54.0,-148.0,18.0,10.395634
54.0,-146.0,18.0,10.242815
54.0,-144.0,18.0,10.3208275
54.0,-142.0,18.0,10.611289
54.0,-140.0,18.0,10.999699
54.0,-138.0,18.0,10.973146
54.0,-136.0,18.0,10.626716
54.0,-134.0,18.0,10.442456
54.0,-132.0,18.0,10.8137665
54.0,-130.0,18.0,11.209374
54.0,-128.0,18.0,11.306924
54.0,-126.0,18.0,10.617355
54.0,-124.0,18.0,10.420729
54.0,-122.0,18.0,10.737234
54.0,-120.0,18.0,11.322695
54.0,-118.0,18.0,11.541132
54.0,-116.0,18.0,11.808007
54.0,-114.0,18.0,12.221622
54.0,-112.0,18.0,12.171604
54.0,-110.0,18.0,11.61046
54.0,-108.0,18.0,11.260625
54.0,-106.0,18.0,11.436825
54.0,-104.0,18.0,11.196087
54.0,-102.0,18.0,10.942671
54.0,-100.0,18.0,11.346186
54.0,-98.0,18.0,11.868102
54.0,-96.0,18.0,11.903292
54.0,-94.0,18.0,11.364095
54.0,-92.0,18.0,11.561856
54.0,-90.0,18.0,11.4052105
54.0,-88.0,18.0,11.461676
54.0,-86.0,18.0,11.763941
54.0,-84.0,18.0,12.236343
54.0,-82.0,18.0,12.037507
54.0,-80.0,18.0,11.357873
54.0,-78.0,18.0,11.490929
54.0,-76.0,18.0,11.410297
54.0,-74.0,18.0,11.0272255
54.0,-72.0,18.0,10.939037
54.0,-70.0,18.0,11.449915
54.0,-68.0,18.0,11.709144
54.0,-66.0,18.0,11.492342
54.0,-64.0,18.0,11.217058
54.0,-62.0,18.0,11.269722
54.0,-60.0,18.0,11.082651
54.0,-58.0,18.0,10.683064
54.0,-56.0,18.0,10.453277
54.0,-54.0,18.0,10.979629
54.0,-52.0,18.0,11.517207
54.0,-50.0,18.0,11.145141
54.0,-48.0,18.0,10.506459
54.0,-46.0,18.0,10.147473
54.0,-44.0,18.0,10.352427
54.0,-42.0,18.0,11.042632
54.0,-40.0,18.0,11.229434
54.0,-38.0,18.0,11.047896
54.0,-36.0,18.0,10.793877
54.0,-34.0,18.0,10.802004
54.0,-32.0,18.0,10.817289
54.0,-30.0,18.0,10.936901
54.0,-28.0,18.0,10.998865
54.0,-26.0,18.0,11.290093
54.0,-24.0,18.0,11.638264
54.0,-22.0,18.0,11.375631
54.0,-20.0,18.0,10.767292
54.0,-18.0,18.0,10.072957
54.0,-16.0,18.0,9.534574
54.0,-14.0,18.0,9.401944
54.0,-12.0,18.0,9.694766
54.0,-10.0,18.0,10.499497
54.0,-8.0,18.0,11.574594
54.0,-6.0,18.0,11.813644
54.0,-4.0,18.0,11.389
54.0,-2.0,18.0,10.742084
54.0,0.0,18.0,10.363771
54.0,2.0,18.0,10.019106
54.0,4.0,18.0,10.171846
54.0,6.0,18.0,11.099223
54.0,8.0,18.0,11.331787
54.0,10.0,18.0,10.126022
54.0,12.0,18.0,9.324013
54.0,14.0,18.0,9.19242
54.0,16.0,18.0,8.829433
54.0,18.0,18.0,9.204065
54.0,20.0,18.0,10.084883
54.0,22.0,18.0,10.737477
54.0,24.0,18.0,10.656946
54.0,26.0,18.0,9.8885765
54.0,28.0,18.0,9.624219
54.0,30.0,18.0,9.80745
54.0,32.0,18.0,9.138217
54.0,34.0,18.0,8.728504
54.0,36.0,18.0,8.841677
54.0,38.0,18.0,9.465497
54.0,40.0,18.0,9.846883
54.0,42.0,18.0,8.862334
54.0,44.0,18.0,7.9612226
54.0,46.0,18.0,7.94826
54.0,48.0,18.0,8.727198
54.0,50.0,18.0,9.598289
54.0,52.0,18.0,9.484601
54.0,54.0,18.0,9.036671
54.0,56.0,18.0,8.596372
54.0,58.0,18.0,9.00487
54.0,60.0,18.0,9.689742
54.0,62.0,18.0,9.814467
54.0,64.0,18.0,9.913069
54.0,66.0,18.0,10.270518
54.0,68.0,18.0,10.375602
54.0,70.0,18.0,9.607032
54.0,72.0,18.0,8.745884
54.0,74.0,18.0,8.791708
54.0,76.0,18.0,9.228726
54.0,78.0,18.0,9.136376
54.0,80.0,18.0,9.493325
54.0,82.0,18.0,10.472642
54.0,84.0,18.0,10.493394
54.0,86.0,18.0,9.515704
54.0,88.0,18.0,9.121628
54.0,90.0,18.0,9.213023
54.0,92.0,18.0,8.796776
54.0,94.0,18.0,8.917052
54.0,96.0,18.0,10.035203
54.0,98.0,18.0,10.16168
54.0,100.0,18.0,9.188441
54.0,102.0,18.0,8.675067
54.0,104.0,18.0,8.657495
54.0,106.0,18.0,8.453085
54.0,108.0,18.0,8.460173
54.0,110.0,18.0,9.0415
54.0,112.0,18.0,9.811211
54.0,114.0,18.0,9.766201
54.0,116.0,18.0,9.3551
54.0,118.0,18.0,9.031187
54.0,120.0,18.0,8.83535
54.0,122.0,18.0,8.522868
54.0,124.0,18.0,8.160272
54.0,126.0,18.0,8.284105
54.0,128.0,18.0,8.724233
54.0,130.0,18.0,8.743276
54.0,132.0,18.0,8.0585785
54.0,134.0,18.0,7.4058003
54.0,136.0,18.0,7.408649
54.0,138.0,18.0,7.96895
54.0,140.0,18.0,8.577013
54.0,142.0,18.0,8.471621
54.0,144.0,18.0,8.018836
54.0,146.0,18.0,7.9017205
54.0,148.0,18.0,8.288213
54.0,150.0,18.0,8.618572
54.0,152.0,18.0,8.469625
54.0,154.0,18.0,8.600817
54.0,156.0,18.0,9.179761
54.0,158.0,18.0,9.54568
54.0,160.0,18.0,8.766355
54.0,162.0,18.0,8.106031
54.0,164.0,18.0,8.10566
54.0,166.0,18.0,8.200207
54.0,168.0,18.0,8.298235
54.0,170.0,18.0,9.01238
54.0,172.0,18.0,10.272941
54.0,174.0,18.0,10.087377
54.0,176.0,18.0,9.483079
54.0,178.0,18.0,9.145104
54.0,180.0,18.0,9.266748
56.0,-180.0,18.0,10.724534
56.0,-178.0,18.0,10.855806
56.0,-176.0,18.0,11.315149
56.0,-174.0,18.0,12.1256895
56.0,-172.0,18.0,11.960806
56.0,-170.0,18.0,11.254497
56.0,-168.0,18.0,10.640218
56.0,-166.0,18.0,10.570582
56.0,-164.0,18.0,10.603927
56.0,-162.0,18.0,10.892261
56.0,-160.0,18.0,11.627087
56.0,-158.0,18.0,11.965908
56.0,-156.0,18.0,11.763627
56.0,-154.0,18.0,11.438821
56.0,-152.0,18.0,11.533875
56.0,-150.0,18.0,11.952986
56.0,-148.0,18.0,11.53086
56.0,-146.0,18.0,11.296706
56.0,-144.0,18.0,11.585458
56.0,-142.0,18.0,12.047392
56.0,-140.0,18.0,12.134834
56.0,-138.0,18.0,11.825802
56.0,-136.0,18.0,11.512246
56.0,-134.0,18.0,11.422818
56.0,-132.0,18.0,11.727057
56.0,-130.0,18.0,12.200123
56.0,-128.0,18.0,11.951211
56.0,-126.0,18.0,11.18845
56.0,-124.0,18.0,11.084084
56.0,-122.0,18.0,11.696435
56.0,-120.0,18.0,12.127054
56.0,-118.0,18.0,12.401049
56.0,-116.0,18.0,12.515767
56.0,-114.0,18.0,12.925665
56.0,-112.0,18.0,12.702339
56.0,-110.0,18.0,11.999139
56.0,-108.0,18.0,11.725106
56.0,-106.0,18.0,11.879415
56.0,-104.0,18.0,11.852118
56.0,-102.0,18.0,11.779866
56.0,-100.0,18.0,12.004144
56.0,-98.0,18.0,12.674299
56.0,-96.0,18.0,12.643011
56.0,-94.0,18.0,12.07551
56.0,-92.0,18.0,12.247055
56.0,-90.0,18.0,12.12824
56.0,-88.0,18.0,12.267336
56.0,-86.0,18.0,12.7973995
56.0,-84.0,18.0,13.267556
56.0,-82.0,18.0,13.008147
56.0,-80.0,18.0,12.077891
56.0,-78.0,18.0,12.1148815
56.0,-76.0,18.0,12.176666
56.0,-74.0,18.0,12.151307
56.0,-72.0,18.0,11.865477
56.0,-70.0,18.0,12.10282
56.0,-68.0,18.0,12.445462
56.0,-66.0,18.0,12.193754
56.0,-64.0,18.0,11.711551
56.0,-62.0,18.0,12.024989
56.0,-60.0,18.0,12.239678
56.0,-58.0,18.0,12.013117
56.0,-56.0,18.0,11.731496
56.0,-54.0,18.0,12.052434
56.0,-52.0,18.0,12.463716
56.0,-50.0,18.0,12.258313
56.0,-48.0,18.0,11.587963
56.0,-46.0,18.0,10.9362755
56.0,-44.0,18.0,10.938607
56.0,-42.0,18.0,11.424751
56.0,-40.0,18.0,12.16148
56.0,-38.0,18.0,12.3922615
56.0,-36.0,18.0,12.0682
56.0,-34.0,18.0,11.77904
56.0,-32.0,18.0,11.868617
56.0,-30.0,18.0,12.008813
56.0,-28.0,18.0,11.86778
56.0,-26.0,18.0,11.9114485
56.0,-24.0,18.0,12.4143305
56.0,-22.0,18.0,12.436092
56.0,-20.0,18.0,11.719006
56.0,-18.0,18.0,10.878155
56.0,-16.0,18.0,10.261151
56.0,-14.0,18.0,10.351424
56.0,-12.0,18.0,10.671365
56.0,-10.0,18.0,11.578215
56.0,-8.0,18.0,12.826361
56.0,-6.0,18.0,12.954554
56.0,-4.0,18.0,12.117736
56.0,-2.0,18.0,11.409105
56.0,0.0,18.0,11.358683
56.0,2.0,18.0,10.843808
56.0,4.0,18.0,11.043707
56.0,6.0,18.0,12.242538
56.0,8.0,18.0,12.386986
56.0,10.0,18.0,11.167957
56.0,12.0,18.0,10.315612
56.0,14.0,18.0,10.28516
56.0,16.0,18.0,10.164367
56.0,18.0,18.0,10.323559
56.0,20.0,18.0,11.182412
56.0,22.0,18.0,12.1816
56.0,24.0,18.0,11.965321
56.0,26.0,18.0,10.999812
56.0,28.0,18.0,10.903266
56.0,30.0,18.0,11.137618
56.0,32.0,18.0,10.474652
56.0,34.0,18.0,9.903415
56.0,36.0,18.0,9.991066
56.0,38.0,18.0,10.72062
56.0,40.0,18.0,10.9380045
56.0,42.0,18.0,9.975473
56.0,44.0,18.0,8.829587
56.0,46.0,18.0,8.907441
56.0,48.0,18.0,9.91696
56.0,50.0,18.0,11.133802
56.0,52.0,18.0,11.271579
56.0,54.0,18.0,10.413059
56.0,56.0,18.0,10.037333
56.0,58.0,18.0,10.276429
56.0,60.0,18.0,11.034129
56.0,62.0,18.0,11.077711
56.0,64.0,18.0,10.899952
56.0,66.0,18.0,11.350264
56.0,68.0,18.0,11.704686
56.0,70.0,18.0,10.957155
56.0,72.0,18.0,10.046411
56.0,74.0,18.0,10.183462
56.0,76.0,18.0,10.714041
56.0,78.0,18.0,10.579457
56.0,80.0,18.0,10.953441
56.0,82.0,18.0,12.358699
56.0,84.0,18.0,12.634782
56.0,86.0,18.0,11.409312
56.0,88.0,18.0,10.812449
56.0,90.0,18.0,10.94646
56.0,92.0,18.0,10.408023
56.0,94.0,18.0,10.352475
56.0,96.0,18.0,11.718072
56.0,98.0,18.0,12.095948
56.0,100.0,18.0,10.778297
56.0,102.0,18.0,10.134983
56.0,104.0,18.0,10.248799
56.0,106.0,18.0,10.198349
56.0,108.0,18.0,10.046356
56.0,110.0,18.0,10.758246
56.0,112.0,18.0,11.8152895
56.0,114.0,18.0,11.867576
56.0,116.0,18.0,11.0743
56.0,118.0,18.0,10.737956
56.0,120.0,18.0,10.682321
56.0,122.0,18.0,10.081669
56.0,124.0,18.0,9.637461
56.0,126.0,18.0,9.916723
56.0,128.0,18.0,10.454478
56.0,130.0,18.0,10.519275
56.0,132.0,18.0,9.607331
56.0,134.0,18.0,8.764361
56.0,136.0,18.0,8.759429
56.0,138.0,18.0,9.529008
56.0,140.0,18.0,10.269539
56.0,142.0,18.0,10.031906
56.0,144.0,18.0,9.568551
56.0,146.0,18.0,9.578752
56.0,148.0,18.0,10.056313
56.0,150.0,18.0,10.51849
56.0,152.0,18.0,10.137592
56.0,154.0,18.0,10.225754
56.0,156.0,18.0,11.009016
56.0,158.0,18.0,11.135098
56.0,160.0,18.0,10.303465
56.0,162.0,18.0,9.614605
56.0,164.0,18.0,9.580517
56.0,166.0,18.0,9.584634
56.0,168.0,18.0,9.422286
56.0,170.0,18.0,10.401001
56.0,172.0,18.0,12.018305
56.0,174.0,18.0,11.672243
56.0,176.0,18.0,10.462013
56.0,178.0,18.0,10.488912
56.0,180.0,18.0,10.724534
58.0,-180.0,18.0,11.273242
58.0,-178.0,18.0,11.345172
58.0,-176.0,18.0,11.644237
58.0,-174.0,18.0,12.256964
58.0,-172.0,18.0,12.36154
58.0,-170.0,18.0,11.643804
58.0,-168.0,18.0,11.006811
58.0,-166.0,18.0,10.755351
58.0,-164.0,18.0,10.7573595
58.0,-162.0,18.0,11.000711
58.0,-160.0,18.0,11.687941
58.0,-158.0,18.0,11.97038
58.0,-156.0,18.0,11.791882
58.0,-154.0,18.0,11.643231
58.0,-152.0,18.0,11.750138
58.0,-150.0,18.0,11.953755
58.0,-148.0,18.0,11.68089
58.0,-146.0,18.0,11.446176
58.0,-144.0,18.0,11.636599
58.0,-142.0,18.0,11.971056
58.0,-140.0,18.0,12.007278
58.0,-138.0,18.0,11.402535
58.0,-136.0,18.0,11.1768465
58.0,-134.0,18.0,11.3808565
58.0,-132.0,18.0,11.648499
58.0,-130.0,18.0,11.940391
58.0,-128.0,18.0,11.749914
58.0,-126.0,18.0,11.179749
58.0,-124.0,18.0,11.155575
58.0,-122.0,18.0,11.703143
58.0,-120.0,18.0,12.033151
58.0,-118.0,18.0,12.196385
58.0,-116.0,18.0,12.452194
58.0,-114.0,18.0,12.817835
58.0,-112.0,18.0,12.493059
58.0,-110.0,18.0,11.792267
58.0,-108.0,18.0,11.636252
58.0,-106.0,18.0,11.585505
58.0,-104.0,18.0,11.285061
58.0,-102.0,18.0,11.313293
58.0,-100.0,18.0,11.845594
58.0,-98.0,18.0,12.64636
58.0,-96.0,18.0,12.787936
58.0,-94.0,18.0,12.185922
58.0,-92.0,18.0,12.062475
58.0,-90.0,18.0,12.052572
58.0,-88.0,18.0,12.318899
58.0,-86.0,18.0,12.964571
58.0,-84.0,18.0,13.239853
58.0,-82.0,18.0,12.7615385
58.0,-80.0,18.0,11.997106
58.0,-78.0,18.0,11.73748
58.0,-76.0,18.0,11.734993
58.0,-74.0,18.0,11.6405115
58.0,-72.0,18.0,11.615865
58.0,-70.0,18.0,11.967757
58.0,-68.0,18.0,12.429459
58.0,-66.0,18.0,12.20967
58.0,-64.0,18.0,11.807348
58.0,-62.0,18.0,12.037352
58.0,-60.0,18.0,12.349883
58.0,-58.0,18.0,11.948185
58.0,-56.0,18.0,11.824162
58.0,-54.0,18.0,12.037122
58.0,-52.0,18.0,12.269422
58.0,-50.0,18.0,12.097515
58.0,-48.0,18.0,11.533661
58.0,-46.0,18.0,11.059767
58.0,-44.0,18.0,10.974913
58.0,-42.0,18.0,11.411516
58.0,-40.0,18.0,12.1139345
58.0,-38.0,18.0,12.512479
58.0,-36.0,18.0,12.278815
58.0,-34.0,18.0,11.795469
58.0,-32.0,18.0,11.705644
58.0,-30.0,18.0,11.89604
58.0,-28.0,18.0,11.833699
58.0,-26.0,18.0,11.905937
58.0,-24.0,18.0,12.347196
58.0,-22.0,18.0,12.463942
58.0,-20.0,18.0,11.729393
58.0,-18.0,18.0,10.710373
58.0,-16.0,18.0,10.012423
58.0,-14.0,18.0,10.254094
58.0,-12.0,18.0,10.644653
58.0,-10.0,18.0,11.648726
58.0,-8.0,18.0,12.851657
58.0,-6.0,18.0,13.046088
58.0,-4.0,18.0,11.950318
58.0,-2.0,18.0,11.161891
58.0,0.0,18.0,11.415391
58.0,2.0,18.0,11.082852
58.0,4.0,18.0,11.061354
58.0,6.0,18.0,12.416901
58.0,8.0,18.0,12.63941
58.0,10.0,18.0,11.192505
58.0,12.0,18.0,10.40417
58.0,14.0,18.0,10.472807
58.0,16.0,18.0,10.125955
58.0,18.0,18.0,10.5717745
58.0,20.0,18.0,11.424942
58.0,22.0,18.0,12.098325
58.0,24.0,18.0,11.716368
58.0,26.0,18.0,10.884164
58.0,28.0,18.0,11.002815
58.0,30.0,18.0,11.432986
58.0,32.0,18.0,10.836236
58.0,34.0,18.0,10.303956
58.0,36.0,18.0,10.402174
58.0,38.0,18.0,11.085217
58.0,40.0,18.0,11.273498
58.0,42.0,18.0,10.214188
58.0,44.0,18.0,9.179034
58.0,46.0,18.0,9.226909
58.0,48.0,18.0,10.132248
58.0,50.0,18.0,11.263243
58.0,52.0,18.0,11.410006
58.0,54.0,18.0,10.696409
58.0,56.0,18.0,10.413285
58.0,58.0,18.0,10.539883
58.0,60.0,18.0,11.209738
58.0,62.0,18.0,11.317899
58.0,64.0,18.0,10.969173
58.0,66.0,18.0,11.490723
58.0,68.0,18.0,12.044672
58.0,70.0,18.0,11.32446
58.0,72.0,18.0,10.472812
58.0,74.0,18.0,10.429801
58.0,76.0,18.0,11.045075
58.0,78.0,18.0,11.005569
58.0,80.0,18.0,11.401157
58.0,82.0,18.0,12.935175
58.0,84.0,18.0,13.207323
58.0,86.0,18.0,11.872557
58.0,88.0,18.0,11.189703
58.0,90.0,18.0,11.390423
58.0,92.0,18.0,10.899001
58.0,94.0,18.0,10.84212
58.0,96.0,18.0,12.217664
58.0,98.0,18.0,12.740103
58.0,100.0,18.0,11.336681
58.0,102.0,18.0,10.556202
58.0,104.0,18.0,10.73558
58.0,106.0,18.0,10.718962
58.0,108.0,18.0,10.675515
58.0,110.0,18.0,11.391602
58.0,112.0,18.0,12.587337
58.0,114.0,18.0,12.46431
58.0,116.0,18.0,11.716561
58.0,118.0,18.0,11.384363
58.0,120.0,18.0,11.307207
58.0,122.0,18.0,10.545154
58.0,124.0,18.0,10.163415
58.0,126.0,18.0,10.350852
58.0,128.0,18.0,11.09133
58.0,130.0,18.0,11.18845
58.0,132.0,18.0,10.126432
58.0,134.0,18.0,9.069341
58.0,136.0,18.0,9.12399
58.0,138.0,18.0,10.219186
58.0,140.0,18.0,11.01751
58.0,142.0,18.0,10.779177
58.0,144.0,18.0,10.362909
58.0,146.0,18.0,10.254426
58.0,148.0,18.0,10.6046505
58.0,150.0,18.0,11.172242
58.0,152.0,18.0,10.939452
58.0,154.0,18.0,10.852623
58.0,156.0,18.0,11.560167
58.0,158.0,18.0,11.693128
58.0,160.0,18.0,11.070366
58.0,162.0,18.0,10.387599
58.0,164.0,18.0,10.1151705
58.0,166.0,18.0,10.100589
58.0,168.0,18.0,10.047949
58.0,170.0,18.0,11.151911
58.0,172.0,18.0,12.655642
58.0,174.0,18.0,12.235567
58.0,176.0,18.0,11.22795
58.0,178.0,18.0,11.232095
58.0,180.0,18.0,11.273242
60.0,-180.0,18.0,11.40644
60.0,-178.0,18.0,11.392655
60.0,-176.0,18.0,11.644158
60.0,-174.0,18.0,12.252309
60.0,-172.0,18.0,12.324266
60.0,-170.0,18.0,11.53001
60.0,-168.0,18.0,11.077717
60.0,-166.0,18.0,10.670123
60.0,-164.0,18.0,10.762613
60.0,-162.0,18.0,10.991274
60.0,-160.0,18.0,11.640472
60.0,-158.0,18.0,11.746951
60.0,-156.0,18.0,11.563979
60.0,-154.0,18.0,11.465056
60.0,-152.0,18.0,11.41071
60.0,-150.0,18.0,11.731652
60.0,-148.0,18.0,11.60202
60.0,-146.0,18.0,11.369357
60.0,-144.0,18.0,11.321755
60.0,-142.0,18.0,11.716379
60.0,-140.0,18.0,11.7517185
60.0,-138.0,18.0,11.235566
60.0,-136.0,18.0,10.73895
60.0,-134.0,18.0,10.810751
60.0,-132.0,18.0,11.258332
60.0,-130.0,18.0,11.739618
60.0,-128.0,18.0,11.658996
60.0,-126.0,18.0,11.271745
60.0,-124.0,18.0,11.017539
60.0,-122.0,18.0,11.459829
60.0,-120.0,18.0,11.740229
60.0,-118.0,18.0,11.686085
60.0,-116.0,18.0,12.142136
60.0,-114.0,18.0,12.416107
60.0,-112.0,18.0,12.199704
60.0,-110.0,18.0,11.718321
60.0,-108.0,18.0,11.557758
60.0,-106.0,18.0,11.764732
60.0,-104.0,18.0,11.106614
60.0,-102.0,18.0,11.004294
60.0,-100.0,18.0,11.714782
60.0,-98.0,18.0,12.515469
60.0,-96.0,18.0,12.687814
60.0,-94.0,18.0,12.202776
60.0,-92.0,18.0,11.8651085
60.0,-90.0,18.0,11.718944
60.0,-88.0,18.0,11.8046465
60.0,-86.0,18.0,12.227084
60.0,-84.0,18.0,12.597015
60.0,-82.0,18.0,12.321135
60.0,-80.0,18.0,11.724301
60.0,-78.0,18.0,11.4211235
60.0,-76.0,18.0,11.212461
60.0,-74.0,18.0,11.038008
60.0,-72.0,18.0,11.259341
60.0,-70.0,18.0,11.742546
60.0,-68.0,18.0,12.270928
60.0,-66.0,18.0,12.237744
60.0,-64.0,18.0,11.754465
60.0,-62.0,18.0,11.74029
60.0,-60.0,18.0,11.765478
60.0,-58.0,18.0,11.471535
60.0,-56.0,18.0,11.324096
60.0,-54.0,18.0,11.559511
60.0,-52.0,18.0,11.7911
60.0,-50.0,18.0,11.737511
60.0,-48.0,18.0,11.492317
60.0,-46.0,18.0,11.2339
60.0,-44.0,18.0,11.204926
60.0,-42.0,18.0,11.455666
60.0,-40.0,18.0,11.72374
60.0,-38.0,18.0,11.987701
60.0,-36.0,18.0,11.8487015
60.0,-34.0,18.0,11.460681
60.0,-32.0,18.0,11.320403
60.0,-30.0,18.0,11.743568
60.0,-28.0,18.0,11.922816
60.0,-26.0,18.0,11.991429
60.0,-24.0,18.0,12.31219
60.0,-22.0,18.0,12.386517
60.0,-20.0,18.0,11.699204
60.0,-18.0,18.0,10.678333
60.0,-16.0,18.0,10.209773
60.0,-14.0,18.0,10.411326
60.0,-12.0,18.0,10.871743
60.0,-10.0,18.0,11.672157
60.0,-8.0,18.0,12.811129
60.0,-6.0,18.0,12.93413
60.0,-4.0,18.0,11.972278
60.0,-2.0,18.0,11.287644
60.0,0.0,18.0,11.628612
60.0,2.0,18.0,11.51313
60.0,4.0,18.0,11.683737
60.0,6.0,18.0,12.880436
60.0,8.0,18.0,13.010498
60.0,10.0,18.0,11.577431
60.0,12.0,18.0,10.581233
60.0,14.0,18.0,10.549094
60.0,16.0,18.0,10.189973
60.0,18.0,18.0,10.743749
60.0,20.0,18.0,11.522145
60.0,22.0,18.0,12.161376
60.0,24.0,18.0,11.89785
60.0,26.0,18.0,11.137323
60.0,28.0,18.0,11.021625
60.0,30.0,18.0,11.5115185
60.0,32.0,18.0,10.8232355
60.0,34.0,18.0,10.379944
60.0,36.0,18.0,10.585702
60.0,38.0,18.0,11.256909
60.0,40.0,18.0,11.522145
60.0,42.0,18.0,10.489624
60.0,44.0,18.0,9.43647
60.0,46.0,18.0,9.47091
60.0,48.0,18.0,10.344854
60.0,50.0,18.0,11.470446
60.0,52.0,18.0,11.473266
60.0,54.0,18.0,10.756613
60.0,56.0,18.0,10.48112
60.0,58.0,18.0,10.714878
60.0,60.0,18.0,11.452236
60.0,62.0,18.0,11.515236
60.0,64.0,18.0,11.215518
60.0,66.0,18.0,11.798319
60.0,68.0,18.0,12.114191
60.0,70.0,18.0,11.446225
60.0,72.0,18.0,10.623817
60.0,74.0,18.0,10.487456
60.0,76.0,18.0,10.954674
60.0,78.0,18.0,11.047807
60.0,80.0,18.0,11.409127
60.0,82.0,18.0,12.862466
60.0,84.0,18.0,13.067911
60.0,86.0,18.0,11.659999
60.0,88.0,18.0,11.029642
60.0,90.0,18.0,11.37749
60.0,92.0,18.0,10.885609
60.0,94.0,18.0,10.889378
60.0,96.0,18.0,12.156483
60.0,98.0,18.0,12.632776
60.0,100.0,18.0,11.368333
60.0,102.0,18.0,10.553912
60.0,104.0,18.0,10.642293
60.0,106.0,18.0,10.67277
60.0,108.0,18.0,10.559492
60.0,110.0,18.0,11.295246
60.0,112.0,18.0,12.2543745
60.0,114.0,18.0,12.353456
60.0,116.0,18.0,11.748533
60.0,118.0,18.0,11.426283
60.0,120.0,18.0,11.293765
60.0,122.0,18.0,10.696613
60.0,124.0,18.0,10.406359
60.0,126.0,18.0,10.430194
60.0,128.0,18.0,10.989062
60.0,130.0,18.0,11.188519
60.0,132.0,18.0,10.168313
60.0,134.0,18.0,9.136076
60.0,136.0,18.0,9.242925
60.0,138.0,18.0,10.247749
60.0,140.0,18.0,11.079983
60.0,142.0,18.0,10.898001
60.0,144.0,18.0,10.478728
60.0,146.0,18.0,10.274609
60.0,148.0,18.0,10.590075
60.0,150.0,18.0,11.010102
60.0,152.0,18.0,10.827306
60.0,154.0,18.0,10.779606
60.0,156.0,18.0,11.5131
60.0,158.0,18.0,11.73713
60.0,160.0,18.0,11.1001
60.0,162.0,18.0,10.515654
60.0,164.0,18.0,10.270296
60.0,166.0,18.0,10.146107
60.0,168.0,18.0,10.198232
60.0,170.0,18.0,11.238519
60.0,172.0,18.0,12.520211
60.0,174.0,18.0,12.183537
60.0,176.0,18.0,11.678081
60.0,178.0,18.0,11.602939
60.0,180.0,18.0,11.40644
62.0,-180.0,18.0,11.882723
62.0,-178.0,18.0,11.774985
62.0,-176.0,18.0,12.105394
62.0,-174.0,18.0,12.872786
62.0,-172.0,18.0,12.947431
62.0,-170.0,18.0,12.1866045
62.0,-168.0,18.0,11.673417
62.0,-166.0,18.0,11.404286
62.0,-164.0,18.0,11.394236
62.0,-162.0,18.0,11.728028
62.0,-160.0,18.0,12.251471
62.0,-158.0,18.0,12.285155
62.0,-156.0,18.0,12.0281315
62.0,-154.0,18.0,11.874498
62.0,-152.0,18.0,11.812096
62.0,-150.0,18.0,12.066632
62.0,-148.0,18.0,11.902588
62.0,-146.0,18.0,11.807867
62.0,-144.0,18.0,11.911196
62.0,-142.0,18.0,12.140298
62.0,-140.0,18.0,12.171691
62.0,-138.0,18.0,11.764003
62.0,-136.0,18.0,11.310192
62.0,-134.0,18.0,11.114436
62.0,-132.0,18.0,11.490827
62.0,-130.0,18.0,12.095472
62.0,-128.0,18.0,12.157746
62.0,-126.0,18.0,11.651132
62.0,-124.0,18.0,11.20242
62.0,-122.0,18.0,11.511848
62.0,-120.0,18.0,11.979778
62.0,-118.0,18.0,11.972246
62.0,-116.0,18.0,12.148619
62.0,-114.0,18.0,12.574181
62.0,-112.0,18.0,12.519199
62.0,-110.0,18.0,12.052107
62.0,-108.0,18.0,11.894566
62.0,-106.0,18.0,12.062668
62.0,-104.0,18.0,11.590898
62.0,-102.0,18.0,11.468296
62.0,-100.0,18.0,12.130735
62.0,-98.0,18.0,12.967962
62.0,-96.0,18.0,13.10954
62.0,-94.0,18.0,12.616985
62.0,-92.0,18.0,12.263076
62.0,-90.0,18.0,12.164522
62.0,-88.0,18.0,12.080927
62.0,-86.0,18.0,12.351253
62.0,-84.0,18.0,12.639982
62.0,-82.0,18.0,12.597808
62.0,-80.0,18.0,11.886413
62.0,-78.0,18.0,11.610383
62.0,-76.0,18.0,11.427552
62.0,-74.0,18.0,11.522947
62.0,-72.0,18.0,11.478007
62.0,-70.0,18.0,12.020606
62.0,-68.0,18.0,12.370942
62.0,-66.0,18.0,12.358228
62.0,-64.0,18.0,11.798352
62.0,-62.0,18.0,11.835604
62.0,-60.0,18.0,11.933014
62.0,-58.0,18.0,11.527646
62.0,-56.0,18.0,11.374829
62.0,-54.0,18.0,11.8378105
62.0,-52.0,18.0,12.185196
62.0,-50.0,18.0,12.094224
62.0,-48.0,18.0,11.701238
62.0,-46.0,18.0,11.383817
62.0,-44.0,18.0,11.412462
62.0,-42.0,18.0,11.676231
62.0,-40.0,18.0,12.299865
62.0,-38.0,18.0,12.56848
62.0,-36.0,18.0,12.406478
62.0,-34.0,18.0,12.0873
62.0,-32.0,18.0,11.83318
62.0,-30.0,18.0,12.293992
62.0,-28.0,18.0,12.445382
62.0,-26.0,18.0,12.552883
62.0,-24.0,18.0,12.989663
62.0,-22.0,18.0,13.208639
62.0,-20.0,18.0,12.327552
62.0,-18.0,18.0,11.217933
62.0,-16.0,18.0,10.6083975
62.0,-14.0,18.0,10.856442
62.0,-12.0,18.0,11.059925
62.0,-10.0,18.0,11.967962
62.0,-8.0,18.0,13.049485
62.0,-6.0,18.0,13.425403
62.0,-4.0,18.0,12.328722
62.0,-2.0,18.0,11.543953
62.0,0.0,18.0,11.944459
62.0,2.0,18.0,11.817786
62.0,4.0,18.0,12.093071
62.0,6.0,18.0,13.340784
62.0,8.0,18.0,13.549947
62.0,10.0,18.0,12.112562
62.0,12.0,18.0,11.045439
62.0,14.0,18.0,10.991462
62.0,16.0,18.0,10.854999
62.0,18.0,18.0,11.311907
62.0,20.0,18.0,12.182038
62.0,22.0,18.0,13.006733
62.0,24.0,18.0,13.016461
62.0,26.0,18.0,12.186255
62.0,28.0,18.0,11.986512
62.0,30.0,18.0,12.276213
62.0,32.0,18.0,11.351451
62.0,34.0,18.0,10.577649
62.0,36.0,18.0,10.920768
62.0,38.0,18.0,11.824505
62.0,40.0,18.0,12.290179
62.0,42.0,18.0,11.302158
62.0,44.0,18.0,10.049729
62.0,46.0,18.0,10.0689535
62.0,48.0,18.0,11.142821
62.0,50.0,18.0,12.312806
62.0,52.0,18.0,12.367972
62.0,54.0,18.0,11.378059
62.0,56.0,18.0,11.109549
62.0,58.0,18.0,11.56232
62.0,60.0,18.0,12.332255
62.0,62.0,18.0,12.231361
62.0,64.0,18.0,11.868153
62.0,66.0,18.0,12.680877
62.0,68.0,18.0,12.942813
62.0,70.0,18.0,11.798656
62.0,72.0,18.0,11.127209
62.0,74.0,18.0,11.210534
62.0,76.0,18.0,11.587474
62.0,78.0,18.0,11.395496
62.0,80.0,18.0,11.940721
62.0,82.0,18.0,13.321336
62.0,84.0,18.0,13.527293
62.0,86.0,18.0,12.212482
62.0,88.0,18.0,11.730024
62.0,90.0,18.0,11.904307
62.0,92.0,18.0,11.366473
62.0,94.0,18.0,11.44786
62.0,96.0,18.0,13.080859
62.0,98.0,18.0,13.333292
62.0,100.0,18.0,11.799283
62.0,102.0,18.0,11.037634
62.0,104.0,18.0,11.211542
62.0,106.0,18.0,10.855304
62.0,108.0,18.0,10.73393
62.0,110.0,18.0,11.480098
62.0,112.0,18.0,12.556355
62.0,114.0,18.0,12.630855
62.0,116.0,18.0,12.1361475
62.0,118.0,18.0,11.87182
62.0,120.0,18.0,11.717564
62.0,122.0,18.0,10.99109
62.0,124.0,18.0,10.495878
62.0,126.0,18.0,10.662141
62.0,128.0,18.0,11.411287
62.0,130.0,18.0,11.495025
62.0,132.0,18.0,10.684644
62.0,134.0,18.0,9.589416
62.0,136.0,18.0,9.563067
62.0,138.0,18.0,10.607141
62.0,140.0,18.0,11.385807
62.0,142.0,18.0,11.243493
62.0,144.0,18.0,10.682657
62.0,146.0,18.0,10.562984
62.0,148.0,18.0,10.839001
62.0,150.0,18.0,11.313649
62.0,152.0,18.0,10.998603
62.0,154.0,18.0,11.126311
62.0,156.0,18.0,12.000558
62.0,158.0,18.0,12.100778
62.0,160.0,18.0,11.464989
62.0,162.0,18.0,11.041753
62.0,164.0,18.0,10.793469
62.0,166.0,18.0,10.826462
62.0,168.0,18.0,10.68843
62.0,170.0,18.0,11.666654
62.0,172.0,18.0,12.975097
62.0,174.0,18.0,12.769616
62.0,176.0,18.0,11.970702
62.0,178.0,18.0,11.896659
62.0,180.0,18.0,11.882723
64.0,-180.0,18.0,12.370724
64.0,-178.0,18.0,12.167287
64.0,-176.0,18.0,12.443644
64.0,-174.0,18.0,13.568179
64.0,-172.0,18.0,13.526768
64.0,-170.0,18.0,12.448011
64.0,-168.0,18.0,11.981835
64.0,-166.0,18.0,12.121955
64.0,-164.0,18.0,11.920665
64.0,-162.0,18.0,11.906176
64.0,-160.0,18.0,12.370667
64.0,-158.0,18.0,12.682246
64.0,-156.0,18.0,12.133376
64.0,-154.0,18.0,11.690872
64.0,-152.0,18.0,12.023463
64.0,-150.0,18.0,12.317881
64.0,-148.0,18.0,11.658496
64.0,-146.0,18.0,11.472349
64.0,-144.0,18.0,11.779546
64.0,-142.0,18.0,11.921139
64.0,-140.0,18.0,12.074195
64.0,-138.0,18.0,11.960323
64.0,-136.0,18.0,11.686299
64.0,-134.0,18.0,11.579794
64.0,-132.0,18.0,11.699525
64.0,-130.0,18.0,12.256368
64.0,-128.0,18.0,11.953191
64.0,-126.0,18.0,11.196425
64.0,-124.0,18.0,10.532377
64.0,-122.0,18.0,10.819616
64.0,-120.0,18.0,11.986138
64.0,-118.0,18.0,12.4054985
64.0,-116.0,18.0,12.357733
64.0,-114.0,18.0,12.616044
64.0,-112.0,18.0,12.5792055
64.0,-110.0,18.0,11.974921
64.0,-108.0,18.0,11.456376
64.0,-106.0,18.0,11.572329
64.0,-104.0,18.0,11.563183
64.0,-102.0,18.0,11.742986
64.0,-100.0,18.0,11.822351
64.0,-98.0,18.0,12.503074
64.0,-96.0,18.0,12.793776
64.0,-94.0,18.0,12.032328
64.0,-92.0,18.0,11.798701
64.0,-90.0,18.0,11.988613
64.0,-88.0,18.0,12.208937
64.0,-86.0,18.0,12.410167
64.0,-84.0,18.0,12.787177
64.0,-82.0,18.0,12.821316
64.0,-80.0,18.0,11.824398
64.0,-78.0,18.0,11.754151
64.0,-76.0,18.0,11.985872
64.0,-74.0,18.0,12.067049
64.0,-72.0,18.0,11.711866
64.0,-70.0,18.0,11.942933
64.0,-68.0,18.0,12.482052
64.0,-66.0,18.0,12.323782
64.0,-64.0,18.0,11.567062
64.0,-62.0,18.0,11.275578
64.0,-60.0,18.0,11.896494
64.0,-58.0,18.0,11.387724
64.0,-56.0,18.0,10.941121
64.0,-54.0,18.0,11.223398
64.0,-52.0,18.0,12.084542
64.0,-50.0,18.0,12.146308
64.0,-48.0,18.0,11.291816
64.0,-46.0,18.0,10.87271
64.0,-44.0,18.0,11.068735
64.0,-42.0,18.0,11.714287
64.0,-40.0,18.0,12.116147
64.0,-38.0,18.0,12.400563
64.0,-36.0,18.0,12.307436
64.0,-34.0,18.0,11.989302
64.0,-32.0,18.0,11.88593
64.0,-30.0,18.0,12.27001
64.0,-28.0,18.0,12.182261
64.0,-26.0,18.0,12.151009
64.0,-24.0,18.0,12.790792
64.0,-22.0,18.0,13.051331
64.0,-20.0,18.0,12.265084
64.0,-18.0,18.0,11.24516
64.0,-16.0,18.0,10.74359
64.0,-14.0,18.0,11.070261
64.0,-12.0,18.0,11.305886
64.0,-10.0,18.0,11.885976
64.0,-8.0,18.0,13.1852865
64.0,-6.0,18.0,13.853932
64.0,-4.0,18.0,12.529124
64.0,-2.0,18.0,11.885599
64.0,0.0,18.0,11.874145
64.0,2.0,18.0,11.652141
64.0,4.0,18.0,11.739948
64.0,6.0,18.0,12.917112
64.0,8.0,18.0,13.377099
64.0,10.0,18.0,11.928008
64.0,12.0,18.0,10.894904
64.0,14.0,18.0,10.858369
64.0,16.0,18.0,10.838597
64.0,18.0,18.0,11.133314
64.0,20.0,18.0,12.132386
64.0,22.0,18.0,13.410748
64.0,24.0,18.0,13.436079
64.0,26.0,18.0,12.53499
64.0,28.0,18.0,12.271821
64.0,30.0,18.0,12.3055105
64.0,32.0,18.0,11.489222
64.0,34.0,18.0,10.777475
64.0,36.0,18.0,11.144761
64.0,38.0,18.0,12.033595
64.0,40.0,18.0,12.267739
64.0,42.0,18.0,11.24589
64.0,44.0,18.0,10.05225
64.0,46.0,18.0,9.97047
64.0,48.0,18.0,11.092644
64.0,50.0,18.0,12.328011
64.0,52.0,18.0,12.432846
64.0,54.0,18.0,11.5565815
64.0,56.0,18.0,11.047941
64.0,58.0,18.0,11.612407
64.0,60.0,18.0,12.265155
64.0,62.0,18.0,11.96293
64.0,64.0,18.0,11.876865
64.0,66.0,18.0,12.788387
64.0,68.0,18.0,13.274102
64.0,70.0,18.0,12.047912
64.0,72.0,18.0,10.998829
64.0,74.0,18.0,11.366753
64.0,76.0,18.0,11.633159
64.0,78.0,18.0,11.338841
64.0,80.0,18.0,11.971576
64.0,82.0,18.0,13.67262
64.0,84.0,18.0,13.773123
64.0,86.0,18.0,12.523934
64.0,88.0,18.0,12.017353
64.0,90.0,18.0,11.952193
64.0,92.0,18.0,11.386092
64.0,94.0,18.0,11.743997
64.0,96.0,18.0,13.28608
64.0,98.0,18.0,13.534791
64.0,100.0,18.0,11.962725
64.0,102.0,18.0,11.142391
64.0,104.0,18.0,11.25443
64.0,106.0,18.0,10.889433
64.0,108.0,18.0,10.5594015
64.0,110.0,18.0,11.91228
64.0,112.0,18.0,13.30833
64.0,114.0,18.0,13.044322
64.0,116.0,18.0,12.191033
64.0,118.0,18.0,12.064762
64.0,120.0,18.0,11.825985
64.0,122.0,18.0,10.975899
64.0,124.0,18.0,10.314741
64.0,126.0,18.0,10.916467
64.0,128.0,18.0,11.888356
64.0,130.0,18.0,11.878497
64.0,132.0,18.0,10.898799
64.0,134.0,18.0,10.019917
64.0,136.0,18.0,9.85574
64.0,138.0,18.0,10.91851
64.0,140.0,18.0,11.824144
64.0,142.0,18.0,11.64648
64.0,144.0,18.0,11.0387335
64.0,146.0,18.0,11.12633
64.0,148.0,18.0,11.577743
64.0,150.0,18.0,11.950535
64.0,152.0,18.0,11.673618
64.0,154.0,18.0,11.856088
64.0,156.0,18.0,12.753682
64.0,158.0,18.0,12.865974
64.0,160.0,18.0,12.0439
64.0,162.0,18.0,11.5832815
64.0,164.0,18.0,11.455251
64.0,166.0,18.0,11.251366
64.0,168.0,18.0,11.036063
64.0,170.0,18.0,12.058889
64.0,172.0,18.0,13.478579
64.0,174.0,18.0,12.757143
64.0,176.0,18.0,11.724089
64.0,178.0,18.0,11.893193
64.0,180.0,18.0,12.370724
66.0,-180.0,18.0,10.8292055
66.0,-178.0,18.0,10.716652
66.0,-176.0,18.0,11.062701
66.0,-174.0,18.0,12.025591
66.0,-172.0,18.0,11.861687
66.0,-170.0,18.0,10.759606
66.0,-168.0,18.0,10.4218445
66.0,-166.0,18.0,10.962956
66.0,-164.0,18.0,10.838582
66.0,-162.0,18.0,10.640951
66.0,-160.0,18.0,10.905968
66.0,-158.0,18.0,11.258498
66.0,-156.0,18.0,10.751087
66.0,-154.0,18.0,10.421437
66.0,-152.0,18.0,10.595554
66.0,-150.0,18.0,10.916519
66.0,-148.0,18.0,10.334813
66.0,-146.0,18.0,10.045697
66.0,-144.0,18.0,10.349934
66.0,-142.0,18.0,10.780143
66.0,-140.0,18.0,11.117651
66.0,-138.0,18.0,11.120356
66.0,-136.0,18.0,10.756684
66.0,-134.0,18.0,10.64308
66.0,-132.0,18.0,10.960852
66.0,-130.0,18.0,11.167563
66.0,-128.0,18.0,10.669373
66.0,-126.0,18.0,10.049796
66.0,-124.0,18.0,9.752948
66.0,-122.0,18.0,10.287524
66.0,-120.0,18.0,11.336021
66.0,-118.0,18.0,11.543366
66.0,-116.0,18.0,11.739414
66.0,-114.0,18.0,11.976031
66.0,-112.0,18.0,11.834568
66.0,-110.0,18.0,11.380883
66.0,-108.0,18.0,11.025919
66.0,-106.0,18.0,11.052657
66.0,-104.0,18.0,11.075139
66.0,-102.0,18.0,11.273987
66.0,-100.0,18.0,11.42686
66.0,-98.0,18.0,11.463032
66.0,-96.0,18.0,11.542891
66.0,-94.0,18.0,10.980134
66.0,-92.0,18.0,10.895312
66.0,-90.0,18.0,11.360205
66.0,-88.0,18.0,11.577911
66.0,-86.0,18.0,11.866436
66.0,-84.0,18.0,12.185788
66.0,-82.0,18.0,11.948734
66.0,-80.0,18.0,11.361342
66.0,-78.0,18.0,11.270603
66.0,-76.0,18.0,11.382235
66.0,-74.0,18.0,11.436397
66.0,-72.0,18.0,11.157182
66.0,-70.0,18.0,11.290265
66.0,-68.0,18.0,11.892427
66.0,-66.0,18.0,11.681241
66.0,-64.0,18.0,10.871798
66.0,-62.0,18.0,10.761376
66.0,-60.0,18.0,11.25961
66.0,-58.0,18.0,10.75198
66.0,-56.0,18.0,10.285194
66.0,-54.0,18.0,10.387078
66.0,-52.0,18.0,11.194063
66.0,-50.0,18.0,11.307741
66.0,-48.0,18.0,10.489482
66.0,-46.0,18.0,10.249142
66.0,-44.0,18.0,10.594463
66.0,-42.0,18.0,11.105107
66.0,-40.0,18.0,11.21559
66.0,-38.0,18.0,11.408785
66.0,-36.0,18.0,11.179935
66.0,-34.0,18.0,10.831796
66.0,-32.0,18.0,10.709995
66.0,-30.0,18.0,11.026426
66.0,-28.0,18.0,10.987189
66.0,-26.0,18.0,10.877945
66.0,-24.0,18.0,11.295298
66.0,-22.0,18.0,11.571815
66.0,-20.0,18.0,11.118491
66.0,-18.0,18.0,10.613017
66.0,-16.0,18.0,10.165072
66.0,-14.0,18.0,10.467387
66.0,-12.0,18.0,10.556635
66.0,-10.0,18.0,11.105595
66.0,-8.0,18.0,12.459428
66.0,-6.0,18.0,12.985665
66.0,-4.0,18.0,11.616762
66.0,-2.0,18.0,11.007577
66.0,0.0,18.0,11.016543
66.0,2.0,18.0,10.53732
66.0,4.0,18.0,10.63986
66.0,6.0,18.0,11.801799
66.0,8.0,18.0,12.396715
66.0,10.0,18.0,11.207998
66.0,12.0,18.0,10.185703
66.0,14.0,18.0,10.012694
66.0,16.0,18.0,9.91919
66.0,18.0,18.0,10.09612
66.0,20.0,18.0,11.018752
66.0,22.0,18.0,12.095995
66.0,24.0,18.0,12.150505
66.0,26.0,18.0,11.218449
66.0,28.0,18.0,10.941403
66.0,30.0,18.0,11.082102
66.0,32.0,18.0,10.537232
66.0,34.0,18.0,9.89929
66.0,36.0,18.0,9.944346
66.0,38.0,18.0,10.737352
66.0,40.0,18.0,11.084124
66.0,42.0,18.0,10.064559
66.0,44.0,18.0,8.976689
66.0,46.0,18.0,8.94408
66.0,48.0,18.0,9.941535
66.0,50.0,18.0,11.102026
66.0,52.0,18.0,11.263865
66.0,54.0,18.0,10.543404
66.0,56.0,18.0,9.843768
66.0,58.0,18.0,10.409291
66.0,60.0,18.0,11.120353
66.0,62.0,18.0,11.070649
66.0,64.0,18.0,10.802738
66.0,66.0,18.0,11.583397
66.0,68.0,18.0,12.213452
66.0,70.0,18.0,11.346751
66.0,72.0,18.0,10.115743
66.0,74.0,18.0,10.220184
66.0,76.0,18.0,10.555789
66.0,78.0,18.0,10.473679
66.0,80.0,18.0,11.16467
66.0,82.0,18.0,12.8005705
66.0,84.0,18.0,13.002441
66.0,86.0,18.0,11.623151
66.0,88.0,18.0,11.044236
66.0,90.0,18.0,11.166999
66.0,92.0,18.0,10.609827
66.0,94.0,18.0,10.88863
66.0,96.0,18.0,12.128751
66.0,98.0,18.0,12.634113
66.0,100.0,18.0,11.254376
66.0,102.0,18.0,10.400445
66.0,104.0,18.0,10.4902725
66.0,106.0,18.0,10.144413
66.0,108.0,18.0,10.002277
66.0,110.0,18.0,11.206256
66.0,112.0,18.0,12.687869
66.0,114.0,18.0,12.4901905
66.0,116.0,18.0,11.619189
66.0,118.0,18.0,11.508446
66.0,120.0,18.0,11.271441
66.0,122.0,18.0,10.338853
66.0,124.0,18.0,9.715841
66.0,126.0,18.0,10.059435
66.0,128.0,18.0,11.175658
66.0,130.0,18.0,11.239478
66.0,132.0,18.0,10.0561
66.0,134.0,18.0,9.017353
66.0,136.0,18.0,9.034924
66.0,138.0,18.0,10.18964
66.0,140.0,18.0,11.140887
66.0,142.0,18.0,10.969379
66.0,144.0,18.0,10.186633
66.0,146.0,18.0,10.069556
66.0,148.0,18.0,10.63966
66.0,150.0,18.0,11.086738
66.0,152.0,18.0,10.780898
66.0,154.0,18.0,10.9484825
66.0,156.0,18.0,11.8021755
66.0,158.0,18.0,11.929902
66.0,160.0,18.0,10.956891
66.0,162.0,18.0,10.494562
66.0,164.0,18.0,10.49932
66.0,166.0,18.0,10.172525
66.0,168.0,18.0,9.989404
66.0,170.0,18.0,11.000506
66.0,172.0,18.0,11.994854
66.0,174.0,18.0,11.372746
66.0,176.0,18.0,10.416719
66.0,178.0,18.0,10.552432
66.0,180.0,18.0,10.8292055
68.0,-180.0,18.0,10.002619
68.0,-178.0,18.0,9.93293
68.0,-176.0,18.0,10.294573
68.0,-174.0,18.0,11.101582
68.0,-172.0,18.0,10.882872
68.0,-170.0,18.0,9.956092
68.0,-168.0,18.0,9.714035
68.0,-166.0,18.0,10.002454
68.0,-164.0,18.0,9.801026
68.0,-162.0,18.0,9.655376
68.0,-160.0,18.0,9.913377
68.0,-158.0,18.0,10.2248955
68.0,-156.0,18.0,9.86255
68.0,-154.0,18.0,9.682399
68.0,-152.0,18.0,9.774877
68.0,-150.0,18.0,10.114643
68.0,-148.0,18.0,9.67956
68.0,-146.0,18.0,9.293697
68.0,-144.0,18.0,9.567586
68.0,-142.0,18.0,10.012475
68.0,-140.0,18.0,10.208376
68.0,-138.0,18.0,10.208318
68.0,-136.0,18.0,9.903284
68.0,-134.0,18.0,9.856332
68.0,-132.0,18.0,10.221318
68.0,-130.0,18.0,10.2661
68.0,-128.0,18.0,9.940293
68.0,-126.0,18.0,9.424616
68.0,-124.0,18.0,9.280282
68.0,-122.0,18.0,9.706215
68.0,-120.0,18.0,10.559288
68.0,-118.0,18.0,10.822456
68.0,-116.0,18.0,11.188686
68.0,-114.0,18.0,11.442015
68.0,-112.0,18.0,11.236081
68.0,-110.0,18.0,10.823249
68.0,-108.0,18.0,10.54787
68.0,-106.0,18.0,10.608019
68.0,-104.0,18.0,10.47481
68.0,-102.0,18.0,10.566757
68.0,-100.0,18.0,10.582113
68.0,-98.0,18.0,10.878394
68.0,-96.0,18.0,10.882861
68.0,-94.0,18.0,10.458726
68.0,-92.0,18.0,10.204675
68.0,-90.0,18.0,10.578158
68.0,-88.0,18.0,10.887179
68.0,-86.0,18.0,11.083164
68.0,-84.0,18.0,11.340726
68.0,-82.0,18.0,11.113581
68.0,-80.0,18.0,10.575781
68.0,-78.0,18.0,10.408594
68.0,-76.0,18.0,10.413516
68.0,-74.0,18.0,10.518354
68.0,-72.0,18.0,10.417213
68.0,-70.0,18.0,10.737234
68.0,-68.0,18.0,11.101561
68.0,-66.0,18.0,11.002498
68.0,-64.0,18.0,10.237073
68.0,-62.0,18.0,9.9597225
68.0,-60.0,18.0,10.27734
68.0,-58.0,18.0,10.108741
68.0,-56.0,18.0,9.70823
68.0,-54.0,18.0,9.812713
68.0,-52.0,18.0,10.336252
68.0,-50.0,18.0,10.431295
68.0,-48.0,18.0,9.948829
68.0,-46.0,18.0,9.651515
68.0,-44.0,18.0,9.933492
68.0,-42.0,18.0,10.297706
68.0,-40.0,18.0,10.483582
68.0,-38.0,18.0,10.524021
68.0,-36.0,18.0,10.473583
68.0,-34.0,18.0,10.226432
68.0,-32.0,18.0,10.125706
68.0,-30.0,18.0,10.39514
68.0,-28.0,18.0,10.266411
68.0,-26.0,18.0,10.195806
68.0,-24.0,18.0,10.568546
68.0,-22.0,18.0,10.881408
68.0,-20.0,18.0,10.367933
68.0,-18.0,18.0,9.735862
68.0,-16.0,18.0,9.558906
68.0,-14.0,18.0,9.7479725
68.0,-12.0,18.0,9.976101
68.0,-10.0,18.0,10.331167
68.0,-8.0,18.0,11.48565
68.0,-6.0,18.0,11.939124
68.0,-4.0,18.0,10.77949
68.0,-2.0,18.0,10.153311
68.0,0.0,18.0,10.304467
68.0,2.0,18.0,9.896893
68.0,4.0,18.0,9.901039
68.0,6.0,18.0,10.961153
68.0,8.0,18.0,11.636577
68.0,10.0,18.0,10.533263
68.0,12.0,18.0,9.55729
68.0,14.0,18.0,9.395132
68.0,16.0,18.0,9.282019
68.0,18.0,18.0,9.403735
68.0,20.0,18.0,10.232934
68.0,22.0,18.0,11.161508
68.0,24.0,18.0,11.134201
68.0,26.0,18.0,10.319238
68.0,28.0,18.0,10.182309
68.0,30.0,18.0,10.343564
68.0,32.0,18.0,9.944487
68.0,34.0,18.0,9.316231
68.0,36.0,18.0,9.30103
68.0,38.0,18.0,10.009625
68.0,40.0,18.0,10.391681
68.0,42.0,18.0,9.425497
68.0,44.0,18.0,8.441254
68.0,46.0,18.0,8.3892765
68.0,48.0,18.0,9.323654
68.0,50.0,18.0,10.353746
68.0,52.0,18.0,10.4741125
68.0,54.0,18.0,9.793361
68.0,56.0,18.0,9.271115
68.0,58.0,18.0,9.794173
68.0,60.0,18.0,10.396848
68.0,62.0,18.0,10.309118
68.0,64.0,18.0,10.14472
68.0,66.0,18.0,10.8261595
68.0,68.0,18.0,11.441202
68.0,70.0,18.0,10.615753
68.0,72.0,18.0,9.619956
68.0,74.0,18.0,9.632862
68.0,76.0,18.0,9.877779
68.0,78.0,18.0,9.865786
68.0,80.0,18.0,10.391215
68.0,82.0,18.0,11.976763
68.0,84.0,18.0,12.217247
68.0,86.0,18.0,10.924981
68.0,88.0,18.0,10.353937
68.0,90.0,18.0,10.416096
68.0,92.0,18.0,9.846345
68.0,94.0,18.0,10.190269
68.0,96.0,18.0,11.396607
68.0,98.0,18.0,11.759679
68.0,100.0,18.0,10.5450535
68.0,102.0,18.0,9.737919
68.0,104.0,18.0,9.790905
68.0,106.0,18.0,9.53914
68.0,108.0,18.0,9.508209
68.0,110.0,18.0,10.458704
68.0,112.0,18.0,11.848267
68.0,114.0,18.0,11.741026
68.0,116.0,18.0,10.99
68.0,118.0,18.0,10.812148
68.0,120.0,18.0,10.632276
68.0,122.0,18.0,9.744954
68.0,124.0,18.0,9.142543
68.0,126.0,18.0,9.409272
68.0,128.0,18.0,10.393355
68.0,130.0,18.0,10.578867
68.0,132.0,18.0,9.536988
68.0,134.0,18.0,8.536843
68.0,136.0,18.0,8.469803
68.0,138.0,18.0,9.5334215
68.0,140.0,18.0,10.455543
68.0,142.0,18.0,10.263625
68.0,144.0,18.0,9.374377
68.0,146.0,18.0,9.306667
68.0,148.0,18.0,9.970368
68.0,150.0,18.0,10.397624
68.0,152.0,18.0,10.101296
68.0,154.0,18.0,10.1493025
68.0,156.0,18.0,10.965449
68.0,158.0,18.0,11.03415
68.0,160.0,18.0,10.140931
68.0,162.0,18.0,9.728961
68.0,164.0,18.0,9.578338
68.0,166.0,18.0,9.443158
68.0,168.0,18.0,9.228513
68.0,170.0,18.0,10.206463
68.0,172.0,18.0,11.081326
68.0,174.0,18.0,10.521341
68.0,176.0,18.0,9.788678
68.0,178.0,18.0,9.78829
68.0,180.0,18.0,10.002619
70.0,-180.0,18.0,11.723661
70.0,-178.0,18.0,11.567264
70.0,-176.0,18.0,11.848871
70.0,-174.0,18.0,13.019341
70.0,-172.0,18.0,12.875929
70.0,-170.0,18.0,11.754358
70.0,-168.0,18.0,11.423749
70.0,-166.0,18.0,11.695129
70.0,-164.0,18.0,11.540337
70.0,-162.0,18.0,11.176945
70.0,-160.0,18.0,11.7310095
70.0,-158.0,18.0,11.917408
70.0,-156.0,18.0,11.404373
70.0,-154.0,18.0,11.155317
70.0,-152.0,18.0,11.476179
70.0,-150.0,18.0,11.760792
70.0,-148.0,18.0,11.229508
70.0,-146.0,18.0,10.879488
70.0,-144.0,18.0,11.357523
70.0,-142.0,18.0,11.759864
70.0,-140.0,18.0,11.75891
70.0,-138.0,18.0,11.398725
70.0,-136.0,18.0,11.194922
70.0,-134.0,18.0,11.224246
70.0,-132.0,18.0,11.558025
70.0,-130.0,18.0,11.750203
70.0,-128.0,18.0,11.450385
70.0,-126.0,18.0,10.808179
70.0,-124.0,18.0,10.542037
70.0,-122.0,18.0,10.990679
70.0,-120.0,18.0,11.73443
70.0,-118.0,18.0,11.980392
70.0,-116.0,18.0,12.254941
70.0,-114.0,18.0,12.403408
70.0,-112.0,18.0,12.199937
70.0,-110.0,18.0,11.733325
70.0,-108.0,18.0,11.523175
70.0,-106.0,18.0,11.569332
70.0,-104.0,18.0,11.500442
70.0,-102.0,18.0,11.550926
70.0,-100.0,18.0,11.735883
70.0,-98.0,18.0,12.4461
70.0,-96.0,18.0,12.516525
70.0,-94.0,18.0,11.648963
70.0,-92.0,18.0,11.317083
70.0,-90.0,18.0,11.712028
70.0,-88.0,18.0,11.709727
70.0,-86.0,18.0,12.257513
70.0,-84.0,18.0,12.913935
70.0,-82.0,18.0,12.560391
70.0,-80.0,18.0,11.734489
70.0,-78.0,18.0,11.409067
70.0,-76.0,18.0,11.587606
70.0,-74.0,18.0,11.588706
70.0,-72.0,18.0,11.385156
70.0,-70.0,18.0,11.755746
70.0,-68.0,18.0,12.201848
70.0,-66.0,18.0,12.056352
70.0,-64.0,18.0,11.401711
70.0,-62.0,18.0,11.20659
70.0,-60.0,18.0,11.717748
70.0,-58.0,18.0,11.525571
70.0,-56.0,18.0,11.051532
70.0,-54.0,18.0,11.428176
70.0,-52.0,18.0,11.726376
70.0,-50.0,18.0,11.728948
70.0,-48.0,18.0,11.275663
70.0,-46.0,18.0,10.706148
70.0,-44.0,18.0,10.754436
70.0,-42.0,18.0,11.367747
70.0,-40.0,18.0,11.742303
70.0,-38.0,18.0,12.062501
70.0,-36.0,18.0,11.869641
70.0,-34.0,18.0,11.536928
70.0,-32.0,18.0,11.549654
70.0,-30.0,18.0,11.749136
70.0,-28.0,18.0,11.430511
70.0,-26.0,18.0,11.479589
70.0,-24.0,18.0,12.065096
70.0,-22.0,18.0,12.414852
70.0,-20.0,18.0,11.769277
70.0,-18.0,18.0,11.243772
70.0,-16.0,18.0,10.950762
70.0,-14.0,18.0,11.243798
70.0,-12.0,18.0,11.4061
70.0,-10.0,18.0,11.770243
70.0,-8.0,18.0,12.811427
70.0,-6.0,18.0,13.034877
70.0,-4.0,18.0,12.066551
70.0,-2.0,18.0,11.578027
70.0,0.0,18.0,11.767748
70.0,2.0,18.0,11.143979
70.0,4.0,18.0,11.056974
70.0,6.0,18.0,12.3786335
70.0,8.0,18.0,13.042652
70.0,10.0,18.0,11.7552805
70.0,12.0,18.0,10.811983
70.0,14.0,18.0,10.8388405
70.0,16.0,18.0,10.312181
70.0,18.0,18.0,10.722394
70.0,20.0,18.0,11.745399
70.0,22.0,18.0,12.591959
70.0,24.0,18.0,12.384549
70.0,26.0,18.0,11.659955
70.0,28.0,18.0,11.5875845
70.0,30.0,18.0,11.7603855
70.0,32.0,18.0,11.124983
70.0,34.0,18.0,10.412488
70.0,36.0,18.0,10.634608
70.0,38.0,18.0,11.51458
70.0,40.0,18.0,11.770298
70.0,42.0,18.0,10.6714945
70.0,44.0,18.0,9.518257
70.0,46.0,18.0,9.485384
70.0,48.0,18.0,10.535963
70.0,50.0,18.0,11.748296
70.0,52.0,18.0,11.802282
70.0,54.0,18.0,10.98651
70.0,56.0,18.0,10.52083
70.0,58.0,18.0,11.06278
70.0,60.0,18.0,11.764771
70.0,62.0,18.0,11.59407
70.0,64.0,18.0,11.365097
70.0,66.0,18.0,12.064233
70.0,68.0,18.0,12.727216
70.0,70.0,18.0,11.7409
70.0,72.0,18.0,10.883517
70.0,74.0,18.0,11.014794
70.0,76.0,18.0,11.136968
70.0,78.0,18.0,10.951441
70.0,80.0,18.0,11.70896
70.0,82.0,18.0,13.4844475
70.0,84.0,18.0,13.598939
70.0,86.0,18.0,12.3378725
70.0,88.0,18.0,11.808294
70.0,90.0,18.0,11.777019
70.0,92.0,18.0,11.215437
70.0,94.0,18.0,11.400655
70.0,96.0,18.0,12.772618
70.0,98.0,18.0,13.119921
70.0,100.0,18.0,11.786463
70.0,102.0,18.0,10.965259
70.0,104.0,18.0,11.020715
70.0,106.0,18.0,10.609607
70.0,108.0,18.0,10.629583
70.0,110.0,18.0,11.747696
70.0,112.0,18.0,13.020949
70.0,114.0,18.0,12.870214
70.0,116.0,18.0,12.120764
70.0,118.0,18.0,11.973488
70.0,120.0,18.0,11.744938
70.0,122.0,18.0,10.694537
70.0,124.0,18.0,10.149244
70.0,126.0,18.0,10.560134
70.0,128.0,18.0,11.701726
70.0,130.0,18.0,11.762157
70.0,132.0,18.0,10.6625805
70.0,134.0,18.0,9.790351
70.0,136.0,18.0,9.740192
70.0,138.0,18.0,10.76809
70.0,140.0,18.0,11.741852
70.0,142.0,18.0,11.507754
70.0,144.0,18.0,10.655308
70.0,146.0,18.0,10.679323
70.0,148.0,18.0,11.317588
70.0,150.0,18.0,11.755305
70.0,152.0,18.0,11.341772
70.0,154.0,18.0,11.4104
70.0,156.0,18.0,12.473577
70.0,158.0,18.0,12.519121
70.0,160.0,18.0,11.722851
70.0,162.0,18.0,11.31935
70.0,164.0,18.0,11.338433
70.0,166.0,18.0,11.116106
70.0,168.0,18.0,10.778665
70.0,170.0,18.0,11.729283
70.0,172.0,18.0,12.742867
70.0,174.0,18.0,11.936565
70.0,176.0,18.0,11.134442
70.0,178.0,18.0,11.322052
70.0,180.0,18.0,11.723661
72.0,-180.0,18.0,13.531964
72.0,-178.0,18.0,13.237429
72.0,-176.0,18.0,13.633701
72.0,-174.0,18.0,14.889687
72.0,-172.0,18.0,14.783395
72.0,-170.0,18.0,13.3918295
72.0,-168.0,18.0,13.061862
72.0,-166.0,18.0,13.711931
72.0,-164.0,18.0,13.342648
72.0,-162.0,18.0,12.91949
72.0,-160.0,18.0,13.365142
72.0,-158.0,18.0,13.837602
72.0,-156.0,18.0,13.014546
72.0,-154.0,18.0,12.622834
72.0,-152.0,18.0,13.119264
72.0,-150.0,18.0,13.489686
72.0,-148.0,18.0,12.8599205
72.0,-146.0,18.0,12.553733
72.0,-144.0,18.0,13.163513
72.0,-142.0,18.0,13.71974
72.0,-140.0,18.0,13.73961
72.0,-138.0,18.0,13.138659
72.0,-136.0,18.0,12.8475275
72.0,-134.0,18.0,12.850765
72.0,-132.0,18.0,13.574716
72.0,-130.0,18.0,13.673311
72.0,-128.0,18.0,13.100091
72.0,-126.0,18.0,12.271651
72.0,-124.0,18.0,12.111503
72.0,-122.0,18.0,12.908394
72.0,-120.0,18.0,13.691955
72.0,-118.0,18.0,13.4760275
72.0,-116.0,18.0,13.797767
72.0,-114.0,18.0,14.230179
72.0,-112.0,18.0,13.970532
72.0,-110.0,18.0,13.295945
72.0,-108.0,18.0,13.023346
72.0,-106.0,18.0,12.986102
72.0,-104.0,18.0,13.030999
72.0,-102.0,18.0,13.196816
72.0,-100.0,18.0,13.784068
72.0,-98.0,18.0,14.46768
72.0,-96.0,18.0,14.32896
72.0,-94.0,18.0,13.661672
72.0,-92.0,18.0,13.270204
72.0,-90.0,18.0,13.581009
72.0,-88.0,18.0,13.791399
72.0,-86.0,18.0,14.411248
72.0,-84.0,18.0,15.104249
72.0,-82.0,18.0,14.91205
72.0,-80.0,18.0,13.831942
72.0,-78.0,18.0,13.267863
72.0,-76.0,18.0,13.4001465
72.0,-74.0,18.0,13.415017
72.0,-72.0,18.0,13.0900755
72.0,-70.0,18.0,13.374111
72.0,-68.0,18.0,13.776554
72.0,-66.0,18.0,13.762691
72.0,-64.0,18.0,13.332459
72.0,-62.0,18.0,13.259236
72.0,-60.0,18.0,13.910785
72.0,-58.0,18.0,13.575453
72.0,-56.0,18.0,13.252406
72.0,-54.0,18.0,13.669501
72.0,-52.0,18.0,13.99597
72.0,-50.0,18.0,13.787983
72.0,-48.0,18.0,13.191525
72.0,-46.0,18.0,12.609233
72.0,-44.0,18.0,12.609877
72.0,-42.0,18.0,13.240358
72.0,-40.0,18.0,13.627027
72.0,-38.0,18.0,14.165454
72.0,-36.0,18.0,13.6653595
72.0,-34.0,18.0,12.987905
72.0,-32.0,18.0,12.860254
72.0,-30.0,18.0,13.127379
72.0,-28.0,18.0,12.766803
72.0,-26.0,18.0,12.708374
72.0,-24.0,18.0,13.363009
72.0,-22.0,18.0,13.668644
72.0,-20.0,18.0,13.194906
72.0,-18.0,18.0,12.757754
72.0,-16.0,18.0,12.626452
72.0,-14.0,18.0,13.128212
72.0,-12.0,18.0,12.876659
72.0,-10.0,18.0,13.302458
72.0,-8.0,18.0,14.731936
72.0,-6.0,18.0,14.994934
72.0,-4.0,18.0,13.674968
72.0,-2.0,18.0,13.366088
72.0,0.0,18.0,13.623729
72.0,2.0,18.0,12.913528
72.0,4.0,18.0,12.61645
72.0,6.0,18.0,13.946398
72.0,8.0,18.0,14.611201
72.0,10.0,18.0,13.454752
72.0,12.0,18.0,12.470178
72.0,14.0,18.0,12.6085205
72.0,16.0,18.0,12.441253
72.0,18.0,18.0,12.235924
72.0,20.0,18.0,13.344633
72.0,22.0,18.0,14.53072
72.0,24.0,18.0,14.27682
72.0,26.0,18.0,13.328766
72.0,28.0,18.0,13.353984
72.0,30.0,18.0,13.509322
72.0,32.0,18.0,12.814702
72.0,34.0,18.0,11.843361
72.0,36.0,18.0,12.036646
72.0,38.0,18.0,13.11093
72.0,40.0,18.0,13.500744
72.0,42.0,18.0,12.333832
72.0,44.0,18.0,11.003427
72.0,46.0,18.0,10.931931
72.0,48.0,18.0,12.142978
72.0,50.0,18.0,13.729167
72.0,52.0,18.0,13.825506
72.0,54.0,18.0,12.686024
72.0,56.0,18.0,11.949772
72.0,58.0,18.0,12.512303
72.0,60.0,18.0,13.444818
72.0,62.0,18.0,13.311744
72.0,64.0,18.0,13.116952
72.0,66.0,18.0,13.961398
72.0,68.0,18.0,14.628849
72.0,70.0,18.0,13.460716
72.0,72.0,18.0,12.275669
72.0,74.0,18.0,12.528216
72.0,76.0,18.0,12.836823
72.0,78.0,18.0,12.589109
72.0,80.0,18.0,13.512672
72.0,82.0,18.0,15.567964
72.0,84.0,18.0,15.690315
72.0,86.0,18.0,14.178976
72.0,88.0,18.0,13.702107
72.0,90.0,18.0,13.632337
72.0,92.0,18.0,12.846229
72.0,94.0,18.0,13.011267
72.0,96.0,18.0,14.742502
72.0,98.0,18.0,15.16121
72.0,100.0,18.0,13.470656
72.0,102.0,18.0,12.613912
72.0,104.0,18.0,12.67913
72.0,106.0,18.0,12.106895
72.0,108.0,18.0,11.964745
72.0,110.0,18.0,13.328684
72.0,112.0,18.0,15.063453
72.0,114.0,18.0,14.743933
72.0,116.0,18.0,13.786685
72.0,118.0,18.0,13.72759
72.0,120.0,18.0,13.346097
72.0,122.0,18.0,12.103674
72.0,124.0,18.0,11.64193
72.0,126.0,18.0,12.238321
72.0,128.0,18.0,13.4186125
72.0,130.0,18.0,13.441132
72.0,132.0,18.0,12.073709
72.0,134.0,18.0,11.237023
72.0,136.0,18.0,11.431955
72.0,138.0,18.0,12.413428
72.0,140.0,18.0,13.396613
72.0,142.0,18.0,13.013011
72.0,144.0,18.0,11.994752
72.0,146.0,18.0,12.063925
72.0,148.0,18.0,13.1897135
72.0,150.0,18.0,13.636172
72.0,152.0,18.0,13.031512
72.0,154.0,18.0,13.169832
72.0,156.0,18.0,14.528052
72.0,158.0,18.0,15.009284
72.0,160.0,18.0,13.987376
72.0,162.0,18.0,13.482506
72.0,164.0,18.0,13.72611
72.0,166.0,18.0,13.292955
72.0,168.0,18.0,12.768694
72.0,170.0,18.0,13.686243
72.0,172.0,18.0,14.717715
72.0,174.0,18.0,13.56849
72.0,176.0,18.0,12.273073
72.0,178.0,18.0,12.746562
72.0,180.0,18.0,13.531964
74.0,-180.0,18.0,12.191167
74.0,-178.0,18.0,12.061112
74.0,-176.0,18.0,12.331585
74.0,-174.0,18.0,13.457234
74.0,-172.0,18.0,13.286866
74.0,-170.0,18.0,12.087813
74.0,-168.0,18.0,11.909546
74.0,-166.0,18.0,12.334247
74.0,-164.0,18.0,11.949151
74.0,-162.0,18.0,11.716491
74.0,-160.0,18.0,12.349277
74.0,-158.0,18.0,12.664658
74.0,-156.0,18.0,12.159529
74.0,-154.0,18.0,11.778951
74.0,-152.0,18.0,12.090995
74.0,-150.0,18.0,12.358015
74.0,-148.0,18.0,11.828972
74.0,-146.0,18.0,11.373856
74.0,-144.0,18.0,11.958693
74.0,-142.0,18.0,12.690422
74.0,-140.0,18.0,12.64508
74.0,-138.0,18.0,12.1451645
74.0,-136.0,18.0,12.018439
74.0,-134.0,18.0,12.093085
74.0,-132.0,18.0,12.512282
74.0,-130.0,18.0,12.526598
74.0,-128.0,18.0,12.140715
74.0,-126.0,18.0,11.523524
74.0,-124.0,18.0,11.352071
74.0,-122.0,18.0,12.070666
74.0,-120.0,18.0,12.663686
74.0,-118.0,18.0,12.752544
74.0,-116.0,18.0,13.054651
74.0,-114.0,18.0,13.351908
74.0,-112.0,18.0,13.065123
74.0,-110.0,18.0,12.430264
74.0,-108.0,18.0,12.113166
74.0,-106.0,18.0,12.123342
74.0,-104.0,18.0,12.055969
74.0,-102.0,18.0,12.080976
74.0,-100.0,18.0,12.555206
74.0,-98.0,18.0,13.094065
74.0,-96.0,18.0,12.969558
74.0,-94.0,18.0,12.365207
74.0,-92.0,18.0,12.280906
74.0,-90.0,18.0,12.540591
74.0,-88.0,18.0,12.5623865
74.0,-86.0,18.0,13.2551365
74.0,-84.0,18.0,13.873798
74.0,-82.0,18.0,13.523508
74.0,-80.0,18.0,12.535094
74.0,-78.0,18.0,12.035429
74.0,-76.0,18.0,12.341839
74.0,-74.0,18.0,12.298856
74.0,-72.0,18.0,12.062982
74.0,-70.0,18.0,12.342845
74.0,-68.0,18.0,12.824321
74.0,-66.0,18.0,12.466892
74.0,-64.0,18.0,12.134325
74.0,-62.0,18.0,12.176283
74.0,-60.0,18.0,12.530302
74.0,-58.0,18.0,12.259526
74.0,-56.0,18.0,12.10396
74.0,-54.0,18.0,12.327388
74.0,-52.0,18.0,12.717858
74.0,-50.0,18.0,12.570806
74.0,-48.0,18.0,11.984415
74.0,-46.0,18.0,11.481845
74.0,-44.0,18.0,11.435053
74.0,-42.0,18.0,11.913519
74.0,-40.0,18.0,12.406345
74.0,-38.0,18.0,12.817734
74.0,-36.0,18.0,12.44465
74.0,-34.0,18.0,11.82803
74.0,-32.0,18.0,11.729975
74.0,-30.0,18.0,12.115566
74.0,-28.0,18.0,11.8714695
74.0,-26.0,18.0,11.699009
74.0,-24.0,18.0,12.34128
74.0,-22.0,18.0,12.684276
74.0,-20.0,18.0,12.270074
74.0,-18.0,18.0,11.560548
74.0,-16.0,18.0,11.402584
74.0,-14.0,18.0,11.771491
74.0,-12.0,18.0,11.751943
74.0,-10.0,18.0,12.222467
74.0,-8.0,18.0,13.471568
74.0,-6.0,18.0,13.771057
74.0,-4.0,18.0,12.591031
74.0,-2.0,18.0,12.090735
74.0,0.0,18.0,12.2396965
74.0,2.0,18.0,11.728845
74.0,4.0,18.0,11.4635315
74.0,6.0,18.0,12.770265
74.0,8.0,18.0,13.366865
74.0,10.0,18.0,12.22268
74.0,12.0,18.0,11.424951
74.0,14.0,18.0,11.421552
74.0,16.0,18.0,11.272296
74.0,18.0,18.0,11.278003
74.0,20.0,18.0,12.406324
74.0,22.0,18.0,13.377929
74.0,24.0,18.0,13.016992
74.0,26.0,18.0,12.186881
74.0,28.0,18.0,12.232383
74.0,30.0,18.0,12.438459
74.0,32.0,18.0,11.849908
74.0,34.0,18.0,11.073413
74.0,36.0,18.0,11.158677
74.0,38.0,18.0,12.027687
74.0,40.0,18.0,12.467621
74.0,42.0,18.0,11.470867
74.0,44.0,18.0,10.264205
74.0,46.0,18.0,10.170481
74.0,48.0,18.0,11.135499
74.0,50.0,18.0,12.542096
74.0,52.0,18.0,12.699002
74.0,54.0,18.0,11.584303
74.0,56.0,18.0,10.908025
74.0,58.0,18.0,11.485856
74.0,60.0,18.0,12.47043
74.0,62.0,18.0,12.471253
74.0,64.0,18.0,12.238905
74.0,66.0,18.0,12.976811
74.0,68.0,18.0,13.701128
74.0,70.0,18.0,12.487839
74.0,72.0,18.0,11.255815
74.0,74.0,18.0,11.437793
74.0,76.0,18.0,11.855862
74.0,78.0,18.0,11.637481
74.0,80.0,18.0,12.368474
74.0,82.0,18.0,14.223374
74.0,84.0,18.0,14.32508
74.0,86.0,18.0,12.852506
74.0,88.0,18.0,12.4379015
74.0,90.0,18.0,12.519411
74.0,92.0,18.0,12.043862
74.0,94.0,18.0,12.209248
74.0,96.0,18.0,13.748536
74.0,98.0,18.0,14.090293
74.0,100.0,18.0,12.470671
74.0,102.0,18.0,11.6594095
74.0,104.0,18.0,11.786569
74.0,106.0,18.0,11.406255
74.0,108.0,18.0,11.26263
74.0,110.0,18.0,12.515761
74.0,112.0,18.0,13.969772
74.0,114.0,18.0,13.715234
74.0,116.0,18.0,12.819304
74.0,118.0,18.0,12.755786
74.0,120.0,18.0,12.58484
74.0,122.0,18.0,11.488945
74.0,124.0,18.0,10.96609
74.0,126.0,18.0,11.563571
74.0,128.0,18.0,12.622016
74.0,130.0,18.0,12.478969
74.0,132.0,18.0,11.020595
74.0,134.0,18.0,10.114194
74.0,136.0,18.0,10.306022
74.0,138.0,18.0,11.472257
74.0,140.0,18.0,12.490003
74.0,142.0,18.0,12.106159
74.0,144.0,18.0,11.143576
74.0,146.0,18.0,11.257538
74.0,148.0,18.0,11.989204
74.0,150.0,18.0,12.479138
74.0,152.0,18.0,12.046347
74.0,154.0,18.0,12.163374
74.0,156.0,18.0,13.344391
74.0,158.0,18.0,13.411492
74.0,160.0,18.0,12.604123
74.0,162.0,18.0,12.243654
74.0,164.0,18.0,12.070424
74.0,166.0,18.0,11.91953
74.0,168.0,18.0,11.474207
74.0,170.0,18.0,12.521068
74.0,172.0,18.0,13.485116
74.0,174.0,18.0,12.585068
74.0,176.0,18.0,11.464748
74.0,178.0,18.0,11.721688
74.0,180.0,18.0,12.191167
76.0,-180.0,18.0,11.896869
76.0,-178.0,18.0,11.730315
76.0,-176.0,18.0,12.115622
76.0,-174.0,18.0,12.981372
76.0,-172.0,18.0,12.730761
76.0,-170.0,18.0,11.991092
76.0,-168.0,18.0,11.652537
76.0,-166.0,18.0,11.504111
76.0,-164.0,18.0,11.124818
76.0,-162.0,18.0,11.29536
76.0,-160.0,18.0,11.743876
76.0,-158.0,18.0,11.771146
76.0,-156.0,18.0,11.535328
76.0,-154.0,18.0,11.376521
76.0,-152.0,18.0,11.472437
76.0,-150.0,18.0,11.752697
76.0,-148.0,18.0,11.304915
76.0,-146.0,18.0,10.906076
76.0,-144.0,18.0,11.152884
76.0,-142.0,18.0,11.572676
76.0,-140.0,18.0,11.462247
76.0,-138.0,18.0,11.053798
76.0,-136.0,18.0,10.910105
76.0,-134.0,18.0,11.022255
76.0,-132.0,18.0,11.418979
76.0,-130.0,18.0,11.627175
76.0,-128.0,18.0,11.47151
76.0,-126.0,18.0,10.862201
76.0,-124.0,18.0,10.524758
76.0,-122.0,18.0,10.760432
76.0,-120.0,18.0,11.405983
76.0,-118.0,18.0,11.549445
76.0,-116.0,18.0,11.8221035
76.0,-114.0,18.0,12.2137785
76.0,-112.0,18.0,11.98601
76.0,-110.0,18.0,11.600275
76.0,-108.0,18.0,11.320713
76.0,-106.0,18.0,11.366395
76.0,-104.0,18.0,11.317367
76.0,-102.0,18.0,11.220439
76.0,-100.0,18.0,11.738121
76.0,-98.0,18.0,12.662122
76.0,-96.0,18.0,12.424345
76.0,-94.0,18.0,11.620034
76.0,-92.0,18.0,11.398472
76.0,-90.0,18.0,11.400426
76.0,-88.0,18.0,11.383412
76.0,-86.0,18.0,11.897912
76.0,-84.0,18.0,12.696793
76.0,-82.0,18.0,12.415298
76.0,-80.0,18.0,11.564285
76.0,-78.0,18.0,11.094371
76.0,-76.0,18.0,11.366525
76.0,-74.0,18.0,11.342537
76.0,-72.0,18.0,11.186497
76.0,-70.0,18.0,11.845724
76.0,-68.0,18.0,12.387095
76.0,-66.0,18.0,12.057222
76.0,-64.0,18.0,11.577467
76.0,-62.0,18.0,11.331909
76.0,-60.0,18.0,11.654699
76.0,-58.0,18.0,11.185017
76.0,-56.0,18.0,10.740312
76.0,-54.0,18.0,11.218687
76.0,-52.0,18.0,11.795795
76.0,-50.0,18.0,11.658937
76.0,-48.0,18.0,11.321733
76.0,-46.0,18.0,10.9732275
76.0,-44.0,18.0,11.052451
76.0,-42.0,18.0,11.392266
76.0,-40.0,18.0,11.7528
76.0,-38.0,18.0,12.172904
76.0,-36.0,18.0,12.022194
76.0,-34.0,18.0,11.67049
76.0,-32.0,18.0,11.603293
76.0,-30.0,18.0,11.73459
76.0,-28.0,18.0,11.673571
76.0,-26.0,18.0,11.415557
76.0,-24.0,18.0,11.869879
76.0,-22.0,18.0,12.076009
76.0,-20.0,18.0,11.68946
76.0,-18.0,18.0,10.967615
76.0,-16.0,18.0,10.579397
76.0,-14.0,18.0,10.904192
76.0,-12.0,18.0,11.193631
76.0,-10.0,18.0,11.712656
76.0,-8.0,18.0,12.819598
76.0,-6.0,18.0,13.015971
76.0,-4.0,18.0,12.219921
76.0,-2.0,18.0,11.57435
76.0,0.0,18.0,11.504604
76.0,2.0,18.0,11.203708
76.0,4.0,18.0,11.146329
76.0,6.0,18.0,12.293511
76.0,8.0,18.0,12.980317
76.0,10.0,18.0,11.678021
76.0,12.0,18.0,10.677567
76.0,14.0,18.0,10.781199
76.0,16.0,18.0,10.579427
76.0,18.0,18.0,10.660761
76.0,20.0,18.0,11.617332
76.0,22.0,18.0,12.307353
76.0,24.0,18.0,12.186497
76.0,26.0,18.0,11.449945
76.0,28.0,18.0,11.444683
76.0,30.0,18.0,11.647868
76.0,32.0,18.0,10.9048
76.0,34.0,18.0,10.194702
76.0,36.0,18.0,10.348244
76.0,38.0,18.0,11.139004
76.0,40.0,18.0,11.600461
76.0,42.0,18.0,10.623878
76.0,44.0,18.0,9.519305
76.0,46.0,18.0,9.259644
76.0,48.0,18.0,10.26055
76.0,50.0,18.0,11.602701
76.0,52.0,18.0,11.619047
76.0,54.0,18.0,10.64207
76.0,56.0,18.0,10.108832
76.0,58.0,18.0,10.538785
76.0,60.0,18.0,11.549073
76.0,62.0,18.0,11.621406
76.0,64.0,18.0,11.353406
76.0,66.0,18.0,12.059982
76.0,68.0,18.0,12.566945
76.0,70.0,18.0,11.616541
76.0,72.0,18.0,10.545109
76.0,74.0,18.0,10.725895
76.0,76.0,18.0,11.051092
76.0,78.0,18.0,10.935387
76.0,80.0,18.0,11.6030855
76.0,82.0,18.0,13.1857395
76.0,84.0,18.0,13.165405
76.0,86.0,18.0,11.697618
76.0,88.0,18.0,11.165788
76.0,90.0,18.0,11.626322
76.0,92.0,18.0,11.256684
76.0,94.0,18.0,11.348439
76.0,96.0,18.0,12.756236
76.0,98.0,18.0,13.156118
76.0,100.0,18.0,11.557824
76.0,102.0,18.0,10.787332
76.0,104.0,18.0,10.842113
76.0,106.0,18.0,10.656527
76.0,108.0,18.0,10.486134
76.0,110.0,18.0,11.589519
76.0,112.0,18.0,12.652208
76.0,114.0,18.0,12.456776
76.0,116.0,18.0,11.816757
76.0,118.0,18.0,11.560561
76.0,120.0,18.0,11.469828
76.0,122.0,18.0,10.68267
76.0,124.0,18.0,10.316526
76.0,126.0,18.0,10.814567
76.0,128.0,18.0,11.620219
76.0,130.0,18.0,11.551021
76.0,132.0,18.0,10.155232
76.0,134.0,18.0,9.118342
76.0,136.0,18.0,9.392631
76.0,138.0,18.0,10.58886
76.0,140.0,18.0,11.461649
76.0,142.0,18.0,11.020532
76.0,144.0,18.0,10.318883
76.0,146.0,18.0,10.396789
76.0,148.0,18.0,10.927081
76.0,150.0,18.0,11.472573
76.0,152.0,18.0,11.089997
76.0,154.0,18.0,11.183679
76.0,156.0,18.0,12.258326
76.0,158.0,18.0,12.142602
76.0,160.0,18.0,11.397127
76.0,162.0,18.0,11.178458
76.0,164.0,18.0,10.98375
76.0,166.0,18.0,10.663452
76.0,168.0,18.0,10.441809
76.0,170.0,18.0,11.503889
76.0,172.0,18.0,12.590686
76.0,174.0,18.0,11.969572
76.0,176.0,18.0,11.400374
76.0,178.0,18.0,11.531434
76.0,180.0,18.0,11.896869
78.0,-180.0,18.0,13.04559
78.0,-178.0,18.0,12.74807
78.0,-176.0,18.0,13.229661
78.0,-174.0,18.0,14.2900505
78.0,-172.0,18.0,14.048597
78.0,-170.0,18.0,13.187604
78.0,-168.0,18.0,12.671438
78.0,-166.0,18.0,12.586184
78.0,-164.0,18.0,12.1873255
78.0,-162.0,18.0,12.117519
78.0,-160.0,18.0,12.653624
78.0,-158.0,18.0,12.892268
78.0,-156.0,18.0,12.51202
78.0,-154.0,18.0,12.243642
78.0,-152.0,18.0,12.433763
78.0,-150.0,18.0,12.587003
78.0,-148.0,18.0,12.063013
78.0,-146.0,18.0,11.86015
78.0,-144.0,18.0,12.169219
78.0,-142.0,18.0,12.549969
78.0,-140.0,18.0,12.312584
78.0,-138.0,18.0,11.839948
78.0,-136.0,18.0,11.540719
78.0,-134.0,18.0,11.63752
78.0,-132.0,18.0,12.163861
78.0,-130.0,18.0,12.499879
78.0,-128.0,18.0,12.55794
78.0,-126.0,18.0,11.877925
78.0,-124.0,18.0,11.405129
78.0,-122.0,18.0,11.47735
78.0,-120.0,18.0,12.113871
78.0,-118.0,18.0,12.227414
78.0,-116.0,18.0,12.525493
78.0,-114.0,18.0,12.866171
78.0,-112.0,18.0,12.716384
78.0,-110.0,18.0,12.338579
78.0,-108.0,18.0,12.0458555
78.0,-106.0,18.0,11.981873
78.0,-104.0,18.0,12.001164
78.0,-102.0,18.0,12.003715
78.0,-100.0,18.0,12.634071
78.0,-98.0,18.0,13.536563
78.0,-96.0,18.0,13.5721035
78.0,-94.0,18.0,12.806224
78.0,-92.0,18.0,12.370175
78.0,-90.0,18.0,12.192024
78.0,-88.0,18.0,12.23642
78.0,-86.0,18.0,12.70419
78.0,-84.0,18.0,13.358645
78.0,-82.0,18.0,13.181936
78.0,-80.0,18.0,12.327453
78.0,-78.0,18.0,11.999688
78.0,-76.0,18.0,11.9274845
78.0,-74.0,18.0,11.932285
78.0,-72.0,18.0,11.997023
78.0,-70.0,18.0,12.58445
78.0,-68.0,18.0,13.115705
78.0,-66.0,18.0,13.113897
78.0,-64.0,18.0,12.6565075
78.0,-62.0,18.0,12.184484
78.0,-60.0,18.0,12.422266
78.0,-58.0,18.0,11.892427
78.0,-56.0,18.0,11.681795
78.0,-54.0,18.0,12.156918
78.0,-52.0,18.0,12.677506
78.0,-50.0,18.0,12.609912
78.0,-48.0,18.0,12.150322
78.0,-46.0,18.0,11.973514
78.0,-44.0,18.0,11.858039
78.0,-42.0,18.0,12.185053
78.0,-40.0,18.0,12.8027315
78.0,-38.0,18.0,13.208472
78.0,-36.0,18.0,13.108783
78.0,-34.0,18.0,12.521274
78.0,-32.0,18.0,12.420115
78.0,-30.0,18.0,12.662345
78.0,-28.0,18.0,12.310493
78.0,-26.0,18.0,12.368745
78.0,-24.0,18.0,12.91646
78.0,-22.0,18.0,13.080928
78.0,-20.0,18.0,12.55116
78.0,-18.0,18.0,11.799173
78.0,-16.0,18.0,11.462294
78.0,-14.0,18.0,11.680055
78.0,-12.0,18.0,11.81913
78.0,-10.0,18.0,12.504433
78.0,-8.0,18.0,13.565948
78.0,-6.0,18.0,13.943655
78.0,-4.0,18.0,13.275523
78.0,-2.0,18.0,12.553805
78.0,0.0,18.0,12.482921
78.0,2.0,18.0,12.089069
78.0,4.0,18.0,11.983541
78.0,6.0,18.0,13.141521
78.0,8.0,18.0,13.797776
78.0,10.0,18.0,12.469571
78.0,12.0,18.0,11.502679
78.0,14.0,18.0,11.416401
78.0,16.0,18.0,11.240531
78.0,18.0,18.0,11.223283
78.0,20.0,18.0,12.2239685
78.0,22.0,18.0,13.328725
78.0,24.0,18.0,13.379191
78.0,26.0,18.0,12.77334
78.0,28.0,18.0,12.698999
78.0,30.0,18.0,12.557181
78.0,32.0,18.0,11.675216
78.0,34.0,18.0,10.889225
78.0,36.0,18.0,11.107136
78.0,38.0,18.0,12.082581
78.0,40.0,18.0,12.555179
78.0,42.0,18.0,11.581906
78.0,44.0,18.0,10.160721
78.0,46.0,18.0,10.023066
78.0,48.0,18.0,11.291272
78.0,50.0,18.0,12.522823
78.0,52.0,18.0,12.423646
78.0,54.0,18.0,11.291779
78.0,56.0,18.0,10.82849
78.0,58.0,18.0,11.360318
78.0,60.0,18.0,12.28037
78.0,62.0,18.0,12.194062
78.0,64.0,18.0,12.203497
78.0,66.0,18.0,13.243045
78.0,68.0,18.0,13.698254
78.0,70.0,18.0,12.357885
78.0,72.0,18.0,11.266812
78.0,74.0,18.0,11.513023
78.0,76.0,18.0,11.8779335
78.0,78.0,18.0,11.60733
78.0,80.0,18.0,12.4546585
78.0,82.0,18.0,14.083321
78.0,84.0,18.0,13.985275
78.0,86.0,18.0,12.439556
78.0,88.0,18.0,12.081031
78.0,90.0,18.0,12.348602
78.0,92.0,18.0,11.928611
78.0,94.0,18.0,12.107611
78.0,96.0,18.0,13.8554945
78.0,98.0,18.0,14.052721
78.0,100.0,18.0,12.251722
78.0,102.0,18.0,11.452683
78.0,104.0,18.0,11.610261
78.0,106.0,18.0,11.147471
78.0,108.0,18.0,10.985808
78.0,110.0,18.0,12.268652
78.0,112.0,18.0,13.45308
78.0,114.0,18.0,13.201877
78.0,116.0,18.0,12.5253315
78.0,118.0,18.0,12.326779
78.0,120.0,18.0,12.162831
78.0,122.0,18.0,11.236284
78.0,124.0,18.0,10.837562
78.0,126.0,18.0,11.582916
78.0,128.0,18.0,12.567299
78.0,130.0,18.0,12.445104
78.0,132.0,18.0,11.049735
78.0,134.0,18.0,10.039405
78.0,136.0,18.0,10.29844
78.0,138.0,18.0,11.514349
78.0,140.0,18.0,12.279711
78.0,142.0,18.0,11.761849
78.0,144.0,18.0,10.956888
78.0,146.0,18.0,11.079336
78.0,148.0,18.0,11.82336
78.0,150.0,18.0,12.304196
78.0,152.0,18.0,11.910929
78.0,154.0,18.0,12.18618
78.0,156.0,18.0,12.96663
78.0,158.0,18.0,13.07511
78.0,160.0,18.0,12.198622
78.0,162.0,18.0,11.831685
78.0,164.0,18.0,11.791671
78.0,166.0,18.0,11.625573
78.0,168.0,18.0,11.475671
78.0,170.0,18.0,12.434714
78.0,172.0,18.0,13.619004
78.0,174.0,18.0,12.936989
78.0,176.0,18.0,12.193641
78.0,178.0,18.0,12.414384
78.0,180.0,18.0,13.04559
80.0,-180.0,18.0,11.771028
80.0,-178.0,18.0,11.49009
80.0,-176.0,18.0,11.720883
80.0,-174.0,18.0,12.894675
80.0,-172.0,18.0,12.771677
80.0,-170.0,18.0,11.744319
80.0,-168.0,18.0,11.326728
80.0,-166.0,18.0,11.585894
80.0,-164.0,18.0,11.545894
80.0,-162.0,18.0,11.256625
80.0,-160.0,18.0,11.716334
80.0,-158.0,18.0,12.082626
80.0,-156.0,18.0,11.421565
80.0,-154.0,18.0,11.036397
80.0,-152.0,18.0,11.364018
80.0,-150.0,18.0,11.7372055
80.0,-148.0,18.0,11.253453
80.0,-146.0,18.0,11.051248
80.0,-144.0,18.0,11.308563
80.0,-142.0,18.0,11.681647
80.0,-140.0,18.0,11.754128
80.0,-138.0,18.0,11.450827
80.0,-136.0,18.0,11.329483
80.0,-134.0,18.0,11.197731
80.0,-132.0,18.0,11.419327
80.0,-130.0,18.0,11.712933
80.0,-128.0,18.0,11.689203
80.0,-126.0,18.0,11.284999
80.0,-124.0,18.0,11.063185
80.0,-122.0,18.0,11.127699
80.0,-120.0,18.0,11.761905
80.0,-118.0,18.0,12.010193
80.0,-116.0,18.0,12.047303
80.0,-114.0,18.0,12.167841
80.0,-112.0,18.0,12.14395
80.0,-110.0,18.0,11.696876
80.0,-108.0,18.0,11.518921
80.0,-106.0,18.0,11.479808
80.0,-104.0,18.0,11.508269
80.0,-102.0,18.0,11.568044
80.0,-100.0,18.0,11.710498
80.0,-98.0,18.0,12.304466
80.0,-96.0,18.0,12.663951
80.0,-94.0,18.0,12.051333
80.0,-92.0,18.0,11.826064
80.0,-90.0,18.0,11.793712
80.0,-88.0,18.0,11.942794
80.0,-86.0,18.0,12.272011
80.0,-84.0,18.0,12.493696
80.0,-82.0,18.0,12.371293
80.0,-80.0,18.0,11.749094
80.0,-78.0,18.0,11.550227
80.0,-76.0,18.0,11.642756
80.0,-74.0,18.0,11.739638
80.0,-72.0,18.0,11.729007
80.0,-70.0,18.0,11.739459
80.0,-68.0,18.0,12.254866
80.0,-66.0,18.0,12.150704
80.0,-64.0,18.0,11.426786
80.0,-62.0,18.0,11.269749
80.0,-60.0,18.0,11.720012
80.0,-58.0,18.0,11.30975
80.0,-56.0,18.0,11.193297
80.0,-54.0,18.0,11.213218
80.0,-52.0,18.0,11.727849
80.0,-50.0,18.0,11.737981
80.0,-48.0,18.0,11.152134
80.0,-46.0,18.0,10.939222
80.0,-44.0,18.0,10.880305
80.0,-42.0,18.0,11.136442
80.0,-40.0,18.0,11.748811
80.0,-38.0,18.0,12.245402
80.0,-36.0,18.0,12.029109
80.0,-34.0,18.0,11.418747
80.0,-32.0,18.0,11.267389
80.0,-30.0,18.0,11.709917
80.0,-28.0,18.0,11.462452
80.0,-26.0,18.0,11.234632
80.0,-24.0,18.0,11.89854
80.0,-22.0,18.0,12.275002
80.0,-20.0,18.0,11.7637615
80.0,-18.0,18.0,11.090901
80.0,-16.0,18.0,10.8473
80.0,-14.0,18.0,10.985114
80.0,-12.0,18.0,11.069068
80.0,-10.0,18.0,11.744806
80.0,-8.0,18.0,13.085326
80.0,-6.0,18.0,13.6481285
80.0,-4.0,18.0,12.586424
80.0,-2.0,18.0,11.930926
80.0,0.0,18.0,11.716986
80.0,2.0,18.0,11.461042
80.0,4.0,18.0,11.372579
80.0,6.0,18.0,12.475983
80.0,8.0,18.0,12.891625
80.0,10.0,18.0,11.759376
80.0,12.0,18.0,11.00255
80.0,14.0,18.0,10.865244
80.0,16.0,18.0,10.633918
80.0,18.0,18.0,10.741603
80.0,20.0,18.0,11.754981
80.0,22.0,18.0,12.825395
80.0,24.0,18.0,12.872632
80.0,26.0,18.0,11.942022
80.0,28.0,18.0,11.805327
80.0,30.0,18.0,11.72019
80.0,32.0,18.0,10.969289
80.0,34.0,18.0,10.215139
80.0,36.0,18.0,10.411664
80.0,38.0,18.0,11.257624
80.0,40.0,18.0,11.759701
80.0,42.0,18.0,10.745219
80.0,44.0,18.0,9.520781
80.0,46.0,18.0,9.299562
80.0,48.0,18.0,10.347193
80.0,50.0,18.0,11.733415
80.0,52.0,18.0,11.959366
80.0,54.0,18.0,10.993093
80.0,56.0,18.0,10.343172
80.0,58.0,18.0,10.802413
80.0,60.0,18.0,11.759432
80.0,62.0,18.0,11.640256
80.0,64.0,18.0,11.428522
80.0,66.0,18.0,12.3106165
80.0,68.0,18.0,12.95983
80.0,70.0,18.0,11.775996
80.0,72.0,18.0,10.818798
80.0,74.0,18.0,10.95296
80.0,76.0,18.0,11.259087
80.0,78.0,18.0,10.963928
80.0,80.0,18.0,11.734626
80.0,82.0,18.0,13.486721
80.0,84.0,18.0,13.486679
80.0,86.0,18.0,12.051853
80.0,88.0,18.0,11.700881
80.0,90.0,18.0,11.735977
80.0,92.0,18.0,11.203414
80.0,94.0,18.0,11.3821945
80.0,96.0,18.0,12.853673
80.0,98.0,18.0,13.203196
80.0,100.0,18.0,11.728738
80.0,102.0,18.0,10.998755
80.0,104.0,18.0,11.123463
80.0,106.0,18.0,10.746164
80.0,108.0,18.0,10.401001
80.0,110.0,18.0,11.758059
80.0,112.0,18.0,13.17274
80.0,114.0,18.0,12.837922
80.0,116.0,18.0,12.045551
80.0,118.0,18.0,11.870646
80.0,120.0,18.0,11.730002
80.0,122.0,18.0,10.82014
80.0,124.0,18.0,10.245797
80.0,126.0,18.0,10.951304
80.0,128.0,18.0,11.966228
80.0,130.0,18.0,11.768511
80.0,132.0,18.0,10.387148
80.0,134.0,18.0,9.622339
80.0,136.0,18.0,9.873981
80.0,138.0,18.0,10.791594
80.0,140.0,18.0,11.706623
80.0,142.0,18.0,11.300828
80.0,144.0,18.0,10.577142
80.0,146.0,18.0,10.618477
80.0,148.0,18.0,11.280525
80.0,150.0,18.0,11.729286
80.0,152.0,18.0,11.622067
80.0,154.0,18.0,11.831377
80.0,156.0,18.0,12.555481
80.0,158.0,18.0,12.571177
80.0,160.0,18.0,11.737382
80.0,162.0,18.0,11.116005
80.0,164.0,18.0,11.001493
80.0,166.0,18.0,10.883569
80.0,168.0,18.0,10.836928
80.0,170.0,18.0,11.712173
80.0,172.0,18.0,12.943986
80.0,174.0,18.0,12.132444
80.0,176.0,18.0,11.051495
80.0,178.0,18.0,11.294824
80.0,180.0,18.0,11.771028
