source_file,lat_deg,lon_deg,h_km,date,hour,vcr_GV,particle,dose_rate_uSvph,sigma,unit_text,quantity_text,x_sin_lat,x_cos_lat,x_sin_lon,x_cos_lon,alt_norm,y_log,group_id,y_log_pred,dose_pred_uSvph,err_log,err_uSvph
L0000.ANS,-80.0,-179.99999,8.000085600032,2002/01/00,0,0.0,TOTAL,1.8427,0.11004,microSv/hr,ICRP Pub. 103 EFFECTIVE DOSE,-0.984807753012208,0.17364817766693041,-1.745329251238221e-07,-0.9999999999999848,-1.062489299996,1.0447543047654284,-80.00000_-179.99999,1.0431274,1.838079,-0.0016268492,-0.0046209097
L0000.ANS,-80.0,-170.0,8.000085600032,2002/01/00,0,0.03,TOTAL,1.8427,0.11004,microSv/hr,ICRP Pub. 103 EFFECTIVE DOSE,-0.984807753012208,0.17364817766693041,-0.17364817766693028,-0.984807753012208,-1.062489299996,1.0447543047654284,-80.00000_-170.00000,1.0436332,1.8395149,-0.0011210442,-0.0031850338
L0000.ANS,-80.0,-160.0,8.000085600032,2002/01/00,0,0.04,TOTAL,1.8427,0.11004,microSv/hr,ICRP Pub. 103 EFFECTIVE DOSE,-0.984807753012208,0.17364817766693041,-0.3420201433256689,-0.9396926207859083,-1.062489299996,1.0447543047654284,-80.00000_-160.00000,1.0400827,1.829451,-0.0046715736,-0.01324892
L0000.ANS,-80.0,-150.0,8.000085600032,2002/01/00,0,0.07,TOTAL,1.8427,0.11004,microSv/hr,ICRP Pub. 103 EFFECTIVE DOSE,-0.984807753012208,0.17364817766693041,-0.49999999999999994,-0.8660254037844387,-1.062489299996,1.0447543047654284,-80.00000_-150.00000,1.0395936,1.8280674,-0.0051606894,-0.014632463
L0000.ANS,-80.0,-140.0,8.000085600032,2002/01/00,0,0.13,TOTAL,1.8427,0.11004,microSv/hr,ICRP Pub. 103 EFFECTIVE DOSE,-0.984807753012208,0.17364817766693041,-0.6427876096865395,-0.7660444431189779,-1.062489299996,1.0447543047654284,-80.00000_-140.00000,1.0383755,1.8246247,-0.00637877,-0.018075228
L0000.ANS,-80.0,-130.0,8.000085600032,2002/01/00,0,0.2,TOTAL,1.8427,0.11004,microSv/hr,ICRP Pub. 103 EFFECTIVE DOSE,-0.984807753012208,0.17364817766693041,-0.766044443118978,-0.6427876096865394,-1.062489299996,1.0447543047654284,-80.00000_-130.00000,1.0414422,1.8333001,-0.003312111,-0.009399772
L0000.ANS,-80.0,-120.0,8.000085600032,2002/01/00,0,0.27,TOTAL,1.8427,0.11004,microSv/hr,ICRP Pub. 103 EFFECTIVE DOSE,-0.984807753012208,0.17364817766693041,-0.8660254037844387,-0.4999999999999998,-1.062489299996,1.0447543047654284,-80.00000_-120.00000,1.0437008,1.8397068,-0.0010534525,-0.0029931068
L0000.ANS,-80.0,-110.0,8.000085600032,2002/01/00,0,0.33,TOTAL,1.8427,0.11004,microSv/hr,ICRP Pub. 103 EFFECTIVE DOSE,-0.984807753012208,0.17364817766693041,-0.9396926207859084,-0.3420201433256687,-1.062489299996,1.0447543047654284,-80.00000_-110.00000,1.0452515,1.8441137,0.00049722195,0.0014138222
L0000.ANS,-80.0,-100.0,8.000085600032,2002/01/00,0,0.36,TOTAL,1.8427,0.11004,microSv/hr,ICRP Pub. 103 EFFECTIVE DOSE,-0.984807753012208,0.17364817766693041,-0.984807753012208,-0.1736481776669303,-1.062489299996,1.0447543047654284,-80.00000_-100.00000,1.046343,1.8472197,0.0015887022,0.00451982
L0000.ANS,-80.0,-90.0,8.000085600032,2002/01/00,0,0.43,TOTAL,1.8427,0.11004,microSv/hr,ICRP Pub. 103 EFFECTIVE DOSE,-0.984807753012208,0.17364817766693041,-1.0,6.123233995736766e-17,-1.062489299996,1.0447543047654284,-80.00000_-90.00000,1.0482439,1.8526372,0.0034896135,0.009937286
L0000.ANS,-80.0,-80.0,8.000085600032,2002/01/00,0,0.45,TOTAL,1.8427,0.11004,microSv/hr,ICRP Pub. 103 EFFECTIVE DOSE,-0.984807753012208,0.17364817766693041,-0.984807753012208,0.17364817766693041,-1.062489299996,1.0447543047654284,-80.00000_-80.00000,1.0478628,1.8515502,0.0031085014,0.008850336
L0000.ANS,-80.0,-70.0,8.000085600032,2002/01/00,0,0.5,TOTAL,1.8427,0.11004,microSv/hr,ICRP Pub. 103 EFFECTIVE DOSE,-0.984807753012208,0.17364817766693041,-0.9396926207859083,0.3420201433256688,-1.062489299996,1.0447543047654284,-80.00000_-70.00000,1.0432676,1.8384769,-0.001486659,-0.004222989
L0000.ANS,-80.0,-60.0,8.000085600032,2002/01/00,0,0.48,TOTAL,1.8427,0.11004,microSv/hr,ICRP Pub. 103 EFFECTIVE DOSE,-0.984807753012208,0.17364817766693041,-0.8660254037844386,0.5000000000000001,-1.062489299996,1.0447543047654284,-80.00000_-60.00000,1.045203,1.8439757,0.00044870377,0.0012757778
L0000.ANS,-80.0,-50.0,8.000085600032,2002/01/00,0,0.49,TOTAL,1.8427,0.11004,microSv/hr,ICRP Pub. 103 EFFECTIVE DOSE,-0.984807753012208,0.17364817766693041,-0.766044443118978,0.6427876096865394,-1.062489299996,1.0447543047654284,-80.00000_-50.00000,1.04575,1.845532,0.0009957552,0.002832055
L0000.ANS,-80.0,-40.0,8.000085600032,2002/01/00,0,0.46,TOTAL,1.8427,0.11004,microSv/hr,ICRP Pub. 103 EFFECTIVE DOSE,-0.984807753012208,0.17364817766693041,-0.6427876096865393,0.766044443118978,-1.062489299996,1.0447543047654284,-80.00000_-40.00000,1.0467288,1.8483186,0.0019745827,0.0056186914
L0000.ANS,-80.0,-30.0,8.000085600032,2002/01/00,0,0.43,TOTAL,1.8427,0.11004,microSv/hr,ICRP Pub. 103 EFFECTIVE DOSE,-0.984807753012208,0.17364817766693041,-0.49999999999999994,0.8660254037844387,-1.062489299996,1.0447543047654284,-80.00000_-30.00000,1.0499465,1.8574984,0.00519228,0.014798522
L0000.ANS,-80.0,-20.0,8.000085600032,2002/01/00,0,0.39,TOTAL,1.8427,0.11004,microSv/hr,ICRP Pub. 103 EFFECTIVE DOSE,-0.984807753012208,0.17364817766693041,-0.3420201433256687,0.9396926207859084,-1.062489299996,1.0447543047654284,-80.00000_-20.00000,1.0477993,1.8513694,0.003045082,0.008669496
L0000.ANS,-80.0,-10.0,8.000085600032,2002/01/00,0,0.34,TOTAL,1.8427,0.11004,microSv/hr,ICRP Pub. 103 EFFECTIVE DOSE,-0.984807753012208,0.17364817766693041,-0.17364817766693033,0.984807753012208,-1.062489299996,1.0447543047654284,-80.00000_-10.00000,1.0446831,1.8424976,-7.1167946e-05,-0.00020229816
L0000.ANS,-80.0,0.0,8.000085600032,2002/01/00,0,0.29,TOTAL,1.8427,0.11004,microSv/hr,ICRP Pub. 103 EFFECTIVE DOSE,-0.984807753012208,0.17364817766693041,0.0,1.0,-1.062489299996,1.0447543047654284,-80.00000_0.00000,1.0477306,1.8511732,0.0029762983,0.008473277
L0000.ANS,-80.0,10.0,8.000085600032,2002/01/00,0,0.26,TOTAL,1.8427,0.11004,microSv/hr,ICRP Pub. 103 EFFECTIVE DOSE,-0.984807753012208,0.17364817766693041,0.17364817766693033,0.984807753012208,-1.062489299996,1.0447543047654284,-80.00000_10.00000,1.0456944,1.8453735,0.00094008446,0.002673626
L0000.ANS,-80.0,20.0,8.000085600032,2002/01/00,0,0.2,TOTAL,1.8427,0.11004,microSv/hr,ICRP Pub. 103 EFFECTIVE DOSE,-0.984807753012208,0.17364817766693041,0.3420201433256687,0.9396926207859084,-1.062489299996,1.0447543047654284,-80.00000_20.00000,1.0444669,1.841883,-0.0002874136,-0.00081694126
L0000.ANS,-80.0,30.0,8.000085600032,2002/01/00,0,0.14,TOTAL,1.8427,0.11004,microSv/hr,ICRP Pub. 103 EFFECTIVE DOSE,-0.984807753012208,0.17364817766693041,0.49999999999999994,0.8660254037844387,-1.062489299996,1.0447543047654284,-80.00000_30.00000,1.0423509,1.835876,-0.0024033785,-0.0068238974
L0000.ANS,-80.0,40.0,8.000085600032,2002/01/00,0,0.08,TOTAL,1.8427,0.11004,microSv/hr,ICRP Pub. 103 EFFECTIVE DOSE,-0.984807753012208,0.17364817766693041,0.6427876096865393,0.766044443118978,-1.062489299996,1.0447543047654284,-80.00000_40.00000,1.041215,1.8326564,-0.0035393238,-0.010043502
L0000.ANS,-80.0,50.0,8.000085600032,2002/01/00,0,0.06,TOTAL,1.8427,0.11004,microSv/hr,ICRP Pub. 103 EFFECTIVE DOSE,-0.984807753012208,0.17364817766693041,0.766044443118978,0.6427876096865394,-1.062489299996,1.0447543047654284,-80.00000_50.00000,1.044912,1.8431482,0.00015771389,0.00044834614
L0000.ANS,-80.0,60.0,8.000085600032,2002/01/00,0,0.03,TOTAL,1.8427,0.11004,microSv/hr,ICRP Pub. 103 EFFECTIVE DOSE,-0.984807753012208,0.17364817766693041,0.8660254037844386,0.5000000000000001,-1.062489299996,1.0447543047654284,-80.00000_60.00000,1.045775,1.8456032,0.0010207891,0.0029033422
L0000.ANS,-80.0,70.0,8.000085600032,2002/01/00,0,0.02,TOTAL,1.8427,0.11004,microSv/hr,ICRP Pub. 103 EFFECTIVE DOSE,-0.984807753012208,0.17364817766693041,0.9396926207859083,0.3420201433256688,-1.062489299996,1.0447543047654284,-80.00000_70.00000,1.0416583,1.8339125,-0.0030959845,-0.008787394
L0000.ANS,-80.0,80.0,8.000085600032,2002/01/00,0,0.0,TOTAL,1.8427,0.11004,microSv/hr,ICRP Pub. 103 EFFECTIVE DOSE,-0.984807753012208,0.17364817766693041,0.984807753012208,0.17364817766693041,-1.062489299996,1.0447543047654284,-80.00000_80.00000,1.0430464,1.8378489,-0.0017079115,-0.0048509836
L0000.ANS,-80.0,90.0,8.000085600032,2002/01/00,0,0.0,TOTAL,1.8427,0.11004,microSv/hr,ICRP Pub. 103 EFFECTIVE DOSE,-0.984807753012208,0.17364817766693041,1.0,6.123233995736766e-17,-1.062489299996,1.0447543047654284,-80.00000_90.00000,1.0444998,1.8419765,-0.00025451183,-0.00072336197
L0000.ANS,-80.0,100.0,8.000085600032,2002/01/00,0,0.0,TOTAL,1.8427,0.11004,microSv/hr,ICRP Pub. 103 EFFECTIVE DOSE,-0.984807753012208,0.17364817766693041,0.984807753012208,-0.1736481776669303,-1.062489299996,1.0447543047654284,-80.00000_100.00000,1.044981,1.8433444,0.00022673607,0.0006445646
L0000.ANS,-80.0,110.0,8.000085600032,2002/01/00,0,0.0,TOTAL,1.8427,0.11004,microSv/hr,ICRP Pub. 103 EFFECTIVE DOSE,-0.984807753012208,0.17364817766693041,0.9396926207859084,-0.3420201433256687,-1.062489299996,1.0447543047654284,-80.00000_110.00000,1.0422837,1.8356854,-0.0024706125,-0.007014513
L0000.ANS,-80.0,120.0,8.000085600032,2002/01/00,0,0.0,TOTAL,1.8427,0.11004,microSv/hr,ICRP Pub. 103 EFFECTIVE DOSE,-0.984807753012208,0.17364817766693041,0.8660254037844387,-0.4999999999999998,-1.062489299996,1.0447543047654284,-80.00000_120.00000,1.0409876,1.8320125,-0.003766656,-0.010687351
L0000.ANS,-80.0,130.0,8.000085600032,2002/01/00,0,0.0,TOTAL,1.8427,0.11004,microSv/hr,ICRP Pub. 103 EFFECTIVE DOSE,-0.984807753012208,0.17364817766693041,0.766044443118978,-0.6427876096865394,-1.062489299996,1.0447543047654284,-80.00000_130.00000,1.0419176,1.8346474,-0.0028367043,-0.008052468
L0000.ANS,-80.0,140.0,8.000085600032,2002/01/00,0,0.0,TOTAL,1.8427,0.11004,microSv/hr,ICRP Pub. 103 EFFECTIVE DOSE,-0.984807753012208,0.17364817766693041,0.6427876096865395,-0.7660444431189779,-1.062489299996,1.0447543047654284,-80.00000_140.00000,1.0441462,1.8409718,-0.0006080866,-0.0017280579
L0000.ANS,-80.0,150.0,8.000085600032,2002/01/00,0,0.0,TOTAL,1.8427,0.11004,microSv/hr,ICRP Pub. 103 EFFECTIVE DOSE,-0.984807753012208,0.17364817766693041,0.49999999999999994,-0.8660254037844387,-1.062489299996,1.0447543047654284,-80.00000_150.00000,1.0385193,1.8250308,-0.0062350035,-0.017669082
L0000.ANS,-80.0,160.0,8.000085600032,2002/01/00,0,0.0,TOTAL,1.8427,0.11004,microSv/hr,ICRP Pub. 103 EFFECTIVE DOSE,-0.984807753012208,0.17364817766693041,0.3420201433256689,-0.9396926207859083,-1.062489299996,1.0447543047654284,-80.00000_160.00000,1.0354456,1.8163608,-0.009308696,-0.026339054
L0000.ANS,-80.0,170.0,8.000085600032,2002/01/00,0,0.0,TOTAL,1.8427,0.11004,microSv/hr,ICRP Pub. 103 EFFECTIVE DOSE,-0.984807753012208,0.17364817766693041,0.17364817766693028,-0.984807753012208,-1.062489299996,1.0447543047654284,-80.00000_170.00000,1.040946,1.8318948,-0.00380826,-0.01080513
L0000.ANS,-75.0,-179.99999,8.000085600032,2002/01/00,0,0.02,TOTAL,1.8427,0.11004,microSv/hr,ICRP Pub. 103 EFFECTIVE DOSE,-0.9659258262890683,0.25881904510252074,-1.745329251238221e-07,-0.9999999999999848,-1.062489299996,1.0447543047654284,-75.00000_-179.99999,1.0446789,1.8424857,-7.534027e-05,-0.0002142191
L0000.ANS,-75.0,-170.0,8.000085600032,2002/01/00,0,0.06,TOTAL,1.8427,0.11004,microSv/hr,ICRP Pub. 103 EFFECTIVE DOSE,-0.9659258262890683,0.25881904510252074,-0.17364817766693028,-0.984807753012208,-1.062489299996,1.0447543047654284,-75.00000_-170.00000,1.04311,1.8380296,-0.0016442537,-0.0046702623
L0000.ANS,-75.0,-160.0,8.000085600032,2002/01/00,0,0.1,TOTAL,1.8427,0.11004,microSv/hr,ICRP Pub. 103 EFFECTIVE DOSE,-0.9659258262890683,0.25881904510252074,-0.3420201433256689,-0.9396926207859083,-1.062489299996,1.0447543047654284,-75.00000_-160.00000,1.037938,1.8233892,-0.006816268,-0.019310713
L0000.ANS,-75.0,-150.0,8.000085600032,2002/01/00,0,0.21,TOTAL,1.8427,0.11004,microSv/hr,ICRP Pub. 103 EFFECTIVE DOSE,-0.9659258262890683,0.25881904510252074,-0.49999999999999994,-0.8660254037844387,-1.062489299996,1.0447543047654284,-75.00000_-150.00000,1.0428367,1.8372539,-0.0019176006,-0.005445957
L0000.ANS,-75.0,-140.0,8.000085600032,2002/01/00,0,0.28,TOTAL,1.8427,0.11004,microSv/hr,ICRP Pub. 103 EFFECTIVE DOSE,-0.9659258262890683,0.25881904510252074,-0.6427876096865395,-0.7660444431189779,-1.062489299996,1.0447543047654284,-75.00000_-140.00000,1.043399,1.8388498,-0.0013552904,-0.0038501024
L0000.ANS,-75.0,-130.0,8.000085600032,2002/01/00,0,0.4,TOTAL,1.8427,0.11004,microSv/hr,ICRP Pub. 103 EFFECTIVE DOSE,-0.9659258262890683,0.25881904510252074,-0.766044443118978,-0.6427876096865394,-1.062489299996,1.0447543047654284,-75.00000_-130.00000,1.0447187,1.8425989,-3.552437e-05,-0.00010097027
L0000.ANS,-75.0,-120.0,8.000085600032,2002/01/00,0,0.5,TOTAL,1.8427,0.11004,microSv/hr,ICRP Pub. 103 EFFECTIVE DOSE,-0.9659258262890683,0.25881904510252074,-0.8660254037844387,-0.4999999999999998,-1.062489299996,1.0447543047654284,-75.00000_-120.00000,1.0471523,1.849525,0.002398014,0.0068250895
L0000.ANS,-75.0,-110.0,8.000085600032,2002/01/00,0,0.62,TOTAL,1.8427,0.11004,microSv/hr,ICRP Pub. 103 EFFECTIVE DOSE,-0.9659258262890683,0.25881904510252074,-0.9396926207859084,-0.3420201433256687,-1.062489299996,1.0447543047654284,-75.00000_-110.00000,1.0449985,1.8433943,0.00024425983,0.0006943941
L0000.ANS,-75.0,-100.0,8.000085600032,2002/01/00,0,0.73,TOTAL,1.8427,0.11004,microSv/hr,ICRP Pub. 103 EFFECTIVE DOSE,-0.9659258262890683,0.25881904510252074,-0.984807753012208,-0.1736481776669303,-1.062489299996,1.0447543047654284,-75.00000_-100.00000,1.04519,1.8439387,0.00043570995,0.0012388229
L0000.ANS,-75.0,-90.0,8.000085600032,2002/01/00,0,0.81,TOTAL,1.8427,0.11004,microSv/hr,ICRP Pub. 103 EFFECTIVE DOSE,-0.9659258262890683,0.25881904510252074,-1.0,6.123233995736766e-17,-1.062489299996,1.0447543047654284,-75.00000_-90.00000,1.0455567,1.8449818,0.0008023977,0.0022819042
L0000.ANS,-75.0,-80.0,8.000085600032,2002/01/00,0,0.87,TOTAL,1.8426,0.11004,microSv/hr,ICRP Pub. 103 EFFECTIVE DOSE,-0.9659258262890683,0.25881904510252074,-0.984807753012208,0.17364817766693041,-1.062489299996,1.0447191263227744,-75.00000_-80.00000,1.0462542,1.8469669,0.001535058,0.004366994
L0000.ANS,-75.0,-70.0,8.000085600032,2002/01/00,0,0.9,TOTAL,1.8426,0.11004,microSv/hr,ICRP Pub. 103 EFFECTIVE DOSE,-0.9659258262890683,0.25881904510252074,-0.9396926207859083,0.3420201433256688,-1.062489299996,1.0447191263227744,-75.00000_-70.00000,1.0419933,1.834862,-0.0027258396,-0.007737875
L0000.ANS,-75.0,-60.0,8.000085600032,2002/01/00,0,0.93,TOTAL,1.8425,0.11004,microSv/hr,ICRP Pub. 103 EFFECTIVE DOSE,-0.9659258262890683,0.25881904510252074,-0.8660254037844386,0.5000000000000001,-1.062489299996,1.0446839466425542,-75.00000_-60.00000,1.0460585,1.8464099,0.0013746023,0.0039099455
L0000.ANS,-75.0,-50.0,8.000085600032,2002/01/00,0,0.89,TOTAL,1.8426,0.11004,microSv/hr,ICRP Pub. 103 EFFECTIVE DOSE,-0.9659258262890683,0.25881904510252074,-0.766044443118978,0.6427876096865394,-1.062489299996,1.0447191263227744,-75.00000_-50.00000,1.0469658,1.8489937,0.0022467375,0.0063937902
L0000.ANS,-75.0,-40.0,8.000085600032,2002/01/00,0,0.82,TOTAL,1.8426,0.11004,microSv/hr,ICRP Pub. 103 EFFECTIVE DOSE,-0.9659258262890683,0.25881904510252074,-0.6427876096865393,0.766044443118978,-1.062489299996,1.0447191263227744,-75.00000_-40.00000,1.0479531,1.8518078,0.0032340288,0.009207964
L0000.ANS,-75.0,-30.0,8.000085600032,2002/01/00,0,0.76,TOTAL,1.8427,0.11004,microSv/hr,ICRP Pub. 103 EFFECTIVE DOSE,-0.9659258262890683,0.25881904510252074,-0.49999999999999994,0.8660254037844387,-1.062489299996,1.0447543047654284,-75.00000_-30.00000,1.0504116,1.8588275,0.0056573153,0.016127586
L0000.ANS,-75.0,-20.0,8.000085600032,2002/01/00,0,0.68,TOTAL,1.8427,0.11004,microSv/hr,ICRP Pub. 103 EFFECTIVE DOSE,-0.9659258262890683,0.25881904510252074,-0.3420201433256687,0.9396926207859084,-1.062489299996,1.0447543047654284,-75.00000_-20.00000,1.0492902,1.8556235,0.0045359135,0.012923598
L0000.ANS,-75.0,-10.0,8.000085600032,2002/01/00,0,0.59,TOTAL,1.8427,0.11004,microSv/hr,ICRP Pub. 103 EFFECTIVE DOSE,-0.9659258262890683,0.25881904510252074,-0.17364817766693033,0.984807753012208,-1.062489299996,1.0447543047654284,-75.00000_-10.00000,1.050615,1.859409,0.0058606863,0.01670909
L0000.ANS,-75.0,0.0,8.000085600032,2002/01/00,0,0.53,TOTAL,1.8427,0.11004,microSv/hr,ICRP Pub. 103 EFFECTIVE DOSE,-0.9659258262890683,0.25881904510252074,0.0,1.0,-1.062489299996,1.0447543047654284,-75.00000_0.00000,1.0536759,1.8681748,0.008921623,0.025474906
L0000.ANS,-75.0,10.0,8.000085600032,2002/01/00,0,0.43,TOTAL,1.8427,0.11004,microSv/hr,ICRP Pub. 103 EFFECTIVE DOSE,-0.9659258262890683,0.25881904510252074,0.17364817766693033,0.984807753012208,-1.062489299996,1.0447543047654284,-75.00000_10.00000,1.0525715,1.8650091,0.007817268,0.022309184
L0000.ANS,-75.0,20.0,8.000085600032,2002/01/00,0,0.34,TOTAL,1.8427,0.11004,microSv/hr,ICRP Pub. 103 EFFECTIVE DOSE,-0.9659258262890683,0.25881904510252074,0.3420201433256687,0.9396926207859084,-1.062489299996,1.0447543047654284,-75.00000_20.00000,1.0496871,1.8567573,0.0049328804,0.014057398
L0000.ANS,-75.0,30.0,8.000085600032,2002/01/00,0,0.26,TOTAL,1.8427,0.11004,microSv/hr,ICRP Pub. 103 EFFECTIVE DOSE,-0.9659258262890683,0.25881904510252074,0.49999999999999994,0.8660254037844387,-1.062489299996,1.0447543047654284,-75.00000_30.00000,1.0468023,1.8485278,0.0020480156,0.0058279037
L0000.ANS,-75.0,40.0,8.000085600032,2002/01/00,0,0.19,TOTAL,1.8427,0.11004,microSv/hr,ICRP Pub. 103 EFFECTIVE DOSE,-0.9659258262890683,0.25881904510252074,0.6427876096865393,0.766044443118978,-1.062489299996,1.0447543047654284,-75.00000_40.00000,1.042694,1.8368491,-0.0020602942,-0.005850792
L0000.ANS,-75.0,50.0,8.000085600032,2002/01/00,0,0.11,TOTAL,1.8427,0.11004,microSv/hr,ICRP Pub. 103 EFFECTIVE DOSE,-0.9659258262890683,0.25881904510252074,0.766044443118978,0.6427876096865394,-1.062489299996,1.0447543047654284,-75.00000_50.00000,1.046391,1.8473564,0.0016367435,0.0046565533
L0000.ANS,-75.0,60.0,8.000085600032,2002/01/00,0,0.05,TOTAL,1.8427,0.11004,microSv/hr,ICRP Pub. 103 EFFECTIVE DOSE,-0.9659258262890683,0.25881904510252074,0.8660254037844386,0.5000000000000001,-1.062489299996,1.0447543047654284,-75.00000_60.00000,1.0494543,1.8560922,0.0047000647,0.013392329
L0000.ANS,-75.0,70.0,8.000085600032,2002/01/00,0,0.02,TOTAL,1.8427,0.11004,microSv/hr,ICRP Pub. 103 EFFECTIVE DOSE,-0.9659258262890683,0.25881904510252074,0.9396926207859083,0.3420201433256688,-1.062489299996,1.0447543047654284,-75.00000_70.00000,1.046194,1.8467954,0.0014396906,0.0040955544
L0000.ANS,-75.0,80.0,8.000085600032,2002/01/00,0,0.0,TOTAL,1.8427,0.11004,microSv/hr,ICRP Pub. 103 EFFECTIVE DOSE,-0.9659258262890683,0.25881904510252074,0.984807753012208,0.17364817766693041,-1.062489299996,1.0447543047654284,-75.00000_80.00000,1.046596,1.8479403,0.0018417835,0.0052404404
L0000.ANS,-75.0,90.0,8.000085600032,2002/01/00,0,0.0,TOTAL,1.8427,0.11004,microSv/hr,ICRP Pub. 103 EFFECTIVE DOSE,-0.9659258262890683,0.25881904510252074,1.0,6.123233995736766e-17,-1.062489299996,1.0447543047654284,-75.00000_90.00000,1.0459446,1.8460855,0.0011903048,0.003385663
L0000.ANS,-75.0,100.0,8.000085600032,2002/01/00,0,0.0,TOTAL,1.8427,0.11004,microSv/hr,ICRP Pub. 103 EFFECTIVE DOSE,-0.9659258262890683,0.25881904510252074,0.984807753012208,-0.1736481776669303,-1.062489299996,1.0447543047654284,-75.00000_100.00000,1.0411696,1.8325281,-0.0035846233,-0.010171771
L0000.ANS,-75.0,110.0,8.000085600032,2002/01/00,0,0.0,TOTAL,1.8427,0.11004,microSv/hr,ICRP Pub. 103 EFFECTIVE DOSE,-0.9659258262890683,0.25881904510252074,0.9396926207859084,-0.3420201433256687,-1.062489299996,1.0447543047654284,-75.00000_110.00000,1.0462108,1.8468432,0.0014564991,0.0041433573
L0000.ANS,-75.0,120.0,8.000085600032,2002/01/00,0,0.0,TOTAL,1.8427,0.11004,microSv/hr,ICRP Pub. 103 EFFECTIVE DOSE,-0.9659258262890683,0.25881904510252074,0.8660254037844387,-0.4999999999999998,-1.062489299996,1.0447543047654284,-75.00000_120.00000,1.0439717,1.840476,-0.000782609,-0.0022238493
L0000.ANS,-75.0,130.0,8.000085600032,2002/01/00,0,0.0,TOTAL,1.8427,0.11004,microSv/hr,ICRP Pub. 103 EFFECTIVE DOSE,-0.9659258262890683,0.25881904510252074,0.766044443118978,-0.6427876096865394,-1.062489299996,1.0447543047654284,-75.00000_130.00000,1.0458832,1.8459109,0.001128912,0.0032110214
L0000.ANS,-75.0,140.0,8.000085600032,2002/01/00,0,0.0,TOTAL,1.8427,0.11004,microSv/hr,ICRP Pub. 103 EFFECTIVE DOSE,-0.9659258262890683,0.25881904510252074,0.6427876096865395,-0.7660444431189779,-1.062489299996,1.0447543047654284,-75.00000_140.00000,1.0485866,1.853615,0.0038323402,0.01091516
L0000.ANS,-75.0,150.0,8.000085600032,2002/01/00,0,0.0,TOTAL,1.8427,0.11004,microSv/hr,ICRP Pub. 103 EFFECTIVE DOSE,-0.9659258262890683,0.25881904510252074,0.49999999999999994,-0.8660254037844387,-1.062489299996,1.0447543047654284,-75.00000_150.00000,1.0403651,1.8302501,-0.004389167,-0.012449741
L0000.ANS,-75.0,160.0,8.000085600032,2002/01/00,0,0.0,TOTAL,1.8427,0.11004,microSv/hr,ICRP Pub. 103 EFFECTIVE DOSE,-0.9659258262890683,0.25881904510252074,0.3420201433256689,-0.9396926207859083,-1.062489299996,1.0447543047654284,-75.00000_160.00000,1.0426148,1.8366246,-0.0021394491,-0.006075263
L0000.ANS,-75.0,170.0,8.000085600032,2002/01/00,0,0.0,TOTAL,1.8427,0.11004,microSv/hr,ICRP Pub. 103 EFFECTIVE DOSE,-0.9659258262890683,0.25881904510252074,0.17364817766693028,-0.984807753012208,-1.062489299996,1.0447543047654284,-75.00000_170.00000,1.0471636,1.8495572,0.002409339,0.006857276
L0000.ANS,-70.0,-179.99999,8.000085600032,2002/01/00,0,0.06,TOTAL,1.8427,0.11004,microSv/hr,ICRP Pub. 103 EFFECTIVE DOSE,-0.9396926207859083,0.3420201433256688,-1.745329251238221e-07,-0.9999999999999848,-1.062489299996,1.0447543047654284,-70.00000_-179.99999,1.0429606,1.8376057,-0.001793623,-0.0050941706
L0000.ANS,-70.0,-170.0,8.000085600032,2002/01/00,0,0.15,TOTAL,1.8427,0.11004,microSv/hr,ICRP Pub. 103 EFFECTIVE DOSE,-0.9396926207859083,0.3420201433256688,-0.17364817766693028,-0.984807753012208,-1.062489299996,1.0447543047654284,-70.00000_-170.00000,1.04128,1.8328408,-0.0034742355,-0.009859085
L0000.ANS,-70.0,-160.0,8.000085600032,2002/01/00,0,0.24,TOTAL,1.8427,0.11004,microSv/hr,ICRP Pub. 103 EFFECTIVE DOSE,-0.9396926207859083,0.3420201433256688,-0.3420201433256689,-0.9396926207859083,-1.062489299996,1.0447543047654284,-70.00000_-160.00000,1.0427057,1.8368822,-0.0020486116,-0.0058176517
L0000.ANS,-70.0,-150.0,8.000085600032,2002/01/00,0,0.37,TOTAL,1.8427,0.11004,microSv/hr,ICRP Pub. 103 EFFECTIVE DOSE,-0.9396926207859083,0.3420201433256688,-0.49999999999999994,-0.8660254037844387,-1.062489299996,1.0447543047654284,-70.00000_-150.00000,1.0448633,1.84301,0.0001090765,0.00031006336
L0000.ANS,-70.0,-140.0,8.000085600032,2002/01/00,0,0.53,TOTAL,1.8427,0.11004,microSv/hr,ICRP Pub. 103 EFFECTIVE DOSE,-0.9396926207859083,0.3420201433256688,-0.6427876096865395,-0.7660444431189779,-1.062489299996,1.0447543047654284,-70.00000_-140.00000,1.0459558,1.8461175,0.0012015104,0.0034176111
L0000.ANS,-70.0,-130.0,8.000085600032,2002/01/00,0,0.71,TOTAL,1.8427,0.11004,microSv/hr,ICRP Pub. 103 EFFECTIVE DOSE,-0.9396926207859083,0.3420201433256688,-0.766044443118978,-0.6427876096865394,-1.062489299996,1.0447543047654284,-70.00000_-130.00000,1.0507396,1.8597655,0.005985379,0.017065644
L0000.ANS,-70.0,-120.0,8.000085600032,2002/01/00,0,0.89,TOTAL,1.8426,0.11004,microSv/hr,ICRP Pub. 103 EFFECTIVE DOSE,-0.9396926207859083,0.3420201433256688,-0.8660254037844387,-0.4999999999999998,-1.062489299996,1.0447191263227744,-70.00000_-120.00000,1.0471056,1.8493917,0.0023864508,0.00679183
L0000.ANS,-70.0,-110.0,8.000085600032,2002/01/00,0,1.09,TOTAL,1.8416,0.11004,microSv/hr,ICRP Pub. 103 EFFECTIVE DOSE,-0.9396926207859083,0.3420201433256688,-0.9396926207859084,-0.3420201433256687,-1.062489299996,1.044367273815714,-70.00000_-110.00000,1.0414516,1.8333268,-0.00291574,-0.008273244
L0000.ANS,-70.0,-100.0,8.000085600032,2002/01/00,0,1.28,TOTAL,1.8405,0.11004,microSv/hr,ICRP Pub. 103 EFFECTIVE DOSE,-0.9396926207859083,0.3420201433256688,-0.984807753012208,-0.1736481776669303,-1.062489299996,1.0439800930150445,-70.00000_-100.00000,1.0398605,1.8288224,-0.0041196346,-0.011677742
L0000.ANS,-70.0,-90.0,8.000085600032,2002/01/00,0,1.42,TOTAL,1.8384,0.11003,microSv/hr,ICRP Pub. 103 EFFECTIVE DOSE,-0.9396926207859083,0.3420201433256688,-1.0,6.123233995736766e-17,-1.062489299996,1.0432405131331233,-70.00000_-90.00000,1.038393,1.8246741,-0.0048475266,-0.013725996
L0000.ANS,-70.0,-80.0,8.000085600032,2002/01/00,0,1.53,TOTAL,1.8352,0.11001,microSv/hr,ICRP Pub. 103 EFFECTIVE DOSE,-0.9396926207859083,0.3420201433256688,-0.984807753012208,0.17364817766693041,-1.062489299996,1.0421124814286247,-70.00000_-80.00000,1.0388582,1.8259884,-0.0032542944,-0.00921154
L0000.ANS,-70.0,-70.0,8.000085600032,2002/01/00,0,1.53,TOTAL,1.8352,0.11001,microSv/hr,ICRP Pub. 103 EFFECTIVE DOSE,-0.9396926207859083,0.3420201433256688,-0.9396926207859083,0.3420201433256688,-1.062489299996,1.0421124814286247,-70.00000_-70.00000,1.0355293,1.8165965,-0.006583214,-0.018603444
L0000.ANS,-70.0,-60.0,8.000085600032,2002/01/00,0,1.55,TOTAL,1.8347,0.11001,microSv/hr,ICRP Pub. 103 EFFECTIVE DOSE,-0.9396926207859083,0.3420201433256688,-0.8660254037844386,0.5000000000000001,-1.062489299996,1.041936111474553,-70.00000_-60.00000,1.0425858,1.8365424,0.0006496906,0.0018422604
L0000.ANS,-70.0,-50.0,8.000085600032,2002/01/00,0,1.42,TOTAL,1.8383,0.11003,microSv/hr,ICRP Pub. 103 EFFECTIVE DOSE,-0.9396926207859083,0.3420201433256688,-0.766044443118978,0.6427876096865394,-1.062489299996,1.0432052813963713,-70.00000_-50.00000,1.0420501,1.8350232,-0.001155138,-0.003276825
L0000.ANS,-70.0,-40.0,8.000085600032,2002/01/00,0,1.35,TOTAL,1.8398,0.11004,microSv/hr,ICRP Pub. 103 EFFECTIVE DOSE,-0.9396926207859083,0.3420201433256688,-0.6427876096865393,0.766044443118978,-1.062489299996,1.0437336271581203,-70.00000_-40.00000,1.0451962,1.8439564,0.0014625788,0.0041564703
L0000.ANS,-70.0,-30.0,8.000085600032,2002/01/00,0,1.23,TOTAL,1.8409,0.11004,microSv/hr,ICRP Pub. 103 EFFECTIVE DOSE,-0.9396926207859083,0.3420201433256688,-0.49999999999999994,0.8660254037844387,-1.062489299996,1.04412090337892,-70.00000_-30.00000,1.0493582,1.8558178,0.005237341,0.014917731
L0000.ANS,-70.0,-20.0,8.000085600032,2002/01/00,0,1.06,TOTAL,1.8419,0.11004,microSv/hr,ICRP Pub. 103 EFFECTIVE DOSE,-0.9396926207859083,0.3420201433256688,-0.3420201433256687,0.9396926207859084,-1.062489299996,1.0444728425674614,-70.00000_-20.00000,1.0470401,1.8492053,0.0025672913,0.0073053837
L0000.ANS,-70.0,-10.0,8.000085600032,2002/01/00,0,0.92,TOTAL,1.8425,0.11004,microSv/hr,ICRP Pub. 103 EFFECTIVE DOSE,-0.9396926207859083,0.3420201433256688,-0.17364817766693033,0.984807753012208,-1.062489299996,1.0446839466425542,-70.00000_-10.00000,1.0494953,1.8562093,0.004811406,0.013709307
L0000.ANS,-70.0,0.0,8.000085600032,2002/01/00,0,0.79,TOTAL,1.8427,0.11004,microSv/hr,ICRP Pub. 103 EFFECTIVE DOSE,-0.9396926207859083,0.3420201433256688,0.0,1.0,-1.062489299996,1.0447543047654284,-70.00000_0.00000,1.0527103,1.8654068,0.007956028,0.022706866
L0000.ANS,-70.0,10.0,8.000085600032,2002/01/00,0,0.67,TOTAL,1.8427,0.11004,microSv/hr,ICRP Pub. 103 EFFECTIVE DOSE,-0.9396926207859083,0.3420201433256688,0.17364817766693033,0.984807753012208,-1.062489299996,1.0447543047654284,-70.00000_10.00000,1.0518672,1.862992,0.00711298,0.020292163
L0000.ANS,-70.0,20.0,8.000085600032,2002/01/00,0,0.55,TOTAL,1.8427,0.11004,microSv/hr,ICRP Pub. 103 EFFECTIVE DOSE,-0.9396926207859083,0.3420201433256688,0.3420201433256687,0.9396926207859084,-1.062489299996,1.0447543047654284,-70.00000_20.00000,1.0491618,1.8552568,0.004407525,0.0125569105
L0000.ANS,-70.0,30.0,8.000085600032,2002/01/00,0,0.44,TOTAL,1.8427,0.11004,microSv/hr,ICRP Pub. 103 EFFECTIVE DOSE,-0.9396926207859083,0.3420201433256688,0.49999999999999994,0.8660254037844387,-1.062489299996,1.0447543047654284,-70.00000_30.00000,1.0461863,1.8467737,0.0014320612,0.0040738583
L0000.ANS,-70.0,40.0,8.000085600032,2002/01/00,0,0.34,TOTAL,1.8427,0.11004,microSv/hr,ICRP Pub. 103 EFFECTIVE DOSE,-0.9396926207859083,0.3420201433256688,0.6427876096865393,0.766044443118978,-1.062489299996,1.0447543047654284,-70.00000_40.00000,1.0434912,1.8391118,-0.0012630224,-0.0035880804
L0000.ANS,-70.0,50.0,8.000085600032,2002/01/00,0,0.22,TOTAL,1.8427,0.11004,microSv/hr,ICRP Pub. 103 EFFECTIVE DOSE,-0.9396926207859083,0.3420201433256688,0.766044443118978,0.6427876096865394,-1.062489299996,1.0447543047654284,-70.00000_50.00000,1.0469779,1.849028,0.0022236109,0.006328106
L0000.ANS,-70.0,60.0,8.000085600032,2002/01/00,0,0.13,TOTAL,1.8427,0.11004,microSv/hr,ICRP Pub. 103 EFFECTIVE DOSE,-0.9396926207859083,0.3420201433256688,0.8660254037844386,0.5000000000000001,-1.062489299996,1.0447543047654284,-70.00000_60.00000,1.0480644,1.852125,0.0033100843,0.009425163
L0000.ANS,-70.0,70.0,8.000085600032,2002/01/00,0,0.06,TOTAL,1.8427,0.11004,microSv/hr,ICRP Pub. 103 EFFECTIVE DOSE,-0.9396926207859083,0.3420201433256688,0.9396926207859083,0.3420201433256688,-1.062489299996,1.0447543047654284,-70.00000_70.00000,1.044233,1.8412184,-0.0005213022,-0.001481533
L0000.ANS,-70.0,80.0,8.000085600032,2002/01/00,0,0.02,TOTAL,1.8427,0.11004,microSv/hr,ICRP Pub. 103 EFFECTIVE DOSE,-0.9396926207859083,0.3420201433256688,0.984807753012208,0.17364817766693041,-1.062489299996,1.0447543047654284,-70.00000_80.00000,1.0454335,1.8446314,0.00067925453,0.0019315481
L0000.ANS,-70.0,90.0,8.000085600032,2002/01/00,0,0.0,TOTAL,1.8427,0.11004,microSv/hr,ICRP Pub. 103 EFFECTIVE DOSE,-0.9396926207859083,0.3420201433256688,1.0,6.123233995736766e-17,-1.062489299996,1.0447543047654284,-70.00000_90.00000,1.0453714,1.8444548,0.0006171465,0.00175488
L0000.ANS,-70.0,100.0,8.000085600032,2002/01/00,0,0.0,TOTAL,1.8427,0.11004,microSv/hr,ICRP Pub. 103 EFFECTIVE DOSE,-0.9396926207859083,0.3420201433256688,0.984807753012208,-0.1736481776669303,-1.062489299996,1.0447543047654284,-70.00000_100.00000,1.0434631,1.8390319,-0.0012911558,-0.0036679506
L0000.ANS,-70.0,110.0,8.000085600032,2002/01/00,0,0.0,TOTAL,1.8427,0.11004,microSv/hr,ICRP Pub. 103 EFFECTIVE DOSE,-0.9396926207859083,0.3420201433256688,0.9396926207859084,-0.3420201433256687,-1.062489299996,1.0447543047654284,-70.00000_110.00000,1.0474452,1.8503597,0.0026909113,0.007659793
L0000.ANS,-70.0,120.0,8.000085600032,2002/01/00,0,0.0,TOTAL,1.8427,0.11004,microSv/hr,ICRP Pub. 103 EFFECTIVE DOSE,-0.9396926207859083,0.3420201433256688,0.8660254037844387,-0.4999999999999998,-1.062489299996,1.0447543047654284,-70.00000_120.00000,1.0449411,1.843231,0.00018680096,0.0005310774
L0000.ANS,-70.0,130.0,8.000085600032,2002/01/00,0,0.0,TOTAL,1.8427,0.11004,microSv/hr,ICRP Pub. 103 EFFECTIVE DOSE,-0.9396926207859083,0.3420201433256688,0.766044443118978,-0.6427876096865394,-1.062489299996,1.0447543047654284,-70.00000_130.00000,1.0484765,1.8533007,0.0037221909,0.010600805
L0000.ANS,-70.0,140.0,8.000085600032,2002/01/00,0,0.0,TOTAL,1.8427,0.11004,microSv/hr,ICRP Pub. 103 EFFECTIVE DOSE,-0.9396926207859083,0.3420201433256688,0.6427876096865395,-0.7660444431189779,-1.062489299996,1.0447543047654284,-70.00000_140.00000,1.0455991,1.8451025,0.00084483624,0.0024026632
L0000.ANS,-70.0,150.0,8.000085600032,2002/01/00,0,0.0,TOTAL,1.8427,0.11004,microSv/hr,ICRP Pub. 103 EFFECTIVE DOSE,-0.9396926207859083,0.3420201433256688,0.49999999999999994,-0.8660254037844387,-1.062489299996,1.0447543047654284,-70.00000_150.00000,1.0489292,1.8545928,0.0041749477,0.011892915
L0000.ANS,-70.0,160.0,8.000085600032,2002/01/00,0,0.0,TOTAL,1.8427,0.11004,microSv/hr,ICRP Pub. 103 EFFECTIVE DOSE,-0.9396926207859083,0.3420201433256688,0.3420201433256689,-0.9396926207859083,-1.062489299996,1.0447543047654284,-70.00000_160.00000,1.047099,1.8493731,0.0023447275,0.006673217
L0000.ANS,-70.0,170.0,8.000085600032,2002/01/00,0,0.03,TOTAL,1.8427,0.11004,microSv/hr,ICRP Pub. 103 EFFECTIVE DOSE,-0.9396926207859083,0.3420201433256688,0.17364817766693028,-0.984807753012208,-1.062489299996,1.0447543047654284,-70.00000_170.00000,1.0454453,1.844665,0.00069105625,0.0019651651
L0000.ANS,-65.0,-179.99999,8.000085600032,2002/01/00,0,0.22,TOTAL,1.8427,0.11004,microSv/hr,ICRP Pub. 103 EFFECTIVE DOSE,-0.9063077870366499,0.42261826174069944,-1.745329251238221e-07,-0.9999999999999848,-1.062489299996,1.0447543047654284,-65.00000_-179.99999,1.0432703,1.8384846,-0.0014839172,-0.0042152405
L0000.ANS,-65.0,-170.0,8.000085600032,2002/01/00,0,0.34,TOTAL,1.8427,0.11004,microSv/hr,ICRP Pub. 103 EFFECTIVE DOSE,-0.9063077870366499,0.42261826174069944,-0.17364817766693028,-0.984807753012208,-1.062489299996,1.0447543047654284,-65.00000_-170.00000,1.0457611,1.8455635,0.0010068417,0.0028636456
L0000.ANS,-65.0,-160.0,8.000085600032,2002/01/00,0,0.5,TOTAL,1.8427,0.11004,microSv/hr,ICRP Pub. 103 EFFECTIVE DOSE,-0.9063077870366499,0.42261826174069944,-0.3420201433256689,-0.9396926207859083,-1.062489299996,1.0447543047654284,-65.00000_-160.00000,1.0462132,1.8468502,0.0014588833,0.0041502714
L0000.ANS,-65.0,-150.0,8.000085600032,2002/01/00,0,0.71,TOTAL,1.8427,0.11004,microSv/hr,ICRP Pub. 103 EFFECTIVE DOSE,-0.9063077870366499,0.42261826174069944,-0.49999999999999994,-0.8660254037844387,-1.062489299996,1.0447543047654284,-65.00000_-150.00000,1.0431153,1.8380445,-0.0016390085,-0.004655361
L0000.ANS,-65.0,-140.0,8.000085600032,2002/01/00,0,0.92,TOTAL,1.8425,0.11004,microSv/hr,ICRP Pub. 103 EFFECTIVE DOSE,-0.9063077870366499,0.42261826174069944,-0.6427876096865395,-0.7660444431189779,-1.062489299996,1.0446839466425542,-65.00000_-140.00000,1.0442075,1.8411459,-0.00047647953,-0.0013540983
L0000.ANS,-65.0,-130.0,8.000085600032,2002/01/00,0,1.13,TOTAL,1.8413,0.11004,microSv/hr,ICRP Pub. 103 EFFECTIVE DOSE,-0.9063077870366499,0.42261826174069944,-0.766044443118978,-0.6427876096865394,-1.062489299996,1.0442616939180283,-65.00000_-130.00000,1.0467732,1.8484449,0.0025115013,0.007144928
L0000.ANS,-65.0,-120.0,8.000085600032,2002/01/00,0,1.5,TOTAL,1.8364,0.11002,microSv/hr,ICRP Pub. 103 EFFECTIVE DOSE,-0.9063077870366499,0.42261826174069944,-0.8660254037844387,-0.4999999999999998,-1.062489299996,1.0425356424477046,-65.00000_-120.00000,1.0491954,1.8553528,0.006659746,0.018952727
L0000.ANS,-65.0,-110.0,8.000085600032,2002/01/00,0,1.79,TOTAL,1.8251,0.10995,microSv/hr,ICRP Pub. 103 EFFECTIVE DOSE,-0.9063077870366499,0.42261826174069944,-0.9396926207859084,-0.3420201433256687,-1.062489299996,1.0385437622019902,-65.00000_-110.00000,1.0339084,1.8120348,-0.004635453,-0.013065338
L0000.ANS,-65.0,-100.0,8.000085600032,2002/01/00,0,2.02,TOTAL,1.8104,0.10974,microSv/hr,ICRP Pub. 103 EFFECTIVE DOSE,-0.9063077870366499,0.42261826174069944,-0.984807753012208,-0.1736481776669303,-1.062489299996,1.0333268219694802,-65.00000_-100.00000,1.0300813,1.8012935,-0.0032455921,-0.009106636
L0000.ANS,-65.0,-90.0,8.000085600032,2002/01/00,0,2.31,TOTAL,1.788,0.10936,microSv/hr,ICRP Pub. 103 EFFECTIVE DOSE,-0.9063077870366499,0.42261826174069944,-1.0,6.123233995736766e-17,-1.062489299996,1.0253244928982774,-65.00000_-90.00000,1.0243531,1.7852932,-0.0009713173,-0.002706647
L0000.ANS,-65.0,-80.0,8.000085600032,2002/01/00,0,2.4,TOTAL,1.7798,0.10928,microSv/hr,ICRP Pub. 103 EFFECTIVE DOSE,-0.9063077870366499,0.42261826174069944,-0.984807753012208,0.17364817766693041,-1.062489299996,1.0223789826685206,-65.00000_-80.00000,1.0231469,1.7819355,0.00076782703,0.0021352768
L0000.ANS,-65.0,-70.0,8.000085600032,2002/01/00,0,2.42,TOTAL,1.7785,0.10923,microSv/hr,ICRP Pub. 103 EFFECTIVE DOSE,-0.9063077870366499,0.42261826174069944,-0.9396926207859083,0.3420201433256688,-1.062489299996,1.0219112137378388,-65.00000_-70.00000,1.0232307,1.7821685,0.0013194084,0.0036684275
L0000.ANS,-65.0,-60.0,8.000085600032,2002/01/00,0,2.36,TOTAL,1.7838,0.10932,microSv/hr,ICRP Pub. 103 EFFECTIVE DOSE,-0.9063077870366499,0.42261826174069944,-0.8660254037844386,0.5000000000000001,-1.062489299996,1.023816900811163,-65.00000_-60.00000,1.0292355,1.7989252,0.005418539,0.015125036
L0000.ANS,-65.0,-50.0,8.000085600032,2002/01/00,0,2.16,TOTAL,1.8,0.10964,microSv/hr,ICRP Pub. 103 EFFECTIVE DOSE,-0.9063077870366499,0.42261826174069944,-0.766044443118978,0.6427876096865394,-1.062489299996,1.0296194171811583,-65.00000_-50.00000,1.0331466,1.8098936,0.0035271645,0.009893537
L0000.ANS,-65.0,-40.0,8.000085600032,2002/01/00,0,1.98,TOTAL,1.8135,0.10981,microSv/hr,ICRP Pub. 103 EFFECTIVE DOSE,-0.9063077870366499,0.42261826174069944,-0.6427876096865393,0.766044443118978,-1.062489299996,1.0344292598911966,-65.00000_-40.00000,1.0373977,1.8218642,0.0029684305,0.008364081
L0000.ANS,-65.0,-30.0,8.000085600032,2002/01/00,0,1.74,TOTAL,1.8273,0.10996,microSv/hr,ICRP Pub. 103 EFFECTIVE DOSE,-0.9063077870366499,0.42261826174069944,-0.49999999999999994,0.8660254037844387,-1.062489299996,1.0393221926425433,-65.00000_-30.00000,1.0425735,1.8365072,0.0032513142,0.009207368
L0000.ANS,-65.0,-20.0,8.000085600032,2002/01/00,0,1.51,TOTAL,1.8359,0.11002,microSv/hr,ICRP Pub. 103 EFFECTIVE DOSE,-0.9063077870366499,0.42261826174069944,-0.3420201433256687,0.9396926207859084,-1.062489299996,1.0423593471173112,-65.00000_-20.00000,1.0430118,1.8377509,0.00065243244,0.0018508434
L0000.ANS,-65.0,-10.0,8.000085600032,2002/01/00,0,1.32,TOTAL,1.8402,0.11004,microSv/hr,ICRP Pub. 103 EFFECTIVE DOSE,-0.9063077870366499,0.42261826174069944,-0.17364817766693033,0.984807753012208,-1.062489299996,1.0438744722287756,-65.00000_-10.00000,1.0470725,1.8492976,0.0031980276,0.009097576
L0000.ANS,-65.0,0.0,8.000085600032,2002/01/00,0,1.12,TOTAL,1.8414,0.11004,microSv/hr,ICRP Pub. 103 EFFECTIVE DOSE,-0.9063077870366499,0.42261826174069944,0.0,1.0,-1.062489299996,1.0442968884558397,-65.00000_0.00000,1.045084,1.8436373,0.00078713894,0.0022374392
L0000.ANS,-65.0,10.0,8.000085600032,2002/01/00,0,0.99,TOTAL,1.8423,0.11004,microSv/hr,ICRP Pub. 103 EFFECTIVE DOSE,-0.9063077870366499,0.42261826174069944,0.17364817766693033,0.984807753012208,-1.062489299996,1.044613583569066,-65.00000_10.00000,1.046175,1.8467414,0.0015614033,0.0044413805
L0000.ANS,-65.0,20.0,8.000085600032,2002/01/00,0,0.82,TOTAL,1.8426,0.11004,microSv/hr,ICRP Pub. 103 EFFECTIVE DOSE,-0.9063077870366499,0.42261826174069944,0.3420201433256687,0.9396926207859084,-1.062489299996,1.0447191263227744,-65.00000_20.00000,1.0499947,1.857636,0.005275607,0.015036106
L0000.ANS,-65.0,30.0,8.000085600032,2002/01/00,0,0.67,TOTAL,1.8427,0.11004,microSv/hr,ICRP Pub. 103 EFFECTIVE DOSE,-0.9063077870366499,0.42261826174069944,0.49999999999999994,0.8660254037844387,-1.062489299996,1.0447543047654284,-65.00000_30.00000,1.0521181,1.8637102,0.0073637962,0.02101028
L0000.ANS,-65.0,40.0,8.000085600032,2002/01/00,0,0.51,TOTAL,1.8427,0.11004,microSv/hr,ICRP Pub. 103 EFFECTIVE DOSE,-0.9063077870366499,0.42261826174069944,0.6427876096865393,0.766044443118978,-1.062489299996,1.0447543047654284,-65.00000_40.00000,1.0481884,1.852479,0.0034341812,0.009779096
L0000.ANS,-65.0,50.0,8.000085600032,2002/01/00,0,0.39,TOTAL,1.8427,0.11004,microSv/hr,ICRP Pub. 103 EFFECTIVE DOSE,-0.9063077870366499,0.42261826174069944,0.766044443118978,0.6427876096865394,-1.062489299996,1.0447543047654284,-65.00000_50.00000,1.0483847,1.8530388,0.0036303997,0.0103389025
L0000.ANS,-65.0,60.0,8.000085600032,2002/01/00,0,0.28,TOTAL,1.8427,0.11004,microSv/hr,ICRP Pub. 103 EFFECTIVE DOSE,-0.9063077870366499,0.42261826174069944,0.8660254037844386,0.5000000000000001,-1.062489299996,1.0447543047654284,-65.00000_60.00000,1.0465413,1.8477845,0.0017870665,0.005084634
L0000.ANS,-65.0,70.0,8.000085600032,2002/01/00,0,0.18,TOTAL,1.8427,0.11004,microSv/hr,ICRP Pub. 103 EFFECTIVE DOSE,-0.9063077870366499,0.42261826174069944,0.9396926207859083,0.3420201433256688,-1.062489299996,1.0447543047654284,-65.00000_70.00000,1.0441037,1.8408512,-0.0006505251,-0.0018486977
L0000.ANS,-65.0,80.0,8.000085600032,2002/01/00,0,0.06,TOTAL,1.8427,0.11004,microSv/hr,ICRP Pub. 103 EFFECTIVE DOSE,-0.9063077870366499,0.42261826174069944,0.984807753012208,0.17364817766693041,-1.062489299996,1.0447543047654284,-65.00000_80.00000,1.0420226,1.8349452,-0.0027316809,-0.0077546835
L0000.ANS,-65.0,90.0,8.000085600032,2002/01/00,0,0.03,TOTAL,1.8427,0.11004,microSv/hr,ICRP Pub. 103 EFFECTIVE DOSE,-0.9063077870366499,0.42261826174069944,1.0,6.123233995736766e-17,-1.062489299996,1.0447543047654284,-65.00000_90.00000,1.0399964,1.8292068,-0.004757881,-0.013493061
L0000.ANS,-65.0,100.0,8.000085600032,2002/01/00,0,0.0,TOTAL,1.8427,0.11004,microSv/hr,ICRP Pub. 103 EFFECTIVE DOSE,-0.9063077870366499,0.42261826174069944,0.984807753012208,-0.1736481776669303,-1.062489299996,1.0447543047654284,-65.00000_100.00000,1.0428603,1.8373209,-0.0018939972,-0.0053789616
L0000.ANS,-65.0,110.0,8.000085600032,2002/01/00,0,0.0,TOTAL,1.8427,0.11004,microSv/hr,ICRP Pub. 103 EFFECTIVE DOSE,-0.9063077870366499,0.42261826174069944,0.9396926207859084,-0.3420201433256687,-1.062489299996,1.0447543047654284,-65.00000_110.00000,1.0459772,1.8461785,0.0012229681,0.0034786463
L0000.ANS,-65.0,120.0,8.000085600032,2002/01/00,0,0.0,TOTAL,1.8427,0.11004,microSv/hr,ICRP Pub. 103 EFFECTIVE DOSE,-0.9063077870366499,0.42261826174069944,0.8660254037844387,-0.4999999999999998,-1.062489299996,1.0447543047654284,-65.00000_120.00000,1.043514,1.8391764,-0.0012402534,-0.003523469
L0000.ANS,-65.0,130.0,8.000085600032,2002/01/00,0,0.0,TOTAL,1.8427,0.11004,microSv/hr,ICRP Pub. 103 EFFECTIVE DOSE,-0.9063077870366499,0.42261826174069944,0.766044443118978,-0.6427876096865394,-1.062489299996,1.0447543047654284,-65.00000_130.00000,1.0488089,1.8542495,0.0040546656,0.011549592
L0000.ANS,-65.0,140.0,8.000085600032,2002/01/00,0,0.0,TOTAL,1.8427,0.11004,microSv/hr,ICRP Pub. 103 EFFECTIVE DOSE,-0.9063077870366499,0.42261826174069944,0.6427876096865395,-0.7660444431189779,-1.062489299996,1.0447543047654284,-65.00000_140.00000,1.0464567,1.8475435,0.0017024279,0.0048435926
L0000.ANS,-65.0,150.0,8.000085600032,2002/01/00,0,0.02,TOTAL,1.8427,0.11004,microSv/hr,ICRP Pub. 103 EFFECTIVE DOSE,-0.9063077870366499,0.42261826174069944,0.49999999999999994,-0.8660254037844387,-1.062489299996,1.0447543047654284,-65.00000_150.00000,1.049574,1.8564341,0.004819751,0.013734221
L0000.ANS,-65.0,160.0,8.000085600032,2002/01/00,0,0.04,TOTAL,1.8427,0.11004,microSv/hr,ICRP Pub. 103 EFFECTIVE DOSE,-0.9063077870366499,0.42261826174069944,0.3420201433256689,-0.9396926207859083,-1.062489299996,1.0447543047654284,-65.00000_160.00000,1.0473129,1.8499825,0.002558589,0.0072826147
L0000.ANS,-65.0,170.0,8.000085600032,2002/01/00,0,0.09,TOTAL,1.8427,0.11004,microSv/hr,ICRP Pub. 103 EFFECTIVE DOSE,-0.9063077870366499,0.42261826174069944,0.17364817766693028,-0.984807753012208,-1.062489299996,1.0447543047654284,-65.00000_170.00000,1.0389565,1.8262663,-0.005797744,-0.016433597
L0000.ANS,-60.0,-179.99999,8.000085600032,2002/01/00,0,0.47,TOTAL,1.8427,0.11004,microSv/hr,ICRP Pub. 103 EFFECTIVE DOSE,-0.8660254037844386,0.5000000000000001,-1.745329251238221e-07,-0.9999999999999848,-1.062489299996,1.0447543047654284,-60.00000_-179.99999,1.0457656,1.8455764,0.0010113716,0.0028765202
L0000.ANS,-60.0,-170.0,8.000085600032,2002/01/00,0,0.66,TOTAL,1.8427,0.11004,microSv/hr,ICRP Pub. 103 EFFECTIVE DOSE,-0.8660254037844386,0.5000000000000001,-0.17364817766693028,-0.984807753012208,-1.062489299996,1.0447543047654284,-60.00000_-170.00000,1.0482565,1.8526732,0.0035022497,0.009973288
L0000.ANS,-60.0,-160.0,8.000085600032,2002/01/00,0,0.89,TOTAL,1.8426,0.11004,microSv/hr,ICRP Pub. 103 EFFECTIVE DOSE,-0.8660254037844386,0.5000000000000001,-0.3420201433256689,-0.9396926207859083,-1.062489299996,1.0447191263227744,-60.00000_-160.00000,1.0450077,1.8434204,0.0002886057,0.00082051754
L0000.ANS,-60.0,-150.0,8.000085600032,2002/01/00,0,1.18,TOTAL,1.8411,0.11004,microSv/hr,ICRP Pub. 103 EFFECTIVE DOSE,-0.8660254037844386,0.5000000000000001,-0.49999999999999994,-0.8660254037844387,-1.062489299996,1.0441913011262212,-60.00000_-150.00000,1.0377312,1.8228053,-0.00646019,-0.01829493
L0000.ANS,-60.0,-140.0,8.000085600032,2002/01/00,0,1.53,TOTAL,1.8354,0.11002,microSv/hr,ICRP Pub. 103 EFFECTIVE DOSE,-0.8660254037844386,0.5000000000000001,-0.6427876096865395,-0.7660444431189779,-1.062489299996,1.042183020701394,-60.00000_-140.00000,1.0378345,1.823097,-0.0043485165,-0.012303114
L0000.ANS,-60.0,-130.0,8.000085600032,2002/01/00,0,1.9,TOTAL,1.8185,0.10986,microSv/hr,ICRP Pub. 103 EFFECTIVE DOSE,-0.8660254037844386,0.5000000000000001,-0.766044443118978,-0.6427876096865394,-1.062489299996,1.0362048285394927,-60.00000_-130.00000,1.0337434,1.8115709,-0.0024614334,-0.00692904
L0000.ANS,-60.0,-120.0,8.000085600032,2002/01/00,0,2.26,TOTAL,1.792,0.10943,microSv/hr,ICRP Pub. 103 EFFECTIVE DOSE,-0.8660254037844386,0.5000000000000001,-0.8660254037844387,-0.4999999999999998,-1.062489299996,1.026758184900126,-60.00000_-120.00000,1.0277195,1.7946852,0.0009613037,0.0026851892
L0000.ANS,-60.0,-110.0,8.000085600032,2002/01/00,0,2.68,TOTAL,1.7543,0.10865,microSv/hr,ICRP Pub. 103 EFFECTIVE DOSE,-0.8660254037844386,0.5000000000000001,-0.9396926207859084,-0.3420201433256687,-1.062489299996,1.013163326835627,-60.00000_-110.00000,1.0110234,1.7484124,-0.002139926,-0.0058876276
L0000.ANS,-60.0,-100.0,8.000085600032,2002/01/00,0,3.05,TOTAL,1.7174,0.1075,microSv/hr,ICRP Pub. 103 EFFECTIVE DOSE,-0.8660254037844386,0.5000000000000001,-0.984807753012208,-0.1736481776669303,-1.062489299996,0.9996755408080862,-60.00000_-100.00000,0.9975713,1.7116879,-0.0021042228,-0.005711913
L0000.ANS,-60.0,-90.0,8.000085600032,2002/01/00,0,3.53,TOTAL,1.6656,0.10571,microSv/hr,ICRP Pub. 103 EFFECTIVE DOSE,-0.8660254037844386,0.5000000000000001,-1.0,6.123233995736766e-17,-1.062489299996,0.9804291729903865,-60.00000_-90.00000,0.99433947,1.7029383,0.013910294,0.037338257
L0000.ANS,-60.0,-80.0,8.000085600032,2002/01/00,0,3.67,TOTAL,1.6493,0.10548,microSv/hr,ICRP Pub. 103 EFFECTIVE DOSE,-0.8660254037844386,0.5000000000000001,-0.984807753012208,0.17364817766693041,-1.062489299996,0.9742954541607292,-60.00000_-80.00000,0.99066067,1.6930131,0.01636523,0.043713093
L0000.ANS,-60.0,-70.0,8.000085600032,2002/01/00,0,3.6,TOTAL,1.6574,0.10555,microSv/hr,ICRP Pub. 103 EFFECTIVE DOSE,-0.8660254037844386,0.5000000000000001,-0.9396926207859083,0.3420201433256688,-1.062489299996,0.9773482011750705,-60.00000_-70.00000,0.9856832,1.679642,0.008334994,0.02224195
L0000.ANS,-60.0,-60.0,8.000085600032,2002/01/00,0,3.38,TOTAL,1.6818,0.10634,microSv/hr,ICRP Pub. 103 EFFECTIVE DOSE,-0.8660254037844386,0.5000000000000001,-0.8660254037844386,0.5000000000000001,-1.062489299996,0.9864882108634047,-60.00000_-60.00000,0.99109447,1.6941816,0.004606247,0.012381554
L0000.ANS,-60.0,-50.0,8.000085600032,2002/01/00,0,3.14,TOTAL,1.7082,0.10718,microSv/hr,ICRP Pub. 103 EFFECTIVE DOSE,-0.8660254037844386,0.5000000000000001,-0.766044443118978,0.6427876096865394,-1.062489299996,0.9962842075665865,-60.00000_-50.00000,1.0032543,1.7271423,0.0069701076,0.018942356
L0000.ANS,-60.0,-40.0,8.000085600032,2002/01/00,0,2.73,TOTAL,1.7504,0.10848,microSv/hr,ICRP Pub. 103 EFFECTIVE DOSE,-0.8660254037844386,0.5000000000000001,-0.6427876096865393,0.766044443118978,-1.062489299996,1.0117463556464477,-60.00000_-40.00000,1.0204252,1.7743742,0.008678794,0.02397418
L0000.ANS,-60.0,-30.0,8.000085600032,2002/01/00,0,2.34,TOTAL,1.7852,0.10933,microSv/hr,ICRP Pub. 103 EFFECTIVE DOSE,-0.8660254037844386,0.5000000000000001,-0.49999999999999994,0.8660254037844387,-1.062489299996,1.0243196840862545,-60.00000_-30.00000,1.0317138,1.8058705,0.0073941946,0.020670652
L0000.ANS,-60.0,-20.0,8.000085600032,2002/01/00,0,2.0,TOTAL,1.8118,0.10977,microSv/hr,ICRP Pub. 103 EFFECTIVE DOSE,-0.8660254037844386,0.5000000000000001,-0.3420201433256687,0.9396926207859084,-1.062489299996,1.03382484766367,-60.00000_-20.00000,1.0337691,1.8116434,-5.567074e-05,-0.0001565218
L0000.ANS,-60.0,-10.0,8.000085600032,2002/01/00,0,1.76,TOTAL,1.8262,0.10996,microSv/hr,ICRP Pub. 103 EFFECTIVE DOSE,-0.8660254037844386,0.5000000000000001,-0.17364817766693033,0.984807753012208,-1.062489299996,1.0389330531665086,-60.00000_-10.00000,1.0378296,1.8230833,-0.0011034012,-0.0031167269
L0000.ANS,-60.0,0.0,8.000085600032,2002/01/00,0,1.51,TOTAL,1.8361,0.11002,microSv/hr,ICRP Pub. 103 EFFECTIVE DOSE,-0.8660254037844386,0.5000000000000001,0.0,1.0,-1.062489299996,1.0424298689791176,-60.00000_0.00000,1.0408381,1.8315892,-0.0015918016,-0.0045108795
L0000.ANS,-60.0,10.0,8.000085600032,2002/01/00,0,1.31,TOTAL,1.8402,0.11004,microSv/hr,ICRP Pub. 103 EFFECTIVE DOSE,-0.8660254037844386,0.5000000000000001,0.17364817766693033,0.984807753012208,-1.062489299996,1.0438744722287756,-60.00000_10.00000,1.0423928,1.835995,-0.0014816523,-0.0042051077
L0000.ANS,-60.0,20.0,8.000085600032,2002/01/00,0,1.14,TOTAL,1.8413,0.11004,microSv/hr,ICRP Pub. 103 EFFECTIVE DOSE,-0.8660254037844386,0.5000000000000001,0.3420201433256687,0.9396926207859084,-1.062489299996,1.0442616939180283,-60.00000_20.00000,1.0501051,1.8579514,0.005843401,0.016651392
L0000.ANS,-60.0,30.0,8.000085600032,2002/01/00,0,1.01,TOTAL,1.8422,0.11004,microSv/hr,ICRP Pub. 103 EFFECTIVE DOSE,-0.8660254037844386,0.5000000000000001,0.49999999999999994,0.8660254037844387,-1.062489299996,1.0445784001756242,-60.00000_30.00000,1.0521514,1.8638058,0.0075730085,0.02160573
L0000.ANS,-60.0,40.0,8.000085600032,2002/01/00,0,0.81,TOTAL,1.8427,0.11004,microSv/hr,ICRP Pub. 103 EFFECTIVE DOSE,-0.8660254037844386,0.5000000000000001,0.6427876096865393,0.766044443118978,-1.062489299996,1.0447543047654284,-60.00000_40.00000,1.0485845,1.8536088,0.0038301945,0.010908961
L0000.ANS,-60.0,50.0,8.000085600032,2002/01/00,0,0.64,TOTAL,1.8427,0.11004,microSv/hr,ICRP Pub. 103 EFFECTIVE DOSE,-0.8660254037844386,0.5000000000000001,0.766044443118978,0.6427876096865394,-1.062489299996,1.0447543047654284,-60.00000_50.00000,1.0444093,1.8417194,-0.00034499168,-0.0009804964
L0000.ANS,-60.0,60.0,8.000085600032,2002/01/00,0,0.49,TOTAL,1.8427,0.11004,microSv/hr,ICRP Pub. 103 EFFECTIVE DOSE,-0.8660254037844386,0.5000000000000001,0.8660254037844386,0.5000000000000001,-1.062489299996,1.0447543047654284,-60.00000_60.00000,1.0472113,1.8496931,0.0024570227,0.0069931746
L0000.ANS,-60.0,70.0,8.000085600032,2002/01/00,0,0.34,TOTAL,1.8427,0.11004,microSv/hr,ICRP Pub. 103 EFFECTIVE DOSE,-0.8660254037844386,0.5000000000000001,0.9396926207859083,0.3420201433256688,-1.062489299996,1.0447543047654284,-60.00000_70.00000,1.0478892,1.8516257,0.003134966,0.008925796
L0000.ANS,-60.0,80.0,8.000085600032,2002/01/00,0,0.21,TOTAL,1.8427,0.11004,microSv/hr,ICRP Pub. 103 EFFECTIVE DOSE,-0.8660254037844386,0.5000000000000001,0.984807753012208,0.17364817766693041,-1.062489299996,1.0447543047654284,-60.00000_80.00000,1.0389938,1.8263718,-0.0057604313,-0.016328096
L0000.ANS,-60.0,90.0,8.000085600032,2002/01/00,0,0.1,TOTAL,1.8427,0.11004,microSv/hr,ICRP Pub. 103 EFFECTIVE DOSE,-0.8660254037844386,0.5000000000000001,1.0,6.123233995736766e-17,-1.062489299996,1.0447543047654284,-60.00000_90.00000,1.0409068,1.8317837,-0.0038474798,-0.010916233
L0000.ANS,-60.0,100.0,8.000085600032,2002/01/00,0,0.06,TOTAL,1.8427,0.11004,microSv/hr,ICRP Pub. 103 EFFECTIVE DOSE,-0.8660254037844386,0.5000000000000001,0.984807753012208,-0.1736481776669303,-1.062489299996,1.0447543047654284,-60.00000_100.00000,1.0432118,1.8383186,-0.001542449,-0.004381299
L0000.ANS,-60.0,110.0,8.000085600032,2002/01/00,0,0.03,TOTAL,1.8427,0.11004,microSv/hr,ICRP Pub. 103 EFFECTIVE DOSE,-0.8660254037844386,0.5000000000000001,0.9396926207859084,-0.3420201433256687,-1.062489299996,1.0447543047654284,-60.00000_110.00000,1.0418184,1.8343663,-0.0029358864,-0.008333564
L0000.ANS,-60.0,120.0,8.000085600032,2002/01/00,0,0.03,TOTAL,1.8427,0.11004,microSv/hr,ICRP Pub. 103 EFFECTIVE DOSE,-0.8660254037844386,0.5000000000000001,0.8660254037844387,-0.4999999999999998,-1.062489299996,1.0447543047654284,-60.00000_120.00000,1.0400666,1.8294054,-0.004687667,-0.013294458
L0000.ANS,-60.0,130.0,8.000085600032,2002/01/00,0,0.03,TOTAL,1.8427,0.11004,microSv/hr,ICRP Pub. 103 EFFECTIVE DOSE,-0.8660254037844386,0.5000000000000001,0.766044443118978,-0.6427876096865394,-1.062489299996,1.0447543047654284,-60.00000_130.00000,1.0485591,1.8535364,0.003804803,0.010836482
L0000.ANS,-60.0,140.0,8.000085600032,2002/01/00,0,0.07,TOTAL,1.8427,0.11004,microSv/hr,ICRP Pub. 103 EFFECTIVE DOSE,-0.8660254037844386,0.5000000000000001,0.6427876096865395,-0.7660444431189779,-1.062489299996,1.0447543047654284,-60.00000_140.00000,1.0490652,1.8549812,0.0043109655,0.012281299
L0000.ANS,-60.0,150.0,8.000085600032,2002/01/00,0,0.13,TOTAL,1.8427,0.11004,microSv/hr,ICRP Pub. 103 EFFECTIVE DOSE,-0.8660254037844386,0.5000000000000001,0.49999999999999994,-0.8660254037844387,-1.062489299996,1.0447543047654284,-60.00000_150.00000,1.0459899,1.8462145,0.0012356043,0.0035146475
L0000.ANS,-60.0,160.0,8.000085600032,2002/01/00,0,0.21,TOTAL,1.8427,0.11004,microSv/hr,ICRP Pub. 103 EFFECTIVE DOSE,-0.8660254037844386,0.5000000000000001,0.3420201433256689,-0.9396926207859083,-1.062489299996,1.0447543047654284,-60.00000_160.00000,1.043428,1.838932,-0.0013263226,-0.003767848
L0000.ANS,-60.0,170.0,8.000085600032,2002/01/00,0,0.3,TOTAL,1.8427,0.11004,microSv/hr,ICRP Pub. 103 EFFECTIVE DOSE,-0.8660254037844386,0.5000000000000001,0.17364817766693028,-0.984807753012208,-1.062489299996,1.0447543047654284,-60.00000_170.00000,1.0379572,1.8234434,-0.0067970753,-0.019256473
L0000.ANS,-55.0,-179.99999,8.000085600032,2002/01/00,0,0.93,TOTAL,1.8425,0.11004,microSv/hr,ICRP Pub. 103 EFFECTIVE DOSE,-0.8191520442889918,0.5735764363510462,-1.745329251238221e-07,-0.9999999999999848,-1.062489299996,1.0446839466425542,-55.00000_-179.99999,1.0435388,1.8392467,-0.0011451244,-0.0032532215
L0000.ANS,-55.0,-170.0,8.000085600032,2002/01/00,0,1.17,TOTAL,1.8411,0.11004,microSv/hr,ICRP Pub. 103 EFFECTIVE DOSE,-0.8191520442889918,0.5735764363510462,-0.17364817766693028,-0.984807753012208,-1.062489299996,1.0441913011262212,-55.00000_-170.00000,1.0460296,1.8463275,0.0018382072,0.0052273273
L0000.ANS,-55.0,-160.0,8.000085600032,2002/01/00,0,1.52,TOTAL,1.8356,0.11002,microSv/hr,ICRP Pub. 103 EFFECTIVE DOSE,-0.8191520442889918,0.5735764363510462,-0.3420201433256689,-0.9396926207859083,-1.062489299996,1.0422535549987253,-55.00000_-160.00000,1.0394713,1.8277215,-0.0027823448,-0.007878661
L0000.ANS,-55.0,-150.0,8.000085600032,2002/01/00,0,1.93,TOTAL,1.8166,0.10985,microSv/hr,ICRP Pub. 103 EFFECTIVE DOSE,-0.8191520442889918,0.5735764363510462,-0.49999999999999994,-0.8660254037844387,-1.062489299996,1.035530483781813,-55.00000_-150.00000,1.0299964,1.8010557,-0.005534053,-0.015544176
L0000.ANS,-55.0,-140.0,8.000085600032,2002/01/00,0,2.27,TOTAL,1.7914,0.10941,microSv/hr,ICRP Pub. 103 EFFECTIVE DOSE,-0.8191520442889918,0.5735764363510462,-0.6427876096865395,-0.7660444431189779,-1.062489299996,1.0265432620924069,-55.00000_-140.00000,1.0184529,1.7689075,-0.008090377,-0.022492409
L0000.ANS,-55.0,-130.0,8.000085600032,2002/01/00,0,2.74,TOTAL,1.7493,0.10844,microSv/hr,ICRP Pub. 103 EFFECTIVE DOSE,-0.8191520442889918,0.5735764363510462,-0.766044443118978,-0.6427876096865394,-1.062489299996,1.0113463338217417,-55.00000_-130.00000,1.0027261,1.7257022,-0.008620262,-0.023597836
L0000.ANS,-55.0,-120.0,8.000085600032,2002/01/00,0,3.3,TOTAL,1.6912,0.10689,microSv/hr,ICRP Pub. 103 EFFECTIVE DOSE,-0.8191520442889918,0.5735764363510462,-0.8660254037844387,-0.4999999999999998,-1.062489299996,0.9899871907964919,-55.00000_-120.00000,0.9879206,1.6856441,-0.0020666122,-0.005555868
L0000.ANS,-55.0,-110.0,8.000085600032,2002/01/00,0,3.86,TOTAL,1.6272,0.10418,microSv/hr,ICRP Pub. 103 EFFECTIVE DOSE,-0.8191520442889918,0.5735764363510462,-0.9396926207859084,-0.3420201433256687,-1.062489299996,0.9659186402759721,-55.00000_-110.00000,0.9720416,1.6433356,0.0061229467,0.016135454
L0000.ANS,-55.0,-100.0,8.000085600032,2002/01/00,0,4.39,TOTAL,1.5647,0.10148,microSv/hr,ICRP Pub. 103 EFFECTIVE DOSE,-0.8191520442889918,0.5735764363510462,-0.984807753012208,-0.1736481776669303,-1.062489299996,0.9418415127181606,-55.00000_-100.00000,0.95200694,1.5909042,0.010165453,0.026204348
L0000.ANS,-55.0,-90.0,8.000085600032,2002/01/00,0,4.6,TOTAL,1.5404,0.10094,microSv/hr,ICRP Pub. 103 EFFECTIVE DOSE,-0.8191520442889918,0.5735764363510462,-1.0,6.123233995736766e-17,-1.062489299996,0.9323215489466827,-55.00000_-90.00000,0.9276917,1.5286655,-0.0046298504,-0.011734486
L0000.ANS,-55.0,-80.0,8.000085600032,2002/01/00,0,4.76,TOTAL,1.5214,0.099587,microSv/hr,ICRP Pub. 103 EFFECTIVE DOSE,-0.8191520442889918,0.5735764363510462,-0.984807753012208,0.17364817766693041,-1.062489299996,0.924814302815032,-55.00000_-80.00000,0.9168211,1.5013263,-0.007993162,-0.020073652
L0000.ANS,-55.0,-70.0,8.000085600032,2002/01/00,0,4.6,TOTAL,1.5395,0.10094,microSv/hr,ICRP Pub. 103 EFFECTIVE DOSE,-0.8191520442889918,0.5735764363510462,-0.9396926207859083,0.3420201433256688,-1.062489299996,0.9319672112591627,-55.00000_-70.00000,0.92804897,1.5295691,-0.0039182305,-0.009930849
L0000.ANS,-55.0,-60.0,8.000085600032,2002/01/00,0,4.34,TOTAL,1.5714,0.10178,microSv/hr,ICRP Pub. 103 EFFECTIVE DOSE,-0.8191520442889918,0.5735764363510462,-0.8660254037844386,0.5000000000000001,-1.062489299996,0.9444504976680114,-55.00000_-60.00000,0.93591666,1.5495495,-0.008533835,-0.021850467
L0000.ANS,-55.0,-50.0,8.000085600032,2002/01/00,0,3.92,TOTAL,1.6204,0.10392,microSv/hr,ICRP Pub. 103 EFFECTIVE DOSE,-0.8191520442889918,0.5735764363510462,-0.766044443118978,0.6427876096865394,-1.062489299996,0.9633269778755842,-55.00000_-50.00000,0.9559652,1.6011801,-0.0073617697,-0.019219875
L0000.ANS,-55.0,-40.0,8.000085600032,2002/01/00,0,3.42,TOTAL,1.6771,0.10611,microSv/hr,ICRP Pub. 103 EFFECTIVE DOSE,-0.8191520442889918,0.5735764363510462,-0.6427876096865393,0.766044443118978,-1.062489299996,0.9847341190889379,-55.00000_-40.00000,0.98249257,1.6711059,-0.0022415519,-0.0059940815
L0000.ANS,-55.0,-30.0,8.000085600032,2002/01/00,0,2.95,TOTAL,1.7283,0.10804,microSv/hr,ICRP Pub. 103 EFFECTIVE DOSE,-0.8191520442889918,0.5735764363510462,-0.49999999999999994,0.8660254037844387,-1.062489299996,1.0036787046093711,-55.00000_-30.00000,1.0062468,1.7353156,0.0025681257,0.007015705
L0000.ANS,-55.0,-20.0,8.000085600032,2002/01/00,0,2.59,TOTAL,1.763,0.10883,microSv/hr,ICRP Pub. 103 EFFECTIVE DOSE,-0.8191520442889918,0.5735764363510462,-0.3420201433256687,0.9396926207859084,-1.062489299996,1.0163170459412796,-55.00000_-20.00000,1.0244144,1.7854638,0.00809741,0.022463918
L0000.ANS,-55.0,-10.0,8.000085600032,2002/01/00,0,2.25,TOTAL,1.7926,0.10944,microSv/hr,ICRP Pub. 103 EFFECTIVE DOSE,-0.8191520442889918,0.5735764363510462,-0.17364817766693033,0.984807753012208,-1.062489299996,1.0269730615259574,-55.00000_-10.00000,1.0277909,1.7948849,0.00081789494,0.0022850037
L0000.ANS,-55.0,0.0,8.000085600032,2002/01/00,0,1.92,TOTAL,1.817,0.10985,microSv/hr,ICRP Pub. 103 EFFECTIVE DOSE,-0.8191520442889918,0.5735764363510462,0.0,1.0,-1.062489299996,1.0356724888942355,-55.00000_0.00000,1.0332066,1.8100622,-0.0024659634,-0.0069379807
L0000.ANS,-55.0,10.0,8.000085600032,2002/01/00,0,1.73,TOTAL,1.8276,0.10996,microSv/hr,ICRP Pub. 103 EFFECTIVE DOSE,-0.8191520442889918,0.5735764363510462,0.17364817766693033,0.984807753012208,-1.062489299996,1.0394282953146619,-55.00000_10.00000,1.0405307,1.8307189,0.0011023283,0.0031186342
L0000.ANS,-55.0,20.0,8.000085600032,2002/01/00,0,1.55,TOTAL,1.8349,0.11001,microSv/hr,ICRP Pub. 103 EFFECTIVE DOSE,-0.8191520442889918,0.5735764363510462,0.3420201433256687,0.9396926207859084,-1.062489299996,1.0420066631889888,-55.00000_20.00000,1.0430318,1.8378077,0.0010251999,0.002907753
L0000.ANS,-55.0,30.0,8.000085600032,2002/01/00,0,1.39,TOTAL,1.8389,0.11003,microSv/hr,ICRP Pub. 103 EFFECTIVE DOSE,-0.8191520442889918,0.5735764363510462,0.49999999999999994,0.8660254037844387,-1.062489299996,1.0434166532001596,-55.00000_30.00000,1.0440549,1.8407124,0.00063824654,0.0018125772
L0000.ANS,-55.0,40.0,8.000085600032,2002/01/00,0,1.23,TOTAL,1.8409,0.11004,microSv/hr,ICRP Pub. 103 EFFECTIVE DOSE,-0.8191520442889918,0.5735764363510462,0.6427876096865393,0.766044443118978,-1.062489299996,1.04412090337892,-55.00000_40.00000,1.043431,1.8389409,-0.00068986416,-0.0019592047
L0000.ANS,-55.0,50.0,8.000085600032,2002/01/00,0,1.0,TOTAL,1.8422,0.11004,microSv/hr,ICRP Pub. 103 EFFECTIVE DOSE,-0.8191520442889918,0.5735764363510462,0.766044443118978,0.6427876096865394,-1.062489299996,1.0445784001756242,-55.00000_50.00000,1.0421427,1.8352858,-0.0024356842,-0.006914258
L0000.ANS,-55.0,60.0,8.000085600032,2002/01/00,0,0.78,TOTAL,1.8427,0.11004,microSv/hr,ICRP Pub. 103 EFFECTIVE DOSE,-0.8191520442889918,0.5735764363510462,0.8660254037844386,0.5000000000000001,-1.062489299996,1.0447543047654284,-55.00000_60.00000,1.0431641,1.8381832,-0.0015901327,-0.004516721
L0000.ANS,-55.0,70.0,8.000085600032,2002/01/00,0,0.6,TOTAL,1.8427,0.11004,microSv/hr,ICRP Pub. 103 EFFECTIVE DOSE,-0.8191520442889918,0.5735764363510462,0.9396926207859083,0.3420201433256688,-1.062489299996,1.0447543047654284,-55.00000_70.00000,1.0474478,1.8503671,0.002693534,0.007667184
L0000.ANS,-55.0,80.0,8.000085600032,2002/01/00,0,0.45,TOTAL,1.8427,0.11004,microSv/hr,ICRP Pub. 103 EFFECTIVE DOSE,-0.8191520442889918,0.5735764363510462,0.984807753012208,0.17364817766693041,-1.062489299996,1.0447543047654284,-55.00000_80.00000,1.040896,1.8317533,-0.0038582087,-0.010946631
L0000.ANS,-55.0,90.0,8.000085600032,2002/01/00,0,0.35,TOTAL,1.8427,0.11004,microSv/hr,ICRP Pub. 103 EFFECTIVE DOSE,-0.8191520442889918,0.5735764363510462,1.0,6.123233995736766e-17,-1.062489299996,1.0447543047654284,-55.00000_90.00000,1.0418762,1.8345301,-0.0028780699,-0.00816977
L0000.ANS,-55.0,100.0,8.000085600032,2002/01/00,0,0.27,TOTAL,1.8427,0.11004,microSv/hr,ICRP Pub. 103 EFFECTIVE DOSE,-0.8191520442889918,0.5735764363510462,0.984807753012208,-0.1736481776669303,-1.062489299996,1.0447543047654284,-55.00000_100.00000,1.049014,1.8548348,0.0042597055,0.01213491
L0000.ANS,-55.0,110.0,8.000085600032,2002/01/00,0,0.21,TOTAL,1.8427,0.11004,microSv/hr,ICRP Pub. 103 EFFECTIVE DOSE,-0.8191520442889918,0.5735764363510462,0.9396926207859084,-0.3420201433256687,-1.062489299996,1.0447543047654284,-55.00000_110.00000,1.0397552,1.8285246,-0.0049990416,-0.014175296
L0000.ANS,-55.0,120.0,8.000085600032,2002/01/00,0,0.2,TOTAL,1.8427,0.11004,microSv/hr,ICRP Pub. 103 EFFECTIVE DOSE,-0.8191520442889918,0.5735764363510462,0.8660254037844387,-0.4999999999999998,-1.062489299996,1.0447543047654284,-55.00000_120.00000,1.0380257,1.8236369,-0.00672853,-0.019062996
L0000.ANS,-55.0,130.0,8.000085600032,2002/01/00,0,0.24,TOTAL,1.8427,0.11004,microSv/hr,ICRP Pub. 103 EFFECTIVE DOSE,-0.8191520442889918,0.5735764363510462,0.766044443118978,-0.6427876096865394,-1.062489299996,1.0447543047654284,-55.00000_130.00000,1.0467268,1.8483129,0.001972556,0.0056129694
L0000.ANS,-55.0,140.0,8.000085600032,2002/01/00,0,0.28,TOTAL,1.8427,0.11004,microSv/hr,ICRP Pub. 103 EFFECTIVE DOSE,-0.8191520442889918,0.5735764363510462,0.6427876096865395,-0.7660444431189779,-1.062489299996,1.0447543047654284,-55.00000_140.00000,1.0480033,1.851951,0.0032490492,0.009251118
L0000.ANS,-55.0,150.0,8.000085600032,2002/01/00,0,0.35,TOTAL,1.8427,0.11004,microSv/hr,ICRP Pub. 103 EFFECTIVE DOSE,-0.8191520442889918,0.5735764363510462,0.49999999999999994,-0.8660254037844387,-1.062489299996,1.0447543047654284,-55.00000_150.00000,1.0404541,1.8305022,-0.0043001175,-0.012197733
L0000.ANS,-55.0,160.0,8.000085600032,2002/01/00,0,0.49,TOTAL,1.8427,0.11004,microSv/hr,ICRP Pub. 103 EFFECTIVE DOSE,-0.8191520442889918,0.5735764363510462,0.3420201433256689,-0.9396926207859083,-1.062489299996,1.0447543047654284,-55.00000_160.00000,1.0386486,1.8253962,-0.0061056614,-0.017303705
L0000.ANS,-55.0,170.0,8.000085600032,2002/01/00,0,0.68,TOTAL,1.8427,0.11004,microSv/hr,ICRP Pub. 103 EFFECTIVE DOSE,-0.8191520442889918,0.5735764363510462,0.17364817766693028,-0.984807753012208,-1.062489299996,1.0447543047654284,-55.00000_170.00000,1.0436739,1.8396304,-0.0010803938,-0.00306952
L0000.ANS,-50.0,-179.99999,8.000085600032,2002/01/00,0,1.61,TOTAL,1.8328,0.11001,microSv/hr,ICRP Pub. 103 EFFECTIVE DOSE,-0.766044443118978,0.6427876096865394,-1.745329251238221e-07,-0.9999999999999848,-1.062489299996,1.041265621815557,-50.00000_-179.99999,1.0412712,1.8328159,5.6028366e-06,1.5974045e-05
L0000.ANS,-50.0,-170.0,8.000085600032,2002/01/00,0,2.01,TOTAL,1.8115,0.10977,microSv/hr,ICRP Pub. 103 EFFECTIVE DOSE,-0.766044443118978,0.6427876096865394,-0.17364817766693028,-0.984807753012208,-1.062489299996,1.0337181487501192,-50.00000_-170.00000,1.0360454,1.8180507,0.002327323,0.006550908
L0000.ANS,-50.0,-160.0,8.000085600032,2002/01/00,0,2.42,TOTAL,1.7783,0.10922,microSv/hr,ICRP Pub. 103 EFFECTIVE DOSE,-0.766044443118978,0.6427876096865394,-0.3420201433256689,-0.9396926207859083,-1.062489299996,1.0218392298621959,-50.00000_-160.00000,1.0229224,1.781311,0.0010831356,0.0030109882
L0000.ANS,-50.0,-150.0,8.000085600032,2002/01/00,0,2.89,TOTAL,1.7338,0.10807,microSv/hr,ICRP Pub. 103 EFFECTIVE DOSE,-0.766044443118978,0.6427876096865394,-0.49999999999999994,-0.8660254037844387,-1.062489299996,1.0056925827364156,-50.00000_-150.00000,1.0036283,1.7281623,-0.0020643473,-0.005637765
L0000.ANS,-50.0,-140.0,8.000085600032,2002/01/00,0,3.37,TOTAL,1.6833,0.10641,microSv/hr,ICRP Pub. 103 EFFECTIVE DOSE,-0.766044443118978,0.6427876096865394,-0.6427876096865395,-0.7660444431189779,-1.062489299996,0.9870473803249558,-50.00000_-140.00000,0.984511,1.6765028,-0.0025363564,-0.0067971945
L0000.ANS,-50.0,-130.0,8.000085600032,2002/01/00,0,3.96,TOTAL,1.6163,0.10378,microSv/hr,ICRP Pub. 103 EFFECTIVE DOSE,-0.766044443118978,0.6427876096865394,-0.766044443118978,-0.6427876096865394,-1.062489299996,0.9617611059189126,-50.00000_-130.00000,0.9647175,1.6240463,0.0029563904,0.0077462196
L0000.ANS,-50.0,-120.0,8.000085600032,2002/01/00,0,4.53,TOTAL,1.5478,0.10101,microSv/hr,ICRP Pub. 103 EFFECTIVE DOSE,-0.766044443118978,0.6427876096865394,-0.8660254037844387,-0.4999999999999998,-1.062489299996,0.9352302416935494,-50.00000_-120.00000,0.93667877,1.5514932,0.0014485121,0.0036931038
L0000.ANS,-50.0,-110.0,8.000085600032,2002/01/00,0,5.14,TOTAL,1.4774,0.097774,microSv/hr,ICRP Pub. 103 EFFECTIVE DOSE,-0.766044443118978,0.6427876096865394,-0.9396926207859084,-0.3420201433256687,-1.062489299996,0.9072096231379625,-50.00000_-110.00000,0.906286,1.4751129,-0.0009236336,-0.0022871494
L0000.ANS,-50.0,-100.0,8.000085600032,2002/01/00,0,5.8,TOTAL,1.4017,0.093868,microSv/hr,ICRP Pub. 103 EFFECTIVE DOSE,-0.766044443118978,0.6427876096865394,-0.984807753012208,-0.1736481776669303,-1.062489299996,0.8761768199375802,-50.00000_-100.00000,0.87356836,1.3954434,-0.002608478,-0.0062565804
L0000.ANS,-50.0,-90.0,8.000085600032,2002/01/00,0,6.54,TOTAL,1.3243,0.089453,microSv/hr,ICRP Pub. 103 EFFECTIVE DOSE,-0.766044443118978,0.6427876096865394,-1.0,6.123233995736766e-17,-1.062489299996,0.8434189184382446,-50.00000_-90.00000,0.8399646,1.316285,-0.003454268,-0.008014917
L0000.ANS,-50.0,-80.0,8.000085600032,2002/01/00,0,6.76,TOTAL,1.3032,0.087768,microSv/hr,ICRP Pub. 103 EFFECTIVE DOSE,-0.766044443118978,0.6427876096865394,-0.984807753012208,0.17364817766693041,-1.062489299996,0.834299460315829,-50.00000_-80.00000,0.83850896,1.3129158,0.0042095184,0.0097157955
L0000.ANS,-50.0,-70.0,8.000085600032,2002/01/00,0,6.4,TOTAL,1.3388,0.089736,microSv/hr,ICRP Pub. 103 EFFECTIVE DOSE,-0.766044443118978,0.6427876096865394,-0.9396926207859083,0.3420201433256688,-1.062489299996,0.8496379773193784,-50.00000_-70.00000,0.8593346,1.3615887,0.009696603,0.022788763
L0000.ANS,-50.0,-60.0,8.000085600032,2002/01/00,0,5.76,TOTAL,1.4058,0.093913,microSv/hr,ICRP Pub. 103 EFFECTIVE DOSE,-0.766044443118978,0.6427876096865394,-0.8660254037844386,0.5000000000000001,-1.062489299996,0.8778824885778351,-50.00000_-60.00000,0.87762344,1.4051769,-0.0002590418,-0.00062310696
L0000.ANS,-50.0,-50.0,8.000085600032,2002/01/00,0,4.98,TOTAL,1.496,0.098212,microSv/hr,ICRP Pub. 103 EFFECTIVE DOSE,-0.766044443118978,0.6427876096865394,-0.766044443118978,0.6427876096865394,-1.062489299996,0.9146894505071812,-50.00000_-50.00000,0.91502565,1.4968393,0.0003362298,0.0008393526
L0000.ANS,-50.0,-40.0,8.000085600032,2002/01/00,0,4.26,TOTAL,1.5801,0.10223,microSv/hr,ICRP Pub. 103 EFFECTIVE DOSE,-0.766044443118978,0.6427876096865394,-0.6427876096865393,0.766044443118978,-1.062489299996,0.9478281578723111,-50.00000_-40.00000,0.93520355,1.547732,-0.012624621,-0.032368064
L0000.ANS,-50.0,-30.0,8.000085600032,2002/01/00,0,3.65,TOTAL,1.6512,0.10549,microSv/hr,ICRP Pub. 103 EFFECTIVE DOSE,-0.766044443118978,0.6427876096865394,-0.49999999999999994,0.8660254037844387,-1.062489299996,0.9750123676901614,-50.00000_-30.00000,0.9659095,1.6271759,-0.009102881,-0.024024129
L0000.ANS,-50.0,-20.0,8.000085600032,2002/01/00,0,3.16,TOTAL,1.7064,0.10714,microSv/hr,ICRP Pub. 103 EFFECTIVE DOSE,-0.766044443118978,0.6427876096865394,-0.3420201433256687,0.9396926207859084,-1.062489299996,0.9956193384843617,-50.00000_-20.00000,0.9955645,1.7062516,-5.4836273e-05,-0.00014841557
L0000.ANS,-50.0,-10.0,8.000085600032,2002/01/00,0,2.75,TOTAL,1.7476,0.10838,microSv/hr,ICRP Pub. 103 EFFECTIVE DOSE,-0.766044443118978,0.6427876096865394,-0.17364817766693033,0.984807753012208,-1.062489299996,1.0107278033575895,-50.00000_-10.00000,1.0158038,1.7615824,0.0050760508,0.013982534
L0000.ANS,-50.0,0.0,8.000085600032,2002/01/00,0,2.46,TOTAL,1.7747,0.10909,microSv/hr,ICRP Pub. 103 EFFECTIVE DOSE,-0.766044443118978,0.6427876096865394,0.0,1.0,-1.062489299996,1.0205426332461869,-50.00000_0.00000,1.0247302,1.7863436,0.004187584,0.011643648
L0000.ANS,-50.0,10.0,8.000085600032,2002/01/00,0,2.22,TOTAL,1.7955,0.10951,microSv/hr,ICRP Pub. 103 EFFECTIVE DOSE,-0.766044443118978,0.6427876096865394,0.17364817766693033,0.984807753012208,-1.062489299996,1.028010981484563,-50.00000_10.00000,1.0320545,1.8068266,0.004043579,0.011326671
L0000.ANS,-50.0,20.0,8.000085600032,2002/01/00,0,2.05,TOTAL,1.8085,0.10971,microSv/hr,ICRP Pub. 103 EFFECTIVE DOSE,-0.766044443118978,0.6427876096865394,0.3420201433256687,0.9396926207859084,-1.062489299996,1.0326505329903504,-50.00000_20.00000,1.0311123,1.8041832,-0.0015382767,-0.004316926
L0000.ANS,-50.0,30.0,8.000085600032,2002/01/00,0,1.9,TOTAL,1.8182,0.10986,microSv/hr,ICRP Pub. 103 EFFECTIVE DOSE,-0.766044443118978,0.6427876096865394,0.49999999999999994,0.8660254037844387,-1.062489299996,1.0360983832788673,-50.00000_30.00000,1.0308487,1.8034441,-0.0052496195,-0.014755726
L0000.ANS,-50.0,40.0,8.000085600032,2002/01/00,0,1.71,TOTAL,1.8285,0.10996,microSv/hr,ICRP Pub. 103 EFFECTIVE DOSE,-0.766044443118978,0.6427876096865394,0.6427876096865393,0.766044443118978,-1.062489299996,1.0397465358010733,-50.00000_40.00000,1.03798,1.8235077,-0.0017665625,-0.004992366
L0000.ANS,-50.0,50.0,8.000085600032,2002/01/00,0,1.51,TOTAL,1.8361,0.11002,microSv/hr,ICRP Pub. 103 EFFECTIVE DOSE,-0.766044443118978,0.6427876096865394,0.766044443118978,0.6427876096865394,-1.062489299996,1.0424298689791176,-50.00000_50.00000,1.0371691,1.8212191,-0.005260825,-0.014881015
L0000.ANS,-50.0,60.0,8.000085600032,2002/01/00,0,1.31,TOTAL,1.8403,0.11004,microSv/hr,ICRP Pub. 103 EFFECTIVE DOSE,-0.766044443118978,0.6427876096865394,0.8660254037844386,0.5000000000000001,-1.062489299996,1.0439096803970744,-50.00000_60.00000,1.0405123,1.8306669,-0.0033973455,-0.009633064
L0000.ANS,-50.0,70.0,8.000085600032,2002/01/00,0,1.05,TOTAL,1.8419,0.11004,microSv/hr,ICRP Pub. 103 EFFECTIVE DOSE,-0.766044443118978,0.6427876096865394,0.9396926207859083,0.3420201433256688,-1.062489299996,1.0444728425674614,-50.00000_70.00000,1.0457247,1.84546,0.001251936,0.0035601854
L0000.ANS,-50.0,80.0,8.000085600032,2002/01/00,0,0.85,TOTAL,1.8426,0.11004,microSv/hr,ICRP Pub. 103 EFFECTIVE DOSE,-0.766044443118978,0.6427876096865394,0.984807753012208,0.17364817766693041,-1.062489299996,1.0447191263227744,-50.00000_80.00000,1.0440468,1.8406894,-0.0006723404,-0.0019104481
L0000.ANS,-50.0,90.0,8.000085600032,2002/01/00,0,0.69,TOTAL,1.8427,0.11004,microSv/hr,ICRP Pub. 103 EFFECTIVE DOSE,-0.766044443118978,0.6427876096865394,1.0,6.123233995736766e-17,-1.062489299996,1.0447543047654284,-50.00000_90.00000,1.0495577,1.8563874,0.004803419,0.013687491
L0000.ANS,-50.0,100.0,8.000085600032,2002/01/00,0,0.61,TOTAL,1.8427,0.11004,microSv/hr,ICRP Pub. 103 EFFECTIVE DOSE,-0.766044443118978,0.6427876096865394,0.984807753012208,-0.1736481776669303,-1.062489299996,1.0447543047654284,-50.00000_100.00000,1.0466963,1.8482258,0.0019420385,0.0055259466
L0000.ANS,-50.0,110.0,8.000085600032,2002/01/00,0,0.55,TOTAL,1.8427,0.11004,microSv/hr,ICRP Pub. 103 EFFECTIVE DOSE,-0.766044443118978,0.6427876096865394,0.9396926207859084,-0.3420201433256687,-1.062489299996,1.0447543047654284,-50.00000_110.00000,1.0428566,1.8373104,-0.0018976927,-0.005389452
L0000.ANS,-50.0,120.0,8.000085600032,2002/01/00,0,0.53,TOTAL,1.8427,0.11004,microSv/hr,ICRP Pub. 103 EFFECTIVE DOSE,-0.766044443118978,0.6427876096865394,0.8660254037844387,-0.4999999999999998,-1.062489299996,1.0447543047654284,-50.00000_120.00000,1.0437609,1.8398775,-0.000993371,-0.0028223991
L0000.ANS,-50.0,130.0,8.000085600032,2002/01/00,0,0.58,TOTAL,1.8427,0.11004,microSv/hr,ICRP Pub. 103 EFFECTIVE DOSE,-0.766044443118978,0.6427876096865394,0.766044443118978,-0.6427876096865394,-1.062489299996,1.0447543047654284,-50.00000_130.00000,1.0423934,1.8359967,-0.0023608208,-0.0067031384
L0000.ANS,-50.0,140.0,8.000085600032,2002/01/00,0,0.66,TOTAL,1.8427,0.11004,microSv/hr,ICRP Pub. 103 EFFECTIVE DOSE,-0.766044443118978,0.6427876096865394,0.6427876096865395,-0.7660444431189779,-1.062489299996,1.0447543047654284,-50.00000_140.00000,1.0438745,1.8402001,-0.00087976456,-0.0024998188
L0000.ANS,-50.0,150.0,8.000085600032,2002/01/00,0,0.8,TOTAL,1.8427,0.11004,microSv/hr,ICRP Pub. 103 EFFECTIVE DOSE,-0.766044443118978,0.6427876096865394,0.49999999999999994,-0.8660254037844387,-1.062489299996,1.0447543047654284,-50.00000_150.00000,1.0355474,1.8166475,-0.009206891,-0.026052356
L0000.ANS,-50.0,160.0,8.000085600032,2002/01/00,0,1.03,TOTAL,1.8421,0.11004,microSv/hr,ICRP Pub. 103 EFFECTIVE DOSE,-0.766044443118978,0.6427876096865394,0.3420201433256689,-0.9396926207859083,-1.062489299996,1.0445432155442673,-50.00000_160.00000,1.0384351,1.8247931,-0.006108165,-0.017307043
L0000.ANS,-50.0,170.0,8.000085600032,2002/01/00,0,1.28,TOTAL,1.8405,0.11004,microSv/hr,ICRP Pub. 103 EFFECTIVE DOSE,-0.766044443118978,0.6427876096865394,0.17364817766693028,-0.984807753012208,-1.062489299996,1.0439800930150445,-50.00000_170.00000,1.044677,1.8424803,0.0006968975,0.0019801855
L0000.ANS,-45.0,-179.99999,8.000085600032,2002/01/00,0,2.64,TOTAL,1.7583,0.1088,microSv/hr,ICRP Pub. 103 EFFECTIVE DOSE,-0.7071067811865475,0.7071067811865476,-1.745329251238221e-07,-0.9999999999999848,-1.062489299996,1.0146145479298525,-45.00000_-179.99999,1.022399,1.7798555,0.0077843666,0.021555424
L0000.ANS,-45.0,-170.0,8.000085600032,2002/01/00,0,3.07,TOTAL,1.716,0.10744,microSv/hr,ICRP Pub. 103 EFFECTIVE DOSE,-0.7071067811865475,0.7071067811865476,-0.17364817766693028,-0.984807753012208,-1.062489299996,0.9991602096964497,-45.00000_-170.00000,1.0112636,1.7490726,0.012103379,0.03307247
L0000.ANS,-45.0,-160.0,8.000085600032,2002/01/00,0,3.59,TOTAL,1.6585,0.10556,microSv/hr,ICRP Pub. 103 EFFECTIVE DOSE,-0.7071067811865475,0.7071067811865476,-0.3420201433256689,-0.9396926207859083,-1.062489299996,0.9777620539622561,-45.00000_-160.00000,0.9837351,1.6744268,0.005973041,0.015926838
L0000.ANS,-45.0,-150.0,8.000085600032,2002/01/00,0,4.15,TOTAL,1.5938,0.10316,microSv/hr,ICRP Pub. 103 EFFECTIVE DOSE,-0.7071067811865475,0.7071067811865476,-0.49999999999999994,-0.8660254037844387,-1.062489299996,0.9531239819195041,-45.00000_-150.00000,0.95670694,1.6031101,0.0035829544,0.009310007
L0000.ANS,-45.0,-140.0,8.000085600032,2002/01/00,0,4.57,TOTAL,1.5438,0.10096,microSv/hr,ICRP Pub. 103 EFFECTIVE DOSE,-0.7071067811865475,0.7071067811865476,-0.6427876096865395,-0.7660444431189779,-1.062489299996,0.9336590260352471,-45.00000_-140.00000,0.9316597,1.5387192,-0.0019993186,-0.005080819
L0000.ANS,-45.0,-130.0,8.000085600032,2002/01/00,0,5.17,TOTAL,1.4729,0.097744,microSv/hr,ICRP Pub. 103 EFFECTIVE DOSE,-0.7071067811865475,0.7071067811865476,-0.766044443118978,-0.6427876096865394,-1.062489299996,0.9053915510051544,-45.00000_-130.00000,0.8988317,1.4567313,-0.006559849,-0.016168714
L0000.ANS,-45.0,-120.0,8.000085600032,2002/01/00,0,6.02,TOTAL,1.3782,0.092074,microSv/hr,ICRP Pub. 103 EFFECTIVE DOSE,-0.7071067811865475,0.7071067811865476,-0.8660254037844387,-0.4999999999999998,-1.062489299996,0.8663438990213415,-45.00000_-120.00000,0.8551183,1.3516525,-0.011225641,-0.026547551
L0000.ANS,-45.0,-110.0,8.000085600032,2002/01/00,0,7.31,TOTAL,1.2511,0.084661,microSv/hr,ICRP Pub. 103 EFFECTIVE DOSE,-0.7071067811865475,0.7071067811865476,-0.9396926207859084,-0.3420201433256687,-1.062489299996,0.8114189856379808,-45.00000_-110.00000,0.81665534,1.2629185,0.0052363276,0.011818409
L0000.ANS,-45.0,-100.0,8.000085600032,2002/01/00,0,8.06,TOTAL,1.1871,0.080022,microSv/hr,ICRP Pub. 103 EFFECTIVE DOSE,-0.7071067811865475,0.7071067811865476,-0.984807753012208,-0.1736481776669303,-1.062489299996,0.7825764653863696,-45.00000_-100.00000,0.7838692,1.1899292,0.0012927651,0.0028293133
L0000.ANS,-45.0,-90.0,8.000085600032,2002/01/00,0,8.44,TOTAL,1.1561,0.079071,microSv/hr,ICRP Pub. 103 EFFECTIVE DOSE,-0.7071067811865475,0.7071067811865476,-1.0,6.123233995736766e-17,-1.062489299996,0.7683010341603695,-45.00000_-90.00000,0.7714998,1.163008,0.0031988025,0.006908059
L0000.ANS,-45.0,-80.0,8.000085600032,2002/01/00,0,8.22,TOTAL,1.1739,0.079506,microSv/hr,ICRP Pub. 103 EFFECTIVE DOSE,-0.7071067811865475,0.7071067811865476,-0.984807753012208,0.17364817766693041,-1.062489299996,0.7765227894809963,-45.00000_-80.00000,0.77118325,1.1623234,-0.005339563,-0.0115766525
L0000.ANS,-45.0,-70.0,8.000085600032,2002/01/00,0,7.69,TOTAL,1.2178,0.082264,microSv/hr,ICRP Pub. 103 EFFECTIVE DOSE,-0.7071067811865475,0.7071067811865476,-0.9396926207859083,0.3420201433256688,-1.062489299996,0.7965157135369785,-45.00000_-70.00000,0.80695283,1.2410686,0.010437131,0.02326858
L0000.ANS,-45.0,-60.0,8.000085600032,2002/01/00,0,7.07,TOTAL,1.2734,0.085496,microSv/hr,ICRP Pub. 103 EFFECTIVE DOSE,-0.7071067811865475,0.7071067811865476,-0.8660254037844386,0.5000000000000001,-1.062489299996,0.8212765082704732,-45.00000_-60.00000,0.8329753,1.3001523,0.011698842,0.026752353
L0000.ANS,-45.0,-50.0,8.000085600032,2002/01/00,0,6.37,TOTAL,1.3421,0.089845,microSv/hr,ICRP Pub. 103 EFFECTIVE DOSE,-0.7071067811865475,0.7071067811865476,-0.766044443118978,0.6427876096865394,-1.062489299996,0.851047962812218,-45.00000_-50.00000,0.8700093,1.3869331,0.01896137,0.044833183
L0000.ANS,-45.0,-40.0,8.000085600032,2002/01/00,0,5.4,TOTAL,1.4471,0.095689,microSv/hr,ICRP Pub. 103 EFFECTIVE DOSE,-0.7071067811865475,0.7071067811865476,-0.6427876096865393,0.766044443118978,-1.062489299996,0.8949036499925074,-45.00000_-40.00000,0.89793646,1.4545329,0.0030328035,0.0074328184
L0000.ANS,-45.0,-30.0,8.000085600032,2002/01/00,0,4.45,TOTAL,1.5573,0.10123,microSv/hr,ICRP Pub. 103 EFFECTIVE DOSE,-0.7071067811865475,0.7071067811865476,-0.49999999999999994,0.8660254037844387,-1.062489299996,0.9389520144172341,-45.00000_-30.00000,0.92718965,1.5273963,-0.011762381,-0.02990377
L0000.ANS,-45.0,-20.0,8.000085600032,2002/01/00,0,3.86,TOTAL,1.628,0.10421,microSv/hr,ICRP Pub. 103 EFFECTIVE DOSE,-0.7071067811865475,0.7071067811865476,-0.3420201433256687,0.9396926207859084,-1.062489299996,0.966223100622364,-45.00000_-20.00000,0.96179235,1.6163818,-0.004430771,-0.011618257
L0000.ANS,-45.0,-10.0,8.000085600032,2002/01/00,0,3.34,TOTAL,1.6864,0.10659,microSv/hr,ICRP Pub. 103 EFFECTIVE DOSE,-0.7071067811865475,0.7071067811865476,-0.17364817766693033,0.984807753012208,-1.062489299996,0.9882020073411393,-45.00000_-10.00000,0.9845938,1.6767244,-0.0036082268,-0.009675622
L0000.ANS,-45.0,0.0,8.000085600032,2002/01/00,0,3.08,TOTAL,1.7145,0.10738,microSv/hr,ICRP Pub. 103 EFFECTIVE DOSE,-0.7071067811865475,0.7071067811865476,0.0,1.0,-1.062489299996,0.9986077743633687,-45.00000_0.00000,1.0046338,1.730907,0.0060260296,0.016407013
L0000.ANS,-45.0,10.0,8.000085600032,2002/01/00,0,2.82,TOTAL,1.7411,0.10819,microSv/hr,ICRP Pub. 103 EFFECTIVE DOSE,-0.7071067811865475,0.7071067811865476,0.17364817766693033,0.984807753012208,-1.062489299996,1.0083592996905475,-45.00000_10.00000,1.0123942,1.7521824,0.004034877,0.011082292
L0000.ANS,-45.0,20.0,8.000085600032,2002/01/00,0,2.7,TOTAL,1.7528,0.10858,microSv/hr,ICRP Pub. 103 EFFECTIVE DOSE,-0.7071067811865475,0.7071067811865476,0.3420201433256687,0.9396926207859084,-1.062489299996,1.0126185755011337,-45.00000_20.00000,1.0150287,1.7594426,0.0024101734,0.00664258
L0000.ANS,-45.0,30.0,8.000085600032,2002/01/00,0,2.5,TOTAL,1.7707,0.10898,microSv/hr,ICRP Pub. 103 EFFECTIVE DOSE,-0.7071067811865475,0.7071067811865476,0.49999999999999994,0.8660254037844387,-1.062489299996,1.0190999958552922,-45.00000_30.00000,1.0151039,1.7596502,-0.0039960146,-0.011049628
L0000.ANS,-45.0,40.0,8.000085600032,2002/01/00,0,2.41,TOTAL,1.7794,0.10926,microSv/hr,ICRP Pub. 103 EFFECTIVE DOSE,-0.7071067811865475,0.7071067811865476,0.6427876096865393,0.766044443118978,-1.062489299996,1.0222350770703446,-45.00000_40.00000,1.027629,1.7944324,0.005393982,0.01503253
L0000.ANS,-45.0,50.0,8.000085600032,2002/01/00,0,2.26,TOTAL,1.7919,0.10942,microSv/hr,ICRP Pub. 103 EFFECTIVE DOSE,-0.7071067811865475,0.7071067811865476,0.766044443118978,0.6427876096865394,-1.062489299996,1.0267223676397845,-45.00000_50.00000,1.0300258,1.8011382,0.0033035278,0.009238243
L0000.ANS,-45.0,60.0,8.000085600032,2002/01/00,0,1.94,TOTAL,1.8161,0.10985,microSv/hr,ICRP Pub. 103 EFFECTIVE DOSE,-0.7071067811865475,0.7071067811865476,0.8660254037844386,0.5000000000000001,-1.062489299996,1.0353529490289188,-45.00000_60.00000,1.0321957,1.8072228,-0.003157258,-0.008877158
L0000.ANS,-45.0,70.0,8.000085600032,2002/01/00,0,1.72,TOTAL,1.8279,0.10996,microSv/hr,ICRP Pub. 103 EFFECTIVE DOSE,-0.7071067811865475,0.7071067811865476,0.9396926207859083,0.3420201433256688,-1.062489299996,1.0395343867301978,-45.00000_70.00000,1.0361587,1.8183699,-0.0033756495,-0.009529948
L0000.ANS,-45.0,80.0,8.000085600032,2002/01/00,0,1.45,TOTAL,1.8376,0.11003,microSv/hr,ICRP Pub. 103 EFFECTIVE DOSE,-0.7071067811865475,0.7071067811865476,0.984807753012208,0.17364817766693041,-1.062489299996,1.042958624477275,-45.00000_80.00000,1.0391728,1.8268776,-0.0037858486,-0.010722399
L0000.ANS,-45.0,90.0,8.000085600032,2002/01/00,0,1.27,TOTAL,1.8406,0.11004,microSv/hr,ICRP Pub. 103 EFFECTIVE DOSE,-0.7071067811865475,0.7071067811865476,1.0,6.123233995736766e-17,-1.062489299996,1.0440152974648906,-45.00000_90.00000,1.0419464,1.8347292,-0.0020688772,-0.005870819
L0000.ANS,-45.0,100.0,8.000085600032,2002/01/00,0,1.2,TOTAL,1.841,0.11004,microSv/hr,ICRP Pub. 103 EFFECTIVE DOSE,-0.7071067811865475,0.7071067811865476,0.984807753012208,-0.1736481776669303,-1.062489299996,1.044156102872051,-45.00000_100.00000,1.0389383,1.8262148,-0.0052177906,-0.014785171
L0000.ANS,-45.0,110.0,8.000085600032,2002/01/00,0,1.12,TOTAL,1.8414,0.11004,microSv/hr,ICRP Pub. 103 EFFECTIVE DOSE,-0.7071067811865475,0.7071067811865476,0.9396926207859084,-0.3420201433256687,-1.062489299996,1.0442968884558397,-45.00000_110.00000,1.0437837,1.8399421,-0.000513196,-0.0014578104
L0000.ANS,-45.0,120.0,8.000085600032,2002/01/00,0,1.11,TOTAL,1.8415,0.11004,microSv/hr,ICRP Pub. 103 EFFECTIVE DOSE,-0.7071067811865475,0.7071067811865476,0.8660254037844387,-0.4999999999999998,-1.062489299996,1.044332081755039,-45.00000_120.00000,1.0438812,1.840219,-0.00045084953,-0.0012807846
L0000.ANS,-45.0,130.0,8.000085600032,2002/01/00,0,1.22,TOTAL,1.841,0.11004,microSv/hr,ICRP Pub. 103 EFFECTIVE DOSE,-0.7071067811865475,0.7071067811865476,0.766044443118978,-0.6427876096865394,-1.062489299996,1.044156102872051,-45.00000_130.00000,1.0400957,1.8294878,-0.0040603876,-0.01151216
L0000.ANS,-45.0,140.0,8.000085600032,2002/01/00,0,1.32,TOTAL,1.8401,0.11004,microSv/hr,ICRP Pub. 103 EFFECTIVE DOSE,-0.7071067811865475,0.7071067811865476,0.6427876096865395,-0.7660444431189779,-1.062489299996,1.0438392628208182,-45.00000_140.00000,1.0382233,1.8241947,-0.0056159496,-0.015905142
L0000.ANS,-45.0,150.0,8.000085600032,2002/01/00,0,1.51,TOTAL,1.8359,0.11002,microSv/hr,ICRP Pub. 103 EFFECTIVE DOSE,-0.7071067811865475,0.7071067811865476,0.49999999999999994,-0.8660254037844387,-1.062489299996,1.0423593471173112,-45.00000_150.00000,1.0385774,1.8251951,-0.0037819147,-0.010704994
L0000.ANS,-45.0,160.0,8.000085600032,2002/01/00,0,1.82,TOTAL,1.8232,0.10991,microSv/hr,ICRP Pub. 103 EFFECTIVE DOSE,-0.7071067811865475,0.7071067811865476,0.3420201433256689,-0.9396926207859083,-1.062489299996,1.0378709933789232,-45.00000_160.00000,1.0330049,1.8094953,-0.004866123,-0.013704658
L0000.ANS,-45.0,170.0,8.000085600032,2002/01/00,0,2.17,TOTAL,1.7995,0.10963,microSv/hr,ICRP Pub. 103 EFFECTIVE DOSE,-0.7071067811865475,0.7071067811865476,0.17364817766693028,-0.984807753012208,-1.062489299996,1.029440829806811,-45.00000_170.00000,1.0310571,1.8040285,0.0016162395,0.0045284033
L0000.ANS,-40.0,-179.99999,8.000085600032,2002/01/00,0,4.06,TOTAL,1.6044,0.10354,microSv/hr,ICRP Pub. 103 EFFECTIVE DOSE,-0.6427876096865393,0.766044443118978,-1.745329251238221e-07,-0.9999999999999848,-1.062489299996,0.9572023223805699,-40.00000_-179.99999,0.961476,1.6155543,0.0042737126,0.011154413
L0000.ANS,-40.0,-170.0,8.000085600032,2002/01/00,0,4.59,TOTAL,1.5417,0.10095,microSv/hr,ICRP Pub. 103 EFFECTIVE DOSE,-0.6427876096865393,0.766044443118978,-0.17364817766693028,-0.984807753012208,-1.062489299996,0.9328331484934664,-40.00000_-170.00000,0.93292755,1.54194,9.441376e-05,0.00024008751
L0000.ANS,-40.0,-160.0,8.000085600032,2002/01/00,0,4.84,TOTAL,1.512,0.098982,microSv/hr,ICRP Pub. 103 EFFECTIVE DOSE,-0.6427876096865393,0.766044443118978,-0.3420201433256689,-0.9396926207859083,-1.062489299996,0.9210792486059522,-40.00000_-160.00000,0.9186468,1.5058972,-0.0024324656,-0.0061029196
L0000.ANS,-40.0,-150.0,8.000085600032,2002/01/00,0,5.44,TOTAL,1.4425,0.095378,microSv/hr,ICRP Pub. 103 EFFECTIVE DOSE,-0.6427876096865393,0.766044443118978,-0.49999999999999994,-0.8660254037844387,-1.062489299996,0.8930221049348007,-40.00000_-150.00000,0.890287,1.4358286,-0.002735138,-0.0066714287
L0000.ANS,-40.0,-140.0,8.000085600032,2002/01/00,0,6.1,TOTAL,1.3697,0.091381,microSv/hr,ICRP Pub. 103 EFFECTIVE DOSE,-0.6427876096865393,0.766044443118978,-0.6427876096865395,-0.7660444431189779,-1.062489299996,0.862763364856346,-40.00000_-140.00000,0.8525318,1.3455778,-0.0102315545,-0.024122119
L0000.ANS,-40.0,-130.0,8.000085600032,2002/01/00,0,7.25,TOTAL,1.2571,0.08481,microSv/hr,ICRP Pub. 103 EFFECTIVE DOSE,-0.6427876096865393,0.766044443118978,-0.766044443118978,-0.6427876096865394,-1.062489299996,0.8140808034555739,-40.00000_-130.00000,0.8152545,1.2597507,0.0011737347,0.002650857
L0000.ANS,-40.0,-120.0,8.000085600032,2002/01/00,0,8.09,TOTAL,1.1844,0.079895,microSv/hr,ICRP Pub. 103 EFFECTIVE DOSE,-0.6427876096865393,0.766044443118978,-0.8660254037844387,-0.4999999999999998,-1.062489299996,0.7813411912958615,-40.00000_-120.00000,0.77380717,1.1680045,-0.007534027,-0.01639545
L0000.ANS,-40.0,-110.0,8.000085600032,2002/01/00,0,9.13,TOTAL,1.0979,0.074196,microSv/hr,ICRP Pub. 103 EFFECTIVE DOSE,-0.6427876096865393,0.766044443118978,-0.9396926207859084,-0.3420201433256687,-1.062489299996,0.7409368443957938,-40.00000_-110.00000,0.72481847,1.0643563,-0.016118348,-0.033543587
L0000.ANS,-40.0,-100.0,8.000085600032,2002/01/00,0,9.68,TOTAL,1.0511,0.070961,microSv/hr,ICRP Pub. 103 EFFECTIVE DOSE,-0.6427876096865393,0.766044443118978,-0.984807753012208,-0.1736481776669303,-1.062489299996,0.7183762346057209,-40.00000_-100.00000,0.71502644,1.0442407,-0.003349781,-0.0068593025
L0000.ANS,-40.0,-90.0,8.000085600032,2002/01/00,0,9.46,TOTAL,1.0686,0.072869,microSv/hr,ICRP Pub. 103 EFFECTIVE DOSE,-0.6427876096865393,0.766044443118978,-1.0,6.123233995736766e-17,-1.062489299996,0.7268720499615662,-40.00000_-90.00000,0.71317506,1.0404595,-0.013696969,-0.028140426
L0000.ANS,-40.0,-80.0,8.000085600032,2002/01/00,0,9.13,TOTAL,1.0979,0.0742,microSv/hr,ICRP Pub. 103 EFFECTIVE DOSE,-0.6427876096865393,0.766044443118978,-0.984807753012208,0.17364817766693041,-1.062489299996,0.7409368443957938,-40.00000_-80.00000,0.7149989,1.0441844,-0.025937915,-0.053715467
L0000.ANS,-40.0,-70.0,8.000085600032,2002/01/00,0,8.56,TOTAL,1.1467,0.078033,microSv/hr,ICRP Pub. 103 EFFECTIVE DOSE,-0.6427876096865393,0.766044443118978,-0.9396926207859083,0.3420201433256688,-1.062489299996,0.7639317792779058,-40.00000_-70.00000,0.7504316,1.117914,-0.013500154,-0.028785944
L0000.ANS,-40.0,-60.0,8.000085600032,2002/01/00,0,7.77,TOTAL,1.2113,0.081672,microSv/hr,ICRP Pub. 103 EFFECTIVE DOSE,-0.6427876096865393,0.766044443118978,-0.8660254037844386,0.5000000000000001,-1.062489299996,0.7935805778812157,-40.00000_-60.00000,0.7899301,1.2032424,-0.0036504865,-0.008057594
L0000.ANS,-40.0,-50.0,8.000085600032,2002/01/00,0,6.82,TOTAL,1.2968,0.087167,microSv/hr,ICRP Pub. 103 EFFECTIVE DOSE,-0.6427876096865393,0.766044443118978,-0.766044443118978,0.6427876096865394,-1.062489299996,0.8315168498247172,-40.00000_-50.00000,0.8247404,1.2812885,-0.006776452,-0.015511513
L0000.ANS,-40.0,-40.0,8.000085600032,2002/01/00,0,6.21,TOTAL,1.3586,0.090633,microSv/hr,ICRP Pub. 103 EFFECTIVE DOSE,-0.6427876096865393,0.766044443118978,-0.6427876096865393,0.766044443118978,-1.062489299996,0.8580682226737326,-40.00000_-40.00000,0.8600142,1.3631942,0.0019459724,0.004594207
L0000.ANS,-40.0,-30.0,8.000085600032,2002/01/00,0,5.51,TOTAL,1.4351,0.094931,microSv/hr,ICRP Pub. 103 EFFECTIVE DOSE,-0.6427876096865393,0.766044443118978,-0.49999999999999994,0.8660254037844387,-1.062489299996,0.8899878234531027,-40.00000_-30.00000,0.89561385,1.4488385,0.005626023,0.013738394
L0000.ANS,-40.0,-20.0,8.000085600032,2002/01/00,0,4.69,TOTAL,1.5298,0.1002,microSv/hr,ICRP Pub. 103 EFFECTIVE DOSE,-0.6427876096865393,0.766044443118978,-0.3420201433256687,0.9396926207859084,-1.062489299996,0.9281402482313044,-40.00000_-20.00000,0.9221565,1.5147076,-0.0059837103,-0.015092373
L0000.ANS,-40.0,-10.0,8.000085600032,2002/01/00,0,4.12,TOTAL,1.5974,0.10345,microSv/hr,ICRP Pub. 103 EFFECTIVE DOSE,-0.6427876096865393,0.766044443118978,-0.17364817766693033,0.984807753012208,-1.062489299996,0.9545109446938528,-40.00000_-10.00000,0.95130754,1.5890927,-0.003203392,-0.008307219
L0000.ANS,-40.0,0.0,8.000085600032,2002/01/00,0,3.75,TOTAL,1.6402,0.10486,microSv/hr,ICRP Pub. 103 EFFECTIVE DOSE,-0.6427876096865393,0.766044443118978,0.0,1.0,-1.062489299996,0.9708546718645221,-40.00000_0.00000,0.97142833,1.641715,0.0005736351,0.0015149117
L0000.ANS,-40.0,10.0,8.000085600032,2002/01/00,0,3.5,TOTAL,1.669,0.10581,microSv/hr,ICRP Pub. 103 EFFECTIVE DOSE,-0.6427876096865393,0.766044443118978,0.17364817766693033,0.984807753012208,-1.062489299996,0.981703870422387,-40.00000_10.00000,0.97995454,1.6643351,-0.0017493367,-0.004664898
L0000.ANS,-40.0,20.0,8.000085600032,2002/01/00,0,3.46,TOTAL,1.6728,0.10594,microSv/hr,ICRP Pub. 103 EFFECTIVE DOSE,-0.6427876096865393,0.766044443118978,0.3420201433256687,0.9396926207859084,-1.062489299996,0.9831266120604097,-40.00000_20.00000,0.9775559,1.657952,-0.0055707693,-0.014848113
L0000.ANS,-40.0,30.0,8.000085600032,2002/01/00,0,3.44,TOTAL,1.6757,0.10605,microSv/hr,ICRP Pub. 103 EFFECTIVE DOSE,-0.6427876096865393,0.766044443118978,0.49999999999999994,0.8660254037844387,-1.062489299996,0.9842110283581343,-40.00000_30.00000,0.9852496,1.6784803,0.0010385513,0.0027803183
L0000.ANS,-40.0,40.0,8.000085600032,2002/01/00,0,3.32,TOTAL,1.689,0.10675,microSv/hr,ICRP Pub. 103 EFFECTIVE DOSE,-0.6427876096865393,0.766044443118978,0.6427876096865393,0.766044443118978,-1.062489299996,0.9891693772867276,-40.00000_40.00000,0.99213654,1.6969905,0.0029671788,0.007990599
L0000.ANS,-40.0,50.0,8.000085600032,2002/01/00,0,3.14,TOTAL,1.7083,0.10718,microSv/hr,ICRP Pub. 103 EFFECTIVE DOSE,-0.6427876096865393,0.766044443118978,0.766044443118978,0.6427876096865394,-1.062489299996,0.9963211317796434,-40.00000_50.00000,1.0026758,1.7255651,0.00635463,0.017264962
L0000.ANS,-40.0,60.0,8.000085600032,2002/01/00,0,2.9,TOTAL,1.733,0.10806,microSv/hr,ICRP Pub. 103 EFFECTIVE DOSE,-0.6427876096865393,0.766044443118978,0.8660254037844386,0.5000000000000001,-1.062489299996,1.005399906945931,-40.00000_60.00000,1.0094985,1.7442243,0.0040985346,0.01122427
L0000.ANS,-40.0,70.0,8.000085600032,2002/01/00,0,2.63,TOTAL,1.7592,0.1088,microSv/hr,ICRP Pub. 103 EFFECTIVE DOSE,-0.6427876096865393,0.766044443118978,0.9396926207859083,0.3420201433256688,-1.062489299996,1.0149407826404941,-40.00000_70.00000,1.0144801,1.7579292,-0.0004606247,-0.0012706518
L0000.ANS,-40.0,80.0,8.000085600032,2002/01/00,0,2.4,TOTAL,1.7801,0.10929,microSv/hr,ICRP Pub. 103 EFFECTIVE DOSE,-0.6427876096865393,0.766044443118978,0.984807753012208,0.17364817766693041,-1.062489299996,1.0224868982786184,-40.00000_80.00000,1.0219538,1.7786183,-0.00053310394,-0.0014817715
L0000.ANS,-40.0,90.0,8.000085600032,2002/01/00,0,2.15,TOTAL,1.8007,0.10965,microSv/hr,ICRP Pub. 103 EFFECTIVE DOSE,-0.6427876096865393,0.766044443118978,1.0,6.123233995736766e-17,-1.062489299996,1.0298693859363657,-40.00000_90.00000,1.0267838,1.7920716,-0.0030856133,-0.008628607
L0000.ANS,-40.0,100.0,8.000085600032,2002/01/00,0,2.06,TOTAL,1.8074,0.10969,microSv/hr,ICRP Pub. 103 EFFECTIVE DOSE,-0.6427876096865393,0.766044443118978,0.984807753012208,-0.1736481776669303,-1.062489299996,1.0322587881180885,-40.00000_100.00000,1.0246893,1.7862296,-0.0075694323,-0.021170259
L0000.ANS,-40.0,110.0,8.000085600032,2002/01/00,0,2.05,TOTAL,1.8082,0.10971,microSv/hr,ICRP Pub. 103 EFFECTIVE DOSE,-0.6427876096865393,0.766044443118978,0.9396926207859084,-0.3420201433256687,-1.062489299996,1.0325437086984048,-40.00000_110.00000,1.0303408,1.8020205,-0.0022028685,-0.0061793327
L0000.ANS,-40.0,120.0,8.000085600032,2002/01/00,0,2.08,TOTAL,1.8059,0.10968,microSv/hr,ICRP Pub. 103 EFFECTIVE DOSE,-0.6427876096865393,0.766044443118978,0.8660254037844387,-0.4999999999999998,-1.062489299996,1.031724343126478,-40.00000_120.00000,1.0360265,1.8179973,0.004302144,0.012097359
L0000.ANS,-40.0,130.0,8.000085600032,2002/01/00,0,2.2,TOTAL,1.7967,0.10954,microSv/hr,ICRP Pub. 103 EFFECTIVE DOSE,-0.6427876096865393,0.766044443118978,0.766044443118978,-0.6427876096865394,-1.062489299996,1.0284401506911074,-40.00000_130.00000,1.0315222,1.8053327,0.003082037,0.008632779
L0000.ANS,-40.0,140.0,8.000085600032,2002/01/00,0,2.36,TOTAL,1.7834,0.10932,microSv/hr,ICRP Pub. 103 EFFECTIVE DOSE,-0.6427876096865393,0.766044443118978,0.6427876096865395,-0.7660444431189779,-1.062489299996,1.0236732020036161,-40.00000_140.00000,1.0230374,1.781631,-0.00063574314,-0.0017689466
L0000.ANS,-40.0,150.0,8.000085600032,2002/01/00,0,2.63,TOTAL,1.7589,0.1088,microSv/hr,ICRP Pub. 103 EFFECTIVE DOSE,-0.6427876096865393,0.766044443118978,0.49999999999999994,-0.8660254037844387,-1.062489299996,1.0148320495619723,-40.00000_150.00000,1.0200961,1.7734611,0.005264044,0.014561176
L0000.ANS,-40.0,160.0,8.000085600032,2002/01/00,0,3.0,TOTAL,1.7231,0.10776,microSv/hr,ICRP Pub. 103 EFFECTIVE DOSE,-0.6427876096865393,0.766044443118978,0.3420201433256689,-0.9396926207859083,-1.062489299996,1.0017709372185544,-40.00000_160.00000,0.99811745,1.7131693,-0.0036535263,-0.009930849
L0000.ANS,-40.0,170.0,8.000085600032,2002/01/00,0,3.45,TOTAL,1.6746,0.10601,microSv/hr,ICRP Pub. 103 EFFECTIVE DOSE,-0.6427876096865393,0.766044443118978,0.17364817766693028,-0.984807753012208,-1.062489299996,0.9837998364565592,-40.00000_170.00000,0.9828836,1.6721505,-0.0009162426,-0.0024493933
L0000.ANS,-35.0,-179.99999,8.000085600032,2002/01/00,0,5.5,TOTAL,1.4354,0.094948,microSv/hr,ICRP Pub. 103 EFFECTIVE DOSE,-0.573576436351046,0.8191520442889918,-1.745329251238221e-07,-0.9999999999999848,-1.062489299996,0.89011101409077,-35.00000_-179.99999,0.8800826,1.4110988,-0.010028422,-0.024301171
L0000.ANS,-35.0,-170.0,8.000085600032,2002/01/00,0,6.09,TOTAL,1.3712,0.091496,microSv/hr,ICRP Pub. 103 EFFECTIVE DOSE,-0.573576436351046,0.8191520442889918,-0.17364817766693028,-0.984807753012208,-1.062489299996,0.8633961561196307,-35.00000_-170.00000,0.85580415,1.353266,-0.0075920224,-0.017934084
L0000.ANS,-35.0,-160.0,8.000085600032,2002/01/00,0,6.79,TOTAL,1.2999,0.087449,microSv/hr,ICRP Pub. 103 EFFECTIVE DOSE,-0.573576436351046,0.8191520442889918,-0.3420201433256689,-0.9396926207859083,-1.062489299996,0.8328656437290275,-35.00000_-160.00000,0.8308172,1.2951937,-0.0020484328,-0.0047063828
L0000.ANS,-35.0,-150.0,8.000085600032,2002/01/00,0,7.8,TOTAL,1.209,0.081476,microSv/hr,ICRP Pub. 103 EFFECTIVE DOSE,-0.573576436351046,0.8191520442889918,-0.49999999999999994,-0.8660254037844387,-1.062489299996,0.7925399244379802,-35.00000_-150.00000,0.8031213,1.2324984,0.010581374,0.023498297
L0000.ANS,-35.0,-140.0,8.000085600032,2002/01/00,0,8.57,TOTAL,1.1466,0.078011,microSv/hr,ICRP Pub. 103 EFFECTIVE DOSE,-0.573576436351046,0.8191520442889918,-0.6427876096865395,-0.7660444431189779,-1.062489299996,0.763885195065287,-35.00000_-140.00000,0.77279043,1.1658013,0.008905232,0.019201279
L0000.ANS,-35.0,-130.0,8.000085600032,2002/01/00,0,8.49,TOTAL,1.1523,0.078696,microSv/hr,ICRP Pub. 103 EFFECTIVE DOSE,-0.573576436351046,0.8191520442889918,-0.766044443118978,-0.6427876096865394,-1.062489299996,0.7665370377879964,-35.00000_-130.00000,0.73632956,1.0882566,-0.030207455,-0.06404328
L0000.ANS,-35.0,-120.0,8.000085600032,2002/01/00,0,9.83,TOTAL,1.0387,0.069887,microSv/hr,ICRP Pub. 103 EFFECTIVE DOSE,-0.573576436351046,0.8191520442889918,-0.8660254037844387,-0.4999999999999998,-1.062489299996,0.7123123498209561,-35.00000_-120.00000,0.70855045,1.0310451,-0.0037618876,-0.0076549053
L0000.ANS,-35.0,-110.0,8.000085600032,2002/01/00,0,10.65,TOTAL,0.97779,0.066027,microSv/hr,ICRP Pub. 103 EFFECTIVE DOSE,-0.573576436351046,0.8191520442889918,-0.9396926207859084,-0.3420201433256687,-1.062489299996,0.6819800597180062,-35.00000_-110.00000,0.68282926,0.97947025,0.0008491874,0.0016802549
L0000.ANS,-35.0,-100.0,8.000085600032,2002/01/00,0,10.72,TOTAL,0.97376,0.0656,microSv/hr,ICRP Pub. 103 EFFECTIVE DOSE,-0.573576436351046,0.8191520442889918,-0.984807753012208,-0.1736481776669303,-1.062489299996,0.6799403530726635,-35.00000_-100.00000,0.6685689,0.9514426,-0.011371434,-0.02231741
L0000.ANS,-35.0,-90.0,8.000085600032,2002/01/00,0,10.51,TOTAL,0.98625,0.067005,microSv/hr,ICRP Pub. 103 EFFECTIVE DOSE,-0.573576436351046,0.8191520442889918,-1.0,6.123233995736766e-17,-1.062489299996,0.6862484388687886,-35.00000_-90.00000,0.6793354,0.97256637,-0.0069130063,-0.013683617
L0000.ANS,-35.0,-80.0,8.000085600032,2002/01/00,0,10.07,TOTAL,1.0188,0.068614,microSv/hr,ICRP Pub. 103 EFFECTIVE DOSE,-0.573576436351046,0.8191520442889918,-0.984807753012208,0.17364817766693041,-1.062489299996,0.7025032754839702,-35.00000_-80.00000,0.7055304,1.0249205,0.003027141,0.0061204433
L0000.ANS,-35.0,-70.0,8.000085600032,2002/01/00,0,9.54,TOTAL,1.0625,0.072152,microSv/hr,ICRP Pub. 103 EFFECTIVE DOSE,-0.573576436351046,0.8191520442889918,-0.9396926207859083,0.3420201433256688,-1.062489299996,0.723918839226699,-35.00000_-70.00000,0.7152903,1.0447803,-0.008628547,-0.017719746
L0000.ANS,-35.0,-60.0,8.000085600032,2002/01/00,0,8.82,TOTAL,1.1254,0.075902,microSv/hr,ICRP Pub. 103 EFFECTIVE DOSE,-0.573576436351046,0.8191520442889918,-0.8660254037844386,0.5000000000000001,-1.062489299996,0.7539600199564577,-35.00000_-60.00000,0.74878097,1.1144209,-0.0051790476,-0.010979056
L0000.ANS,-35.0,-50.0,8.000085600032,2002/01/00,0,7.95,TOTAL,1.196,0.080529,microSv/hr,ICRP Pub. 103 EFFECTIVE DOSE,-0.573576436351046,0.8191520442889918,-0.766044443118978,0.6427876096865394,-1.062489299996,0.7866375236472842,-35.00000_-50.00000,0.78927416,1.2017977,0.0026366115,0.0057976246
L0000.ANS,-35.0,-40.0,8.000085600032,2002/01/00,0,6.86,TOTAL,1.2934,0.086877,microSv/hr,ICRP Pub. 103 EFFECTIVE DOSE,-0.573576436351046,0.8191520442889918,-0.6427876096865393,0.766044443118978,-1.062489299996,0.830035432622067,-35.00000_-40.00000,0.8217517,1.2744806,-0.008283734,-0.018919468
L0000.ANS,-35.0,-30.0,8.000085600032,2002/01/00,0,6.31,TOTAL,1.3483,0.090094,microSv/hr,ICRP Pub. 103 EFFECTIVE DOSE,-0.573576436351046,0.8191520442889918,-0.49999999999999994,0.8660254037844387,-1.062489299996,0.8536916621176325,-35.00000_-30.00000,0.85873264,1.3601676,0.005041003,0.011867642
L0000.ANS,-35.0,-20.0,8.000085600032,2002/01/00,0,5.57,TOTAL,1.4273,0.094541,microSv/hr,ICRP Pub. 103 EFFECTIVE DOSE,-0.573576436351046,0.8191520442889918,-0.3420201433256687,0.9396926207859084,-1.062489299996,0.8867795284997666,-35.00000_-20.00000,0.887153,1.4282068,0.0003734827,0.00090682507
L0000.ANS,-35.0,-10.0,8.000085600032,2002/01/00,0,4.94,TOTAL,1.5004,0.098386,microSv/hr,ICRP Pub. 103 EFFECTIVE DOSE,-0.573576436351046,0.8191520442889918,-0.17364817766693033,0.984807753012208,-1.062489299996,0.9164507190755202,-35.00000_-10.00000,0.90996164,1.4842272,-0.006489098,-0.016172886
L0000.ANS,-35.0,0.0,8.000085600032,2002/01/00,0,4.57,TOTAL,1.5436,0.10096,microSv/hr,ICRP Pub. 103 EFFECTIVE DOSE,-0.573576436351046,0.8191520442889918,0.0,1.0,-1.062489299996,0.9335804004111157,-35.00000_0.00000,0.932232,1.5401726,-0.0013483763,-0.0034273863
L0000.ANS,-35.0,10.0,8.000085600032,2002/01/00,0,4.41,TOTAL,1.5627,0.10141,microSv/hr,ICRP Pub. 103 EFFECTIVE DOSE,-0.573576436351046,0.8191520442889918,0.17364817766693033,0.984807753012208,-1.062489299996,0.9410613901993667,-35.00000_10.00000,0.94220316,1.5656277,0.0011417866,0.002927661
L0000.ANS,-35.0,20.0,8.000085600032,2002/01/00,0,4.32,TOTAL,1.5734,0.10188,microSv/hr,ICRP Pub. 103 EFFECTIVE DOSE,-0.573576436351046,0.8191520442889918,0.3420201433256687,0.9396926207859084,-1.062489299996,0.9452279817687527,-35.00000_20.00000,0.93828833,1.5556033,-0.0069396496,-0.017796755
L0000.ANS,-35.0,30.0,8.000085600032,2002/01/00,0,4.33,TOTAL,1.572,0.10181,microSv/hr,ICRP Pub. 103 EFFECTIVE DOSE,-0.573576436351046,0.8191520442889918,0.49999999999999994,0.8660254037844387,-1.062489299996,0.944683806375373,-35.00000_30.00000,0.9430801,1.5678787,-0.001603663,-0.0041213036
L0000.ANS,-35.0,40.0,8.000085600032,2002/01/00,0,4.41,TOTAL,1.5632,0.10142,microSv/hr,ICRP Pub. 103 EFFECTIVE DOSE,-0.573576436351046,0.8191520442889918,0.6427876096865393,0.766044443118978,-1.062489299996,0.941256477891903,-35.00000_40.00000,0.941652,1.564214,0.00039553642,0.0010139942
L0000.ANS,-35.0,50.0,8.000085600032,2002/01/00,0,4.28,TOTAL,1.5781,0.10212,microSv/hr,ICRP Pub. 103 EFFECTIVE DOSE,-0.573576436351046,0.8191520442889918,0.766044443118978,0.6427876096865394,-1.062489299996,0.9470526935241959,-35.00000_50.00000,0.951224,1.5888766,0.004171312,0.01077652
L0000.ANS,-35.0,60.0,8.000085600032,2002/01/00,0,4.15,TOTAL,1.5935,0.10314,microSv/hr,ICRP Pub. 103 EFFECTIVE DOSE,-0.573576436351046,0.8191520442889918,0.8660254037844386,0.5000000000000001,-1.062489299996,0.9530083148093178,-35.00000_60.00000,0.95129955,1.5890721,-0.001708746,-0.0044277906
L0000.ANS,-35.0,70.0,8.000085600032,2002/01/00,0,4.0,TOTAL,1.6108,0.10365,microSv/hr,ICRP Pub. 103 EFFECTIVE DOSE,-0.573576436351046,0.8191520442889918,0.9396926207859083,0.3420201433256688,-1.062489299996,0.9596566877789253,-35.00000_70.00000,0.9592935,1.6098518,-0.0003632307,-0.0009481907
L0000.ANS,-35.0,80.0,8.000085600032,2002/01/00,0,3.7,TOTAL,1.6453,0.1052,microSv/hr,ICRP Pub. 103 EFFECTIVE DOSE,-0.573576436351046,0.8191520442889918,0.984807753012208,0.17364817766693041,-1.062489299996,0.9727844804286195,-35.00000_80.00000,0.97875583,1.6611433,0.005971372,0.015843391
L0000.ANS,-35.0,90.0,8.000085600032,2002/01/00,0,3.49,TOTAL,1.6694,0.10582,microSv/hr,ICRP Pub. 103 EFFECTIVE DOSE,-0.573576436351046,0.8191520442889918,1.0,6.123233995736766e-17,-1.062489299996,0.981853728057914,-35.00000_90.00000,0.98384374,1.6747174,0.0019900203,0.0053174496
L0000.ANS,-35.0,100.0,8.000085600032,2002/01/00,0,3.43,TOTAL,1.6766,0.10609,microSv/hr,ICRP Pub. 103 EFFECTIVE DOSE,-0.573576436351046,0.8191520442889918,0.984807753012208,-0.1736481776669303,-1.062489299996,0.984547332380137,-35.00000_100.00000,0.97742975,1.6576167,-0.0071175694,-0.018983245
L0000.ANS,-35.0,110.0,8.000085600032,2002/01/00,0,3.41,TOTAL,1.6783,0.10617,microSv/hr,ICRP Pub. 103 EFFECTIVE DOSE,-0.573576436351046,0.8191520442889918,0.9396926207859084,-0.3420201433256687,-1.062489299996,0.985182264893204,-35.00000_110.00000,0.97834265,1.660044,-0.006839633,-0.018256068
L0000.ANS,-35.0,120.0,8.000085600032,2002/01/00,0,3.4,TOTAL,1.6794,0.10622,microSv/hr,ICRP Pub. 103 EFFECTIVE DOSE,-0.573576436351046,0.8191520442889918,0.8660254037844387,-0.4999999999999998,-1.062489299996,0.9855928888607484,-35.00000_120.00000,0.97878236,1.6612139,-0.006810546,-0.018186092
L0000.ANS,-35.0,130.0,8.000085600032,2002/01/00,0,3.54,TOTAL,1.6636,0.10567,microSv/hr,ICRP Pub. 103 EFFECTIVE DOSE,-0.573576436351046,0.8191520442889918,0.766044443118978,-0.6427876096865394,-1.062489299996,0.9796785912543302,-35.00000_130.00000,0.9756236,1.6528211,-0.0040549636,-0.010778904
L0000.ANS,-35.0,140.0,8.000085600032,2002/01/00,0,3.77,TOTAL,1.6373,0.10468,microSv/hr,ICRP Pub. 103 EFFECTIVE DOSE,-0.573576436351046,0.8191520442889918,0.6427876096865395,-0.7660444431189779,-1.062489299996,0.9697556665431055,-35.00000_140.00000,0.9648933,1.6245075,-0.004862368,-0.012792468
L0000.ANS,-35.0,150.0,8.000085600032,2002/01/00,0,4.17,TOTAL,1.5912,0.10296,microSv/hr,ICRP Pub. 103 EFFECTIVE DOSE,-0.573576436351046,0.8191520442889918,0.49999999999999994,-0.8660254037844387,-1.062489299996,0.9521210888749825,-35.00000_150.00000,0.94867074,1.5822749,-0.003450334,-0.00892508
L0000.ANS,-35.0,160.0,8.000085600032,2002/01/00,0,4.6,TOTAL,1.5397,0.10094,microSv/hr,ICRP Pub. 103 EFFECTIVE DOSE,-0.573576436351046,0.8191520442889918,0.3420201433256689,-0.9396926207859083,-1.062489299996,0.9320459638186616,-35.00000_160.00000,0.9264357,1.5254915,-0.0056102276,-0.014208436
L0000.ANS,-35.0,170.0,8.000085600032,2002/01/00,0,5.04,TOTAL,1.4886,0.097977,microSv/hr,ICRP Pub. 103 EFFECTIVE DOSE,-0.573576436351046,0.8191520442889918,0.17364817766693028,-0.984807753012208,-1.062489299996,0.9117203033593937,-35.00000_170.00000,0.9003433,1.4604477,-0.011376977,-0.028152227
L0000.ANS,-30.0,-179.99999,8.000085600032,2002/01/00,0,7.8,TOTAL,1.209,0.081476,microSv/hr,ICRP Pub. 103 EFFECTIVE DOSE,-0.49999999999999994,0.8660254037844387,-1.745329251238221e-07,-0.9999999999999848,-1.062489299996,0.7925399244379802,-30.00000_-179.99999,0.7970444,1.2189728,0.004504442,0.009972692
L0000.ANS,-30.0,-170.0,8.000085600032,2002/01/00,0,8.75,TOTAL,1.1322,0.076511,microSv/hr,ICRP Pub. 103 EFFECTIVE DOSE,-0.49999999999999994,0.8660254037844387,-0.17364817766693028,-0.984807753012208,-1.062489299996,0.7571543105342378,-30.00000_-170.00000,0.76857185,1.156684,0.011417568,0.024484038
L0000.ANS,-30.0,-160.0,8.000085600032,2002/01/00,0,9.41,TOTAL,1.073,0.07342,microSv/hr,ICRP Pub. 103 EFFECTIVE DOSE,-0.49999999999999994,0.8660254037844387,-0.3420201433256689,-0.9396926207859083,-1.062489299996,0.7289968334536425,-30.00000_-160.00000,0.73495406,1.0853862,0.005957246,0.012386203
L0000.ANS,-30.0,-150.0,8.000085600032,2002/01/00,0,8.87,TOTAL,1.1212,0.075571,microSv/hr,ICRP Pub. 103 EFFECTIVE DOSE,-0.49999999999999994,0.8660254037844387,-0.49999999999999994,-0.8660254037844387,-1.062489299996,0.7519819662808379,-30.00000_-150.00000,0.7207029,1.0558778,-0.031279087,-0.06532216
L0000.ANS,-30.0,-140.0,8.000085600032,2002/01/00,0,10.0,TOTAL,1.0252,0.069008,microSv/hr,ICRP Pub. 103 EFFECTIVE DOSE,-0.49999999999999994,0.8660254037844387,-0.6427876096865395,-0.7660444431189779,-1.062489299996,0.705668461113617,-30.00000_-140.00000,0.6935483,1.0008024,-0.012120128,-0.024397612
L0000.ANS,-30.0,-130.0,8.000085600032,2002/01/00,0,11.29,TOTAL,0.94128,0.062992,microSv/hr,ICRP Pub. 103 EFFECTIVE DOSE,-0.49999999999999994,0.8660254037844387,-0.766044443118978,-0.6427876096865394,-1.062489299996,0.6633475493214258,-30.00000_-130.00000,0.6722638,0.9586663,0.008916259,0.017386317
L0000.ANS,-30.0,-120.0,8.000085600032,2002/01/00,0,11.51,TOTAL,0.92943,0.062327,microSv/hr,ICRP Pub. 103 EFFECTIVE DOSE,-0.49999999999999994,0.8660254037844387,-0.8660254037844387,-0.4999999999999998,-1.062489299996,0.6572246225087317,-30.00000_-120.00000,0.66669095,0.9477813,0.00946635,0.018351376
L0000.ANS,-30.0,-110.0,8.000085600032,2002/01/00,0,11.57,TOTAL,0.92578,0.062177,microSv/hr,ICRP Pub. 103 EFFECTIVE DOSE,-0.49999999999999994,0.8660254037844387,-0.9396926207859084,-0.3420201433256687,-1.062489299996,0.6553310804756959,-30.00000_-110.00000,0.65495753,0.92506075,-0.0003735423,-0.00071924925
L0000.ANS,-30.0,-100.0,8.000085600032,2002/01/00,0,11.5,TOTAL,0.92989,0.062348,microSv/hr,ICRP Pub. 103 EFFECTIVE DOSE,-0.49999999999999994,0.8660254037844387,-0.984807753012208,-0.1736481776669303,-1.062489299996,0.6574630064738749,-30.00000_-100.00000,0.6526618,0.9206464,-0.0048012137,-0.0092436075
L0000.ANS,-30.0,-90.0,8.000085600032,2002/01/00,0,11.29,TOTAL,0.94141,0.063,microSv/hr,ICRP Pub. 103 EFFECTIVE DOSE,-0.49999999999999994,0.8660254037844387,-1.0,6.123233995736766e-17,-1.062489299996,0.663414513204738,-30.00000_-90.00000,0.6607877,0.93631697,-0.0026268363,-0.0050930977
L0000.ANS,-30.0,-80.0,8.000085600032,2002/01/00,0,10.89,TOTAL,0.9642,0.064691,microSv/hr,ICRP Pub. 103 EFFECTIVE DOSE,-0.49999999999999994,0.8660254037844387,-0.984807753012208,0.17364817766693041,-1.062489299996,0.6750850377415368,-30.00000_-80.00000,0.679463,0.9728181,0.0043780208,0.008618116
L0000.ANS,-30.0,-70.0,8.000085600032,2002/01/00,0,10.36,TOTAL,0.99561,0.067726,microSv/hr,ICRP Pub. 103 EFFECTIVE DOSE,-0.49999999999999994,0.8660254037844387,-0.9396926207859083,0.3420201433256688,-1.062489299996,0.6909497680164435,-30.00000_-70.00000,0.6915768,0.99686164,0.00062698126,0.0012515783
L0000.ANS,-30.0,-60.0,8.000085600032,2002/01/00,0,9.79,TOTAL,1.0416,0.070117,microSv/hr,ICRP Pub. 103 EFFECTIVE DOSE,-0.49999999999999994,0.8660254037844387,-0.8660254037844386,0.5000000000000001,-1.062489299996,0.7137338141683337,-30.00000_-60.00000,0.7173487,1.0489935,0.0036149025,0.0073934793
L0000.ANS,-30.0,-50.0,8.000085600032,2002/01/00,0,9.0,TOTAL,1.1092,0.074762,microSv/hr,ICRP Pub. 103 EFFECTIVE DOSE,-0.49999999999999994,0.8660254037844387,-0.766044443118978,0.6427876096865394,-1.062489299996,0.7463087286741776,-30.00000_-50.00000,0.7452915,1.1070555,-0.0010172725,-0.002144456
L0000.ANS,-30.0,-40.0,8.000085600032,2002/01/00,0,8.09,TOTAL,1.1846,0.079908,microSv/hr,ICRP Pub. 103 EFFECTIVE DOSE,-0.49999999999999994,0.8660254037844387,-0.6427876096865393,0.766044443118978,-1.062489299996,0.7814327454273058,-30.00000_-40.00000,0.78019935,1.1819072,-0.0012333989,-0.0026928186
L0000.ANS,-30.0,-30.0,8.000085600032,2002/01/00,0,7.1,TOTAL,1.2704,0.08534,microSv/hr,ICRP Pub. 103 EFFECTIVE DOSE,-0.49999999999999994,0.8660254037844387,-0.49999999999999994,0.8660254037844387,-1.062489299996,0.8199560274236412,-30.00000_-30.00000,0.8227691,1.2767959,0.0028131008,0.006395936
L0000.ANS,-30.0,-20.0,8.000085600032,2002/01/00,0,6.46,TOTAL,1.3324,0.089573,microSv/hr,ICRP Pub. 103 EFFECTIVE DOSE,-0.49999999999999994,0.8660254037844387,-0.3420201433256687,0.9396926207859084,-1.062489299996,0.8468977803658639,-30.00000_-20.00000,0.8470274,1.3327024,0.0001296401,0.00030243397
L0000.ANS,-30.0,-10.0,8.000085600032,2002/01/00,0,6.01,TOTAL,1.3793,0.092175,microSv/hr,ICRP Pub. 103 EFFECTIVE DOSE,-0.49999999999999994,0.8660254037844387,-0.17364817766693033,0.984807753012208,-1.062489299996,0.8668063267752466,-30.00000_-10.00000,0.8699514,1.3867949,0.0031450987,0.0074949265
L0000.ANS,-30.0,0.0,8.000085600032,2002/01/00,0,5.75,TOTAL,1.4073,0.093935,microSv/hr,ICRP Pub. 103 EFFECTIVE DOSE,-0.49999999999999994,0.8660254037844387,0.0,1.0,-1.062489299996,0.8785057875113967,-30.00000_0.00000,0.88624847,1.4260113,0.007742703,0.018711329
L0000.ANS,-30.0,10.0,8.000085600032,2002/01/00,0,5.68,TOTAL,1.4148,0.094098,microSv/hr,ICRP Pub. 103 EFFECTIVE DOSE,-0.49999999999999994,0.8660254037844387,0.17364817766693033,0.984807753012208,-1.062489299996,0.881616467940134,-30.00000_10.00000,0.8881233,1.4305639,0.0065068007,0.015763879
L0000.ANS,-30.0,20.0,8.000085600032,2002/01/00,0,5.75,TOTAL,1.407,0.093931,microSv/hr,ICRP Pub. 103 EFFECTIVE DOSE,-0.49999999999999994,0.8660254037844387,0.3420201433256687,0.9396926207859084,-1.062489299996,0.8783811588009349,-30.00000_20.00000,0.8833294,1.41894,0.0049482584,0.011940002
L0000.ANS,-30.0,30.0,8.000085600032,2002/01/00,0,5.92,TOTAL,1.3885,0.093056,microSv/hr,ICRP Pub. 103 EFFECTIVE DOSE,-0.49999999999999994,0.8660254037844387,0.49999999999999994,0.8660254037844387,-1.062489299996,0.8706655538478796,-30.00000_30.00000,0.86871374,1.3838427,-0.0019518137,-0.0046572685
L0000.ANS,-30.0,40.0,8.000085600032,2002/01/00,0,5.97,TOTAL,1.3827,0.092488,microSv/hr,ICRP Pub. 103 EFFECTIVE DOSE,-0.49999999999999994,0.8660254037844387,0.6427876096865393,0.766044443118978,-1.062489299996,0.8682342984584662,-30.00000_40.00000,0.86753714,1.3810395,-0.0006971359,-0.0016604662
L0000.ANS,-30.0,50.0,8.000085600032,2002/01/00,0,5.84,TOTAL,1.3973,0.093845,microSv/hr,ICRP Pub. 103 EFFECTIVE DOSE,-0.49999999999999994,0.8660254037844387,0.766044443118978,0.6427876096865394,-1.062489299996,0.8743431040663897,-30.00000_50.00000,0.8711198,1.3895853,-0.0032233,-0.0077147484
L0000.ANS,-30.0,60.0,8.000085600032,2002/01/00,0,5.63,TOTAL,1.4209,0.094287,microSv/hr,ICRP Pub. 103 EFFECTIVE DOSE,-0.49999999999999994,0.8660254037844387,0.8660254037844386,0.5000000000000001,-1.062489299996,0.88413937185707,-30.00000_60.00000,0.8744158,1.3974743,-0.009723544,-0.023425698
L0000.ANS,-30.0,70.0,8.000085600032,2002/01/00,0,5.48,TOTAL,1.4379,0.09509,microSv/hr,ICRP Pub. 103 EFFECTIVE DOSE,-0.49999999999999994,0.8660254037844387,0.9396926207859083,0.3420201433256688,-1.062489299996,0.8911370129906149,-30.00000_70.00000,0.8808197,1.4128766,-0.010317326,-0.025023341
L0000.ANS,-30.0,80.0,8.000085600032,2002/01/00,0,5.33,TOTAL,1.4558,0.096361,microSv/hr,ICRP Pub. 103 EFFECTIVE DOSE,-0.49999999999999994,0.8660254037844387,0.984807753012208,0.17364817766693041,-1.062489299996,0.8984525737442752,-30.00000_80.00000,0.8933007,1.4431806,-0.005151868,-0.012619495
L0000.ANS,-30.0,90.0,8.000085600032,2002/01/00,0,5.25,TOTAL,1.4648,0.097113,microSv/hr,ICRP Pub. 103 EFFECTIVE DOSE,-0.49999999999999994,0.8660254037844387,1.0,6.123233995736766e-17,-1.062489299996,0.9021106683003212,-30.00000_90.00000,0.9043131,1.4702345,0.0022023916,0.005434394
L0000.ANS,-30.0,100.0,8.000085600032,2002/01/00,0,5.22,TOTAL,1.4674,0.097352,microSv/hr,ICRP Pub. 103 EFFECTIVE DOSE,-0.49999999999999994,0.8660254037844387,0.984807753012208,-0.1736481776669303,-1.062489299996,0.9031649646552272,-30.00000_100.00000,0.9000764,1.459791,-0.0030885935,-0.007609129
L0000.ANS,-30.0,110.0,8.000085600032,2002/01/00,0,5.2,TOTAL,1.4694,0.097537,microSv/hr,ICRP Pub. 103 EFFECTIVE DOSE,-0.49999999999999994,0.8660254037844387,0.9396926207859084,-0.3420201433256687,-1.062489299996,0.9039752061515063,-30.00000_110.00000,0.9009999,1.4620637,-0.002975285,-0.007336259
L0000.ANS,-30.0,120.0,8.000085600032,2002/01/00,0,5.3,TOTAL,1.4587,0.09661,microSv/hr,ICRP Pub. 103 EFFECTIVE DOSE,-0.49999999999999994,0.8660254037844387,0.8660254037844387,-0.4999999999999998,-1.062489299996,0.8996327549780122,-30.00000_120.00000,0.8982354,1.4552667,-0.0013973713,-0.0034332275
L0000.ANS,-30.0,130.0,8.000085600032,2002/01/00,0,5.39,TOTAL,1.4482,0.095771,microSv/hr,ICRP Pub. 103 EFFECTIVE DOSE,-0.49999999999999994,0.8660254037844387,0.766044443118978,-0.6427876096865394,-1.062489299996,0.895353060659275,-30.00000_130.00000,0.89395964,1.4447911,-0.0013934374,-0.0034089088
L0000.ANS,-30.0,140.0,8.000085600032,2002/01/00,0,5.52,TOTAL,1.4335,0.094845,microSv/hr,ICRP Pub. 103 EFFECTIVE DOSE,-0.49999999999999994,0.8660254037844387,0.6427876096865395,-0.7660444431189779,-1.062489299996,0.889330550291372,-30.00000_140.00000,0.8900547,1.4352629,0.00072413683,0.001762867
L0000.ANS,-30.0,150.0,8.000085600032,2002/01/00,0,5.82,TOTAL,1.3987,0.093849,microSv/hr,ICRP Pub. 103 EFFECTIVE DOSE,-0.49999999999999994,0.8660254037844387,0.49999999999999994,-0.8660254037844387,-1.062489299996,0.8749269239328474,-30.00000_150.00000,0.87466687,1.3980763,-0.00026005507,-0.000623703
L0000.ANS,-30.0,160.0,8.000085600032,2002/01/00,0,6.29,TOTAL,1.3504,0.090191,microSv/hr,ICRP Pub. 103 EFFECTIVE DOSE,-0.49999999999999994,0.8660254037844387,0.3420201433256689,-0.9396926207859083,-1.062489299996,0.8545855264374758,-30.00000_160.00000,0.8468299,1.3322417,-0.007755637,-0.018158317
L0000.ANS,-30.0,170.0,8.000085600032,2002/01/00,0,6.94,TOTAL,1.2858,0.086279,microSv/hr,ICRP Pub. 103 EFFECTIVE DOSE,-0.49999999999999994,0.8660254037844387,0.17364817766693028,-0.984807753012208,-1.062489299996,0.8267160724813605,-30.00000_170.00000,0.81836426,1.266789,-0.008351803,-0.01901102
L0000.ANS,-25.0,-179.99999,8.000085600032,2002/01/00,0,9.88,TOTAL,1.0345,0.069579,microSv/hr,ICRP Pub. 103 EFFECTIVE DOSE,-0.42261826174069944,0.9063077870366499,-1.745329251238221e-07,-0.9999999999999848,-1.062489299996,0.7102500884596076,-25.00000_-179.99999,0.7076633,1.029244,-0.002586782,-0.005256057
L0000.ANS,-25.0,-170.0,8.000085600032,2002/01/00,0,10.32,TOTAL,0.99875,0.067788,microSv/hr,ICRP Pub. 103 EFFECTIVE DOSE,-0.42261826174069944,0.9063077870366499,-0.17364817766693028,-0.984807753012208,-1.062489299996,0.6925219851660269,-25.00000_-170.00000,0.68366116,0.98111767,-0.0088608265,-0.017632365
L0000.ANS,-25.0,-160.0,8.000085600032,2002/01/00,0,11.16,TOTAL,0.94881,0.06355,microSv/hr,ICRP Pub. 103 EFFECTIVE DOSE,-0.42261826174069944,0.9063077870366499,-0.3420201433256689,-0.9396926207859083,-1.062489299996,0.6672189298831654,-25.00000_-160.00000,0.66152835,0.93775165,-0.0056905746,-0.011058331
L0000.ANS,-25.0,-150.0,8.000085600032,2002/01/00,0,11.71,TOTAL,0.91834,0.06195,microSv/hr,ICRP Pub. 103 EFFECTIVE DOSE,-0.42261826174069944,0.9063077870366499,-0.49999999999999994,-0.8660254037844387,-1.062489299996,0.6514602287386203,-25.00000_-150.00000,0.6455492,0.90703404,-0.005911052,-0.011305988
L0000.ANS,-25.0,-140.0,8.000085600032,2002/01/00,0,12.18,TOTAL,0.89423,0.05984,microSv/hr,ICRP Pub. 103 EFFECTIVE DOSE,-0.42261826174069944,0.9063077870366499,-0.6427876096865395,-0.7660444431189779,-1.062489299996,0.6388124235051628,-25.00000_-140.00000,0.6431705,0.9025032,0.004358053,0.008273184
L0000.ANS,-25.0,-130.0,8.000085600032,2002/01/00,0,12.32,TOTAL,0.88761,0.059202,microSv/hr,ICRP Pub. 103 EFFECTIVE DOSE,-0.42261826174069944,0.9063077870366499,-0.766044443118978,-0.6427876096865394,-1.062489299996,0.6353114785886329,-25.00000_-130.00000,0.6382372,0.8931407,0.002925694,0.0055306554
L0000.ANS,-25.0,-120.0,8.000085600032,2002/01/00,0,12.36,TOTAL,0.88586,0.059046,microSv/hr,ICRP Pub. 103 EFFECTIVE DOSE,-0.42261826174069944,0.9063077870366499,-0.8660254037844387,-0.4999999999999998,-1.062489299996,0.6343839502789012,-25.00000_-120.00000,0.6385508,0.8937345,0.0041668415,0.007874489
L0000.ANS,-25.0,-110.0,8.000085600032,2002/01/00,0,12.31,TOTAL,0.88821,0.059256,microSv/hr,ICRP Pub. 103 EFFECTIVE DOSE,-0.42261826174069944,0.9063077870366499,-0.9396926207859084,-0.3420201433256687,-1.062489299996,0.6356292903514025,-25.00000_-110.00000,0.6384543,0.89355177,0.0028250217,0.0053417683
L0000.ANS,-25.0,-100.0,8.000085600032,2002/01/00,0,12.15,TOTAL,0.89609,0.060033,microSv/hr,ICRP Pub. 103 EFFECTIVE DOSE,-0.42261826174069944,0.9063077870366499,-0.984807753012208,-0.1736481776669303,-1.062489299996,0.6397938710606738,-25.00000_-100.00000,0.6362597,0.88940066,-0.0035341978,-0.0066893697
L0000.ANS,-25.0,-90.0,8.000085600032,2002/01/00,0,11.89,TOTAL,0.90847,0.06146,microSv/hr,ICRP Pub. 103 EFFECTIVE DOSE,-0.42261826174069944,0.9063077870366499,-1.0,6.123233995736766e-17,-1.062489299996,0.6463018739284344,-25.00000_-90.00000,0.6452709,0.9065034,-0.0010309815,-0.0019665956
L0000.ANS,-25.0,-80.0,8.000085600032,2002/01/00,0,11.55,TOTAL,0.92713,0.062229,microSv/hr,ICRP Pub. 103 EFFECTIVE DOSE,-0.42261826174069944,0.9063077870366499,-0.984807753012208,0.17364817766693041,-1.062489299996,0.6560318495334969,-25.00000_-80.00000,0.65291286,0.92112863,-0.0031189919,-0.0060013533
L0000.ANS,-25.0,-70.0,8.000085600032,2002/01/00,0,11.14,TOTAL,0.94942,0.063589,microSv/hr,ICRP Pub. 103 EFFECTIVE DOSE,-0.42261826174069944,0.9063077870366499,-0.9396926207859083,0.3420201433256688,-1.062489299996,0.6675318924353899,-25.00000_-70.00000,0.6712808,0.9567419,0.0037488937,0.007321894
L0000.ANS,-25.0,-60.0,8.000085600032,2002/01/00,0,10.61,TOTAL,0.98014,0.066287,microSv/hr,ICRP Pub. 103 EFFECTIVE DOSE,-0.42261826174069944,0.9063077870366499,-0.8660254037844386,0.5000000000000001,-1.062489299996,0.6831675492775239,-25.00000_-60.00000,0.6828643,0.97953963,-0.00030326843,-0.0006003976
L0000.ANS,-25.0,-50.0,8.000085600032,2002/01/00,0,10.0,TOTAL,1.0251,0.069006,microSv/hr,ICRP Pub. 103 EFFECTIVE DOSE,-0.42261826174069944,0.9063077870366499,-0.766044443118978,0.6427876096865394,-1.062489299996,0.7056190820552656,-25.00000_-50.00000,0.71234465,1.0387658,0.0067255497,0.013665795
L0000.ANS,-25.0,-40.0,8.000085600032,2002/01/00,0,9.23,TOTAL,1.0889,0.073803,microSv/hr,ICRP Pub. 103 EFFECTIVE DOSE,-0.42261826174069944,0.9063077870366499,-0.6427876096865393,0.766044443118978,-1.062489299996,0.7366376116344737,-25.00000_-40.00000,0.73414165,1.0836927,-0.0024959445,-0.0052073
L0000.ANS,-25.0,-30.0,8.000085600032,2002/01/00,0,8.36,TOTAL,1.162,0.079155,microSv/hr,ICRP Pub. 103 EFFECTIVE DOSE,-0.42261826174069944,0.9063077870366499,-0.49999999999999994,0.8660254037844387,-1.062489299996,0.7710337192170165,-25.00000_-30.00000,0.771176,1.1623076,0.00014227629,0.00030767918
L0000.ANS,-25.0,-20.0,8.000085600032,2002/01/00,0,7.6,TOTAL,1.2253,0.083028,microSv/hr,ICRP Pub. 103 EFFECTIVE DOSE,-0.42261826174069944,0.9063077870366499,-0.3420201433256687,0.9396926207859084,-1.062489299996,0.7998917379899333,-25.00000_-20.00000,0.8026203,1.2313801,0.0027285814,0.0060801506
L0000.ANS,-25.0,-10.0,8.000085600032,2002/01/00,0,7.1,TOTAL,1.2711,0.085374,microSv/hr,ICRP Pub. 103 EFFECTIVE DOSE,-0.42261826174069944,0.9063077870366499,-0.17364817766693033,0.984807753012208,-1.062489299996,0.8202642956194105,-25.00000_-10.00000,0.81371194,1.2562675,-0.0065523386,-0.014832377
L0000.ANS,-25.0,0.0,8.000085600032,2002/01/00,0,7.0,TOTAL,1.2807,0.085932,microSv/hr,ICRP Pub. 103 EFFECTIVE DOSE,-0.42261826174069944,0.9063077870366499,0.0,1.0,-1.062489299996,0.8244824133899672,-25.00000_0.00000,0.8326299,1.2993579,0.008147478,0.018657804
L0000.ANS,-25.0,10.0,8.000085600032,2002/01/00,0,7.06,TOTAL,1.2748,0.085574,microSv/hr,ICRP Pub. 103 EFFECTIVE DOSE,-0.42261826174069944,0.9063077870366499,0.17364817766693033,0.984807753012208,-1.062489299996,0.8218921364505075,-25.00000_10.00000,0.8299782,1.2932688,0.008086085,0.018468738
L0000.ANS,-25.0,20.0,8.000085600032,2002/01/00,0,7.37,TOTAL,1.2457,0.084545,microSv/hr,ICRP Pub. 103 EFFECTIVE DOSE,-0.42261826174069944,0.9063077870366499,0.3420201433256687,0.9396926207859084,-1.062489299996,0.8090172766023587,-25.00000_20.00000,0.82339674,1.2782252,0.014379442,0.03252518
L0000.ANS,-25.0,30.0,8.000085600032,2002/01/00,0,7.7,TOTAL,1.2172,0.082207,microSv/hr,ICRP Pub. 103 EFFECTIVE DOSE,-0.42261826174069944,0.9063077870366499,0.49999999999999994,0.8660254037844387,-1.062489299996,0.7962451385635125,-25.00000_30.00000,0.80211,1.2302418,0.0058648586,0.013041735
L0000.ANS,-25.0,40.0,8.000085600032,2002/01/00,0,8.05,TOTAL,1.1878,0.080061,microSv/hr,ICRP Pub. 103 EFFECTIVE DOSE,-0.42261826174069944,0.9063077870366499,0.6427876096865393,0.766044443118978,-1.062489299996,0.7828964727035533,-25.00000_40.00000,0.7797364,1.1808974,-0.0031600595,-0.0069025755
L0000.ANS,-25.0,50.0,8.000085600032,2002/01/00,0,8.2,TOTAL,1.1753,0.079551,microSv/hr,ICRP Pub. 103 EFFECTIVE DOSE,-0.42261826174069944,0.9063077870366499,0.766044443118978,0.6427876096865394,-1.062489299996,0.7771665860635196,-25.00000_50.00000,0.7720391,1.1641748,-0.0051274896,-0.011125207
L0000.ANS,-25.0,60.0,8.000085600032,2002/01/00,0,8.22,TOTAL,1.1735,0.079488,microSv/hr,ICRP Pub. 103 EFFECTIVE DOSE,-0.42261826174069944,0.9063077870366499,0.8660254037844386,0.5000000000000001,-1.062489299996,0.7763387714467097,-25.00000_60.00000,0.7763858,1.1736022,4.7028065e-05,0.00010228157
L0000.ANS,-25.0,70.0,8.000085600032,2002/01/00,0,7.99,TOTAL,1.1927,0.080324,microSv/hr,ICRP Pub. 103 EFFECTIVE DOSE,-0.42261826174069944,0.9063077870366499,0.9396926207859083,0.3420201433256688,-1.062489299996,0.7851336611723188,-25.00000_70.00000,0.7810958,1.183864,-0.004037857,-0.008836031
L0000.ANS,-25.0,80.0,8.000085600032,2002/01/00,0,7.69,TOTAL,1.2183,0.082312,microSv/hr,ICRP Pub. 103 EFFECTIVE DOSE,-0.42261826174069944,0.9063077870366499,0.984807753012208,0.17364817766693041,-1.062489299996,0.7967411367700513,-25.00000_80.00000,0.7904858,1.204467,-0.0062553287,-0.013832927
L0000.ANS,-25.0,90.0,8.000085600032,2002/01/00,0,7.52,TOTAL,1.2321,0.08379,microSv/hr,ICRP Pub. 103 EFFECTIVE DOSE,-0.42261826174069944,0.9063077870366499,1.0,6.123233995736766e-17,-1.062489299996,0.8029428463828295,-25.00000_90.00000,0.79949635,1.2244203,-0.0034465194,-0.007679701
L0000.ANS,-25.0,100.0,8.000085600032,2002/01/00,0,7.53,TOTAL,1.2313,0.083693,microSv/hr,ICRP Pub. 103 EFFECTIVE DOSE,-0.42261826174069944,0.9063077870366499,0.984807753012208,-0.1736481776669303,-1.062489299996,0.8025843752583206,-25.00000_100.00000,0.7975374,1.220067,-0.0050469637,-0.011232853
L0000.ANS,-25.0,110.0,8.000085600032,2002/01/00,0,7.61,TOTAL,1.2246,0.082954,microSv/hr,ICRP Pub. 103 EFFECTIVE DOSE,-0.42261826174069944,0.9063077870366499,0.9396926207859084,-0.3420201433256687,-1.062489299996,0.7995771241757919,-25.00000_110.00000,0.8000299,1.2256074,0.00045275688,0.0010074377
L0000.ANS,-25.0,120.0,8.000085600032,2002/01/00,0,7.65,TOTAL,1.2209,0.082575,microSv/hr,ICRP Pub. 103 EFFECTIVE DOSE,-0.42261826174069944,0.9063077870366499,0.8660254037844387,-0.4999999999999998,-1.062489299996,0.7979125191350254,-25.00000_120.00000,0.7974415,1.2198541,-0.0004710555,-0.0010459423
L0000.ANS,-25.0,130.0,8.000085600032,2002/01/00,0,7.72,TOTAL,1.2152,0.082026,microSv/hr,ICRP Pub. 103 EFFECTIVE DOSE,-0.42261826174069944,0.9063077870366499,0.766044443118978,-0.6427876096865394,-1.062489299996,0.795342692874615,-25.00000_130.00000,0.7930324,1.2100881,-0.002310276,-0.0051118135
L0000.ANS,-25.0,140.0,8.000085600032,2002/01/00,0,8.0,TOTAL,1.1921,0.080294,microSv/hr,ICRP Pub. 103 EFFECTIVE DOSE,-0.42261826174069944,0.9063077870366499,0.6427876096865395,-0.7660444431189779,-1.062489299996,0.7848599884831448,-25.00000_140.00000,0.78405076,1.1903268,-0.00080925226,-0.0017732382
L0000.ANS,-25.0,150.0,8.000085600032,2002/01/00,0,8.51,TOTAL,1.1508,0.078518,microSv/hr,ICRP Pub. 103 EFFECTIVE DOSE,-0.42261826174069944,0.9063077870366499,0.49999999999999994,-0.8660254037844387,-1.062489299996,0.765839865953386,-25.00000_150.00000,0.7652851,1.1496071,-0.00055480003,-0.0011929274
L0000.ANS,-25.0,160.0,8.000085600032,2002/01/00,0,9.15,TOTAL,1.0957,0.074089,microSv/hr,ICRP Pub. 103 EFFECTIVE DOSE,-0.42261826174069944,0.9063077870366499,0.3420201433256689,-0.9396926207859083,-1.062489299996,0.7398876264437602,-25.00000_160.00000,0.7437847,1.103883,0.003897071,0.0081830025
L0000.ANS,-25.0,170.0,8.000085600032,2002/01/00,0,9.82,TOTAL,1.0394,0.069944,microSv/hr,ICRP Pub. 103 EFFECTIVE DOSE,-0.42261826174069944,0.9063077870366499,0.17364817766693028,-0.984807753012208,-1.062489299996,0.7126556469479883,-25.00000_170.00000,0.71776867,1.0498542,0.0051130056,0.010454178
L0000.ANS,-20.0,-179.99999,8.000085600032,2002/01/00,0,12.44,TOTAL,0.88167,0.058694,microSv/hr,ICRP Pub. 103 EFFECTIVE DOSE,-0.3420201433256687,0.9396926207859084,-1.745329251238221e-07,-0.9999999999999848,-1.062489299996,0.6321596804111317,-20.00000_-179.99999,0.627218,0.8723943,-0.004941702,-0.009275734
L0000.ANS,-20.0,-170.0,8.000085600032,2002/01/00,0,12.72,TOTAL,0.86827,0.05762,microSv/hr,ICRP Pub. 103 EFFECTIVE DOSE,-0.3420201433256687,0.9396926207859084,-0.17364817766693028,-0.984807753012208,-1.062489299996,0.6250128689763683,-20.00000_-170.00000,0.6279425,0.8737514,0.002929628,0.0054813623
L0000.ANS,-20.0,-160.0,8.000085600032,2002/01/00,0,12.91,TOTAL,0.85984,0.057025,microSv/hr,ICRP Pub. 103 EFFECTIVE DOSE,-0.3420201433256687,0.9396926207859084,-0.3420201433256689,-0.9396926207859083,-1.062489299996,0.6204904625196717,-20.00000_-160.00000,0.61710566,0.85355544,-0.0033848286,-0.0062845945
L0000.ANS,-20.0,-150.0,8.000085600032,2002/01/00,0,13.03,TOTAL,0.85399,0.056698,microSv/hr,ICRP Pub. 103 EFFECTIVE DOSE,-0.3420201433256687,0.9396926207859084,-0.49999999999999994,-0.8660254037844387,-1.062489299996,0.6173400733858593,-20.00000_-150.00000,0.6171607,0.8536574,-0.00017940998,-0.00033259392
L0000.ANS,-20.0,-140.0,8.000085600032,2002/01/00,0,13.08,TOTAL,0.85167,0.056587,microSv/hr,ICRP Pub. 103 EFFECTIVE DOSE,-0.3420201433256687,0.9396926207859084,-0.6427876096865395,-0.7660444431189779,-1.062489299996,0.6160879346018813,-20.00000_-140.00000,0.61527,0.8501561,-0.00081789494,-0.0015138388
L0000.ANS,-20.0,-130.0,8.000085600032,2002/01/00,0,13.08,TOTAL,0.85186,0.056596,microSv/hr,ICRP Pub. 103 EFFECTIVE DOSE,-0.3420201433256687,0.9396926207859084,-0.766044443118978,-0.6427876096865394,-1.062489299996,0.6161905394141369,-20.00000_-130.00000,0.6128335,0.84565365,-0.0033570528,-0.0062063932
L0000.ANS,-20.0,-120.0,8.000085600032,2002/01/00,0,13.0,TOTAL,0.8553,0.056765,microSv/hr,ICRP Pub. 103 EFFECTIVE DOSE,-0.3420201433256687,0.9396926207859084,-0.8660254037844387,-0.4999999999999998,-1.062489299996,0.618046408050695,-20.00000_-120.00000,0.61814225,0.8554778,9.584427e-05,0.00017780066
L0000.ANS,-20.0,-110.0,8.000085600032,2002/01/00,0,12.87,TOTAL,0.86152,0.057132,microSv/hr,ICRP Pub. 103 EFFECTIVE DOSE,-0.3420201433256687,0.9396926207859084,-0.9396926207859084,-0.3420201433256687,-1.062489299996,0.6213933582965547,-20.00000_-110.00000,0.6215728,0.8618541,0.00017940998,0.00033402443
L0000.ANS,-20.0,-100.0,8.000085600032,2002/01/00,0,12.66,TOTAL,0.87108,0.057848,microSv/hr,ICRP Pub. 103 EFFECTIVE DOSE,-0.3420201433256687,0.9396926207859084,-0.984807753012208,-0.1736481776669303,-1.062489299996,0.626515804261345,-20.00000_-100.00000,0.6318328,0.881055,0.0053169727,0.009975016
L0000.ANS,-20.0,-90.0,8.000085600032,2002/01/00,0,12.37,TOTAL,0.885,0.058971,microSv/hr,ICRP Pub. 103 EFFECTIVE DOSE,-0.3420201433256687,0.9396926207859084,-1.0,6.123233995736766e-17,-1.062489299996,0.6339278208999741,-20.00000_-90.00000,0.63497066,0.88696676,0.0010428429,0.0019667745
L0000.ANS,-20.0,-80.0,8.000085600032,2002/01/00,0,12.07,TOTAL,0.8999,0.060446,microSv/hr,ICRP Pub. 103 EFFECTIVE DOSE,-0.3420201433256687,0.9396926207859084,-0.984807753012208,0.17364817766693041,-1.062489299996,0.6418012532083572,-20.00000_-80.00000,0.64492726,0.9058484,0.0031260252,0.0059484243
L0000.ANS,-20.0,-70.0,8.000085600032,2002/01/00,0,11.73,TOTAL,0.91705,0.061921,microSv/hr,ICRP Pub. 103 EFFECTIVE DOSE,-0.3420201433256687,0.9396926207859084,-0.9396926207859083,0.3420201433256688,-1.062489299996,0.6507875461438156,-20.00000_-70.00000,0.6532776,0.92182946,0.0024900436,0.004779458
L0000.ANS,-20.0,-60.0,8.000085600032,2002/01/00,0,11.39,TOTAL,0.93555,0.062637,microSv/hr,ICRP Pub. 103 EFFECTIVE DOSE,-0.3420201433256687,0.9396926207859084,-0.8660254037844386,0.5000000000000001,-1.062489299996,0.6603915238199538,-20.00000_-60.00000,0.659386,0.9336047,-0.0010055304,-0.0019452572
L0000.ANS,-20.0,-50.0,8.000085600032,2002/01/00,0,10.97,TOTAL,0.95971,0.064316,microSv/hr,ICRP Pub. 103 EFFECTIVE DOSE,-0.3420201433256687,0.9396926207859084,-0.766044443118978,0.6427876096865394,-1.062489299996,0.6727965031117126,-20.00000_-50.00000,0.67584735,0.9656979,0.0030508637,0.005987942
L0000.ANS,-20.0,-40.0,8.000085600032,2002/01/00,0,10.31,TOTAL,0.99968,0.06781,microSv/hr,ICRP Pub. 103 EFFECTIVE DOSE,-0.3420201433256687,0.9396926207859084,-0.6427876096865393,0.766044443118978,-1.062489299996,0.6929871677585798,-20.00000_-40.00000,0.7012709,1.0163136,0.008283734,0.01663363
L0000.ANS,-20.0,-30.0,8.000085600032,2002/01/00,0,9.54,TOTAL,1.0619,0.072078,microSv/hr,ICRP Pub. 103 EFFECTIVE DOSE,-0.3420201433256687,0.9396926207859084,-0.49999999999999994,0.8660254037844387,-1.062489299996,0.7236278878135322,-20.00000_-30.00000,0.72203666,1.0586216,-0.0015912056,-0.0032782555
L0000.ANS,-20.0,-20.0,8.000085600032,2002/01/00,0,8.94,TOTAL,1.1149,0.075116,microSv/hr,ICRP Pub. 103 EFFECTIVE DOSE,-0.3420201433256687,0.9396926207859084,-0.3420201433256687,0.9396926207859084,-1.062489299996,0.7490075300565672,-20.00000_-20.00000,0.7459123,1.1083641,-0.0030952096,-0.0065358877
L0000.ANS,-20.0,-10.0,8.000085600032,2002/01/00,0,8.5,TOTAL,1.1513,0.07858,microSv/hr,ICRP Pub. 103 EFFECTIVE DOSE,-0.3420201433256687,0.9396926207859084,-0.17364817766693033,0.984807753012208,-1.062489299996,0.7660723105745019,-20.00000_-10.00000,0.7646172,1.1481719,-0.0014551282,-0.003128171
L0000.ANS,-20.0,0.0,8.000085600032,2002/01/00,0,8.42,TOTAL,1.1577,0.079088,microSv/hr,ICRP Pub. 103 EFFECTIVE DOSE,-0.3420201433256687,0.9396926207859084,0.0,1.0,-1.062489299996,0.7690428395632023,-20.00000_0.00000,0.7689438,1.1574863,-9.906292e-05,-0.00021374226
L0000.ANS,-20.0,10.0,8.000085600032,2002/01/00,0,8.57,TOTAL,1.1461,0.077957,microSv/hr,ICRP Pub. 103 EFFECTIVE DOSE,-0.3420201433256687,0.9396926207859084,0.17364817766693033,0.984807753012208,-1.062489299996,0.763652241445299,-20.00000_10.00000,0.7667763,1.1528151,0.0031240582,0.0067150593
L0000.ANS,-20.0,20.0,8.000085600032,2002/01/00,0,8.92,TOTAL,1.1162,0.075207,microSv/hr,ICRP Pub. 103 EFFECTIVE DOSE,-0.3420201433256687,0.9396926207859084,0.3420201433256687,0.9396926207859084,-1.062489299996,0.7496220274879243,-20.00000_20.00000,0.7564628,1.1307261,0.0068407655,0.01452601
L0000.ANS,-20.0,30.0,8.000085600032,2002/01/00,0,9.32,TOTAL,1.0803,0.073559,microSv/hr,ICRP Pub. 103 EFFECTIVE DOSE,-0.3420201433256687,0.9396926207859084,0.49999999999999994,0.8660254037844387,-1.062489299996,0.7325121140822,-20.00000_30.00000,0.7350445,1.0855747,0.002532363,0.0052747726
L0000.ANS,-20.0,40.0,8.000085600032,2002/01/00,0,9.75,TOTAL,1.0455,0.070446,microSv/hr,ICRP Pub. 103 EFFECTIVE DOSE,-0.3420201433256687,0.9396926207859084,0.6427876096865393,0.766044443118978,-1.062489299996,0.7156422583873162,-20.00000_40.00000,0.7094282,1.0328286,-0.0062140822,-0.012671471
L0000.ANS,-20.0,50.0,8.000085600032,2002/01/00,0,10.12,TOTAL,1.015,0.0684,microSv/hr,ICRP Pub. 103 EFFECTIVE DOSE,-0.3420201433256687,0.9396926207859084,0.766044443118978,0.6427876096865394,-1.062489299996,0.7006191953986463,-20.00000_50.00000,0.69271684,0.9991395,-0.007902384,-0.015860617
L0000.ANS,-20.0,60.0,8.000085600032,2002/01/00,0,10.38,TOTAL,0.99413,0.067702,microSv/hr,ICRP Pub. 103 EFFECTIVE DOSE,-0.3420201433256687,0.9396926207859084,0.8660254037844386,0.5000000000000001,-1.062489299996,0.690207865001267,-20.00000_60.00000,0.6898279,0.9933725,-0.00037992,-0.0007574558
L0000.ANS,-20.0,70.0,8.000085600032,2002/01/00,0,10.62,TOTAL,0.97943,0.066207,microSv/hr,ICRP Pub. 103 EFFECTIVE DOSE,-0.3420201433256687,0.9396926207859084,0.9396926207859083,0.3420201433256688,-1.062489299996,0.6828089244735125,-20.00000_70.00000,0.6824965,0.9788116,-0.00031244755,-0.0006183982
L0000.ANS,-20.0,80.0,8.000085600032,2002/01/00,0,10.72,TOTAL,0.97377,0.065601,microSv/hr,ICRP Pub. 103 EFFECTIVE DOSE,-0.3420201433256687,0.9396926207859084,0.984807753012208,0.17364817766693041,-1.062489299996,0.6799454195319432,-20.00000_80.00000,0.6777067,0.96935624,-0.0022386909,-0.004413724
L0000.ANS,-20.0,90.0,8.000085600032,2002/01/00,0,10.83,TOTAL,0.96732,0.064971,microSv/hr,ICRP Pub. 103 EFFECTIVE DOSE,-0.3420201433256687,0.9396926207859084,1.0,6.123233995736766e-17,-1.062489299996,0.676672210466066,-20.00000_90.00000,0.67880803,0.9715263,0.0021358132,0.0042063
L0000.ANS,-20.0,100.0,8.000085600032,2002/01/00,0,10.91,TOTAL,0.96269,0.064561,microSv/hr,ICRP Pub. 103 EFFECTIVE DOSE,-0.3420201433256687,0.9396926207859084,0.984807753012208,-0.1736481776669303,-1.062489299996,0.6743159812747532,-20.00000_100.00000,0.67351687,0.9611222,-0.0007991195,-0.001567781
L0000.ANS,-20.0,110.0,8.000085600032,2002/01/00,0,10.99,TOTAL,0.95809,0.06419,microSv/hr,ICRP Pub. 103 EFFECTIVE DOSE,-0.3420201433256687,0.9396926207859084,0.9396926207859084,-0.3420201433256687,-1.062489299996,0.6719695083226324,-20.00000_110.00000,0.6768211,0.967613,0.0048515797,0.009522915
L0000.ANS,-20.0,120.0,8.000085600032,2002/01/00,0,10.77,TOTAL,0.97112,0.065334,microSv/hr,ICRP Pub. 103 EFFECTIVE DOSE,-0.3420201433256687,0.9396926207859084,0.8660254037844387,-0.4999999999999998,-1.062489299996,0.6786019091179095,-20.00000_120.00000,0.6777326,0.9694072,-0.00086933374,-0.0017127991
L0000.ANS,-20.0,130.0,8.000085600032,2002/01/00,0,10.73,TOTAL,0.97337,0.06556,microSv/hr,ICRP Pub. 103 EFFECTIVE DOSE,-0.3420201433256687,0.9396926207859084,0.766044443118978,-0.6427876096865394,-1.062489299996,0.6797427411362595,-20.00000_130.00000,0.6809767,0.97580653,0.0012339354,0.0024365187
L0000.ANS,-20.0,140.0,8.000085600032,2002/01/00,0,10.51,TOTAL,0.98613,0.06699,microSv/hr,ICRP Pub. 103 EFFECTIVE DOSE,-0.3420201433256687,0.9396926207859084,0.6427876096865395,-0.7660444431189779,-1.062489299996,0.686188021688138,-20.00000_140.00000,0.6767665,0.9675055,-0.009421527,-0.018624544
L0000.ANS,-20.0,150.0,8.000085600032,2002/01/00,0,10.74,TOTAL,0.97287,0.06551,microSv/hr,ICRP Pub. 103 EFFECTIVE DOSE,-0.3420201433256687,0.9396926207859084,0.49999999999999994,-0.8660254037844387,-1.062489299996,0.6794893353613064,-20.00000_150.00000,0.66426456,0.943061,-0.015224755,-0.029808939
L0000.ANS,-20.0,160.0,8.000085600032,2002/01/00,0,11.4,TOTAL,0.93539,0.062628,microSv/hr,ICRP Pub. 103 EFFECTIVE DOSE,-0.3420201433256687,0.9396926207859084,0.3420201433256689,-0.9396926207859083,-1.062489299996,0.6603088565607914,-20.00000_160.00000,0.64855283,0.91277075,-0.011756003,-0.022619247
L0000.ANS,-20.0,170.0,8.000085600032,2002/01/00,0,12.08,TOTAL,0.89929,0.060379,microSv/hr,ICRP Pub. 103 EFFECTIVE DOSE,-0.3420201433256687,0.9396926207859084,0.17364817766693028,-0.984807753012208,-1.062489299996,0.6414801321245253,-20.00000_170.00000,0.6335082,0.8842092,-0.007971942,-0.01508081
L0000.ANS,-15.0,-179.99999,8.000085600032,2002/01/00,0,13.75,TOTAL,0.82249,0.054676,microSv/hr,ICRP Pub. 103 EFFECTIVE DOSE,-0.25881904510252074,0.9659258262890683,-1.745329251238221e-07,-0.9999999999999848,-1.062489299996,0.6002036979171728,-15.00000_-179.99999,0.5971954,0.81701565,-0.003008306,-0.005474329
L0000.ANS,-15.0,-170.0,8.000085600032,2002/01/00,0,13.82,TOTAL,0.81941,0.05435,microSv/hr,ICRP Pub. 103 EFFECTIVE DOSE,-0.25881904510252074,0.9659258262890683,-0.17364817766693028,-0.984807753012208,-1.062489299996,0.5985122727081871,-15.00000_-170.00000,0.5960928,0.81501335,-0.0024194717,-0.004396677
L0000.ANS,-15.0,-160.0,8.000085600032,2002/01/00,0,13.83,TOTAL,0.81909,0.054317,microSv/hr,ICRP Pub. 103 EFFECTIVE DOSE,-0.25881904510252074,0.9659258262890683,-0.3420201433256689,-0.9396926207859083,-1.062489299996,0.5983363760470217,-15.00000_-160.00000,0.59893227,0.82017434,0.00059586763,0.0010843277
L0000.ANS,-15.0,-150.0,8.000085600032,2002/01/00,0,13.8,TOTAL,0.82039,0.054451,microSv/hr,ICRP Pub. 103 EFFECTIVE DOSE,-0.25881904510252074,0.9659258262890683,-0.49999999999999994,-0.8660254037844387,-1.062489299996,0.5990507638470853,-15.00000_-150.00000,0.59871936,0.8197868,-0.00033140182,-0.000603199
L0000.ANS,-15.0,-140.0,8.000085600032,2002/01/00,0,13.73,TOTAL,0.82323,0.054756,microSv/hr,ICRP Pub. 103 EFFECTIVE DOSE,-0.25881904510252074,0.9659258262890683,-0.6427876096865395,-0.7660444431189779,-1.062489299996,0.6006096533993067,-15.00000_-140.00000,0.59787005,0.8182419,-0.0027396083,-0.004988134
L0000.ANS,-15.0,-130.0,8.000085600032,2002/01/00,0,13.63,TOTAL,0.82745,0.055235,microSv/hr,ICRP Pub. 103 EFFECTIVE DOSE,-0.25881904510252074,0.9659258262890683,-0.766044443118978,-0.6427876096865394,-1.062489299996,0.6029215524863891,-15.00000_-130.00000,0.60003877,0.82218945,-0.0028827786,-0.005260527
L0000.ANS,-15.0,-120.0,8.000085600032,2002/01/00,0,13.47,TOTAL,0.83371,0.055999,microSv/hr,ICRP Pub. 103 EFFECTIVE DOSE,-0.25881904510252074,0.9659258262890683,-0.8660254037844387,-0.4999999999999998,-1.062489299996,0.6063412370128753,-15.00000_-120.00000,0.60081816,0.8236102,-0.0055230856,-0.010099828
L0000.ANS,-15.0,-110.0,8.000085600032,2002/01/00,0,13.28,TOTAL,0.84259,0.056261,microSv/hr,ICRP Pub. 103 EFFECTIVE DOSE,-0.25881904510252074,0.9659258262890683,-0.9396926207859084,-0.3420201433256687,-1.062489299996,0.6111721905641069,-15.00000_-110.00000,0.61237484,0.8448073,0.0012026429,0.0022172928
L0000.ANS,-15.0,-100.0,8.000085600032,2002/01/00,0,13.03,TOTAL,0.85429,0.056712,microSv/hr,ICRP Pub. 103 EFFECTIVE DOSE,-0.25881904510252074,0.9659258262890683,-0.984807753012208,-0.1736481776669303,-1.062489299996,0.6175018734660337,-15.00000_-100.00000,0.62308514,0.86467195,0.0055832863,0.010381997
L0000.ANS,-15.0,-90.0,8.000085600032,2002/01/00,0,12.73,TOTAL,0.86784,0.057585,microSv/hr,ICRP Pub. 103 EFFECTIVE DOSE,-0.25881904510252074,0.9659258262890683,-1.0,6.123233995736766e-17,-1.062489299996,0.6247826830332891,-15.00000_-90.00000,0.6249245,0.8681049,0.00014179945,0.00026488304
L0000.ANS,-15.0,-80.0,8.000085600032,2002/01/00,0,12.44,TOTAL,0.88159,0.058688,microSv/hr,ICRP Pub. 103 EFFECTIVE DOSE,-0.25881904510252074,0.9659258262890683,-0.984807753012208,0.17364817766693041,-1.062489299996,0.6321171640821978,-15.00000_-80.00000,0.6375173,0.8917783,0.005400121,0.010188282
L0000.ANS,-15.0,-70.0,8.000085600032,2002/01/00,0,12.2,TOTAL,0.89366,0.059782,microSv/hr,ICRP Pub. 103 EFFECTIVE DOSE,-0.25881904510252074,0.9659258262890683,-0.9396926207859083,0.3420201433256688,-1.062489299996,0.6385114643937302,-15.00000_-70.00000,0.64041924,0.89727616,0.0019077659,0.0036161542
L0000.ANS,-15.0,-60.0,8.000085600032,2002/01/00,0,11.98,TOTAL,0.90437,0.060961,microSv/hr,ICRP Pub. 103 EFFECTIVE DOSE,-0.25881904510252074,0.9659258262890683,-0.8660254037844386,0.5000000000000001,-1.062489299996,0.6441512452210783,-15.00000_-60.00000,0.64542985,0.90680647,0.0012785792,0.0024363995
L0000.ANS,-15.0,-50.0,8.000085600032,2002/01/00,0,11.7,TOTAL,0.91882,0.061961,microSv/hr,ICRP Pub. 103 EFFECTIVE DOSE,-0.25881904510252074,0.9659258262890683,-0.766044443118978,0.6427876096865394,-1.062489299996,0.6517104137726057,-15.00000_-50.00000,0.6513152,0.91806185,-0.0003951788,-0.0007581115
L0000.ANS,-15.0,-40.0,8.000085600032,2002/01/00,0,11.28,TOTAL,0.94175,0.063023,microSv/hr,ICRP Pub. 103 EFFECTIVE DOSE,-0.25881904510252074,0.9659258262890683,-0.6427876096865393,0.766044443118978,-1.062489299996,0.6635896283176197,-15.00000_-40.00000,0.67137396,0.9569242,0.007784307,0.0151741505
L0000.ANS,-15.0,-30.0,8.000085600032,2002/01/00,0,10.79,TOTAL,0.96962,0.065189,microSv/hr,ICRP Pub. 103 EFFECTIVE DOSE,-0.25881904510252074,0.9659258262890683,-0.49999999999999994,0.8660254037844387,-1.062489299996,0.6778406307425571,-15.00000_-30.00000,0.6877481,0.9892309,0.009907424,0.019610822
L0000.ANS,-15.0,-20.0,8.000085600032,2002/01/00,0,10.3,TOTAL,1.0006,0.067834,microSv/hr,ICRP Pub. 103 EFFECTIVE DOSE,-0.25881904510252074,0.9659258262890683,-0.3420201433256687,0.9396926207859084,-1.062489299996,0.6934471355689432,-15.00000_-20.00000,0.69280314,0.99931204,-0.0006439686,-0.0012879372
L0000.ANS,-15.0,-10.0,8.000085600032,2002/01/00,0,10.0,TOTAL,1.0252,0.069011,microSv/hr,ICRP Pub. 103 EFFECTIVE DOSE,-0.25881904510252074,0.9659258262890683,-0.17364817766693033,0.984807753012208,-1.062489299996,0.705668461113617,-15.00000_-10.00000,0.709281,1.0325294,0.003612578,0.0073293447
L0000.ANS,-15.0,0.0,8.000085600032,2002/01/00,0,10.09,TOTAL,1.018,0.068564,microSv/hr,ICRP Pub. 103 EFFECTIVE DOSE,-0.25881904510252074,0.9659258262890683,0.0,1.0,-1.062489299996,0.7021069219314172,-15.00000_0.00000,0.70712936,1.0281608,0.005022466,0.010160923
L0000.ANS,-15.0,10.0,8.000085600032,2002/01/00,0,10.26,TOTAL,1.0039,0.067931,microSv/hr,ICRP Pub. 103 EFFECTIVE DOSE,-0.25881904510252074,0.9659258262890683,0.17364817766693033,0.984807753012208,-1.062489299996,0.6950952817779612,-15.00000_10.00000,0.69567436,1.0050608,0.0005790591,0.0011607409
L0000.ANS,-15.0,20.0,8.000085600032,2002/01/00,0,10.61,TOTAL,0.98017,0.066291,microSv/hr,ICRP Pub. 103 EFFECTIVE DOSE,-0.25881904510252074,0.9659258262890683,0.3420201433256687,0.9396926207859084,-1.062489299996,0.683182699606665,-15.00000_20.00000,0.68948346,0.992686,0.0063007474,0.012515962
L0000.ANS,-15.0,30.0,8.000085600032,2002/01/00,0,11.1,TOTAL,0.95187,0.063745,microSv/hr,ICRP Pub. 103 EFFECTIVE DOSE,-0.25881904510252074,0.9659258262890683,0.49999999999999994,0.8660254037844387,-1.062489299996,0.6687878874124757,-15.00000_30.00000,0.6740824,0.9622316,0.005294502,0.010361552
L0000.ANS,-15.0,40.0,8.000085600032,2002/01/00,0,11.65,TOTAL,0.92151,0.062033,microSv/hr,ICRP Pub. 103 EFFECTIVE DOSE,-0.25881904510252074,0.9659258262890683,0.6427876096865393,0.766044443118978,-1.062489299996,0.6531113352767188,-15.00000_40.00000,0.65516436,0.92545897,0.0020530224,0.0039489865
L0000.ANS,-15.0,50.0,8.000085600032,2002/01/00,0,12.1,TOTAL,0.89806,0.060244,microSv/hr,ICRP Pub. 103 EFFECTIVE DOSE,-0.25881904510252074,0.9659258262890683,0.766044443118978,0.6427876096865394,-1.062489299996,0.6408323119114734,-15.00000_50.00000,0.6347782,0.88660365,-0.0060541034,-0.011456311
L0000.ANS,-15.0,60.0,8.000085600032,2002/01/00,0,12.53,TOTAL,0.87741,0.058369,microSv/hr,ICRP Pub. 103 EFFECTIVE DOSE,-0.25881904510252074,0.9659258262890683,0.8660254037844386,0.5000000000000001,-1.062489299996,0.6298931674219622,-15.00000_60.00000,0.62664056,0.87131345,-0.0032526255,-0.0060966015
L0000.ANS,-15.0,70.0,8.000085600032,2002/01/00,0,12.94,TOTAL,0.8583,0.056932,microSv/hr,ICRP Pub. 103 EFFECTIVE DOSE,-0.25881904510252074,0.9659258262890683,0.9396926207859083,0.3420201433256688,-1.062489299996,0.619662091297468,-15.00000_70.00000,0.6226319,0.863827,0.0029698014,0.00552696
L0000.ANS,-15.0,80.0,8.000085600032,2002/01/00,0,13.15,TOTAL,0.84837,0.056448,microSv/hr,ICRP Pub. 103 EFFECTIVE DOSE,-0.25881904510252074,0.9659258262890683,0.984807753012208,0.17364817766693041,-1.062489299996,0.6143041696290703,-15.00000_80.00000,0.61276436,0.84552604,-0.0015398264,-0.002843976
L0000.ANS,-15.0,90.0,8.000085600032,2002/01/00,0,13.31,TOTAL,0.84113,0.056225,microSv/hr,ICRP Pub. 103 EFFECTIVE DOSE,-0.25881904510252074,0.9659258262890683,1.0,6.123233995736766e-17,-1.062489299996,0.6103795135547536,-15.00000_90.00000,0.60832816,0.83735704,-0.0020513535,-0.003772974
L0000.ANS,-15.0,100.0,8.000085600032,2002/01/00,0,13.41,TOTAL,0.83621,0.056135,microSv/hr,ICRP Pub. 103 EFFECTIVE DOSE,-0.25881904510252074,0.9659258262890683,0.984807753012208,-0.1736481776669303,-1.062489299996,0.6077036647424773,-15.00000_100.00000,0.6065456,0.8340848,-0.0011580586,-0.0021252036
L0000.ANS,-15.0,110.0,8.000085600032,2002/01/00,0,13.45,TOTAL,0.83456,0.056107,microSv/hr,ICRP Pub. 103 EFFECTIVE DOSE,-0.25881904510252074,0.9659258262890683,0.9396926207859084,-0.3420201433256687,-1.062489299996,0.6068046707378808,-15.00000_110.00000,0.60819286,0.8371085,0.0013881922,0.0025485158
L0000.ANS,-15.0,120.0,8.000085600032,2002/01/00,0,13.39,TOTAL,0.83734,0.056151,microSv/hr,ICRP Pub. 103 EFFECTIVE DOSE,-0.25881904510252074,0.9659258262890683,0.8660254037844387,-0.4999999999999998,-1.062489299996,0.6083188734836896,-15.00000_120.00000,0.6091161,0.8388053,0.0007972121,0.0014653206
L0000.ANS,-15.0,130.0,8.000085600032,2002/01/00,0,13.31,TOTAL,0.84088,0.056219,microSv/hr,ICRP Pub. 103 EFFECTIVE DOSE,-0.25881904510252074,0.9659258262890683,0.766044443118978,-0.6427876096865394,-1.062489299996,0.6102437181601814,-15.00000_130.00000,0.60933864,0.8392146,-0.00090509653,-0.0016654134
L0000.ANS,-15.0,140.0,8.000085600032,2002/01/00,0,13.31,TOTAL,0.84126,0.056228,microSv/hr,ICRP Pub. 103 EFFECTIVE DOSE,-0.25881904510252074,0.9659258262890683,0.6427876096865395,-0.7660444431189779,-1.062489299996,0.6104501198729622,-15.00000_140.00000,0.61349,0.8468657,0.0030398369,0.005605638
L0000.ANS,-15.0,150.0,8.000085600032,2002/01/00,0,13.35,TOTAL,0.83922,0.056184,microSv/hr,ICRP Pub. 103 EFFECTIVE DOSE,-0.25881904510252074,0.9659258262890683,0.49999999999999994,-0.8660254037844387,-1.062489299996,0.609341568700881,-15.00000_150.00000,0.61250746,0.845052,0.0031659007,0.0058320165
L0000.ANS,-15.0,160.0,8.000085600032,2002/01/00,0,13.48,TOTAL,0.83337,0.055956,microSv/hr,ICRP Pub. 103 EFFECTIVE DOSE,-0.25881904510252074,0.9659258262890683,0.3420201433256689,-0.9396926207859083,-1.062489299996,0.6061558033703183,-15.00000_160.00000,0.60542303,0.8320271,-0.0007327795,-0.0013429523
L0000.ANS,-15.0,170.0,8.000085600032,2002/01/00,0,13.63,TOTAL,0.82744,0.055234,microSv/hr,ICRP Pub. 103 EFFECTIVE DOSE,-0.25881904510252074,0.9659258262890683,0.17364817766693028,-0.984807753012208,-1.062489299996,0.6029160803654771,-15.00000_170.00000,0.60268664,0.82702076,-0.00022941828,-0.00041919947
L0000.ANS,-10.0,-179.99999,8.000085600032,2002/01/00,0,14.61,TOTAL,0.7886,0.051656,microSv/hr,ICRP Pub. 103 EFFECTIVE DOSE,-0.17364817766693033,0.984807753012208,-1.745329251238221e-07,-0.9999999999999848,-1.062489299996,0.5814331909299437,-10.00000_-179.99999,0.5787624,0.78382945,-0.002670765,-0.0047705173
L0000.ANS,-10.0,-170.0,8.000085600032,2002/01/00,0,14.54,TOTAL,0.79106,0.051832,microSv/hr,ICRP Pub. 103 EFFECTIVE DOSE,-0.17364817766693033,0.984807753012208,-0.17364817766693028,-0.984807753012208,-1.062489299996,0.5828076233549552,-10.00000_-170.00000,0.57882446,0.7839401,-0.00398314,-0.007119894
L0000.ANS,-10.0,-160.0,8.000085600032,2002/01/00,0,14.44,TOTAL,0.79497,0.052139,microSv/hr,ICRP Pub. 103 EFFECTIVE DOSE,-0.17364817766693033,0.984807753012208,-0.3420201433256689,-0.9396926207859083,-1.062489299996,0.5849883087086549,-10.00000_-160.00000,0.5873196,0.7991595,0.0023313165,0.004189551
L0000.ANS,-10.0,-150.0,8.000085600032,2002/01/00,0,14.31,TOTAL,0.79995,0.052577,microSv/hr,ICRP Pub. 103 EFFECTIVE DOSE,-0.17364817766693033,0.984807753012208,-0.49999999999999994,-0.8660254037844387,-1.062489299996,0.5877588867385316,-10.00000_-150.00000,0.5871363,0.7988298,-0.0006225705,-0.0011202097
L0000.ANS,-10.0,-140.0,8.000085600032,2002/01/00,0,14.16,TOTAL,0.80595,0.053132,microSv/hr,ICRP Pub. 103 EFFECTIVE DOSE,-0.17364817766693033,0.984807753012208,-0.6427876096865395,-0.7660444431189779,-1.062489299996,0.5910867691187416,-10.00000_-140.00000,0.5898179,0.8036599,-0.0012688637,-0.0022900105
L0000.ANS,-10.0,-130.0,8.000085600032,2002/01/00,0,13.97,TOTAL,0.81333,0.053758,microSv/hr,ICRP Pub. 103 EFFECTIVE DOSE,-0.17364817766693033,0.984807753012208,-0.766044443118978,-0.6427876096865394,-1.062489299996,0.5951649339627579,-10.00000_-130.00000,0.5925517,0.80859756,-0.0026132464,-0.0047324896
L0000.ANS,-10.0,-120.0,8.000085600032,2002/01/00,0,13.76,TOTAL,0.82194,0.054616,microSv/hr,ICRP Pub. 103 EFFECTIVE DOSE,-0.17364817766693033,0.984807753012208,-0.8660254037844387,-0.4999999999999998,-1.062489299996,0.5999018674503094,-10.00000_-120.00000,0.5982976,0.81901944,-0.001604259,-0.0029205084
L0000.ANS,-10.0,-110.0,8.000085600032,2002/01/00,0,13.52,TOTAL,0.83185,0.055764,microSv/hr,ICRP Pub. 103 EFFECTIVE DOSE,-0.17364817766693033,0.984807753012208,-0.9396926207859084,-0.3420201433256687,-1.062489299996,0.6053263851705166,-10.00000_-110.00000,0.60460436,0.83052784,-0.00072205067,-0.0013222098
L0000.ANS,-10.0,-100.0,8.000085600032,2002/01/00,0,13.24,TOTAL,0.84454,0.056316,microSv/hr,ICRP Pub. 103 EFFECTIVE DOSE,-0.17364817766693033,0.984807753012208,-0.984807753012208,-0.1736481776669303,-1.062489299996,0.6122299239132457,-10.00000_-100.00000,0.6129023,0.8457806,0.0006723404,0.0012406111
L0000.ANS,-10.0,-90.0,8.000085600032,2002/01/00,0,12.93,TOTAL,0.85883,0.056964,microSv/hr,ICRP Pub. 103 EFFECTIVE DOSE,-0.17364817766693033,0.984807753012208,-1.0,6.123233995736766e-17,-1.062489299996,0.6199472575432499,-10.00000_-90.00000,0.6227383,0.86402535,0.002791047,0.0051953793
L0000.ANS,-10.0,-80.0,8.000085600032,2002/01/00,0,12.67,TOTAL,0.87079,0.057824,microSv/hr,ICRP Pub. 103 EFFECTIVE DOSE,-0.17364817766693033,0.984807753012208,-0.984807753012208,0.17364817766693041,-1.062489299996,0.6263608015484873,-10.00000_-80.00000,0.63045883,0.87847227,0.0040980577,0.0076823235
L0000.ANS,-10.0,-70.0,8.000085600032,2002/01/00,0,12.51,TOTAL,0.87817,0.058425,microSv/hr,ICRP Pub. 103 EFFECTIVE DOSE,-0.17364817766693033,0.984807753012208,-0.9396926207859083,0.3420201433256688,-1.062489299996,0.6302978985209533,-10.00000_-70.00000,0.6306656,0.8788607,0.00036770105,0.0006906986
L0000.ANS,-10.0,-60.0,8.000085600032,2002/01/00,0,12.43,TOTAL,0.88245,0.058757,microSv/hr,ICRP Pub. 103 EFFECTIVE DOSE,-0.17364817766693033,0.984807753012208,-0.8660254037844386,0.5000000000000001,-1.062489299996,0.6325741199142104,-10.00000_-60.00000,0.63238275,0.8820898,-0.00019139051,-0.00036025047
L0000.ANS,-10.0,-50.0,8.000085600032,2002/01/00,0,12.3,TOTAL,0.88859,0.059292,microSv/hr,ICRP Pub. 103 EFFECTIVE DOSE,-0.17364817766693033,0.984807753012208,-0.766044443118978,0.6427876096865394,-1.062489299996,0.6358305189053541,-10.00000_-50.00000,0.6346859,0.8864295,-0.0011446476,-0.0021604896
L0000.ANS,-10.0,-40.0,8.000085600032,2002/01/00,0,12.05,TOTAL,0.90057,0.060522,microSv/hr,ICRP Pub. 103 EFFECTIVE DOSE,-0.17364817766693033,0.984807753012208,-0.6427876096865393,0.766044443118978,-1.062489299996,0.6421538411813927,-10.00000_-40.00000,0.64263207,0.9014791,0.00047820807,0.00090909004
L0000.ANS,-10.0,-30.0,8.000085600032,2002/01/00,0,11.72,TOTAL,0.91737,0.061928,microSv/hr,ICRP Pub. 103 EFFECTIVE DOSE,-0.17364817766693033,0.984807753012208,-0.49999999999999994,0.8660254037844387,-1.062489299996,0.6509544553508106,-10.00000_-30.00000,0.6572164,0.9294142,0.006261945,0.012044132
L0000.ANS,-10.0,-20.0,8.000085600032,2002/01/00,0,11.45,TOTAL,0.93254,0.062476,microSv/hr,ICRP Pub. 103 EFFECTIVE DOSE,-0.17364817766693033,0.984807753012208,-0.3420201433256687,0.9396926207859084,-1.062489299996,0.6588351998422002,-10.00000_-20.00000,0.66689306,0.9481751,0.008057892,0.015635133
L0000.ANS,-10.0,-10.0,8.000085600032,2002/01/00,0,11.37,TOTAL,0.93696,0.062718,microSv/hr,ICRP Pub. 103 EFFECTIVE DOSE,-0.17364817766693033,0.984807753012208,-0.17364817766693033,0.984807753012208,-1.062489299996,0.6611197337211854,-10.00000_-10.00000,0.66160846,0.93790686,0.0004886985,0.0009468198
L0000.ANS,-10.0,0.0,8.000085600032,2002/01/00,0,11.48,TOTAL,0.93086,0.062393,microSv/hr,ICRP Pub. 103 EFFECTIVE DOSE,-0.17364817766693033,0.984807753012208,0.0,1.0,-1.062489299996,0.6579654995233655,-10.00000_0.00000,0.65843177,0.9317605,0.00046628714,0.000900507
L0000.ANS,-10.0,10.0,8.000085600032,2002/01/00,0,11.72,TOTAL,0.91767,0.061935,microSv/hr,ICRP Pub. 103 EFFECTIVE DOSE,-0.17364817766693033,0.984807753012208,0.17364817766693033,0.984807753012208,-1.062489299996,0.6511109074350715,-10.00000_10.00000,0.6485364,0.9127393,-0.0025745034,-0.004930675
L0000.ANS,-10.0,20.0,8.000085600032,2002/01/00,0,12.07,TOTAL,0.89975,0.060429,microSv/hr,ICRP Pub. 103 EFFECTIVE DOSE,-0.17364817766693033,0.984807753012208,0.3420201433256687,0.9396926207859084,-1.062489299996,0.6417222985677573,-10.00000_20.00000,0.6382549,0.8931742,-0.0034674406,-0.0065758824
L0000.ANS,-10.0,30.0,8.000085600032,2002/01/00,0,12.52,TOTAL,0.87773,0.058392,microSv/hr,ICRP Pub. 103 EFFECTIVE DOSE,-0.17364817766693033,0.984807753012208,0.49999999999999994,0.8660254037844387,-1.062489299996,0.6300636004821275,-10.00000_30.00000,0.6324083,0.8821379,0.0023447275,0.0044078827
L0000.ANS,-10.0,40.0,8.000085600032,2002/01/00,0,13.05,TOTAL,0.85302,0.05665,microSv/hr,ICRP Pub. 103 EFFECTIVE DOSE,-0.17364817766693033,0.984807753012208,0.6427876096865393,0.766044443118978,-1.062489299996,0.6168167405531243,-10.00000_40.00000,0.61612654,0.8517415,-0.0006902218,-0.0012785196
L0000.ANS,-10.0,50.0,8.000085600032,2002/01/00,0,13.61,TOTAL,0.82813,0.055314,microSv/hr,ICRP Pub. 103 EFFECTIVE DOSE,-0.17364817766693033,0.984807753012208,0.766044443118978,0.6427876096865394,-1.062489299996,0.6032935864770791,-10.00000_50.00000,0.60252523,0.8267259,-0.0007683635,-0.0014041066
L0000.ANS,-10.0,60.0,8.000085600032,2002/01/00,0,14.1,TOTAL,0.80808,0.053302,microSv/hr,ICRP Pub. 103 EFFECTIVE DOSE,-0.17364817766693033,0.984807753012208,0.8660254037844386,0.5000000000000001,-1.062489299996,0.5922655087786909,-10.00000_60.00000,0.59006584,0.8041072,-0.0021996498,-0.003972769
L0000.ANS,-10.0,70.0,8.000085600032,2002/01/00,0,14.49,TOTAL,0.79285,0.051969,microSv/hr,ICRP Pub. 103 EFFECTIVE DOSE,-0.17364817766693033,0.984807753012208,0.9396926207859083,0.3420201433256688,-1.062489299996,0.5838065324507982,-10.00000_70.00000,0.5829468,0.79130924,-0.0008597374,-0.0015407205
L0000.ANS,-10.0,80.0,8.000085600032,2002/01/00,0,14.78,TOTAL,0.78188,0.05124,microSv/hr,ICRP Pub. 103 EFFECTIVE DOSE,-0.17364817766693033,0.984807753012208,0.984807753012208,0.17364817766693041,-1.062489299996,0.5776689867138334,-10.00000_80.00000,0.5747255,0.7766428,-0.0029434562,-0.005237162
L0000.ANS,-10.0,90.0,8.000085600032,2002/01/00,0,14.96,TOTAL,0.77483,0.05091,microSv/hr,ICRP Pub. 103 EFFECTIVE DOSE,-0.17364817766693033,0.984807753012208,1.0,6.123233995736766e-17,-1.062489299996,0.5737046436928074,-10.00000_90.00000,0.57401574,0.7753822,0.00031107664,0.00055217743
L0000.ANS,-10.0,100.0,8.000085600032,2002/01/00,0,15.06,TOTAL,0.77114,0.050782,microSv/hr,ICRP Pub. 103 EFFECTIVE DOSE,-0.17364817766693033,0.984807753012208,0.984807753012208,-0.1736481776669303,-1.062489299996,0.5716234070596997,-10.00000_100.00000,0.5725301,0.77274656,0.00090670586,0.0016065836
L0000.ANS,-10.0,110.0,8.000085600032,2002/01/00,0,15.05,TOTAL,0.77146,0.050792,microSv/hr,ICRP Pub. 103 EFFECTIVE DOSE,-0.17364817766693033,0.984807753012208,0.9396926207859084,-0.3420201433256687,-1.062489299996,0.5718040653337755,-10.00000_110.00000,0.56529284,0.7599631,-0.0065112114,-0.011496842
L0000.ANS,-10.0,120.0,8.000085600032,2002/01/00,0,14.94,TOTAL,0.77561,0.050941,microSv/hr,ICRP Pub. 103 EFFECTIVE DOSE,-0.17364817766693033,0.984807753012208,0.8660254037844387,-0.4999999999999998,-1.062489299996,0.5741440258609605,-10.00000_120.00000,0.5674074,0.7636886,-0.0067365766,-0.011921346
L0000.ANS,-10.0,130.0,8.000085600032,2002/01/00,0,14.79,TOTAL,0.7816,0.051225,microSv/hr,ICRP Pub. 103 EFFECTIVE DOSE,-0.17364817766693033,0.984807753012208,0.766044443118978,-0.6427876096865394,-1.062489299996,0.5775118369610208,-10.00000_130.00000,0.57498616,0.7771059,-0.0025256872,-0.004494071
L0000.ANS,-10.0,140.0,8.000085600032,2002/01/00,0,14.65,TOTAL,0.78705,0.051551,microSv/hr,ICRP Pub. 103 EFFECTIVE DOSE,-0.17364817766693033,0.984807753012208,0.6427876096865395,-0.7660444431189779,-1.062489299996,0.5805662156403669,-10.00000_140.00000,0.5793487,0.7848755,-0.0012175441,-0.0021744967
L0000.ANS,-10.0,150.0,8.000085600032,2002/01/00,0,14.6,TOTAL,0.78898,0.051682,microSv/hr,ICRP Pub. 103 EFFECTIVE DOSE,-0.17364817766693033,0.984807753012208,0.49999999999999994,-0.8660254037844387,-1.062489299996,0.5816456250342428,-10.00000_150.00000,0.57960135,0.7853266,-0.0020442605,-0.003653407
L0000.ANS,-10.0,160.0,8.000085600032,2002/01/00,0,14.58,TOTAL,0.78944,0.051714,microSv/hr,ICRP Pub. 103 EFFECTIVE DOSE,-0.17364817766693033,0.984807753012208,0.3420201433256689,-0.9396926207859083,-1.062489299996,0.5819027217431443,-10.00000_160.00000,0.58445966,0.79402137,0.00255692,0.004581332
L0000.ANS,-10.0,170.0,8.000085600032,2002/01/00,0,14.62,TOTAL,0.78822,0.051629,microSv/hr,ICRP Pub. 103 EFFECTIVE DOSE,-0.17364817766693033,0.984807753012208,0.17364817766693028,-0.984807753012208,-1.062489299996,0.5812207116878071,-10.00000_170.00000,0.57970905,0.7855189,-0.0015116334,-0.002701044
L0000.ANS,-5.0,-179.99999,8.000085600032,2002/01/00,0,15.09,TOTAL,0.76988,0.050745,microSv/hr,ICRP Pub. 103 EFFECTIVE DOSE,-0.08715574274765817,0.9961946980917455,-1.745329251238221e-07,-0.9999999999999848,-1.062489299996,0.5709117476772743,-5.00000_-179.99999,0.569205,0.7668618,-0.001706779,-0.00301826
L0000.ANS,-5.0,-170.0,8.000085600032,2002/01/00,0,14.94,TOTAL,0.77571,0.050945,microSv/hr,ICRP Pub. 103 EFFECTIVE DOSE,-0.08715574274765817,0.9961946980917455,-0.17364817766693028,-0.984807753012208,-1.062489299996,0.574200342948706,-5.00000_-170.00000,0.57354206,0.7745415,-0.0006582737,-0.0011684895
L0000.ANS,-5.0,-160.0,8.000085600032,2002/01/00,0,14.76,TOTAL,0.78262,0.051281,microSv/hr,ICRP Pub. 103 EFFECTIVE DOSE,-0.08715574274765817,0.9961946980917455,-0.3420201433256689,-0.9396926207859083,-1.062489299996,0.5780841922184657,-5.00000_-160.00000,0.5754676,0.7779617,-0.0026165843,-0.004658282
L0000.ANS,-5.0,-150.0,8.000085600032,2002/01/00,0,14.57,TOTAL,0.78999,0.051753,microSv/hr,ICRP Pub. 103 EFFECTIVE DOSE,-0.08715574274765817,0.9961946980917455,-0.49999999999999994,-0.8660254037844387,-1.062489299996,0.5822100332448797,-5.00000_-150.00000,0.5817689,0.7892005,-0.00044113398,-0.0007894635
L0000.ANS,-5.0,-140.0,8.000085600032,2002/01/00,0,14.36,TOTAL,0.79819,0.052417,microSv/hr,ICRP Pub. 103 EFFECTIVE DOSE,-0.08715574274765817,0.9961946980917455,-0.6427876096865395,-0.7660444431189779,-1.062489299996,0.5867806034364001,-5.00000_-140.00000,0.5807588,0.7873942,-0.0060217977,-0.010795772
L0000.ANS,-5.0,-130.0,8.000085600032,2002/01/00,0,14.13,TOTAL,0.80692,0.053208,microSv/hr,ICRP Pub. 103 EFFECTIVE DOSE,-0.08715574274765817,0.9961946980917455,-0.766044443118978,-0.6427876096865394,-1.062489299996,0.5916237383555573,-5.00000_-130.00000,0.57919145,0.7845949,-0.012432277,-0.022325099
L0000.ANS,-5.0,-120.0,8.000085600032,2002/01/00,0,13.87,TOTAL,0.81756,0.054162,microSv/hr,ICRP Pub. 103 EFFECTIVE DOSE,-0.08715574274765817,0.9961946980917455,-0.8660254037844387,-0.4999999999999998,-1.062489299996,0.5974949422602831,-5.00000_-120.00000,0.5953154,0.81360286,-0.002179563,-0.0039571524
L0000.ANS,-5.0,-110.0,8.000085600032,2002/01/00,0,13.59,TOTAL,0.82908,0.055428,microSv/hr,ICRP Pub. 103 EFFECTIVE DOSE,-0.08715574274765817,0.9961946980917455,-0.9396926207859084,-0.3420201433256687,-1.062489299996,0.6038131082006702,-5.00000_-110.00000,0.61592925,0.8513762,0.012116134,0.02229619
L0000.ANS,-5.0,-100.0,8.000085600032,2002/01/00,0,13.26,TOTAL,0.84352,0.056286,microSv/hr,ICRP Pub. 103 EFFECTIVE DOSE,-0.08715574274765817,0.9961946980917455,-0.984807753012208,-0.1736481776669303,-1.062489299996,0.6116767875618813,-5.00000_-100.00000,0.60810405,0.83694535,-0.003572762,-0.0065746903
L0000.ANS,-5.0,-90.0,8.000085600032,2002/01/00,0,12.94,TOTAL,0.85818,0.056925,microSv/hr,ICRP Pub. 103 EFFECTIVE DOSE,-0.08715574274765817,0.9961946980917455,-1.0,6.123233995736766e-17,-1.062489299996,0.6195975140630733,-5.00000_-90.00000,0.6197299,0.858426,0.00013238192,0.00024604797
L0000.ANS,-5.0,-80.0,8.000085600032,2002/01/00,0,12.73,TOTAL,0.86819,0.057613,microSv/hr,ICRP Pub. 103 EFFECTIVE DOSE,-0.08715574274765817,0.9961946980917455,-0.984807753012208,0.17364817766693041,-1.062489299996,0.6249700476963266,-5.00000_-80.00000,0.62572044,0.8695924,0.0007504225,0.0014024973
L0000.ANS,-5.0,-70.0,8.000085600032,2002/01/00,0,12.66,TOTAL,0.87106,0.057846,microSv/hr,ICRP Pub. 103 EFFECTIVE DOSE,-0.08715574274765817,0.9961946980917455,-0.9396926207859083,0.3420201433256688,-1.062489299996,0.6265051151903855,-5.00000_-70.00000,0.626739,0.8714977,0.00023388863,0.0004376769
L0000.ANS,-5.0,-60.0,8.000085600032,2002/01/00,0,12.72,TOTAL,0.86864,0.057649,microSv/hr,ICRP Pub. 103 EFFECTIVE DOSE,-0.08715574274765817,0.9961946980917455,-0.8660254037844386,0.5000000000000001,-1.062489299996,0.6252108935481182,-5.00000_-60.00000,0.628911,0.875567,0.0037001371,0.006927073
L0000.ANS,-5.0,-50.0,8.000085600032,2002/01/00,0,12.75,TOTAL,0.86699,0.057519,microSv/hr,ICRP Pub. 103 EFFECTIVE DOSE,-0.08715574274765817,0.9961946980917455,-0.766044443118978,0.6427876096865394,-1.062489299996,0.6243275083588459,-5.00000_-50.00000,0.62423927,0.8668252,-8.8214874e-05,-0.00016474724
L0000.ANS,-5.0,-40.0,8.000085600032,2002/01/00,0,12.69,TOTAL,0.86995,0.057754,microSv/hr,ICRP Pub. 103 EFFECTIVE DOSE,-0.08715574274765817,0.9961946980917455,-0.6427876096865393,0.766044443118978,-1.062489299996,0.625911692541115,-5.00000_-40.00000,0.62813735,0.87411654,0.0022256374,0.004166484
L0000.ANS,-5.0,-30.0,8.000085600032,2002/01/00,0,12.55,TOTAL,0.87651,0.058304,microSv/hr,ICRP Pub. 103 EFFECTIVE DOSE,-0.08715574274765817,0.9961946980917455,-0.49999999999999994,0.8660254037844387,-1.062489299996,0.6294136686488163,-5.00000_-30.00000,0.62767136,0.8732434,-0.0017423034,-0.0032666326
L0000.ANS,-5.0,-20.0,8.000085600032,2002/01/00,0,12.44,TOTAL,0.88157,0.058686,microSv/hr,ICRP Pub. 103 EFFECTIVE DOSE,-0.08715574274765817,0.9961946980917455,-0.3420201433256687,0.9396926207859084,-1.062489299996,0.6321065347175148,-5.00000_-20.00000,0.63957155,0.8956685,0.007465005,0.014098525
L0000.ANS,-5.0,-10.0,8.000085600032,2002/01/00,0,12.48,TOTAL,0.87981,0.058548,microSv/hr,ICRP Pub. 103 EFFECTIVE DOSE,-0.08715574274765817,0.9961946980917455,-0.17364817766693033,0.984807753012208,-1.062489299996,0.6311707079047777,-5.00000_-10.00000,0.63655907,0.8899664,0.005388379,0.010156453
L0000.ANS,-5.0,0.0,8.000085600032,2002/01/00,0,12.65,TOTAL,0.87188,0.057916,microSv/hr,ICRP Pub. 103 EFFECTIVE DOSE,-0.08715574274765817,0.9961946980917455,0.0,1.0,-1.062489299996,0.6269432734366406,-5.00000_0.00000,0.6207588,0.86033905,-0.0061845183,-0.011541009
L0000.ANS,-5.0,10.0,8.000085600032,2002/01/00,0,12.92,TOTAL,0.85908,0.056979,microSv/hr,ICRP Pub. 103 EFFECTIVE DOSE,-0.08715574274765817,0.9961946980917455,0.17364817766693033,0.984807753012208,-1.062489299996,0.6200817417025635,-5.00000_10.00000,0.6177965,0.85483634,-0.002285242,-0.0042436123
L0000.ANS,-5.0,20.0,8.000085600032,2002/01/00,0,13.27,TOTAL,0.84292,0.05627,microSv/hr,ICRP Pub. 103 EFFECTIVE DOSE,-0.08715574274765817,0.9961946980917455,0.3420201433256687,0.9396926207859084,-1.062489299996,0.6113512702577624,-5.00000_20.00000,0.6099772,0.84038943,-0.0013740659,-0.0025305152
L0000.ANS,-5.0,30.0,8.000085600032,2002/01/00,0,13.71,TOTAL,0.82401,0.054842,microSv/hr,ICRP Pub. 103 EFFECTIVE DOSE,-0.08715574274765817,0.9961946980917455,0.49999999999999994,0.8660254037844387,-1.062489299996,0.6010373740932514,-5.00000_30.00000,0.59900385,0.82030463,-0.0020335317,-0.0037053823
L0000.ANS,-5.0,40.0,8.000085600032,2002/01/00,0,14.21,TOTAL,0.80375,0.052944,microSv/hr,ICRP Pub. 103 EFFECTIVE DOSE,-0.08715574274765817,0.9961946980917455,0.6427876096865393,0.766044443118978,-1.062489299996,0.5898678311059435,-5.00000_40.00000,0.59093314,0.8056726,0.0010653138,0.0019226074
L0000.ANS,-5.0,50.0,8.000085600032,2002/01/00,0,14.76,TOTAL,0.7828,0.051291,microSv/hr,ICRP Pub. 103 EFFECTIVE DOSE,-0.08715574274765817,0.9961946980917455,0.766044443118978,0.6427876096865394,-1.062489299996,0.5781851620902637,-5.00000_50.00000,0.58108187,0.78797174,0.0028967261,0.005171776
L0000.ANS,-5.0,60.0,8.000085600032,2002/01/00,0,15.27,TOTAL,0.76307,0.05061,microSv/hr,ICRP Pub. 103 EFFECTIVE DOSE,-0.08715574274765817,0.9961946980917455,0.8660254037844386,0.5000000000000001,-1.062489299996,0.567056607675722,-5.00000_60.00000,0.56325865,0.75638664,-0.0037979484,-0.0066833496
L0000.ANS,-5.0,70.0,8.000085600032,2002/01/00,0,15.7,TOTAL,0.74856,0.049059,microSv/hr,ICRP Pub. 103 EFFECTIVE DOSE,-0.08715574274765817,0.9961946980917455,0.9396926207859083,0.3420201433256688,-1.062489299996,0.5587925920597949,-5.00000_70.00000,0.55703914,0.74549663,-0.0017534494,-0.0030633807
L0000.ANS,-5.0,80.0,8.000085600032,2002/01/00,0,16.01,TOTAL,0.73827,0.048107,microSv/hr,ICRP Pub. 103 EFFECTIVE DOSE,-0.08715574274765817,0.9961946980917455,0.984807753012208,0.17364817766693041,-1.062489299996,0.5528903657556224,-5.00000_80.00000,0.5503943,0.73393655,-0.0024960637,-0.0043334365
L0000.ANS,-5.0,90.0,8.000085600032,2002/01/00,0,16.2,TOTAL,0.73221,0.047499,microSv/hr,ICRP Pub. 103 EFFECTIVE DOSE,-0.08715574274765817,0.9961946980917455,1.0,6.123233995736766e-17,-1.062489299996,0.5493980499035702,-5.00000_90.00000,0.5483482,0.73039234,-0.0010498762,-0.0018177032
L0000.ANS,-5.0,100.0,8.000085600032,2002/01/00,0,16.26,TOTAL,0.73031,0.047315,microSv/hr,ICRP Pub. 103 EFFECTIVE DOSE,-0.08715574274765817,0.9961946980917455,0.984807753012208,-0.1736481776669303,-1.062489299996,0.5483005832083876,-5.00000_100.00000,0.5480416,0.7298619,-0.00025898218,-0.00044804811
L0000.ANS,-5.0,110.0,8.000085600032,2002/01/00,0,16.2,TOTAL,0.73241,0.047519,microSv/hr,ICRP Pub. 103 EFFECTIVE DOSE,-0.08715574274765817,0.9961946980917455,0.9396926207859084,-0.3420201433256687,-1.062489299996,0.5495135026806264,-5.00000_110.00000,0.5376492,0.7119776,-0.011864305,-0.020432413
L0000.ANS,-5.0,120.0,8.000085600032,2002/01/00,0,16.02,TOTAL,0.73789,0.048076,microSv/hr,ICRP Pub. 103 EFFECTIVE DOSE,-0.08715574274765817,0.9961946980917455,0.8660254037844387,-0.4999999999999998,-1.062489299996,0.5526717337009912,-5.00000_120.00000,0.54751307,0.7289479,-0.005158663,-0.008942127
L0000.ANS,-5.0,130.0,8.000085600032,2002/01/00,0,15.79,TOTAL,0.74571,0.048775,microSv/hr,ICRP Pub. 103 EFFECTIVE DOSE,-0.08715574274765817,0.9961946980917455,0.766044443118978,-0.6427876096865394,-1.062489299996,0.5571613496933058,-5.00000_130.00000,0.55897385,0.7488769,0.0018125176,0.0031669736
L0000.ANS,-5.0,140.0,8.000085600032,2002/01/00,0,15.58,TOTAL,0.7526,0.049489,microSv/hr,ICRP Pub. 103 EFFECTIVE DOSE,-0.08715574274765817,0.9961946980917455,0.6427876096865395,-0.7660444431189779,-1.062489299996,0.5611003996396132,-5.00000_140.00000,0.55778533,0.74679965,-0.0033150911,-0.005800426
L0000.ANS,-5.0,150.0,8.000085600032,2002/01/00,0,15.42,TOTAL,0.75807,0.050122,microSv/hr,ICRP Pub. 103 EFFECTIVE DOSE,-0.08715574274765817,0.9961946980917455,0.49999999999999994,-0.8660254037844387,-1.062489299996,0.5642166164452422,-5.00000_150.00000,0.5599412,0.7505695,-0.004275441,-0.0075004697
L0000.ANS,-5.0,160.0,8.000085600032,2002/01/00,0,15.31,TOTAL,0.76161,0.05056,microSv/hr,ICRP Pub. 103 EFFECTIVE DOSE,-0.08715574274765817,0.9961946980917455,0.3420201433256689,-0.9396926207859083,-1.062489299996,0.5662281636277503,-5.00000_160.00000,0.5631607,0.7562146,-0.0030674338,-0.005395353
L0000.ANS,-5.0,170.0,8.000085600032,2002/01/00,0,15.21,TOTAL,0.76549,0.050646,microSv/hr,ICRP Pub. 103 EFFECTIVE DOSE,-0.08715574274765817,0.9961946980917455,0.17364817766693028,-0.984807753012208,-1.062489299996,0.5684282722524492,-5.00000_170.00000,0.56560874,0.76051915,-0.0028195381,-0.0049708486
L0000.ANS,0.0,-179.99999,8.000085600032,2002/01/00,0,15.28,TOTAL,0.76289,0.050608,microSv/hr,ICRP Pub. 103 EFFECTIVE DOSE,0.0,1.0,-1.745329251238221e-07,-0.9999999999999848,-1.062489299996,0.5669545078219763,0.00000_-179.99999,0.5699874,0.7682448,0.0030329227,0.0053548217
L0000.ANS,0.0,-170.0,8.000085600032,2002/01/00,0,15.06,TOTAL,0.77103,0.050779,microSv/hr,ICRP Pub. 103 EFFECTIVE DOSE,0.0,1.0,-0.17364817766693028,-0.984807753012208,-1.062489299996,0.5715612982393804,0.00000_-170.00000,0.57068163,0.7694728,-0.00087964535,-0.0015571713
L0000.ANS,0.0,-160.0,8.000085600032,2002/01/00,0,14.83,TOTAL,0.77993,0.051138,microSv/hr,ICRP Pub. 103 EFFECTIVE DOSE,0.0,1.0,-0.3420201433256689,-0.9396926207859083,-1.062489299996,0.576574037688016,0.00000_-160.00000,0.5717637,0.7713885,-0.0048103333,-0.008541524
L0000.ANS,0.0,-150.0,8.000085600032,2002/01/00,0,14.6,TOTAL,0.78891,0.051677,microSv/hr,ICRP Pub. 103 EFFECTIVE DOSE,0.0,1.0,-0.49999999999999994,-0.8660254037844387,-1.062489299996,0.5816064958267998,0.00000_-150.00000,0.57727325,0.781175,-0.0043332577,-0.007735014
L0000.ANS,0.0,-140.0,8.000085600032,2002/01/00,0,14.35,TOTAL,0.79827,0.052424,microSv/hr,ICRP Pub. 103 EFFECTIVE DOSE,0.0,1.0,-0.6427876096865395,-0.7660444431189779,-1.062489299996,0.5868250916275732,0.00000_-140.00000,0.5801416,0.78629136,-0.006683469,-0.011978626
L0000.ANS,0.0,-130.0,8.000085600032,2002/01/00,0,14.09,TOTAL,0.80863,0.053347,microSv/hr,ICRP Pub. 103 EFFECTIVE DOSE,0.0,1.0,-0.766044443118978,-0.6427876096865394,-1.062489299996,0.5925696526023536,0.00000_-130.00000,0.5919831,0.8075694,-0.0005865693,-0.001060605
L0000.ANS,0.0,-120.0,8.000085600032,2002/01/00,0,13.79,TOTAL,0.82089,0.054504,microSv/hr,ICRP Pub. 103 EFFECTIVE DOSE,0.0,1.0,-0.8660254037844387,-0.4999999999999998,-1.062489299996,0.5993253925508064,0.00000_-120.00000,0.596105,0.8150354,-0.003220439,-0.0058546662
L0000.ANS,0.0,-110.0,8.000085600032,2002/01/00,0,13.44,TOTAL,0.83516,0.056123,microSv/hr,ICRP Pub. 103 EFFECTIVE DOSE,0.0,1.0,-0.9396926207859084,-0.3420201433256687,-1.062489299996,0.6071316711658953,0.00000_-110.00000,0.6067062,0.8343794,-0.00042545795,-0.0007805824
L0000.ANS,0.0,-100.0,8.000085600032,2002/01/00,0,13.08,TOTAL,0.85187,0.056596,microSv/hr,ICRP Pub. 103 EFFECTIVE DOSE,0.0,1.0,-0.984807753012208,-0.1736481776669303,-1.062489299996,0.6161959393757973,0.00000_-100.00000,0.622504,0.86358863,0.0063080788,0.01171869
L0000.ANS,0.0,-90.0,8.000085600032,2002/01/00,0,12.75,TOTAL,0.86727,0.057541,microSv/hr,ICRP Pub. 103 EFFECTIVE DOSE,0.0,1.0,-1.0,6.123233995736766e-17,-1.062489299996,0.6244774711362233,0.00000_-90.00000,0.62148285,0.8616866,-0.002994597,-0.005583346
L0000.ANS,0.0,-80.0,8.000085600032,2002/01/00,0,12.58,TOTAL,0.87515,0.058205,microSv/hr,ICRP Pub. 103 EFFECTIVE DOSE,0.0,1.0,-0.984807753012208,0.17364817766693041,-1.062489299996,0.6286886562225448,0.00000_-80.00000,0.62634176,0.87075436,-0.0023468733,-0.004395604
L0000.ANS,0.0,-70.0,8.000085600032,2002/01/00,0,12.63,TOTAL,0.87244,0.057964,microSv/hr,ICRP Pub. 103 EFFECTIVE DOSE,0.0,1.0,-0.9396926207859083,0.3420201433256688,-1.062489299996,0.627242393172227,0.00000_-70.00000,0.62742734,0.87278634,0.00018495321,0.0003463626
L0000.ANS,0.0,-60.0,8.000085600032,2002/01/00,0,12.84,TOTAL,0.86298,0.05723,microSv/hr,ICRP Pub. 103 EFFECTIVE DOSE,0.0,1.0,-0.8660254037844386,0.5000000000000001,-1.062489299996,0.6221773561887727,0.00000_-60.00000,0.6288568,0.8754653,0.0066794157,0.012485266
L0000.ANS,0.0,-50.0,8.000085600032,2002/01/00,0,13.04,TOTAL,0.85343,0.056669,microSv/hr,ICRP Pub. 103 EFFECTIVE DOSE,0.0,1.0,-0.766044443118978,0.6427876096865394,-1.062489299996,0.6170379765075672,0.00000_-50.00000,0.61759126,0.85445577,0.0005533099,0.0010257959
L0000.ANS,0.0,-40.0,8.000085600032,2002/01/00,0,13.15,TOTAL,0.84842,0.05645,microSv/hr,ICRP Pub. 103 EFFECTIVE DOSE,0.0,1.0,-0.6427876096865393,0.766044443118978,-1.062489299996,0.6143312201242312,0.00000_-40.00000,0.617226,0.85377854,0.0028947592,0.005358517
L0000.ANS,0.0,-30.0,8.000085600032,2002/01/00,0,13.18,TOTAL,0.84712,0.056402,microSv/hr,ICRP Pub. 103 EFFECTIVE DOSE,0.0,1.0,-0.49999999999999994,0.8660254037844387,-1.062489299996,0.613627669328611,0.00000_-30.00000,0.60995746,0.84035313,-0.0036702156,-0.0067668557
L0000.ANS,0.0,-20.0,8.000085600032,2002/01/00,0,13.22,TOTAL,0.84507,0.056333,microSv/hr,ICRP Pub. 103 EFFECTIVE DOSE,0.0,1.0,-0.3420201433256687,0.9396926207859084,-1.062489299996,0.6125172171521763,0.00000_-20.00000,0.617284,0.853886,0.0047667623,0.008816004
L0000.ANS,0.0,-10.0,8.000085600032,2002/01/00,0,13.36,TOTAL,0.83885,0.056177,microSv/hr,ICRP Pub. 103 EFFECTIVE DOSE,0.0,1.0,-0.17364817766693033,0.984807753012208,-1.062489299996,0.6091403762269758,0.00000_-10.00000,0.61372113,0.84729266,0.004580736,0.00844264
L0000.ANS,0.0,0.0,8.000085600032,2002/01/00,0,13.6,TOTAL,0.82864,0.055375,microSv/hr,ICRP Pub. 103 EFFECTIVE DOSE,0.0,1.0,0.0,1.0,-1.062489299996,0.6035725211671508,0.00000_0.00000,0.6054089,0.8320012,0.0018363595,0.0033611655
L0000.ANS,0.0,10.0,8.000085600032,2002/01/00,0,13.91,TOTAL,0.81598,0.054008,microSv/hr,ICRP Pub. 103 EFFECTIVE DOSE,0.0,1.0,0.17364817766693033,0.984807753012208,-1.062489299996,0.5966252669025967,0.00000_10.00000,0.59614545,0.8151089,-0.0004798174,-0.0008711219
L0000.ANS,0.0,20.0,8.000085600032,2002/01/00,0,14.26,TOTAL,0.80177,0.052749,microSv/hr,ICRP Pub. 103 EFFECTIVE DOSE,0.0,1.0,0.3420201433256687,0.9396926207859084,-1.062489299996,0.5887695150799395,0.00000_20.00000,0.59060293,0.8050764,0.0018334389,0.0033064485
L0000.ANS,0.0,30.0,8.000085600032,2002/01/00,0,14.66,TOTAL,0.7865,0.051515,microSv/hr,ICRP Pub. 103 EFFECTIVE DOSE,0.0,1.0,0.49999999999999994,0.8660254037844387,-1.062489299996,0.5802583984813274,0.00000_30.00000,0.5788871,0.7840519,-0.0013712645,-0.002448082
L0000.ANS,0.0,40.0,8.000085600032,2002/01/00,0,15.12,TOTAL,0.769,0.050722,microSv/hr,ICRP Pub. 103 EFFECTIVE DOSE,0.0,1.0,0.6427876096865393,0.766044443118978,-1.062489299996,0.5704144151776482,0.00000_40.00000,0.5708378,0.7697491,0.0004233718,0.0007491112
L0000.ANS,0.0,50.0,8.000085600032,2002/01/00,0,15.62,TOTAL,0.75117,0.049334,microSv/hr,ICRP Pub. 103 EFFECTIVE DOSE,0.0,1.0,0.766044443118978,0.6427876096865394,-1.062489299996,0.5602841359696811,0.00000_50.00000,0.55979437,0.75031257,-0.00048977137,-0.0008574724
L0000.ANS,0.0,60.0,8.000085600032,2002/01/00,0,16.12,TOTAL,0.73461,0.047743,microSv/hr,ICRP Pub. 103 EFFECTIVE DOSE,0.0,1.0,0.8660254037844386,0.5000000000000001,-1.062489299996,0.5507826042694722,0.00000_60.00000,0.55757874,0.7464388,0.0067961216,0.01182878
L0000.ANS,0.0,70.0,8.000085600032,2002/01/00,0,16.55,TOTAL,0.72136,0.04656,microSv/hr,ICRP Pub. 103 EFFECTIVE DOSE,0.0,1.0,0.9396926207859083,0.3420201433256688,-1.062489299996,0.5431146760630586,0.00000_70.00000,0.5406038,0.71704334,-0.0025108457,-0.004316628
L0000.ANS,0.0,80.0,8.000085600032,2002/01/00,0,16.87,TOTAL,0.71155,0.045948,microSv/hr,ICRP Pub. 103 EFFECTIVE DOSE,0.0,1.0,0.984807753012208,0.17364817766693041,-1.062489299996,0.5373993927010219,0.00000_80.00000,0.53427005,0.7062023,-0.003129363,-0.005347669
L0000.ANS,0.0,90.0,8.000085600032,2002/01/00,0,17.05,TOTAL,0.70619,0.045712,microSv/hr,ICRP Pub. 103 EFFECTIVE DOSE,0.0,1.0,1.0,6.123233995736766e-17,-1.062489299996,0.5342628144976707,0.00000_90.00000,0.53274095,0.7035954,-0.0015218854,-0.0025946498
L0000.ANS,0.0,100.0,8.000085600032,2002/01/00,0,17.08,TOTAL,0.70521,0.045677,microSv/hr,ICRP Pub. 103 EFFECTIVE DOSE,0.0,1.0,0.984807753012208,-0.1736481776669303,-1.062489299996,0.533688270306454,0.00000_100.00000,0.5300124,0.6989534,-0.0036758184,-0.0062565804
L0000.ANS,0.0,110.0,8.000085600032,2002/01/00,0,16.95,TOTAL,0.7091,0.045832,microSv/hr,ICRP Pub. 103 EFFECTIVE DOSE,0.0,1.0,0.9396926207859084,-0.3420201433256687,-1.062489299996,0.5359669161723225,0.00000_110.00000,0.5263219,0.6926949,-0.009645045,-0.016405106
L0000.ANS,0.0,120.0,8.000085600032,2002/01/00,0,16.72,TOTAL,0.71638,0.046221,microSv/hr,ICRP Pub. 103 EFFECTIVE DOSE,0.0,1.0,0.8660254037844387,-0.4999999999999998,-1.062489299996,0.5402174217718418,0.00000_120.00000,0.5396069,0.7153325,-0.0006104708,-0.001047492
L0000.ANS,0.0,130.0,8.000085600032,2002/01/00,0,16.43,TOTAL,0.72514,0.046857,microSv/hr,ICRP Pub. 103 EFFECTIVE DOSE,0.0,1.0,0.766044443118978,-0.6427876096865394,-1.062489299996,0.5453082066103654,0.00000_130.00000,0.5464595,0.7271273,0.0011512637,0.0019872785
L0000.ANS,0.0,140.0,8.000085600032,2002/01/00,0,16.14,TOTAL,0.7342,0.047701,microSv/hr,ICRP Pub. 103 EFFECTIVE DOSE,0.0,1.0,0.6427876096865395,-0.7660444431189779,-1.062489299996,0.550546211960923,0.00000_140.00000,0.54502964,0.7246595,-0.0055165887,-0.009540498
L0000.ANS,0.0,150.0,8.000085600032,2002/01/00,0,15.88,TOTAL,0.74245,0.048468,microSv/hr,ICRP Pub. 103 EFFECTIVE DOSE,0.0,1.0,0.49999999999999994,-0.8660254037844387,-1.062489299996,0.5552921688362585,0.00000_150.00000,0.5528958,0.73827946,-0.0023964047,-0.004170537
L0000.ANS,0.0,160.0,8.000085600032,2002/01/00,0,15.66,TOTAL,0.74986,0.049195,microSv/hr,ICRP Pub. 103 EFFECTIVE DOSE,0.0,1.0,0.3420201433256689,-0.9396926207859083,-1.062489299996,0.559535784735252,0.00000_160.00000,0.556653,0.74482286,-0.0028827786,-0.0050371885
L0000.ANS,0.0,170.0,8.000085600032,2002/01/00,0,15.47,TOTAL,0.75627,0.049908,microSv/hr,ICRP Pub. 103 EFFECTIVE DOSE,0.0,1.0,0.17364817766693028,-0.984807753012208,-1.062489299996,0.563192241935433,0.00000_170.00000,0.5598406,0.7503935,-0.0033516288,-0.0058764815
L0000.ANS,5.0,-179.99999,8.000085600032,2002/01/00,0,15.19,TOTAL,0.76626,0.05066,microSv/hr,ICRP Pub. 103 EFFECTIVE DOSE,0.08715574274765817,0.9961946980917455,-1.745329251238221e-07,-0.9999999999999848,-1.062489299996,0.5688643167132408,5.00000_-179.99999,0.56838083,0.76540625,-0.00048351288,-0.00085377693
L0000.ANS,5.0,-170.0,8.000085600032,2002/01/00,0,14.93,TOTAL,0.77632,0.050971,microSv/hr,ICRP Pub. 103 EFFECTIVE DOSE,0.08715574274765817,0.9961946980917455,-0.17364817766693028,-0.984807753012208,-1.062489299996,0.5745438085196595,5.00000_-170.00000,0.5735772,0.77460384,-0.0009666085,-0.0017161965
L0000.ANS,5.0,-160.0,8.000085600032,2002/01/00,0,14.67,TOTAL,0.78607,0.051488,microSv/hr,ICRP Pub. 103 EFFECTIVE DOSE,0.08715574274765817,0.9961946980917455,-0.3420201433256689,-0.9396926207859083,-1.062489299996,0.5800176754152566,5.00000_-160.00000,0.57598627,0.7788841,-0.0040314198,-0.0071858764
L0000.ANS,5.0,-150.0,8.000085600032,2002/01/00,0,14.41,TOTAL,0.7962,0.052243,microSv/hr,ICRP Pub. 103 EFFECTIVE DOSE,0.08715574274765817,0.9961946980917455,-0.49999999999999994,-0.8660254037844387,-1.062489299996,0.5856733222547124,5.00000_-150.00000,0.5751435,0.7773856,-0.010529816,-0.018814445
L0000.ANS,5.0,-140.0,8.000085600032,2002/01/00,0,14.13,TOTAL,0.80684,0.053202,microSv/hr,ICRP Pub. 103 EFFECTIVE DOSE,0.08715574274765817,0.9961946980917455,-0.6427876096865395,-0.7660444431189779,-1.062489299996,0.5915794631408152,5.00000_-140.00000,0.58706063,0.7986936,-0.004518807,-0.008146346
L0000.ANS,5.0,-130.0,8.000085600032,2002/01/00,0,13.82,TOTAL,0.8195,0.054359,microSv/hr,ICRP Pub. 103 EFFECTIVE DOSE,0.08715574274765817,0.9961946980917455,-0.766044443118978,-0.6427876096865394,-1.062489299996,0.5985617380700775,5.00000_-130.00000,0.6019207,0.82562196,0.0033589602,0.0061219335
L0000.ANS,5.0,-120.0,8.000085600032,2002/01/00,0,13.48,TOTAL,0.83331,0.055948,microSv/hr,ICRP Pub. 103 EFFECTIVE DOSE,0.08715574274765817,0.9961946980917455,-0.8660254037844387,-0.4999999999999998,-1.062489299996,0.6061230762165959,5.00000_-120.00000,0.6077544,0.8363032,0.0016313195,0.0029931664
L0000.ANS,5.0,-110.0,8.000085600032,2002/01/00,0,13.03,TOTAL,0.85429,0.056712,microSv/hr,ICRP Pub. 103 EFFECTIVE DOSE,0.08715574274765817,0.9961946980917455,-0.9396926207859084,-0.3420201433256687,-1.062489299996,0.6175018734660337,5.00000_-110.00000,0.6174373,0.85417026,-6.455183e-05,-0.00011968613
L0000.ANS,5.0,-100.0,8.000085600032,2002/01/00,0,12.52,TOTAL,0.87807,0.058417,microSv/hr,ICRP Pub. 103 EFFECTIVE DOSE,0.08715574274765817,0.9961946980917455,-0.984807753012208,-0.1736481776669303,-1.062489299996,0.6302446537868449,5.00000_-100.00000,0.63025135,0.8780826,6.67572e-06,1.2516975e-05
L0000.ANS,5.0,-90.0,8.000085600032,2002/01/00,0,12.18,TOTAL,0.89441,0.059859,microSv/hr,ICRP Pub. 103 EFFECTIVE DOSE,0.08715574274765817,0.9961946980917455,-1.0,6.123233995736766e-17,-1.062489299996,0.6389074444098334,5.00000_-90.00000,0.6414857,0.8993006,0.0025782585,0.0048906207
L0000.ANS,5.0,-80.0,8.000085600032,2002/01/00,0,12.14,TOTAL,0.89625,0.06005,microSv/hr,ICRP Pub. 103 EFFECTIVE DOSE,0.08715574274765817,0.9961946980917455,-0.984807753012208,0.17364817766693041,-1.062489299996,0.639878251680605,5.00000_-80.00000,0.63579965,0.8885317,-0.0040786266,-0.0077183247
L0000.ANS,5.0,-70.0,8.000085600032,2002/01/00,0,12.38,TOTAL,0.88476,0.05895,microSv/hr,ICRP Pub. 103 EFFECTIVE DOSE,0.08715574274765817,0.9961946980917455,-0.9396926207859083,0.3420201433256688,-1.062489299996,0.6338004918390661,5.00000_-70.00000,0.6313474,0.8801422,-0.0024530888,-0.0046178102
L0000.ANS,5.0,-60.0,8.000085600032,2002/01/00,0,12.75,TOTAL,0.86705,0.057524,microSv/hr,ICRP Pub. 103 EFFECTIVE DOSE,0.08715574274765817,0.9961946980917455,-0.8660254037844386,0.5000000000000001,-1.062489299996,0.6243596451329593,5.00000_-60.00000,0.62869495,0.8751618,0.0043352842,0.008111775
L0000.ANS,5.0,-50.0,8.000085600032,2002/01/00,0,13.13,TOTAL,0.84951,0.056494,microSv/hr,ICRP Pub. 103 EFFECTIVE DOSE,0.08715574274765817,0.9961946980917455,-0.766044443118978,0.6427876096865394,-1.062489299996,0.6149207391424754,5.00000_-50.00000,0.617978,0.85517305,0.0030572414,0.0056630373
L0000.ANS,5.0,-40.0,8.000085600032,2002/01/00,0,13.41,TOTAL,0.83624,0.056136,microSv/hr,ICRP Pub. 103 EFFECTIVE DOSE,0.08715574274765817,0.9961946980917455,-0.6427876096865393,0.766044443118978,-1.062489299996,0.607720002609569,5.00000_-40.00000,0.61371064,0.84727323,0.0059906244,0.011033177
L0000.ANS,5.0,-30.0,8.000085600032,2002/01/00,0,13.61,TOTAL,0.828,0.055299,microSv/hr,ICRP Pub. 103 EFFECTIVE DOSE,0.08715574274765817,0.9961946980917455,-0.49999999999999994,0.8660254037844387,-1.062489299996,0.6032224730319582,5.00000_-30.00000,0.6051219,0.8314755,0.0018994212,0.0034754872
L0000.ANS,5.0,-20.0,8.000085600032,2002/01/00,0,13.78,TOTAL,0.82102,0.054518,microSv/hr,ICRP Pub. 103 EFFECTIVE DOSE,0.08715574274765817,0.9961946980917455,-0.3420201433256687,0.9396926207859084,-1.062489299996,0.599396783661545,5.00000_-20.00000,0.60223943,0.8262039,0.0028426647,0.005183935
L0000.ANS,5.0,-10.0,8.000085600032,2002/01/00,0,14.01,TOTAL,0.81193,0.053631,microSv/hr,ICRP Pub. 103 EFFECTIVE DOSE,0.08715574274765817,0.9961946980917455,-0.17364817766693033,0.984807753012208,-1.062489299996,0.5943925755279995,5.00000_-10.00000,0.59502476,0.81307584,0.00063216686,0.0011457801
L0000.ANS,5.0,0.0,8.000085600032,2002/01/00,0,14.29,TOTAL,0.80061,0.052639,microSv/hr,ICRP Pub. 103 EFFECTIVE DOSE,0.08715574274765817,0.9961946980917455,0.0,1.0,-1.062489299996,0.5881254963811384,5.00000_0.00000,0.5939837,0.8111893,0.0058582425,0.010579348
L0000.ANS,5.0,10.0,8.000085600032,2002/01/00,0,14.61,TOTAL,0.78835,0.051638,microSv/hr,ICRP Pub. 103 EFFECTIVE DOSE,0.08715574274765817,0.9961946980917455,0.17364817766693033,0.984807753012208,-1.062489299996,0.5812934070356164,5.00000_10.00000,0.58477956,0.79459536,0.0034861565,0.0062453747
L0000.ANS,5.0,20.0,8.000085600032,2002/01/00,0,14.95,TOTAL,0.7753,0.050929,microSv/hr,ICRP Pub. 103 EFFECTIVE DOSE,0.08715574274765817,0.9961946980917455,0.3420201433256687,0.9396926207859084,-1.062489299996,0.5739694227306149,5.00000_20.00000,0.5711035,0.77021945,-0.0028659105,-0.0050805807
L0000.ANS,5.0,30.0,8.000085600032,2002/01/00,0,15.31,TOTAL,0.76173,0.050575,microSv/hr,ICRP Pub. 103 EFFECTIVE DOSE,0.08715574274765817,0.9961946980917455,0.49999999999999994,0.8660254037844387,-1.062489299996,0.5662962808120393,5.00000_30.00000,0.5623069,0.75471574,-0.0039893985,-0.0070142746
L0000.ANS,5.0,40.0,8.000085600032,2002/01/00,0,15.71,TOTAL,0.74817,0.04902,microSv/hr,ICRP Pub. 103 EFFECTIVE DOSE,0.08715574274765817,0.9961946980917455,0.6427876096865393,0.766044443118978,-1.062489299996,0.5585695265090562,5.00000_40.00000,0.55376047,0.73978317,-0.0048090816,-0.00838685
L0000.ANS,5.0,50.0,8.000085600032,2002/01/00,0,16.16,TOTAL,0.73363,0.047642,microSv/hr,ICRP Pub. 103 EFFECTIVE DOSE,0.08715574274765817,0.9961946980917455,0.766044443118978,0.6427876096865394,-1.062489299996,0.5502174761202774,5.00000_50.00000,0.5513421,0.7355808,0.00112468,0.00195086
L0000.ANS,5.0,60.0,8.000085600032,2002/01/00,0,16.63,TOTAL,0.71915,0.046402,microSv/hr,ICRP Pub. 103 EFFECTIVE DOSE,0.08715574274765817,0.9961946980917455,0.8660254037844386,0.5000000000000001,-1.062489299996,0.5418299826286808,5.00000_60.00000,0.54716885,0.72835284,0.0053388476,0.009202778
L0000.ANS,5.0,70.0,8.000085600032,2002/01/00,0,17.04,TOTAL,0.70644,0.045722,microSv/hr,ICRP Pub. 103 EFFECTIVE DOSE,0.08715574274765817,0.9961946980917455,0.9396926207859083,0.3420201433256688,-1.062489299996,0.5344093290629457,5.00000_70.00000,0.5272512,0.6942687,-0.00715816,-0.012171328
L0000.ANS,5.0,80.0,8.000085600032,2002/01/00,0,17.35,TOTAL,0.69668,0.04547,microSv/hr,ICRP Pub. 103 EFFECTIVE DOSE,0.08715574274765817,0.9961946980917455,0.984807753012208,0.17364817766693041,-1.062489299996,0.5286734004096124,5.00000_80.00000,0.52395,0.68868476,-0.0047234297,-0.007995248
L0000.ANS,5.0,90.0,8.000085600032,2002/01/00,0,17.52,TOTAL,0.69197,0.045123,microSv/hr,ICRP Pub. 103 EFFECTIVE DOSE,0.08715574274765817,0.9961946980917455,1.0,6.123233995736766e-17,-1.062489299996,0.5258935305303905,5.00000_90.00000,0.52584285,0.6918843,-5.0663948e-05,-8.571148e-05
L0000.ANS,5.0,100.0,8.000085600032,2002/01/00,0,17.51,TOTAL,0.69214,0.045142,microSv/hr,ICRP Pub. 103 EFFECTIVE DOSE,0.08715574274765817,0.9961946980917455,0.984807753012208,-0.1736481776669303,-1.062489299996,0.5259940000778597,5.00000_100.00000,0.51822364,0.67904246,-0.0077703595,-0.013097525
L0000.ANS,5.0,110.0,8.000085600032,2002/01/00,0,17.36,TOTAL,0.69663,0.045469,microSv/hr,ICRP Pub. 103 EFFECTIVE DOSE,0.08715574274765817,0.9961946980917455,0.9396926207859084,-0.3420201433256687,-1.062489299996,0.528643930658836,5.00000_110.00000,0.52583927,0.6918782,-0.002804637,-0.0047518015
L0000.ANS,5.0,120.0,8.000085600032,2002/01/00,0,17.08,TOTAL,0.70509,0.045673,microSv/hr,ICRP Pub. 103 EFFECTIVE DOSE,0.08715574274765817,0.9961946980917455,0.8660254037844387,-0.4999999999999998,-1.062489299996,0.5336178952661059,5.00000_120.00000,0.5308459,0.70037,-0.0027720332,-0.004720032
L0000.ANS,5.0,130.0,8.000085600032,2002/01/00,0,16.74,TOTAL,0.71565,0.046176,microSv/hr,ICRP Pub. 103 EFFECTIVE DOSE,0.08715574274765817,0.9961946980917455,0.766044443118978,-0.6427876096865394,-1.062489299996,0.5397920175585867,5.00000_130.00000,0.53730035,0.7113805,-0.002491653,-0.0042694807
L0000.ANS,5.0,140.0,8.000085600032,2002/01/00,0,16.39,TOTAL,0.72657,0.046977,microSv/hr,ICRP Pub. 103 EFFECTIVE DOSE,0.08715574274765817,0.9961946980917455,0.6427876096865395,-0.7660444431189779,-1.062489299996,0.5461367814801037,5.00000_140.00000,0.54610854,0.72652125,-2.8252602e-05,-4.87566e-05
L0000.ANS,5.0,150.0,8.000085600032,2002/01/00,0,16.04,TOTAL,0.73711,0.048008,microSv/hr,ICRP Pub. 103 EFFECTIVE DOSE,0.08715574274765817,0.9961946980917455,0.49999999999999994,-0.8660254037844387,-1.062489299996,0.5522228128301425,5.00000_150.00000,0.5499457,0.73315895,-0.0022770762,-0.003951013
L0000.ANS,5.0,160.0,8.000085600032,2002/01/00,0,15.73,TOTAL,0.74746,0.048947,microSv/hr,ICRP Pub. 103 EFFECTIVE DOSE,0.08715574274765817,0.9961946980917455,0.3420201433256689,-0.9396926207859083,-1.062489299996,0.5581633050212195,5.00000_160.00000,0.5558386,0.74340236,-0.0023247004,-0.004057646
L0000.ANS,5.0,170.0,8.000085600032,2002/01/00,0,15.46,TOTAL,0.75661,0.049948,microSv/hr,ICRP Pub. 103 EFFECTIVE DOSE,0.08715574274765817,0.9961946980917455,0.17364817766693028,-0.984807753012208,-1.062489299996,0.5633858153003426,5.00000_170.00000,0.5647192,0.7589538,0.0013333559,0.0023437738
L0000.ANS,10.0,-179.99999,8.000085600032,2002/01/00,0,14.88,TOTAL,0.77808,0.051049,microSv/hr,ICRP Pub. 103 EFFECTIVE DOSE,0.17364817766693033,0.984807753012208,-1.745329251238221e-07,-0.9999999999999848,-1.062489299996,0.5755341304551993,10.00000_-179.99999,0.57162434,0.77114165,-0.0039097667,-0.0069383383
L0000.ANS,10.0,-170.0,8.000085600032,2002/01/00,0,14.58,TOTAL,0.78967,0.051731,microSv/hr,ICRP Pub. 103 EFFECTIVE DOSE,0.17364817766693033,0.984807753012208,-0.17364817766693028,-0.984807753012208,-1.062489299996,0.5820312453148236,10.00000_-170.00000,0.58315814,0.7916879,0.0011268854,0.0020179152
L0000.ANS,10.0,-160.0,8.000085600032,2002/01/00,0,14.29,TOTAL,0.80056,0.052634,microSv/hr,ICRP Pub. 103 EFFECTIVE DOSE,0.17364817766693033,0.984807753012208,-0.3420201433256689,-0.9396926207859083,-1.062489299996,0.5880977276282036,10.00000_-160.00000,0.5856614,0.7961786,-0.0024363399,-0.004381478
L0000.ANS,10.0,-150.0,8.000085600032,2002/01/00,0,14.01,TOTAL,0.81195,0.053633,microSv/hr,ICRP Pub. 103 EFFECTIVE DOSE,0.17364817766693033,0.984807753012208,-0.49999999999999994,-0.8660254037844387,-1.062489299996,0.5944036134210866,10.00000_-150.00000,0.5860165,0.79681647,-0.008387148,-0.01513356
L0000.ANS,10.0,-140.0,8.000085600032,2002/01/00,0,13.7,TOTAL,0.82437,0.054882,microSv/hr,ICRP Pub. 103 EFFECTIVE DOSE,0.17364817766693033,0.984807753012208,-0.6427876096865395,-0.7660444431189779,-1.062489299996,0.6012347219578754,10.00000_-140.00000,0.59992874,0.82198894,-0.0013059974,-0.0023810863
L0000.ANS,10.0,-130.0,8.000085600032,2002/01/00,0,13.34,TOTAL,0.8399,0.056198,microSv/hr,ICRP Pub. 103 EFFECTIVE DOSE,0.17364817766693033,0.984807753012208,-0.766044443118978,-0.6427876096865394,-1.062489299996,0.6097112223179106,10.00000_-130.00000,0.6091698,0.8389041,-0.0005414486,-0.000995934
L0000.ANS,10.0,-120.0,8.000085600032,2002/01/00,0,12.86,TOTAL,0.862,0.057163,microSv/hr,ICRP Pub. 103 EFFECTIVE DOSE,0.17364817766693033,0.984807753012208,-0.8660254037844387,-0.4999999999999998,-1.062489299996,0.6216511788548753,10.00000_-120.00000,0.6172011,0.85373235,-0.004450083,-0.008267641
L0000.ANS,10.0,-110.0,8.000085600032,2002/01/00,0,12.2,TOTAL,0.89327,0.059743,microSv/hr,ICRP Pub. 103 EFFECTIVE DOSE,0.17364817766693033,0.984807753012208,-0.9396926207859084,-0.3420201433256687,-1.062489299996,0.6383054928012377,10.00000_-110.00000,0.6365377,0.889926,-0.0017678142,-0.0033439994
L0000.ANS,10.0,-100.0,8.000085600032,2002/01/00,0,11.53,TOTAL,0.928,0.062265,microSv/hr,ICRP Pub. 103 EFFECTIVE DOSE,0.17364817766693033,0.984807753012208,-0.984807753012208,-0.1736481776669303,-1.062489299996,0.6564831961883539,10.00000_-100.00000,0.65965474,0.93412447,0.0031715631,0.0061244965
L0000.ANS,10.0,-90.0,8.000085600032,2002/01/00,0,11.04,TOTAL,0.9556,0.064004,microSv/hr,ICRP Pub. 103 EFFECTIVE DOSE,0.17364817766693033,0.984807753012208,-1.0,6.123233995736766e-17,-1.062489299996,0.6706970517223534,10.00000_-90.00000,0.6776537,0.9692518,0.006956637,0.013651848
L0000.ANS,10.0,-80.0,8.000085600032,2002/01/00,0,11.13,TOTAL,0.95047,0.063654,microSv/hr,ICRP Pub. 103 EFFECTIVE DOSE,0.17364817766693033,0.984807753012208,-0.984807753012208,0.17364817766693041,-1.062489299996,0.6680703691746678,10.00000_-80.00000,0.6718409,0.9578382,0.0037705302,0.0073681474
L0000.ANS,10.0,-70.0,8.000085600032,2002/01/00,0,11.8,TOTAL,0.91309,0.061855,microSv/hr,ICRP Pub. 103 EFFECTIVE DOSE,0.17364817766693033,0.984807753012208,-0.9396926207859083,0.3420201433256688,-1.062489299996,0.6487197358752474,10.00000_-70.00000,0.6485677,0.9127991,-0.00015205145,-0.00029087067
L0000.ANS,10.0,-60.0,8.000085600032,2002/01/00,0,12.42,TOTAL,0.88289,0.058793,microSv/hr,ICRP Pub. 103 EFFECTIVE DOSE,0.17364817766693033,0.984807753012208,-0.8660254037844386,0.5000000000000001,-1.062489299996,0.6328078305496393,10.00000_-60.00000,0.6309144,0.87932825,-0.0018934608,-0.0035617948
L0000.ANS,10.0,-50.0,8.000085600032,2002/01/00,0,12.97,TOTAL,0.85674,0.056843,microSv/hr,ICRP Pub. 103 EFFECTIVE DOSE,0.17364817766693033,0.984807753012208,-0.766044443118978,0.6427876096865394,-1.062489299996,0.6188222617980866,10.00000_-50.00000,0.62348217,0.8654124,0.004659891,0.008672416
L0000.ANS,10.0,-40.0,8.000085600032,2002/01/00,0,13.44,TOTAL,0.83521,0.056124,microSv/hr,ICRP Pub. 103 EFFECTIVE DOSE,0.17364817766693033,0.984807753012208,-0.6427876096865393,0.766044443118978,-1.062489299996,0.607158916375508,10.00000_-40.00000,0.6117259,0.8436106,0.004567027,0.008400619
L0000.ANS,10.0,-30.0,8.000085600032,2002/01/00,0,13.77,TOTAL,0.82142,0.05456,microSv/hr,ICRP Pub. 103 EFFECTIVE DOSE,0.17364817766693033,0.984807753012208,-0.49999999999999994,0.8660254037844387,-1.062489299996,0.5996164166556962,10.00000_-30.00000,0.6067988,0.8345493,0.0071824193,0.0131293535
L0000.ANS,10.0,-20.0,8.000085600032,2002/01/00,0,14.06,TOTAL,0.80965,0.053433,microSv/hr,ICRP Pub. 103 EFFECTIVE DOSE,0.17364817766693033,0.984807753012208,-0.3420201433256687,0.9396926207859084,-1.062489299996,0.5931334564135675,10.00000_-20.00000,0.59842193,0.81924564,0.0052884817,0.009595633
L0000.ANS,10.0,-10.0,8.000085600032,2002/01/00,0,14.35,TOTAL,0.79854,0.052448,microSv/hr,ICRP Pub. 103 EFFECTIVE DOSE,0.17364817766693033,0.984807753012208,-0.17364817766693033,0.984807753012208,-1.062489299996,0.5869752246624054,10.00000_-10.00000,0.5808258,0.787514,-0.006149411,-0.011026025
L0000.ANS,10.0,0.0,8.000085600032,2002/01/00,0,14.66,TOTAL,0.78666,0.051525,microSv/hr,ICRP Pub. 103 EFFECTIVE DOSE,0.17364817766693033,0.984807753012208,0.0,1.0,-1.062489299996,0.5803479550643559,10.00000_0.00000,0.5830345,0.7914664,0.0026865602,0.0048063993
L0000.ANS,10.0,10.0,8.000085600032,2002/01/00,0,14.97,TOTAL,0.77476,0.050908,microSv/hr,ICRP Pub. 103 EFFECTIVE DOSE,0.17364817766693033,0.984807753012208,0.17364817766693033,0.984807753012208,-1.062489299996,0.573665202517906,10.00000_10.00000,0.5750823,0.7772768,0.0014171004,0.0025168061
L0000.ANS,10.0,20.0,8.000085600032,2002/01/00,0,15.27,TOTAL,0.76294,0.050608,microSv/hr,ICRP Pub. 103 EFFECTIVE DOSE,0.17364817766693033,0.984807753012208,0.3420201433256687,0.9396926207859084,-1.062489299996,0.5669828699381324,10.00000_20.00000,0.5649509,0.7593614,-0.002031982,-0.0035786033
L0000.ANS,10.0,30.0,8.000085600032,2002/01/00,0,15.58,TOTAL,0.75245,0.049474,microSv/hr,ICRP Pub. 103 EFFECTIVE DOSE,0.17364817766693033,0.984807753012208,0.49999999999999994,0.8660254037844387,-1.062489299996,0.56101480884913,10.00000_30.00000,0.5588828,0.74871767,-0.0021320581,-0.0037323833
L0000.ANS,10.0,40.0,8.000085600032,2002/01/00,0,15.93,TOTAL,0.74103,0.048341,microSv/hr,ICRP Pub. 103 EFFECTIVE DOSE,0.17364817766693033,0.984807753012208,0.6427876096865393,0.766044443118978,-1.062489299996,0.554476892113755,10.00000_40.00000,0.5537522,0.73976874,-0.0007247329,-0.0012612939
L0000.ANS,10.0,50.0,8.000085600032,2002/01/00,0,16.32,TOTAL,0.72859,0.047156,microSv/hr,ICRP Pub. 103 EFFECTIVE DOSE,0.17364817766693033,0.984807753012208,0.766044443118978,0.6427876096865394,-1.062489299996,0.5473060472913207,10.00000_50.00000,0.5469386,0.727955,-0.00036746264,-0.0006350279
L0000.ANS,10.0,60.0,8.000085600032,2002/01/00,0,16.75,TOTAL,0.71539,0.04616,microSv/hr,ICRP Pub. 103 EFFECTIVE DOSE,0.17364817766693033,0.984807753012208,0.8660254037844386,0.5000000000000001,-1.062489299996,0.5396404600130625,10.00000_60.00000,0.53894264,0.71419334,-0.0006978512,-0.001196742
L0000.ANS,10.0,70.0,8.000085600032,2002/01/00,0,17.14,TOTAL,0.70336,0.045616,microSv/hr,ICRP Pub. 103 EFFECTIVE DOSE,0.17364817766693033,0.984807753012208,0.9396926207859083,0.3420201433256688,-1.062489299996,0.5326027710022555,10.00000_70.00000,0.5292017,0.6975766,-0.0034011006,-0.0057834387
L0000.ANS,10.0,80.0,8.000085600032,2002/01/00,0,17.44,TOTAL,0.69401,0.045372,microSv/hr,ICRP Pub. 103 EFFECTIVE DOSE,0.17364817766693033,0.984807753012208,0.984807753012208,0.17364817766693041,-1.062489299996,0.5270984994001603,10.00000_80.00000,0.5227031,0.68658054,-0.0043953657,-0.007429421
L0000.ANS,10.0,90.0,8.000085600032,2002/01/00,0,17.6,TOTAL,0.68979,0.044863,microSv/hr,ICRP Pub. 103 EFFECTIVE DOSE,0.17364817766693033,0.984807753012208,1.0,6.123233995736766e-17,-1.062489299996,0.524604260858995,10.00000_90.00000,0.524878,0.69025266,0.00027376413,0.00046265125
L0000.ANS,10.0,100.0,8.000085600032,2002/01/00,0,17.59,TOTAL,0.69022,0.044914,microSv/hr,ICRP Pub. 103 EFFECTIVE DOSE,0.17364817766693033,0.984807753012208,0.984807753012208,-0.1736481776669303,-1.062489299996,0.5248586979774176,10.00000_100.00000,0.5264379,0.69289124,0.0015791655,0.0026712418
L0000.ANS,10.0,110.0,8.000085600032,2002/01/00,0,17.41,TOTAL,0.69491,0.045449,microSv/hr,ICRP Pub. 103 EFFECTIVE DOSE,0.17364817766693033,0.984807753012208,0.9396926207859084,-0.3420201433256687,-1.062489299996,0.5276296420775669,10.00000_110.00000,0.5265201,0.6930304,-0.0011095405,-0.0018795133
L0000.ANS,10.0,120.0,8.000085600032,2002/01/00,0,17.13,TOTAL,0.70368,0.045626,microSv/hr,ICRP Pub. 103 EFFECTIVE DOSE,0.17364817766693033,0.984807753012208,0.8660254037844387,-0.4999999999999998,-1.062489299996,0.5327906173445004,10.00000_120.00000,0.5276126,0.6948812,-0.0051779747,-0.008798778
L0000.ANS,10.0,130.0,8.000085600032,2002/01/00,0,16.76,TOTAL,0.71515,0.046146,microSv/hr,ICRP Pub. 103 EFFECTIVE DOSE,0.17364817766693033,0.984807753012208,0.766044443118978,-0.6427876096865394,-1.062489299996,0.5395005403500406,10.00000_130.00000,0.5373125,0.7114013,-0.002188027,-0.003748715
L0000.ANS,10.0,140.0,8.000085600032,2002/01/00,0,16.35,TOTAL,0.72755,0.047063,microSv/hr,ICRP Pub. 103 EFFECTIVE DOSE,0.17364817766693033,0.984807753012208,0.6427876096865395,-0.7660444431189779,-1.062489299996,0.5467042198008891,10.00000_140.00000,0.5460745,0.7264625,-0.0006297231,-0.0010875463
L0000.ANS,10.0,150.0,8.000085600032,2002/01/00,0,15.95,TOTAL,0.74037,0.048284,microSv/hr,ICRP Pub. 103 EFFECTIVE DOSE,0.17364817766693033,0.984807753012208,0.49999999999999994,-0.8660254037844387,-1.062489299996,0.5540977342991362,10.00000_150.00000,0.5513166,0.7355366,-0.0027810931,-0.0048334002
L0000.ANS,10.0,160.0,8.000085600032,2002/01/00,0,15.56,TOTAL,0.75313,0.049549,microSv/hr,ICRP Pub. 103 EFFECTIVE DOSE,0.17364817766693033,0.984807753012208,0.3420201433256689,-0.9396926207859083,-1.062489299996,0.5614027617747679,10.00000_160.00000,0.5623869,0.7548561,0.0009841323,0.0017261505
L0000.ANS,10.0,170.0,8.000085600032,2002/01/00,0,15.21,TOTAL,0.76534,0.050643,microSv/hr,ICRP Pub. 103 EFFECTIVE DOSE,0.17364817766693033,0.984807753012208,0.17364817766693028,-0.984807753012208,-1.062489299996,0.568343306394512,10.00000_170.00000,0.57234246,0.77241397,0.0039991736,0.0070739985
L0000.ANS,15.0,-179.99999,8.000085600032,2002/01/00,0,14.38,TOTAL,0.79719,0.052328,microSv/hr,ICRP Pub. 103 EFFECTIVE DOSE,0.25881904510252074,0.9659258262890683,-1.745329251238221e-07,-0.9999999999999848,-1.062489299996,0.5862243339873926,15.00000_-179.99999,0.5890785,0.8023268,0.0028541684,0.0051368475
L0000.ANS,15.0,-170.0,8.000085600032,2002/01/00,0,14.04,TOTAL,0.81064,0.053518,microSv/hr,ICRP Pub. 103 EFFECTIVE DOSE,0.25881904510252074,0.9659258262890683,-0.17364817766693028,-0.984807753012208,-1.062489299996,0.5936803739393333,15.00000_-170.00000,0.5920787,0.80774224,-0.001601696,-0.0028977394
L0000.ANS,15.0,-160.0,8.000085600032,2002/01/00,0,13.73,TOTAL,0.82339,0.054773,microSv/hr,ICRP Pub. 103 EFFECTIVE DOSE,0.25881904510252074,0.9659258262890683,-0.3420201433256689,-0.9396926207859083,-1.062489299996,0.6006974058934534,15.00000_-160.00000,0.59704477,0.81674194,-0.0036526322,-0.0066480637
L0000.ANS,15.0,-150.0,8.000085600032,2002/01/00,0,13.4,TOTAL,0.83692,0.056145,microSv/hr,ICRP Pub. 103 EFFECTIVE DOSE,0.25881904510252074,0.9659258262890683,-0.49999999999999994,-0.8660254037844387,-1.062489299996,0.6080902560195857,15.00000_-150.00000,0.60702,0.8349551,-0.001070261,-0.0019649267
L0000.ANS,15.0,-140.0,8.000085600032,2002/01/00,0,13.04,TOTAL,0.85344,0.05667,microSv/hr,ICRP Pub. 103 EFFECTIVE DOSE,0.25881904510252074,0.9659258262890683,-0.6427876096865395,-0.7660444431189779,-1.062489299996,0.6170433718950504,15.00000_-140.00000,0.61761326,0.85449654,0.00056988,0.0010565519
L0000.ANS,15.0,-130.0,8.000085600032,2002/01/00,0,12.59,TOTAL,0.87433,0.058131,microSv/hr,ICRP Pub. 103 EFFECTIVE DOSE,0.25881904510252074,0.9659258262890683,-0.766044443118978,-0.6427876096865394,-1.062489299996,0.6282512622302723,15.00000_-130.00000,0.6244141,0.8671516,-0.0038371682,-0.007178366
L0000.ANS,15.0,-120.0,8.000085600032,2002/01/00,0,11.93,TOTAL,0.90653,0.061221,microSv/hr,ICRP Pub. 103 EFFECTIVE DOSE,0.25881904510252074,0.9659258262890683,-0.8660254037844387,-0.4999999999999998,-1.062489299996,0.6452848358329049,15.00000_-120.00000,0.642655,0.90152276,-0.0026298165,-0.005007267
L0000.ANS,15.0,-110.0,8.000085600032,2002/01/00,0,10.96,TOTAL,0.95992,0.064333,microSv/hr,ICRP Pub. 103 EFFECTIVE DOSE,0.25881904510252074,0.9659258262890683,-0.9396926207859084,-0.3420201433256687,-1.062489299996,0.6729036560828863,15.00000_-110.00000,0.6744691,0.9629906,0.0015654564,0.0030705929
L0000.ANS,15.0,-100.0,8.000085600032,2002/01/00,0,9.88,TOTAL,1.0345,0.069584,microSv/hr,ICRP Pub. 103 EFFECTIVE DOSE,0.25881904510252074,0.9659258262890683,-0.984807753012208,-0.1736481776669303,-1.062489299996,0.7102500884596076,15.00000_-100.00000,0.7136082,1.0413436,0.0033581257,0.006843567
L0000.ANS,15.0,-90.0,8.000085600032,2002/01/00,0,8.99,TOTAL,1.1099,0.074801,microSv/hr,ICRP Pub. 103 EFFECTIVE DOSE,0.25881904510252074,0.9659258262890683,-1.0,6.123233995736766e-17,-1.062489299996,0.7466405529999453,15.00000_-90.00000,0.7440088,1.1043545,-0.0026317835,-0.005545497
L0000.ANS,15.0,-80.0,8.000085600032,2002/01/00,0,9.15,TOTAL,1.0958,0.074091,microSv/hr,ICRP Pub. 103 EFFECTIVE DOSE,0.25881904510252074,0.9659258262890683,-0.984807753012208,0.17364817766693041,-1.062489299996,0.7399353420587043,15.00000_-80.00000,0.74513876,1.1067338,0.005203426,0.010933757
L0000.ANS,15.0,-70.0,8.000085600032,2002/01/00,0,10.43,TOTAL,0.99059,0.067548,microSv/hr,ICRP Pub. 103 EFFECTIVE DOSE,0.25881904510252074,0.9659258262890683,-0.9396926207859083,0.3420201433256688,-1.062489299996,0.6884310772062362,15.00000_-70.00000,0.69659716,1.0069119,0.008166075,0.016321838
L0000.ANS,15.0,-60.0,8.000085600032,2002/01/00,0,11.74,TOTAL,0.91628,0.061906,microSv/hr,ICRP Pub. 103 EFFECTIVE DOSE,0.25881904510252074,0.9659258262890683,-0.8660254037844386,0.5000000000000001,-1.062489299996,0.650385806658639,15.00000_-60.00000,0.6468711,0.9095566,-0.003514707,-0.0067233443
L0000.ANS,15.0,-50.0,8.000085600032,2002/01/00,0,12.55,TOTAL,0.87655,0.058307,microSv/hr,ICRP Pub. 103 EFFECTIVE DOSE,0.25881904510252074,0.9659258262890683,-0.766044443118978,0.6427876096865394,-1.062489299996,0.6294349845883438,15.00000_-50.00000,0.6283881,0.8745865,-0.001046896,-0.0019634962
L0000.ANS,15.0,-40.0,8.000085600032,2002/01/00,0,13.16,TOTAL,0.84801,0.056435,microSv/hr,ICRP Pub. 103 EFFECTIVE DOSE,0.25881904510252074,0.9659258262890683,-0.6427876096865393,0.766044443118978,-1.062489299996,0.6141093844602629,15.00000_-40.00000,0.6125026,0.845043,-0.001606822,-0.002967
L0000.ANS,15.0,-30.0,8.000085600032,2002/01/00,0,13.64,TOTAL,0.827,0.055182,microSv/hr,ICRP Pub. 103 EFFECTIVE DOSE,0.25881904510252074,0.9659258262890683,-0.49999999999999994,0.8660254037844387,-1.062489299996,0.6026752773958697,15.00000_-30.00000,0.6076726,0.8361529,0.004997313,0.009152949
L0000.ANS,15.0,-20.0,8.000085600032,2002/01/00,0,14.01,TOTAL,0.81175,0.053615,microSv/hr,ICRP Pub. 103 EFFECTIVE DOSE,0.25881904510252074,0.9659258262890683,-0.3420201433256687,0.9396926207859084,-1.062489299996,0.5942932290072538,15.00000_-20.00000,0.5949142,0.8128754,0.0006209612,0.0011253953
L0000.ANS,15.0,-10.0,8.000085600032,2002/01/00,0,14.33,TOTAL,0.79907,0.052497,microSv/hr,ICRP Pub. 103 EFFECTIVE DOSE,0.25881904510252074,0.9659258262890683,-0.17364817766693033,0.984807753012208,-1.062489299996,0.5872698647172385,15.00000_-10.00000,0.5827879,0.7910246,-0.0044819713,-0.008045316
L0000.ANS,15.0,0.0,8.000085600032,2002/01/00,0,14.64,TOTAL,0.78727,0.051565,microSv/hr,ICRP Pub. 103 EFFECTIVE DOSE,0.25881904510252074,0.9659258262890683,0.0,1.0,-1.062489299996,0.5806893159784887,15.00000_0.00000,0.5748332,0.77683413,-0.0058560967,-0.010435879
L0000.ANS,15.0,10.0,8.000085600032,2002/01/00,0,14.93,TOTAL,0.77622,0.050967,microSv/hr,ICRP Pub. 103 EFFECTIVE DOSE,0.25881904510252074,0.9659258262890683,0.17364817766693033,0.984807753012208,-1.062489299996,0.5744875107721175,15.00000_10.00000,0.5781223,0.78268796,0.0036348104,0.006467998
L0000.ANS,15.0,20.0,8.000085600032,2002/01/00,0,15.19,TOTAL,0.76601,0.050656,microSv/hr,ICRP Pub. 103 EFFECTIVE DOSE,0.25881904510252074,0.9659258262890683,0.3420201433256687,0.9396926207859084,-1.062489299996,0.5687227646798926,15.00000_20.00000,0.5737463,0.774904,0.005023539,0.008893967
L0000.ANS,15.0,30.0,8.000085600032,2002/01/00,0,15.45,TOTAL,0.75686,0.049977,microSv/hr,ICRP Pub. 103 EFFECTIVE DOSE,0.25881904510252074,0.9659258262890683,0.49999999999999994,0.8660254037844387,-1.062489299996,0.5635281247553383,15.00000_30.00000,0.56627345,0.7616898,0.0027453303,0.0048297644
L0000.ANS,15.0,40.0,8.000085600032,2002/01/00,0,15.73,TOTAL,0.74751,0.048953,microSv/hr,ICRP Pub. 103 EFFECTIVE DOSE,0.25881904510252074,0.9659258262890683,0.6427876096865393,0.766044443118978,-1.062489299996,0.5581919175701131,15.00000_40.00000,0.5573791,0.7460902,-0.00081276894,-0.0014197826
L0000.ANS,15.0,50.0,8.000085600032,2002/01/00,0,16.08,TOTAL,0.73592,0.047881,microSv/hr,ICRP Pub. 103 EFFECTIVE DOSE,0.25881904510252074,0.9659258262890683,0.766044443118978,0.6427876096865394,-1.062489299996,0.551537532226998,15.00000_50.00000,0.5492796,0.73200476,-0.0022579432,-0.0039151907
L0000.ANS,15.0,60.0,8.000085600032,2002/01/00,0,16.47,TOTAL,0.7239,0.046756,microSv/hr,ICRP Pub. 103 EFFECTIVE DOSE,0.25881904510252074,0.9659258262890683,0.8660254037844386,0.5000000000000001,-1.062489299996,0.5445891659187959,15.00000_60.00000,0.5398791,0.7157994,-0.0047100782,-0.008100569
L0000.ANS,15.0,70.0,8.000085600032,2002/01/00,0,16.85,TOTAL,0.71231,0.045987,microSv/hr,ICRP Pub. 103 EFFECTIVE DOSE,0.25881904510252074,0.9659258262890683,0.9396926207859083,0.3420201433256688,-1.062489299996,0.5378433360938488,15.00000_70.00000,0.53967994,0.71545774,0.0018365979,0.0031477213
L0000.ANS,15.0,80.0,8.000085600032,2002/01/00,0,17.14,TOTAL,0.70343,0.045619,microSv/hr,ICRP Pub. 103 EFFECTIVE DOSE,0.25881904510252074,0.9659258262890683,0.984807753012208,0.17364817766693041,-1.062489299996,0.5326438654049102,15.00000_80.00000,0.5303319,0.69949627,-0.002311945,-0.003933668
L0000.ANS,15.0,90.0,8.000085600032,2002/01/00,0,17.29,TOTAL,0.69854,0.0455,microSv/hr,ICRP Pub. 103 EFFECTIVE DOSE,0.25881904510252074,0.9659258262890683,1.0,6.123233995736766e-17,-1.062489299996,0.5297690585325455,15.00000_90.00000,0.52765995,0.69496137,-0.0021091104,-0.0035786033
L0000.ANS,15.0,100.0,8.000085600032,2002/01/00,0,17.28,TOTAL,0.69899,0.045508,microSv/hr,ICRP Pub. 103 EFFECTIVE DOSE,0.25881904510252074,0.9659258262890683,0.984807753012208,-0.1736481776669303,-1.062489299996,0.530033956857288,15.00000_100.00000,0.5331771,0.70433855,0.0031431317,0.005348563
L0000.ANS,15.0,110.0,8.000085600032,2002/01/00,0,17.12,TOTAL,0.70399,0.045636,microSv/hr,ICRP Pub. 103 EFFECTIVE DOSE,0.25881904510252074,0.9659258262890683,0.9396926207859084,-0.3420201433256687,-1.062489299996,0.5329725598453031,15.00000_110.00000,0.52785194,0.6952868,-0.005120635,-0.008703172
L0000.ANS,15.0,120.0,8.000085600032,2002/01/00,0,16.85,TOTAL,0.71238,0.045991,microSv/hr,ICRP Pub. 103 EFFECTIVE DOSE,0.25881904510252074,0.9659258262890683,0.8660254037844387,-0.4999999999999998,-1.062489299996,0.5378842157063157,15.00000_120.00000,0.5342828,0.7062241,-0.0036014318,-0.0061559677
L0000.ANS,15.0,130.0,8.000085600032,2002/01/00,0,16.48,TOTAL,0.72355,0.046728,microSv/hr,ICRP Pub. 103 EFFECTIVE DOSE,0.25881904510252074,0.9659258262890683,0.766044443118978,-0.6427876096865394,-1.062489299996,0.5443861172879514,15.00000_130.00000,0.5393708,0.71492743,-0.0050153136,-0.008622527
L0000.ANS,15.0,140.0,8.000085600032,2002/01/00,0,16.06,TOTAL,0.73674,0.047968,microSv/hr,ICRP Pub. 103 EFFECTIVE DOSE,0.25881904510252074,0.9659258262890683,0.6427876096865395,-0.7660444431189779,-1.062489299996,0.5520097926931768,15.00000_140.00000,0.5469266,0.72793424,-0.0050832033,-0.008805811
L0000.ANS,15.0,150.0,8.000085600032,2002/01/00,0,15.61,TOTAL,0.75146,0.049366,microSv/hr,ICRP Pub. 103 EFFECTIVE DOSE,0.25881904510252074,0.9659258262890683,0.49999999999999994,-0.8660254037844387,-1.062489299996,0.5604497258268242,15.00000_150.00000,0.5599276,0.75054574,-0.0005221367,-0.00091421604
L0000.ANS,15.0,160.0,8.000085600032,2002/01/00,0,15.17,TOTAL,0.7668,0.050671,microSv/hr,ICRP Pub. 103 EFFECTIVE DOSE,0.25881904510252074,0.9659258262890683,0.3420201433256689,-0.9396926207859083,-1.062489299996,0.5691700007402344,15.00000_160.00000,0.57149976,0.770921,0.0023297668,0.0041210055
L0000.ANS,15.0,170.0,8.000085600032,2002/01/00,0,14.76,TOTAL,0.78253,0.051276,microSv/hr,ICRP Pub. 103 EFFECTIVE DOSE,0.25881904510252074,0.9659258262890683,0.17364817766693028,-0.984807753012208,-1.062489299996,0.5780337034592162,15.00000_170.00000,0.5774237,0.781443,-0.00060999393,-0.0010869503
L0000.ANS,20.0,-179.99999,8.000085600032,2002/01/00,0,13.72,TOTAL,0.82378,0.054817,microSv/hr,ICRP Pub. 103 EFFECTIVE DOSE,0.3420201433256687,0.9396926207859084,-1.745329251238221e-07,-0.9999999999999848,-1.062489299996,0.6009112703425943,20.00000_-179.99999,0.60427976,0.82993376,0.003368497,0.0061537623
L0000.ANS,20.0,-170.0,8.000085600032,2002/01/00,0,13.33,TOTAL,0.84006,0.056201,microSv/hr,ICRP Pub. 103 EFFECTIVE DOSE,0.3420201433256687,0.9396926207859084,-0.17364817766693028,-0.984807753012208,-1.062489299996,0.6097981797848945,20.00000_-170.00000,0.6063004,0.83363515,-0.0034977794,-0.0064248443
L0000.ANS,20.0,-160.0,8.000085600032,2002/01/00,0,12.98,TOTAL,0.85659,0.056834,microSv/hr,ICRP Pub. 103 EFFECTIVE DOSE,0.3420201433256687,0.9396926207859084,-0.3420201433256689,-0.9396926207859083,-1.062489299996,0.6187414717793802,20.00000_-160.00000,0.6195496,0.85809094,0.0008081198,0.0015009642
L0000.ANS,20.0,-150.0,8.000085600032,2002/01/00,0,12.6,TOTAL,0.87403,0.058104,microSv/hr,ICRP Pub. 103 EFFECTIVE DOSE,0.3420201433256687,0.9396926207859084,-0.49999999999999994,-0.8660254037844387,-1.062489299996,0.628091192225982,20.00000_-150.00000,0.6293918,0.87646896,0.0013005733,0.0024389029
L0000.ANS,20.0,-140.0,8.000085600032,2002/01/00,0,12.15,TOTAL,0.8957,0.059992,microSv/hr,ICRP Pub. 103 EFFECTIVE DOSE,0.3420201433256687,0.9396926207859084,-0.6427876096865395,-0.7660444431189779,-1.062489299996,0.6395881634653823,20.00000_-140.00000,0.6401583,0.8967811,0.0005701184,0.0010810494
L0000.ANS,20.0,-130.0,8.000085600032,2002/01/00,0,11.61,TOTAL,0.92358,0.062098,microSv/hr,ICRP Pub. 103 EFFECTIVE DOSE,0.3420201433256687,0.9396926207859084,-0.766044443118978,-0.6427876096865394,-1.062489299996,0.6541880331953503,20.00000_-130.00000,0.65403163,0.92327917,-0.00015640259,-0.00030082464
L0000.ANS,20.0,-120.0,8.000085600032,2002/01/00,0,10.8,TOTAL,0.96927,0.065155,microSv/hr,ICRP Pub. 103 EFFECTIVE DOSE,0.3420201433256687,0.9396926207859084,-0.8660254037844387,-0.4999999999999998,-1.062489299996,0.6776629157005422,20.00000_-120.00000,0.68354577,0.9808891,0.005882859,0.011619091
L0000.ANS,20.0,-110.0,8.000085600032,2002/01/00,0,9.42,TOTAL,1.0721,0.073313,microSv/hr,ICRP Pub. 103 EFFECTIVE DOSE,0.3420201433256687,0.9396926207859084,-0.9396926207859084,-0.3420201433256687,-1.062489299996,0.7285625857808999,20.00000_-110.00000,0.72798026,1.0708938,-0.0005823374,-0.0012062788
L0000.ANS,20.0,-100.0,8.000085600032,2002/01/00,0,7.92,TOTAL,1.1984,0.080685,microSv/hr,ICRP Pub. 103 EFFECTIVE DOSE,0.3420201433256687,0.9396926207859084,-0.984807753012208,-0.1736481776669303,-1.062489299996,0.7877298230458931,20.00000_-100.00000,0.7822784,1.1864482,-0.005451381,-0.011951685
L0000.ANS,20.0,-90.0,8.000085600032,2002/01/00,0,7.32,TOTAL,1.2505,0.084648,microSv/hr,ICRP Pub. 103 EFFECTIVE DOSE,0.3420201433256687,0.9396926207859084,-1.0,6.123233995736766e-17,-1.062489299996,0.8111524137508503,20.00000_-90.00000,0.8159905,1.2614145,0.004838109,0.010914564
L0000.ANS,20.0,-80.0,8.000085600032,2002/01/00,0,6.91,TOTAL,1.2888,0.086505,microSv/hr,ICRP Pub. 103 EFFECTIVE DOSE,0.3420201433256687,0.9396926207859084,-0.984807753012208,0.17364817766693041,-1.062489299996,0.8280276627537635,20.00000_-80.00000,0.8253703,1.2827259,-0.0026573539,-0.006074071
L0000.ANS,20.0,-70.0,8.000085600032,2002/01/00,0,8.05,TOTAL,1.1877,0.080056,microSv/hr,ICRP Pub. 103 EFFECTIVE DOSE,0.3420201433256687,0.9396926207859084,-0.9396926207859083,0.3420201433256688,-1.062489299996,0.7828507636417239,20.00000_-70.00000,0.7812083,1.1841097,-0.0016424656,-0.0035902262
L0000.ANS,20.0,-60.0,8.000085600032,2002/01/00,0,10.14,TOTAL,1.0139,0.068342,microSv/hr,ICRP Pub. 103 EFFECTIVE DOSE,0.3420201433256687,0.9396926207859084,-0.8660254037844386,0.5000000000000001,-1.062489299996,0.7000731406306785,20.00000_-60.00000,0.70338476,1.0205803,0.003311634,0.0066803694
L0000.ANS,20.0,-50.0,8.000085600032,2002/01/00,0,11.77,TOTAL,0.91462,0.061877,microSv/hr,ICRP Pub. 103 EFFECTIVE DOSE,0.3420201433256687,0.9396926207859084,-0.766044443118978,0.6427876096865394,-1.062489299996,0.6495191695217277,20.00000_-50.00000,0.65279835,0.9209087,0.0032792091,0.006288767
L0000.ANS,20.0,-40.0,8.000085600032,2002/01/00,0,12.56,TOTAL,0.87576,0.058252,microSv/hr,ICRP Pub. 103 EFFECTIVE DOSE,0.3420201433256687,0.9396926207859084,-0.6427876096865393,0.766044443118978,-1.062489299996,0.6290139106303433,20.00000_-40.00000,0.6283573,0.87452877,-0.00065660477,-0.0012311935
L0000.ANS,20.0,-30.0,8.000085600032,2002/01/00,0,13.14,TOTAL,0.84875,0.056463,microSv/hr,ICRP Pub. 103 EFFECTIVE DOSE,0.3420201433256687,0.9396926207859084,-0.49999999999999994,0.8660254037844387,-1.062489299996,0.6145097350428725,20.00000_-30.00000,0.61492753,0.8495226,0.00041776896,0.0007725358
L0000.ANS,20.0,-20.0,8.000085600032,2002/01/00,0,13.59,TOTAL,0.82887,0.055402,microSv/hr,ICRP Pub. 103 EFFECTIVE DOSE,0.3420201433256687,0.9396926207859084,-0.3420201433256687,0.9396926207859084,-1.062489299996,0.6036982897913258,20.00000_-20.00000,0.6062185,0.833485,0.0025202036,0.004614949
L0000.ANS,20.0,-10.0,8.000085600032,2002/01/00,0,13.93,TOTAL,0.81492,0.053906,microSv/hr,ICRP Pub. 103 EFFECTIVE DOSE,0.3420201433256687,0.9396926207859084,-0.17364817766693033,0.984807753012208,-1.062489299996,0.5960413896104024,20.00000_-10.00000,0.5986707,0.81969833,0.0026293397,0.004778385
L0000.ANS,20.0,0.0,8.000085600032,2002/01/00,0,14.22,TOTAL,0.8033,0.052899,microSv/hr,ICRP Pub. 103 EFFECTIVE DOSE,0.3420201433256687,0.9396926207859084,0.0,1.0,-1.062489299996,0.589618319731089,20.00000_0.00000,0.59023523,0.80441284,0.0006169081,0.0011128187
L0000.ANS,20.0,10.0,8.000085600032,2002/01/00,0,14.47,TOTAL,0.79387,0.052049,microSv/hr,ICRP Pub. 103 EFFECTIVE DOSE,0.3420201433256687,0.9396926207859084,0.17364817766693033,0.984807753012208,-1.062489299996,0.5843752972428627,20.00000_10.00000,0.58424497,0.7936362,-0.00013035536,-0.00023382902
L0000.ANS,20.0,20.0,8.000085600032,2002/01/00,0,14.69,TOTAL,0.7852,0.051433,microSv/hr,ICRP Pub. 103 EFFECTIVE DOSE,0.3420201433256687,0.9396926207859084,0.3420201433256687,0.9396926207859084,-1.062489299996,0.5795304537729777,20.00000_20.00000,0.58295095,0.79131675,0.0034204721,0.0061166883
L0000.ANS,20.0,30.0,8.000085600032,2002/01/00,0,14.89,TOTAL,0.77768,0.05103,microSv/hr,ICRP Pub. 103 EFFECTIVE DOSE,0.3420201433256687,0.9396926207859084,0.49999999999999994,0.8660254037844387,-1.062489299996,0.5753091433910065,20.00000_30.00000,0.57775915,0.78204066,0.0024499893,0.004360616
L0000.ANS,20.0,40.0,8.000085600032,2002/01/00,0,15.13,TOTAL,0.76855,0.050711,microSv/hr,ICRP Pub. 103 EFFECTIVE DOSE,0.3420201433256687,0.9396926207859084,0.6427876096865393,0.766044443118978,-1.062489299996,0.5701600018110938,20.00000_40.00000,0.57006675,0.76838505,-9.328127e-05,-0.00016498566
L0000.ANS,20.0,50.0,8.000085600032,2002/01/00,0,15.44,TOTAL,0.7574,0.050041,microSv/hr,ICRP Pub. 103 EFFECTIVE DOSE,0.3420201433256687,0.9396926207859084,0.766044443118978,0.6427876096865394,-1.062489299996,0.5638354440796057,20.00000_50.00000,0.55807894,0.74731255,-0.0057564974,-0.0100874305
L0000.ANS,20.0,60.0,8.000085600032,2002/01/00,0,15.79,TOTAL,0.74545,0.048749,microSv/hr,ICRP Pub. 103 EFFECTIVE DOSE,0.3420201433256687,0.9396926207859084,0.8660254037844386,0.5000000000000001,-1.062489299996,0.5570124020653078,20.00000_60.00000,0.5563459,0.744287,-0.00066649914,-0.0011629462
L0000.ANS,20.0,70.0,8.000085600032,2002/01/00,0,16.14,TOTAL,0.73408,0.047688,microSv/hr,ICRP Pub. 103 EFFECTIVE DOSE,0.3420201433256687,0.9396926207859084,0.9396926207859083,0.3420201433256688,-1.062489299996,0.5504770133956123,20.00000_70.00000,0.54968065,0.73269963,-0.00079637766,-0.001380384
L0000.ANS,20.0,80.0,8.000085600032,2002/01/00,0,16.44,TOTAL,0.72502,0.046847,microSv/hr,ICRP Pub. 103 EFFECTIVE DOSE,0.3420201433256687,0.9396926207859084,0.984807753012208,0.17364817766693041,-1.062489299996,0.5452386446190094,20.00000_80.00000,0.54647756,0.7271585,0.0012388825,0.0021384358
L0000.ANS,20.0,90.0,8.000085600032,2002/01/00,0,16.59,TOTAL,0.72015,0.046473,microSv/hr,ICRP Pub. 103 EFFECTIVE DOSE,0.3420201433256687,0.9396926207859084,1.0,6.123233995736766e-17,-1.062489299996,0.5424114963251772,20.00000_90.00000,0.5449268,0.7244822,0.002515316,0.004332185
L0000.ANS,20.0,100.0,8.000085600032,2002/01/00,0,16.6,TOTAL,0.71984,0.046451,microSv/hr,ICRP Pub. 103 EFFECTIVE DOSE,0.3420201433256687,0.9396926207859084,0.984807753012208,-0.1736481776669303,-1.062489299996,0.5422312632426163,20.00000_100.00000,0.5403447,0.7165985,-0.0018865466,-0.0032414794
L0000.ANS,20.0,110.0,8.000085600032,2002/01/00,0,16.48,TOTAL,0.72361,0.046733,microSv/hr,ICRP Pub. 103 EFFECTIVE DOSE,0.3420201433256687,0.9396926207859084,0.9396926207859084,-0.3420201433256687,-1.062489299996,0.5444209285528803,20.00000_110.00000,0.53996855,0.7159529,-0.0044524074,-0.0076571703
L0000.ANS,20.0,120.0,8.000085600032,2002/01/00,0,16.25,TOTAL,0.7307,0.047352,microSv/hr,ICRP Pub. 103 EFFECTIVE DOSE,0.3420201433256687,0.9396926207859084,0.8660254037844387,-0.4999999999999998,-1.062489299996,0.5485259509488164,20.00000_120.00000,0.5434113,0.72187066,-0.005114615,-0.008829296
L0000.ANS,20.0,130.0,8.000085600032,2002/01/00,0,15.92,TOTAL,0.74118,0.048354,microSv/hr,ICRP Pub. 103 EFFECTIVE DOSE,0.3420201433256687,0.9396926207859084,0.766044443118978,-0.6427876096865394,-1.062489299996,0.5545630442987712,20.00000_130.00000,0.55069613,0.73446,-0.003866911,-0.0067200065
L0000.ANS,20.0,140.0,8.000085600032,2002/01/00,0,15.51,TOTAL,0.7548,0.049738,microSv/hr,ICRP Pub. 103 EFFECTIVE DOSE,0.3420201433256687,0.9396926207859084,0.6427876096865395,-0.7660444431189779,-1.062489299996,0.5623548903099218,20.00000_140.00000,0.5591004,0.7490983,-0.0032544732,-0.005701661
L0000.ANS,20.0,150.0,8.000085600032,2002/01/00,0,15.06,TOTAL,0.77102,0.050779,microSv/hr,ICRP Pub. 103 EFFECTIVE DOSE,0.3420201433256687,0.9396926207859084,0.49999999999999994,-0.8660254037844387,-1.062489299996,0.5715556517917018,20.00000_150.00000,0.5678373,0.764447,-0.0037183762,-0.006573081
L0000.ANS,20.0,160.0,8.000085600032,2002/01/00,0,14.6,TOTAL,0.78898,0.051682,microSv/hr,ICRP Pub. 103 EFFECTIVE DOSE,0.3420201433256687,0.9396926207859084,0.3420201433256689,-0.9396926207859083,-1.062489299996,0.5816456250342428,20.00000_160.00000,0.579212,0.7846316,-0.002433598,-0.0043483973
L0000.ANS,20.0,170.0,8.000085600032,2002/01/00,0,14.14,TOTAL,0.80666,0.053187,microSv/hr,ICRP Pub. 103 EFFECTIVE DOSE,0.3420201433256687,0.9396926207859084,0.17364817766693028,-0.984807753012208,-1.062489299996,0.5914798367397366,20.00000_170.00000,0.5927284,0.8089171,0.0012485385,0.0022571087
L0000.ANS,25.0,-179.99999,8.000085600032,2002/01/00,0,12.88,TOTAL,0.86112,0.057106,microSv/hr,ICRP Pub. 103 EFFECTIVE DOSE,0.42261826174069944,0.9063077870366499,-1.745329251238221e-07,-0.9999999999999848,-1.062489299996,0.6211784570428535,25.00000_-179.99999,0.6162473,0.8519651,-0.004931152,-0.009154856
L0000.ANS,25.0,-170.0,8.000085600032,2002/01/00,0,12.44,TOTAL,0.88156,0.058685,microSv/hr,ICRP Pub. 103 EFFECTIVE DOSE,0.42261826174069944,0.9063077870366499,-0.17364817766693028,-0.984807753012208,-1.062489299996,0.6321012199928042,25.00000_-170.00000,0.6287162,0.8752016,-0.003385067,-0.0063584447
L0000.ANS,25.0,-160.0,8.000085600032,2002/01/00,0,12.02,TOTAL,0.90231,0.060719,microSv/hr,ICRP Pub. 103 EFFECTIVE DOSE,0.42261826174069944,0.9063077870366499,-0.3420201433256689,-0.9396926207859083,-1.062489299996,0.6430689371725484,25.00000_-160.00000,0.6427725,0.90174615,-0.0002964139,-0.00056380033
L0000.ANS,25.0,-150.0,8.000085600032,2002/01/00,0,11.57,TOTAL,0.926,0.062185,microSv/hr,ICRP Pub. 103 EFFECTIVE DOSE,0.42261826174069944,0.9063077870366499,-0.49999999999999994,-0.8660254037844387,-1.062489299996,0.6554453133759338,25.00000_-150.00000,0.6602149,0.9352082,0.0047695637,0.009208143
L0000.ANS,25.0,-140.0,8.000085600032,2002/01/00,0,10.98,TOTAL,0.95874,0.06424,microSv/hr,ICRP Pub. 103 EFFECTIVE DOSE,0.42261826174069944,0.9063077870366499,-0.6427876096865395,-0.7660444431189779,-1.062489299996,0.6723014093783161,25.00000_-140.00000,0.6752027,0.96443117,0.0029013157,0.0056911707
L0000.ANS,25.0,-130.0,8.000085600032,2002/01/00,0,10.24,TOTAL,1.0058,0.067993,microSv/hr,ICRP Pub. 103 EFFECTIVE DOSE,0.42261826174069944,0.9063077870366499,-0.766044443118978,-0.6427876096865394,-1.062489299996,0.6960429836719709,25.00000_-130.00000,0.6940048,1.0017159,-0.0020381808,-0.004083991
L0000.ANS,25.0,-120.0,8.000085600032,2002/01/00,0,9.24,TOTAL,1.0876,0.073757,microSv/hr,ICRP Pub. 103 EFFECTIVE DOSE,0.42261826174069944,0.9063077870366499,-0.8660254037844387,-0.4999999999999998,-1.062489299996,0.7360150807871211,25.00000_-120.00000,0.73239005,1.080046,-0.0036250353,-0.007553935
L0000.ANS,25.0,-110.0,8.000085600032,2002/01/00,0,8.0,TOTAL,1.1918,0.080273,microSv/hr,ICRP Pub. 103 EFFECTIVE DOSE,0.42261826174069944,0.9063077870366499,-0.9396926207859084,-0.3420201433256687,-1.062489299996,0.7847231240471547,25.00000_-110.00000,0.7899291,1.2032402,0.005205989,0.011440158
L0000.ANS,25.0,-100.0,8.000085600032,2002/01/00,0,6.72,TOTAL,1.3067,0.088114,microSv/hr,ICRP Pub. 103 EFFECTIVE DOSE,0.42261826174069944,0.9063077870366499,-0.984807753012208,-0.1736481776669303,-1.062489299996,0.8358179317241077,25.00000_-100.00000,0.84364176,1.324818,0.007823825,0.018118024
L0000.ANS,25.0,-90.0,8.000085600032,2002/01/00,0,5.88,TOTAL,1.3927,0.093469,microSv/hr,ICRP Pub. 103 EFFECTIVE DOSE,0.42261826174069944,0.9063077870366499,-1.0,6.123233995736766e-17,-1.062489299996,0.8724224354174944,25.00000_-90.00000,0.8687675,1.3839707,-0.0036549568,-0.008729339
L0000.ANS,25.0,-80.0,8.000085600032,2002/01/00,0,5.78,TOTAL,1.4034,0.093884,microSv/hr,ICRP Pub. 103 EFFECTIVE DOSE,0.42261826174069944,0.9063077870366499,-0.984807753012208,0.17364817766693041,-1.062489299996,0.8768844014950623,25.00000_-80.00000,0.8772652,1.4043155,0.00038081408,0.00091552734
L0000.ANS,25.0,-70.0,8.000085600032,2002/01/00,0,6.53,TOTAL,1.3246,0.089456,microSv/hr,ICRP Pub. 103 EFFECTIVE DOSE,0.42261826174069944,0.9063077870366499,-0.9396926207859083,0.3420201433256688,-1.062489299996,0.8435479812274705,25.00000_-70.00000,0.84555566,1.3292718,0.0020076632,0.004671812
L0000.ANS,25.0,-60.0,8.000085600032,2002/01/00,0,8.34,TOTAL,1.1636,0.079188,microSv/hr,ICRP Pub. 103 EFFECTIVE DOSE,0.42261826174069944,0.9063077870366499,-0.8660254037844386,0.5000000000000001,-1.062489299996,0.7717735010151349,25.00000_-60.00000,0.77999324,1.1814575,0.008219719,0.017857552
L0000.ANS,25.0,-50.0,8.000085600032,2002/01/00,0,10.26,TOTAL,1.0039,0.067931,microSv/hr,ICRP Pub. 103 EFFECTIVE DOSE,0.42261826174069944,0.9063077870366499,-0.766044443118978,0.6427876096865394,-1.062489299996,0.6950952817779612,25.00000_-50.00000,0.7000148,1.0137826,0.004919529,0.009882569
L0000.ANS,25.0,-40.0,8.000085600032,2002/01/00,0,11.5,TOTAL,0.92978,0.062343,microSv/hr,ICRP Pub. 103 EFFECTIVE DOSE,0.42261826174069944,0.9063077870366499,-0.6427876096865393,0.766044443118978,-1.062489299996,0.6574060067821761,25.00000_-40.00000,0.65292156,0.9211454,-0.0044844747,-0.0086346865
L0000.ANS,25.0,-30.0,8.000085600032,2002/01/00,0,12.22,TOTAL,0.89251,0.059667,microSv/hr,ICRP Pub. 103 EFFECTIVE DOSE,0.42261826174069944,0.9063077870366499,-0.49999999999999994,0.8660254037844387,-1.062489299996,0.6379039903313585,25.00000_-30.00000,0.63529587,0.8875805,-0.0026081204,-0.004929483
L0000.ANS,25.0,-20.0,8.000085600032,2002/01/00,0,12.72,TOTAL,0.86841,0.05763,microSv/hr,ICRP Pub. 103 EFFECTIVE DOSE,0.42261826174069944,0.9063077870366499,-0.3420201433256687,0.9396926207859084,-1.062489299996,0.6250878018044753,25.00000_-20.00000,0.6255537,0.86928076,0.0004659295,0.00087076426
L0000.ANS,25.0,-10.0,8.000085600032,2002/01/00,0,13.06,TOTAL,0.85255,0.056628,microSv/hr,ICRP Pub. 103 EFFECTIVE DOSE,0.42261826174069944,0.9063077870366499,-0.17364817766693033,0.984807753012208,-1.062489299996,0.6165630683771728,25.00000_-10.00000,0.61479735,0.8492818,-0.001765728,-0.0032682419
L0000.ANS,25.0,0.0,8.000085600032,2002/01/00,0,13.32,TOTAL,0.84077,0.056216,microSv/hr,ICRP Pub. 103 EFFECTIVE DOSE,0.42261826174069944,0.9063077870366499,0.0,1.0,-1.062489299996,0.6101839623441573,25.00000_0.00000,0.61842287,0.8559986,0.008238912,0.0152285695
L0000.ANS,25.0,10.0,8.000085600032,2002/01/00,0,13.53,TOTAL,0.83148,0.055719,microSv/hr,ICRP Pub. 103 EFFECTIVE DOSE,0.42261826174069944,0.9063077870366499,0.17364817766693033,0.984807753012208,-1.062489299996,0.6051243831661882,25.00000_10.00000,0.6066767,0.83432525,0.0015523434,0.0028452873
L0000.ANS,25.0,20.0,8.000085600032,2002/01/00,0,13.71,TOTAL,0.8241,0.054852,microSv/hr,ICRP Pub. 103 EFFECTIVE DOSE,0.42261826174069944,0.9063077870366499,0.3420201433256687,0.9396926207859084,-1.062489299996,0.6010867147107318,25.00000_20.00000,0.5988741,0.8200684,-0.0022126436,-0.0040315986
L0000.ANS,25.0,30.0,8.000085600032,2002/01/00,0,13.9,TOTAL,0.81632,0.05404,microSv/hr,ICRP Pub. 103 EFFECTIVE DOSE,0.42261826174069944,0.9063077870366499,0.49999999999999994,0.8660254037844387,-1.062489299996,0.5968124761094314,25.00000_30.00000,0.6004957,0.82302225,0.0036832094,0.0067022443
L0000.ANS,25.0,40.0,8.000085600032,2002/01/00,0,14.1,TOTAL,0.8082,0.053312,microSv/hr,ICRP Pub. 103 EFFECTIVE DOSE,0.42261826174069944,0.9063077870366499,0.6427876096865393,0.766044443118978,-1.062489299996,0.5923318753211291,25.00000_40.00000,0.59172106,0.8070959,-0.0006108284,-0.0011041164
L0000.ANS,25.0,50.0,8.000085600032,2002/01/00,0,14.37,TOTAL,0.79772,0.052374,microSv/hr,ICRP Pub. 103 EFFECTIVE DOSE,0.42261826174069944,0.9063077870366499,0.766044443118978,0.6427876096865394,-1.062489299996,0.5865191953351538,25.00000_50.00000,0.5875779,0.7996242,0.0010586977,0.0019042492
L0000.ANS,25.0,60.0,8.000085600032,2002/01/00,0,14.71,TOTAL,0.78475,0.051406,microSv/hr,ICRP Pub. 103 EFFECTIVE DOSE,0.42261826174069944,0.9063077870366499,0.8660254037844386,0.5000000000000001,-1.062489299996,0.5792783494004329,25.00000_60.00000,0.5791607,0.78454006,-0.00011765957,-0.00020992756
L0000.ANS,25.0,70.0,8.000085600032,2002/01/00,0,15.05,TOTAL,0.77156,0.050795,microSv/hr,ICRP Pub. 103 EFFECTIVE DOSE,0.42261826174069944,0.9063077870366499,0.9396926207859083,0.3420201433256688,-1.062489299996,0.5718605143518598,25.00000_70.00000,0.574332,0.7759438,0.0024715066,0.004383862
L0000.ANS,25.0,80.0,8.000085600032,2002/01/00,0,15.32,TOTAL,0.76135,0.050527,microSv/hr,ICRP Pub. 103 EFFECTIVE DOSE,0.42261826174069944,0.9063077870366499,0.984807753012208,0.17364817766693041,-1.062489299996,0.5660805604755873,25.00000_80.00000,0.5663775,0.7618731,0.00029695034,0.00052309036
L0000.ANS,25.0,90.0,8.000085600032,2002/01/00,0,15.49,TOTAL,0.75567,0.049838,microSv/hr,ICRP Pub. 103 EFFECTIVE DOSE,0.42261826174069944,0.9063077870366499,1.0,6.123233995736766e-17,-1.062489299996,0.562850550445352,25.00000_90.00000,0.56191474,0.7540278,-0.0009357929,-0.0016421676
L0000.ANS,25.0,100.0,8.000085600032,2002/01/00,0,15.54,TOTAL,0.75407,0.049655,microSv/hr,ICRP Pub. 103 EFFECTIVE DOSE,0.42261826174069944,0.9063077870366499,0.984807753012208,-0.1736481776669303,-1.062489299996,0.5619388019335887,25.00000_100.00000,0.56077915,0.75203705,-0.001159668,-0.0020329952
L0000.ANS,25.0,110.0,8.000085600032,2002/01/00,0,15.47,TOTAL,0.75634,0.049916,microSv/hr,ICRP Pub. 103 EFFECTIVE DOSE,0.42261826174069944,0.9063077870366499,0.9396926207859084,-0.3420201433256687,-1.062489299996,0.5632320983385118,25.00000_110.00000,0.5577255,0.7466951,-0.0055066347,-0.009644926
L0000.ANS,25.0,120.0,8.000085600032,2002/01/00,0,15.32,TOTAL,0.76135,0.050527,microSv/hr,ICRP Pub. 103 EFFECTIVE DOSE,0.42261826174069944,0.9063077870366499,0.8660254037844387,-0.4999999999999998,-1.062489299996,0.5660805604755873,25.00000_120.00000,0.5639145,0.7575389,-0.0021660924,-0.003811121
L0000.ANS,25.0,130.0,8.000085600032,2002/01/00,0,15.07,TOTAL,0.77079,0.050772,microSv/hr,ICRP Pub. 103 EFFECTIVE DOSE,0.42261826174069944,0.9063077870366499,0.766044443118978,-0.6427876096865394,-1.062489299996,0.5714257746947805,25.00000_130.00000,0.5718652,0.7715683,0.00043940544,0.00077825785
L0000.ANS,25.0,140.0,8.000085600032,2002/01/00,0,14.71,TOTAL,0.78445,0.051387,microSv/hr,ICRP Pub. 103 EFFECTIVE DOSE,0.42261826174069944,0.9063077870366499,0.6427876096865395,-0.7660444431189779,-1.062489299996,0.579110244502581,25.00000_140.00000,0.5780498,0.7825587,-0.0010604858,-0.0018913746
L0000.ANS,25.0,150.0,8.000085600032,2002/01/00,0,14.3,TOTAL,0.80047,0.052626,microSv/hr,ICRP Pub. 103 EFFECTIVE DOSE,0.42261826174069944,0.9063077870366499,0.49999999999999994,-0.8660254037844387,-1.062489299996,0.5880477419296569,25.00000_150.00000,0.5820017,0.7896171,-0.0060460567,-0.010852873
L0000.ANS,25.0,160.0,8.000085600032,2002/01/00,0,13.83,TOTAL,0.81932,0.054341,microSv/hr,ICRP Pub. 103 EFFECTIVE DOSE,0.42261826174069944,0.9063077870366499,0.3420201433256689,-0.9396926207859083,-1.062489299996,0.5984628048993536,25.00000_160.00000,0.5948152,0.8126959,-0.0036476254,-0.0066241026
L0000.ANS,25.0,170.0,8.000085600032,2002/01/00,0,13.35,TOTAL,0.83931,0.056186,microSv/hr,ICRP Pub. 103 EFFECTIVE DOSE,0.42261826174069944,0.9063077870366499,0.17364817766693028,-0.984807753012208,-1.062489299996,0.6093905012908112,25.00000_170.00000,0.6083768,0.83744645,-0.0010136962,-0.0018635392
L0000.ANS,30.0,-179.99999,8.000085600032,2002/01/00,0,11.6,TOTAL,0.92398,0.062112,microSv/hr,ICRP Pub. 103 EFFECTIVE DOSE,0.49999999999999994,0.8660254037844387,-1.745329251238221e-07,-0.9999999999999848,-1.062489299996,0.6543959571790913,30.00000_-179.99999,0.64950264,0.91458833,-0.004893303,-0.009391606
L0000.ANS,30.0,-170.0,8.000085600032,2002/01/00,0,10.88,TOTAL,0.96482,0.064746,microSv/hr,ICRP Pub. 103 EFFECTIVE DOSE,0.49999999999999994,0.8660254037844387,-0.17364817766693028,-0.984807753012208,-1.062489299996,0.6754006380719735,30.00000_-170.00000,0.6726924,0.95950603,-0.0027081966,-0.005313933
L0000.ANS,30.0,-160.0,8.000085600032,2002/01/00,0,10.17,TOTAL,1.011,0.068206,microSv/hr,ICRP Pub. 103 EFFECTIVE DOSE,0.49999999999999994,0.8660254037844387,-0.3420201433256689,-0.9396926207859083,-1.062489299996,0.6986321107905149,30.00000_-160.00000,0.69862884,1.0109935,-3.2782555e-06,-6.556511e-06
L0000.ANS,30.0,-150.0,8.000085600032,2002/01/00,0,9.74,TOTAL,1.0461,0.070496,microSv/hr,ICRP Pub. 103 EFFECTIVE DOSE,0.49999999999999994,0.8660254037844387,-0.49999999999999994,-0.8660254037844387,-1.062489299996,0.7159355421903765,30.00000_-150.00000,0.71535784,1.0449183,-0.0005776882,-0.0011817217
L0000.ANS,30.0,-140.0,8.000085600032,2002/01/00,0,9.07,TOTAL,1.1031,0.074444,microSv/hr,ICRP Pub. 103 EFFECTIVE DOSE,0.49999999999999994,0.8660254037844387,-0.6427876096865395,-0.7660444431189779,-1.062489299996,0.7434124467074954,30.00000_-140.00000,0.74369466,1.1036936,0.000282228,0.00059366226
L0000.ANS,30.0,-130.0,8.000085600032,2002/01/00,0,8.05,TOTAL,1.1881,0.080073,microSv/hr,ICRP Pub. 103 EFFECTIVE DOSE,0.49999999999999994,0.8660254037844387,-0.766044443118978,-0.6427876096865394,-1.062489299996,0.7830335873544686,30.00000_-130.00000,0.78400487,1.1902263,0.0009712577,0.002126217
L0000.ANS,30.0,-120.0,8.000085600032,2002/01/00,0,6.73,TOTAL,1.3059,0.088035,microSv/hr,ICRP Pub. 103 EFFECTIVE DOSE,0.49999999999999994,0.8660254037844387,-0.8660254037844387,-0.4999999999999998,-1.062489299996,0.8354710557721408,30.00000_-120.00000,0.83054984,1.29458,-0.004921198,-0.011319995
L0000.ANS,30.0,-110.0,8.000085600032,2002/01/00,0,5.75,TOTAL,1.4075,0.093938,microSv/hr,ICRP Pub. 103 EFFECTIVE DOSE,0.49999999999999994,0.8660254037844387,-0.9396926207859084,-0.3420201433256687,-1.062489299996,0.8785888646901435,30.00000_-110.00000,0.8836385,1.4196877,0.005049646,0.012187719
L0000.ANS,30.0,-100.0,8.000085600032,2002/01/00,0,4.88,TOTAL,1.5076,0.098732,microSv/hr,ICRP Pub. 103 EFFECTIVE DOSE,0.49999999999999994,0.8660254037844387,-0.984807753012208,-0.1736481776669303,-1.062489299996,0.9193261204176764,30.00000_-100.00000,0.9233743,1.5177717,0.0040481687,0.010171652
L0000.ANS,30.0,-90.0,8.000085600032,2002/01/00,0,4.31,TOTAL,1.5745,0.10194,microSv/hr,ICRP Pub. 103 EFFECTIVE DOSE,0.49999999999999994,0.8660254037844387,-1.0,6.123233995736766e-17,-1.062489299996,0.945655340504059,30.00000_-90.00000,0.9466547,1.577074,0.0009993315,0.002573967
L0000.ANS,30.0,-80.0,8.000085600032,2002/01/00,0,4.27,TOTAL,1.5794,0.10219,microSv/hr,ICRP Pub. 103 EFFECTIVE DOSE,0.49999999999999994,0.8660254037844387,-0.984807753012208,0.17364817766693041,-1.062489299996,0.9475568137481538,30.00000_-80.00000,0.94556427,1.5742655,-0.0019925237,-0.0051344633
L0000.ANS,30.0,-70.0,8.000085600032,2002/01/00,0,4.87,TOTAL,1.5091,0.098813,microSv/hr,ICRP Pub. 103 EFFECTIVE DOSE,0.49999999999999994,0.8660254037844387,-0.9396926207859083,0.3420201433256688,-1.062489299996,0.9199241231065759,30.00000_-70.00000,0.9183267,1.505095,-0.0015974641,-0.0040049553
L0000.ANS,30.0,-60.0,8.000085600032,2002/01/00,0,5.9,TOTAL,1.3903,0.093243,microSv/hr,ICRP Pub. 103 EFFECTIVE DOSE,0.49999999999999994,0.8660254037844387,-0.8660254037844386,0.5000000000000001,-1.062489299996,0.8714188810786174,30.00000_-60.00000,0.8672609,1.3803818,-0.00415802,-0.009918213
L0000.ANS,30.0,-50.0,8.000085600032,2002/01/00,0,8.07,TOTAL,1.1863,0.079986,microSv/hr,ICRP Pub. 103 EFFECTIVE DOSE,0.49999999999999994,0.8660254037844387,-0.766044443118978,0.6427876096865394,-1.062489299996,0.7822106173007048,30.00000_-50.00000,0.7907386,1.2050245,0.008527994,0.01872456
L0000.ANS,30.0,-40.0,8.000085600032,2002/01/00,0,9.7,TOTAL,1.0495,0.070804,microSv/hr,ICRP Pub. 103 EFFECTIVE DOSE,0.49999999999999994,0.8660254037844387,-0.6427876096865393,0.766044443118978,-1.062489299996,0.7175958609622552,30.00000_-40.00000,0.7258291,1.0664437,0.008233249,0.016943693
L0000.ANS,30.0,-30.0,8.000085600032,2002/01/00,0,10.7,TOTAL,0.97504,0.065733,microSv/hr,ICRP Pub. 103 EFFECTIVE DOSE,0.49999999999999994,0.8660254037844387,-0.49999999999999994,0.8660254037844387,-1.062489299996,0.6805886513125496,30.00000_-30.00000,0.6774592,0.96886885,-0.0031294823,-0.006171167
L0000.ANS,30.0,-20.0,8.000085600032,2002/01/00,0,11.09,TOTAL,0.95242,0.063781,microSv/hr,ICRP Pub. 103 EFFECTIVE DOSE,0.49999999999999994,0.8660254037844387,-0.3420201433256687,0.9396926207859084,-1.062489299996,0.6690696287808875,30.00000_-20.00000,0.6583919,0.9316835,-0.010677755,-0.020736575
L0000.ANS,30.0,-10.0,8.000085600032,2002/01/00,0,11.44,TOTAL,0.9328,0.062489,microSv/hr,ICRP Pub. 103 EFFECTIVE DOSE,0.49999999999999994,0.8660254037844387,-0.17364817766693033,0.984807753012208,-1.062489299996,0.6589697287583587,30.00000_-10.00000,0.6554267,0.9259641,-0.0035430193,-0.0068358183
L0000.ANS,30.0,0.0,8.000085600032,2002/01/00,0,11.6,TOTAL,0.92428,0.062122,microSv/hr,ICRP Pub. 103 EFFECTIVE DOSE,0.49999999999999994,0.8660254037844387,0.0,1.0,-1.062489299996,0.6545518718005605,30.00000_0.00000,0.6574851,0.9299327,0.0029332638,0.0056527257
L0000.ANS,30.0,10.0,8.000085600032,2002/01/00,0,11.71,TOTAL,0.91831,0.061949,microSv/hr,ICRP Pub. 103 EFFECTIVE DOSE,0.49999999999999994,0.8660254037844387,0.17364817766693033,0.984807753012208,-1.062489299996,0.6514445900955329,30.00000_10.00000,0.65039,0.9162881,-0.001054585,-0.0020219684
L0000.ANS,30.0,20.0,8.000085600032,2002/01/00,0,11.77,TOTAL,0.915,0.061883,microSv/hr,ICRP Pub. 103 EFFECTIVE DOSE,0.49999999999999994,0.8660254037844387,0.3420201433256687,0.9396926207859084,-1.062489299996,0.6497176226326093,30.00000_20.00000,0.6460849,0.90805596,-0.0036327243,-0.0069440603
L0000.ANS,30.0,30.0,8.000085600032,2002/01/00,0,11.86,TOTAL,0.9099,0.06164,microSv/hr,ICRP Pub. 103 EFFECTIVE DOSE,0.49999999999999994,0.8660254037844387,0.49999999999999994,0.8660254037844387,-1.062489299996,0.6470508846669718,30.00000_30.00000,0.63730085,0.89136887,-0.009750009,-0.018531084
L0000.ANS,30.0,40.0,8.000085600032,2002/01/00,0,12.12,TOTAL,0.89743,0.060176,microSv/hr,ICRP Pub. 103 EFFECTIVE DOSE,0.49999999999999994,0.8660254037844387,0.6427876096865393,0.766044443118978,-1.062489299996,0.640500338961585,30.00000_40.00000,0.6323138,0.88196003,-0.008186579,-0.015470028
L0000.ANS,30.0,50.0,8.000085600032,2002/01/00,0,12.45,TOTAL,0.88118,0.058655,microSv/hr,ICRP Pub. 103 EFFECTIVE DOSE,0.49999999999999994,0.8660254037844387,0.766044443118978,0.6427876096865394,-1.062489299996,0.6318992395204399,30.00000_50.00000,0.62722176,0.87240136,-0.0046774745,-0.008778632
L0000.ANS,30.0,60.0,8.000085600032,2002/01/00,0,12.8,TOTAL,0.86485,0.05736,microSv/hr,ICRP Pub. 103 EFFECTIVE DOSE,0.49999999999999994,0.8660254037844387,0.8660254037844386,0.5000000000000001,-1.062489299996,0.6231806209067735,30.00000_60.00000,0.6197158,0.8583998,-0.003464818,-0.006450236
L0000.ANS,30.0,70.0,8.000085600032,2002/01/00,0,13.24,TOTAL,0.84435,0.056311,microSv/hr,ICRP Pub. 103 EFFECTIVE DOSE,0.49999999999999994,0.8660254037844387,0.9396926207859083,0.3420201433256688,-1.062489299996,0.6121269118959896,30.00000_70.00000,0.6103574,0.8410893,-0.0017694831,-0.003260672
L0000.ANS,30.0,80.0,8.000085600032,2002/01/00,0,13.63,TOTAL,0.82715,0.055199,microSv/hr,ICRP Pub. 103 EFFECTIVE DOSE,0.49999999999999994,0.8660254037844387,0.984807753012208,0.17364817766693041,-1.062489299996,0.6027573758319406,30.00000_80.00000,0.5976313,0.8178078,-0.0051261187,-0.009342253
L0000.ANS,30.0,90.0,8.000085600032,2002/01/00,0,13.91,TOTAL,0.8157,0.053981,microSv/hr,ICRP Pub. 103 EFFECTIVE DOSE,0.49999999999999994,0.8660254037844387,1.0,6.123233995736766e-17,-1.062489299996,0.5964710682944843,30.00000_90.00000,0.5958347,0.81454486,-0.0006363988,-0.001155138
L0000.ANS,30.0,100.0,8.000085600032,2002/01/00,0,14.03,TOTAL,0.8109,0.05354,microSv/hr,ICRP Pub. 103 EFFECTIVE DOSE,0.49999999999999994,0.8660254037844387,0.984807753012208,-0.1736481776669303,-1.062489299996,0.5938239592651596,30.00000_100.00000,0.5979836,0.81844836,0.0041596293,0.007548332
L0000.ANS,30.0,110.0,8.000085600032,2002/01/00,0,14.05,TOTAL,0.81008,0.053469,microSv/hr,ICRP Pub. 103 EFFECTIVE DOSE,0.49999999999999994,0.8660254037844387,0.9396926207859084,-0.3420201433256687,-1.062489299996,0.5933710431960196,30.00000_110.00000,0.5952964,0.81356835,0.0019253492,0.0034883618
L0000.ANS,30.0,120.0,8.000085600032,2002/01/00,0,14.02,TOTAL,0.81162,0.053604,microSv/hr,ICRP Pub. 103 EFFECTIVE DOSE,0.49999999999999994,0.8660254037844387,0.8660254037844387,-0.4999999999999998,-1.062489299996,0.5942214726036539,30.00000_120.00000,0.5971463,0.81692636,0.0029248,0.005306363
L0000.ANS,30.0,130.0,8.000085600032,2002/01/00,0,13.89,TOTAL,0.81681,0.054089,microSv/hr,ICRP Pub. 103 EFFECTIVE DOSE,0.49999999999999994,0.8660254037844387,0.766044443118978,-0.6427876096865394,-1.062489299996,0.597082215977243,30.00000_130.00000,0.59379274,0.81084347,-0.0032894611,-0.0059664845
L0000.ANS,30.0,140.0,8.000085600032,2002/01/00,0,13.63,TOTAL,0.82719,0.055205,microSv/hr,ICRP Pub. 103 EFFECTIVE DOSE,0.49999999999999994,0.8660254037844387,0.6427876096865395,-0.7660444431189779,-1.062489299996,0.6027792676099369,30.00000_140.00000,0.59721667,0.8170543,-0.0055626035,-0.01013571
L0000.ANS,30.0,150.0,8.000085600032,2002/01/00,0,13.27,TOTAL,0.84275,0.056265,microSv/hr,ICRP Pub. 103 EFFECTIVE DOSE,0.49999999999999994,0.8660254037844387,0.49999999999999994,-0.8660254037844387,-1.062489299996,0.6112590210872612,30.00000_150.00000,0.6066035,0.83419096,-0.00465554,-0.008559108
L0000.ANS,30.0,160.0,8.000085600032,2002/01/00,0,12.81,TOTAL,0.86428,0.05732,microSv/hr,ICRP Pub. 103 EFFECTIVE DOSE,0.49999999999999994,0.8660254037844387,0.3420201433256689,-0.9396926207859083,-1.062489299996,0.622874919574592,30.00000_160.00000,0.6221405,0.8629114,-0.0007343888,-0.0013685822
L0000.ANS,30.0,170.0,8.000085600032,2002/01/00,0,12.29,TOTAL,0.88886,0.059317,microSv/hr,ICRP Pub. 103 EFFECTIVE DOSE,0.49999999999999994,0.8660254037844387,0.17364817766693028,-0.984807753012208,-1.062489299996,0.6359734724853934,30.00000_170.00000,0.63335484,0.88392025,-0.0026186109,-0.004939735
L0000.ANS,35.0,-179.99999,8.000085600032,2002/01/00,0,9.45,TOTAL,1.0696,0.072992,microSv/hr,ICRP Pub. 103 EFFECTIVE DOSE,0.573576436351046,0.8191520442889918,-1.745329251238221e-07,-0.9999999999999848,-1.062489299996,0.7273553518896824,35.00000_-179.99999,0.7195524,1.0535139,-0.0078029633,-0.016086102
L0000.ANS,35.0,-170.0,8.000085600032,2002/01/00,0,9.39,TOTAL,1.0741,0.073464,microSv/hr,ICRP Pub. 103 EFFECTIVE DOSE,0.573576436351046,0.8191520442889918,-0.17364817766693028,-0.984807753012208,-1.062489299996,0.7295273246526959,35.00000_-170.00000,0.7357074,1.0869578,0.006180048,0.012857795
L0000.ANS,35.0,-160.0,8.000085600032,2002/01/00,0,8.5,TOTAL,1.1517,0.078625,microSv/hr,ICRP Pub. 103 EFFECTIVE DOSE,0.573576436351046,0.8191520442889918,-0.3420201433256689,-0.9396926207859083,-1.062489299996,0.7662582273772683,35.00000_-160.00000,0.7668833,1.1530454,0.0006250739,0.001345396
L0000.ANS,35.0,-150.0,8.000085600032,2002/01/00,0,7.69,TOTAL,1.2184,0.08232,microSv/hr,ICRP Pub. 103 EFFECTIVE DOSE,0.573576436351046,0.8191520442889918,-0.49999999999999994,-0.8660254037844387,-1.062489299996,0.7967862153194312,35.00000_-150.00000,0.7876989,1.1983321,-0.009087265,-0.02006793
L0000.ANS,35.0,-140.0,8.000085600032,2002/01/00,0,6.55,TOTAL,1.3232,0.089444,microSv/hr,ICRP Pub. 103 EFFECTIVE DOSE,0.573576436351046,0.8191520442889918,-0.6427876096865395,-0.7660444431189779,-1.062489299996,0.8429455456483399,35.00000_-140.00000,0.83988047,1.3160901,-0.0030650496,-0.0071098804
L0000.ANS,35.0,-130.0,8.000085600032,2002/01/00,0,5.68,TOTAL,1.4157,0.094121,microSv/hr,ICRP Pub. 103 EFFECTIVE DOSE,0.573576436351046,0.8191520442889918,-0.766044443118978,-0.6427876096865394,-1.062489299996,0.881989100177134,35.00000_-130.00000,0.88679194,1.4273301,0.004802823,0.011630058
L0000.ANS,35.0,-120.0,8.000085600032,2002/01/00,0,5.06,TOTAL,1.4858,0.09791,microSv/hr,ICRP Pub. 103 EFFECTIVE DOSE,0.573576436351046,0.8191520442889918,-0.8660254037844387,-0.4999999999999998,-1.062489299996,0.910594539329274,35.00000_-120.00000,0.91452384,1.4955866,0.003929317,0.009786606
L0000.ANS,35.0,-110.0,8.000085600032,2002/01/00,0,4.36,TOTAL,1.5689,0.10166,microSv/hr,ICRP Pub. 103 EFFECTIVE DOSE,0.573576436351046,0.8191520442889918,-0.9396926207859084,-0.3420201433256687,-1.062489299996,0.943477791718119,35.00000_-110.00000,0.94296014,1.5675706,-0.00051766634,-0.0013295412
L0000.ANS,35.0,-100.0,8.000085600032,2002/01/00,0,3.7,TOTAL,1.6458,0.10524,microSv/hr,ICRP Pub. 103 EFFECTIVE DOSE,0.573576436351046,0.8191520442889918,-0.984807753012208,-0.1736481776669303,-1.062489299996,0.9729734770461427,35.00000_-100.00000,0.97799957,1.6591315,0.005026102,0.0133315325
L0000.ANS,35.0,-90.0,8.000085600032,2002/01/00,0,3.32,TOTAL,1.689,0.10675,microSv/hr,ICRP Pub. 103 EFFECTIVE DOSE,0.573576436351046,0.8191520442889918,-1.0,6.123233995736766e-17,-1.062489299996,0.9891693772867276,35.00000_-90.00000,0.9934794,1.7006146,0.004310012,0.01161468
L0000.ANS,35.0,-80.0,8.000085600032,2002/01/00,0,3.21,TOTAL,1.7005,0.10703,microSv/hr,ICRP Pub. 103 EFFECTIVE DOSE,0.573576436351046,0.8191520442889918,-0.984807753012208,0.17364817766693041,-1.062489299996,0.9934369410508087,35.00000_-80.00000,0.9944601,1.7032645,0.0010231733,0.0027644634
L0000.ANS,35.0,-70.0,8.000085600032,2002/01/00,0,3.64,TOTAL,1.6531,0.1055,microSv/hr,ICRP Pub. 103 EFFECTIVE DOSE,0.573576436351046,0.8191520442889918,-0.9396926207859083,0.3420201433256688,-1.062489299996,0.9757287676227675,35.00000_-70.00000,0.9806069,1.6660738,0.0048781633,0.012973785
L0000.ANS,35.0,-60.0,8.000085600032,2002/01/00,0,4.4,TOTAL,1.5644,0.10147,microSv/hr,ICRP Pub. 103 EFFECTIVE DOSE,0.573576436351046,0.8191520442889918,-0.8660254037844386,0.5000000000000001,-1.062489299996,0.9417245331309652,35.00000_-60.00000,0.9445615,1.5716853,0.0028369427,0.0072853565
L0000.ANS,35.0,-50.0,8.000085600032,2002/01/00,0,5.4,TOTAL,1.4476,0.095726,microSv/hr,ICRP Pub. 103 EFFECTIVE DOSE,0.573576436351046,0.8191520442889918,-0.766044443118978,0.6427876096865394,-1.062489299996,0.8951079526062484,35.00000_-50.00000,0.8880272,1.4303303,-0.007080734,-0.017269611
L0000.ANS,35.0,-40.0,8.000085600032,2002/01/00,0,6.8,TOTAL,1.2992,0.087391,microSv/hr,ICRP Pub. 103 EFFECTIVE DOSE,0.573576436351046,0.8191520442889918,-0.6427876096865393,0.766044443118978,-1.062489299996,0.8325612363426234,35.00000_-40.00000,0.83428645,1.30317,0.0017251968,0.0039699078
L0000.ANS,35.0,-30.0,8.000085600032,2002/01/00,0,8.48,TOTAL,1.1528,0.078759,microSv/hr,ICRP Pub. 103 EFFECTIVE DOSE,0.573576436351046,0.8191520442889918,-0.49999999999999994,0.8660254037844387,-1.062489299996,0.766769320430559,35.00000_-30.00000,0.7746453,1.1698225,0.007875979,0.017022371
L0000.ANS,35.0,-20.0,8.000085600032,2002/01/00,0,9.28,TOTAL,1.0839,0.073644,microSv/hr,ICRP Pub. 103 EFFECTIVE DOSE,0.573576436351046,0.8191520442889918,-0.3420201433256687,0.9396926207859084,-1.062489299996,0.734241138094907,35.00000_-20.00000,0.7409653,1.0979598,0.006724179,0.014059782
L0000.ANS,35.0,-10.0,8.000085600032,2002/01/00,0,9.64,TOTAL,1.0545,0.071287,microSv/hr,ICRP Pub. 103 EFFECTIVE DOSE,0.573576436351046,0.8191520442889918,-0.17364817766693033,0.984807753012208,-1.062489299996,0.7200325093413273,35.00000_-10.00000,0.7298134,1.0746934,0.009780884,0.020193458
L0000.ANS,35.0,0.0,8.000085600032,2002/01/00,0,9.74,TOTAL,1.0459,0.070478,microSv/hr,ICRP Pub. 103 EFFECTIVE DOSE,0.573576436351046,0.8191520442889918,0.0,1.0,-1.062489299996,0.7158377904796438,35.00000_0.00000,0.7232703,1.0611628,0.0074325204,0.015262842
L0000.ANS,35.0,10.0,8.000085600032,2002/01/00,0,9.75,TOTAL,1.0454,0.070437,microSv/hr,ICRP Pub. 103 EFFECTIVE DOSE,0.573576436351046,0.8191520442889918,0.17364817766693033,0.984807753012208,-1.062489299996,0.7155933693897754,35.00000_10.00000,0.72032183,1.0550945,0.0047284365,0.009694457
L0000.ANS,35.0,20.0,8.000085600032,2002/01/00,0,9.69,TOTAL,1.0498,0.070834,microSv/hr,ICRP Pub. 103 EFFECTIVE DOSE,0.573576436351046,0.8191520442889918,0.3420201433256687,0.9396926207859084,-1.062489299996,0.7177422274153256,35.00000_20.00000,0.7132726,1.0406586,-0.004469633,-0.009141326
L0000.ANS,35.0,30.0,8.000085600032,2002/01/00,0,9.81,TOTAL,1.0407,0.070045,microSv/hr,ICRP Pub. 103 EFFECTIVE DOSE,0.573576436351046,0.8191520442889918,0.49999999999999994,0.8660254037844387,-1.062489299996,0.713292886252903,35.00000_30.00000,0.7042409,1.022311,-0.009051979,-0.018389106
L0000.ANS,35.0,40.0,8.000085600032,2002/01/00,0,10.1,TOTAL,1.017,0.068509,microSv/hr,ICRP Pub. 103 EFFECTIVE DOSE,0.573576436351046,0.8191520442889918,0.6427876096865393,0.766044443118978,-1.062489299996,0.7016112589720747,35.00000_40.00000,0.7021275,1.0180416,0.0005162358,0.0010415316
L0000.ANS,35.0,50.0,8.000085600032,2002/01/00,0,10.43,TOTAL,0.99096,0.067597,microSv/hr,ICRP Pub. 103 EFFECTIVE DOSE,0.573576436351046,0.8191520442889918,0.766044443118978,0.6427876096865394,-1.062489299996,0.6886169344734135,35.00000_50.00000,0.6938336,1.0013733,0.005216658,0.010413289
L0000.ANS,35.0,60.0,8.000085600032,2002/01/00,0,10.78,TOTAL,0.97075,0.065298,microSv/hr,ICRP Pub. 103 EFFECTIVE DOSE,0.573576436351046,0.8191520442889918,0.8660254037844386,0.5000000000000001,-1.062489299996,0.6784141809578805,35.00000_60.00000,0.6813419,0.9765282,0.0029277205,0.005778253
L0000.ANS,35.0,70.0,8.000085600032,2002/01/00,0,10.98,TOTAL,0.95907,0.064266,microSv/hr,ICRP Pub. 103 EFFECTIVE DOSE,0.573576436351046,0.8191520442889918,0.9396926207859083,0.3420201433256688,-1.062489299996,0.6724698708406026,35.00000_70.00000,0.6676476,0.9496456,-0.004822254,-0.009424388
L0000.ANS,35.0,80.0,8.000085600032,2002/01/00,0,11.31,TOTAL,0.94045,0.062936,microSv/hr,ICRP Pub. 103 EFFECTIVE DOSE,0.573576436351046,0.8191520442889918,0.984807753012208,0.17364817766693041,-1.062489299996,0.662919904939849,35.00000_80.00000,0.66575515,0.94595945,0.0028352737,0.0055094957
L0000.ANS,35.0,90.0,8.000085600032,2002/01/00,0,11.14,TOTAL,0.94971,0.063606,microSv/hr,ICRP Pub. 103 EFFECTIVE DOSE,0.573576436351046,0.8191520442889918,1.0,6.123233995736766e-17,-1.062489299996,0.6676806435673268,35.00000_90.00000,0.6668166,0.94802606,-0.00086402893,-0.0016838908
L0000.ANS,35.0,100.0,8.000085600032,2002/01/00,0,11.22,TOTAL,0.94512,0.063264,microSv/hr,ICRP Pub. 103 EFFECTIVE DOSE,0.573576436351046,0.8191520442889918,0.984807753012208,-0.1736481776669303,-1.062489299996,0.6653236718253468,35.00000_100.00000,0.66166794,0.93802214,-0.0036557317,-0.0070978403
L0000.ANS,35.0,110.0,8.000085600032,2002/01/00,0,11.4,TOTAL,0.93551,0.062635,microSv/hr,ICRP Pub. 103 EFFECTIVE DOSE,0.573576436351046,0.8191520442889918,0.9396926207859084,-0.3420201433256687,-1.062489299996,0.6603708576458303,35.00000_110.00000,0.6586942,0.93226755,-0.0016766787,-0.0032424927
L0000.ANS,35.0,120.0,8.000085600032,2002/01/00,0,11.59,TOTAL,0.92456,0.062132,microSv/hr,ICRP Pub. 103 EFFECTIVE DOSE,0.573576436351046,0.8191520442889918,0.8660254037844387,-0.4999999999999998,-1.062489299996,0.6546973701847459,35.00000_120.00000,0.64994305,0.91543174,-0.004754305,-0.009128213
L0000.ANS,35.0,130.0,8.000085600032,2002/01/00,0,11.73,TOTAL,0.91691,0.061919,microSv/hr,ICRP Pub. 103 EFFECTIVE DOSE,0.573576436351046,0.8191520442889918,0.766044443118978,-0.6427876096865394,-1.062489299996,0.6507145146045913,35.00000_130.00000,0.6497543,0.91507024,-0.0009602308,-0.001839757
L0000.ANS,35.0,140.0,8.000085600032,2002/01/00,0,11.69,TOTAL,0.91913,0.061969,microSv/hr,ICRP Pub. 103 EFFECTIVE DOSE,0.573576436351046,0.8191520442889918,0.6427876096865395,-0.7660444431189779,-1.062489299996,0.6518719583475346,35.00000_140.00000,0.64905995,0.913741,-0.002812028,-0.0053890347
L0000.ANS,35.0,150.0,8.000085600032,2002/01/00,0,11.33,TOTAL,0.93917,0.062853,microSv/hr,ICRP Pub. 103 EFFECTIVE DOSE,0.573576436351046,0.8191520442889918,0.49999999999999994,-0.8660254037844387,-1.062489299996,0.6622600464761622,35.00000_150.00000,0.66322684,0.9410457,0.00096678734,0.0018756986
L0000.ANS,35.0,160.0,8.000085600032,2002/01/00,0,10.76,TOTAL,0.97187,0.065409,microSv/hr,ICRP Pub. 103 EFFECTIVE DOSE,0.573576436351046,0.8191520442889918,0.3420201433256689,-0.9396926207859083,-1.062489299996,0.6789823310865399,35.00000_160.00000,0.6786878,0.97128934,-0.00029450655,-0.00058060884
L0000.ANS,35.0,170.0,8.000085600032,2002/01/00,0,10.05,TOTAL,1.0208,0.068735,microSv/hr,ICRP Pub. 103 EFFECTIVE DOSE,0.573576436351046,0.8191520442889918,0.17364817766693028,-0.984807753012208,-1.062489299996,0.7034934726140896,35.00000_170.00000,0.7008228,1.0154103,-0.0026707053,-0.0053896904
L0000.ANS,40.0,-179.99999,8.000085600032,2002/01/00,0,7.73,TOTAL,1.215,0.082004,microSv/hr,ICRP Pub. 103 EFFECTIVE DOSE,0.6427876096865393,0.766044443118978,-1.745329251238221e-07,-0.9999999999999848,-1.062489299996,0.795252403497099,40.00000_-179.99999,0.799318,1.2240237,0.004065633,0.009023786
L0000.ANS,40.0,-170.0,8.000085600032,2002/01/00,0,6.85,TOTAL,1.2946,0.086978,microSv/hr,ICRP Pub. 103 EFFECTIVE DOSE,0.6427876096865393,0.766044443118978,-0.17364817766693028,-0.984807753012208,-1.062489299996,0.8305585363829056,40.00000_-170.00000,0.82243294,1.2760305,-0.008125603,-0.01856947
L0000.ANS,40.0,-160.0,8.000085600032,2002/01/00,0,6.05,TOTAL,1.3753,0.091827,microSv/hr,ICRP Pub. 103 EFFECTIVE DOSE,0.6427876096865393,0.766044443118978,-0.3420201433256689,-0.9396926207859083,-1.062489299996,0.8651237452989107,40.00000_-160.00000,0.8542993,1.3497274,-0.010824442,-0.025572658
L0000.ANS,40.0,-150.0,8.000085600032,2002/01/00,0,5.46,TOTAL,1.4409,0.095275,microSv/hr,ICRP Pub. 103 EFFECTIVE DOSE,0.6427876096865393,0.766044443118978,-0.49999999999999994,-0.8660254037844387,-1.062489299996,0.8923668237547817,40.00000_-150.00000,0.8841067,1.420821,-0.008260131,-0.020079017
L0000.ANS,40.0,-140.0,8.000085600032,2002/01/00,0,4.92,TOTAL,1.5022,0.098466,microSv/hr,ICRP Pub. 103 EFFECTIVE DOSE,0.6427876096865393,0.766044443118978,-0.6427876096865395,-0.7660444431189779,-1.062489299996,0.9171703449011626,40.00000_-140.00000,0.9208938,1.5115342,0.0037234426,0.009334207
L0000.ANS,40.0,-130.0,8.000085600032,2002/01/00,0,4.33,TOTAL,1.5718,0.1018,microSv/hr,ICRP Pub. 103 EFFECTIVE DOSE,0.6427876096865393,0.766044443118978,-0.766044443118978,-0.6427876096865394,-1.062489299996,0.9446060428542016,40.00000_-130.00000,0.95335126,1.5943896,0.0087451935,0.022589564
L0000.ANS,40.0,-120.0,8.000085600032,2002/01/00,0,3.62,TOTAL,1.6555,0.10552,microSv/hr,ICRP Pub. 103 EFFECTIVE DOSE,0.6427876096865393,0.766044443118978,-0.8660254037844387,-0.4999999999999998,-1.062489299996,0.9766329608803168,40.00000_-120.00000,0.9740957,1.6487708,-0.0025372505,-0.006729126
L0000.ANS,40.0,-110.0,8.000085600032,2002/01/00,0,2.98,TOTAL,1.7255,0.10788,microSv/hr,ICRP Pub. 103 EFFECTIVE DOSE,0.6427876096865393,0.766044443118978,-0.9396926207859084,-0.3420201433256687,-1.062489299996,1.0026518975221985,40.00000_-110.00000,0.99635214,1.708384,-0.0062997937,-0.01711607
L0000.ANS,40.0,-100.0,8.000085600032,2002/01/00,0,2.51,TOTAL,1.77,0.10896,microSv/hr,ICRP Pub. 103 EFFECTIVE DOSE,0.6427876096865393,0.766044443118978,-0.984807753012208,-0.1736481776669303,-1.062489299996,1.0188473201992472,40.00000_-100.00000,1.0202756,1.7739592,0.0014282465,0.0039590597
L0000.ANS,40.0,-90.0,8.000085600032,2002/01/00,0,2.21,TOTAL,1.796,0.10952,microSv/hr,ICRP Pub. 103 EFFECTIVE DOSE,0.6427876096865393,0.766044443118978,-1.0,6.123233995736766e-17,-1.062489299996,1.0281898243715637,40.00000_-90.00000,1.0318354,1.8062117,0.0036456585,0.010211825
L0000.ANS,40.0,-80.0,8.000085600032,2002/01/00,0,2.18,TOTAL,1.7988,0.1096,microSv/hr,ICRP Pub. 103 EFFECTIVE DOSE,0.6427876096865393,0.766044443118978,-0.984807753012208,0.17364817766693041,-1.062489299996,1.0291907538896046,40.00000_-80.00000,1.0328163,1.8089656,0.0036255121,0.010165572
L0000.ANS,40.0,-70.0,8.000085600032,2002/01/00,0,2.47,TOTAL,1.7733,0.10905,microSv/hr,ICRP Pub. 103 EFFECTIVE DOSE,0.6427876096865393,0.766044443118978,-0.9396926207859083,0.3420201433256688,-1.062489299996,1.0200379468620069,40.00000_-70.00000,1.0200053,1.7732096,-3.2544136e-05,-9.024143e-05
L0000.ANS,40.0,-60.0,8.000085600032,2002/01/00,0,3.02,TOTAL,1.7205,0.10763,microSv/hr,ICRP Pub. 103 EFFECTIVE DOSE,0.6427876096865393,0.766044443118978,-0.8660254037844386,0.5000000000000001,-1.062489299996,1.000815686943843,40.00000_-60.00000,0.99965936,1.717356,-0.0011562705,-0.0031439066
L0000.ANS,40.0,-50.0,8.000085600032,2002/01/00,0,3.94,TOTAL,1.6185,0.10385,microSv/hr,ICRP Pub. 103 EFFECTIVE DOSE,0.6427876096865393,0.766044443118978,-0.766044443118978,0.6427876096865394,-1.062489299996,0.9626016347374053,40.00000_-50.00000,0.96609944,1.627675,0.0034977794,0.009175062
L0000.ANS,40.0,-40.0,8.000085600032,2002/01/00,0,4.84,TOTAL,1.5114,0.098948,microSv/hr,ICRP Pub. 103 EFFECTIVE DOSE,0.6427876096865393,0.766044443118978,-0.6427876096865393,0.766044443118978,-1.062489299996,0.9208403665727265,40.00000_-40.00000,0.92155594,1.5131977,0.00071555376,0.0017976761
L0000.ANS,40.0,-30.0,8.000085600032,2002/01/00,0,5.56,TOTAL,1.4284,0.094593,microSv/hr,ICRP Pub. 103 EFFECTIVE DOSE,0.6427876096865393,0.766044443118978,-0.49999999999999994,0.8660254037844387,-1.062489299996,0.8872326042741419,40.00000_-30.00000,0.88527036,1.4236395,-0.0019622445,-0.004760504
L0000.ANS,40.0,-20.0,8.000085600032,2002/01/00,0,6.2,TOTAL,1.3596,0.090692,microSv/hr,ICRP Pub. 103 EFFECTIVE DOSE,0.6427876096865393,0.766044443118978,-0.3420201433256687,0.9396926207859084,-1.062489299996,0.8584921131467831,40.00000_-20.00000,0.8515593,1.3432978,-0.0069328547,-0.016302228
L0000.ANS,40.0,-10.0,8.000085600032,2002/01/00,0,6.83,TOTAL,1.2964,0.087135,microSv/hr,ICRP Pub. 103 EFFECTIVE DOSE,0.6427876096865393,0.766044443118978,-0.17364817766693033,0.984807753012208,-1.062489299996,0.8313426793113448,40.00000_-10.00000,0.8290969,1.2912486,-0.0022457838,-0.0051515102
L0000.ANS,40.0,0.0,8.000085600032,2002/01/00,0,7.09,TOTAL,1.2714,0.085386,microSv/hr,ICRP Pub. 103 EFFECTIVE DOSE,0.6427876096865393,0.766044443118978,0.0,1.0,-1.062489299996,0.8203963814754089,40.00000_0.00000,0.8153262,1.2599127,-0.00507015,-0.011487246
L0000.ANS,40.0,10.0,8.000085600032,2002/01/00,0,7.27,TOTAL,1.2548,0.084747,microSv/hr,ICRP Pub. 103 EFFECTIVE DOSE,0.6427876096865393,0.766044443118978,0.17364817766693033,0.984807753012208,-1.062489299996,0.8130612772252829,40.00000_10.00000,0.8123588,1.2532166,-0.00070250034,-0.001583457
L0000.ANS,40.0,20.0,8.000085600032,2002/01/00,0,7.27,TOTAL,1.2552,0.084757,microSv/hr,ICRP Pub. 103 EFFECTIVE DOSE,0.6427876096865393,0.766044443118978,0.3420201433256687,0.9396926207859084,-1.062489299996,0.8132386608177657,40.00000_20.00000,0.81341386,1.2555952,0.00017517805,0.0003951788
L0000.ANS,40.0,30.0,8.000085600032,2002/01/00,0,7.23,TOTAL,1.2586,0.084857,microSv/hr,ICRP Pub. 103 EFFECTIVE DOSE,0.6427876096865393,0.766044443118978,0.49999999999999994,0.8660254037844387,-1.062489299996,0.8147451523074328,40.00000_30.00000,0.81911576,1.268493,0.00437063,0.00989306
L0000.ANS,40.0,40.0,8.000085600032,2002/01/00,0,7.25,TOTAL,1.257,0.084806,microSv/hr,ICRP Pub. 103 EFFECTIVE DOSE,0.6427876096865393,0.766044443118978,0.6427876096865393,0.766044443118978,-1.062489299996,0.8140364978353986,40.00000_40.00000,0.80998117,1.2478657,-0.004055321,-0.009134293
L0000.ANS,40.0,50.0,8.000085600032,2002/01/00,0,7.41,TOTAL,1.2421,0.084477,microSv/hr,ICRP Pub. 103 EFFECTIVE DOSE,0.6427876096865393,0.766044443118978,0.766044443118978,0.6427876096865394,-1.062489299996,0.8074129266882887,40.00000_50.00000,0.8041826,1.234869,-0.0032303333,-0.007230997
L0000.ANS,40.0,60.0,8.000085600032,2002/01/00,0,7.67,TOTAL,1.2199,0.082472,microSv/hr,ICRP Pub. 103 EFFECTIVE DOSE,0.6427876096865393,0.766044443118978,0.8660254037844386,0.5000000000000001,-1.062489299996,0.7974621498245845,40.00000_60.00000,0.79663616,1.2180672,-0.00082600117,-0.0018328428
L0000.ANS,40.0,70.0,8.000085600032,2002/01/00,0,7.94,TOTAL,1.1968,0.080577,microSv/hr,ICRP Pub. 103 EFFECTIVE DOSE,0.6427876096865393,0.766044443118978,0.9396926207859083,0.3420201433256688,-1.062489299996,0.7870017560315696,40.00000_70.00000,0.78345275,1.1890173,-0.0035489798,-0.0077826977
L0000.ANS,40.0,80.0,8.000085600032,2002/01/00,0,8.25,TOTAL,1.1715,0.079415,microSv/hr,ICRP Pub. 103 EFFECTIVE DOSE,0.6427876096865393,0.766044443118978,0.984807753012208,0.17364817766693041,-1.062489299996,0.7754181729927395,40.00000_80.00000,0.77234143,1.1648291,-0.0030767322,-0.0066708326
L0000.ANS,40.0,90.0,8.000085600032,2002/01/00,0,8.46,TOTAL,1.1544,0.078963,microSv/hr,ICRP Pub. 103 EFFECTIVE DOSE,0.6427876096865393,0.766044443118978,1.0,6.123233995736766e-17,-1.062489299996,0.7675122625152522,40.00000_90.00000,0.76307285,1.1448569,-0.0044394135,-0.009543061
L0000.ANS,40.0,100.0,8.000085600032,2002/01/00,0,8.67,TOTAL,1.1389,0.077171,microSv/hr,ICRP Pub. 103 EFFECTIVE DOSE,0.6427876096865393,0.766044443118978,0.984807753012208,-0.1736481776669303,-1.062489299996,0.7602916781892757,40.00000_100.00000,0.7547044,1.1269827,-0.00558728,-0.011917353
L0000.ANS,40.0,110.0,8.000085600032,2002/01/00,0,8.92,TOTAL,1.1169,0.07525,microSv/hr,ICRP Pub. 103 EFFECTIVE DOSE,0.6427876096865393,0.766044443118978,0.9396926207859084,-0.3420201433256687,-1.062489299996,0.7499527543813974,40.00000_110.00000,0.747759,1.112261,-0.002193749,-0.0046389103
L0000.ANS,40.0,120.0,8.000085600032,2002/01/00,0,9.2,TOTAL,1.0917,0.07391,microSv/hr,ICRP Pub. 103 EFFECTIVE DOSE,0.6427876096865393,0.766044443118978,0.8660254037844387,-0.4999999999999998,-1.062489299996,0.7379771324777371,40.00000_120.00000,0.73373026,1.0828357,-0.0042468905,-0.008864403
L0000.ANS,40.0,130.0,8.000085600032,2002/01/00,0,9.48,TOTAL,1.0674,0.072729,microSv/hr,ICRP Pub. 103 EFFECTIVE DOSE,0.6427876096865393,0.766044443118978,0.766044443118978,-0.6427876096865394,-1.062489299996,0.7262917791522473,40.00000_130.00000,0.72611207,1.0670285,-0.000179708,-0.00037145615
L0000.ANS,40.0,140.0,8.000085600032,2002/01/00,0,9.57,TOTAL,1.06,0.071873,microSv/hr,ICRP Pub. 103 EFFECTIVE DOSE,0.6427876096865393,0.766044443118978,0.6427876096865395,-0.7660444431189779,-1.062489299996,0.7227059828014898,40.00000_140.00000,0.7196282,1.0536696,-0.0030777454,-0.006330371
L0000.ANS,40.0,150.0,8.000085600032,2002/01/00,0,9.41,TOTAL,1.0727,0.073386,microSv/hr,ICRP Pub. 103 EFFECTIVE DOSE,0.6427876096865393,0.766044443118978,0.49999999999999994,-0.8660254037844387,-1.062489299996,0.7288521051807219,40.00000_150.00000,0.7305602,1.0762434,0.0017080903,0.003543377
L0000.ANS,40.0,160.0,8.000085600032,2002/01/00,0,9.02,TOTAL,1.1078,0.074683,microSv/hr,ICRP Pub. 103 EFFECTIVE DOSE,0.6427876096865393,0.766044443118978,0.3420201433256689,-0.9396926207859083,-1.062489299996,0.7456447495176992,40.00000_160.00000,0.750756,1.1186011,0.005111277,0.010801077
L0000.ANS,40.0,170.0,8.000085600032,2002/01/00,0,8.45,TOTAL,1.1548,0.07901,microSv/hr,ICRP Pub. 103 EFFECTIVE DOSE,0.6427876096865393,0.766044443118978,0.17364817766693028,-0.984807753012208,-1.062489299996,0.7676979118242416,40.00000_170.00000,0.77711725,1.1751927,0.009419322,0.020392656
L0000.ANS,45.0,-179.99999,8.000085600032,2002/01/00,0,5.48,TOTAL,1.4382,0.095107,microSv/hr,ICRP Pub. 103 EFFECTIVE DOSE,0.7071067811865475,0.7071067811865476,-1.745329251238221e-07,-0.9999999999999848,-1.062489299996,0.8912600621489088,45.00000_-179.99999,0.8878351,1.4298635,-0.003425002,-0.008336544
L0000.ANS,45.0,-170.0,8.000085600032,2002/01/00,0,5.03,TOTAL,1.49,0.098016,microSv/hr,ICRP Pub. 103 EFFECTIVE DOSE,0.7071067811865475,0.7071067811865476,-0.17364817766693028,-0.984807753012208,-1.062489299996,0.9122827104766162,45.00000_-170.00000,0.9139616,1.4941839,0.001678884,0.0041838884
L0000.ANS,45.0,-160.0,8.000085600032,2002/01/00,0,4.59,TOTAL,1.5416,0.10095,microSv/hr,ICRP Pub. 103 EFFECTIVE DOSE,0.7071067811865475,0.7071067811865476,-0.3420201433256689,-0.9396926207859083,-1.062489299996,0.9327938039731694,45.00000_-160.00000,0.93548185,1.5484412,0.0026880503,0.0068411827
L0000.ANS,45.0,-150.0,8.000085600032,2002/01/00,0,4.08,TOTAL,1.6013,0.10351,microSv/hr,ICRP Pub. 103 EFFECTIVE DOSE,0.7071067811865475,0.7071067811865476,-0.49999999999999994,-0.8660254037844387,-1.062489299996,0.9560113200690874,45.00000_-150.00000,0.96547014,1.626022,0.00945884,0.02472198
L0000.ANS,45.0,-140.0,8.000085600032,2002/01/00,0,3.47,TOTAL,1.6724,0.10592,microSv/hr,ICRP Pub. 103 EFFECTIVE DOSE,0.7071067811865475,0.7071067811865476,-0.6427876096865395,-0.7660444431189779,-1.062489299996,0.9829769450691852,45.00000_-140.00000,0.9884432,1.687048,0.0054662228,0.014647961
L0000.ANS,45.0,-130.0,8.000085600032,2002/01/00,0,2.89,TOTAL,1.7345,0.10808,microSv/hr,ICRP Pub. 103 EFFECTIVE DOSE,0.7071067811865475,0.7071067811865476,-0.766044443118978,-0.6427876096865394,-1.062489299996,1.0059486038046903,45.00000_-130.00000,1.0063523,1.7356042,0.00040364265,0.0011039972
L0000.ANS,45.0,-120.0,8.000085600032,2002/01/00,0,2.38,TOTAL,1.7819,0.10931,microSv/hr,ICRP Pub. 103 EFFECTIVE DOSE,0.7071067811865475,0.7071067811865476,-0.8660254037844387,-0.4999999999999998,-1.062489299996,1.023134147492153,45.00000_-120.00000,1.0283475,1.7964408,0.00521338,0.014540911
L0000.ANS,45.0,-110.0,8.000085600032,2002/01/00,0,1.94,TOTAL,1.8162,0.10985,microSv/hr,ICRP Pub. 103 EFFECTIVE DOSE,0.7071067811865475,0.7071067811865476,-0.9396926207859084,-0.3420201433256687,-1.062489299996,1.0353884585010742,45.00000_-110.00000,1.0348487,1.8146803,-0.00053977966,-0.00151968
L0000.ANS,45.0,-100.0,8.000085600032,2002/01/00,0,1.6,TOTAL,1.8331,0.11001,microSv/hr,ICRP Pub. 103 EFFECTIVE DOSE,0.7071067811865475,0.7071067811865476,-0.984807753012208,-0.1736481776669303,-1.062489299996,1.041371518495795,45.00000_-100.00000,1.0352516,1.8158146,-0.0061198473,-0.017285228
L0000.ANS,45.0,-90.0,8.000085600032,2002/01/00,0,1.46,TOTAL,1.8375,0.11003,microSv/hr,ICRP Pub. 103 EFFECTIVE DOSE,0.7071067811865475,0.7071067811865476,-1.0,6.123233995736766e-17,-1.062489299996,1.042923382807521,45.00000_-90.00000,1.0455247,1.8448908,0.0026013851,0.007390976
L0000.ANS,45.0,-80.0,8.000085600032,2002/01/00,0,1.43,TOTAL,1.8381,0.11003,microSv/hr,ICRP Pub. 103 EFFECTIVE DOSE,0.7071067811865475,0.7071067811865476,-0.984807753012208,0.17364817766693041,-1.062489299996,1.0431348141988224,45.00000_-80.00000,1.0497121,1.8568285,0.0065772533,0.018728495
L0000.ANS,45.0,-70.0,8.000085600032,2002/01/00,0,1.56,TOTAL,1.8344,0.11001,microSv/hr,ICRP Pub. 103 EFFECTIVE DOSE,0.7071067811865475,0.7071067811865476,-0.9396926207859083,0.3420201433256688,-1.062489299996,1.0418302745691252,45.00000_-70.00000,1.0377945,1.822984,-0.0040358305,-0.011416078
L0000.ANS,45.0,-60.0,8.000085600032,2002/01/00,0,1.96,TOTAL,1.8147,0.10984,microSv/hr,ICRP Pub. 103 EFFECTIVE DOSE,0.7071067811865475,0.7071067811865476,-0.8660254037844386,0.5000000000000001,-1.062489299996,1.0348556839764047,45.00000_-60.00000,1.0366138,1.819653,0.0017580986,0.0049529076
L0000.ANS,45.0,-50.0,8.000085600032,2002/01/00,0,2.58,TOTAL,1.7636,0.10884,microSv/hr,ICRP Pub. 103 EFFECTIVE DOSE,0.7071067811865475,0.7071067811865476,-0.766044443118978,0.6427876096865394,-1.062489299996,1.0165341776325028,45.00000_-50.00000,1.0237445,1.7835984,0.0072102547,0.019998312
L0000.ANS,45.0,-40.0,8.000085600032,2002/01/00,0,3.15,TOTAL,1.7067,0.10714,microSv/hr,ICRP Pub. 103 EFFECTIVE DOSE,0.7071067811865475,0.7071067811865476,-0.6427876096865393,0.766044443118978,-1.062489299996,0.9957301807005805,45.00000_-40.00000,0.99222314,1.6972241,-0.003507018,-0.009475827
L0000.ANS,45.0,-30.0,8.000085600032,2002/01/00,0,3.93,TOTAL,1.6188,0.10386,microSv/hr,ICRP Pub. 103 EFFECTIVE DOSE,0.7071067811865475,0.7071067811865476,-0.49999999999999994,0.8660254037844387,-1.062489299996,0.9627161975847993,45.00000_-30.00000,0.9613013,1.6150973,-0.001414895,-0.0037027597
L0000.ANS,45.0,-20.0,8.000085600032,2002/01/00,0,4.42,TOTAL,1.5612,0.10135,microSv/hr,ICRP Pub. 103 EFFECTIVE DOSE,0.7071067811865475,0.7071067811865476,-0.3420201433256687,0.9396926207859084,-1.062489299996,0.94047589866251,45.00000_-20.00000,0.94498646,1.5727786,0.0045105815,0.011578679
L0000.ANS,45.0,-10.0,8.000085600032,2002/01/00,0,4.75,TOTAL,1.5224,0.099655,microSv/hr,ICRP Pub. 103 EFFECTIVE DOSE,0.7071067811865475,0.7071067811865476,-0.17364817766693033,0.984807753012208,-1.062489299996,0.925210829248714,45.00000_-10.00000,0.9249301,1.521692,-0.00028073788,-0.00070798397
L0000.ANS,45.0,0.0,8.000085600032,2002/01/00,0,4.96,TOTAL,1.498,0.098285,microSv/hr,ICRP Pub. 103 EFFECTIVE DOSE,0.7071067811865475,0.7071067811865476,0.0,1.0,-1.062489299996,0.915490411703386,45.00000_0.00000,0.9214175,1.5128498,0.005927086,0.014849901
L0000.ANS,45.0,10.0,8.000085600032,2002/01/00,0,5.06,TOTAL,1.4858,0.097909,microSv/hr,ICRP Pub. 103 EFFECTIVE DOSE,0.7071067811865475,0.7071067811865476,0.17364817766693033,0.984807753012208,-1.062489299996,0.910594539329274,45.00000_10.00000,0.91932845,1.5076058,0.008733928,0.021805763
L0000.ANS,45.0,20.0,8.000085600032,2002/01/00,0,5.14,TOTAL,1.4769,0.09777,microSv/hr,ICRP Pub. 103 EFFECTIVE DOSE,0.7071067811865475,0.7071067811865476,0.3420201433256687,0.9396926207859084,-1.062489299996,0.9070077782752382,45.00000_20.00000,0.9079098,1.4791353,0.0009020567,0.0022354126
L0000.ANS,45.0,30.0,8.000085600032,2002/01/00,0,5.2,TOTAL,1.4705,0.097632,microSv/hr,ICRP Pub. 103 EFFECTIVE DOSE,0.7071067811865475,0.7071067811865476,0.49999999999999994,0.8660254037844387,-1.062489299996,0.9044205593036676,45.00000_30.00000,0.90137625,1.4629905,-0.0030443072,-0.00750947
L0000.ANS,45.0,40.0,8.000085600032,2002/01/00,0,5.2,TOTAL,1.4704,0.09763,microSv/hr,ICRP Pub. 103 EFFECTIVE DOSE,0.7071067811865475,0.7071067811865476,0.6427876096865393,0.766044443118978,-1.062489299996,0.90438008084832,45.00000_40.00000,0.8955638,1.4487159,-0.008816302,-0.02168405
L0000.ANS,45.0,50.0,8.000085600032,2002/01/00,0,5.26,TOTAL,1.4628,0.096946,microSv/hr,ICRP Pub. 103 EFFECTIVE DOSE,0.7071067811865475,0.7071067811865476,0.766044443118978,0.6427876096865394,-1.062489299996,0.901298914054918,45.00000_50.00000,0.89353055,1.4437422,-0.0077683926,-0.01905787
L0000.ANS,45.0,60.0,8.000085600032,2002/01/00,0,5.45,TOTAL,1.4419,0.095337,microSv/hr,ICRP Pub. 103 EFFECTIVE DOSE,0.7071067811865475,0.7071067811865476,0.8660254037844386,0.5000000000000001,-1.062489299996,0.892776424809087,45.00000_60.00000,0.8895832,1.4341148,-0.0031932592,-0.007785201
L0000.ANS,45.0,70.0,8.000085600032,2002/01/00,0,5.56,TOTAL,1.4288,0.094611,microSv/hr,ICRP Pub. 103 EFFECTIVE DOSE,0.7071067811865475,0.7071067811865476,0.9396926207859083,0.3420201433256688,-1.062489299996,0.8873973082191737,45.00000_70.00000,0.8819219,1.4155376,-0.005475402,-0.013262391
L0000.ANS,45.0,80.0,8.000085600032,2002/01/00,0,5.67,TOTAL,1.4162,0.094136,microSv/hr,ICRP Pub. 103 EFFECTIVE DOSE,0.7071067811865475,0.7071067811865476,0.984807753012208,0.17364817766693041,-1.062489299996,0.8821960581033264,45.00000_80.00000,0.8797667,1.4103373,-0.002429366,-0.005862713
L0000.ANS,45.0,90.0,8.000085600032,2002/01/00,0,5.78,TOTAL,1.4043,0.093893,microSv/hr,ICRP Pub. 103 EFFECTIVE DOSE,0.7071067811865475,0.7071067811865476,1.0,6.123233995736766e-17,-1.062489299996,0.8772588009003968,45.00000_90.00000,0.8739146,1.3962729,-0.0033441782,-0.008027077
L0000.ANS,45.0,100.0,8.000085600032,2002/01/00,0,5.93,TOTAL,1.3876,0.092958,microSv/hr,ICRP Pub. 103 EFFECTIVE DOSE,0.7071067811865475,0.7071067811865476,0.984807753012208,-0.1736481776669303,-1.062489299996,0.8702886773123577,45.00000_100.00000,0.86529815,1.3757143,-0.004990518,-0.011885643
L0000.ANS,45.0,110.0,8.000085600032,2002/01/00,0,6.08,TOTAL,1.3718,0.091547,microSv/hr,ICRP Pub. 103 EFFECTIVE DOSE,0.7071067811865475,0.7071067811865476,0.9396926207859084,-0.3420201433256687,-1.062489299996,0.8636491605485577,45.00000_110.00000,0.8619181,1.3676978,-0.0017310977,-0.00410223
L0000.ANS,45.0,120.0,8.000085600032,2002/01/00,0,6.27,TOTAL,1.3517,0.090255,microSv/hr,ICRP Pub. 103 EFFECTIVE DOSE,0.7071067811865475,0.7071067811865476,0.8660254037844387,-0.4999999999999998,-1.062489299996,0.8551384708806491,45.00000_120.00000,0.8530799,1.3468639,-0.0020585656,-0.0048362017
L0000.ANS,45.0,130.0,8.000085600032,2002/01/00,0,6.47,TOTAL,1.3312,0.089548,microSv/hr,ICRP Pub. 103 EFFECTIVE DOSE,0.7071067811865475,0.7071067811865476,0.766044443118978,-0.6427876096865394,-1.062489299996,0.8463831564588034,45.00000_130.00000,0.84417754,1.3260639,-0.0022056103,-0.0051361322
L0000.ANS,45.0,140.0,8.000085600032,2002/01/00,0,6.59,TOTAL,1.3193,0.089413,microSv/hr,ICRP Pub. 103 EFFECTIVE DOSE,0.7071067811865475,0.7071067811865476,0.6427876096865395,-0.7660444431189779,-1.062489299996,0.8412654160124017,45.00000_140.00000,0.83599746,1.3071141,-0.0052679777,-0.012185931
L0000.ANS,45.0,150.0,8.000085600032,2002/01/00,0,6.56,TOTAL,1.3222,0.089438,microSv/hr,ICRP Pub. 103 EFFECTIVE DOSE,0.7071067811865475,0.7071067811865476,0.49999999999999994,-0.8660254037844387,-1.062489299996,0.8425150122107687,45.00000_150.00000,0.8374077,1.3103701,-0.0051072836,-0.011829853
L0000.ANS,45.0,160.0,8.000085600032,2002/01/00,0,6.31,TOTAL,1.3478,0.09007,microSv/hr,ICRP Pub. 103 EFFECTIVE DOSE,0.7071067811865475,0.7071067811865476,0.3420201433256689,-0.9396926207859083,-1.062489299996,0.8534787194622848,45.00000_160.00000,0.84918755,1.3377469,-0.004291177,-0.010053158
L0000.ANS,45.0,170.0,8.000085600032,2002/01/00,0,5.92,TOTAL,1.3888,0.09308,microSv/hr,ICRP Pub. 103 EFFECTIVE DOSE,0.7071067811865475,0.7071067811865476,0.17364817766693028,-0.984807753012208,-1.062489299996,0.8707911478027889,45.00000_170.00000,0.86388654,1.3723631,-0.006904602,-0.016436815
L0000.ANS,50.0,-179.99999,8.000085600032,2002/01/00,0,4.13,TOTAL,1.5952,0.10327,microSv/hr,ICRP Pub. 103 EFFECTIVE DOSE,0.766044443118978,0.6427876096865394,-1.745329251238221e-07,-0.9999999999999848,-1.062489299996,0.9536635849389568,50.00000_-179.99999,0.96135056,1.615226,0.0076869726,0.020025969
L0000.ANS,50.0,-170.0,8.000085600032,2002/01/00,0,3.66,TOTAL,1.6509,0.10549,microSv/hr,ICRP Pub. 103 EFFECTIVE DOSE,0.766044443118978,0.6427876096865394,-0.17364817766693028,-0.984807753012208,-1.062489299996,0.9748992049809254,50.00000_-170.00000,0.9768443,1.6560613,0.0019450784,0.005161166
L0000.ANS,50.0,-160.0,8.000085600032,2002/01/00,0,3.18,TOTAL,1.7036,0.10708,microSv/hr,ICRP Pub. 103 EFFECTIVE DOSE,0.766044443118978,0.6427876096865394,-0.3420201433256689,-0.9396926207859083,-1.062489299996,0.9945842182440621,50.00000_-160.00000,0.9956057,1.7063631,0.0010215044,0.0027631521
L0000.ANS,50.0,-150.0,8.000085600032,2002/01/00,0,2.78,TOTAL,1.7452,0.1083,microSv/hr,ICRP Pub. 103 EFFECTIVE DOSE,0.766044443118978,0.6427876096865394,-0.49999999999999994,-0.8660254037844387,-1.062489299996,1.0098539320523425,50.00000_-150.00000,1.0166833,1.7640123,0.006829381,0.018812299
L0000.ANS,50.0,-140.0,8.000085600032,2002/01/00,0,2.29,TOTAL,1.7897,0.10938,microSv/hr,ICRP Pub. 103 EFFECTIVE DOSE,0.766044443118978,0.6427876096865394,-0.6427876096865395,-0.7660444431189779,-1.062489299996,1.0259340631701241,50.00000_-140.00000,1.0261093,1.790189,0.00017523766,0.0004889965
L0000.ANS,50.0,-130.0,8.000085600032,2002/01/00,0,1.82,TOTAL,1.8232,0.10991,microSv/hr,ICRP Pub. 103 EFFECTIVE DOSE,0.766044443118978,0.6427876096865394,-0.766044443118978,-0.6427876096865394,-1.062489299996,1.0378709933789232,50.00000_-130.00000,1.0325258,1.8081496,-0.0053452253,-0.015050411
L0000.ANS,50.0,-120.0,8.000085600032,2002/01/00,0,1.44,TOTAL,1.8379,0.11003,microSv/hr,ICRP Pub. 103 EFFECTIVE DOSE,0.766044443118978,0.6427876096865394,-0.8660254037844387,-0.4999999999999998,-1.062489299996,1.0430643420352979,50.00000_-120.00000,1.0420042,1.8348931,-0.0010601282,-0.0030069351
L0000.ANS,50.0,-110.0,8.000085600032,2002/01/00,0,1.15,TOTAL,1.8412,0.11004,microSv/hr,ICRP Pub. 103 EFFECTIVE DOSE,0.766044443118978,0.6427876096865394,-0.9396926207859084,-0.3420201433256687,-1.062489299996,1.044226498141518,50.00000_-110.00000,1.0443133,1.8414466,8.678436e-05,0.0002465248
L0000.ANS,50.0,-100.0,8.000085600032,2002/01/00,0,0.94,TOTAL,1.8425,0.11004,microSv/hr,ICRP Pub. 103 EFFECTIVE DOSE,0.766044443118978,0.6427876096865394,-0.984807753012208,-0.1736481776669303,-1.062489299996,1.0446839466425542,50.00000_-100.00000,1.0430773,1.8379369,-0.0016065836,-0.004563093
L0000.ANS,50.0,-90.0,8.000085600032,2002/01/00,0,0.83,TOTAL,1.8426,0.11004,microSv/hr,ICRP Pub. 103 EFFECTIVE DOSE,0.766044443118978,0.6427876096865394,-1.0,6.123233995736766e-17,-1.062489299996,1.0447191263227744,50.00000_-90.00000,1.0448073,1.8428507,8.8214874e-05,0.00025081635
L0000.ANS,50.0,-80.0,8.000085600032,2002/01/00,0,0.83,TOTAL,1.8426,0.11004,microSv/hr,ICRP Pub. 103 EFFECTIVE DOSE,0.766044443118978,0.6427876096865394,-0.984807753012208,0.17364817766693041,-1.062489299996,1.0447191263227744,50.00000_-80.00000,1.0470483,1.8492287,0.0023292303,0.006628871
L0000.ANS,50.0,-70.0,8.000085600032,2002/01/00,0,0.95,TOTAL,1.8424,0.11004,microSv/hr,ICRP Pub. 103 EFFECTIVE DOSE,0.766044443118978,0.6427876096865394,-0.9396926207859083,0.3420201433256688,-1.062489299996,1.0446487657246804,50.00000_-70.00000,1.0416908,1.8340048,-0.00295794,-0.008395195
L0000.ANS,50.0,-60.0,8.000085600032,2002/01/00,0,1.18,TOTAL,1.8411,0.11004,microSv/hr,ICRP Pub. 103 EFFECTIVE DOSE,0.766044443118978,0.6427876096865394,-0.8660254037844386,0.5000000000000001,-1.062489299996,1.0441913011262212,50.00000_-60.00000,1.0441836,1.8410782,-7.748604e-06,-2.2053719e-05
L0000.ANS,50.0,-50.0,8.000085600032,2002/01/00,0,1.52,TOTAL,1.8356,0.11002,microSv/hr,ICRP Pub. 103 EFFECTIVE DOSE,0.766044443118978,0.6427876096865394,-0.766044443118978,0.6427876096865394,-1.062489299996,1.0422535549987253,50.00000_-50.00000,1.0393372,1.8273423,-0.0029164553,-0.008257866
L0000.ANS,50.0,-40.0,8.000085600032,2002/01/00,0,1.98,TOTAL,1.813,0.1098,microSv/hr,ICRP Pub. 103 EFFECTIVE DOSE,0.766044443118978,0.6427876096865394,-0.6427876096865393,0.766044443118978,-1.062489299996,1.0342515295077197,50.00000_-40.00000,1.0362836,1.818722,0.0020320415,0.0057219267
L0000.ANS,50.0,-30.0,8.000085600032,2002/01/00,0,2.43,TOTAL,1.7767,0.10916,microSv/hr,ICRP Pub. 103 EFFECTIVE DOSE,0.766044443118978,0.6427876096865394,-0.49999999999999994,0.8660254037844387,-1.062489299996,1.0212631722405052,50.00000_-30.00000,1.0269773,1.7926118,0.005714178,0.015912056
L0000.ANS,50.0,-20.0,8.000085600032,2002/01/00,0,2.79,TOTAL,1.7436,0.10825,microSv/hr,ICRP Pub. 103 EFFECTIVE DOSE,0.766044443118978,0.6427876096865394,-0.3420201433256687,0.9396926207859084,-1.062489299996,1.0092709266430293,50.00000_-20.00000,1.0099454,1.7454511,0.00067448616,0.001851201
L0000.ANS,50.0,-10.0,8.000085600032,2002/01/00,0,3.04,TOTAL,1.7191,0.10756,microSv/hr,ICRP Pub. 103 EFFECTIVE DOSE,0.766044443118978,0.6427876096865394,-0.17364817766693033,0.984807753012208,-1.062489299996,1.0003009432013208,50.00000_-10.00000,0.9998894,1.7179811,-0.00041151047,-0.00111866
L0000.ANS,50.0,0.0,8.000085600032,2002/01/00,0,3.33,TOTAL,1.6879,0.10668,microSv/hr,ICRP Pub. 103 EFFECTIVE DOSE,0.766044443118978,0.6427876096865394,0.0,1.0,-1.062489299996,0.988760219587925,50.00000_0.00000,0.9898998,1.6909649,0.0011395812,0.0030648708
L0000.ANS,50.0,10.0,8.000085600032,2002/01/00,0,3.47,TOTAL,1.6724,0.10592,microSv/hr,ICRP Pub. 103 EFFECTIVE DOSE,0.766044443118978,0.6427876096865394,0.17364817766693033,0.984807753012208,-1.062489299996,0.9829769450691852,50.00000_10.00000,0.9807015,1.666326,-0.002275467,-0.0060739517
L0000.ANS,50.0,20.0,8.000085600032,2002/01/00,0,3.51,TOTAL,1.6677,0.10577,microSv/hr,ICRP Pub. 103 EFFECTIVE DOSE,0.766044443118978,0.6427876096865394,0.3420201433256687,0.9396926207859084,-1.062489299996,0.9812166779529907,50.00000_20.00000,0.9776005,1.6580706,-0.0036161542,-0.009629488
L0000.ANS,50.0,30.0,8.000085600032,2002/01/00,0,3.64,TOTAL,1.6532,0.1055,microSv/hr,ICRP Pub. 103 EFFECTIVE DOSE,0.766044443118978,0.6427876096865394,0.49999999999999994,0.8660254037844387,-1.062489299996,0.9757664586692638,50.00000_30.00000,0.9746719,1.6502975,-0.0010945797,-0.0029025078
L0000.ANS,50.0,40.0,8.000085600032,2002/01/00,0,3.71,TOTAL,1.6445,0.10514,microSv/hr,ICRP Pub. 103 EFFECTIVE DOSE,0.766044443118978,0.6427876096865394,0.6427876096865393,0.766044443118978,-1.062489299996,0.9724820115238976,50.00000_40.00000,0.9764822,1.6550997,0.004000187,0.010599732
L0000.ANS,50.0,50.0,8.000085600032,2002/01/00,0,3.75,TOTAL,1.6397,0.10483,microSv/hr,ICRP Pub. 103 EFFECTIVE DOSE,0.766044443118978,0.6427876096865394,0.766044443118978,0.6427876096865394,-1.062489299996,0.9706652743374877,50.00000_50.00000,0.97343826,1.64703,0.002772987,0.00733006
L0000.ANS,50.0,60.0,8.000085600032,2002/01/00,0,3.8,TOTAL,1.6342,0.10451,microSv/hr,ICRP Pub. 103 EFFECTIVE DOSE,0.766044443118978,0.6427876096865394,0.8660254037844386,0.5000000000000001,-1.062489299996,0.9685795305828091,50.00000_60.00000,0.96852,1.6340432,-5.954504e-05,-0.00015676022
L0000.ANS,50.0,70.0,8.000085600032,2002/01/00,0,3.9,TOTAL,1.6225,0.10399,microSv/hr,ICRP Pub. 103 EFFECTIVE DOSE,0.766044443118978,0.6427876096865394,0.9396926207859083,0.3420201433256688,-1.062489299996,0.9641280612883152,50.00000_70.00000,0.96405137,1.622299,-7.671118e-05,-0.00020110607
L0000.ANS,50.0,80.0,8.000085600032,2002/01/00,0,4.0,TOTAL,1.6109,0.10365,microSv/hr,ICRP Pub. 103 EFFECTIVE DOSE,0.766044443118978,0.6427876096865394,0.984807753012208,0.17364817766693041,-1.062489299996,0.9596949894814406,50.00000_80.00000,0.96116,1.6147277,0.0014650226,0.0038278103
L0000.ANS,50.0,90.0,8.000085600032,2002/01/00,0,4.12,TOTAL,1.5971,0.10343,microSv/hr,ICRP Pub. 103 EFFECTIVE DOSE,0.766044443118978,0.6427876096865394,1.0,6.123233995736766e-17,-1.062489299996,0.9543954379077007,50.00000_90.00000,0.9555855,1.6001925,0.0011900663,0.0030925274
L0000.ANS,50.0,100.0,8.000085600032,2002/01/00,0,4.18,TOTAL,1.5894,0.10283,microSv/hr,ICRP Pub. 103 EFFECTIVE DOSE,0.766044443118978,0.6427876096865394,0.984807753012208,-0.1736481776669303,-1.062489299996,0.9514261886424098,50.00000_100.00000,0.94815314,1.5809386,-0.0032730699,-0.008461475
L0000.ANS,50.0,110.0,8.000085600032,2002/01/00,0,4.29,TOTAL,1.5765,0.10204,microSv/hr,ICRP Pub. 103 EFFECTIVE DOSE,0.766044443118978,0.6427876096865394,0.9396926207859084,-0.3420201433256687,-1.062489299996,0.9464318887861419,50.00000_110.00000,0.9417476,1.5644591,-0.0046842694,-0.0120408535
L0000.ANS,50.0,120.0,8.000085600032,2002/01/00,0,4.46,TOTAL,1.5563,0.1012,microSv/hr,ICRP Pub. 103 EFFECTIVE DOSE,0.766044443118978,0.6427876096865394,0.8660254037844387,-0.4999999999999998,-1.062489299996,0.938560900519883,50.00000_120.00000,0.9385457,1.5562612,-1.5199184e-05,-3.874302e-05
L0000.ANS,50.0,130.0,8.000085600032,2002/01/00,0,4.65,TOTAL,1.5346,0.10059,microSv/hr,ICRP Pub. 103 EFFECTIVE DOSE,0.766044443118978,0.6427876096865394,0.766044443118978,-0.6427876096865394,-1.062489299996,0.9300358336658268,50.00000_130.00000,0.92962056,1.5335476,-0.00041526556,-0.0010523796
L0000.ANS,50.0,140.0,8.000085600032,2002/01/00,0,4.77,TOTAL,1.5198,0.099478,microSv/hr,ICRP Pub. 103 EFFECTIVE DOSE,0.766044443118978,0.6427876096865394,0.6427876096865395,-0.7660444431189779,-1.062489299996,0.9241795332943923,50.00000_140.00000,0.92892647,1.5317898,0.004746914,0.011989713
L0000.ANS,50.0,150.0,8.000085600032,2002/01/00,0,4.71,TOTAL,1.5274,0.10001,microSv/hr,ICRP Pub. 103 EFFECTIVE DOSE,0.766044443118978,0.6427876096865394,0.49999999999999994,-0.8660254037844387,-1.062489299996,0.9271911063424434,50.00000_150.00000,0.9298414,1.5341072,0.0026503205,0.0067071915
L0000.ANS,50.0,160.0,8.000085600032,2002/01/00,0,4.58,TOTAL,1.5418,0.10095,microSv/hr,ICRP Pub. 103 EFFECTIVE DOSE,0.766044443118978,0.6427876096865394,0.3420201433256689,-0.9396926207859083,-1.062489299996,0.9328724914658331,50.00000_160.00000,0.9374317,1.5534151,0.004559219,0.011615038
L0000.ANS,50.0,170.0,8.000085600032,2002/01/00,0,4.46,TOTAL,1.5572,0.10122,microSv/hr,ICRP Pub. 103 EFFECTIVE DOSE,0.766044443118978,0.6427876096865394,0.17364817766693028,-0.984807753012208,-1.062489299996,0.9389129099104347,50.00000_170.00000,0.9529912,1.5934556,0.0140782595,0.03625548
L0000.ANS,55.0,-179.99999,8.000085600032,2002/01/00,0,2.77,TOTAL,1.7458,0.10832,microSv/hr,ICRP Pub. 103 EFFECTIVE DOSE,0.8191520442889918,0.5735764363510462,-1.745329251238221e-07,-0.9999999999999848,-1.062489299996,1.0100724714813674,55.00000_-179.99999,1.012889,1.7535446,0.002816558,0.0077445507
L0000.ANS,55.0,-170.0,8.000085600032,2002/01/00,0,2.38,TOTAL,1.7819,0.10931,microSv/hr,ICRP Pub. 103 EFFECTIVE DOSE,0.8191520442889918,0.5735764363510462,-0.17364817766693028,-0.984807753012208,-1.062489299996,1.023134147492153,55.00000_-170.00000,1.0222008,1.7793047,-0.0009332895,-0.0025951862
L0000.ANS,55.0,-160.0,8.000085600032,2002/01/00,0,2.07,TOTAL,1.8067,0.10969,microSv/hr,ICRP Pub. 103 EFFECTIVE DOSE,0.8191520442889918,0.5735764363510462,-0.3420201433256689,-0.9396926207859083,-1.062489299996,1.0320094160001614,55.00000_-160.00000,1.0348878,1.8147904,0.0028784275,0.008090496
L0000.ANS,55.0,-150.0,8.000085600032,2002/01/00,0,1.71,TOTAL,1.8286,0.10997,microSv/hr,ICRP Pub. 103 EFFECTIVE DOSE,0.8191520442889918,0.5735764363510462,-0.49999999999999994,-0.8660254037844387,-1.062489299996,1.0397818896042623,55.00000_-150.00000,1.0385036,1.8249867,-0.0012782812,-0.003613472
L0000.ANS,55.0,-140.0,8.000085600032,2002/01/00,0,1.38,TOTAL,1.8392,0.11003,microSv/hr,ICRP Pub. 103 EFFECTIVE DOSE,0.8191520442889918,0.5735764363510462,-0.6427876096865395,-0.7660444431189779,-1.062489299996,1.0435223223501495,55.00000_-140.00000,1.0412711,1.8328155,-0.0022512674,-0.006384611
L0000.ANS,55.0,-130.0,8.000085600032,2002/01/00,0,1.05,TOTAL,1.8419,0.11004,microSv/hr,ICRP Pub. 103 EFFECTIVE DOSE,0.8191520442889918,0.5735764363510462,-0.766044443118978,-0.6427876096865394,-1.062489299996,1.0444728425674614,55.00000_-130.00000,1.0385981,1.8252534,-0.005874753,-0.016646504
L0000.ANS,55.0,-120.0,8.000085600032,2002/01/00,0,0.81,TOTAL,1.8427,0.11004,microSv/hr,ICRP Pub. 103 EFFECTIVE DOSE,0.8191520442889918,0.5735764363510462,-0.8660254037844387,-0.4999999999999998,-1.062489299996,1.0447543047654284,55.00000_-120.00000,1.047631,1.8508894,0.0028767586,0.008189559
L0000.ANS,55.0,-110.0,8.000085600032,2002/01/00,0,0.62,TOTAL,1.8427,0.11004,microSv/hr,ICRP Pub. 103 EFFECTIVE DOSE,0.8191520442889918,0.5735764363510462,-0.9396926207859084,-0.3420201433256687,-1.062489299996,1.0447543047654284,55.00000_-110.00000,1.0494994,1.856221,0.004745126,0.013521075
L0000.ANS,55.0,-100.0,8.000085600032,2002/01/00,0,0.48,TOTAL,1.8427,0.11004,microSv/hr,ICRP Pub. 103 EFFECTIVE DOSE,0.8191520442889918,0.5735764363510462,-0.984807753012208,-0.1736481776669303,-1.062489299996,1.0447543047654284,55.00000_-100.00000,1.046946,1.8489373,0.002191782,0.0062373877
L0000.ANS,55.0,-90.0,8.000085600032,2002/01/00,0,0.43,TOTAL,1.8427,0.11004,microSv/hr,ICRP Pub. 103 EFFECTIVE DOSE,0.8191520442889918,0.5735764363510462,-1.0,6.123233995736766e-17,-1.062489299996,1.0447543047654284,55.00000_-90.00000,1.0431296,1.838085,-0.0016247034,-0.00461483
L0000.ANS,55.0,-80.0,8.000085600032,2002/01/00,0,0.42,TOTAL,1.8427,0.11004,microSv/hr,ICRP Pub. 103 EFFECTIVE DOSE,0.8191520442889918,0.5735764363510462,-0.984807753012208,0.17364817766693041,-1.062489299996,1.0447543047654284,55.00000_-80.00000,1.0489211,1.8545697,0.0041668415,0.011869788
L0000.ANS,55.0,-70.0,8.000085600032,2002/01/00,0,0.49,TOTAL,1.8427,0.11004,microSv/hr,ICRP Pub. 103 EFFECTIVE DOSE,0.8191520442889918,0.5735764363510462,-0.9396926207859083,0.3420201433256688,-1.062489299996,1.0447543047654284,55.00000_-70.00000,1.0438138,1.8400278,-0.0009404421,-0.0026720762
L0000.ANS,55.0,-60.0,8.000085600032,2002/01/00,0,0.63,TOTAL,1.8427,0.11004,microSv/hr,ICRP Pub. 103 EFFECTIVE DOSE,0.8191520442889918,0.5735764363510462,-0.8660254037844386,0.5000000000000001,-1.062489299996,1.0447543047654284,55.00000_-60.00000,1.0476819,1.8510345,0.002927661,0.008334637
L0000.ANS,55.0,-50.0,8.000085600032,2002/01/00,0,0.85,TOTAL,1.8426,0.11004,microSv/hr,ICRP Pub. 103 EFFECTIVE DOSE,0.8191520442889918,0.5735764363510462,-0.766044443118978,0.6427876096865394,-1.062489299996,1.0447191263227744,55.00000_-50.00000,1.0411857,1.8325737,-0.0035333633,-0.0100262165
L0000.ANS,55.0,-40.0,8.000085600032,2002/01/00,0,1.08,TOTAL,1.8417,0.11004,microSv/hr,ICRP Pub. 103 EFFECTIVE DOSE,0.8191520442889918,0.5735764363510462,-0.6427876096865393,0.766044443118978,-1.062489299996,1.044402464637951,55.00000_-40.00000,1.0412961,1.8328865,-0.0031063557,-0.00881362
L0000.ANS,55.0,-30.0,8.000085600032,2002/01/00,0,1.38,TOTAL,1.8392,0.11003,microSv/hr,ICRP Pub. 103 EFFECTIVE DOSE,0.8191520442889918,0.5735764363510462,-0.49999999999999994,0.8660254037844387,-1.062489299996,1.0435223223501495,55.00000_-30.00000,1.0446446,1.8423882,0.0011222363,0.003188014
L0000.ANS,55.0,-20.0,8.000085600032,2002/01/00,0,1.65,TOTAL,1.8312,0.10999,microSv/hr,ICRP Pub. 103 EFFECTIVE DOSE,0.8191520442889918,0.5735764363510462,-0.3420201433256687,0.9396926207859084,-1.062489299996,1.0407006500491165,55.00000_-20.00000,1.0392874,1.8272018,-0.0014132261,-0.0039982796
L0000.ANS,55.0,-10.0,8.000085600032,2002/01/00,0,1.87,TOTAL,1.8199,0.10987,microSv/hr,ICRP Pub. 103 EFFECTIVE DOSE,0.8191520442889918,0.5735764363510462,-0.17364817766693033,0.984807753012208,-1.062489299996,1.0367014233283585,55.00000_-10.00000,1.0321271,1.8070304,-0.004574299,-0.0128695965
L0000.ANS,55.0,0.0,8.000085600032,2002/01/00,0,2.06,TOTAL,1.8078,0.1097,microSv/hr,ICRP Pub. 103 EFFECTIVE DOSE,0.8191520442889918,0.5735764363510462,0.0,1.0,-1.062489299996,1.0324012585557139,55.00000_0.00000,1.0290244,1.7983344,-0.0033768415,-0.009465456
L0000.ANS,55.0,10.0,8.000085600032,2002/01/00,0,2.19,TOTAL,1.7978,0.10957,microSv/hr,ICRP Pub. 103 EFFECTIVE DOSE,0.8191520442889918,0.5735764363510462,0.17364817766693033,0.984807753012208,-1.062489299996,1.028833394060193,55.00000_10.00000,1.0216461,1.7777636,-0.0071872473,-0.020036459
L0000.ANS,55.0,20.0,8.000085600032,2002/01/00,0,2.24,TOTAL,1.794,0.10947,microSv/hr,ICRP Pub. 103 EFFECTIVE DOSE,0.8191520442889918,0.5735764363510462,0.3420201433256687,0.9396926207859084,-1.062489299996,1.02747426083477,55.00000_20.00000,1.0241997,1.7848659,-0.00327456,-0.009134173
L0000.ANS,55.0,30.0,8.000085600032,2002/01/00,0,2.32,TOTAL,1.7867,0.10934,microSv/hr,ICRP Pub. 103 EFFECTIVE DOSE,0.8191520442889918,0.5735764363510462,0.49999999999999994,0.8660254037844387,-1.062489299996,1.0248581000794479,55.00000_30.00000,1.0219631,1.7786442,-0.0028949976,-0.008055806
L0000.ANS,55.0,40.0,8.000085600032,2002/01/00,0,2.34,TOTAL,1.7848,0.10933,microSv/hr,ICRP Pub. 103 EFFECTIVE DOSE,0.8191520442889918,0.5735764363510462,0.6427876096865393,0.766044443118978,-1.062489299996,1.024176057515092,55.00000_40.00000,1.0241354,1.7846866,-4.0650368e-05,-0.000113248825
L0000.ANS,55.0,50.0,8.000085600032,2002/01/00,0,2.4,TOTAL,1.7801,0.10929,microSv/hr,ICRP Pub. 103 EFFECTIVE DOSE,0.8191520442889918,0.5735764363510462,0.766044443118978,0.6427876096865394,-1.062489299996,1.0224868982786184,55.00000_50.00000,1.0242218,1.7849274,0.0017348528,0.004827261
L0000.ANS,55.0,60.0,8.000085600032,2002/01/00,0,2.43,TOTAL,1.7775,0.10919,microSv/hr,ICRP Pub. 103 EFFECTIVE DOSE,0.8191520442889918,0.5735764363510462,0.8660254037844386,0.5000000000000001,-1.062489299996,1.021551242531648,55.00000_60.00000,1.0185761,1.769249,-0.0029751062,-0.008251071
L0000.ANS,55.0,70.0,8.000085600032,2002/01/00,0,2.5,TOTAL,1.771,0.10898,microSv/hr,ICRP Pub. 103 EFFECTIVE DOSE,0.8191520442889918,0.5735764363510462,0.9396926207859083,0.3420201433256688,-1.062489299996,1.0192082658808412,55.00000_70.00000,1.0180509,1.7677948,-0.001157403,-0.0032052994
L0000.ANS,55.0,80.0,8.000085600032,2002/01/00,0,2.54,TOTAL,1.7672,0.1089,microSv/hr,ICRP Pub. 103 EFFECTIVE DOSE,0.8191520442889918,0.5735764363510462,0.984807753012208,0.17364817766693041,-1.062489299996,1.017835978640822,55.00000_80.00000,1.0170271,1.7649627,-0.00080883503,-0.00223732
L0000.ANS,55.0,90.0,8.000085600032,2002/01/00,0,2.62,TOTAL,1.7598,0.1088,microSv/hr,ICRP Pub. 103 EFFECTIVE DOSE,0.8191520442889918,0.5735764363510462,1.0,6.123233995736766e-17,-1.062489299996,1.015158213335317,55.00000_90.00000,1.0142183,1.7572074,-0.00093984604,-0.0025925636
L0000.ANS,55.0,100.0,8.000085600032,2002/01/00,0,2.71,TOTAL,1.7517,0.10854,microSv/hr,ICRP Pub. 103 EFFECTIVE DOSE,0.8191520442889918,0.5735764363510462,0.984807753012208,-0.1736481776669303,-1.062489299996,1.012218902500991,55.00000_100.00000,1.013094,1.7541089,0.0008749962,0.002408743
L0000.ANS,55.0,110.0,8.000085600032,2002/01/00,0,2.78,TOTAL,1.745,0.1083,microSv/hr,ICRP Pub. 103 EFFECTIVE DOSE,0.8191520442889918,0.5735764363510462,0.9396926207859084,-0.3420201433256687,-1.062489299996,1.009781074961494,55.00000_110.00000,1.0092872,1.7436447,-0.0004938841,-0.0013554096
L0000.ANS,55.0,120.0,8.000085600032,2002/01/00,0,2.87,TOTAL,1.736,0.1081,microSv/hr,ICRP Pub. 103 EFFECTIVE DOSE,0.8191520442889918,0.5735764363510462,0.8660254037844387,-0.4999999999999998,-1.062489299996,1.0064969997603042,55.00000_120.00000,1.0087241,1.7421001,0.002227068,0.0061000586
L0000.ANS,55.0,130.0,8.000085600032,2002/01/00,0,3.02,TOTAL,1.7209,0.10765,microSv/hr,ICRP Pub. 103 EFFECTIVE DOSE,0.8191520442889918,0.5735764363510462,0.766044443118978,-0.6427876096865394,-1.062489299996,1.000962707931354,55.00000_130.00000,0.993773,1.7014077,-0.0071897507,-0.019492388
L0000.ANS,55.0,140.0,8.000085600032,2002/01/00,0,3.15,TOTAL,1.707,0.10715,microSv/hr,ICRP Pub. 103 EFFECTIVE DOSE,0.8191520442889918,0.5735764363510462,0.6427876096865395,-0.7660444431189779,-1.062489299996,0.9958410106321642,55.00000_140.00000,0.99368995,1.7011833,-0.002151072,-0.005816698
L0000.ANS,55.0,150.0,8.000085600032,2002/01/00,0,3.11,TOTAL,1.7115,0.10728,microSv/hr,ICRP Pub. 103 EFFECTIVE DOSE,0.8191520442889918,0.5735764363510462,0.49999999999999994,-0.8660254037844387,-1.062489299996,0.9975019872989783,55.00000_150.00000,0.995033,1.7048137,-0.0024689436,-0.0066862106
L0000.ANS,55.0,160.0,8.000085600032,2002/01/00,0,3.07,TOTAL,1.7158,0.10743,microSv/hr,ICRP Pub. 103 EFFECTIVE DOSE,0.8191520442889918,0.5735764363510462,0.3420201433256689,-0.9396926207859083,-1.062489299996,0.9990865692825572,55.00000_160.00000,0.9963331,1.7083325,-0.0027534366,-0.0074675083
L0000.ANS,55.0,170.0,8.000085600032,2002/01/00,0,2.95,TOTAL,1.7286,0.10805,microSv/hr,ICRP Pub. 103 EFFECTIVE DOSE,0.8191520442889918,0.5735764363510462,0.17364817766693028,-0.984807753012208,-1.062489299996,1.0037886571466368,55.00000_170.00000,1.0048169,1.7314072,0.0010281801,0.0028070211
L0000.ANS,60.0,-179.99999,8.000085600032,2002/01/00,0,1.62,TOTAL,1.8326,0.11001,microSv/hr,ICRP Pub. 103 EFFECTIVE DOSE,0.8660254037844386,0.5000000000000001,-1.745329251238221e-07,-0.9999999999999848,-1.062489299996,1.041195017798159,60.00000_-179.99999,1.0371672,1.8212137,-0.0040278435,-0.011386275
L0000.ANS,60.0,-170.0,8.000085600032,2002/01/00,0,1.45,TOTAL,1.8376,0.11003,microSv/hr,ICRP Pub. 103 EFFECTIVE DOSE,0.8660254037844386,0.5000000000000001,-0.17364817766693028,-0.984807753012208,-1.062489299996,1.042958624477275,60.00000_-170.00000,1.03707,1.8209397,-0.0058885813,-0.016660333
L0000.ANS,60.0,-160.0,8.000085600032,2002/01/00,0,1.21,TOTAL,1.841,0.11004,microSv/hr,ICRP Pub. 103 EFFECTIVE DOSE,0.8660254037844386,0.5000000000000001,-0.3420201433256689,-0.9396926207859083,-1.062489299996,1.044156102872051,60.00000_-160.00000,1.0439224,1.8403362,-0.00023365021,-0.0006637573
L0000.ANS,60.0,-150.0,8.000085600032,2002/01/00,0,0.99,TOTAL,1.8422,0.11004,microSv/hr,ICRP Pub. 103 EFFECTIVE DOSE,0.8660254037844386,0.5000000000000001,-0.49999999999999994,-0.8660254037844387,-1.062489299996,1.0445784001756242,60.00000_-150.00000,1.0434841,1.8390914,-0.0010943413,-0.0031086206
L0000.ANS,60.0,-140.0,8.000085600032,2002/01/00,0,0.75,TOTAL,1.8427,0.11004,microSv/hr,ICRP Pub. 103 EFFECTIVE DOSE,0.8660254037844386,0.5000000000000001,-0.6427876096865395,-0.7660444431189779,-1.062489299996,1.0447543047654284,60.00000_-140.00000,1.0458829,1.8459102,0.0011286736,0.0032103062
L0000.ANS,60.0,-130.0,8.000085600032,2002/01/00,0,0.55,TOTAL,1.8427,0.11004,microSv/hr,ICRP Pub. 103 EFFECTIVE DOSE,0.8660254037844386,0.5000000000000001,-0.766044443118978,-0.6427876096865394,-1.062489299996,1.0447543047654284,60.00000_-130.00000,1.0459776,1.8461796,0.0012233257,0.0034797192
L0000.ANS,60.0,-120.0,8.000085600032,2002/01/00,0,0.39,TOTAL,1.8427,0.11004,microSv/hr,ICRP Pub. 103 EFFECTIVE DOSE,0.8660254037844386,0.5000000000000001,-0.8660254037844387,-0.4999999999999998,-1.062489299996,1.0447543047654284,60.00000_-120.00000,1.0500287,1.857733,0.005274415,0.015033126
L0000.ANS,60.0,-110.0,8.000085600032,2002/01/00,0,0.28,TOTAL,1.8427,0.11004,microSv/hr,ICRP Pub. 103 EFFECTIVE DOSE,0.8660254037844386,0.5000000000000001,-0.9396926207859084,-0.3420201433256687,-1.062489299996,1.0447543047654284,60.00000_-110.00000,1.0491229,1.8551458,0.004368663,0.012445927
L0000.ANS,60.0,-100.0,8.000085600032,2002/01/00,0,0.2,TOTAL,1.8427,0.11004,microSv/hr,ICRP Pub. 103 EFFECTIVE DOSE,0.8660254037844386,0.5000000000000001,-0.984807753012208,-0.1736481776669303,-1.062489299996,1.0447543047654284,60.00000_-100.00000,1.0468283,1.8486018,0.0020740032,0.0059019327
L0000.ANS,60.0,-90.0,8.000085600032,2002/01/00,0,0.19,TOTAL,1.8427,0.11004,microSv/hr,ICRP Pub. 103 EFFECTIVE DOSE,0.8660254037844386,0.5000000000000001,-1.0,6.123233995736766e-17,-1.062489299996,1.0447543047654284,60.00000_-90.00000,1.0434834,1.8390894,-0.0012708902,-0.0036104918
L0000.ANS,60.0,-80.0,8.000085600032,2002/01/00,0,0.18,TOTAL,1.8427,0.11004,microSv/hr,ICRP Pub. 103 EFFECTIVE DOSE,0.8660254037844386,0.5000000000000001,-0.984807753012208,0.17364817766693041,-1.062489299996,1.0447543047654284,60.00000_-80.00000,1.0504317,1.858885,0.0056774616,0.016185164
L0000.ANS,60.0,-70.0,8.000085600032,2002/01/00,0,0.23,TOTAL,1.8427,0.11004,microSv/hr,ICRP Pub. 103 EFFECTIVE DOSE,0.8660254037844386,0.5000000000000001,-0.9396926207859083,0.3420201433256688,-1.062489299996,1.0447543047654284,60.00000_-70.00000,1.046924,1.8488744,0.0021697283,0.0061745644
L0000.ANS,60.0,-60.0,8.000085600032,2002/01/00,0,0.3,TOTAL,1.8427,0.11004,microSv/hr,ICRP Pub. 103 EFFECTIVE DOSE,0.8660254037844386,0.5000000000000001,-0.8660254037844386,0.5000000000000001,-1.062489299996,1.0447543047654284,60.00000_-60.00000,1.0494456,1.8560674,0.0046913624,0.013367534
L0000.ANS,60.0,-50.0,8.000085600032,2002/01/00,0,0.41,TOTAL,1.8427,0.11004,microSv/hr,ICRP Pub. 103 EFFECTIVE DOSE,0.8660254037844386,0.5000000000000001,-0.766044443118978,0.6427876096865394,-1.062489299996,1.0447543047654284,60.00000_-50.00000,1.0432395,1.838397,-0.0015147924,-0.0043028593
L0000.ANS,60.0,-40.0,8.000085600032,2002/01/00,0,0.56,TOTAL,1.8427,0.11004,microSv/hr,ICRP Pub. 103 EFFECTIVE DOSE,0.8660254037844386,0.5000000000000001,-0.6427876096865393,0.766044443118978,-1.062489299996,1.0447543047654284,60.00000_-40.00000,1.0438033,1.839998,-0.0009509325,-0.0027018785
L0000.ANS,60.0,-30.0,8.000085600032,2002/01/00,0,0.73,TOTAL,1.8427,0.11004,microSv/hr,ICRP Pub. 103 EFFECTIVE DOSE,0.8660254037844386,0.5000000000000001,-0.49999999999999994,0.8660254037844387,-1.062489299996,1.0447543047654284,60.00000_-30.00000,1.0465786,1.8478907,0.001824379,0.0051908493
L0000.ANS,60.0,-20.0,8.000085600032,2002/01/00,0,0.87,TOTAL,1.8426,0.11004,microSv/hr,ICRP Pub. 103 EFFECTIVE DOSE,0.8660254037844386,0.5000000000000001,-0.3420201433256687,0.9396926207859084,-1.062489299996,1.0447191263227744,60.00000_-20.00000,1.0422313,1.835537,-0.0024877787,-0.007062912
L0000.ANS,60.0,-10.0,8.000085600032,2002/01/00,0,1.04,TOTAL,1.842,0.11004,microSv/hr,ICRP Pub. 103 EFFECTIVE DOSE,0.8660254037844386,0.5000000000000001,-0.17364817766693033,0.984807753012208,-1.062489299996,1.044508029674909,60.00000_-10.00000,1.0417132,1.8340683,-0.0027947426,-0.00793159
L0000.ANS,60.0,0.0,8.000085600032,2002/01/00,0,1.16,TOTAL,1.8412,0.11004,microSv/hr,ICRP Pub. 103 EFFECTIVE DOSE,0.8660254037844386,0.5000000000000001,0.0,1.0,-1.062489299996,1.044226498141518,60.00000_0.00000,1.0364971,1.8193239,-0.007729411,-0.021876216
L0000.ANS,60.0,10.0,8.000085600032,2002/01/00,0,1.26,TOTAL,1.8407,0.11004,microSv/hr,ICRP Pub. 103 EFFECTIVE DOSE,0.8660254037844386,0.5000000000000001,0.17364817766693033,0.984807753012208,-1.062489299996,1.044050500675427,60.00000_10.00000,1.0386006,1.8252604,-0.005449891,-0.01543951
L0000.ANS,60.0,20.0,8.000085600032,2002/01/00,0,1.37,TOTAL,1.8395,0.11003,microSv/hr,ICRP Pub. 103 EFFECTIVE DOSE,0.8660254037844386,0.5000000000000001,0.3420201433256687,0.9396926207859084,-1.062489299996,1.04362798033535,60.00000_20.00000,1.0438836,1.8402258,0.00025558472,0.00072586536
L0000.ANS,60.0,30.0,8.000085600032,2002/01/00,0,1.42,TOTAL,1.8383,0.11003,microSv/hr,ICRP Pub. 103 EFFECTIVE DOSE,0.8660254037844386,0.5000000000000001,0.49999999999999994,0.8660254037844387,-1.062489299996,1.0432052813963713,60.00000_30.00000,1.0433036,1.838579,9.8347664e-05,0.00027906895
L0000.ANS,60.0,40.0,8.000085600032,2002/01/00,0,1.42,TOTAL,1.8382,0.11003,microSv/hr,ICRP Pub. 103 EFFECTIVE DOSE,0.8660254037844386,0.5000000000000001,0.6427876096865393,0.766044443118978,-1.062489299996,1.0431700484183,60.00000_40.00000,1.044784,1.8427843,0.0016138554,0.004584193
L0000.ANS,60.0,50.0,8.000085600032,2002/01/00,0,1.44,TOTAL,1.8378,0.11003,microSv/hr,ICRP Pub. 103 EFFECTIVE DOSE,0.8660254037844386,0.5000000000000001,0.766044443118978,0.6427876096865394,-1.062489299996,1.043029104091076,60.00000_50.00000,1.0433248,1.8386394,0.00029575825,0.0008394718
L0000.ANS,60.0,60.0,8.000085600032,2002/01/00,0,1.5,TOTAL,1.8364,0.11002,microSv/hr,ICRP Pub. 103 EFFECTIVE DOSE,0.8660254037844386,0.5000000000000001,0.8660254037844386,0.5000000000000001,-1.062489299996,1.0425356424477046,60.00000_60.00000,1.0404557,1.8305066,-0.0020799637,-0.005893469
L0000.ANS,60.0,70.0,8.000085600032,2002/01/00,0,1.53,TOTAL,1.8353,0.11002,microSv/hr,ICRP Pub. 103 EFFECTIVE DOSE,0.8660254037844386,0.5000000000000001,0.9396926207859083,0.3420201433256688,-1.062489299996,1.042147751686983,60.00000_70.00000,1.042119,1.8352185,-2.8729439e-05,-8.1419945e-05
L0000.ANS,60.0,80.0,8.000085600032,2002/01/00,0,1.54,TOTAL,1.8352,0.11001,microSv/hr,ICRP Pub. 103 EFFECTIVE DOSE,0.8660254037844386,0.5000000000000001,0.984807753012208,0.17364817766693041,-1.062489299996,1.0421124814286247,60.00000_80.00000,1.0426569,1.836744,0.0005444288,0.0015439987
L0000.ANS,60.0,90.0,8.000085600032,2002/01/00,0,1.58,TOTAL,1.8337,0.11001,microSv/hr,ICRP Pub. 103 EFFECTIVE DOSE,0.8660254037844386,0.5000000000000001,1.0,6.123233995736766e-17,-1.062489299996,1.0415832782198868,60.00000_90.00000,1.0414659,1.8333673,-0.00011742115,-0.00033271313
L0000.ANS,60.0,100.0,8.000085600032,2002/01/00,0,1.64,TOTAL,1.8316,0.10999,microSv/hr,ICRP Pub. 103 EFFECTIVE DOSE,0.8660254037844386,0.5000000000000001,0.984807753012208,-0.1736481776669303,-1.062489299996,1.0408419229178971,60.00000_100.00000,1.0411427,1.8324518,0.00030076504,0.0008517504
L0000.ANS,60.0,110.0,8.000085600032,2002/01/00,0,1.7,TOTAL,1.8288,0.10997,microSv/hr,ICRP Pub. 103 EFFECTIVE DOSE,0.8660254037844386,0.5000000000000001,0.9396926207859084,-0.3420201433256687,-1.062489299996,1.0398525934611873,60.00000_110.00000,1.036931,1.8205476,-0.0029215813,-0.0082525015
L0000.ANS,60.0,120.0,8.000085600032,2002/01/00,0,1.76,TOTAL,1.8263,0.10996,microSv/hr,ICRP Pub. 103 EFFECTIVE DOSE,0.8660254037844386,0.5000000000000001,0.8660254037844387,-0.4999999999999998,-1.062489299996,1.0389684357405948,60.00000_120.00000,1.0427529,1.8370162,0.003784418,0.0107162
L0000.ANS,60.0,130.0,8.000085600032,2002/01/00,0,1.82,TOTAL,1.8232,0.10991,microSv/hr,ICRP Pub. 103 EFFECTIVE DOSE,0.8660254037844386,0.5000000000000001,0.766044443118978,-0.6427876096865394,-1.062489299996,1.0378709933789232,60.00000_130.00000,1.037558,1.8223164,-0.0003130436,-0.00088357925
L0000.ANS,60.0,140.0,8.000085600032,2002/01/00,0,1.95,TOTAL,1.8154,0.10985,microSv/hr,ICRP Pub. 103 EFFECTIVE DOSE,0.8660254037844386,0.5000000000000001,0.6427876096865395,-0.7660444431189779,-1.062489299996,1.0351043474117279,60.00000_140.00000,1.0363953,1.819037,0.0012909174,0.003636837
L0000.ANS,60.0,150.0,8.000085600032,2002/01/00,0,1.99,TOTAL,1.813,0.1098,microSv/hr,ICRP Pub. 103 EFFECTIVE DOSE,0.8660254037844386,0.5000000000000001,0.49999999999999994,-0.8660254037844387,-1.062489299996,1.0342515295077197,60.00000_150.00000,1.0286593,1.7973131,-0.005592227,-0.015686989
L0000.ANS,60.0,160.0,8.000085600032,2002/01/00,0,1.92,TOTAL,1.8173,0.10985,microSv/hr,ICRP Pub. 103 EFFECTIVE DOSE,0.8660254037844386,0.5000000000000001,0.3420201433256689,-0.9396926207859083,-1.062489299996,1.0357789794965404,60.00000_160.00000,1.0332723,1.8102467,-0.002506733,-0.0070533752
L0000.ANS,60.0,170.0,8.000085600032,2002/01/00,0,1.8,TOTAL,1.8245,0.10994,microSv/hr,ICRP Pub. 103 EFFECTIVE DOSE,0.8660254037844386,0.5000000000000001,0.17364817766693028,-0.984807753012208,-1.062489299996,1.0383313577831799,60.00000_170.00000,1.035777,1.8172944,-0.0025544167,-0.0072057247
L0000.ANS,65.0,-179.99999,8.000085600032,2002/01/00,0,0.88,TOTAL,1.8426,0.11004,microSv/hr,ICRP Pub. 103 EFFECTIVE DOSE,0.9063077870366499,0.42261826174069944,-1.745329251238221e-07,-0.9999999999999848,-1.062489299996,1.0447191263227744,65.00000_-179.99999,1.0434263,1.8389273,-0.0012928247,-0.0036725998
L0000.ANS,65.0,-170.0,8.000085600032,2002/01/00,0,0.74,TOTAL,1.8427,0.11004,microSv/hr,ICRP Pub. 103 EFFECTIVE DOSE,0.9063077870366499,0.42261826174069944,-0.17364817766693028,-0.984807753012208,-1.062489299996,1.0447543047654284,65.00000_-170.00000,1.0435394,1.8392485,-0.0012148619,-0.0034513474
L0000.ANS,65.0,-160.0,8.000085600032,2002/01/00,0,0.63,TOTAL,1.8427,0.11004,microSv/hr,ICRP Pub. 103 EFFECTIVE DOSE,0.9063077870366499,0.42261826174069944,-0.3420201433256689,-0.9396926207859083,-1.062489299996,1.0447543047654284,65.00000_-160.00000,1.0504185,1.8588473,0.0056642294,0.016147375
L0000.ANS,65.0,-150.0,8.000085600032,2002/01/00,0,0.49,TOTAL,1.8427,0.11004,microSv/hr,ICRP Pub. 103 EFFECTIVE DOSE,0.9063077870366499,0.42261826174069944,-0.49999999999999994,-0.8660254037844387,-1.062489299996,1.0447543047654284,65.00000_-150.00000,1.0449347,1.843213,0.00018048286,0.0005130768
L0000.ANS,65.0,-140.0,8.000085600032,2002/01/00,0,0.36,TOTAL,1.8427,0.11004,microSv/hr,ICRP Pub. 103 EFFECTIVE DOSE,0.9063077870366499,0.42261826174069944,-0.6427876096865395,-0.7660444431189779,-1.062489299996,1.0447543047654284,65.00000_-140.00000,1.0461279,1.8466074,0.0013736486,0.0039075613
L0000.ANS,65.0,-130.0,8.000085600032,2002/01/00,0,0.24,TOTAL,1.8427,0.11004,microSv/hr,ICRP Pub. 103 EFFECTIVE DOSE,0.9063077870366499,0.42261826174069944,-0.766044443118978,-0.6427876096865394,-1.062489299996,1.0447543047654284,65.00000_-130.00000,1.0492345,1.8554645,0.0044802427,0.012764573
L0000.ANS,65.0,-120.0,8.000085600032,2002/01/00,0,0.16,TOTAL,1.8427,0.11004,microSv/hr,ICRP Pub. 103 EFFECTIVE DOSE,0.9063077870366499,0.42261826174069944,-0.8660254037844387,-0.4999999999999998,-1.062489299996,1.0447543047654284,65.00000_-120.00000,1.0484631,1.8532625,0.0037088394,0.010562658
L0000.ANS,65.0,-110.0,8.000085600032,2002/01/00,0,0.08,TOTAL,1.8427,0.11004,microSv/hr,ICRP Pub. 103 EFFECTIVE DOSE,0.9063077870366499,0.42261826174069944,-0.9396926207859084,-0.3420201433256687,-1.062489299996,1.0447543047654284,65.00000_-110.00000,1.0467628,1.8484154,0.0020085573,0.0057154894
L0000.ANS,65.0,-100.0,8.000085600032,2002/01/00,0,0.04,TOTAL,1.8427,0.11004,microSv/hr,ICRP Pub. 103 EFFECTIVE DOSE,0.9063077870366499,0.42261826174069944,-0.984807753012208,-0.1736481776669303,-1.062489299996,1.0447543047654284,65.00000_-100.00000,1.0450612,1.8435726,0.00030696392,0.0008727312
L0000.ANS,65.0,-90.0,8.000085600032,2002/01/00,0,0.04,TOTAL,1.8427,0.11004,microSv/hr,ICRP Pub. 103 EFFECTIVE DOSE,0.9063077870366499,0.42261826174069944,-1.0,6.123233995736766e-17,-1.062489299996,1.0447543047654284,65.00000_-90.00000,1.047303,1.8499544,0.0025486946,0.0072544813
L0000.ANS,65.0,-80.0,8.000085600032,2002/01/00,0,0.03,TOTAL,1.8427,0.11004,microSv/hr,ICRP Pub. 103 EFFECTIVE DOSE,0.9063077870366499,0.42261826174069944,-0.984807753012208,0.17364817766693041,-1.062489299996,1.0447543047654284,65.00000_-80.00000,1.0480199,1.8519982,0.0032656193,0.009298325
L0000.ANS,65.0,-70.0,8.000085600032,2002/01/00,0,0.06,TOTAL,1.8427,0.11004,microSv/hr,ICRP Pub. 103 EFFECTIVE DOSE,0.9063077870366499,0.42261826174069944,-0.9396926207859083,0.3420201433256688,-1.062489299996,1.0447543047654284,65.00000_-70.00000,1.0459259,1.8460324,0.0011715889,0.0033324957
L0000.ANS,65.0,-60.0,8.000085600032,2002/01/00,0,0.1,TOTAL,1.8427,0.11004,microSv/hr,ICRP Pub. 103 EFFECTIVE DOSE,0.9063077870366499,0.42261826174069944,-0.8660254037844386,0.5000000000000001,-1.062489299996,1.0447543047654284,65.00000_-60.00000,1.0469091,1.848832,0.0021548271,0.006132126
L0000.ANS,65.0,-50.0,8.000085600032,2002/01/00,0,0.14,TOTAL,1.8427,0.11004,microSv/hr,ICRP Pub. 103 EFFECTIVE DOSE,0.9063077870366499,0.42261826174069944,-0.766044443118978,0.6427876096865394,-1.062489299996,1.0447543047654284,65.00000_-50.00000,1.0433599,1.8387388,-0.0013943911,-0.0039610863
L0000.ANS,65.0,-40.0,8.000085600032,2002/01/00,0,0.23,TOTAL,1.8427,0.11004,microSv/hr,ICRP Pub. 103 EFFECTIVE DOSE,0.9063077870366499,0.42261826174069944,-0.6427876096865393,0.766044443118978,-1.062489299996,1.0447543047654284,65.00000_-40.00000,1.0436431,1.839543,-0.0011111498,-0.0031569004
L0000.ANS,65.0,-30.0,8.000085600032,2002/01/00,0,0.32,TOTAL,1.8427,0.11004,microSv/hr,ICRP Pub. 103 EFFECTIVE DOSE,0.9063077870366499,0.42261826174069944,-0.49999999999999994,0.8660254037844387,-1.062489299996,1.0447543047654284,65.00000_-30.00000,1.04395,1.8404144,-0.0008043051,-0.0022854805
L0000.ANS,65.0,-20.0,8.000085600032,2002/01/00,0,0.41,TOTAL,1.8427,0.11004,microSv/hr,ICRP Pub. 103 EFFECTIVE DOSE,0.9063077870366499,0.42261826174069944,-0.3420201433256687,0.9396926207859084,-1.062489299996,1.0447543047654284,65.00000_-20.00000,1.041711,1.8340619,-0.003043294,-0.008638024
L0000.ANS,65.0,-10.0,8.000085600032,2002/01/00,0,0.5,TOTAL,1.8427,0.11004,microSv/hr,ICRP Pub. 103 EFFECTIVE DOSE,0.9063077870366499,0.42261826174069944,-0.17364817766693033,0.984807753012208,-1.062489299996,1.0447543047654284,65.00000_-10.00000,1.0449028,1.8431221,0.00014853477,0.0004222393
L0000.ANS,65.0,0.0,8.000085600032,2002/01/00,0,0.6,TOTAL,1.8427,0.11004,microSv/hr,ICRP Pub. 103 EFFECTIVE DOSE,0.9063077870366499,0.42261826174069944,0.0,1.0,-1.062489299996,1.0447543047654284,65.00000_0.00000,1.0413741,1.8331072,-0.0033801794,-0.009592652
L0000.ANS,65.0,10.0,8.000085600032,2002/01/00,0,0.67,TOTAL,1.8427,0.11004,microSv/hr,ICRP Pub. 103 EFFECTIVE DOSE,0.9063077870366499,0.42261826174069944,0.17364817766693033,0.984807753012208,-1.062489299996,1.0447543047654284,65.00000_10.00000,1.042294,1.8357148,-0.0024602413,-0.0069850683
L0000.ANS,65.0,20.0,8.000085600032,2002/01/00,0,0.7,TOTAL,1.8427,0.11004,microSv/hr,ICRP Pub. 103 EFFECTIVE DOSE,0.9063077870366499,0.42261826174069944,0.3420201433256687,0.9396926207859084,-1.062489299996,1.0447543047654284,65.00000_20.00000,1.0433,1.8385689,-0.0014542341,-0.0041309595
L0000.ANS,65.0,30.0,8.000085600032,2002/01/00,0,0.74,TOTAL,1.8427,0.11004,microSv/hr,ICRP Pub. 103 EFFECTIVE DOSE,0.9063077870366499,0.42261826174069944,0.49999999999999994,0.8660254037844387,-1.062489299996,1.0447543047654284,65.00000_30.00000,1.0454383,1.844645,0.0006840229,0.001945138
L0000.ANS,65.0,40.0,8.000085600032,2002/01/00,0,0.78,TOTAL,1.8427,0.11004,microSv/hr,ICRP Pub. 103 EFFECTIVE DOSE,0.9063077870366499,0.42261826174069944,0.6427876096865393,0.766044443118978,-1.062489299996,1.0447543047654284,65.00000_40.00000,1.0469186,1.8488592,0.0021643639,0.0061593056
L0000.ANS,65.0,50.0,8.000085600032,2002/01/00,0,0.82,TOTAL,1.8426,0.11004,microSv/hr,ICRP Pub. 103 EFFECTIVE DOSE,0.9063077870366499,0.42261826174069944,0.766044443118978,0.6427876096865394,-1.062489299996,1.0447191263227744,65.00000_50.00000,1.0454594,1.8447051,0.0007402897,0.002105236
L0000.ANS,65.0,60.0,8.000085600032,2002/01/00,0,0.81,TOTAL,1.8427,0.11004,microSv/hr,ICRP Pub. 103 EFFECTIVE DOSE,0.9063077870366499,0.42261826174069944,0.8660254037844386,0.5000000000000001,-1.062489299996,1.0447543047654284,65.00000_60.00000,1.0451852,1.8439252,0.00043094158,0.0012253523
L0000.ANS,65.0,70.0,8.000085600032,2002/01/00,0,0.86,TOTAL,1.8426,0.11004,microSv/hr,ICRP Pub. 103 EFFECTIVE DOSE,0.9063077870366499,0.42261826174069944,0.9396926207859083,0.3420201433256688,-1.062489299996,1.0447191263227744,65.00000_70.00000,1.0469515,1.8489529,0.0022324324,0.0063530207
L0000.ANS,65.0,80.0,8.000085600032,2002/01/00,0,0.87,TOTAL,1.8426,0.11004,microSv/hr,ICRP Pub. 103 EFFECTIVE DOSE,0.9063077870366499,0.42261826174069944,0.984807753012208,0.17364817766693041,-1.062489299996,1.0447191263227744,65.00000_80.00000,1.0474895,1.850486,0.002770424,0.007886171
L0000.ANS,65.0,90.0,8.000085600032,2002/01/00,0,0.9,TOTAL,1.8426,0.11004,microSv/hr,ICRP Pub. 103 EFFECTIVE DOSE,0.9063077870366499,0.42261826174069944,1.0,6.123233995736766e-17,-1.062489299996,1.0447191263227744,65.00000_90.00000,1.0467248,1.848307,0.0020056963,0.0057071447
L0000.ANS,65.0,100.0,8.000085600032,2002/01/00,0,0.92,TOTAL,1.8425,0.11004,microSv/hr,ICRP Pub. 103 EFFECTIVE DOSE,0.9063077870366499,0.42261826174069944,0.984807753012208,-0.1736481776669303,-1.062489299996,1.0446839466425542,65.00000_100.00000,1.0454257,1.844609,0.0007417202,0.0021090508
L0000.ANS,65.0,110.0,8.000085600032,2002/01/00,0,0.96,TOTAL,1.8424,0.11004,microSv/hr,ICRP Pub. 103 EFFECTIVE DOSE,0.9063077870366499,0.42261826174069944,0.9396926207859084,-0.3420201433256687,-1.062489299996,1.0446487657246804,65.00000_110.00000,1.043068,1.8379105,-0.0015807152,-0.004489422
L0000.ANS,65.0,120.0,8.000085600032,2002/01/00,0,0.98,TOTAL,1.8423,0.11004,microSv/hr,ICRP Pub. 103 EFFECTIVE DOSE,0.9063077870366499,0.42261826174069944,0.8660254037844387,-0.4999999999999998,-1.062489299996,1.044613583569066,65.00000_120.00000,1.0437733,1.8399127,-0.0008403063,-0.0023874044
L0000.ANS,65.0,130.0,8.000085600032,2002/01/00,0,1.04,TOTAL,1.842,0.11004,microSv/hr,ICRP Pub. 103 EFFECTIVE DOSE,0.9063077870366499,0.42261826174069944,0.766044443118978,-0.6427876096865394,-1.062489299996,1.044508029674909,65.00000_130.00000,1.0424571,1.8361772,-0.0020508766,-0.0058226585
L0000.ANS,65.0,140.0,8.000085600032,2002/01/00,0,1.05,TOTAL,1.8419,0.11004,microSv/hr,ICRP Pub. 103 EFFECTIVE DOSE,0.9063077870366499,0.42261826174069944,0.6427876096865395,-0.7660444431189779,-1.062489299996,1.0444728425674614,65.00000_140.00000,1.0415385,1.8335731,-0.0029343367,-0.008326769
L0000.ANS,65.0,150.0,8.000085600032,2002/01/00,0,1.08,TOTAL,1.8417,0.11004,microSv/hr,ICRP Pub. 103 EFFECTIVE DOSE,0.9063077870366499,0.42261826174069944,0.49999999999999994,-0.8660254037844387,-1.062489299996,1.044402464637951,65.00000_150.00000,1.040956,1.8319231,-0.0034464598,-0.00977695
L0000.ANS,65.0,160.0,8.000085600032,2002/01/00,0,1.06,TOTAL,1.8419,0.11004,microSv/hr,ICRP Pub. 103 EFFECTIVE DOSE,0.9063077870366499,0.42261826174069944,0.3420201433256689,-0.9396926207859083,-1.062489299996,1.0444728425674614,65.00000_160.00000,1.0448053,1.842845,0.0003324747,0.00094509125
L0000.ANS,65.0,170.0,8.000085600032,2002/01/00,0,0.98,TOTAL,1.8423,0.11004,microSv/hr,ICRP Pub. 103 EFFECTIVE DOSE,0.9063077870366499,0.42261826174069944,0.17364817766693028,-0.984807753012208,-1.062489299996,1.044613583569066,65.00000_170.00000,1.0433123,1.8386037,-0.0013012886,-0.0036963224
L0000.ANS,70.0,-179.99999,8.000085600032,2002/01/00,0,0.4,TOTAL,1.8427,0.11004,microSv/hr,ICRP Pub. 103 EFFECTIVE DOSE,0.9396926207859083,0.3420201433256688,-1.745329251238221e-07,-0.9999999999999848,-1.062489299996,1.0447543047654284,70.00000_-179.99999,1.0463499,1.8472394,0.0015956163,0.0045394897
L0000.ANS,70.0,-170.0,8.000085600032,2002/01/00,0,0.34,TOTAL,1.8427,0.11004,microSv/hr,ICRP Pub. 103 EFFECTIVE DOSE,0.9396926207859083,0.3420201433256688,-0.17364817766693028,-0.984807753012208,-1.062489299996,1.0447543047654284,70.00000_-170.00000,1.0463105,1.8471273,0.0015562773,0.004427433
L0000.ANS,70.0,-160.0,8.000085600032,2002/01/00,0,0.26,TOTAL,1.8427,0.11004,microSv/hr,ICRP Pub. 103 EFFECTIVE DOSE,0.9396926207859083,0.3420201433256688,-0.3420201433256689,-0.9396926207859083,-1.062489299996,1.0447543047654284,70.00000_-160.00000,1.0529402,1.8660657,0.008185983,0.023365855
L0000.ANS,70.0,-150.0,8.000085600032,2002/01/00,0,0.2,TOTAL,1.8427,0.11004,microSv/hr,ICRP Pub. 103 EFFECTIVE DOSE,0.9396926207859083,0.3420201433256688,-0.49999999999999994,-0.8660254037844387,-1.062489299996,1.0447543047654284,70.00000_-150.00000,1.0474819,1.8504643,0.0027276278,0.0077644587
L0000.ANS,70.0,-140.0,8.000085600032,2002/01/00,0,0.11,TOTAL,1.8427,0.11004,microSv/hr,ICRP Pub. 103 EFFECTIVE DOSE,0.9396926207859083,0.3420201433256688,-0.6427876096865395,-0.7660444431189779,-1.062489299996,1.0447543047654284,70.00000_-140.00000,1.0430385,1.8378266,-0.0017157793,-0.0048732758
L0000.ANS,70.0,-130.0,8.000085600032,2002/01/00,0,0.06,TOTAL,1.8427,0.11004,microSv/hr,ICRP Pub. 103 EFFECTIVE DOSE,0.9396926207859083,0.3420201433256688,-0.766044443118978,-0.6427876096865394,-1.062489299996,1.0447543047654284,70.00000_-130.00000,1.0486069,1.8536729,0.0038526058,0.010972977
L0000.ANS,70.0,-120.0,8.000085600032,2002/01/00,0,0.03,TOTAL,1.8427,0.11004,microSv/hr,ICRP Pub. 103 EFFECTIVE DOSE,0.9396926207859083,0.3420201433256688,-0.8660254037844387,-0.4999999999999998,-1.062489299996,1.0447543047654284,70.00000_-120.00000,1.0464659,1.8475697,0.001711607,0.0048698187
L0000.ANS,70.0,-110.0,8.000085600032,2002/01/00,0,0.02,TOTAL,1.8427,0.11004,microSv/hr,ICRP Pub. 103 EFFECTIVE DOSE,0.9396926207859083,0.3420201433256688,-0.9396926207859084,-0.3420201433256687,-1.062489299996,1.0447543047654284,70.00000_-110.00000,1.0463094,1.847124,0.0015550852,0.004424095
L0000.ANS,70.0,-100.0,8.000085600032,2002/01/00,0,0.0,TOTAL,1.8427,0.11004,microSv/hr,ICRP Pub. 103 EFFECTIVE DOSE,0.9396926207859083,0.3420201433256688,-0.984807753012208,-0.1736481776669303,-1.062489299996,1.0447543047654284,70.00000_-100.00000,1.0437711,1.8399066,-0.000983119,-0.002793312
L0000.ANS,70.0,-90.0,8.000085600032,2002/01/00,0,0.0,TOTAL,1.8427,0.11004,microSv/hr,ICRP Pub. 103 EFFECTIVE DOSE,0.9396926207859083,0.3420201433256688,-1.0,6.123233995736766e-17,-1.062489299996,1.0447543047654284,70.00000_-90.00000,1.0454391,1.8446474,0.00068485737,0.0019475222
L0000.ANS,70.0,-80.0,8.000085600032,2002/01/00,0,0.0,TOTAL,1.8427,0.11004,microSv/hr,ICRP Pub. 103 EFFECTIVE DOSE,0.9396926207859083,0.3420201433256688,-0.984807753012208,0.17364817766693041,-1.062489299996,1.0447543047654284,70.00000_-80.00000,1.0450217,1.8434601,0.00026738644,0.00076019764
L0000.ANS,70.0,-70.0,8.000085600032,2002/01/00,0,0.0,TOTAL,1.8427,0.11004,microSv/hr,ICRP Pub. 103 EFFECTIVE DOSE,0.9396926207859083,0.3420201433256688,-0.9396926207859083,0.3420201433256688,-1.062489299996,1.0447543047654284,70.00000_-70.00000,1.0473347,1.8500447,0.0025804043,0.007344842
L0000.ANS,70.0,-60.0,8.000085600032,2002/01/00,0,0.0,TOTAL,1.8427,0.11004,microSv/hr,ICRP Pub. 103 EFFECTIVE DOSE,0.9396926207859083,0.3420201433256688,-0.8660254037844386,0.5000000000000001,-1.062489299996,1.0447543047654284,70.00000_-60.00000,1.0479878,1.8519068,0.003233552,0.009206891
L0000.ANS,70.0,-50.0,8.000085600032,2002/01/00,0,0.02,TOTAL,1.8427,0.11004,microSv/hr,ICRP Pub. 103 EFFECTIVE DOSE,0.9396926207859083,0.3420201433256688,-0.766044443118978,0.6427876096865394,-1.062489299996,1.0447543047654284,70.00000_-50.00000,1.045252,1.844115,0.0004976988,0.0014151335
L0000.ANS,70.0,-40.0,8.000085600032,2002/01/00,0,0.07,TOTAL,1.8427,0.11004,microSv/hr,ICRP Pub. 103 EFFECTIVE DOSE,0.9396926207859083,0.3420201433256688,-0.6427876096865393,0.766044443118978,-1.062489299996,1.0447543047654284,70.00000_-40.00000,1.0479344,1.8517544,0.0031801462,0.009054542
L0000.ANS,70.0,-30.0,8.000085600032,2002/01/00,0,0.11,TOTAL,1.8427,0.11004,microSv/hr,ICRP Pub. 103 EFFECTIVE DOSE,0.9396926207859083,0.3420201433256688,-0.49999999999999994,0.8660254037844387,-1.062489299996,1.0447543047654284,70.00000_-30.00000,1.0426642,1.8367646,-0.0020900965,-0.0059353113
L0000.ANS,70.0,-20.0,8.000085600032,2002/01/00,0,0.15,TOTAL,1.8427,0.11004,microSv/hr,ICRP Pub. 103 EFFECTIVE DOSE,0.9396926207859083,0.3420201433256688,-0.3420201433256687,0.9396926207859084,-1.062489299996,1.0447543047654284,70.00000_-20.00000,1.0418024,1.834321,-0.0029518604,-0.008378863
L0000.ANS,70.0,-10.0,8.000085600032,2002/01/00,0,0.21,TOTAL,1.8427,0.11004,microSv/hr,ICRP Pub. 103 EFFECTIVE DOSE,0.9396926207859083,0.3420201433256688,-0.17364817766693033,0.984807753012208,-1.062489299996,1.0447543047654284,70.00000_-10.00000,1.0433631,1.838748,-0.0013911724,-0.003951907
L0000.ANS,70.0,0.0,8.000085600032,2002/01/00,0,0.24,TOTAL,1.8427,0.11004,microSv/hr,ICRP Pub. 103 EFFECTIVE DOSE,0.9396926207859083,0.3420201433256688,0.0,1.0,-1.062489299996,1.0447543047654284,70.00000_0.00000,1.0417192,1.8340852,-0.0030350685,-0.008614659
L0000.ANS,70.0,10.0,8.000085600032,2002/01/00,0,0.3,TOTAL,1.8427,0.11004,microSv/hr,ICRP Pub. 103 EFFECTIVE DOSE,0.9396926207859083,0.3420201433256688,0.17364817766693033,0.984807753012208,-1.062489299996,1.0447543047654284,70.00000_10.00000,1.0464143,1.8474226,0.0016599894,0.0047227144
L0000.ANS,70.0,20.0,8.000085600032,2002/01/00,0,0.34,TOTAL,1.8427,0.11004,microSv/hr,ICRP Pub. 103 EFFECTIVE DOSE,0.9396926207859083,0.3420201433256688,0.3420201433256687,0.9396926207859084,-1.062489299996,1.0447543047654284,70.00000_20.00000,1.0468736,1.8487308,0.0021193027,0.006030917
L0000.ANS,70.0,30.0,8.000085600032,2002/01/00,0,0.35,TOTAL,1.8427,0.11004,microSv/hr,ICRP Pub. 103 EFFECTIVE DOSE,0.9396926207859083,0.3420201433256688,0.49999999999999994,0.8660254037844387,-1.062489299996,1.0447543047654284,70.00000_30.00000,1.047371,1.8501483,0.002616763,0.007448435
L0000.ANS,70.0,40.0,8.000085600032,2002/01/00,0,0.38,TOTAL,1.8427,0.11004,microSv/hr,ICRP Pub. 103 EFFECTIVE DOSE,0.9396926207859083,0.3420201433256688,0.6427876096865393,0.766044443118978,-1.062489299996,1.0447543047654284,70.00000_40.00000,1.0438325,1.8400809,-0.0009217262,-0.002619028
L0000.ANS,70.0,50.0,8.000085600032,2002/01/00,0,0.41,TOTAL,1.8427,0.11004,microSv/hr,ICRP Pub. 103 EFFECTIVE DOSE,0.9396926207859083,0.3420201433256688,0.766044443118978,0.6427876096865394,-1.062489299996,1.0447543047654284,70.00000_50.00000,1.0419779,1.8348184,-0.0027763844,-0.007881522
L0000.ANS,70.0,60.0,8.000085600032,2002/01/00,0,0.41,TOTAL,1.8427,0.11004,microSv/hr,ICRP Pub. 103 EFFECTIVE DOSE,0.9396926207859083,0.3420201433256688,0.8660254037844386,0.5000000000000001,-1.062489299996,1.0447543047654284,70.00000_60.00000,1.0429716,1.8376368,-0.0017826557,-0.005063057
L0000.ANS,70.0,70.0,8.000085600032,2002/01/00,0,0.42,TOTAL,1.8427,0.11004,microSv/hr,ICRP Pub. 103 EFFECTIVE DOSE,0.9396926207859083,0.3420201433256688,0.9396926207859083,0.3420201433256688,-1.062489299996,1.0447543047654284,70.00000_70.00000,1.0447409,1.842662,-1.335144e-05,-3.7908554e-05
L0000.ANS,70.0,80.0,8.000085600032,2002/01/00,0,0.43,TOTAL,1.8427,0.11004,microSv/hr,ICRP Pub. 103 EFFECTIVE DOSE,0.9396926207859083,0.3420201433256688,0.984807753012208,0.17364817766693041,-1.062489299996,1.0447543047654284,70.00000_80.00000,1.045279,1.844192,0.0005247593,0.0014921427
L0000.ANS,70.0,90.0,8.000085600032,2002/01/00,0,0.44,TOTAL,1.8427,0.11004,microSv/hr,ICRP Pub. 103 EFFECTIVE DOSE,0.9396926207859083,0.3420201433256688,1.0,6.123233995736766e-17,-1.062489299996,1.0447543047654284,70.00000_90.00000,1.0443891,1.8416622,-0.00036513805,-0.0010377169
L0000.ANS,70.0,100.0,8.000085600032,2002/01/00,0,0.49,TOTAL,1.8427,0.11004,microSv/hr,ICRP Pub. 103 EFFECTIVE DOSE,0.9396926207859083,0.3420201433256688,0.984807753012208,-0.1736481776669303,-1.062489299996,1.0447543047654284,70.00000_100.00000,1.0425982,1.8365775,-0.0021560192,-0.0061223507
L0000.ANS,70.0,110.0,8.000085600032,2002/01/00,0,0.48,TOTAL,1.8427,0.11004,microSv/hr,ICRP Pub. 103 EFFECTIVE DOSE,0.9396926207859083,0.3420201433256688,0.9396926207859084,-0.3420201433256687,-1.062489299996,1.0447543047654284,70.00000_110.00000,1.044488,1.8419429,-0.00026631355,-0.000756979
L0000.ANS,70.0,120.0,8.000085600032,2002/01/00,0,0.5,TOTAL,1.8427,0.11004,microSv/hr,ICRP Pub. 103 EFFECTIVE DOSE,0.9396926207859083,0.3420201433256688,0.8660254037844387,-0.4999999999999998,-1.062489299996,1.0447543047654284,70.00000_120.00000,1.0442693,1.8413217,-0.0004849434,-0.0013781786
L0000.ANS,70.0,130.0,8.000085600032,2002/01/00,0,0.53,TOTAL,1.8427,0.11004,microSv/hr,ICRP Pub. 103 EFFECTIVE DOSE,0.9396926207859083,0.3420201433256688,0.766044443118978,-0.6427876096865394,-1.062489299996,1.0447543047654284,70.00000_130.00000,1.050281,1.8584543,0.005526781,0.015754461
L0000.ANS,70.0,140.0,8.000085600032,2002/01/00,0,0.52,TOTAL,1.8427,0.11004,microSv/hr,ICRP Pub. 103 EFFECTIVE DOSE,0.9396926207859083,0.3420201433256688,0.6427876096865395,-0.7660444431189779,-1.062489299996,1.0447543047654284,70.00000_140.00000,1.0427284,1.8369468,-0.0020258427,-0.0057530403
L0000.ANS,70.0,150.0,8.000085600032,2002/01/00,0,0.52,TOTAL,1.8427,0.11004,microSv/hr,ICRP Pub. 103 EFFECTIVE DOSE,0.9396926207859083,0.3420201433256688,0.49999999999999994,-0.8660254037844387,-1.062489299996,1.0447543047654284,70.00000_150.00000,1.047828,1.8514509,0.0030736923,0.008751035
L0000.ANS,70.0,160.0,8.000085600032,2002/01/00,0,0.51,TOTAL,1.8427,0.11004,microSv/hr,ICRP Pub. 103 EFFECTIVE DOSE,0.9396926207859083,0.3420201433256688,0.3420201433256689,-0.9396926207859083,-1.062489299996,1.0447543047654284,70.00000_160.00000,1.0494045,1.8559499,0.004650235,0.013249993
L0000.ANS,70.0,170.0,8.000085600032,2002/01/00,0,0.47,TOTAL,1.8427,0.11004,microSv/hr,ICRP Pub. 103 EFFECTIVE DOSE,0.9396926207859083,0.3420201433256688,0.17364817766693028,-0.984807753012208,-1.062489299996,1.0447543047654284,70.00000_170.00000,1.0473475,1.8500813,0.002593279,0.007381439
L0000.ANS,75.0,-179.99999,8.000085600032,2002/01/00,0,0.12,TOTAL,1.8427,0.11004,microSv/hr,ICRP Pub. 103 EFFECTIVE DOSE,0.9659258262890683,0.25881904510252074,-1.745329251238221e-07,-0.9999999999999848,-1.062489299996,1.0447543047654284,75.00000_-179.99999,1.0453187,1.8443049,0.000564456,0.0016050339
L0000.ANS,75.0,-170.0,8.000085600032,2002/01/00,0,0.09,TOTAL,1.8427,0.11004,microSv/hr,ICRP Pub. 103 EFFECTIVE DOSE,0.9659258262890683,0.25881904510252074,-0.17364817766693028,-0.984807753012208,-1.062489299996,1.0447543047654284,75.00000_-170.00000,1.045498,1.8448149,0.00074374676,0.0021150112
L0000.ANS,75.0,-160.0,8.000085600032,2002/01/00,0,0.06,TOTAL,1.8427,0.11004,microSv/hr,ICRP Pub. 103 EFFECTIVE DOSE,0.9659258262890683,0.25881904510252074,-0.3420201433256689,-0.9396926207859083,-1.062489299996,1.0447543047654284,75.00000_-160.00000,1.0515461,1.8620727,0.00679183,0.01937282
L0000.ANS,75.0,-150.0,8.000085600032,2002/01/00,0,0.03,TOTAL,1.8427,0.11004,microSv/hr,ICRP Pub. 103 EFFECTIVE DOSE,0.9659258262890683,0.25881904510252074,-0.49999999999999994,-0.8660254037844387,-1.062489299996,1.0447543047654284,75.00000_-150.00000,1.0500976,1.85793,0.005343318,0.01523006
L0000.ANS,75.0,-140.0,8.000085600032,2002/01/00,0,0.02,TOTAL,1.8427,0.11004,microSv/hr,ICRP Pub. 103 EFFECTIVE DOSE,0.9659258262890683,0.25881904510252074,-0.6427876096865395,-0.7660444431189779,-1.062489299996,1.0447543047654284,75.00000_-140.00000,1.0444809,1.841923,-0.0002733469,-0.00077688694
L0000.ANS,75.0,-130.0,8.000085600032,2002/01/00,0,0.0,TOTAL,1.8427,0.11004,microSv/hr,ICRP Pub. 103 EFFECTIVE DOSE,0.9659258262890683,0.25881904510252074,-0.766044443118978,-0.6427876096865394,-1.062489299996,1.0447543047654284,75.00000_-130.00000,1.0522155,1.8639891,0.00746119,0.02128923
L0000.ANS,75.0,-120.0,8.000085600032,2002/01/00,0,0.0,TOTAL,1.8427,0.11004,microSv/hr,ICRP Pub. 103 EFFECTIVE DOSE,0.9659258262890683,0.25881904510252074,-0.8660254037844387,-0.4999999999999998,-1.062489299996,1.0447543047654284,75.00000_-120.00000,1.048634,1.8537503,0.0038797855,0.011050463
L0000.ANS,75.0,-110.0,8.000085600032,2002/01/00,0,0.0,TOTAL,1.8427,0.11004,microSv/hr,ICRP Pub. 103 EFFECTIVE DOSE,0.9659258262890683,0.25881904510252074,-0.9396926207859084,-0.3420201433256687,-1.062489299996,1.0447543047654284,75.00000_-110.00000,1.0439905,1.8405296,-0.0007637739,-0.0021703243
L0000.ANS,75.0,-100.0,8.000085600032,2002/01/00,0,0.0,TOTAL,1.8427,0.11004,microSv/hr,ICRP Pub. 103 EFFECTIVE DOSE,0.9659258262890683,0.25881904510252074,-0.984807753012208,-0.1736481776669303,-1.062489299996,1.0447543047654284,75.00000_-100.00000,1.0468099,1.8485495,0.002055645,0.0058496
L0000.ANS,75.0,-90.0,8.000085600032,2002/01/00,0,0.0,TOTAL,1.8427,0.11004,microSv/hr,ICRP Pub. 103 EFFECTIVE DOSE,0.9659258262890683,0.25881904510252074,-1.0,6.123233995736766e-17,-1.062489299996,1.0447543047654284,75.00000_-90.00000,1.0478464,1.8515036,0.0030921698,0.008803725
L0000.ANS,75.0,-80.0,8.000085600032,2002/01/00,0,0.0,TOTAL,1.8427,0.11004,microSv/hr,ICRP Pub. 103 EFFECTIVE DOSE,0.9659258262890683,0.25881904510252074,-0.984807753012208,0.17364817766693041,-1.062489299996,1.0447543047654284,75.00000_-80.00000,1.0469868,1.8490535,0.0022325516,0.0063536167
L0000.ANS,75.0,-70.0,8.000085600032,2002/01/00,0,0.0,TOTAL,1.8427,0.11004,microSv/hr,ICRP Pub. 103 EFFECTIVE DOSE,0.9659258262890683,0.25881904510252074,-0.9396926207859083,0.3420201433256688,-1.062489299996,1.0447543047654284,75.00000_-70.00000,1.0491955,1.8553531,0.0044412613,0.012653232
L0000.ANS,75.0,-60.0,8.000085600032,2002/01/00,0,0.0,TOTAL,1.8427,0.11004,microSv/hr,ICRP Pub. 103 EFFECTIVE DOSE,0.9659258262890683,0.25881904510252074,-0.8660254037844386,0.5000000000000001,-1.062489299996,1.0447543047654284,75.00000_-60.00000,1.0473877,1.8501959,0.0026334524,0.0074959993
L0000.ANS,75.0,-50.0,8.000085600032,2002/01/00,0,0.0,TOTAL,1.8427,0.11004,microSv/hr,ICRP Pub. 103 EFFECTIVE DOSE,0.9659258262890683,0.25881904510252074,-0.766044443118978,0.6427876096865394,-1.062489299996,1.0447543047654284,75.00000_-50.00000,1.0480384,1.8520509,0.0032840967,0.009351015
L0000.ANS,75.0,-40.0,8.000085600032,2002/01/00,0,0.0,TOTAL,1.8427,0.11004,microSv/hr,ICRP Pub. 103 EFFECTIVE DOSE,0.9659258262890683,0.25881904510252074,-0.6427876096865393,0.766044443118978,-1.062489299996,1.0447543047654284,75.00000_-40.00000,1.051871,1.8630027,0.0071166754,0.020302773
L0000.ANS,75.0,-30.0,8.000085600032,2002/01/00,0,0.0,TOTAL,1.8427,0.11004,microSv/hr,ICRP Pub. 103 EFFECTIVE DOSE,0.9659258262890683,0.25881904510252074,-0.49999999999999994,0.8660254037844387,-1.062489299996,1.0447543047654284,75.00000_-30.00000,1.0430254,1.8377894,-0.0017288923,-0.004910469
L0000.ANS,75.0,-20.0,8.000085600032,2002/01/00,0,0.02,TOTAL,1.8427,0.11004,microSv/hr,ICRP Pub. 103 EFFECTIVE DOSE,0.9659258262890683,0.25881904510252074,-0.3420201433256687,0.9396926207859084,-1.062489299996,1.0447543047654284,75.00000_-20.00000,1.0468057,1.8485376,0.0020514727,0.005837679
L0000.ANS,75.0,-10.0,8.000085600032,2002/01/00,0,0.02,TOTAL,1.8427,0.11004,microSv/hr,ICRP Pub. 103 EFFECTIVE DOSE,0.9659258262890683,0.25881904510252074,-0.17364817766693033,0.984807753012208,-1.062489299996,1.0447543047654284,75.00000_-10.00000,1.0468434,1.848645,0.0020891428,0.0059450865
L0000.ANS,75.0,0.0,8.000085600032,2002/01/00,0,0.05,TOTAL,1.8427,0.11004,microSv/hr,ICRP Pub. 103 EFFECTIVE DOSE,0.9659258262890683,0.25881904510252074,0.0,1.0,-1.062489299996,1.0447543047654284,75.00000_0.00000,1.0424217,1.8360769,-0.0023325682,-0.0066230297
L0000.ANS,75.0,10.0,8.000085600032,2002/01/00,0,0.07,TOTAL,1.8427,0.11004,microSv/hr,ICRP Pub. 103 EFFECTIVE DOSE,0.9659258262890683,0.25881904510252074,0.17364817766693033,0.984807753012208,-1.062489299996,1.0447543047654284,75.00000_10.00000,1.0451217,1.8437445,0.00036740303,0.001044631
L0000.ANS,75.0,20.0,8.000085600032,2002/01/00,0,0.11,TOTAL,1.8427,0.11004,microSv/hr,ICRP Pub. 103 EFFECTIVE DOSE,0.9659258262890683,0.25881904510252074,0.3420201433256687,0.9396926207859084,-1.062489299996,1.0447543047654284,75.00000_20.00000,1.0460182,1.8462952,0.0012639761,0.0035953522
L0000.ANS,75.0,30.0,8.000085600032,2002/01/00,0,0.12,TOTAL,1.8427,0.11004,microSv/hr,ICRP Pub. 103 EFFECTIVE DOSE,0.9659258262890683,0.25881904510252074,0.49999999999999994,0.8660254037844387,-1.062489299996,1.0447543047654284,75.00000_30.00000,1.048555,1.8535248,0.0038007498,0.010824919
L0000.ANS,75.0,40.0,8.000085600032,2002/01/00,0,0.14,TOTAL,1.8427,0.11004,microSv/hr,ICRP Pub. 103 EFFECTIVE DOSE,0.9659258262890683,0.25881904510252074,0.6427876096865393,0.766044443118978,-1.062489299996,1.0447543047654284,75.00000_40.00000,1.0465261,1.8477411,0.0017718077,0.0050412416
L0000.ANS,75.0,50.0,8.000085600032,2002/01/00,0,0.17,TOTAL,1.8427,0.11004,microSv/hr,ICRP Pub. 103 EFFECTIVE DOSE,0.9659258262890683,0.25881904510252074,0.766044443118978,0.6427876096865394,-1.062489299996,1.0447543047654284,75.00000_50.00000,1.0452639,1.844149,0.0005096197,0.0014491081
L0000.ANS,75.0,60.0,8.000085600032,2002/01/00,0,0.18,TOTAL,1.8427,0.11004,microSv/hr,ICRP Pub. 103 EFFECTIVE DOSE,0.9659258262890683,0.25881904510252074,0.8660254037844386,0.5000000000000001,-1.062489299996,1.0447543047654284,75.00000_60.00000,1.043722,1.8397671,-0.0010322332,-0.002932787
L0000.ANS,75.0,70.0,8.000085600032,2002/01/00,0,0.18,TOTAL,1.8427,0.11004,microSv/hr,ICRP Pub. 103 EFFECTIVE DOSE,0.9659258262890683,0.25881904510252074,0.9396926207859083,0.3420201433256688,-1.062489299996,1.0447543047654284,75.00000_70.00000,1.0447837,1.8427836,2.9444695e-05,8.368492e-05
L0000.ANS,75.0,80.0,8.000085600032,2002/01/00,0,0.18,TOTAL,1.8427,0.11004,microSv/hr,ICRP Pub. 103 EFFECTIVE DOSE,0.9659258262890683,0.25881904510252074,0.984807753012208,0.17364817766693041,-1.062489299996,1.0447543047654284,75.00000_80.00000,1.0458362,1.8457772,0.0010819435,0.0030772686
L0000.ANS,75.0,90.0,8.000085600032,2002/01/00,0,0.2,TOTAL,1.8427,0.11004,microSv/hr,ICRP Pub. 103 EFFECTIVE DOSE,0.9659258262890683,0.25881904510252074,1.0,6.123233995736766e-17,-1.062489299996,1.0447543047654284,75.00000_90.00000,1.0456187,1.8451581,0.00086438656,0.0024582148
L0000.ANS,75.0,100.0,8.000085600032,2002/01/00,0,0.2,TOTAL,1.8427,0.11004,microSv/hr,ICRP Pub. 103 EFFECTIVE DOSE,0.9659258262890683,0.25881904510252074,0.984807753012208,-0.1736481776669303,-1.062489299996,1.0447543047654284,75.00000_100.00000,1.0468326,1.848614,0.0020782948,0.005914092
L0000.ANS,75.0,110.0,8.000085600032,2002/01/00,0,0.21,TOTAL,1.8427,0.11004,microSv/hr,ICRP Pub. 103 EFFECTIVE DOSE,0.9659258262890683,0.25881904510252074,0.9396926207859084,-0.3420201433256687,-1.062489299996,1.0447543047654284,75.00000_110.00000,1.0466193,1.8480066,0.0018650293,0.0053067207
L0000.ANS,75.0,120.0,8.000085600032,2002/01/00,0,0.21,TOTAL,1.8427,0.11004,microSv/hr,ICRP Pub. 103 EFFECTIVE DOSE,0.9659258262890683,0.25881904510252074,0.8660254037844387,-0.4999999999999998,-1.062489299996,1.0447543047654284,75.00000_120.00000,1.0463707,1.8472987,0.001616478,0.004598856
L0000.ANS,75.0,130.0,8.000085600032,2002/01/00,0,0.2,TOTAL,1.8427,0.11004,microSv/hr,ICRP Pub. 103 EFFECTIVE DOSE,0.9659258262890683,0.25881904510252074,0.766044443118978,-0.6427876096865394,-1.062489299996,1.0447543047654284,75.00000_130.00000,1.0507727,1.85986,0.0060184,0.017160058
L0000.ANS,75.0,140.0,8.000085600032,2002/01/00,0,0.21,TOTAL,1.8427,0.11004,microSv/hr,ICRP Pub. 103 EFFECTIVE DOSE,0.9659258262890683,0.25881904510252074,0.6427876096865395,-0.7660444431189779,-1.062489299996,1.0447543047654284,75.00000_140.00000,1.0433893,1.8388224,-0.0013649464,-0.0038775206
L0000.ANS,75.0,150.0,8.000085600032,2002/01/00,0,0.2,TOTAL,1.8427,0.11004,microSv/hr,ICRP Pub. 103 EFFECTIVE DOSE,0.9659258262890683,0.25881904510252074,0.49999999999999994,-0.8660254037844387,-1.062489299996,1.0447543047654284,75.00000_150.00000,1.0481563,1.8523872,0.0034019947,0.0096873045
L0000.ANS,75.0,160.0,8.000085600032,2002/01/00,0,0.19,TOTAL,1.8427,0.11004,microSv/hr,ICRP Pub. 103 EFFECTIVE DOSE,0.9659258262890683,0.25881904510252074,0.3420201433256689,-0.9396926207859083,-1.062489299996,1.0447543047654284,75.00000_160.00000,1.0482403,1.8526269,0.0034860373,0.009927034
L0000.ANS,75.0,170.0,8.000085600032,2002/01/00,0,0.17,TOTAL,1.8427,0.11004,microSv/hr,ICRP Pub. 103 EFFECTIVE DOSE,0.9659258262890683,0.25881904510252074,0.17364817766693028,-0.984807753012208,-1.062489299996,1.0447543047654284,75.00000_170.00000,1.0493137,1.8556905,0.0045593977,0.012990594
L0000.ANS,80.0,-179.99999,8.000085600032,2002/01/00,0,0.02,TOTAL,1.8427,0.11004,microSv/hr,ICRP Pub. 103 EFFECTIVE DOSE,0.984807753012208,0.17364817766693041,-1.745329251238221e-07,-0.9999999999999848,-1.062489299996,1.0447543047654284,80.00000_-179.99999,1.0449461,1.8432451,0.00019180775,0.0005452633
L0000.ANS,80.0,-170.0,8.000085600032,2002/01/00,0,0.0,TOTAL,1.8427,0.11004,microSv/hr,ICRP Pub. 103 EFFECTIVE DOSE,0.984807753012208,0.17364817766693041,-0.17364817766693028,-0.984807753012208,-1.062489299996,1.0447543047654284,80.00000_-170.00000,1.0411566,1.8324913,-0.0035976171,-0.010208607
L0000.ANS,80.0,-160.0,8.000085600032,2002/01/00,0,0.0,TOTAL,1.8427,0.11004,microSv/hr,ICRP Pub. 103 EFFECTIVE DOSE,0.984807753012208,0.17364817766693041,-0.3420201433256689,-0.9396926207859083,-1.062489299996,1.0447543047654284,80.00000_-160.00000,1.045463,1.8447152,0.0007086992,0.0020153522
L0000.ANS,80.0,-150.0,8.000085600032,2002/01/00,0,0.0,TOTAL,1.8427,0.11004,microSv/hr,ICRP Pub. 103 EFFECTIVE DOSE,0.984807753012208,0.17364817766693041,-0.49999999999999994,-0.8660254037844387,-1.062489299996,1.0447543047654284,80.00000_-150.00000,1.0454919,1.8447976,0.0007376671,0.0020977259
L0000.ANS,80.0,-140.0,8.000085600032,2002/01/00,0,0.0,TOTAL,1.8427,0.11004,microSv/hr,ICRP Pub. 103 EFFECTIVE DOSE,0.984807753012208,0.17364817766693041,-0.6427876096865395,-0.7660444431189779,-1.062489299996,1.0447543047654284,80.00000_-140.00000,1.0423422,1.8358513,-0.0024120808,-0.0068485737
L0000.ANS,80.0,-130.0,8.000085600032,2002/01/00,0,0.0,TOTAL,1.8427,0.11004,microSv/hr,ICRP Pub. 103 EFFECTIVE DOSE,0.984807753012208,0.17364817766693041,-0.766044443118978,-0.6427876096865394,-1.062489299996,1.0447543047654284,80.00000_-130.00000,1.0485553,1.8535255,0.0038009882,0.010825634
L0000.ANS,80.0,-120.0,8.000085600032,2002/01/00,0,0.0,TOTAL,1.8427,0.11004,microSv/hr,ICRP Pub. 103 EFFECTIVE DOSE,0.984807753012208,0.17364817766693041,-0.8660254037844387,-0.4999999999999998,-1.062489299996,1.0447543047654284,80.00000_-120.00000,1.0505887,1.859334,0.0058344603,0.016634107
L0000.ANS,80.0,-110.0,8.000085600032,2002/01/00,0,0.0,TOTAL,1.8427,0.11004,microSv/hr,ICRP Pub. 103 EFFECTIVE DOSE,0.984807753012208,0.17364817766693041,-0.9396926207859084,-0.3420201433256687,-1.062489299996,1.0447543047654284,80.00000_-110.00000,1.0507274,1.8597305,0.0059731007,0.017030597
L0000.ANS,80.0,-100.0,8.000085600032,2002/01/00,0,0.0,TOTAL,1.8427,0.11004,microSv/hr,ICRP Pub. 103 EFFECTIVE DOSE,0.984807753012208,0.17364817766693041,-0.984807753012208,-0.1736481776669303,-1.062489299996,1.0447543047654284,80.00000_-100.00000,1.0528916,1.8659263,0.008137345,0.02322638
L0000.ANS,80.0,-90.0,8.000085600032,2002/01/00,0,0.0,TOTAL,1.8427,0.11004,microSv/hr,ICRP Pub. 103 EFFECTIVE DOSE,0.984807753012208,0.17364817766693041,-1.0,6.123233995736766e-17,-1.062489299996,1.0447543047654284,80.00000_-90.00000,1.0499598,1.8575362,0.005205512,0.014836311
L0000.ANS,80.0,-80.0,8.000085600032,2002/01/00,0,0.0,TOTAL,1.8427,0.11004,microSv/hr,ICRP Pub. 103 EFFECTIVE DOSE,0.984807753012208,0.17364817766693041,-0.984807753012208,0.17364817766693041,-1.062489299996,1.0447543047654284,80.00000_-80.00000,1.0446993,1.8425436,-5.4955482e-05,-0.00015628338
L0000.ANS,80.0,-70.0,8.000085600032,2002/01/00,0,0.0,TOTAL,1.8427,0.11004,microSv/hr,ICRP Pub. 103 EFFECTIVE DOSE,0.984807753012208,0.17364817766693041,-0.9396926207859083,0.3420201433256688,-1.062489299996,1.0447543047654284,80.00000_-70.00000,1.045271,1.8441693,0.00051677227,0.0014693737
L0000.ANS,80.0,-60.0,8.000085600032,2002/01/00,0,0.0,TOTAL,1.8427,0.11004,microSv/hr,ICRP Pub. 103 EFFECTIVE DOSE,0.984807753012208,0.17364817766693041,-0.8660254037844386,0.5000000000000001,-1.062489299996,1.0447543047654284,80.00000_-60.00000,1.0479515,1.8518031,0.0031971931,0.009103179
L0000.ANS,80.0,-50.0,8.000085600032,2002/01/00,0,0.0,TOTAL,1.8427,0.11004,microSv/hr,ICRP Pub. 103 EFFECTIVE DOSE,0.984807753012208,0.17364817766693041,-0.766044443118978,0.6427876096865394,-1.062489299996,1.0447543047654284,80.00000_-50.00000,1.0484244,1.853152,0.0036700964,0.010452151
L0000.ANS,80.0,-40.0,8.000085600032,2002/01/00,0,0.0,TOTAL,1.8427,0.11004,microSv/hr,ICRP Pub. 103 EFFECTIVE DOSE,0.984807753012208,0.17364817766693041,-0.6427876096865393,0.766044443118978,-1.062489299996,1.0447543047654284,80.00000_-40.00000,1.0484499,1.8532249,0.0036956072,0.010524988
L0000.ANS,80.0,-30.0,8.000085600032,2002/01/00,0,0.0,TOTAL,1.8427,0.11004,microSv/hr,ICRP Pub. 103 EFFECTIVE DOSE,0.984807753012208,0.17364817766693041,-0.49999999999999994,0.8660254037844387,-1.062489299996,1.0447543047654284,80.00000_-30.00000,1.0447873,1.8427937,3.3020973e-05,9.381771e-05
L0000.ANS,80.0,-20.0,8.000085600032,2002/01/00,0,0.0,TOTAL,1.8427,0.11004,microSv/hr,ICRP Pub. 103 EFFECTIVE DOSE,0.984807753012208,0.17364817766693041,-0.3420201433256687,0.9396926207859084,-1.062489299996,1.0447543047654284,80.00000_-20.00000,1.0477082,1.8511093,0.002953887,0.008409381
L0000.ANS,80.0,-10.0,8.000085600032,2002/01/00,0,0.0,TOTAL,1.8427,0.11004,microSv/hr,ICRP Pub. 103 EFFECTIVE DOSE,0.984807753012208,0.17364817766693041,-0.17364817766693033,0.984807753012208,-1.062489299996,1.0447543047654284,80.00000_-10.00000,1.0479064,1.8516746,0.003152132,0.008974671
L0000.ANS,80.0,0.0,8.000085600032,2002/01/00,0,0.0,TOTAL,1.8427,0.11004,microSv/hr,ICRP Pub. 103 EFFECTIVE DOSE,0.984807753012208,0.17364817766693041,0.0,1.0,-1.062489299996,1.0447543047654284,80.00000_0.00000,1.0458304,1.8457606,0.0010761023,0.0030606985
L0000.ANS,80.0,10.0,8.000085600032,2002/01/00,0,0.0,TOTAL,1.8427,0.11004,microSv/hr,ICRP Pub. 103 EFFECTIVE DOSE,0.984807753012208,0.17364817766693041,0.17364817766693033,0.984807753012208,-1.062489299996,1.0447543047654284,80.00000_10.00000,1.0478598,1.8515416,0.0031055212,0.008841753
L0000.ANS,80.0,20.0,8.000085600032,2002/01/00,0,0.0,TOTAL,1.8427,0.11004,microSv/hr,ICRP Pub. 103 EFFECTIVE DOSE,0.984807753012208,0.17364817766693041,0.3420201433256687,0.9396926207859084,-1.062489299996,1.0447543047654284,80.00000_20.00000,1.0428195,1.8372053,-0.0019347668,-0.0054945946
L0000.ANS,80.0,30.0,8.000085600032,2002/01/00,0,0.02,TOTAL,1.8427,0.11004,microSv/hr,ICRP Pub. 103 EFFECTIVE DOSE,0.984807753012208,0.17364817766693041,0.49999999999999994,0.8660254037844387,-1.062489299996,1.0447543047654284,80.00000_30.00000,1.0438448,1.8401158,-0.00090944767,-0.0025840998
L0000.ANS,80.0,40.0,8.000085600032,2002/01/00,0,0.03,TOTAL,1.8427,0.11004,microSv/hr,ICRP Pub. 103 EFFECTIVE DOSE,0.984807753012208,0.17364817766693041,0.6427876096865393,0.766044443118978,-1.062489299996,1.0447543047654284,80.00000_40.00000,1.0429758,1.8376486,-0.0017784834,-0.005051255
L0000.ANS,80.0,50.0,8.000085600032,2002/01/00,0,0.02,TOTAL,1.8427,0.11004,microSv/hr,ICRP Pub. 103 EFFECTIVE DOSE,0.984807753012208,0.17364817766693041,0.766044443118978,0.6427876096865394,-1.062489299996,1.0447543047654284,80.00000_50.00000,1.0446057,1.8422776,-0.00014853477,-0.0004222393
L0000.ANS,80.0,60.0,8.000085600032,2002/01/00,0,0.05,TOTAL,1.8427,0.11004,microSv/hr,ICRP Pub. 103 EFFECTIVE DOSE,0.984807753012208,0.17364817766693041,0.8660254037844386,0.5000000000000001,-1.062489299996,1.0447543047654284,80.00000_60.00000,1.0430639,1.8378987,-0.0016903877,-0.004801154
L0000.ANS,80.0,70.0,8.000085600032,2002/01/00,0,0.03,TOTAL,1.8427,0.11004,microSv/hr,ICRP Pub. 103 EFFECTIVE DOSE,0.984807753012208,0.17364817766693041,0.9396926207859083,0.3420201433256688,-1.062489299996,1.0447543047654284,80.00000_70.00000,1.0444645,1.8418763,-0.00028979778,-0.000823617
L0000.ANS,80.0,80.0,8.000085600032,2002/01/00,0,0.04,TOTAL,1.8427,0.11004,microSv/hr,ICRP Pub. 103 EFFECTIVE DOSE,0.984807753012208,0.17364817766693041,0.984807753012208,0.17364817766693041,-1.062489299996,1.0447543047654284,80.00000_80.00000,1.0438665,1.8401774,-0.0008877516,-0.0025224686
L0000.ANS,80.0,90.0,8.000085600032,2002/01/00,0,0.04,TOTAL,1.8427,0.11004,microSv/hr,ICRP Pub. 103 EFFECTIVE DOSE,0.984807753012208,0.17364817766693041,1.0,6.123233995736766e-17,-1.062489299996,1.0447543047654284,80.00000_90.00000,1.0448618,1.8430055,0.00010752678,0.00030565262
L0000.ANS,80.0,100.0,8.000085600032,2002/01/00,0,0.05,TOTAL,1.8427,0.11004,microSv/hr,ICRP Pub. 103 EFFECTIVE DOSE,0.984807753012208,0.17364817766693041,0.984807753012208,-0.1736481776669303,-1.062489299996,1.0447543047654284,80.00000_100.00000,1.0460757,1.8464588,0.001321435,0.0037589073
L0000.ANS,80.0,110.0,8.000085600032,2002/01/00,0,0.04,TOTAL,1.8427,0.11004,microSv/hr,ICRP Pub. 103 EFFECTIVE DOSE,0.984807753012208,0.17364817766693041,0.9396926207859084,-0.3420201433256687,-1.062489299996,1.0447543047654284,80.00000_110.00000,1.0421414,1.8352821,-0.0026128292,-0.007417798
L0000.ANS,80.0,120.0,8.000085600032,2002/01/00,0,0.05,TOTAL,1.8427,0.11004,microSv/hr,ICRP Pub. 103 EFFECTIVE DOSE,0.984807753012208,0.17364817766693041,0.8660254037844387,-0.4999999999999998,-1.062489299996,1.0447543047654284,80.00000_120.00000,1.0442407,1.8412404,-0.0005135536,-0.0014594793
L0000.ANS,80.0,130.0,8.000085600032,2002/01/00,0,0.04,TOTAL,1.8427,0.11004,microSv/hr,ICRP Pub. 103 EFFECTIVE DOSE,0.984807753012208,0.17364817766693041,0.766044443118978,-0.6427876096865394,-1.062489299996,1.0447543047654284,80.00000_130.00000,1.0438515,1.8401347,-0.00090277195,-0.0025651455
L0000.ANS,80.0,140.0,8.000085600032,2002/01/00,0,0.05,TOTAL,1.8427,0.11004,microSv/hr,ICRP Pub. 103 EFFECTIVE DOSE,0.984807753012208,0.17364817766693041,0.6427876096865395,-0.7660444431189779,-1.062489299996,1.0447543047654284,80.00000_140.00000,1.0423598,1.8359014,-0.0023944378,-0.006798506
L0000.ANS,80.0,150.0,8.000085600032,2002/01/00,0,0.03,TOTAL,1.8427,0.11004,microSv/hr,ICRP Pub. 103 EFFECTIVE DOSE,0.984807753012208,0.17364817766693041,0.49999999999999994,-0.8660254037844387,-1.062489299996,1.0447543047654284,80.00000_150.00000,1.0418468,1.8344467,-0.0029075146,-0.008253217
L0000.ANS,80.0,160.0,8.000085600032,2002/01/00,0,0.02,TOTAL,1.8427,0.11004,microSv/hr,ICRP Pub. 103 EFFECTIVE DOSE,0.984807753012208,0.17364817766693041,0.3420201433256689,-0.9396926207859083,-1.062489299996,1.0447543047654284,80.00000_160.00000,1.043645,1.8395483,-0.0011092424,-0.003151536
L0000.ANS,80.0,170.0,8.000085600032,2002/01/00,0,0.04,TOTAL,1.8427,0.11004,microSv/hr,ICRP Pub. 103 EFFECTIVE DOSE,0.984807753012208,0.17364817766693041,0.17364817766693028,-0.984807753012208,-1.062489299996,1.0447543047654284,80.00000_170.00000,1.0466278,1.8480307,0.0018734932,0.005330801
L0000.ANS,-80.0,-179.99999,9.000134400036,2002/01/00,0,0.0,TOTAL,2.5814,0.15207,microSv/hr,ICRP Pub. 103 EFFECTIVE DOSE,-0.984807753012208,0.17364817766693041,-1.745329251238221e-07,-0.9999999999999848,-0.9374831999955,1.275753785420522,-80.00000_-179.99999,1.2708074,2.5637288,-0.004946351,-0.017671108
L0000.ANS,-80.0,-170.0,9.000134400036,2002/01/00,0,0.03,TOTAL,2.5814,0.15207,microSv/hr,ICRP Pub. 103 EFFECTIVE DOSE,-0.984807753012208,0.17364817766693041,-0.17364817766693028,-0.984807753012208,-0.9374831999955,1.275753785420522,-80.00000_-170.00000,1.2739666,2.5750048,-0.0017871857,-0.0063951015
L0000.ANS,-80.0,-160.0,9.000134400036,2002/01/00,0,0.04,TOTAL,2.5814,0.15207,microSv/hr,ICRP Pub. 103 EFFECTIVE DOSE,-0.984807753012208,0.17364817766693041,-0.3420201433256689,-0.9396926207859083,-0.9374831999955,1.275753785420522,-80.00000_-160.00000,1.2731704,2.5721598,-0.0025833845,-0.00924015
L0000.ANS,-80.0,-150.0,9.000134400036,2002/01/00,0,0.07,TOTAL,2.5814,0.15207,microSv/hr,ICRP Pub. 103 EFFECTIVE DOSE,-0.984807753012208,0.17364817766693041,-0.49999999999999994,-0.8660254037844387,-0.9374831999955,1.275753785420522,-80.00000_-150.00000,1.2774229,2.5873828,0.0016691685,0.005982876
L0000.ANS,-80.0,-140.0,9.000134400036,2002/01/00,0,0.13,TOTAL,2.5814,0.15207,microSv/hr,ICRP Pub. 103 EFFECTIVE DOSE,-0.984807753012208,0.17364817766693041,-0.6427876096865395,-0.7660444431189779,-0.9374831999955,1.275753785420522,-80.00000_-140.00000,1.2683513,2.5549867,-0.00740242,-0.026413202
L0000.ANS,-80.0,-130.0,9.000134400036,2002/01/00,0,0.2,TOTAL,2.5814,0.15207,microSv/hr,ICRP Pub. 103 EFFECTIVE DOSE,-0.984807753012208,0.17364817766693041,-0.766044443118978,-0.6427876096865394,-0.9374831999955,1.275753785420522,-80.00000_-130.00000,1.2685937,2.5558484,-0.0071600676,-0.025551558
L0000.ANS,-80.0,-120.0,9.000134400036,2002/01/00,0,0.27,TOTAL,2.5814,0.15207,microSv/hr,ICRP Pub. 103 EFFECTIVE DOSE,-0.984807753012208,0.17364817766693041,-0.8660254037844387,-0.4999999999999998,-0.9374831999955,1.275753785420522,-80.00000_-120.00000,1.270637,2.5631218,-0.005116701,-0.018278122
L0000.ANS,-80.0,-110.0,9.000134400036,2002/01/00,0,0.33,TOTAL,2.5814,0.15207,microSv/hr,ICRP Pub. 103 EFFECTIVE DOSE,-0.984807753012208,0.17364817766693041,-0.9396926207859084,-0.3420201433256687,-0.9374831999955,1.275753785420522,-80.00000_-110.00000,1.2740877,2.575438,-0.001666069,-0.005961895
L0000.ANS,-80.0,-100.0,9.000134400036,2002/01/00,0,0.36,TOTAL,2.5814,0.15207,microSv/hr,ICRP Pub. 103 EFFECTIVE DOSE,-0.984807753012208,0.17364817766693041,-0.984807753012208,-0.1736481776669303,-0.9374831999955,1.275753785420522,-80.00000_-100.00000,1.2716786,2.5668347,-0.0040751696,-0.014565229
L0000.ANS,-80.0,-90.0,9.000134400036,2002/01/00,0,0.43,TOTAL,2.5814,0.15207,microSv/hr,ICRP Pub. 103 EFFECTIVE DOSE,-0.984807753012208,0.17364817766693041,-1.0,6.123233995736766e-17,-0.9374831999955,1.275753785420522,-80.00000_-90.00000,1.2695765,2.559345,-0.006177187,-0.02205491
L0000.ANS,-80.0,-80.0,9.000134400036,2002/01/00,0,0.45,TOTAL,2.5814,0.15207,microSv/hr,ICRP Pub. 103 EFFECTIVE DOSE,-0.984807753012208,0.17364817766693041,-0.984807753012208,0.17364817766693041,-0.9374831999955,1.275753785420522,-80.00000_-80.00000,1.2691046,2.5576656,-0.0066491365,-0.023734331
L0000.ANS,-80.0,-70.0,9.000134400036,2002/01/00,0,0.5,TOTAL,2.5814,0.15207,microSv/hr,ICRP Pub. 103 EFFECTIVE DOSE,-0.984807753012208,0.17364817766693041,-0.9396926207859083,0.3420201433256688,-0.9374831999955,1.275753785420522,-80.00000_-70.00000,1.2688558,2.5567806,-0.0068979263,-0.02461934
L0000.ANS,-80.0,-60.0,9.000134400036,2002/01/00,0,0.48,TOTAL,2.5814,0.15207,microSv/hr,ICRP Pub. 103 EFFECTIVE DOSE,-0.984807753012208,0.17364817766693041,-0.8660254037844386,0.5000000000000001,-0.9374831999955,1.275753785420522,-80.00000_-60.00000,1.2712461,2.5652924,-0.004507661,-0.01610756
L0000.ANS,-80.0,-50.0,9.000134400036,2002/01/00,0,0.49,TOTAL,2.5814,0.15207,microSv/hr,ICRP Pub. 103 EFFECTIVE DOSE,-0.984807753012208,0.17364817766693041,-0.766044443118978,0.6427876096865394,-0.9374831999955,1.275753785420522,-80.00000_-50.00000,1.2746369,2.577402,-0.0011168718,-0.0039978027
L0000.ANS,-80.0,-40.0,9.000134400036,2002/01/00,0,0.46,TOTAL,2.5814,0.15207,microSv/hr,ICRP Pub. 103 EFFECTIVE DOSE,-0.984807753012208,0.17364817766693041,-0.6427876096865393,0.766044443118978,-0.9374831999955,1.275753785420522,-80.00000_-40.00000,1.2747419,2.5777779,-0.0010118484,-0.003622055
L0000.ANS,-80.0,-30.0,9.000134400036,2002/01/00,0,0.43,TOTAL,2.5814,0.15207,microSv/hr,ICRP Pub. 103 EFFECTIVE DOSE,-0.984807753012208,0.17364817766693041,-0.49999999999999994,0.8660254037844387,-0.9374831999955,1.275753785420522,-80.00000_-30.00000,1.2758968,2.5819123,0.00014305115,0.0005123615
L0000.ANS,-80.0,-20.0,9.000134400036,2002/01/00,0,0.39,TOTAL,2.5814,0.15207,microSv/hr,ICRP Pub. 103 EFFECTIVE DOSE,-0.984807753012208,0.17364817766693041,-0.3420201433256687,0.9396926207859084,-0.9374831999955,1.275753785420522,-80.00000_-20.00000,1.2702806,2.561852,-0.005473137,-0.01954794
L0000.ANS,-80.0,-10.0,9.000134400036,2002/01/00,0,0.34,TOTAL,2.5814,0.15207,microSv/hr,ICRP Pub. 103 EFFECTIVE DOSE,-0.984807753012208,0.17364817766693041,-0.17364817766693033,0.984807753012208,-0.9374831999955,1.275753785420522,-80.00000_-10.00000,1.270337,2.5620527,-0.005416751,-0.01934719
L0000.ANS,-80.0,0.0,9.000134400036,2002/01/00,0,0.29,TOTAL,2.5814,0.15207,microSv/hr,ICRP Pub. 103 EFFECTIVE DOSE,-0.984807753012208,0.17364817766693041,0.0,1.0,-0.9374831999955,1.275753785420522,-80.00000_0.00000,1.2725687,2.5700111,-0.0031850338,-0.011388779
L0000.ANS,-80.0,10.0,9.000134400036,2002/01/00,0,0.26,TOTAL,2.5814,0.15207,microSv/hr,ICRP Pub. 103 EFFECTIVE DOSE,-0.984807753012208,0.17364817766693041,0.17364817766693033,0.984807753012208,-0.9374831999955,1.275753785420522,-80.00000_10.00000,1.2714643,2.5660708,-0.0042893887,-0.015329123
L0000.ANS,-80.0,20.0,9.000134400036,2002/01/00,0,0.2,TOTAL,2.5814,0.15207,microSv/hr,ICRP Pub. 103 EFFECTIVE DOSE,-0.984807753012208,0.17364817766693041,0.3420201433256687,0.9396926207859084,-0.9374831999955,1.275753785420522,-80.00000_20.00000,1.2717998,2.5672672,-0.0039539337,-0.014132738
L0000.ANS,-80.0,30.0,9.000134400036,2002/01/00,0,0.14,TOTAL,2.5814,0.15207,microSv/hr,ICRP Pub. 103 EFFECTIVE DOSE,-0.984807753012208,0.17364817766693041,0.49999999999999994,0.8660254037844387,-0.9374831999955,1.275753785420522,-80.00000_30.00000,1.2707559,2.5635452,-0.0049978495,-0.01785469
L0000.ANS,-80.0,40.0,9.000134400036,2002/01/00,0,0.08,TOTAL,2.5814,0.15207,microSv/hr,ICRP Pub. 103 EFFECTIVE DOSE,-0.984807753012208,0.17364817766693041,0.6427876096865393,0.766044443118978,-0.9374831999955,1.275753785420522,-80.00000_40.00000,1.2690542,2.5574863,-0.006699562,-0.023913622
L0000.ANS,-80.0,50.0,9.000134400036,2002/01/00,0,0.06,TOTAL,2.5814,0.15207,microSv/hr,ICRP Pub. 103 EFFECTIVE DOSE,-0.984807753012208,0.17364817766693041,0.766044443118978,0.6427876096865394,-0.9374831999955,1.275753785420522,-80.00000_50.00000,1.2727511,2.5706623,-0.0030026436,-0.010737658
L0000.ANS,-80.0,60.0,9.000134400036,2002/01/00,0,0.03,TOTAL,2.5814,0.15207,microSv/hr,ICRP Pub. 103 EFFECTIVE DOSE,-0.984807753012208,0.17364817766693041,0.8660254037844386,0.5000000000000001,-0.9374831999955,1.275753785420522,-80.00000_60.00000,1.2740242,2.5752113,-0.0017294884,-0.006188631
L0000.ANS,-80.0,70.0,9.000134400036,2002/01/00,0,0.02,TOTAL,2.5814,0.15207,microSv/hr,ICRP Pub. 103 EFFECTIVE DOSE,-0.984807753012208,0.17364817766693041,0.9396926207859083,0.3420201433256688,-0.9374831999955,1.275753785420522,-80.00000_70.00000,1.2728926,2.5711675,-0.0028611422,-0.010232449
L0000.ANS,-80.0,80.0,9.000134400036,2002/01/00,0,0.0,TOTAL,2.5814,0.15207,microSv/hr,ICRP Pub. 103 EFFECTIVE DOSE,-0.984807753012208,0.17364817766693041,0.984807753012208,0.17364817766693041,-0.9374831999955,1.275753785420522,-80.00000_80.00000,1.2726204,2.5701957,-0.003133297,-0.011204243
L0000.ANS,-80.0,90.0,9.000134400036,2002/01/00,0,0.0,TOTAL,2.5814,0.15207,microSv/hr,ICRP Pub. 103 EFFECTIVE DOSE,-0.984807753012208,0.17364817766693041,1.0,6.123233995736766e-17,-0.9374831999955,1.275753785420522,-80.00000_90.00000,1.2717657,2.5671456,-0.0039880276,-0.014254332
L0000.ANS,-80.0,100.0,9.000134400036,2002/01/00,0,0.0,TOTAL,2.5814,0.15207,microSv/hr,ICRP Pub. 103 EFFECTIVE DOSE,-0.984807753012208,0.17364817766693041,0.984807753012208,-0.1736481776669303,-0.9374831999955,1.275753785420522,-80.00000_100.00000,1.2729306,2.5713034,-0.0028231144,-0.01009655
L0000.ANS,-80.0,110.0,9.000134400036,2002/01/00,0,0.0,TOTAL,2.5814,0.15207,microSv/hr,ICRP Pub. 103 EFFECTIVE DOSE,-0.984807753012208,0.17364817766693041,0.9396926207859084,-0.3420201433256687,-0.9374831999955,1.275753785420522,-80.00000_110.00000,1.2727076,2.570507,-0.003046155,-0.010892868
L0000.ANS,-80.0,120.0,9.000134400036,2002/01/00,0,0.0,TOTAL,2.5814,0.15207,microSv/hr,ICRP Pub. 103 EFFECTIVE DOSE,-0.984807753012208,0.17364817766693041,0.8660254037844387,-0.4999999999999998,-0.9374831999955,1.275753785420522,-80.00000_120.00000,1.2715119,2.5662403,-0.004241824,-0.015159607
L0000.ANS,-80.0,130.0,9.000134400036,2002/01/00,0,0.0,TOTAL,2.5814,0.15207,microSv/hr,ICRP Pub. 103 EFFECTIVE DOSE,-0.984807753012208,0.17364817766693041,0.766044443118978,-0.6427876096865394,-0.9374831999955,1.275753785420522,-80.00000_130.00000,1.2683462,2.5549684,-0.007407546,-0.02643156
L0000.ANS,-80.0,140.0,9.000134400036,2002/01/00,0,0.0,TOTAL,2.5814,0.15207,microSv/hr,ICRP Pub. 103 EFFECTIVE DOSE,-0.984807753012208,0.17364817766693041,0.6427876096865395,-0.7660444431189779,-0.9374831999955,1.275753785420522,-80.00000_140.00000,1.2720759,2.568252,-0.003677845,-0.013147831
L0000.ANS,-80.0,150.0,9.000134400036,2002/01/00,0,0.0,TOTAL,2.5814,0.15207,microSv/hr,ICRP Pub. 103 EFFECTIVE DOSE,-0.984807753012208,0.17364817766693041,0.49999999999999994,-0.8660254037844387,-0.9374831999955,1.275753785420522,-80.00000_150.00000,1.2760718,2.582539,0.00031805038,0.001139164
L0000.ANS,-80.0,160.0,9.000134400036,2002/01/00,0,0.0,TOTAL,2.5814,0.15207,microSv/hr,ICRP Pub. 103 EFFECTIVE DOSE,-0.984807753012208,0.17364817766693041,0.3420201433256689,-0.9396926207859083,-0.9374831999955,1.275753785420522,-80.00000_160.00000,1.2700629,2.5610766,-0.005690813,-0.020323277
L0000.ANS,-80.0,170.0,9.000134400036,2002/01/00,0,0.0,TOTAL,2.5814,0.15207,microSv/hr,ICRP Pub. 103 EFFECTIVE DOSE,-0.984807753012208,0.17364817766693041,0.17364817766693028,-0.984807753012208,-0.9374831999955,1.275753785420522,-80.00000_170.00000,1.2714252,2.5659313,-0.0043284893,-0.015468597
L0000.ANS,-75.0,-179.99999,9.000134400036,2002/01/00,0,0.02,TOTAL,2.5814,0.15207,microSv/hr,ICRP Pub. 103 EFFECTIVE DOSE,-0.9659258262890683,0.25881904510252074,-1.745329251238221e-07,-0.9999999999999848,-0.9374831999955,1.275753785420522,-75.00000_-179.99999,1.2746093,2.5773036,-0.0011444092,-0.0040962696
L0000.ANS,-75.0,-170.0,9.000134400036,2002/01/00,0,0.06,TOTAL,2.5814,0.15207,microSv/hr,ICRP Pub. 103 EFFECTIVE DOSE,-0.9659258262890683,0.25881904510252074,-0.17364817766693028,-0.984807753012208,-0.9374831999955,1.275753785420522,-75.00000_-170.00000,1.2745848,2.5772157,-0.0011689663,-0.004184246
L0000.ANS,-75.0,-160.0,9.000134400036,2002/01/00,0,0.1,TOTAL,2.5814,0.15207,microSv/hr,ICRP Pub. 103 EFFECTIVE DOSE,-0.9659258262890683,0.25881904510252074,-0.3420201433256689,-0.9396926207859083,-0.9374831999955,1.275753785420522,-75.00000_-160.00000,1.2726784,2.5704026,-0.0030753613,-0.010997295
L0000.ANS,-75.0,-150.0,9.000134400036,2002/01/00,0,0.21,TOTAL,2.5814,0.15207,microSv/hr,ICRP Pub. 103 EFFECTIVE DOSE,-0.9659258262890683,0.25881904510252074,-0.49999999999999994,-0.8660254037844387,-0.9374831999955,1.275753785420522,-75.00000_-150.00000,1.2755301,2.580599,-0.00022363663,-0.000800848
L0000.ANS,-75.0,-140.0,9.000134400036,2002/01/00,0,0.28,TOTAL,2.5814,0.15207,microSv/hr,ICRP Pub. 103 EFFECTIVE DOSE,-0.9659258262890683,0.25881904510252074,-0.6427876096865395,-0.7660444431189779,-0.9374831999955,1.275753785420522,-75.00000_-140.00000,1.2770553,2.586064,0.001301527,0.0046641827
L0000.ANS,-75.0,-130.0,9.000134400036,2002/01/00,0,0.4,TOTAL,2.5814,0.15207,microSv/hr,ICRP Pub. 103 EFFECTIVE DOSE,-0.9659258262890683,0.25881904510252074,-0.766044443118978,-0.6427876096865394,-0.9374831999955,1.275753785420522,-75.00000_-130.00000,1.27209,2.5683024,-0.0036637783,-0.013097525
L0000.ANS,-75.0,-120.0,9.000134400036,2002/01/00,0,0.5,TOTAL,2.5814,0.15207,microSv/hr,ICRP Pub. 103 EFFECTIVE DOSE,-0.9659258262890683,0.25881904510252074,-0.8660254037844387,-0.4999999999999998,-0.9374831999955,1.275753785420522,-75.00000_-120.00000,1.2746322,2.5773854,-0.001121521,-0.004014492
L0000.ANS,-75.0,-110.0,9.000134400036,2002/01/00,0,0.62,TOTAL,2.5814,0.15207,microSv/hr,ICRP Pub. 103 EFFECTIVE DOSE,-0.9659258262890683,0.25881904510252074,-0.9396926207859084,-0.3420201433256687,-0.9374831999955,1.275753785420522,-75.00000_-110.00000,1.2734953,2.5733206,-0.00225842,-0.00807929
L0000.ANS,-75.0,-100.0,9.000134400036,2002/01/00,0,0.73,TOTAL,2.5813,0.15207,microSv/hr,ICRP Pub. 103 EFFECTIVE DOSE,-0.9659258262890683,0.25881904510252074,-0.984807753012208,-0.1736481776669303,-0.9374831999955,1.2757258629890351,-75.00000_-100.00000,1.2723138,2.5691013,-0.0034120083,-0.012198687
L0000.ANS,-75.0,-90.0,9.000134400036,2002/01/00,0,0.81,TOTAL,2.5812,0.15207,microSv/hr,ICRP Pub. 103 EFFECTIVE DOSE,-0.9659258262890683,0.25881904510252074,-1.0,6.123233995736766e-17,-0.9374831999955,1.2756979397778638,-75.00000_-90.00000,1.2704058,2.5622978,-0.005292177,-0.018902302
L0000.ANS,-75.0,-80.0,9.000134400036,2002/01/00,0,0.87,TOTAL,2.5811,0.15207,microSv/hr,ICRP Pub. 103 EFFECTIVE DOSE,-0.9659258262890683,0.25881904510252074,-0.984807753012208,0.17364817766693041,-0.9374831999955,1.2756700157869654,-75.00000_-80.00000,1.2678303,2.553135,-0.007839799,-0.027965307
L0000.ANS,-75.0,-70.0,9.000134400036,2002/01/00,0,0.9,TOTAL,2.5811,0.15207,microSv/hr,ICRP Pub. 103 EFFECTIVE DOSE,-0.9659258262890683,0.25881904510252074,-0.9396926207859083,0.3420201433256688,-0.9374831999955,1.2756700157869654,-75.00000_-70.00000,1.2693424,2.5585117,-0.006327629,-0.022588491
L0000.ANS,-75.0,-60.0,9.000134400036,2002/01/00,0,0.93,TOTAL,2.5809,0.15207,microSv/hr,ICRP Pub. 103 EFFECTIVE DOSE,-0.9659258262890683,0.25881904510252074,-0.8660254037844386,0.5000000000000001,-0.9374831999955,1.2756141654658115,-75.00000_-60.00000,1.2708204,2.563775,-0.004793763,-0.017124891
L0000.ANS,-75.0,-50.0,9.000134400036,2002/01/00,0,0.89,TOTAL,2.5811,0.15207,microSv/hr,ICRP Pub. 103 EFFECTIVE DOSE,-0.9659258262890683,0.25881904510252074,-0.766044443118978,0.6427876096865394,-0.9374831999955,1.2756700157869654,-75.00000_-50.00000,1.2751044,2.579075,-0.0005656481,-0.0020251274
L0000.ANS,-75.0,-40.0,9.000134400036,2002/01/00,0,0.82,TOTAL,2.5812,0.15207,microSv/hr,ICRP Pub. 103 EFFECTIVE DOSE,-0.9659258262890683,0.25881904510252074,-0.6427876096865393,0.766044443118978,-0.9374831999955,1.2756979397778638,-75.00000_-40.00000,1.2743646,2.5764282,-0.0013333559,-0.004771948
L0000.ANS,-75.0,-30.0,9.000134400036,2002/01/00,0,0.76,TOTAL,2.5813,0.15207,microSv/hr,ICRP Pub. 103 EFFECTIVE DOSE,-0.9659258262890683,0.25881904510252074,-0.49999999999999994,0.8660254037844387,-0.9374831999955,1.2757258629890351,-75.00000_-30.00000,1.2763621,2.583579,0.00063622,0.0022790432
L0000.ANS,-75.0,-20.0,9.000134400036,2002/01/00,0,0.68,TOTAL,2.5813,0.15207,microSv/hr,ICRP Pub. 103 EFFECTIVE DOSE,-0.9659258262890683,0.25881904510252074,-0.3420201433256687,0.9396926207859084,-0.9374831999955,1.2757258629890351,-75.00000_-20.00000,1.2719419,2.567774,-0.0037839413,-0.013525963
L0000.ANS,-75.0,-10.0,9.000134400036,2002/01/00,0,0.59,TOTAL,2.5814,0.15207,microSv/hr,ICRP Pub. 103 EFFECTIVE DOSE,-0.9659258262890683,0.25881904510252074,-0.17364817766693033,0.984807753012208,-0.9374831999955,1.275753785420522,-75.00000_-10.00000,1.2764366,2.583846,0.0006828308,0.0024461746
L0000.ANS,-75.0,0.0,9.000134400036,2002/01/00,0,0.53,TOTAL,2.5814,0.15207,microSv/hr,ICRP Pub. 103 EFFECTIVE DOSE,-0.9659258262890683,0.25881904510252074,0.0,1.0,-0.9374831999955,1.275753785420522,-75.00000_0.00000,1.2786682,2.5918527,0.0029144287,0.010452747
L0000.ANS,-75.0,10.0,9.000134400036,2002/01/00,0,0.43,TOTAL,2.5814,0.15207,microSv/hr,ICRP Pub. 103 EFFECTIVE DOSE,-0.9659258262890683,0.25881904510252074,0.17364817766693033,0.984807753012208,-0.9374831999955,1.275753785420522,-75.00000_10.00000,1.2775639,2.5878887,0.0018101931,0.0064888
L0000.ANS,-75.0,20.0,9.000134400036,2002/01/00,0,0.34,TOTAL,2.5814,0.15207,microSv/hr,ICRP Pub. 103 EFFECTIVE DOSE,-0.9659258262890683,0.25881904510252074,0.3420201433256687,0.9396926207859084,-0.9374831999955,1.275753785420522,-75.00000_20.00000,1.2738478,2.5745804,-0.0019059181,-0.0068194866
L0000.ANS,-75.0,30.0,9.000134400036,2002/01/00,0,0.26,TOTAL,2.5814,0.15207,microSv/hr,ICRP Pub. 103 EFFECTIVE DOSE,-0.9659258262890683,0.25881904510252074,0.49999999999999994,0.8660254037844387,-0.9374831999955,1.275753785420522,-75.00000_30.00000,1.2752075,2.5794442,-0.00054621696,-0.0019557476
L0000.ANS,-75.0,40.0,9.000134400036,2002/01/00,0,0.19,TOTAL,2.5814,0.15207,microSv/hr,ICRP Pub. 103 EFFECTIVE DOSE,-0.9659258262890683,0.25881904510252074,0.6427876096865393,0.766044443118978,-0.9374831999955,1.275753785420522,-75.00000_40.00000,1.2705331,2.5627513,-0.0052206516,-0.018648624
L0000.ANS,-75.0,50.0,9.000134400036,2002/01/00,0,0.11,TOTAL,2.5814,0.15207,microSv/hr,ICRP Pub. 103 EFFECTIVE DOSE,-0.9659258262890683,0.25881904510252074,0.766044443118978,0.6427876096865394,-0.9374831999955,1.275753785420522,-75.00000_50.00000,1.2745088,2.576944,-0.0012449026,-0.004455805
L0000.ANS,-75.0,60.0,9.000134400036,2002/01/00,0,0.05,TOTAL,2.5814,0.15207,microSv/hr,ICRP Pub. 103 EFFECTIVE DOSE,-0.9659258262890683,0.25881904510252074,0.8660254037844386,0.5000000000000001,-0.9374831999955,1.275753785420522,-75.00000_60.00000,1.2777035,2.5883896,0.0019497871,0.0069897175
L0000.ANS,-75.0,70.0,9.000134400036,2002/01/00,0,0.02,TOTAL,2.5814,0.15207,microSv/hr,ICRP Pub. 103 EFFECTIVE DOSE,-0.9659258262890683,0.25881904510252074,0.9396926207859083,0.3420201433256688,-0.9374831999955,1.275753785420522,-75.00000_70.00000,1.2733343,2.5727453,-0.0024194717,-0.008654594
L0000.ANS,-75.0,80.0,9.000134400036,2002/01/00,0,0.0,TOTAL,2.5814,0.15207,microSv/hr,ICRP Pub. 103 EFFECTIVE DOSE,-0.9659258262890683,0.25881904510252074,0.984807753012208,0.17364817766693041,-0.9374831999955,1.275753785420522,-75.00000_80.00000,1.2774527,2.5874896,0.0016989708,0.0060896873
L0000.ANS,-75.0,90.0,9.000134400036,2002/01/00,0,0.0,TOTAL,2.5814,0.15207,microSv/hr,ICRP Pub. 103 EFFECTIVE DOSE,-0.9659258262890683,0.25881904510252074,1.0,6.123233995736766e-17,-0.9374831999955,1.275753785420522,-75.00000_90.00000,1.2764692,2.5839632,0.00071549416,0.0025632381
L0000.ANS,-75.0,100.0,9.000134400036,2002/01/00,0,0.0,TOTAL,2.5814,0.15207,microSv/hr,ICRP Pub. 103 EFFECTIVE DOSE,-0.9659258262890683,0.25881904510252074,0.984807753012208,-0.1736481776669303,-0.9374831999955,1.275753785420522,-75.00000_100.00000,1.2715836,2.566496,-0.0041701794,-0.014904022
L0000.ANS,-75.0,110.0,9.000134400036,2002/01/00,0,0.0,TOTAL,2.5814,0.15207,microSv/hr,ICRP Pub. 103 EFFECTIVE DOSE,-0.9659258262890683,0.25881904510252074,0.9396926207859084,-0.3420201433256687,-0.9374831999955,1.275753785420522,-75.00000_110.00000,1.2753685,2.5800202,-0.00038528442,-0.0013797283
L0000.ANS,-75.0,120.0,9.000134400036,2002/01/00,0,0.0,TOTAL,2.5814,0.15207,microSv/hr,ICRP Pub. 103 EFFECTIVE DOSE,-0.9659258262890683,0.25881904510252074,0.8660254037844387,-0.4999999999999998,-0.9374831999955,1.275753785420522,-75.00000_120.00000,1.2744989,2.5769086,-0.001254797,-0.004491329
L0000.ANS,-75.0,130.0,9.000134400036,2002/01/00,0,0.0,TOTAL,2.5814,0.15207,microSv/hr,ICRP Pub. 103 EFFECTIVE DOSE,-0.9659258262890683,0.25881904510252074,0.766044443118978,-0.6427876096865394,-0.9374831999955,1.275753785420522,-75.00000_130.00000,1.2727108,2.5705185,-0.0030429363,-0.010881424
L0000.ANS,-75.0,140.0,9.000134400036,2002/01/00,0,0.0,TOTAL,2.5814,0.15207,microSv/hr,ICRP Pub. 103 EFFECTIVE DOSE,-0.9659258262890683,0.25881904510252074,0.6427876096865395,-0.7660444431189779,-0.9374831999955,1.275753785420522,-75.00000_140.00000,1.2799886,2.5965989,0.00423491,0.015198946
L0000.ANS,-75.0,150.0,9.000134400036,2002/01/00,0,0.0,TOTAL,2.5814,0.15207,microSv/hr,ICRP Pub. 103 EFFECTIVE DOSE,-0.9659258262890683,0.25881904510252074,0.49999999999999994,-0.8660254037844387,-0.9374831999955,1.275753785420522,-75.00000_150.00000,1.2693273,2.5584579,-0.0064264536,-0.022942066
L0000.ANS,-75.0,160.0,9.000134400036,2002/01/00,0,0.0,TOTAL,2.5814,0.15207,microSv/hr,ICRP Pub. 103 EFFECTIVE DOSE,-0.9659258262890683,0.25881904510252074,0.3420201433256689,-0.9396926207859083,-0.9374831999955,1.275753785420522,-75.00000_160.00000,1.2763499,2.5835357,0.00059616566,0.0021357536
L0000.ANS,-75.0,170.0,9.000134400036,2002/01/00,0,0.0,TOTAL,2.5814,0.15207,microSv/hr,ICRP Pub. 103 EFFECTIVE DOSE,-0.9659258262890683,0.25881904510252074,0.17364817766693028,-0.984807753012208,-0.9374831999955,1.275753785420522,-75.00000_170.00000,1.2776849,2.5883229,0.0019311905,0.0069229603
L0000.ANS,-70.0,-179.99999,9.000134400036,2002/01/00,0,0.06,TOTAL,2.5814,0.15207,microSv/hr,ICRP Pub. 103 EFFECTIVE DOSE,-0.9396926207859083,0.3420201433256688,-1.745329251238221e-07,-0.9999999999999848,-0.9374831999955,1.275753785420522,-70.00000_-179.99999,1.2741452,2.5756438,-0.001608491,-0.0057561398
L0000.ANS,-70.0,-170.0,9.000134400036,2002/01/00,0,0.15,TOTAL,2.5814,0.15207,microSv/hr,ICRP Pub. 103 EFFECTIVE DOSE,-0.9396926207859083,0.3420201433256688,-0.17364817766693028,-0.984807753012208,-0.9374831999955,1.275753785420522,-70.00000_-170.00000,1.2697875,2.5600963,-0.0059661865,-0.021303654
L0000.ANS,-70.0,-160.0,9.000134400036,2002/01/00,0,0.24,TOTAL,2.5814,0.15207,microSv/hr,ICRP Pub. 103 EFFECTIVE DOSE,-0.9396926207859083,0.3420201433256688,-0.3420201433256689,-0.9396926207859083,-0.9374831999955,1.275753785420522,-70.00000_-160.00000,1.2741396,2.5756238,-0.0016140938,-0.005776167
L0000.ANS,-70.0,-150.0,9.000134400036,2002/01/00,0,0.37,TOTAL,2.5814,0.15207,microSv/hr,ICRP Pub. 103 EFFECTIVE DOSE,-0.9396926207859083,0.3420201433256688,-0.49999999999999994,-0.8660254037844387,-0.9374831999955,1.275753785420522,-70.00000_-150.00000,1.2743839,2.5764973,-0.001369834,-0.0049026012
L0000.ANS,-70.0,-140.0,9.000134400036,2002/01/00,0,0.53,TOTAL,2.5814,0.15207,microSv/hr,ICRP Pub. 103 EFFECTIVE DOSE,-0.9396926207859083,0.3420201433256688,-0.6427876096865395,-0.7660444431189779,-0.9374831999955,1.275753785420522,-70.00000_-140.00000,1.2776362,2.5881479,0.0018824339,0.006747961
L0000.ANS,-70.0,-130.0,9.000134400036,2002/01/00,0,0.71,TOTAL,2.5813,0.15207,microSv/hr,ICRP Pub. 103 EFFECTIVE DOSE,-0.9396926207859083,0.3420201433256688,-0.766044443118978,-0.6427876096865394,-0.9374831999955,1.2757258629890351,-70.00000_-130.00000,1.2754266,2.5802286,-0.00029921532,-0.0010714531
L0000.ANS,-70.0,-120.0,9.000134400036,2002/01/00,0,0.89,TOTAL,2.5811,0.15207,microSv/hr,ICRP Pub. 103 EFFECTIVE DOSE,-0.9396926207859083,0.3420201433256688,-0.8660254037844387,-0.4999999999999998,-0.9374831999955,1.2756700157869654,-70.00000_-120.00000,1.2734323,2.5730953,-0.0022377968,-0.008004904
L0000.ANS,-70.0,-110.0,9.000134400036,2002/01/00,0,1.09,TOTAL,2.5797,0.15207,microSv/hr,ICRP Pub. 103 EFFECTIVE DOSE,-0.9396926207859083,0.3420201433256688,-0.9396926207859084,-0.3420201433256687,-0.9374831999955,1.2752789980186048,-70.00000_-110.00000,1.267584,2.55226,-0.007695079,-0.02744031
L0000.ANS,-70.0,-100.0,9.000134400036,2002/01/00,0,1.28,TOTAL,2.5764,0.15207,microSv/hr,ICRP Pub. 103 EFFECTIVE DOSE,-0.9396926207859083,0.3420201433256688,-0.984807753012208,-0.1736481776669303,-0.9374831999955,1.2743567078790259,-70.00000_-100.00000,1.2669843,2.5501304,-0.0073723793,-0.026269674
L0000.ANS,-70.0,-90.0,9.000134400036,2002/01/00,0,1.42,TOTAL,2.5718,0.15205,microSv/hr,ICRP Pub. 103 EFFECTIVE DOSE,-0.9396926207859083,0.3420201433256688,-1.0,6.123233995736766e-17,-0.9374831999955,1.2730696704052624,-70.00000_-90.00000,1.2658275,2.546026,-0.0072420835,-0.025773764
L0000.ANS,-70.0,-80.0,9.000134400036,2002/01/00,0,1.53,TOTAL,2.5663,0.15201,microSv/hr,ICRP Pub. 103 EFFECTIVE DOSE,-0.9396926207859083,0.3420201433256688,-0.984807753012208,0.17364817766693041,-0.9374831999955,1.2715286437767666,-70.00000_-80.00000,1.2623084,2.5335689,-0.0092202425,-0.032731056
L0000.ANS,-70.0,-70.0,9.000134400036,2002/01/00,0,1.53,TOTAL,2.5663,0.15201,microSv/hr,ICRP Pub. 103 EFFECTIVE DOSE,-0.9396926207859083,0.3420201433256688,-0.9396926207859083,0.3420201433256688,-0.9374831999955,1.2715286437767666,-70.00000_-70.00000,1.2652969,2.5441449,-0.0062316656,-0.022155046
L0000.ANS,-70.0,-60.0,9.000134400036,2002/01/00,0,1.55,TOTAL,2.5654,0.15201,microSv/hr,ICRP Pub. 103 EFFECTIVE DOSE,-0.9396926207859083,0.3420201433256688,-0.8660254037844386,0.5000000000000001,-0.9374831999955,1.271276249535624,-70.00000_-60.00000,1.2667748,2.5493865,-0.004501462,-0.016013384
L0000.ANS,-70.0,-50.0,9.000134400036,2002/01/00,0,1.42,TOTAL,2.5716,0.15205,microSv/hr,ICRP Pub. 103 EFFECTIVE DOSE,-0.9396926207859083,0.3420201433256688,-0.766044443118978,0.6427876096865394,-0.9374831999955,1.2730136746609244,-70.00000_-50.00000,1.2682369,2.5545797,-0.0047768354,-0.017020464
L0000.ANS,-70.0,-40.0,9.000134400036,2002/01/00,0,1.35,TOTAL,2.5743,0.15206,microSv/hr,ICRP Pub. 103 EFFECTIVE DOSE,-0.9396926207859083,0.3420201433256688,-0.6427876096865393,0.766044443118978,-0.9374831999955,1.2737693527780225,-70.00000_-40.00000,1.2697961,2.5601268,-0.0039732456,-0.014173269
L0000.ANS,-70.0,-30.0,9.000134400036,2002/01/00,0,1.23,TOTAL,2.5776,0.15207,microSv/hr,ICRP Pub. 103 EFFECTIVE DOSE,-0.9396926207859083,0.3420201433256688,-0.49999999999999994,0.8660254037844387,-0.9374831999955,1.2746921845385883,-70.00000_-30.00000,1.2735167,2.573397,-0.0011755228,-0.004203081
L0000.ANS,-70.0,-20.0,9.000134400036,2002/01/00,0,1.06,TOTAL,2.5801,0.15207,microSv/hr,ICRP Pub. 103 EFFECTIVE DOSE,-0.9396926207859083,0.3420201433256688,-0.3420201433256687,0.9396926207859084,-0.9374831999955,1.275390732983385,-70.00000_-20.00000,1.2717792,2.5671935,-0.0036115646,-0.012906551
L0000.ANS,-70.0,-10.0,9.000134400036,2002/01/00,0,0.92,TOTAL,2.581,0.15207,microSv/hr,ICRP Pub. 103 EFFECTIVE DOSE,-0.9396926207859083,0.3420201433256688,-0.17364817766693033,0.984807753012208,-0.9374831999955,1.2756420910162956,-70.00000_-10.00000,1.275471,2.5803874,-0.00017106533,-0.00061249733
L0000.ANS,-70.0,0.0,9.000134400036,2002/01/00,0,0.79,TOTAL,2.5813,0.15207,microSv/hr,ICRP Pub. 103 EFFECTIVE DOSE,-0.9396926207859083,0.3420201433256688,0.0,1.0,-0.9374831999955,1.2757258629890351,-70.00000_0.00000,1.2777026,2.588386,0.0019767284,0.0070860386
L0000.ANS,-70.0,10.0,9.000134400036,2002/01/00,0,0.67,TOTAL,2.5813,0.15207,microSv/hr,ICRP Pub. 103 EFFECTIVE DOSE,-0.9396926207859083,0.3420201433256688,0.17364817766693033,0.984807753012208,-0.9374831999955,1.2757258629890351,-70.00000_10.00000,1.2765982,2.5844254,0.0008723736,0.0031254292
L0000.ANS,-70.0,20.0,9.000134400036,2002/01/00,0,0.55,TOTAL,2.5814,0.15207,microSv/hr,ICRP Pub. 103 EFFECTIVE DOSE,-0.9396926207859083,0.3420201433256688,0.3420201433256687,0.9396926207859084,-0.9374831999955,1.275753785420522,-70.00000_20.00000,1.2734194,2.5730493,-0.0023343563,-0.008350611
L0000.ANS,-70.0,30.0,9.000134400036,2002/01/00,0,0.44,TOTAL,2.5814,0.15207,microSv/hr,ICRP Pub. 103 EFFECTIVE DOSE,-0.9396926207859083,0.3420201433256688,0.49999999999999994,0.8660254037844387,-0.9374831999955,1.275753785420522,-70.00000_30.00000,1.2747225,2.5777082,-0.0010312796,-0.0036916733
L0000.ANS,-70.0,40.0,9.000134400036,2002/01/00,0,0.34,TOTAL,2.5814,0.15207,microSv/hr,ICRP Pub. 103 EFFECTIVE DOSE,-0.9396926207859083,0.3420201433256688,0.6427876096865393,0.766044443118978,-0.9374831999955,1.275753785420522,-70.00000_40.00000,1.2698829,2.5604358,-0.005870819,-0.020964146
L0000.ANS,-70.0,50.0,9.000134400036,2002/01/00,0,0.22,TOTAL,2.5814,0.15207,microSv/hr,ICRP Pub. 103 EFFECTIVE DOSE,-0.9396926207859083,0.3420201433256688,0.766044443118978,0.6427876096865394,-0.9374831999955,1.275753785420522,-70.00000_50.00000,1.2716401,2.5666974,-0.004113674,-0.0147025585
L0000.ANS,-70.0,60.0,9.000134400036,2002/01/00,0,0.13,TOTAL,2.5814,0.15207,microSv/hr,ICRP Pub. 103 EFFECTIVE DOSE,-0.9396926207859083,0.3420201433256688,0.8660254037844386,0.5000000000000001,-0.9374831999955,1.275753785420522,-70.00000_60.00000,1.2726898,2.5704436,-0.0030639172,-0.010956287
L0000.ANS,-70.0,70.0,9.000134400036,2002/01/00,0,0.06,TOTAL,2.5814,0.15207,microSv/hr,ICRP Pub. 103 EFFECTIVE DOSE,-0.9396926207859083,0.3420201433256688,0.9396926207859083,0.3420201433256688,-0.9374831999955,1.275753785420522,-70.00000_70.00000,1.2723362,2.5691814,-0.003417492,-0.012218475
L0000.ANS,-70.0,80.0,9.000134400036,2002/01/00,0,0.02,TOTAL,2.5814,0.15207,microSv/hr,ICRP Pub. 103 EFFECTIVE DOSE,-0.9396926207859083,0.3420201433256688,0.984807753012208,0.17364817766693041,-0.9374831999955,1.275753785420522,-70.00000_80.00000,1.2794411,2.5946302,0.0036873817,0.013230324
L0000.ANS,-70.0,90.0,9.000134400036,2002/01/00,0,0.0,TOTAL,2.5814,0.15207,microSv/hr,ICRP Pub. 103 EFFECTIVE DOSE,-0.9396926207859083,0.3420201433256688,1.0,6.123233995736766e-17,-0.9374831999955,1.275753785420522,-70.00000_90.00000,1.2783415,2.5906796,0.0025877953,0.009279728
L0000.ANS,-70.0,100.0,9.000134400036,2002/01/00,0,0.0,TOTAL,2.5814,0.15207,microSv/hr,ICRP Pub. 103 EFFECTIVE DOSE,-0.9396926207859083,0.3420201433256688,0.984807753012208,-0.1736481776669303,-0.9374831999955,1.275753785420522,-70.00000_100.00000,1.2676758,2.5525858,-0.008077979,-0.028814077
L0000.ANS,-70.0,110.0,9.000134400036,2002/01/00,0,0.0,TOTAL,2.5814,0.15207,microSv/hr,ICRP Pub. 103 EFFECTIVE DOSE,-0.9396926207859083,0.3420201433256688,0.9396926207859084,-0.3420201433256687,-0.9374831999955,1.275753785420522,-70.00000_110.00000,1.2758071,2.5815911,5.340576e-05,0.0001912117
L0000.ANS,-70.0,120.0,9.000134400036,2002/01/00,0,0.0,TOTAL,2.5814,0.15207,microSv/hr,ICRP Pub. 103 EFFECTIVE DOSE,-0.9396926207859083,0.3420201433256688,0.8660254037844387,-0.4999999999999998,-0.9374831999955,1.275753785420522,-70.00000_120.00000,1.274988,2.5786586,-0.00076568127,-0.0027413368
L0000.ANS,-70.0,130.0,9.000134400036,2002/01/00,0,0.0,TOTAL,2.5814,0.15207,microSv/hr,ICRP Pub. 103 EFFECTIVE DOSE,-0.9396926207859083,0.3420201433256688,0.766044443118978,-0.6427876096865394,-0.9374831999955,1.275753785420522,-70.00000_130.00000,1.2748244,2.578073,-0.0009293556,-0.0033268929
L0000.ANS,-70.0,140.0,9.000134400036,2002/01/00,0,0.0,TOTAL,2.5814,0.15207,microSv/hr,ICRP Pub. 103 EFFECTIVE DOSE,-0.9396926207859083,0.3420201433256688,0.6427876096865395,-0.7660444431189779,-0.9374831999955,1.275753785420522,-70.00000_140.00000,1.2757626,2.5814314,8.821487e-06,3.1471252e-05
L0000.ANS,-70.0,150.0,9.000134400036,2002/01/00,0,0.0,TOTAL,2.5814,0.15207,microSv/hr,ICRP Pub. 103 EFFECTIVE DOSE,-0.9396926207859083,0.3420201433256688,0.49999999999999994,-0.8660254037844387,-0.9374831999955,1.275753785420522,-70.00000_150.00000,1.2743856,2.5765033,-0.001368165,-0.004896641
L0000.ANS,-70.0,160.0,9.000134400036,2002/01/00,0,0.0,TOTAL,2.5814,0.15207,microSv/hr,ICRP Pub. 103 EFFECTIVE DOSE,-0.9396926207859083,0.3420201433256688,0.3420201433256689,-0.9396926207859083,-0.9374831999955,1.275753785420522,-70.00000_160.00000,1.2780342,2.5895765,0.0022804737,0.008176565
L0000.ANS,-70.0,170.0,9.000134400036,2002/01/00,0,0.03,TOTAL,2.5814,0.15207,microSv/hr,ICRP Pub. 103 EFFECTIVE DOSE,-0.9396926207859083,0.3420201433256688,0.17364817766693028,-0.984807753012208,-0.9374831999955,1.275753785420522,-70.00000_170.00000,1.2789371,2.592819,0.0031833649,0.011419058
L0000.ANS,-65.0,-179.99999,9.000134400036,2002/01/00,0,0.22,TOTAL,2.5814,0.15207,microSv/hr,ICRP Pub. 103 EFFECTIVE DOSE,-0.9063077870366499,0.42261826174069944,-1.745329251238221e-07,-0.9999999999999848,-0.9374831999955,1.275753785420522,-65.00000_-179.99999,1.2731048,2.5719254,-0.0026489496,-0.009474516
L0000.ANS,-65.0,-170.0,9.000134400036,2002/01/00,0,0.34,TOTAL,2.5814,0.15207,microSv/hr,ICRP Pub. 103 EFFECTIVE DOSE,-0.9063077870366499,0.42261826174069944,-0.17364817766693028,-0.984807753012208,-0.9374831999955,1.275753785420522,-65.00000_-170.00000,1.273732,2.5741663,-0.0020217896,-0.0072336197
L0000.ANS,-65.0,-160.0,9.000134400036,2002/01/00,0,0.5,TOTAL,2.5814,0.15207,microSv/hr,ICRP Pub. 103 EFFECTIVE DOSE,-0.9063077870366499,0.42261826174069944,-0.3420201433256689,-0.9396926207859083,-0.9374831999955,1.275753785420522,-65.00000_-160.00000,1.2757066,2.581231,-4.708767e-05,-0.00016880035
L0000.ANS,-65.0,-150.0,9.000134400036,2002/01/00,0,0.71,TOTAL,2.5813,0.15207,microSv/hr,ICRP Pub. 103 EFFECTIVE DOSE,-0.9063077870366499,0.42261826174069944,-0.49999999999999994,-0.8660254037844387,-0.9374831999955,1.2757258629890351,-65.00000_-150.00000,1.2726593,2.5703344,-0.0030665398,-0.010965586
L0000.ANS,-65.0,-140.0,9.000134400036,2002/01/00,0,0.92,TOTAL,2.581,0.15207,microSv/hr,ICRP Pub. 103 EFFECTIVE DOSE,-0.9063077870366499,0.42261826174069944,-0.6427876096865395,-0.7660444431189779,-0.9374831999955,1.2756420910162956,-65.00000_-140.00000,1.2758882,2.5818815,0.00024616718,0.0008816719
L0000.ANS,-65.0,-130.0,9.000134400036,2002/01/00,0,1.13,TOTAL,2.5793,0.15207,microSv/hr,ICRP Pub. 103 EFFECTIVE DOSE,-0.9063077870366499,0.42261826174069944,-0.766044443118978,-0.6427876096865394,-0.9374831999955,1.2751672505677272,-65.00000_-130.00000,1.2682066,2.5544722,-0.0069606304,-0.024827719
L0000.ANS,-65.0,-120.0,9.000134400036,2002/01/00,0,1.5,TOTAL,2.5684,0.15203,microSv/hr,ICRP Pub. 103 EFFECTIVE DOSE,-0.9063077870366499,0.42261826174069944,-0.8660254037844387,-0.4999999999999998,-0.9374831999955,1.2721173160574915,-65.00000_-120.00000,1.2664692,2.5483022,-0.005648017,-0.020097733
L0000.ANS,-65.0,-110.0,9.000134400036,2002/01/00,0,1.79,TOTAL,2.5492,0.15188,microSv/hr,ICRP Pub. 103 EFFECTIVE DOSE,-0.9063077870366499,0.42261826174069944,-0.9396926207859084,-0.3420201433256687,-0.9374831999955,1.2667222259790456,-65.00000_-110.00000,1.2574475,2.5164342,-0.009274721,-0.032765627
L0000.ANS,-65.0,-100.0,9.000134400036,2002/01/00,0,2.02,TOTAL,2.5264,0.15152,microSv/hr,ICRP Pub. 103 EFFECTIVE DOSE,-0.9063077870366499,0.42261826174069944,-0.984807753012208,-0.1736481776669303,-0.9374831999955,1.2602775205364036,-65.00000_-100.00000,1.2552817,2.5088267,-0.004995823,-0.017573357
L0000.ANS,-65.0,-90.0,9.000134400036,2002/01/00,0,2.31,TOTAL,2.4925,0.15087,microSv/hr,ICRP Pub. 103 EFFECTIVE DOSE,-0.9063077870366499,0.42261826174069944,-1.0,6.123233995736766e-17,-0.9374831999955,1.25061781214898,-65.00000_-90.00000,1.2499578,2.4901958,-0.00066006184,-0.002304554
L0000.ANS,-65.0,-80.0,9.000134400036,2002/01/00,0,2.4,TOTAL,2.4802,0.15074,microSv/hr,ICRP Pub. 103 EFFECTIVE DOSE,-0.9063077870366499,0.42261826174069944,-0.984807753012208,0.17364817766693041,-0.9374831999955,1.247089763399341,-65.00000_-80.00000,1.2431267,2.4664352,-0.0039629936,-0.01376462
L0000.ANS,-65.0,-70.0,9.000134400036,2002/01/00,0,2.42,TOTAL,2.4782,0.15065,microSv/hr,ICRP Pub. 103 EFFECTIVE DOSE,-0.9063077870366499,0.42261826174069944,-0.9396926207859083,0.3420201433256688,-0.9374831999955,1.2465149185916051,-65.00000_-70.00000,1.2447497,2.4720654,-0.0017652512,-0.00613451
L0000.ANS,-65.0,-60.0,9.000134400036,2002/01/00,0,2.36,TOTAL,2.4862,0.15081,microSv/hr,ICRP Pub. 103 EFFECTIVE DOSE,-0.9063077870366499,0.42261826174069944,-0.8660254037844386,0.5000000000000001,-0.9374831999955,1.2488123177986281,-65.00000_-60.00000,1.250428,2.491837,0.0016156435,0.005637169
L0000.ANS,-65.0,-50.0,9.000134400036,2002/01/00,0,2.16,TOTAL,2.5106,0.15135,microSv/hr,ICRP Pub. 103 EFFECTIVE DOSE,-0.9063077870366499,0.42261826174069944,-0.766044443118978,0.6427876096865394,-0.9374831999955,1.2557869630401084,-65.00000_-50.00000,1.2573099,2.5159504,0.0015228987,0.0053503513
L0000.ANS,-65.0,-40.0,9.000134400036,2002/01/00,0,1.98,TOTAL,2.5312,0.15164,microSv/hr,ICRP Pub. 103 EFFECTIVE DOSE,-0.9063077870366499,0.42261826174069944,-0.6427876096865393,0.766044443118978,-0.9374831999955,1.261637756520335,-65.00000_-40.00000,1.2619975,2.5324705,0.00035965443,0.0012702942
L0000.ANS,-65.0,-30.0,9.000134400036,2002/01/00,0,1.74,TOTAL,2.5529,0.1519,microSv/hr,ICRP Pub. 103 EFFECTIVE DOSE,-0.9063077870366499,0.42261826174069944,-0.49999999999999994,0.8660254037844387,-0.9374831999955,1.267764171413422,-65.00000_-30.00000,1.2667317,2.5492337,-0.0010324717,-0.003666401
L0000.ANS,-65.0,-20.0,9.000134400036,2002/01/00,0,1.51,TOTAL,2.5674,0.15202,microSv/hr,ICRP Pub. 103 EFFECTIVE DOSE,-0.9063077870366499,0.42261826174069944,-0.3420201433256687,0.9396926207859084,-0.9374831999955,1.271837039142066,-65.00000_-20.00000,1.2693856,2.5586653,-0.0024514198,-0.008734703
L0000.ANS,-65.0,-10.0,9.000134400036,2002/01/00,0,1.32,TOTAL,2.5753,0.15206,microSv/hr,ICRP Pub. 103 EFFECTIVE DOSE,-0.9063077870366499,0.42261826174069944,-0.17364817766693033,0.984807753012208,-0.9374831999955,1.2740490887091294,-65.00000_-10.00000,1.2718024,2.5672765,-0.0022466183,-0.008023262
L0000.ANS,-65.0,0.0,9.000134400036,2002/01/00,0,1.12,TOTAL,2.5794,0.15207,microSv/hr,ICRP Pub. 103 EFFECTIVE DOSE,-0.9063077870366499,0.42261826174069944,0.0,1.0,-0.9374831999955,1.275195188601171,-65.00000_0.00000,1.2696793,2.5597107,-0.005515933,-0.019689322
L0000.ANS,-65.0,10.0,9.000134400036,2002/01/00,0,0.99,TOTAL,2.5806,0.15207,microSv/hr,ICRP Pub. 103 EFFECTIVE DOSE,-0.9063077870366499,0.42261826174069944,0.17364817766693033,0.984807753012208,-0.9374831999955,1.2755303841350356,-65.00000_10.00000,1.2731521,2.5720944,-0.0023782253,-0.008505344
L0000.ANS,-65.0,20.0,9.000134400036,2002/01/00,0,0.82,TOTAL,2.5812,0.15207,microSv/hr,ICRP Pub. 103 EFFECTIVE DOSE,-0.9063077870366499,0.42261826174069944,0.3420201433256687,0.9396926207859084,-0.9374831999955,1.2756979397778638,-65.00000_20.00000,1.2738643,2.5746393,-0.0018336773,-0.0065608025
L0000.ANS,-65.0,30.0,9.000134400036,2002/01/00,0,0.67,TOTAL,2.5813,0.15207,microSv/hr,ICRP Pub. 103 EFFECTIVE DOSE,-0.9063077870366499,0.42261826174069944,0.49999999999999994,0.8660254037844387,-0.9374831999955,1.2757258629890351,-65.00000_30.00000,1.2746489,2.5774453,-0.0010769367,-0.0038547516
L0000.ANS,-65.0,40.0,9.000134400036,2002/01/00,0,0.51,TOTAL,2.5814,0.15207,microSv/hr,ICRP Pub. 103 EFFECTIVE DOSE,-0.9063077870366499,0.42261826174069944,0.6427876096865393,0.766044443118978,-0.9374831999955,1.275753785420522,-65.00000_40.00000,1.2747909,2.577953,-0.00096285343,-0.0034468174
L0000.ANS,-65.0,50.0,9.000134400036,2002/01/00,0,0.39,TOTAL,2.5814,0.15207,microSv/hr,ICRP Pub. 103 EFFECTIVE DOSE,-0.9063077870366499,0.42261826174069944,0.766044443118978,0.6427876096865394,-0.9374831999955,1.275753785420522,-65.00000_50.00000,1.2753166,2.5798345,-0.00043714046,-0.0015654564
L0000.ANS,-65.0,60.0,9.000134400036,2002/01/00,0,0.28,TOTAL,2.5814,0.15207,microSv/hr,ICRP Pub. 103 EFFECTIVE DOSE,-0.9063077870366499,0.42261826174069944,0.8660254037844386,0.5000000000000001,-0.9374831999955,1.275753785420522,-65.00000_60.00000,1.2756094,2.5808828,-0.00014436245,-0.0005171299
L0000.ANS,-65.0,70.0,9.000134400036,2002/01/00,0,0.18,TOTAL,2.5814,0.15207,microSv/hr,ICRP Pub. 103 EFFECTIVE DOSE,-0.9063077870366499,0.42261826174069944,0.9396926207859083,0.3420201433256688,-0.9374831999955,1.275753785420522,-65.00000_70.00000,1.2708662,2.5639381,-0.004887581,-0.017461777
L0000.ANS,-65.0,80.0,9.000134400036,2002/01/00,0,0.06,TOTAL,2.5814,0.15207,microSv/hr,ICRP Pub. 103 EFFECTIVE DOSE,-0.9063077870366499,0.42261826174069944,0.984807753012208,0.17364817766693041,-0.9374831999955,1.275753785420522,-65.00000_80.00000,1.2763171,2.5834181,0.0005633831,0.0020182133
L0000.ANS,-65.0,90.0,9.000134400036,2002/01/00,0,0.03,TOTAL,2.5814,0.15207,microSv/hr,ICRP Pub. 103 EFFECTIVE DOSE,-0.9063077870366499,0.42261826174069944,1.0,6.123233995736766e-17,-0.9374831999955,1.275753785420522,-65.00000_90.00000,1.2781895,2.5901341,0.0024358034,0.008734226
L0000.ANS,-65.0,100.0,9.000134400036,2002/01/00,0,0.0,TOTAL,2.5814,0.15207,microSv/hr,ICRP Pub. 103 EFFECTIVE DOSE,-0.9063077870366499,0.42261826174069944,0.984807753012208,-0.1736481776669303,-0.9374831999955,1.275753785420522,-65.00000_100.00000,1.2708225,2.5637827,-0.0049312115,-0.017617226
L0000.ANS,-65.0,110.0,9.000134400036,2002/01/00,0,0.0,TOTAL,2.5814,0.15207,microSv/hr,ICRP Pub. 103 EFFECTIVE DOSE,-0.9063077870366499,0.42261826174069944,0.9396926207859084,-0.3420201433256687,-0.9374831999955,1.275753785420522,-65.00000_110.00000,1.2739304,2.5748758,-0.0018233061,-0.006524086
L0000.ANS,-65.0,120.0,9.000134400036,2002/01/00,0,0.0,TOTAL,2.5814,0.15207,microSv/hr,ICRP Pub. 103 EFFECTIVE DOSE,-0.9063077870366499,0.42261826174069944,0.8660254037844387,-0.4999999999999998,-0.9374831999955,1.275753785420522,-65.00000_120.00000,1.2742106,2.5758774,-0.0015431643,-0.0055224895
L0000.ANS,-65.0,130.0,9.000134400036,2002/01/00,0,0.0,TOTAL,2.5814,0.15207,microSv/hr,ICRP Pub. 103 EFFECTIVE DOSE,-0.9063077870366499,0.42261826174069944,0.766044443118978,-0.6427876096865394,-0.9374831999955,1.275753785420522,-65.00000_130.00000,1.2748233,2.5780692,-0.0009304285,-0.0033307076
L0000.ANS,-65.0,140.0,9.000134400036,2002/01/00,0,0.0,TOTAL,2.5814,0.15207,microSv/hr,ICRP Pub. 103 EFFECTIVE DOSE,-0.9063077870366499,0.42261826174069944,0.6427876096865395,-0.7660444431189779,-0.9374831999955,1.275753785420522,-65.00000_140.00000,1.2711494,2.5649478,-0.0046043396,-0.016452074
L0000.ANS,-65.0,150.0,9.000134400036,2002/01/00,0,0.02,TOTAL,2.5814,0.15207,microSv/hr,ICRP Pub. 103 EFFECTIVE DOSE,-0.9063077870366499,0.42261826174069944,0.49999999999999994,-0.8660254037844387,-0.9374831999955,1.275753785420522,-65.00000_150.00000,1.2784085,2.5909204,0.0026547909,0.009520531
L0000.ANS,-65.0,160.0,9.000134400036,2002/01/00,0,0.04,TOTAL,2.5814,0.15207,microSv/hr,ICRP Pub. 103 EFFECTIVE DOSE,-0.9063077870366499,0.42261826174069944,0.3420201433256689,-0.9396926207859083,-0.9374831999955,1.275753785420522,-65.00000_160.00000,1.2778475,2.5889063,0.002093792,0.0075063705
L0000.ANS,-65.0,170.0,9.000134400036,2002/01/00,0,0.09,TOTAL,2.5814,0.15207,microSv/hr,ICRP Pub. 103 EFFECTIVE DOSE,-0.9063077870366499,0.42261826174069944,0.17364817766693028,-0.984807753012208,-0.9374831999955,1.275753785420522,-65.00000_170.00000,1.2728634,2.5710633,-0.0028903484,-0.0103366375
L0000.ANS,-60.0,-179.99999,9.000134400036,2002/01/00,0,0.47,TOTAL,2.5814,0.15207,microSv/hr,ICRP Pub. 103 EFFECTIVE DOSE,-0.8660254037844386,0.5000000000000001,-1.745329251238221e-07,-0.9999999999999848,-0.9374831999955,1.275753785420522,-60.00000_-179.99999,1.2754569,2.5803368,-0.00029683113,-0.0010631084
L0000.ANS,-60.0,-170.0,9.000134400036,2002/01/00,0,0.66,TOTAL,2.5813,0.15207,microSv/hr,ICRP Pub. 103 EFFECTIVE DOSE,-0.8660254037844386,0.5000000000000001,-0.17364817766693028,-0.984807753012208,-0.9374831999955,1.2757258629890351,-60.00000_-170.00000,1.276084,2.5825827,0.0003581047,0.001282692
L0000.ANS,-60.0,-160.0,9.000134400036,2002/01/00,0,0.89,TOTAL,2.5811,0.15207,microSv/hr,ICRP Pub. 103 EFFECTIVE DOSE,-0.8660254037844386,0.5000000000000001,-0.3420201433256689,-0.9396926207859083,-0.9374831999955,1.2756700157869654,-60.00000_-160.00000,1.2727015,2.570485,-0.0029685497,-0.01061511
L0000.ANS,-60.0,-150.0,9.000134400036,2002/01/00,0,1.18,TOTAL,2.5785,0.15207,microSv/hr,ICRP Pub. 103 EFFECTIVE DOSE,-0.8660254037844386,0.5000000000000001,-0.49999999999999994,-0.8660254037844387,-0.9374831999955,1.274943718196515,-60.00000_-150.00000,1.2696542,2.5596213,-0.0052895546,-0.018878698
L0000.ANS,-60.0,-140.0,9.000134400036,2002/01/00,0,1.53,TOTAL,2.5666,0.15202,microSv/hr,ICRP Pub. 103 EFFECTIVE DOSE,-0.8660254037844386,0.5000000000000001,-0.6427876096865395,-0.7660444431189779,-0.9374831999955,1.271612761036276,-60.00000_-140.00000,1.2686967,2.5562146,-0.0029160976,-0.010385513
L0000.ANS,-60.0,-130.0,9.000134400036,2002/01/00,0,1.9,TOTAL,2.5389,0.15172,microSv/hr,ICRP Pub. 103 EFFECTIVE DOSE,-0.8660254037844386,0.5000000000000001,-0.766044443118978,-0.6427876096865394,-0.9374831999955,1.2638159443944494,-60.00000_-130.00000,1.260511,2.5272236,-0.0033049583,-0.01167655
L0000.ANS,-60.0,-120.0,9.000134400036,2002/01/00,0,2.26,TOTAL,2.4986,0.15099,microSv/hr,ICRP Pub. 103 EFFECTIVE DOSE,-0.8660254037844386,0.5000000000000001,-0.8660254037844387,-0.4999999999999998,-0.9374831999955,1.2523628884740283,-60.00000_-120.00000,1.2442591,2.4703627,-0.008103728,-0.028237104
L0000.ANS,-60.0,-110.0,9.000134400036,2002/01/00,0,2.68,TOTAL,2.4397,0.14969,microSv/hr,ICRP Pub. 103 EFFECTIVE DOSE,-0.8660254037844386,0.5000000000000001,-0.9396926207859084,-0.3420201433256687,-0.9374831999955,1.2353842582800292,-60.00000_-110.00000,1.2274512,2.4125206,-0.007933021,-0.027179241
L0000.ANS,-60.0,-100.0,9.000134400036,2002/01/00,0,3.05,TOTAL,2.3816,0.14777,microSv/hr,ICRP Pub. 103 EFFECTIVE DOSE,-0.8660254037844386,0.5000000000000001,-0.984807753012208,-0.1736481776669303,-0.9374831999955,1.218348970270443,-60.00000_-100.00000,1.215095,2.3706145,-0.0032539368,-0.010985374
L0000.ANS,-60.0,-90.0,9.000134400036,2002/01/00,0,3.53,TOTAL,2.3014,0.14486,microSv/hr,ICRP Pub. 103 EFFECTIVE DOSE,-0.8660254037844386,0.5000000000000001,-1.0,6.123233995736766e-17,-0.9374831999955,1.1943466209313036,-60.00000_-90.00000,1.201372,2.3246753,0.007025361,0.023275137
L0000.ANS,-60.0,-80.0,9.000134400036,2002/01/00,0,3.67,TOTAL,2.2766,0.14447,microSv/hr,ICRP Pub. 103 EFFECTIVE DOSE,-0.8660254037844386,0.5000000000000001,-0.984807753012208,0.17364817766693041,-0.9374831999955,1.186806299404026,-60.00000_-80.00000,1.1881502,2.2810063,0.0013438463,0.0044062138
L0000.ANS,-60.0,-70.0,9.000134400036,2002/01/00,0,3.6,TOTAL,2.2889,0.14459,microSv/hr,ICRP Pub. 103 EFFECTIVE DOSE,-0.8660254037844386,0.5000000000000001,-0.9396926207859083,0.3420201433256688,-0.9374831999955,1.190553162366467,-60.00000_-70.00000,1.1892807,2.2847178,-0.00127244,-0.0041823387
L0000.ANS,-60.0,-60.0,9.000134400036,2002/01/00,0,3.38,TOTAL,2.3264,0.14587,microSv/hr,ICRP Pub. 103 EFFECTIVE DOSE,-0.8660254037844386,0.5000000000000001,-0.8660254037844386,0.5000000000000001,-0.9374831999955,1.2018906381216115,-60.00000_-60.00000,1.2043247,2.3345065,0.0024341345,0.0081067085
L0000.ANS,-60.0,-50.0,9.000134400036,2002/01/00,0,3.14,TOTAL,2.3672,0.14725,microSv/hr,ICRP Pub. 103 EFFECTIVE DOSE,-0.8660254037844386,0.5000000000000001,-0.766044443118978,0.6427876096865394,-0.9374831999955,1.2140815384742238,-60.00000_-50.00000,1.2252369,2.4049726,0.011155367,0.037772655
L0000.ANS,-60.0,-40.0,9.000134400036,2002/01/00,0,2.73,TOTAL,2.4334,0.14941,microSv/hr,ICRP Pub. 103 EFFECTIVE DOSE,-0.8660254037844386,0.5000000000000001,-0.6427876096865393,0.766044443118978,-0.9374831999955,1.2335510238546918,-60.00000_-40.00000,1.2369096,2.4449508,0.0033586025,0.011550665
L0000.ANS,-60.0,-30.0,9.000134400036,2002/01/00,0,2.34,TOTAL,2.4883,0.15082,microSv/hr,ICRP Pub. 103 EFFECTIVE DOSE,-0.8660254037844386,0.5000000000000001,-0.49999999999999994,0.8660254037844387,-0.9374831999955,1.2494145115224682,-60.00000_-30.00000,1.249305,2.487918,-0.00010955334,-0.0003824234
L0000.ANS,-60.0,-20.0,9.000134400036,2002/01/00,0,2.0,TOTAL,2.5286,0.15157,microSv/hr,ICRP Pub. 103 EFFECTIVE DOSE,-0.8660254037844386,0.5000000000000001,-0.3420201433256687,0.9396926207859084,-0.9374831999955,1.2609011917118282,-60.00000_-20.00000,1.2601428,2.525925,-0.0007584095,-0.0026750565
L0000.ANS,-60.0,-10.0,9.000134400036,2002/01/00,0,1.76,TOTAL,2.5511,0.1519,microSv/hr,ICRP Pub. 103 EFFECTIVE DOSE,-0.8660254037844386,0.5000000000000001,-0.17364817766693033,0.984807753012208,-0.9374831999955,1.2672574146458206,-60.00000_-10.00000,1.263624,2.5382206,-0.0036334991,-0.01287961
L0000.ANS,-60.0,0.0,9.000134400036,2002/01/00,0,1.51,TOTAL,2.5677,0.15203,microSv/hr,ICRP Pub. 103 EFFECTIVE DOSE,-0.8660254037844386,0.5000000000000001,0.0,1.0,-0.9374831999955,1.2719211304652924,-60.00000_0.00000,1.2671793,2.5508225,-0.004741907,-0.016877651
L0000.ANS,-60.0,10.0,9.000134400036,2002/01/00,0,1.31,TOTAL,2.5755,0.15206,microSv/hr,ICRP Pub. 103 EFFECTIVE DOSE,-0.8660254037844386,0.5000000000000001,0.17364817766693033,0.984807753012208,-0.9374831999955,1.2741050265063136,-60.00000_10.00000,1.2665358,2.5485382,-0.007569313,-0.026962042
L0000.ANS,-60.0,20.0,9.000134400036,2002/01/00,0,1.14,TOTAL,2.5793,0.15207,microSv/hr,ICRP Pub. 103 EFFECTIVE DOSE,-0.8660254037844386,0.5000000000000001,0.3420201433256687,0.9396926207859084,-0.9374831999955,1.2751672505677272,-60.00000_20.00000,1.2728989,2.57119,-0.0022683144,-0.008109808
L0000.ANS,-60.0,30.0,9.000134400036,2002/01/00,0,1.01,TOTAL,2.5805,0.15207,microSv/hr,ICRP Pub. 103 EFFECTIVE DOSE,-0.8660254037844386,0.5000000000000001,0.49999999999999994,0.8660254037844387,-0.9374831999955,1.2755024554648573,-60.00000_30.00000,1.2738432,2.574564,-0.0016592741,-0.0059359074
L0000.ANS,-60.0,40.0,9.000134400036,2002/01/00,0,0.81,TOTAL,2.5812,0.15207,microSv/hr,ICRP Pub. 103 EFFECTIVE DOSE,-0.8660254037844386,0.5000000000000001,0.6427876096865393,0.766044443118978,-0.9374831999955,1.2756979397778638,-60.00000_40.00000,1.2755284,2.580593,-0.00016951561,-0.0006070137
L0000.ANS,-60.0,50.0,9.000134400036,2002/01/00,0,0.64,TOTAL,2.5814,0.15207,microSv/hr,ICRP Pub. 103 EFFECTIVE DOSE,-0.8660254037844386,0.5000000000000001,0.766044443118978,0.6427876096865394,-0.9374831999955,1.275753785420522,-60.00000_50.00000,1.2765672,2.5843143,0.0008134842,0.0029144287
L0000.ANS,-60.0,60.0,9.000134400036,2002/01/00,0,0.49,TOTAL,2.5814,0.15207,microSv/hr,ICRP Pub. 103 EFFECTIVE DOSE,-0.8660254037844386,0.5000000000000001,0.8660254037844386,0.5000000000000001,-0.9374831999955,1.275753785420522,-60.00000_60.00000,1.2766931,2.5847657,0.0009393692,0.003365755
L0000.ANS,-60.0,70.0,9.000134400036,2002/01/00,0,0.34,TOTAL,2.5814,0.15207,microSv/hr,ICRP Pub. 103 EFFECTIVE DOSE,-0.8660254037844386,0.5000000000000001,0.9396926207859083,0.3420201433256688,-0.9374831999955,1.275753785420522,-60.00000_70.00000,1.277041,2.5860128,0.0012872219,0.0046129227
L0000.ANS,-60.0,80.0,9.000134400036,2002/01/00,0,0.21,TOTAL,2.5814,0.15207,microSv/hr,ICRP Pub. 103 EFFECTIVE DOSE,-0.8660254037844386,0.5000000000000001,0.984807753012208,0.17364817766693041,-0.9374831999955,1.275753785420522,-60.00000_80.00000,1.2708851,2.5640056,-0.0048686266,-0.017394304
L0000.ANS,-60.0,90.0,9.000134400036,2002/01/00,0,0.1,TOTAL,2.5814,0.15207,microSv/hr,ICRP Pub. 103 EFFECTIVE DOSE,-0.8660254037844386,0.5000000000000001,1.0,6.123233995736766e-17,-0.9374831999955,1.275753785420522,-60.00000_90.00000,1.274008,2.5751534,-0.0017457008,-0.006246567
L0000.ANS,-60.0,100.0,9.000134400036,2002/01/00,0,0.06,TOTAL,2.5814,0.15207,microSv/hr,ICRP Pub. 103 EFFECTIVE DOSE,-0.8660254037844386,0.5000000000000001,0.984807753012208,-0.1736481776669303,-0.9374831999955,1.275753785420522,-60.00000_100.00000,1.2718083,2.5672975,-0.00394547,-0.014102459
L0000.ANS,-60.0,110.0,9.000134400036,2002/01/00,0,0.03,TOTAL,2.5814,0.15207,microSv/hr,ICRP Pub. 103 EFFECTIVE DOSE,-0.8660254037844386,0.5000000000000001,0.9396926207859084,-0.3420201433256687,-0.9374831999955,1.275753785420522,-60.00000_110.00000,1.2743425,2.5763493,-0.0014111996,-0.005050659
L0000.ANS,-60.0,120.0,9.000134400036,2002/01/00,0,0.03,TOTAL,2.5814,0.15207,microSv/hr,ICRP Pub. 103 EFFECTIVE DOSE,-0.8660254037844386,0.5000000000000001,0.8660254037844387,-0.4999999999999998,-0.9374831999955,1.275753785420522,-60.00000_120.00000,1.2708464,2.5638676,-0.0049073696,-0.017532349
L0000.ANS,-60.0,130.0,9.000134400036,2002/01/00,0,0.03,TOTAL,2.5814,0.15207,microSv/hr,ICRP Pub. 103 EFFECTIVE DOSE,-0.8660254037844386,0.5000000000000001,0.766044443118978,-0.6427876096865394,-0.9374831999955,1.275753785420522,-60.00000_130.00000,1.2751757,2.5793302,-0.00057804585,-0.0020697117
L0000.ANS,-60.0,140.0,9.000134400036,2002/01/00,0,0.07,TOTAL,2.5814,0.15207,microSv/hr,ICRP Pub. 103 EFFECTIVE DOSE,-0.8660254037844386,0.5000000000000001,0.6427876096865395,-0.7660444431189779,-0.9374831999955,1.275753785420522,-60.00000_140.00000,1.2770888,2.5861843,0.0013350248,0.0047843456
L0000.ANS,-60.0,150.0,9.000134400036,2002/01/00,0,0.13,TOTAL,2.5814,0.15207,microSv/hr,ICRP Pub. 103 EFFECTIVE DOSE,-0.8660254037844386,0.5000000000000001,0.49999999999999994,-0.8660254037844387,-0.9374831999955,1.275753785420522,-60.00000_150.00000,1.2772988,2.5869377,0.0015450716,0.0055377483
L0000.ANS,-60.0,160.0,9.000134400036,2002/01/00,0,0.21,TOTAL,2.5814,0.15207,microSv/hr,ICRP Pub. 103 EFFECTIVE DOSE,-0.8660254037844386,0.5000000000000001,0.3420201433256689,-0.9396926207859083,-0.9374831999955,1.275753785420522,-60.00000_160.00000,1.2748041,2.5780005,-0.0009496212,-0.003399372
L0000.ANS,-60.0,170.0,9.000134400036,2002/01/00,0,0.3,TOTAL,2.5814,0.15207,microSv/hr,ICRP Pub. 103 EFFECTIVE DOSE,-0.8660254037844386,0.5000000000000001,0.17364817766693028,-0.984807753012208,-0.9374831999955,1.275753785420522,-60.00000_170.00000,1.2670166,2.550245,-0.008737087,-0.031154871
L0000.ANS,-55.0,-179.99999,9.000134400036,2002/01/00,0,0.93,TOTAL,2.5809,0.15207,microSv/hr,ICRP Pub. 103 EFFECTIVE DOSE,-0.8191520442889918,0.5735764363510462,-1.745329251238221e-07,-0.9999999999999848,-0.9374831999955,1.2756141654658115,-55.00000_-179.99999,1.2732326,2.572382,-0.0023815632,-0.008517981
L0000.ANS,-55.0,-170.0,9.000134400036,2002/01/00,0,1.17,TOTAL,2.5787,0.15207,microSv/hr,ICRP Pub. 103 EFFECTIVE DOSE,-0.8191520442889918,0.5735764363510462,-0.17364817766693028,-0.984807753012208,-0.9374831999955,1.2749996059738729,-55.00000_-170.00000,1.2738597,2.574623,-0.0011398792,-0.0040769577
L0000.ANS,-55.0,-160.0,9.000134400036,2002/01/00,0,1.52,TOTAL,2.5669,0.15202,microSv/hr,ICRP Pub. 103 EFFECTIVE DOSE,-0.8191520442889918,0.5735764363510462,-0.3420201433256689,-0.9396926207859083,-0.9374831999955,1.2716968712206669,-55.00000_-160.00000,1.2666547,2.5489604,-0.0050421953,-0.017939806
L0000.ANS,-55.0,-150.0,9.000134400036,2002/01/00,0,1.93,TOTAL,2.536,0.1517,microSv/hr,ICRP Pub. 103 EFFECTIVE DOSE,-0.8191520442889918,0.5735764363510462,-0.49999999999999994,-0.8660254037844387,-0.9374831999955,1.262996144775397,-55.00000_-150.00000,1.2589695,2.5217905,-0.0040266514,-0.014209747
L0000.ANS,-55.0,-140.0,9.000134400036,2002/01/00,0,2.27,TOTAL,2.4975,0.15096,microSv/hr,ICRP Pub. 103 EFFECTIVE DOSE,-0.8191520442889918,0.5735764363510462,-0.6427876096865395,-0.7660444431189779,-0.9374831999955,1.2520484275574992,-55.00000_-140.00000,1.2468921,2.4795122,-0.0051562786,-0.017987728
L0000.ANS,-55.0,-130.0,9.000134400036,2002/01/00,0,2.74,TOTAL,2.4317,0.14934,microSv/hr,ICRP Pub. 103 EFFECTIVE DOSE,-0.8191520442889918,0.5735764363510462,-0.766044443118978,-0.6427876096865394,-0.9374831999955,1.2330557652176004,-55.00000_-130.00000,1.2291596,2.4183555,-0.0038961172,-0.013344288
L0000.ANS,-55.0,-120.0,9.000134400036,2002/01/00,0,3.3,TOTAL,2.3409,0.14677,microSv/hr,ICRP Pub. 103 EFFECTIVE DOSE,-0.8191520442889918,0.5735764363510462,-0.8660254037844387,-0.4999999999999998,-0.9374831999955,1.2062402317683376,-55.00000_-120.00000,1.2033634,2.3313026,-0.0028767586,-0.0095973015
L0000.ANS,-55.0,-110.0,9.000134400036,2002/01/00,0,3.86,TOTAL,2.2431,0.1424,microSv/hr,ICRP Pub. 103 EFFECTIVE DOSE,-0.8191520442889918,0.5735764363510462,-0.9396926207859084,-0.3420201433256687,-0.9374831999955,1.176529662495779,-55.00000_-110.00000,1.1802061,2.255045,0.0036764145,0.011945009
L0000.ANS,-55.0,-100.0,9.000134400036,2002/01/00,0,4.39,TOTAL,2.1504,0.13821,microSv/hr,ICRP Pub. 103 EFFECTIVE DOSE,-0.8191520442889918,0.5735764363510462,-0.984807753012208,-0.1736481776669303,-0.9374831999955,1.147529428902724,-55.00000_-100.00000,1.1461668,2.14611,-0.0013626814,-0.004290104
L0000.ANS,-55.0,-90.0,9.000134400036,2002/01/00,0,4.6,TOTAL,2.1152,0.13737,microSv/hr,ICRP Pub. 103 EFFECTIVE DOSE,-0.8191520442889918,0.5735764363510462,-1.0,6.123233995736766e-17,-0.9374831999955,1.1362933556357984,-55.00000_-90.00000,1.1265488,2.084991,-0.009744644,-0.030209064
L0000.ANS,-55.0,-80.0,9.000134400036,2002/01/00,0,4.76,TOTAL,2.0877,0.13534,microSv/hr,ICRP Pub. 103 EFFECTIVE DOSE,-0.8191520442889918,0.5735764363510462,-0.984807753012208,0.17364817766693041,-0.9374831999955,1.1274264771840703,-55.00000_-80.00000,1.113611,2.0453353,-0.013815522,-0.042364836
L0000.ANS,-55.0,-70.0,9.000134400036,2002/01/00,0,4.6,TOTAL,2.1138,0.13736,microSv/hr,ICRP Pub. 103 EFFECTIVE DOSE,-0.8191520442889918,0.5735764363510462,-0.9396926207859083,0.3420201433256688,-0.9374831999955,1.135843845273437,-55.00000_-70.00000,1.123753,2.076378,-0.012090921,-0.03742194
L0000.ANS,-55.0,-60.0,9.000134400036,2002/01/00,0,4.34,TOTAL,2.1602,0.13867,microSv/hr,ICRP Pub. 103 EFFECTIVE DOSE,-0.8191520442889918,0.5735764363510462,-0.8660254037844386,0.5000000000000001,-0.9374831999955,1.1506353167352616,-55.00000_-60.00000,1.147217,2.149416,-0.0034183264,-0.010784149
L0000.ANS,-55.0,-50.0,9.000134400036,2002/01/00,0,3.92,TOTAL,2.2329,0.142,microSv/hr,ICRP Pub. 103 EFFECTIVE DOSE,-0.8191520442889918,0.5735764363510462,-0.766044443118978,0.6427876096865394,-0.9374831999955,1.1733795672411051,-55.00000_-50.00000,1.1702397,2.222765,-0.0031398535,-0.010134935
L0000.ANS,-55.0,-40.0,9.000134400036,2002/01/00,0,3.42,TOTAL,2.3192,0.14551,microSv/hr,ICRP Pub. 103 EFFECTIVE DOSE,-0.8191520442889918,0.5735764363510462,-0.6427876096865393,0.766044443118978,-0.9374831999955,1.1997237900365212,-55.00000_-40.00000,1.1941385,2.300713,-0.005585313,-0.018486977
L0000.ANS,-55.0,-30.0,9.000134400036,2002/01/00,0,2.95,TOTAL,2.3984,0.14867,microSv/hr,ICRP Pub. 103 EFFECTIVE DOSE,-0.8191520442889918,0.5735764363510462,-0.49999999999999994,0.8660254037844387,-0.9374831999955,1.223304732625428,-55.00000_-30.00000,1.2174675,2.3786206,-0.005837202,-0.019779444
L0000.ANS,-55.0,-20.0,9.000134400036,2002/01/00,0,2.59,TOTAL,2.4538,0.14999,microSv/hr,ICRP Pub. 103 EFFECTIVE DOSE,-0.8191520442889918,0.5735764363510462,-0.3420201433256687,0.9396926207859084,-0.9374831999955,1.2394750741684326,-55.00000_-20.00000,1.2363293,2.4429522,-0.003145814,-0.010848045
L0000.ANS,-55.0,-10.0,9.000134400036,2002/01/00,0,2.25,TOTAL,2.4994,0.151,microSv/hr,ICRP Pub. 103 EFFECTIVE DOSE,-0.8191520442889918,0.5735764363510462,-0.17364817766693033,0.984807753012208,-0.9374831999955,1.2525915252283824,-55.00000_-10.00000,1.2559747,2.511259,0.0033831596,0.011859179
L0000.ANS,-55.0,0.0,9.000134400036,2002/01/00,0,1.92,TOTAL,2.5365,0.15171,microSv/hr,ICRP Pub. 103 EFFECTIVE DOSE,-0.8191520442889918,0.5735764363510462,0.0,1.0,-0.9374831999955,1.2631375374939076,-55.00000_0.00000,1.2595301,2.523765,-0.0036075115,-0.012735128
L0000.ANS,-55.0,10.0,9.000134400036,2002/01/00,0,1.73,TOTAL,2.5533,0.1519,microSv/hr,ICRP Pub. 103 EFFECTIVE DOSE,-0.8191520442889918,0.5735764363510462,0.17364817766693033,0.984807753012208,-0.9374831999955,1.2678767491625489,-55.00000_10.00000,1.2625005,2.5342479,-0.0053762197,-0.019052029
L0000.ANS,-55.0,20.0,9.000134400036,2002/01/00,0,1.55,TOTAL,2.5656,0.15201,microSv/hr,ICRP Pub. 103 EFFECTIVE DOSE,-0.8191520442889918,0.5735764363510462,0.3420201433256687,0.9396926207859084,-0.9374831999955,1.271332342650209,-55.00000_20.00000,1.2662474,2.5475152,-0.0050849915,-0.018085003
L0000.ANS,-55.0,30.0,9.000134400036,2002/01/00,0,1.39,TOTAL,2.5728,0.15205,microSv/hr,ICRP Pub. 103 EFFECTIVE DOSE,-0.8191520442889918,0.5735764363510462,0.49999999999999994,0.8660254037844387,-0.9374831999955,1.2733496021037565,-55.00000_30.00000,1.2671914,2.5508657,-0.0061582327,-0.02193451
L0000.ANS,-55.0,40.0,9.000134400036,2002/01/00,0,1.23,TOTAL,2.5777,0.15207,microSv/hr,ICRP Pub. 103 EFFECTIVE DOSE,-0.8191520442889918,0.5735764363510462,0.6427876096865393,0.766044443118978,-0.9374831999955,1.27472013584741,-55.00000_40.00000,1.2725999,2.5701227,-0.0021202564,-0.0075774193
L0000.ANS,-55.0,50.0,9.000134400036,2002/01/00,0,1.0,TOTAL,2.5806,0.15207,microSv/hr,ICRP Pub. 103 EFFECTIVE DOSE,-0.8191520442889918,0.5735764363510462,0.766044443118978,0.6427876096865394,-0.9374831999955,1.2755303841350356,-55.00000_50.00000,1.2752619,2.5796387,-0.00026845932,-0.0009610653
L0000.ANS,-55.0,60.0,9.000134400036,2002/01/00,0,0.78,TOTAL,2.5813,0.15207,microSv/hr,ICRP Pub. 103 EFFECTIVE DOSE,-0.8191520442889918,0.5735764363510462,0.8660254037844386,0.5000000000000001,-0.9374831999955,1.2757258629890351,-55.00000_60.00000,1.2725807,2.570054,-0.0031450987,-0.011245966
L0000.ANS,-55.0,70.0,9.000134400036,2002/01/00,0,0.6,TOTAL,2.5814,0.15207,microSv/hr,ICRP Pub. 103 EFFECTIVE DOSE,-0.8191520442889918,0.5735764363510462,0.9396926207859083,0.3420201433256688,-0.9374831999955,1.275753785420522,-55.00000_70.00000,1.2772241,2.5866694,0.0014703274,0.0052695274
L0000.ANS,-55.0,80.0,9.000134400036,2002/01/00,0,0.45,TOTAL,2.5814,0.15207,microSv/hr,ICRP Pub. 103 EFFECTIVE DOSE,-0.8191520442889918,0.5735764363510462,0.984807753012208,0.17364817766693041,-0.9374831999955,1.275753785420522,-55.00000_80.00000,1.2723733,2.5693135,-0.0033804178,-0.012086391
L0000.ANS,-55.0,90.0,9.000134400036,2002/01/00,0,0.35,TOTAL,2.5814,0.15207,microSv/hr,ICRP Pub. 103 EFFECTIVE DOSE,-0.8191520442889918,0.5735764363510462,1.0,6.123233995736766e-17,-0.9374831999955,1.275753785420522,-55.00000_90.00000,1.2733397,2.5727649,-0.002413988,-0.008635044
L0000.ANS,-55.0,100.0,9.000134400036,2002/01/00,0,0.27,TOTAL,2.5814,0.15207,microSv/hr,ICRP Pub. 103 EFFECTIVE DOSE,-0.8191520442889918,0.5735764363510462,0.984807753012208,-0.1736481776669303,-0.9374831999955,1.275753785420522,-55.00000_100.00000,1.2705014,2.5626383,-0.0052523613,-0.018761635
L0000.ANS,-55.0,110.0,9.000134400036,2002/01/00,0,0.21,TOTAL,2.5814,0.15207,microSv/hr,ICRP Pub. 103 EFFECTIVE DOSE,-0.8191520442889918,0.5735764363510462,0.9396926207859084,-0.3420201433256687,-0.9374831999955,1.275753785420522,-55.00000_110.00000,1.2727935,2.570814,-0.002960205,-0.010586023
L0000.ANS,-55.0,120.0,9.000134400036,2002/01/00,0,0.2,TOTAL,2.5814,0.15207,microSv/hr,ICRP Pub. 103 EFFECTIVE DOSE,-0.8191520442889918,0.5735764363510462,0.8660254037844387,-0.4999999999999998,-0.9374831999955,1.275753785420522,-55.00000_120.00000,1.2696733,2.5596895,-0.006080389,-0.021710396
L0000.ANS,-55.0,130.0,9.000134400036,2002/01/00,0,0.24,TOTAL,2.5814,0.15207,microSv/hr,ICRP Pub. 103 EFFECTIVE DOSE,-0.8191520442889918,0.5735764363510462,0.766044443118978,-0.6427876096865394,-0.9374831999955,1.275753785420522,-55.00000_130.00000,1.2737508,2.5742335,-0.0020029545,-0.0071663857
L0000.ANS,-55.0,140.0,9.000134400036,2002/01/00,0,0.28,TOTAL,2.5814,0.15207,microSv/hr,ICRP Pub. 103 EFFECTIVE DOSE,-0.8191520442889918,0.5735764363510462,0.6427876096865395,-0.7660444431189779,-0.9374831999955,1.275753785420522,-55.00000_140.00000,1.2784842,2.5911922,0.0027304888,0.009792328
L0000.ANS,-55.0,150.0,9.000134400036,2002/01/00,0,0.35,TOTAL,2.5814,0.15207,microSv/hr,ICRP Pub. 103 EFFECTIVE DOSE,-0.8191520442889918,0.5735764363510462,0.49999999999999994,-0.8660254037844387,-0.9374831999955,1.275753785420522,-55.00000_150.00000,1.272495,2.5697482,-0.0032587051,-0.011651754
L0000.ANS,-55.0,160.0,9.000134400036,2002/01/00,0,0.49,TOTAL,2.5814,0.15207,microSv/hr,ICRP Pub. 103 EFFECTIVE DOSE,-0.8191520442889918,0.5735764363510462,0.3420201433256689,-0.9396926207859083,-0.9374831999955,1.275753785420522,-55.00000_160.00000,1.2717537,2.5671027,-0.0040000677,-0.014297247
L0000.ANS,-55.0,170.0,9.000134400036,2002/01/00,0,0.68,TOTAL,2.5813,0.15207,microSv/hr,ICRP Pub. 103 EFFECTIVE DOSE,-0.8191520442889918,0.5735764363510462,0.17364817766693028,-0.984807753012208,-0.9374831999955,1.2757258629890351,-55.00000_170.00000,1.2696244,2.5595152,-0.006101489,-0.021784782
L0000.ANS,-50.0,-179.99999,9.000134400036,2002/01/00,0,1.61,TOTAL,2.562,0.152,microSv/hr,ICRP Pub. 103 EFFECTIVE DOSE,-0.766044443118978,0.6427876096865394,-1.745329251238221e-07,-0.9999999999999848,-0.9374831999955,1.27032218486747,-50.00000_-179.99999,1.265595,2.5452013,-0.0047272444,-0.016798735
L0000.ANS,-50.0,-170.0,9.000134400036,2002/01/00,0,2.01,TOTAL,2.5281,0.15156,microSv/hr,ICRP Pub. 103 EFFECTIVE DOSE,-0.766044443118978,0.6427876096865394,-0.17364817766693028,-0.984807753012208,-0.9374831999955,1.260759482414044,-50.00000_-170.00000,1.2564514,2.5129333,-0.0043081045,-0.0151667595
L0000.ANS,-50.0,-160.0,9.000134400036,2002/01/00,0,2.42,TOTAL,2.4779,0.15064,microSv/hr,ICRP Pub. 103 EFFECTIVE DOSE,-0.766044443118978,0.6427876096865394,-0.3420201433256689,-0.9396926207859083,-0.9374831999955,1.2464286633623285,-50.00000_-160.00000,1.2418069,2.461863,-0.004621744,-0.016036749
L0000.ANS,-50.0,-150.0,9.000134400036,2002/01/00,0,2.89,TOTAL,2.4071,0.14872,microSv/hr,ICRP Pub. 103 EFFECTIVE DOSE,-0.766044443118978,0.6427876096865394,-0.49999999999999994,-0.8660254037844387,-0.9374831999955,1.225861489583573,-50.00000_-150.00000,1.2259909,2.4075408,0.00012946129,0.00044107437
L0000.ANS,-50.0,-140.0,9.000134400036,2002/01/00,0,3.37,TOTAL,2.3287,0.146,microSv/hr,ICRP Pub. 103 EFFECTIVE DOSE,-0.766044443118978,0.6427876096865394,-0.6427876096865395,-0.7660444431189779,-0.9374831999955,1.2025818373797954,-50.00000_-140.00000,1.2100015,2.3534896,0.007419586,0.024789572
L0000.ANS,-50.0,-130.0,9.000134400036,2002/01/00,0,3.96,TOTAL,2.2267,0.14178,microSv/hr,ICRP Pub. 103 EFFECTIVE DOSE,-0.766044443118978,0.6427876096865394,-0.766044443118978,-0.6427876096865394,-0.9374831999955,1.1714599431455284,-50.00000_-130.00000,1.1870915,2.2775345,0.015631557,0.050834656
L0000.ANS,-50.0,-120.0,9.000134400036,2002/01/00,0,4.53,TOTAL,2.126,0.13749,microSv/hr,ICRP Pub. 103 EFFECTIVE DOSE,-0.766044443118978,0.6427876096865394,-0.8660254037844387,-0.4999999999999998,-0.9374831999955,1.1397542319992848,-50.00000_-120.00000,1.1361346,2.1147056,-0.0036195517,-0.011294365
L0000.ANS,-50.0,-110.0,9.000134400036,2002/01/00,0,5.14,TOTAL,2.0244,0.1326,microSv/hr,ICRP Pub. 103 EFFECTIVE DOSE,-0.766044443118978,0.6427876096865394,-0.9396926207859084,-0.3420201433256687,-0.9374831999955,1.106712724701978,-50.00000_-110.00000,1.0980012,1.9981674,-0.008711457,-0.0262326
L0000.ANS,-50.0,-100.0,9.000134400036,2002/01/00,0,5.8,TOTAL,1.9191,0.12695,microSv/hr,ICRP Pub. 103 EFFECTIVE DOSE,-0.766044443118978,0.6427876096865394,-0.984807753012208,-0.1736481776669303,-0.9374831999955,1.071275349592815,-50.00000_-100.00000,1.0656583,1.9027493,-0.0056170225,-0.016350746
L0000.ANS,-50.0,-90.0,9.000134400036,2002/01/00,0,6.54,TOTAL,1.8102,0.12057,microSv/hr,ICRP Pub. 103 EFFECTIVE DOSE,-0.766044443118978,0.6427876096865394,-1.0,6.123233995736766e-17,-0.9374831999955,1.0332556551901027,-50.00000_-90.00000,1.0323985,1.8077922,-0.000857234,-0.0024079084
L0000.ANS,-50.0,-80.0,9.000134400036,2002/01/00,0,6.76,TOTAL,1.7805,0.11815,microSv/hr,ICRP Pub. 103 EFFECTIVE DOSE,-0.766044443118978,0.6427876096865394,-0.984807753012208,0.17364817766693041,-0.9374831999955,1.0226307676454816,-50.00000_-80.00000,1.0297201,1.8002818,0.0070892572,0.01978159
L0000.ANS,-50.0,-70.0,9.000134400036,2002/01/00,0,6.4,TOTAL,1.8306,0.12098,microSv/hr,ICRP Pub. 103 EFFECTIVE DOSE,-0.766044443118978,0.6427876096865394,-0.9396926207859083,0.3420201433256688,-0.9374831999955,1.0404887033176013,-50.00000_-70.00000,1.0455593,1.8449893,0.005070567,0.0143892765
L0000.ANS,-50.0,-60.0,9.000134400036,2002/01/00,0,5.76,TOTAL,1.9247,0.12702,microSv/hr,ICRP Pub. 103 EFFECTIVE DOSE,-0.766044443118978,0.6427876096865394,-0.8660254037844386,0.5000000000000001,-0.9374831999955,1.0731919113211985,-50.00000_-60.00000,1.0694406,1.9137491,-0.003751278,-0.010950804
L0000.ANS,-50.0,-50.0,9.000134400036,2002/01/00,0,4.98,TOTAL,2.0512,0.13326,microSv/hr,ICRP Pub. 103 EFFECTIVE DOSE,-0.766044443118978,0.6427876096865394,-0.766044443118978,0.6427876096865394,-0.9374831999955,1.1155349558640175,-50.00000_-50.00000,1.1058075,2.0216637,-0.009727359,-0.029536247
L0000.ANS,-50.0,-40.0,9.000134400036,2002/01/00,0,4.26,TOTAL,2.1731,0.13937,microSv/hr,ICRP Pub. 103 EFFECTIVE DOSE,-0.766044443118978,0.6427876096865394,-0.6427876096865393,0.766044443118978,-0.9374831999955,1.1547090280199797,-50.00000_-40.00000,1.1465821,2.147417,-0.008126855,-0.025682926
L0000.ANS,-50.0,-30.0,9.000134400036,2002/01/00,0,3.65,TOTAL,2.2794,0.14448,microSv/hr,ICRP Pub. 103 EFFECTIVE DOSE,-0.766044443118978,0.6427876096865394,-0.49999999999999994,0.8660254037844387,-0.9374831999955,1.187660478833631,-50.00000_-30.00000,1.1841471,2.2678986,-0.0035133362,-0.011501312
L0000.ANS,-50.0,-20.0,9.000134400036,2002/01/00,0,3.16,TOTAL,2.3645,0.14718,microSv/hr,ICRP Pub. 103 EFFECTIVE DOSE,-0.766044443118978,0.6427876096865394,-0.3420201433256687,0.9396926207859084,-0.9374831999955,1.2132793636462358,-50.00000_-20.00000,1.2143543,2.3681185,0.0010749102,0.0036184788
L0000.ANS,-50.0,-10.0,9.000134400036,2002/01/00,0,2.75,TOTAL,2.4289,0.14923,microSv/hr,ICRP Pub. 103 EFFECTIVE DOSE,-0.766044443118978,0.6427876096865394,-0.17364817766693033,0.984807753012208,-0.9374831999955,1.2322395100342451,-50.00000_-10.00000,1.2286309,2.4165487,-0.0036085844,-0.012351036
L0000.ANS,-50.0,0.0,9.000134400036,2002/01/00,0,2.46,TOTAL,2.4726,0.15043,microSv/hr,ICRP Pub. 103 EFFECTIVE DOSE,-0.766044443118978,0.6427876096865394,0.0,1.0,-0.9374831999955,1.2449035929279004,-50.00000_0.00000,1.2474462,2.4814405,0.002542615,0.008840561
L0000.ANS,-50.0,10.0,9.000134400036,2002/01/00,0,2.22,TOTAL,2.5039,0.15112,microSv/hr,ICRP Pub. 103 EFFECTIVE DOSE,-0.766044443118978,0.6427876096865394,0.17364817766693033,0.984807753012208,-0.9374831999955,1.2538766338541198,-50.00000_10.00000,1.255299,2.5088873,0.001422286,0.00498724
L0000.ANS,-50.0,20.0,9.000134400036,2002/01/00,0,2.05,TOTAL,2.5235,0.15147,microSv/hr,ICRP Pub. 103 EFFECTIVE DOSE,-0.766044443118978,0.6427876096865394,0.3420201433256687,0.9396926207859084,-0.9374831999955,1.2594548137849402,-50.00000_20.00000,1.2543669,2.505618,-0.0050879717,-0.017882109
L0000.ANS,-50.0,30.0,9.000134400036,2002/01/00,0,1.9,TOTAL,2.5384,0.15172,microSv/hr,ICRP Pub. 103 EFFECTIVE DOSE,-0.766044443118978,0.6427876096865394,0.49999999999999994,0.8660254037844387,-0.9374831999955,1.26367464757198,-50.00000_30.00000,1.2596233,2.5240936,-0.0040513277,-0.014306307
L0000.ANS,-50.0,40.0,9.000134400036,2002/01/00,0,1.71,TOTAL,2.5548,0.15191,microSv/hr,ICRP Pub. 103 EFFECTIVE DOSE,-0.766044443118978,0.6427876096865394,0.6427876096865393,0.766044443118978,-0.9374831999955,1.268298802882183,-50.00000_40.00000,1.2665385,2.548548,-0.0017602444,-0.006251812
L0000.ANS,-50.0,50.0,9.000134400036,2002/01/00,0,1.51,TOTAL,2.5678,0.15203,microSv/hr,ICRP Pub. 103 EFFECTIVE DOSE,-0.766044443118978,0.6427876096865394,0.766044443118978,0.6427876096865394,-0.9374831999955,1.2719491593350303,-50.00000_50.00000,1.2695495,2.5592487,-0.002399683,-0.008551359
L0000.ANS,-50.0,60.0,9.000134400036,2002/01/00,0,1.31,TOTAL,2.5756,0.15206,microSv/hr,ICRP Pub. 103 EFFECTIVE DOSE,-0.766044443118978,0.6427876096865394,0.8660254037844386,0.5000000000000001,-0.9374831999955,1.2741329942315605,-50.00000_60.00000,1.2667707,2.5493722,-0.0073622465,-0.026227713
L0000.ANS,-50.0,70.0,9.000134400036,2002/01/00,0,1.05,TOTAL,2.5802,0.15207,microSv/hr,ICRP Pub. 103 EFFECTIVE DOSE,-0.766044443118978,0.6427876096865394,0.9396926207859083,0.3420201433256688,-0.9374831999955,1.2754186647739543,-50.00000_70.00000,1.271414,2.5658913,-0.0040045977,-0.014308691
L0000.ANS,-50.0,80.0,9.000134400036,2002/01/00,0,0.85,TOTAL,2.5812,0.15207,microSv/hr,ICRP Pub. 103 EFFECTIVE DOSE,-0.766044443118978,0.6427876096865394,0.984807753012208,0.17364817766693041,-0.9374831999955,1.2756979397778638,-50.00000_80.00000,1.2688522,2.556768,-0.0068457127,-0.024432182
L0000.ANS,-50.0,90.0,9.000134400036,2002/01/00,0,0.69,TOTAL,2.5813,0.15207,microSv/hr,ICRP Pub. 103 EFFECTIVE DOSE,-0.766044443118978,0.6427876096865394,1.0,6.123233995736766e-17,-0.9374831999955,1.2757258629890351,-50.00000_90.00000,1.2761545,2.5828354,0.0004286766,0.0015354156
L0000.ANS,-50.0,100.0,9.000134400036,2002/01/00,0,0.61,TOTAL,2.5814,0.15207,microSv/hr,ICRP Pub. 103 EFFECTIVE DOSE,-0.766044443118978,0.6427876096865394,0.984807753012208,-0.1736481776669303,-0.9374831999955,1.275753785420522,-50.00000_100.00000,1.2773318,2.5870562,0.0015780926,0.0056562424
L0000.ANS,-50.0,110.0,9.000134400036,2002/01/00,0,0.55,TOTAL,2.5814,0.15207,microSv/hr,ICRP Pub. 103 EFFECTIVE DOSE,-0.766044443118978,0.6427876096865394,0.9396926207859084,-0.3420201433256687,-0.9374831999955,1.275753785420522,-50.00000_110.00000,1.2736979,2.5740445,-0.0020558834,-0.0073554516
L0000.ANS,-50.0,120.0,9.000134400036,2002/01/00,0,0.53,TOTAL,2.5814,0.15207,microSv/hr,ICRP Pub. 103 EFFECTIVE DOSE,-0.766044443118978,0.6427876096865394,0.8660254037844387,-0.4999999999999998,-0.9374831999955,1.275753785420522,-50.00000_120.00000,1.2725823,2.5700595,-0.003171444,-0.01134038
L0000.ANS,-50.0,130.0,9.000134400036,2002/01/00,0,0.58,TOTAL,2.5814,0.15207,microSv/hr,ICRP Pub. 103 EFFECTIVE DOSE,-0.766044443118978,0.6427876096865394,0.766044443118978,-0.6427876096865394,-0.9374831999955,1.275753785420522,-50.00000_130.00000,1.2730273,2.5716486,-0.0027264357,-0.00975132
L0000.ANS,-50.0,140.0,9.000134400036,2002/01/00,0,0.66,TOTAL,2.5813,0.15207,microSv/hr,ICRP Pub. 103 EFFECTIVE DOSE,-0.766044443118978,0.6427876096865394,0.6427876096865395,-0.7660444431189779,-0.9374831999955,1.2757258629890351,-50.00000_140.00000,1.2766529,2.5846217,0.00092709064,0.0033216476
L0000.ANS,-50.0,150.0,9.000134400036,2002/01/00,0,0.8,TOTAL,2.5812,0.15207,microSv/hr,ICRP Pub. 103 EFFECTIVE DOSE,-0.766044443118978,0.6427876096865394,0.49999999999999994,-0.8660254037844387,-0.9374831999955,1.2756979397778638,-50.00000_150.00000,1.2695088,2.559104,-0.006189108,-0.022096157
L0000.ANS,-50.0,160.0,9.000134400036,2002/01/00,0,1.03,TOTAL,2.5804,0.15207,microSv/hr,ICRP Pub. 103 EFFECTIVE DOSE,-0.766044443118978,0.6427876096865394,0.3420201433256689,-0.9396926207859083,-0.9374831999955,1.275474526014647,-50.00000_160.00000,1.2762256,2.58309,0.0007510185,0.0026900768
L0000.ANS,-50.0,170.0,9.000134400036,2002/01/00,0,1.28,TOTAL,2.5763,0.15207,microSv/hr,ICRP Pub. 103 EFFECTIVE DOSE,-0.766044443118978,0.6427876096865394,0.17364817766693028,-0.984807753012208,-0.9374831999955,1.2743287464099284,-50.00000_170.00000,1.2741702,2.575733,-0.00015854836,-0.0005669594
L0000.ANS,-45.0,-179.99999,9.000134400036,2002/01/00,0,2.64,TOTAL,2.4462,0.14993,microSv/hr,ICRP Pub. 103 EFFECTIVE DOSE,-0.7071067811865475,0.7071067811865476,-1.745329251238221e-07,-0.9999999999999848,-0.9374831999955,1.2372721747268622,-45.00000_-179.99999,1.2371572,2.4458039,-0.000114917755,-0.00039601326
L0000.ANS,-45.0,-170.0,9.000134400036,2002/01/00,0,3.07,TOTAL,2.3793,0.14767,microSv/hr,ICRP Pub. 103 EFFECTIVE DOSE,-0.7071067811865475,0.7071067811865476,-0.17364817766693028,-0.984807753012208,-0.9374831999955,1.2176685874549227,-45.00000_-170.00000,1.2194637,2.3853717,0.0017951727,0.006071806
L0000.ANS,-45.0,-160.0,9.000134400036,2002/01/00,0,3.59,TOTAL,2.2905,0.14462,microSv/hr,ICRP Pub. 103 EFFECTIVE DOSE,-0.7071067811865475,0.7071067811865476,-0.3420201433256689,-0.9396926207859083,-0.9374831999955,1.1910395289140367,-45.00000_-160.00000,1.1902587,2.287932,-0.00078082085,-0.002568245
L0000.ANS,-45.0,-150.0,9.000134400036,2002/01/00,0,4.15,TOTAL,2.1932,0.1408,microSv/hr,ICRP Pub. 103 EFFECTIVE DOSE,-0.7071067811865475,0.7071067811865476,-0.49999999999999994,-0.8660254037844387,-0.9374831999955,1.1610235487895069,-45.00000_-150.00000,1.1636713,2.2016659,0.0026477575,0.008466005
L0000.ANS,-45.0,-140.0,9.000134400036,2002/01/00,0,4.57,TOTAL,2.12,0.13741,microSv/hr,ICRP Pub. 103 EFFECTIVE DOSE,-0.7071067811865475,0.7071067811865476,-0.6427876096865395,-0.7660444431189779,-0.9374831999955,1.1378330018213911,-45.00000_-140.00000,1.1394634,2.125091,0.0016304255,0.0050911903
L0000.ANS,-45.0,-130.0,9.000134400036,2002/01/00,0,5.17,TOTAL,2.018,0.13256,microSv/hr,ICRP Pub. 103 EFFECTIVE DOSE,-0.7071067811865475,0.7071067811865476,-0.766044443118978,-0.6427876096865394,-0.9374831999955,1.104594360345657,-45.00000_-130.00000,1.1073865,2.0264382,0.00279212,0.008438349
L0000.ANS,-45.0,-120.0,9.000134400036,2002/01/00,0,6.02,TOTAL,1.8862,0.12436,microSv/hr,ICRP Pub. 103 EFFECTIVE DOSE,-0.7071067811865475,0.7071067811865476,-0.8660254037844387,-0.4999999999999998,-0.9374831999955,1.0599407580198403,-45.00000_-120.00000,1.0569834,1.877677,-0.0029574633,-0.008523226
L0000.ANS,-45.0,-110.0,9.000134400036,2002/01/00,0,7.31,TOTAL,1.7072,0.1137,microSv/hr,ICRP Pub. 103 EFFECTIVE DOSE,-0.7071067811865475,0.7071067811865476,-0.9396926207859084,-0.3420201433256687,-0.9374831999955,0.9959148904297671,-45.00000_-110.00000,1.0083141,1.7409762,0.012399256,0.033776283
L0000.ANS,-45.0,-100.0,9.000134400036,2002/01/00,0,8.06,TOTAL,1.617,0.10709,microSv/hr,ICRP Pub. 103 EFFECTIVE DOSE,-0.7071067811865475,0.7071067811865476,-0.984807753012208,-0.1736481776669303,-0.9374831999955,0.9620286235480088,-45.00000_-100.00000,0.97609,1.6540586,0.014061391,0.03705859
L0000.ANS,-45.0,-90.0,9.000134400036,2002/01/00,0,8.44,TOTAL,1.5733,0.10568,microSv/hr,ICRP Pub. 103 EFFECTIVE DOSE,-0.7071067811865475,0.7071067811865476,-1.0,6.123233995736766e-17,-0.9374831999955,0.9451891219168038,-45.00000_-90.00000,0.9528045,1.5929714,0.0076153874,0.01967144
L0000.ANS,-45.0,-80.0,9.000134400036,2002/01/00,0,8.22,TOTAL,1.5985,0.10636,microSv/hr,ICRP Pub. 103 EFFECTIVE DOSE,-0.7071067811865475,0.7071067811865476,-0.984807753012208,0.17364817766693041,-0.9374831999955,0.9549343554663595,-45.00000_-80.00000,0.95512664,1.5989997,0.00019228458,0.00049972534
L0000.ANS,-45.0,-70.0,9.000134400036,2002/01/00,0,7.69,TOTAL,1.6602,0.11027,microSv/hr,ICRP Pub. 103 EFFECTIVE DOSE,-0.7071067811865475,0.7071067811865476,-0.9396926207859083,0.3420201433256688,-0.9374831999955,0.9784013079370588,-45.00000_-70.00000,0.9824475,1.6709855,0.0040462017,0.0107854605
L0000.ANS,-45.0,-60.0,9.000134400036,2002/01/00,0,7.07,TOTAL,1.7385,0.11489,microSv/hr,ICRP Pub. 103 EFFECTIVE DOSE,-0.7071067811865475,0.7071067811865476,-0.8660254037844386,0.5000000000000001,-0.9374831999955,1.0074103252416389,-45.00000_-60.00000,1.0199324,1.7730073,0.012522101,0.034507394
L0000.ANS,-45.0,-50.0,9.000134400036,2002/01/00,0,6.37,TOTAL,1.8353,0.12114,microSv/hr,ICRP Pub. 103 EFFECTIVE DOSE,-0.7071067811865475,0.7071067811865476,-0.766044443118978,0.6427876096865394,-0.9374831999955,1.042147751686983,-45.00000_-50.00000,1.0544658,1.8704413,0.012318015,0.03514135
L0000.ANS,-45.0,-40.0,9.000134400036,2002/01/00,0,5.4,TOTAL,1.9817,0.12957,microSv/hr,ICRP Pub. 103 EFFECTIVE DOSE,-0.7071067811865475,0.7071067811865476,-0.6427876096865393,0.766044443118978,-0.9374831999955,1.0924936076599325,-45.00000_-40.00000,1.0958079,1.9915986,0.0033142567,0.009898424
L0000.ANS,-45.0,-30.0,9.000134400036,2002/01/00,0,4.45,TOTAL,2.1397,0.13781,microSv/hr,ICRP Pub. 103 EFFECTIVE DOSE,-0.7071067811865475,0.7071067811865476,-0.49999999999999994,0.8660254037844387,-0.9374831999955,1.1441272539545178,-45.00000_-30.00000,1.1432028,2.1367989,-0.00092446804,-0.0029010773
L0000.ANS,-45.0,-20.0,9.000134400036,2002/01/00,0,3.86,TOTAL,2.2443,0.14246,microSv/hr,ICRP Pub. 103 EFFECTIVE DOSE,-0.7071067811865475,0.7071067811865476,-0.3420201433256687,0.9396926207859084,-0.9374831999955,1.1768996103990024,-45.00000_-20.00000,1.1805822,2.2562695,0.0036826134,0.011969566
L0000.ANS,-45.0,-10.0,9.000134400036,2002/01/00,0,3.34,TOTAL,2.3335,0.14629,microSv/hr,ICRP Pub. 103 EFFECTIVE DOSE,-0.7071067811865475,0.7071067811865476,-0.17364817766693033,0.984807753012208,-0.9374831999955,1.2040228030759776,-45.00000_-10.00000,1.200017,2.3201733,-0.0040057898,-0.013326645
L0000.ANS,-45.0,0.0,9.000134400036,2002/01/00,0,3.08,TOTAL,2.377,0.14758,microSv/hr,ICRP Pub. 103 EFFECTIVE DOSE,-0.7071067811865475,0.7071067811865476,0.0,1.0,-0.9374831999955,1.2169877414034307,-45.00000_0.00000,1.218821,2.3831968,0.0018333197,0.0061969757
L0000.ANS,-45.0,10.0,9.000134400036,2002/01/00,0,2.82,TOTAL,2.4187,0.14892,microSv/hr,ICRP Pub. 103 EFFECTIVE DOSE,-0.7071067811865475,0.7071067811865476,0.17364817766693033,0.984807753012208,-0.9374831999955,1.2292603618526854,-45.00000_10.00000,1.238194,2.4493783,0.008933663,0.03067851
L0000.ANS,-45.0,20.0,9.000134400036,2002/01/00,0,2.7,TOTAL,2.4373,0.14958,microSv/hr,ICRP Pub. 103 EFFECTIVE DOSE,-0.7071067811865475,0.7071067811865476,0.3420201433256687,0.9396926207859084,-0.9374831999955,1.2346862794818803,-45.00000_20.00000,1.2348278,2.4377863,0.00014150143,0.0004863739
L0000.ANS,-45.0,30.0,9.000134400036,2002/01/00,0,2.5,TOTAL,2.4664,0.15024,microSv/hr,ICRP Pub. 103 EFFECTIVE DOSE,-0.7071067811865475,0.7071067811865476,0.49999999999999994,0.8660254037844387,-0.9374831999955,1.2431165914435627,-45.00000_30.00000,1.2362189,2.442572,-0.006897688,-0.02382803
L0000.ANS,-45.0,40.0,9.000134400036,2002/01/00,0,2.41,TOTAL,2.4796,0.15071,microSv/hr,ICRP Pub. 103 EFFECTIVE DOSE,-0.7071067811865475,0.7071067811865476,0.6427876096865393,0.766044443118978,-0.9374831999955,1.2469173446512487,-45.00000_40.00000,1.2445441,2.471352,-0.0023732185,-0.008247852
L0000.ANS,-45.0,50.0,9.000134400036,2002/01/00,0,2.26,TOTAL,2.4984,0.15098,microSv/hr,ICRP Pub. 103 EFFECTIVE DOSE,-0.7071067811865475,0.7071067811865476,0.766044443118978,0.6427876096865394,-0.9374831999955,1.2523057211165738,-45.00000_50.00000,1.2491617,2.4874182,-0.0031440258,-0.010982037
L0000.ANS,-45.0,60.0,9.000134400036,2002/01/00,0,1.94,TOTAL,2.5352,0.1517,microSv/hr,ICRP Pub. 103 EFFECTIVE DOSE,-0.7071067811865475,0.7071067811865476,0.8660254037844386,0.5000000000000001,-0.9374831999955,1.2627698748343932,-45.00000_60.00000,1.2565764,2.5133724,-0.0061933994,-0.02182746
L0000.ANS,-45.0,70.0,9.000134400036,2002/01/00,0,1.72,TOTAL,2.5539,0.15191,microSv/hr,ICRP Pub. 103 EFFECTIVE DOSE,-0.7071067811865475,0.7071067811865476,0.9396926207859083,0.3420201433256688,-0.9374831999955,1.268045592026525,-45.00000_70.00000,1.2597201,2.5244348,-0.008325458,-0.02946496
L0000.ANS,-45.0,80.0,9.000134400036,2002/01/00,0,1.45,TOTAL,2.5704,0.15204,microSv/hr,ICRP Pub. 103 EFFECTIVE DOSE,-0.7071067811865475,0.7071067811865476,0.984807753012208,0.17364817766693041,-0.9374831999955,1.2726776343329231,-45.00000_80.00000,1.264108,2.5399334,-0.008569717,-0.030466557
L0000.ANS,-45.0,90.0,9.000134400036,2002/01/00,0,1.27,TOTAL,2.5765,0.15207,microSv/hr,ICRP Pub. 103 EFFECTIVE DOSE,-0.7071067811865475,0.7071067811865476,1.0,6.123233995736766e-17,-0.9374831999955,1.2743846685663014,-45.00000_90.00000,1.2730947,2.5718892,-0.0012899637,-0.004610777
L0000.ANS,-45.0,100.0,9.000134400036,2002/01/00,0,1.2,TOTAL,2.5781,0.15207,microSv/hr,ICRP Pub. 103 EFFECTIVE DOSE,-0.7071067811865475,0.7071067811865476,0.984807753012208,-0.1736481776669303,-0.9374831999955,1.274831933270596,-45.00000_100.00000,1.2764393,2.583856,0.0016074181,0.005756378
L0000.ANS,-45.0,110.0,9.000134400036,2002/01/00,0,1.12,TOTAL,2.5795,0.15207,microSv/hr,ICRP Pub. 103 EFFECTIVE DOSE,-0.7071067811865475,0.7071067811865476,0.9396926207859084,-0.3420201433256687,-0.9374831999955,1.2752231258541027,-45.00000_110.00000,1.2741148,2.575535,-0.0011082888,-0.003964901
L0000.ANS,-45.0,120.0,9.000134400036,2002/01/00,0,1.11,TOTAL,2.5796,0.15207,microSv/hr,ICRP Pub. 103 EFFECTIVE DOSE,-0.7071067811865475,0.7071067811865476,0.8660254037844387,-0.4999999999999998,-0.9374831999955,1.275251062326566,-45.00000_120.00000,1.265932,2.5463963,-0.009319067,-0.0332036
L0000.ANS,-45.0,130.0,9.000134400036,2002/01/00,0,1.22,TOTAL,2.5778,0.15207,microSv/hr,ICRP Pub. 103 EFFECTIVE DOSE,-0.7071067811865475,0.7071067811865476,0.766044443118978,-0.6427876096865394,-0.9374831999955,1.274748086374978,-45.00000_130.00000,1.2682755,2.554717,-0.0064725876,-0.023082972
L0000.ANS,-45.0,140.0,9.000134400036,2002/01/00,0,1.32,TOTAL,2.5752,0.15206,microSv/hr,ICRP Pub. 103 EFFECTIVE DOSE,-0.7071067811865475,0.7071067811865476,0.6427876096865395,-0.7660444431189779,-0.9374831999955,1.2740211186371047,-45.00000_140.00000,1.2709641,2.5642874,-0.003057003,-0.010912657
L0000.ANS,-45.0,150.0,9.000134400036,2002/01/00,0,1.51,TOTAL,2.5675,0.15202,microSv/hr,ICRP Pub. 103 EFFECTIVE DOSE,-0.7071067811865475,0.7071067811865476,0.49999999999999994,-0.8660254037844387,-0.9374831999955,1.2718650703688543,-45.00000_150.00000,1.2696493,2.559604,-0.0022158623,-0.007896185
L0000.ANS,-45.0,160.0,9.000134400036,2002/01/00,0,1.82,TOTAL,2.5462,0.15182,microSv/hr,ICRP Pub. 103 EFFECTIVE DOSE,-0.7071067811865475,0.7071067811865476,0.3420201433256689,-0.9396926207859083,-0.9374831999955,1.265876607640751,-45.00000_160.00000,1.267528,2.552061,0.0016514063,0.0058608055
L0000.ANS,-45.0,170.0,9.000134400036,2002/01/00,0,2.17,TOTAL,2.5098,0.15132,microSv/hr,ICRP Pub. 103 EFFECTIVE DOSE,-0.7071067811865475,0.7071067811865476,0.17364817766693028,-0.984807753012208,-0.9374831999955,1.2555590557973693,-45.00000_170.00000,1.2597382,2.5244987,0.00417912,0.014698505
L0000.ANS,-40.0,-179.99999,9.000134400036,2002/01/00,0,4.06,TOTAL,2.209,0.14139,microSv/hr,ICRP Pub. 103 EFFECTIVE DOSE,-0.6427876096865393,0.766044443118978,-1.745329251238221e-07,-0.9999999999999848,-0.9374831999955,1.1659593621277198,-40.00000_-179.99999,1.1672196,2.2130468,0.0012602806,0.0040466785
L0000.ANS,-40.0,-170.0,9.000134400036,2002/01/00,0,4.59,TOTAL,2.1169,0.13738,microSv/hr,ICRP Pub. 103 EFFECTIVE DOSE,-0.6427876096865393,0.766044443118978,-0.17364817766693028,-0.984807753012208,-0.9374831999955,1.136838918140304,-40.00000_-170.00000,1.1412673,2.1307335,0.0044283867,0.013833523
L0000.ANS,-40.0,-160.0,9.000134400036,2002/01/00,0,4.84,TOTAL,2.0741,0.13443,microSv/hr,ICRP Pub. 103 EFFECTIVE DOSE,-0.6427876096865393,0.766044443118978,-0.3420201433256689,-0.9396926207859083,-0.9374831999955,1.123012175491645,-40.00000_-160.00000,1.1184478,2.0601006,-0.0045644045,-0.013999462
L0000.ANS,-40.0,-150.0,9.000134400036,2002/01/00,0,5.44,TOTAL,1.9754,0.12912,microSv/hr,ICRP Pub. 103 EFFECTIVE DOSE,-0.6427876096865393,0.766044443118978,-0.49999999999999994,-0.8660254037844387,-0.9374831999955,1.0903784837410062,-40.00000_-150.00000,1.079651,1.943652,-0.010727525,-0.031748056
L0000.ANS,-40.0,-140.0,9.000134400036,2002/01/00,0,6.1,TOTAL,1.8742,0.12336,microSv/hr,ICRP Pub. 103 EFFECTIVE DOSE,-0.6427876096865393,0.766044443118978,-0.6427876096865395,-0.7660444431189779,-0.9374831999955,1.0557743746580095,-40.00000_-140.00000,1.0474508,1.8503757,-0.00832355,-0.023824215
L0000.ANS,-40.0,-130.0,9.000134400036,2002/01/00,0,7.25,TOTAL,1.7156,0.11391,microSv/hr,ICRP Pub. 103 EFFECTIVE DOSE,-0.6427876096865393,0.766044443118978,-0.766044443118978,-0.6427876096865394,-0.9374831999955,0.999012923445355,-40.00000_-130.00000,1.016024,1.7621903,0.017011046,0.04659033
L0000.ANS,-40.0,-120.0,9.000134400036,2002/01/00,0,8.09,TOTAL,1.6132,0.10691,microSv/hr,ICRP Pub. 103 EFFECTIVE DOSE,-0.6427876096865393,0.766044443118978,-0.8660254037844387,-0.4999999999999998,-0.9374831999955,0.9605755239844582,-40.00000_-120.00000,0.9702658,1.6386456,0.009690285,0.0254457
L0000.ANS,-40.0,-110.0,9.000134400036,2002/01/00,0,9.13,TOTAL,1.4908,0.098787,microSv/hr,ICRP Pub. 103 EFFECTIVE DOSE,-0.6427876096865393,0.766044443118978,-0.9396926207859084,-0.3420201433256687,-0.9374831999955,0.9126039440161599,-40.00000_-110.00000,0.9129677,1.4917061,0.00036376715,0.000906229
L0000.ANS,-40.0,-100.0,9.000134400036,2002/01/00,0,9.68,TOTAL,1.4257,0.094191,microSv/hr,ICRP Pub. 103 EFFECTIVE DOSE,-0.6427876096865393,0.766044443118978,-0.984807753012208,-0.1736481776669303,-0.9374831999955,0.8861201425290384,-40.00000_-100.00000,0.8930696,1.4426161,0.0069494843,0.016916156
L0000.ANS,-40.0,-90.0,9.000134400036,2002/01/00,0,9.46,TOTAL,1.45,0.09686,microSv/hr,ICRP Pub. 103 EFFECTIVE DOSE,-0.6427876096865393,0.766044443118978,-1.0,6.123233995736766e-17,-0.9374831999955,0.8960880245566356,-40.00000_-90.00000,0.89418733,1.4453478,-0.0019006729,-0.0046521425
L0000.ANS,-40.0,-80.0,9.000134400036,2002/01/00,0,9.13,TOTAL,1.4909,0.098793,microSv/hr,ICRP Pub. 103 EFFECTIVE DOSE,-0.6427876096865393,0.766044443118978,-0.984807753012208,0.17364817766693041,-0.9374831999955,0.9126440909539575,-40.00000_-80.00000,0.91034174,1.4851717,-0.0023023486,-0.005728364
L0000.ANS,-40.0,-70.0,9.000134400036,2002/01/00,0,8.56,TOTAL,1.56,0.10421,microSv/hr,ICRP Pub. 103 EFFECTIVE DOSE,-0.6427876096865393,0.766044443118978,-0.9396926207859083,0.3420201433256688,-0.9374831999955,0.9400072584914712,-40.00000_-70.00000,0.9425781,1.5665898,0.002570808,0.0065897703
L0000.ANS,-40.0,-60.0,9.000134400036,2002/01/00,0,7.77,TOTAL,1.6511,0.10943,microSv/hr,ICRP Pub. 103 EFFECTIVE DOSE,-0.6427876096865393,0.766044443118978,-0.8660254037844386,0.5000000000000001,-0.9374831999955,0.9749746482099314,-40.00000_-60.00000,0.981883,1.6694782,0.006908357,0.018378258
L0000.ANS,-40.0,-50.0,9.000134400036,2002/01/00,0,6.82,TOTAL,1.7714,0.11729,microSv/hr,ICRP Pub. 103 EFFECTIVE DOSE,-0.6427876096865393,0.766044443118978,-0.766044443118978,0.6427876096865394,-0.9374831999955,1.0193526076824777,-40.00000_-50.00000,1.020005,1.7732086,0.00065243244,0.0018087626
L0000.ANS,-40.0,-40.0,9.000134400036,2002/01/00,0,6.21,TOTAL,1.8586,0.12228,microSv/hr,ICRP Pub. 103 EFFECTIVE DOSE,-0.6427876096865393,0.766044443118978,-0.6427876096865393,0.766044443118978,-0.9374831999955,1.0503319944928777,-40.00000_-40.00000,1.0562658,1.8756129,0.005933881,0.017012954
L0000.ANS,-40.0,-30.0,9.000134400036,2002/01/00,0,5.51,TOTAL,1.9652,0.12848,microSv/hr,ICRP Pub. 103 EFFECTIVE DOSE,-0.6427876096865393,0.766044443118978,-0.49999999999999994,0.8660254037844387,-0.9374831999955,1.0869444838004276,-40.00000_-30.00000,1.0982237,1.9988344,0.011279225,0.033634424
L0000.ANS,-40.0,-20.0,9.000134400036,2002/01/00,0,4.69,TOTAL,2.0998,0.13625,microSv/hr,ICRP Pub. 103 EFFECTIVE DOSE,-0.6427876096865393,0.766044443118978,-0.3420201433256687,0.9396926207859084,-0.9374831999955,1.1313375932808134,-40.00000_-20.00000,1.1347522,2.1104026,0.0034145117,0.010602474
L0000.ANS,-40.0,-10.0,9.000134400036,2002/01/00,0,4.12,TOTAL,2.1985,0.14124,microSv/hr,ICRP Pub. 103 EFFECTIVE DOSE,-0.6427876096865393,0.766044443118978,-0.17364817766693033,0.984807753012208,-0.9374831999955,1.1626819499080554,-40.00000_-10.00000,1.1660459,2.2092776,0.003363967,0.010777712
L0000.ANS,-40.0,0.0,9.000134400036,2002/01/00,0,3.75,TOTAL,2.2627,0.14348,microSv/hr,ICRP Pub. 103 EFFECTIVE DOSE,-0.6427876096865393,0.766044443118978,0.0,1.0,-0.9374831999955,1.1825550734518715,-40.00000_0.00000,1.1859405,2.2737644,0.0033854246,0.011064291
L0000.ANS,-40.0,10.0,9.000134400036,2002/01/00,0,3.5,TOTAL,2.3068,0.14502,microSv/hr,ICRP Pub. 103 EFFECTIVE DOSE,-0.6427876096865393,0.766044443118978,0.17364817766693033,0.984807753012208,-0.9374831999955,1.1959809543963835,-40.00000_10.00000,1.1987858,2.316088,0.0028048754,0.009288073
L0000.ANS,-40.0,20.0,9.000134400036,2002/01/00,0,3.46,TOTAL,2.3126,0.14523,microSv/hr,ICRP Pub. 103 EFFECTIVE DOSE,-0.6427876096865393,0.766044443118978,0.3420201433256687,0.9396926207859084,-0.9374831999955,1.1977333795359169,-40.00000_20.00000,1.2028753,2.3296769,0.0051418543,0.01707673
L0000.ANS,-40.0,30.0,9.000134400036,2002/01/00,0,3.44,TOTAL,2.3171,0.14541,microSv/hr,ICRP Pub. 103 EFFECTIVE DOSE,-0.6427876096865393,0.766044443118978,0.49999999999999994,0.8660254037844387,-0.9374831999955,1.1990909072343288,-40.00000_30.00000,1.2078907,2.3464189,0.008799791,0.02931881
L0000.ANS,-40.0,40.0,9.000134400036,2002/01/00,0,3.32,TOTAL,2.3375,0.14654,microSv/hr,ICRP Pub. 103 EFFECTIVE DOSE,-0.6427876096865393,0.766044443118978,0.6427876096865393,0.766044443118978,-0.9374831999955,1.205222023726368,-40.00000_40.00000,1.2112277,2.357604,0.006005645,0.020103931
L0000.ANS,-40.0,50.0,9.000134400036,2002/01/00,0,3.14,TOTAL,2.3674,0.14725,microSv/hr,ICRP Pub. 103 EFFECTIVE DOSE,-0.6427876096865393,0.766044443118978,0.766044443118978,0.6427876096865394,-0.9374831999955,1.2141409332415622,-40.00000_50.00000,1.2159803,2.3735995,0.0018393993,0.0061995983
L0000.ANS,-40.0,60.0,9.000134400036,2002/01/00,0,2.9,TOTAL,2.4058,0.14871,microSv/hr,ICRP Pub. 103 EFFECTIVE DOSE,-0.6427876096865393,0.766044443118978,0.8660254037844386,0.5000000000000001,-0.9374831999955,1.2254798606103672,-40.00000_60.00000,1.22914,2.4182887,0.003660202,0.012488842
L0000.ANS,-40.0,70.0,9.000134400036,2002/01/00,0,2.63,TOTAL,2.4477,0.14994,microSv/hr,ICRP Pub. 103 EFFECTIVE DOSE,-0.6427876096865393,0.766044443118978,0.9396926207859083,0.3420201433256688,-0.9374831999955,1.2377073420555647,-40.00000_70.00000,1.2409235,2.4588063,0.0032161474,0.011106253
L0000.ANS,-40.0,80.0,9.000134400036,2002/01/00,0,2.4,TOTAL,2.4807,0.15076,microSv/hr,ICRP Pub. 103 EFFECTIVE DOSE,-0.6427876096865393,0.766044443118978,0.984807753012208,0.17364817766693041,-0.9374831999955,1.2472334229838373,-40.00000_80.00000,1.2497188,2.4893615,0.0024853945,0.008661509
L0000.ANS,-40.0,90.0,9.000134400036,2002/01/00,0,2.15,TOTAL,2.5117,0.15136,microSv/hr,ICRP Pub. 103 EFFECTIVE DOSE,-0.6427876096865393,0.766044443118978,1.0,6.123233995736766e-17,-0.9374831999955,1.256100250711953,-40.00000_90.00000,1.2556988,2.5102906,-0.0004014969,-0.0014095306
L0000.ANS,-40.0,100.0,9.000134400036,2002/01/00,0,2.06,TOTAL,2.5218,0.15144,microSv/hr,ICRP Pub. 103 EFFECTIVE DOSE,-0.6427876096865393,0.766044443118978,0.984807753012208,-0.1736481776669303,-0.9374831999955,1.2589722225445406,-40.00000_100.00000,1.2574555,2.5164623,-0.0015166998,-0.0053374767
L0000.ANS,-40.0,110.0,9.000134400036,2002/01/00,0,2.05,TOTAL,2.5231,0.15146,microSv/hr,ICRP Pub. 103 EFFECTIVE DOSE,-0.6427876096865393,0.766044443118978,0.9396926207859084,-0.3420201433256687,-0.9374831999955,1.2593412838554905,-40.00000_110.00000,1.2613919,2.5303319,0.0020506382,0.0072319508
L0000.ANS,-40.0,120.0,9.000134400036,2002/01/00,0,2.08,TOTAL,2.5196,0.15141,microSv/hr,ICRP Pub. 103 EFFECTIVE DOSE,-0.6427876096865393,0.766044443118978,0.8660254037844387,-0.4999999999999998,-0.9374831999955,1.2583473467892685,-40.00000_120.00000,1.2531004,2.5011811,-0.005246997,-0.018419027
L0000.ANS,-40.0,130.0,9.000134400036,2002/01/00,0,2.2,TOTAL,2.5056,0.15117,microSv/hr,ICRP Pub. 103 EFFECTIVE DOSE,-0.6427876096865393,0.766044443118978,0.766044443118978,-0.6427876096865394,-0.9374831999955,1.254361689859065,-40.00000_130.00000,1.2574879,2.5165763,0.0031261444,0.010976076
L0000.ANS,-40.0,140.0,9.000134400036,2002/01/00,0,2.36,TOTAL,2.4856,0.1508,microSv/hr,ICRP Pub. 103 EFFECTIVE DOSE,-0.6427876096865393,0.766044443118978,0.6427876096865395,-0.7660444431189779,-0.9374831999955,1.2486401958210953,-40.00000_140.00000,1.2475033,2.4816394,-0.001136899,-0.0039606094
L0000.ANS,-40.0,150.0,9.000134400036,2002/01/00,0,2.63,TOTAL,2.4471,0.14994,microSv/hr,ICRP Pub. 103 EFFECTIVE DOSE,-0.6427876096865393,0.766044443118978,0.49999999999999994,-0.8660254037844387,-0.9374831999955,1.2375332978478966,-40.00000_150.00000,1.237795,2.4480023,0.0002616644,0.0009021759
L0000.ANS,-40.0,160.0,9.000134400036,2002/01/00,0,3.0,TOTAL,2.3904,0.1482,microSv/hr,ICRP Pub. 103 EFFECTIVE DOSE,-0.6427876096865393,0.766044443118978,0.3420201433256689,-0.9396926207859083,-0.9374831999955,1.2209479085318975,-40.00000_160.00000,1.2152567,2.3711593,-0.0056911707,-0.019240618
L0000.ANS,-40.0,170.0,9.000134400036,2002/01/00,0,3.45,TOTAL,2.3153,0.14534,microSv/hr,ICRP Pub. 103 EFFECTIVE DOSE,-0.6427876096865393,0.766044443118978,0.17364817766693028,-0.984807753012208,-0.9374831999955,1.1985481172807093,-40.00000_170.00000,1.1953495,2.3047123,-0.0031986237,-0.010587692
L0000.ANS,-35.0,-179.99999,9.000134400036,2002/01/00,0,5.5,TOTAL,1.9656,0.1285,microSv/hr,ICRP Pub. 103 EFFECTIVE DOSE,-0.573576436351046,0.8191520442889918,-1.745329251238221e-07,-0.9999999999999848,-0.9374831999955,1.0870793728543855,-35.00000_-179.99999,1.0793991,1.9429107,-0.007680297,-0.022689462
L0000.ANS,-35.0,-170.0,9.000134400036,2002/01/00,0,6.09,TOTAL,1.8763,0.12353,microSv/hr,ICRP Pub. 103 EFFECTIVE DOSE,-0.573576436351046,0.8191520442889918,-0.17364817766693028,-0.984807753012208,-0.9374831999955,1.0565047459625403,-35.00000_-170.00000,1.0439631,1.8404517,-0.012541652,-0.03584826
L0000.ANS,-35.0,-160.0,9.000134400036,2002/01/00,0,6.79,TOTAL,1.7757,0.11769,microSv/hr,ICRP Pub. 103 EFFECTIVE DOSE,-0.573576436351046,0.8191520442889918,-0.3420201433256689,-0.9396926207859083,-0.9374831999955,1.0209029676404,-35.00000_-160.00000,1.0200741,1.7734003,-0.0008288622,-0.0022997856
L0000.ANS,-35.0,-150.0,9.000134400036,2002/01/00,0,7.8,TOTAL,1.6478,0.10915,microSv/hr,ICRP Pub. 103 EFFECTIVE DOSE,-0.573576436351046,0.8191520442889918,-0.49999999999999994,-0.8660254037844387,-0.9374831999955,0.9737291065214194,-35.00000_-150.00000,0.98509014,1.6780533,0.011361003,0.030253172
L0000.ANS,-35.0,-140.0,9.000134400036,2002/01/00,0,8.57,TOTAL,1.5598,0.10418,microSv/hr,ICRP Pub. 103 EFFECTIVE DOSE,-0.573576436351046,0.8191520442889918,-0.6427876096865395,-0.7660444431189779,-0.9374831999955,0.9399291304395544,-35.00000_-140.00000,0.9552916,1.5994285,0.015362501,0.039628625
L0000.ANS,-35.0,-130.0,9.000134400036,2002/01/00,0,8.49,TOTAL,1.5679,0.10515,microSv/hr,ICRP Pub. 103 EFFECTIVE DOSE,-0.573576436351046,0.8191520442889918,-0.766044443118978,-0.6427876096865394,-0.9374831999955,0.9430884442595329,-35.00000_-130.00000,0.9236515,1.5184698,-0.019436955,-0.04943025
L0000.ANS,-35.0,-120.0,9.000134400036,2002/01/00,0,9.83,TOTAL,1.4083,0.092692,microSv/hr,ICRP Pub. 103 EFFECTIVE DOSE,-0.573576436351046,0.8191520442889918,-0.8660254037844387,-0.4999999999999998,-0.9374831999955,0.8789211044041512,-35.00000_-120.00000,0.8776559,1.405255,-0.0012651682,-0.0030449629
L0000.ANS,-35.0,-110.0,9.000134400036,2002/01/00,0,10.65,TOTAL,1.3245,0.087322,microSv/hr,ICRP Pub. 103 EFFECTIVE DOSE,-0.573576436351046,0.8191520442889918,-0.9396926207859084,-0.3420201433256687,-0.9374831999955,0.8435049621485023,-35.00000_-110.00000,0.8414384,1.3197012,-0.0020665526,-0.00479877
L0000.ANS,-35.0,-100.0,9.000134400036,2002/01/00,0,10.72,TOTAL,1.319,0.086735,microSv/hr,ICRP Pub. 103 EFFECTIVE DOSE,-0.573576436351046,0.8191520442889918,-0.984807753012208,-0.1736481776669303,-0.9374831999955,0.8411360582733945,-35.00000_-100.00000,0.8341055,1.3027533,-0.0070305467,-0.016246676
L0000.ANS,-35.0,-90.0,9.000134400036,2002/01/00,0,10.51,TOTAL,1.3361,0.088669,microSv/hr,ICRP Pub. 103 EFFECTIVE DOSE,-0.573576436351046,0.8191520442889918,-1.0,6.123233995736766e-17,-0.9374831999955,0.8484828722689131,-35.00000_-90.00000,0.85490495,1.3511509,0.0064221025,0.015050888
L0000.ANS,-35.0,-80.0,9.000134400036,2002/01/00,0,10.07,TOTAL,1.3807,0.09092,microSv/hr,ICRP Pub. 103 EFFECTIVE DOSE,-0.573576436351046,0.8191520442889918,-0.984807753012208,0.17364817766693041,-0.9374831999955,0.867394562086326,-35.00000_-80.00000,0.8750438,1.3989804,0.007649243,0.018280387
L0000.ANS,-35.0,-70.0,9.000134400036,2002/01/00,0,9.54,TOTAL,1.4415,0.095857,microSv/hr,ICRP Pub. 103 EFFECTIVE DOSE,-0.573576436351046,0.8191520442889918,-0.9396926207859083,0.3420201433256688,-0.9374831999955,0.8926126045195779,-35.00000_-70.00000,0.888628,1.431791,-0.0039845705,-0.009709001
L0000.ANS,-35.0,-60.0,9.000134400036,2002/01/00,0,8.82,TOTAL,1.5298,0.10119,microSv/hr,ICRP Pub. 103 EFFECTIVE DOSE,-0.573576436351046,0.8191520442889918,-0.8660254037844386,0.5000000000000001,-0.9374831999955,0.9281402482313044,-35.00000_-60.00000,0.92606443,1.524554,-0.0020757914,-0.005245924
L0000.ANS,-35.0,-50.0,9.000134400036,2002/01/00,0,7.95,TOTAL,1.6297,0.10781,microSv/hr,ICRP Pub. 103 EFFECTIVE DOSE,-0.573576436351046,0.8191520442889918,-0.766044443118978,0.6427876096865394,-0.9374831999955,0.9668697712423091,-35.00000_-50.00000,0.9766201,1.6554658,0.009750307,0.025765896
L0000.ANS,-35.0,-40.0,9.000134400036,2002/01/00,0,6.86,TOTAL,1.7666,0.11687,microSv/hr,ICRP Pub. 103 EFFECTIVE DOSE,-0.573576436351046,0.8191520442889918,-0.6427876096865393,0.766044443118978,-0.9374831999955,1.017619129458578,-35.00000_-40.00000,1.0172728,1.7656422,-0.000346303,-0.00095784664
L0000.ANS,-35.0,-30.0,9.000134400036,2002/01/00,0,6.31,TOTAL,1.844,0.1215,microSv/hr,ICRP Pub. 103 EFFECTIVE DOSE,-0.573576436351046,0.8191520442889918,-0.49999999999999994,0.8660254037844387,-0.9374831999955,1.0452115119409946,-35.00000_-30.00000,1.0593762,1.8845711,0.014164686,0.040570974
L0000.ANS,-35.0,-20.0,9.000134400036,2002/01/00,0,5.57,TOTAL,1.9544,0.12792,microSv/hr,ICRP Pub. 103 EFFECTIVE DOSE,-0.573576436351046,0.8191520442889918,-0.3420201433256687,0.9396926207859084,-0.9374831999955,1.0832955845562164,-35.00000_-20.00000,1.0842755,1.9572964,0.0009799004,0.002896428
L0000.ANS,-35.0,-10.0,9.000134400036,2002/01/00,0,4.94,TOTAL,2.0575,0.13353,microSv/hr,ICRP Pub. 103 EFFECTIVE DOSE,-0.573576436351046,0.8191520442889918,-0.17364817766693033,0.984807753012208,-0.9374831999955,1.1175975885791904,-35.00000_-10.00000,1.121681,2.0700104,0.004083395,0.012510538
L0000.ANS,-35.0,0.0,9.000134400036,2002/01/00,0,4.57,TOTAL,2.1197,0.1374,microSv/hr,ICRP Pub. 103 EFFECTIVE DOSE,-0.573576436351046,0.8191520442889918,0.0,1.0,-0.9374831999955,1.1377368433521597,-35.00000_0.00000,1.1468968,2.1484077,0.009160042,0.028707743
L0000.ANS,-35.0,10.0,9.000134400036,2002/01/00,0,4.41,TOTAL,2.1476,0.13809,microSv/hr,ICRP Pub. 103 EFFECTIVE DOSE,-0.573576436351046,0.8191520442889918,0.17364817766693033,0.984807753012208,-0.9374831999955,1.1466402576786914,-35.00000_10.00000,1.1548783,2.173637,0.008237958,0.02603674
L0000.ANS,-35.0,20.0,9.000134400036,2002/01/00,0,4.32,TOTAL,2.1632,0.13883,microSv/hr,ICRP Pub. 103 EFFECTIVE DOSE,-0.573576436351046,0.8191520442889918,0.3420201433256687,0.9396926207859084,-0.9374831999955,1.1515841734342154,-35.00000_20.00000,1.1467097,2.1478186,-0.004874468,-0.015381336
L0000.ANS,-35.0,30.0,9.000134400036,2002/01/00,0,4.33,TOTAL,2.1611,0.13872,microSv/hr,ICRP Pub. 103 EFFECTIVE DOSE,-0.573576436351046,0.8191520442889918,0.49999999999999994,0.8660254037844387,-0.9374831999955,1.1509200682914544,-35.00000_30.00000,1.1471679,2.1492612,-0.0037521124,-0.011838675
L0000.ANS,-35.0,40.0,9.000134400036,2002/01/00,0,4.41,TOTAL,2.1483,0.13812,microSv/hr,ICRP Pub. 103 EFFECTIVE DOSE,-0.573576436351046,0.8191520442889918,0.6427876096865393,0.766044443118978,-0.9374831999955,1.1468626246168205,-35.00000_40.00000,1.1464951,2.1471431,-0.00036752224,-0.001156807
L0000.ANS,-35.0,50.0,9.000134400036,2002/01/00,0,4.28,TOTAL,2.1701,0.1392,microSv/hr,ICRP Pub. 103 EFFECTIVE DOSE,-0.573576436351046,0.8191520442889918,0.766044443118978,0.6427876096865394,-0.9374831999955,1.1537631331329579,-35.00000_50.00000,1.1522263,2.165232,-0.0015368462,-0.004868269
L0000.ANS,-35.0,60.0,9.000134400036,2002/01/00,0,4.15,TOTAL,2.1928,0.14077,microSv/hr,ICRP Pub. 103 EFFECTIVE DOSE,-0.573576436351046,0.8191520442889918,0.8660254037844386,0.5000000000000001,-0.9374831999955,1.160898274752387,-35.00000_60.00000,1.1567209,2.17949,-0.004177451,-0.013309956
L0000.ANS,-35.0,70.0,9.000134400036,2002/01/00,0,4.0,TOTAL,2.2186,0.14156,microSv/hr,ICRP Pub. 103 EFFECTIVE DOSE,-0.573576436351046,0.8191520442889918,0.9396926207859083,0.3420201433256688,-0.9374831999955,1.1689464824022573,-35.00000_70.00000,1.1638644,2.2022843,-0.0050821304,-0.016315699
L0000.ANS,-35.0,80.0,9.000134400036,2002/01/00,0,3.7,TOTAL,2.2705,0.14403,microSv/hr,ICRP Pub. 103 EFFECTIVE DOSE,-0.573576436351046,0.8191520442889918,0.984807753012208,0.17364817766693041,-0.9374831999955,1.1849428784191305,-35.00000_80.00000,1.1851938,2.2713206,0.00025093555,0.00082063675
L0000.ANS,-35.0,90.0,9.000134400036,2002/01/00,0,3.49,TOTAL,2.3074,0.14504,microSv/hr,ICRP Pub. 103 EFFECTIVE DOSE,-0.573576436351046,0.8191520442889918,1.0,6.123233995736766e-17,-0.9374831999955,1.1961623822339589,-35.00000_90.00000,1.1988724,2.3163755,0.002710104,0.008975744
L0000.ANS,-35.0,100.0,9.000134400036,2002/01/00,0,3.43,TOTAL,2.3184,0.14547,microSv/hr,ICRP Pub. 103 EFFECTIVE DOSE,-0.573576436351046,0.8191520442889918,0.984807753012208,-0.1736481776669303,-0.9374831999955,1.1994827390530711,-35.00000_100.00000,1.198497,2.3151307,-0.0009857416,-0.003269434
L0000.ANS,-35.0,110.0,9.000134400036,2002/01/00,0,3.41,TOTAL,2.3211,0.1456,microSv/hr,ICRP Pub. 103 EFFECTIVE DOSE,-0.573576436351046,0.8191520442889918,0.9396926207859084,-0.3420201433256687,-0.9374831999955,1.2002960533534952,-35.00000_110.00000,1.1972778,2.3110912,-0.00301826,-0.010008812
L0000.ANS,-35.0,120.0,9.000134400036,2002/01/00,0,3.4,TOTAL,2.3227,0.14568,microSv/hr,ICRP Pub. 103 EFFECTIVE DOSE,-0.573576436351046,0.8191520442889918,0.8660254037844387,-0.4999999999999998,-0.9374831999955,1.2007777054293953,-35.00000_120.00000,1.1977842,2.3127682,-0.0029934645,-0.009931564
L0000.ANS,-35.0,130.0,9.000134400036,2002/01/00,0,3.54,TOTAL,2.2984,0.14478,microSv/hr,ICRP Pub. 103 EFFECTIVE DOSE,-0.573576436351046,0.8191520442889918,0.766044443118978,-0.6427876096865394,-0.9374831999955,1.1934375024105532,-35.00000_130.00000,1.1917711,2.2929082,-0.0016663074,-0.0054917336
L0000.ANS,-35.0,140.0,9.000134400036,2002/01/00,0,3.77,TOTAL,2.2583,0.14321,microSv/hr,ICRP Pub. 103 EFFECTIVE DOSE,-0.573576436351046,0.8191520442889918,0.6427876096865395,-0.7660444431189779,-0.9374831999955,1.181205586971963,-35.00000_140.00000,1.1783559,2.2490282,-0.002849698,-0.00927186
L0000.ANS,-35.0,150.0,9.000134400036,2002/01/00,0,4.17,TOTAL,2.1894,0.1405,microSv/hr,ICRP Pub. 103 EFFECTIVE DOSE,-0.573576436351046,0.8191520442889918,0.49999999999999994,-0.8660254037844387,-0.9374831999955,1.1598328113317349,-35.00000_150.00000,1.161891,2.195971,0.0020581484,0.006570816
L0000.ANS,-35.0,160.0,9.000134400036,2002/01/00,0,4.6,TOTAL,2.114,0.13737,microSv/hr,ICRP Pub. 103 EFFECTIVE DOSE,-0.573576436351046,0.8191520442889918,0.3420201433256689,-0.9396926207859083,-0.9374831999955,1.1359080734118066,-35.00000_160.00000,1.13361,2.106852,-0.0022981167,-0.0071480274
L0000.ANS,-35.0,170.0,9.000134400036,2002/01/00,0,5.04,TOTAL,2.0406,0.13291,microSv/hr,ICRP Pub. 103 EFFECTIVE DOSE,-0.573576436351046,0.8191520442889918,0.17364817766693028,-0.984807753012208,-0.9374831999955,1.1120548643645987,-35.00000_170.00000,1.1073633,2.0263684,-0.0046914816,-0.014231443
L0000.ANS,-30.0,-179.99999,9.000134400036,2002/01/00,0,7.8,TOTAL,1.6478,0.10915,microSv/hr,ICRP Pub. 103 EFFECTIVE DOSE,-0.49999999999999994,0.8660254037844387,-1.745329251238221e-07,-0.9999999999999848,-0.9374831999955,0.9737291065214194,-30.00000_-179.99999,0.97269017,1.6450505,-0.0010389686,-0.0027495623
L0000.ANS,-30.0,-170.0,9.000134400036,2002/01/00,0,8.75,TOTAL,1.5395,0.10205,microSv/hr,ICRP Pub. 103 EFFECTIVE DOSE,-0.49999999999999994,0.8660254037844387,-0.17364817766693028,-0.984807753012208,-0.9374831999955,0.9319672112591627,-30.00000_-170.00000,0.93838024,1.5558382,0.0064130425,0.01633823
L0000.ANS,-30.0,-160.0,9.000134400036,2002/01/00,0,9.41,TOTAL,1.4561,0.097631,microSv/hr,ICRP Pub. 103 EFFECTIVE DOSE,-0.49999999999999994,0.8660254037844387,-0.3420201433256689,-0.9396926207859083,-0.9374831999955,0.8985747260683751,-30.00000_-160.00000,0.90953845,1.4831761,0.010963738,0.027076125
L0000.ANS,-30.0,-150.0,9.000134400036,2002/01/00,0,8.87,TOTAL,1.5239,0.10072,microSv/hr,ICRP Pub. 103 EFFECTIVE DOSE,-0.49999999999999994,0.8660254037844387,-0.49999999999999994,-0.8660254037844387,-0.9374831999955,0.9258053242427405,-30.00000_-150.00000,0.90139484,1.4630363,-0.024410486,-0.060863733
L0000.ANS,-30.0,-140.0,9.000134400036,2002/01/00,0,10.0,TOTAL,1.3895,0.091472,microSv/hr,ICRP Pub. 103 EFFECTIVE DOSE,-0.49999999999999994,0.8660254037844387,-0.6427876096865395,-0.7660444431189779,-0.9374831999955,0.8710841390360758,-30.00000_-140.00000,0.8682215,1.3826696,-0.0028626323,-0.006830454
L0000.ANS,-30.0,-130.0,9.000134400036,2002/01/00,0,11.29,TOTAL,1.2747,0.083145,microSv/hr,ICRP Pub. 103 EFFECTIVE DOSE,-0.49999999999999994,0.8660254037844387,-0.766044443118978,-0.6427876096865394,-0.9374831999955,0.821848175575679,-30.00000_-130.00000,0.83111745,1.2958828,0.009269297,0.021182895
L0000.ANS,-30.0,-120.0,9.000134400036,2002/01/00,0,11.51,TOTAL,1.2586,0.082225,microSv/hr,ICRP Pub. 103 EFFECTIVE DOSE,-0.49999999999999994,0.8660254037844387,-0.8660254037844387,-0.4999999999999998,-0.9374831999955,0.8147451523074328,-30.00000_-120.00000,0.813331,1.2554083,-0.0014141202,-0.0031917095
L0000.ANS,-30.0,-110.0,9.000134400036,2002/01/00,0,11.57,TOTAL,1.2536,0.082016,microSv/hr,ICRP Pub. 103 EFFECTIVE DOSE,-0.49999999999999994,0.8660254037844387,-0.9396926207859084,-0.3420201433256687,-0.9374831999955,0.8125289375800258,-30.00000_-110.00000,0.8083977,1.2443091,-0.004131198,-0.009290814
L0000.ANS,-30.0,-100.0,9.000134400036,2002/01/00,0,11.5,TOTAL,1.2592,0.082253,microSv/hr,ICRP Pub. 103 EFFECTIVE DOSE,-0.49999999999999994,0.8660254037844387,-0.984807753012208,-0.1736481776669303,-0.9374831999955,0.815010768316786,-30.00000_-100.00000,0.8127677,1.2541381,-0.0022431016,-0.005061984
L0000.ANS,-30.0,-90.0,9.000134400036,2002/01/00,0,11.29,TOTAL,1.2748,0.083156,microSv/hr,ICRP Pub. 103 EFFECTIVE DOSE,-0.49999999999999994,0.8660254037844387,-1.0,6.123233995736766e-17,-0.9374831999955,0.8218921364505075,-30.00000_-90.00000,0.8255315,1.2830939,0.0036393404,0.008293867
L0000.ANS,-30.0,-80.0,9.000134400036,2002/01/00,0,10.89,TOTAL,1.3059,0.085483,microSv/hr,ICRP Pub. 103 EFFECTIVE DOSE,-0.49999999999999994,0.8660254037844387,-0.984807753012208,0.17364817766693041,-0.9374831999955,0.8354710557721408,-30.00000_-80.00000,0.8475424,1.333904,0.012071371,0.02800405
L0000.ANS,-30.0,-70.0,9.000134400036,2002/01/00,0,10.36,TOTAL,1.3489,0.089665,microSv/hr,ICRP Pub. 103 EFFECTIVE DOSE,-0.49999999999999994,0.8660254037844387,-0.9396926207859083,0.3420201433256688,-0.9374831999955,0.8539471334636528,-30.00000_-70.00000,0.85632646,1.3544955,0.0023792982,0.0055954456
L0000.ANS,-30.0,-60.0,9.000134400036,2002/01/00,0,9.79,TOTAL,1.4124,0.093012,microSv/hr,ICRP Pub. 103 EFFECTIVE DOSE,-0.49999999999999994,0.8660254037844387,-0.8660254037844386,0.5000000000000001,-0.9374831999955,0.8806221025946948,-30.00000_-60.00000,0.87837124,1.4069761,-0.0022508502,-0.0054239035
L0000.ANS,-30.0,-50.0,9.000134400036,2002/01/00,0,9.0,TOTAL,1.5068,0.099584,microSv/hr,ICRP Pub. 103 EFFECTIVE DOSE,-0.49999999999999994,0.8660254037844387,-0.766044443118978,0.6427876096865394,-0.9374831999955,0.9190070393683833,-30.00000_-50.00000,0.9177029,1.5035329,-0.0013041496,-0.003267169
L0000.ANS,-30.0,-40.0,9.000134400036,2002/01/00,0,8.09,TOTAL,1.6136,0.10693,microSv/hr,ICRP Pub. 103 EFFECTIVE DOSE,-0.49999999999999994,0.8660254037844387,-0.6427876096865393,0.766044443118978,-0.9374831999955,0.9607285813047233,-30.00000_-40.00000,0.96617514,1.6278739,0.005446553,0.014273882
L0000.ANS,-30.0,-30.0,9.000134400036,2002/01/00,0,7.1,TOTAL,1.7343,0.11467,microSv/hr,ICRP Pub. 103 EFFECTIVE DOSE,-0.49999999999999994,0.8660254037844387,-0.49999999999999994,0.8660254037844387,-0.9374831999955,1.0058754616162435,-30.00000_-30.00000,1.0116261,1.7500694,0.005750656,0.015769362
L0000.ANS,-30.0,-20.0,9.000134400036,2002/01/00,0,6.46,TOTAL,1.8216,0.12074,microSv/hr,ICRP Pub. 103 EFFECTIVE DOSE,-0.49999999999999994,0.8660254037844387,-0.3420201433256687,0.9396926207859084,-0.9374831999955,1.0373040999397052,-30.00000_-20.00000,1.0389929,1.826369,0.001688838,0.004769206
L0000.ANS,-30.0,-10.0,9.000134400036,2002/01/00,0,6.01,TOTAL,1.8878,0.12451,microSv/hr,ICRP Pub. 103 EFFECTIVE DOSE,-0.49999999999999994,0.8660254037844387,-0.17364817766693033,0.984807753012208,-0.9374831999955,1.0604949665549817,-30.00000_-10.00000,1.0550327,1.8720691,-0.005462289,-0.015730977
L0000.ANS,-30.0,0.0,9.000134400036,2002/01/00,0,5.75,TOTAL,1.9268,0.12705,microSv/hr,ICRP Pub. 103 EFFECTIVE DOSE,-0.49999999999999994,0.8660254037844387,0.0,1.0,-0.9374831999955,1.0739096760277378,-30.00000_0.00000,1.0816996,1.9496887,0.0077899694,0.02288878
L0000.ANS,-30.0,10.0,9.000134400036,2002/01/00,0,5.68,TOTAL,1.9372,0.12728,microSv/hr,ICRP Pub. 103 EFFECTIVE DOSE,-0.49999999999999994,0.8660254037844387,0.17364817766693033,0.984807753012208,-0.9374831999955,1.0774567465953184,-30.00000_10.00000,1.0830866,1.9537827,0.005629897,0.016582847
L0000.ANS,-30.0,20.0,9.000134400036,2002/01/00,0,5.75,TOTAL,1.9263,0.12704,microSv/hr,ICRP Pub. 103 EFFECTIVE DOSE,-0.49999999999999994,0.8660254037844387,0.3420201433256687,0.9396926207859084,-0.9374831999955,1.0737388263920862,-30.00000_20.00000,1.0745792,1.9287603,0.0008404255,0.0024603605
L0000.ANS,-30.0,30.0,9.000134400036,2002/01/00,0,5.92,TOTAL,1.9008,0.12579,microSv/hr,ICRP Pub. 103 EFFECTIVE DOSE,-0.49999999999999994,0.8660254037844387,0.49999999999999994,0.8660254037844387,-0.9374831999955,1.0649865610184497,-30.00000_30.00000,1.068612,1.9113357,0.003625393,0.010535598
L0000.ANS,-30.0,40.0,9.000134400036,2002/01/00,0,5.97,TOTAL,1.8926,0.12496,microSv/hr,ICRP Pub. 103 EFFECTIVE DOSE,-0.49999999999999994,0.8660254037844387,0.6427876096865393,0.766044443118978,-0.9374831999955,1.0621557516574947,-30.00000_40.00000,1.0629886,1.8950102,0.0008329153,0.0024102926
L0000.ANS,-30.0,50.0,9.000134400036,2002/01/00,0,5.84,TOTAL,1.9129,0.12692,microSv/hr,ICRP Pub. 103 EFFECTIVE DOSE,-0.49999999999999994,0.8660254037844387,0.766044443118978,0.6427876096865394,-0.9374831999955,1.0691491485174682,-30.00000_50.00000,1.06796,1.9094383,-0.0011891127,-0.0034617186
L0000.ANS,-30.0,60.0,9.000134400036,2002/01/00,0,5.63,TOTAL,1.9456,0.12755,microSv/hr,ICRP Pub. 103 EFFECTIVE DOSE,-0.49999999999999994,0.8660254037844387,0.8660254037844386,0.5000000000000001,-0.9374831999955,1.0803125314966764,-30.00000_60.00000,1.0712606,1.9190569,-0.009051919,-0.026543021
L0000.ANS,-30.0,70.0,9.000134400036,2002/01/00,0,5.48,TOTAL,1.969,0.12871,microSv/hr,ICRP Pub. 103 EFFECTIVE DOSE,-0.49999999999999994,0.8660254037844387,0.9396926207859083,0.3420201433256688,-0.9374831999955,1.088225195781623,-30.00000_70.00000,1.0841796,1.957013,-0.0040456057,-0.01198709
L0000.ANS,-30.0,80.0,9.000134400036,2002/01/00,0,5.33,TOTAL,1.9937,0.13053,microSv/hr,ICRP Pub. 103 EFFECTIVE DOSE,-0.49999999999999994,0.8660254037844387,0.984807753012208,0.17364817766693041,-0.9374831999955,1.0965100805762396,-30.00000_80.00000,1.0932504,1.9839573,-0.0032596588,-0.009742618
L0000.ANS,-30.0,90.0,9.000134400036,2002/01/00,0,5.25,TOTAL,2.0064,0.13163,microSv/hr,ICRP Pub. 103 EFFECTIVE DOSE,-0.49999999999999994,0.8660254037844387,1.0,6.123233995736766e-17,-0.9374831999955,1.1007433496770638,-30.00000_90.00000,1.1033509,2.0142496,0.002607584,0.007849693
L0000.ANS,-30.0,100.0,9.000134400036,2002/01/00,0,5.22,TOTAL,2.0102,0.13198,microSv/hr,ICRP Pub. 103 EFFECTIVE DOSE,-0.49999999999999994,0.8660254037844387,0.984807753012208,-0.1736481776669303,-0.9374831999955,1.1020065217361252,-30.00000_100.00000,1.1011972,2.0077648,-0.00080931187,-0.0024352074
L0000.ANS,-30.0,110.0,9.000134400036,2002/01/00,0,5.2,TOTAL,2.013,0.13225,microSv/hr,ICRP Pub. 103 EFFECTIVE DOSE,-0.49999999999999994,0.8660254037844387,0.9396926207859084,-0.3420201433256687,-0.9374831999955,1.102936260148164,-30.00000_110.00000,1.1017106,2.0093093,-0.0012257099,-0.0036907196
L0000.ANS,-30.0,120.0,9.000134400036,2002/01/00,0,5.3,TOTAL,1.9978,0.13089,microSv/hr,ICRP Pub. 103 EFFECTIVE DOSE,-0.49999999999999994,0.8660254037844387,0.8660254037844387,-0.4999999999999998,-0.9374831999955,1.0978786863143584,-30.00000_120.00000,1.0948215,1.988649,-0.0030572414,-0.009150982
L0000.ANS,-30.0,130.0,9.000134400036,2002/01/00,0,5.39,TOTAL,1.9833,0.12969,microSv/hr,ICRP Pub. 103 EFFECTIVE DOSE,-0.49999999999999994,0.8660254037844387,0.766044443118978,-0.6427876096865394,-0.9374831999955,1.0930300703718763,-30.00000_130.00000,1.0901365,1.9746802,-0.002893567,-0.0086199045
L0000.ANS,-30.0,140.0,9.000134400036,2002/01/00,0,5.52,TOTAL,1.963,0.12835,microSv/hr,ICRP Pub. 103 EFFECTIVE DOSE,-0.49999999999999994,0.8660254037844387,0.6427876096865395,-0.7660444431189779,-0.9374831999955,1.0862022685914283,-30.00000_140.00000,1.0842013,1.9570771,-0.002000928,-0.0059227943
L0000.ANS,-30.0,150.0,9.000134400036,2002/01/00,0,5.82,TOTAL,1.9148,0.12693,microSv/hr,ICRP Pub. 103 EFFECTIVE DOSE,-0.49999999999999994,0.8660254037844387,0.49999999999999994,-0.8660254037844387,-0.9374831999955,1.0698012068139902,-30.00000_150.00000,1.0690401,1.9125823,-0.0007611513,-0.0022177696
L0000.ANS,-30.0,160.0,9.000134400036,2002/01/00,0,6.29,TOTAL,1.847,0.12164,microSv/hr,ICRP Pub. 103 EFFECTIVE DOSE,-0.49999999999999994,0.8660254037844387,0.3420201433256689,-0.9396926207859083,-0.9374831999955,1.0462658082959004,-30.00000_160.00000,1.0451409,1.8437991,-0.0011249781,-0.0032010078
L0000.ANS,-30.0,170.0,9.000134400036,2002/01/00,0,6.94,TOTAL,1.7559,0.11601,microSv/hr,ICRP Pub. 103 EFFECTIVE DOSE,-0.49999999999999994,0.8660254037844387,0.17364817766693028,-0.984807753012208,-0.9374831999955,1.0137440680228682,-30.00000_170.00000,1.0116581,1.7501571,-0.0020860434,-0.0057430267
L0000.ANS,-25.0,-179.99999,9.000134400036,2002/01/00,0,9.88,TOTAL,1.4024,0.092264,microSv/hr,ICRP Pub. 103 EFFECTIVE DOSE,-0.42261826174069944,0.9063077870366499,-1.745329251238221e-07,-0.9999999999999848,-0.9374831999955,0.8764682376869835,-25.00000_-179.99999,0.8712906,1.3899934,-0.005177617,-0.012406588
L0000.ANS,-25.0,-170.0,9.000134400036,2002/01/00,0,10.32,TOTAL,1.3532,0.089755,microSv/hr,ICRP Pub. 103 EFFECTIVE DOSE,-0.42261826174069944,0.9063077870366499,-0.17364817766693028,-0.984807753012208,-0.9374831999955,0.8557761040081638,-25.00000_-170.00000,0.84858066,1.3363285,-0.0071954727,-0.016871572
L0000.ANS,-25.0,-160.0,9.000134400036,2002/01/00,0,11.16,TOTAL,1.2849,0.083916,microSv/hr,ICRP Pub. 103 EFFECTIVE DOSE,-0.42261826174069944,0.9063077870366499,-0.3420201433256689,-0.9396926207859083,-0.9374831999955,0.8263222597123616,-25.00000_-160.00000,0.8231176,1.2775894,-0.0032046437,-0.0073105097
L0000.ANS,-25.0,-150.0,9.000134400036,2002/01/00,0,11.71,TOTAL,1.2435,0.0817,microSv/hr,ICRP Pub. 103 EFFECTIVE DOSE,-0.42261826174069944,0.9063077870366499,-0.49999999999999994,-0.8660254037844387,-0.9374831999955,0.808037146433901,-25.00000_-150.00000,0.81058383,1.2492207,0.002546668,0.0057207346
L0000.ANS,-25.0,-140.0,9.000134400036,2002/01/00,0,12.18,TOTAL,1.2109,0.078819,microSv/hr,ICRP Pub. 103 EFFECTIVE DOSE,-0.42261826174069944,0.9063077870366499,-0.6427876096865395,-0.7660444431189779,-0.9374831999955,0.7933996724490369,-25.00000_-140.00000,0.7945887,1.2135303,0.0011889935,0.0026302338
L0000.ANS,-25.0,-130.0,9.000134400036,2002/01/00,0,12.32,TOTAL,1.2019,0.077949,microSv/hr,ICRP Pub. 103 EFFECTIVE DOSE,-0.42261826174069944,0.9063077870366499,-0.766044443118978,-0.6427876096865394,-0.9374831999955,0.7893206240086027,-25.00000_-130.00000,0.7866656,1.1960617,-0.0026550293,-0.005838275
L0000.ANS,-25.0,-120.0,9.000134400036,2002/01/00,0,12.36,TOTAL,1.1995,0.077736,microSv/hr,ICRP Pub. 103 EFFECTIVE DOSE,-0.42261826174069944,0.9063077870366499,-0.8660254037844387,-0.4999999999999998,-0.9374831999955,0.7882300618066373,-25.00000_-120.00000,0.7904801,1.2044544,0.0022500157,0.0049544573
L0000.ANS,-25.0,-110.0,9.000134400036,2002/01/00,0,12.31,TOTAL,1.2027,0.078023,microSv/hr,ICRP Pub. 103 EFFECTIVE DOSE,-0.42261826174069944,0.9063077870366499,-0.9396926207859084,-0.3420201433256687,-0.9374831999955,0.7896838806079749,-25.00000_-110.00000,0.78692746,1.1966368,-0.0027564168,-0.006063223
L0000.ANS,-25.0,-100.0,9.000134400036,2002/01/00,0,12.15,TOTAL,1.2134,0.079083,microSv/hr,ICRP Pub. 103 EFFECTIVE DOSE,-0.42261826174069944,0.9063077870366499,-0.984807753012208,-0.1736481776669303,-0.9374831999955,0.7945297948485479,-25.00000_-100.00000,0.7920594,1.2079388,-0.002470374,-0.005461216
L0000.ANS,-25.0,-90.0,9.000134400036,2002/01/00,0,11.89,TOTAL,1.2302,0.081029,microSv/hr,ICRP Pub. 103 EFFECTIVE DOSE,-0.42261826174069944,0.9063077870366499,-1.0,6.123233995736766e-17,-0.9374831999955,0.8020912675491244,-25.00000_-90.00000,0.80414784,1.2347913,0.0020565987,0.004591346
L0000.ANS,-25.0,-80.0,9.000134400036,2002/01/00,0,11.55,TOTAL,1.2555,0.082089,microSv/hr,ICRP Pub. 103 EFFECTIVE DOSE,-0.42261826174069944,0.9063077870366499,-0.984807753012208,0.17364817766693041,-0.9374831999955,0.8133716778663136,-25.00000_-80.00000,0.8152848,1.2598191,0.0019131303,0.004319191
L0000.ANS,-25.0,-70.0,9.000134400036,2002/01/00,0,11.14,TOTAL,1.2857,0.083968,microSv/hr,ICRP Pub. 103 EFFECTIVE DOSE,-0.42261826174069944,0.9063077870366499,-0.9396926207859083,0.3420201433256688,-0.9374831999955,0.8266723231649367,-25.00000_-70.00000,0.83253616,1.2991424,0.0058638453,0.013442397
L0000.ANS,-25.0,-60.0,9.000134400036,2002/01/00,0,10.61,TOTAL,1.3277,0.087681,microSv/hr,ICRP Pub. 103 EFFECTIVE DOSE,-0.42261826174069944,0.9063077870366499,-0.8660254037844386,0.5000000000000001,-0.9374831999955,0.8448806555858763,-25.00000_-60.00000,0.8452438,1.3285455,0.0003631711,0.0008455515
L0000.ANS,-25.0,-50.0,9.000134400036,2002/01/00,0,10.0,TOTAL,1.3894,0.091468,microSv/hr,ICRP Pub. 103 EFFECTIVE DOSE,-0.42261826174069944,0.9063077870366499,-0.766044443118978,0.6427876096865394,-0.9374831999955,0.8710422884009863,-25.00000_-50.00000,0.87489897,1.398633,0.003856659,0.009232998
L0000.ANS,-25.0,-40.0,9.000134400036,2002/01/00,0,9.23,TOTAL,1.4783,0.09821,microSv/hr,ICRP Pub. 103 EFFECTIVE DOSE,-0.42261826174069944,0.9063077870366499,-0.6427876096865393,0.766044443118978,-0.9374831999955,0.9075728412544322,-25.00000_-40.00000,0.90693426,1.476718,-0.00063860416,-0.0015821457
L0000.ANS,-25.0,-30.0,9.000134400036,2002/01/00,0,8.36,TOTAL,1.5816,0.10582,microSv/hr,ICRP Pub. 103 EFFECTIVE DOSE,-0.42261826174069944,0.9063077870366499,-0.49999999999999994,0.8660254037844387,-0.9374831999955,0.948409361755615,-25.00000_-30.00000,0.95228213,1.5916173,0.0038727522,0.010017276
L0000.ANS,-25.0,-20.0,9.000134400036,2002/01/00,0,7.6,TOTAL,1.6708,0.11135,microSv/hr,ICRP Pub. 103 EFFECTIVE DOSE,-0.42261826174069944,0.9063077870366499,-0.3420201433256687,0.9396926207859084,-0.9374831999955,0.9823780530015767,-25.00000_-20.00000,0.985998,1.6804856,0.0036199093,0.009685636
L0000.ANS,-25.0,-10.0,9.000134400036,2002/01/00,0,7.1,TOTAL,1.7353,0.11472,microSv/hr,ICRP Pub. 103 EFFECTIVE DOSE,-0.42261826174069944,0.9063077870366499,-0.17364817766693033,0.984807753012208,-0.9374831999955,1.0062411190724165,-25.00000_-10.00000,0.9972224,1.710742,-0.00901866,-0.024557829
L0000.ANS,-25.0,0.0,9.000134400036,2002/01/00,0,7.0,TOTAL,1.7488,0.11552,microSv/hr,ICRP Pub. 103 EFFECTIVE DOSE,-0.42261826174069944,0.9063077870366499,0.0,1.0,-0.9374831999955,1.0111644528077992,-25.00000_0.00000,1.0025953,1.7253457,-0.008569121,-0.02345419
L0000.ANS,-25.0,10.0,9.000134400036,2002/01/00,0,7.06,TOTAL,1.7405,0.115,microSv/hr,ICRP Pub. 103 EFFECTIVE DOSE,-0.42261826174069944,0.9063077870366499,0.17364817766693033,0.984807753012208,-0.9374831999955,1.008140385504034,-25.00000_10.00000,1.0048691,1.7315497,-0.0032713413,-0.008950472
L0000.ANS,-25.0,20.0,9.000134400036,2002/01/00,0,7.37,TOTAL,1.6995,0.11353,microSv/hr,ICRP Pub. 103 EFFECTIVE DOSE,-0.42261826174069944,0.9063077870366499,0.3420201433256687,0.9396926207859084,-0.9374831999955,0.9930665706762046,-25.00000_20.00000,0.9991473,1.7159649,0.0060807467,0.016464949
L0000.ANS,-25.0,30.0,9.000134400036,2002/01/00,0,7.7,TOTAL,1.6594,0.11019,microSv/hr,ICRP Pub. 103 EFFECTIVE DOSE,-0.42261826174069944,0.9063077870366499,0.49999999999999994,0.8660254037844387,-0.9374831999955,0.9781005334404684,-25.00000_30.00000,0.9773253,1.6573392,-0.000775218,-0.002060771
L0000.ANS,-25.0,40.0,9.000134400036,2002/01/00,0,8.05,TOTAL,1.6181,0.10715,microSv/hr,ICRP Pub. 103 EFFECTIVE DOSE,-0.42261826174069944,0.9063077870366499,0.6427876096865393,0.766044443118978,-0.9374831999955,0.9624488638552383,-25.00000_40.00000,0.96554446,1.6262171,0.0030956268,0.008117199
L0000.ANS,-25.0,50.0,9.000134400036,2002/01/00,0,8.2,TOTAL,1.6004,0.10643,microSv/hr,ICRP Pub. 103 EFFECTIVE DOSE,-0.42261826174069944,0.9063077870366499,0.766044443118978,0.6427876096865394,-0.9374831999955,0.9556652793481766,-25.00000_50.00000,0.95347464,1.5947096,-0.0021906495,-0.005690336
L0000.ANS,-25.0,60.0,9.000134400036,2002/01/00,0,8.22,TOTAL,1.5979,0.10633,microSv/hr,ICRP Pub. 103 EFFECTIVE DOSE,-0.42261826174069944,0.9063077870366499,0.8660254037844386,0.5000000000000001,-0.9374831999955,0.9547034263605685,-25.00000_60.00000,0.95694923,1.6037409,0.0022457838,0.0058408976
L0000.ANS,-25.0,70.0,9.000134400036,2002/01/00,0,7.99,TOTAL,1.6249,0.10752,microSv/hr,ICRP Pub. 103 EFFECTIVE DOSE,-0.42261826174069944,0.9063077870366499,0.9396926207859083,0.3420201433256688,-0.9374831999955,0.9650428000798499,-25.00000_70.00000,0.96670425,1.6292648,0.0016614199,0.004364729
L0000.ANS,-25.0,80.0,9.000134400036,2002/01/00,0,7.69,TOTAL,1.6609,0.11034,microSv/hr,ICRP Pub. 103 EFFECTIVE DOSE,-0.42261826174069944,0.9063077870366499,0.984807753012208,0.17364817766693041,-0.9374831999955,0.978664411432215,-25.00000_80.00000,0.977635,1.6581624,-0.0010293722,-0.0027376413
L0000.ANS,-25.0,90.0,9.000134400036,2002/01/00,0,7.52,TOTAL,1.6804,0.11244,microSv/hr,ICRP Pub. 103 EFFECTIVE DOSE,-0.42261826174069944,0.9063077870366499,1.0,6.123233995736766e-17,-0.9374831999955,0.9859660371168786,-25.00000_90.00000,0.9844708,1.6763952,-0.0014952421,-0.004004717
L0000.ANS,-25.0,100.0,9.000134400036,2002/01/00,0,7.53,TOTAL,1.6792,0.1123,microSv/hr,ICRP Pub. 103 EFFECTIVE DOSE,-0.42261826174069944,0.9063077870366499,0.984807753012208,-0.1736481776669303,-0.9374831999955,0.9855182424978578,-25.00000_100.00000,0.9844659,1.6763821,-0.00105232,-0.0028178692
L0000.ANS,-25.0,110.0,9.000134400036,2002/01/00,0,7.61,TOTAL,1.6698,0.11125,microSv/hr,ICRP Pub. 103 EFFECTIVE DOSE,-0.42261826174069944,0.9063077870366499,0.9396926207859084,-0.3420201433256687,-0.9374831999955,0.9820035632394949,-25.00000_110.00000,0.97844446,1.6603148,-0.0035591125,-0.009485245
L0000.ANS,-25.0,120.0,9.000134400036,2002/01/00,0,7.65,TOTAL,1.6646,0.11071,microSv/hr,ICRP Pub. 103 EFFECTIVE DOSE,-0.42261826174069944,0.9063077870366499,0.8660254037844387,-0.4999999999999998,-0.9374831999955,0.9800539525439745,-25.00000_120.00000,0.97270477,1.6450891,-0.007349193,-0.019510865
L0000.ANS,-25.0,130.0,9.000134400036,2002/01/00,0,7.72,TOTAL,1.6566,0.10993,microSv/hr,ICRP Pub. 103 EFFECTIVE DOSE,-0.42261826174069944,0.9063077870366499,0.766044443118978,-0.6427876096865394,-0.9374831999955,0.9770471097162658,-25.00000_130.00000,0.96867096,1.6344409,-0.0083761215,-0.0221591
L0000.ANS,-25.0,140.0,9.000134400036,2002/01/00,0,8.0,TOTAL,1.6242,0.10748,microSv/hr,ICRP Pub. 103 EFFECTIVE DOSE,-0.42261826174069944,0.9063077870366499,0.6427876096865395,-0.7660444431189779,-0.9374831999955,0.9647760876894783,-25.00000_140.00000,0.9599587,1.6115885,-0.004817426,-0.012611628
L0000.ANS,-25.0,150.0,9.000134400036,2002/01/00,0,8.51,TOTAL,1.5658,0.1049,microSv/hr,ICRP Pub. 103 EFFECTIVE DOSE,-0.42261826174069944,0.9063077870366499,0.49999999999999994,-0.8660254037844387,-0.9374831999955,0.9422703208331028,-25.00000_150.00000,0.94035184,1.5608823,-0.0019184947,-0.004917741
L0000.ANS,-25.0,160.0,9.000134400036,2002/01/00,0,9.15,TOTAL,1.4878,0.09863,microSv/hr,ICRP Pub. 103 EFFECTIVE DOSE,-0.42261826174069944,0.9063077870366499,0.3420201433256689,-0.9396926207859083,-0.9374831999955,0.9113987857937272,-25.00000_160.00000,0.90913403,1.4821721,-0.002264738,-0.0056277514
L0000.ANS,-25.0,170.0,9.000134400036,2002/01/00,0,9.82,TOTAL,1.4094,0.092772,microSv/hr,ICRP Pub. 103 EFFECTIVE DOSE,-0.42261826174069944,0.9063077870366499,0.17364817766693028,-0.984807753012208,-0.9374831999955,0.8793777538506153,-25.00000_170.00000,0.87302446,1.394141,-0.0063533187,-0.015259147
L0000.ANS,-20.0,-179.99999,9.000134400036,2002/01/00,0,12.44,TOTAL,1.1939,0.077257,microSv/hr,ICRP Pub. 103 EFFECTIVE DOSE,-0.3420201433256687,0.9396926207859084,-1.745329251238221e-07,-0.9999999999999848,-0.9374831999955,0.7856807819628782,-20.00000_-179.99999,0.7826963,1.1873621,-0.0029844642,-0.0065379143
L0000.ANS,-20.0,-170.0,9.000134400036,2002/01/00,0,12.72,TOTAL,1.1758,0.075796,microSv/hr,ICRP Pub. 103 EFFECTIVE DOSE,-0.3420201433256687,0.9396926207859084,-0.17364817766693028,-0.984807753012208,-0.9374831999955,0.7773964130048452,-20.00000_-170.00000,0.77896965,1.1792257,0.001573205,0.0034255981
L0000.ANS,-20.0,-160.0,9.000134400036,2002/01/00,0,12.91,TOTAL,1.1645,0.074989,microSv/hr,ICRP Pub. 103 EFFECTIVE DOSE,-0.3420201433256687,0.9396926207859084,-0.3420201433256689,-0.9396926207859083,-0.9374831999955,0.7721893878998982,-20.00000_-160.00000,0.77133185,1.1626446,-0.000857532,-0.0018553734
L0000.ANS,-20.0,-150.0,9.000134400036,2002/01/00,0,13.03,TOTAL,1.1566,0.074544,microSv/hr,ICRP Pub. 103 EFFECTIVE DOSE,-0.3420201433256687,0.9396926207859084,-0.49999999999999994,-0.8660254037844387,-0.9374831999955,0.7685329074658349,-20.00000_-150.00000,0.7635017,1.145777,-0.005031228,-0.010823011
L0000.ANS,-20.0,-140.0,9.000134400036,2002/01/00,0,13.08,TOTAL,1.1535,0.074394,microSv/hr,ICRP Pub. 103 EFFECTIVE DOSE,-0.3420201433256687,0.9396926207859084,-0.6427876096865395,-0.7660444431189779,-0.9374831999955,0.7670944255120282,-20.00000_-140.00000,0.7617861,1.1420988,-0.00530833,-0.011401296
L0000.ANS,-20.0,-130.0,9.000134400036,2002/01/00,0,13.08,TOTAL,1.1538,0.074406,microSv/hr,ICRP Pub. 103 EFFECTIVE DOSE,-0.3420201433256687,0.9396926207859084,-0.766044443118978,-0.6427876096865394,-0.9374831999955,0.7672337239126434,-20.00000_-130.00000,0.7641779,1.1472285,-0.003055811,-0.0065715313
L0000.ANS,-20.0,-120.0,9.000134400036,2002/01/00,0,13.0,TOTAL,1.1584,0.074636,microSv/hr,ICRP Pub. 103 EFFECTIVE DOSE,-0.3420201433256687,0.9396926207859084,-0.8660254037844387,-0.4999999999999998,-0.9374831999955,0.7693672064713544,-20.00000_-120.00000,0.7693719,1.1584102,4.708767e-06,1.013279e-05
L0000.ANS,-20.0,-110.0,9.000134400036,2002/01/00,0,12.87,TOTAL,1.1668,0.075134,microSv/hr,ICRP Pub. 103 EFFECTIVE DOSE,-0.3420201433256687,0.9396926207859084,-0.9396926207859084,-0.3420201433256687,-0.9374831999955,0.7732514248016068,-20.00000_-110.00000,0.7741594,1.1687682,0.00090795755,0.0019681454
L0000.ANS,-20.0,-100.0,9.000134400036,2002/01/00,0,12.66,TOTAL,1.1796,0.076106,microSv/hr,ICRP Pub. 103 EFFECTIVE DOSE,-0.3420201433256687,0.9396926207859084,-0.984807753012208,-0.1736481776669303,-0.9374831999955,0.7791413737268063,-20.00000_-100.00000,0.7771796,1.1753283,-0.0019617677,-0.0042717457
L0000.ANS,-20.0,-90.0,9.000134400036,2002/01/00,0,12.37,TOTAL,1.1984,0.077634,microSv/hr,ICRP Pub. 103 EFFECTIVE DOSE,-0.3420201433256687,0.9396926207859084,-1.0,6.123233995736766e-17,-0.9374831999955,0.7877298230458931,-20.00000_-90.00000,0.7837702,1.1897124,-0.003959596,-0.008687496
L0000.ANS,-20.0,-80.0,9.000134400036,2002/01/00,0,12.07,TOTAL,1.2185,0.079646,microSv/hr,ICRP Pub. 103 EFFECTIVE DOSE,-0.3420201433256687,0.9396926207859084,-0.984807753012208,0.17364817766693041,-0.9374831999955,0.7968312918368271,-20.00000_-80.00000,0.7972138,1.2193488,0.000382483,0.00084877014
L0000.ANS,-20.0,-70.0,9.000134400036,2002/01/00,0,11.73,TOTAL,1.2418,0.081661,microSv/hr,ICRP Pub. 103 EFFECTIVE DOSE,-0.3420201433256687,0.9396926207859084,-0.9396926207859083,0.3420201433256688,-0.9374831999955,0.8072791146048579,-20.00000_-70.00000,0.80756724,1.242446,0.00028812885,0.00064599514
L0000.ANS,-20.0,-60.0,9.000134400036,2002/01/00,0,11.39,TOTAL,1.2669,0.082653,microSv/hr,ICRP Pub. 103 EFFECTIVE DOSE,-0.3420201433256687,0.9396926207859084,-0.8660254037844386,0.5000000000000001,-0.9374831999955,0.8184132593923426,-20.00000_-60.00000,0.8194614,1.2692773,0.0010481477,0.0023772717
L0000.ANS,-20.0,-50.0,9.000134400036,2002/01/00,0,10.97,TOTAL,1.2998,0.084968,microSv/hr,ICRP Pub. 103 EFFECTIVE DOSE,-0.3420201433256687,0.9396926207859084,-0.766044443118978,0.6427876096865394,-0.9374831999955,0.8328221626324274,-20.00000_-50.00000,0.839308,1.3147646,0.0064858794,0.0149647
L0000.ANS,-20.0,-40.0,9.000134400036,2002/01/00,0,10.31,TOTAL,1.3545,0.089786,microSv/hr,ICRP Pub. 103 EFFECTIVE DOSE,-0.3420201433256687,0.9396926207859084,-0.6427876096865393,0.766044443118978,-0.9374831999955,0.8563283907014723,-20.00000_-40.00000,0.86726713,1.3803966,0.010938764,0.025896668
L0000.ANS,-20.0,-30.0,9.000134400036,2002/01/00,0,9.54,TOTAL,1.4406,0.095753,microSv/hr,ICRP Pub. 103 EFFECTIVE DOSE,-0.3420201433256687,0.9396926207859084,-0.49999999999999994,0.8660254037844387,-0.9374831999955,0.8922439107156022,-20.00000_-30.00000,0.8893642,1.4335818,-0.0028797388,-0.0070182085
L0000.ANS,-20.0,-20.0,9.000134400036,2002/01/00,0,8.94,TOTAL,1.5149,0.10008,microSv/hr,ICRP Pub. 103 EFFECTIVE DOSE,-0.3420201433256687,0.9396926207859084,-0.3420201433256687,0.9396926207859084,-0.9374831999955,0.9222330413297843,-20.00000_-20.00000,0.9188717,1.5064608,-0.0033613443,-0.008439183
L0000.ANS,-20.0,-10.0,9.000134400036,2002/01/00,0,8.5,TOTAL,1.5665,0.10498,microSv/hr,ICRP Pub. 103 EFFECTIVE DOSE,-0.3420201433256687,0.9396926207859084,-0.17364817766693033,0.984807753012208,-0.9374831999955,0.9425431030182208,-20.00000_-10.00000,0.93535775,1.5481249,-0.00718534,-0.01837504
L0000.ANS,-20.0,0.0,9.000134400036,2002/01/00,0,8.42,TOTAL,1.5755,0.10571,microSv/hr,ICRP Pub. 103 EFFECTIVE DOSE,-0.3420201433256687,0.9396926207859084,0.0,1.0,-0.9374831999955,0.9460436900235027,-20.00000_0.00000,0.93530965,1.5480022,-0.010734022,-0.027497768
L0000.ANS,-20.0,10.0,9.000134400036,2002/01/00,0,8.57,TOTAL,1.5591,0.1041,microSv/hr,ICRP Pub. 103 EFFECTIVE DOSE,-0.3420201433256687,0.9396926207859084,0.17364817766693033,0.984807753012208,-0.9374831999955,0.9396556341788876,-20.00000_10.00000,0.9261177,1.5246886,-0.013537943,-0.03441155
L0000.ANS,-20.0,20.0,9.000134400036,2002/01/00,0,8.92,TOTAL,1.5168,0.10021,microSv/hr,ICRP Pub. 103 EFFECTIVE DOSE,-0.3420201433256687,0.9396926207859084,0.3420201433256687,0.9396926207859084,-0.9374831999955,0.9229882533218763,-20.00000_20.00000,0.9172209,1.5023265,-0.0057673454,-0.014473438
L0000.ANS,-20.0,30.0,9.000134400036,2002/01/00,0,9.32,TOTAL,1.4664,0.097845,microSv/hr,ICRP Pub. 103 EFFECTIVE DOSE,-0.3420201433256687,0.9396926207859084,0.49999999999999994,0.8660254037844387,-0.9374831999955,0.9027595975898035,-20.00000_30.00000,0.89583224,1.4493735,-0.006927371,-0.017026544
L0000.ANS,-20.0,40.0,9.000134400036,2002/01/00,0,9.75,TOTAL,1.4178,0.093472,microSv/hr,ICRP Pub. 103 EFFECTIVE DOSE,-0.3420201433256687,0.9396926207859084,0.6427876096865393,0.766044443118978,-0.9374831999955,0.8828580357857545,-20.00000_40.00000,0.8764915,1.4024558,-0.006366551,-0.015344143
L0000.ANS,-20.0,50.0,9.000134400036,2002/01/00,0,10.12,TOTAL,1.3755,0.090619,microSv/hr,ICRP Pub. 103 EFFECTIVE DOSE,-0.3420201433256687,0.9396926207859084,0.766044443118978,0.6427876096865394,-0.9374831999955,0.8652079416448389,-20.00000_50.00000,0.8594933,1.3619636,-0.005714655,-0.013536453
L0000.ANS,-20.0,60.0,9.000134400036,2002/01/00,0,10.38,TOTAL,1.3469,0.089632,microSv/hr,ICRP Pub. 103 EFFECTIVE DOSE,-0.3420201433256687,0.9396926207859084,0.8660254037844386,0.5000000000000001,-0.9374831999955,0.8530953083770076,-20.00000_60.00000,0.8512765,1.3426354,-0.0018187761,-0.004264593
L0000.ANS,-20.0,70.0,9.000134400036,2002/01/00,0,10.62,TOTAL,1.3268,0.087571,microSv/hr,ICRP Pub. 103 EFFECTIVE DOSE,-0.3420201433256687,0.9396926207859084,0.9396926207859083,0.3420201433256688,-0.9374831999955,0.8444939330544694,-20.00000_70.00000,0.84495604,1.3278755,0.0004621148,0.0010755062
L0000.ANS,-20.0,80.0,9.000134400036,2002/01/00,0,10.72,TOTAL,1.319,0.086736,microSv/hr,ICRP Pub. 103 EFFECTIVE DOSE,-0.3420201433256687,0.9396926207859084,0.984807753012208,0.17364817766693041,-0.9374831999955,0.8411360582733945,-20.00000_80.00000,0.8412738,1.3193194,0.00013774633,0.0003193617
L0000.ANS,-20.0,90.0,9.000134400036,2002/01/00,0,10.83,TOTAL,1.3102,0.085869,microSv/hr,ICRP Pub. 103 EFFECTIVE DOSE,-0.3420201433256687,0.9396926207859084,1.0,6.123233995736766e-17,-0.9374831999955,0.8373341008724429,-20.00000_90.00000,0.8399305,1.316206,0.0025963783,0.0060060024
L0000.ANS,-20.0,100.0,9.000134400036,2002/01/00,0,10.91,TOTAL,1.3039,0.085305,microSv/hr,ICRP Pub. 103 EFFECTIVE DOSE,-0.3420201433256687,0.9396926207859084,0.984807753012208,-0.1736481776669303,-0.9374831999955,0.8346033391139392,-20.00000_100.00000,0.8370899,1.3096359,0.0024865866,0.005735874
L0000.ANS,-20.0,110.0,9.000134400036,2002/01/00,0,10.99,TOTAL,1.2976,0.084795,microSv/hr,ICRP Pub. 103 EFFECTIVE DOSE,-0.3420201433256687,0.9396926207859084,0.9396926207859084,-0.3420201433256687,-0.9374831999955,0.831865099871768,-20.00000_110.00000,0.84004545,1.3164723,0.00818038,0.01887238
L0000.ANS,-20.0,120.0,9.000134400036,2002/01/00,0,10.77,TOTAL,1.3154,0.086369,microSv/hr,ICRP Pub. 103 EFFECTIVE DOSE,-0.3420201433256687,0.9396926207859084,0.8660254037844387,-0.4999999999999998,-0.9374831999955,0.839582458789491,-20.00000_120.00000,0.83954877,1.3153219,-3.3676624e-05,-7.8082085e-05
L0000.ANS,-20.0,130.0,9.000134400036,2002/01/00,0,10.73,TOTAL,1.3185,0.08668,microSv/hr,ICRP Pub. 103 EFFECTIVE DOSE,-0.3420201433256687,0.9396926207859084,0.766044443118978,-0.6427876096865394,-0.9374831999955,0.8409204248493785,-20.00000_130.00000,0.8417998,1.3205397,0.0008793473,0.002039671
L0000.ANS,-20.0,140.0,9.000134400036,2002/01/00,0,10.51,TOTAL,1.336,0.088649,microSv/hr,ICRP Pub. 103 EFFECTIVE DOSE,-0.3420201433256687,0.9396926207859084,0.6427876096865395,-0.7660444431189779,-0.9374831999955,0.8484400649659807,-20.00000_140.00000,0.83752364,1.310638,-0.010916412,-0.025362015
L0000.ANS,-20.0,150.0,9.000134400036,2002/01/00,0,10.74,TOTAL,1.3178,0.08661,microSv/hr,ICRP Pub. 103 EFFECTIVE DOSE,-0.3420201433256687,0.9396926207859084,0.49999999999999994,-0.8660254037844387,-0.9374831999955,0.8406184599181536,-20.00000_150.00000,0.8275479,1.2877022,-0.013070524,-0.030097723
L0000.ANS,-20.0,160.0,9.000134400036,2002/01/00,0,11.4,TOTAL,1.2667,0.082641,microSv/hr,ICRP Pub. 103 EFFECTIVE DOSE,-0.3420201433256687,0.9396926207859084,0.3420201433256689,-0.9396926207859083,-0.9374831999955,0.8183250292881739,-20.00000_160.00000,0.81081074,1.2497312,-0.007514298,-0.016968846
L0000.ANS,-20.0,170.0,9.000134400036,2002/01/00,0,12.08,TOTAL,1.2177,0.079554,microSv/hr,ICRP Pub. 103 EFFECTIVE DOSE,-0.3420201433256687,0.9396926207859084,0.17364817766693028,-0.984807753012208,-0.9374831999955,0.7964706227918462,-20.00000_170.00000,0.79532576,1.2151625,-0.001144886,-0.002537489
L0000.ANS,-15.0,-179.99999,9.000134400036,2002/01/00,0,13.75,TOTAL,1.1144,0.071813,microSv/hr,ICRP Pub. 103 EFFECTIVE DOSE,-0.25881904510252074,0.9659258262890683,-1.745329251238221e-07,-0.9999999999999848,-0.9374831999955,0.7487710843079424,-15.00000_-179.99999,0.74574333,1.1080078,-0.0030277371,-0.0063921213
L0000.ANS,-15.0,-170.0,9.000134400036,2002/01/00,0,13.82,TOTAL,1.1103,0.071374,microSv/hr,ICRP Pub. 103 EFFECTIVE DOSE,-0.25881904510252074,0.9659258262890683,-0.17364817766693028,-0.984807753012208,-0.9374831999955,0.7468301174761302,-15.00000_-170.00000,0.7469118,1.1104724,8.171797e-05,0.00017249584
L0000.ANS,-15.0,-160.0,9.000134400036,2002/01/00,0,13.83,TOTAL,1.1099,0.071329,microSv/hr,ICRP Pub. 103 EFFECTIVE DOSE,-0.25881904510252074,0.9659258262890683,-0.3420201433256689,-0.9396926207859083,-0.9374831999955,0.7466405529999453,-15.00000_-160.00000,0.7443524,1.1050777,-0.0022881627,-0.004822254
L0000.ANS,-15.0,-150.0,9.000134400036,2002/01/00,0,13.8,TOTAL,1.1116,0.071511,microSv/hr,ICRP Pub. 103 EFFECTIVE DOSE,-0.25881904510252074,0.9659258262890683,-0.49999999999999994,-0.8660254037844387,-0.9374831999955,0.747445953967324,-15.00000_-150.00000,0.7431656,1.1025809,-0.0042803288,-0.009019017
L0000.ANS,-15.0,-140.0,9.000134400036,2002/01/00,0,13.73,TOTAL,1.1154,0.071922,microSv/hr,ICRP Pub. 103 EFFECTIVE DOSE,-0.25881904510252074,0.9659258262890683,-0.6427876096865395,-0.7660444431189779,-0.9374831999955,0.7492439199118154,-15.00000_-140.00000,0.7512793,1.11971,0.0020353794,0.004310012
L0000.ANS,-15.0,-130.0,9.000134400036,2002/01/00,0,13.63,TOTAL,1.1211,0.072567,microSv/hr,ICRP Pub. 103 EFFECTIVE DOSE,-0.25881904510252074,0.9659258262890683,-0.766044443118978,-0.6427876096865394,-0.9374831999955,0.7519348220430336,-15.00000_-130.00000,0.7530026,1.123366,0.0010677576,0.0022660494
L0000.ANS,-15.0,-120.0,9.000134400036,2002/01/00,0,13.47,TOTAL,1.1294,0.073598,microSv/hr,ICRP Pub. 103 EFFECTIVE DOSE,-0.25881904510252074,0.9659258262890683,-0.8660254037844387,-0.4999999999999998,-0.9374831999955,0.7558402498983687,-15.00000_-120.00000,0.74916244,1.1152276,-0.0066778064,-0.014172435
L0000.ANS,-15.0,-110.0,9.000134400036,2002/01/00,0,13.28,TOTAL,1.1413,0.073952,microSv/hr,ICRP Pub. 103 EFFECTIVE DOSE,-0.25881904510252074,0.9659258262890683,-0.9396926207859084,-0.3420201433256687,-0.9374831999955,0.761413121230034,-15.00000_-110.00000,0.7555995,1.1288874,-0.0058135986,-0.012412548
L0000.ANS,-15.0,-100.0,9.000134400036,2002/01/00,0,13.03,TOTAL,1.157,0.074564,microSv/hr,ICRP Pub. 103 EFFECTIVE DOSE,-0.25881904510252074,0.9659258262890683,-0.984807753012208,-0.1736481776669303,-0.9374831999955,0.7687183674070194,-15.00000_-100.00000,0.7674282,1.1542189,-0.0012901425,-0.0027810335
L0000.ANS,-15.0,-90.0,9.000134400036,2002/01/00,0,12.73,TOTAL,1.1752,0.075748,microSv/hr,ICRP Pub. 103 EFFECTIVE DOSE,-0.25881904510252074,0.9659258262890683,-1.0,6.123233995736766e-17,-0.9374831999955,0.7771206143361239,-15.00000_-90.00000,0.7727645,1.1657453,-0.0043560863,-0.009454727
L0000.ANS,-15.0,-80.0,9.000134400036,2002/01/00,0,12.44,TOTAL,1.1938,0.077248,microSv/hr,ICRP Pub. 103 EFFECTIVE DOSE,-0.25881904510252074,0.9659258262890683,-0.984807753012208,0.17364817766693041,-0.9374831999955,0.7856351999950967,-15.00000_-80.00000,0.7875343,1.1979702,0.0018991232,0.0041701794
L0000.ANS,-15.0,-70.0,9.000134400036,2002/01/00,0,12.2,TOTAL,1.2101,0.078741,microSv/hr,ICRP Pub. 103 EFFECTIVE DOSE,-0.25881904510252074,0.9659258262890683,-0.9396926207859083,0.3420201433256688,-0.9374831999955,0.7930377633747405,-15.00000_-70.00000,0.79105836,1.2057296,-0.0019794106,-0.004370451
L0000.ANS,-15.0,-60.0,9.000134400036,2002/01/00,0,11.98,TOTAL,1.2246,0.080348,microSv/hr,ICRP Pub. 103 EFFECTIVE DOSE,-0.25881904510252074,0.9659258262890683,-0.8660254037844386,0.5000000000000001,-0.9374831999955,0.7995771241757919,-15.00000_-60.00000,0.8029796,1.232182,0.0034024715,0.0075820684
L0000.ANS,-15.0,-50.0,9.000134400036,2002/01/00,0,11.7,TOTAL,1.2442,0.081717,microSv/hr,ICRP Pub. 103 EFFECTIVE DOSE,-0.25881904510252074,0.9659258262890683,-0.766044443118978,0.6427876096865394,-0.9374831999955,0.8083491102486289,-15.00000_-50.00000,0.8083057,1.2441025,-4.3451786e-05,-9.75132e-05
L0000.ANS,-15.0,-40.0,9.000134400036,2002/01/00,0,11.28,TOTAL,1.2753,0.083188,microSv/hr,ICRP Pub. 103 EFFECTIVE DOSE,-0.25881904510252074,0.9659258262890683,-0.6427876096865393,0.766044443118978,-0.9374831999955,0.8221119118409441,-15.00000_-40.00000,0.82926816,1.291641,0.007156253,0.016340971
L0000.ANS,-15.0,-30.0,9.000134400036,2002/01/00,0,10.79,TOTAL,1.3134,0.086168,microSv/hr,ICRP Pub. 103 EFFECTIVE DOSE,-0.25881904510252074,0.9659258262890683,-0.49999999999999994,0.8660254037844387,-0.9374831999955,0.8387183038791641,-15.00000_-30.00000,0.8428732,1.3230319,0.0041549206,0.009631872
L0000.ANS,-15.0,-20.0,9.000134400036,2002/01/00,0,10.3,TOTAL,1.3558,0.08982,microSv/hr,ICRP Pub. 103 EFFECTIVE DOSE,-0.25881904510252074,0.9659258262890683,-0.3420201433256687,0.9396926207859084,-0.9374831999955,0.856880372542547,-15.00000_-20.00000,0.85503113,1.3514476,-0.0018492341,-0.004352331
L0000.ANS,-15.0,-10.0,9.000134400036,2002/01/00,0,10.0,TOTAL,1.3895,0.091476,microSv/hr,ICRP Pub. 103 EFFECTIVE DOSE,-0.25881904510252074,0.9659258262890683,-0.17364817766693033,0.984807753012208,-0.9374831999955,0.8710841390360758,-15.00000_-10.00000,0.8759237,1.4010922,0.0048395395,0.01159215
L0000.ANS,-15.0,0.0,9.000134400036,2002/01/00,0,10.09,TOTAL,1.3796,0.09085,microSv/hr,ICRP Pub. 103 EFFECTIVE DOSE,-0.25881904510252074,0.9659258262890683,0.0,1.0,-0.9374831999955,0.8669324063316135,-15.00000_0.00000,0.87333465,1.3948836,0.006402254,0.015283704
L0000.ANS,-15.0,10.0,9.000134400036,2002/01/00,0,10.26,TOTAL,1.3603,0.089958,microSv/hr,ICRP Pub. 103 EFFECTIVE DOSE,-0.25881904510252074,0.9659258262890683,0.17364817766693033,0.984807753012208,-0.9374831999955,0.8587887296026964,-15.00000_10.00000,0.8598835,1.3628854,0.0010947585,0.0025852919
L0000.ANS,-15.0,20.0,9.000134400036,2002/01/00,0,10.61,TOTAL,1.3278,0.087686,microSv/hr,ICRP Pub. 103 EFFECTIVE DOSE,-0.25881904510252074,0.9659258262890683,0.3420201433256687,0.9396926207859084,-0.9374831999955,0.8449236155257389,-15.00000_20.00000,0.84581196,1.3298688,0.0008883476,0.002068758
L0000.ANS,-15.0,30.0,9.000134400036,2002/01/00,0,11.1,TOTAL,1.2891,0.084184,microSv/hr,ICRP Pub. 103 EFFECTIVE DOSE,-0.25881904510252074,0.9659258262890683,0.49999999999999994,0.8660254037844387,-0.9374831999955,0.8281587272158222,-15.00000_30.00000,0.8312988,1.2962993,0.003140092,0.0071992874
L0000.ANS,-15.0,40.0,9.000134400036,2002/01/00,0,11.65,TOTAL,1.2478,0.081817,microSv/hr,ICRP Pub. 103 EFFECTIVE DOSE,-0.25881904510252074,0.9659258262890683,0.6427876096865393,0.766044443118978,-0.9374831999955,0.8099519601020296,-15.00000_40.00000,0.81352496,1.2558458,0.0035730004,0.008045793
L0000.ANS,-15.0,50.0,9.000134400036,2002/01/00,0,12.1,TOTAL,1.2161,0.07937,microSv/hr,ICRP Pub. 103 EFFECTIVE DOSE,-0.25881904510252074,0.9659258262890683,0.766044443118978,0.6427876096865394,-0.9374831999955,0.7957488942206647,-15.00000_50.00000,0.7954694,1.2154807,-0.00027948618,-0.00061929226
L0000.ANS,-15.0,60.0,9.000134400036,2002/01/00,0,12.53,TOTAL,1.1881,0.076815,microSv/hr,ICRP Pub. 103 EFFECTIVE DOSE,-0.25881904510252074,0.9659258262890683,0.8660254037844386,0.5000000000000001,-0.9374831999955,0.7830335873544686,-15.00000_60.00000,0.7848527,1.192084,0.0018190742,0.0039838552
L0000.ANS,-15.0,70.0,9.000134400036,2002/01/00,0,12.94,TOTAL,1.1624,0.074863,microSv/hr,ICRP Pub. 103 EFFECTIVE DOSE,-0.25881904510252074,0.9659258262890683,0.9396926207859083,0.3420201433256688,-0.9374831999955,0.7712187159801008,-15.00000_70.00000,0.78012735,1.18175,0.008908629,0.019350052
L0000.ANS,-15.0,80.0,9.000134400036,2002/01/00,0,13.15,TOTAL,1.1491,0.074206,microSv/hr,ICRP Pub. 103 EFFECTIVE DOSE,-0.25881904510252074,0.9659258262890683,0.984807753012208,0.17364817766693041,-0.9374831999955,0.7650491498490233,-15.00000_80.00000,0.7685776,1.1566963,0.0035284162,0.0075962543
L0000.ANS,-15.0,90.0,9.000134400036,2002/01/00,0,13.31,TOTAL,1.1394,0.073903,microSv/hr,ICRP Pub. 103 EFFECTIVE DOSE,-0.25881904510252074,0.9659258262890683,1.0,6.123233995736766e-17,-0.9374831999955,0.7605254158898934,-15.00000_90.00000,0.7517077,1.1206182,-0.008817732,-0.018781781
L0000.ANS,-15.0,100.0,9.000134400036,2002/01/00,0,13.41,TOTAL,1.1328,0.073782,microSv/hr,ICRP Pub. 103 EFFECTIVE DOSE,-0.25881904510252074,0.9659258262890683,0.984807753012208,-0.1736481776669303,-0.9374831999955,0.7574356704423072,-15.00000_100.00000,0.74617803,1.1089244,-0.0112576485,-0.023875594
L0000.ANS,-15.0,110.0,9.000134400036,2002/01/00,0,13.45,TOTAL,1.1306,0.073744,microSv/hr,ICRP Pub. 103 EFFECTIVE DOSE,-0.25881904510252074,0.9659258262890683,0.9396926207859084,-0.3420201433256687,-0.9374831999955,0.7564036301949602,-15.00000_110.00000,0.751904,1.1210346,-0.0044996142,-0.009565353
L0000.ANS,-15.0,120.0,9.000134400036,2002/01/00,0,13.39,TOTAL,1.1343,0.073804,microSv/hr,ICRP Pub. 103 EFFECTIVE DOSE,-0.25881904510252074,0.9659258262890683,0.8660254037844387,-0.4999999999999998,-0.9374831999955,0.7581387240673854,-15.00000_120.00000,0.752331,1.1219405,-0.005807698,-0.0123595
L0000.ANS,-15.0,130.0,9.000134400036,2002/01/00,0,13.31,TOTAL,1.139,0.073895,microSv/hr,ICRP Pub. 103 EFFECTIVE DOSE,-0.25881904510252074,0.9659258262890683,0.766044443118978,-0.6427876096865394,-0.9374831999955,0.7603384301002686,-15.00000_130.00000,0.7564937,1.1307919,-0.003844738,-0.008208036
L0000.ANS,-15.0,140.0,9.000134400036,2002/01/00,0,13.31,TOTAL,1.1396,0.073907,microSv/hr,ICRP Pub. 103 EFFECTIVE DOSE,-0.25881904510252074,0.9659258262890683,0.6427876096865395,-0.7660444431189779,-0.9374831999955,0.760618895674958,-15.00000_140.00000,0.7597947,1.1378373,-0.000824213,-0.0017627478
L0000.ANS,-15.0,150.0,9.000134400036,2002/01/00,0,13.35,TOTAL,1.1368,0.073848,microSv/hr,ICRP Pub. 103 EFFECTIVE DOSE,-0.25881904510252074,0.9659258262890683,0.49999999999999994,-0.8660254037844387,-0.9374831999955,0.759309382813614,-15.00000_150.00000,0.76197416,1.1425017,0.0026647449,0.005701661
L0000.ANS,-15.0,160.0,9.000134400036,2002/01/00,0,13.48,TOTAL,1.129,0.07354,microSv/hr,ICRP Pub. 103 EFFECTIVE DOSE,-0.25881904510252074,0.9659258262890683,0.3420201433256689,-0.9396926207859083,-0.9374831999955,0.7556523859113424,-15.00000_160.00000,0.7570809,1.1320435,0.0014285445,0.0030435324
L0000.ANS,-15.0,170.0,9.000134400036,2002/01/00,0,13.63,TOTAL,1.121,0.072566,microSv/hr,ICRP Pub. 103 EFFECTIVE DOSE,-0.25881904510252074,0.9659258262890683,0.17364817766693028,-0.984807753012208,-0.9374831999955,0.7518876755825454,-15.00000_170.00000,0.75726736,1.132441,0.005379677,0.011440992
L0000.ANS,-10.0,-179.99999,9.000134400036,2002/01/00,0,14.61,TOTAL,1.0693,0.067761,microSv/hr,ICRP Pub. 103 EFFECTIVE DOSE,-0.17364817766693033,0.984807753012208,-1.745329251238221e-07,-0.9999999999999848,-0.9374831999955,0.727210385835646,-10.00000_-179.99999,0.72820425,1.0713576,0.0009938478,0.0020575523
L0000.ANS,-10.0,-170.0,9.000134400036,2002/01/00,0,14.54,TOTAL,1.0725,0.067996,microSv/hr,ICRP Pub. 103 EFFECTIVE DOSE,-0.17364817766693033,0.984807753012208,-0.17364817766693028,-0.984807753012208,-0.9374831999955,0.728755608027313,-10.00000_-170.00000,0.7232591,1.0611397,-0.005496502,-0.011360288
L0000.ANS,-10.0,-160.0,9.000134400036,2002/01/00,0,14.44,TOTAL,1.0777,0.068405,microSv/hr,ICRP Pub. 103 EFFECTIVE DOSE,-0.17364817766693033,0.984807753012208,-0.3420201433256689,-0.9396926207859083,-0.9374831999955,0.7312615126686034,-10.00000_-160.00000,0.73235,1.0799627,0.0010885,0.0022628307
L0000.ANS,-10.0,-150.0,9.000134400036,2002/01/00,0,14.31,TOTAL,1.0843,0.068988,microSv/hr,ICRP Pub. 103 EFFECTIVE DOSE,-0.17364817766693033,0.984807753012208,-0.49999999999999994,-0.8660254037844387,-0.9374831999955,0.734433067465488,-10.00000_-150.00000,0.73658025,1.0887802,0.0021471977,0.0044802427
L0000.ANS,-10.0,-140.0,9.000134400036,2002/01/00,0,14.16,TOTAL,1.0923,0.069729,microSv/hr,ICRP Pub. 103 EFFECTIVE DOSE,-0.17364817766693033,0.984807753012208,-0.6427876096865395,-0.7660444431189779,-0.9374831999955,0.7382639393630684,-10.00000_-140.00000,0.74001443,1.0959657,0.0017504692,0.0036656857
L0000.ANS,-10.0,-130.0,9.000134400036,2002/01/00,0,13.97,TOTAL,1.1022,0.070575,microSv/hr,ICRP Pub. 103 EFFECTIVE DOSE,-0.17364817766693033,0.984807753012208,-0.766044443118978,-0.6427876096865394,-0.9374831999955,0.742984415407117,-10.00000_-130.00000,0.74680287,1.1102425,0.0038184524,0.008042455
L0000.ANS,-10.0,-120.0,9.000134400036,2002/01/00,0,13.76,TOTAL,1.1137,0.071732,microSv/hr,ICRP Pub. 103 EFFECTIVE DOSE,-0.17364817766693033,0.984807753012208,-0.8660254037844387,-0.4999999999999998,-0.9374831999955,0.748439966308654,-10.00000_-120.00000,0.74412453,1.1045982,-0.004315436,-0.009101868
L0000.ANS,-10.0,-110.0,9.000134400036,2002/01/00,0,13.52,TOTAL,1.1269,0.073282,microSv/hr,ICRP Pub. 103 EFFECTIVE DOSE,-0.17364817766693033,0.984807753012208,-0.9396926207859084,-0.3420201433256687,-0.9374831999955,0.7546655205383623,-10.00000_-110.00000,0.748666,1.1141778,-0.0059995055,-0.012722135
L0000.ANS,-10.0,-100.0,9.000134400036,2002/01/00,0,13.24,TOTAL,1.144,0.074027,microSv/hr,ICRP Pub. 103 EFFECTIVE DOSE,-0.17364817766693033,0.984807753012208,-0.984807753012208,-0.1736481776669303,-0.9374831999955,0.7626732432085555,-10.00000_-100.00000,0.75710416,1.1320931,-0.0055691004,-0.0119069815
L0000.ANS,-10.0,-90.0,9.000134400036,2002/01/00,0,12.93,TOTAL,1.1631,0.074906,microSv/hr,ICRP Pub. 103 EFFECTIVE DOSE,-0.17364817766693033,0.984807753012208,-1.0,6.123233995736766e-17,-0.9374831999955,0.7715423779873188,-10.00000_-90.00000,0.76984054,1.1594219,-0.0017018318,-0.0036780834
L0000.ANS,-10.0,-80.0,9.000134400036,2002/01/00,0,12.67,TOTAL,1.1792,0.076073,microSv/hr,ICRP Pub. 103 EFFECTIVE DOSE,-0.17364817766693033,0.984807753012208,-0.984807753012208,0.17364817766693041,-0.9374831999955,0.7789578369730562,-10.00000_-80.00000,0.7765441,1.1739464,-0.0024137497,-0.0052536726
L0000.ANS,-10.0,-70.0,9.000134400036,2002/01/00,0,12.51,TOTAL,1.1891,0.07689,microSv/hr,ICRP Pub. 103 EFFECTIVE DOSE,-0.17364817766693033,0.984807753012208,-0.9396926207859083,0.3420201433256688,-0.9374831999955,0.7834905004575471,-10.00000_-70.00000,0.7851881,1.1928194,0.0016975999,0.003719449
L0000.ANS,-10.0,-60.0,9.000134400036,2002/01/00,0,12.43,TOTAL,1.1949,0.077343,microSv/hr,ICRP Pub. 103 EFFECTIVE DOSE,-0.17364817766693033,0.984807753012208,-0.8660254037844386,0.5000000000000001,-0.9374831999955,0.7861364874027732,-10.00000_-60.00000,0.7850642,1.1925478,-0.0010722876,-0.0023522377
L0000.ANS,-10.0,-50.0,9.000134400036,2002/01/00,0,12.3,TOTAL,1.2032,0.078072,microSv/hr,ICRP Pub. 103 EFFECTIVE DOSE,-0.17364817766693033,0.984807753012208,-0.766044443118978,0.6427876096865394,-0.9374831999955,0.7899108489922534,-10.00000_-50.00000,0.79043233,1.2043493,0.00052148104,0.0011492968
L0000.ANS,-10.0,-40.0,9.000134400036,2002/01/00,0,12.05,TOTAL,1.2195,0.079749,microSv/hr,ICRP Pub. 103 EFFECTIVE DOSE,-0.17364817766693033,0.984807753012208,-0.6427876096865393,0.766044443118978,-0.9374831999955,0.7972819452919528,-10.00000_-40.00000,0.79379535,1.211775,-0.0034865737,-0.0077250004
L0000.ANS,-10.0,-30.0,9.000134400036,2002/01/00,0,11.72,TOTAL,1.2422,0.081671,microSv/hr,ICRP Pub. 103 EFFECTIVE DOSE,-0.17364817766693033,0.984807753012208,-0.49999999999999994,0.8660254037844387,-0.9374831999955,0.8074575267373562,-10.00000_-30.00000,0.8087444,1.2450873,0.0012868643,0.0028873682
L0000.ANS,-10.0,-20.0,9.000134400036,2002/01/00,0,11.45,TOTAL,1.2628,0.08243,microSv/hr,ICRP Pub. 103 EFFECTIVE DOSE,-0.17364817766693033,0.984807753012208,-0.3420201433256687,0.9396926207859084,-0.9374831999955,0.8166029844868635,-10.00000_-20.00000,0.817713,1.2653131,0.0011100173,0.0025131702
L0000.ANS,-10.0,-10.0,9.000134400036,2002/01/00,0,11.37,TOTAL,1.2688,0.082766,microSv/hr,ICRP Pub. 103 EFFECTIVE DOSE,-0.17364817766693033,0.984807753012208,-0.17364817766693033,0.984807753012208,-0.9374831999955,0.8192510573556713,-10.00000_-10.00000,0.8193525,1.2690302,0.000101447105,0.00023019314
L0000.ANS,-10.0,0.0,9.000134400036,2002/01/00,0,11.48,TOTAL,1.2605,0.082316,microSv/hr,ICRP Pub. 103 EFFECTIVE DOSE,-0.17364817766693033,0.984807753012208,0.0,1.0,-0.9374831999955,0.8155860277525228,-10.00000_0.00000,0.8147075,1.258515,-0.00087851286,-0.0019849539
L0000.ANS,-10.0,10.0,9.000134400036,2002/01/00,0,11.72,TOTAL,1.2426,0.08168,microSv/hr,ICRP Pub. 103 EFFECTIVE DOSE,-0.17364817766693033,0.984807753012208,0.17364817766693033,0.984807753012208,-0.9374831999955,0.8076359070446433,-10.00000_10.00000,0.80572724,1.2383237,-0.0019086599,-0.0042762756
L0000.ANS,-10.0,20.0,9.000134400036,2002/01/00,0,12.07,TOTAL,1.2183,0.079623,microSv/hr,ICRP Pub. 103 EFFECTIVE DOSE,-0.17364817766693033,0.984807753012208,0.3420201433256687,0.9396926207859084,-0.9374831999955,0.7967411367700513,-10.00000_20.00000,0.79078716,1.2051315,-0.0059539676,-0.013168454
L0000.ANS,-10.0,30.0,9.000134400036,2002/01/00,0,12.52,TOTAL,1.1885,0.076846,microSv/hr,ICRP Pub. 103 EFFECTIVE DOSE,-0.17364817766693033,0.984807753012208,0.49999999999999994,0.8660254037844387,-0.9374831999955,0.7832163776488129,-10.00000_30.00000,0.78178155,1.1853621,-0.001434803,-0.003137827
L0000.ANS,-10.0,40.0,9.000134400036,2002/01/00,0,13.05,TOTAL,1.1553,0.074479,microSv/hr,ICRP Pub. 103 EFFECTIVE DOSE,-0.17364817766693033,0.984807753012208,0.6427876096865393,0.766044443118978,-0.9374831999955,0.7679299250036309,-10.00000_40.00000,0.76556844,1.1502163,-0.0023614764,-0.00508368
L0000.ANS,-10.0,50.0,9.000134400036,2002/01/00,0,13.61,TOTAL,1.122,0.072675,microSv/hr,ICRP Pub. 103 EFFECTIVE DOSE,-0.17364817766693033,0.984807753012208,0.766044443118978,0.6427876096865394,-0.9374831999955,0.7523590401917915,-10.00000_50.00000,0.7501358,1.1172875,-0.0022232533,-0.0047124624
L0000.ANS,-10.0,60.0,9.000134400036,2002/01/00,0,14.1,TOTAL,1.0952,0.069959,microSv/hr,ICRP Pub. 103 EFFECTIVE DOSE,-0.17364817766693033,0.984807753012208,0.8660254037844386,0.5000000000000001,-0.9374831999955,0.7396490142113651,-10.00000_60.00000,0.74320674,1.1026675,0.0035577416,0.0074675083
L0000.ANS,-10.0,70.0,9.000134400036,2002/01/00,0,14.49,TOTAL,1.0749,0.068178,microSv/hr,ICRP Pub. 103 EFFECTIVE DOSE,-0.17364817766693033,0.984807753012208,0.9396926207859083,0.3420201433256688,-0.9374831999955,0.7299129597502684,-10.00000_70.00000,0.7260165,1.066831,-0.0038964152,-0.008068919
L0000.ANS,-10.0,80.0,9.000134400036,2002/01/00,0,14.78,TOTAL,1.0604,0.067208,microSv/hr,ICRP Pub. 103 EFFECTIVE DOSE,-0.17364817766693033,0.984807753012208,0.984807753012208,0.17364817766693041,-0.9374831999955,0.7229001387092931,-10.00000_80.00000,0.7148954,1.043973,-0.008004725,-0.01642704
L0000.ANS,-10.0,90.0,9.000134400036,2002/01/00,0,14.96,TOTAL,1.051,0.066771,microSv/hr,ICRP Pub. 103 EFFECTIVE DOSE,-0.17364817766693033,0.984807753012208,1.0,6.123233995736766e-17,-0.9374831999955,0.7183274790902435,-10.00000_90.00000,0.7131621,1.0404332,-0.0051653385,-0.010566831
L0000.ANS,-10.0,100.0,9.000134400036,2002/01/00,0,15.06,TOTAL,1.0461,0.066602,microSv/hr,ICRP Pub. 103 EFFECTIVE DOSE,-0.17364817766693033,0.984807753012208,0.984807753012208,-0.1736481776669303,-0.9374831999955,0.7159355421903765,-10.00000_100.00000,0.7172737,1.0488398,0.0013381839,0.002739787
L0000.ANS,-10.0,110.0,9.000134400036,2002/01/00,0,15.05,TOTAL,1.0465,0.066615,microSv/hr,ICRP Pub. 103 EFFECTIVE DOSE,-0.17364817766693033,0.984807753012208,0.9396926207859084,-0.3420201433256687,-0.9374831999955,0.7161310169503207,-10.00000_110.00000,0.71286726,1.0398316,-0.0032637715,-0.0066684484
L0000.ANS,-10.0,120.0,9.000134400036,2002/01/00,0,14.94,TOTAL,1.052,0.066812,microSv/hr,ICRP Pub. 103 EFFECTIVE DOSE,-0.17364817766693033,0.984807753012208,0.8660254037844387,-0.4999999999999998,-0.9374831999955,0.7188149273085231,-10.00000_120.00000,0.7184939,1.0513413,-0.00032103062,-0.0006586313
L0000.ANS,-10.0,130.0,9.000134400036,2002/01/00,0,14.79,TOTAL,1.06,0.067188,microSv/hr,ICRP Pub. 103 EFFECTIVE DOSE,-0.17364817766693033,0.984807753012208,0.766044443118978,-0.6427876096865394,-0.9374831999955,0.7227059828014898,-10.00000_130.00000,0.7189487,1.0522746,-0.0037572384,-0.007725358
L0000.ANS,-10.0,140.0,9.000134400036,2002/01/00,0,14.65,TOTAL,1.0672,0.067622,microSv/hr,ICRP Pub. 103 EFFECTIVE DOSE,-0.17364817766693033,0.984807753012208,0.6427876096865395,-0.7660444431189779,-0.9374831999955,0.7261950346061457,-10.00000_140.00000,0.72438526,1.0634623,-0.0018097758,-0.003737688
L0000.ANS,-10.0,150.0,9.000134400036,2002/01/00,0,14.6,TOTAL,1.0698,0.067796,microSv/hr,ICRP Pub. 103 EFFECTIVE DOSE,-0.17364817766693033,0.984807753012208,0.49999999999999994,-0.8660254037844387,-0.9374831999955,0.7274519842519357,-10.00000_150.00000,0.7257516,1.0662835,-0.0017004013,-0.0035165548
L0000.ANS,-10.0,160.0,9.000134400036,2002/01/00,0,14.58,TOTAL,1.0704,0.067839,microSv/hr,ICRP Pub. 103 EFFECTIVE DOSE,-0.17364817766693033,0.984807753012208,0.3420201433256689,-0.9396926207859083,-0.9374831999955,0.7277418253244444,-10.00000_160.00000,0.73006415,1.0752138,0.0023223162,0.0048137903
L0000.ANS,-10.0,170.0,9.000134400036,2002/01/00,0,14.62,TOTAL,1.0688,0.067726,microSv/hr,ICRP Pub. 103 EFFECTIVE DOSE,-0.17364817766693033,0.984807753012208,0.17364817766693028,-0.984807753012208,-0.9374831999955,0.726968729035456,-10.00000_170.00000,0.72825384,1.0714604,0.0012851357,0.0026603937
L0000.ANS,-5.0,-179.99999,9.000134400036,2002/01/00,0,15.09,TOTAL,1.0444,0.066554,microSv/hr,ICRP Pub. 103 EFFECTIVE DOSE,-0.08715574274765817,0.9961946980917455,-1.745329251238221e-07,-0.9999999999999848,-0.9374831999955,0.7151043479119874,-5.00000_-179.99999,0.7119849,1.0380325,-0.0031194687,-0.006367445
L0000.ANS,-5.0,-170.0,9.000134400036,2002/01/00,0,14.94,TOTAL,1.0522,0.066818,microSv/hr,ICRP Pub. 103 EFFECTIVE DOSE,-0.08715574274765817,0.9961946980917455,-0.17364817766693028,-0.984807753012208,-0.9374831999955,0.7189123884459717,-5.00000_-170.00000,0.71810657,1.050547,-0.0008057952,-0.001652956
L0000.ANS,-5.0,-160.0,9.000134400036,2002/01/00,0,14.76,TOTAL,1.0613,0.067262,microSv/hr,ICRP Pub. 103 EFFECTIVE DOSE,-0.08715574274765817,0.9961946980917455,-0.3420201433256689,-0.9396926207859083,-0.9374831999955,0.7233368517230029,-5.00000_-160.00000,0.72372264,1.0620954,0.00038576126,0.0007953644
L0000.ANS,-5.0,-150.0,9.000134400036,2002/01/00,0,14.57,TOTAL,1.0711,0.067891,microSv/hr,ICRP Pub. 103 EFFECTIVE DOSE,-0.08715574274765817,0.9961946980917455,-0.49999999999999994,-0.8660254037844387,-0.9374831999955,0.7280798670999682,-5.00000_-150.00000,0.73174995,1.0787151,0.0036700964,0.0076150894
L0000.ANS,-5.0,-140.0,9.000134400036,2002/01/00,0,14.36,TOTAL,1.082,0.068775,microSv/hr,ICRP Pub. 103 EFFECTIVE DOSE,-0.08715574274765817,0.9961946980917455,-0.6427876096865395,-0.7660444431189779,-0.9374831999955,0.7333289701927772,-5.00000_-140.00000,0.734758,1.0849774,0.0014290214,0.0029773712
L0000.ANS,-5.0,-130.0,9.000134400036,2002/01/00,0,14.13,TOTAL,1.0936,0.069833,microSv/hr,ICRP Pub. 103 EFFECTIVE DOSE,-0.08715574274765817,0.9961946980917455,-0.766044443118978,-0.6427876096865394,-0.9374831999955,0.738885072233799,-5.00000_-130.00000,0.7362635,1.0881187,-0.0026215315,-0.005481243
L0000.ANS,-5.0,-120.0,9.000134400036,2002/01/00,0,13.87,TOTAL,1.1078,0.071121,microSv/hr,ICRP Pub. 103 EFFECTIVE DOSE,-0.08715574274765817,0.9961946980917455,-0.8660254037844387,-0.4999999999999998,-0.9374831999955,0.7456447495176992,-5.00000_-120.00000,0.74251205,1.1012073,-0.003132701,-0.0065927505
L0000.ANS,-5.0,-110.0,9.000134400036,2002/01/00,0,13.59,TOTAL,1.1232,0.072828,microSv/hr,ICRP Pub. 103 EFFECTIVE DOSE,-0.08715574274765817,0.9961946980917455,-0.9396926207859084,-0.3420201433256687,-0.9374831999955,0.752924384595806,-5.00000_-110.00000,0.7538234,1.1251097,0.00089901686,0.0019097328
L0000.ANS,-5.0,-100.0,9.000134400036,2002/01/00,0,13.26,TOTAL,1.1426,0.073986,microSv/hr,ICRP Pub. 103 EFFECTIVE DOSE,-0.08715574274765817,0.9961946980917455,-0.984807753012208,-0.1736481776669303,-0.9374831999955,0.7620200448463208,-5.00000_-100.00000,0.7535211,1.1244673,-0.008498967,-0.018132806
L0000.ANS,-5.0,-90.0,9.000134400036,2002/01/00,0,12.94,TOTAL,1.1623,0.074853,microSv/hr,ICRP Pub. 103 EFFECTIVE DOSE,-0.08715574274765817,0.9961946980917455,-1.0,6.123233995736766e-17,-0.9374831999955,0.7711724699977123,-5.00000_-90.00000,0.7662905,1.1517694,-0.004881978,-0.010530591
L0000.ANS,-5.0,-80.0,9.000134400036,2002/01/00,0,12.73,TOTAL,1.1757,0.075787,microSv/hr,ICRP Pub. 103 EFFECTIVE DOSE,-0.08715574274765817,0.9961946980917455,-0.984807753012208,0.17364817766693041,-0.9374831999955,0.7773504518420197,-5.00000_-80.00000,0.7765029,1.1738567,-0.00084751844,-0.001843214
L0000.ANS,-5.0,-70.0,9.000134400036,2002/01/00,0,12.66,TOTAL,1.1795,0.076104,microSv/hr,ICRP Pub. 103 EFFECTIVE DOSE,-0.08715574274765817,0.9961946980917455,-0.9396926207859083,0.3420201433256688,-0.9374831999955,0.7790954926963103,-5.00000_-70.00000,0.7812629,1.1842289,0.0021674037,0.0047289133
L0000.ANS,-5.0,-60.0,9.000134400036,2002/01/00,0,12.72,TOTAL,1.1763,0.075836,microSv/hr,ICRP Pub. 103 EFFECTIVE DOSE,-0.08715574274765817,0.9961946980917455,-0.8660254037844386,0.5000000000000001,-0.9374831999955,0.7776261871378843,-5.00000_-60.00000,0.77850807,1.17822,0.0008818507,0.0019199848
L0000.ANS,-5.0,-50.0,9.000134400036,2002/01/00,0,12.75,TOTAL,1.1741,0.075659,microSv/hr,ICRP Pub. 103 EFFECTIVE DOSE,-0.08715574274765817,0.9961946980917455,-0.766044443118978,0.6427876096865394,-0.9374831999955,0.7766147858012084,-5.00000_-50.00000,0.77564484,1.1719923,-0.0009699464,-0.0021077394
L0000.ANS,-5.0,-40.0,9.000134400036,2002/01/00,0,12.69,TOTAL,1.1781,0.075979,microSv/hr,ICRP Pub. 103 EFFECTIVE DOSE,-0.08715574274765817,0.9961946980917455,-0.6427876096865393,0.766044443118978,-0.9374831999955,0.7784529371390452,-5.00000_-40.00000,0.77554053,1.1717657,-0.0029124022,-0.006334305
L0000.ANS,-5.0,-30.0,9.000134400036,2002/01/00,0,12.55,TOTAL,1.1869,0.076726,microSv/hr,ICRP Pub. 103 EFFECTIVE DOSE,-0.08715574274765817,0.9961946980917455,-0.49999999999999994,0.8660254037844387,-0.9374831999955,0.7824850159121404,-5.00000_-30.00000,0.780071,1.1816272,-0.002413988,-0.0052728653
L0000.ANS,-5.0,-20.0,9.000134400036,2002/01/00,0,12.44,TOTAL,1.1937,0.077246,microSv/hr,ICRP Pub. 103 EFFECTIVE DOSE,-0.08715574274765817,0.9961946980917455,-0.3420201433256687,0.9396926207859084,-0.9374831999955,0.7855896159495047,-5.00000_-20.00000,0.79172134,1.2071925,0.0061317086,0.013492465
L0000.ANS,-5.0,-10.0,9.000134400036,2002/01/00,0,12.48,TOTAL,1.1913,0.077058,microSv/hr,ICRP Pub. 103 EFFECTIVE DOSE,-0.08715574274765817,0.9961946980917455,-0.17364817766693033,0.984807753012208,-0.9374831999955,0.7844949750192207,-5.00000_-10.00000,0.78205705,1.1859642,-0.0024379492,-0.005335808
L0000.ANS,-5.0,0.0,9.000134400036,2002/01/00,0,12.65,TOTAL,1.1807,0.076198,microSv/hr,ICRP Pub. 103 EFFECTIVE DOSE,-0.08715574274765817,0.9961946980917455,0.0,1.0,-0.9374831999955,0.7796459261765625,-5.00000_0.00000,0.7748446,1.1702548,-0.004801333,-0.010445118
L0000.ANS,-5.0,10.0,9.000134400036,2002/01/00,0,12.92,TOTAL,1.1635,0.074926,microSv/hr,ICRP Pub. 103 EFFECTIVE DOSE,-0.08715574274765817,0.9961946980917455,0.17364817766693033,0.984807753012208,-0.9374831999955,0.7717272806828024,-5.00000_10.00000,0.7727879,1.1657959,0.0010606647,0.002295971
L0000.ANS,-5.0,20.0,9.000134400036,2002/01/00,0,13.27,TOTAL,1.1418,0.073964,microSv/hr,ICRP Pub. 103 EFFECTIVE DOSE,-0.08715574274765817,0.9961946980917455,0.3420201433256687,0.9396926207859084,-0.9374831999955,0.7616465969846375,-5.00000_20.00000,0.7631746,1.1450752,0.0015280247,0.0032752752
L0000.ANS,-5.0,30.0,9.000134400036,2002/01/00,0,13.71,TOTAL,1.1165,0.072037,microSv/hr,ICRP Pub. 103 EFFECTIVE DOSE,-0.08715574274765817,0.9961946980917455,0.49999999999999994,0.8660254037844387,-0.9374831999955,0.7497637809788413,-5.00000_30.00000,0.74199504,1.1001211,-0.00776875,-0.01637888
L0000.ANS,-5.0,40.0,9.000134400036,2002/01/00,0,14.21,TOTAL,1.0894,0.069477,microSv/hr,ICRP Pub. 103 EFFECTIVE DOSE,-0.08715574274765817,0.9961946980917455,0.6427876096865393,0.766044443118978,-0.9374831999955,0.7368769434212705,-5.00000_40.00000,0.73355067,1.0824616,-0.0033262968,-0.0069384575
L0000.ANS,-5.0,50.0,9.000134400036,2002/01/00,0,14.76,TOTAL,1.0616,0.067277,microSv/hr,ICRP Pub. 103 EFFECTIVE DOSE,-0.08715574274765817,0.9961946980917455,0.766044443118978,0.6427876096865394,-0.9374831999955,0.7234823803560183,-5.00000_50.00000,0.7272278,1.069336,0.0037454367,0.007736087
L0000.ANS,-5.0,60.0,9.000134400036,2002/01/00,0,15.27,TOTAL,1.0354,0.066376,microSv/hr,ICRP Pub. 103 EFFECTIVE DOSE,-0.08715574274765817,0.9961946980917455,0.8660254037844386,0.5000000000000001,-0.9374831999955,0.7106923597756942,-5.00000_60.00000,0.7056674,1.0251977,-0.0050249696,-0.010202169
L0000.ANS,-5.0,70.0,9.000134400036,2002/01/00,0,15.7,TOTAL,1.0163,0.064311,microSv/hr,ICRP Pub. 103 EFFECTIVE DOSE,-0.08715574274765817,0.9961946980917455,0.9396926207859083,0.3420201433256688,-0.9374831999955,0.7012641486618928,-5.00000_70.00000,0.7003578,1.0144733,-0.0009063482,-0.001826644
L0000.ANS,-5.0,80.0,9.000134400036,2002/01/00,0,16.01,TOTAL,1.0027,0.063038,microSv/hr,ICRP Pub. 103 EFFECTIVE DOSE,-0.08715574274765817,0.9961946980917455,0.984807753012208,0.17364817766693041,-0.9374831999955,0.6944962701292408,-5.00000_80.00000,0.68950987,0.9927386,-0.0049864054,-0.009961367
L0000.ANS,-5.0,90.0,9.000134400036,2002/01/00,0,16.2,TOTAL,0.99461,0.062224,microSv/hr,ICRP Pub. 103 EFFECTIVE DOSE,-0.08715574274765817,0.9961946980917455,1.0,6.123233995736766e-17,-0.9374831999955,0.6904485425096115,-5.00000_90.00000,0.68489164,0.98355687,-0.0055568814,-0.011053085
L0000.ANS,-5.0,100.0,9.000134400036,2002/01/00,0,16.26,TOTAL,0.99208,0.061976,microSv/hr,ICRP Pub. 103 EFFECTIVE DOSE,-0.08715574274765817,0.9961946980917455,0.984807753012208,-0.1736481776669303,-0.9374831999955,0.6891793189985598,-5.00000_100.00000,0.6898037,0.9933242,0.00062441826,0.001244247
L0000.ANS,-5.0,110.0,9.000134400036,2002/01/00,0,16.2,TOTAL,0.99487,0.06225,microSv/hr,ICRP Pub. 103 EFFECTIVE DOSE,-0.08715574274765817,0.9961946980917455,0.9396926207859084,-0.3420201433256687,-0.9374831999955,0.6905788853113641,-5.00000_110.00000,0.6881472,0.990025,-0.0024316907,-0.004845023
L0000.ANS,-5.0,120.0,9.000134400036,2002/01/00,0,16.02,TOTAL,1.0022,0.062997,microSv/hr,ICRP Pub. 103 EFFECTIVE DOSE,-0.08715574274765817,0.9961946980917455,0.8660254037844387,-0.4999999999999998,-0.9374831999955,0.6942465760032462,-5.00000_120.00000,0.689587,0.99289227,-0.004659593,-0.009307742
L0000.ANS,-5.0,130.0,9.000134400036,2002/01/00,0,15.79,TOTAL,1.0125,0.063931,microSv/hr,ICRP Pub. 103 EFFECTIVE DOSE,-0.08715574274765817,0.9961946980917455,0.766044443118978,-0.6427876096865394,-0.9374831999955,0.6993777303105814,-5.00000_130.00000,0.69705784,1.0078366,-0.0023198724,-0.004663348
L0000.ANS,-5.0,140.0,9.000134400036,2002/01/00,0,15.58,TOTAL,1.0216,0.064884,microSv/hr,ICRP Pub. 103 EFFECTIVE DOSE,-0.08715574274765817,0.9961946980917455,0.6427876096865395,-0.7660444431189779,-0.9374831999955,0.7038892770918475,-5.00000_140.00000,0.7015181,1.0168121,-0.0023711324,-0.0047878027
L0000.ANS,-5.0,150.0,9.000134400036,2002/01/00,0,15.42,TOTAL,1.0288,0.065728,microSv/hr,ICRP Pub. 103 EFFECTIVE DOSE,-0.08715574274765817,0.9961946980917455,0.49999999999999994,-0.8660254037844387,-0.9374831999955,0.7074444852607698,-5.00000_150.00000,0.70411646,1.0220593,-0.0033280253,-0.0067406893
L0000.ANS,-5.0,160.0,9.000134400036,2002/01/00,0,15.31,TOTAL,1.0335,0.066311,microSv/hr,ICRP Pub. 103 EFFECTIVE DOSE,-0.08715574274765817,0.9961946980917455,0.3420201433256689,-0.9396926207859083,-0.9374831999955,0.7097584463651422,-5.00000_160.00000,0.7068558,1.027606,-0.0029026866,-0.005894065
L0000.ANS,-5.0,170.0,9.000134400036,2002/01/00,0,15.21,TOTAL,1.0386,0.066423,microSv/hr,ICRP Pub. 103 EFFECTIVE DOSE,-0.08715574274765817,0.9961946980917455,0.17364817766693028,-0.984807753012208,-0.9374831999955,0.7122632977521753,-5.00000_170.00000,0.71008974,1.0341738,-0.002173543,-0.0044261217
L0000.ANS,0.0,-179.99999,9.000134400036,2002/01/00,0,15.28,TOTAL,1.0352,0.066374,microSv/hr,ICRP Pub. 103 EFFECTIVE DOSE,0.0,1.0,-1.745329251238221e-07,-0.9999999999999848,-0.9374831999955,0.7105940941636659,0.00000_-179.99999,0.707425,1.0287604,-0.0031691194,-0.0064395666
L0000.ANS,0.0,-170.0,9.000134400036,2002/01/00,0,15.06,TOTAL,1.046,0.066598,microSv/hr,ICRP Pub. 103 EFFECTIVE DOSE,0.0,1.0,-0.17364817766693028,-0.984807753012208,-0.9374831999955,0.7158866675294348,0.00000_-170.00000,0.7140204,1.0421851,-0.001866281,-0.0038149357
L0000.ANS,0.0,-160.0,9.000134400036,2002/01/00,0,14.83,TOTAL,1.0578,0.067073,microSv/hr,ICRP Pub. 103 EFFECTIVE DOSE,0.0,1.0,-0.3420201433256689,-0.9396926207859083,-0.9374831999955,0.7216374509595729,0.00000_-160.00000,0.72221255,1.0589838,0.0005751252,0.0011838675
L0000.ANS,0.0,-150.0,9.000134400036,2002/01/00,0,14.6,TOTAL,1.0697,0.06779,microSv/hr,ICRP Pub. 103 EFFECTIVE DOSE,0.0,1.0,-0.49999999999999994,-0.8660254037844387,-0.9374831999955,0.7274036692380357,0.00000_-150.00000,0.727541,1.0699843,0.0001373887,0.00028431416
L0000.ANS,0.0,-140.0,9.000134400036,2002/01/00,0,14.35,TOTAL,1.0821,0.068784,microSv/hr,ICRP Pub. 103 EFFECTIVE DOSE,0.0,1.0,-0.6427876096865395,-0.7660444431189779,-0.9374831999955,0.7333769997790115,0.00000_-140.00000,0.73370636,1.0827858,0.00032937527,0.00068593025
L0000.ANS,0.0,-130.0,9.000134400036,2002/01/00,0,14.09,TOTAL,1.0959,0.07002,microSv/hr,ICRP Pub. 103 EFFECTIVE DOSE,0.0,1.0,-0.766044443118978,-0.6427876096865394,-0.9374831999955,0.7399830553969771,0.00000_-130.00000,0.7421602,1.100468,0.0021771193,0.0045679808
L0000.ANS,0.0,-120.0,9.000134400036,2002/01/00,0,13.79,TOTAL,1.1123,0.071581,microSv/hr,ICRP Pub. 103 EFFECTIVE DOSE,0.0,1.0,-0.8660254037844387,-0.4999999999999998,-0.9374831999955,0.7477774012110602,0.00000_-120.00000,0.74718857,1.1110566,-0.0005888343,-0.0012434721
L0000.ANS,0.0,-110.0,9.000134400036,2002/01/00,0,13.44,TOTAL,1.1314,0.073765,microSv/hr,ICRP Pub. 103 EFFECTIVE DOSE,0.0,1.0,-0.9396926207859084,-0.3420201433256687,-0.9374831999955,0.7567790408047187,0.00000_-110.00000,0.7521201,1.121493,-0.0046589375,-0.009907007
L0000.ANS,0.0,-100.0,9.000134400036,2002/01/00,0,13.08,TOTAL,1.1538,0.074406,microSv/hr,ICRP Pub. 103 EFFECTIVE DOSE,0.0,1.0,-0.984807753012208,-0.1736481776669303,-0.9374831999955,0.7672337239126434,0.00000_-100.00000,0.76309013,1.144894,-0.0041435957,-0.008906007
L0000.ANS,0.0,-90.0,9.000134400036,2002/01/00,0,12.75,TOTAL,1.1745,0.075689,microSv/hr,ICRP Pub. 103 EFFECTIVE DOSE,0.0,1.0,-1.0,6.123233995736766e-17,-0.9374831999955,0.7767987530555561,0.00000_-90.00000,0.77090836,1.161729,-0.0058903694,-0.01277101
L0000.ANS,0.0,-80.0,9.000134400036,2002/01/00,0,12.58,TOTAL,1.185,0.076591,microSv/hr,ICRP Pub. 103 EFFECTIVE DOSE,0.0,1.0,-0.984807753012208,0.17364817766693041,-0.9374831999955,0.7816158285475535,0.00000_-80.00000,0.7794494,1.1802715,-0.00216645,-0.0047285557
L0000.ANS,0.0,-70.0,9.000134400036,2002/01/00,0,12.63,TOTAL,1.1814,0.076264,microSv/hr,ICRP Pub. 103 EFFECTIVE DOSE,0.0,1.0,-0.9396926207859083,0.3420201433256688,-0.9374831999955,0.7799668725125055,0.00000_-70.00000,0.7815922,1.1849483,0.0016252995,0.0035482645
L0000.ANS,0.0,-60.0,9.000134400036,2002/01/00,0,12.84,TOTAL,1.1687,0.075267,microSv/hr,ICRP Pub. 103 EFFECTIVE DOSE,0.0,1.0,-0.8660254037844386,0.5000000000000001,-0.9374831999955,0.7741279096922241,0.00000_-60.00000,0.7780488,1.17722,0.0039209127,0.008520007
L0000.ANS,0.0,-50.0,9.000134400036,2002/01/00,0,13.04,TOTAL,1.1559,0.074506,microSv/hr,ICRP Pub. 103 EFFECTIVE DOSE,0.0,1.0,-0.766044443118978,0.6427876096865394,-0.9374831999955,0.7682082697818243,0.00000_-50.00000,0.76833177,1.1561663,0.00012350082,0.00026631355
L0000.ANS,0.0,-40.0,9.000134400036,2002/01/00,0,13.15,TOTAL,1.1492,0.074209,microSv/hr,ICRP Pub. 103 EFFECTIVE DOSE,0.0,1.0,-0.6427876096865393,0.766044443118978,-0.9374831999955,0.7650956798725294,0.00000_-40.00000,0.7654971,1.1500629,0.00040143728,0.00086295605
L0000.ANS,0.0,-30.0,9.000134400036,2002/01/00,0,13.18,TOTAL,1.1474,0.074143,microSv/hr,ICRP Pub. 103 EFFECTIVE DOSE,0.0,1.0,-0.49999999999999994,0.8660254037844387,-0.9374831999955,0.7642578080178981,0.00000_-30.00000,0.7602246,1.1387565,-0.004033208,-0.008643389
L0000.ANS,0.0,-20.0,9.000134400036,2002/01/00,0,13.22,TOTAL,1.1447,0.07405,microSv/hr,ICRP Pub. 103 EFFECTIVE DOSE,0.0,1.0,-0.3420201433256687,0.9396926207859084,-0.9374831999955,0.7629996824587788,0.00000_-20.00000,0.7674604,1.1542883,0.004460752,0.009588361
L0000.ANS,0.0,-10.0,9.000134400036,2002/01/00,0,13.36,TOTAL,1.1363,0.073838,microSv/hr,ICRP Pub. 103 EFFECTIVE DOSE,0.0,1.0,-0.17364817766693033,0.984807753012208,-0.9374831999955,0.7590753606740518,0.00000_-10.00000,0.7624185,1.143454,0.003343165,0.007153988
L0000.ANS,0.0,0.0,9.000134400036,2002/01/00,0,13.6,TOTAL,1.1227,0.072757,microSv/hr,ICRP Pub. 103 EFFECTIVE DOSE,0.0,1.0,0.0,1.0,-0.9374831999955,0.7526888632682612,0.00000_0.00000,0.74846977,1.113763,-0.004219115,-0.00893712
L0000.ANS,0.0,10.0,9.000134400036,2002/01/00,0,13.91,TOTAL,1.1057,0.070912,microSv/hr,ICRP Pub. 103 EFFECTIVE DOSE,0.0,1.0,0.17364817766693033,0.984807753012208,-0.9374831999955,0.7446479534223484,0.00000_10.00000,0.7444379,1.1052576,-0.00021010637,-0.00044238567
L0000.ANS,0.0,20.0,9.000134400036,2002/01/00,0,14.26,TOTAL,1.0867,0.069217,microSv/hr,ICRP Pub. 103 EFFECTIVE DOSE,0.0,1.0,0.3420201433256687,0.9396926207859084,-0.9374831999955,0.735583870757202,0.00000_20.00000,0.73583543,1.087225,0.0002515912,0.0005249977
L0000.ANS,0.0,30.0,9.000134400036,2002/01/00,0,14.66,TOTAL,1.0665,0.067574,microSv/hr,ICRP Pub. 103 EFFECTIVE DOSE,0.0,1.0,0.49999999999999994,0.8660254037844387,-0.9374831999955,0.72585635496965,0.00000_30.00000,0.72385097,1.06236,-0.0020053983,-0.0041400194
L0000.ANS,0.0,40.0,9.000134400036,2002/01/00,0,15.12,TOTAL,1.0433,0.066523,microSv/hr,ICRP Pub. 103 EFFECTIVE DOSE,0.0,1.0,0.6427876096865393,0.766044443118978,-0.9374831999955,0.7145661479332452,0.00000_40.00000,0.70852745,1.0309983,-0.0060387254,-0.012301683
L0000.ANS,0.0,50.0,9.000134400036,2002/01/00,0,15.62,TOTAL,1.0197,0.064677,microSv/hr,ICRP Pub. 103 EFFECTIVE DOSE,0.0,1.0,0.766044443118978,0.6427876096865394,-0.9374831999955,0.7029489855322056,0.00000_50.00000,0.70935905,1.032688,0.0064100623,0.012987971
L0000.ANS,0.0,60.0,9.000134400036,2002/01/00,0,16.12,TOTAL,0.99781,0.06255,microSv/hr,ICRP Pub. 103 EFFECTIVE DOSE,0.0,1.0,0.8660254037844386,0.5000000000000001,-0.9374831999955,0.6920515806094415,0.00000_60.00000,0.69801545,1.0097603,0.005963862,0.011950254
L0000.ANS,0.0,70.0,9.000134400036,2002/01/00,0,16.55,TOTAL,0.98017,0.060963,microSv/hr,ICRP Pub. 103 EFFECTIVE DOSE,0.0,1.0,0.9396926207859083,0.3420201433256688,-0.9374831999955,0.683182699606665,0.00000_70.00000,0.6827113,0.9792368,-0.00047141314,-0.0009332299
L0000.ANS,0.0,80.0,9.000134400036,2002/01/00,0,16.87,TOTAL,0.96711,0.060142,microSv/hr,ICRP Pub. 103 EFFECTIVE DOSE,0.0,1.0,0.984807753012208,0.17364817766693041,-0.9374831999955,0.6765654605682666,0.00000_80.00000,0.672883,0.95987946,-0.0036824942,-0.00723058
L0000.ANS,0.0,90.0,9.000134400036,2002/01/00,0,17.05,TOTAL,0.95997,0.059824,microSv/hr,ICRP Pub. 103 EFFECTIVE DOSE,0.0,1.0,1.0,6.123233995736766e-17,-0.9374831999955,0.672929167002837,0.00000_90.00000,0.6650884,0.94466245,-0.007840753,-0.015307546
L0000.ANS,0.0,100.0,9.000134400036,2002/01/00,0,17.08,TOTAL,0.95866,0.059777,microSv/hr,ICRP Pub. 103 EFFECTIVE DOSE,0.0,1.0,0.984807753012208,-0.1736481776669303,-0.9374831999955,0.6722605659617585,0.00000_100.00000,0.6737091,0.9614992,0.0014485121,0.0028392076
L0000.ANS,0.0,110.0,9.000134400036,2002/01/00,0,16.95,TOTAL,0.96384,0.059985,microSv/hr,ICRP Pub. 103 EFFECTIVE DOSE,0.0,1.0,0.9396926207859084,-0.3420201433256687,-0.9374831999955,0.6749017402185952,0.00000_110.00000,0.67515,0.9643276,0.00024825335,0.0004876256
L0000.ANS,0.0,120.0,9.000134400036,2002/01/00,0,16.72,TOTAL,0.97354,0.060508,microSv/hr,ICRP Pub. 103 EFFECTIVE DOSE,0.0,1.0,0.8660254037844387,-0.4999999999999998,-0.9374831999955,0.6798288844737591,0.00000_120.00000,0.67514896,0.96432555,-0.0046799183,-0.009214461
L0000.ANS,0.0,130.0,9.000134400036,2002/01/00,0,16.43,TOTAL,0.9852,0.061362,microSv/hr,ICRP Pub. 103 EFFECTIVE DOSE,0.0,1.0,0.766044443118978,-0.6427876096865394,-0.9374831999955,0.6857196647311486,0.00000_130.00000,0.684013,0.98181486,-0.0017066598,-0.0033851266
L0000.ANS,0.0,140.0,9.000134400036,2002/01/00,0,16.14,TOTAL,0.99727,0.062494,microSv/hr,ICRP Pub. 103 EFFECTIVE DOSE,0.0,1.0,0.6427876096865395,-0.7660444431189779,-0.9374831999955,0.691781248098809,0.00000_140.00000,0.68729395,0.98832774,-0.004487276,-0.008942187
L0000.ANS,0.0,150.0,9.000134400036,2002/01/00,0,15.88,TOTAL,1.0082,0.063521,microSv/hr,ICRP Pub. 103 EFFECTIVE DOSE,0.0,1.0,0.49999999999999994,-0.8660254037844387,-0.9374831999955,0.6972387984631989,0.00000_150.00000,0.69698435,1.0076891,-0.00025445223,-0.000510931
L0000.ANS,0.0,160.0,9.000134400036,2002/01/00,0,15.66,TOTAL,1.018,0.064491,microSv/hr,ICRP Pub. 103 EFFECTIVE DOSE,0.0,1.0,0.3420201433256689,-0.9396926207859083,-0.9374831999955,0.7021069219314172,0.00000_160.00000,0.6997951,1.0133402,-0.0023117661,-0.0046596527
L0000.ANS,0.0,170.0,9.000134400036,2002/01/00,0,15.47,TOTAL,1.0264,0.065443,microSv/hr,ICRP Pub. 103 EFFECTIVE DOSE,0.0,1.0,0.17364817766693028,-0.984807753012208,-0.9374831999955,0.7062608197053284,0.00000_170.00000,0.6986476,1.0110312,-0.007613182,-0.015368819
L0000.ANS,5.0,-179.99999,9.000134400036,2002/01/00,0,15.19,TOTAL,1.0397,0.066442,microSv/hr,ICRP Pub. 103 EFFECTIVE DOSE,0.08715574274765817,0.9961946980917455,-1.745329251238221e-07,-0.9999999999999848,-0.9374831999955,0.7128027382183866,5.00000_-179.99999,0.7047189,1.0232779,-0.00808388,-0.016422153
L0000.ANS,5.0,-170.0,9.000134400036,2002/01/00,0,14.93,TOTAL,1.053,0.066851,microSv/hr,ICRP Pub. 103 EFFECTIVE DOSE,0.08715574274765817,0.9961946980917455,-0.17364817766693028,-0.984807753012208,-0.9374831999955,0.7193021380367964,5.00000_-170.00000,0.71995527,1.0543413,0.0006531477,0.0013413429
L0000.ANS,5.0,-160.0,9.000134400036,2002/01/00,0,14.67,TOTAL,1.0659,0.067538,microSv/hr,ICRP Pub. 103 EFFECTIVE DOSE,0.08715574274765817,0.9961946980917455,-0.3420201433256689,-0.9396926207859083,-0.9374831999955,0.725565966815446,5.00000_-160.00000,0.72650623,1.0678434,0.0009402633,0.001943469
L0000.ANS,5.0,-150.0,9.000134400036,2002/01/00,0,14.41,TOTAL,1.0794,0.068542,microSv/hr,ICRP Pub. 103 EFFECTIVE DOSE,0.08715574274765817,0.9961946980917455,-0.49999999999999994,-0.8660254037844387,-0.9374831999955,0.7320793905617328,5.00000_-150.00000,0.7312132,1.0775996,-0.0008661747,-0.0018002987
L0000.ANS,5.0,-140.0,9.000134400036,2002/01/00,0,14.13,TOTAL,1.0935,0.069824,microSv/hr,ICRP Pub. 103 EFFECTIVE DOSE,0.08715574274765817,0.9961946980917455,-0.6427876096865395,-0.7660444431189779,-0.9374831999955,0.7388373064770609,5.00000_-140.00000,0.7347478,1.0849562,-0.0040894747,-0.008543849
L0000.ANS,5.0,-130.0,9.000134400036,2002/01/00,0,13.82,TOTAL,1.1104,0.071387,microSv/hr,ICRP Pub. 103 EFFECTIVE DOSE,0.08715574274765817,0.9961946980917455,-0.766044443118978,-0.6427876096865394,-0.9374831999955,0.7468775029809132,5.00000_-130.00000,0.75134325,1.1198456,0.004465759,0.009445667
L0000.ANS,5.0,-120.0,9.000134400036,2002/01/00,0,13.48,TOTAL,1.1289,0.07353,microSv/hr,ICRP Pub. 103 EFFECTIVE DOSE,0.08715574274765817,0.9961946980917455,-0.8660254037844387,-0.4999999999999998,-0.9374831999955,0.7556054143995556,5.00000_-120.00000,0.75756407,1.1330738,0.0019586682,0.004173875
L0000.ANS,5.0,-110.0,9.000134400036,2002/01/00,0,13.03,TOTAL,1.157,0.074564,microSv/hr,ICRP Pub. 103 EFFECTIVE DOSE,0.08715574274765817,0.9961946980917455,-0.9396926207859084,-0.3420201433256687,-0.9374831999955,0.7687183674070194,5.00000_-110.00000,0.76533544,1.1497153,-0.0033829212,-0.0072846413
L0000.ANS,5.0,-100.0,9.000134400036,2002/01/00,0,12.52,TOTAL,1.189,0.07688,microSv/hr,ICRP Pub. 103 EFFECTIVE DOSE,0.08715574274765817,0.9961946980917455,-0.984807753012208,-0.1736481776669303,-0.9374831999955,0.7834448185407259,5.00000_-100.00000,0.7832726,1.1886231,-0.00017219782,-0.00037693977
L0000.ANS,5.0,-90.0,9.000134400036,2002/01/00,0,12.18,TOTAL,1.2111,0.078846,microSv/hr,ICRP Pub. 103 EFFECTIVE DOSE,0.08715574274765817,0.9961946980917455,-1.0,6.123233995736766e-17,-0.9374831999955,0.7934901292559733,5.00000_-90.00000,0.7838484,1.1898836,-0.009641707,-0.021216393
L0000.ANS,5.0,-80.0,9.000134400036,2002/01/00,0,12.14,TOTAL,1.2136,0.079106,microSv/hr,ICRP Pub. 103 EFFECTIVE DOSE,0.08715574274765817,0.9961946980917455,-0.984807753012208,0.17364817766693041,-0.9374831999955,0.7946201494905791,5.00000_-80.00000,0.79777104,1.2205858,0.0031508803,0.0069857836
L0000.ANS,5.0,-70.0,9.000134400036,2002/01/00,0,12.38,TOTAL,1.198,0.077606,microSv/hr,ICRP Pub. 103 EFFECTIVE DOSE,0.08715574274765817,0.9961946980917455,-0.9396926207859083,0.3420201433256688,-0.9374831999955,0.7875478559814296,5.00000_-70.00000,0.7876731,1.1982753,0.00012528896,0.00027537346
L0000.ANS,5.0,-60.0,9.000134400036,2002/01/00,0,12.75,TOTAL,1.1742,0.075666,microSv/hr,ICRP Pub. 103 EFFECTIVE DOSE,0.08715574274765817,0.9961946980917455,-0.8660254037844386,0.5000000000000001,-0.9374831999955,0.7766607807877629,5.00000_-60.00000,0.7786356,1.1784979,0.001974821,0.0042978525
L0000.ANS,5.0,-50.0,9.000134400036,2002/01/00,0,13.13,TOTAL,1.1506,0.074268,microSv/hr,ICRP Pub. 103 EFFECTIVE DOSE,0.08715574274765817,0.9961946980917455,-0.766044443118978,0.6427876096865394,-0.9374831999955,0.7657468729742889,5.00000_-50.00000,0.7706071,1.1610779,0.0048602223,0.010477781
L0000.ANS,5.0,-40.0,9.000134400036,2002/01/00,0,13.41,TOTAL,1.1328,0.073783,microSv/hr,ICRP Pub. 103 EFFECTIVE DOSE,0.08715574274765817,0.9961946980917455,-0.6427876096865393,0.766044443118978,-0.9374831999955,0.7574356704423072,5.00000_-40.00000,0.76053756,1.139426,0.0031018853,0.00662601
L0000.ANS,5.0,-30.0,9.000134400036,2002/01/00,0,13.61,TOTAL,1.1218,0.072654,microSv/hr,ICRP Pub. 103 EFFECTIVE DOSE,0.08715574274765817,0.9961946980917455,-0.49999999999999994,0.8660254037844387,-0.9374831999955,0.7522647850430341,5.00000_-30.00000,0.75254595,1.1223967,0.0002811551,0.0005966425
L0000.ANS,5.0,-20.0,9.000134400036,2002/01/00,0,13.78,TOTAL,1.1125,0.0716,microSv/hr,ICRP Pub. 103 EFFECTIVE DOSE,0.08715574274765817,0.9961946980917455,-0.3420201433256687,0.9396926207859084,-0.9374831999955,0.7478720802491918,5.00000_-20.00000,0.7514181,1.1200043,0.0035460591,0.007504344
L0000.ANS,5.0,-10.0,9.000134400036,2002/01/00,0,14.01,TOTAL,1.1003,0.070403,microSv/hr,ICRP Pub. 103 EFFECTIVE DOSE,0.08715574274765817,0.9961946980917455,-0.17364817766693033,0.984807753012208,-0.9374831999955,0.7420801916691245,5.00000_-10.00000,0.7461115,1.1087841,0.0040313005,0.008484006
L0000.ANS,5.0,0.0,9.000134400036,2002/01/00,0,14.29,TOTAL,1.0852,0.069071,microSv/hr,ICRP Pub. 103 EFFECTIVE DOSE,0.08715574274765817,0.9961946980917455,0.0,1.0,-0.9374831999955,0.7348647739118138,5.00000_0.00000,0.73982847,1.095576,0.004963696,0.010376096
L0000.ANS,5.0,10.0,9.000134400036,2002/01/00,0,14.61,TOTAL,1.0689,0.067738,microSv/hr,ICRP Pub. 103 EFFECTIVE DOSE,0.08715574274765817,0.9961946980917455,0.17364817766693033,0.984807753012208,-0.9374831999955,0.7270170650675605,5.00000_10.00000,0.7201043,1.0546474,-0.006912768,-0.014252543
L0000.ANS,5.0,20.0,9.000134400036,2002/01/00,0,14.95,TOTAL,1.0516,0.066796,microSv/hr,ICRP Pub. 103 EFFECTIVE DOSE,0.08715574274765817,0.9961946980917455,0.3420201433256687,0.9396926207859084,-0.9374831999955,0.7186199765329764,5.00000_20.00000,0.71422285,1.0425986,-0.004397154,-0.009001493
L0000.ANS,5.0,30.0,9.000134400036,2002/01/00,0,15.31,TOTAL,1.0336,0.066331,microSv/hr,ICRP Pub. 103 EFFECTIVE DOSE,0.08715574274765817,0.9961946980917455,0.49999999999999994,0.8660254037844387,-0.9374831999955,0.7098076214530525,5.00000_30.00000,0.7060516,1.0259761,-0.0037560463,-0.007623911
L0000.ANS,5.0,40.0,9.000134400036,2002/01/00,0,15.71,TOTAL,1.0157,0.064258,microSv/hr,ICRP Pub. 103 EFFECTIVE DOSE,0.08715574274765817,0.9961946980917455,0.6427876096865393,0.766044443118978,-0.9374831999955,0.700966529612077,5.00000_40.00000,0.7036205,1.0210567,0.0026539564,0.0053566694
L0000.ANS,5.0,50.0,9.000134400036,2002/01/00,0,16.16,TOTAL,0.9965,0.062415,microSv/hr,ICRP Pub. 103 EFFECTIVE DOSE,0.08715574274765817,0.9961946980917455,0.766044443118978,0.6427876096865394,-0.9374831999955,0.691395647521139,5.00000_50.00000,0.6927674,0.9992405,0.0013717413,0.0027405024
L0000.ANS,5.0,60.0,9.000134400036,2002/01/00,0,16.63,TOTAL,0.97722,0.060751,microSv/hr,ICRP Pub. 103 EFFECTIVE DOSE,0.08715574274765817,0.9961946980917455,0.8660254037844386,0.5000000000000001,-0.9374831999955,0.681691817714094,5.00000_60.00000,0.68492454,0.98362213,0.0032327175,0.006402135
L0000.ANS,5.0,70.0,9.000134400036,2002/01/00,0,17.04,TOTAL,0.9603,0.059837,microSv/hr,ICRP Pub. 103 EFFECTIVE DOSE,0.08715574274765817,0.9961946980917455,0.9396926207859083,0.3420201433256688,-0.9374831999955,0.6730975227542416,5.00000_70.00000,0.667321,0.949009,-0.0057765245,-0.011291027
L0000.ANS,5.0,80.0,9.000134400036,2002/01/00,0,17.35,TOTAL,0.94731,0.059498,microSv/hr,ICRP Pub. 103 EFFECTIVE DOSE,0.08715574274765817,0.9961946980917455,0.984807753012208,0.17364817766693041,-0.9374831999955,0.666448933027775,5.00000_80.00000,0.665762,0.9459728,-0.00068694353,-0.0013372302
L0000.ANS,5.0,90.0,9.000134400036,2002/01/00,0,17.52,TOTAL,0.94106,0.059036,microSv/hr,ICRP Pub. 103 EFFECTIVE DOSE,0.08715574274765817,0.9961946980917455,1.0,6.123233995736766e-17,-0.9374831999955,0.6632342156101921,5.00000_90.00000,0.6622629,0.93917555,-0.0009713173,-0.00188452
L0000.ANS,5.0,100.0,9.000134400036,2002/01/00,0,17.51,TOTAL,0.94127,0.059062,microSv/hr,ICRP Pub. 103 EFFECTIVE DOSE,0.08715574274765817,0.9961946980917455,0.984807753012208,-0.1736481776669303,-0.9374831999955,0.6633423980677395,5.00000_100.00000,0.6596979,0.9342079,-0.003644526,-0.007062137
L0000.ANS,5.0,110.0,9.000134400036,2002/01/00,0,17.36,TOTAL,0.94725,0.059497,microSv/hr,ICRP Pub. 103 EFFECTIVE DOSE,0.08715574274765817,0.9961946980917455,0.9396926207859084,-0.3420201433256687,-0.9374831999955,0.6664181208179208,5.00000_110.00000,0.66706264,0.94850546,0.000644505,0.0012554526
L0000.ANS,5.0,120.0,9.000134400036,2002/01/00,0,17.08,TOTAL,0.95851,0.059771,microSv/hr,ICRP Pub. 103 EFFECTIVE DOSE,0.08715574274765817,0.9961946980917455,0.8660254037844387,-0.4999999999999998,-0.9374831999955,0.6721839800591436,5.00000_120.00000,0.6694021,0.95306927,-0.002781868,-0.0054407716
L0000.ANS,5.0,130.0,9.000134400036,2002/01/00,0,16.74,TOTAL,0.97256,0.060447,microSv/hr,ICRP Pub. 103 EFFECTIVE DOSE,0.08715574274765817,0.9961946980917455,0.766044443118978,-0.6427876096865394,-0.9374831999955,0.6793321915262172,5.00000_130.00000,0.67501765,0.96406764,-0.004314542,-0.008492351
L0000.ANS,5.0,140.0,9.000134400036,2002/01/00,0,16.39,TOTAL,0.9871,0.061523,microSv/hr,ICRP Pub. 103 EFFECTIVE DOSE,0.08715574274765817,0.9961946980917455,0.6427876096865395,-0.7660444431189779,-0.9374831999955,0.6866762894296335,5.00000_140.00000,0.68919396,0.9921092,0.0025177002,0.005009234
L0000.ANS,5.0,150.0,9.000134400036,2002/01/00,0,16.04,TOTAL,1.0011,0.062906,microSv/hr,ICRP Pub. 103 EFFECTIVE DOSE,0.08715574274765817,0.9961946980917455,0.49999999999999994,-0.8660254037844387,-0.9374831999955,0.6936970293653808,5.00000_150.00000,0.6947214,1.0031509,0.0010243654,0.0020508766
L0000.ANS,5.0,160.0,9.000134400036,2002/01/00,0,15.73,TOTAL,1.0148,0.064161,microSv/hr,ICRP Pub. 103 EFFECTIVE DOSE,0.08715574274765817,0.9961946980917455,0.3420201433256689,-0.9396926207859083,-0.9374831999955,0.7005199348893584,5.00000_160.00000,0.6960018,1.0057174,-0.0045180917,-0.009082556
L0000.ANS,5.0,170.0,9.000134400036,2002/01/00,0,15.46,TOTAL,1.0269,0.065495,microSv/hr,ICRP Pub. 103 EFFECTIVE DOSE,0.08715574274765817,0.9961946980917455,0.17364817766693028,-0.984807753012208,-0.9374831999955,0.7065075322617816,5.00000_170.00000,0.7015207,1.0168173,-0.0049868226,-0.0100826025
L0000.ANS,10.0,-179.99999,9.000134400036,2002/01/00,0,14.88,TOTAL,1.0553,0.066955,microSv/hr,ICRP Pub. 103 EFFECTIVE DOSE,0.17364817766693033,0.984807753012208,-1.745329251238221e-07,-0.9999999999999848,-0.9374831999955,0.720421822694826,10.00000_-179.99999,0.7191578,1.0527037,-0.0012640357,-0.0025962591
L0000.ANS,10.0,-170.0,9.000134400036,2002/01/00,0,14.58,TOTAL,1.0707,0.067861,microSv/hr,ICRP Pub. 103 EFFECTIVE DOSE,0.17364817766693033,0.984807753012208,-0.17364817766693028,-0.984807753012208,-0.9374831999955,0.727886714363842,10.00000_-170.00000,0.7301358,1.0753624,0.002249062,0.0046623945
L0000.ANS,10.0,-160.0,9.000134400036,2002/01/00,0,14.29,TOTAL,1.0851,0.069064,microSv/hr,ICRP Pub. 103 EFFECTIVE DOSE,0.17364817766693033,0.984807753012208,-0.3420201433256689,-0.9396926207859083,-0.9374831999955,0.734816815731338,10.00000_-160.00000,0.73194563,1.0791218,-0.0028711557,-0.0059781075
L0000.ANS,10.0,-150.0,9.000134400036,2002/01/00,0,14.01,TOTAL,1.1003,0.070406,microSv/hr,ICRP Pub. 103 EFFECTIVE DOSE,0.17364817766693033,0.984807753012208,-0.49999999999999994,-0.8660254037844387,-0.9374831999955,0.7420801916691245,10.00000_-150.00000,0.7366781,1.0889846,-0.005402088,-0.011315465
L0000.ANS,10.0,-140.0,9.000134400036,2002/01/00,0,13.7,TOTAL,1.1169,0.072092,microSv/hr,ICRP Pub. 103 EFFECTIVE DOSE,0.17364817766693033,0.984807753012208,-0.6427876096865395,-0.7660444431189779,-0.9374831999955,0.7499527543813974,10.00000_-140.00000,0.74842787,1.1136744,-0.0015248656,-0.003225565
L0000.ANS,10.0,-130.0,9.000134400036,2002/01/00,0,13.34,TOTAL,1.1377,0.073866,microSv/hr,ICRP Pub. 103 EFFECTIVE DOSE,0.17364817766693033,0.984807753012208,-0.766044443118978,-0.6427876096865394,-0.9374831999955,0.7597304847030979,10.00000_-130.00000,0.75915194,1.1364636,-0.0005785227,-0.0012363195
L0000.ANS,10.0,-120.0,9.000134400036,2002/01/00,0,12.86,TOTAL,1.1674,0.075177,microSv/hr,ICRP Pub. 103 EFFECTIVE DOSE,0.17364817766693033,0.984807753012208,-0.8660254037844387,-0.4999999999999998,-0.9374831999955,0.7735282925067578,10.00000_-120.00000,0.7701089,1.1600014,-0.0034193993,-0.0073986053
L0000.ANS,10.0,-110.0,9.000134400036,2002/01/00,0,12.2,TOTAL,1.2096,0.078687,microSv/hr,ICRP Pub. 103 EFFECTIVE DOSE,0.17364817766693033,0.984807753012208,-0.9396926207859084,-0.3420201433256687,-0.9374831999955,0.7928115036728907,10.00000_-110.00000,0.7937369,1.2116456,0.0009253621,0.0020456314
L0000.ANS,10.0,-100.0,9.000134400036,2002/01/00,0,11.53,TOTAL,1.2567,0.082138,microSv/hr,ICRP Pub. 103 EFFECTIVE DOSE,0.17364817766693033,0.984807753012208,-0.984807753012208,-0.1736481776669303,-0.9374831999955,0.8139035691957275,10.00000_-100.00000,0.8209958,1.272762,0.0070922375,0.016061902
L0000.ANS,10.0,-90.0,9.000134400036,2002/01/00,0,11.04,TOTAL,1.2942,0.084538,microSv/hr,ICRP Pub. 103 EFFECTIVE DOSE,0.17364817766693033,0.984807753012208,-1.0,6.123233995736766e-17,-0.9374831999955,0.8303841988650302,10.00000_-90.00000,0.8383858,1.3126309,0.008001626,0.018430948
L0000.ANS,10.0,-80.0,9.000134400036,2002/01/00,0,11.13,TOTAL,1.2872,0.084059,microSv/hr,ICRP Pub. 103 EFFECTIVE DOSE,0.17364817766693033,0.984807753012208,-0.984807753012208,0.17364817766693041,-0.9374831999955,0.8273283620259649,10.00000_-80.00000,0.8250542,1.2820045,-0.0022741556,-0.0051956177
L0000.ANS,10.0,-70.0,9.000134400036,2002/01/00,0,11.8,TOTAL,1.2364,0.081568,microSv/hr,ICRP Pub. 103 EFFECTIVE DOSE,0.17364817766693033,0.984807753012208,-0.9396926207859083,0.3420201433256688,-0.9374831999955,0.8048674301703531,10.00000_-70.00000,0.8117036,1.2517408,0.006836176,0.015340805
L0000.ANS,10.0,-60.0,9.000134400036,2002/01/00,0,12.42,TOTAL,1.1955,0.077392,microSv/hr,ICRP Pub. 103 EFFECTIVE DOSE,0.17364817766693033,0.984807753012208,-0.8660254037844386,0.5000000000000001,-0.9374831999955,0.7864098110196351,10.00000_-60.00000,0.78830796,1.1996714,0.0018981695,0.0041713715
L0000.ANS,10.0,-50.0,9.000134400036,2002/01/00,0,12.97,TOTAL,1.1603,0.074741,microSv/hr,ICRP Pub. 103 EFFECTIVE DOSE,0.17364817766693033,0.984807753012208,-0.766044443118978,0.6427876096865394,-0.9374831999955,0.7702471009407938,10.00000_-50.00000,0.7747829,1.170121,0.0045357943,0.009820938
L0000.ANS,10.0,-40.0,9.000134400036,2002/01/00,0,13.44,TOTAL,1.1314,0.073766,microSv/hr,ICRP Pub. 103 EFFECTIVE DOSE,0.17364817766693033,0.984807753012208,-0.6427876096865393,0.766044443118978,-0.9374831999955,0.7567790408047187,10.00000_-40.00000,0.7568267,1.1315016,4.7683716e-05,0.000101566315
L0000.ANS,10.0,-30.0,9.000134400036,2002/01/00,0,13.77,TOTAL,1.113,0.071657,microSv/hr,ICRP Pub. 103 EFFECTIVE DOSE,0.17364817766693033,0.984807753012208,-0.49999999999999994,0.8660254037844387,-0.9374831999955,0.7481087386339197,10.00000_-30.00000,0.75179,1.1207929,0.0036812425,0.0077928305
L0000.ANS,10.0,-20.0,9.000134400036,2002/01/00,0,14.06,TOTAL,1.0972,0.070136,microSv/hr,ICRP Pub. 103 EFFECTIVE DOSE,0.17364817766693033,0.984807753012208,-0.3420201433256687,0.9396926207859084,-0.9374831999955,0.7406031217162407,10.00000_-20.00000,0.74834245,1.1134939,0.0077393055,0.016293883
L0000.ANS,10.0,-10.0,9.000134400036,2002/01/00,0,14.35,TOTAL,1.0825,0.068817,microSv/hr,ICRP Pub. 103 EFFECTIVE DOSE,0.17364817766693033,0.984807753012208,-0.17364817766693033,0.984807753012208,-0.9374831999955,0.7335690950588607,10.00000_-10.00000,0.73177814,1.0787737,-0.0017909408,-0.003726244
L0000.ANS,10.0,0.0,9.000134400036,2002/01/00,0,14.66,TOTAL,1.0667,0.067588,microSv/hr,ICRP Pub. 103 EFFECTIVE DOSE,0.17364817766693033,0.984807753012208,0.0,1.0,-0.9374831999955,0.7259531322851228,10.00000_0.00000,0.72873056,1.0724481,0.0027773976,0.0057480335
L0000.ANS,10.0,10.0,9.000134400036,2002/01/00,0,14.97,TOTAL,1.0509,0.066768,microSv/hr,ICRP Pub. 103 EFFECTIVE DOSE,0.17364817766693033,0.984807753012208,0.17364817766693033,0.984807753012208,-0.9374831999955,0.71827872119755,10.00000_10.00000,0.7144237,1.043009,-0.00385499,-0.00789094
L0000.ANS,10.0,20.0,9.000134400036,2002/01/00,0,15.27,TOTAL,1.0352,0.066374,microSv/hr,ICRP Pub. 103 EFFECTIVE DOSE,0.17364817766693033,0.984807753012208,0.3420201433256687,0.9396926207859084,-0.9374831999955,0.7105940941636659,10.00000_20.00000,0.70257974,1.0189544,-0.008014381,-0.016245604
L0000.ANS,10.0,30.0,9.000134400036,2002/01/00,0,15.58,TOTAL,1.0214,0.064863,microSv/hr,ICRP Pub. 103 EFFECTIVE DOSE,0.17364817766693033,0.984807753012208,0.49999999999999994,0.8660254037844387,-0.9374831999955,0.7037903406584252,10.00000_30.00000,0.70214117,1.0180691,-0.0016492009,-0.003330946
L0000.ANS,10.0,40.0,9.000134400036,2002/01/00,0,15.93,TOTAL,1.0063,0.063352,microSv/hr,ICRP Pub. 103 EFFECTIVE DOSE,0.17364817766693033,0.984807753012208,0.6427876096865393,0.766044443118978,-0.9374831999955,0.6962922297040182,10.00000_40.00000,0.702302,1.0183936,0.0060097575,0.012093663
L0000.ANS,10.0,50.0,9.000134400036,2002/01/00,0,16.32,TOTAL,0.98979,0.061762,microSv/hr,ICRP Pub. 103 EFFECTIVE DOSE,0.17364817766693033,0.984807753012208,0.766044443118978,0.6427876096865394,-0.9374831999955,0.688029105529777,10.00000_50.00000,0.68658096,0.9869106,-0.0014481544,-0.0028794408
L0000.ANS,10.0,60.0,9.000134400036,2002/01/00,0,16.75,TOTAL,0.97221,0.060426,microSv/hr,ICRP Pub. 103 EFFECTIVE DOSE,0.17364817766693033,0.984807753012208,0.8660254037844386,0.5000000000000001,-0.9374831999955,0.6791547413829042,10.00000_60.00000,0.67140424,0.95698345,-0.007750511,-0.015226603
L0000.ANS,10.0,70.0,9.000134400036,2002/01/00,0,17.14,TOTAL,0.9562,0.059695,microSv/hr,ICRP Pub. 103 EFFECTIVE DOSE,0.17364817766693033,0.984807753012208,0.9396926207859083,0.3420201433256688,-0.9374831999955,0.6710038158742555,10.00000_70.00000,0.6675762,0.94950634,-0.0034276247,-0.006693661
L0000.ANS,10.0,80.0,9.000134400036,2002/01/00,0,17.44,TOTAL,0.94376,0.059368,microSv/hr,ICRP Pub. 103 EFFECTIVE DOSE,0.17364817766693033,0.984807753012208,0.984807753012208,0.17364817766693041,-0.9374831999955,0.6646242416267071,10.00000_80.00000,0.6625065,0.93964803,-0.0021176934,-0.004111886
L0000.ANS,10.0,90.0,9.000134400036,2002/01/00,0,17.6,TOTAL,0.93815,0.058692,microSv/hr,ICRP Pub. 103 EFFECTIVE DOSE,0.17364817766693033,0.984807753012208,1.0,6.123233995736766e-17,-0.9374831999955,0.6617339098542019,10.00000_90.00000,0.6594024,0.93363637,-0.002331555,-0.004513681
L0000.ANS,10.0,100.0,9.000134400036,2002/01/00,0,17.59,TOTAL,0.93872,0.058758,microSv/hr,ICRP Pub. 103 EFFECTIVE DOSE,0.17364817766693033,0.984807753012208,0.984807753012208,-0.1736481776669303,-0.9374831999955,0.6620279615010753,10.00000_100.00000,0.6570526,0.92909807,-0.0049753785,-0.009621918
L0000.ANS,10.0,110.0,9.000134400036,2002/01/00,0,17.41,TOTAL,0.94496,0.05947,microSv/hr,ICRP Pub. 103 EFFECTIVE DOSE,0.17364817766693033,0.984807753012208,0.9396926207859084,-0.3420201433256687,-0.9374831999955,0.6652414113062365,10.00000_110.00000,0.66721725,0.94880676,0.0019758344,0.0038467646
L0000.ANS,10.0,120.0,9.000134400036,2002/01/00,0,17.13,TOTAL,0.95662,0.059708,microSv/hr,ICRP Pub. 103 EFFECTIVE DOSE,0.17364817766693033,0.984807753012208,0.8660254037844387,-0.4999999999999998,-0.9374831999955,0.6712184948022987,10.00000_120.00000,0.6675321,0.9494204,-0.003686428,-0.007199645
L0000.ANS,10.0,130.0,9.000134400036,2002/01/00,0,16.76,TOTAL,0.9719,0.060407,microSv/hr,ICRP Pub. 103 EFFECTIVE DOSE,0.17364817766693033,0.984807753012208,0.766044443118978,-0.6427876096865394,-0.9374831999955,0.6789975449555031,10.00000_130.00000,0.67653894,0.9670578,-0.0024585724,-0.0048421025
L0000.ANS,10.0,140.0,9.000134400036,2002/01/00,0,16.35,TOTAL,0.98841,0.061638,microSv/hr,ICRP Pub. 103 EFFECTIVE DOSE,0.17364817766693033,0.984807753012208,0.6427876096865395,-0.7660444431189779,-0.9374831999955,0.6873353243949155,10.00000_140.00000,0.6906432,0.9949983,0.003307879,0.00658828
L0000.ANS,10.0,150.0,9.000134400036,2002/01/00,0,15.95,TOTAL,1.0054,0.063275,microSv/hr,ICRP Pub. 103 EFFECTIVE DOSE,0.17364817766693033,0.984807753012208,0.49999999999999994,-0.8660254037844387,-0.9374831999955,0.695843542107688,10.00000_150.00000,0.6948978,1.0035043,-0.0009457469,-0.0018956661
L0000.ANS,10.0,160.0,9.000134400036,2002/01/00,0,15.56,TOTAL,1.0223,0.064964,microSv/hr,ICRP Pub. 103 EFFECTIVE DOSE,0.17364817766693033,0.984807753012208,0.3420201433256689,-0.9396926207859083,-0.9374831999955,0.7042354775453659,10.00000_160.00000,0.70071876,1.0152006,-0.0035167336,-0.00709939
L0000.ANS,10.0,170.0,9.000134400036,2002/01/00,0,15.21,TOTAL,1.0384,0.06642,microSv/hr,ICRP Pub. 103 EFFECTIVE DOSE,0.17364817766693033,0.984807753012208,0.17364817766693028,-0.984807753012208,-0.9374831999955,0.7121651863957071,10.00000_170.00000,0.7088455,1.0316443,-0.0033196807,-0.0067555904
L0000.ANS,15.0,-179.99999,9.000134400036,2002/01/00,0,14.38,TOTAL,1.0807,0.068656,microSv/hr,ICRP Pub. 103 EFFECTIVE DOSE,0.25881904510252074,0.9659258262890683,-1.745329251238221e-07,-0.9999999999999848,-0.9374831999955,0.7327043755583991,15.00000_-179.99999,0.7368414,1.0893257,0.0041369796,0.008625627
L0000.ANS,15.0,-170.0,9.000134400036,2002/01/00,0,14.04,TOTAL,1.0986,0.070251,microSv/hr,ICRP Pub. 103 EFFECTIVE DOSE,0.25881904510252074,0.9659258262890683,-0.17364817766693028,-0.984807753012208,-0.9374831999955,0.7412704557416736,15.00000_-170.00000,0.74144274,1.0989616,0.00017225742,0.00036156178
L0000.ANS,15.0,-160.0,9.000134400036,2002/01/00,0,13.73,TOTAL,1.1156,0.071945,microSv/hr,ICRP Pub. 103 EFFECTIVE DOSE,0.25881904510252074,0.9659258262890683,-0.3420201433256689,-0.9396926207859083,-0.9374831999955,0.7493384602096878,15.00000_-160.00000,0.74727017,1.1112288,-0.0020682812,-0.004371166
L0000.ANS,15.0,-150.0,9.000134400036,2002/01/00,0,13.4,TOTAL,1.1337,0.073795,microSv/hr,ICRP Pub. 103 EFFECTIVE DOSE,0.25881904510252074,0.9659258262890683,-0.49999999999999994,-0.8660254037844387,-0.9374831999955,0.7578575619287009,15.00000_-150.00000,0.75170934,1.1206218,-0.006148219,-0.013078213
L0000.ANS,15.0,-140.0,9.000134400036,2002/01/00,0,13.04,TOTAL,1.1559,0.074507,microSv/hr,ICRP Pub. 103 EFFECTIVE DOSE,0.25881904510252074,0.9659258262890683,-0.6427876096865395,-0.7660444431189779,-0.9374831999955,0.7682082697818243,15.00000_-140.00000,0.76288676,1.1444578,-0.0053215027,-0.011442184
L0000.ANS,15.0,-130.0,9.000134400036,2002/01/00,0,12.59,TOTAL,1.1839,0.07649,microSv/hr,ICRP Pub. 103 EFFECTIVE DOSE,0.25881904510252074,0.9659258262890683,-0.766044443118978,-0.6427876096865394,-0.9374831999955,0.7811122692885893,15.00000_-130.00000,0.77672803,1.1743462,-0.0043842196,-0.00955379
L0000.ANS,15.0,-120.0,9.000134400036,2002/01/00,0,11.93,TOTAL,1.2275,0.080702,microSv/hr,ICRP Pub. 103 EFFECTIVE DOSE,0.25881904510252074,0.9659258262890683,-0.8660254037844387,-0.4999999999999998,-0.9374831999955,0.8008798803628273,15.00000_-120.00000,0.80150115,1.2288843,0.0006212592,0.0013842583
L0000.ANS,15.0,-110.0,9.000134400036,2002/01/00,0,10.96,TOTAL,1.3001,0.084992,microSv/hr,ICRP Pub. 103 EFFECTIVE DOSE,0.25881904510252074,0.9659258262890683,-0.9396926207859084,-0.3420201433256687,-0.9374831999955,0.8329526002508214,15.00000_-110.00000,0.83430445,1.3032115,0.0013518333,0.0031113625
L0000.ANS,15.0,-100.0,9.000134400036,2002/01/00,0,9.88,TOTAL,1.4025,0.092271,microSv/hr,ICRP Pub. 103 EFFECTIVE DOSE,0.25881904510252074,0.9659258262890683,-0.984807753012208,-0.1736481776669303,-0.9374831999955,0.8765098618623105,15.00000_-100.00000,0.88729316,1.428547,0.010783315,0.02604711
L0000.ANS,15.0,-90.0,9.000134400036,2002/01/00,0,8.99,TOTAL,1.5078,0.09964,microSv/hr,ICRP Pub. 103 EFFECTIVE DOSE,0.25881904510252074,0.9659258262890683,-1.0,6.123233995736766e-17,-0.9374831999955,0.9194058747743004,15.00000_-90.00000,0.9190439,1.5068924,-0.000361979,-0.0009075403
L0000.ANS,15.0,-80.0,9.000134400036,2002/01/00,0,9.15,TOTAL,1.4879,0.098634,microSv/hr,ICRP Pub. 103 EFFECTIVE DOSE,0.25881904510252074,0.9659258262890683,-0.984807753012208,0.17364817766693041,-0.9374831999955,0.9114389811431307,15.00000_-80.00000,0.9090354,1.4819273,-0.002403617,-0.005972743
L0000.ANS,15.0,-70.0,9.000134400036,2002/01/00,0,10.43,TOTAL,1.342,0.089417,microSv/hr,ICRP Pub. 103 EFFECTIVE DOSE,0.25881904510252074,0.9659258262890683,-0.9396926207859083,0.3420201433256688,-0.9374831999955,0.8510052651755257,15.00000_-70.00000,0.8584469,1.3594933,0.00744164,0.017493248
L0000.ANS,15.0,-60.0,9.000134400036,2002/01/00,0,11.74,TOTAL,1.2407,0.08164,microSv/hr,ICRP Pub. 103 EFFECTIVE DOSE,0.25881904510252074,0.9659258262890683,-0.8660254037844386,0.5000000000000001,-0.9374831999955,0.8067883170489936,15.00000_-60.00000,0.81057554,1.2492021,0.0037872195,0.008502126
L0000.ANS,15.0,-50.0,9.000134400036,2002/01/00,0,12.55,TOTAL,1.1869,0.07673,microSv/hr,ICRP Pub. 103 EFFECTIVE DOSE,0.25881904510252074,0.9659258262890683,-0.766044443118978,0.6427876096865394,-0.9374831999955,0.7824850159121404,15.00000_-50.00000,0.7801006,1.1816916,-0.0023844242,-0.005208373
L0000.ANS,15.0,-40.0,9.000134400036,2002/01/00,0,13.16,TOTAL,1.1486,0.074188,microSv/hr,ICRP Pub. 103 EFFECTIVE DOSE,0.25881904510252074,0.9659258262890683,-0.6427876096865393,0.766044443118978,-0.9374831999955,0.764816467250305,15.00000_-40.00000,0.7574101,1.1327455,-0.007406354,-0.015854478
L0000.ANS,15.0,-30.0,9.000134400036,2002/01/00,0,13.64,TOTAL,1.1205,0.072497,microSv/hr,ICRP Pub. 103 EFFECTIVE DOSE,0.25881904510252074,0.9659258262890683,-0.49999999999999994,0.8660254037844387,-0.9374831999955,0.7516519099325084,15.00000_-30.00000,0.7534481,1.1243123,0.0017962456,0.003812313
L0000.ANS,15.0,-20.0,9.000134400036,2002/01/00,0,14.01,TOTAL,1.1001,0.070382,microSv/hr,ICRP Pub. 103 EFFECTIVE DOSE,0.25881904510252074,0.9659258262890683,-0.3420201433256687,0.9396926207859084,-0.9374831999955,0.7419849626432455,15.00000_-20.00000,0.7456725,1.1078585,0.0036875606,0.007758498
L0000.ANS,15.0,-10.0,9.000134400036,2002/01/00,0,14.33,TOTAL,1.0832,0.068881,microSv/hr,ICRP Pub. 103 EFFECTIVE DOSE,0.25881904510252074,0.9659258262890683,-0.17364817766693033,0.984807753012208,-0.9374831999955,0.733905173032113,15.00000_-10.00000,0.7291818,1.0733836,-0.00472337,-0.009816527
L0000.ANS,15.0,0.0,9.000134400036,2002/01/00,0,14.64,TOTAL,1.0675,0.067641,microSv/hr,ICRP Pub. 103 EFFECTIVE DOSE,0.25881904510252074,0.9659258262890683,0.0,1.0,-0.9374831999955,0.7263401479157092,15.00000_0.00000,0.7187479,1.0518625,-0.007592261,-0.015637636
L0000.ANS,15.0,10.0,9.000134400036,2002/01/00,0,14.93,TOTAL,1.0529,0.066846,microSv/hr,ICRP Pub. 103 EFFECTIVE DOSE,0.25881904510252074,0.9659258262890683,0.17364817766693033,0.984807753012208,-0.9374831999955,0.7192534276444247,15.00000_10.00000,0.7199781,1.0543882,0.0007246733,0.0014882088
L0000.ANS,15.0,20.0,9.000134400036,2002/01/00,0,15.19,TOTAL,1.0393,0.066436,microSv/hr,ICRP Pub. 103 EFFECTIVE DOSE,0.25881904510252074,0.9659258262890683,0.3420201433256687,0.9396926207859084,-0.9374831999955,0.7126066117161644,15.00000_20.00000,0.7107764,1.0355711,-0.0018302202,-0.0037288666
L0000.ANS,15.0,30.0,9.000134400036,2002/01/00,0,15.45,TOTAL,1.0272,0.065535,microSv/hr,ICRP Pub. 103 EFFECTIVE DOSE,0.25881904510252074,0.9659258262890683,0.49999999999999994,0.8660254037844387,-0.9374831999955,0.7066555305847375,15.00000_30.00000,0.70093834,1.0156432,-0.0057171583,-0.011556745
L0000.ANS,15.0,40.0,9.000134400036,2002/01/00,0,15.73,TOTAL,1.0149,0.064168,microSv/hr,ICRP Pub. 103 EFFECTIVE DOSE,0.25881904510252074,0.9659258262890683,0.6427876096865393,0.766044443118978,-0.9374831999955,0.7005695663755834,15.00000_40.00000,0.69801116,1.0097517,-0.0025584102,-0.0051482916
L0000.ANS,15.0,50.0,9.000134400036,2002/01/00,0,16.08,TOTAL,0.99956,0.062735,microSv/hr,ICRP Pub. 103 EFFECTIVE DOSE,0.25881904510252074,0.9659258262890683,0.766044443118978,0.6427876096865394,-0.9374831999955,0.6929271563563953,15.00000_50.00000,0.6888145,0.99135345,-0.004112661,-0.008206606
L0000.ANS,15.0,60.0,9.000134400036,2002/01/00,0,16.47,TOTAL,0.98355,0.061226,microSv/hr,ICRP Pub. 103 EFFECTIVE DOSE,0.25881904510252074,0.9659258262890683,0.8660254037844386,0.5000000000000001,-0.9374831999955,0.6848881686202495,15.00000_60.00000,0.68226266,0.97834903,-0.002625525,-0.005200982
L0000.ANS,15.0,70.0,9.000134400036,2002/01/00,0,16.85,TOTAL,0.96812,0.060194,microSv/hr,ICRP Pub. 103 EFFECTIVE DOSE,0.25881904510252074,0.9659258262890683,0.9396926207859083,0.3420201433256688,-0.9374831999955,0.6770787723808809,15.00000_70.00000,0.6766576,0.9672913,-0.00042116642,-0.000828743
L0000.ANS,15.0,80.0,9.000134400036,2002/01/00,0,17.14,TOTAL,0.95629,0.059698,microSv/hr,ICRP Pub. 103 EFFECTIVE DOSE,0.25881904510252074,0.9659258262890683,0.984807753012208,0.17364817766693041,-0.9374831999955,0.6710498223816285,15.00000_80.00000,0.6675782,0.94951034,-0.003471613,-0.0067796707
L0000.ANS,15.0,90.0,9.000134400036,2002/01/00,0,17.29,TOTAL,0.94979,0.059538,microSv/hr,ICRP Pub. 103 EFFECTIVE DOSE,0.25881904510252074,0.9659258262890683,1.0,6.123233995736766e-17,-0.9374831999955,0.6677216744687302,15.00000_90.00000,0.6661075,0.9466452,-0.001614213,-0.0031448007
L0000.ANS,15.0,100.0,9.000134400036,2002/01/00,0,17.28,TOTAL,0.95038,0.059549,microSv/hr,ICRP Pub. 103 EFFECTIVE DOSE,0.25881904510252074,0.9659258262890683,0.984807753012208,-0.1736481776669303,-0.9374831999955,0.6680242253854854,15.00000_100.00000,0.6671623,0.94869965,-0.00086194277,-0.0016803741
L0000.ANS,15.0,110.0,9.000134400036,2002/01/00,0,17.12,TOTAL,0.95703,0.059722,microSv/hr,ICRP Pub. 103 EFFECTIVE DOSE,0.25881904510252074,0.9659258262890683,0.9396926207859084,-0.3420201433256687,-0.9374831999955,0.6714280178825435,15.00000_110.00000,0.6670906,0.94855994,-0.00433743,-0.008470058
L0000.ANS,15.0,120.0,9.000134400036,2002/01/00,0,16.85,TOTAL,0.96821,0.060199,microSv/hr,ICRP Pub. 103 EFFECTIVE DOSE,0.25881904510252074,0.9659258262890683,0.8660254037844387,-0.4999999999999998,-0.9374831999955,0.677124500254314,15.00000_120.00000,0.67491114,0.9638585,-0.0022133589,-0.0043514967
L0000.ANS,15.0,130.0,9.000134400036,2002/01/00,0,16.48,TOTAL,0.98307,0.061188,microSv/hr,ICRP Pub. 103 EFFECTIVE DOSE,0.25881904510252074,0.9659258262890683,0.766044443118978,-0.6427876096865394,-0.9374831999955,0.6846461489650555,15.00000_130.00000,0.68407273,0.9819332,-0.0005733967,-0.0011367798
L0000.ANS,15.0,140.0,9.000134400036,2002/01/00,0,16.06,TOTAL,1.0006,0.062852,microSv/hr,ICRP Pub. 103 EFFECTIVE DOSE,0.25881904510252074,0.9659258262890683,0.6427876096865395,-0.7660444431189779,-0.9374831999955,0.6934471355689432,15.00000_140.00000,0.6916304,0.9969688,-0.00181669,-0.0036311746
L0000.ANS,15.0,150.0,9.000134400036,2002/01/00,0,15.61,TOTAL,1.0201,0.064719,microSv/hr,ICRP Pub. 103 EFFECTIVE DOSE,0.25881904510252074,0.9659258262890683,0.49999999999999994,-0.8660254037844387,-0.9374831999955,0.7031470151382788,15.00000_150.00000,0.7008689,1.0155032,-0.0022780895,-0.0045968294
L0000.ANS,15.0,160.0,9.000134400036,2002/01/00,0,15.17,TOTAL,1.0404,0.066456,microSv/hr,ICRP Pub. 103 EFFECTIVE DOSE,0.25881904510252074,0.9659258262890683,0.3420201433256689,-0.9396926207859083,-0.9374831999955,0.7131458670666344,15.00000_160.00000,0.71154195,1.03713,-0.0016039014,-0.00327003
L0000.ANS,15.0,170.0,9.000134400036,2002/01/00,0,14.76,TOTAL,1.0612,0.067256,microSv/hr,ICRP Pub. 103 EFFECTIVE DOSE,0.25881904510252074,0.9659258262890683,0.17364817766693028,-0.984807753012208,-0.9374831999955,0.7232883374719321,15.00000_170.00000,0.7242548,1.063193,0.0009664297,0.001992941
L0000.ANS,20.0,-179.99999,9.000134400036,2002/01/00,0,13.72,TOTAL,1.1162,0.072004,microSv/hr,ICRP Pub. 103 EFFECTIVE DOSE,0.3420201433256687,0.9396926207859084,-1.745329251238221e-07,-0.9999999999999848,-0.9374831999955,0.7496220274879243,20.00000_-179.99999,0.7532931,1.123983,0.00367105,0.007782936
L0000.ANS,20.0,-170.0,9.000134400036,2002/01/00,0,13.33,TOTAL,1.138,0.073871,microSv/hr,ICRP Pub. 103 EFFECTIVE DOSE,0.3420201433256687,0.9396926207859084,-0.17364817766693028,-0.984807753012208,-0.9374831999955,0.7598708126028535,20.00000_-170.00000,0.75814617,1.1343158,-0.0017246604,-0.003684163
L0000.ANS,20.0,-160.0,9.000134400036,2002/01/00,0,12.98,TOTAL,1.1601,0.07473,microSv/hr,ICRP Pub. 103 EFFECTIVE DOSE,0.3420201433256687,0.9396926207859084,-0.3420201433256689,-0.9396926207859083,-0.9374831999955,0.7701545169207294,20.00000_-160.00000,0.76651293,1.1522481,-0.0036416054,-0.007851839
L0000.ANS,20.0,-150.0,9.000134400036,2002/01/00,0,12.6,TOTAL,1.1835,0.076454,microSv/hr,ICRP Pub. 103 EFFECTIVE DOSE,0.3420201433256687,0.9396926207859084,-0.49999999999999994,-0.8660254037844387,-0.9374831999955,0.7809290939434785,20.00000_-150.00000,0.7745283,1.1695685,-0.006400764,-0.013931513
L0000.ANS,20.0,-140.0,9.000134400036,2002/01/00,0,12.15,TOTAL,1.2129,0.079026,microSv/hr,ICRP Pub. 103 EFFECTIVE DOSE,0.3420201433256687,0.9396926207859084,-0.6427876096865395,-0.7660444431189779,-0.9374831999955,0.7943038725196834,20.00000_-140.00000,0.7910974,1.2058158,-0.0032064915,-0.0070842505
L0000.ANS,20.0,-130.0,9.000134400036,2002/01/00,0,11.61,TOTAL,1.2507,0.081907,microSv/hr,ICRP Pub. 103 EFFECTIVE DOSE,0.3420201433256687,0.9396926207859084,-0.766044443118978,-0.6427876096865394,-0.9374831999955,0.8112412789424133,20.00000_-130.00000,0.81010747,1.2481496,-0.0011337996,-0.0025503635
L0000.ANS,20.0,-120.0,9.000134400036,2002/01/00,0,10.8,TOTAL,1.3129,0.086122,microSv/hr,ICRP Pub. 103 EFFECTIVE DOSE,0.3420201433256687,0.9396926207859084,-0.8660254037844387,-0.4999999999999998,-0.9374831999955,0.8385021484193164,20.00000_-120.00000,0.8429592,1.3232318,0.0044570565,0.01033175
L0000.ANS,20.0,-110.0,9.000134400036,2002/01/00,0,9.42,TOTAL,1.4549,0.097482,microSv/hr,ICRP Pub. 103 EFFECTIVE DOSE,0.3420201433256687,0.9396926207859084,-0.9396926207859084,-0.3420201433256687,-0.9374831999955,0.8980860272193087,20.00000_-110.00000,0.89725786,1.4528677,-0.00082814693,-0.00203228
L0000.ANS,20.0,-100.0,9.000134400036,2002/01/00,0,7.92,TOTAL,1.633,0.10803,microSv/hr,ICRP Pub. 103 EFFECTIVE DOSE,0.3420201433256687,0.9396926207859084,-0.984807753012208,-0.1736481776669303,-0.9374831999955,0.9681238805141723,20.00000_-100.00000,0.9580921,1.6067183,-0.01003176,-0.026281595
L0000.ANS,20.0,-90.0,9.000134400036,2002/01/00,0,7.32,TOTAL,1.7062,0.11368,microSv/hr,ICRP Pub. 103 EFFECTIVE DOSE,0.3420201433256687,0.9396926207859084,-1.0,6.123233995736766e-17,-0.9374831999955,0.9955454368474068,20.00000_-90.00000,0.99102974,1.6940072,-0.0045157075,-0.012192845
L0000.ANS,20.0,-80.0,9.000134400036,2002/01/00,0,6.91,TOTAL,1.7601,0.11634,microSv/hr,ICRP Pub. 103 EFFECTIVE DOSE,0.3420201433256687,0.9396926207859084,-0.984807753012208,0.17364817766693041,-0.9374831999955,1.0152669109567578,20.00000_-80.00000,1.0007662,1.7203653,-0.014500737,-0.039734602
L0000.ANS,20.0,-70.0,9.000134400036,2002/01/00,0,8.05,TOTAL,1.618,0.10714,microSv/hr,ICRP Pub. 103 EFFECTIVE DOSE,0.3420201433256687,0.9396926207859084,-0.9396926207859083,0.3420201433256688,-0.9374831999955,0.9624106674877082,20.00000_-70.00000,0.9502729,1.5864154,-0.012137771,-0.03158462
L0000.ANS,20.0,-60.0,9.000134400036,2002/01/00,0,10.14,TOTAL,1.3739,0.090537,microSv/hr,ICRP Pub. 103 EFFECTIVE DOSE,0.3420201433256687,0.9396926207859084,-0.8660254037844386,0.5000000000000001,-0.9374831999955,0.8645341723011203,20.00000_-60.00000,0.8666089,1.3788303,0.0020747185,0.004930258
L0000.ANS,20.0,-50.0,9.000134400036,2002/01/00,0,11.77,TOTAL,1.2385,0.081599,microSv/hr,ICRP Pub. 103 EFFECTIVE DOSE,0.3420201433256687,0.9396926207859084,-0.766044443118978,0.6427876096865394,-0.9374831999955,0.8058059986988831,20.00000_-50.00000,0.80834097,1.2441818,0.0025349855,0.005681753
L0000.ANS,20.0,-40.0,9.000134400036,2002/01/00,0,12.56,TOTAL,1.1859,0.076655,microSv/hr,ICRP Pub. 103 EFFECTIVE DOSE,0.3420201433256687,0.9396926207859084,-0.6427876096865393,0.766044443118978,-0.9374831999955,0.7820276430538196,20.00000_-40.00000,0.78197956,1.185795,-4.810095e-05,-0.00010514259
L0000.ANS,20.0,-30.0,9.000134400036,2002/01/00,0,13.14,TOTAL,1.1496,0.074226,microSv/hr,ICRP Pub. 103 EFFECTIVE DOSE,0.3420201433256687,0.9396926207859084,-0.49999999999999994,0.8660254037844387,-0.9374831999955,0.7652817783191443,20.00000_-30.00000,0.76874006,1.1570468,0.0034582615,0.007446766
L0000.ANS,20.0,-20.0,9.000134400036,2002/01/00,0,13.59,TOTAL,1.1229,0.072793,microSv/hr,ICRP Pub. 103 EFFECTIVE DOSE,0.3420201433256687,0.9396926207859084,-0.3420201433256687,0.9396926207859084,-0.9374831999955,0.7527830784558192,20.00000_-20.00000,0.7582634,1.1345661,0.005480349,0.0116660595
L0000.ANS,20.0,-10.0,9.000134400036,2002/01/00,0,13.93,TOTAL,1.1043,0.070774,microSv/hr,ICRP Pub. 103 EFFECTIVE DOSE,0.3420201433256687,0.9396926207859084,-0.17364817766693033,0.984807753012208,-0.9374831999955,0.7439828702624407,20.00000_-10.00000,0.7466321,1.1098821,0.0026492476,0.005582094
L0000.ANS,20.0,0.0,9.000134400036,2002/01/00,0,14.22,TOTAL,1.0888,0.069417,microSv/hr,ICRP Pub. 103 EFFECTIVE DOSE,0.3420201433256687,0.9396926207859084,0.0,1.0,-0.9374831999955,0.7365897384027821,20.00000_0.00000,0.7318963,1.0790193,-0.0046934485,-0.009780645
L0000.ANS,20.0,10.0,9.000134400036,2002/01/00,0,14.47,TOTAL,1.0763,0.068285,microSv/hr,ICRP Pub. 103 EFFECTIVE DOSE,0.3420201433256687,0.9396926207859084,0.17364817766693033,0.984807753012208,-0.9374831999955,0.7305874635337903,20.00000_10.00000,0.7332183,1.0817696,0.0026308298,0.0054695606
L0000.ANS,20.0,20.0,9.000134400036,2002/01/00,0,14.69,TOTAL,1.0648,0.067465,microSv/hr,ICRP Pub. 103 EFFECTIVE DOSE,0.3420201433256687,0.9396926207859084,0.3420201433256687,0.9396926207859084,-0.9374831999955,0.725033369422267,20.00000_20.00000,0.7264842,1.0677978,0.0014508367,0.0029978752
L0000.ANS,20.0,30.0,9.000134400036,2002/01/00,0,14.89,TOTAL,1.0548,0.06693,microSv/hr,ICRP Pub. 103 EFFECTIVE DOSE,0.3420201433256687,0.9396926207859084,0.49999999999999994,0.8660254037844387,-0.9374831999955,0.7201785196109757,20.00000_30.00000,0.7168306,1.0479323,-0.0033479333,-0.0068677664
L0000.ANS,20.0,40.0,9.000134400036,2002/01/00,0,15.13,TOTAL,1.0427,0.066508,microSv/hr,ICRP Pub. 103 EFFECTIVE DOSE,0.3420201433256687,0.9396926207859084,0.6427876096865393,0.766044443118978,-0.9374831999955,0.7142724621748936,20.00000_40.00000,0.70349145,1.020796,-0.01078099,-0.021903992
L0000.ANS,20.0,50.0,9.000134400036,2002/01/00,0,15.44,TOTAL,1.0279,0.06562,microSv/hr,ICRP Pub. 103 EFFECTIVE DOSE,0.3420201433256687,0.9396926207859084,0.766044443118978,0.6427876096865394,-0.9374831999955,0.707000774848481,20.00000_50.00000,0.7070251,1.0279493,2.4318695e-05,4.9352646e-05
L0000.ANS,20.0,60.0,9.000134400036,2002/01/00,0,15.79,TOTAL,1.0121,0.063896,microSv/hr,ICRP Pub. 103 EFFECTIVE DOSE,0.3420201433256687,0.9396926207859084,0.8660254037844386,0.5000000000000001,-0.9374831999955,0.6991789527916642,20.00000_60.00000,0.7050015,1.0238497,0.0058225393,0.011749744
L0000.ANS,20.0,70.0,9.000134400036,2002/01/00,0,16.14,TOTAL,0.9971,0.062476,microSv/hr,ICRP Pub. 103 EFFECTIVE DOSE,0.3420201433256687,0.9396926207859084,0.9396926207859083,0.3420201433256688,-0.9374831999955,0.6916961282926306,20.00000_70.00000,0.69075197,0.9952153,-0.0009441376,-0.0018846393
L0000.ANS,20.0,80.0,9.000134400036,2002/01/00,0,16.44,TOTAL,0.98504,0.061348,microSv/hr,ICRP Pub. 103 EFFECTIVE DOSE,0.3420201433256687,0.9396926207859084,0.984807753012208,0.17364817766693041,-0.9374831999955,0.6856390650696237,20.00000_80.00000,0.6804511,0.97476834,-0.0051879883,-0.010271668
L0000.ANS,20.0,90.0,9.000134400036,2002/01/00,0,16.59,TOTAL,0.97856,0.060846,microSv/hr,ICRP Pub. 103 EFFECTIVE DOSE,0.3420201433256687,0.9396926207859084,1.0,6.123233995736766e-17,-0.9374831999955,0.6823693073880669,20.00000_90.00000,0.67990214,0.97368455,-0.0024671555,-0.0048754215
L0000.ANS,20.0,100.0,9.000134400036,2002/01/00,0,16.6,TOTAL,0.97815,0.060816,microSv/hr,ICRP Pub. 103 EFFECTIVE DOSE,0.3420201433256687,0.9396926207859084,0.984807753012208,-0.1736481776669303,-0.9374831999955,0.6821620645011899,20.00000_100.00000,0.6795962,0.9730808,-0.0025658607,-0.0050691366
L0000.ANS,20.0,110.0,9.000134400036,2002/01/00,0,16.48,TOTAL,0.98316,0.061195,microSv/hr,ICRP Pub. 103 EFFECTIVE DOSE,0.3420201433256687,0.9396926207859084,0.9396926207859084,-0.3420201433256687,-0.9374831999955,0.6846915321122836,20.00000_110.00000,0.67992175,0.9737233,-0.004769802,-0.009436727
L0000.ANS,20.0,120.0,9.000134400036,2002/01/00,0,16.25,TOTAL,0.9926,0.062026,microSv/hr,ICRP Pub. 103 EFFECTIVE DOSE,0.3420201433256687,0.9396926207859084,0.8660254037844387,-0.4999999999999998,-0.9374831999955,0.6894403186286189,20.00000_120.00000,0.6885392,0.99080527,-0.000901103,-0.0017946959
L0000.ANS,20.0,130.0,9.000134400036,2002/01/00,0,15.92,TOTAL,1.0065,0.063369,microSv/hr,ICRP Pub. 103 EFFECTIVE DOSE,0.3420201433256687,0.9396926207859084,0.766044443118978,-0.6427876096865394,-0.9374831999955,0.6963919107248343,20.00000_130.00000,0.6956558,1.0050236,-0.00073611736,-0.001476407
L0000.ANS,20.0,140.0,9.000134400036,2002/01/00,0,15.51,TOTAL,1.0245,0.065215,microSv/hr,ICRP Pub. 103 EFFECTIVE DOSE,0.3420201433256687,0.9396926207859084,0.6427876096865395,-0.7660444431189779,-0.9374831999955,0.7053227564900787,20.00000_140.00000,0.70154077,1.0168579,-0.0037819743,-0.00764215
L0000.ANS,20.0,150.0,9.000134400036,2002/01/00,0,15.06,TOTAL,1.046,0.066597,microSv/hr,ICRP Pub. 103 EFFECTIVE DOSE,0.3420201433256687,0.9396926207859084,0.49999999999999994,-0.8660254037844387,-0.9374831999955,0.7158866675294348,20.00000_150.00000,0.70903885,1.0320373,-0.006847799,-0.013962746
L0000.ANS,20.0,160.0,9.000134400036,2002/01/00,0,14.6,TOTAL,1.0698,0.067796,microSv/hr,ICRP Pub. 103 EFFECTIVE DOSE,0.3420201433256687,0.9396926207859084,0.3420201433256689,-0.9396926207859083,-0.9374831999955,0.7274519842519357,20.00000_160.00000,0.728843,1.0726811,0.0013909936,0.00288105
L0000.ANS,20.0,170.0,9.000134400036,2002/01/00,0,14.14,TOTAL,1.0932,0.069804,microSv/hr,ICRP Pub. 103 EFFECTIVE DOSE,0.3420201433256687,0.9396926207859084,0.17364817766693028,-0.984807753012208,-0.9374831999955,0.7386939955159156,20.00000_170.00000,0.7429216,1.102068,0.0042275786,0.00886786
L0000.ANS,25.0,-179.99999,9.000134400036,2002/01/00,0,12.88,TOTAL,1.1662,0.075099,microSv/hr,ICRP Pub. 103 EFFECTIVE DOSE,0.42261826174069944,0.9063077870366499,-1.745329251238221e-07,-0.9999999999999848,-0.9374831999955,0.7729744804194997,25.00000_-179.99999,0.7679182,1.1552747,-0.005056262,-0.010925293
L0000.ANS,25.0,-170.0,9.000134400036,2002/01/00,0,12.44,TOTAL,1.1937,0.077245,microSv/hr,ICRP Pub. 103 EFFECTIVE DOSE,0.42261826174069944,0.9063077870366499,-0.17364817766693028,-0.984807753012208,-0.9374831999955,0.7855896159495047,25.00000_-170.00000,0.77826035,1.1776806,-0.007329285,-0.016019464
L0000.ANS,25.0,-160.0,9.000134400036,2002/01/00,0,12.02,TOTAL,1.2218,0.080018,microSv/hr,ICRP Pub. 103 EFFECTIVE DOSE,0.42261826174069944,0.9063077870366499,-0.3420201433256689,-0.9396926207859083,-0.9374831999955,0.7983176781654849,25.00000_-160.00000,0.79977745,1.2250457,0.0014597774,0.0032457113
L0000.ANS,25.0,-150.0,9.000134400036,2002/01/00,0,11.57,TOTAL,1.2539,0.082027,microSv/hr,ICRP Pub. 103 EFFECTIVE DOSE,0.42261826174069944,0.9063077870366499,-0.49999999999999994,-0.8660254037844387,-0.9374831999955,0.8126620490610875,25.00000_-150.00000,0.81221086,1.2528833,-0.00045120716,-0.001016736
L0000.ANS,25.0,-140.0,9.000134400036,2002/01/00,0,10.98,TOTAL,1.2985,0.084864,microSv/hr,ICRP Pub. 103 EFFECTIVE DOSE,0.42261826174069944,0.9063077870366499,-0.6427876096865395,-0.7660444431189779,-0.9374831999955,0.8322567362641456,25.00000_-140.00000,0.8295971,1.292395,-0.0026596189,-0.0061050653
L0000.ANS,25.0,-130.0,9.000134400036,2002/01/00,0,10.24,TOTAL,1.3628,0.090046,microSv/hr,ICRP Pub. 103 EFFECTIVE DOSE,0.42261826174069944,0.9063077870366499,-0.766044443118978,-0.6427876096865394,-0.9374831999955,0.8598473564509431,25.00000_-130.00000,0.85639846,1.354665,-0.0034489036,-0.008134961
L0000.ANS,25.0,-120.0,9.000134400036,2002/01/00,0,9.24,TOTAL,1.4765,0.098142,microSv/hr,ICRP Pub. 103 EFFECTIVE DOSE,0.42261826174069944,0.9063077870366499,-0.8660254037844387,-0.4999999999999998,-0.9374831999955,0.9068462730461553,25.00000_-120.00000,0.90902925,1.481912,0.0021829605,0.0054119825
L0000.ANS,25.0,-110.0,9.000134400036,2002/01/00,0,8.0,TOTAL,1.6237,0.10745,microSv/hr,ICRP Pub. 103 EFFECTIVE DOSE,0.42261826174069944,0.9063077870366499,-0.9396926207859084,-0.3420201433256687,-0.9374831999955,0.9645855352774609,25.00000_-110.00000,0.96665055,1.6291236,0.002065003,0.005423546
L0000.ANS,25.0,-100.0,9.000134400036,2002/01/00,0,6.72,TOTAL,1.7853,0.11864,microSv/hr,ICRP Pub. 103 EFFECTIVE DOSE,0.42261826174069944,0.9063077870366499,-0.984807753012208,-0.1736481776669303,-0.9374831999955,1.0243555875060593,25.00000_-100.00000,1.0268296,1.7921994,0.0024740696,0.0068995953
L0000.ANS,25.0,-90.0,9.000134400036,2002/01/00,0,5.88,TOTAL,1.9067,0.12638,microSv/hr,ICRP Pub. 103 EFFECTIVE DOSE,0.42261826174069944,0.9063077870366499,-1.0,6.123233995736766e-17,-0.9374831999955,1.0670184170769312,25.00000_-90.00000,1.0632037,1.8956329,-0.0038146973,-0.011067033
L0000.ANS,25.0,-80.0,9.000134400036,2002/01/00,0,5.78,TOTAL,1.9214,0.12697,microSv/hr,ICRP Pub. 103 EFFECTIVE DOSE,0.42261826174069944,0.9063077870366499,-0.984807753012208,0.17364817766693041,-0.9374831999955,1.0720629534345731,25.00000_-80.00000,1.0729773,1.9240724,0.00091433525,0.0026723146
L0000.ANS,25.0,-70.0,9.000134400036,2002/01/00,0,6.53,TOTAL,1.8106,0.12057,microSv/hr,ICRP Pub. 103 EFFECTIVE DOSE,0.42261826174069944,0.9063077870366499,-0.9396926207859083,0.3420201433256688,-0.9374831999955,1.0333979836845075,25.00000_-70.00000,1.0392475,1.8270888,0.0058494806,0.016488671
L0000.ANS,25.0,-60.0,9.000134400036,2002/01/00,0,8.34,TOTAL,1.5839,0.10587,microSv/hr,ICRP Pub. 103 EFFECTIVE DOSE,0.42261826174069944,0.9063077870366499,-0.8660254037844386,0.5000000000000001,-0.9374831999955,0.9492998854811006,25.00000_-60.00000,0.9517118,1.5901396,0.002411902,0.0062396526
L0000.ANS,25.0,-50.0,9.000134400036,2002/01/00,0,10.26,TOTAL,1.3603,0.089957,microSv/hr,ICRP Pub. 103 EFFECTIVE DOSE,0.42261826174069944,0.9063077870366499,-0.766044443118978,0.6427876096865394,-0.9374831999955,0.8587887296026964,25.00000_-50.00000,0.86008483,1.3633611,0.001296103,0.0030610561
L0000.ANS,25.0,-40.0,9.000134400036,2002/01/00,0,11.5,TOTAL,1.2591,0.082246,microSv/hr,ICRP Pub. 103 EFFECTIVE DOSE,0.42261826174069944,0.9063077870366499,-0.6427876096865393,0.766044443118978,-0.9374831999955,0.8149665038810396,25.00000_-40.00000,0.8126629,1.253902,-0.0023036003,-0.005198002
L0000.ANS,25.0,-30.0,9.000134400036,2002/01/00,0,12.22,TOTAL,1.2085,0.078583,microSv/hr,ICRP Pub. 103 EFFECTIVE DOSE,0.42261826174069944,0.9063077870366499,-0.49999999999999994,0.8660254037844387,-0.9374831999955,0.7923135520544441,25.00000_-30.00000,0.7990117,1.2233425,0.0066981316,0.01484251
L0000.ANS,25.0,-20.0,9.000134400036,2002/01/00,0,12.72,TOTAL,1.176,0.07581,microSv/hr,ICRP Pub. 103 EFFECTIVE DOSE,0.42261826174069944,0.9063077870366499,-0.3420201433256687,0.9396926207859084,-0.9374831999955,0.7774883289936961,25.00000_-20.00000,0.78700197,1.1968005,0.009513617,0.020800471
L0000.ANS,25.0,-10.0,9.000134400036,2002/01/00,0,13.06,TOTAL,1.1547,0.074449,microSv/hr,ICRP Pub. 103 EFFECTIVE DOSE,0.42261826174069944,0.9063077870366499,-0.17364817766693033,0.984807753012208,-0.9374831999955,0.7676515027280505,25.00000_-10.00000,0.7672928,1.1539272,-0.00035870075,-0.0007728338
L0000.ANS,25.0,0.0,9.000134400036,2002/01/00,0,13.32,TOTAL,1.1389,0.073892,microSv/hr,ICRP Pub. 103 EFFECTIVE DOSE,0.42261826174069944,0.9063077870366499,0.0,1.0,-0.9374831999955,0.7602916781892757,25.00000_0.00000,0.7653474,1.1497412,0.0050557256,0.010841131
L0000.ANS,25.0,10.0,9.000134400036,2002/01/00,0,13.53,TOTAL,1.1264,0.073221,microSv/hr,ICRP Pub. 103 EFFECTIVE DOSE,0.42261826174069944,0.9063077870366499,0.17364817766693033,0.984807753012208,-0.9374831999955,0.7544304089768439,25.00000_10.00000,0.7567781,1.1313981,0.0023477077,0.004998088
L0000.ANS,25.0,20.0,9.000134400036,2002/01/00,0,13.71,TOTAL,1.1166,0.072051,microSv/hr,ICRP Pub. 103 EFFECTIVE DOSE,0.42261826174069944,0.9063077870366499,0.3420201433256687,0.9396926207859084,-0.9374831999955,0.7498110276774871,25.00000_20.00000,0.7518937,1.1210128,0.002082646,0.0044127703
L0000.ANS,25.0,30.0,9.000134400036,2002/01/00,0,13.9,TOTAL,1.1062,0.070956,microSv/hr,ICRP Pub. 103 EFFECTIVE DOSE,0.42261826174069944,0.9063077870366499,0.49999999999999994,0.8660254037844387,-0.9374831999955,0.7448853759643598,25.00000_30.00000,0.7539809,1.1254443,0.00909549,0.019244313
L0000.ANS,25.0,40.0,9.000134400036,2002/01/00,0,14.1,TOTAL,1.0953,0.069972,microSv/hr,ICRP Pub. 103 EFFECTIVE DOSE,0.42261826174069944,0.9063077870366499,0.6427876096865393,0.766044443118978,-0.9374831999955,0.7396967412129253,25.00000_40.00000,0.7448137,1.1060491,0.0051169395,0.010749102
L0000.ANS,25.0,50.0,9.000134400036,2002/01/00,0,14.37,TOTAL,1.0814,0.068718,microSv/hr,ICRP Pub. 103 EFFECTIVE DOSE,0.42261826174069944,0.9063077870366499,0.766044443118978,0.6427876096865394,-0.9374831999955,0.7330407442216219,25.00000_50.00000,0.7331924,1.0817157,0.00015163422,0.0003156662
L0000.ANS,25.0,60.0,9.000134400036,2002/01/00,0,14.71,TOTAL,1.0642,0.067429,microSv/hr,ICRP Pub. 103 EFFECTIVE DOSE,0.42261826174069944,0.9063077870366499,0.8660254037844386,0.5000000000000001,-0.9374831999955,0.7247427421496959,25.00000_60.00000,0.7255712,1.0659108,0.00082844496,0.0017107725
L0000.ANS,25.0,70.0,9.000134400036,2002/01/00,0,15.05,TOTAL,1.0467,0.066619,microSv/hr,ICRP Pub. 103 EFFECTIVE DOSE,0.42261826174069944,0.9063077870366499,0.9396926207859083,0.3420201433256688,-0.9374831999955,0.7162287400032665,25.00000_70.00000,0.7176684,1.0496488,0.0014396906,0.002948761
L0000.ANS,25.0,80.0,9.000134400036,2002/01/00,0,15.32,TOTAL,1.0331,0.066266,microSv/hr,ICRP Pub. 103 EFFECTIVE DOSE,0.42261826174069944,0.9063077870366499,0.984807753012208,0.17364817766693041,-0.9374831999955,0.7095617218280399,25.00000_80.00000,0.71262026,1.0393279,0.0030585527,0.006227851
L0000.ANS,25.0,90.0,9.000134400036,2002/01/00,0,15.49,TOTAL,1.0256,0.06535,microSv/hr,ICRP Pub. 103 EFFECTIVE DOSE,0.42261826174069944,0.9063077870366499,1.0,6.123233995736766e-17,-0.9374831999955,0.70586595296772,25.00000_90.00000,0.7038457,1.0215119,-0.0020202994,-0.0040881634
L0000.ANS,25.0,100.0,9.000134400036,2002/01/00,0,15.54,TOTAL,1.0235,0.065105,microSv/hr,ICRP Pub. 103 EFFECTIVE DOSE,0.42261826174069944,0.9063077870366499,0.984807753012208,-0.1736481776669303,-0.9374831999955,0.7048286853337833,25.00000_100.00000,0.6991234,1.0119882,-0.005705297,-0.011511803
L0000.ANS,25.0,110.0,9.000134400036,2002/01/00,0,15.47,TOTAL,1.0265,0.065453,microSv/hr,ICRP Pub. 103 EFFECTIVE DOSE,0.42261826174069944,0.9063077870366499,0.9396926207859084,-0.3420201433256687,-0.9374831999955,0.7063101670862262,25.00000_110.00000,0.70396686,1.0217569,-0.002343297,-0.004743099
L0000.ANS,25.0,120.0,9.000134400036,2002/01/00,0,15.32,TOTAL,1.0331,0.066266,microSv/hr,ICRP Pub. 103 EFFECTIVE DOSE,0.42261826174069944,0.9063077870366499,0.8660254037844387,-0.4999999999999998,-0.9374831999955,0.7095617218280399,25.00000_120.00000,0.7070867,1.0280743,-0.0024750233,-0.0050257444
L0000.ANS,25.0,130.0,9.000134400036,2002/01/00,0,15.07,TOTAL,1.0457,0.066588,microSv/hr,ICRP Pub. 103 EFFECTIVE DOSE,0.42261826174069944,0.9063077870366499,0.766044443118978,-0.6427876096865394,-0.9374831999955,0.7157400292125798,25.00000_130.00000,0.71744287,1.0491865,0.0017028451,0.003486514
L0000.ANS,25.0,140.0,9.000134400036,2002/01/00,0,14.71,TOTAL,1.0638,0.067404,microSv/hr,ICRP Pub. 103 EFFECTIVE DOSE,0.42261826174069944,0.9063077870366499,0.6427876096865395,-0.7660444431189779,-0.9374831999955,0.724548943699477,25.00000_140.00000,0.7214009,1.0573133,-0.0031480193,-0.0064866543
L0000.ANS,25.0,150.0,9.000134400036,2002/01/00,0,14.3,TOTAL,1.085,0.069054,microSv/hr,ICRP Pub. 103 EFFECTIVE DOSE,0.42261826174069944,0.9063077870366499,0.49999999999999994,-0.8660254037844387,-0.9374831999955,0.7347688552507647,25.00000_150.00000,0.7311866,1.0775445,-0.0035822392,-0.0074555874
L0000.ANS,25.0,160.0,9.000134400036,2002/01/00,0,13.83,TOTAL,1.1102,0.071361,microSv/hr,ICRP Pub. 103 EFFECTIVE DOSE,0.42261826174069944,0.9063077870366499,0.3420201433256689,-0.9396926207859083,-0.9374831999955,0.7467827297258548,25.00000_160.00000,0.7475086,1.1117322,0.00072586536,0.0015323162
L0000.ANS,25.0,170.0,9.000134400036,2002/01/00,0,13.35,TOTAL,1.1369,0.07385,microSv/hr,ICRP Pub. 103 EFFECTIVE DOSE,0.42261826174069944,0.9063077870366499,0.17364817766693028,-0.984807753012208,-0.9374831999955,0.7593561806702808,25.00000_170.00000,0.76158726,1.141673,0.0022310615,0.0047729015
L0000.ANS,30.0,-179.99999,9.000134400036,2002/01/00,0,11.6,TOTAL,1.2512,0.081926,microSv/hr,ICRP Pub. 103 EFFECTIVE DOSE,0.49999999999999994,0.8660254037844387,-1.745329251238221e-07,-0.9999999999999848,-0.9374831999955,0.8114634073779876,30.00000_-179.99999,0.8048029,1.2362556,-0.006660521,-0.014944315
L0000.ANS,30.0,-170.0,9.000134400036,2002/01/00,0,10.88,TOTAL,1.3068,0.085559,microSv/hr,ICRP Pub. 103 EFFECTIVE DOSE,0.49999999999999994,0.8660254037844387,-0.17364817766693028,-0.984807753012208,-0.9374831999955,0.8358612827591205,30.00000_-170.00000,0.83589303,1.3068733,3.1769276e-05,7.343292e-05
L0000.ANS,30.0,-160.0,9.000134400036,2002/01/00,0,10.17,TOTAL,1.3701,0.090346,microSv/hr,ICRP Pub. 103 EFFECTIVE DOSE,0.49999999999999994,0.8660254037844387,-0.3420201433256689,-0.9396926207859083,-0.9374831999955,0.8629321483497212,30.00000_-160.00000,0.8682343,1.3827,0.005302131,0.012599945
L0000.ANS,30.0,-150.0,9.000134400036,2002/01/00,0,9.74,TOTAL,1.4186,0.093541,microSv/hr,ICRP Pub. 103 EFFECTIVE DOSE,0.49999999999999994,0.8660254037844387,-0.49999999999999994,-0.8660254037844387,-0.9374831999955,0.8831888603690381,30.00000_-150.00000,0.88496625,1.4229026,0.0017774105,0.004302621
L0000.ANS,30.0,-140.0,9.000134400036,2002/01/00,0,9.07,TOTAL,1.4982,0.09914,microSv/hr,ICRP Pub. 103 EFFECTIVE DOSE,0.49999999999999994,0.8660254037844387,-0.6427876096865395,-0.7660444431189779,-0.9374831999955,0.9155704725496718,30.00000_-140.00000,0.91601133,1.4993017,0.00044083595,0.001101613
L0000.ANS,30.0,-130.0,9.000134400036,2002/01/00,0,8.05,TOTAL,1.6184,0.10716,microSv/hr,ICRP Pub. 103 EFFECTIVE DOSE,0.49999999999999994,0.8660254037844387,-0.766044443118978,-0.6427876096865394,-0.9374831999955,0.9625634442048338,30.00000_-130.00000,0.96696585,1.6299527,0.004402399,0.011552572
L0000.ANS,30.0,-120.0,9.000134400036,2002/01/00,0,6.73,TOTAL,1.7842,0.11853,microSv/hr,ICRP Pub. 103 EFFECTIVE DOSE,0.49999999999999994,0.8660254037844387,-0.8660254037844387,-0.4999999999999998,-0.9374831999955,1.0239605789723298,30.00000_-120.00000,1.0208483,1.7755482,-0.0031123161,-0.008651733
L0000.ANS,30.0,-110.0,9.000134400036,2002/01/00,0,5.75,TOTAL,1.927,0.12705,microSv/hr,ICRP Pub. 103 EFFECTIVE DOSE,0.49999999999999994,0.8660254037844387,-0.9396926207859084,-0.3420201433256687,-0.9374831999955,1.0739780077097487,30.00000_-110.00000,1.0776412,1.937742,0.0036631823,0.01074183
L0000.ANS,30.0,-100.0,9.000134400036,2002/01/00,0,4.88,TOTAL,2.0678,0.13405,microSv/hr,ICRP Pub. 103 EFFECTIVE DOSE,0.49999999999999994,0.8660254037844387,-0.984807753012208,-0.1736481776669303,-0.9374831999955,1.1209606923318716,30.00000_-100.00000,1.1262393,2.0840366,0.0052785873,0.016236544
L0000.ANS,30.0,-90.0,9.000134400036,2002/01/00,0,4.31,TOTAL,2.1649,0.13891,microSv/hr,ICRP Pub. 103 EFFECTIVE DOSE,0.49999999999999994,0.8660254037844387,-1.0,6.123233995736766e-17,-0.9374831999955,1.1521214595203695,30.00000_-90.00000,1.1497853,2.1575148,-0.0023361444,-0.0073850155
L0000.ANS,30.0,-80.0,9.000134400036,2002/01/00,0,4.27,TOTAL,2.1721,0.13931,microSv/hr,ICRP Pub. 103 EFFECTIVE DOSE,0.49999999999999994,0.8660254037844387,-0.984807753012208,0.17364817766693041,-0.9374831999955,1.1543938291268703,30.00000_-80.00000,1.1527944,2.1670303,-0.001599431,-0.0050694942
L0000.ANS,30.0,-70.0,9.000134400036,2002/01/00,0,4.87,TOTAL,2.0699,0.13417,microSv/hr,ICRP Pub. 103 EFFECTIVE DOSE,0.49999999999999994,0.8660254037844387,-0.9396926207859083,0.3420201433256688,-0.9374831999955,1.1216449877786823,30.00000_-70.00000,1.1283939,2.0906885,0.0067489147,0.020788431
L0000.ANS,30.0,-60.0,9.000134400036,2002/01/00,0,5.9,TOTAL,1.9034,0.12606,microSv/hr,ICRP Pub. 103 EFFECTIVE DOSE,0.49999999999999994,0.8660254037844387,-0.8660254037844386,0.5000000000000001,-0.9374831999955,1.065882464045191,30.00000_-60.00000,1.06053,1.8879011,-0.005352497,-0.015498877
L0000.ANS,30.0,-50.0,9.000134400036,2002/01/00,0,8.07,TOTAL,1.616,0.10704,microSv/hr,ICRP Pub. 103 EFFECTIVE DOSE,0.49999999999999994,0.8660254037844387,-0.766044443118978,0.6427876096865394,-0.9374831999955,0.9616464335949523,30.00000_-50.00000,0.9653468,1.6256981,0.0037003756,0.009698153
L0000.ANS,30.0,-40.0,9.000134400036,2002/01/00,0,9.7,TOTAL,1.4234,0.093972,microSv/hr,ICRP Pub. 103 EFFECTIVE DOSE,0.49999999999999994,0.8660254037844387,-0.6427876096865393,0.766044443118978,-0.9374831999955,0.8851715128152852,30.00000_-40.00000,0.8912457,1.4381651,0.00607419,0.014765024
L0000.ANS,30.0,-30.0,9.000134400036,2002/01/00,0,10.7,TOTAL,1.3208,0.086918,microSv/hr,ICRP Pub. 103 EFFECTIVE DOSE,0.49999999999999994,0.8660254037844387,-0.49999999999999994,0.8660254037844387,-0.9374831999955,0.8419119538250572,30.00000_-30.00000,0.84624904,1.3308873,0.0043370724,0.010087252
L0000.ANS,30.0,-20.0,9.000134400036,2002/01/00,0,11.09,TOTAL,1.2898,0.084233,microSv/hr,ICRP Pub. 103 EFFECTIVE DOSE,0.49999999999999994,0.8660254037844387,-0.3420201433256687,0.9396926207859084,-0.9374831999955,0.8284644775075749,30.00000_-20.00000,0.82425773,1.2801876,-0.004206717,-0.009612322
L0000.ANS,30.0,-10.0,9.000134400036,2002/01/00,0,11.44,TOTAL,1.2632,0.082449,microSv/hr,ICRP Pub. 103 EFFECTIVE DOSE,0.49999999999999994,0.8660254037844387,-0.17364817766693033,0.984807753012208,-0.9374831999955,0.8167797410052204,30.00000_-10.00000,0.81433225,1.2576675,-0.002447486,-0.005532503
L0000.ANS,30.0,0.0,9.000134400036,2002/01/00,0,11.6,TOTAL,1.2516,0.08194,microSv/hr,ICRP Pub. 103 EFFECTIVE DOSE,0.49999999999999994,0.8660254037844387,0.0,1.0,-0.9374831999955,0.8116410746077345,30.00000_0.00000,0.8104074,1.248824,-0.0012336969,-0.0027760267
L0000.ANS,30.0,10.0,9.000134400036,2002/01/00,0,11.71,TOTAL,1.2435,0.0817,microSv/hr,ICRP Pub. 103 EFFECTIVE DOSE,0.49999999999999994,0.8660254037844387,0.17364817766693033,0.984807753012208,-0.9374831999955,0.808037146433901,30.00000_10.00000,0.8036097,1.233589,-0.004427433,-0.009910941
L0000.ANS,30.0,20.0,9.000134400036,2002/01/00,0,11.77,TOTAL,1.239,0.081608,microSv/hr,ICRP Pub. 103 EFFECTIVE DOSE,0.49999999999999994,0.8660254037844387,0.3420201433256687,0.9396926207859084,-0.9374831999955,0.8060293376166179,30.00000_20.00000,0.802778,1.2317321,-0.0032513142,-0.0072678328
L0000.ANS,30.0,30.0,9.000134400036,2002/01/00,0,11.86,TOTAL,1.2321,0.081273,microSv/hr,ICRP Pub. 103 EFFECTIVE DOSE,0.49999999999999994,0.8660254037844387,0.49999999999999994,0.8660254037844387,-0.9374831999955,0.8029428463828295,30.00000_30.00000,0.79727757,1.2194903,-0.0056653023,-0.01260972
L0000.ANS,30.0,40.0,9.000134400036,2002/01/00,0,12.12,TOTAL,1.2152,0.079278,microSv/hr,ICRP Pub. 103 EFFECTIVE DOSE,0.49999999999999994,0.8660254037844387,0.6427876096865393,0.766044443118978,-0.9374831999955,0.795342692874615,30.00000_40.00000,0.7978539,1.2207698,0.0025112033,0.0055698156
L0000.ANS,30.0,50.0,9.000134400036,2002/01/00,0,12.45,TOTAL,1.1932,0.077204,microSv/hr,ICRP Pub. 103 EFFECTIVE DOSE,0.49999999999999994,0.8660254037844387,0.766044443118978,0.6427876096865394,-0.9374831999955,0.7853616645477564,30.00000_50.00000,0.7835874,1.1893121,-0.0017742515,-0.0038878918
L0000.ANS,30.0,60.0,9.000134400036,2002/01/00,0,12.8,TOTAL,1.1712,0.075444,microSv/hr,ICRP Pub. 103 EFFECTIVE DOSE,0.49999999999999994,0.8660254037844387,0.8660254037844386,0.5000000000000001,-0.9374831999955,0.7752800100984677,30.00000_60.00000,0.76756287,1.1545091,-0.0077171326,-0.01669097
L0000.ANS,30.0,70.0,9.000134400036,2002/01/00,0,13.24,TOTAL,1.1437,0.074019,microSv/hr,ICRP Pub. 103 EFFECTIVE DOSE,0.49999999999999994,0.8660254037844387,0.9396926207859083,0.3420201433256688,-0.9374831999955,0.7625333080449529,30.00000_70.00000,0.7541601,1.1258253,-0.008373201,-0.017874718
L0000.ANS,30.0,80.0,9.000134400036,2002/01/00,0,13.63,TOTAL,1.1206,0.072519,microSv/hr,ICRP Pub. 103 EFFECTIVE DOSE,0.49999999999999994,0.8660254037844387,0.984807753012208,0.17364817766693041,-0.9374831999955,0.7516990675095608,30.00000_80.00000,0.7489853,1.1148529,-0.0027137995,-0.00574708
L0000.ANS,30.0,90.0,9.000134400036,2002/01/00,0,13.91,TOTAL,1.1053,0.070876,microSv/hr,ICRP Pub. 103 EFFECTIVE DOSE,0.49999999999999994,0.8660254037844387,1.0,6.123233995736766e-17,-0.9374831999955,0.7444579747943726,30.00000_90.00000,0.74457043,1.1055368,0.000112473965,0.00023686886
L0000.ANS,30.0,100.0,9.000134400036,2002/01/00,0,14.03,TOTAL,1.0989,0.070281,microSv/hr,ICRP Pub. 103 EFFECTIVE DOSE,0.49999999999999994,0.8660254037844387,0.984807753012208,-0.1736481776669303,-0.9374831999955,0.7414133979694333,30.00000_100.00000,0.7420287,1.1001918,0.00061529875,0.0012917519
L0000.ANS,30.0,110.0,9.000134400036,2002/01/00,0,14.05,TOTAL,1.0978,0.070185,microSv/hr,ICRP Pub. 103 EFFECTIVE DOSE,0.49999999999999994,0.8660254037844387,0.9396926207859084,-0.3420201433256687,-0.9374831999955,0.7408891765453666,30.00000_110.00000,0.7371707,1.0900139,-0.0037184954,-0.0077861547
L0000.ANS,30.0,120.0,9.000134400036,2002/01/00,0,14.02,TOTAL,1.0999,0.070366,microSv/hr,ICRP Pub. 103 EFFECTIVE DOSE,0.49999999999999994,0.8660254037844387,0.8660254037844387,-0.4999999999999998,-0.9374831999955,0.7418897245479354,30.00000_120.00000,0.7386499,1.0931077,-0.0032398105,-0.006792307
L0000.ANS,30.0,130.0,9.000134400036,2002/01/00,0,13.89,TOTAL,1.1068,0.071021,microSv/hr,ICRP Pub. 103 EFFECTIVE DOSE,0.49999999999999994,0.8660254037844387,0.766044443118978,-0.6427876096865394,-0.9374831999955,0.7451702086270973,30.00000_130.00000,0.7444375,1.1052569,-0.0007327199,-0.0015431643
L0000.ANS,30.0,140.0,9.000134400036,2002/01/00,0,13.63,TOTAL,1.1207,0.072527,microSv/hr,ICRP Pub. 103 EFFECTIVE DOSE,0.49999999999999994,0.8660254037844387,0.6427876096865395,-0.7660444431189779,-0.9374831999955,0.7517462228628811,30.00000_140.00000,0.7505508,1.1181664,-0.0011954308,-0.002533555
L0000.ANS,30.0,150.0,9.000134400036,2002/01/00,0,13.27,TOTAL,1.1416,0.073958,microSv/hr,ICRP Pub. 103 EFFECTIVE DOSE,0.49999999999999994,0.8660254037844387,0.49999999999999994,-0.8660254037844387,-0.9374831999955,0.7615532132240057,30.00000_150.00000,0.7611771,1.1407948,-0.0003761053,-0.00080525875
L0000.ANS,30.0,160.0,9.000134400036,2002/01/00,0,12.81,TOTAL,1.1705,0.075389,microSv/hr,ICRP Pub. 103 EFFECTIVE DOSE,0.49999999999999994,0.8660254037844387,0.3420201433256689,-0.9396926207859083,-0.9374831999955,0.7749575557575112,30.00000_160.00000,0.7793967,1.1801566,0.004439175,0.009656668
L0000.ANS,30.0,170.0,9.000134400036,2002/01/00,0,12.29,TOTAL,1.2036,0.078106,microSv/hr,ICRP Pub. 103 EFFECTIVE DOSE,0.49999999999999994,0.8660254037844387,0.17364817766693028,-0.984807753012208,-0.9374831999955,0.7900923866164244,30.00000_170.00000,0.7898119,1.2029821,-0.00028049946,-0.00061798096
L0000.ANS,35.0,-179.99999,9.000134400036,2002/01/00,0,9.45,TOTAL,1.4514,0.097032,microSv/hr,ICRP Pub. 103 EFFECTIVE DOSE,0.573576436351046,0.8191520442889918,-1.745329251238221e-07,-0.9999999999999848,-0.9374831999955,0.8966592899249277,35.00000_-179.99999,0.89208627,1.4402153,-0.004573047,-0.011184692
L0000.ANS,35.0,-170.0,9.000134400036,2002/01/00,0,9.39,TOTAL,1.4577,0.097695,microSv/hr,ICRP Pub. 103 EFFECTIVE DOSE,0.573576436351046,0.8191520442889918,-0.17364817766693028,-0.984807753012208,-0.9374831999955,0.8992259532475628,35.00000_-170.00000,0.9137908,1.493758,0.014564872,0.03605795
L0000.ANS,35.0,-160.0,9.000134400036,2002/01/00,0,8.5,TOTAL,1.5671,0.10505,microSv/hr,ICRP Pub. 103 EFFECTIVE DOSE,0.573576436351046,0.8191520442889918,-0.3420201433256689,-0.9396926207859083,-0.9374831999955,0.9427768571099817,35.00000_-160.00000,0.95108205,1.5885091,0.008305192,0.021409035
L0000.ANS,35.0,-150.0,9.000134400036,2002/01/00,0,7.69,TOTAL,1.661,0.11035,microSv/hr,ICRP Pub. 103 EFFECTIVE DOSE,0.573576436351046,0.8191520442889918,-0.49999999999999994,-0.8660254037844387,-0.9374831999955,0.9787019919955522,35.00000_-150.00000,0.9828766,1.6721318,0.00417459,0.011131763
L0000.ANS,35.0,-140.0,9.000134400036,2002/01/00,0,6.55,TOTAL,1.8087,0.12056,microSv/hr,ICRP Pub. 103 EFFECTIVE DOSE,0.573576436351046,0.8191520442889918,-0.6427876096865395,-0.7660444431189779,-0.9374831999955,1.0327217428458244,35.00000_-140.00000,1.0301384,1.8014535,-0.0025833845,-0.0072466135
L0000.ANS,35.0,-130.0,9.000134400036,2002/01/00,0,5.68,TOTAL,1.9384,0.12732,microSv/hr,ICRP Pub. 103 EFFECTIVE DOSE,0.573576436351046,0.8191520442889918,-0.766044443118978,-0.6427876096865394,-0.9374831999955,1.0778652155233206,35.00000_-130.00000,1.0760919,1.9331939,-0.0017733574,-0.005206108
L0000.ANS,35.0,-120.0,9.000134400036,2002/01/00,0,5.06,TOTAL,2.0366,0.13281,microSv/hr,ICRP Pub. 103 EFFECTIVE DOSE,0.573576436351046,0.8191520442889918,-0.8660254037844387,-0.4999999999999998,-0.9374831999955,1.1107384684659503,35.00000_-120.00000,1.1129986,2.0434709,0.002260089,0.0068707466
L0000.ANS,35.0,-110.0,9.000134400036,2002/01/00,0,4.36,TOTAL,2.1567,0.13849,microSv/hr,ICRP Pub. 103 EFFECTIVE DOSE,0.573576436351046,0.8191520442889918,-0.9396926207859084,-0.3420201433256687,-0.9374831999955,1.149527178136215,35.00000_-110.00000,1.154422,2.1721895,0.0048948526,0.01548934
L0000.ANS,35.0,-100.0,9.000134400036,2002/01/00,0,3.7,TOTAL,2.2713,0.14408,microSv/hr,ICRP Pub. 103 EFFECTIVE DOSE,0.573576436351046,0.8191520442889918,-0.984807753012208,-0.1736481776669303,-0.9374831999955,1.1851874594225202,35.00000_-100.00000,1.1886625,2.2826877,0.00347507,0.011387587
L0000.ANS,35.0,-90.0,9.000134400036,2002/01/00,0,3.32,TOTAL,2.3375,0.14654,microSv/hr,ICRP Pub. 103 EFFECTIVE DOSE,0.573576436351046,0.8191520442889918,-1.0,6.123233995736766e-17,-0.9374831999955,1.205222023726368,35.00000_-90.00000,1.2040696,2.333656,-0.0011523962,-0.0038440228
L0000.ANS,35.0,-80.0,9.000134400036,2002/01/00,0,3.21,TOTAL,2.3553,0.147,microSv/hr,ICRP Pub. 103 EFFECTIVE DOSE,0.573576436351046,0.8191520442889918,-0.984807753012208,0.17364817766693041,-0.9374831999955,1.2105411852039678,35.00000_-80.00000,1.2053409,2.3378966,-0.005200267,-0.017403364
L0000.ANS,35.0,-70.0,9.000134400036,2002/01/00,0,3.64,TOTAL,2.2823,0.1445,microSv/hr,ICRP Pub. 103 EFFECTIVE DOSE,0.573576436351046,0.8191520442889918,-0.9396926207859083,0.3420201433256688,-0.9374831999955,1.188544396168717,35.00000_-70.00000,1.1936743,2.2991812,0.0051299334,0.016881227
L0000.ANS,35.0,-60.0,9.000134400036,2002/01/00,0,4.4,TOTAL,2.1501,0.13819,microSv/hr,ICRP Pub. 103 EFFECTIVE DOSE,0.573576436351046,0.8191520442889918,-0.8660254037844386,0.5000000000000001,-0.9374831999955,1.147434198365393,35.00000_-60.00000,1.1505706,2.1599956,0.0031363964,0.009895325
L0000.ANS,35.0,-50.0,9.000134400036,2002/01/00,0,5.4,TOTAL,1.9824,0.12962,microSv/hr,ICRP Pub. 103 EFFECTIVE DOSE,0.573576436351046,0.8191520442889918,-0.766044443118978,0.6427876096865394,-0.9374831999955,1.092728345509135,35.00000_-50.00000,1.0860782,1.9626323,-0.0066502094,-0.019767761
L0000.ANS,35.0,-40.0,9.000134400036,2002/01/00,0,6.8,TOTAL,1.7749,0.11761,microSv/hr,ICRP Pub. 103 EFFECTIVE DOSE,0.573576436351046,0.8191520442889918,-0.6427876096865393,0.766044443118978,-0.9374831999955,1.020614710513048,35.00000_-40.00000,1.0159138,1.7618861,-0.004700899,-0.013013959
L0000.ANS,35.0,-30.0,9.000134400036,2002/01/00,0,8.48,TOTAL,1.5686,0.10524,microSv/hr,ICRP Pub. 103 EFFECTIVE DOSE,0.573576436351046,0.8191520442889918,-0.49999999999999994,0.8660254037844387,-0.9374831999955,0.9433610033968184,35.00000_-30.00000,0.9526443,1.592556,0.009283304,0.02395606
L0000.ANS,35.0,-20.0,9.000134400036,2002/01/00,0,9.28,TOTAL,1.4713,0.097973,microSv/hr,ICRP Pub. 103 EFFECTIVE DOSE,0.573576436351046,0.8191520442889918,-0.3420201433256687,0.9396926207859084,-0.9374831999955,0.9047443279737832,35.00000_-20.00000,0.9109286,1.4866306,0.00618428,0.015330553
L0000.ANS,35.0,-10.0,9.000134400036,2002/01/00,0,9.64,TOTAL,1.4303,0.094647,microSv/hr,ICRP Pub. 103 EFFECTIVE DOSE,0.573576436351046,0.8191520442889918,-0.17364817766693033,0.984807753012208,-0.9374831999955,0.8880147065224182,35.00000_-10.00000,0.9002801,1.4602922,0.012265384,0.029992223
L0000.ANS,35.0,0.0,9.000134400036,2002/01/00,0,9.74,TOTAL,1.4184,0.093517,microSv/hr,ICRP Pub. 103 EFFECTIVE DOSE,0.573576436351046,0.8191520442889918,0.0,1.0,-0.9374831999955,0.8831061644831113,35.00000_0.00000,0.89057815,1.436538,0.0074719787,0.018137932
L0000.ANS,35.0,10.0,9.000134400036,2002/01/00,0,9.75,TOTAL,1.4177,0.09346,microSv/hr,ICRP Pub. 103 EFFECTIVE DOSE,0.573576436351046,0.8191520442889918,0.17364817766693033,0.984807753012208,-0.9374831999955,0.8828166750164382,35.00000_10.00000,0.8832481,1.4187433,0.00043141842,0.0010432005
L0000.ANS,35.0,20.0,9.000134400036,2002/01/00,0,9.69,TOTAL,1.4238,0.094013,microSv/hr,ICRP Pub. 103 EFFECTIVE DOSE,0.573576436351046,0.8191520442889918,0.3420201433256687,0.9396926207859084,-0.9374831999955,0.88533655655225,35.00000_20.00000,0.8866706,1.4270356,0.0013340116,0.0032355785
L0000.ANS,35.0,30.0,9.000134400036,2002/01/00,0,9.81,TOTAL,1.4111,0.092912,microSv/hr,ICRP Pub. 103 EFFECTIVE DOSE,0.573576436351046,0.8191520442889918,0.49999999999999994,0.8660254037844387,-0.9374831999955,0.8800830749046453,35.00000_30.00000,0.87576795,1.4007182,-0.004315138,-0.010381818
L0000.ANS,35.0,40.0,9.000134400036,2002/01/00,0,10.1,TOTAL,1.3783,0.090773,microSv/hr,ICRP Pub. 103 EFFECTIVE DOSE,0.573576436351046,0.8191520442889918,0.6427876096865393,0.766044443118978,-0.9374831999955,0.8663859467455146,35.00000_40.00000,0.86707115,1.3799303,0.000685215,0.0016303062
L0000.ANS,35.0,50.0,9.000134400036,2002/01/00,0,10.43,TOTAL,1.3426,0.089484,microSv/hr,ICRP Pub. 103 EFFECTIVE DOSE,0.573576436351046,0.8191520442889918,0.766044443118978,0.6427876096865394,-0.9374831999955,0.8512614236536372,35.00000_50.00000,0.8601727,1.3635688,0.008911252,0.020968795
L0000.ANS,35.0,60.0,9.000134400036,2002/01/00,0,10.78,TOTAL,1.3149,0.086319,microSv/hr,ICRP Pub. 103 EFFECTIVE DOSE,0.573576436351046,0.8191520442889918,0.8660254037844386,0.5000000000000001,-0.9374831999955,0.8393664900609233,35.00000_60.00000,0.84848267,1.3360995,0.009116173,0.021199465
L0000.ANS,35.0,70.0,9.000134400036,2002/01/00,0,10.98,TOTAL,1.2989,0.084899,microSv/hr,ICRP Pub. 103 EFFECTIVE DOSE,0.573576436351046,0.8191520442889918,0.9396926207859083,0.3420201433256688,-0.9374831999955,0.8324307476623313,35.00000_70.00000,0.8334258,1.3011887,0.0009950995,0.0022888184
L0000.ANS,35.0,80.0,9.000134400036,2002/01/00,0,11.31,TOTAL,1.2736,0.083068,microSv/hr,ICRP Pub. 103 EFFECTIVE DOSE,0.573576436351046,0.8191520442889918,0.984807753012208,0.17364817766693041,-0.9374831999955,0.8213644783606991,35.00000_80.00000,0.82129747,1.2734476,-6.699562e-05,-0.00015234947
L0000.ANS,35.0,90.0,9.000134400036,2002/01/00,0,11.14,TOTAL,1.2861,0.083993,microSv/hr,ICRP Pub. 103 EFFECTIVE DOSE,0.573576436351046,0.8191520442889918,1.0,6.123233995736766e-17,-0.9374831999955,0.8268473089477884,35.00000_90.00000,0.82220095,1.2755026,-0.004646361,-0.010597467
L0000.ANS,35.0,100.0,9.000134400036,2002/01/00,0,11.22,TOTAL,1.2799,0.083521,microSv/hr,ICRP Pub. 103 EFFECTIVE DOSE,0.573576436351046,0.8191520442889918,0.984807753012208,-0.1736481776669303,-0.9374831999955,0.8241315823553641,35.00000_100.00000,0.82228875,1.2757024,-0.0018428564,-0.0041977167
L0000.ANS,35.0,110.0,9.000134400036,2002/01/00,0,11.4,TOTAL,1.2669,0.082651,microSv/hr,ICRP Pub. 103 EFFECTIVE DOSE,0.573576436351046,0.8191520442889918,0.9396926207859084,-0.3420201433256687,-0.9374831999955,0.8184132593923426,35.00000_110.00000,0.8154861,1.260274,-0.002927184,-0.00662601
L0000.ANS,35.0,120.0,9.000134400036,2002/01/00,0,11.59,TOTAL,1.252,0.081954,microSv/hr,ICRP Pub. 103 EFFECTIVE DOSE,0.573576436351046,0.8191520442889918,0.8660254037844387,-0.4999999999999998,-0.9374831999955,0.8118187102774439,35.00000_120.00000,0.8126993,1.253984,0.000880599,0.001983881
L0000.ANS,35.0,130.0,9.000134400036,2002/01/00,0,11.73,TOTAL,1.2416,0.081657,microSv/hr,ICRP Pub. 103 EFFECTIVE DOSE,0.573576436351046,0.8191520442889918,0.766044443118978,-0.6427876096865394,-0.9374831999955,0.8071898966006055,35.00000_130.00000,0.80294144,1.2320969,-0.0042484403,-0.009503007
L0000.ANS,35.0,140.0,9.000134400036,2002/01/00,0,11.69,TOTAL,1.2446,0.081727,microSv/hr,ICRP Pub. 103 EFFECTIVE DOSE,0.573576436351046,0.8191520442889918,0.6427876096865395,-0.7660444431189779,-0.9374831999955,0.8085273316000183,35.00000_140.00000,0.8013967,1.2286515,-0.007130623,-0.015948534
L0000.ANS,35.0,150.0,9.000134400036,2002/01/00,0,11.33,TOTAL,1.2718,0.082953,microSv/hr,ICRP Pub. 103 EFFECTIVE DOSE,0.573576436351046,0.8191520442889918,0.49999999999999994,-0.8660254037844387,-0.9374831999955,0.8205724688151842,35.00000_150.00000,0.8160764,1.2616087,-0.0044960976,-0.010191321
L0000.ANS,35.0,160.0,9.000134400036,2002/01/00,0,10.76,TOTAL,1.3164,0.086472,microSv/hr,ICRP Pub. 103 EFFECTIVE DOSE,0.573576436351046,0.8191520442889918,0.3420201433256689,-0.9396926207859083,-0.9374831999955,0.8400142563694977,35.00000_160.00000,0.8343792,1.3033836,-0.0056350827,-0.013016462
L0000.ANS,35.0,170.0,9.000134400036,2002/01/00,0,10.05,TOTAL,1.3835,0.091089,microSv/hr,ICRP Pub. 103 EFFECTIVE DOSE,0.573576436351046,0.8191520442889918,0.17364817766693028,-0.984807753012208,-0.9374831999955,0.8685699956627433,35.00000_170.00000,0.8669798,1.3797127,-0.0015901923,-0.0037872791
L0000.ANS,40.0,-179.99999,9.000134400036,2002/01/00,0,7.73,TOTAL,1.6563,0.1099,microSv/hr,ICRP Pub. 103 EFFECTIVE DOSE,0.6427876096865393,0.766044443118978,-1.745329251238221e-07,-0.9999999999999848,-0.9374831999955,0.9769341770428412,40.00000_-179.99999,0.9832352,1.6730902,0.006300986,0.016790152
L0000.ANS,40.0,-170.0,9.000134400036,2002/01/00,0,6.85,TOTAL,1.7683,0.11702,microSv/hr,ICRP Pub. 103 EFFECTIVE DOSE,0.6427876096865393,0.766044443118978,-0.17364817766693028,-0.984807753012208,-0.9374831999955,1.0182334133854627,40.00000_-170.00000,1.016639,1.7638897,-0.0015944242,-0.004410386
L0000.ANS,40.0,-160.0,9.000134400036,2002/01/00,0,6.05,TOTAL,1.8821,0.12401,microSv/hr,ICRP Pub. 103 EFFECTIVE DOSE,0.6427876096865393,0.766044443118978,-0.3420201433256689,-0.9396926207859083,-0.9374831999955,1.0585191951016655,40.00000_-160.00000,1.0531473,1.8666592,-0.005371928,-0.015440941
L0000.ANS,40.0,-150.0,9.000134400036,2002/01/00,0,5.46,TOTAL,1.9732,0.12897,microSv/hr,ICRP Pub. 103 EFFECTIVE DOSE,0.6427876096865393,0.766044443118978,-0.49999999999999994,-0.8660254037844387,-0.9374831999955,1.0896388138690014,40.00000_-150.00000,1.0881323,1.9687241,-0.001506567,-0.004475951
L0000.ANS,40.0,-140.0,9.000134400036,2002/01/00,0,4.92,TOTAL,2.0601,0.13365,microSv/hr,ICRP Pub. 103 EFFECTIVE DOSE,0.6427876096865393,0.766044443118978,-0.6427876096865395,-0.7660444431189779,-0.9374831999955,1.1184475951688804,40.00000_-140.00000,1.1198347,2.0643475,0.0013871193,0.0042476654
L0000.ANS,40.0,-130.0,9.000134400036,2002/01/00,0,4.33,TOTAL,2.1608,0.1387,microSv/hr,ICRP Pub. 103 EFFECTIVE DOSE,0.6427876096865393,0.766044443118978,-0.766044443118978,-0.6427876096865394,-0.9374831999955,1.1508251601150439,40.00000_-130.00000,1.16308,2.1997733,0.012254834,0.03897333
L0000.ANS,40.0,-120.0,9.000134400036,2002/01/00,0,3.62,TOTAL,2.286,0.14454,microSv/hr,ICRP Pub. 103 EFFECTIVE DOSE,0.6427876096865393,0.766044443118978,-0.8660254037844387,-0.4999999999999998,-0.9374831999955,1.1896710196150764,40.00000_-120.00000,1.1886939,2.2827907,-0.0009771585,-0.0032093525
L0000.ANS,40.0,-110.0,9.000134400036,2002/01/00,0,2.98,TOTAL,2.394,0.14841,microSv/hr,ICRP Pub. 103 EFFECTIVE DOSE,0.6427876096865393,0.766044443118978,-0.9396926207859084,-0.3420201433256687,-0.9374831999955,1.2220091668120345,40.00000_-110.00000,1.2145998,2.3689456,-0.007409334,-0.025054455
L0000.ANS,40.0,-100.0,9.000134400036,2002/01/00,0,2.51,TOTAL,2.4652,0.15021,microSv/hr,ICRP Pub. 103 EFFECTIVE DOSE,0.6427876096865393,0.766044443118978,-0.984807753012208,-0.1736481776669303,-0.9374831999955,1.2427703510338481,40.00000_-100.00000,1.2425913,2.4645796,-0.00017905235,-0.00062036514
L0000.ANS,40.0,-90.0,9.000134400036,2002/01/00,0,2.21,TOTAL,2.5045,0.15114,microSv/hr,ICRP Pub. 103 EFFECTIVE DOSE,0.6427876096865393,0.766044443118978,-1.0,6.123233995736766e-17,-0.9374831999955,1.2540478569582425,40.00000_-90.00000,1.2535281,2.502679,-0.0005197525,-0.0018208027
L0000.ANS,40.0,-80.0,9.000134400036,2002/01/00,0,2.18,TOTAL,2.5087,0.15128,microSv/hr,ICRP Pub. 103 EFFECTIVE DOSE,0.6427876096865393,0.766044443118978,-0.984807753012208,0.17364817766693041,-0.9374831999955,1.2552455985033588,40.00000_-80.00000,1.2547994,2.5071347,-0.00044620037,-0.001565218
L0000.ANS,40.0,-70.0,9.000134400036,2002/01/00,0,2.47,TOTAL,2.4705,0.15036,microSv/hr,ICRP Pub. 103 EFFECTIVE DOSE,0.6427876096865393,0.766044443118978,-0.9396926207859083,0.3420201433256688,-0.9374831999955,1.2442986757975012,40.00000_-70.00000,1.2434981,2.4677227,-0.0008006096,-0.002777338
L0000.ANS,40.0,-60.0,9.000134400036,2002/01/00,0,3.02,TOTAL,2.3863,0.14799,microSv/hr,ICRP Pub. 103 EFFECTIVE DOSE,0.6427876096865393,0.766044443118978,-0.8660254037844386,0.5000000000000001,-0.9374831999955,1.2197378799043184,40.00000_-60.00000,1.2180177,2.3804798,-0.00172019,-0.0058202744
L0000.ANS,40.0,-50.0,9.000134400036,2002/01/00,0,3.94,TOTAL,2.23,0.14189,microSv/hr,ICRP Pub. 103 EFFECTIVE DOSE,0.6427876096865393,0.766044443118978,-0.766044443118978,0.6427876096865394,-0.9374831999955,1.172482137234565,40.00000_-50.00000,1.1818047,2.2602525,0.009322524,0.030252457
L0000.ANS,40.0,-40.0,9.000134400036,2002/01/00,0,4.84,TOTAL,2.0733,0.13438,microSv/hr,ICRP Pub. 103 EFFECTIVE DOSE,0.6427876096865393,0.766044443118978,-0.6427876096865393,0.766044443118978,-0.9374831999955,1.1227519028545898,40.00000_-40.00000,1.1272544,2.0871687,0.0045024157,0.01386857
L0000.ANS,40.0,-30.0,9.000134400036,2002/01/00,0,5.56,TOTAL,1.956,0.12799,microSv/hr,ICRP Pub. 103 EFFECTIVE DOSE,0.6427876096865393,0.766044443118978,-0.49999999999999994,0.8660254037844387,-0.9374831999955,1.0838370030859554,40.00000_-30.00000,1.076661,1.9348636,-0.0071760416,-0.021136522
L0000.ANS,40.0,-20.0,9.000134400036,2002/01/00,0,6.2,TOTAL,1.86,0.12236,microSv/hr,ICRP Pub. 103 EFFECTIVE DOSE,0.6427876096865393,0.766044443118978,-0.3420201433256687,0.9396926207859084,-0.9374831999955,1.0508216248317612,40.00000_-20.00000,1.0391403,1.8267859,-0.011681318,-0.03321421
L0000.ANS,40.0,-10.0,9.000134400036,2002/01/00,0,6.83,TOTAL,1.7709,0.11724,microSv/hr,ICRP Pub. 103 EFFECTIVE DOSE,0.6427876096865393,0.766044443118978,-0.17364817766693033,0.984807753012208,-0.9374831999955,1.019172177174798,40.00000_-10.00000,1.0124465,1.7523265,-0.006725669,-0.018573523
L0000.ANS,40.0,0.0,9.000134400036,2002/01/00,0,7.09,TOTAL,1.7356,0.11473,microSv/hr,ICRP Pub. 103 EFFECTIVE DOSE,0.6427876096865393,0.766044443118978,0.0,1.0,-0.9374831999955,1.0063507902418038,40.00000_0.00000,0.9888225,1.6880674,-0.017528236,-0.04753244
L0000.ANS,40.0,10.0,9.000134400036,2002/01/00,0,7.27,TOTAL,1.7124,0.11382,microSv/hr,ICRP Pub. 103 EFFECTIVE DOSE,0.6427876096865393,0.766044443118978,0.17364817766693033,0.984807753012208,-0.9374831999955,0.99783385182755,40.00000_10.00000,0.9943856,1.703063,-0.003448248,-0.009336948
L0000.ANS,40.0,20.0,9.000134400036,2002/01/00,0,7.27,TOTAL,1.7129,0.11383,microSv/hr,ICRP Pub. 103 EFFECTIVE DOSE,0.6427876096865393,0.766044443118978,0.3420201433256687,0.9396926207859084,-0.9374831999955,0.9980181734324072,40.00000_20.00000,0.9920851,1.6968518,-0.0059330463,-0.016048074
L0000.ANS,40.0,30.0,9.000134400036,2002/01/00,0,7.23,TOTAL,1.7177,0.11398,microSv/hr,ICRP Pub. 103 EFFECTIVE DOSE,0.6427876096865393,0.766044443118978,0.49999999999999994,0.8660254037844387,-0.9374831999955,0.9997859343612148,40.00000_30.00000,0.99568295,1.7065722,-0.004103005,-0.01112783
L0000.ANS,40.0,40.0,9.000134400036,2002/01/00,0,7.25,TOTAL,1.7154,0.1139,microSv/hr,ICRP Pub. 103 EFFECTIVE DOSE,0.6427876096865393,0.766044443118978,0.6427876096865393,0.766044443118978,-0.9374831999955,0.9989392721840438,40.00000_40.00000,0.99378794,1.7014481,-0.0051513314,-0.013951898
L0000.ANS,40.0,50.0,9.000134400036,2002/01/00,0,7.41,TOTAL,1.6944,0.11342,microSv/hr,ICRP Pub. 103 EFFECTIVE DOSE,0.6427876096865393,0.766044443118978,0.766044443118978,0.6427876096865394,-0.9374831999955,0.9911755450658706,40.00000_50.00000,0.9868897,1.682877,-0.0042858124,-0.011523008
L0000.ANS,40.0,60.0,9.000134400036,2002/01/00,0,7.67,TOTAL,1.6632,0.11057,microSv/hr,ICRP Pub. 103 EFFECTIVE DOSE,0.6427876096865393,0.766044443118978,0.8660254037844386,0.5000000000000001,-0.9374831999955,0.9795284072786781,40.00000_60.00000,0.9751245,1.6514972,-0.004403949,-0.011702776
L0000.ANS,40.0,70.0,9.000134400036,2002/01/00,0,7.94,TOTAL,1.6307,0.10788,microSv/hr,ICRP Pub. 103 EFFECTIVE DOSE,0.6427876096865393,0.766044443118978,0.9396926207859083,0.3420201433256688,-0.9374831999955,0.9672499704712826,40.00000_70.00000,0.9606357,1.6133573,-0.006614268,-0.017342806
L0000.ANS,40.0,80.0,9.000134400036,2002/01/00,0,8.25,TOTAL,1.5951,0.10622,microSv/hr,ICRP Pub. 103 EFFECTIVE DOSE,0.6427876096865393,0.766044443118978,0.984807753012208,0.17364817766693041,-0.9374831999955,0.9536250515208451,40.00000_80.00000,0.9520047,1.5908983,-0.0016203523,-0.0042016506
L0000.ANS,40.0,90.0,9.000134400036,2002/01/00,0,8.46,TOTAL,1.5709,0.10553,microSv/hr,ICRP Pub. 103 EFFECTIVE DOSE,0.6427876096865393,0.766044443118978,1.0,6.123233995736766e-17,-0.9374831999955,0.9442560321558571,40.00000_90.00000,0.94220865,1.5656418,-0.00204736,-0.0052582026
L0000.ANS,40.0,100.0,9.000134400036,2002/01/00,0,8.67,TOTAL,1.5489,0.10299,microSv/hr,ICRP Pub. 103 EFFECTIVE DOSE,0.6427876096865393,0.766044443118978,0.984807753012208,-0.1736481776669303,-0.9374831999955,0.9356618935534116,40.00000_100.00000,0.9343864,1.545651,-0.0012755394,-0.0032491684
L0000.ANS,40.0,110.0,9.000134400036,2002/01/00,0,8.92,TOTAL,1.5177,0.10027,microSv/hr,ICRP Pub. 103 EFFECTIVE DOSE,0.6427876096865393,0.766044443118978,0.9396926207859084,-0.3420201433256687,-0.9374831999955,0.9233457863478322,40.00000_110.00000,0.92594254,1.5242463,0.002596736,0.006546259
L0000.ANS,40.0,120.0,9.000134400036,2002/01/00,0,9.2,TOTAL,1.4822,0.098368,microSv/hr,ICRP Pub. 103 EFFECTIVE DOSE,0.6427876096865393,0.766044443118978,0.8660254037844387,-0.4999999999999998,-0.9374831999955,0.9091452637132837,40.00000_120.00000,0.9153305,1.4976007,0.006185293,0.015400767
L0000.ANS,40.0,130.0,9.000134400036,2002/01/00,0,9.48,TOTAL,1.4484,0.096665,microSv/hr,ICRP Pub. 103 EFFECTIVE DOSE,0.6427876096865393,0.766044443118978,0.766044443118978,-0.6427876096865394,-0.9374831999955,0.8954347499947777,40.00000_130.00000,0.90715384,1.4772618,0.011719108,0.028861761
L0000.ANS,40.0,140.0,9.000134400036,2002/01/00,0,9.57,TOTAL,1.438,0.095467,microSv/hr,ICRP Pub. 103 EFFECTIVE DOSE,0.6427876096865393,0.766044443118978,0.6427876096865395,-0.7660444431189779,-0.9374831999955,0.8911780310590798,40.00000_140.00000,0.8914486,1.4386598,0.0002706051,0.0006598234
L0000.ANS,40.0,150.0,9.000134400036,2002/01/00,0,9.41,TOTAL,1.4557,0.097584,microSv/hr,ICRP Pub. 103 EFFECTIVE DOSE,0.6427876096865393,0.766044443118978,0.49999999999999994,-0.8660254037844387,-0.9374831999955,0.8984118529868635,40.00000_150.00000,0.9001627,1.4600034,0.0017508268,0.004303336
L0000.ANS,40.0,160.0,9.000134400036,2002/01/00,0,9.02,TOTAL,1.5048,0.099474,microSv/hr,ICRP Pub. 103 EFFECTIVE DOSE,0.6427876096865393,0.766044443118978,0.3420201433256689,-0.9396926207859083,-0.9374831999955,0.9182088910300589,40.00000_160.00000,0.92237204,1.5152496,0.004163146,0.010449529
L0000.ANS,40.0,170.0,9.000134400036,2002/01/00,0,8.45,TOTAL,1.5714,0.10559,microSv/hr,ICRP Pub. 103 EFFECTIVE DOSE,0.6427876096865393,0.766044443118978,0.17364817766693028,-0.984807753012208,-0.9374831999955,0.9444504976680114,40.00000_170.00000,0.9531994,1.5939956,0.008748889,0.022595644
L0000.ANS,45.0,-179.99999,9.000134400036,2002/01/00,0,5.48,TOTAL,1.9694,0.12873,microSv/hr,ICRP Pub. 103 EFFECTIVE DOSE,0.7071067811865475,0.7071067811865476,-1.745329251238221e-07,-0.9999999999999848,-0.9374831999955,1.0883599122037584,45.00000_-179.99999,1.0795465,1.9433444,-0.0088135,-0.026055813
L0000.ANS,45.0,-170.0,9.000134400036,2002/01/00,0,5.03,TOTAL,2.0426,0.13297,microSv/hr,ICRP Pub. 103 EFFECTIVE DOSE,0.7071067811865475,0.7071067811865476,-0.17364817766693028,-0.984807753012208,-0.9374831999955,1.1127124130468915,45.00000_-170.00000,1.1159505,2.052468,0.003238082,0.009868145
L0000.ANS,45.0,-160.0,9.000134400036,2002/01/00,0,4.59,TOTAL,2.1169,0.13738,microSv/hr,ICRP Pub. 103 EFFECTIVE DOSE,0.7071067811865475,0.7071067811865476,-0.3420201433256689,-0.9396926207859083,-0.9374831999955,1.136838918140304,45.00000_-160.00000,1.1344013,2.1093116,-0.0024375916,-0.0075883865
L0000.ANS,45.0,-150.0,9.000134400036,2002/01/00,0,4.08,TOTAL,2.2044,0.14135,microSv/hr,ICRP Pub. 103 EFFECTIVE DOSE,0.7071067811865475,0.7071067811865476,-0.49999999999999994,-0.8660254037844387,-0.9374831999955,1.1645248653588247,45.00000_-150.00000,1.1673796,2.2135608,0.0028547049,0.009160757
L0000.ANS,45.0,-140.0,9.000134400036,2002/01/00,0,3.47,TOTAL,2.3119,0.1452,microSv/hr,ICRP Pub. 103 EFFECTIVE DOSE,0.7071067811865475,0.7071067811865476,-0.6427876096865395,-0.7660444431189779,-0.9374831999955,1.1975220428304734,45.00000_-140.00000,1.2000976,2.3204408,0.0025755167,0.00854063
L0000.ANS,45.0,-130.0,9.000134400036,2002/01/00,0,2.89,TOTAL,2.4083,0.14873,microSv/hr,ICRP Pub. 103 EFFECTIVE DOSE,0.7071067811865475,0.7071067811865476,-0.766044443118978,-0.6427876096865394,-0.9374831999955,1.2262136332618314,45.00000_-130.00000,1.2268348,2.4104176,0.0006211996,0.0021176338
L0000.ANS,45.0,-120.0,9.000134400036,2002/01/00,0,2.38,TOTAL,2.4833,0.15079,microSv/hr,ICRP Pub. 103 EFFECTIVE DOSE,0.7071067811865475,0.7071067811865476,-0.8660254037844387,-0.4999999999999998,-0.9374831999955,1.2479801203189331,45.00000_-120.00000,1.2457117,2.4754074,-0.0022684336,-0.007892609
L0000.ANS,45.0,-110.0,9.000134400036,2002/01/00,0,1.94,TOTAL,2.5354,0.1517,microSv/hr,ICRP Pub. 103 EFFECTIVE DOSE,0.7071067811865475,0.7071067811865476,-0.9396926207859084,-0.3420201433256687,-0.9374831999955,1.2628264471196458,45.00000_-110.00000,1.2642709,2.5405104,0.001444459,0.0051105022
L0000.ANS,45.0,-100.0,9.000134400036,2002/01/00,0,1.6,TOTAL,2.5626,0.152,microSv/hr,ICRP Pub. 103 EFFECTIVE DOSE,0.7071067811865475,0.7071067811865476,-0.984807753012208,-0.1736481776669303,-0.9374831999955,1.2704906153762476,45.00000_-100.00000,1.2737442,2.5742102,0.0032535791,0.011610031
L0000.ANS,45.0,-90.0,9.000134400036,2002/01/00,0,1.46,TOTAL,2.5702,0.15204,microSv/hr,ICRP Pub. 103 EFFECTIVE DOSE,0.7071067811865475,0.7071067811865476,-1.0,6.123233995736766e-17,-0.9374831999955,1.2726216166313147,45.00000_-90.00000,1.2723907,2.5693758,-0.0002309084,-0.000824213
L0000.ANS,45.0,-80.0,9.000134400036,2002/01/00,0,1.43,TOTAL,2.5713,0.15205,microSv/hr,ICRP Pub. 103 EFFECTIVE DOSE,0.7071067811865475,0.7071067811865476,-0.984807753012208,0.17364817766693041,-0.9374831999955,1.2729296751648718,45.00000_-80.00000,1.276578,2.584353,0.003648281,0.01305294
L0000.ANS,45.0,-70.0,9.000134400036,2002/01/00,0,1.56,TOTAL,2.5648,0.152,microSv/hr,ICRP Pub. 103 EFFECTIVE DOSE,0.7071067811865475,0.7071067811865476,-0.9396926207859083,0.3420201433256688,-0.9374831999955,1.271107951310773,45.00000_-70.00000,1.270052,2.5610375,-0.0010559559,-0.0037622452
L0000.ANS,45.0,-60.0,9.000134400036,2002/01/00,0,1.96,TOTAL,2.533,0.1517,microSv/hr,ICRP Pub. 103 EFFECTIVE DOSE,0.7071067811865475,0.7071067811865476,-0.8660254037844386,0.5000000000000001,-0.9374831999955,1.2621473683770081,45.00000_-60.00000,1.2656271,2.5453155,0.0034797192,0.012315273
L0000.ANS,45.0,-50.0,9.000134400036,2002/01/00,0,2.58,TOTAL,2.4548,0.15,microSv/hr,ICRP Pub. 103 EFFECTIVE DOSE,0.7071067811865475,0.7071067811865476,-0.766044443118978,0.6427876096865394,-0.9374831999955,1.2397645684239935,45.00000_-50.00000,1.2402998,2.4566498,0.0005352497,0.0018496513
L0000.ANS,45.0,-40.0,9.000134400036,2002/01/00,0,3.15,TOTAL,2.3649,0.14719,microSv/hr,ICRP Pub. 103 EFFECTIVE DOSE,0.7071067811865475,0.7071067811865476,-0.6427876096865393,0.766044443118978,-0.9374831999955,1.2133982449730913,45.00000_-40.00000,1.2102737,2.3544028,-0.0031244755,-0.010497093
L0000.ANS,45.0,-30.0,9.000134400036,2002/01/00,0,3.93,TOTAL,2.2304,0.14191,microSv/hr,ICRP Pub. 103 EFFECTIVE DOSE,0.7071067811865475,0.7071067811865476,-0.49999999999999994,0.8660254037844387,-0.9374831999955,1.172605968576436,45.00000_-30.00000,1.1733292,2.2327373,0.00072324276,0.0023372173
L0000.ANS,45.0,-20.0,9.000134400036,2002/01/00,0,4.42,TOTAL,2.1453,0.13801,microSv/hr,ICRP Pub. 103 EFFECTIVE DOSE,0.7071067811865475,0.7071067811865476,-0.3420201433256687,0.9396926207859084,-0.9374831999955,1.1459092751102684,45.00000_-20.00000,1.1560178,2.1772556,0.010108471,0.03195548
L0000.ANS,45.0,-10.0,9.000134400036,2002/01/00,0,4.75,TOTAL,2.0891,0.13544,microSv/hr,ICRP Pub. 103 EFFECTIVE DOSE,0.7071067811865475,0.7071067811865476,-0.17364817766693033,0.984807753012208,-0.9374831999955,1.1278797863486778,45.00000_-10.00000,1.128334,2.0905037,0.0004543066,0.0014038086
L0000.ANS,45.0,0.0,9.000134400036,2002/01/00,0,4.96,TOTAL,2.054,0.13337,microSv/hr,ICRP Pub. 103 EFFECTIVE DOSE,0.7071067811865475,0.7071067811865476,0.0,1.0,-0.9374831999955,1.1164522067964406,45.00000_0.00000,1.1173649,2.0567884,0.0009126663,0.0027885437
L0000.ANS,45.0,10.0,9.000134400036,2002/01/00,0,5.06,TOTAL,2.0365,0.13281,microSv/hr,ICRP Pub. 103 EFFECTIVE DOSE,0.7071067811865475,0.7071067811865476,0.17364817766693033,0.984807753012208,-0.9374831999955,1.1107055363554932,45.00000_10.00000,1.1136229,2.0453715,0.002917409,0.008871555
L0000.ANS,45.0,20.0,9.000134400036,2002/01/00,0,5.14,TOTAL,2.0238,0.1326,microSv/hr,ICRP Pub. 103 EFFECTIVE DOSE,0.7071067811865475,0.7071067811865476,0.3420201433256687,0.9396926207859084,-0.9374831999955,1.1065143185639639,45.00000_20.00000,1.1108087,2.0368133,0.0042943954,0.013013363
L0000.ANS,45.0,30.0,9.000134400036,2002/01/00,0,5.2,TOTAL,2.0145,0.13239,microSv/hr,ICRP Pub. 103 EFFECTIVE DOSE,0.7071067811865475,0.7071067811865476,0.49999999999999994,0.8660254037844387,-0.9374831999955,1.103433978947323,45.00000_30.00000,1.102943,2.01302,-0.00049102306,-0.0014798641
L0000.ANS,45.0,40.0,9.000134400036,2002/01/00,0,5.2,TOTAL,2.0144,0.13239,microSv/hr,ICRP Pub. 103 EFFECTIVE DOSE,0.7071067811865475,0.7071067811865476,0.6427876096865393,0.766044443118978,-0.9374831999955,1.103400805399907,45.00000_40.00000,1.101412,2.008411,-0.0019887686,-0.0059890747
L0000.ANS,45.0,50.0,9.000134400036,2002/01/00,0,5.26,TOTAL,2.0036,0.13139,microSv/hr,ICRP Pub. 103 EFFECTIVE DOSE,0.7071067811865475,0.7071067811865476,0.766044443118978,0.6427876096865394,-0.9374831999955,1.0998115692435917,45.00000_50.00000,1.097568,1.9968688,-0.0022435188,-0.0067310333
L0000.ANS,45.0,60.0,9.000134400036,2002/01/00,0,5.45,TOTAL,1.9746,0.12906,microSv/hr,ICRP Pub. 103 EFFECTIVE DOSE,0.7071067811865475,0.7071067811865476,0.8660254037844386,0.5000000000000001,-0.9374831999955,1.0901095761763604,45.00000_60.00000,1.0933024,1.9841125,0.0031927824,0.0095124245
L0000.ANS,45.0,70.0,9.000134400036,2002/01/00,0,5.56,TOTAL,1.9565,0.12802,microSv/hr,ICRP Pub. 103 EFFECTIVE DOSE,0.7071067811865475,0.7071067811865476,0.9396926207859083,0.3420201433256688,-0.9374831999955,1.0840061362787474,45.00000_70.00000,1.0812037,1.9482262,-0.0028024912,-0.008273959
L0000.ANS,45.0,80.0,9.000134400036,2002/01/00,0,5.67,TOTAL,1.9391,0.12734,microSv/hr,ICRP Pub. 103 EFFECTIVE DOSE,0.7071067811865475,0.7071067811865476,0.984807753012208,0.17364817766693041,-0.9374831999955,1.0781034120365693,45.00000_80.00000,1.075313,1.9309101,-0.002790451,-0.008189917
L0000.ANS,45.0,90.0,9.000134400036,2002/01/00,0,5.78,TOTAL,1.9226,0.12699,microSv/hr,ICRP Pub. 103 EFFECTIVE DOSE,0.7071067811865475,0.7071067811865476,1.0,6.123233995736766e-17,-0.9374831999955,1.0724736310584149,45.00000_90.00000,1.0655171,1.9023393,-0.0069565773,-0.020260692
L0000.ANS,45.0,100.0,9.000134400036,2002/01/00,0,5.93,TOTAL,1.8995,0.12564,microSv/hr,ICRP Pub. 103 EFFECTIVE DOSE,0.7071067811865475,0.7071067811865476,0.984807753012208,-0.1736481776669303,-0.9374831999955,1.0645383083343583,45.00000_100.00000,1.0590258,1.8835603,-0.005512595,-0.015939832
L0000.ANS,45.0,110.0,9.000134400036,2002/01/00,0,6.08,TOTAL,1.8773,0.1236,microSv/hr,ICRP Pub. 103 EFFECTIVE DOSE,0.7071067811865475,0.7071067811865476,0.9396926207859084,-0.3420201433256687,-0.9374831999955,1.056852354419878,45.00000_110.00000,1.0496538,1.8566619,-0.007198572,-0.020638108
L0000.ANS,45.0,120.0,9.000134400036,2002/01/00,0,6.27,TOTAL,1.8489,0.12173,microSv/hr,ICRP Pub. 103 EFFECTIVE DOSE,0.7071067811865475,0.7071067811865476,0.8660254037844387,-0.4999999999999998,-0.9374831999955,1.0469329548646504,45.00000_120.00000,1.037415,1.821913,-0.009517908,-0.026986957
L0000.ANS,45.0,130.0,9.000134400036,2002/01/00,0,6.47,TOTAL,1.8199,0.12071,microSv/hr,ICRP Pub. 103 EFFECTIVE DOSE,0.7071067811865475,0.7071067811865476,0.766044443118978,-0.6427876096865394,-0.9374831999955,1.0367014233283585,45.00000_130.00000,1.0303909,1.8021609,-0.006310582,-0.017739177
L0000.ANS,45.0,140.0,9.000134400036,2002/01/00,0,6.59,TOTAL,1.8032,0.12051,microSv/hr,ICRP Pub. 103 EFFECTIVE DOSE,0.7071067811865475,0.7071067811865476,0.6427876096865395,-0.7660444431189779,-0.9374831999955,1.0307616217599351,45.00000_140.00000,1.0195366,1.77191,-0.011224985,-0.031290054
L0000.ANS,45.0,150.0,9.000134400036,2002/01/00,0,6.56,TOTAL,1.8072,0.12055,microSv/hr,ICRP Pub. 103 EFFECTIVE DOSE,0.7071067811865475,0.7071067811865476,0.49999999999999994,-0.8660254037844387,-0.9374831999955,1.0321875452868683,45.00000_150.00000,1.0218592,1.7783554,-0.010328412,-0.028844714
L0000.ANS,45.0,160.0,9.000134400036,2002/01/00,0,6.31,TOTAL,1.8433,0.12146,microSv/hr,ICRP Pub. 103 EFFECTIVE DOSE,0.7071067811865475,0.7071067811865476,0.3420201433256689,-0.9396926207859083,-0.9374831999955,1.0449653494373337,45.00000_160.00000,1.0349457,1.8149534,-0.01001966,-0.028346658
L0000.ANS,45.0,170.0,9.000134400036,2002/01/00,0,5.92,TOTAL,1.9012,0.12582,microSv/hr,ICRP Pub. 103 EFFECTIVE DOSE,0.7071067811865475,0.7071067811865476,0.17364817766693028,-0.984807753012208,-0.9374831999955,1.0651244445071204,45.00000_170.00000,1.0510771,1.8607309,-0.014047265,-0.04046893
L0000.ANS,50.0,-179.99999,9.000134400036,2002/01/00,0,4.13,TOTAL,2.1953,0.14097,microSv/hr,ICRP Pub. 103 EFFECTIVE DOSE,0.766044443118978,0.6427876096865394,-1.745329251238221e-07,-0.9999999999999848,-0.9374831999955,1.1616809801350927,50.00000_-179.99999,1.1696863,2.220982,0.008005381,0.02568221
L0000.ANS,50.0,-170.0,9.000134400036,2002/01/00,0,3.66,TOTAL,2.2789,0.14448,microSv/hr,ICRP Pub. 103 EFFECTIVE DOSE,0.766044443118978,0.6427876096865394,-0.17364817766693028,-0.984807753012208,-0.9374831999955,1.1875080002946898,50.00000_-170.00000,1.1914943,2.291997,0.0039863586,0.013097048
L0000.ANS,50.0,-160.0,9.000134400036,2002/01/00,0,3.18,TOTAL,2.3601,0.14708,microSv/hr,ICRP Pub. 103 EFFECTIVE DOSE,0.766044443118978,0.6427876096865394,-0.3420201433256689,-0.9396926207859083,-0.9374831999955,1.2119707354369982,50.00000_-160.00000,1.2108667,2.3563924,-0.0011039972,-0.003707409
L0000.ANS,50.0,-150.0,9.000134400036,2002/01/00,0,2.78,TOTAL,2.4252,0.1491,microSv/hr,ICRP Pub. 103 EFFECTIVE DOSE,0.766044443118978,0.6427876096865394,-0.49999999999999994,-0.8660254037844387,-0.9374831999955,1.2311598641699,50.00000_-150.00000,1.2355144,2.4401476,0.004354596,0.014947891
L0000.ANS,50.0,-140.0,9.000134400036,2002/01/00,0,2.29,TOTAL,2.495,0.15091,microSv/hr,ICRP Pub. 103 EFFECTIVE DOSE,0.766044443118978,0.6427876096865394,-0.6427876096865395,-0.7660444431189779,-0.9374831999955,1.2513333756857736,50.00000_-140.00000,1.2572106,2.5156014,0.0058772564,0.020601511
L0000.ANS,50.0,-130.0,9.000134400036,2002/01/00,0,1.82,TOTAL,2.5462,0.15182,microSv/hr,ICRP Pub. 103 EFFECTIVE DOSE,0.766044443118978,0.6427876096865394,-0.766044443118978,-0.6427876096865394,-0.9374831999955,1.265876607640751,50.00000_-130.00000,1.2651098,2.5434818,-0.00076687336,-0.0027184486
L0000.ANS,50.0,-120.0,9.000134400036,2002/01/00,0,1.44,TOTAL,2.5709,0.15204,microSv/hr,ICRP Pub. 103 EFFECTIVE DOSE,0.766044443118978,0.6427876096865394,-0.8660254037844387,-0.4999999999999998,-0.9374831999955,1.2728176648598066,50.00000_-120.00000,1.2739536,2.5749586,0.0011359453,0.004058838
L0000.ANS,50.0,-110.0,9.000134400036,2002/01/00,0,1.15,TOTAL,2.5789,0.15207,microSv/hr,ICRP Pub. 103 EFFECTIVE DOSE,0.766044443118978,0.6427876096865394,-0.9396926207859084,-0.3420201433256687,-0.9374831999955,1.2750554906279614,50.00000_-110.00000,1.2778754,2.5890064,0.0028198957,0.010106325
L0000.ANS,50.0,-100.0,9.000134400036,2002/01/00,0,0.94,TOTAL,2.5809,0.15207,microSv/hr,ICRP Pub. 103 EFFECTIVE DOSE,0.766044443118978,0.6427876096865394,-0.984807753012208,-0.1736481776669303,-0.9374831999955,1.2756141654658115,50.00000_-100.00000,1.27936,2.594339,0.0037459135,0.01343894
L0000.ANS,50.0,-90.0,9.000134400036,2002/01/00,0,0.83,TOTAL,2.5812,0.15207,microSv/hr,ICRP Pub. 103 EFFECTIVE DOSE,0.766044443118978,0.6427876096865394,-1.0,6.123233995736766e-17,-0.9374831999955,1.2756979397778638,50.00000_-90.00000,1.2738407,2.574555,-0.0018572807,-0.0066452026
L0000.ANS,50.0,-80.0,9.000134400036,2002/01/00,0,0.83,TOTAL,2.5812,0.15207,microSv/hr,ICRP Pub. 103 EFFECTIVE DOSE,0.766044443118978,0.6427876096865394,-0.984807753012208,0.17364817766693041,-0.9374831999955,1.2756979397778638,50.00000_-80.00000,1.2739142,2.574818,-0.0017837286,-0.006382227
L0000.ANS,50.0,-70.0,9.000134400036,2002/01/00,0,0.95,TOTAL,2.5809,0.15207,microSv/hr,ICRP Pub. 103 EFFECTIVE DOSE,0.766044443118978,0.6427876096865394,-0.9396926207859083,0.3420201433256688,-0.9374831999955,1.2756141654658115,50.00000_-70.00000,1.2760081,2.5823112,0.0003939867,0.0014111996
L0000.ANS,50.0,-60.0,9.000134400036,2002/01/00,0,1.18,TOTAL,2.5785,0.15207,microSv/hr,ICRP Pub. 103 EFFECTIVE DOSE,0.766044443118978,0.6427876096865394,-0.8660254037844386,0.5000000000000001,-0.9374831999955,1.274943718196515,50.00000_-60.00000,1.2775961,2.588004,0.0026524067,0.00950408
L0000.ANS,50.0,-50.0,9.000134400036,2002/01/00,0,1.52,TOTAL,2.5669,0.15202,microSv/hr,ICRP Pub. 103 EFFECTIVE DOSE,0.766044443118978,0.6427876096865394,-0.766044443118978,0.6427876096865394,-0.9374831999955,1.2716968712206669,50.00000_-50.00000,1.2701062,2.5612307,-0.0015907288,-0.005669594
L0000.ANS,50.0,-40.0,9.000134400036,2002/01/00,0,1.98,TOTAL,2.5304,0.15162,microSv/hr,ICRP Pub. 103 EFFECTIVE DOSE,0.766044443118978,0.6427876096865394,-0.6427876096865393,0.766044443118978,-0.9374831999955,1.2614111789732005,50.00000_-40.00000,1.2616284,2.531167,0.00021719933,0.00076699257
L0000.ANS,50.0,-30.0,9.000134400036,2002/01/00,0,2.43,TOTAL,2.4756,0.15054,microSv/hr,ICRP Pub. 103 EFFECTIVE DOSE,0.766044443118978,0.6427876096865394,-0.49999999999999994,0.8660254037844387,-0.9374831999955,1.245767125982914,50.00000_-30.00000,1.2473196,2.481,0.0015524626,0.0053999424
L0000.ANS,50.0,-20.0,9.000134400036,2002/01/00,0,2.79,TOTAL,2.4226,0.14902,microSv/hr,ICRP Pub. 103 EFFECTIVE DOSE,0.766044443118978,0.6427876096865394,-0.3420201433256687,0.9396926207859084,-0.9374831999955,1.2304004961612143,50.00000_-20.00000,1.2276452,2.4131825,-0.0027552843,-0.009417295
L0000.ANS,50.0,-10.0,9.000134400036,2002/01/00,0,3.04,TOTAL,2.3841,0.14788,microSv/hr,ICRP Pub. 103 EFFECTIVE DOSE,0.766044443118978,0.6427876096865394,-0.17364817766693033,0.984807753012208,-0.9374831999955,1.219087992134783,50.00000_-10.00000,1.2209091,2.3902686,0.0018211603,0.006168604
L0000.ANS,50.0,0.0,9.000134400036,2002/01/00,0,3.33,TOTAL,2.3358,0.14643,microSv/hr,ICRP Pub. 103 EFFECTIVE DOSE,0.766044443118978,0.6427876096865394,0.0,1.0,-0.9374831999955,1.2047125306609356,50.00000_0.00000,1.2192335,2.3845925,0.014521003,0.0487926
L0000.ANS,50.0,10.0,9.000134400036,2002/01/00,0,3.47,TOTAL,2.3119,0.1452,microSv/hr,ICRP Pub. 103 EFFECTIVE DOSE,0.766044443118978,0.6427876096865394,0.17364817766693033,0.984807753012208,-0.9374831999955,1.1975220428304734,50.00000_10.00000,1.2060003,2.3400986,0.008478284,0.02819848
L0000.ANS,50.0,20.0,9.000134400036,2002/01/00,0,3.51,TOTAL,2.3047,0.14495,microSv/hr,ICRP Pub. 103 EFFECTIVE DOSE,0.766044443118978,0.6427876096865394,0.3420201433256687,0.9396926207859084,-0.9374831999955,1.1953456976254173,50.00000_20.00000,1.1920109,2.2936978,-0.0033347607,-0.011002064
L0000.ANS,50.0,30.0,9.000134400036,2002/01/00,0,3.64,TOTAL,2.2825,0.14451,microSv/hr,ICRP Pub. 103 EFFECTIVE DOSE,0.766044443118978,0.6427876096865394,0.49999999999999994,0.8660254037844387,-0.9374831999955,1.1886053271948143,50.00000_30.00000,1.1870315,2.277338,-0.001573801,-0.0051617622
L0000.ANS,50.0,40.0,9.000134400036,2002/01/00,0,3.71,TOTAL,2.2693,0.14394,microSv/hr,ICRP Pub. 103 EFFECTIVE DOSE,0.766044443118978,0.6427876096865394,0.6427876096865393,0.766044443118978,-0.9374831999955,1.1845758947152043,50.00000_40.00000,1.1853576,2.2718565,0.0007816553,0.0025565624
L0000.ANS,50.0,50.0,9.000134400036,2002/01/00,0,3.75,TOTAL,2.262,0.14344,microSv/hr,ICRP Pub. 103 EFFECTIVE DOSE,0.766044443118978,0.6427876096865394,0.766044443118978,0.6427876096865394,-0.9374831999955,1.1823405041988222,50.00000_50.00000,1.1827167,2.2632275,0.00037622452,0.0012273788
L0000.ANS,50.0,60.0,9.000134400036,2002/01/00,0,3.8,TOTAL,2.2537,0.14293,microSv/hr,ICRP Pub. 103 EFFECTIVE DOSE,0.766044443118978,0.6427876096865394,0.8660254037844386,0.5000000000000001,-0.9374831999955,1.1797928103242021,50.00000_60.00000,1.176327,2.2424428,-0.0034657717,-0.011256933
L0000.ANS,50.0,70.0,9.000134400036,2002/01/00,0,3.9,TOTAL,2.236,0.14211,microSv/hr,ICRP Pub. 103 EFFECTIVE DOSE,0.766044443118978,0.6427876096865394,0.9396926207859083,0.3420201433256688,-0.9374831999955,1.1743379991962453,50.00000_70.00000,1.1711831,2.2258067,-0.0031548738,-0.010193348
L0000.ANS,50.0,80.0,9.000134400036,2002/01/00,0,4.0,TOTAL,2.2187,0.14157,microSv/hr,ICRP Pub. 103 EFFECTIVE DOSE,0.766044443118978,0.6427876096865394,0.984807753012208,0.17364817766693041,-0.9374831999955,1.1689775513286733,50.00000_80.00000,1.1699847,2.2219434,0.0010071993,0.0032434464
L0000.ANS,50.0,90.0,9.000134400036,2002/01/00,0,4.12,TOTAL,2.1982,0.14121,microSv/hr,ICRP Pub. 103 EFFECTIVE DOSE,0.766044443118978,0.6427876096865394,1.0,6.123233995736766e-17,-0.9374831999955,1.1625881515432046,50.00000_90.00000,1.1663185,2.2101529,0.0037304163,0.011953115
L0000.ANS,50.0,100.0,9.000134400036,2002/01/00,0,4.18,TOTAL,2.1868,0.1403,microSv/hr,ICRP Pub. 103 EFFECTIVE DOSE,0.766044443118978,0.6427876096865394,0.984807753012208,-0.1736481776669303,-0.9374831999955,1.159017278524074,50.00000_100.00000,1.1600474,2.1900845,0.0010300875,0.0032844543
L0000.ANS,50.0,110.0,9.000134400036,2002/01/00,0,4.29,TOTAL,2.1678,0.13907,microSv/hr,ICRP Pub. 103 EFFECTIVE DOSE,0.766044443118978,0.6427876096865394,0.9396926207859084,-0.3420201433256687,-0.9374831999955,1.153037340646183,50.00000_110.00000,1.1571192,2.1807568,0.0040818453,0.012956858
L0000.ANS,50.0,120.0,9.000134400036,2002/01/00,0,4.46,TOTAL,2.1382,0.13777,microSv/hr,ICRP Pub. 103 EFFECTIVE DOSE,0.766044443118978,0.6427876096865394,0.8660254037844387,-0.4999999999999998,-0.9374831999955,1.1436493871428308,50.00000_120.00000,1.1469394,2.1485417,0.0032900572,0.010341883
L0000.ANS,50.0,130.0,9.000134400036,2002/01/00,0,4.65,TOTAL,2.1067,0.13684,microSv/hr,ICRP Pub. 103 EFFECTIVE DOSE,0.766044443118978,0.6427876096865394,0.766044443118978,-0.6427876096865394,-0.9374831999955,1.133561069585562,50.00000_130.00000,1.1362087,2.114936,0.0026476383,0.00823617
L0000.ANS,50.0,140.0,9.000134400036,2002/01/00,0,4.77,TOTAL,2.0853,0.13517,microSv/hr,ICRP Pub. 103 EFFECTIVE DOSE,0.766044443118978,0.6427876096865394,0.6427876096865395,-0.7660444431189779,-0.9374831999955,1.1266488973619657,50.00000_140.00000,1.1280961,2.0897684,0.0014472008,0.004468441
L0000.ANS,50.0,150.0,9.000134400036,2002/01/00,0,4.71,TOTAL,2.0963,0.13597,microSv/hr,ICRP Pub. 103 EFFECTIVE DOSE,0.766044443118978,0.6427876096865394,0.49999999999999994,-0.8660254037844387,-0.9374831999955,1.13020785025786,50.00000_150.00000,1.1323433,2.102919,0.002135396,0.0066189766
L0000.ANS,50.0,160.0,9.000134400036,2002/01/00,0,4.58,TOTAL,2.1172,0.13738,microSv/hr,ICRP Pub. 103 EFFECTIVE DOSE,0.766044443118978,0.6427876096865394,0.3420201433256689,-0.9396926207859083,-0.9374831999955,1.1369351629872688,50.00000_160.00000,1.1399748,2.1266897,0.0030397177,0.009489775
L0000.ANS,50.0,170.0,9.000134400036,2002/01/00,0,4.46,TOTAL,2.1396,0.13781,microSv/hr,ICRP Pub. 103 EFFECTIVE DOSE,0.766044443118978,0.6427876096865394,0.17364817766693028,-0.984807753012208,-0.9374831999955,1.1440954032705215,50.00000_170.00000,1.155268,2.174874,0.011172533,0.03527403
L0000.ANS,55.0,-179.99999,9.000134400036,2002/01/00,0,2.77,TOTAL,2.4262,0.14914,microSv/hr,ICRP Pub. 103 EFFECTIVE DOSE,0.8191520442889918,0.5735764363510462,-1.745329251238221e-07,-0.9999999999999848,-0.9374831999955,1.2314517753142211,55.00000_-179.99999,1.2312511,2.4255126,-0.00020062923,-0.00068736076
L0000.ANS,55.0,-170.0,9.000134400036,2002/01/00,0,2.38,TOTAL,2.4833,0.1508,microSv/hr,ICRP Pub. 103 EFFECTIVE DOSE,0.8191520442889918,0.5735764363510462,-0.17364817766693028,-0.984807753012208,-0.9374831999955,1.2479801203189331,55.00000_-170.00000,1.2442048,2.470174,-0.0037753582,-0.013125896
L0000.ANS,55.0,-160.0,9.000134400036,2002/01/00,0,2.07,TOTAL,2.5207,0.15142,microSv/hr,ICRP Pub. 103 EFFECTIVE DOSE,0.8191520442889918,0.5735764363510462,-0.3420201433256689,-0.9396926207859083,-0.9374831999955,1.2586598334756176,55.00000_-160.00000,1.2591004,2.5222516,0.00044059753,0.0015516281
L0000.ANS,55.0,-150.0,9.000134400036,2002/01/00,0,1.71,TOTAL,2.5551,0.15191,microSv/hr,ICRP Pub. 103 EFFECTIVE DOSE,0.8191520442889918,0.5735764363510462,-0.49999999999999994,-0.8660254037844387,-0.9374831999955,1.2683831922547981,55.00000_-150.00000,1.2678884,2.5533414,-0.00049471855,-0.0017585754
L0000.ANS,55.0,-140.0,9.000134400036,2002/01/00,0,1.38,TOTAL,2.5733,0.15206,microSv/hr,ICRP Pub. 103 EFFECTIVE DOSE,0.8191520442889918,0.5735764363510462,-0.6427876096865395,-0.7660444431189779,-0.9374831999955,1.273489538572828,55.00000_-140.00000,1.2751434,2.5792146,0.0016537905,0.0059144497
L0000.ANS,55.0,-130.0,9.000134400036,2002/01/00,0,1.05,TOTAL,2.5802,0.15207,microSv/hr,ICRP Pub. 103 EFFECTIVE DOSE,0.8191520442889918,0.5735764363510462,-0.766044443118978,-0.6427876096865394,-0.9374831999955,1.2754186647739543,55.00000_-130.00000,1.2740479,2.5752954,-0.0013707876,-0.0049045086
L0000.ANS,55.0,-120.0,9.000134400036,2002/01/00,0,0.81,TOTAL,2.5812,0.15207,microSv/hr,ICRP Pub. 103 EFFECTIVE DOSE,0.8191520442889918,0.5735764363510462,-0.8660254037844387,-0.4999999999999998,-0.9374831999955,1.2756979397778638,55.00000_-120.00000,1.2779828,2.589392,0.0022848845,0.008191824
L0000.ANS,55.0,-110.0,9.000134400036,2002/01/00,0,0.62,TOTAL,2.5814,0.15207,microSv/hr,ICRP Pub. 103 EFFECTIVE DOSE,0.8191520442889918,0.5735764363510462,-0.9396926207859084,-0.3420201433256687,-0.9374831999955,1.275753785420522,55.00000_-110.00000,1.2812743,2.6012259,0.005520582,0.019825935
L0000.ANS,55.0,-100.0,9.000134400036,2002/01/00,0,0.48,TOTAL,2.5814,0.15207,microSv/hr,ICRP Pub. 103 EFFECTIVE DOSE,0.8191520442889918,0.5735764363510462,-0.984807753012208,-0.1736481776669303,-0.9374831999955,1.275753785420522,55.00000_-100.00000,1.2831115,2.607848,0.0073577166,0.026448011
L0000.ANS,55.0,-90.0,9.000134400036,2002/01/00,0,0.43,TOTAL,2.5814,0.15207,microSv/hr,ICRP Pub. 103 EFFECTIVE DOSE,0.8191520442889918,0.5735764363510462,-1.0,6.123233995736766e-17,-0.9374831999955,1.275753785420522,55.00000_-90.00000,1.2758136,2.5816143,5.9843063e-05,0.0002143383
L0000.ANS,55.0,-80.0,9.000134400036,2002/01/00,0,0.42,TOTAL,2.5814,0.15207,microSv/hr,ICRP Pub. 103 EFFECTIVE DOSE,0.8191520442889918,0.5735764363510462,-0.984807753012208,0.17364817766693041,-0.9374831999955,1.275753785420522,55.00000_-80.00000,1.2734603,2.5731955,-0.0022934675,-0.00820446
L0000.ANS,55.0,-70.0,9.000134400036,2002/01/00,0,0.49,TOTAL,2.5814,0.15207,microSv/hr,ICRP Pub. 103 EFFECTIVE DOSE,0.8191520442889918,0.5735764363510462,-0.9396926207859083,0.3420201433256688,-0.9374831999955,1.275753785420522,55.00000_-70.00000,1.2794983,2.5948358,0.0037446022,0.013435841
L0000.ANS,55.0,-60.0,9.000134400036,2002/01/00,0,0.63,TOTAL,2.5814,0.15207,microSv/hr,ICRP Pub. 103 EFFECTIVE DOSE,0.8191520442889918,0.5735764363510462,-0.8660254037844386,0.5000000000000001,-0.9374831999955,1.275753785420522,55.00000_-60.00000,1.2806023,2.5988069,0.0048485994,0.01740694
L0000.ANS,55.0,-50.0,9.000134400036,2002/01/00,0,0.85,TOTAL,2.5812,0.15207,microSv/hr,ICRP Pub. 103 EFFECTIVE DOSE,0.8191520442889918,0.5735764363510462,-0.766044443118978,0.6427876096865394,-0.9374831999955,1.2756979397778638,55.00000_-50.00000,1.2756104,2.5808866,-8.749962e-05,-0.00031352043
L0000.ANS,55.0,-40.0,9.000134400036,2002/01/00,0,1.08,TOTAL,2.5798,0.15207,microSv/hr,ICRP Pub. 103 EFFECTIVE DOSE,0.8191520442889918,0.5735764363510462,-0.6427876096865393,0.766044443118978,-0.9374831999955,1.2753069329302624,55.00000_-40.00000,1.2740889,2.5754423,-0.0012180805,-0.004357815
L0000.ANS,55.0,-30.0,9.000134400036,2002/01/00,0,1.38,TOTAL,2.5733,0.15206,microSv/hr,ICRP Pub. 103 EFFECTIVE DOSE,0.8191520442889918,0.5735764363510462,-0.49999999999999994,0.8660254037844387,-0.9374831999955,1.273489538572828,55.00000_-30.00000,1.2735872,2.5736492,9.763241e-05,0.0003490448
L0000.ANS,55.0,-20.0,9.000134400036,2002/01/00,0,1.65,TOTAL,2.5593,0.15196,microSv/hr,ICRP Pub. 103 EFFECTIVE DOSE,0.8191520442889918,0.5735764363510462,-0.3420201433256687,0.9396926207859084,-0.9374831999955,1.2695638963163978,55.00000_-20.00000,1.2694554,2.558914,-0.00010848045,-0.00038599968
L0000.ANS,55.0,-10.0,9.000134400036,2002/01/00,0,1.87,TOTAL,2.5411,0.15174,microSv/hr,ICRP Pub. 103 EFFECTIVE DOSE,0.8191520442889918,0.5735764363510462,-0.17364817766693033,0.984807753012208,-0.9374831999955,1.2644374133410055,55.00000_-10.00000,1.2642471,2.540426,-0.00019037724,-0.0006740093
L0000.ANS,55.0,0.0,9.000134400036,2002/01/00,0,2.06,TOTAL,2.5224,0.15145,microSv/hr,ICRP Pub. 103 EFFECTIVE DOSE,0.8191520442889918,0.5735764363510462,0.0,1.0,-0.9374831999955,1.259142575459407,55.00000_0.00000,1.2616144,2.5311177,0.0024719238,0.008717775
L0000.ANS,55.0,10.0,9.000134400036,2002/01/00,0,2.19,TOTAL,2.5073,0.15123,microSv/hr,ICRP Pub. 103 EFFECTIVE DOSE,0.8191520442889918,0.5735764363510462,0.17364817766693033,0.984807753012208,-0.9374831999955,1.2548465106987459,55.00000_10.00000,1.2535925,2.5029044,-0.0012539625,-0.004395485
L0000.ANS,55.0,20.0,9.000134400036,2002/01/00,0,2.24,TOTAL,2.5016,0.15106,microSv/hr,ICRP Pub. 103 EFFECTIVE DOSE,0.8191520442889918,0.5735764363510462,0.3420201433256687,0.9396926207859084,-0.9374831999955,1.2532200068945485,55.00000_20.00000,1.2463418,2.477598,-0.0068781376,-0.024001837
L0000.ANS,55.0,30.0,9.000134400036,2002/01/00,0,2.32,TOTAL,2.4906,0.15085,microSv/hr,ICRP Pub. 103 EFFECTIVE DOSE,0.8191520442889918,0.5735764363510462,0.49999999999999994,0.8660254037844387,-0.9374831999955,1.2500736412085993,55.00000_30.00000,1.2485756,2.4853747,-0.0014981031,-0.00522542
L0000.ANS,55.0,40.0,9.000134400036,2002/01/00,0,2.34,TOTAL,2.4878,0.15082,microSv/hr,ICRP Pub. 103 EFFECTIVE DOSE,0.8191520442889918,0.5735764363510462,0.6427876096865393,0.766044443118978,-0.9374831999955,1.2492711649532229,55.00000_40.00000,1.2485523,2.4852939,-0.000718832,-0.0025060177
L0000.ANS,55.0,50.0,9.000134400036,2002/01/00,0,2.4,TOTAL,2.4807,0.15076,microSv/hr,ICRP Pub. 103 EFFECTIVE DOSE,0.8191520442889918,0.5735764363510462,0.766044443118978,0.6427876096865394,-0.9374831999955,1.2472334229838373,55.00000_50.00000,1.2463591,2.477658,-0.00087428093,-0.0030419827
L0000.ANS,55.0,60.0,9.000134400036,2002/01/00,0,2.43,TOTAL,2.4768,0.15059,microSv/hr,ICRP Pub. 103 EFFECTIVE DOSE,0.8191520442889918,0.5735764363510462,0.8660254037844386,0.5000000000000001,-0.9374831999955,1.2461123305200281,55.00000_60.00000,1.2426076,2.464636,-0.003504753,-0.0121638775
L0000.ANS,55.0,70.0,9.000134400036,2002/01/00,0,2.5,TOTAL,2.4667,0.15025,microSv/hr,ICRP Pub. 103 EFFECTIVE DOSE,0.8191520442889918,0.5735764363510462,0.9396926207859083,0.3420201433256688,-0.9374831999955,1.2432031328176052,55.00000_70.00000,1.2412548,2.4599524,-0.0019483566,-0.0067477226
L0000.ANS,55.0,80.0,9.000134400036,2002/01/00,0,2.54,TOTAL,2.4607,0.1501,microSv/hr,ICRP Pub. 103 EFFECTIVE DOSE,0.8191520442889918,0.5735764363510462,0.984807753012208,0.17364817766693041,-0.9374831999955,1.2414708807460202,55.00000_80.00000,1.240231,2.4564118,-0.0012398958,-0.0042881966
L0000.ANS,55.0,90.0,9.000134400036,2002/01/00,0,2.62,TOTAL,2.4486,0.14994,microSv/hr,ICRP Pub. 103 EFFECTIVE DOSE,0.8191520442889918,0.5735764363510462,1.0,6.123233995736766e-17,-0.9374831999955,1.2379683515838942,55.00000_90.00000,1.2369438,2.4450686,-0.0010244846,-0.0035312176
L0000.ANS,55.0,100.0,9.000134400036,2002/01/00,0,2.71,TOTAL,2.4355,0.1495,microSv/hr,ICRP Pub. 103 EFFECTIVE DOSE,0.8191520442889918,0.5735764363510462,0.984807753012208,-0.1736481776669303,-0.9374831999955,1.2341624754889937,55.00000_100.00000,1.2314298,2.4261248,-0.0027326345,-0.009375095
L0000.ANS,55.0,110.0,9.000134400036,2002/01/00,0,2.78,TOTAL,2.4249,0.14909,microSv/hr,ICRP Pub. 103 EFFECTIVE DOSE,0.8191520442889918,0.5735764363510462,0.9396926207859084,-0.3420201433256687,-0.9374831999955,1.2310722742076536,55.00000_110.00000,1.2246747,2.403059,-0.006397605,-0.02184105
L0000.ANS,55.0,120.0,9.000134400036,2002/01/00,0,2.87,TOTAL,2.4105,0.14876,microSv/hr,ICRP Pub. 103 EFFECTIVE DOSE,0.8191520442889918,0.5735764363510462,0.8660254037844387,-0.4999999999999998,-0.9374831999955,1.2268589081126369,55.00000_120.00000,1.2184123,2.381814,-0.008446574,-0.028685808
L0000.ANS,55.0,130.0,9.000134400036,2002/01/00,0,3.02,TOTAL,2.3869,0.14802,microSv/hr,ICRP Pub. 103 EFFECTIVE DOSE,0.8191520442889918,0.5735764363510462,0.766044443118978,-0.6427876096865394,-0.9374831999955,1.219915048746688,55.00000_130.00000,1.209338,2.3512652,-0.010577083,-0.035634756
L0000.ANS,55.0,140.0,9.000134400036,2002/01/00,0,3.15,TOTAL,2.3654,0.1472,microSv/hr,ICRP Pub. 103 EFFECTIVE DOSE,0.8191520442889918,0.5735764363510462,0.6427876096865395,-0.7660444431189779,-0.9374831999955,1.2135468267602092,55.00000_140.00000,1.2069489,2.3432684,-0.0065979958,-0.022131681
L0000.ANS,55.0,150.0,9.000134400036,2002/01/00,0,3.11,TOTAL,2.3723,0.14741,microSv/hr,ICRP Pub. 103 EFFECTIVE DOSE,0.8191520442889918,0.5735764363510462,0.49999999999999994,-0.8660254037844387,-0.9374831999955,1.215595004153724,55.00000_150.00000,1.2082424,2.3475957,-0.0073525906,-0.024704456
L0000.ANS,55.0,160.0,9.000134400036,2002/01/00,0,3.07,TOTAL,2.379,0.14766,microSv/hr,ICRP Pub. 103 EFFECTIVE DOSE,0.8191520442889918,0.5735764363510462,0.3420201433256689,-0.9396926207859083,-0.9374831999955,1.217579807732153,55.00000_160.00000,1.2151911,2.3709383,-0.0023887157,-0.008061886
L0000.ANS,55.0,170.0,9.000134400036,2002/01/00,0,2.95,TOTAL,2.399,0.14867,microSv/hr,ICRP Pub. 103 EFFECTIVE DOSE,0.8191520442889918,0.5735764363510462,0.17364817766693028,-0.984807753012208,-0.9374831999955,1.223481270713979,55.00000_170.00000,1.221561,2.3924792,-0.0019203424,-0.0065209866
L0000.ANS,60.0,-179.99999,9.000134400036,2002/01/00,0,1.62,TOTAL,2.5616,0.152,microSv/hr,ICRP Pub. 103 EFFECTIVE DOSE,0.8660254037844386,0.5000000000000001,-1.745329251238221e-07,-0.9999999999999848,-0.9374831999955,1.2702098820990886,60.00000_-179.99999,1.2673837,2.5515485,-0.0028262138,-0.010051727
L0000.ANS,60.0,-170.0,9.000134400036,2002/01/00,0,1.45,TOTAL,2.5704,0.15204,microSv/hr,ICRP Pub. 103 EFFECTIVE DOSE,0.8660254037844386,0.5000000000000001,-0.17364817766693028,-0.984807753012208,-0.9374831999955,1.2726776343329231,60.00000_-170.00000,1.2719518,2.5678093,-0.00072586536,-0.0025906563
L0000.ANS,60.0,-160.0,9.000134400036,2002/01/00,0,1.21,TOTAL,2.578,0.15207,microSv/hr,ICRP Pub. 103 EFFECTIVE DOSE,0.8660254037844386,0.5000000000000001,-0.3420201433256689,-0.9396926207859083,-0.9374831999955,1.2748039850865274,60.00000_-160.00000,1.2715685,2.5664423,-0.0032354593,-0.011557817
L0000.ANS,60.0,-150.0,9.000134400036,2002/01/00,0,0.99,TOTAL,2.5806,0.15207,microSv/hr,ICRP Pub. 103 EFFECTIVE DOSE,0.8660254037844386,0.5000000000000001,-0.49999999999999994,-0.8660254037844387,-0.9374831999955,1.2755303841350356,60.00000_-150.00000,1.2750638,2.5789297,-0.00046658516,-0.0016701221
L0000.ANS,60.0,-140.0,9.000134400036,2002/01/00,0,0.75,TOTAL,2.5813,0.15207,microSv/hr,ICRP Pub. 103 EFFECTIVE DOSE,0.8660254037844386,0.5000000000000001,-0.6427876096865395,-0.7660444431189779,-0.9374831999955,1.2757258629890351,60.00000_-140.00000,1.2787116,2.5920086,0.0029857159,0.0107085705
L0000.ANS,60.0,-130.0,9.000134400036,2002/01/00,0,0.55,TOTAL,2.5814,0.15207,microSv/hr,ICRP Pub. 103 EFFECTIVE DOSE,0.8660254037844386,0.5000000000000001,-0.766044443118978,-0.6427876096865394,-0.9374831999955,1.275753785420522,60.00000_-130.00000,1.2779019,2.5891016,0.0021481514,0.0077016354
L0000.ANS,60.0,-120.0,9.000134400036,2002/01/00,0,0.39,TOTAL,2.5814,0.15207,microSv/hr,ICRP Pub. 103 EFFECTIVE DOSE,0.8660254037844386,0.5000000000000001,-0.8660254037844387,-0.4999999999999998,-0.9374831999955,1.275753785420522,60.00000_-120.00000,1.2787659,2.5922039,0.0030121803,0.010803938
L0000.ANS,60.0,-110.0,9.000134400036,2002/01/00,0,0.28,TOTAL,2.5814,0.15207,microSv/hr,ICRP Pub. 103 EFFECTIVE DOSE,0.8660254037844386,0.5000000000000001,-0.9396926207859084,-0.3420201433256687,-0.9374831999955,1.275753785420522,60.00000_-110.00000,1.2803432,2.5978742,0.0045894384,0.016474247
L0000.ANS,60.0,-100.0,9.000134400036,2002/01/00,0,0.2,TOTAL,2.5814,0.15207,microSv/hr,ICRP Pub. 103 EFFECTIVE DOSE,0.8660254037844386,0.5000000000000001,-0.984807753012208,-0.1736481776669303,-0.9374831999955,1.275753785420522,60.00000_-100.00000,1.2811947,2.6009393,0.0054409504,0.019539356
L0000.ANS,60.0,-90.0,9.000134400036,2002/01/00,0,0.19,TOTAL,2.5814,0.15207,microSv/hr,ICRP Pub. 103 EFFECTIVE DOSE,0.8660254037844386,0.5000000000000001,-1.0,6.123233995736766e-17,-0.9374831999955,1.275753785420522,60.00000_-90.00000,1.2791383,2.5935419,0.0033845901,0.012141943
L0000.ANS,60.0,-80.0,9.000134400036,2002/01/00,0,0.18,TOTAL,2.5814,0.15207,microSv/hr,ICRP Pub. 103 EFFECTIVE DOSE,0.8660254037844386,0.5000000000000001,-0.984807753012208,0.17364817766693041,-0.9374831999955,1.275753785420522,60.00000_-80.00000,1.2776031,2.5880294,0.0018494129,0.006629467
L0000.ANS,60.0,-70.0,9.000134400036,2002/01/00,0,0.23,TOTAL,2.5814,0.15207,microSv/hr,ICRP Pub. 103 EFFECTIVE DOSE,0.8660254037844386,0.5000000000000001,-0.9396926207859083,0.3420201433256688,-0.9374831999955,1.275753785420522,60.00000_-70.00000,1.2800207,2.5967143,0.0042669773,0.015314341
L0000.ANS,60.0,-60.0,9.000134400036,2002/01/00,0,0.3,TOTAL,2.5814,0.15207,microSv/hr,ICRP Pub. 103 EFFECTIVE DOSE,0.8660254037844386,0.5000000000000001,-0.8660254037844386,0.5000000000000001,-0.9374831999955,1.275753785420522,60.00000_-60.00000,1.2797282,2.595662,0.0039744377,0.014262199
L0000.ANS,60.0,-50.0,9.000134400036,2002/01/00,0,0.41,TOTAL,2.5814,0.15207,microSv/hr,ICRP Pub. 103 EFFECTIVE DOSE,0.8660254037844386,0.5000000000000001,-0.766044443118978,0.6427876096865394,-0.9374831999955,1.275753785420522,60.00000_-50.00000,1.2765948,2.584413,0.00084102154,0.003013134
L0000.ANS,60.0,-40.0,9.000134400036,2002/01/00,0,0.56,TOTAL,2.5814,0.15207,microSv/hr,ICRP Pub. 103 EFFECTIVE DOSE,0.8660254037844386,0.5000000000000001,-0.6427876096865393,0.766044443118978,-0.9374831999955,1.275753785420522,60.00000_-40.00000,1.2762213,2.5830746,0.00046753883,0.0016746521
L0000.ANS,60.0,-30.0,9.000134400036,2002/01/00,0,0.73,TOTAL,2.5813,0.15207,microSv/hr,ICRP Pub. 103 EFFECTIVE DOSE,0.8660254037844386,0.5000000000000001,-0.49999999999999994,0.8660254037844387,-0.9374831999955,1.2757258629890351,60.00000_-30.00000,1.2784218,2.590968,0.002695918,0.009667873
L0000.ANS,60.0,-20.0,9.000134400036,2002/01/00,0,0.87,TOTAL,2.5811,0.15207,microSv/hr,ICRP Pub. 103 EFFECTIVE DOSE,0.8660254037844386,0.5000000000000001,-0.3420201433256687,0.9396926207859084,-0.9374831999955,1.2756700157869654,60.00000_-20.00000,1.2755612,2.5807104,-0.00010883808,-0.00038981438
L0000.ANS,60.0,-10.0,9.000134400036,2002/01/00,0,1.04,TOTAL,2.5803,0.15207,microSv/hr,ICRP Pub. 103 EFFECTIVE DOSE,0.8660254037844386,0.5000000000000001,-0.17364817766693033,0.984807753012208,-0.9374831999955,1.2754465957843601,60.00000_-10.00000,1.2761921,2.5829701,0.0007454157,0.0026698112
L0000.ANS,60.0,0.0,9.000134400036,2002/01/00,0,1.16,TOTAL,2.5788,0.15207,microSv/hr,ICRP Pub. 103 EFFECTIVE DOSE,0.8660254037844386,0.5000000000000001,0.0,1.0,-0.9374831999955,1.2750275486913039,60.00000_0.00000,1.270455,2.562473,-0.0045725107,-0.016326904
L0000.ANS,60.0,10.0,9.000134400036,2002/01/00,0,1.26,TOTAL,2.5768,0.15207,microSv/hr,ICRP Pub. 103 EFFECTIVE DOSE,0.8660254037844386,0.5000000000000001,0.17364817766693033,0.984807753012208,-0.9374831999955,1.274468545937634,60.00000_10.00000,1.2713671,2.565724,-0.003101468,-0.0110759735
L0000.ANS,60.0,20.0,9.000134400036,2002/01/00,0,1.37,TOTAL,2.5737,0.15206,microSv/hr,ICRP Pub. 103 EFFECTIVE DOSE,0.8660254037844386,0.5000000000000001,0.3420201433256687,0.9396926207859084,-0.9374831999955,1.2736014736505998,60.00000_20.00000,1.269664,2.5596566,-0.003937483,-0.01404357
L0000.ANS,60.0,30.0,9.000134400036,2002/01/00,0,1.42,TOTAL,2.5717,0.15205,microSv/hr,ICRP Pub. 103 EFFECTIVE DOSE,0.8660254037844386,0.5000000000000001,0.49999999999999994,0.8660254037844387,-0.9374831999955,1.2730416729250338,60.00000_30.00000,1.2740387,2.5752628,0.0009969473,0.0035626888
L0000.ANS,60.0,40.0,9.000134400036,2002/01/00,0,1.42,TOTAL,2.5715,0.15205,microSv/hr,ICRP Pub. 103 EFFECTIVE DOSE,0.8660254037844386,0.5000000000000001,0.6427876096865393,0.766044443118978,-0.9374831999955,1.27298567561289,60.00000_40.00000,1.275519,2.5805593,0.0025333166,0.009059191
L0000.ANS,60.0,50.0,9.000134400036,2002/01/00,0,1.44,TOTAL,2.5707,0.15204,microSv/hr,ICRP Pub. 103 EFFECTIVE DOSE,0.8660254037844386,0.5000000000000001,0.766044443118978,0.6427876096865394,-0.9374831999955,1.272761655002057,60.00000_50.00000,1.2740599,2.5753386,0.0012981892,0.0046384335
L0000.ANS,60.0,60.0,9.000134400036,2002/01/00,0,1.5,TOTAL,2.5684,0.15203,microSv/hr,ICRP Pub. 103 EFFECTIVE DOSE,0.8660254037844386,0.5000000000000001,0.8660254037844386,0.5000000000000001,-0.9374831999955,1.2721173160574915,60.00000_60.00000,1.272211,2.5687342,9.36985e-05,0.00033426285
L0000.ANS,60.0,70.0,9.000134400036,2002/01/00,0,1.53,TOTAL,2.5664,0.15201,microSv/hr,ICRP Pub. 103 EFFECTIVE DOSE,0.8660254037844386,0.5000000000000001,0.9396926207859083,0.3420201433256688,-0.9374831999955,1.2715566836494674,60.00000_70.00000,1.2719321,2.5677392,0.00037539005,0.0013391972
L0000.ANS,60.0,80.0,9.000134400036,2002/01/00,0,1.54,TOTAL,2.5662,0.15201,microSv/hr,ICRP Pub. 103 EFFECTIVE DOSE,0.8660254037844386,0.5000000000000001,0.984807753012208,0.17364817766693041,-0.9374831999955,1.271500603117809,60.00000_80.00000,1.27247,2.5696588,0.00096940994,0.0034587383
L0000.ANS,60.0,90.0,9.000134400036,2002/01/00,0,1.58,TOTAL,2.5635,0.152,microSv/hr,ICRP Pub. 103 EFFECTIVE DOSE,0.8660254037844386,0.5000000000000001,1.0,6.123233995736766e-17,-0.9374831999955,1.2707432079597882,60.00000_90.00000,1.2695142,2.559123,-0.0012290478,-0.0043771267
L0000.ANS,60.0,100.0,9.000134400036,2002/01/00,0,1.64,TOTAL,2.5599,0.15197,microSv/hr,ICRP Pub. 103 EFFECTIVE DOSE,0.8660254037844386,0.5000000000000001,0.984807753012208,-0.1736481776669303,-0.9374831999955,1.2697324545817703,60.00000_100.00000,1.2681713,2.5543468,-0.0015611649,-0.0055532455
L0000.ANS,60.0,110.0,9.000134400036,2002/01/00,0,1.7,TOTAL,2.5554,0.15192,microSv/hr,ICRP Pub. 103 EFFECTIVE DOSE,0.8660254037844386,0.5000000000000001,0.9396926207859084,-0.3420201433256687,-0.9374831999955,1.268467574506448,60.00000_110.00000,1.2653102,2.5441918,-0.0031573772,-0.011208057
L0000.ANS,60.0,120.0,9.000134400036,2002/01/00,0,1.76,TOTAL,2.5512,0.1519,microSv/hr,ICRP Pub. 103 EFFECTIVE DOSE,0.8660254037844386,0.5000000000000001,0.8660254037844387,-0.4999999999999998,-0.9374831999955,1.2672855745376885,60.00000_120.00000,1.2674514,2.551789,0.00016582012,0.0005891323
L0000.ANS,60.0,130.0,9.000134400036,2002/01/00,0,1.82,TOTAL,2.5463,0.15182,microSv/hr,ICRP Pub. 103 EFFECTIVE DOSE,0.8660254037844386,0.5000000000000001,0.766044443118978,-0.6427876096865394,-0.9374831999955,1.265904806442304,60.00000_130.00000,1.2642956,2.540598,-0.0016092062,-0.0057020187
L0000.ANS,60.0,140.0,9.000134400036,2002/01/00,0,1.95,TOTAL,2.5341,0.1517,microSv/hr,ICRP Pub. 103 EFFECTIVE DOSE,0.8660254037844386,0.5000000000000001,0.6427876096865395,-0.7660444431189779,-0.9374831999955,1.262458670044986,60.00000_140.00000,1.2620277,2.5325775,-0.00043094158,-0.001522541
L0000.ANS,60.0,150.0,9.000134400036,2002/01/00,0,1.99,TOTAL,2.5303,0.15162,microSv/hr,ICRP Pub. 103 EFFECTIVE DOSE,0.8660254037844386,0.5000000000000001,0.49999999999999994,-0.8660254037844387,-0.9374831999955,1.261382853169808,60.00000_150.00000,1.258198,2.5190744,-0.0031847954,-0.011225462
L0000.ANS,60.0,160.0,9.000134400036,2002/01/00,0,1.92,TOTAL,2.5371,0.15171,microSv/hr,ICRP Pub. 103 EFFECTIVE DOSE,0.8660254037844386,0.5000000000000001,0.3420201433256689,-0.9396926207859083,-0.9374831999955,1.2633071823710391,60.00000_160.00000,1.2619971,2.5324693,-0.0013101101,-0.004630804
L0000.ANS,60.0,170.0,9.000134400036,2002/01/00,0,1.8,TOTAL,2.5483,0.15186,microSv/hr,ICRP Pub. 103 EFFECTIVE DOSE,0.8660254037844386,0.5000000000000001,0.17364817766693028,-0.984807753012208,-0.9374831999955,1.26646861555148,60.00000_170.00000,1.2582903,2.5193992,-0.008178353,-0.028900862
L0000.ANS,65.0,-179.99999,9.000134400036,2002/01/00,0,0.88,TOTAL,2.5811,0.15207,microSv/hr,ICRP Pub. 103 EFFECTIVE DOSE,0.9063077870366499,0.42261826174069944,-1.745329251238221e-07,-0.9999999999999848,-0.9374831999955,1.2756700157869654,65.00000_-179.99999,1.2740278,2.575224,-0.0016422272,-0.0058763027
L0000.ANS,65.0,-170.0,9.000134400036,2002/01/00,0,0.74,TOTAL,2.5813,0.15207,microSv/hr,ICRP Pub. 103 EFFECTIVE DOSE,0.9063077870366499,0.42261826174069944,-0.17364817766693028,-0.984807753012208,-0.9374831999955,1.2757258629890351,65.00000_-170.00000,1.2798438,2.596078,0.0041179657,0.014777899
L0000.ANS,65.0,-160.0,9.000134400036,2002/01/00,0,0.63,TOTAL,2.5814,0.15207,microSv/hr,ICRP Pub. 103 EFFECTIVE DOSE,0.9063077870366499,0.42261826174069944,-0.3420201433256689,-0.9396926207859083,-0.9374831999955,1.275753785420522,65.00000_-160.00000,1.2768308,2.5852592,0.0010770559,0.0038592815
L0000.ANS,65.0,-150.0,9.000134400036,2002/01/00,0,0.49,TOTAL,2.5814,0.15207,microSv/hr,ICRP Pub. 103 EFFECTIVE DOSE,0.9063077870366499,0.42261826174069944,-0.49999999999999994,-0.8660254037844387,-0.9374831999955,1.275753785420522,65.00000_-150.00000,1.2750772,2.5789778,-0.0006765127,-0.0024220943
L0000.ANS,65.0,-140.0,9.000134400036,2002/01/00,0,0.36,TOTAL,2.5814,0.15207,microSv/hr,ICRP Pub. 103 EFFECTIVE DOSE,0.9063077870366499,0.42261826174069944,-0.6427876096865395,-0.7660444431189779,-0.9374831999955,1.275753785420522,65.00000_-140.00000,1.2794789,2.5947661,0.003725171,0.013366222
L0000.ANS,65.0,-130.0,9.000134400036,2002/01/00,0,0.24,TOTAL,2.5814,0.15207,microSv/hr,ICRP Pub. 103 EFFECTIVE DOSE,0.9063077870366499,0.42261826174069944,-0.766044443118978,-0.6427876096865394,-0.9374831999955,1.275753785420522,65.00000_-130.00000,1.2791983,2.5937574,0.0034445524,0.012357473
L0000.ANS,65.0,-120.0,9.000134400036,2002/01/00,0,0.16,TOTAL,2.5814,0.15207,microSv/hr,ICRP Pub. 103 EFFECTIVE DOSE,0.9063077870366499,0.42261826174069944,-0.8660254037844387,-0.4999999999999998,-0.9374831999955,1.275753785420522,65.00000_-120.00000,1.2793024,2.5941315,0.0035486221,0.012731552
L0000.ANS,65.0,-110.0,9.000134400036,2002/01/00,0,0.08,TOTAL,2.5814,0.15207,microSv/hr,ICRP Pub. 103 EFFECTIVE DOSE,0.9063077870366499,0.42261826174069944,-0.9396926207859084,-0.3420201433256687,-0.9374831999955,1.275753785420522,65.00000_-110.00000,1.2755,2.5804915,-0.00025367737,-0.0009083748
L0000.ANS,65.0,-100.0,9.000134400036,2002/01/00,0,0.04,TOTAL,2.5814,0.15207,microSv/hr,ICRP Pub. 103 EFFECTIVE DOSE,0.9063077870366499,0.42261826174069944,-0.984807753012208,-0.1736481776669303,-0.9374831999955,1.275753785420522,65.00000_-100.00000,1.278318,2.5905955,0.002564311,0.009195566
L0000.ANS,65.0,-90.0,9.000134400036,2002/01/00,0,0.04,TOTAL,2.5814,0.15207,microSv/hr,ICRP Pub. 103 EFFECTIVE DOSE,0.9063077870366499,0.42261826174069944,-1.0,6.123233995736766e-17,-0.9374831999955,1.275753785420522,65.00000_-90.00000,1.2812927,2.6012921,0.0055389404,0.019892216
L0000.ANS,65.0,-80.0,9.000134400036,2002/01/00,0,0.03,TOTAL,2.5814,0.15207,microSv/hr,ICRP Pub. 103 EFFECTIVE DOSE,0.9063077870366499,0.42261826174069944,-0.984807753012208,0.17364817766693041,-0.9374831999955,1.275753785420522,65.00000_-80.00000,1.2802615,2.5975804,0.00450778,0.016180515
L0000.ANS,65.0,-70.0,9.000134400036,2002/01/00,0,0.06,TOTAL,2.5814,0.15207,microSv/hr,ICRP Pub. 103 EFFECTIVE DOSE,0.9063077870366499,0.42261826174069944,-0.9396926207859083,0.3420201433256688,-0.9374831999955,1.275753785420522,65.00000_-70.00000,1.2794566,2.594686,0.003702879,0.013286114
L0000.ANS,65.0,-60.0,9.000134400036,2002/01/00,0,0.1,TOTAL,2.5814,0.15207,microSv/hr,ICRP Pub. 103 EFFECTIVE DOSE,0.9063077870366499,0.42261826174069944,-0.8660254037844386,0.5000000000000001,-0.9374831999955,1.275753785420522,65.00000_-60.00000,1.2784114,2.5909307,0.002657652,0.009530783
L0000.ANS,65.0,-50.0,9.000134400036,2002/01/00,0,0.14,TOTAL,2.5814,0.15207,microSv/hr,ICRP Pub. 103 EFFECTIVE DOSE,0.9063077870366499,0.42261826174069944,-0.766044443118978,0.6427876096865394,-0.9374831999955,1.275753785420522,65.00000_-50.00000,1.2749283,2.578445,-0.0008254051,-0.0029549599
L0000.ANS,65.0,-40.0,9.000134400036,2002/01/00,0,0.23,TOTAL,2.5814,0.15207,microSv/hr,ICRP Pub. 103 EFFECTIVE DOSE,0.9063077870366499,0.42261826174069944,-0.6427876096865393,0.766044443118978,-0.9374831999955,1.275753785420522,65.00000_-40.00000,1.2766593,2.5846443,0.00090551376,0.0032444
L0000.ANS,65.0,-30.0,9.000134400036,2002/01/00,0,0.32,TOTAL,2.5814,0.15207,microSv/hr,ICRP Pub. 103 EFFECTIVE DOSE,0.9063077870366499,0.42261826174069944,-0.49999999999999994,0.8660254037844387,-0.9374831999955,1.275753785420522,65.00000_-30.00000,1.2788599,2.5925415,0.0031061172,0.011141539
L0000.ANS,65.0,-20.0,9.000134400036,2002/01/00,0,0.41,TOTAL,2.5814,0.15207,microSv/hr,ICRP Pub. 103 EFFECTIVE DOSE,0.9063077870366499,0.42261826174069944,-0.3420201433256687,0.9396926207859084,-0.9374831999955,1.275753785420522,65.00000_-20.00000,1.2763222,2.5834365,0.0005685091,0.0020365715
L0000.ANS,65.0,-10.0,9.000134400036,2002/01/00,0,0.5,TOTAL,2.5814,0.15207,microSv/hr,ICRP Pub. 103 EFFECTIVE DOSE,0.9063077870366499,0.42261826174069944,-0.17364817766693033,0.984807753012208,-0.9374831999955,1.275753785420522,65.00000_-10.00000,1.2793815,2.594416,0.003627777,0.0130159855
L0000.ANS,65.0,0.0,9.000134400036,2002/01/00,0,0.6,TOTAL,2.5814,0.15207,microSv/hr,ICRP Pub. 103 EFFECTIVE DOSE,0.9063077870366499,0.42261826174069944,0.0,1.0,-0.9374831999955,1.275753785420522,65.00000_0.00000,1.2755258,2.5805836,-0.00022792816,-0.0008163452
L0000.ANS,65.0,10.0,9.000134400036,2002/01/00,0,0.67,TOTAL,2.5813,0.15207,microSv/hr,ICRP Pub. 103 EFFECTIVE DOSE,0.9063077870366499,0.42261826174069944,0.17364817766693033,0.984807753012208,-0.9374831999955,1.2757258629890351,65.00000_10.00000,1.2738099,2.574445,-0.0019159317,-0.006855011
L0000.ANS,65.0,20.0,9.000134400036,2002/01/00,0,0.7,TOTAL,2.5813,0.15207,microSv/hr,ICRP Pub. 103 EFFECTIVE DOSE,0.9063077870366499,0.42261826174069944,0.3420201433256687,0.9396926207859084,-0.9374831999955,1.2757258629890351,65.00000_20.00000,1.2708559,2.5639017,-0.004869938,-0.017398357
L0000.ANS,65.0,30.0,9.000134400036,2002/01/00,0,0.74,TOTAL,2.5813,0.15207,microSv/hr,ICRP Pub. 103 EFFECTIVE DOSE,0.9063077870366499,0.42261826174069944,0.49999999999999994,0.8660254037844387,-0.9374831999955,1.2757258629890351,65.00000_30.00000,1.2761732,2.5829024,0.00044739246,0.0016024113
L0000.ANS,65.0,40.0,9.000134400036,2002/01/00,0,0.78,TOTAL,2.5813,0.15207,microSv/hr,ICRP Pub. 103 EFFECTIVE DOSE,0.9063077870366499,0.42261826174069944,0.6427876096865393,0.766044443118978,-0.9374831999955,1.2757258629890351,65.00000_40.00000,1.2776536,2.5882103,0.0019277334,0.006910324
L0000.ANS,65.0,50.0,9.000134400036,2002/01/00,0,0.82,TOTAL,2.5812,0.15207,microSv/hr,ICRP Pub. 103 EFFECTIVE DOSE,0.9063077870366499,0.42261826174069944,0.766044443118978,0.6427876096865394,-0.9374831999955,1.2756979397778638,65.00000_50.00000,1.2762027,2.583008,0.00050473213,0.0018079281
L0000.ANS,65.0,60.0,9.000134400036,2002/01/00,0,0.81,TOTAL,2.5812,0.15207,microSv/hr,ICRP Pub. 103 EFFECTIVE DOSE,0.9063077870366499,0.42261826174069944,0.8660254037844386,0.5000000000000001,-0.9374831999955,1.2756979397778638,65.00000_60.00000,1.2769406,2.5856528,0.0012426376,0.0044527054
L0000.ANS,65.0,70.0,9.000134400036,2002/01/00,0,0.86,TOTAL,2.5811,0.15207,microSv/hr,ICRP Pub. 103 EFFECTIVE DOSE,0.9063077870366499,0.42261826174069944,0.9396926207859083,0.3420201433256688,-0.9374831999955,1.2756700157869654,65.00000_70.00000,1.2767646,2.585022,0.0010945797,0.003921747
L0000.ANS,65.0,80.0,9.000134400036,2002/01/00,0,0.87,TOTAL,2.5811,0.15207,microSv/hr,ICRP Pub. 103 EFFECTIVE DOSE,0.9063077870366499,0.42261826174069944,0.984807753012208,0.17364817766693041,-0.9374831999955,1.2756700157869654,65.00000_80.00000,1.2773026,2.5869513,0.0016325712,0.0058510303
L0000.ANS,65.0,90.0,9.000134400036,2002/01/00,0,0.9,TOTAL,2.5811,0.15207,microSv/hr,ICRP Pub. 103 EFFECTIVE DOSE,0.9063077870366499,0.42261826174069944,1.0,6.123233995736766e-17,-0.9374831999955,1.2756700157869654,65.00000_90.00000,1.2761767,2.5829148,0.0005066395,0.0018146038
L0000.ANS,65.0,100.0,9.000134400036,2002/01/00,0,0.92,TOTAL,2.581,0.15207,microSv/hr,ICRP Pub. 103 EFFECTIVE DOSE,0.9063077870366499,0.42261826174069944,0.984807753012208,-0.1736481776669303,-0.9374831999955,1.2756420910162956,65.00000_100.00000,1.2761638,2.5828688,0.00052177906,0.0018689632
L0000.ANS,65.0,110.0,9.000134400036,2002/01/00,0,0.96,TOTAL,2.5808,0.15207,microSv/hr,ICRP Pub. 103 EFFECTIVE DOSE,0.9063077870366499,0.42261826174069944,0.9396926207859084,-0.3420201433256687,-0.9374831999955,1.275586239135469,65.00000_110.00000,1.273462,2.573202,-0.0021241903,-0.0075981617
L0000.ANS,65.0,120.0,9.000134400036,2002/01/00,0,0.98,TOTAL,2.5807,0.15207,microSv/hr,ICRP Pub. 103 EFFECTIVE DOSE,0.9063077870366499,0.42261826174069944,0.8660254037844387,-0.4999999999999998,-0.9374831999955,1.275558312025225,65.00000_120.00000,1.2730017,2.571557,-0.0025566816,-0.009143114
L0000.ANS,65.0,130.0,9.000134400036,2002/01/00,0,1.04,TOTAL,2.5803,0.15207,microSv/hr,ICRP Pub. 103 EFFECTIVE DOSE,0.9063077870366499,0.42261826174069944,0.766044443118978,-0.6427876096865394,-0.9374831999955,1.2754465957843601,65.00000_130.00000,1.2736795,2.573979,-0.0017671585,-0.00632143
L0000.ANS,65.0,140.0,9.000134400036,2002/01/00,0,1.05,TOTAL,2.5802,0.15207,microSv/hr,ICRP Pub. 103 EFFECTIVE DOSE,0.9063077870366499,0.42261826174069944,0.6427876096865395,-0.7660444431189779,-0.9374831999955,1.2754186647739543,65.00000_140.00000,1.2736553,2.5738924,-0.0017633438,-0.006307602
L0000.ANS,65.0,150.0,9.000134400036,2002/01/00,0,1.08,TOTAL,2.5799,0.15207,microSv/hr,ICRP Pub. 103 EFFECTIVE DOSE,0.9063077870366499,0.42261826174069944,0.49999999999999994,-0.8660254037844387,-0.9374831999955,1.2753348670615827,65.00000_150.00000,1.2731804,2.5721955,-0.0021544695,-0.007704258
L0000.ANS,65.0,160.0,9.000134400036,2002/01/00,0,1.06,TOTAL,2.5801,0.15207,microSv/hr,ICRP Pub. 103 EFFECTIVE DOSE,0.9063077870366499,0.42261826174069944,0.3420201433256689,-0.9396926207859083,-0.9374831999955,1.275390732983385,65.00000_160.00000,1.2772458,2.5867474,0.0018550158,0.0066473484
L0000.ANS,65.0,170.0,9.000134400036,2002/01/00,0,0.98,TOTAL,2.5807,0.15207,microSv/hr,ICRP Pub. 103 EFFECTIVE DOSE,0.9063077870366499,0.42261826174069944,0.17364817766693028,-0.984807753012208,-0.9374831999955,1.275558312025225,65.00000_170.00000,1.2744823,2.576849,-0.0010761023,-0.0038511753
L0000.ANS,70.0,-179.99999,9.000134400036,2002/01/00,0,0.4,TOTAL,2.5814,0.15207,microSv/hr,ICRP Pub. 103 EFFECTIVE DOSE,0.9396926207859083,0.3420201433256688,-1.745329251238221e-07,-0.9999999999999848,-0.9374831999955,1.275753785420522,70.00000_-179.99999,1.276822,2.5852277,0.0010682344,0.0038278103
L0000.ANS,70.0,-170.0,9.000134400036,2002/01/00,0,0.34,TOTAL,2.5814,0.15207,microSv/hr,ICRP Pub. 103 EFFECTIVE DOSE,0.9396926207859083,0.3420201433256688,-0.17364817766693028,-0.984807753012208,-0.9374831999955,1.275753785420522,70.00000_-170.00000,1.2820998,2.6042001,0.0063461065,0.022800207
L0000.ANS,70.0,-160.0,9.000134400036,2002/01/00,0,0.26,TOTAL,2.5814,0.15207,microSv/hr,ICRP Pub. 103 EFFECTIVE DOSE,0.9396926207859083,0.3420201433256688,-0.3420201433256689,-0.9396926207859083,-0.9374831999955,1.275753785420522,70.00000_-160.00000,1.2818196,2.60319,0.0060658455,0.021790028
L0000.ANS,70.0,-150.0,9.000134400036,2002/01/00,0,0.2,TOTAL,2.5814,0.15207,microSv/hr,ICRP Pub. 103 EFFECTIVE DOSE,0.9396926207859083,0.3420201433256688,-0.49999999999999994,-0.8660254037844387,-0.9374831999955,1.275753785420522,70.00000_-150.00000,1.2785816,2.591542,0.0028278828,0.010142088
L0000.ANS,70.0,-140.0,9.000134400036,2002/01/00,0,0.11,TOTAL,2.5814,0.15207,microSv/hr,ICRP Pub. 103 EFFECTIVE DOSE,0.9396926207859083,0.3420201433256688,-0.6427876096865395,-0.7660444431189779,-0.9374831999955,1.275753785420522,70.00000_-140.00000,1.2783835,2.5908303,0.002629757,0.0094304085
L0000.ANS,70.0,-130.0,9.000134400036,2002/01/00,0,0.06,TOTAL,2.5814,0.15207,microSv/hr,ICRP Pub. 103 EFFECTIVE DOSE,0.9396926207859083,0.3420201433256688,-0.766044443118978,-0.6427876096865394,-0.9374831999955,1.275753785420522,70.00000_-130.00000,1.277976,2.5893676,0.0022222996,0.0079677105
L0000.ANS,70.0,-120.0,9.000134400036,2002/01/00,0,0.03,TOTAL,2.5814,0.15207,microSv/hr,ICRP Pub. 103 EFFECTIVE DOSE,0.9396926207859083,0.3420201433256688,-0.8660254037844387,-0.4999999999999998,-0.9374831999955,1.275753785420522,70.00000_-120.00000,1.2780857,2.5897613,0.0023319721,0.00836134
L0000.ANS,70.0,-110.0,9.000134400036,2002/01/00,0,0.02,TOTAL,2.5814,0.15207,microSv/hr,ICRP Pub. 103 EFFECTIVE DOSE,0.9396926207859083,0.3420201433256688,-0.9396926207859084,-0.3420201433256687,-0.9374831999955,1.275753785420522,70.00000_-110.00000,1.2744191,2.576623,-0.0013346672,-0.0047769547
L0000.ANS,70.0,-100.0,9.000134400036,2002/01/00,0,0.0,TOTAL,2.5814,0.15207,microSv/hr,ICRP Pub. 103 EFFECTIVE DOSE,0.9396926207859083,0.3420201433256688,-0.984807753012208,-0.1736481776669303,-0.9374831999955,1.275753785420522,70.00000_-100.00000,1.2757215,2.5812845,-3.2186508e-05,-0.00011539459
L0000.ANS,70.0,-90.0,9.000134400036,2002/01/00,0,0.0,TOTAL,2.5814,0.15207,microSv/hr,ICRP Pub. 103 EFFECTIVE DOSE,0.9396926207859083,0.3420201433256688,-1.0,6.123233995736766e-17,-0.9374831999955,1.275753785420522,70.00000_-90.00000,1.2786961,2.591953,0.0029423237,0.010553122
L0000.ANS,70.0,-80.0,9.000134400036,2002/01/00,0,0.0,TOTAL,2.5814,0.15207,microSv/hr,ICRP Pub. 103 EFFECTIVE DOSE,0.9396926207859083,0.3420201433256688,-0.984807753012208,0.17364817766693041,-0.9374831999955,1.275753785420522,70.00000_-80.00000,1.2777648,2.5886095,0.0020110607,0.0072095394
L0000.ANS,70.0,-70.0,9.000134400036,2002/01/00,0,0.0,TOTAL,2.5814,0.15207,microSv/hr,ICRP Pub. 103 EFFECTIVE DOSE,0.9396926207859083,0.3420201433256688,-0.9396926207859083,0.3420201433256688,-0.9374831999955,1.275753785420522,70.00000_-70.00000,1.274936,2.5784721,-0.0008177757,-0.0029277802
L0000.ANS,70.0,-60.0,9.000134400036,2002/01/00,0,0.0,TOTAL,2.5814,0.15207,microSv/hr,ICRP Pub. 103 EFFECTIVE DOSE,0.9396926207859083,0.3420201433256688,-0.8660254037844386,0.5000000000000001,-0.9374831999955,1.275753785420522,70.00000_-60.00000,1.2726669,2.5703619,-0.0030868053,-0.011038065
L0000.ANS,70.0,-50.0,9.000134400036,2002/01/00,0,0.02,TOTAL,2.5814,0.15207,microSv/hr,ICRP Pub. 103 EFFECTIVE DOSE,0.9396926207859083,0.3420201433256688,-0.766044443118978,0.6427876096865394,-0.9374831999955,1.275753785420522,70.00000_-50.00000,1.27146,2.5660553,-0.00429368,-0.01534462
L0000.ANS,70.0,-40.0,9.000134400036,2002/01/00,0,0.07,TOTAL,2.5814,0.15207,microSv/hr,ICRP Pub. 103 EFFECTIVE DOSE,0.9396926207859083,0.3420201433256688,-0.6427876096865393,0.766044443118978,-0.9374831999955,1.275753785420522,70.00000_-40.00000,1.2730863,2.5718594,-0.002667427,-0.009540558
L0000.ANS,70.0,-30.0,9.000134400036,2002/01/00,0,0.11,TOTAL,2.5814,0.15207,microSv/hr,ICRP Pub. 103 EFFECTIVE DOSE,0.9396926207859083,0.3420201433256688,-0.49999999999999994,0.8660254037844387,-0.9374831999955,1.275753785420522,70.00000_-30.00000,1.2740818,2.575417,-0.0016719103,-0.005982876
L0000.ANS,70.0,-20.0,9.000134400036,2002/01/00,0,0.15,TOTAL,2.5814,0.15207,microSv/hr,ICRP Pub. 103 EFFECTIVE DOSE,0.9396926207859083,0.3420201433256688,-0.3420201433256687,0.9396926207859084,-0.9374831999955,1.275753785420522,70.00000_-20.00000,1.2738986,2.574762,-0.001855135,-0.0066378117
L0000.ANS,70.0,-10.0,9.000134400036,2002/01/00,0,0.21,TOTAL,2.5814,0.15207,microSv/hr,ICRP Pub. 103 EFFECTIVE DOSE,0.9396926207859083,0.3420201433256688,-0.17364817766693033,0.984807753012208,-0.9374831999955,1.275753785420522,70.00000_-10.00000,1.2778418,2.5888858,0.00208807,0.0074858665
L0000.ANS,70.0,0.0,9.000134400036,2002/01/00,0,0.24,TOTAL,2.5814,0.15207,microSv/hr,ICRP Pub. 103 EFFECTIVE DOSE,0.9396926207859083,0.3420201433256688,0.0,1.0,-0.9374831999955,1.275753785420522,70.00000_0.00000,1.2793746,2.594391,0.003620863,0.01299119
L0000.ANS,70.0,10.0,9.000134400036,2002/01/00,0,0.3,TOTAL,2.5814,0.15207,microSv/hr,ICRP Pub. 103 EFFECTIVE DOSE,0.9396926207859083,0.3420201433256688,0.17364817766693033,0.984807753012208,-0.9374831999955,1.275753785420522,70.00000_10.00000,1.2775512,2.587843,0.0017974377,0.0064430237
L0000.ANS,70.0,20.0,9.000134400036,2002/01/00,0,0.34,TOTAL,2.5814,0.15207,microSv/hr,ICRP Pub. 103 EFFECTIVE DOSE,0.9396926207859083,0.3420201433256688,0.3420201433256687,0.9396926207859084,-0.9374831999955,1.275753785420522,70.00000_20.00000,1.2765703,2.5843256,0.00081658363,0.0029256344
L0000.ANS,70.0,30.0,9.000134400036,2002/01/00,0,0.35,TOTAL,2.5814,0.15207,microSv/hr,ICRP Pub. 103 EFFECTIVE DOSE,0.9396926207859083,0.3420201433256688,0.49999999999999994,0.8660254037844387,-0.9374831999955,1.275753785420522,70.00000_30.00000,1.2772722,2.5868423,0.0015184879,0.005442381
L0000.ANS,70.0,40.0,9.000134400036,2002/01/00,0,0.38,TOTAL,2.5814,0.15207,microSv/hr,ICRP Pub. 103 EFFECTIVE DOSE,0.9396926207859083,0.3420201433256688,0.6427876096865393,0.766044443118978,-0.9374831999955,1.275753785420522,70.00000_40.00000,1.2742217,2.575917,-0.0015320778,-0.005482912
L0000.ANS,70.0,50.0,9.000134400036,2002/01/00,0,0.41,TOTAL,2.5814,0.15207,microSv/hr,ICRP Pub. 103 EFFECTIVE DOSE,0.9396926207859083,0.3420201433256688,0.766044443118978,0.6427876096865394,-0.9374831999955,1.275753785420522,70.00000_50.00000,1.2736796,2.5739794,-0.0020741224,-0.00742054
L0000.ANS,70.0,60.0,9.000134400036,2002/01/00,0,0.41,TOTAL,2.5814,0.15207,microSv/hr,ICRP Pub. 103 EFFECTIVE DOSE,0.9396926207859083,0.3420201433256688,0.8660254037844386,0.5000000000000001,-0.9374831999955,1.275753785420522,70.00000_60.00000,1.2746893,2.5775898,-0.0010644197,-0.0038101673
L0000.ANS,70.0,70.0,9.000134400036,2002/01/00,0,0.42,TOTAL,2.5814,0.15207,microSv/hr,ICRP Pub. 103 EFFECTIVE DOSE,0.9396926207859083,0.3420201433256688,0.9396926207859083,0.3420201433256688,-0.9374831999955,1.275753785420522,70.00000_70.00000,1.274554,2.5771058,-0.0011997223,-0.004294157
L0000.ANS,70.0,80.0,9.000134400036,2002/01/00,0,0.43,TOTAL,2.5814,0.15207,microSv/hr,ICRP Pub. 103 EFFECTIVE DOSE,0.9396926207859083,0.3420201433256688,0.984807753012208,0.17364817766693041,-0.9374831999955,1.275753785420522,70.00000_80.00000,1.2750921,2.579031,-0.00066161156,-0.002368927
L0000.ANS,70.0,90.0,9.000134400036,2002/01/00,0,0.44,TOTAL,2.5814,0.15207,microSv/hr,ICRP Pub. 103 EFFECTIVE DOSE,0.9396926207859083,0.3420201433256688,1.0,6.123233995736766e-17,-0.9374831999955,1.275753785420522,70.00000_90.00000,1.2752239,2.5795026,-0.0005298853,-0.001897335
L0000.ANS,70.0,100.0,9.000134400036,2002/01/00,0,0.49,TOTAL,2.5814,0.15207,microSv/hr,ICRP Pub. 103 EFFECTIVE DOSE,0.9396926207859083,0.3420201433256688,0.984807753012208,-0.1736481776669303,-0.9374831999955,1.275753785420522,70.00000_100.00000,1.2733364,2.572753,-0.002417326,-0.008646965
L0000.ANS,70.0,110.0,9.000134400036,2002/01/00,0,0.48,TOTAL,2.5814,0.15207,microSv/hr,ICRP Pub. 103 EFFECTIVE DOSE,0.9396926207859083,0.3420201433256688,0.9396926207859084,-0.3420201433256687,-0.9374831999955,1.275753785420522,70.00000_110.00000,1.274488,2.5768695,-0.0012657642,-0.00453043
L0000.ANS,70.0,120.0,9.000134400036,2002/01/00,0,0.5,TOTAL,2.5814,0.15207,microSv/hr,ICRP Pub. 103 EFFECTIVE DOSE,0.9396926207859083,0.3420201433256688,0.8660254037844387,-0.4999999999999998,-0.9374831999955,1.275753785420522,70.00000_120.00000,1.2756193,2.5809183,-0.00013446808,-0.00048160553
L0000.ANS,70.0,130.0,9.000134400036,2002/01/00,0,0.53,TOTAL,2.5814,0.15207,microSv/hr,ICRP Pub. 103 EFFECTIVE DOSE,0.9396926207859083,0.3420201433256688,0.766044443118978,-0.6427876096865394,-0.9374831999955,1.275753785420522,70.00000_130.00000,1.2808943,2.5998576,0.005140543,0.018457651
L0000.ANS,70.0,140.0,9.000134400036,2002/01/00,0,0.52,TOTAL,2.5814,0.15207,microSv/hr,ICRP Pub. 103 EFFECTIVE DOSE,0.9396926207859083,0.3420201433256688,0.6427876096865395,-0.7660444431189779,-0.9374831999955,1.275753785420522,70.00000_140.00000,1.2752033,2.5794291,-0.0005503893,-0.001970768
L0000.ANS,70.0,150.0,9.000134400036,2002/01/00,0,0.52,TOTAL,2.5814,0.15207,microSv/hr,ICRP Pub. 103 EFFECTIVE DOSE,0.9396926207859083,0.3420201433256688,0.49999999999999994,-0.8660254037844387,-0.9374831999955,1.275753785420522,70.00000_150.00000,1.2776229,2.5881004,0.0018692017,0.0067005157
L0000.ANS,70.0,160.0,9.000134400036,2002/01/00,0,0.51,TOTAL,2.5814,0.15207,microSv/hr,ICRP Pub. 103 EFFECTIVE DOSE,0.9396926207859083,0.3420201433256688,0.3420201433256689,-0.9396926207859083,-0.9374831999955,1.275753785420522,70.00000_160.00000,1.2812812,2.601251,0.0055274963,0.01985097
L0000.ANS,70.0,170.0,9.000134400036,2002/01/00,0,0.47,TOTAL,2.5814,0.15207,microSv/hr,ICRP Pub. 103 EFFECTIVE DOSE,0.9396926207859083,0.3420201433256688,0.17364817766693028,-0.984807753012208,-0.9374831999955,1.275753785420522,70.00000_170.00000,1.2789818,2.5929794,0.0032280684,0.011579514
L0000.ANS,75.0,-179.99999,9.000134400036,2002/01/00,0,0.12,TOTAL,2.5814,0.15207,microSv/hr,ICRP Pub. 103 EFFECTIVE DOSE,0.9659258262890683,0.25881904510252074,-1.745329251238221e-07,-0.9999999999999848,-0.9374831999955,1.275753785420522,75.00000_-179.99999,1.2774208,2.5873752,0.0016670227,0.0059752464
L0000.ANS,75.0,-170.0,9.000134400036,2002/01/00,0,0.09,TOTAL,2.5814,0.15207,microSv/hr,ICRP Pub. 103 EFFECTIVE DOSE,0.9659258262890683,0.25881904510252074,-0.17364817766693028,-0.984807753012208,-0.9374831999955,1.275753785420522,75.00000_-170.00000,1.2816756,2.6026711,0.0059218407,0.021271229
L0000.ANS,75.0,-160.0,9.000134400036,2002/01/00,0,0.06,TOTAL,2.5814,0.15207,microSv/hr,ICRP Pub. 103 EFFECTIVE DOSE,0.9659258262890683,0.25881904510252074,-0.3420201433256689,-0.9396926207859083,-0.9374831999955,1.275753785420522,75.00000_-160.00000,1.2824428,2.6054363,0.0066890717,0.024036407
L0000.ANS,75.0,-150.0,9.000134400036,2002/01/00,0,0.03,TOTAL,2.5814,0.15207,microSv/hr,ICRP Pub. 103 EFFECTIVE DOSE,0.9659258262890683,0.25881904510252074,-0.49999999999999994,-0.8660254037844387,-0.9374831999955,1.275753785420522,75.00000_-150.00000,1.2813234,2.6014028,0.0055696964,0.020002842
L0000.ANS,75.0,-140.0,9.000134400036,2002/01/00,0,0.02,TOTAL,2.5814,0.15207,microSv/hr,ICRP Pub. 103 EFFECTIVE DOSE,0.9659258262890683,0.25881904510252074,-0.6427876096865395,-0.7660444431189779,-0.9374831999955,1.275753785420522,75.00000_-140.00000,1.2791488,2.5935795,0.0033950806,0.012179613
L0000.ANS,75.0,-130.0,9.000134400036,2002/01/00,0,0.0,TOTAL,2.5814,0.15207,microSv/hr,ICRP Pub. 103 EFFECTIVE DOSE,0.9659258262890683,0.25881904510252074,-0.766044443118978,-0.6427876096865394,-0.9374831999955,1.275753785420522,75.00000_-130.00000,1.2801104,2.5970366,0.0043566227,0.015636683
L0000.ANS,75.0,-120.0,9.000134400036,2002/01/00,0,0.0,TOTAL,2.5814,0.15207,microSv/hr,ICRP Pub. 103 EFFECTIVE DOSE,0.9659258262890683,0.25881904510252074,-0.8660254037844387,-0.4999999999999998,-0.9374831999955,1.275753785420522,75.00000_-120.00000,1.2812012,2.6009626,0.005447507,0.019562721
L0000.ANS,75.0,-110.0,9.000134400036,2002/01/00,0,0.0,TOTAL,2.5814,0.15207,microSv/hr,ICRP Pub. 103 EFFECTIVE DOSE,0.9659258262890683,0.25881904510252074,-0.9396926207859084,-0.3420201433256687,-0.9374831999955,1.275753785420522,75.00000_-110.00000,1.27309,2.5718727,-0.0026637316,-0.009527206
L0000.ANS,75.0,-100.0,9.000134400036,2002/01/00,0,0.0,TOTAL,2.5814,0.15207,microSv/hr,ICRP Pub. 103 EFFECTIVE DOSE,0.9659258262890683,0.25881904510252074,-0.984807753012208,-0.1736481776669303,-0.9374831999955,1.275753785420522,75.00000_-100.00000,1.2721429,2.5684912,-0.0036108494,-0.012908697
L0000.ANS,75.0,-90.0,9.000134400036,2002/01/00,0,0.0,TOTAL,2.5814,0.15207,microSv/hr,ICRP Pub. 103 EFFECTIVE DOSE,0.9659258262890683,0.25881904510252074,-1.0,6.123233995736766e-17,-0.9374831999955,1.275753785420522,75.00000_-90.00000,1.2756156,2.580905,-0.00013816357,-0.00049495697
L0000.ANS,75.0,-80.0,9.000134400036,2002/01/00,0,0.0,TOTAL,2.5814,0.15207,microSv/hr,ICRP Pub. 103 EFFECTIVE DOSE,0.9659258262890683,0.25881904510252074,-0.984807753012208,0.17364817766693041,-0.9374831999955,1.275753785420522,75.00000_-80.00000,1.2768781,2.585429,0.001124382,0.0040290356
L0000.ANS,75.0,-70.0,9.000134400036,2002/01/00,0,0.0,TOTAL,2.5814,0.15207,microSv/hr,ICRP Pub. 103 EFFECTIVE DOSE,0.9659258262890683,0.25881904510252074,-0.9396926207859083,0.3420201433256688,-0.9374831999955,1.275753785420522,75.00000_-70.00000,1.2762874,2.5833118,0.0005337,0.0019118786
L0000.ANS,75.0,-60.0,9.000134400036,2002/01/00,0,0.0,TOTAL,2.5814,0.15207,microSv/hr,ICRP Pub. 103 EFFECTIVE DOSE,0.9659258262890683,0.25881904510252074,-0.8660254037844386,0.5000000000000001,-0.9374831999955,1.275753785420522,75.00000_-60.00000,1.2745681,2.577156,-0.0011856556,-0.0042438507
L0000.ANS,75.0,-50.0,9.000134400036,2002/01/00,0,0.0,TOTAL,2.5814,0.15207,microSv/hr,ICRP Pub. 103 EFFECTIVE DOSE,0.9659258262890683,0.25881904510252074,-0.766044443118978,0.6427876096865394,-0.9374831999955,1.275753785420522,75.00000_-50.00000,1.2760155,2.5823374,0.0002617836,0.00093746185
L0000.ANS,75.0,-40.0,9.000134400036,2002/01/00,0,0.0,TOTAL,2.5814,0.15207,microSv/hr,ICRP Pub. 103 EFFECTIVE DOSE,0.9659258262890683,0.25881904510252074,-0.6427876096865393,0.766044443118978,-0.9374831999955,1.275753785420522,75.00000_-40.00000,1.2767045,2.5848067,0.0009508133,0.003406763
L0000.ANS,75.0,-30.0,9.000134400036,2002/01/00,0,0.0,TOTAL,2.5814,0.15207,microSv/hr,ICRP Pub. 103 EFFECTIVE DOSE,0.9659258262890683,0.25881904510252074,-0.49999999999999994,0.8660254037844387,-0.9374831999955,1.275753785420522,75.00000_-30.00000,1.2743585,2.5764065,-0.0013952255,-0.0049934387
L0000.ANS,75.0,-20.0,9.000134400036,2002/01/00,0,0.02,TOTAL,2.5814,0.15207,microSv/hr,ICRP Pub. 103 EFFECTIVE DOSE,0.9659258262890683,0.25881904510252074,-0.3420201433256687,0.9396926207859084,-0.9374831999955,1.275753785420522,75.00000_-20.00000,1.273841,2.574556,-0.001912713,-0.0068438053
L0000.ANS,75.0,-10.0,9.000134400036,2002/01/00,0,0.02,TOTAL,2.5814,0.15207,microSv/hr,ICRP Pub. 103 EFFECTIVE DOSE,0.9659258262890683,0.25881904510252074,-0.17364817766693033,0.984807753012208,-0.9374831999955,1.275753785420522,75.00000_-10.00000,1.2731097,2.5719428,-0.002644062,-0.009457111
L0000.ANS,75.0,0.0,9.000134400036,2002/01/00,0,0.05,TOTAL,2.5814,0.15207,microSv/hr,ICRP Pub. 103 EFFECTIVE DOSE,0.9659258262890683,0.25881904510252074,0.0,1.0,-0.9374831999955,1.275753785420522,75.00000_0.00000,1.2764163,2.5837736,0.00066256523,0.0023736954
L0000.ANS,75.0,10.0,9.000134400036,2002/01/00,0,0.07,TOTAL,2.5814,0.15207,microSv/hr,ICRP Pub. 103 EFFECTIVE DOSE,0.9659258262890683,0.25881904510252074,0.17364817766693033,0.984807753012208,-0.9374831999955,1.275753785420522,75.00000_10.00000,1.2764086,2.5837457,0.0006548166,0.0023458004
L0000.ANS,75.0,20.0,9.000134400036,2002/01/00,0,0.11,TOTAL,2.5814,0.15207,microSv/hr,ICRP Pub. 103 EFFECTIVE DOSE,0.9659258262890683,0.25881904510252074,0.3420201433256687,0.9396926207859084,-0.9374831999955,1.275753785420522,75.00000_20.00000,1.2775221,2.5877385,0.0017683506,0.0063385963
L0000.ANS,75.0,30.0,9.000134400036,2002/01/00,0,0.12,TOTAL,2.5814,0.15207,microSv/hr,ICRP Pub. 103 EFFECTIVE DOSE,0.9659258262890683,0.25881904510252074,0.49999999999999994,0.8660254037844387,-0.9374831999955,1.275753785420522,75.00000_30.00000,1.2782239,2.5902572,0.0024701357,0.00885725
L0000.ANS,75.0,40.0,9.000134400036,2002/01/00,0,0.14,TOTAL,2.5814,0.15207,microSv/hr,ICRP Pub. 103 EFFECTIVE DOSE,0.9659258262890683,0.25881904510252074,0.6427876096865393,0.766044443118978,-0.9374831999955,1.275753785420522,75.00000_40.00000,1.2766247,2.5845203,0.00087094307,0.0031204224
L0000.ANS,75.0,50.0,9.000134400036,2002/01/00,0,0.17,TOTAL,2.5814,0.15207,microSv/hr,ICRP Pub. 103 EFFECTIVE DOSE,0.9659258262890683,0.25881904510252074,0.766044443118978,0.6427876096865394,-0.9374831999955,1.275753785420522,75.00000_50.00000,1.2766198,2.584503,0.0008660555,0.0031030178
L0000.ANS,75.0,60.0,9.000134400036,2002/01/00,0,0.18,TOTAL,2.5814,0.15207,microSv/hr,ICRP Pub. 103 EFFECTIVE DOSE,0.9659258262890683,0.25881904510252074,0.8660254037844386,0.5000000000000001,-0.9374831999955,1.275753785420522,75.00000_60.00000,1.2750778,2.57898,-0.0006759167,-0.0024199486
L0000.ANS,75.0,70.0,9.000134400036,2002/01/00,0,0.18,TOTAL,2.5814,0.15207,microSv/hr,ICRP Pub. 103 EFFECTIVE DOSE,0.9659258262890683,0.25881904510252074,0.9396926207859083,0.3420201433256688,-0.9374831999955,1.275753785420522,75.00000_70.00000,1.274247,2.5760078,-0.0015066862,-0.0053920746
L0000.ANS,75.0,80.0,9.000134400036,2002/01/00,0,0.18,TOTAL,2.5814,0.15207,microSv/hr,ICRP Pub. 103 EFFECTIVE DOSE,0.9659258262890683,0.25881904510252074,0.984807753012208,0.17364817766693041,-0.9374831999955,1.275753785420522,75.00000_80.00000,1.2750113,2.5787418,-0.00074243546,-0.0026581287
L0000.ANS,75.0,90.0,9.000134400036,2002/01/00,0,0.2,TOTAL,2.5814,0.15207,microSv/hr,ICRP Pub. 103 EFFECTIVE DOSE,0.9659258262890683,0.25881904510252074,1.0,6.123233995736766e-17,-0.9374831999955,1.275753785420522,75.00000_90.00000,1.276173,2.5829017,0.00041925907,0.0015017986
L0000.ANS,75.0,100.0,9.000134400036,2002/01/00,0,0.2,TOTAL,2.5814,0.15207,microSv/hr,ICRP Pub. 103 EFFECTIVE DOSE,0.9659258262890683,0.25881904510252074,0.984807753012208,-0.1736481776669303,-0.9374831999955,1.275753785420522,75.00000_100.00000,1.277221,2.5866585,0.0014672279,0.00525856
L0000.ANS,75.0,110.0,9.000134400036,2002/01/00,0,0.21,TOTAL,2.5814,0.15207,microSv/hr,ICRP Pub. 103 EFFECTIVE DOSE,0.9659258262890683,0.25881904510252074,0.9396926207859084,-0.3420201433256687,-0.9374831999955,1.275753785420522,75.00000_110.00000,1.2786423,2.59176,0.0028885603,0.0103600025
L0000.ANS,75.0,120.0,9.000134400036,2002/01/00,0,0.21,TOTAL,2.5814,0.15207,microSv/hr,ICRP Pub. 103 EFFECTIVE DOSE,0.9659258262890683,0.25881904510252074,0.8660254037844387,-0.4999999999999998,-0.9374831999955,1.275753785420522,75.00000_120.00000,1.2795758,2.5951145,0.0038220882,0.013714552
L0000.ANS,75.0,130.0,9.000134400036,2002/01/00,0,0.2,TOTAL,2.5814,0.15207,microSv/hr,ICRP Pub. 103 EFFECTIVE DOSE,0.9659258262890683,0.25881904510252074,0.766044443118978,-0.6427876096865394,-0.9374831999955,1.275753785420522,75.00000_130.00000,1.2802644,2.5975907,0.004510641,0.016190767
L0000.ANS,75.0,140.0,9.000134400036,2002/01/00,0,0.21,TOTAL,2.5814,0.15207,microSv/hr,ICRP Pub. 103 EFFECTIVE DOSE,0.9659258262890683,0.25881904510252074,0.6427876096865395,-0.7660444431189779,-0.9374831999955,1.275753785420522,75.00000_140.00000,1.2769527,2.5856965,0.001199007,0.004296541
L0000.ANS,75.0,150.0,9.000134400036,2002/01/00,0,0.2,TOTAL,2.5814,0.15207,microSv/hr,ICRP Pub. 103 EFFECTIVE DOSE,0.9659258262890683,0.25881904510252074,0.49999999999999994,-0.8660254037844387,-0.9374831999955,1.275753785420522,75.00000_150.00000,1.2764586,2.5839252,0.00070488453,0.0025253296
L0000.ANS,75.0,160.0,9.000134400036,2002/01/00,0,0.19,TOTAL,2.5814,0.15207,microSv/hr,ICRP Pub. 103 EFFECTIVE DOSE,0.9659258262890683,0.25881904510252074,0.3420201433256689,-0.9396926207859083,-0.9374831999955,1.275753785420522,75.00000_160.00000,1.2801169,2.5970602,0.004363179,0.015660286
L0000.ANS,75.0,170.0,9.000134400036,2002/01/00,0,0.17,TOTAL,2.5814,0.15207,microSv/hr,ICRP Pub. 103 EFFECTIVE DOSE,0.9659258262890683,0.25881904510252074,0.17364817766693028,-0.984807753012208,-0.9374831999955,1.275753785420522,75.00000_170.00000,1.279469,2.5947304,0.0037152767,0.01333046
L0000.ANS,80.0,-179.99999,9.000134400036,2002/01/00,0,0.02,TOTAL,2.5814,0.15207,microSv/hr,ICRP Pub. 103 EFFECTIVE DOSE,0.984807753012208,0.17364817766693041,-1.745329251238221e-07,-0.9999999999999848,-0.9374831999955,1.275753785420522,80.00000_-179.99999,1.2775357,2.5877874,0.0017819405,0.006387472
L0000.ANS,80.0,-170.0,9.000134400036,2002/01/00,0,0.0,TOTAL,2.5814,0.15207,microSv/hr,ICRP Pub. 103 EFFECTIVE DOSE,0.984807753012208,0.17364817766693041,-0.17364817766693028,-0.984807753012208,-0.9374831999955,1.275753785420522,80.00000_-170.00000,1.276201,2.583002,0.00044727325,0.0016021729
L0000.ANS,80.0,-160.0,9.000134400036,2002/01/00,0,0.0,TOTAL,2.5814,0.15207,microSv/hr,ICRP Pub. 103 EFFECTIVE DOSE,0.984807753012208,0.17364817766693041,-0.3420201433256689,-0.9396926207859083,-0.9374831999955,1.275753785420522,80.00000_-160.00000,1.2777619,2.5885992,0.0020081997,0.0071992874
L0000.ANS,80.0,-150.0,9.000134400036,2002/01/00,0,0.0,TOTAL,2.5814,0.15207,microSv/hr,ICRP Pub. 103 EFFECTIVE DOSE,0.984807753012208,0.17364817766693041,-0.49999999999999994,-0.8660254037844387,-0.9374831999955,1.275753785420522,80.00000_-150.00000,1.2792499,2.5939429,0.00349617,0.012542963
L0000.ANS,80.0,-140.0,9.000134400036,2002/01/00,0,0.0,TOTAL,2.5814,0.15207,microSv/hr,ICRP Pub. 103 EFFECTIVE DOSE,0.984807753012208,0.17364817766693041,-0.6427876096865395,-0.7660444431189779,-0.9374831999955,1.275753785420522,80.00000_-140.00000,1.2757349,2.5813324,-1.8835068e-05,-6.747246e-05
L0000.ANS,80.0,-130.0,9.000134400036,2002/01/00,0,0.0,TOTAL,2.5814,0.15207,microSv/hr,ICRP Pub. 103 EFFECTIVE DOSE,0.984807753012208,0.17364817766693041,-0.766044443118978,-0.6427876096865394,-0.9374831999955,1.275753785420522,80.00000_-130.00000,1.2778076,2.588763,0.0020538568,0.007363081
L0000.ANS,80.0,-120.0,9.000134400036,2002/01/00,0,0.0,TOTAL,2.5814,0.15207,microSv/hr,ICRP Pub. 103 EFFECTIVE DOSE,0.984807753012208,0.17364817766693041,-0.8660254037844387,-0.4999999999999998,-0.9374831999955,1.275753785420522,80.00000_-120.00000,1.2774818,2.587594,0.0017280579,0.0061941147
L0000.ANS,80.0,-110.0,9.000134400036,2002/01/00,0,0.0,TOTAL,2.5814,0.15207,microSv/hr,ICRP Pub. 103 EFFECTIVE DOSE,0.984807753012208,0.17364817766693041,-0.9396926207859084,-0.3420201433256687,-0.9374831999955,1.275753785420522,80.00000_-110.00000,1.2725548,2.5699613,-0.0031989813,-0.011438608
L0000.ANS,80.0,-100.0,9.000134400036,2002/01/00,0,0.0,TOTAL,2.5814,0.15207,microSv/hr,ICRP Pub. 103 EFFECTIVE DOSE,0.984807753012208,0.17364817766693041,-0.984807753012208,-0.1736481776669303,-0.9374831999955,1.275753785420522,80.00000_-100.00000,1.2764657,2.5839505,0.0007119179,0.002550602
L0000.ANS,80.0,-90.0,9.000134400036,2002/01/00,0,0.0,TOTAL,2.5814,0.15207,microSv/hr,ICRP Pub. 103 EFFECTIVE DOSE,0.984807753012208,0.17364817766693041,-1.0,6.123233995736766e-17,-0.9374831999955,1.275753785420522,80.00000_-90.00000,1.2791412,2.593552,0.0033874512,0.012152195
L0000.ANS,80.0,-80.0,9.000134400036,2002/01/00,0,0.0,TOTAL,2.5814,0.15207,microSv/hr,ICRP Pub. 103 EFFECTIVE DOSE,0.984807753012208,0.17364817766693041,-0.984807753012208,0.17364817766693041,-0.9374831999955,1.275753785420522,80.00000_-80.00000,1.2760336,2.5824025,0.0002799034,0.0010025501
L0000.ANS,80.0,-70.0,9.000134400036,2002/01/00,0,0.0,TOTAL,2.5814,0.15207,microSv/hr,ICRP Pub. 103 EFFECTIVE DOSE,0.984807753012208,0.17364817766693041,-0.9396926207859083,0.3420201433256688,-0.9374831999955,1.275753785420522,80.00000_-70.00000,1.2739998,2.5751238,-0.0017539263,-0.0062761307
L0000.ANS,80.0,-60.0,9.000134400036,2002/01/00,0,0.0,TOTAL,2.5814,0.15207,microSv/hr,ICRP Pub. 103 EFFECTIVE DOSE,0.984807753012208,0.17364817766693041,-0.8660254037844386,0.5000000000000001,-0.9374831999955,1.275753785420522,80.00000_-60.00000,1.2749016,2.5783494,-0.000852108,-0.0030505657
L0000.ANS,80.0,-50.0,9.000134400036,2002/01/00,0,0.0,TOTAL,2.5814,0.15207,microSv/hr,ICRP Pub. 103 EFFECTIVE DOSE,0.984807753012208,0.17364817766693041,-0.766044443118978,0.6427876096865394,-0.9374831999955,1.275753785420522,80.00000_-50.00000,1.2763436,2.583513,0.00058984756,0.0021131039
L0000.ANS,80.0,-40.0,9.000134400036,2002/01/00,0,0.0,TOTAL,2.5814,0.15207,microSv/hr,ICRP Pub. 103 EFFECTIVE DOSE,0.984807753012208,0.17364817766693041,-0.6427876096865393,0.766044443118978,-0.9374831999955,1.275753785420522,80.00000_-40.00000,1.2709386,2.5641966,-0.0048151016,-0.017203331
L0000.ANS,80.0,-30.0,9.000134400036,2002/01/00,0,0.0,TOTAL,2.5814,0.15207,microSv/hr,ICRP Pub. 103 EFFECTIVE DOSE,0.984807753012208,0.17364817766693041,-0.49999999999999994,0.8660254037844387,-0.9374831999955,1.275753785420522,80.00000_-30.00000,1.2738583,2.5746179,-0.0018954277,-0.006782055
L0000.ANS,80.0,-20.0,9.000134400036,2002/01/00,0,0.0,TOTAL,2.5814,0.15207,microSv/hr,ICRP Pub. 103 EFFECTIVE DOSE,0.984807753012208,0.17364817766693041,-0.3420201433256687,0.9396926207859084,-0.9374831999955,1.275753785420522,80.00000_-20.00000,1.2758098,2.5816004,5.6028366e-05,0.00020051003
L0000.ANS,80.0,-10.0,9.000134400036,2002/01/00,0,0.0,TOTAL,2.5814,0.15207,microSv/hr,ICRP Pub. 103 EFFECTIVE DOSE,0.984807753012208,0.17364817766693041,-0.17364817766693033,0.984807753012208,-0.9374831999955,1.275753785420522,80.00000_-10.00000,1.2741727,2.5757418,-0.0015810728,-0.0056581497
L0000.ANS,80.0,0.0,9.000134400036,2002/01/00,0,0.0,TOTAL,2.5814,0.15207,microSv/hr,ICRP Pub. 103 EFFECTIVE DOSE,0.984807753012208,0.17364817766693041,0.0,1.0,-0.9374831999955,1.275753785420522,80.00000_0.00000,1.2750552,2.578899,-0.00069856644,-0.002501011
L0000.ANS,80.0,10.0,9.000134400036,2002/01/00,0,0.0,TOTAL,2.5814,0.15207,microSv/hr,ICRP Pub. 103 EFFECTIVE DOSE,0.984807753012208,0.17364817766693041,0.17364817766693033,0.984807753012208,-0.9374831999955,1.275753785420522,80.00000_10.00000,1.2716129,2.5666003,-0.004140854,-0.014799595
L0000.ANS,80.0,20.0,9.000134400036,2002/01/00,0,0.0,TOTAL,2.5814,0.15207,microSv/hr,ICRP Pub. 103 EFFECTIVE DOSE,0.984807753012208,0.17364817766693041,0.3420201433256687,0.9396926207859084,-0.9374831999955,1.275753785420522,80.00000_20.00000,1.2728117,2.5708785,-0.0029420853,-0.010521412
L0000.ANS,80.0,30.0,9.000134400036,2002/01/00,0,0.02,TOTAL,2.5814,0.15207,microSv/hr,ICRP Pub. 103 EFFECTIVE DOSE,0.984807753012208,0.17364817766693041,0.49999999999999994,0.8660254037844387,-0.9374831999955,1.275753785420522,80.00000_30.00000,1.2735136,2.5733857,-0.002240181,-0.008014202
L0000.ANS,80.0,40.0,9.000134400036,2002/01/00,0,0.03,TOTAL,2.5814,0.15207,microSv/hr,ICRP Pub. 103 EFFECTIVE DOSE,0.984807753012208,0.17364817766693041,0.6427876096865393,0.766044443118978,-0.9374831999955,1.275753785420522,80.00000_40.00000,1.2737315,2.5741646,-0.0020222664,-0.0072352886
L0000.ANS,80.0,50.0,9.000134400036,2002/01/00,0,0.02,TOTAL,2.5814,0.15207,microSv/hr,ICRP Pub. 103 EFFECTIVE DOSE,0.984807753012208,0.17364817766693041,0.766044443118978,0.6427876096865394,-0.9374831999955,1.275753785420522,80.00000_50.00000,1.2759616,2.5821445,0.000207901,0.0007445812
L0000.ANS,80.0,60.0,9.000134400036,2002/01/00,0,0.05,TOTAL,2.5814,0.15207,microSv/hr,ICRP Pub. 103 EFFECTIVE DOSE,0.984807753012208,0.17364817766693041,0.8660254037844386,0.5000000000000001,-0.9374831999955,1.275753785420522,80.00000_60.00000,1.2744198,2.5766256,-0.001333952,-0.004774332
L0000.ANS,80.0,70.0,9.000134400036,2002/01/00,0,0.03,TOTAL,2.5814,0.15207,microSv/hr,ICRP Pub. 103 EFFECTIVE DOSE,0.984807753012208,0.17364817766693041,0.9396926207859083,0.3420201433256688,-0.9374831999955,1.275753785420522,80.00000_70.00000,1.2741187,2.5755486,-0.0016350746,-0.005851269
L0000.ANS,80.0,80.0,9.000134400036,2002/01/00,0,0.04,TOTAL,2.5814,0.15207,microSv/hr,ICRP Pub. 103 EFFECTIVE DOSE,0.984807753012208,0.17364817766693041,0.984807753012208,0.17364817766693041,-0.9374831999955,1.275753785420522,80.00000_80.00000,1.274795,2.5779681,-0.0009586811,-0.003431797
L0000.ANS,80.0,90.0,9.000134400036,2002/01/00,0,0.04,TOTAL,2.5814,0.15207,microSv/hr,ICRP Pub. 103 EFFECTIVE DOSE,0.984807753012208,0.17364817766693041,1.0,6.123233995736766e-17,-0.9374831999955,1.275753785420522,80.00000_90.00000,1.2752501,2.5795965,-0.00050365925,-0.0018033981
L0000.ANS,80.0,100.0,9.000134400036,2002/01/00,0,0.05,TOTAL,2.5814,0.15207,microSv/hr,ICRP Pub. 103 EFFECTIVE DOSE,0.984807753012208,0.17364817766693041,0.984807753012208,-0.1736481776669303,-0.9374831999955,1.275753785420522,80.00000_100.00000,1.2764641,2.5839448,0.00071036816,0.00254488
L0000.ANS,80.0,110.0,9.000134400036,2002/01/00,0,0.04,TOTAL,2.5814,0.15207,microSv/hr,ICRP Pub. 103 EFFECTIVE DOSE,0.984807753012208,0.17364817766693041,0.9396926207859084,-0.3420201433256687,-0.9374831999955,1.275753785420522,80.00000_110.00000,1.2768042,2.585164,0.0010504723,0.0037641525
L0000.ANS,80.0,120.0,9.000134400036,2002/01/00,0,0.05,TOTAL,2.5814,0.15207,microSv/hr,ICRP Pub. 103 EFFECTIVE DOSE,0.984807753012208,0.17364817766693041,0.8660254037844387,-0.4999999999999998,-0.9374831999955,1.275753785420522,80.00000_120.00000,1.2771168,2.5862846,0.001363039,0.00488472
L0000.ANS,80.0,130.0,9.000134400036,2002/01/00,0,0.04,TOTAL,2.5814,0.15207,microSv/hr,ICRP Pub. 103 EFFECTIVE DOSE,0.984807753012208,0.17364817766693041,0.766044443118978,-0.6427876096865394,-0.9374831999955,1.275753785420522,80.00000_130.00000,1.2729676,2.5714355,-0.0027861595,-0.009964466
L0000.ANS,80.0,140.0,9.000134400036,2002/01/00,0,0.05,TOTAL,2.5814,0.15207,microSv/hr,ICRP Pub. 103 EFFECTIVE DOSE,0.984807753012208,0.17364817766693041,0.6427876096865395,-0.7660444431189779,-0.9374831999955,1.275753785420522,80.00000_140.00000,1.2751685,2.5793047,-0.0005851984,-0.0020952225
L0000.ANS,80.0,150.0,9.000134400036,2002/01/00,0,0.03,TOTAL,2.5814,0.15207,microSv/hr,ICRP Pub. 103 EFFECTIVE DOSE,0.984807753012208,0.17364817766693041,0.49999999999999994,-0.8660254037844387,-0.9374831999955,1.275753785420522,80.00000_150.00000,1.2701033,2.5612206,-0.005650401,-0.020179272
L0000.ANS,80.0,160.0,9.000134400036,2002/01/00,0,0.02,TOTAL,2.5814,0.15207,microSv/hr,ICRP Pub. 103 EFFECTIVE DOSE,0.984807753012208,0.17364817766693041,0.3420201433256689,-0.9396926207859083,-0.9374831999955,1.275753785420522,80.00000_160.00000,1.2738004,2.574411,-0.0019533634,-0.006989002
L0000.ANS,80.0,170.0,9.000134400036,2002/01/00,0,0.04,TOTAL,2.5814,0.15207,microSv/hr,ICRP Pub. 103 EFFECTIVE DOSE,0.984807753012208,0.17364817766693041,0.17364817766693028,-0.984807753012208,-0.9374831999955,1.275753785420522,80.00000_170.00000,1.2772552,2.586781,0.001501441,0.0053811073
L0000.ANS,-80.0,-179.99999,9.99987840004,2002/01/00,0,0.0,TOTAL,3.4629,0.20126,microSv/hr,ICRP Pub. 103 EFFECTIVE DOSE,-0.984807753012208,0.17364817766693041,-1.745329251238221e-07,-0.9999999999999848,-0.812515199995,1.495798778943046,-80.00000_-179.99999,1.4908984,3.4410834,-0.0049004555,-0.02181673
L0000.ANS,-80.0,-170.0,9.99987840004,2002/01/00,0,0.03,TOTAL,3.4629,0.20126,microSv/hr,ICRP Pub. 103 EFFECTIVE DOSE,-0.984807753012208,0.17364817766693041,-0.17364817766693028,-0.984807753012208,-0.812515199995,1.495798778943046,-80.00000_-170.00000,1.4940575,3.4551358,-0.0017412901,-0.0077643394
L0000.ANS,-80.0,-160.0,9.99987840004,2002/01/00,0,0.04,TOTAL,3.4629,0.20126,microSv/hr,ICRP Pub. 103 EFFECTIVE DOSE,-0.984807753012208,0.17364817766693041,-0.3420201433256689,-0.9396926207859083,-0.812515199995,1.495798778943046,-80.00000_-160.00000,1.4932616,3.451591,-0.0025372505,-0.011309147
L0000.ANS,-80.0,-150.0,9.99987840004,2002/01/00,0,0.07,TOTAL,3.4629,0.20126,microSv/hr,ICRP Pub. 103 EFFECTIVE DOSE,-0.984807753012208,0.17364817766693041,-0.49999999999999994,-0.8660254037844387,-0.812515199995,1.495798778943046,-80.00000_-150.00000,1.4962412,3.464875,0.00044238567,0.001974821
L0000.ANS,-80.0,-140.0,9.99987840004,2002/01/00,0,0.13,TOTAL,3.4629,0.20126,microSv/hr,ICRP Pub. 103 EFFECTIVE DOSE,-0.984807753012208,0.17364817766693041,-0.6427876096865395,-0.7660444431189779,-0.812515199995,1.495798778943046,-80.00000_-140.00000,1.4960043,3.4638176,0.00020551682,0.0009174347
L0000.ANS,-80.0,-130.0,9.99987840004,2002/01/00,0,0.2,TOTAL,3.4629,0.20126,microSv/hr,ICRP Pub. 103 EFFECTIVE DOSE,-0.984807753012208,0.17364817766693041,-0.766044443118978,-0.6427876096865394,-0.812515199995,1.495798778943046,-80.00000_-130.00000,1.4917786,3.4449944,-0.004020214,-0.017905712
L0000.ANS,-80.0,-120.0,9.99987840004,2002/01/00,0,0.27,TOTAL,3.4629,0.20126,microSv/hr,ICRP Pub. 103 EFFECTIVE DOSE,-0.984807753012208,0.17364817766693041,-0.8660254037844387,-0.4999999999999998,-0.812515199995,1.495798778943046,-80.00000_-120.00000,1.4982487,3.4738472,0.00244987,0.010946989
L0000.ANS,-80.0,-110.0,9.99987840004,2002/01/00,0,0.33,TOTAL,3.4629,0.20126,microSv/hr,ICRP Pub. 103 EFFECTIVE DOSE,-0.984807753012208,0.17364817766693041,-0.9396926207859084,-0.3420201433256687,-0.812515199995,1.495798778943046,-80.00000_-110.00000,1.5004945,3.4839058,0.004695654,0.02100563
L0000.ANS,-80.0,-100.0,9.99987840004,2002/01/00,0,0.36,TOTAL,3.4629,0.20126,microSv/hr,ICRP Pub. 103 EFFECTIVE DOSE,-0.984807753012208,0.17364817766693041,-0.984807753012208,-0.1736481776669303,-0.812515199995,1.495798778943046,-80.00000_-100.00000,1.4970162,3.4683366,0.0012173653,0.0054364204
L0000.ANS,-80.0,-90.0,9.99987840004,2002/01/00,0,0.43,TOTAL,3.4629,0.20126,microSv/hr,ICRP Pub. 103 EFFECTIVE DOSE,-0.984807753012208,0.17364817766693041,-1.0,6.123233995736766e-17,-0.812515199995,1.495798778943046,-80.00000_-90.00000,1.4944233,3.4567654,-0.001375556,-0.0061347485
L0000.ANS,-80.0,-80.0,9.99987840004,2002/01/00,0,0.45,TOTAL,3.4629,0.20126,microSv/hr,ICRP Pub. 103 EFFECTIVE DOSE,-0.984807753012208,0.17364817766693041,-0.984807753012208,0.17364817766693041,-0.812515199995,1.495798778943046,-80.00000_-80.00000,1.4950826,3.4597049,-0.0007162094,-0.0031952858
L0000.ANS,-80.0,-70.0,9.99987840004,2002/01/00,0,0.5,TOTAL,3.4629,0.20126,microSv/hr,ICRP Pub. 103 EFFECTIVE DOSE,-0.984807753012208,0.17364817766693041,-0.9396926207859083,0.3420201433256688,-0.812515199995,1.495798778943046,-80.00000_-70.00000,1.500812,3.4853299,0.0050132275,0.022429705
L0000.ANS,-80.0,-60.0,9.99987840004,2002/01/00,0,0.48,TOTAL,3.4629,0.20126,microSv/hr,ICRP Pub. 103 EFFECTIVE DOSE,-0.984807753012208,0.17364817766693041,-0.8660254037844386,0.5000000000000001,-0.812515199995,1.495798778943046,-80.00000_-60.00000,1.5006311,3.4845183,0.0048322678,0.021618128
L0000.ANS,-80.0,-50.0,9.99987840004,2002/01/00,0,0.49,TOTAL,3.4629,0.20126,microSv/hr,ICRP Pub. 103 EFFECTIVE DOSE,-0.984807753012208,0.17364817766693041,-0.766044443118978,0.6427876096865394,-0.812515199995,1.495798778943046,-80.00000_-50.00000,1.4966847,3.4668555,0.00088584423,0.003955364
L0000.ANS,-80.0,-40.0,9.99987840004,2002/01/00,0,0.46,TOTAL,3.4629,0.20126,microSv/hr,ICRP Pub. 103 EFFECTIVE DOSE,-0.984807753012208,0.17364817766693041,-0.6427876096865393,0.766044443118978,-0.812515199995,1.495798778943046,-80.00000_-40.00000,1.5011151,3.4866893,0.0053162575,0.023789167
L0000.ANS,-80.0,-30.0,9.99987840004,2002/01/00,0,0.43,TOTAL,3.4629,0.20126,microSv/hr,ICRP Pub. 103 EFFECTIVE DOSE,-0.984807753012208,0.17364817766693041,-0.49999999999999994,0.8660254037844387,-0.812515199995,1.495798778943046,-80.00000_-30.00000,1.4977933,3.4718103,0.0019944906,0.008910179
L0000.ANS,-80.0,-20.0,9.99987840004,2002/01/00,0,0.39,TOTAL,3.4629,0.20126,microSv/hr,ICRP Pub. 103 EFFECTIVE DOSE,-0.984807753012208,0.17364817766693041,-0.3420201433256687,0.9396926207859084,-0.812515199995,1.495798778943046,-80.00000_-20.00000,1.4902537,3.4382212,-0.0055451393,-0.024678946
L0000.ANS,-80.0,-10.0,9.99987840004,2002/01/00,0,0.34,TOTAL,3.4629,0.20126,microSv/hr,ICRP Pub. 103 EFFECTIVE DOSE,-0.984807753012208,0.17364817766693041,-0.17364817766693033,0.984807753012208,-0.812515199995,1.495798778943046,-80.00000_-10.00000,1.4952607,3.4604993,-0.00053811073,-0.002400875
L0000.ANS,-80.0,0.0,9.99987840004,2002/01/00,0,0.29,TOTAL,3.4629,0.20126,microSv/hr,ICRP Pub. 103 EFFECTIVE DOSE,-0.984807753012208,0.17364817766693041,0.0,1.0,-0.812515199995,1.495798778943046,-80.00000_0.00000,1.4974923,3.4704645,0.0016934872,0.0075643063
L0000.ANS,-80.0,10.0,9.99987840004,2002/01/00,0,0.26,TOTAL,3.4629,0.20126,microSv/hr,ICRP Pub. 103 EFFECTIVE DOSE,-0.984807753012208,0.17364817766693041,0.17364817766693033,0.984807753012208,-0.812515199995,1.495798778943046,-80.00000_10.00000,1.496388,3.4655302,0.0005891323,0.0026299953
L0000.ANS,-80.0,20.0,9.99987840004,2002/01/00,0,0.2,TOTAL,3.4629,0.20126,microSv/hr,ICRP Pub. 103 EFFECTIVE DOSE,-0.984807753012208,0.17364817766693041,0.3420201433256687,0.9396926207859084,-0.812515199995,1.495798778943046,-80.00000_20.00000,1.4927282,3.4492176,-0.0030705929,-0.013682604
L0000.ANS,-80.0,30.0,9.99987840004,2002/01/00,0,0.14,TOTAL,3.4629,0.20126,microSv/hr,ICRP Pub. 103 EFFECTIVE DOSE,-0.984807753012208,0.17364817766693041,0.49999999999999994,0.8660254037844387,-0.812515199995,1.495798778943046,-80.00000_30.00000,1.4990594,3.4774756,0.0032606125,0.014575481
L0000.ANS,-80.0,40.0,9.99987840004,2002/01/00,0,0.08,TOTAL,3.4629,0.20126,microSv/hr,ICRP Pub. 103 EFFECTIVE DOSE,-0.984807753012208,0.17364817766693041,0.6427876096865393,0.766044443118978,-0.812515199995,1.495798778943046,-80.00000_40.00000,1.4968238,3.4674768,0.0010249615,0.004576683
L0000.ANS,-80.0,50.0,9.99987840004,2002/01/00,0,0.06,TOTAL,3.4629,0.20126,microSv/hr,ICRP Pub. 103 EFFECTIVE DOSE,-0.984807753012208,0.17364817766693041,0.766044443118978,0.6427876096865394,-0.812515199995,1.495798778943046,-80.00000_50.00000,1.4954847,3.4614985,-0.00031411648,-0.0014016628
L0000.ANS,-80.0,60.0,9.99987840004,2002/01/00,0,0.03,TOTAL,3.4629,0.20126,microSv/hr,ICRP Pub. 103 EFFECTIVE DOSE,-0.984807753012208,0.17364817766693041,0.8660254037844386,0.5000000000000001,-0.812515199995,1.495798778943046,-80.00000_60.00000,1.4924266,3.4478757,-0.0033721924,-0.015024424
L0000.ANS,-80.0,70.0,9.99987840004,2002/01/00,0,0.02,TOTAL,3.4629,0.20126,microSv/hr,ICRP Pub. 103 EFFECTIVE DOSE,-0.984807753012208,0.17364817766693041,0.9396926207859083,0.3420201433256688,-0.812515199995,1.495798778943046,-80.00000_70.00000,1.4912852,3.4428017,-0.0045136213,-0.020098448
L0000.ANS,-80.0,80.0,9.99987840004,2002/01/00,0,0.0,TOTAL,3.4629,0.20126,microSv/hr,ICRP Pub. 103 EFFECTIVE DOSE,-0.984807753012208,0.17364817766693041,0.984807753012208,0.17364817766693041,-0.812515199995,1.495798778943046,-80.00000_80.00000,1.4927706,3.4494057,-0.0030282736,-0.013494492
L0000.ANS,-80.0,90.0,9.99987840004,2002/01/00,0,0.0,TOTAL,3.4629,0.20126,microSv/hr,ICRP Pub. 103 EFFECTIVE DOSE,-0.984807753012208,0.17364817766693041,1.0,6.123233995736766e-17,-0.812515199995,1.495798778943046,-80.00000_90.00000,1.4941593,3.4555893,-0.0016394854,-0.0073108673
L0000.ANS,-80.0,100.0,9.99987840004,2002/01/00,0,0.0,TOTAL,3.4629,0.20126,microSv/hr,ICRP Pub. 103 EFFECTIVE DOSE,-0.984807753012208,0.17364817766693041,0.984807753012208,-0.1736481776669303,-0.812515199995,1.495798778943046,-80.00000_100.00000,1.4970067,3.468294,0.0012078285,0.0053937435
L0000.ANS,-80.0,110.0,9.99987840004,2002/01/00,0,0.0,TOTAL,3.4629,0.20126,microSv/hr,ICRP Pub. 103 EFFECTIVE DOSE,-0.984807753012208,0.17364817766693041,0.9396926207859084,-0.3420201433256687,-0.812515199995,1.495798778943046,-80.00000_110.00000,1.4955447,3.461766,-0.0002541542,-0.0011341572
L0000.ANS,-80.0,120.0,9.99987840004,2002/01/00,0,0.0,TOTAL,3.4629,0.20126,microSv/hr,ICRP Pub. 103 EFFECTIVE DOSE,-0.984807753012208,0.17364817766693041,0.8660254037844387,-0.4999999999999998,-0.812515199995,1.495798778943046,-80.00000_120.00000,1.4905794,3.439667,-0.0052194595,-0.023233175
L0000.ANS,-80.0,130.0,9.99987840004,2002/01/00,0,0.0,TOTAL,3.4629,0.20126,microSv/hr,ICRP Pub. 103 EFFECTIVE DOSE,-0.984807753012208,0.17364817766693041,0.766044443118978,-0.6427876096865394,-0.812515199995,1.495798778943046,-80.00000_130.00000,1.4888967,3.4322028,-0.0069020987,-0.030697346
L0000.ANS,-80.0,140.0,9.99987840004,2002/01/00,0,0.0,TOTAL,3.4629,0.20126,microSv/hr,ICRP Pub. 103 EFFECTIVE DOSE,-0.984807753012208,0.17364817766693041,0.6427876096865395,-0.7660444431189779,-0.812515199995,1.495798778943046,-80.00000_140.00000,1.4968817,3.4677358,0.0010828972,0.0048356056
L0000.ANS,-80.0,150.0,9.99987840004,2002/01/00,0,0.0,TOTAL,3.4629,0.20126,microSv/hr,ICRP Pub. 103 EFFECTIVE DOSE,-0.984807753012208,0.17364817766693041,0.49999999999999994,-0.8660254037844387,-0.812515199995,1.495798778943046,-80.00000_150.00000,1.5002437,3.4827812,0.0044448376,0.01988101
L0000.ANS,-80.0,160.0,9.99987840004,2002/01/00,0,0.0,TOTAL,3.4629,0.20126,microSv/hr,ICRP Pub. 103 EFFECTIVE DOSE,-0.984807753012208,0.17364817766693041,0.3420201433256689,-0.9396926207859083,-0.812515199995,1.495798778943046,-80.00000_160.00000,1.4871664,3.4245403,-0.0086324215,-0.03835988
L0000.ANS,-80.0,170.0,9.99987840004,2002/01/00,0,0.0,TOTAL,3.4629,0.20126,microSv/hr,ICRP Pub. 103 EFFECTIVE DOSE,-0.984807753012208,0.17364817766693041,0.17364817766693028,-0.984807753012208,-0.812515199995,1.495798778943046,-80.00000_170.00000,1.4926131,3.4487052,-0.003185749,-0.014194965
L0000.ANS,-75.0,-179.99999,9.99987840004,2002/01/00,0,0.02,TOTAL,3.4629,0.20126,microSv/hr,ICRP Pub. 103 EFFECTIVE DOSE,-0.9659258262890683,0.25881904510252074,-1.745329251238221e-07,-0.9999999999999848,-0.812515199995,1.495798778943046,-75.00000_-179.99999,1.4956682,3.4623172,-0.00013065338,-0.0005829334
L0000.ANS,-75.0,-170.0,9.99987840004,2002/01/00,0,0.06,TOTAL,3.4629,0.20126,microSv/hr,ICRP Pub. 103 EFFECTIVE DOSE,-0.9659258262890683,0.25881904510252074,-0.17364817766693028,-0.984807753012208,-0.812515199995,1.495798778943046,-75.00000_-170.00000,1.4951224,3.4598825,-0.0006763935,-0.003017664
L0000.ANS,-75.0,-160.0,9.99987840004,2002/01/00,0,0.1,TOTAL,3.4629,0.20126,microSv/hr,ICRP Pub. 103 EFFECTIVE DOSE,-0.9659258262890683,0.25881904510252074,-0.3420201433256689,-0.9396926207859083,-0.812515199995,1.495798778943046,-75.00000_-160.00000,1.4943264,3.4563336,-0.0014724731,-0.0065665245
L0000.ANS,-75.0,-150.0,9.99987840004,2002/01/00,0,0.21,TOTAL,3.4629,0.20126,microSv/hr,ICRP Pub. 103 EFFECTIVE DOSE,-0.9659258262890683,0.25881904510252074,-0.49999999999999994,-0.8660254037844387,-0.812515199995,1.495798778943046,-75.00000_-150.00000,1.4922602,3.4471357,-0.0035386086,-0.015764475
L0000.ANS,-75.0,-140.0,9.99987840004,2002/01/00,0,0.28,TOTAL,3.4629,0.20126,microSv/hr,ICRP Pub. 103 EFFECTIVE DOSE,-0.9659258262890683,0.25881904510252074,-0.6427876096865395,-0.7660444431189779,-0.812515199995,1.495798778943046,-75.00000_-140.00000,1.4997541,3.480587,0.003955245,0.017686844
L0000.ANS,-75.0,-130.0,9.99987840004,2002/01/00,0,0.4,TOTAL,3.4629,0.20126,microSv/hr,ICRP Pub. 103 EFFECTIVE DOSE,-0.9659258262890683,0.25881904510252074,-0.766044443118978,-0.6427876096865394,-0.812515199995,1.495798778943046,-75.00000_-130.00000,1.4937065,3.453572,-0.0020923615,-0.009328127
L0000.ANS,-75.0,-120.0,9.99987840004,2002/01/00,0,0.5,TOTAL,3.4629,0.20126,microSv/hr,ICRP Pub. 103 EFFECTIVE DOSE,-0.9659258262890683,0.25881904510252074,-0.8660254037844387,-0.4999999999999998,-0.812515199995,1.495798778943046,-75.00000_-120.00000,1.4995522,3.479683,0.0037534237,0.01678276
L0000.ANS,-75.0,-110.0,9.99987840004,2002/01/00,0,0.62,TOTAL,3.4629,0.20126,microSv/hr,ICRP Pub. 103 EFFECTIVE DOSE,-0.9659258262890683,0.25881904510252074,-0.9396926207859084,-0.3420201433256687,-0.812515199995,1.495798778943046,-75.00000_-110.00000,1.5008354,3.4854348,0.0050365925,0.022534609
L0000.ANS,-75.0,-100.0,9.99987840004,2002/01/00,0,0.73,TOTAL,3.4628,0.20126,microSv/hr,ICRP Pub. 103 EFFECTIVE DOSE,-0.9659258262890683,0.25881904510252074,-0.984807753012208,-0.1736481776669303,-0.812515199995,1.4957763717368877,-75.00000_-100.00000,1.4973569,3.4698591,0.0015804768,0.007058859
L0000.ANS,-75.0,-90.0,9.99987840004,2002/01/00,0,0.81,TOTAL,3.4626,0.20126,microSv/hr,ICRP Pub. 103 EFFECTIVE DOSE,-0.9659258262890683,0.25881904510252074,-1.0,6.123233995736766e-17,-0.812515199995,1.4957315558182658,-75.00000_-90.00000,1.4952524,3.460462,-0.00047922134,-0.0021381378
L0000.ANS,-75.0,-80.0,9.99987840004,2002/01/00,0,0.87,TOTAL,3.4623,0.20126,microSv/hr,ICRP Pub. 103 EFFECTIVE DOSE,-0.9659258262890683,0.25881904510252074,-0.984807753012208,0.17364817766693041,-0.812515199995,1.4956643281742332,-75.00000_-80.00000,1.4954542,3.4613624,-0.00021016598,-0.0009377003
L0000.ANS,-75.0,-70.0,9.99987840004,2002/01/00,0,0.9,TOTAL,3.4622,0.20126,microSv/hr,ICRP Pub. 103 EFFECTIVE DOSE,-0.9659258262890683,0.25881904510252074,-0.9396926207859083,0.3420201433256688,-0.812515199995,1.4956419179551725,-75.00000_-70.00000,1.5012987,3.487513,0.005656719,0.0253129
L0000.ANS,-75.0,-60.0,9.99987840004,2002/01/00,0,0.93,TOTAL,3.4619,0.20126,microSv/hr,ICRP Pub. 103 EFFECTIVE DOSE,-0.9659258262890683,0.25881904510252074,-0.8660254037844386,0.5000000000000001,-0.812515199995,1.4955746842845248,-75.00000_-60.00000,1.4988002,3.476315,0.0032254457,0.014414787
L0000.ANS,-75.0,-50.0,9.99987840004,2002/01/00,0,0.89,TOTAL,3.4622,0.20126,microSv/hr,ICRP Pub. 103 EFFECTIVE DOSE,-0.9659258262890683,0.25881904510252074,-0.766044443118978,0.6427876096865394,-0.812515199995,1.4956419179551725,-75.00000_-50.00000,1.4962782,3.46504,0.00063622,0.0028398037
L0000.ANS,-75.0,-40.0,9.99987840004,2002/01/00,0,0.82,TOTAL,3.4625,0.20126,microSv/hr,ICRP Pub. 103 EFFECTIVE DOSE,-0.9659258262890683,0.25881904510252074,-0.6427876096865393,0.766044443118978,-0.812515199995,1.4957091471057575,-75.00000_-40.00000,1.5011562,3.4868739,0.00544703,0.02437377
L0000.ANS,-75.0,-30.0,9.99987840004,2002/01/00,0,0.76,TOTAL,3.4627,0.20126,microSv/hr,ICRP Pub. 103 EFFECTIVE DOSE,-0.9659258262890683,0.25881904510252074,-0.49999999999999994,0.8660254037844387,-0.812515199995,1.495753964028635,-75.00000_-30.00000,1.4987359,3.4760275,0.0029819012,0.01332736
L0000.ANS,-75.0,-20.0,9.99987840004,2002/01/00,0,0.68,TOTAL,3.4628,0.20126,microSv/hr,ICRP Pub. 103 EFFECTIVE DOSE,-0.9659258262890683,0.25881904510252074,-0.3420201433256687,0.9396926207859084,-0.812515199995,1.4957763717368877,-75.00000_-20.00000,1.4958605,3.4631753,8.404255e-05,0.00037503242
L0000.ANS,-75.0,-10.0,9.99987840004,2002/01/00,0,0.59,TOTAL,3.4629,0.20126,microSv/hr,ICRP Pub. 103 EFFECTIVE DOSE,-0.9659258262890683,0.25881904510252074,-0.17364817766693033,0.984807753012208,-0.812515199995,1.495798778943046,-75.00000_-10.00000,1.5013602,3.4877892,0.005561352,0.024888992
L0000.ANS,-75.0,0.0,9.99987840004,2002/01/00,0,0.53,TOTAL,3.4629,0.20126,microSv/hr,ICRP Pub. 103 EFFECTIVE DOSE,-0.9659258262890683,0.25881904510252074,0.0,1.0,-0.812515199995,1.495798778943046,-75.00000_0.00000,1.5035919,3.4978158,0.007793069,0.034915686
L0000.ANS,-75.0,10.0,9.99987840004,2002/01/00,0,0.43,TOTAL,3.4629,0.20126,microSv/hr,ICRP Pub. 103 EFFECTIVE DOSE,-0.9659258262890683,0.25881904510252074,0.17364817766693033,0.984807753012208,-0.812515199995,1.495798778943046,-75.00000_10.00000,1.5024874,3.4928508,0.006688595,0.029950619
L0000.ANS,-75.0,20.0,9.99987840004,2002/01/00,0,0.34,TOTAL,3.4629,0.20126,microSv/hr,ICRP Pub. 103 EFFECTIVE DOSE,-0.9659258262890683,0.25881904510252074,0.3420201433256687,0.9396926207859084,-0.812515199995,1.495798778943046,-75.00000_20.00000,1.4980807,3.4730957,0.0022819042,0.010195494
L0000.ANS,-75.0,30.0,9.99987840004,2002/01/00,0,0.26,TOTAL,3.4629,0.20126,microSv/hr,ICRP Pub. 103 EFFECTIVE DOSE,-0.9659258262890683,0.25881904510252074,0.49999999999999994,0.8660254037844387,-0.812515199995,1.495798778943046,-75.00000_30.00000,1.5000241,3.481797,0.004225254,0.018896818
L0000.ANS,-75.0,40.0,9.99987840004,2002/01/00,0,0.19,TOTAL,3.4629,0.20126,microSv/hr,ICRP Pub. 103 EFFECTIVE DOSE,-0.9659258262890683,0.25881904510252074,0.6427876096865393,0.766044443118978,-0.812515199995,1.495798778943046,-75.00000_40.00000,1.4971519,3.4689426,0.0013530254,0.0060424805
L0000.ANS,-75.0,50.0,9.99987840004,2002/01/00,0,0.11,TOTAL,3.4629,0.20126,microSv/hr,ICRP Pub. 103 EFFECTIVE DOSE,-0.9659258262890683,0.25881904510252074,0.766044443118978,0.6427876096865394,-0.812515199995,1.495798778943046,-75.00000_50.00000,1.4939959,3.4548612,-0.0018029213,-0.008038998
L0000.ANS,-75.0,60.0,9.99987840004,2002/01/00,0,0.05,TOTAL,3.4629,0.20126,microSv/hr,ICRP Pub. 103 EFFECTIVE DOSE,-0.9659258262890683,0.25881904510252074,0.8660254037844386,0.5000000000000001,-0.812515199995,1.495798778943046,-75.00000_60.00000,1.4966425,3.466667,0.00084364414,0.0037667751
L0000.ANS,-75.0,70.0,9.99987840004,2002/01/00,0,0.02,TOTAL,3.4629,0.20126,microSv/hr,ICRP Pub. 103 EFFECTIVE DOSE,-0.9659258262890683,0.25881904510252074,0.9396926207859083,0.3420201433256688,-0.812515199995,1.495798778943046,-75.00000_70.00000,1.4922001,3.4468684,-0.00359869,-0.016031742
L0000.ANS,-75.0,80.0,9.99987840004,2002/01/00,0,0.0,TOTAL,3.4629,0.20126,microSv/hr,ICRP Pub. 103 EFFECTIVE DOSE,-0.9659258262890683,0.25881904510252074,0.984807753012208,0.17364817766693041,-0.812515199995,1.495798778943046,-75.00000_80.00000,1.4993539,3.4787943,0.0035550594,0.015894175
L0000.ANS,-75.0,90.0,9.99987840004,2002/01/00,0,0.0,TOTAL,3.4629,0.20126,microSv/hr,ICRP Pub. 103 EFFECTIVE DOSE,-0.9659258262890683,0.25881904510252074,1.0,6.123233995736766e-17,-0.812515199995,1.495798778943046,-75.00000_90.00000,1.4984004,3.4745262,0.0026016235,0.011626005
L0000.ANS,-75.0,100.0,9.99987840004,2002/01/00,0,0.0,TOTAL,3.4629,0.20126,microSv/hr,ICRP Pub. 103 EFFECTIVE DOSE,-0.9659258262890683,0.25881904510252074,0.984807753012208,-0.1736481776669303,-0.812515199995,1.495798778943046,-75.00000_100.00000,1.4980202,3.4728248,0.002221346,0.00992465
L0000.ANS,-75.0,110.0,9.99987840004,2002/01/00,0,0.0,TOTAL,3.4629,0.20126,microSv/hr,ICRP Pub. 103 EFFECTIVE DOSE,-0.9659258262890683,0.25881904510252074,0.9396926207859084,-0.3420201433256687,-0.812515199995,1.495798778943046,-75.00000_110.00000,1.4931972,3.4513044,-0.0026016235,-0.011595726
L0000.ANS,-75.0,120.0,9.99987840004,2002/01/00,0,0.0,TOTAL,3.4629,0.20126,microSv/hr,ICRP Pub. 103 EFFECTIVE DOSE,-0.9659258262890683,0.25881904510252074,0.8660254037844387,-0.4999999999999998,-0.812515199995,1.495798778943046,-75.00000_120.00000,1.4938159,3.4540594,-0.0019829273,-0.008840799
L0000.ANS,-75.0,130.0,9.99987840004,2002/01/00,0,0.0,TOTAL,3.4629,0.20126,microSv/hr,ICRP Pub. 103 EFFECTIVE DOSE,-0.9659258262890683,0.25881904510252074,0.766044443118978,-0.6427876096865394,-0.812515199995,1.495798778943046,-75.00000_130.00000,1.4933095,3.4518044,-0.0024893284,-0.011095762
L0000.ANS,-75.0,140.0,9.99987840004,2002/01/00,0,0.0,TOTAL,3.4629,0.20126,microSv/hr,ICRP Pub. 103 EFFECTIVE DOSE,-0.9659258262890683,0.25881904510252074,0.6427876096865395,-0.7660444431189779,-0.812515199995,1.495798778943046,-75.00000_140.00000,1.5017654,3.4896078,0.005966544,0.02670765
L0000.ANS,-75.0,150.0,9.99987840004,2002/01/00,0,0.0,TOTAL,3.4629,0.20126,microSv/hr,ICRP Pub. 103 EFFECTIVE DOSE,-0.9659258262890683,0.25881904510252074,0.49999999999999994,-0.8660254037844387,-0.812515199995,1.495798778943046,-75.00000_150.00000,1.491856,3.4453382,-0.0039428473,-0.017561913
L0000.ANS,-75.0,160.0,9.99987840004,2002/01/00,0,0.0,TOTAL,3.4629,0.20126,microSv/hr,ICRP Pub. 103 EFFECTIVE DOSE,-0.9659258262890683,0.25881904510252074,0.3420201433256689,-0.9396926207859083,-0.812515199995,1.495798778943046,-75.00000_160.00000,1.4935834,3.4530241,-0.0022153854,-0.009876013
L0000.ANS,-75.0,170.0,9.99987840004,2002/01/00,0,0.0,TOTAL,3.4629,0.20126,microSv/hr,ICRP Pub. 103 EFFECTIVE DOSE,-0.9659258262890683,0.25881904510252074,0.17364817766693028,-0.984807753012208,-0.812515199995,1.495798778943046,-75.00000_170.00000,1.4988556,3.4765632,0.0030567646,0.0136630535
L0000.ANS,-70.0,-179.99999,9.99987840004,2002/01/00,0,0.06,TOTAL,3.4629,0.20126,microSv/hr,ICRP Pub. 103 EFFECTIVE DOSE,-0.9396926207859083,0.3420201433256688,-1.745329251238221e-07,-0.9999999999999848,-0.812515199995,1.495798778943046,-70.00000_-179.99999,1.4973565,3.4698575,0.0015577078,0.0069572926
L0000.ANS,-70.0,-170.0,9.99987840004,2002/01/00,0,0.15,TOTAL,3.4629,0.20126,microSv/hr,ICRP Pub. 103 EFFECTIVE DOSE,-0.9396926207859083,0.3420201433256688,-0.17364817766693028,-0.984807753012208,-0.812515199995,1.495798778943046,-70.00000_-170.00000,1.4918933,3.4455042,-0.0039055347,-0.017395973
L0000.ANS,-70.0,-160.0,9.99987840004,2002/01/00,0,0.24,TOTAL,3.4629,0.20126,microSv/hr,ICRP Pub. 103 EFFECTIVE DOSE,-0.9396926207859083,0.3420201433256688,-0.3420201433256689,-0.9396926207859083,-0.812515199995,1.495798778943046,-70.00000_-160.00000,1.4962456,3.4648948,0.00044679642,0.0019946098
L0000.ANS,-70.0,-150.0,9.99987840004,2002/01/00,0,0.37,TOTAL,3.4629,0.20126,microSv/hr,ICRP Pub. 103 EFFECTIVE DOSE,-0.9396926207859083,0.3420201433256688,-0.49999999999999994,-0.8660254037844387,-0.812515199995,1.495798778943046,-70.00000_-150.00000,1.4931982,3.4513087,-0.0026006699,-0.0115914345
L0000.ANS,-70.0,-140.0,9.99987840004,2002/01/00,0,0.53,TOTAL,3.4629,0.20126,microSv/hr,ICRP Pub. 103 EFFECTIVE DOSE,-0.9396926207859083,0.3420201433256688,-0.6427876096865395,-0.7660444431189779,-0.812515199995,1.495798778943046,-70.00000_-140.00000,1.4964736,3.4659123,0.0006747246,0.0030121803
L0000.ANS,-70.0,-130.0,9.99987840004,2002/01/00,0,0.71,TOTAL,3.4628,0.20126,microSv/hr,ICRP Pub. 103 EFFECTIVE DOSE,-0.9396926207859083,0.3420201433256688,-0.766044443118978,-0.6427876096865394,-0.812515199995,1.4957763717368877,-70.00000_-130.00000,1.493149,3.45109,-0.0026273727,-0.011710167
L0000.ANS,-70.0,-120.0,9.99987840004,2002/01/00,0,0.89,TOTAL,3.4622,0.20126,microSv/hr,ICRP Pub. 103 EFFECTIVE DOSE,-0.9396926207859083,0.3420201433256688,-0.8660254037844387,-0.4999999999999998,-0.812515199995,1.4956419179551725,-70.00000_-120.00000,1.4965822,3.4663975,0.00094020367,0.004197359
L0000.ANS,-70.0,-110.0,9.99987840004,2002/01/00,0,1.09,TOTAL,3.4589,0.20126,microSv/hr,ICRP Pub. 103 EFFECTIVE DOSE,-0.9396926207859083,0.3420201433256688,-0.9396926207859084,-0.3420201433256687,-0.812515199995,1.494902098840822,-70.00000_-110.00000,1.4961987,3.464685,0.0012965202,0.00578475
L0000.ANS,-70.0,-100.0,9.99987840004,2002/01/00,0,1.28,TOTAL,3.4515,0.20123,microSv/hr,ICRP Pub. 103 EFFECTIVE DOSE,-0.9396926207859083,0.3420201433256688,-0.984807753012208,-0.1736481776669303,-0.812515199995,1.4932411180315888,-70.00000_-100.00000,1.4940388,3.4550524,0.00079774857,0.0035526752
L0000.ANS,-70.0,-90.0,9.99987840004,2002/01/00,0,1.42,TOTAL,3.4432,0.20119,microSv/hr,ICRP Pub. 103 EFFECTIVE DOSE,-0.9396926207859083,0.3420201433256688,-1.0,6.123233995736766e-17,-0.812515199995,1.4913748375703981,-70.00000_-90.00000,1.4919443,3.445731,0.0005694628,0.0025308132
L0000.ANS,-70.0,-80.0,9.99987840004,2002/01/00,0,1.53,TOTAL,3.4342,0.20113,microSv/hr,ICRP Pub. 103 EFFECTIVE DOSE,-0.9396926207859083,0.3420201433256688,-0.984807753012208,0.17364817766693041,-0.812515199995,1.4893472161759727,-70.00000_-80.00000,1.4919033,3.4455488,0.0025560856,0.011348724
L0000.ANS,-70.0,-70.0,9.99987840004,2002/01/00,0,1.53,TOTAL,3.4342,0.20112,microSv/hr,ICRP Pub. 103 EFFECTIVE DOSE,-0.9396926207859083,0.3420201433256688,-0.9396926207859083,0.3420201433256688,-0.812515199995,1.4893472161759727,-70.00000_-70.00000,1.4908006,3.4406493,0.0014533997,0.0064492226
L0000.ANS,-70.0,-60.0,9.99987840004,2002/01/00,0,1.55,TOTAL,3.4327,0.20111,microSv/hr,ICRP Pub. 103 EFFECTIVE DOSE,-0.9396926207859083,0.3420201433256688,-0.8660254037844386,0.5000000000000001,-0.812515199995,1.4890088792116878,-70.00000_-60.00000,1.4851305,3.415542,-0.003878355,-0.01715827
L0000.ANS,-70.0,-50.0,9.99987840004,2002/01/00,0,1.42,TOTAL,3.4429,0.20119,microSv/hr,ICRP Pub. 103 EFFECTIVE DOSE,-0.9396926207859083,0.3420201433256688,-0.766044443118978,0.6427876096865394,-0.812515199995,1.4913073163856005,-70.00000_-50.00000,1.4871317,3.424387,-0.004175544,-0.018512726
L0000.ANS,-70.0,-40.0,9.99987840004,2002/01/00,0,1.35,TOTAL,3.4475,0.20122,microSv/hr,ICRP Pub. 103 EFFECTIVE DOSE,-0.9396926207859083,0.3420201433256688,-0.6427876096865393,0.766044443118978,-0.812515199995,1.4923421405578532,-70.00000_-40.00000,1.4945357,3.4572666,0.0021935701,0.009766817
L0000.ANS,-70.0,-30.0,9.99987840004,2002/01/00,0,1.23,TOTAL,3.4539,0.20125,microSv/hr,ICRP Pub. 103 EFFECTIVE DOSE,-0.9396926207859083,0.3420201433256688,-0.49999999999999994,0.8660254037844387,-0.812515199995,1.493780116854349,-70.00000_-30.00000,1.4944899,3.4570625,0.0007097721,0.003162384
L0000.ANS,-70.0,-20.0,9.99987840004,2002/01/00,0,1.06,TOTAL,3.4598,0.20126,microSv/hr,ICRP Pub. 103 EFFECTIVE DOSE,-0.9396926207859083,0.3420201433256688,-0.3420201433256687,0.9396926207859084,-0.812515199995,1.4951039219771658,-70.00000_-20.00000,1.4955544,3.4618096,0.0004504919,0.0020093918
L0000.ANS,-70.0,-10.0,9.99987840004,2002/01/00,0,0.92,TOTAL,3.4619,0.20126,microSv/hr,ICRP Pub. 103 EFFECTIVE DOSE,-0.9396926207859083,0.3420201433256688,-0.17364817766693033,0.984807753012208,-0.812515199995,1.4955746842845248,-70.00000_-10.00000,1.5003947,3.4834583,0.004819989,0.021558046
L0000.ANS,-70.0,0.0,9.99987840004,2002/01/00,0,0.79,TOTAL,3.4626,0.20126,microSv/hr,ICRP Pub. 103 EFFECTIVE DOSE,-0.9396926207859083,0.3420201433256688,0.0,1.0,-0.812515199995,1.4957315558182658,-70.00000_0.00000,1.5026263,3.4934747,0.0068947077,0.03087449
L0000.ANS,-70.0,10.0,9.99987840004,2002/01/00,0,0.67,TOTAL,3.4628,0.20126,microSv/hr,ICRP Pub. 103 EFFECTIVE DOSE,-0.9396926207859083,0.3420201433256688,0.17364817766693033,0.984807753012208,-0.812515199995,1.4957763717368877,-70.00000_10.00000,1.5015221,3.4885156,0.0057456493,0.025715351
L0000.ANS,-70.0,20.0,9.99987840004,2002/01/00,0,0.55,TOTAL,3.4629,0.20126,microSv/hr,ICRP Pub. 103 EFFECTIVE DOSE,-0.9396926207859083,0.3420201433256688,0.3420201433256687,0.9396926207859084,-0.812515199995,1.495798778943046,-70.00000_20.00000,1.5001217,3.4822345,0.0043228865,0.019334316
L0000.ANS,-70.0,30.0,9.99987840004,2002/01/00,0,0.44,TOTAL,3.4629,0.20126,microSv/hr,ICRP Pub. 103 EFFECTIVE DOSE,-0.9396926207859083,0.3420201433256688,0.49999999999999994,0.8660254037844387,-0.812515199995,1.495798778943046,-70.00000_30.00000,1.4987934,3.4762845,0.0029945374,0.013384342
L0000.ANS,-70.0,40.0,9.99987840004,2002/01/00,0,0.34,TOTAL,3.4629,0.20126,microSv/hr,ICRP Pub. 103 EFFECTIVE DOSE,-0.9396926207859083,0.3420201433256688,0.6427876096865393,0.766044443118978,-0.812515199995,1.495798778943046,-70.00000_40.00000,1.4960946,3.4642203,0.00029575825,0.0013201237
L0000.ANS,-70.0,50.0,9.99987840004,2002/01/00,0,0.22,TOTAL,3.4629,0.20126,microSv/hr,ICRP Pub. 103 EFFECTIVE DOSE,-0.9396926207859083,0.3420201433256688,0.766044443118978,0.6427876096865394,-0.812515199995,1.495798778943046,-70.00000_50.00000,1.4936197,3.4531856,-0.0021791458,-0.009714603
L0000.ANS,-70.0,60.0,9.99987840004,2002/01/00,0,0.13,TOTAL,3.4629,0.20126,microSv/hr,ICRP Pub. 103 EFFECTIVE DOSE,-0.9396926207859083,0.3420201433256688,0.8660254037844386,0.5000000000000001,-0.812515199995,1.495798778943046,-70.00000_60.00000,1.4957716,3.462779,-2.7179718e-05,-0.00012111664
L0000.ANS,-70.0,70.0,9.99987840004,2002/01/00,0,0.06,TOTAL,3.4629,0.20126,microSv/hr,ICRP Pub. 103 EFFECTIVE DOSE,-0.9396926207859083,0.3420201433256688,0.9396926207859083,0.3420201433256688,-0.812515199995,1.495798778943046,-70.00000_70.00000,1.4950215,3.4594324,-0.0007773638,-0.0034677982
L0000.ANS,-70.0,80.0,9.99987840004,2002/01/00,0,0.02,TOTAL,3.4629,0.20126,microSv/hr,ICRP Pub. 103 EFFECTIVE DOSE,-0.9396926207859083,0.3420201433256688,0.984807753012208,0.17364817766693041,-0.812515199995,1.495798778943046,-70.00000_80.00000,1.4971516,3.4689417,0.001352787,0.006041527
L0000.ANS,-70.0,90.0,9.99987840004,2002/01/00,0,0.0,TOTAL,3.4629,0.20126,microSv/hr,ICRP Pub. 103 EFFECTIVE DOSE,-0.9396926207859083,0.3420201433256688,1.0,6.123233995736766e-17,-0.812515199995,1.495798778943046,-70.00000_90.00000,1.497621,3.47104,0.0018222332,0.008139849
L0000.ANS,-70.0,100.0,9.99987840004,2002/01/00,0,0.0,TOTAL,3.4629,0.20126,microSv/hr,ICRP Pub. 103 EFFECTIVE DOSE,-0.9396926207859083,0.3420201433256688,0.984807753012208,-0.1736481776669303,-0.812515199995,1.495798778943046,-70.00000_100.00000,1.4973745,3.469938,0.0015757084,0.007037878
L0000.ANS,-70.0,110.0,9.99987840004,2002/01/00,0,0.0,TOTAL,3.4629,0.20126,microSv/hr,ICRP Pub. 103 EFFECTIVE DOSE,-0.9396926207859083,0.3420201433256688,0.9396926207859084,-0.3420201433256687,-0.812515199995,1.495798778943046,-70.00000_110.00000,1.4931071,3.4509034,-0.0026917458,-0.011996746
L0000.ANS,-70.0,120.0,9.99987840004,2002/01/00,0,0.0,TOTAL,3.4629,0.20126,microSv/hr,ICRP Pub. 103 EFFECTIVE DOSE,-0.9396926207859083,0.3420201433256688,0.8660254037844387,-0.4999999999999998,-0.812515199995,1.495798778943046,-70.00000_120.00000,1.4955955,3.4619927,-0.00020337105,-0.0009074211
L0000.ANS,-70.0,130.0,9.99987840004,2002/01/00,0,0.0,TOTAL,3.4629,0.20126,microSv/hr,ICRP Pub. 103 EFFECTIVE DOSE,-0.9396926207859083,0.3420201433256688,0.766044443118978,-0.6427876096865394,-0.812515199995,1.495798778943046,-70.00000_130.00000,1.4960477,3.4640112,0.000248909,0.0011110306
L0000.ANS,-70.0,140.0,9.99987840004,2002/01/00,0,0.0,TOTAL,3.4629,0.20126,microSv/hr,ICRP Pub. 103 EFFECTIVE DOSE,-0.9396926207859083,0.3420201433256688,0.6427876096865395,-0.7660444431189779,-0.812515199995,1.495798778943046,-70.00000_140.00000,1.496177,3.4645882,0.00037813187,0.0016880035
L0000.ANS,-70.0,150.0,9.99987840004,2002/01/00,0,0.0,TOTAL,3.4629,0.20126,microSv/hr,ICRP Pub. 103 EFFECTIVE DOSE,-0.9396926207859083,0.3420201433256688,0.49999999999999994,-0.8660254037844387,-0.812515199995,1.495798778943046,-70.00000_150.00000,1.4875734,3.4263415,-0.008225441,-0.036558628
L0000.ANS,-70.0,160.0,9.99987840004,2002/01/00,0,0.0,TOTAL,3.4629,0.20126,microSv/hr,ICRP Pub. 103 EFFECTIVE DOSE,-0.9396926207859083,0.3420201433256688,0.3420201433256689,-0.9396926207859083,-0.812515199995,1.495798778943046,-70.00000_160.00000,1.497101,3.4687152,0.0013021231,0.005815029
L0000.ANS,-70.0,170.0,9.99987840004,2002/01/00,0,0.03,TOTAL,3.4629,0.20126,microSv/hr,ICRP Pub. 103 EFFECTIVE DOSE,-0.9396926207859083,0.3420201433256688,0.17364817766693028,-0.984807753012208,-0.812515199995,1.495798778943046,-70.00000_170.00000,1.5005398,3.484109,0.0047409534,0.021208763
L0000.ANS,-65.0,-179.99999,9.99987840004,2002/01/00,0,0.22,TOTAL,3.4629,0.20126,microSv/hr,ICRP Pub. 103 EFFECTIVE DOSE,-0.9063077870366499,0.42261826174069944,-1.745329251238221e-07,-0.9999999999999848,-0.812515199995,1.495798778943046,-65.00000_-179.99999,1.4961783,3.464594,0.00037944317,0.0016937256
L0000.ANS,-65.0,-170.0,9.99987840004,2002/01/00,0,0.34,TOTAL,3.4629,0.20126,microSv/hr,ICRP Pub. 103 EFFECTIVE DOSE,-0.9063077870366499,0.42261826174069944,-0.17364817766693028,-0.984807753012208,-0.812515199995,1.495798778943046,-65.00000_-170.00000,1.4968054,3.4673948,0.0010066032,0.004494667
L0000.ANS,-65.0,-160.0,9.99987840004,2002/01/00,0,0.5,TOTAL,3.4629,0.20126,microSv/hr,ICRP Pub. 103 EFFECTIVE DOSE,-0.9063077870366499,0.42261826174069944,-0.3420201433256689,-0.9396926207859083,-0.812515199995,1.495798778943046,-65.00000_-160.00000,1.4978124,3.4718957,0.002013564,0.008995533
L0000.ANS,-65.0,-150.0,9.99987840004,2002/01/00,0,0.71,TOTAL,3.4628,0.20126,microSv/hr,ICRP Pub. 103 EFFECTIVE DOSE,-0.9063077870366499,0.42261826174069944,-0.49999999999999994,-0.8660254037844387,-0.812515199995,1.4957763717368877,-65.00000_-150.00000,1.494765,3.458289,-0.0010113716,-0.0045113564
L0000.ANS,-65.0,-140.0,9.99987840004,2002/01/00,0,0.92,TOTAL,3.4619,0.20126,microSv/hr,ICRP Pub. 103 EFFECTIVE DOSE,-0.9063077870366499,0.42261826174069944,-0.6427876096865395,-0.7660444431189779,-0.812515199995,1.4955746842845248,-65.00000_-140.00000,1.4930475,3.450638,-0.002527237,-0.011262178
L0000.ANS,-65.0,-130.0,9.99987840004,2002/01/00,0,1.13,TOTAL,3.4579,0.20125,microSv/hr,ICRP Pub. 103 EFFECTIVE DOSE,-0.9063077870366499,0.42261826174069944,-0.766044443118978,-0.6427876096865394,-0.812515199995,1.4946778031284156,-65.00000_-130.00000,1.4895922,3.4352865,-0.0050855875,-0.022613287
L0000.ANS,-65.0,-120.0,9.99987840004,2002/01/00,0,1.5,TOTAL,3.4375,0.20116,microSv/hr,ICRP Pub. 103 EFFECTIVE DOSE,-0.9063077870366499,0.42261826174069944,-0.8660254037844387,-0.4999999999999998,-0.812515199995,1.490091154801534,-65.00000_-120.00000,1.4833957,3.4078882,-0.006695509,-0.029612064
L0000.ANS,-65.0,-110.0,9.99987840004,2002/01/00,0,1.79,TOTAL,3.4072,0.20088,microSv/hr,ICRP Pub. 103 EFFECTIVE DOSE,-0.9063077870366499,0.42261826174069944,-0.9396926207859084,-0.3420201433256687,-0.812515199995,1.4832395671763696,-65.00000_-110.00000,1.4805658,3.3954318,-0.0026737452,-0.011768103
L0000.ANS,-65.0,-100.0,9.99987840004,2002/01/00,0,2.02,TOTAL,3.3731,0.20029,microSv/hr,ICRP Pub. 103 EFFECTIVE DOSE,-0.9063077870366499,0.42261826174069944,-0.984807753012208,-0.1736481776669303,-0.812515199995,1.4754721397659396,-65.00000_-100.00000,1.4785581,3.386616,0.0030859709,0.013516188
L0000.ANS,-65.0,-90.0,9.99987840004,2002/01/00,0,2.31,TOTAL,3.3226,0.19924,microSv/hr,ICRP Pub. 103 EFFECTIVE DOSE,-0.9063077870366499,0.42261826174069944,-1.0,6.123233995736766e-17,-0.812515199995,1.463857073067681,-65.00000_-90.00000,1.4655547,3.3299444,0.0016976595,0.0073444843
L0000.ANS,-65.0,-80.0,9.99987840004,2002/01/00,0,2.4,TOTAL,3.3032,0.19901,microSv/hr,ICRP Pub. 103 EFFECTIVE DOSE,-0.9063077870366499,0.42261826174069944,-0.984807753012208,0.17364817766693041,-0.812515199995,1.4593589319768958,-65.00000_-80.00000,1.4541446,3.2808201,-0.0052143335,-0.022379875
L0000.ANS,-65.0,-70.0,9.99987840004,2002/01/00,0,2.42,TOTAL,3.3002,0.19888,microSv/hr,ICRP Pub. 103 EFFECTIVE DOSE,-0.9063077870366499,0.42261826174069944,-0.9396926207859083,0.3420201433256688,-0.812515199995,1.4586615332457915,-65.00000_-70.00000,1.4523101,3.272974,-0.006351471,-0.027225971
L0000.ANS,-65.0,-60.0,9.99987840004,2002/01/00,0,2.36,TOTAL,3.3128,0.19913,microSv/hr,ICRP Pub. 103 EFFECTIVE DOSE,-0.9063077870366499,0.42261826174069944,-0.8660254037844386,0.5000000000000001,-0.812515199995,1.461587345155322,-65.00000_-60.00000,1.4506524,3.2658966,-0.010934949,-0.04690337
L0000.ANS,-65.0,-50.0,9.99987840004,2002/01/00,0,2.16,TOTAL,3.3497,0.20001,microSv/hr,ICRP Pub. 103 EFFECTIVE DOSE,-0.9063077870366499,0.42261826174069944,-0.766044443118978,0.6427876096865394,-0.812515199995,1.4701068772051207,-65.00000_-50.00000,1.4624765,3.3166363,-0.007630348,-0.03306341
L0000.ANS,-65.0,-40.0,9.99987840004,2002/01/00,0,1.98,TOTAL,3.3802,0.20048,microSv/hr,ICRP Pub. 103 EFFECTIVE DOSE,-0.9063077870366499,0.42261826174069944,-0.6427876096865393,0.766044443118978,-0.812515199995,1.4770943854463294,-65.00000_-40.00000,1.4772537,3.3808978,0.00015926361,0.00069761276
L0000.ANS,-65.0,-30.0,9.99987840004,2002/01/00,0,1.74,TOTAL,3.4129,0.20092,microSv/hr,ICRP Pub. 103 EFFECTIVE DOSE,-0.9063077870366499,0.42261826174069944,-0.49999999999999994,0.8660254037844387,-0.812515199995,1.4845320697088846,-65.00000_-30.00000,1.4851592,3.4156682,0.00062704086,0.0027680397
L0000.ANS,-65.0,-20.0,9.99987840004,2002/01/00,0,1.51,TOTAL,3.436,0.20114,microSv/hr,ICRP Pub. 103 EFFECTIVE DOSE,-0.9063077870366499,0.42261826174069944,-0.3420201433256687,0.9396926207859084,-0.812515199995,1.4897530694881205,-65.00000_-20.00000,1.4932326,3.451462,0.0034794807,0.015461683
L0000.ANS,-65.0,-10.0,9.99987840004,2002/01/00,0,1.32,TOTAL,3.4495,0.20122,microSv/hr,ICRP Pub. 103 EFFECTIVE DOSE,-0.9063077870366499,0.42261826174069944,-0.17364817766693033,0.984807753012208,-0.812515199995,1.49279173031478,-65.00000_-10.00000,1.4954085,3.4611588,0.002616763,0.0116586685
L0000.ANS,-65.0,0.0,9.99987840004,2002/01/00,0,1.12,TOTAL,3.4582,0.20125,microSv/hr,ICRP Pub. 103 EFFECTIVE DOSE,-0.9063077870366499,0.42261826174069944,0.0,1.0,-0.812515199995,1.494745097124695,-65.00000_0.00000,1.4966562,3.4667282,0.0019110441,0.008527994
L0000.ANS,-65.0,10.0,9.99987840004,2002/01/00,0,0.99,TOTAL,3.4611,0.20126,microSv/hr,ICRP Pub. 103 EFFECTIVE DOSE,-0.9063077870366499,0.42261826174069944,0.17364817766693033,0.984807753012208,-0.812515199995,1.4953953723934248,-65.00000_10.00000,1.500742,3.4850156,0.0053465366,0.02391553
L0000.ANS,-65.0,20.0,9.99987840004,2002/01/00,0,0.82,TOTAL,3.4625,0.20126,microSv/hr,ICRP Pub. 103 EFFECTIVE DOSE,-0.9063077870366499,0.42261826174069944,0.3420201433256687,0.9396926207859084,-0.812515199995,1.4957091471057575,-65.00000_20.00000,1.5005667,3.4842296,0.00485754,0.02172947
L0000.ANS,-65.0,30.0,9.99987840004,2002/01/00,0,0.67,TOTAL,3.4628,0.20126,microSv/hr,ICRP Pub. 103 EFFECTIVE DOSE,-0.9063077870366499,0.42261826174069944,0.49999999999999994,0.8660254037844387,-0.812515199995,1.4957763717368877,-65.00000_30.00000,1.4967537,3.4671638,0.0009772778,0.004363537
L0000.ANS,-65.0,40.0,9.99987840004,2002/01/00,0,0.51,TOTAL,3.4629,0.20126,microSv/hr,ICRP Pub. 103 EFFECTIVE DOSE,-0.9063077870366499,0.42261826174069944,0.6427876096865393,0.766044443118978,-0.812515199995,1.495798778943046,-65.00000_40.00000,1.4930215,3.4505224,-0.002777338,-0.012377739
L0000.ANS,-65.0,50.0,9.99987840004,2002/01/00,0,0.39,TOTAL,3.4629,0.20126,microSv/hr,ICRP Pub. 103 EFFECTIVE DOSE,-0.9063077870366499,0.42261826174069944,0.766044443118978,0.6427876096865394,-0.812515199995,1.495798778943046,-65.00000_50.00000,1.4969352,3.467975,0.0011364222,0.0050747395
L0000.ANS,-65.0,60.0,9.99987840004,2002/01/00,0,0.28,TOTAL,3.4629,0.20126,microSv/hr,ICRP Pub. 103 EFFECTIVE DOSE,-0.9063077870366499,0.42261826174069944,0.8660254037844386,0.5000000000000001,-0.812515199995,1.495798778943046,-65.00000_60.00000,1.4970613,3.4685378,0.0012624264,0.0056376457
L0000.ANS,-65.0,70.0,9.99987840004,2002/01/00,0,0.18,TOTAL,3.4629,0.20126,microSv/hr,ICRP Pub. 103 EFFECTIVE DOSE,-0.9063077870366499,0.42261826174069944,0.9396926207859083,0.3420201433256688,-0.812515199995,1.495798778943046,-65.00000_70.00000,1.49579,3.4628608,-8.821487e-06,-3.9339066e-05
L0000.ANS,-65.0,80.0,9.99987840004,2002/01/00,0,0.06,TOTAL,3.4629,0.20126,microSv/hr,ICRP Pub. 103 EFFECTIVE DOSE,-0.9063077870366499,0.42261826174069944,0.984807753012208,0.17364817766693041,-0.812515199995,1.495798778943046,-65.00000_80.00000,1.4949095,3.458933,-0.0008893013,-0.0039670467
L0000.ANS,-65.0,90.0,9.99987840004,2002/01/00,0,0.03,TOTAL,3.4629,0.20126,microSv/hr,ICRP Pub. 103 EFFECTIVE DOSE,-0.9063077870366499,0.42261826174069944,1.0,6.123233995736766e-17,-0.812515199995,1.495798778943046,-65.00000_90.00000,1.495122,3.4598804,-0.00067687035,-0.0030198097
L0000.ANS,-65.0,100.0,9.99987840004,2002/01/00,0,0.0,TOTAL,3.4629,0.20126,microSv/hr,ICRP Pub. 103 EFFECTIVE DOSE,-0.9063077870366499,0.42261826174069944,0.984807753012208,-0.1736481776669303,-0.812515199995,1.495798778943046,-65.00000_100.00000,1.4943564,3.4564674,-0.0014424324,-0.0064327717
L0000.ANS,-65.0,110.0,9.99987840004,2002/01/00,0,0.0,TOTAL,3.4629,0.20126,microSv/hr,ICRP Pub. 103 EFFECTIVE DOSE,-0.9063077870366499,0.42261826174069944,0.9396926207859084,-0.3420201433256687,-0.812515199995,1.495798778943046,-65.00000_110.00000,1.495477,3.461464,-0.00032186508,-0.0014362335
L0000.ANS,-65.0,120.0,9.99987840004,2002/01/00,0,0.0,TOTAL,3.4629,0.20126,microSv/hr,ICRP Pub. 103 EFFECTIVE DOSE,-0.9063077870366499,0.42261826174069944,0.8660254037844387,-0.4999999999999998,-0.812515199995,1.495798778943046,-65.00000_120.00000,1.4947286,3.4581263,-0.001070261,-0.004773855
L0000.ANS,-65.0,130.0,9.99987840004,2002/01/00,0,0.0,TOTAL,3.4629,0.20126,microSv/hr,ICRP Pub. 103 EFFECTIVE DOSE,-0.9063077870366499,0.42261826174069944,0.766044443118978,-0.6427876096865394,-0.812515199995,1.495798778943046,-65.00000_130.00000,1.5022593,3.4918258,0.0064604282,0.028925657
L0000.ANS,-65.0,140.0,9.99987840004,2002/01/00,0,0.0,TOTAL,3.4629,0.20126,microSv/hr,ICRP Pub. 103 EFFECTIVE DOSE,-0.9063077870366499,0.42261826174069944,0.6427876096865395,-0.7660444431189779,-0.812515199995,1.495798778943046,-65.00000_140.00000,1.4898665,3.4365032,-0.005932331,-0.02639699
L0000.ANS,-65.0,150.0,9.99987840004,2002/01/00,0,0.02,TOTAL,3.4629,0.20126,microSv/hr,ICRP Pub. 103 EFFECTIVE DOSE,-0.9063077870366499,0.42261826174069944,0.49999999999999994,-0.8660254037844387,-0.812515199995,1.495798778943046,-65.00000_150.00000,1.4936638,3.453382,-0.0021350384,-0.0095181465
L0000.ANS,-65.0,160.0,9.99987840004,2002/01/00,0,0.04,TOTAL,3.4629,0.20126,microSv/hr,ICRP Pub. 103 EFFECTIVE DOSE,-0.9063077870366499,0.42261826174069944,0.3420201433256689,-0.9396926207859083,-0.812515199995,1.495798778943046,-65.00000_160.00000,1.4965206,3.4661226,0.00072181225,0.0032224655
L0000.ANS,-65.0,170.0,9.99987840004,2002/01/00,0,0.09,TOTAL,3.4629,0.20126,microSv/hr,ICRP Pub. 103 EFFECTIVE DOSE,-0.9063077870366499,0.42261826174069944,0.17364817766693028,-0.984807753012208,-0.812515199995,1.495798778943046,-65.00000_170.00000,1.498379,3.47443,0.0025801659,0.0115299225
L0000.ANS,-60.0,-179.99999,9.99987840004,2002/01/00,0,0.47,TOTAL,3.4629,0.20126,microSv/hr,ICRP Pub. 103 EFFECTIVE DOSE,-0.8660254037844386,0.5000000000000001,-1.745329251238221e-07,-0.9999999999999848,-0.812515199995,1.495798778943046,-60.00000_-179.99999,1.4985306,3.4751086,0.0027318,0.012208462
L0000.ANS,-60.0,-170.0,9.99987840004,2002/01/00,0,0.66,TOTAL,3.4628,0.20126,microSv/hr,ICRP Pub. 103 EFFECTIVE DOSE,-0.8660254037844386,0.5000000000000001,-0.17364817766693028,-0.984807753012208,-0.812515199995,1.4957763717368877,-60.00000_-170.00000,1.4991575,3.477915,0.003381133,0.015114784
L0000.ANS,-60.0,-160.0,9.99987840004,2002/01/00,0,0.89,TOTAL,3.4622,0.20126,microSv/hr,ICRP Pub. 103 EFFECTIVE DOSE,-0.8660254037844386,0.5000000000000001,-0.3420201433256689,-0.9396926207859083,-0.812515199995,1.4956419179551725,-60.00000_-160.00000,1.4948074,3.4584775,-0.00083458424,-0.0037226677
L0000.ANS,-60.0,-150.0,9.99987840004,2002/01/00,0,1.18,TOTAL,3.456,0.20125,microSv/hr,ICRP Pub. 103 EFFECTIVE DOSE,-0.8660254037844386,0.5000000000000001,-0.49999999999999994,-0.8660254037844387,-0.812515199995,1.494251502624983,-60.00000_-150.00000,1.4917599,3.4449112,-0.0024915934,-0.01108861
L0000.ANS,-60.0,-140.0,9.99987840004,2002/01/00,0,1.53,TOTAL,3.4347,0.20113,microSv/hr,ICRP Pub. 103 EFFECTIVE DOSE,-0.8660254037844386,0.5000000000000001,-0.6427876096865395,-0.7660444431189779,-0.812515199995,1.4894599697306479,-60.00000_-140.00000,1.4845206,3.4128492,-0.004939437,-0.021850824
L0000.ANS,-60.0,-130.0,9.99987840004,2002/01/00,0,1.9,TOTAL,3.3918,0.20061,microSv/hr,ICRP Pub. 103 EFFECTIVE DOSE,-0.8660254037844386,0.5000000000000001,-0.766044443118978,-0.6427876096865394,-0.812515199995,1.479739165829754,-60.00000_-130.00000,1.4773571,3.381351,-0.00238204,-0.010449171
L0000.ANS,-60.0,-120.0,9.99987840004,2002/01/00,0,2.26,TOTAL,3.3321,0.19943,microSv/hr,ICRP Pub. 103 EFFECTIVE DOSE,-0.8660254037844386,0.5000000000000001,-0.8660254037844387,-0.4999999999999998,-0.812515199995,1.4660524128981662,-60.00000_-120.00000,1.4579211,3.2970173,-0.008131266,-0.03508258
L0000.ANS,-60.0,-110.0,9.99987840004,2002/01/00,0,2.68,TOTAL,3.2413,0.19736,microSv/hr,ICRP Pub. 103 EFFECTIVE DOSE,-0.8660254037844386,0.5000000000000001,-0.9396926207859084,-0.3420201433256687,-0.812515199995,1.4448698260241195,-60.00000_-110.00000,1.4428875,3.2329009,-0.0019823313,-0.008399248
L0000.ANS,-60.0,-100.0,9.99987840004,2002/01/00,0,3.05,TOTAL,3.1548,0.19437,microSv/hr,ICRP Pub. 103 EFFECTIVE DOSE,-0.8660254037844386,0.5000000000000001,-0.984807753012208,-0.1736481776669303,-0.812515199995,1.4242642923715192,-60.00000_-100.00000,1.4166671,3.123355,-0.007597208,-0.031445265
L0000.ANS,-60.0,-90.0,9.99987840004,2002/01/00,0,3.53,TOTAL,3.0378,0.18994,microSv/hr,ICRP Pub. 103 EFFECTIVE DOSE,-0.8660254037844386,0.5000000000000001,-1.0,6.123233995736766e-17,-0.812515199995,1.3956999891939863,-60.00000_-90.00000,1.400442,3.0569928,0.0047420263,0.019192934
L0000.ANS,-60.0,-80.0,9.99987840004,2002/01/00,0,3.67,TOTAL,3.0019,0.18934,microSv/hr,ICRP Pub. 103 EFFECTIVE DOSE,-0.8660254037844386,0.5000000000000001,-0.984807753012208,0.17364817766693041,-0.812515199995,1.3867692483431018,-60.00000_-80.00000,1.391763,3.0219343,0.004993677,0.020034075
L0000.ANS,-60.0,-70.0,9.99987840004,2002/01/00,0,3.6,TOTAL,3.0196,0.18953,microSv/hr,ICRP Pub. 103 EFFECTIVE DOSE,-0.8660254037844386,0.5000000000000001,-0.9396926207859083,0.3420201433256688,-0.812515199995,1.3911823951926665,-60.00000_-70.00000,1.3970177,3.0431242,0.0058352947,0.023524046
L0000.ANS,-60.0,-60.0,9.99987840004,2002/01/00,0,3.38,TOTAL,3.0741,0.19147,microSv/hr,ICRP Pub. 103 EFFECTIVE DOSE,-0.8660254037844386,0.5000000000000001,-0.8660254037844386,0.5000000000000001,-0.812515199995,1.404649863404203,-60.00000_-60.00000,1.4056375,3.0781257,0.000987649,0.0040256977
L0000.ANS,-60.0,-50.0,9.99987840004,2002/01/00,0,3.14,TOTAL,3.1337,0.19357,microSv/hr,ICRP Pub. 103 EFFECTIVE DOSE,-0.8660254037844386,0.5000000000000001,-0.766044443118978,0.6427876096865394,-0.812515199995,1.4191728896858302,-60.00000_-50.00000,1.4246321,3.1563284,0.0054591894,0.022628546
L0000.ANS,-60.0,-40.0,9.99987840004,2002/01/00,0,2.73,TOTAL,3.2318,0.19691,microSv/hr,ICRP Pub. 103 EFFECTIVE DOSE,-0.8660254037844386,0.5000000000000001,-0.6427876096865393,0.766044443118978,-0.812515199995,1.4426274344600514,-60.00000_-40.00000,1.4500976,3.2635305,0.007470131,0.031730413
L0000.ANS,-60.0,-30.0,9.99987840004,2002/01/00,0,2.34,TOTAL,3.3161,0.19916,microSv/hr,ICRP Pub. 103 EFFECTIVE DOSE,-0.8660254037844386,0.5000000000000001,-0.49999999999999994,0.8660254037844387,-0.812515199995,1.46235221672896,-60.00000_-30.00000,1.4616404,3.3130286,-0.0007119179,-0.0030715466
L0000.ANS,-60.0,-20.0,9.99987840004,2002/01/00,0,2.0,TOTAL,3.3763,0.20037,microSv/hr,ICRP Pub. 103 EFFECTIVE DOSE,-0.8660254037844386,0.5000000000000001,-0.3420201433256687,0.9396926207859084,-0.812515199995,1.4762036185285252,-60.00000_-20.00000,1.477635,3.3825688,0.0014314651,0.006268978
L0000.ANS,-60.0,-10.0,9.99987840004,2002/01/00,0,1.76,TOTAL,3.4102,0.20091,microSv/hr,ICRP Pub. 103 EFFECTIVE DOSE,-0.8660254037844386,0.5000000000000001,-0.17364817766693033,0.984807753012208,-0.812515199995,1.4839200399043306,-60.00000_-10.00000,1.489896,3.4366343,0.0059759617,0.026433945
L0000.ANS,-60.0,0.0,9.99987840004,2002/01/00,0,1.51,TOTAL,3.4365,0.20115,microSv/hr,ICRP Pub. 103 EFFECTIVE DOSE,-0.8660254037844386,0.5000000000000001,0.0,1.0,-0.812515199995,1.4898657772932555,-60.00000_0.00000,1.4934516,3.452437,0.0035858154,0.015936852
L0000.ANS,-60.0,10.0,9.99987840004,2002/01/00,0,1.31,TOTAL,3.4497,0.20122,microSv/hr,ICRP Pub. 103 EFFECTIVE DOSE,-0.8660254037844386,0.5000000000000001,0.17364817766693033,0.984807753012208,-0.812515199995,1.4928366781752693,-60.00000_10.00000,1.493876,3.454327,0.0010392666,0.0046269894
L0000.ANS,-60.0,20.0,9.99987840004,2002/01/00,0,1.14,TOTAL,3.4577,0.20125,microSv/hr,ICRP Pub. 103 EFFECTIVE DOSE,-0.8660254037844386,0.5000000000000001,0.3420201433256687,0.9396926207859084,-0.812515199995,1.4946329379482743,-60.00000_20.00000,1.495625,3.4621246,0.0009920597,0.004424572
L0000.ANS,-60.0,30.0,9.99987840004,2002/01/00,0,1.01,TOTAL,3.4608,0.20126,microSv/hr,ICRP Pub. 103 EFFECTIVE DOSE,-0.8660254037844386,0.5000000000000001,0.49999999999999994,0.8660254037844387,-0.812515199995,1.495328122144013,-60.00000_30.00000,1.4961141,3.4643075,0.00078606606,0.0035078526
L0000.ANS,-60.0,40.0,9.99987840004,2002/01/00,0,0.81,TOTAL,3.4626,0.20126,microSv/hr,ICRP Pub. 103 EFFECTIVE DOSE,-0.8660254037844386,0.5000000000000001,0.6427876096865393,0.766044443118978,-0.812515199995,1.4957315558182658,-60.00000_40.00000,1.4956348,3.4621682,-9.679794e-05,-0.00043201447
L0000.ANS,-60.0,50.0,9.99987840004,2002/01/00,0,0.64,TOTAL,3.4629,0.20126,microSv/hr,ICRP Pub. 103 EFFECTIVE DOSE,-0.8660254037844386,0.5000000000000001,0.766044443118978,0.6427876096865394,-0.812515199995,1.495798778943046,-60.00000_50.00000,1.4980192,3.4728205,0.0022203922,0.009920359
L0000.ANS,-60.0,60.0,9.99987840004,2002/01/00,0,0.49,TOTAL,3.4629,0.20126,microSv/hr,ICRP Pub. 103 EFFECTIVE DOSE,-0.8660254037844386,0.5000000000000001,0.8660254037844386,0.5000000000000001,-0.812515199995,1.495798778943046,-60.00000_60.00000,1.4981452,3.4733841,0.0023463964,0.01048398
L0000.ANS,-60.0,70.0,9.99987840004,2002/01/00,0,0.34,TOTAL,3.4629,0.20126,microSv/hr,ICRP Pub. 103 EFFECTIVE DOSE,-0.8660254037844386,0.5000000000000001,0.9396926207859083,0.3420201433256688,-0.812515199995,1.495798778943046,-60.00000_70.00000,1.4983132,3.4741356,0.0025143623,0.011235476
L0000.ANS,-60.0,80.0,9.99987840004,2002/01/00,0,0.21,TOTAL,3.4629,0.20126,microSv/hr,ICRP Pub. 103 EFFECTIVE DOSE,-0.8660254037844386,0.5000000000000001,0.984807753012208,0.17364817766693041,-0.812515199995,1.495798778943046,-60.00000_80.00000,1.4974401,3.470231,0.0016412735,0.0073308945
L0000.ANS,-60.0,90.0,9.99987840004,2002/01/00,0,0.1,TOTAL,3.4629,0.20126,microSv/hr,ICRP Pub. 103 EFFECTIVE DOSE,-0.8660254037844386,0.5000000000000001,1.0,6.123233995736766e-17,-0.812515199995,1.495798778943046,-60.00000_90.00000,1.4900808,3.4374542,-0.005717993,-0.025445938
L0000.ANS,-60.0,100.0,9.99987840004,2002/01/00,0,0.06,TOTAL,3.4629,0.20126,microSv/hr,ICRP Pub. 103 EFFECTIVE DOSE,-0.8660254037844386,0.5000000000000001,0.984807753012208,-0.1736481776669303,-0.812515199995,1.495798778943046,-60.00000_100.00000,1.4950061,3.4593637,-0.0007927418,-0.0035364628
L0000.ANS,-60.0,110.0,9.99987840004,2002/01/00,0,0.03,TOTAL,3.4629,0.20126,microSv/hr,ICRP Pub. 103 EFFECTIVE DOSE,-0.8660254037844386,0.5000000000000001,0.9396926207859084,-0.3420201433256687,-0.812515199995,1.495798778943046,-60.00000_110.00000,1.4963027,3.4651496,0.00050389767,0.0022494793
L0000.ANS,-60.0,120.0,9.99987840004,2002/01/00,0,0.03,TOTAL,3.4629,0.20126,microSv/hr,ICRP Pub. 103 EFFECTIVE DOSE,-0.8660254037844386,0.5000000000000001,0.8660254037844387,-0.4999999999999998,-0.812515199995,1.495798778943046,-60.00000_120.00000,1.4967406,3.4671052,0.0009417534,0.0042049885
L0000.ANS,-60.0,130.0,9.99987840004,2002/01/00,0,0.03,TOTAL,3.4629,0.20126,microSv/hr,ICRP Pub. 103 EFFECTIVE DOSE,-0.8660254037844386,0.5000000000000001,0.766044443118978,-0.6427876096865394,-0.812515199995,1.495798778943046,-60.00000_130.00000,1.502046,3.4908679,0.006247163,0.027967691
L0000.ANS,-60.0,140.0,9.99987840004,2002/01/00,0,0.07,TOTAL,3.4629,0.20126,microSv/hr,ICRP Pub. 103 EFFECTIVE DOSE,-0.8660254037844386,0.5000000000000001,0.6427876096865395,-0.7660444431189779,-0.812515199995,1.495798778943046,-60.00000_140.00000,1.4915667,3.4440525,-0.004232168,-0.018847704
L0000.ANS,-60.0,150.0,9.99987840004,2002/01/00,0,0.13,TOTAL,3.4629,0.20126,microSv/hr,ICRP Pub. 103 EFFECTIVE DOSE,-0.8660254037844386,0.5000000000000001,0.49999999999999994,-0.8660254037844387,-0.812515199995,1.495798778943046,-60.00000_150.00000,1.4961798,3.4646008,0.0003809929,0.0017006397
L0000.ANS,-60.0,160.0,9.99987840004,2002/01/00,0,0.21,TOTAL,3.4629,0.20126,microSv/hr,ICRP Pub. 103 EFFECTIVE DOSE,-0.8660254037844386,0.5000000000000001,0.3420201433256689,-0.9396926207859083,-0.812515199995,1.495798778943046,-60.00000_160.00000,1.4952421,3.4604163,-0.0005567074,-0.0024838448
L0000.ANS,-60.0,170.0,9.99987840004,2002/01/00,0,0.3,TOTAL,3.4629,0.20126,microSv/hr,ICRP Pub. 103 EFFECTIVE DOSE,-0.8660254037844386,0.5000000000000001,0.17364817766693028,-0.984807753012208,-0.812515199995,1.495798778943046,-60.00000_170.00000,1.4934002,3.4522083,-0.00239861,-0.010691881
L0000.ANS,-55.0,-179.99999,9.99987840004,2002/01/00,0,0.93,TOTAL,3.4619,0.20126,microSv/hr,ICRP Pub. 103 EFFECTIVE DOSE,-0.8191520442889918,0.5735764363510462,-1.745329251238221e-07,-0.9999999999999848,-0.812515199995,1.4955746842845248,-55.00000_-179.99999,1.4960097,3.4638414,0.0004349947,0.0019412041
L0000.ANS,-55.0,-170.0,9.99987840004,2002/01/00,0,1.17,TOTAL,3.4564,0.20125,microSv/hr,ICRP Pub. 103 EFFECTIVE DOSE,-0.8191520442889918,0.5735764363510462,-0.17364817766693028,-0.984807753012208,-0.812515199995,1.4943412652030243,-55.00000_-170.00000,1.4916142,3.4442637,-0.0027270317,-0.012136221
L0000.ANS,-55.0,-160.0,9.99987840004,2002/01/00,0,1.52,TOTAL,3.4352,0.20113,microSv/hr,ICRP Pub. 103 EFFECTIVE DOSE,-0.8191520442889918,0.5735764363510462,-0.3420201433256689,-0.9396926207859083,-0.812515199995,1.4895727105733925,-55.00000_-160.00000,1.483094,3.4065585,-0.0064787865,-0.0286417
L0000.ANS,-55.0,-150.0,9.99987840004,2002/01/00,0,1.93,TOTAL,3.3873,0.20058,microSv/hr,ICRP Pub. 103 EFFECTIVE DOSE,-0.8191520442889918,0.5735764363510462,-0.49999999999999994,-0.8660254037844387,-0.812515199995,1.478714003707416,-55.00000_-150.00000,1.4736865,3.365298,-0.0050275326,-0.022001982
L0000.ANS,-55.0,-140.0,9.99987840004,2002/01/00,0,2.27,TOTAL,3.3306,0.19939,microSv/hr,ICRP Pub. 103 EFFECTIVE DOSE,-0.8191520442889918,0.5735764363510462,-0.6427876096865395,-0.7660444431189779,-0.812515199995,1.4657061005440524,-55.00000_-140.00000,1.4603748,3.3075738,-0.005331278,-0.023026228
L0000.ANS,-55.0,-130.0,9.99987840004,2002/01/00,0,2.74,TOTAL,3.2292,0.1968,microSv/hr,ICRP Pub. 103 EFFECTIVE DOSE,-0.8191520442889918,0.5735764363510462,-0.766044443118978,-0.6427876096865394,-0.812515199995,1.4420128498762343,-55.00000_-130.00000,1.4445126,3.2397852,0.0024996996,0.010584831
L0000.ANS,-55.0,-120.0,9.99987840004,2002/01/00,0,3.3,TOTAL,3.0952,0.19284,microSv/hr,ICRP Pub. 103 EFFECTIVE DOSE,-0.8191520442889918,0.5735764363510462,-0.8660254037844387,-0.4999999999999998,-0.812515199995,1.4098155561612364,-55.00000_-120.00000,1.4083462,3.089187,-0.0014693737,-0.006013155
L0000.ANS,-55.0,-110.0,9.99987840004,2002/01/00,0,3.86,TOTAL,2.9539,0.18628,microSv/hr,ICRP Pub. 103 EFFECTIVE DOSE,-0.8191520442889918,0.5735764363510462,-0.9396926207859084,-0.3420201433256687,-0.812515199995,1.3747024335838922,-55.00000_-110.00000,1.3719484,2.9430256,-0.0027540922,-0.01087451
L0000.ANS,-55.0,-100.0,9.99987840004,2002/01/00,0,4.39,TOTAL,2.8233,0.18016,microSv/hr,ICRP Pub. 103 EFFECTIVE DOSE,-0.8191520442889918,0.5735764363510462,-0.984807753012208,-0.1736481776669303,-0.812515199995,1.341113924039349,-55.00000_-100.00000,1.3366897,2.8064222,-0.0044242144,-0.016877651
L0000.ANS,-55.0,-90.0,9.99987840004,2002/01/00,0,4.6,TOTAL,2.7744,0.17895,microSv/hr,ICRP Pub. 103 EFFECTIVE DOSE,-0.8191520442889918,0.5735764363510462,-1.0,6.123233995736766e-17,-0.812515199995,1.3282414296712735,-55.00000_-90.00000,1.3206608,2.7458959,-0.007580638,-0.028504372
L0000.ANS,-55.0,-80.0,9.99987840004,2002/01/00,0,4.76,TOTAL,2.7365,0.17607,microSv/hr,ICRP Pub. 103 EFFECTIVE DOSE,-0.8191520442889918,0.5735764363510462,-0.984807753012208,0.17364817766693041,-0.812515199995,1.3181493443882077,-55.00000_-80.00000,1.3140795,2.721324,-0.004069805,-0.015176058
L0000.ANS,-55.0,-70.0,9.99987840004,2002/01/00,0,4.6,TOTAL,2.7726,0.17894,microSv/hr,ICRP Pub. 103 EFFECTIVE DOSE,-0.8191520442889918,0.5735764363510462,-0.9396926207859083,0.3420201433256688,-0.812515199995,1.3277644189294873,-55.00000_-70.00000,1.3222407,2.7518187,-0.0055236816,-0.020781279
L0000.ANS,-55.0,-60.0,9.99987840004,2002/01/00,0,4.34,TOTAL,2.8369,0.18084,microSv/hr,ICRP Pub. 103 EFFECTIVE DOSE,-0.8191520442889918,0.5735764363510462,-0.8660254037844386,0.5000000000000001,-0.812515199995,1.344664748897569,-55.00000_-60.00000,1.3401761,2.8197162,-0.0044885874,-0.017183542
L0000.ANS,-55.0,-50.0,9.99987840004,2002/01/00,0,3.92,TOTAL,2.9391,0.18568,microSv/hr,ICRP Pub. 103 EFFECTIVE DOSE,-0.8191520442889918,0.5735764363510462,-0.766044443118978,0.6427876096865394,-0.812515199995,1.3709522708206205,-55.00000_-50.00000,1.3701363,2.9358869,-0.0008159876,-0.0032131672
L0000.ANS,-55.0,-40.0,9.99987840004,2002/01/00,0,3.42,TOTAL,3.0637,0.19093,microSv/hr,ICRP Pub. 103 EFFECTIVE DOSE,-0.8191520442889918,0.5735764363510462,-0.6427876096865393,0.766044443118978,-0.812515199995,1.402093888653794,-55.00000_-40.00000,1.4094237,3.0935955,0.0073298216,0.029895544
L0000.ANS,-55.0,-30.0,9.99987840004,2002/01/00,0,2.95,TOTAL,3.1794,0.19576,microSv/hr,ICRP Pub. 103 EFFECTIVE DOSE,-0.8191520442889918,0.5735764363510462,-0.49999999999999994,0.8660254037844387,-0.812515199995,1.4301676955638605,-55.00000_-30.00000,1.4325047,3.1891785,0.002336979,0.0097785
L0000.ANS,-55.0,-20.0,9.99987840004,2002/01/00,0,2.59,TOTAL,3.2627,0.19782,microSv/hr,ICRP Pub. 103 EFFECTIVE DOSE,-0.8191520442889918,0.5735764363510462,-0.3420201433256687,0.9396926207859084,-0.812515199995,1.4499027623300023,-55.00000_-20.00000,1.4521322,3.2722142,0.0022294521,0.009514093
L0000.ANS,-55.0,-10.0,9.99987840004,2002/01/00,0,2.25,TOTAL,3.3333,0.19946,microSv/hr,ICRP Pub. 103 EFFECTIVE DOSE,-0.8191520442889918,0.5735764363510462,-0.17364817766693033,0.984807753012208,-0.812515199995,1.4663293764561487,-55.00000_-10.00000,1.4726677,3.360853,0.006338358,0.027553082
L0000.ANS,-55.0,0.0,9.99987840004,2002/01/00,0,1.92,TOTAL,3.3882,0.20059,microSv/hr,ICRP Pub. 103 EFFECTIVE DOSE,-0.8191520442889918,0.5735764363510462,0.0,1.0,-0.812515199995,1.4789191202257124,-55.00000_0.00000,1.4858023,3.418509,0.0068831444,0.030308962
L0000.ANS,-55.0,10.0,9.99987840004,2002/01/00,0,1.73,TOTAL,3.4136,0.20092,microSv/hr,ICRP Pub. 103 EFFECTIVE DOSE,-0.8191520442889918,0.5735764363510462,0.17364817766693033,0.984807753012208,-0.812515199995,1.484690682976084,-55.00000_10.00000,1.4840611,3.4108222,-0.00062954426,-0.0027778149
L0000.ANS,-55.0,20.0,9.99987840004,2002/01/00,0,1.55,TOTAL,3.4331,0.20112,microSv/hr,ICRP Pub. 103 EFFECTIVE DOSE,-0.8191520442889918,0.5735764363510462,0.3420201433256687,0.9396926207859084,-0.812515199995,1.489099113595561,-55.00000_20.00000,1.4889731,3.4325416,-0.00012600422,-0.00055861473
L0000.ANS,-55.0,30.0,9.99987840004,2002/01/00,0,1.39,TOTAL,3.4449,0.2012,microSv/hr,ICRP Pub. 103 EFFECTIVE DOSE,-0.8191520442889918,0.5735764363510462,0.49999999999999994,0.8660254037844387,-0.812515199995,1.4917573715249508,-55.00000_30.00000,1.4911499,3.4422007,-0.00060749054,-0.0026993752
L0000.ANS,-55.0,40.0,9.99987840004,2002/01/00,0,1.23,TOTAL,3.4542,0.20125,microSv/hr,ICRP Pub. 103 EFFECTIVE DOSE,-0.8191520442889918,0.5735764363510462,0.6427876096865393,0.766044443118978,-0.812515199995,1.4938474712846121,-55.00000_40.00000,1.4948075,3.4584782,0.0009599924,0.004278183
L0000.ANS,-55.0,50.0,9.99987840004,2002/01/00,0,1.0,TOTAL,3.461,0.20126,microSv/hr,ICRP Pub. 103 EFFECTIVE DOSE,-0.8191520442889918,0.5735764363510462,0.766044443118978,0.6427876096865394,-0.812515199995,1.4953729561461278,-55.00000_50.00000,1.4960539,3.4640388,0.00068092346,0.0030386448
L0000.ANS,-55.0,60.0,9.99987840004,2002/01/00,0,0.78,TOTAL,3.4627,0.20126,microSv/hr,ICRP Pub. 103 EFFECTIVE DOSE,-0.8191520442889918,0.5735764363510462,0.8660254037844386,0.5000000000000001,-0.812515199995,1.495753964028635,-55.00000_60.00000,1.4938531,3.454225,-0.0019009113,-0.008475065
L0000.ANS,-55.0,70.0,9.99987840004,2002/01/00,0,0.6,TOTAL,3.4629,0.20126,microSv/hr,ICRP Pub. 103 EFFECTIVE DOSE,-0.8191520442889918,0.5735764363510462,0.9396926207859083,0.3420201433256688,-0.812515199995,1.495798778943046,-55.00000_70.00000,1.4984963,3.474955,0.0026974678,0.01205492
L0000.ANS,-55.0,80.0,9.99987840004,2002/01/00,0,0.45,TOTAL,3.4629,0.20126,microSv/hr,ICRP Pub. 103 EFFECTIVE DOSE,-0.8191520442889918,0.5735764363510462,0.984807753012208,0.17364817766693041,-0.812515199995,1.495798778943046,-55.00000_80.00000,1.4970033,3.468279,0.0012044907,0.005378723
L0000.ANS,-55.0,90.0,9.99987840004,2002/01/00,0,0.35,TOTAL,3.4629,0.20126,microSv/hr,ICRP Pub. 103 EFFECTIVE DOSE,-0.8191520442889918,0.5735764363510462,1.0,6.123233995736766e-17,-0.812515199995,1.495798778943046,-55.00000_90.00000,1.4938921,3.4543986,-0.0019067526,-0.00850153
L0000.ANS,-55.0,100.0,9.99987840004,2002/01/00,0,0.27,TOTAL,3.4629,0.20126,microSv/hr,ICRP Pub. 103 EFFECTIVE DOSE,-0.8191520442889918,0.5735764363510462,0.984807753012208,-0.1736481776669303,-0.812515199995,1.495798778943046,-55.00000_100.00000,1.4925916,3.4486098,-0.0032072067,-0.014290333
L0000.ANS,-55.0,110.0,9.99987840004,2002/01/00,0,0.21,TOTAL,3.4629,0.20126,microSv/hr,ICRP Pub. 103 EFFECTIVE DOSE,-0.8191520442889918,0.5735764363510462,0.9396926207859084,-0.3420201433256687,-0.812515199995,1.495798778943046,-55.00000_110.00000,1.495977,3.4636955,0.00017821789,0.0007953644
L0000.ANS,-55.0,120.0,9.99987840004,2002/01/00,0,0.2,TOTAL,3.4629,0.20126,microSv/hr,ICRP Pub. 103 EFFECTIVE DOSE,-0.8191520442889918,0.5735764363510462,0.8660254037844387,-0.4999999999999998,-0.812515199995,1.495798778943046,-55.00000_120.00000,1.4979427,3.4724784,0.0021438599,0.009578228
L0000.ANS,-55.0,130.0,9.99987840004,2002/01/00,0,0.24,TOTAL,3.4629,0.20126,microSv/hr,ICRP Pub. 103 EFFECTIVE DOSE,-0.8191520442889918,0.5735764363510462,0.766044443118978,-0.6427876096865394,-0.812515199995,1.495798778943046,-55.00000_130.00000,1.4949456,3.459094,-0.0008531809,-0.0038061142
L0000.ANS,-55.0,140.0,9.99987840004,2002/01/00,0,0.28,TOTAL,3.4629,0.20126,microSv/hr,ICRP Pub. 103 EFFECTIVE DOSE,-0.8191520442889918,0.5735764363510462,0.6427876096865395,-0.7660444431189779,-0.812515199995,1.495798778943046,-55.00000_140.00000,1.4958677,3.4632077,6.890297e-05,0.00030755997
L0000.ANS,-55.0,150.0,9.99987840004,2002/01/00,0,0.35,TOTAL,3.4629,0.20126,microSv/hr,ICRP Pub. 103 EFFECTIVE DOSE,-0.8191520442889918,0.5735764363510462,0.49999999999999994,-0.8660254037844387,-0.812515199995,1.495798778943046,-55.00000_150.00000,1.4927404,3.4492717,-0.0030584335,-0.013628483
L0000.ANS,-55.0,160.0,9.99987840004,2002/01/00,0,0.49,TOTAL,3.4629,0.20126,microSv/hr,ICRP Pub. 103 EFFECTIVE DOSE,-0.8191520442889918,0.5735764363510462,0.3420201433256689,-0.9396926207859083,-0.812515199995,1.495798778943046,-55.00000_160.00000,1.4914035,3.4433272,-0.0043953657,-0.019572973
L0000.ANS,-55.0,170.0,9.99987840004,2002/01/00,0,0.68,TOTAL,3.4628,0.20126,microSv/hr,ICRP Pub. 103 EFFECTIVE DOSE,-0.8191520442889918,0.5735764363510462,0.17364817766693028,-0.984807753012208,-0.812515199995,1.4957763717368877,-55.00000_170.00000,1.4937811,3.4539044,-0.001995325,-0.008895874
L0000.ANS,-50.0,-179.99999,9.99987840004,2002/01/00,0,1.61,TOTAL,3.4273,0.20109,microSv/hr,ICRP Pub. 103 EFFECTIVE DOSE,-0.766044443118978,0.6427876096865394,-1.745329251238221e-07,-0.9999999999999848,-0.812515199995,1.4877899174354707,-50.00000_-179.99999,1.4837815,3.4095888,-0.0040084124,-0.017710924
L0000.ANS,-50.0,-170.0,9.99987840004,2002/01/00,0,2.01,TOTAL,3.3757,0.20035,microSv/hr,ICRP Pub. 103 EFFECTIVE DOSE,-0.766044443118978,0.6427876096865394,-0.17364817766693028,-0.984807753012208,-0.812515199995,1.4760665070109429,-50.00000_-170.00000,1.4698102,3.34841,-0.0062562227,-0.027289867
L0000.ANS,-50.0,-160.0,9.99987840004,2002/01/00,0,2.42,TOTAL,3.2997,0.19886,microSv/hr,ICRP Pub. 103 EFFECTIVE DOSE,-0.766044443118978,0.6427876096865394,-0.3420201433256689,-0.9396926207859083,-0.812515199995,1.4585452528237952,-50.00000_-160.00000,1.4524186,3.2734375,-0.006126642,-0.026262283
L0000.ANS,-50.0,-150.0,9.99987840004,2002/01/00,0,2.89,TOTAL,3.1925,0.19583,microSv/hr,ICRP Pub. 103 EFFECTIVE DOSE,-0.766044443118978,0.6427876096865394,-0.49999999999999994,-0.8660254037844387,-0.812515199995,1.4332972147152268,-50.00000_-150.00000,1.4332066,3.1921198,-9.059906e-05,-0.0003798008
L0000.ANS,-50.0,-140.0,9.99987840004,2002/01/00,0,3.37,TOTAL,3.0774,0.19166,microSv/hr,ICRP Pub. 103 EFFECTIVE DOSE,-0.766044443118978,0.6427876096865394,-0.6427876096865395,-0.7660444431189779,-0.812515199995,1.4054595303809014,-50.00000_-140.00000,1.4138987,3.1119554,0.008439183,0.034555435
L0000.ANS,-50.0,-130.0,9.99987840004,2002/01/00,0,3.96,TOTAL,2.9304,0.18536,microSv/hr,ICRP Pub. 103 EFFECTIVE DOSE,-0.766044443118978,0.6427876096865394,-0.766044443118978,-0.6427876096865394,-0.812515199995,1.3687412018723015,-50.00000_-130.00000,1.3749559,2.9549022,0.006214738,0.024502277
L0000.ANS,-50.0,-120.0,9.99987840004,2002/01/00,0,4.53,TOTAL,2.7894,0.17912,microSv/hr,ICRP Pub. 103 EFFECTIVE DOSE,-0.766044443118978,0.6427876096865394,-0.8660254037844387,-0.4999999999999998,-0.812515199995,1.3322076952161248,-50.00000_-120.00000,1.3271073,2.7701218,-0.0051003695,-0.01927805
L0000.ANS,-50.0,-110.0,9.99987840004,2002/01/00,0,5.14,TOTAL,2.6499,0.17219,microSv/hr,ICRP Pub. 103 EFFECTIVE DOSE,-0.766044443118978,0.6427876096865394,-0.9396926207859084,-0.3420201433256687,-0.812515199995,1.2946997699588145,-50.00000_-110.00000,1.2792236,2.5938482,-0.015476227,-0.05605173
L0000.ANS,-50.0,-100.0,9.99987840004,2002/01/00,0,5.8,TOTAL,2.5098,0.16444,microSv/hr,ICRP Pub. 103 EFFECTIVE DOSE,-0.766044443118978,0.6427876096865394,-0.984807753012208,-0.1736481776669303,-0.812515199995,1.2555590557973693,-50.00000_-100.00000,1.2450492,2.473106,-0.010509849,-0.03669429
L0000.ANS,-50.0,-90.0,9.99987840004,2002/01/00,0,6.54,TOTAL,2.3638,0.15569,microSv/hr,ICRP Pub. 103 EFFECTIVE DOSE,-0.766044443118978,0.6427876096865394,-1.0,6.123233995736766e-17,-0.812515199995,1.2130712873111955,-50.00000_-90.00000,1.213589,2.3655417,0.00051760674,0.0017414093
L0000.ANS,-50.0,-80.0,9.99987840004,2002/01/00,0,6.76,TOTAL,2.3237,0.15239,microSv/hr,ICRP Pub. 103 EFFECTIVE DOSE,-0.766044443118978,0.6427876096865394,-0.984807753012208,0.17364817766693041,-0.812515199995,1.2010786202125998,-50.00000_-80.00000,1.2108321,2.3562763,0.009753466,0.032576084
L0000.ANS,-50.0,-70.0,9.99987840004,2002/01/00,0,6.4,TOTAL,2.3911,0.15625,microSv/hr,ICRP Pub. 103 EFFECTIVE DOSE,-0.766044443118978,0.6427876096865394,-0.9396926207859083,0.3420201433256688,-0.812515199995,1.221154352534695,-50.00000_-70.00000,1.2286756,2.4167016,0.0075212717,0.025601625
L0000.ANS,-50.0,-60.0,9.99987840004,2002/01/00,0,5.76,TOTAL,2.5172,0.16453,microSv/hr,ICRP Pub. 103 EFFECTIVE DOSE,-0.766044443118978,0.6427876096865394,-0.8660254037844386,0.5000000000000001,-0.812515199995,1.25766521852271,-50.00000_-60.00000,1.257154,2.5154023,-0.00051128864,-0.0017979145
L0000.ANS,-50.0,-50.0,9.99987840004,2002/01/00,0,4.98,TOTAL,2.6866,0.17313,microSv/hr,ICRP Pub. 103 EFFECTIVE DOSE,-0.766044443118978,0.6427876096865394,-0.766044443118978,0.6427876096865394,-0.812515199995,1.3047046240799363,-50.00000_-50.00000,1.3003683,2.6706483,-0.004336357,-0.015951872
L0000.ANS,-50.0,-40.0,9.99987840004,2002/01/00,0,4.26,TOTAL,2.8549,0.18185,microSv/hr,ICRP Pub. 103 EFFECTIVE DOSE,-0.766044443118978,0.6427876096865394,-0.6427876096865393,0.766044443118978,-0.812515199995,1.3493450663416122,-50.00000_-40.00000,1.3526633,2.8677125,0.0033181906,0.012812376
L0000.ANS,-50.0,-30.0,9.99987840004,2002/01/00,0,3.65,TOTAL,3.006,0.18936,microSv/hr,ICRP Pub. 103 EFFECTIVE DOSE,-0.766044443118978,0.6427876096865394,-0.49999999999999994,0.8660254037844387,-0.812515199995,1.3877932372436264,-50.00000_-30.00000,1.3929716,3.0267985,0.0051784515,0.020798683
L0000.ANS,-50.0,-20.0,9.99987840004,2002/01/00,0,3.16,TOTAL,3.1297,0.19346,microSv/hr,ICRP Pub. 103 EFFECTIVE DOSE,-0.766044443118978,0.6427876096865394,-0.3420201433256687,0.9396926207859084,-0.812515199995,1.4182047651094036,-50.00000_-20.00000,1.4235775,3.1519477,0.0053727627,0.022247553
L0000.ANS,-50.0,-10.0,9.99987840004,2002/01/00,0,2.75,TOTAL,3.2252,0.19664,microSv/hr,ICRP Pub. 103 EFFECTIVE DOSE,-0.766044443118978,0.6427876096865394,-0.17364817766693033,0.984807753012208,-0.812515199995,1.4410665969668701,-50.00000_-10.00000,1.4452245,3.2428045,0.004157901,0.017604351
L0000.ANS,-50.0,0.0,9.99987840004,2002/01/00,0,2.46,TOTAL,3.2915,0.19854,microSv/hr,ICRP Pub. 103 EFFECTIVE DOSE,-0.766044443118978,0.6427876096865394,0.0,1.0,-0.812515199995,1.4566363221761376,-50.00000_0.00000,1.4593544,3.3031805,0.002718091,0.011680603
L0000.ANS,-50.0,10.0,9.99987840004,2002/01/00,0,2.22,TOTAL,3.3399,0.19964,microSv/hr,ICRP Pub. 103 EFFECTIVE DOSE,-0.766044443118978,0.6427876096865394,0.17364817766693033,0.984807753012208,-0.812515199995,1.4678513063722003,-50.00000_10.00000,1.4767073,3.378505,0.008856058,0.038604975
L0000.ANS,-50.0,20.0,9.99987840004,2002/01/00,0,2.05,TOTAL,3.3689,0.2002,microSv/hr,ICRP Pub. 103 EFFECTIVE DOSE,-0.766044443118978,0.6427876096865394,0.3420201433256687,0.9396926207859084,-0.812515199995,1.4745112611745073,-50.00000_20.00000,1.4758148,3.3745987,0.0013035536,0.005698681
L0000.ANS,-50.0,30.0,9.99987840004,2002/01/00,0,1.9,TOTAL,3.391,0.20061,microSv/hr,ICRP Pub. 103 EFFECTIVE DOSE,-0.766044443118978,0.6427876096865394,0.49999999999999994,0.8660254037844387,-0.812515199995,1.4795569915795803,-50.00000_30.00000,1.4795861,3.3911278,2.9087067e-05,0.00012755394
L0000.ANS,-50.0,40.0,9.99987840004,2002/01/00,0,1.71,TOTAL,3.4159,0.20094,microSv/hr,ICRP Pub. 103 EFFECTIVE DOSE,-0.766044443118978,0.6427876096865394,0.6427876096865393,0.766044443118978,-0.812515199995,1.4852116637908577,-50.00000_40.00000,1.4836247,3.4088976,-0.0015869141,-0.0070021152
L0000.ANS,-50.0,50.0,9.99987840004,2002/01/00,0,1.51,TOTAL,3.4366,0.20115,microSv/hr,ICRP Pub. 103 EFFECTIVE DOSE,-0.766044443118978,0.6427876096865394,0.766044443118978,0.6427876096865394,-0.812515199995,1.4898883173299966,-50.00000_50.00000,1.4878671,3.4276419,-0.0020211935,-0.008958101
L0000.ANS,-50.0,60.0,9.99987840004,2002/01/00,0,1.31,TOTAL,3.45,0.20123,microSv/hr,ICRP Pub. 103 EFFECTIVE DOSE,-0.766044443118978,0.6427876096865394,0.8660254037844386,0.5000000000000001,-0.812515199995,1.4929040961781488,-50.00000_60.00000,1.4881892,3.429068,-0.0047148466,-0.02093172
L0000.ANS,-50.0,70.0,9.99987840004,2002/01/00,0,1.05,TOTAL,3.4599,0.20126,microSv/hr,ICRP Pub. 103 EFFECTIVE DOSE,-0.766044443118978,0.6427876096865394,0.9396926207859083,0.3420201433256688,-0.812515199995,1.4951263442559428,-50.00000_70.00000,1.4948614,3.4587183,-0.00026500225,-0.0011818409
L0000.ANS,-50.0,80.0,9.99987840004,2002/01/00,0,0.85,TOTAL,3.4624,0.20126,microSv/hr,ICRP Pub. 103 EFFECTIVE DOSE,-0.766044443118978,0.6427876096865394,0.984807753012208,0.17364817766693041,-0.812515199995,1.4956867378910874,-50.00000_80.00000,1.4934822,3.4525735,-0.0022045374,-0.00982666
L0000.ANS,-50.0,90.0,9.99987840004,2002/01/00,0,0.69,TOTAL,3.4628,0.20126,microSv/hr,ICRP Pub. 103 EFFECTIVE DOSE,-0.766044443118978,0.6427876096865394,1.0,6.123233995736766e-17,-0.812515199995,1.4957763717368877,-50.00000_90.00000,1.4934149,3.4522736,-0.002361536,-0.010526657
L0000.ANS,-50.0,100.0,9.99987840004,2002/01/00,0,0.61,TOTAL,3.4629,0.20126,microSv/hr,ICRP Pub. 103 EFFECTIVE DOSE,-0.766044443118978,0.6427876096865394,0.984807753012208,-0.1736481776669303,-0.812515199995,1.495798778943046,-50.00000_100.00000,1.4951977,3.460218,-0.00060117245,-0.002682209
L0000.ANS,-50.0,110.0,9.99987840004,2002/01/00,0,0.55,TOTAL,3.4629,0.20126,microSv/hr,ICRP Pub. 103 EFFECTIVE DOSE,-0.766044443118978,0.6427876096865394,0.9396926207859084,-0.3420201433256687,-0.812515199995,1.495798778943046,-50.00000_110.00000,1.4945867,3.4574938,-0.00121212,-0.0054063797
L0000.ANS,-50.0,120.0,9.99987840004,2002/01/00,0,0.53,TOTAL,3.4629,0.20126,microSv/hr,ICRP Pub. 103 EFFECTIVE DOSE,-0.766044443118978,0.6427876096865394,0.8660254037844387,-0.4999999999999998,-0.812515199995,1.495798778943046,-50.00000_120.00000,1.5009651,3.4860165,0.005166292,0.02311635
L0000.ANS,-50.0,130.0,9.99987840004,2002/01/00,0,0.58,TOTAL,3.4629,0.20126,microSv/hr,ICRP Pub. 103 EFFECTIVE DOSE,-0.766044443118978,0.6427876096865394,0.766044443118978,-0.6427876096865394,-0.812515199995,1.495798778943046,-50.00000_130.00000,1.4955709,3.461883,-0.00022792816,-0.0010170937
L0000.ANS,-50.0,140.0,9.99987840004,2002/01/00,0,0.66,TOTAL,3.4628,0.20126,microSv/hr,ICRP Pub. 103 EFFECTIVE DOSE,-0.766044443118978,0.6427876096865394,0.6427876096865395,-0.7660444431189779,-0.812515199995,1.4957763717368877,-50.00000_140.00000,1.4941283,3.4554513,-0.0016480684,-0.0073490143
L0000.ANS,-50.0,150.0,9.99987840004,2002/01/00,0,0.8,TOTAL,3.4626,0.20126,microSv/hr,ICRP Pub. 103 EFFECTIVE DOSE,-0.766044443118978,0.6427876096865394,0.49999999999999994,-0.8660254037844387,-0.812515199995,1.4957315558182658,-50.00000_150.00000,1.4882447,3.4293137,-0.0074869394,-0.03328657
L0000.ANS,-50.0,160.0,9.99987840004,2002/01/00,0,1.03,TOTAL,3.4604,0.20126,microSv/hr,ICRP Pub. 103 EFFECTIVE DOSE,-0.766044443118978,0.6427876096865394,0.3420201433256689,-0.9396926207859083,-0.812515199995,1.4952384481090697,-50.00000_160.00000,1.4967451,3.4671254,0.0015066862,0.0067255497
L0000.ANS,-50.0,170.0,9.99987840004,2002/01/00,0,1.28,TOTAL,3.4513,0.20123,microSv/hr,ICRP Pub. 103 EFFECTIVE DOSE,-0.766044443118978,0.6427876096865394,0.17364817766693028,-0.984807753012208,-0.812515199995,1.4931961883465383,-50.00000_170.00000,1.4923227,3.4474134,-0.00087344646,-0.0038862228
L0000.ANS,-45.0,-179.99999,9.99987840004,2002/01/00,0,2.64,TOTAL,3.2511,0.19773,microSv/hr,ICRP Pub. 103 EFFECTIVE DOSE,-0.7071067811865475,0.7071067811865476,-1.745329251238221e-07,-0.9999999999999848,-0.812515199995,1.447177772976706,-45.00000_-179.99999,1.4433672,3.234932,-0.003810525,-0.016168118
L0000.ANS,-45.0,-170.0,9.99987840004,2002/01/00,0,3.07,TOTAL,3.1514,0.19421,microSv/hr,ICRP Pub. 103 EFFECTIVE DOSE,-0.7071067811865475,0.7071067811865476,-0.17364817766693028,-0.984807753012208,-0.812515199995,1.4234456267506834,-45.00000_-170.00000,1.419151,3.1336093,-0.004294634,-0.017790556
L0000.ANS,-45.0,-160.0,9.99987840004,2002/01/00,0,3.59,TOTAL,3.022,0.18957,microSv/hr,ICRP Pub. 103 EFFECTIVE DOSE,-0.7071067811865475,0.7071067811865476,-0.3420201433256689,-0.9396926207859083,-0.812515199995,1.3917792913504603,-45.00000_-160.00000,1.3891706,3.0115218,-0.0026086569,-0.010478258
L0000.ANS,-45.0,-150.0,9.99987840004,2002/01/00,0,4.15,TOTAL,2.8832,0.18391,microSv/hr,ICRP Pub. 103 EFFECTIVE DOSE,-0.7071067811865475,0.7071067811865476,-0.49999999999999994,-0.8660254037844387,-0.812515199995,1.3566595559902,-45.00000_-150.00000,1.3548486,2.8761742,-0.0018109083,-0.0070257187
L0000.ANS,-45.0,-140.0,9.99987840004,2002/01/00,0,4.57,TOTAL,2.7811,0.179,microSv/hr,ICRP Pub. 103 EFFECTIVE DOSE,-0.7071067811865475,0.7071067811865476,-0.6427876096865395,-0.7660444431189779,-0.812515199995,1.3300149725886745,-45.00000_-140.00000,1.3212799,2.7482157,-0.008735061,-0.03288412
L0000.ANS,-45.0,-130.0,9.99987840004,2002/01/00,0,5.17,TOTAL,2.641,0.17212,microSv/hr,ICRP Pub. 103 EFFECTIVE DOSE,-0.7071067811865475,0.7071067811865476,-0.766044443118978,-0.6427876096865394,-0.812515199995,1.2922583691932963,-45.00000_-130.00000,1.2790425,2.5931976,-0.0132158995,-0.04780245
L0000.ANS,-45.0,-120.0,9.99987840004,2002/01/00,0,6.02,TOTAL,2.466,0.1609,microSv/hr,ICRP Pub. 103 EFFECTIVE DOSE,-0.7071067811865475,0.7071067811865476,-0.8660254037844387,-0.4999999999999998,-0.812515199995,1.2430011912934145,-45.00000_-120.00000,1.2326335,2.4302511,-0.010367751,-0.03574896
L0000.ANS,-45.0,-110.0,9.99987840004,2002/01/00,0,7.31,TOTAL,2.2254,0.14634,microSv/hr,ICRP Pub. 103 EFFECTIVE DOSE,-0.7071067811865475,0.7071067811865476,-0.9396926207859084,-0.3420201433256687,-0.812515199995,1.1710569735642782,-45.00000_-110.00000,1.1777227,2.2469714,0.0066657066,0.021571398
L0000.ANS,-45.0,-100.0,9.99987840004,2002/01/00,0,8.06,TOTAL,2.1045,0.1374,microSv/hr,ICRP Pub. 103 EFFECTIVE DOSE,-0.7071067811865475,0.7071067811865476,-0.984807753012208,-0.1736481776669303,-0.812515199995,1.1328526718228105,-45.00000_-100.00000,1.1442902,2.1402116,0.011437535,0.035711527
L0000.ANS,-45.0,-90.0,9.99987840004,2002/01/00,0,8.44,TOTAL,2.0456,0.13541,microSv/hr,ICRP Pub. 103 EFFECTIVE DOSE,-0.7071067811865475,0.7071067811865476,-1.0,6.123233995736766e-17,-0.812515199995,1.1136979260861506,-45.00000_-90.00000,1.1172646,2.056482,0.003566742,0.010882139
L0000.ANS,-45.0,-80.0,9.99987840004,2002/01/00,0,8.22,TOTAL,2.0797,0.13642,microSv/hr,ICRP Pub. 103 EFFECTIVE DOSE,-0.7071067811865475,0.7071067811865476,-0.984807753012208,0.17364817766693041,-0.812515199995,1.1248321896441396,-45.00000_-80.00000,1.1285965,2.0913148,0.003764391,0.0116147995
L0000.ANS,-45.0,-70.0,9.99987840004,2002/01/00,0,7.69,TOTAL,2.1624,0.14168,microSv/hr,ICRP Pub. 103 EFFECTIVE DOSE,-0.7071067811865475,0.7071067811865476,-0.9396926207859083,0.3420201433256688,-0.812515199995,1.1513312330003387,-45.00000_-70.00000,1.1597335,2.1890833,0.008402348,0.026683569
L0000.ANS,-45.0,-60.0,9.99987840004,2002/01/00,0,7.07,TOTAL,2.2675,0.14796,microSv/hr,ICRP Pub. 103 EFFECTIVE DOSE,-0.7071067811865475,0.7071067811865476,-0.8660254037844386,0.5000000000000001,-0.812515199995,1.18402516651624,-45.00000_-60.00000,1.1920477,2.2938192,0.008022547,0.026319265
L0000.ANS,-45.0,-50.0,9.99987840004,2002/01/00,0,6.37,TOTAL,2.3974,0.15647,microSv/hr,ICRP Pub. 103 EFFECTIVE DOSE,-0.7071067811865475,0.7071067811865476,-0.766044443118978,0.6427876096865394,-0.812515199995,1.2230104332030738,-45.00000_-50.00000,1.2350394,2.4385138,0.012028933,0.041113853
L0000.ANS,-45.0,-40.0,9.99987840004,2002/01/00,0,5.4,TOTAL,2.5923,0.168,microSv/hr,ICRP Pub. 103 EFFECTIVE DOSE,-0.7071067811865475,0.7071067811865476,-0.6427876096865393,0.766044443118978,-0.812515199995,1.278792665883399,-45.00000_-40.00000,1.2862186,2.6190755,0.0074260235,0.026775599
L0000.ANS,-45.0,-30.0,9.99987840004,2002/01/00,0,4.45,TOTAL,2.8085,0.17959,microSv/hr,ICRP Pub. 103 EFFECTIVE DOSE,-0.7071067811865475,0.7071067811865476,-0.49999999999999994,0.8660254037844387,-0.812515199995,1.3372354108307059,-45.00000_-30.00000,1.3430886,2.8308573,0.005853176,0.022357225
L0000.ANS,-45.0,-20.0,9.99987840004,2002/01/00,0,3.86,TOTAL,2.9556,0.18636,microSv/hr,ICRP Pub. 103 EFFECTIVE DOSE,-0.7071067811865475,0.7071067811865476,-0.3420201433256687,0.9396926207859084,-0.812515199995,1.3751322964136987,-45.00000_-20.00000,1.3823493,2.9842505,0.0072169304,0.028650522
L0000.ANS,-45.0,-10.0,9.99987840004,2002/01/00,0,3.34,TOTAL,3.0845,0.1921,microSv/hr,ICRP Pub. 103 EFFECTIVE DOSE,-0.7071067811865475,0.7071067811865476,-0.17364817766693033,0.984807753012208,-0.812515199995,1.407199321799787,-45.00000_-10.00000,1.398304,3.0483282,-0.008895278,-0.036171675
L0000.ANS,-45.0,0.0,9.99987840004,2002/01/00,0,3.08,TOTAL,3.1481,0.19408,microSv/hr,ICRP Pub. 103 EFFECTIVE DOSE,-0.7071067811865475,0.7071067811865476,0.0,1.0,-0.812515199995,1.422650398080545,-45.00000_0.00000,1.4209299,3.1409693,-0.0017205477,-0.0071308613
L0000.ANS,-45.0,10.0,9.99987840004,2002/01/00,0,2.82,TOTAL,3.2098,0.19615,microSv/hr,ICRP Pub. 103 EFFECTIVE DOSE,-0.7071067811865475,0.7071067811865476,0.17364817766693033,0.984807753012208,-0.812515199995,1.437415140627605,-45.00000_10.00000,1.4415998,3.2274537,0.004184723,0.017653704
L0000.ANS,-45.0,20.0,9.99987840004,2002/01/00,0,2.7,TOTAL,3.2377,0.19718,microSv/hr,ICRP Pub. 103 EFFECTIVE DOSE,-0.7071067811865475,0.7071067811865476,0.3420201433256687,0.9396926207859084,-0.812515199995,1.444020669232913,-45.00000_20.00000,1.446811,3.2495408,0.0027903318,0.011841059
L0000.ANS,-45.0,30.0,9.99987840004,2002/01/00,0,2.5,TOTAL,3.2818,0.19822,microSv/hr,ICRP Pub. 103 EFFECTIVE DOSE,-0.7071067811865475,0.7071067811865476,0.49999999999999994,0.8660254037844387,-0.812515199995,1.454373481930485,-45.00000_30.00000,1.4529188,3.2755756,-0.001454711,-0.006224394
L0000.ANS,-45.0,40.0,9.99987840004,2002/01/00,0,2.41,TOTAL,3.3023,0.19897,microSv/hr,ICRP Pub. 103 EFFECTIVE DOSE,-0.7071067811865475,0.7071067811865476,0.6427876096865393,0.766044443118978,-0.812515199995,1.4591497634211392,-45.00000_40.00000,1.4586853,3.300302,-0.0004644394,-0.0019977093
L0000.ANS,-45.0,50.0,9.99987840004,2002/01/00,0,2.26,TOTAL,3.3318,0.19942,microSv/hr,ICRP Pub. 103 EFFECTIVE DOSE,-0.7071067811865475,0.7071067811865476,0.766044443118978,0.6427876096865394,-0.812515199995,1.4659831600212587,-45.00000_50.00000,1.4594754,3.3037012,-0.0065077543,-0.028098822
L0000.ANS,-45.0,60.0,9.99987840004,2002/01/00,0,1.94,TOTAL,3.3862,0.20058,microSv/hr,ICRP Pub. 103 EFFECTIVE DOSE,-0.7071067811865475,0.7071067811865476,0.8660254037844386,0.5000000000000001,-0.812515199995,1.4784632485912677,-45.00000_60.00000,1.4723859,3.3596244,-0.006077409,-0.026575804
L0000.ANS,-45.0,70.0,9.99987840004,2002/01/00,0,1.72,TOTAL,3.4145,0.20093,microSv/hr,ICRP Pub. 103 EFFECTIVE DOSE,-0.7071067811865475,0.7071067811865476,0.9396926207859083,0.3420201433256688,-0.812515199995,1.4848945773595001,-45.00000_70.00000,1.4849143,3.414587,1.9669533e-05,8.678436e-05
L0000.ANS,-45.0,80.0,9.99987840004,2002/01/00,0,1.45,TOTAL,3.4409,0.20118,microSv/hr,ICRP Pub. 103 EFFECTIVE DOSE,-0.7071067811865475,0.7071067811865476,0.984807753012208,0.17364817766693041,-0.812515199995,1.490857058605419,-45.00000_80.00000,1.4847214,3.4137356,-0.006135583,-0.02716422
L0000.ANS,-45.0,90.0,9.99987840004,2002/01/00,0,1.27,TOTAL,3.4517,0.20123,microSv/hr,ICRP Pub. 103 EFFECTIVE DOSE,-0.7071067811865475,0.7071067811865476,1.0,6.123233995736766e-17,-0.812515199995,1.4932860456980535,-45.00000_90.00000,1.491852,3.4453208,-0.0014339685,-0.006378889
L0000.ANS,-45.0,100.0,9.99987840004,2002/01/00,0,1.2,TOTAL,3.4552,0.20125,microSv/hr,ICRP Pub. 103 EFFECTIVE DOSE,-0.7071067811865475,0.7071067811865476,0.984807753012208,-0.1736481776669303,-0.812515199995,1.4940719532933218,-45.00000_100.00000,1.4986686,3.475726,0.004596591,0.020525932
L0000.ANS,-45.0,110.0,9.99987840004,2002/01/00,0,1.12,TOTAL,3.4583,0.20125,microSv/hr,ICRP Pub. 103 EFFECTIVE DOSE,-0.7071067811865475,0.7071067811865476,0.9396926207859084,-0.3420201433256687,-0.812515199995,1.4947675274504963,-45.00000_110.00000,1.4965465,3.4662383,0.0017789602,0.007938147
L0000.ANS,-45.0,120.0,9.99987840004,2002/01/00,0,1.11,TOTAL,3.4585,0.20126,microSv/hr,ICRP Pub. 103 EFFECTIVE DOSE,-0.7071067811865475,0.7071067811865476,0.8660254037844387,-0.4999999999999998,-0.812515199995,1.4948123865927971,-45.00000_120.00000,1.4927261,3.449208,-0.0020862818,-0.009291887
L0000.ANS,-45.0,130.0,9.99987840004,2002/01/00,0,1.22,TOTAL,3.4546,0.20125,microSv/hr,ICRP Pub. 103 EFFECTIVE DOSE,-0.7071067811865475,0.7071067811865476,0.766044443118978,-0.6427876096865394,-0.812515199995,1.4939372701352471,-45.00000_130.00000,1.488782,3.4316945,-0.0051552057,-0.02290535
L0000.ANS,-45.0,140.0,9.99987840004,2002/01/00,0,1.32,TOTAL,3.4492,0.20122,microSv/hr,ICRP Pub. 103 EFFECTIVE DOSE,-0.7071067811865475,0.7071067811865476,0.6427876096865395,-0.7660444431189779,-0.812515199995,1.492724304735737,-45.00000_140.00000,1.4911817,3.442342,-0.0015425682,-0.006857872
L0000.ANS,-45.0,150.0,9.99987840004,2002/01/00,0,1.51,TOTAL,3.4361,0.20114,microSv/hr,ICRP Pub. 103 EFFECTIVE DOSE,-0.7071067811865475,0.7071067811865476,0.49999999999999994,-0.8660254037844387,-0.812515199995,1.4897756120654144,-45.00000_150.00000,1.4859824,3.4193048,-0.0037932396,-0.016795397
L0000.ANS,-45.0,160.0,9.99987840004,2002/01/00,0,1.82,TOTAL,3.4028,0.20078,microSv/hr,ICRP Pub. 103 EFFECTIVE DOSE,-0.7071067811865475,0.7071067811865476,0.3420201433256689,-0.9396926207859083,-0.812515199995,1.4822407021670996,-45.00000_160.00000,1.4835271,3.4084673,0.0012863874,0.005667448
L0000.ANS,-45.0,170.0,9.99987840004,2002/01/00,0,2.17,TOTAL,3.3486,0.19996,microSv/hr,ICRP Pub. 103 EFFECTIVE DOSE,-0.7071067811865475,0.7071067811865476,0.17364817766693028,-0.984807753012208,-0.812515199995,1.4698539542188214,-45.00000_170.00000,1.4681265,3.3410947,-0.0017274618,-0.007505417
L0000.ANS,-40.0,-179.99999,9.99987840004,2002/01/00,0,4.06,TOTAL,2.9054,0.18478,microSv/hr,ICRP Pub. 103 EFFECTIVE DOSE,-0.6427876096865393,0.766044443118978,-1.745329251238221e-07,-0.9999999999999848,-0.812515199995,1.3623602108242596,-40.00000_-179.99999,1.3640709,2.9120867,0.0017106533,0.0066866875
L0000.ANS,-40.0,-170.0,9.99987840004,2002/01/00,0,4.59,TOTAL,2.7769,0.17896,microSv/hr,ICRP Pub. 103 EFFECTIVE DOSE,-0.6427876096865393,0.766044443118978,-0.17364817766693028,-0.984807753012208,-0.812515199995,1.3289035673406386,-40.00000_-170.00000,1.3344033,2.797729,0.0054997206,0.020828962
L0000.ANS,-40.0,-160.0,9.99987840004,2002/01/00,0,4.84,TOTAL,2.7179,0.17478,microSv/hr,ICRP Pub. 103 EFFECTIVE DOSE,-0.6427876096865393,0.766044443118978,-0.3420201433256689,-0.9396926207859083,-0.812515199995,1.3131589927568013,-40.00000_-160.00000,1.2976558,2.6607053,-0.015503168,-0.05719471
L0000.ANS,-40.0,-150.0,9.99987840004,2002/01/00,0,5.44,TOTAL,2.5841,0.16739,microSv/hr,ICRP Pub. 103 EFFECTIVE DOSE,-0.6427876096865393,0.766044443118978,-0.49999999999999994,-0.8660254037844387,-0.812515199995,1.2765073965091507,-40.00000_-150.00000,1.2578311,2.5177834,-0.018676281,-0.066316605
L0000.ANS,-40.0,-140.0,9.99987840004,2002/01/00,0,6.1,TOTAL,2.4498,0.15953,microSv/hr,ICRP Pub. 103 EFFECTIVE DOSE,-0.6427876096865393,0.766044443118978,-0.6427876096865395,-0.7660444431189779,-0.812515199995,1.2383162583483915,-40.00000_-140.00000,1.222918,2.3970861,-0.015398264,-0.05271387
L0000.ANS,-40.0,-130.0,9.99987840004,2002/01/00,0,7.25,TOTAL,2.2367,0.14663,microSv/hr,ICRP Pub. 103 EFFECTIVE DOSE,-0.6427876096865393,0.766044443118978,-0.766044443118978,-0.6427876096865394,-0.812515199995,1.174554292243267,-40.00000_-130.00000,1.1789377,2.2509189,0.0043833256,0.014218807
L0000.ANS,-40.0,-120.0,9.99987840004,2002/01/00,0,8.09,TOTAL,2.0994,0.13716,microSv/hr,ICRP Pub. 103 EFFECTIVE DOSE,-0.6427876096865393,0.766044443118978,-0.8660254037844387,-0.4999999999999998,-0.812515199995,1.1312085443710975,-40.00000_-120.00000,1.1325965,2.103705,0.0013879538,0.004304886
L0000.ANS,-40.0,-110.0,9.99987840004,2002/01/00,0,9.13,TOTAL,1.9343,0.12612,microSv/hr,ICRP Pub. 103 EFFECTIVE DOSE,-0.6427876096865393,0.766044443118978,-0.9396926207859084,-0.3420201433256687,-0.812515199995,1.07646892398242,-40.00000_-110.00000,1.0768167,1.9353206,0.0003477335,0.0010205507
L0000.ANS,-40.0,-100.0,9.99987840004,2002/01/00,0,9.68,TOTAL,1.8476,0.11989,microSv/hr,ICRP Pub. 103 EFFECTIVE DOSE,-0.6427876096865393,0.766044443118978,-0.984807753012208,-0.1736481776669303,-0.812515199995,1.046476534247581,-40.00000_-100.00000,1.0530401,1.8663521,0.0065636635,0.018752217
L0000.ANS,-40.0,-90.0,9.99987840004,2002/01/00,0,9.46,TOTAL,1.88,0.12345,microSv/hr,ICRP Pub. 103 EFFECTIVE DOSE,-0.6427876096865393,0.766044443118978,-1.0,6.123233995736766e-17,-0.812515199995,1.0577902941478545,-40.00000_-90.00000,1.0596732,1.8854278,0.0018829107,0.0054278374
L0000.ANS,-40.0,-80.0,9.99987840004,2002/01/00,0,9.13,TOTAL,1.9345,0.12613,microSv/hr,ICRP Pub. 103 EFFECTIVE DOSE,-0.6427876096865393,0.766044443118978,-0.984807753012208,0.17364817766693041,-0.812515199995,1.0765370810162522,-40.00000_-80.00000,1.0726614,1.9231489,-0.0038757324,-0.011351347
L0000.ANS,-40.0,-70.0,9.99987840004,2002/01/00,0,8.56,TOTAL,2.0277,0.13342,microSv/hr,ICRP Pub. 103 EFFECTIVE DOSE,-0.6427876096865393,0.766044443118978,-0.9396926207859083,0.3420201433256688,-0.812515199995,1.1078032553696948,-40.00000_-70.00000,1.1022103,2.0108135,-0.0055929422,-0.016886473
L0000.ANS,-40.0,-60.0,9.99987840004,2002/01/00,0,7.77,TOTAL,2.1501,0.14055,microSv/hr,ICRP Pub. 103 EFFECTIVE DOSE,-0.6427876096865393,0.766044443118978,-0.8660254037844386,0.5000000000000001,-0.812515199995,1.147434198365393,-40.00000_-60.00000,1.1497962,2.1575494,0.0023620129,0.00744915
L0000.ANS,-40.0,-50.0,9.99987840004,2002/01/00,0,6.82,TOTAL,2.3116,0.15122,microSv/hr,ICRP Pub. 103 EFFECTIVE DOSE,-0.6427876096865393,0.766044443118978,-0.766044443118978,0.6427876096865394,-0.812515199995,1.1974314562825137,-40.00000_-50.00000,1.1874685,2.2787704,-0.009962916,-0.032829523
L0000.ANS,-40.0,-40.0,9.99987840004,2002/01/00,0,6.21,TOTAL,2.4288,0.15804,microSv/hr,ICRP Pub. 103 EFFECTIVE DOSE,-0.6427876096865393,0.766044443118978,-0.6427876096865393,0.766044443118978,-0.812515199995,1.2322103457371756,-40.00000_-40.00000,1.2351092,2.438754,0.0028988123,0.009953976
L0000.ANS,-40.0,-30.0,9.99987840004,2002/01/00,0,5.51,TOTAL,2.5706,0.16652,microSv/hr,ICRP Pub. 103 EFFECTIVE DOSE,-0.6427876096865393,0.766044443118978,-0.49999999999999994,0.8660254037844387,-0.812515199995,1.2727336488967245,-40.00000_-30.00000,1.2875371,2.6238503,0.01480341,0.053250313
L0000.ANS,-40.0,-20.0,9.99987840004,2002/01/00,0,4.69,TOTAL,2.7532,0.17736,microSv/hr,ICRP Pub. 103 EFFECTIVE DOSE,-0.6427876096865393,0.766044443118978,-0.3420201433256687,0.9396926207859084,-0.812515199995,1.3226088094337576,-40.00000_-20.00000,1.3253101,2.7633522,0.0027012825,0.0101521015
L0000.ANS,-40.0,-10.0,9.99987840004,2002/01/00,0,4.12,TOTAL,2.8906,0.18455,microSv/hr,ICRP Pub. 103 EFFECTIVE DOSE,-0.6427876096865393,0.766044443118978,-0.17364817766693033,0.984807753012208,-0.812515199995,1.3585633873815797,-40.00000_-10.00000,1.3552232,2.8776262,-0.0033402443,-0.012974024
L0000.ANS,-40.0,0.0,9.99987840004,2002/01/00,0,3.75,TOTAL,2.9819,0.18788,microSv/hr,ICRP Pub. 103 EFFECTIVE DOSE,-0.6427876096865393,0.766044443118978,0.0,1.0,-0.812515199995,1.3817590923181293,-40.00000_0.00000,1.3737352,2.9500775,-0.008023858,-0.031822205
L0000.ANS,-40.0,10.0,9.99987840004,2002/01/00,0,3.5,TOTAL,3.0456,0.19018,microSv/hr,ICRP Pub. 103 EFFECTIVE DOSE,-0.6427876096865393,0.766044443118978,0.17364817766693033,0.984807753012208,-0.812515199995,1.397629870783636,-40.00000_10.00000,1.3992782,3.0522738,0.0016483068,0.006673813
L0000.ANS,-40.0,20.0,9.99987840004,2002/01/00,0,3.46,TOTAL,3.0541,0.1905,microSv/hr,ICRP Pub. 103 EFFECTIVE DOSE,-0.6427876096865393,0.766044443118978,0.3420201433256687,0.9396926207859084,-0.812515199995,1.399728714721143,-40.00000_20.00000,1.4017293,3.062219,0.0020006895,0.008119106
L0000.ANS,-40.0,30.0,9.99987840004,2002/01/00,0,3.44,TOTAL,3.0606,0.19078,microSv/hr,ICRP Pub. 103 EFFECTIVE DOSE,-0.6427876096865393,0.766044443118978,0.49999999999999994,0.8660254037844387,-0.812515199995,1.4013307459460038,-40.00000_30.00000,1.4121017,3.104573,0.010771036,0.043973207
L0000.ANS,-40.0,40.0,9.99987840004,2002/01/00,0,3.32,TOTAL,3.0903,0.19249,microSv/hr,ICRP Pub. 103 EFFECTIVE DOSE,-0.6427876096865393,0.766044443118978,0.6427876096865393,0.766044443118978,-0.812515199995,1.4086183169980093,-40.00000_40.00000,1.4179907,3.1288161,0.009372354,0.038516045
L0000.ANS,-40.0,50.0,9.99987840004,2002/01/00,0,3.14,TOTAL,3.134,0.19358,microSv/hr,ICRP Pub. 103 EFFECTIVE DOSE,-0.6427876096865393,0.766044443118978,0.766044443118978,0.6427876096865394,-0.812515199995,1.4192454612595764,-40.00000_50.00000,1.4190938,3.1333733,-0.00015163422,-0.00062680244
L0000.ANS,-40.0,60.0,9.99987840004,2002/01/00,0,2.9,TOTAL,3.1906,0.19581,microSv/hr,ICRP Pub. 103 EFFECTIVE DOSE,-0.6427876096865393,0.766044443118978,0.8660254037844386,0.5000000000000001,-0.812515199995,1.4328439217728706,-40.00000_60.00000,1.4337268,3.1943014,0.000882864,0.0037014484
L0000.ANS,-40.0,70.0,9.99987840004,2002/01/00,0,2.63,TOTAL,3.2534,0.19774,microSv/hr,ICRP Pub. 103 EFFECTIVE DOSE,-0.6427876096865393,0.766044443118978,0.9396926207859083,0.3420201433256688,-0.812515199995,1.44771866310689,-40.00000_70.00000,1.4473801,3.25196,-0.00033855438,-0.0014398098
L0000.ANS,-40.0,80.0,9.99987840004,2002/01/00,0,2.4,TOTAL,3.304,0.19905,microSv/hr,ICRP Pub. 103 EFFECTIVE DOSE,-0.6427876096865393,0.766044443118978,0.984807753012208,0.17364817766693041,-0.812515199995,1.4595448228594832,-40.00000_80.00000,1.4627726,3.317915,0.00322783,0.013915062
L0000.ANS,-40.0,90.0,9.99987840004,2002/01/00,0,2.15,TOTAL,3.3513,0.20001,microSv/hr,ICRP Pub. 103 EFFECTIVE DOSE,-0.6427876096865393,0.766044443118978,1.0,6.123233995736766e-17,-0.812515199995,1.4704746510283673,-40.00000_90.00000,1.465718,3.3306518,-0.00475657,-0.020648003
L0000.ANS,-40.0,100.0,9.99987840004,2002/01/00,0,2.06,TOTAL,3.3663,0.20015,microSv/hr,ICRP Pub. 103 EFFECTIVE DOSE,-0.6427876096865393,0.766044443118978,0.984807753012208,-0.1736481776669303,-0.812515199995,1.4739159685477143,-40.00000_100.00000,1.4763476,3.37693,0.002431631,0.010630131
L0000.ANS,-40.0,110.0,9.99987840004,2002/01/00,0,2.05,TOTAL,3.3682,0.20018,microSv/hr,ICRP Pub. 103 EFFECTIVE DOSE,-0.6427876096865393,0.766044443118978,0.9396926207859084,-0.3420201433256687,-0.812515199995,1.4743510249401737,-40.00000_110.00000,1.4690835,3.345251,-0.005267501,-0.02294898
L0000.ANS,-40.0,120.0,9.99987840004,2002/01/00,0,2.08,TOTAL,3.363,0.2001,microSv/hr,ICRP Pub. 103 EFFECTIVE DOSE,-0.6427876096865393,0.766044443118978,0.8660254037844387,-0.4999999999999998,-0.812515199995,1.4731598941414725,-40.00000_120.00000,1.4658777,3.331343,-0.007282257,-0.03165722
L0000.ANS,-40.0,130.0,9.99987840004,2002/01/00,0,2.2,TOTAL,3.3424,0.19973,microSv/hr,ICRP Pub. 103 EFFECTIVE DOSE,-0.6427876096865393,0.766044443118978,0.766044443118978,-0.6427876096865394,-0.812515199995,1.468427190658413,-40.00000_130.00000,1.4639609,3.3230488,-0.0044662952,-0.019351244
L0000.ANS,-40.0,140.0,9.99987840004,2002/01/00,0,2.36,TOTAL,3.3118,0.19912,microSv/hr,ICRP Pub. 103 EFFECTIVE DOSE,-0.6427876096865393,0.766044443118978,0.6427876096865395,-0.7660444431189779,-0.812515199995,1.4613554503417696,-40.00000_140.00000,1.4610223,3.3103635,-0.00033318996,-0.0014364719
L0000.ANS,-40.0,150.0,9.99987840004,2002/01/00,0,2.63,TOTAL,3.2525,0.19773,microSv/hr,ICRP Pub. 103 EFFECTIVE DOSE,-0.6427876096865393,0.766044443118978,0.49999999999999994,-0.8660254037844387,-0.812515199995,1.4475070452878798,-40.00000_150.00000,1.4445753,3.240051,-0.002931714,-0.012448788
L0000.ANS,-40.0,160.0,9.99987840004,2002/01/00,0,3.0,TOTAL,3.1677,0.19504,microSv/hr,ICRP Pub. 103 EFFECTIVE DOSE,-0.6427876096865393,0.766044443118978,0.3420201433256689,-0.9396926207859083,-0.812515199995,1.427364324893229,-40.00000_160.00000,1.4164971,3.122654,-0.010867238,-0.04504609
L0000.ANS,-40.0,170.0,9.99987840004,2002/01/00,0,3.45,TOTAL,3.058,0.19066,microSv/hr,ICRP Pub. 103 EFFECTIVE DOSE,-0.6427876096865393,0.766044443118978,0.17364817766693028,-0.984807753012208,-0.812515199995,1.4006902414036229,-40.00000_170.00000,1.3934772,3.0288348,-0.0072129965,-0.02916503
L0000.ANS,-35.0,-179.99999,9.99987840004,2002/01/00,0,5.5,TOTAL,2.5711,0.16655,microSv/hr,ICRP Pub. 103 EFFECTIVE DOSE,-0.573576436351046,0.8191520442889918,-1.745329251238221e-07,-0.9999999999999848,-0.812515199995,1.272873671580628,-35.00000_-179.99999,1.2674296,2.5517116,-0.00544405,-0.019388199
L0000.ANS,-35.0,-170.0,9.99987840004,2002/01/00,0,6.09,TOTAL,2.4527,0.15975,microSv/hr,ICRP Pub. 103 EFFECTIVE DOSE,-0.573576436351046,0.8191520442889918,-0.17364817766693028,-0.984807753012208,-0.812515199995,1.239156533660418,-35.00000_-170.00000,1.2265624,2.409489,-0.012594104,-0.043210983
L0000.ANS,-35.0,-160.0,9.99987840004,2002/01/00,0,6.79,TOTAL,2.3174,0.15177,microSv/hr,ICRP Pub. 103 EFFECTIVE DOSE,-0.573576436351046,0.8191520442889918,-0.3420201433256689,-0.9396926207859083,-0.812515199995,1.1991813435898053,-35.00000_-160.00000,1.195849,2.3063636,-0.0033323765,-0.011036396
L0000.ANS,-35.0,-150.0,9.99987840004,2002/01/00,0,7.8,TOTAL,2.1458,0.14018,microSv/hr,ICRP Pub. 103 EFFECTIVE DOSE,-0.573576436351046,0.8191520442889918,-0.49999999999999994,-0.8660254037844387,-0.812515199995,1.146068229824405,-35.00000_-150.00000,1.1591418,2.1871967,0.013073564,0.041396856
L0000.ANS,-35.0,-140.0,9.99987840004,2002/01/00,0,8.57,TOTAL,2.0273,0.13337,microSv/hr,ICRP Pub. 103 EFFECTIVE DOSE,-0.573576436351046,0.8191520442889918,-0.6427876096865395,-0.7660444431189779,-0.812515199995,1.1076711331564557,-35.00000_-140.00000,1.1272167,2.0870523,0.019545555,0.059752464
L0000.ANS,-35.0,-130.0,9.99987840004,2002/01/00,0,8.49,TOTAL,2.0383,0.13469,microSv/hr,ICRP Pub. 103 EFFECTIVE DOSE,-0.573576436351046,0.8191520442889918,-0.766044443118978,-0.6427876096865394,-0.812515199995,1.1112981484752922,-35.00000_-130.00000,1.0884663,1.9697158,-0.022831917,-0.0685842
L0000.ANS,-35.0,-120.0,9.99987840004,2002/01/00,0,9.83,TOTAL,1.8245,0.1179,microSv/hr,ICRP Pub. 103 EFFECTIVE DOSE,-0.573576436351046,0.8191520442889918,-0.8660254037844387,-0.4999999999999998,-0.812515199995,1.0383313577831799,-35.00000_-120.00000,1.0385076,1.8249978,0.00017619133,0.0004976988
L0000.ANS,-35.0,-110.0,9.99987840004,2002/01/00,0,10.65,TOTAL,1.7144,0.11078,microSv/hr,ICRP Pub. 103 EFFECTIVE DOSE,-0.573576436351046,0.8191520442889918,-0.9396926207859084,-0.3420201433256687,-0.812515199995,0.9985709344878833,-35.00000_-110.00000,1.0010663,1.7211819,0.002495408,0.0067819357
L0000.ANS,-35.0,-100.0,9.99987840004,2002/01/00,0,10.72,TOTAL,1.7072,0.11001,microSv/hr,ICRP Pub. 103 EFFECTIVE DOSE,-0.573576436351046,0.8191520442889918,-0.984807753012208,-0.1736481776669303,-0.812515199995,0.9959148904297671,-35.00000_-100.00000,0.98621404,1.6810648,-0.009700835,-0.026135087
L0000.ANS,-35.0,-90.0,9.99987840004,2002/01/00,0,10.51,TOTAL,1.7296,0.11255,microSv/hr,ICRP Pub. 103 EFFECTIVE DOSE,-0.573576436351046,0.8191520442889918,-1.0,6.123233995736766e-17,-0.812515199995,1.0041550783152229,-35.00000_-90.00000,1.0083364,1.7410374,0.004181385,0.011437416
L0000.ANS,-35.0,-80.0,9.99987840004,2002/01/00,0,10.07,TOTAL,1.788,0.11555,microSv/hr,ICRP Pub. 103 EFFECTIVE DOSE,-0.573576436351046,0.8191520442889918,-0.984807753012208,0.17364817766693041,-0.812515199995,1.0253244928982774,-35.00000_-80.00000,1.0202149,1.7737908,-0.0051095486,-0.014209032
L0000.ANS,-35.0,-70.0,9.99987840004,2002/01/00,0,9.54,TOTAL,1.8687,0.12212,microSv/hr,ICRP Pub. 103 EFFECTIVE DOSE,-0.573576436351046,0.8191520442889918,-0.9396926207859083,0.3420201433256688,-0.812515199995,1.0538589654809283,-35.00000_-70.00000,1.0506129,1.8594031,-0.003246069,-0.009296894
L0000.ANS,-35.0,-60.0,9.99987840004,2002/01/00,0,8.82,TOTAL,1.9869,0.12935,microSv/hr,ICRP Pub. 103 EFFECTIVE DOSE,-0.573576436351046,0.8191520442889918,-0.8660254037844386,0.5000000000000001,-0.812515199995,1.0942360602671306,-35.00000_-60.00000,1.1002889,2.005034,0.0060528517,0.018134117
L0000.ANS,-35.0,-50.0,9.99987840004,2002/01/00,0,7.95,TOTAL,2.1214,0.13837,microSv/hr,ICRP Pub. 103 EFFECTIVE DOSE,-0.573576436351046,0.8191520442889918,-0.766044443118978,0.6427876096865394,-0.812515199995,1.138281619126316,-35.00000_-50.00000,1.1390482,2.1237938,0.00076663494,0.002393961
L0000.ANS,-35.0,-40.0,9.99987840004,2002/01/00,0,6.86,TOTAL,2.3052,0.15066,microSv/hr,ICRP Pub. 103 EFFECTIVE DOSE,-0.573576436351046,0.8191520442889918,-0.6427876096865393,0.766044443118978,-0.812515199995,1.1954969858448923,-35.00000_-40.00000,1.1881454,2.2809906,-0.007351637,-0.0242095
L0000.ANS,-35.0,-30.0,9.99987840004,2002/01/00,0,6.31,TOTAL,2.4092,0.15697,microSv/hr,ICRP Pub. 103 EFFECTIVE DOSE,-0.573576436351046,0.8191520442889918,-0.49999999999999994,0.8660254037844387,-0.812515199995,1.2264776596660054,-35.00000_-30.00000,1.2325346,2.429912,0.006057024,0.020712137
L0000.ANS,-35.0,-20.0,9.99987840004,2002/01/00,0,5.57,TOTAL,2.5563,0.16575,microSv/hr,ICRP Pub. 103 EFFECTIVE DOSE,-0.573576436351046,0.8191520442889918,-0.3420201433256687,0.9396926207859084,-0.812515199995,1.2687206785476208,-35.00000_-20.00000,1.2696176,2.559491,0.0008969307,0.0031912327
L0000.ANS,-35.0,-10.0,9.99987840004,2002/01/00,0,4.94,TOTAL,2.6951,0.1735,microSv/hr,ICRP Pub. 103 EFFECTIVE DOSE,-0.573576436351046,0.8191520442889918,-0.17364817766693033,0.984807753012208,-0.812515199995,1.3070076176334113,-35.00000_-10.00000,1.3007424,2.6720216,-0.0062652826,-0.02307868
L0000.ANS,-35.0,0.0,9.99987840004,2002/01/00,0,4.57,TOTAL,2.7807,0.179,microSv/hr,ICRP Pub. 103 EFFECTIVE DOSE,-0.573576436351046,0.8191520442889918,0.0,1.0,-0.812515199995,1.3299091776720218,-35.00000_0.00000,1.3289177,2.7769535,-0.0009914637,-0.003746748
L0000.ANS,-35.0,10.0,9.99987840004,2002/01/00,0,4.41,TOTAL,2.8194,0.18,microSv/hr,ICRP Pub. 103 EFFECTIVE DOSE,-0.573576436351046,0.8191520442889918,0.17364817766693033,0.984807753012208,-0.812515199995,1.3400933422191765,-35.00000_10.00000,1.339889,2.8186197,-0.00020432472,-0.000780344
L0000.ANS,-35.0,20.0,9.99987840004,2002/01/00,0,4.32,TOTAL,2.8411,0.18106,microSv/hr,ICRP Pub. 103 EFFECTIVE DOSE,-0.573576436351046,0.8191520442889918,0.3420201433256687,0.9396926207859084,-0.812515199995,1.3457587839116143,-35.00000_20.00000,1.3435133,2.8324842,-0.0022455454,-0.008615732
L0000.ANS,-35.0,30.0,9.99987840004,2002/01/00,0,4.33,TOTAL,2.8381,0.18091,microSv/hr,ICRP Pub. 103 EFFECTIVE DOSE,-0.573576436351046,0.8191520442889918,0.49999999999999994,0.8660254037844387,-0.812515199995,1.344977452483179,-35.00000_30.00000,1.3405788,2.8212545,-0.0043987036,-0.016845703
L0000.ANS,-35.0,40.0,9.99987840004,2002/01/00,0,4.41,TOTAL,2.8203,0.18003,microSv/hr,ICRP Pub. 103 EFFECTIVE DOSE,-0.573576436351046,0.8191520442889918,0.6427876096865393,0.766044443118978,-0.812515199995,1.340328953566262,-35.00000_40.00000,1.3411708,2.8235173,0.000841856,0.0032174587
L0000.ANS,-35.0,50.0,9.99987840004,2002/01/00,0,4.28,TOTAL,2.8507,0.1816,microSv/hr,ICRP Pub. 103 EFFECTIVE DOSE,-0.573576436351046,0.8191520442889918,0.766044443118978,0.6427876096865394,-0.812515199995,1.3482549499545886,-35.00000_50.00000,1.347679,2.8484828,-0.0005759001,-0.0022170544
L0000.ANS,-35.0,60.0,9.99987840004,2002/01/00,0,4.15,TOTAL,2.8827,0.18387,microSv/hr,ICRP Pub. 103 EFFECTIVE DOSE,-0.573576436351046,0.8191520442889918,0.8660254037844386,0.5000000000000001,-0.812515199995,1.3565307879142032,-35.00000_60.00000,1.3556631,2.8793323,-0.0008677244,-0.0033676624
L0000.ANS,-35.0,70.0,9.99987840004,2002/01/00,0,4.0,TOTAL,2.919,0.18503,microSv/hr,ICRP Pub. 103 EFFECTIVE DOSE,-0.573576436351046,0.8191520442889918,0.9396926207859083,0.3420201433256688,-0.812515199995,1.3658365192174944,-35.00000_70.00000,1.3658571,2.9190807,2.0623207e-05,8.08239e-05
L0000.ANS,-35.0,80.0,9.99987840004,2002/01/00,0,3.7,TOTAL,2.9932,0.18869,microSv/hr,ICRP Pub. 103 EFFECTIVE DOSE,-0.573576436351046,0.8191520442889918,0.984807753012208,0.17364817766693041,-0.812515199995,1.384592914480133,-35.00000_80.00000,1.3858508,2.9982262,0.0012578964,0.0050263405
L0000.ANS,-35.0,90.0,9.99987840004,2002/01/00,0,3.49,TOTAL,3.0465,0.19022,microSv/hr,ICRP Pub. 103 EFFECTIVE DOSE,-0.573576436351046,0.8191520442889918,1.0,6.123233995736766e-17,-0.812515199995,1.3978523099536195,-35.00000_90.00000,1.395004,3.0349908,-0.0028482676,-0.01150918
L0000.ANS,-35.0,100.0,9.99987840004,2002/01/00,0,3.43,TOTAL,3.0624,0.19087,microSv/hr,ICRP Pub. 103 EFFECTIVE DOSE,-0.573576436351046,0.8191520442889918,0.984807753012208,-0.1736481776669303,-0.812515199995,1.401773931968277,-35.00000_100.00000,1.3995109,3.053217,-0.0022630692,-0.009183168
L0000.ANS,-35.0,110.0,9.99987840004,2002/01/00,0,3.41,TOTAL,3.0664,0.19106,microSv/hr,ICRP Pub. 103 EFFECTIVE DOSE,-0.573576436351046,0.8191520442889918,0.9396926207859084,-0.3420201433256687,-0.812515199995,1.4027580871505556,-35.00000_110.00000,1.4012846,3.0604124,-0.001473546,-0.005987644
L0000.ANS,-35.0,120.0,9.99987840004,2002/01/00,0,3.4,TOTAL,3.0688,0.19118,microSv/hr,ICRP Pub. 103 EFFECTIVE DOSE,-0.573576436351046,0.8191520442889918,0.8660254037844387,-0.4999999999999998,-0.812515199995,1.4033481156857182,-35.00000_120.00000,1.4005729,3.0575237,-0.0027751923,-0.011276245
L0000.ANS,-35.0,130.0,9.99987840004,2002/01/00,0,3.54,TOTAL,3.0334,0.18983,microSv/hr,ICRP Pub. 103 EFFECTIVE DOSE,-0.573576436351046,0.8191520442889918,0.766044443118978,-0.6427876096865394,-0.812515199995,1.3946096927236042,-35.00000_130.00000,1.3893023,3.0120497,-0.005307436,-0.021350384
L0000.ANS,-35.0,140.0,9.99987840004,2002/01/00,0,3.77,TOTAL,2.9757,0.18747,microSv/hr,ICRP Pub. 103 EFFECTIVE DOSE,-0.573576436351046,0.8191520442889918,0.6427876096865395,-0.7660444431189779,-0.812515199995,1.3802008332313305,-35.00000_140.00000,1.3770493,2.9631903,-0.003151536,-0.012509823
L0000.ANS,-35.0,150.0,9.99987840004,2002/01/00,0,4.17,TOTAL,2.8779,0.18348,microSv/hr,ICRP Pub. 103 EFFECTIVE DOSE,-0.573576436351046,0.8191520442889918,0.49999999999999994,-0.8660254037844387,-0.812515199995,1.3552937700001024,-35.00000_150.00000,1.3591353,2.8928256,0.0038415194,0.014925718
L0000.ANS,-35.0,160.0,9.99987840004,2002/01/00,0,4.6,TOTAL,2.7728,0.17894,microSv/hr,ICRP Pub. 103 EFFECTIVE DOSE,-0.573576436351046,0.8191520442889918,0.3420201433256689,-0.9396926207859083,-0.812515199995,1.3278174313609148,-35.00000_160.00000,1.3272882,2.7708037,-0.00052928925,-0.0019962788
L0000.ANS,-35.0,170.0,9.99987840004,2002/01/00,0,5.04,TOTAL,2.6719,0.17262,microSv/hr,ICRP Pub. 103 EFFECTIVE DOSE,-0.573576436351046,0.8191520442889918,0.17364817766693028,-0.984807753012208,-0.812515199995,1.3007092392719475,-35.00000_170.00000,1.297654,2.6606987,-0.0030552149,-0.011201382
L0000.ANS,-30.0,-179.99999,9.99987840004,2002/01/00,0,7.8,TOTAL,2.1458,0.14018,microSv/hr,ICRP Pub. 103 EFFECTIVE DOSE,-0.49999999999999994,0.8660254037844387,-1.745329251238221e-07,-0.9999999999999848,-0.812515199995,1.146068229824405,-30.00000_-179.99999,1.1460533,2.1457531,-1.4901161e-05,-4.673004e-05
L0000.ANS,-30.0,-170.0,9.99987840004,2002/01/00,0,8.75,TOTAL,2.0,0.13051,microSv/hr,ICRP Pub. 103 EFFECTIVE DOSE,-0.49999999999999994,0.8660254037844387,-0.17364817766693028,-0.984807753012208,-0.812515199995,1.0986122886681096,-30.00000_-170.00000,1.1107106,2.0365155,0.012098312,0.036515474
L0000.ANS,-30.0,-160.0,9.99987840004,2002/01/00,0,9.41,TOTAL,1.8881,0.12448,microSv/hr,ICRP Pub. 103 EFFECTIVE DOSE,-0.49999999999999994,0.8660254037844387,-0.3420201433256689,-0.9396926207859083,-0.812515199995,1.0605988464698934,-30.00000_-160.00000,1.0847756,1.9587758,0.024176717,0.07067573
L0000.ANS,-30.0,-150.0,9.99987840004,2002/01/00,0,8.87,TOTAL,1.9789,0.12872,microSv/hr,ICRP Pub. 103 EFFECTIVE DOSE,-0.49999999999999994,0.8660254037844387,-0.49999999999999994,-0.8660254037844387,-0.812515199995,1.091554104856203,-30.00000_-150.00000,1.0687425,1.9117157,-0.022811532,-0.06718409
L0000.ANS,-30.0,-140.0,9.99987840004,2002/01/00,0,10.0,TOTAL,1.7994,0.11629,microSv/hr,ICRP Pub. 103 EFFECTIVE DOSE,-0.49999999999999994,0.8660254037844387,-0.6427876096865395,-0.7660444431189779,-0.812515199995,1.0294051085044085,-30.00000_-140.00000,1.0348773,1.8147609,0.005472183,0.015360832
L0000.ANS,-30.0,-130.0,9.99987840004,2002/01/00,0,11.29,TOTAL,1.6493,0.1053,microSv/hr,ICRP Pub. 103 EFFECTIVE DOSE,-0.49999999999999994,0.8660254037844387,-0.766044443118978,-0.6427876096865394,-0.812515199995,0.9742954541607292,-30.00000_-130.00000,0.9944346,1.7031956,0.020139158,0.053895593
L0000.ANS,-30.0,-120.0,9.99987840004,2002/01/00,0,11.51,TOTAL,1.6285,0.10408,microSv/hr,ICRP Pub. 103 EFFECTIVE DOSE,-0.49999999999999994,0.8660254037844387,-0.8660254037844387,-0.4999999999999998,-0.812515199995,0.9664133412773657,-30.00000_-120.00000,0.96379286,1.6216211,-0.0026204586,-0.006878853
L0000.ANS,-30.0,-110.0,9.99987840004,2002/01/00,0,11.57,TOTAL,1.6221,0.10381,microSv/hr,ICRP Pub. 103 EFFECTIVE DOSE,-0.49999999999999994,0.8660254037844387,-0.9396926207859084,-0.3420201433256687,-0.812515199995,0.9639755234395658,-30.00000_-110.00000,0.960667,1.6134391,-0.0033085346,-0.008661032
L0000.ANS,-30.0,-100.0,9.99987840004,2002/01/00,0,11.5,TOTAL,1.6293,0.10412,microSv/hr,ICRP Pub. 103 EFFECTIVE DOSE,-0.49999999999999994,0.8660254037844387,-0.984807753012208,-0.1736481776669303,-0.812515199995,0.9667176510670776,-30.00000_-100.00000,0.96310884,1.6198285,-0.0036088228,-0.009471536
L0000.ANS,-30.0,-90.0,9.99987840004,2002/01/00,0,11.29,TOTAL,1.6496,0.10531,microSv/hr,ICRP Pub. 103 EFFECTIVE DOSE,-0.49999999999999994,0.8660254037844387,-1.0,6.123233995736766e-17,-0.812515199995,0.9744086852088034,-30.00000_-90.00000,0.97606725,1.6539981,0.0016585588,0.0043981075
L0000.ANS,-30.0,-80.0,9.99987840004,2002/01/00,0,10.89,TOTAL,1.6901,0.10837,microSv/hr,ICRP Pub. 103 EFFECTIVE DOSE,-0.49999999999999994,0.8660254037844387,-0.984807753012208,0.17364817766693041,-0.812515199995,0.9895783676439744,-30.00000_-80.00000,0.9887848,1.6879661,-0.00079357624,-0.0021338463
L0000.ANS,-30.0,-70.0,9.99987840004,2002/01/00,0,10.36,TOTAL,1.7463,0.11386,microSv/hr,ICRP Pub. 103 EFFECTIVE DOSE,-0.49999999999999994,0.8660254037844387,-0.9396926207859083,0.3420201433256688,-0.812515199995,1.0102545511963696,-30.00000_-70.00000,1.0084921,1.7414641,-0.0017623901,-0.004835725
L0000.ANS,-30.0,-60.0,9.99987840004,2002/01/00,0,9.79,TOTAL,1.83,0.11833,microSv/hr,ICRP Pub. 103 EFFECTIVE DOSE,-0.49999999999999994,0.8660254037844387,-0.8660254037844386,0.5000000000000001,-0.812515199995,1.0402767116551463,-30.00000_-60.00000,1.0396239,1.828153,-0.0006529093,-0.0018471479
L0000.ANS,-30.0,-50.0,9.99987840004,2002/01/00,0,9.0,TOTAL,1.9559,0.12719,microSv/hr,ICRP Pub. 103 EFFECTIVE DOSE,-0.49999999999999994,0.8660254037844387,-0.766044443118978,0.6427876096865394,-0.812515199995,1.0838031730144015,-30.00000_-50.00000,1.0810354,1.94773,-0.0027678013,-0.008170009
L0000.ANS,-30.0,-40.0,9.99987840004,2002/01/00,0,8.09,TOTAL,2.0999,0.13718,microSv/hr,ICRP Pub. 103 EFFECTIVE DOSE,-0.49999999999999994,0.8660254037844387,-0.6427876096865393,0.766044443118978,-0.812515199995,1.131369852906282,-30.00000_-40.00000,1.133784,2.1073928,0.0024142265,0.0074927807
L0000.ANS,-30.0,-30.0,9.99987840004,2002/01/00,0,7.1,TOTAL,2.2618,0.14766,microSv/hr,ICRP Pub. 103 EFFECTIVE DOSE,-0.49999999999999994,0.8660254037844387,-0.49999999999999994,0.8660254037844387,-0.812515199995,1.1822791902406804,-30.00000_-30.00000,1.179445,2.2525687,-0.0028342009,-0.009231329
L0000.ANS,-30.0,-20.0,9.99987840004,2002/01/00,0,6.46,TOTAL,2.3791,0.15593,microSv/hr,ICRP Pub. 103 EFFECTIVE DOSE,-0.49999999999999994,0.8660254037844387,-0.3420201433256687,0.9396926207859084,-0.812515199995,1.2176094018488448,-30.00000_-20.00000,1.2126213,2.3622868,-0.0049880743,-0.016813278
L0000.ANS,-30.0,-10.0,9.99987840004,2002/01/00,0,6.01,TOTAL,2.4681,0.1611,microSv/hr,ICRP Pub. 103 EFFECTIVE DOSE,-0.49999999999999994,0.8660254037844387,-0.17364817766693033,0.984807753012208,-0.812515199995,1.2436068935660103,-30.00000_-10.00000,1.2384851,2.4503825,-0.005121827,-0.0177176
L0000.ANS,-30.0,0.0,9.99987840004,2002/01/00,0,5.75,TOTAL,2.5199,0.16457,microSv/hr,ICRP Pub. 103 EFFECTIVE DOSE,-0.49999999999999994,0.8660254037844387,0.0,1.0,-0.812515199995,1.2584325801155507,-30.00000_0.00000,1.258878,2.5214682,0.0004453659,0.001568079
L0000.ANS,-30.0,10.0,9.99987840004,2002/01/00,0,5.68,TOTAL,2.5336,0.16489,microSv/hr,ICRP Pub. 103 EFFECTIVE DOSE,-0.49999999999999994,0.8660254037844387,0.17364817766693033,0.984807753012208,-0.812515199995,1.2623171813001797,-30.00000_10.00000,1.2637393,2.538629,0.0014221668,0.005028963
L0000.ANS,-30.0,20.0,9.99987840004,2002/01/00,0,5.75,TOTAL,2.5193,0.16456,microSv/hr,ICRP Pub. 103 EFFECTIVE DOSE,-0.49999999999999994,0.8660254037844387,0.3420201433256687,0.9396926207859084,-0.812515199995,1.2582621061976473,-30.00000_20.00000,1.2605383,2.52732,0.0022761822,0.008019686
L0000.ANS,-30.0,30.0,9.99987840004,2002/01/00,0,5.92,TOTAL,2.4857,0.16285,microSv/hr,ICRP Pub. 103 EFFECTIVE DOSE,-0.49999999999999994,0.8660254037844387,0.49999999999999994,0.8660254037844387,-0.812515199995,1.2486688848747889,-30.00000_30.00000,1.2611014,2.5293064,0.012432456,0.04360628
L0000.ANS,-30.0,40.0,9.99987840004,2002/01/00,0,5.97,TOTAL,2.4746,0.16172,microSv/hr,ICRP Pub. 103 EFFECTIVE DOSE,-0.49999999999999994,0.8660254037844387,0.6427876096865393,0.766044443118978,-0.812515199995,1.245479364477662,-30.00000_40.00000,1.249564,2.4888217,0.0040847063,0.014221907
L0000.ANS,-30.0,50.0,9.99987840004,2002/01/00,0,5.84,TOTAL,2.5016,0.1644,microSv/hr,ICRP Pub. 103 EFFECTIVE DOSE,-0.49999999999999994,0.8660254037844387,0.766044443118978,0.6427876096865394,-0.812515199995,1.2532200068945485,-30.00000_50.00000,1.2571793,2.5154912,0.003959298,0.0138914585
L0000.ANS,-30.0,60.0,9.99987840004,2002/01/00,0,5.63,TOTAL,2.5447,0.16526,microSv/hr,ICRP Pub. 103 EFFECTIVE DOSE,-0.49999999999999994,0.8660254037844387,0.8660254037844386,0.5000000000000001,-0.812515199995,1.2654535301689565,-30.00000_60.00000,1.2618991,2.532123,-0.0035544634,-0.012577057
L0000.ANS,-30.0,70.0,9.99987840004,2002/01/00,0,5.48,TOTAL,2.5756,0.16683,microSv/hr,ICRP Pub. 103 EFFECTIVE DOSE,-0.49999999999999994,0.8660254037844387,0.9396926207859083,0.3420201433256688,-0.812515199995,1.2741329942315605,-30.00000_70.00000,1.2748597,2.5781991,0.0007266998,0.0025992393
L0000.ANS,-30.0,80.0,9.99987840004,2002/01/00,0,5.33,TOTAL,2.6081,0.16932,microSv/hr,ICRP Pub. 103 EFFECTIVE DOSE,-0.49999999999999994,0.8660254037844387,0.984807753012208,0.17364817766693041,-0.812515199995,1.2831813180025435,-30.00000_80.00000,1.2802948,2.5977,-0.0028865337,-0.010399818
L0000.ANS,-30.0,90.0,9.99987840004,2002/01/00,0,5.25,TOTAL,2.6252,0.17084,microSv/hr,ICRP Pub. 103 EFFECTIVE DOSE,-0.49999999999999994,0.8660254037844387,1.0,6.123233995736766e-17,-0.812515199995,1.2879094591984896,-30.00000_90.00000,1.2856547,2.6170352,-0.0022548437,-0.008165121
L0000.ANS,-30.0,100.0,9.99987840004,2002/01/00,0,5.22,TOTAL,2.6304,0.17132,microSv/hr,ICRP Pub. 103 EFFECTIVE DOSE,-0.49999999999999994,0.8660254037844387,0.984807753012208,-0.1736481776669303,-0.812515199995,1.2893428350434402,-30.00000_100.00000,1.2871411,2.6224155,-0.0022017956,-0.007984638
L0000.ANS,-30.0,110.0,9.99987840004,2002/01/00,0,5.2,TOTAL,2.6343,0.1717,microSv/hr,ICRP Pub. 103 EFFECTIVE DOSE,-0.49999999999999994,0.8660254037844387,0.9396926207859084,-0.3420201433256687,-0.812515199995,1.2904165202264926,-30.00000_110.00000,1.2939525,2.6471734,0.003535986,0.01287365
L0000.ANS,-30.0,120.0,9.99987840004,2002/01/00,0,5.3,TOTAL,2.6136,0.16981,microSv/hr,ICRP Pub. 103 EFFECTIVE DOSE,-0.49999999999999994,0.8660254037844387,0.8660254037844387,-0.4999999999999998,-0.812515199995,1.2847045053582573,-30.00000_120.00000,1.2837242,2.6100593,-0.000980258,-0.003540516
L0000.ANS,-30.0,130.0,9.99987840004,2002/01/00,0,5.39,TOTAL,2.5944,0.16817,microSv/hr,ICRP Pub. 103 EFFECTIVE DOSE,-0.49999999999999994,0.8660254037844387,0.766044443118978,-0.6427876096865394,-0.812515199995,1.279377078773813,-30.00000_130.00000,1.273972,2.5750246,-0.0054050684,-0.019375563
L0000.ANS,-30.0,140.0,9.99987840004,2002/01/00,0,5.52,TOTAL,2.5677,0.16635,microSv/hr,ICRP Pub. 103 EFFECTIVE DOSE,-0.49999999999999994,0.8660254037844387,0.6427876096865395,-0.7660444431189779,-0.812515199995,1.2719211304652924,-30.00000_140.00000,1.2656327,2.5453353,-0.0062884092,-0.022364855
L0000.ANS,-30.0,150.0,9.99987840004,2002/01/00,0,5.82,TOTAL,2.5042,0.1644,microSv/hr,ICRP Pub. 103 EFFECTIVE DOSE,-0.49999999999999994,0.8660254037844387,0.49999999999999994,-0.8660254037844387,-0.812515199995,1.2539622490708502,-30.00000_150.00000,1.249212,2.4875937,-0.004750252,-0.01660633
L0000.ANS,-30.0,160.0,9.99987840004,2002/01/00,0,6.29,TOTAL,2.4132,0.15716,microSv/hr,ICRP Pub. 103 EFFECTIVE DOSE,-0.49999999999999994,0.8660254037844387,0.3420201433256689,-0.9396926207859083,-0.812515199995,1.2276502676802927,-30.00000_160.00000,1.2225484,2.3958306,-0.005101919,-0.017369509
L0000.ANS,-30.0,170.0,9.99987840004,2002/01/00,0,6.94,TOTAL,2.2908,0.14949,microSv/hr,ICRP Pub. 103 EFFECTIVE DOSE,-0.49999999999999994,0.8660254037844387,0.17364817766693028,-0.984807753012208,-0.812515199995,1.1911306963126382,-30.00000_170.00000,1.1839933,2.267396,-0.0071372986,-0.023403883
L0000.ANS,-25.0,-179.99999,9.99987840004,2002/01/00,0,9.88,TOTAL,1.8167,0.11733,microSv/hr,ICRP Pub. 103 EFFECTIVE DOSE,-0.42261826174069944,0.9063077870366499,-1.745329251238221e-07,-0.9999999999999848,-0.812515199995,1.0355659869504743,-25.00000_-179.99999,1.0284077,1.7966092,-0.0071582794,-0.020090818
L0000.ANS,-25.0,-170.0,9.99987840004,2002/01/00,0,10.32,TOTAL,1.752,0.11399,microSv/hr,ICRP Pub. 103 EFFECTIVE DOSE,-0.42261826174069944,0.9063077870366499,-0.17364817766693028,-0.984807753012208,-0.812515199995,1.0123279200710973,-25.00000_-170.00000,1.0033678,1.7274518,-0.008960128,-0.024548173
L0000.ANS,-25.0,-160.0,9.99987840004,2002/01/00,0,11.16,TOTAL,1.6626,0.10631,microSv/hr,ICRP Pub. 103 EFFECTIVE DOSE,-0.42261826174069944,0.9063077870366499,-0.3420201433256689,-0.9396926207859083,-0.812515199995,0.9793030890156798,-25.00000_-160.00000,0.9827281,1.671735,0.0034250617,0.009135127
L0000.ANS,-25.0,-150.0,9.99987840004,2002/01/00,0,11.71,TOTAL,1.6089,0.10339,microSv/hr,ICRP Pub. 103 EFFECTIVE DOSE,-0.42261826174069944,0.9063077870366499,-0.49999999999999994,-0.8660254037844387,-0.812515199995,0.958928676558389,-25.00000_-150.00000,0.97005916,1.6381005,0.011130452,0.029200435
L0000.ANS,-25.0,-140.0,9.99987840004,2002/01/00,0,12.18,TOTAL,1.5666,0.099635,microSv/hr,ICRP Pub. 103 EFFECTIVE DOSE,-0.42261826174069944,0.9063077870366499,-0.6427876096865395,-0.7660444431189779,-0.812515199995,0.9425820658282236,-25.00000_-140.00000,0.94272965,1.5669788,0.0001475811,0.0003787279
L0000.ANS,-25.0,-130.0,9.99987840004,2002/01/00,0,12.32,TOTAL,1.555,0.098502,microSv/hr,ICRP Pub. 103 EFFECTIVE DOSE,-0.42261826174069944,0.9063077870366499,-0.766044443118978,-0.6427876096865394,-0.812515199995,0.9380522236556678,-25.00000_-130.00000,0.93045926,1.5356734,-0.007592976,-0.019326687
L0000.ANS,-25.0,-120.0,9.99987840004,2002/01/00,0,12.36,TOTAL,1.5519,0.098225,microSv/hr,ICRP Pub. 103 EFFECTIVE DOSE,-0.42261826174069944,0.9063077870366499,-0.8660254037844387,-0.4999999999999998,-0.812515199995,0.936838179761815,-25.00000_-120.00000,0.93215275,1.5399712,-0.004685402,-0.011928678
L0000.ANS,-25.0,-110.0,9.99987840004,2002/01/00,0,12.31,TOTAL,1.556,0.098599,microSv/hr,ICRP Pub. 103 EFFECTIVE DOSE,-0.42261826174069944,0.9063077870366499,-0.9396926207859084,-0.3420201433256687,-0.812515199995,0.9384435365152883,-25.00000_-110.00000,0.9403267,1.560818,0.0018831491,0.0048179626
L0000.ANS,-25.0,-100.0,9.99987840004,2002/01/00,0,12.15,TOTAL,1.5699,0.099979,microSv/hr,ICRP Pub. 103 EFFECTIVE DOSE,-0.42261826174069944,0.9063077870366499,-0.984807753012208,-0.1736481776669303,-0.812515199995,0.9438669876442585,-25.00000_-100.00000,0.9473163,1.5787797,0.0034493208,0.008879662
L0000.ANS,-25.0,-90.0,9.99987840004,2002/01/00,0,11.89,TOTAL,1.5916,0.10251,microSv/hr,ICRP Pub. 103 EFFECTIVE DOSE,-0.42261826174069944,0.9063077870366499,-1.0,6.123233995736766e-17,-0.812515199995,0.9522754455936651,-25.00000_-90.00000,0.9548866,1.5983759,0.0026111603,0.006775856
L0000.ANS,-25.0,-80.0,9.99987840004,2002/01/00,0,11.55,TOTAL,1.6244,0.10391,microSv/hr,ICRP Pub. 103 EFFECTIVE DOSE,-0.42261826174069944,0.9063077870366499,-0.984807753012208,0.17364817766693041,-0.812515199995,0.9648522984885854,-25.00000_-80.00000,0.9607471,1.6136484,-0.0041051507,-0.010751486
L0000.ANS,-25.0,-70.0,9.99987840004,2002/01/00,0,11.14,TOTAL,1.6637,0.10638,microSv/hr,ICRP Pub. 103 EFFECTIVE DOSE,-0.42261826174069944,0.9063077870366499,-0.9396926207859083,0.3420201433256688,-0.812515199995,0.9797161337242537,-25.00000_-70.00000,0.9843558,1.6760874,0.004639685,0.012387395
L0000.ANS,-25.0,-60.0,9.99987840004,2002/01/00,0,10.61,TOTAL,1.7186,0.11125,microSv/hr,ICRP Pub. 103 EFFECTIVE DOSE,-0.42261826174069944,0.9063077870366499,-0.8660254037844386,0.5000000000000001,-0.812515199995,1.0001170419190104,-25.00000_-60.00000,0.9994909,1.7168983,-0.0006261468,-0.0017017126
L0000.ANS,-25.0,-50.0,9.99987840004,2002/01/00,0,10.0,TOTAL,1.7993,0.11628,microSv/hr,ICRP Pub. 103 EFFECTIVE DOSE,-0.42261826174069944,0.9063077870366499,-0.766044443118978,0.6427876096865394,-0.812515199995,1.029369385925949,-25.00000_-50.00000,1.0226707,1.7806112,-0.0066986084,-0.018688798
L0000.ANS,-25.0,-40.0,9.99987840004,2002/01/00,0,9.23,TOTAL,1.9177,0.12531,microSv/hr,ICRP Pub. 103 EFFECTIVE DOSE,-0.42261826174069944,0.9063077870366499,-0.6427876096865393,0.766044443118978,-0.812515199995,1.0707956346713345,-25.00000_-40.00000,1.072121,1.9215697,0.0013253689,0.0038696527
L0000.ANS,-25.0,-30.0,9.99987840004,2002/01/00,0,8.36,TOTAL,2.0568,0.13563,microSv/hr,ICRP Pub. 103 EFFECTIVE DOSE,-0.42261826174069944,0.9063077870366499,-0.49999999999999994,0.8660254037844387,-0.812515199995,1.1173686171505532,-25.00000_-30.00000,1.1179059,2.0584426,0.00053727627,0.001642704
L0000.ANS,-25.0,-20.0,9.99987840004,2002/01/00,0,7.6,TOTAL,2.1766,0.14315,microSv/hr,ICRP Pub. 103 EFFECTIVE DOSE,-0.42261826174069944,0.9063077870366499,-0.3420201433256687,0.9396926207859084,-0.812515199995,1.1558114424189176,-25.00000_-20.00000,1.1518867,2.1641572,-0.0039247274,-0.012442827
L0000.ANS,-25.0,-10.0,9.99987840004,2002/01/00,0,7.1,TOTAL,2.2631,0.14773,microSv/hr,ICRP Pub. 103 EFFECTIVE DOSE,-0.42261826174069944,0.9063077870366499,-0.17364817766693033,0.984807753012208,-0.812515199995,1.1826776637857772,-25.00000_-10.00000,1.181458,2.2591226,-0.0012196302,-0.0039772987
L0000.ANS,-25.0,0.0,9.99987840004,2002/01/00,0,7.0,TOTAL,2.2813,0.14881,microSv/hr,ICRP Pub. 103 EFFECTIVE DOSE,-0.42261826174069944,0.9063077870366499,0.0,1.0,-0.812515199995,1.1882396853369364,-25.00000_0.00000,1.189045,2.2839434,0.00080525875,0.0026433468
L0000.ANS,-25.0,10.0,9.99987840004,2002/01/00,0,7.06,TOTAL,2.2702,0.14812,microSv/hr,ICRP Pub. 103 EFFECTIVE DOSE,-0.42261826174069944,0.9063077870366499,0.17364817766693033,0.984807753012208,-0.812515199995,1.184851145118349,-25.00000_10.00000,1.1848283,2.2701252,-2.2888184e-05,-7.4863434e-05
L0000.ANS,-25.0,20.0,9.99987840004,2002/01/00,0,7.37,TOTAL,2.2151,0.1461,microSv/hr,ICRP Pub. 103 EFFECTIVE DOSE,-0.42261826174069944,0.9063077870366499,0.3420201433256687,0.9396926207859084,-0.812515199995,1.167858461404924,-25.00000_20.00000,1.1726217,2.2304509,0.0047632456,0.015350819
L0000.ANS,-25.0,30.0,9.99987840004,2002/01/00,0,7.7,TOTAL,2.1612,0.14157,microSv/hr,ICRP Pub. 103 EFFECTIVE DOSE,-0.42261826174069944,0.9063077870366499,0.49999999999999994,0.8660254037844387,-0.812515199995,1.1509517023486833,-25.00000_30.00000,1.158436,2.184948,0.0074841976,0.023747921
L0000.ANS,-25.0,40.0,9.99987840004,2002/01/00,0,8.05,TOTAL,2.106,0.13748,microSv/hr,ICRP Pub. 103 EFFECTIVE DOSE,-0.42261826174069944,0.9063077870366499,0.6427876096865393,0.766044443118978,-0.812515199995,1.1333357247264952,-25.00000_40.00000,1.1445706,2.1410923,0.0112348795,0.035092354
L0000.ANS,-25.0,50.0,9.99987840004,2002/01/00,0,8.2,TOTAL,2.0822,0.13651,microSv/hr,ICRP Pub. 103 EFFECTIVE DOSE,-0.42261826174069944,0.9063077870366499,0.766044443118978,0.6427876096865394,-0.812515199995,1.12564362771914,-25.00000_50.00000,1.1275421,2.088057,0.0018985271,0.005856991
L0000.ANS,-25.0,60.0,9.99987840004,2002/01/00,0,8.22,TOTAL,2.0788,0.13638,microSv/hr,ICRP Pub. 103 EFFECTIVE DOSE,-0.42261826174069944,0.9063077870366499,0.8660254037844386,0.5000000000000001,-0.812515199995,1.1245399106780254,-25.00000_60.00000,1.1298958,2.095334,0.005355954,0.016534328
L0000.ANS,-25.0,70.0,9.99987840004,2002/01/00,0,7.99,TOTAL,2.1151,0.13797,microSv/hr,ICRP Pub. 103 EFFECTIVE DOSE,-0.42261826174069944,0.9063077870366499,0.9396926207859083,0.3420201433256688,-0.812515199995,1.136261254452867,-25.00000_70.00000,1.1335123,2.1065483,-0.0027489662,-0.008551598
L0000.ANS,-25.0,80.0,9.99987840004,2002/01/00,0,7.69,TOTAL,2.1633,0.14178,microSv/hr,ICRP Pub. 103 EFFECTIVE DOSE,-0.42261826174069944,0.9063077870366499,0.984807753012208,0.17364817766693041,-0.812515199995,1.1516157864904102,-25.00000_80.00000,1.1421018,2.133347,-0.009513974,-0.029952765
L0000.ANS,-25.0,90.0,9.99987840004,2002/01/00,0,7.52,TOTAL,2.1894,0.14461,microSv/hr,ICRP Pub. 103 EFFECTIVE DOSE,-0.42261826174069944,0.9063077870366499,1.0,6.123233995736766e-17,-0.812515199995,1.1598328113317349,-25.00000_90.00000,1.1457064,2.144662,-0.01412642,-0.044738293
L0000.ANS,-25.0,100.0,9.99987840004,2002/01/00,0,7.53,TOTAL,2.1879,0.14442,microSv/hr,ICRP Pub. 103 EFFECTIVE DOSE,-0.42261826174069944,0.9063077870366499,0.984807753012208,-0.1736481776669303,-0.812515199995,1.1593623928073868,-25.00000_100.00000,1.1549237,2.1737812,-0.004438758,-0.01411891
L0000.ANS,-25.0,110.0,9.99987840004,2002/01/00,0,7.61,TOTAL,2.1752,0.143,microSv/hr,ICRP Pub. 103 EFFECTIVE DOSE,-0.42261826174069944,0.9063077870366499,0.9396926207859084,-0.3420201433256687,-0.812515199995,1.1553706224867186,-25.00000_110.00000,1.157339,2.181456,0.0019683838,0.0062561035
L0000.ANS,-25.0,120.0,9.99987840004,2002/01/00,0,7.65,TOTAL,2.1683,0.14228,microSv/hr,ICRP Pub. 103 EFFECTIVE DOSE,-0.42261826174069944,0.9063077870366499,0.8660254037844387,-0.4999999999999998,-0.812515199995,1.1531951664384015,-25.00000_120.00000,1.1434135,2.13746,-0.009781599,-0.03083992
L0000.ANS,-25.0,130.0,9.99987840004,2002/01/00,0,7.72,TOTAL,2.1576,0.14123,microSv/hr,ICRP Pub. 103 EFFECTIVE DOSE,-0.42261826174069944,0.9063077870366499,0.766044443118978,-0.6427876096865394,-0.812515199995,1.1498122453665003,-25.00000_130.00000,1.1348778,2.1107934,-0.014934421,-0.046806574
L0000.ANS,-25.0,140.0,9.99987840004,2002/01/00,0,8.0,TOTAL,2.1141,0.13792,microSv/hr,ICRP Pub. 103 EFFECTIVE DOSE,-0.42261826174069944,0.9063077870366499,0.6427876096865395,-0.7660444431189779,-0.812515199995,1.1359401859340874,-25.00000_140.00000,1.1237493,2.0763667,-0.012190938,-0.037733316
L0000.ANS,-25.0,150.0,9.99987840004,2002/01/00,0,8.51,TOTAL,2.0355,0.13434,microSv/hr,ICRP Pub. 103 EFFECTIVE DOSE,-0.42261826174069944,0.9063077870366499,0.49999999999999994,-0.8660254037844387,-0.812515199995,1.1103761555883516,-25.00000_150.00000,1.1027658,2.0124865,-0.007610321,-0.023013353
L0000.ANS,-25.0,160.0,9.99987840004,2002/01/00,0,9.15,TOTAL,1.9303,0.1259,microSv/hr,ICRP Pub. 103 EFFECTIVE DOSE,-0.42261826174069944,0.9063077870366499,0.3420201433256689,-0.9396926207859083,-0.812515199995,1.0751048068660702,-25.00000_160.00000,1.0724031,1.9223938,-0.0027017593,-0.007906318
L0000.ANS,-25.0,170.0,9.99987840004,2002/01/00,0,9.82,TOTAL,1.8259,0.11801,microSv/hr,ICRP Pub. 103 EFFECTIVE DOSE,-0.42261826174069944,0.9063077870366499,0.17364817766693028,-0.984807753012208,-0.812515199995,1.0388268979320714,-25.00000_170.00000,1.0370926,1.8210032,-0.001734376,-0.004896879
L0000.ANS,-20.0,-179.99999,9.99987840004,2002/01/00,0,12.44,TOTAL,1.5446,0.097601,microSv/hr,ICRP Pub. 103 EFFECTIVE DOSE,-0.3420201433256687,0.9396926207859084,-1.745329251238221e-07,-0.9999999999999848,-0.812515199995,0.933973466726463,-20.00000_-179.99999,0.9334429,1.5432503,-0.00053060055,-0.0013496876
L0000.ANS,-20.0,-170.0,9.99987840004,2002/01/00,0,12.72,TOTAL,1.5213,0.095705,microSv/hr,ICRP Pub. 103 EFFECTIVE DOSE,-0.3420201433256687,0.9396926207859084,-0.17364817766693028,-0.984807753012208,-0.812515199995,0.9247746415224652,-20.00000_-170.00000,0.9233609,1.517738,-0.0014137626,-0.0035620928
L0000.ANS,-20.0,-160.0,9.99987840004,2002/01/00,0,12.91,TOTAL,1.5067,0.094659,microSv/hr,ICRP Pub. 103 EFFECTIVE DOSE,-0.3420201433256687,0.9396926207859084,-0.3420201433256689,-0.9396926207859083,-0.812515199995,0.9189671470775632,-20.00000_-160.00000,0.914467,1.4954448,-0.0045001507,-0.011255264
L0000.ANS,-20.0,-150.0,9.99987840004,2002/01/00,0,13.03,TOTAL,1.4967,0.094083,microSv/hr,ICRP Pub. 103 EFFECTIVE DOSE,-0.3420201433256687,0.9396926207859084,-0.49999999999999994,-0.8660254037844387,-0.812515199995,0.9149698599067393,-20.00000_-150.00000,0.90250844,1.4657806,-0.012461424,-0.030919433
L0000.ANS,-20.0,-140.0,9.99987840004,2002/01/00,0,13.08,TOTAL,1.4927,0.093889,microSv/hr,ICRP Pub. 103 EFFECTIVE DOSE,-0.3420201433256687,0.9396926207859084,-0.6427876096865395,-0.7660444431189779,-0.812515199995,0.9133664603569083,-20.00000_-140.00000,0.90750194,1.4781243,-0.005864501,-0.01457572
L0000.ANS,-20.0,-130.0,9.99987840004,2002/01/00,0,13.08,TOTAL,1.493,0.093904,microSv/hr,ICRP Pub. 103 EFFECTIVE DOSE,-0.3420201433256687,0.9396926207859084,-0.766044443118978,-0.6427876096865394,-0.812515199995,0.9134868045414208,-20.00000_-130.00000,0.90796244,1.4792657,-0.0055243373,-0.013734221
L0000.ANS,-20.0,-120.0,9.99987840004,2002/01/00,0,13.0,TOTAL,1.4989,0.094202,microSv/hr,ICRP Pub. 103 EFFECTIVE DOSE,-0.3420201433256687,0.9396926207859084,-0.8660254037844387,-0.4999999999999998,-0.812515199995,0.9158506350457509,-20.00000_-120.00000,0.912325,1.4901054,-0.0035256147,-0.008794546
L0000.ANS,-20.0,-110.0,9.99987840004,2002/01/00,0,12.87,TOTAL,1.5096,0.094848,microSv/hr,ICRP Pub. 103 EFFECTIVE DOSE,-0.3420201433256687,0.9396926207859084,-0.9396926207859084,-0.3420201433256687,-0.812515199995,0.9201233778943314,-20.00000_-110.00000,0.9230544,1.5169665,0.0029309988,0.007366419
L0000.ANS,-20.0,-100.0,9.99987840004,2002/01/00,0,12.66,TOTAL,1.5261,0.096107,microSv/hr,ICRP Pub. 103 EFFECTIVE DOSE,-0.3420201433256687,0.9396926207859084,-0.984807753012208,-0.1736481776669303,-0.812515199995,0.9266766114265725,-20.00000_-100.00000,0.93031317,1.5353031,0.003636539,0.009203076
L0000.ANS,-20.0,-90.0,9.99987840004,2002/01/00,0,12.37,TOTAL,1.5504,0.098092,microSv/hr,ICRP Pub. 103 EFFECTIVE DOSE,-0.3420201433256687,0.9396926207859084,-1.0,6.123233995736766e-17,-0.812515199995,0.9362502096137588,-20.00000_-90.00000,0.93744683,1.5534537,0.0011966228,0.0030536652
L0000.ANS,-20.0,-80.0,9.99987840004,2002/01/00,0,12.07,TOTAL,1.5765,0.10071,microSv/hr,ICRP Pub. 103 EFFECTIVE DOSE,-0.3420201433256687,0.9396926207859084,-0.984807753012208,0.17364817766693041,-0.812515199995,0.9464318887861419,-20.00000_-80.00000,0.9438315,1.5698088,-0.0026003718,-0.006691098
L0000.ANS,-20.0,-70.0,9.99987840004,2002/01/00,0,11.73,TOTAL,1.6067,0.10334,microSv/hr,ICRP Pub. 103 EFFECTIVE DOSE,-0.3420201433256687,0.9396926207859084,-0.9396926207859083,0.3420201433256688,-0.812515199995,0.9580850535311329,-20.00000_-70.00000,0.9589506,1.6089572,0.00086551905,0.002257228
L0000.ANS,-20.0,-60.0,9.99987840004,2002/01/00,0,11.39,TOTAL,1.6393,0.10465,microSv/hr,ICRP Pub. 103 EFFECTIVE DOSE,-0.3420201433256687,0.9396926207859084,-0.8660254037844386,0.5000000000000001,-0.812515199995,0.9705137304841952,-20.00000_-60.00000,0.97097623,1.640521,0.00046253204,0.00122118
L0000.ANS,-20.0,-50.0,9.99987840004,2002/01/00,0,10.97,TOTAL,1.6821,0.10769,microSv/hr,ICRP Pub. 103 EFFECTIVE DOSE,-0.3420201433256687,0.9396926207859084,-0.766044443118978,0.6427876096865394,-0.812515199995,0.9866000697721512,-20.00000_-50.00000,0.9900931,1.691485,0.0034930706,0.009385109
L0000.ANS,-20.0,-40.0,9.99987840004,2002/01/00,0,10.31,TOTAL,1.7536,0.11403,microSv/hr,ICRP Pub. 103 EFFECTIVE DOSE,-0.3420201433256687,0.9396926207859084,-0.6427876096865393,0.766044443118978,-0.812515199995,1.0129091464751379,-20.00000_-40.00000,1.0136061,1.7555197,0.0006968975,0.0019196272
L0000.ANS,-20.0,-30.0,9.99987840004,2002/01/00,0,9.54,TOTAL,1.8675,0.12198,microSv/hr,ICRP Pub. 103 EFFECTIVE DOSE,-0.3420201433256687,0.9396926207859084,-0.49999999999999994,0.8660254037844387,-0.812515199995,1.0534405700213887,-20.00000_-30.00000,1.0542105,1.8697088,0.0007699728,0.002208829
L0000.ANS,-20.0,-20.0,9.99987840004,2002/01/00,0,8.94,TOTAL,1.9668,0.12786,microSv/hr,ICRP Pub. 103 EFFECTIVE DOSE,-0.3420201433256687,0.9396926207859084,-0.3420201433256687,0.9396926207859084,-0.812515199995,1.087483930880266,-20.00000_-20.00000,1.0907726,1.976573,0.0032887459,0.009773135
L0000.ANS,-20.0,-10.0,9.99987840004,2002/01/00,0,8.5,TOTAL,2.0365,0.13446,microSv/hr,ICRP Pub. 103 EFFECTIVE DOSE,-0.3420201433256687,0.9396926207859084,-0.17364817766693033,0.984807753012208,-0.812515199995,1.1107055363554932,-20.00000_-10.00000,1.1099508,2.034209,-0.000754714,-0.0022909641
L0000.ANS,-20.0,0.0,9.99987840004,2002/01/00,0,8.42,TOTAL,2.0486,0.13546,microSv/hr,ICRP Pub. 103 EFFECTIVE DOSE,-0.3420201433256687,0.9396926207859084,0.0,1.0,-0.812515199995,1.1146824688456043,-20.00000_0.00000,1.1148894,2.0492308,0.00020694733,0.00063085556
L0000.ANS,-20.0,10.0,9.99987840004,2002/01/00,0,8.57,TOTAL,2.0264,0.13327,microSv/hr,ICRP Pub. 103 EFFECTIVE DOSE,-0.3420201433256687,0.9396926207859084,0.17364817766693033,0.984807753012208,-0.812515199995,1.1073737943366826,-20.00000_10.00000,1.0968921,1.994844,-0.010481715,-0.03155613
L0000.ANS,-20.0,20.0,9.99987840004,2002/01/00,0,8.92,TOTAL,1.9694,0.12803,microSv/hr,ICRP Pub. 103 EFFECTIVE DOSE,-0.3420201433256687,0.9396926207859084,0.3420201433256687,0.9396926207859084,-0.812515199995,1.0883599122037584,-20.00000_20.00000,1.0795568,1.9433749,-0.008803129,-0.026025295
L0000.ANS,-20.0,30.0,9.99987840004,2002/01/00,0,9.32,TOTAL,1.9018,0.12479,microSv/hr,ICRP Pub. 103 EFFECTIVE DOSE,-0.3420201433256687,0.9396926207859084,0.49999999999999994,0.8660254037844387,-0.812515199995,1.0653312340994476,-20.00000_30.00000,1.0546535,1.8709803,-0.010677695,-0.030819654
L0000.ANS,-20.0,40.0,9.99987840004,2002/01/00,0,9.75,TOTAL,1.8372,0.11894,microSv/hr,ICRP Pub. 103 EFFECTIVE DOSE,-0.3420201433256687,0.9396926207859084,0.6427876096865393,0.766044443118978,-0.812515199995,1.0428176503457947,-20.00000_40.00000,1.0428449,1.8372773,2.7298927e-05,7.748604e-05
L0000.ANS,-20.0,50.0,9.99987840004,2002/01/00,0,10.12,TOTAL,1.7811,0.11515,microSv/hr,ICRP Pub. 103 EFFECTIVE DOSE,-0.3420201433256687,0.9396926207859084,0.766044443118978,0.6427876096865394,-0.812515199995,1.0228465328937295,-20.00000_50.00000,1.0245264,1.7857757,0.0016797781,0.0046755075
L0000.ANS,-20.0,60.0,9.99987840004,2002/01/00,0,10.38,TOTAL,1.7437,0.11382,microSv/hr,ICRP Pub. 103 EFFECTIVE DOSE,-0.3420201433256687,0.9396926207859084,0.8660254037844386,0.5000000000000001,-0.812515199995,1.009307374440675,-20.00000_60.00000,1.0077409,1.7394053,-0.0015665293,-0.004294753
L0000.ANS,-20.0,70.0,9.99987840004,2002/01/00,0,10.62,TOTAL,1.7174,0.11111,microSv/hr,ICRP Pub. 103 EFFECTIVE DOSE,-0.3420201433256687,0.9396926207859084,0.9396926207859083,0.3420201433256688,-0.812515199995,0.9996755408080862,-20.00000_70.00000,0.99949646,1.7169135,-0.00017905235,-0.0004863739
L0000.ANS,-20.0,80.0,9.99987840004,2002/01/00,0,10.72,TOTAL,1.7073,0.11001,microSv/hr,ICRP Pub. 103 EFFECTIVE DOSE,-0.3420201433256687,0.9396926207859084,0.984807753012208,0.17364817766693041,-0.812515199995,0.9959518282818351,-20.00000_80.00000,0.9990587,1.7157243,0.003106892,0.008424401
L0000.ANS,-20.0,90.0,9.99987840004,2002/01/00,0,10.83,TOTAL,1.6957,0.10887,microSv/hr,ICRP Pub. 103 EFFECTIVE DOSE,-0.3420201433256687,0.9396926207859084,1.0,6.123233995736766e-17,-0.812515199995,0.9916579108940394,-20.00000_90.00000,0.99609715,1.7076935,0.0044392347,0.011993527
L0000.ANS,-20.0,100.0,9.99987840004,2002/01/00,0,10.91,TOTAL,1.6874,0.10813,microSv/hr,ICRP Pub. 103 EFFECTIVE DOSE,-0.3420201433256687,0.9396926207859084,0.984807753012208,-0.1736481776669303,-0.812515199995,0.9885741834591724,-20.00000_100.00000,1.0060735,1.7348415,0.017499268,0.047441363
L0000.ANS,-20.0,110.0,9.99987840004,2002/01/00,0,10.99,TOTAL,1.6792,0.10747,microSv/hr,ICRP Pub. 103 EFFECTIVE DOSE,-0.3420201433256687,0.9396926207859084,0.9396926207859084,-0.3420201433256687,-0.812515199995,0.9855182424978578,-20.00000_110.00000,0.9926135,1.6982772,0.0070952773,0.019077301
L0000.ANS,-20.0,120.0,9.99987840004,2002/01/00,0,10.77,TOTAL,1.7025,0.10953,microSv/hr,ICRP Pub. 103 EFFECTIVE DOSE,-0.3420201433256687,0.9396926207859084,0.8660254037844387,-0.4999999999999998,-0.812515199995,0.9941772705312263,-20.00000_120.00000,0.9986456,1.7146027,0.004468322,0.012102604
L0000.ANS,-20.0,130.0,9.99987840004,2002/01/00,0,10.73,TOTAL,1.7065,0.10994,microSv/hr,ICRP Pub. 103 EFFECTIVE DOSE,-0.3420201433256687,0.9396926207859084,0.766044443118978,-0.6427876096865394,-0.812515199995,0.9956562872548955,-20.00000_130.00000,1.0002873,1.7190628,0.004630983,0.012562752
L0000.ANS,-20.0,140.0,9.99987840004,2002/01/00,0,10.51,TOTAL,1.7294,0.11252,microSv/hr,ICRP Pub. 103 EFFECTIVE DOSE,-0.3420201433256687,0.9396926207859084,0.6427876096865395,-0.7660444431189779,-0.812515199995,1.0040818048218765,-20.00000_140.00000,0.99690485,1.7098813,-0.0071769953,-0.019518852
L0000.ANS,-20.0,150.0,9.99987840004,2002/01/00,0,10.74,TOTAL,1.7057,0.10985,microSv/hr,ICRP Pub. 103 EFFECTIVE DOSE,-0.3420201433256687,0.9396926207859084,0.49999999999999994,-0.8660254037844387,-0.812515199995,0.9953606588576351,-20.00000_150.00000,0.99036217,1.6922094,-0.004998505,-0.013490677
L0000.ANS,-20.0,160.0,9.99987840004,2002/01/00,0,11.4,TOTAL,1.639,0.10463,microSv/hr,ICRP Pub. 103 EFFECTIVE DOSE,-0.3420201433256687,0.9396926207859084,0.3420201433256689,-0.9396926207859083,-0.812515199995,0.9704000575211871,-20.00000_160.00000,0.96833324,1.6335514,-0.002066791,-0.00544858
L0000.ANS,-20.0,170.0,9.99987840004,2002/01/00,0,12.08,TOTAL,1.5755,0.10059,microSv/hr,ICRP Pub. 103 EFFECTIVE DOSE,-0.3420201433256687,0.9396926207859084,0.17364817766693028,-0.984807753012208,-0.812515199995,0.9460436900235027,-20.00000_170.00000,0.9446913,1.5720193,-0.0013523698,-0.0034806728
L0000.ANS,-15.0,-179.99999,9.99987840004,2002/01/00,0,13.75,TOTAL,1.4425,0.090559,microSv/hr,ICRP Pub. 103 EFFECTIVE DOSE,-0.25881904510252074,0.9659258262890683,-1.745329251238221e-07,-0.9999999999999848,-0.812515199995,0.8930221049348007,-15.00000_-179.99999,0.8820861,1.4159343,-0.010936022,-0.026565671
L0000.ANS,-15.0,-170.0,9.99987840004,2002/01/00,0,13.82,TOTAL,1.4372,0.089992,microSv/hr,ICRP Pub. 103 EFFECTIVE DOSE,-0.25881904510252074,0.9659258262890683,-0.17364817766693028,-0.984807753012208,-0.812515199995,0.8908498393922023,-15.00000_-170.00000,0.8883138,1.4310269,-0.0025360584,-0.0061730146
L0000.ANS,-15.0,-160.0,9.99987840004,2002/01/00,0,13.83,TOTAL,1.4367,0.089935,microSv/hr,ICRP Pub. 103 EFFECTIVE DOSE,-0.25881904510252074,0.9659258262890683,-0.3420201433256689,-0.9396926207859083,-0.812515199995,0.8906446648905695,-15.00000_-160.00000,0.8836459,1.4197056,-0.0069987774,-0.016994357
L0000.ANS,-15.0,-150.0,9.99987840004,2002/01/00,0,13.8,TOTAL,1.4389,0.090169,microSv/hr,ICRP Pub. 103 EFFECTIVE DOSE,-0.25881904510252074,0.9659258262890683,-0.49999999999999994,-0.8660254037844387,-0.812515199995,0.8915471179832394,-15.00000_-150.00000,0.8783603,1.4069498,-0.013186872,-0.031950235
L0000.ANS,-15.0,-140.0,9.99987840004,2002/01/00,0,13.73,TOTAL,1.4438,0.090699,microSv/hr,ICRP Pub. 103 EFFECTIVE DOSE,-0.25881904510252074,0.9659258262890683,-0.6427876096865395,-0.7660444431189779,-0.812515199995,0.8935542049002848,-15.00000_-140.00000,0.89177763,1.4394623,-0.001776576,-0.0043376684
L0000.ANS,-15.0,-130.0,9.99987840004,2002/01/00,0,13.63,TOTAL,1.451,0.091531,microSv/hr,ICRP Pub. 103 EFFECTIVE DOSE,-0.25881904510252074,0.9659258262890683,-0.766044443118978,-0.6427876096865394,-0.812515199995,0.8964961045459756,-15.00000_-130.00000,0.9001898,1.46007,0.0036936998,0.009070039
L0000.ANS,-15.0,-120.0,9.99987840004,2002/01/00,0,13.47,TOTAL,1.4617,0.09286,microSv/hr,ICRP Pub. 103 EFFECTIVE DOSE,-0.25881904510252074,0.9659258262890683,-0.8660254037844387,-0.4999999999999998,-0.812515199995,0.9008521681849637,-15.00000_-120.00000,0.8985466,1.4560308,-0.0023055673,-0.005669117
L0000.ANS,-15.0,-110.0,9.99987840004,2002/01/00,0,13.28,TOTAL,1.477,0.093317,microSv/hr,ICRP Pub. 103 EFFECTIVE DOSE,-0.25881904510252074,0.9659258262890683,-0.9396926207859084,-0.3420201433256687,-0.812515199995,0.9070481505072225,-15.00000_-110.00000,0.9055077,1.4731872,-0.001540482,-0.00381279
L0000.ANS,-15.0,-100.0,9.99987840004,2002/01/00,0,13.03,TOTAL,1.4972,0.094109,microSv/hr,ICRP Pub. 103 EFFECTIVE DOSE,-0.25881904510252074,0.9659258262890683,-0.984807753012208,-0.1736481776669303,-0.812515199995,0.9151701042054521,-15.00000_-100.00000,0.92180675,1.5138282,0.0066366196,0.016628146
L0000.ANS,-15.0,-90.0,9.99987840004,2002/01/00,0,12.73,TOTAL,1.5205,0.095644,microSv/hr,ICRP Pub. 103 EFFECTIVE DOSE,-0.25881904510252074,0.9659258262890683,-1.0,6.123233995736766e-17,-0.812515199995,0.9244572945405485,-15.00000_-90.00000,0.9256147,1.5234189,0.001157403,0.0029188395
L0000.ANS,-15.0,-80.0,9.99987840004,2002/01/00,0,12.44,TOTAL,1.5444,0.09759,microSv/hr,ICRP Pub. 103 EFFECTIVE DOSE,-0.25881904510252074,0.9659258262890683,-0.984807753012208,0.17364817766693041,-0.812515199995,0.9338948658225121,-15.00000_-80.00000,0.92914116,1.5323334,-0.004753709,-0.012066603
L0000.ANS,-15.0,-70.0,9.99987840004,2002/01/00,0,12.2,TOTAL,1.5656,0.099533,microSv/hr,ICRP Pub. 103 EFFECTIVE DOSE,-0.25881904510252074,0.9659258262890683,-0.9396926207859083,0.3420201433256688,-0.812515199995,0.9421923693968082,-15.00000_-70.00000,0.94117093,1.5629807,-0.0010214448,-0.0026193857
L0000.ANS,-15.0,-60.0,9.99987840004,2002/01/00,0,11.98,TOTAL,1.5844,0.10163,microSv/hr,ICRP Pub. 103 EFFECTIVE DOSE,-0.25881904510252074,0.9659258262890683,-0.8660254037844386,0.5000000000000001,-0.812515199995,0.9494933727018733,-15.00000_-60.00000,0.949051,1.583257,-0.00044232607,-0.0011429787
L0000.ANS,-15.0,-50.0,9.99987840004,2002/01/00,0,11.7,TOTAL,1.6098,0.10341,microSv/hr,ICRP Pub. 103 EFFECTIVE DOSE,-0.25881904510252074,0.9659258262890683,-0.766044443118978,0.6427876096865394,-0.812515199995,0.9592735900460094,-15.00000_-50.00000,0.95900613,1.609102,-0.00026744604,-0.0006979704
L0000.ANS,-15.0,-40.0,9.99987840004,2002/01/00,0,11.28,TOTAL,1.6502,0.10536,microSv/hr,ICRP Pub. 103 EFFECTIVE DOSE,-0.25881904510252074,0.9659258262890683,-0.6427876096865393,0.766044443118978,-0.812515199995,0.9746351088483987,-15.00000_-40.00000,0.9787619,1.6611595,0.004126787,0.010959387
L0000.ANS,-15.0,-30.0,9.99987840004,2002/01/00,0,10.79,TOTAL,1.6998,0.10927,microSv/hr,ICRP Pub. 103 EFFECTIVE DOSE,-0.25881904510252074,0.9659258262890683,-0.49999999999999994,0.8660254037844387,-0.812515199995,0.9931776961925896,-15.00000_-30.00000,0.99471474,1.7039529,0.001537025,0.004152894
L0000.ANS,-15.0,-20.0,9.99987840004,2002/01/00,0,10.3,TOTAL,1.7553,0.11407,microSv/hr,ICRP Pub. 103 EFFECTIVE DOSE,-0.25881904510252074,0.9659258262890683,-0.3420201433256687,0.9396926207859084,-0.812515199995,1.013526329598434,-15.00000_-20.00000,1.0266421,1.7916758,0.013115764,0.03637576
L0000.ANS,-15.0,-10.0,9.99987840004,2002/01/00,0,10.0,TOTAL,1.7995,0.11629,microSv/hr,ICRP Pub. 103 EFFECTIVE DOSE,-0.25881904510252074,0.9659258262890683,-0.17364817766693033,0.984807753012208,-0.812515199995,1.029440829806811,-15.00000_-10.00000,1.0440137,1.8405956,0.014572859,0.041095495
L0000.ANS,-15.0,0.0,9.99987840004,2002/01/00,0,10.09,TOTAL,1.7865,0.11546,microSv/hr,ICRP Pub. 103 EFFECTIVE DOSE,-0.25881904510252074,0.9659258262890683,0.0,1.0,-0.812515199995,1.0247863280274538,-15.00000_0.00000,1.0381536,1.8239981,0.013367295,0.037497997
L0000.ANS,-15.0,10.0,9.99987840004,2002/01/00,0,10.26,TOTAL,1.7613,0.11426,microSv/hr,ICRP Pub. 103 EFFECTIVE DOSE,-0.25881904510252074,0.9659258262890683,0.17364817766693033,0.984807753012208,-0.812515199995,1.0157015833293062,-15.00000_10.00000,1.0214903,1.7773309,0.005788803,0.016031027
L0000.ANS,-15.0,20.0,9.99987840004,2002/01/00,0,10.61,TOTAL,1.7187,0.11126,microSv/hr,ICRP Pub. 103 EFFECTIVE DOSE,-0.25881904510252074,0.9659258262890683,0.3420201433256687,0.9396926207859084,-0.812515199995,1.0001538248811466,-15.00000_20.00000,0.99467856,1.703855,-0.005475223,-0.014844894
L0000.ANS,-15.0,30.0,9.99987840004,2002/01/00,0,11.1,TOTAL,1.6681,0.10666,microSv/hr,ICRP Pub. 103 EFFECTIVE DOSE,-0.25881904510252074,0.9659258262890683,0.49999999999999994,0.8660254037844387,-0.812515199995,0.9813666086103427,-15.00000_30.00000,0.979325,1.6626583,-0.002041638,-0.005441785
L0000.ANS,-15.0,40.0,9.99987840004,2002/01/00,0,11.65,TOTAL,1.6145,0.10355,microSv/hr,ICRP Pub. 103 EFFECTIVE DOSE,-0.25881904510252074,0.9659258262890683,0.6427876096865393,0.766044443118978,-0.812515199995,0.9610728746460483,-15.00000_40.00000,0.9629585,1.6194346,0.0018856525,0.0049345493
L0000.ANS,-15.0,50.0,9.99987840004,2002/01/00,0,12.1,TOTAL,1.5733,0.10035,microSv/hr,ICRP Pub. 103 EFFECTIVE DOSE,-0.25881904510252074,0.9659258262890683,0.766044443118978,0.6427876096865394,-0.812515199995,0.9451891219168038,-15.00000_50.00000,0.9487709,1.5825335,0.0035817623,0.009233475
L0000.ANS,-15.0,60.0,9.99987840004,2002/01/00,0,12.53,TOTAL,1.5371,0.097026,microSv/hr,ICRP Pub. 103 EFFECTIVE DOSE,-0.25881904510252074,0.9659258262890683,0.8660254037844386,0.5000000000000001,-0.812515199995,0.9310216964741491,-15.00000_60.00000,0.93156767,1.5384855,0.00054597855,0.0013855696
L0000.ANS,-15.0,70.0,9.99987840004,2002/01/00,0,12.94,TOTAL,1.5041,0.094496,microSv/hr,ICRP Pub. 103 EFFECTIVE DOSE,-0.25881904510252074,0.9659258262890683,0.9396926207859083,0.3420201433256688,-0.812515199995,0.9179293885426636,-15.00000_70.00000,0.9209801,1.5117509,0.003050685,0.007650852
L0000.ANS,-15.0,80.0,9.99987840004,2002/01/00,0,13.15,TOTAL,1.487,0.093645,microSv/hr,ICRP Pub. 103 EFFECTIVE DOSE,-0.25881904510252074,0.9659258262890683,0.984807753012208,0.17364817766693041,-0.812515199995,0.9110771648212677,-15.00000_80.00000,0.9077767,1.4788053,-0.0033004284,-0.008194685
L0000.ANS,-15.0,90.0,9.99987840004,2002/01/00,0,13.31,TOTAL,1.4745,0.093253,microSv/hr,ICRP Pub. 103 EFFECTIVE DOSE,-0.25881904510252074,0.9659258262890683,1.0,6.123233995736766e-17,-0.812515199995,0.9060383554098037,-15.00000_90.00000,0.9051956,1.4724154,-0.0008427501,-0.0020844936
L0000.ANS,-15.0,100.0,9.99987840004,2002/01/00,0,13.41,TOTAL,1.466,0.093098,microSv/hr,ICRP Pub. 103 EFFECTIVE DOSE,-0.25881904510252074,0.9659258262890683,0.984807753012208,-0.1736481776669303,-0.812515199995,0.9025974047421526,-15.00000_100.00000,0.8980996,1.4549333,-0.004497826,-0.011066794
L0000.ANS,-15.0,110.0,9.99987840004,2002/01/00,0,13.45,TOTAL,1.4632,0.093048,microSv/hr,ICRP Pub. 103 EFFECTIVE DOSE,-0.25881904510252074,0.9659258262890683,0.9396926207859084,-0.3420201433256687,-0.812515199995,0.9014613176281536,-15.00000_110.00000,0.8933023,1.4431845,-0.008158982,-0.020015478
L0000.ANS,-15.0,120.0,9.99987840004,2002/01/00,0,13.39,TOTAL,1.468,0.093125,microSv/hr,ICRP Pub. 103 EFFECTIVE DOSE,-0.25881904510252074,0.9659258262890683,0.8660254037844387,-0.4999999999999998,-0.812515199995,0.9034081060431414,-15.00000_120.00000,0.8978579,1.45434,-0.0055502057,-0.013659954
L0000.ANS,-15.0,130.0,9.99987840004,2002/01/00,0,13.31,TOTAL,1.4741,0.093243,microSv/hr,ICRP Pub. 103 EFFECTIVE DOSE,-0.25881904510252074,0.9659258262890683,0.766044443118978,-0.6427876096865394,-0.812515199995,0.9058766935252823,-15.00000_130.00000,0.9092594,1.4824833,0.0033826828,0.008383274
L0000.ANS,-15.0,140.0,9.99987840004,2002/01/00,0,13.31,TOTAL,1.4747,0.093258,microSv/hr,ICRP Pub. 103 EFFECTIVE DOSE,-0.25881904510252074,0.9659258262890683,0.6427876096865395,-0.7660444431189779,-0.812515199995,0.9061191765526586,-15.00000_140.00000,0.91392916,1.4941031,0.0078099966,0.0194031
L0000.ANS,-15.0,150.0,9.99987840004,2002/01/00,0,13.35,TOTAL,1.4712,0.093182,microSv/hr,ICRP Pub. 103 EFFECTIVE DOSE,-0.25881904510252074,0.9659258262890683,0.49999999999999994,-0.8660254037844387,-0.812515199995,0.9047038626222349,-15.00000_150.00000,0.90829235,1.4800838,0.0035884976,0.008883834
L0000.ANS,-15.0,160.0,9.99987840004,2002/01/00,0,13.48,TOTAL,1.4611,0.092785,microSv/hr,ICRP Pub. 103 EFFECTIVE DOSE,-0.25881904510252074,0.9659258262890683,0.3420201433256689,-0.9396926207859083,-0.812515199995,0.9006084044720479,-15.00000_160.00000,0.8990474,1.4572611,-0.0015610456,-0.003839016
L0000.ANS,-15.0,170.0,9.99987840004,2002/01/00,0,13.63,TOTAL,1.451,0.09153,microSv/hr,ICRP Pub. 103 EFFECTIVE DOSE,-0.25881904510252074,0.9659258262890683,0.17364817766693028,-0.984807753012208,-0.812515199995,0.8964961045459756,-15.00000_170.00000,0.89621395,1.4503086,-0.0002821684,-0.0006914139
L0000.ANS,-10.0,-179.99999,9.99987840004,2002/01/00,0,14.61,TOTAL,1.3849,0.085362,microSv/hr,ICRP Pub. 103 EFFECTIVE DOSE,-0.17364817766693033,0.984807753012208,-1.745329251238221e-07,-0.9999999999999848,-0.812515199995,0.8691571947400971,-10.00000_-179.99999,0.8677389,1.3815199,-0.0014182925,-0.0033800602
L0000.ANS,-10.0,-170.0,9.99987840004,2002/01/00,0,14.54,TOTAL,1.389,0.08566,microSv/hr,ICRP Pub. 103 EFFECTIVE DOSE,-0.17364817766693033,0.984807753012208,-0.17364817766693028,-0.984807753012208,-0.812515199995,0.8708748683436724,-10.00000_-170.00000,0.86855644,1.3834677,-0.0023184419,-0.005532384
L0000.ANS,-10.0,-160.0,9.99987840004,2002/01/00,0,14.44,TOTAL,1.3956,0.086181,microSv/hr,ICRP Pub. 103 EFFECTIVE DOSE,-0.17364817766693033,0.984807753012208,-0.3420201433256689,-0.9396926207859083,-0.812515199995,0.8736337214081703,-10.00000_-160.00000,0.86738175,1.3806695,-0.006251991,-0.014930606
L0000.ANS,-10.0,-150.0,9.99987840004,2002/01/00,0,14.31,TOTAL,1.404,0.086924,microSv/hr,ICRP Pub. 103 EFFECTIVE DOSE,-0.17364817766693033,0.984807753012208,-0.49999999999999994,-0.8660254037844387,-0.812515199995,0.8771340166729611,-10.00000_-150.00000,0.87425494,1.3970886,-0.0028790832,-0.006911397
L0000.ANS,-10.0,-140.0,9.99987840004,2002/01/00,0,14.16,TOTAL,1.4141,0.087869,microSv/hr,ICRP Pub. 103 EFFECTIVE DOSE,-0.17364817766693033,0.984807753012208,-0.6427876096865395,-0.7660444431189779,-0.812515199995,0.8813265468380598,-10.00000_-140.00000,0.8794478,1.4095688,-0.0018787384,-0.0045312643
L0000.ANS,-10.0,-130.0,9.99987840004,2002/01/00,0,13.97,TOTAL,1.4268,0.088962,microSv/hr,ICRP Pub. 103 EFFECTIVE DOSE,-0.17364817766693033,0.984807753012208,-0.766044443118978,-0.6427876096865394,-0.812515199995,0.8865735170860057,-10.00000_-130.00000,0.89142007,1.4385902,0.004846573,0.011790156
L0000.ANS,-10.0,-120.0,9.99987840004,2002/01/00,0,13.76,TOTAL,1.4415,0.090455,microSv/hr,ICRP Pub. 103 EFFECTIVE DOSE,-0.17364817766693033,0.984807753012208,-0.8660254037844387,-0.4999999999999998,-0.812515199995,0.8926126045195779,-10.00000_-120.00000,0.89032537,1.4359221,-0.002287209,-0.0055778027
L0000.ANS,-10.0,-110.0,9.99987840004,2002/01/00,0,13.52,TOTAL,1.4585,0.092452,microSv/hr,ICRP Pub. 103 EFFECTIVE DOSE,-0.17364817766693033,0.984807753012208,-0.9396926207859084,-0.3420201433256687,-0.812515199995,0.899551407869857,-10.00000_-110.00000,0.89935386,1.4580144,-0.0001975298,-0.00048553944
L0000.ANS,-10.0,-100.0,9.99987840004,2002/01/00,0,13.24,TOTAL,1.4804,0.093414,microSv/hr,ICRP Pub. 103 EFFECTIVE DOSE,-0.17364817766693033,0.984807753012208,-0.984807753012208,-0.1736481776669303,-0.812515199995,0.9084198374935858,-10.00000_-100.00000,0.9114827,1.4880087,0.0030628443,0.007608652
L0000.ANS,-10.0,-90.0,9.99987840004,2002/01/00,0,12.93,TOTAL,1.505,0.094552,microSv/hr,ICRP Pub. 103 EFFECTIVE DOSE,-0.17364817766693033,0.984807753012208,-1.0,6.123233995736766e-17,-0.812515199995,0.918288734536828,-10.00000_-90.00000,0.920084,1.5095012,0.0017952919,0.004501343
L0000.ANS,-10.0,-80.0,9.99987840004,2002/01/00,0,12.67,TOTAL,1.5256,0.096065,microSv/hr,ICRP Pub. 103 EFFECTIVE DOSE,-0.17364817766693033,0.984807753012208,-0.984807753012208,0.17364817766693041,-0.812515199995,0.9264786582616449,-10.00000_-80.00000,0.9250636,1.5220287,-0.0014150739,-0.003571391
L0000.ANS,-10.0,-70.0,9.99987840004,2002/01/00,0,12.51,TOTAL,1.5384,0.097124,microSv/hr,ICRP Pub. 103 EFFECTIVE DOSE,-0.17364817766693033,0.984807753012208,-0.9396926207859083,0.3420201433256688,-0.812515199995,0.9315339612868487,-10.00000_-70.00000,0.9343679,1.5456039,0.0028339624,0.0072039366
L0000.ANS,-10.0,-60.0,9.99987840004,2002/01/00,0,12.43,TOTAL,1.5459,0.097714,microSv/hr,ICRP Pub. 103 EFFECTIVE DOSE,-0.17364817766693033,0.984807753012208,-0.8660254037844386,0.5000000000000001,-0.812515199995,0.9344842220661196,-10.00000_-60.00000,0.9354296,1.5483079,0.00094532967,0.0024077892
L0000.ANS,-10.0,-50.0,9.99987840004,2002/01/00,0,12.3,TOTAL,1.5567,0.098662,microSv/hr,ICRP Pub. 103 EFFECTIVE DOSE,-0.17364817766693033,0.984807753012208,-0.766044443118978,0.6427876096865394,-0.812515199995,0.9387173644357116,-10.00000_-50.00000,0.94220936,1.5656435,0.0034919977,0.008943558
L0000.ANS,-10.0,-40.0,9.99987840004,2002/01/00,0,12.05,TOTAL,1.5777,0.10085,microSv/hr,ICRP Pub. 103 EFFECTIVE DOSE,-0.17364817766693033,0.984807753012208,-0.6427876096865393,0.766044443118978,-0.812515199995,0.9468975284670553,-10.00000_-40.00000,0.9464865,1.5766406,-0.00041103363,-0.0010592937
L0000.ANS,-10.0,-30.0,9.99987840004,2002/01/00,0,11.72,TOTAL,1.6072,0.10335,microSv/hr,ICRP Pub. 103 EFFECTIVE DOSE,-0.17364817766693033,0.984807753012208,-0.49999999999999994,0.8660254037844387,-0.812515199995,0.9582768485412148,-10.00000_-30.00000,0.9620062,1.6169413,0.0037293434,0.009741306
L0000.ANS,-10.0,-20.0,9.99987840004,2002/01/00,0,11.45,TOTAL,1.634,0.10436,microSv/hr,ICRP Pub. 103 EFFECTIVE DOSE,-0.17364817766693033,0.984807753012208,-0.3420201433256687,0.9396926207859084,-0.812515199995,0.9685036033210892,-10.00000_-20.00000,0.9625981,1.6184907,-0.005905509,-0.015509248
L0000.ANS,-10.0,-10.0,9.99987840004,2002/01/00,0,11.37,TOTAL,1.6417,0.1048,microSv/hr,ICRP Pub. 103 EFFECTIVE DOSE,-0.17364817766693033,0.984807753012208,-0.17364817766693033,0.984807753012208,-0.812515199995,0.9714226493121545,-10.00000_-10.00000,0.97738326,1.6574931,0.0059605837,0.015793085
L0000.ANS,-10.0,0.0,9.99987840004,2002/01/00,0,11.48,TOTAL,1.631,0.10421,microSv/hr,ICRP Pub. 103 EFFECTIVE DOSE,-0.17364817766693033,0.984807753012208,0.0,1.0,-0.812515199995,0.9673640020581558,-10.00000_0.00000,0.9729297,1.6456842,0.005565703,0.0146842
L0000.ANS,-10.0,10.0,9.99987840004,2002/01/00,0,11.72,TOTAL,1.6078,0.10336,microSv/hr,ICRP Pub. 103 EFFECTIVE DOSE,-0.17364817766693033,0.984807753012208,0.17364817766693033,0.984807753012208,-0.812515199995,0.9585069540072348,-10.00000_10.00000,0.96459454,1.6237236,0.006087601,0.01592362
L0000.ANS,-10.0,20.0,9.99987840004,2002/01/00,0,12.07,TOTAL,1.5763,0.10068,microSv/hr,ICRP Pub. 103 EFFECTIVE DOSE,-0.17364817766693033,0.984807753012208,0.3420201433256687,0.9396926207859084,-0.812515199995,0.9463542610885405,-10.00000_20.00000,0.9484103,1.5816023,0.0020560026,0.00530231
L0000.ANS,-10.0,30.0,9.99987840004,2002/01/00,0,12.52,TOTAL,1.5377,0.097067,microSv/hr,ICRP Pub. 103 EFFECTIVE DOSE,-0.17364817766693033,0.984807753012208,0.49999999999999994,0.8660254037844387,-0.812515199995,0.9312581589959414,-10.00000_30.00000,0.9292599,1.532634,-0.0019982457,-0.005065918
L0000.ANS,-10.0,40.0,9.99987840004,2002/01/00,0,13.05,TOTAL,1.495,0.093999,microSv/hr,ICRP Pub. 103 EFFECTIVE DOSE,-0.17364817766693033,0.984807753012208,0.6427876096865393,0.766044443118978,-0.812515199995,0.914288729203482,-10.00000_40.00000,0.91304684,1.4919034,-0.0012418628,-0.0030964613
L0000.ANS,-10.0,50.0,9.99987840004,2002/01/00,0,13.61,TOTAL,1.4521,0.09167,microSv/hr,ICRP Pub. 103 EFFECTIVE DOSE,-0.17364817766693033,0.984807753012208,0.766044443118978,0.6427876096865394,-0.812515199995,0.8969448002766174,-10.00000_50.00000,0.89617056,1.4502022,-0.00077426434,-0.0018978119
L0000.ANS,-10.0,60.0,9.99987840004,2002/01/00,0,14.1,TOTAL,1.4178,0.088167,microSv/hr,ICRP Pub. 103 EFFECTIVE DOSE,-0.17364817766693033,0.984807753012208,0.8660254037844386,0.5000000000000001,-0.812515199995,0.8828580357857545,-10.00000_60.00000,0.883374,1.4190478,0.0005159378,0.0012478828
L0000.ANS,-10.0,70.0,9.99987840004,2002/01/00,0,14.49,TOTAL,1.392,0.085892,microSv/hr,ICRP Pub. 103 EFFECTIVE DOSE,-0.17364817766693033,0.984807753012208,0.9396926207859083,0.3420201433256688,-0.812515199995,0.8721298360883852,-10.00000_70.00000,0.8629099,1.3700473,-0.0092199445,-0.021952748
L0000.ANS,-10.0,80.0,9.99987840004,2002/01/00,0,14.78,TOTAL,1.3736,0.08466,microSv/hr,ICRP Pub. 103 EFFECTIVE DOSE,-0.17364817766693033,0.984807753012208,0.984807753012208,0.17364817766693041,-0.812515199995,0.864407789994475,-10.00000_80.00000,0.8520857,1.3445318,-0.012322068,-0.029068232
L0000.ANS,-10.0,90.0,9.99987840004,2002/01/00,0,14.96,TOTAL,1.3617,0.084106,microSv/hr,ICRP Pub. 103 EFFECTIVE DOSE,-0.17364817766693033,0.984807753012208,1.0,6.123233995736766e-17,-0.812515199995,0.8593816987009688,-10.00000_90.00000,0.8608521,1.3651752,0.0014704466,0.0034753084
L0000.ANS,-10.0,100.0,9.99987840004,2002/01/00,0,15.06,TOTAL,1.3555,0.083893,microSv/hr,ICRP Pub. 103 EFFECTIVE DOSE,-0.17364817766693033,0.984807753012208,0.984807753012208,-0.1736481776669303,-0.812515199995,0.8567530191579587,-10.00000_100.00000,0.85356176,1.347995,-0.0031912327,-0.00750494
L0000.ANS,-10.0,110.0,9.99987840004,2002/01/00,0,15.05,TOTAL,1.356,0.083909,microSv/hr,ICRP Pub. 103 EFFECTIVE DOSE,-0.17364817766693033,0.984807753012208,0.9396926207859084,-0.3420201433256687,-0.812515199995,0.8569652657893403,-10.00000_110.00000,0.84833544,1.3357556,-0.008629799,-0.02024436
L0000.ANS,-10.0,120.0,9.99987840004,2002/01/00,0,14.94,TOTAL,1.363,0.084158,microSv/hr,ICRP Pub. 103 EFFECTIVE DOSE,-0.17364817766693033,0.984807753012208,0.8660254037844387,-0.4999999999999998,-0.812515199995,0.8599319982047708,-10.00000_120.00000,0.863388,1.3711807,0.0034559965,0.008180618
L0000.ANS,-10.0,130.0,9.99987840004,2002/01/00,0,14.79,TOTAL,1.3731,0.084634,microSv/hr,ICRP Pub. 103 EFFECTIVE DOSE,-0.17364817766693033,0.984807753012208,0.766044443118978,-0.6427876096865394,-0.812515199995,0.8641971173158354,-10.00000_130.00000,0.8642987,1.3733411,0.000101566315,0.00024104118
L0000.ANS,-10.0,140.0,9.99987840004,2002/01/00,0,14.65,TOTAL,1.3823,0.085185,microSv/hr,ICRP Pub. 103 EFFECTIVE DOSE,-0.17364817766693033,0.984807753012208,0.6427876096865395,-0.7660444431189779,-0.812515199995,0.8680664075871379,-10.00000_140.00000,0.8624253,1.3688991,-0.005641103,-0.013400912
L0000.ANS,-10.0,150.0,9.99987840004,2002/01/00,0,14.6,TOTAL,1.3855,0.085406,microSv/hr,ICRP Pub. 103 EFFECTIVE DOSE,-0.17364817766693033,0.984807753012208,0.49999999999999994,-0.8660254037844387,-0.812515199995,0.8694087459740246,-10.00000_150.00000,0.8652508,1.3756019,-0.004157901,-0.0098980665
L0000.ANS,-10.0,160.0,9.99987840004,2002/01/00,0,14.58,TOTAL,1.3863,0.085461,microSv/hr,ICRP Pub. 103 EFFECTIVE DOSE,-0.17364817766693033,0.984807753012208,0.3420201433256689,-0.9396926207859083,-0.812515199995,0.8697440492170336,-10.00000_160.00000,0.86882645,1.3841114,-0.0009176135,-0.0021886826
L0000.ANS,-10.0,170.0,9.99987840004,2002/01/00,0,14.62,TOTAL,1.3842,0.085317,microSv/hr,ICRP Pub. 103 EFFECTIVE DOSE,-0.17364817766693033,0.984807753012208,0.17364817766693028,-0.984807753012208,-0.812515199995,0.8688636383017642,-10.00000_170.00000,0.86761016,1.3812133,-0.0012534857,-0.0029866695
L0000.ANS,-5.0,-179.99999,9.99987840004,2002/01/00,0,15.09,TOTAL,1.3534,0.083831,microSv/hr,ICRP Pub. 103 EFFECTIVE DOSE,-0.08715574274765817,0.9961946980917455,-1.745329251238221e-07,-0.9999999999999848,-0.812515199995,0.8558610910476915,-5.00000_-179.99999,0.8537524,1.3484426,-0.0021086931,-0.0049574375
L0000.ANS,-5.0,-170.0,9.99987840004,2002/01/00,0,14.94,TOTAL,1.3632,0.084165,microSv/hr,ICRP Pub. 103 EFFECTIVE DOSE,-0.08715574274765817,0.9961946980917455,-0.17364817766693028,-0.984807753012208,-0.812515199995,0.8600166327949783,-5.00000_-170.00000,0.8531132,1.346942,-0.0069034696,-0.01625812
L0000.ANS,-5.0,-160.0,9.99987840004,2002/01/00,0,14.76,TOTAL,1.3748,0.084728,microSv/hr,ICRP Pub. 103 EFFECTIVE DOSE,-0.08715574274765817,0.9961946980917455,-0.3420201433256689,-0.9396926207859083,-0.812515199995,0.8649132234143833,-5.00000_-160.00000,0.86612517,1.3776798,0.0012119412,0.002879858
L0000.ANS,-5.0,-150.0,9.99987840004,2002/01/00,0,14.57,TOTAL,1.3872,0.085527,microSv/hr,ICRP Pub. 103 EFFECTIVE DOSE,-0.08715574274765817,0.9961946980917455,-0.49999999999999994,-0.8660254037844387,-0.812515199995,0.8701211310273047,-5.00000_-150.00000,0.86862695,1.3836358,-0.0014941692,-0.0035642385
L0000.ANS,-5.0,-140.0,9.99987840004,2002/01/00,0,14.36,TOTAL,1.401,0.086651,microSv/hr,ICRP Pub. 103 EFFECTIVE DOSE,-0.08715574274765817,0.9961946980917455,-0.6427876096865395,-0.7660444431189779,-0.812515199995,0.8758853172391161,-5.00000_-140.00000,0.8772663,1.404318,0.00138098,0.0033179522
L0000.ANS,-5.0,-130.0,9.99987840004,2002/01/00,0,14.13,TOTAL,1.4158,0.088003,microSv/hr,ICRP Pub. 103 EFFECTIVE DOSE,-0.08715574274765817,0.9961946980917455,-0.766044443118978,-0.6427876096865394,-0.812515199995,0.882030495189041,-5.00000_-130.00000,0.8819215,1.4155368,-0.00010895729,-0.0002632141
L0000.ANS,-5.0,-120.0,9.99987840004,2002/01/00,0,13.87,TOTAL,1.434,0.089665,microSv/hr,ICRP Pub. 103 EFFECTIVE DOSE,-0.08715574274765817,0.9961946980917455,-0.8660254037844387,-0.4999999999999998,-0.812515199995,0.8895359945653354,-5.00000_-120.00000,0.8827865,1.4176271,-0.0067495108,-0.01637292
L0000.ANS,-5.0,-110.0,9.99987840004,2002/01/00,0,13.59,TOTAL,1.4538,0.091867,microSv/hr,ICRP Pub. 103 EFFECTIVE DOSE,-0.08715574274765817,0.9961946980917455,-0.9396926207859084,-0.3420201433256687,-0.812515199995,0.8976378433749455,-5.00000_-110.00000,0.89877915,1.4566021,0.0011413097,0.0028021336
L0000.ANS,-5.0,-100.0,9.99987840004,2002/01/00,0,13.26,TOTAL,1.4786,0.093361,microSv/hr,ICRP Pub. 103 EFFECTIVE DOSE,-0.08715574274765817,0.9961946980917455,-0.984807753012208,-0.1736481776669303,-0.812515199995,0.9076938846486368,-5.00000_-100.00000,0.91010094,1.4845734,0.002407074,0.0059734583
L0000.ANS,-5.0,-90.0,9.99987840004,2002/01/00,0,12.94,TOTAL,1.5039,0.094484,microSv/hr,ICRP Pub. 103 EFFECTIVE DOSE,-0.08715574274765817,0.9961946980917455,-1.0,6.123233995736766e-17,-0.812515199995,0.9178495163381484,-5.00000_-90.00000,0.91572833,1.4985944,-0.00212121,-0.005305648
L0000.ANS,-5.0,-80.0,9.99987840004,2002/01/00,0,12.73,TOTAL,1.5211,0.095694,microSv/hr,ICRP Pub. 103 EFFECTIVE DOSE,-0.08715574274765817,0.9961946980917455,-0.984807753012208,0.17364817766693041,-0.812515199995,0.9246953142179655,-5.00000_-80.00000,0.9259954,1.5243797,0.0013000965,0.003279686
L0000.ANS,-5.0,-70.0,9.99987840004,2002/01/00,0,12.66,TOTAL,1.5261,0.096104,microSv/hr,ICRP Pub. 103 EFFECTIVE DOSE,-0.08715574274765817,0.9961946980917455,-0.9396926207859083,0.3420201433256688,-0.812515199995,0.9266766114265725,-5.00000_-70.00000,0.9274799,1.52813,0.0008032918,0.002030015
L0000.ANS,-5.0,-60.0,9.99987840004,2002/01/00,0,12.72,TOTAL,1.5219,0.095757,microSv/hr,ICRP Pub. 103 EFFECTIVE DOSE,-0.08715574274765817,0.9961946980917455,-0.8660254037844386,0.5000000000000001,-0.812515199995,0.9250125856860244,-5.00000_-60.00000,0.924713,1.5211446,-0.00029957294,-0.00075531006
L0000.ANS,-5.0,-50.0,9.99987840004,2002/01/00,0,12.75,TOTAL,1.5191,0.095528,microSv/hr,ICRP Pub. 103 EFFECTIVE DOSE,-0.08715574274765817,0.9961946980917455,-0.766044443118978,0.6427876096865394,-0.812515199995,0.9239016948754901,-5.00000_-50.00000,0.9281646,1.5298617,0.004262924,0.010761738
L0000.ANS,-5.0,-40.0,9.99987840004,2002/01/00,0,12.69,TOTAL,1.5242,0.095942,microSv/hr,ICRP Pub. 103 EFFECTIVE DOSE,-0.08715574274765817,0.9961946980917455,-0.6427876096865393,0.766044443118978,-0.812515199995,0.9259241808423931,-5.00000_-40.00000,0.92967665,1.5336897,0.00375247,0.009489775
L0000.ANS,-5.0,-30.0,9.99987840004,2002/01/00,0,12.55,TOTAL,1.5355,0.096911,microSv/hr,ICRP Pub. 103 EFFECTIVE DOSE,-0.08715574274765817,0.9961946980917455,-0.49999999999999994,0.8660254037844387,-0.812515199995,0.9303908562529367,-5.00000_-30.00000,0.9326718,1.5412899,0.0022809505,0.005789995
L0000.ANS,-5.0,-20.0,9.99987840004,2002/01/00,0,12.44,TOTAL,1.5444,0.097587,microSv/hr,ICRP Pub. 103 EFFECTIVE DOSE,-0.08715574274765817,0.9961946980917455,-0.3420201433256687,0.9396926207859084,-0.812515199995,0.9338948658225121,-5.00000_-20.00000,0.93254787,1.540975,-0.0013470054,-0.003425002
L0000.ANS,-5.0,-10.0,9.99987840004,2002/01/00,0,12.48,TOTAL,1.5413,0.097343,microSv/hr,ICRP Pub. 103 EFFECTIVE DOSE,-0.08715574274765817,0.9961946980917455,-0.17364817766693033,0.984807753012208,-0.812515199995,0.9326757611234778,-5.00000_-10.00000,0.9219668,1.5142305,-0.010708988,-0.027069569
L0000.ANS,-5.0,0.0,9.99987840004,2002/01/00,0,12.65,TOTAL,1.5275,0.096227,microSv/hr,ICRP Pub. 103 EFFECTIVE DOSE,-0.08715574274765817,0.9961946980917455,0.0,1.0,-0.812515199995,0.9272306719124894,-5.00000_0.00000,0.92687416,1.526599,-0.00035649538,-0.0009008646
L0000.ANS,-5.0,10.0,9.99987840004,2002/01/00,0,12.92,TOTAL,1.5054,0.094578,microSv/hr,ICRP Pub. 103 EFFECTIVE DOSE,-0.08715574274765817,0.9961946980917455,0.17364817766693033,0.984807753012208,-0.812515199995,0.9184484024279546,-5.00000_10.00000,0.9239972,1.5193406,0.005548835,0.013940692
L0000.ANS,-5.0,20.0,9.99987840004,2002/01/00,0,13.27,TOTAL,1.4776,0.093332,microSv/hr,ICRP Pub. 103 EFFECTIVE DOSE,-0.08715574274765817,0.9961946980917455,0.3420201433256687,0.9396926207859084,-0.812515199995,0.907290349676856,-5.00000_20.00000,0.9143469,1.4951451,0.0070565343,0.017545104
L0000.ANS,-5.0,30.0,9.99987840004,2002/01/00,0,13.71,TOTAL,1.4451,0.090848,microSv/hr,ICRP Pub. 103 EFFECTIVE DOSE,-0.08715574274765817,0.9961946980917455,0.49999999999999994,0.8660254037844387,-0.812515199995,0.8940860218859625,-5.00000_30.00000,0.8942025,1.4453847,0.000116467476,0.000284791
L0000.ANS,-5.0,40.0,9.99987840004,2002/01/00,0,14.21,TOTAL,1.4104,0.087546,microSv/hr,ICRP Pub. 103 EFFECTIVE DOSE,-0.08715574274765817,0.9961946980917455,0.6427876096865393,0.766044443118978,-0.812515199995,0.8797927088339544,-5.00000_40.00000,0.87488,1.3985875,-0.0049126744,-0.0118124485
L0000.ANS,-5.0,50.0,9.99987840004,2002/01/00,0,14.76,TOTAL,1.3751,0.084746,microSv/hr,ICRP Pub. 103 EFFECTIVE DOSE,-0.08715574274765817,0.9961946980917455,0.766044443118978,0.6427876096865394,-0.812515199995,0.8650395418633607,-5.00000_50.00000,0.8567035,1.3553834,-0.008336008,-0.019716501
L0000.ANS,-5.0,60.0,9.99987840004,2002/01/00,0,15.27,TOTAL,1.3419,0.08361,microSv/hr,ICRP Pub. 103 EFFECTIVE DOSE,-0.08715574274765817,0.9961946980917455,0.8660254037844386,0.5000000000000001,-0.812515199995,0.8509625657156673,-5.00000_60.00000,0.84409946,1.3258823,-0.006863117,-0.016017675
L0000.ANS,-5.0,70.0,9.99987840004,2002/01/00,0,15.7,TOTAL,1.3176,0.080976,microSv/hr,ICRP Pub. 103 EFFECTIVE DOSE,-0.08715574274765817,0.9961946980917455,0.9396926207859083,0.3420201433256688,-0.812515199995,0.8405321674730036,-5.00000_70.00000,0.83478236,1.3043125,-0.0057498217,-0.013287544
L0000.ANS,-5.0,80.0,9.99987840004,2002/01/00,0,16.01,TOTAL,1.3005,0.079349,microSv/hr,ICRP Pub. 103 EFFECTIVE DOSE,-0.08715574274765817,0.9961946980917455,0.984807753012208,0.17364817766693041,-0.812515199995,0.8331264906133862,-5.00000_80.00000,0.8328115,1.2997754,-0.00031501055,-0.00072455406
L0000.ANS,-5.0,90.0,9.99987840004,2002/01/00,0,16.2,TOTAL,1.2902,0.078303,microSv/hr,ICRP Pub. 103 EFFECTIVE DOSE,-0.08715574274765817,0.9961946980917455,1.0,6.123233995736766e-17,-0.812515199995,0.828639149997102,-5.00000_90.00000,0.8278145,1.2883122,-0.00082463026,-0.0018877983
L0000.ANS,-5.0,100.0,9.99987840004,2002/01/00,0,16.26,TOTAL,1.287,0.077986,microSv/hr,ICRP Pub. 103 EFFECTIVE DOSE,-0.08715574274765817,0.9961946980917455,0.984807753012208,-0.1736481776669303,-0.812515199995,0.8272409150406441,-5.00000_100.00000,0.82371104,1.2789414,-0.0035299063,-0.008058667
L0000.ANS,-5.0,110.0,9.99987840004,2002/01/00,0,16.2,TOTAL,1.2905,0.078336,microSv/hr,ICRP Pub. 103 EFFECTIVE DOSE,-0.08715574274765817,0.9961946980917455,0.9396926207859084,-0.3420201433256687,-0.812515199995,0.8287701343446597,-5.00000_110.00000,0.8261901,1.2845981,-0.0025800467,-0.0059019327
L0000.ANS,-5.0,120.0,9.99987840004,2002/01/00,0,16.02,TOTAL,1.2998,0.079295,microSv/hr,ICRP Pub. 103 EFFECTIVE DOSE,-0.08715574274765817,0.9961946980917455,0.8660254037844387,-0.4999999999999998,-0.812515199995,0.8328221626324274,-5.00000_120.00000,0.8340336,1.3025877,0.0012114644,0.0027878284
L0000.ANS,-5.0,130.0,9.99987840004,2002/01/00,0,15.79,TOTAL,1.3129,0.08049,microSv/hr,ICRP Pub. 103 EFFECTIVE DOSE,-0.08715574274765817,0.9961946980917455,0.766044443118978,-0.6427876096865394,-0.812515199995,0.8385021484193164,-5.00000_130.00000,0.83400077,1.3025122,-0.0045014024,-0.0103878975
L0000.ANS,-5.0,140.0,9.99987840004,2002/01/00,0,15.58,TOTAL,1.3244,0.081708,microSv/hr,ICRP Pub. 103 EFFECTIVE DOSE,-0.08715574274765817,0.9961946980917455,0.6427876096865395,-0.7660444431189779,-0.812515199995,0.8434619412188135,-5.00000_140.00000,0.8377657,1.3111973,-0.005696237,-0.013202667
L0000.ANS,-5.0,150.0,9.99987840004,2002/01/00,0,15.42,TOTAL,1.3335,0.082784,microSv/hr,ICRP Pub. 103 EFFECTIVE DOSE,-0.08715574274765817,0.9961946980917455,0.49999999999999994,-0.8660254037844387,-0.812515199995,0.8473692864077332,-5.00000_150.00000,0.8425478,1.3222761,-0.004821539,-0.011223912
L0000.ANS,-5.0,160.0,9.99987840004,2002/01/00,0,15.31,TOTAL,1.3394,0.083528,microSv/hr,ICRP Pub. 103 EFFECTIVE DOSE,-0.08715574274765817,0.9961946980917455,0.3420201433256689,-0.9396926207859083,-0.812515199995,0.8498944862344695,-5.00000_160.00000,0.84634006,1.3310995,-0.0035544038,-0.008300424
L0000.ANS,-5.0,170.0,9.99987840004,2002/01/00,0,15.21,TOTAL,1.346,0.083668,microSv/hr,ICRP Pub. 103 EFFECTIVE DOSE,-0.08715574274765817,0.9961946980917455,0.17364817766693028,-0.984807753012208,-0.812515199995,0.8527117502312838,-5.00000_170.00000,0.84830046,1.3356739,-0.00441128,-0.010326028
L0000.ANS,0.0,-179.99999,9.99987840004,2002/01/00,0,15.28,TOTAL,1.3416,0.083607,microSv/hr,ICRP Pub. 103 EFFECTIVE DOSE,0.0,1.0,-1.745329251238221e-07,-0.9999999999999848,-0.812515199995,0.850834456395539,0.00000_-179.99999,0.84224004,1.3215616,-0.008594394,-0.020038366
L0000.ANS,0.0,-170.0,9.99987840004,2002/01/00,0,15.06,TOTAL,1.3553,0.083887,microSv/hr,ICRP Pub. 103 EFFECTIVE DOSE,0.0,1.0,-0.17364817766693028,-0.984807753012208,-0.812515199995,0.8566681078901826,0.00000_-170.00000,0.8568017,1.3556147,0.00013357401,0.00031471252
L0000.ANS,0.0,-160.0,9.99987840004,2002/01/00,0,14.83,TOTAL,1.3703,0.084488,microSv/hr,ICRP Pub. 103 EFFECTIVE DOSE,0.0,1.0,-0.3420201433256689,-0.9396926207859083,-0.812515199995,0.8630165294146602,0.00000_-160.00000,0.8653542,1.3758473,0.0023376346,0.005547285
L0000.ANS,0.0,-150.0,9.99987840004,2002/01/00,0,14.6,TOTAL,1.3854,0.085398,microSv/hr,ICRP Pub. 103 EFFECTIVE DOSE,0.0,1.0,-0.49999999999999994,-0.8660254037844387,-0.812515199995,0.8693668251624316,0.00000_-150.00000,0.8712494,1.3898948,0.0018825531,0.0044947863
L0000.ANS,0.0,-140.0,9.99987840004,2002/01/00,0,14.35,TOTAL,1.4012,0.086663,microSv/hr,ICRP Pub. 103 EFFECTIVE DOSE,0.0,1.0,-0.6427876096865395,-0.7660444431189779,-0.812515199995,0.875968612395551,0.00000_-140.00000,0.87508595,1.3990815,-0.0008826852,-0.0021185875
L0000.ANS,0.0,-130.0,9.99987840004,2002/01/00,0,14.09,TOTAL,1.4187,0.088245,microSv/hr,ICRP Pub. 103 EFFECTIVE DOSE,0.0,1.0,-0.766044443118978,-0.6427876096865394,-0.812515199995,0.8832302057476643,0.00000_-130.00000,0.880221,1.4114326,-0.0030092,-0.007267356
L0000.ANS,0.0,-120.0,9.99987840004,2002/01/00,0,13.79,TOTAL,1.4397,0.09026,microSv/hr,ICRP Pub. 103 EFFECTIVE DOSE,0.0,1.0,-0.8660254037844387,-0.4999999999999998,-0.812515199995,0.8918750809263667,0.00000_-120.00000,0.8894093,1.4336916,-0.0024657845,-0.0060083866
L0000.ANS,0.0,-110.0,9.99987840004,2002/01/00,0,13.44,TOTAL,1.4642,0.093076,microSv/hr,ICRP Pub. 103 EFFECTIVE DOSE,0.0,1.0,-0.9396926207859084,-0.3420201433256687,-0.812515199995,0.9018672112084308,0.00000_-110.00000,0.9006976,1.4613194,-0.001169622,-0.0028805733
L0000.ANS,0.0,-100.0,9.99987840004,2002/01/00,0,13.08,TOTAL,1.493,0.093905,microSv/hr,ICRP Pub. 103 EFFECTIVE DOSE,0.0,1.0,-0.984807753012208,-0.1736481776669303,-0.812515199995,0.9134868045414208,0.00000_-100.00000,0.9168629,1.5014309,0.0033761263,0.008430958
L0000.ANS,0.0,-90.0,9.99987840004,2002/01/00,0,12.75,TOTAL,1.5196,0.095566,microSv/hr,ICRP Pub. 103 EFFECTIVE DOSE,0.0,1.0,-1.0,6.123233995736766e-17,-0.812515199995,0.9241001587656369,0.00000_-90.00000,0.9305726,1.5359609,0.0064724684,0.016360879
L0000.ANS,0.0,-80.0,9.99987840004,2002/01/00,0,12.58,TOTAL,1.5331,0.096735,microSv/hr,ICRP Pub. 103 EFFECTIVE DOSE,0.0,1.0,-0.984807753012208,0.17364817766693041,-0.812515199995,0.9294438491190675,0.00000_-80.00000,0.9295113,1.5332708,6.747246e-05,0.00017094612
L0000.ANS,0.0,-70.0,9.99987840004,2002/01/00,0,12.63,TOTAL,1.5285,0.096311,microSv/hr,ICRP Pub. 103 EFFECTIVE DOSE,0.0,1.0,-0.9396926207859083,0.3420201433256688,-0.812515199995,0.9276262415379006,0.00000_-70.00000,0.92752975,1.528256,-9.649992e-05,-0.00024402142
L0000.ANS,0.0,-60.0,9.99987840004,2002/01/00,0,12.84,TOTAL,1.5122,0.095019,microSv/hr,ICRP Pub. 103 EFFECTIVE DOSE,0.0,1.0,-0.8660254037844386,0.5000000000000001,-0.812515199995,0.9211588632710156,0.00000_-60.00000,0.9244321,1.5204365,0.0032732487,0.008236527
L0000.ANS,0.0,-50.0,9.99987840004,2002/01/00,0,13.04,TOTAL,1.4957,0.094034,microSv/hr,ICRP Pub. 103 EFFECTIVE DOSE,0.0,1.0,-0.766044443118978,0.6427876096865394,-0.812515199995,0.9145692509758148,0.00000_-50.00000,0.91602296,1.4993306,0.0014536977,0.0036306381
L0000.ANS,0.0,-40.0,9.99987840004,2002/01/00,0,13.15,TOTAL,1.4871,0.093649,microSv/hr,ICRP Pub. 103 EFFECTIVE DOSE,0.0,1.0,-0.6427876096865393,0.766044443118978,-0.812515199995,0.9111173731001577,0.00000_-40.00000,0.91434044,1.495129,0.0032230616,0.008028984
L0000.ANS,0.0,-30.0,9.99987840004,2002/01/00,0,13.18,TOTAL,1.4848,0.093564,microSv/hr,ICRP Pub. 103 EFFECTIVE DOSE,0.0,1.0,-0.49999999999999994,0.8660254037844387,-0.812515199995,0.9101921734122855,0.00000_-30.00000,0.9092127,1.4823674,-0.0009794831,-0.002432704
L0000.ANS,0.0,-20.0,9.99987840004,2002/01/00,0,13.22,TOTAL,1.4813,0.093443,microSv/hr,ICRP Pub. 103 EFFECTIVE DOSE,0.0,1.0,-0.3420201433256687,0.9396926207859084,-0.812515199995,0.9087826163838334,0.00000_-20.00000,0.90998906,1.4842954,0.0012064576,0.0029953718
L0000.ANS,0.0,-10.0,9.99987840004,2002/01/00,0,13.36,TOTAL,1.4706,0.09317,microSv/hr,ICRP Pub. 103 EFFECTIVE DOSE,0.0,1.0,-0.17364817766693033,0.984807753012208,-0.812515199995,0.9044610361205763,0.00000_-10.00000,0.9017909,1.464012,-0.0026701093,-0.006587982
L0000.ANS,0.0,0.0,9.99987840004,2002/01/00,0,13.6,TOTAL,1.453,0.091776,microSv/hr,ICRP Pub. 103 EFFECTIVE DOSE,0.0,1.0,0.0,1.0,-0.812515199995,0.8973117652763523,0.00000_0.00000,0.89119595,1.4380437,-0.006115794,-0.014956236
L0000.ANS,0.0,10.0,9.99987840004,2002/01/00,0,13.91,TOTAL,1.4313,0.089397,microSv/hr,ICRP Pub. 103 EFFECTIVE DOSE,0.0,1.0,0.17364817766693033,0.984807753012208,-0.812515199995,0.8884260937258506,0.00000_10.00000,0.89564717,1.4489201,0.0072211027,0.017620206
L0000.ANS,0.0,20.0,9.99987840004,2002/01/00,0,14.26,TOTAL,1.4071,0.087215,microSv/hr,ICRP Pub. 103 EFFECTIVE DOSE,0.0,1.0,0.3420201433256687,0.9396926207859084,-0.812515199995,0.878422703430259,0.00000_20.00000,0.8870079,1.4278543,0.008585215,0.020754337
L0000.ANS,0.0,30.0,9.99987840004,2002/01/00,0,14.66,TOTAL,1.3814,0.085124,microSv/hr,ICRP Pub. 103 EFFECTIVE DOSE,0.0,1.0,0.49999999999999994,0.8660254037844387,-0.812515199995,0.8676885500349376,0.00000_30.00000,0.8763602,1.4021404,0.008671641,0.02074039
L0000.ANS,0.0,40.0,9.99987840004,2002/01/00,0,15.12,TOTAL,1.3519,0.083793,microSv/hr,ICRP Pub. 103 EFFECTIVE DOSE,0.0,1.0,0.6427876096865393,0.766044443118978,-0.812515199995,0.8552235121257042,0.00000_40.00000,0.850368,1.340508,-0.0048555136,-0.011392117
L0000.ANS,0.0,50.0,9.99987840004,2002/01/00,0,15.62,TOTAL,1.322,0.081444,microSv/hr,ICRP Pub. 103 EFFECTIVE DOSE,0.0,1.0,0.766044443118978,0.6427876096865394,-0.812515199995,0.8424288832756998,0.00000_50.00000,0.8409239,1.318508,-0.0015049577,-0.0034919977
L0000.ANS,0.0,60.0,9.99987840004,2002/01/00,0,16.12,TOTAL,1.2943,0.078722,microSv/hr,ICRP Pub. 103 EFFECTIVE DOSE,0.0,1.0,0.8660254037844386,0.5000000000000001,-0.812515199995,0.830427786093979,0.00000_60.00000,0.82988894,1.2930641,-0.000538826,-0.0012358427
L0000.ANS,0.0,70.0,9.99987840004,2002/01/00,0,16.55,TOTAL,1.2718,0.076685,microSv/hr,ICRP Pub. 103 EFFECTIVE DOSE,0.0,1.0,0.9396926207859083,0.3420201433256688,-0.812515199995,0.8205724688151842,0.00000_70.00000,0.82352847,1.2785254,0.0029559731,0.0067253113
L0000.ANS,0.0,80.0,9.99987840004,2002/01/00,0,16.87,TOTAL,1.2551,0.075628,microSv/hr,ICRP Pub. 103 EFFECTIVE DOSE,0.0,1.0,0.984807753012208,0.17364817766693041,-0.812515199995,0.8131943178693959,0.00000_80.00000,0.8162403,1.2619795,0.0030459762,0.006879449
L0000.ANS,0.0,90.0,9.99987840004,2002/01/00,0,17.05,TOTAL,1.246,0.07522,microSv/hr,ICRP Pub. 103 EFFECTIVE DOSE,0.0,1.0,1.0,6.123233995736766e-17,-0.812515199995,0.8091508563162514,0.00000_90.00000,0.8101016,1.2481364,0.0009507537,0.0021363497
L0000.ANS,0.0,100.0,9.99987840004,2002/01/00,0,17.08,TOTAL,1.2443,0.075159,microSv/hr,ICRP Pub. 103 EFFECTIVE DOSE,0.0,1.0,0.984807753012208,-0.1736481776669303,-0.812515199995,0.8083936685643318,0.00000_100.00000,0.8063642,1.2397498,-0.0020294785,-0.0045502186
L0000.ANS,0.0,110.0,9.99987840004,2002/01/00,0,16.95,TOTAL,1.2509,0.075427,microSv/hr,ICRP Pub. 103 EFFECTIVE DOSE,0.0,1.0,0.9396926207859084,-0.3420201433256687,-0.812515199995,0.8113301362376557,0.00000_110.00000,0.809792,1.2474405,-0.0015381575,-0.0034595728
L0000.ANS,0.0,120.0,9.99987840004,2002/01/00,0,16.72,TOTAL,1.2633,0.076099,microSv/hr,ICRP Pub. 103 EFFECTIVE DOSE,0.0,1.0,0.8660254037844387,-0.4999999999999998,-0.812515199995,0.8168239252535431,0.00000_120.00000,0.81144065,1.2511487,-0.005383253,-0.012151241
L0000.ANS,0.0,130.0,9.99987840004,2002/01/00,0,16.43,TOTAL,1.2782,0.077196,microSv/hr,ICRP Pub. 103 EFFECTIVE DOSE,0.0,1.0,0.766044443118978,-0.6427876096865394,-0.812515199995,0.8233856574836746,0.00000_130.00000,0.81951666,1.2694027,-0.003868997,-0.008797288
L0000.ANS,0.0,140.0,9.99987840004,2002/01/00,0,16.14,TOTAL,1.2936,0.07865,microSv/hr,ICRP Pub. 103 EFFECTIVE DOSE,0.0,1.0,0.6427876096865395,-0.7660444431189779,-0.812515199995,0.830122635587023,0.00000_140.00000,0.8237738,1.2790844,-0.0063488483,-0.014515638
L0000.ANS,0.0,150.0,9.99987840004,2002/01/00,0,15.88,TOTAL,1.3074,0.079966,microSv/hr,ICRP Pub. 103 EFFECTIVE DOSE,0.0,1.0,0.49999999999999994,-0.8660254037844387,-0.812515199995,0.8361213495110522,0.00000_150.00000,0.8357936,1.306644,-0.00032770634,-0.0007560253
L0000.ANS,0.0,160.0,9.99987840004,2002/01/00,0,15.66,TOTAL,1.3198,0.081206,microSv/hr,ICRP Pub. 103 EFFECTIVE DOSE,0.0,1.0,0.3420201433256689,-0.9396926207859083,-0.812515199995,0.8414809750656388,0.00000_160.00000,0.8391877,1.3144861,-0.0022932887,-0.0053138733
L0000.ANS,0.0,170.0,9.99987840004,2002/01/00,0,15.47,TOTAL,1.3305,0.082421,microSv/hr,ICRP Pub. 103 EFFECTIVE DOSE,0.0,1.0,0.17364817766693028,-0.984807753012208,-0.812515199995,0.8460828368306585,0.00000_170.00000,0.8381141,1.3120027,-0.007968783,-0.018497467
L0000.ANS,5.0,-179.99999,9.99987840004,2002/01/00,0,15.19,TOTAL,1.3473,0.083691,microSv/hr,ICRP Pub. 103 EFFECTIVE DOSE,0.08715574274765817,0.9961946980917455,-1.745329251238221e-07,-0.9999999999999848,-0.812515199995,0.8532657314527045,5.00000_-179.99999,0.8467034,1.3319467,-0.0065622926,-0.015353203
L0000.ANS,5.0,-170.0,9.99987840004,2002/01/00,0,14.93,TOTAL,1.3642,0.084207,microSv/hr,ICRP Pub. 103 EFFECTIVE DOSE,0.08715574274765817,0.9961946980917455,-0.17364817766693028,-0.984807753012208,-0.812515199995,0.8604396983341396,5.00000_-170.00000,0.86065805,1.3647163,0.00021833181,0.0005161762
L0000.ANS,5.0,-160.0,9.99987840004,2002/01/00,0,14.67,TOTAL,1.3806,0.085078,microSv/hr,ICRP Pub. 103 EFFECTIVE DOSE,0.08715574274765817,0.9961946980917455,-0.3420201433256689,-0.9396926207859083,-0.812515199995,0.8673525567516424,5.00000_-160.00000,0.86727935,1.3804257,-7.3194504e-05,-0.00017428398
L0000.ANS,5.0,-150.0,9.99987840004,2002/01/00,0,14.41,TOTAL,1.3977,0.086356,microSv/hr,ICRP Pub. 103 EFFECTIVE DOSE,0.08715574274765817,0.9961946980917455,-0.49999999999999994,-0.8660254037844387,-0.812515199995,0.874509944525588,5.00000_-150.00000,0.8757522,1.4006804,0.00124228,0.0029804707
L0000.ANS,5.0,-140.0,9.99987840004,2002/01/00,0,14.13,TOTAL,1.4157,0.087992,microSv/hr,ICRP Pub. 103 EFFECTIVE DOSE,0.08715574274765817,0.9961946980917455,-0.6427876096865395,-0.7660444431189779,-0.812515199995,0.881989100177134,5.00000_-140.00000,0.8782871,1.4067736,-0.0037020445,-0.008926511
L0000.ANS,5.0,-130.0,9.99987840004,2002/01/00,0,13.82,TOTAL,1.4374,0.090009,microSv/hr,ICRP Pub. 103 EFFECTIVE DOSE,0.08715574274765817,0.9961946980917455,-0.766044443118978,-0.6427876096865394,-0.812515199995,0.8909318974072649,5.00000_-130.00000,0.8871216,1.4281305,-0.0038102865,-0.009269476
L0000.ANS,5.0,-120.0,9.99987840004,2002/01/00,0,13.48,TOTAL,1.461,0.092772,microSv/hr,ICRP Pub. 103 EFFECTIVE DOSE,0.08715574274765817,0.9961946980917455,-0.8660254037844387,-0.4999999999999998,-0.812515199995,0.9005677714089189,5.00000_-120.00000,0.9036554,1.4686104,0.0030876398,0.0076104403
L0000.ANS,5.0,-110.0,9.99987840004,2002/01/00,0,13.03,TOTAL,1.4972,0.094109,microSv/hr,ICRP Pub. 103 EFFECTIVE DOSE,0.08715574274765817,0.9961946980917455,-0.9396926207859084,-0.3420201433256687,-0.812515199995,0.9151701042054521,5.00000_-110.00000,0.91450757,1.4955461,-0.00066256523,-0.0016539097
L0000.ANS,5.0,-100.0,9.99987840004,2002/01/00,0,12.52,TOTAL,1.5383,0.097111,microSv/hr,ICRP Pub. 103 EFFECTIVE DOSE,0.08715574274765817,0.9961946980917455,-0.984807753012208,-0.1736481776669303,-0.812515199995,0.9314945656164278,5.00000_-100.00000,0.9339476,1.5445342,0.0024530292,0.006234169
L0000.ANS,5.0,-90.0,9.99987840004,2002/01/00,0,12.18,TOTAL,1.5669,0.099669,microSv/hr,ICRP Pub. 103 EFFECTIVE DOSE,0.08715574274765817,0.9961946980917455,-1.0,6.123233995736766e-17,-0.812515199995,0.9426989451504566,5.00000_-90.00000,0.9475659,1.5794234,0.0048669577,0.012523413
L0000.ANS,5.0,-80.0,9.99987840004,2002/01/00,0,12.14,TOTAL,1.5701,0.10001,microSv/hr,ICRP Pub. 103 EFFECTIVE DOSE,0.08715574274765817,0.9961946980917455,-0.984807753012208,0.17364817766693041,-0.812515199995,0.943944808655971,5.00000_-80.00000,0.9476974,1.5797627,0.0037525892,0.009662628
L0000.ANS,5.0,-70.0,9.99987840004,2002/01/00,0,12.38,TOTAL,1.55,0.098056,microSv/hr,ICRP Pub. 103 EFFECTIVE DOSE,0.08715574274765817,0.9961946980917455,-0.9396926207859083,0.3420201433256688,-0.812515199995,0.9360933591703348,5.00000_-70.00000,0.93661976,1.5513427,0.0005264282,0.0013427734
